EventID,HitTop,HitMiddle,HitBottom,DecayTime_ns
0,SINGLE,0,0,1,False,-1
1,DOUBLE,1,0,1,False,-1
2,DOUBLE,1,0,1,False,-1
3,DOUBLE,1,0,1,False,-1
4,SINGLE,0,0,1,False,-1
5,SINGLE,0,0,1,False,-1
6,DOUBLE,1,0,1,False,-1
7,DOUBLE,1,0,1,False,-1
8,DOUBLE,1,0,1,False,-1
9,DOUBLE,1,0,1,False,-1
10,DOUBLE,1,0,1,False,-1
11,DOUBLE,1,0,1,False,-1
12,DOUBLE,1,0,1,False,-1
13,DOUBLE,1,0,1,False,-1
14,SINGLE,0,0,1,False,-1
15,DOUBLE,1,0,1,False,-1
16,SINGLE,0,0,1,False,-1
17,DOUBLE,1,0,1,False,-1
18,DOUBLE,1,0,1,False,-1
19,SINGLE,0,0,1,False,-1
20,SINGLE,0,0,1,False,-1
21,DOUBLE,1,0,1,False,-1
22,SINGLE,0,0,1,False,-1
23,DOUBLE,1,0,1,False,-1
24,DOUBLE,1,0,1,False,-1
25,DOUBLE,1,0,1,False,-1
26,DOUBLE,1,0,1,False,-1
27,SINGLE,0,0,1,False,-1
28,DOUBLE,1,0,1,False,-1
29,DOUBLE,1,0,1,False,-1
32,SINGLE,0,0,1,False,-1
33,SINGLE,0,0,1,False,-1
34,SINGLE,0,0,1,False,-1
35,DOUBLE,1,0,1,False,-1
36,SINGLE,0,0,1,False,-1
37,DOUBLE,1,0,1,False,-1
38,SINGLE,0,0,1,False,-1
39,DOUBLE,1,0,1,False,-1
40,DOUBLE,1,0,1,False,-1
42,DOUBLE,1,0,1,False,-1
43,DOUBLE,1,0,1,False,-1
44,SINGLE,0,0,1,False,-1
45,SINGLE,0,0,1,False,-1
46,SINGLE,0,0,1,False,-1
47,DOUBLE,1,0,1,False,-1
48,DOUBLE,1,0,1,False,-1
49,SINGLE,0,0,1,False,-1
50,SINGLE,0,0,1,False,-1
52,DOUBLE,1,0,1,False,-1
53,DOUBLE,1,0,1,False,-1
54,DOUBLE,1,0,1,False,-1
55,DOUBLE,1,0,1,False,-1
56,DOUBLE,1,0,1,False,-1
57,SINGLE,0,0,1,False,-1
58,SINGLE,0,0,1,False,-1
59,SINGLE,0,0,1,False,-1
60,SINGLE,0,0,1,False,-1
61,SINGLE,0,0,1,False,-1
62,DOUBLE,1,0,1,False,-1
64,DOUBLE,1,0,1,False,-1
65,SINGLE,0,0,1,False,-1
66,DOUBLE,1,0,1,False,-1
67,SINGLE,0,0,1,False,-1
68,SINGLE,0,0,1,False,-1
70,DOUBLE,1,0,1,False,-1
71,DOUBLE,1,0,1,False,-1
72,DOUBLE,1,0,1,False,-1
74,DOUBLE,1,0,1,False,-1
75,SINGLE,0,0,1,False,-1
76,DOUBLE,1,0,1,False,-1
79,DOUBLE,1,0,1,False,-1
80,DOUBLE,1,0,1,False,-1
81,DOUBLE,1,0,1,False,-1
83,DOUBLE,1,0,1,False,-1
84,SINGLE,0,0,1,False,-1
85,DOUBLE,1,0,1,False,-1
86,DOUBLE,1,0,1,False,-1
87,DOUBLE,1,0,1,False,-1
88,DOUBLE,1,0,1,False,-1
89,SINGLE,0,0,1,False,-1
90,DOUBLE,1,0,1,False,-1
91,DOUBLE,1,0,1,False,-1
92,SINGLE,0,0,1,False,-1
93,DOUBLE,1,0,1,False,-1
94,SINGLE,0,0,1,False,-1
95,DOUBLE,1,0,1,False,-1
96,DOUBLE,1,0,1,False,-1
97,DOUBLE,1,0,1,False,-1
98,DOUBLE,1,0,1,False,-1
99,SINGLE,0,0,1,False,-1
100,DOUBLE,1,0,1,False,-1
101,SINGLE,0,0,1,False,-1
102,DOUBLE,1,0,1,False,-1
103,SINGLE,0,0,1,False,-1
104,DOUBLE,1,0,1,False,-1
105,DOUBLE,1,0,1,False,-1
107,SINGLE,0,0,1,False,-1
108,DOUBLE,1,0,1,False,-1
109,SINGLE,0,0,1,False,-1
110,DOUBLE,1,0,1,False,-1
111,SINGLE,0,0,1,False,-1
112,DOUBLE,1,0,1,False,-1
113,DOUBLE,1,0,1,False,-1
114,DOUBLE,1,0,1,False,-1
115,DOUBLE,1,0,1,False,-1
116,SINGLE,0,0,1,False,-1
117,DOUBLE,1,0,1,False,-1
118,DOUBLE,1,0,1,False,-1
119,DOUBLE,1,0,1,False,-1
120,SINGLE,0,0,1,False,-1
121,DOUBLE,1,0,1,False,-1
122,DOUBLE,1,0,1,False,-1
123,SINGLE,0,0,1,False,-1
124,DOUBLE,1,0,1,False,-1
125,SINGLE,0,0,1,False,-1
126,DOUBLE,1,0,1,False,-1
127,DOUBLE,1,0,1,False,-1
128,SINGLE,0,0,1,False,-1
129,SINGLE,0,0,1,False,-1
130,SINGLE,0,0,1,False,-1
131,SINGLE,0,0,1,False,-1
132,DOUBLE,1,0,1,False,-1
134,DOUBLE,1,0,1,False,-1
135,DOUBLE,1,0,1,False,-1
136,SINGLE,0,0,1,False,-1
139,DOUBLE,1,0,1,False,-1
140,SINGLE,0,0,1,False,-1
142,DOUBLE,1,0,1,False,-1
143,SINGLE,0,0,1,False,-1
144,DOUBLE,1,0,1,False,-1
145,DOUBLE,1,0,1,False,-1
146,DOUBLE,1,0,1,False,-1
147,SINGLE,0,0,1,False,-1
148,SINGLE,0,0,1,False,-1
149,DOUBLE,1,0,1,False,-1
150,DOUBLE,1,0,1,False,-1
151,SINGLE,0,0,1,False,-1
152,DOUBLE,1,0,1,False,-1
153,DOUBLE,1,0,1,False,-1
154,DOUBLE,1,0,1,False,-1
156,SINGLE,0,0,1,False,-1
157,DOUBLE,1,0,1,False,-1
158,DOUBLE,1,0,1,False,-1
159,SINGLE,0,0,1,False,-1
160,DOUBLE,1,0,1,False,-1
161,DOUBLE,1,0,1,False,-1
162,DOUBLE,0,1,1,False,-1
163,TRIPLE,1,1,1,False,-1
164,SINGLE,0,0,1,False,-1
165,SINGLE,0,0,1,False,-1
166,SINGLE,0,0,1,False,-1
167,DOUBLE,1,0,1,False,-1
168,SINGLE,0,0,1,False,-1
169,SINGLE,0,0,1,False,-1
170,DOUBLE,1,0,1,False,-1
171,DOUBLE,1,0,1,False,-1
172,DOUBLE,1,0,1,False,-1
173,SINGLE,0,0,1,False,-1
174,SINGLE,0,0,1,False,-1
175,SINGLE,0,0,1,False,-1
176,DOUBLE,1,0,1,False,-1
177,SINGLE,0,0,1,False,-1
179,SINGLE,0,0,1,False,-1
180,DOUBLE,1,0,1,False,-1
181,DOUBLE,1,0,1,False,-1
182,DOUBLE,1,0,1,False,-1
184,SINGLE,0,0,1,False,-1
186,DOUBLE,1,0,1,False,-1
187,DOUBLE,1,0,1,False,-1
188,DOUBLE,1,0,1,False,-1
189,SINGLE,0,0,1,False,-1
190,SINGLE,0,0,1,False,-1
192,DOUBLE,1,0,1,False,-1
193,SINGLE,0,0,1,False,-1
194,DOUBLE,1,0,1,False,-1
195,SINGLE,0,0,1,False,-1
196,DOUBLE,1,0,1,False,-1
197,SINGLE,0,0,1,False,-1
198,DOUBLE,1,0,1,False,-1
199,DOUBLE,1,0,1,False,-1
200,DOUBLE,1,0,1,False,-1
201,SINGLE,0,0,1,False,-1
202,DOUBLE,1,0,1,False,-1
203,SINGLE,0,0,1,False,-1
204,DOUBLE,1,0,1,False,-1
205,SINGLE,0,0,1,False,-1
208,DOUBLE,1,0,1,False,-1
209,DOUBLE,1,0,1,False,-1
210,DOUBLE,1,0,1,False,-1
211,DOUBLE,1,0,1,False,-1
212,SINGLE,0,0,1,False,-1
213,SINGLE,0,0,1,False,-1
214,SINGLE,0,0,1,False,-1
215,DOUBLE,1,0,1,False,-1
216,DOUBLE,1,0,1,False,-1
217,DOUBLE,1,0,1,False,-1
218,DOUBLE,1,0,1,False,-1
219,SINGLE,0,0,1,False,-1
220,SINGLE,0,0,1,False,-1
221,DOUBLE,1,0,1,False,-1
222,DOUBLE,1,0,1,False,-1
225,DOUBLE,0,1,1,False,-1
226,DOUBLE,1,0,1,False,-1
227,SINGLE,0,0,1,False,-1
228,SINGLE,0,0,1,False,-1
230,DOUBLE,1,0,1,False,-1
231,DOUBLE,1,0,1,False,-1
232,SINGLE,0,0,1,False,-1
233,DOUBLE,1,0,1,False,-1
234,DOUBLE,1,0,1,False,-1
235,SINGLE,0,0,1,False,-1
236,SINGLE,0,0,1,False,-1
237,SINGLE,0,0,1,False,-1
238,DOUBLE,1,0,1,False,-1
239,DOUBLE,1,0,1,False,-1
240,DOUBLE,1,0,1,False,-1
241,DOUBLE,1,0,1,False,-1
242,SINGLE,0,0,1,False,-1
243,SINGLE,0,0,1,False,-1
244,DOUBLE,1,0,1,False,-1
245,DOUBLE,1,0,1,False,-1
246,SINGLE,0,0,1,False,-1
247,SINGLE,0,0,1,False,-1
248,DOUBLE,1,0,1,False,-1
249,DOUBLE,1,0,1,False,-1
250,SINGLE,0,0,1,False,-1
251,DOUBLE,1,0,1,False,-1
252,SINGLE,0,0,1,False,-1
254,SINGLE,0,0,1,False,-1
255,DOUBLE,1,0,1,False,-1
256,SINGLE,0,0,1,False,-1
257,DOUBLE,1,0,1,False,-1
258,SINGLE,0,0,1,False,-1
259,DOUBLE,1,0,1,False,-1
260,SINGLE,0,1,0,False,-1
261,DOUBLE,1,0,1,False,-1
263,SINGLE,0,0,1,False,-1
264,DOUBLE,1,0,1,False,-1
265,DOUBLE,1,0,1,False,-1
267,SINGLE,0,0,1,False,-1
268,DOUBLE,1,0,1,False,-1
269,SINGLE,0,0,1,False,-1
270,DOUBLE,1,0,1,False,-1
274,DOUBLE,1,0,1,False,-1
275,SINGLE,0,0,1,False,-1
276,DOUBLE,1,0,1,False,-1
277,DOUBLE,1,0,1,False,-1
279,SINGLE,0,0,1,False,-1
281,DOUBLE,1,0,1,False,-1
282,DOUBLE,1,0,1,False,-1
283,SINGLE,0,0,1,False,-1
284,SINGLE,0,0,1,False,-1
285,DOUBLE,1,0,1,False,-1
286,DOUBLE,1,0,1,False,-1
287,SINGLE,0,0,1,False,-1
288,DOUBLE,1,0,1,False,-1
289,DOUBLE,1,0,1,False,-1
290,DOUBLE,1,0,1,False,-1
291,SINGLE,0,0,1,False,-1
292,DOUBLE,1,0,1,False,-1
293,DOUBLE,1,0,1,False,-1
294,SINGLE,0,0,1,False,-1
295,DOUBLE,1,0,1,False,-1
296,DOUBLE,1,0,1,False,-1
297,DOUBLE,1,0,1,False,-1
298,DOUBLE,1,0,1,False,-1
299,SINGLE,0,0,1,False,-1
300,DOUBLE,1,0,1,False,-1
301,SINGLE,0,0,1,False,-1
302,DOUBLE,1,0,1,False,-1
303,DOUBLE,1,0,1,False,-1
304,DOUBLE,1,0,1,False,-1
305,SINGLE,0,0,1,False,-1
306,SINGLE,0,0,1,False,-1
307,SINGLE,0,0,1,False,-1
308,SINGLE,0,0,1,False,-1
309,SINGLE,0,0,1,False,-1
311,DOUBLE,1,0,1,False,-1
312,DOUBLE,1,0,1,False,-1
314,DOUBLE,1,0,1,False,-1
315,DOUBLE,1,0,1,False,-1
316,DOUBLE,1,0,1,False,-1
317,SINGLE,0,0,1,False,-1
318,SINGLE,0,0,1,False,-1
319,SINGLE,0,0,1,False,-1
320,DOUBLE,1,0,1,False,-1
322,SINGLE,0,0,1,False,-1
323,DOUBLE,1,0,1,False,-1
324,SINGLE,0,0,1,False,-1
325,DOUBLE,1,0,1,False,-1
326,SINGLE,0,0,1,False,-1
327,DOUBLE,1,0,1,False,-1
328,SINGLE,0,0,1,False,-1
329,DOUBLE,1,0,1,False,-1
330,DOUBLE,1,0,1,False,-1
331,DOUBLE,1,0,1,False,-1
332,DOUBLE,1,0,1,False,-1
333,SINGLE,0,0,1,False,-1
335,SINGLE,0,0,1,False,-1
337,DOUBLE,1,0,1,False,-1
338,DOUBLE,1,0,1,False,-1
339,SINGLE,0,0,1,False,-1
340,SINGLE,0,0,1,False,-1
341,DOUBLE,1,0,1,False,-1
342,DOUBLE,1,0,1,False,-1
343,DOUBLE,1,0,1,False,-1
344,SINGLE,0,0,1,False,-1
346,DOUBLE,1,0,1,False,-1
347,DOUBLE,1,0,1,False,-1
348,DOUBLE,1,0,1,False,-1
349,DOUBLE,1,0,1,False,-1
350,DOUBLE,1,0,1,False,-1
351,DOUBLE,1,0,1,False,-1
352,SINGLE,0,0,1,False,-1
353,DOUBLE,1,0,1,False,-1
354,DOUBLE,1,0,1,False,-1
355,SINGLE,0,0,1,False,-1
356,DOUBLE,1,0,1,False,-1
357,SINGLE,0,0,1,False,-1
358,DOUBLE,1,0,1,False,-1
359,SINGLE,0,0,1,False,-1
360,SINGLE,0,0,1,False,-1
361,SINGLE,0,0,1,False,-1
363,SINGLE,0,0,1,False,-1
364,DOUBLE,1,0,1,False,-1
365,DOUBLE,1,0,1,False,-1
366,DOUBLE,1,0,1,False,-1
367,DOUBLE,1,0,1,False,-1
368,DOUBLE,1,0,1,False,-1
369,DOUBLE,1,0,1,False,-1
370,SINGLE,0,0,1,False,-1
371,DOUBLE,1,0,1,False,-1
373,SINGLE,0,0,1,False,-1
375,SINGLE,0,0,1,False,-1
376,SINGLE,0,0,1,False,-1
377,SINGLE,0,0,1,False,-1
378,DOUBLE,1,0,1,False,-1
379,SINGLE,0,0,1,False,-1
380,DOUBLE,1,0,1,False,-1
381,DOUBLE,1,0,1,False,-1
382,DOUBLE,1,0,1,False,-1
383,DOUBLE,1,0,1,False,-1
384,SINGLE,0,0,1,False,-1
385,DOUBLE,1,0,1,False,-1
388,DOUBLE,1,0,1,False,-1
389,SINGLE,0,0,1,False,-1
391,DOUBLE,1,0,1,False,-1
392,SINGLE,0,0,1,False,-1
393,SINGLE,0,0,1,False,-1
395,SINGLE,0,0,1,False,-1
396,DOUBLE,1,0,1,False,-1
397,DOUBLE,1,0,1,False,-1
398,SINGLE,0,0,1,False,-1
399,SINGLE,0,0,1,False,-1
400,DOUBLE,1,0,1,False,-1
401,DOUBLE,1,0,1,False,-1
403,SINGLE,0,0,1,False,-1
404,DOUBLE,1,0,1,False,-1
405,DOUBLE,1,0,1,False,-1
406,DOUBLE,1,0,1,False,-1
407,SINGLE,0,0,1,False,-1
408,DOUBLE,1,0,1,False,-1
409,DOUBLE,1,0,1,False,-1
410,DOUBLE,1,0,1,False,-1
412,SINGLE,0,0,1,False,-1
413,DOUBLE,1,0,1,False,-1
415,DOUBLE,1,0,1,False,-1
416,DOUBLE,1,0,1,False,-1
417,SINGLE,0,0,1,False,-1
418,DOUBLE,1,0,1,False,-1
419,TRIPLE,1,1,1,False,-1
420,DOUBLE,1,0,1,False,-1
421,DOUBLE,1,0,1,False,-1
422,DOUBLE,1,0,1,False,-1
423,DOUBLE,1,0,1,False,-1
424,DOUBLE,1,0,1,False,-1
425,DOUBLE,1,0,1,False,-1
426,DOUBLE,1,0,1,False,-1
427,SINGLE,0,0,1,False,-1
428,DOUBLE,1,0,1,False,-1
429,DOUBLE,1,0,1,False,-1
431,SINGLE,0,0,1,False,-1
433,DOUBLE,1,0,1,False,-1
434,SINGLE,0,0,1,False,-1
435,SINGLE,0,0,1,False,-1
436,DOUBLE,1,0,1,False,-1
437,SINGLE,0,0,1,False,-1
438,DOUBLE,1,0,1,False,-1
440,SINGLE,0,0,1,False,-1
441,DOUBLE,1,0,1,False,-1
442,SINGLE,0,0,1,False,-1
443,DOUBLE,1,0,1,False,-1
444,DOUBLE,1,0,1,False,-1
445,DOUBLE,1,0,1,False,-1
446,DOUBLE,1,0,1,False,-1
447,DOUBLE,1,0,1,False,-1
449,SINGLE,0,0,1,False,-1
450,SINGLE,0,0,1,False,-1
452,SINGLE,0,0,1,False,-1
453,DOUBLE,1,0,1,False,-1
454,SINGLE,0,0,1,False,-1
456,DOUBLE,1,0,1,False,-1
457,DOUBLE,1,0,1,False,-1
458,SINGLE,0,0,1,False,-1
459,DOUBLE,1,0,1,False,-1
460,SINGLE,0,0,1,False,-1
461,DOUBLE,1,0,1,False,-1
462,DOUBLE,1,0,1,False,-1
463,SINGLE,0,0,1,False,-1
464,DOUBLE,1,0,1,False,-1
465,SINGLE,0,0,1,False,-1
466,SINGLE,0,0,1,False,-1
467,DOUBLE,1,0,1,False,-1
468,SINGLE,0,0,1,False,-1
469,DOUBLE,1,0,1,False,-1
470,SINGLE,0,0,1,False,-1
471,SINGLE,0,0,1,False,-1
472,DOUBLE,1,0,1,False,-1
474,DOUBLE,1,0,1,False,-1
475,SINGLE,0,0,1,False,-1
476,DOUBLE,1,0,1,False,-1
477,DOUBLE,1,0,1,False,-1
478,SINGLE,0,0,1,False,-1
479,DOUBLE,1,0,1,False,-1
480,DOUBLE,1,0,1,False,-1
481,DOUBLE,1,0,1,False,-1
482,SINGLE,0,0,1,False,-1
483,DOUBLE,1,0,1,False,-1
484,DOUBLE,1,0,1,False,-1
485,DOUBLE,1,0,1,False,-1
486,DOUBLE,1,0,1,False,-1
487,SINGLE,0,0,1,False,-1
488,DOUBLE,1,0,1,False,-1
489,DOUBLE,1,0,1,False,-1
490,SINGLE,0,0,1,False,-1
491,SINGLE,0,0,1,False,-1
492,DOUBLE,1,0,1,False,-1
493,DOUBLE,1,0,1,False,-1
494,DOUBLE,1,0,1,False,-1
495,DOUBLE,1,0,1,False,-1
496,DOUBLE,1,0,1,False,-1
497,SINGLE,0,0,1,False,-1
498,DOUBLE,1,0,1,False,-1
499,DOUBLE,1,0,1,False,-1
500,DOUBLE,1,0,1,False,-1
501,DOUBLE,1,0,1,False,-1
502,SINGLE,0,0,1,False,-1
503,SINGLE,0,0,1,False,-1
504,DOUBLE,1,0,1,False,-1
505,DOUBLE,1,0,1,False,-1
506,SINGLE,0,0,1,False,-1
508,DOUBLE,1,0,1,False,-1
509,DOUBLE,1,0,1,False,-1
510,SINGLE,0,0,1,False,-1
512,DOUBLE,1,0,1,False,-1
513,DOUBLE,1,0,1,False,-1
514,SINGLE,0,0,1,False,-1
515,DOUBLE,1,0,1,False,-1
517,SINGLE,0,0,1,False,-1
518,SINGLE,0,0,1,False,-1
519,SINGLE,0,0,1,False,-1
520,SINGLE,0,0,1,False,-1
522,DOUBLE,1,0,1,False,-1
523,SINGLE,0,0,1,False,-1
524,SINGLE,0,0,1,False,-1
525,SINGLE,0,0,1,False,-1
526,DOUBLE,1,0,1,False,-1
528,SINGLE,0,0,1,False,-1
529,SINGLE,0,0,1,False,-1
530,DOUBLE,1,0,1,False,-1
531,DOUBLE,1,0,1,False,-1
532,SINGLE,0,0,1,False,-1
533,SINGLE,0,0,1,False,-1
534,DOUBLE,1,0,1,False,-1
536,DOUBLE,1,0,1,False,-1
537,SINGLE,0,0,1,False,-1
538,SINGLE,0,0,1,False,-1
539,SINGLE,0,0,1,False,-1
540,SINGLE,0,0,1,False,-1
541,SINGLE,0,0,1,False,-1
542,SINGLE,0,0,1,False,-1
543,DOUBLE,1,0,1,False,-1
544,SINGLE,0,0,1,False,-1
545,DOUBLE,1,0,1,False,-1
546,DOUBLE,1,0,1,False,-1
547,SINGLE,0,0,1,False,-1
548,SINGLE,0,0,1,False,-1
549,SINGLE,0,0,1,False,-1
550,SINGLE,0,0,1,False,-1
551,SINGLE,0,0,1,False,-1
552,DOUBLE,1,0,1,False,-1
553,DOUBLE,1,0,1,False,-1
554,DOUBLE,1,0,1,False,-1
555,DOUBLE,1,0,1,False,-1
556,DOUBLE,0,1,1,False,-1
557,DOUBLE,1,0,1,False,-1
558,SINGLE,0,0,1,False,-1
559,SINGLE,0,0,1,False,-1
560,SINGLE,0,0,1,False,-1
562,SINGLE,0,0,1,False,-1
563,SINGLE,0,0,1,False,-1
564,SINGLE,0,0,1,False,-1
565,SINGLE,0,0,1,False,-1
566,SINGLE,0,0,1,False,-1
567,DOUBLE,1,0,1,False,-1
568,SINGLE,0,0,1,False,-1
569,DOUBLE,1,0,1,False,-1
570,SINGLE,0,0,1,False,-1
571,DOUBLE,1,0,1,False,-1
572,SINGLE,0,0,1,False,-1
573,DOUBLE,1,0,1,False,-1
574,DOUBLE,1,0,1,False,-1
575,SINGLE,0,0,1,False,-1
576,DOUBLE,1,0,1,False,-1
577,SINGLE,0,0,1,False,-1
578,DOUBLE,1,0,1,False,-1
580,DOUBLE,1,0,1,False,-1
581,DOUBLE,1,0,1,False,-1
582,DOUBLE,1,0,1,False,-1
583,DOUBLE,1,0,1,False,-1
584,DOUBLE,1,0,1,False,-1
585,DOUBLE,1,0,1,False,-1
586,DOUBLE,1,0,1,False,-1
587,DOUBLE,1,0,1,False,-1
588,SINGLE,0,0,1,False,-1
589,SINGLE,0,0,1,False,-1
590,DOUBLE,1,0,1,False,-1
591,DOUBLE,1,0,1,False,-1
592,SINGLE,0,0,1,False,-1
593,DOUBLE,1,0,1,False,-1
594,SINGLE,0,0,1,False,-1
595,DOUBLE,1,0,1,False,-1
596,DOUBLE,1,0,1,False,-1
597,DOUBLE,1,0,1,False,-1
598,DOUBLE,1,0,1,False,-1
599,DOUBLE,1,0,1,False,-1
600,DOUBLE,1,0,1,False,-1
601,SINGLE,0,0,1,False,-1
602,SINGLE,0,0,1,False,-1
603,SINGLE,0,0,1,False,-1
604,DOUBLE,1,0,1,False,-1
605,SINGLE,0,0,1,False,-1
607,SINGLE,0,0,1,False,-1
608,DOUBLE,1,0,1,False,-1
609,SINGLE,0,0,1,False,-1
610,SINGLE,0,0,1,False,-1
611,SINGLE,0,0,1,False,-1
612,DOUBLE,1,0,1,False,-1
613,DOUBLE,1,0,1,False,-1
614,SINGLE,0,0,1,False,-1
615,SINGLE,0,0,1,False,-1
616,SINGLE,0,0,1,False,-1
617,DOUBLE,1,0,1,False,-1
618,DOUBLE,1,0,1,False,-1
619,SINGLE,0,0,1,False,-1
620,SINGLE,0,0,1,False,-1
622,SINGLE,0,0,1,False,-1
623,DOUBLE,1,0,1,False,-1
624,SINGLE,0,0,1,False,-1
625,DOUBLE,1,0,1,False,-1
626,SINGLE,0,0,1,False,-1
627,DOUBLE,1,0,1,False,-1
628,DOUBLE,1,0,1,False,-1
629,SINGLE,0,0,1,False,-1
630,SINGLE,0,0,1,False,-1
631,SINGLE,0,0,1,False,-1
632,DOUBLE,1,0,1,False,-1
633,SINGLE,0,0,1,False,-1
634,DOUBLE,1,0,1,False,-1
635,DOUBLE,1,0,1,False,-1
636,SINGLE,0,0,1,False,-1
637,DOUBLE,1,0,1,False,-1
638,DOUBLE,1,0,1,False,-1
639,DOUBLE,1,0,1,False,-1
640,DOUBLE,1,0,1,False,-1
641,DOUBLE,1,0,1,False,-1
642,DOUBLE,1,0,1,False,-1
643,SINGLE,0,0,1,False,-1
644,SINGLE,0,0,1,False,-1
645,SINGLE,0,0,1,False,-1
646,DOUBLE,1,0,1,False,-1
647,DOUBLE,1,0,1,False,-1
648,SINGLE,0,0,1,False,-1
649,SINGLE,0,0,1,False,-1
650,DOUBLE,1,0,1,False,-1
651,DOUBLE,1,0,1,False,-1
652,DOUBLE,1,0,1,False,-1
653,DOUBLE,1,0,1,False,-1
654,SINGLE,0,0,1,False,-1
655,SINGLE,0,0,1,False,-1
656,DOUBLE,1,0,1,False,-1
658,SINGLE,0,0,1,False,-1
661,DOUBLE,1,0,1,False,-1
662,SINGLE,0,0,1,False,-1
663,DOUBLE,1,0,1,False,-1
664,SINGLE,0,0,1,False,-1
666,SINGLE,0,0,1,False,-1
667,DOUBLE,1,0,1,False,-1
668,DOUBLE,1,0,1,False,-1
669,DOUBLE,1,0,1,False,-1
670,SINGLE,0,0,1,False,-1
671,TRIPLE,1,1,1,False,-1
672,DOUBLE,1,0,1,False,-1
673,DOUBLE,1,0,1,False,-1
675,SINGLE,0,0,1,False,-1
676,DOUBLE,1,0,1,False,-1
677,SINGLE,0,0,1,False,-1
678,SINGLE,0,0,1,False,-1
679,DOUBLE,1,0,1,False,-1
680,SINGLE,0,0,1,False,-1
681,SINGLE,0,0,1,False,-1
682,DOUBLE,1,0,1,False,-1
683,SINGLE,0,0,1,False,-1
685,SINGLE,0,0,1,False,-1
686,DOUBLE,1,0,1,False,-1
687,DOUBLE,1,0,1,False,-1
688,DOUBLE,1,0,1,False,-1
690,DOUBLE,1,0,1,False,-1
691,DOUBLE,1,0,1,False,-1
692,DOUBLE,1,0,1,False,-1
693,DOUBLE,1,0,1,False,-1
694,DOUBLE,1,0,1,False,-1
695,DOUBLE,1,0,1,False,-1
696,SINGLE,0,0,1,False,-1
697,SINGLE,0,0,1,False,-1
698,DOUBLE,1,0,1,False,-1
699,DOUBLE,1,0,1,False,-1
700,SINGLE,0,0,1,False,-1
701,SINGLE,0,0,1,False,-1
702,SINGLE,0,0,1,False,-1
704,DOUBLE,1,0,1,False,-1
705,DOUBLE,1,0,1,False,-1
706,SINGLE,0,0,1,False,-1
707,DOUBLE,1,0,1,False,-1
708,DOUBLE,1,0,1,False,-1
709,DOUBLE,1,0,1,False,-1
710,SINGLE,0,0,1,False,-1
711,SINGLE,0,0,1,False,-1
712,SINGLE,0,0,1,False,-1
713,DOUBLE,1,0,1,False,-1
714,DOUBLE,1,0,1,False,-1
715,DOUBLE,1,0,1,False,-1
717,DOUBLE,1,0,1,False,-1
718,DOUBLE,1,0,1,False,-1
719,SINGLE,0,0,1,False,-1
720,SINGLE,0,0,1,False,-1
721,DOUBLE,1,0,1,False,-1
722,DOUBLE,1,0,1,False,-1
723,SINGLE,0,0,1,False,-1
724,SINGLE,0,0,1,False,-1
725,DOUBLE,1,0,1,False,-1
726,DOUBLE,1,0,1,False,-1
727,SINGLE,0,0,1,False,-1
728,DOUBLE,1,0,1,False,-1
729,SINGLE,0,0,1,False,-1
730,DOUBLE,0,1,1,False,-1
731,DOUBLE,1,0,1,False,-1
732,SINGLE,0,0,1,False,-1
733,DOUBLE,1,0,1,False,-1
734,DOUBLE,1,0,1,False,-1
735,SINGLE,0,0,1,False,-1
736,DOUBLE,1,0,1,False,-1
737,DOUBLE,1,0,1,False,-1
738,DOUBLE,0,1,1,False,-1
739,SINGLE,0,0,1,False,-1
740,SINGLE,0,0,1,False,-1
741,DOUBLE,1,0,1,False,-1
742,DOUBLE,1,0,1,False,-1
743,DOUBLE,1,0,1,False,-1
745,SINGLE,0,0,1,False,-1
746,SINGLE,0,0,1,False,-1
747,DOUBLE,1,0,1,False,-1
748,DOUBLE,1,0,1,False,-1
749,SINGLE,0,0,1,False,-1
750,SINGLE,0,0,1,False,-1
751,SINGLE,0,0,1,False,-1
752,DOUBLE,1,0,1,False,-1
753,SINGLE,0,0,1,False,-1
754,SINGLE,0,0,1,False,-1
755,SINGLE,0,0,1,False,-1
757,SINGLE,0,0,1,False,-1
758,DOUBLE,1,0,1,False,-1
759,DOUBLE,1,0,1,False,-1
760,SINGLE,0,0,1,False,-1
761,DOUBLE,1,0,1,False,-1
762,SINGLE,0,0,1,False,-1
763,DOUBLE,1,0,1,False,-1
764,DOUBLE,1,0,1,False,-1
766,DOUBLE,1,0,1,False,-1
767,SINGLE,0,0,1,False,-1
768,DOUBLE,1,0,1,False,-1
769,SINGLE,0,0,1,False,-1
770,DOUBLE,1,0,1,False,-1
771,DOUBLE,1,0,1,False,-1
772,SINGLE,0,0,1,False,-1
773,SINGLE,0,0,1,False,-1
774,DOUBLE,1,0,1,False,-1
775,DOUBLE,1,0,1,False,-1
776,DOUBLE,1,0,1,False,-1
778,SINGLE,0,0,1,False,-1
779,DOUBLE,1,0,1,False,-1
780,SINGLE,0,0,1,False,-1
781,SINGLE,0,0,1,False,-1
782,SINGLE,0,0,1,False,-1
783,DOUBLE,1,0,1,False,-1
784,SINGLE,0,0,1,False,-1
785,SINGLE,0,0,1,False,-1
786,SINGLE,0,0,1,False,-1
787,SINGLE,0,0,1,False,-1
788,DOUBLE,1,0,1,False,-1
790,SINGLE,0,0,1,False,-1
791,SINGLE,0,0,1,False,-1
792,SINGLE,0,0,1,False,-1
795,DOUBLE,1,0,1,False,-1
796,DOUBLE,1,0,1,False,-1
797,DOUBLE,1,0,1,False,-1
798,DOUBLE,1,0,1,False,-1
800,DOUBLE,1,0,1,False,-1
801,DOUBLE,1,0,1,False,-1
802,DOUBLE,1,0,1,False,-1
803,SINGLE,0,0,1,False,-1
804,DOUBLE,1,0,1,False,-1
805,SINGLE,0,0,1,False,-1
806,DOUBLE,1,0,1,False,-1
807,SINGLE,0,0,1,False,-1
808,DOUBLE,1,0,1,False,-1
809,SINGLE,0,0,1,False,-1
810,DOUBLE,1,0,1,False,-1
811,DOUBLE,1,0,1,False,-1
812,DOUBLE,0,1,1,False,-1
813,DOUBLE,1,0,1,False,-1
814,SINGLE,0,0,1,False,-1
816,DOUBLE,1,0,1,False,-1
817,DOUBLE,1,0,1,False,-1
818,DOUBLE,1,0,1,False,-1
819,DOUBLE,1,0,1,False,-1
820,DOUBLE,1,0,1,False,-1
821,SINGLE,0,0,1,False,-1
822,DOUBLE,1,0,1,False,-1
823,DOUBLE,1,0,1,False,-1
824,SINGLE,0,0,1,False,-1
825,DOUBLE,1,0,1,False,-1
826,DOUBLE,1,0,1,False,-1
827,SINGLE,0,0,1,False,-1
829,DOUBLE,1,0,1,False,-1
830,DOUBLE,1,0,1,False,-1
831,DOUBLE,1,0,1,False,-1
832,SINGLE,0,0,1,False,-1
833,SINGLE,0,0,1,False,-1
835,DOUBLE,1,0,1,False,-1
836,DOUBLE,1,0,1,False,-1
837,DOUBLE,0,1,1,False,-1
838,TRIPLE,1,1,1,False,-1
839,SINGLE,0,0,1,False,-1
841,SINGLE,0,0,1,False,-1
842,SINGLE,0,0,1,False,-1
843,SINGLE,0,0,1,False,-1
844,DOUBLE,1,0,1,False,-1
845,DOUBLE,1,0,1,False,-1
846,DOUBLE,1,0,1,False,-1
847,SINGLE,0,0,1,False,-1
848,DOUBLE,1,0,1,False,-1
849,SINGLE,0,0,1,False,-1
850,DOUBLE,1,0,1,False,-1
851,SINGLE,0,0,1,False,-1
852,SINGLE,0,0,1,False,-1
853,SINGLE,0,0,1,False,-1
854,SINGLE,0,0,1,False,-1
855,DOUBLE,1,0,1,False,-1
856,DOUBLE,1,0,1,False,-1
857,DOUBLE,1,0,1,False,-1
858,DOUBLE,1,0,1,False,-1
859,SINGLE,0,0,1,False,-1
860,DOUBLE,1,0,1,False,-1
861,SINGLE,0,0,1,False,-1
862,SINGLE,0,0,1,False,-1
864,SINGLE,0,0,1,False,-1
865,SINGLE,0,0,1,False,-1
866,SINGLE,0,0,1,False,-1
867,DOUBLE,1,0,1,False,-1
868,DOUBLE,1,0,1,False,-1
870,SINGLE,0,0,1,False,-1
871,DOUBLE,1,0,1,False,-1
872,DOUBLE,1,0,1,False,-1
873,DOUBLE,1,0,1,False,-1
874,DOUBLE,1,0,1,False,-1
875,DOUBLE,1,0,1,False,-1
876,SINGLE,0,0,1,False,-1
877,SINGLE,0,0,1,False,-1
878,DOUBLE,1,0,1,False,-1
879,DOUBLE,1,0,1,False,-1
881,SINGLE,0,0,1,False,-1
882,DOUBLE,1,0,1,False,-1
883,SINGLE,0,0,1,False,-1
884,SINGLE,0,0,1,False,-1
885,DOUBLE,1,0,1,False,-1
887,DOUBLE,1,0,1,False,-1
888,SINGLE,0,0,1,False,-1
889,DOUBLE,1,0,1,False,-1
890,SINGLE,0,0,1,False,-1
891,DOUBLE,1,0,1,False,-1
892,DOUBLE,1,0,1,False,-1
893,SINGLE,0,0,1,False,-1
894,DOUBLE,1,0,1,False,-1
895,SINGLE,0,0,1,False,-1
896,DOUBLE,1,0,1,False,-1
897,SINGLE,0,0,1,False,-1
898,DOUBLE,1,0,1,False,-1
899,SINGLE,0,0,1,False,-1
900,DOUBLE,1,0,1,False,-1
901,DOUBLE,0,1,1,False,-1
902,SINGLE,0,0,1,False,-1
903,DOUBLE,1,0,1,False,-1
905,SINGLE,0,0,1,False,-1
906,SINGLE,0,0,1,False,-1
907,DOUBLE,1,0,1,False,-1
908,DOUBLE,1,0,1,False,-1
909,DOUBLE,1,0,1,False,-1
910,DOUBLE,1,0,1,False,-1
911,SINGLE,0,0,1,False,-1
912,SINGLE,0,0,1,False,-1
913,SINGLE,0,0,1,False,-1
914,SINGLE,0,0,1,False,-1
915,DOUBLE,1,0,1,False,-1
916,SINGLE,0,0,1,False,-1
917,DOUBLE,1,0,1,False,-1
918,DOUBLE,1,0,1,False,-1
919,SINGLE,0,0,1,False,-1
920,SINGLE,0,0,1,False,-1
921,DOUBLE,1,0,1,False,-1
922,SINGLE,0,0,1,False,-1
923,SINGLE,0,0,1,False,-1
924,SINGLE,0,0,1,False,-1
926,DOUBLE,1,0,1,False,-1
928,DOUBLE,1,0,1,False,-1
929,DOUBLE,1,0,1,False,-1
930,SINGLE,0,0,1,False,-1
931,DOUBLE,1,0,1,False,-1
932,SINGLE,0,0,1,False,-1
933,DOUBLE,1,0,1,False,-1
934,DOUBLE,1,0,1,False,-1
935,SINGLE,0,0,1,False,-1
936,DOUBLE,1,0,1,False,-1
937,DOUBLE,1,0,1,False,-1
938,DOUBLE,1,0,1,False,-1
939,SINGLE,0,0,1,False,-1
940,SINGLE,0,0,1,False,-1
941,SINGLE,0,0,1,False,-1
942,DOUBLE,1,0,1,False,-1
943,TRIPLE,1,1,1,False,-1
944,SINGLE,0,0,1,False,-1
945,DOUBLE,1,0,1,False,-1
946,DOUBLE,0,1,1,False,-1
947,SINGLE,0,0,1,False,-1
949,SINGLE,0,0,1,False,-1
950,DOUBLE,1,0,1,False,-1
951,DOUBLE,1,0,1,False,-1
952,DOUBLE,1,0,1,False,-1
953,DOUBLE,1,0,1,False,-1
954,DOUBLE,1,0,1,False,-1
955,DOUBLE,1,0,1,False,-1
956,SINGLE,0,0,1,False,-1
957,DOUBLE,1,0,1,False,-1
959,DOUBLE,1,0,1,False,-1
960,SINGLE,0,0,1,False,-1
961,SINGLE,0,0,1,False,-1
963,DOUBLE,1,0,1,False,-1
964,DOUBLE,1,0,1,False,-1
965,SINGLE,0,0,1,False,-1
966,DOUBLE,1,0,1,False,-1
967,DOUBLE,1,0,1,False,-1
968,SINGLE,0,0,1,False,-1
969,DOUBLE,1,0,1,False,-1
970,DOUBLE,1,0,1,False,-1
971,DOUBLE,1,0,1,False,-1
972,DOUBLE,1,0,1,False,-1
973,DOUBLE,1,0,1,False,-1
974,DOUBLE,1,0,1,False,-1
975,DOUBLE,1,0,1,False,-1
977,DOUBLE,1,0,1,False,-1
978,DOUBLE,1,0,1,False,-1
979,SINGLE,0,0,1,False,-1
980,SINGLE,0,0,1,False,-1
982,SINGLE,0,0,1,False,-1
983,SINGLE,0,0,1,False,-1
985,DOUBLE,1,0,1,False,-1
986,SINGLE,0,0,1,False,-1
987,DOUBLE,1,0,1,False,-1
988,SINGLE,0,0,1,False,-1
989,SINGLE,0,0,1,False,-1
990,SINGLE,0,0,1,False,-1
991,DOUBLE,1,0,1,False,-1
992,SINGLE,0,0,1,False,-1
993,SINGLE,0,0,1,False,-1
995,DOUBLE,1,0,1,False,-1
997,SINGLE,0,0,1,False,-1
998,DOUBLE,1,0,1,False,-1
999,DOUBLE,1,0,1,False,-1
1000,DOUBLE,1,0,1,False,-1
1001,DOUBLE,1,0,1,False,-1
1002,DOUBLE,1,0,1,False,-1
1003,DOUBLE,1,0,1,False,-1
1004,SINGLE,0,0,1,False,-1
1007,SINGLE,0,0,1,False,-1
1008,DOUBLE,1,0,1,False,-1
1010,DOUBLE,1,0,1,False,-1
1012,DOUBLE,0,1,1,False,-1
1013,DOUBLE,1,0,1,False,-1
1014,DOUBLE,1,0,1,False,-1
1015,DOUBLE,1,0,1,False,-1
1016,SINGLE,0,0,1,False,-1
1018,SINGLE,0,0,1,False,-1
1019,DOUBLE,1,0,1,False,-1
1021,SINGLE,0,0,1,False,-1
1022,DOUBLE,1,0,1,False,-1
1023,SINGLE,0,0,1,False,-1
1024,SINGLE,0,0,1,False,-1
1025,SINGLE,0,0,1,False,-1
1026,DOUBLE,1,0,1,False,-1
1027,DOUBLE,1,0,1,False,-1
1028,DOUBLE,1,0,1,False,-1
1029,DOUBLE,1,0,1,False,-1
1031,DOUBLE,1,0,1,False,-1
1032,DOUBLE,1,0,1,False,-1
1034,SINGLE,0,0,1,False,-1
1035,DOUBLE,1,0,1,False,-1
1036,DOUBLE,1,0,1,False,-1
1037,DOUBLE,1,0,1,False,-1
1038,SINGLE,0,0,1,False,-1
1039,SINGLE,0,0,1,False,-1
1040,DOUBLE,1,0,1,False,-1
1041,SINGLE,0,0,1,False,-1
1042,DOUBLE,1,0,1,False,-1
1043,DOUBLE,1,0,1,False,-1
1044,SINGLE,0,0,1,False,-1
1045,DOUBLE,1,0,1,False,-1
1046,SINGLE,0,0,1,False,-1
1047,DOUBLE,1,0,1,False,-1
1048,DOUBLE,1,0,1,False,-1
1049,SINGLE,0,0,1,False,-1
1050,DOUBLE,1,0,1,False,-1
1051,DOUBLE,1,0,1,False,-1
1052,SINGLE,0,0,1,False,-1
1053,DOUBLE,1,0,1,False,-1
1054,SINGLE,0,0,1,False,-1
1055,SINGLE,0,0,1,False,-1
1056,SINGLE,0,0,1,False,-1
1058,SINGLE,0,0,1,False,-1
1059,SINGLE,0,0,1,False,-1
1060,SINGLE,0,0,1,False,-1
1061,SINGLE,0,0,1,False,-1
1062,DOUBLE,1,0,1,False,-1
1063,DOUBLE,1,0,1,False,-1
1064,SINGLE,0,0,1,False,-1
1065,DOUBLE,1,0,1,False,-1
1066,DOUBLE,1,0,1,False,-1
1067,DOUBLE,1,0,1,False,-1
1068,SINGLE,0,0,1,False,-1
1069,SINGLE,0,0,1,False,-1
1070,DOUBLE,1,0,1,False,-1
1071,SINGLE,0,0,1,False,-1
1073,DOUBLE,1,0,1,False,-1
1074,DOUBLE,1,0,1,False,-1
1075,SINGLE,0,0,1,False,-1
1076,SINGLE,0,0,1,False,-1
1077,DOUBLE,1,0,1,False,-1
1078,DOUBLE,1,0,1,False,-1
1079,SINGLE,0,0,1,False,-1
1080,DOUBLE,1,0,1,False,-1
1081,DOUBLE,1,0,1,False,-1
1082,DOUBLE,1,0,1,False,-1
1083,DOUBLE,1,0,1,False,-1
1084,SINGLE,0,0,1,False,-1
1085,SINGLE,0,0,1,False,-1
1086,DOUBLE,1,0,1,False,-1
1087,SINGLE,0,0,1,False,-1
1088,DOUBLE,1,0,1,False,-1
1089,SINGLE,0,0,1,False,-1
1090,DOUBLE,1,0,1,False,-1
1092,DOUBLE,1,0,1,False,-1
1094,DOUBLE,1,0,1,False,-1
1095,DOUBLE,1,0,1,False,-1
1096,DOUBLE,1,0,1,False,-1
1097,DOUBLE,1,0,1,False,-1
1098,SINGLE,0,0,1,False,-1
1099,DOUBLE,1,0,1,False,-1
1100,DOUBLE,1,0,1,False,-1
1101,DOUBLE,1,0,1,False,-1
1102,SINGLE,0,0,1,False,-1
1103,SINGLE,0,0,1,False,-1
1104,DOUBLE,1,0,1,False,-1
1105,SINGLE,0,0,1,False,-1
1106,SINGLE,0,0,1,False,-1
1107,DOUBLE,1,0,1,False,-1
1108,DOUBLE,1,0,1,False,-1
1109,SINGLE,0,0,1,False,-1
1110,DOUBLE,1,0,1,False,-1
1111,DOUBLE,1,0,1,False,-1
1112,DOUBLE,1,0,1,False,-1
1114,SINGLE,0,0,1,False,-1
1115,DOUBLE,1,0,1,False,-1
1116,SINGLE,0,0,1,False,-1
1117,DOUBLE,1,0,1,False,-1
1118,DOUBLE,1,0,1,False,-1
1120,DOUBLE,1,0,1,False,-1
1121,SINGLE,0,0,1,False,-1
1122,DOUBLE,1,0,1,False,-1
1123,SINGLE,0,0,1,False,-1
1124,DOUBLE,1,0,1,False,-1
1126,DOUBLE,1,0,1,False,-1
1127,DOUBLE,1,0,1,False,-1
1128,SINGLE,0,0,1,False,-1
1129,SINGLE,0,0,1,False,-1
1130,SINGLE,0,0,1,False,-1
1131,DOUBLE,1,0,1,False,-1
1132,DOUBLE,1,0,1,False,-1
1133,SINGLE,0,0,1,False,-1
1134,SINGLE,0,0,1,False,-1
1135,DOUBLE,1,0,1,False,-1
1136,DOUBLE,1,0,1,False,-1
1137,SINGLE,0,0,1,False,-1
1138,DOUBLE,1,0,1,False,-1
1139,SINGLE,0,0,1,False,-1
1140,DOUBLE,1,0,1,False,-1
1141,SINGLE,0,0,1,False,-1
1142,DOUBLE,1,0,1,False,-1
1143,DOUBLE,1,0,1,False,-1
1144,SINGLE,0,0,1,False,-1
1145,DOUBLE,1,0,1,False,-1
1146,SINGLE,0,0,1,False,-1
1147,DOUBLE,1,0,1,False,-1
1148,SINGLE,0,0,1,False,-1
1149,DOUBLE,1,0,1,False,-1
1150,DOUBLE,1,0,1,False,-1
1151,DOUBLE,1,0,1,False,-1
1152,SINGLE,0,0,1,False,-1
1154,DOUBLE,1,0,1,False,-1
1155,DOUBLE,1,0,1,False,-1
1156,DOUBLE,1,0,1,False,-1
1157,SINGLE,0,0,1,False,-1
1158,DOUBLE,1,0,1,False,-1
1160,SINGLE,0,0,1,False,-1
1161,DOUBLE,1,0,1,False,-1
1162,DOUBLE,1,0,1,False,-1
1163,DOUBLE,1,0,1,False,-1
1164,SINGLE,0,0,1,False,-1
1165,DOUBLE,1,0,1,False,-1
1166,SINGLE,0,0,1,False,-1
1167,DOUBLE,1,0,1,False,-1
1168,DOUBLE,1,0,1,False,-1
1169,DOUBLE,1,0,1,False,-1
1171,SINGLE,0,0,1,False,-1
1172,SINGLE,0,0,1,False,-1
1173,DOUBLE,1,0,1,False,-1
1174,DOUBLE,1,0,1,False,-1
1175,SINGLE,0,0,1,False,-1
1176,SINGLE,0,0,1,False,-1
1177,SINGLE,0,0,1,False,-1
1178,DOUBLE,1,0,1,False,-1
1179,SINGLE,0,0,1,False,-1
1180,SINGLE,0,0,1,False,-1
1181,DOUBLE,1,0,1,False,-1
1182,DOUBLE,1,0,1,False,-1
1183,DOUBLE,1,0,1,False,-1
1184,SINGLE,0,0,1,False,-1
1185,SINGLE,0,0,1,False,-1
1186,SINGLE,0,0,1,False,-1
1187,DOUBLE,1,0,1,False,-1
1188,SINGLE,0,0,1,False,-1
1189,SINGLE,0,0,1,False,-1
1190,DOUBLE,1,0,1,False,-1
1191,DOUBLE,1,0,1,False,-1
1193,DOUBLE,1,0,1,False,-1
1194,SINGLE,0,0,1,False,-1
1195,DOUBLE,1,0,1,False,-1
1196,SINGLE,0,0,1,False,-1
1199,DOUBLE,1,0,1,False,-1
1200,SINGLE,0,0,1,False,-1
1201,DOUBLE,1,0,1,False,-1
1202,DOUBLE,1,0,1,False,-1
1203,SINGLE,0,0,1,False,-1
1204,DOUBLE,1,0,1,False,-1
1205,DOUBLE,1,0,1,False,-1
1206,DOUBLE,1,0,1,False,-1
1207,SINGLE,0,0,1,False,-1
1208,SINGLE,0,0,1,False,-1
1209,DOUBLE,1,0,1,False,-1
1210,SINGLE,0,0,1,False,-1
1211,DOUBLE,1,0,1,False,-1
1212,SINGLE,0,0,1,False,-1
1213,SINGLE,0,0,1,False,-1
1214,DOUBLE,1,0,1,False,-1
1215,DOUBLE,1,0,1,False,-1
1216,DOUBLE,1,0,1,False,-1
1217,DOUBLE,1,0,1,False,-1
1218,DOUBLE,1,0,1,False,-1
1219,DOUBLE,1,0,1,False,-1
1220,DOUBLE,1,0,1,False,-1
1221,DOUBLE,1,0,1,False,-1
1222,DOUBLE,1,0,1,False,-1
1223,DOUBLE,1,0,1,False,-1
1224,DOUBLE,1,0,1,False,-1
1225,DOUBLE,1,0,1,False,-1
1226,SINGLE,0,0,1,False,-1
1227,SINGLE,0,0,1,False,-1
1228,SINGLE,0,0,1,False,-1
1229,SINGLE,0,0,1,False,-1
1230,DOUBLE,1,0,1,False,-1
1231,DOUBLE,1,0,1,False,-1
1232,DOUBLE,1,0,1,False,-1
1233,SINGLE,0,0,1,False,-1
1234,DOUBLE,1,0,1,False,-1
1235,SINGLE,0,0,1,False,-1
1236,DOUBLE,1,0,1,False,-1
1238,SINGLE,0,0,1,False,-1
1239,SINGLE,0,0,1,False,-1
1241,DOUBLE,1,0,1,False,-1
1242,SINGLE,0,0,1,False,-1
1243,DOUBLE,1,0,1,False,-1
1245,DOUBLE,1,0,1,False,-1
1246,DOUBLE,1,0,1,False,-1
1247,SINGLE,0,0,1,False,-1
1248,SINGLE,0,0,1,False,-1
1249,SINGLE,0,0,1,False,-1
1250,DOUBLE,1,0,1,False,-1
1251,DOUBLE,1,0,1,False,-1
1252,DOUBLE,1,0,1,False,-1
1253,SINGLE,0,0,1,False,-1
1255,SINGLE,0,0,1,False,-1
1256,DOUBLE,1,0,1,False,-1
1257,DOUBLE,0,1,1,False,-1
1258,DOUBLE,1,0,1,False,-1
1259,DOUBLE,1,0,1,False,-1
1260,SINGLE,0,0,1,False,-1
1261,DOUBLE,1,0,1,False,-1
1262,DOUBLE,1,0,1,False,-1
1263,SINGLE,0,0,1,False,-1
1264,SINGLE,0,0,1,False,-1
1265,SINGLE,0,0,1,False,-1
1266,DOUBLE,1,0,1,False,-1
1267,DOUBLE,1,0,1,False,-1
1269,SINGLE,0,0,1,False,-1
1270,SINGLE,0,0,1,False,-1
1271,DOUBLE,1,0,1,False,-1
1272,DOUBLE,1,0,1,False,-1
1273,DOUBLE,1,0,1,False,-1
1274,DOUBLE,1,0,1,False,-1
1275,DOUBLE,1,0,1,False,-1
1276,DOUBLE,1,0,1,False,-1
1277,DOUBLE,1,0,1,False,-1
1278,SINGLE,0,0,1,False,-1
1279,DOUBLE,1,0,1,False,-1
1280,DOUBLE,1,0,1,False,-1
1281,SINGLE,0,0,1,False,-1
1282,DOUBLE,1,0,1,False,-1
1283,DOUBLE,1,0,1,False,-1
1285,DOUBLE,1,0,1,False,-1
1286,SINGLE,0,0,1,False,-1
1287,DOUBLE,1,0,1,False,-1
1288,DOUBLE,1,0,1,False,-1
1289,DOUBLE,0,1,1,False,-1
1290,SINGLE,0,0,1,False,-1
1291,SINGLE,0,0,1,False,-1
1293,SINGLE,0,0,1,False,-1
1294,DOUBLE,1,0,1,False,-1
1295,SINGLE,0,0,1,False,-1
1296,SINGLE,0,0,1,False,-1
1297,DOUBLE,1,0,1,False,-1
1298,DOUBLE,1,0,1,False,-1
1299,DOUBLE,1,0,1,False,-1
1300,DOUBLE,1,0,1,False,-1
1301,DOUBLE,1,0,1,False,-1
1302,SINGLE,0,0,1,False,-1
1303,SINGLE,0,0,1,False,-1
1304,DOUBLE,1,0,1,False,-1
1305,DOUBLE,1,0,1,False,-1
1306,SINGLE,0,0,1,False,-1
1307,DOUBLE,1,0,1,False,-1
1308,DOUBLE,1,0,1,False,-1
1309,DOUBLE,1,0,1,False,-1
1310,SINGLE,0,0,1,False,-1
1311,DOUBLE,1,0,1,False,-1
1312,SINGLE,0,0,1,False,-1
1313,DOUBLE,1,0,1,False,-1
1314,DOUBLE,1,0,1,False,-1
1315,DOUBLE,1,0,1,False,-1
1317,DOUBLE,1,0,1,False,-1
1318,SINGLE,0,0,1,False,-1
1319,DOUBLE,1,0,1,False,-1
1320,SINGLE,0,0,1,False,-1
1321,SINGLE,0,0,1,False,-1
1323,SINGLE,0,0,1,False,-1
1324,DOUBLE,1,0,1,False,-1
1325,DOUBLE,1,0,1,False,-1
1326,SINGLE,0,0,1,False,-1
1327,SINGLE,0,0,1,False,-1
1328,DOUBLE,1,0,1,False,-1
1329,DOUBLE,1,0,1,False,-1
1330,SINGLE,0,0,1,False,-1
1331,DOUBLE,1,0,1,False,-1
1332,SINGLE,0,0,1,False,-1
1333,DOUBLE,1,0,1,False,-1
1334,SINGLE,0,0,1,False,-1
1335,DOUBLE,1,0,1,False,-1
1336,DOUBLE,1,0,1,False,-1
1337,DOUBLE,1,0,1,False,-1
1338,SINGLE,0,0,1,False,-1
1339,TRIPLE,1,1,1,False,-1
1340,DOUBLE,1,0,1,False,-1
1341,DOUBLE,1,0,1,False,-1
1342,DOUBLE,1,0,1,False,-1
1343,DOUBLE,1,0,1,False,-1
1344,SINGLE,0,0,1,False,-1
1345,SINGLE,0,0,1,False,-1
1346,DOUBLE,1,0,1,False,-1
1347,DOUBLE,1,0,1,False,-1
1348,DOUBLE,1,0,1,False,-1
1349,DOUBLE,1,0,1,False,-1
1350,DOUBLE,1,0,1,False,-1
1351,SINGLE,0,0,1,False,-1
1352,DOUBLE,1,0,1,False,-1
1353,SINGLE,0,0,1,False,-1
1354,SINGLE,0,0,1,False,-1
1355,DOUBLE,1,0,1,False,-1
1356,DOUBLE,1,0,1,False,-1
1357,DOUBLE,1,0,1,False,-1
1358,DOUBLE,1,0,1,False,-1
1359,SINGLE,0,0,1,False,-1
1360,DOUBLE,1,0,1,False,-1
1362,SINGLE,0,0,1,False,-1
1363,SINGLE,0,0,1,False,-1
1364,SINGLE,0,0,1,False,-1
1366,SINGLE,0,0,1,False,-1
1367,SINGLE,0,0,1,False,-1
1369,DOUBLE,1,0,1,False,-1
1370,SINGLE,0,0,1,False,-1
1371,DOUBLE,1,0,1,False,-1
1372,DOUBLE,1,0,1,False,-1
1373,DOUBLE,1,0,1,False,-1
1374,SINGLE,0,0,1,False,-1
1375,SINGLE,0,0,1,False,-1
1376,DOUBLE,1,0,1,False,-1
1377,DOUBLE,1,0,1,False,-1
1378,SINGLE,0,0,1,False,-1
1379,SINGLE,0,0,1,False,-1
1380,DOUBLE,1,0,1,False,-1
1381,DOUBLE,1,0,1,False,-1
1382,SINGLE,0,0,1,False,-1
1383,SINGLE,0,0,1,False,-1
1384,DOUBLE,1,0,1,False,-1
1385,SINGLE,0,0,1,False,-1
1386,SINGLE,0,0,1,False,-1
1388,DOUBLE,1,0,1,False,-1
1389,SINGLE,0,0,1,False,-1
1390,DOUBLE,1,0,1,False,-1
1391,DOUBLE,1,0,1,False,-1
1393,SINGLE,0,0,1,False,-1
1394,SINGLE,0,0,1,False,-1
1395,DOUBLE,1,0,1,False,-1
1396,DOUBLE,1,0,1,False,-1
1397,SINGLE,0,0,1,False,-1
1398,DOUBLE,1,0,1,False,-1
1399,DOUBLE,1,0,1,False,-1
1400,DOUBLE,1,0,1,False,-1
1401,DOUBLE,1,0,1,False,-1
1402,SINGLE,0,0,1,False,-1
1403,SINGLE,0,0,1,False,-1
1404,DOUBLE,1,0,1,False,-1
1405,SINGLE,0,0,1,False,-1
1406,DOUBLE,1,0,1,False,-1
1407,DOUBLE,1,0,1,False,-1
1409,DOUBLE,1,0,1,False,-1
1410,SINGLE,0,0,1,False,-1
1411,DOUBLE,1,0,1,False,-1
1412,DOUBLE,1,0,1,False,-1
1413,DOUBLE,1,0,1,False,-1
1414,DOUBLE,1,0,1,False,-1
1415,DOUBLE,1,0,1,False,-1
1416,DOUBLE,1,0,1,False,-1
1417,DOUBLE,1,0,1,False,-1
1418,SINGLE,0,0,1,False,-1
1419,SINGLE,0,0,1,False,-1
1420,DOUBLE,1,0,1,False,-1
1421,SINGLE,0,0,1,False,-1
1422,DOUBLE,1,0,1,False,-1
1423,SINGLE,0,0,1,False,-1
1424,SINGLE,0,0,1,False,-1
1425,DOUBLE,1,0,1,False,-1
1426,SINGLE,0,0,1,False,-1
1427,DOUBLE,1,0,1,False,-1
1429,DOUBLE,1,0,1,False,-1
1430,DOUBLE,1,0,1,False,-1
1431,SINGLE,0,0,1,False,-1
1432,DOUBLE,1,0,1,False,-1
1433,SINGLE,0,0,1,False,-1
1434,DOUBLE,1,0,1,False,-1
1435,SINGLE,0,0,1,False,-1
1436,SINGLE,0,0,1,False,-1
1437,DOUBLE,1,0,1,False,-1
1438,DOUBLE,1,0,1,False,-1
1439,SINGLE,0,0,1,False,-1
1440,DOUBLE,1,0,1,False,-1
1441,DOUBLE,1,0,1,False,-1
1442,DOUBLE,1,0,1,False,-1
1443,DOUBLE,1,0,1,False,-1
1444,DOUBLE,1,0,1,False,-1
1445,SINGLE,0,0,1,False,-1
1446,SINGLE,0,0,1,False,-1
1447,SINGLE,0,0,1,False,-1
1448,SINGLE,0,0,1,False,-1
1449,DOUBLE,1,0,1,False,-1
1450,SINGLE,0,0,1,False,-1
1451,DOUBLE,1,0,1,False,-1
1452,SINGLE,0,0,1,False,-1
1453,SINGLE,0,0,1,False,-1
1455,DOUBLE,1,0,1,False,-1
1456,SINGLE,0,0,1,False,-1
1457,SINGLE,0,0,1,False,-1
1458,DOUBLE,1,0,1,False,-1
1459,DOUBLE,1,0,1,False,-1
1460,DOUBLE,1,0,1,False,-1
1461,SINGLE,0,0,1,False,-1
1462,SINGLE,0,0,1,False,-1
1464,DOUBLE,1,0,1,False,-1
1465,SINGLE,0,0,1,False,-1
1466,SINGLE,0,0,1,False,-1
1467,SINGLE,0,0,1,False,-1
1469,DOUBLE,1,0,1,False,-1
1470,DOUBLE,1,0,1,False,-1
1471,DOUBLE,1,0,1,False,-1
1472,DOUBLE,1,0,1,False,-1
1473,DOUBLE,1,0,1,False,-1
1474,SINGLE,0,0,1,False,-1
1476,SINGLE,0,0,1,False,-1
1478,DOUBLE,1,0,1,False,-1
1479,SINGLE,0,0,1,False,-1
1480,DOUBLE,1,0,1,False,-1
1481,DOUBLE,1,0,1,False,-1
1483,SINGLE,0,0,1,False,-1
1484,SINGLE,0,0,1,False,-1
1485,DOUBLE,1,0,1,False,-1
1486,DOUBLE,1,0,1,False,-1
1487,SINGLE,0,0,1,False,-1
1488,SINGLE,0,0,1,False,-1
1489,DOUBLE,1,0,1,False,-1
1490,SINGLE,0,0,1,False,-1
1491,DOUBLE,1,0,1,False,-1
1492,DOUBLE,1,0,1,False,-1
1493,DOUBLE,1,0,1,False,-1
1494,DOUBLE,1,0,1,False,-1
1495,SINGLE,0,0,1,False,-1
1496,SINGLE,0,0,1,False,-1
1497,SINGLE,0,0,1,False,-1
1498,DOUBLE,1,0,1,False,-1
1499,SINGLE,0,0,1,False,-1
1500,SINGLE,0,0,1,False,-1
1501,SINGLE,0,0,1,False,-1
1502,SINGLE,0,0,1,False,-1
1503,DOUBLE,1,0,1,False,-1
1505,SINGLE,0,0,1,False,-1
1506,DOUBLE,1,0,1,False,-1
1507,DOUBLE,1,0,1,False,-1
1508,DOUBLE,1,0,1,False,-1
1509,DOUBLE,1,0,1,False,-1
1510,DOUBLE,1,0,1,False,-1
1511,SINGLE,0,0,1,False,-1
1512,SINGLE,0,0,1,False,-1
1513,DOUBLE,1,0,1,False,-1
1514,SINGLE,0,0,1,False,-1
1515,SINGLE,0,0,1,False,-1
1516,DOUBLE,1,0,1,False,-1
1517,SINGLE,0,0,1,False,-1
1518,SINGLE,0,0,1,False,-1
1519,DOUBLE,1,0,1,False,-1
1520,DOUBLE,1,0,1,False,-1
1521,SINGLE,0,0,1,False,-1
1522,DOUBLE,1,0,1,False,-1
1523,SINGLE,0,0,1,False,-1
1524,SINGLE,0,0,1,False,-1
1525,DOUBLE,1,0,1,False,-1
1526,DOUBLE,1,0,1,False,-1
1528,SINGLE,0,0,1,False,-1
1529,SINGLE,0,0,1,False,-1
1530,SINGLE,0,0,1,False,-1
1531,DOUBLE,1,0,1,False,-1
1532,SINGLE,0,0,1,False,-1
1534,DOUBLE,1,0,1,False,-1
1535,TRIPLE,1,1,1,False,-1
1536,DOUBLE,1,0,1,False,-1
1537,SINGLE,0,0,1,False,-1
1538,DOUBLE,1,0,1,False,-1
1539,SINGLE,0,0,1,False,-1
1541,SINGLE,0,0,1,False,-1
1542,DOUBLE,1,0,1,False,-1
1543,SINGLE,0,0,1,False,-1
1544,SINGLE,0,0,1,False,-1
1545,DOUBLE,1,0,1,False,-1
1546,DOUBLE,1,0,1,False,-1
1549,DOUBLE,1,0,1,False,-1
1550,DOUBLE,1,0,1,False,-1
1551,SINGLE,0,0,1,False,-1
1552,SINGLE,0,0,1,False,-1
1553,DOUBLE,1,0,1,False,-1
1554,TRIPLE,1,1,1,False,-1
1555,DOUBLE,1,0,1,False,-1
1556,DOUBLE,1,0,1,False,-1
1557,SINGLE,0,0,1,False,-1
1559,DOUBLE,1,0,1,False,-1
1560,DOUBLE,1,0,1,False,-1
1561,DOUBLE,1,0,1,False,-1
1563,DOUBLE,1,0,1,False,-1
1564,SINGLE,0,0,1,False,-1
1565,DOUBLE,1,0,1,False,-1
1566,SINGLE,0,0,1,False,-1
1567,DOUBLE,1,0,1,False,-1
1568,SINGLE,0,0,1,False,-1
1569,DOUBLE,1,0,1,False,-1
1570,DOUBLE,1,0,1,False,-1
1571,SINGLE,0,0,1,False,-1
1572,DOUBLE,1,0,1,False,-1
1573,SINGLE,0,0,1,False,-1
1574,SINGLE,0,0,1,False,-1
1575,SINGLE,0,0,1,False,-1
1576,DOUBLE,1,0,1,False,-1
1577,DOUBLE,1,0,1,False,-1
1579,SINGLE,0,0,1,False,-1
1580,DOUBLE,1,0,1,False,-1
1581,SINGLE,0,0,1,False,-1
1583,SINGLE,0,0,1,False,-1
1584,DOUBLE,1,0,1,False,-1
1585,SINGLE,0,0,1,False,-1
1586,SINGLE,0,0,1,False,-1
1587,SINGLE,0,0,1,False,-1
1588,DOUBLE,1,0,1,False,-1
1589,DOUBLE,1,0,1,False,-1
1590,DOUBLE,1,0,1,False,-1
1592,DOUBLE,1,0,1,False,-1
1593,SINGLE,0,0,1,False,-1
1594,DOUBLE,1,0,1,False,-1
1595,DOUBLE,1,0,1,False,-1
1596,SINGLE,0,0,1,False,-1
1597,DOUBLE,1,0,1,False,-1
1598,DOUBLE,1,0,1,False,-1
1599,SINGLE,0,0,1,False,-1
1600,SINGLE,0,0,1,False,-1
1604,DOUBLE,1,0,1,False,-1
1605,SINGLE,0,0,1,False,-1
1606,DOUBLE,1,0,1,False,-1
1607,DOUBLE,1,0,1,False,-1
1608,DOUBLE,1,0,1,False,-1
1609,SINGLE,0,0,1,False,-1
1610,SINGLE,0,0,1,False,-1
1611,SINGLE,0,0,1,False,-1
1612,DOUBLE,1,0,1,False,-1
1613,SINGLE,0,0,1,False,-1
1615,DOUBLE,1,0,1,False,-1
1616,DOUBLE,1,0,1,False,-1
1618,SINGLE,0,0,1,False,-1
1619,DOUBLE,1,0,1,False,-1
1620,DOUBLE,1,0,1,False,-1
1621,DOUBLE,1,0,1,False,-1
1622,SINGLE,0,0,1,False,-1
1623,SINGLE,0,0,1,False,-1
1624,SINGLE,0,0,1,False,-1
1625,SINGLE,0,0,1,False,-1
1626,DOUBLE,1,0,1,False,-1
1627,SINGLE,0,0,1,False,-1
1629,SINGLE,0,0,1,False,-1
1630,DOUBLE,1,0,1,False,-1
1632,DOUBLE,1,0,1,False,-1
1633,DOUBLE,1,0,1,False,-1
1634,DOUBLE,1,0,1,False,-1
1635,DOUBLE,1,0,1,False,-1
1636,SINGLE,0,0,1,False,-1
1637,DOUBLE,1,0,1,False,-1
1638,SINGLE,0,0,1,False,-1
1639,DOUBLE,1,0,1,False,-1
1640,SINGLE,0,0,1,False,-1
1641,SINGLE,0,0,1,False,-1
1642,SINGLE,0,0,1,False,-1
1643,DOUBLE,0,1,1,False,-1
1644,DOUBLE,1,0,1,False,-1
1645,SINGLE,0,0,1,False,-1
1646,DOUBLE,1,0,1,False,-1
1647,DOUBLE,1,0,1,False,-1
1648,DOUBLE,1,0,1,False,-1
1649,DOUBLE,1,0,1,False,-1
1650,DOUBLE,1,0,1,False,-1
1651,DOUBLE,1,0,1,False,-1
1652,DOUBLE,1,0,1,False,-1
1653,DOUBLE,1,0,1,False,-1
1654,SINGLE,0,0,1,False,-1
1655,DOUBLE,1,0,1,False,-1
1656,SINGLE,0,0,1,False,-1
1658,DOUBLE,1,0,1,False,-1
1660,SINGLE,0,0,1,False,-1
1661,SINGLE,0,0,1,False,-1
1662,DOUBLE,1,0,1,False,-1
1663,SINGLE,0,0,1,False,-1
1664,DOUBLE,1,0,1,False,-1
1665,SINGLE,0,0,1,False,-1
1666,SINGLE,0,0,1,False,-1
1667,SINGLE,0,0,1,False,-1
1668,SINGLE,0,0,1,False,-1
1669,SINGLE,0,0,1,False,-1
1670,DOUBLE,1,0,1,False,-1
1671,DOUBLE,1,0,1,False,-1
1672,SINGLE,0,0,1,False,-1
1674,SINGLE,0,0,1,False,-1
1676,SINGLE,0,0,1,False,-1
1677,DOUBLE,1,0,1,False,-1
1678,DOUBLE,1,0,1,False,-1
1679,DOUBLE,1,0,1,False,-1
1680,DOUBLE,1,0,1,False,-1
1682,DOUBLE,1,0,1,False,-1
1683,DOUBLE,1,0,1,False,-1
1684,DOUBLE,1,0,1,False,-1
1685,DOUBLE,1,0,1,False,-1
1686,DOUBLE,1,0,1,False,-1
1687,DOUBLE,1,0,1,False,-1
1688,SINGLE,0,0,1,False,-1
1689,SINGLE,0,0,1,False,-1
1690,SINGLE,0,0,1,False,-1
1693,SINGLE,0,0,1,False,-1
1694,DOUBLE,1,0,1,False,-1
1695,SINGLE,0,0,1,False,-1
1696,DOUBLE,1,0,1,False,-1
1697,DOUBLE,1,0,1,False,-1
1698,SINGLE,0,0,1,False,-1
1699,SINGLE,0,0,1,False,-1
1701,DOUBLE,1,0,1,False,-1
1702,SINGLE,0,0,1,False,-1
1703,SINGLE,0,0,1,False,-1
1704,DOUBLE,1,0,1,False,-1
1705,DOUBLE,1,0,1,False,-1
1706,DOUBLE,1,0,1,False,-1
1707,DOUBLE,1,0,1,False,-1
1708,SINGLE,0,0,1,False,-1
1709,SINGLE,0,0,1,False,-1
1710,SINGLE,0,0,1,False,-1
1711,SINGLE,0,0,1,False,-1
1712,DOUBLE,1,0,1,False,-1
1713,SINGLE,0,0,1,False,-1
1714,DOUBLE,1,0,1,False,-1
1715,DOUBLE,1,0,1,False,-1
1716,SINGLE,0,0,1,False,-1
1717,SINGLE,0,0,1,False,-1
1718,DOUBLE,1,0,1,False,-1
1719,SINGLE,0,0,1,False,-1
1720,DOUBLE,1,0,1,False,-1
1721,SINGLE,0,0,1,False,-1
1722,DOUBLE,1,0,1,False,-1
1723,SINGLE,0,0,1,False,-1
1724,SINGLE,0,0,1,False,-1
1725,SINGLE,0,0,1,False,-1
1726,SINGLE,0,0,1,False,-1
1727,DOUBLE,1,0,1,False,-1
1728,SINGLE,0,0,1,False,-1
1729,DOUBLE,1,0,1,False,-1
1730,SINGLE,0,0,1,False,-1
1731,SINGLE,0,0,1,False,-1
1732,SINGLE,0,0,1,False,-1
1733,DOUBLE,1,0,1,False,-1
1734,SINGLE,0,0,1,False,-1
1735,SINGLE,0,0,1,False,-1
1736,DOUBLE,1,0,1,False,-1
1737,SINGLE,0,0,1,False,-1
1738,DOUBLE,1,0,1,False,-1
1739,DOUBLE,1,0,1,False,-1
1740,DOUBLE,1,0,1,False,-1
1741,DOUBLE,1,0,1,False,-1
1742,DOUBLE,1,0,1,False,-1
1743,DOUBLE,1,0,1,False,-1
1744,DOUBLE,0,1,1,False,-1
1745,SINGLE,0,0,1,False,-1
1746,DOUBLE,1,0,1,False,-1
1748,DOUBLE,1,0,1,False,-1
1749,DOUBLE,1,0,1,False,-1
1750,SINGLE,0,0,1,False,-1
1751,SINGLE,0,0,1,False,-1
1752,DOUBLE,1,0,1,False,-1
1753,SINGLE,0,0,1,False,-1
1754,SINGLE,0,0,1,False,-1
1755,DOUBLE,1,0,1,False,-1
1756,DOUBLE,1,0,1,False,-1
1757,DOUBLE,1,0,1,False,-1
1758,SINGLE,0,0,1,False,-1
1759,DOUBLE,1,0,1,False,-1
1760,SINGLE,0,0,1,False,-1
1761,DOUBLE,1,0,1,False,-1
1763,DOUBLE,1,0,1,False,-1
1764,DOUBLE,1,0,1,False,-1
1766,DOUBLE,1,0,1,False,-1
1767,SINGLE,0,0,1,False,-1
1768,DOUBLE,1,0,1,False,-1
1769,DOUBLE,1,0,1,False,-1
1770,SINGLE,0,0,1,False,-1
1771,DOUBLE,1,0,1,False,-1
1772,DOUBLE,1,0,1,False,-1
1773,DOUBLE,1,0,1,False,-1
1774,DOUBLE,1,0,1,False,-1
1776,DOUBLE,1,0,1,False,-1
1777,SINGLE,0,0,1,False,-1
1778,DOUBLE,1,0,1,False,-1
1779,DOUBLE,1,0,1,False,-1
1780,SINGLE,0,0,1,False,-1
1781,SINGLE,0,0,1,False,-1
1782,DOUBLE,1,0,1,False,-1
1783,SINGLE,0,0,1,False,-1
1784,SINGLE,0,0,1,False,-1
1785,DOUBLE,1,0,1,False,-1
1787,SINGLE,0,0,1,False,-1
1788,DOUBLE,1,0,1,False,-1
1789,SINGLE,0,0,1,False,-1
1790,DOUBLE,1,0,1,False,-1
1791,SINGLE,0,0,1,False,-1
1792,DOUBLE,1,0,1,False,-1
1793,DOUBLE,1,0,1,False,-1
1794,DOUBLE,1,0,1,False,-1
1795,DOUBLE,1,0,1,False,-1
1796,DOUBLE,1,0,1,False,-1
1797,SINGLE,0,0,1,False,-1
1798,SINGLE,0,0,1,False,-1
1799,DOUBLE,1,0,1,False,-1
1800,SINGLE,0,0,1,False,-1
1801,DOUBLE,1,0,1,False,-1
1802,SINGLE,0,0,1,False,-1
1803,DOUBLE,1,0,1,False,-1
1804,DOUBLE,1,0,1,False,-1
1805,SINGLE,0,0,1,False,-1
1806,SINGLE,0,0,1,False,-1
1807,TRIPLE,1,1,1,False,-1
1808,DOUBLE,1,0,1,False,-1
1809,SINGLE,0,0,1,False,-1
1810,DOUBLE,1,0,1,False,-1
1811,DOUBLE,1,0,1,False,-1
1812,SINGLE,0,0,1,False,-1
1813,SINGLE,0,0,1,False,-1
1814,SINGLE,0,0,1,False,-1
1815,DOUBLE,1,0,1,False,-1
1816,SINGLE,0,0,1,False,-1
1817,SINGLE,0,0,1,False,-1
1818,DOUBLE,1,0,1,False,-1
1819,TRIPLE,1,1,1,False,-1
1820,DOUBLE,1,0,1,False,-1
1821,DOUBLE,1,0,1,False,-1
1822,SINGLE,0,0,1,False,-1
1823,SINGLE,0,0,1,False,-1
1824,DOUBLE,1,0,1,False,-1
1826,DOUBLE,1,0,1,False,-1
1828,DOUBLE,1,0,1,False,-1
1829,DOUBLE,1,0,1,False,-1
1830,DOUBLE,1,0,1,False,-1
1831,SINGLE,0,0,1,False,-1
1833,DOUBLE,1,0,1,False,-1
1834,DOUBLE,1,0,1,False,-1
1835,DOUBLE,1,0,1,False,-1
1836,DOUBLE,1,0,1,False,-1
1837,DOUBLE,1,0,1,False,-1
1838,DOUBLE,1,0,1,False,-1
1839,SINGLE,0,0,1,False,-1
1840,DOUBLE,1,0,1,False,-1
1841,DOUBLE,1,0,1,False,-1
1842,DOUBLE,1,0,1,False,-1
1843,SINGLE,0,0,1,False,-1
1844,DOUBLE,1,0,1,False,-1
1845,SINGLE,0,0,1,False,-1
1846,SINGLE,0,0,1,False,-1
1847,DOUBLE,1,0,1,False,-1
1848,SINGLE,0,0,1,False,-1
1849,SINGLE,0,0,1,False,-1
1850,DOUBLE,1,0,1,False,-1
1851,DOUBLE,1,0,1,False,-1
1852,SINGLE,0,0,1,False,-1
1853,SINGLE,0,0,1,False,-1
1854,DOUBLE,1,0,1,False,-1
1855,DOUBLE,1,0,1,False,-1
1856,DOUBLE,1,0,1,False,-1
1857,SINGLE,0,0,1,False,-1
1858,DOUBLE,1,0,1,False,-1
1859,DOUBLE,1,0,1,False,-1
1860,DOUBLE,1,0,1,False,-1
1861,SINGLE,0,0,1,False,-1
1862,DOUBLE,1,0,1,False,-1
1863,SINGLE,0,0,1,False,-1
1864,SINGLE,0,0,1,False,-1
1865,DOUBLE,1,0,1,False,-1
1866,DOUBLE,1,0,1,False,-1
1867,SINGLE,0,0,1,False,-1
1868,DOUBLE,1,0,1,False,-1
1870,SINGLE,0,0,1,False,-1
1871,DOUBLE,1,0,1,False,-1
1872,SINGLE,0,0,1,False,-1
1873,SINGLE,0,0,1,False,-1
1874,DOUBLE,1,0,1,False,-1
1875,DOUBLE,1,0,1,False,-1
1876,DOUBLE,1,0,1,False,-1
1877,SINGLE,0,0,1,False,-1
1878,DOUBLE,1,0,1,False,-1
1879,DOUBLE,1,0,1,False,-1
1880,SINGLE,0,0,1,False,-1
1881,DOUBLE,1,0,1,False,-1
1882,DOUBLE,1,0,1,False,-1
1883,DOUBLE,1,0,1,False,-1
1884,SINGLE,0,0,1,False,-1
1885,SINGLE,0,0,1,False,-1
1887,DOUBLE,1,0,1,False,-1
1888,SINGLE,0,0,1,False,-1
1889,DOUBLE,1,0,1,False,-1
1890,SINGLE,0,0,1,False,-1
1891,DOUBLE,1,0,1,False,-1
1892,DOUBLE,1,0,1,False,-1
1893,DOUBLE,1,0,1,False,-1
1895,SINGLE,0,0,1,False,-1
1896,SINGLE,0,0,1,False,-1
1897,DOUBLE,1,0,1,False,-1
1900,SINGLE,0,0,1,False,-1
1902,DOUBLE,1,0,1,False,-1
1903,DOUBLE,1,0,1,False,-1
1904,SINGLE,0,0,1,False,-1
1905,DOUBLE,1,0,1,False,-1
1906,SINGLE,0,0,1,False,-1
1907,SINGLE,0,0,1,False,-1
1908,DOUBLE,1,0,1,False,-1
1909,SINGLE,0,0,1,False,-1
1910,SINGLE,0,0,1,False,-1
1911,DOUBLE,1,0,1,False,-1
1912,DOUBLE,1,0,1,False,-1
1915,SINGLE,0,0,1,False,-1
1916,SINGLE,0,0,1,False,-1
1919,SINGLE,0,0,1,False,-1
1920,DOUBLE,1,0,1,False,-1
1921,SINGLE,0,0,1,False,-1
1922,DOUBLE,1,0,1,False,-1
1923,DOUBLE,1,0,1,False,-1
1924,DOUBLE,1,0,1,False,-1
1925,DOUBLE,1,0,1,False,-1
1926,SINGLE,0,0,1,False,-1
1927,SINGLE,0,0,1,False,-1
1928,DOUBLE,1,0,1,False,-1
1929,DOUBLE,1,0,1,False,-1
1930,DOUBLE,1,0,1,False,-1
1931,DOUBLE,1,0,1,False,-1
1932,SINGLE,0,0,1,False,-1
1933,DOUBLE,1,0,1,False,-1
1934,SINGLE,0,0,1,False,-1
1935,DOUBLE,1,0,1,False,-1
1936,SINGLE,0,0,1,False,-1
1937,SINGLE,0,0,1,False,-1
1938,DOUBLE,1,0,1,False,-1
1939,DOUBLE,1,0,1,False,-1
1940,DOUBLE,1,0,1,False,-1
1941,DOUBLE,1,0,1,False,-1
1942,SINGLE,0,0,1,False,-1
1943,SINGLE,0,0,1,False,-1
1944,DOUBLE,1,0,1,False,-1
1945,DOUBLE,1,0,1,False,-1
1946,DOUBLE,1,0,1,False,-1
1948,DOUBLE,1,0,1,False,-1
1949,SINGLE,0,0,1,False,-1
1950,DOUBLE,1,0,1,False,-1
1951,SINGLE,0,0,1,False,-1
1952,SINGLE,0,0,1,False,-1
1953,DOUBLE,1,0,1,False,-1
1954,DOUBLE,1,0,1,False,-1
1955,DOUBLE,1,0,1,False,-1
1956,SINGLE,0,0,1,False,-1
1957,DOUBLE,1,0,1,False,-1
1958,DOUBLE,1,0,1,False,-1
1960,DOUBLE,1,0,1,False,-1
1961,DOUBLE,1,0,1,False,-1
1962,DOUBLE,1,0,1,False,-1
1963,DOUBLE,1,0,1,False,-1
1964,DOUBLE,1,0,1,False,-1
1965,DOUBLE,1,0,1,False,-1
1966,DOUBLE,1,0,1,False,-1
1967,DOUBLE,1,0,1,False,-1
1968,DOUBLE,1,0,1,False,-1
1969,SINGLE,0,0,1,False,-1
1970,SINGLE,0,0,1,False,-1
1972,DOUBLE,1,0,1,False,-1
1975,DOUBLE,1,0,1,False,-1
1976,DOUBLE,1,0,1,False,-1
1977,DOUBLE,1,0,1,False,-1
1978,SINGLE,0,0,1,False,-1
1979,SINGLE,0,0,1,False,-1
1980,DOUBLE,1,0,1,False,-1
1981,DOUBLE,1,0,1,False,-1
1982,SINGLE,0,0,1,False,-1
1983,DOUBLE,1,0,1,False,-1
1984,SINGLE,0,0,1,False,-1
1985,DOUBLE,1,0,1,False,-1
1986,DOUBLE,1,0,1,False,-1
1987,SINGLE,0,0,1,False,-1
1988,SINGLE,0,0,1,False,-1
1989,SINGLE,0,0,1,False,-1
1991,SINGLE,0,0,1,False,-1
1992,SINGLE,0,0,1,False,-1
1993,DOUBLE,1,0,1,False,-1
1994,DOUBLE,1,0,1,False,-1
1995,DOUBLE,1,0,1,False,-1
1996,DOUBLE,1,0,1,False,-1
1997,SINGLE,0,0,1,False,-1
1998,DOUBLE,1,0,1,False,-1
1999,DOUBLE,1,0,1,False,-1
2000,DOUBLE,1,0,1,False,-1
2001,SINGLE,0,0,1,False,-1
2002,DOUBLE,1,0,1,False,-1
2003,DOUBLE,1,0,1,False,-1
2004,DOUBLE,1,0,1,False,-1
2005,DOUBLE,1,0,1,False,-1
2006,DOUBLE,1,0,1,False,-1
2007,TRIPLE,1,1,1,False,-1
2008,SINGLE,0,0,1,False,-1
2009,DOUBLE,1,0,1,False,-1
2011,DOUBLE,1,0,1,False,-1
2012,DOUBLE,1,0,1,False,-1
2013,SINGLE,0,0,1,False,-1
2014,SINGLE,0,0,1,False,-1
2015,DOUBLE,1,0,1,False,-1
2016,DOUBLE,1,0,1,False,-1
2017,SINGLE,0,0,1,False,-1
2018,SINGLE,0,0,1,False,-1
2020,SINGLE,0,0,1,False,-1
2021,DOUBLE,1,0,1,False,-1
2022,DOUBLE,1,0,1,False,-1
2023,DOUBLE,1,0,1,False,-1
2025,DOUBLE,1,0,1,False,-1
2026,SINGLE,0,0,1,False,-1
2027,SINGLE,0,0,1,False,-1
2028,DOUBLE,1,0,1,False,-1
2029,DOUBLE,1,0,1,False,-1
2030,SINGLE,0,0,1,False,-1
2031,DOUBLE,1,0,1,False,-1
2032,DOUBLE,1,0,1,False,-1
2033,SINGLE,0,0,1,False,-1
2034,DOUBLE,1,0,1,False,-1
2036,SINGLE,0,0,1,False,-1
2037,DOUBLE,1,0,1,False,-1
2039,TRIPLE,1,1,1,False,-1
2040,DOUBLE,1,0,1,False,-1
2041,SINGLE,0,0,1,False,-1
2042,SINGLE,0,0,1,False,-1
2043,DOUBLE,1,0,1,False,-1
2044,SINGLE,0,0,1,False,-1
2045,DOUBLE,1,0,1,False,-1
2046,SINGLE,0,0,1,False,-1
2047,SINGLE,0,0,1,False,-1
2048,DOUBLE,1,0,1,False,-1
2049,SINGLE,0,0,1,False,-1
2050,DOUBLE,1,0,1,False,-1
2052,DOUBLE,1,0,1,False,-1
2053,DOUBLE,1,0,1,False,-1
2054,SINGLE,0,0,1,False,-1
2055,DOUBLE,1,0,1,False,-1
2056,DOUBLE,1,0,1,False,-1
2057,DOUBLE,1,0,1,False,-1
2058,DOUBLE,1,0,1,False,-1
2059,SINGLE,0,0,1,False,-1
2060,DOUBLE,1,0,1,False,-1
2061,SINGLE,0,0,1,False,-1
2062,DOUBLE,1,0,1,False,-1
2063,SINGLE,0,0,1,False,-1
2064,SINGLE,0,0,1,False,-1
2065,SINGLE,0,0,1,False,-1
2066,TRIPLE,1,1,1,False,-1
2067,DOUBLE,1,0,1,False,-1
2068,SINGLE,0,0,1,False,-1
2069,SINGLE,0,0,1,False,-1
2070,DOUBLE,1,0,1,False,-1
2071,SINGLE,0,0,1,False,-1
2072,SINGLE,0,0,1,False,-1
2074,DOUBLE,1,0,1,False,-1
2075,SINGLE,0,0,1,False,-1
2076,SINGLE,0,0,1,False,-1
2077,SINGLE,0,0,1,False,-1
2078,DOUBLE,1,0,1,False,-1
2080,DOUBLE,1,0,1,False,-1
2081,DOUBLE,1,0,1,False,-1
2082,DOUBLE,1,0,1,False,-1
2083,SINGLE,0,0,1,False,-1
2084,DOUBLE,1,0,1,False,-1
2085,DOUBLE,1,0,1,False,-1
2087,SINGLE,0,0,1,False,-1
2088,DOUBLE,1,0,1,False,-1
2089,SINGLE,0,0,1,False,-1
2090,SINGLE,0,0,1,False,-1
2091,SINGLE,0,0,1,False,-1
2092,DOUBLE,1,0,1,False,-1
2093,DOUBLE,1,0,1,False,-1
2094,DOUBLE,1,0,1,False,-1
2095,DOUBLE,1,0,1,False,-1
2096,DOUBLE,1,0,1,False,-1
2097,DOUBLE,1,0,1,False,-1
2098,DOUBLE,1,0,1,False,-1
2099,DOUBLE,1,0,1,False,-1
2100,DOUBLE,1,0,1,False,-1
2102,SINGLE,0,0,1,False,-1
2103,SINGLE,0,0,1,False,-1
2104,SINGLE,0,0,1,False,-1
2105,SINGLE,0,0,1,False,-1
2106,DOUBLE,1,0,1,False,-1
2107,DOUBLE,1,0,1,False,-1
2108,DOUBLE,1,0,1,False,-1
2109,SINGLE,0,0,1,False,-1
2110,SINGLE,0,0,1,False,-1
2111,SINGLE,0,0,1,False,-1
2112,DOUBLE,1,0,1,False,-1
2113,DOUBLE,1,0,1,False,-1
2115,SINGLE,0,0,1,False,-1
2116,DOUBLE,1,0,1,False,-1
2117,DOUBLE,1,0,1,False,-1
2118,SINGLE,0,0,1,False,-1
2119,DOUBLE,1,0,1,False,-1
2120,SINGLE,0,0,1,False,-1
2121,SINGLE,0,0,1,False,-1
2122,DOUBLE,1,0,1,False,-1
2123,DOUBLE,1,0,1,False,-1
2124,DOUBLE,1,0,1,False,-1
2125,SINGLE,0,0,1,False,-1
2127,SINGLE,0,0,1,False,-1
2128,DOUBLE,1,0,1,False,-1
2129,DOUBLE,1,0,1,False,-1
2130,DOUBLE,1,0,1,False,-1
2131,SINGLE,0,0,1,False,-1
2132,DOUBLE,1,0,1,False,-1
2133,DOUBLE,1,0,1,False,-1
2134,SINGLE,0,0,1,False,-1
2135,SINGLE,0,0,1,False,-1
2136,DOUBLE,1,0,1,False,-1
2137,DOUBLE,1,0,1,False,-1
2138,SINGLE,0,0,1,False,-1
2139,DOUBLE,1,0,1,False,-1
2140,DOUBLE,1,0,1,False,-1
2141,DOUBLE,1,0,1,False,-1
2142,DOUBLE,1,0,1,False,-1
2143,SINGLE,0,0,1,False,-1
2144,DOUBLE,1,0,1,False,-1
2145,DOUBLE,1,0,1,False,-1
2146,SINGLE,0,0,1,False,-1
2147,DOUBLE,1,0,1,False,-1
2148,DOUBLE,1,0,1,False,-1
2149,SINGLE,0,0,1,False,-1
2150,SINGLE,0,0,1,False,-1
2151,SINGLE,0,0,1,False,-1
2152,DOUBLE,1,0,1,False,-1
2153,SINGLE,0,0,1,False,-1
2154,SINGLE,0,0,1,False,-1
2155,DOUBLE,1,0,1,False,-1
2156,DOUBLE,1,0,1,False,-1
2157,SINGLE,0,0,1,False,-1
2158,SINGLE,0,0,1,False,-1
2159,SINGLE,0,0,1,False,-1
2160,DOUBLE,1,0,1,False,-1
2161,DOUBLE,1,0,1,False,-1
2162,SINGLE,0,0,1,False,-1
2163,SINGLE,0,0,1,False,-1
2164,SINGLE,0,0,1,False,-1
2165,DOUBLE,1,0,1,False,-1
2166,DOUBLE,1,0,1,False,-1
2167,DOUBLE,1,0,1,False,-1
2168,SINGLE,0,0,1,False,-1
2169,DOUBLE,1,0,1,False,-1
2170,SINGLE,0,0,1,False,-1
2172,DOUBLE,1,0,1,False,-1
2173,DOUBLE,1,0,1,False,-1
2174,DOUBLE,1,0,1,False,-1
2175,SINGLE,0,0,1,False,-1
2176,SINGLE,0,0,1,False,-1
2177,DOUBLE,1,0,1,False,-1
2178,DOUBLE,1,0,1,False,-1
2179,SINGLE,0,0,1,False,-1
2180,SINGLE,0,0,1,False,-1
2181,SINGLE,0,0,1,False,-1
2182,DOUBLE,1,0,1,False,-1
2183,SINGLE,0,0,1,False,-1
2184,DOUBLE,1,0,1,False,-1
2185,SINGLE,0,0,1,False,-1
2186,DOUBLE,1,0,1,False,-1
2187,DOUBLE,1,0,1,False,-1
2188,DOUBLE,1,0,1,False,-1
2189,DOUBLE,1,0,1,False,-1
2191,DOUBLE,1,0,1,False,-1
2192,SINGLE,0,0,1,False,-1
2193,DOUBLE,1,0,1,False,-1
2194,DOUBLE,1,0,1,False,-1
2195,DOUBLE,1,0,1,False,-1
2196,DOUBLE,1,0,1,False,-1
2197,DOUBLE,1,0,1,False,-1
2198,DOUBLE,1,0,1,False,-1
2199,DOUBLE,1,0,1,False,-1
2200,DOUBLE,1,0,1,False,-1
2201,SINGLE,0,0,1,False,-1
2202,SINGLE,0,0,1,False,-1
2203,SINGLE,0,0,1,False,-1
2204,SINGLE,0,0,1,False,-1
2206,SINGLE,0,0,1,False,-1
2207,DOUBLE,1,0,1,False,-1
2208,DOUBLE,1,0,1,False,-1
2209,DOUBLE,1,0,1,False,-1
2210,SINGLE,0,0,1,False,-1
2211,SINGLE,0,0,1,False,-1
2212,DOUBLE,1,0,1,False,-1
2213,SINGLE,0,0,1,False,-1
2214,DOUBLE,1,0,1,False,-1
2215,SINGLE,0,0,1,False,-1
2216,DOUBLE,1,0,1,False,-1
2217,SINGLE,0,0,1,False,-1
2218,DOUBLE,1,0,1,False,-1
2221,DOUBLE,1,0,1,False,-1
2223,DOUBLE,1,0,1,False,-1
2224,DOUBLE,1,0,1,False,-1
2225,DOUBLE,1,0,1,False,-1
2226,SINGLE,0,0,1,False,-1
2227,DOUBLE,1,0,1,False,-1
2228,DOUBLE,1,0,1,False,-1
2229,SINGLE,0,0,1,False,-1
2234,DOUBLE,1,0,1,False,-1
2235,DOUBLE,1,0,1,False,-1
2236,DOUBLE,1,0,1,False,-1
2237,DOUBLE,1,0,1,False,-1
2238,DOUBLE,1,0,1,False,-1
2239,DOUBLE,1,0,1,False,-1
2240,SINGLE,0,0,1,False,-1
2241,DOUBLE,1,0,1,False,-1
2242,DOUBLE,1,0,1,False,-1
2243,SINGLE,0,0,1,False,-1
2244,SINGLE,0,0,1,False,-1
2245,DOUBLE,1,0,1,False,-1
2246,DOUBLE,1,0,1,False,-1
2247,DOUBLE,1,0,1,False,-1
2248,SINGLE,0,0,1,False,-1
2249,DOUBLE,1,0,1,False,-1
2250,DOUBLE,1,0,1,False,-1
2255,DOUBLE,1,0,1,False,-1
2256,SINGLE,0,0,1,False,-1
2257,DOUBLE,1,0,1,False,-1
2258,DOUBLE,1,0,1,False,-1
2259,DOUBLE,1,0,1,False,-1
2260,SINGLE,0,0,1,False,-1
2261,SINGLE,0,0,1,False,-1
2262,DOUBLE,1,0,1,False,-1
2263,DOUBLE,1,0,1,False,-1
2264,DOUBLE,1,0,1,False,-1
2265,SINGLE,0,0,1,False,-1
2266,DOUBLE,0,1,1,False,-1
2267,SINGLE,0,0,1,False,-1
2268,DOUBLE,1,0,1,False,-1
2269,SINGLE,0,0,1,False,-1
2270,SINGLE,0,0,1,False,-1
2271,DOUBLE,1,0,1,False,-1
2272,SINGLE,0,0,1,False,-1
2273,SINGLE,0,0,1,False,-1
2274,SINGLE,0,0,1,False,-1
2276,DOUBLE,1,0,1,False,-1
2277,DOUBLE,1,0,1,False,-1
2278,SINGLE,0,0,1,False,-1
2279,SINGLE,0,0,1,False,-1
2280,DOUBLE,1,0,1,False,-1
2281,DOUBLE,1,0,1,False,-1
2282,DOUBLE,1,0,1,False,-1
2283,DOUBLE,1,0,1,False,-1
2284,SINGLE,0,0,1,False,-1
2285,SINGLE,0,0,1,False,-1
2286,SINGLE,0,0,1,False,-1
2287,DOUBLE,1,0,1,False,-1
2288,SINGLE,0,0,1,False,-1
2289,DOUBLE,1,0,1,False,-1
2290,SINGLE,0,0,1,False,-1
2291,DOUBLE,1,0,1,False,-1
2293,SINGLE,0,0,1,False,-1
2294,SINGLE,0,0,1,False,-1
2295,DOUBLE,1,0,1,False,-1
2297,SINGLE,0,0,1,False,-1
2299,DOUBLE,1,0,1,False,-1
2301,SINGLE,0,0,1,False,-1
2302,SINGLE,0,0,1,False,-1
2303,DOUBLE,1,0,1,False,-1
2305,SINGLE,0,0,1,False,-1
2306,SINGLE,0,0,1,False,-1
2307,DOUBLE,1,0,1,False,-1
2308,DOUBLE,1,0,1,False,-1
2309,SINGLE,0,0,1,False,-1
2310,SINGLE,0,0,1,False,-1
2311,DOUBLE,1,0,1,False,-1
2312,SINGLE,0,0,1,False,-1
2313,SINGLE,0,0,1,False,-1
2314,SINGLE,0,0,1,False,-1
2315,DOUBLE,1,0,1,False,-1
2316,DOUBLE,1,0,1,False,-1
2317,DOUBLE,1,0,1,False,-1
2318,SINGLE,0,0,1,False,-1
2319,SINGLE,0,0,1,False,-1
2321,SINGLE,0,0,1,False,-1
2322,SINGLE,0,0,1,False,-1
2323,SINGLE,0,0,1,False,-1
2324,DOUBLE,1,0,1,False,-1
2326,SINGLE,0,0,1,False,-1
2327,DOUBLE,1,0,1,False,-1
2328,DOUBLE,1,0,1,False,-1
2330,DOUBLE,1,0,1,False,-1
2331,SINGLE,0,0,1,False,-1
2332,DOUBLE,1,0,1,False,-1
2333,SINGLE,0,0,1,False,-1
2335,SINGLE,0,0,1,False,-1
2336,DOUBLE,1,0,1,False,-1
2337,SINGLE,0,0,1,False,-1
2338,DOUBLE,1,0,1,False,-1
2339,SINGLE,0,0,1,False,-1
2340,DOUBLE,0,1,1,False,-1
2341,DOUBLE,1,0,1,False,-1
2342,DOUBLE,1,0,1,False,-1
2343,DOUBLE,1,0,1,False,-1
2344,SINGLE,0,0,1,False,-1
2345,DOUBLE,1,0,1,False,-1
2346,DOUBLE,1,0,1,False,-1
2348,DOUBLE,1,0,1,False,-1
2349,SINGLE,0,0,1,False,-1
2350,SINGLE,0,0,1,False,-1
2351,DOUBLE,1,0,1,False,-1
2352,DOUBLE,1,0,1,False,-1
2353,SINGLE,0,0,1,False,-1
2354,DOUBLE,1,0,1,False,-1
2355,DOUBLE,1,0,1,False,-1
2356,SINGLE,0,0,1,False,-1
2357,DOUBLE,1,0,1,False,-1
2358,SINGLE,0,0,1,False,-1
2359,SINGLE,0,0,1,False,-1
2360,SINGLE,0,0,1,False,-1
2361,SINGLE,0,0,1,False,-1
2362,DOUBLE,1,0,1,False,-1
2363,DOUBLE,1,0,1,False,-1
2364,DOUBLE,1,0,1,False,-1
2365,DOUBLE,1,0,1,False,-1
2366,SINGLE,0,0,1,False,-1
2367,SINGLE,0,0,1,False,-1
2368,DOUBLE,1,0,1,False,-1
2370,DOUBLE,1,0,1,False,-1
2372,DOUBLE,1,0,1,False,-1
2373,DOUBLE,1,0,1,False,-1
2374,SINGLE,0,0,1,False,-1
2375,SINGLE,0,0,1,False,-1
2376,DOUBLE,1,0,1,False,-1
2377,DOUBLE,1,0,1,False,-1
2378,DOUBLE,1,0,1,False,-1
2379,DOUBLE,1,0,1,False,-1
2380,SINGLE,0,0,1,False,-1
2381,DOUBLE,1,0,1,False,-1
2382,SINGLE,0,0,1,False,-1
2383,SINGLE,0,0,1,False,-1
2384,DOUBLE,1,0,1,False,-1
2385,SINGLE,0,0,1,False,-1
2386,DOUBLE,1,0,1,False,-1
2387,DOUBLE,1,0,1,False,-1
2388,DOUBLE,1,0,1,False,-1
2389,DOUBLE,1,0,1,False,-1
2390,DOUBLE,1,0,1,False,-1
2391,SINGLE,0,0,1,False,-1
2392,DOUBLE,1,0,1,False,-1
2393,DOUBLE,1,0,1,False,-1
2394,DOUBLE,1,0,1,False,-1
2395,DOUBLE,1,0,1,False,-1
2397,DOUBLE,1,0,1,False,-1
2398,DOUBLE,1,0,1,False,-1
2399,DOUBLE,1,0,1,False,-1
2400,DOUBLE,1,0,1,False,-1
2401,DOUBLE,1,0,1,False,-1
2402,DOUBLE,1,0,1,False,-1
2403,DOUBLE,1,0,1,False,-1
2404,DOUBLE,1,0,1,False,-1
2405,SINGLE,0,0,1,False,-1
2406,DOUBLE,1,0,1,False,-1
2407,SINGLE,0,0,1,False,-1
2409,DOUBLE,1,0,1,False,-1
2410,DOUBLE,1,0,1,False,-1
2411,DOUBLE,1,0,1,False,-1
2412,DOUBLE,1,0,1,False,-1
2413,DOUBLE,1,0,1,False,-1
2414,SINGLE,0,0,1,False,-1
2415,TRIPLE,1,1,1,False,-1
2416,SINGLE,0,0,1,False,-1
2418,DOUBLE,1,0,1,False,-1
2419,DOUBLE,1,0,1,False,-1
2420,SINGLE,0,0,1,False,-1
2421,SINGLE,0,0,1,False,-1
2422,DOUBLE,1,0,1,False,-1
2423,SINGLE,0,0,1,False,-1
2424,DOUBLE,1,0,1,False,-1
2425,DOUBLE,1,0,1,False,-1
2426,SINGLE,0,0,1,False,-1
2427,SINGLE,0,0,1,False,-1
2428,SINGLE,0,0,1,False,-1
2429,DOUBLE,1,0,1,False,-1
2430,SINGLE,0,0,1,False,-1
2431,DOUBLE,1,0,1,False,-1
2432,SINGLE,0,0,1,False,-1
2433,SINGLE,0,0,1,False,-1
2434,DOUBLE,1,0,1,False,-1
2435,DOUBLE,1,0,1,False,-1
2436,DOUBLE,1,0,1,False,-1
2437,DOUBLE,1,0,1,False,-1
2438,DOUBLE,1,0,1,False,-1
2439,DOUBLE,1,0,1,False,-1
2440,DOUBLE,1,0,1,False,-1
2441,SINGLE,0,0,1,False,-1
2442,DOUBLE,1,0,1,False,-1
2444,SINGLE,0,0,1,False,-1
2445,DOUBLE,1,0,1,False,-1
2446,SINGLE,0,0,1,False,-1
2447,DOUBLE,1,0,1,False,-1
2448,DOUBLE,1,0,1,False,-1
2449,DOUBLE,1,0,1,False,-1
2450,SINGLE,0,0,1,False,-1
2451,DOUBLE,1,0,1,False,-1
2452,DOUBLE,1,0,1,False,-1
2454,DOUBLE,1,0,1,False,-1
2455,DOUBLE,1,0,1,False,-1
2456,SINGLE,0,0,1,False,-1
2457,DOUBLE,1,0,1,False,-1
2458,SINGLE,0,0,1,False,-1
2459,SINGLE,0,0,1,False,-1
2460,DOUBLE,1,0,1,False,-1
2461,DOUBLE,1,0,1,False,-1
2462,DOUBLE,1,0,1,False,-1
2463,DOUBLE,1,0,1,False,-1
2464,DOUBLE,1,0,1,False,-1
2465,SINGLE,0,0,1,False,-1
2466,DOUBLE,1,0,1,False,-1
2467,DOUBLE,1,0,1,False,-1
2469,SINGLE,0,0,1,False,-1
2470,DOUBLE,1,0,1,False,-1
2471,DOUBLE,1,0,1,False,-1
2472,SINGLE,0,0,1,False,-1
2473,SINGLE,0,0,1,False,-1
2474,SINGLE,0,0,1,False,-1
2476,DOUBLE,1,0,1,False,-1
2477,SINGLE,0,0,1,False,-1
2478,DOUBLE,1,0,1,False,-1
2479,DOUBLE,1,0,1,False,-1
2480,SINGLE,0,0,1,False,-1
2481,SINGLE,0,0,1,False,-1
2483,SINGLE,0,0,1,False,-1
2484,DOUBLE,1,0,1,False,-1
2485,SINGLE,0,0,1,False,-1
2486,SINGLE,0,0,1,False,-1
2487,DOUBLE,1,0,1,False,-1
2488,DOUBLE,1,0,1,False,-1
2489,DOUBLE,1,0,1,False,-1
2490,SINGLE,0,0,1,False,-1
2491,SINGLE,0,0,1,False,-1
2492,DOUBLE,1,0,1,False,-1
2493,SINGLE,0,0,1,False,-1
2495,SINGLE,0,0,1,False,-1
2496,DOUBLE,1,0,1,False,-1
2497,SINGLE,0,0,1,False,-1
2498,DOUBLE,1,0,1,False,-1
2499,SINGLE,0,0,1,False,-1
2500,SINGLE,0,0,1,False,-1
2501,DOUBLE,1,0,1,False,-1
2502,DOUBLE,1,0,1,False,-1
2503,DOUBLE,1,0,1,False,-1
2504,SINGLE,0,0,1,False,-1
2505,SINGLE,0,0,1,False,-1
2506,DOUBLE,1,0,1,False,-1
2507,DOUBLE,1,0,1,False,-1
2508,DOUBLE,1,0,1,False,-1
2509,SINGLE,0,0,1,False,-1
2510,DOUBLE,1,0,1,False,-1
2511,SINGLE,0,0,1,False,-1
2512,DOUBLE,1,0,1,False,-1
2513,SINGLE,0,0,1,False,-1
2514,DOUBLE,1,0,1,False,-1
2517,SINGLE,0,0,1,False,-1
2518,SINGLE,0,0,1,False,-1
2519,DOUBLE,1,0,1,False,-1
2520,DOUBLE,1,0,1,False,-1
2521,SINGLE,0,0,1,False,-1
2522,SINGLE,0,0,1,False,-1
2523,DOUBLE,1,0,1,False,-1
2524,DOUBLE,1,0,1,False,-1
2525,DOUBLE,1,0,1,False,-1
2526,DOUBLE,1,0,1,False,-1
2527,DOUBLE,1,0,1,False,-1
2528,DOUBLE,1,0,1,False,-1
2529,SINGLE,0,0,1,False,-1
2530,DOUBLE,1,0,1,False,-1
2531,DOUBLE,1,0,1,False,-1
2532,DOUBLE,1,0,1,False,-1
2533,DOUBLE,1,0,1,False,-1
2534,DOUBLE,1,0,1,False,-1
2535,DOUBLE,1,0,1,False,-1
2536,SINGLE,0,0,1,False,-1
2537,DOUBLE,1,0,1,False,-1
2538,DOUBLE,1,0,1,False,-1
2539,SINGLE,0,0,1,False,-1
2542,DOUBLE,1,0,1,False,-1
2543,SINGLE,0,0,1,False,-1
2544,DOUBLE,1,0,1,False,-1
2545,DOUBLE,1,0,1,False,-1
2546,SINGLE,0,0,1,False,-1
2547,SINGLE,0,0,1,False,-1
2548,DOUBLE,1,0,1,False,-1
2549,SINGLE,0,0,1,False,-1
2550,DOUBLE,1,0,1,False,-1
2551,SINGLE,0,0,1,False,-1
2552,DOUBLE,1,0,1,False,-1
2553,DOUBLE,1,0,1,False,-1
2554,DOUBLE,1,0,1,False,-1
2555,DOUBLE,1,0,1,False,-1
2556,DOUBLE,1,0,1,False,-1
2557,SINGLE,0,0,1,False,-1
2558,DOUBLE,1,0,1,False,-1
2559,SINGLE,0,0,1,False,-1
2560,DOUBLE,1,0,1,False,-1
2561,SINGLE,0,0,1,False,-1
2562,SINGLE,0,0,1,False,-1
2565,DOUBLE,1,0,1,False,-1
2566,SINGLE,0,0,1,False,-1
2567,DOUBLE,1,0,1,False,-1
2568,DOUBLE,1,0,1,False,-1
2569,DOUBLE,1,0,1,False,-1
2570,SINGLE,0,0,1,False,-1
2571,DOUBLE,1,0,1,False,-1
2572,DOUBLE,1,0,1,False,-1
2573,SINGLE,0,0,1,False,-1
2574,SINGLE,0,0,1,False,-1
2575,SINGLE,0,0,1,False,-1
2576,DOUBLE,1,0,1,False,-1
2577,DOUBLE,0,1,1,False,-1
2578,DOUBLE,1,0,1,False,-1
2579,SINGLE,0,0,1,False,-1
2580,SINGLE,0,0,1,False,-1
2581,SINGLE,0,0,1,False,-1
2582,SINGLE,0,0,1,False,-1
2583,SINGLE,0,0,1,False,-1
2584,DOUBLE,1,0,1,False,-1
2585,SINGLE,0,0,1,False,-1
2586,DOUBLE,1,0,1,False,-1
2587,DOUBLE,1,0,1,False,-1
2588,DOUBLE,1,0,1,False,-1
2589,DOUBLE,1,0,1,False,-1
2590,DOUBLE,1,0,1,False,-1
2591,DOUBLE,1,0,1,False,-1
2593,SINGLE,0,0,1,False,-1
2594,DOUBLE,1,0,1,False,-1
2595,DOUBLE,1,0,1,False,-1
2596,DOUBLE,1,0,1,False,-1
2597,DOUBLE,1,0,1,False,-1
2598,DOUBLE,1,0,1,False,-1
2599,DOUBLE,1,0,1,False,-1
2600,TRIPLE,1,1,1,False,-1
2603,SINGLE,0,0,1,False,-1
2604,SINGLE,0,0,1,False,-1
2605,SINGLE,0,0,1,False,-1
2606,SINGLE,0,0,1,False,-1
2607,DOUBLE,1,0,1,False,-1
2608,DOUBLE,1,0,1,False,-1
2609,DOUBLE,1,0,1,False,-1
2610,SINGLE,0,0,1,False,-1
2611,SINGLE,0,0,1,False,-1
2612,DOUBLE,1,0,1,False,-1
2613,DOUBLE,1,0,1,False,-1
2614,DOUBLE,1,0,1,False,-1
2615,DOUBLE,1,0,1,False,-1
2616,SINGLE,0,0,1,False,-1
2617,DOUBLE,1,0,1,False,-1
2618,DOUBLE,1,0,1,False,-1
2619,SINGLE,0,0,1,False,-1
2620,DOUBLE,1,0,1,False,-1
2621,SINGLE,0,0,1,False,-1
2622,SINGLE,0,0,1,False,-1
2623,SINGLE,0,0,1,False,-1
2624,SINGLE,0,0,1,False,-1
2627,DOUBLE,1,0,1,False,-1
2628,SINGLE,0,0,1,False,-1
2629,DOUBLE,1,0,1,False,-1
2630,TRIPLE,1,1,1,False,-1
2631,SINGLE,0,0,1,False,-1
2632,DOUBLE,1,0,1,False,-1
2633,DOUBLE,1,0,1,False,-1
2634,DOUBLE,1,0,1,False,-1
2635,SINGLE,0,0,1,False,-1
2636,SINGLE,0,0,1,False,-1
2637,DOUBLE,1,0,1,False,-1
2638,DOUBLE,1,0,1,False,-1
2639,SINGLE,0,0,1,False,-1
2640,SINGLE,0,0,1,False,-1
2641,DOUBLE,1,0,1,False,-1
2642,TRIPLE,1,1,1,False,-1
2644,DOUBLE,1,0,1,False,-1
2645,DOUBLE,1,0,1,False,-1
2646,DOUBLE,1,0,1,False,-1
2647,SINGLE,0,0,1,False,-1
2648,DOUBLE,1,0,1,False,-1
2649,DOUBLE,1,0,1,False,-1
2650,DOUBLE,1,0,1,False,-1
2651,SINGLE,0,0,1,False,-1
2652,SINGLE,0,0,1,False,-1
2653,DOUBLE,1,0,1,False,-1
2654,DOUBLE,1,0,1,False,-1
2656,DOUBLE,1,0,1,False,-1
2657,SINGLE,0,0,1,False,-1
2658,SINGLE,0,0,1,False,-1
2659,SINGLE,0,0,1,False,-1
2660,DOUBLE,1,0,1,False,-1
2661,SINGLE,0,0,1,False,-1
2662,DOUBLE,1,0,1,False,-1
2663,SINGLE,0,0,1,False,-1
2664,DOUBLE,1,0,1,False,-1
2665,SINGLE,0,0,1,False,-1
2666,SINGLE,0,0,1,False,-1
2667,DOUBLE,1,0,1,False,-1
2668,DOUBLE,1,0,1,False,-1
2669,SINGLE,0,0,1,False,-1
2670,SINGLE,0,0,1,False,-1
2671,DOUBLE,1,0,1,False,-1
2672,SINGLE,0,0,1,False,-1
2673,SINGLE,0,0,1,False,-1
2674,SINGLE,0,0,1,False,-1
2675,DOUBLE,1,0,1,False,-1
2676,DOUBLE,1,0,1,False,-1
2677,DOUBLE,1,0,1,False,-1
2678,DOUBLE,1,0,1,False,-1
2679,SINGLE,0,0,1,False,-1
2680,DOUBLE,1,0,1,False,-1
2681,DOUBLE,1,0,1,False,-1
2682,DOUBLE,1,0,1,False,-1
2683,SINGLE,0,0,1,False,-1
2684,DOUBLE,1,0,1,False,-1
2685,SINGLE,0,0,1,False,-1
2686,SINGLE,0,0,1,False,-1
2688,DOUBLE,1,0,1,False,-1
2689,DOUBLE,1,0,1,False,-1
2690,DOUBLE,1,0,1,False,-1
2691,SINGLE,0,0,1,False,-1
2692,SINGLE,0,0,1,False,-1
2693,DOUBLE,1,0,1,False,-1
2694,SINGLE,0,0,1,False,-1
2695,DOUBLE,1,0,1,False,-1
2696,SINGLE,0,0,1,False,-1
2698,SINGLE,0,0,1,False,-1
2699,SINGLE,0,0,1,False,-1
2700,SINGLE,0,0,1,False,-1
2701,DOUBLE,1,0,1,False,-1
2702,SINGLE,0,0,1,False,-1
2703,DOUBLE,1,0,1,False,-1
2705,DOUBLE,1,0,1,False,-1
2707,SINGLE,0,0,1,False,-1
2708,DOUBLE,1,0,1,False,-1
2709,DOUBLE,1,0,1,False,-1
2710,SINGLE,0,0,1,False,-1
2711,DOUBLE,1,0,1,False,-1
2712,DOUBLE,1,0,1,False,-1
2713,SINGLE,0,0,1,False,-1
2714,DOUBLE,1,0,1,False,-1
2715,DOUBLE,1,0,1,False,-1
2716,DOUBLE,1,0,1,False,-1
2717,DOUBLE,1,0,1,False,-1
2718,DOUBLE,1,0,1,False,-1
2719,DOUBLE,1,0,1,False,-1
2720,DOUBLE,1,0,1,False,-1
2721,DOUBLE,1,0,1,False,-1
2722,SINGLE,0,0,1,False,-1
2723,DOUBLE,1,0,1,False,-1
2724,DOUBLE,1,0,1,False,-1
2726,SINGLE,0,0,1,False,-1
2727,DOUBLE,1,0,1,False,-1
2728,DOUBLE,1,0,1,False,-1
2729,DOUBLE,1,0,1,False,-1
2730,SINGLE,0,0,1,False,-1
2731,SINGLE,0,0,1,False,-1
2732,DOUBLE,1,0,1,False,-1
2734,DOUBLE,1,0,1,False,-1
2735,DOUBLE,1,0,1,False,-1
2736,SINGLE,0,0,1,False,-1
2737,SINGLE,0,0,1,False,-1
2738,TRIPLE,1,1,1,False,-1
2741,SINGLE,0,0,1,False,-1
2742,SINGLE,0,0,1,False,-1
2743,DOUBLE,1,0,1,False,-1
2744,SINGLE,0,0,1,False,-1
2745,DOUBLE,1,0,1,False,-1
2746,SINGLE,0,0,1,False,-1
2747,DOUBLE,1,0,1,False,-1
2748,DOUBLE,1,0,1,False,-1
2749,DOUBLE,1,0,1,False,-1
2750,DOUBLE,1,0,1,False,-1
2751,DOUBLE,1,0,1,False,-1
2752,DOUBLE,1,0,1,False,-1
2753,DOUBLE,1,0,1,False,-1
2754,DOUBLE,1,0,1,False,-1
2755,DOUBLE,1,0,1,False,-1
2756,DOUBLE,1,0,1,False,-1
2757,SINGLE,0,0,1,False,-1
2758,DOUBLE,1,0,1,False,-1
2759,SINGLE,0,0,1,False,-1
2760,DOUBLE,1,0,1,False,-1
2763,SINGLE,0,0,1,False,-1
2764,SINGLE,0,0,1,False,-1
2765,DOUBLE,1,0,1,False,-1
2767,SINGLE,0,0,1,False,-1
2769,SINGLE,0,0,1,False,-1
2770,SINGLE,0,0,1,False,-1
2772,SINGLE,0,0,1,False,-1
2773,DOUBLE,1,0,1,False,-1
2774,DOUBLE,1,0,1,False,-1
2775,DOUBLE,1,0,1,False,-1
2776,DOUBLE,1,0,1,False,-1
2777,SINGLE,0,0,1,False,-1
2778,SINGLE,0,0,1,False,-1
2779,DOUBLE,1,0,1,False,-1
2780,DOUBLE,1,0,1,False,-1
2781,DOUBLE,1,0,1,False,-1
2783,DOUBLE,1,0,1,False,-1
2784,DOUBLE,1,0,1,False,-1
2785,SINGLE,0,0,1,False,-1
2786,SINGLE,0,0,1,False,-1
2787,SINGLE,0,0,1,False,-1
2788,SINGLE,0,0,1,False,-1
2789,SINGLE,0,0,1,False,-1
2790,SINGLE,0,0,1,False,-1
2791,SINGLE,0,0,1,False,-1
2792,DOUBLE,1,0,1,False,-1
2793,SINGLE,0,0,1,False,-1
2794,DOUBLE,1,0,1,False,-1
2795,DOUBLE,1,0,1,False,-1
2796,DOUBLE,1,0,1,False,-1
2797,SINGLE,0,0,1,False,-1
2798,DOUBLE,1,0,1,False,-1
2799,DOUBLE,1,0,1,False,-1
2800,DOUBLE,1,0,1,False,-1
2802,SINGLE,0,0,1,False,-1
2804,DOUBLE,1,0,1,False,-1
2805,SINGLE,0,0,1,False,-1
2806,DOUBLE,1,0,1,False,-1
2807,SINGLE,0,0,1,False,-1
2808,SINGLE,0,0,1,False,-1
2809,DOUBLE,1,0,1,False,-1
2810,SINGLE,0,0,1,False,-1
2811,SINGLE,0,0,1,False,-1
2812,DOUBLE,1,0,1,False,-1
2813,DOUBLE,1,0,1,False,-1
2814,SINGLE,0,0,1,False,-1
2815,DOUBLE,1,0,1,False,-1
2816,SINGLE,0,0,1,False,-1
2817,SINGLE,0,0,1,False,-1
2818,DOUBLE,1,0,1,False,-1
2819,DOUBLE,1,0,1,False,-1
2821,SINGLE,0,0,1,False,-1
2822,DOUBLE,1,0,1,False,-1
2823,SINGLE,0,0,1,False,-1
2824,SINGLE,0,0,1,False,-1
2825,DOUBLE,1,0,1,False,-1
2826,DOUBLE,1,0,1,False,-1
2827,SINGLE,0,0,1,False,-1
2829,SINGLE,0,0,1,False,-1
2831,SINGLE,0,0,1,False,-1
2832,DOUBLE,1,0,1,False,-1
2833,SINGLE,0,0,1,False,-1
2834,DOUBLE,1,0,1,False,-1
2836,DOUBLE,1,0,1,False,-1
2837,DOUBLE,1,0,1,False,-1
2838,DOUBLE,1,0,1,False,-1
2839,SINGLE,0,0,1,False,-1
2840,SINGLE,0,0,1,False,-1
2841,SINGLE,0,0,1,False,-1
2842,DOUBLE,1,0,1,False,-1
2843,DOUBLE,1,0,1,False,-1
2844,SINGLE,0,0,1,False,-1
2845,DOUBLE,1,0,1,False,-1
2846,DOUBLE,1,0,1,False,-1
2847,SINGLE,0,0,1,False,-1
2848,DOUBLE,1,0,1,False,-1
2849,SINGLE,0,0,1,False,-1
2850,DOUBLE,1,0,1,False,-1
2851,DOUBLE,1,0,1,False,-1
2852,SINGLE,0,0,1,False,-1
2853,SINGLE,0,0,1,False,-1
2854,SINGLE,0,0,1,False,-1
2855,SINGLE,0,0,1,False,-1
2856,SINGLE,0,0,1,False,-1
2857,DOUBLE,1,0,1,False,-1
2858,DOUBLE,1,0,1,False,-1
2859,SINGLE,0,0,1,False,-1
2861,DOUBLE,1,0,1,False,-1
2863,SINGLE,0,0,1,False,-1
2864,DOUBLE,1,0,1,False,-1
2866,SINGLE,0,0,1,False,-1
2867,DOUBLE,1,0,1,False,-1
2868,TRIPLE,1,1,1,False,-1
2869,DOUBLE,1,0,1,False,-1
2870,SINGLE,0,0,1,False,-1
2871,DOUBLE,1,0,1,False,-1
2872,DOUBLE,1,0,1,False,-1
2873,DOUBLE,1,0,1,False,-1
2874,DOUBLE,1,0,1,False,-1
2875,SINGLE,0,0,1,False,-1
2876,DOUBLE,1,0,1,False,-1
2877,SINGLE,0,0,1,False,-1
2878,DOUBLE,1,0,1,False,-1
2879,DOUBLE,1,0,1,False,-1
2880,SINGLE,0,0,1,False,-1
2881,DOUBLE,1,0,1,False,-1
2882,DOUBLE,1,0,1,False,-1
2883,SINGLE,0,0,1,False,-1
2884,DOUBLE,1,0,1,False,-1
2885,SINGLE,0,0,1,False,-1
2886,DOUBLE,1,0,1,False,-1
2887,DOUBLE,1,0,1,False,-1
2888,DOUBLE,1,0,1,False,-1
2889,SINGLE,0,0,1,False,-1
2891,DOUBLE,1,0,1,False,-1
2892,DOUBLE,1,0,1,False,-1
2893,SINGLE,0,0,1,False,-1
2894,SINGLE,0,0,1,False,-1
2895,DOUBLE,1,0,1,False,-1
2896,DOUBLE,1,0,1,False,-1
2897,SINGLE,0,0,1,False,-1
2898,DOUBLE,1,0,1,False,-1
2899,SINGLE,0,0,1,False,-1
2900,DOUBLE,1,0,1,False,-1
2901,SINGLE,0,0,1,False,-1
2902,DOUBLE,1,0,1,False,-1
2903,DOUBLE,1,0,1,False,-1
2904,DOUBLE,1,0,1,False,-1
2905,DOUBLE,1,0,1,False,-1
2906,DOUBLE,1,0,1,False,-1
2907,DOUBLE,1,0,1,False,-1
2908,SINGLE,0,0,1,False,-1
2909,SINGLE,0,0,1,False,-1
2910,SINGLE,0,0,1,False,-1
2911,SINGLE,0,0,1,False,-1
2912,DOUBLE,1,0,1,False,-1
2913,SINGLE,0,0,1,False,-1
2914,SINGLE,0,0,1,False,-1
2915,SINGLE,0,0,1,False,-1
2916,DOUBLE,1,0,1,False,-1
2918,SINGLE,0,0,1,False,-1
2919,SINGLE,0,0,1,False,-1
2920,SINGLE,0,0,1,False,-1
2921,DOUBLE,1,0,1,False,-1
2922,DOUBLE,1,0,1,False,-1
2923,DOUBLE,1,0,1,False,-1
2924,TRIPLE,1,1,1,False,-1
2925,SINGLE,0,0,1,False,-1
2926,DOUBLE,1,0,1,False,-1
2927,SINGLE,0,0,1,False,-1
2928,SINGLE,0,0,1,False,-1
2929,SINGLE,0,0,1,False,-1
2930,DOUBLE,1,0,1,False,-1
2931,SINGLE,0,0,1,False,-1
2932,SINGLE,0,0,1,False,-1
2934,DOUBLE,1,0,1,False,-1
2935,DOUBLE,1,0,1,False,-1
2936,SINGLE,0,0,1,False,-1
2937,SINGLE,0,0,1,False,-1
2938,SINGLE,0,0,1,False,-1
2939,SINGLE,0,0,1,False,-1
2940,SINGLE,0,0,1,False,-1
2941,DOUBLE,1,0,1,False,-1
2942,SINGLE,0,0,1,False,-1
2943,DOUBLE,1,0,1,False,-1
2944,SINGLE,0,0,1,False,-1
2945,SINGLE,0,0,1,False,-1
2946,SINGLE,0,0,1,False,-1
2947,DOUBLE,1,0,1,False,-1
2948,DOUBLE,1,0,1,False,-1
2949,SINGLE,0,0,1,False,-1
2951,SINGLE,0,0,1,False,-1
2952,SINGLE,0,0,1,False,-1
2953,DOUBLE,1,0,1,False,-1
2954,DOUBLE,1,0,1,False,-1
2957,DOUBLE,0,1,1,False,-1
2958,SINGLE,0,0,1,False,-1
2959,DOUBLE,1,0,1,False,-1
2960,DOUBLE,1,0,1,False,-1
2961,SINGLE,0,0,1,False,-1
2962,DOUBLE,1,0,1,False,-1
2963,DOUBLE,1,0,1,False,-1
2965,DOUBLE,1,0,1,False,-1
2966,SINGLE,0,0,1,False,-1
2967,SINGLE,0,0,1,False,-1
2968,SINGLE,0,0,1,False,-1
2969,SINGLE,0,0,1,False,-1
2970,DOUBLE,1,0,1,False,-1
2971,DOUBLE,1,0,1,False,-1
2972,SINGLE,0,0,1,False,-1
2973,SINGLE,0,0,1,False,-1
2974,SINGLE,0,0,1,False,-1
2975,SINGLE,0,0,1,False,-1
2976,DOUBLE,1,0,1,False,-1
2977,SINGLE,0,0,1,False,-1
2978,SINGLE,0,0,1,False,-1
2979,SINGLE,0,0,1,False,-1
2980,SINGLE,0,0,1,False,-1
2981,DOUBLE,1,0,1,False,-1
2982,SINGLE,0,0,1,False,-1
2983,DOUBLE,1,0,1,False,-1
2984,DOUBLE,1,0,1,False,-1
2986,SINGLE,0,0,1,False,-1
2987,DOUBLE,1,0,1,False,-1
2988,DOUBLE,1,0,1,False,-1
2989,DOUBLE,1,0,1,False,-1
2990,DOUBLE,1,0,1,False,-1
2991,SINGLE,0,0,1,False,-1
2992,TRIPLE,1,1,1,False,-1
2994,DOUBLE,1,0,1,False,-1
2995,DOUBLE,1,0,1,False,-1
2996,DOUBLE,1,0,1,False,-1
2998,DOUBLE,1,0,1,False,-1
2999,DOUBLE,1,0,1,False,-1
3000,DOUBLE,1,0,1,False,-1
3001,SINGLE,0,0,1,False,-1
3002,DOUBLE,1,0,1,False,-1
3003,DOUBLE,1,0,1,False,-1
3004,DOUBLE,1,0,1,False,-1
3005,SINGLE,0,0,1,False,-1
3006,DOUBLE,1,0,1,False,-1
3008,DOUBLE,1,0,1,False,-1
3009,DOUBLE,1,0,1,False,-1
3010,SINGLE,0,0,1,False,-1
3011,DOUBLE,1,0,1,False,-1
3012,DOUBLE,1,0,1,False,-1
3013,DOUBLE,1,0,1,False,-1
3014,DOUBLE,1,0,1,False,-1
3015,SINGLE,0,0,1,False,-1
3016,SINGLE,0,0,1,False,-1
3017,DOUBLE,1,0,1,False,-1
3018,DOUBLE,1,0,1,False,-1
3019,SINGLE,0,0,1,False,-1
3020,DOUBLE,1,0,1,False,-1
3021,SINGLE,0,0,1,False,-1
3022,SINGLE,0,0,1,False,-1
3023,SINGLE,0,0,1,False,-1
3024,SINGLE,0,0,1,False,-1
3025,SINGLE,0,0,1,False,-1
3026,TRIPLE,1,1,1,False,-1
3027,SINGLE,0,0,1,False,-1
3028,SINGLE,0,0,1,False,-1
3029,SINGLE,0,0,1,False,-1
3030,DOUBLE,1,0,1,False,-1
3031,DOUBLE,1,0,1,False,-1
3032,SINGLE,0,0,1,False,-1
3033,DOUBLE,1,0,1,False,-1
3034,SINGLE,0,0,1,False,-1
3035,SINGLE,0,0,1,False,-1
3036,SINGLE,0,0,1,False,-1
3037,SINGLE,0,0,1,False,-1
3038,DOUBLE,1,0,1,False,-1
3039,SINGLE,0,0,1,False,-1
3040,DOUBLE,1,0,1,False,-1
3042,SINGLE,0,0,1,False,-1
3043,DOUBLE,1,0,1,False,-1
3045,DOUBLE,1,0,1,False,-1
3046,DOUBLE,1,0,1,False,-1
3047,DOUBLE,1,0,1,False,-1
3048,SINGLE,0,0,1,False,-1
3049,SINGLE,0,0,1,False,-1
3050,DOUBLE,1,0,1,False,-1
3051,DOUBLE,1,0,1,False,-1
3052,DOUBLE,1,0,1,False,-1
3053,SINGLE,0,0,1,False,-1
3054,SINGLE,0,0,1,False,-1
3055,SINGLE,0,0,1,False,-1
3056,SINGLE,0,0,1,False,-1
3057,DOUBLE,1,0,1,False,-1
3058,SINGLE,0,0,1,False,-1
3059,SINGLE,0,0,1,False,-1
3060,DOUBLE,1,0,1,False,-1
3061,DOUBLE,1,0,1,False,-1
3063,DOUBLE,1,0,1,False,-1
3064,SINGLE,0,0,1,False,-1
3065,SINGLE,0,0,1,False,-1
3066,SINGLE,0,0,1,False,-1
3067,SINGLE,0,0,1,False,-1
3068,DOUBLE,1,0,1,False,-1
3069,DOUBLE,1,0,1,False,-1
3070,TRIPLE,1,1,1,False,-1
3071,DOUBLE,1,0,1,False,-1
3072,DOUBLE,1,0,1,False,-1
3073,DOUBLE,1,0,1,False,-1
3074,DOUBLE,1,0,1,False,-1
3075,DOUBLE,0,1,1,False,-1
3076,SINGLE,0,0,1,False,-1
3078,DOUBLE,1,0,1,False,-1
3080,SINGLE,0,0,1,False,-1
3081,DOUBLE,1,0,1,False,-1
3082,DOUBLE,1,0,1,False,-1
3083,SINGLE,0,0,1,False,-1
3084,DOUBLE,1,0,1,False,-1
3085,SINGLE,0,0,1,False,-1
3087,DOUBLE,1,0,1,False,-1
3089,SINGLE,0,0,1,False,-1
3090,DOUBLE,1,0,1,False,-1
3091,DOUBLE,1,0,1,False,-1
3092,DOUBLE,1,0,1,False,-1
3093,SINGLE,0,0,1,False,-1
3094,DOUBLE,1,0,1,False,-1
3096,DOUBLE,1,0,1,False,-1
3097,DOUBLE,1,0,1,False,-1
3098,DOUBLE,1,0,1,False,-1
3099,SINGLE,0,0,1,False,-1
3100,DOUBLE,1,0,1,False,-1
3101,DOUBLE,1,0,1,False,-1
3102,DOUBLE,1,0,1,False,-1
3103,SINGLE,0,0,1,False,-1
3104,SINGLE,0,0,1,False,-1
3105,SINGLE,0,0,1,False,-1
3107,SINGLE,0,0,1,False,-1
3108,SINGLE,0,0,1,False,-1
3110,SINGLE,0,0,1,False,-1
3111,DOUBLE,1,0,1,False,-1
3112,DOUBLE,1,0,1,False,-1
3113,DOUBLE,1,0,1,False,-1
3114,DOUBLE,1,0,1,False,-1
3115,DOUBLE,1,0,1,False,-1
3116,DOUBLE,1,0,1,False,-1
3117,SINGLE,0,0,1,False,-1
3118,DOUBLE,1,0,1,False,-1
3119,DOUBLE,1,0,1,False,-1
3120,SINGLE,0,0,1,False,-1
3121,DOUBLE,1,0,1,False,-1
3122,SINGLE,0,0,1,False,-1
3123,SINGLE,0,0,1,False,-1
3124,DOUBLE,1,0,1,False,-1
3125,DOUBLE,1,0,1,False,-1
3126,DOUBLE,1,0,1,False,-1
3127,DOUBLE,1,0,1,False,-1
3128,DOUBLE,1,0,1,False,-1
3129,DOUBLE,1,0,1,False,-1
3130,SINGLE,0,0,1,False,-1
3131,SINGLE,0,0,1,False,-1
3133,SINGLE,0,0,1,False,-1
3134,SINGLE,0,0,1,False,-1
3135,SINGLE,0,0,1,False,-1
3136,SINGLE,0,0,1,False,-1
3137,SINGLE,0,0,1,False,-1
3138,DOUBLE,1,0,1,False,-1
3139,SINGLE,0,0,1,False,-1
3140,DOUBLE,1,0,1,False,-1
3141,DOUBLE,1,0,1,False,-1
3143,DOUBLE,1,0,1,False,-1
3144,DOUBLE,1,0,1,False,-1
3145,SINGLE,0,0,1,False,-1
3147,DOUBLE,1,0,1,False,-1
3148,DOUBLE,1,0,1,False,-1
3149,SINGLE,0,0,1,False,-1
3150,SINGLE,0,0,1,False,-1
3152,DOUBLE,1,0,1,False,-1
3153,SINGLE,0,0,1,False,-1
3154,SINGLE,0,0,1,False,-1
3155,SINGLE,0,0,1,False,-1
3156,SINGLE,0,0,1,False,-1
3157,DOUBLE,1,0,1,False,-1
3159,DOUBLE,1,0,1,False,-1
3160,SINGLE,0,0,1,False,-1
3161,DOUBLE,1,0,1,False,-1
3162,SINGLE,0,0,1,False,-1
3163,DOUBLE,1,0,1,False,-1
3164,DOUBLE,1,0,1,False,-1
3165,SINGLE,0,0,1,False,-1
3166,SINGLE,0,0,1,False,-1
3167,DOUBLE,1,0,1,False,-1
3168,DOUBLE,1,0,1,False,-1
3169,DOUBLE,1,0,1,False,-1
3170,DOUBLE,1,0,1,False,-1
3171,SINGLE,0,0,1,False,-1
3172,SINGLE,0,0,1,False,-1
3174,DOUBLE,1,0,1,False,-1
3175,SINGLE,0,0,1,False,-1
3176,DOUBLE,1,0,1,False,-1
3177,SINGLE,0,0,1,False,-1
3179,DOUBLE,1,0,1,False,-1
3180,DOUBLE,1,0,1,False,-1
3181,SINGLE,0,0,1,False,-1
3182,DOUBLE,1,0,1,False,-1
3183,DOUBLE,1,0,1,False,-1
3184,SINGLE,0,0,1,False,-1
3185,DOUBLE,1,0,1,False,-1
3186,SINGLE,0,0,1,False,-1
3187,SINGLE,0,0,1,False,-1
3188,DOUBLE,1,0,1,False,-1
3189,DOUBLE,1,0,1,False,-1
3190,DOUBLE,1,0,1,False,-1
3191,SINGLE,0,0,1,False,-1
3192,SINGLE,0,0,1,False,-1
3193,SINGLE,0,0,1,False,-1
3194,SINGLE,0,0,1,False,-1
3195,SINGLE,0,0,1,False,-1
3196,SINGLE,0,0,1,False,-1
3197,DOUBLE,1,0,1,False,-1
3198,DOUBLE,1,0,1,False,-1
3199,SINGLE,0,0,1,False,-1
3200,DOUBLE,1,0,1,False,-1
3201,DOUBLE,1,0,1,False,-1
3202,DOUBLE,1,0,1,False,-1
3203,DOUBLE,1,0,1,False,-1
3204,DOUBLE,1,0,1,False,-1
3205,SINGLE,0,0,1,False,-1
3206,DOUBLE,1,0,1,False,-1
3207,DOUBLE,1,0,1,False,-1
3208,DOUBLE,0,1,1,False,-1
3209,DOUBLE,1,0,1,False,-1
3210,DOUBLE,1,0,1,False,-1
3211,DOUBLE,1,0,1,False,-1
3212,DOUBLE,1,0,1,False,-1
3213,DOUBLE,1,0,1,False,-1
3214,SINGLE,0,0,1,False,-1
3215,SINGLE,0,0,1,False,-1
3216,SINGLE,0,0,1,False,-1
3217,DOUBLE,1,0,1,False,-1
3218,DOUBLE,1,0,1,False,-1
3219,DOUBLE,1,0,1,False,-1
3220,DOUBLE,1,0,1,False,-1
3221,DOUBLE,1,0,1,False,-1
3222,DOUBLE,1,0,1,False,-1
3223,SINGLE,0,0,1,False,-1
3224,DOUBLE,1,0,1,False,-1
3225,DOUBLE,1,0,1,False,-1
3226,SINGLE,0,0,1,False,-1
3227,SINGLE,0,0,1,False,-1
3228,DOUBLE,1,0,1,False,-1
3229,SINGLE,0,0,1,False,-1
3230,SINGLE,0,0,1,False,-1
3231,DOUBLE,0,1,1,False,-1
3233,DOUBLE,1,0,1,False,-1
3234,DOUBLE,1,0,1,False,-1
3235,DOUBLE,1,0,1,False,-1
3236,SINGLE,0,0,1,False,-1
3237,DOUBLE,1,0,1,False,-1
3238,DOUBLE,1,0,1,False,-1
3239,DOUBLE,1,0,1,False,-1
3240,DOUBLE,1,0,1,False,-1
3241,DOUBLE,1,0,1,False,-1
3242,SINGLE,0,0,1,False,-1
3243,DOUBLE,1,0,1,False,-1
3244,DOUBLE,1,0,1,False,-1
3245,DOUBLE,1,0,1,False,-1
3247,DOUBLE,1,0,1,False,-1
3248,DOUBLE,1,0,1,False,-1
3249,SINGLE,0,0,1,False,-1
3250,DOUBLE,1,0,1,False,-1
3251,DOUBLE,1,0,1,False,-1
3252,SINGLE,0,0,1,False,-1
3253,SINGLE,0,0,1,False,-1
3254,DOUBLE,1,0,1,False,-1
3255,DOUBLE,1,0,1,False,-1
3256,SINGLE,0,0,1,False,-1
3257,DOUBLE,1,0,1,False,-1
3258,SINGLE,0,0,1,False,-1
3259,DOUBLE,1,0,1,False,-1
3261,SINGLE,0,0,1,False,-1
3262,DOUBLE,1,0,1,False,-1
3264,DOUBLE,1,0,1,False,-1
3266,DOUBLE,1,0,1,False,-1
3267,SINGLE,0,0,1,False,-1
3268,DOUBLE,1,0,1,False,-1
3269,DOUBLE,1,0,1,False,-1
3270,SINGLE,0,0,1,False,-1
3271,DOUBLE,1,0,1,False,-1
3272,SINGLE,0,0,1,False,-1
3273,SINGLE,0,0,1,False,-1
3274,SINGLE,0,0,1,False,-1
3275,SINGLE,0,0,1,False,-1
3277,DOUBLE,1,0,1,False,-1
3278,SINGLE,0,0,1,False,-1
3280,DOUBLE,1,0,1,False,-1
3281,SINGLE,0,0,1,False,-1
3282,SINGLE,0,0,1,False,-1
3283,SINGLE,0,0,1,False,-1
3284,DOUBLE,1,0,1,False,-1
3285,SINGLE,0,0,1,False,-1
3286,SINGLE,0,0,1,False,-1
3287,SINGLE,0,0,1,False,-1
3288,DOUBLE,1,0,1,False,-1
3289,DOUBLE,1,0,1,False,-1
3290,SINGLE,0,0,1,False,-1
3291,SINGLE,0,0,1,False,-1
3292,DOUBLE,1,0,1,False,-1
3293,DOUBLE,1,0,1,False,-1
3294,DOUBLE,1,0,1,False,-1
3295,SINGLE,0,0,1,False,-1
3296,SINGLE,0,0,1,False,-1
3297,SINGLE,0,0,1,False,-1
3298,SINGLE,0,0,1,False,-1
3299,DOUBLE,1,0,1,False,-1
3300,SINGLE,0,0,1,False,-1
3301,DOUBLE,1,0,1,False,-1
3302,DOUBLE,1,0,1,False,-1
3303,DOUBLE,1,0,1,False,-1
3304,SINGLE,0,0,1,False,-1
3305,SINGLE,0,0,1,False,-1
3306,DOUBLE,1,0,1,False,-1
3307,DOUBLE,1,0,1,False,-1
3308,SINGLE,0,0,1,False,-1
3310,SINGLE,0,0,1,False,-1
3311,SINGLE,0,0,1,False,-1
3312,DOUBLE,1,0,1,False,-1
3313,SINGLE,0,0,1,False,-1
3314,SINGLE,0,0,1,False,-1
3315,SINGLE,0,0,1,False,-1
3316,SINGLE,0,0,1,False,-1
3317,SINGLE,0,0,1,False,-1
3318,DOUBLE,1,0,1,False,-1
3319,SINGLE,0,0,1,False,-1
3321,DOUBLE,1,0,1,False,-1
3322,SINGLE,0,0,1,False,-1
3323,SINGLE,0,0,1,False,-1
3324,SINGLE,0,0,1,False,-1
3325,SINGLE,0,0,1,False,-1
3326,SINGLE,0,0,1,False,-1
3327,DOUBLE,1,0,1,False,-1
3328,DOUBLE,1,0,1,False,-1
3329,DOUBLE,1,0,1,False,-1
3330,DOUBLE,1,0,1,False,-1
3331,DOUBLE,0,1,1,False,-1
3332,SINGLE,0,0,1,False,-1
3334,SINGLE,0,0,1,False,-1
3335,SINGLE,0,0,1,False,-1
3336,DOUBLE,1,0,1,False,-1
3337,SINGLE,0,0,1,False,-1
3339,DOUBLE,1,0,1,False,-1
3340,SINGLE,0,0,1,False,-1
3341,DOUBLE,1,0,1,False,-1
3342,DOUBLE,1,0,1,False,-1
3343,DOUBLE,1,0,1,False,-1
3344,SINGLE,0,0,1,False,-1
3345,SINGLE,0,0,1,False,-1
3346,DOUBLE,1,0,1,False,-1
3347,DOUBLE,1,0,1,False,-1
3348,SINGLE,0,0,1,False,-1
3349,DOUBLE,1,0,1,False,-1
3350,DOUBLE,1,0,1,False,-1
3352,DOUBLE,1,0,1,False,-1
3353,DOUBLE,1,0,1,False,-1
3354,DOUBLE,1,0,1,False,-1
3355,DOUBLE,1,0,1,False,-1
3356,SINGLE,0,0,1,False,-1
3357,DOUBLE,1,0,1,False,-1
3358,DOUBLE,1,0,1,False,-1
3359,SINGLE,0,0,1,False,-1
3360,DOUBLE,1,0,1,False,-1
3361,DOUBLE,1,0,1,False,-1
3362,DOUBLE,1,0,1,False,-1
3363,DOUBLE,1,0,1,False,-1
3364,DOUBLE,1,0,1,False,-1
3365,SINGLE,0,0,1,False,-1
3367,DOUBLE,1,0,1,False,-1
3368,TRIPLE,1,1,1,False,-1
3369,DOUBLE,1,0,1,False,-1
3370,SINGLE,0,0,1,False,-1
3372,SINGLE,0,0,1,False,-1
3373,DOUBLE,1,0,1,False,-1
3374,SINGLE,0,0,1,False,-1
3375,SINGLE,0,0,1,False,-1
3376,SINGLE,0,0,1,False,-1
3377,SINGLE,0,0,1,False,-1
3379,DOUBLE,1,0,1,False,-1
3380,SINGLE,0,0,1,False,-1
3381,DOUBLE,1,0,1,False,-1
3383,SINGLE,0,0,1,False,-1
3384,SINGLE,0,0,1,False,-1
3385,SINGLE,0,0,1,False,-1
3386,SINGLE,0,0,1,False,-1
3387,DOUBLE,1,0,1,False,-1
3388,SINGLE,0,0,1,False,-1
3389,DOUBLE,1,0,1,False,-1
3390,SINGLE,0,0,1,False,-1
3391,DOUBLE,1,0,1,False,-1
3393,DOUBLE,1,0,1,False,-1
3394,SINGLE,0,0,1,False,-1
3395,DOUBLE,1,0,1,False,-1
3396,SINGLE,0,0,1,False,-1
3397,DOUBLE,1,0,1,False,-1
3398,SINGLE,0,0,1,False,-1
3399,SINGLE,0,0,1,False,-1
3401,DOUBLE,1,0,1,False,-1
3402,DOUBLE,1,0,1,False,-1
3403,SINGLE,0,0,1,False,-1
3405,DOUBLE,1,0,1,False,-1
3406,SINGLE,0,0,1,False,-1
3407,DOUBLE,1,0,1,False,-1
3408,DOUBLE,1,0,1,False,-1
3409,DOUBLE,1,0,1,False,-1
3410,SINGLE,0,0,1,False,-1
3411,DOUBLE,1,0,1,False,-1
3412,SINGLE,0,0,1,False,-1
3413,DOUBLE,1,0,1,False,-1
3414,SINGLE,0,0,1,False,-1
3415,DOUBLE,1,0,1,False,-1
3416,DOUBLE,1,0,1,False,-1
3418,DOUBLE,1,0,1,False,-1
3419,DOUBLE,1,0,1,False,-1
3420,SINGLE,0,0,1,False,-1
3421,DOUBLE,1,0,1,False,-1
3422,DOUBLE,1,0,1,False,-1
3424,SINGLE,0,0,1,False,-1
3425,SINGLE,0,0,1,False,-1
3426,DOUBLE,1,0,1,False,-1
3427,DOUBLE,1,0,1,False,-1
3428,DOUBLE,1,0,1,False,-1
3429,SINGLE,0,0,1,False,-1
3431,SINGLE,0,0,1,False,-1
3432,DOUBLE,1,0,1,False,-1
3434,DOUBLE,1,0,1,False,-1
3435,DOUBLE,1,0,1,False,-1
3436,DOUBLE,1,0,1,False,-1
3438,DOUBLE,1,0,1,False,-1
3439,DOUBLE,0,1,1,False,-1
3440,DOUBLE,1,0,1,False,-1
3441,SINGLE,0,0,1,False,-1
3442,DOUBLE,1,0,1,False,-1
3443,DOUBLE,1,0,1,False,-1
3444,DOUBLE,1,0,1,False,-1
3445,DOUBLE,1,0,1,False,-1
3446,DOUBLE,1,0,1,False,-1
3448,DOUBLE,1,0,1,False,-1
3449,DOUBLE,1,0,1,False,-1
3450,SINGLE,0,0,1,False,-1
3451,SINGLE,0,0,1,False,-1
3452,DOUBLE,1,0,1,False,-1
3453,SINGLE,0,0,1,False,-1
3454,DOUBLE,1,0,1,False,-1
3455,SINGLE,0,0,1,False,-1
3456,DOUBLE,1,0,1,False,-1
3457,SINGLE,0,0,1,False,-1
3458,DOUBLE,1,0,1,False,-1
3459,DOUBLE,1,0,1,False,-1
3460,DOUBLE,1,0,1,False,-1
3461,SINGLE,0,0,1,False,-1
3462,SINGLE,0,0,1,False,-1
3463,DOUBLE,1,0,1,False,-1
3464,DOUBLE,1,0,1,False,-1
3465,SINGLE,0,0,1,False,-1
3466,TRIPLE,1,1,1,False,-1
3467,DOUBLE,1,0,1,False,-1
3468,SINGLE,0,0,1,False,-1
3469,DOUBLE,1,0,1,False,-1
3471,DOUBLE,1,0,1,False,-1
3472,DOUBLE,1,0,1,False,-1
3474,DOUBLE,1,0,1,False,-1
3475,DOUBLE,1,0,1,False,-1
3476,DOUBLE,1,0,1,False,-1
3477,DOUBLE,1,0,1,False,-1
3478,SINGLE,0,0,1,False,-1
3479,SINGLE,0,0,1,False,-1
3480,DOUBLE,1,0,1,False,-1
3481,SINGLE,0,0,1,False,-1
3482,DOUBLE,1,0,1,False,-1
3483,DOUBLE,1,0,1,False,-1
3484,DOUBLE,0,1,1,False,-1
3486,SINGLE,0,0,1,False,-1
3487,SINGLE,0,0,1,False,-1
3488,DOUBLE,1,0,1,False,-1
3489,SINGLE,0,0,1,False,-1
3490,DOUBLE,1,0,1,False,-1
3491,SINGLE,0,0,1,False,-1
3493,DOUBLE,1,0,1,False,-1
3494,DOUBLE,1,0,1,False,-1
3495,DOUBLE,1,0,1,False,-1
3496,SINGLE,0,0,1,False,-1
3497,SINGLE,0,0,1,False,-1
3499,DOUBLE,1,0,1,False,-1
3500,DOUBLE,1,0,1,False,-1
3501,DOUBLE,1,0,1,False,-1
3503,SINGLE,0,0,1,False,-1
3504,SINGLE,0,0,1,False,-1
3505,DOUBLE,1,0,1,False,-1
3506,SINGLE,1,0,0,False,-1
3507,DOUBLE,1,0,1,False,-1
3508,SINGLE,0,0,1,False,-1
3509,SINGLE,0,0,1,False,-1
3510,SINGLE,0,0,1,False,-1
3511,SINGLE,0,0,1,False,-1
3512,SINGLE,0,0,1,False,-1
3513,SINGLE,0,0,1,False,-1
3514,DOUBLE,1,0,1,False,-1
3515,SINGLE,0,0,1,False,-1
3516,SINGLE,0,0,1,False,-1
3517,DOUBLE,1,0,1,False,-1
3518,DOUBLE,1,0,1,False,-1
3519,SINGLE,0,0,1,False,-1
3520,SINGLE,0,0,1,False,-1
3521,DOUBLE,1,0,1,False,-1
3522,TRIPLE,1,1,1,False,-1
3523,DOUBLE,1,0,1,False,-1
3525,DOUBLE,1,0,1,False,-1
3526,TRIPLE,1,1,1,False,-1
3527,SINGLE,0,0,1,False,-1
3528,SINGLE,0,0,1,False,-1
3529,DOUBLE,1,0,1,False,-1
3530,DOUBLE,1,0,1,False,-1
3531,SINGLE,0,0,1,False,-1
3532,DOUBLE,1,0,1,False,-1
3533,SINGLE,0,0,1,False,-1
3534,SINGLE,0,0,1,False,-1
3535,DOUBLE,1,0,1,False,-1
3536,DOUBLE,1,0,1,False,-1
3537,SINGLE,0,0,1,False,-1
3539,DOUBLE,1,0,1,False,-1
3541,SINGLE,0,0,1,False,-1
3542,DOUBLE,1,0,1,False,-1
3543,SINGLE,0,0,1,False,-1
3544,DOUBLE,1,0,1,False,-1
3545,DOUBLE,1,0,1,False,-1
3548,SINGLE,0,0,1,False,-1
3549,SINGLE,0,0,1,False,-1
3550,DOUBLE,1,0,1,False,-1
3551,SINGLE,0,0,1,False,-1
3552,DOUBLE,1,0,1,False,-1
3554,DOUBLE,1,0,1,False,-1
3555,DOUBLE,1,0,1,False,-1
3556,SINGLE,0,0,1,False,-1
3558,SINGLE,0,0,1,False,-1
3559,DOUBLE,1,0,1,False,-1
3560,DOUBLE,1,0,1,False,-1
3562,DOUBLE,1,0,1,False,-1
3563,SINGLE,0,0,1,False,-1
3564,DOUBLE,1,0,1,False,-1
3565,SINGLE,0,0,1,False,-1
3567,SINGLE,0,0,1,False,-1
3568,DOUBLE,1,0,1,False,-1
3569,DOUBLE,1,0,1,False,-1
3570,DOUBLE,1,0,1,False,-1
3571,SINGLE,0,0,1,False,-1
3573,DOUBLE,1,0,1,False,-1
3574,SINGLE,0,0,1,False,-1
3575,SINGLE,0,0,1,False,-1
3576,SINGLE,0,0,1,False,-1
3577,SINGLE,0,0,1,False,-1
3578,TRIPLE,1,1,1,False,-1
3579,DOUBLE,1,0,1,False,-1
3580,SINGLE,0,0,1,False,-1
3581,SINGLE,0,0,1,False,-1
3582,SINGLE,0,0,1,False,-1
3583,SINGLE,0,0,1,False,-1
3584,SINGLE,0,0,1,False,-1
3585,DOUBLE,1,0,1,False,-1
3586,SINGLE,0,0,1,False,-1
3587,DOUBLE,1,0,1,False,-1
3589,DOUBLE,1,0,1,False,-1
3590,DOUBLE,1,0,1,False,-1
3591,SINGLE,0,0,1,False,-1
3592,DOUBLE,1,0,1,False,-1
3593,DOUBLE,1,0,1,False,-1
3594,DOUBLE,1,0,1,False,-1
3595,DOUBLE,1,0,1,False,-1
3596,SINGLE,0,0,1,False,-1
3597,SINGLE,0,0,1,False,-1
3598,DOUBLE,1,0,1,False,-1
3599,DOUBLE,1,0,1,False,-1
3600,DOUBLE,1,0,1,False,-1
3602,DOUBLE,1,0,1,False,-1
3603,DOUBLE,1,0,1,False,-1
3604,DOUBLE,1,0,1,False,-1
3605,DOUBLE,1,0,1,False,-1
3607,SINGLE,0,0,1,False,-1
3608,SINGLE,0,0,1,False,-1
3609,SINGLE,0,0,1,False,-1
3610,SINGLE,0,0,1,False,-1
3611,SINGLE,0,0,1,False,-1
3613,DOUBLE,1,0,1,False,-1
3614,DOUBLE,1,0,1,False,-1
3615,DOUBLE,0,1,1,False,-1
3616,SINGLE,0,0,1,False,-1
3617,DOUBLE,1,0,1,False,-1
3618,DOUBLE,1,0,1,False,-1
3619,DOUBLE,1,0,1,False,-1
3620,SINGLE,0,0,1,False,-1
3621,DOUBLE,1,0,1,False,-1
3623,DOUBLE,1,0,1,False,-1
3624,SINGLE,0,0,1,False,-1
3625,SINGLE,0,0,1,False,-1
3626,DOUBLE,1,0,1,False,-1
3627,DOUBLE,1,0,1,False,-1
3628,SINGLE,0,0,1,False,-1
3629,DOUBLE,1,0,1,False,-1
3630,DOUBLE,1,0,1,False,-1
3631,SINGLE,0,0,1,False,-1
3632,DOUBLE,1,0,1,False,-1
3633,DOUBLE,1,0,1,False,-1
3634,DOUBLE,1,0,1,False,-1
3635,SINGLE,0,0,1,False,-1
3636,DOUBLE,1,0,1,False,-1
3637,DOUBLE,1,0,1,False,-1
3638,SINGLE,0,0,1,False,-1
3639,DOUBLE,1,0,1,False,-1
3640,DOUBLE,1,0,1,False,-1
3641,DOUBLE,1,0,1,False,-1
3642,SINGLE,0,0,1,False,-1
3643,DOUBLE,1,0,1,False,-1
3644,DOUBLE,1,0,1,False,-1
3647,DOUBLE,1,0,1,False,-1
3648,DOUBLE,1,0,1,False,-1
3649,DOUBLE,1,0,1,False,-1
3650,DOUBLE,1,0,1,False,-1
3651,SINGLE,0,0,1,False,-1
3652,SINGLE,0,0,1,False,-1
3653,SINGLE,0,0,1,False,-1
3654,DOUBLE,1,0,1,False,-1
3655,SINGLE,0,0,1,False,-1
3656,DOUBLE,1,0,1,False,-1
3657,SINGLE,0,0,1,False,-1
3658,DOUBLE,1,0,1,False,-1
3660,DOUBLE,1,0,1,False,-1
3661,SINGLE,0,0,1,False,-1
3662,DOUBLE,1,0,1,False,-1
3663,SINGLE,0,0,1,False,-1
3664,DOUBLE,1,0,1,False,-1
3666,DOUBLE,1,0,1,False,-1
3667,SINGLE,0,0,1,False,-1
3668,SINGLE,0,0,1,False,-1
3669,DOUBLE,1,0,1,False,-1
3670,TRIPLE,1,1,1,False,-1
3671,SINGLE,0,0,1,False,-1
3672,SINGLE,0,0,1,False,-1
3673,SINGLE,0,0,1,False,-1
3674,DOUBLE,1,0,1,False,-1
3675,DOUBLE,1,0,1,False,-1
3676,DOUBLE,1,0,1,False,-1
3677,SINGLE,0,0,1,False,-1
3678,SINGLE,0,0,1,False,-1
3679,SINGLE,0,0,1,False,-1
3680,SINGLE,0,0,1,False,-1
3682,DOUBLE,1,0,1,False,-1
3684,SINGLE,0,0,1,False,-1
3685,DOUBLE,1,0,1,False,-1
3686,SINGLE,0,0,1,False,-1
3687,DOUBLE,1,0,1,False,-1
3688,DOUBLE,1,0,1,False,-1
3689,SINGLE,0,0,1,False,-1
3690,SINGLE,0,0,1,False,-1
3691,DOUBLE,1,0,1,False,-1
3693,DOUBLE,1,0,1,False,-1
3694,SINGLE,0,0,1,False,-1
3695,SINGLE,0,0,1,False,-1
3696,SINGLE,0,0,1,False,-1
3699,SINGLE,0,0,1,False,-1
3701,DOUBLE,0,1,1,False,-1
3702,SINGLE,0,0,1,False,-1
3703,SINGLE,0,0,1,False,-1
3704,SINGLE,0,0,1,False,-1
3705,SINGLE,0,0,1,False,-1
3706,DOUBLE,1,0,1,False,-1
3707,DOUBLE,1,0,1,False,-1
3708,DOUBLE,1,0,1,False,-1
3709,DOUBLE,1,0,1,False,-1
3710,SINGLE,0,0,1,False,-1
3711,SINGLE,0,0,1,False,-1
3713,DOUBLE,1,0,1,False,-1
3715,DOUBLE,1,0,1,False,-1
3717,DOUBLE,1,0,1,False,-1
3718,DOUBLE,1,0,1,False,-1
3719,SINGLE,0,0,1,False,-1
3720,SINGLE,0,0,1,False,-1
3722,SINGLE,0,0,1,False,-1
3723,DOUBLE,1,0,1,False,-1
3724,SINGLE,0,0,1,False,-1
3725,DOUBLE,1,0,1,False,-1
3726,DOUBLE,1,0,1,False,-1
3728,DOUBLE,1,0,1,False,-1
3729,DOUBLE,1,0,1,False,-1
3730,DOUBLE,1,0,1,False,-1
3731,DOUBLE,1,0,1,False,-1
3732,DOUBLE,1,0,1,False,-1
3733,DOUBLE,1,0,1,False,-1
3734,DOUBLE,1,0,1,False,-1
3735,DOUBLE,1,0,1,False,-1
3736,SINGLE,0,0,1,False,-1
3737,SINGLE,0,0,1,False,-1
3738,SINGLE,0,0,1,False,-1
3739,DOUBLE,1,0,1,False,-1
3740,SINGLE,0,0,1,False,-1
3741,SINGLE,0,0,1,False,-1
3742,SINGLE,0,0,1,False,-1
3743,DOUBLE,1,0,1,False,-1
3744,SINGLE,0,0,1,False,-1
3745,DOUBLE,1,0,1,False,-1
3746,DOUBLE,1,0,1,False,-1
3747,DOUBLE,1,0,1,False,-1
3748,DOUBLE,1,0,1,False,-1
3749,SINGLE,0,0,1,False,-1
3750,DOUBLE,1,0,1,False,-1
3753,SINGLE,0,0,1,False,-1
3754,DOUBLE,1,0,1,False,-1
3755,DOUBLE,1,0,1,False,-1
3756,DOUBLE,1,0,1,False,-1
3757,SINGLE,0,0,1,False,-1
3758,DOUBLE,1,0,1,False,-1
3759,DOUBLE,1,0,1,False,-1
3760,DOUBLE,1,0,1,False,-1
3761,DOUBLE,1,0,1,False,-1
3762,DOUBLE,1,0,1,False,-1
3763,DOUBLE,1,0,1,False,-1
3764,DOUBLE,1,0,1,False,-1
3765,DOUBLE,1,0,1,False,-1
3766,SINGLE,0,0,1,False,-1
3767,SINGLE,0,0,1,False,-1
3768,DOUBLE,1,0,1,False,-1
3769,DOUBLE,1,0,1,False,-1
3770,DOUBLE,1,0,1,False,-1
3771,SINGLE,0,0,1,False,-1
3772,SINGLE,0,0,1,False,-1
3773,DOUBLE,1,0,1,False,-1
3774,SINGLE,0,0,1,False,-1
3775,SINGLE,0,0,1,False,-1
3776,DOUBLE,1,0,1,False,-1
3777,SINGLE,0,0,1,False,-1
3779,DOUBLE,1,0,1,False,-1
3780,SINGLE,0,0,1,False,-1
3781,DOUBLE,1,0,1,False,-1
3783,SINGLE,0,0,1,False,-1
3784,DOUBLE,1,0,1,False,-1
3785,DOUBLE,1,0,1,False,-1
3787,DOUBLE,1,0,1,False,-1
3788,SINGLE,0,0,1,False,-1
3789,DOUBLE,1,0,1,False,-1
3790,DOUBLE,1,0,1,False,-1
3793,SINGLE,0,0,1,False,-1
3794,DOUBLE,1,0,1,False,-1
3795,SINGLE,0,0,1,False,-1
3796,DOUBLE,1,0,1,False,-1
3797,DOUBLE,1,0,1,False,-1
3798,DOUBLE,1,0,1,False,-1
3799,DOUBLE,1,0,1,False,-1
3800,SINGLE,0,0,1,False,-1
3801,DOUBLE,1,0,1,False,-1
3802,DOUBLE,1,0,1,False,-1
3803,SINGLE,0,0,1,False,-1
3804,DOUBLE,1,0,1,False,-1
3805,DOUBLE,1,0,1,False,-1
3806,DOUBLE,1,0,1,False,-1
3807,SINGLE,0,0,1,False,-1
3808,DOUBLE,1,0,1,False,-1
3809,SINGLE,0,0,1,False,-1
3810,DOUBLE,1,0,1,False,-1
3811,SINGLE,0,0,1,False,-1
3812,DOUBLE,1,0,1,False,-1
3813,SINGLE,0,0,1,False,-1
3814,SINGLE,0,0,1,False,-1
3815,SINGLE,0,0,1,False,-1
3816,DOUBLE,1,0,1,False,-1
3817,DOUBLE,1,0,1,False,-1
3818,SINGLE,0,0,1,False,-1
3819,SINGLE,0,0,1,False,-1
3820,DOUBLE,1,0,1,False,-1
3821,DOUBLE,1,0,1,False,-1
3822,SINGLE,0,0,1,False,-1
3823,SINGLE,0,0,1,False,-1
3824,SINGLE,0,0,1,False,-1
3826,DOUBLE,1,0,1,False,-1
3827,SINGLE,0,0,1,False,-1
3828,DOUBLE,1,0,1,False,-1
3830,DOUBLE,1,0,1,False,-1
3831,DOUBLE,1,0,1,False,-1
3832,DOUBLE,1,0,1,False,-1
3833,SINGLE,0,0,1,False,-1
3835,DOUBLE,1,0,1,False,-1
3836,SINGLE,0,0,1,False,-1
3837,DOUBLE,1,0,1,False,-1
3838,SINGLE,0,0,1,False,-1
3839,SINGLE,0,0,1,False,-1
3840,SINGLE,0,0,1,False,-1
3841,SINGLE,0,0,1,False,-1
3842,DOUBLE,1,0,1,False,-1
3843,DOUBLE,1,0,1,False,-1
3844,DOUBLE,1,0,1,False,-1
3846,DOUBLE,1,0,1,False,-1
3847,DOUBLE,1,0,1,False,-1
3848,DOUBLE,1,0,1,False,-1
3849,DOUBLE,1,0,1,False,-1
3850,SINGLE,0,0,1,False,-1
3851,DOUBLE,1,0,1,False,-1
3852,DOUBLE,1,0,1,False,-1
3853,DOUBLE,1,0,1,False,-1
3854,DOUBLE,1,0,1,False,-1
3855,SINGLE,0,0,1,False,-1
3856,SINGLE,0,0,1,False,-1
3857,DOUBLE,1,0,1,False,-1
3858,DOUBLE,1,0,1,False,-1
3859,DOUBLE,1,0,1,False,-1
3860,DOUBLE,1,0,1,False,-1
3861,SINGLE,0,0,1,False,-1
3862,DOUBLE,1,0,1,False,-1
3863,SINGLE,0,0,1,False,-1
3864,SINGLE,0,0,1,False,-1
3865,SINGLE,0,0,1,False,-1
3866,DOUBLE,1,0,1,False,-1
3867,SINGLE,0,0,1,False,-1
3868,SINGLE,0,0,1,False,-1
3869,DOUBLE,1,0,1,False,-1
3870,DOUBLE,1,0,1,False,-1
3871,DOUBLE,1,0,1,False,-1
3872,DOUBLE,1,0,1,False,-1
3873,SINGLE,0,0,1,False,-1
3874,DOUBLE,1,0,1,False,-1
3875,DOUBLE,1,0,1,False,-1
3876,DOUBLE,1,0,1,False,-1
3877,DOUBLE,1,0,1,False,-1
3878,SINGLE,0,0,1,False,-1
3879,DOUBLE,1,0,1,False,-1
3880,DOUBLE,1,0,1,False,-1
3881,DOUBLE,1,0,1,False,-1
3882,DOUBLE,1,0,1,False,-1
3883,DOUBLE,1,0,1,False,-1
3884,SINGLE,0,0,1,False,-1
3885,SINGLE,0,0,1,False,-1
3886,SINGLE,0,0,1,False,-1
3887,DOUBLE,1,0,1,False,-1
3888,DOUBLE,1,0,1,False,-1
3889,SINGLE,0,0,1,False,-1
3892,SINGLE,0,0,1,False,-1
3893,DOUBLE,1,0,1,False,-1
3894,DOUBLE,1,0,1,False,-1
3895,SINGLE,0,0,1,False,-1
3896,DOUBLE,1,0,1,False,-1
3897,TRIPLE,1,1,1,False,-1
3898,DOUBLE,1,0,1,False,-1
3900,DOUBLE,1,0,1,False,-1
3901,SINGLE,0,0,1,False,-1
3902,DOUBLE,1,0,1,False,-1
3903,SINGLE,0,0,1,False,-1
3904,SINGLE,0,0,1,False,-1
3905,DOUBLE,1,0,1,False,-1
3906,SINGLE,0,0,1,False,-1
3907,SINGLE,0,0,1,False,-1
3908,SINGLE,0,0,1,False,-1
3909,DOUBLE,1,0,1,False,-1
3910,SINGLE,0,0,1,False,-1
3912,DOUBLE,1,0,1,False,-1
3913,DOUBLE,1,0,1,False,-1
3915,SINGLE,0,0,1,False,-1
3916,DOUBLE,1,0,1,False,-1
3917,DOUBLE,1,0,1,False,-1
3918,SINGLE,0,0,1,False,-1
3919,SINGLE,0,0,1,False,-1
3920,DOUBLE,1,0,1,False,-1
3921,DOUBLE,1,0,1,False,-1
3923,SINGLE,0,0,1,False,-1
3924,DOUBLE,1,0,1,False,-1
3925,DOUBLE,1,0,1,False,-1
3926,DOUBLE,1,0,1,False,-1
3927,DOUBLE,1,0,1,False,-1
3928,SINGLE,0,0,1,False,-1
3929,SINGLE,0,0,1,False,-1
3931,DOUBLE,1,0,1,False,-1
3932,DOUBLE,1,0,1,False,-1
3933,DOUBLE,1,0,1,False,-1
3934,SINGLE,0,0,1,False,-1
3935,DOUBLE,1,0,1,False,-1
3936,SINGLE,0,0,1,False,-1
3937,SINGLE,0,0,1,False,-1
3938,DOUBLE,1,0,1,False,-1
3939,DOUBLE,1,0,1,False,-1
3940,DOUBLE,1,0,1,False,-1
3941,SINGLE,0,0,1,False,-1
3944,DOUBLE,1,0,1,False,-1
3945,DOUBLE,1,0,1,False,-1
3946,DOUBLE,1,0,1,False,-1
3947,DOUBLE,1,0,1,False,-1
3948,DOUBLE,1,0,1,False,-1
3949,DOUBLE,1,0,1,False,-1
3950,SINGLE,0,0,1,False,-1
3951,SINGLE,0,0,1,False,-1
3952,SINGLE,0,0,1,False,-1
3954,SINGLE,0,0,1,False,-1
3955,DOUBLE,1,0,1,False,-1
3956,DOUBLE,1,0,1,False,-1
3958,DOUBLE,1,0,1,False,-1
3959,DOUBLE,1,0,1,False,-1
3960,DOUBLE,1,0,1,False,-1
3961,DOUBLE,1,0,1,False,-1
3962,DOUBLE,1,0,1,False,-1
3963,DOUBLE,1,0,1,False,-1
3965,SINGLE,0,0,1,False,-1
3966,DOUBLE,1,0,1,False,-1
3967,SINGLE,0,0,1,False,-1
3968,SINGLE,0,0,1,False,-1
3969,SINGLE,0,0,1,False,-1
3970,DOUBLE,1,0,1,False,-1
3971,DOUBLE,1,0,1,False,-1
3972,SINGLE,0,0,1,False,-1
3973,SINGLE,0,0,1,False,-1
3974,SINGLE,0,0,1,False,-1
3975,SINGLE,0,0,1,False,-1
3976,DOUBLE,1,0,1,False,-1
3977,DOUBLE,1,0,1,False,-1
3978,SINGLE,0,0,1,False,-1
3979,SINGLE,0,0,1,False,-1
3980,SINGLE,0,0,1,False,-1
3981,DOUBLE,1,0,1,False,-1
3982,SINGLE,0,0,1,False,-1
3983,SINGLE,0,0,1,False,-1
3984,DOUBLE,1,0,1,False,-1
3985,DOUBLE,1,0,1,False,-1
3986,DOUBLE,1,0,1,False,-1
3987,SINGLE,0,0,1,False,-1
3988,DOUBLE,1,0,1,False,-1
3989,DOUBLE,1,0,1,False,-1
3990,DOUBLE,1,0,1,False,-1
3991,SINGLE,0,0,1,False,-1
3992,DOUBLE,1,0,1,False,-1
3993,DOUBLE,0,1,1,False,-1
3994,DOUBLE,1,0,1,False,-1
3995,DOUBLE,1,0,1,False,-1
3996,DOUBLE,1,0,1,False,-1
3999,SINGLE,0,0,1,False,-1
4000,DOUBLE,1,0,1,False,-1
4001,SINGLE,0,0,1,False,-1
4002,SINGLE,0,0,1,False,-1
4003,SINGLE,0,0,1,False,-1
4004,DOUBLE,0,1,1,False,-1
4005,SINGLE,0,0,1,False,-1
4006,SINGLE,0,0,1,False,-1
4007,SINGLE,0,0,1,False,-1
4009,DOUBLE,1,0,1,False,-1
4010,DOUBLE,1,0,1,False,-1
4011,DOUBLE,1,0,1,False,-1
4013,SINGLE,0,0,1,False,-1
4014,DOUBLE,1,0,1,False,-1
4015,DOUBLE,1,0,1,False,-1
4016,SINGLE,0,0,1,False,-1
4017,DOUBLE,1,0,1,False,-1
4018,DOUBLE,1,0,1,False,-1
4019,SINGLE,0,0,1,False,-1
4020,SINGLE,0,0,1,False,-1
4021,SINGLE,0,0,1,False,-1
4022,DOUBLE,1,0,1,False,-1
4023,DOUBLE,0,1,1,False,-1
4024,DOUBLE,1,0,1,False,-1
4025,SINGLE,0,0,1,False,-1
4026,DOUBLE,1,0,1,False,-1
4027,SINGLE,0,0,1,False,-1
4028,SINGLE,0,0,1,False,-1
4029,SINGLE,0,0,1,False,-1
4030,DOUBLE,1,0,1,False,-1
4031,DOUBLE,1,0,1,False,-1
4032,DOUBLE,1,0,1,False,-1
4033,SINGLE,0,0,1,False,-1
4034,DOUBLE,1,0,1,False,-1
4035,SINGLE,0,0,1,False,-1
4036,DOUBLE,1,0,1,False,-1
4037,DOUBLE,1,0,1,False,-1
4038,DOUBLE,1,0,1,False,-1
4039,DOUBLE,1,0,1,False,-1
4040,SINGLE,0,0,1,False,-1
4041,DOUBLE,1,0,1,False,-1
4042,SINGLE,0,0,1,False,-1
4043,DOUBLE,1,0,1,False,-1
4044,DOUBLE,1,0,1,False,-1
4045,DOUBLE,1,0,1,False,-1
4046,DOUBLE,1,0,1,False,-1
4048,SINGLE,0,0,1,False,-1
4049,SINGLE,0,0,1,False,-1
4050,DOUBLE,1,0,1,False,-1
4051,SINGLE,0,0,1,False,-1
4052,SINGLE,0,0,1,False,-1
4053,DOUBLE,1,0,1,False,-1
4054,DOUBLE,1,0,1,False,-1
4055,DOUBLE,1,0,1,False,-1
4056,SINGLE,0,0,1,False,-1
4058,DOUBLE,1,0,1,False,-1
4059,SINGLE,0,0,1,False,-1
4060,SINGLE,0,0,1,False,-1
4061,DOUBLE,1,0,1,False,-1
4062,DOUBLE,1,0,1,False,-1
4063,SINGLE,0,0,1,False,-1
4064,DOUBLE,1,0,1,False,-1
4065,DOUBLE,1,0,1,False,-1
4066,SINGLE,0,0,1,False,-1
4067,DOUBLE,1,0,1,False,-1
4068,SINGLE,0,0,1,False,-1
4069,SINGLE,0,0,1,False,-1
4070,DOUBLE,1,0,1,False,-1
4071,DOUBLE,1,0,1,False,-1
4072,DOUBLE,1,0,1,False,-1
4073,SINGLE,0,0,1,False,-1
4074,DOUBLE,1,0,1,False,-1
4075,DOUBLE,1,0,1,False,-1
4076,SINGLE,0,0,1,False,-1
4077,SINGLE,0,0,1,False,-1
4078,DOUBLE,1,0,1,False,-1
4079,DOUBLE,1,0,1,False,-1
4080,DOUBLE,1,0,1,False,-1
4081,SINGLE,0,0,1,False,-1
4083,DOUBLE,1,0,1,False,-1
4084,DOUBLE,1,0,1,False,-1
4085,SINGLE,0,0,1,False,-1
4086,DOUBLE,1,0,1,False,-1
4087,DOUBLE,1,0,1,False,-1
4088,SINGLE,0,0,1,False,-1
4090,DOUBLE,1,0,1,False,-1
4091,DOUBLE,1,0,1,False,-1
4092,DOUBLE,1,0,1,False,-1
4095,SINGLE,0,0,1,False,-1
4096,SINGLE,0,0,1,False,-1
4098,DOUBLE,1,0,1,False,-1
4099,DOUBLE,1,0,1,False,-1
4100,DOUBLE,1,0,1,False,-1
4101,SINGLE,0,0,1,False,-1
4102,SINGLE,0,0,1,False,-1
4103,SINGLE,0,0,1,False,-1
4104,SINGLE,0,0,1,False,-1
4107,DOUBLE,1,0,1,False,-1
4108,SINGLE,0,0,1,False,-1
4109,DOUBLE,1,0,1,False,-1
4110,SINGLE,0,0,1,False,-1
4111,DOUBLE,1,0,1,False,-1
4112,SINGLE,0,0,1,False,-1
4113,DOUBLE,1,0,1,False,-1
4115,DOUBLE,1,0,1,False,-1
4116,DOUBLE,1,0,1,False,-1
4117,SINGLE,0,0,1,False,-1
4118,DOUBLE,1,0,1,False,-1
4119,DOUBLE,1,0,1,False,-1
4120,SINGLE,0,0,1,False,-1
4122,DOUBLE,1,0,1,False,-1
4123,DOUBLE,1,0,1,False,-1
4124,SINGLE,0,0,1,False,-1
4125,DOUBLE,1,0,1,False,-1
4126,DOUBLE,1,0,1,False,-1
4127,DOUBLE,1,0,1,False,-1
4128,DOUBLE,1,0,1,False,-1
4129,DOUBLE,1,0,1,False,-1
4131,DOUBLE,1,0,1,False,-1
4132,DOUBLE,1,0,1,False,-1
4133,DOUBLE,1,0,1,False,-1
4135,SINGLE,0,0,1,False,-1
4137,DOUBLE,1,0,1,False,-1
4138,SINGLE,0,0,1,False,-1
4139,SINGLE,0,0,1,False,-1
4140,DOUBLE,1,0,1,False,-1
4141,SINGLE,0,0,1,False,-1
4142,DOUBLE,1,0,1,False,-1
4144,DOUBLE,1,0,1,False,-1
4145,SINGLE,0,0,1,False,-1
4146,SINGLE,0,0,1,False,-1
4147,DOUBLE,1,0,1,False,-1
4148,SINGLE,0,0,1,False,-1
4149,DOUBLE,1,0,1,False,-1
4150,SINGLE,0,0,1,False,-1
4151,DOUBLE,1,0,1,False,-1
4152,SINGLE,0,0,1,False,-1
4153,DOUBLE,1,0,1,False,-1
4154,DOUBLE,1,0,1,False,-1
4155,SINGLE,0,0,1,False,-1
4156,SINGLE,0,0,1,False,-1
4157,DOUBLE,0,1,1,False,-1
4158,DOUBLE,1,0,1,False,-1
4160,SINGLE,0,0,1,False,-1
4161,SINGLE,0,0,1,False,-1
4162,DOUBLE,1,0,1,False,-1
4163,SINGLE,0,0,1,False,-1
4164,DOUBLE,1,0,1,False,-1
4165,DOUBLE,1,0,1,False,-1
4167,DOUBLE,1,0,1,False,-1
4168,DOUBLE,1,0,1,False,-1
4169,SINGLE,0,0,1,False,-1
4170,SINGLE,0,0,1,False,-1
4171,DOUBLE,1,0,1,False,-1
4172,DOUBLE,1,0,1,False,-1
4173,DOUBLE,1,0,1,False,-1
4174,SINGLE,0,0,1,False,-1
4176,DOUBLE,1,0,1,False,-1
4177,SINGLE,0,0,1,False,-1
4178,SINGLE,0,0,1,False,-1
4179,TRIPLE,1,1,1,False,-1
4181,DOUBLE,1,0,1,False,-1
4182,DOUBLE,1,0,1,False,-1
4183,SINGLE,0,0,1,False,-1
4184,DOUBLE,1,0,1,False,-1
4186,DOUBLE,1,0,1,False,-1
4187,DOUBLE,1,0,1,False,-1
4189,DOUBLE,1,0,1,False,-1
4190,SINGLE,0,0,1,False,-1
4191,DOUBLE,1,0,1,False,-1
4192,DOUBLE,1,0,1,False,-1
4193,DOUBLE,1,0,1,False,-1
4194,SINGLE,0,0,1,False,-1
4195,DOUBLE,1,0,1,False,-1
4196,SINGLE,0,0,1,False,-1
4197,DOUBLE,1,0,1,False,-1
4199,DOUBLE,1,0,1,False,-1
4200,DOUBLE,1,0,1,False,-1
4201,DOUBLE,1,0,1,False,-1
4202,DOUBLE,1,0,1,False,-1
4203,SINGLE,0,0,1,False,-1
4204,SINGLE,0,0,1,False,-1
4205,SINGLE,0,0,1,False,-1
4206,SINGLE,0,0,1,False,-1
4208,DOUBLE,1,0,1,False,-1
4209,DOUBLE,1,0,1,False,-1
4210,DOUBLE,1,0,1,False,-1
4211,DOUBLE,1,0,1,False,-1
4212,SINGLE,0,0,1,False,-1
4213,SINGLE,0,0,1,False,-1
4214,SINGLE,0,0,1,False,-1
4215,DOUBLE,1,0,1,False,-1
4216,SINGLE,0,0,1,False,-1
4217,SINGLE,0,0,1,False,-1
4218,DOUBLE,1,0,1,False,-1
4219,DOUBLE,1,0,1,False,-1
4222,SINGLE,0,0,1,False,-1
4224,DOUBLE,1,0,1,False,-1
4225,SINGLE,0,0,1,False,-1
4226,DOUBLE,1,0,1,False,-1
4227,SINGLE,0,0,1,False,-1
4228,DOUBLE,1,0,1,False,-1
4229,DOUBLE,1,0,1,False,-1
4230,DOUBLE,1,0,1,False,-1
4231,DOUBLE,1,0,1,False,-1
4232,DOUBLE,1,0,1,False,-1
4233,SINGLE,0,0,1,False,-1
4234,SINGLE,0,0,1,False,-1
4235,SINGLE,0,0,1,False,-1
4236,SINGLE,0,0,1,False,-1
4237,DOUBLE,1,0,1,False,-1
4238,DOUBLE,1,0,1,False,-1
4239,DOUBLE,1,0,1,False,-1
4240,DOUBLE,1,0,1,False,-1
4241,DOUBLE,1,0,1,False,-1
4242,SINGLE,0,0,1,False,-1
4243,SINGLE,0,0,1,False,-1
4244,DOUBLE,1,0,1,False,-1
4245,DOUBLE,1,0,1,False,-1
4246,SINGLE,0,0,1,False,-1
4247,SINGLE,0,0,1,False,-1
4248,DOUBLE,1,0,1,False,-1
4249,SINGLE,0,0,1,False,-1
4250,DOUBLE,1,0,1,False,-1
4251,DOUBLE,1,0,1,False,-1
4252,SINGLE,0,0,1,False,-1
4253,DOUBLE,1,0,1,False,-1
4254,DOUBLE,1,0,1,False,-1
4255,SINGLE,0,0,1,False,-1
4257,DOUBLE,0,1,1,False,-1
4258,DOUBLE,1,0,1,False,-1
4259,DOUBLE,1,0,1,False,-1
4260,DOUBLE,1,0,1,False,-1
4261,SINGLE,0,0,1,False,-1
4262,DOUBLE,1,0,1,False,-1
4263,SINGLE,0,0,1,False,-1
4265,DOUBLE,1,0,1,False,-1
4266,SINGLE,0,0,1,False,-1
4267,SINGLE,0,0,1,False,-1
4268,DOUBLE,1,0,1,False,-1
4269,DOUBLE,1,0,1,False,-1
4270,DOUBLE,1,0,1,False,-1
4271,SINGLE,0,0,1,False,-1
4272,DOUBLE,1,0,1,False,-1
4273,SINGLE,0,0,1,False,-1
4274,SINGLE,0,0,1,False,-1
4275,DOUBLE,1,0,1,False,-1
4276,DOUBLE,1,0,1,False,-1
4277,DOUBLE,1,0,1,False,-1
4278,DOUBLE,1,0,1,False,-1
4280,SINGLE,0,0,1,False,-1
4281,SINGLE,0,0,1,False,-1
4282,DOUBLE,1,0,1,False,-1
4283,DOUBLE,1,0,1,False,-1
4284,DOUBLE,1,0,1,False,-1
4285,DOUBLE,1,0,1,False,-1
4286,SINGLE,0,0,1,False,-1
4287,DOUBLE,1,0,1,False,-1
4288,DOUBLE,1,0,1,False,-1
4291,SINGLE,0,0,1,False,-1
4293,DOUBLE,1,0,1,False,-1
4294,DOUBLE,1,0,1,False,-1
4295,DOUBLE,1,0,1,False,-1
4296,DOUBLE,1,0,1,False,-1
4297,DOUBLE,1,0,1,False,-1
4298,DOUBLE,1,0,1,False,-1
4299,DOUBLE,1,0,1,False,-1
4300,DOUBLE,1,0,1,False,-1
4301,SINGLE,0,0,1,False,-1
4302,SINGLE,0,0,1,False,-1
4303,DOUBLE,1,0,1,False,-1
4304,DOUBLE,1,0,1,False,-1
4305,DOUBLE,1,0,1,False,-1
4306,DOUBLE,1,0,1,False,-1
4307,DOUBLE,1,0,1,False,-1
4308,DOUBLE,1,0,1,False,-1
4309,DOUBLE,1,0,1,False,-1
4310,SINGLE,0,0,1,False,-1
4311,SINGLE,0,0,1,False,-1
4312,SINGLE,0,0,1,False,-1
4313,SINGLE,0,0,1,False,-1
4314,DOUBLE,1,0,1,False,-1
4316,SINGLE,0,0,1,False,-1
4317,DOUBLE,1,0,1,False,-1
4319,DOUBLE,1,0,1,False,-1
4320,TRIPLE,1,1,1,False,-1
4321,DOUBLE,1,0,1,False,-1
4322,SINGLE,0,0,1,False,-1
4323,SINGLE,0,0,1,False,-1
4324,DOUBLE,1,0,1,False,-1
4326,SINGLE,0,0,1,False,-1
4327,DOUBLE,1,0,1,False,-1
4328,DOUBLE,1,0,1,False,-1
4329,SINGLE,0,0,1,False,-1
4330,DOUBLE,1,0,1,False,-1
4331,SINGLE,0,0,1,False,-1
4333,DOUBLE,1,0,1,False,-1
4334,DOUBLE,1,0,1,False,-1
4335,DOUBLE,1,0,1,False,-1
4336,SINGLE,0,0,1,False,-1
4337,SINGLE,0,0,1,False,-1
4338,SINGLE,0,0,1,False,-1
4339,DOUBLE,1,0,1,False,-1
4340,DOUBLE,1,0,1,False,-1
4341,DOUBLE,1,0,1,False,-1
4342,SINGLE,0,0,1,False,-1
4343,SINGLE,0,0,1,False,-1
4344,SINGLE,0,0,1,False,-1
4345,SINGLE,0,0,1,False,-1
4346,DOUBLE,1,0,1,False,-1
4347,DOUBLE,1,0,1,False,-1
4348,SINGLE,0,0,1,False,-1
4349,SINGLE,0,0,1,False,-1
4350,SINGLE,0,0,1,False,-1
4351,DOUBLE,1,0,1,False,-1
4352,DOUBLE,1,0,1,False,-1
4353,DOUBLE,1,0,1,False,-1
4354,DOUBLE,1,0,1,False,-1
4355,SINGLE,0,0,1,False,-1
4356,SINGLE,0,0,1,False,-1
4357,SINGLE,0,0,1,False,-1
4358,SINGLE,0,0,1,False,-1
4359,SINGLE,0,0,1,False,-1
4360,DOUBLE,1,0,1,False,-1
4361,TRIPLE,1,1,1,False,-1
4362,SINGLE,0,0,1,False,-1
4363,DOUBLE,1,0,1,False,-1
4365,SINGLE,0,0,1,False,-1
4367,DOUBLE,1,0,1,False,-1
4368,DOUBLE,1,0,1,False,-1
4369,SINGLE,0,0,1,False,-1
4371,SINGLE,0,0,1,False,-1
4372,DOUBLE,1,0,1,False,-1
4374,SINGLE,0,0,1,False,-1
4375,DOUBLE,1,0,1,False,-1
4377,SINGLE,0,0,1,False,-1
4378,DOUBLE,1,0,1,False,-1
4380,DOUBLE,1,0,1,False,-1
4382,DOUBLE,1,0,1,False,-1
4383,SINGLE,0,0,1,False,-1
4384,DOUBLE,1,0,1,False,-1
4385,SINGLE,0,0,1,False,-1
4386,SINGLE,0,0,1,False,-1
4388,DOUBLE,1,0,1,False,-1
4389,SINGLE,0,0,1,False,-1
4390,SINGLE,0,0,1,False,-1
4391,SINGLE,0,0,1,False,-1
4392,SINGLE,0,0,1,False,-1
4393,SINGLE,0,0,1,False,-1
4394,SINGLE,0,0,1,False,-1
4397,DOUBLE,1,0,1,False,-1
4398,DOUBLE,1,0,1,False,-1
4399,DOUBLE,1,0,1,False,-1
4400,DOUBLE,1,0,1,False,-1
4401,DOUBLE,1,0,1,False,-1
4402,DOUBLE,1,0,1,False,-1
4403,SINGLE,0,0,1,False,-1
4404,DOUBLE,1,0,1,False,-1
4405,SINGLE,0,0,1,False,-1
4406,DOUBLE,1,0,1,False,-1
4409,DOUBLE,1,0,1,False,-1
4411,DOUBLE,1,0,1,False,-1
4412,DOUBLE,1,0,1,False,-1
4413,DOUBLE,1,0,1,False,-1
4414,DOUBLE,1,0,1,False,-1
4415,SINGLE,0,0,1,False,-1
4416,DOUBLE,1,0,1,False,-1
4417,DOUBLE,1,0,1,False,-1
4418,SINGLE,0,0,1,False,-1
4419,DOUBLE,1,0,1,False,-1
4420,DOUBLE,1,0,1,False,-1
4421,SINGLE,0,0,1,False,-1
4422,DOUBLE,1,0,1,False,-1
4423,DOUBLE,1,0,1,False,-1
4424,DOUBLE,1,0,1,False,-1
4425,SINGLE,0,0,1,False,-1
4428,SINGLE,0,0,1,False,-1
4429,DOUBLE,1,0,1,False,-1
4430,DOUBLE,1,0,1,False,-1
4431,DOUBLE,1,0,1,False,-1
4432,DOUBLE,1,0,1,False,-1
4433,DOUBLE,1,0,1,False,-1
4434,DOUBLE,1,0,1,False,-1
4435,SINGLE,0,0,1,False,-1
4436,SINGLE,0,0,1,False,-1
4437,SINGLE,0,0,1,False,-1
4438,DOUBLE,1,0,1,False,-1
4439,SINGLE,0,0,1,False,-1
4440,DOUBLE,1,0,1,False,-1
4441,DOUBLE,1,0,1,False,-1
4442,SINGLE,0,0,1,False,-1
4443,DOUBLE,0,1,1,False,-1
4444,DOUBLE,1,0,1,False,-1
4445,DOUBLE,1,0,1,False,-1
4446,SINGLE,0,0,1,False,-1
4447,SINGLE,0,0,1,False,-1
4448,DOUBLE,1,0,1,False,-1
4449,DOUBLE,1,0,1,False,-1
4450,DOUBLE,1,0,1,False,-1
4451,DOUBLE,1,0,1,False,-1
4452,DOUBLE,1,0,1,False,-1
4453,SINGLE,0,0,1,False,-1
4454,SINGLE,0,0,1,False,-1
4455,SINGLE,0,0,1,False,-1
4456,DOUBLE,1,0,1,False,-1
4457,DOUBLE,1,0,1,False,-1
4459,SINGLE,0,0,1,False,-1
4460,SINGLE,0,0,1,False,-1
4461,DOUBLE,1,0,1,False,-1
4462,DOUBLE,1,0,1,False,-1
4463,DOUBLE,1,0,1,False,-1
4464,DOUBLE,1,0,1,False,-1
4465,DOUBLE,1,0,1,False,-1
4466,DOUBLE,1,0,1,False,-1
4467,DOUBLE,1,0,1,False,-1
4469,DOUBLE,1,0,1,False,-1
4470,DOUBLE,1,0,1,False,-1
4471,DOUBLE,1,0,1,False,-1
4472,DOUBLE,1,0,1,False,-1
4473,DOUBLE,1,0,1,False,-1
4474,SINGLE,0,0,1,False,-1
4476,DOUBLE,1,0,1,False,-1
4478,SINGLE,0,0,1,False,-1
4479,DOUBLE,1,0,1,False,-1
4480,SINGLE,0,0,1,False,-1
4481,SINGLE,0,0,1,False,-1
4482,DOUBLE,1,0,1,False,-1
4483,DOUBLE,1,0,1,False,-1
4484,SINGLE,0,0,1,False,-1
4485,DOUBLE,1,0,1,False,-1
4486,DOUBLE,1,0,1,False,-1
4487,DOUBLE,1,0,1,False,-1
4488,SINGLE,0,0,1,False,-1
4489,SINGLE,0,0,1,False,-1
4490,DOUBLE,1,0,1,False,-1
4491,DOUBLE,1,0,1,False,-1
4492,DOUBLE,1,0,1,False,-1
4493,DOUBLE,1,0,1,False,-1
4494,DOUBLE,1,0,1,False,-1
4495,SINGLE,0,0,1,False,-1
4496,DOUBLE,0,1,1,False,-1
4497,SINGLE,0,0,1,False,-1
4498,SINGLE,0,0,1,False,-1
4499,SINGLE,0,0,1,False,-1
4500,SINGLE,0,0,1,False,-1
4501,DOUBLE,1,0,1,False,-1
4502,SINGLE,0,0,1,False,-1
4503,SINGLE,0,0,1,False,-1
4504,DOUBLE,1,0,1,False,-1
4505,SINGLE,0,0,1,False,-1
4506,DOUBLE,1,0,1,False,-1
4507,SINGLE,0,0,1,False,-1
4508,SINGLE,0,0,1,False,-1
4509,DOUBLE,1,0,1,False,-1
4510,DOUBLE,1,0,1,False,-1
4511,SINGLE,0,0,1,False,-1
4512,DOUBLE,1,0,1,False,-1
4513,SINGLE,0,0,1,False,-1
4514,DOUBLE,1,0,1,False,-1
4517,SINGLE,0,0,1,False,-1
4518,DOUBLE,1,0,1,False,-1
4519,SINGLE,0,0,1,False,-1
4520,SINGLE,0,0,1,False,-1
4521,SINGLE,0,0,1,False,-1
4522,DOUBLE,1,0,1,False,-1
4523,SINGLE,0,0,1,False,-1
4524,SINGLE,0,0,1,False,-1
4525,DOUBLE,1,0,1,False,-1
4526,SINGLE,0,0,1,False,-1
4527,DOUBLE,1,0,1,False,-1
4528,SINGLE,0,0,1,False,-1
4529,DOUBLE,1,0,1,False,-1
4530,DOUBLE,1,0,1,False,-1
4531,DOUBLE,1,0,1,False,-1
4532,DOUBLE,1,0,1,False,-1
4533,DOUBLE,1,0,1,False,-1
4534,SINGLE,0,0,1,False,-1
4535,DOUBLE,1,0,1,False,-1
4536,SINGLE,0,0,1,False,-1
4537,SINGLE,0,0,1,False,-1
4538,SINGLE,0,0,1,False,-1
4539,SINGLE,0,0,1,False,-1
4540,DOUBLE,1,0,1,False,-1
4542,DOUBLE,1,0,1,False,-1
4543,DOUBLE,1,0,1,False,-1
4544,DOUBLE,1,0,1,False,-1
4546,SINGLE,0,0,1,False,-1
4547,SINGLE,0,0,1,False,-1
4548,SINGLE,0,0,1,False,-1
4549,SINGLE,0,0,1,False,-1
4550,DOUBLE,1,0,1,False,-1
4551,DOUBLE,1,0,1,False,-1
4552,SINGLE,0,0,1,False,-1
4553,DOUBLE,1,0,1,False,-1
4554,DOUBLE,1,0,1,False,-1
4555,DOUBLE,0,1,1,False,-1
4556,DOUBLE,1,0,1,False,-1
4557,SINGLE,0,0,1,False,-1
4558,DOUBLE,1,0,1,False,-1
4559,SINGLE,0,0,1,False,-1
4560,SINGLE,0,0,1,False,-1
4561,DOUBLE,1,0,1,False,-1
4562,SINGLE,0,0,1,False,-1
4563,DOUBLE,1,0,1,False,-1
4564,DOUBLE,1,0,1,False,-1
4566,DOUBLE,1,0,1,False,-1
4567,SINGLE,0,0,1,False,-1
4568,DOUBLE,1,0,1,False,-1
4569,DOUBLE,1,0,1,False,-1
4570,DOUBLE,1,0,1,False,-1
4571,DOUBLE,1,0,1,False,-1
4572,DOUBLE,1,0,1,False,-1
4573,DOUBLE,1,0,1,False,-1
4574,SINGLE,0,0,1,False,-1
4575,DOUBLE,1,0,1,False,-1
4576,SINGLE,0,0,1,False,-1
4577,SINGLE,0,0,1,False,-1
4578,SINGLE,0,0,1,False,-1
4579,SINGLE,0,0,1,False,-1
4580,DOUBLE,1,0,1,False,-1
4581,DOUBLE,1,0,1,False,-1
4582,SINGLE,0,0,1,False,-1
4583,DOUBLE,1,0,1,False,-1
4584,DOUBLE,1,0,1,False,-1
4586,SINGLE,0,0,1,False,-1
4587,DOUBLE,1,0,1,False,-1
4588,DOUBLE,1,0,1,False,-1
4589,SINGLE,0,0,1,False,-1
4590,SINGLE,0,0,1,False,-1
4591,DOUBLE,1,0,1,False,-1
4592,DOUBLE,1,0,1,False,-1
4593,SINGLE,0,0,1,False,-1
4594,DOUBLE,1,0,1,False,-1
4595,SINGLE,0,0,1,False,-1
4596,SINGLE,0,0,1,False,-1
4597,SINGLE,0,0,1,False,-1
4598,DOUBLE,1,0,1,False,-1
4599,DOUBLE,1,0,1,False,-1
4600,SINGLE,0,0,1,False,-1
4602,DOUBLE,1,0,1,False,-1
4603,DOUBLE,1,0,1,False,-1
4604,SINGLE,0,0,1,False,-1
4605,SINGLE,0,0,1,False,-1
4607,DOUBLE,1,0,1,False,-1
4608,DOUBLE,1,0,1,False,-1
4609,DOUBLE,1,0,1,False,-1
4610,SINGLE,0,0,1,False,-1
4612,DOUBLE,1,0,1,False,-1
4613,DOUBLE,1,0,1,False,-1
4614,DOUBLE,1,0,1,False,-1
4615,DOUBLE,1,0,1,False,-1
4616,SINGLE,0,0,1,False,-1
4617,SINGLE,0,0,1,False,-1
4618,DOUBLE,1,0,1,False,-1
4619,SINGLE,0,0,1,False,-1
4620,DOUBLE,1,0,1,False,-1
4621,SINGLE,0,0,1,False,-1
4622,DOUBLE,1,0,1,False,-1
4623,SINGLE,0,0,1,False,-1
4624,DOUBLE,1,0,1,False,-1
4625,DOUBLE,1,0,1,False,-1
4626,SINGLE,0,0,1,False,-1
4627,SINGLE,0,0,1,False,-1
4628,DOUBLE,1,0,1,False,-1
4629,SINGLE,0,0,1,False,-1
4630,DOUBLE,1,0,1,False,-1
4631,DOUBLE,1,0,1,False,-1
4632,DOUBLE,1,0,1,False,-1
4634,SINGLE,0,0,1,False,-1
4635,SINGLE,0,0,1,False,-1
4636,SINGLE,0,0,1,False,-1
4637,SINGLE,0,0,1,False,-1
4638,DOUBLE,1,0,1,False,-1
4639,SINGLE,0,0,1,False,-1
4640,SINGLE,0,0,1,False,-1
4641,DOUBLE,1,0,1,False,-1
4642,SINGLE,0,0,1,False,-1
4643,DOUBLE,1,0,1,False,-1
4644,DOUBLE,1,0,1,False,-1
4645,SINGLE,0,0,1,False,-1
4646,DOUBLE,1,0,1,False,-1
4647,DOUBLE,1,0,1,False,-1
4648,SINGLE,0,0,1,False,-1
4649,SINGLE,0,0,1,False,-1
4650,DOUBLE,1,0,1,False,-1
4651,SINGLE,0,0,1,False,-1
4652,DOUBLE,1,0,1,False,-1
4653,DOUBLE,1,0,1,False,-1
4654,DOUBLE,1,0,1,False,-1
4655,SINGLE,0,0,1,False,-1
4656,DOUBLE,1,0,1,False,-1
4657,SINGLE,0,0,1,False,-1
4658,SINGLE,0,0,1,False,-1
4659,SINGLE,0,0,1,False,-1
4660,DOUBLE,1,0,1,False,-1
4661,DOUBLE,1,0,1,False,-1
4662,SINGLE,0,0,1,False,-1
4663,SINGLE,0,0,1,False,-1
4664,SINGLE,0,0,1,False,-1
4665,DOUBLE,1,0,1,False,-1
4666,SINGLE,0,0,1,False,-1
4667,DOUBLE,1,0,1,False,-1
4668,SINGLE,0,0,1,False,-1
4669,DOUBLE,1,0,1,False,-1
4670,SINGLE,0,0,1,False,-1
4671,DOUBLE,1,0,1,False,-1
4672,DOUBLE,1,0,1,False,-1
4673,SINGLE,0,0,1,False,-1
4674,SINGLE,0,0,1,False,-1
4675,SINGLE,0,0,1,False,-1
4677,DOUBLE,1,0,1,False,-1
4678,DOUBLE,1,0,1,False,-1
4679,SINGLE,0,0,1,False,-1
4680,SINGLE,0,0,1,False,-1
4681,SINGLE,0,0,1,False,-1
4682,DOUBLE,1,0,1,False,-1
4683,DOUBLE,1,0,1,False,-1
4684,SINGLE,0,0,1,False,-1
4685,SINGLE,0,0,1,False,-1
4686,DOUBLE,1,0,1,False,-1
4687,DOUBLE,1,0,1,False,-1
4688,SINGLE,0,0,1,False,-1
4689,TRIPLE,1,1,1,False,-1
4690,DOUBLE,1,0,1,False,-1
4691,SINGLE,0,0,1,False,-1
4692,DOUBLE,1,0,1,False,-1
4693,DOUBLE,1,0,1,False,-1
4694,SINGLE,0,0,1,False,-1
4695,DOUBLE,1,0,1,False,-1
4697,SINGLE,0,0,1,False,-1
4699,DOUBLE,1,0,1,False,-1
4700,SINGLE,0,0,1,False,-1
4701,DOUBLE,1,0,1,False,-1
4702,DOUBLE,1,0,1,False,-1
4703,SINGLE,0,0,1,False,-1
4704,DOUBLE,1,0,1,False,-1
4705,SINGLE,0,0,1,False,-1
4706,DOUBLE,1,0,1,False,-1
4708,DOUBLE,1,0,1,False,-1
4709,DOUBLE,1,0,1,False,-1
4710,DOUBLE,1,0,1,False,-1
4711,DOUBLE,1,0,1,False,-1
4712,DOUBLE,1,0,1,False,-1
4715,SINGLE,0,0,1,False,-1
4716,SINGLE,0,0,1,False,-1
4717,DOUBLE,1,0,1,False,-1
4718,SINGLE,0,0,1,False,-1
4719,DOUBLE,1,0,1,False,-1
4720,DOUBLE,1,0,1,False,-1
4721,DOUBLE,1,0,1,False,-1
4722,SINGLE,0,0,1,False,-1
4724,DOUBLE,1,0,1,False,-1
4726,SINGLE,0,0,1,False,-1
4727,DOUBLE,1,0,1,False,-1
4728,DOUBLE,1,0,1,False,-1
4729,DOUBLE,1,0,1,False,-1
4730,DOUBLE,1,0,1,False,-1
4731,DOUBLE,1,0,1,False,-1
4732,DOUBLE,1,0,1,False,-1
4733,DOUBLE,1,0,1,False,-1
4734,DOUBLE,1,0,1,False,-1
4735,DOUBLE,1,0,1,False,-1
4736,SINGLE,0,0,1,False,-1
4737,SINGLE,0,0,1,False,-1
4739,DOUBLE,1,0,1,False,-1
4741,DOUBLE,1,0,1,False,-1
4742,DOUBLE,1,0,1,False,-1
4743,SINGLE,0,0,1,False,-1
4744,DOUBLE,1,0,1,False,-1
4745,DOUBLE,1,0,1,False,-1
4746,DOUBLE,1,0,1,False,-1
4747,SINGLE,0,0,1,False,-1
4748,DOUBLE,1,0,1,False,-1
4749,SINGLE,0,0,1,False,-1
4750,DOUBLE,1,0,1,False,-1
4751,DOUBLE,1,0,1,False,-1
4752,DOUBLE,1,0,1,False,-1
4753,DOUBLE,1,0,1,False,-1
4754,SINGLE,0,0,1,False,-1
4755,DOUBLE,1,0,1,False,-1
4756,SINGLE,0,0,1,False,-1
4757,DOUBLE,1,0,1,False,-1
4758,SINGLE,0,0,1,False,-1
4759,DOUBLE,1,0,1,False,-1
4760,DOUBLE,1,0,1,False,-1
4761,DOUBLE,1,0,1,False,-1
4762,SINGLE,0,0,1,False,-1
4763,DOUBLE,1,0,1,False,-1
4765,SINGLE,0,0,1,False,-1
4766,DOUBLE,1,0,1,False,-1
4768,SINGLE,0,0,1,False,-1
4769,DOUBLE,1,0,1,False,-1
4770,SINGLE,0,0,1,False,-1
4771,SINGLE,0,0,1,False,-1
4772,SINGLE,0,0,1,False,-1
4773,SINGLE,0,0,1,False,-1
4774,DOUBLE,1,0,1,False,-1
4775,DOUBLE,1,0,1,False,-1
4776,SINGLE,0,0,1,False,-1
4777,SINGLE,0,0,1,False,-1
4778,SINGLE,0,0,1,False,-1
4779,SINGLE,0,0,1,False,-1
4780,DOUBLE,1,0,1,False,-1
4781,DOUBLE,1,0,1,False,-1
4782,DOUBLE,1,0,1,False,-1
4783,SINGLE,0,0,1,False,-1
4784,DOUBLE,1,0,1,False,-1
4785,SINGLE,0,0,1,False,-1
4786,SINGLE,0,0,1,False,-1
4787,SINGLE,0,0,1,False,-1
4788,SINGLE,0,0,1,False,-1
4789,TRIPLE,1,1,1,False,-1
4790,DOUBLE,1,0,1,False,-1
4791,DOUBLE,1,0,1,False,-1
4792,DOUBLE,1,0,1,False,-1
4793,TRIPLE,1,1,1,False,-1
4794,DOUBLE,1,0,1,False,-1
4795,SINGLE,0,0,1,False,-1
4796,DOUBLE,1,0,1,False,-1
4797,DOUBLE,1,0,1,False,-1
4798,DOUBLE,1,0,1,False,-1
4799,DOUBLE,1,0,1,False,-1
4800,DOUBLE,1,0,1,False,-1
4801,DOUBLE,1,0,1,False,-1
4802,DOUBLE,1,0,1,False,-1
4803,SINGLE,0,0,1,False,-1
4804,DOUBLE,0,1,1,False,-1
4805,DOUBLE,1,0,1,False,-1
4806,DOUBLE,1,0,1,False,-1
4807,DOUBLE,1,0,1,False,-1
4808,DOUBLE,1,0,1,False,-1
4809,DOUBLE,1,0,1,False,-1
4810,DOUBLE,1,0,1,False,-1
4811,SINGLE,0,0,1,False,-1
4812,SINGLE,0,0,1,False,-1
4813,DOUBLE,0,1,1,False,-1
4814,DOUBLE,1,0,1,False,-1
4815,SINGLE,0,0,1,False,-1
4816,SINGLE,0,0,1,False,-1
4817,SINGLE,0,0,1,False,-1
4818,SINGLE,0,0,1,False,-1
4819,SINGLE,0,0,1,False,-1
4820,DOUBLE,1,0,1,False,-1
4821,DOUBLE,1,0,1,False,-1
4822,SINGLE,0,0,1,False,-1
4823,SINGLE,0,0,1,False,-1
4824,DOUBLE,1,0,1,False,-1
4825,DOUBLE,1,0,1,False,-1
4826,DOUBLE,1,0,1,False,-1
4827,SINGLE,0,0,1,False,-1
4828,DOUBLE,1,0,1,False,-1
4829,DOUBLE,1,0,1,False,-1
4830,DOUBLE,1,0,1,False,-1
4831,DOUBLE,1,0,1,False,-1
4832,SINGLE,0,0,1,False,-1
4833,SINGLE,0,0,1,False,-1
4834,DOUBLE,1,0,1,False,-1
4835,SINGLE,0,0,1,False,-1
4836,SINGLE,0,0,1,False,-1
4837,SINGLE,0,0,1,False,-1
4838,DOUBLE,1,0,1,False,-1
4842,DOUBLE,1,0,1,False,-1
4843,SINGLE,0,0,1,False,-1
4844,SINGLE,0,0,1,False,-1
4845,SINGLE,0,0,1,False,-1
4848,DOUBLE,1,0,1,False,-1
4849,DOUBLE,1,0,1,False,-1
4850,DOUBLE,1,0,1,False,-1
4851,SINGLE,0,0,1,False,-1
4852,DOUBLE,1,0,1,False,-1
4853,DOUBLE,1,0,1,False,-1
4855,DOUBLE,1,0,1,False,-1
4857,DOUBLE,1,0,1,False,-1
4858,DOUBLE,1,0,1,False,-1
4859,DOUBLE,1,0,1,False,-1
4860,SINGLE,0,0,1,False,-1
4861,SINGLE,0,0,1,False,-1
4862,DOUBLE,1,0,1,False,-1
4863,DOUBLE,1,0,1,False,-1
4864,SINGLE,0,0,1,False,-1
4865,DOUBLE,1,0,1,False,-1
4866,SINGLE,0,0,1,False,-1
4868,DOUBLE,1,0,1,False,-1
4869,DOUBLE,1,0,1,False,-1
4870,SINGLE,0,0,1,False,-1
4871,SINGLE,0,0,1,False,-1
4872,DOUBLE,1,0,1,False,-1
4873,SINGLE,0,0,1,False,-1
4874,DOUBLE,1,0,1,False,-1
4875,SINGLE,0,0,1,False,-1
4876,DOUBLE,1,0,1,False,-1
4877,SINGLE,0,0,1,False,-1
4878,SINGLE,0,0,1,False,-1
4879,DOUBLE,1,0,1,False,-1
4880,DOUBLE,1,0,1,False,-1
4881,SINGLE,0,0,1,False,-1
4882,SINGLE,0,0,1,False,-1
4883,DOUBLE,1,0,1,False,-1
4884,DOUBLE,1,0,1,False,-1
4885,DOUBLE,1,0,1,False,-1
4887,DOUBLE,1,0,1,False,-1
4888,SINGLE,0,0,1,False,-1
4889,DOUBLE,1,0,1,False,-1
4890,SINGLE,0,0,1,False,-1
4891,SINGLE,0,0,1,False,-1
4892,DOUBLE,1,0,1,False,-1
4893,DOUBLE,1,0,1,False,-1
4894,DOUBLE,1,0,1,False,-1
4895,DOUBLE,1,0,1,False,-1
4896,SINGLE,0,0,1,False,-1
4897,DOUBLE,1,0,1,False,-1
4898,DOUBLE,0,1,1,False,-1
4900,DOUBLE,1,0,1,False,-1
4901,DOUBLE,1,0,1,False,-1
4902,DOUBLE,1,0,1,False,-1
4903,SINGLE,0,0,1,False,-1
4904,DOUBLE,1,0,1,False,-1
4905,DOUBLE,1,0,1,False,-1
4906,DOUBLE,1,0,1,False,-1
4907,SINGLE,0,0,1,False,-1
4908,DOUBLE,1,0,1,False,-1
4909,DOUBLE,1,0,1,False,-1
4911,DOUBLE,1,0,1,False,-1
4912,DOUBLE,1,0,1,False,-1
4913,SINGLE,0,0,1,False,-1
4914,SINGLE,0,0,1,False,-1
4915,SINGLE,0,0,1,False,-1
4916,DOUBLE,1,0,1,False,-1
4917,SINGLE,0,0,1,False,-1
4919,DOUBLE,1,0,1,False,-1
4920,DOUBLE,1,0,1,False,-1
4921,DOUBLE,1,0,1,False,-1
4922,DOUBLE,1,0,1,False,-1
4923,DOUBLE,1,0,1,False,-1
4924,DOUBLE,1,0,1,False,-1
4925,SINGLE,0,0,1,False,-1
4926,SINGLE,0,0,1,False,-1
4927,SINGLE,0,0,1,False,-1
4928,DOUBLE,1,0,1,False,-1
4929,DOUBLE,1,0,1,False,-1
4930,DOUBLE,1,0,1,False,-1
4931,SINGLE,0,0,1,False,-1
4932,SINGLE,0,0,1,False,-1
4933,DOUBLE,1,0,1,False,-1
4934,DOUBLE,1,0,1,False,-1
4936,DOUBLE,1,0,1,False,-1
4938,DOUBLE,1,0,1,False,-1
4939,DOUBLE,1,0,1,False,-1
4940,DOUBLE,1,0,1,False,-1
4941,SINGLE,0,0,1,False,-1
4942,SINGLE,0,0,1,False,-1
4943,SINGLE,0,0,1,False,-1
4944,DOUBLE,1,0,1,False,-1
4945,DOUBLE,1,0,1,False,-1
4946,DOUBLE,1,0,1,False,-1
4947,SINGLE,0,0,1,False,-1
4948,DOUBLE,1,0,1,False,-1
4949,DOUBLE,1,0,1,False,-1
4950,DOUBLE,1,0,1,False,-1
4951,DOUBLE,1,0,1,False,-1
4952,SINGLE,0,0,1,False,-1
4953,SINGLE,0,0,1,False,-1
4954,DOUBLE,1,0,1,False,-1
4955,SINGLE,0,0,1,False,-1
4956,DOUBLE,1,0,1,False,-1
4957,TRIPLE,1,1,1,False,-1
4958,SINGLE,0,0,1,False,-1
4959,DOUBLE,1,0,1,False,-1
4960,DOUBLE,1,0,1,False,-1
4961,SINGLE,0,0,1,False,-1
4962,DOUBLE,1,0,1,False,-1
4963,DOUBLE,1,0,1,False,-1
4965,DOUBLE,1,0,1,False,-1
4966,DOUBLE,1,0,1,False,-1
4967,DOUBLE,1,0,1,False,-1
4968,SINGLE,0,0,1,False,-1
4969,DOUBLE,1,0,1,False,-1
4970,DOUBLE,1,0,1,False,-1
4971,SINGLE,0,0,1,False,-1
4972,DOUBLE,1,0,1,False,-1
4974,DOUBLE,1,0,1,False,-1
4975,DOUBLE,1,0,1,False,-1
4976,SINGLE,0,0,1,False,-1
4977,DOUBLE,1,0,1,False,-1
4978,SINGLE,0,0,1,False,-1
4979,SINGLE,0,0,1,False,-1
4982,SINGLE,0,0,1,False,-1
4983,SINGLE,0,0,1,False,-1
4984,SINGLE,0,0,1,False,-1
4985,DOUBLE,1,0,1,False,-1
4986,DOUBLE,1,0,1,False,-1
4987,SINGLE,0,0,1,False,-1
4988,DOUBLE,1,0,1,False,-1
4990,DOUBLE,1,0,1,False,-1
4991,SINGLE,0,0,1,False,-1
4992,DOUBLE,1,0,1,False,-1
4993,DOUBLE,1,0,1,False,-1
4994,SINGLE,0,0,1,False,-1
4996,SINGLE,0,0,1,False,-1
4997,DOUBLE,1,0,1,False,-1
4998,SINGLE,0,0,1,False,-1
4999,SINGLE,0,0,1,False,-1
5000,DOUBLE,1,0,1,False,-1
5001,DOUBLE,1,0,1,False,-1
5002,DOUBLE,0,1,1,False,-1
5004,SINGLE,0,0,1,False,-1
5005,DOUBLE,1,0,1,False,-1
5006,DOUBLE,1,0,1,False,-1
5007,SINGLE,0,0,1,False,-1
5008,SINGLE,0,0,1,False,-1
5009,DOUBLE,1,0,1,False,-1
5012,DOUBLE,1,0,1,False,-1
5013,DOUBLE,1,0,1,False,-1
5014,SINGLE,0,0,1,False,-1
5015,DOUBLE,1,0,1,False,-1
5017,SINGLE,0,0,1,False,-1
5018,DOUBLE,1,0,1,False,-1
5019,DOUBLE,1,0,1,False,-1
5021,DOUBLE,1,0,1,False,-1
5022,SINGLE,0,0,1,False,-1
5023,SINGLE,0,0,1,False,-1
5024,SINGLE,0,0,1,False,-1
5025,DOUBLE,1,0,1,False,-1
5026,SINGLE,0,0,1,False,-1
5027,DOUBLE,1,0,1,False,-1
5028,DOUBLE,1,0,1,False,-1
5029,DOUBLE,1,0,1,False,-1
5030,SINGLE,0,0,1,False,-1
5031,DOUBLE,1,0,1,False,-1
5032,SINGLE,0,0,1,False,-1
5033,SINGLE,0,0,1,False,-1
5034,DOUBLE,1,0,1,False,-1
5035,SINGLE,0,0,1,False,-1
5036,DOUBLE,1,0,1,False,-1
5037,DOUBLE,1,0,1,False,-1
5038,DOUBLE,1,0,1,False,-1
5039,SINGLE,0,0,1,False,-1
5041,SINGLE,0,0,1,False,-1
5043,SINGLE,0,0,1,False,-1
5044,DOUBLE,1,0,1,False,-1
5045,DOUBLE,1,0,1,False,-1
5047,DOUBLE,1,0,1,False,-1
5048,DOUBLE,1,0,1,False,-1
5049,DOUBLE,1,0,1,False,-1
5050,SINGLE,0,0,1,False,-1
5051,DOUBLE,1,0,1,False,-1
5052,DOUBLE,1,0,1,False,-1
5053,DOUBLE,1,0,1,False,-1
5054,SINGLE,0,0,1,False,-1
5055,DOUBLE,1,0,1,False,-1
5056,DOUBLE,1,0,1,False,-1
5057,SINGLE,0,0,1,False,-1
5058,SINGLE,0,0,1,False,-1
5059,SINGLE,0,0,1,False,-1
5060,SINGLE,0,0,1,False,-1
5061,SINGLE,0,0,1,False,-1
5063,SINGLE,0,0,1,False,-1
5064,DOUBLE,1,0,1,False,-1
5065,DOUBLE,1,0,1,False,-1
5066,SINGLE,0,0,1,False,-1
5067,DOUBLE,1,0,1,False,-1
5068,SINGLE,0,0,1,False,-1
5069,DOUBLE,1,0,1,False,-1
5070,SINGLE,0,0,1,False,-1
5071,SINGLE,0,0,1,False,-1
5072,DOUBLE,1,0,1,False,-1
5073,SINGLE,0,0,1,False,-1
5074,SINGLE,0,0,1,False,-1
5075,SINGLE,0,0,1,False,-1
5076,DOUBLE,1,0,1,False,-1
5077,DOUBLE,0,1,1,False,-1
5078,DOUBLE,1,0,1,False,-1
5079,DOUBLE,1,0,1,False,-1
5080,DOUBLE,1,0,1,False,-1
5083,DOUBLE,1,0,1,False,-1
5085,SINGLE,0,0,1,False,-1
5086,DOUBLE,1,0,1,False,-1
5088,SINGLE,0,0,1,False,-1
5089,SINGLE,0,0,1,False,-1
5090,DOUBLE,1,0,1,False,-1
5091,SINGLE,0,0,1,False,-1
5093,SINGLE,0,0,1,False,-1
5094,SINGLE,0,0,1,False,-1
5095,DOUBLE,1,0,1,False,-1
5096,DOUBLE,1,0,1,False,-1
5097,DOUBLE,1,0,1,False,-1
5098,DOUBLE,1,0,1,False,-1
5099,SINGLE,0,0,1,False,-1
5100,SINGLE,0,0,1,False,-1
5101,DOUBLE,1,0,1,False,-1
5102,DOUBLE,1,0,1,False,-1
5103,SINGLE,0,0,1,False,-1
5104,SINGLE,0,0,1,False,-1
5105,SINGLE,0,0,1,False,-1
5107,SINGLE,0,0,1,False,-1
5108,SINGLE,0,0,1,False,-1
5109,DOUBLE,1,0,1,False,-1
5110,SINGLE,0,0,1,False,-1
5112,SINGLE,0,0,1,False,-1
5113,SINGLE,0,0,1,False,-1
5114,DOUBLE,1,0,1,False,-1
5115,SINGLE,0,0,1,False,-1
5117,DOUBLE,1,0,1,False,-1
5118,SINGLE,0,0,1,False,-1
5119,SINGLE,0,0,1,False,-1
5120,DOUBLE,1,0,1,False,-1
5121,SINGLE,0,0,1,False,-1
5125,DOUBLE,1,0,1,False,-1
5126,SINGLE,0,0,1,False,-1
5127,SINGLE,0,0,1,False,-1
5128,DOUBLE,1,0,1,False,-1
5129,DOUBLE,1,0,1,False,-1
5130,DOUBLE,1,0,1,False,-1
5131,DOUBLE,1,0,1,False,-1
5132,DOUBLE,1,0,1,False,-1
5133,SINGLE,0,0,1,False,-1
5134,SINGLE,0,0,1,False,-1
5135,DOUBLE,1,0,1,False,-1
5136,DOUBLE,1,0,1,False,-1
5137,SINGLE,0,0,1,False,-1
5138,SINGLE,0,0,1,False,-1
5139,SINGLE,0,0,1,False,-1
5140,DOUBLE,1,0,1,False,-1
5141,DOUBLE,1,0,1,False,-1
5142,SINGLE,0,0,1,False,-1
5143,SINGLE,0,0,1,False,-1
5144,DOUBLE,1,0,1,False,-1
5145,DOUBLE,1,0,1,False,-1
5146,DOUBLE,1,0,1,False,-1
5147,SINGLE,0,0,1,False,-1
5149,SINGLE,0,0,1,False,-1
5150,DOUBLE,1,0,1,False,-1
5151,SINGLE,0,0,1,False,-1
5152,DOUBLE,1,0,1,False,-1
5153,SINGLE,0,0,1,False,-1
5154,DOUBLE,1,0,1,False,-1
5156,SINGLE,0,0,1,False,-1
5158,DOUBLE,1,0,1,False,-1
5159,DOUBLE,1,0,1,False,-1
5160,SINGLE,0,0,1,False,-1
5161,DOUBLE,1,0,1,False,-1
5163,DOUBLE,1,0,1,False,-1
5164,SINGLE,0,0,1,False,-1
5165,DOUBLE,1,0,1,False,-1
5166,DOUBLE,1,0,1,False,-1
5167,DOUBLE,1,0,1,False,-1
5168,SINGLE,0,0,1,False,-1
5169,DOUBLE,1,0,1,False,-1
5170,DOUBLE,1,0,1,False,-1
5171,DOUBLE,1,0,1,False,-1
5172,DOUBLE,1,0,1,False,-1
5173,SINGLE,0,0,1,False,-1
5175,DOUBLE,1,0,1,False,-1
5176,DOUBLE,1,0,1,False,-1
5177,SINGLE,0,0,1,False,-1
5178,DOUBLE,1,0,1,False,-1
5179,DOUBLE,1,0,1,False,-1
5180,DOUBLE,1,0,1,False,-1
5181,DOUBLE,1,0,1,False,-1
5182,SINGLE,0,0,1,False,-1
5183,SINGLE,0,0,1,False,-1
5184,DOUBLE,0,1,1,False,-1
5185,SINGLE,0,0,1,False,-1
5186,DOUBLE,1,0,1,False,-1
5187,DOUBLE,1,0,1,False,-1
5188,SINGLE,0,0,1,False,-1
5189,DOUBLE,1,0,1,False,-1
5190,SINGLE,0,0,1,False,-1
5191,DOUBLE,1,0,1,False,-1
5192,DOUBLE,1,0,1,False,-1
5193,SINGLE,0,0,1,False,-1
5194,SINGLE,0,0,1,False,-1
5196,SINGLE,0,0,1,False,-1
5197,SINGLE,0,0,1,False,-1
5198,SINGLE,0,0,1,False,-1
5199,SINGLE,0,0,1,False,-1
5200,SINGLE,0,0,1,False,-1
5201,DOUBLE,1,0,1,False,-1
5202,SINGLE,0,0,1,False,-1
5203,DOUBLE,1,0,1,False,-1
5204,DOUBLE,1,0,1,False,-1
5205,DOUBLE,1,0,1,False,-1
5206,DOUBLE,1,0,1,False,-1
5208,DOUBLE,1,0,1,False,-1
5209,SINGLE,0,0,1,False,-1
5210,SINGLE,0,0,1,False,-1
5211,DOUBLE,1,0,1,False,-1
5212,DOUBLE,1,0,1,False,-1
5213,SINGLE,0,0,1,False,-1
5214,DOUBLE,1,0,1,False,-1
5215,SINGLE,0,0,1,False,-1
5216,SINGLE,0,0,1,False,-1
5217,SINGLE,0,0,1,False,-1
5219,DOUBLE,1,0,1,False,-1
5220,SINGLE,0,0,1,False,-1
5221,DOUBLE,1,0,1,False,-1
5222,DOUBLE,1,0,1,False,-1
5223,SINGLE,0,0,1,False,-1
5224,DOUBLE,1,0,1,False,-1
5225,SINGLE,0,0,1,False,-1
5226,SINGLE,0,0,1,False,-1
5227,SINGLE,0,0,1,False,-1
5228,SINGLE,0,0,1,False,-1
5229,DOUBLE,1,0,1,False,-1
5231,DOUBLE,1,0,1,False,-1
5232,DOUBLE,1,0,1,False,-1
5233,DOUBLE,1,0,1,False,-1
5234,DOUBLE,1,0,1,False,-1
5235,DOUBLE,1,0,1,False,-1
5236,SINGLE,0,0,1,False,-1
5237,SINGLE,0,0,1,False,-1
5239,DOUBLE,1,0,1,False,-1
5240,DOUBLE,1,0,1,False,-1
5241,DOUBLE,1,0,1,False,-1
5242,SINGLE,0,0,1,False,-1
5243,DOUBLE,1,0,1,False,-1
5244,SINGLE,0,0,1,False,-1
5245,SINGLE,0,0,1,False,-1
5246,SINGLE,0,0,1,False,-1
5247,SINGLE,0,0,1,False,-1
5248,DOUBLE,1,0,1,False,-1
5249,SINGLE,0,0,1,False,-1
5250,DOUBLE,1,0,1,False,-1
5251,SINGLE,0,0,1,False,-1
5252,DOUBLE,1,0,1,False,-1
5253,SINGLE,0,0,1,False,-1
5255,DOUBLE,1,0,1,False,-1
5256,DOUBLE,1,0,1,False,-1
5257,SINGLE,0,0,1,False,-1
5258,DOUBLE,1,0,1,False,-1
5259,DOUBLE,1,0,1,False,-1
5260,DOUBLE,1,0,1,False,-1
5262,SINGLE,0,0,1,False,-1
5263,DOUBLE,1,0,1,False,-1
5264,DOUBLE,1,0,1,False,-1
5265,SINGLE,0,0,1,False,-1
5267,SINGLE,0,0,1,False,-1
5268,DOUBLE,1,0,1,False,-1
5269,DOUBLE,1,0,1,False,-1
5270,DOUBLE,1,0,1,False,-1
5271,DOUBLE,1,0,1,False,-1
5273,DOUBLE,1,0,1,False,-1
5274,SINGLE,0,0,1,False,-1
5275,DOUBLE,1,0,1,False,-1
5276,DOUBLE,1,0,1,False,-1
5277,DOUBLE,1,0,1,False,-1
5279,SINGLE,0,0,1,False,-1
5281,DOUBLE,1,0,1,False,-1
5282,DOUBLE,1,0,1,False,-1
5283,SINGLE,0,0,1,False,-1
5284,DOUBLE,1,0,1,False,-1
5286,DOUBLE,1,0,1,False,-1
5287,SINGLE,0,0,1,False,-1
5288,DOUBLE,1,0,1,False,-1
5289,DOUBLE,1,0,1,False,-1
5290,SINGLE,0,0,1,False,-1
5291,SINGLE,0,0,1,False,-1
5292,DOUBLE,1,0,1,False,-1
5293,DOUBLE,1,0,1,False,-1
5294,DOUBLE,1,0,1,False,-1
5295,DOUBLE,1,0,1,False,-1
5296,DOUBLE,1,0,1,False,-1
5297,DOUBLE,1,0,1,False,-1
5298,DOUBLE,1,0,1,False,-1
5299,SINGLE,0,0,1,False,-1
5300,SINGLE,0,0,1,False,-1
5302,DOUBLE,1,0,1,False,-1
5304,DOUBLE,1,0,1,False,-1
5305,SINGLE,0,0,1,False,-1
5306,SINGLE,0,0,1,False,-1
5307,SINGLE,0,0,1,False,-1
5308,DOUBLE,1,0,1,False,-1
5309,SINGLE,0,0,1,False,-1
5311,DOUBLE,1,0,1,False,-1
5312,DOUBLE,1,0,1,False,-1
5313,SINGLE,0,0,1,False,-1
5315,SINGLE,0,0,1,False,-1
5316,DOUBLE,1,0,1,False,-1
5317,DOUBLE,1,0,1,False,-1
5319,DOUBLE,1,0,1,False,-1
5320,DOUBLE,1,0,1,False,-1
5321,DOUBLE,1,0,1,False,-1
5322,SINGLE,0,0,1,False,-1
5323,SINGLE,0,0,1,False,-1
5324,SINGLE,0,0,1,False,-1
5325,DOUBLE,1,0,1,False,-1
5326,DOUBLE,1,0,1,False,-1
5327,DOUBLE,1,0,1,False,-1
5328,DOUBLE,1,0,1,False,-1
5330,DOUBLE,1,0,1,False,-1
5331,SINGLE,0,0,1,False,-1
5332,DOUBLE,1,0,1,False,-1
5333,SINGLE,0,0,1,False,-1
5334,SINGLE,0,0,1,False,-1
5335,DOUBLE,1,0,1,False,-1
5337,DOUBLE,1,0,1,False,-1
5339,DOUBLE,1,0,1,False,-1
5340,DOUBLE,1,0,1,False,-1
5341,SINGLE,0,0,1,False,-1
5342,DOUBLE,1,0,1,False,-1
5344,DOUBLE,1,0,1,False,-1
5345,SINGLE,0,0,1,False,-1
5346,DOUBLE,1,0,1,False,-1
5347,DOUBLE,1,0,1,False,-1
5348,SINGLE,0,0,1,False,-1
5349,SINGLE,0,0,1,False,-1
5350,SINGLE,0,0,1,False,-1
5351,SINGLE,0,0,1,False,-1
5352,SINGLE,0,0,1,False,-1
5353,DOUBLE,1,0,1,False,-1
5354,DOUBLE,1,0,1,False,-1
5355,DOUBLE,1,0,1,False,-1
5356,SINGLE,0,0,1,False,-1
5357,DOUBLE,1,0,1,False,-1
5358,DOUBLE,1,0,1,False,-1
5359,DOUBLE,1,0,1,False,-1
5360,SINGLE,0,0,1,False,-1
5361,DOUBLE,1,0,1,False,-1
5362,DOUBLE,1,0,1,False,-1
5363,SINGLE,0,0,1,False,-1
5364,DOUBLE,1,0,1,False,-1
5365,DOUBLE,1,0,1,False,-1
5366,DOUBLE,1,0,1,False,-1
5367,SINGLE,0,0,1,False,-1
5368,DOUBLE,1,0,1,False,-1
5369,DOUBLE,1,0,1,False,-1
5370,DOUBLE,1,0,1,False,-1
5371,DOUBLE,1,0,1,False,-1
5373,SINGLE,0,0,1,False,-1
5374,DOUBLE,1,0,1,False,-1
5375,SINGLE,0,0,1,False,-1
5376,DOUBLE,1,0,1,False,-1
5377,DOUBLE,1,0,1,False,-1
5378,SINGLE,0,0,1,False,-1
5379,DOUBLE,1,0,1,False,-1
5380,DOUBLE,1,0,1,False,-1
5381,SINGLE,0,0,1,False,-1
5382,DOUBLE,1,0,1,False,-1
5383,DOUBLE,1,0,1,False,-1
5384,DOUBLE,1,0,1,False,-1
5385,DOUBLE,1,0,1,False,-1
5386,SINGLE,0,0,1,False,-1
5387,DOUBLE,1,0,1,False,-1
5389,SINGLE,0,0,1,False,-1
5390,SINGLE,0,0,1,False,-1
5391,SINGLE,0,0,1,False,-1
5392,SINGLE,0,0,1,False,-1
5393,DOUBLE,1,0,1,False,-1
5394,DOUBLE,1,0,1,False,-1
5396,SINGLE,0,0,1,False,-1
5397,SINGLE,0,0,1,False,-1
5398,SINGLE,0,0,1,False,-1
5399,SINGLE,0,0,1,False,-1
5400,DOUBLE,1,0,1,False,-1
5401,SINGLE,0,0,1,False,-1
5402,SINGLE,0,0,1,False,-1
5403,DOUBLE,1,0,1,False,-1
5404,SINGLE,0,0,1,False,-1
5405,DOUBLE,1,0,1,False,-1
5406,DOUBLE,1,0,1,False,-1
5407,DOUBLE,1,0,1,False,-1
5408,DOUBLE,1,0,1,False,-1
5410,SINGLE,0,0,1,False,-1
5411,DOUBLE,1,0,1,False,-1
5412,DOUBLE,1,0,1,False,-1
5413,DOUBLE,1,0,1,False,-1
5414,DOUBLE,1,0,1,False,-1
5415,SINGLE,0,0,1,False,-1
5416,SINGLE,0,0,1,False,-1
5417,DOUBLE,1,0,1,False,-1
5418,DOUBLE,1,0,1,False,-1
5419,SINGLE,0,0,1,False,-1
5420,DOUBLE,1,0,1,False,-1
5421,DOUBLE,1,0,1,False,-1
5422,DOUBLE,1,0,1,False,-1
5423,SINGLE,0,0,1,False,-1
5425,DOUBLE,1,0,1,False,-1
5426,SINGLE,0,0,1,False,-1
5427,DOUBLE,1,0,1,False,-1
5428,SINGLE,0,0,1,False,-1
5429,SINGLE,0,1,0,False,-1
5430,DOUBLE,1,0,1,False,-1
5431,SINGLE,0,0,1,False,-1
5433,DOUBLE,1,0,1,False,-1
5434,DOUBLE,1,0,1,False,-1
5435,SINGLE,0,0,1,False,-1
5436,DOUBLE,1,0,1,False,-1
5438,DOUBLE,1,0,1,False,-1
5440,DOUBLE,1,0,1,False,-1
5441,DOUBLE,1,0,1,False,-1
5442,SINGLE,0,0,1,False,-1
5443,DOUBLE,1,0,1,False,-1
5444,SINGLE,0,0,1,False,-1
5445,SINGLE,0,0,1,False,-1
5446,DOUBLE,1,0,1,False,-1
5447,DOUBLE,1,0,1,False,-1
5448,DOUBLE,1,0,1,False,-1
5449,SINGLE,0,0,1,False,-1
5450,SINGLE,0,0,1,False,-1
5451,SINGLE,0,0,1,False,-1
5452,DOUBLE,1,0,1,False,-1
5453,DOUBLE,1,0,1,False,-1
5454,SINGLE,0,0,1,False,-1
5455,SINGLE,0,0,1,False,-1
5456,DOUBLE,1,0,1,False,-1
5457,DOUBLE,1,0,1,False,-1
5458,SINGLE,0,0,1,False,-1
5459,DOUBLE,1,0,1,False,-1
5460,DOUBLE,1,0,1,False,-1
5461,DOUBLE,1,0,1,False,-1
5463,DOUBLE,1,0,1,False,-1
5465,DOUBLE,1,0,1,False,-1
5466,SINGLE,0,0,1,False,-1
5467,SINGLE,0,0,1,False,-1
5468,DOUBLE,1,0,1,False,-1
5469,SINGLE,0,0,1,False,-1
5470,DOUBLE,1,0,1,False,-1
5471,SINGLE,0,0,1,False,-1
5472,DOUBLE,1,0,1,False,-1
5473,DOUBLE,1,0,1,False,-1
5474,SINGLE,0,0,1,False,-1
5475,SINGLE,0,0,1,False,-1
5476,SINGLE,0,0,1,False,-1
5477,DOUBLE,1,0,1,False,-1
5478,SINGLE,0,0,1,False,-1
5479,DOUBLE,1,0,1,False,-1
5480,DOUBLE,1,0,1,False,-1
5481,DOUBLE,1,0,1,False,-1
5482,DOUBLE,1,0,1,False,-1
5483,DOUBLE,1,0,1,False,-1
5484,DOUBLE,1,0,1,False,-1
5485,DOUBLE,1,0,1,False,-1
5487,SINGLE,0,0,1,False,-1
5488,SINGLE,0,0,1,False,-1
5489,DOUBLE,1,0,1,False,-1
5490,DOUBLE,1,0,1,False,-1
5491,DOUBLE,1,0,1,False,-1
5492,SINGLE,0,0,1,False,-1
5493,SINGLE,0,0,1,False,-1
5494,SINGLE,0,0,1,False,-1
5495,SINGLE,0,0,1,False,-1
5496,DOUBLE,1,0,1,False,-1
5497,DOUBLE,1,0,1,False,-1
5498,SINGLE,0,0,1,False,-1
5499,SINGLE,0,0,1,False,-1
5500,SINGLE,0,0,1,False,-1
5501,DOUBLE,1,0,1,False,-1
5502,SINGLE,0,0,1,False,-1
5503,SINGLE,0,0,1,False,-1
5504,DOUBLE,1,0,1,False,-1
5505,DOUBLE,1,0,1,False,-1
5506,DOUBLE,1,0,1,False,-1
5507,SINGLE,0,0,1,False,-1
5508,SINGLE,0,0,1,False,-1
5509,DOUBLE,1,0,1,False,-1
5510,SINGLE,0,0,1,False,-1
5511,DOUBLE,1,0,1,False,-1
5512,SINGLE,0,0,1,False,-1
5513,DOUBLE,1,0,1,False,-1
5514,DOUBLE,1,0,1,False,-1
5515,DOUBLE,1,0,1,False,-1
5516,DOUBLE,1,0,1,False,-1
5517,SINGLE,0,0,1,False,-1
5519,SINGLE,0,0,1,False,-1
5520,DOUBLE,1,0,1,False,-1
5521,SINGLE,0,0,1,False,-1
5522,DOUBLE,1,0,1,False,-1
5523,DOUBLE,1,0,1,False,-1
5524,SINGLE,0,0,1,False,-1
5525,DOUBLE,1,0,1,False,-1
5526,DOUBLE,1,0,1,False,-1
5527,DOUBLE,1,0,1,False,-1
5528,SINGLE,0,0,1,False,-1
5529,DOUBLE,1,0,1,False,-1
5530,SINGLE,0,0,1,False,-1
5531,DOUBLE,1,0,1,False,-1
5533,SINGLE,0,0,1,False,-1
5535,SINGLE,0,0,1,False,-1
5536,DOUBLE,1,0,1,False,-1
5537,DOUBLE,1,0,1,False,-1
5538,DOUBLE,1,0,1,False,-1
5539,SINGLE,0,0,1,False,-1
5540,DOUBLE,1,0,1,False,-1
5542,SINGLE,0,0,1,False,-1
5543,SINGLE,0,0,1,False,-1
5545,SINGLE,0,0,1,False,-1
5547,DOUBLE,0,1,1,False,-1
5548,DOUBLE,1,0,1,False,-1
5549,DOUBLE,1,0,1,False,-1
5550,SINGLE,0,0,1,False,-1
5551,SINGLE,0,0,1,False,-1
5552,DOUBLE,1,0,1,False,-1
5553,SINGLE,0,0,1,False,-1
5554,SINGLE,0,0,1,False,-1
5555,SINGLE,0,0,1,False,-1
5556,DOUBLE,1,0,1,False,-1
5557,SINGLE,0,0,1,False,-1
5558,SINGLE,0,0,1,False,-1
5559,DOUBLE,1,0,1,False,-1
5560,SINGLE,0,0,1,False,-1
5561,TRIPLE,1,1,1,False,-1
5563,SINGLE,0,0,1,False,-1
5564,DOUBLE,1,0,1,False,-1
5565,SINGLE,0,0,1,False,-1
5566,SINGLE,0,0,1,False,-1
5567,SINGLE,0,0,1,False,-1
5568,SINGLE,0,0,1,False,-1
5570,SINGLE,0,0,1,False,-1
5571,DOUBLE,1,0,1,False,-1
5572,DOUBLE,1,0,1,False,-1
5573,DOUBLE,1,0,1,False,-1
5574,DOUBLE,1,0,1,False,-1
5575,SINGLE,0,0,1,False,-1
5577,SINGLE,0,0,1,False,-1
5578,SINGLE,0,0,1,False,-1
5579,SINGLE,0,0,1,False,-1
5580,DOUBLE,1,0,1,False,-1
5581,DOUBLE,1,0,1,False,-1
5582,DOUBLE,1,0,1,False,-1
5583,SINGLE,0,0,1,False,-1
5584,DOUBLE,1,0,1,False,-1
5585,SINGLE,0,0,1,False,-1
5586,SINGLE,0,0,1,False,-1
5587,DOUBLE,1,0,1,False,-1
5588,DOUBLE,1,0,1,False,-1
5589,SINGLE,0,0,1,False,-1
5590,SINGLE,0,0,1,False,-1
5591,DOUBLE,1,0,1,False,-1
5592,DOUBLE,1,0,1,False,-1
5593,DOUBLE,1,0,1,False,-1
5594,DOUBLE,1,0,1,False,-1
5596,SINGLE,0,0,1,False,-1
5597,DOUBLE,1,0,1,False,-1
5598,DOUBLE,1,0,1,False,-1
5599,DOUBLE,1,0,1,False,-1
5600,DOUBLE,1,0,1,False,-1
5601,DOUBLE,1,0,1,False,-1
5602,DOUBLE,1,0,1,False,-1
5603,DOUBLE,1,0,1,False,-1
5604,DOUBLE,1,0,1,False,-1
5605,DOUBLE,1,0,1,False,-1
5606,DOUBLE,1,0,1,False,-1
5607,DOUBLE,1,0,1,False,-1
5608,SINGLE,0,0,1,False,-1
5609,DOUBLE,1,0,1,False,-1
5610,DOUBLE,1,0,1,False,-1
5611,DOUBLE,1,0,1,False,-1
5612,SINGLE,0,0,1,False,-1
5613,SINGLE,0,0,1,False,-1
5614,DOUBLE,1,0,1,False,-1
5615,SINGLE,0,0,1,False,-1
5616,SINGLE,0,0,1,False,-1
5617,SINGLE,0,0,1,False,-1
5618,SINGLE,0,0,1,False,-1
5619,SINGLE,0,0,1,False,-1
5620,SINGLE,0,0,1,False,-1
5621,DOUBLE,1,0,1,False,-1
5622,SINGLE,0,0,1,False,-1
5623,SINGLE,0,0,1,False,-1
5624,DOUBLE,1,0,1,False,-1
5625,SINGLE,0,0,1,False,-1
5626,DOUBLE,1,0,1,False,-1
5628,SINGLE,0,0,1,False,-1
5629,DOUBLE,1,0,1,False,-1
5630,SINGLE,0,0,1,False,-1
5631,DOUBLE,1,0,1,False,-1
5632,SINGLE,0,0,1,False,-1
5633,DOUBLE,1,0,1,False,-1
5634,DOUBLE,1,0,1,False,-1
5635,DOUBLE,1,0,1,False,-1
5636,SINGLE,0,0,1,False,-1
5637,SINGLE,0,0,1,False,-1
5638,SINGLE,0,0,1,False,-1
5639,DOUBLE,1,0,1,False,-1
5640,DOUBLE,1,0,1,False,-1
5641,DOUBLE,1,0,1,False,-1
5642,DOUBLE,1,0,1,False,-1
5644,SINGLE,0,0,1,False,-1
5645,DOUBLE,1,0,1,False,-1
5646,SINGLE,0,0,1,False,-1
5647,SINGLE,0,0,1,False,-1
5648,DOUBLE,1,0,1,False,-1
5649,SINGLE,0,0,1,False,-1
5651,SINGLE,0,0,1,False,-1
5652,SINGLE,0,0,1,False,-1
5653,DOUBLE,1,0,1,False,-1
5654,SINGLE,0,0,1,False,-1
5655,DOUBLE,1,0,1,False,-1
5656,DOUBLE,1,0,1,False,-1
5657,DOUBLE,1,0,1,False,-1
5658,DOUBLE,1,0,1,False,-1
5660,DOUBLE,1,0,1,False,-1
5661,SINGLE,0,0,1,False,-1
5662,DOUBLE,1,0,1,False,-1
5663,SINGLE,0,0,1,False,-1
5664,SINGLE,0,0,1,False,-1
5665,DOUBLE,1,0,1,False,-1
5666,SINGLE,0,0,1,False,-1
5667,SINGLE,0,0,1,False,-1
5668,DOUBLE,1,0,1,False,-1
5669,DOUBLE,1,0,1,False,-1
5670,SINGLE,0,0,1,False,-1
5671,SINGLE,0,0,1,False,-1
5672,DOUBLE,1,0,1,False,-1
5674,DOUBLE,1,0,1,False,-1
5675,SINGLE,0,0,1,False,-1
5676,SINGLE,0,0,1,False,-1
5677,DOUBLE,1,0,1,False,-1
5678,DOUBLE,1,0,1,False,-1
5679,DOUBLE,1,0,1,False,-1
5680,DOUBLE,0,1,1,False,-1
5681,DOUBLE,1,0,1,False,-1
5683,SINGLE,0,0,1,False,-1
5684,SINGLE,0,0,1,False,-1
5685,DOUBLE,1,0,1,False,-1
5686,SINGLE,0,0,1,False,-1
5687,SINGLE,0,0,1,False,-1
5688,DOUBLE,1,0,1,False,-1
5689,DOUBLE,1,0,1,False,-1
5690,DOUBLE,1,0,1,False,-1
5691,SINGLE,0,0,1,False,-1
5692,DOUBLE,1,0,1,False,-1
5693,DOUBLE,1,0,1,False,-1
5694,DOUBLE,1,0,1,False,-1
5695,SINGLE,0,0,1,False,-1
5696,DOUBLE,1,0,1,False,-1
5697,DOUBLE,1,0,1,False,-1
5698,DOUBLE,1,0,1,False,-1
5699,DOUBLE,1,0,1,False,-1
5700,SINGLE,0,0,1,False,-1
5701,DOUBLE,1,0,1,False,-1
5703,DOUBLE,1,0,1,False,-1
5704,SINGLE,0,0,1,False,-1
5705,SINGLE,0,0,1,False,-1
5706,DOUBLE,1,0,1,False,-1
5707,SINGLE,0,0,1,False,-1
5709,SINGLE,0,0,1,False,-1
5712,DOUBLE,1,0,1,False,-1
5713,SINGLE,0,0,1,False,-1
5714,DOUBLE,1,0,1,False,-1
5715,DOUBLE,1,0,1,False,-1
5716,DOUBLE,1,0,1,False,-1
5717,DOUBLE,1,0,1,False,-1
5718,DOUBLE,1,0,1,False,-1
5719,DOUBLE,1,0,1,False,-1
5721,DOUBLE,1,0,1,False,-1
5722,DOUBLE,1,0,1,False,-1
5723,SINGLE,0,0,1,False,-1
5724,SINGLE,0,0,1,False,-1
5725,DOUBLE,1,0,1,False,-1
5726,DOUBLE,1,0,1,False,-1
5727,DOUBLE,1,0,1,False,-1
5728,DOUBLE,1,0,1,False,-1
5729,SINGLE,0,0,1,False,-1
5731,SINGLE,0,0,1,False,-1
5732,SINGLE,0,0,1,False,-1
5733,DOUBLE,1,0,1,False,-1
5734,DOUBLE,1,0,1,False,-1
5735,DOUBLE,1,0,1,False,-1
5736,SINGLE,0,0,1,False,-1
5737,DOUBLE,1,0,1,False,-1
5738,DOUBLE,1,0,1,False,-1
5739,DOUBLE,1,0,1,False,-1
5740,DOUBLE,1,0,1,False,-1
5741,DOUBLE,1,0,1,False,-1
5742,DOUBLE,1,0,1,False,-1
5743,SINGLE,0,0,1,False,-1
5744,DOUBLE,1,0,1,False,-1
5745,SINGLE,0,0,1,False,-1
5746,DOUBLE,1,0,1,False,-1
5747,SINGLE,0,0,1,False,-1
5749,SINGLE,0,0,1,False,-1
5750,DOUBLE,1,0,1,False,-1
5751,DOUBLE,1,0,1,False,-1
5753,DOUBLE,1,0,1,False,-1
5755,SINGLE,0,0,1,False,-1
5756,DOUBLE,1,0,1,False,-1
5757,SINGLE,0,0,1,False,-1
5758,DOUBLE,1,0,1,False,-1
5759,DOUBLE,1,0,1,False,-1
5760,DOUBLE,1,0,1,False,-1
5761,DOUBLE,1,0,1,False,-1
5762,DOUBLE,1,0,1,False,-1
5763,DOUBLE,1,0,1,False,-1
5764,SINGLE,0,0,1,False,-1
5765,DOUBLE,1,0,1,False,-1
5766,SINGLE,0,0,1,False,-1
5767,SINGLE,0,0,1,False,-1
5768,SINGLE,0,0,1,False,-1
5769,DOUBLE,1,0,1,False,-1
5770,SINGLE,0,0,1,False,-1
5771,SINGLE,0,0,1,False,-1
5772,SINGLE,0,0,1,False,-1
5773,SINGLE,0,0,1,False,-1
5774,DOUBLE,1,0,1,False,-1
5775,DOUBLE,1,0,1,False,-1
5777,DOUBLE,1,0,1,False,-1
5778,SINGLE,0,0,1,False,-1
5779,SINGLE,0,0,1,False,-1
5780,DOUBLE,1,0,1,False,-1
5781,SINGLE,0,0,1,False,-1
5782,SINGLE,0,0,1,False,-1
5783,SINGLE,0,0,1,False,-1
5784,SINGLE,0,0,1,False,-1
5785,SINGLE,0,0,1,False,-1
5787,DOUBLE,1,0,1,False,-1
5788,DOUBLE,1,0,1,False,-1
5789,DOUBLE,1,0,1,False,-1
5790,DOUBLE,1,0,1,False,-1
5791,DOUBLE,1,0,1,False,-1
5792,DOUBLE,1,0,1,False,-1
5793,DOUBLE,1,0,1,False,-1
5794,DOUBLE,1,0,1,False,-1
5795,DOUBLE,1,0,1,False,-1
5796,SINGLE,0,0,1,False,-1
5797,SINGLE,0,0,1,False,-1
5798,DOUBLE,1,0,1,False,-1
5799,SINGLE,0,0,1,False,-1
5800,SINGLE,0,0,1,False,-1
5801,DOUBLE,1,0,1,False,-1
5802,SINGLE,0,0,1,False,-1
5803,DOUBLE,1,0,1,False,-1
5805,DOUBLE,1,0,1,False,-1
5806,SINGLE,0,0,1,False,-1
5807,DOUBLE,1,0,1,False,-1
5808,SINGLE,0,0,1,False,-1
5809,DOUBLE,1,0,1,False,-1
5810,DOUBLE,1,0,1,False,-1
5811,SINGLE,0,0,1,False,-1
5812,DOUBLE,1,0,1,False,-1
5813,SINGLE,0,0,1,False,-1
5814,TRIPLE,1,1,1,False,-1
5815,DOUBLE,1,0,1,False,-1
5816,DOUBLE,1,0,1,False,-1
5818,DOUBLE,1,0,1,False,-1
5819,SINGLE,0,0,1,False,-1
5820,SINGLE,0,0,1,False,-1
5821,DOUBLE,1,0,1,False,-1
5822,SINGLE,0,0,1,False,-1
5823,SINGLE,0,0,1,False,-1
5824,SINGLE,0,0,1,False,-1
5825,SINGLE,0,0,1,False,-1
5826,SINGLE,0,0,1,False,-1
5827,SINGLE,0,0,1,False,-1
5828,SINGLE,0,0,1,False,-1
5829,SINGLE,0,0,1,False,-1
5830,DOUBLE,1,0,1,False,-1
5832,DOUBLE,1,0,1,False,-1
5833,DOUBLE,1,0,1,False,-1
5834,SINGLE,0,0,1,False,-1
5835,SINGLE,0,0,1,False,-1
5836,SINGLE,0,0,1,False,-1
5837,DOUBLE,1,0,1,False,-1
5839,SINGLE,0,0,1,False,-1
5840,DOUBLE,1,0,1,False,-1
5841,DOUBLE,1,0,1,False,-1
5842,SINGLE,0,0,1,False,-1
5843,DOUBLE,0,1,1,False,-1
5844,DOUBLE,1,0,1,False,-1
5845,SINGLE,0,0,1,False,-1
5847,SINGLE,0,0,1,False,-1
5848,DOUBLE,1,0,1,False,-1
5849,DOUBLE,1,0,1,False,-1
5850,DOUBLE,1,0,1,False,-1
5852,DOUBLE,1,0,1,False,-1
5853,SINGLE,0,0,1,False,-1
5854,DOUBLE,1,0,1,False,-1
5855,TRIPLE,1,1,1,False,-1
5856,DOUBLE,1,0,1,False,-1
5857,SINGLE,0,0,1,False,-1
5859,SINGLE,0,0,1,False,-1
5860,DOUBLE,1,0,1,False,-1
5861,DOUBLE,1,0,1,False,-1
5862,DOUBLE,1,0,1,False,-1
5863,SINGLE,0,0,1,False,-1
5866,SINGLE,0,0,1,False,-1
5867,SINGLE,0,0,1,False,-1
5868,DOUBLE,1,0,1,False,-1
5869,SINGLE,0,0,1,False,-1
5870,SINGLE,0,0,1,False,-1
5871,DOUBLE,1,0,1,False,-1
5872,DOUBLE,1,0,1,False,-1
5873,DOUBLE,1,0,1,False,-1
5874,DOUBLE,1,0,1,False,-1
5875,DOUBLE,1,0,1,False,-1
5876,DOUBLE,1,0,1,False,-1
5879,SINGLE,0,0,1,False,-1
5880,SINGLE,0,0,1,False,-1
5881,SINGLE,0,0,1,False,-1
5882,SINGLE,0,0,1,False,-1
5883,DOUBLE,1,0,1,False,-1
5884,DOUBLE,1,0,1,False,-1
5886,SINGLE,0,0,1,False,-1
5887,DOUBLE,1,0,1,False,-1
5888,DOUBLE,1,0,1,False,-1
5889,DOUBLE,1,0,1,False,-1
5890,SINGLE,0,0,1,False,-1
5891,DOUBLE,1,0,1,False,-1
5892,SINGLE,0,0,1,False,-1
5893,SINGLE,0,0,1,False,-1
5894,SINGLE,0,0,1,False,-1
5895,DOUBLE,1,0,1,False,-1
5897,DOUBLE,1,0,1,False,-1
5898,DOUBLE,1,0,1,False,-1
5899,DOUBLE,1,0,1,False,-1
5900,SINGLE,0,0,1,False,-1
5901,SINGLE,0,0,1,False,-1
5902,SINGLE,0,0,1,False,-1
5903,SINGLE,0,0,1,False,-1
5904,DOUBLE,1,0,1,False,-1
5905,DOUBLE,1,0,1,False,-1
5906,DOUBLE,1,0,1,False,-1
5907,DOUBLE,1,0,1,False,-1
5908,SINGLE,0,0,1,False,-1
5909,DOUBLE,1,0,1,False,-1
5910,SINGLE,0,0,1,False,-1
5912,DOUBLE,1,0,1,False,-1
5913,SINGLE,0,0,1,False,-1
5914,SINGLE,0,0,1,False,-1
5915,DOUBLE,1,0,1,False,-1
5917,DOUBLE,1,0,1,False,-1
5918,DOUBLE,1,0,1,False,-1
5919,SINGLE,0,0,1,False,-1
5920,DOUBLE,1,0,1,False,-1
5921,DOUBLE,1,0,1,False,-1
5922,SINGLE,0,0,1,False,-1
5923,SINGLE,0,0,1,False,-1
5924,DOUBLE,1,0,1,False,-1
5926,DOUBLE,1,0,1,False,-1
5927,DOUBLE,1,0,1,False,-1
5928,SINGLE,0,0,1,False,-1
5929,DOUBLE,1,0,1,False,-1
5930,DOUBLE,1,0,1,False,-1
5932,DOUBLE,1,0,1,False,-1
5933,SINGLE,0,0,1,False,-1
5934,SINGLE,0,0,1,False,-1
5935,DOUBLE,1,0,1,False,-1
5936,SINGLE,0,0,1,False,-1
5937,SINGLE,0,0,1,False,-1
5938,SINGLE,0,0,1,False,-1
5939,DOUBLE,1,0,1,False,-1
5941,DOUBLE,1,0,1,False,-1
5942,DOUBLE,1,0,1,False,-1
5943,DOUBLE,1,0,1,False,-1
5944,DOUBLE,1,0,1,False,-1
5945,SINGLE,0,0,1,False,-1
5946,SINGLE,0,0,1,False,-1
5947,SINGLE,0,0,1,False,-1
5948,SINGLE,0,0,1,False,-1
5949,SINGLE,0,0,1,False,-1
5950,SINGLE,0,0,1,False,-1
5951,DOUBLE,1,0,1,False,-1
5952,DOUBLE,1,0,1,False,-1
5954,DOUBLE,1,0,1,False,-1
5955,SINGLE,0,0,1,False,-1
5956,DOUBLE,1,0,1,False,-1
5957,SINGLE,0,0,1,False,-1
5958,SINGLE,0,0,1,False,-1
5959,SINGLE,0,0,1,False,-1
5960,SINGLE,0,0,1,False,-1
5961,DOUBLE,1,0,1,False,-1
5962,SINGLE,0,0,1,False,-1
5963,SINGLE,0,0,1,False,-1
5964,SINGLE,0,0,1,False,-1
5965,SINGLE,0,0,1,False,-1
5966,SINGLE,0,0,1,False,-1
5969,DOUBLE,1,0,1,False,-1
5970,DOUBLE,1,0,1,False,-1
5971,DOUBLE,1,0,1,False,-1
5972,DOUBLE,1,0,1,False,-1
5973,DOUBLE,1,0,1,False,-1
5974,SINGLE,0,0,1,False,-1
5975,DOUBLE,1,0,1,False,-1
5976,SINGLE,0,0,1,False,-1
5977,DOUBLE,1,0,1,False,-1
5978,DOUBLE,1,0,1,False,-1
5979,DOUBLE,1,0,1,False,-1
5980,SINGLE,0,0,1,False,-1
5981,SINGLE,0,0,1,False,-1
5983,DOUBLE,1,0,1,False,-1
5984,DOUBLE,1,0,1,False,-1
5986,DOUBLE,1,0,1,False,-1
5987,SINGLE,0,0,1,False,-1
5988,DOUBLE,1,0,1,False,-1
5990,SINGLE,0,0,1,False,-1
5991,DOUBLE,1,0,1,False,-1
5992,DOUBLE,1,0,1,False,-1
5993,SINGLE,0,0,1,False,-1
5994,SINGLE,0,0,1,False,-1
5995,SINGLE,0,0,1,False,-1
5996,DOUBLE,1,0,1,False,-1
5997,SINGLE,0,0,1,False,-1
5998,SINGLE,0,1,0,False,-1
5999,SINGLE,0,0,1,False,-1
6000,SINGLE,0,0,1,False,-1
6001,DOUBLE,1,0,1,False,-1
6002,SINGLE,0,0,1,False,-1
6003,SINGLE,0,0,1,False,-1
6004,DOUBLE,1,0,1,False,-1
6005,SINGLE,0,0,1,False,-1
6006,SINGLE,0,0,1,False,-1
6007,SINGLE,0,0,1,False,-1
6008,DOUBLE,1,0,1,False,-1
6009,DOUBLE,1,0,1,False,-1
6010,SINGLE,0,0,1,False,-1
6011,DOUBLE,1,0,1,False,-1
6012,DOUBLE,1,0,1,False,-1
6013,SINGLE,0,0,1,False,-1
6014,DOUBLE,1,0,1,False,-1
6015,DOUBLE,1,0,1,False,-1
6016,DOUBLE,1,0,1,False,-1
6017,DOUBLE,1,0,1,False,-1
6018,SINGLE,0,0,1,False,-1
6019,SINGLE,0,0,1,False,-1
6020,DOUBLE,1,0,1,False,-1
6021,DOUBLE,1,0,1,False,-1
6022,SINGLE,0,0,1,False,-1
6023,SINGLE,0,0,1,False,-1
6024,DOUBLE,1,0,1,False,-1
6025,SINGLE,0,0,1,False,-1
6026,SINGLE,0,0,1,False,-1
6027,SINGLE,0,0,1,False,-1
6028,DOUBLE,1,0,1,False,-1
6029,DOUBLE,1,0,1,False,-1
6030,DOUBLE,1,0,1,False,-1
6031,SINGLE,0,0,1,False,-1
6032,SINGLE,0,0,1,False,-1
6033,SINGLE,0,0,1,False,-1
6034,DOUBLE,1,0,1,False,-1
6035,SINGLE,0,0,1,False,-1
6036,DOUBLE,1,0,1,False,-1
6037,DOUBLE,1,0,1,False,-1
6038,SINGLE,0,0,1,False,-1
6039,SINGLE,0,0,1,False,-1
6040,SINGLE,0,0,1,False,-1
6041,DOUBLE,1,0,1,False,-1
6042,DOUBLE,1,0,1,False,-1
6043,DOUBLE,1,0,1,False,-1
6044,DOUBLE,1,0,1,False,-1
6045,DOUBLE,1,0,1,False,-1
6046,SINGLE,0,0,1,False,-1
6047,DOUBLE,1,0,1,False,-1
6048,SINGLE,0,0,1,False,-1
6049,SINGLE,0,0,1,False,-1
6050,SINGLE,0,0,1,False,-1
6051,DOUBLE,1,0,1,False,-1
6052,SINGLE,0,0,1,False,-1
6053,DOUBLE,1,0,1,False,-1
6054,SINGLE,0,0,1,False,-1
6055,DOUBLE,1,0,1,False,-1
6056,DOUBLE,1,0,1,False,-1
6057,DOUBLE,1,0,1,False,-1
6058,DOUBLE,1,0,1,False,-1
6059,SINGLE,0,0,1,False,-1
6061,SINGLE,0,0,1,False,-1
6062,DOUBLE,1,0,1,False,-1
6063,DOUBLE,1,0,1,False,-1
6064,DOUBLE,1,0,1,False,-1
6065,SINGLE,0,0,1,False,-1
6066,DOUBLE,1,0,1,False,-1
6067,DOUBLE,1,0,1,False,-1
6068,DOUBLE,1,0,1,False,-1
6069,DOUBLE,1,0,1,False,-1
6070,DOUBLE,1,0,1,False,-1
6071,SINGLE,0,0,1,False,-1
6073,SINGLE,0,0,1,False,-1
6074,DOUBLE,1,0,1,False,-1
6075,SINGLE,0,0,1,False,-1
6076,DOUBLE,1,0,1,False,-1
6077,DOUBLE,1,0,1,False,-1
6078,SINGLE,0,0,1,False,-1
6079,DOUBLE,1,0,1,False,-1
6080,SINGLE,0,0,1,False,-1
6081,SINGLE,0,0,1,False,-1
6082,DOUBLE,1,0,1,False,-1
6083,DOUBLE,1,0,1,False,-1
6084,SINGLE,0,0,1,False,-1
6085,DOUBLE,1,0,1,False,-1
6086,DOUBLE,1,0,1,False,-1
6087,DOUBLE,1,0,1,False,-1
6088,DOUBLE,1,0,1,False,-1
6089,DOUBLE,1,0,1,False,-1
6092,DOUBLE,1,0,1,False,-1
6093,SINGLE,0,0,1,False,-1
6095,SINGLE,0,0,1,False,-1
6096,SINGLE,0,0,1,False,-1
6097,SINGLE,0,0,1,False,-1
6098,SINGLE,0,0,1,False,-1
6099,DOUBLE,1,0,1,False,-1
6100,SINGLE,0,0,1,False,-1
6101,SINGLE,0,0,1,False,-1
6103,SINGLE,0,0,1,False,-1
6104,SINGLE,0,0,1,False,-1
6105,DOUBLE,1,0,1,False,-1
6106,DOUBLE,1,0,1,False,-1
6107,DOUBLE,1,0,1,False,-1
6109,DOUBLE,1,0,1,False,-1
6110,DOUBLE,1,0,1,False,-1
6112,DOUBLE,1,0,1,False,-1
6113,SINGLE,0,0,1,False,-1
6114,DOUBLE,1,0,1,False,-1
6115,SINGLE,0,0,1,False,-1
6116,SINGLE,0,0,1,False,-1
6118,DOUBLE,1,0,1,False,-1
6119,DOUBLE,1,0,1,False,-1
6121,SINGLE,0,0,1,False,-1
6122,SINGLE,0,0,1,False,-1
6123,SINGLE,0,0,1,False,-1
6124,DOUBLE,1,0,1,False,-1
6125,SINGLE,0,0,1,False,-1
6126,SINGLE,0,0,1,False,-1
6128,DOUBLE,1,0,1,False,-1
6129,SINGLE,0,0,1,False,-1
6130,SINGLE,0,0,1,False,-1
6131,DOUBLE,1,0,1,False,-1
6132,SINGLE,0,0,1,False,-1
6133,SINGLE,0,0,1,False,-1
6134,DOUBLE,1,0,1,False,-1
6135,SINGLE,0,0,1,False,-1
6137,DOUBLE,1,0,1,False,-1
6138,DOUBLE,1,0,1,False,-1
6139,DOUBLE,1,0,1,False,-1
6140,DOUBLE,1,0,1,False,-1
6141,DOUBLE,1,0,1,False,-1
6142,DOUBLE,1,0,1,False,-1
6143,DOUBLE,1,0,1,False,-1
6144,DOUBLE,1,0,1,False,-1
6145,SINGLE,0,0,1,False,-1
6147,SINGLE,0,0,1,False,-1
6148,SINGLE,0,0,1,False,-1
6149,DOUBLE,1,0,1,False,-1
6150,DOUBLE,1,0,1,False,-1
6151,SINGLE,0,0,1,False,-1
6152,SINGLE,0,0,1,False,-1
6153,SINGLE,0,0,1,False,-1
6154,SINGLE,0,0,1,False,-1
6155,DOUBLE,1,0,1,False,-1
6156,DOUBLE,1,0,1,False,-1
6157,DOUBLE,1,0,1,False,-1
6158,DOUBLE,1,0,1,False,-1
6159,DOUBLE,1,0,1,False,-1
6160,DOUBLE,1,0,1,False,-1
6161,SINGLE,0,0,1,False,-1
6162,DOUBLE,1,0,1,False,-1
6163,SINGLE,0,0,1,False,-1
6165,SINGLE,0,0,1,False,-1
6166,SINGLE,0,0,1,False,-1
6167,DOUBLE,1,0,1,False,-1
6168,DOUBLE,1,0,1,False,-1
6169,DOUBLE,1,0,1,False,-1
6171,DOUBLE,1,0,1,False,-1
6172,SINGLE,0,0,1,False,-1
6173,SINGLE,0,0,1,False,-1
6174,DOUBLE,1,0,1,False,-1
6175,DOUBLE,1,0,1,False,-1
6176,SINGLE,0,0,1,False,-1
6177,DOUBLE,1,0,1,False,-1
6178,DOUBLE,1,0,1,False,-1
6179,SINGLE,0,0,1,False,-1
6180,SINGLE,0,0,1,False,-1
6181,SINGLE,0,0,1,False,-1
6182,DOUBLE,1,0,1,False,-1
6183,DOUBLE,1,0,1,False,-1
6184,DOUBLE,1,0,1,False,-1
6185,DOUBLE,1,0,1,False,-1
6187,DOUBLE,1,0,1,False,-1
6188,SINGLE,0,0,1,False,-1
6190,SINGLE,0,0,1,False,-1
6191,DOUBLE,1,0,1,False,-1
6193,DOUBLE,1,0,1,False,-1
6194,DOUBLE,1,0,1,False,-1
6195,DOUBLE,1,0,1,False,-1
6196,SINGLE,0,0,1,False,-1
6197,SINGLE,0,0,1,False,-1
6198,SINGLE,0,0,1,False,-1
6199,DOUBLE,1,0,1,False,-1
6200,SINGLE,0,0,1,False,-1
6201,SINGLE,0,0,1,False,-1
6202,DOUBLE,1,0,1,False,-1
6203,DOUBLE,1,0,1,False,-1
6204,DOUBLE,1,0,1,False,-1
6205,DOUBLE,1,0,1,False,-1
6206,SINGLE,0,0,1,False,-1
6207,SINGLE,0,0,1,False,-1
6208,DOUBLE,1,0,1,False,-1
6209,DOUBLE,1,0,1,False,-1
6210,DOUBLE,1,0,1,False,-1
6211,DOUBLE,1,0,1,False,-1
6212,DOUBLE,1,0,1,False,-1
6213,DOUBLE,1,0,1,False,-1
6214,DOUBLE,1,0,1,False,-1
6215,DOUBLE,1,0,1,False,-1
6216,SINGLE,0,0,1,False,-1
6217,DOUBLE,1,0,1,False,-1
6218,DOUBLE,1,0,1,False,-1
6219,DOUBLE,1,0,1,False,-1
6220,DOUBLE,1,0,1,False,-1
6221,SINGLE,0,0,1,False,-1
6222,DOUBLE,1,0,1,False,-1
6223,SINGLE,0,0,1,False,-1
6224,SINGLE,0,0,1,False,-1
6225,SINGLE,0,0,1,False,-1
6226,SINGLE,0,0,1,False,-1
6227,DOUBLE,1,0,1,False,-1
6228,DOUBLE,1,0,1,False,-1
6229,SINGLE,0,0,1,False,-1
6230,SINGLE,0,0,1,False,-1
6231,SINGLE,0,0,1,False,-1
6232,DOUBLE,1,0,1,False,-1
6234,DOUBLE,1,0,1,False,-1
6235,SINGLE,0,0,1,False,-1
6237,SINGLE,0,0,1,False,-1
6238,DOUBLE,1,0,1,False,-1
6239,SINGLE,0,0,1,False,-1
6240,SINGLE,0,0,1,False,-1
6241,DOUBLE,1,0,1,False,-1
6242,SINGLE,0,0,1,False,-1
6243,SINGLE,0,0,1,False,-1
6244,DOUBLE,1,0,1,False,-1
6245,DOUBLE,1,0,1,False,-1
6246,SINGLE,0,0,1,False,-1
6247,DOUBLE,1,0,1,False,-1
6248,DOUBLE,1,0,1,False,-1
6249,DOUBLE,1,0,1,False,-1
6250,SINGLE,0,0,1,False,-1
6251,DOUBLE,1,0,1,False,-1
6252,DOUBLE,1,0,1,False,-1
6253,DOUBLE,1,0,1,False,-1
6254,SINGLE,0,0,1,False,-1
6255,DOUBLE,1,0,1,False,-1
6257,SINGLE,0,0,1,False,-1
6258,DOUBLE,1,0,1,False,-1
6259,SINGLE,0,0,1,False,-1
6260,SINGLE,0,0,1,False,-1
6261,DOUBLE,1,0,1,False,-1
6262,DOUBLE,1,0,1,False,-1
6263,SINGLE,0,0,1,False,-1
6264,DOUBLE,1,0,1,False,-1
6265,SINGLE,0,0,1,False,-1
6266,SINGLE,0,0,1,False,-1
6267,DOUBLE,1,0,1,False,-1
6268,DOUBLE,1,0,1,False,-1
6270,DOUBLE,1,0,1,False,-1
6271,DOUBLE,1,0,1,False,-1
6272,DOUBLE,1,0,1,False,-1
6273,SINGLE,0,0,1,False,-1
6274,DOUBLE,1,0,1,False,-1
6275,DOUBLE,1,0,1,False,-1
6276,SINGLE,0,0,1,False,-1
6277,DOUBLE,1,0,1,False,-1
6278,DOUBLE,1,0,1,False,-1
6281,DOUBLE,1,0,1,False,-1
6282,SINGLE,0,0,1,False,-1
6283,DOUBLE,1,0,1,False,-1
6284,SINGLE,0,0,1,False,-1
6285,DOUBLE,1,0,1,False,-1
6286,DOUBLE,1,0,1,False,-1
6287,DOUBLE,1,0,1,False,-1
6288,SINGLE,0,0,1,False,-1
6289,DOUBLE,1,0,1,False,-1
6290,DOUBLE,1,0,1,False,-1
6291,SINGLE,0,0,1,False,-1
6292,SINGLE,0,0,1,False,-1
6293,SINGLE,0,0,1,False,-1
6294,SINGLE,0,0,1,False,-1
6295,SINGLE,0,0,1,False,-1
6296,DOUBLE,1,0,1,False,-1
6297,DOUBLE,1,0,1,False,-1
6298,SINGLE,0,0,1,False,-1
6299,SINGLE,0,0,1,False,-1
6300,DOUBLE,1,0,1,False,-1
6301,SINGLE,0,0,1,False,-1
6302,SINGLE,0,0,1,False,-1
6303,SINGLE,0,0,1,False,-1
6304,DOUBLE,1,0,1,False,-1
6305,SINGLE,0,0,1,False,-1
6306,SINGLE,0,0,1,False,-1
6307,DOUBLE,1,0,1,False,-1
6308,DOUBLE,1,0,1,False,-1
6309,DOUBLE,1,0,1,False,-1
6310,SINGLE,0,0,1,False,-1
6311,SINGLE,0,0,1,False,-1
6312,SINGLE,0,0,1,False,-1
6313,SINGLE,0,0,1,False,-1
6314,DOUBLE,1,0,1,False,-1
6315,DOUBLE,1,0,1,False,-1
6316,DOUBLE,1,0,1,False,-1
6317,DOUBLE,1,0,1,False,-1
6318,DOUBLE,1,0,1,False,-1
6319,DOUBLE,1,0,1,False,-1
6320,DOUBLE,1,0,1,False,-1
6321,DOUBLE,1,0,1,False,-1
6322,DOUBLE,1,0,1,False,-1
6323,SINGLE,0,0,1,False,-1
6324,SINGLE,0,0,1,False,-1
6325,SINGLE,0,0,1,False,-1
6326,SINGLE,0,0,1,False,-1
6328,DOUBLE,1,0,1,False,-1
6329,DOUBLE,1,0,1,False,-1
6330,DOUBLE,1,0,1,False,-1
6331,DOUBLE,1,0,1,False,-1
6332,SINGLE,0,0,1,False,-1
6333,DOUBLE,1,0,1,False,-1
6334,SINGLE,0,0,1,False,-1
6335,SINGLE,0,0,1,False,-1
6336,SINGLE,0,0,1,False,-1
6337,DOUBLE,1,0,1,False,-1
6338,SINGLE,0,0,1,False,-1
6339,DOUBLE,1,0,1,False,-1
6340,DOUBLE,1,0,1,False,-1
6341,DOUBLE,1,0,1,False,-1
6342,SINGLE,0,0,1,False,-1
6343,DOUBLE,1,0,1,False,-1
6344,SINGLE,0,0,1,False,-1
6345,DOUBLE,1,0,1,False,-1
6346,DOUBLE,1,0,1,False,-1
6347,DOUBLE,1,0,1,False,-1
6348,DOUBLE,1,0,1,False,-1
6349,DOUBLE,1,0,1,False,-1
6351,DOUBLE,1,0,1,False,-1
6352,DOUBLE,1,0,1,False,-1
6353,DOUBLE,1,0,1,False,-1
6354,DOUBLE,1,0,1,False,-1
6355,DOUBLE,1,0,1,False,-1
6356,DOUBLE,1,0,1,False,-1
6357,SINGLE,0,0,1,False,-1
6358,SINGLE,0,0,1,False,-1
6359,DOUBLE,1,0,1,False,-1
6360,DOUBLE,1,0,1,False,-1
6361,DOUBLE,1,0,1,False,-1
6362,DOUBLE,1,0,1,False,-1
6363,SINGLE,0,0,1,False,-1
6364,DOUBLE,1,0,1,False,-1
6365,SINGLE,0,0,1,False,-1
6366,SINGLE,0,0,1,False,-1
6367,DOUBLE,1,0,1,False,-1
6368,SINGLE,0,0,1,False,-1
6369,DOUBLE,1,0,1,False,-1
6370,DOUBLE,1,0,1,False,-1
6371,DOUBLE,1,0,1,False,-1
6372,SINGLE,0,0,1,False,-1
6373,DOUBLE,1,0,1,False,-1
6374,SINGLE,0,0,1,False,-1
6375,SINGLE,0,0,1,False,-1
6376,DOUBLE,1,0,1,False,-1
6377,SINGLE,0,0,1,False,-1
6378,DOUBLE,1,0,1,False,-1
6379,SINGLE,0,0,1,False,-1
6381,TRIPLE,1,1,1,False,-1
6382,DOUBLE,1,0,1,False,-1
6383,DOUBLE,1,0,1,False,-1
6384,DOUBLE,1,0,1,False,-1
6385,DOUBLE,1,0,1,False,-1
6386,DOUBLE,1,0,1,False,-1
6387,DOUBLE,1,0,1,False,-1
6389,DOUBLE,1,0,1,False,-1
6390,DOUBLE,1,0,1,False,-1
6391,DOUBLE,1,0,1,False,-1
6392,DOUBLE,1,0,1,False,-1
6393,SINGLE,0,0,1,False,-1
6394,DOUBLE,1,0,1,False,-1
6396,DOUBLE,1,0,1,False,-1
6397,DOUBLE,1,0,1,False,-1
6398,SINGLE,0,0,1,False,-1
6399,DOUBLE,1,0,1,False,-1
6400,DOUBLE,1,0,1,False,-1
6401,DOUBLE,1,0,1,False,-1
6402,SINGLE,0,0,1,False,-1
6403,DOUBLE,1,0,1,False,-1
6404,SINGLE,0,0,1,False,-1
6407,DOUBLE,1,0,1,False,-1
6408,SINGLE,0,0,1,False,-1
6409,SINGLE,0,0,1,False,-1
6410,SINGLE,0,0,1,False,-1
6411,SINGLE,0,0,1,False,-1
6412,DOUBLE,1,0,1,False,-1
6413,SINGLE,0,0,1,False,-1
6414,DOUBLE,1,0,1,False,-1
6415,DOUBLE,1,0,1,False,-1
6416,SINGLE,0,0,1,False,-1
6417,SINGLE,0,0,1,False,-1
6418,SINGLE,0,0,1,False,-1
6419,SINGLE,0,0,1,False,-1
6420,DOUBLE,1,0,1,False,-1
6421,DOUBLE,1,0,1,False,-1
6423,DOUBLE,1,0,1,False,-1
6424,SINGLE,0,0,1,False,-1
6425,DOUBLE,1,0,1,False,-1
6426,SINGLE,0,0,1,False,-1
6427,SINGLE,0,0,1,False,-1
6428,SINGLE,0,0,1,False,-1
6430,DOUBLE,1,0,1,False,-1
6432,DOUBLE,1,0,1,False,-1
6433,SINGLE,0,0,1,False,-1
6434,DOUBLE,1,0,1,False,-1
6435,DOUBLE,1,0,1,False,-1
6437,DOUBLE,1,0,1,False,-1
6438,SINGLE,0,0,1,False,-1
6440,DOUBLE,1,0,1,False,-1
6441,SINGLE,0,0,1,False,-1
6442,DOUBLE,1,0,1,False,-1
6443,DOUBLE,1,0,1,False,-1
6444,SINGLE,0,0,1,False,-1
6445,DOUBLE,1,0,1,False,-1
6446,SINGLE,0,0,1,False,-1
6447,SINGLE,0,0,1,False,-1
6448,SINGLE,0,0,1,False,-1
6449,SINGLE,0,0,1,False,-1
6450,DOUBLE,1,0,1,False,-1
6451,SINGLE,0,0,1,False,-1
6452,DOUBLE,1,0,1,False,-1
6453,DOUBLE,1,0,1,False,-1
6454,DOUBLE,1,0,1,False,-1
6455,SINGLE,0,0,1,False,-1
6456,DOUBLE,1,0,1,False,-1
6458,DOUBLE,1,0,1,False,-1
6459,DOUBLE,1,0,1,False,-1
6460,DOUBLE,1,0,1,False,-1
6461,DOUBLE,1,0,1,False,-1
6462,SINGLE,0,0,1,False,-1
6463,SINGLE,0,0,1,False,-1
6464,SINGLE,0,0,1,False,-1
6465,SINGLE,0,0,1,False,-1
6467,SINGLE,0,0,1,False,-1
6468,DOUBLE,1,0,1,False,-1
6470,DOUBLE,1,0,1,False,-1
6472,DOUBLE,1,0,1,False,-1
6473,SINGLE,0,0,1,False,-1
6474,DOUBLE,1,0,1,False,-1
6475,DOUBLE,1,0,1,False,-1
6476,SINGLE,0,0,1,False,-1
6477,DOUBLE,1,0,1,False,-1
6478,SINGLE,0,0,1,False,-1
6479,DOUBLE,1,0,1,False,-1
6480,DOUBLE,1,0,1,False,-1
6481,DOUBLE,1,0,1,False,-1
6482,DOUBLE,1,0,1,False,-1
6483,DOUBLE,1,0,1,False,-1
6484,SINGLE,0,0,1,False,-1
6485,SINGLE,0,0,1,False,-1
6486,SINGLE,0,0,1,False,-1
6487,DOUBLE,1,0,1,False,-1
6488,DOUBLE,1,0,1,False,-1
6489,SINGLE,0,0,1,False,-1
6490,SINGLE,0,0,1,False,-1
6491,DOUBLE,1,0,1,False,-1
6492,SINGLE,0,0,1,False,-1
6493,SINGLE,0,0,1,False,-1
6494,DOUBLE,1,0,1,False,-1
6495,SINGLE,0,0,1,False,-1
6497,DOUBLE,1,0,1,False,-1
6498,SINGLE,0,0,1,False,-1
6499,DOUBLE,1,0,1,False,-1
6500,DOUBLE,1,0,1,False,-1
6501,SINGLE,0,0,1,False,-1
6502,SINGLE,0,0,1,False,-1
6503,SINGLE,0,0,1,False,-1
6504,DOUBLE,1,0,1,False,-1
6505,DOUBLE,1,0,1,False,-1
6506,SINGLE,0,0,1,False,-1
6507,DOUBLE,1,0,1,False,-1
6508,SINGLE,0,0,1,False,-1
6509,DOUBLE,1,0,1,False,-1
6510,DOUBLE,1,0,1,False,-1
6511,SINGLE,0,0,1,False,-1
6512,DOUBLE,1,0,1,False,-1
6513,TRIPLE,1,1,1,False,-1
6514,DOUBLE,0,1,1,False,-1
6515,SINGLE,0,0,1,False,-1
6516,DOUBLE,1,0,1,False,-1
6517,SINGLE,0,0,1,False,-1
6518,SINGLE,0,0,1,False,-1
6519,DOUBLE,1,0,1,False,-1
6520,DOUBLE,1,0,1,False,-1
6521,SINGLE,0,0,1,False,-1
6522,SINGLE,0,0,1,False,-1
6523,DOUBLE,1,0,1,False,-1
6525,DOUBLE,1,0,1,False,-1
6526,DOUBLE,1,0,1,False,-1
6527,SINGLE,0,0,1,False,-1
6529,DOUBLE,1,0,1,False,-1
6530,DOUBLE,1,0,1,False,-1
6531,SINGLE,0,0,1,False,-1
6532,SINGLE,0,0,1,False,-1
6533,DOUBLE,1,0,1,False,-1
6534,SINGLE,0,0,1,False,-1
6535,SINGLE,0,0,1,False,-1
6536,DOUBLE,1,0,1,False,-1
6537,DOUBLE,1,0,1,False,-1
6538,SINGLE,0,0,1,False,-1
6539,DOUBLE,1,0,1,False,-1
6540,DOUBLE,1,0,1,False,-1
6541,DOUBLE,1,0,1,False,-1
6542,DOUBLE,1,0,1,False,-1
6543,SINGLE,0,0,1,False,-1
6544,DOUBLE,1,0,1,False,-1
6545,SINGLE,0,0,1,False,-1
6546,DOUBLE,1,0,1,False,-1
6547,SINGLE,0,0,1,False,-1
6548,SINGLE,0,0,1,False,-1
6549,DOUBLE,1,0,1,False,-1
6551,SINGLE,0,0,1,False,-1
6552,DOUBLE,1,0,1,False,-1
6553,SINGLE,0,0,1,False,-1
6554,DOUBLE,1,0,1,False,-1
6555,SINGLE,0,0,1,False,-1
6556,SINGLE,0,0,1,False,-1
6557,SINGLE,0,0,1,False,-1
6558,SINGLE,0,0,1,False,-1
6559,DOUBLE,1,0,1,False,-1
6560,SINGLE,0,0,1,False,-1
6562,SINGLE,0,0,1,False,-1
6563,SINGLE,0,0,1,False,-1
6565,SINGLE,0,0,1,False,-1
6566,DOUBLE,1,0,1,False,-1
6567,DOUBLE,1,0,1,False,-1
6568,DOUBLE,1,0,1,False,-1
6569,SINGLE,0,0,1,False,-1
6571,DOUBLE,1,0,1,False,-1
6572,DOUBLE,1,0,1,False,-1
6573,DOUBLE,1,0,1,False,-1
6574,DOUBLE,1,0,1,False,-1
6575,DOUBLE,1,0,1,False,-1
6576,SINGLE,0,0,1,False,-1
6577,DOUBLE,1,0,1,False,-1
6578,SINGLE,0,0,1,False,-1
6579,SINGLE,0,0,1,False,-1
6580,SINGLE,0,0,1,False,-1
6581,SINGLE,0,0,1,False,-1
6582,DOUBLE,1,0,1,False,-1
6583,DOUBLE,1,0,1,False,-1
6584,SINGLE,0,0,1,False,-1
6585,DOUBLE,1,0,1,False,-1
6586,DOUBLE,1,0,1,False,-1
6587,DOUBLE,1,0,1,False,-1
6588,TRIPLE,1,1,1,False,-1
6589,SINGLE,0,0,1,False,-1
6590,SINGLE,0,0,1,False,-1
6592,DOUBLE,1,0,1,False,-1
6593,SINGLE,0,0,1,False,-1
6594,DOUBLE,1,0,1,False,-1
6596,DOUBLE,1,0,1,False,-1
6597,SINGLE,0,0,1,False,-1
6598,SINGLE,0,0,1,False,-1
6599,DOUBLE,1,0,1,False,-1
6600,DOUBLE,1,0,1,False,-1
6601,DOUBLE,1,0,1,False,-1
6602,SINGLE,0,0,1,False,-1
6603,SINGLE,0,0,1,False,-1
6604,DOUBLE,1,0,1,False,-1
6605,DOUBLE,1,0,1,False,-1
6606,DOUBLE,1,0,1,False,-1
6608,DOUBLE,1,0,1,False,-1
6609,SINGLE,0,0,1,False,-1
6610,SINGLE,0,0,1,False,-1
6611,TRIPLE,1,1,1,False,-1
6612,DOUBLE,1,0,1,False,-1
6613,DOUBLE,1,0,1,False,-1
6614,DOUBLE,1,0,1,False,-1
6616,SINGLE,0,0,1,False,-1
6617,DOUBLE,1,0,1,False,-1
6618,DOUBLE,1,0,1,False,-1
6620,DOUBLE,1,0,1,False,-1
6621,DOUBLE,1,0,1,False,-1
6623,DOUBLE,1,0,1,False,-1
6624,SINGLE,0,0,1,False,-1
6625,SINGLE,0,0,1,False,-1
6626,DOUBLE,1,0,1,False,-1
6627,DOUBLE,1,0,1,False,-1
6628,DOUBLE,1,0,1,False,-1
6629,DOUBLE,1,0,1,False,-1
6630,DOUBLE,1,0,1,False,-1
6631,SINGLE,0,0,1,False,-1
6632,SINGLE,0,0,1,False,-1
6633,DOUBLE,1,0,1,False,-1
6634,SINGLE,0,0,1,False,-1
6635,SINGLE,0,0,1,False,-1
6636,SINGLE,0,0,1,False,-1
6637,DOUBLE,1,0,1,False,-1
6638,SINGLE,0,0,1,False,-1
6639,DOUBLE,1,0,1,False,-1
6640,DOUBLE,1,0,1,False,-1
6641,DOUBLE,1,0,1,False,-1
6642,DOUBLE,1,0,1,False,-1
6643,DOUBLE,1,0,1,False,-1
6644,DOUBLE,1,0,1,False,-1
6645,DOUBLE,0,1,1,False,-1
6647,DOUBLE,1,0,1,False,-1
6648,DOUBLE,1,0,1,False,-1
6649,SINGLE,0,0,1,False,-1
6650,SINGLE,0,0,1,False,-1
6652,DOUBLE,1,0,1,False,-1
6653,SINGLE,0,0,1,False,-1
6655,SINGLE,0,0,1,False,-1
6656,SINGLE,0,0,1,False,-1
6657,DOUBLE,1,0,1,False,-1
6658,SINGLE,0,0,1,False,-1
6659,SINGLE,0,0,1,False,-1
6660,DOUBLE,1,0,1,False,-1
6661,DOUBLE,1,0,1,False,-1
6662,SINGLE,0,0,1,False,-1
6663,SINGLE,0,0,1,False,-1
6664,DOUBLE,1,0,1,False,-1
6665,SINGLE,0,0,1,False,-1
6666,SINGLE,0,0,1,False,-1
6667,DOUBLE,1,0,1,False,-1
6668,DOUBLE,1,0,1,False,-1
6669,DOUBLE,1,0,1,False,-1
6670,DOUBLE,1,0,1,False,-1
6671,SINGLE,0,0,1,False,-1
6672,DOUBLE,1,0,1,False,-1
6674,SINGLE,0,0,1,False,-1
6675,DOUBLE,0,1,1,False,-1
6676,SINGLE,0,0,1,False,-1
6677,DOUBLE,1,0,1,False,-1
6678,SINGLE,0,0,1,False,-1
6679,DOUBLE,1,0,1,False,-1
6680,DOUBLE,1,0,1,False,-1
6681,DOUBLE,1,0,1,False,-1
6682,SINGLE,0,0,1,False,-1
6683,SINGLE,0,0,1,False,-1
6684,SINGLE,0,0,1,False,-1
6686,DOUBLE,1,0,1,False,-1
6687,SINGLE,0,0,1,False,-1
6688,DOUBLE,1,0,1,False,-1
6689,DOUBLE,1,0,1,False,-1
6690,DOUBLE,1,0,1,False,-1
6691,SINGLE,0,0,1,False,-1
6692,DOUBLE,1,0,1,False,-1
6694,SINGLE,0,0,1,False,-1
6695,DOUBLE,1,0,1,False,-1
6696,DOUBLE,1,0,1,False,-1
6697,DOUBLE,1,0,1,False,-1
6698,DOUBLE,1,0,1,False,-1
6699,SINGLE,0,0,1,False,-1
6700,DOUBLE,1,0,1,False,-1
6701,SINGLE,0,0,1,False,-1
6702,SINGLE,0,0,1,False,-1
6703,DOUBLE,1,0,1,False,-1
6704,SINGLE,0,0,1,False,-1
6705,DOUBLE,1,0,1,False,-1
6706,SINGLE,0,0,1,False,-1
6708,DOUBLE,1,0,1,False,-1
6709,DOUBLE,1,0,1,False,-1
6710,DOUBLE,1,0,1,False,-1
6711,DOUBLE,1,0,1,False,-1
6712,DOUBLE,0,1,1,False,-1
6713,SINGLE,0,0,1,False,-1
6714,DOUBLE,1,0,1,False,-1
6715,SINGLE,0,0,1,False,-1
6716,DOUBLE,1,0,1,False,-1
6717,DOUBLE,1,0,1,False,-1
6718,DOUBLE,1,0,1,False,-1
6719,DOUBLE,1,0,1,False,-1
6720,SINGLE,0,0,1,False,-1
6721,DOUBLE,1,0,1,False,-1
6722,SINGLE,0,0,1,False,-1
6723,DOUBLE,1,0,1,False,-1
6724,SINGLE,0,0,1,False,-1
6725,DOUBLE,1,0,1,False,-1
6726,DOUBLE,1,0,1,False,-1
6727,DOUBLE,1,0,1,False,-1
6728,DOUBLE,1,0,1,False,-1
6729,SINGLE,0,0,1,False,-1
6731,SINGLE,0,0,1,False,-1
6732,DOUBLE,1,0,1,False,-1
6734,SINGLE,0,0,1,False,-1
6737,SINGLE,0,0,1,False,-1
6738,SINGLE,0,0,1,False,-1
6739,DOUBLE,1,0,1,False,-1
6740,SINGLE,0,0,1,False,-1
6741,SINGLE,0,0,1,False,-1
6742,DOUBLE,1,0,1,False,-1
6743,DOUBLE,1,0,1,False,-1
6744,DOUBLE,1,0,1,False,-1
6745,DOUBLE,1,0,1,False,-1
6746,SINGLE,0,0,1,False,-1
6747,SINGLE,0,0,1,False,-1
6748,DOUBLE,1,0,1,False,-1
6749,DOUBLE,1,0,1,False,-1
6750,SINGLE,0,0,1,False,-1
6752,DOUBLE,1,0,1,False,-1
6753,SINGLE,0,0,1,False,-1
6754,SINGLE,0,0,1,False,-1
6755,DOUBLE,1,0,1,False,-1
6756,DOUBLE,1,0,1,False,-1
6757,DOUBLE,1,0,1,False,-1
6758,SINGLE,0,0,1,False,-1
6759,SINGLE,0,0,1,False,-1
6760,DOUBLE,1,0,1,False,-1
6762,SINGLE,0,0,1,False,-1
6763,SINGLE,0,0,1,False,-1
6764,SINGLE,0,0,1,False,-1
6765,SINGLE,0,0,1,False,-1
6766,DOUBLE,1,0,1,False,-1
6767,SINGLE,0,0,1,False,-1
6769,SINGLE,0,0,1,False,-1
6770,SINGLE,0,0,1,False,-1
6771,DOUBLE,1,0,1,False,-1
6772,DOUBLE,1,0,1,False,-1
6773,SINGLE,0,0,1,False,-1
6774,SINGLE,0,0,1,False,-1
6775,DOUBLE,1,0,1,False,-1
6776,SINGLE,0,0,1,False,-1
6777,DOUBLE,1,0,1,False,-1
6778,DOUBLE,1,0,1,False,-1
6779,DOUBLE,1,0,1,False,-1
6780,DOUBLE,1,0,1,False,-1
6781,DOUBLE,1,0,1,False,-1
6782,DOUBLE,1,0,1,False,-1
6783,SINGLE,0,0,1,False,-1
6784,SINGLE,0,0,1,False,-1
6785,DOUBLE,1,0,1,False,-1
6786,SINGLE,0,0,1,False,-1
6787,DOUBLE,1,0,1,False,-1
6788,DOUBLE,1,0,1,False,-1
6789,SINGLE,0,0,1,False,-1
6790,DOUBLE,1,0,1,False,-1
6791,SINGLE,0,0,1,False,-1
6792,SINGLE,0,0,1,False,-1
6793,DOUBLE,1,0,1,False,-1
6794,TRIPLE,1,1,1,False,-1
6795,DOUBLE,1,0,1,False,-1
6796,SINGLE,0,0,1,False,-1
6797,SINGLE,0,0,1,False,-1
6798,DOUBLE,1,0,1,False,-1
6799,DOUBLE,1,0,1,False,-1
6800,SINGLE,0,0,1,False,-1
6801,SINGLE,0,0,1,False,-1
6802,SINGLE,0,0,1,False,-1
6803,SINGLE,0,0,1,False,-1
6804,SINGLE,0,0,1,False,-1
6805,DOUBLE,1,0,1,False,-1
6807,SINGLE,0,0,1,False,-1
6808,DOUBLE,1,0,1,False,-1
6809,SINGLE,0,0,1,False,-1
6810,DOUBLE,1,0,1,False,-1
6811,DOUBLE,1,0,1,False,-1
6812,DOUBLE,1,0,1,False,-1
6813,SINGLE,0,0,1,False,-1
6814,SINGLE,0,0,1,False,-1
6816,SINGLE,0,0,1,False,-1
6817,SINGLE,0,0,1,False,-1
6818,SINGLE,0,0,1,False,-1
6819,DOUBLE,1,0,1,False,-1
6820,DOUBLE,1,0,1,False,-1
6822,SINGLE,0,0,1,False,-1
6823,SINGLE,0,0,1,False,-1
6825,SINGLE,0,0,1,False,-1
6827,DOUBLE,1,0,1,False,-1
6828,SINGLE,0,0,1,False,-1
6829,DOUBLE,1,0,1,False,-1
6830,SINGLE,0,0,1,False,-1
6831,SINGLE,0,0,1,False,-1
6832,SINGLE,0,0,1,False,-1
6833,SINGLE,0,0,1,False,-1
6834,DOUBLE,1,0,1,False,-1
6835,DOUBLE,1,0,1,False,-1
6837,DOUBLE,1,0,1,False,-1
6839,SINGLE,0,0,1,False,-1
6840,DOUBLE,1,0,1,False,-1
6841,DOUBLE,1,0,1,False,-1
6842,SINGLE,0,0,1,False,-1
6843,DOUBLE,1,0,1,False,-1
6844,DOUBLE,1,0,1,False,-1
6845,DOUBLE,1,0,1,False,-1
6846,SINGLE,0,0,1,False,-1
6847,DOUBLE,1,0,1,False,-1
6848,TRIPLE,1,1,1,False,-1
6849,SINGLE,0,0,1,False,-1
6850,DOUBLE,1,0,1,False,-1
6852,DOUBLE,1,0,1,False,-1
6853,SINGLE,0,0,1,False,-1
6854,DOUBLE,1,0,1,False,-1
6855,SINGLE,0,0,1,False,-1
6856,SINGLE,0,0,1,False,-1
6857,DOUBLE,1,0,1,False,-1
6859,DOUBLE,1,0,1,False,-1
6860,DOUBLE,1,0,1,False,-1
6861,DOUBLE,1,0,1,False,-1
6863,DOUBLE,1,0,1,False,-1
6864,SINGLE,0,0,1,False,-1
6865,SINGLE,0,0,1,False,-1
6866,SINGLE,0,0,1,False,-1
6867,SINGLE,0,0,1,False,-1
6868,DOUBLE,1,0,1,False,-1
6869,DOUBLE,1,0,1,False,-1
6870,SINGLE,0,0,1,False,-1
6871,DOUBLE,1,0,1,False,-1
6873,SINGLE,0,0,1,False,-1
6874,DOUBLE,1,0,1,False,-1
6875,DOUBLE,1,0,1,False,-1
6876,SINGLE,0,0,1,False,-1
6877,DOUBLE,1,0,1,False,-1
6878,TRIPLE,1,1,1,False,-1
6879,DOUBLE,1,0,1,False,-1
6880,DOUBLE,1,0,1,False,-1
6881,DOUBLE,1,0,1,False,-1
6883,SINGLE,0,0,1,False,-1
6884,DOUBLE,1,0,1,False,-1
6885,SINGLE,0,0,1,False,-1
6886,SINGLE,0,0,1,False,-1
6887,DOUBLE,1,0,1,False,-1
6888,DOUBLE,1,0,1,False,-1
6889,DOUBLE,1,0,1,False,-1
6890,DOUBLE,1,0,1,False,-1
6891,SINGLE,0,0,1,False,-1
6892,DOUBLE,1,0,1,False,-1
6893,SINGLE,0,0,1,False,-1
6894,DOUBLE,1,0,1,False,-1
6896,SINGLE,0,0,1,False,-1
6897,DOUBLE,1,0,1,False,-1
6898,SINGLE,0,0,1,False,-1
6899,DOUBLE,1,0,1,False,-1
6900,DOUBLE,1,0,1,False,-1
6902,SINGLE,0,0,1,False,-1
6903,SINGLE,0,0,1,False,-1
6904,DOUBLE,0,1,1,False,-1
6905,DOUBLE,1,0,1,False,-1
6906,DOUBLE,1,0,1,False,-1
6907,SINGLE,0,0,1,False,-1
6908,DOUBLE,1,0,1,False,-1
6909,DOUBLE,1,0,1,False,-1
6910,SINGLE,0,0,1,False,-1
6911,DOUBLE,1,0,1,False,-1
6912,DOUBLE,1,0,1,False,-1
6913,DOUBLE,1,0,1,False,-1
6914,DOUBLE,1,0,1,False,-1
6915,SINGLE,0,0,1,False,-1
6916,SINGLE,0,0,1,False,-1
6917,DOUBLE,0,1,1,False,-1
6918,DOUBLE,1,0,1,False,-1
6919,DOUBLE,1,0,1,False,-1
6920,SINGLE,0,0,1,False,-1
6921,DOUBLE,1,0,1,False,-1
6922,SINGLE,0,0,1,False,-1
6923,DOUBLE,1,0,1,False,-1
6925,SINGLE,0,0,1,False,-1
6926,SINGLE,0,0,1,False,-1
6927,SINGLE,0,0,1,False,-1
6928,SINGLE,0,0,1,False,-1
6929,DOUBLE,1,0,1,False,-1
6930,DOUBLE,1,0,1,False,-1
6931,DOUBLE,1,0,1,False,-1
6932,DOUBLE,1,0,1,False,-1
6933,DOUBLE,1,0,1,False,-1
6934,SINGLE,0,0,1,False,-1
6936,SINGLE,0,0,1,False,-1
6937,SINGLE,0,0,1,False,-1
6938,SINGLE,0,0,1,False,-1
6939,SINGLE,0,0,1,False,-1
6940,SINGLE,0,0,1,False,-1
6941,DOUBLE,1,0,1,False,-1
6942,DOUBLE,1,0,1,False,-1
6943,DOUBLE,1,0,1,False,-1
6944,DOUBLE,1,0,1,False,-1
6945,SINGLE,0,0,1,False,-1
6946,SINGLE,0,0,1,False,-1
6947,SINGLE,0,0,1,False,-1
6948,DOUBLE,1,0,1,False,-1
6949,DOUBLE,1,0,1,False,-1
6950,SINGLE,0,0,1,False,-1
6952,DOUBLE,0,1,1,False,-1
6954,SINGLE,0,0,1,False,-1
6955,DOUBLE,1,0,1,False,-1
6957,SINGLE,0,0,1,False,-1
6958,SINGLE,0,0,1,False,-1
6959,DOUBLE,1,0,1,False,-1
6960,DOUBLE,1,0,1,False,-1
6961,SINGLE,0,0,1,False,-1
6962,DOUBLE,1,0,1,False,-1
6963,SINGLE,0,0,1,False,-1
6964,DOUBLE,1,0,1,False,-1
6965,DOUBLE,1,0,1,False,-1
6966,DOUBLE,1,0,1,False,-1
6967,DOUBLE,1,0,1,False,-1
6968,DOUBLE,1,0,1,False,-1
6969,DOUBLE,1,0,1,False,-1
6971,SINGLE,0,0,1,False,-1
6972,SINGLE,0,0,1,False,-1
6973,DOUBLE,1,0,1,False,-1
6974,SINGLE,0,0,1,False,-1
6975,DOUBLE,1,0,1,False,-1
6976,DOUBLE,1,0,1,False,-1
6977,SINGLE,0,0,1,False,-1
6979,DOUBLE,1,0,1,False,-1
6980,DOUBLE,1,0,1,False,-1
6981,SINGLE,0,0,1,False,-1
6983,SINGLE,0,0,1,False,-1
6984,SINGLE,0,0,1,False,-1
6986,DOUBLE,1,0,1,False,-1
6987,SINGLE,0,0,1,False,-1
6988,DOUBLE,1,0,1,False,-1
6989,DOUBLE,1,0,1,False,-1
6990,SINGLE,0,0,1,False,-1
6991,SINGLE,0,0,1,False,-1
6992,DOUBLE,1,0,1,False,-1
6993,DOUBLE,1,0,1,False,-1
6994,DOUBLE,1,0,1,False,-1
6995,DOUBLE,1,0,1,False,-1
6997,SINGLE,0,0,1,False,-1
6998,DOUBLE,1,0,1,False,-1
6999,DOUBLE,1,0,1,False,-1
7000,DOUBLE,0,1,1,False,-1
7001,DOUBLE,1,0,1,False,-1
7002,SINGLE,0,0,1,False,-1
7003,DOUBLE,1,0,1,False,-1
7004,DOUBLE,1,0,1,False,-1
7005,SINGLE,0,0,1,False,-1
7006,DOUBLE,1,0,1,False,-1
7007,DOUBLE,1,0,1,False,-1
7008,DOUBLE,1,0,1,False,-1
7009,SINGLE,0,0,1,False,-1
7010,DOUBLE,1,0,1,False,-1
7013,DOUBLE,1,0,1,False,-1
7014,SINGLE,0,0,1,False,-1
7015,DOUBLE,1,0,1,False,-1
7016,SINGLE,0,0,1,False,-1
7017,SINGLE,0,0,1,False,-1
7018,DOUBLE,1,0,1,False,-1
7019,SINGLE,0,0,1,False,-1
7020,DOUBLE,1,0,1,False,-1
7021,DOUBLE,1,0,1,False,-1
7022,SINGLE,0,0,1,False,-1
7023,SINGLE,0,0,1,False,-1
7024,SINGLE,0,0,1,False,-1
7025,DOUBLE,1,0,1,False,-1
7026,DOUBLE,1,0,1,False,-1
7027,SINGLE,0,0,1,False,-1
7028,DOUBLE,1,0,1,False,-1
7029,DOUBLE,1,0,1,False,-1
7030,DOUBLE,1,0,1,False,-1
7031,SINGLE,0,0,1,False,-1
7032,DOUBLE,1,0,1,False,-1
7034,SINGLE,0,0,1,False,-1
7035,SINGLE,0,0,1,False,-1
7036,DOUBLE,1,0,1,False,-1
7037,DOUBLE,1,0,1,False,-1
7038,DOUBLE,1,0,1,False,-1
7040,SINGLE,0,0,1,False,-1
7041,SINGLE,0,0,1,False,-1
7042,DOUBLE,1,0,1,False,-1
7043,SINGLE,0,0,1,False,-1
7044,DOUBLE,1,0,1,False,-1
7045,DOUBLE,1,0,1,False,-1
7046,DOUBLE,1,0,1,False,-1
7047,SINGLE,0,0,1,False,-1
7048,DOUBLE,1,0,1,False,-1
7049,DOUBLE,1,0,1,False,-1
7051,SINGLE,0,0,1,False,-1
7052,DOUBLE,1,0,1,False,-1
7054,SINGLE,0,0,1,False,-1
7055,DOUBLE,1,0,1,False,-1
7056,DOUBLE,1,0,1,False,-1
7057,SINGLE,0,0,1,False,-1
7058,DOUBLE,1,0,1,False,-1
7060,SINGLE,0,0,1,False,-1
7062,DOUBLE,1,0,1,False,-1
7063,DOUBLE,1,0,1,False,-1
7064,DOUBLE,1,0,1,False,-1
7066,DOUBLE,1,0,1,False,-1
7067,DOUBLE,1,0,1,False,-1
7069,SINGLE,0,0,1,False,-1
7070,SINGLE,0,0,1,False,-1
7071,SINGLE,0,0,1,False,-1
7072,SINGLE,0,0,1,False,-1
7073,DOUBLE,1,0,1,False,-1
7074,DOUBLE,1,0,1,False,-1
7075,SINGLE,0,0,1,False,-1
7076,SINGLE,0,0,1,False,-1
7077,DOUBLE,1,0,1,False,-1
7078,SINGLE,0,0,1,False,-1
7079,DOUBLE,1,0,1,False,-1
7080,SINGLE,0,0,1,False,-1
7081,DOUBLE,1,0,1,False,-1
7082,SINGLE,0,0,1,False,-1
7086,SINGLE,0,0,1,False,-1
7088,DOUBLE,1,0,1,False,-1
7089,SINGLE,0,0,1,False,-1
7090,DOUBLE,1,0,1,False,-1
7091,SINGLE,0,0,1,False,-1
7093,DOUBLE,1,0,1,False,-1
7094,DOUBLE,1,0,1,False,-1
7095,SINGLE,0,0,1,False,-1
7096,SINGLE,0,0,1,False,-1
7098,SINGLE,0,0,1,False,-1
7099,SINGLE,0,0,1,False,-1
7100,SINGLE,0,0,1,False,-1
7101,DOUBLE,1,0,1,False,-1
7102,SINGLE,0,0,1,False,-1
7103,DOUBLE,1,0,1,False,-1
7104,DOUBLE,1,0,1,False,-1
7105,DOUBLE,1,0,1,False,-1
7106,SINGLE,0,0,1,False,-1
7107,SINGLE,0,0,1,False,-1
7110,DOUBLE,1,0,1,False,-1
7111,SINGLE,0,0,1,False,-1
7112,DOUBLE,1,0,1,False,-1
7113,SINGLE,0,0,1,False,-1
7114,DOUBLE,1,0,1,False,-1
7115,DOUBLE,1,0,1,False,-1
7116,SINGLE,0,0,1,False,-1
7117,SINGLE,0,0,1,False,-1
7118,SINGLE,0,0,1,False,-1
7119,SINGLE,0,0,1,False,-1
7120,DOUBLE,1,0,1,False,-1
7121,DOUBLE,1,0,1,False,-1
7122,DOUBLE,1,0,1,False,-1
7123,DOUBLE,1,0,1,False,-1
7124,DOUBLE,1,0,1,False,-1
7125,DOUBLE,1,0,1,False,-1
7126,TRIPLE,1,1,1,False,-1
7127,SINGLE,0,0,1,False,-1
7128,DOUBLE,1,0,1,False,-1
7129,SINGLE,0,0,1,False,-1
7130,DOUBLE,1,0,1,False,-1
7131,DOUBLE,1,0,1,False,-1
7132,DOUBLE,1,0,1,False,-1
7133,SINGLE,0,0,1,False,-1
7134,DOUBLE,1,0,1,False,-1
7135,SINGLE,0,0,1,False,-1
7136,DOUBLE,1,0,1,False,-1
7137,DOUBLE,1,0,1,False,-1
7138,SINGLE,0,0,1,False,-1
7139,DOUBLE,1,0,1,False,-1
7140,SINGLE,0,0,1,False,-1
7141,DOUBLE,1,0,1,False,-1
7142,DOUBLE,1,0,1,False,-1
7143,SINGLE,0,0,1,False,-1
7144,DOUBLE,1,0,1,False,-1
7145,DOUBLE,1,0,1,False,-1
7146,DOUBLE,1,0,1,False,-1
7147,DOUBLE,1,0,1,False,-1
7148,SINGLE,0,0,1,False,-1
7149,SINGLE,0,0,1,False,-1
7150,SINGLE,0,0,1,False,-1
7152,SINGLE,0,0,1,False,-1
7153,DOUBLE,1,0,1,False,-1
7154,DOUBLE,1,0,1,False,-1
7155,DOUBLE,1,0,1,False,-1
7157,DOUBLE,1,0,1,False,-1
7158,DOUBLE,1,0,1,False,-1
7159,SINGLE,0,0,1,False,-1
7160,SINGLE,0,0,1,False,-1
7162,SINGLE,0,0,1,False,-1
7164,SINGLE,0,0,1,False,-1
7165,SINGLE,0,0,1,False,-1
7166,SINGLE,0,0,1,False,-1
7168,DOUBLE,1,0,1,False,-1
7169,DOUBLE,1,0,1,False,-1
7170,DOUBLE,1,0,1,False,-1
7171,DOUBLE,1,0,1,False,-1
7172,DOUBLE,1,0,1,False,-1
7173,SINGLE,0,0,1,False,-1
7174,SINGLE,0,0,1,False,-1
7175,DOUBLE,1,0,1,False,-1
7176,DOUBLE,1,0,1,False,-1
7177,SINGLE,0,0,1,False,-1
7178,DOUBLE,1,0,1,False,-1
7179,SINGLE,0,0,1,False,-1
7180,DOUBLE,1,0,1,False,-1
7181,DOUBLE,1,0,1,False,-1
7182,SINGLE,0,0,1,False,-1
7184,SINGLE,0,0,1,False,-1
7185,DOUBLE,1,0,1,False,-1
7186,DOUBLE,1,0,1,False,-1
7187,DOUBLE,1,0,1,False,-1
7188,SINGLE,0,0,1,False,-1
7189,SINGLE,0,0,1,False,-1
7190,DOUBLE,1,0,1,False,-1
7191,DOUBLE,1,0,1,False,-1
7193,DOUBLE,0,1,1,False,-1
7194,DOUBLE,1,0,1,False,-1
7195,SINGLE,0,0,1,False,-1
7196,DOUBLE,1,0,1,False,-1
7197,DOUBLE,1,0,1,False,-1
7198,DOUBLE,1,0,1,False,-1
7199,SINGLE,0,0,1,False,-1
7200,SINGLE,0,0,1,False,-1
7201,DOUBLE,1,0,1,False,-1
7202,DOUBLE,1,0,1,False,-1
7203,SINGLE,0,0,1,False,-1
7204,SINGLE,0,0,1,False,-1
7205,DOUBLE,1,0,1,False,-1
7206,SINGLE,0,0,1,False,-1
7207,DOUBLE,1,0,1,False,-1
7209,DOUBLE,1,0,1,False,-1
7210,DOUBLE,1,0,1,False,-1
7211,DOUBLE,1,0,1,False,-1
7212,DOUBLE,1,0,1,False,-1
7213,DOUBLE,1,0,1,False,-1
7214,SINGLE,0,0,1,False,-1
7215,DOUBLE,1,0,1,False,-1
7216,DOUBLE,1,0,1,False,-1
7217,SINGLE,0,0,1,False,-1
7218,SINGLE,0,0,1,False,-1
7220,DOUBLE,1,0,1,False,-1
7221,SINGLE,0,0,1,False,-1
7223,DOUBLE,1,0,1,False,-1
7224,SINGLE,0,0,1,False,-1
7225,DOUBLE,1,0,1,False,-1
7226,SINGLE,0,0,1,False,-1
7227,DOUBLE,1,0,1,False,-1
7228,DOUBLE,1,0,1,False,-1
7229,SINGLE,0,0,1,False,-1
7230,DOUBLE,1,0,1,False,-1
7231,SINGLE,0,0,1,False,-1
7232,SINGLE,0,0,1,False,-1
7234,DOUBLE,1,0,1,False,-1
7235,DOUBLE,1,0,1,False,-1
7236,DOUBLE,1,0,1,False,-1
7237,SINGLE,0,0,1,False,-1
7238,DOUBLE,1,0,1,False,-1
7239,DOUBLE,1,0,1,False,-1
7240,DOUBLE,1,0,1,False,-1
7241,SINGLE,0,0,1,False,-1
7242,DOUBLE,1,0,1,False,-1
7243,SINGLE,0,0,1,False,-1
7244,SINGLE,0,0,1,False,-1
7245,SINGLE,0,0,1,False,-1
7246,DOUBLE,1,0,1,False,-1
7248,DOUBLE,1,0,1,False,-1
7249,DOUBLE,1,0,1,False,-1
7250,SINGLE,0,0,1,False,-1
7251,SINGLE,0,0,1,False,-1
7252,SINGLE,0,0,1,False,-1
7253,DOUBLE,1,0,1,False,-1
7254,DOUBLE,1,0,1,False,-1
7257,DOUBLE,1,0,1,False,-1
7258,DOUBLE,1,0,1,False,-1
7259,DOUBLE,1,0,1,False,-1
7260,DOUBLE,1,0,1,False,-1
7261,SINGLE,0,0,1,False,-1
7262,SINGLE,0,0,1,False,-1
7263,SINGLE,0,0,1,False,-1
7264,SINGLE,0,0,1,False,-1
7265,DOUBLE,1,0,1,False,-1
7266,SINGLE,0,0,1,False,-1
7267,SINGLE,0,0,1,False,-1
7268,DOUBLE,1,0,1,False,-1
7269,DOUBLE,1,0,1,False,-1
7270,SINGLE,0,0,1,False,-1
7271,DOUBLE,1,0,1,False,-1
7272,DOUBLE,1,0,1,False,-1
7273,DOUBLE,1,0,1,False,-1
7274,DOUBLE,1,0,1,False,-1
7275,DOUBLE,1,0,1,False,-1
7276,DOUBLE,0,1,1,False,-1
7277,SINGLE,0,0,1,False,-1
7278,DOUBLE,1,0,1,False,-1
7279,DOUBLE,0,1,1,False,-1
7280,DOUBLE,1,0,1,False,-1
7281,DOUBLE,1,0,1,False,-1
7282,SINGLE,0,0,1,False,-1
7283,SINGLE,0,0,1,False,-1
7284,DOUBLE,1,0,1,False,-1
7285,DOUBLE,1,0,1,False,-1
7286,DOUBLE,1,0,1,False,-1
7287,SINGLE,0,0,1,False,-1
7288,SINGLE,0,0,1,False,-1
7289,DOUBLE,1,0,1,False,-1
7290,DOUBLE,1,0,1,False,-1
7291,SINGLE,0,0,1,False,-1
7292,SINGLE,0,0,1,False,-1
7293,DOUBLE,1,0,1,False,-1
7294,DOUBLE,1,0,1,False,-1
7295,DOUBLE,1,0,1,False,-1
7296,SINGLE,0,0,1,False,-1
7297,SINGLE,0,0,1,False,-1
7298,SINGLE,0,0,1,False,-1
7299,SINGLE,0,0,1,False,-1
7300,DOUBLE,1,0,1,False,-1
7301,DOUBLE,1,0,1,False,-1
7302,SINGLE,0,0,1,False,-1
7303,DOUBLE,1,0,1,False,-1
7304,DOUBLE,1,0,1,False,-1
7305,DOUBLE,1,0,1,False,-1
7306,DOUBLE,1,0,1,False,-1
7307,DOUBLE,1,0,1,False,-1
7308,DOUBLE,1,0,1,False,-1
7309,SINGLE,0,0,1,False,-1
7310,DOUBLE,1,0,1,False,-1
7311,SINGLE,0,0,1,False,-1
7312,SINGLE,0,0,1,False,-1
7313,DOUBLE,1,0,1,False,-1
7314,DOUBLE,1,0,1,False,-1
7315,DOUBLE,1,0,1,False,-1
7317,DOUBLE,0,1,1,False,-1
7318,DOUBLE,1,0,1,False,-1
7319,DOUBLE,1,0,1,False,-1
7320,SINGLE,0,0,1,False,-1
7321,DOUBLE,1,0,1,False,-1
7322,DOUBLE,1,0,1,False,-1
7323,SINGLE,0,0,1,False,-1
7324,DOUBLE,1,0,1,False,-1
7325,SINGLE,0,0,1,False,-1
7326,DOUBLE,1,0,1,False,-1
7328,SINGLE,0,0,1,False,-1
7329,DOUBLE,1,0,1,False,-1
7330,DOUBLE,1,0,1,False,-1
7331,SINGLE,0,0,1,False,-1
7332,DOUBLE,1,0,1,False,-1
7333,SINGLE,0,0,1,False,-1
7334,DOUBLE,1,0,1,False,-1
7335,SINGLE,0,0,1,False,-1
7336,DOUBLE,1,0,1,False,-1
7337,SINGLE,0,0,1,False,-1
7338,SINGLE,0,0,1,False,-1
7339,DOUBLE,0,1,1,False,-1
7342,DOUBLE,1,0,1,False,-1
7343,DOUBLE,1,0,1,False,-1
7344,SINGLE,0,0,1,False,-1
7345,SINGLE,0,0,1,False,-1
7346,DOUBLE,1,0,1,False,-1
7347,SINGLE,0,0,1,False,-1
7348,DOUBLE,1,0,1,False,-1
7349,DOUBLE,1,0,1,False,-1
7350,DOUBLE,1,0,1,False,-1
7351,DOUBLE,1,0,1,False,-1
7352,DOUBLE,1,0,1,False,-1
7353,SINGLE,0,0,1,False,-1
7354,SINGLE,0,0,1,False,-1
7355,SINGLE,0,0,1,False,-1
7356,SINGLE,0,0,1,False,-1
7357,SINGLE,0,0,1,False,-1
7359,SINGLE,0,0,1,False,-1
7361,SINGLE,0,0,1,False,-1
7362,DOUBLE,1,0,1,False,-1
7363,DOUBLE,1,0,1,False,-1
7364,DOUBLE,1,0,1,False,-1
7365,SINGLE,0,0,1,False,-1
7366,SINGLE,0,0,1,False,-1
7367,SINGLE,0,0,1,False,-1
7369,DOUBLE,1,0,1,False,-1
7370,DOUBLE,1,0,1,False,-1
7371,SINGLE,0,0,1,False,-1
7372,DOUBLE,1,0,1,False,-1
7373,SINGLE,0,0,1,False,-1
7374,SINGLE,0,0,1,False,-1
7375,DOUBLE,1,0,1,False,-1
7376,SINGLE,0,0,1,False,-1
7377,SINGLE,0,0,1,False,-1
7378,DOUBLE,1,0,1,False,-1
7379,DOUBLE,1,0,1,False,-1
7380,DOUBLE,1,0,1,False,-1
7381,DOUBLE,1,0,1,False,-1
7382,DOUBLE,1,0,1,False,-1
7383,DOUBLE,1,0,1,False,-1
7384,DOUBLE,1,0,1,False,-1
7385,SINGLE,0,0,1,False,-1
7386,SINGLE,0,0,1,False,-1
7387,SINGLE,0,0,1,False,-1
7388,SINGLE,0,0,1,False,-1
7389,SINGLE,0,0,1,False,-1
7390,DOUBLE,1,0,1,False,-1
7391,DOUBLE,1,0,1,False,-1
7392,DOUBLE,1,0,1,False,-1
7393,SINGLE,0,0,1,False,-1
7394,DOUBLE,1,0,1,False,-1
7396,SINGLE,0,0,1,False,-1
7397,SINGLE,0,0,1,False,-1
7399,DOUBLE,1,0,1,False,-1
7400,DOUBLE,1,0,1,False,-1
7401,SINGLE,0,0,1,False,-1
7402,DOUBLE,1,0,1,False,-1
7403,SINGLE,0,0,1,False,-1
7404,DOUBLE,1,0,1,False,-1
7405,DOUBLE,1,0,1,False,-1
7406,SINGLE,0,0,1,False,-1
7407,DOUBLE,1,0,1,False,-1
7408,DOUBLE,1,0,1,False,-1
7409,DOUBLE,1,0,1,False,-1
7410,DOUBLE,1,0,1,False,-1
7411,SINGLE,0,0,1,False,-1
7412,DOUBLE,1,0,1,False,-1
7414,DOUBLE,1,0,1,False,-1
7415,SINGLE,0,0,1,False,-1
7416,DOUBLE,1,0,1,False,-1
7417,DOUBLE,1,0,1,False,-1
7418,DOUBLE,1,0,1,False,-1
7419,DOUBLE,1,0,1,False,-1
7420,DOUBLE,0,1,1,False,-1
7421,DOUBLE,1,0,1,False,-1
7422,DOUBLE,1,0,1,False,-1
7423,DOUBLE,1,0,1,False,-1
7425,DOUBLE,1,0,1,False,-1
7426,SINGLE,0,0,1,False,-1
7427,DOUBLE,1,0,1,False,-1
7428,DOUBLE,1,0,1,False,-1
7429,DOUBLE,1,0,1,False,-1
7430,SINGLE,0,0,1,False,-1
7431,DOUBLE,0,1,1,False,-1
7432,SINGLE,0,0,1,False,-1
7433,SINGLE,0,0,1,False,-1
7434,DOUBLE,1,0,1,False,-1
7435,SINGLE,0,0,1,False,-1
7436,DOUBLE,0,1,1,False,-1
7437,DOUBLE,1,0,1,False,-1
7438,SINGLE,0,0,1,False,-1
7439,DOUBLE,1,0,1,False,-1
7440,DOUBLE,1,0,1,False,-1
7441,SINGLE,0,0,1,False,-1
7442,DOUBLE,1,0,1,False,-1
7443,SINGLE,0,0,1,False,-1
7444,SINGLE,0,0,1,False,-1
7445,SINGLE,0,0,1,False,-1
7447,SINGLE,0,0,1,False,-1
7448,SINGLE,0,0,1,False,-1
7449,SINGLE,0,0,1,False,-1
7451,SINGLE,0,0,1,False,-1
7453,DOUBLE,1,0,1,False,-1
7454,SINGLE,0,0,1,False,-1
7455,SINGLE,0,0,1,False,-1
7456,SINGLE,0,0,1,False,-1
7457,DOUBLE,1,0,1,False,-1
7458,SINGLE,0,0,1,False,-1
7459,SINGLE,0,0,1,False,-1
7461,SINGLE,0,0,1,False,-1
7463,DOUBLE,1,0,1,False,-1
7464,SINGLE,0,0,1,False,-1
7465,SINGLE,0,0,1,False,-1
7466,DOUBLE,1,0,1,False,-1
7467,DOUBLE,1,0,1,False,-1
7468,DOUBLE,1,0,1,False,-1
7469,DOUBLE,1,0,1,False,-1
7470,DOUBLE,1,0,1,False,-1
7471,DOUBLE,1,0,1,False,-1
7472,DOUBLE,1,0,1,False,-1
7473,SINGLE,0,0,1,False,-1
7474,SINGLE,0,0,1,False,-1
7475,DOUBLE,1,0,1,False,-1
7476,SINGLE,0,0,1,False,-1
7477,DOUBLE,1,0,1,False,-1
7478,SINGLE,0,0,1,False,-1
7479,DOUBLE,1,0,1,False,-1
7480,SINGLE,0,0,1,False,-1
7481,DOUBLE,1,0,1,False,-1
7482,SINGLE,0,0,1,False,-1
7483,DOUBLE,1,0,1,False,-1
7484,DOUBLE,1,0,1,False,-1
7485,DOUBLE,1,0,1,False,-1
7486,SINGLE,0,0,1,False,-1
7487,DOUBLE,1,0,1,False,-1
7490,DOUBLE,1,0,1,False,-1
7491,DOUBLE,1,0,1,False,-1
7492,SINGLE,0,0,1,False,-1
7493,DOUBLE,1,0,1,False,-1
7494,SINGLE,0,0,1,False,-1
7495,DOUBLE,1,0,1,False,-1
7496,DOUBLE,1,0,1,False,-1
7497,SINGLE,0,0,1,False,-1
7498,DOUBLE,1,0,1,False,-1
7499,SINGLE,0,0,1,False,-1
7500,DOUBLE,1,0,1,False,-1
7501,DOUBLE,1,0,1,False,-1
7502,DOUBLE,1,0,1,False,-1
7503,DOUBLE,1,0,1,False,-1
7504,SINGLE,0,0,1,False,-1
7505,SINGLE,0,0,1,False,-1
7506,DOUBLE,1,0,1,False,-1
7507,SINGLE,0,0,1,False,-1
7508,SINGLE,0,0,1,False,-1
7509,SINGLE,0,0,1,False,-1
7510,DOUBLE,1,0,1,False,-1
7511,SINGLE,0,0,1,False,-1
7512,SINGLE,0,0,1,False,-1
7513,DOUBLE,1,0,1,False,-1
7514,SINGLE,0,0,1,False,-1
7515,DOUBLE,1,0,1,False,-1
7516,DOUBLE,1,0,1,False,-1
7518,SINGLE,0,0,1,False,-1
7519,DOUBLE,1,0,1,False,-1
7520,DOUBLE,1,0,1,False,-1
7522,SINGLE,0,0,1,False,-1
7523,DOUBLE,1,0,1,False,-1
7524,SINGLE,0,0,1,False,-1
7525,SINGLE,0,0,1,False,-1
7526,SINGLE,0,0,1,False,-1
7528,SINGLE,0,0,1,False,-1
7529,SINGLE,0,0,1,False,-1
7530,DOUBLE,1,0,1,False,-1
7531,SINGLE,0,0,1,False,-1
7532,DOUBLE,1,0,1,False,-1
7533,DOUBLE,1,0,1,False,-1
7534,SINGLE,0,0,1,False,-1
7535,DOUBLE,1,0,1,False,-1
7536,SINGLE,0,0,1,False,-1
7537,DOUBLE,1,0,1,False,-1
7538,DOUBLE,1,0,1,False,-1
7539,SINGLE,0,0,1,False,-1
7540,SINGLE,0,0,1,False,-1
7541,SINGLE,0,0,1,False,-1
7542,SINGLE,0,0,1,False,-1
7543,DOUBLE,1,0,1,False,-1
7544,DOUBLE,1,0,1,False,-1
7545,SINGLE,0,0,1,False,-1
7546,DOUBLE,1,0,1,False,-1
7547,SINGLE,0,0,1,False,-1
7549,DOUBLE,1,0,1,False,-1
7550,SINGLE,0,0,1,False,-1
7551,DOUBLE,1,0,1,False,-1
7552,SINGLE,0,0,1,False,-1
7553,SINGLE,0,0,1,False,-1
7554,DOUBLE,1,0,1,False,-1
7555,SINGLE,0,1,0,False,-1
7556,SINGLE,0,0,1,False,-1
7558,DOUBLE,1,0,1,False,-1
7560,SINGLE,0,0,1,False,-1
7562,DOUBLE,1,0,1,False,-1
7563,SINGLE,0,0,1,False,-1
7564,DOUBLE,1,0,1,False,-1
7565,SINGLE,0,0,1,False,-1
7566,SINGLE,0,0,1,False,-1
7567,DOUBLE,1,0,1,False,-1
7568,SINGLE,0,0,1,False,-1
7569,DOUBLE,1,0,1,False,-1
7570,DOUBLE,1,0,1,False,-1
7571,DOUBLE,1,0,1,False,-1
7572,SINGLE,0,0,1,False,-1
7573,DOUBLE,1,0,1,False,-1
7574,DOUBLE,1,0,1,False,-1
7575,SINGLE,0,0,1,False,-1
7576,DOUBLE,1,0,1,False,-1
7577,DOUBLE,1,0,1,False,-1
7578,DOUBLE,1,0,1,False,-1
7579,DOUBLE,1,0,1,False,-1
7581,DOUBLE,1,0,1,False,-1
7582,DOUBLE,1,0,1,False,-1
7583,SINGLE,0,0,1,False,-1
7584,DOUBLE,1,0,1,False,-1
7585,SINGLE,0,0,1,False,-1
7586,DOUBLE,1,0,1,False,-1
7587,DOUBLE,1,0,1,False,-1
7588,DOUBLE,1,0,1,False,-1
7589,SINGLE,0,0,1,False,-1
7590,DOUBLE,1,0,1,False,-1
7591,SINGLE,0,0,1,False,-1
7592,SINGLE,0,0,1,False,-1
7593,DOUBLE,1,0,1,False,-1
7594,DOUBLE,1,0,1,False,-1
7595,DOUBLE,1,0,1,False,-1
7596,DOUBLE,1,0,1,False,-1
7598,DOUBLE,1,0,1,False,-1
7599,SINGLE,0,0,1,False,-1
7600,DOUBLE,1,0,1,False,-1
7601,SINGLE,0,0,1,False,-1
7602,DOUBLE,1,0,1,False,-1
7603,SINGLE,0,0,1,False,-1
7604,SINGLE,0,0,1,False,-1
7605,SINGLE,0,0,1,False,-1
7606,DOUBLE,1,0,1,False,-1
7607,SINGLE,0,0,1,False,-1
7608,DOUBLE,1,0,1,False,-1
7610,DOUBLE,1,0,1,False,-1
7612,DOUBLE,1,0,1,False,-1
7613,DOUBLE,1,0,1,False,-1
7614,DOUBLE,0,1,1,False,-1
7615,DOUBLE,1,0,1,False,-1
7616,SINGLE,0,0,1,False,-1
7618,DOUBLE,1,0,1,False,-1
7619,SINGLE,0,0,1,False,-1
7620,DOUBLE,1,0,1,False,-1
7621,SINGLE,0,0,1,False,-1
7622,DOUBLE,1,0,1,False,-1
7623,DOUBLE,1,0,1,False,-1
7624,DOUBLE,1,0,1,False,-1
7625,SINGLE,0,0,1,False,-1
7626,DOUBLE,1,0,1,False,-1
7627,DOUBLE,1,0,1,False,-1
7628,DOUBLE,1,0,1,False,-1
7629,DOUBLE,1,0,1,False,-1
7630,DOUBLE,1,0,1,False,-1
7631,DOUBLE,1,0,1,False,-1
7632,SINGLE,0,0,1,False,-1
7634,DOUBLE,1,0,1,False,-1
7635,DOUBLE,1,0,1,False,-1
7636,DOUBLE,1,0,1,False,-1
7637,DOUBLE,1,0,1,False,-1
7638,DOUBLE,1,0,1,False,-1
7639,DOUBLE,1,0,1,False,-1
7640,DOUBLE,1,0,1,False,-1
7641,DOUBLE,1,0,1,False,-1
7642,DOUBLE,1,0,1,False,-1
7643,SINGLE,0,0,1,False,-1
7644,DOUBLE,1,0,1,False,-1
7646,DOUBLE,1,0,1,False,-1
7647,DOUBLE,1,0,1,False,-1
7649,DOUBLE,1,0,1,False,-1
7650,DOUBLE,1,0,1,False,-1
7651,DOUBLE,1,0,1,False,-1
7652,SINGLE,0,0,1,False,-1
7653,DOUBLE,1,0,1,False,-1
7654,SINGLE,0,0,1,False,-1
7655,SINGLE,0,0,1,False,-1
7656,DOUBLE,1,0,1,False,-1
7657,DOUBLE,1,0,1,False,-1
7658,SINGLE,0,0,1,False,-1
7659,DOUBLE,1,0,1,False,-1
7660,DOUBLE,1,0,1,False,-1
7661,DOUBLE,1,0,1,False,-1
7662,SINGLE,0,0,1,False,-1
7664,DOUBLE,1,0,1,False,-1
7665,SINGLE,0,0,1,False,-1
7666,DOUBLE,1,0,1,False,-1
7667,SINGLE,0,0,1,False,-1
7668,DOUBLE,1,0,1,False,-1
7669,DOUBLE,1,0,1,False,-1
7670,DOUBLE,1,0,1,False,-1
7671,DOUBLE,1,0,1,False,-1
7672,SINGLE,0,0,1,False,-1
7673,DOUBLE,1,0,1,False,-1
7674,DOUBLE,1,0,1,False,-1
7675,DOUBLE,1,0,1,False,-1
7676,DOUBLE,1,0,1,False,-1
7677,SINGLE,0,0,1,False,-1
7678,SINGLE,0,0,1,False,-1
7680,SINGLE,0,0,1,False,-1
7681,SINGLE,0,0,1,False,-1
7682,DOUBLE,1,0,1,False,-1
7683,SINGLE,0,0,1,False,-1
7684,DOUBLE,1,0,1,False,-1
7685,SINGLE,0,0,1,False,-1
7686,DOUBLE,1,0,1,False,-1
7687,DOUBLE,1,0,1,False,-1
7688,DOUBLE,1,0,1,False,-1
7689,DOUBLE,1,0,1,False,-1
7690,SINGLE,0,0,1,False,-1
7691,DOUBLE,1,0,1,False,-1
7692,DOUBLE,1,0,1,False,-1
7693,SINGLE,0,0,1,False,-1
7694,DOUBLE,1,0,1,False,-1
7695,DOUBLE,1,0,1,False,-1
7696,DOUBLE,1,0,1,False,-1
7699,DOUBLE,1,0,1,False,-1
7700,DOUBLE,1,0,1,False,-1
7701,SINGLE,0,0,1,False,-1
7702,DOUBLE,1,0,1,False,-1
7703,SINGLE,0,0,1,False,-1
7704,SINGLE,0,0,1,False,-1
7706,DOUBLE,1,0,1,False,-1
7707,SINGLE,0,0,1,False,-1
7708,SINGLE,0,0,1,False,-1
7709,DOUBLE,1,0,1,False,-1
7710,SINGLE,0,0,1,False,-1
7711,DOUBLE,1,0,1,False,-1
7712,DOUBLE,1,0,1,False,-1
7713,DOUBLE,1,0,1,False,-1
7714,DOUBLE,1,0,1,False,-1
7715,DOUBLE,1,0,1,False,-1
7716,DOUBLE,1,0,1,False,-1
7717,SINGLE,0,0,1,False,-1
7718,DOUBLE,1,0,1,False,-1
7719,SINGLE,0,0,1,False,-1
7720,SINGLE,0,0,1,False,-1
7721,DOUBLE,0,1,1,False,-1
7722,DOUBLE,1,0,1,False,-1
7723,DOUBLE,1,0,1,False,-1
7724,DOUBLE,1,0,1,False,-1
7725,DOUBLE,1,0,1,False,-1
7726,DOUBLE,1,0,1,False,-1
7727,SINGLE,0,0,1,False,-1
7728,SINGLE,0,0,1,False,-1
7729,DOUBLE,1,0,1,False,-1
7730,DOUBLE,1,0,1,False,-1
7731,SINGLE,0,0,1,False,-1
7732,SINGLE,0,0,1,False,-1
7733,DOUBLE,1,0,1,False,-1
7734,SINGLE,0,0,1,False,-1
7736,DOUBLE,1,0,1,False,-1
7737,DOUBLE,1,0,1,False,-1
7739,DOUBLE,1,0,1,False,-1
7740,SINGLE,0,0,1,False,-1
7741,SINGLE,0,0,1,False,-1
7742,SINGLE,0,0,1,False,-1
7743,SINGLE,0,0,1,False,-1
7744,SINGLE,0,0,1,False,-1
7745,DOUBLE,1,0,1,False,-1
7746,SINGLE,0,0,1,False,-1
7747,DOUBLE,1,0,1,False,-1
7748,DOUBLE,1,0,1,False,-1
7749,DOUBLE,0,1,1,False,-1
7751,SINGLE,0,0,1,False,-1
7752,SINGLE,0,0,1,False,-1
7753,DOUBLE,1,0,1,False,-1
7755,DOUBLE,1,0,1,False,-1
7756,DOUBLE,1,0,1,False,-1
7757,SINGLE,0,0,1,False,-1
7758,DOUBLE,1,0,1,False,-1
7759,SINGLE,0,0,1,False,-1
7760,DOUBLE,1,0,1,False,-1
7762,SINGLE,0,0,1,False,-1
7763,SINGLE,0,0,1,False,-1
7764,DOUBLE,1,0,1,False,-1
7765,DOUBLE,1,0,1,False,-1
7766,SINGLE,0,0,1,False,-1
7767,SINGLE,0,0,1,False,-1
7768,DOUBLE,1,0,1,False,-1
7769,DOUBLE,1,0,1,False,-1
7770,DOUBLE,1,0,1,False,-1
7773,SINGLE,0,0,1,False,-1
7774,DOUBLE,1,0,1,False,-1
7775,SINGLE,0,0,1,False,-1
7776,DOUBLE,1,0,1,False,-1
7778,DOUBLE,1,0,1,False,-1
7779,SINGLE,0,0,1,False,-1
7780,SINGLE,0,0,1,False,-1
7781,DOUBLE,1,0,1,False,-1
7782,SINGLE,0,0,1,False,-1
7783,DOUBLE,1,0,1,False,-1
7784,DOUBLE,1,0,1,False,-1
7785,DOUBLE,1,0,1,False,-1
7786,DOUBLE,1,0,1,False,-1
7787,DOUBLE,1,0,1,False,-1
7788,DOUBLE,1,0,1,False,-1
7789,SINGLE,0,0,1,False,-1
7790,DOUBLE,1,0,1,False,-1
7791,DOUBLE,1,0,1,False,-1
7792,DOUBLE,1,0,1,False,-1
7793,DOUBLE,1,0,1,False,-1
7794,SINGLE,0,0,1,False,-1
7795,DOUBLE,1,0,1,False,-1
7796,SINGLE,0,0,1,False,-1
7797,SINGLE,0,0,1,False,-1
7798,DOUBLE,1,0,1,False,-1
7799,SINGLE,0,0,1,False,-1
7800,DOUBLE,1,0,1,False,-1
7801,SINGLE,0,0,1,False,-1
7803,SINGLE,0,0,1,False,-1
7804,SINGLE,0,0,1,False,-1
7805,DOUBLE,1,0,1,False,-1
7806,SINGLE,0,0,1,False,-1
7807,SINGLE,0,0,1,False,-1
7808,TRIPLE,1,1,1,False,-1
7809,DOUBLE,1,0,1,False,-1
7810,DOUBLE,1,0,1,False,-1
7811,DOUBLE,1,0,1,False,-1
7812,DOUBLE,1,0,1,False,-1
7813,SINGLE,0,0,1,False,-1
7814,DOUBLE,1,0,1,False,-1
7815,DOUBLE,1,0,1,False,-1
7816,DOUBLE,1,0,1,False,-1
7818,SINGLE,0,0,1,False,-1
7819,DOUBLE,1,0,1,False,-1
7820,DOUBLE,1,0,1,False,-1
7821,DOUBLE,1,0,1,False,-1
7822,SINGLE,0,0,1,False,-1
7823,DOUBLE,1,0,1,False,-1
7824,SINGLE,0,0,1,False,-1
7825,DOUBLE,1,0,1,False,-1
7826,DOUBLE,1,0,1,False,-1
7827,DOUBLE,1,0,1,False,-1
7828,DOUBLE,1,0,1,False,-1
7829,DOUBLE,1,0,1,False,-1
7830,DOUBLE,1,0,1,False,-1
7832,DOUBLE,1,0,1,False,-1
7833,DOUBLE,1,0,1,False,-1
7834,DOUBLE,1,0,1,False,-1
7835,SINGLE,0,0,1,False,-1
7837,DOUBLE,1,0,1,False,-1
7838,DOUBLE,1,0,1,False,-1
7839,DOUBLE,1,0,1,False,-1
7840,DOUBLE,0,1,1,False,-1
7842,SINGLE,0,0,1,False,-1
7843,DOUBLE,1,0,1,False,-1
7844,DOUBLE,1,0,1,False,-1
7845,SINGLE,0,0,1,False,-1
7846,DOUBLE,1,0,1,False,-1
7847,SINGLE,0,0,1,False,-1
7849,SINGLE,0,0,1,False,-1
7850,DOUBLE,1,0,1,False,-1
7851,DOUBLE,0,1,1,False,-1
7852,SINGLE,0,0,1,False,-1
7853,DOUBLE,1,0,1,False,-1
7854,SINGLE,0,0,1,False,-1
7855,DOUBLE,1,0,1,False,-1
7856,SINGLE,0,0,1,False,-1
7857,SINGLE,0,0,1,False,-1
7858,DOUBLE,1,0,1,False,-1
7859,DOUBLE,1,0,1,False,-1
7860,SINGLE,0,0,1,False,-1
7861,SINGLE,0,0,1,False,-1
7862,SINGLE,0,0,1,False,-1
7863,SINGLE,0,0,1,False,-1
7864,DOUBLE,1,0,1,False,-1
7865,DOUBLE,1,0,1,False,-1
7867,DOUBLE,1,0,1,False,-1
7868,SINGLE,0,0,1,False,-1
7869,DOUBLE,1,0,1,False,-1
7870,DOUBLE,1,0,1,False,-1
7871,DOUBLE,1,0,1,False,-1
7872,DOUBLE,1,0,1,False,-1
7873,DOUBLE,1,0,1,False,-1
7875,SINGLE,0,0,1,False,-1
7876,DOUBLE,0,1,1,False,-1
7877,SINGLE,0,0,1,False,-1
7879,DOUBLE,1,0,1,False,-1
7880,DOUBLE,1,0,1,False,-1
7881,DOUBLE,1,0,1,False,-1
7882,DOUBLE,1,0,1,False,-1
7883,DOUBLE,1,0,1,False,-1
7884,DOUBLE,1,0,1,False,-1
7885,DOUBLE,1,0,1,False,-1
7886,DOUBLE,1,0,1,False,-1
7887,SINGLE,0,0,1,False,-1
7888,DOUBLE,1,0,1,False,-1
7889,DOUBLE,1,0,1,False,-1
7890,SINGLE,0,0,1,False,-1
7891,SINGLE,0,0,1,False,-1
7892,DOUBLE,1,0,1,False,-1
7893,DOUBLE,1,0,1,False,-1
7894,DOUBLE,1,0,1,False,-1
7895,DOUBLE,1,0,1,False,-1
7896,DOUBLE,1,0,1,False,-1
7897,DOUBLE,1,0,1,False,-1
7898,SINGLE,0,0,1,False,-1
7899,DOUBLE,0,1,1,False,-1
7900,SINGLE,0,0,1,False,-1
7901,DOUBLE,1,0,1,False,-1
7903,DOUBLE,1,0,1,False,-1
7904,SINGLE,0,0,1,False,-1
7906,DOUBLE,1,0,1,False,-1
7907,DOUBLE,1,0,1,False,-1
7908,DOUBLE,1,0,1,False,-1
7910,DOUBLE,1,0,1,False,-1
7911,DOUBLE,1,0,1,False,-1
7912,SINGLE,0,0,1,False,-1
7913,SINGLE,0,0,1,False,-1
7914,DOUBLE,1,0,1,False,-1
7915,SINGLE,0,0,1,False,-1
7916,DOUBLE,1,0,1,False,-1
7917,DOUBLE,1,0,1,False,-1
7918,DOUBLE,1,0,1,False,-1
7919,DOUBLE,1,0,1,False,-1
7920,DOUBLE,1,0,1,False,-1
7922,DOUBLE,1,0,1,False,-1
7923,DOUBLE,1,0,1,False,-1
7924,SINGLE,0,0,1,False,-1
7925,SINGLE,0,0,1,False,-1
7926,SINGLE,0,0,1,False,-1
7927,SINGLE,0,0,1,False,-1
7928,SINGLE,0,0,1,False,-1
7929,DOUBLE,1,0,1,False,-1
7930,DOUBLE,1,0,1,False,-1
7931,DOUBLE,1,0,1,False,-1
7933,DOUBLE,1,0,1,False,-1
7934,DOUBLE,1,0,1,False,-1
7935,DOUBLE,1,0,1,False,-1
7936,DOUBLE,1,0,1,False,-1
7937,SINGLE,0,0,1,False,-1
7938,DOUBLE,1,0,1,False,-1
7939,DOUBLE,1,0,1,False,-1
7940,DOUBLE,1,0,1,False,-1
7941,SINGLE,0,0,1,False,-1
7942,SINGLE,0,0,1,False,-1
7943,SINGLE,0,0,1,False,-1
7944,DOUBLE,1,0,1,False,-1
7945,SINGLE,0,0,1,False,-1
7946,SINGLE,0,0,1,False,-1
7947,DOUBLE,1,0,1,False,-1
7949,SINGLE,0,0,1,False,-1
7950,DOUBLE,1,0,1,False,-1
7951,SINGLE,0,0,1,False,-1
7952,SINGLE,0,0,1,False,-1
7954,SINGLE,0,0,1,False,-1
7955,SINGLE,0,0,1,False,-1
7957,DOUBLE,1,0,1,False,-1
7958,DOUBLE,1,0,1,False,-1
7959,SINGLE,0,0,1,False,-1
7960,SINGLE,0,0,1,False,-1
7961,DOUBLE,0,1,1,False,-1
7962,DOUBLE,1,0,1,False,-1
7963,DOUBLE,1,0,1,False,-1
7964,DOUBLE,1,0,1,False,-1
7965,SINGLE,0,0,1,False,-1
7966,DOUBLE,1,0,1,False,-1
7967,DOUBLE,1,0,1,False,-1
7968,SINGLE,0,0,1,False,-1
7969,DOUBLE,1,0,1,False,-1
7970,DOUBLE,1,0,1,False,-1
7971,DOUBLE,1,0,1,False,-1
7972,DOUBLE,1,0,1,False,-1
7973,DOUBLE,1,0,1,False,-1
7975,DOUBLE,1,0,1,False,-1
7976,SINGLE,0,0,1,False,-1
7977,DOUBLE,1,0,1,False,-1
7978,DOUBLE,1,0,1,False,-1
7979,SINGLE,0,0,1,False,-1
7980,DOUBLE,1,0,1,False,-1
7982,DOUBLE,1,0,1,False,-1
7984,DOUBLE,1,0,1,False,-1
7985,DOUBLE,1,0,1,False,-1
7986,SINGLE,0,0,1,False,-1
7987,SINGLE,0,0,1,False,-1
7988,SINGLE,0,0,1,False,-1
7989,SINGLE,0,0,1,False,-1
7991,DOUBLE,1,0,1,False,-1
7992,DOUBLE,1,0,1,False,-1
7993,DOUBLE,1,0,1,False,-1
7994,SINGLE,0,0,1,False,-1
7996,SINGLE,0,0,1,False,-1
7997,DOUBLE,1,0,1,False,-1
7999,DOUBLE,1,0,1,False,-1
8000,DOUBLE,1,0,1,False,-1
8001,SINGLE,0,0,1,False,-1
8002,DOUBLE,1,0,1,False,-1
8003,SINGLE,0,0,1,False,-1
8004,SINGLE,0,0,1,False,-1
8006,SINGLE,0,0,1,False,-1
8007,DOUBLE,1,0,1,False,-1
8008,SINGLE,0,0,1,False,-1
8009,SINGLE,0,0,1,False,-1
8010,DOUBLE,1,0,1,False,-1
8011,SINGLE,0,0,1,False,-1
8012,DOUBLE,1,0,1,False,-1
8013,SINGLE,0,0,1,False,-1
8014,DOUBLE,1,0,1,False,-1
8015,SINGLE,0,0,1,False,-1
8016,DOUBLE,1,0,1,False,-1
8017,DOUBLE,1,0,1,False,-1
8018,DOUBLE,1,0,1,False,-1
8020,DOUBLE,1,0,1,False,-1
8021,SINGLE,0,0,1,False,-1
8022,SINGLE,0,0,1,False,-1
8023,DOUBLE,1,0,1,False,-1
8024,SINGLE,0,0,1,False,-1
8025,SINGLE,0,0,1,False,-1
8027,SINGLE,0,0,1,False,-1
8028,DOUBLE,1,0,1,False,-1
8030,SINGLE,0,0,1,False,-1
8031,DOUBLE,1,0,1,False,-1
8032,DOUBLE,1,0,1,False,-1
8033,DOUBLE,1,0,1,False,-1
8034,DOUBLE,1,0,1,False,-1
8035,SINGLE,0,0,1,False,-1
8036,DOUBLE,1,0,1,False,-1
8037,SINGLE,0,0,1,False,-1
8038,SINGLE,0,0,1,False,-1
8039,DOUBLE,1,0,1,False,-1
8040,DOUBLE,1,0,1,False,-1
8041,DOUBLE,1,0,1,False,-1
8042,DOUBLE,1,0,1,False,-1
8043,SINGLE,0,0,1,False,-1
8044,DOUBLE,1,0,1,False,-1
8045,SINGLE,0,0,1,False,-1
8046,SINGLE,0,0,1,False,-1
8047,DOUBLE,1,0,1,False,-1
8048,DOUBLE,1,0,1,False,-1
8049,SINGLE,0,0,1,False,-1
8050,DOUBLE,1,0,1,False,-1
8051,DOUBLE,1,0,1,False,-1
8052,SINGLE,0,0,1,False,-1
8053,SINGLE,0,0,1,False,-1
8054,DOUBLE,1,0,1,False,-1
8055,DOUBLE,1,0,1,False,-1
8056,SINGLE,0,0,1,False,-1
8057,SINGLE,0,0,1,False,-1
8058,DOUBLE,1,0,1,False,-1
8059,DOUBLE,1,0,1,False,-1
8061,DOUBLE,1,0,1,False,-1
8062,DOUBLE,1,0,1,False,-1
8064,SINGLE,0,0,1,False,-1
8065,DOUBLE,1,0,1,False,-1
8066,DOUBLE,1,0,1,False,-1
8067,SINGLE,0,0,1,False,-1
8068,DOUBLE,1,0,1,False,-1
8069,SINGLE,0,0,1,False,-1
8070,DOUBLE,1,0,1,False,-1
8071,SINGLE,0,0,1,False,-1
8072,DOUBLE,1,0,1,False,-1
8073,SINGLE,0,0,1,False,-1
8074,DOUBLE,1,0,1,False,-1
8075,SINGLE,0,0,1,False,-1
8076,SINGLE,0,0,1,False,-1
8077,DOUBLE,1,0,1,False,-1
8078,DOUBLE,1,0,1,False,-1
8079,DOUBLE,1,0,1,False,-1
8080,DOUBLE,1,0,1,False,-1
8081,SINGLE,0,0,1,False,-1
8082,DOUBLE,1,0,1,False,-1
8084,DOUBLE,1,0,1,False,-1
8085,DOUBLE,1,0,1,False,-1
8086,DOUBLE,1,0,1,False,-1
8087,DOUBLE,1,0,1,False,-1
8088,DOUBLE,1,0,1,False,-1
8089,DOUBLE,1,0,1,False,-1
8090,DOUBLE,1,0,1,False,-1
8091,SINGLE,0,0,1,False,-1
8092,DOUBLE,1,0,1,False,-1
8094,DOUBLE,1,0,1,False,-1
8095,DOUBLE,1,0,1,False,-1
8097,SINGLE,0,0,1,False,-1
8098,SINGLE,0,0,1,False,-1
8099,DOUBLE,1,0,1,False,-1
8100,SINGLE,0,0,1,False,-1
8101,DOUBLE,1,0,1,False,-1
8102,SINGLE,0,0,1,False,-1
8103,DOUBLE,1,0,1,False,-1
8104,SINGLE,0,0,1,False,-1
8105,SINGLE,0,0,1,False,-1
8106,SINGLE,0,0,1,False,-1
8107,DOUBLE,1,0,1,False,-1
8108,DOUBLE,1,0,1,False,-1
8109,SINGLE,0,0,1,False,-1
8110,DOUBLE,1,0,1,False,-1
8111,DOUBLE,1,0,1,False,-1
8112,DOUBLE,1,0,1,False,-1
8113,SINGLE,0,0,1,False,-1
8114,SINGLE,0,0,1,False,-1
8115,DOUBLE,1,0,1,False,-1
8116,DOUBLE,1,0,1,False,-1
8117,DOUBLE,1,0,1,False,-1
8118,DOUBLE,1,0,1,False,-1
8119,SINGLE,0,0,1,False,-1
8120,DOUBLE,1,0,1,False,-1
8121,SINGLE,0,0,1,False,-1
8122,DOUBLE,1,0,1,False,-1
8123,DOUBLE,1,0,1,False,-1
8124,DOUBLE,1,0,1,False,-1
8125,SINGLE,0,0,1,False,-1
8126,SINGLE,0,0,1,False,-1
8127,DOUBLE,1,0,1,False,-1
8129,SINGLE,0,0,1,False,-1
8130,SINGLE,0,0,1,False,-1
8133,SINGLE,0,0,1,False,-1
8134,SINGLE,0,0,1,False,-1
8136,DOUBLE,1,0,1,False,-1
8137,DOUBLE,1,0,1,False,-1
8138,SINGLE,0,0,1,False,-1
8139,DOUBLE,1,0,1,False,-1
8140,DOUBLE,1,0,1,False,-1
8141,DOUBLE,1,0,1,False,-1
8142,DOUBLE,1,0,1,False,-1
8143,SINGLE,0,0,1,False,-1
8144,DOUBLE,1,0,1,False,-1
8145,DOUBLE,1,0,1,False,-1
8146,DOUBLE,1,0,1,False,-1
8147,SINGLE,0,0,1,False,-1
8148,SINGLE,0,0,1,False,-1
8149,SINGLE,0,0,1,False,-1
8150,DOUBLE,0,1,1,False,-1
8151,DOUBLE,1,0,1,False,-1
8152,DOUBLE,1,0,1,False,-1
8153,SINGLE,0,0,1,False,-1
8154,SINGLE,0,0,1,False,-1
8155,DOUBLE,1,0,1,False,-1
8156,DOUBLE,1,0,1,False,-1
8157,DOUBLE,1,0,1,False,-1
8158,DOUBLE,1,0,1,False,-1
8159,SINGLE,0,0,1,False,-1
8160,SINGLE,0,0,1,False,-1
8161,DOUBLE,1,0,1,False,-1
8162,SINGLE,0,0,1,False,-1
8163,DOUBLE,1,0,1,False,-1
8165,DOUBLE,1,0,1,False,-1
8166,SINGLE,0,0,1,False,-1
8167,SINGLE,0,0,1,False,-1
8169,DOUBLE,1,0,1,False,-1
8170,SINGLE,0,0,1,False,-1
8172,SINGLE,0,0,1,False,-1
8173,DOUBLE,1,0,1,False,-1
8174,SINGLE,0,0,1,False,-1
8176,DOUBLE,1,0,1,False,-1
8177,DOUBLE,1,0,1,False,-1
8180,DOUBLE,1,0,1,False,-1
8181,SINGLE,0,0,1,False,-1
8182,DOUBLE,1,0,1,False,-1
8183,SINGLE,0,0,1,False,-1
8184,SINGLE,0,0,1,False,-1
8185,DOUBLE,1,0,1,False,-1
8186,DOUBLE,1,0,1,False,-1
8187,DOUBLE,1,0,1,False,-1
8188,DOUBLE,1,0,1,False,-1
8189,DOUBLE,1,0,1,False,-1
8190,SINGLE,0,0,1,False,-1
8191,SINGLE,0,0,1,False,-1
8192,DOUBLE,1,0,1,False,-1
8193,SINGLE,0,0,1,False,-1
8194,DOUBLE,1,0,1,False,-1
8195,SINGLE,0,0,1,False,-1
8196,DOUBLE,1,0,1,False,-1
8197,DOUBLE,1,0,1,False,-1
8198,DOUBLE,1,0,1,False,-1
8200,DOUBLE,1,0,1,False,-1
8201,DOUBLE,1,0,1,False,-1
8202,DOUBLE,1,0,1,False,-1
8203,DOUBLE,1,0,1,False,-1
8204,DOUBLE,0,1,1,False,-1
8205,DOUBLE,1,0,1,False,-1
8206,DOUBLE,1,0,1,False,-1
8207,SINGLE,0,0,1,False,-1
8208,DOUBLE,1,0,1,False,-1
8209,SINGLE,0,0,1,False,-1
8210,DOUBLE,1,0,1,False,-1
8211,DOUBLE,1,0,1,False,-1
8212,DOUBLE,1,0,1,False,-1
8213,DOUBLE,1,0,1,False,-1
8214,DOUBLE,1,0,1,False,-1
8215,DOUBLE,1,0,1,False,-1
8216,DOUBLE,1,0,1,False,-1
8217,DOUBLE,1,0,1,False,-1
8218,SINGLE,0,0,1,False,-1
8219,DOUBLE,1,0,1,False,-1
8220,SINGLE,0,0,1,False,-1
8221,SINGLE,0,0,1,False,-1
8222,SINGLE,0,0,1,False,-1
8223,DOUBLE,1,0,1,False,-1
8224,SINGLE,0,0,1,False,-1
8225,DOUBLE,0,1,1,False,-1
8226,DOUBLE,1,0,1,False,-1
8227,DOUBLE,1,0,1,False,-1
8228,SINGLE,0,0,1,False,-1
8229,SINGLE,0,0,1,False,-1
8230,DOUBLE,1,0,1,False,-1
8231,DOUBLE,0,1,1,False,-1
8232,DOUBLE,1,0,1,False,-1
8233,SINGLE,0,0,1,False,-1
8234,DOUBLE,1,0,1,False,-1
8235,DOUBLE,1,0,1,False,-1
8237,DOUBLE,1,0,1,False,-1
8238,DOUBLE,1,0,1,False,-1
8239,DOUBLE,1,0,1,False,-1
8240,DOUBLE,1,0,1,False,-1
8241,DOUBLE,1,0,1,False,-1
8243,DOUBLE,1,0,1,False,-1
8244,DOUBLE,1,0,1,False,-1
8245,DOUBLE,0,1,1,False,-1
8246,DOUBLE,1,0,1,False,-1
8247,SINGLE,0,0,1,False,-1
8248,DOUBLE,1,0,1,False,-1
8249,DOUBLE,1,0,1,False,-1
8250,SINGLE,0,0,1,False,-1
8251,DOUBLE,1,0,1,False,-1
8252,DOUBLE,1,0,1,False,-1
8253,DOUBLE,1,0,1,False,-1
8254,SINGLE,0,0,1,False,-1
8255,SINGLE,0,0,1,False,-1
8257,SINGLE,0,0,1,False,-1
8258,SINGLE,0,0,1,False,-1
8259,DOUBLE,1,0,1,False,-1
8260,SINGLE,0,0,1,False,-1
8261,SINGLE,0,0,1,False,-1
8262,SINGLE,0,0,1,False,-1
8263,SINGLE,0,0,1,False,-1
8264,SINGLE,0,0,1,False,-1
8265,SINGLE,0,0,1,False,-1
8266,SINGLE,0,0,1,False,-1
8267,SINGLE,0,0,1,False,-1
8268,DOUBLE,1,0,1,False,-1
8269,SINGLE,0,0,1,False,-1
8270,DOUBLE,1,0,1,False,-1
8271,SINGLE,0,0,1,False,-1
8273,DOUBLE,1,0,1,False,-1
8274,SINGLE,0,0,1,False,-1
8276,DOUBLE,1,0,1,False,-1
8277,SINGLE,0,0,1,False,-1
8278,SINGLE,0,0,1,False,-1
8280,SINGLE,0,0,1,False,-1
8281,DOUBLE,1,0,1,False,-1
8282,SINGLE,0,0,1,False,-1
8283,SINGLE,0,0,1,False,-1
8284,DOUBLE,1,0,1,False,-1
8285,DOUBLE,1,0,1,False,-1
8286,DOUBLE,1,0,1,False,-1
8287,DOUBLE,0,1,1,False,-1
8288,SINGLE,0,0,1,False,-1
8289,SINGLE,0,0,1,False,-1
8290,SINGLE,0,0,1,False,-1
8291,DOUBLE,1,0,1,False,-1
8292,DOUBLE,1,0,1,False,-1
8293,SINGLE,0,0,1,False,-1
8294,DOUBLE,1,0,1,False,-1
8295,SINGLE,0,0,1,False,-1
8296,DOUBLE,1,0,1,False,-1
8297,DOUBLE,1,0,1,False,-1
8299,DOUBLE,1,0,1,False,-1
8300,DOUBLE,1,0,1,False,-1
8301,DOUBLE,0,1,1,False,-1
8302,SINGLE,0,0,1,False,-1
8303,SINGLE,0,0,1,False,-1
8304,DOUBLE,1,0,1,False,-1
8305,DOUBLE,1,0,1,False,-1
8306,SINGLE,0,0,1,False,-1
8307,SINGLE,0,0,1,False,-1
8308,SINGLE,0,0,1,False,-1
8309,SINGLE,0,0,1,False,-1
8310,SINGLE,0,0,1,False,-1
8311,DOUBLE,1,0,1,False,-1
8312,DOUBLE,1,0,1,False,-1
8313,SINGLE,0,0,1,False,-1
8314,SINGLE,0,0,1,False,-1
8315,DOUBLE,1,0,1,False,-1
8316,DOUBLE,1,0,1,False,-1
8317,SINGLE,0,0,1,False,-1
8318,DOUBLE,1,0,1,False,-1
8319,DOUBLE,1,0,1,False,-1
8320,DOUBLE,1,0,1,False,-1
8321,SINGLE,0,0,1,False,-1
8323,SINGLE,0,0,1,False,-1
8324,DOUBLE,1,0,1,False,-1
8325,DOUBLE,1,0,1,False,-1
8326,SINGLE,0,0,1,False,-1
8327,DOUBLE,1,0,1,False,-1
8328,DOUBLE,1,0,1,False,-1
8329,SINGLE,0,0,1,False,-1
8330,SINGLE,0,0,1,False,-1
8332,SINGLE,0,0,1,False,-1
8333,DOUBLE,1,0,1,False,-1
8334,DOUBLE,1,0,1,False,-1
8335,SINGLE,0,0,1,False,-1
8336,DOUBLE,1,0,1,False,-1
8337,DOUBLE,1,0,1,False,-1
8338,SINGLE,0,0,1,False,-1
8339,DOUBLE,1,0,1,False,-1
8340,DOUBLE,1,0,1,False,-1
8341,SINGLE,0,0,1,False,-1
8342,SINGLE,0,0,1,False,-1
8343,DOUBLE,1,0,1,False,-1
8344,SINGLE,0,0,1,False,-1
8345,DOUBLE,1,0,1,False,-1
8346,SINGLE,0,0,1,False,-1
8347,SINGLE,0,0,1,False,-1
8348,DOUBLE,1,0,1,False,-1
8349,DOUBLE,1,0,1,False,-1
8350,DOUBLE,1,0,1,False,-1
8351,DOUBLE,1,0,1,False,-1
8352,SINGLE,0,0,1,False,-1
8353,SINGLE,0,0,1,False,-1
8354,SINGLE,0,0,1,False,-1
8355,SINGLE,0,0,1,False,-1
8358,SINGLE,0,0,1,False,-1
8360,SINGLE,0,0,1,False,-1
8361,DOUBLE,1,0,1,False,-1
8362,SINGLE,0,0,1,False,-1
8363,DOUBLE,1,0,1,False,-1
8365,SINGLE,0,0,1,False,-1
8366,DOUBLE,1,0,1,False,-1
8367,SINGLE,0,0,1,False,-1
8368,DOUBLE,1,0,1,False,-1
8369,SINGLE,0,0,1,False,-1
8370,DOUBLE,1,0,1,False,-1
8371,SINGLE,0,0,1,False,-1
8372,SINGLE,0,0,1,False,-1
8373,DOUBLE,1,0,1,False,-1
8374,DOUBLE,1,0,1,False,-1
8375,DOUBLE,1,0,1,False,-1
8376,SINGLE,0,0,1,False,-1
8377,DOUBLE,1,0,1,False,-1
8378,SINGLE,0,0,1,False,-1
8379,SINGLE,0,0,1,False,-1
8380,DOUBLE,1,0,1,False,-1
8381,DOUBLE,1,0,1,False,-1
8382,SINGLE,0,0,1,False,-1
8384,DOUBLE,1,0,1,False,-1
8385,DOUBLE,1,0,1,False,-1
8386,SINGLE,0,0,1,False,-1
8387,SINGLE,0,0,1,False,-1
8388,SINGLE,0,0,1,False,-1
8389,DOUBLE,1,0,1,False,-1
8390,DOUBLE,1,0,1,False,-1
8391,DOUBLE,1,0,1,False,-1
8393,DOUBLE,1,0,1,False,-1
8394,DOUBLE,0,1,1,False,-1
8395,SINGLE,0,0,1,False,-1
8396,SINGLE,0,0,1,False,-1
8397,SINGLE,0,0,1,False,-1
8398,DOUBLE,1,0,1,False,-1
8399,SINGLE,0,0,1,False,-1
8400,DOUBLE,1,0,1,False,-1
8401,DOUBLE,1,0,1,False,-1
8402,SINGLE,0,0,1,False,-1
8403,DOUBLE,1,0,1,False,-1
8404,SINGLE,0,0,1,False,-1
8405,DOUBLE,1,0,1,False,-1
8406,DOUBLE,0,1,1,False,-1
8408,TRIPLE,1,1,1,False,-1
8409,DOUBLE,1,0,1,False,-1
8410,SINGLE,0,0,1,False,-1
8411,SINGLE,0,0,1,False,-1
8412,SINGLE,0,0,1,False,-1
8413,DOUBLE,1,0,1,False,-1
8414,SINGLE,0,0,1,False,-1
8416,DOUBLE,1,0,1,False,-1
8417,SINGLE,0,0,1,False,-1
8418,SINGLE,0,0,1,False,-1
8419,SINGLE,0,0,1,False,-1
8420,SINGLE,0,0,1,False,-1
8421,DOUBLE,1,0,1,False,-1
8422,DOUBLE,1,0,1,False,-1
8423,SINGLE,0,0,1,False,-1
8424,DOUBLE,1,0,1,False,-1
8425,SINGLE,0,0,1,False,-1
8426,DOUBLE,1,0,1,False,-1
8427,DOUBLE,1,0,1,False,-1
8428,SINGLE,0,0,1,False,-1
8429,DOUBLE,1,0,1,False,-1
8430,SINGLE,0,0,1,False,-1
8431,DOUBLE,1,0,1,False,-1
8432,SINGLE,0,0,1,False,-1
8433,TRIPLE,1,1,1,False,-1
8434,SINGLE,0,0,1,False,-1
8435,SINGLE,0,0,1,False,-1
8436,SINGLE,0,0,1,False,-1
8437,SINGLE,0,0,1,False,-1
8438,DOUBLE,1,0,1,False,-1
8439,SINGLE,0,0,1,False,-1
8440,DOUBLE,1,0,1,False,-1
8441,DOUBLE,1,0,1,False,-1
8442,SINGLE,0,0,1,False,-1
8443,SINGLE,0,0,1,False,-1
8444,DOUBLE,1,0,1,False,-1
8445,DOUBLE,1,0,1,False,-1
8446,DOUBLE,1,0,1,False,-1
8447,DOUBLE,1,0,1,False,-1
8448,DOUBLE,1,0,1,False,-1
8449,DOUBLE,1,0,1,False,-1
8450,SINGLE,0,0,1,False,-1
8452,DOUBLE,1,0,1,False,-1
8455,SINGLE,0,0,1,False,-1
8456,DOUBLE,1,0,1,False,-1
8457,DOUBLE,1,0,1,False,-1
8458,SINGLE,0,0,1,False,-1
8459,DOUBLE,1,0,1,False,-1
8460,SINGLE,0,0,1,False,-1
8461,SINGLE,0,0,1,False,-1
8462,SINGLE,0,0,1,False,-1
8463,SINGLE,0,0,1,False,-1
8464,DOUBLE,1,0,1,False,-1
8465,DOUBLE,1,0,1,False,-1
8466,SINGLE,0,0,1,False,-1
8467,SINGLE,0,0,1,False,-1
8468,DOUBLE,1,0,1,False,-1
8469,SINGLE,0,0,1,False,-1
8470,SINGLE,0,0,1,False,-1
8471,DOUBLE,1,0,1,False,-1
8472,DOUBLE,1,0,1,False,-1
8473,SINGLE,0,0,1,False,-1
8474,DOUBLE,1,0,1,False,-1
8475,DOUBLE,1,0,1,False,-1
8476,SINGLE,0,0,1,False,-1
8477,DOUBLE,1,0,1,False,-1
8478,DOUBLE,1,0,1,False,-1
8479,SINGLE,0,0,1,False,-1
8480,DOUBLE,1,0,1,False,-1
8481,SINGLE,0,0,1,False,-1
8482,SINGLE,0,0,1,False,-1
8483,SINGLE,0,0,1,False,-1
8484,SINGLE,0,0,1,False,-1
8486,DOUBLE,1,0,1,False,-1
8487,SINGLE,0,0,1,False,-1
8488,SINGLE,0,0,1,False,-1
8489,DOUBLE,1,0,1,False,-1
8490,DOUBLE,1,0,1,False,-1
8491,DOUBLE,1,0,1,False,-1
8492,DOUBLE,1,0,1,False,-1
8493,DOUBLE,1,0,1,False,-1
8494,SINGLE,0,0,1,False,-1
8495,DOUBLE,1,0,1,False,-1
8496,DOUBLE,1,0,1,False,-1
8497,SINGLE,0,0,1,False,-1
8498,DOUBLE,1,0,1,False,-1
8499,SINGLE,0,0,1,False,-1
8501,TRIPLE,1,1,1,False,-1
8502,DOUBLE,1,0,1,False,-1
8503,DOUBLE,1,0,1,False,-1
8504,SINGLE,0,0,1,False,-1
8505,SINGLE,0,0,1,False,-1
8506,SINGLE,0,1,0,False,-1
8508,SINGLE,0,0,1,False,-1
8509,DOUBLE,1,0,1,False,-1
8510,DOUBLE,1,0,1,False,-1
8511,SINGLE,0,0,1,False,-1
8512,TRIPLE,1,1,1,False,-1
8513,SINGLE,0,0,1,False,-1
8514,SINGLE,0,0,1,False,-1
8515,SINGLE,0,0,1,False,-1
8516,TRIPLE,1,1,1,False,-1
8517,SINGLE,0,0,1,False,-1
8518,DOUBLE,1,0,1,False,-1
8519,SINGLE,0,0,1,False,-1
8520,DOUBLE,1,0,1,False,-1
8521,DOUBLE,1,0,1,False,-1
8522,DOUBLE,1,0,1,False,-1
8523,DOUBLE,1,0,1,False,-1
8524,DOUBLE,1,0,1,False,-1
8525,SINGLE,0,0,1,False,-1
8526,SINGLE,0,0,1,False,-1
8527,SINGLE,0,0,1,False,-1
8528,DOUBLE,1,0,1,False,-1
8529,SINGLE,0,0,1,False,-1
8530,SINGLE,0,0,1,False,-1
8531,DOUBLE,1,0,1,False,-1
8532,DOUBLE,1,0,1,False,-1
8533,DOUBLE,1,0,1,False,-1
8534,DOUBLE,1,0,1,False,-1
8535,SINGLE,0,0,1,False,-1
8536,DOUBLE,1,0,1,False,-1
8537,DOUBLE,1,0,1,False,-1
8538,SINGLE,0,0,1,False,-1
8539,SINGLE,0,0,1,False,-1
8540,SINGLE,0,0,1,False,-1
8542,SINGLE,0,0,1,False,-1
8543,DOUBLE,1,0,1,False,-1
8544,SINGLE,0,0,1,False,-1
8545,DOUBLE,1,0,1,False,-1
8546,DOUBLE,1,0,1,False,-1
8547,SINGLE,0,0,1,False,-1
8548,SINGLE,0,0,1,False,-1
8549,SINGLE,0,0,1,False,-1
8550,SINGLE,0,0,1,False,-1
8551,DOUBLE,1,0,1,False,-1
8552,DOUBLE,1,0,1,False,-1
8554,DOUBLE,1,0,1,False,-1
8555,DOUBLE,0,1,1,False,-1
8556,SINGLE,0,0,1,False,-1
8557,SINGLE,0,0,1,False,-1
8558,DOUBLE,1,0,1,False,-1
8560,DOUBLE,1,0,1,False,-1
8561,DOUBLE,1,0,1,False,-1
8562,DOUBLE,1,0,1,False,-1
8563,DOUBLE,1,0,1,False,-1
8564,SINGLE,0,0,1,False,-1
8565,DOUBLE,1,0,1,False,-1
8566,DOUBLE,1,0,1,False,-1
8567,DOUBLE,1,0,1,False,-1
8568,DOUBLE,1,0,1,False,-1
8569,SINGLE,0,0,1,False,-1
8570,DOUBLE,1,0,1,False,-1
8571,DOUBLE,1,0,1,False,-1
8572,SINGLE,0,0,1,False,-1
8573,SINGLE,0,0,1,False,-1
8574,SINGLE,0,0,1,False,-1
8575,SINGLE,0,0,1,False,-1
8576,DOUBLE,1,0,1,False,-1
8577,DOUBLE,1,0,1,False,-1
8578,SINGLE,0,0,1,False,-1
8579,SINGLE,0,0,1,False,-1
8580,SINGLE,0,0,1,False,-1
8582,SINGLE,0,0,1,False,-1
8583,DOUBLE,1,0,1,False,-1
8584,SINGLE,0,0,1,False,-1
8585,DOUBLE,1,0,1,False,-1
8586,DOUBLE,1,0,1,False,-1
8587,DOUBLE,1,0,1,False,-1
8588,SINGLE,0,0,1,False,-1
8589,SINGLE,0,0,1,False,-1
8590,SINGLE,0,0,1,False,-1
8591,DOUBLE,1,0,1,False,-1
8592,DOUBLE,1,0,1,False,-1
8593,DOUBLE,1,0,1,False,-1
8594,SINGLE,0,0,1,False,-1
8595,SINGLE,0,0,1,False,-1
8596,SINGLE,0,0,1,False,-1
8597,SINGLE,0,0,1,False,-1
8598,DOUBLE,1,0,1,False,-1
8600,SINGLE,0,0,1,False,-1
8602,DOUBLE,1,0,1,False,-1
8603,SINGLE,0,0,1,False,-1
8604,DOUBLE,1,0,1,False,-1
8605,DOUBLE,1,0,1,False,-1
8606,DOUBLE,1,0,1,False,-1
8607,TRIPLE,1,1,1,False,-1
8608,SINGLE,0,0,1,False,-1
8609,TRIPLE,1,1,1,False,-1
8610,SINGLE,0,0,1,False,-1
8613,SINGLE,0,0,1,False,-1
8615,DOUBLE,1,0,1,False,-1
8616,DOUBLE,1,0,1,False,-1
8617,SINGLE,0,0,1,False,-1
8618,SINGLE,0,0,1,False,-1
8619,DOUBLE,1,0,1,False,-1
8620,DOUBLE,1,0,1,False,-1
8621,SINGLE,0,0,1,False,-1
8622,DOUBLE,1,0,1,False,-1
8623,DOUBLE,1,0,1,False,-1
8624,SINGLE,0,0,1,False,-1
8626,SINGLE,0,0,1,False,-1
8628,SINGLE,0,0,1,False,-1
8629,SINGLE,0,0,1,False,-1
8631,DOUBLE,1,0,1,False,-1
8632,DOUBLE,1,0,1,False,-1
8633,DOUBLE,1,0,1,False,-1
8634,DOUBLE,1,0,1,False,-1
8635,DOUBLE,1,0,1,False,-1
8636,DOUBLE,1,0,1,False,-1
8637,DOUBLE,1,0,1,False,-1
8638,DOUBLE,1,0,1,False,-1
8639,SINGLE,0,0,1,False,-1
8640,DOUBLE,1,0,1,False,-1
8641,DOUBLE,1,0,1,False,-1
8642,DOUBLE,1,0,1,False,-1
8643,DOUBLE,1,0,1,False,-1
8644,DOUBLE,1,0,1,False,-1
8645,DOUBLE,1,0,1,False,-1
8647,DOUBLE,1,0,1,False,-1
8648,DOUBLE,1,0,1,False,-1
8649,SINGLE,0,0,1,False,-1
8650,SINGLE,0,0,1,False,-1
8651,DOUBLE,1,0,1,False,-1
8652,DOUBLE,1,0,1,False,-1
8653,SINGLE,0,0,1,False,-1
8654,SINGLE,0,0,1,False,-1
8655,DOUBLE,1,0,1,False,-1
8656,SINGLE,0,0,1,False,-1
8657,SINGLE,0,0,1,False,-1
8658,SINGLE,0,0,1,False,-1
8660,SINGLE,0,0,1,False,-1
8661,DOUBLE,1,0,1,False,-1
8662,SINGLE,0,0,1,False,-1
8663,DOUBLE,1,0,1,False,-1
8664,DOUBLE,1,0,1,False,-1
8665,SINGLE,0,0,1,False,-1
8666,SINGLE,0,0,1,False,-1
8667,DOUBLE,1,0,1,False,-1
8668,DOUBLE,1,0,1,False,-1
8669,DOUBLE,1,0,1,False,-1
8670,DOUBLE,1,0,1,False,-1
8671,SINGLE,0,0,1,False,-1
8672,DOUBLE,1,0,1,False,-1
8673,SINGLE,0,0,1,False,-1
8674,DOUBLE,1,0,1,False,-1
8675,SINGLE,0,0,1,False,-1
8676,SINGLE,0,0,1,False,-1
8677,DOUBLE,1,0,1,False,-1
8678,DOUBLE,0,1,1,False,-1
8679,SINGLE,0,0,1,False,-1
8680,DOUBLE,1,0,1,False,-1
8681,SINGLE,0,0,1,False,-1
8682,DOUBLE,1,0,1,False,-1
8683,DOUBLE,1,0,1,False,-1
8684,DOUBLE,1,0,1,False,-1
8685,DOUBLE,1,0,1,False,-1
8686,SINGLE,0,0,1,False,-1
8687,DOUBLE,1,0,1,False,-1
8688,DOUBLE,1,0,1,False,-1
8690,DOUBLE,1,0,1,False,-1
8691,SINGLE,0,0,1,False,-1
8692,DOUBLE,1,0,1,False,-1
8693,SINGLE,0,0,1,False,-1
8695,DOUBLE,1,0,1,False,-1
8696,DOUBLE,1,0,1,False,-1
8697,DOUBLE,1,0,1,False,-1
8698,SINGLE,0,0,1,False,-1
8699,SINGLE,0,0,1,False,-1
8700,SINGLE,0,0,1,False,-1
8701,DOUBLE,1,0,1,False,-1
8702,SINGLE,0,0,1,False,-1
8703,SINGLE,0,0,1,False,-1
8705,DOUBLE,1,0,1,False,-1
8706,SINGLE,0,0,1,False,-1
8707,SINGLE,0,0,1,False,-1
8708,SINGLE,0,0,1,False,-1
8709,SINGLE,0,0,1,False,-1
8712,SINGLE,0,0,1,False,-1
8714,DOUBLE,1,0,1,False,-1
8715,DOUBLE,1,0,1,False,-1
8716,DOUBLE,1,0,1,False,-1
8717,SINGLE,0,0,1,False,-1
8718,SINGLE,0,0,1,False,-1
8719,DOUBLE,1,0,1,False,-1
8720,DOUBLE,1,0,1,False,-1
8721,DOUBLE,1,0,1,False,-1
8722,SINGLE,0,0,1,False,-1
8723,DOUBLE,1,0,1,False,-1
8724,SINGLE,0,0,1,False,-1
8725,DOUBLE,1,0,1,False,-1
8726,SINGLE,0,0,1,False,-1
8727,DOUBLE,0,1,1,False,-1
8729,SINGLE,0,0,1,False,-1
8730,SINGLE,0,0,1,False,-1
8731,DOUBLE,1,0,1,False,-1
8732,SINGLE,0,0,1,False,-1
8733,DOUBLE,1,0,1,False,-1
8734,DOUBLE,1,0,1,False,-1
8735,DOUBLE,1,0,1,False,-1
8736,DOUBLE,1,0,1,False,-1
8737,SINGLE,0,0,1,False,-1
8738,DOUBLE,1,0,1,False,-1
8739,DOUBLE,1,0,1,False,-1
8740,SINGLE,0,0,1,False,-1
8742,DOUBLE,1,0,1,False,-1
8743,SINGLE,0,0,1,False,-1
8744,SINGLE,0,0,1,False,-1
8745,DOUBLE,1,0,1,False,-1
8746,DOUBLE,1,0,1,False,-1
8747,SINGLE,0,0,1,False,-1
8748,SINGLE,0,0,1,False,-1
8749,DOUBLE,1,0,1,False,-1
8750,SINGLE,0,0,1,False,-1
8751,DOUBLE,1,0,1,False,-1
8754,SINGLE,0,0,1,False,-1
8755,DOUBLE,1,0,1,False,-1
8757,DOUBLE,1,0,1,False,-1
8758,SINGLE,0,0,1,False,-1
8760,SINGLE,0,0,1,False,-1
8761,TRIPLE,1,1,1,False,-1
8762,DOUBLE,1,0,1,False,-1
8763,DOUBLE,1,0,1,False,-1
8764,DOUBLE,1,0,1,False,-1
8765,DOUBLE,1,0,1,False,-1
8766,SINGLE,0,0,1,False,-1
8767,SINGLE,0,0,1,False,-1
8768,SINGLE,0,0,1,False,-1
8769,DOUBLE,1,0,1,False,-1
8770,SINGLE,0,0,1,False,-1
8771,DOUBLE,1,0,1,False,-1
8772,SINGLE,0,0,1,False,-1
8773,DOUBLE,1,0,1,False,-1
8774,SINGLE,0,0,1,False,-1
8775,DOUBLE,1,0,1,False,-1
8776,SINGLE,0,0,1,False,-1
8778,SINGLE,0,0,1,False,-1
8779,SINGLE,0,0,1,False,-1
8780,SINGLE,0,0,1,False,-1
8781,SINGLE,0,0,1,False,-1
8782,SINGLE,0,0,1,False,-1
8783,SINGLE,0,0,1,False,-1
8784,DOUBLE,1,0,1,False,-1
8785,SINGLE,0,0,1,False,-1
8786,SINGLE,0,0,1,False,-1
8787,DOUBLE,1,0,1,False,-1
8788,SINGLE,0,0,1,False,-1
8789,DOUBLE,1,0,1,False,-1
8791,SINGLE,0,0,1,False,-1
8792,DOUBLE,1,0,1,False,-1
8793,DOUBLE,1,0,1,False,-1
8794,SINGLE,0,0,1,False,-1
8795,SINGLE,0,0,1,False,-1
8797,DOUBLE,1,0,1,False,-1
8798,DOUBLE,1,0,1,False,-1
8799,SINGLE,0,0,1,False,-1
8800,DOUBLE,1,0,1,False,-1
8801,DOUBLE,1,0,1,False,-1
8803,DOUBLE,1,0,1,False,-1
8804,SINGLE,0,0,1,False,-1
8806,SINGLE,0,0,1,False,-1
8807,DOUBLE,1,0,1,False,-1
8809,SINGLE,0,0,1,False,-1
8810,DOUBLE,1,0,1,False,-1
8811,SINGLE,0,0,1,False,-1
8812,DOUBLE,1,0,1,False,-1
8813,DOUBLE,1,0,1,False,-1
8814,SINGLE,0,0,1,False,-1
8815,DOUBLE,1,0,1,False,-1
8816,DOUBLE,1,0,1,False,-1
8817,SINGLE,0,0,1,False,-1
8818,SINGLE,0,0,1,False,-1
8819,SINGLE,0,0,1,False,-1
8820,DOUBLE,1,0,1,False,-1
8821,DOUBLE,1,0,1,False,-1
8823,SINGLE,0,0,1,False,-1
8824,SINGLE,0,0,1,False,-1
8825,SINGLE,0,0,1,False,-1
8826,SINGLE,0,0,1,False,-1
8827,SINGLE,0,0,1,False,-1
8828,SINGLE,0,0,1,False,-1
8829,DOUBLE,1,0,1,False,-1
8830,DOUBLE,1,0,1,False,-1
8831,DOUBLE,1,0,1,False,-1
8832,DOUBLE,1,0,1,False,-1
8833,DOUBLE,1,0,1,False,-1
8834,DOUBLE,1,0,1,False,-1
8835,DOUBLE,1,0,1,False,-1
8836,DOUBLE,1,0,1,False,-1
8837,SINGLE,0,0,1,False,-1
8838,SINGLE,0,0,1,False,-1
8839,SINGLE,0,0,1,False,-1
8840,SINGLE,0,0,1,False,-1
8841,SINGLE,0,0,1,False,-1
8842,DOUBLE,1,0,1,False,-1
8843,SINGLE,0,0,1,False,-1
8844,DOUBLE,1,0,1,False,-1
8845,DOUBLE,1,0,1,False,-1
8846,SINGLE,0,0,1,False,-1
8847,SINGLE,0,0,1,False,-1
8848,SINGLE,0,0,1,False,-1
8849,SINGLE,0,0,1,False,-1
8850,DOUBLE,1,0,1,False,-1
8851,SINGLE,0,0,1,False,-1
8852,DOUBLE,1,0,1,False,-1
8854,SINGLE,0,0,1,False,-1
8855,SINGLE,0,0,1,False,-1
8856,DOUBLE,1,0,1,False,-1
8857,DOUBLE,1,0,1,False,-1
8858,DOUBLE,1,0,1,False,-1
8860,DOUBLE,1,0,1,False,-1
8861,DOUBLE,1,0,1,False,-1
8862,DOUBLE,1,0,1,False,-1
8863,SINGLE,0,0,1,False,-1
8864,SINGLE,0,0,1,False,-1
8865,DOUBLE,1,0,1,False,-1
8866,DOUBLE,1,0,1,False,-1
8867,DOUBLE,1,0,1,False,-1
8868,DOUBLE,1,0,1,False,-1
8869,DOUBLE,1,0,1,False,-1
8870,DOUBLE,1,0,1,False,-1
8871,DOUBLE,1,0,1,False,-1
8872,SINGLE,0,0,1,False,-1
8873,DOUBLE,1,0,1,False,-1
8874,SINGLE,0,0,1,False,-1
8875,SINGLE,0,0,1,False,-1
8876,DOUBLE,1,0,1,False,-1
8877,DOUBLE,1,0,1,False,-1
8878,DOUBLE,1,0,1,False,-1
8879,SINGLE,0,0,1,False,-1
8880,DOUBLE,1,0,1,False,-1
8881,DOUBLE,1,0,1,False,-1
8882,SINGLE,0,0,1,False,-1
8883,DOUBLE,1,0,1,False,-1
8884,DOUBLE,1,0,1,False,-1
8885,DOUBLE,1,0,1,False,-1
8886,DOUBLE,1,0,1,False,-1
8887,DOUBLE,1,0,1,False,-1
8892,DOUBLE,1,0,1,False,-1
8893,DOUBLE,1,0,1,False,-1
8894,DOUBLE,0,1,1,False,-1
8896,DOUBLE,1,0,1,False,-1
8897,SINGLE,0,0,1,False,-1
8898,DOUBLE,1,0,1,False,-1
8899,DOUBLE,1,0,1,False,-1
8900,SINGLE,0,0,1,False,-1
8901,DOUBLE,1,0,1,False,-1
8902,SINGLE,0,0,1,False,-1
8903,DOUBLE,1,0,1,False,-1
8904,DOUBLE,1,0,1,False,-1
8905,SINGLE,0,0,1,False,-1
8906,DOUBLE,1,0,1,False,-1
8907,DOUBLE,1,0,1,False,-1
8910,SINGLE,0,0,1,False,-1
8911,SINGLE,0,0,1,False,-1
8912,SINGLE,0,0,1,False,-1
8913,DOUBLE,1,0,1,False,-1
8915,SINGLE,0,0,1,False,-1
8916,DOUBLE,1,0,1,False,-1
8917,DOUBLE,1,0,1,False,-1
8918,SINGLE,0,0,1,False,-1
8919,DOUBLE,1,0,1,False,-1
8920,SINGLE,0,0,1,False,-1
8921,DOUBLE,1,0,1,False,-1
8922,SINGLE,0,0,1,False,-1
8923,SINGLE,0,0,1,False,-1
8924,DOUBLE,1,0,1,False,-1
8925,DOUBLE,1,0,1,False,-1
8926,SINGLE,0,0,1,False,-1
8927,SINGLE,0,0,1,False,-1
8928,DOUBLE,1,0,1,False,-1
8929,SINGLE,0,0,1,False,-1
8930,DOUBLE,1,0,1,False,-1
8931,DOUBLE,1,0,1,False,-1
8932,DOUBLE,1,0,1,False,-1
8933,DOUBLE,1,0,1,False,-1
8934,SINGLE,0,0,1,False,-1
8935,DOUBLE,1,0,1,False,-1
8936,DOUBLE,1,0,1,False,-1
8937,DOUBLE,1,0,1,False,-1
8938,SINGLE,0,0,1,False,-1
8939,SINGLE,0,0,1,False,-1
8940,SINGLE,0,0,1,False,-1
8941,SINGLE,0,0,1,False,-1
8942,DOUBLE,1,0,1,False,-1
8943,DOUBLE,1,0,1,False,-1
8944,SINGLE,0,0,1,False,-1
8945,DOUBLE,1,0,1,False,-1
8946,DOUBLE,1,0,1,False,-1
8947,SINGLE,0,0,1,False,-1
8948,DOUBLE,1,0,1,False,-1
8949,DOUBLE,1,0,1,False,-1
8951,DOUBLE,1,0,1,False,-1
8952,DOUBLE,1,0,1,False,-1
8954,SINGLE,0,0,1,False,-1
8955,DOUBLE,1,0,1,False,-1
8956,DOUBLE,1,0,1,False,-1
8957,SINGLE,0,0,1,False,-1
8958,SINGLE,0,0,1,False,-1
8959,DOUBLE,1,0,1,False,-1
8960,SINGLE,0,0,1,False,-1
8961,SINGLE,0,0,1,False,-1
8962,DOUBLE,1,0,1,False,-1
8963,SINGLE,0,0,1,False,-1
8964,DOUBLE,0,1,1,False,-1
8965,SINGLE,0,0,1,False,-1
8966,SINGLE,0,0,1,False,-1
8967,DOUBLE,1,0,1,False,-1
8968,SINGLE,0,0,1,False,-1
8969,DOUBLE,1,0,1,False,-1
8970,DOUBLE,1,0,1,False,-1
8972,DOUBLE,1,0,1,False,-1
8973,SINGLE,0,0,1,False,-1
8974,SINGLE,0,0,1,False,-1
8975,DOUBLE,1,0,1,False,-1
8976,DOUBLE,1,0,1,False,-1
8977,SINGLE,0,0,1,False,-1
8978,SINGLE,0,0,1,False,-1
8979,DOUBLE,1,0,1,False,-1
8980,DOUBLE,1,0,1,False,-1
8981,SINGLE,0,0,1,False,-1
8982,DOUBLE,1,0,1,False,-1
8983,DOUBLE,1,0,1,False,-1
8984,DOUBLE,1,0,1,False,-1
8986,SINGLE,0,0,1,False,-1
8987,SINGLE,0,0,1,False,-1
8988,SINGLE,0,0,1,False,-1
8989,SINGLE,0,0,1,False,-1
8990,SINGLE,0,0,1,False,-1
8991,SINGLE,0,0,1,False,-1
8992,SINGLE,0,0,1,False,-1
8993,DOUBLE,1,0,1,False,-1
8994,SINGLE,0,0,1,False,-1
8995,SINGLE,0,0,1,False,-1
8996,SINGLE,0,0,1,False,-1
8997,DOUBLE,1,0,1,False,-1
8998,SINGLE,0,0,1,False,-1
9000,SINGLE,0,0,1,False,-1
9002,DOUBLE,1,0,1,False,-1
9003,SINGLE,0,0,1,False,-1
9004,SINGLE,0,0,1,False,-1
9005,DOUBLE,1,0,1,False,-1
9006,SINGLE,0,0,1,False,-1
9007,DOUBLE,1,0,1,False,-1
9008,DOUBLE,1,0,1,False,-1
9009,DOUBLE,1,0,1,False,-1
9010,SINGLE,0,0,1,False,-1
9011,DOUBLE,1,0,1,False,-1
9012,SINGLE,0,0,1,False,-1
9013,DOUBLE,1,0,1,False,-1
9014,DOUBLE,1,0,1,False,-1
9015,SINGLE,0,0,1,False,-1
9016,DOUBLE,1,0,1,False,-1
9017,DOUBLE,1,0,1,False,-1
9018,DOUBLE,1,0,1,False,-1
9019,SINGLE,0,0,1,False,-1
9020,DOUBLE,1,0,1,False,-1
9021,DOUBLE,1,0,1,False,-1
9022,DOUBLE,1,0,1,False,-1
9023,DOUBLE,1,0,1,False,-1
9024,SINGLE,0,0,1,False,-1
9025,DOUBLE,1,0,1,False,-1
9026,DOUBLE,1,0,1,False,-1
9027,SINGLE,0,0,1,False,-1
9028,SINGLE,0,0,1,False,-1
9029,DOUBLE,1,0,1,False,-1
9030,DOUBLE,1,0,1,False,-1
9031,DOUBLE,1,0,1,False,-1
9032,SINGLE,0,0,1,False,-1
9033,SINGLE,0,0,1,False,-1
9034,DOUBLE,1,0,1,False,-1
9035,DOUBLE,1,0,1,False,-1
9036,DOUBLE,1,0,1,False,-1
9037,DOUBLE,1,0,1,False,-1
9038,DOUBLE,1,0,1,False,-1
9039,DOUBLE,1,0,1,False,-1
9040,DOUBLE,1,0,1,False,-1
9041,DOUBLE,1,0,1,False,-1
9042,DOUBLE,1,0,1,False,-1
9043,DOUBLE,1,0,1,False,-1
9044,SINGLE,0,0,1,False,-1
9045,DOUBLE,1,0,1,False,-1
9046,DOUBLE,1,0,1,False,-1
9048,DOUBLE,1,0,1,False,-1
9049,SINGLE,0,0,1,False,-1
9050,SINGLE,0,0,1,False,-1
9051,DOUBLE,1,0,1,False,-1
9052,DOUBLE,1,0,1,False,-1
9053,DOUBLE,1,0,1,False,-1
9054,SINGLE,0,0,1,False,-1
9055,DOUBLE,1,0,1,False,-1
9056,DOUBLE,1,0,1,False,-1
9057,DOUBLE,1,0,1,False,-1
9058,DOUBLE,1,0,1,False,-1
9059,SINGLE,0,0,1,False,-1
9060,SINGLE,0,0,1,False,-1
9061,SINGLE,0,0,1,False,-1
9063,DOUBLE,1,0,1,False,-1
9064,DOUBLE,1,0,1,False,-1
9065,SINGLE,0,0,1,False,-1
9066,DOUBLE,1,0,1,False,-1
9067,DOUBLE,1,0,1,False,-1
9068,DOUBLE,0,1,1,False,-1
9069,DOUBLE,1,0,1,False,-1
9070,DOUBLE,1,0,1,False,-1
9071,DOUBLE,1,0,1,False,-1
9072,DOUBLE,1,0,1,False,-1
9073,DOUBLE,1,0,1,False,-1
9075,SINGLE,0,0,1,False,-1
9076,SINGLE,0,0,1,False,-1
9077,SINGLE,0,0,1,False,-1
9078,DOUBLE,1,0,1,False,-1
9079,DOUBLE,1,0,1,False,-1
9080,DOUBLE,1,0,1,False,-1
9081,SINGLE,0,0,1,False,-1
9082,DOUBLE,1,0,1,False,-1
9083,DOUBLE,1,0,1,False,-1
9084,SINGLE,0,0,1,False,-1
9085,DOUBLE,1,0,1,False,-1
9086,SINGLE,0,0,1,False,-1
9087,DOUBLE,1,0,1,False,-1
9088,DOUBLE,1,0,1,False,-1
9089,SINGLE,0,0,1,False,-1
9090,DOUBLE,1,0,1,False,-1
9091,SINGLE,0,0,1,False,-1
9092,SINGLE,0,0,1,False,-1
9093,SINGLE,0,0,1,False,-1
9094,DOUBLE,1,0,1,False,-1
9095,SINGLE,0,0,1,False,-1
9096,SINGLE,0,0,1,False,-1
9097,SINGLE,0,0,1,False,-1
9098,SINGLE,0,0,1,False,-1
9099,DOUBLE,1,0,1,False,-1
9100,SINGLE,0,0,1,False,-1
9101,SINGLE,0,0,1,False,-1
9102,SINGLE,0,0,1,False,-1
9103,DOUBLE,1,0,1,False,-1
9104,SINGLE,0,0,1,False,-1
9106,SINGLE,0,0,1,False,-1
9107,SINGLE,0,0,1,False,-1
9108,SINGLE,0,0,1,False,-1
9109,SINGLE,0,0,1,False,-1
9110,SINGLE,0,0,1,False,-1
9111,DOUBLE,1,0,1,False,-1
9113,DOUBLE,1,0,1,False,-1
9114,SINGLE,0,0,1,False,-1
9115,DOUBLE,1,0,1,False,-1
9116,DOUBLE,1,0,1,False,-1
9117,DOUBLE,1,0,1,False,-1
9118,DOUBLE,1,0,1,False,-1
9119,SINGLE,0,0,1,False,-1
9120,DOUBLE,1,0,1,False,-1
9121,DOUBLE,1,0,1,False,-1
9122,DOUBLE,1,0,1,False,-1
9123,SINGLE,0,0,1,False,-1
9125,SINGLE,0,0,1,False,-1
9126,SINGLE,0,0,1,False,-1
9127,SINGLE,0,0,1,False,-1
9128,DOUBLE,1,0,1,False,-1
9129,DOUBLE,1,0,1,False,-1
9131,DOUBLE,1,0,1,False,-1
9132,SINGLE,0,0,1,False,-1
9133,SINGLE,0,0,1,False,-1
9134,DOUBLE,1,0,1,False,-1
9135,SINGLE,0,0,1,False,-1
9136,SINGLE,0,0,1,False,-1
9137,DOUBLE,1,0,1,False,-1
9138,DOUBLE,1,0,1,False,-1
9139,SINGLE,0,0,1,False,-1
9140,DOUBLE,1,0,1,False,-1
9141,DOUBLE,1,0,1,False,-1
9142,DOUBLE,1,0,1,False,-1
9143,DOUBLE,1,0,1,False,-1
9144,DOUBLE,1,0,1,False,-1
9145,DOUBLE,1,0,1,False,-1
9146,DOUBLE,1,0,1,False,-1
9147,DOUBLE,1,0,1,False,-1
9148,DOUBLE,1,0,1,False,-1
9149,DOUBLE,1,0,1,False,-1
9151,DOUBLE,1,0,1,False,-1
9152,DOUBLE,1,0,1,False,-1
9153,SINGLE,0,0,1,False,-1
9154,DOUBLE,1,0,1,False,-1
9155,DOUBLE,1,0,1,False,-1
9156,SINGLE,0,0,1,False,-1
9157,DOUBLE,1,0,1,False,-1
9158,SINGLE,0,0,1,False,-1
9159,DOUBLE,1,0,1,False,-1
9160,SINGLE,0,0,1,False,-1
9161,SINGLE,0,0,1,False,-1
9163,DOUBLE,1,0,1,False,-1
9164,DOUBLE,1,0,1,False,-1
9165,DOUBLE,1,0,1,False,-1
9166,DOUBLE,1,0,1,False,-1
9167,SINGLE,0,0,1,False,-1
9168,SINGLE,0,0,1,False,-1
9169,DOUBLE,1,0,1,False,-1
9170,DOUBLE,1,0,1,False,-1
9171,DOUBLE,1,0,1,False,-1
9172,DOUBLE,1,0,1,False,-1
9173,DOUBLE,1,0,1,False,-1
9174,DOUBLE,1,0,1,False,-1
9175,DOUBLE,1,0,1,False,-1
9176,DOUBLE,1,0,1,False,-1
9177,SINGLE,0,0,1,False,-1
9178,SINGLE,0,0,1,False,-1
9179,SINGLE,0,0,1,False,-1
9181,SINGLE,0,0,1,False,-1
9182,DOUBLE,1,0,1,False,-1
9183,SINGLE,0,0,1,False,-1
9184,DOUBLE,1,0,1,False,-1
9187,DOUBLE,1,0,1,False,-1
9188,SINGLE,0,0,1,False,-1
9189,SINGLE,0,0,1,False,-1
9190,DOUBLE,1,0,1,False,-1
9191,SINGLE,0,0,1,False,-1
9192,DOUBLE,1,0,1,False,-1
9193,DOUBLE,1,0,1,False,-1
9194,SINGLE,0,0,1,False,-1
9196,DOUBLE,1,0,1,False,-1
9197,DOUBLE,1,0,1,False,-1
9198,DOUBLE,1,0,1,False,-1
9199,SINGLE,0,0,1,False,-1
9200,DOUBLE,1,0,1,False,-1
9201,DOUBLE,1,0,1,False,-1
9202,DOUBLE,1,0,1,False,-1
9203,DOUBLE,1,0,1,False,-1
9204,DOUBLE,1,0,1,False,-1
9205,SINGLE,0,0,1,False,-1
9206,DOUBLE,1,0,1,False,-1
9208,SINGLE,0,0,1,False,-1
9209,DOUBLE,1,0,1,False,-1
9210,DOUBLE,1,0,1,False,-1
9213,DOUBLE,1,0,1,False,-1
9214,SINGLE,0,0,1,False,-1
9215,DOUBLE,1,0,1,False,-1
9216,SINGLE,0,0,1,False,-1
9218,SINGLE,0,0,1,False,-1
9219,SINGLE,0,0,1,False,-1
9220,SINGLE,0,0,1,False,-1
9221,SINGLE,0,0,1,False,-1
9224,SINGLE,0,0,1,False,-1
9225,SINGLE,0,0,1,False,-1
9226,DOUBLE,1,0,1,False,-1
9227,DOUBLE,1,0,1,False,-1
9228,SINGLE,0,0,1,False,-1
9229,DOUBLE,1,0,1,False,-1
9230,DOUBLE,1,0,1,False,-1
9231,SINGLE,0,0,1,False,-1
9232,SINGLE,0,0,1,False,-1
9233,SINGLE,0,0,1,False,-1
9234,DOUBLE,1,0,1,False,-1
9235,SINGLE,0,0,1,False,-1
9236,SINGLE,0,0,1,False,-1
9237,DOUBLE,1,0,1,False,-1
9238,SINGLE,0,0,1,False,-1
9239,SINGLE,0,0,1,False,-1
9241,SINGLE,0,0,1,False,-1
9242,DOUBLE,1,0,1,False,-1
9243,DOUBLE,1,0,1,False,-1
9245,SINGLE,0,0,1,False,-1
9246,SINGLE,0,0,1,False,-1
9247,DOUBLE,1,0,1,False,-1
9248,SINGLE,0,0,1,False,-1
9249,DOUBLE,1,0,1,False,-1
9250,DOUBLE,1,0,1,False,-1
9252,SINGLE,0,0,1,False,-1
9253,SINGLE,0,0,1,False,-1
9254,DOUBLE,1,0,1,False,-1
9255,SINGLE,0,0,1,False,-1
9256,DOUBLE,1,0,1,False,-1
9257,SINGLE,0,0,1,False,-1
9258,SINGLE,0,0,1,False,-1
9259,DOUBLE,1,0,1,False,-1
9260,DOUBLE,1,0,1,False,-1
9262,SINGLE,0,0,1,False,-1
9263,SINGLE,0,0,1,False,-1
9264,DOUBLE,1,0,1,False,-1
9265,SINGLE,0,0,1,False,-1
9266,SINGLE,0,0,1,False,-1
9267,TRIPLE,1,1,1,False,-1
9268,SINGLE,0,0,1,False,-1
9269,DOUBLE,1,0,1,False,-1
9270,DOUBLE,1,0,1,False,-1
9271,SINGLE,0,0,1,False,-1
9272,DOUBLE,1,0,1,False,-1
9273,DOUBLE,1,0,1,False,-1
9274,SINGLE,0,0,1,False,-1
9275,DOUBLE,1,0,1,False,-1
9276,SINGLE,0,0,1,False,-1
9277,SINGLE,0,0,1,False,-1
9278,DOUBLE,1,0,1,False,-1
9279,DOUBLE,1,0,1,False,-1
9280,DOUBLE,1,0,1,False,-1
9281,DOUBLE,1,0,1,False,-1
9282,SINGLE,0,0,1,False,-1
9283,SINGLE,0,0,1,False,-1
9286,DOUBLE,1,0,1,False,-1
9287,DOUBLE,1,0,1,False,-1
9288,DOUBLE,1,0,1,False,-1
9289,DOUBLE,1,0,1,False,-1
9290,DOUBLE,1,0,1,False,-1
9291,DOUBLE,1,0,1,False,-1
9292,SINGLE,0,0,1,False,-1
9293,DOUBLE,1,0,1,False,-1
9294,SINGLE,0,0,1,False,-1
9295,DOUBLE,1,0,1,False,-1
9296,SINGLE,0,0,1,False,-1
9297,DOUBLE,1,0,1,False,-1
9298,DOUBLE,1,0,1,False,-1
9299,DOUBLE,1,0,1,False,-1
9301,SINGLE,0,0,1,False,-1
9302,DOUBLE,1,0,1,False,-1
9303,SINGLE,0,0,1,False,-1
9304,SINGLE,0,0,1,False,-1
9305,DOUBLE,1,0,1,False,-1
9306,SINGLE,0,0,1,False,-1
9307,DOUBLE,1,0,1,False,-1
9308,SINGLE,0,0,1,False,-1
9310,DOUBLE,1,0,1,False,-1
9311,DOUBLE,1,0,1,False,-1
9313,DOUBLE,1,0,1,False,-1
9314,SINGLE,0,0,1,False,-1
9315,SINGLE,0,0,1,False,-1
9316,DOUBLE,1,0,1,False,-1
9317,DOUBLE,1,0,1,False,-1
9318,SINGLE,0,0,1,False,-1
9319,DOUBLE,1,0,1,False,-1
9320,DOUBLE,1,0,1,False,-1
9321,DOUBLE,1,0,1,False,-1
9322,SINGLE,0,0,1,False,-1
9323,SINGLE,0,0,1,False,-1
9324,SINGLE,0,0,1,False,-1
9325,DOUBLE,1,0,1,False,-1
9326,SINGLE,0,0,1,False,-1
9327,SINGLE,0,0,1,False,-1
9328,SINGLE,0,0,1,False,-1
9330,DOUBLE,1,0,1,False,-1
9331,SINGLE,0,0,1,False,-1
9332,DOUBLE,1,0,1,False,-1
9333,DOUBLE,1,0,1,False,-1
9334,DOUBLE,1,0,1,False,-1
9335,DOUBLE,1,0,1,False,-1
9336,DOUBLE,1,0,1,False,-1
9337,DOUBLE,1,0,1,False,-1
9338,SINGLE,0,0,1,False,-1
9339,SINGLE,0,0,1,False,-1
9340,DOUBLE,1,0,1,False,-1
9341,DOUBLE,0,1,1,False,-1
9343,DOUBLE,1,0,1,False,-1
9344,DOUBLE,1,0,1,False,-1
9345,SINGLE,0,0,1,False,-1
9346,DOUBLE,1,0,1,False,-1
9347,DOUBLE,1,0,1,False,-1
9348,SINGLE,0,0,1,False,-1
9349,DOUBLE,1,0,1,False,-1
9350,DOUBLE,1,0,1,False,-1
9351,SINGLE,0,0,1,False,-1
9352,SINGLE,0,0,1,False,-1
9353,DOUBLE,1,0,1,False,-1
9354,SINGLE,0,0,1,False,-1
9355,DOUBLE,1,0,1,False,-1
9356,SINGLE,0,0,1,False,-1
9357,SINGLE,0,0,1,False,-1
9358,SINGLE,0,0,1,False,-1
9359,SINGLE,0,0,1,False,-1
9360,DOUBLE,1,0,1,False,-1
9361,DOUBLE,1,0,1,False,-1
9363,TRIPLE,1,1,1,False,-1
9364,DOUBLE,1,0,1,False,-1
9365,SINGLE,0,0,1,False,-1
9366,SINGLE,0,0,1,False,-1
9367,DOUBLE,1,0,1,False,-1
9368,SINGLE,0,0,1,False,-1
9369,SINGLE,0,0,1,False,-1
9370,SINGLE,0,0,1,False,-1
9371,SINGLE,0,0,1,False,-1
9372,DOUBLE,1,0,1,False,-1
9373,SINGLE,0,0,1,False,-1
9374,SINGLE,0,0,1,False,-1
9375,DOUBLE,1,0,1,False,-1
9376,SINGLE,0,0,1,False,-1
9377,DOUBLE,1,0,1,False,-1
9379,DOUBLE,1,0,1,False,-1
9380,DOUBLE,1,0,1,False,-1
9381,DOUBLE,1,0,1,False,-1
9382,DOUBLE,1,0,1,False,-1
9383,DOUBLE,1,0,1,False,-1
9384,DOUBLE,1,0,1,False,-1
9385,SINGLE,0,0,1,False,-1
9386,SINGLE,0,0,1,False,-1
9387,SINGLE,0,0,1,False,-1
9388,DOUBLE,1,0,1,False,-1
9389,DOUBLE,1,0,1,False,-1
9390,DOUBLE,1,0,1,False,-1
9391,DOUBLE,1,0,1,False,-1
9392,DOUBLE,1,0,1,False,-1
9393,SINGLE,0,0,1,False,-1
9395,DOUBLE,1,0,1,False,-1
9396,DOUBLE,1,0,1,False,-1
9397,DOUBLE,1,0,1,False,-1
9398,DOUBLE,1,0,1,False,-1
9399,DOUBLE,1,0,1,False,-1
9400,DOUBLE,1,0,1,False,-1
9401,DOUBLE,1,0,1,False,-1
9402,SINGLE,0,0,1,False,-1
9403,SINGLE,0,0,1,False,-1
9405,DOUBLE,1,0,1,False,-1
9406,DOUBLE,1,0,1,False,-1
9407,SINGLE,0,0,1,False,-1
9408,DOUBLE,1,0,1,False,-1
9409,DOUBLE,1,0,1,False,-1
9410,SINGLE,0,0,1,False,-1
9411,DOUBLE,1,0,1,False,-1
9412,DOUBLE,1,0,1,False,-1
9413,SINGLE,0,0,1,False,-1
9414,DOUBLE,1,0,1,False,-1
9415,SINGLE,0,0,1,False,-1
9416,DOUBLE,1,0,1,False,-1
9418,DOUBLE,1,0,1,False,-1
9419,DOUBLE,1,0,1,False,-1
9420,SINGLE,0,0,1,False,-1
9422,DOUBLE,1,0,1,False,-1
9423,SINGLE,0,0,1,False,-1
9424,DOUBLE,1,0,1,False,-1
9425,SINGLE,0,0,1,False,-1
9426,DOUBLE,1,0,1,False,-1
9427,DOUBLE,1,0,1,False,-1
9428,DOUBLE,1,0,1,False,-1
9429,SINGLE,0,0,1,False,-1
9430,DOUBLE,1,0,1,False,-1
9431,SINGLE,0,0,1,False,-1
9432,SINGLE,0,0,1,False,-1
9433,SINGLE,0,0,1,False,-1
9435,DOUBLE,1,0,1,False,-1
9436,DOUBLE,1,0,1,False,-1
9437,SINGLE,0,0,1,False,-1
9438,SINGLE,0,0,1,False,-1
9439,DOUBLE,1,0,1,False,-1
9440,DOUBLE,0,1,1,False,-1
9441,SINGLE,0,0,1,False,-1
9442,DOUBLE,1,0,1,False,-1
9443,DOUBLE,1,0,1,False,-1
9444,SINGLE,0,0,1,False,-1
9445,SINGLE,0,0,1,False,-1
9446,DOUBLE,1,0,1,False,-1
9447,DOUBLE,1,0,1,False,-1
9448,SINGLE,0,0,1,False,-1
9449,SINGLE,0,0,1,False,-1
9450,SINGLE,0,0,1,False,-1
9451,SINGLE,0,0,1,False,-1
9452,DOUBLE,1,0,1,False,-1
9453,SINGLE,0,0,1,False,-1
9454,SINGLE,0,0,1,False,-1
9455,SINGLE,0,0,1,False,-1
9457,SINGLE,0,0,1,False,-1
9458,SINGLE,0,0,1,False,-1
9459,DOUBLE,1,0,1,False,-1
9460,SINGLE,0,0,1,False,-1
9461,SINGLE,0,0,1,False,-1
9462,SINGLE,0,0,1,False,-1
9463,DOUBLE,1,0,1,False,-1
9464,SINGLE,0,0,1,False,-1
9465,DOUBLE,1,0,1,False,-1
9466,DOUBLE,1,0,1,False,-1
9467,DOUBLE,1,0,1,False,-1
9468,DOUBLE,1,0,1,False,-1
9469,DOUBLE,1,0,1,False,-1
9471,DOUBLE,1,0,1,False,-1
9472,SINGLE,0,0,1,False,-1
9473,DOUBLE,1,0,1,False,-1
9474,DOUBLE,1,0,1,False,-1
9475,DOUBLE,1,0,1,False,-1
9477,SINGLE,0,0,1,False,-1
9478,DOUBLE,1,0,1,False,-1
9479,DOUBLE,1,0,1,False,-1
9480,SINGLE,0,0,1,False,-1
9481,SINGLE,0,0,1,False,-1
9482,SINGLE,0,0,1,False,-1
9483,SINGLE,0,0,1,False,-1
9484,DOUBLE,1,0,1,False,-1
9485,DOUBLE,1,0,1,False,-1
9486,DOUBLE,1,0,1,False,-1
9487,SINGLE,0,0,1,False,-1
9488,DOUBLE,1,0,1,False,-1
9489,DOUBLE,1,0,1,False,-1
9490,DOUBLE,1,0,1,False,-1
9491,DOUBLE,0,1,1,False,-1
9492,SINGLE,0,0,1,False,-1
9493,DOUBLE,1,0,1,False,-1
9494,DOUBLE,1,0,1,False,-1
9495,SINGLE,0,0,1,False,-1
9496,DOUBLE,1,0,1,False,-1
9497,TRIPLE,1,1,1,False,-1
9498,DOUBLE,1,0,1,False,-1
9499,DOUBLE,0,1,1,False,-1
9500,DOUBLE,1,0,1,False,-1
9501,SINGLE,0,0,1,False,-1
9502,DOUBLE,1,0,1,False,-1
9503,DOUBLE,1,0,1,False,-1
9504,DOUBLE,1,0,1,False,-1
9505,DOUBLE,1,0,1,False,-1
9506,DOUBLE,1,0,1,False,-1
9507,DOUBLE,1,0,1,False,-1
9508,DOUBLE,1,0,1,False,-1
9509,DOUBLE,1,0,1,False,-1
9510,DOUBLE,1,0,1,False,-1
9511,DOUBLE,1,0,1,False,-1
9512,SINGLE,0,0,1,False,-1
9513,DOUBLE,1,0,1,False,-1
9514,DOUBLE,1,0,1,False,-1
9517,SINGLE,0,0,1,False,-1
9518,SINGLE,0,0,1,False,-1
9519,DOUBLE,1,0,1,False,-1
9520,DOUBLE,1,0,1,False,-1
9521,DOUBLE,1,0,1,False,-1
9522,DOUBLE,1,0,1,False,-1
9523,SINGLE,0,0,1,False,-1
9525,DOUBLE,1,0,1,False,-1
9526,DOUBLE,1,0,1,False,-1
9528,DOUBLE,1,0,1,False,-1
9529,DOUBLE,1,0,1,False,-1
9530,DOUBLE,1,0,1,False,-1
9531,DOUBLE,1,0,1,False,-1
9532,DOUBLE,1,0,1,False,-1
9533,SINGLE,0,0,1,False,-1
9534,DOUBLE,1,0,1,False,-1
9535,DOUBLE,1,0,1,False,-1
9536,SINGLE,0,0,1,False,-1
9537,SINGLE,0,0,1,False,-1
9538,DOUBLE,1,0,1,False,-1
9539,DOUBLE,1,0,1,False,-1
9540,DOUBLE,1,0,1,False,-1
9541,DOUBLE,1,0,1,False,-1
9542,SINGLE,0,0,1,False,-1
9543,DOUBLE,1,0,1,False,-1
9545,DOUBLE,1,0,1,False,-1
9546,SINGLE,0,0,1,False,-1
9547,SINGLE,0,0,1,False,-1
9548,SINGLE,0,0,1,False,-1
9550,SINGLE,0,0,1,False,-1
9551,SINGLE,0,0,1,False,-1
9552,SINGLE,0,0,1,False,-1
9553,SINGLE,0,0,1,False,-1
9554,DOUBLE,1,0,1,False,-1
9555,DOUBLE,1,0,1,False,-1
9556,SINGLE,0,0,1,False,-1
9558,DOUBLE,1,0,1,False,-1
9559,DOUBLE,1,0,1,False,-1
9560,SINGLE,0,0,1,False,-1
9561,DOUBLE,1,0,1,False,-1
9562,SINGLE,0,0,1,False,-1
9563,DOUBLE,1,0,1,False,-1
9564,SINGLE,0,0,1,False,-1
9565,DOUBLE,1,0,1,False,-1
9566,SINGLE,0,0,1,False,-1
9567,DOUBLE,1,0,1,False,-1
9568,SINGLE,0,0,1,False,-1
9569,DOUBLE,1,0,1,False,-1
9570,SINGLE,0,0,1,False,-1
9571,SINGLE,0,0,1,False,-1
9572,SINGLE,0,0,1,False,-1
9573,SINGLE,0,0,1,False,-1
9574,SINGLE,0,0,1,False,-1
9575,SINGLE,0,0,1,False,-1
9576,SINGLE,0,0,1,False,-1
9577,DOUBLE,1,0,1,False,-1
9578,SINGLE,0,0,1,False,-1
9579,DOUBLE,1,0,1,False,-1
9580,SINGLE,0,0,1,False,-1
9581,SINGLE,0,0,1,False,-1
9582,DOUBLE,1,0,1,False,-1
9583,DOUBLE,1,0,1,False,-1
9584,SINGLE,0,0,1,False,-1
9585,SINGLE,0,0,1,False,-1
9586,DOUBLE,1,0,1,False,-1
9587,SINGLE,0,0,1,False,-1
9588,SINGLE,0,0,1,False,-1
9589,DOUBLE,1,0,1,False,-1
9590,DOUBLE,1,0,1,False,-1
9591,DOUBLE,1,0,1,False,-1
9592,DOUBLE,1,0,1,False,-1
9593,SINGLE,0,0,1,False,-1
9594,DOUBLE,1,0,1,False,-1
9595,DOUBLE,1,0,1,False,-1
9596,SINGLE,0,0,1,False,-1
9597,DOUBLE,1,0,1,False,-1
9599,DOUBLE,1,0,1,False,-1
9600,SINGLE,0,0,1,False,-1
9601,SINGLE,0,0,1,False,-1
9602,SINGLE,0,0,1,False,-1
9604,DOUBLE,1,0,1,False,-1
9605,SINGLE,0,0,1,False,-1
9606,DOUBLE,1,0,1,False,-1
9607,SINGLE,0,0,1,False,-1
9608,TRIPLE,1,1,1,False,-1
9609,DOUBLE,1,0,1,False,-1
9610,DOUBLE,1,0,1,False,-1
9611,DOUBLE,1,0,1,False,-1
9612,DOUBLE,1,0,1,False,-1
9613,SINGLE,0,0,1,False,-1
9614,SINGLE,0,0,1,False,-1
9615,SINGLE,0,0,1,False,-1
9616,DOUBLE,1,0,1,False,-1
9617,SINGLE,0,0,1,False,-1
9618,DOUBLE,1,0,1,False,-1
9619,SINGLE,0,0,1,False,-1
9620,DOUBLE,1,0,1,False,-1
9621,SINGLE,0,0,1,False,-1
9622,DOUBLE,1,0,1,False,-1
9623,DOUBLE,1,0,1,False,-1
9625,DOUBLE,1,0,1,False,-1
9626,TRIPLE,1,1,1,False,-1
9627,DOUBLE,1,0,1,False,-1
9628,DOUBLE,1,0,1,False,-1
9629,DOUBLE,1,0,1,False,-1
9630,DOUBLE,1,0,1,False,-1
9631,DOUBLE,1,0,1,False,-1
9632,DOUBLE,1,0,1,False,-1
9634,DOUBLE,1,0,1,False,-1
9635,SINGLE,0,0,1,False,-1
9636,SINGLE,0,0,1,False,-1
9637,DOUBLE,1,0,1,False,-1
9638,DOUBLE,1,0,1,False,-1
9639,DOUBLE,0,1,1,False,-1
9640,DOUBLE,1,0,1,False,-1
9641,TRIPLE,1,1,1,False,-1
9642,SINGLE,0,0,1,False,-1
9643,SINGLE,0,0,1,False,-1
9644,DOUBLE,1,0,1,False,-1
9645,SINGLE,0,0,1,False,-1
9646,DOUBLE,1,0,1,False,-1
9647,DOUBLE,1,0,1,False,-1
9648,DOUBLE,1,0,1,False,-1
9649,DOUBLE,1,0,1,False,-1
9650,SINGLE,0,0,1,False,-1
9651,DOUBLE,1,0,1,False,-1
9652,DOUBLE,1,0,1,False,-1
9653,DOUBLE,1,0,1,False,-1
9654,DOUBLE,1,0,1,False,-1
9655,DOUBLE,1,0,1,False,-1
9656,DOUBLE,1,0,1,False,-1
9657,DOUBLE,1,0,1,False,-1
9658,DOUBLE,1,0,1,False,-1
9659,DOUBLE,1,0,1,False,-1
9660,DOUBLE,1,0,1,False,-1
9661,SINGLE,0,0,1,False,-1
9662,SINGLE,0,0,1,False,-1
9663,SINGLE,0,0,1,False,-1
9664,DOUBLE,1,0,1,False,-1
9665,SINGLE,0,0,1,False,-1
9666,SINGLE,0,0,1,False,-1
9667,DOUBLE,1,0,1,False,-1
9668,SINGLE,0,0,1,False,-1
9669,SINGLE,0,0,1,False,-1
9670,DOUBLE,1,0,1,False,-1
9671,DOUBLE,1,0,1,False,-1
9673,DOUBLE,1,0,1,False,-1
9674,DOUBLE,1,0,1,False,-1
9675,SINGLE,0,0,1,False,-1
9676,DOUBLE,1,0,1,False,-1
9677,DOUBLE,1,0,1,False,-1
9679,SINGLE,0,0,1,False,-1
9680,DOUBLE,1,0,1,False,-1
9681,SINGLE,0,0,1,False,-1
9682,DOUBLE,1,0,1,False,-1
9683,SINGLE,0,0,1,False,-1
9684,SINGLE,0,0,1,False,-1
9685,SINGLE,0,0,1,False,-1
9686,SINGLE,0,0,1,False,-1
9687,SINGLE,0,0,1,False,-1
9688,SINGLE,0,0,1,False,-1
9689,SINGLE,0,0,1,False,-1
9690,SINGLE,0,0,1,False,-1
9691,SINGLE,0,0,1,False,-1
9692,DOUBLE,1,0,1,False,-1
9693,SINGLE,0,0,1,False,-1
9694,DOUBLE,1,0,1,False,-1
9695,SINGLE,0,0,1,False,-1
9696,SINGLE,0,0,1,False,-1
9697,DOUBLE,1,0,1,False,-1
9698,DOUBLE,1,0,1,False,-1
9699,SINGLE,0,0,1,False,-1
9700,DOUBLE,1,0,1,False,-1
9701,DOUBLE,1,0,1,False,-1
9702,SINGLE,0,0,1,False,-1
9703,SINGLE,0,0,1,False,-1
9704,SINGLE,0,0,1,False,-1
9705,SINGLE,0,0,1,False,-1
9706,DOUBLE,1,0,1,False,-1
9707,DOUBLE,1,0,1,False,-1
9708,DOUBLE,1,0,1,False,-1
9709,SINGLE,0,0,1,False,-1
9710,DOUBLE,1,0,1,False,-1
9711,DOUBLE,1,0,1,False,-1
9712,DOUBLE,0,1,1,False,-1
9713,SINGLE,0,0,1,False,-1
9714,DOUBLE,1,0,1,False,-1
9715,DOUBLE,1,0,1,False,-1
9716,DOUBLE,1,0,1,False,-1
9717,SINGLE,0,0,1,False,-1
9718,DOUBLE,1,0,1,False,-1
9719,SINGLE,0,0,1,False,-1
9720,SINGLE,0,0,1,False,-1
9721,DOUBLE,1,0,1,False,-1
9722,SINGLE,0,0,1,False,-1
9723,DOUBLE,1,0,1,False,-1
9724,DOUBLE,1,0,1,False,-1
9725,SINGLE,0,0,1,False,-1
9726,DOUBLE,1,0,1,False,-1
9727,SINGLE,0,0,1,False,-1
9729,SINGLE,0,0,1,False,-1
9730,DOUBLE,1,0,1,False,-1
9731,DOUBLE,1,0,1,False,-1
9733,DOUBLE,1,0,1,False,-1
9734,DOUBLE,1,0,1,False,-1
9736,DOUBLE,1,0,1,False,-1
9737,DOUBLE,1,0,1,False,-1
9738,SINGLE,0,0,1,False,-1
9739,SINGLE,0,0,1,False,-1
9740,DOUBLE,1,0,1,False,-1
9741,DOUBLE,1,0,1,False,-1
9742,SINGLE,0,0,1,False,-1
9743,DOUBLE,1,0,1,False,-1
9744,DOUBLE,1,0,1,False,-1
9745,SINGLE,0,0,1,False,-1
9746,SINGLE,0,0,1,False,-1
9747,SINGLE,0,0,1,False,-1
9748,SINGLE,0,0,1,False,-1
9750,DOUBLE,1,0,1,False,-1
9751,DOUBLE,1,0,1,False,-1
9752,DOUBLE,1,0,1,False,-1
9753,DOUBLE,1,0,1,False,-1
9754,DOUBLE,0,1,1,False,-1
9755,DOUBLE,1,0,1,False,-1
9756,DOUBLE,1,0,1,False,-1
9757,SINGLE,0,0,1,False,-1
9759,DOUBLE,1,0,1,False,-1
9760,DOUBLE,1,0,1,False,-1
9761,DOUBLE,1,0,1,False,-1
9762,DOUBLE,1,0,1,False,-1
9763,SINGLE,0,0,1,False,-1
9764,SINGLE,0,0,1,False,-1
9765,DOUBLE,1,0,1,False,-1
9766,DOUBLE,1,0,1,False,-1
9767,DOUBLE,1,0,1,False,-1
9768,DOUBLE,1,0,1,False,-1
9769,SINGLE,0,0,1,False,-1
9770,SINGLE,0,0,1,False,-1
9771,SINGLE,0,0,1,False,-1
9772,SINGLE,0,0,1,False,-1
9773,SINGLE,0,0,1,False,-1
9774,DOUBLE,1,0,1,False,-1
9775,DOUBLE,1,0,1,False,-1
9777,SINGLE,0,0,1,False,-1
9778,SINGLE,0,0,1,False,-1
9779,SINGLE,0,0,1,False,-1
9780,SINGLE,0,0,1,False,-1
9781,DOUBLE,1,0,1,False,-1
9782,SINGLE,0,0,1,False,-1
9784,DOUBLE,1,0,1,False,-1
9785,DOUBLE,1,0,1,False,-1
9786,DOUBLE,1,0,1,False,-1
9787,DOUBLE,1,0,1,False,-1
9788,DOUBLE,1,0,1,False,-1
9789,DOUBLE,1,0,1,False,-1
9790,SINGLE,0,0,1,False,-1
9791,DOUBLE,1,0,1,False,-1
9792,SINGLE,0,0,1,False,-1
9793,SINGLE,0,0,1,False,-1
9794,DOUBLE,1,0,1,False,-1
9795,DOUBLE,1,0,1,False,-1
9796,SINGLE,0,0,1,False,-1
9797,DOUBLE,1,0,1,False,-1
9798,SINGLE,0,0,1,False,-1
9799,DOUBLE,1,0,1,False,-1
9800,DOUBLE,1,0,1,False,-1
9801,SINGLE,0,0,1,False,-1
9802,TRIPLE,1,1,1,False,-1
9803,SINGLE,0,0,1,False,-1
9804,SINGLE,0,0,1,False,-1
9805,DOUBLE,1,0,1,False,-1
9806,DOUBLE,1,0,1,False,-1
9807,SINGLE,0,0,1,False,-1
9808,SINGLE,0,0,1,False,-1
9809,TRIPLE,1,1,1,False,-1
9810,SINGLE,0,0,1,False,-1
9811,SINGLE,0,0,1,False,-1
9812,SINGLE,0,0,1,False,-1
9814,SINGLE,0,0,1,False,-1
9815,DOUBLE,1,0,1,False,-1
9816,DOUBLE,1,0,1,False,-1
9817,SINGLE,0,0,1,False,-1
9818,DOUBLE,1,0,1,False,-1
9819,DOUBLE,1,0,1,False,-1
9820,SINGLE,0,0,1,False,-1
9821,SINGLE,0,0,1,False,-1
9822,SINGLE,0,0,1,False,-1
9823,DOUBLE,1,0,1,False,-1
9824,DOUBLE,1,0,1,False,-1
9825,DOUBLE,1,0,1,False,-1
9826,DOUBLE,1,0,1,False,-1
9827,SINGLE,0,0,1,False,-1
9828,DOUBLE,1,0,1,False,-1
9829,DOUBLE,1,0,1,False,-1
9830,SINGLE,0,0,1,False,-1
9831,SINGLE,0,0,1,False,-1
9832,DOUBLE,1,0,1,False,-1
9833,DOUBLE,1,0,1,False,-1
9834,DOUBLE,1,0,1,False,-1
9836,SINGLE,0,0,1,False,-1
9837,DOUBLE,1,0,1,False,-1
9838,SINGLE,0,0,1,False,-1
9839,DOUBLE,1,0,1,False,-1
9840,SINGLE,0,0,1,False,-1
9841,DOUBLE,1,0,1,False,-1
9842,DOUBLE,1,0,1,False,-1
9843,DOUBLE,1,0,1,False,-1
9844,SINGLE,0,0,1,False,-1
9845,DOUBLE,1,0,1,False,-1
9846,SINGLE,0,0,1,False,-1
9848,SINGLE,0,0,1,False,-1
9849,SINGLE,0,0,1,False,-1
9850,SINGLE,0,0,1,False,-1
9851,SINGLE,0,0,1,False,-1
9852,SINGLE,0,0,1,False,-1
9853,SINGLE,0,0,1,False,-1
9854,DOUBLE,1,0,1,False,-1
9855,DOUBLE,1,0,1,False,-1
9856,SINGLE,0,0,1,False,-1
9857,SINGLE,0,0,1,False,-1
9859,DOUBLE,1,0,1,False,-1
9860,SINGLE,0,0,1,False,-1
9861,DOUBLE,1,0,1,False,-1
9862,SINGLE,0,0,1,False,-1
9863,DOUBLE,1,0,1,False,-1
9865,DOUBLE,1,0,1,False,-1
9866,DOUBLE,1,0,1,False,-1
9867,DOUBLE,1,0,1,False,-1
9869,DOUBLE,1,0,1,False,-1
9870,SINGLE,0,0,1,False,-1
9871,SINGLE,0,0,1,False,-1
9872,SINGLE,0,0,1,False,-1
9873,DOUBLE,1,0,1,False,-1
9874,DOUBLE,1,0,1,False,-1
9875,DOUBLE,1,0,1,False,-1
9876,DOUBLE,1,0,1,False,-1
9877,SINGLE,0,0,1,False,-1
9878,SINGLE,0,0,1,False,-1
9880,DOUBLE,1,0,1,False,-1
9881,DOUBLE,1,0,1,False,-1
9882,DOUBLE,1,0,1,False,-1
9883,DOUBLE,1,0,1,False,-1
9884,SINGLE,0,0,1,False,-1
9885,DOUBLE,1,0,1,False,-1
9886,SINGLE,0,0,1,False,-1
9887,DOUBLE,1,0,1,False,-1
9888,DOUBLE,1,0,1,False,-1
9889,DOUBLE,1,0,1,False,-1
9890,DOUBLE,1,0,1,False,-1
9891,DOUBLE,1,0,1,False,-1
9892,SINGLE,0,0,1,False,-1
9893,SINGLE,0,0,1,False,-1
9894,DOUBLE,1,0,1,False,-1
9895,DOUBLE,1,0,1,False,-1
9896,SINGLE,0,0,1,False,-1
9897,SINGLE,0,0,1,False,-1
9898,DOUBLE,1,0,1,False,-1
9900,SINGLE,0,0,1,False,-1
9901,DOUBLE,1,0,1,False,-1
9902,DOUBLE,1,0,1,False,-1
9904,SINGLE,0,0,1,False,-1
9905,DOUBLE,1,0,1,False,-1
9906,DOUBLE,1,0,1,False,-1
9907,DOUBLE,1,0,1,False,-1
9908,DOUBLE,1,0,1,False,-1
9909,DOUBLE,1,0,1,False,-1
9910,SINGLE,0,0,1,False,-1
9911,SINGLE,0,0,1,False,-1
9912,SINGLE,0,0,1,False,-1
9914,SINGLE,0,0,1,False,-1
9915,DOUBLE,1,0,1,False,-1
9916,SINGLE,0,0,1,False,-1
9917,DOUBLE,1,0,1,False,-1
9918,SINGLE,0,0,1,False,-1
9919,DOUBLE,1,0,1,False,-1
9920,DOUBLE,1,0,1,False,-1
9921,SINGLE,0,0,1,False,-1
9922,DOUBLE,1,0,1,False,-1
9923,SINGLE,0,0,1,False,-1
9924,SINGLE,0,0,1,False,-1
9925,DOUBLE,1,0,1,False,-1
9926,SINGLE,0,0,1,False,-1
9927,DOUBLE,1,0,1,False,-1
9928,TRIPLE,1,1,1,False,-1
9929,SINGLE,0,0,1,False,-1
9931,SINGLE,0,0,1,False,-1
9932,SINGLE,0,0,1,False,-1
9933,DOUBLE,1,0,1,False,-1
9934,DOUBLE,1,0,1,False,-1
9935,DOUBLE,1,0,1,False,-1
9936,DOUBLE,1,0,1,False,-1
9937,DOUBLE,1,0,1,False,-1
9939,SINGLE,0,0,1,False,-1
9940,DOUBLE,1,0,1,False,-1
9941,DOUBLE,1,0,1,False,-1
9942,SINGLE,0,0,1,False,-1
9943,SINGLE,0,0,1,False,-1
9944,SINGLE,0,0,1,False,-1
9945,DOUBLE,1,0,1,False,-1
9946,DOUBLE,1,0,1,False,-1
9948,DOUBLE,1,0,1,False,-1
9949,DOUBLE,1,0,1,False,-1
9950,DOUBLE,1,0,1,False,-1
9951,SINGLE,0,0,1,False,-1
9952,DOUBLE,1,0,1,False,-1
9954,DOUBLE,1,0,1,False,-1
9955,DOUBLE,1,0,1,False,-1
9956,SINGLE,0,0,1,False,-1
9957,DOUBLE,1,0,1,False,-1
9958,SINGLE,0,0,1,False,-1
9959,DOUBLE,1,0,1,False,-1
9960,SINGLE,0,0,1,False,-1
9961,SINGLE,0,0,1,False,-1
9962,SINGLE,0,0,1,False,-1
9963,DOUBLE,1,0,1,False,-1
9964,DOUBLE,1,0,1,False,-1
9965,DOUBLE,1,0,1,False,-1
9967,SINGLE,0,0,1,False,-1
9968,DOUBLE,1,0,1,False,-1
9969,SINGLE,0,0,1,False,-1
9971,DOUBLE,1,0,1,False,-1
9972,DOUBLE,1,0,1,False,-1
9973,DOUBLE,1,0,1,False,-1
9975,SINGLE,0,0,1,False,-1
9976,DOUBLE,1,0,1,False,-1
9977,DOUBLE,1,0,1,False,-1
9978,DOUBLE,1,0,1,False,-1
9979,DOUBLE,1,0,1,False,-1
9980,DOUBLE,1,0,1,False,-1
9981,SINGLE,0,0,1,False,-1
9982,SINGLE,0,0,1,False,-1
9983,SINGLE,0,0,1,False,-1
9984,DOUBLE,1,0,1,False,-1
9986,DOUBLE,1,0,1,False,-1
9987,DOUBLE,1,0,1,False,-1
9988,DOUBLE,1,0,1,False,-1
9989,SINGLE,0,0,1,False,-1
9990,SINGLE,0,0,1,False,-1
9991,DOUBLE,1,0,1,False,-1
9992,DOUBLE,1,0,1,False,-1
9993,TRIPLE,1,1,1,False,-1
9994,DOUBLE,1,0,1,False,-1
9995,DOUBLE,1,0,1,False,-1
9996,SINGLE,0,0,1,False,-1
9998,SINGLE,0,0,1,False,-1
9999,SINGLE,0,0,1,False,-1
