EventID,HitTop,HitMiddle,HitBottom,DecayTime_ns
0,SINGLE,0,0,1,False,-1
1,DOUBLE,1,0,1,False,-1
2,DOUBLE,1,0,1,False,-1
3,SINGLE,0,0,1,False,-1
4,DOUBLE,1,0,1,False,-1
5,SINGLE,0,0,1,False,-1
6,SINGLE,0,0,1,False,-1
7,DOUBLE,1,0,1,False,-1
8,DOUBLE,1,0,1,False,-1
9,DOUBLE,1,0,1,False,-1
10,DOUBLE,1,0,1,False,-1
11,SINGLE,0,0,1,False,-1
12,DOUBLE,1,0,1,False,-1
13,SINGLE,0,0,1,False,-1
14,SINGLE,0,0,1,False,-1
15,DOUBLE,1,0,1,False,-1
16,SINGLE,0,0,1,False,-1
17,DOUBLE,1,0,1,False,-1
18,DOUBLE,1,0,1,False,-1
19,SINGLE,0,0,1,False,-1
20,SINGLE,0,0,1,False,-1
21,SINGLE,0,0,1,False,-1
22,SINGLE,0,0,1,False,-1
23,DOUBLE,1,0,1,False,-1
24,SINGLE,0,0,1,False,-1
25,SINGLE,0,0,1,False,-1
26,SINGLE,0,0,1,False,-1
27,DOUBLE,1,0,1,False,-1
28,DOUBLE,1,0,1,False,-1
29,SINGLE,0,0,1,False,-1
30,DOUBLE,1,0,1,False,-1
31,DOUBLE,1,0,1,False,-1
32,DOUBLE,1,0,1,False,-1
34,SINGLE,0,0,1,False,-1
35,DOUBLE,1,0,1,False,-1
36,DOUBLE,1,0,1,False,-1
37,DOUBLE,1,0,1,False,-1
38,SINGLE,0,0,1,False,-1
39,DOUBLE,1,0,1,False,-1
40,DOUBLE,1,0,1,False,-1
41,DOUBLE,1,0,1,False,-1
42,DOUBLE,1,0,1,False,-1
43,DOUBLE,1,0,1,False,-1
44,DOUBLE,1,0,1,False,-1
45,DOUBLE,1,0,1,False,-1
46,SINGLE,0,0,1,False,-1
47,SINGLE,0,0,1,False,-1
48,SINGLE,0,0,1,False,-1
49,SINGLE,0,0,1,False,-1
50,DOUBLE,1,0,1,False,-1
51,DOUBLE,1,0,1,False,-1
52,DOUBLE,1,0,1,False,-1
53,DOUBLE,1,0,1,False,-1
54,DOUBLE,1,0,1,False,-1
55,SINGLE,0,0,1,False,-1
56,DOUBLE,1,0,1,False,-1
57,DOUBLE,1,0,1,False,-1
60,DOUBLE,1,0,1,False,-1
62,SINGLE,0,0,1,False,-1
63,SINGLE,0,0,1,False,-1
64,DOUBLE,1,0,1,False,-1
65,SINGLE,0,0,1,False,-1
66,DOUBLE,1,0,1,False,-1
67,SINGLE,0,0,1,False,-1
68,DOUBLE,1,0,1,False,-1
69,DOUBLE,1,0,1,False,-1
70,SINGLE,0,0,1,False,-1
71,DOUBLE,1,0,1,False,-1
72,SINGLE,0,0,1,False,-1
73,DOUBLE,1,0,1,False,-1
74,DOUBLE,1,0,1,False,-1
75,DOUBLE,1,0,1,False,-1
76,DOUBLE,1,0,1,False,-1
77,SINGLE,0,0,1,False,-1
78,SINGLE,0,0,1,False,-1
79,SINGLE,0,0,1,False,-1
80,DOUBLE,1,0,1,False,-1
82,DOUBLE,1,0,1,False,-1
83,DOUBLE,1,0,1,False,-1
84,DOUBLE,1,0,1,False,-1
85,DOUBLE,1,0,1,False,-1
86,DOUBLE,1,0,1,False,-1
87,SINGLE,0,0,1,False,-1
88,DOUBLE,1,0,1,False,-1
89,SINGLE,0,0,1,False,-1
90,DOUBLE,1,0,1,False,-1
91,DOUBLE,1,0,1,False,-1
92,DOUBLE,1,0,1,False,-1
93,DOUBLE,1,0,1,False,-1
94,DOUBLE,1,0,1,False,-1
96,DOUBLE,1,0,1,False,-1
97,SINGLE,0,0,1,False,-1
98,SINGLE,0,0,1,False,-1
99,SINGLE,0,0,1,False,-1
100,SINGLE,0,0,1,False,-1
101,DOUBLE,1,0,1,False,-1
103,DOUBLE,1,0,1,False,-1
104,DOUBLE,1,0,1,False,-1
105,DOUBLE,1,0,1,False,-1
106,SINGLE,0,0,1,False,-1
107,DOUBLE,1,0,1,False,-1
110,SINGLE,0,0,1,False,-1
111,SINGLE,0,0,1,False,-1
112,DOUBLE,1,0,1,False,-1
114,DOUBLE,1,0,1,False,-1
116,SINGLE,0,0,1,False,-1
117,DOUBLE,1,0,1,False,-1
119,DOUBLE,1,0,1,False,-1
121,DOUBLE,1,0,1,False,-1
122,DOUBLE,1,0,1,False,-1
123,TRIPLE,1,1,1,False,-1
124,SINGLE,0,0,1,False,-1
125,DOUBLE,1,0,1,False,-1
126,DOUBLE,1,0,1,False,-1
127,SINGLE,0,0,1,False,-1
128,DOUBLE,1,0,1,False,-1
130,DOUBLE,1,0,1,False,-1
132,DOUBLE,1,0,1,False,-1
133,DOUBLE,1,0,1,False,-1
134,SINGLE,0,0,1,False,-1
135,DOUBLE,1,0,1,False,-1
137,SINGLE,0,0,1,False,-1
138,SINGLE,0,0,1,False,-1
140,DOUBLE,1,0,1,False,-1
141,SINGLE,0,0,1,False,-1
142,DOUBLE,1,0,1,False,-1
143,TRIPLE,1,1,1,False,-1
144,DOUBLE,1,0,1,False,-1
145,DOUBLE,1,0,1,False,-1
146,SINGLE,0,0,1,False,-1
147,DOUBLE,1,0,1,False,-1
148,SINGLE,0,0,1,False,-1
149,DOUBLE,1,0,1,False,-1
150,DOUBLE,1,0,1,False,-1
151,SINGLE,0,0,1,False,-1
152,DOUBLE,1,0,1,False,-1
154,DOUBLE,1,0,1,False,-1
155,TRIPLE,1,1,1,False,-1
156,DOUBLE,1,0,1,False,-1
158,SINGLE,0,0,1,False,-1
159,SINGLE,0,0,1,False,-1
160,DOUBLE,1,0,1,False,-1
162,SINGLE,0,0,1,False,-1
164,SINGLE,0,0,1,False,-1
165,SINGLE,0,0,1,False,-1
166,DOUBLE,1,0,1,False,-1
167,SINGLE,0,0,1,False,-1
168,SINGLE,0,0,1,False,-1
169,SINGLE,0,0,1,False,-1
170,SINGLE,0,0,1,False,-1
171,DOUBLE,1,0,1,False,-1
172,DOUBLE,1,0,1,False,-1
173,SINGLE,0,0,1,False,-1
174,SINGLE,0,0,1,False,-1
175,DOUBLE,1,0,1,False,-1
176,DOUBLE,1,0,1,False,-1
177,SINGLE,0,0,1,False,-1
178,DOUBLE,1,0,1,False,-1
179,DOUBLE,1,0,1,False,-1
180,DOUBLE,1,0,1,False,-1
181,DOUBLE,1,0,1,False,-1
183,DOUBLE,0,1,1,False,-1
184,DOUBLE,1,0,1,False,-1
185,DOUBLE,1,0,1,False,-1
186,DOUBLE,1,0,1,False,-1
188,DOUBLE,1,0,1,False,-1
189,DOUBLE,1,0,1,False,-1
190,SINGLE,0,0,1,False,-1
191,DOUBLE,1,0,1,False,-1
192,DOUBLE,1,0,1,False,-1
193,SINGLE,0,0,1,False,-1
194,SINGLE,0,0,1,False,-1
195,SINGLE,0,0,1,False,-1
196,DOUBLE,1,0,1,False,-1
197,DOUBLE,1,0,1,False,-1
198,SINGLE,0,0,1,False,-1
199,SINGLE,0,0,1,False,-1
200,SINGLE,0,0,1,False,-1
202,DOUBLE,1,0,1,False,-1
203,DOUBLE,1,0,1,False,-1
204,DOUBLE,1,0,1,False,-1
205,DOUBLE,1,0,1,False,-1
206,DOUBLE,1,0,1,False,-1
207,DOUBLE,1,0,1,False,-1
208,DOUBLE,1,0,1,False,-1
209,DOUBLE,1,0,1,False,-1
210,SINGLE,0,0,1,False,-1
211,DOUBLE,1,0,1,False,-1
212,DOUBLE,1,0,1,False,-1
213,DOUBLE,1,0,1,False,-1
214,DOUBLE,1,0,1,False,-1
215,DOUBLE,1,0,1,False,-1
216,DOUBLE,1,0,1,False,-1
217,SINGLE,0,0,1,False,-1
218,DOUBLE,1,0,1,False,-1
219,DOUBLE,1,0,1,False,-1
220,SINGLE,0,0,1,False,-1
221,DOUBLE,1,0,1,False,-1
222,DOUBLE,1,0,1,False,-1
224,DOUBLE,0,1,1,False,-1
225,SINGLE,0,0,1,False,-1
226,SINGLE,0,0,1,False,-1
227,SINGLE,0,0,1,False,-1
228,DOUBLE,1,0,1,False,-1
229,SINGLE,0,0,1,False,-1
230,DOUBLE,1,0,1,False,-1
231,SINGLE,0,0,1,False,-1
232,DOUBLE,1,0,1,False,-1
234,SINGLE,0,0,1,False,-1
235,SINGLE,0,0,1,False,-1
237,DOUBLE,1,0,1,False,-1
238,DOUBLE,1,0,1,False,-1
239,DOUBLE,1,0,1,False,-1
240,SINGLE,0,0,1,False,-1
242,SINGLE,0,0,1,False,-1
243,SINGLE,0,0,1,False,-1
244,DOUBLE,1,0,1,False,-1
245,DOUBLE,1,0,1,False,-1
246,DOUBLE,1,0,1,False,-1
248,SINGLE,0,0,1,False,-1
249,DOUBLE,1,0,1,False,-1
250,DOUBLE,1,0,1,False,-1
251,SINGLE,0,0,1,False,-1
252,SINGLE,0,0,1,False,-1
253,SINGLE,0,0,1,False,-1
254,SINGLE,0,0,1,False,-1
255,DOUBLE,1,0,1,False,-1
256,DOUBLE,1,0,1,False,-1
257,DOUBLE,1,0,1,False,-1
258,DOUBLE,1,0,1,False,-1
259,SINGLE,0,0,1,False,-1
260,SINGLE,0,0,1,False,-1
261,DOUBLE,1,0,1,False,-1
262,SINGLE,0,0,1,False,-1
263,SINGLE,0,0,1,False,-1
264,DOUBLE,1,0,1,False,-1
266,SINGLE,0,0,1,False,-1
267,DOUBLE,1,0,1,False,-1
268,SINGLE,0,0,1,False,-1
269,SINGLE,0,0,1,False,-1
271,SINGLE,0,0,1,False,-1
272,SINGLE,0,0,1,False,-1
273,DOUBLE,1,0,1,False,-1
274,DOUBLE,1,0,1,False,-1
275,DOUBLE,1,0,1,False,-1
276,SINGLE,0,0,1,False,-1
277,DOUBLE,1,0,1,False,-1
278,SINGLE,0,0,1,False,-1
279,SINGLE,0,0,1,False,-1
280,DOUBLE,1,0,1,False,-1
281,DOUBLE,1,0,1,False,-1
282,SINGLE,0,0,1,False,-1
283,DOUBLE,1,0,1,False,-1
284,SINGLE,0,0,1,False,-1
285,SINGLE,0,0,1,False,-1
286,SINGLE,0,0,1,False,-1
287,SINGLE,0,0,1,False,-1
289,DOUBLE,1,0,1,False,-1
290,SINGLE,0,0,1,False,-1
292,SINGLE,0,0,1,False,-1
293,SINGLE,0,0,1,False,-1
294,SINGLE,0,0,1,False,-1
296,SINGLE,0,0,1,False,-1
297,SINGLE,0,0,1,False,-1
298,DOUBLE,1,0,1,False,-1
299,SINGLE,0,0,1,False,-1
300,SINGLE,0,0,1,False,-1
301,SINGLE,0,0,1,False,-1
302,DOUBLE,1,0,1,False,-1
303,SINGLE,0,0,1,False,-1
304,DOUBLE,1,0,1,False,-1
305,DOUBLE,1,0,1,False,-1
306,DOUBLE,1,0,1,False,-1
307,DOUBLE,1,0,1,False,-1
308,DOUBLE,1,0,1,False,-1
310,DOUBLE,1,0,1,False,-1
311,DOUBLE,1,0,1,False,-1
312,DOUBLE,1,0,1,False,-1
313,SINGLE,0,0,1,False,-1
315,SINGLE,0,0,1,False,-1
316,DOUBLE,1,0,1,False,-1
317,DOUBLE,1,0,1,False,-1
318,DOUBLE,1,0,1,False,-1
319,SINGLE,0,0,1,False,-1
320,DOUBLE,1,0,1,False,-1
321,SINGLE,0,0,1,False,-1
322,SINGLE,0,0,1,False,-1
323,DOUBLE,1,0,1,False,-1
325,DOUBLE,1,0,1,False,-1
326,SINGLE,0,0,1,False,-1
327,DOUBLE,1,0,1,False,-1
328,SINGLE,0,0,1,False,-1
330,SINGLE,0,0,1,False,-1
331,SINGLE,0,0,1,False,-1
333,DOUBLE,1,0,1,False,-1
334,SINGLE,0,0,1,False,-1
335,DOUBLE,1,0,1,False,-1
336,DOUBLE,1,0,1,False,-1
337,SINGLE,0,0,1,False,-1
338,DOUBLE,1,0,1,False,-1
339,SINGLE,0,0,1,False,-1
340,DOUBLE,1,0,1,False,-1
341,SINGLE,0,0,1,False,-1
343,DOUBLE,1,0,1,False,-1
344,DOUBLE,1,0,1,False,-1
345,SINGLE,0,0,1,False,-1
346,SINGLE,0,0,1,False,-1
347,SINGLE,0,0,1,False,-1
348,DOUBLE,1,0,1,False,-1
350,DOUBLE,1,0,1,False,-1
351,DOUBLE,1,0,1,False,-1
352,DOUBLE,1,0,1,False,-1
353,DOUBLE,1,0,1,False,-1
354,SINGLE,0,0,1,False,-1
355,SINGLE,0,0,1,False,-1
357,SINGLE,0,0,1,False,-1
358,DOUBLE,1,0,1,False,-1
359,SINGLE,0,0,1,False,-1
360,DOUBLE,1,0,1,False,-1
361,DOUBLE,1,0,1,False,-1
363,DOUBLE,1,0,1,False,-1
365,DOUBLE,1,0,1,False,-1
366,SINGLE,0,0,1,False,-1
367,SINGLE,0,0,1,False,-1
369,DOUBLE,1,0,1,False,-1
370,SINGLE,0,0,1,False,-1
371,SINGLE,0,0,1,False,-1
373,DOUBLE,1,0,1,False,-1
374,DOUBLE,1,0,1,False,-1
375,SINGLE,0,0,1,False,-1
376,SINGLE,0,0,1,False,-1
377,SINGLE,0,0,1,False,-1
378,DOUBLE,1,0,1,False,-1
379,DOUBLE,1,0,1,False,-1
380,SINGLE,0,0,1,False,-1
381,SINGLE,0,0,1,False,-1
383,SINGLE,0,0,1,False,-1
384,DOUBLE,1,0,1,False,-1
386,DOUBLE,1,0,1,False,-1
387,SINGLE,0,0,1,False,-1
388,DOUBLE,1,0,1,False,-1
389,DOUBLE,1,0,1,False,-1
390,TRIPLE,1,1,1,False,-1
391,DOUBLE,1,0,1,False,-1
392,DOUBLE,1,0,1,False,-1
393,SINGLE,0,0,1,False,-1
395,DOUBLE,1,0,1,False,-1
396,DOUBLE,1,0,1,False,-1
397,DOUBLE,1,0,1,False,-1
398,SINGLE,0,0,1,False,-1
399,SINGLE,0,0,1,False,-1
401,SINGLE,0,0,1,False,-1
402,DOUBLE,1,0,1,False,-1
403,SINGLE,0,0,1,False,-1
404,DOUBLE,1,0,1,False,-1
405,DOUBLE,0,1,1,False,-1
406,DOUBLE,1,0,1,False,-1
407,DOUBLE,1,0,1,False,-1
408,DOUBLE,1,0,1,False,-1
409,DOUBLE,1,0,1,False,-1
411,DOUBLE,1,0,1,False,-1
412,SINGLE,0,0,1,False,-1
416,SINGLE,0,0,1,False,-1
417,SINGLE,0,0,1,False,-1
419,SINGLE,0,0,1,False,-1
420,SINGLE,0,0,1,False,-1
421,DOUBLE,1,0,1,False,-1
422,DOUBLE,1,0,1,False,-1
423,SINGLE,0,0,1,False,-1
425,SINGLE,0,0,1,False,-1
426,SINGLE,0,0,1,False,-1
427,SINGLE,0,0,1,False,-1
429,DOUBLE,1,0,1,False,-1
430,DOUBLE,1,0,1,False,-1
431,DOUBLE,1,0,1,False,-1
432,SINGLE,0,0,1,False,-1
433,SINGLE,0,0,1,False,-1
434,DOUBLE,1,0,1,False,-1
435,DOUBLE,1,0,1,False,-1
436,DOUBLE,1,0,1,False,-1
437,SINGLE,0,0,1,False,-1
438,SINGLE,0,0,1,False,-1
439,DOUBLE,1,0,1,False,-1
440,SINGLE,0,0,1,False,-1
441,DOUBLE,1,0,1,False,-1
442,DOUBLE,1,0,1,False,-1
443,SINGLE,0,0,1,False,-1
444,DOUBLE,1,0,1,False,-1
447,SINGLE,0,0,1,False,-1
448,SINGLE,0,0,1,False,-1
449,DOUBLE,1,0,1,False,-1
450,SINGLE,0,0,1,False,-1
451,DOUBLE,1,0,1,False,-1
453,SINGLE,0,0,1,False,-1
454,DOUBLE,1,0,1,False,-1
455,SINGLE,0,0,1,False,-1
456,SINGLE,0,0,1,False,-1
457,DOUBLE,1,0,1,False,-1
458,SINGLE,0,0,1,False,-1
459,SINGLE,0,0,1,False,-1
460,DOUBLE,1,0,1,False,-1
461,SINGLE,0,0,1,False,-1
462,DOUBLE,1,0,1,False,-1
463,DOUBLE,1,0,1,False,-1
464,DOUBLE,1,0,1,False,-1
465,DOUBLE,1,0,1,False,-1
466,SINGLE,0,0,1,False,-1
467,DOUBLE,1,0,1,False,-1
468,DOUBLE,1,0,1,False,-1
469,SINGLE,0,0,1,False,-1
470,DOUBLE,1,0,1,False,-1
471,SINGLE,0,0,1,False,-1
472,DOUBLE,1,0,1,False,-1
473,DOUBLE,1,0,1,False,-1
474,SINGLE,0,0,1,False,-1
475,DOUBLE,1,0,1,False,-1
476,DOUBLE,1,0,1,False,-1
477,DOUBLE,1,0,1,False,-1
478,SINGLE,0,0,1,False,-1
480,DOUBLE,1,0,1,False,-1
481,DOUBLE,1,0,1,False,-1
482,DOUBLE,1,0,1,False,-1
483,SINGLE,0,0,1,False,-1
484,DOUBLE,1,0,1,False,-1
485,SINGLE,0,0,1,False,-1
486,DOUBLE,1,0,1,False,-1
487,SINGLE,0,0,1,False,-1
488,SINGLE,0,0,1,False,-1
489,SINGLE,0,0,1,False,-1
490,DOUBLE,1,0,1,False,-1
491,DOUBLE,1,0,1,False,-1
492,DOUBLE,1,0,1,False,-1
493,DOUBLE,1,0,1,False,-1
494,SINGLE,0,0,1,False,-1
495,DOUBLE,1,0,1,False,-1
496,DOUBLE,1,0,1,False,-1
497,DOUBLE,1,0,1,False,-1
498,SINGLE,0,0,1,False,-1
499,DOUBLE,1,0,1,False,-1
501,SINGLE,0,0,1,False,-1
502,SINGLE,0,0,1,False,-1
503,DOUBLE,1,0,1,False,-1
504,SINGLE,0,0,1,False,-1
505,DOUBLE,1,0,1,False,-1
506,SINGLE,0,0,1,False,-1
507,DOUBLE,1,0,1,False,-1
509,SINGLE,0,0,1,False,-1
510,DOUBLE,1,0,1,False,-1
512,SINGLE,0,0,1,False,-1
513,DOUBLE,1,0,1,False,-1
514,DOUBLE,1,0,1,False,-1
515,DOUBLE,1,0,1,False,-1
516,DOUBLE,1,0,1,False,-1
517,SINGLE,0,0,1,False,-1
518,DOUBLE,1,0,1,False,-1
519,SINGLE,0,0,1,False,-1
520,DOUBLE,1,0,1,False,-1
521,DOUBLE,1,0,1,False,-1
522,DOUBLE,1,0,1,False,-1
523,DOUBLE,1,0,1,False,-1
524,SINGLE,0,0,1,False,-1
525,SINGLE,0,0,1,False,-1
526,DOUBLE,1,0,1,False,-1
527,DOUBLE,1,0,1,False,-1
528,DOUBLE,1,0,1,False,-1
530,DOUBLE,1,0,1,False,-1
531,SINGLE,0,0,1,False,-1
532,DOUBLE,1,0,1,False,-1
533,DOUBLE,1,0,1,False,-1
535,SINGLE,0,0,1,False,-1
536,SINGLE,0,0,1,False,-1
537,DOUBLE,1,0,1,False,-1
539,SINGLE,0,0,1,False,-1
540,DOUBLE,1,0,1,False,-1
542,DOUBLE,1,0,1,False,-1
543,SINGLE,0,0,1,False,-1
544,SINGLE,0,0,1,False,-1
545,SINGLE,0,0,1,False,-1
546,DOUBLE,1,0,1,False,-1
547,DOUBLE,1,0,1,False,-1
549,SINGLE,0,0,1,False,-1
550,SINGLE,0,0,1,False,-1
552,DOUBLE,1,0,1,False,-1
553,DOUBLE,1,0,1,False,-1
555,DOUBLE,1,0,1,False,-1
556,SINGLE,0,0,1,False,-1
557,SINGLE,0,0,1,False,-1
558,SINGLE,0,0,1,False,-1
559,DOUBLE,1,0,1,False,-1
560,SINGLE,0,0,1,False,-1
562,SINGLE,0,0,1,False,-1
563,DOUBLE,1,0,1,False,-1
564,TRIPLE,1,1,1,False,-1
565,SINGLE,0,0,1,False,-1
566,DOUBLE,1,0,1,False,-1
567,SINGLE,0,0,1,False,-1
568,SINGLE,0,0,1,False,-1
569,DOUBLE,1,0,1,False,-1
570,DOUBLE,1,0,1,False,-1
571,DOUBLE,1,0,1,False,-1
572,DOUBLE,1,0,1,False,-1
573,DOUBLE,1,0,1,False,-1
575,SINGLE,0,0,1,False,-1
576,DOUBLE,1,0,1,False,-1
577,DOUBLE,1,0,1,False,-1
578,DOUBLE,1,0,1,False,-1
579,DOUBLE,1,0,1,False,-1
580,DOUBLE,1,0,1,False,-1
581,DOUBLE,1,0,1,False,-1
582,DOUBLE,1,0,1,False,-1
583,SINGLE,0,0,1,False,-1
584,SINGLE,0,0,1,False,-1
585,DOUBLE,1,0,1,False,-1
586,DOUBLE,1,0,1,False,-1
587,SINGLE,0,0,1,False,-1
588,DOUBLE,1,0,1,False,-1
589,DOUBLE,1,0,1,False,-1
590,DOUBLE,1,0,1,False,-1
591,SINGLE,0,0,1,False,-1
592,DOUBLE,1,0,1,False,-1
593,SINGLE,0,0,1,False,-1
594,SINGLE,0,0,1,False,-1
595,SINGLE,0,0,1,False,-1
596,SINGLE,0,0,1,False,-1
597,DOUBLE,1,0,1,False,-1
598,DOUBLE,1,0,1,False,-1
599,SINGLE,0,0,1,False,-1
601,DOUBLE,1,0,1,False,-1
602,SINGLE,0,0,1,False,-1
603,SINGLE,0,0,1,False,-1
604,SINGLE,0,0,1,False,-1
605,SINGLE,0,0,1,False,-1
606,DOUBLE,1,0,1,False,-1
607,DOUBLE,1,0,1,False,-1
608,SINGLE,0,0,1,False,-1
609,DOUBLE,1,0,1,False,-1
610,DOUBLE,1,0,1,False,-1
611,SINGLE,0,0,1,False,-1
613,DOUBLE,1,0,1,False,-1
614,DOUBLE,1,0,1,False,-1
615,DOUBLE,1,0,1,False,-1
617,DOUBLE,1,0,1,False,-1
618,DOUBLE,1,0,1,False,-1
619,SINGLE,0,0,1,False,-1
620,SINGLE,0,0,1,False,-1
621,DOUBLE,1,0,1,False,-1
622,SINGLE,0,0,1,False,-1
623,SINGLE,0,0,1,False,-1
624,SINGLE,0,0,1,False,-1
625,DOUBLE,1,0,1,False,-1
626,DOUBLE,1,0,1,False,-1
627,DOUBLE,1,0,1,False,-1
628,SINGLE,0,0,1,False,-1
629,DOUBLE,1,0,1,False,-1
630,SINGLE,0,0,1,False,-1
631,DOUBLE,1,0,1,False,-1
632,SINGLE,0,0,1,False,-1
634,DOUBLE,1,0,1,False,-1
635,SINGLE,0,0,1,False,-1
636,SINGLE,0,0,1,False,-1
637,DOUBLE,1,0,1,False,-1
638,SINGLE,0,0,1,False,-1
639,DOUBLE,1,0,1,False,-1
640,DOUBLE,1,0,1,False,-1
641,DOUBLE,1,0,1,False,-1
643,DOUBLE,1,0,1,False,-1
644,SINGLE,0,0,1,False,-1
645,SINGLE,0,0,1,False,-1
646,SINGLE,0,0,1,False,-1
648,SINGLE,0,0,1,False,-1
649,DOUBLE,1,0,1,False,-1
650,DOUBLE,1,0,1,False,-1
651,SINGLE,0,0,1,False,-1
652,DOUBLE,1,0,1,False,-1
653,DOUBLE,1,0,1,False,-1
654,DOUBLE,1,0,1,False,-1
655,SINGLE,0,0,1,False,-1
657,SINGLE,0,0,1,False,-1
658,DOUBLE,1,0,1,False,-1
659,SINGLE,0,0,1,False,-1
660,DOUBLE,1,0,1,False,-1
661,DOUBLE,1,0,1,False,-1
662,SINGLE,0,0,1,False,-1
663,SINGLE,0,0,1,False,-1
664,DOUBLE,1,0,1,False,-1
665,DOUBLE,1,0,1,False,-1
666,SINGLE,0,0,1,False,-1
667,SINGLE,0,0,1,False,-1
669,SINGLE,0,0,1,False,-1
670,SINGLE,0,0,1,False,-1
671,DOUBLE,1,0,1,False,-1
672,SINGLE,0,0,1,False,-1
673,DOUBLE,1,0,1,False,-1
674,SINGLE,0,0,1,False,-1
675,SINGLE,0,0,1,False,-1
676,SINGLE,0,0,1,False,-1
677,DOUBLE,1,0,1,False,-1
678,DOUBLE,1,0,1,False,-1
679,SINGLE,0,0,1,False,-1
680,SINGLE,0,0,1,False,-1
681,SINGLE,0,0,1,False,-1
682,SINGLE,0,0,1,False,-1
683,DOUBLE,1,0,1,False,-1
684,SINGLE,0,0,1,False,-1
685,DOUBLE,1,0,1,False,-1
686,DOUBLE,1,0,1,False,-1
687,DOUBLE,1,0,1,False,-1
688,DOUBLE,1,0,1,False,-1
689,DOUBLE,1,0,1,False,-1
690,SINGLE,0,0,1,False,-1
691,DOUBLE,1,0,1,False,-1
692,SINGLE,0,0,1,False,-1
693,DOUBLE,1,0,1,False,-1
694,DOUBLE,1,0,1,False,-1
695,DOUBLE,1,0,1,False,-1
696,SINGLE,0,0,1,False,-1
697,SINGLE,0,0,1,False,-1
698,DOUBLE,1,0,1,False,-1
699,DOUBLE,1,0,1,False,-1
700,SINGLE,0,0,1,False,-1
701,SINGLE,0,0,1,False,-1
702,SINGLE,0,0,1,False,-1
703,DOUBLE,1,0,1,False,-1
705,SINGLE,0,0,1,False,-1
706,SINGLE,0,0,1,False,-1
708,DOUBLE,1,0,1,False,-1
709,DOUBLE,1,0,1,False,-1
710,SINGLE,0,0,1,False,-1
711,SINGLE,0,0,1,False,-1
712,DOUBLE,1,0,1,False,-1
713,SINGLE,0,0,1,False,-1
714,SINGLE,0,0,1,False,-1
715,DOUBLE,1,0,1,False,-1
716,DOUBLE,1,0,1,False,-1
717,DOUBLE,1,0,1,False,-1
718,DOUBLE,1,0,1,False,-1
719,DOUBLE,1,0,1,False,-1
720,DOUBLE,1,0,1,False,-1
722,SINGLE,0,0,1,False,-1
723,SINGLE,0,0,1,False,-1
724,DOUBLE,1,0,1,False,-1
725,DOUBLE,1,0,1,False,-1
726,SINGLE,0,0,1,False,-1
728,DOUBLE,1,0,1,False,-1
730,TRIPLE,1,1,1,False,-1
732,SINGLE,0,0,1,False,-1
733,SINGLE,0,0,1,False,-1
734,SINGLE,0,0,1,False,-1
735,DOUBLE,1,0,1,False,-1
736,DOUBLE,1,0,1,False,-1
737,DOUBLE,1,0,1,False,-1
738,DOUBLE,1,0,1,False,-1
739,SINGLE,0,0,1,False,-1
740,DOUBLE,1,0,1,False,-1
741,SINGLE,0,0,1,False,-1
742,SINGLE,0,0,1,False,-1
743,SINGLE,0,0,1,False,-1
744,DOUBLE,1,0,1,False,-1
745,DOUBLE,1,0,1,False,-1
746,DOUBLE,1,0,1,False,-1
748,DOUBLE,1,0,1,False,-1
749,DOUBLE,1,0,1,False,-1
750,SINGLE,0,0,1,False,-1
751,DOUBLE,1,0,1,False,-1
752,SINGLE,0,0,1,False,-1
753,DOUBLE,1,0,1,False,-1
754,DOUBLE,1,0,1,False,-1
755,SINGLE,0,0,1,False,-1
756,SINGLE,0,0,1,False,-1
758,DOUBLE,1,0,1,False,-1
759,SINGLE,0,0,1,False,-1
760,DOUBLE,1,0,1,False,-1
761,DOUBLE,1,0,1,False,-1
762,DOUBLE,1,0,1,False,-1
763,DOUBLE,1,0,1,False,-1
764,SINGLE,0,0,1,False,-1
765,TRIPLE,1,1,1,False,-1
767,DOUBLE,1,0,1,False,-1
768,SINGLE,0,0,1,False,-1
769,DOUBLE,1,0,1,False,-1
770,SINGLE,0,0,1,False,-1
771,DOUBLE,1,0,1,False,-1
772,SINGLE,0,0,1,False,-1
773,DOUBLE,1,0,1,False,-1
774,DOUBLE,1,0,1,False,-1
775,DOUBLE,1,0,1,False,-1
776,SINGLE,0,0,1,False,-1
777,SINGLE,0,0,1,False,-1
778,DOUBLE,1,0,1,False,-1
779,DOUBLE,1,0,1,False,-1
780,SINGLE,0,0,1,False,-1
781,DOUBLE,1,0,1,False,-1
782,DOUBLE,1,0,1,False,-1
783,DOUBLE,1,0,1,False,-1
785,DOUBLE,1,0,1,False,-1
786,DOUBLE,1,0,1,False,-1
787,DOUBLE,1,0,1,False,-1
788,SINGLE,0,0,1,False,-1
789,DOUBLE,1,0,1,False,-1
790,DOUBLE,1,0,1,False,-1
791,SINGLE,0,0,1,False,-1
792,SINGLE,0,0,1,False,-1
793,SINGLE,0,0,1,False,-1
794,DOUBLE,1,0,1,False,-1
795,SINGLE,0,0,1,False,-1
796,DOUBLE,1,0,1,False,-1
797,DOUBLE,1,0,1,False,-1
798,DOUBLE,1,0,1,False,-1
799,SINGLE,0,0,1,False,-1
800,DOUBLE,1,0,1,False,-1
801,DOUBLE,1,0,1,False,-1
802,DOUBLE,1,0,1,False,-1
803,SINGLE,0,0,1,False,-1
804,SINGLE,0,0,1,False,-1
805,SINGLE,0,0,1,False,-1
806,DOUBLE,1,0,1,False,-1
807,DOUBLE,1,0,1,False,-1
808,DOUBLE,1,0,1,False,-1
809,DOUBLE,1,0,1,False,-1
810,DOUBLE,1,0,1,False,-1
811,DOUBLE,1,0,1,False,-1
812,DOUBLE,1,0,1,False,-1
814,DOUBLE,1,0,1,False,-1
815,DOUBLE,1,0,1,False,-1
816,SINGLE,0,0,1,False,-1
817,DOUBLE,1,0,1,False,-1
818,DOUBLE,1,0,1,False,-1
819,DOUBLE,1,0,1,False,-1
820,DOUBLE,1,0,1,False,-1
821,SINGLE,0,0,1,False,-1
822,SINGLE,0,0,1,False,-1
823,DOUBLE,1,0,1,False,-1
824,SINGLE,0,0,1,False,-1
825,SINGLE,0,0,1,False,-1
826,SINGLE,0,0,1,False,-1
827,DOUBLE,1,0,1,False,-1
828,DOUBLE,1,0,1,False,-1
829,SINGLE,0,0,1,False,-1
831,SINGLE,0,0,1,False,-1
832,DOUBLE,1,0,1,False,-1
833,SINGLE,0,0,1,False,-1
834,DOUBLE,1,0,1,False,-1
835,SINGLE,0,0,1,False,-1
836,DOUBLE,1,0,1,False,-1
837,DOUBLE,1,0,1,False,-1
838,SINGLE,0,0,1,False,-1
840,DOUBLE,0,1,1,False,-1
841,SINGLE,0,0,1,False,-1
842,DOUBLE,1,0,1,False,-1
843,SINGLE,0,0,1,False,-1
844,DOUBLE,1,0,1,False,-1
845,SINGLE,0,0,1,False,-1
846,DOUBLE,1,0,1,False,-1
847,DOUBLE,1,0,1,False,-1
848,DOUBLE,1,0,1,False,-1
849,DOUBLE,0,1,1,False,-1
851,SINGLE,0,0,1,False,-1
853,DOUBLE,1,0,1,False,-1
854,SINGLE,0,0,1,False,-1
855,TRIPLE,1,1,1,False,-1
856,SINGLE,0,0,1,False,-1
857,SINGLE,0,0,1,False,-1
858,DOUBLE,1,0,1,False,-1
859,DOUBLE,1,0,1,False,-1
860,SINGLE,0,0,1,False,-1
861,SINGLE,0,1,0,False,-1
862,SINGLE,0,0,1,False,-1
863,SINGLE,0,0,1,False,-1
865,DOUBLE,1,0,1,False,-1
866,SINGLE,0,0,1,False,-1
867,DOUBLE,1,0,1,False,-1
868,DOUBLE,1,0,1,False,-1
869,SINGLE,0,0,1,False,-1
870,DOUBLE,1,0,1,False,-1
871,SINGLE,0,0,1,False,-1
872,SINGLE,0,0,1,False,-1
873,SINGLE,0,0,1,False,-1
874,SINGLE,0,0,1,False,-1
875,DOUBLE,1,0,1,False,-1
876,DOUBLE,1,0,1,False,-1
877,DOUBLE,1,0,1,False,-1
878,SINGLE,0,0,1,False,-1
879,DOUBLE,1,0,1,False,-1
880,SINGLE,0,0,1,False,-1
881,DOUBLE,1,0,1,False,-1
882,SINGLE,0,0,1,False,-1
883,SINGLE,0,0,1,False,-1
884,DOUBLE,1,0,1,False,-1
885,SINGLE,0,0,1,False,-1
886,DOUBLE,1,0,1,False,-1
887,DOUBLE,1,0,1,False,-1
888,SINGLE,0,0,1,False,-1
889,DOUBLE,1,0,1,False,-1
890,DOUBLE,1,0,1,False,-1
891,SINGLE,0,0,1,False,-1
892,DOUBLE,1,0,1,False,-1
893,SINGLE,0,0,1,False,-1
894,DOUBLE,1,0,1,False,-1
895,DOUBLE,0,1,1,False,-1
896,DOUBLE,1,0,1,False,-1
898,SINGLE,0,0,1,False,-1
899,SINGLE,0,0,1,False,-1
900,SINGLE,0,0,1,False,-1
901,SINGLE,0,0,1,False,-1
902,SINGLE,0,0,1,False,-1
903,DOUBLE,1,0,1,False,-1
904,DOUBLE,1,0,1,False,-1
905,SINGLE,0,1,0,False,-1
906,DOUBLE,1,0,1,False,-1
907,SINGLE,0,0,1,False,-1
908,DOUBLE,1,0,1,False,-1
910,SINGLE,0,0,1,False,-1
911,DOUBLE,1,0,1,False,-1
912,SINGLE,0,0,1,False,-1
913,DOUBLE,1,0,1,False,-1
914,SINGLE,0,0,1,False,-1
915,DOUBLE,1,0,1,False,-1
916,SINGLE,0,0,1,False,-1
917,DOUBLE,1,0,1,False,-1
918,DOUBLE,1,0,1,False,-1
919,DOUBLE,1,0,1,False,-1
920,DOUBLE,1,0,1,False,-1
921,SINGLE,0,0,1,False,-1
922,SINGLE,0,0,1,False,-1
923,SINGLE,0,0,1,False,-1
924,DOUBLE,1,0,1,False,-1
925,SINGLE,0,0,1,False,-1
926,DOUBLE,1,0,1,False,-1
928,DOUBLE,1,0,1,False,-1
929,DOUBLE,1,0,1,False,-1
930,SINGLE,0,0,1,False,-1
932,DOUBLE,1,0,1,False,-1
933,DOUBLE,1,0,1,False,-1
934,DOUBLE,1,0,1,False,-1
935,SINGLE,0,0,1,False,-1
936,SINGLE,0,0,1,False,-1
937,DOUBLE,1,0,1,False,-1
938,SINGLE,0,0,1,False,-1
939,SINGLE,0,0,1,False,-1
940,DOUBLE,1,0,1,False,-1
941,DOUBLE,1,0,1,False,-1
942,SINGLE,0,0,1,False,-1
943,DOUBLE,1,0,1,False,-1
944,DOUBLE,1,0,1,False,-1
945,SINGLE,0,0,1,False,-1
946,SINGLE,0,0,1,False,-1
947,DOUBLE,1,0,1,False,-1
948,DOUBLE,1,0,1,False,-1
949,DOUBLE,1,0,1,False,-1
950,DOUBLE,1,0,1,False,-1
951,DOUBLE,1,0,1,False,-1
952,SINGLE,0,0,1,False,-1
953,SINGLE,0,0,1,False,-1
954,DOUBLE,1,0,1,False,-1
956,DOUBLE,1,0,1,False,-1
957,SINGLE,0,0,1,False,-1
958,SINGLE,0,0,1,False,-1
959,DOUBLE,1,0,1,False,-1
960,SINGLE,0,0,1,False,-1
961,DOUBLE,1,0,1,False,-1
962,SINGLE,0,0,1,False,-1
963,DOUBLE,1,0,1,False,-1
964,SINGLE,0,0,1,False,-1
965,DOUBLE,1,0,1,False,-1
966,SINGLE,0,0,1,False,-1
967,DOUBLE,1,0,1,False,-1
968,DOUBLE,1,0,1,False,-1
969,DOUBLE,1,0,1,False,-1
970,SINGLE,0,0,1,False,-1
971,DOUBLE,1,0,1,False,-1
972,DOUBLE,1,0,1,False,-1
973,SINGLE,0,0,1,False,-1
974,DOUBLE,1,0,1,False,-1
975,DOUBLE,1,0,1,False,-1
976,SINGLE,0,0,1,False,-1
977,SINGLE,0,0,1,False,-1
978,SINGLE,0,0,1,False,-1
979,DOUBLE,1,0,1,False,-1
980,DOUBLE,1,0,1,False,-1
981,DOUBLE,1,0,1,False,-1
982,DOUBLE,1,0,1,False,-1
983,DOUBLE,1,0,1,False,-1
984,DOUBLE,1,0,1,False,-1
985,DOUBLE,1,0,1,False,-1
986,DOUBLE,1,0,1,False,-1
988,SINGLE,0,0,1,False,-1
989,DOUBLE,1,0,1,False,-1
990,SINGLE,0,0,1,False,-1
992,DOUBLE,1,0,1,False,-1
995,DOUBLE,1,0,1,False,-1
996,DOUBLE,1,0,1,False,-1
998,DOUBLE,1,0,1,False,-1
999,DOUBLE,1,0,1,False,-1
1000,SINGLE,0,0,1,False,-1
1001,DOUBLE,1,0,1,False,-1
1002,DOUBLE,1,0,1,False,-1
1003,SINGLE,0,0,1,False,-1
1004,DOUBLE,1,0,1,False,-1
1005,SINGLE,0,0,1,False,-1
1006,DOUBLE,1,0,1,False,-1
1008,DOUBLE,1,0,1,False,-1
1009,DOUBLE,1,0,1,False,-1
1010,SINGLE,0,0,1,False,-1
1011,SINGLE,0,0,1,False,-1
1012,DOUBLE,1,0,1,False,-1
1013,DOUBLE,1,0,1,False,-1
1014,DOUBLE,1,0,1,False,-1
1015,SINGLE,0,0,1,False,-1
1016,SINGLE,0,0,1,False,-1
1017,DOUBLE,1,0,1,False,-1
1018,DOUBLE,1,0,1,False,-1
1019,DOUBLE,1,0,1,False,-1
1020,SINGLE,0,0,1,False,-1
1021,SINGLE,0,0,1,False,-1
1022,DOUBLE,0,1,1,False,-1
1023,SINGLE,0,0,1,False,-1
1024,DOUBLE,1,0,1,False,-1
1025,DOUBLE,1,0,1,False,-1
1026,DOUBLE,1,0,1,False,-1
1027,DOUBLE,1,0,1,False,-1
1028,SINGLE,0,0,1,False,-1
1029,DOUBLE,1,0,1,False,-1
1030,DOUBLE,1,0,1,False,-1
1031,SINGLE,0,0,1,False,-1
1032,DOUBLE,1,0,1,False,-1
1033,DOUBLE,1,0,1,False,-1
1034,SINGLE,0,0,1,False,-1
1035,DOUBLE,1,0,1,False,-1
1036,SINGLE,0,0,1,False,-1
1037,DOUBLE,1,0,1,False,-1
1038,DOUBLE,1,0,1,False,-1
1040,SINGLE,0,0,1,False,-1
1041,DOUBLE,1,0,1,False,-1
1042,DOUBLE,1,0,1,False,-1
1043,DOUBLE,1,0,1,False,-1
1045,SINGLE,0,0,1,False,-1
1046,DOUBLE,1,0,1,False,-1
1047,SINGLE,0,0,1,False,-1
1048,DOUBLE,1,0,1,False,-1
1049,DOUBLE,1,0,1,False,-1
1050,DOUBLE,1,0,1,False,-1
1051,SINGLE,0,0,1,False,-1
1052,DOUBLE,1,0,1,False,-1
1053,DOUBLE,1,0,1,False,-1
1054,SINGLE,0,0,1,False,-1
1055,SINGLE,0,0,1,False,-1
1056,DOUBLE,1,0,1,False,-1
1057,SINGLE,0,0,1,False,-1
1058,DOUBLE,1,0,1,False,-1
1059,SINGLE,0,0,1,False,-1
1060,SINGLE,0,0,1,False,-1
1061,DOUBLE,1,0,1,False,-1
1062,SINGLE,0,0,1,False,-1
1063,DOUBLE,1,0,1,False,-1
1064,DOUBLE,1,0,1,False,-1
1065,DOUBLE,1,0,1,False,-1
1066,SINGLE,0,0,1,False,-1
1067,DOUBLE,1,0,1,False,-1
1069,DOUBLE,1,0,1,False,-1
1070,DOUBLE,1,0,1,False,-1
1071,DOUBLE,1,0,1,False,-1
1072,DOUBLE,1,0,1,False,-1
1074,DOUBLE,1,0,1,False,-1
1076,DOUBLE,1,0,1,False,-1
1078,DOUBLE,1,0,1,False,-1
1079,SINGLE,0,0,1,False,-1
1080,DOUBLE,1,0,1,False,-1
1081,DOUBLE,1,0,1,False,-1
1083,SINGLE,0,0,1,False,-1
1084,DOUBLE,1,0,1,False,-1
1085,DOUBLE,1,0,1,False,-1
1086,DOUBLE,1,0,1,False,-1
1087,DOUBLE,1,0,1,False,-1
1088,SINGLE,0,0,1,False,-1
1089,DOUBLE,1,0,1,False,-1
1090,SINGLE,0,0,1,False,-1
1091,DOUBLE,1,0,1,False,-1
1092,SINGLE,0,0,1,False,-1
1093,SINGLE,0,0,1,False,-1
1094,SINGLE,0,0,1,False,-1
1096,DOUBLE,1,0,1,False,-1
1098,SINGLE,0,0,1,False,-1
1099,SINGLE,0,0,1,False,-1
1100,DOUBLE,1,0,1,False,-1
1102,SINGLE,0,0,1,False,-1
1103,SINGLE,0,0,1,False,-1
1104,SINGLE,0,0,1,False,-1
1105,DOUBLE,1,0,1,False,-1
1106,SINGLE,0,0,1,False,-1
1107,SINGLE,0,0,1,False,-1
1108,SINGLE,0,0,1,False,-1
1110,DOUBLE,1,0,1,False,-1
1111,DOUBLE,1,0,1,False,-1
1112,SINGLE,0,0,1,False,-1
1113,SINGLE,0,0,1,False,-1
1114,SINGLE,0,0,1,False,-1
1115,DOUBLE,1,0,1,False,-1
1116,DOUBLE,1,0,1,False,-1
1117,DOUBLE,1,0,1,False,-1
1118,SINGLE,0,0,1,False,-1
1119,DOUBLE,1,0,1,False,-1
1120,DOUBLE,1,0,1,False,-1
1121,SINGLE,0,0,1,False,-1
1122,DOUBLE,1,0,1,False,-1
1123,SINGLE,0,0,1,False,-1
1124,SINGLE,0,0,1,False,-1
1125,SINGLE,0,0,1,False,-1
1126,SINGLE,0,0,1,False,-1
1127,SINGLE,0,0,1,False,-1
1128,DOUBLE,1,0,1,False,-1
1129,SINGLE,0,0,1,False,-1
1130,DOUBLE,1,0,1,False,-1
1131,DOUBLE,1,0,1,False,-1
1133,DOUBLE,1,0,1,False,-1
1134,DOUBLE,1,0,1,False,-1
1136,SINGLE,0,0,1,False,-1
1137,DOUBLE,1,0,1,False,-1
1138,DOUBLE,1,0,1,False,-1
1139,SINGLE,0,0,1,False,-1
1140,DOUBLE,1,0,1,False,-1
1141,SINGLE,0,0,1,False,-1
1142,DOUBLE,1,0,1,False,-1
1143,DOUBLE,1,0,1,False,-1
1144,SINGLE,0,0,1,False,-1
1145,SINGLE,0,0,1,False,-1
1146,DOUBLE,1,0,1,False,-1
1147,DOUBLE,1,0,1,False,-1
1148,SINGLE,0,0,1,False,-1
1149,DOUBLE,1,0,1,False,-1
1150,DOUBLE,1,0,1,False,-1
1151,SINGLE,0,0,1,False,-1
1153,DOUBLE,1,0,1,False,-1
1154,DOUBLE,1,0,1,False,-1
1155,DOUBLE,1,0,1,False,-1
1156,DOUBLE,1,0,1,False,-1
1157,SINGLE,0,0,1,False,-1
1158,SINGLE,0,0,1,False,-1
1159,DOUBLE,1,0,1,False,-1
1160,DOUBLE,1,0,1,False,-1
1161,DOUBLE,1,0,1,False,-1
1162,DOUBLE,1,0,1,False,-1
1163,SINGLE,0,0,1,False,-1
1165,DOUBLE,1,0,1,False,-1
1166,DOUBLE,1,0,1,False,-1
1167,DOUBLE,1,0,1,False,-1
1169,DOUBLE,1,0,1,False,-1
1170,SINGLE,0,0,1,False,-1
1171,SINGLE,0,0,1,False,-1
1172,DOUBLE,1,0,1,False,-1
1174,SINGLE,0,0,1,False,-1
1175,DOUBLE,1,0,1,False,-1
1176,DOUBLE,1,0,1,False,-1
1177,DOUBLE,1,0,1,False,-1
1178,DOUBLE,1,0,1,False,-1
1179,SINGLE,0,0,1,False,-1
1180,DOUBLE,1,0,1,False,-1
1181,SINGLE,0,0,1,False,-1
1182,DOUBLE,1,0,1,False,-1
1183,SINGLE,0,0,1,False,-1
1184,DOUBLE,1,0,1,False,-1
1185,DOUBLE,1,0,1,False,-1
1186,DOUBLE,1,0,1,False,-1
1187,DOUBLE,1,0,1,False,-1
1189,SINGLE,0,0,1,False,-1
1190,DOUBLE,1,0,1,False,-1
1191,SINGLE,0,0,1,False,-1
1192,DOUBLE,1,0,1,False,-1
1193,SINGLE,0,0,1,False,-1
1194,SINGLE,0,0,1,False,-1
1195,DOUBLE,1,0,1,False,-1
1196,DOUBLE,1,0,1,False,-1
1197,SINGLE,0,0,1,False,-1
1198,DOUBLE,1,0,1,False,-1
1199,DOUBLE,1,0,1,False,-1
1200,DOUBLE,1,0,1,False,-1
1201,SINGLE,0,0,1,False,-1
1202,DOUBLE,1,0,1,False,-1
1203,DOUBLE,1,0,1,False,-1
1205,DOUBLE,1,0,1,False,-1
1206,DOUBLE,1,0,1,False,-1
1208,SINGLE,0,0,1,False,-1
1209,DOUBLE,1,0,1,False,-1
1210,DOUBLE,1,0,1,False,-1
1211,SINGLE,0,0,1,False,-1
1213,SINGLE,0,0,1,False,-1
1214,DOUBLE,1,0,1,False,-1
1215,DOUBLE,1,0,1,False,-1
1216,SINGLE,0,0,1,False,-1
1217,SINGLE,0,0,1,False,-1
1218,SINGLE,0,0,1,False,-1
1220,SINGLE,0,0,1,False,-1
1221,SINGLE,0,0,1,False,-1
1222,DOUBLE,1,0,1,False,-1
1223,DOUBLE,1,0,1,False,-1
1224,SINGLE,0,0,1,False,-1
1225,DOUBLE,1,0,1,False,-1
1226,SINGLE,0,0,1,False,-1
1227,SINGLE,0,0,1,False,-1
1228,SINGLE,0,0,1,False,-1
1229,SINGLE,0,0,1,False,-1
1230,DOUBLE,1,0,1,False,-1
1231,DOUBLE,1,0,1,False,-1
1232,DOUBLE,1,0,1,False,-1
1233,SINGLE,0,0,1,False,-1
1234,SINGLE,0,0,1,False,-1
1235,DOUBLE,1,0,1,False,-1
1236,SINGLE,0,0,1,False,-1
1237,DOUBLE,1,0,1,False,-1
1239,SINGLE,0,0,1,False,-1
1240,SINGLE,0,0,1,False,-1
1241,DOUBLE,1,0,1,False,-1
1242,SINGLE,0,0,1,False,-1
1243,SINGLE,0,0,1,False,-1
1244,SINGLE,0,0,1,False,-1
1245,DOUBLE,1,0,1,False,-1
1246,SINGLE,0,0,1,False,-1
1247,SINGLE,0,0,1,False,-1
1249,DOUBLE,1,0,1,False,-1
1250,DOUBLE,1,0,1,False,-1
1251,SINGLE,0,0,1,False,-1
1252,DOUBLE,1,0,1,False,-1
1253,DOUBLE,1,0,1,False,-1
1254,SINGLE,0,0,1,False,-1
1255,DOUBLE,1,0,1,False,-1
1256,DOUBLE,1,0,1,False,-1
1257,DOUBLE,1,0,1,False,-1
1258,SINGLE,0,0,1,False,-1
1259,DOUBLE,1,0,1,False,-1
1260,SINGLE,0,0,1,False,-1
1261,SINGLE,0,0,1,False,-1
1262,SINGLE,0,0,1,False,-1
1263,SINGLE,0,0,1,False,-1
1264,SINGLE,0,0,1,False,-1
1265,SINGLE,0,0,1,False,-1
1266,SINGLE,0,0,1,False,-1
1267,DOUBLE,1,0,1,False,-1
1269,DOUBLE,1,0,1,False,-1
1270,SINGLE,0,0,1,False,-1
1271,DOUBLE,1,0,1,False,-1
1272,SINGLE,0,0,1,False,-1
1273,DOUBLE,1,0,1,False,-1
1274,SINGLE,0,0,1,False,-1
1275,DOUBLE,1,0,1,False,-1
1276,DOUBLE,1,0,1,False,-1
1277,DOUBLE,1,0,1,False,-1
1278,DOUBLE,1,0,1,False,-1
1279,DOUBLE,0,1,1,False,-1
1280,DOUBLE,1,0,1,False,-1
1281,SINGLE,0,0,1,False,-1
1282,SINGLE,0,0,1,False,-1
1283,SINGLE,0,0,1,False,-1
1284,SINGLE,0,0,1,False,-1
1285,DOUBLE,1,0,1,False,-1
1286,SINGLE,0,0,1,False,-1
1287,DOUBLE,1,0,1,False,-1
1288,DOUBLE,1,0,1,False,-1
1289,DOUBLE,1,0,1,False,-1
1290,SINGLE,0,0,1,False,-1
1291,SINGLE,0,0,1,False,-1
1292,SINGLE,0,0,1,False,-1
1293,DOUBLE,1,0,1,False,-1
1294,DOUBLE,1,0,1,False,-1
1295,SINGLE,0,0,1,False,-1
1296,SINGLE,0,0,1,False,-1
1297,DOUBLE,1,0,1,False,-1
1298,DOUBLE,1,0,1,False,-1
1299,DOUBLE,1,0,1,False,-1
1300,DOUBLE,1,0,1,False,-1
1301,DOUBLE,1,0,1,False,-1
1302,DOUBLE,1,0,1,False,-1
1303,DOUBLE,1,0,1,False,-1
1304,SINGLE,0,0,1,False,-1
1306,SINGLE,0,0,1,False,-1
1307,DOUBLE,1,0,1,False,-1
1308,SINGLE,0,0,1,False,-1
1309,SINGLE,0,0,1,False,-1
1310,DOUBLE,1,0,1,False,-1
1311,DOUBLE,1,0,1,False,-1
1312,DOUBLE,1,0,1,False,-1
1313,SINGLE,0,0,1,False,-1
1314,SINGLE,0,0,1,False,-1
1315,SINGLE,0,0,1,False,-1
1316,DOUBLE,1,0,1,False,-1
1317,DOUBLE,1,0,1,False,-1
1318,DOUBLE,1,0,1,False,-1
1319,SINGLE,0,0,1,False,-1
1320,SINGLE,0,0,1,False,-1
1321,SINGLE,0,0,1,False,-1
1322,SINGLE,0,0,1,False,-1
1323,DOUBLE,1,0,1,False,-1
1325,DOUBLE,1,0,1,False,-1
1326,SINGLE,0,0,1,False,-1
1328,DOUBLE,1,0,1,False,-1
1329,DOUBLE,1,0,1,False,-1
1330,SINGLE,0,0,1,False,-1
1331,SINGLE,0,0,1,False,-1
1332,DOUBLE,1,0,1,False,-1
1333,DOUBLE,1,0,1,False,-1
1334,DOUBLE,1,0,1,False,-1
1335,DOUBLE,1,0,1,False,-1
1336,DOUBLE,1,0,1,False,-1
1337,DOUBLE,1,0,1,False,-1
1338,DOUBLE,1,0,1,False,-1
1339,SINGLE,0,0,1,False,-1
1340,DOUBLE,1,0,1,False,-1
1341,SINGLE,0,0,1,False,-1
1342,DOUBLE,1,0,1,False,-1
1343,DOUBLE,1,0,1,False,-1
1344,SINGLE,0,0,1,False,-1
1345,SINGLE,0,0,1,False,-1
1346,SINGLE,0,0,1,False,-1
1347,DOUBLE,1,0,1,False,-1
1348,DOUBLE,1,0,1,False,-1
1349,SINGLE,0,0,1,False,-1
1350,DOUBLE,1,0,1,False,-1
1352,DOUBLE,1,0,1,False,-1
1353,DOUBLE,1,0,1,False,-1
1354,DOUBLE,1,0,1,False,-1
1355,DOUBLE,1,0,1,False,-1
1356,SINGLE,0,0,1,False,-1
1357,DOUBLE,1,0,1,False,-1
1358,SINGLE,0,0,1,False,-1
1359,DOUBLE,1,0,1,False,-1
1360,SINGLE,0,0,1,False,-1
1361,DOUBLE,1,0,1,False,-1
1364,SINGLE,0,0,1,False,-1
1365,DOUBLE,1,0,1,False,-1
1367,DOUBLE,1,0,1,False,-1
1368,DOUBLE,1,0,1,False,-1
1369,DOUBLE,1,0,1,False,-1
1371,DOUBLE,1,0,1,False,-1
1372,DOUBLE,1,0,1,False,-1
1375,SINGLE,0,0,1,False,-1
1376,SINGLE,0,0,1,False,-1
1377,SINGLE,0,0,1,False,-1
1378,DOUBLE,1,0,1,False,-1
1379,DOUBLE,1,0,1,False,-1
1380,DOUBLE,1,0,1,False,-1
1381,DOUBLE,1,0,1,False,-1
1382,DOUBLE,1,0,1,False,-1
1383,DOUBLE,1,0,1,False,-1
1385,SINGLE,0,0,1,False,-1
1386,DOUBLE,1,0,1,False,-1
1387,DOUBLE,1,0,1,False,-1
1388,SINGLE,0,0,1,False,-1
1389,DOUBLE,1,0,1,False,-1
1390,DOUBLE,1,0,1,False,-1
1391,DOUBLE,1,0,1,False,-1
1392,SINGLE,0,0,1,False,-1
1393,SINGLE,0,0,1,False,-1
1394,DOUBLE,1,0,1,False,-1
1395,DOUBLE,1,0,1,False,-1
1396,SINGLE,0,0,1,False,-1
1397,DOUBLE,1,0,1,False,-1
1398,SINGLE,0,0,1,False,-1
1399,DOUBLE,1,0,1,False,-1
1400,SINGLE,0,0,1,False,-1
1401,DOUBLE,1,0,1,False,-1
1402,SINGLE,0,0,1,False,-1
1403,DOUBLE,1,0,1,False,-1
1404,DOUBLE,1,0,1,False,-1
1405,DOUBLE,1,0,1,False,-1
1406,SINGLE,0,0,1,False,-1
1407,DOUBLE,1,0,1,False,-1
1408,DOUBLE,1,0,1,False,-1
1409,SINGLE,0,0,1,False,-1
1410,SINGLE,0,0,1,False,-1
1411,DOUBLE,1,0,1,False,-1
1412,DOUBLE,1,0,1,False,-1
1413,DOUBLE,1,0,1,False,-1
1414,SINGLE,0,0,1,False,-1
1415,DOUBLE,1,0,1,False,-1
1416,DOUBLE,1,0,1,False,-1
1417,SINGLE,0,0,1,False,-1
1418,DOUBLE,1,0,1,False,-1
1419,SINGLE,0,0,1,False,-1
1420,SINGLE,0,0,1,False,-1
1422,DOUBLE,1,0,1,False,-1
1423,DOUBLE,1,0,1,False,-1
1424,DOUBLE,1,0,1,False,-1
1425,SINGLE,0,0,1,False,-1
1426,SINGLE,0,0,1,False,-1
1427,SINGLE,0,0,1,False,-1
1428,DOUBLE,1,0,1,False,-1
1429,DOUBLE,1,0,1,False,-1
1430,DOUBLE,1,0,1,False,-1
1431,DOUBLE,1,0,1,False,-1
1432,DOUBLE,1,0,1,False,-1
1433,SINGLE,0,0,1,False,-1
1434,DOUBLE,1,0,1,False,-1
1435,DOUBLE,1,0,1,False,-1
1436,DOUBLE,1,0,1,False,-1
1437,DOUBLE,1,0,1,False,-1
1438,DOUBLE,1,0,1,False,-1
1439,DOUBLE,1,0,1,False,-1
1440,DOUBLE,1,0,1,False,-1
1441,DOUBLE,1,0,1,False,-1
1442,SINGLE,0,0,1,False,-1
1443,DOUBLE,1,0,1,False,-1
1444,DOUBLE,1,0,1,False,-1
1445,DOUBLE,1,0,1,False,-1
1446,SINGLE,0,0,1,False,-1
1447,DOUBLE,1,0,1,False,-1
1448,SINGLE,0,0,1,False,-1
1449,SINGLE,0,0,1,False,-1
1450,SINGLE,0,0,1,False,-1
1452,DOUBLE,1,0,1,False,-1
1453,SINGLE,0,0,1,False,-1
1454,DOUBLE,1,0,1,False,-1
1455,SINGLE,0,0,1,False,-1
1456,SINGLE,0,0,1,False,-1
1457,DOUBLE,1,0,1,False,-1
1458,DOUBLE,1,0,1,False,-1
1459,SINGLE,0,0,1,False,-1
1460,DOUBLE,1,0,1,False,-1
1461,DOUBLE,1,0,1,False,-1
1462,DOUBLE,1,0,1,False,-1
1463,DOUBLE,1,0,1,False,-1
1464,DOUBLE,1,0,1,False,-1
1466,SINGLE,0,0,1,False,-1
1467,DOUBLE,1,0,1,False,-1
1468,SINGLE,0,0,1,False,-1
1469,SINGLE,0,0,1,False,-1
1471,DOUBLE,1,0,1,False,-1
1472,DOUBLE,1,0,1,False,-1
1473,SINGLE,0,0,1,False,-1
1474,SINGLE,0,0,1,False,-1
1475,SINGLE,0,0,1,False,-1
1476,DOUBLE,1,0,1,False,-1
1477,DOUBLE,1,0,1,False,-1
1478,DOUBLE,1,0,1,False,-1
1479,DOUBLE,1,0,1,False,-1
1480,SINGLE,0,0,1,False,-1
1482,SINGLE,0,0,1,False,-1
1484,DOUBLE,1,0,1,False,-1
1485,SINGLE,0,0,1,False,-1
1486,SINGLE,0,0,1,False,-1
1487,DOUBLE,1,0,1,False,-1
1488,DOUBLE,1,0,1,False,-1
1489,DOUBLE,1,0,1,False,-1
1490,SINGLE,0,0,1,False,-1
1491,DOUBLE,1,0,1,False,-1
1492,DOUBLE,1,0,1,False,-1
1493,DOUBLE,1,0,1,False,-1
1494,DOUBLE,1,0,1,False,-1
1495,SINGLE,0,0,1,False,-1
1496,SINGLE,0,0,1,False,-1
1497,SINGLE,0,0,1,False,-1
1498,DOUBLE,1,0,1,False,-1
1499,DOUBLE,1,0,1,False,-1
1500,SINGLE,0,0,1,False,-1
1501,SINGLE,0,0,1,False,-1
1502,DOUBLE,1,0,1,False,-1
1504,DOUBLE,1,0,1,False,-1
1505,DOUBLE,1,0,1,False,-1
1506,SINGLE,0,0,1,False,-1
1507,SINGLE,0,0,1,False,-1
1508,DOUBLE,1,0,1,False,-1
1510,SINGLE,0,0,1,False,-1
1511,DOUBLE,1,0,1,False,-1
1512,SINGLE,0,0,1,False,-1
1514,SINGLE,0,0,1,False,-1
1515,DOUBLE,1,0,1,False,-1
1516,DOUBLE,1,0,1,False,-1
1517,SINGLE,0,0,1,False,-1
1518,DOUBLE,1,0,1,False,-1
1519,SINGLE,0,0,1,False,-1
1520,DOUBLE,1,0,1,False,-1
1521,DOUBLE,1,0,1,False,-1
1522,DOUBLE,1,0,1,False,-1
1523,DOUBLE,1,0,1,False,-1
1524,SINGLE,0,0,1,False,-1
1525,DOUBLE,1,0,1,False,-1
1526,DOUBLE,1,0,1,False,-1
1528,SINGLE,0,0,1,False,-1
1529,DOUBLE,1,0,1,False,-1
1530,SINGLE,0,0,1,False,-1
1531,DOUBLE,1,0,1,False,-1
1533,DOUBLE,1,0,1,False,-1
1534,SINGLE,0,0,1,False,-1
1535,DOUBLE,1,0,1,False,-1
1536,DOUBLE,1,0,1,False,-1
1537,DOUBLE,1,0,1,False,-1
1538,SINGLE,0,0,1,False,-1
1540,DOUBLE,1,0,1,False,-1
1541,DOUBLE,1,0,1,False,-1
1542,SINGLE,0,0,1,False,-1
1543,DOUBLE,1,0,1,False,-1
1544,DOUBLE,1,0,1,False,-1
1545,SINGLE,0,0,1,False,-1
1546,DOUBLE,1,0,1,False,-1
1547,SINGLE,0,0,1,False,-1
1548,SINGLE,0,0,1,False,-1
1549,DOUBLE,1,0,1,False,-1
1550,DOUBLE,1,0,1,False,-1
1551,SINGLE,0,0,1,False,-1
1552,SINGLE,0,0,1,False,-1
1553,SINGLE,0,0,1,False,-1
1555,DOUBLE,1,0,1,False,-1
1556,SINGLE,0,0,1,False,-1
1557,DOUBLE,1,0,1,False,-1
1558,DOUBLE,1,0,1,False,-1
1559,SINGLE,0,0,1,False,-1
1560,DOUBLE,1,0,1,False,-1
1561,DOUBLE,1,0,1,False,-1
1562,SINGLE,0,0,1,False,-1
1563,DOUBLE,1,0,1,False,-1
1564,DOUBLE,1,0,1,False,-1
1565,SINGLE,0,0,1,False,-1
1566,SINGLE,0,0,1,False,-1
1567,DOUBLE,1,0,1,False,-1
1568,SINGLE,0,0,1,False,-1
1569,DOUBLE,1,0,1,False,-1
1570,SINGLE,0,0,1,False,-1
1571,DOUBLE,1,0,1,False,-1
1572,SINGLE,0,0,1,False,-1
1573,SINGLE,0,0,1,False,-1
1574,DOUBLE,1,0,1,False,-1
1575,DOUBLE,1,0,1,False,-1
1576,DOUBLE,1,0,1,False,-1
1577,SINGLE,0,0,1,False,-1
1578,DOUBLE,1,0,1,False,-1
1580,DOUBLE,1,0,1,False,-1
1581,SINGLE,0,0,1,False,-1
1582,SINGLE,0,0,1,False,-1
1583,DOUBLE,1,0,1,False,-1
1584,DOUBLE,1,0,1,False,-1
1586,DOUBLE,1,0,1,False,-1
1587,DOUBLE,1,0,1,False,-1
1588,DOUBLE,1,0,1,False,-1
1589,SINGLE,0,0,1,False,-1
1591,SINGLE,0,0,1,False,-1
1593,DOUBLE,1,0,1,False,-1
1594,DOUBLE,1,0,1,False,-1
1595,DOUBLE,1,0,1,False,-1
1598,DOUBLE,1,0,1,False,-1
1600,SINGLE,0,0,1,False,-1
1601,SINGLE,0,0,1,False,-1
1604,SINGLE,0,0,1,False,-1
1605,DOUBLE,1,0,1,False,-1
1606,SINGLE,0,0,1,False,-1
1607,DOUBLE,1,0,1,False,-1
1608,SINGLE,0,0,1,False,-1
1609,DOUBLE,1,0,1,False,-1
1611,SINGLE,0,0,1,False,-1
1612,DOUBLE,1,0,1,False,-1
1613,SINGLE,0,0,1,False,-1
1615,SINGLE,0,0,1,False,-1
1616,SINGLE,0,0,1,False,-1
1617,SINGLE,0,0,1,False,-1
1618,SINGLE,0,0,1,False,-1
1619,SINGLE,0,0,1,False,-1
1620,DOUBLE,1,0,1,False,-1
1621,DOUBLE,0,1,1,False,-1
1622,DOUBLE,1,0,1,False,-1
1623,SINGLE,0,0,1,False,-1
1624,DOUBLE,1,0,1,False,-1
1625,DOUBLE,1,0,1,False,-1
1626,DOUBLE,1,0,1,False,-1
1627,DOUBLE,1,0,1,False,-1
1628,DOUBLE,1,0,1,False,-1
1629,SINGLE,0,0,1,False,-1
1630,DOUBLE,1,0,1,False,-1
1631,DOUBLE,1,0,1,False,-1
1633,DOUBLE,1,0,1,False,-1
1634,DOUBLE,1,0,1,False,-1
1635,DOUBLE,1,0,1,False,-1
1636,SINGLE,0,0,1,False,-1
1637,SINGLE,0,0,1,False,-1
1638,DOUBLE,1,0,1,False,-1
1639,DOUBLE,1,0,1,False,-1
1640,SINGLE,0,0,1,False,-1
1641,DOUBLE,1,0,1,False,-1
1642,SINGLE,0,0,1,False,-1
1643,SINGLE,0,0,1,False,-1
1644,DOUBLE,1,0,1,False,-1
1646,SINGLE,0,0,1,False,-1
1647,SINGLE,0,0,1,False,-1
1648,SINGLE,0,0,1,False,-1
1649,SINGLE,0,0,1,False,-1
1650,DOUBLE,1,0,1,False,-1
1652,SINGLE,0,0,1,False,-1
1653,SINGLE,0,0,1,False,-1
1654,SINGLE,0,0,1,False,-1
1655,DOUBLE,1,0,1,False,-1
1656,SINGLE,0,0,1,False,-1
1657,SINGLE,0,0,1,False,-1
1658,DOUBLE,1,0,1,False,-1
1659,DOUBLE,1,0,1,False,-1
1660,SINGLE,0,0,1,False,-1
1661,SINGLE,0,0,1,False,-1
1662,SINGLE,0,0,1,False,-1
1663,DOUBLE,1,0,1,False,-1
1664,DOUBLE,1,0,1,False,-1
1665,SINGLE,0,0,1,False,-1
1666,DOUBLE,1,0,1,False,-1
1667,SINGLE,0,0,1,False,-1
1669,DOUBLE,1,0,1,False,-1
1670,SINGLE,0,0,1,False,-1
1671,DOUBLE,1,0,1,False,-1
1672,DOUBLE,1,0,1,False,-1
1673,DOUBLE,1,0,1,False,-1
1674,SINGLE,0,0,1,False,-1
1675,SINGLE,0,0,1,False,-1
1676,SINGLE,0,0,1,False,-1
1677,SINGLE,0,0,1,False,-1
1678,DOUBLE,1,0,1,False,-1
1679,DOUBLE,1,0,1,False,-1
1680,SINGLE,0,0,1,False,-1
1681,DOUBLE,1,0,1,False,-1
1682,SINGLE,0,0,1,False,-1
1684,DOUBLE,1,0,1,False,-1
1685,DOUBLE,1,0,1,False,-1
1686,SINGLE,0,0,1,False,-1
1687,SINGLE,0,0,1,False,-1
1688,DOUBLE,1,0,1,False,-1
1689,DOUBLE,1,0,1,False,-1
1690,DOUBLE,1,0,1,False,-1
1691,SINGLE,0,0,1,False,-1
1692,SINGLE,0,0,1,False,-1
1693,DOUBLE,1,0,1,False,-1
1694,DOUBLE,1,0,1,False,-1
1695,SINGLE,0,0,1,False,-1
1696,DOUBLE,1,0,1,False,-1
1697,SINGLE,0,0,1,False,-1
1698,SINGLE,0,0,1,False,-1
1699,DOUBLE,1,0,1,False,-1
1700,SINGLE,0,0,1,False,-1
1701,SINGLE,0,0,1,False,-1
1702,SINGLE,0,0,1,False,-1
1703,SINGLE,0,0,1,False,-1
1704,DOUBLE,1,0,1,False,-1
1705,SINGLE,0,0,1,False,-1
1706,DOUBLE,1,0,1,False,-1
1707,DOUBLE,1,0,1,False,-1
1708,DOUBLE,1,0,1,False,-1
1709,SINGLE,0,0,1,False,-1
1710,SINGLE,0,0,1,False,-1
1711,DOUBLE,1,0,1,False,-1
1712,SINGLE,0,0,1,False,-1
1713,DOUBLE,1,0,1,False,-1
1714,DOUBLE,1,0,1,False,-1
1715,SINGLE,0,0,1,False,-1
1716,SINGLE,0,0,1,False,-1
1717,DOUBLE,1,0,1,False,-1
1718,SINGLE,0,0,1,False,-1
1719,SINGLE,0,0,1,False,-1
1720,SINGLE,0,0,1,False,-1
1721,DOUBLE,1,0,1,False,-1
1723,SINGLE,0,0,1,False,-1
1724,DOUBLE,1,0,1,False,-1
1725,SINGLE,0,0,1,False,-1
1726,SINGLE,0,0,1,False,-1
1727,SINGLE,0,0,1,False,-1
1729,SINGLE,0,0,1,False,-1
1730,DOUBLE,1,0,1,False,-1
1731,SINGLE,0,0,1,False,-1
1732,SINGLE,0,0,1,False,-1
1733,DOUBLE,1,0,1,False,-1
1734,SINGLE,0,0,1,False,-1
1735,SINGLE,0,0,1,False,-1
1736,SINGLE,0,0,1,False,-1
1737,DOUBLE,1,0,1,False,-1
1738,DOUBLE,1,0,1,False,-1
1739,DOUBLE,1,0,1,False,-1
1740,DOUBLE,1,0,1,False,-1
1741,DOUBLE,1,0,1,False,-1
1742,DOUBLE,1,0,1,False,-1
1744,DOUBLE,1,0,1,False,-1
1745,DOUBLE,1,0,1,False,-1
1746,DOUBLE,1,0,1,False,-1
1747,SINGLE,0,0,1,False,-1
1748,DOUBLE,0,1,1,False,-1
1749,DOUBLE,1,0,1,False,-1
1750,DOUBLE,1,0,1,False,-1
1751,DOUBLE,1,0,1,False,-1
1752,DOUBLE,1,0,1,False,-1
1753,SINGLE,0,0,1,False,-1
1754,SINGLE,0,0,1,False,-1
1756,DOUBLE,1,0,1,False,-1
1757,SINGLE,0,0,1,False,-1
1758,DOUBLE,1,0,1,False,-1
1759,SINGLE,0,0,1,False,-1
1760,SINGLE,0,0,1,False,-1
1761,SINGLE,0,0,1,False,-1
1762,SINGLE,0,0,1,False,-1
1763,SINGLE,0,0,1,False,-1
1765,DOUBLE,1,0,1,False,-1
1766,SINGLE,0,0,1,False,-1
1767,SINGLE,0,0,1,False,-1
1768,DOUBLE,1,0,1,False,-1
1770,DOUBLE,1,0,1,False,-1
1771,DOUBLE,1,0,1,False,-1
1772,DOUBLE,1,0,1,False,-1
1773,DOUBLE,1,0,1,False,-1
1774,DOUBLE,1,0,1,False,-1
1775,SINGLE,0,0,1,False,-1
1776,SINGLE,0,0,1,False,-1
1777,SINGLE,0,0,1,False,-1
1778,DOUBLE,1,0,1,False,-1
1780,SINGLE,0,0,1,False,-1
1781,DOUBLE,1,0,1,False,-1
1782,SINGLE,0,0,1,False,-1
1783,DOUBLE,1,0,1,False,-1
1784,SINGLE,0,0,1,False,-1
1785,SINGLE,0,0,1,False,-1
1786,DOUBLE,1,0,1,False,-1
1788,DOUBLE,1,0,1,False,-1
1789,DOUBLE,1,0,1,False,-1
1790,DOUBLE,1,0,1,False,-1
1792,DOUBLE,1,0,1,False,-1
1793,SINGLE,0,0,1,False,-1
1794,DOUBLE,1,0,1,False,-1
1795,SINGLE,0,0,1,False,-1
1797,DOUBLE,1,0,1,False,-1
1798,DOUBLE,1,0,1,False,-1
1799,DOUBLE,1,0,1,False,-1
1800,DOUBLE,1,0,1,False,-1
1801,DOUBLE,1,0,1,False,-1
1802,DOUBLE,1,0,1,False,-1
1803,SINGLE,0,0,1,False,-1
1804,SINGLE,0,0,1,False,-1
1805,DOUBLE,1,0,1,False,-1
1806,SINGLE,0,0,1,False,-1
1807,SINGLE,0,0,1,False,-1
1808,DOUBLE,1,0,1,False,-1
1809,DOUBLE,1,0,1,False,-1
1810,DOUBLE,1,0,1,False,-1
1811,DOUBLE,1,0,1,False,-1
1812,DOUBLE,1,0,1,False,-1
1814,SINGLE,0,0,1,False,-1
1815,DOUBLE,1,0,1,False,-1
1816,DOUBLE,1,0,1,False,-1
1817,SINGLE,0,0,1,False,-1
1820,DOUBLE,1,0,1,False,-1
1821,SINGLE,0,0,1,False,-1
1822,SINGLE,0,0,1,False,-1
1823,SINGLE,0,0,1,False,-1
1824,DOUBLE,1,0,1,False,-1
1825,DOUBLE,1,0,1,False,-1
1826,DOUBLE,1,0,1,False,-1
1827,DOUBLE,1,0,1,False,-1
1828,DOUBLE,1,0,1,False,-1
1829,DOUBLE,1,0,1,False,-1
1830,SINGLE,0,0,1,False,-1
1831,SINGLE,0,0,1,False,-1
1832,DOUBLE,1,0,1,False,-1
1833,DOUBLE,1,0,1,False,-1
1834,DOUBLE,1,0,1,False,-1
1835,SINGLE,0,0,1,False,-1
1836,DOUBLE,1,0,1,False,-1
1837,DOUBLE,1,0,1,False,-1
1838,SINGLE,0,0,1,False,-1
1839,SINGLE,0,0,1,False,-1
1840,SINGLE,0,0,1,False,-1
1841,DOUBLE,1,0,1,False,-1
1842,DOUBLE,1,0,1,False,-1
1843,SINGLE,0,0,1,False,-1
1844,DOUBLE,1,0,1,False,-1
1846,DOUBLE,1,0,1,False,-1
1847,SINGLE,0,0,1,False,-1
1848,DOUBLE,1,0,1,False,-1
1849,DOUBLE,1,0,1,False,-1
1850,SINGLE,0,0,1,False,-1
1851,SINGLE,0,0,1,False,-1
1852,DOUBLE,1,0,1,False,-1
1853,DOUBLE,1,0,1,False,-1
1854,SINGLE,0,0,1,False,-1
1855,DOUBLE,1,0,1,False,-1
1856,DOUBLE,1,0,1,False,-1
1857,DOUBLE,1,0,1,False,-1
1858,SINGLE,0,0,1,False,-1
1860,TRIPLE,1,1,1,False,-1
1861,SINGLE,0,0,1,False,-1
1862,DOUBLE,1,0,1,False,-1
1863,DOUBLE,1,0,1,False,-1
1864,SINGLE,0,0,1,False,-1
1865,DOUBLE,1,0,1,False,-1
1866,SINGLE,0,0,1,False,-1
1867,SINGLE,0,0,1,False,-1
1868,DOUBLE,1,0,1,False,-1
1869,SINGLE,0,0,1,False,-1
1870,SINGLE,0,0,1,False,-1
1871,DOUBLE,1,0,1,False,-1
1872,DOUBLE,1,0,1,False,-1
1874,DOUBLE,1,0,1,False,-1
1875,DOUBLE,1,0,1,False,-1
1876,DOUBLE,1,0,1,False,-1
1877,DOUBLE,1,0,1,False,-1
1878,SINGLE,0,0,1,False,-1
1880,DOUBLE,1,0,1,False,-1
1881,DOUBLE,1,0,1,False,-1
1882,SINGLE,0,0,1,False,-1
1883,SINGLE,0,0,1,False,-1
1884,DOUBLE,1,0,1,False,-1
1885,DOUBLE,1,0,1,False,-1
1886,DOUBLE,1,0,1,False,-1
1887,DOUBLE,1,0,1,False,-1
1888,SINGLE,0,0,1,False,-1
1889,DOUBLE,1,0,1,False,-1
1891,SINGLE,0,0,1,False,-1
1892,SINGLE,0,0,1,False,-1
1893,SINGLE,0,0,1,False,-1
1894,SINGLE,0,0,1,False,-1
1895,DOUBLE,1,0,1,False,-1
1896,SINGLE,0,0,1,False,-1
1897,SINGLE,0,0,1,False,-1
1898,DOUBLE,0,1,1,False,-1
1899,DOUBLE,1,0,1,False,-1
1900,DOUBLE,1,0,1,False,-1
1901,DOUBLE,1,0,1,False,-1
1902,DOUBLE,1,0,1,False,-1
1903,DOUBLE,1,0,1,False,-1
1904,DOUBLE,1,0,1,False,-1
1905,SINGLE,0,0,1,False,-1
1906,SINGLE,0,0,1,False,-1
1908,DOUBLE,1,0,1,False,-1
1909,SINGLE,0,0,1,False,-1
1910,DOUBLE,1,0,1,False,-1
1911,DOUBLE,1,0,1,False,-1
1913,DOUBLE,1,0,1,False,-1
1914,SINGLE,0,0,1,False,-1
1915,DOUBLE,1,0,1,False,-1
1916,SINGLE,0,0,1,False,-1
1917,SINGLE,0,0,1,False,-1
1918,SINGLE,0,0,1,False,-1
1919,DOUBLE,1,0,1,False,-1
1920,SINGLE,0,0,1,False,-1
1921,DOUBLE,0,1,1,False,-1
1922,SINGLE,0,0,1,False,-1
1923,DOUBLE,1,0,1,False,-1
1924,DOUBLE,1,0,1,False,-1
1925,DOUBLE,1,0,1,False,-1
1926,DOUBLE,1,0,1,False,-1
1927,SINGLE,0,0,1,False,-1
1928,DOUBLE,1,0,1,False,-1
1929,SINGLE,0,0,1,False,-1
1930,SINGLE,0,0,1,False,-1
1931,DOUBLE,1,0,1,False,-1
1932,DOUBLE,1,0,1,False,-1
1933,SINGLE,0,0,1,False,-1
1934,DOUBLE,1,0,1,False,-1
1936,SINGLE,0,0,1,False,-1
1937,DOUBLE,1,0,1,False,-1
1938,SINGLE,0,0,1,False,-1
1939,SINGLE,0,0,1,False,-1
1940,SINGLE,0,0,1,False,-1
1941,DOUBLE,1,0,1,False,-1
1942,DOUBLE,1,0,1,False,-1
1943,SINGLE,0,0,1,False,-1
1944,SINGLE,0,0,1,False,-1
1945,DOUBLE,1,0,1,False,-1
1946,SINGLE,0,0,1,False,-1
1947,DOUBLE,1,0,1,False,-1
1949,DOUBLE,1,0,1,False,-1
1950,DOUBLE,1,0,1,False,-1
1951,DOUBLE,1,0,1,False,-1
1952,DOUBLE,1,0,1,False,-1
1953,DOUBLE,0,1,1,False,-1
1954,DOUBLE,1,0,1,False,-1
1955,DOUBLE,1,0,1,False,-1
1956,DOUBLE,1,0,1,False,-1
1958,DOUBLE,1,0,1,False,-1
1959,DOUBLE,1,0,1,False,-1
1960,DOUBLE,1,0,1,False,-1
1961,DOUBLE,1,0,1,False,-1
1962,SINGLE,0,0,1,False,-1
1963,DOUBLE,1,0,1,False,-1
1964,DOUBLE,1,0,1,False,-1
1965,DOUBLE,1,0,1,False,-1
1966,SINGLE,0,0,1,False,-1
1967,SINGLE,0,0,1,False,-1
1968,SINGLE,0,0,1,False,-1
1969,DOUBLE,1,0,1,False,-1
1970,SINGLE,0,0,1,False,-1
1971,DOUBLE,1,0,1,False,-1
1972,DOUBLE,1,0,1,False,-1
1973,DOUBLE,1,0,1,False,-1
1974,SINGLE,0,0,1,False,-1
1975,DOUBLE,1,0,1,False,-1
1976,SINGLE,0,0,1,False,-1
1977,DOUBLE,1,0,1,False,-1
1979,SINGLE,0,0,1,False,-1
1980,DOUBLE,1,0,1,False,-1
1982,DOUBLE,1,0,1,False,-1
1983,SINGLE,0,0,1,False,-1
1984,DOUBLE,1,0,1,False,-1
1985,DOUBLE,1,0,1,False,-1
1988,DOUBLE,1,0,1,False,-1
1989,DOUBLE,1,0,1,False,-1
1990,SINGLE,0,0,1,False,-1
1991,DOUBLE,1,0,1,False,-1
1992,DOUBLE,1,0,1,False,-1
1993,DOUBLE,1,0,1,False,-1
1994,SINGLE,0,0,1,False,-1
1996,DOUBLE,1,0,1,False,-1
1997,SINGLE,0,0,1,False,-1
1998,SINGLE,0,0,1,False,-1
1999,DOUBLE,1,0,1,False,-1
2000,DOUBLE,1,0,1,False,-1
2001,DOUBLE,1,0,1,False,-1
2002,SINGLE,0,0,1,False,-1
2003,DOUBLE,1,0,1,False,-1
2004,DOUBLE,1,0,1,False,-1
2005,DOUBLE,1,0,1,False,-1
2006,DOUBLE,1,0,1,False,-1
2007,DOUBLE,1,0,1,False,-1
2008,SINGLE,0,0,1,False,-1
2009,SINGLE,0,0,1,False,-1
2010,SINGLE,0,0,1,False,-1
2012,SINGLE,0,0,1,False,-1
2013,SINGLE,0,0,1,False,-1
2015,DOUBLE,1,0,1,False,-1
2016,DOUBLE,1,0,1,False,-1
2017,SINGLE,0,0,1,False,-1
2018,SINGLE,0,0,1,False,-1
2019,SINGLE,0,0,1,False,-1
2020,DOUBLE,1,0,1,False,-1
2021,SINGLE,0,0,1,False,-1
2022,SINGLE,0,0,1,False,-1
2023,DOUBLE,1,0,1,False,-1
2024,DOUBLE,1,0,1,False,-1
2025,DOUBLE,1,0,1,False,-1
2026,DOUBLE,1,0,1,False,-1
2027,DOUBLE,1,0,1,False,-1
2028,DOUBLE,1,0,1,False,-1
2029,DOUBLE,1,0,1,False,-1
2030,DOUBLE,1,0,1,False,-1
2031,DOUBLE,1,0,1,False,-1
2032,SINGLE,0,0,1,False,-1
2033,DOUBLE,1,0,1,False,-1
2034,DOUBLE,1,0,1,False,-1
2035,SINGLE,0,0,1,False,-1
2036,DOUBLE,1,0,1,False,-1
2037,SINGLE,0,0,1,False,-1
2038,DOUBLE,1,0,1,False,-1
2039,SINGLE,0,0,1,False,-1
2040,DOUBLE,1,0,1,False,-1
2041,DOUBLE,1,0,1,False,-1
2042,TRIPLE,1,1,1,False,-1
2043,SINGLE,0,0,1,False,-1
2044,SINGLE,0,0,1,False,-1
2045,DOUBLE,1,0,1,False,-1
2046,DOUBLE,1,0,1,False,-1
2048,SINGLE,0,0,1,False,-1
2049,SINGLE,0,0,1,False,-1
2050,SINGLE,0,0,1,False,-1
2051,SINGLE,0,0,1,False,-1
2052,DOUBLE,1,0,1,False,-1
2053,SINGLE,0,0,1,False,-1
2054,SINGLE,0,0,1,False,-1
2055,SINGLE,0,0,1,False,-1
2056,SINGLE,0,0,1,False,-1
2057,SINGLE,0,0,1,False,-1
2058,DOUBLE,1,0,1,False,-1
2059,SINGLE,0,0,1,False,-1
2060,DOUBLE,1,0,1,False,-1
2061,SINGLE,0,0,1,False,-1
2062,SINGLE,0,0,1,False,-1
2064,SINGLE,0,0,1,False,-1
2065,SINGLE,0,0,1,False,-1
2066,SINGLE,0,0,1,False,-1
2067,DOUBLE,1,0,1,False,-1
2068,DOUBLE,1,0,1,False,-1
2069,SINGLE,0,0,1,False,-1
2071,SINGLE,0,0,1,False,-1
2072,SINGLE,0,0,1,False,-1
2073,DOUBLE,1,0,1,False,-1
2074,DOUBLE,1,0,1,False,-1
2075,DOUBLE,0,1,1,False,-1
2076,DOUBLE,1,0,1,False,-1
2077,SINGLE,0,0,1,False,-1
2078,SINGLE,0,0,1,False,-1
2079,SINGLE,0,0,1,False,-1
2080,SINGLE,0,0,1,False,-1
2081,DOUBLE,1,0,1,False,-1
2083,DOUBLE,1,0,1,False,-1
2084,DOUBLE,1,0,1,False,-1
2085,DOUBLE,1,0,1,False,-1
2086,DOUBLE,1,0,1,False,-1
2087,SINGLE,0,0,1,False,-1
2088,SINGLE,0,0,1,False,-1
2089,DOUBLE,1,0,1,False,-1
2090,DOUBLE,1,0,1,False,-1
2092,DOUBLE,1,0,1,False,-1
2093,DOUBLE,1,0,1,False,-1
2094,DOUBLE,1,0,1,False,-1
2095,DOUBLE,1,0,1,False,-1
2096,DOUBLE,1,0,1,False,-1
2097,DOUBLE,1,0,1,False,-1
2098,DOUBLE,1,0,1,False,-1
2099,SINGLE,0,0,1,False,-1
2101,DOUBLE,1,0,1,False,-1
2102,DOUBLE,1,0,1,False,-1
2103,SINGLE,0,0,1,False,-1
2104,SINGLE,0,0,1,False,-1
2105,DOUBLE,1,0,1,False,-1
2106,DOUBLE,1,0,1,False,-1
2108,DOUBLE,1,0,1,False,-1
2109,SINGLE,0,0,1,False,-1
2110,SINGLE,0,0,1,False,-1
2111,SINGLE,0,0,1,False,-1
2112,SINGLE,0,0,1,False,-1
2113,DOUBLE,1,0,1,False,-1
2114,SINGLE,0,0,1,False,-1
2115,SINGLE,0,0,1,False,-1
2116,SINGLE,0,0,1,False,-1
2117,DOUBLE,1,0,1,False,-1
2119,DOUBLE,1,0,1,False,-1
2120,SINGLE,0,0,1,False,-1
2121,DOUBLE,1,0,1,False,-1
2122,DOUBLE,0,1,1,False,-1
2123,DOUBLE,1,0,1,False,-1
2125,SINGLE,0,0,1,False,-1
2126,DOUBLE,1,0,1,False,-1
2127,DOUBLE,1,0,1,False,-1
2128,DOUBLE,1,0,1,False,-1
2129,DOUBLE,1,0,1,False,-1
2130,DOUBLE,1,0,1,False,-1
2131,SINGLE,0,0,1,False,-1
2132,SINGLE,0,0,1,False,-1
2133,DOUBLE,1,0,1,False,-1
2135,DOUBLE,1,0,1,False,-1
2136,SINGLE,0,0,1,False,-1
2138,DOUBLE,1,0,1,False,-1
2139,SINGLE,0,0,1,False,-1
2140,SINGLE,0,0,1,False,-1
2142,SINGLE,0,0,1,False,-1
2143,SINGLE,0,0,1,False,-1
2144,DOUBLE,1,0,1,False,-1
2145,SINGLE,0,0,1,False,-1
2146,DOUBLE,1,0,1,False,-1
2147,SINGLE,0,0,1,False,-1
2148,SINGLE,0,0,1,False,-1
2149,DOUBLE,1,0,1,False,-1
2150,SINGLE,0,0,1,False,-1
2151,SINGLE,0,0,1,False,-1
2152,SINGLE,0,0,1,False,-1
2153,DOUBLE,1,0,1,False,-1
2155,SINGLE,0,0,1,False,-1
2156,SINGLE,0,0,1,False,-1
2157,SINGLE,0,0,1,False,-1
2158,SINGLE,0,0,1,False,-1
2159,DOUBLE,1,0,1,False,-1
2160,SINGLE,0,0,1,False,-1
2161,DOUBLE,1,0,1,False,-1
2162,DOUBLE,1,0,1,False,-1
2163,DOUBLE,1,0,1,False,-1
2164,DOUBLE,1,0,1,False,-1
2165,DOUBLE,1,0,1,False,-1
2166,DOUBLE,1,0,1,False,-1
2167,DOUBLE,1,0,1,False,-1
2168,SINGLE,0,0,1,False,-1
2169,DOUBLE,1,0,1,False,-1
2170,DOUBLE,1,0,1,False,-1
2171,SINGLE,0,0,1,False,-1
2172,DOUBLE,1,0,1,False,-1
2173,SINGLE,0,0,1,False,-1
2174,DOUBLE,1,0,1,False,-1
2175,DOUBLE,1,0,1,False,-1
2176,SINGLE,0,0,1,False,-1
2177,DOUBLE,1,0,1,False,-1
2178,SINGLE,0,0,1,False,-1
2179,SINGLE,0,0,1,False,-1
2180,DOUBLE,1,0,1,False,-1
2181,SINGLE,0,0,1,False,-1
2182,DOUBLE,0,1,1,False,-1
2185,DOUBLE,1,0,1,False,-1
2186,DOUBLE,1,0,1,False,-1
2187,SINGLE,0,0,1,False,-1
2188,DOUBLE,1,0,1,False,-1
2189,DOUBLE,1,0,1,False,-1
2190,DOUBLE,1,0,1,False,-1
2191,SINGLE,0,0,1,False,-1
2192,DOUBLE,1,0,1,False,-1
2193,SINGLE,0,0,1,False,-1
2194,SINGLE,0,0,1,False,-1
2195,SINGLE,0,0,1,False,-1
2196,SINGLE,0,0,1,False,-1
2197,DOUBLE,1,0,1,False,-1
2198,SINGLE,0,0,1,False,-1
2199,SINGLE,0,0,1,False,-1
2200,DOUBLE,1,0,1,False,-1
2201,DOUBLE,1,0,1,False,-1
2202,SINGLE,0,0,1,False,-1
2203,DOUBLE,1,0,1,False,-1
2204,SINGLE,0,0,1,False,-1
2205,SINGLE,0,0,1,False,-1
2206,DOUBLE,1,0,1,False,-1
2207,DOUBLE,1,0,1,False,-1
2208,DOUBLE,1,0,1,False,-1
2210,SINGLE,0,0,1,False,-1
2211,DOUBLE,1,0,1,False,-1
2212,DOUBLE,1,0,1,False,-1
2213,DOUBLE,1,0,1,False,-1
2214,SINGLE,0,0,1,False,-1
2217,DOUBLE,1,0,1,False,-1
2218,DOUBLE,1,0,1,False,-1
2219,DOUBLE,1,0,1,False,-1
2220,DOUBLE,1,0,1,False,-1
2221,DOUBLE,1,0,1,False,-1
2222,SINGLE,0,0,1,False,-1
2223,DOUBLE,1,0,1,False,-1
2224,SINGLE,0,0,1,False,-1
2226,DOUBLE,1,0,1,False,-1
2227,SINGLE,0,0,1,False,-1
2228,DOUBLE,1,0,1,False,-1
2229,SINGLE,0,0,1,False,-1
2230,DOUBLE,1,0,1,False,-1
2232,DOUBLE,1,0,1,False,-1
2233,DOUBLE,1,0,1,False,-1
2234,SINGLE,0,0,1,False,-1
2235,DOUBLE,1,0,1,False,-1
2236,SINGLE,0,0,1,False,-1
2238,DOUBLE,1,0,1,False,-1
2239,SINGLE,0,0,1,False,-1
2240,SINGLE,0,0,1,False,-1
2241,SINGLE,0,0,1,False,-1
2242,DOUBLE,1,0,1,False,-1
2243,DOUBLE,1,0,1,False,-1
2244,SINGLE,0,0,1,False,-1
2245,SINGLE,0,0,1,False,-1
2246,SINGLE,0,0,1,False,-1
2247,DOUBLE,1,0,1,False,-1
2248,SINGLE,0,0,1,False,-1
2249,DOUBLE,1,0,1,False,-1
2251,DOUBLE,1,0,1,False,-1
2252,DOUBLE,1,0,1,False,-1
2253,DOUBLE,1,0,1,False,-1
2254,DOUBLE,1,0,1,False,-1
2255,DOUBLE,1,0,1,False,-1
2256,DOUBLE,1,0,1,False,-1
2257,DOUBLE,1,0,1,False,-1
2258,DOUBLE,0,1,1,False,-1
2260,SINGLE,0,0,1,False,-1
2261,SINGLE,0,0,1,False,-1
2262,SINGLE,0,0,1,False,-1
2263,SINGLE,0,0,1,False,-1
2264,DOUBLE,1,0,1,False,-1
2265,SINGLE,0,0,1,False,-1
2266,SINGLE,0,0,1,False,-1
2267,SINGLE,0,0,1,False,-1
2268,DOUBLE,1,0,1,False,-1
2269,SINGLE,0,0,1,False,-1
2270,DOUBLE,1,0,1,False,-1
2271,SINGLE,0,0,1,False,-1
2272,SINGLE,0,0,1,False,-1
2273,SINGLE,0,0,1,False,-1
2274,DOUBLE,1,0,1,False,-1
2275,SINGLE,0,0,1,False,-1
2276,DOUBLE,1,0,1,False,-1
2277,DOUBLE,1,0,1,False,-1
2278,SINGLE,0,0,1,False,-1
2279,DOUBLE,1,0,1,False,-1
2280,DOUBLE,1,0,1,False,-1
2281,DOUBLE,1,0,1,False,-1
2282,DOUBLE,1,0,1,False,-1
2283,DOUBLE,1,0,1,False,-1
2285,DOUBLE,1,0,1,False,-1
2286,DOUBLE,1,0,1,False,-1
2287,SINGLE,0,0,1,False,-1
2288,SINGLE,0,0,1,False,-1
2290,DOUBLE,1,0,1,False,-1
2291,DOUBLE,1,0,1,False,-1
2292,DOUBLE,1,0,1,False,-1
2293,DOUBLE,1,0,1,False,-1
2294,SINGLE,0,0,1,False,-1
2295,DOUBLE,1,0,1,False,-1
2296,DOUBLE,1,0,1,False,-1
2297,DOUBLE,1,0,1,False,-1
2298,SINGLE,0,0,1,False,-1
2299,DOUBLE,1,0,1,False,-1
2300,DOUBLE,1,0,1,False,-1
2301,SINGLE,0,0,1,False,-1
2303,SINGLE,0,0,1,False,-1
2304,SINGLE,0,0,1,False,-1
2305,DOUBLE,1,0,1,False,-1
2306,SINGLE,0,0,1,False,-1
2307,SINGLE,0,0,1,False,-1
2308,SINGLE,0,0,1,False,-1
2309,SINGLE,0,0,1,False,-1
2311,DOUBLE,1,0,1,False,-1
2312,SINGLE,0,0,1,False,-1
2313,SINGLE,0,0,1,False,-1
2314,DOUBLE,1,0,1,False,-1
2315,DOUBLE,1,0,1,False,-1
2316,DOUBLE,1,0,1,False,-1
2317,DOUBLE,1,0,1,False,-1
2318,SINGLE,0,0,1,False,-1
2319,SINGLE,0,0,1,False,-1
2320,SINGLE,0,0,1,False,-1
2321,DOUBLE,1,0,1,False,-1
2322,DOUBLE,1,0,1,False,-1
2323,DOUBLE,1,0,1,False,-1
2324,DOUBLE,1,0,1,False,-1
2325,SINGLE,0,0,1,False,-1
2327,DOUBLE,1,0,1,False,-1
2328,DOUBLE,1,0,1,False,-1
2329,SINGLE,0,0,1,False,-1
2330,DOUBLE,1,0,1,False,-1
2331,DOUBLE,1,0,1,False,-1
2332,DOUBLE,1,0,1,False,-1
2333,SINGLE,0,0,1,False,-1
2335,DOUBLE,1,0,1,False,-1
2336,DOUBLE,1,0,1,False,-1
2337,DOUBLE,1,0,1,False,-1
2339,SINGLE,0,0,1,False,-1
2340,SINGLE,0,0,1,False,-1
2341,SINGLE,0,0,1,False,-1
2343,DOUBLE,1,0,1,False,-1
2344,SINGLE,0,0,1,False,-1
2346,SINGLE,0,0,1,False,-1
2347,DOUBLE,1,0,1,False,-1
2348,SINGLE,0,0,1,False,-1
2349,DOUBLE,1,0,1,False,-1
2350,DOUBLE,1,0,1,False,-1
2351,DOUBLE,1,0,1,False,-1
2352,DOUBLE,1,0,1,False,-1
2353,DOUBLE,1,0,1,False,-1
2354,DOUBLE,1,0,1,False,-1
2355,DOUBLE,1,0,1,False,-1
2356,DOUBLE,1,0,1,False,-1
2357,SINGLE,0,0,1,False,-1
2358,DOUBLE,1,0,1,False,-1
2359,SINGLE,0,0,1,False,-1
2361,SINGLE,0,0,1,False,-1
2362,DOUBLE,1,0,1,False,-1
2363,DOUBLE,0,1,1,False,-1
2364,SINGLE,0,0,1,False,-1
2365,SINGLE,0,0,1,False,-1
2366,DOUBLE,1,0,1,False,-1
2367,SINGLE,0,0,1,False,-1
2369,DOUBLE,1,0,1,False,-1
2370,SINGLE,0,0,1,False,-1
2371,DOUBLE,0,1,1,False,-1
2372,DOUBLE,1,0,1,False,-1
2373,DOUBLE,1,0,1,False,-1
2374,DOUBLE,1,0,1,False,-1
2375,SINGLE,0,0,1,False,-1
2376,DOUBLE,1,0,1,False,-1
2377,SINGLE,0,0,1,False,-1
2378,SINGLE,0,0,1,False,-1
2379,SINGLE,0,0,1,False,-1
2380,DOUBLE,1,0,1,False,-1
2381,DOUBLE,1,0,1,False,-1
2382,DOUBLE,0,1,1,False,-1
2383,SINGLE,0,0,1,False,-1
2384,SINGLE,0,0,1,False,-1
2385,DOUBLE,1,0,1,False,-1
2386,DOUBLE,0,1,1,False,-1
2387,DOUBLE,1,0,1,False,-1
2388,DOUBLE,1,0,1,False,-1
2389,SINGLE,0,0,1,False,-1
2390,DOUBLE,1,0,1,False,-1
2391,SINGLE,0,0,1,False,-1
2392,DOUBLE,1,0,1,False,-1
2393,SINGLE,0,0,1,False,-1
2394,SINGLE,0,0,1,False,-1
2395,SINGLE,0,0,1,False,-1
2396,SINGLE,0,0,1,False,-1
2397,SINGLE,0,0,1,False,-1
2398,DOUBLE,1,0,1,False,-1
2399,SINGLE,0,0,1,False,-1
2400,DOUBLE,1,0,1,False,-1
2401,DOUBLE,1,0,1,False,-1
2402,DOUBLE,1,0,1,False,-1
2403,DOUBLE,1,0,1,False,-1
2405,SINGLE,0,0,1,False,-1
2406,SINGLE,0,0,1,False,-1
2407,DOUBLE,1,0,1,False,-1
2408,DOUBLE,1,0,1,False,-1
2410,DOUBLE,1,0,1,False,-1
2411,SINGLE,0,0,1,False,-1
2412,SINGLE,0,0,1,False,-1
2413,DOUBLE,1,0,1,False,-1
2414,SINGLE,0,0,1,False,-1
2416,DOUBLE,1,0,1,False,-1
2417,SINGLE,0,0,1,False,-1
2418,DOUBLE,1,0,1,False,-1
2419,SINGLE,0,0,1,False,-1
2421,SINGLE,0,0,1,False,-1
2422,DOUBLE,1,0,1,False,-1
2423,DOUBLE,1,0,1,False,-1
2424,DOUBLE,1,0,1,False,-1
2425,DOUBLE,1,0,1,False,-1
2426,SINGLE,0,0,1,False,-1
2427,SINGLE,0,0,1,False,-1
2428,DOUBLE,1,0,1,False,-1
2430,DOUBLE,1,0,1,False,-1
2431,DOUBLE,1,0,1,False,-1
2433,DOUBLE,1,0,1,False,-1
2434,DOUBLE,1,0,1,False,-1
2435,DOUBLE,1,0,1,False,-1
2436,SINGLE,0,0,1,False,-1
2437,DOUBLE,1,0,1,False,-1
2438,DOUBLE,1,0,1,False,-1
2439,DOUBLE,1,0,1,False,-1
2440,DOUBLE,1,0,1,False,-1
2441,DOUBLE,1,0,1,False,-1
2442,DOUBLE,1,0,1,False,-1
2443,SINGLE,0,0,1,False,-1
2444,DOUBLE,1,0,1,False,-1
2445,DOUBLE,1,0,1,False,-1
2446,DOUBLE,1,0,1,False,-1
2447,SINGLE,0,0,1,False,-1
2448,SINGLE,0,0,1,False,-1
2449,SINGLE,0,0,1,False,-1
2450,DOUBLE,1,0,1,False,-1
2451,DOUBLE,1,0,1,False,-1
2452,DOUBLE,1,0,1,False,-1
2453,SINGLE,0,0,1,False,-1
2454,SINGLE,0,0,1,False,-1
2455,SINGLE,0,0,1,False,-1
2456,DOUBLE,1,0,1,False,-1
2457,SINGLE,0,0,1,False,-1
2458,DOUBLE,1,0,1,False,-1
2460,DOUBLE,1,0,1,False,-1
2461,DOUBLE,1,0,1,False,-1
2462,DOUBLE,1,0,1,False,-1
2463,SINGLE,0,0,1,False,-1
2464,SINGLE,0,0,1,False,-1
2465,DOUBLE,1,0,1,False,-1
2466,SINGLE,0,0,1,False,-1
2467,SINGLE,0,0,1,False,-1
2468,SINGLE,0,0,1,False,-1
2469,DOUBLE,1,0,1,False,-1
2470,DOUBLE,1,0,1,False,-1
2471,DOUBLE,1,0,1,False,-1
2472,DOUBLE,1,0,1,False,-1
2473,DOUBLE,1,0,1,False,-1
2474,SINGLE,0,0,1,False,-1
2475,SINGLE,0,0,1,False,-1
2476,SINGLE,0,0,1,False,-1
2477,SINGLE,0,0,1,False,-1
2478,SINGLE,0,0,1,False,-1
2479,SINGLE,0,0,1,False,-1
2480,SINGLE,0,0,1,False,-1
2481,SINGLE,0,0,1,False,-1
2482,SINGLE,0,0,1,False,-1
2483,SINGLE,0,0,1,False,-1
2484,DOUBLE,1,0,1,False,-1
2485,SINGLE,0,0,1,False,-1
2486,SINGLE,0,0,1,False,-1
2489,DOUBLE,1,0,1,False,-1
2490,DOUBLE,1,0,1,False,-1
2491,SINGLE,0,0,1,False,-1
2492,DOUBLE,1,0,1,False,-1
2493,DOUBLE,1,0,1,False,-1
2494,DOUBLE,1,0,1,False,-1
2495,DOUBLE,1,0,1,False,-1
2496,DOUBLE,1,0,1,False,-1
2497,DOUBLE,1,0,1,False,-1
2498,DOUBLE,1,0,1,False,-1
2499,SINGLE,0,0,1,False,-1
2500,DOUBLE,1,0,1,False,-1
2501,SINGLE,0,0,1,False,-1
2502,DOUBLE,1,0,1,False,-1
2503,DOUBLE,1,0,1,False,-1
2504,SINGLE,0,0,1,False,-1
2505,DOUBLE,1,0,1,False,-1
2506,DOUBLE,1,0,1,False,-1
2507,DOUBLE,1,0,1,False,-1
2508,DOUBLE,1,0,1,False,-1
2509,SINGLE,0,0,1,False,-1
2510,SINGLE,0,0,1,False,-1
2511,SINGLE,0,0,1,False,-1
2512,DOUBLE,1,0,1,False,-1
2514,DOUBLE,1,0,1,False,-1
2515,DOUBLE,1,0,1,False,-1
2517,DOUBLE,1,0,1,False,-1
2518,SINGLE,0,0,1,False,-1
2519,SINGLE,0,0,1,False,-1
2520,SINGLE,0,0,1,False,-1
2521,DOUBLE,1,0,1,False,-1
2522,DOUBLE,1,0,1,False,-1
2523,DOUBLE,1,0,1,False,-1
2524,DOUBLE,1,0,1,False,-1
2525,DOUBLE,0,1,1,False,-1
2526,SINGLE,0,0,1,False,-1
2527,SINGLE,0,0,1,False,-1
2528,DOUBLE,1,0,1,False,-1
2530,DOUBLE,1,0,1,False,-1
2531,DOUBLE,1,0,1,False,-1
2532,DOUBLE,1,0,1,False,-1
2533,SINGLE,0,0,1,False,-1
2534,SINGLE,0,0,1,False,-1
2535,SINGLE,0,0,1,False,-1
2536,DOUBLE,1,0,1,False,-1
2537,DOUBLE,1,0,1,False,-1
2539,DOUBLE,1,0,1,False,-1
2540,SINGLE,0,0,1,False,-1
2541,DOUBLE,1,0,1,False,-1
2542,DOUBLE,1,0,1,False,-1
2543,DOUBLE,1,0,1,False,-1
2544,DOUBLE,1,0,1,False,-1
2545,SINGLE,0,0,1,False,-1
2546,DOUBLE,1,0,1,False,-1
2547,DOUBLE,1,0,1,False,-1
2548,DOUBLE,1,0,1,False,-1
2549,DOUBLE,1,0,1,False,-1
2550,SINGLE,0,0,1,False,-1
2551,SINGLE,0,0,1,False,-1
2552,DOUBLE,1,0,1,False,-1
2553,DOUBLE,1,0,1,False,-1
2554,DOUBLE,1,0,1,False,-1
2555,DOUBLE,1,0,1,False,-1
2556,SINGLE,0,0,1,False,-1
2557,DOUBLE,1,0,1,False,-1
2558,SINGLE,0,0,1,False,-1
2559,DOUBLE,1,0,1,False,-1
2560,SINGLE,0,0,1,False,-1
2561,DOUBLE,1,0,1,False,-1
2562,SINGLE,0,0,1,False,-1
2563,DOUBLE,1,0,1,False,-1
2564,DOUBLE,1,0,1,False,-1
2565,DOUBLE,1,0,1,False,-1
2566,DOUBLE,1,0,1,False,-1
2567,DOUBLE,1,0,1,False,-1
2568,DOUBLE,1,0,1,False,-1
2569,SINGLE,0,0,1,False,-1
2570,SINGLE,0,0,1,False,-1
2571,DOUBLE,1,0,1,False,-1
2572,DOUBLE,1,0,1,False,-1
2573,DOUBLE,1,0,1,False,-1
2574,SINGLE,0,0,1,False,-1
2575,SINGLE,0,0,1,False,-1
2576,DOUBLE,1,0,1,False,-1
2577,SINGLE,0,0,1,False,-1
2578,SINGLE,0,0,1,False,-1
2579,SINGLE,0,0,1,False,-1
2580,DOUBLE,1,0,1,False,-1
2581,DOUBLE,1,0,1,False,-1
2582,DOUBLE,1,0,1,False,-1
2583,SINGLE,0,0,1,False,-1
2584,SINGLE,0,0,1,False,-1
2585,DOUBLE,1,0,1,False,-1
2586,SINGLE,0,0,1,False,-1
2587,SINGLE,0,0,1,False,-1
2588,DOUBLE,1,0,1,False,-1
2589,SINGLE,0,0,1,False,-1
2590,DOUBLE,1,0,1,False,-1
2591,SINGLE,0,0,1,False,-1
2592,DOUBLE,1,0,1,False,-1
2593,SINGLE,0,0,1,False,-1
2594,SINGLE,0,0,1,False,-1
2595,SINGLE,0,0,1,False,-1
2596,DOUBLE,1,0,1,False,-1
2597,SINGLE,0,0,1,False,-1
2598,SINGLE,0,0,1,False,-1
2599,DOUBLE,1,0,1,False,-1
2600,SINGLE,0,0,1,False,-1
2601,DOUBLE,1,0,1,False,-1
2602,DOUBLE,1,0,1,False,-1
2603,DOUBLE,1,0,1,False,-1
2604,SINGLE,0,0,1,False,-1
2605,SINGLE,0,0,1,False,-1
2606,DOUBLE,1,0,1,False,-1
2607,SINGLE,0,0,1,False,-1
2608,DOUBLE,1,0,1,False,-1
2609,DOUBLE,1,0,1,False,-1
2610,SINGLE,0,0,1,False,-1
2611,DOUBLE,1,0,1,False,-1
2612,SINGLE,0,0,1,False,-1
2613,DOUBLE,1,0,1,False,-1
2615,SINGLE,0,0,1,False,-1
2616,SINGLE,0,0,1,False,-1
2617,DOUBLE,1,0,1,False,-1
2618,DOUBLE,1,0,1,False,-1
2620,DOUBLE,1,0,1,False,-1
2621,SINGLE,0,0,1,False,-1
2622,SINGLE,0,0,1,False,-1
2623,DOUBLE,1,0,1,False,-1
2624,SINGLE,0,0,1,False,-1
2625,SINGLE,0,0,1,False,-1
2626,SINGLE,0,0,1,False,-1
2627,DOUBLE,1,0,1,False,-1
2628,DOUBLE,1,0,1,False,-1
2629,DOUBLE,1,0,1,False,-1
2630,SINGLE,0,0,1,False,-1
2632,SINGLE,0,0,1,False,-1
2633,DOUBLE,1,0,1,False,-1
2634,SINGLE,0,0,1,False,-1
2635,SINGLE,0,0,1,False,-1
2636,TRIPLE,1,1,1,False,-1
2637,DOUBLE,1,0,1,False,-1
2638,SINGLE,0,0,1,False,-1
2639,SINGLE,0,0,1,False,-1
2640,SINGLE,0,0,1,False,-1
2641,SINGLE,0,0,1,False,-1
2642,DOUBLE,1,0,1,False,-1
2643,SINGLE,0,0,1,False,-1
2644,DOUBLE,1,0,1,False,-1
2645,SINGLE,0,0,1,False,-1
2646,SINGLE,0,0,1,False,-1
2647,SINGLE,0,0,1,False,-1
2648,SINGLE,0,0,1,False,-1
2649,SINGLE,0,0,1,False,-1
2650,DOUBLE,1,0,1,False,-1
2651,DOUBLE,1,0,1,False,-1
2652,DOUBLE,1,0,1,False,-1
2653,SINGLE,0,0,1,False,-1
2654,SINGLE,0,0,1,False,-1
2655,DOUBLE,1,0,1,False,-1
2656,SINGLE,0,0,1,False,-1
2657,DOUBLE,1,0,1,False,-1
2658,DOUBLE,1,0,1,False,-1
2659,SINGLE,0,0,1,False,-1
2660,DOUBLE,1,0,1,False,-1
2661,DOUBLE,1,0,1,False,-1
2662,SINGLE,0,0,1,False,-1
2663,DOUBLE,1,0,1,False,-1
2664,SINGLE,0,0,1,False,-1
2665,DOUBLE,1,0,1,False,-1
2666,SINGLE,0,0,1,False,-1
2667,DOUBLE,1,0,1,False,-1
2668,DOUBLE,1,0,1,False,-1
2669,SINGLE,0,0,1,False,-1
2670,DOUBLE,1,0,1,False,-1
2671,DOUBLE,1,0,1,False,-1
2672,DOUBLE,1,0,1,False,-1
2673,DOUBLE,1,0,1,False,-1
2674,DOUBLE,1,0,1,False,-1
2675,DOUBLE,1,0,1,False,-1
2676,SINGLE,0,0,1,False,-1
2677,DOUBLE,1,0,1,False,-1
2679,DOUBLE,1,0,1,False,-1
2680,SINGLE,0,0,1,False,-1
2681,DOUBLE,1,0,1,False,-1
2682,DOUBLE,1,0,1,False,-1
2683,DOUBLE,1,0,1,False,-1
2684,SINGLE,0,0,1,False,-1
2685,SINGLE,0,0,1,False,-1
2686,SINGLE,0,0,1,False,-1
2687,SINGLE,0,0,1,False,-1
2688,DOUBLE,1,0,1,False,-1
2690,DOUBLE,1,0,1,False,-1
2691,DOUBLE,1,0,1,False,-1
2692,DOUBLE,1,0,1,False,-1
2693,DOUBLE,1,0,1,False,-1
2694,DOUBLE,1,0,1,False,-1
2695,DOUBLE,1,0,1,False,-1
2696,DOUBLE,1,0,1,False,-1
2697,SINGLE,0,0,1,False,-1
2699,DOUBLE,1,0,1,False,-1
2700,DOUBLE,1,0,1,False,-1
2701,DOUBLE,1,0,1,False,-1
2702,DOUBLE,1,0,1,False,-1
2703,SINGLE,0,0,1,False,-1
2704,DOUBLE,1,0,1,False,-1
2705,DOUBLE,1,0,1,False,-1
2706,DOUBLE,1,0,1,False,-1
2707,SINGLE,0,0,1,False,-1
2708,DOUBLE,1,0,1,False,-1
2709,SINGLE,0,0,1,False,-1
2710,SINGLE,0,0,1,False,-1
2711,DOUBLE,1,0,1,False,-1
2712,SINGLE,0,0,1,False,-1
2713,SINGLE,0,0,1,False,-1
2714,SINGLE,0,0,1,False,-1
2715,SINGLE,0,0,1,False,-1
2716,DOUBLE,1,0,1,False,-1
2719,SINGLE,0,0,1,False,-1
2721,DOUBLE,1,0,1,False,-1
2722,SINGLE,0,0,1,False,-1
2723,DOUBLE,1,0,1,False,-1
2724,DOUBLE,1,0,1,False,-1
2726,DOUBLE,1,0,1,False,-1
2727,SINGLE,0,0,1,False,-1
2728,SINGLE,0,0,1,False,-1
2729,DOUBLE,1,0,1,False,-1
2730,DOUBLE,1,0,1,False,-1
2731,DOUBLE,1,0,1,False,-1
2732,SINGLE,0,0,1,False,-1
2733,TRIPLE,1,1,1,False,-1
2734,DOUBLE,1,0,1,False,-1
2735,DOUBLE,1,0,1,False,-1
2736,SINGLE,0,0,1,False,-1
2738,SINGLE,0,0,1,False,-1
2740,SINGLE,0,0,1,False,-1
2741,SINGLE,0,0,1,False,-1
2742,SINGLE,0,0,1,False,-1
2743,DOUBLE,1,0,1,False,-1
2744,SINGLE,0,0,1,False,-1
2745,DOUBLE,1,0,1,False,-1
2747,DOUBLE,1,0,1,False,-1
2748,SINGLE,0,0,1,False,-1
2749,SINGLE,0,0,1,False,-1
2750,DOUBLE,1,0,1,False,-1
2751,DOUBLE,1,0,1,False,-1
2752,DOUBLE,1,0,1,False,-1
2753,SINGLE,0,0,1,False,-1
2754,SINGLE,0,0,1,False,-1
2755,DOUBLE,1,0,1,False,-1
2756,SINGLE,0,0,1,False,-1
2757,SINGLE,0,0,1,False,-1
2758,DOUBLE,1,0,1,False,-1
2759,DOUBLE,1,0,1,False,-1
2760,SINGLE,0,0,1,False,-1
2761,SINGLE,0,0,1,False,-1
2762,SINGLE,0,0,1,False,-1
2763,SINGLE,0,0,1,False,-1
2764,DOUBLE,1,0,1,False,-1
2765,SINGLE,0,0,1,False,-1
2766,DOUBLE,1,0,1,False,-1
2767,SINGLE,0,0,1,False,-1
2768,DOUBLE,1,0,1,False,-1
2769,DOUBLE,1,0,1,False,-1
2770,DOUBLE,1,0,1,False,-1
2771,DOUBLE,1,0,1,False,-1
2772,SINGLE,0,0,1,False,-1
2773,DOUBLE,1,0,1,False,-1
2774,DOUBLE,1,0,1,False,-1
2775,SINGLE,0,0,1,False,-1
2776,DOUBLE,1,0,1,False,-1
2777,DOUBLE,1,0,1,False,-1
2778,SINGLE,0,0,1,False,-1
2780,SINGLE,0,0,1,False,-1
2782,DOUBLE,1,0,1,False,-1
2783,DOUBLE,1,0,1,False,-1
2784,SINGLE,0,0,1,False,-1
2785,SINGLE,0,0,1,False,-1
2786,DOUBLE,1,0,1,False,-1
2787,DOUBLE,1,0,1,False,-1
2788,DOUBLE,1,0,1,False,-1
2789,SINGLE,0,0,1,False,-1
2790,DOUBLE,1,0,1,False,-1
2791,DOUBLE,1,0,1,False,-1
2792,DOUBLE,1,0,1,False,-1
2793,SINGLE,0,0,1,False,-1
2794,SINGLE,0,0,1,False,-1
2795,DOUBLE,1,0,1,False,-1
2796,DOUBLE,1,0,1,False,-1
2797,DOUBLE,1,0,1,False,-1
2798,DOUBLE,1,0,1,False,-1
2800,SINGLE,0,0,1,False,-1
2801,DOUBLE,1,0,1,False,-1
2802,DOUBLE,1,0,1,False,-1
2803,DOUBLE,1,0,1,False,-1
2805,DOUBLE,1,0,1,False,-1
2806,DOUBLE,1,0,1,False,-1
2807,DOUBLE,1,0,1,False,-1
2808,DOUBLE,1,0,1,False,-1
2809,DOUBLE,1,0,1,False,-1
2810,DOUBLE,1,0,1,False,-1
2811,DOUBLE,1,0,1,False,-1
2812,SINGLE,0,0,1,False,-1
2813,DOUBLE,1,0,1,False,-1
2814,SINGLE,0,0,1,False,-1
2815,DOUBLE,1,0,1,False,-1
2816,DOUBLE,1,0,1,False,-1
2817,SINGLE,0,0,1,False,-1
2818,DOUBLE,1,0,1,False,-1
2819,SINGLE,0,0,1,False,-1
2820,DOUBLE,1,0,1,False,-1
2821,DOUBLE,1,0,1,False,-1
2822,DOUBLE,1,0,1,False,-1
2823,DOUBLE,1,0,1,False,-1
2824,SINGLE,0,0,1,False,-1
2825,DOUBLE,1,0,1,False,-1
2826,SINGLE,0,0,1,False,-1
2827,DOUBLE,1,0,1,False,-1
2828,SINGLE,0,0,1,False,-1
2829,DOUBLE,1,0,1,False,-1
2830,DOUBLE,1,0,1,False,-1
2831,SINGLE,0,0,1,False,-1
2832,SINGLE,0,0,1,False,-1
2833,DOUBLE,1,0,1,False,-1
2834,DOUBLE,1,0,1,False,-1
2835,DOUBLE,1,0,1,False,-1
2836,SINGLE,0,0,1,False,-1
2837,DOUBLE,1,0,1,False,-1
2838,SINGLE,0,0,1,False,-1
2839,DOUBLE,1,0,1,False,-1
2840,SINGLE,0,0,1,False,-1
2841,SINGLE,0,0,1,False,-1
2842,DOUBLE,1,0,1,False,-1
2843,SINGLE,0,0,1,False,-1
2844,DOUBLE,1,0,1,False,-1
2845,SINGLE,0,0,1,False,-1
2846,DOUBLE,1,0,1,False,-1
2847,SINGLE,0,0,1,False,-1
2848,SINGLE,0,0,1,False,-1
2849,DOUBLE,1,0,1,False,-1
2850,SINGLE,0,0,1,False,-1
2851,DOUBLE,1,0,1,False,-1
2852,SINGLE,0,0,1,False,-1
2853,SINGLE,0,0,1,False,-1
2854,DOUBLE,1,0,1,False,-1
2855,DOUBLE,1,0,1,False,-1
2857,SINGLE,0,0,1,False,-1
2858,SINGLE,0,0,1,False,-1
2859,SINGLE,0,0,1,False,-1
2860,SINGLE,0,0,1,False,-1
2861,SINGLE,0,0,1,False,-1
2862,DOUBLE,1,0,1,False,-1
2863,SINGLE,0,0,1,False,-1
2866,DOUBLE,1,0,1,False,-1
2868,SINGLE,0,0,1,False,-1
2869,DOUBLE,1,0,1,False,-1
2871,DOUBLE,1,0,1,False,-1
2872,DOUBLE,1,0,1,False,-1
2873,SINGLE,0,0,1,False,-1
2874,SINGLE,0,0,1,False,-1
2875,SINGLE,0,0,1,False,-1
2876,SINGLE,0,0,1,False,-1
2877,DOUBLE,1,0,1,False,-1
2878,DOUBLE,1,0,1,False,-1
2879,SINGLE,0,0,1,False,-1
2880,DOUBLE,1,0,1,False,-1
2882,SINGLE,0,0,1,False,-1
2883,SINGLE,0,0,1,False,-1
2884,SINGLE,0,0,1,False,-1
2885,SINGLE,0,0,1,False,-1
2886,DOUBLE,1,0,1,False,-1
2887,DOUBLE,1,0,1,False,-1
2888,DOUBLE,1,0,1,False,-1
2889,DOUBLE,1,0,1,False,-1
2891,SINGLE,0,0,1,False,-1
2892,DOUBLE,1,0,1,False,-1
2895,SINGLE,0,0,1,False,-1
2896,SINGLE,0,0,1,False,-1
2897,SINGLE,0,0,1,False,-1
2898,SINGLE,0,0,1,False,-1
2899,SINGLE,0,0,1,False,-1
2900,SINGLE,0,0,1,False,-1
2901,SINGLE,0,0,1,False,-1
2902,SINGLE,0,0,1,False,-1
2903,SINGLE,0,0,1,False,-1
2904,DOUBLE,1,0,1,False,-1
2905,DOUBLE,1,0,1,False,-1
2906,SINGLE,0,0,1,False,-1
2907,SINGLE,0,0,1,False,-1
2908,SINGLE,0,0,1,False,-1
2909,DOUBLE,0,1,1,False,-1
2910,DOUBLE,1,0,1,False,-1
2911,SINGLE,0,0,1,False,-1
2912,SINGLE,0,0,1,False,-1
2913,DOUBLE,1,0,1,False,-1
2914,DOUBLE,1,0,1,False,-1
2915,SINGLE,0,0,1,False,-1
2916,SINGLE,0,0,1,False,-1
2917,DOUBLE,1,0,1,False,-1
2918,DOUBLE,1,0,1,False,-1
2919,DOUBLE,1,0,1,False,-1
2920,DOUBLE,1,0,1,False,-1
2921,DOUBLE,1,0,1,False,-1
2922,DOUBLE,1,0,1,False,-1
2923,DOUBLE,1,0,1,False,-1
2924,DOUBLE,1,0,1,False,-1
2925,DOUBLE,1,0,1,False,-1
2926,DOUBLE,1,0,1,False,-1
2927,DOUBLE,1,0,1,False,-1
2928,SINGLE,0,0,1,False,-1
2929,SINGLE,0,0,1,False,-1
2930,SINGLE,0,0,1,False,-1
2931,DOUBLE,1,0,1,False,-1
2932,SINGLE,0,0,1,False,-1
2933,SINGLE,0,0,1,False,-1
2934,DOUBLE,1,0,1,False,-1
2935,DOUBLE,1,0,1,False,-1
2936,DOUBLE,1,0,1,False,-1
2937,DOUBLE,1,0,1,False,-1
2938,SINGLE,0,0,1,False,-1
2940,SINGLE,0,0,1,False,-1
2941,SINGLE,0,0,1,False,-1
2942,DOUBLE,1,0,1,False,-1
2943,DOUBLE,1,0,1,False,-1
2944,DOUBLE,1,0,1,False,-1
2945,SINGLE,0,0,1,False,-1
2947,DOUBLE,1,0,1,False,-1
2948,SINGLE,0,0,1,False,-1
2949,SINGLE,0,0,1,False,-1
2950,DOUBLE,1,0,1,False,-1
2951,DOUBLE,1,0,1,False,-1
2952,DOUBLE,1,0,1,False,-1
2953,DOUBLE,1,0,1,False,-1
2955,DOUBLE,1,0,1,False,-1
2956,DOUBLE,1,0,1,False,-1
2957,DOUBLE,1,0,1,False,-1
2958,DOUBLE,1,0,1,False,-1
2959,SINGLE,0,0,1,False,-1
2960,SINGLE,0,0,1,False,-1
2962,SINGLE,0,0,1,False,-1
2963,DOUBLE,1,0,1,False,-1
2964,SINGLE,0,0,1,False,-1
2965,DOUBLE,1,0,1,False,-1
2966,DOUBLE,1,0,1,False,-1
2967,SINGLE,0,0,1,False,-1
2968,DOUBLE,1,0,1,False,-1
2969,DOUBLE,1,0,1,False,-1
2970,DOUBLE,1,0,1,False,-1
2971,DOUBLE,1,0,1,False,-1
2972,DOUBLE,1,0,1,False,-1
2973,SINGLE,0,0,1,False,-1
2974,DOUBLE,1,0,1,False,-1
2975,SINGLE,0,0,1,False,-1
2976,DOUBLE,1,0,1,False,-1
2977,DOUBLE,0,1,1,False,-1
2978,DOUBLE,1,0,1,False,-1
2980,DOUBLE,1,0,1,False,-1
2981,SINGLE,0,0,1,False,-1
2982,DOUBLE,1,0,1,False,-1
2983,DOUBLE,1,0,1,False,-1
2984,DOUBLE,1,0,1,False,-1
2985,DOUBLE,1,0,1,False,-1
2986,SINGLE,0,0,1,False,-1
2987,SINGLE,0,0,1,False,-1
2988,DOUBLE,1,0,1,False,-1
2989,DOUBLE,1,0,1,False,-1
2990,DOUBLE,1,0,1,False,-1
2991,SINGLE,0,0,1,False,-1
2992,DOUBLE,1,0,1,False,-1
2993,SINGLE,0,0,1,False,-1
2994,DOUBLE,1,0,1,False,-1
2995,DOUBLE,1,0,1,False,-1
2996,DOUBLE,1,0,1,False,-1
2997,DOUBLE,1,0,1,False,-1
2998,SINGLE,0,0,1,False,-1
2999,SINGLE,0,0,1,False,-1
3000,DOUBLE,1,0,1,False,-1
3002,DOUBLE,1,0,1,False,-1
3003,DOUBLE,1,0,1,False,-1
3004,SINGLE,0,0,1,False,-1
3005,SINGLE,0,0,1,False,-1
3006,SINGLE,0,0,1,False,-1
3007,DOUBLE,1,0,1,False,-1
3008,DOUBLE,1,0,1,False,-1
3010,DOUBLE,1,0,1,False,-1
3012,SINGLE,0,0,1,False,-1
3013,SINGLE,0,0,1,False,-1
3014,DOUBLE,1,0,1,False,-1
3015,DOUBLE,1,0,1,False,-1
3016,DOUBLE,1,0,1,False,-1
3017,DOUBLE,1,0,1,False,-1
3018,SINGLE,0,0,1,False,-1
3019,SINGLE,0,0,1,False,-1
3020,SINGLE,0,0,1,False,-1
3021,SINGLE,0,0,1,False,-1
3022,SINGLE,0,0,1,False,-1
3023,DOUBLE,1,0,1,False,-1
3024,DOUBLE,0,1,1,False,-1
3025,SINGLE,0,0,1,False,-1
3027,SINGLE,0,0,1,False,-1
3028,DOUBLE,1,0,1,False,-1
3029,SINGLE,0,0,1,False,-1
3030,DOUBLE,1,0,1,False,-1
3032,DOUBLE,1,0,1,False,-1
3033,DOUBLE,1,0,1,False,-1
3034,SINGLE,0,0,1,False,-1
3035,DOUBLE,1,0,1,False,-1
3036,SINGLE,0,0,1,False,-1
3037,DOUBLE,1,0,1,False,-1
3038,DOUBLE,1,0,1,False,-1
3040,DOUBLE,1,0,1,False,-1
3041,DOUBLE,1,0,1,False,-1
3042,SINGLE,0,0,1,False,-1
3043,SINGLE,0,0,1,False,-1
3044,DOUBLE,1,0,1,False,-1
3045,DOUBLE,1,0,1,False,-1
3046,SINGLE,0,0,1,False,-1
3047,DOUBLE,1,0,1,False,-1
3048,SINGLE,0,0,1,False,-1
3049,DOUBLE,1,0,1,False,-1
3050,DOUBLE,1,0,1,False,-1
3051,DOUBLE,1,0,1,False,-1
3052,SINGLE,0,0,1,False,-1
3053,DOUBLE,1,0,1,False,-1
3055,SINGLE,0,0,1,False,-1
3056,DOUBLE,1,0,1,False,-1
3057,SINGLE,0,0,1,False,-1
3059,DOUBLE,1,0,1,False,-1
3060,DOUBLE,1,0,1,False,-1
3061,SINGLE,0,0,1,False,-1
3062,DOUBLE,1,0,1,False,-1
3063,DOUBLE,1,0,1,False,-1
3064,DOUBLE,1,0,1,False,-1
3065,DOUBLE,1,0,1,False,-1
3066,DOUBLE,1,0,1,False,-1
3067,SINGLE,0,0,1,False,-1
3068,DOUBLE,1,0,1,False,-1
3069,DOUBLE,1,0,1,False,-1
3070,DOUBLE,1,0,1,False,-1
3071,DOUBLE,1,0,1,False,-1
3072,SINGLE,0,0,1,False,-1
3074,DOUBLE,1,0,1,False,-1
3075,SINGLE,0,0,1,False,-1
3076,SINGLE,0,0,1,False,-1
3078,DOUBLE,1,0,1,False,-1
3079,SINGLE,0,0,1,False,-1
3080,DOUBLE,1,0,1,False,-1
3081,DOUBLE,1,0,1,False,-1
3082,DOUBLE,1,0,1,False,-1
3083,DOUBLE,1,0,1,False,-1
3084,DOUBLE,1,0,1,False,-1
3085,SINGLE,0,0,1,False,-1
3086,DOUBLE,1,0,1,False,-1
3088,SINGLE,0,0,1,False,-1
3089,SINGLE,0,0,1,False,-1
3090,DOUBLE,1,0,1,False,-1
3091,DOUBLE,1,0,1,False,-1
3093,DOUBLE,0,1,1,False,-1
3094,SINGLE,0,0,1,False,-1
3095,DOUBLE,1,0,1,False,-1
3096,DOUBLE,1,0,1,False,-1
3098,SINGLE,0,0,1,False,-1
3099,SINGLE,0,0,1,False,-1
3100,TRIPLE,1,1,1,False,-1
3101,DOUBLE,1,0,1,False,-1
3103,DOUBLE,1,0,1,False,-1
3104,DOUBLE,1,0,1,False,-1
3105,SINGLE,0,0,1,False,-1
3106,SINGLE,0,0,1,False,-1
3109,SINGLE,0,0,1,False,-1
3110,SINGLE,0,0,1,False,-1
3111,SINGLE,0,0,1,False,-1
3112,DOUBLE,1,0,1,False,-1
3113,DOUBLE,1,0,1,False,-1
3114,DOUBLE,1,0,1,False,-1
3115,SINGLE,0,0,1,False,-1
3116,SINGLE,0,0,1,False,-1
3117,SINGLE,0,0,1,False,-1
3118,DOUBLE,1,0,1,False,-1
3119,DOUBLE,1,0,1,False,-1
3120,SINGLE,0,0,1,False,-1
3121,DOUBLE,1,0,1,False,-1
3122,DOUBLE,1,0,1,False,-1
3123,DOUBLE,1,0,1,False,-1
3124,SINGLE,0,0,1,False,-1
3125,SINGLE,0,0,1,False,-1
3126,SINGLE,0,0,1,False,-1
3127,DOUBLE,1,0,1,False,-1
3128,SINGLE,0,0,1,False,-1
3129,DOUBLE,1,0,1,False,-1
3130,DOUBLE,1,0,1,False,-1
3131,DOUBLE,1,0,1,False,-1
3132,SINGLE,0,0,1,False,-1
3133,DOUBLE,1,0,1,False,-1
3134,DOUBLE,1,0,1,False,-1
3135,SINGLE,0,0,1,False,-1
3136,DOUBLE,1,0,1,False,-1
3137,SINGLE,0,0,1,False,-1
3138,DOUBLE,1,0,1,False,-1
3139,SINGLE,0,0,1,False,-1
3140,SINGLE,0,0,1,False,-1
3141,DOUBLE,1,0,1,False,-1
3142,DOUBLE,1,0,1,False,-1
3143,SINGLE,0,0,1,False,-1
3144,SINGLE,0,0,1,False,-1
3145,SINGLE,0,0,1,False,-1
3146,SINGLE,0,0,1,False,-1
3148,DOUBLE,1,0,1,False,-1
3150,SINGLE,0,0,1,False,-1
3151,DOUBLE,1,0,1,False,-1
3152,DOUBLE,1,0,1,False,-1
3153,SINGLE,0,0,1,False,-1
3154,DOUBLE,1,0,1,False,-1
3155,SINGLE,0,0,1,False,-1
3157,SINGLE,0,0,1,False,-1
3158,DOUBLE,1,0,1,False,-1
3160,SINGLE,0,0,1,False,-1
3162,SINGLE,0,0,1,False,-1
3163,DOUBLE,1,0,1,False,-1
3164,DOUBLE,1,0,1,False,-1
3165,DOUBLE,1,0,1,False,-1
3166,DOUBLE,1,0,1,False,-1
3167,DOUBLE,1,0,1,False,-1
3168,DOUBLE,1,0,1,False,-1
3169,SINGLE,0,0,1,False,-1
3170,DOUBLE,1,0,1,False,-1
3171,DOUBLE,1,0,1,False,-1
3172,DOUBLE,1,0,1,False,-1
3173,DOUBLE,1,0,1,False,-1
3174,SINGLE,0,0,1,False,-1
3175,DOUBLE,1,0,1,False,-1
3176,DOUBLE,1,0,1,False,-1
3177,DOUBLE,1,0,1,False,-1
3178,DOUBLE,1,0,1,False,-1
3179,DOUBLE,1,0,1,False,-1
3180,DOUBLE,1,0,1,False,-1
3181,DOUBLE,1,0,1,False,-1
3182,SINGLE,0,0,1,False,-1
3183,SINGLE,0,0,1,False,-1
3184,DOUBLE,1,0,1,False,-1
3185,DOUBLE,1,0,1,False,-1
3186,DOUBLE,1,0,1,False,-1
3187,DOUBLE,1,0,1,False,-1
3188,DOUBLE,1,0,1,False,-1
3189,DOUBLE,1,0,1,False,-1
3190,SINGLE,0,0,1,False,-1
3191,SINGLE,0,0,1,False,-1
3192,DOUBLE,1,0,1,False,-1
3193,DOUBLE,1,0,1,False,-1
3194,DOUBLE,1,0,1,False,-1
3195,DOUBLE,1,0,1,False,-1
3196,SINGLE,0,0,1,False,-1
3197,SINGLE,0,0,1,False,-1
3198,DOUBLE,1,0,1,False,-1
3199,SINGLE,0,0,1,False,-1
3200,DOUBLE,1,0,1,False,-1
3201,DOUBLE,1,0,1,False,-1
3202,DOUBLE,1,0,1,False,-1
3204,SINGLE,0,0,1,False,-1
3205,SINGLE,0,0,1,False,-1
3206,DOUBLE,1,0,1,False,-1
3207,DOUBLE,1,0,1,False,-1
3209,DOUBLE,1,0,1,False,-1
3210,SINGLE,0,0,1,False,-1
3211,SINGLE,0,0,1,False,-1
3212,SINGLE,0,0,1,False,-1
3213,SINGLE,0,0,1,False,-1
3214,DOUBLE,1,0,1,False,-1
3215,DOUBLE,1,0,1,False,-1
3216,DOUBLE,1,0,1,False,-1
3217,SINGLE,0,0,1,False,-1
3218,DOUBLE,1,0,1,False,-1
3220,SINGLE,0,0,1,False,-1
3221,SINGLE,0,0,1,False,-1
3223,SINGLE,0,0,1,False,-1
3224,DOUBLE,1,0,1,False,-1
3225,DOUBLE,1,0,1,False,-1
3226,SINGLE,0,0,1,False,-1
3227,DOUBLE,1,0,1,False,-1
3228,DOUBLE,1,0,1,False,-1
3229,DOUBLE,1,0,1,False,-1
3230,DOUBLE,1,0,1,False,-1
3231,DOUBLE,1,0,1,False,-1
3232,DOUBLE,1,0,1,False,-1
3233,DOUBLE,1,0,1,False,-1
3236,DOUBLE,1,0,1,False,-1
3237,SINGLE,0,0,1,False,-1
3238,SINGLE,0,0,1,False,-1
3239,SINGLE,0,0,1,False,-1
3240,SINGLE,0,0,1,False,-1
3241,SINGLE,0,0,1,False,-1
3242,DOUBLE,1,0,1,False,-1
3243,DOUBLE,1,0,1,False,-1
3244,SINGLE,0,0,1,False,-1
3245,SINGLE,0,0,1,False,-1
3246,DOUBLE,1,0,1,False,-1
3248,DOUBLE,1,0,1,False,-1
3249,DOUBLE,1,0,1,False,-1
3250,DOUBLE,1,0,1,False,-1
3251,SINGLE,0,0,1,False,-1
3252,DOUBLE,1,0,1,False,-1
3253,DOUBLE,1,0,1,False,-1
3254,SINGLE,0,0,1,False,-1
3255,SINGLE,0,0,1,False,-1
3256,SINGLE,0,0,1,False,-1
3257,DOUBLE,1,0,1,False,-1
3258,DOUBLE,1,0,1,False,-1
3259,DOUBLE,1,0,1,False,-1
3260,DOUBLE,1,0,1,False,-1
3261,DOUBLE,0,1,1,False,-1
3262,DOUBLE,1,0,1,False,-1
3263,DOUBLE,1,0,1,False,-1
3264,SINGLE,0,0,1,False,-1
3265,SINGLE,0,0,1,False,-1
3266,DOUBLE,1,0,1,False,-1
3267,SINGLE,0,0,1,False,-1
3268,SINGLE,0,0,1,False,-1
3269,SINGLE,0,0,1,False,-1
3270,DOUBLE,1,0,1,False,-1
3271,SINGLE,0,0,1,False,-1
3272,SINGLE,0,0,1,False,-1
3273,SINGLE,0,0,1,False,-1
3274,SINGLE,0,0,1,False,-1
3275,DOUBLE,1,0,1,False,-1
3276,DOUBLE,1,0,1,False,-1
3277,DOUBLE,1,0,1,False,-1
3278,SINGLE,0,0,1,False,-1
3280,DOUBLE,1,0,1,False,-1
3281,DOUBLE,1,0,1,False,-1
3282,TRIPLE,1,1,1,False,-1
3283,DOUBLE,1,0,1,False,-1
3284,TRIPLE,1,1,1,False,-1
3285,DOUBLE,1,0,1,False,-1
3288,DOUBLE,1,0,1,False,-1
3291,DOUBLE,1,0,1,False,-1
3292,DOUBLE,1,0,1,False,-1
3293,DOUBLE,1,0,1,False,-1
3294,DOUBLE,1,0,1,False,-1
3295,DOUBLE,1,0,1,False,-1
3297,SINGLE,0,0,1,False,-1
3298,DOUBLE,1,0,1,False,-1
3299,DOUBLE,1,0,1,False,-1
3300,SINGLE,0,0,1,False,-1
3301,DOUBLE,1,0,1,False,-1
3302,SINGLE,0,0,1,False,-1
3303,DOUBLE,1,0,1,False,-1
3304,DOUBLE,1,0,1,False,-1
3305,DOUBLE,1,0,1,False,-1
3306,SINGLE,0,0,1,False,-1
3307,SINGLE,0,0,1,False,-1
3308,SINGLE,0,0,1,False,-1
3309,SINGLE,0,0,1,False,-1
3310,SINGLE,0,0,1,False,-1
3311,TRIPLE,1,1,1,False,-1
3312,DOUBLE,1,0,1,False,-1
3313,TRIPLE,1,1,1,False,-1
3314,SINGLE,0,0,1,False,-1
3315,SINGLE,0,0,1,False,-1
3316,DOUBLE,1,0,1,False,-1
3317,DOUBLE,1,0,1,False,-1
3318,DOUBLE,1,0,1,False,-1
3320,DOUBLE,1,0,1,False,-1
3321,SINGLE,0,0,1,False,-1
3323,SINGLE,0,0,1,False,-1
3324,DOUBLE,1,0,1,False,-1
3325,SINGLE,0,0,1,False,-1
3326,DOUBLE,1,0,1,False,-1
3327,DOUBLE,1,0,1,False,-1
3328,DOUBLE,1,0,1,False,-1
3329,SINGLE,0,0,1,False,-1
3330,DOUBLE,1,0,1,False,-1
3331,DOUBLE,1,0,1,False,-1
3332,SINGLE,0,0,1,False,-1
3333,SINGLE,0,0,1,False,-1
3334,SINGLE,0,0,1,False,-1
3335,DOUBLE,1,0,1,False,-1
3337,SINGLE,0,0,1,False,-1
3338,SINGLE,0,0,1,False,-1
3339,DOUBLE,1,0,1,False,-1
3340,SINGLE,0,0,1,False,-1
3341,DOUBLE,1,0,1,False,-1
3342,SINGLE,0,0,1,False,-1
3343,DOUBLE,1,0,1,False,-1
3344,DOUBLE,1,0,1,False,-1
3345,DOUBLE,1,0,1,False,-1
3346,DOUBLE,1,0,1,False,-1
3347,SINGLE,0,0,1,False,-1
3348,SINGLE,0,0,1,False,-1
3349,DOUBLE,1,0,1,False,-1
3350,DOUBLE,1,0,1,False,-1
3351,SINGLE,0,0,1,False,-1
3352,DOUBLE,1,0,1,False,-1
3353,DOUBLE,1,0,1,False,-1
3354,SINGLE,0,0,1,False,-1
3355,SINGLE,0,0,1,False,-1
3356,DOUBLE,1,0,1,False,-1
3357,SINGLE,0,0,1,False,-1
3358,DOUBLE,1,0,1,False,-1
3359,SINGLE,0,0,1,False,-1
3360,DOUBLE,1,0,1,False,-1
3361,DOUBLE,1,0,1,False,-1
3362,SINGLE,0,0,1,False,-1
3363,DOUBLE,1,0,1,False,-1
3364,SINGLE,0,0,1,False,-1
3365,SINGLE,0,0,1,False,-1
3366,DOUBLE,1,0,1,False,-1
3367,SINGLE,0,0,1,False,-1
3368,DOUBLE,1,0,1,False,-1
3369,SINGLE,0,0,1,False,-1
3370,DOUBLE,1,0,1,False,-1
3371,DOUBLE,1,0,1,False,-1
3372,DOUBLE,1,0,1,False,-1
3373,DOUBLE,1,0,1,False,-1
3374,DOUBLE,1,0,1,False,-1
3375,DOUBLE,1,0,1,False,-1
3376,DOUBLE,1,0,1,False,-1
3377,SINGLE,0,0,1,False,-1
3378,SINGLE,0,0,1,False,-1
3379,DOUBLE,1,0,1,False,-1
3380,DOUBLE,1,0,1,False,-1
3381,DOUBLE,1,0,1,False,-1
3382,DOUBLE,1,0,1,False,-1
3383,SINGLE,0,0,1,False,-1
3384,DOUBLE,1,0,1,False,-1
3387,DOUBLE,1,0,1,False,-1
3388,SINGLE,0,0,1,False,-1
3390,DOUBLE,1,0,1,False,-1
3391,DOUBLE,1,0,1,False,-1
3392,SINGLE,0,0,1,False,-1
3393,DOUBLE,1,0,1,False,-1
3394,DOUBLE,1,0,1,False,-1
3395,DOUBLE,1,0,1,False,-1
3396,DOUBLE,1,0,1,False,-1
3397,DOUBLE,1,0,1,False,-1
3398,DOUBLE,1,0,1,False,-1
3399,DOUBLE,1,0,1,False,-1
3400,SINGLE,0,0,1,False,-1
3401,DOUBLE,1,0,1,False,-1
3402,SINGLE,0,0,1,False,-1
3403,SINGLE,0,0,1,False,-1
3404,SINGLE,0,0,1,False,-1
3405,SINGLE,0,0,1,False,-1
3406,SINGLE,0,0,1,False,-1
3407,DOUBLE,1,0,1,False,-1
3408,SINGLE,0,0,1,False,-1
3409,DOUBLE,1,0,1,False,-1
3410,SINGLE,0,0,1,False,-1
3411,SINGLE,0,0,1,False,-1
3412,SINGLE,0,0,1,False,-1
3413,DOUBLE,1,0,1,False,-1
3414,SINGLE,0,0,1,False,-1
3415,SINGLE,0,0,1,False,-1
3416,SINGLE,0,0,1,False,-1
3417,SINGLE,0,0,1,False,-1
3418,SINGLE,0,0,1,False,-1
3419,DOUBLE,1,0,1,False,-1
3420,DOUBLE,1,0,1,False,-1
3421,SINGLE,0,0,1,False,-1
3422,DOUBLE,1,0,1,False,-1
3423,DOUBLE,1,0,1,False,-1
3424,SINGLE,0,0,1,False,-1
3425,SINGLE,0,0,1,False,-1
3426,SINGLE,0,0,1,False,-1
3427,SINGLE,0,0,1,False,-1
3428,DOUBLE,1,0,1,False,-1
3429,SINGLE,0,0,1,False,-1
3430,DOUBLE,1,0,1,False,-1
3431,DOUBLE,1,0,1,False,-1
3432,DOUBLE,1,0,1,False,-1
3433,SINGLE,0,0,1,False,-1
3435,DOUBLE,1,0,1,False,-1
3436,SINGLE,0,0,1,False,-1
3437,SINGLE,0,0,1,False,-1
3438,SINGLE,0,0,1,False,-1
3439,SINGLE,0,0,1,False,-1
3440,SINGLE,0,0,1,False,-1
3441,SINGLE,0,0,1,False,-1
3443,SINGLE,0,0,1,False,-1
3444,DOUBLE,1,0,1,False,-1
3445,SINGLE,0,0,1,False,-1
3446,SINGLE,0,0,1,False,-1
3447,SINGLE,0,0,1,False,-1
3448,SINGLE,0,0,1,False,-1
3449,DOUBLE,1,0,1,False,-1
3450,DOUBLE,1,0,1,False,-1
3451,SINGLE,0,0,1,False,-1
3452,SINGLE,0,0,1,False,-1
3453,DOUBLE,1,0,1,False,-1
3454,DOUBLE,1,0,1,False,-1
3458,DOUBLE,1,0,1,False,-1
3459,SINGLE,0,0,1,False,-1
3460,DOUBLE,1,0,1,False,-1
3461,SINGLE,0,0,1,False,-1
3462,SINGLE,0,0,1,False,-1
3463,SINGLE,0,0,1,False,-1
3464,SINGLE,0,0,1,False,-1
3465,SINGLE,0,0,1,False,-1
3466,DOUBLE,1,0,1,False,-1
3467,DOUBLE,1,0,1,False,-1
3468,DOUBLE,1,0,1,False,-1
3469,DOUBLE,1,0,1,False,-1
3470,DOUBLE,1,0,1,False,-1
3471,DOUBLE,1,0,1,False,-1
3472,DOUBLE,1,0,1,False,-1
3473,DOUBLE,1,0,1,False,-1
3474,DOUBLE,1,0,1,False,-1
3476,DOUBLE,1,0,1,False,-1
3477,SINGLE,0,0,1,False,-1
3478,DOUBLE,1,0,1,False,-1
3479,SINGLE,0,0,1,False,-1
3480,DOUBLE,1,0,1,False,-1
3481,DOUBLE,1,0,1,False,-1
3482,DOUBLE,1,0,1,False,-1
3483,DOUBLE,1,0,1,False,-1
3484,DOUBLE,0,1,1,False,-1
3485,SINGLE,0,0,1,False,-1
3486,SINGLE,0,0,1,False,-1
3487,DOUBLE,1,0,1,False,-1
3488,DOUBLE,1,0,1,False,-1
3489,SINGLE,0,0,1,False,-1
3490,DOUBLE,1,0,1,False,-1
3491,DOUBLE,1,0,1,False,-1
3492,DOUBLE,1,0,1,False,-1
3493,SINGLE,0,0,1,False,-1
3494,SINGLE,0,0,1,False,-1
3495,SINGLE,0,0,1,False,-1
3496,DOUBLE,1,0,1,False,-1
3498,DOUBLE,1,0,1,False,-1
3499,DOUBLE,1,0,1,False,-1
3500,SINGLE,0,0,1,False,-1
3501,DOUBLE,1,0,1,False,-1
3502,DOUBLE,1,0,1,False,-1
3503,SINGLE,0,0,1,False,-1
3504,DOUBLE,1,0,1,False,-1
3505,SINGLE,0,0,1,False,-1
3506,DOUBLE,1,0,1,False,-1
3507,SINGLE,0,0,1,False,-1
3508,DOUBLE,1,0,1,False,-1
3509,DOUBLE,1,0,1,False,-1
3510,DOUBLE,1,0,1,False,-1
3511,SINGLE,0,0,1,False,-1
3512,SINGLE,0,0,1,False,-1
3513,DOUBLE,1,0,1,False,-1
3514,DOUBLE,1,0,1,False,-1
3515,DOUBLE,1,0,1,False,-1
3516,DOUBLE,1,0,1,False,-1
3517,SINGLE,0,0,1,False,-1
3518,SINGLE,0,0,1,False,-1
3519,SINGLE,0,0,1,False,-1
3520,DOUBLE,1,0,1,False,-1
3521,SINGLE,0,0,1,False,-1
3522,DOUBLE,1,0,1,False,-1
3523,SINGLE,0,0,1,False,-1
3524,DOUBLE,1,0,1,False,-1
3525,DOUBLE,1,0,1,False,-1
3526,DOUBLE,1,0,1,False,-1
3527,TRIPLE,1,1,1,False,-1
3528,DOUBLE,1,0,1,False,-1
3529,DOUBLE,1,0,1,False,-1
3530,DOUBLE,1,0,1,False,-1
3531,DOUBLE,1,0,1,False,-1
3532,DOUBLE,1,0,1,False,-1
3533,SINGLE,0,0,1,False,-1
3534,DOUBLE,1,0,1,False,-1
3535,SINGLE,0,0,1,False,-1
3536,SINGLE,0,0,1,False,-1
3537,SINGLE,0,0,1,False,-1
3538,SINGLE,0,0,1,False,-1
3539,DOUBLE,1,0,1,False,-1
3540,SINGLE,0,0,1,False,-1
3541,SINGLE,0,0,1,False,-1
3543,DOUBLE,1,0,1,False,-1
3544,DOUBLE,1,0,1,False,-1
3545,DOUBLE,1,0,1,False,-1
3546,SINGLE,0,0,1,False,-1
3547,DOUBLE,1,0,1,False,-1
3548,DOUBLE,1,0,1,False,-1
3549,DOUBLE,1,0,1,False,-1
3550,SINGLE,0,0,1,False,-1
3551,SINGLE,0,0,1,False,-1
3552,DOUBLE,1,0,1,False,-1
3553,SINGLE,0,0,1,False,-1
3555,DOUBLE,0,1,1,False,-1
3556,DOUBLE,1,0,1,False,-1
3557,DOUBLE,1,0,1,False,-1
3558,DOUBLE,1,0,1,False,-1
3559,SINGLE,0,0,1,False,-1
3560,DOUBLE,1,0,1,False,-1
3561,DOUBLE,1,0,1,False,-1
3562,DOUBLE,1,0,1,False,-1
3563,DOUBLE,1,0,1,False,-1
3564,SINGLE,0,0,1,False,-1
3565,DOUBLE,1,0,1,False,-1
3566,SINGLE,0,0,1,False,-1
3568,DOUBLE,1,0,1,False,-1
3569,DOUBLE,1,0,1,False,-1
3570,SINGLE,0,0,1,False,-1
3571,DOUBLE,1,0,1,False,-1
3572,DOUBLE,1,0,1,False,-1
3573,SINGLE,0,0,1,False,-1
3574,SINGLE,0,0,1,False,-1
3575,DOUBLE,1,0,1,False,-1
3576,DOUBLE,1,0,1,False,-1
3577,DOUBLE,1,0,1,False,-1
3579,DOUBLE,1,0,1,False,-1
3580,SINGLE,0,0,1,False,-1
3582,SINGLE,0,0,1,False,-1
3583,SINGLE,0,0,1,False,-1
3584,DOUBLE,1,0,1,False,-1
3585,SINGLE,0,0,1,False,-1
3586,SINGLE,0,0,1,False,-1
3587,SINGLE,0,0,1,False,-1
3588,DOUBLE,1,0,1,False,-1
3589,SINGLE,0,0,1,False,-1
3590,SINGLE,0,0,1,False,-1
3591,SINGLE,0,0,1,False,-1
3592,SINGLE,0,0,1,False,-1
3593,SINGLE,0,0,1,False,-1
3595,DOUBLE,1,0,1,False,-1
3597,DOUBLE,1,0,1,False,-1
3598,SINGLE,0,0,1,False,-1
3599,SINGLE,0,0,1,False,-1
3600,SINGLE,0,0,1,False,-1
3601,DOUBLE,1,0,1,False,-1
3602,DOUBLE,1,0,1,False,-1
3604,DOUBLE,1,0,1,False,-1
3605,SINGLE,0,0,1,False,-1
3606,SINGLE,0,0,1,False,-1
3607,DOUBLE,1,0,1,False,-1
3608,SINGLE,0,0,1,False,-1
3609,SINGLE,0,0,1,False,-1
3610,SINGLE,0,0,1,False,-1
3611,DOUBLE,1,0,1,False,-1
3612,DOUBLE,1,0,1,False,-1
3613,DOUBLE,1,0,1,False,-1
3614,DOUBLE,1,0,1,False,-1
3615,TRIPLE,1,1,1,False,-1
3616,SINGLE,0,0,1,False,-1
3617,DOUBLE,1,0,1,False,-1
3618,SINGLE,0,0,1,False,-1
3619,DOUBLE,1,0,1,False,-1
3620,SINGLE,0,0,1,False,-1
3621,DOUBLE,1,0,1,False,-1
3622,DOUBLE,1,0,1,False,-1
3623,SINGLE,0,0,1,False,-1
3624,DOUBLE,1,0,1,False,-1
3625,DOUBLE,1,0,1,False,-1
3626,DOUBLE,0,1,1,False,-1
3627,DOUBLE,1,0,1,False,-1
3628,SINGLE,0,0,1,False,-1
3629,SINGLE,0,0,1,False,-1
3630,DOUBLE,1,0,1,False,-1
3631,DOUBLE,1,0,1,False,-1
3632,SINGLE,0,0,1,False,-1
3633,DOUBLE,1,0,1,False,-1
3634,SINGLE,0,0,1,False,-1
3635,SINGLE,0,0,1,False,-1
3636,DOUBLE,1,0,1,False,-1
3637,SINGLE,0,0,1,False,-1
3638,DOUBLE,1,0,1,False,-1
3639,DOUBLE,1,0,1,False,-1
3640,DOUBLE,1,0,1,False,-1
3641,SINGLE,0,0,1,False,-1
3643,DOUBLE,1,0,1,False,-1
3644,DOUBLE,1,0,1,False,-1
3645,SINGLE,0,0,1,False,-1
3647,DOUBLE,1,0,1,False,-1
3648,SINGLE,0,0,1,False,-1
3649,DOUBLE,1,0,1,False,-1
3650,SINGLE,0,0,1,False,-1
3651,SINGLE,0,0,1,False,-1
3652,DOUBLE,1,0,1,False,-1
3653,DOUBLE,1,0,1,False,-1
3654,DOUBLE,1,0,1,False,-1
3655,SINGLE,0,0,1,False,-1
3657,SINGLE,0,0,1,False,-1
3658,SINGLE,0,0,1,False,-1
3659,DOUBLE,1,0,1,False,-1
3661,DOUBLE,1,0,1,False,-1
3662,DOUBLE,1,0,1,False,-1
3663,DOUBLE,1,0,1,False,-1
3664,SINGLE,0,0,1,False,-1
3665,DOUBLE,1,0,1,False,-1
3666,DOUBLE,1,0,1,False,-1
3667,DOUBLE,1,0,1,False,-1
3668,DOUBLE,1,0,1,False,-1
3669,DOUBLE,1,0,1,False,-1
3670,DOUBLE,1,0,1,False,-1
3671,SINGLE,0,0,1,False,-1
3672,SINGLE,0,0,1,False,-1
3673,DOUBLE,1,0,1,False,-1
3674,DOUBLE,1,0,1,False,-1
3676,DOUBLE,1,0,1,False,-1
3677,DOUBLE,1,0,1,False,-1
3678,SINGLE,0,0,1,False,-1
3679,DOUBLE,0,1,1,False,-1
3680,DOUBLE,1,0,1,False,-1
3681,DOUBLE,1,0,1,False,-1
3682,DOUBLE,1,0,1,False,-1
3683,DOUBLE,1,0,1,False,-1
3684,DOUBLE,1,0,1,False,-1
3685,SINGLE,0,0,1,False,-1
3686,DOUBLE,1,0,1,False,-1
3687,DOUBLE,1,0,1,False,-1
3688,DOUBLE,1,0,1,False,-1
3689,DOUBLE,1,0,1,False,-1
3690,DOUBLE,1,0,1,False,-1
3691,SINGLE,0,0,1,False,-1
3692,DOUBLE,1,0,1,False,-1
3693,SINGLE,0,0,1,False,-1
3694,SINGLE,0,0,1,False,-1
3695,DOUBLE,1,0,1,False,-1
3696,DOUBLE,1,0,1,False,-1
3697,SINGLE,0,0,1,False,-1
3698,DOUBLE,1,0,1,False,-1
3699,DOUBLE,1,0,1,False,-1
3700,DOUBLE,1,0,1,False,-1
3702,SINGLE,0,0,1,False,-1
3703,DOUBLE,1,0,1,False,-1
3704,SINGLE,0,0,1,False,-1
3705,DOUBLE,1,0,1,False,-1
3706,DOUBLE,1,0,1,False,-1
3707,DOUBLE,1,0,1,False,-1
3708,DOUBLE,1,0,1,False,-1
3709,SINGLE,0,0,1,False,-1
3710,DOUBLE,1,0,1,False,-1
3711,SINGLE,0,0,1,False,-1
3712,SINGLE,0,0,1,False,-1
3713,SINGLE,0,0,1,False,-1
3714,DOUBLE,1,0,1,False,-1
3715,SINGLE,0,0,1,False,-1
3716,DOUBLE,1,0,1,False,-1
3717,DOUBLE,1,0,1,False,-1
3718,SINGLE,0,0,1,False,-1
3719,SINGLE,0,0,1,False,-1
3720,DOUBLE,1,0,1,False,-1
3721,SINGLE,0,0,1,False,-1
3722,DOUBLE,1,0,1,False,-1
3723,DOUBLE,1,0,1,False,-1
3724,DOUBLE,1,0,1,False,-1
3725,SINGLE,0,0,1,False,-1
3726,SINGLE,0,0,1,False,-1
3727,DOUBLE,1,0,1,False,-1
3728,DOUBLE,1,0,1,False,-1
3729,DOUBLE,1,0,1,False,-1
3730,SINGLE,0,0,1,False,-1
3731,DOUBLE,1,0,1,False,-1
3732,DOUBLE,1,0,1,False,-1
3733,SINGLE,0,0,1,False,-1
3734,DOUBLE,1,0,1,False,-1
3735,SINGLE,0,0,1,False,-1
3736,DOUBLE,1,0,1,False,-1
3737,SINGLE,0,0,1,False,-1
3738,SINGLE,0,0,1,False,-1
3739,SINGLE,0,0,1,False,-1
3740,SINGLE,0,0,1,False,-1
3741,SINGLE,0,0,1,False,-1
3742,SINGLE,0,0,1,False,-1
3743,DOUBLE,1,0,1,False,-1
3744,DOUBLE,1,0,1,False,-1
3745,DOUBLE,1,0,1,False,-1
3746,DOUBLE,1,0,1,False,-1
3747,SINGLE,0,0,1,False,-1
3748,DOUBLE,1,0,1,False,-1
3749,DOUBLE,1,0,1,False,-1
3750,DOUBLE,1,0,1,False,-1
3751,DOUBLE,1,0,1,False,-1
3752,SINGLE,0,0,1,False,-1
3753,SINGLE,0,0,1,False,-1
3754,DOUBLE,1,0,1,False,-1
3755,DOUBLE,1,0,1,False,-1
3756,SINGLE,0,0,1,False,-1
3757,DOUBLE,1,0,1,False,-1
3758,DOUBLE,1,0,1,False,-1
3759,DOUBLE,1,0,1,False,-1
3761,DOUBLE,1,0,1,False,-1
3762,DOUBLE,1,0,1,False,-1
3763,DOUBLE,1,0,1,False,-1
3764,SINGLE,0,0,1,False,-1
3765,DOUBLE,1,0,1,False,-1
3766,DOUBLE,1,0,1,False,-1
3767,TRIPLE,1,1,1,False,-1
3768,DOUBLE,1,0,1,False,-1
3769,DOUBLE,1,0,1,False,-1
3770,DOUBLE,0,1,1,False,-1
3771,DOUBLE,1,0,1,False,-1
3772,SINGLE,0,0,1,False,-1
3773,SINGLE,0,0,1,False,-1
3775,SINGLE,0,0,1,False,-1
3776,DOUBLE,1,0,1,False,-1
3777,DOUBLE,1,0,1,False,-1
3779,SINGLE,0,0,1,False,-1
3780,SINGLE,0,0,1,False,-1
3781,DOUBLE,1,0,1,False,-1
3782,SINGLE,0,0,1,False,-1
3783,SINGLE,0,0,1,False,-1
3784,DOUBLE,1,0,1,False,-1
3785,SINGLE,0,0,1,False,-1
3786,SINGLE,0,0,1,False,-1
3787,SINGLE,0,0,1,False,-1
3789,SINGLE,0,0,1,False,-1
3790,DOUBLE,1,0,1,False,-1
3791,DOUBLE,1,0,1,False,-1
3792,DOUBLE,1,0,1,False,-1
3793,SINGLE,0,0,1,False,-1
3794,SINGLE,0,0,1,False,-1
3795,DOUBLE,1,0,1,False,-1
3796,SINGLE,0,0,1,False,-1
3797,DOUBLE,1,0,1,False,-1
3798,SINGLE,0,0,1,False,-1
3799,DOUBLE,1,0,1,False,-1
3800,DOUBLE,1,0,1,False,-1
3801,DOUBLE,1,0,1,False,-1
3802,SINGLE,0,0,1,False,-1
3803,DOUBLE,1,0,1,False,-1
3804,DOUBLE,1,0,1,False,-1
3805,DOUBLE,1,0,1,False,-1
3807,DOUBLE,1,0,1,False,-1
3809,DOUBLE,1,0,1,False,-1
3810,DOUBLE,1,0,1,False,-1
3811,SINGLE,0,0,1,False,-1
3812,DOUBLE,1,0,1,False,-1
3813,SINGLE,0,0,1,False,-1
3814,SINGLE,0,0,1,False,-1
3815,DOUBLE,1,0,1,False,-1
3816,DOUBLE,1,0,1,False,-1
3817,DOUBLE,1,0,1,False,-1
3818,DOUBLE,1,0,1,False,-1
3819,SINGLE,0,0,1,False,-1
3820,DOUBLE,1,0,1,False,-1
3821,DOUBLE,1,0,1,False,-1
3822,DOUBLE,1,0,1,False,-1
3823,SINGLE,0,0,1,False,-1
3824,DOUBLE,1,0,1,False,-1
3825,SINGLE,0,0,1,False,-1
3826,SINGLE,0,0,1,False,-1
3827,SINGLE,0,0,1,False,-1
3828,SINGLE,0,0,1,False,-1
3830,SINGLE,0,0,1,False,-1
3831,SINGLE,0,0,1,False,-1
3833,DOUBLE,1,0,1,False,-1
3834,SINGLE,0,0,1,False,-1
3835,SINGLE,0,0,1,False,-1
3836,SINGLE,0,0,1,False,-1
3837,DOUBLE,1,0,1,False,-1
3838,DOUBLE,1,0,1,False,-1
3839,SINGLE,0,0,1,False,-1
3840,DOUBLE,1,0,1,False,-1
3841,SINGLE,0,0,1,False,-1
3842,SINGLE,0,0,1,False,-1
3844,SINGLE,0,0,1,False,-1
3846,SINGLE,0,0,1,False,-1
3847,SINGLE,0,0,1,False,-1
3848,DOUBLE,1,0,1,False,-1
3849,DOUBLE,1,0,1,False,-1
3851,DOUBLE,1,0,1,False,-1
3852,SINGLE,0,0,1,False,-1
3853,DOUBLE,1,0,1,False,-1
3854,DOUBLE,1,0,1,False,-1
3855,SINGLE,0,0,1,False,-1
3856,SINGLE,0,0,1,False,-1
3857,DOUBLE,1,0,1,False,-1
3858,DOUBLE,1,0,1,False,-1
3859,SINGLE,0,0,1,False,-1
3860,DOUBLE,1,0,1,False,-1
3861,DOUBLE,1,0,1,False,-1
3862,DOUBLE,1,0,1,False,-1
3863,DOUBLE,1,0,1,False,-1
3864,DOUBLE,1,0,1,False,-1
3865,DOUBLE,1,0,1,False,-1
3866,DOUBLE,1,0,1,False,-1
3867,DOUBLE,1,0,1,False,-1
3868,SINGLE,0,0,1,False,-1
3869,DOUBLE,1,0,1,False,-1
3870,DOUBLE,1,0,1,False,-1
3872,DOUBLE,1,0,1,False,-1
3873,DOUBLE,1,0,1,False,-1
3874,DOUBLE,1,0,1,False,-1
3875,SINGLE,0,0,1,False,-1
3876,SINGLE,0,0,1,False,-1
3877,SINGLE,0,0,1,False,-1
3878,DOUBLE,1,0,1,False,-1
3879,SINGLE,0,0,1,False,-1
3880,SINGLE,0,0,1,False,-1
3881,DOUBLE,1,0,1,False,-1
3883,SINGLE,0,0,1,False,-1
3884,DOUBLE,1,0,1,False,-1
3885,DOUBLE,1,0,1,False,-1
3886,DOUBLE,1,0,1,False,-1
3887,SINGLE,0,0,1,False,-1
3888,SINGLE,0,0,1,False,-1
3889,SINGLE,0,0,1,False,-1
3890,SINGLE,0,0,1,False,-1
3891,DOUBLE,1,0,1,False,-1
3892,SINGLE,0,0,1,False,-1
3893,DOUBLE,1,0,1,False,-1
3894,SINGLE,0,0,1,False,-1
3895,SINGLE,0,0,1,False,-1
3896,DOUBLE,1,0,1,False,-1
3897,DOUBLE,1,0,1,False,-1
3899,DOUBLE,1,0,1,False,-1
3900,SINGLE,0,0,1,False,-1
3901,DOUBLE,1,0,1,False,-1
3902,DOUBLE,1,0,1,False,-1
3903,SINGLE,0,0,1,False,-1
3905,DOUBLE,1,0,1,False,-1
3906,DOUBLE,1,0,1,False,-1
3907,DOUBLE,1,0,1,False,-1
3908,DOUBLE,1,0,1,False,-1
3909,DOUBLE,1,0,1,False,-1
3910,SINGLE,0,0,1,False,-1
3911,SINGLE,0,0,1,False,-1
3912,DOUBLE,0,1,1,False,-1
3913,SINGLE,0,0,1,False,-1
3914,DOUBLE,1,0,1,False,-1
3915,DOUBLE,1,0,1,False,-1
3917,DOUBLE,1,0,1,False,-1
3918,DOUBLE,1,0,1,False,-1
3919,SINGLE,0,0,1,False,-1
3920,DOUBLE,1,0,1,False,-1
3921,DOUBLE,1,0,1,False,-1
3922,DOUBLE,1,0,1,False,-1
3923,SINGLE,0,0,1,False,-1
3924,SINGLE,0,0,1,False,-1
3925,SINGLE,0,0,1,False,-1
3927,DOUBLE,1,0,1,False,-1
3928,SINGLE,0,0,1,False,-1
3929,DOUBLE,1,0,1,False,-1
3930,SINGLE,0,0,1,False,-1
3931,DOUBLE,1,0,1,False,-1
3932,SINGLE,0,0,1,False,-1
3933,DOUBLE,1,0,1,False,-1
3934,DOUBLE,1,0,1,False,-1
3935,SINGLE,0,0,1,False,-1
3937,SINGLE,0,0,1,False,-1
3938,DOUBLE,1,0,1,False,-1
3939,DOUBLE,1,0,1,False,-1
3940,DOUBLE,1,0,1,False,-1
3941,DOUBLE,1,0,1,False,-1
3942,DOUBLE,1,0,1,False,-1
3943,SINGLE,0,0,1,False,-1
3944,SINGLE,0,0,1,False,-1
3945,DOUBLE,1,0,1,False,-1
3946,SINGLE,0,0,1,False,-1
3947,SINGLE,0,0,1,False,-1
3948,DOUBLE,1,0,1,False,-1
3949,SINGLE,0,0,1,False,-1
3950,DOUBLE,1,0,1,False,-1
3951,DOUBLE,1,0,1,False,-1
3952,SINGLE,0,0,1,False,-1
3953,SINGLE,0,0,1,False,-1
3954,SINGLE,0,0,1,False,-1
3955,SINGLE,0,0,1,False,-1
3956,SINGLE,0,0,1,False,-1
3957,SINGLE,0,0,1,False,-1
3958,SINGLE,0,0,1,False,-1
3959,SINGLE,0,0,1,False,-1
3960,SINGLE,0,0,1,False,-1
3961,DOUBLE,1,0,1,False,-1
3962,SINGLE,0,0,1,False,-1
3963,SINGLE,0,0,1,False,-1
3964,SINGLE,0,0,1,False,-1
3965,DOUBLE,1,0,1,False,-1
3966,SINGLE,0,0,1,False,-1
3967,DOUBLE,1,0,1,False,-1
3969,SINGLE,0,0,1,False,-1
3970,DOUBLE,1,0,1,False,-1
3971,DOUBLE,1,0,1,False,-1
3972,DOUBLE,1,0,1,False,-1
3973,DOUBLE,1,0,1,False,-1
3974,SINGLE,0,0,1,False,-1
3975,DOUBLE,1,0,1,False,-1
3976,SINGLE,0,0,1,False,-1
3977,DOUBLE,1,0,1,False,-1
3978,SINGLE,0,0,1,False,-1
3979,SINGLE,0,0,1,False,-1
3980,DOUBLE,1,0,1,False,-1
3981,DOUBLE,1,0,1,False,-1
3982,DOUBLE,1,0,1,False,-1
3983,SINGLE,0,0,1,False,-1
3984,SINGLE,0,0,1,False,-1
3985,DOUBLE,1,0,1,False,-1
3986,DOUBLE,1,0,1,False,-1
3987,DOUBLE,1,0,1,False,-1
3988,SINGLE,0,0,1,False,-1
3989,DOUBLE,1,0,1,False,-1
3990,DOUBLE,1,0,1,False,-1
3991,DOUBLE,1,0,1,False,-1
3992,DOUBLE,1,0,1,False,-1
3993,DOUBLE,1,0,1,False,-1
3994,SINGLE,0,0,1,False,-1
3995,DOUBLE,1,0,1,False,-1
3996,DOUBLE,1,0,1,False,-1
3997,DOUBLE,1,0,1,False,-1
3998,SINGLE,0,0,1,False,-1
4000,SINGLE,0,0,1,False,-1
4001,DOUBLE,1,0,1,False,-1
4002,DOUBLE,1,0,1,False,-1
4003,SINGLE,0,0,1,False,-1
4004,SINGLE,0,0,1,False,-1
4005,SINGLE,0,0,1,False,-1
4006,SINGLE,0,0,1,False,-1
4007,SINGLE,0,0,1,False,-1
4008,SINGLE,0,0,1,False,-1
4009,DOUBLE,1,0,1,False,-1
4010,SINGLE,0,0,1,False,-1
4011,SINGLE,0,0,1,False,-1
4012,DOUBLE,1,0,1,False,-1
4013,DOUBLE,1,0,1,False,-1
4014,DOUBLE,1,0,1,False,-1
4015,DOUBLE,1,0,1,False,-1
4017,SINGLE,0,0,1,False,-1
4018,DOUBLE,1,0,1,False,-1
4020,DOUBLE,1,0,1,False,-1
4021,DOUBLE,1,0,1,False,-1
4022,DOUBLE,1,0,1,False,-1
4023,SINGLE,0,0,1,False,-1
4024,SINGLE,0,0,1,False,-1
4025,SINGLE,0,0,1,False,-1
4026,SINGLE,0,0,1,False,-1
4027,SINGLE,0,0,1,False,-1
4028,SINGLE,0,0,1,False,-1
4029,DOUBLE,1,0,1,False,-1
4030,DOUBLE,1,0,1,False,-1
4031,DOUBLE,1,0,1,False,-1
4032,DOUBLE,1,0,1,False,-1
4033,DOUBLE,1,0,1,False,-1
4034,DOUBLE,1,0,1,False,-1
4035,SINGLE,0,0,1,False,-1
4036,DOUBLE,1,0,1,False,-1
4037,DOUBLE,1,0,1,False,-1
4038,SINGLE,0,0,1,False,-1
4039,SINGLE,0,0,1,False,-1
4040,SINGLE,0,0,1,False,-1
4041,DOUBLE,1,0,1,False,-1
4042,SINGLE,0,0,1,False,-1
4043,DOUBLE,1,0,1,False,-1
4044,SINGLE,0,0,1,False,-1
4045,SINGLE,0,0,1,False,-1
4046,DOUBLE,1,0,1,False,-1
4047,DOUBLE,1,0,1,False,-1
4048,DOUBLE,1,0,1,False,-1
4050,DOUBLE,1,0,1,False,-1
4051,DOUBLE,1,0,1,False,-1
4052,SINGLE,0,0,1,False,-1
4053,SINGLE,0,0,1,False,-1
4054,SINGLE,0,0,1,False,-1
4055,DOUBLE,1,0,1,False,-1
4056,SINGLE,0,0,1,False,-1
4057,DOUBLE,1,0,1,False,-1
4059,SINGLE,0,0,1,False,-1
4060,DOUBLE,1,0,1,False,-1
4061,SINGLE,0,0,1,False,-1
4062,SINGLE,0,0,1,False,-1
4063,SINGLE,0,0,1,False,-1
4064,SINGLE,0,0,1,False,-1
4065,DOUBLE,1,0,1,False,-1
4066,DOUBLE,1,0,1,False,-1
4067,DOUBLE,1,0,1,False,-1
4068,SINGLE,0,0,1,False,-1
4070,SINGLE,0,0,1,False,-1
4071,DOUBLE,1,0,1,False,-1
4072,SINGLE,0,0,1,False,-1
4073,DOUBLE,1,0,1,False,-1
4074,DOUBLE,1,0,1,False,-1
4075,SINGLE,0,0,1,False,-1
4076,DOUBLE,1,0,1,False,-1
4077,DOUBLE,1,0,1,False,-1
4078,SINGLE,0,0,1,False,-1
4079,SINGLE,0,0,1,False,-1
4080,SINGLE,0,0,1,False,-1
4081,SINGLE,0,0,1,False,-1
4082,DOUBLE,1,0,1,False,-1
4083,SINGLE,0,0,1,False,-1
4084,DOUBLE,1,0,1,False,-1
4085,DOUBLE,1,0,1,False,-1
4087,DOUBLE,1,0,1,False,-1
4088,DOUBLE,1,0,1,False,-1
4089,DOUBLE,1,0,1,False,-1
4090,DOUBLE,1,0,1,False,-1
4091,DOUBLE,1,0,1,False,-1
4092,DOUBLE,1,0,1,False,-1
4093,DOUBLE,1,0,1,False,-1
4094,DOUBLE,1,0,1,False,-1
4095,DOUBLE,1,0,1,False,-1
4096,DOUBLE,1,0,1,False,-1
4097,SINGLE,0,0,1,False,-1
4098,SINGLE,0,0,1,False,-1
4099,DOUBLE,1,0,1,False,-1
4100,SINGLE,0,0,1,False,-1
4101,DOUBLE,1,0,1,False,-1
4102,DOUBLE,1,0,1,False,-1
4103,DOUBLE,1,0,1,False,-1
4104,SINGLE,0,0,1,False,-1
4105,DOUBLE,1,0,1,False,-1
4106,DOUBLE,0,1,1,False,-1
4107,DOUBLE,1,0,1,False,-1
4108,DOUBLE,1,0,1,False,-1
4109,DOUBLE,1,0,1,False,-1
4110,SINGLE,0,0,1,False,-1
4111,SINGLE,0,0,1,False,-1
4112,DOUBLE,1,0,1,False,-1
4113,SINGLE,0,0,1,False,-1
4114,SINGLE,0,0,1,False,-1
4115,SINGLE,0,0,1,False,-1
4116,DOUBLE,1,0,1,False,-1
4117,DOUBLE,1,0,1,False,-1
4118,SINGLE,0,0,1,False,-1
4119,DOUBLE,1,0,1,False,-1
4121,SINGLE,0,0,1,False,-1
4122,DOUBLE,1,0,1,False,-1
4123,DOUBLE,1,0,1,False,-1
4124,DOUBLE,1,0,1,False,-1
4125,DOUBLE,1,0,1,False,-1
4126,SINGLE,0,0,1,False,-1
4127,SINGLE,0,0,1,False,-1
4128,DOUBLE,1,0,1,False,-1
4129,SINGLE,0,0,1,False,-1
4131,DOUBLE,1,0,1,False,-1
4132,DOUBLE,1,0,1,False,-1
4133,SINGLE,0,0,1,False,-1
4134,SINGLE,0,0,1,False,-1
4135,DOUBLE,1,0,1,False,-1
4136,SINGLE,0,0,1,False,-1
4137,DOUBLE,1,0,1,False,-1
4138,DOUBLE,1,0,1,False,-1
4139,DOUBLE,1,0,1,False,-1
4140,SINGLE,0,0,1,False,-1
4141,DOUBLE,1,0,1,False,-1
4142,DOUBLE,1,0,1,False,-1
4143,DOUBLE,1,0,1,False,-1
4144,DOUBLE,1,0,1,False,-1
4145,SINGLE,0,0,1,False,-1
4146,SINGLE,0,0,1,False,-1
4147,SINGLE,0,0,1,False,-1
4148,SINGLE,0,0,1,False,-1
4149,SINGLE,0,0,1,False,-1
4150,DOUBLE,1,0,1,False,-1
4151,DOUBLE,1,0,1,False,-1
4152,DOUBLE,1,0,1,False,-1
4153,DOUBLE,1,0,1,False,-1
4154,SINGLE,0,0,1,False,-1
4155,DOUBLE,1,0,1,False,-1
4156,DOUBLE,1,0,1,False,-1
4157,DOUBLE,1,0,1,False,-1
4158,SINGLE,0,0,1,False,-1
4159,SINGLE,0,0,1,False,-1
4160,DOUBLE,1,0,1,False,-1
4161,SINGLE,0,0,1,False,-1
4162,SINGLE,0,0,1,False,-1
4163,SINGLE,0,0,1,False,-1
4164,DOUBLE,1,0,1,False,-1
4165,SINGLE,0,0,1,False,-1
4166,DOUBLE,1,0,1,False,-1
4167,SINGLE,0,0,1,False,-1
4168,SINGLE,0,0,1,False,-1
4169,DOUBLE,1,0,1,False,-1
4170,SINGLE,0,0,1,False,-1
4171,SINGLE,0,0,1,False,-1
4172,SINGLE,0,0,1,False,-1
4173,SINGLE,0,0,1,False,-1
4174,DOUBLE,1,0,1,False,-1
4175,DOUBLE,1,0,1,False,-1
4176,DOUBLE,1,0,1,False,-1
4177,SINGLE,0,0,1,False,-1
4178,DOUBLE,1,0,1,False,-1
4179,SINGLE,0,0,1,False,-1
4180,DOUBLE,1,0,1,False,-1
4181,SINGLE,0,0,1,False,-1
4182,SINGLE,0,0,1,False,-1
4183,DOUBLE,1,0,1,False,-1
4184,SINGLE,0,0,1,False,-1
4185,DOUBLE,1,0,1,False,-1
4186,SINGLE,0,0,1,False,-1
4187,DOUBLE,1,0,1,False,-1
4188,DOUBLE,1,0,1,False,-1
4189,SINGLE,0,0,1,False,-1
4190,SINGLE,0,0,1,False,-1
4191,DOUBLE,1,0,1,False,-1
4192,SINGLE,0,0,1,False,-1
4193,DOUBLE,1,0,1,False,-1
4196,SINGLE,0,0,1,False,-1
4197,SINGLE,0,0,1,False,-1
4198,DOUBLE,1,0,1,False,-1
4199,SINGLE,0,0,1,False,-1
4200,DOUBLE,1,0,1,False,-1
4201,SINGLE,0,0,1,False,-1
4202,DOUBLE,1,0,1,False,-1
4203,SINGLE,0,0,1,False,-1
4204,SINGLE,0,0,1,False,-1
4205,DOUBLE,1,0,1,False,-1
4206,SINGLE,0,0,1,False,-1
4207,SINGLE,0,0,1,False,-1
4208,DOUBLE,1,0,1,False,-1
4209,SINGLE,0,0,1,False,-1
4211,SINGLE,0,0,1,False,-1
4212,SINGLE,0,0,1,False,-1
4214,DOUBLE,1,0,1,False,-1
4215,SINGLE,0,0,1,False,-1
4216,DOUBLE,1,0,1,False,-1
4217,SINGLE,0,0,1,False,-1
4218,DOUBLE,1,0,1,False,-1
4219,SINGLE,0,0,1,False,-1
4220,SINGLE,0,0,1,False,-1
4221,SINGLE,0,0,1,False,-1
4222,SINGLE,0,0,1,False,-1
4223,SINGLE,0,0,1,False,-1
4224,SINGLE,0,0,1,False,-1
4225,SINGLE,0,0,1,False,-1
4226,DOUBLE,1,0,1,False,-1
4227,DOUBLE,1,0,1,False,-1
4228,DOUBLE,1,0,1,False,-1
4229,DOUBLE,1,0,1,False,-1
4230,DOUBLE,1,0,1,False,-1
4231,DOUBLE,1,0,1,False,-1
4232,SINGLE,0,0,1,False,-1
4233,DOUBLE,1,0,1,False,-1
4234,SINGLE,0,0,1,False,-1
4235,SINGLE,0,0,1,False,-1
4237,DOUBLE,1,0,1,False,-1
4238,SINGLE,0,0,1,False,-1
4239,SINGLE,0,0,1,False,-1
4240,DOUBLE,1,0,1,False,-1
4241,DOUBLE,1,0,1,False,-1
4242,DOUBLE,1,0,1,False,-1
4243,SINGLE,0,0,1,False,-1
4244,DOUBLE,1,0,1,False,-1
4245,SINGLE,0,0,1,False,-1
4246,SINGLE,0,0,1,False,-1
4247,DOUBLE,1,0,1,False,-1
4248,SINGLE,0,0,1,False,-1
4249,SINGLE,0,0,1,False,-1
4250,SINGLE,0,0,1,False,-1
4251,DOUBLE,1,0,1,False,-1
4252,DOUBLE,1,0,1,False,-1
4253,DOUBLE,1,0,1,False,-1
4254,DOUBLE,1,0,1,False,-1
4255,DOUBLE,1,0,1,False,-1
4256,SINGLE,0,0,1,False,-1
4258,DOUBLE,1,0,1,False,-1
4259,DOUBLE,1,0,1,False,-1
4260,SINGLE,0,0,1,False,-1
4261,SINGLE,0,0,1,False,-1
4263,DOUBLE,1,0,1,False,-1
4264,DOUBLE,1,0,1,False,-1
4265,DOUBLE,1,0,1,False,-1
4266,SINGLE,0,0,1,False,-1
4267,DOUBLE,1,0,1,False,-1
4269,SINGLE,0,0,1,False,-1
4270,DOUBLE,1,0,1,False,-1
4271,SINGLE,0,0,1,False,-1
4272,SINGLE,0,0,1,False,-1
4273,SINGLE,0,0,1,False,-1
4274,SINGLE,0,0,1,False,-1
4276,DOUBLE,1,0,1,False,-1
4277,DOUBLE,1,0,1,False,-1
4279,DOUBLE,1,0,1,False,-1
4280,DOUBLE,1,0,1,False,-1
4281,SINGLE,0,0,1,False,-1
4282,DOUBLE,1,0,1,False,-1
4283,DOUBLE,1,0,1,False,-1
4284,DOUBLE,1,0,1,False,-1
4286,SINGLE,0,0,1,False,-1
4287,DOUBLE,1,0,1,False,-1
4288,DOUBLE,1,0,1,False,-1
4289,SINGLE,0,0,1,False,-1
4290,SINGLE,0,0,1,False,-1
4291,SINGLE,0,0,1,False,-1
4292,DOUBLE,1,0,1,False,-1
4293,DOUBLE,1,0,1,False,-1
4294,DOUBLE,1,0,1,False,-1
4295,DOUBLE,1,0,1,False,-1
4296,SINGLE,0,0,1,False,-1
4297,DOUBLE,1,0,1,False,-1
4298,DOUBLE,1,0,1,False,-1
4299,SINGLE,0,0,1,False,-1
4300,SINGLE,0,0,1,False,-1
4301,DOUBLE,1,0,1,False,-1
4302,SINGLE,0,0,1,False,-1
4303,DOUBLE,1,0,1,False,-1
4304,DOUBLE,1,0,1,False,-1
4305,DOUBLE,1,0,1,False,-1
4306,DOUBLE,1,0,1,False,-1
4307,SINGLE,0,0,1,False,-1
4308,DOUBLE,1,0,1,False,-1
4309,DOUBLE,1,0,1,False,-1
4310,DOUBLE,1,0,1,False,-1
4311,SINGLE,0,0,1,False,-1
4312,DOUBLE,1,0,1,False,-1
4313,SINGLE,0,0,1,False,-1
4314,DOUBLE,1,0,1,False,-1
4315,DOUBLE,1,0,1,False,-1
4316,DOUBLE,1,0,1,False,-1
4317,SINGLE,0,0,1,False,-1
4318,SINGLE,0,0,1,False,-1
4319,SINGLE,0,0,1,False,-1
4320,SINGLE,0,0,1,False,-1
4321,SINGLE,0,0,1,False,-1
4323,DOUBLE,1,0,1,False,-1
4324,DOUBLE,1,0,1,False,-1
4325,SINGLE,0,0,1,False,-1
4326,DOUBLE,1,0,1,False,-1
4327,SINGLE,0,0,1,False,-1
4329,DOUBLE,1,0,1,False,-1
4330,DOUBLE,1,0,1,False,-1
4331,DOUBLE,1,0,1,False,-1
4332,DOUBLE,1,0,1,False,-1
4333,DOUBLE,1,0,1,False,-1
4334,DOUBLE,1,0,1,False,-1
4335,DOUBLE,1,0,1,False,-1
4336,DOUBLE,1,0,1,False,-1
4337,DOUBLE,1,0,1,False,-1
4338,DOUBLE,1,0,1,False,-1
4339,DOUBLE,1,0,1,False,-1
4340,DOUBLE,1,0,1,False,-1
4341,SINGLE,0,0,1,False,-1
4344,SINGLE,0,0,1,False,-1
4345,SINGLE,0,0,1,False,-1
4346,SINGLE,0,0,1,False,-1
4347,DOUBLE,1,0,1,False,-1
4348,DOUBLE,1,0,1,False,-1
4349,SINGLE,0,0,1,False,-1
4350,SINGLE,0,0,1,False,-1
4351,SINGLE,0,0,1,False,-1
4352,SINGLE,0,0,1,False,-1
4353,DOUBLE,1,0,1,False,-1
4354,SINGLE,0,0,1,False,-1
4355,DOUBLE,1,0,1,False,-1
4356,SINGLE,0,0,1,False,-1
4357,DOUBLE,1,0,1,False,-1
4358,DOUBLE,1,0,1,False,-1
4359,DOUBLE,1,0,1,False,-1
4360,DOUBLE,1,0,1,False,-1
4361,DOUBLE,1,0,1,False,-1
4362,DOUBLE,1,0,1,False,-1
4363,DOUBLE,1,0,1,False,-1
4364,SINGLE,0,0,1,False,-1
4365,SINGLE,0,0,1,False,-1
4366,SINGLE,0,0,1,False,-1
4368,SINGLE,0,0,1,False,-1
4369,SINGLE,0,0,1,False,-1
4371,SINGLE,0,0,1,False,-1
4372,DOUBLE,1,0,1,False,-1
4373,SINGLE,0,0,1,False,-1
4374,SINGLE,0,0,1,False,-1
4375,DOUBLE,1,0,1,False,-1
4376,DOUBLE,1,0,1,False,-1
4377,DOUBLE,1,0,1,False,-1
4378,SINGLE,0,0,1,False,-1
4380,SINGLE,0,0,1,False,-1
4381,DOUBLE,1,0,1,False,-1
4382,SINGLE,0,0,1,False,-1
4383,SINGLE,0,0,1,False,-1
4385,DOUBLE,1,0,1,False,-1
4386,DOUBLE,1,0,1,False,-1
4387,DOUBLE,1,0,1,False,-1
4389,DOUBLE,1,0,1,False,-1
4390,DOUBLE,1,0,1,False,-1
4391,DOUBLE,1,0,1,False,-1
4392,DOUBLE,1,0,1,False,-1
4393,DOUBLE,1,0,1,False,-1
4394,DOUBLE,1,0,1,False,-1
4395,SINGLE,0,0,1,False,-1
4396,DOUBLE,1,0,1,False,-1
4397,SINGLE,0,0,1,False,-1
4398,DOUBLE,1,0,1,False,-1
4400,SINGLE,0,0,1,False,-1
4401,SINGLE,0,0,1,False,-1
4402,SINGLE,0,0,1,False,-1
4405,SINGLE,0,0,1,False,-1
4406,DOUBLE,1,0,1,False,-1
4407,SINGLE,0,0,1,False,-1
4408,DOUBLE,1,0,1,False,-1
4409,SINGLE,0,0,1,False,-1
4410,DOUBLE,1,0,1,False,-1
4411,DOUBLE,1,0,1,False,-1
4412,DOUBLE,1,0,1,False,-1
4413,SINGLE,0,0,1,False,-1
4414,DOUBLE,1,0,1,False,-1
4415,DOUBLE,1,0,1,False,-1
4416,DOUBLE,1,0,1,False,-1
4418,SINGLE,0,0,1,False,-1
4419,SINGLE,0,0,1,False,-1
4420,DOUBLE,0,1,1,False,-1
4421,SINGLE,0,0,1,False,-1
4422,SINGLE,0,0,1,False,-1
4423,SINGLE,0,0,1,False,-1
4424,SINGLE,0,0,1,False,-1
4425,DOUBLE,1,0,1,False,-1
4426,SINGLE,0,0,1,False,-1
4427,SINGLE,0,0,1,False,-1
4428,SINGLE,0,0,1,False,-1
4429,DOUBLE,1,0,1,False,-1
4430,DOUBLE,1,0,1,False,-1
4431,DOUBLE,1,0,1,False,-1
4432,SINGLE,0,0,1,False,-1
4433,SINGLE,0,0,1,False,-1
4434,SINGLE,0,0,1,False,-1
4435,SINGLE,0,0,1,False,-1
4436,DOUBLE,1,0,1,False,-1
4437,DOUBLE,1,0,1,False,-1
4438,SINGLE,0,0,1,False,-1
4440,DOUBLE,1,0,1,False,-1
4441,DOUBLE,1,0,1,False,-1
4442,SINGLE,0,0,1,False,-1
4443,SINGLE,0,0,1,False,-1
4444,SINGLE,0,0,1,False,-1
4445,DOUBLE,1,0,1,False,-1
4446,SINGLE,0,0,1,False,-1
4448,DOUBLE,1,0,1,False,-1
4449,DOUBLE,1,0,1,False,-1
4450,SINGLE,0,0,1,False,-1
4451,DOUBLE,1,0,1,False,-1
4452,DOUBLE,1,0,1,False,-1
4453,DOUBLE,1,0,1,False,-1
4454,DOUBLE,1,0,1,False,-1
4455,SINGLE,0,0,1,False,-1
4456,SINGLE,0,0,1,False,-1
4457,DOUBLE,1,0,1,False,-1
4458,SINGLE,0,0,1,False,-1
4459,DOUBLE,1,0,1,False,-1
4460,DOUBLE,1,0,1,False,-1
4461,DOUBLE,1,0,1,False,-1
4462,DOUBLE,1,0,1,False,-1
4463,DOUBLE,1,0,1,False,-1
4464,DOUBLE,1,0,1,False,-1
4465,DOUBLE,1,0,1,False,-1
4466,SINGLE,0,0,1,False,-1
4467,SINGLE,0,0,1,False,-1
4468,SINGLE,0,0,1,False,-1
4470,DOUBLE,1,0,1,False,-1
4471,DOUBLE,1,0,1,False,-1
4472,SINGLE,0,0,1,False,-1
4473,SINGLE,0,0,1,False,-1
4474,SINGLE,0,0,1,False,-1
4475,SINGLE,0,0,1,False,-1
4476,SINGLE,0,0,1,False,-1
4477,DOUBLE,1,0,1,False,-1
4478,DOUBLE,1,0,1,False,-1
4479,SINGLE,0,0,1,False,-1
4480,SINGLE,0,0,1,False,-1
4481,SINGLE,0,0,1,False,-1
4482,DOUBLE,1,0,1,False,-1
4483,DOUBLE,1,0,1,False,-1
4484,SINGLE,0,0,1,False,-1
4485,SINGLE,0,0,1,False,-1
4486,DOUBLE,1,0,1,False,-1
4487,DOUBLE,1,0,1,False,-1
4488,DOUBLE,1,0,1,False,-1
4489,SINGLE,0,0,1,False,-1
4490,DOUBLE,1,0,1,False,-1
4491,SINGLE,0,0,1,False,-1
4492,DOUBLE,1,0,1,False,-1
4493,DOUBLE,1,0,1,False,-1
4494,SINGLE,0,0,1,False,-1
4495,SINGLE,0,0,1,False,-1
4496,SINGLE,0,0,1,False,-1
4497,DOUBLE,1,0,1,False,-1
4498,SINGLE,0,0,1,False,-1
4499,DOUBLE,1,0,1,False,-1
4500,SINGLE,0,0,1,False,-1
4502,DOUBLE,1,0,1,False,-1
4503,DOUBLE,1,0,1,False,-1
4504,SINGLE,0,0,1,False,-1
4505,SINGLE,0,0,1,False,-1
4506,DOUBLE,1,0,1,False,-1
4507,SINGLE,0,0,1,False,-1
4508,SINGLE,0,0,1,False,-1
4509,SINGLE,0,0,1,False,-1
4510,DOUBLE,0,1,1,False,-1
4511,SINGLE,0,0,1,False,-1
4512,SINGLE,0,0,1,False,-1
4513,DOUBLE,1,0,1,False,-1
4514,SINGLE,0,0,1,False,-1
4515,DOUBLE,1,0,1,False,-1
4516,SINGLE,0,0,1,False,-1
4517,DOUBLE,1,0,1,False,-1
4518,SINGLE,0,0,1,False,-1
4519,DOUBLE,1,0,1,False,-1
4520,SINGLE,0,0,1,False,-1
4521,DOUBLE,1,0,1,False,-1
4522,DOUBLE,1,0,1,False,-1
4523,DOUBLE,1,0,1,False,-1
4525,SINGLE,0,0,1,False,-1
4526,DOUBLE,1,0,1,False,-1
4527,SINGLE,0,0,1,False,-1
4528,DOUBLE,1,0,1,False,-1
4529,SINGLE,0,0,1,False,-1
4530,DOUBLE,1,0,1,False,-1
4531,SINGLE,0,0,1,False,-1
4532,DOUBLE,1,0,1,False,-1
4533,DOUBLE,1,0,1,False,-1
4534,DOUBLE,1,0,1,False,-1
4535,DOUBLE,1,0,1,False,-1
4536,SINGLE,0,0,1,False,-1
4537,SINGLE,0,0,1,False,-1
4538,DOUBLE,1,0,1,False,-1
4539,DOUBLE,1,0,1,False,-1
4540,DOUBLE,1,0,1,False,-1
4541,SINGLE,0,0,1,False,-1
4543,DOUBLE,1,0,1,False,-1
4544,SINGLE,0,0,1,False,-1
4545,DOUBLE,1,0,1,False,-1
4546,DOUBLE,1,0,1,False,-1
4547,SINGLE,0,0,1,False,-1
4548,SINGLE,0,0,1,False,-1
4549,SINGLE,0,0,1,False,-1
4550,SINGLE,0,0,1,False,-1
4551,SINGLE,0,0,1,False,-1
4552,DOUBLE,1,0,1,False,-1
4553,DOUBLE,1,0,1,False,-1
4554,DOUBLE,1,0,1,False,-1
4555,DOUBLE,0,1,1,False,-1
4556,SINGLE,0,0,1,False,-1
4557,DOUBLE,1,0,1,False,-1
4558,SINGLE,0,0,1,False,-1
4559,DOUBLE,1,0,1,False,-1
4560,DOUBLE,1,0,1,False,-1
4561,SINGLE,0,0,1,False,-1
4562,DOUBLE,1,0,1,False,-1
4563,SINGLE,0,0,1,False,-1
4564,SINGLE,0,0,1,False,-1
4565,DOUBLE,1,0,1,False,-1
4566,DOUBLE,1,0,1,False,-1
4567,DOUBLE,1,0,1,False,-1
4568,SINGLE,0,0,1,False,-1
4569,DOUBLE,1,0,1,False,-1
4570,DOUBLE,1,0,1,False,-1
4571,DOUBLE,1,0,1,False,-1
4572,DOUBLE,1,0,1,False,-1
4574,SINGLE,0,0,1,False,-1
4575,DOUBLE,1,0,1,False,-1
4576,SINGLE,0,0,1,False,-1
4577,DOUBLE,1,0,1,False,-1
4578,DOUBLE,1,0,1,False,-1
4579,SINGLE,0,0,1,False,-1
4580,SINGLE,0,0,1,False,-1
4581,DOUBLE,1,0,1,False,-1
4582,DOUBLE,1,0,1,False,-1
4583,DOUBLE,1,0,1,False,-1
4585,DOUBLE,1,0,1,False,-1
4586,DOUBLE,1,0,1,False,-1
4587,DOUBLE,1,0,1,False,-1
4588,DOUBLE,1,0,1,False,-1
4589,SINGLE,0,0,1,False,-1
4590,DOUBLE,1,0,1,False,-1
4591,SINGLE,0,0,1,False,-1
4592,DOUBLE,1,0,1,False,-1
4593,DOUBLE,1,0,1,False,-1
4597,SINGLE,0,0,1,False,-1
4598,DOUBLE,1,0,1,False,-1
4599,DOUBLE,1,0,1,False,-1
4600,SINGLE,0,0,1,False,-1
4601,DOUBLE,1,0,1,False,-1
4602,DOUBLE,1,0,1,False,-1
4603,SINGLE,0,0,1,False,-1
4604,DOUBLE,1,0,1,False,-1
4605,DOUBLE,1,0,1,False,-1
4606,DOUBLE,1,0,1,False,-1
4607,DOUBLE,1,0,1,False,-1
4609,SINGLE,0,0,1,False,-1
4610,SINGLE,0,0,1,False,-1
4611,DOUBLE,1,0,1,False,-1
4612,DOUBLE,1,0,1,False,-1
4613,SINGLE,0,0,1,False,-1
4614,DOUBLE,1,0,1,False,-1
4615,SINGLE,0,0,1,False,-1
4616,SINGLE,0,0,1,False,-1
4618,SINGLE,0,0,1,False,-1
4619,SINGLE,0,0,1,False,-1
4620,SINGLE,0,0,1,False,-1
4621,SINGLE,0,0,1,False,-1
4622,DOUBLE,1,0,1,False,-1
4623,DOUBLE,1,0,1,False,-1
4624,SINGLE,0,0,1,False,-1
4625,DOUBLE,1,0,1,False,-1
4626,DOUBLE,1,0,1,False,-1
4627,SINGLE,0,0,1,False,-1
4629,DOUBLE,1,0,1,False,-1
4630,DOUBLE,1,0,1,False,-1
4631,SINGLE,0,0,1,False,-1
4632,DOUBLE,1,0,1,False,-1
4634,SINGLE,0,0,1,False,-1
4635,DOUBLE,1,0,1,False,-1
4636,SINGLE,0,0,1,False,-1
4637,DOUBLE,1,0,1,False,-1
4638,SINGLE,0,0,1,False,-1
4639,SINGLE,0,0,1,False,-1
4640,DOUBLE,1,0,1,False,-1
4641,SINGLE,0,0,1,False,-1
4643,SINGLE,0,0,1,False,-1
4644,DOUBLE,1,0,1,False,-1
4645,DOUBLE,1,0,1,False,-1
4646,DOUBLE,1,0,1,False,-1
4647,DOUBLE,1,0,1,False,-1
4648,DOUBLE,1,0,1,False,-1
4649,DOUBLE,1,0,1,False,-1
4650,SINGLE,0,0,1,False,-1
4651,SINGLE,0,0,1,False,-1
4652,SINGLE,0,0,1,False,-1
4653,DOUBLE,1,0,1,False,-1
4655,DOUBLE,1,0,1,False,-1
4656,DOUBLE,1,0,1,False,-1
4658,SINGLE,0,0,1,False,-1
4659,SINGLE,0,0,1,False,-1
4660,DOUBLE,1,0,1,False,-1
4661,SINGLE,0,0,1,False,-1
4663,DOUBLE,1,0,1,False,-1
4664,SINGLE,0,0,1,False,-1
4665,SINGLE,0,0,1,False,-1
4666,DOUBLE,1,0,1,False,-1
4667,DOUBLE,1,0,1,False,-1
4668,SINGLE,0,0,1,False,-1
4669,SINGLE,0,0,1,False,-1
4670,DOUBLE,1,0,1,False,-1
4671,SINGLE,0,0,1,False,-1
4672,SINGLE,0,0,1,False,-1
4673,DOUBLE,1,0,1,False,-1
4674,DOUBLE,1,0,1,False,-1
4675,DOUBLE,1,0,1,False,-1
4676,DOUBLE,1,0,1,False,-1
4677,SINGLE,0,0,1,False,-1
4678,SINGLE,0,0,1,False,-1
4679,SINGLE,0,0,1,False,-1
4680,SINGLE,0,0,1,False,-1
4681,DOUBLE,1,0,1,False,-1
4683,DOUBLE,1,0,1,False,-1
4685,SINGLE,0,0,1,False,-1
4686,DOUBLE,1,0,1,False,-1
4687,DOUBLE,1,0,1,False,-1
4688,SINGLE,0,0,1,False,-1
4690,SINGLE,0,0,1,False,-1
4691,SINGLE,0,0,1,False,-1
4692,DOUBLE,1,0,1,False,-1
4693,SINGLE,0,0,1,False,-1
4694,DOUBLE,1,0,1,False,-1
4695,DOUBLE,1,0,1,False,-1
4696,SINGLE,0,0,1,False,-1
4697,TRIPLE,1,1,1,False,-1
4698,DOUBLE,1,0,1,False,-1
4699,SINGLE,0,0,1,False,-1
4701,DOUBLE,1,0,1,False,-1
4702,DOUBLE,1,0,1,False,-1
4703,DOUBLE,1,0,1,False,-1
4704,DOUBLE,1,0,1,False,-1
4705,DOUBLE,1,0,1,False,-1
4706,DOUBLE,1,0,1,False,-1
4707,DOUBLE,1,0,1,False,-1
4708,DOUBLE,1,0,1,False,-1
4709,DOUBLE,1,0,1,False,-1
4710,SINGLE,0,0,1,False,-1
4711,SINGLE,0,0,1,False,-1
4712,DOUBLE,1,0,1,False,-1
4713,DOUBLE,1,0,1,False,-1
4714,SINGLE,0,0,1,False,-1
4715,DOUBLE,1,0,1,False,-1
4716,DOUBLE,1,0,1,False,-1
4717,DOUBLE,1,0,1,False,-1
4718,SINGLE,0,0,1,False,-1
4719,DOUBLE,1,0,1,False,-1
4720,DOUBLE,1,0,1,False,-1
4722,SINGLE,0,0,1,False,-1
4724,SINGLE,0,0,1,False,-1
4725,DOUBLE,1,0,1,False,-1
4726,SINGLE,0,0,1,False,-1
4727,DOUBLE,1,0,1,False,-1
4728,DOUBLE,1,0,1,False,-1
4729,DOUBLE,1,0,1,False,-1
4730,DOUBLE,1,0,1,False,-1
4731,DOUBLE,1,0,1,False,-1
4732,DOUBLE,1,0,1,False,-1
4734,DOUBLE,1,0,1,False,-1
4735,DOUBLE,1,0,1,False,-1
4736,DOUBLE,1,0,1,False,-1
4737,SINGLE,0,0,1,False,-1
4738,DOUBLE,1,0,1,False,-1
4740,SINGLE,0,0,1,False,-1
4741,SINGLE,0,0,1,False,-1
4742,SINGLE,0,0,1,False,-1
4743,DOUBLE,1,0,1,False,-1
4744,SINGLE,0,0,1,False,-1
4745,SINGLE,0,0,1,False,-1
4746,SINGLE,0,0,1,False,-1
4747,DOUBLE,1,0,1,False,-1
4748,SINGLE,0,0,1,False,-1
4749,SINGLE,0,0,1,False,-1
4750,SINGLE,0,0,1,False,-1
4751,SINGLE,0,0,1,False,-1
4752,SINGLE,0,0,1,False,-1
4753,DOUBLE,1,0,1,False,-1
4754,DOUBLE,1,0,1,False,-1
4755,DOUBLE,1,0,1,False,-1
4756,DOUBLE,1,0,1,False,-1
4757,DOUBLE,1,0,1,False,-1
4758,SINGLE,0,0,1,False,-1
4759,DOUBLE,1,0,1,False,-1
4760,SINGLE,0,0,1,False,-1
4761,SINGLE,0,0,1,False,-1
4762,SINGLE,0,0,1,False,-1
4763,DOUBLE,1,0,1,False,-1
4764,DOUBLE,1,0,1,False,-1
4765,SINGLE,0,0,1,False,-1
4766,DOUBLE,1,0,1,False,-1
4768,DOUBLE,1,0,1,False,-1
4769,DOUBLE,1,0,1,False,-1
4770,SINGLE,0,0,1,False,-1
4772,DOUBLE,1,0,1,False,-1
4773,SINGLE,0,0,1,False,-1
4774,DOUBLE,1,0,1,False,-1
4776,DOUBLE,1,0,1,False,-1
4777,SINGLE,0,0,1,False,-1
4778,SINGLE,0,0,1,False,-1
4779,DOUBLE,1,0,1,False,-1
4780,SINGLE,0,0,1,False,-1
4781,DOUBLE,1,0,1,False,-1
4782,DOUBLE,1,0,1,False,-1
4783,DOUBLE,1,0,1,False,-1
4784,DOUBLE,1,0,1,False,-1
4785,DOUBLE,1,0,1,False,-1
4787,SINGLE,0,0,1,False,-1
4788,SINGLE,0,0,1,False,-1
4789,DOUBLE,1,0,1,False,-1
4791,DOUBLE,1,0,1,False,-1
4792,SINGLE,0,0,1,False,-1
4793,DOUBLE,1,0,1,False,-1
4794,DOUBLE,1,0,1,False,-1
4795,SINGLE,0,0,1,False,-1
4796,DOUBLE,1,0,1,False,-1
4797,DOUBLE,1,0,1,False,-1
4798,SINGLE,0,0,1,False,-1
4799,SINGLE,0,0,1,False,-1
4800,DOUBLE,1,0,1,False,-1
4801,SINGLE,0,0,1,False,-1
4802,DOUBLE,1,0,1,False,-1
4803,SINGLE,0,0,1,False,-1
4804,DOUBLE,1,0,1,False,-1
4805,SINGLE,0,0,1,False,-1
4806,DOUBLE,1,0,1,False,-1
4808,SINGLE,0,0,1,False,-1
4810,DOUBLE,1,0,1,False,-1
4811,SINGLE,0,0,1,False,-1
4812,SINGLE,0,0,1,False,-1
4813,DOUBLE,1,0,1,False,-1
4814,DOUBLE,1,0,1,False,-1
4815,DOUBLE,1,0,1,False,-1
4816,SINGLE,0,0,1,False,-1
4817,DOUBLE,1,0,1,False,-1
4818,DOUBLE,1,0,1,False,-1
4819,DOUBLE,1,0,1,False,-1
4820,SINGLE,0,0,1,False,-1
4821,SINGLE,0,0,1,False,-1
4822,DOUBLE,1,0,1,False,-1
4823,DOUBLE,1,0,1,False,-1
4824,SINGLE,0,0,1,False,-1
4825,DOUBLE,1,0,1,False,-1
4826,DOUBLE,1,0,1,False,-1
4828,SINGLE,0,0,1,False,-1
4829,SINGLE,0,0,1,False,-1
4830,DOUBLE,1,0,1,False,-1
4831,DOUBLE,1,0,1,False,-1
4832,SINGLE,0,0,1,False,-1
4833,SINGLE,0,0,1,False,-1
4834,DOUBLE,1,0,1,False,-1
4835,DOUBLE,1,0,1,False,-1
4836,SINGLE,0,0,1,False,-1
4837,DOUBLE,1,0,1,False,-1
4838,SINGLE,0,0,1,False,-1
4839,DOUBLE,1,0,1,False,-1
4840,DOUBLE,1,0,1,False,-1
4842,SINGLE,0,0,1,False,-1
4843,DOUBLE,1,0,1,False,-1
4844,DOUBLE,1,0,1,False,-1
4845,SINGLE,0,0,1,False,-1
4846,SINGLE,0,0,1,False,-1
4847,DOUBLE,1,0,1,False,-1
4848,SINGLE,0,0,1,False,-1
4849,DOUBLE,1,0,1,False,-1
4850,DOUBLE,1,0,1,False,-1
4851,DOUBLE,1,0,1,False,-1
4852,SINGLE,0,0,1,False,-1
4854,DOUBLE,1,0,1,False,-1
4855,SINGLE,0,0,1,False,-1
4856,DOUBLE,1,0,1,False,-1
4857,SINGLE,0,0,1,False,-1
4858,SINGLE,0,0,1,False,-1
4859,DOUBLE,1,0,1,False,-1
4860,DOUBLE,1,0,1,False,-1
4861,DOUBLE,1,0,1,False,-1
4862,SINGLE,0,0,1,False,-1
4863,DOUBLE,1,0,1,False,-1
4864,DOUBLE,1,0,1,False,-1
4865,DOUBLE,1,0,1,False,-1
4866,DOUBLE,1,0,1,False,-1
4867,DOUBLE,1,0,1,False,-1
4868,DOUBLE,1,0,1,False,-1
4869,DOUBLE,1,0,1,False,-1
4871,DOUBLE,1,0,1,False,-1
4872,SINGLE,0,0,1,False,-1
4873,DOUBLE,1,0,1,False,-1
4874,DOUBLE,1,0,1,False,-1
4875,SINGLE,0,0,1,False,-1
4876,SINGLE,0,0,1,False,-1
4877,DOUBLE,1,0,1,False,-1
4878,SINGLE,0,0,1,False,-1
4879,DOUBLE,1,0,1,False,-1
4880,DOUBLE,1,0,1,False,-1
4881,SINGLE,0,0,1,False,-1
4882,SINGLE,0,0,1,False,-1
4883,DOUBLE,1,0,1,False,-1
4884,DOUBLE,1,0,1,False,-1
4885,SINGLE,0,0,1,False,-1
4886,DOUBLE,1,0,1,False,-1
4887,SINGLE,0,0,1,False,-1
4888,SINGLE,0,0,1,False,-1
4889,SINGLE,0,0,1,False,-1
4890,SINGLE,0,0,1,False,-1
4891,SINGLE,0,0,1,False,-1
4892,SINGLE,0,0,1,False,-1
4893,DOUBLE,1,0,1,False,-1
4894,DOUBLE,1,0,1,False,-1
4895,DOUBLE,1,0,1,False,-1
4896,SINGLE,0,0,1,False,-1
4897,TRIPLE,1,1,1,False,-1
4898,SINGLE,0,0,1,False,-1
4899,DOUBLE,1,0,1,False,-1
4900,SINGLE,0,0,1,False,-1
4901,DOUBLE,1,0,1,False,-1
4902,DOUBLE,1,0,1,False,-1
4905,SINGLE,0,0,1,False,-1
4907,DOUBLE,1,0,1,False,-1
4908,SINGLE,0,0,1,False,-1
4909,DOUBLE,1,0,1,False,-1
4910,SINGLE,0,0,1,False,-1
4912,SINGLE,0,0,1,False,-1
4913,DOUBLE,1,0,1,False,-1
4915,SINGLE,0,0,1,False,-1
4916,DOUBLE,1,0,1,False,-1
4917,DOUBLE,0,1,1,False,-1
4918,SINGLE,0,0,1,False,-1
4919,DOUBLE,1,0,1,False,-1
4920,TRIPLE,1,1,1,False,-1
4921,DOUBLE,1,0,1,False,-1
4922,SINGLE,0,0,1,False,-1
4923,DOUBLE,1,0,1,False,-1
4924,SINGLE,0,0,1,False,-1
4925,DOUBLE,1,0,1,False,-1
4926,DOUBLE,1,0,1,False,-1
4927,SINGLE,0,0,1,False,-1
4928,DOUBLE,1,0,1,False,-1
4930,DOUBLE,1,0,1,False,-1
4931,SINGLE,0,0,1,False,-1
4932,DOUBLE,1,0,1,False,-1
4933,DOUBLE,1,0,1,False,-1
4934,SINGLE,0,0,1,False,-1
4935,DOUBLE,1,0,1,False,-1
4936,DOUBLE,1,0,1,False,-1
4937,SINGLE,0,0,1,False,-1
4938,SINGLE,0,0,1,False,-1
4939,SINGLE,0,0,1,False,-1
4940,SINGLE,0,0,1,False,-1
4941,DOUBLE,1,0,1,False,-1
4942,DOUBLE,1,0,1,False,-1
4943,DOUBLE,1,0,1,False,-1
4944,DOUBLE,1,0,1,False,-1
4945,DOUBLE,1,0,1,False,-1
4946,DOUBLE,1,0,1,False,-1
4947,SINGLE,0,0,1,False,-1
4948,SINGLE,0,0,1,False,-1
4949,DOUBLE,1,0,1,False,-1
4950,DOUBLE,1,0,1,False,-1
4951,DOUBLE,1,0,1,False,-1
4952,DOUBLE,1,0,1,False,-1
4953,DOUBLE,1,0,1,False,-1
4954,DOUBLE,1,0,1,False,-1
4955,SINGLE,0,0,1,False,-1
4956,SINGLE,0,0,1,False,-1
4957,DOUBLE,1,0,1,False,-1
4958,SINGLE,0,0,1,False,-1
4959,DOUBLE,1,0,1,False,-1
4960,SINGLE,0,0,1,False,-1
4961,DOUBLE,1,0,1,False,-1
4962,SINGLE,0,0,1,False,-1
4963,DOUBLE,1,0,1,False,-1
4964,SINGLE,0,0,1,False,-1
4965,SINGLE,0,0,1,False,-1
4966,DOUBLE,1,0,1,False,-1
4967,DOUBLE,1,0,1,False,-1
4968,DOUBLE,1,0,1,False,-1
4969,DOUBLE,1,0,1,False,-1
4971,DOUBLE,1,0,1,False,-1
4973,SINGLE,0,0,1,False,-1
4974,DOUBLE,1,0,1,False,-1
4976,DOUBLE,1,0,1,False,-1
4977,DOUBLE,1,0,1,False,-1
4978,SINGLE,0,0,1,False,-1
4979,DOUBLE,1,0,1,False,-1
4980,DOUBLE,1,0,1,False,-1
4982,TRIPLE,1,1,1,False,-1
4983,DOUBLE,1,0,1,False,-1
4984,DOUBLE,1,0,1,False,-1
4985,DOUBLE,1,0,1,False,-1
4986,DOUBLE,1,0,1,False,-1
4987,SINGLE,0,0,1,False,-1
4988,DOUBLE,1,0,1,False,-1
4989,TRIPLE,1,1,1,False,-1
4990,DOUBLE,1,0,1,False,-1
4991,DOUBLE,1,0,1,False,-1
4992,SINGLE,0,0,1,False,-1
4993,DOUBLE,1,0,1,False,-1
4994,DOUBLE,1,0,1,False,-1
4995,DOUBLE,1,0,1,False,-1
4996,DOUBLE,1,0,1,False,-1
4997,DOUBLE,1,0,1,False,-1
4998,DOUBLE,1,0,1,False,-1
4999,SINGLE,0,0,1,False,-1
5000,DOUBLE,1,0,1,False,-1
5001,DOUBLE,1,0,1,False,-1
5002,SINGLE,0,0,1,False,-1
5003,DOUBLE,1,0,1,False,-1
5004,SINGLE,0,0,1,False,-1
5005,SINGLE,0,0,1,False,-1
5006,DOUBLE,1,0,1,False,-1
5007,DOUBLE,1,0,1,False,-1
5008,DOUBLE,1,0,1,False,-1
5009,DOUBLE,1,0,1,False,-1
5010,SINGLE,0,0,1,False,-1
5011,SINGLE,0,0,1,False,-1
5012,DOUBLE,1,0,1,False,-1
5013,DOUBLE,1,0,1,False,-1
5014,SINGLE,0,0,1,False,-1
5015,DOUBLE,1,0,1,False,-1
5016,DOUBLE,1,0,1,False,-1
5017,DOUBLE,1,0,1,False,-1
5018,SINGLE,0,0,1,False,-1
5019,DOUBLE,1,0,1,False,-1
5020,DOUBLE,1,0,1,False,-1
5021,SINGLE,0,0,1,False,-1
5022,DOUBLE,1,0,1,False,-1
5023,DOUBLE,1,0,1,False,-1
5024,DOUBLE,1,0,1,False,-1
5025,DOUBLE,1,0,1,False,-1
5026,SINGLE,0,0,1,False,-1
5027,SINGLE,0,0,1,False,-1
5028,DOUBLE,1,0,1,False,-1
5029,SINGLE,0,0,1,False,-1
5030,DOUBLE,1,0,1,False,-1
5031,DOUBLE,1,0,1,False,-1
5032,DOUBLE,1,0,1,False,-1
5033,DOUBLE,1,0,1,False,-1
5034,DOUBLE,1,0,1,False,-1
5035,SINGLE,0,0,1,False,-1
5036,SINGLE,0,0,1,False,-1
5037,DOUBLE,1,0,1,False,-1
5038,DOUBLE,1,0,1,False,-1
5039,DOUBLE,1,0,1,False,-1
5040,DOUBLE,1,0,1,False,-1
5041,DOUBLE,1,0,1,False,-1
5042,SINGLE,0,0,1,False,-1
5043,DOUBLE,1,0,1,False,-1
5044,SINGLE,0,0,1,False,-1
5045,SINGLE,0,0,1,False,-1
5046,SINGLE,0,0,1,False,-1
5047,DOUBLE,1,0,1,False,-1
5048,DOUBLE,1,0,1,False,-1
5049,DOUBLE,1,0,1,False,-1
5050,DOUBLE,1,0,1,False,-1
5051,DOUBLE,1,0,1,False,-1
5052,SINGLE,0,0,1,False,-1
5053,SINGLE,0,0,1,False,-1
5054,DOUBLE,1,0,1,False,-1
5055,DOUBLE,1,0,1,False,-1
5056,DOUBLE,1,0,1,False,-1
5057,DOUBLE,1,0,1,False,-1
5058,DOUBLE,1,0,1,False,-1
5059,DOUBLE,1,0,1,False,-1
5061,DOUBLE,1,0,1,False,-1
5062,DOUBLE,1,0,1,False,-1
5063,DOUBLE,1,0,1,False,-1
5064,SINGLE,0,0,1,False,-1
5065,SINGLE,0,0,1,False,-1
5066,SINGLE,0,0,1,False,-1
5067,DOUBLE,1,0,1,False,-1
5068,DOUBLE,1,0,1,False,-1
5069,SINGLE,0,0,1,False,-1
5070,SINGLE,0,0,1,False,-1
5071,SINGLE,0,0,1,False,-1
5074,DOUBLE,1,0,1,False,-1
5075,DOUBLE,1,0,1,False,-1
5076,SINGLE,0,0,1,False,-1
5077,DOUBLE,1,0,1,False,-1
5078,DOUBLE,1,0,1,False,-1
5079,SINGLE,0,0,1,False,-1
5080,DOUBLE,1,0,1,False,-1
5081,SINGLE,0,0,1,False,-1
5082,DOUBLE,1,0,1,False,-1
5083,SINGLE,0,0,1,False,-1
5084,SINGLE,0,0,1,False,-1
5085,DOUBLE,1,0,1,False,-1
5086,SINGLE,0,0,1,False,-1
5088,SINGLE,0,0,1,False,-1
5089,DOUBLE,1,0,1,False,-1
5090,SINGLE,0,0,1,False,-1
5091,DOUBLE,0,1,1,False,-1
5092,DOUBLE,1,0,1,False,-1
5093,SINGLE,0,0,1,False,-1
5094,SINGLE,0,0,1,False,-1
5096,DOUBLE,1,0,1,False,-1
5098,DOUBLE,1,0,1,False,-1
5099,SINGLE,0,0,1,False,-1
5100,DOUBLE,1,0,1,False,-1
5101,DOUBLE,1,0,1,False,-1
5102,DOUBLE,1,0,1,False,-1
5103,DOUBLE,1,0,1,False,-1
5104,DOUBLE,1,0,1,False,-1
5105,DOUBLE,1,0,1,False,-1
5106,DOUBLE,1,0,1,False,-1
5107,DOUBLE,1,0,1,False,-1
5108,SINGLE,0,0,1,False,-1
5109,SINGLE,0,0,1,False,-1
5110,SINGLE,0,0,1,False,-1
5111,TRIPLE,1,1,1,False,-1
5112,DOUBLE,1,0,1,False,-1
5113,DOUBLE,1,0,1,False,-1
5114,DOUBLE,1,0,1,False,-1
5115,DOUBLE,1,0,1,False,-1
5116,SINGLE,0,0,1,False,-1
5118,SINGLE,0,0,1,False,-1
5119,DOUBLE,1,0,1,False,-1
5120,SINGLE,0,0,1,False,-1
5121,DOUBLE,1,0,1,False,-1
5123,SINGLE,0,0,1,False,-1
5124,DOUBLE,1,0,1,False,-1
5125,DOUBLE,1,0,1,False,-1
5126,SINGLE,0,0,1,False,-1
5128,DOUBLE,1,0,1,False,-1
5129,DOUBLE,1,0,1,False,-1
5130,SINGLE,0,0,1,False,-1
5132,DOUBLE,1,0,1,False,-1
5133,SINGLE,0,0,1,False,-1
5134,DOUBLE,1,0,1,False,-1
5135,SINGLE,0,0,1,False,-1
5136,SINGLE,0,0,1,False,-1
5137,DOUBLE,1,0,1,False,-1
5138,DOUBLE,1,0,1,False,-1
5139,SINGLE,0,0,1,False,-1
5140,DOUBLE,1,0,1,False,-1
5141,DOUBLE,1,0,1,False,-1
5142,SINGLE,0,0,1,False,-1
5143,DOUBLE,1,0,1,False,-1
5144,DOUBLE,1,0,1,False,-1
5145,DOUBLE,1,0,1,False,-1
5146,SINGLE,0,0,1,False,-1
5147,SINGLE,0,0,1,False,-1
5148,DOUBLE,1,0,1,False,-1
5149,SINGLE,0,0,1,False,-1
5150,SINGLE,0,0,1,False,-1
5151,SINGLE,0,0,1,False,-1
5152,DOUBLE,1,0,1,False,-1
5153,SINGLE,0,0,1,False,-1
5154,SINGLE,0,0,1,False,-1
5155,SINGLE,0,0,1,False,-1
5156,SINGLE,0,0,1,False,-1
5157,DOUBLE,1,0,1,False,-1
5158,SINGLE,0,0,1,False,-1
5159,SINGLE,0,0,1,False,-1
5160,SINGLE,0,0,1,False,-1
5161,SINGLE,0,0,1,False,-1
5163,DOUBLE,1,0,1,False,-1
5164,SINGLE,0,0,1,False,-1
5165,DOUBLE,1,0,1,False,-1
5167,DOUBLE,1,0,1,False,-1
5168,DOUBLE,1,0,1,False,-1
5169,DOUBLE,1,0,1,False,-1
5170,DOUBLE,1,0,1,False,-1
5172,SINGLE,0,0,1,False,-1
5173,DOUBLE,1,0,1,False,-1
5174,SINGLE,0,0,1,False,-1
5175,DOUBLE,1,0,1,False,-1
5176,SINGLE,0,0,1,False,-1
5177,SINGLE,0,0,1,False,-1
5178,SINGLE,0,0,1,False,-1
5180,DOUBLE,1,0,1,False,-1
5181,SINGLE,0,0,1,False,-1
5182,DOUBLE,0,1,1,False,-1
5183,DOUBLE,1,0,1,False,-1
5184,DOUBLE,1,0,1,False,-1
5186,DOUBLE,1,0,1,False,-1
5187,SINGLE,0,0,1,False,-1
5190,SINGLE,0,0,1,False,-1
5191,SINGLE,0,0,1,False,-1
5192,SINGLE,0,0,1,False,-1
5194,DOUBLE,0,1,1,False,-1
5195,DOUBLE,1,0,1,False,-1
5196,SINGLE,0,0,1,False,-1
5198,SINGLE,0,0,1,False,-1
5199,DOUBLE,1,0,1,False,-1
5200,SINGLE,0,0,1,False,-1
5201,DOUBLE,1,0,1,False,-1
5202,DOUBLE,1,0,1,False,-1
5203,DOUBLE,1,0,1,False,-1
5204,DOUBLE,1,0,1,False,-1
5205,SINGLE,0,0,1,False,-1
5206,SINGLE,0,0,1,False,-1
5207,SINGLE,0,0,1,False,-1
5208,SINGLE,0,0,1,False,-1
5209,DOUBLE,1,0,1,False,-1
5210,SINGLE,0,0,1,False,-1
5211,DOUBLE,1,0,1,False,-1
5214,DOUBLE,1,0,1,False,-1
5215,SINGLE,0,0,1,False,-1
5216,DOUBLE,1,0,1,False,-1
5217,SINGLE,0,0,1,False,-1
5218,DOUBLE,1,0,1,False,-1
5221,SINGLE,0,0,1,False,-1
5222,DOUBLE,1,0,1,False,-1
5223,DOUBLE,1,0,1,False,-1
5224,DOUBLE,1,0,1,False,-1
5225,SINGLE,0,0,1,False,-1
5226,SINGLE,0,0,1,False,-1
5227,SINGLE,0,0,1,False,-1
5228,DOUBLE,1,0,1,False,-1
5229,DOUBLE,1,0,1,False,-1
5230,DOUBLE,1,0,1,False,-1
5231,DOUBLE,1,0,1,False,-1
5232,SINGLE,0,0,1,False,-1
5233,DOUBLE,1,0,1,False,-1
5234,SINGLE,0,0,1,False,-1
5235,SINGLE,0,0,1,False,-1
5236,DOUBLE,1,0,1,False,-1
5237,DOUBLE,1,0,1,False,-1
5238,SINGLE,0,0,1,False,-1
5239,SINGLE,0,0,1,False,-1
5241,DOUBLE,1,0,1,False,-1
5242,SINGLE,0,0,1,False,-1
5243,DOUBLE,1,0,1,False,-1
5244,DOUBLE,1,0,1,False,-1
5245,DOUBLE,1,0,1,False,-1
5246,DOUBLE,1,0,1,False,-1
5247,SINGLE,0,0,1,False,-1
5248,SINGLE,0,0,1,False,-1
5249,SINGLE,0,0,1,False,-1
5250,SINGLE,0,0,1,False,-1
5251,DOUBLE,1,0,1,False,-1
5252,DOUBLE,1,0,1,False,-1
5253,DOUBLE,1,0,1,False,-1
5254,SINGLE,0,0,1,False,-1
5255,DOUBLE,1,0,1,False,-1
5256,SINGLE,0,0,1,False,-1
5257,DOUBLE,1,0,1,False,-1
5260,DOUBLE,1,0,1,False,-1
5261,DOUBLE,1,0,1,False,-1
5262,SINGLE,0,0,1,False,-1
5263,DOUBLE,1,0,1,False,-1
5264,SINGLE,0,0,1,False,-1
5265,DOUBLE,1,0,1,False,-1
5266,SINGLE,0,0,1,False,-1
5267,DOUBLE,1,0,1,False,-1
5268,DOUBLE,1,0,1,False,-1
5269,DOUBLE,1,0,1,False,-1
5270,SINGLE,0,0,1,False,-1
5271,DOUBLE,1,0,1,False,-1
5272,SINGLE,0,0,1,False,-1
5273,SINGLE,0,0,1,False,-1
5274,DOUBLE,1,0,1,False,-1
5275,DOUBLE,1,0,1,False,-1
5276,DOUBLE,1,0,1,False,-1
5277,DOUBLE,1,0,1,False,-1
5278,SINGLE,0,0,1,False,-1
5279,DOUBLE,1,0,1,False,-1
5281,SINGLE,0,0,1,False,-1
5282,SINGLE,0,0,1,False,-1
5283,DOUBLE,1,0,1,False,-1
5284,SINGLE,0,0,1,False,-1
5285,SINGLE,0,0,1,False,-1
5286,DOUBLE,1,0,1,False,-1
5287,SINGLE,0,0,1,False,-1
5288,SINGLE,0,0,1,False,-1
5289,DOUBLE,1,0,1,False,-1
5290,DOUBLE,1,0,1,False,-1
5291,SINGLE,0,0,1,False,-1
5292,SINGLE,0,0,1,False,-1
5293,SINGLE,0,0,1,False,-1
5294,DOUBLE,1,0,1,False,-1
5295,SINGLE,0,0,1,False,-1
5296,SINGLE,0,0,1,False,-1
5297,DOUBLE,1,0,1,False,-1
5298,DOUBLE,1,0,1,False,-1
5299,SINGLE,0,0,1,False,-1
5300,SINGLE,0,0,1,False,-1
5301,DOUBLE,1,0,1,False,-1
5302,DOUBLE,1,0,1,False,-1
5303,SINGLE,0,0,1,False,-1
5304,SINGLE,0,0,1,False,-1
5305,DOUBLE,1,0,1,False,-1
5306,DOUBLE,1,0,1,False,-1
5307,SINGLE,0,0,1,False,-1
5309,SINGLE,0,0,1,False,-1
5311,DOUBLE,1,0,1,False,-1
5313,DOUBLE,1,0,1,False,-1
5314,SINGLE,0,0,1,False,-1
5315,DOUBLE,1,0,1,False,-1
5316,DOUBLE,1,0,1,False,-1
5317,SINGLE,0,0,1,False,-1
5318,SINGLE,0,0,1,False,-1
5319,SINGLE,0,0,1,False,-1
5320,DOUBLE,1,0,1,False,-1
5321,SINGLE,0,0,1,False,-1
5322,DOUBLE,1,0,1,False,-1
5323,DOUBLE,1,0,1,False,-1
5324,SINGLE,0,0,1,False,-1
5325,DOUBLE,1,0,1,False,-1
5326,DOUBLE,1,0,1,False,-1
5327,SINGLE,0,0,1,False,-1
5328,SINGLE,0,0,1,False,-1
5329,DOUBLE,1,0,1,False,-1
5330,DOUBLE,1,0,1,False,-1
5331,DOUBLE,1,0,1,False,-1
5332,SINGLE,0,0,1,False,-1
5333,DOUBLE,1,0,1,False,-1
5335,SINGLE,0,0,1,False,-1
5336,DOUBLE,1,0,1,False,-1
5337,SINGLE,0,0,1,False,-1
5338,SINGLE,0,0,1,False,-1
5339,SINGLE,0,0,1,False,-1
5340,DOUBLE,1,0,1,False,-1
5341,DOUBLE,1,0,1,False,-1
5342,DOUBLE,1,0,1,False,-1
5343,DOUBLE,1,0,1,False,-1
5344,SINGLE,0,0,1,False,-1
5345,SINGLE,0,0,1,False,-1
5346,DOUBLE,1,0,1,False,-1
5347,DOUBLE,1,0,1,False,-1
5348,SINGLE,0,0,1,False,-1
5350,DOUBLE,1,0,1,False,-1
5351,DOUBLE,1,0,1,False,-1
5352,DOUBLE,1,0,1,False,-1
5353,SINGLE,0,0,1,False,-1
5354,DOUBLE,1,0,1,False,-1
5356,SINGLE,0,0,1,False,-1
5357,DOUBLE,1,0,1,False,-1
5358,SINGLE,0,0,1,False,-1
5359,DOUBLE,1,0,1,False,-1
5360,DOUBLE,1,0,1,False,-1
5361,SINGLE,0,0,1,False,-1
5362,SINGLE,0,0,1,False,-1
5363,DOUBLE,1,0,1,False,-1
5364,DOUBLE,1,0,1,False,-1
5365,DOUBLE,1,0,1,False,-1
5366,SINGLE,0,0,1,False,-1
5367,DOUBLE,1,0,1,False,-1
5368,SINGLE,0,0,1,False,-1
5369,SINGLE,0,0,1,False,-1
5371,DOUBLE,1,0,1,False,-1
5372,DOUBLE,1,0,1,False,-1
5373,SINGLE,0,0,1,False,-1
5374,SINGLE,0,0,1,False,-1
5375,SINGLE,0,0,1,False,-1
5377,SINGLE,0,0,1,False,-1
5378,DOUBLE,1,0,1,False,-1
5379,DOUBLE,1,0,1,False,-1
5380,SINGLE,0,0,1,False,-1
5381,SINGLE,0,0,1,False,-1
5382,SINGLE,0,0,1,False,-1
5383,DOUBLE,1,0,1,False,-1
5384,SINGLE,0,0,1,False,-1
5385,DOUBLE,1,0,1,False,-1
5386,SINGLE,0,0,1,False,-1
5387,DOUBLE,1,0,1,False,-1
5388,DOUBLE,1,0,1,False,-1
5389,SINGLE,0,0,1,False,-1
5390,DOUBLE,1,0,1,False,-1
5391,DOUBLE,1,0,1,False,-1
5392,DOUBLE,1,0,1,False,-1
5393,DOUBLE,1,0,1,False,-1
5394,DOUBLE,1,0,1,False,-1
5395,DOUBLE,1,0,1,False,-1
5396,SINGLE,0,0,1,False,-1
5397,DOUBLE,1,0,1,False,-1
5398,SINGLE,0,0,1,False,-1
5399,DOUBLE,1,0,1,False,-1
5400,SINGLE,0,0,1,False,-1
5401,DOUBLE,1,0,1,False,-1
5403,DOUBLE,1,0,1,False,-1
5404,DOUBLE,1,0,1,False,-1
5405,DOUBLE,1,0,1,False,-1
5406,SINGLE,0,0,1,False,-1
5407,SINGLE,0,0,1,False,-1
5408,SINGLE,0,0,1,False,-1
5409,DOUBLE,1,0,1,False,-1
5410,DOUBLE,1,0,1,False,-1
5411,SINGLE,0,0,1,False,-1
5412,DOUBLE,1,0,1,False,-1
5413,DOUBLE,1,0,1,False,-1
5414,SINGLE,0,0,1,False,-1
5415,DOUBLE,1,0,1,False,-1
5416,SINGLE,0,0,1,False,-1
5417,SINGLE,0,0,1,False,-1
5418,DOUBLE,1,0,1,False,-1
5419,DOUBLE,1,0,1,False,-1
5420,DOUBLE,1,0,1,False,-1
5421,DOUBLE,1,0,1,False,-1
5422,SINGLE,0,0,1,False,-1
5423,DOUBLE,1,0,1,False,-1
5424,DOUBLE,1,0,1,False,-1
5425,SINGLE,0,0,1,False,-1
5427,DOUBLE,1,0,1,False,-1
5428,DOUBLE,1,0,1,False,-1
5429,DOUBLE,1,0,1,False,-1
5430,SINGLE,0,0,1,False,-1
5431,SINGLE,0,0,1,False,-1
5432,DOUBLE,1,0,1,False,-1
5433,DOUBLE,1,0,1,False,-1
5434,SINGLE,0,0,1,False,-1
5435,SINGLE,0,0,1,False,-1
5436,SINGLE,0,0,1,False,-1
5437,SINGLE,0,0,1,False,-1
5438,DOUBLE,1,0,1,False,-1
5439,DOUBLE,1,0,1,False,-1
5440,DOUBLE,1,0,1,False,-1
5441,DOUBLE,1,0,1,False,-1
5442,DOUBLE,1,0,1,False,-1
5443,SINGLE,0,0,1,False,-1
5444,SINGLE,0,0,1,False,-1
5445,SINGLE,0,0,1,False,-1
5446,DOUBLE,1,0,1,False,-1
5448,SINGLE,0,0,1,False,-1
5449,DOUBLE,1,0,1,False,-1
5450,DOUBLE,1,0,1,False,-1
5451,SINGLE,0,0,1,False,-1
5452,DOUBLE,1,0,1,False,-1
5453,SINGLE,0,0,1,False,-1
5454,DOUBLE,1,0,1,False,-1
5455,SINGLE,0,0,1,False,-1
5457,SINGLE,0,0,1,False,-1
5459,SINGLE,0,0,1,False,-1
5460,SINGLE,0,0,1,False,-1
5461,SINGLE,0,0,1,False,-1
5462,SINGLE,0,0,1,False,-1
5463,SINGLE,0,0,1,False,-1
5464,SINGLE,0,0,1,False,-1
5465,DOUBLE,1,0,1,False,-1
5466,SINGLE,0,0,1,False,-1
5467,SINGLE,0,0,1,False,-1
5468,DOUBLE,1,0,1,False,-1
5469,SINGLE,0,0,1,False,-1
5470,DOUBLE,1,0,1,False,-1
5471,DOUBLE,1,0,1,False,-1
5472,DOUBLE,1,0,1,False,-1
5473,SINGLE,0,0,1,False,-1
5474,SINGLE,0,0,1,False,-1
5475,DOUBLE,1,0,1,False,-1
5477,SINGLE,0,0,1,False,-1
5478,DOUBLE,1,0,1,False,-1
5479,DOUBLE,1,0,1,False,-1
5480,DOUBLE,1,0,1,False,-1
5481,SINGLE,0,0,1,False,-1
5482,SINGLE,0,0,1,False,-1
5483,DOUBLE,1,0,1,False,-1
5484,DOUBLE,1,0,1,False,-1
5486,DOUBLE,1,0,1,False,-1
5487,SINGLE,0,0,1,False,-1
5488,DOUBLE,1,0,1,False,-1
5489,SINGLE,0,0,1,False,-1
5490,DOUBLE,1,0,1,False,-1
5491,SINGLE,0,0,1,False,-1
5493,SINGLE,0,0,1,False,-1
5494,SINGLE,0,0,1,False,-1
5495,SINGLE,0,0,1,False,-1
5496,DOUBLE,1,0,1,False,-1
5497,SINGLE,0,0,1,False,-1
5498,DOUBLE,1,0,1,False,-1
5499,DOUBLE,1,0,1,False,-1
5500,SINGLE,0,0,1,False,-1
5501,DOUBLE,1,0,1,False,-1
5503,SINGLE,0,0,1,False,-1
5504,SINGLE,0,0,1,False,-1
5505,DOUBLE,1,0,1,False,-1
5506,SINGLE,0,0,1,False,-1
5507,DOUBLE,1,0,1,False,-1
5508,DOUBLE,1,0,1,False,-1
5509,DOUBLE,1,0,1,False,-1
5510,DOUBLE,1,0,1,False,-1
5511,DOUBLE,1,0,1,False,-1
5512,SINGLE,0,0,1,False,-1
5513,SINGLE,0,0,1,False,-1
5514,SINGLE,0,0,1,False,-1
5515,DOUBLE,1,0,1,False,-1
5516,SINGLE,0,0,1,False,-1
5517,DOUBLE,1,0,1,False,-1
5518,DOUBLE,1,0,1,False,-1
5519,SINGLE,0,0,1,False,-1
5520,DOUBLE,1,0,1,False,-1
5521,DOUBLE,1,0,1,False,-1
5522,SINGLE,0,0,1,False,-1
5523,DOUBLE,1,0,1,False,-1
5524,SINGLE,0,0,1,False,-1
5525,SINGLE,0,0,1,False,-1
5526,DOUBLE,1,0,1,False,-1
5528,DOUBLE,1,0,1,False,-1
5529,SINGLE,0,0,1,False,-1
5530,DOUBLE,1,0,1,False,-1
5531,DOUBLE,1,0,1,False,-1
5532,DOUBLE,1,0,1,False,-1
5533,SINGLE,0,0,1,False,-1
5534,SINGLE,0,0,1,False,-1
5535,SINGLE,0,0,1,False,-1
5536,DOUBLE,1,0,1,False,-1
5538,DOUBLE,1,0,1,False,-1
5539,SINGLE,0,0,1,False,-1
5540,DOUBLE,1,0,1,False,-1
5542,DOUBLE,1,0,1,False,-1
5543,DOUBLE,1,0,1,False,-1
5544,DOUBLE,1,0,1,False,-1
5545,SINGLE,0,0,1,False,-1
5546,DOUBLE,1,0,1,False,-1
5548,DOUBLE,1,0,1,False,-1
5550,DOUBLE,1,0,1,False,-1
5551,DOUBLE,1,0,1,False,-1
5552,DOUBLE,1,0,1,False,-1
5553,DOUBLE,1,0,1,False,-1
5554,SINGLE,0,0,1,False,-1
5556,SINGLE,0,0,1,False,-1
5557,DOUBLE,1,0,1,False,-1
5558,SINGLE,0,0,1,False,-1
5559,DOUBLE,1,0,1,False,-1
5561,SINGLE,0,0,1,False,-1
5562,SINGLE,0,0,1,False,-1
5563,SINGLE,0,0,1,False,-1
5564,SINGLE,0,0,1,False,-1
5565,DOUBLE,1,0,1,False,-1
5566,DOUBLE,1,0,1,False,-1
5567,DOUBLE,1,0,1,False,-1
5568,SINGLE,0,0,1,False,-1
5570,TRIPLE,1,1,1,False,-1
5571,SINGLE,0,0,1,False,-1
5572,DOUBLE,1,0,1,False,-1
5574,DOUBLE,1,0,1,False,-1
5575,DOUBLE,1,0,1,False,-1
5576,DOUBLE,1,0,1,False,-1
5577,SINGLE,0,0,1,False,-1
5578,DOUBLE,1,0,1,False,-1
5579,DOUBLE,1,0,1,False,-1
5580,DOUBLE,1,0,1,False,-1
5581,SINGLE,0,0,1,False,-1
5582,SINGLE,0,0,1,False,-1
5584,SINGLE,0,0,1,False,-1
5585,SINGLE,0,0,1,False,-1
5586,DOUBLE,1,0,1,False,-1
5587,SINGLE,0,0,1,False,-1
5588,DOUBLE,1,0,1,False,-1
5589,DOUBLE,1,0,1,False,-1
5590,SINGLE,0,0,1,False,-1
5591,DOUBLE,1,0,1,False,-1
5592,SINGLE,0,0,1,False,-1
5593,SINGLE,0,0,1,False,-1
5594,SINGLE,0,0,1,False,-1
5595,DOUBLE,1,0,1,False,-1
5596,SINGLE,0,0,1,False,-1
5597,SINGLE,0,0,1,False,-1
5598,DOUBLE,1,0,1,False,-1
5599,SINGLE,0,0,1,False,-1
5600,DOUBLE,1,0,1,False,-1
5601,SINGLE,0,0,1,False,-1
5602,SINGLE,0,0,1,False,-1
5603,DOUBLE,1,0,1,False,-1
5604,SINGLE,0,0,1,False,-1
5605,DOUBLE,1,0,1,False,-1
5606,DOUBLE,1,0,1,False,-1
5607,DOUBLE,1,0,1,False,-1
5608,DOUBLE,1,0,1,False,-1
5609,DOUBLE,1,0,1,False,-1
5610,SINGLE,0,0,1,False,-1
5611,DOUBLE,1,0,1,False,-1
5612,SINGLE,0,0,1,False,-1
5613,DOUBLE,1,0,1,False,-1
5615,SINGLE,0,0,1,False,-1
5616,SINGLE,0,0,1,False,-1
5617,DOUBLE,1,0,1,False,-1
5618,DOUBLE,1,0,1,False,-1
5619,DOUBLE,1,0,1,False,-1
5620,SINGLE,0,0,1,False,-1
5621,DOUBLE,1,0,1,False,-1
5622,TRIPLE,1,1,1,False,-1
5623,DOUBLE,1,0,1,False,-1
5624,DOUBLE,1,0,1,False,-1
5625,DOUBLE,1,0,1,False,-1
5626,SINGLE,0,0,1,False,-1
5628,SINGLE,0,0,1,False,-1
5629,DOUBLE,1,0,1,False,-1
5630,DOUBLE,1,0,1,False,-1
5631,SINGLE,0,0,1,False,-1
5632,SINGLE,0,0,1,False,-1
5634,SINGLE,0,0,1,False,-1
5635,SINGLE,0,0,1,False,-1
5636,DOUBLE,1,0,1,False,-1
5637,DOUBLE,1,0,1,False,-1
5638,SINGLE,0,0,1,False,-1
5639,DOUBLE,1,0,1,False,-1
5640,DOUBLE,1,0,1,False,-1
5641,SINGLE,0,0,1,False,-1
5642,DOUBLE,1,0,1,False,-1
5643,DOUBLE,1,0,1,False,-1
5644,DOUBLE,1,0,1,False,-1
5645,SINGLE,0,0,1,False,-1
5647,DOUBLE,1,0,1,False,-1
5648,DOUBLE,1,0,1,False,-1
5649,DOUBLE,1,0,1,False,-1
5650,DOUBLE,1,0,1,False,-1
5651,DOUBLE,1,0,1,False,-1
5652,SINGLE,0,0,1,False,-1
5653,DOUBLE,1,0,1,False,-1
5654,SINGLE,0,0,1,False,-1
5655,SINGLE,0,0,1,False,-1
5656,SINGLE,0,0,1,False,-1
5657,DOUBLE,1,0,1,False,-1
5658,SINGLE,0,0,1,False,-1
5659,SINGLE,0,0,1,False,-1
5660,SINGLE,0,0,1,False,-1
5661,SINGLE,0,0,1,False,-1
5662,DOUBLE,1,0,1,False,-1
5663,DOUBLE,1,0,1,False,-1
5664,DOUBLE,1,0,1,False,-1
5665,SINGLE,0,0,1,False,-1
5666,DOUBLE,1,0,1,False,-1
5667,SINGLE,0,0,1,False,-1
5668,SINGLE,0,0,1,False,-1
5669,DOUBLE,1,0,1,False,-1
5670,DOUBLE,1,0,1,False,-1
5671,SINGLE,0,0,1,False,-1
5672,DOUBLE,1,0,1,False,-1
5673,SINGLE,0,0,1,False,-1
5674,DOUBLE,1,0,1,False,-1
5676,SINGLE,0,0,1,False,-1
5677,SINGLE,0,0,1,False,-1
5678,SINGLE,0,0,1,False,-1
5679,SINGLE,0,0,1,False,-1
5680,DOUBLE,1,0,1,False,-1
5681,SINGLE,0,0,1,False,-1
5682,DOUBLE,1,0,1,False,-1
5683,DOUBLE,1,0,1,False,-1
5684,SINGLE,0,0,1,False,-1
5685,DOUBLE,1,0,1,False,-1
5686,DOUBLE,0,1,1,False,-1
5687,SINGLE,0,0,1,False,-1
5689,DOUBLE,1,0,1,False,-1
5690,DOUBLE,1,0,1,False,-1
5691,SINGLE,0,0,1,False,-1
5692,DOUBLE,1,0,1,False,-1
5693,DOUBLE,1,0,1,False,-1
5694,DOUBLE,1,0,1,False,-1
5695,DOUBLE,1,0,1,False,-1
5696,SINGLE,0,0,1,False,-1
5697,DOUBLE,1,0,1,False,-1
5699,SINGLE,0,0,1,False,-1
5700,DOUBLE,1,0,1,False,-1
5701,DOUBLE,1,0,1,False,-1
5702,SINGLE,0,0,1,False,-1
5703,DOUBLE,1,0,1,False,-1
5704,DOUBLE,0,1,1,False,-1
5705,SINGLE,0,0,1,False,-1
5706,SINGLE,0,0,1,False,-1
5707,DOUBLE,1,0,1,False,-1
5708,SINGLE,0,0,1,False,-1
5709,DOUBLE,1,0,1,False,-1
5710,SINGLE,0,0,1,False,-1
5711,DOUBLE,1,0,1,False,-1
5712,SINGLE,0,0,1,False,-1
5713,SINGLE,0,0,1,False,-1
5714,DOUBLE,1,0,1,False,-1
5715,SINGLE,0,0,1,False,-1
5716,DOUBLE,1,0,1,False,-1
5718,DOUBLE,1,0,1,False,-1
5719,DOUBLE,1,0,1,False,-1
5720,SINGLE,0,0,1,False,-1
5721,SINGLE,0,0,1,False,-1
5722,DOUBLE,1,0,1,False,-1
5723,DOUBLE,1,0,1,False,-1
5724,SINGLE,0,0,1,False,-1
5725,SINGLE,0,0,1,False,-1
5726,SINGLE,0,0,1,False,-1
5727,DOUBLE,1,0,1,False,-1
5728,DOUBLE,1,0,1,False,-1
5729,SINGLE,0,0,1,False,-1
5730,SINGLE,0,0,1,False,-1
5731,SINGLE,0,0,1,False,-1
5732,DOUBLE,1,0,1,False,-1
5734,DOUBLE,1,0,1,False,-1
5735,DOUBLE,1,0,1,False,-1
5736,SINGLE,0,0,1,False,-1
5737,DOUBLE,1,0,1,False,-1
5738,SINGLE,0,0,1,False,-1
5739,DOUBLE,1,0,1,False,-1
5740,SINGLE,0,0,1,False,-1
5741,DOUBLE,1,0,1,False,-1
5742,DOUBLE,1,0,1,False,-1
5743,SINGLE,0,0,1,False,-1
5744,DOUBLE,1,0,1,False,-1
5745,SINGLE,0,0,1,False,-1
5746,DOUBLE,1,0,1,False,-1
5747,SINGLE,0,0,1,False,-1
5749,SINGLE,0,0,1,False,-1
5751,DOUBLE,1,0,1,False,-1
5752,DOUBLE,1,0,1,False,-1
5754,DOUBLE,1,0,1,False,-1
5755,DOUBLE,1,0,1,False,-1
5756,DOUBLE,1,0,1,False,-1
5757,DOUBLE,1,0,1,False,-1
5758,DOUBLE,1,0,1,False,-1
5760,DOUBLE,1,0,1,False,-1
5761,DOUBLE,1,0,1,False,-1
5762,SINGLE,0,0,1,False,-1
5763,SINGLE,0,0,1,False,-1
5764,DOUBLE,1,0,1,False,-1
5765,SINGLE,0,0,1,False,-1
5766,DOUBLE,1,0,1,False,-1
5768,SINGLE,0,0,1,False,-1
5769,SINGLE,0,0,1,False,-1
5770,SINGLE,0,0,1,False,-1
5772,SINGLE,0,0,1,False,-1
5773,DOUBLE,1,0,1,False,-1
5774,DOUBLE,1,0,1,False,-1
5776,DOUBLE,1,0,1,False,-1
5777,SINGLE,0,0,1,False,-1
5778,SINGLE,0,0,1,False,-1
5779,DOUBLE,1,0,1,False,-1
5780,SINGLE,0,0,1,False,-1
5781,DOUBLE,1,0,1,False,-1
5782,SINGLE,0,0,1,False,-1
5783,SINGLE,0,0,1,False,-1
5784,SINGLE,0,0,1,False,-1
5785,DOUBLE,1,0,1,False,-1
5786,DOUBLE,1,0,1,False,-1
5788,DOUBLE,1,0,1,False,-1
5789,SINGLE,0,0,1,False,-1
5790,DOUBLE,1,0,1,False,-1
5791,DOUBLE,1,0,1,False,-1
5792,DOUBLE,1,0,1,False,-1
5794,DOUBLE,1,0,1,False,-1
5796,SINGLE,0,0,1,False,-1
5797,DOUBLE,1,0,1,False,-1
5798,SINGLE,0,0,1,False,-1
5800,DOUBLE,1,0,1,False,-1
5801,SINGLE,0,0,1,False,-1
5802,DOUBLE,1,0,1,False,-1
5803,SINGLE,0,0,1,False,-1
5804,DOUBLE,1,0,1,False,-1
5805,DOUBLE,1,0,1,False,-1
5806,SINGLE,0,0,1,False,-1
5807,DOUBLE,1,0,1,False,-1
5808,DOUBLE,1,0,1,False,-1
5809,SINGLE,0,0,1,False,-1
5810,SINGLE,0,0,1,False,-1
5811,SINGLE,0,0,1,False,-1
5812,DOUBLE,1,0,1,False,-1
5813,DOUBLE,1,0,1,False,-1
5815,DOUBLE,1,0,1,False,-1
5816,DOUBLE,1,0,1,False,-1
5817,DOUBLE,0,1,1,False,-1
5818,DOUBLE,1,0,1,False,-1
5820,DOUBLE,1,0,1,False,-1
5822,SINGLE,0,0,1,False,-1
5823,SINGLE,0,0,1,False,-1
5824,DOUBLE,1,0,1,False,-1
5825,SINGLE,0,0,1,False,-1
5826,SINGLE,0,0,1,False,-1
5827,SINGLE,0,0,1,False,-1
5828,SINGLE,0,0,1,False,-1
5829,DOUBLE,1,0,1,False,-1
5830,DOUBLE,1,0,1,False,-1
5831,SINGLE,0,0,1,False,-1
5832,DOUBLE,1,0,1,False,-1
5833,SINGLE,0,0,1,False,-1
5834,SINGLE,0,0,1,False,-1
5836,DOUBLE,1,0,1,False,-1
5837,DOUBLE,1,0,1,False,-1
5838,SINGLE,0,0,1,False,-1
5839,SINGLE,0,0,1,False,-1
5840,SINGLE,0,0,1,False,-1
5841,SINGLE,0,0,1,False,-1
5842,DOUBLE,1,0,1,False,-1
5844,DOUBLE,1,0,1,False,-1
5845,DOUBLE,1,0,1,False,-1
5846,DOUBLE,1,0,1,False,-1
5847,DOUBLE,1,0,1,False,-1
5848,DOUBLE,1,0,1,False,-1
5849,DOUBLE,1,0,1,False,-1
5850,DOUBLE,1,0,1,False,-1
5851,SINGLE,0,0,1,False,-1
5852,DOUBLE,1,0,1,False,-1
5853,DOUBLE,1,0,1,False,-1
5854,SINGLE,0,0,1,False,-1
5855,SINGLE,0,0,1,False,-1
5856,DOUBLE,1,0,1,False,-1
5857,DOUBLE,1,0,1,False,-1
5858,DOUBLE,1,0,1,False,-1
5859,DOUBLE,1,0,1,False,-1
5860,DOUBLE,1,0,1,False,-1
5861,DOUBLE,1,0,1,False,-1
5862,DOUBLE,1,0,1,False,-1
5863,DOUBLE,1,0,1,False,-1
5864,SINGLE,0,0,1,False,-1
5865,SINGLE,0,0,1,False,-1
5866,SINGLE,0,0,1,False,-1
5867,DOUBLE,1,0,1,False,-1
5868,DOUBLE,1,0,1,False,-1
5869,SINGLE,0,0,1,False,-1
5870,SINGLE,0,0,1,False,-1
5871,DOUBLE,1,0,1,False,-1
5872,SINGLE,0,0,1,False,-1
5874,DOUBLE,1,0,1,False,-1
5875,SINGLE,0,0,1,False,-1
5877,DOUBLE,1,0,1,False,-1
5878,SINGLE,0,0,1,False,-1
5879,DOUBLE,1,0,1,False,-1
5880,SINGLE,0,0,1,False,-1
5881,DOUBLE,1,0,1,False,-1
5882,SINGLE,0,0,1,False,-1
5883,SINGLE,0,0,1,False,-1
5884,SINGLE,0,0,1,False,-1
5885,DOUBLE,1,0,1,False,-1
5886,SINGLE,0,0,1,False,-1
5887,DOUBLE,1,0,1,False,-1
5888,SINGLE,0,0,1,False,-1
5890,SINGLE,0,0,1,False,-1
5891,DOUBLE,1,0,1,False,-1
5892,DOUBLE,1,0,1,False,-1
5893,DOUBLE,1,0,1,False,-1
5895,DOUBLE,1,0,1,False,-1
5897,DOUBLE,1,0,1,False,-1
5898,DOUBLE,1,0,1,False,-1
5899,SINGLE,0,0,1,False,-1
5900,DOUBLE,1,0,1,False,-1
5901,DOUBLE,1,0,1,False,-1
5902,DOUBLE,1,0,1,False,-1
5903,DOUBLE,1,0,1,False,-1
5904,DOUBLE,1,0,1,False,-1
5905,DOUBLE,1,0,1,False,-1
5907,DOUBLE,1,0,1,False,-1
5908,SINGLE,0,0,1,False,-1
5909,SINGLE,0,0,1,False,-1
5910,DOUBLE,1,0,1,False,-1
5911,DOUBLE,1,0,1,False,-1
5912,DOUBLE,1,0,1,False,-1
5913,SINGLE,0,0,1,False,-1
5914,DOUBLE,1,0,1,False,-1
5915,SINGLE,0,0,1,False,-1
5916,SINGLE,0,0,1,False,-1
5917,SINGLE,0,0,1,False,-1
5919,SINGLE,0,0,1,False,-1
5920,DOUBLE,1,0,1,False,-1
5921,DOUBLE,1,0,1,False,-1
5922,SINGLE,0,0,1,False,-1
5923,DOUBLE,1,0,1,False,-1
5924,SINGLE,0,0,1,False,-1
5925,DOUBLE,1,0,1,False,-1
5927,DOUBLE,1,0,1,False,-1
5928,SINGLE,0,0,1,False,-1
5929,DOUBLE,1,0,1,False,-1
5930,SINGLE,0,0,1,False,-1
5932,SINGLE,0,0,1,False,-1
5933,SINGLE,0,0,1,False,-1
5934,SINGLE,0,0,1,False,-1
5935,DOUBLE,1,0,1,False,-1
5936,DOUBLE,1,0,1,False,-1
5937,DOUBLE,1,0,1,False,-1
5938,DOUBLE,1,0,1,False,-1
5939,SINGLE,0,0,1,False,-1
5940,SINGLE,0,0,1,False,-1
5941,DOUBLE,1,0,1,False,-1
5942,DOUBLE,1,0,1,False,-1
5944,DOUBLE,1,0,1,False,-1
5945,SINGLE,0,0,1,False,-1
5946,DOUBLE,0,1,1,False,-1
5947,SINGLE,0,0,1,False,-1
5948,SINGLE,0,0,1,False,-1
5949,DOUBLE,1,0,1,False,-1
5951,DOUBLE,1,0,1,False,-1
5952,DOUBLE,1,0,1,False,-1
5953,SINGLE,0,0,1,False,-1
5954,DOUBLE,1,0,1,False,-1
5956,SINGLE,0,0,1,False,-1
5957,SINGLE,0,0,1,False,-1
5958,DOUBLE,1,0,1,False,-1
5959,DOUBLE,1,0,1,False,-1
5960,SINGLE,0,0,1,False,-1
5961,SINGLE,0,0,1,False,-1
5962,DOUBLE,1,0,1,False,-1
5963,DOUBLE,1,0,1,False,-1
5964,DOUBLE,1,0,1,False,-1
5965,SINGLE,0,0,1,False,-1
5966,DOUBLE,1,0,1,False,-1
5967,DOUBLE,1,0,1,False,-1
5968,SINGLE,0,0,1,False,-1
5969,SINGLE,0,0,1,False,-1
5970,DOUBLE,1,0,1,False,-1
5971,DOUBLE,1,0,1,False,-1
5972,SINGLE,0,0,1,False,-1
5973,SINGLE,0,0,1,False,-1
5974,DOUBLE,1,0,1,False,-1
5975,DOUBLE,1,0,1,False,-1
5976,DOUBLE,1,0,1,False,-1
5977,DOUBLE,1,0,1,False,-1
5978,SINGLE,0,0,1,False,-1
5979,DOUBLE,1,0,1,False,-1
5980,DOUBLE,1,0,1,False,-1
5981,DOUBLE,1,0,1,False,-1
5982,SINGLE,0,0,1,False,-1
5984,SINGLE,0,0,1,False,-1
5985,DOUBLE,1,0,1,False,-1
5986,SINGLE,0,0,1,False,-1
5987,SINGLE,0,0,1,False,-1
5989,SINGLE,0,0,1,False,-1
5991,DOUBLE,1,0,1,False,-1
5992,DOUBLE,1,0,1,False,-1
5994,DOUBLE,1,0,1,False,-1
5995,DOUBLE,1,0,1,False,-1
5996,DOUBLE,1,0,1,False,-1
5997,DOUBLE,1,0,1,False,-1
5998,SINGLE,0,0,1,False,-1
5999,SINGLE,0,0,1,False,-1
6000,DOUBLE,1,0,1,False,-1
6001,SINGLE,0,0,1,False,-1
6002,DOUBLE,1,0,1,False,-1
6003,DOUBLE,1,0,1,False,-1
6004,DOUBLE,1,0,1,False,-1
6005,SINGLE,0,0,1,False,-1
6006,DOUBLE,1,0,1,False,-1
6007,DOUBLE,1,0,1,False,-1
6008,DOUBLE,1,0,1,False,-1
6009,SINGLE,0,0,1,False,-1
6010,SINGLE,0,0,1,False,-1
6011,SINGLE,0,0,1,False,-1
6012,DOUBLE,1,0,1,False,-1
6013,DOUBLE,1,0,1,False,-1
6014,DOUBLE,1,0,1,False,-1
6015,DOUBLE,1,0,1,False,-1
6016,DOUBLE,1,0,1,False,-1
6017,SINGLE,0,0,1,False,-1
6018,DOUBLE,1,0,1,False,-1
6019,SINGLE,0,0,1,False,-1
6020,SINGLE,0,0,1,False,-1
6021,DOUBLE,1,0,1,False,-1
6022,DOUBLE,1,0,1,False,-1
6023,SINGLE,0,0,1,False,-1
6025,SINGLE,0,0,1,False,-1
6026,SINGLE,0,0,1,False,-1
6027,DOUBLE,1,0,1,False,-1
6028,DOUBLE,1,0,1,False,-1
6029,SINGLE,0,0,1,False,-1
6031,DOUBLE,1,0,1,False,-1
6032,SINGLE,0,0,1,False,-1
6033,DOUBLE,1,0,1,False,-1
6034,DOUBLE,1,0,1,False,-1
6035,DOUBLE,1,0,1,False,-1
6036,SINGLE,0,0,1,False,-1
6037,DOUBLE,1,0,1,False,-1
6038,SINGLE,0,0,1,False,-1
6039,DOUBLE,1,0,1,False,-1
6040,SINGLE,0,0,1,False,-1
6042,DOUBLE,1,0,1,False,-1
6043,SINGLE,0,0,1,False,-1
6044,DOUBLE,1,0,1,False,-1
6045,SINGLE,0,0,1,False,-1
6047,SINGLE,0,0,1,False,-1
6048,SINGLE,0,0,1,False,-1
6049,DOUBLE,1,0,1,False,-1
6051,DOUBLE,1,0,1,False,-1
6052,SINGLE,0,0,1,False,-1
6053,SINGLE,0,0,1,False,-1
6055,DOUBLE,1,0,1,False,-1
6056,DOUBLE,1,0,1,False,-1
6057,SINGLE,0,0,1,False,-1
6059,DOUBLE,1,0,1,False,-1
6061,DOUBLE,1,0,1,False,-1
6063,DOUBLE,1,0,1,False,-1
6064,SINGLE,0,0,1,False,-1
6065,DOUBLE,1,0,1,False,-1
6066,DOUBLE,1,0,1,False,-1
6067,SINGLE,0,0,1,False,-1
6068,SINGLE,0,0,1,False,-1
6070,DOUBLE,1,0,1,False,-1
6071,DOUBLE,1,0,1,False,-1
6072,DOUBLE,1,0,1,False,-1
6074,DOUBLE,1,0,1,False,-1
6075,SINGLE,0,0,1,False,-1
6076,DOUBLE,1,0,1,False,-1
6077,SINGLE,0,0,1,False,-1
6078,DOUBLE,1,0,1,False,-1
6079,SINGLE,0,0,1,False,-1
6080,DOUBLE,1,0,1,False,-1
6081,SINGLE,0,0,1,False,-1
6082,SINGLE,0,0,1,False,-1
6083,DOUBLE,1,0,1,False,-1
6084,DOUBLE,1,0,1,False,-1
6085,SINGLE,0,0,1,False,-1
6086,DOUBLE,1,0,1,False,-1
6087,SINGLE,0,0,1,False,-1
6088,DOUBLE,1,0,1,False,-1
6089,SINGLE,0,0,1,False,-1
6090,DOUBLE,1,0,1,False,-1
6091,DOUBLE,1,0,1,False,-1
6092,SINGLE,0,0,1,False,-1
6093,SINGLE,0,0,1,False,-1
6094,SINGLE,0,0,1,False,-1
6095,SINGLE,0,0,1,False,-1
6096,SINGLE,0,0,1,False,-1
6097,DOUBLE,1,0,1,False,-1
6098,SINGLE,0,0,1,False,-1
6099,SINGLE,0,0,1,False,-1
6100,SINGLE,0,0,1,False,-1
6101,SINGLE,0,0,1,False,-1
6102,SINGLE,0,0,1,False,-1
6103,DOUBLE,1,0,1,False,-1
6104,SINGLE,0,0,1,False,-1
6105,DOUBLE,1,0,1,False,-1
6106,SINGLE,0,0,1,False,-1
6107,SINGLE,0,0,1,False,-1
6108,SINGLE,0,0,1,False,-1
6109,SINGLE,0,0,1,False,-1
6110,DOUBLE,1,0,1,False,-1
6111,DOUBLE,1,0,1,False,-1
6112,SINGLE,0,0,1,False,-1
6113,DOUBLE,1,0,1,False,-1
6114,SINGLE,0,0,1,False,-1
6115,DOUBLE,1,0,1,False,-1
6116,SINGLE,0,0,1,False,-1
6117,SINGLE,0,0,1,False,-1
6118,DOUBLE,1,0,1,False,-1
6120,SINGLE,0,0,1,False,-1
6121,DOUBLE,1,0,1,False,-1
6122,DOUBLE,0,1,1,False,-1
6123,DOUBLE,1,0,1,False,-1
6124,DOUBLE,1,0,1,False,-1
6125,DOUBLE,1,0,1,False,-1
6126,DOUBLE,1,0,1,False,-1
6127,DOUBLE,1,0,1,False,-1
6128,SINGLE,0,0,1,False,-1
6129,DOUBLE,1,0,1,False,-1
6130,SINGLE,0,0,1,False,-1
6131,SINGLE,0,0,1,False,-1
6134,SINGLE,0,0,1,False,-1
6135,SINGLE,0,0,1,False,-1
6136,SINGLE,0,0,1,False,-1
6137,SINGLE,0,0,1,False,-1
6138,DOUBLE,1,0,1,False,-1
6139,DOUBLE,1,0,1,False,-1
6140,DOUBLE,1,0,1,False,-1
6141,SINGLE,0,0,1,False,-1
6142,SINGLE,0,0,1,False,-1
6143,DOUBLE,1,0,1,False,-1
6144,DOUBLE,1,0,1,False,-1
6145,SINGLE,0,0,1,False,-1
6146,DOUBLE,1,0,1,False,-1
6147,DOUBLE,1,0,1,False,-1
6148,SINGLE,0,0,1,False,-1
6149,DOUBLE,1,0,1,False,-1
6150,DOUBLE,1,0,1,False,-1
6151,SINGLE,0,0,1,False,-1
6152,SINGLE,0,0,1,False,-1
6153,DOUBLE,1,0,1,False,-1
6154,DOUBLE,1,0,1,False,-1
6155,DOUBLE,1,0,1,False,-1
6156,SINGLE,0,0,1,False,-1
6157,SINGLE,0,0,1,False,-1
6158,SINGLE,0,0,1,False,-1
6159,SINGLE,0,0,1,False,-1
6160,DOUBLE,1,0,1,False,-1
6161,SINGLE,0,0,1,False,-1
6162,DOUBLE,1,0,1,False,-1
6163,DOUBLE,1,0,1,False,-1
6164,DOUBLE,1,0,1,False,-1
6165,DOUBLE,1,0,1,False,-1
6166,DOUBLE,1,0,1,False,-1
6167,SINGLE,0,0,1,False,-1
6168,DOUBLE,1,0,1,False,-1
6169,SINGLE,0,0,1,False,-1
6170,SINGLE,0,0,1,False,-1
6171,DOUBLE,1,0,1,False,-1
6172,DOUBLE,1,0,1,False,-1
6173,SINGLE,0,0,1,False,-1
6174,DOUBLE,1,0,1,False,-1
6175,DOUBLE,1,0,1,False,-1
6176,DOUBLE,1,0,1,False,-1
6177,DOUBLE,1,0,1,False,-1
6178,DOUBLE,1,0,1,False,-1
6179,DOUBLE,1,0,1,False,-1
6180,SINGLE,0,0,1,False,-1
6181,DOUBLE,1,0,1,False,-1
6182,DOUBLE,0,1,1,False,-1
6183,DOUBLE,1,0,1,False,-1
6185,DOUBLE,1,0,1,False,-1
6186,DOUBLE,1,0,1,False,-1
6187,SINGLE,0,0,1,False,-1
6189,DOUBLE,1,0,1,False,-1
6190,SINGLE,0,0,1,False,-1
6191,DOUBLE,1,0,1,False,-1
6192,SINGLE,0,0,1,False,-1
6193,DOUBLE,1,0,1,False,-1
6194,DOUBLE,1,0,1,False,-1
6195,DOUBLE,1,0,1,False,-1
6197,DOUBLE,1,0,1,False,-1
6199,SINGLE,0,0,1,False,-1
6200,SINGLE,0,0,1,False,-1
6202,SINGLE,0,0,1,False,-1
6203,DOUBLE,1,0,1,False,-1
6204,SINGLE,0,0,1,False,-1
6205,DOUBLE,1,0,1,False,-1
6206,SINGLE,0,0,1,False,-1
6207,SINGLE,0,0,1,False,-1
6208,DOUBLE,1,0,1,False,-1
6209,SINGLE,0,0,1,False,-1
6210,DOUBLE,1,0,1,False,-1
6211,SINGLE,0,0,1,False,-1
6212,DOUBLE,1,0,1,False,-1
6213,SINGLE,0,0,1,False,-1
6214,SINGLE,0,0,1,False,-1
6215,DOUBLE,1,0,1,False,-1
6216,SINGLE,0,0,1,False,-1
6217,DOUBLE,1,0,1,False,-1
6219,SINGLE,0,0,1,False,-1
6220,SINGLE,0,0,1,False,-1
6221,SINGLE,0,0,1,False,-1
6222,DOUBLE,1,0,1,False,-1
6223,DOUBLE,1,0,1,False,-1
6224,SINGLE,0,0,1,False,-1
6225,DOUBLE,1,0,1,False,-1
6226,DOUBLE,1,0,1,False,-1
6228,DOUBLE,1,0,1,False,-1
6229,SINGLE,0,0,1,False,-1
6230,DOUBLE,1,0,1,False,-1
6231,DOUBLE,1,0,1,False,-1
6232,SINGLE,0,0,1,False,-1
6233,DOUBLE,1,0,1,False,-1
6236,SINGLE,0,0,1,False,-1
6237,DOUBLE,1,0,1,False,-1
6238,SINGLE,0,0,1,False,-1
6239,DOUBLE,1,0,1,False,-1
6240,DOUBLE,1,0,1,False,-1
6241,SINGLE,0,0,1,False,-1
6242,DOUBLE,1,0,1,False,-1
6243,DOUBLE,1,0,1,False,-1
6244,SINGLE,0,0,1,False,-1
6245,DOUBLE,1,0,1,False,-1
6246,DOUBLE,1,0,1,False,-1
6247,SINGLE,0,0,1,False,-1
6248,DOUBLE,1,0,1,False,-1
6249,DOUBLE,1,0,1,False,-1
6250,DOUBLE,1,0,1,False,-1
6251,DOUBLE,1,0,1,False,-1
6252,DOUBLE,1,0,1,False,-1
6254,DOUBLE,1,0,1,False,-1
6255,DOUBLE,1,0,1,False,-1
6257,SINGLE,0,0,1,False,-1
6258,SINGLE,0,0,1,False,-1
6259,DOUBLE,1,0,1,False,-1
6260,SINGLE,0,0,1,False,-1
6261,SINGLE,0,0,1,False,-1
6262,DOUBLE,1,0,1,False,-1
6263,SINGLE,0,0,1,False,-1
6264,SINGLE,0,0,1,False,-1
6265,DOUBLE,1,0,1,False,-1
6266,SINGLE,0,0,1,False,-1
6269,SINGLE,0,0,1,False,-1
6270,DOUBLE,1,0,1,False,-1
6271,SINGLE,0,0,1,False,-1
6272,DOUBLE,1,0,1,False,-1
6273,DOUBLE,1,0,1,False,-1
6274,DOUBLE,1,0,1,False,-1
6276,SINGLE,0,0,1,False,-1
6277,DOUBLE,1,0,1,False,-1
6278,DOUBLE,1,0,1,False,-1
6279,SINGLE,0,0,1,False,-1
6280,SINGLE,0,0,1,False,-1
6281,SINGLE,0,0,1,False,-1
6282,DOUBLE,1,0,1,False,-1
6283,DOUBLE,1,0,1,False,-1
6284,DOUBLE,1,0,1,False,-1
6285,DOUBLE,1,0,1,False,-1
6287,DOUBLE,1,0,1,False,-1
6288,SINGLE,0,0,1,False,-1
6289,SINGLE,0,0,1,False,-1
6290,SINGLE,0,0,1,False,-1
6291,SINGLE,0,0,1,False,-1
6292,DOUBLE,1,0,1,False,-1
6293,SINGLE,0,0,1,False,-1
6294,DOUBLE,1,0,1,False,-1
6295,DOUBLE,1,0,1,False,-1
6296,DOUBLE,1,0,1,False,-1
6298,SINGLE,0,0,1,False,-1
6299,DOUBLE,1,0,1,False,-1
6300,SINGLE,0,0,1,False,-1
6301,SINGLE,0,0,1,False,-1
6302,DOUBLE,1,0,1,False,-1
6304,DOUBLE,1,0,1,False,-1
6305,SINGLE,0,0,1,False,-1
6306,DOUBLE,1,0,1,False,-1
6308,DOUBLE,1,0,1,False,-1
6309,SINGLE,0,0,1,False,-1
6310,DOUBLE,1,0,1,False,-1
6311,DOUBLE,1,0,1,False,-1
6312,DOUBLE,1,0,1,False,-1
6313,SINGLE,0,0,1,False,-1
6315,DOUBLE,1,0,1,False,-1
6316,DOUBLE,1,0,1,False,-1
6317,DOUBLE,1,0,1,False,-1
6318,DOUBLE,1,0,1,False,-1
6319,DOUBLE,1,0,1,False,-1
6321,DOUBLE,1,0,1,False,-1
6322,SINGLE,0,0,1,False,-1
6323,TRIPLE,1,1,1,False,-1
6324,DOUBLE,1,0,1,False,-1
6326,DOUBLE,1,0,1,False,-1
6327,DOUBLE,1,0,1,False,-1
6328,SINGLE,0,0,1,False,-1
6329,SINGLE,0,0,1,False,-1
6330,DOUBLE,1,0,1,False,-1
6331,SINGLE,0,0,1,False,-1
6332,SINGLE,0,0,1,False,-1
6333,SINGLE,0,0,1,False,-1
6334,SINGLE,0,0,1,False,-1
6335,DOUBLE,1,0,1,False,-1
6336,DOUBLE,1,0,1,False,-1
6337,DOUBLE,0,1,1,False,-1
6338,DOUBLE,1,0,1,False,-1
6339,SINGLE,0,0,1,False,-1
6340,DOUBLE,1,0,1,False,-1
6341,SINGLE,0,0,1,False,-1
6342,DOUBLE,1,0,1,False,-1
6343,DOUBLE,1,0,1,False,-1
6344,SINGLE,0,0,1,False,-1
6345,DOUBLE,1,0,1,False,-1
6346,DOUBLE,1,0,1,False,-1
6347,SINGLE,0,0,1,False,-1
6348,DOUBLE,0,1,1,False,-1
6349,DOUBLE,1,0,1,False,-1
6350,DOUBLE,1,0,1,False,-1
6351,DOUBLE,1,0,1,False,-1
6352,SINGLE,0,0,1,False,-1
6353,DOUBLE,1,0,1,False,-1
6354,SINGLE,0,0,1,False,-1
6355,DOUBLE,1,0,1,False,-1
6356,SINGLE,0,0,1,False,-1
6357,SINGLE,0,0,1,False,-1
6358,DOUBLE,1,0,1,False,-1
6359,DOUBLE,1,0,1,False,-1
6360,SINGLE,0,0,1,False,-1
6361,DOUBLE,1,0,1,False,-1
6362,SINGLE,0,0,1,False,-1
6363,DOUBLE,1,0,1,False,-1
6364,SINGLE,0,0,1,False,-1
6365,DOUBLE,1,0,1,False,-1
6366,DOUBLE,1,0,1,False,-1
6367,SINGLE,0,0,1,False,-1
6368,DOUBLE,1,0,1,False,-1
6369,SINGLE,0,0,1,False,-1
6370,DOUBLE,1,0,1,False,-1
6371,DOUBLE,1,0,1,False,-1
6372,DOUBLE,1,0,1,False,-1
6373,SINGLE,0,0,1,False,-1
6374,SINGLE,0,0,1,False,-1
6375,DOUBLE,1,0,1,False,-1
6376,SINGLE,0,0,1,False,-1
6377,DOUBLE,1,0,1,False,-1
6378,SINGLE,0,0,1,False,-1
6379,SINGLE,0,0,1,False,-1
6380,SINGLE,0,0,1,False,-1
6381,DOUBLE,1,0,1,False,-1
6382,SINGLE,0,0,1,False,-1
6383,DOUBLE,1,0,1,False,-1
6384,SINGLE,0,0,1,False,-1
6385,DOUBLE,1,0,1,False,-1
6386,DOUBLE,1,0,1,False,-1
6387,DOUBLE,1,0,1,False,-1
6388,DOUBLE,1,0,1,False,-1
6389,TRIPLE,1,1,1,False,-1
6390,SINGLE,0,0,1,False,-1
6391,SINGLE,0,0,1,False,-1
6392,DOUBLE,1,0,1,False,-1
6393,DOUBLE,1,0,1,False,-1
6394,DOUBLE,1,0,1,False,-1
6395,DOUBLE,1,0,1,False,-1
6396,SINGLE,0,0,1,False,-1
6397,DOUBLE,1,0,1,False,-1
6398,SINGLE,0,0,1,False,-1
6399,SINGLE,0,0,1,False,-1
6400,DOUBLE,1,0,1,False,-1
6401,SINGLE,0,0,1,False,-1
6402,DOUBLE,1,0,1,False,-1
6405,DOUBLE,1,0,1,False,-1
6406,DOUBLE,1,0,1,False,-1
6407,DOUBLE,1,0,1,False,-1
6408,SINGLE,0,0,1,False,-1
6410,SINGLE,0,0,1,False,-1
6411,DOUBLE,1,0,1,False,-1
6412,SINGLE,0,0,1,False,-1
6413,SINGLE,0,0,1,False,-1
6414,DOUBLE,1,0,1,False,-1
6415,SINGLE,0,0,1,False,-1
6416,DOUBLE,1,0,1,False,-1
6417,SINGLE,0,0,1,False,-1
6418,SINGLE,0,0,1,False,-1
6419,DOUBLE,1,0,1,False,-1
6420,DOUBLE,1,0,1,False,-1
6421,SINGLE,0,0,1,False,-1
6422,SINGLE,0,0,1,False,-1
6423,DOUBLE,1,0,1,False,-1
6424,SINGLE,0,0,1,False,-1
6426,DOUBLE,1,0,1,False,-1
6427,DOUBLE,1,0,1,False,-1
6428,DOUBLE,1,0,1,False,-1
6429,DOUBLE,1,0,1,False,-1
6430,SINGLE,0,0,1,False,-1
6431,DOUBLE,1,0,1,False,-1
6432,SINGLE,0,0,1,False,-1
6433,SINGLE,0,0,1,False,-1
6434,SINGLE,0,0,1,False,-1
6435,DOUBLE,1,0,1,False,-1
6437,SINGLE,0,0,1,False,-1
6438,SINGLE,0,0,1,False,-1
6439,DOUBLE,1,0,1,False,-1
6440,SINGLE,0,0,1,False,-1
6441,DOUBLE,1,0,1,False,-1
6442,SINGLE,0,0,1,False,-1
6443,SINGLE,0,0,1,False,-1
6444,SINGLE,0,0,1,False,-1
6445,DOUBLE,1,0,1,False,-1
6446,SINGLE,0,0,1,False,-1
6447,SINGLE,0,0,1,False,-1
6448,SINGLE,0,0,1,False,-1
6450,SINGLE,0,0,1,False,-1
6451,SINGLE,0,0,1,False,-1
6452,DOUBLE,1,0,1,False,-1
6453,DOUBLE,1,0,1,False,-1
6454,SINGLE,0,0,1,False,-1
6455,DOUBLE,1,0,1,False,-1
6456,DOUBLE,1,0,1,False,-1
6457,SINGLE,0,0,1,False,-1
6458,DOUBLE,1,0,1,False,-1
6459,DOUBLE,1,0,1,False,-1
6460,DOUBLE,1,0,1,False,-1
6461,DOUBLE,1,0,1,False,-1
6462,SINGLE,0,0,1,False,-1
6464,DOUBLE,1,0,1,False,-1
6466,DOUBLE,1,0,1,False,-1
6468,SINGLE,0,0,1,False,-1
6469,SINGLE,0,0,1,False,-1
6470,DOUBLE,1,0,1,False,-1
6471,DOUBLE,1,0,1,False,-1
6472,DOUBLE,1,0,1,False,-1
6473,DOUBLE,1,0,1,False,-1
6474,SINGLE,0,0,1,False,-1
6475,SINGLE,0,0,1,False,-1
6476,SINGLE,0,0,1,False,-1
6477,DOUBLE,1,0,1,False,-1
6478,DOUBLE,1,0,1,False,-1
6479,DOUBLE,0,1,1,False,-1
6480,DOUBLE,1,0,1,False,-1
6481,DOUBLE,1,0,1,False,-1
6482,SINGLE,0,0,1,False,-1
6483,SINGLE,0,0,1,False,-1
6484,SINGLE,0,0,1,False,-1
6485,DOUBLE,1,0,1,False,-1
6486,SINGLE,0,0,1,False,-1
6488,SINGLE,0,0,1,False,-1
6489,DOUBLE,1,0,1,False,-1
6490,SINGLE,0,0,1,False,-1
6491,SINGLE,0,0,1,False,-1
6492,SINGLE,0,0,1,False,-1
6493,SINGLE,0,0,1,False,-1
6494,SINGLE,0,0,1,False,-1
6496,SINGLE,0,0,1,False,-1
6497,SINGLE,0,0,1,False,-1
6498,SINGLE,0,0,1,False,-1
6499,SINGLE,0,0,1,False,-1
6500,DOUBLE,1,0,1,False,-1
6501,DOUBLE,1,0,1,False,-1
6502,DOUBLE,1,0,1,False,-1
6503,DOUBLE,1,0,1,False,-1
6504,DOUBLE,1,0,1,False,-1
6505,DOUBLE,1,0,1,False,-1
6506,DOUBLE,1,0,1,False,-1
6507,DOUBLE,1,0,1,False,-1
6508,DOUBLE,1,0,1,False,-1
6509,DOUBLE,1,0,1,False,-1
6510,SINGLE,0,0,1,False,-1
6511,SINGLE,0,0,1,False,-1
6512,DOUBLE,1,0,1,False,-1
6514,SINGLE,0,0,1,False,-1
6515,DOUBLE,1,0,1,False,-1
6516,DOUBLE,1,0,1,False,-1
6517,SINGLE,0,0,1,False,-1
6518,DOUBLE,1,0,1,False,-1
6519,SINGLE,0,0,1,False,-1
6520,DOUBLE,1,0,1,False,-1
6521,DOUBLE,1,0,1,False,-1
6522,DOUBLE,1,0,1,False,-1
6523,DOUBLE,0,1,1,False,-1
6524,TRIPLE,1,1,1,False,-1
6525,DOUBLE,1,0,1,False,-1
6526,DOUBLE,1,0,1,False,-1
6527,SINGLE,0,0,1,False,-1
6528,SINGLE,0,0,1,False,-1
6529,DOUBLE,1,0,1,False,-1
6531,SINGLE,0,0,1,False,-1
6532,DOUBLE,1,0,1,False,-1
6533,SINGLE,0,0,1,False,-1
6534,SINGLE,0,0,1,False,-1
6535,DOUBLE,1,0,1,False,-1
6536,DOUBLE,1,0,1,False,-1
6537,DOUBLE,1,0,1,False,-1
6538,DOUBLE,1,0,1,False,-1
6539,DOUBLE,1,0,1,False,-1
6540,DOUBLE,1,0,1,False,-1
6541,DOUBLE,1,0,1,False,-1
6542,DOUBLE,1,0,1,False,-1
6543,SINGLE,0,0,1,False,-1
6544,DOUBLE,1,0,1,False,-1
6545,SINGLE,0,0,1,False,-1
6546,DOUBLE,1,0,1,False,-1
6547,SINGLE,0,0,1,False,-1
6548,SINGLE,0,0,1,False,-1
6549,DOUBLE,1,0,1,False,-1
6550,DOUBLE,1,0,1,False,-1
6551,DOUBLE,1,0,1,False,-1
6552,DOUBLE,1,0,1,False,-1
6553,DOUBLE,1,0,1,False,-1
6554,SINGLE,0,0,1,False,-1
6556,SINGLE,0,0,1,False,-1
6557,DOUBLE,1,0,1,False,-1
6558,DOUBLE,1,0,1,False,-1
6559,DOUBLE,1,0,1,False,-1
6560,DOUBLE,0,1,1,False,-1
6561,DOUBLE,1,0,1,False,-1
6562,SINGLE,0,0,1,False,-1
6563,SINGLE,0,0,1,False,-1
6564,SINGLE,0,0,1,False,-1
6565,DOUBLE,1,0,1,False,-1
6566,SINGLE,0,0,1,False,-1
6567,DOUBLE,1,0,1,False,-1
6568,SINGLE,0,0,1,False,-1
6569,DOUBLE,1,0,1,False,-1
6570,DOUBLE,1,0,1,False,-1
6571,DOUBLE,1,0,1,False,-1
6572,DOUBLE,1,0,1,False,-1
6573,DOUBLE,1,0,1,False,-1
6574,DOUBLE,1,0,1,False,-1
6575,DOUBLE,1,0,1,False,-1
6576,DOUBLE,0,1,1,False,-1
6577,DOUBLE,1,0,1,False,-1
6578,DOUBLE,1,0,1,False,-1
6579,DOUBLE,1,0,1,False,-1
6580,SINGLE,0,0,1,False,-1
6581,DOUBLE,1,0,1,False,-1
6583,SINGLE,0,0,1,False,-1
6584,DOUBLE,1,0,1,False,-1
6586,DOUBLE,1,0,1,False,-1
6587,DOUBLE,1,0,1,False,-1
6588,DOUBLE,1,0,1,False,-1
6589,SINGLE,0,0,1,False,-1
6590,SINGLE,0,0,1,False,-1
6591,DOUBLE,1,0,1,False,-1
6592,DOUBLE,1,0,1,False,-1
6593,SINGLE,0,0,1,False,-1
6594,SINGLE,0,0,1,False,-1
6595,SINGLE,0,0,1,False,-1
6596,DOUBLE,1,0,1,False,-1
6597,DOUBLE,1,0,1,False,-1
6598,SINGLE,0,0,1,False,-1
6599,TRIPLE,1,1,1,False,-1
6601,DOUBLE,1,0,1,False,-1
6602,DOUBLE,1,0,1,False,-1
6604,SINGLE,0,0,1,False,-1
6605,SINGLE,0,0,1,False,-1
6607,DOUBLE,1,0,1,False,-1
6608,DOUBLE,1,0,1,False,-1
6609,DOUBLE,1,0,1,False,-1
6610,SINGLE,0,0,1,False,-1
6611,DOUBLE,1,0,1,False,-1
6612,SINGLE,0,0,1,False,-1
6613,DOUBLE,1,0,1,False,-1
6614,DOUBLE,1,0,1,False,-1
6615,DOUBLE,1,0,1,False,-1
6616,DOUBLE,1,0,1,False,-1
6617,DOUBLE,1,0,1,False,-1
6618,SINGLE,0,0,1,False,-1
6619,DOUBLE,1,0,1,False,-1
6620,DOUBLE,1,0,1,False,-1
6622,SINGLE,0,0,1,False,-1
6623,SINGLE,0,0,1,False,-1
6624,DOUBLE,1,0,1,False,-1
6626,DOUBLE,1,0,1,False,-1
6627,SINGLE,0,0,1,False,-1
6628,SINGLE,0,0,1,False,-1
6629,SINGLE,0,0,1,False,-1
6630,DOUBLE,1,0,1,False,-1
6631,SINGLE,0,0,1,False,-1
6632,DOUBLE,1,0,1,False,-1
6633,SINGLE,0,0,1,False,-1
6634,DOUBLE,1,0,1,False,-1
6635,DOUBLE,1,0,1,False,-1
6636,DOUBLE,1,0,1,False,-1
6637,DOUBLE,1,0,1,False,-1
6638,TRIPLE,1,1,1,False,-1
6639,SINGLE,0,0,1,False,-1
6640,DOUBLE,1,0,1,False,-1
6641,DOUBLE,1,0,1,False,-1
6642,SINGLE,0,0,1,False,-1
6643,DOUBLE,1,0,1,False,-1
6644,SINGLE,0,0,1,False,-1
6645,SINGLE,0,0,1,False,-1
6646,DOUBLE,1,0,1,False,-1
6647,SINGLE,0,0,1,False,-1
6648,SINGLE,0,0,1,False,-1
6651,SINGLE,0,0,1,False,-1
6652,DOUBLE,1,0,1,False,-1
6653,SINGLE,0,0,1,False,-1
6654,DOUBLE,1,0,1,False,-1
6655,DOUBLE,1,0,1,False,-1
6656,DOUBLE,1,0,1,False,-1
6657,SINGLE,0,0,1,False,-1
6658,SINGLE,0,0,1,False,-1
6660,DOUBLE,1,0,1,False,-1
6661,DOUBLE,1,0,1,False,-1
6662,SINGLE,0,0,1,False,-1
6663,SINGLE,0,0,1,False,-1
6664,DOUBLE,1,0,1,False,-1
6665,DOUBLE,1,0,1,False,-1
6666,SINGLE,0,0,1,False,-1
6667,DOUBLE,1,0,1,False,-1
6668,DOUBLE,1,0,1,False,-1
6669,SINGLE,0,0,1,False,-1
6670,DOUBLE,1,0,1,False,-1
6671,SINGLE,0,0,1,False,-1
6672,DOUBLE,1,0,1,False,-1
6673,SINGLE,0,0,1,False,-1
6674,DOUBLE,1,0,1,False,-1
6675,SINGLE,0,0,1,False,-1
6676,SINGLE,0,0,1,False,-1
6677,DOUBLE,1,0,1,False,-1
6678,SINGLE,0,0,1,False,-1
6679,DOUBLE,1,0,1,False,-1
6680,DOUBLE,1,0,1,False,-1
6681,DOUBLE,1,0,1,False,-1
6683,SINGLE,0,0,1,False,-1
6685,SINGLE,0,0,1,False,-1
6686,SINGLE,0,0,1,False,-1
6687,SINGLE,0,0,1,False,-1
6689,DOUBLE,1,0,1,False,-1
6690,SINGLE,0,0,1,False,-1
6691,DOUBLE,1,0,1,False,-1
6692,DOUBLE,1,0,1,False,-1
6693,DOUBLE,1,0,1,False,-1
6694,DOUBLE,0,1,1,False,-1
6695,DOUBLE,1,0,1,False,-1
6696,DOUBLE,1,0,1,False,-1
6697,DOUBLE,1,0,1,False,-1
6699,SINGLE,0,0,1,False,-1
6700,DOUBLE,1,0,1,False,-1
6701,SINGLE,0,0,1,False,-1
6702,SINGLE,0,0,1,False,-1
6703,DOUBLE,1,0,1,False,-1
6704,SINGLE,0,0,1,False,-1
6705,DOUBLE,1,0,1,False,-1
6706,DOUBLE,1,0,1,False,-1
6707,DOUBLE,1,0,1,False,-1
6708,DOUBLE,1,0,1,False,-1
6709,DOUBLE,1,0,1,False,-1
6710,DOUBLE,1,0,1,False,-1
6711,DOUBLE,1,0,1,False,-1
6712,DOUBLE,1,0,1,False,-1
6713,SINGLE,0,0,1,False,-1
6714,SINGLE,0,0,1,False,-1
6715,SINGLE,0,0,1,False,-1
6716,SINGLE,0,0,1,False,-1
6717,DOUBLE,1,0,1,False,-1
6718,DOUBLE,1,0,1,False,-1
6719,DOUBLE,1,0,1,False,-1
6720,DOUBLE,1,0,1,False,-1
6722,DOUBLE,1,0,1,False,-1
6723,SINGLE,0,0,1,False,-1
6724,DOUBLE,1,0,1,False,-1
6725,SINGLE,0,0,1,False,-1
6727,DOUBLE,0,1,1,False,-1
6728,DOUBLE,1,0,1,False,-1
6729,DOUBLE,1,0,1,False,-1
6730,SINGLE,0,0,1,False,-1
6731,SINGLE,0,0,1,False,-1
6732,SINGLE,0,0,1,False,-1
6733,SINGLE,0,0,1,False,-1
6734,DOUBLE,1,0,1,False,-1
6735,DOUBLE,1,0,1,False,-1
6736,DOUBLE,1,0,1,False,-1
6738,SINGLE,0,0,1,False,-1
6740,DOUBLE,1,0,1,False,-1
6741,SINGLE,0,0,1,False,-1
6742,DOUBLE,1,0,1,False,-1
6744,SINGLE,0,0,1,False,-1
6745,DOUBLE,1,0,1,False,-1
6747,DOUBLE,1,0,1,False,-1
6748,SINGLE,0,0,1,False,-1
6749,DOUBLE,1,0,1,False,-1
6751,DOUBLE,1,0,1,False,-1
6752,DOUBLE,1,0,1,False,-1
6753,DOUBLE,1,0,1,False,-1
6754,SINGLE,0,0,1,False,-1
6755,DOUBLE,1,0,1,False,-1
6756,DOUBLE,1,0,1,False,-1
6757,DOUBLE,1,0,1,False,-1
6758,DOUBLE,1,0,1,False,-1
6759,SINGLE,0,0,1,False,-1
6760,SINGLE,0,0,1,False,-1
6761,SINGLE,0,0,1,False,-1
6762,SINGLE,0,0,1,False,-1
6763,DOUBLE,1,0,1,False,-1
6764,SINGLE,0,0,1,False,-1
6765,SINGLE,0,0,1,False,-1
6766,DOUBLE,1,0,1,False,-1
6767,DOUBLE,1,0,1,False,-1
6768,SINGLE,0,0,1,False,-1
6769,DOUBLE,1,0,1,False,-1
6770,DOUBLE,1,0,1,False,-1
6771,SINGLE,0,0,1,False,-1
6772,DOUBLE,1,0,1,False,-1
6774,SINGLE,0,0,1,False,-1
6775,DOUBLE,1,0,1,False,-1
6776,SINGLE,0,0,1,False,-1
6777,SINGLE,0,0,1,False,-1
6778,DOUBLE,1,0,1,False,-1
6779,DOUBLE,1,0,1,False,-1
6780,DOUBLE,1,0,1,False,-1
6781,DOUBLE,1,0,1,False,-1
6783,SINGLE,0,0,1,False,-1
6784,DOUBLE,1,0,1,False,-1
6785,SINGLE,0,0,1,False,-1
6786,SINGLE,0,0,1,False,-1
6787,SINGLE,0,0,1,False,-1
6788,DOUBLE,1,0,1,False,-1
6789,SINGLE,0,0,1,False,-1
6791,DOUBLE,1,0,1,False,-1
6792,DOUBLE,1,0,1,False,-1
6793,SINGLE,0,0,1,False,-1
6795,SINGLE,0,0,1,False,-1
6796,DOUBLE,1,0,1,False,-1
6797,DOUBLE,1,0,1,False,-1
6798,DOUBLE,1,0,1,False,-1
6799,DOUBLE,1,0,1,False,-1
6800,SINGLE,0,0,1,False,-1
6801,SINGLE,0,0,1,False,-1
6802,SINGLE,0,0,1,False,-1
6803,SINGLE,0,1,0,False,-1
6804,DOUBLE,1,0,1,False,-1
6805,DOUBLE,1,0,1,False,-1
6806,TRIPLE,1,1,1,False,-1
6807,SINGLE,0,0,1,False,-1
6808,SINGLE,0,0,1,False,-1
6810,SINGLE,0,0,1,False,-1
6811,SINGLE,0,0,1,False,-1
6812,DOUBLE,1,0,1,False,-1
6814,DOUBLE,1,0,1,False,-1
6815,DOUBLE,1,0,1,False,-1
6816,DOUBLE,1,0,1,False,-1
6818,DOUBLE,1,0,1,False,-1
6819,SINGLE,0,0,1,False,-1
6820,SINGLE,0,0,1,False,-1
6822,SINGLE,0,0,1,False,-1
6823,SINGLE,0,0,1,False,-1
6824,SINGLE,0,0,1,False,-1
6825,SINGLE,0,0,1,False,-1
6826,DOUBLE,1,0,1,False,-1
6827,SINGLE,0,0,1,False,-1
6828,DOUBLE,1,0,1,False,-1
6829,DOUBLE,1,0,1,False,-1
6830,DOUBLE,1,0,1,False,-1
6831,DOUBLE,1,0,1,False,-1
6833,DOUBLE,1,0,1,False,-1
6834,DOUBLE,1,0,1,False,-1
6835,DOUBLE,0,1,1,False,-1
6836,DOUBLE,1,0,1,False,-1
6837,DOUBLE,1,0,1,False,-1
6839,SINGLE,0,0,1,False,-1
6842,DOUBLE,1,0,1,False,-1
6843,SINGLE,0,0,1,False,-1
6844,SINGLE,0,0,1,False,-1
6845,SINGLE,0,0,1,False,-1
6846,SINGLE,0,0,1,False,-1
6847,DOUBLE,1,0,1,False,-1
6848,DOUBLE,1,0,1,False,-1
6850,SINGLE,0,0,1,False,-1
6851,SINGLE,0,0,1,False,-1
6852,SINGLE,0,0,1,False,-1
6853,SINGLE,0,0,1,False,-1
6854,DOUBLE,1,0,1,False,-1
6855,SINGLE,0,0,1,False,-1
6856,SINGLE,0,0,1,False,-1
6857,DOUBLE,1,0,1,False,-1
6858,SINGLE,0,0,1,False,-1
6859,DOUBLE,1,0,1,False,-1
6860,DOUBLE,1,0,1,False,-1
6861,DOUBLE,1,0,1,False,-1
6862,SINGLE,0,0,1,False,-1
6864,DOUBLE,1,0,1,False,-1
6865,DOUBLE,1,0,1,False,-1
6866,DOUBLE,1,0,1,False,-1
6867,SINGLE,0,0,1,False,-1
6868,SINGLE,0,0,1,False,-1
6869,DOUBLE,1,0,1,False,-1
6870,DOUBLE,1,0,1,False,-1
6871,DOUBLE,1,0,1,False,-1
6872,SINGLE,0,0,1,False,-1
6873,DOUBLE,1,0,1,False,-1
6874,DOUBLE,1,0,1,False,-1
6875,SINGLE,0,0,1,False,-1
6876,SINGLE,0,0,1,False,-1
6877,SINGLE,0,0,1,False,-1
6878,DOUBLE,1,0,1,False,-1
6879,DOUBLE,1,0,1,False,-1
6881,SINGLE,0,0,1,False,-1
6882,SINGLE,0,0,1,False,-1
6883,DOUBLE,1,0,1,False,-1
6884,DOUBLE,1,0,1,False,-1
6885,SINGLE,0,0,1,False,-1
6886,SINGLE,0,0,1,False,-1
6887,DOUBLE,1,0,1,False,-1
6888,DOUBLE,1,0,1,False,-1
6889,DOUBLE,1,0,1,False,-1
6890,DOUBLE,1,0,1,False,-1
6891,DOUBLE,1,0,1,False,-1
6892,SINGLE,0,0,1,False,-1
6893,SINGLE,0,0,1,False,-1
6894,SINGLE,0,0,1,False,-1
6895,DOUBLE,1,0,1,False,-1
6897,SINGLE,0,0,1,False,-1
6898,DOUBLE,1,0,1,False,-1
6899,SINGLE,0,0,1,False,-1
6901,DOUBLE,1,0,1,False,-1
6902,DOUBLE,0,1,1,False,-1
6904,SINGLE,0,0,1,False,-1
6905,SINGLE,0,0,1,False,-1
6906,SINGLE,0,0,1,False,-1
6907,DOUBLE,1,0,1,False,-1
6908,DOUBLE,1,0,1,False,-1
6909,DOUBLE,1,0,1,False,-1
6911,DOUBLE,1,0,1,False,-1
6912,SINGLE,0,0,1,False,-1
6913,DOUBLE,1,0,1,False,-1
6914,SINGLE,0,0,1,False,-1
6915,SINGLE,0,0,1,False,-1
6916,SINGLE,0,0,1,False,-1
6917,DOUBLE,1,0,1,False,-1
6918,DOUBLE,1,0,1,False,-1
6919,SINGLE,0,0,1,False,-1
6920,DOUBLE,1,0,1,False,-1
6922,SINGLE,0,0,1,False,-1
6923,SINGLE,0,0,1,False,-1
6925,DOUBLE,1,0,1,False,-1
6926,SINGLE,0,0,1,False,-1
6928,DOUBLE,1,0,1,False,-1
6929,SINGLE,0,0,1,False,-1
6930,DOUBLE,1,0,1,False,-1
6931,DOUBLE,1,0,1,False,-1
6932,SINGLE,0,0,1,False,-1
6933,DOUBLE,1,0,1,False,-1
6935,DOUBLE,1,0,1,False,-1
6936,DOUBLE,1,0,1,False,-1
6938,DOUBLE,1,0,1,False,-1
6939,SINGLE,0,0,1,False,-1
6940,SINGLE,0,0,1,False,-1
6942,SINGLE,0,0,1,False,-1
6943,DOUBLE,1,0,1,False,-1
6944,SINGLE,0,0,1,False,-1
6946,DOUBLE,1,0,1,False,-1
6947,SINGLE,0,0,1,False,-1
6948,SINGLE,0,0,1,False,-1
6949,SINGLE,0,0,1,False,-1
6950,DOUBLE,1,0,1,False,-1
6951,SINGLE,0,0,1,False,-1
6954,SINGLE,0,0,1,False,-1
6955,SINGLE,0,0,1,False,-1
6958,DOUBLE,1,0,1,False,-1
6959,SINGLE,0,0,1,False,-1
6960,SINGLE,0,0,1,False,-1
6961,SINGLE,0,0,1,False,-1
6962,SINGLE,0,0,1,False,-1
6963,DOUBLE,1,0,1,False,-1
6964,DOUBLE,1,0,1,False,-1
6965,DOUBLE,1,0,1,False,-1
6966,DOUBLE,1,0,1,False,-1
6967,DOUBLE,0,1,1,False,-1
6968,DOUBLE,1,0,1,False,-1
6969,DOUBLE,1,0,1,False,-1
6970,SINGLE,0,0,1,False,-1
6971,DOUBLE,1,0,1,False,-1
6972,SINGLE,0,0,1,False,-1
6974,DOUBLE,1,0,1,False,-1
6975,SINGLE,0,0,1,False,-1
6976,SINGLE,0,0,1,False,-1
6977,DOUBLE,1,0,1,False,-1
6978,SINGLE,0,0,1,False,-1
6979,SINGLE,0,0,1,False,-1
6980,SINGLE,0,0,1,False,-1
6981,SINGLE,0,0,1,False,-1
6983,DOUBLE,1,0,1,False,-1
6984,DOUBLE,1,0,1,False,-1
6985,SINGLE,0,0,1,False,-1
6986,SINGLE,0,0,1,False,-1
6987,SINGLE,0,0,1,False,-1
6988,SINGLE,0,0,1,False,-1
6989,DOUBLE,1,0,1,False,-1
6990,SINGLE,0,0,1,False,-1
6991,SINGLE,0,0,1,False,-1
6992,DOUBLE,1,0,1,False,-1
6993,DOUBLE,1,0,1,False,-1
6994,DOUBLE,1,0,1,False,-1
6996,DOUBLE,1,0,1,False,-1
6997,DOUBLE,1,0,1,False,-1
6998,DOUBLE,1,0,1,False,-1
6999,SINGLE,0,0,1,False,-1
7001,DOUBLE,1,0,1,False,-1
7002,DOUBLE,1,0,1,False,-1
7003,SINGLE,0,0,1,False,-1
7004,SINGLE,0,0,1,False,-1
7005,DOUBLE,1,0,1,False,-1
7006,DOUBLE,1,0,1,False,-1
7007,DOUBLE,1,0,1,False,-1
7008,SINGLE,0,0,1,False,-1
7009,DOUBLE,1,0,1,False,-1
7010,DOUBLE,1,0,1,False,-1
7011,DOUBLE,1,0,1,False,-1
7012,SINGLE,0,0,1,False,-1
7013,DOUBLE,1,0,1,False,-1
7014,DOUBLE,1,0,1,False,-1
7015,DOUBLE,1,0,1,False,-1
7016,DOUBLE,1,0,1,False,-1
7017,SINGLE,0,0,1,False,-1
7018,DOUBLE,1,0,1,False,-1
7019,SINGLE,0,0,1,False,-1
7020,DOUBLE,1,0,1,False,-1
7022,DOUBLE,1,0,1,False,-1
7023,SINGLE,0,0,1,False,-1
7025,DOUBLE,1,0,1,False,-1
7026,SINGLE,0,0,1,False,-1
7027,DOUBLE,1,0,1,False,-1
7028,SINGLE,0,0,1,False,-1
7029,SINGLE,0,0,1,False,-1
7030,DOUBLE,1,0,1,False,-1
7031,DOUBLE,1,0,1,False,-1
7032,SINGLE,0,0,1,False,-1
7033,SINGLE,0,0,1,False,-1
7034,DOUBLE,1,0,1,False,-1
7035,DOUBLE,1,0,1,False,-1
7036,DOUBLE,1,0,1,False,-1
7037,DOUBLE,1,0,1,False,-1
7038,DOUBLE,1,0,1,False,-1
7039,DOUBLE,1,0,1,False,-1
7040,SINGLE,0,0,1,False,-1
7041,SINGLE,0,0,1,False,-1
7042,SINGLE,0,0,1,False,-1
7043,DOUBLE,1,0,1,False,-1
7045,DOUBLE,1,0,1,False,-1
7046,DOUBLE,1,0,1,False,-1
7047,SINGLE,0,0,1,False,-1
7048,DOUBLE,1,0,1,False,-1
7049,SINGLE,0,0,1,False,-1
7050,SINGLE,0,0,1,False,-1
7051,DOUBLE,1,0,1,False,-1
7052,SINGLE,0,0,1,False,-1
7053,SINGLE,0,0,1,False,-1
7054,SINGLE,0,0,1,False,-1
7055,DOUBLE,1,0,1,False,-1
7056,DOUBLE,1,0,1,False,-1
7057,DOUBLE,1,0,1,False,-1
7058,SINGLE,0,0,1,False,-1
7059,SINGLE,0,0,1,False,-1
7060,DOUBLE,1,0,1,False,-1
7061,DOUBLE,1,0,1,False,-1
7062,DOUBLE,1,0,1,False,-1
7063,SINGLE,0,0,1,False,-1
7064,SINGLE,0,0,1,False,-1
7065,SINGLE,0,0,1,False,-1
7067,SINGLE,0,0,1,False,-1
7068,SINGLE,0,0,1,False,-1
7069,SINGLE,0,0,1,False,-1
7070,DOUBLE,1,0,1,False,-1
7071,SINGLE,0,0,1,False,-1
7072,DOUBLE,1,0,1,False,-1
7073,SINGLE,0,0,1,False,-1
7074,SINGLE,0,0,1,False,-1
7075,DOUBLE,1,0,1,False,-1
7076,SINGLE,0,0,1,False,-1
7077,DOUBLE,1,0,1,False,-1
7078,DOUBLE,1,0,1,False,-1
7079,DOUBLE,1,0,1,False,-1
7080,SINGLE,0,0,1,False,-1
7081,SINGLE,0,0,1,False,-1
7083,SINGLE,0,0,1,False,-1
7084,DOUBLE,1,0,1,False,-1
7085,SINGLE,0,0,1,False,-1
7086,DOUBLE,1,0,1,False,-1
7087,DOUBLE,1,0,1,False,-1
7088,SINGLE,0,0,1,False,-1
7089,SINGLE,0,0,1,False,-1
7090,SINGLE,0,0,1,False,-1
7091,SINGLE,0,0,1,False,-1
7092,SINGLE,0,0,1,False,-1
7093,SINGLE,0,0,1,False,-1
7094,DOUBLE,1,0,1,False,-1
7095,DOUBLE,1,0,1,False,-1
7096,DOUBLE,1,0,1,False,-1
7098,DOUBLE,1,0,1,False,-1
7099,SINGLE,0,0,1,False,-1
7100,SINGLE,0,0,1,False,-1
7101,DOUBLE,1,0,1,False,-1
7102,DOUBLE,1,0,1,False,-1
7103,SINGLE,0,0,1,False,-1
7104,SINGLE,0,0,1,False,-1
7105,SINGLE,0,0,1,False,-1
7106,DOUBLE,1,0,1,False,-1
7107,SINGLE,0,0,1,False,-1
7108,DOUBLE,1,0,1,False,-1
7109,SINGLE,0,0,1,False,-1
7110,DOUBLE,1,0,1,False,-1
7111,DOUBLE,1,0,1,False,-1
7112,DOUBLE,1,0,1,False,-1
7113,DOUBLE,1,0,1,False,-1
7114,DOUBLE,1,0,1,False,-1
7115,DOUBLE,1,0,1,False,-1
7116,DOUBLE,1,0,1,False,-1
7117,SINGLE,0,0,1,False,-1
7118,DOUBLE,1,0,1,False,-1
7119,DOUBLE,1,0,1,False,-1
7120,SINGLE,0,0,1,False,-1
7121,SINGLE,0,0,1,False,-1
7122,DOUBLE,1,0,1,False,-1
7123,DOUBLE,1,0,1,False,-1
7124,SINGLE,0,0,1,False,-1
7125,DOUBLE,1,0,1,False,-1
7126,DOUBLE,1,0,1,False,-1
7127,SINGLE,0,0,1,False,-1
7128,DOUBLE,1,0,1,False,-1
7129,DOUBLE,1,0,1,False,-1
7131,SINGLE,0,0,1,False,-1
7132,DOUBLE,1,0,1,False,-1
7133,SINGLE,0,0,1,False,-1
7134,DOUBLE,1,0,1,False,-1
7136,SINGLE,0,0,1,False,-1
7137,DOUBLE,1,0,1,False,-1
7138,SINGLE,0,0,1,False,-1
7139,DOUBLE,1,0,1,False,-1
7140,DOUBLE,1,0,1,False,-1
7141,SINGLE,0,0,1,False,-1
7142,SINGLE,0,0,1,False,-1
7143,SINGLE,0,0,1,False,-1
7144,SINGLE,0,0,1,False,-1
7146,SINGLE,0,0,1,False,-1
7147,DOUBLE,1,0,1,False,-1
7148,SINGLE,0,0,1,False,-1
7149,DOUBLE,1,0,1,False,-1
7150,DOUBLE,1,0,1,False,-1
7151,DOUBLE,1,0,1,False,-1
7152,SINGLE,0,0,1,False,-1
7153,SINGLE,0,0,1,False,-1
7154,DOUBLE,1,0,1,False,-1
7155,TRIPLE,1,1,1,False,-1
7156,DOUBLE,0,1,1,False,-1
7157,SINGLE,0,0,1,False,-1
7158,SINGLE,0,0,1,False,-1
7159,DOUBLE,1,0,1,False,-1
7160,DOUBLE,1,0,1,False,-1
7161,SINGLE,0,0,1,False,-1
7162,DOUBLE,1,0,1,False,-1
7163,SINGLE,0,0,1,False,-1
7164,DOUBLE,1,0,1,False,-1
7165,DOUBLE,1,0,1,False,-1
7166,SINGLE,0,0,1,False,-1
7167,SINGLE,0,0,1,False,-1
7168,DOUBLE,1,0,1,False,-1
7169,DOUBLE,1,0,1,False,-1
7170,DOUBLE,1,0,1,False,-1
7171,DOUBLE,1,0,1,False,-1
7172,SINGLE,0,0,1,False,-1
7173,DOUBLE,1,0,1,False,-1
7174,DOUBLE,1,0,1,False,-1
7175,TRIPLE,1,1,1,False,-1
7176,DOUBLE,1,0,1,False,-1
7177,DOUBLE,1,0,1,False,-1
7178,DOUBLE,1,0,1,False,-1
7179,DOUBLE,1,0,1,False,-1
7180,SINGLE,0,0,1,False,-1
7181,SINGLE,0,0,1,False,-1
7182,SINGLE,0,0,1,False,-1
7183,DOUBLE,1,0,1,False,-1
7184,DOUBLE,1,0,1,False,-1
7185,SINGLE,0,0,1,False,-1
7186,DOUBLE,1,0,1,False,-1
7187,SINGLE,0,0,1,False,-1
7188,DOUBLE,1,0,1,False,-1
7189,DOUBLE,1,0,1,False,-1
7190,DOUBLE,1,0,1,False,-1
7191,SINGLE,0,0,1,False,-1
7193,DOUBLE,0,1,1,False,-1
7194,DOUBLE,1,0,1,False,-1
7195,SINGLE,0,0,1,False,-1
7196,SINGLE,0,0,1,False,-1
7197,DOUBLE,1,0,1,False,-1
7200,DOUBLE,1,0,1,False,-1
7201,DOUBLE,1,0,1,False,-1
7202,SINGLE,0,0,1,False,-1
7203,DOUBLE,0,1,1,False,-1
7204,DOUBLE,1,0,1,False,-1
7205,SINGLE,0,0,1,False,-1
7206,SINGLE,0,0,1,False,-1
7207,DOUBLE,1,0,1,False,-1
7208,DOUBLE,1,0,1,False,-1
7209,SINGLE,0,0,1,False,-1
7210,DOUBLE,1,0,1,False,-1
7211,SINGLE,0,0,1,False,-1
7212,DOUBLE,1,0,1,False,-1
7213,SINGLE,0,0,1,False,-1
7214,DOUBLE,1,0,1,False,-1
7215,DOUBLE,1,0,1,False,-1
7217,DOUBLE,1,0,1,False,-1
7218,SINGLE,0,0,1,False,-1
7219,SINGLE,0,0,1,False,-1
7220,DOUBLE,1,0,1,False,-1
7221,SINGLE,0,0,1,False,-1
7222,SINGLE,0,0,1,False,-1
7224,SINGLE,0,0,1,False,-1
7225,DOUBLE,1,0,1,False,-1
7227,DOUBLE,1,0,1,False,-1
7228,DOUBLE,1,0,1,False,-1
7229,DOUBLE,1,0,1,False,-1
7230,DOUBLE,1,0,1,False,-1
7231,SINGLE,0,0,1,False,-1
7232,DOUBLE,1,0,1,False,-1
7233,DOUBLE,1,0,1,False,-1
7234,DOUBLE,1,0,1,False,-1
7235,DOUBLE,1,0,1,False,-1
7236,SINGLE,0,0,1,False,-1
7237,DOUBLE,1,0,1,False,-1
7239,SINGLE,0,0,1,False,-1
7240,DOUBLE,1,0,1,False,-1
7241,DOUBLE,1,0,1,False,-1
7242,SINGLE,0,0,1,False,-1
7243,DOUBLE,1,0,1,False,-1
7244,DOUBLE,1,0,1,False,-1
7245,DOUBLE,1,0,1,False,-1
7247,SINGLE,0,0,1,False,-1
7248,DOUBLE,1,0,1,False,-1
7249,DOUBLE,1,0,1,False,-1
7250,SINGLE,0,0,1,False,-1
7251,DOUBLE,1,0,1,False,-1
7253,DOUBLE,1,0,1,False,-1
7254,SINGLE,0,0,1,False,-1
7255,DOUBLE,1,0,1,False,-1
7256,DOUBLE,1,0,1,False,-1
7257,SINGLE,0,0,1,False,-1
7258,DOUBLE,1,0,1,False,-1
7260,SINGLE,0,0,1,False,-1
7261,SINGLE,0,0,1,False,-1
7262,SINGLE,0,0,1,False,-1
7263,DOUBLE,1,0,1,False,-1
7264,DOUBLE,1,0,1,False,-1
7265,SINGLE,0,0,1,False,-1
7266,SINGLE,0,0,1,False,-1
7267,DOUBLE,1,0,1,False,-1
7268,SINGLE,0,0,1,False,-1
7269,DOUBLE,1,0,1,False,-1
7270,SINGLE,0,0,1,False,-1
7271,DOUBLE,1,0,1,False,-1
7272,DOUBLE,1,0,1,False,-1
7273,SINGLE,0,0,1,False,-1
7275,DOUBLE,1,0,1,False,-1
7276,DOUBLE,1,0,1,False,-1
7278,DOUBLE,1,0,1,False,-1
7279,DOUBLE,1,0,1,False,-1
7280,SINGLE,0,0,1,False,-1
7281,DOUBLE,1,0,1,False,-1
7282,DOUBLE,1,0,1,False,-1
7283,SINGLE,0,0,1,False,-1
7284,DOUBLE,1,0,1,False,-1
7285,DOUBLE,1,0,1,False,-1
7286,DOUBLE,1,0,1,False,-1
7287,DOUBLE,1,0,1,False,-1
7288,DOUBLE,1,0,1,False,-1
7289,SINGLE,0,0,1,False,-1
7290,DOUBLE,1,0,1,False,-1
7291,SINGLE,0,0,1,False,-1
7292,DOUBLE,1,0,1,False,-1
7293,SINGLE,0,0,1,False,-1
7294,SINGLE,0,0,1,False,-1
7295,SINGLE,0,0,1,False,-1
7296,DOUBLE,1,0,1,False,-1
7297,DOUBLE,1,0,1,False,-1
7298,SINGLE,0,0,1,False,-1
7299,SINGLE,0,0,1,False,-1
7300,SINGLE,0,0,1,False,-1
7301,DOUBLE,1,0,1,False,-1
7302,DOUBLE,1,0,1,False,-1
7303,DOUBLE,1,0,1,False,-1
7304,DOUBLE,1,0,1,False,-1
7305,SINGLE,0,0,1,False,-1
7307,SINGLE,0,0,1,False,-1
7308,SINGLE,0,0,1,False,-1
7309,SINGLE,0,0,1,False,-1
7310,SINGLE,0,0,1,False,-1
7311,DOUBLE,1,0,1,False,-1
7312,DOUBLE,1,0,1,False,-1
7313,DOUBLE,1,0,1,False,-1
7314,DOUBLE,0,1,1,False,-1
7315,SINGLE,0,0,1,False,-1
7316,SINGLE,0,0,1,False,-1
7317,SINGLE,0,0,1,False,-1
7318,SINGLE,0,0,1,False,-1
7319,DOUBLE,1,0,1,False,-1
7321,SINGLE,0,0,1,False,-1
7324,SINGLE,0,0,1,False,-1
7325,DOUBLE,1,0,1,False,-1
7326,DOUBLE,1,0,1,False,-1
7327,DOUBLE,1,0,1,False,-1
7329,DOUBLE,1,0,1,False,-1
7331,DOUBLE,1,0,1,False,-1
7332,SINGLE,0,0,1,False,-1
7333,DOUBLE,1,0,1,False,-1
7334,DOUBLE,1,0,1,False,-1
7335,SINGLE,0,0,1,False,-1
7336,SINGLE,0,0,1,False,-1
7337,DOUBLE,1,0,1,False,-1
7338,DOUBLE,1,0,1,False,-1
7339,SINGLE,0,0,1,False,-1
7341,SINGLE,0,0,1,False,-1
7342,DOUBLE,1,0,1,False,-1
7343,SINGLE,0,0,1,False,-1
7344,DOUBLE,1,0,1,False,-1
7345,SINGLE,0,0,1,False,-1
7346,DOUBLE,1,0,1,False,-1
7347,SINGLE,0,0,1,False,-1
7348,DOUBLE,1,0,1,False,-1
7349,DOUBLE,1,0,1,False,-1
7350,SINGLE,0,0,1,False,-1
7351,DOUBLE,1,0,1,False,-1
7352,SINGLE,0,0,1,False,-1
7353,SINGLE,0,0,1,False,-1
7354,SINGLE,0,0,1,False,-1
7355,DOUBLE,1,0,1,False,-1
7356,SINGLE,0,0,1,False,-1
7357,DOUBLE,1,0,1,False,-1
7358,SINGLE,0,0,1,False,-1
7360,DOUBLE,1,0,1,False,-1
7361,DOUBLE,1,0,1,False,-1
7362,DOUBLE,1,0,1,False,-1
7363,DOUBLE,1,0,1,False,-1
7364,SINGLE,0,0,1,False,-1
7365,DOUBLE,1,0,1,False,-1
7366,DOUBLE,1,0,1,False,-1
7367,DOUBLE,1,0,1,False,-1
7368,DOUBLE,1,0,1,False,-1
7369,DOUBLE,1,0,1,False,-1
7370,DOUBLE,1,0,1,False,-1
7371,SINGLE,0,0,1,False,-1
7372,SINGLE,0,0,1,False,-1
7375,SINGLE,0,0,1,False,-1
7376,SINGLE,0,0,1,False,-1
7377,SINGLE,0,0,1,False,-1
7379,DOUBLE,1,0,1,False,-1
7380,SINGLE,0,0,1,False,-1
7381,DOUBLE,1,0,1,False,-1
7382,DOUBLE,1,0,1,False,-1
7383,SINGLE,0,0,1,False,-1
7384,DOUBLE,1,0,1,False,-1
7385,DOUBLE,1,0,1,False,-1
7387,SINGLE,0,0,1,False,-1
7388,SINGLE,0,0,1,False,-1
7389,SINGLE,0,0,1,False,-1
7391,SINGLE,0,0,1,False,-1
7392,SINGLE,0,0,1,False,-1
7393,DOUBLE,1,0,1,False,-1
7394,SINGLE,0,0,1,False,-1
7395,SINGLE,0,0,1,False,-1
7396,SINGLE,0,0,1,False,-1
7397,SINGLE,0,0,1,False,-1
7398,SINGLE,0,0,1,False,-1
7399,SINGLE,0,0,1,False,-1
7400,DOUBLE,1,0,1,False,-1
7401,SINGLE,0,0,1,False,-1
7402,DOUBLE,1,0,1,False,-1
7403,SINGLE,0,0,1,False,-1
7404,DOUBLE,1,0,1,False,-1
7405,DOUBLE,1,0,1,False,-1
7406,SINGLE,0,0,1,False,-1
7407,SINGLE,0,0,1,False,-1
7408,DOUBLE,1,0,1,False,-1
7409,DOUBLE,1,0,1,False,-1
7410,DOUBLE,1,0,1,False,-1
7411,DOUBLE,1,0,1,False,-1
7412,SINGLE,0,0,1,False,-1
7413,DOUBLE,1,0,1,False,-1
7414,DOUBLE,1,0,1,False,-1
7415,SINGLE,0,0,1,False,-1
7416,TRIPLE,1,1,1,False,-1
7417,DOUBLE,1,0,1,False,-1
7418,DOUBLE,1,0,1,False,-1
7419,SINGLE,0,0,1,False,-1
7420,DOUBLE,1,0,1,False,-1
7422,DOUBLE,1,0,1,False,-1
7423,DOUBLE,1,0,1,False,-1
7424,DOUBLE,1,0,1,False,-1
7426,DOUBLE,1,0,1,False,-1
7427,SINGLE,0,0,1,False,-1
7428,DOUBLE,1,0,1,False,-1
7430,SINGLE,0,0,1,False,-1
7431,DOUBLE,1,0,1,False,-1
7432,SINGLE,0,0,1,False,-1
7433,SINGLE,0,0,1,False,-1
7434,DOUBLE,1,0,1,False,-1
7435,DOUBLE,1,0,1,False,-1
7437,SINGLE,0,0,1,False,-1
7438,DOUBLE,1,0,1,False,-1
7439,DOUBLE,1,0,1,False,-1
7440,DOUBLE,1,0,1,False,-1
7441,SINGLE,0,0,1,False,-1
7442,SINGLE,0,0,1,False,-1
7443,SINGLE,0,0,1,False,-1
7444,TRIPLE,1,1,1,False,-1
7446,DOUBLE,1,0,1,False,-1
7447,DOUBLE,1,0,1,False,-1
7448,DOUBLE,1,0,1,False,-1
7449,DOUBLE,1,0,1,False,-1
7450,DOUBLE,1,0,1,False,-1
7451,DOUBLE,1,0,1,False,-1
7452,DOUBLE,0,1,1,False,-1
7453,SINGLE,0,0,1,False,-1
7454,SINGLE,0,0,1,False,-1
7455,DOUBLE,1,0,1,False,-1
7457,SINGLE,0,0,1,False,-1
7458,DOUBLE,1,0,1,False,-1
7459,DOUBLE,1,0,1,False,-1
7460,DOUBLE,1,0,1,False,-1
7461,SINGLE,0,0,1,False,-1
7462,DOUBLE,1,0,1,False,-1
7464,DOUBLE,1,0,1,False,-1
7465,SINGLE,0,0,1,False,-1
7466,DOUBLE,1,0,1,False,-1
7467,DOUBLE,1,0,1,False,-1
7468,DOUBLE,1,0,1,False,-1
7469,SINGLE,0,0,1,False,-1
7470,DOUBLE,1,0,1,False,-1
7471,SINGLE,0,0,1,False,-1
7472,SINGLE,0,0,1,False,-1
7473,SINGLE,0,0,1,False,-1
7474,SINGLE,0,0,1,False,-1
7475,SINGLE,0,0,1,False,-1
7477,SINGLE,0,0,1,False,-1
7478,DOUBLE,1,0,1,False,-1
7479,SINGLE,0,0,1,False,-1
7480,DOUBLE,1,0,1,False,-1
7481,DOUBLE,1,0,1,False,-1
7482,DOUBLE,1,0,1,False,-1
7483,SINGLE,0,0,1,False,-1
7485,SINGLE,0,0,1,False,-1
7486,DOUBLE,1,0,1,False,-1
7488,SINGLE,0,0,1,False,-1
7489,SINGLE,0,0,1,False,-1
7490,DOUBLE,1,0,1,False,-1
7491,SINGLE,0,0,1,False,-1
7492,DOUBLE,1,0,1,False,-1
7493,DOUBLE,1,0,1,False,-1
7494,SINGLE,0,0,1,False,-1
7495,DOUBLE,1,0,1,False,-1
7496,DOUBLE,1,0,1,False,-1
7497,DOUBLE,1,0,1,False,-1
7498,SINGLE,0,0,1,False,-1
7499,DOUBLE,1,0,1,False,-1
7500,DOUBLE,1,0,1,False,-1
7501,SINGLE,0,0,1,False,-1
7502,SINGLE,0,0,1,False,-1
7503,SINGLE,0,0,1,False,-1
7504,DOUBLE,1,0,1,False,-1
7505,SINGLE,0,0,1,False,-1
7506,DOUBLE,1,0,1,False,-1
7507,SINGLE,0,0,1,False,-1
7508,DOUBLE,1,0,1,False,-1
7509,SINGLE,0,0,1,False,-1
7511,SINGLE,0,0,1,False,-1
7512,DOUBLE,1,0,1,False,-1
7513,SINGLE,0,0,1,False,-1
7514,DOUBLE,1,0,1,False,-1
7516,SINGLE,0,0,1,False,-1
7517,SINGLE,0,0,1,False,-1
7518,DOUBLE,1,0,1,False,-1
7519,DOUBLE,1,0,1,False,-1
7520,DOUBLE,1,0,1,False,-1
7521,DOUBLE,1,0,1,False,-1
7522,DOUBLE,1,0,1,False,-1
7523,SINGLE,0,0,1,False,-1
7524,SINGLE,0,0,1,False,-1
7525,DOUBLE,1,0,1,False,-1
7526,SINGLE,0,0,1,False,-1
7527,DOUBLE,1,0,1,False,-1
7528,DOUBLE,1,0,1,False,-1
7529,SINGLE,0,0,1,False,-1
7530,DOUBLE,1,0,1,False,-1
7532,SINGLE,0,0,1,False,-1
7533,SINGLE,0,0,1,False,-1
7534,SINGLE,0,0,1,False,-1
7535,DOUBLE,1,0,1,False,-1
7536,SINGLE,0,0,1,False,-1
7537,DOUBLE,1,0,1,False,-1
7538,DOUBLE,1,0,1,False,-1
7540,DOUBLE,1,0,1,False,-1
7541,DOUBLE,1,0,1,False,-1
7542,DOUBLE,1,0,1,False,-1
7543,SINGLE,0,0,1,False,-1
7544,DOUBLE,1,0,1,False,-1
7545,DOUBLE,1,0,1,False,-1
7546,SINGLE,0,0,1,False,-1
7547,DOUBLE,1,0,1,False,-1
7548,SINGLE,0,0,1,False,-1
7549,DOUBLE,1,0,1,False,-1
7550,DOUBLE,1,0,1,False,-1
7552,DOUBLE,1,0,1,False,-1
7553,SINGLE,0,0,1,False,-1
7554,DOUBLE,1,0,1,False,-1
7555,DOUBLE,1,0,1,False,-1
7556,DOUBLE,1,0,1,False,-1
7557,DOUBLE,1,0,1,False,-1
7558,SINGLE,0,0,1,False,-1
7559,DOUBLE,1,0,1,False,-1
7560,DOUBLE,1,0,1,False,-1
7561,DOUBLE,1,0,1,False,-1
7562,SINGLE,0,0,1,False,-1
7563,DOUBLE,1,0,1,False,-1
7564,SINGLE,0,0,1,False,-1
7566,SINGLE,0,0,1,False,-1
7567,DOUBLE,1,0,1,False,-1
7568,DOUBLE,1,0,1,False,-1
7569,DOUBLE,1,0,1,False,-1
7570,DOUBLE,1,0,1,False,-1
7571,SINGLE,0,0,1,False,-1
7572,DOUBLE,1,0,1,False,-1
7573,DOUBLE,1,0,1,False,-1
7574,DOUBLE,1,0,1,False,-1
7575,SINGLE,0,0,1,False,-1
7578,SINGLE,0,0,1,False,-1
7579,DOUBLE,1,0,1,False,-1
7580,DOUBLE,1,0,1,False,-1
7581,DOUBLE,1,0,1,False,-1
7582,DOUBLE,1,0,1,False,-1
7583,DOUBLE,0,1,1,False,-1
7584,SINGLE,0,0,1,False,-1
7585,DOUBLE,1,0,1,False,-1
7586,DOUBLE,1,0,1,False,-1
7587,DOUBLE,1,0,1,False,-1
7588,DOUBLE,0,1,1,False,-1
7589,DOUBLE,1,0,1,False,-1
7590,SINGLE,0,0,1,False,-1
7591,SINGLE,0,0,1,False,-1
7592,SINGLE,0,0,1,False,-1
7593,DOUBLE,1,0,1,False,-1
7595,DOUBLE,1,0,1,False,-1
7596,DOUBLE,1,0,1,False,-1
7597,SINGLE,0,0,1,False,-1
7598,SINGLE,0,0,1,False,-1
7599,DOUBLE,1,0,1,False,-1
7603,DOUBLE,1,0,1,False,-1
7604,DOUBLE,1,0,1,False,-1
7605,DOUBLE,1,0,1,False,-1
7606,SINGLE,0,0,1,False,-1
7607,DOUBLE,0,1,1,False,-1
7608,SINGLE,0,0,1,False,-1
7609,DOUBLE,1,0,1,False,-1
7610,SINGLE,0,0,1,False,-1
7611,SINGLE,0,0,1,False,-1
7612,SINGLE,0,0,1,False,-1
7613,TRIPLE,1,1,1,False,-1
7614,SINGLE,0,0,1,False,-1
7615,DOUBLE,1,0,1,False,-1
7616,DOUBLE,1,0,1,False,-1
7617,DOUBLE,1,0,1,False,-1
7618,DOUBLE,1,0,1,False,-1
7619,DOUBLE,1,0,1,False,-1
7620,DOUBLE,1,0,1,False,-1
7621,SINGLE,0,0,1,False,-1
7622,SINGLE,0,0,1,False,-1
7623,DOUBLE,1,0,1,False,-1
7624,SINGLE,0,0,1,False,-1
7625,DOUBLE,1,0,1,False,-1
7626,SINGLE,0,0,1,False,-1
7628,SINGLE,0,0,1,False,-1
7629,DOUBLE,1,0,1,False,-1
7630,DOUBLE,1,0,1,False,-1
7631,DOUBLE,1,0,1,False,-1
7632,SINGLE,0,0,1,False,-1
7633,SINGLE,0,0,1,False,-1
7634,SINGLE,0,0,1,False,-1
7635,SINGLE,0,0,1,False,-1
7636,SINGLE,0,0,1,False,-1
7637,DOUBLE,1,0,1,False,-1
7638,SINGLE,0,0,1,False,-1
7639,DOUBLE,1,0,1,False,-1
7641,SINGLE,0,0,1,False,-1
7642,DOUBLE,1,0,1,False,-1
7643,DOUBLE,0,1,1,False,-1
7644,SINGLE,0,0,1,False,-1
7645,DOUBLE,1,0,1,False,-1
7646,SINGLE,0,0,1,False,-1
7647,DOUBLE,1,0,1,False,-1
7648,SINGLE,0,0,1,False,-1
7649,SINGLE,0,0,1,False,-1
7650,SINGLE,0,0,1,False,-1
7651,DOUBLE,1,0,1,False,-1
7652,SINGLE,0,0,1,False,-1
7653,DOUBLE,1,0,1,False,-1
7654,DOUBLE,1,0,1,False,-1
7655,SINGLE,0,0,1,False,-1
7656,DOUBLE,1,0,1,False,-1
7658,DOUBLE,1,0,1,False,-1
7659,DOUBLE,1,0,1,False,-1
7660,DOUBLE,1,0,1,False,-1
7661,SINGLE,0,0,1,False,-1
7663,SINGLE,0,0,1,False,-1
7664,DOUBLE,1,0,1,False,-1
7665,DOUBLE,1,0,1,False,-1
7666,DOUBLE,1,0,1,False,-1
7667,DOUBLE,1,0,1,False,-1
7668,SINGLE,0,0,1,False,-1
7669,DOUBLE,1,0,1,False,-1
7670,SINGLE,0,0,1,False,-1
7672,SINGLE,0,0,1,False,-1
7673,DOUBLE,1,0,1,False,-1
7674,DOUBLE,1,0,1,False,-1
7676,SINGLE,0,0,1,False,-1
7677,SINGLE,0,0,1,False,-1
7678,DOUBLE,1,0,1,False,-1
7679,DOUBLE,1,0,1,False,-1
7680,SINGLE,0,0,1,False,-1
7682,DOUBLE,1,0,1,False,-1
7683,DOUBLE,1,0,1,False,-1
7684,SINGLE,0,0,1,False,-1
7685,SINGLE,0,0,1,False,-1
7686,DOUBLE,1,0,1,False,-1
7687,DOUBLE,0,1,1,False,-1
7688,SINGLE,0,0,1,False,-1
7689,DOUBLE,1,0,1,False,-1
7690,DOUBLE,1,0,1,False,-1
7692,SINGLE,0,0,1,False,-1
7693,DOUBLE,1,0,1,False,-1
7694,SINGLE,0,0,1,False,-1
7695,DOUBLE,1,0,1,False,-1
7696,DOUBLE,1,0,1,False,-1
7698,DOUBLE,1,0,1,False,-1
7699,DOUBLE,1,0,1,False,-1
7700,DOUBLE,1,0,1,False,-1
7701,SINGLE,0,0,1,False,-1
7702,SINGLE,0,0,1,False,-1
7703,DOUBLE,1,0,1,False,-1
7704,SINGLE,0,0,1,False,-1
7705,DOUBLE,1,0,1,False,-1
7706,SINGLE,0,0,1,False,-1
7707,DOUBLE,1,0,1,False,-1
7708,DOUBLE,1,0,1,False,-1
7710,SINGLE,0,0,1,False,-1
7711,SINGLE,0,0,1,False,-1
7713,SINGLE,0,0,1,False,-1
7714,DOUBLE,1,0,1,False,-1
7715,DOUBLE,1,0,1,False,-1
7716,DOUBLE,1,0,1,False,-1
7717,DOUBLE,1,0,1,False,-1
7718,DOUBLE,1,0,1,False,-1
7720,SINGLE,0,0,1,False,-1
7721,SINGLE,0,0,1,False,-1
7722,DOUBLE,1,0,1,False,-1
7723,SINGLE,0,0,1,False,-1
7724,DOUBLE,1,0,1,False,-1
7725,DOUBLE,1,0,1,False,-1
7726,SINGLE,0,0,1,False,-1
7727,DOUBLE,1,0,1,False,-1
7728,SINGLE,0,0,1,False,-1
7729,DOUBLE,1,0,1,False,-1
7730,DOUBLE,1,0,1,False,-1
7731,DOUBLE,1,0,1,False,-1
7732,SINGLE,0,0,1,False,-1
7733,SINGLE,0,0,1,False,-1
7734,DOUBLE,1,0,1,False,-1
7735,DOUBLE,1,0,1,False,-1
7736,DOUBLE,1,0,1,False,-1
7737,SINGLE,0,0,1,False,-1
7738,DOUBLE,1,0,1,False,-1
7739,DOUBLE,1,0,1,False,-1
7740,SINGLE,0,0,1,False,-1
7741,DOUBLE,1,0,1,False,-1
7742,DOUBLE,1,0,1,False,-1
7744,DOUBLE,1,0,1,False,-1
7747,DOUBLE,1,0,1,False,-1
7750,DOUBLE,1,0,1,False,-1
7751,DOUBLE,1,0,1,False,-1
7752,DOUBLE,1,0,1,False,-1
7753,SINGLE,0,0,1,False,-1
7754,SINGLE,0,0,1,False,-1
7755,DOUBLE,1,0,1,False,-1
7756,DOUBLE,1,0,1,False,-1
7757,SINGLE,0,0,1,False,-1
7759,SINGLE,0,0,1,False,-1
7760,DOUBLE,1,0,1,False,-1
7761,DOUBLE,1,0,1,False,-1
7762,SINGLE,0,0,1,False,-1
7763,SINGLE,0,0,1,False,-1
7764,DOUBLE,1,0,1,False,-1
7765,DOUBLE,1,0,1,False,-1
7766,DOUBLE,1,0,1,False,-1
7767,SINGLE,0,0,1,False,-1
7768,SINGLE,0,0,1,False,-1
7769,DOUBLE,1,0,1,False,-1
7770,DOUBLE,1,0,1,False,-1
7771,SINGLE,0,0,1,False,-1
7772,DOUBLE,1,0,1,False,-1
7773,SINGLE,0,0,1,False,-1
7774,DOUBLE,1,0,1,False,-1
7775,DOUBLE,1,0,1,False,-1
7776,SINGLE,0,0,1,False,-1
7777,DOUBLE,1,0,1,False,-1
7778,SINGLE,0,0,1,False,-1
7779,SINGLE,0,0,1,False,-1
7780,SINGLE,0,0,1,False,-1
7781,DOUBLE,1,0,1,False,-1
7782,SINGLE,0,0,1,False,-1
7783,SINGLE,0,0,1,False,-1
7784,SINGLE,0,0,1,False,-1
7785,DOUBLE,1,0,1,False,-1
7786,SINGLE,0,0,1,False,-1
7787,DOUBLE,1,0,1,False,-1
7789,DOUBLE,1,0,1,False,-1
7790,DOUBLE,1,0,1,False,-1
7791,SINGLE,0,0,1,False,-1
7792,DOUBLE,1,0,1,False,-1
7793,TRIPLE,1,1,1,False,-1
7794,DOUBLE,1,0,1,False,-1
7795,DOUBLE,1,0,1,False,-1
7796,SINGLE,0,0,1,False,-1
7797,DOUBLE,1,0,1,False,-1
7798,DOUBLE,1,0,1,False,-1
7799,SINGLE,0,0,1,False,-1
7800,DOUBLE,1,0,1,False,-1
7802,DOUBLE,1,0,1,False,-1
7803,SINGLE,0,0,1,False,-1
7804,SINGLE,0,0,1,False,-1
7805,SINGLE,0,0,1,False,-1
7806,SINGLE,0,0,1,False,-1
7807,SINGLE,0,0,1,False,-1
7808,DOUBLE,1,0,1,False,-1
7809,DOUBLE,1,0,1,False,-1
7810,DOUBLE,1,0,1,False,-1
7811,SINGLE,0,0,1,False,-1
7813,SINGLE,0,0,1,False,-1
7814,DOUBLE,1,0,1,False,-1
7815,DOUBLE,1,0,1,False,-1
7816,SINGLE,0,0,1,False,-1
7817,SINGLE,0,0,1,False,-1
7818,SINGLE,0,0,1,False,-1
7819,SINGLE,0,0,1,False,-1
7820,DOUBLE,1,0,1,False,-1
7821,DOUBLE,1,0,1,False,-1
7822,DOUBLE,1,0,1,False,-1
7823,DOUBLE,1,0,1,False,-1
7824,DOUBLE,1,0,1,False,-1
7825,DOUBLE,1,0,1,False,-1
7826,SINGLE,0,0,1,False,-1
7827,DOUBLE,1,0,1,False,-1
7828,SINGLE,0,0,1,False,-1
7830,DOUBLE,1,0,1,False,-1
7831,DOUBLE,1,0,1,False,-1
7832,DOUBLE,1,0,1,False,-1
7833,SINGLE,0,0,1,False,-1
7834,DOUBLE,1,0,1,False,-1
7835,DOUBLE,0,1,1,False,-1
7836,DOUBLE,1,0,1,False,-1
7837,DOUBLE,1,0,1,False,-1
7838,DOUBLE,1,0,1,False,-1
7839,SINGLE,0,0,1,False,-1
7841,DOUBLE,1,0,1,False,-1
7842,SINGLE,0,0,1,False,-1
7843,TRIPLE,1,1,1,False,-1
7844,DOUBLE,1,0,1,False,-1
7846,SINGLE,0,0,1,False,-1
7847,DOUBLE,1,0,1,False,-1
7848,DOUBLE,1,0,1,False,-1
7849,DOUBLE,1,0,1,False,-1
7850,SINGLE,0,0,1,False,-1
7851,SINGLE,0,0,1,False,-1
7852,DOUBLE,1,0,1,False,-1
7853,SINGLE,0,0,1,False,-1
7855,DOUBLE,1,0,1,False,-1
7856,SINGLE,0,0,1,False,-1
7857,DOUBLE,1,0,1,False,-1
7858,DOUBLE,1,0,1,False,-1
7859,DOUBLE,1,0,1,False,-1
7860,DOUBLE,1,0,1,False,-1
7861,DOUBLE,1,0,1,False,-1
7862,DOUBLE,1,0,1,False,-1
7863,SINGLE,0,0,1,False,-1
7864,DOUBLE,1,0,1,False,-1
7865,SINGLE,0,0,1,False,-1
7866,SINGLE,0,0,1,False,-1
7868,SINGLE,0,0,1,False,-1
7869,SINGLE,0,0,1,False,-1
7870,SINGLE,0,0,1,False,-1
7871,DOUBLE,1,0,1,False,-1
7872,SINGLE,0,0,1,False,-1
7873,DOUBLE,1,0,1,False,-1
7874,DOUBLE,1,0,1,False,-1
7875,DOUBLE,1,0,1,False,-1
7876,SINGLE,0,0,1,False,-1
7877,SINGLE,0,0,1,False,-1
7878,SINGLE,0,0,1,False,-1
7879,SINGLE,0,0,1,False,-1
7880,SINGLE,0,0,1,False,-1
7881,DOUBLE,1,0,1,False,-1
7883,DOUBLE,1,0,1,False,-1
7884,DOUBLE,1,0,1,False,-1
7885,SINGLE,0,0,1,False,-1
7886,SINGLE,0,0,1,False,-1
7887,SINGLE,0,0,1,False,-1
7888,SINGLE,0,0,1,False,-1
7889,SINGLE,0,0,1,False,-1
7890,SINGLE,0,0,1,False,-1
7891,SINGLE,0,0,1,False,-1
7892,DOUBLE,1,0,1,False,-1
7893,DOUBLE,1,0,1,False,-1
7894,DOUBLE,1,0,1,False,-1
7895,DOUBLE,1,0,1,False,-1
7896,DOUBLE,1,0,1,False,-1
7897,SINGLE,0,0,1,False,-1
7898,DOUBLE,1,0,1,False,-1
7900,DOUBLE,1,0,1,False,-1
7901,DOUBLE,1,0,1,False,-1
7902,SINGLE,0,0,1,False,-1
7903,SINGLE,0,0,1,False,-1
7904,DOUBLE,1,0,1,False,-1
7905,SINGLE,0,0,1,False,-1
7906,SINGLE,0,0,1,False,-1
7907,SINGLE,0,0,1,False,-1
7908,DOUBLE,1,0,1,False,-1
7909,SINGLE,0,0,1,False,-1
7911,DOUBLE,1,0,1,False,-1
7912,DOUBLE,1,0,1,False,-1
7913,DOUBLE,1,0,1,False,-1
7914,SINGLE,0,0,1,False,-1
7916,DOUBLE,1,0,1,False,-1
7918,DOUBLE,1,0,1,False,-1
7919,DOUBLE,1,0,1,False,-1
7920,SINGLE,0,0,1,False,-1
7921,DOUBLE,1,0,1,False,-1
7922,DOUBLE,1,0,1,False,-1
7923,SINGLE,0,0,1,False,-1
7924,DOUBLE,1,0,1,False,-1
7925,SINGLE,0,0,1,False,-1
7927,DOUBLE,1,0,1,False,-1
7928,SINGLE,0,0,1,False,-1
7929,DOUBLE,1,0,1,False,-1
7930,DOUBLE,1,0,1,False,-1
7932,SINGLE,0,0,1,False,-1
7933,DOUBLE,1,0,1,False,-1
7934,SINGLE,0,0,1,False,-1
7935,DOUBLE,1,0,1,False,-1
7936,DOUBLE,1,0,1,False,-1
7937,DOUBLE,1,0,1,False,-1
7938,SINGLE,0,0,1,False,-1
7939,SINGLE,0,0,1,False,-1
7941,SINGLE,0,0,1,False,-1
7942,SINGLE,0,0,1,False,-1
7943,DOUBLE,1,0,1,False,-1
7944,SINGLE,0,0,1,False,-1
7945,DOUBLE,1,0,1,False,-1
7946,DOUBLE,1,0,1,False,-1
7948,SINGLE,0,0,1,False,-1
7949,DOUBLE,1,0,1,False,-1
7950,SINGLE,0,0,1,False,-1
7951,DOUBLE,1,0,1,False,-1
7952,DOUBLE,1,0,1,False,-1
7953,DOUBLE,1,0,1,False,-1
7954,SINGLE,0,0,1,False,-1
7955,DOUBLE,1,0,1,False,-1
7956,DOUBLE,1,0,1,False,-1
7957,DOUBLE,1,0,1,False,-1
7958,SINGLE,0,0,1,False,-1
7959,DOUBLE,1,0,1,False,-1
7960,DOUBLE,1,0,1,False,-1
7961,DOUBLE,1,0,1,False,-1
7962,SINGLE,0,0,1,False,-1
7963,DOUBLE,1,0,1,False,-1
7964,SINGLE,0,0,1,False,-1
7965,SINGLE,0,0,1,False,-1
7966,SINGLE,0,0,1,False,-1
7967,DOUBLE,1,0,1,False,-1
7968,SINGLE,0,0,1,False,-1
7969,DOUBLE,1,0,1,False,-1
7970,SINGLE,0,0,1,False,-1
7971,SINGLE,0,0,1,False,-1
7972,DOUBLE,1,0,1,False,-1
7973,SINGLE,0,0,1,False,-1
7974,SINGLE,0,0,1,False,-1
7975,SINGLE,0,0,1,False,-1
7976,SINGLE,0,0,1,False,-1
7977,SINGLE,0,0,1,False,-1
7978,SINGLE,0,0,1,False,-1
7979,DOUBLE,1,0,1,False,-1
7980,DOUBLE,1,0,1,False,-1
7981,SINGLE,0,0,1,False,-1
7982,SINGLE,0,0,1,False,-1
7983,SINGLE,0,0,1,False,-1
7984,SINGLE,0,0,1,False,-1
7985,DOUBLE,1,0,1,False,-1
7986,DOUBLE,1,0,1,False,-1
7987,SINGLE,0,0,1,False,-1
7988,SINGLE,0,0,1,False,-1
7989,DOUBLE,1,0,1,False,-1
7990,DOUBLE,1,0,1,False,-1
7991,DOUBLE,1,0,1,False,-1
7992,SINGLE,0,0,1,False,-1
7993,DOUBLE,1,0,1,False,-1
7995,SINGLE,0,0,1,False,-1
7996,SINGLE,0,0,1,False,-1
7997,SINGLE,0,0,1,False,-1
7998,DOUBLE,1,0,1,False,-1
8000,DOUBLE,1,0,1,False,-1
8001,SINGLE,0,0,1,False,-1
8002,SINGLE,0,0,1,False,-1
8003,SINGLE,0,0,1,False,-1
8004,DOUBLE,1,0,1,False,-1
8005,TRIPLE,1,1,1,False,-1
8007,DOUBLE,1,0,1,False,-1
8008,SINGLE,0,0,1,False,-1
8009,DOUBLE,1,0,1,False,-1
8010,SINGLE,0,0,1,False,-1
8011,DOUBLE,1,0,1,False,-1
8012,DOUBLE,1,0,1,False,-1
8013,DOUBLE,1,0,1,False,-1
8014,SINGLE,0,0,1,False,-1
8015,DOUBLE,1,0,1,False,-1
8016,DOUBLE,1,0,1,False,-1
8017,DOUBLE,1,0,1,False,-1
8018,SINGLE,0,0,1,False,-1
8019,DOUBLE,1,0,1,False,-1
8022,DOUBLE,1,0,1,False,-1
8023,SINGLE,0,0,1,False,-1
8024,DOUBLE,1,0,1,False,-1
8025,SINGLE,0,0,1,False,-1
8026,DOUBLE,1,0,1,False,-1
8028,DOUBLE,1,0,1,False,-1
8029,SINGLE,0,0,1,False,-1
8030,DOUBLE,1,0,1,False,-1
8031,SINGLE,0,0,1,False,-1
8032,DOUBLE,1,0,1,False,-1
8033,DOUBLE,1,0,1,False,-1
8034,DOUBLE,1,0,1,False,-1
8035,DOUBLE,1,0,1,False,-1
8036,SINGLE,0,0,1,False,-1
8037,DOUBLE,1,0,1,False,-1
8039,DOUBLE,1,0,1,False,-1
8040,SINGLE,0,0,1,False,-1
8041,SINGLE,0,0,1,False,-1
8042,SINGLE,0,0,1,False,-1
8043,SINGLE,0,0,1,False,-1
8044,DOUBLE,1,0,1,False,-1
8045,DOUBLE,1,0,1,False,-1
8046,DOUBLE,1,0,1,False,-1
8047,SINGLE,0,0,1,False,-1
8048,DOUBLE,1,0,1,False,-1
8050,SINGLE,0,0,1,False,-1
8051,DOUBLE,1,0,1,False,-1
8052,DOUBLE,1,0,1,False,-1
8053,DOUBLE,1,0,1,False,-1
8055,DOUBLE,1,0,1,False,-1
8056,SINGLE,0,0,1,False,-1
8059,SINGLE,0,0,1,False,-1
8060,SINGLE,0,0,1,False,-1
8061,DOUBLE,1,0,1,False,-1
8062,DOUBLE,1,0,1,False,-1
8064,SINGLE,0,0,1,False,-1
8066,DOUBLE,1,0,1,False,-1
8067,SINGLE,0,0,1,False,-1
8068,SINGLE,0,0,1,False,-1
8069,SINGLE,0,0,1,False,-1
8071,SINGLE,0,0,1,False,-1
8072,SINGLE,0,0,1,False,-1
8073,DOUBLE,1,0,1,False,-1
8074,SINGLE,0,0,1,False,-1
8075,DOUBLE,1,0,1,False,-1
8076,SINGLE,0,0,1,False,-1
8077,SINGLE,0,0,1,False,-1
8078,DOUBLE,1,0,1,False,-1
8079,DOUBLE,1,0,1,False,-1
8080,SINGLE,0,0,1,False,-1
8081,SINGLE,0,0,1,False,-1
8083,DOUBLE,1,0,1,False,-1
8084,DOUBLE,1,0,1,False,-1
8085,SINGLE,0,0,1,False,-1
8086,DOUBLE,1,0,1,False,-1
8087,DOUBLE,1,0,1,False,-1
8088,SINGLE,0,0,1,False,-1
8089,DOUBLE,1,0,1,False,-1
8090,DOUBLE,1,0,1,False,-1
8091,DOUBLE,1,0,1,False,-1
8092,DOUBLE,1,0,1,False,-1
8093,DOUBLE,1,0,1,False,-1
8094,SINGLE,0,0,1,False,-1
8096,DOUBLE,1,0,1,False,-1
8097,DOUBLE,1,0,1,False,-1
8098,DOUBLE,1,0,1,False,-1
8099,SINGLE,0,0,1,False,-1
8100,DOUBLE,1,0,1,False,-1
8101,DOUBLE,1,0,1,False,-1
8102,DOUBLE,1,0,1,False,-1
8103,SINGLE,0,0,1,False,-1
8105,SINGLE,0,0,1,False,-1
8106,DOUBLE,1,0,1,False,-1
8108,TRIPLE,1,1,1,False,-1
8109,DOUBLE,1,0,1,False,-1
8110,DOUBLE,1,0,1,False,-1
8111,DOUBLE,1,0,1,False,-1
8112,DOUBLE,1,0,1,False,-1
8113,DOUBLE,1,0,1,False,-1
8114,DOUBLE,1,0,1,False,-1
8115,SINGLE,0,0,1,False,-1
8116,DOUBLE,1,0,1,False,-1
8117,DOUBLE,1,0,1,False,-1
8118,DOUBLE,1,0,1,False,-1
8119,DOUBLE,1,0,1,False,-1
8120,DOUBLE,1,0,1,False,-1
8121,SINGLE,0,0,1,False,-1
8122,SINGLE,0,0,1,False,-1
8123,DOUBLE,1,0,1,False,-1
8126,SINGLE,0,0,1,False,-1
8127,DOUBLE,1,0,1,False,-1
8128,DOUBLE,1,0,1,False,-1
8129,SINGLE,0,0,1,False,-1
8130,SINGLE,0,0,1,False,-1
8131,SINGLE,0,0,1,False,-1
8132,SINGLE,0,0,1,False,-1
8133,DOUBLE,1,0,1,False,-1
8135,SINGLE,0,0,1,False,-1
8136,DOUBLE,1,0,1,False,-1
8137,SINGLE,0,0,1,False,-1
8138,DOUBLE,1,0,1,False,-1
8139,DOUBLE,1,0,1,False,-1
8140,DOUBLE,1,0,1,False,-1
8141,DOUBLE,1,0,1,False,-1
8142,DOUBLE,1,0,1,False,-1
8143,DOUBLE,1,0,1,False,-1
8144,DOUBLE,1,0,1,False,-1
8145,DOUBLE,1,0,1,False,-1
8146,DOUBLE,1,0,1,False,-1
8147,SINGLE,0,0,1,False,-1
8148,SINGLE,0,0,1,False,-1
8149,DOUBLE,1,0,1,False,-1
8151,DOUBLE,1,0,1,False,-1
8152,DOUBLE,1,0,1,False,-1
8153,DOUBLE,1,0,1,False,-1
8154,DOUBLE,1,0,1,False,-1
8155,SINGLE,0,0,1,False,-1
8156,DOUBLE,1,0,1,False,-1
8157,SINGLE,0,0,1,False,-1
8158,DOUBLE,1,0,1,False,-1
8159,DOUBLE,1,0,1,False,-1
8160,SINGLE,0,0,1,False,-1
8161,SINGLE,0,0,1,False,-1
8162,SINGLE,0,0,1,False,-1
8163,DOUBLE,1,0,1,False,-1
8164,DOUBLE,1,0,1,False,-1
8166,SINGLE,0,0,1,False,-1
8167,SINGLE,0,0,1,False,-1
8168,SINGLE,0,0,1,False,-1
8169,DOUBLE,1,0,1,False,-1
8170,DOUBLE,1,0,1,False,-1
8171,DOUBLE,1,0,1,False,-1
8172,SINGLE,0,0,1,False,-1
8174,SINGLE,0,0,1,False,-1
8175,DOUBLE,1,0,1,False,-1
8176,DOUBLE,1,0,1,False,-1
8177,DOUBLE,1,0,1,False,-1
8178,DOUBLE,1,0,1,False,-1
8179,DOUBLE,0,1,1,False,-1
8180,DOUBLE,1,0,1,False,-1
8181,DOUBLE,1,0,1,False,-1
8182,DOUBLE,0,1,1,False,-1
8184,DOUBLE,1,0,1,False,-1
8185,SINGLE,0,0,1,False,-1
8186,DOUBLE,1,0,1,False,-1
8187,DOUBLE,1,0,1,False,-1
8188,SINGLE,0,0,1,False,-1
8189,DOUBLE,1,0,1,False,-1
8190,SINGLE,0,0,1,False,-1
8191,DOUBLE,1,0,1,False,-1
8192,SINGLE,0,0,1,False,-1
8193,SINGLE,0,0,1,False,-1
8194,TRIPLE,1,1,1,False,-1
8195,DOUBLE,1,0,1,False,-1
8196,SINGLE,0,0,1,False,-1
8197,SINGLE,0,0,1,False,-1
8198,SINGLE,0,0,1,False,-1
8199,DOUBLE,1,0,1,False,-1
8201,SINGLE,0,0,1,False,-1
8203,DOUBLE,1,0,1,False,-1
8204,DOUBLE,1,0,1,False,-1
8205,DOUBLE,1,0,1,False,-1
8207,SINGLE,0,0,1,False,-1
8208,DOUBLE,1,0,1,False,-1
8209,SINGLE,0,0,1,False,-1
8210,SINGLE,0,0,1,False,-1
8211,SINGLE,0,0,1,False,-1
8212,SINGLE,0,0,1,False,-1
8213,SINGLE,0,0,1,False,-1
8214,SINGLE,0,0,1,False,-1
8215,DOUBLE,1,0,1,False,-1
8216,DOUBLE,1,0,1,False,-1
8217,DOUBLE,1,0,1,False,-1
8218,SINGLE,0,0,1,False,-1
8219,DOUBLE,1,0,1,False,-1
8220,DOUBLE,1,0,1,False,-1
8221,SINGLE,0,0,1,False,-1
8222,SINGLE,0,0,1,False,-1
8223,SINGLE,0,0,1,False,-1
8224,SINGLE,0,0,1,False,-1
8225,DOUBLE,1,0,1,False,-1
8226,DOUBLE,1,0,1,False,-1
8227,DOUBLE,1,0,1,False,-1
8229,SINGLE,0,0,1,False,-1
8230,DOUBLE,1,0,1,False,-1
8231,DOUBLE,1,0,1,False,-1
8232,SINGLE,0,0,1,False,-1
8233,SINGLE,0,0,1,False,-1
8234,DOUBLE,1,0,1,False,-1
8235,SINGLE,0,0,1,False,-1
8236,SINGLE,0,0,1,False,-1
8237,DOUBLE,1,0,1,False,-1
8238,DOUBLE,1,0,1,False,-1
8239,DOUBLE,1,0,1,False,-1
8241,SINGLE,0,0,1,False,-1
8242,DOUBLE,1,0,1,False,-1
8243,SINGLE,0,0,1,False,-1
8244,DOUBLE,1,0,1,False,-1
8246,SINGLE,0,0,1,False,-1
8247,DOUBLE,1,0,1,False,-1
8248,DOUBLE,1,0,1,False,-1
8250,SINGLE,0,0,1,False,-1
8251,DOUBLE,1,0,1,False,-1
8252,SINGLE,0,0,1,False,-1
8253,DOUBLE,1,0,1,False,-1
8254,SINGLE,0,0,1,False,-1
8255,DOUBLE,1,0,1,False,-1
8256,DOUBLE,1,0,1,False,-1
8257,DOUBLE,1,0,1,False,-1
8258,DOUBLE,1,0,1,False,-1
8259,DOUBLE,1,0,1,False,-1
8260,DOUBLE,1,0,1,False,-1
8261,SINGLE,0,0,1,False,-1
8262,SINGLE,0,0,1,False,-1
8263,DOUBLE,1,0,1,False,-1
8264,DOUBLE,1,0,1,False,-1
8265,DOUBLE,1,0,1,False,-1
8266,DOUBLE,1,0,1,False,-1
8267,DOUBLE,1,0,1,False,-1
8268,SINGLE,0,0,1,False,-1
8269,DOUBLE,1,0,1,False,-1
8270,DOUBLE,0,1,1,False,-1
8271,SINGLE,0,0,1,False,-1
8272,SINGLE,0,0,1,False,-1
8274,SINGLE,0,0,1,False,-1
8275,DOUBLE,1,0,1,False,-1
8276,DOUBLE,1,0,1,False,-1
8277,DOUBLE,1,0,1,False,-1
8278,DOUBLE,1,0,1,False,-1
8279,DOUBLE,1,0,1,False,-1
8280,DOUBLE,1,0,1,False,-1
8281,SINGLE,0,0,1,False,-1
8282,SINGLE,0,0,1,False,-1
8283,DOUBLE,1,0,1,False,-1
8284,DOUBLE,1,0,1,False,-1
8285,DOUBLE,1,0,1,False,-1
8287,DOUBLE,1,0,1,False,-1
8288,SINGLE,0,0,1,False,-1
8289,SINGLE,0,0,1,False,-1
8290,SINGLE,0,0,1,False,-1
8291,SINGLE,0,0,1,False,-1
8292,DOUBLE,1,0,1,False,-1
8293,SINGLE,0,0,1,False,-1
8294,SINGLE,0,0,1,False,-1
8295,DOUBLE,1,0,1,False,-1
8296,DOUBLE,1,0,1,False,-1
8297,DOUBLE,1,0,1,False,-1
8298,DOUBLE,1,0,1,False,-1
8299,DOUBLE,1,0,1,False,-1
8300,DOUBLE,1,0,1,False,-1
8301,SINGLE,0,0,1,False,-1
8302,DOUBLE,1,0,1,False,-1
8303,DOUBLE,1,0,1,False,-1
8304,DOUBLE,1,0,1,False,-1
8305,DOUBLE,1,0,1,False,-1
8307,DOUBLE,1,0,1,False,-1
8308,SINGLE,0,0,1,False,-1
8309,DOUBLE,1,0,1,False,-1
8311,DOUBLE,1,0,1,False,-1
8312,DOUBLE,1,0,1,False,-1
8313,SINGLE,0,0,1,False,-1
8314,DOUBLE,1,0,1,False,-1
8315,DOUBLE,1,0,1,False,-1
8316,SINGLE,0,0,1,False,-1
8317,DOUBLE,1,0,1,False,-1
8318,DOUBLE,1,0,1,False,-1
8319,DOUBLE,1,0,1,False,-1
8320,DOUBLE,1,0,1,False,-1
8321,DOUBLE,1,0,1,False,-1
8322,SINGLE,0,0,1,False,-1
8323,DOUBLE,1,0,1,False,-1
8324,DOUBLE,0,1,1,False,-1
8325,SINGLE,0,0,1,False,-1
8326,DOUBLE,1,0,1,False,-1
8327,DOUBLE,1,0,1,False,-1
8328,SINGLE,0,0,1,False,-1
8329,SINGLE,0,0,1,False,-1
8330,SINGLE,0,0,1,False,-1
8331,DOUBLE,1,0,1,False,-1
8332,SINGLE,0,0,1,False,-1
8333,SINGLE,0,0,1,False,-1
8334,DOUBLE,1,0,1,False,-1
8335,DOUBLE,1,0,1,False,-1
8336,SINGLE,0,0,1,False,-1
8337,DOUBLE,1,0,1,False,-1
8338,SINGLE,0,0,1,False,-1
8339,SINGLE,0,0,1,False,-1
8340,SINGLE,0,0,1,False,-1
8341,SINGLE,0,0,1,False,-1
8342,DOUBLE,1,0,1,False,-1
8343,DOUBLE,1,0,1,False,-1
8344,DOUBLE,1,0,1,False,-1
8346,DOUBLE,1,0,1,False,-1
8347,SINGLE,0,0,1,False,-1
8348,SINGLE,0,0,1,False,-1
8349,SINGLE,0,0,1,False,-1
8350,SINGLE,0,0,1,False,-1
8351,SINGLE,0,0,1,False,-1
8352,SINGLE,0,0,1,False,-1
8354,DOUBLE,1,0,1,False,-1
8355,DOUBLE,1,0,1,False,-1
8356,DOUBLE,1,0,1,False,-1
8357,SINGLE,0,0,1,False,-1
8358,DOUBLE,1,0,1,False,-1
8359,DOUBLE,1,0,1,False,-1
8360,DOUBLE,1,0,1,False,-1
8361,DOUBLE,1,0,1,False,-1
8362,DOUBLE,1,0,1,False,-1
8364,DOUBLE,1,0,1,False,-1
8365,DOUBLE,1,0,1,False,-1
8367,SINGLE,0,0,1,False,-1
8368,SINGLE,0,0,1,False,-1
8369,DOUBLE,1,0,1,False,-1
8370,DOUBLE,1,0,1,False,-1
8371,SINGLE,0,0,1,False,-1
8372,DOUBLE,1,0,1,False,-1
8373,DOUBLE,1,0,1,False,-1
8376,SINGLE,0,0,1,False,-1
8377,DOUBLE,1,0,1,False,-1
8378,SINGLE,0,0,1,False,-1
8379,SINGLE,0,0,1,False,-1
8380,SINGLE,0,0,1,False,-1
8381,DOUBLE,1,0,1,False,-1
8382,SINGLE,0,0,1,False,-1
8383,SINGLE,0,0,1,False,-1
8384,SINGLE,0,0,1,False,-1
8385,SINGLE,0,0,1,False,-1
8386,SINGLE,0,0,1,False,-1
8387,SINGLE,0,0,1,False,-1
8388,DOUBLE,1,0,1,False,-1
8389,DOUBLE,0,1,1,False,-1
8390,SINGLE,0,0,1,False,-1
8391,DOUBLE,1,0,1,False,-1
8392,SINGLE,0,0,1,False,-1
8393,DOUBLE,1,0,1,False,-1
8394,DOUBLE,1,0,1,False,-1
8396,DOUBLE,1,0,1,False,-1
8398,SINGLE,0,0,1,False,-1
8399,DOUBLE,1,0,1,False,-1
8400,DOUBLE,1,0,1,False,-1
8401,DOUBLE,1,0,1,False,-1
8402,DOUBLE,1,0,1,False,-1
8403,SINGLE,0,0,1,False,-1
8404,DOUBLE,1,0,1,False,-1
8405,DOUBLE,1,0,1,False,-1
8406,DOUBLE,1,0,1,False,-1
8407,SINGLE,0,0,1,False,-1
8408,TRIPLE,1,1,1,False,-1
8409,SINGLE,0,0,1,False,-1
8410,DOUBLE,1,0,1,False,-1
8411,DOUBLE,1,0,1,False,-1
8412,SINGLE,0,0,1,False,-1
8413,SINGLE,0,0,1,False,-1
8414,DOUBLE,1,0,1,False,-1
8415,DOUBLE,1,0,1,False,-1
8416,SINGLE,0,0,1,False,-1
8417,DOUBLE,1,0,1,False,-1
8418,DOUBLE,1,0,1,False,-1
8419,SINGLE,0,0,1,False,-1
8421,SINGLE,0,0,1,False,-1
8423,SINGLE,0,0,1,False,-1
8424,DOUBLE,1,0,1,False,-1
8425,DOUBLE,1,0,1,False,-1
8426,DOUBLE,1,0,1,False,-1
8427,SINGLE,0,0,1,False,-1
8428,SINGLE,0,0,1,False,-1
8430,DOUBLE,1,0,1,False,-1
8431,DOUBLE,1,0,1,False,-1
8433,DOUBLE,1,0,1,False,-1
8434,TRIPLE,1,1,1,False,-1
8435,DOUBLE,0,1,1,False,-1
8436,DOUBLE,1,0,1,False,-1
8437,DOUBLE,1,0,1,False,-1
8438,DOUBLE,1,0,1,False,-1
8439,SINGLE,0,0,1,False,-1
8440,SINGLE,0,0,1,False,-1
8441,SINGLE,0,0,1,False,-1
8442,SINGLE,0,0,1,False,-1
8443,DOUBLE,1,0,1,False,-1
8445,SINGLE,0,0,1,False,-1
8446,SINGLE,0,0,1,False,-1
8447,SINGLE,0,0,1,False,-1
8448,DOUBLE,1,0,1,False,-1
8449,SINGLE,0,0,1,False,-1
8451,DOUBLE,1,0,1,False,-1
8452,DOUBLE,1,0,1,False,-1
8453,DOUBLE,1,0,1,False,-1
8454,SINGLE,0,0,1,False,-1
8455,DOUBLE,1,0,1,False,-1
8457,DOUBLE,1,0,1,False,-1
8458,SINGLE,0,0,1,False,-1
8459,DOUBLE,1,0,1,False,-1
8460,SINGLE,0,0,1,False,-1
8461,SINGLE,0,0,1,False,-1
8462,DOUBLE,1,0,1,False,-1
8463,DOUBLE,1,0,1,False,-1
8465,DOUBLE,1,0,1,False,-1
8466,SINGLE,0,0,1,False,-1
8467,DOUBLE,1,0,1,False,-1
8468,DOUBLE,1,0,1,False,-1
8469,SINGLE,0,0,1,False,-1
8470,DOUBLE,0,1,1,False,-1
8471,DOUBLE,1,0,1,False,-1
8472,DOUBLE,1,0,1,False,-1
8473,SINGLE,0,0,1,False,-1
8475,SINGLE,0,0,1,False,-1
8476,SINGLE,0,0,1,False,-1
8477,DOUBLE,1,0,1,False,-1
8478,DOUBLE,1,0,1,False,-1
8479,DOUBLE,1,0,1,False,-1
8480,DOUBLE,1,0,1,False,-1
8481,DOUBLE,1,0,1,False,-1
8482,SINGLE,0,0,1,False,-1
8484,DOUBLE,1,0,1,False,-1
8485,SINGLE,0,0,1,False,-1
8486,DOUBLE,1,0,1,False,-1
8487,SINGLE,0,0,1,False,-1
8489,SINGLE,0,0,1,False,-1
8490,SINGLE,0,0,1,False,-1
8491,SINGLE,0,0,1,False,-1
8492,DOUBLE,1,0,1,False,-1
8493,DOUBLE,1,0,1,False,-1
8494,SINGLE,0,0,1,False,-1
8495,DOUBLE,1,0,1,False,-1
8496,DOUBLE,1,0,1,False,-1
8497,DOUBLE,1,0,1,False,-1
8498,DOUBLE,1,0,1,False,-1
8499,SINGLE,0,0,1,False,-1
8500,DOUBLE,1,0,1,False,-1
8501,DOUBLE,1,0,1,False,-1
8502,SINGLE,0,0,1,False,-1
8503,DOUBLE,1,0,1,False,-1
8504,DOUBLE,1,0,1,False,-1
8506,DOUBLE,1,0,1,False,-1
8507,DOUBLE,1,0,1,False,-1
8508,DOUBLE,1,0,1,False,-1
8509,DOUBLE,1,0,1,False,-1
8510,DOUBLE,1,0,1,False,-1
8511,SINGLE,0,0,1,False,-1
8512,SINGLE,0,0,1,False,-1
8513,DOUBLE,1,0,1,False,-1
8514,SINGLE,0,0,1,False,-1
8515,SINGLE,0,0,1,False,-1
8516,DOUBLE,1,0,1,False,-1
8518,SINGLE,0,0,1,False,-1
8519,DOUBLE,1,0,1,False,-1
8520,DOUBLE,1,0,1,False,-1
8521,SINGLE,0,0,1,False,-1
8522,SINGLE,0,0,1,False,-1
8523,DOUBLE,1,0,1,False,-1
8525,DOUBLE,1,0,1,False,-1
8527,DOUBLE,1,0,1,False,-1
8528,SINGLE,0,0,1,False,-1
8530,DOUBLE,1,0,1,False,-1
8531,DOUBLE,1,0,1,False,-1
8532,DOUBLE,1,0,1,False,-1
8533,SINGLE,0,0,1,False,-1
8534,DOUBLE,1,0,1,False,-1
8535,SINGLE,0,0,1,False,-1
8536,DOUBLE,1,0,1,False,-1
8537,SINGLE,0,0,1,False,-1
8538,SINGLE,0,0,1,False,-1
8539,SINGLE,0,0,1,False,-1
8540,DOUBLE,1,0,1,False,-1
8541,DOUBLE,1,0,1,False,-1
8542,DOUBLE,1,0,1,False,-1
8543,DOUBLE,1,0,1,False,-1
8544,SINGLE,0,0,1,False,-1
8545,SINGLE,0,0,1,False,-1
8546,SINGLE,0,0,1,False,-1
8547,DOUBLE,1,0,1,False,-1
8548,DOUBLE,1,0,1,False,-1
8549,DOUBLE,1,0,1,False,-1
8550,DOUBLE,1,0,1,False,-1
8551,DOUBLE,1,0,1,False,-1
8552,SINGLE,0,0,1,False,-1
8553,DOUBLE,1,0,1,False,-1
8554,DOUBLE,1,0,1,False,-1
8555,DOUBLE,1,0,1,False,-1
8556,DOUBLE,1,0,1,False,-1
8558,SINGLE,0,0,1,False,-1
8559,SINGLE,0,0,1,False,-1
8560,SINGLE,0,0,1,False,-1
8561,SINGLE,0,0,1,False,-1
8562,SINGLE,0,0,1,False,-1
8565,SINGLE,0,0,1,False,-1
8566,DOUBLE,1,0,1,False,-1
8567,DOUBLE,1,0,1,False,-1
8568,SINGLE,0,0,1,False,-1
8569,DOUBLE,1,0,1,False,-1
8570,SINGLE,0,0,1,False,-1
8571,SINGLE,0,0,1,False,-1
8572,SINGLE,0,0,1,False,-1
8574,DOUBLE,0,1,1,False,-1
8576,SINGLE,0,0,1,False,-1
8578,DOUBLE,1,0,1,False,-1
8579,DOUBLE,1,0,1,False,-1
8580,DOUBLE,1,0,1,False,-1
8581,DOUBLE,1,0,1,False,-1
8582,DOUBLE,1,0,1,False,-1
8584,DOUBLE,1,0,1,False,-1
8585,DOUBLE,1,0,1,False,-1
8586,DOUBLE,1,0,1,False,-1
8587,SINGLE,0,0,1,False,-1
8588,SINGLE,0,0,1,False,-1
8589,SINGLE,0,0,1,False,-1
8590,DOUBLE,1,0,1,False,-1
8591,DOUBLE,1,0,1,False,-1
8592,SINGLE,0,0,1,False,-1
8594,SINGLE,0,0,1,False,-1
8596,SINGLE,0,0,1,False,-1
8598,DOUBLE,1,0,1,False,-1
8599,DOUBLE,1,0,1,False,-1
8600,SINGLE,0,0,1,False,-1
8601,DOUBLE,1,0,1,False,-1
8602,DOUBLE,1,0,1,False,-1
8603,DOUBLE,1,0,1,False,-1
8604,DOUBLE,1,0,1,False,-1
8605,SINGLE,0,0,1,False,-1
8606,DOUBLE,1,0,1,False,-1
8607,DOUBLE,1,0,1,False,-1
8608,DOUBLE,1,0,1,False,-1
8609,SINGLE,0,0,1,False,-1
8610,SINGLE,0,0,1,False,-1
8611,DOUBLE,1,0,1,False,-1
8612,DOUBLE,1,0,1,False,-1
8613,DOUBLE,1,0,1,False,-1
8614,DOUBLE,1,0,1,False,-1
8616,DOUBLE,1,0,1,False,-1
8617,SINGLE,0,0,1,False,-1
8618,DOUBLE,1,0,1,False,-1
8619,SINGLE,0,0,1,False,-1
8621,SINGLE,0,0,1,False,-1
8622,SINGLE,0,0,1,False,-1
8623,SINGLE,0,0,1,False,-1
8624,DOUBLE,1,0,1,False,-1
8625,SINGLE,0,0,1,False,-1
8626,DOUBLE,1,0,1,False,-1
8627,DOUBLE,1,0,1,False,-1
8628,DOUBLE,1,0,1,False,-1
8629,DOUBLE,1,0,1,False,-1
8630,SINGLE,0,0,1,False,-1
8631,DOUBLE,1,0,1,False,-1
8632,SINGLE,0,0,1,False,-1
8633,DOUBLE,1,0,1,False,-1
8634,DOUBLE,1,0,1,False,-1
8635,SINGLE,0,0,1,False,-1
8636,DOUBLE,1,0,1,False,-1
8637,DOUBLE,1,0,1,False,-1
8639,DOUBLE,1,0,1,False,-1
8640,DOUBLE,1,0,1,False,-1
8641,DOUBLE,1,0,1,False,-1
8642,DOUBLE,1,0,1,False,-1
8643,DOUBLE,1,0,1,False,-1
8644,DOUBLE,1,0,1,False,-1
8645,DOUBLE,1,0,1,False,-1
8646,DOUBLE,1,0,1,False,-1
8647,DOUBLE,1,0,1,False,-1
8648,SINGLE,0,0,1,False,-1
8649,DOUBLE,1,0,1,False,-1
8651,SINGLE,0,0,1,False,-1
8652,DOUBLE,1,0,1,False,-1
8653,DOUBLE,1,0,1,False,-1
8654,SINGLE,0,0,1,False,-1
8655,DOUBLE,1,0,1,False,-1
8656,SINGLE,0,0,1,False,-1
8657,DOUBLE,1,0,1,False,-1
8658,DOUBLE,1,0,1,False,-1
8659,SINGLE,0,0,1,False,-1
8660,DOUBLE,1,0,1,False,-1
8661,SINGLE,0,0,1,False,-1
8662,SINGLE,0,0,1,False,-1
8663,SINGLE,0,0,1,False,-1
8664,DOUBLE,1,0,1,False,-1
8665,SINGLE,0,0,1,False,-1
8666,SINGLE,0,0,1,False,-1
8668,SINGLE,0,0,1,False,-1
8669,DOUBLE,1,0,1,False,-1
8670,DOUBLE,1,0,1,False,-1
8671,DOUBLE,1,0,1,False,-1
8672,SINGLE,0,0,1,False,-1
8673,SINGLE,0,0,1,False,-1
8674,DOUBLE,1,0,1,False,-1
8675,SINGLE,0,0,1,False,-1
8676,DOUBLE,1,0,1,False,-1
8677,TRIPLE,1,1,1,False,-1
8678,SINGLE,0,0,1,False,-1
8680,SINGLE,0,0,1,False,-1
8681,DOUBLE,1,0,1,False,-1
8682,SINGLE,0,0,1,False,-1
8683,DOUBLE,1,0,1,False,-1
8684,DOUBLE,1,0,1,False,-1
8685,SINGLE,0,0,1,False,-1
8686,DOUBLE,1,0,1,False,-1
8687,DOUBLE,0,1,1,False,-1
8688,TRIPLE,1,1,1,False,-1
8689,SINGLE,0,0,1,False,-1
8691,SINGLE,0,0,1,False,-1
8692,DOUBLE,1,0,1,False,-1
8693,SINGLE,0,0,1,False,-1
8694,SINGLE,0,0,1,False,-1
8695,DOUBLE,1,0,1,False,-1
8697,SINGLE,0,0,1,False,-1
8698,DOUBLE,1,0,1,False,-1
8699,DOUBLE,1,0,1,False,-1
8700,DOUBLE,1,0,1,False,-1
8701,SINGLE,0,0,1,False,-1
8702,DOUBLE,1,0,1,False,-1
8703,SINGLE,0,0,1,False,-1
8704,SINGLE,0,0,1,False,-1
8705,DOUBLE,1,0,1,False,-1
8706,SINGLE,0,0,1,False,-1
8707,DOUBLE,1,0,1,False,-1
8708,DOUBLE,1,0,1,False,-1
8709,DOUBLE,1,0,1,False,-1
8710,SINGLE,0,0,1,False,-1
8711,SINGLE,0,0,1,False,-1
8712,DOUBLE,1,0,1,False,-1
8713,DOUBLE,1,0,1,False,-1
8714,DOUBLE,1,0,1,False,-1
8715,DOUBLE,1,0,1,False,-1
8716,TRIPLE,1,1,1,False,-1
8717,SINGLE,0,0,1,False,-1
8718,DOUBLE,1,0,1,False,-1
8719,SINGLE,0,0,1,False,-1
8720,DOUBLE,1,0,1,False,-1
8721,SINGLE,0,0,1,False,-1
8722,SINGLE,0,0,1,False,-1
8723,DOUBLE,1,0,1,False,-1
8724,SINGLE,0,0,1,False,-1
8725,SINGLE,0,0,1,False,-1
8726,DOUBLE,1,0,1,False,-1
8727,SINGLE,0,0,1,False,-1
8728,SINGLE,0,0,1,False,-1
8729,DOUBLE,1,0,1,False,-1
8730,SINGLE,0,0,1,False,-1
8731,DOUBLE,1,0,1,False,-1
8732,DOUBLE,1,0,1,False,-1
8733,SINGLE,0,0,1,False,-1
8734,DOUBLE,1,0,1,False,-1
8735,DOUBLE,1,0,1,False,-1
8736,DOUBLE,1,0,1,False,-1
8737,SINGLE,0,0,1,False,-1
8738,SINGLE,0,0,1,False,-1
8739,DOUBLE,1,0,1,False,-1
8740,DOUBLE,1,0,1,False,-1
8741,DOUBLE,1,0,1,False,-1
8742,DOUBLE,1,0,1,False,-1
8743,DOUBLE,1,0,1,False,-1
8744,SINGLE,0,0,1,False,-1
8746,SINGLE,0,0,1,False,-1
8747,SINGLE,0,0,1,False,-1
8748,DOUBLE,1,0,1,False,-1
8749,DOUBLE,1,0,1,False,-1
8750,SINGLE,0,0,1,False,-1
8751,SINGLE,0,0,1,False,-1
8752,SINGLE,0,0,1,False,-1
8753,SINGLE,0,0,1,False,-1
8754,DOUBLE,1,0,1,False,-1
8755,SINGLE,0,0,1,False,-1
8756,DOUBLE,1,0,1,False,-1
8757,DOUBLE,1,0,1,False,-1
8758,SINGLE,0,0,1,False,-1
8760,DOUBLE,1,0,1,False,-1
8761,DOUBLE,1,0,1,False,-1
8762,SINGLE,0,0,1,False,-1
8763,SINGLE,0,0,1,False,-1
8764,SINGLE,0,0,1,False,-1
8765,SINGLE,0,0,1,False,-1
8766,SINGLE,0,0,1,False,-1
8767,SINGLE,0,0,1,False,-1
8768,DOUBLE,1,0,1,False,-1
8769,DOUBLE,1,0,1,False,-1
8770,SINGLE,0,0,1,False,-1
8771,DOUBLE,1,0,1,False,-1
8772,DOUBLE,1,0,1,False,-1
8773,SINGLE,0,0,1,False,-1
8774,DOUBLE,1,0,1,False,-1
8775,DOUBLE,1,0,1,False,-1
8776,SINGLE,0,0,1,False,-1
8777,SINGLE,0,0,1,False,-1
8778,DOUBLE,1,0,1,False,-1
8779,DOUBLE,1,0,1,False,-1
8781,SINGLE,0,0,1,False,-1
8782,DOUBLE,1,0,1,False,-1
8783,DOUBLE,1,0,1,False,-1
8784,DOUBLE,1,0,1,False,-1
8785,DOUBLE,1,0,1,False,-1
8786,DOUBLE,1,0,1,False,-1
8787,DOUBLE,1,0,1,False,-1
8789,DOUBLE,1,0,1,False,-1
8790,DOUBLE,1,0,1,False,-1
8791,SINGLE,0,0,1,False,-1
8792,SINGLE,0,0,1,False,-1
8793,TRIPLE,1,1,1,False,-1
8794,SINGLE,0,0,1,False,-1
8795,DOUBLE,1,0,1,False,-1
8796,DOUBLE,1,0,1,False,-1
8797,DOUBLE,1,0,1,False,-1
8798,SINGLE,0,0,1,False,-1
8799,DOUBLE,1,0,1,False,-1
8800,SINGLE,0,0,1,False,-1
8801,SINGLE,0,0,1,False,-1
8802,DOUBLE,1,0,1,False,-1
8803,SINGLE,0,0,1,False,-1
8804,DOUBLE,1,0,1,False,-1
8805,DOUBLE,1,0,1,False,-1
8806,DOUBLE,1,0,1,False,-1
8808,DOUBLE,1,0,1,False,-1
8809,DOUBLE,1,0,1,False,-1
8810,SINGLE,0,0,1,False,-1
8811,SINGLE,0,0,1,False,-1
8813,SINGLE,0,0,1,False,-1
8814,DOUBLE,1,0,1,False,-1
8816,DOUBLE,1,0,1,False,-1
8818,SINGLE,0,0,1,False,-1
8819,SINGLE,0,0,1,False,-1
8820,SINGLE,0,0,1,False,-1
8821,DOUBLE,0,1,1,False,-1
8822,SINGLE,0,0,1,False,-1
8823,SINGLE,0,0,1,False,-1
8824,SINGLE,0,0,1,False,-1
8825,DOUBLE,1,0,1,False,-1
8826,DOUBLE,1,0,1,False,-1
8827,DOUBLE,1,0,1,False,-1
8828,SINGLE,0,0,1,False,-1
8829,DOUBLE,1,0,1,False,-1
8830,SINGLE,0,0,1,False,-1
8831,SINGLE,0,0,1,False,-1
8832,DOUBLE,1,0,1,False,-1
8833,DOUBLE,1,0,1,False,-1
8834,DOUBLE,1,0,1,False,-1
8835,DOUBLE,1,0,1,False,-1
8836,DOUBLE,1,0,1,False,-1
8837,SINGLE,0,0,1,False,-1
8838,DOUBLE,1,0,1,False,-1
8839,SINGLE,0,0,1,False,-1
8840,SINGLE,0,0,1,False,-1
8841,DOUBLE,1,0,1,False,-1
8842,DOUBLE,1,0,1,False,-1
8843,SINGLE,0,0,1,False,-1
8845,DOUBLE,1,0,1,False,-1
8846,SINGLE,0,0,1,False,-1
8848,DOUBLE,1,0,1,False,-1
8849,DOUBLE,1,0,1,False,-1
8850,DOUBLE,1,0,1,False,-1
8851,DOUBLE,1,0,1,False,-1
8852,DOUBLE,1,0,1,False,-1
8853,DOUBLE,1,0,1,False,-1
8854,SINGLE,0,0,1,False,-1
8855,SINGLE,0,0,1,False,-1
8856,DOUBLE,1,0,1,False,-1
8858,SINGLE,0,0,1,False,-1
8859,SINGLE,0,0,1,False,-1
8860,SINGLE,0,0,1,False,-1
8861,SINGLE,0,0,1,False,-1
8862,DOUBLE,1,0,1,False,-1
8864,DOUBLE,1,0,1,False,-1
8865,DOUBLE,1,0,1,False,-1
8867,DOUBLE,1,0,1,False,-1
8868,SINGLE,0,0,1,False,-1
8869,DOUBLE,1,0,1,False,-1
8870,DOUBLE,1,0,1,False,-1
8871,DOUBLE,1,0,1,False,-1
8872,DOUBLE,1,0,1,False,-1
8873,DOUBLE,1,0,1,False,-1
8874,SINGLE,0,0,1,False,-1
8875,DOUBLE,1,0,1,False,-1
8876,DOUBLE,1,0,1,False,-1
8877,DOUBLE,1,0,1,False,-1
8881,DOUBLE,1,0,1,False,-1
8882,SINGLE,0,0,1,False,-1
8883,SINGLE,0,0,1,False,-1
8884,DOUBLE,1,0,1,False,-1
8886,SINGLE,0,0,1,False,-1
8888,SINGLE,0,0,1,False,-1
8889,SINGLE,0,0,1,False,-1
8890,SINGLE,0,0,1,False,-1
8891,SINGLE,0,0,1,False,-1
8892,DOUBLE,1,0,1,False,-1
8893,DOUBLE,1,0,1,False,-1
8894,DOUBLE,1,0,1,False,-1
8895,DOUBLE,1,0,1,False,-1
8897,DOUBLE,1,0,1,False,-1
8898,SINGLE,0,0,1,False,-1
8899,DOUBLE,1,0,1,False,-1
8900,DOUBLE,1,0,1,False,-1
8901,DOUBLE,1,0,1,False,-1
8902,SINGLE,0,0,1,False,-1
8903,DOUBLE,1,0,1,False,-1
8904,DOUBLE,1,0,1,False,-1
8905,DOUBLE,1,0,1,False,-1
8906,SINGLE,0,0,1,False,-1
8907,DOUBLE,1,0,1,False,-1
8908,SINGLE,0,0,1,False,-1
8909,SINGLE,0,0,1,False,-1
8910,SINGLE,0,0,1,False,-1
8911,DOUBLE,1,0,1,False,-1
8912,DOUBLE,1,0,1,False,-1
8913,SINGLE,0,0,1,False,-1
8914,SINGLE,0,0,1,False,-1
8916,DOUBLE,1,0,1,False,-1
8917,DOUBLE,1,0,1,False,-1
8918,DOUBLE,1,0,1,False,-1
8919,SINGLE,0,0,1,False,-1
8921,DOUBLE,1,0,1,False,-1
8922,SINGLE,0,0,1,False,-1
8923,DOUBLE,1,0,1,False,-1
8924,SINGLE,0,0,1,False,-1
8925,DOUBLE,1,0,1,False,-1
8926,DOUBLE,1,0,1,False,-1
8927,DOUBLE,1,0,1,False,-1
8928,SINGLE,0,0,1,False,-1
8930,DOUBLE,1,0,1,False,-1
8931,DOUBLE,1,0,1,False,-1
8932,SINGLE,0,0,1,False,-1
8933,DOUBLE,1,0,1,False,-1
8934,SINGLE,0,0,1,False,-1
8937,DOUBLE,1,0,1,False,-1
8938,DOUBLE,1,0,1,False,-1
8939,DOUBLE,1,0,1,False,-1
8940,DOUBLE,1,0,1,False,-1
8941,DOUBLE,1,0,1,False,-1
8942,DOUBLE,1,0,1,False,-1
8943,DOUBLE,1,0,1,False,-1
8944,DOUBLE,1,0,1,False,-1
8945,SINGLE,0,0,1,False,-1
8946,DOUBLE,1,0,1,False,-1
8947,DOUBLE,1,0,1,False,-1
8948,DOUBLE,1,0,1,False,-1
8949,DOUBLE,1,0,1,False,-1
8950,SINGLE,0,0,1,False,-1
8951,DOUBLE,1,0,1,False,-1
8952,DOUBLE,1,0,1,False,-1
8953,DOUBLE,1,0,1,False,-1
8954,SINGLE,0,0,1,False,-1
8955,SINGLE,0,0,1,False,-1
8956,SINGLE,0,0,1,False,-1
8957,DOUBLE,1,0,1,False,-1
8958,DOUBLE,1,0,1,False,-1
8959,DOUBLE,1,0,1,False,-1
8960,DOUBLE,1,0,1,False,-1
8961,SINGLE,0,0,1,False,-1
8962,DOUBLE,1,0,1,False,-1
8963,SINGLE,0,0,1,False,-1
8964,DOUBLE,1,0,1,False,-1
8965,SINGLE,0,0,1,False,-1
8966,DOUBLE,1,0,1,False,-1
8967,DOUBLE,1,0,1,False,-1
8969,DOUBLE,1,0,1,False,-1
8970,SINGLE,0,0,1,False,-1
8972,DOUBLE,1,0,1,False,-1
8973,DOUBLE,1,0,1,False,-1
8974,DOUBLE,1,0,1,False,-1
8975,SINGLE,0,0,1,False,-1
8976,SINGLE,0,0,1,False,-1
8977,DOUBLE,1,0,1,False,-1
8978,SINGLE,0,0,1,False,-1
8980,SINGLE,0,0,1,False,-1
8981,DOUBLE,1,0,1,False,-1
8982,SINGLE,0,0,1,False,-1
8983,SINGLE,0,0,1,False,-1
8984,DOUBLE,1,0,1,False,-1
8985,SINGLE,0,0,1,False,-1
8987,SINGLE,0,0,1,False,-1
8988,SINGLE,0,0,1,False,-1
8989,DOUBLE,1,0,1,False,-1
8990,SINGLE,0,0,1,False,-1
8991,SINGLE,0,0,1,False,-1
8992,SINGLE,0,0,1,False,-1
8993,DOUBLE,1,0,1,False,-1
8994,DOUBLE,1,0,1,False,-1
8995,SINGLE,0,0,1,False,-1
8996,SINGLE,0,0,1,False,-1
8997,DOUBLE,1,0,1,False,-1
8998,DOUBLE,1,0,1,False,-1
8999,DOUBLE,1,0,1,False,-1
9000,DOUBLE,1,0,1,False,-1
9001,DOUBLE,1,0,1,False,-1
9002,SINGLE,0,0,1,False,-1
9003,DOUBLE,1,0,1,False,-1
9004,DOUBLE,1,0,1,False,-1
9005,SINGLE,0,0,1,False,-1
9006,SINGLE,0,0,1,False,-1
9007,DOUBLE,1,0,1,False,-1
9008,DOUBLE,1,0,1,False,-1
9009,DOUBLE,1,0,1,False,-1
9010,SINGLE,0,0,1,False,-1
9012,SINGLE,0,0,1,False,-1
9013,SINGLE,0,0,1,False,-1
9014,SINGLE,0,0,1,False,-1
9015,SINGLE,0,0,1,False,-1
9016,SINGLE,0,0,1,False,-1
9017,DOUBLE,1,0,1,False,-1
9018,DOUBLE,1,0,1,False,-1
9019,DOUBLE,1,0,1,False,-1
9020,DOUBLE,1,0,1,False,-1
9021,DOUBLE,1,0,1,False,-1
9023,SINGLE,0,0,1,False,-1
9025,DOUBLE,1,0,1,False,-1
9026,SINGLE,0,0,1,False,-1
9027,DOUBLE,1,0,1,False,-1
9028,DOUBLE,1,0,1,False,-1
9029,DOUBLE,1,0,1,False,-1
9030,SINGLE,0,0,1,False,-1
9031,DOUBLE,1,0,1,False,-1
9032,DOUBLE,1,0,1,False,-1
9034,DOUBLE,1,0,1,False,-1
9035,SINGLE,0,0,1,False,-1
9036,DOUBLE,1,0,1,False,-1
9037,SINGLE,0,0,1,False,-1
9038,DOUBLE,1,0,1,False,-1
9039,DOUBLE,1,0,1,False,-1
9040,DOUBLE,0,1,1,False,-1
9041,DOUBLE,1,0,1,False,-1
9042,SINGLE,0,0,1,False,-1
9043,SINGLE,0,0,1,False,-1
9044,DOUBLE,1,0,1,False,-1
9045,SINGLE,0,0,1,False,-1
9046,DOUBLE,1,0,1,False,-1
9047,DOUBLE,1,0,1,False,-1
9048,DOUBLE,1,0,1,False,-1
9049,SINGLE,0,0,1,False,-1
9050,DOUBLE,1,0,1,False,-1
9051,SINGLE,0,0,1,False,-1
9052,DOUBLE,1,0,1,False,-1
9053,DOUBLE,1,0,1,False,-1
9054,DOUBLE,1,0,1,False,-1
9055,SINGLE,0,0,1,False,-1
9056,SINGLE,0,0,1,False,-1
9057,SINGLE,0,0,1,False,-1
9058,DOUBLE,1,0,1,False,-1
9059,SINGLE,0,0,1,False,-1
9061,SINGLE,0,0,1,False,-1
9062,DOUBLE,1,0,1,False,-1
9063,SINGLE,0,0,1,False,-1
9064,SINGLE,0,0,1,False,-1
9065,DOUBLE,1,0,1,False,-1
9066,SINGLE,0,0,1,False,-1
9067,DOUBLE,1,0,1,False,-1
9068,SINGLE,0,0,1,False,-1
9069,SINGLE,0,0,1,False,-1
9070,SINGLE,0,0,1,False,-1
9071,DOUBLE,1,0,1,False,-1
9072,SINGLE,0,0,1,False,-1
9073,SINGLE,0,0,1,False,-1
9074,SINGLE,0,0,1,False,-1
9075,DOUBLE,1,0,1,False,-1
9076,SINGLE,0,0,1,False,-1
9077,SINGLE,0,0,1,False,-1
9078,DOUBLE,1,0,1,False,-1
9079,DOUBLE,1,0,1,False,-1
9080,DOUBLE,1,0,1,False,-1
9081,DOUBLE,1,0,1,False,-1
9083,DOUBLE,1,0,1,False,-1
9084,DOUBLE,1,0,1,False,-1
9085,DOUBLE,1,0,1,False,-1
9086,DOUBLE,1,0,1,False,-1
9087,DOUBLE,1,0,1,False,-1
9089,DOUBLE,1,0,1,False,-1
9091,SINGLE,0,0,1,False,-1
9092,SINGLE,0,0,1,False,-1
9094,DOUBLE,1,0,1,False,-1
9095,SINGLE,0,0,1,False,-1
9096,SINGLE,0,0,1,False,-1
9097,SINGLE,0,0,1,False,-1
9098,SINGLE,0,0,1,False,-1
9099,DOUBLE,1,0,1,False,-1
9100,DOUBLE,1,0,1,False,-1
9101,DOUBLE,1,0,1,False,-1
9102,DOUBLE,1,0,1,False,-1
9103,DOUBLE,1,0,1,False,-1
9105,DOUBLE,1,0,1,False,-1
9106,DOUBLE,1,0,1,False,-1
9107,SINGLE,0,0,1,False,-1
9108,DOUBLE,1,0,1,False,-1
9109,DOUBLE,1,0,1,False,-1
9110,SINGLE,0,0,1,False,-1
9111,DOUBLE,1,0,1,False,-1
9112,DOUBLE,1,0,1,False,-1
9113,DOUBLE,1,0,1,False,-1
9115,DOUBLE,1,0,1,False,-1
9116,SINGLE,0,0,1,False,-1
9117,DOUBLE,1,0,1,False,-1
9118,DOUBLE,1,0,1,False,-1
9119,SINGLE,0,0,1,False,-1
9120,DOUBLE,1,0,1,False,-1
9121,DOUBLE,1,0,1,False,-1
9122,DOUBLE,1,0,1,False,-1
9123,SINGLE,0,0,1,False,-1
9125,DOUBLE,1,0,1,False,-1
9127,SINGLE,0,0,1,False,-1
9128,SINGLE,0,0,1,False,-1
9129,DOUBLE,1,0,1,False,-1
9130,SINGLE,0,0,1,False,-1
9131,DOUBLE,1,0,1,False,-1
9132,SINGLE,0,0,1,False,-1
9133,DOUBLE,1,0,1,False,-1
9134,SINGLE,0,0,1,False,-1
9135,DOUBLE,1,0,1,False,-1
9136,SINGLE,0,0,1,False,-1
9137,DOUBLE,1,0,1,False,-1
9138,DOUBLE,1,0,1,False,-1
9139,DOUBLE,1,0,1,False,-1
9140,DOUBLE,1,0,1,False,-1
9141,DOUBLE,1,0,1,False,-1
9142,SINGLE,0,0,1,False,-1
9143,DOUBLE,1,0,1,False,-1
9144,DOUBLE,1,0,1,False,-1
9146,DOUBLE,1,0,1,False,-1
9147,DOUBLE,1,0,1,False,-1
9148,SINGLE,0,0,1,False,-1
9149,DOUBLE,1,0,1,False,-1
9150,DOUBLE,1,0,1,False,-1
9151,DOUBLE,1,0,1,False,-1
9152,DOUBLE,1,0,1,False,-1
9153,DOUBLE,1,0,1,False,-1
9154,DOUBLE,1,0,1,False,-1
9155,SINGLE,0,0,1,False,-1
9157,DOUBLE,1,0,1,False,-1
9159,DOUBLE,1,0,1,False,-1
9160,DOUBLE,1,0,1,False,-1
9161,DOUBLE,1,0,1,False,-1
9162,DOUBLE,1,0,1,False,-1
9163,DOUBLE,1,0,1,False,-1
9164,DOUBLE,1,0,1,False,-1
9165,DOUBLE,1,0,1,False,-1
9167,SINGLE,0,0,1,False,-1
9168,SINGLE,0,0,1,False,-1
9169,DOUBLE,1,0,1,False,-1
9170,DOUBLE,1,0,1,False,-1
9171,DOUBLE,1,0,1,False,-1
9172,DOUBLE,1,0,1,False,-1
9173,DOUBLE,1,0,1,False,-1
9174,SINGLE,0,0,1,False,-1
9175,SINGLE,0,0,1,False,-1
9176,DOUBLE,1,0,1,False,-1
9177,SINGLE,0,0,1,False,-1
9178,SINGLE,0,0,1,False,-1
9179,SINGLE,0,0,1,False,-1
9180,DOUBLE,1,0,1,False,-1
9182,SINGLE,0,0,1,False,-1
9183,DOUBLE,1,0,1,False,-1
9184,SINGLE,0,0,1,False,-1
9185,SINGLE,0,0,1,False,-1
9186,DOUBLE,1,0,1,False,-1
9187,DOUBLE,1,0,1,False,-1
9188,SINGLE,0,0,1,False,-1
9189,DOUBLE,1,0,1,False,-1
9190,DOUBLE,1,0,1,False,-1
9191,SINGLE,0,0,1,False,-1
9192,DOUBLE,1,0,1,False,-1
9193,DOUBLE,1,0,1,False,-1
9194,SINGLE,0,0,1,False,-1
9195,SINGLE,0,0,1,False,-1
9196,DOUBLE,0,1,1,False,-1
9197,DOUBLE,1,0,1,False,-1
9198,DOUBLE,1,0,1,False,-1
9199,DOUBLE,1,0,1,False,-1
9200,SINGLE,0,0,1,False,-1
9201,SINGLE,0,0,1,False,-1
9202,DOUBLE,1,0,1,False,-1
9203,SINGLE,0,0,1,False,-1
9204,SINGLE,0,0,1,False,-1
9205,SINGLE,0,0,1,False,-1
9207,DOUBLE,1,0,1,False,-1
9208,DOUBLE,1,0,1,False,-1
9209,DOUBLE,1,0,1,False,-1
9210,DOUBLE,1,0,1,False,-1
9211,DOUBLE,1,0,1,False,-1
9213,SINGLE,0,0,1,False,-1
9214,DOUBLE,1,0,1,False,-1
9216,DOUBLE,1,0,1,False,-1
9217,DOUBLE,1,0,1,False,-1
9218,SINGLE,0,0,1,False,-1
9219,DOUBLE,1,0,1,False,-1
9220,SINGLE,0,0,1,False,-1
9221,DOUBLE,1,0,1,False,-1
9222,DOUBLE,1,0,1,False,-1
9223,SINGLE,0,0,1,False,-1
9224,DOUBLE,1,0,1,False,-1
9225,DOUBLE,1,0,1,False,-1
9226,DOUBLE,1,0,1,False,-1
9227,DOUBLE,1,0,1,False,-1
9228,SINGLE,0,0,1,False,-1
9229,SINGLE,0,0,1,False,-1
9231,DOUBLE,1,0,1,False,-1
9232,SINGLE,0,0,1,False,-1
9233,SINGLE,0,0,1,False,-1
9234,DOUBLE,1,0,1,False,-1
9235,SINGLE,0,0,1,False,-1
9236,DOUBLE,1,0,1,False,-1
9237,DOUBLE,1,0,1,False,-1
9238,DOUBLE,1,0,1,False,-1
9239,DOUBLE,1,0,1,False,-1
9240,DOUBLE,1,0,1,False,-1
9241,SINGLE,0,0,1,False,-1
9242,SINGLE,0,0,1,False,-1
9243,SINGLE,0,0,1,False,-1
9244,DOUBLE,1,0,1,False,-1
9245,SINGLE,0,0,1,False,-1
9246,SINGLE,0,0,1,False,-1
9247,SINGLE,0,0,1,False,-1
9248,DOUBLE,1,0,1,False,-1
9249,SINGLE,0,0,1,False,-1
9251,SINGLE,0,0,1,False,-1
9252,SINGLE,0,0,1,False,-1
9253,SINGLE,0,0,1,False,-1
9254,DOUBLE,1,0,1,False,-1
9255,DOUBLE,1,0,1,False,-1
9256,DOUBLE,1,0,1,False,-1
9257,SINGLE,0,0,1,False,-1
9258,DOUBLE,1,0,1,False,-1
9260,DOUBLE,1,0,1,False,-1
9261,DOUBLE,1,0,1,False,-1
9262,DOUBLE,1,0,1,False,-1
9263,DOUBLE,1,0,1,False,-1
9264,SINGLE,0,0,1,False,-1
9265,SINGLE,0,0,1,False,-1
9267,DOUBLE,1,0,1,False,-1
9268,SINGLE,0,0,1,False,-1
9269,DOUBLE,1,0,1,False,-1
9270,DOUBLE,1,0,1,False,-1
9271,SINGLE,0,0,1,False,-1
9272,DOUBLE,1,0,1,False,-1
9273,DOUBLE,1,0,1,False,-1
9274,SINGLE,0,0,1,False,-1
9275,SINGLE,0,0,1,False,-1
9278,DOUBLE,1,0,1,False,-1
9279,SINGLE,0,0,1,False,-1
9280,SINGLE,0,0,1,False,-1
9281,SINGLE,0,0,1,False,-1
9282,DOUBLE,1,0,1,False,-1
9283,SINGLE,0,0,1,False,-1
9284,DOUBLE,1,0,1,False,-1
9286,SINGLE,0,0,1,False,-1
9287,DOUBLE,1,0,1,False,-1
9288,SINGLE,0,0,1,False,-1
9289,DOUBLE,1,0,1,False,-1
9290,DOUBLE,1,0,1,False,-1
9291,DOUBLE,1,0,1,False,-1
9292,SINGLE,0,0,1,False,-1
9293,SINGLE,0,0,1,False,-1
9294,SINGLE,0,0,1,False,-1
9295,DOUBLE,1,0,1,False,-1
9296,DOUBLE,1,0,1,False,-1
9297,SINGLE,0,0,1,False,-1
9298,SINGLE,0,0,1,False,-1
9299,SINGLE,0,0,1,False,-1
9300,DOUBLE,1,0,1,False,-1
9301,SINGLE,0,0,1,False,-1
9302,DOUBLE,1,0,1,False,-1
9303,DOUBLE,1,0,1,False,-1
9304,SINGLE,0,0,1,False,-1
9305,SINGLE,0,0,1,False,-1
9306,DOUBLE,1,0,1,False,-1
9307,DOUBLE,1,0,1,False,-1
9308,DOUBLE,0,1,1,False,-1
9309,SINGLE,0,0,1,False,-1
9310,DOUBLE,1,0,1,False,-1
9311,SINGLE,0,0,1,False,-1
9312,DOUBLE,0,1,1,False,-1
9313,DOUBLE,1,0,1,False,-1
9314,DOUBLE,1,0,1,False,-1
9315,SINGLE,0,0,1,False,-1
9316,DOUBLE,1,0,1,False,-1
9317,DOUBLE,1,0,1,False,-1
9318,SINGLE,0,0,1,False,-1
9319,DOUBLE,1,0,1,False,-1
9320,SINGLE,0,0,1,False,-1
9321,DOUBLE,1,0,1,False,-1
9322,DOUBLE,1,0,1,False,-1
9323,SINGLE,0,0,1,False,-1
9325,DOUBLE,1,0,1,False,-1
9326,DOUBLE,1,0,1,False,-1
9327,SINGLE,0,0,1,False,-1
9328,DOUBLE,1,0,1,False,-1
9329,TRIPLE,1,1,1,False,-1
9330,DOUBLE,1,0,1,False,-1
9331,DOUBLE,1,0,1,False,-1
9332,DOUBLE,1,0,1,False,-1
9333,SINGLE,0,0,1,False,-1
9334,SINGLE,0,0,1,False,-1
9335,DOUBLE,1,0,1,False,-1
9336,SINGLE,0,0,1,False,-1
9337,SINGLE,0,0,1,False,-1
9338,DOUBLE,1,0,1,False,-1
9339,DOUBLE,1,0,1,False,-1
9340,SINGLE,0,0,1,False,-1
9341,DOUBLE,1,0,1,False,-1
9342,DOUBLE,1,0,1,False,-1
9343,SINGLE,0,0,1,False,-1
9344,DOUBLE,1,0,1,False,-1
9345,DOUBLE,1,0,1,False,-1
9346,DOUBLE,1,0,1,False,-1
9348,SINGLE,0,0,1,False,-1
9350,DOUBLE,1,0,1,False,-1
9351,SINGLE,0,0,1,False,-1
9352,DOUBLE,1,0,1,False,-1
9353,DOUBLE,1,0,1,False,-1
9354,DOUBLE,1,0,1,False,-1
9355,DOUBLE,1,0,1,False,-1
9356,SINGLE,0,0,1,False,-1
9357,SINGLE,0,0,1,False,-1
9358,SINGLE,0,0,1,False,-1
9359,SINGLE,0,0,1,False,-1
9360,SINGLE,0,0,1,False,-1
9361,DOUBLE,1,0,1,False,-1
9362,DOUBLE,1,0,1,False,-1
9363,DOUBLE,1,0,1,False,-1
9364,SINGLE,0,0,1,False,-1
9365,SINGLE,0,0,1,False,-1
9366,DOUBLE,1,0,1,False,-1
9367,DOUBLE,1,0,1,False,-1
9368,DOUBLE,1,0,1,False,-1
9369,DOUBLE,1,0,1,False,-1
9370,SINGLE,0,0,1,False,-1
9371,SINGLE,0,0,1,False,-1
9372,DOUBLE,1,0,1,False,-1
9373,DOUBLE,1,0,1,False,-1
9374,DOUBLE,1,0,1,False,-1
9377,SINGLE,0,0,1,False,-1
9379,DOUBLE,1,0,1,False,-1
9380,SINGLE,0,0,1,False,-1
9381,DOUBLE,1,0,1,False,-1
9382,DOUBLE,1,0,1,False,-1
9383,DOUBLE,1,0,1,False,-1
9384,DOUBLE,1,0,1,False,-1
9385,DOUBLE,1,0,1,False,-1
9386,DOUBLE,1,0,1,False,-1
9387,DOUBLE,1,0,1,False,-1
9388,DOUBLE,1,0,1,False,-1
9390,DOUBLE,1,0,1,False,-1
9391,DOUBLE,1,0,1,False,-1
9392,SINGLE,0,0,1,False,-1
9393,DOUBLE,1,0,1,False,-1
9394,DOUBLE,1,0,1,False,-1
9395,DOUBLE,1,0,1,False,-1
9396,SINGLE,0,0,1,False,-1
9397,SINGLE,0,0,1,False,-1
9398,SINGLE,0,0,1,False,-1
9399,DOUBLE,1,0,1,False,-1
9400,DOUBLE,1,0,1,False,-1
9402,DOUBLE,1,0,1,False,-1
9403,SINGLE,0,0,1,False,-1
9404,DOUBLE,1,0,1,False,-1
9405,SINGLE,0,0,1,False,-1
9406,DOUBLE,1,0,1,False,-1
9407,DOUBLE,1,0,1,False,-1
9408,SINGLE,0,0,1,False,-1
9409,SINGLE,0,0,1,False,-1
9410,DOUBLE,1,0,1,False,-1
9411,DOUBLE,1,0,1,False,-1
9412,DOUBLE,1,0,1,False,-1
9413,DOUBLE,1,0,1,False,-1
9414,DOUBLE,1,0,1,False,-1
9415,SINGLE,0,0,1,False,-1
9416,DOUBLE,1,0,1,False,-1
9417,DOUBLE,1,0,1,False,-1
9419,SINGLE,0,0,1,False,-1
9420,SINGLE,0,0,1,False,-1
9421,SINGLE,0,0,1,False,-1
9422,SINGLE,0,0,1,False,-1
9423,DOUBLE,1,0,1,False,-1
9424,SINGLE,0,0,1,False,-1
9425,DOUBLE,1,0,1,False,-1
9426,DOUBLE,1,0,1,False,-1
9427,SINGLE,0,0,1,False,-1
9428,SINGLE,0,0,1,False,-1
9429,DOUBLE,1,0,1,False,-1
9431,SINGLE,0,0,1,False,-1
9432,DOUBLE,1,0,1,False,-1
9433,SINGLE,0,0,1,False,-1
9434,SINGLE,0,0,1,False,-1
9435,SINGLE,0,0,1,False,-1
9436,DOUBLE,1,0,1,False,-1
9437,DOUBLE,1,0,1,False,-1
9438,DOUBLE,1,0,1,False,-1
9439,SINGLE,0,0,1,False,-1
9440,DOUBLE,1,0,1,False,-1
9441,DOUBLE,1,0,1,False,-1
9442,DOUBLE,1,0,1,False,-1
9443,DOUBLE,1,0,1,False,-1
9444,SINGLE,0,0,1,False,-1
9446,SINGLE,0,0,1,False,-1
9447,SINGLE,0,0,1,False,-1
9448,SINGLE,0,0,1,False,-1
9449,SINGLE,0,0,1,False,-1
9450,SINGLE,0,0,1,False,-1
9451,DOUBLE,1,0,1,False,-1
9452,SINGLE,0,0,1,False,-1
9453,SINGLE,0,0,1,False,-1
9454,DOUBLE,1,0,1,False,-1
9455,DOUBLE,1,0,1,False,-1
9456,SINGLE,0,0,1,False,-1
9457,SINGLE,0,0,1,False,-1
9458,DOUBLE,1,0,1,False,-1
9459,DOUBLE,1,0,1,False,-1
9460,DOUBLE,1,0,1,False,-1
9461,TRIPLE,1,1,1,False,-1
9462,DOUBLE,1,0,1,False,-1
9463,DOUBLE,1,0,1,False,-1
9464,DOUBLE,1,0,1,False,-1
9465,DOUBLE,1,0,1,False,-1
9466,DOUBLE,1,0,1,False,-1
9467,DOUBLE,1,0,1,False,-1
9468,DOUBLE,1,0,1,False,-1
9469,DOUBLE,1,0,1,False,-1
9470,SINGLE,0,0,1,False,-1
9471,DOUBLE,1,0,1,False,-1
9472,DOUBLE,1,0,1,False,-1
9473,DOUBLE,1,0,1,False,-1
9474,SINGLE,0,0,1,False,-1
9475,DOUBLE,1,0,1,False,-1
9476,DOUBLE,1,0,1,False,-1
9477,DOUBLE,1,0,1,False,-1
9478,SINGLE,0,0,1,False,-1
9479,DOUBLE,1,0,1,False,-1
9480,SINGLE,0,0,1,False,-1
9481,DOUBLE,1,0,1,False,-1
9482,SINGLE,0,0,1,False,-1
9483,DOUBLE,1,0,1,False,-1
9485,DOUBLE,1,0,1,False,-1
9486,SINGLE,0,0,1,False,-1
9487,SINGLE,0,0,1,False,-1
9488,DOUBLE,1,0,1,False,-1
9489,DOUBLE,1,0,1,False,-1
9490,DOUBLE,1,0,1,False,-1
9491,SINGLE,0,0,1,False,-1
9492,SINGLE,0,0,1,False,-1
9493,DOUBLE,1,0,1,False,-1
9494,DOUBLE,1,0,1,False,-1
9495,SINGLE,0,0,1,False,-1
9496,DOUBLE,0,1,1,False,-1
9497,SINGLE,0,0,1,False,-1
9499,SINGLE,0,0,1,False,-1
9500,DOUBLE,1,0,1,False,-1
9501,DOUBLE,1,0,1,False,-1
9502,DOUBLE,1,0,1,False,-1
9503,SINGLE,0,0,1,False,-1
9505,DOUBLE,1,0,1,False,-1
9506,SINGLE,0,0,1,False,-1
9507,SINGLE,0,0,1,False,-1
9508,SINGLE,0,0,1,False,-1
9509,SINGLE,0,0,1,False,-1
9510,DOUBLE,1,0,1,False,-1
9511,SINGLE,0,0,1,False,-1
9512,DOUBLE,1,0,1,False,-1
9513,DOUBLE,1,0,1,False,-1
9514,SINGLE,0,0,1,False,-1
9515,DOUBLE,1,0,1,False,-1
9516,SINGLE,0,0,1,False,-1
9517,DOUBLE,1,0,1,False,-1
9518,DOUBLE,1,0,1,False,-1
9519,DOUBLE,1,0,1,False,-1
9520,DOUBLE,1,0,1,False,-1
9521,DOUBLE,1,0,1,False,-1
9522,SINGLE,0,0,1,False,-1
9523,DOUBLE,1,0,1,False,-1
9524,SINGLE,0,0,1,False,-1
9525,DOUBLE,1,0,1,False,-1
9526,DOUBLE,1,0,1,False,-1
9527,DOUBLE,1,0,1,False,-1
9528,DOUBLE,1,0,1,False,-1
9529,DOUBLE,1,0,1,False,-1
9530,TRIPLE,1,1,1,False,-1
9531,DOUBLE,1,0,1,False,-1
9532,DOUBLE,1,0,1,False,-1
9533,DOUBLE,1,0,1,False,-1
9534,DOUBLE,1,0,1,False,-1
9535,SINGLE,0,0,1,False,-1
9536,SINGLE,0,0,1,False,-1
9537,DOUBLE,1,0,1,False,-1
9538,DOUBLE,1,0,1,False,-1
9539,SINGLE,0,0,1,False,-1
9540,DOUBLE,1,0,1,False,-1
9541,DOUBLE,1,0,1,False,-1
9542,DOUBLE,1,0,1,False,-1
9543,SINGLE,0,0,1,False,-1
9544,DOUBLE,1,0,1,False,-1
9545,DOUBLE,1,0,1,False,-1
9546,DOUBLE,1,0,1,False,-1
9547,SINGLE,0,0,1,False,-1
9548,SINGLE,0,0,1,False,-1
9549,DOUBLE,1,0,1,False,-1
9550,SINGLE,0,0,1,False,-1
9551,SINGLE,0,0,1,False,-1
9552,DOUBLE,1,0,1,False,-1
9553,DOUBLE,1,0,1,False,-1
9554,DOUBLE,1,0,1,False,-1
9556,DOUBLE,1,0,1,False,-1
9557,DOUBLE,1,0,1,False,-1
9559,SINGLE,0,0,1,False,-1
9560,SINGLE,0,0,1,False,-1
9561,SINGLE,0,0,1,False,-1
9562,SINGLE,0,0,1,False,-1
9563,DOUBLE,1,0,1,False,-1
9564,SINGLE,0,0,1,False,-1
9565,SINGLE,0,0,1,False,-1
9566,DOUBLE,1,0,1,False,-1
9567,DOUBLE,1,0,1,False,-1
9568,SINGLE,0,0,1,False,-1
9570,DOUBLE,1,0,1,False,-1
9571,DOUBLE,0,1,1,False,-1
9572,SINGLE,0,0,1,False,-1
9573,DOUBLE,1,0,1,False,-1
9574,DOUBLE,1,0,1,False,-1
9575,SINGLE,0,0,1,False,-1
9576,SINGLE,0,0,1,False,-1
9577,DOUBLE,1,0,1,False,-1
9578,SINGLE,0,0,1,False,-1
9579,SINGLE,0,0,1,False,-1
9581,DOUBLE,1,0,1,False,-1
9582,DOUBLE,1,0,1,False,-1
9584,DOUBLE,1,0,1,False,-1
9585,DOUBLE,1,0,1,False,-1
9586,SINGLE,0,0,1,False,-1
9588,DOUBLE,1,0,1,False,-1
9589,DOUBLE,1,0,1,False,-1
9590,SINGLE,0,0,1,False,-1
9591,DOUBLE,1,0,1,False,-1
9593,SINGLE,0,0,1,False,-1
9594,SINGLE,0,0,1,False,-1
9595,SINGLE,0,0,1,False,-1
9596,DOUBLE,1,0,1,False,-1
9597,SINGLE,0,0,1,False,-1
9598,SINGLE,0,0,1,False,-1
9599,DOUBLE,1,0,1,False,-1
9600,DOUBLE,1,0,1,False,-1
9601,DOUBLE,1,0,1,False,-1
9602,SINGLE,0,0,1,False,-1
9603,DOUBLE,1,0,1,False,-1
9604,SINGLE,0,0,1,False,-1
9605,DOUBLE,1,0,1,False,-1
9606,DOUBLE,1,0,1,False,-1
9609,DOUBLE,1,0,1,False,-1
9610,SINGLE,0,0,1,False,-1
9612,DOUBLE,1,0,1,False,-1
9613,DOUBLE,1,0,1,False,-1
9614,DOUBLE,1,0,1,False,-1
9615,SINGLE,0,0,1,False,-1
9616,SINGLE,0,0,1,False,-1
9617,SINGLE,0,0,1,False,-1
9618,SINGLE,0,0,1,False,-1
9619,DOUBLE,1,0,1,False,-1
9620,SINGLE,0,0,1,False,-1
9621,DOUBLE,1,0,1,False,-1
9622,SINGLE,0,0,1,False,-1
9623,SINGLE,0,0,1,False,-1
9624,DOUBLE,1,0,1,False,-1
9625,DOUBLE,1,0,1,False,-1
9626,SINGLE,0,0,1,False,-1
9627,SINGLE,0,0,1,False,-1
9628,SINGLE,0,0,1,False,-1
9629,DOUBLE,1,0,1,False,-1
9630,SINGLE,0,0,1,False,-1
9631,DOUBLE,1,0,1,False,-1
9632,SINGLE,0,0,1,False,-1
9633,SINGLE,0,0,1,False,-1
9634,DOUBLE,1,0,1,False,-1
9635,SINGLE,0,0,1,False,-1
9636,SINGLE,0,0,1,False,-1
9637,DOUBLE,1,0,1,False,-1
9638,SINGLE,0,0,1,False,-1
9639,SINGLE,0,0,1,False,-1
9640,DOUBLE,1,0,1,False,-1
9641,SINGLE,0,0,1,False,-1
9642,SINGLE,0,0,1,False,-1
9643,TRIPLE,1,1,1,False,-1
9645,DOUBLE,1,0,1,False,-1
9646,SINGLE,0,0,1,False,-1
9647,DOUBLE,1,0,1,False,-1
9648,DOUBLE,1,0,1,False,-1
9649,DOUBLE,1,0,1,False,-1
9650,DOUBLE,1,0,1,False,-1
9652,SINGLE,0,0,1,False,-1
9653,DOUBLE,1,0,1,False,-1
9654,SINGLE,0,0,1,False,-1
9655,SINGLE,0,0,1,False,-1
9656,SINGLE,0,0,1,False,-1
9657,SINGLE,0,0,1,False,-1
9658,SINGLE,0,0,1,False,-1
9659,SINGLE,0,0,1,False,-1
9660,SINGLE,0,0,1,False,-1
9661,DOUBLE,1,0,1,False,-1
9662,DOUBLE,1,0,1,False,-1
9663,DOUBLE,1,0,1,False,-1
9664,DOUBLE,1,0,1,False,-1
9665,SINGLE,0,0,1,False,-1
9666,DOUBLE,1,0,1,False,-1
9667,SINGLE,0,0,1,False,-1
9668,DOUBLE,1,0,1,False,-1
9669,SINGLE,0,0,1,False,-1
9670,SINGLE,0,0,1,False,-1
9671,SINGLE,0,0,1,False,-1
9672,SINGLE,0,0,1,False,-1
9673,DOUBLE,1,0,1,False,-1
9674,DOUBLE,1,0,1,False,-1
9675,SINGLE,0,0,1,False,-1
9676,SINGLE,0,0,1,False,-1
9677,DOUBLE,1,0,1,False,-1
9678,DOUBLE,1,0,1,False,-1
9679,DOUBLE,1,0,1,False,-1
9680,DOUBLE,1,0,1,False,-1
9682,DOUBLE,1,0,1,False,-1
9683,SINGLE,0,0,1,False,-1
9684,DOUBLE,1,0,1,False,-1
9685,DOUBLE,1,0,1,False,-1
9686,SINGLE,0,0,1,False,-1
9687,DOUBLE,1,0,1,False,-1
9688,DOUBLE,1,0,1,False,-1
9689,SINGLE,0,0,1,False,-1
9690,SINGLE,0,0,1,False,-1
9691,SINGLE,0,0,1,False,-1
9692,DOUBLE,1,0,1,False,-1
9693,SINGLE,0,0,1,False,-1
9694,SINGLE,0,0,1,False,-1
9695,SINGLE,0,0,1,False,-1
9696,SINGLE,0,0,1,False,-1
9697,SINGLE,0,0,1,False,-1
9698,DOUBLE,1,0,1,False,-1
9699,SINGLE,0,0,1,False,-1
9700,DOUBLE,1,0,1,False,-1
9701,DOUBLE,1,0,1,False,-1
9702,DOUBLE,1,0,1,False,-1
9703,DOUBLE,1,0,1,False,-1
9704,DOUBLE,1,0,1,False,-1
9705,DOUBLE,1,0,1,False,-1
9707,DOUBLE,1,0,1,False,-1
9708,DOUBLE,1,0,1,False,-1
9709,DOUBLE,1,0,1,False,-1
9710,DOUBLE,1,0,1,False,-1
9711,DOUBLE,1,0,1,False,-1
9712,SINGLE,0,0,1,False,-1
9713,DOUBLE,1,0,1,False,-1
9714,DOUBLE,1,0,1,False,-1
9715,DOUBLE,1,0,1,False,-1
9717,DOUBLE,1,0,1,False,-1
9718,DOUBLE,1,0,1,False,-1
9719,SINGLE,0,0,1,False,-1
9720,SINGLE,0,0,1,False,-1
9721,DOUBLE,1,0,1,False,-1
9722,DOUBLE,1,0,1,False,-1
9723,DOUBLE,0,1,1,False,-1
9724,SINGLE,0,0,1,False,-1
9725,DOUBLE,1,0,1,False,-1
9726,SINGLE,0,0,1,False,-1
9727,SINGLE,0,0,1,False,-1
9728,DOUBLE,1,0,1,False,-1
9729,SINGLE,0,0,1,False,-1
9730,DOUBLE,1,0,1,False,-1
9731,SINGLE,0,0,1,False,-1
9732,SINGLE,0,0,1,False,-1
9733,SINGLE,0,0,1,False,-1
9734,DOUBLE,1,0,1,False,-1
9735,SINGLE,0,0,1,False,-1
9736,DOUBLE,1,0,1,False,-1
9737,SINGLE,0,0,1,False,-1
9738,SINGLE,0,0,1,False,-1
9739,DOUBLE,1,0,1,False,-1
9740,DOUBLE,1,0,1,False,-1
9741,SINGLE,0,0,1,False,-1
9742,SINGLE,0,0,1,False,-1
9743,SINGLE,0,0,1,False,-1
9744,SINGLE,0,0,1,False,-1
9745,SINGLE,0,0,1,False,-1
9746,DOUBLE,1,0,1,False,-1
9747,SINGLE,0,0,1,False,-1
9748,DOUBLE,1,0,1,False,-1
9749,DOUBLE,1,0,1,False,-1
9750,DOUBLE,1,0,1,False,-1
9751,TRIPLE,1,1,1,False,-1
9752,SINGLE,0,0,1,False,-1
9753,DOUBLE,1,0,1,False,-1
9754,DOUBLE,1,0,1,False,-1
9755,DOUBLE,1,0,1,False,-1
9756,DOUBLE,1,0,1,False,-1
9757,DOUBLE,1,0,1,False,-1
9758,DOUBLE,1,0,1,False,-1
9759,SINGLE,0,0,1,False,-1
9760,SINGLE,0,0,1,False,-1
9761,DOUBLE,1,0,1,False,-1
9762,DOUBLE,1,0,1,False,-1
9763,DOUBLE,1,0,1,False,-1
9764,SINGLE,0,0,1,False,-1
9766,DOUBLE,1,0,1,False,-1
9767,SINGLE,0,0,1,False,-1
9769,SINGLE,0,0,1,False,-1
9770,DOUBLE,1,0,1,False,-1
9771,DOUBLE,1,0,1,False,-1
9772,DOUBLE,1,0,1,False,-1
9773,SINGLE,0,0,1,False,-1
9776,SINGLE,0,0,1,False,-1
9777,SINGLE,0,0,1,False,-1
9778,SINGLE,0,0,1,False,-1
9779,DOUBLE,1,0,1,False,-1
9780,DOUBLE,0,1,1,False,-1
9781,SINGLE,0,0,1,False,-1
9782,DOUBLE,1,0,1,False,-1
9783,DOUBLE,1,0,1,False,-1
9784,SINGLE,0,0,1,False,-1
9786,DOUBLE,1,0,1,False,-1
9787,DOUBLE,1,0,1,False,-1
9788,SINGLE,0,0,1,False,-1
9789,SINGLE,0,0,1,False,-1
9790,SINGLE,0,0,1,False,-1
9791,SINGLE,0,0,1,False,-1
9792,DOUBLE,1,0,1,False,-1
9793,SINGLE,0,0,1,False,-1
9794,DOUBLE,1,0,1,False,-1
9795,SINGLE,0,0,1,False,-1
9796,DOUBLE,1,0,1,False,-1
9797,SINGLE,0,0,1,False,-1
9798,DOUBLE,1,0,1,False,-1
9799,DOUBLE,1,0,1,False,-1
9800,SINGLE,0,0,1,False,-1
9801,DOUBLE,1,0,1,False,-1
9802,DOUBLE,1,0,1,False,-1
9803,SINGLE,0,0,1,False,-1
9804,DOUBLE,1,0,1,False,-1
9805,DOUBLE,1,0,1,False,-1
9807,SINGLE,0,0,1,False,-1
9808,SINGLE,0,0,1,False,-1
9809,SINGLE,0,0,1,False,-1
9810,DOUBLE,1,0,1,False,-1
9811,SINGLE,0,0,1,False,-1
9812,DOUBLE,1,0,1,False,-1
9813,DOUBLE,1,0,1,False,-1
9814,SINGLE,0,0,1,False,-1
9815,DOUBLE,1,0,1,False,-1
9816,SINGLE,0,0,1,False,-1
9817,SINGLE,0,0,1,False,-1
9818,SINGLE,0,0,1,False,-1
9819,DOUBLE,1,0,1,False,-1
9820,SINGLE,0,0,1,False,-1
9821,SINGLE,0,0,1,False,-1
9822,DOUBLE,1,0,1,False,-1
9823,SINGLE,0,0,1,False,-1
9824,DOUBLE,1,0,1,False,-1
9825,SINGLE,0,0,1,False,-1
9827,DOUBLE,1,0,1,False,-1
9828,SINGLE,0,0,1,False,-1
9829,DOUBLE,1,0,1,False,-1
9830,SINGLE,0,0,1,False,-1
9831,SINGLE,0,0,1,False,-1
9832,DOUBLE,1,0,1,False,-1
9833,SINGLE,0,0,1,False,-1
9834,SINGLE,0,0,1,False,-1
9835,DOUBLE,1,0,1,False,-1
9836,DOUBLE,1,0,1,False,-1
9837,DOUBLE,1,0,1,False,-1
9838,SINGLE,0,0,1,False,-1
9839,DOUBLE,1,0,1,False,-1
9840,DOUBLE,1,0,1,False,-1
9841,DOUBLE,1,0,1,False,-1
9842,DOUBLE,1,0,1,False,-1
9843,SINGLE,0,0,1,False,-1
9844,DOUBLE,1,0,1,False,-1
9845,DOUBLE,1,0,1,False,-1
9846,SINGLE,0,0,1,False,-1
9847,DOUBLE,1,0,1,False,-1
9848,SINGLE,0,0,1,False,-1
9849,SINGLE,0,0,1,False,-1
9851,DOUBLE,1,0,1,False,-1
9852,DOUBLE,1,0,1,False,-1
9853,DOUBLE,1,0,1,False,-1
9854,DOUBLE,1,0,1,False,-1
9855,SINGLE,0,0,1,False,-1
9856,DOUBLE,1,0,1,False,-1
9857,SINGLE,0,0,1,False,-1
9858,DOUBLE,1,0,1,False,-1
9859,SINGLE,0,0,1,False,-1
9860,DOUBLE,1,0,1,False,-1
9861,SINGLE,0,0,1,False,-1
9862,DOUBLE,1,0,1,False,-1
9863,DOUBLE,1,0,1,False,-1
9864,DOUBLE,1,0,1,False,-1
9865,SINGLE,0,0,1,False,-1
9866,DOUBLE,1,0,1,False,-1
9867,SINGLE,0,0,1,False,-1
9868,DOUBLE,1,0,1,False,-1
9869,DOUBLE,1,0,1,False,-1
9870,SINGLE,0,0,1,False,-1
9871,SINGLE,0,0,1,False,-1
9872,SINGLE,0,0,1,False,-1
9873,SINGLE,0,0,1,False,-1
9874,SINGLE,0,0,1,False,-1
9875,DOUBLE,1,0,1,False,-1
9876,SINGLE,0,0,1,False,-1
9877,DOUBLE,1,0,1,False,-1
9878,SINGLE,0,0,1,False,-1
9879,SINGLE,0,0,1,False,-1
9880,SINGLE,0,0,1,False,-1
9881,DOUBLE,1,0,1,False,-1
9882,DOUBLE,1,0,1,False,-1
9883,SINGLE,0,0,1,False,-1
9884,DOUBLE,1,0,1,False,-1
9885,SINGLE,0,0,1,False,-1
9886,DOUBLE,1,0,1,False,-1
9887,DOUBLE,1,0,1,False,-1
9888,DOUBLE,1,0,1,False,-1
9890,SINGLE,0,0,1,False,-1
9891,DOUBLE,1,0,1,False,-1
9892,SINGLE,0,0,1,False,-1
9893,SINGLE,0,0,1,False,-1
9894,DOUBLE,1,0,1,False,-1
9895,DOUBLE,1,0,1,False,-1
9896,SINGLE,0,0,1,False,-1
9898,SINGLE,0,0,1,False,-1
9899,DOUBLE,1,0,1,False,-1
9900,DOUBLE,1,0,1,False,-1
9901,SINGLE,0,0,1,False,-1
9902,DOUBLE,1,0,1,False,-1
9903,DOUBLE,1,0,1,False,-1
9904,DOUBLE,1,0,1,False,-1
9907,DOUBLE,1,0,1,False,-1
9908,DOUBLE,1,0,1,False,-1
9909,SINGLE,0,0,1,False,-1
9910,DOUBLE,1,0,1,False,-1
9911,DOUBLE,1,0,1,False,-1
9912,DOUBLE,0,1,1,False,-1
9913,DOUBLE,1,0,1,False,-1
9914,DOUBLE,1,0,1,False,-1
9915,DOUBLE,1,0,1,False,-1
9917,DOUBLE,1,0,1,False,-1
9918,SINGLE,0,0,1,False,-1
9920,SINGLE,0,0,1,False,-1
9922,DOUBLE,1,0,1,False,-1
9923,SINGLE,0,0,1,False,-1
9924,DOUBLE,1,0,1,False,-1
9925,SINGLE,0,0,1,False,-1
9926,DOUBLE,1,0,1,False,-1
9927,SINGLE,0,0,1,False,-1
9928,SINGLE,0,0,1,False,-1
9929,SINGLE,0,0,1,False,-1
9930,DOUBLE,1,0,1,False,-1
9931,DOUBLE,1,0,1,False,-1
9932,DOUBLE,1,0,1,False,-1
9933,DOUBLE,1,0,1,False,-1
9934,DOUBLE,1,0,1,False,-1
9935,DOUBLE,1,0,1,False,-1
9936,DOUBLE,1,0,1,False,-1
9937,DOUBLE,1,0,1,False,-1
9938,DOUBLE,1,0,1,False,-1
9939,SINGLE,0,0,1,False,-1
9940,DOUBLE,1,0,1,False,-1
9941,DOUBLE,1,0,1,False,-1
9942,SINGLE,0,0,1,False,-1
9943,SINGLE,0,0,1,False,-1
9944,SINGLE,0,0,1,False,-1
9945,SINGLE,0,0,1,False,-1
9946,SINGLE,0,0,1,False,-1
9947,SINGLE,0,0,1,False,-1
9948,SINGLE,0,0,1,False,-1
9949,DOUBLE,1,0,1,False,-1
9950,SINGLE,0,0,1,False,-1
9951,DOUBLE,1,0,1,False,-1
9952,DOUBLE,1,0,1,False,-1
9953,DOUBLE,1,0,1,False,-1
9954,SINGLE,0,0,1,False,-1
9955,DOUBLE,1,0,1,False,-1
9956,DOUBLE,1,0,1,False,-1
9957,DOUBLE,1,0,1,False,-1
9958,DOUBLE,1,0,1,False,-1
9959,DOUBLE,1,0,1,False,-1
9960,DOUBLE,1,0,1,False,-1
9961,DOUBLE,1,0,1,False,-1
9962,DOUBLE,1,0,1,False,-1
9963,SINGLE,0,0,1,False,-1
9964,DOUBLE,1,0,1,False,-1
9965,SINGLE,0,0,1,False,-1
9966,SINGLE,0,0,1,False,-1
9967,DOUBLE,1,0,1,False,-1
9968,DOUBLE,1,0,1,False,-1
9969,DOUBLE,1,0,1,False,-1
9970,SINGLE,0,0,1,False,-1
9971,DOUBLE,1,0,1,False,-1
9973,SINGLE,0,0,1,False,-1
9974,DOUBLE,1,0,1,False,-1
9975,SINGLE,0,0,1,False,-1
9976,DOUBLE,1,0,1,False,-1
9977,DOUBLE,1,0,1,False,-1
9978,DOUBLE,1,0,1,False,-1
9979,DOUBLE,1,0,1,False,-1
9980,DOUBLE,1,0,1,False,-1
9981,SINGLE,0,0,1,False,-1
9982,DOUBLE,1,0,1,False,-1
9983,DOUBLE,1,0,1,False,-1
9984,SINGLE,0,0,1,False,-1
9985,SINGLE,0,0,1,False,-1
9986,DOUBLE,1,0,1,False,-1
9987,SINGLE,0,0,1,False,-1
9988,SINGLE,0,0,1,False,-1
9989,SINGLE,0,0,1,False,-1
9990,SINGLE,0,0,1,False,-1
9991,DOUBLE,1,0,1,False,-1
9993,DOUBLE,1,0,1,False,-1
9994,DOUBLE,1,0,1,False,-1
9996,SINGLE,0,0,1,False,-1
9997,SINGLE,0,0,1,False,-1
9998,DOUBLE,0,1,1,False,-1
