EventID,HitTop,HitMiddle,HitBottom,DecayTime_ns
0,SINGLE,0,0,1,False,-1
1,DOUBLE,1,0,1,False,-1
3,SINGLE,0,0,1,False,-1
4,DOUBLE,1,0,1,False,-1
5,SINGLE,0,0,1,False,-1
6,DOUBLE,1,0,1,False,-1
7,SINGLE,0,0,1,False,-1
8,SINGLE,0,0,1,False,-1
9,SINGLE,0,0,1,False,-1
10,DOUBLE,1,0,1,False,-1
11,SINGLE,0,0,1,False,-1
12,DOUBLE,1,0,1,False,-1
13,DOUBLE,1,0,1,False,-1
14,SINGLE,0,0,1,False,-1
15,SINGLE,0,0,1,False,-1
16,SINGLE,0,0,1,False,-1
17,DOUBLE,1,0,1,False,-1
18,SINGLE,0,0,1,False,-1
19,SINGLE,0,0,1,False,-1
20,SINGLE,0,0,1,False,-1
21,DOUBLE,1,0,1,False,-1
22,DOUBLE,0,1,1,False,-1
23,DOUBLE,1,0,1,False,-1
24,DOUBLE,1,0,1,False,-1
25,SINGLE,0,0,1,False,-1
26,DOUBLE,1,0,1,False,-1
27,DOUBLE,1,0,1,False,-1
28,SINGLE,0,0,1,False,-1
29,SINGLE,0,0,1,False,-1
30,DOUBLE,1,0,1,False,-1
31,DOUBLE,1,0,1,False,-1
32,DOUBLE,1,0,1,False,-1
33,SINGLE,0,0,1,False,-1
34,DOUBLE,1,0,1,False,-1
35,DOUBLE,1,0,1,False,-1
36,DOUBLE,1,0,1,False,-1
37,DOUBLE,1,0,1,False,-1
39,SINGLE,0,0,1,False,-1
40,DOUBLE,1,0,1,False,-1
41,DOUBLE,0,1,1,False,-1
42,DOUBLE,1,0,1,False,-1
43,DOUBLE,1,0,1,False,-1
44,SINGLE,0,0,1,False,-1
45,DOUBLE,1,0,1,False,-1
46,SINGLE,0,0,1,False,-1
47,DOUBLE,1,0,1,False,-1
48,SINGLE,0,0,1,False,-1
49,DOUBLE,1,0,1,False,-1
50,SINGLE,0,0,1,False,-1
51,DOUBLE,1,0,1,False,-1
52,SINGLE,0,0,1,False,-1
53,DOUBLE,1,0,1,False,-1
54,SINGLE,0,0,1,False,-1
55,DOUBLE,1,0,1,False,-1
56,SINGLE,0,0,1,False,-1
57,DOUBLE,1,0,1,False,-1
58,DOUBLE,1,0,1,False,-1
59,DOUBLE,1,0,1,False,-1
60,SINGLE,0,0,1,False,-1
61,SINGLE,0,0,1,False,-1
62,DOUBLE,1,0,1,False,-1
63,DOUBLE,1,0,1,False,-1
65,SINGLE,0,0,1,False,-1
66,DOUBLE,1,0,1,False,-1
67,SINGLE,0,0,1,False,-1
68,DOUBLE,1,0,1,False,-1
69,DOUBLE,1,0,1,False,-1
70,DOUBLE,1,0,1,False,-1
71,DOUBLE,1,0,1,False,-1
72,DOUBLE,1,0,1,False,-1
73,DOUBLE,1,0,1,False,-1
74,SINGLE,0,0,1,False,-1
75,DOUBLE,1,0,1,False,-1
76,DOUBLE,1,0,1,False,-1
77,DOUBLE,1,0,1,False,-1
78,DOUBLE,1,0,1,False,-1
81,DOUBLE,1,0,1,False,-1
82,SINGLE,0,0,1,False,-1
83,DOUBLE,1,0,1,False,-1
84,SINGLE,0,0,1,False,-1
85,DOUBLE,1,0,1,False,-1
86,SINGLE,0,0,1,False,-1
87,DOUBLE,1,0,1,False,-1
88,DOUBLE,1,0,1,False,-1
89,DOUBLE,1,0,1,False,-1
90,SINGLE,0,0,1,False,-1
91,DOUBLE,1,0,1,False,-1
92,DOUBLE,1,0,1,False,-1
93,SINGLE,0,0,1,False,-1
94,DOUBLE,1,0,1,False,-1
95,DOUBLE,1,0,1,False,-1
96,SINGLE,0,0,1,False,-1
97,DOUBLE,1,0,1,False,-1
98,DOUBLE,1,0,1,False,-1
99,SINGLE,0,0,1,False,-1
100,SINGLE,0,0,1,False,-1
101,DOUBLE,1,0,1,False,-1
102,SINGLE,0,0,1,False,-1
104,DOUBLE,0,1,1,False,-1
105,DOUBLE,1,0,1,False,-1
106,DOUBLE,1,0,1,False,-1
107,SINGLE,0,0,1,False,-1
108,SINGLE,0,0,1,False,-1
109,SINGLE,0,0,1,False,-1
110,DOUBLE,1,0,1,False,-1
111,DOUBLE,1,0,1,False,-1
112,DOUBLE,1,0,1,False,-1
113,SINGLE,0,0,1,False,-1
114,DOUBLE,1,0,1,False,-1
115,SINGLE,0,0,1,False,-1
116,DOUBLE,1,0,1,False,-1
117,DOUBLE,1,0,1,False,-1
118,SINGLE,0,0,1,False,-1
119,DOUBLE,1,0,1,False,-1
121,DOUBLE,1,0,1,False,-1
122,SINGLE,0,0,1,False,-1
124,SINGLE,0,0,1,False,-1
125,DOUBLE,1,0,1,False,-1
126,DOUBLE,1,0,1,False,-1
127,DOUBLE,1,0,1,False,-1
128,DOUBLE,1,0,1,False,-1
129,SINGLE,0,0,1,False,-1
130,DOUBLE,1,0,1,False,-1
131,SINGLE,0,0,1,False,-1
132,DOUBLE,1,0,1,False,-1
133,SINGLE,0,0,1,False,-1
135,SINGLE,0,0,1,False,-1
136,DOUBLE,1,0,1,False,-1
137,DOUBLE,1,0,1,False,-1
138,SINGLE,0,0,1,False,-1
139,DOUBLE,1,0,1,False,-1
140,DOUBLE,1,0,1,False,-1
141,SINGLE,0,0,1,False,-1
142,SINGLE,0,0,1,False,-1
143,DOUBLE,1,0,1,False,-1
144,DOUBLE,1,0,1,False,-1
145,SINGLE,0,0,1,False,-1
146,SINGLE,0,0,1,False,-1
147,DOUBLE,1,0,1,False,-1
148,SINGLE,0,0,1,False,-1
149,DOUBLE,1,0,1,False,-1
150,SINGLE,0,0,1,False,-1
151,SINGLE,0,0,1,False,-1
153,DOUBLE,1,0,1,False,-1
154,DOUBLE,1,0,1,False,-1
155,TRIPLE,1,1,1,False,-1
156,DOUBLE,1,0,1,False,-1
157,SINGLE,0,0,1,False,-1
158,DOUBLE,1,0,1,False,-1
159,DOUBLE,0,1,1,False,-1
160,DOUBLE,1,0,1,False,-1
161,DOUBLE,1,0,1,False,-1
162,DOUBLE,1,0,1,False,-1
163,SINGLE,0,0,1,False,-1
164,SINGLE,0,0,1,False,-1
165,DOUBLE,1,0,1,False,-1
166,DOUBLE,1,0,1,False,-1
167,DOUBLE,1,0,1,False,-1
168,SINGLE,0,0,1,False,-1
169,SINGLE,0,0,1,False,-1
170,DOUBLE,1,0,1,False,-1
171,DOUBLE,1,0,1,False,-1
172,SINGLE,0,0,1,False,-1
173,SINGLE,0,0,1,False,-1
174,SINGLE,0,0,1,False,-1
175,DOUBLE,1,0,1,False,-1
176,DOUBLE,1,0,1,False,-1
177,DOUBLE,1,0,1,False,-1
178,SINGLE,0,0,1,False,-1
179,DOUBLE,1,0,1,False,-1
180,SINGLE,0,0,1,False,-1
181,DOUBLE,1,0,1,False,-1
182,SINGLE,0,0,1,False,-1
183,DOUBLE,1,0,1,False,-1
185,SINGLE,0,0,1,False,-1
186,SINGLE,0,0,1,False,-1
187,SINGLE,0,0,1,False,-1
188,SINGLE,0,0,1,False,-1
189,SINGLE,0,0,1,False,-1
190,DOUBLE,1,0,1,False,-1
191,SINGLE,0,0,1,False,-1
193,SINGLE,0,0,1,False,-1
194,SINGLE,0,0,1,False,-1
195,DOUBLE,1,0,1,False,-1
196,SINGLE,0,0,1,False,-1
197,DOUBLE,1,0,1,False,-1
198,DOUBLE,1,0,1,False,-1
199,SINGLE,0,0,1,False,-1
200,SINGLE,0,0,1,False,-1
202,SINGLE,0,0,1,False,-1
203,DOUBLE,1,0,1,False,-1
204,DOUBLE,1,0,1,False,-1
205,DOUBLE,1,0,1,False,-1
206,DOUBLE,1,0,1,False,-1
207,SINGLE,0,0,1,False,-1
208,SINGLE,0,0,1,False,-1
210,DOUBLE,1,0,1,False,-1
211,DOUBLE,1,0,1,False,-1
212,SINGLE,0,0,1,False,-1
213,DOUBLE,1,0,1,False,-1
214,SINGLE,0,0,1,False,-1
215,DOUBLE,1,0,1,False,-1
216,SINGLE,0,0,1,False,-1
217,SINGLE,0,0,1,False,-1
218,SINGLE,0,0,1,False,-1
219,DOUBLE,1,0,1,False,-1
220,DOUBLE,1,0,1,False,-1
222,SINGLE,0,0,1,False,-1
223,SINGLE,0,0,1,False,-1
224,SINGLE,0,0,1,False,-1
225,SINGLE,0,0,1,False,-1
226,DOUBLE,1,0,1,False,-1
227,DOUBLE,1,0,1,False,-1
228,SINGLE,0,0,1,False,-1
229,SINGLE,0,0,1,False,-1
230,DOUBLE,1,0,1,False,-1
232,SINGLE,0,0,1,False,-1
233,DOUBLE,1,0,1,False,-1
234,SINGLE,0,0,1,False,-1
235,SINGLE,0,0,1,False,-1
236,SINGLE,0,0,1,False,-1
237,SINGLE,0,0,1,False,-1
238,SINGLE,0,0,1,False,-1
239,DOUBLE,1,0,1,False,-1
240,SINGLE,0,0,1,False,-1
241,SINGLE,0,0,1,False,-1
242,DOUBLE,1,0,1,False,-1
243,DOUBLE,0,1,1,False,-1
244,SINGLE,0,0,1,False,-1
245,DOUBLE,1,0,1,False,-1
246,DOUBLE,1,0,1,False,-1
247,DOUBLE,1,0,1,False,-1
248,DOUBLE,1,0,1,False,-1
249,DOUBLE,1,0,1,False,-1
250,DOUBLE,1,0,1,False,-1
251,SINGLE,0,0,1,False,-1
253,DOUBLE,1,0,1,False,-1
254,DOUBLE,1,0,1,False,-1
255,DOUBLE,1,0,1,False,-1
256,SINGLE,0,0,1,False,-1
257,SINGLE,0,0,1,False,-1
258,SINGLE,0,0,1,False,-1
259,SINGLE,0,0,1,False,-1
260,SINGLE,0,0,1,False,-1
261,DOUBLE,1,0,1,False,-1
262,SINGLE,0,0,1,False,-1
263,DOUBLE,1,0,1,False,-1
264,SINGLE,0,0,1,False,-1
265,DOUBLE,1,0,1,False,-1
266,DOUBLE,1,0,1,False,-1
267,DOUBLE,1,0,1,False,-1
268,DOUBLE,1,0,1,False,-1
269,DOUBLE,1,0,1,False,-1
270,SINGLE,0,0,1,False,-1
271,SINGLE,0,0,1,False,-1
272,SINGLE,0,0,1,False,-1
273,SINGLE,0,0,1,False,-1
274,SINGLE,0,0,1,False,-1
275,SINGLE,0,0,1,False,-1
276,SINGLE,0,0,1,False,-1
277,DOUBLE,1,0,1,False,-1
278,DOUBLE,1,0,1,False,-1
279,DOUBLE,1,0,1,False,-1
280,DOUBLE,1,0,1,False,-1
282,SINGLE,0,0,1,False,-1
283,SINGLE,0,0,1,False,-1
284,DOUBLE,1,0,1,False,-1
285,DOUBLE,1,0,1,False,-1
286,SINGLE,0,0,1,False,-1
287,SINGLE,0,0,1,False,-1
288,DOUBLE,1,0,1,False,-1
289,DOUBLE,1,0,1,False,-1
290,DOUBLE,1,0,1,False,-1
291,SINGLE,0,0,1,False,-1
293,SINGLE,0,0,1,False,-1
294,DOUBLE,1,0,1,False,-1
295,DOUBLE,1,0,1,False,-1
296,DOUBLE,1,0,1,False,-1
297,DOUBLE,1,0,1,False,-1
298,SINGLE,0,0,1,False,-1
299,SINGLE,0,0,1,False,-1
300,SINGLE,0,0,1,False,-1
301,SINGLE,0,0,1,False,-1
302,DOUBLE,1,0,1,False,-1
303,DOUBLE,1,0,1,False,-1
304,DOUBLE,1,0,1,False,-1
305,SINGLE,0,0,1,False,-1
306,SINGLE,0,0,1,False,-1
307,SINGLE,0,0,1,False,-1
308,DOUBLE,1,0,1,False,-1
309,DOUBLE,1,0,1,False,-1
310,SINGLE,0,0,1,False,-1
311,SINGLE,0,0,1,False,-1
312,DOUBLE,1,0,1,False,-1
313,SINGLE,0,0,1,False,-1
314,DOUBLE,1,0,1,False,-1
315,SINGLE,0,0,1,False,-1
316,DOUBLE,1,0,1,False,-1
317,DOUBLE,1,0,1,False,-1
318,SINGLE,0,0,1,False,-1
319,SINGLE,0,0,1,False,-1
320,DOUBLE,1,0,1,False,-1
321,DOUBLE,1,0,1,False,-1
322,SINGLE,0,0,1,False,-1
323,DOUBLE,1,0,1,False,-1
324,DOUBLE,1,0,1,False,-1
325,SINGLE,0,0,1,False,-1
326,DOUBLE,1,0,1,False,-1
327,DOUBLE,1,0,1,False,-1
328,DOUBLE,1,0,1,False,-1
329,SINGLE,0,0,1,False,-1
330,DOUBLE,1,0,1,False,-1
331,DOUBLE,1,0,1,False,-1
332,SINGLE,0,0,1,False,-1
333,SINGLE,0,0,1,False,-1
334,DOUBLE,1,0,1,False,-1
336,SINGLE,0,0,1,False,-1
337,DOUBLE,1,0,1,False,-1
338,DOUBLE,1,0,1,False,-1
339,SINGLE,0,0,1,False,-1
340,SINGLE,0,0,1,False,-1
341,SINGLE,0,0,1,False,-1
344,DOUBLE,1,0,1,False,-1
345,SINGLE,0,0,1,False,-1
346,DOUBLE,1,0,1,False,-1
348,SINGLE,0,0,1,False,-1
349,SINGLE,0,0,1,False,-1
350,SINGLE,0,0,1,False,-1
351,SINGLE,0,0,1,False,-1
352,DOUBLE,1,0,1,False,-1
353,SINGLE,0,0,1,False,-1
354,DOUBLE,1,0,1,False,-1
355,DOUBLE,1,0,1,False,-1
356,DOUBLE,1,0,1,False,-1
357,SINGLE,0,0,1,False,-1
358,DOUBLE,1,0,1,False,-1
360,DOUBLE,1,0,1,False,-1
361,SINGLE,0,0,1,False,-1
362,DOUBLE,1,0,1,False,-1
363,DOUBLE,1,0,1,False,-1
364,SINGLE,0,0,1,False,-1
365,DOUBLE,1,0,1,False,-1
366,SINGLE,0,0,1,False,-1
367,SINGLE,0,0,1,False,-1
368,SINGLE,0,0,1,False,-1
369,DOUBLE,1,0,1,False,-1
370,SINGLE,0,0,1,False,-1
371,DOUBLE,1,0,1,False,-1
372,SINGLE,0,0,1,False,-1
373,SINGLE,0,0,1,False,-1
374,DOUBLE,1,0,1,False,-1
375,DOUBLE,1,0,1,False,-1
376,SINGLE,0,0,1,False,-1
377,DOUBLE,1,0,1,False,-1
378,DOUBLE,1,0,1,False,-1
379,SINGLE,0,0,1,False,-1
380,DOUBLE,1,0,1,False,-1
381,SINGLE,0,0,1,False,-1
382,DOUBLE,1,0,1,False,-1
383,SINGLE,0,0,1,False,-1
384,DOUBLE,1,0,1,False,-1
385,DOUBLE,1,0,1,False,-1
386,DOUBLE,1,0,1,False,-1
387,DOUBLE,1,0,1,False,-1
388,SINGLE,0,0,1,False,-1
389,SINGLE,0,0,1,False,-1
390,DOUBLE,1,0,1,False,-1
391,SINGLE,0,0,1,False,-1
392,SINGLE,0,0,1,False,-1
393,DOUBLE,1,0,1,False,-1
394,SINGLE,0,0,1,False,-1
396,DOUBLE,1,0,1,False,-1
397,SINGLE,0,0,1,False,-1
398,SINGLE,0,0,1,False,-1
399,DOUBLE,1,0,1,False,-1
400,DOUBLE,1,0,1,False,-1
401,DOUBLE,1,0,1,False,-1
402,DOUBLE,1,0,1,False,-1
404,DOUBLE,1,0,1,False,-1
405,SINGLE,0,0,1,False,-1
406,DOUBLE,1,0,1,False,-1
407,DOUBLE,1,0,1,False,-1
408,DOUBLE,1,0,1,False,-1
409,DOUBLE,1,0,1,False,-1
410,SINGLE,0,0,1,False,-1
411,SINGLE,0,0,1,False,-1
412,DOUBLE,1,0,1,False,-1
413,SINGLE,0,0,1,False,-1
414,DOUBLE,1,0,1,False,-1
415,DOUBLE,1,0,1,False,-1
416,SINGLE,0,0,1,False,-1
417,DOUBLE,1,0,1,False,-1
418,DOUBLE,1,0,1,False,-1
419,SINGLE,0,0,1,False,-1
421,DOUBLE,1,0,1,False,-1
422,DOUBLE,1,0,1,False,-1
423,DOUBLE,1,0,1,False,-1
425,SINGLE,0,0,1,False,-1
427,SINGLE,0,0,1,False,-1
428,SINGLE,0,0,1,False,-1
429,DOUBLE,1,0,1,False,-1
430,DOUBLE,1,0,1,False,-1
431,DOUBLE,1,0,1,False,-1
432,SINGLE,0,0,1,False,-1
434,SINGLE,0,0,1,False,-1
436,SINGLE,0,0,1,False,-1
437,DOUBLE,1,0,1,False,-1
438,DOUBLE,1,0,1,False,-1
439,DOUBLE,1,0,1,False,-1
440,SINGLE,0,0,1,False,-1
441,SINGLE,0,0,1,False,-1
442,DOUBLE,1,0,1,False,-1
443,SINGLE,0,0,1,False,-1
445,SINGLE,0,0,1,False,-1
446,DOUBLE,1,0,1,False,-1
447,DOUBLE,1,0,1,False,-1
448,SINGLE,0,0,1,False,-1
449,DOUBLE,1,0,1,False,-1
450,DOUBLE,1,0,1,False,-1
452,DOUBLE,1,0,1,False,-1
453,SINGLE,0,0,1,False,-1
454,DOUBLE,1,0,1,False,-1
455,SINGLE,0,0,1,False,-1
456,DOUBLE,1,0,1,False,-1
457,DOUBLE,1,0,1,False,-1
459,DOUBLE,1,0,1,False,-1
460,SINGLE,0,0,1,False,-1
461,SINGLE,0,0,1,False,-1
462,DOUBLE,1,0,1,False,-1
463,SINGLE,0,0,1,False,-1
464,SINGLE,0,0,1,False,-1
465,DOUBLE,1,0,1,False,-1
466,DOUBLE,1,0,1,False,-1
467,SINGLE,0,0,1,False,-1
468,SINGLE,0,0,1,False,-1
469,DOUBLE,1,0,1,False,-1
470,SINGLE,0,0,1,False,-1
471,DOUBLE,1,0,1,False,-1
472,SINGLE,0,0,1,False,-1
473,DOUBLE,1,0,1,False,-1
474,DOUBLE,1,0,1,False,-1
475,DOUBLE,1,0,1,False,-1
477,DOUBLE,1,0,1,False,-1
478,DOUBLE,1,0,1,False,-1
479,SINGLE,0,0,1,False,-1
480,DOUBLE,1,0,1,False,-1
481,DOUBLE,1,0,1,False,-1
482,SINGLE,0,0,1,False,-1
483,SINGLE,0,0,1,False,-1
484,DOUBLE,1,0,1,False,-1
485,SINGLE,0,0,1,False,-1
486,DOUBLE,1,0,1,False,-1
487,SINGLE,0,0,1,False,-1
488,SINGLE,0,0,1,False,-1
489,DOUBLE,1,0,1,False,-1
491,DOUBLE,1,0,1,False,-1
492,DOUBLE,1,0,1,False,-1
494,DOUBLE,1,0,1,False,-1
495,SINGLE,0,0,1,False,-1
496,SINGLE,0,0,1,False,-1
497,SINGLE,0,0,1,False,-1
498,SINGLE,0,0,1,False,-1
499,DOUBLE,1,0,1,False,-1
500,DOUBLE,1,0,1,False,-1
501,DOUBLE,1,0,1,False,-1
502,SINGLE,0,0,1,False,-1
503,DOUBLE,1,0,1,False,-1
504,DOUBLE,1,0,1,False,-1
505,SINGLE,0,0,1,False,-1
507,SINGLE,0,0,1,False,-1
508,SINGLE,0,0,1,False,-1
509,DOUBLE,1,0,1,False,-1
510,SINGLE,0,0,1,False,-1
511,SINGLE,0,0,1,False,-1
512,SINGLE,0,0,1,False,-1
513,SINGLE,0,0,1,False,-1
514,DOUBLE,1,0,1,False,-1
515,DOUBLE,1,0,1,False,-1
516,SINGLE,0,0,1,False,-1
517,DOUBLE,1,0,1,False,-1
518,DOUBLE,1,0,1,False,-1
519,SINGLE,0,0,1,False,-1
520,SINGLE,0,0,1,False,-1
521,DOUBLE,1,0,1,False,-1
522,SINGLE,0,0,1,False,-1
524,SINGLE,0,0,1,False,-1
525,DOUBLE,1,0,1,False,-1
526,SINGLE,0,0,1,False,-1
527,DOUBLE,1,0,1,False,-1
528,SINGLE,0,0,1,False,-1
529,DOUBLE,1,0,1,False,-1
530,DOUBLE,1,0,1,False,-1
531,DOUBLE,1,0,1,False,-1
532,DOUBLE,1,0,1,False,-1
533,SINGLE,0,0,1,False,-1
534,DOUBLE,1,0,1,False,-1
535,SINGLE,0,0,1,False,-1
536,DOUBLE,1,0,1,False,-1
538,SINGLE,0,0,1,False,-1
539,SINGLE,0,0,1,False,-1
540,SINGLE,0,0,1,False,-1
541,SINGLE,0,0,1,False,-1
542,DOUBLE,1,0,1,False,-1
543,DOUBLE,1,0,1,False,-1
544,DOUBLE,1,0,1,False,-1
545,DOUBLE,1,0,1,False,-1
546,SINGLE,0,0,1,False,-1
547,SINGLE,0,0,1,False,-1
548,DOUBLE,1,0,1,False,-1
549,DOUBLE,1,0,1,False,-1
550,DOUBLE,1,0,1,False,-1
551,DOUBLE,1,0,1,False,-1
553,DOUBLE,1,0,1,False,-1
554,DOUBLE,1,0,1,False,-1
555,SINGLE,0,0,1,False,-1
556,DOUBLE,1,0,1,False,-1
557,DOUBLE,1,0,1,False,-1
558,DOUBLE,1,0,1,False,-1
559,DOUBLE,1,0,1,False,-1
560,DOUBLE,1,0,1,False,-1
561,SINGLE,0,0,1,False,-1
562,DOUBLE,1,0,1,False,-1
563,DOUBLE,1,0,1,False,-1
564,SINGLE,0,0,1,False,-1
565,DOUBLE,1,0,1,False,-1
566,DOUBLE,1,0,1,False,-1
567,DOUBLE,1,0,1,False,-1
569,DOUBLE,1,0,1,False,-1
570,DOUBLE,1,0,1,False,-1
571,SINGLE,0,0,1,False,-1
572,DOUBLE,1,0,1,False,-1
573,SINGLE,0,0,1,False,-1
574,SINGLE,0,0,1,False,-1
575,SINGLE,0,0,1,False,-1
576,DOUBLE,1,0,1,False,-1
577,SINGLE,0,0,1,False,-1
578,SINGLE,0,0,1,False,-1
579,DOUBLE,1,0,1,False,-1
580,SINGLE,0,0,1,False,-1
581,SINGLE,0,0,1,False,-1
582,DOUBLE,1,0,1,False,-1
583,SINGLE,0,0,1,False,-1
584,DOUBLE,1,0,1,False,-1
585,DOUBLE,1,0,1,False,-1
587,SINGLE,0,0,1,False,-1
588,DOUBLE,1,0,1,False,-1
589,DOUBLE,1,0,1,False,-1
590,DOUBLE,1,0,1,False,-1
591,DOUBLE,1,0,1,False,-1
592,DOUBLE,1,0,1,False,-1
593,SINGLE,0,0,1,False,-1
595,SINGLE,0,0,1,False,-1
596,DOUBLE,1,0,1,False,-1
597,TRIPLE,1,1,1,False,-1
598,DOUBLE,1,0,1,False,-1
599,DOUBLE,1,0,1,False,-1
600,DOUBLE,1,0,1,False,-1
601,DOUBLE,1,0,1,False,-1
603,DOUBLE,1,0,1,False,-1
604,SINGLE,0,0,1,False,-1
605,DOUBLE,1,0,1,False,-1
606,DOUBLE,1,0,1,False,-1
607,SINGLE,0,0,1,False,-1
608,SINGLE,0,0,1,False,-1
609,SINGLE,0,0,1,False,-1
610,SINGLE,0,0,1,False,-1
611,DOUBLE,1,0,1,False,-1
612,DOUBLE,1,0,1,False,-1
613,DOUBLE,1,0,1,False,-1
614,DOUBLE,1,0,1,False,-1
615,DOUBLE,1,0,1,False,-1
617,DOUBLE,1,0,1,False,-1
618,DOUBLE,1,0,1,False,-1
619,SINGLE,0,0,1,False,-1
620,DOUBLE,1,0,1,False,-1
621,SINGLE,0,0,1,False,-1
622,DOUBLE,1,0,1,False,-1
623,SINGLE,0,0,1,False,-1
624,SINGLE,0,0,1,False,-1
625,DOUBLE,1,0,1,False,-1
626,DOUBLE,1,0,1,False,-1
627,DOUBLE,1,0,1,False,-1
628,SINGLE,0,0,1,False,-1
629,DOUBLE,1,0,1,False,-1
630,SINGLE,0,0,1,False,-1
631,SINGLE,0,0,1,False,-1
632,DOUBLE,1,0,1,False,-1
633,DOUBLE,1,0,1,False,-1
634,DOUBLE,1,0,1,False,-1
635,SINGLE,0,0,1,False,-1
637,SINGLE,0,0,1,False,-1
638,DOUBLE,1,0,1,False,-1
639,DOUBLE,1,0,1,False,-1
640,DOUBLE,1,0,1,False,-1
641,DOUBLE,1,0,1,False,-1
642,SINGLE,0,0,1,False,-1
643,SINGLE,0,0,1,False,-1
644,SINGLE,0,0,1,False,-1
645,DOUBLE,1,0,1,False,-1
646,SINGLE,0,0,1,False,-1
647,DOUBLE,1,0,1,False,-1
649,SINGLE,0,0,1,False,-1
652,DOUBLE,1,0,1,False,-1
653,SINGLE,0,0,1,False,-1
654,DOUBLE,1,0,1,False,-1
655,DOUBLE,1,0,1,False,-1
656,SINGLE,0,0,1,False,-1
657,DOUBLE,1,0,1,False,-1
658,DOUBLE,1,0,1,False,-1
659,SINGLE,0,0,1,False,-1
660,DOUBLE,1,0,1,False,-1
661,SINGLE,0,0,1,False,-1
662,DOUBLE,1,0,1,False,-1
663,SINGLE,0,0,1,False,-1
664,DOUBLE,1,0,1,False,-1
665,DOUBLE,1,0,1,False,-1
666,DOUBLE,1,0,1,False,-1
667,DOUBLE,1,0,1,False,-1
668,DOUBLE,1,0,1,False,-1
669,SINGLE,0,0,1,False,-1
670,SINGLE,0,0,1,False,-1
671,SINGLE,0,0,1,False,-1
672,DOUBLE,1,0,1,False,-1
673,SINGLE,0,0,1,False,-1
674,SINGLE,0,0,1,False,-1
675,DOUBLE,1,0,1,False,-1
676,DOUBLE,1,0,1,False,-1
677,DOUBLE,1,0,1,False,-1
679,DOUBLE,1,0,1,False,-1
680,SINGLE,0,0,1,False,-1
681,SINGLE,0,0,1,False,-1
682,DOUBLE,1,0,1,False,-1
683,DOUBLE,1,0,1,False,-1
684,DOUBLE,1,0,1,False,-1
685,SINGLE,0,0,1,False,-1
686,SINGLE,0,0,1,False,-1
688,SINGLE,0,0,1,False,-1
689,SINGLE,0,0,1,False,-1
691,SINGLE,0,0,1,False,-1
692,SINGLE,0,0,1,False,-1
693,SINGLE,0,0,1,False,-1
694,DOUBLE,1,0,1,False,-1
695,SINGLE,0,0,1,False,-1
696,DOUBLE,1,0,1,False,-1
697,DOUBLE,1,0,1,False,-1
698,SINGLE,0,0,1,False,-1
699,DOUBLE,1,0,1,False,-1
700,SINGLE,0,0,1,False,-1
701,SINGLE,0,0,1,False,-1
702,SINGLE,0,0,1,False,-1
703,SINGLE,0,0,1,False,-1
704,DOUBLE,1,0,1,False,-1
706,SINGLE,0,0,1,False,-1
707,DOUBLE,1,0,1,False,-1
708,SINGLE,0,0,1,False,-1
710,DOUBLE,1,0,1,False,-1
711,SINGLE,0,0,1,False,-1
712,SINGLE,0,0,1,False,-1
713,DOUBLE,1,0,1,False,-1
714,DOUBLE,1,0,1,False,-1
715,SINGLE,0,0,1,False,-1
716,DOUBLE,1,0,1,False,-1
717,DOUBLE,1,0,1,False,-1
718,SINGLE,0,0,1,False,-1
719,DOUBLE,1,0,1,False,-1
720,SINGLE,0,0,1,False,-1
721,SINGLE,0,0,1,False,-1
722,DOUBLE,1,0,1,False,-1
723,DOUBLE,1,0,1,False,-1
725,DOUBLE,1,0,1,False,-1
726,DOUBLE,1,0,1,False,-1
727,SINGLE,0,0,1,False,-1
728,SINGLE,0,0,1,False,-1
729,SINGLE,0,0,1,False,-1
730,DOUBLE,1,0,1,False,-1
731,SINGLE,0,0,1,False,-1
732,DOUBLE,1,0,1,False,-1
733,SINGLE,0,0,1,False,-1
734,DOUBLE,1,0,1,False,-1
735,DOUBLE,1,0,1,False,-1
736,DOUBLE,1,0,1,False,-1
737,SINGLE,0,0,1,False,-1
738,DOUBLE,1,0,1,False,-1
739,DOUBLE,1,0,1,False,-1
740,DOUBLE,0,1,1,False,-1
741,SINGLE,0,0,1,False,-1
742,DOUBLE,1,0,1,False,-1
744,DOUBLE,1,0,1,False,-1
745,SINGLE,0,0,1,False,-1
746,SINGLE,0,0,1,False,-1
747,DOUBLE,1,0,1,False,-1
748,DOUBLE,1,0,1,False,-1
749,DOUBLE,1,0,1,False,-1
750,SINGLE,0,0,1,False,-1
751,SINGLE,0,0,1,False,-1
752,SINGLE,0,0,1,False,-1
753,DOUBLE,1,0,1,False,-1
754,DOUBLE,1,0,1,False,-1
755,SINGLE,0,0,1,False,-1
756,SINGLE,0,0,1,False,-1
757,SINGLE,0,0,1,False,-1
758,DOUBLE,1,0,1,False,-1
759,DOUBLE,1,0,1,False,-1
760,DOUBLE,1,0,1,False,-1
761,DOUBLE,1,0,1,False,-1
762,DOUBLE,1,0,1,False,-1
764,SINGLE,0,0,1,False,-1
765,SINGLE,0,0,1,False,-1
766,DOUBLE,1,0,1,False,-1
767,SINGLE,0,0,1,False,-1
768,SINGLE,0,0,1,False,-1
769,DOUBLE,1,0,1,False,-1
770,SINGLE,0,0,1,False,-1
771,SINGLE,0,0,1,False,-1
772,DOUBLE,1,0,1,False,-1
773,SINGLE,0,0,1,False,-1
774,DOUBLE,1,0,1,False,-1
775,SINGLE,0,0,1,False,-1
776,DOUBLE,1,0,1,False,-1
777,DOUBLE,1,0,1,False,-1
778,SINGLE,0,0,1,False,-1
779,DOUBLE,1,0,1,False,-1
781,SINGLE,0,0,1,False,-1
782,DOUBLE,1,0,1,False,-1
783,SINGLE,0,0,1,False,-1
784,DOUBLE,1,0,1,False,-1
785,DOUBLE,1,0,1,False,-1
786,DOUBLE,1,0,1,False,-1
787,DOUBLE,1,0,1,False,-1
788,SINGLE,0,0,1,False,-1
789,DOUBLE,1,0,1,False,-1
790,DOUBLE,1,0,1,False,-1
791,DOUBLE,1,0,1,False,-1
792,DOUBLE,1,0,1,False,-1
793,DOUBLE,1,0,1,False,-1
794,DOUBLE,1,0,1,False,-1
795,DOUBLE,1,0,1,False,-1
796,DOUBLE,1,0,1,False,-1
797,DOUBLE,1,0,1,False,-1
798,SINGLE,0,0,1,False,-1
799,DOUBLE,1,0,1,False,-1
800,DOUBLE,1,0,1,False,-1
801,DOUBLE,1,0,1,False,-1
802,DOUBLE,1,0,1,False,-1
803,DOUBLE,1,0,1,False,-1
804,DOUBLE,1,0,1,False,-1
805,SINGLE,0,0,1,False,-1
807,DOUBLE,1,0,1,False,-1
808,SINGLE,0,0,1,False,-1
809,DOUBLE,1,0,1,False,-1
811,DOUBLE,1,0,1,False,-1
812,DOUBLE,1,0,1,False,-1
813,DOUBLE,1,0,1,False,-1
814,DOUBLE,1,0,1,False,-1
815,DOUBLE,1,0,1,False,-1
816,DOUBLE,1,0,1,False,-1
818,DOUBLE,1,0,1,False,-1
819,DOUBLE,1,0,1,False,-1
820,DOUBLE,1,0,1,False,-1
821,SINGLE,0,0,1,False,-1
822,DOUBLE,1,0,1,False,-1
824,DOUBLE,1,0,1,False,-1
826,SINGLE,0,0,1,False,-1
827,SINGLE,0,0,1,False,-1
828,DOUBLE,1,0,1,False,-1
829,SINGLE,0,0,1,False,-1
830,DOUBLE,1,0,1,False,-1
831,DOUBLE,1,0,1,False,-1
832,DOUBLE,1,0,1,False,-1
833,SINGLE,0,0,1,False,-1
834,DOUBLE,1,0,1,False,-1
835,DOUBLE,1,0,1,False,-1
836,SINGLE,0,0,1,False,-1
837,DOUBLE,1,0,1,False,-1
838,DOUBLE,1,0,1,False,-1
839,DOUBLE,1,0,1,False,-1
840,SINGLE,0,0,1,False,-1
841,DOUBLE,1,0,1,False,-1
842,DOUBLE,1,0,1,False,-1
843,DOUBLE,1,0,1,False,-1
844,DOUBLE,1,0,1,False,-1
845,DOUBLE,1,0,1,False,-1
846,DOUBLE,1,0,1,False,-1
847,DOUBLE,1,0,1,False,-1
848,DOUBLE,1,0,1,False,-1
849,DOUBLE,1,0,1,False,-1
850,DOUBLE,1,0,1,False,-1
851,SINGLE,0,0,1,False,-1
852,DOUBLE,1,0,1,False,-1
853,DOUBLE,1,0,1,False,-1
854,DOUBLE,1,0,1,False,-1
855,SINGLE,0,0,1,False,-1
856,DOUBLE,1,0,1,False,-1
857,SINGLE,0,0,1,False,-1
858,SINGLE,0,0,1,False,-1
859,DOUBLE,1,0,1,False,-1
860,DOUBLE,1,0,1,False,-1
861,DOUBLE,1,0,1,False,-1
862,DOUBLE,1,0,1,False,-1
863,SINGLE,0,0,1,False,-1
864,DOUBLE,1,0,1,False,-1
866,SINGLE,0,0,1,False,-1
867,DOUBLE,1,0,1,False,-1
868,DOUBLE,1,0,1,False,-1
869,DOUBLE,1,0,1,False,-1
871,SINGLE,0,0,1,False,-1
872,DOUBLE,1,0,1,False,-1
873,DOUBLE,1,0,1,False,-1
874,DOUBLE,1,0,1,False,-1
875,SINGLE,0,0,1,False,-1
876,DOUBLE,1,0,1,False,-1
877,DOUBLE,1,0,1,False,-1
878,SINGLE,0,0,1,False,-1
879,DOUBLE,1,0,1,False,-1
880,DOUBLE,1,0,1,False,-1
881,DOUBLE,1,0,1,False,-1
882,SINGLE,0,0,1,False,-1
883,DOUBLE,1,0,1,False,-1
884,SINGLE,0,0,1,False,-1
885,DOUBLE,1,0,1,False,-1
886,DOUBLE,1,0,1,False,-1
887,SINGLE,0,0,1,False,-1
888,DOUBLE,1,0,1,False,-1
890,DOUBLE,1,0,1,False,-1
891,DOUBLE,1,0,1,False,-1
892,DOUBLE,1,0,1,False,-1
893,DOUBLE,1,0,1,False,-1
894,SINGLE,0,0,1,False,-1
895,SINGLE,0,0,1,False,-1
896,DOUBLE,1,0,1,False,-1
897,SINGLE,0,0,1,False,-1
898,DOUBLE,1,0,1,False,-1
899,SINGLE,0,0,1,False,-1
900,DOUBLE,1,0,1,False,-1
901,SINGLE,0,0,1,False,-1
902,SINGLE,0,0,1,False,-1
903,DOUBLE,1,0,1,False,-1
904,DOUBLE,1,0,1,False,-1
905,DOUBLE,1,0,1,False,-1
906,DOUBLE,1,0,1,False,-1
907,DOUBLE,1,0,1,False,-1
910,SINGLE,0,0,1,False,-1
912,DOUBLE,1,0,1,False,-1
913,DOUBLE,1,0,1,False,-1
914,DOUBLE,1,0,1,False,-1
915,SINGLE,0,0,1,False,-1
916,DOUBLE,1,0,1,False,-1
917,SINGLE,0,0,1,False,-1
918,DOUBLE,1,0,1,False,-1
920,SINGLE,0,0,1,False,-1
921,DOUBLE,1,0,1,False,-1
922,SINGLE,0,0,1,False,-1
923,SINGLE,0,0,1,False,-1
924,SINGLE,0,0,1,False,-1
925,DOUBLE,1,0,1,False,-1
926,DOUBLE,1,0,1,False,-1
927,SINGLE,0,0,1,False,-1
928,SINGLE,0,0,1,False,-1
929,DOUBLE,1,0,1,False,-1
930,DOUBLE,1,0,1,False,-1
931,DOUBLE,1,0,1,False,-1
932,DOUBLE,1,0,1,False,-1
934,SINGLE,0,0,1,False,-1
935,DOUBLE,1,0,1,False,-1
936,SINGLE,0,0,1,False,-1
937,SINGLE,0,0,1,False,-1
938,DOUBLE,1,0,1,False,-1
940,SINGLE,0,0,1,False,-1
941,DOUBLE,1,0,1,False,-1
942,DOUBLE,1,0,1,False,-1
944,DOUBLE,1,0,1,False,-1
946,DOUBLE,1,0,1,False,-1
947,SINGLE,0,0,1,False,-1
948,SINGLE,0,0,1,False,-1
949,DOUBLE,1,0,1,False,-1
950,SINGLE,0,0,1,False,-1
953,SINGLE,0,0,1,False,-1
954,DOUBLE,1,0,1,False,-1
955,DOUBLE,1,0,1,False,-1
956,DOUBLE,1,0,1,False,-1
957,SINGLE,0,0,1,False,-1
960,DOUBLE,1,0,1,False,-1
961,SINGLE,0,0,1,False,-1
962,DOUBLE,1,0,1,False,-1
963,DOUBLE,1,0,1,False,-1
964,DOUBLE,1,0,1,False,-1
965,DOUBLE,1,0,1,False,-1
966,DOUBLE,1,0,1,False,-1
967,DOUBLE,1,0,1,False,-1
968,SINGLE,0,0,1,False,-1
969,SINGLE,0,0,1,False,-1
970,DOUBLE,1,0,1,False,-1
971,DOUBLE,1,0,1,False,-1
972,SINGLE,0,0,1,False,-1
973,SINGLE,0,0,1,False,-1
974,SINGLE,0,0,1,False,-1
975,SINGLE,0,0,1,False,-1
976,DOUBLE,1,0,1,False,-1
979,DOUBLE,1,0,1,False,-1
980,DOUBLE,1,0,1,False,-1
981,DOUBLE,1,0,1,False,-1
982,SINGLE,0,0,1,False,-1
983,DOUBLE,1,0,1,False,-1
984,SINGLE,0,0,1,False,-1
985,DOUBLE,1,0,1,False,-1
986,DOUBLE,1,0,1,False,-1
987,SINGLE,0,0,1,False,-1
988,DOUBLE,1,0,1,False,-1
989,DOUBLE,1,0,1,False,-1
990,SINGLE,0,0,1,False,-1
991,SINGLE,0,0,1,False,-1
992,SINGLE,0,0,1,False,-1
994,SINGLE,0,0,1,False,-1
995,DOUBLE,1,0,1,False,-1
996,DOUBLE,1,0,1,False,-1
997,SINGLE,0,0,1,False,-1
998,DOUBLE,1,0,1,False,-1
999,DOUBLE,1,0,1,False,-1
1000,DOUBLE,1,0,1,False,-1
1001,DOUBLE,1,0,1,False,-1
1002,DOUBLE,1,0,1,False,-1
1003,DOUBLE,1,0,1,False,-1
1004,SINGLE,0,0,1,False,-1
1005,DOUBLE,1,0,1,False,-1
1006,DOUBLE,1,0,1,False,-1
1007,DOUBLE,1,0,1,False,-1
1008,SINGLE,0,0,1,False,-1
1009,DOUBLE,1,0,1,False,-1
1010,SINGLE,0,0,1,False,-1
1011,DOUBLE,1,0,1,False,-1
1012,DOUBLE,1,0,1,False,-1
1013,DOUBLE,1,0,1,False,-1
1014,SINGLE,0,0,1,False,-1
1015,SINGLE,0,0,1,False,-1
1016,DOUBLE,1,0,1,False,-1
1017,SINGLE,0,0,1,False,-1
1018,SINGLE,0,0,1,False,-1
1019,SINGLE,0,0,1,False,-1
1020,SINGLE,0,0,1,False,-1
1021,SINGLE,0,0,1,False,-1
1022,DOUBLE,1,0,1,False,-1
1023,SINGLE,0,0,1,False,-1
1025,DOUBLE,1,0,1,False,-1
1026,SINGLE,0,0,1,False,-1
1027,DOUBLE,1,0,1,False,-1
1028,SINGLE,0,0,1,False,-1
1029,DOUBLE,1,0,1,False,-1
1030,SINGLE,0,0,1,False,-1
1031,DOUBLE,1,0,1,False,-1
1032,DOUBLE,1,0,1,False,-1
1033,SINGLE,0,0,1,False,-1
1034,DOUBLE,1,0,1,False,-1
1035,DOUBLE,1,0,1,False,-1
1036,DOUBLE,1,0,1,False,-1
1037,SINGLE,0,0,1,False,-1
1038,DOUBLE,1,0,1,False,-1
1039,DOUBLE,1,0,1,False,-1
1040,SINGLE,0,0,1,False,-1
1041,SINGLE,0,0,1,False,-1
1042,DOUBLE,1,0,1,False,-1
1043,SINGLE,0,0,1,False,-1
1044,DOUBLE,1,0,1,False,-1
1045,DOUBLE,1,0,1,False,-1
1046,DOUBLE,1,0,1,False,-1
1047,DOUBLE,1,0,1,False,-1
1048,SINGLE,0,0,1,False,-1
1049,DOUBLE,1,0,1,False,-1
1050,SINGLE,0,0,1,False,-1
1051,SINGLE,0,0,1,False,-1
1052,DOUBLE,1,0,1,False,-1
1053,SINGLE,0,0,1,False,-1
1054,DOUBLE,1,0,1,False,-1
1055,SINGLE,0,0,1,False,-1
1057,DOUBLE,1,0,1,False,-1
1058,SINGLE,0,0,1,False,-1
1059,SINGLE,0,0,1,False,-1
1060,DOUBLE,1,0,1,False,-1
1061,DOUBLE,1,0,1,False,-1
1062,DOUBLE,1,0,1,False,-1
1063,DOUBLE,1,0,1,False,-1
1064,DOUBLE,1,0,1,False,-1
1065,DOUBLE,1,0,1,False,-1
1066,DOUBLE,1,0,1,False,-1
1067,SINGLE,0,0,1,False,-1
1068,DOUBLE,1,0,1,False,-1
1069,DOUBLE,1,0,1,False,-1
1070,SINGLE,0,0,1,False,-1
1071,DOUBLE,1,0,1,False,-1
1072,DOUBLE,1,0,1,False,-1
1073,SINGLE,0,0,1,False,-1
1074,DOUBLE,1,0,1,False,-1
1075,DOUBLE,1,0,1,False,-1
1076,DOUBLE,1,0,1,False,-1
1077,DOUBLE,1,0,1,False,-1
1078,DOUBLE,1,0,1,False,-1
1079,DOUBLE,1,0,1,False,-1
1080,DOUBLE,1,0,1,False,-1
1081,SINGLE,0,0,1,False,-1
1082,SINGLE,0,0,1,False,-1
1083,SINGLE,0,0,1,False,-1
1084,SINGLE,0,0,1,False,-1
1085,DOUBLE,1,0,1,False,-1
1087,DOUBLE,1,0,1,False,-1
1088,DOUBLE,1,0,1,False,-1
1089,DOUBLE,1,0,1,False,-1
1090,DOUBLE,1,0,1,False,-1
1092,SINGLE,0,0,1,False,-1
1093,SINGLE,0,0,1,False,-1
1094,SINGLE,0,0,1,False,-1
1095,DOUBLE,1,0,1,False,-1
1096,DOUBLE,1,0,1,False,-1
1097,DOUBLE,1,0,1,False,-1
1098,SINGLE,0,0,1,False,-1
1099,DOUBLE,1,0,1,False,-1
1100,DOUBLE,1,0,1,False,-1
1101,SINGLE,0,0,1,False,-1
1102,SINGLE,0,0,1,False,-1
1103,DOUBLE,1,0,1,False,-1
1104,DOUBLE,1,0,1,False,-1
1105,DOUBLE,1,0,1,False,-1
1106,DOUBLE,1,0,1,False,-1
1107,DOUBLE,1,0,1,False,-1
1108,DOUBLE,1,0,1,False,-1
1110,DOUBLE,1,0,1,False,-1
1111,DOUBLE,1,0,1,False,-1
1112,SINGLE,0,0,1,False,-1
1113,DOUBLE,1,0,1,False,-1
1114,DOUBLE,1,0,1,False,-1
1115,DOUBLE,1,0,1,False,-1
1116,DOUBLE,1,0,1,False,-1
1117,DOUBLE,1,0,1,False,-1
1118,DOUBLE,1,0,1,False,-1
1119,DOUBLE,1,0,1,False,-1
1120,SINGLE,0,0,1,False,-1
1121,SINGLE,0,0,1,False,-1
1122,DOUBLE,1,0,1,False,-1
1124,DOUBLE,1,0,1,False,-1
1125,DOUBLE,1,0,1,False,-1
1126,SINGLE,0,0,1,False,-1
1127,DOUBLE,1,0,1,False,-1
1128,DOUBLE,1,0,1,False,-1
1130,DOUBLE,1,0,1,False,-1
1131,DOUBLE,1,0,1,False,-1
1133,DOUBLE,0,1,1,False,-1
1134,DOUBLE,1,0,1,False,-1
1135,DOUBLE,1,0,1,False,-1
1136,SINGLE,0,0,1,False,-1
1137,SINGLE,0,0,1,False,-1
1138,SINGLE,0,0,1,False,-1
1139,SINGLE,0,0,1,False,-1
1140,SINGLE,0,0,1,False,-1
1141,DOUBLE,1,0,1,False,-1
1142,DOUBLE,1,0,1,False,-1
1143,DOUBLE,1,0,1,False,-1
1146,SINGLE,0,0,1,False,-1
1147,DOUBLE,1,0,1,False,-1
1149,DOUBLE,1,0,1,False,-1
1150,SINGLE,0,0,1,False,-1
1151,SINGLE,0,0,1,False,-1
1152,SINGLE,0,0,1,False,-1
1153,SINGLE,0,0,1,False,-1
1154,DOUBLE,1,0,1,False,-1
1155,DOUBLE,1,0,1,False,-1
1156,DOUBLE,1,0,1,False,-1
1157,DOUBLE,1,0,1,False,-1
1158,SINGLE,0,0,1,False,-1
1160,DOUBLE,1,0,1,False,-1
1161,DOUBLE,1,0,1,False,-1
1162,DOUBLE,1,0,1,False,-1
1163,SINGLE,0,0,1,False,-1
1164,SINGLE,0,0,1,False,-1
1165,DOUBLE,1,0,1,False,-1
1166,DOUBLE,1,0,1,False,-1
1167,DOUBLE,1,0,1,False,-1
1168,DOUBLE,1,0,1,False,-1
1169,DOUBLE,1,0,1,False,-1
1171,DOUBLE,1,0,1,False,-1
1172,SINGLE,0,0,1,False,-1
1173,SINGLE,0,0,1,False,-1
1174,SINGLE,0,0,1,False,-1
1175,DOUBLE,1,0,1,False,-1
1176,DOUBLE,1,0,1,False,-1
1177,DOUBLE,1,0,1,False,-1
1178,DOUBLE,1,0,1,False,-1
1179,SINGLE,0,0,1,False,-1
1180,DOUBLE,1,0,1,False,-1
1181,DOUBLE,1,0,1,False,-1
1182,SINGLE,0,0,1,False,-1
1183,DOUBLE,1,0,1,False,-1
1184,DOUBLE,1,0,1,False,-1
1185,SINGLE,0,0,1,False,-1
1186,DOUBLE,1,0,1,False,-1
1187,SINGLE,0,0,1,False,-1
1188,SINGLE,0,0,1,False,-1
1189,DOUBLE,1,0,1,False,-1
1190,DOUBLE,1,0,1,False,-1
1191,SINGLE,0,0,1,False,-1
1192,SINGLE,0,0,1,False,-1
1193,DOUBLE,1,0,1,False,-1
1194,SINGLE,0,0,1,False,-1
1195,DOUBLE,1,0,1,False,-1
1196,DOUBLE,1,0,1,False,-1
1197,DOUBLE,1,0,1,False,-1
1198,DOUBLE,1,0,1,False,-1
1199,DOUBLE,1,0,1,False,-1
1200,SINGLE,0,0,1,False,-1
1201,DOUBLE,1,0,1,False,-1
1202,DOUBLE,1,0,1,False,-1
1203,DOUBLE,1,0,1,False,-1
1204,DOUBLE,1,0,1,False,-1
1205,DOUBLE,1,0,1,False,-1
1206,DOUBLE,1,0,1,False,-1
1207,SINGLE,0,0,1,False,-1
1208,SINGLE,0,0,1,False,-1
1209,DOUBLE,1,0,1,False,-1
1210,DOUBLE,1,0,1,False,-1
1211,DOUBLE,1,0,1,False,-1
1212,DOUBLE,1,0,1,False,-1
1213,DOUBLE,1,0,1,False,-1
1215,SINGLE,0,0,1,False,-1
1216,DOUBLE,1,0,1,False,-1
1217,DOUBLE,1,0,1,False,-1
1218,SINGLE,0,0,1,False,-1
1219,DOUBLE,1,0,1,False,-1
1220,SINGLE,0,0,1,False,-1
1221,DOUBLE,1,0,1,False,-1
1222,DOUBLE,1,0,1,False,-1
1223,DOUBLE,1,0,1,False,-1
1224,SINGLE,0,0,1,False,-1
1225,SINGLE,0,0,1,False,-1
1226,DOUBLE,1,0,1,False,-1
1227,SINGLE,0,0,1,False,-1
1229,DOUBLE,1,0,1,False,-1
1230,SINGLE,0,0,1,False,-1
1232,DOUBLE,1,0,1,False,-1
1233,SINGLE,0,0,1,False,-1
1234,SINGLE,0,0,1,False,-1
1235,DOUBLE,1,0,1,False,-1
1236,SINGLE,0,0,1,False,-1
1237,DOUBLE,1,0,1,False,-1
1238,DOUBLE,1,0,1,False,-1
1239,SINGLE,0,0,1,False,-1
1240,SINGLE,0,0,1,False,-1
1241,SINGLE,0,0,1,False,-1
1242,DOUBLE,1,0,1,False,-1
1243,SINGLE,0,0,1,False,-1
1244,DOUBLE,1,0,1,False,-1
1245,DOUBLE,1,0,1,False,-1
1246,SINGLE,0,0,1,False,-1
1247,SINGLE,0,0,1,False,-1
1248,SINGLE,0,0,1,False,-1
1249,SINGLE,0,0,1,False,-1
1250,SINGLE,0,0,1,False,-1
1251,DOUBLE,1,0,1,False,-1
1252,DOUBLE,1,0,1,False,-1
1253,DOUBLE,1,0,1,False,-1
1254,DOUBLE,1,0,1,False,-1
1255,SINGLE,0,0,1,False,-1
1256,SINGLE,0,0,1,False,-1
1257,SINGLE,0,0,1,False,-1
1258,DOUBLE,0,1,1,False,-1
1260,DOUBLE,1,0,1,False,-1
1261,DOUBLE,1,0,1,False,-1
1262,DOUBLE,1,0,1,False,-1
1264,DOUBLE,1,0,1,False,-1
1265,SINGLE,0,0,1,False,-1
1266,SINGLE,0,0,1,False,-1
1269,SINGLE,0,0,1,False,-1
1270,SINGLE,0,0,1,False,-1
1271,SINGLE,0,0,1,False,-1
1272,DOUBLE,1,0,1,False,-1
1273,DOUBLE,1,0,1,False,-1
1274,SINGLE,0,0,1,False,-1
1275,DOUBLE,1,0,1,False,-1
1276,SINGLE,0,0,1,False,-1
1277,DOUBLE,1,0,1,False,-1
1278,DOUBLE,1,0,1,False,-1
1279,DOUBLE,1,0,1,False,-1
1280,DOUBLE,1,0,1,False,-1
1281,SINGLE,0,0,1,False,-1
1283,SINGLE,0,0,1,False,-1
1284,SINGLE,0,0,1,False,-1
1285,SINGLE,0,0,1,False,-1
1286,SINGLE,0,0,1,False,-1
1287,DOUBLE,1,0,1,False,-1
1288,SINGLE,0,0,1,False,-1
1289,SINGLE,0,0,1,False,-1
1290,DOUBLE,1,0,1,False,-1
1291,SINGLE,0,0,1,False,-1
1292,DOUBLE,1,0,1,False,-1
1293,DOUBLE,1,0,1,False,-1
1294,SINGLE,0,0,1,False,-1
1296,DOUBLE,1,0,1,False,-1
1297,SINGLE,0,0,1,False,-1
1298,DOUBLE,1,0,1,False,-1
1299,DOUBLE,1,0,1,False,-1
1300,SINGLE,0,0,1,False,-1
1301,DOUBLE,1,0,1,False,-1
1303,DOUBLE,1,0,1,False,-1
1304,DOUBLE,1,0,1,False,-1
1305,DOUBLE,1,0,1,False,-1
1306,SINGLE,0,0,1,False,-1
1308,DOUBLE,1,0,1,False,-1
1309,DOUBLE,1,0,1,False,-1
1310,DOUBLE,1,0,1,False,-1
1311,DOUBLE,1,0,1,False,-1
1312,DOUBLE,1,0,1,False,-1
1313,SINGLE,0,0,1,False,-1
1314,DOUBLE,1,0,1,False,-1
1315,DOUBLE,1,0,1,False,-1
1316,DOUBLE,1,0,1,False,-1
1317,DOUBLE,1,0,1,False,-1
1318,DOUBLE,1,0,1,False,-1
1319,SINGLE,0,0,1,False,-1
1320,SINGLE,0,0,1,False,-1
1321,SINGLE,0,0,1,False,-1
1322,SINGLE,0,0,1,False,-1
1323,SINGLE,0,0,1,False,-1
1325,DOUBLE,1,0,1,False,-1
1326,DOUBLE,1,0,1,False,-1
1327,SINGLE,0,0,1,False,-1
1328,DOUBLE,1,0,1,False,-1
1329,DOUBLE,1,0,1,False,-1
1330,DOUBLE,1,0,1,False,-1
1331,SINGLE,0,0,1,False,-1
1332,DOUBLE,1,0,1,False,-1
1333,DOUBLE,1,0,1,False,-1
1334,DOUBLE,1,0,1,False,-1
1335,DOUBLE,1,0,1,False,-1
1336,SINGLE,0,0,1,False,-1
1337,DOUBLE,1,0,1,False,-1
1338,SINGLE,0,0,1,False,-1
1339,DOUBLE,1,0,1,False,-1
1340,DOUBLE,1,0,1,False,-1
1341,SINGLE,0,0,1,False,-1
1342,DOUBLE,1,0,1,False,-1
1343,DOUBLE,1,0,1,False,-1
1344,SINGLE,0,0,1,False,-1
1345,DOUBLE,1,0,1,False,-1
1346,DOUBLE,1,0,1,False,-1
1347,SINGLE,0,0,1,False,-1
1348,DOUBLE,1,0,1,False,-1
1349,SINGLE,0,0,1,False,-1
1351,DOUBLE,1,0,1,False,-1
1352,DOUBLE,1,0,1,False,-1
1353,SINGLE,0,0,1,False,-1
1354,SINGLE,0,0,1,False,-1
1355,SINGLE,0,0,1,False,-1
1356,DOUBLE,1,0,1,False,-1
1357,DOUBLE,1,0,1,False,-1
1358,DOUBLE,1,0,1,False,-1
1359,DOUBLE,1,0,1,False,-1
1360,DOUBLE,1,0,1,False,-1
1361,SINGLE,0,0,1,False,-1
1362,DOUBLE,1,0,1,False,-1
1363,DOUBLE,1,0,1,False,-1
1364,SINGLE,0,0,1,False,-1
1365,DOUBLE,1,0,1,False,-1
1367,SINGLE,0,0,1,False,-1
1368,SINGLE,0,0,1,False,-1
1369,SINGLE,0,0,1,False,-1
1370,DOUBLE,1,0,1,False,-1
1371,SINGLE,0,0,1,False,-1
1372,DOUBLE,1,0,1,False,-1
1373,DOUBLE,1,0,1,False,-1
1374,DOUBLE,1,0,1,False,-1
1375,DOUBLE,1,0,1,False,-1
1376,DOUBLE,1,0,1,False,-1
1377,DOUBLE,1,0,1,False,-1
1379,DOUBLE,1,0,1,False,-1
1380,SINGLE,0,0,1,False,-1
1381,SINGLE,0,0,1,False,-1
1382,SINGLE,0,0,1,False,-1
1383,SINGLE,0,0,1,False,-1
1384,SINGLE,0,0,1,False,-1
1385,DOUBLE,1,0,1,False,-1
1386,SINGLE,0,0,1,False,-1
1387,SINGLE,0,0,1,False,-1
1388,DOUBLE,1,0,1,False,-1
1389,DOUBLE,1,0,1,False,-1
1390,DOUBLE,1,0,1,False,-1
1391,DOUBLE,1,0,1,False,-1
1392,DOUBLE,1,0,1,False,-1
1394,DOUBLE,1,0,1,False,-1
1395,DOUBLE,1,0,1,False,-1
1396,DOUBLE,1,0,1,False,-1
1397,DOUBLE,1,0,1,False,-1
1398,SINGLE,0,0,1,False,-1
1399,SINGLE,0,0,1,False,-1
1400,SINGLE,0,0,1,False,-1
1401,SINGLE,0,0,1,False,-1
1402,SINGLE,0,0,1,False,-1
1403,DOUBLE,1,0,1,False,-1
1404,SINGLE,0,0,1,False,-1
1405,DOUBLE,1,0,1,False,-1
1406,DOUBLE,1,0,1,False,-1
1407,DOUBLE,1,0,1,False,-1
1408,DOUBLE,1,0,1,False,-1
1409,DOUBLE,1,0,1,False,-1
1410,DOUBLE,1,0,1,False,-1
1411,SINGLE,0,0,1,False,-1
1412,DOUBLE,1,0,1,False,-1
1413,DOUBLE,1,0,1,False,-1
1414,SINGLE,0,0,1,False,-1
1415,DOUBLE,1,0,1,False,-1
1416,SINGLE,0,0,1,False,-1
1417,SINGLE,0,0,1,False,-1
1418,DOUBLE,1,0,1,False,-1
1419,DOUBLE,1,0,1,False,-1
1420,DOUBLE,1,0,1,False,-1
1421,DOUBLE,1,0,1,False,-1
1423,DOUBLE,1,0,1,False,-1
1424,DOUBLE,1,0,1,False,-1
1425,DOUBLE,1,0,1,False,-1
1426,DOUBLE,1,0,1,False,-1
1428,DOUBLE,1,0,1,False,-1
1430,SINGLE,0,0,1,False,-1
1431,DOUBLE,1,0,1,False,-1
1432,SINGLE,0,0,1,False,-1
1433,DOUBLE,1,0,1,False,-1
1435,DOUBLE,1,0,1,False,-1
1436,DOUBLE,0,1,1,False,-1
1437,DOUBLE,1,0,1,False,-1
1438,DOUBLE,1,0,1,False,-1
1439,SINGLE,0,0,1,False,-1
1440,DOUBLE,1,0,1,False,-1
1441,SINGLE,0,0,1,False,-1
1442,SINGLE,0,0,1,False,-1
1443,DOUBLE,1,0,1,False,-1
1444,DOUBLE,1,0,1,False,-1
1445,DOUBLE,1,0,1,False,-1
1446,SINGLE,0,0,1,False,-1
1447,SINGLE,0,0,1,False,-1
1448,DOUBLE,1,0,1,False,-1
1449,DOUBLE,1,0,1,False,-1
1450,DOUBLE,1,0,1,False,-1
1451,DOUBLE,1,0,1,False,-1
1452,DOUBLE,1,0,1,False,-1
1453,DOUBLE,1,0,1,False,-1
1454,SINGLE,0,0,1,False,-1
1455,SINGLE,0,0,1,False,-1
1456,DOUBLE,1,0,1,False,-1
1457,DOUBLE,1,0,1,False,-1
1458,DOUBLE,0,1,1,False,-1
1459,DOUBLE,1,0,1,False,-1
1460,SINGLE,0,0,1,False,-1
1462,SINGLE,0,0,1,False,-1
1463,DOUBLE,1,0,1,False,-1
1464,SINGLE,0,0,1,False,-1
1465,SINGLE,0,0,1,False,-1
1467,DOUBLE,1,0,1,False,-1
1469,SINGLE,0,0,1,False,-1
1471,DOUBLE,1,0,1,False,-1
1472,SINGLE,0,0,1,False,-1
1473,SINGLE,0,0,1,False,-1
1474,DOUBLE,1,0,1,False,-1
1475,DOUBLE,1,0,1,False,-1
1476,SINGLE,0,0,1,False,-1
1477,SINGLE,0,0,1,False,-1
1478,SINGLE,0,0,1,False,-1
1479,SINGLE,0,0,1,False,-1
1480,DOUBLE,1,0,1,False,-1
1481,SINGLE,0,0,1,False,-1
1482,DOUBLE,1,0,1,False,-1
1483,DOUBLE,1,0,1,False,-1
1485,DOUBLE,1,0,1,False,-1
1486,SINGLE,0,0,1,False,-1
1487,DOUBLE,1,0,1,False,-1
1489,DOUBLE,1,0,1,False,-1
1491,DOUBLE,1,0,1,False,-1
1492,DOUBLE,1,0,1,False,-1
1493,SINGLE,0,0,1,False,-1
1494,SINGLE,0,0,1,False,-1
1495,SINGLE,0,0,1,False,-1
1496,SINGLE,0,0,1,False,-1
1497,SINGLE,0,0,1,False,-1
1498,DOUBLE,1,0,1,False,-1
1499,SINGLE,0,0,1,False,-1
1500,SINGLE,0,0,1,False,-1
1501,SINGLE,0,0,1,False,-1
1502,SINGLE,0,0,1,False,-1
1503,DOUBLE,1,0,1,False,-1
1504,DOUBLE,1,0,1,False,-1
1505,DOUBLE,1,0,1,False,-1
1506,SINGLE,0,0,1,False,-1
1508,SINGLE,0,0,1,False,-1
1509,DOUBLE,1,0,1,False,-1
1510,DOUBLE,0,1,1,False,-1
1511,DOUBLE,1,0,1,False,-1
1512,SINGLE,0,0,1,False,-1
1513,SINGLE,0,0,1,False,-1
1514,DOUBLE,1,0,1,False,-1
1515,DOUBLE,1,0,1,False,-1
1516,DOUBLE,1,0,1,False,-1
1518,DOUBLE,1,0,1,False,-1
1519,DOUBLE,1,0,1,False,-1
1520,DOUBLE,1,0,1,False,-1
1521,DOUBLE,1,0,1,False,-1
1522,DOUBLE,1,0,1,False,-1
1523,SINGLE,0,0,1,False,-1
1524,DOUBLE,1,0,1,False,-1
1525,DOUBLE,1,0,1,False,-1
1526,DOUBLE,1,0,1,False,-1
1527,DOUBLE,1,0,1,False,-1
1528,DOUBLE,1,0,1,False,-1
1529,DOUBLE,1,0,1,False,-1
1530,DOUBLE,1,0,1,False,-1
1532,DOUBLE,1,0,1,False,-1
1533,DOUBLE,1,0,1,False,-1
1534,DOUBLE,1,0,1,False,-1
1535,DOUBLE,1,0,1,False,-1
1536,DOUBLE,1,0,1,False,-1
1537,SINGLE,0,0,1,False,-1
1539,DOUBLE,1,0,1,False,-1
1540,SINGLE,0,0,1,False,-1
1541,DOUBLE,1,0,1,False,-1
1542,SINGLE,0,0,1,False,-1
1543,DOUBLE,1,0,1,False,-1
1544,DOUBLE,1,0,1,False,-1
1545,DOUBLE,1,0,1,False,-1
1547,DOUBLE,1,0,1,False,-1
1548,SINGLE,0,0,1,False,-1
1549,SINGLE,0,0,1,False,-1
1550,SINGLE,0,0,1,False,-1
1551,SINGLE,0,0,1,False,-1
1552,DOUBLE,1,0,1,False,-1
1553,DOUBLE,1,0,1,False,-1
1554,DOUBLE,1,0,1,False,-1
1555,SINGLE,0,0,1,False,-1
1556,DOUBLE,1,0,1,False,-1
1557,DOUBLE,1,0,1,False,-1
1558,DOUBLE,1,0,1,False,-1
1559,SINGLE,0,0,1,False,-1
1560,SINGLE,0,0,1,False,-1
1561,DOUBLE,1,0,1,False,-1
1562,SINGLE,0,0,1,False,-1
1563,DOUBLE,1,0,1,False,-1
1564,DOUBLE,1,0,1,False,-1
1566,SINGLE,0,0,1,False,-1
1567,DOUBLE,1,0,1,False,-1
1568,SINGLE,0,0,1,False,-1
1569,DOUBLE,1,0,1,False,-1
1570,DOUBLE,1,0,1,False,-1
1571,SINGLE,0,0,1,False,-1
1572,SINGLE,0,0,1,False,-1
1573,SINGLE,0,0,1,False,-1
1574,SINGLE,0,0,1,False,-1
1575,SINGLE,0,0,1,False,-1
1576,DOUBLE,1,0,1,False,-1
1577,DOUBLE,1,0,1,False,-1
1578,DOUBLE,1,0,1,False,-1
1579,SINGLE,0,0,1,False,-1
1580,DOUBLE,1,0,1,False,-1
1581,DOUBLE,1,0,1,False,-1
1582,SINGLE,0,0,1,False,-1
1583,SINGLE,0,0,1,False,-1
1584,DOUBLE,1,0,1,False,-1
1585,DOUBLE,1,0,1,False,-1
1586,DOUBLE,1,0,1,False,-1
1587,SINGLE,0,0,1,False,-1
1588,DOUBLE,1,0,1,False,-1
1589,SINGLE,0,0,1,False,-1
1590,DOUBLE,1,0,1,False,-1
1591,DOUBLE,1,0,1,False,-1
1592,SINGLE,0,0,1,False,-1
1593,DOUBLE,1,0,1,False,-1
1594,DOUBLE,1,0,1,False,-1
1595,DOUBLE,1,0,1,False,-1
1596,DOUBLE,1,0,1,False,-1
1597,DOUBLE,1,0,1,False,-1
1598,DOUBLE,1,0,1,False,-1
1599,DOUBLE,1,0,1,False,-1
1600,SINGLE,0,0,1,False,-1
1601,DOUBLE,1,0,1,False,-1
1602,SINGLE,0,0,1,False,-1
1603,SINGLE,0,0,1,False,-1
1604,DOUBLE,1,0,1,False,-1
1605,SINGLE,0,0,1,False,-1
1606,SINGLE,0,0,1,False,-1
1607,SINGLE,0,0,1,False,-1
1608,DOUBLE,1,0,1,False,-1
1609,DOUBLE,1,0,1,False,-1
1610,SINGLE,0,0,1,False,-1
1611,DOUBLE,1,0,1,False,-1
1612,DOUBLE,1,0,1,False,-1
1613,DOUBLE,1,0,1,False,-1
1614,DOUBLE,1,0,1,False,-1
1615,SINGLE,0,0,1,False,-1
1616,DOUBLE,1,0,1,False,-1
1617,DOUBLE,1,0,1,False,-1
1618,SINGLE,0,0,1,False,-1
1619,DOUBLE,1,0,1,False,-1
1620,DOUBLE,1,0,1,False,-1
1621,SINGLE,0,0,1,False,-1
1622,SINGLE,0,0,1,False,-1
1623,DOUBLE,1,0,1,False,-1
1624,SINGLE,0,0,1,False,-1
1625,SINGLE,0,0,1,False,-1
1626,DOUBLE,1,0,1,False,-1
1628,DOUBLE,1,0,1,False,-1
1629,DOUBLE,1,0,1,False,-1
1631,SINGLE,0,0,1,False,-1
1632,DOUBLE,1,0,1,False,-1
1633,DOUBLE,1,0,1,False,-1
1635,DOUBLE,1,0,1,False,-1
1636,SINGLE,0,0,1,False,-1
1638,DOUBLE,1,0,1,False,-1
1639,DOUBLE,1,0,1,False,-1
1640,SINGLE,0,0,1,False,-1
1641,SINGLE,0,0,1,False,-1
1642,SINGLE,0,0,1,False,-1
1643,DOUBLE,1,0,1,False,-1
1644,SINGLE,0,0,1,False,-1
1645,SINGLE,0,0,1,False,-1
1646,SINGLE,0,0,1,False,-1
1647,DOUBLE,1,0,1,False,-1
1649,DOUBLE,1,0,1,False,-1
1650,SINGLE,0,0,1,False,-1
1651,SINGLE,0,0,1,False,-1
1652,DOUBLE,1,0,1,False,-1
1653,DOUBLE,1,0,1,False,-1
1654,DOUBLE,1,0,1,False,-1
1655,SINGLE,0,0,1,False,-1
1656,DOUBLE,1,0,1,False,-1
1657,DOUBLE,1,0,1,False,-1
1658,DOUBLE,1,0,1,False,-1
1659,DOUBLE,1,0,1,False,-1
1660,SINGLE,0,0,1,False,-1
1661,SINGLE,0,0,1,False,-1
1662,DOUBLE,1,0,1,False,-1
1663,DOUBLE,1,0,1,False,-1
1664,SINGLE,0,0,1,False,-1
1665,SINGLE,0,0,1,False,-1
1666,SINGLE,0,0,1,False,-1
1667,SINGLE,0,0,1,False,-1
1668,SINGLE,0,0,1,False,-1
1669,SINGLE,0,0,1,False,-1
1670,DOUBLE,1,0,1,False,-1
1671,SINGLE,0,0,1,False,-1
1672,SINGLE,0,0,1,False,-1
1673,SINGLE,0,0,1,False,-1
1674,SINGLE,0,0,1,False,-1
1675,SINGLE,0,0,1,False,-1
1676,DOUBLE,1,0,1,False,-1
1677,DOUBLE,1,0,1,False,-1
1678,DOUBLE,1,0,1,False,-1
1679,SINGLE,0,0,1,False,-1
1680,DOUBLE,1,0,1,False,-1
1682,SINGLE,0,0,1,False,-1
1683,SINGLE,0,0,1,False,-1
1684,SINGLE,0,0,1,False,-1
1685,DOUBLE,1,0,1,False,-1
1686,SINGLE,0,0,1,False,-1
1687,DOUBLE,1,0,1,False,-1
1688,DOUBLE,1,0,1,False,-1
1689,SINGLE,0,0,1,False,-1
1690,SINGLE,0,0,1,False,-1
1691,SINGLE,0,0,1,False,-1
1692,SINGLE,0,0,1,False,-1
1693,DOUBLE,1,0,1,False,-1
1694,DOUBLE,1,0,1,False,-1
1695,DOUBLE,1,0,1,False,-1
1696,DOUBLE,1,0,1,False,-1
1697,DOUBLE,1,0,1,False,-1
1698,DOUBLE,1,0,1,False,-1
1699,DOUBLE,1,0,1,False,-1
1700,DOUBLE,1,0,1,False,-1
1702,SINGLE,0,0,1,False,-1
1703,DOUBLE,1,0,1,False,-1
1704,DOUBLE,1,0,1,False,-1
1705,SINGLE,0,0,1,False,-1
1707,DOUBLE,1,0,1,False,-1
1708,SINGLE,0,0,1,False,-1
1709,DOUBLE,1,0,1,False,-1
1710,SINGLE,0,0,1,False,-1
1712,SINGLE,0,0,1,False,-1
1714,DOUBLE,1,0,1,False,-1
1715,DOUBLE,1,0,1,False,-1
1716,SINGLE,0,0,1,False,-1
1717,DOUBLE,1,0,1,False,-1
1718,SINGLE,0,0,1,False,-1
1719,DOUBLE,1,0,1,False,-1
1720,DOUBLE,1,0,1,False,-1
1721,DOUBLE,1,0,1,False,-1
1722,DOUBLE,1,0,1,False,-1
1723,SINGLE,0,0,1,False,-1
1724,SINGLE,0,0,1,False,-1
1725,DOUBLE,1,0,1,False,-1
1726,DOUBLE,1,0,1,False,-1
1727,DOUBLE,1,0,1,False,-1
1728,SINGLE,0,0,1,False,-1
1729,DOUBLE,1,0,1,False,-1
1730,SINGLE,0,0,1,False,-1
1732,DOUBLE,1,0,1,False,-1
1733,SINGLE,0,0,1,False,-1
1734,DOUBLE,1,0,1,False,-1
1735,DOUBLE,1,0,1,False,-1
1736,DOUBLE,1,0,1,False,-1
1737,DOUBLE,1,0,1,False,-1
1739,DOUBLE,1,0,1,False,-1
1740,SINGLE,0,0,1,False,-1
1741,DOUBLE,1,0,1,False,-1
1742,DOUBLE,1,0,1,False,-1
1743,SINGLE,0,0,1,False,-1
1744,SINGLE,0,0,1,False,-1
1745,DOUBLE,1,0,1,False,-1
1747,DOUBLE,1,0,1,False,-1
1748,SINGLE,0,0,1,False,-1
1749,DOUBLE,1,0,1,False,-1
1750,DOUBLE,1,0,1,False,-1
1751,SINGLE,0,0,1,False,-1
1752,DOUBLE,1,0,1,False,-1
1753,DOUBLE,1,0,1,False,-1
1754,DOUBLE,1,0,1,False,-1
1755,DOUBLE,1,0,1,False,-1
1756,DOUBLE,1,0,1,False,-1
1757,SINGLE,0,0,1,False,-1
1759,DOUBLE,1,0,1,False,-1
1760,DOUBLE,1,0,1,False,-1
1761,SINGLE,0,0,1,False,-1
1762,DOUBLE,1,0,1,False,-1
1763,SINGLE,0,0,1,False,-1
1764,SINGLE,0,0,1,False,-1
1765,DOUBLE,1,0,1,False,-1
1766,DOUBLE,1,0,1,False,-1
1767,SINGLE,0,0,1,False,-1
1768,DOUBLE,1,0,1,False,-1
1769,DOUBLE,1,0,1,False,-1
1770,DOUBLE,1,0,1,False,-1
1772,SINGLE,0,0,1,False,-1
1773,SINGLE,0,0,1,False,-1
1774,SINGLE,0,0,1,False,-1
1775,DOUBLE,1,0,1,False,-1
1776,SINGLE,0,0,1,False,-1
1777,SINGLE,0,0,1,False,-1
1778,SINGLE,0,0,1,False,-1
1779,DOUBLE,1,0,1,False,-1
1780,DOUBLE,1,0,1,False,-1
1782,DOUBLE,1,0,1,False,-1
1783,DOUBLE,1,0,1,False,-1
1784,DOUBLE,1,0,1,False,-1
1785,DOUBLE,1,0,1,False,-1
1786,DOUBLE,1,0,1,False,-1
1787,SINGLE,0,0,1,False,-1
1788,DOUBLE,1,0,1,False,-1
1789,DOUBLE,1,0,1,False,-1
1790,SINGLE,0,0,1,False,-1
1791,SINGLE,0,0,1,False,-1
1792,DOUBLE,1,0,1,False,-1
1793,DOUBLE,1,0,1,False,-1
1794,DOUBLE,1,0,1,False,-1
1795,DOUBLE,1,0,1,False,-1
1796,DOUBLE,1,0,1,False,-1
1797,DOUBLE,1,0,1,False,-1
1798,DOUBLE,1,0,1,False,-1
1799,SINGLE,0,0,1,False,-1
1800,SINGLE,0,0,1,False,-1
1802,SINGLE,0,0,1,False,-1
1803,DOUBLE,1,0,1,False,-1
1804,DOUBLE,1,0,1,False,-1
1805,SINGLE,0,0,1,False,-1
1806,SINGLE,0,0,1,False,-1
1807,SINGLE,0,0,1,False,-1
1808,DOUBLE,1,0,1,False,-1
1809,DOUBLE,1,0,1,False,-1
1810,SINGLE,0,0,1,False,-1
1811,SINGLE,0,0,1,False,-1
1812,DOUBLE,1,0,1,False,-1
1814,DOUBLE,1,0,1,False,-1
1815,DOUBLE,1,0,1,False,-1
1816,DOUBLE,1,0,1,False,-1
1817,DOUBLE,1,0,1,False,-1
1819,SINGLE,0,0,1,False,-1
1820,SINGLE,0,0,1,False,-1
1821,DOUBLE,1,0,1,False,-1
1822,DOUBLE,1,0,1,False,-1
1823,DOUBLE,1,0,1,False,-1
1825,SINGLE,0,0,1,False,-1
1826,DOUBLE,1,0,1,False,-1
1827,DOUBLE,1,0,1,False,-1
1829,SINGLE,0,0,1,False,-1
1830,DOUBLE,1,0,1,False,-1
1831,DOUBLE,1,0,1,False,-1
1833,SINGLE,0,0,1,False,-1
1834,SINGLE,0,0,1,False,-1
1835,SINGLE,0,0,1,False,-1
1837,DOUBLE,1,0,1,False,-1
1838,SINGLE,0,0,1,False,-1
1839,DOUBLE,1,0,1,False,-1
1841,SINGLE,0,0,1,False,-1
1843,DOUBLE,1,0,1,False,-1
1845,DOUBLE,1,0,1,False,-1
1847,DOUBLE,1,0,1,False,-1
1848,DOUBLE,1,0,1,False,-1
1849,SINGLE,0,0,1,False,-1
1850,DOUBLE,1,0,1,False,-1
1851,DOUBLE,1,0,1,False,-1
1852,SINGLE,0,0,1,False,-1
1853,SINGLE,0,0,1,False,-1
1854,SINGLE,0,0,1,False,-1
1855,DOUBLE,1,0,1,False,-1
1856,SINGLE,0,0,1,False,-1
1857,DOUBLE,1,0,1,False,-1
1858,SINGLE,0,0,1,False,-1
1859,DOUBLE,1,0,1,False,-1
1860,SINGLE,0,0,1,False,-1
1861,SINGLE,0,0,1,False,-1
1862,SINGLE,0,0,1,False,-1
1864,DOUBLE,1,0,1,False,-1
1865,DOUBLE,1,0,1,False,-1
1867,DOUBLE,1,0,1,False,-1
1868,SINGLE,0,0,1,False,-1
1869,DOUBLE,1,0,1,False,-1
1870,DOUBLE,1,0,1,False,-1
1872,TRIPLE,1,1,1,False,-1
1873,SINGLE,0,0,1,False,-1
1874,SINGLE,0,0,1,False,-1
1875,SINGLE,0,0,1,False,-1
1876,SINGLE,0,0,1,False,-1
1877,SINGLE,0,0,1,False,-1
1879,SINGLE,0,0,1,False,-1
1880,SINGLE,0,0,1,False,-1
1881,SINGLE,0,0,1,False,-1
1882,SINGLE,0,0,1,False,-1
1883,SINGLE,0,0,1,False,-1
1884,DOUBLE,1,0,1,False,-1
1885,SINGLE,0,0,1,False,-1
1886,DOUBLE,1,0,1,False,-1
1887,DOUBLE,1,0,1,False,-1
1888,DOUBLE,1,0,1,False,-1
1889,DOUBLE,1,0,1,False,-1
1890,DOUBLE,1,0,1,False,-1
1891,DOUBLE,1,0,1,False,-1
1892,DOUBLE,1,0,1,False,-1
1893,DOUBLE,1,0,1,False,-1
1894,SINGLE,0,0,1,False,-1
1895,SINGLE,0,0,1,False,-1
1896,SINGLE,0,0,1,False,-1
1897,SINGLE,0,0,1,False,-1
1899,SINGLE,0,0,1,False,-1
1900,SINGLE,0,0,1,False,-1
1901,SINGLE,0,0,1,False,-1
1902,DOUBLE,1,0,1,False,-1
1903,SINGLE,0,0,1,False,-1
1904,DOUBLE,1,0,1,False,-1
1905,DOUBLE,1,0,1,False,-1
1906,DOUBLE,1,0,1,False,-1
1907,DOUBLE,1,0,1,False,-1
1908,DOUBLE,1,0,1,False,-1
1909,SINGLE,0,0,1,False,-1
1910,DOUBLE,1,0,1,False,-1
1912,SINGLE,0,0,1,False,-1
1914,DOUBLE,1,0,1,False,-1
1915,DOUBLE,1,0,1,False,-1
1916,SINGLE,0,0,1,False,-1
1917,SINGLE,0,0,1,False,-1
1918,SINGLE,0,0,1,False,-1
1919,SINGLE,0,0,1,False,-1
1920,SINGLE,0,0,1,False,-1
1921,SINGLE,0,0,1,False,-1
1922,DOUBLE,1,0,1,False,-1
1923,SINGLE,0,0,1,False,-1
1924,DOUBLE,1,0,1,False,-1
1925,DOUBLE,1,0,1,False,-1
1926,SINGLE,0,0,1,False,-1
1927,SINGLE,0,0,1,False,-1
1928,SINGLE,0,0,1,False,-1
1929,SINGLE,0,0,1,False,-1
1931,DOUBLE,1,0,1,False,-1
1932,DOUBLE,1,0,1,False,-1
1933,DOUBLE,1,0,1,False,-1
1935,SINGLE,0,0,1,False,-1
1936,DOUBLE,1,0,1,False,-1
1937,DOUBLE,1,0,1,False,-1
1938,SINGLE,0,0,1,False,-1
1939,SINGLE,0,0,1,False,-1
1940,DOUBLE,1,0,1,False,-1
1941,SINGLE,0,0,1,False,-1
1942,SINGLE,0,0,1,False,-1
1943,SINGLE,0,0,1,False,-1
1944,DOUBLE,1,0,1,False,-1
1945,DOUBLE,1,0,1,False,-1
1946,SINGLE,0,0,1,False,-1
1947,DOUBLE,1,0,1,False,-1
1948,SINGLE,0,0,1,False,-1
1949,DOUBLE,1,0,1,False,-1
1950,DOUBLE,1,0,1,False,-1
1951,DOUBLE,1,0,1,False,-1
1952,SINGLE,0,0,1,False,-1
1953,SINGLE,0,0,1,False,-1
1954,DOUBLE,1,0,1,False,-1
1955,DOUBLE,1,0,1,False,-1
1956,DOUBLE,1,0,1,False,-1
1957,SINGLE,0,0,1,False,-1
1958,DOUBLE,1,0,1,False,-1
1959,DOUBLE,1,0,1,False,-1
1960,DOUBLE,1,0,1,False,-1
1961,DOUBLE,1,0,1,False,-1
1962,DOUBLE,1,0,1,False,-1
1963,SINGLE,0,0,1,False,-1
1964,DOUBLE,1,0,1,False,-1
1965,DOUBLE,1,0,1,False,-1
1966,SINGLE,0,0,1,False,-1
1967,DOUBLE,1,0,1,False,-1
1968,DOUBLE,1,0,1,False,-1
1969,SINGLE,0,0,1,False,-1
1970,DOUBLE,1,0,1,False,-1
1971,SINGLE,0,0,1,False,-1
1972,SINGLE,0,0,1,False,-1
1973,DOUBLE,1,0,1,False,-1
1975,SINGLE,0,0,1,False,-1
1976,SINGLE,0,0,1,False,-1
1977,SINGLE,0,0,1,False,-1
1978,DOUBLE,1,0,1,False,-1
1979,SINGLE,0,0,1,False,-1
1980,DOUBLE,1,0,1,False,-1
1981,DOUBLE,1,0,1,False,-1
1982,DOUBLE,1,0,1,False,-1
1984,SINGLE,0,0,1,False,-1
1986,DOUBLE,1,0,1,False,-1
1987,SINGLE,0,0,1,False,-1
1989,SINGLE,0,0,1,False,-1
1990,DOUBLE,1,0,1,False,-1
1991,DOUBLE,1,0,1,False,-1
1992,SINGLE,0,0,1,False,-1
1994,DOUBLE,1,0,1,False,-1
1995,DOUBLE,1,0,1,False,-1
1996,DOUBLE,1,0,1,False,-1
1997,DOUBLE,1,0,1,False,-1
1998,DOUBLE,1,0,1,False,-1
1999,DOUBLE,0,1,1,False,-1
2000,SINGLE,0,0,1,False,-1
2001,DOUBLE,1,0,1,False,-1
2002,SINGLE,0,0,1,False,-1
2003,SINGLE,0,0,1,False,-1
2004,SINGLE,0,0,1,False,-1
2006,DOUBLE,1,0,1,False,-1
2007,DOUBLE,1,0,1,False,-1
2008,DOUBLE,1,0,1,False,-1
2009,DOUBLE,1,0,1,False,-1
2011,DOUBLE,1,0,1,False,-1
2012,DOUBLE,1,0,1,False,-1
2013,DOUBLE,0,1,1,False,-1
2014,SINGLE,0,0,1,False,-1
2015,SINGLE,0,0,1,False,-1
2016,DOUBLE,1,0,1,False,-1
2017,SINGLE,0,0,1,False,-1
2018,SINGLE,0,0,1,False,-1
2019,SINGLE,0,0,1,False,-1
2020,SINGLE,0,0,1,False,-1
2021,DOUBLE,1,0,1,False,-1
2022,SINGLE,0,0,1,False,-1
2023,SINGLE,0,0,1,False,-1
2025,DOUBLE,1,0,1,False,-1
2026,DOUBLE,1,0,1,False,-1
2027,DOUBLE,1,0,1,False,-1
2029,DOUBLE,1,0,1,False,-1
2030,SINGLE,0,0,1,False,-1
2031,DOUBLE,1,0,1,False,-1
2032,SINGLE,0,0,1,False,-1
2033,SINGLE,0,1,0,False,-1
2034,SINGLE,0,0,1,False,-1
2036,SINGLE,0,0,1,False,-1
2037,DOUBLE,1,0,1,False,-1
2038,DOUBLE,1,0,1,False,-1
2039,DOUBLE,1,0,1,False,-1
2041,SINGLE,0,0,1,False,-1
2043,SINGLE,0,0,1,False,-1
2044,SINGLE,0,0,1,False,-1
2045,SINGLE,0,0,1,False,-1
2046,DOUBLE,1,0,1,False,-1
2047,SINGLE,0,0,1,False,-1
2048,DOUBLE,1,0,1,False,-1
2049,SINGLE,0,0,1,False,-1
2050,DOUBLE,1,0,1,False,-1
2051,SINGLE,0,0,1,False,-1
2052,DOUBLE,1,0,1,False,-1
2053,SINGLE,0,0,1,False,-1
2054,DOUBLE,1,0,1,False,-1
2055,DOUBLE,1,0,1,False,-1
2056,SINGLE,0,0,1,False,-1
2057,SINGLE,0,0,1,False,-1
2059,SINGLE,0,0,1,False,-1
2060,SINGLE,0,0,1,False,-1
2061,DOUBLE,0,1,1,False,-1
2062,DOUBLE,1,0,1,False,-1
2063,DOUBLE,1,0,1,False,-1
2064,DOUBLE,1,0,1,False,-1
2065,SINGLE,0,0,1,False,-1
2066,DOUBLE,1,0,1,False,-1
2067,SINGLE,0,0,1,False,-1
2068,SINGLE,0,0,1,False,-1
2069,SINGLE,0,0,1,False,-1
2070,DOUBLE,1,0,1,False,-1
2071,SINGLE,0,0,1,False,-1
2073,SINGLE,0,0,1,False,-1
2074,DOUBLE,1,0,1,False,-1
2075,SINGLE,0,0,1,False,-1
2076,SINGLE,0,0,1,False,-1
2077,SINGLE,0,0,1,False,-1
2078,SINGLE,0,0,1,False,-1
2079,DOUBLE,1,0,1,False,-1
2080,DOUBLE,1,0,1,False,-1
2081,DOUBLE,1,0,1,False,-1
2082,DOUBLE,1,0,1,False,-1
2083,SINGLE,0,0,1,False,-1
2084,DOUBLE,1,0,1,False,-1
2085,DOUBLE,1,0,1,False,-1
2087,SINGLE,0,0,1,False,-1
2088,SINGLE,0,0,1,False,-1
2089,SINGLE,0,0,1,False,-1
2090,DOUBLE,1,0,1,False,-1
2093,DOUBLE,1,0,1,False,-1
2094,SINGLE,0,0,1,False,-1
2095,SINGLE,0,0,1,False,-1
2096,DOUBLE,1,0,1,False,-1
2098,DOUBLE,1,0,1,False,-1
2099,DOUBLE,1,0,1,False,-1
2100,DOUBLE,1,0,1,False,-1
2101,DOUBLE,1,0,1,False,-1
2103,DOUBLE,1,0,1,False,-1
2104,SINGLE,0,0,1,False,-1
2105,DOUBLE,1,0,1,False,-1
2106,SINGLE,0,0,1,False,-1
2107,SINGLE,0,0,1,False,-1
2108,DOUBLE,1,0,1,False,-1
2109,DOUBLE,1,0,1,False,-1
2110,SINGLE,0,0,1,False,-1
2111,DOUBLE,1,0,1,False,-1
2112,DOUBLE,1,0,1,False,-1
2113,SINGLE,0,0,1,False,-1
2114,SINGLE,0,0,1,False,-1
2115,DOUBLE,1,0,1,False,-1
2116,SINGLE,0,0,1,False,-1
2117,SINGLE,0,0,1,False,-1
2118,DOUBLE,1,0,1,False,-1
2119,SINGLE,0,0,1,False,-1
2120,DOUBLE,1,0,1,False,-1
2121,SINGLE,0,0,1,False,-1
2122,DOUBLE,1,0,1,False,-1
2123,SINGLE,0,0,1,False,-1
2124,SINGLE,0,0,1,False,-1
2125,DOUBLE,1,0,1,False,-1
2126,SINGLE,0,0,1,False,-1
2128,SINGLE,0,0,1,False,-1
2129,SINGLE,0,0,1,False,-1
2130,SINGLE,0,0,1,False,-1
2131,SINGLE,0,0,1,False,-1
2132,DOUBLE,1,0,1,False,-1
2133,DOUBLE,1,0,1,False,-1
2134,SINGLE,0,0,1,False,-1
2135,SINGLE,0,0,1,False,-1
2136,SINGLE,0,0,1,False,-1
2137,DOUBLE,1,0,1,False,-1
2138,DOUBLE,1,0,1,False,-1
2139,SINGLE,0,0,1,False,-1
2140,DOUBLE,1,0,1,False,-1
2142,DOUBLE,1,0,1,False,-1
2143,SINGLE,0,0,1,False,-1
2144,SINGLE,0,0,1,False,-1
2145,DOUBLE,1,0,1,False,-1
2146,SINGLE,0,0,1,False,-1
2147,DOUBLE,1,0,1,False,-1
2148,DOUBLE,1,0,1,False,-1
2149,SINGLE,0,0,1,False,-1
2150,DOUBLE,1,0,1,False,-1
2152,DOUBLE,1,0,1,False,-1
2153,DOUBLE,1,0,1,False,-1
2155,DOUBLE,1,0,1,False,-1
2157,TRIPLE,1,1,1,False,-1
2158,DOUBLE,1,0,1,False,-1
2160,SINGLE,0,0,1,False,-1
2161,SINGLE,0,0,1,False,-1
2162,SINGLE,0,0,1,False,-1
2163,DOUBLE,1,0,1,False,-1
2164,DOUBLE,1,0,1,False,-1
2165,DOUBLE,0,1,1,False,-1
2166,DOUBLE,1,0,1,False,-1
2167,SINGLE,0,0,1,False,-1
2168,DOUBLE,1,0,1,False,-1
2170,SINGLE,0,0,1,False,-1
2171,SINGLE,0,0,1,False,-1
2172,DOUBLE,1,0,1,False,-1
2173,SINGLE,0,0,1,False,-1
2174,SINGLE,0,0,1,False,-1
2175,DOUBLE,1,0,1,False,-1
2176,SINGLE,0,0,1,False,-1
2177,DOUBLE,1,0,1,False,-1
2178,SINGLE,0,0,1,False,-1
2179,DOUBLE,1,0,1,False,-1
2180,SINGLE,0,0,1,False,-1
2181,DOUBLE,0,1,1,False,-1
2182,DOUBLE,1,0,1,False,-1
2183,DOUBLE,1,0,1,False,-1
2184,SINGLE,0,0,1,False,-1
2185,SINGLE,0,0,1,False,-1
2186,DOUBLE,1,0,1,False,-1
2187,DOUBLE,1,0,1,False,-1
2188,DOUBLE,1,0,1,False,-1
2189,SINGLE,0,0,1,False,-1
2190,SINGLE,0,0,1,False,-1
2191,SINGLE,0,0,1,False,-1
2192,DOUBLE,1,0,1,False,-1
2193,SINGLE,0,0,1,False,-1
2194,SINGLE,0,0,1,False,-1
2195,SINGLE,0,0,1,False,-1
2196,DOUBLE,1,0,1,False,-1
2197,SINGLE,0,0,1,False,-1
2198,SINGLE,0,0,1,False,-1
2199,SINGLE,0,0,1,False,-1
2200,SINGLE,0,0,1,False,-1
2201,SINGLE,0,0,1,False,-1
2202,DOUBLE,1,0,1,False,-1
2203,SINGLE,0,0,1,False,-1
2204,SINGLE,0,0,1,False,-1
2205,DOUBLE,1,0,1,False,-1
2206,SINGLE,0,0,1,False,-1
2207,SINGLE,0,0,1,False,-1
2208,DOUBLE,1,0,1,False,-1
2209,DOUBLE,1,0,1,False,-1
2211,SINGLE,0,0,1,False,-1
2212,SINGLE,0,0,1,False,-1
2213,DOUBLE,1,0,1,False,-1
2214,DOUBLE,1,0,1,False,-1
2215,SINGLE,0,0,1,False,-1
2216,SINGLE,0,0,1,False,-1
2217,SINGLE,0,0,1,False,-1
2218,SINGLE,0,0,1,False,-1
2219,SINGLE,0,0,1,False,-1
2220,SINGLE,0,0,1,False,-1
2221,SINGLE,0,0,1,False,-1
2222,DOUBLE,1,0,1,False,-1
2223,SINGLE,0,0,1,False,-1
2224,DOUBLE,1,0,1,False,-1
2225,SINGLE,0,0,1,False,-1
2226,DOUBLE,1,0,1,False,-1
2227,SINGLE,0,0,1,False,-1
2228,DOUBLE,1,0,1,False,-1
2229,DOUBLE,1,0,1,False,-1
2230,DOUBLE,1,0,1,False,-1
2231,DOUBLE,1,0,1,False,-1
2232,SINGLE,0,0,1,False,-1
2233,SINGLE,0,0,1,False,-1
2234,DOUBLE,1,0,1,False,-1
2235,DOUBLE,1,0,1,False,-1
2236,DOUBLE,1,0,1,False,-1
2237,DOUBLE,1,0,1,False,-1
2238,SINGLE,0,0,1,False,-1
2239,SINGLE,0,0,1,False,-1
2240,SINGLE,0,0,1,False,-1
2241,DOUBLE,1,0,1,False,-1
2242,DOUBLE,1,0,1,False,-1
2244,DOUBLE,1,0,1,False,-1
2245,SINGLE,0,0,1,False,-1
2246,SINGLE,0,0,1,False,-1
2248,DOUBLE,1,0,1,False,-1
2249,SINGLE,0,0,1,False,-1
2250,SINGLE,0,0,1,False,-1
2251,SINGLE,0,0,1,False,-1
2252,SINGLE,0,0,1,False,-1
2253,SINGLE,0,0,1,False,-1
2254,SINGLE,0,0,1,False,-1
2256,SINGLE,0,0,1,False,-1
2257,DOUBLE,1,0,1,False,-1
2258,DOUBLE,1,0,1,False,-1
2259,SINGLE,0,0,1,False,-1
2260,DOUBLE,1,0,1,False,-1
2261,DOUBLE,1,0,1,False,-1
2262,DOUBLE,1,0,1,False,-1
2263,DOUBLE,1,0,1,False,-1
2264,SINGLE,0,0,1,False,-1
2266,TRIPLE,1,1,1,False,-1
2267,SINGLE,0,0,1,False,-1
2268,SINGLE,0,0,1,False,-1
2269,SINGLE,0,0,1,False,-1
2270,SINGLE,0,0,1,False,-1
2271,SINGLE,0,0,1,False,-1
2272,DOUBLE,1,0,1,False,-1
2274,DOUBLE,1,0,1,False,-1
2275,SINGLE,0,0,1,False,-1
2276,DOUBLE,1,0,1,False,-1
2277,SINGLE,0,0,1,False,-1
2278,DOUBLE,1,0,1,False,-1
2279,DOUBLE,1,0,1,False,-1
2280,SINGLE,0,0,1,False,-1
2281,SINGLE,0,0,1,False,-1
2282,SINGLE,0,0,1,False,-1
2283,SINGLE,0,0,1,False,-1
2285,DOUBLE,1,0,1,False,-1
2286,SINGLE,0,0,1,False,-1
2288,SINGLE,0,0,1,False,-1
2289,SINGLE,0,0,1,False,-1
2290,DOUBLE,1,0,1,False,-1
2291,DOUBLE,1,0,1,False,-1
2292,DOUBLE,1,0,1,False,-1
2293,DOUBLE,1,0,1,False,-1
2294,DOUBLE,1,0,1,False,-1
2295,DOUBLE,1,0,1,False,-1
2296,DOUBLE,1,0,1,False,-1
2297,SINGLE,0,0,1,False,-1
2298,DOUBLE,1,0,1,False,-1
2299,SINGLE,0,0,1,False,-1
2300,DOUBLE,1,0,1,False,-1
2301,SINGLE,0,0,1,False,-1
2302,DOUBLE,1,0,1,False,-1
2303,SINGLE,0,0,1,False,-1
2304,DOUBLE,1,0,1,False,-1
2305,DOUBLE,1,0,1,False,-1
2306,SINGLE,0,0,1,False,-1
2307,DOUBLE,1,0,1,False,-1
2308,DOUBLE,1,0,1,False,-1
2309,DOUBLE,1,0,1,False,-1
2311,DOUBLE,1,0,1,False,-1
2313,SINGLE,0,0,1,False,-1
2314,DOUBLE,1,0,1,False,-1
2315,DOUBLE,1,0,1,False,-1
2316,SINGLE,0,0,1,False,-1
2317,DOUBLE,1,0,1,False,-1
2318,SINGLE,0,0,1,False,-1
2319,SINGLE,0,0,1,False,-1
2320,SINGLE,0,0,1,False,-1
2321,DOUBLE,1,0,1,False,-1
2322,SINGLE,0,0,1,False,-1
2323,DOUBLE,1,0,1,False,-1
2324,DOUBLE,1,0,1,False,-1
2325,DOUBLE,1,0,1,False,-1
2326,DOUBLE,1,0,1,False,-1
2327,DOUBLE,1,0,1,False,-1
2328,SINGLE,0,0,1,False,-1
2329,DOUBLE,1,0,1,False,-1
2330,DOUBLE,1,0,1,False,-1
2331,DOUBLE,1,0,1,False,-1
2332,DOUBLE,1,0,1,False,-1
2333,SINGLE,0,0,1,False,-1
2334,SINGLE,0,0,1,False,-1
2335,DOUBLE,1,0,1,False,-1
2336,DOUBLE,1,0,1,False,-1
2337,DOUBLE,1,0,1,False,-1
2338,SINGLE,0,0,1,False,-1
2339,DOUBLE,1,0,1,False,-1
2340,DOUBLE,1,0,1,False,-1
2341,DOUBLE,1,0,1,False,-1
2342,SINGLE,0,0,1,False,-1
2344,SINGLE,0,0,1,False,-1
2347,SINGLE,0,0,1,False,-1
2348,DOUBLE,1,0,1,False,-1
2349,SINGLE,0,0,1,False,-1
2350,SINGLE,0,0,1,False,-1
2351,DOUBLE,1,0,1,False,-1
2352,DOUBLE,1,0,1,False,-1
2353,DOUBLE,1,0,1,False,-1
2354,SINGLE,0,0,1,False,-1
2355,DOUBLE,1,0,1,False,-1
2356,DOUBLE,1,0,1,False,-1
2357,SINGLE,0,0,1,False,-1
2358,SINGLE,0,0,1,False,-1
2359,SINGLE,0,0,1,False,-1
2360,SINGLE,0,0,1,False,-1
2361,TRIPLE,1,1,1,False,-1
2362,DOUBLE,1,0,1,False,-1
2363,SINGLE,0,0,1,False,-1
2364,DOUBLE,1,0,1,False,-1
2365,SINGLE,0,0,1,False,-1
2366,SINGLE,0,0,1,False,-1
2367,DOUBLE,1,0,1,False,-1
2368,DOUBLE,1,0,1,False,-1
2369,DOUBLE,1,0,1,False,-1
2371,SINGLE,0,0,1,False,-1
2372,SINGLE,0,0,1,False,-1
2373,DOUBLE,1,0,1,False,-1
2374,DOUBLE,1,0,1,False,-1
2375,DOUBLE,1,0,1,False,-1
2376,SINGLE,0,0,1,False,-1
2377,DOUBLE,1,0,1,False,-1
2378,DOUBLE,1,0,1,False,-1
2379,DOUBLE,1,0,1,False,-1
2380,DOUBLE,1,0,1,False,-1
2381,SINGLE,0,0,1,False,-1
2382,DOUBLE,1,0,1,False,-1
2383,DOUBLE,1,0,1,False,-1
2385,DOUBLE,1,0,1,False,-1
2386,DOUBLE,1,0,1,False,-1
2387,DOUBLE,1,0,1,False,-1
2388,DOUBLE,1,0,1,False,-1
2389,DOUBLE,1,0,1,False,-1
2390,SINGLE,0,0,1,False,-1
2391,DOUBLE,1,0,1,False,-1
2392,SINGLE,0,0,1,False,-1
2393,DOUBLE,1,0,1,False,-1
2394,SINGLE,0,0,1,False,-1
2395,SINGLE,0,0,1,False,-1
2396,DOUBLE,1,0,1,False,-1
2397,SINGLE,0,0,1,False,-1
2398,SINGLE,0,0,1,False,-1
2400,DOUBLE,1,0,1,False,-1
2401,SINGLE,0,0,1,False,-1
2402,SINGLE,0,0,1,False,-1
2403,SINGLE,0,0,1,False,-1
2404,DOUBLE,1,0,1,False,-1
2405,SINGLE,0,0,1,False,-1
2406,DOUBLE,1,0,1,False,-1
2407,SINGLE,0,0,1,False,-1
2408,DOUBLE,1,0,1,False,-1
2409,DOUBLE,1,0,1,False,-1
2410,DOUBLE,1,0,1,False,-1
2411,SINGLE,0,0,1,False,-1
2412,SINGLE,0,0,1,False,-1
2413,SINGLE,0,0,1,False,-1
2414,DOUBLE,1,0,1,False,-1
2415,DOUBLE,1,0,1,False,-1
2416,SINGLE,0,0,1,False,-1
2417,DOUBLE,1,0,1,False,-1
2418,DOUBLE,1,0,1,False,-1
2419,DOUBLE,1,0,1,False,-1
2420,SINGLE,0,0,1,False,-1
2421,DOUBLE,1,0,1,False,-1
2422,SINGLE,0,0,1,False,-1
2423,DOUBLE,1,0,1,False,-1
2424,DOUBLE,1,0,1,False,-1
2425,SINGLE,0,0,1,False,-1
2426,SINGLE,0,0,1,False,-1
2427,DOUBLE,1,0,1,False,-1
2428,DOUBLE,1,0,1,False,-1
2429,SINGLE,0,0,1,False,-1
2431,DOUBLE,1,0,1,False,-1
2432,SINGLE,0,0,1,False,-1
2433,DOUBLE,1,0,1,False,-1
2434,SINGLE,0,0,1,False,-1
2435,DOUBLE,1,0,1,False,-1
2437,DOUBLE,1,0,1,False,-1
2438,SINGLE,0,0,1,False,-1
2439,SINGLE,0,0,1,False,-1
2440,SINGLE,0,0,1,False,-1
2441,DOUBLE,1,0,1,False,-1
2442,SINGLE,0,0,1,False,-1
2443,SINGLE,0,0,1,False,-1
2444,SINGLE,0,0,1,False,-1
2445,SINGLE,0,0,1,False,-1
2447,DOUBLE,1,0,1,False,-1
2448,SINGLE,0,0,1,False,-1
2449,SINGLE,0,0,1,False,-1
2451,DOUBLE,1,0,1,False,-1
2452,SINGLE,0,0,1,False,-1
2453,SINGLE,0,0,1,False,-1
2454,SINGLE,0,0,1,False,-1
2455,DOUBLE,0,1,1,False,-1
2456,DOUBLE,1,0,1,False,-1
2457,DOUBLE,1,0,1,False,-1
2459,DOUBLE,1,0,1,False,-1
2460,DOUBLE,1,0,1,False,-1
2461,DOUBLE,1,0,1,False,-1
2462,DOUBLE,1,0,1,False,-1
2463,DOUBLE,1,0,1,False,-1
2464,SINGLE,0,0,1,False,-1
2465,SINGLE,0,0,1,False,-1
2466,DOUBLE,1,0,1,False,-1
2467,DOUBLE,1,0,1,False,-1
2468,SINGLE,0,0,1,False,-1
2470,DOUBLE,1,0,1,False,-1
2471,DOUBLE,1,0,1,False,-1
2473,DOUBLE,1,0,1,False,-1
2474,SINGLE,0,0,1,False,-1
2475,SINGLE,0,0,1,False,-1
2476,SINGLE,0,0,1,False,-1
2477,DOUBLE,1,0,1,False,-1
2478,DOUBLE,1,0,1,False,-1
2479,SINGLE,0,0,1,False,-1
2480,DOUBLE,1,0,1,False,-1
2481,DOUBLE,1,0,1,False,-1
2482,DOUBLE,1,0,1,False,-1
2483,DOUBLE,1,0,1,False,-1
2484,SINGLE,0,0,1,False,-1
2485,DOUBLE,1,0,1,False,-1
2486,TRIPLE,1,1,1,False,-1
2487,DOUBLE,1,0,1,False,-1
2488,DOUBLE,1,0,1,False,-1
2489,SINGLE,0,0,1,False,-1
2491,DOUBLE,1,0,1,False,-1
2492,SINGLE,0,0,1,False,-1
2493,SINGLE,0,0,1,False,-1
2494,DOUBLE,1,0,1,False,-1
2495,SINGLE,0,0,1,False,-1
2496,DOUBLE,1,0,1,False,-1
2497,DOUBLE,1,0,1,False,-1
2498,DOUBLE,1,0,1,False,-1
2499,DOUBLE,1,0,1,False,-1
2500,DOUBLE,1,0,1,False,-1
2501,DOUBLE,1,0,1,False,-1
2502,DOUBLE,1,0,1,False,-1
2503,SINGLE,0,0,1,False,-1
2504,DOUBLE,1,0,1,False,-1
2505,SINGLE,0,0,1,False,-1
2506,SINGLE,0,0,1,False,-1
2507,DOUBLE,1,0,1,False,-1
2508,SINGLE,0,0,1,False,-1
2509,DOUBLE,1,0,1,False,-1
2510,SINGLE,0,0,1,False,-1
2511,SINGLE,0,0,1,False,-1
2512,DOUBLE,1,0,1,False,-1
2513,SINGLE,0,0,1,False,-1
2514,DOUBLE,1,0,1,False,-1
2515,DOUBLE,1,0,1,False,-1
2517,DOUBLE,1,0,1,False,-1
2519,SINGLE,0,0,1,False,-1
2520,DOUBLE,1,0,1,False,-1
2521,SINGLE,0,0,1,False,-1
2522,SINGLE,0,0,1,False,-1
2523,SINGLE,0,0,1,False,-1
2524,DOUBLE,1,0,1,False,-1
2525,DOUBLE,1,0,1,False,-1
2526,DOUBLE,1,0,1,False,-1
2527,DOUBLE,1,0,1,False,-1
2529,DOUBLE,1,0,1,False,-1
2530,DOUBLE,1,0,1,False,-1
2531,DOUBLE,1,0,1,False,-1
2532,DOUBLE,1,0,1,False,-1
2533,DOUBLE,1,0,1,False,-1
2534,DOUBLE,1,0,1,False,-1
2535,DOUBLE,1,0,1,False,-1
2536,DOUBLE,1,0,1,False,-1
2537,SINGLE,0,0,1,False,-1
2538,SINGLE,0,0,1,False,-1
2539,DOUBLE,1,0,1,False,-1
2540,DOUBLE,1,0,1,False,-1
2541,DOUBLE,1,0,1,False,-1
2542,DOUBLE,1,0,1,False,-1
2543,DOUBLE,1,0,1,False,-1
2544,DOUBLE,1,0,1,False,-1
2545,DOUBLE,1,0,1,False,-1
2546,SINGLE,0,0,1,False,-1
2547,DOUBLE,1,0,1,False,-1
2548,DOUBLE,1,0,1,False,-1
2549,DOUBLE,1,0,1,False,-1
2550,SINGLE,0,0,1,False,-1
2551,SINGLE,0,0,1,False,-1
2552,SINGLE,0,0,1,False,-1
2554,SINGLE,0,0,1,False,-1
2555,DOUBLE,1,0,1,False,-1
2556,SINGLE,0,0,1,False,-1
2557,SINGLE,0,0,1,False,-1
2558,SINGLE,0,0,1,False,-1
2559,DOUBLE,1,0,1,False,-1
2560,DOUBLE,0,1,1,False,-1
2561,DOUBLE,1,0,1,False,-1
2562,DOUBLE,1,0,1,False,-1
2566,SINGLE,0,0,1,False,-1
2567,DOUBLE,1,0,1,False,-1
2568,DOUBLE,1,0,1,False,-1
2569,DOUBLE,1,0,1,False,-1
2571,SINGLE,0,0,1,False,-1
2572,DOUBLE,1,0,1,False,-1
2573,SINGLE,0,0,1,False,-1
2574,DOUBLE,1,0,1,False,-1
2575,SINGLE,0,0,1,False,-1
2576,SINGLE,0,0,1,False,-1
2577,DOUBLE,1,0,1,False,-1
2578,SINGLE,0,0,1,False,-1
2579,SINGLE,0,0,1,False,-1
2580,DOUBLE,1,0,1,False,-1
2581,DOUBLE,1,0,1,False,-1
2582,SINGLE,0,0,1,False,-1
2583,DOUBLE,1,0,1,False,-1
2584,DOUBLE,1,0,1,False,-1
2585,SINGLE,0,0,1,False,-1
2586,DOUBLE,1,0,1,False,-1
2587,DOUBLE,1,0,1,False,-1
2588,DOUBLE,1,0,1,False,-1
2589,SINGLE,0,0,1,False,-1
2591,DOUBLE,1,0,1,False,-1
2592,DOUBLE,1,0,1,False,-1
2593,DOUBLE,1,0,1,False,-1
2594,DOUBLE,1,0,1,False,-1
2595,SINGLE,0,0,1,False,-1
2596,SINGLE,0,0,1,False,-1
2598,SINGLE,0,0,1,False,-1
2599,DOUBLE,1,0,1,False,-1
2600,DOUBLE,1,0,1,False,-1
2601,SINGLE,0,0,1,False,-1
2602,SINGLE,0,0,1,False,-1
2603,SINGLE,0,0,1,False,-1
2604,DOUBLE,1,0,1,False,-1
2605,DOUBLE,1,0,1,False,-1
2606,SINGLE,0,0,1,False,-1
2607,DOUBLE,1,0,1,False,-1
2609,SINGLE,0,0,1,False,-1
2610,SINGLE,0,0,1,False,-1
2611,DOUBLE,1,0,1,False,-1
2612,DOUBLE,1,0,1,False,-1
2613,SINGLE,0,0,1,False,-1
2614,DOUBLE,1,0,1,False,-1
2615,DOUBLE,1,0,1,False,-1
2616,SINGLE,0,0,1,False,-1
2617,DOUBLE,1,0,1,False,-1
2618,SINGLE,0,0,1,False,-1
2619,SINGLE,0,0,1,False,-1
2620,DOUBLE,1,0,1,False,-1
2621,DOUBLE,1,0,1,False,-1
2622,DOUBLE,1,0,1,False,-1
2623,DOUBLE,1,0,1,False,-1
2624,SINGLE,0,0,1,False,-1
2625,SINGLE,0,0,1,False,-1
2626,SINGLE,0,0,1,False,-1
2627,SINGLE,0,0,1,False,-1
2628,SINGLE,0,0,1,False,-1
2629,DOUBLE,1,0,1,False,-1
2630,DOUBLE,1,0,1,False,-1
2631,DOUBLE,1,0,1,False,-1
2632,DOUBLE,1,0,1,False,-1
2633,DOUBLE,1,0,1,False,-1
2634,SINGLE,0,0,1,False,-1
2635,DOUBLE,1,0,1,False,-1
2636,DOUBLE,0,1,1,False,-1
2637,SINGLE,0,0,1,False,-1
2639,SINGLE,0,0,1,False,-1
2640,SINGLE,0,0,1,False,-1
2641,SINGLE,0,0,1,False,-1
2642,SINGLE,0,0,1,False,-1
2643,SINGLE,0,0,1,False,-1
2644,SINGLE,0,0,1,False,-1
2645,DOUBLE,1,0,1,False,-1
2646,SINGLE,0,0,1,False,-1
2647,DOUBLE,1,0,1,False,-1
2648,TRIPLE,1,1,1,False,-1
2649,SINGLE,0,0,1,False,-1
2650,SINGLE,0,0,1,False,-1
2651,SINGLE,0,0,1,False,-1
2652,SINGLE,0,0,1,False,-1
2653,DOUBLE,1,0,1,False,-1
2654,SINGLE,0,0,1,False,-1
2655,DOUBLE,1,0,1,False,-1
2656,DOUBLE,1,0,1,False,-1
2657,SINGLE,0,0,1,False,-1
2658,SINGLE,0,0,1,False,-1
2660,SINGLE,0,0,1,False,-1
2661,SINGLE,0,0,1,False,-1
2662,DOUBLE,1,0,1,False,-1
2663,DOUBLE,1,0,1,False,-1
2664,DOUBLE,1,0,1,False,-1
2665,DOUBLE,1,0,1,False,-1
2666,SINGLE,0,0,1,False,-1
2667,DOUBLE,1,0,1,False,-1
2668,DOUBLE,1,0,1,False,-1
2669,DOUBLE,1,0,1,False,-1
2670,DOUBLE,1,0,1,False,-1
2671,SINGLE,0,0,1,False,-1
2672,DOUBLE,1,0,1,False,-1
2673,DOUBLE,1,0,1,False,-1
2676,DOUBLE,0,1,1,False,-1
2679,DOUBLE,1,0,1,False,-1
2680,DOUBLE,1,0,1,False,-1
2681,SINGLE,0,0,1,False,-1
2682,DOUBLE,1,0,1,False,-1
2683,SINGLE,0,0,1,False,-1
2684,DOUBLE,1,0,1,False,-1
2685,SINGLE,0,0,1,False,-1
2686,DOUBLE,1,0,1,False,-1
2687,DOUBLE,1,0,1,False,-1
2688,SINGLE,0,0,1,False,-1
2689,DOUBLE,1,0,1,False,-1
2690,SINGLE,0,0,1,False,-1
2691,DOUBLE,1,0,1,False,-1
2693,DOUBLE,1,0,1,False,-1
2694,DOUBLE,1,0,1,False,-1
2695,SINGLE,0,0,1,False,-1
2696,SINGLE,0,0,1,False,-1
2697,DOUBLE,1,0,1,False,-1
2698,DOUBLE,0,1,1,False,-1
2699,SINGLE,0,0,1,False,-1
2700,DOUBLE,1,0,1,False,-1
2701,SINGLE,0,0,1,False,-1
2702,DOUBLE,1,0,1,False,-1
2703,DOUBLE,1,0,1,False,-1
2704,DOUBLE,1,0,1,False,-1
2706,SINGLE,0,0,1,False,-1
2707,SINGLE,0,0,1,False,-1
2708,DOUBLE,1,0,1,False,-1
2709,DOUBLE,1,0,1,False,-1
2710,DOUBLE,1,0,1,False,-1
2712,DOUBLE,1,0,1,False,-1
2713,DOUBLE,1,0,1,False,-1
2714,SINGLE,0,0,1,False,-1
2715,DOUBLE,1,0,1,False,-1
2716,DOUBLE,1,0,1,False,-1
2717,SINGLE,0,0,1,False,-1
2718,SINGLE,0,0,1,False,-1
2719,DOUBLE,1,0,1,False,-1
2720,SINGLE,0,0,1,False,-1
2721,DOUBLE,1,0,1,False,-1
2722,DOUBLE,1,0,1,False,-1
2723,DOUBLE,1,0,1,False,-1
2724,SINGLE,0,0,1,False,-1
2725,DOUBLE,1,0,1,False,-1
2726,DOUBLE,1,0,1,False,-1
2727,SINGLE,0,0,1,False,-1
2728,DOUBLE,1,0,1,False,-1
2729,DOUBLE,1,0,1,False,-1
2730,SINGLE,0,0,1,False,-1
2731,SINGLE,0,0,1,False,-1
2732,DOUBLE,1,0,1,False,-1
2733,DOUBLE,1,0,1,False,-1
2734,DOUBLE,1,0,1,False,-1
2735,DOUBLE,1,0,1,False,-1
2736,DOUBLE,1,0,1,False,-1
2737,DOUBLE,1,0,1,False,-1
2738,DOUBLE,1,0,1,False,-1
2739,DOUBLE,1,0,1,False,-1
2740,SINGLE,0,0,1,False,-1
2741,DOUBLE,1,0,1,False,-1
2742,DOUBLE,1,0,1,False,-1
2743,DOUBLE,1,0,1,False,-1
2744,DOUBLE,1,0,1,False,-1
2745,SINGLE,0,0,1,False,-1
2747,SINGLE,0,0,1,False,-1
2749,DOUBLE,1,0,1,False,-1
2750,SINGLE,0,0,1,False,-1
2752,DOUBLE,1,0,1,False,-1
2753,SINGLE,0,0,1,False,-1
2754,DOUBLE,1,0,1,False,-1
2755,SINGLE,0,0,1,False,-1
2756,DOUBLE,1,0,1,False,-1
2757,DOUBLE,1,0,1,False,-1
2758,DOUBLE,1,0,1,False,-1
2759,DOUBLE,1,0,1,False,-1
2760,DOUBLE,1,0,1,False,-1
2761,DOUBLE,1,0,1,False,-1
2763,SINGLE,0,0,1,False,-1
2764,SINGLE,0,0,1,False,-1
2765,DOUBLE,1,0,1,False,-1
2766,SINGLE,0,0,1,False,-1
2767,SINGLE,0,0,1,False,-1
2768,SINGLE,0,0,1,False,-1
2769,DOUBLE,1,0,1,False,-1
2770,SINGLE,0,0,1,False,-1
2771,SINGLE,0,0,1,False,-1
2772,DOUBLE,1,0,1,False,-1
2773,SINGLE,0,0,1,False,-1
2774,DOUBLE,0,1,1,False,-1
2775,DOUBLE,1,0,1,False,-1
2776,DOUBLE,1,0,1,False,-1
2777,DOUBLE,1,0,1,False,-1
2778,DOUBLE,1,0,1,False,-1
2779,DOUBLE,1,0,1,False,-1
2780,DOUBLE,1,0,1,False,-1
2781,SINGLE,0,0,1,False,-1
2782,DOUBLE,1,0,1,False,-1
2783,SINGLE,0,0,1,False,-1
2784,DOUBLE,1,0,1,False,-1
2785,SINGLE,0,0,1,False,-1
2786,SINGLE,0,0,1,False,-1
2787,DOUBLE,1,0,1,False,-1
2789,DOUBLE,1,0,1,False,-1
2790,SINGLE,0,0,1,False,-1
2792,SINGLE,0,0,1,False,-1
2793,DOUBLE,1,0,1,False,-1
2794,SINGLE,0,0,1,False,-1
2795,DOUBLE,1,0,1,False,-1
2796,DOUBLE,1,0,1,False,-1
2797,SINGLE,0,0,1,False,-1
2798,DOUBLE,1,0,1,False,-1
2799,SINGLE,0,0,1,False,-1
2800,DOUBLE,1,0,1,False,-1
2801,DOUBLE,1,0,1,False,-1
2802,DOUBLE,1,0,1,False,-1
2803,SINGLE,0,0,1,False,-1
2804,SINGLE,0,0,1,False,-1
2806,DOUBLE,1,0,1,False,-1
2807,SINGLE,0,0,1,False,-1
2808,DOUBLE,1,0,1,False,-1
2809,DOUBLE,1,0,1,False,-1
2810,DOUBLE,1,0,1,False,-1
2812,DOUBLE,0,1,1,False,-1
2813,DOUBLE,1,0,1,False,-1
2814,SINGLE,0,0,1,False,-1
2815,DOUBLE,1,0,1,False,-1
2816,DOUBLE,1,0,1,False,-1
2817,DOUBLE,1,0,1,False,-1
2818,SINGLE,0,0,1,False,-1
2819,SINGLE,0,0,1,False,-1
2820,SINGLE,0,0,1,False,-1
2821,SINGLE,0,0,1,False,-1
2822,SINGLE,0,0,1,False,-1
2823,DOUBLE,1,0,1,False,-1
2824,DOUBLE,1,0,1,False,-1
2825,SINGLE,0,0,1,False,-1
2826,DOUBLE,1,0,1,False,-1
2827,DOUBLE,1,0,1,False,-1
2828,SINGLE,0,0,1,False,-1
2829,DOUBLE,1,0,1,False,-1
2830,SINGLE,0,0,1,False,-1
2831,SINGLE,0,0,1,False,-1
2832,DOUBLE,1,0,1,False,-1
2833,SINGLE,0,0,1,False,-1
2835,DOUBLE,1,0,1,False,-1
2836,DOUBLE,1,0,1,False,-1
2837,SINGLE,0,0,1,False,-1
2838,SINGLE,0,0,1,False,-1
2839,DOUBLE,1,0,1,False,-1
2840,DOUBLE,1,0,1,False,-1
2841,DOUBLE,1,0,1,False,-1
2842,SINGLE,0,0,1,False,-1
2843,DOUBLE,1,0,1,False,-1
2844,DOUBLE,1,0,1,False,-1
2845,DOUBLE,1,0,1,False,-1
2846,DOUBLE,1,0,1,False,-1
2848,SINGLE,0,0,1,False,-1
2849,DOUBLE,1,0,1,False,-1
2850,DOUBLE,1,0,1,False,-1
2851,DOUBLE,1,0,1,False,-1
2852,SINGLE,0,0,1,False,-1
2853,DOUBLE,1,0,1,False,-1
2854,SINGLE,0,0,1,False,-1
2855,DOUBLE,1,0,1,False,-1
2856,SINGLE,0,0,1,False,-1
2857,DOUBLE,1,0,1,False,-1
2858,DOUBLE,1,0,1,False,-1
2859,SINGLE,0,0,1,False,-1
2860,DOUBLE,1,0,1,False,-1
2861,DOUBLE,1,0,1,False,-1
2862,DOUBLE,1,0,1,False,-1
2863,SINGLE,0,0,1,False,-1
2864,SINGLE,0,0,1,False,-1
2865,DOUBLE,1,0,1,False,-1
2866,SINGLE,0,0,1,False,-1
2867,DOUBLE,1,0,1,False,-1
2868,DOUBLE,1,0,1,False,-1
2869,SINGLE,0,0,1,False,-1
2870,SINGLE,0,0,1,False,-1
2871,DOUBLE,1,0,1,False,-1
2872,DOUBLE,1,0,1,False,-1
2873,SINGLE,0,0,1,False,-1
2874,DOUBLE,1,0,1,False,-1
2875,SINGLE,0,0,1,False,-1
2876,SINGLE,0,0,1,False,-1
2877,DOUBLE,1,0,1,False,-1
2878,DOUBLE,1,0,1,False,-1
2879,DOUBLE,1,0,1,False,-1
2880,DOUBLE,1,0,1,False,-1
2881,DOUBLE,1,0,1,False,-1
2882,SINGLE,0,0,1,False,-1
2883,SINGLE,0,0,1,False,-1
2884,DOUBLE,1,0,1,False,-1
2885,DOUBLE,1,0,1,False,-1
2886,DOUBLE,1,0,1,False,-1
2887,SINGLE,0,0,1,False,-1
2888,SINGLE,0,0,1,False,-1
2889,SINGLE,0,0,1,False,-1
2890,DOUBLE,1,0,1,False,-1
2891,SINGLE,0,0,1,False,-1
2892,DOUBLE,1,0,1,False,-1
2893,DOUBLE,1,0,1,False,-1
2894,DOUBLE,1,0,1,False,-1
2895,DOUBLE,1,0,1,False,-1
2896,DOUBLE,1,0,1,False,-1
2897,SINGLE,0,0,1,False,-1
2898,SINGLE,0,0,1,False,-1
2899,SINGLE,0,0,1,False,-1
2900,DOUBLE,1,0,1,False,-1
2901,DOUBLE,1,0,1,False,-1
2902,DOUBLE,1,0,1,False,-1
2903,SINGLE,0,0,1,False,-1
2904,SINGLE,0,0,1,False,-1
2905,SINGLE,0,0,1,False,-1
2907,DOUBLE,1,0,1,False,-1
2908,SINGLE,0,0,1,False,-1
2909,SINGLE,0,0,1,False,-1
2910,SINGLE,0,0,1,False,-1
2911,DOUBLE,1,0,1,False,-1
2912,DOUBLE,1,0,1,False,-1
2913,DOUBLE,1,0,1,False,-1
2914,DOUBLE,1,0,1,False,-1
2915,DOUBLE,1,0,1,False,-1
2916,DOUBLE,1,0,1,False,-1
2917,DOUBLE,1,0,1,False,-1
2918,DOUBLE,1,0,1,False,-1
2919,DOUBLE,1,0,1,False,-1
2920,DOUBLE,1,0,1,False,-1
2921,DOUBLE,1,0,1,False,-1
2922,SINGLE,0,0,1,False,-1
2923,SINGLE,0,0,1,False,-1
2924,SINGLE,0,0,1,False,-1
2925,SINGLE,0,0,1,False,-1
2926,DOUBLE,1,0,1,False,-1
2928,DOUBLE,1,0,1,False,-1
2929,SINGLE,0,0,1,False,-1
2930,SINGLE,0,0,1,False,-1
2931,DOUBLE,1,0,1,False,-1
2932,SINGLE,0,0,1,False,-1
2933,DOUBLE,1,0,1,False,-1
2934,DOUBLE,1,0,1,False,-1
2936,DOUBLE,1,0,1,False,-1
2937,SINGLE,0,0,1,False,-1
2938,DOUBLE,1,0,1,False,-1
2939,DOUBLE,1,0,1,False,-1
2940,SINGLE,0,0,1,False,-1
2941,DOUBLE,1,0,1,False,-1
2942,DOUBLE,1,0,1,False,-1
2943,DOUBLE,1,0,1,False,-1
2944,DOUBLE,1,0,1,False,-1
2945,SINGLE,0,0,1,False,-1
2946,SINGLE,0,0,1,False,-1
2947,DOUBLE,1,0,1,False,-1
2948,DOUBLE,1,0,1,False,-1
2949,SINGLE,0,0,1,False,-1
2951,SINGLE,0,0,1,False,-1
2952,DOUBLE,1,0,1,False,-1
2953,SINGLE,0,0,1,False,-1
2954,DOUBLE,1,0,1,False,-1
2955,SINGLE,0,0,1,False,-1
2956,SINGLE,0,0,1,False,-1
2957,DOUBLE,1,0,1,False,-1
2958,DOUBLE,1,0,1,False,-1
2959,DOUBLE,1,0,1,False,-1
2960,SINGLE,0,0,1,False,-1
2961,DOUBLE,1,0,1,False,-1
2962,SINGLE,0,0,1,False,-1
2963,DOUBLE,1,0,1,False,-1
2964,DOUBLE,1,0,1,False,-1
2965,SINGLE,0,0,1,False,-1
2966,SINGLE,0,0,1,False,-1
2967,DOUBLE,1,0,1,False,-1
2969,DOUBLE,1,0,1,False,-1
2970,SINGLE,0,0,1,False,-1
2971,TRIPLE,1,1,1,False,-1
2972,SINGLE,0,0,1,False,-1
2973,DOUBLE,1,0,1,False,-1
2974,DOUBLE,1,0,1,False,-1
2975,DOUBLE,1,0,1,False,-1
2976,DOUBLE,1,0,1,False,-1
2978,SINGLE,0,0,1,False,-1
2979,SINGLE,0,0,1,False,-1
2980,DOUBLE,1,0,1,False,-1
2981,DOUBLE,1,0,1,False,-1
2982,DOUBLE,1,0,1,False,-1
2985,SINGLE,0,0,1,False,-1
2986,SINGLE,0,0,1,False,-1
2988,SINGLE,0,0,1,False,-1
2989,SINGLE,0,0,1,False,-1
2990,DOUBLE,1,0,1,False,-1
2991,SINGLE,0,0,1,False,-1
2992,DOUBLE,1,0,1,False,-1
2993,SINGLE,0,0,1,False,-1
2995,DOUBLE,1,0,1,False,-1
2996,DOUBLE,1,0,1,False,-1
2997,DOUBLE,1,0,1,False,-1
2998,DOUBLE,1,0,1,False,-1
2999,SINGLE,0,0,1,False,-1
3000,DOUBLE,1,0,1,False,-1
3001,DOUBLE,1,0,1,False,-1
3002,DOUBLE,1,0,1,False,-1
3003,SINGLE,0,0,1,False,-1
3004,SINGLE,0,0,1,False,-1
3005,DOUBLE,1,0,1,False,-1
3006,DOUBLE,1,0,1,False,-1
3007,SINGLE,0,0,1,False,-1
3008,DOUBLE,1,0,1,False,-1
3009,SINGLE,0,0,1,False,-1
3010,DOUBLE,1,0,1,False,-1
3011,SINGLE,0,0,1,False,-1
3012,DOUBLE,1,0,1,False,-1
3013,DOUBLE,1,0,1,False,-1
3014,DOUBLE,1,0,1,False,-1
3015,DOUBLE,1,0,1,False,-1
3016,SINGLE,0,0,1,False,-1
3017,DOUBLE,1,0,1,False,-1
3018,SINGLE,0,0,1,False,-1
3019,SINGLE,0,0,1,False,-1
3020,SINGLE,0,0,1,False,-1
3021,SINGLE,0,0,1,False,-1
3022,DOUBLE,1,0,1,False,-1
3024,SINGLE,0,0,1,False,-1
3025,DOUBLE,1,0,1,False,-1
3026,DOUBLE,1,0,1,False,-1
3027,DOUBLE,1,0,1,False,-1
3028,DOUBLE,1,0,1,False,-1
3029,DOUBLE,1,0,1,False,-1
3030,DOUBLE,1,0,1,False,-1
3031,DOUBLE,1,0,1,False,-1
3032,DOUBLE,1,0,1,False,-1
3033,SINGLE,0,0,1,False,-1
3034,SINGLE,0,0,1,False,-1
3036,DOUBLE,1,0,1,False,-1
3037,DOUBLE,1,0,1,False,-1
3038,DOUBLE,1,0,1,False,-1
3039,DOUBLE,1,0,1,False,-1
3040,DOUBLE,1,0,1,False,-1
3041,DOUBLE,1,0,1,False,-1
3042,SINGLE,0,0,1,False,-1
3043,DOUBLE,1,0,1,False,-1
3044,SINGLE,0,0,1,False,-1
3045,SINGLE,0,0,1,False,-1
3047,DOUBLE,1,0,1,False,-1
3048,DOUBLE,1,0,1,False,-1
3049,DOUBLE,1,0,1,False,-1
3050,SINGLE,0,0,1,False,-1
3051,DOUBLE,1,0,1,False,-1
3052,SINGLE,0,0,1,False,-1
3053,DOUBLE,1,0,1,False,-1
3055,DOUBLE,1,0,1,False,-1
3056,DOUBLE,1,0,1,False,-1
3057,SINGLE,0,0,1,False,-1
3059,SINGLE,0,0,1,False,-1
3061,SINGLE,0,0,1,False,-1
3062,DOUBLE,1,0,1,False,-1
3063,DOUBLE,1,0,1,False,-1
3064,SINGLE,0,0,1,False,-1
3065,SINGLE,0,0,1,False,-1
3066,DOUBLE,1,0,1,False,-1
3067,SINGLE,0,0,1,False,-1
3068,SINGLE,0,0,1,False,-1
3069,DOUBLE,1,0,1,False,-1
3070,DOUBLE,1,0,1,False,-1
3071,DOUBLE,1,0,1,False,-1
3072,DOUBLE,1,0,1,False,-1
3073,SINGLE,0,0,1,False,-1
3075,SINGLE,0,0,1,False,-1
3076,SINGLE,0,0,1,False,-1
3077,DOUBLE,1,0,1,False,-1
3078,DOUBLE,1,0,1,False,-1
3079,DOUBLE,1,0,1,False,-1
3080,DOUBLE,1,0,1,False,-1
3081,DOUBLE,1,0,1,False,-1
3082,DOUBLE,1,0,1,False,-1
3083,DOUBLE,1,0,1,False,-1
3084,DOUBLE,1,0,1,False,-1
3085,DOUBLE,1,0,1,False,-1
3086,SINGLE,0,0,1,False,-1
3087,DOUBLE,1,0,1,False,-1
3089,SINGLE,0,0,1,False,-1
3090,DOUBLE,1,0,1,False,-1
3091,SINGLE,0,0,1,False,-1
3092,SINGLE,0,0,1,False,-1
3093,DOUBLE,1,0,1,False,-1
3094,SINGLE,0,0,1,False,-1
3095,SINGLE,0,0,1,False,-1
3096,SINGLE,0,0,1,False,-1
3098,SINGLE,0,0,1,False,-1
3100,DOUBLE,1,0,1,False,-1
3101,SINGLE,0,0,1,False,-1
3102,SINGLE,0,0,1,False,-1
3103,DOUBLE,1,0,1,False,-1
3104,DOUBLE,1,0,1,False,-1
3106,DOUBLE,1,0,1,False,-1
3107,SINGLE,0,0,1,False,-1
3108,DOUBLE,1,0,1,False,-1
3109,DOUBLE,1,0,1,False,-1
3110,SINGLE,0,0,1,False,-1
3111,SINGLE,0,0,1,False,-1
3112,DOUBLE,1,0,1,False,-1
3113,SINGLE,0,0,1,False,-1
3115,DOUBLE,0,1,1,False,-1
3116,SINGLE,0,0,1,False,-1
3117,DOUBLE,1,0,1,False,-1
3118,DOUBLE,0,1,1,False,-1
3119,SINGLE,0,0,1,False,-1
3120,DOUBLE,1,0,1,False,-1
3121,DOUBLE,1,0,1,False,-1
3122,DOUBLE,1,0,1,False,-1
3123,DOUBLE,1,0,1,False,-1
3124,DOUBLE,1,0,1,False,-1
3126,SINGLE,0,0,1,False,-1
3127,DOUBLE,1,0,1,False,-1
3128,SINGLE,0,0,1,False,-1
3129,SINGLE,0,0,1,False,-1
3130,DOUBLE,1,0,1,False,-1
3131,SINGLE,0,0,1,False,-1
3132,DOUBLE,1,0,1,False,-1
3133,DOUBLE,1,0,1,False,-1
3134,DOUBLE,1,0,1,False,-1
3135,SINGLE,0,0,1,False,-1
3136,SINGLE,0,0,1,False,-1
3137,SINGLE,0,0,1,False,-1
3138,SINGLE,0,0,1,False,-1
3139,DOUBLE,1,0,1,False,-1
3140,SINGLE,0,0,1,False,-1
3141,SINGLE,0,0,1,False,-1
3142,SINGLE,0,0,1,False,-1
3143,TRIPLE,1,1,1,False,-1
3144,SINGLE,0,0,1,False,-1
3145,SINGLE,0,0,1,False,-1
3146,SINGLE,0,0,1,False,-1
3147,SINGLE,0,0,1,False,-1
3148,DOUBLE,1,0,1,False,-1
3149,SINGLE,0,0,1,False,-1
3150,DOUBLE,1,0,1,False,-1
3151,SINGLE,0,0,1,False,-1
3152,DOUBLE,1,0,1,False,-1
3153,SINGLE,0,0,1,False,-1
3154,SINGLE,0,0,1,False,-1
3155,DOUBLE,1,0,1,False,-1
3157,SINGLE,0,0,1,False,-1
3158,DOUBLE,1,0,1,False,-1
3159,DOUBLE,1,0,1,False,-1
3160,SINGLE,0,0,1,False,-1
3161,SINGLE,0,0,1,False,-1
3162,SINGLE,0,0,1,False,-1
3163,SINGLE,0,0,1,False,-1
3164,SINGLE,0,0,1,False,-1
3165,SINGLE,0,0,1,False,-1
3166,SINGLE,0,0,1,False,-1
3168,DOUBLE,1,0,1,False,-1
3169,DOUBLE,1,0,1,False,-1
3170,SINGLE,0,0,1,False,-1
3171,DOUBLE,1,0,1,False,-1
3172,DOUBLE,1,0,1,False,-1
3173,DOUBLE,1,0,1,False,-1
3174,SINGLE,0,0,1,False,-1
3175,DOUBLE,1,0,1,False,-1
3176,DOUBLE,1,0,1,False,-1
3177,DOUBLE,1,0,1,False,-1
3178,DOUBLE,1,0,1,False,-1
3180,DOUBLE,1,0,1,False,-1
3181,DOUBLE,1,0,1,False,-1
3182,SINGLE,0,0,1,False,-1
3183,DOUBLE,1,0,1,False,-1
3184,DOUBLE,1,0,1,False,-1
3185,SINGLE,0,0,1,False,-1
3186,SINGLE,0,0,1,False,-1
3187,DOUBLE,1,0,1,False,-1
3188,DOUBLE,1,0,1,False,-1
3189,DOUBLE,1,0,1,False,-1
3190,DOUBLE,1,0,1,False,-1
3192,DOUBLE,1,0,1,False,-1
3193,DOUBLE,1,0,1,False,-1
3194,DOUBLE,1,0,1,False,-1
3195,DOUBLE,1,0,1,False,-1
3196,DOUBLE,1,0,1,False,-1
3197,DOUBLE,1,0,1,False,-1
3198,SINGLE,0,0,1,False,-1
3199,SINGLE,0,0,1,False,-1
3200,DOUBLE,1,0,1,False,-1
3201,SINGLE,0,0,1,False,-1
3202,SINGLE,0,0,1,False,-1
3203,DOUBLE,1,0,1,False,-1
3204,DOUBLE,1,0,1,False,-1
3205,SINGLE,0,0,1,False,-1
3206,DOUBLE,1,0,1,False,-1
3208,SINGLE,0,0,1,False,-1
3209,DOUBLE,1,0,1,False,-1
3210,DOUBLE,1,0,1,False,-1
3211,DOUBLE,1,0,1,False,-1
3212,DOUBLE,1,0,1,False,-1
3213,DOUBLE,1,0,1,False,-1
3214,SINGLE,0,0,1,False,-1
3215,DOUBLE,1,0,1,False,-1
3216,DOUBLE,1,0,1,False,-1
3217,SINGLE,0,0,1,False,-1
3218,DOUBLE,1,0,1,False,-1
3219,SINGLE,0,0,1,False,-1
3220,DOUBLE,1,0,1,False,-1
3221,SINGLE,0,0,1,False,-1
3222,SINGLE,0,0,1,False,-1
3223,DOUBLE,1,0,1,False,-1
3224,SINGLE,0,0,1,False,-1
3225,DOUBLE,1,0,1,False,-1
3226,SINGLE,0,0,1,False,-1
3227,TRIPLE,1,1,1,False,-1
3228,SINGLE,0,0,1,False,-1
3229,DOUBLE,1,0,1,False,-1
3230,DOUBLE,1,0,1,False,-1
3231,DOUBLE,1,0,1,False,-1
3232,SINGLE,0,0,1,False,-1
3233,DOUBLE,1,0,1,False,-1
3234,SINGLE,0,0,1,False,-1
3235,DOUBLE,1,0,1,False,-1
3236,SINGLE,0,0,1,False,-1
3237,DOUBLE,1,0,1,False,-1
3238,DOUBLE,1,0,1,False,-1
3239,SINGLE,0,0,1,False,-1
3240,DOUBLE,1,0,1,False,-1
3241,SINGLE,0,0,1,False,-1
3242,DOUBLE,1,0,1,False,-1
3243,SINGLE,0,0,1,False,-1
3244,SINGLE,0,0,1,False,-1
3245,SINGLE,0,0,1,False,-1
3247,SINGLE,0,0,1,False,-1
3248,SINGLE,0,0,1,False,-1
3249,SINGLE,0,0,1,False,-1
3250,DOUBLE,1,0,1,False,-1
3252,SINGLE,0,0,1,False,-1
3254,DOUBLE,1,0,1,False,-1
3255,DOUBLE,1,0,1,False,-1
3256,DOUBLE,1,0,1,False,-1
3257,DOUBLE,1,0,1,False,-1
3258,SINGLE,0,0,1,False,-1
3259,SINGLE,0,0,1,False,-1
3260,SINGLE,0,0,1,False,-1
3261,DOUBLE,1,0,1,False,-1
3266,DOUBLE,1,0,1,False,-1
3268,DOUBLE,1,0,1,False,-1
3270,SINGLE,0,0,1,False,-1
3271,DOUBLE,1,0,1,False,-1
3272,DOUBLE,1,0,1,False,-1
3273,TRIPLE,1,1,1,False,-1
3274,DOUBLE,1,0,1,False,-1
3275,DOUBLE,1,0,1,False,-1
3277,DOUBLE,1,0,1,False,-1
3278,DOUBLE,1,0,1,False,-1
3279,SINGLE,0,0,1,False,-1
3280,SINGLE,0,0,1,False,-1
3281,SINGLE,0,0,1,False,-1
3282,SINGLE,0,0,1,False,-1
3283,DOUBLE,1,0,1,False,-1
3284,SINGLE,0,0,1,False,-1
3285,SINGLE,0,0,1,False,-1
3286,DOUBLE,1,0,1,False,-1
3287,DOUBLE,1,0,1,False,-1
3288,DOUBLE,1,0,1,False,-1
3289,SINGLE,0,0,1,False,-1
3290,SINGLE,0,0,1,False,-1
3291,DOUBLE,0,1,1,False,-1
3292,SINGLE,0,0,1,False,-1
3293,DOUBLE,1,0,1,False,-1
3294,SINGLE,0,0,1,False,-1
3295,DOUBLE,1,0,1,False,-1
3296,DOUBLE,1,0,1,False,-1
3297,DOUBLE,1,0,1,False,-1
3298,DOUBLE,1,0,1,False,-1
3299,SINGLE,0,0,1,False,-1
3300,DOUBLE,1,0,1,False,-1
3301,DOUBLE,1,0,1,False,-1
3302,SINGLE,0,0,1,False,-1
3303,DOUBLE,1,0,1,False,-1
3304,DOUBLE,1,0,1,False,-1
3305,DOUBLE,1,0,1,False,-1
3306,DOUBLE,1,0,1,False,-1
3307,SINGLE,0,0,1,False,-1
3308,DOUBLE,1,0,1,False,-1
3309,DOUBLE,1,0,1,False,-1
3310,SINGLE,0,0,1,False,-1
3311,DOUBLE,1,0,1,False,-1
3313,DOUBLE,1,0,1,False,-1
3314,DOUBLE,1,0,1,False,-1
3315,DOUBLE,1,0,1,False,-1
3316,SINGLE,0,0,1,False,-1
3317,DOUBLE,1,0,1,False,-1
3319,SINGLE,0,0,1,False,-1
3320,DOUBLE,1,0,1,False,-1
3321,DOUBLE,1,0,1,False,-1
3323,SINGLE,0,0,1,False,-1
3324,SINGLE,0,0,1,False,-1
3325,DOUBLE,1,0,1,False,-1
3326,SINGLE,0,0,1,False,-1
3328,SINGLE,0,0,1,False,-1
3329,DOUBLE,1,0,1,False,-1
3330,DOUBLE,1,0,1,False,-1
3331,SINGLE,0,0,1,False,-1
3332,DOUBLE,1,0,1,False,-1
3333,DOUBLE,1,0,1,False,-1
3334,DOUBLE,1,0,1,False,-1
3336,DOUBLE,1,0,1,False,-1
3337,DOUBLE,1,0,1,False,-1
3338,DOUBLE,1,0,1,False,-1
3339,DOUBLE,1,0,1,False,-1
3340,DOUBLE,1,0,1,False,-1
3341,SINGLE,0,0,1,False,-1
3342,DOUBLE,1,0,1,False,-1
3343,DOUBLE,1,0,1,False,-1
3345,DOUBLE,1,0,1,False,-1
3346,DOUBLE,1,0,1,False,-1
3347,DOUBLE,1,0,1,False,-1
3349,DOUBLE,1,0,1,False,-1
3350,SINGLE,0,0,1,False,-1
3351,DOUBLE,1,0,1,False,-1
3352,DOUBLE,1,0,1,False,-1
3353,SINGLE,0,0,1,False,-1
3354,DOUBLE,1,0,1,False,-1
3356,DOUBLE,1,0,1,False,-1
3357,DOUBLE,1,0,1,False,-1
3358,SINGLE,0,0,1,False,-1
3359,DOUBLE,1,0,1,False,-1
3361,SINGLE,0,0,1,False,-1
3362,DOUBLE,1,0,1,False,-1
3363,DOUBLE,1,0,1,False,-1
3364,DOUBLE,1,0,1,False,-1
3365,DOUBLE,1,0,1,False,-1
3366,DOUBLE,1,0,1,False,-1
3367,DOUBLE,1,0,1,False,-1
3368,DOUBLE,1,0,1,False,-1
3369,DOUBLE,1,0,1,False,-1
3370,DOUBLE,1,0,1,False,-1
3371,SINGLE,0,0,1,False,-1
3373,SINGLE,0,0,1,False,-1
3374,DOUBLE,1,0,1,False,-1
3375,SINGLE,0,0,1,False,-1
3376,DOUBLE,1,0,1,False,-1
3377,DOUBLE,1,0,1,False,-1
3378,DOUBLE,1,0,1,False,-1
3379,DOUBLE,1,0,1,False,-1
3380,DOUBLE,1,0,1,False,-1
3381,DOUBLE,1,0,1,False,-1
3382,DOUBLE,1,0,1,False,-1
3383,SINGLE,0,0,1,False,-1
3384,TRIPLE,1,1,1,False,-1
3387,DOUBLE,1,0,1,False,-1
3388,DOUBLE,1,0,1,False,-1
3389,SINGLE,0,0,1,False,-1
3390,DOUBLE,1,0,1,False,-1
3391,SINGLE,0,0,1,False,-1
3392,DOUBLE,1,0,1,False,-1
3393,SINGLE,0,0,1,False,-1
3394,SINGLE,0,0,1,False,-1
3395,DOUBLE,1,0,1,False,-1
3396,DOUBLE,1,0,1,False,-1
3398,DOUBLE,1,0,1,False,-1
3399,SINGLE,0,0,1,False,-1
3400,DOUBLE,1,0,1,False,-1
3401,DOUBLE,1,0,1,False,-1
3402,SINGLE,0,0,1,False,-1
3404,DOUBLE,1,0,1,False,-1
3405,DOUBLE,1,0,1,False,-1
3406,DOUBLE,1,0,1,False,-1
3407,DOUBLE,1,0,1,False,-1
3408,DOUBLE,1,0,1,False,-1
3409,SINGLE,0,0,1,False,-1
3410,SINGLE,0,0,1,False,-1
3411,DOUBLE,1,0,1,False,-1
3412,SINGLE,0,0,1,False,-1
3413,DOUBLE,1,0,1,False,-1
3414,DOUBLE,1,0,1,False,-1
3415,DOUBLE,1,0,1,False,-1
3416,DOUBLE,1,0,1,False,-1
3417,DOUBLE,1,0,1,False,-1
3418,DOUBLE,1,0,1,False,-1
3419,SINGLE,0,0,1,False,-1
3421,SINGLE,0,0,1,False,-1
3422,SINGLE,0,0,1,False,-1
3423,SINGLE,0,0,1,False,-1
3424,DOUBLE,1,0,1,False,-1
3425,SINGLE,0,0,1,False,-1
3426,SINGLE,0,0,1,False,-1
3427,DOUBLE,1,0,1,False,-1
3428,DOUBLE,1,0,1,False,-1
3430,DOUBLE,1,0,1,False,-1
3432,DOUBLE,1,0,1,False,-1
3433,DOUBLE,1,0,1,False,-1
3434,DOUBLE,1,0,1,False,-1
3435,DOUBLE,1,0,1,False,-1
3436,DOUBLE,1,0,1,False,-1
3437,SINGLE,0,0,1,False,-1
3439,SINGLE,0,0,1,False,-1
3440,DOUBLE,1,0,1,False,-1
3441,SINGLE,0,0,1,False,-1
3442,SINGLE,0,0,1,False,-1
3443,DOUBLE,1,0,1,False,-1
3444,DOUBLE,1,0,1,False,-1
3445,DOUBLE,1,0,1,False,-1
3447,SINGLE,0,0,1,False,-1
3448,DOUBLE,1,0,1,False,-1
3449,DOUBLE,1,0,1,False,-1
3450,SINGLE,0,0,1,False,-1
3451,SINGLE,0,0,1,False,-1
3452,DOUBLE,1,0,1,False,-1
3453,SINGLE,0,0,1,False,-1
3454,DOUBLE,1,0,1,False,-1
3455,DOUBLE,1,0,1,False,-1
3456,DOUBLE,1,0,1,False,-1
3457,DOUBLE,1,0,1,False,-1
3460,DOUBLE,1,0,1,False,-1
3461,DOUBLE,1,0,1,False,-1
3462,DOUBLE,1,0,1,False,-1
3463,DOUBLE,1,0,1,False,-1
3464,DOUBLE,1,0,1,False,-1
3465,DOUBLE,1,0,1,False,-1
3466,SINGLE,0,0,1,False,-1
3467,SINGLE,0,0,1,False,-1
3468,DOUBLE,1,0,1,False,-1
3470,DOUBLE,1,0,1,False,-1
3471,DOUBLE,1,0,1,False,-1
3472,DOUBLE,1,0,1,False,-1
3474,DOUBLE,1,0,1,False,-1
3475,SINGLE,0,0,1,False,-1
3476,SINGLE,0,0,1,False,-1
3477,DOUBLE,1,0,1,False,-1
3478,DOUBLE,1,0,1,False,-1
3480,DOUBLE,1,0,1,False,-1
3481,SINGLE,0,0,1,False,-1
3482,DOUBLE,1,0,1,False,-1
3483,DOUBLE,1,0,1,False,-1
3484,SINGLE,0,0,1,False,-1
3485,DOUBLE,1,0,1,False,-1
3486,SINGLE,0,0,1,False,-1
3487,SINGLE,0,0,1,False,-1
3488,DOUBLE,1,0,1,False,-1
3489,SINGLE,0,0,1,False,-1
3490,SINGLE,0,0,1,False,-1
3491,SINGLE,0,0,1,False,-1
3492,SINGLE,0,0,1,False,-1
3493,DOUBLE,1,0,1,False,-1
3494,SINGLE,0,0,1,False,-1
3495,DOUBLE,1,0,1,False,-1
3496,SINGLE,0,0,1,False,-1
3498,SINGLE,0,0,1,False,-1
3499,DOUBLE,0,1,1,False,-1
3500,DOUBLE,1,0,1,False,-1
3501,DOUBLE,1,0,1,False,-1
3502,DOUBLE,1,0,1,False,-1
3503,DOUBLE,1,0,1,False,-1
3505,DOUBLE,1,0,1,False,-1
3506,DOUBLE,1,0,1,False,-1
3507,DOUBLE,1,0,1,False,-1
3508,DOUBLE,1,0,1,False,-1
3509,DOUBLE,1,0,1,False,-1
3510,SINGLE,0,0,1,False,-1
3511,SINGLE,0,0,1,False,-1
3512,SINGLE,0,0,1,False,-1
3513,SINGLE,0,0,1,False,-1
3514,DOUBLE,1,0,1,False,-1
3515,DOUBLE,1,0,1,False,-1
3516,SINGLE,0,0,1,False,-1
3517,SINGLE,0,0,1,False,-1
3518,SINGLE,0,0,1,False,-1
3519,SINGLE,0,0,1,False,-1
3520,SINGLE,0,0,1,False,-1
3521,DOUBLE,1,0,1,False,-1
3522,DOUBLE,1,0,1,False,-1
3523,DOUBLE,1,0,1,False,-1
3524,SINGLE,0,0,1,False,-1
3525,SINGLE,0,0,1,False,-1
3526,DOUBLE,1,0,1,False,-1
3527,DOUBLE,1,0,1,False,-1
3528,SINGLE,0,0,1,False,-1
3529,DOUBLE,1,0,1,False,-1
3530,DOUBLE,1,0,1,False,-1
3531,SINGLE,0,0,1,False,-1
3534,SINGLE,0,0,1,False,-1
3535,DOUBLE,1,0,1,False,-1
3536,SINGLE,0,0,1,False,-1
3537,SINGLE,0,0,1,False,-1
3538,DOUBLE,1,0,1,False,-1
3540,SINGLE,0,0,1,False,-1
3541,DOUBLE,1,0,1,False,-1
3542,DOUBLE,0,1,1,False,-1
3543,SINGLE,0,0,1,False,-1
3544,SINGLE,0,0,1,False,-1
3545,DOUBLE,1,0,1,False,-1
3546,SINGLE,0,0,1,False,-1
3547,SINGLE,0,0,1,False,-1
3548,SINGLE,0,0,1,False,-1
3549,SINGLE,0,0,1,False,-1
3550,SINGLE,0,0,1,False,-1
3551,SINGLE,0,0,1,False,-1
3552,DOUBLE,1,0,1,False,-1
3553,SINGLE,0,0,1,False,-1
3554,SINGLE,0,0,1,False,-1
3556,DOUBLE,1,0,1,False,-1
3557,DOUBLE,1,0,1,False,-1
3558,DOUBLE,1,0,1,False,-1
3559,DOUBLE,1,0,1,False,-1
3560,DOUBLE,1,0,1,False,-1
3561,SINGLE,0,0,1,False,-1
3562,SINGLE,0,0,1,False,-1
3563,DOUBLE,1,0,1,False,-1
3564,DOUBLE,1,0,1,False,-1
3565,DOUBLE,1,0,1,False,-1
3566,DOUBLE,1,0,1,False,-1
3567,SINGLE,0,0,1,False,-1
3568,DOUBLE,1,0,1,False,-1
3569,DOUBLE,1,0,1,False,-1
3570,DOUBLE,1,0,1,False,-1
3571,SINGLE,0,0,1,False,-1
3573,SINGLE,0,0,1,False,-1
3574,DOUBLE,1,0,1,False,-1
3575,DOUBLE,1,0,1,False,-1
3576,SINGLE,0,0,1,False,-1
3577,DOUBLE,1,0,1,False,-1
3578,TRIPLE,1,1,1,False,-1
3579,DOUBLE,1,0,1,False,-1
3580,DOUBLE,1,0,1,False,-1
3581,DOUBLE,1,0,1,False,-1
3582,DOUBLE,1,0,1,False,-1
3583,DOUBLE,1,0,1,False,-1
3584,SINGLE,0,0,1,False,-1
3585,SINGLE,0,0,1,False,-1
3587,DOUBLE,1,0,1,False,-1
3588,DOUBLE,1,0,1,False,-1
3589,DOUBLE,1,0,1,False,-1
3590,SINGLE,0,0,1,False,-1
3591,DOUBLE,1,0,1,False,-1
3592,SINGLE,0,0,1,False,-1
3593,SINGLE,0,0,1,False,-1
3594,SINGLE,0,0,1,False,-1
3595,DOUBLE,1,0,1,False,-1
3596,SINGLE,0,0,1,False,-1
3597,DOUBLE,1,0,1,False,-1
3598,DOUBLE,1,0,1,False,-1
3599,SINGLE,0,0,1,False,-1
3600,DOUBLE,1,0,1,False,-1
3601,SINGLE,0,0,1,False,-1
3602,SINGLE,0,0,1,False,-1
3603,DOUBLE,1,0,1,False,-1
3604,DOUBLE,1,0,1,False,-1
3605,SINGLE,0,0,1,False,-1
3606,DOUBLE,1,0,1,False,-1
3607,SINGLE,0,0,1,False,-1
3608,DOUBLE,1,0,1,False,-1
3609,DOUBLE,1,0,1,False,-1
3610,SINGLE,0,0,1,False,-1
3611,SINGLE,0,0,1,False,-1
3612,DOUBLE,1,0,1,False,-1
3613,DOUBLE,1,0,1,False,-1
3614,SINGLE,0,0,1,False,-1
3615,DOUBLE,1,0,1,False,-1
3616,DOUBLE,1,0,1,False,-1
3617,DOUBLE,1,0,1,False,-1
3618,DOUBLE,1,0,1,False,-1
3619,SINGLE,0,0,1,False,-1
3620,DOUBLE,1,0,1,False,-1
3621,SINGLE,0,0,1,False,-1
3622,DOUBLE,1,0,1,False,-1
3623,DOUBLE,1,0,1,False,-1
3624,SINGLE,0,0,1,False,-1
3625,SINGLE,0,0,1,False,-1
3626,SINGLE,0,0,1,False,-1
3627,SINGLE,0,0,1,False,-1
3628,SINGLE,0,0,1,False,-1
3629,SINGLE,0,0,1,False,-1
3630,DOUBLE,1,0,1,False,-1
3631,DOUBLE,1,0,1,False,-1
3632,DOUBLE,1,0,1,False,-1
3633,DOUBLE,1,0,1,False,-1
3634,DOUBLE,1,0,1,False,-1
3635,DOUBLE,1,0,1,False,-1
3636,DOUBLE,1,0,1,False,-1
3638,SINGLE,0,0,1,False,-1
3639,SINGLE,0,0,1,False,-1
3641,DOUBLE,1,0,1,False,-1
3642,DOUBLE,1,0,1,False,-1
3643,SINGLE,0,0,1,False,-1
3644,SINGLE,0,0,1,False,-1
3645,SINGLE,0,0,1,False,-1
3647,DOUBLE,1,0,1,False,-1
3648,DOUBLE,1,0,1,False,-1
3649,SINGLE,0,0,1,False,-1
3651,SINGLE,0,0,1,False,-1
3652,SINGLE,0,0,1,False,-1
3653,SINGLE,0,0,1,False,-1
3654,SINGLE,0,0,1,False,-1
3655,DOUBLE,1,0,1,False,-1
3656,SINGLE,0,0,1,False,-1
3657,SINGLE,0,0,1,False,-1
3658,DOUBLE,1,0,1,False,-1
3659,SINGLE,0,0,1,False,-1
3660,DOUBLE,1,0,1,False,-1
3661,SINGLE,0,0,1,False,-1
3662,DOUBLE,1,0,1,False,-1
3664,SINGLE,0,0,1,False,-1
3665,DOUBLE,1,0,1,False,-1
3666,DOUBLE,1,0,1,False,-1
3667,SINGLE,0,0,1,False,-1
3668,DOUBLE,1,0,1,False,-1
3669,DOUBLE,1,0,1,False,-1
3670,DOUBLE,1,0,1,False,-1
3671,DOUBLE,1,0,1,False,-1
3672,DOUBLE,1,0,1,False,-1
3673,SINGLE,0,0,1,False,-1
3674,SINGLE,0,0,1,False,-1
3675,SINGLE,0,0,1,False,-1
3676,DOUBLE,0,1,1,False,-1
3677,DOUBLE,1,0,1,False,-1
3678,SINGLE,0,0,1,False,-1
3679,DOUBLE,1,0,1,False,-1
3680,DOUBLE,1,0,1,False,-1
3681,SINGLE,0,0,1,False,-1
3684,DOUBLE,1,0,1,False,-1
3686,SINGLE,0,0,1,False,-1
3687,DOUBLE,1,0,1,False,-1
3689,DOUBLE,1,0,1,False,-1
3691,DOUBLE,1,0,1,False,-1
3692,SINGLE,0,0,1,False,-1
3693,DOUBLE,1,0,1,False,-1
3694,SINGLE,0,0,1,False,-1
3695,SINGLE,0,0,1,False,-1
3696,DOUBLE,1,0,1,False,-1
3697,SINGLE,0,0,1,False,-1
3698,SINGLE,0,0,1,False,-1
3699,DOUBLE,1,0,1,False,-1
3700,DOUBLE,1,0,1,False,-1
3701,SINGLE,0,0,1,False,-1
3702,DOUBLE,1,0,1,False,-1
3704,DOUBLE,1,0,1,False,-1
3705,SINGLE,0,0,1,False,-1
3706,SINGLE,0,0,1,False,-1
3708,SINGLE,0,0,1,False,-1
3709,SINGLE,0,0,1,False,-1
3710,DOUBLE,1,0,1,False,-1
3711,SINGLE,0,0,1,False,-1
3712,DOUBLE,1,0,1,False,-1
3713,SINGLE,0,0,1,False,-1
3714,SINGLE,0,0,1,False,-1
3715,SINGLE,0,0,1,False,-1
3716,SINGLE,0,0,1,False,-1
3717,TRIPLE,1,1,1,False,-1
3718,SINGLE,0,0,1,False,-1
3719,DOUBLE,1,0,1,False,-1
3720,DOUBLE,1,0,1,False,-1
3721,DOUBLE,1,0,1,False,-1
3722,DOUBLE,1,0,1,False,-1
3723,DOUBLE,1,0,1,False,-1
3724,DOUBLE,1,0,1,False,-1
3727,DOUBLE,1,0,1,False,-1
3729,DOUBLE,1,0,1,False,-1
3730,DOUBLE,1,0,1,False,-1
3731,DOUBLE,1,0,1,False,-1
3732,SINGLE,0,0,1,False,-1
3734,DOUBLE,1,0,1,False,-1
3735,SINGLE,0,0,1,False,-1
3736,DOUBLE,1,0,1,False,-1
3737,DOUBLE,1,0,1,False,-1
3738,DOUBLE,1,0,1,False,-1
3740,SINGLE,0,0,1,False,-1
3742,SINGLE,0,0,1,False,-1
3743,SINGLE,0,0,1,False,-1
3744,DOUBLE,1,0,1,False,-1
3745,DOUBLE,1,0,1,False,-1
3746,DOUBLE,1,0,1,False,-1
3747,DOUBLE,1,0,1,False,-1
3749,DOUBLE,1,0,1,False,-1
3750,SINGLE,0,0,1,False,-1
3751,SINGLE,0,0,1,False,-1
3752,SINGLE,0,0,1,False,-1
3753,DOUBLE,1,0,1,False,-1
3755,SINGLE,0,0,1,False,-1
3756,SINGLE,0,0,1,False,-1
3758,SINGLE,0,0,1,False,-1
3759,SINGLE,0,0,1,False,-1
3760,SINGLE,0,0,1,False,-1
3761,SINGLE,0,0,1,False,-1
3762,SINGLE,0,0,1,False,-1
3763,SINGLE,0,0,1,False,-1
3764,DOUBLE,1,0,1,False,-1
3765,SINGLE,0,0,1,False,-1
3766,DOUBLE,1,0,1,False,-1
3767,DOUBLE,1,0,1,False,-1
3769,SINGLE,0,0,1,False,-1
3770,SINGLE,0,0,1,False,-1
3771,DOUBLE,1,0,1,False,-1
3772,DOUBLE,1,0,1,False,-1
3773,DOUBLE,1,0,1,False,-1
3775,DOUBLE,1,0,1,False,-1
3776,SINGLE,0,0,1,False,-1
3777,DOUBLE,1,0,1,False,-1
3778,SINGLE,0,0,1,False,-1
3779,SINGLE,0,0,1,False,-1
3780,SINGLE,0,0,1,False,-1
3781,SINGLE,0,0,1,False,-1
3782,SINGLE,0,0,1,False,-1
3783,DOUBLE,1,0,1,False,-1
3784,SINGLE,0,0,1,False,-1
3785,SINGLE,0,0,1,False,-1
3786,SINGLE,0,0,1,False,-1
3787,SINGLE,0,0,1,False,-1
3788,DOUBLE,1,0,1,False,-1
3790,DOUBLE,1,0,1,False,-1
3791,SINGLE,0,0,1,False,-1
3792,DOUBLE,1,0,1,False,-1
3793,DOUBLE,1,0,1,False,-1
3794,SINGLE,0,0,1,False,-1
3795,SINGLE,0,0,1,False,-1
3796,DOUBLE,1,0,1,False,-1
3797,DOUBLE,1,0,1,False,-1
3798,DOUBLE,1,0,1,False,-1
3799,DOUBLE,1,0,1,False,-1
3800,DOUBLE,1,0,1,False,-1
3801,SINGLE,0,0,1,False,-1
3802,DOUBLE,1,0,1,False,-1
3803,SINGLE,0,0,1,False,-1
3804,DOUBLE,1,0,1,False,-1
3805,SINGLE,0,0,1,False,-1
3806,SINGLE,0,0,1,False,-1
3807,SINGLE,0,0,1,False,-1
3808,DOUBLE,1,0,1,False,-1
3809,DOUBLE,1,0,1,False,-1
3810,DOUBLE,1,0,1,False,-1
3811,DOUBLE,1,0,1,False,-1
3812,DOUBLE,1,0,1,False,-1
3813,SINGLE,0,0,1,False,-1
3814,SINGLE,0,0,1,False,-1
3816,DOUBLE,1,0,1,False,-1
3817,SINGLE,0,0,1,False,-1
3818,SINGLE,0,0,1,False,-1
3819,DOUBLE,1,0,1,False,-1
3820,SINGLE,0,0,1,False,-1
3821,DOUBLE,1,0,1,False,-1
3822,SINGLE,0,0,1,False,-1
3823,DOUBLE,1,0,1,False,-1
3824,DOUBLE,1,0,1,False,-1
3825,SINGLE,0,0,1,False,-1
3826,DOUBLE,1,0,1,False,-1
3827,DOUBLE,1,0,1,False,-1
3828,DOUBLE,1,0,1,False,-1
3829,DOUBLE,1,0,1,False,-1
3830,DOUBLE,1,0,1,False,-1
3831,DOUBLE,1,0,1,False,-1
3832,SINGLE,0,0,1,False,-1
3833,DOUBLE,1,0,1,False,-1
3835,SINGLE,0,0,1,False,-1
3836,DOUBLE,1,0,1,False,-1
3837,DOUBLE,1,0,1,False,-1
3838,DOUBLE,1,0,1,False,-1
3839,DOUBLE,1,0,1,False,-1
3840,DOUBLE,1,0,1,False,-1
3841,DOUBLE,1,0,1,False,-1
3842,SINGLE,0,0,1,False,-1
3843,DOUBLE,1,0,1,False,-1
3844,DOUBLE,1,0,1,False,-1
3845,DOUBLE,1,0,1,False,-1
3846,DOUBLE,1,0,1,False,-1
3847,DOUBLE,1,0,1,False,-1
3848,DOUBLE,1,0,1,False,-1
3849,DOUBLE,1,0,1,False,-1
3850,DOUBLE,1,0,1,False,-1
3851,SINGLE,0,0,1,False,-1
3852,DOUBLE,1,0,1,False,-1
3854,DOUBLE,1,0,1,False,-1
3855,SINGLE,0,0,1,False,-1
3856,SINGLE,0,0,1,False,-1
3857,SINGLE,0,0,1,False,-1
3858,SINGLE,0,0,1,False,-1
3859,SINGLE,0,0,1,False,-1
3860,SINGLE,0,0,1,False,-1
3861,DOUBLE,1,0,1,False,-1
3862,SINGLE,0,0,1,False,-1
3863,DOUBLE,1,0,1,False,-1
3865,SINGLE,0,0,1,False,-1
3866,DOUBLE,1,0,1,False,-1
3867,DOUBLE,1,0,1,False,-1
3868,SINGLE,0,0,1,False,-1
3869,SINGLE,0,0,1,False,-1
3870,SINGLE,0,0,1,False,-1
3871,SINGLE,0,0,1,False,-1
3872,SINGLE,0,0,1,False,-1
3873,DOUBLE,1,0,1,False,-1
3874,DOUBLE,1,0,1,False,-1
3875,SINGLE,0,0,1,False,-1
3876,SINGLE,0,0,1,False,-1
3877,SINGLE,0,0,1,False,-1
3878,DOUBLE,1,0,1,False,-1
3879,DOUBLE,1,0,1,False,-1
3880,DOUBLE,1,0,1,False,-1
3881,DOUBLE,1,0,1,False,-1
3884,SINGLE,0,0,1,False,-1
3885,DOUBLE,1,0,1,False,-1
3886,DOUBLE,1,0,1,False,-1
3887,DOUBLE,1,0,1,False,-1
3888,SINGLE,0,0,1,False,-1
3889,DOUBLE,1,0,1,False,-1
3890,SINGLE,0,0,1,False,-1
3891,SINGLE,0,0,1,False,-1
3892,DOUBLE,1,0,1,False,-1
3893,SINGLE,0,0,1,False,-1
3894,SINGLE,0,0,1,False,-1
3895,DOUBLE,1,0,1,False,-1
3896,SINGLE,0,0,1,False,-1
3897,DOUBLE,1,0,1,False,-1
3898,DOUBLE,1,0,1,False,-1
3899,DOUBLE,1,0,1,False,-1
3900,SINGLE,0,0,1,False,-1
3901,DOUBLE,1,0,1,False,-1
3902,DOUBLE,1,0,1,False,-1
3903,SINGLE,0,0,1,False,-1
3904,SINGLE,0,0,1,False,-1
3905,SINGLE,0,0,1,False,-1
3906,DOUBLE,1,0,1,False,-1
3907,SINGLE,0,0,1,False,-1
3909,DOUBLE,1,0,1,False,-1
3910,DOUBLE,1,0,1,False,-1
3911,SINGLE,0,0,1,False,-1
3912,DOUBLE,1,0,1,False,-1
3913,DOUBLE,1,0,1,False,-1
3914,DOUBLE,1,0,1,False,-1
3915,SINGLE,0,0,1,False,-1
3916,SINGLE,0,0,1,False,-1
3917,SINGLE,0,0,1,False,-1
3918,SINGLE,0,0,1,False,-1
3919,SINGLE,0,0,1,False,-1
3921,DOUBLE,1,0,1,False,-1
3922,DOUBLE,1,0,1,False,-1
3923,SINGLE,0,0,1,False,-1
3924,DOUBLE,1,0,1,False,-1
3925,DOUBLE,1,0,1,False,-1
3926,DOUBLE,1,0,1,False,-1
3927,SINGLE,0,0,1,False,-1
3928,SINGLE,0,0,1,False,-1
3930,DOUBLE,1,0,1,False,-1
3931,DOUBLE,1,0,1,False,-1
3932,SINGLE,0,0,1,False,-1
3933,DOUBLE,1,0,1,False,-1
3934,DOUBLE,1,0,1,False,-1
3935,SINGLE,0,0,1,False,-1
3936,DOUBLE,1,0,1,False,-1
3937,SINGLE,0,0,1,False,-1
3938,SINGLE,0,0,1,False,-1
3939,DOUBLE,1,0,1,False,-1
3940,DOUBLE,1,0,1,False,-1
3941,DOUBLE,1,0,1,False,-1
3942,SINGLE,0,0,1,False,-1
3943,SINGLE,0,0,1,False,-1
3944,DOUBLE,1,0,1,False,-1
3948,DOUBLE,1,0,1,False,-1
3949,SINGLE,0,0,1,False,-1
3950,SINGLE,0,0,1,False,-1
3951,SINGLE,0,0,1,False,-1
3952,DOUBLE,1,0,1,False,-1
3953,SINGLE,0,0,1,False,-1
3954,SINGLE,0,0,1,False,-1
3955,DOUBLE,1,0,1,False,-1
3956,DOUBLE,1,0,1,False,-1
3957,SINGLE,0,0,1,False,-1
3958,SINGLE,0,0,1,False,-1
3959,SINGLE,0,0,1,False,-1
3960,SINGLE,0,0,1,False,-1
3961,SINGLE,0,0,1,False,-1
3963,SINGLE,0,0,1,False,-1
3964,DOUBLE,1,0,1,False,-1
3965,DOUBLE,1,0,1,False,-1
3966,SINGLE,0,0,1,False,-1
3967,DOUBLE,1,0,1,False,-1
3968,DOUBLE,1,0,1,False,-1
3969,SINGLE,0,0,1,False,-1
3970,DOUBLE,1,0,1,False,-1
3971,SINGLE,0,0,1,False,-1
3973,DOUBLE,1,0,1,False,-1
3974,DOUBLE,1,0,1,False,-1
3975,DOUBLE,1,0,1,False,-1
3976,SINGLE,0,0,1,False,-1
3977,SINGLE,0,0,1,False,-1
3978,DOUBLE,1,0,1,False,-1
3979,DOUBLE,1,0,1,False,-1
3980,SINGLE,0,0,1,False,-1
3981,DOUBLE,1,0,1,False,-1
3982,DOUBLE,1,0,1,False,-1
3983,DOUBLE,1,0,1,False,-1
3984,DOUBLE,1,0,1,False,-1
3985,SINGLE,0,0,1,False,-1
3986,SINGLE,0,0,1,False,-1
3988,SINGLE,0,0,1,False,-1
3989,DOUBLE,1,0,1,False,-1
3990,SINGLE,0,0,1,False,-1
3991,SINGLE,0,0,1,False,-1
3992,SINGLE,0,0,1,False,-1
3993,SINGLE,0,0,1,False,-1
3994,DOUBLE,1,0,1,False,-1
3995,DOUBLE,1,0,1,False,-1
3996,SINGLE,0,0,1,False,-1
3997,SINGLE,0,0,1,False,-1
3998,DOUBLE,1,0,1,False,-1
3999,DOUBLE,1,0,1,False,-1
4000,DOUBLE,1,0,1,False,-1
4001,DOUBLE,1,0,1,False,-1
4003,SINGLE,0,0,1,False,-1
4004,DOUBLE,1,0,1,False,-1
4005,SINGLE,0,0,1,False,-1
4007,SINGLE,0,0,1,False,-1
4009,SINGLE,0,0,1,False,-1
4011,DOUBLE,1,0,1,False,-1
4012,SINGLE,0,0,1,False,-1
4013,SINGLE,0,0,1,False,-1
4014,DOUBLE,1,0,1,False,-1
4015,DOUBLE,1,0,1,False,-1
4016,DOUBLE,1,0,1,False,-1
4017,SINGLE,0,0,1,False,-1
4018,SINGLE,0,0,1,False,-1
4020,SINGLE,0,0,1,False,-1
4021,DOUBLE,1,0,1,False,-1
4022,DOUBLE,0,1,1,False,-1
4023,DOUBLE,1,0,1,False,-1
4024,DOUBLE,1,0,1,False,-1
4025,DOUBLE,1,0,1,False,-1
4026,DOUBLE,1,0,1,False,-1
4028,DOUBLE,1,0,1,False,-1
4030,SINGLE,0,0,1,False,-1
4031,DOUBLE,1,0,1,False,-1
4032,DOUBLE,1,0,1,False,-1
4033,DOUBLE,1,0,1,False,-1
4034,DOUBLE,1,0,1,False,-1
4035,DOUBLE,1,0,1,False,-1
4036,SINGLE,0,0,1,False,-1
4037,SINGLE,0,0,1,False,-1
4038,DOUBLE,1,0,1,False,-1
4039,SINGLE,0,0,1,False,-1
4040,DOUBLE,1,0,1,False,-1
4041,DOUBLE,1,0,1,False,-1
4042,DOUBLE,1,0,1,False,-1
4043,SINGLE,0,0,1,False,-1
4044,SINGLE,0,0,1,False,-1
4045,SINGLE,0,0,1,False,-1
4046,DOUBLE,1,0,1,False,-1
4047,DOUBLE,1,0,1,False,-1
4048,DOUBLE,1,0,1,False,-1
4049,SINGLE,0,0,1,False,-1
4050,SINGLE,0,0,1,False,-1
4051,DOUBLE,1,0,1,False,-1
4052,SINGLE,0,0,1,False,-1
4053,DOUBLE,1,0,1,False,-1
4054,DOUBLE,1,0,1,False,-1
4055,DOUBLE,1,0,1,False,-1
4056,DOUBLE,1,0,1,False,-1
4057,DOUBLE,1,0,1,False,-1
4058,SINGLE,0,0,1,False,-1
4059,DOUBLE,1,0,1,False,-1
4060,DOUBLE,1,0,1,False,-1
4061,DOUBLE,1,0,1,False,-1
4062,SINGLE,0,0,1,False,-1
4063,SINGLE,0,0,1,False,-1
4064,DOUBLE,1,0,1,False,-1
4065,DOUBLE,1,0,1,False,-1
4066,DOUBLE,1,0,1,False,-1
4068,DOUBLE,1,0,1,False,-1
4070,DOUBLE,1,0,1,False,-1
4072,SINGLE,0,0,1,False,-1
4073,DOUBLE,1,0,1,False,-1
4074,DOUBLE,1,0,1,False,-1
4075,DOUBLE,1,0,1,False,-1
4076,DOUBLE,1,0,1,False,-1
4077,DOUBLE,1,0,1,False,-1
4078,DOUBLE,1,0,1,False,-1
4079,DOUBLE,1,0,1,False,-1
4081,DOUBLE,1,0,1,False,-1
4083,DOUBLE,1,0,1,False,-1
4084,DOUBLE,1,0,1,False,-1
4085,DOUBLE,1,0,1,False,-1
4086,SINGLE,0,0,1,False,-1
4087,DOUBLE,1,0,1,False,-1
4088,DOUBLE,1,0,1,False,-1
4089,SINGLE,0,0,1,False,-1
4090,DOUBLE,1,0,1,False,-1
4091,SINGLE,0,0,1,False,-1
4093,SINGLE,0,0,1,False,-1
4094,SINGLE,0,0,1,False,-1
4095,SINGLE,0,0,1,False,-1
4096,SINGLE,0,0,1,False,-1
4097,SINGLE,0,0,1,False,-1
4098,SINGLE,0,0,1,False,-1
4100,DOUBLE,1,0,1,False,-1
4101,SINGLE,0,0,1,False,-1
4103,DOUBLE,1,0,1,False,-1
4104,DOUBLE,1,0,1,False,-1
4105,SINGLE,0,0,1,False,-1
4106,SINGLE,0,0,1,False,-1
4107,DOUBLE,1,0,1,False,-1
4108,DOUBLE,1,0,1,False,-1
4109,DOUBLE,1,0,1,False,-1
4110,DOUBLE,1,0,1,False,-1
4111,DOUBLE,1,0,1,False,-1
4112,DOUBLE,1,0,1,False,-1
4113,DOUBLE,1,0,1,False,-1
4114,DOUBLE,1,0,1,False,-1
4115,DOUBLE,1,0,1,False,-1
4116,SINGLE,0,0,1,False,-1
4117,DOUBLE,1,0,1,False,-1
4118,SINGLE,0,0,1,False,-1
4119,SINGLE,0,0,1,False,-1
4120,SINGLE,0,0,1,False,-1
4121,SINGLE,0,0,1,False,-1
4122,SINGLE,0,0,1,False,-1
4123,DOUBLE,1,0,1,False,-1
4124,DOUBLE,1,0,1,False,-1
4125,DOUBLE,1,0,1,False,-1
4126,DOUBLE,1,0,1,False,-1
4127,DOUBLE,1,0,1,False,-1
4128,SINGLE,0,0,1,False,-1
4130,DOUBLE,1,0,1,False,-1
4131,DOUBLE,1,0,1,False,-1
4132,SINGLE,0,0,1,False,-1
4133,SINGLE,0,0,1,False,-1
4134,SINGLE,0,0,1,False,-1
4135,SINGLE,0,0,1,False,-1
4136,SINGLE,0,0,1,False,-1
4137,DOUBLE,1,0,1,False,-1
4138,SINGLE,0,0,1,False,-1
4139,DOUBLE,1,0,1,False,-1
4140,DOUBLE,1,0,1,False,-1
4141,SINGLE,0,0,1,False,-1
4142,DOUBLE,1,0,1,False,-1
4143,DOUBLE,1,0,1,False,-1
4144,SINGLE,0,0,1,False,-1
4145,SINGLE,0,0,1,False,-1
4146,DOUBLE,1,0,1,False,-1
4147,SINGLE,0,0,1,False,-1
4148,DOUBLE,1,0,1,False,-1
4149,SINGLE,0,0,1,False,-1
4150,SINGLE,0,0,1,False,-1
4151,SINGLE,0,0,1,False,-1
4152,SINGLE,0,0,1,False,-1
4153,DOUBLE,1,0,1,False,-1
4154,DOUBLE,1,0,1,False,-1
4155,SINGLE,0,0,1,False,-1
4156,SINGLE,0,0,1,False,-1
4157,DOUBLE,1,0,1,False,-1
4158,DOUBLE,1,0,1,False,-1
4159,DOUBLE,1,0,1,False,-1
4161,SINGLE,0,0,1,False,-1
4162,SINGLE,0,0,1,False,-1
4163,DOUBLE,1,0,1,False,-1
4164,SINGLE,0,0,1,False,-1
4166,DOUBLE,1,0,1,False,-1
4167,SINGLE,0,0,1,False,-1
4168,DOUBLE,1,0,1,False,-1
4169,DOUBLE,1,0,1,False,-1
4170,SINGLE,0,0,1,False,-1
4171,DOUBLE,1,0,1,False,-1
4172,DOUBLE,1,0,1,False,-1
4173,DOUBLE,1,0,1,False,-1
4174,DOUBLE,1,0,1,False,-1
4175,SINGLE,0,0,1,False,-1
4176,DOUBLE,1,0,1,False,-1
4177,SINGLE,0,0,1,False,-1
4178,DOUBLE,1,0,1,False,-1
4179,DOUBLE,1,0,1,False,-1
4180,SINGLE,0,0,1,False,-1
4181,DOUBLE,1,0,1,False,-1
4182,SINGLE,0,0,1,False,-1
4184,DOUBLE,1,0,1,False,-1
4185,SINGLE,0,0,1,False,-1
4186,DOUBLE,0,1,1,False,-1
4187,DOUBLE,1,0,1,False,-1
4188,DOUBLE,1,0,1,False,-1
4189,SINGLE,0,0,1,False,-1
4190,SINGLE,0,0,1,False,-1
4191,DOUBLE,1,0,1,False,-1
4192,DOUBLE,1,0,1,False,-1
4193,DOUBLE,1,0,1,False,-1
4194,SINGLE,0,0,1,False,-1
4195,DOUBLE,1,0,1,False,-1
4196,DOUBLE,1,0,1,False,-1
4197,DOUBLE,1,0,1,False,-1
4198,DOUBLE,1,0,1,False,-1
4199,DOUBLE,1,0,1,False,-1
4200,DOUBLE,1,0,1,False,-1
4201,SINGLE,0,0,1,False,-1
4202,DOUBLE,1,0,1,False,-1
4203,SINGLE,0,0,1,False,-1
4204,SINGLE,0,0,1,False,-1
4205,DOUBLE,1,0,1,False,-1
4206,DOUBLE,1,0,1,False,-1
4208,SINGLE,0,0,1,False,-1
4209,SINGLE,0,0,1,False,-1
4210,SINGLE,0,0,1,False,-1
4211,DOUBLE,1,0,1,False,-1
4212,DOUBLE,1,0,1,False,-1
4213,DOUBLE,1,0,1,False,-1
4214,DOUBLE,1,0,1,False,-1
4215,SINGLE,0,0,1,False,-1
4216,SINGLE,0,0,1,False,-1
4217,DOUBLE,1,0,1,False,-1
4218,SINGLE,0,0,1,False,-1
4219,SINGLE,0,0,1,False,-1
4220,DOUBLE,1,0,1,False,-1
4222,DOUBLE,1,0,1,False,-1
4223,SINGLE,0,0,1,False,-1
4224,SINGLE,0,0,1,False,-1
4225,SINGLE,0,0,1,False,-1
4228,SINGLE,0,0,1,False,-1
4229,DOUBLE,1,0,1,False,-1
4230,DOUBLE,1,0,1,False,-1
4231,SINGLE,0,0,1,False,-1
4232,DOUBLE,1,0,1,False,-1
4233,DOUBLE,1,0,1,False,-1
4234,SINGLE,0,0,1,False,-1
4236,DOUBLE,1,0,1,False,-1
4238,SINGLE,0,0,1,False,-1
4239,DOUBLE,1,0,1,False,-1
4240,SINGLE,0,0,1,False,-1
4241,DOUBLE,1,0,1,False,-1
4242,SINGLE,0,0,1,False,-1
4243,DOUBLE,1,0,1,False,-1
4244,SINGLE,0,0,1,False,-1
4245,SINGLE,0,0,1,False,-1
4246,DOUBLE,1,0,1,False,-1
4247,SINGLE,0,0,1,False,-1
4248,DOUBLE,1,0,1,False,-1
4249,SINGLE,0,0,1,False,-1
4250,SINGLE,0,0,1,False,-1
4251,DOUBLE,1,0,1,False,-1
4253,DOUBLE,1,0,1,False,-1
4254,SINGLE,0,0,1,False,-1
4255,SINGLE,0,0,1,False,-1
4256,DOUBLE,1,0,1,False,-1
4257,DOUBLE,1,0,1,False,-1
4258,DOUBLE,1,0,1,False,-1
4259,SINGLE,0,0,1,False,-1
4260,SINGLE,0,0,1,False,-1
4261,DOUBLE,1,0,1,False,-1
4262,DOUBLE,1,0,1,False,-1
4263,DOUBLE,1,0,1,False,-1
4264,SINGLE,0,0,1,False,-1
4265,SINGLE,0,0,1,False,-1
4266,SINGLE,0,0,1,False,-1
4267,DOUBLE,1,0,1,False,-1
4268,SINGLE,0,0,1,False,-1
4269,DOUBLE,1,0,1,False,-1
4270,DOUBLE,1,0,1,False,-1
4271,SINGLE,0,0,1,False,-1
4272,SINGLE,0,0,1,False,-1
4273,SINGLE,0,0,1,False,-1
4274,DOUBLE,1,0,1,False,-1
4275,SINGLE,0,0,1,False,-1
4276,SINGLE,0,0,1,False,-1
4277,SINGLE,0,0,1,False,-1
4278,DOUBLE,1,0,1,False,-1
4279,DOUBLE,1,0,1,False,-1
4280,SINGLE,0,0,1,False,-1
4281,SINGLE,0,0,1,False,-1
4282,SINGLE,0,0,1,False,-1
4283,DOUBLE,1,0,1,False,-1
4284,SINGLE,0,0,1,False,-1
4285,DOUBLE,1,0,1,False,-1
4286,DOUBLE,1,0,1,False,-1
4287,DOUBLE,1,0,1,False,-1
4288,SINGLE,0,0,1,False,-1
4289,DOUBLE,1,0,1,False,-1
4290,DOUBLE,1,0,1,False,-1
4292,SINGLE,0,0,1,False,-1
4293,SINGLE,0,0,1,False,-1
4294,DOUBLE,1,0,1,False,-1
4296,SINGLE,0,0,1,False,-1
4297,DOUBLE,1,0,1,False,-1
4298,DOUBLE,1,0,1,False,-1
4299,DOUBLE,1,0,1,False,-1
4300,DOUBLE,1,0,1,False,-1
4301,SINGLE,0,0,1,False,-1
4302,DOUBLE,1,0,1,False,-1
4303,DOUBLE,1,0,1,False,-1
4305,SINGLE,0,0,1,False,-1
4306,SINGLE,0,0,1,False,-1
4307,SINGLE,0,0,1,False,-1
4308,DOUBLE,1,0,1,False,-1
4309,DOUBLE,1,0,1,False,-1
4310,SINGLE,0,0,1,False,-1
4311,DOUBLE,1,0,1,False,-1
4312,SINGLE,0,0,1,False,-1
4313,DOUBLE,1,0,1,False,-1
4314,SINGLE,0,0,1,False,-1
4315,DOUBLE,1,0,1,False,-1
4316,SINGLE,0,0,1,False,-1
4317,SINGLE,0,0,1,False,-1
4318,DOUBLE,1,0,1,False,-1
4319,DOUBLE,1,0,1,False,-1
4320,SINGLE,0,0,1,False,-1
4321,DOUBLE,1,0,1,False,-1
4322,SINGLE,0,0,1,False,-1
4323,SINGLE,0,0,1,False,-1
4324,SINGLE,0,0,1,False,-1
4325,DOUBLE,1,0,1,False,-1
4327,SINGLE,0,0,1,False,-1
4328,DOUBLE,1,0,1,False,-1
4329,SINGLE,0,0,1,False,-1
4330,SINGLE,0,0,1,False,-1
4331,DOUBLE,1,0,1,False,-1
4332,DOUBLE,1,0,1,False,-1
4333,DOUBLE,1,0,1,False,-1
4334,DOUBLE,1,0,1,False,-1
4335,SINGLE,0,0,1,False,-1
4337,DOUBLE,1,0,1,False,-1
4338,DOUBLE,1,0,1,False,-1
4339,SINGLE,0,0,1,False,-1
4340,DOUBLE,1,0,1,False,-1
4343,DOUBLE,1,0,1,False,-1
4344,SINGLE,0,0,1,False,-1
4345,DOUBLE,1,0,1,False,-1
4346,DOUBLE,1,0,1,False,-1
4347,SINGLE,0,0,1,False,-1
4348,SINGLE,0,0,1,False,-1
4349,SINGLE,0,0,1,False,-1
4350,DOUBLE,1,0,1,False,-1
4352,SINGLE,0,0,1,False,-1
4353,DOUBLE,1,0,1,False,-1
4354,DOUBLE,1,0,1,False,-1
4356,DOUBLE,1,0,1,False,-1
4357,DOUBLE,1,0,1,False,-1
4358,SINGLE,0,0,1,False,-1
4359,SINGLE,0,0,1,False,-1
4360,SINGLE,0,0,1,False,-1
4361,SINGLE,0,0,1,False,-1
4363,DOUBLE,1,0,1,False,-1
4365,DOUBLE,1,0,1,False,-1
4366,DOUBLE,1,0,1,False,-1
4368,DOUBLE,1,0,1,False,-1
4369,DOUBLE,1,0,1,False,-1
4370,DOUBLE,1,0,1,False,-1
4371,DOUBLE,1,0,1,False,-1
4372,DOUBLE,1,0,1,False,-1
4373,SINGLE,0,0,1,False,-1
4374,DOUBLE,1,0,1,False,-1
4375,DOUBLE,1,0,1,False,-1
4376,DOUBLE,1,0,1,False,-1
4377,DOUBLE,1,0,1,False,-1
4378,DOUBLE,1,0,1,False,-1
4379,DOUBLE,1,0,1,False,-1
4380,SINGLE,0,0,1,False,-1
4382,DOUBLE,1,0,1,False,-1
4383,SINGLE,0,0,1,False,-1
4384,DOUBLE,1,0,1,False,-1
4385,SINGLE,0,0,1,False,-1
4386,DOUBLE,1,0,1,False,-1
4387,DOUBLE,1,0,1,False,-1
4388,SINGLE,0,0,1,False,-1
4389,DOUBLE,1,0,1,False,-1
4390,SINGLE,0,0,1,False,-1
4391,DOUBLE,1,0,1,False,-1
4392,DOUBLE,1,0,1,False,-1
4393,DOUBLE,1,0,1,False,-1
4394,SINGLE,0,0,1,False,-1
4395,SINGLE,0,0,1,False,-1
4396,SINGLE,0,0,1,False,-1
4397,DOUBLE,1,0,1,False,-1
4398,SINGLE,0,0,1,False,-1
4399,DOUBLE,1,0,1,False,-1
4400,SINGLE,0,0,1,False,-1
4402,DOUBLE,1,0,1,False,-1
4403,DOUBLE,1,0,1,False,-1
4404,DOUBLE,1,0,1,False,-1
4405,SINGLE,0,0,1,False,-1
4406,DOUBLE,1,0,1,False,-1
4407,SINGLE,0,0,1,False,-1
4408,DOUBLE,1,0,1,False,-1
4409,DOUBLE,1,0,1,False,-1
4410,DOUBLE,1,0,1,False,-1
4411,DOUBLE,1,0,1,False,-1
4412,DOUBLE,1,0,1,False,-1
4413,DOUBLE,1,0,1,False,-1
4414,DOUBLE,1,0,1,False,-1
4415,DOUBLE,1,0,1,False,-1
4416,DOUBLE,1,0,1,False,-1
4417,SINGLE,0,0,1,False,-1
4418,SINGLE,0,0,1,False,-1
4419,DOUBLE,1,0,1,False,-1
4420,DOUBLE,1,0,1,False,-1
4421,DOUBLE,1,0,1,False,-1
4422,SINGLE,0,0,1,False,-1
4423,SINGLE,0,0,1,False,-1
4424,DOUBLE,1,0,1,False,-1
4425,DOUBLE,1,0,1,False,-1
4426,TRIPLE,1,1,1,False,-1
4429,DOUBLE,1,0,1,False,-1
4430,DOUBLE,0,1,1,False,-1
4431,DOUBLE,1,0,1,False,-1
4432,SINGLE,0,0,1,False,-1
4433,DOUBLE,1,0,1,False,-1
4434,DOUBLE,1,0,1,False,-1
4435,SINGLE,0,0,1,False,-1
4436,SINGLE,0,0,1,False,-1
4437,SINGLE,0,0,1,False,-1
4438,SINGLE,0,0,1,False,-1
4439,SINGLE,0,0,1,False,-1
4440,DOUBLE,1,0,1,False,-1
4441,DOUBLE,1,0,1,False,-1
4442,DOUBLE,1,0,1,False,-1
4443,SINGLE,0,0,1,False,-1
4444,SINGLE,0,0,1,False,-1
4445,DOUBLE,1,0,1,False,-1
4446,SINGLE,0,0,1,False,-1
4447,SINGLE,0,0,1,False,-1
4448,DOUBLE,1,0,1,False,-1
4449,SINGLE,0,0,1,False,-1
4451,SINGLE,0,0,1,False,-1
4452,DOUBLE,1,0,1,False,-1
4453,DOUBLE,1,0,1,False,-1
4454,DOUBLE,1,0,1,False,-1
4455,DOUBLE,1,0,1,False,-1
4456,SINGLE,0,0,1,False,-1
4457,SINGLE,0,0,1,False,-1
4459,SINGLE,0,0,1,False,-1
4460,SINGLE,0,0,1,False,-1
4461,SINGLE,0,0,1,False,-1
4462,DOUBLE,1,0,1,False,-1
4463,DOUBLE,1,0,1,False,-1
4464,SINGLE,0,0,1,False,-1
4465,DOUBLE,1,0,1,False,-1
4467,SINGLE,0,0,1,False,-1
4468,DOUBLE,1,0,1,False,-1
4469,DOUBLE,1,0,1,False,-1
4470,DOUBLE,1,0,1,False,-1
4471,SINGLE,0,0,1,False,-1
4472,DOUBLE,1,0,1,False,-1
4473,SINGLE,0,0,1,False,-1
4474,DOUBLE,1,0,1,False,-1
4475,SINGLE,0,0,1,False,-1
4476,DOUBLE,1,0,1,False,-1
4478,DOUBLE,1,0,1,False,-1
4479,SINGLE,0,0,1,False,-1
4480,DOUBLE,1,0,1,False,-1
4481,SINGLE,0,0,1,False,-1
4482,SINGLE,0,0,1,False,-1
4483,DOUBLE,1,0,1,False,-1
4484,DOUBLE,1,0,1,False,-1
4485,DOUBLE,1,0,1,False,-1
4486,DOUBLE,1,0,1,False,-1
4487,DOUBLE,1,0,1,False,-1
4488,DOUBLE,1,0,1,False,-1
4489,SINGLE,0,0,1,False,-1
4490,SINGLE,0,0,1,False,-1
4492,DOUBLE,1,0,1,False,-1
4493,SINGLE,0,0,1,False,-1
4494,DOUBLE,1,0,1,False,-1
4495,SINGLE,0,0,1,False,-1
4496,SINGLE,0,0,1,False,-1
4497,DOUBLE,1,0,1,False,-1
4498,DOUBLE,1,0,1,False,-1
4499,DOUBLE,1,0,1,False,-1
4500,DOUBLE,1,0,1,False,-1
4501,SINGLE,0,0,1,False,-1
4502,SINGLE,0,0,1,False,-1
4503,SINGLE,0,0,1,False,-1
4504,DOUBLE,1,0,1,False,-1
4505,SINGLE,0,0,1,False,-1
4506,DOUBLE,1,0,1,False,-1
4507,DOUBLE,1,0,1,False,-1
4508,DOUBLE,1,0,1,False,-1
4509,DOUBLE,0,1,1,False,-1
4510,SINGLE,0,0,1,False,-1
4511,DOUBLE,1,0,1,False,-1
4512,DOUBLE,1,0,1,False,-1
4513,DOUBLE,1,0,1,False,-1
4514,SINGLE,0,0,1,False,-1
4515,SINGLE,0,0,1,False,-1
4516,SINGLE,0,0,1,False,-1
4517,SINGLE,0,0,1,False,-1
4518,SINGLE,0,0,1,False,-1
4519,SINGLE,0,0,1,False,-1
4520,DOUBLE,1,0,1,False,-1
4521,SINGLE,0,0,1,False,-1
4522,DOUBLE,1,0,1,False,-1
4523,DOUBLE,1,0,1,False,-1
4525,SINGLE,0,0,1,False,-1
4526,DOUBLE,1,0,1,False,-1
4527,SINGLE,0,0,1,False,-1
4528,DOUBLE,1,0,1,False,-1
4530,DOUBLE,1,0,1,False,-1
4531,DOUBLE,1,0,1,False,-1
4532,SINGLE,0,0,1,False,-1
4533,DOUBLE,1,0,1,False,-1
4534,SINGLE,0,0,1,False,-1
4535,TRIPLE,1,1,1,False,-1
4536,SINGLE,0,0,1,False,-1
4537,DOUBLE,0,1,1,False,-1
4539,DOUBLE,1,0,1,False,-1
4540,DOUBLE,1,0,1,False,-1
4541,DOUBLE,1,0,1,False,-1
4542,DOUBLE,1,0,1,False,-1
4543,DOUBLE,1,0,1,False,-1
4544,DOUBLE,1,0,1,False,-1
4545,SINGLE,0,0,1,False,-1
4546,DOUBLE,1,0,1,False,-1
4547,SINGLE,0,0,1,False,-1
4548,SINGLE,0,0,1,False,-1
4549,SINGLE,0,0,1,False,-1
4550,SINGLE,0,0,1,False,-1
4551,SINGLE,0,0,1,False,-1
4552,DOUBLE,1,0,1,False,-1
4553,DOUBLE,1,0,1,False,-1
4554,DOUBLE,1,0,1,False,-1
4555,SINGLE,0,0,1,False,-1
4556,DOUBLE,1,0,1,False,-1
4557,DOUBLE,1,0,1,False,-1
4558,DOUBLE,1,0,1,False,-1
4560,SINGLE,0,0,1,False,-1
4561,SINGLE,0,0,1,False,-1
4562,SINGLE,0,0,1,False,-1
4563,DOUBLE,1,0,1,False,-1
4564,DOUBLE,1,0,1,False,-1
4565,DOUBLE,1,0,1,False,-1
4566,DOUBLE,1,0,1,False,-1
4567,DOUBLE,1,0,1,False,-1
4568,DOUBLE,1,0,1,False,-1
4569,SINGLE,0,0,1,False,-1
4570,SINGLE,0,0,1,False,-1
4571,DOUBLE,1,0,1,False,-1
4572,DOUBLE,1,0,1,False,-1
4573,DOUBLE,1,0,1,False,-1
4574,DOUBLE,1,0,1,False,-1
4575,DOUBLE,1,0,1,False,-1
4576,SINGLE,0,0,1,False,-1
4577,DOUBLE,1,0,1,False,-1
4578,SINGLE,0,0,1,False,-1
4579,SINGLE,0,0,1,False,-1
4580,DOUBLE,1,0,1,False,-1
4582,SINGLE,0,0,1,False,-1
4583,SINGLE,0,0,1,False,-1
4585,SINGLE,0,0,1,False,-1
4586,DOUBLE,1,0,1,False,-1
4587,SINGLE,0,0,1,False,-1
4588,SINGLE,0,0,1,False,-1
4589,SINGLE,0,0,1,False,-1
4590,DOUBLE,1,0,1,False,-1
4591,DOUBLE,1,0,1,False,-1
4592,DOUBLE,1,0,1,False,-1
4593,DOUBLE,1,0,1,False,-1
4594,SINGLE,0,0,1,False,-1
4595,DOUBLE,1,0,1,False,-1
4596,DOUBLE,1,0,1,False,-1
4597,SINGLE,0,0,1,False,-1
4598,DOUBLE,1,0,1,False,-1
4599,SINGLE,0,0,1,False,-1
4601,DOUBLE,1,0,1,False,-1
4602,DOUBLE,1,0,1,False,-1
4603,DOUBLE,1,0,1,False,-1
4604,SINGLE,0,0,1,False,-1
4605,DOUBLE,1,0,1,False,-1
4606,DOUBLE,1,0,1,False,-1
4607,DOUBLE,1,0,1,False,-1
4608,SINGLE,0,0,1,False,-1
4609,SINGLE,0,0,1,False,-1
4610,DOUBLE,1,0,1,False,-1
4611,DOUBLE,1,0,1,False,-1
4612,DOUBLE,1,0,1,False,-1
4613,DOUBLE,1,0,1,False,-1
4614,SINGLE,0,0,1,False,-1
4615,DOUBLE,1,0,1,False,-1
4616,DOUBLE,1,0,1,False,-1
4617,SINGLE,0,0,1,False,-1
4618,SINGLE,0,0,1,False,-1
4619,SINGLE,0,0,1,False,-1
4620,SINGLE,0,0,1,False,-1
4622,SINGLE,0,0,1,False,-1
4623,DOUBLE,1,0,1,False,-1
4625,SINGLE,0,0,1,False,-1
4626,SINGLE,0,0,1,False,-1
4627,SINGLE,0,0,1,False,-1
4628,SINGLE,0,0,1,False,-1
4629,DOUBLE,1,0,1,False,-1
4630,DOUBLE,1,0,1,False,-1
4631,SINGLE,0,0,1,False,-1
4632,SINGLE,0,0,1,False,-1
4633,TRIPLE,1,1,1,False,-1
4634,SINGLE,0,0,1,False,-1
4635,DOUBLE,0,1,1,False,-1
4636,DOUBLE,1,0,1,False,-1
4637,DOUBLE,1,0,1,False,-1
4638,SINGLE,0,0,1,False,-1
4639,DOUBLE,1,0,1,False,-1
4640,DOUBLE,1,0,1,False,-1
4641,DOUBLE,0,1,1,False,-1
4642,SINGLE,0,0,1,False,-1
4643,SINGLE,0,0,1,False,-1
4644,SINGLE,0,0,1,False,-1
4645,DOUBLE,1,0,1,False,-1
4646,DOUBLE,1,0,1,False,-1
4647,DOUBLE,1,0,1,False,-1
4648,DOUBLE,1,0,1,False,-1
4649,SINGLE,0,0,1,False,-1
4650,SINGLE,0,0,1,False,-1
4653,SINGLE,0,0,1,False,-1
4654,DOUBLE,1,0,1,False,-1
4655,SINGLE,0,0,1,False,-1
4656,DOUBLE,1,0,1,False,-1
4657,SINGLE,0,0,1,False,-1
4658,SINGLE,0,0,1,False,-1
4659,DOUBLE,1,0,1,False,-1
4660,SINGLE,0,0,1,False,-1
4661,DOUBLE,1,0,1,False,-1
4662,DOUBLE,1,0,1,False,-1
4664,SINGLE,0,0,1,False,-1
4665,DOUBLE,1,0,1,False,-1
4667,DOUBLE,1,0,1,False,-1
4668,SINGLE,0,0,1,False,-1
4669,DOUBLE,1,0,1,False,-1
4670,SINGLE,0,0,1,False,-1
4671,DOUBLE,1,0,1,False,-1
4674,DOUBLE,1,0,1,False,-1
4675,DOUBLE,1,0,1,False,-1
4676,DOUBLE,1,0,1,False,-1
4677,SINGLE,0,0,1,False,-1
4678,SINGLE,0,0,1,False,-1
4679,SINGLE,0,0,1,False,-1
4681,DOUBLE,1,0,1,False,-1
4682,DOUBLE,1,0,1,False,-1
4683,DOUBLE,1,0,1,False,-1
4684,DOUBLE,1,0,1,False,-1
4685,SINGLE,0,0,1,False,-1
4686,SINGLE,0,0,1,False,-1
4687,DOUBLE,1,0,1,False,-1
4688,SINGLE,0,0,1,False,-1
4689,DOUBLE,1,0,1,False,-1
4690,SINGLE,0,0,1,False,-1
4691,DOUBLE,1,0,1,False,-1
4692,SINGLE,0,0,1,False,-1
4694,SINGLE,0,0,1,False,-1
4695,DOUBLE,1,0,1,False,-1
4696,SINGLE,0,0,1,False,-1
4697,SINGLE,0,0,1,False,-1
4698,DOUBLE,1,0,1,False,-1
4699,DOUBLE,1,0,1,False,-1
4700,DOUBLE,1,0,1,False,-1
4701,DOUBLE,1,0,1,False,-1
4702,DOUBLE,1,0,1,False,-1
4704,DOUBLE,1,0,1,False,-1
4705,SINGLE,0,0,1,False,-1
4707,SINGLE,0,0,1,False,-1
4708,SINGLE,0,0,1,False,-1
4709,SINGLE,0,0,1,False,-1
4711,DOUBLE,0,1,1,False,-1
4712,DOUBLE,1,0,1,False,-1
4713,DOUBLE,1,0,1,False,-1
4715,SINGLE,0,0,1,False,-1
4716,DOUBLE,1,0,1,False,-1
4717,SINGLE,0,0,1,False,-1
4718,SINGLE,0,0,1,False,-1
4719,DOUBLE,1,0,1,False,-1
4721,DOUBLE,1,0,1,False,-1
4722,DOUBLE,1,0,1,False,-1
4723,DOUBLE,1,0,1,False,-1
4724,SINGLE,0,0,1,False,-1
4725,SINGLE,0,0,1,False,-1
4726,SINGLE,0,0,1,False,-1
4727,SINGLE,0,0,1,False,-1
4728,DOUBLE,1,0,1,False,-1
4729,DOUBLE,1,0,1,False,-1
4730,DOUBLE,1,0,1,False,-1
4731,SINGLE,0,0,1,False,-1
4732,SINGLE,0,0,1,False,-1
4733,DOUBLE,1,0,1,False,-1
4735,DOUBLE,1,0,1,False,-1
4736,DOUBLE,1,0,1,False,-1
4737,DOUBLE,1,0,1,False,-1
4738,DOUBLE,1,0,1,False,-1
4739,DOUBLE,1,0,1,False,-1
4740,DOUBLE,0,1,1,False,-1
4741,DOUBLE,0,1,1,False,-1
4742,SINGLE,0,0,1,False,-1
4743,DOUBLE,1,0,1,False,-1
4744,SINGLE,0,0,1,False,-1
4746,SINGLE,0,0,1,False,-1
4747,DOUBLE,1,0,1,False,-1
4748,SINGLE,0,0,1,False,-1
4749,SINGLE,0,0,1,False,-1
4750,SINGLE,0,0,1,False,-1
4751,DOUBLE,1,0,1,False,-1
4752,DOUBLE,1,0,1,False,-1
4753,DOUBLE,1,0,1,False,-1
4754,DOUBLE,1,0,1,False,-1
4755,DOUBLE,1,0,1,False,-1
4756,SINGLE,0,0,1,False,-1
4757,DOUBLE,1,0,1,False,-1
4758,SINGLE,0,0,1,False,-1
4760,SINGLE,0,0,1,False,-1
4761,DOUBLE,1,0,1,False,-1
4763,SINGLE,0,0,1,False,-1
4765,DOUBLE,1,0,1,False,-1
4766,DOUBLE,1,0,1,False,-1
4767,SINGLE,0,0,1,False,-1
4768,DOUBLE,1,0,1,False,-1
4769,SINGLE,0,0,1,False,-1
4770,DOUBLE,1,0,1,False,-1
4771,SINGLE,0,0,1,False,-1
4772,SINGLE,0,0,1,False,-1
4773,DOUBLE,0,1,1,False,-1
4774,SINGLE,0,0,1,False,-1
4775,DOUBLE,0,1,1,False,-1
4776,SINGLE,0,0,1,False,-1
4777,DOUBLE,1,0,1,False,-1
4778,SINGLE,0,0,1,False,-1
4779,SINGLE,0,0,1,False,-1
4781,DOUBLE,1,0,1,False,-1
4782,SINGLE,0,0,1,False,-1
4783,SINGLE,0,0,1,False,-1
4784,DOUBLE,1,0,1,False,-1
4785,SINGLE,0,0,1,False,-1
4786,DOUBLE,1,0,1,False,-1
4788,DOUBLE,1,0,1,False,-1
4789,SINGLE,0,0,1,False,-1
4790,SINGLE,0,0,1,False,-1
4791,SINGLE,0,0,1,False,-1
4792,DOUBLE,1,0,1,False,-1
4793,DOUBLE,1,0,1,False,-1
4795,SINGLE,0,0,1,False,-1
4796,DOUBLE,1,0,1,False,-1
4797,SINGLE,0,0,1,False,-1
4798,DOUBLE,1,0,1,False,-1
4799,SINGLE,0,0,1,False,-1
4800,DOUBLE,1,0,1,False,-1
4802,DOUBLE,1,0,1,False,-1
4803,DOUBLE,1,0,1,False,-1
4804,DOUBLE,1,0,1,False,-1
4805,DOUBLE,1,0,1,False,-1
4806,DOUBLE,1,0,1,False,-1
4807,DOUBLE,1,0,1,False,-1
4808,DOUBLE,1,0,1,False,-1
4809,DOUBLE,1,0,1,False,-1
4810,DOUBLE,1,0,1,False,-1
4812,SINGLE,0,0,1,False,-1
4813,SINGLE,0,0,1,False,-1
4814,DOUBLE,1,0,1,False,-1
4815,DOUBLE,1,0,1,False,-1
4816,DOUBLE,1,0,1,False,-1
4818,DOUBLE,1,0,1,False,-1
4819,SINGLE,0,0,1,False,-1
4820,DOUBLE,1,0,1,False,-1
4821,DOUBLE,1,0,1,False,-1
4822,DOUBLE,0,1,1,False,-1
4823,DOUBLE,1,0,1,False,-1
4824,DOUBLE,1,0,1,False,-1
4825,SINGLE,0,0,1,False,-1
4826,SINGLE,0,0,1,False,-1
4828,DOUBLE,1,0,1,False,-1
4829,DOUBLE,1,0,1,False,-1
4830,SINGLE,0,0,1,False,-1
4831,DOUBLE,1,0,1,False,-1
4832,DOUBLE,1,0,1,False,-1
4833,DOUBLE,1,0,1,False,-1
4834,SINGLE,0,0,1,False,-1
4835,DOUBLE,1,0,1,False,-1
4837,SINGLE,0,0,1,False,-1
4838,SINGLE,0,0,1,False,-1
4839,DOUBLE,1,0,1,False,-1
4840,DOUBLE,1,0,1,False,-1
4841,SINGLE,0,0,1,False,-1
4842,DOUBLE,1,0,1,False,-1
4843,DOUBLE,1,0,1,False,-1
4844,DOUBLE,1,0,1,False,-1
4847,DOUBLE,1,0,1,False,-1
4848,DOUBLE,1,0,1,False,-1
4849,DOUBLE,1,0,1,False,-1
4850,SINGLE,0,0,1,False,-1
4851,SINGLE,0,0,1,False,-1
4852,SINGLE,0,0,1,False,-1
4853,SINGLE,0,0,1,False,-1
4854,SINGLE,0,0,1,False,-1
4855,DOUBLE,1,0,1,False,-1
4856,DOUBLE,1,0,1,False,-1
4857,TRIPLE,1,1,1,False,-1
4858,SINGLE,0,0,1,False,-1
4859,SINGLE,0,0,1,False,-1
4860,DOUBLE,1,0,1,False,-1
4861,SINGLE,0,0,1,False,-1
4862,DOUBLE,1,0,1,False,-1
4863,SINGLE,0,0,1,False,-1
4864,SINGLE,0,0,1,False,-1
4865,SINGLE,0,0,1,False,-1
4866,SINGLE,0,0,1,False,-1
4867,DOUBLE,1,0,1,False,-1
4868,DOUBLE,1,0,1,False,-1
4869,DOUBLE,1,0,1,False,-1
4871,SINGLE,0,0,1,False,-1
4873,SINGLE,0,0,1,False,-1
4874,DOUBLE,1,0,1,False,-1
4876,DOUBLE,1,0,1,False,-1
4877,SINGLE,0,0,1,False,-1
4878,DOUBLE,1,0,1,False,-1
4879,SINGLE,0,0,1,False,-1
4880,TRIPLE,1,1,1,False,-1
4881,DOUBLE,1,0,1,False,-1
4882,DOUBLE,1,0,1,False,-1
4883,DOUBLE,1,0,1,False,-1
4884,DOUBLE,1,0,1,False,-1
4885,SINGLE,0,0,1,False,-1
4887,DOUBLE,1,0,1,False,-1
4888,DOUBLE,1,0,1,False,-1
4889,SINGLE,0,0,1,False,-1
4890,SINGLE,0,0,1,False,-1
4893,SINGLE,0,0,1,False,-1
4894,DOUBLE,1,0,1,False,-1
4896,DOUBLE,1,0,1,False,-1
4897,DOUBLE,1,0,1,False,-1
4898,DOUBLE,0,1,1,False,-1
4900,DOUBLE,1,0,1,False,-1
4901,DOUBLE,1,0,1,False,-1
4903,DOUBLE,1,0,1,False,-1
4904,DOUBLE,1,0,1,False,-1
4905,DOUBLE,1,0,1,False,-1
4906,DOUBLE,1,0,1,False,-1
4907,SINGLE,0,0,1,False,-1
4908,SINGLE,0,0,1,False,-1
4910,DOUBLE,1,0,1,False,-1
4911,DOUBLE,1,0,1,False,-1
4912,DOUBLE,1,0,1,False,-1
4913,SINGLE,0,0,1,False,-1
4914,DOUBLE,1,0,1,False,-1
4915,DOUBLE,1,0,1,False,-1
4917,DOUBLE,1,0,1,False,-1
4918,DOUBLE,1,0,1,False,-1
4919,SINGLE,0,0,1,False,-1
4920,DOUBLE,1,0,1,False,-1
4921,DOUBLE,1,0,1,False,-1
4922,DOUBLE,1,0,1,False,-1
4923,SINGLE,0,0,1,False,-1
4924,DOUBLE,1,0,1,False,-1
4925,DOUBLE,1,0,1,False,-1
4927,DOUBLE,1,0,1,False,-1
4928,DOUBLE,1,0,1,False,-1
4929,DOUBLE,1,0,1,False,-1
4930,TRIPLE,1,1,1,False,-1
4931,SINGLE,0,0,1,False,-1
4932,DOUBLE,1,0,1,False,-1
4933,SINGLE,0,0,1,False,-1
4934,DOUBLE,0,1,1,False,-1
4936,DOUBLE,1,0,1,False,-1
4937,SINGLE,0,0,1,False,-1
4939,DOUBLE,1,0,1,False,-1
4940,DOUBLE,1,0,1,False,-1
4941,DOUBLE,1,0,1,False,-1
4942,DOUBLE,1,0,1,False,-1
4943,SINGLE,0,0,1,False,-1
4944,DOUBLE,1,0,1,False,-1
4945,DOUBLE,1,0,1,False,-1
4946,SINGLE,0,0,1,False,-1
4947,DOUBLE,1,0,1,False,-1
4948,DOUBLE,1,0,1,False,-1
4949,SINGLE,0,0,1,False,-1
4950,SINGLE,0,0,1,False,-1
4951,SINGLE,0,0,1,False,-1
4952,SINGLE,0,0,1,False,-1
4953,SINGLE,0,0,1,False,-1
4954,DOUBLE,1,0,1,False,-1
4955,SINGLE,0,0,1,False,-1
4956,DOUBLE,1,0,1,False,-1
4957,DOUBLE,1,0,1,False,-1
4958,SINGLE,0,0,1,False,-1
4959,DOUBLE,1,0,1,False,-1
4960,SINGLE,0,0,1,False,-1
4961,SINGLE,0,0,1,False,-1
4962,SINGLE,0,0,1,False,-1
4963,DOUBLE,1,0,1,False,-1
4964,DOUBLE,1,0,1,False,-1
4965,DOUBLE,1,0,1,False,-1
4966,DOUBLE,1,0,1,False,-1
4968,SINGLE,0,0,1,False,-1
4969,SINGLE,0,0,1,False,-1
4970,DOUBLE,1,0,1,False,-1
4971,DOUBLE,1,0,1,False,-1
4974,SINGLE,0,0,1,False,-1
4975,SINGLE,0,0,1,False,-1
4976,SINGLE,0,0,1,False,-1
4977,SINGLE,0,0,1,False,-1
4978,DOUBLE,1,0,1,False,-1
4979,SINGLE,0,0,1,False,-1
4980,DOUBLE,1,0,1,False,-1
4981,DOUBLE,1,0,1,False,-1
4982,SINGLE,0,0,1,False,-1
4983,SINGLE,0,0,1,False,-1
4984,SINGLE,0,0,1,False,-1
4985,TRIPLE,1,1,1,False,-1
4986,SINGLE,0,0,1,False,-1
4987,SINGLE,0,0,1,False,-1
4988,SINGLE,0,0,1,False,-1
4989,DOUBLE,1,0,1,False,-1
4990,DOUBLE,1,0,1,False,-1
4991,SINGLE,0,0,1,False,-1
4992,DOUBLE,1,0,1,False,-1
4993,SINGLE,0,0,1,False,-1
4994,SINGLE,0,0,1,False,-1
4995,DOUBLE,1,0,1,False,-1
4996,SINGLE,0,0,1,False,-1
4997,SINGLE,0,0,1,False,-1
4998,SINGLE,0,0,1,False,-1
4999,DOUBLE,1,0,1,False,-1
5000,SINGLE,0,0,1,False,-1
5001,SINGLE,0,0,1,False,-1
5002,DOUBLE,1,0,1,False,-1
5003,SINGLE,0,0,1,False,-1
5004,DOUBLE,0,1,1,False,-1
5005,SINGLE,0,0,1,False,-1
5006,SINGLE,0,0,1,False,-1
5007,SINGLE,0,0,1,False,-1
5008,DOUBLE,1,0,1,False,-1
5010,DOUBLE,1,0,1,False,-1
5011,DOUBLE,1,0,1,False,-1
5012,SINGLE,0,0,1,False,-1
5013,SINGLE,0,0,1,False,-1
5014,DOUBLE,1,0,1,False,-1
5015,DOUBLE,1,0,1,False,-1
5016,DOUBLE,1,0,1,False,-1
5017,DOUBLE,1,0,1,False,-1
5019,SINGLE,0,0,1,False,-1
5021,SINGLE,0,0,1,False,-1
5022,DOUBLE,1,0,1,False,-1
5023,SINGLE,0,0,1,False,-1
5024,SINGLE,0,0,1,False,-1
5025,DOUBLE,1,0,1,False,-1
5026,SINGLE,0,0,1,False,-1
5027,SINGLE,0,0,1,False,-1
5028,SINGLE,0,0,1,False,-1
5029,DOUBLE,1,0,1,False,-1
5031,SINGLE,0,0,1,False,-1
5032,SINGLE,0,0,1,False,-1
5033,SINGLE,0,0,1,False,-1
5034,DOUBLE,1,0,1,False,-1
5035,TRIPLE,1,1,1,False,-1
5036,SINGLE,0,0,1,False,-1
5037,DOUBLE,1,0,1,False,-1
5039,DOUBLE,0,1,1,False,-1
5040,SINGLE,0,0,1,False,-1
5041,SINGLE,0,0,1,False,-1
5042,SINGLE,0,0,1,False,-1
5043,SINGLE,0,0,1,False,-1
5044,SINGLE,0,0,1,False,-1
5045,DOUBLE,1,0,1,False,-1
5046,DOUBLE,1,0,1,False,-1
5047,DOUBLE,1,0,1,False,-1
5048,DOUBLE,1,0,1,False,-1
5049,SINGLE,0,0,1,False,-1
5051,DOUBLE,1,0,1,False,-1
5052,DOUBLE,1,0,1,False,-1
5053,SINGLE,0,0,1,False,-1
5054,SINGLE,0,0,1,False,-1
5056,TRIPLE,1,1,1,False,-1
5057,SINGLE,0,0,1,False,-1
5058,DOUBLE,1,0,1,False,-1
5059,DOUBLE,1,0,1,False,-1
5060,DOUBLE,1,0,1,False,-1
5062,SINGLE,0,0,1,False,-1
5063,DOUBLE,1,0,1,False,-1
5064,SINGLE,0,0,1,False,-1
5065,DOUBLE,1,0,1,False,-1
5066,DOUBLE,1,0,1,False,-1
5067,DOUBLE,1,0,1,False,-1
5068,DOUBLE,1,0,1,False,-1
5069,DOUBLE,0,1,1,False,-1
5070,DOUBLE,1,0,1,False,-1
5071,SINGLE,0,0,1,False,-1
5072,SINGLE,0,0,1,False,-1
5073,SINGLE,0,0,1,False,-1
5074,SINGLE,0,0,1,False,-1
5075,DOUBLE,1,0,1,False,-1
5076,DOUBLE,1,0,1,False,-1
5077,DOUBLE,1,0,1,False,-1
5078,DOUBLE,1,0,1,False,-1
5079,SINGLE,0,0,1,False,-1
5080,SINGLE,0,0,1,False,-1
5081,SINGLE,0,0,1,False,-1
5082,SINGLE,0,0,1,False,-1
5083,SINGLE,0,0,1,False,-1
5084,DOUBLE,1,0,1,False,-1
5085,SINGLE,0,0,1,False,-1
5087,DOUBLE,1,0,1,False,-1
5088,SINGLE,0,0,1,False,-1
5089,DOUBLE,1,0,1,False,-1
5090,SINGLE,0,0,1,False,-1
5091,DOUBLE,1,0,1,False,-1
5092,SINGLE,0,0,1,False,-1
5093,SINGLE,0,0,1,False,-1
5095,SINGLE,0,0,1,False,-1
5096,DOUBLE,1,0,1,False,-1
5098,DOUBLE,1,0,1,False,-1
5099,SINGLE,0,0,1,False,-1
5100,SINGLE,0,0,1,False,-1
5101,DOUBLE,1,0,1,False,-1
5102,SINGLE,0,0,1,False,-1
5103,DOUBLE,1,0,1,False,-1
5104,DOUBLE,1,0,1,False,-1
5105,SINGLE,0,0,1,False,-1
5106,DOUBLE,1,0,1,False,-1
5107,DOUBLE,1,0,1,False,-1
5109,DOUBLE,1,0,1,False,-1
5110,DOUBLE,1,0,1,False,-1
5111,SINGLE,0,0,1,False,-1
5112,SINGLE,0,0,1,False,-1
5114,SINGLE,0,0,1,False,-1
5115,DOUBLE,1,0,1,False,-1
5116,DOUBLE,1,0,1,False,-1
5117,DOUBLE,1,0,1,False,-1
5118,DOUBLE,1,0,1,False,-1
5119,DOUBLE,1,0,1,False,-1
5121,DOUBLE,1,0,1,False,-1
5122,SINGLE,0,0,1,False,-1
5123,SINGLE,0,0,1,False,-1
5125,DOUBLE,1,0,1,False,-1
5126,DOUBLE,1,0,1,False,-1
5127,DOUBLE,1,0,1,False,-1
5128,DOUBLE,1,0,1,False,-1
5129,DOUBLE,1,0,1,False,-1
5131,SINGLE,0,0,1,False,-1
5132,SINGLE,0,0,1,False,-1
5133,DOUBLE,1,0,1,False,-1
5134,SINGLE,0,0,1,False,-1
5135,DOUBLE,1,0,1,False,-1
5137,SINGLE,0,0,1,False,-1
5138,SINGLE,0,0,1,False,-1
5139,DOUBLE,1,0,1,False,-1
5140,SINGLE,0,0,1,False,-1
5141,SINGLE,0,0,1,False,-1
5142,SINGLE,0,0,1,False,-1
5143,SINGLE,0,0,1,False,-1
5144,DOUBLE,1,0,1,False,-1
5145,SINGLE,0,0,1,False,-1
5146,DOUBLE,1,0,1,False,-1
5147,DOUBLE,1,0,1,False,-1
5148,SINGLE,0,0,1,False,-1
5151,DOUBLE,1,0,1,False,-1
5152,DOUBLE,1,0,1,False,-1
5153,SINGLE,0,0,1,False,-1
5154,SINGLE,0,0,1,False,-1
5156,DOUBLE,1,0,1,False,-1
5157,DOUBLE,0,1,1,False,-1
5158,DOUBLE,0,1,1,False,-1
5159,SINGLE,0,0,1,False,-1
5161,DOUBLE,1,0,1,False,-1
5162,SINGLE,0,0,1,False,-1
5163,DOUBLE,1,0,1,False,-1
5164,SINGLE,0,0,1,False,-1
5165,DOUBLE,1,0,1,False,-1
5166,DOUBLE,1,0,1,False,-1
5168,SINGLE,0,0,1,False,-1
5169,SINGLE,0,0,1,False,-1
5170,SINGLE,0,0,1,False,-1
5171,DOUBLE,1,0,1,False,-1
5172,DOUBLE,1,0,1,False,-1
5173,DOUBLE,1,0,1,False,-1
5174,DOUBLE,1,0,1,False,-1
5175,SINGLE,0,0,1,False,-1
5176,DOUBLE,1,0,1,False,-1
5177,SINGLE,0,0,1,False,-1
5178,SINGLE,0,0,1,False,-1
5179,SINGLE,0,0,1,False,-1
5180,DOUBLE,1,0,1,False,-1
5181,SINGLE,0,0,1,False,-1
5182,DOUBLE,1,0,1,False,-1
5183,SINGLE,0,0,1,False,-1
5184,SINGLE,0,0,1,False,-1
5185,DOUBLE,1,0,1,False,-1
5186,DOUBLE,1,0,1,False,-1
5187,DOUBLE,1,0,1,False,-1
5188,DOUBLE,1,0,1,False,-1
5189,DOUBLE,1,0,1,False,-1
5190,DOUBLE,1,0,1,False,-1
5191,SINGLE,0,0,1,False,-1
5192,SINGLE,0,0,1,False,-1
5193,SINGLE,0,0,1,False,-1
5194,DOUBLE,1,0,1,False,-1
5195,DOUBLE,1,0,1,False,-1
5196,DOUBLE,0,1,1,False,-1
5197,DOUBLE,1,0,1,False,-1
5198,DOUBLE,1,0,1,False,-1
5199,DOUBLE,1,0,1,False,-1
5200,DOUBLE,1,0,1,False,-1
5201,DOUBLE,1,0,1,False,-1
5202,SINGLE,0,0,1,False,-1
5204,DOUBLE,1,0,1,False,-1
5205,SINGLE,0,0,1,False,-1
5206,SINGLE,0,0,1,False,-1
5207,DOUBLE,1,0,1,False,-1
5208,SINGLE,0,0,1,False,-1
5209,DOUBLE,1,0,1,False,-1
5211,DOUBLE,1,0,1,False,-1
5213,SINGLE,0,0,1,False,-1
5214,DOUBLE,1,0,1,False,-1
5215,SINGLE,0,0,1,False,-1
5216,DOUBLE,1,0,1,False,-1
5217,SINGLE,0,0,1,False,-1
5218,DOUBLE,1,0,1,False,-1
5219,SINGLE,0,0,1,False,-1
5220,DOUBLE,1,0,1,False,-1
5221,DOUBLE,1,0,1,False,-1
5222,SINGLE,0,0,1,False,-1
5223,SINGLE,0,0,1,False,-1
5224,DOUBLE,1,0,1,False,-1
5225,SINGLE,0,0,1,False,-1
5226,DOUBLE,1,0,1,False,-1
5227,DOUBLE,1,0,1,False,-1
5228,DOUBLE,1,0,1,False,-1
5229,SINGLE,0,0,1,False,-1
5230,SINGLE,0,0,1,False,-1
5231,SINGLE,0,0,1,False,-1
5232,DOUBLE,1,0,1,False,-1
5233,SINGLE,0,0,1,False,-1
5234,DOUBLE,1,0,1,False,-1
5235,SINGLE,0,0,1,False,-1
5236,DOUBLE,1,0,1,False,-1
5237,DOUBLE,1,0,1,False,-1
5241,SINGLE,0,0,1,False,-1
5242,DOUBLE,1,0,1,False,-1
5243,SINGLE,0,0,1,False,-1
5244,TRIPLE,1,1,1,False,-1
5245,DOUBLE,1,0,1,False,-1
5246,SINGLE,0,0,1,False,-1
5247,DOUBLE,1,0,1,False,-1
5250,SINGLE,0,0,1,False,-1
5251,DOUBLE,1,0,1,False,-1
5252,DOUBLE,1,0,1,False,-1
5253,SINGLE,0,0,1,False,-1
5254,DOUBLE,1,0,1,False,-1
5255,SINGLE,0,0,1,False,-1
5256,SINGLE,0,0,1,False,-1
5257,DOUBLE,1,0,1,False,-1
5258,DOUBLE,1,0,1,False,-1
5259,SINGLE,0,0,1,False,-1
5260,DOUBLE,1,0,1,False,-1
5261,DOUBLE,1,0,1,False,-1
5262,DOUBLE,1,0,1,False,-1
5263,SINGLE,0,0,1,False,-1
5264,SINGLE,0,0,1,False,-1
5265,SINGLE,0,0,1,False,-1
5266,DOUBLE,1,0,1,False,-1
5267,DOUBLE,0,1,1,False,-1
5268,DOUBLE,1,0,1,False,-1
5269,DOUBLE,1,0,1,False,-1
5270,DOUBLE,1,0,1,False,-1
5271,DOUBLE,1,0,1,False,-1
5272,SINGLE,0,0,1,False,-1
5273,SINGLE,0,0,1,False,-1
5274,DOUBLE,1,0,1,False,-1
5275,SINGLE,0,0,1,False,-1
5276,SINGLE,0,0,1,False,-1
5277,DOUBLE,1,0,1,False,-1
5278,SINGLE,0,0,1,False,-1
5279,SINGLE,0,0,1,False,-1
5280,SINGLE,0,0,1,False,-1
5281,DOUBLE,1,0,1,False,-1
5282,DOUBLE,1,0,1,False,-1
5283,SINGLE,0,0,1,False,-1
5284,DOUBLE,1,0,1,False,-1
5285,SINGLE,0,0,1,False,-1
5287,DOUBLE,1,0,1,False,-1
5288,DOUBLE,1,0,1,False,-1
5289,DOUBLE,1,0,1,False,-1
5290,DOUBLE,1,0,1,False,-1
5291,DOUBLE,1,0,1,False,-1
5292,SINGLE,0,0,1,False,-1
5293,DOUBLE,1,0,1,False,-1
5294,DOUBLE,1,0,1,False,-1
5296,DOUBLE,1,0,1,False,-1
5297,SINGLE,0,0,1,False,-1
5298,DOUBLE,1,0,1,False,-1
5299,DOUBLE,1,0,1,False,-1
5300,DOUBLE,1,0,1,False,-1
5301,SINGLE,0,0,1,False,-1
5302,SINGLE,0,0,1,False,-1
5303,SINGLE,0,0,1,False,-1
5304,DOUBLE,1,0,1,False,-1
5305,DOUBLE,1,0,1,False,-1
5306,SINGLE,0,0,1,False,-1
5307,SINGLE,0,0,1,False,-1
5308,SINGLE,0,0,1,False,-1
5309,SINGLE,0,0,1,False,-1
5310,SINGLE,0,0,1,False,-1
5311,DOUBLE,1,0,1,False,-1
5312,SINGLE,0,0,1,False,-1
5313,DOUBLE,1,0,1,False,-1
5314,SINGLE,0,0,1,False,-1
5315,DOUBLE,1,0,1,False,-1
5316,DOUBLE,1,0,1,False,-1
5317,DOUBLE,1,0,1,False,-1
5318,SINGLE,0,0,1,False,-1
5319,SINGLE,0,0,1,False,-1
5320,DOUBLE,1,0,1,False,-1
5321,DOUBLE,1,0,1,False,-1
5322,DOUBLE,1,0,1,False,-1
5324,DOUBLE,1,0,1,False,-1
5325,DOUBLE,1,0,1,False,-1
5326,DOUBLE,1,0,1,False,-1
5327,SINGLE,0,0,1,False,-1
5328,SINGLE,0,0,1,False,-1
5329,DOUBLE,1,0,1,False,-1
5330,SINGLE,0,0,1,False,-1
5331,SINGLE,0,0,1,False,-1
5332,SINGLE,0,0,1,False,-1
5333,DOUBLE,1,0,1,False,-1
5334,SINGLE,0,0,1,False,-1
5335,SINGLE,0,0,1,False,-1
5336,SINGLE,0,0,1,False,-1
5337,SINGLE,0,0,1,False,-1
5338,SINGLE,0,0,1,False,-1
5339,SINGLE,0,0,1,False,-1
5340,SINGLE,0,0,1,False,-1
5341,DOUBLE,1,0,1,False,-1
5342,DOUBLE,1,0,1,False,-1
5344,DOUBLE,1,0,1,False,-1
5346,DOUBLE,1,0,1,False,-1
5347,SINGLE,0,0,1,False,-1
5348,DOUBLE,1,0,1,False,-1
5350,SINGLE,0,0,1,False,-1
5351,SINGLE,0,0,1,False,-1
5352,DOUBLE,1,0,1,False,-1
5353,DOUBLE,1,0,1,False,-1
5355,SINGLE,0,0,1,False,-1
5356,DOUBLE,1,0,1,False,-1
5357,DOUBLE,1,0,1,False,-1
5358,DOUBLE,1,0,1,False,-1
5359,DOUBLE,1,0,1,False,-1
5360,SINGLE,0,0,1,False,-1
5361,DOUBLE,1,0,1,False,-1
5362,DOUBLE,1,0,1,False,-1
5363,SINGLE,0,0,1,False,-1
5364,DOUBLE,1,0,1,False,-1
5365,DOUBLE,1,0,1,False,-1
5366,DOUBLE,1,0,1,False,-1
5367,DOUBLE,1,0,1,False,-1
5368,DOUBLE,1,0,1,False,-1
5369,DOUBLE,1,0,1,False,-1
5370,DOUBLE,1,0,1,False,-1
5371,SINGLE,0,0,1,False,-1
5372,DOUBLE,1,0,1,False,-1
5373,SINGLE,0,0,1,False,-1
5374,DOUBLE,1,0,1,False,-1
5375,SINGLE,0,0,1,False,-1
5376,DOUBLE,1,0,1,False,-1
5377,SINGLE,0,0,1,False,-1
5378,DOUBLE,1,0,1,False,-1
5379,SINGLE,0,0,1,False,-1
5380,SINGLE,0,0,1,False,-1
5382,SINGLE,0,0,1,False,-1
5383,DOUBLE,1,0,1,False,-1
5384,DOUBLE,0,1,1,False,-1
5385,DOUBLE,1,0,1,False,-1
5386,SINGLE,0,0,1,False,-1
5387,DOUBLE,1,0,1,False,-1
5388,SINGLE,0,0,1,False,-1
5389,DOUBLE,1,0,1,False,-1
5390,DOUBLE,1,0,1,False,-1
5392,DOUBLE,1,0,1,False,-1
5393,DOUBLE,1,0,1,False,-1
5394,DOUBLE,1,0,1,False,-1
5395,DOUBLE,1,0,1,False,-1
5397,DOUBLE,1,0,1,False,-1
5398,DOUBLE,1,0,1,False,-1
5399,DOUBLE,1,0,1,False,-1
5400,DOUBLE,1,0,1,False,-1
5401,DOUBLE,1,0,1,False,-1
5402,DOUBLE,1,0,1,False,-1
5403,DOUBLE,1,0,1,False,-1
5404,SINGLE,0,0,1,False,-1
5405,DOUBLE,1,0,1,False,-1
5406,SINGLE,0,0,1,False,-1
5407,DOUBLE,1,0,1,False,-1
5408,DOUBLE,1,0,1,False,-1
5409,DOUBLE,1,0,1,False,-1
5410,DOUBLE,1,0,1,False,-1
5411,DOUBLE,1,0,1,False,-1
5412,DOUBLE,1,0,1,False,-1
5413,DOUBLE,1,0,1,False,-1
5414,DOUBLE,1,0,1,False,-1
5415,DOUBLE,1,0,1,False,-1
5416,DOUBLE,1,0,1,False,-1
5417,SINGLE,0,0,1,False,-1
5419,DOUBLE,1,0,1,False,-1
5420,SINGLE,0,0,1,False,-1
5421,DOUBLE,1,0,1,False,-1
5423,SINGLE,0,0,1,False,-1
5424,DOUBLE,1,0,1,False,-1
5425,SINGLE,0,0,1,False,-1
5426,SINGLE,0,0,1,False,-1
5427,SINGLE,0,0,1,False,-1
5429,SINGLE,0,0,1,False,-1
5430,DOUBLE,1,0,1,False,-1
5431,DOUBLE,1,0,1,False,-1
5432,DOUBLE,1,0,1,False,-1
5433,DOUBLE,1,0,1,False,-1
5434,SINGLE,0,0,1,False,-1
5435,DOUBLE,1,0,1,False,-1
5436,DOUBLE,1,0,1,False,-1
5437,DOUBLE,1,0,1,False,-1
5438,DOUBLE,1,0,1,False,-1
5440,SINGLE,0,0,1,False,-1
5441,DOUBLE,1,0,1,False,-1
5442,DOUBLE,1,0,1,False,-1
5443,DOUBLE,1,0,1,False,-1
5444,DOUBLE,1,0,1,False,-1
5445,SINGLE,0,0,1,False,-1
5447,SINGLE,0,0,1,False,-1
5448,SINGLE,0,0,1,False,-1
5449,DOUBLE,1,0,1,False,-1
5451,SINGLE,0,0,1,False,-1
5452,SINGLE,0,0,1,False,-1
5453,SINGLE,0,0,1,False,-1
5454,DOUBLE,1,0,1,False,-1
5455,DOUBLE,1,0,1,False,-1
5456,SINGLE,0,0,1,False,-1
5457,DOUBLE,1,0,1,False,-1
5458,SINGLE,0,0,1,False,-1
5459,DOUBLE,1,0,1,False,-1
5460,SINGLE,0,0,1,False,-1
5461,DOUBLE,1,0,1,False,-1
5462,DOUBLE,1,0,1,False,-1
5463,DOUBLE,1,0,1,False,-1
5464,SINGLE,0,0,1,False,-1
5465,SINGLE,0,0,1,False,-1
5466,DOUBLE,1,0,1,False,-1
5467,DOUBLE,1,0,1,False,-1
5469,SINGLE,0,0,1,False,-1
5470,SINGLE,0,0,1,False,-1
5471,SINGLE,0,0,1,False,-1
5472,DOUBLE,1,0,1,False,-1
5474,DOUBLE,1,0,1,False,-1
5475,SINGLE,0,0,1,False,-1
5476,SINGLE,0,0,1,False,-1
5477,SINGLE,0,0,1,False,-1
5478,SINGLE,0,0,1,False,-1
5479,DOUBLE,1,0,1,False,-1
5480,SINGLE,0,0,1,False,-1
5481,DOUBLE,1,0,1,False,-1
5482,DOUBLE,1,0,1,False,-1
5483,SINGLE,0,0,1,False,-1
5484,SINGLE,0,0,1,False,-1
5485,DOUBLE,1,0,1,False,-1
5487,DOUBLE,1,0,1,False,-1
5488,DOUBLE,1,0,1,False,-1
5489,SINGLE,0,0,1,False,-1
5490,SINGLE,0,0,1,False,-1
5492,DOUBLE,1,0,1,False,-1
5493,DOUBLE,1,0,1,False,-1
5494,DOUBLE,1,0,1,False,-1
5495,DOUBLE,1,0,1,False,-1
5496,DOUBLE,1,0,1,False,-1
5497,SINGLE,0,0,1,False,-1
5498,SINGLE,0,1,0,False,-1
5499,DOUBLE,1,0,1,False,-1
5500,DOUBLE,1,0,1,False,-1
5501,SINGLE,0,0,1,False,-1
5502,SINGLE,0,0,1,False,-1
5503,SINGLE,0,0,1,False,-1
5504,DOUBLE,0,1,1,False,-1
5505,DOUBLE,1,0,1,False,-1
5506,SINGLE,0,0,1,False,-1
5507,SINGLE,0,0,1,False,-1
5508,DOUBLE,1,0,1,False,-1
5509,SINGLE,0,0,1,False,-1
5511,SINGLE,0,0,1,False,-1
5512,DOUBLE,1,0,1,False,-1
5513,SINGLE,0,0,1,False,-1
5514,DOUBLE,1,0,1,False,-1
5515,DOUBLE,1,0,1,False,-1
5516,DOUBLE,1,0,1,False,-1
5517,DOUBLE,1,0,1,False,-1
5518,SINGLE,0,0,1,False,-1
5519,SINGLE,0,0,1,False,-1
5520,DOUBLE,1,0,1,False,-1
5521,SINGLE,0,0,1,False,-1
5522,SINGLE,0,0,1,False,-1
5523,DOUBLE,1,0,1,False,-1
5524,DOUBLE,1,0,1,False,-1
5525,DOUBLE,1,0,1,False,-1
5526,DOUBLE,1,0,1,False,-1
5527,SINGLE,0,0,1,False,-1
5528,DOUBLE,1,0,1,False,-1
5529,SINGLE,0,0,1,False,-1
5530,SINGLE,0,0,1,False,-1
5532,SINGLE,0,0,1,False,-1
5533,DOUBLE,1,0,1,False,-1
5534,DOUBLE,1,0,1,False,-1
5535,SINGLE,0,0,1,False,-1
5536,DOUBLE,1,0,1,False,-1
5537,DOUBLE,1,0,1,False,-1
5538,DOUBLE,1,0,1,False,-1
5540,SINGLE,0,0,1,False,-1
5541,SINGLE,0,0,1,False,-1
5543,SINGLE,0,0,1,False,-1
5544,SINGLE,0,0,1,False,-1
5545,DOUBLE,1,0,1,False,-1
5546,SINGLE,0,0,1,False,-1
5548,DOUBLE,1,0,1,False,-1
5549,DOUBLE,1,0,1,False,-1
5550,DOUBLE,1,0,1,False,-1
5551,DOUBLE,1,0,1,False,-1
5552,SINGLE,0,0,1,False,-1
5553,SINGLE,0,0,1,False,-1
5554,DOUBLE,1,0,1,False,-1
5555,DOUBLE,1,0,1,False,-1
5556,SINGLE,0,0,1,False,-1
5557,DOUBLE,1,0,1,False,-1
5558,SINGLE,0,0,1,False,-1
5559,DOUBLE,1,0,1,False,-1
5560,SINGLE,0,0,1,False,-1
5561,SINGLE,0,0,1,False,-1
5562,DOUBLE,1,0,1,False,-1
5564,DOUBLE,1,0,1,False,-1
5567,DOUBLE,1,0,1,False,-1
5568,DOUBLE,1,0,1,False,-1
5569,DOUBLE,1,0,1,False,-1
5570,DOUBLE,1,0,1,False,-1
5571,SINGLE,0,0,1,False,-1
5572,SINGLE,0,0,1,False,-1
5573,DOUBLE,1,0,1,False,-1
5574,SINGLE,0,0,1,False,-1
5575,TRIPLE,1,1,1,False,-1
5577,DOUBLE,1,0,1,False,-1
5578,SINGLE,0,0,1,False,-1
5579,DOUBLE,0,1,1,False,-1
5580,SINGLE,0,0,1,False,-1
5581,SINGLE,0,0,1,False,-1
5582,DOUBLE,1,0,1,False,-1
5583,DOUBLE,1,0,1,False,-1
5584,DOUBLE,1,0,1,False,-1
5585,SINGLE,0,0,1,False,-1
5586,DOUBLE,1,0,1,False,-1
5587,TRIPLE,1,1,1,False,-1
5589,DOUBLE,1,0,1,False,-1
5590,DOUBLE,1,0,1,False,-1
5591,DOUBLE,1,0,1,False,-1
5592,DOUBLE,1,0,1,False,-1
5593,SINGLE,0,0,1,False,-1
5594,SINGLE,0,0,1,False,-1
5595,SINGLE,0,0,1,False,-1
5596,SINGLE,0,0,1,False,-1
5597,DOUBLE,1,0,1,False,-1
5598,DOUBLE,1,0,1,False,-1
5599,DOUBLE,1,0,1,False,-1
5600,DOUBLE,1,0,1,False,-1
5601,DOUBLE,1,0,1,False,-1
5602,DOUBLE,1,0,1,False,-1
5603,DOUBLE,0,1,1,False,-1
5604,SINGLE,0,0,1,False,-1
5605,SINGLE,0,0,1,False,-1
5606,DOUBLE,1,0,1,False,-1
5608,SINGLE,0,0,1,False,-1
5609,DOUBLE,1,0,1,False,-1
5610,DOUBLE,1,0,1,False,-1
5611,DOUBLE,1,0,1,False,-1
5612,DOUBLE,1,0,1,False,-1
5613,DOUBLE,1,0,1,False,-1
5614,SINGLE,0,0,1,False,-1
5616,SINGLE,0,0,1,False,-1
5617,DOUBLE,1,0,1,False,-1
5619,DOUBLE,1,0,1,False,-1
5620,DOUBLE,1,0,1,False,-1
5621,SINGLE,0,0,1,False,-1
5622,DOUBLE,1,0,1,False,-1
5623,SINGLE,0,0,1,False,-1
5624,DOUBLE,1,0,1,False,-1
5625,DOUBLE,1,0,1,False,-1
5626,SINGLE,0,0,1,False,-1
5627,SINGLE,0,0,1,False,-1
5628,DOUBLE,1,0,1,False,-1
5629,DOUBLE,1,0,1,False,-1
5630,SINGLE,0,0,1,False,-1
5631,SINGLE,0,0,1,False,-1
5632,SINGLE,0,0,1,False,-1
5633,SINGLE,0,0,1,False,-1
5634,SINGLE,0,0,1,False,-1
5635,DOUBLE,1,0,1,False,-1
5636,SINGLE,0,0,1,False,-1
5637,SINGLE,0,0,1,False,-1
5638,SINGLE,0,0,1,False,-1
5639,SINGLE,0,0,1,False,-1
5640,SINGLE,0,0,1,False,-1
5641,SINGLE,0,0,1,False,-1
5643,DOUBLE,1,0,1,False,-1
5644,SINGLE,0,0,1,False,-1
5645,DOUBLE,1,0,1,False,-1
5646,DOUBLE,1,0,1,False,-1
5647,SINGLE,0,0,1,False,-1
5648,DOUBLE,1,0,1,False,-1
5649,DOUBLE,1,0,1,False,-1
5650,DOUBLE,1,0,1,False,-1
5651,SINGLE,0,0,1,False,-1
5652,DOUBLE,1,0,1,False,-1
5653,SINGLE,0,0,1,False,-1
5654,DOUBLE,1,0,1,False,-1
5655,SINGLE,0,0,1,False,-1
5656,SINGLE,0,0,1,False,-1
5657,SINGLE,0,0,1,False,-1
5658,SINGLE,0,0,1,False,-1
5662,DOUBLE,1,0,1,False,-1
5663,DOUBLE,1,0,1,False,-1
5664,DOUBLE,0,1,1,False,-1
5667,SINGLE,0,0,1,False,-1
5668,SINGLE,0,0,1,False,-1
5669,DOUBLE,1,0,1,False,-1
5670,DOUBLE,1,0,1,False,-1
5671,SINGLE,0,0,1,False,-1
5672,DOUBLE,1,0,1,False,-1
5674,SINGLE,0,0,1,False,-1
5675,SINGLE,0,0,1,False,-1
5678,DOUBLE,1,0,1,False,-1
5679,SINGLE,0,0,1,False,-1
5680,SINGLE,0,0,1,False,-1
5681,SINGLE,0,0,1,False,-1
5682,DOUBLE,1,0,1,False,-1
5683,DOUBLE,1,0,1,False,-1
5684,DOUBLE,1,0,1,False,-1
5687,SINGLE,0,0,1,False,-1
5689,DOUBLE,1,0,1,False,-1
5690,DOUBLE,1,0,1,False,-1
5691,DOUBLE,1,0,1,False,-1
5692,TRIPLE,1,1,1,False,-1
5693,DOUBLE,1,0,1,False,-1
5694,SINGLE,0,0,1,False,-1
5695,DOUBLE,1,0,1,False,-1
5696,DOUBLE,1,0,1,False,-1
5697,SINGLE,0,0,1,False,-1
5698,DOUBLE,1,0,1,False,-1
5699,DOUBLE,1,0,1,False,-1
5700,DOUBLE,1,0,1,False,-1
5701,SINGLE,0,0,1,False,-1
5702,DOUBLE,1,0,1,False,-1
5703,DOUBLE,1,0,1,False,-1
5704,SINGLE,0,0,1,False,-1
5705,SINGLE,0,0,1,False,-1
5706,DOUBLE,1,0,1,False,-1
5707,DOUBLE,1,0,1,False,-1
5708,SINGLE,0,0,1,False,-1
5709,DOUBLE,1,0,1,False,-1
5710,DOUBLE,1,0,1,False,-1
5711,DOUBLE,1,0,1,False,-1
5712,DOUBLE,1,0,1,False,-1
5713,DOUBLE,1,0,1,False,-1
5714,DOUBLE,1,0,1,False,-1
5715,DOUBLE,1,0,1,False,-1
5717,DOUBLE,1,0,1,False,-1
5718,DOUBLE,1,0,1,False,-1
5719,DOUBLE,1,0,1,False,-1
5720,SINGLE,0,0,1,False,-1
5721,DOUBLE,1,0,1,False,-1
5722,DOUBLE,1,0,1,False,-1
5724,DOUBLE,1,0,1,False,-1
5725,DOUBLE,1,0,1,False,-1
5726,SINGLE,0,0,1,False,-1
5728,SINGLE,0,0,1,False,-1
5729,DOUBLE,1,0,1,False,-1
5730,SINGLE,0,0,1,False,-1
5731,DOUBLE,1,0,1,False,-1
5732,DOUBLE,1,0,1,False,-1
5733,DOUBLE,0,1,1,False,-1
5734,TRIPLE,1,1,1,False,-1
5735,SINGLE,0,0,1,False,-1
5737,DOUBLE,1,0,1,False,-1
5738,SINGLE,0,0,1,False,-1
5739,DOUBLE,1,0,1,False,-1
5741,DOUBLE,1,0,1,False,-1
5742,SINGLE,0,0,1,False,-1
5743,DOUBLE,1,0,1,False,-1
5744,DOUBLE,1,0,1,False,-1
5745,SINGLE,0,0,1,False,-1
5746,DOUBLE,1,0,1,False,-1
5747,SINGLE,0,0,1,False,-1
5748,DOUBLE,1,0,1,False,-1
5749,SINGLE,0,0,1,False,-1
5750,DOUBLE,1,0,1,False,-1
5751,SINGLE,0,0,1,False,-1
5752,DOUBLE,1,0,1,False,-1
5753,SINGLE,0,0,1,False,-1
5754,DOUBLE,1,0,1,False,-1
5755,DOUBLE,1,0,1,False,-1
5756,SINGLE,0,0,1,False,-1
5757,SINGLE,0,0,1,False,-1
5758,SINGLE,0,0,1,False,-1
5759,DOUBLE,1,0,1,False,-1
5760,SINGLE,0,0,1,False,-1
5761,SINGLE,0,0,1,False,-1
5762,SINGLE,0,0,1,False,-1
5763,DOUBLE,1,0,1,False,-1
5764,DOUBLE,1,0,1,False,-1
5765,DOUBLE,1,0,1,False,-1
5766,DOUBLE,1,0,1,False,-1
5767,SINGLE,0,0,1,False,-1
5768,DOUBLE,1,0,1,False,-1
5769,DOUBLE,1,0,1,False,-1
5771,SINGLE,0,0,1,False,-1
5772,SINGLE,0,0,1,False,-1
5773,SINGLE,0,0,1,False,-1
5774,SINGLE,0,0,1,False,-1
5775,DOUBLE,1,0,1,False,-1
5776,SINGLE,0,0,1,False,-1
5777,SINGLE,0,0,1,False,-1
5778,DOUBLE,1,0,1,False,-1
5779,DOUBLE,1,0,1,False,-1
5780,DOUBLE,1,0,1,False,-1
5781,DOUBLE,1,0,1,False,-1
5782,DOUBLE,1,0,1,False,-1
5783,SINGLE,0,0,1,False,-1
5785,DOUBLE,1,0,1,False,-1
5786,DOUBLE,1,0,1,False,-1
5787,DOUBLE,1,0,1,False,-1
5788,SINGLE,0,0,1,False,-1
5789,SINGLE,0,0,1,False,-1
5790,DOUBLE,1,0,1,False,-1
5791,DOUBLE,1,0,1,False,-1
5792,SINGLE,0,0,1,False,-1
5793,DOUBLE,1,0,1,False,-1
5794,DOUBLE,1,0,1,False,-1
5795,DOUBLE,1,0,1,False,-1
5796,SINGLE,0,0,1,False,-1
5797,DOUBLE,1,0,1,False,-1
5798,SINGLE,0,0,1,False,-1
5799,DOUBLE,1,0,1,False,-1
5800,DOUBLE,1,0,1,False,-1
5801,DOUBLE,1,0,1,False,-1
5803,DOUBLE,1,0,1,False,-1
5804,SINGLE,0,0,1,False,-1
5806,DOUBLE,1,0,1,False,-1
5807,DOUBLE,1,0,1,False,-1
5808,DOUBLE,1,0,1,False,-1
5809,SINGLE,0,0,1,False,-1
5811,DOUBLE,1,0,1,False,-1
5812,SINGLE,0,0,1,False,-1
5814,SINGLE,0,0,1,False,-1
5815,DOUBLE,1,0,1,False,-1
5816,DOUBLE,1,0,1,False,-1
5817,DOUBLE,1,0,1,False,-1
5818,SINGLE,0,0,1,False,-1
5819,SINGLE,0,0,1,False,-1
5820,SINGLE,0,0,1,False,-1
5821,DOUBLE,1,0,1,False,-1
5822,DOUBLE,1,0,1,False,-1
5823,DOUBLE,1,0,1,False,-1
5824,SINGLE,0,0,1,False,-1
5825,DOUBLE,1,0,1,False,-1
5826,SINGLE,0,0,1,False,-1
5827,DOUBLE,1,0,1,False,-1
5828,SINGLE,0,0,1,False,-1
5829,SINGLE,0,0,1,False,-1
5830,SINGLE,0,0,1,False,-1
5831,DOUBLE,1,0,1,False,-1
5832,DOUBLE,1,0,1,False,-1
5833,SINGLE,0,0,1,False,-1
5834,DOUBLE,1,0,1,False,-1
5836,DOUBLE,1,0,1,False,-1
5837,SINGLE,0,0,1,False,-1
5838,SINGLE,0,0,1,False,-1
5839,SINGLE,0,0,1,False,-1
5840,DOUBLE,1,0,1,False,-1
5841,SINGLE,0,0,1,False,-1
5842,DOUBLE,1,0,1,False,-1
5843,DOUBLE,1,0,1,False,-1
5844,DOUBLE,1,0,1,False,-1
5845,SINGLE,0,0,1,False,-1
5846,DOUBLE,1,0,1,False,-1
5847,SINGLE,0,0,1,False,-1
5848,DOUBLE,1,0,1,False,-1
5850,SINGLE,0,0,1,False,-1
5851,SINGLE,0,0,1,False,-1
5852,DOUBLE,1,0,1,False,-1
5853,TRIPLE,1,1,1,False,-1
5854,DOUBLE,1,0,1,False,-1
5855,SINGLE,0,0,1,False,-1
5857,SINGLE,0,0,1,False,-1
5858,SINGLE,0,0,1,False,-1
5859,SINGLE,0,0,1,False,-1
5860,SINGLE,0,0,1,False,-1
5861,SINGLE,0,0,1,False,-1
5862,SINGLE,0,0,1,False,-1
5863,DOUBLE,1,0,1,False,-1
5864,SINGLE,0,0,1,False,-1
5865,DOUBLE,1,0,1,False,-1
5866,DOUBLE,1,0,1,False,-1
5867,SINGLE,0,0,1,False,-1
5868,DOUBLE,1,0,1,False,-1
5869,DOUBLE,1,0,1,False,-1
5870,DOUBLE,1,0,1,False,-1
5871,SINGLE,0,0,1,False,-1
5872,DOUBLE,1,0,1,False,-1
5873,DOUBLE,1,0,1,False,-1
5874,DOUBLE,1,0,1,False,-1
5876,SINGLE,0,0,1,False,-1
5877,DOUBLE,1,0,1,False,-1
5878,DOUBLE,1,0,1,False,-1
5879,DOUBLE,0,1,1,False,-1
5880,DOUBLE,1,0,1,False,-1
5881,DOUBLE,1,0,1,False,-1
5882,DOUBLE,1,0,1,False,-1
5883,DOUBLE,1,0,1,False,-1
5884,SINGLE,0,0,1,False,-1
5885,DOUBLE,1,0,1,False,-1
5886,DOUBLE,1,0,1,False,-1
5887,DOUBLE,1,0,1,False,-1
5888,SINGLE,0,0,1,False,-1
5889,DOUBLE,1,0,1,False,-1
5890,DOUBLE,1,0,1,False,-1
5891,DOUBLE,1,0,1,False,-1
5892,DOUBLE,1,0,1,False,-1
5893,SINGLE,0,0,1,False,-1
5894,DOUBLE,1,0,1,False,-1
5895,DOUBLE,1,0,1,False,-1
5896,DOUBLE,1,0,1,False,-1
5897,DOUBLE,1,0,1,False,-1
5898,SINGLE,0,0,1,False,-1
5899,DOUBLE,1,0,1,False,-1
5900,DOUBLE,1,0,1,False,-1
5901,DOUBLE,1,0,1,False,-1
5902,SINGLE,0,0,1,False,-1
5903,SINGLE,0,0,1,False,-1
5904,DOUBLE,1,0,1,False,-1
5905,DOUBLE,1,0,1,False,-1
5906,DOUBLE,1,0,1,False,-1
5907,DOUBLE,1,0,1,False,-1
5908,DOUBLE,1,0,1,False,-1
5909,DOUBLE,1,0,1,False,-1
5910,SINGLE,0,0,1,False,-1
5911,DOUBLE,1,0,1,False,-1
5913,SINGLE,0,0,1,False,-1
5914,DOUBLE,1,0,1,False,-1
5915,DOUBLE,1,0,1,False,-1
5916,DOUBLE,1,0,1,False,-1
5917,SINGLE,0,0,1,False,-1
5918,SINGLE,0,0,1,False,-1
5920,SINGLE,0,0,1,False,-1
5921,DOUBLE,1,0,1,False,-1
5922,SINGLE,0,0,1,False,-1
5923,DOUBLE,1,0,1,False,-1
5924,DOUBLE,1,0,1,False,-1
5925,SINGLE,0,0,1,False,-1
5926,SINGLE,0,0,1,False,-1
5927,DOUBLE,1,0,1,False,-1
5928,SINGLE,0,0,1,False,-1
5929,SINGLE,0,0,1,False,-1
5930,DOUBLE,1,0,1,False,-1
5931,DOUBLE,1,0,1,False,-1
5933,DOUBLE,1,0,1,False,-1
5934,DOUBLE,1,0,1,False,-1
5936,DOUBLE,1,0,1,False,-1
5937,DOUBLE,1,0,1,False,-1
5939,SINGLE,0,0,1,False,-1
5940,SINGLE,0,0,1,False,-1
5941,DOUBLE,1,0,1,False,-1
5942,DOUBLE,1,0,1,False,-1
5943,SINGLE,0,0,1,False,-1
5944,DOUBLE,1,0,1,False,-1
5945,SINGLE,0,0,1,False,-1
5946,SINGLE,0,0,1,False,-1
5947,DOUBLE,1,0,1,False,-1
5948,DOUBLE,1,0,1,False,-1
5949,SINGLE,0,0,1,False,-1
5951,DOUBLE,1,0,1,False,-1
5952,DOUBLE,1,0,1,False,-1
5953,TRIPLE,1,1,1,False,-1
5954,DOUBLE,1,0,1,False,-1
5955,SINGLE,0,0,1,False,-1
5956,DOUBLE,1,0,1,False,-1
5958,DOUBLE,1,0,1,False,-1
5959,SINGLE,0,0,1,False,-1
5960,DOUBLE,1,0,1,False,-1
5962,SINGLE,0,0,1,False,-1
5963,DOUBLE,1,0,1,False,-1
5964,SINGLE,0,0,1,False,-1
5965,SINGLE,0,0,1,False,-1
5967,DOUBLE,1,0,1,False,-1
5968,SINGLE,0,0,1,False,-1
5969,SINGLE,0,0,1,False,-1
5970,SINGLE,0,0,1,False,-1
5971,SINGLE,0,0,1,False,-1
5972,DOUBLE,1,0,1,False,-1
5973,DOUBLE,1,0,1,False,-1
5974,SINGLE,0,0,1,False,-1
5975,DOUBLE,1,0,1,False,-1
5976,DOUBLE,1,0,1,False,-1
5977,SINGLE,0,0,1,False,-1
5978,DOUBLE,1,0,1,False,-1
5979,DOUBLE,1,0,1,False,-1
5980,DOUBLE,1,0,1,False,-1
5981,DOUBLE,1,0,1,False,-1
5983,SINGLE,0,0,1,False,-1
5984,DOUBLE,1,0,1,False,-1
5985,SINGLE,0,0,1,False,-1
5986,SINGLE,0,0,1,False,-1
5987,SINGLE,0,0,1,False,-1
5988,DOUBLE,1,0,1,False,-1
5989,SINGLE,0,0,1,False,-1
5990,SINGLE,0,0,1,False,-1
5991,TRIPLE,1,1,1,False,-1
5992,SINGLE,0,0,1,False,-1
5993,DOUBLE,1,0,1,False,-1
5994,DOUBLE,1,0,1,False,-1
5995,SINGLE,0,0,1,False,-1
5996,DOUBLE,1,0,1,False,-1
5997,DOUBLE,1,0,1,False,-1
5998,DOUBLE,1,0,1,False,-1
6000,DOUBLE,1,0,1,False,-1
6001,SINGLE,0,0,1,False,-1
6002,DOUBLE,1,0,1,False,-1
6004,DOUBLE,1,0,1,False,-1
6005,DOUBLE,1,0,1,False,-1
6006,SINGLE,0,0,1,False,-1
6007,DOUBLE,1,0,1,False,-1
6008,SINGLE,0,0,1,False,-1
6009,DOUBLE,1,0,1,False,-1
6010,DOUBLE,1,0,1,False,-1
6011,DOUBLE,1,0,1,False,-1
6012,DOUBLE,1,0,1,False,-1
6013,SINGLE,0,0,1,False,-1
6014,DOUBLE,1,0,1,False,-1
6015,SINGLE,0,0,1,False,-1
6016,DOUBLE,1,0,1,False,-1
6017,SINGLE,0,0,1,False,-1
6018,SINGLE,0,0,1,False,-1
6019,SINGLE,0,0,1,False,-1
6020,SINGLE,0,0,1,False,-1
6021,SINGLE,0,0,1,False,-1
6022,SINGLE,0,0,1,False,-1
6023,SINGLE,0,0,1,False,-1
6024,DOUBLE,1,0,1,False,-1
6025,DOUBLE,1,0,1,False,-1
6026,DOUBLE,1,0,1,False,-1
6027,SINGLE,0,0,1,False,-1
6028,SINGLE,0,0,1,False,-1
6029,DOUBLE,1,0,1,False,-1
6030,SINGLE,0,0,1,False,-1
6031,SINGLE,0,0,1,False,-1
6032,SINGLE,0,0,1,False,-1
6033,SINGLE,0,0,1,False,-1
6035,DOUBLE,1,0,1,False,-1
6036,SINGLE,0,0,1,False,-1
6037,SINGLE,0,0,1,False,-1
6038,SINGLE,0,0,1,False,-1
6039,SINGLE,0,0,1,False,-1
6040,TRIPLE,1,1,1,False,-1
6041,DOUBLE,1,0,1,False,-1
6042,SINGLE,0,0,1,False,-1
6044,DOUBLE,1,0,1,False,-1
6045,SINGLE,0,0,1,False,-1
6046,DOUBLE,1,0,1,False,-1
6047,SINGLE,0,1,0,False,-1
6048,SINGLE,0,0,1,False,-1
6049,DOUBLE,1,0,1,False,-1
6050,DOUBLE,1,0,1,False,-1
6051,DOUBLE,1,0,1,False,-1
6052,DOUBLE,1,0,1,False,-1
6053,DOUBLE,1,0,1,False,-1
6054,DOUBLE,1,0,1,False,-1
6055,DOUBLE,1,0,1,False,-1
6056,SINGLE,0,0,1,False,-1
6057,DOUBLE,1,0,1,False,-1
6058,DOUBLE,1,0,1,False,-1
6059,DOUBLE,1,0,1,False,-1
6060,DOUBLE,1,0,1,False,-1
6061,TRIPLE,1,1,1,False,-1
6062,DOUBLE,1,0,1,False,-1
6063,DOUBLE,1,0,1,False,-1
6065,SINGLE,0,0,1,False,-1
6067,DOUBLE,1,0,1,False,-1
6068,DOUBLE,1,0,1,False,-1
6069,SINGLE,0,0,1,False,-1
6070,SINGLE,0,0,1,False,-1
6071,SINGLE,0,0,1,False,-1
6072,DOUBLE,1,0,1,False,-1
6073,SINGLE,0,0,1,False,-1
6074,SINGLE,0,0,1,False,-1
6075,DOUBLE,1,0,1,False,-1
6076,SINGLE,0,0,1,False,-1
6077,DOUBLE,1,0,1,False,-1
6079,DOUBLE,1,0,1,False,-1
6080,SINGLE,0,0,1,False,-1
6081,SINGLE,0,0,1,False,-1
6082,SINGLE,0,0,1,False,-1
6083,DOUBLE,1,0,1,False,-1
6085,DOUBLE,1,0,1,False,-1
6086,SINGLE,0,0,1,False,-1
6087,SINGLE,0,0,1,False,-1
6088,SINGLE,0,0,1,False,-1
6089,DOUBLE,1,0,1,False,-1
6090,SINGLE,0,0,1,False,-1
6091,SINGLE,0,0,1,False,-1
6092,DOUBLE,1,0,1,False,-1
6094,DOUBLE,1,0,1,False,-1
6095,SINGLE,0,0,1,False,-1
6097,SINGLE,0,0,1,False,-1
6099,SINGLE,0,0,1,False,-1
6100,SINGLE,0,0,1,False,-1
6101,SINGLE,0,0,1,False,-1
6102,DOUBLE,1,0,1,False,-1
6103,DOUBLE,1,0,1,False,-1
6104,DOUBLE,1,0,1,False,-1
6105,DOUBLE,1,0,1,False,-1
6106,DOUBLE,1,0,1,False,-1
6107,DOUBLE,1,0,1,False,-1
6108,DOUBLE,1,0,1,False,-1
6109,DOUBLE,1,0,1,False,-1
6110,DOUBLE,1,0,1,False,-1
6111,DOUBLE,1,0,1,False,-1
6112,SINGLE,0,0,1,False,-1
6113,DOUBLE,1,0,1,False,-1
6114,DOUBLE,1,0,1,False,-1
6115,DOUBLE,1,0,1,False,-1
6116,DOUBLE,1,0,1,False,-1
6117,SINGLE,0,0,1,False,-1
6118,SINGLE,0,0,1,False,-1
6119,SINGLE,0,0,1,False,-1
6120,DOUBLE,1,0,1,False,-1
6121,SINGLE,0,0,1,False,-1
6122,DOUBLE,1,0,1,False,-1
6123,SINGLE,0,0,1,False,-1
6124,DOUBLE,1,0,1,False,-1
6125,SINGLE,0,0,1,False,-1
6126,DOUBLE,1,0,1,False,-1
6127,SINGLE,0,0,1,False,-1
6128,DOUBLE,1,0,1,False,-1
6129,DOUBLE,1,0,1,False,-1
6130,DOUBLE,1,0,1,False,-1
6131,SINGLE,0,0,1,False,-1
6132,DOUBLE,1,0,1,False,-1
6133,DOUBLE,1,0,1,False,-1
6134,SINGLE,0,0,1,False,-1
6136,SINGLE,0,0,1,False,-1
6137,DOUBLE,1,0,1,False,-1
6138,SINGLE,0,0,1,False,-1
6139,DOUBLE,1,0,1,False,-1
6140,DOUBLE,1,0,1,False,-1
6141,DOUBLE,1,0,1,False,-1
6142,DOUBLE,1,0,1,False,-1
6143,SINGLE,0,0,1,False,-1
6144,SINGLE,0,0,1,False,-1
6145,DOUBLE,1,0,1,False,-1
6146,SINGLE,0,0,1,False,-1
6147,DOUBLE,1,0,1,False,-1
6148,DOUBLE,1,0,1,False,-1
6149,SINGLE,0,0,1,False,-1
6151,DOUBLE,1,0,1,False,-1
6152,SINGLE,0,0,1,False,-1
6154,DOUBLE,1,0,1,False,-1
6155,DOUBLE,1,0,1,False,-1
6156,DOUBLE,1,0,1,False,-1
6157,DOUBLE,1,0,1,False,-1
6158,SINGLE,0,0,1,False,-1
6159,DOUBLE,1,0,1,False,-1
6160,SINGLE,0,0,1,False,-1
6161,DOUBLE,1,0,1,False,-1
6162,SINGLE,0,0,1,False,-1
6163,DOUBLE,1,0,1,False,-1
6164,DOUBLE,1,0,1,False,-1
6165,DOUBLE,1,0,1,False,-1
6166,DOUBLE,1,0,1,False,-1
6167,SINGLE,0,0,1,False,-1
6168,DOUBLE,1,0,1,False,-1
6169,SINGLE,0,0,1,False,-1
6170,SINGLE,0,0,1,False,-1
6171,DOUBLE,1,0,1,False,-1
6172,SINGLE,0,0,1,False,-1
6173,DOUBLE,1,0,1,False,-1
6175,DOUBLE,1,0,1,False,-1
6177,DOUBLE,1,0,1,False,-1
6178,SINGLE,0,0,1,False,-1
6179,SINGLE,0,0,1,False,-1
6180,SINGLE,0,0,1,False,-1
6181,SINGLE,0,0,1,False,-1
6182,SINGLE,0,0,1,False,-1
6183,DOUBLE,1,0,1,False,-1
6185,DOUBLE,1,0,1,False,-1
6186,DOUBLE,1,0,1,False,-1
6187,DOUBLE,1,0,1,False,-1
6189,SINGLE,0,0,1,False,-1
6190,DOUBLE,1,0,1,False,-1
6191,SINGLE,0,0,1,False,-1
6192,DOUBLE,1,0,1,False,-1
6193,SINGLE,0,0,1,False,-1
6196,DOUBLE,1,0,1,False,-1
6197,SINGLE,0,0,1,False,-1
6198,SINGLE,0,0,1,False,-1
6200,DOUBLE,1,0,1,False,-1
6201,SINGLE,0,0,1,False,-1
6202,DOUBLE,1,0,1,False,-1
6203,SINGLE,0,0,1,False,-1
6205,DOUBLE,1,0,1,False,-1
6207,DOUBLE,1,0,1,False,-1
6208,SINGLE,0,0,1,False,-1
6209,SINGLE,0,0,1,False,-1
6210,DOUBLE,1,0,1,False,-1
6211,SINGLE,0,0,1,False,-1
6212,DOUBLE,1,0,1,False,-1
6213,SINGLE,0,0,1,False,-1
6214,SINGLE,0,0,1,False,-1
6215,DOUBLE,1,0,1,False,-1
6216,SINGLE,0,0,1,False,-1
6217,DOUBLE,1,0,1,False,-1
6218,SINGLE,0,0,1,False,-1
6219,SINGLE,0,0,1,False,-1
6220,TRIPLE,1,1,1,False,-1
6221,SINGLE,0,0,1,False,-1
6222,DOUBLE,1,0,1,False,-1
6223,DOUBLE,1,0,1,False,-1
6224,DOUBLE,0,1,1,False,-1
6225,DOUBLE,1,0,1,False,-1
6226,DOUBLE,1,0,1,False,-1
6227,SINGLE,0,0,1,False,-1
6228,SINGLE,0,0,1,False,-1
6229,DOUBLE,1,0,1,False,-1
6230,SINGLE,0,0,1,False,-1
6231,SINGLE,0,0,1,False,-1
6232,DOUBLE,1,0,1,False,-1
6233,DOUBLE,1,0,1,False,-1
6234,SINGLE,0,0,1,False,-1
6235,SINGLE,0,0,1,False,-1
6236,SINGLE,0,0,1,False,-1
6237,DOUBLE,1,0,1,False,-1
6238,DOUBLE,1,0,1,False,-1
6239,SINGLE,0,0,1,False,-1
6240,SINGLE,0,0,1,False,-1
6241,SINGLE,0,0,1,False,-1
6242,SINGLE,0,0,1,False,-1
6243,SINGLE,0,0,1,False,-1
6244,SINGLE,0,0,1,False,-1
6245,DOUBLE,1,0,1,False,-1
6246,DOUBLE,1,0,1,False,-1
6247,DOUBLE,1,0,1,False,-1
6248,DOUBLE,1,0,1,False,-1
6249,DOUBLE,1,0,1,False,-1
6250,DOUBLE,1,0,1,False,-1
6251,SINGLE,0,0,1,False,-1
6252,SINGLE,0,0,1,False,-1
6254,DOUBLE,1,0,1,False,-1
6256,SINGLE,0,0,1,False,-1
6257,DOUBLE,1,0,1,False,-1
6258,SINGLE,0,0,1,False,-1
6259,SINGLE,0,0,1,False,-1
6260,DOUBLE,1,0,1,False,-1
6261,DOUBLE,1,0,1,False,-1
6262,DOUBLE,1,0,1,False,-1
6263,SINGLE,0,0,1,False,-1
6264,DOUBLE,1,0,1,False,-1
6265,SINGLE,0,0,1,False,-1
6266,DOUBLE,1,0,1,False,-1
6267,SINGLE,0,0,1,False,-1
6268,DOUBLE,1,0,1,False,-1
6269,SINGLE,0,0,1,False,-1
6270,DOUBLE,1,0,1,False,-1
6271,SINGLE,0,0,1,False,-1
6272,DOUBLE,1,0,1,False,-1
6273,SINGLE,0,0,1,False,-1
6274,DOUBLE,1,0,1,False,-1
6275,SINGLE,0,0,1,False,-1
6276,DOUBLE,1,0,1,False,-1
6277,DOUBLE,1,0,1,False,-1
6278,DOUBLE,0,1,1,False,-1
6279,DOUBLE,1,0,1,False,-1
6280,DOUBLE,1,0,1,False,-1
6281,SINGLE,0,0,1,False,-1
6282,DOUBLE,1,0,1,False,-1
6283,DOUBLE,1,0,1,False,-1
6284,DOUBLE,0,1,1,False,-1
6285,DOUBLE,1,0,1,False,-1
6286,DOUBLE,1,0,1,False,-1
6287,DOUBLE,1,0,1,False,-1
6288,SINGLE,0,0,1,False,-1
6289,SINGLE,0,0,1,False,-1
6290,SINGLE,0,0,1,False,-1
6294,SINGLE,0,0,1,False,-1
6295,DOUBLE,1,0,1,False,-1
6296,DOUBLE,1,0,1,False,-1
6297,DOUBLE,1,0,1,False,-1
6298,SINGLE,0,0,1,False,-1
6299,DOUBLE,1,0,1,False,-1
6300,SINGLE,0,0,1,False,-1
6301,DOUBLE,1,0,1,False,-1
6303,DOUBLE,1,0,1,False,-1
6304,SINGLE,0,0,1,False,-1
6305,SINGLE,0,0,1,False,-1
6306,DOUBLE,1,0,1,False,-1
6307,DOUBLE,1,0,1,False,-1
6308,SINGLE,0,0,1,False,-1
6309,SINGLE,0,0,1,False,-1
6310,DOUBLE,1,0,1,False,-1
6311,DOUBLE,1,0,1,False,-1
6312,DOUBLE,1,0,1,False,-1
6313,SINGLE,0,0,1,False,-1
6314,DOUBLE,1,0,1,False,-1
6315,SINGLE,0,0,1,False,-1
6316,DOUBLE,1,0,1,False,-1
6317,DOUBLE,1,0,1,False,-1
6318,DOUBLE,1,0,1,False,-1
6319,DOUBLE,1,0,1,False,-1
6320,DOUBLE,1,0,1,False,-1
6321,DOUBLE,1,0,1,False,-1
6322,SINGLE,0,0,1,False,-1
6323,DOUBLE,1,0,1,False,-1
6325,SINGLE,0,0,1,False,-1
6326,DOUBLE,1,0,1,False,-1
6327,DOUBLE,1,0,1,False,-1
6328,DOUBLE,1,0,1,False,-1
6329,DOUBLE,1,0,1,False,-1
6331,DOUBLE,1,0,1,False,-1
6332,SINGLE,0,0,1,False,-1
6333,DOUBLE,1,0,1,False,-1
6334,SINGLE,0,0,1,False,-1
6335,SINGLE,0,0,1,False,-1
6337,SINGLE,0,0,1,False,-1
6338,SINGLE,0,0,1,False,-1
6339,SINGLE,0,0,1,False,-1
6340,SINGLE,0,0,1,False,-1
6341,SINGLE,0,0,1,False,-1
6342,DOUBLE,1,0,1,False,-1
6343,DOUBLE,1,0,1,False,-1
6344,DOUBLE,1,0,1,False,-1
6345,SINGLE,0,0,1,False,-1
6346,SINGLE,0,0,1,False,-1
6347,DOUBLE,1,0,1,False,-1
6348,DOUBLE,1,0,1,False,-1
6349,DOUBLE,1,0,1,False,-1
6350,DOUBLE,1,0,1,False,-1
6351,SINGLE,0,0,1,False,-1
6353,DOUBLE,1,0,1,False,-1
6354,DOUBLE,1,0,1,False,-1
6355,SINGLE,0,0,1,False,-1
6356,DOUBLE,1,0,1,False,-1
6357,SINGLE,0,0,1,False,-1
6358,SINGLE,0,0,1,False,-1
6360,DOUBLE,1,0,1,False,-1
6361,SINGLE,0,0,1,False,-1
6362,DOUBLE,1,0,1,False,-1
6363,DOUBLE,1,0,1,False,-1
6364,SINGLE,0,0,1,False,-1
6365,SINGLE,0,0,1,False,-1
6366,DOUBLE,1,0,1,False,-1
6367,DOUBLE,1,0,1,False,-1
6368,DOUBLE,1,0,1,False,-1
6369,SINGLE,0,0,1,False,-1
6370,SINGLE,0,0,1,False,-1
6371,SINGLE,0,0,1,False,-1
6372,DOUBLE,1,0,1,False,-1
6373,DOUBLE,1,0,1,False,-1
6374,DOUBLE,1,0,1,False,-1
6375,DOUBLE,1,0,1,False,-1
6376,SINGLE,0,0,1,False,-1
6377,DOUBLE,1,0,1,False,-1
6378,SINGLE,0,0,1,False,-1
6379,DOUBLE,1,0,1,False,-1
6380,DOUBLE,1,0,1,False,-1
6381,DOUBLE,0,1,1,False,-1
6383,SINGLE,0,0,1,False,-1
6384,SINGLE,0,0,1,False,-1
6385,DOUBLE,1,0,1,False,-1
6386,SINGLE,0,0,1,False,-1
6387,SINGLE,0,0,1,False,-1
6388,DOUBLE,1,0,1,False,-1
6389,SINGLE,0,0,1,False,-1
6390,DOUBLE,1,0,1,False,-1
6391,DOUBLE,1,0,1,False,-1
6392,DOUBLE,1,0,1,False,-1
6393,DOUBLE,1,0,1,False,-1
6394,DOUBLE,1,0,1,False,-1
6395,DOUBLE,1,0,1,False,-1
6396,SINGLE,0,0,1,False,-1
6397,DOUBLE,1,0,1,False,-1
6398,DOUBLE,1,0,1,False,-1
6399,DOUBLE,1,0,1,False,-1
6400,SINGLE,0,0,1,False,-1
6401,DOUBLE,1,0,1,False,-1
6402,SINGLE,0,0,1,False,-1
6403,SINGLE,0,0,1,False,-1
6404,DOUBLE,1,0,1,False,-1
6405,SINGLE,0,0,1,False,-1
6406,DOUBLE,1,0,1,False,-1
6407,SINGLE,0,0,1,False,-1
6409,SINGLE,0,0,1,False,-1
6410,SINGLE,0,0,1,False,-1
6411,DOUBLE,1,0,1,False,-1
6412,SINGLE,0,0,1,False,-1
6413,DOUBLE,1,0,1,False,-1
6414,DOUBLE,1,0,1,False,-1
6415,TRIPLE,1,1,1,False,-1
6416,DOUBLE,1,0,1,False,-1
6417,DOUBLE,1,0,1,False,-1
6418,DOUBLE,1,0,1,False,-1
6419,DOUBLE,1,0,1,False,-1
6420,DOUBLE,1,0,1,False,-1
6421,DOUBLE,1,0,1,False,-1
6422,SINGLE,0,0,1,False,-1
6423,DOUBLE,1,0,1,False,-1
6424,DOUBLE,1,0,1,False,-1
6425,DOUBLE,1,0,1,False,-1
6429,SINGLE,0,0,1,False,-1
6431,SINGLE,0,0,1,False,-1
6432,SINGLE,0,0,1,False,-1
6433,DOUBLE,1,0,1,False,-1
6434,SINGLE,0,0,1,False,-1
6435,SINGLE,0,0,1,False,-1
6436,DOUBLE,1,0,1,False,-1
6437,DOUBLE,1,0,1,False,-1
6438,DOUBLE,1,0,1,False,-1
6440,DOUBLE,1,0,1,False,-1
6443,DOUBLE,1,0,1,False,-1
6445,SINGLE,0,0,1,False,-1
6446,DOUBLE,1,0,1,False,-1
6447,SINGLE,0,0,1,False,-1
6448,SINGLE,0,0,1,False,-1
6449,DOUBLE,1,0,1,False,-1
6450,SINGLE,0,0,1,False,-1
6451,SINGLE,0,0,1,False,-1
6452,SINGLE,0,0,1,False,-1
6453,SINGLE,0,0,1,False,-1
6454,SINGLE,0,0,1,False,-1
6455,SINGLE,0,0,1,False,-1
6456,SINGLE,0,0,1,False,-1
6457,SINGLE,0,0,1,False,-1
6458,DOUBLE,1,0,1,False,-1
6459,SINGLE,0,0,1,False,-1
6460,SINGLE,0,0,1,False,-1
6461,SINGLE,0,0,1,False,-1
6462,SINGLE,0,0,1,False,-1
6463,DOUBLE,1,0,1,False,-1
6464,TRIPLE,1,1,1,False,-1
6466,SINGLE,0,0,1,False,-1
6467,DOUBLE,1,0,1,False,-1
6468,DOUBLE,1,0,1,False,-1
6469,DOUBLE,1,0,1,False,-1
6470,SINGLE,0,0,1,False,-1
6471,SINGLE,0,0,1,False,-1
6472,SINGLE,0,0,1,False,-1
6473,DOUBLE,1,0,1,False,-1
6474,DOUBLE,0,1,1,False,-1
6476,DOUBLE,1,0,1,False,-1
6477,SINGLE,0,0,1,False,-1
6478,DOUBLE,1,0,1,False,-1
6479,SINGLE,0,0,1,False,-1
6480,SINGLE,0,0,1,False,-1
6481,DOUBLE,1,0,1,False,-1
6482,SINGLE,0,0,1,False,-1
6484,DOUBLE,1,0,1,False,-1
6485,DOUBLE,1,0,1,False,-1
6486,DOUBLE,1,0,1,False,-1
6487,DOUBLE,1,0,1,False,-1
6488,SINGLE,0,0,1,False,-1
6489,DOUBLE,1,0,1,False,-1
6492,SINGLE,0,0,1,False,-1
6493,DOUBLE,1,0,1,False,-1
6494,SINGLE,0,0,1,False,-1
6495,DOUBLE,1,0,1,False,-1
6496,DOUBLE,1,0,1,False,-1
6497,DOUBLE,1,0,1,False,-1
6498,SINGLE,0,0,1,False,-1
6499,SINGLE,0,0,1,False,-1
6500,DOUBLE,1,0,1,False,-1
6501,DOUBLE,1,0,1,False,-1
6502,SINGLE,0,0,1,False,-1
6503,SINGLE,0,0,1,False,-1
6504,DOUBLE,1,0,1,False,-1
6505,DOUBLE,1,0,1,False,-1
6506,DOUBLE,1,0,1,False,-1
6507,SINGLE,0,0,1,False,-1
6508,DOUBLE,1,0,1,False,-1
6509,SINGLE,0,0,1,False,-1
6510,DOUBLE,1,0,1,False,-1
6511,DOUBLE,1,0,1,False,-1
6512,SINGLE,0,0,1,False,-1
6513,SINGLE,0,0,1,False,-1
6514,DOUBLE,1,0,1,False,-1
6515,DOUBLE,1,0,1,False,-1
6516,DOUBLE,1,0,1,False,-1
6517,SINGLE,0,0,1,False,-1
6518,SINGLE,0,0,1,False,-1
6519,SINGLE,0,0,1,False,-1
6520,SINGLE,0,0,1,False,-1
6523,DOUBLE,1,0,1,False,-1
6525,SINGLE,0,0,1,False,-1
6526,SINGLE,0,0,1,False,-1
6527,SINGLE,0,0,1,False,-1
6529,SINGLE,0,0,1,False,-1
6530,DOUBLE,1,0,1,False,-1
6531,DOUBLE,1,0,1,False,-1
6532,DOUBLE,1,0,1,False,-1
6533,DOUBLE,1,0,1,False,-1
6534,DOUBLE,1,0,1,False,-1
6535,DOUBLE,1,0,1,False,-1
6536,SINGLE,0,0,1,False,-1
6537,SINGLE,0,0,1,False,-1
6538,DOUBLE,1,0,1,False,-1
6539,SINGLE,0,0,1,False,-1
6540,DOUBLE,1,0,1,False,-1
6541,DOUBLE,1,0,1,False,-1
6542,DOUBLE,1,0,1,False,-1
6543,SINGLE,0,0,1,False,-1
6544,DOUBLE,1,0,1,False,-1
6545,SINGLE,0,0,1,False,-1
6546,DOUBLE,1,0,1,False,-1
6547,SINGLE,0,0,1,False,-1
6548,DOUBLE,1,0,1,False,-1
6549,DOUBLE,1,0,1,False,-1
6550,SINGLE,0,0,1,False,-1
6551,DOUBLE,1,0,1,False,-1
6552,DOUBLE,0,1,1,False,-1
6553,SINGLE,0,0,1,False,-1
6554,DOUBLE,1,0,1,False,-1
6555,DOUBLE,1,0,1,False,-1
6556,DOUBLE,1,0,1,False,-1
6557,SINGLE,0,0,1,False,-1
6558,DOUBLE,1,0,1,False,-1
6559,DOUBLE,1,0,1,False,-1
6560,DOUBLE,1,0,1,False,-1
6561,DOUBLE,1,0,1,False,-1
6562,SINGLE,0,0,1,False,-1
6563,DOUBLE,1,0,1,False,-1
6564,SINGLE,0,0,1,False,-1
6565,DOUBLE,1,0,1,False,-1
6566,SINGLE,0,0,1,False,-1
6567,DOUBLE,1,0,1,False,-1
6568,SINGLE,0,0,1,False,-1
6569,DOUBLE,1,0,1,False,-1
6570,DOUBLE,1,0,1,False,-1
6571,DOUBLE,1,0,1,False,-1
6573,SINGLE,0,0,1,False,-1
6574,SINGLE,0,0,1,False,-1
6575,DOUBLE,1,0,1,False,-1
6576,SINGLE,0,0,1,False,-1
6578,DOUBLE,1,0,1,False,-1
6579,DOUBLE,1,0,1,False,-1
6580,DOUBLE,1,0,1,False,-1
6581,DOUBLE,1,0,1,False,-1
6582,DOUBLE,1,0,1,False,-1
6583,SINGLE,0,0,1,False,-1
6584,DOUBLE,1,0,1,False,-1
6585,SINGLE,0,0,1,False,-1
6586,DOUBLE,1,0,1,False,-1
6587,DOUBLE,1,0,1,False,-1
6588,SINGLE,0,0,1,False,-1
6589,SINGLE,0,0,1,False,-1
6590,DOUBLE,1,0,1,False,-1
6591,DOUBLE,1,0,1,False,-1
6592,DOUBLE,1,0,1,False,-1
6593,DOUBLE,1,0,1,False,-1
6594,DOUBLE,1,0,1,False,-1
6595,DOUBLE,1,0,1,False,-1
6596,SINGLE,0,0,1,False,-1
6598,SINGLE,0,0,1,False,-1
6599,DOUBLE,1,0,1,False,-1
6601,SINGLE,0,0,1,False,-1
6602,SINGLE,0,0,1,False,-1
6603,DOUBLE,1,0,1,False,-1
6604,DOUBLE,1,0,1,False,-1
6605,SINGLE,0,0,1,False,-1
6606,SINGLE,0,0,1,False,-1
6607,SINGLE,0,0,1,False,-1
6609,SINGLE,0,0,1,False,-1
6610,SINGLE,0,0,1,False,-1
6611,SINGLE,0,0,1,False,-1
6612,DOUBLE,1,0,1,False,-1
6613,SINGLE,0,0,1,False,-1
6614,DOUBLE,1,0,1,False,-1
6615,DOUBLE,1,0,1,False,-1
6616,SINGLE,0,0,1,False,-1
6617,DOUBLE,1,0,1,False,-1
6618,DOUBLE,1,0,1,False,-1
6619,DOUBLE,1,0,1,False,-1
6620,DOUBLE,1,0,1,False,-1
6621,DOUBLE,1,0,1,False,-1
6622,SINGLE,0,0,1,False,-1
6623,SINGLE,0,0,1,False,-1
6624,DOUBLE,1,0,1,False,-1
6625,DOUBLE,1,0,1,False,-1
6626,SINGLE,0,0,1,False,-1
6627,DOUBLE,1,0,1,False,-1
6628,SINGLE,0,0,1,False,-1
6629,SINGLE,0,0,1,False,-1
6630,DOUBLE,1,0,1,False,-1
6631,SINGLE,0,0,1,False,-1
6632,SINGLE,0,0,1,False,-1
6633,DOUBLE,1,0,1,False,-1
6634,SINGLE,0,0,1,False,-1
6635,SINGLE,0,0,1,False,-1
6637,SINGLE,0,0,1,False,-1
6638,DOUBLE,1,0,1,False,-1
6639,DOUBLE,1,0,1,False,-1
6640,SINGLE,0,0,1,False,-1
6641,DOUBLE,1,0,1,False,-1
6642,DOUBLE,1,0,1,False,-1
6643,SINGLE,0,0,1,False,-1
6644,SINGLE,0,0,1,False,-1
6645,DOUBLE,1,0,1,False,-1
6646,DOUBLE,1,0,1,False,-1
6647,DOUBLE,1,0,1,False,-1
6648,DOUBLE,1,0,1,False,-1
6649,SINGLE,0,0,1,False,-1
6650,DOUBLE,1,0,1,False,-1
6651,DOUBLE,1,0,1,False,-1
6652,DOUBLE,1,0,1,False,-1
6653,DOUBLE,1,0,1,False,-1
6654,DOUBLE,1,0,1,False,-1
6655,DOUBLE,1,0,1,False,-1
6656,DOUBLE,1,0,1,False,-1
6657,SINGLE,0,0,1,False,-1
6658,SINGLE,0,0,1,False,-1
6659,DOUBLE,0,1,1,False,-1
6660,SINGLE,0,0,1,False,-1
6661,DOUBLE,1,0,1,False,-1
6662,DOUBLE,1,0,1,False,-1
6664,SINGLE,0,0,1,False,-1
6665,DOUBLE,1,0,1,False,-1
6666,SINGLE,0,0,1,False,-1
6667,DOUBLE,1,0,1,False,-1
6668,DOUBLE,1,0,1,False,-1
6669,SINGLE,0,0,1,False,-1
6670,DOUBLE,1,0,1,False,-1
6671,SINGLE,0,0,1,False,-1
6672,SINGLE,0,0,1,False,-1
6673,DOUBLE,1,0,1,False,-1
6674,SINGLE,0,0,1,False,-1
6675,DOUBLE,1,0,1,False,-1
6676,SINGLE,0,0,1,False,-1
6677,DOUBLE,1,0,1,False,-1
6678,DOUBLE,1,0,1,False,-1
6679,DOUBLE,1,0,1,False,-1
6680,DOUBLE,1,0,1,False,-1
6681,DOUBLE,1,0,1,False,-1
6683,SINGLE,0,0,1,False,-1
6684,DOUBLE,1,0,1,False,-1
6685,DOUBLE,1,0,1,False,-1
6687,SINGLE,0,0,1,False,-1
6688,DOUBLE,1,0,1,False,-1
6689,DOUBLE,0,1,1,False,-1
6690,DOUBLE,1,0,1,False,-1
6691,DOUBLE,1,0,1,False,-1
6692,DOUBLE,1,0,1,False,-1
6693,SINGLE,0,0,1,False,-1
6694,DOUBLE,1,0,1,False,-1
6695,DOUBLE,1,0,1,False,-1
6697,DOUBLE,1,0,1,False,-1
6698,DOUBLE,1,0,1,False,-1
6699,DOUBLE,1,0,1,False,-1
6700,DOUBLE,1,0,1,False,-1
6701,TRIPLE,1,1,1,False,-1
6702,DOUBLE,1,0,1,False,-1
6704,SINGLE,0,0,1,False,-1
6705,SINGLE,0,0,1,False,-1
6706,DOUBLE,1,0,1,False,-1
6707,SINGLE,0,0,1,False,-1
6708,SINGLE,0,0,1,False,-1
6709,DOUBLE,1,0,1,False,-1
6710,DOUBLE,1,0,1,False,-1
6711,SINGLE,0,0,1,False,-1
6713,SINGLE,0,0,1,False,-1
6714,DOUBLE,1,0,1,False,-1
6715,SINGLE,0,0,1,False,-1
6716,DOUBLE,1,0,1,False,-1
6718,SINGLE,0,0,1,False,-1
6719,DOUBLE,1,0,1,False,-1
6720,DOUBLE,1,0,1,False,-1
6721,SINGLE,0,0,1,False,-1
6722,DOUBLE,1,0,1,False,-1
6723,DOUBLE,1,0,1,False,-1
6724,DOUBLE,1,0,1,False,-1
6726,DOUBLE,1,0,1,False,-1
6727,DOUBLE,1,0,1,False,-1
6728,DOUBLE,1,0,1,False,-1
6729,SINGLE,0,0,1,False,-1
6731,DOUBLE,1,0,1,False,-1
6732,DOUBLE,1,0,1,False,-1
6733,SINGLE,0,0,1,False,-1
6734,SINGLE,0,0,1,False,-1
6735,SINGLE,0,0,1,False,-1
6736,DOUBLE,1,0,1,False,-1
6737,DOUBLE,1,0,1,False,-1
6738,DOUBLE,1,0,1,False,-1
6739,SINGLE,0,0,1,False,-1
6740,DOUBLE,1,0,1,False,-1
6741,DOUBLE,1,0,1,False,-1
6743,DOUBLE,1,0,1,False,-1
6744,SINGLE,0,0,1,False,-1
6745,SINGLE,0,0,1,False,-1
6746,SINGLE,0,0,1,False,-1
6747,DOUBLE,1,0,1,False,-1
6748,SINGLE,0,0,1,False,-1
6749,DOUBLE,1,0,1,False,-1
6750,DOUBLE,1,0,1,False,-1
6752,SINGLE,0,0,1,False,-1
6753,DOUBLE,1,0,1,False,-1
6754,DOUBLE,1,0,1,False,-1
6755,SINGLE,0,0,1,False,-1
6756,SINGLE,0,0,1,False,-1
6758,DOUBLE,1,0,1,False,-1
6759,DOUBLE,1,0,1,False,-1
6760,SINGLE,0,0,1,False,-1
6761,DOUBLE,1,0,1,False,-1
6762,DOUBLE,1,0,1,False,-1
6764,DOUBLE,1,0,1,False,-1
6765,DOUBLE,1,0,1,False,-1
6766,DOUBLE,1,0,1,False,-1
6767,DOUBLE,1,0,1,False,-1
6768,DOUBLE,1,0,1,False,-1
6769,DOUBLE,1,0,1,False,-1
6770,DOUBLE,1,0,1,False,-1
6771,SINGLE,0,0,1,False,-1
6772,SINGLE,0,0,1,False,-1
6773,DOUBLE,1,0,1,False,-1
6774,DOUBLE,1,0,1,False,-1
6775,SINGLE,0,0,1,False,-1
6776,SINGLE,0,0,1,False,-1
6777,SINGLE,0,0,1,False,-1
6778,DOUBLE,1,0,1,False,-1
6779,SINGLE,0,0,1,False,-1
6780,SINGLE,0,0,1,False,-1
6781,SINGLE,0,0,1,False,-1
6782,SINGLE,0,0,1,False,-1
6783,SINGLE,0,0,1,False,-1
6784,SINGLE,0,0,1,False,-1
6785,SINGLE,0,0,1,False,-1
6786,DOUBLE,1,0,1,False,-1
6787,SINGLE,0,0,1,False,-1
6789,DOUBLE,1,0,1,False,-1
6791,SINGLE,0,0,1,False,-1
6792,DOUBLE,1,0,1,False,-1
6793,DOUBLE,1,0,1,False,-1
6794,SINGLE,0,0,1,False,-1
6795,SINGLE,0,0,1,False,-1
6796,DOUBLE,1,0,1,False,-1
6797,DOUBLE,1,0,1,False,-1
6798,SINGLE,0,0,1,False,-1
6799,DOUBLE,1,0,1,False,-1
6800,DOUBLE,1,0,1,False,-1
6801,SINGLE,0,0,1,False,-1
6802,DOUBLE,1,0,1,False,-1
6803,SINGLE,0,0,1,False,-1
6805,SINGLE,0,0,1,False,-1
6806,DOUBLE,1,0,1,False,-1
6808,DOUBLE,1,0,1,False,-1
6809,DOUBLE,1,0,1,False,-1
6810,DOUBLE,1,0,1,False,-1
6811,SINGLE,0,0,1,False,-1
6812,SINGLE,0,0,1,False,-1
6813,SINGLE,0,0,1,False,-1
6814,SINGLE,0,0,1,False,-1
6815,DOUBLE,1,0,1,False,-1
6816,DOUBLE,1,0,1,False,-1
6817,TRIPLE,1,1,1,False,-1
6818,DOUBLE,1,0,1,False,-1
6819,DOUBLE,1,0,1,False,-1
6821,DOUBLE,1,0,1,False,-1
6822,DOUBLE,1,0,1,False,-1
6823,SINGLE,0,0,1,False,-1
6824,DOUBLE,1,0,1,False,-1
6825,DOUBLE,1,0,1,False,-1
6826,TRIPLE,1,1,1,False,-1
6827,SINGLE,0,0,1,False,-1
6828,DOUBLE,1,0,1,False,-1
6829,DOUBLE,1,0,1,False,-1
6830,DOUBLE,0,1,1,False,-1
6831,SINGLE,0,0,1,False,-1
6832,SINGLE,0,0,1,False,-1
6833,SINGLE,0,0,1,False,-1
6834,DOUBLE,1,0,1,False,-1
6838,DOUBLE,1,0,1,False,-1
6839,SINGLE,0,0,1,False,-1
6840,DOUBLE,1,0,1,False,-1
6842,SINGLE,0,0,1,False,-1
6844,DOUBLE,1,0,1,False,-1
6845,SINGLE,0,0,1,False,-1
6846,DOUBLE,1,0,1,False,-1
6847,DOUBLE,1,0,1,False,-1
6848,DOUBLE,1,0,1,False,-1
6849,SINGLE,0,0,1,False,-1
6850,DOUBLE,1,0,1,False,-1
6851,SINGLE,0,0,1,False,-1
6852,DOUBLE,1,0,1,False,-1
6853,SINGLE,0,0,1,False,-1
6854,DOUBLE,1,0,1,False,-1
6855,SINGLE,0,0,1,False,-1
6856,DOUBLE,1,0,1,False,-1
6857,SINGLE,0,0,1,False,-1
6858,SINGLE,0,0,1,False,-1
6859,SINGLE,0,0,1,False,-1
6860,SINGLE,0,0,1,False,-1
6861,SINGLE,0,0,1,False,-1
6862,DOUBLE,1,0,1,False,-1
6863,SINGLE,0,0,1,False,-1
6864,SINGLE,0,0,1,False,-1
6865,SINGLE,0,0,1,False,-1
6866,DOUBLE,1,0,1,False,-1
6867,DOUBLE,1,0,1,False,-1
6868,DOUBLE,1,0,1,False,-1
6871,DOUBLE,1,0,1,False,-1
6872,SINGLE,0,0,1,False,-1
6873,SINGLE,0,0,1,False,-1
6874,SINGLE,0,0,1,False,-1
6875,DOUBLE,1,0,1,False,-1
6876,DOUBLE,1,0,1,False,-1
6877,DOUBLE,1,0,1,False,-1
6878,SINGLE,0,0,1,False,-1
6879,DOUBLE,1,0,1,False,-1
6880,SINGLE,0,0,1,False,-1
6881,SINGLE,0,0,1,False,-1
6882,SINGLE,0,0,1,False,-1
6883,SINGLE,0,0,1,False,-1
6884,SINGLE,0,0,1,False,-1
6886,SINGLE,0,0,1,False,-1
6887,DOUBLE,1,0,1,False,-1
6888,DOUBLE,1,0,1,False,-1
6889,SINGLE,0,0,1,False,-1
6890,DOUBLE,1,0,1,False,-1
6891,SINGLE,0,0,1,False,-1
6892,DOUBLE,1,0,1,False,-1
6893,DOUBLE,1,0,1,False,-1
6894,DOUBLE,1,0,1,False,-1
6895,DOUBLE,1,0,1,False,-1
6896,SINGLE,0,0,1,False,-1
6897,DOUBLE,1,0,1,False,-1
6898,DOUBLE,1,0,1,False,-1
6899,DOUBLE,1,0,1,False,-1
6900,SINGLE,0,0,1,False,-1
6901,DOUBLE,1,0,1,False,-1
6902,DOUBLE,1,0,1,False,-1
6903,DOUBLE,1,0,1,False,-1
6904,SINGLE,0,0,1,False,-1
6905,DOUBLE,1,0,1,False,-1
6906,DOUBLE,1,0,1,False,-1
6907,DOUBLE,1,0,1,False,-1
6908,DOUBLE,1,0,1,False,-1
6909,DOUBLE,1,0,1,False,-1
6910,SINGLE,0,0,1,False,-1
6911,SINGLE,0,0,1,False,-1
6912,SINGLE,0,0,1,False,-1
6913,DOUBLE,1,0,1,False,-1
6914,SINGLE,0,0,1,False,-1
6915,DOUBLE,1,0,1,False,-1
6916,DOUBLE,1,0,1,False,-1
6917,DOUBLE,1,0,1,False,-1
6918,SINGLE,0,0,1,False,-1
6919,TRIPLE,1,1,1,False,-1
6920,DOUBLE,1,0,1,False,-1
6921,SINGLE,0,0,1,False,-1
6922,DOUBLE,1,0,1,False,-1
6923,SINGLE,0,0,1,False,-1
6924,SINGLE,0,0,1,False,-1
6926,SINGLE,0,0,1,False,-1
6927,SINGLE,0,0,1,False,-1
6928,DOUBLE,1,0,1,False,-1
6929,DOUBLE,1,0,1,False,-1
6930,DOUBLE,1,0,1,False,-1
6931,SINGLE,0,0,1,False,-1
6933,SINGLE,0,0,1,False,-1
6934,DOUBLE,1,0,1,False,-1
6935,DOUBLE,1,0,1,False,-1
6936,SINGLE,0,0,1,False,-1
6937,DOUBLE,1,0,1,False,-1
6938,SINGLE,0,0,1,False,-1
6939,DOUBLE,1,0,1,False,-1
6940,SINGLE,0,0,1,False,-1
6942,DOUBLE,1,0,1,False,-1
6943,DOUBLE,1,0,1,False,-1
6944,SINGLE,0,0,1,False,-1
6945,DOUBLE,1,0,1,False,-1
6947,DOUBLE,1,0,1,False,-1
6948,SINGLE,0,0,1,False,-1
6949,DOUBLE,1,0,1,False,-1
6950,SINGLE,0,0,1,False,-1
6951,DOUBLE,1,0,1,False,-1
6952,DOUBLE,1,0,1,False,-1
6953,DOUBLE,1,0,1,False,-1
6954,SINGLE,0,0,1,False,-1
6956,DOUBLE,1,0,1,False,-1
6958,DOUBLE,1,0,1,False,-1
6959,DOUBLE,1,0,1,False,-1
6960,SINGLE,0,0,1,False,-1
6961,DOUBLE,1,0,1,False,-1
6962,DOUBLE,1,0,1,False,-1
6963,DOUBLE,1,0,1,False,-1
6964,SINGLE,0,0,1,False,-1
6965,SINGLE,0,0,1,False,-1
6966,DOUBLE,1,0,1,False,-1
6967,SINGLE,0,0,1,False,-1
6968,SINGLE,0,0,1,False,-1
6969,SINGLE,0,0,1,False,-1
6970,DOUBLE,1,0,1,False,-1
6971,DOUBLE,1,0,1,False,-1
6972,DOUBLE,1,0,1,False,-1
6973,DOUBLE,1,0,1,False,-1
6974,DOUBLE,1,0,1,False,-1
6975,DOUBLE,1,0,1,False,-1
6976,SINGLE,0,0,1,False,-1
6977,DOUBLE,1,0,1,False,-1
6978,SINGLE,0,0,1,False,-1
6979,SINGLE,0,0,1,False,-1
6980,DOUBLE,1,0,1,False,-1
6981,TRIPLE,1,1,1,False,-1
6982,SINGLE,0,0,1,False,-1
6983,SINGLE,0,0,1,False,-1
6984,DOUBLE,1,0,1,False,-1
6985,DOUBLE,1,0,1,False,-1
6986,DOUBLE,1,0,1,False,-1
6987,DOUBLE,1,0,1,False,-1
6988,DOUBLE,1,0,1,False,-1
6989,DOUBLE,1,0,1,False,-1
6990,SINGLE,0,0,1,False,-1
6991,DOUBLE,1,0,1,False,-1
6992,DOUBLE,1,0,1,False,-1
6993,SINGLE,0,0,1,False,-1
6995,SINGLE,0,0,1,False,-1
6996,DOUBLE,1,0,1,False,-1
6997,SINGLE,0,0,1,False,-1
6998,SINGLE,0,0,1,False,-1
6999,SINGLE,0,0,1,False,-1
7000,DOUBLE,1,0,1,False,-1
7001,SINGLE,0,0,1,False,-1
7002,SINGLE,0,0,1,False,-1
7003,SINGLE,0,0,1,False,-1
7004,DOUBLE,1,0,1,False,-1
7005,DOUBLE,1,0,1,False,-1
7006,TRIPLE,1,1,1,False,-1
7007,SINGLE,0,0,1,False,-1
7008,DOUBLE,1,0,1,False,-1
7009,DOUBLE,1,0,1,False,-1
7010,DOUBLE,1,0,1,False,-1
7011,SINGLE,0,0,1,False,-1
7012,SINGLE,0,0,1,False,-1
7013,DOUBLE,1,0,1,False,-1
7014,DOUBLE,1,0,1,False,-1
7015,DOUBLE,1,0,1,False,-1
7016,DOUBLE,1,0,1,False,-1
7018,DOUBLE,1,0,1,False,-1
7019,DOUBLE,1,0,1,False,-1
7020,SINGLE,0,0,1,False,-1
7021,DOUBLE,1,0,1,False,-1
7022,DOUBLE,1,0,1,False,-1
7023,SINGLE,0,0,1,False,-1
7025,SINGLE,0,0,1,False,-1
7026,SINGLE,0,0,1,False,-1
7027,DOUBLE,1,0,1,False,-1
7029,DOUBLE,1,0,1,False,-1
7030,SINGLE,0,0,1,False,-1
7031,DOUBLE,1,0,1,False,-1
7032,DOUBLE,1,0,1,False,-1
7033,DOUBLE,1,0,1,False,-1
7034,DOUBLE,1,0,1,False,-1
7035,SINGLE,0,0,1,False,-1
7036,SINGLE,0,0,1,False,-1
7037,SINGLE,0,0,1,False,-1
7038,DOUBLE,1,0,1,False,-1
7039,DOUBLE,1,0,1,False,-1
7040,DOUBLE,1,0,1,False,-1
7041,SINGLE,0,0,1,False,-1
7042,DOUBLE,1,0,1,False,-1
7043,DOUBLE,1,0,1,False,-1
7044,DOUBLE,1,0,1,False,-1
7045,DOUBLE,1,0,1,False,-1
7046,SINGLE,0,0,1,False,-1
7047,DOUBLE,1,0,1,False,-1
7049,DOUBLE,1,0,1,False,-1
7050,DOUBLE,1,0,1,False,-1
7052,SINGLE,0,0,1,False,-1
7055,SINGLE,0,0,1,False,-1
7056,DOUBLE,1,0,1,False,-1
7057,DOUBLE,1,0,1,False,-1
7058,SINGLE,0,0,1,False,-1
7059,DOUBLE,1,0,1,False,-1
7060,DOUBLE,1,0,1,False,-1
7061,SINGLE,0,0,1,False,-1
7062,DOUBLE,1,0,1,False,-1
7063,DOUBLE,1,0,1,False,-1
7064,DOUBLE,1,0,1,False,-1
7065,DOUBLE,1,0,1,False,-1
7066,DOUBLE,1,0,1,False,-1
7067,DOUBLE,1,0,1,False,-1
7068,DOUBLE,1,0,1,False,-1
7070,DOUBLE,1,0,1,False,-1
7071,DOUBLE,1,0,1,False,-1
7072,SINGLE,0,0,1,False,-1
7073,DOUBLE,1,0,1,False,-1
7074,SINGLE,0,0,1,False,-1
7075,DOUBLE,1,0,1,False,-1
7076,DOUBLE,1,0,1,False,-1
7077,DOUBLE,1,0,1,False,-1
7078,DOUBLE,1,0,1,False,-1
7080,DOUBLE,0,1,1,False,-1
7081,DOUBLE,1,0,1,False,-1
7082,SINGLE,0,0,1,False,-1
7083,TRIPLE,1,1,1,False,-1
7084,SINGLE,0,0,1,False,-1
7085,DOUBLE,1,0,1,False,-1
7086,DOUBLE,1,0,1,False,-1
7088,DOUBLE,1,0,1,False,-1
7089,DOUBLE,1,0,1,False,-1
7090,DOUBLE,1,0,1,False,-1
7091,SINGLE,0,0,1,False,-1
7092,DOUBLE,1,0,1,False,-1
7093,SINGLE,0,0,1,False,-1
7094,SINGLE,0,0,1,False,-1
7095,SINGLE,0,0,1,False,-1
7096,SINGLE,0,0,1,False,-1
7097,SINGLE,0,0,1,False,-1
7098,DOUBLE,1,0,1,False,-1
7099,DOUBLE,1,0,1,False,-1
7100,DOUBLE,1,0,1,False,-1
7101,SINGLE,0,0,1,False,-1
7102,SINGLE,0,0,1,False,-1
7103,SINGLE,0,0,1,False,-1
7104,DOUBLE,1,0,1,False,-1
7105,DOUBLE,1,0,1,False,-1
7106,SINGLE,0,0,1,False,-1
7107,SINGLE,0,0,1,False,-1
7108,DOUBLE,1,0,1,False,-1
7109,SINGLE,0,0,1,False,-1
7110,DOUBLE,1,0,1,False,-1
7111,DOUBLE,1,0,1,False,-1
7112,SINGLE,0,0,1,False,-1
7113,DOUBLE,1,0,1,False,-1
7114,DOUBLE,1,0,1,False,-1
7115,DOUBLE,1,0,1,False,-1
7116,SINGLE,0,0,1,False,-1
7117,SINGLE,0,0,1,False,-1
7118,DOUBLE,1,0,1,False,-1
7119,DOUBLE,1,0,1,False,-1
7120,DOUBLE,1,0,1,False,-1
7122,SINGLE,0,0,1,False,-1
7124,DOUBLE,1,0,1,False,-1
7125,DOUBLE,1,0,1,False,-1
7126,DOUBLE,1,0,1,False,-1
7127,SINGLE,0,0,1,False,-1
7128,SINGLE,0,0,1,False,-1
7129,SINGLE,0,0,1,False,-1
7131,DOUBLE,1,0,1,False,-1
7132,SINGLE,0,0,1,False,-1
7133,SINGLE,0,0,1,False,-1
7134,SINGLE,0,0,1,False,-1
7135,DOUBLE,1,0,1,False,-1
7136,DOUBLE,1,0,1,False,-1
7137,DOUBLE,1,0,1,False,-1
7138,SINGLE,0,0,1,False,-1
7139,SINGLE,0,0,1,False,-1
7140,SINGLE,0,0,1,False,-1
7141,SINGLE,0,0,1,False,-1
7142,DOUBLE,1,0,1,False,-1
7143,SINGLE,0,0,1,False,-1
7144,SINGLE,0,0,1,False,-1
7145,DOUBLE,1,0,1,False,-1
7146,SINGLE,0,0,1,False,-1
7147,SINGLE,0,0,1,False,-1
7148,DOUBLE,0,1,1,False,-1
7149,SINGLE,0,0,1,False,-1
7150,DOUBLE,1,0,1,False,-1
7151,DOUBLE,1,0,1,False,-1
7152,SINGLE,0,0,1,False,-1
7153,SINGLE,0,0,1,False,-1
7154,DOUBLE,1,0,1,False,-1
7155,SINGLE,0,0,1,False,-1
7156,DOUBLE,1,0,1,False,-1
7157,DOUBLE,1,0,1,False,-1
7158,SINGLE,0,0,1,False,-1
7159,DOUBLE,1,0,1,False,-1
7160,SINGLE,0,0,1,False,-1
7161,SINGLE,0,0,1,False,-1
7162,SINGLE,0,0,1,False,-1
7163,DOUBLE,1,0,1,False,-1
7164,SINGLE,0,0,1,False,-1
7165,SINGLE,0,0,1,False,-1
7166,SINGLE,0,0,1,False,-1
7167,DOUBLE,1,0,1,False,-1
7168,DOUBLE,1,0,1,False,-1
7169,DOUBLE,1,0,1,False,-1
7170,SINGLE,0,0,1,False,-1
7171,SINGLE,0,0,1,False,-1
7172,SINGLE,0,0,1,False,-1
7173,SINGLE,0,0,1,False,-1
7174,DOUBLE,1,0,1,False,-1
7175,SINGLE,0,0,1,False,-1
7176,DOUBLE,1,0,1,False,-1
7177,DOUBLE,1,0,1,False,-1
7178,DOUBLE,1,0,1,False,-1
7179,SINGLE,0,0,1,False,-1
7180,SINGLE,0,0,1,False,-1
7181,SINGLE,0,0,1,False,-1
7182,SINGLE,0,0,1,False,-1
7183,DOUBLE,1,0,1,False,-1
7184,SINGLE,0,0,1,False,-1
7185,DOUBLE,1,0,1,False,-1
7186,SINGLE,0,0,1,False,-1
7187,DOUBLE,1,0,1,False,-1
7188,TRIPLE,1,1,1,False,-1
7189,DOUBLE,1,0,1,False,-1
7190,SINGLE,0,0,1,False,-1
7191,DOUBLE,1,0,1,False,-1
7192,SINGLE,0,0,1,False,-1
7193,SINGLE,0,0,1,False,-1
7196,DOUBLE,1,0,1,False,-1
7197,SINGLE,0,0,1,False,-1
7198,DOUBLE,1,0,1,False,-1
7199,DOUBLE,1,0,1,False,-1
7200,DOUBLE,1,0,1,False,-1
7201,DOUBLE,1,0,1,False,-1
7202,DOUBLE,1,0,1,False,-1
7203,SINGLE,0,0,1,False,-1
7204,DOUBLE,1,0,1,False,-1
7205,SINGLE,0,0,1,False,-1
7206,DOUBLE,1,0,1,False,-1
7207,SINGLE,0,0,1,False,-1
7208,SINGLE,0,0,1,False,-1
7209,DOUBLE,1,0,1,False,-1
7210,DOUBLE,1,0,1,False,-1
7211,DOUBLE,1,0,1,False,-1
7212,SINGLE,0,0,1,False,-1
7213,DOUBLE,1,0,1,False,-1
7214,SINGLE,0,0,1,False,-1
7215,DOUBLE,1,0,1,False,-1
7217,SINGLE,0,0,1,False,-1
7218,SINGLE,0,0,1,False,-1
7219,SINGLE,0,0,1,False,-1
7220,TRIPLE,1,1,1,False,-1
7221,SINGLE,0,0,1,False,-1
7222,DOUBLE,1,0,1,False,-1
7223,DOUBLE,1,0,1,False,-1
7224,DOUBLE,1,0,1,False,-1
7225,DOUBLE,1,0,1,False,-1
7226,DOUBLE,1,0,1,False,-1
7227,DOUBLE,1,0,1,False,-1
7228,SINGLE,0,0,1,False,-1
7229,DOUBLE,1,0,1,False,-1
7230,DOUBLE,1,0,1,False,-1
7231,DOUBLE,1,0,1,False,-1
7232,DOUBLE,1,0,1,False,-1
7234,DOUBLE,1,0,1,False,-1
7236,SINGLE,0,0,1,False,-1
7237,DOUBLE,1,0,1,False,-1
7238,DOUBLE,1,0,1,False,-1
7239,DOUBLE,1,0,1,False,-1
7240,SINGLE,0,0,1,False,-1
7241,DOUBLE,1,0,1,False,-1
7242,SINGLE,0,0,1,False,-1
7243,DOUBLE,1,0,1,False,-1
7244,SINGLE,0,0,1,False,-1
7245,DOUBLE,1,0,1,False,-1
7246,SINGLE,0,0,1,False,-1
7247,DOUBLE,1,0,1,False,-1
7248,SINGLE,0,0,1,False,-1
7249,DOUBLE,1,0,1,False,-1
7251,SINGLE,0,0,1,False,-1
7252,SINGLE,0,0,1,False,-1
7253,DOUBLE,1,0,1,False,-1
7254,DOUBLE,1,0,1,False,-1
7255,DOUBLE,1,0,1,False,-1
7256,DOUBLE,1,0,1,False,-1
7257,SINGLE,0,0,1,False,-1
7258,DOUBLE,1,0,1,False,-1
7259,DOUBLE,1,0,1,False,-1
7260,SINGLE,0,0,1,False,-1
7261,DOUBLE,1,0,1,False,-1
7262,DOUBLE,1,0,1,False,-1
7263,DOUBLE,1,0,1,False,-1
7264,DOUBLE,1,0,1,False,-1
7265,DOUBLE,1,0,1,False,-1
7266,DOUBLE,1,0,1,False,-1
7267,DOUBLE,1,0,1,False,-1
7270,SINGLE,0,0,1,False,-1
7271,DOUBLE,1,0,1,False,-1
7272,DOUBLE,1,0,1,False,-1
7274,DOUBLE,1,0,1,False,-1
7275,DOUBLE,1,0,1,False,-1
7276,DOUBLE,1,0,1,False,-1
7277,DOUBLE,1,0,1,False,-1
7278,SINGLE,0,0,1,False,-1
7279,SINGLE,0,0,1,False,-1
7280,DOUBLE,1,0,1,False,-1
7281,DOUBLE,1,0,1,False,-1
7282,DOUBLE,1,0,1,False,-1
7283,DOUBLE,1,0,1,False,-1
7284,SINGLE,0,0,1,False,-1
7285,DOUBLE,1,0,1,False,-1
7286,DOUBLE,1,0,1,False,-1
7287,DOUBLE,1,0,1,False,-1
7288,SINGLE,0,0,1,False,-1
7289,SINGLE,0,0,1,False,-1
7290,SINGLE,0,0,1,False,-1
7291,DOUBLE,1,0,1,False,-1
7292,DOUBLE,1,0,1,False,-1
7293,SINGLE,0,0,1,False,-1
7294,DOUBLE,1,0,1,False,-1
7295,SINGLE,0,0,1,False,-1
7296,DOUBLE,1,0,1,False,-1
7297,DOUBLE,1,0,1,False,-1
7298,DOUBLE,1,0,1,False,-1
7299,SINGLE,0,0,1,False,-1
7300,TRIPLE,1,1,1,False,-1
7301,SINGLE,0,0,1,False,-1
7302,SINGLE,0,0,1,False,-1
7303,DOUBLE,1,0,1,False,-1
7305,DOUBLE,1,0,1,False,-1
7306,DOUBLE,1,0,1,False,-1
7307,SINGLE,0,0,1,False,-1
7309,DOUBLE,1,0,1,False,-1
7310,DOUBLE,1,0,1,False,-1
7312,SINGLE,0,0,1,False,-1
7313,DOUBLE,1,0,1,False,-1
7314,SINGLE,0,0,1,False,-1
7315,SINGLE,0,0,1,False,-1
7316,DOUBLE,1,0,1,False,-1
7317,DOUBLE,1,0,1,False,-1
7318,DOUBLE,1,0,1,False,-1
7319,DOUBLE,1,0,1,False,-1
7320,DOUBLE,1,0,1,False,-1
7321,DOUBLE,1,0,1,False,-1
7322,DOUBLE,1,0,1,False,-1
7323,DOUBLE,1,0,1,False,-1
7324,SINGLE,0,0,1,False,-1
7325,SINGLE,0,0,1,False,-1
7326,SINGLE,0,0,1,False,-1
7327,SINGLE,0,0,1,False,-1
7328,SINGLE,0,0,1,False,-1
7329,DOUBLE,1,0,1,False,-1
7330,DOUBLE,1,0,1,False,-1
7331,SINGLE,0,0,1,False,-1
7332,DOUBLE,1,0,1,False,-1
7333,DOUBLE,1,0,1,False,-1
7334,SINGLE,0,0,1,False,-1
7335,DOUBLE,1,0,1,False,-1
7336,SINGLE,0,0,1,False,-1
7337,DOUBLE,1,0,1,False,-1
7338,DOUBLE,1,0,1,False,-1
7339,DOUBLE,1,0,1,False,-1
7340,SINGLE,0,0,1,False,-1
7341,DOUBLE,1,0,1,False,-1
7342,SINGLE,0,0,1,False,-1
7343,DOUBLE,1,0,1,False,-1
7344,SINGLE,0,0,1,False,-1
7345,DOUBLE,1,0,1,False,-1
7346,DOUBLE,1,0,1,False,-1
7347,DOUBLE,1,0,1,False,-1
7348,SINGLE,0,0,1,False,-1
7349,SINGLE,0,0,1,False,-1
7350,SINGLE,0,0,1,False,-1
7351,DOUBLE,1,0,1,False,-1
7353,DOUBLE,1,0,1,False,-1
7354,SINGLE,0,0,1,False,-1
7355,DOUBLE,1,0,1,False,-1
7356,SINGLE,0,0,1,False,-1
7357,DOUBLE,1,0,1,False,-1
7358,SINGLE,0,0,1,False,-1
7359,DOUBLE,1,0,1,False,-1
7360,DOUBLE,1,0,1,False,-1
7361,DOUBLE,1,0,1,False,-1
7362,DOUBLE,1,0,1,False,-1
7363,SINGLE,0,0,1,False,-1
7364,SINGLE,0,0,1,False,-1
7365,SINGLE,0,0,1,False,-1
7366,SINGLE,0,0,1,False,-1
7367,DOUBLE,1,0,1,False,-1
7368,SINGLE,0,0,1,False,-1
7369,DOUBLE,1,0,1,False,-1
7370,SINGLE,0,0,1,False,-1
7371,DOUBLE,1,0,1,False,-1
7372,DOUBLE,1,0,1,False,-1
7373,DOUBLE,1,0,1,False,-1
7374,DOUBLE,1,0,1,False,-1
7376,DOUBLE,1,0,1,False,-1
7377,SINGLE,0,0,1,False,-1
7379,SINGLE,0,0,1,False,-1
7380,DOUBLE,1,0,1,False,-1
7381,DOUBLE,1,0,1,False,-1
7382,DOUBLE,1,0,1,False,-1
7383,SINGLE,0,0,1,False,-1
7384,DOUBLE,1,0,1,False,-1
7385,SINGLE,0,0,1,False,-1
7386,DOUBLE,1,0,1,False,-1
7389,DOUBLE,1,0,1,False,-1
7390,SINGLE,0,0,1,False,-1
7391,DOUBLE,1,0,1,False,-1
7392,DOUBLE,1,0,1,False,-1
7393,DOUBLE,1,0,1,False,-1
7394,DOUBLE,1,0,1,False,-1
7395,DOUBLE,1,0,1,False,-1
7396,SINGLE,0,0,1,False,-1
7397,DOUBLE,1,0,1,False,-1
7398,SINGLE,0,0,1,False,-1
7399,SINGLE,0,0,1,False,-1
7400,SINGLE,0,0,1,False,-1
7401,DOUBLE,1,0,1,False,-1
7402,DOUBLE,1,0,1,False,-1
7403,DOUBLE,1,0,1,False,-1
7404,DOUBLE,1,0,1,False,-1
7406,SINGLE,0,0,1,False,-1
7407,SINGLE,0,0,1,False,-1
7408,SINGLE,0,0,1,False,-1
7409,DOUBLE,1,0,1,False,-1
7410,SINGLE,0,0,1,False,-1
7411,DOUBLE,1,0,1,False,-1
7412,DOUBLE,1,0,1,False,-1
7413,SINGLE,0,0,1,False,-1
7414,DOUBLE,1,0,1,False,-1
7415,DOUBLE,1,0,1,False,-1
7416,DOUBLE,1,0,1,False,-1
7417,DOUBLE,1,0,1,False,-1
7418,SINGLE,0,0,1,False,-1
7419,SINGLE,0,0,1,False,-1
7421,SINGLE,0,0,1,False,-1
7422,SINGLE,0,0,1,False,-1
7423,DOUBLE,1,0,1,False,-1
7424,SINGLE,0,0,1,False,-1
7425,DOUBLE,1,0,1,False,-1
7426,DOUBLE,1,0,1,False,-1
7427,DOUBLE,1,0,1,False,-1
7428,SINGLE,0,0,1,False,-1
7430,DOUBLE,1,0,1,False,-1
7431,SINGLE,0,0,1,False,-1
7433,DOUBLE,1,0,1,False,-1
7434,SINGLE,0,0,1,False,-1
7435,SINGLE,0,0,1,False,-1
7436,SINGLE,0,0,1,False,-1
7438,SINGLE,0,0,1,False,-1
7439,SINGLE,0,0,1,False,-1
7440,SINGLE,0,0,1,False,-1
7441,DOUBLE,1,0,1,False,-1
7443,SINGLE,0,0,1,False,-1
7444,DOUBLE,1,0,1,False,-1
7445,DOUBLE,1,0,1,False,-1
7447,DOUBLE,1,0,1,False,-1
7448,DOUBLE,1,0,1,False,-1
7449,SINGLE,0,0,1,False,-1
7450,DOUBLE,1,0,1,False,-1
7451,DOUBLE,1,0,1,False,-1
7452,DOUBLE,1,0,1,False,-1
7453,SINGLE,0,0,1,False,-1
7454,DOUBLE,1,0,1,False,-1
7455,DOUBLE,1,0,1,False,-1
7456,DOUBLE,1,0,1,False,-1
7457,SINGLE,0,0,1,False,-1
7458,DOUBLE,1,0,1,False,-1
7459,DOUBLE,1,0,1,False,-1
7460,SINGLE,0,0,1,False,-1
7461,SINGLE,0,0,1,False,-1
7462,DOUBLE,1,0,1,False,-1
7463,DOUBLE,1,0,1,False,-1
7464,SINGLE,0,0,1,False,-1
7465,SINGLE,0,0,1,False,-1
7467,DOUBLE,1,0,1,False,-1
7468,DOUBLE,1,0,1,False,-1
7469,DOUBLE,1,0,1,False,-1
7470,SINGLE,0,0,1,False,-1
7471,SINGLE,0,0,1,False,-1
7472,DOUBLE,1,0,1,False,-1
7473,DOUBLE,1,0,1,False,-1
7474,SINGLE,0,0,1,False,-1
7475,SINGLE,0,0,1,False,-1
7476,SINGLE,0,0,1,False,-1
7477,SINGLE,0,0,1,False,-1
7478,SINGLE,0,0,1,False,-1
7479,DOUBLE,1,0,1,False,-1
7480,SINGLE,0,0,1,False,-1
7482,DOUBLE,1,0,1,False,-1
7483,DOUBLE,1,0,1,False,-1
7484,DOUBLE,1,0,1,False,-1
7485,DOUBLE,1,0,1,False,-1
7488,DOUBLE,1,0,1,False,-1
7489,SINGLE,0,0,1,False,-1
7490,SINGLE,0,0,1,False,-1
7491,SINGLE,0,0,1,False,-1
7492,DOUBLE,1,0,1,False,-1
7493,SINGLE,0,0,1,False,-1
7494,SINGLE,0,0,1,False,-1
7495,SINGLE,0,0,1,False,-1
7497,DOUBLE,1,0,1,False,-1
7498,DOUBLE,1,0,1,False,-1
7499,SINGLE,0,0,1,False,-1
7500,DOUBLE,1,0,1,False,-1
7501,SINGLE,0,0,1,False,-1
7502,SINGLE,0,0,1,False,-1
7503,DOUBLE,1,0,1,False,-1
7505,SINGLE,0,0,1,False,-1
7506,SINGLE,0,0,1,False,-1
7507,SINGLE,0,0,1,False,-1
7508,DOUBLE,1,0,1,False,-1
7509,SINGLE,0,0,1,False,-1
7510,DOUBLE,1,0,1,False,-1
7511,DOUBLE,1,0,1,False,-1
7513,SINGLE,0,0,1,False,-1
7515,DOUBLE,1,0,1,False,-1
7516,SINGLE,0,0,1,False,-1
7517,DOUBLE,1,0,1,False,-1
7518,SINGLE,0,0,1,False,-1
7519,DOUBLE,1,0,1,False,-1
7521,SINGLE,0,0,1,False,-1
7522,DOUBLE,1,0,1,False,-1
7523,DOUBLE,1,0,1,False,-1
7524,DOUBLE,1,0,1,False,-1
7525,DOUBLE,1,0,1,False,-1
7526,SINGLE,0,0,1,False,-1
7527,DOUBLE,1,0,1,False,-1
7528,SINGLE,0,0,1,False,-1
7529,DOUBLE,1,0,1,False,-1
7530,DOUBLE,1,0,1,False,-1
7531,DOUBLE,1,0,1,False,-1
7532,SINGLE,0,0,1,False,-1
7533,DOUBLE,1,0,1,False,-1
7534,DOUBLE,1,0,1,False,-1
7535,SINGLE,0,0,1,False,-1
7536,DOUBLE,1,0,1,False,-1
7537,DOUBLE,1,0,1,False,-1
7538,DOUBLE,1,0,1,False,-1
7539,SINGLE,0,0,1,False,-1
7540,DOUBLE,1,0,1,False,-1
7541,SINGLE,0,0,1,False,-1
7542,DOUBLE,1,0,1,False,-1
7543,DOUBLE,1,0,1,False,-1
7545,SINGLE,0,0,1,False,-1
7546,SINGLE,0,0,1,False,-1
7547,SINGLE,0,0,1,False,-1
7548,DOUBLE,1,0,1,False,-1
7549,SINGLE,0,0,1,False,-1
7550,SINGLE,0,0,1,False,-1
7551,SINGLE,0,0,1,False,-1
7552,SINGLE,0,0,1,False,-1
7553,SINGLE,0,0,1,False,-1
7554,DOUBLE,1,0,1,False,-1
7555,SINGLE,0,0,1,False,-1
7556,DOUBLE,1,0,1,False,-1
7557,DOUBLE,1,0,1,False,-1
7558,DOUBLE,1,0,1,False,-1
7559,SINGLE,0,0,1,False,-1
7560,DOUBLE,1,0,1,False,-1
7561,DOUBLE,1,0,1,False,-1
7562,DOUBLE,1,0,1,False,-1
7563,SINGLE,0,0,1,False,-1
7564,DOUBLE,1,0,1,False,-1
7565,DOUBLE,1,0,1,False,-1
7567,SINGLE,0,0,1,False,-1
7568,DOUBLE,1,0,1,False,-1
7569,SINGLE,0,0,1,False,-1
7570,SINGLE,0,0,1,False,-1
7571,DOUBLE,1,0,1,False,-1
7572,SINGLE,0,0,1,False,-1
7573,DOUBLE,1,0,1,False,-1
7574,DOUBLE,1,0,1,False,-1
7576,SINGLE,0,0,1,False,-1
7577,DOUBLE,0,1,1,False,-1
7578,SINGLE,0,0,1,False,-1
7579,SINGLE,0,0,1,False,-1
7581,SINGLE,0,0,1,False,-1
7582,DOUBLE,1,0,1,False,-1
7583,SINGLE,0,0,1,False,-1
7584,DOUBLE,1,0,1,False,-1
7585,SINGLE,0,0,1,False,-1
7586,SINGLE,0,0,1,False,-1
7587,DOUBLE,1,0,1,False,-1
7588,SINGLE,0,0,1,False,-1
7589,DOUBLE,1,0,1,False,-1
7590,DOUBLE,1,0,1,False,-1
7591,DOUBLE,1,0,1,False,-1
7592,DOUBLE,1,0,1,False,-1
7593,SINGLE,0,0,1,False,-1
7594,DOUBLE,1,0,1,False,-1
7595,DOUBLE,1,0,1,False,-1
7596,SINGLE,0,0,1,False,-1
7597,DOUBLE,1,0,1,False,-1
7599,SINGLE,0,0,1,False,-1
7600,DOUBLE,1,0,1,False,-1
7601,SINGLE,0,0,1,False,-1
7602,SINGLE,0,0,1,False,-1
7603,DOUBLE,1,0,1,False,-1
7604,SINGLE,0,0,1,False,-1
7605,DOUBLE,1,0,1,False,-1
7606,DOUBLE,1,0,1,False,-1
7607,DOUBLE,1,0,1,False,-1
7608,DOUBLE,1,0,1,False,-1
7609,DOUBLE,1,0,1,False,-1
7610,SINGLE,0,0,1,False,-1
7611,SINGLE,0,0,1,False,-1
7612,SINGLE,0,0,1,False,-1
7613,SINGLE,0,0,1,False,-1
7614,SINGLE,0,0,1,False,-1
7615,DOUBLE,0,1,1,False,-1
7616,SINGLE,0,0,1,False,-1
7617,SINGLE,0,0,1,False,-1
7618,DOUBLE,1,0,1,False,-1
7619,DOUBLE,1,0,1,False,-1
7620,DOUBLE,1,0,1,False,-1
7621,DOUBLE,1,0,1,False,-1
7622,DOUBLE,1,0,1,False,-1
7623,SINGLE,0,0,1,False,-1
7624,SINGLE,0,0,1,False,-1
7625,SINGLE,0,0,1,False,-1
7626,SINGLE,0,0,1,False,-1
7627,DOUBLE,1,0,1,False,-1
7628,SINGLE,0,0,1,False,-1
7629,DOUBLE,1,0,1,False,-1
7630,SINGLE,0,0,1,False,-1
7631,SINGLE,0,0,1,False,-1
7632,SINGLE,0,0,1,False,-1
7633,DOUBLE,1,0,1,False,-1
7635,SINGLE,0,0,1,False,-1
7636,DOUBLE,1,0,1,False,-1
7637,DOUBLE,1,0,1,False,-1
7638,SINGLE,0,0,1,False,-1
7639,DOUBLE,1,0,1,False,-1
7640,DOUBLE,1,0,1,False,-1
7641,SINGLE,0,0,1,False,-1
7642,SINGLE,0,0,1,False,-1
7643,SINGLE,0,0,1,False,-1
7644,DOUBLE,1,0,1,False,-1
7645,SINGLE,0,0,1,False,-1
7646,SINGLE,0,0,1,False,-1
7647,DOUBLE,1,0,1,False,-1
7648,DOUBLE,1,0,1,False,-1
7649,SINGLE,0,0,1,False,-1
7650,SINGLE,0,0,1,False,-1
7651,SINGLE,0,0,1,False,-1
7652,SINGLE,0,0,1,False,-1
7653,DOUBLE,1,0,1,False,-1
7654,SINGLE,0,0,1,False,-1
7656,DOUBLE,1,0,1,False,-1
7657,DOUBLE,1,0,1,False,-1
7658,SINGLE,0,0,1,False,-1
7659,DOUBLE,1,0,1,False,-1
7661,DOUBLE,1,0,1,False,-1
7662,SINGLE,0,0,1,False,-1
7663,SINGLE,0,0,1,False,-1
7664,SINGLE,0,0,1,False,-1
7666,SINGLE,0,0,1,False,-1
7667,DOUBLE,1,0,1,False,-1
7668,SINGLE,0,0,1,False,-1
7670,SINGLE,0,0,1,False,-1
7671,SINGLE,0,0,1,False,-1
7672,DOUBLE,1,0,1,False,-1
7673,DOUBLE,1,0,1,False,-1
7674,DOUBLE,1,0,1,False,-1
7675,DOUBLE,1,0,1,False,-1
7676,SINGLE,0,0,1,False,-1
7678,DOUBLE,1,0,1,False,-1
7679,DOUBLE,0,1,1,False,-1
7680,DOUBLE,1,0,1,False,-1
7681,SINGLE,0,0,1,False,-1
7682,DOUBLE,1,0,1,False,-1
7683,DOUBLE,1,0,1,False,-1
7684,DOUBLE,1,0,1,False,-1
7685,DOUBLE,1,0,1,False,-1
7686,SINGLE,0,0,1,False,-1
7687,DOUBLE,1,0,1,False,-1
7688,SINGLE,0,0,1,False,-1
7689,DOUBLE,1,0,1,False,-1
7690,SINGLE,0,0,1,False,-1
7693,SINGLE,0,0,1,False,-1
7694,SINGLE,0,0,1,False,-1
7695,DOUBLE,0,1,1,False,-1
7696,DOUBLE,1,0,1,False,-1
7697,SINGLE,0,0,1,False,-1
7698,SINGLE,0,0,1,False,-1
7699,DOUBLE,1,0,1,False,-1
7700,TRIPLE,1,1,1,False,-1
7701,DOUBLE,1,0,1,False,-1
7702,DOUBLE,1,0,1,False,-1
7703,DOUBLE,1,0,1,False,-1
7704,DOUBLE,1,0,1,False,-1
7705,SINGLE,0,0,1,False,-1
7707,SINGLE,0,0,1,False,-1
7709,DOUBLE,1,0,1,False,-1
7710,SINGLE,0,0,1,False,-1
7711,DOUBLE,1,0,1,False,-1
7712,SINGLE,0,0,1,False,-1
7713,SINGLE,0,0,1,False,-1
7714,SINGLE,0,0,1,False,-1
7715,DOUBLE,1,0,1,False,-1
7716,DOUBLE,1,0,1,False,-1
7717,SINGLE,0,0,1,False,-1
7718,DOUBLE,1,0,1,False,-1
7719,DOUBLE,1,0,1,False,-1
7720,DOUBLE,1,0,1,False,-1
7721,DOUBLE,1,0,1,False,-1
7722,DOUBLE,1,0,1,False,-1
7723,DOUBLE,1,0,1,False,-1
7724,DOUBLE,1,0,1,False,-1
7726,DOUBLE,1,0,1,False,-1
7727,DOUBLE,1,0,1,False,-1
7728,DOUBLE,1,0,1,False,-1
7729,DOUBLE,1,0,1,False,-1
7730,DOUBLE,1,0,1,False,-1
7731,SINGLE,0,0,1,False,-1
7732,DOUBLE,1,0,1,False,-1
7733,SINGLE,0,0,1,False,-1
7734,DOUBLE,1,0,1,False,-1
7735,DOUBLE,1,0,1,False,-1
7736,DOUBLE,1,0,1,False,-1
7738,DOUBLE,1,0,1,False,-1
7739,DOUBLE,1,0,1,False,-1
7741,DOUBLE,1,0,1,False,-1
7742,DOUBLE,1,0,1,False,-1
7743,DOUBLE,1,0,1,False,-1
7744,DOUBLE,1,0,1,False,-1
7745,DOUBLE,1,0,1,False,-1
7746,DOUBLE,1,0,1,False,-1
7747,SINGLE,0,0,1,False,-1
7748,SINGLE,0,0,1,False,-1
7749,SINGLE,0,0,1,False,-1
7750,SINGLE,0,0,1,False,-1
7751,SINGLE,0,0,1,False,-1
7752,SINGLE,0,0,1,False,-1
7753,DOUBLE,1,0,1,False,-1
7755,SINGLE,0,0,1,False,-1
7756,DOUBLE,1,0,1,False,-1
7758,SINGLE,0,0,1,False,-1
7760,DOUBLE,1,0,1,False,-1
7761,SINGLE,0,0,1,False,-1
7762,DOUBLE,1,0,1,False,-1
7764,SINGLE,0,0,1,False,-1
7765,DOUBLE,1,0,1,False,-1
7766,SINGLE,0,0,1,False,-1
7767,SINGLE,0,0,1,False,-1
7768,DOUBLE,1,0,1,False,-1
7769,DOUBLE,1,0,1,False,-1
7770,DOUBLE,1,0,1,False,-1
7771,DOUBLE,1,0,1,False,-1
7772,DOUBLE,1,0,1,False,-1
7773,SINGLE,0,0,1,False,-1
7774,DOUBLE,1,0,1,False,-1
7775,DOUBLE,1,0,1,False,-1
7776,DOUBLE,1,0,1,False,-1
7777,DOUBLE,1,0,1,False,-1
7778,SINGLE,0,0,1,False,-1
7780,SINGLE,0,0,1,False,-1
7781,DOUBLE,1,0,1,False,-1
7783,SINGLE,0,0,1,False,-1
7784,SINGLE,0,0,1,False,-1
7785,DOUBLE,1,0,1,False,-1
7786,DOUBLE,1,0,1,False,-1
7787,SINGLE,0,0,1,False,-1
7788,SINGLE,0,0,1,False,-1
7789,SINGLE,0,0,1,False,-1
7790,DOUBLE,1,0,1,False,-1
7791,SINGLE,0,0,1,False,-1
7792,DOUBLE,1,0,1,False,-1
7793,SINGLE,0,0,1,False,-1
7794,SINGLE,0,0,1,False,-1
7795,DOUBLE,1,0,1,False,-1
7796,SINGLE,0,0,1,False,-1
7797,DOUBLE,1,0,1,False,-1
7798,DOUBLE,1,0,1,False,-1
7799,SINGLE,0,0,1,False,-1
7800,DOUBLE,1,0,1,False,-1
7803,DOUBLE,1,0,1,False,-1
7804,SINGLE,0,0,1,False,-1
7805,SINGLE,0,0,1,False,-1
7807,DOUBLE,1,0,1,False,-1
7808,DOUBLE,1,0,1,False,-1
7809,SINGLE,0,0,1,False,-1
7810,SINGLE,0,0,1,False,-1
7811,SINGLE,0,0,1,False,-1
7812,DOUBLE,1,0,1,False,-1
7813,SINGLE,0,0,1,False,-1
7814,SINGLE,0,0,1,False,-1
7815,SINGLE,0,0,1,False,-1
7816,DOUBLE,1,0,1,False,-1
7817,SINGLE,0,0,1,False,-1
7818,DOUBLE,1,0,1,False,-1
7819,SINGLE,0,0,1,False,-1
7820,DOUBLE,1,0,1,False,-1
7821,DOUBLE,1,0,1,False,-1
7822,DOUBLE,1,0,1,False,-1
7824,SINGLE,0,0,1,False,-1
7825,SINGLE,0,0,1,False,-1
7826,DOUBLE,1,0,1,False,-1
7828,DOUBLE,1,0,1,False,-1
7829,DOUBLE,1,0,1,False,-1
7831,DOUBLE,1,0,1,False,-1
7832,DOUBLE,1,0,1,False,-1
7833,SINGLE,0,0,1,False,-1
7834,SINGLE,0,0,1,False,-1
7837,SINGLE,0,0,1,False,-1
7838,SINGLE,0,0,1,False,-1
7839,DOUBLE,1,0,1,False,-1
7840,SINGLE,0,0,1,False,-1
7841,DOUBLE,1,0,1,False,-1
7842,DOUBLE,1,0,1,False,-1
7844,DOUBLE,1,0,1,False,-1
7845,DOUBLE,1,0,1,False,-1
7846,DOUBLE,1,0,1,False,-1
7848,DOUBLE,1,0,1,False,-1
7849,DOUBLE,1,0,1,False,-1
7851,SINGLE,0,0,1,False,-1
7852,SINGLE,0,0,1,False,-1
7853,DOUBLE,1,0,1,False,-1
7854,SINGLE,0,0,1,False,-1
7855,DOUBLE,1,0,1,False,-1
7856,DOUBLE,1,0,1,False,-1
7857,DOUBLE,1,0,1,False,-1
7858,SINGLE,0,0,1,False,-1
7859,SINGLE,0,0,1,False,-1
7860,SINGLE,0,0,1,False,-1
7861,DOUBLE,1,0,1,False,-1
7863,DOUBLE,1,0,1,False,-1
7864,DOUBLE,1,0,1,False,-1
7865,DOUBLE,1,0,1,False,-1
7866,SINGLE,0,0,1,False,-1
7867,DOUBLE,1,0,1,False,-1
7868,SINGLE,0,0,1,False,-1
7869,SINGLE,0,0,1,False,-1
7870,SINGLE,0,0,1,False,-1
7871,DOUBLE,1,0,1,False,-1
7872,DOUBLE,1,0,1,False,-1
7873,DOUBLE,1,0,1,False,-1
7874,DOUBLE,1,0,1,False,-1
7875,DOUBLE,1,0,1,False,-1
7876,DOUBLE,1,0,1,False,-1
7877,DOUBLE,1,0,1,False,-1
7878,DOUBLE,1,0,1,False,-1
7879,SINGLE,0,0,1,False,-1
7880,SINGLE,0,0,1,False,-1
7881,DOUBLE,1,0,1,False,-1
7882,DOUBLE,1,0,1,False,-1
7883,DOUBLE,1,0,1,False,-1
7884,SINGLE,0,0,1,False,-1
7885,DOUBLE,1,0,1,False,-1
7886,DOUBLE,1,0,1,False,-1
7887,SINGLE,0,0,1,False,-1
7888,DOUBLE,1,0,1,False,-1
7889,SINGLE,0,0,1,False,-1
7890,DOUBLE,1,0,1,False,-1
7891,SINGLE,0,0,1,False,-1
7892,SINGLE,0,0,1,False,-1
7893,DOUBLE,1,0,1,False,-1
7894,SINGLE,0,0,1,False,-1
7895,DOUBLE,1,0,1,False,-1
7896,DOUBLE,1,0,1,False,-1
7897,SINGLE,0,0,1,False,-1
7898,DOUBLE,1,0,1,False,-1
7899,DOUBLE,1,0,1,False,-1
7900,DOUBLE,1,0,1,False,-1
7901,DOUBLE,1,0,1,False,-1
7903,SINGLE,0,0,1,False,-1
7904,SINGLE,0,0,1,False,-1
7905,SINGLE,0,0,1,False,-1
7907,DOUBLE,1,0,1,False,-1
7908,SINGLE,0,0,1,False,-1
7909,SINGLE,0,0,1,False,-1
7910,DOUBLE,1,0,1,False,-1
7912,SINGLE,0,0,1,False,-1
7913,DOUBLE,1,0,1,False,-1
7914,SINGLE,0,0,1,False,-1
7915,DOUBLE,1,0,1,False,-1
7916,DOUBLE,1,0,1,False,-1
7917,SINGLE,0,0,1,False,-1
7918,SINGLE,0,0,1,False,-1
7919,DOUBLE,1,0,1,False,-1
7920,SINGLE,0,0,1,False,-1
7921,SINGLE,0,0,1,False,-1
7922,DOUBLE,1,0,1,False,-1
7923,TRIPLE,1,1,1,False,-1
7924,SINGLE,0,0,1,False,-1
7925,DOUBLE,1,0,1,False,-1
7926,SINGLE,0,0,1,False,-1
7927,DOUBLE,1,0,1,False,-1
7928,SINGLE,0,0,1,False,-1
7930,SINGLE,0,0,1,False,-1
7931,DOUBLE,1,0,1,False,-1
7932,DOUBLE,1,0,1,False,-1
7934,DOUBLE,1,0,1,False,-1
7935,SINGLE,0,0,1,False,-1
7936,DOUBLE,1,0,1,False,-1
7937,DOUBLE,1,0,1,False,-1
7938,DOUBLE,1,0,1,False,-1
7939,SINGLE,0,0,1,False,-1
7940,DOUBLE,1,0,1,False,-1
7941,SINGLE,0,0,1,False,-1
7942,SINGLE,0,0,1,False,-1
7943,SINGLE,0,0,1,False,-1
7945,DOUBLE,1,0,1,False,-1
7946,SINGLE,0,0,1,False,-1
7947,SINGLE,0,0,1,False,-1
7948,SINGLE,0,0,1,False,-1
7949,DOUBLE,1,0,1,False,-1
7951,SINGLE,0,0,1,False,-1
7952,DOUBLE,1,0,1,False,-1
7953,SINGLE,0,0,1,False,-1
7954,SINGLE,0,0,1,False,-1
7955,DOUBLE,1,0,1,False,-1
7956,SINGLE,0,0,1,False,-1
7957,SINGLE,0,0,1,False,-1
7958,SINGLE,0,0,1,False,-1
7959,DOUBLE,1,0,1,False,-1
7961,DOUBLE,1,0,1,False,-1
7962,DOUBLE,1,0,1,False,-1
7963,SINGLE,0,0,1,False,-1
7964,SINGLE,0,0,1,False,-1
7965,DOUBLE,1,0,1,False,-1
7966,SINGLE,0,0,1,False,-1
7967,SINGLE,0,0,1,False,-1
7968,DOUBLE,1,0,1,False,-1
7969,DOUBLE,1,0,1,False,-1
7970,DOUBLE,1,0,1,False,-1
7971,DOUBLE,0,1,1,False,-1
7972,DOUBLE,1,0,1,False,-1
7973,SINGLE,0,0,1,False,-1
7974,SINGLE,0,0,1,False,-1
7975,SINGLE,0,0,1,False,-1
7976,DOUBLE,1,0,1,False,-1
7977,SINGLE,0,0,1,False,-1
7978,SINGLE,0,0,1,False,-1
7979,DOUBLE,1,0,1,False,-1
7980,DOUBLE,1,0,1,False,-1
7981,SINGLE,0,0,1,False,-1
7982,SINGLE,0,0,1,False,-1
7983,SINGLE,0,0,1,False,-1
7984,DOUBLE,1,0,1,False,-1
7985,SINGLE,0,0,1,False,-1
7986,DOUBLE,1,0,1,False,-1
7988,SINGLE,0,0,1,False,-1
7989,SINGLE,0,0,1,False,-1
7991,TRIPLE,1,1,1,False,-1
7992,DOUBLE,1,0,1,False,-1
7994,DOUBLE,1,0,1,False,-1
7995,SINGLE,0,0,1,False,-1
7996,DOUBLE,1,0,1,False,-1
7997,DOUBLE,1,0,1,False,-1
7998,SINGLE,0,0,1,False,-1
7999,DOUBLE,1,0,1,False,-1
8000,SINGLE,0,0,1,False,-1
8001,DOUBLE,1,0,1,False,-1
8002,DOUBLE,1,0,1,False,-1
8003,SINGLE,0,0,1,False,-1
8005,SINGLE,0,0,1,False,-1
8006,DOUBLE,1,0,1,False,-1
8007,DOUBLE,1,0,1,False,-1
8008,DOUBLE,1,0,1,False,-1
8009,DOUBLE,1,0,1,False,-1
8010,SINGLE,0,0,1,False,-1
8012,DOUBLE,1,0,1,False,-1
8013,SINGLE,0,0,1,False,-1
8014,SINGLE,0,0,1,False,-1
8015,DOUBLE,1,0,1,False,-1
8017,DOUBLE,1,0,1,False,-1
8018,DOUBLE,1,0,1,False,-1
8019,SINGLE,0,0,1,False,-1
8020,SINGLE,0,0,1,False,-1
8021,DOUBLE,1,0,1,False,-1
8022,DOUBLE,1,0,1,False,-1
8023,DOUBLE,1,0,1,False,-1
8024,DOUBLE,1,0,1,False,-1
8025,DOUBLE,1,0,1,False,-1
8026,DOUBLE,1,0,1,False,-1
8027,DOUBLE,1,0,1,False,-1
8028,SINGLE,0,0,1,False,-1
8029,DOUBLE,1,0,1,False,-1
8030,SINGLE,0,0,1,False,-1
8031,SINGLE,0,0,1,False,-1
8032,DOUBLE,1,0,1,False,-1
8033,DOUBLE,1,0,1,False,-1
8034,DOUBLE,1,0,1,False,-1
8035,DOUBLE,1,0,1,False,-1
8036,DOUBLE,1,0,1,False,-1
8037,DOUBLE,1,0,1,False,-1
8038,SINGLE,0,0,1,False,-1
8039,DOUBLE,1,0,1,False,-1
8040,SINGLE,0,0,1,False,-1
8041,DOUBLE,1,0,1,False,-1
8042,SINGLE,0,0,1,False,-1
8043,SINGLE,0,0,1,False,-1
8044,DOUBLE,1,0,1,False,-1
8046,DOUBLE,1,0,1,False,-1
8047,SINGLE,0,0,1,False,-1
8048,DOUBLE,1,0,1,False,-1
8049,SINGLE,0,0,1,False,-1
8050,DOUBLE,1,0,1,False,-1
8051,SINGLE,0,0,1,False,-1
8052,SINGLE,0,0,1,False,-1
8053,SINGLE,0,0,1,False,-1
8054,DOUBLE,1,0,1,False,-1
8055,SINGLE,0,0,1,False,-1
8056,DOUBLE,1,0,1,False,-1
8058,SINGLE,0,0,1,False,-1
8059,DOUBLE,1,0,1,False,-1
8060,DOUBLE,1,0,1,False,-1
8061,SINGLE,0,0,1,False,-1
8062,SINGLE,0,0,1,False,-1
8063,DOUBLE,1,0,1,False,-1
8064,DOUBLE,1,0,1,False,-1
8065,SINGLE,0,0,1,False,-1
8066,DOUBLE,1,0,1,False,-1
8068,SINGLE,0,0,1,False,-1
8069,DOUBLE,1,0,1,False,-1
8070,SINGLE,0,0,1,False,-1
8071,SINGLE,0,0,1,False,-1
8072,SINGLE,0,0,1,False,-1
8073,SINGLE,0,0,1,False,-1
8074,DOUBLE,1,0,1,False,-1
8075,SINGLE,0,0,1,False,-1
8076,DOUBLE,1,0,1,False,-1
8077,SINGLE,0,0,1,False,-1
8078,SINGLE,0,0,1,False,-1
8079,SINGLE,0,0,1,False,-1
8080,DOUBLE,1,0,1,False,-1
8081,SINGLE,0,0,1,False,-1
8082,DOUBLE,1,0,1,False,-1
8083,SINGLE,0,0,1,False,-1
8084,DOUBLE,1,0,1,False,-1
8085,DOUBLE,1,0,1,False,-1
8086,DOUBLE,1,0,1,False,-1
8087,SINGLE,0,0,1,False,-1
8088,DOUBLE,1,0,1,False,-1
8089,DOUBLE,1,0,1,False,-1
8090,DOUBLE,1,0,1,False,-1
8091,SINGLE,0,0,1,False,-1
8092,DOUBLE,1,0,1,False,-1
8095,SINGLE,0,0,1,False,-1
8096,DOUBLE,1,0,1,False,-1
8097,DOUBLE,1,0,1,False,-1
8098,DOUBLE,1,0,1,False,-1
8099,DOUBLE,1,0,1,False,-1
8100,DOUBLE,1,0,1,False,-1
8101,SINGLE,0,0,1,False,-1
8103,SINGLE,0,0,1,False,-1
8104,SINGLE,0,0,1,False,-1
8105,DOUBLE,1,0,1,False,-1
8106,DOUBLE,1,0,1,False,-1
8107,DOUBLE,1,0,1,False,-1
8109,SINGLE,0,0,1,False,-1
8111,DOUBLE,1,0,1,False,-1
8112,DOUBLE,1,0,1,False,-1
8113,DOUBLE,1,0,1,False,-1
8114,DOUBLE,1,0,1,False,-1
8115,SINGLE,0,0,1,False,-1
8116,SINGLE,0,0,1,False,-1
8118,SINGLE,0,0,1,False,-1
8120,DOUBLE,1,0,1,False,-1
8121,DOUBLE,1,0,1,False,-1
8122,DOUBLE,1,0,1,False,-1
8123,DOUBLE,1,0,1,False,-1
8124,DOUBLE,1,0,1,False,-1
8125,SINGLE,0,0,1,False,-1
8126,SINGLE,0,0,1,False,-1
8127,SINGLE,0,0,1,False,-1
8129,DOUBLE,1,0,1,False,-1
8130,DOUBLE,1,0,1,False,-1
8131,SINGLE,0,0,1,False,-1
8132,DOUBLE,1,0,1,False,-1
8133,DOUBLE,1,0,1,False,-1
8134,DOUBLE,1,0,1,False,-1
8135,DOUBLE,1,0,1,False,-1
8136,DOUBLE,1,0,1,False,-1
8137,DOUBLE,1,0,1,False,-1
8138,DOUBLE,1,0,1,False,-1
8139,SINGLE,0,0,1,False,-1
8140,SINGLE,0,0,1,False,-1
8141,DOUBLE,1,0,1,False,-1
8142,DOUBLE,1,0,1,False,-1
8143,DOUBLE,1,0,1,False,-1
8144,SINGLE,0,0,1,False,-1
8145,SINGLE,0,0,1,False,-1
8146,SINGLE,0,0,1,False,-1
8147,DOUBLE,1,0,1,False,-1
8149,SINGLE,0,0,1,False,-1
8150,SINGLE,0,0,1,False,-1
8151,SINGLE,0,0,1,False,-1
8152,SINGLE,0,0,1,False,-1
8155,SINGLE,0,0,1,False,-1
8156,SINGLE,0,0,1,False,-1
8157,SINGLE,0,0,1,False,-1
8158,SINGLE,0,0,1,False,-1
8159,SINGLE,0,0,1,False,-1
8160,SINGLE,0,0,1,False,-1
8161,DOUBLE,1,0,1,False,-1
8162,DOUBLE,1,0,1,False,-1
8163,SINGLE,0,0,1,False,-1
8164,SINGLE,0,0,1,False,-1
8165,DOUBLE,1,0,1,False,-1
8166,SINGLE,0,0,1,False,-1
8167,SINGLE,0,0,1,False,-1
8168,SINGLE,0,0,1,False,-1
8169,DOUBLE,1,0,1,False,-1
8170,DOUBLE,1,0,1,False,-1
8171,DOUBLE,1,0,1,False,-1
8172,SINGLE,0,0,1,False,-1
8173,DOUBLE,1,0,1,False,-1
8174,SINGLE,0,0,1,False,-1
8175,DOUBLE,1,0,1,False,-1
8176,DOUBLE,1,0,1,False,-1
8177,SINGLE,0,0,1,False,-1
8178,SINGLE,0,0,1,False,-1
8179,SINGLE,0,0,1,False,-1
8180,DOUBLE,1,0,1,False,-1
8181,SINGLE,0,0,1,False,-1
8182,SINGLE,0,0,1,False,-1
8183,DOUBLE,1,0,1,False,-1
8184,DOUBLE,1,0,1,False,-1
8185,SINGLE,0,0,1,False,-1
8186,SINGLE,0,0,1,False,-1
8187,SINGLE,0,0,1,False,-1
8188,SINGLE,0,0,1,False,-1
8189,SINGLE,0,0,1,False,-1
8190,DOUBLE,1,0,1,False,-1
8191,SINGLE,0,0,1,False,-1
8192,SINGLE,0,0,1,False,-1
8193,DOUBLE,1,0,1,False,-1
8194,DOUBLE,1,0,1,False,-1
8195,SINGLE,0,0,1,False,-1
8196,DOUBLE,1,0,1,False,-1
8197,DOUBLE,1,0,1,False,-1
8198,DOUBLE,1,0,1,False,-1
8199,DOUBLE,1,0,1,False,-1
8200,DOUBLE,1,0,1,False,-1
8201,DOUBLE,1,0,1,False,-1
8202,DOUBLE,1,0,1,False,-1
8203,DOUBLE,1,0,1,False,-1
8204,DOUBLE,1,0,1,False,-1
8205,SINGLE,0,0,1,False,-1
8206,DOUBLE,1,0,1,False,-1
8207,DOUBLE,1,0,1,False,-1
8209,DOUBLE,1,0,1,False,-1
8210,DOUBLE,1,0,1,False,-1
8211,SINGLE,0,0,1,False,-1
8212,DOUBLE,1,0,1,False,-1
8213,SINGLE,0,0,1,False,-1
8214,DOUBLE,1,0,1,False,-1
8215,SINGLE,0,0,1,False,-1
8216,DOUBLE,1,0,1,False,-1
8218,SINGLE,0,0,1,False,-1
8219,SINGLE,0,0,1,False,-1
8220,SINGLE,0,0,1,False,-1
8221,SINGLE,0,0,1,False,-1
8222,DOUBLE,1,0,1,False,-1
8223,SINGLE,0,0,1,False,-1
8224,SINGLE,0,0,1,False,-1
8225,DOUBLE,1,0,1,False,-1
8226,DOUBLE,1,0,1,False,-1
8227,DOUBLE,1,0,1,False,-1
8228,DOUBLE,1,0,1,False,-1
8229,DOUBLE,1,0,1,False,-1
8230,DOUBLE,1,0,1,False,-1
8232,DOUBLE,1,0,1,False,-1
8233,SINGLE,0,0,1,False,-1
8234,DOUBLE,0,1,1,False,-1
8235,SINGLE,0,0,1,False,-1
8236,DOUBLE,1,0,1,False,-1
8237,SINGLE,0,0,1,False,-1
8240,DOUBLE,1,0,1,False,-1
8241,SINGLE,0,0,1,False,-1
8242,SINGLE,0,0,1,False,-1
8243,DOUBLE,1,0,1,False,-1
8244,DOUBLE,1,0,1,False,-1
8245,SINGLE,0,0,1,False,-1
8247,DOUBLE,1,0,1,False,-1
8248,DOUBLE,1,0,1,False,-1
8249,DOUBLE,1,0,1,False,-1
8250,SINGLE,0,0,1,False,-1
8251,SINGLE,0,0,1,False,-1
8254,DOUBLE,1,0,1,False,-1
8255,DOUBLE,1,0,1,False,-1
8256,DOUBLE,1,0,1,False,-1
8257,DOUBLE,1,0,1,False,-1
8258,DOUBLE,1,0,1,False,-1
8259,SINGLE,0,0,1,False,-1
8260,SINGLE,0,0,1,False,-1
8261,DOUBLE,1,0,1,False,-1
8262,DOUBLE,1,0,1,False,-1
8263,SINGLE,0,0,1,False,-1
8265,DOUBLE,1,0,1,False,-1
8266,DOUBLE,1,0,1,False,-1
8268,SINGLE,0,0,1,False,-1
8269,DOUBLE,1,0,1,False,-1
8270,DOUBLE,1,0,1,False,-1
8271,DOUBLE,1,0,1,False,-1
8272,DOUBLE,1,0,1,False,-1
8274,DOUBLE,0,1,1,False,-1
8278,DOUBLE,1,0,1,False,-1
8279,SINGLE,0,0,1,False,-1
8280,DOUBLE,1,0,1,False,-1
8281,SINGLE,0,0,1,False,-1
8282,DOUBLE,1,0,1,False,-1
8283,DOUBLE,1,0,1,False,-1
8285,SINGLE,0,0,1,False,-1
8286,DOUBLE,1,0,1,False,-1
8287,DOUBLE,1,0,1,False,-1
8288,DOUBLE,1,0,1,False,-1
8289,SINGLE,0,0,1,False,-1
8290,SINGLE,0,1,0,False,-1
8291,SINGLE,0,0,1,False,-1
8292,DOUBLE,1,0,1,False,-1
8293,DOUBLE,1,0,1,False,-1
8295,SINGLE,0,0,1,False,-1
8296,DOUBLE,1,0,1,False,-1
8297,DOUBLE,1,0,1,False,-1
8298,SINGLE,0,0,1,False,-1
8299,SINGLE,0,0,1,False,-1
8300,DOUBLE,1,0,1,False,-1
8301,SINGLE,0,0,1,False,-1
8302,DOUBLE,1,0,1,False,-1
8303,TRIPLE,1,1,1,False,-1
8304,SINGLE,0,0,1,False,-1
8305,SINGLE,0,0,1,False,-1
8306,SINGLE,0,0,1,False,-1
8307,DOUBLE,1,0,1,False,-1
8308,DOUBLE,1,0,1,False,-1
8309,SINGLE,0,0,1,False,-1
8310,SINGLE,0,0,1,False,-1
8311,DOUBLE,1,0,1,False,-1
8312,DOUBLE,1,0,1,False,-1
8313,SINGLE,0,0,1,False,-1
8314,DOUBLE,1,0,1,False,-1
8316,DOUBLE,1,0,1,False,-1
8317,DOUBLE,1,0,1,False,-1
8318,SINGLE,0,0,1,False,-1
8319,SINGLE,0,0,1,False,-1
8320,SINGLE,0,0,1,False,-1
8321,DOUBLE,1,0,1,False,-1
8322,DOUBLE,1,0,1,False,-1
8323,SINGLE,0,0,1,False,-1
8324,DOUBLE,1,0,1,False,-1
8325,SINGLE,0,0,1,False,-1
8326,SINGLE,0,0,1,False,-1
8328,DOUBLE,1,0,1,False,-1
8329,SINGLE,0,0,1,False,-1
8330,DOUBLE,1,0,1,False,-1
8331,SINGLE,0,0,1,False,-1
8333,SINGLE,0,0,1,False,-1
8334,DOUBLE,1,0,1,False,-1
8336,DOUBLE,1,0,1,False,-1
8337,SINGLE,0,0,1,False,-1
8338,DOUBLE,1,0,1,False,-1
8339,SINGLE,0,0,1,False,-1
8340,DOUBLE,1,0,1,False,-1
8341,DOUBLE,1,0,1,False,-1
8342,SINGLE,0,0,1,False,-1
8343,DOUBLE,1,0,1,False,-1
8344,DOUBLE,1,0,1,False,-1
8345,DOUBLE,1,0,1,False,-1
8346,SINGLE,0,0,1,False,-1
8347,DOUBLE,1,0,1,False,-1
8348,DOUBLE,1,0,1,False,-1
8349,DOUBLE,1,0,1,False,-1
8350,DOUBLE,1,0,1,False,-1
8352,DOUBLE,1,0,1,False,-1
8354,SINGLE,0,0,1,False,-1
8355,DOUBLE,1,0,1,False,-1
8356,DOUBLE,1,0,1,False,-1
8357,DOUBLE,1,0,1,False,-1
8358,DOUBLE,1,0,1,False,-1
8360,DOUBLE,1,0,1,False,-1
8361,DOUBLE,1,0,1,False,-1
8362,DOUBLE,1,0,1,False,-1
8363,DOUBLE,1,0,1,False,-1
8364,SINGLE,0,0,1,False,-1
8365,DOUBLE,1,0,1,False,-1
8366,DOUBLE,1,0,1,False,-1
8368,SINGLE,0,0,1,False,-1
8369,SINGLE,0,0,1,False,-1
8370,SINGLE,0,0,1,False,-1
8371,DOUBLE,1,0,1,False,-1
8372,DOUBLE,1,0,1,False,-1
8373,DOUBLE,1,0,1,False,-1
8374,DOUBLE,1,0,1,False,-1
8375,DOUBLE,1,0,1,False,-1
8376,SINGLE,0,0,1,False,-1
8377,DOUBLE,1,0,1,False,-1
8378,DOUBLE,1,0,1,False,-1
8379,SINGLE,0,0,1,False,-1
8380,DOUBLE,0,1,1,False,-1
8381,DOUBLE,1,0,1,False,-1
8382,DOUBLE,1,0,1,False,-1
8383,DOUBLE,1,0,1,False,-1
8384,DOUBLE,1,0,1,False,-1
8385,DOUBLE,1,0,1,False,-1
8386,SINGLE,0,0,1,False,-1
8387,DOUBLE,1,0,1,False,-1
8388,DOUBLE,1,0,1,False,-1
8389,SINGLE,0,0,1,False,-1
8390,DOUBLE,1,0,1,False,-1
8391,DOUBLE,1,0,1,False,-1
8392,DOUBLE,1,0,1,False,-1
8393,DOUBLE,1,0,1,False,-1
8394,DOUBLE,1,0,1,False,-1
8396,DOUBLE,1,0,1,False,-1
8397,DOUBLE,1,0,1,False,-1
8398,SINGLE,0,0,1,False,-1
8399,DOUBLE,1,0,1,False,-1
8400,DOUBLE,1,0,1,False,-1
8401,DOUBLE,1,0,1,False,-1
8402,DOUBLE,1,0,1,False,-1
8403,SINGLE,0,0,1,False,-1
8404,DOUBLE,1,0,1,False,-1
8405,DOUBLE,1,0,1,False,-1
8406,SINGLE,0,0,1,False,-1
8407,SINGLE,0,0,1,False,-1
8409,SINGLE,0,0,1,False,-1
8410,SINGLE,0,0,1,False,-1
8411,SINGLE,0,0,1,False,-1
8412,TRIPLE,1,1,1,False,-1
8413,DOUBLE,1,0,1,False,-1
8414,SINGLE,0,0,1,False,-1
8415,DOUBLE,1,0,1,False,-1
8416,SINGLE,0,0,1,False,-1
8417,SINGLE,0,0,1,False,-1
8418,SINGLE,0,0,1,False,-1
8419,DOUBLE,1,0,1,False,-1
8420,DOUBLE,1,0,1,False,-1
8421,DOUBLE,1,0,1,False,-1
8422,DOUBLE,1,0,1,False,-1
8424,SINGLE,0,0,1,False,-1
8425,DOUBLE,1,0,1,False,-1
8426,SINGLE,0,0,1,False,-1
8427,SINGLE,0,0,1,False,-1
8428,DOUBLE,1,0,1,False,-1
8429,DOUBLE,1,0,1,False,-1
8430,DOUBLE,1,0,1,False,-1
8431,DOUBLE,1,0,1,False,-1
8432,DOUBLE,1,0,1,False,-1
8433,DOUBLE,1,0,1,False,-1
8435,DOUBLE,1,0,1,False,-1
8436,SINGLE,0,0,1,False,-1
8437,SINGLE,0,0,1,False,-1
8438,DOUBLE,1,0,1,False,-1
8439,SINGLE,0,0,1,False,-1
8440,DOUBLE,1,0,1,False,-1
8441,DOUBLE,1,0,1,False,-1
8442,DOUBLE,1,0,1,False,-1
8443,SINGLE,0,0,1,False,-1
8445,DOUBLE,1,0,1,False,-1
8446,DOUBLE,1,0,1,False,-1
8447,SINGLE,0,0,1,False,-1
8448,SINGLE,0,0,1,False,-1
8450,SINGLE,0,0,1,False,-1
8451,DOUBLE,1,0,1,False,-1
8452,DOUBLE,1,0,1,False,-1
8453,SINGLE,0,0,1,False,-1
8454,DOUBLE,1,0,1,False,-1
8456,DOUBLE,1,0,1,False,-1
8457,SINGLE,0,0,1,False,-1
8458,DOUBLE,1,0,1,False,-1
8459,SINGLE,0,0,1,False,-1
8460,DOUBLE,1,0,1,False,-1
8462,DOUBLE,1,0,1,False,-1
8463,SINGLE,0,0,1,False,-1
8464,DOUBLE,1,0,1,False,-1
8465,DOUBLE,1,0,1,False,-1
8466,DOUBLE,1,0,1,False,-1
8467,DOUBLE,1,0,1,False,-1
8468,SINGLE,0,0,1,False,-1
8469,DOUBLE,1,0,1,False,-1
8470,DOUBLE,1,0,1,False,-1
8471,SINGLE,0,0,1,False,-1
8472,DOUBLE,1,0,1,False,-1
8473,SINGLE,0,0,1,False,-1
8476,SINGLE,0,0,1,False,-1
8477,DOUBLE,1,0,1,False,-1
8478,DOUBLE,1,0,1,False,-1
8479,DOUBLE,1,0,1,False,-1
8480,DOUBLE,1,0,1,False,-1
8481,DOUBLE,1,0,1,False,-1
8482,DOUBLE,1,0,1,False,-1
8483,DOUBLE,1,0,1,False,-1
8484,SINGLE,0,0,1,False,-1
8485,DOUBLE,1,0,1,False,-1
8486,DOUBLE,1,0,1,False,-1
8487,DOUBLE,1,0,1,False,-1
8488,DOUBLE,1,0,1,False,-1
8489,DOUBLE,1,0,1,False,-1
8490,SINGLE,0,0,1,False,-1
8491,DOUBLE,1,0,1,False,-1
8492,DOUBLE,1,0,1,False,-1
8495,DOUBLE,1,0,1,False,-1
8496,DOUBLE,1,0,1,False,-1
8498,DOUBLE,1,0,1,False,-1
8499,DOUBLE,1,0,1,False,-1
8500,DOUBLE,1,0,1,False,-1
8501,DOUBLE,1,0,1,False,-1
8502,DOUBLE,1,0,1,False,-1
8504,DOUBLE,0,1,1,False,-1
8505,DOUBLE,1,0,1,False,-1
8507,DOUBLE,1,0,1,False,-1
8508,SINGLE,0,0,1,False,-1
8509,DOUBLE,1,0,1,False,-1
8510,DOUBLE,1,0,1,False,-1
8512,DOUBLE,1,0,1,False,-1
8513,DOUBLE,1,0,1,False,-1
8515,SINGLE,0,0,1,False,-1
8516,DOUBLE,1,0,1,False,-1
8517,DOUBLE,1,0,1,False,-1
8518,DOUBLE,1,0,1,False,-1
8519,DOUBLE,1,0,1,False,-1
8520,SINGLE,0,0,1,False,-1
8521,SINGLE,0,0,1,False,-1
8522,DOUBLE,1,0,1,False,-1
8523,SINGLE,0,0,1,False,-1
8524,DOUBLE,1,0,1,False,-1
8525,DOUBLE,1,0,1,False,-1
8526,DOUBLE,1,0,1,False,-1
8527,SINGLE,0,0,1,False,-1
8528,SINGLE,0,0,1,False,-1
8529,SINGLE,0,0,1,False,-1
8530,DOUBLE,1,0,1,False,-1
8531,SINGLE,0,0,1,False,-1
8532,DOUBLE,1,0,1,False,-1
8533,DOUBLE,1,0,1,False,-1
8534,DOUBLE,1,0,1,False,-1
8535,SINGLE,0,0,1,False,-1
8537,DOUBLE,1,0,1,False,-1
8538,DOUBLE,1,0,1,False,-1
8539,DOUBLE,1,0,1,False,-1
8540,SINGLE,0,0,1,False,-1
8541,SINGLE,0,0,1,False,-1
8543,SINGLE,0,0,1,False,-1
8544,DOUBLE,1,0,1,False,-1
8545,DOUBLE,1,0,1,False,-1
8546,SINGLE,0,0,1,False,-1
8547,SINGLE,0,0,1,False,-1
8548,DOUBLE,1,0,1,False,-1
8549,SINGLE,0,0,1,False,-1
8550,SINGLE,0,0,1,False,-1
8551,SINGLE,0,0,1,False,-1
8553,DOUBLE,1,0,1,False,-1
8554,SINGLE,0,0,1,False,-1
8555,SINGLE,0,0,1,False,-1
8556,SINGLE,0,0,1,False,-1
8557,SINGLE,0,0,1,False,-1
8559,DOUBLE,1,0,1,False,-1
8560,DOUBLE,1,0,1,False,-1
8561,DOUBLE,1,0,1,False,-1
8562,SINGLE,0,0,1,False,-1
8563,DOUBLE,1,0,1,False,-1
8565,DOUBLE,1,0,1,False,-1
8567,DOUBLE,1,0,1,False,-1
8568,DOUBLE,1,0,1,False,-1
8569,DOUBLE,1,0,1,False,-1
8570,DOUBLE,1,0,1,False,-1
8571,SINGLE,0,0,1,False,-1
8572,SINGLE,0,0,1,False,-1
8573,DOUBLE,1,0,1,False,-1
8574,SINGLE,0,0,1,False,-1
8575,DOUBLE,1,0,1,False,-1
8576,DOUBLE,1,0,1,False,-1
8577,DOUBLE,1,0,1,False,-1
8578,SINGLE,0,0,1,False,-1
8579,SINGLE,0,0,1,False,-1
8580,SINGLE,0,0,1,False,-1
8581,DOUBLE,1,0,1,False,-1
8582,DOUBLE,1,0,1,False,-1
8583,SINGLE,0,0,1,False,-1
8584,SINGLE,0,0,1,False,-1
8585,DOUBLE,1,0,1,False,-1
8586,SINGLE,0,0,1,False,-1
8587,DOUBLE,1,0,1,False,-1
8588,SINGLE,0,0,1,False,-1
8589,DOUBLE,1,0,1,False,-1
8590,SINGLE,0,0,1,False,-1
8591,DOUBLE,1,0,1,False,-1
8592,DOUBLE,1,0,1,False,-1
8593,SINGLE,0,0,1,False,-1
8594,DOUBLE,1,0,1,False,-1
8595,SINGLE,0,0,1,False,-1
8596,DOUBLE,1,0,1,False,-1
8597,SINGLE,0,0,1,False,-1
8598,SINGLE,0,0,1,False,-1
8600,SINGLE,0,0,1,False,-1
8601,SINGLE,0,0,1,False,-1
8602,DOUBLE,1,0,1,False,-1
8603,SINGLE,0,0,1,False,-1
8604,DOUBLE,1,0,1,False,-1
8605,SINGLE,0,0,1,False,-1
8606,SINGLE,0,0,1,False,-1
8607,DOUBLE,1,0,1,False,-1
8608,SINGLE,0,0,1,False,-1
8609,SINGLE,0,0,1,False,-1
8610,SINGLE,0,0,1,False,-1
8611,SINGLE,0,0,1,False,-1
8612,DOUBLE,1,0,1,False,-1
8613,SINGLE,0,0,1,False,-1
8614,DOUBLE,1,0,1,False,-1
8615,DOUBLE,1,0,1,False,-1
8616,SINGLE,0,0,1,False,-1
8617,SINGLE,0,0,1,False,-1
8618,DOUBLE,1,0,1,False,-1
8619,DOUBLE,1,0,1,False,-1
8620,SINGLE,0,0,1,False,-1
8621,SINGLE,0,0,1,False,-1
8622,SINGLE,0,0,1,False,-1
8623,SINGLE,0,0,1,False,-1
8624,SINGLE,0,0,1,False,-1
8625,SINGLE,0,0,1,False,-1
8626,SINGLE,0,0,1,False,-1
8627,DOUBLE,1,0,1,False,-1
8628,SINGLE,0,0,1,False,-1
8630,DOUBLE,1,0,1,False,-1
8632,DOUBLE,1,0,1,False,-1
8633,DOUBLE,1,0,1,False,-1
8634,SINGLE,0,0,1,False,-1
8635,SINGLE,0,0,1,False,-1
8636,SINGLE,0,0,1,False,-1
8637,DOUBLE,1,0,1,False,-1
8639,SINGLE,0,0,1,False,-1
8640,SINGLE,0,0,1,False,-1
8641,SINGLE,0,0,1,False,-1
8642,SINGLE,0,0,1,False,-1
8643,DOUBLE,1,0,1,False,-1
8644,DOUBLE,1,0,1,False,-1
8646,DOUBLE,1,0,1,False,-1
8647,DOUBLE,1,0,1,False,-1
8648,DOUBLE,1,0,1,False,-1
8649,DOUBLE,1,0,1,False,-1
8650,SINGLE,0,0,1,False,-1
8651,DOUBLE,1,0,1,False,-1
8652,DOUBLE,1,0,1,False,-1
8653,DOUBLE,1,0,1,False,-1
8654,SINGLE,0,0,1,False,-1
8655,DOUBLE,1,0,1,False,-1
8656,DOUBLE,1,0,1,False,-1
8657,DOUBLE,0,1,1,False,-1
8658,SINGLE,0,0,1,False,-1
8659,SINGLE,0,0,1,False,-1
8660,DOUBLE,1,0,1,False,-1
8662,SINGLE,0,0,1,False,-1
8663,SINGLE,0,0,1,False,-1
8664,DOUBLE,1,0,1,False,-1
8665,DOUBLE,1,0,1,False,-1
8666,DOUBLE,1,0,1,False,-1
8667,SINGLE,0,0,1,False,-1
8668,SINGLE,0,0,1,False,-1
8669,SINGLE,0,0,1,False,-1
8670,DOUBLE,1,0,1,False,-1
8672,DOUBLE,1,0,1,False,-1
8673,SINGLE,0,0,1,False,-1
8674,DOUBLE,1,0,1,False,-1
8675,DOUBLE,1,0,1,False,-1
8676,SINGLE,0,0,1,False,-1
8677,SINGLE,0,0,1,False,-1
8678,DOUBLE,1,0,1,False,-1
8679,SINGLE,0,0,1,False,-1
8680,SINGLE,0,0,1,False,-1
8681,DOUBLE,1,0,1,False,-1
8682,SINGLE,0,0,1,False,-1
8683,DOUBLE,1,0,1,False,-1
8684,SINGLE,0,0,1,False,-1
8685,DOUBLE,0,1,1,False,-1
8687,DOUBLE,1,0,1,False,-1
8688,SINGLE,0,0,1,False,-1
8689,DOUBLE,1,0,1,False,-1
8690,DOUBLE,1,0,1,False,-1
8691,SINGLE,0,0,1,False,-1
8692,DOUBLE,1,0,1,False,-1
8694,SINGLE,0,0,1,False,-1
8695,DOUBLE,1,0,1,False,-1
8696,SINGLE,0,0,1,False,-1
8697,SINGLE,0,0,1,False,-1
8698,DOUBLE,1,0,1,False,-1
8699,DOUBLE,1,0,1,False,-1
8700,SINGLE,0,0,1,False,-1
8701,DOUBLE,1,0,1,False,-1
8702,DOUBLE,1,0,1,False,-1
8703,DOUBLE,1,0,1,False,-1
8704,DOUBLE,1,0,1,False,-1
8705,SINGLE,0,0,1,False,-1
8707,SINGLE,0,0,1,False,-1
8708,DOUBLE,1,0,1,False,-1
8709,SINGLE,0,0,1,False,-1
8710,SINGLE,0,0,1,False,-1
8711,DOUBLE,1,0,1,False,-1
8712,DOUBLE,1,0,1,False,-1
8713,DOUBLE,1,0,1,False,-1
8716,SINGLE,0,0,1,False,-1
8717,DOUBLE,1,0,1,False,-1
8719,DOUBLE,1,0,1,False,-1
8720,DOUBLE,1,0,1,False,-1
8721,DOUBLE,1,0,1,False,-1
8722,DOUBLE,1,0,1,False,-1
8723,SINGLE,0,0,1,False,-1
8724,SINGLE,0,0,1,False,-1
8725,DOUBLE,1,0,1,False,-1
8726,DOUBLE,1,0,1,False,-1
8727,DOUBLE,1,0,1,False,-1
8728,DOUBLE,1,0,1,False,-1
8729,SINGLE,0,0,1,False,-1
8730,SINGLE,0,0,1,False,-1
8731,SINGLE,0,0,1,False,-1
8732,DOUBLE,1,0,1,False,-1
8733,SINGLE,0,0,1,False,-1
8734,SINGLE,0,0,1,False,-1
8735,DOUBLE,1,0,1,False,-1
8736,DOUBLE,1,0,1,False,-1
8737,DOUBLE,1,0,1,False,-1
8739,DOUBLE,1,0,1,False,-1
8740,SINGLE,0,0,1,False,-1
8741,SINGLE,0,0,1,False,-1
8742,DOUBLE,1,0,1,False,-1
8743,DOUBLE,1,0,1,False,-1
8744,DOUBLE,1,0,1,False,-1
8745,DOUBLE,1,0,1,False,-1
8746,DOUBLE,1,0,1,False,-1
8747,SINGLE,0,0,1,False,-1
8748,DOUBLE,1,0,1,False,-1
8749,DOUBLE,1,0,1,False,-1
8750,DOUBLE,1,0,1,False,-1
8751,SINGLE,0,0,1,False,-1
8752,DOUBLE,1,0,1,False,-1
8753,SINGLE,0,0,1,False,-1
8754,SINGLE,0,0,1,False,-1
8755,DOUBLE,1,0,1,False,-1
8756,SINGLE,0,0,1,False,-1
8758,DOUBLE,1,0,1,False,-1
8759,DOUBLE,1,0,1,False,-1
8760,DOUBLE,1,0,1,False,-1
8762,DOUBLE,1,0,1,False,-1
8763,DOUBLE,1,0,1,False,-1
8764,SINGLE,0,0,1,False,-1
8765,SINGLE,0,0,1,False,-1
8766,SINGLE,0,0,1,False,-1
8767,SINGLE,0,0,1,False,-1
8768,SINGLE,0,0,1,False,-1
8769,DOUBLE,1,0,1,False,-1
8770,SINGLE,0,0,1,False,-1
8771,SINGLE,0,0,1,False,-1
8772,SINGLE,0,0,1,False,-1
8773,DOUBLE,1,0,1,False,-1
8774,DOUBLE,1,0,1,False,-1
8775,DOUBLE,1,0,1,False,-1
8776,SINGLE,0,0,1,False,-1
8778,DOUBLE,1,0,1,False,-1
8779,DOUBLE,1,0,1,False,-1
8780,DOUBLE,1,0,1,False,-1
8781,SINGLE,0,0,1,False,-1
8782,SINGLE,0,0,1,False,-1
8783,DOUBLE,1,0,1,False,-1
8784,SINGLE,0,0,1,False,-1
8785,DOUBLE,1,0,1,False,-1
8786,SINGLE,0,0,1,False,-1
8787,SINGLE,0,0,1,False,-1
8788,DOUBLE,1,0,1,False,-1
8789,DOUBLE,1,0,1,False,-1
8790,SINGLE,0,0,1,False,-1
8791,DOUBLE,1,0,1,False,-1
8792,DOUBLE,1,0,1,False,-1
8793,DOUBLE,1,0,1,False,-1
8795,SINGLE,0,0,1,False,-1
8796,DOUBLE,1,0,1,False,-1
8798,DOUBLE,1,0,1,False,-1
8799,DOUBLE,1,0,1,False,-1
8800,SINGLE,0,0,1,False,-1
8801,SINGLE,0,0,1,False,-1
8802,DOUBLE,1,0,1,False,-1
8803,DOUBLE,1,0,1,False,-1
8804,DOUBLE,1,0,1,False,-1
8805,SINGLE,0,0,1,False,-1
8806,SINGLE,0,0,1,False,-1
8807,SINGLE,0,0,1,False,-1
8809,SINGLE,0,0,1,False,-1
8810,DOUBLE,1,0,1,False,-1
8811,SINGLE,0,0,1,False,-1
8812,DOUBLE,1,0,1,False,-1
8813,DOUBLE,1,0,1,False,-1
8814,DOUBLE,1,0,1,False,-1
8815,SINGLE,0,0,1,False,-1
8816,SINGLE,0,0,1,False,-1
8817,SINGLE,0,0,1,False,-1
8818,DOUBLE,1,0,1,False,-1
8819,SINGLE,0,0,1,False,-1
8821,DOUBLE,1,0,1,False,-1
8822,DOUBLE,1,0,1,False,-1
8823,DOUBLE,1,0,1,False,-1
8824,SINGLE,0,0,1,False,-1
8825,SINGLE,0,0,1,False,-1
8826,SINGLE,0,0,1,False,-1
8827,DOUBLE,1,0,1,False,-1
8828,SINGLE,0,0,1,False,-1
8829,DOUBLE,1,0,1,False,-1
8831,DOUBLE,1,0,1,False,-1
8832,DOUBLE,1,0,1,False,-1
8833,SINGLE,0,0,1,False,-1
8834,DOUBLE,1,0,1,False,-1
8835,SINGLE,0,0,1,False,-1
8836,DOUBLE,1,0,1,False,-1
8837,DOUBLE,1,0,1,False,-1
8838,DOUBLE,1,0,1,False,-1
8839,DOUBLE,1,0,1,False,-1
8840,SINGLE,0,0,1,False,-1
8841,DOUBLE,1,0,1,False,-1
8842,SINGLE,0,0,1,False,-1
8843,SINGLE,0,0,1,False,-1
8844,SINGLE,0,0,1,False,-1
8845,SINGLE,0,0,1,False,-1
8846,DOUBLE,1,0,1,False,-1
8847,DOUBLE,1,0,1,False,-1
8848,DOUBLE,1,0,1,False,-1
8849,DOUBLE,1,0,1,False,-1
8850,SINGLE,0,0,1,False,-1
8851,SINGLE,0,0,1,False,-1
8852,DOUBLE,1,0,1,False,-1
8853,SINGLE,0,0,1,False,-1
8854,SINGLE,0,0,1,False,-1
8855,DOUBLE,1,0,1,False,-1
8856,SINGLE,0,0,1,False,-1
8857,DOUBLE,1,0,1,False,-1
8858,DOUBLE,1,0,1,False,-1
8859,SINGLE,0,0,1,False,-1
8860,DOUBLE,1,0,1,False,-1
8861,SINGLE,0,0,1,False,-1
8862,DOUBLE,1,0,1,False,-1
8863,SINGLE,0,0,1,False,-1
8864,SINGLE,0,0,1,False,-1
8865,DOUBLE,1,0,1,False,-1
8866,DOUBLE,1,0,1,False,-1
8867,DOUBLE,1,0,1,False,-1
8868,SINGLE,0,0,1,False,-1
8869,DOUBLE,1,0,1,False,-1
8870,SINGLE,0,0,1,False,-1
8871,SINGLE,0,0,1,False,-1
8872,SINGLE,0,0,1,False,-1
8873,SINGLE,0,0,1,False,-1
8874,SINGLE,0,0,1,False,-1
8876,DOUBLE,1,0,1,False,-1
8877,SINGLE,0,0,1,False,-1
8878,DOUBLE,1,0,1,False,-1
8879,SINGLE,0,0,1,False,-1
8880,SINGLE,0,0,1,False,-1
8882,DOUBLE,1,0,1,False,-1
8883,DOUBLE,1,0,1,False,-1
8884,SINGLE,0,0,1,False,-1
8885,SINGLE,0,0,1,False,-1
8886,DOUBLE,1,0,1,False,-1
8887,DOUBLE,1,0,1,False,-1
8888,SINGLE,0,0,1,False,-1
8889,SINGLE,0,0,1,False,-1
8890,SINGLE,0,0,1,False,-1
8891,DOUBLE,1,0,1,False,-1
8892,DOUBLE,1,0,1,False,-1
8893,DOUBLE,1,0,1,False,-1
8894,DOUBLE,1,0,1,False,-1
8895,DOUBLE,1,0,1,False,-1
8896,SINGLE,0,0,1,False,-1
8897,DOUBLE,0,1,1,False,-1
8898,SINGLE,0,0,1,False,-1
8899,DOUBLE,1,0,1,False,-1
8900,SINGLE,0,0,1,False,-1
8901,SINGLE,0,0,1,False,-1
8902,DOUBLE,1,0,1,False,-1
8903,DOUBLE,1,0,1,False,-1
8904,DOUBLE,1,0,1,False,-1
8905,SINGLE,0,0,1,False,-1
8906,DOUBLE,1,0,1,False,-1
8907,SINGLE,0,0,1,False,-1
8908,DOUBLE,1,0,1,False,-1
8909,SINGLE,0,0,1,False,-1
8910,SINGLE,0,0,1,False,-1
8911,DOUBLE,1,0,1,False,-1
8912,SINGLE,0,0,1,False,-1
8913,DOUBLE,1,0,1,False,-1
8914,DOUBLE,1,0,1,False,-1
8915,SINGLE,0,0,1,False,-1
8916,DOUBLE,1,0,1,False,-1
8917,SINGLE,0,0,1,False,-1
8918,SINGLE,0,0,1,False,-1
8919,SINGLE,0,0,1,False,-1
8920,SINGLE,0,0,1,False,-1
8921,SINGLE,0,0,1,False,-1
8922,SINGLE,0,0,1,False,-1
8924,SINGLE,0,0,1,False,-1
8925,DOUBLE,1,0,1,False,-1
8926,DOUBLE,1,0,1,False,-1
8929,DOUBLE,1,0,1,False,-1
8931,SINGLE,0,0,1,False,-1
8932,DOUBLE,1,0,1,False,-1
8933,SINGLE,0,0,1,False,-1
8934,SINGLE,0,0,1,False,-1
8935,SINGLE,0,0,1,False,-1
8936,DOUBLE,1,0,1,False,-1
8937,DOUBLE,1,0,1,False,-1
8938,SINGLE,0,0,1,False,-1
8939,DOUBLE,1,0,1,False,-1
8940,DOUBLE,1,0,1,False,-1
8941,DOUBLE,1,0,1,False,-1
8942,DOUBLE,1,0,1,False,-1
8944,DOUBLE,1,0,1,False,-1
8945,DOUBLE,1,0,1,False,-1
8946,SINGLE,0,0,1,False,-1
8947,SINGLE,0,0,1,False,-1
8948,SINGLE,0,0,1,False,-1
8949,DOUBLE,1,0,1,False,-1
8950,DOUBLE,1,0,1,False,-1
8951,DOUBLE,1,0,1,False,-1
8952,SINGLE,0,0,1,False,-1
8953,DOUBLE,1,0,1,False,-1
8954,DOUBLE,1,0,1,False,-1
8955,DOUBLE,1,0,1,False,-1
8956,DOUBLE,1,0,1,False,-1
8957,DOUBLE,1,0,1,False,-1
8958,SINGLE,0,0,1,False,-1
8959,DOUBLE,1,0,1,False,-1
8960,DOUBLE,1,0,1,False,-1
8962,SINGLE,0,0,1,False,-1
8963,DOUBLE,1,0,1,False,-1
8964,DOUBLE,1,0,1,False,-1
8965,DOUBLE,1,0,1,False,-1
8966,SINGLE,0,0,1,False,-1
8967,SINGLE,0,0,1,False,-1
8968,DOUBLE,1,0,1,False,-1
8969,SINGLE,0,0,1,False,-1
8970,SINGLE,0,0,1,False,-1
8971,DOUBLE,1,0,1,False,-1
8972,SINGLE,0,0,1,False,-1
8973,DOUBLE,1,0,1,False,-1
8975,DOUBLE,1,0,1,False,-1
8976,SINGLE,0,0,1,False,-1
8977,SINGLE,0,0,1,False,-1
8978,DOUBLE,1,0,1,False,-1
8979,SINGLE,0,0,1,False,-1
8981,DOUBLE,1,0,1,False,-1
8982,SINGLE,0,0,1,False,-1
8984,DOUBLE,1,0,1,False,-1
8985,SINGLE,0,0,1,False,-1
8986,DOUBLE,1,0,1,False,-1
8987,SINGLE,0,0,1,False,-1
8989,SINGLE,0,0,1,False,-1
8990,SINGLE,0,0,1,False,-1
8991,SINGLE,0,0,1,False,-1
8992,SINGLE,0,0,1,False,-1
8993,DOUBLE,1,0,1,False,-1
8994,SINGLE,0,0,1,False,-1
8995,SINGLE,0,0,1,False,-1
8996,SINGLE,0,0,1,False,-1
8997,DOUBLE,1,0,1,False,-1
8998,SINGLE,0,0,1,False,-1
8999,DOUBLE,1,0,1,False,-1
9000,DOUBLE,1,0,1,False,-1
9002,SINGLE,0,0,1,False,-1
9003,SINGLE,0,0,1,False,-1
9004,SINGLE,0,0,1,False,-1
9005,SINGLE,0,0,1,False,-1
9006,DOUBLE,1,0,1,False,-1
9007,DOUBLE,1,0,1,False,-1
9008,DOUBLE,1,0,1,False,-1
9009,DOUBLE,1,0,1,False,-1
9010,DOUBLE,1,0,1,False,-1
9011,DOUBLE,1,0,1,False,-1
9012,DOUBLE,1,0,1,False,-1
9013,SINGLE,0,0,1,False,-1
9014,DOUBLE,1,0,1,False,-1
9015,SINGLE,0,0,1,False,-1
9016,DOUBLE,1,0,1,False,-1
9017,DOUBLE,1,0,1,False,-1
9018,SINGLE,0,0,1,False,-1
9019,SINGLE,0,0,1,False,-1
9020,DOUBLE,0,1,1,False,-1
9021,SINGLE,0,0,1,False,-1
9022,SINGLE,0,0,1,False,-1
9023,SINGLE,0,0,1,False,-1
9024,SINGLE,0,0,1,False,-1
9025,SINGLE,0,0,1,False,-1
9026,SINGLE,0,0,1,False,-1
9027,SINGLE,0,0,1,False,-1
9028,DOUBLE,1,0,1,False,-1
9030,DOUBLE,1,0,1,False,-1
9031,DOUBLE,1,0,1,False,-1
9032,DOUBLE,1,0,1,False,-1
9033,DOUBLE,1,0,1,False,-1
9034,DOUBLE,1,0,1,False,-1
9035,SINGLE,0,0,1,False,-1
9037,DOUBLE,1,0,1,False,-1
9038,DOUBLE,1,0,1,False,-1
9039,DOUBLE,1,0,1,False,-1
9040,DOUBLE,1,0,1,False,-1
9041,SINGLE,0,0,1,False,-1
9042,DOUBLE,1,0,1,False,-1
9043,DOUBLE,1,0,1,False,-1
9044,SINGLE,0,0,1,False,-1
9045,SINGLE,0,0,1,False,-1
9046,DOUBLE,1,0,1,False,-1
9047,SINGLE,0,0,1,False,-1
9048,SINGLE,0,0,1,False,-1
9049,DOUBLE,1,0,1,False,-1
9050,SINGLE,0,0,1,False,-1
9051,DOUBLE,1,0,1,False,-1
9052,SINGLE,0,0,1,False,-1
9053,DOUBLE,1,0,1,False,-1
9054,SINGLE,0,0,1,False,-1
9055,SINGLE,0,0,1,False,-1
9056,SINGLE,0,0,1,False,-1
9057,DOUBLE,1,0,1,False,-1
9058,DOUBLE,1,0,1,False,-1
9059,DOUBLE,1,0,1,False,-1
9060,SINGLE,0,0,1,False,-1
9061,DOUBLE,1,0,1,False,-1
9062,DOUBLE,1,0,1,False,-1
9063,SINGLE,0,0,1,False,-1
9064,SINGLE,0,0,1,False,-1
9065,DOUBLE,1,0,1,False,-1
9066,SINGLE,0,0,1,False,-1
9067,DOUBLE,1,0,1,False,-1
9068,DOUBLE,1,0,1,False,-1
9070,SINGLE,0,0,1,False,-1
9071,DOUBLE,1,0,1,False,-1
9072,TRIPLE,1,1,1,False,-1
9073,SINGLE,0,0,1,False,-1
9074,SINGLE,0,0,1,False,-1
9075,SINGLE,0,0,1,False,-1
9076,DOUBLE,1,0,1,False,-1
9077,DOUBLE,1,0,1,False,-1
9078,SINGLE,0,0,1,False,-1
9079,DOUBLE,1,0,1,False,-1
9080,SINGLE,0,0,1,False,-1
9081,SINGLE,0,0,1,False,-1
9082,SINGLE,0,0,1,False,-1
9083,SINGLE,0,0,1,False,-1
9084,DOUBLE,1,0,1,False,-1
9085,DOUBLE,1,0,1,False,-1
9086,DOUBLE,1,0,1,False,-1
9087,DOUBLE,1,0,1,False,-1
9088,DOUBLE,1,0,1,False,-1
9089,DOUBLE,1,0,1,False,-1
9090,DOUBLE,1,0,1,False,-1
9091,SINGLE,0,0,1,False,-1
9092,DOUBLE,1,0,1,False,-1
9093,DOUBLE,1,0,1,False,-1
9094,DOUBLE,1,0,1,False,-1
9095,SINGLE,0,0,1,False,-1
9097,DOUBLE,1,0,1,False,-1
9098,SINGLE,0,0,1,False,-1
9099,DOUBLE,1,0,1,False,-1
9100,DOUBLE,1,0,1,False,-1
9101,SINGLE,0,0,1,False,-1
9102,DOUBLE,1,0,1,False,-1
9103,DOUBLE,1,0,1,False,-1
9104,SINGLE,0,0,1,False,-1
9105,SINGLE,0,0,1,False,-1
9106,SINGLE,0,0,1,False,-1
9107,DOUBLE,1,0,1,False,-1
9108,DOUBLE,1,0,1,False,-1
9109,DOUBLE,1,0,1,False,-1
9110,DOUBLE,1,0,1,False,-1
9111,DOUBLE,1,0,1,False,-1
9112,SINGLE,0,0,1,False,-1
9113,DOUBLE,1,0,1,False,-1
9114,DOUBLE,1,0,1,False,-1
9116,SINGLE,0,0,1,False,-1
9117,SINGLE,0,0,1,False,-1
9118,SINGLE,0,0,1,False,-1
9119,SINGLE,0,0,1,False,-1
9120,SINGLE,0,0,1,False,-1
9121,DOUBLE,1,0,1,False,-1
9123,DOUBLE,1,0,1,False,-1
9124,SINGLE,0,0,1,False,-1
9125,DOUBLE,1,0,1,False,-1
9126,SINGLE,0,0,1,False,-1
9128,SINGLE,0,0,1,False,-1
9129,DOUBLE,1,0,1,False,-1
9130,DOUBLE,1,0,1,False,-1
9131,DOUBLE,1,0,1,False,-1
9132,DOUBLE,1,0,1,False,-1
9133,DOUBLE,1,0,1,False,-1
9134,SINGLE,0,0,1,False,-1
9135,SINGLE,0,0,1,False,-1
9136,DOUBLE,1,0,1,False,-1
9137,SINGLE,0,0,1,False,-1
9138,DOUBLE,1,0,1,False,-1
9139,SINGLE,0,0,1,False,-1
9140,SINGLE,0,0,1,False,-1
9141,DOUBLE,1,0,1,False,-1
9142,DOUBLE,1,0,1,False,-1
9143,TRIPLE,1,1,1,False,-1
9145,SINGLE,0,0,1,False,-1
9146,DOUBLE,0,1,1,False,-1
9147,DOUBLE,1,0,1,False,-1
9148,DOUBLE,1,0,1,False,-1
9149,SINGLE,0,0,1,False,-1
9150,DOUBLE,1,0,1,False,-1
9151,DOUBLE,1,0,1,False,-1
9152,SINGLE,0,0,1,False,-1
9153,DOUBLE,1,0,1,False,-1
9154,DOUBLE,1,0,1,False,-1
9155,DOUBLE,1,0,1,False,-1
9156,DOUBLE,1,0,1,False,-1
9157,DOUBLE,1,0,1,False,-1
9158,SINGLE,0,0,1,False,-1
9159,DOUBLE,1,0,1,False,-1
9160,DOUBLE,1,0,1,False,-1
9161,DOUBLE,1,0,1,False,-1
9162,DOUBLE,1,0,1,False,-1
9163,DOUBLE,1,0,1,False,-1
9164,SINGLE,0,0,1,False,-1
9167,SINGLE,0,0,1,False,-1
9168,SINGLE,0,0,1,False,-1
9169,DOUBLE,1,0,1,False,-1
9170,SINGLE,0,0,1,False,-1
9171,SINGLE,0,0,1,False,-1
9172,DOUBLE,1,0,1,False,-1
9173,DOUBLE,1,0,1,False,-1
9174,SINGLE,0,0,1,False,-1
9175,DOUBLE,1,0,1,False,-1
9176,DOUBLE,1,0,1,False,-1
9177,SINGLE,0,0,1,False,-1
9178,SINGLE,0,0,1,False,-1
9179,DOUBLE,1,0,1,False,-1
9181,SINGLE,0,0,1,False,-1
9182,DOUBLE,1,0,1,False,-1
9183,DOUBLE,1,0,1,False,-1
9184,SINGLE,0,0,1,False,-1
9185,DOUBLE,1,0,1,False,-1
9186,DOUBLE,1,0,1,False,-1
9188,DOUBLE,1,0,1,False,-1
9189,DOUBLE,1,0,1,False,-1
9190,DOUBLE,1,0,1,False,-1
9191,DOUBLE,1,0,1,False,-1
9192,DOUBLE,1,0,1,False,-1
9193,SINGLE,0,0,1,False,-1
9194,SINGLE,0,0,1,False,-1
9195,SINGLE,0,0,1,False,-1
9197,SINGLE,0,0,1,False,-1
9198,SINGLE,0,0,1,False,-1
9199,DOUBLE,1,0,1,False,-1
9200,DOUBLE,1,0,1,False,-1
9201,DOUBLE,1,0,1,False,-1
9202,DOUBLE,1,0,1,False,-1
9203,SINGLE,0,0,1,False,-1
9204,DOUBLE,1,0,1,False,-1
9205,SINGLE,0,0,1,False,-1
9206,DOUBLE,1,0,1,False,-1
9207,SINGLE,0,0,1,False,-1
9208,DOUBLE,1,0,1,False,-1
9210,DOUBLE,1,0,1,False,-1
9211,SINGLE,0,0,1,False,-1
9212,SINGLE,0,0,1,False,-1
9213,DOUBLE,1,0,1,False,-1
9214,DOUBLE,1,0,1,False,-1
9215,DOUBLE,1,0,1,False,-1
9216,DOUBLE,1,0,1,False,-1
9217,DOUBLE,1,0,1,False,-1
9218,SINGLE,0,0,1,False,-1
9219,DOUBLE,1,0,1,False,-1
9220,DOUBLE,0,1,1,False,-1
9221,DOUBLE,1,0,1,False,-1
9222,SINGLE,0,0,1,False,-1
9223,DOUBLE,1,0,1,False,-1
9224,SINGLE,0,0,1,False,-1
9225,SINGLE,0,0,1,False,-1
9226,DOUBLE,1,0,1,False,-1
9228,SINGLE,0,0,1,False,-1
9229,DOUBLE,1,0,1,False,-1
9230,SINGLE,0,0,1,False,-1
9231,TRIPLE,1,1,1,False,-1
9232,SINGLE,0,0,1,False,-1
9233,SINGLE,0,0,1,False,-1
9234,SINGLE,0,0,1,False,-1
9235,SINGLE,0,0,1,False,-1
9236,SINGLE,0,0,1,False,-1
9237,DOUBLE,1,0,1,False,-1
9238,DOUBLE,1,0,1,False,-1
9239,SINGLE,0,0,1,False,-1
9240,DOUBLE,1,0,1,False,-1
9241,SINGLE,0,0,1,False,-1
9242,SINGLE,0,0,1,False,-1
9243,SINGLE,0,0,1,False,-1
9244,SINGLE,0,0,1,False,-1
9245,SINGLE,0,0,1,False,-1
9246,DOUBLE,1,0,1,False,-1
9247,DOUBLE,1,0,1,False,-1
9248,DOUBLE,1,0,1,False,-1
9249,DOUBLE,1,0,1,False,-1
9250,SINGLE,0,0,1,False,-1
9251,SINGLE,0,0,1,False,-1
9252,DOUBLE,1,0,1,False,-1
9253,DOUBLE,1,0,1,False,-1
9254,SINGLE,0,0,1,False,-1
9256,DOUBLE,1,0,1,False,-1
9257,DOUBLE,1,0,1,False,-1
9258,DOUBLE,1,0,1,False,-1
9259,SINGLE,0,0,1,False,-1
9260,SINGLE,0,0,1,False,-1
9261,DOUBLE,1,0,1,False,-1
9262,DOUBLE,1,0,1,False,-1
9263,DOUBLE,1,0,1,False,-1
9264,DOUBLE,1,0,1,False,-1
9265,SINGLE,0,0,1,False,-1
9266,SINGLE,0,0,1,False,-1
9268,SINGLE,0,0,1,False,-1
9269,DOUBLE,1,0,1,False,-1
9270,SINGLE,0,0,1,False,-1
9271,SINGLE,0,0,1,False,-1
9272,SINGLE,0,0,1,False,-1
9273,DOUBLE,1,0,1,False,-1
9274,SINGLE,0,0,1,False,-1
9275,DOUBLE,1,0,1,False,-1
9276,DOUBLE,1,0,1,False,-1
9277,SINGLE,0,0,1,False,-1
9278,SINGLE,0,0,1,False,-1
9279,SINGLE,0,0,1,False,-1
9280,SINGLE,0,0,1,False,-1
9283,DOUBLE,1,0,1,False,-1
9284,DOUBLE,1,0,1,False,-1
9285,DOUBLE,1,0,1,False,-1
9287,SINGLE,0,0,1,False,-1
9289,SINGLE,0,0,1,False,-1
9290,SINGLE,0,0,1,False,-1
9291,SINGLE,0,0,1,False,-1
9292,DOUBLE,1,0,1,False,-1
9293,SINGLE,0,0,1,False,-1
9294,DOUBLE,1,0,1,False,-1
9295,SINGLE,0,0,1,False,-1
9296,SINGLE,0,0,1,False,-1
9297,DOUBLE,1,0,1,False,-1
9298,SINGLE,0,0,1,False,-1
9299,DOUBLE,1,0,1,False,-1
9300,SINGLE,0,0,1,False,-1
9301,SINGLE,0,0,1,False,-1
9303,SINGLE,0,0,1,False,-1
9304,DOUBLE,1,0,1,False,-1
9305,SINGLE,0,0,1,False,-1
9306,DOUBLE,1,0,1,False,-1
9307,SINGLE,0,0,1,False,-1
9309,DOUBLE,1,0,1,False,-1
9310,DOUBLE,1,0,1,False,-1
9311,DOUBLE,1,0,1,False,-1
9312,DOUBLE,1,0,1,False,-1
9313,SINGLE,0,0,1,False,-1
9314,SINGLE,0,0,1,False,-1
9315,SINGLE,0,0,1,False,-1
9316,SINGLE,0,0,1,False,-1
9317,SINGLE,0,0,1,False,-1
9319,DOUBLE,1,0,1,False,-1
9320,DOUBLE,1,0,1,False,-1
9321,SINGLE,0,0,1,False,-1
9322,SINGLE,0,0,1,False,-1
9323,DOUBLE,1,0,1,False,-1
9324,SINGLE,0,0,1,False,-1
9325,DOUBLE,1,0,1,False,-1
9326,SINGLE,0,0,1,False,-1
9327,DOUBLE,1,0,1,False,-1
9329,DOUBLE,1,0,1,False,-1
9330,SINGLE,0,0,1,False,-1
9331,DOUBLE,1,0,1,False,-1
9332,SINGLE,0,0,1,False,-1
9333,DOUBLE,1,0,1,False,-1
9334,DOUBLE,1,0,1,False,-1
9335,DOUBLE,1,0,1,False,-1
9336,DOUBLE,1,0,1,False,-1
9338,DOUBLE,0,1,1,False,-1
9339,SINGLE,0,0,1,False,-1
9340,DOUBLE,1,0,1,False,-1
9341,DOUBLE,1,0,1,False,-1
9342,DOUBLE,1,0,1,False,-1
9343,DOUBLE,1,0,1,False,-1
9344,DOUBLE,1,0,1,False,-1
9345,DOUBLE,1,0,1,False,-1
9346,DOUBLE,1,0,1,False,-1
9347,SINGLE,0,0,1,False,-1
9348,SINGLE,0,0,1,False,-1
9349,DOUBLE,1,0,1,False,-1
9350,SINGLE,0,0,1,False,-1
9351,DOUBLE,1,0,1,False,-1
9352,DOUBLE,1,0,1,False,-1
9353,DOUBLE,1,0,1,False,-1
9355,DOUBLE,1,0,1,False,-1
9357,DOUBLE,1,0,1,False,-1
9358,SINGLE,0,0,1,False,-1
9359,DOUBLE,1,0,1,False,-1
9360,DOUBLE,1,0,1,False,-1
9362,DOUBLE,1,0,1,False,-1
9363,DOUBLE,1,0,1,False,-1
9364,SINGLE,0,0,1,False,-1
9365,DOUBLE,1,0,1,False,-1
9366,SINGLE,0,0,1,False,-1
9367,DOUBLE,1,0,1,False,-1
9368,SINGLE,0,0,1,False,-1
9369,SINGLE,0,0,1,False,-1
9371,SINGLE,0,0,1,False,-1
9373,SINGLE,0,0,1,False,-1
9374,DOUBLE,1,0,1,False,-1
9375,SINGLE,0,0,1,False,-1
9376,DOUBLE,1,0,1,False,-1
9377,DOUBLE,1,0,1,False,-1
9378,DOUBLE,1,0,1,False,-1
9379,DOUBLE,1,0,1,False,-1
9380,SINGLE,0,0,1,False,-1
9381,DOUBLE,1,0,1,False,-1
9382,DOUBLE,1,0,1,False,-1
9383,SINGLE,0,0,1,False,-1
9384,DOUBLE,1,0,1,False,-1
9385,SINGLE,0,0,1,False,-1
9386,SINGLE,0,0,1,False,-1
9387,DOUBLE,1,0,1,False,-1
9388,DOUBLE,1,0,1,False,-1
9389,DOUBLE,1,0,1,False,-1
9390,SINGLE,0,0,1,False,-1
9391,SINGLE,0,0,1,False,-1
9392,DOUBLE,1,0,1,False,-1
9393,DOUBLE,0,1,1,False,-1
9394,DOUBLE,0,1,1,False,-1
9395,DOUBLE,1,0,1,False,-1
9396,SINGLE,0,0,1,False,-1
9397,SINGLE,0,0,1,False,-1
9398,DOUBLE,1,0,1,False,-1
9399,DOUBLE,1,0,1,False,-1
9400,DOUBLE,1,0,1,False,-1
9401,SINGLE,0,0,1,False,-1
9402,DOUBLE,1,0,1,False,-1
9403,DOUBLE,1,0,1,False,-1
9404,DOUBLE,1,0,1,False,-1
9405,DOUBLE,1,0,1,False,-1
9406,DOUBLE,1,0,1,False,-1
9407,DOUBLE,1,0,1,False,-1
9408,SINGLE,0,0,1,False,-1
9409,DOUBLE,1,0,1,False,-1
9410,DOUBLE,1,0,1,False,-1
9411,DOUBLE,1,0,1,False,-1
9412,DOUBLE,1,0,1,False,-1
9413,DOUBLE,1,0,1,False,-1
9414,DOUBLE,1,0,1,False,-1
9415,SINGLE,0,0,1,False,-1
9416,SINGLE,0,0,1,False,-1
9417,DOUBLE,1,0,1,False,-1
9418,DOUBLE,1,0,1,False,-1
9419,DOUBLE,1,0,1,False,-1
9420,DOUBLE,1,0,1,False,-1
9421,SINGLE,0,0,1,False,-1
9422,SINGLE,0,0,1,False,-1
9423,DOUBLE,1,0,1,False,-1
9424,DOUBLE,1,0,1,False,-1
9425,SINGLE,0,0,1,False,-1
9426,SINGLE,0,0,1,False,-1
9427,DOUBLE,1,0,1,False,-1
9428,DOUBLE,1,0,1,False,-1
9429,SINGLE,0,0,1,False,-1
9430,DOUBLE,1,0,1,False,-1
9431,SINGLE,0,0,1,False,-1
9432,DOUBLE,1,0,1,False,-1
9433,DOUBLE,1,0,1,False,-1
9434,SINGLE,0,0,1,False,-1
9435,SINGLE,0,0,1,False,-1
9436,SINGLE,0,0,1,False,-1
9437,SINGLE,0,0,1,False,-1
9438,DOUBLE,1,0,1,False,-1
9439,DOUBLE,1,0,1,False,-1
9440,DOUBLE,1,0,1,False,-1
9441,SINGLE,0,0,1,False,-1
9442,DOUBLE,1,0,1,False,-1
9444,DOUBLE,1,0,1,False,-1
9445,DOUBLE,1,0,1,False,-1
9446,DOUBLE,1,0,1,False,-1
9447,DOUBLE,1,0,1,False,-1
9448,DOUBLE,1,0,1,False,-1
9449,SINGLE,0,0,1,False,-1
9450,DOUBLE,1,0,1,False,-1
9451,SINGLE,0,0,1,False,-1
9452,DOUBLE,1,0,1,False,-1
9453,DOUBLE,1,0,1,False,-1
9454,DOUBLE,1,0,1,False,-1
9456,SINGLE,0,0,1,False,-1
9457,DOUBLE,1,0,1,False,-1
9458,SINGLE,0,0,1,False,-1
9460,DOUBLE,1,0,1,False,-1
9461,SINGLE,0,0,1,False,-1
9462,DOUBLE,1,0,1,False,-1
9463,DOUBLE,1,0,1,False,-1
9464,DOUBLE,1,0,1,False,-1
9466,SINGLE,0,0,1,False,-1
9467,DOUBLE,1,0,1,False,-1
9468,SINGLE,0,0,1,False,-1
9469,SINGLE,0,0,1,False,-1
9470,SINGLE,0,0,1,False,-1
9471,DOUBLE,1,0,1,False,-1
9472,DOUBLE,1,0,1,False,-1
9473,SINGLE,0,0,1,False,-1
9476,SINGLE,0,0,1,False,-1
9477,DOUBLE,1,0,1,False,-1
9478,SINGLE,0,0,1,False,-1
9479,SINGLE,0,0,1,False,-1
9480,DOUBLE,1,0,1,False,-1
9481,SINGLE,0,0,1,False,-1
9482,SINGLE,0,0,1,False,-1
9483,DOUBLE,1,0,1,False,-1
9484,DOUBLE,1,0,1,False,-1
9485,DOUBLE,1,0,1,False,-1
9486,DOUBLE,1,0,1,False,-1
9487,DOUBLE,1,0,1,False,-1
9488,DOUBLE,1,0,1,False,-1
9489,SINGLE,0,0,1,False,-1
9490,DOUBLE,1,0,1,False,-1
9491,SINGLE,0,0,1,False,-1
9492,SINGLE,0,0,1,False,-1
9493,SINGLE,0,0,1,False,-1
9494,DOUBLE,1,0,1,False,-1
9495,DOUBLE,1,0,1,False,-1
9496,SINGLE,0,0,1,False,-1
9497,DOUBLE,1,0,1,False,-1
9498,DOUBLE,1,0,1,False,-1
9499,SINGLE,0,0,1,False,-1
9500,SINGLE,0,0,1,False,-1
9501,SINGLE,0,0,1,False,-1
9502,DOUBLE,1,0,1,False,-1
9503,SINGLE,0,0,1,False,-1
9504,SINGLE,0,0,1,False,-1
9505,SINGLE,0,0,1,False,-1
9507,DOUBLE,1,0,1,False,-1
9508,DOUBLE,1,0,1,False,-1
9509,SINGLE,0,0,1,False,-1
9510,DOUBLE,1,0,1,False,-1
9511,DOUBLE,1,0,1,False,-1
9512,SINGLE,0,0,1,False,-1
9513,DOUBLE,1,0,1,False,-1
9514,DOUBLE,1,0,1,False,-1
9515,SINGLE,0,0,1,False,-1
9516,DOUBLE,1,0,1,False,-1
9517,SINGLE,0,0,1,False,-1
9519,SINGLE,0,0,1,False,-1
9520,DOUBLE,1,0,1,False,-1
9521,DOUBLE,1,0,1,False,-1
9522,DOUBLE,1,0,1,False,-1
9523,DOUBLE,1,0,1,False,-1
9524,SINGLE,0,0,1,False,-1
9525,DOUBLE,1,0,1,False,-1
9526,SINGLE,0,0,1,False,-1
9529,DOUBLE,0,1,1,False,-1
9530,SINGLE,0,0,1,False,-1
9531,SINGLE,0,0,1,False,-1
9532,SINGLE,0,0,1,False,-1
9533,SINGLE,0,0,1,False,-1
9534,DOUBLE,1,0,1,False,-1
9535,SINGLE,0,0,1,False,-1
9536,DOUBLE,1,0,1,False,-1
9537,SINGLE,0,0,1,False,-1
9538,DOUBLE,1,0,1,False,-1
9539,DOUBLE,1,0,1,False,-1
9541,SINGLE,0,0,1,False,-1
9542,DOUBLE,1,0,1,False,-1
9543,SINGLE,0,0,1,False,-1
9544,DOUBLE,1,0,1,False,-1
9545,SINGLE,0,0,1,False,-1
9546,SINGLE,0,0,1,False,-1
9547,SINGLE,0,0,1,False,-1
9548,DOUBLE,1,0,1,False,-1
9550,SINGLE,0,0,1,False,-1
9551,DOUBLE,1,0,1,False,-1
9552,DOUBLE,1,0,1,False,-1
9553,SINGLE,0,0,1,False,-1
9554,DOUBLE,1,0,1,False,-1
9555,SINGLE,0,0,1,False,-1
9557,SINGLE,0,0,1,False,-1
9558,SINGLE,0,0,1,False,-1
9560,SINGLE,0,0,1,False,-1
9561,DOUBLE,1,0,1,False,-1
9562,SINGLE,0,0,1,False,-1
9563,DOUBLE,1,0,1,False,-1
9564,DOUBLE,1,0,1,False,-1
9565,DOUBLE,1,0,1,False,-1
9566,DOUBLE,1,0,1,False,-1
9567,SINGLE,0,0,1,False,-1
9568,DOUBLE,1,0,1,False,-1
9569,SINGLE,0,0,1,False,-1
9570,SINGLE,0,0,1,False,-1
9571,DOUBLE,1,0,1,False,-1
9572,DOUBLE,1,0,1,False,-1
9573,SINGLE,0,0,1,False,-1
9574,DOUBLE,1,0,1,False,-1
9575,DOUBLE,1,0,1,False,-1
9576,SINGLE,0,0,1,False,-1
9577,DOUBLE,1,0,1,False,-1
9578,DOUBLE,1,0,1,False,-1
9580,DOUBLE,1,0,1,False,-1
9581,DOUBLE,1,0,1,False,-1
9583,DOUBLE,1,0,1,False,-1
9584,DOUBLE,1,0,1,False,-1
9585,DOUBLE,1,0,1,False,-1
9586,SINGLE,0,0,1,False,-1
9587,SINGLE,0,0,1,False,-1
9589,SINGLE,0,0,1,False,-1
9590,DOUBLE,1,0,1,False,-1
9591,DOUBLE,1,0,1,False,-1
9592,SINGLE,0,0,1,False,-1
9593,SINGLE,0,0,1,False,-1
9594,DOUBLE,1,0,1,False,-1
9595,DOUBLE,1,0,1,False,-1
9596,DOUBLE,1,0,1,False,-1
9597,SINGLE,0,0,1,False,-1
9598,SINGLE,0,0,1,False,-1
9599,SINGLE,0,0,1,False,-1
9600,DOUBLE,1,0,1,False,-1
9601,DOUBLE,1,0,1,False,-1
9602,DOUBLE,1,0,1,False,-1
9603,DOUBLE,1,0,1,False,-1
9604,SINGLE,0,0,1,False,-1
9605,SINGLE,0,0,1,False,-1
9606,SINGLE,0,0,1,False,-1
9607,DOUBLE,1,0,1,False,-1
9608,DOUBLE,1,0,1,False,-1
9609,DOUBLE,1,0,1,False,-1
9611,SINGLE,0,0,1,False,-1
9612,SINGLE,0,0,1,False,-1
9614,SINGLE,0,0,1,False,-1
9615,DOUBLE,1,0,1,False,-1
9616,SINGLE,0,0,1,False,-1
9617,SINGLE,0,0,1,False,-1
9618,SINGLE,0,0,1,False,-1
9619,SINGLE,0,0,1,False,-1
9620,DOUBLE,1,0,1,False,-1
9621,SINGLE,0,0,1,False,-1
9622,SINGLE,0,0,1,False,-1
9623,SINGLE,0,0,1,False,-1
9624,SINGLE,0,0,1,False,-1
9625,DOUBLE,1,0,1,False,-1
9626,DOUBLE,1,0,1,False,-1
9627,SINGLE,0,0,1,False,-1
9628,DOUBLE,1,0,1,False,-1
9629,DOUBLE,1,0,1,False,-1
9630,SINGLE,0,0,1,False,-1
9631,DOUBLE,1,0,1,False,-1
9632,DOUBLE,1,0,1,False,-1
9633,DOUBLE,1,0,1,False,-1
9634,SINGLE,0,0,1,False,-1
9635,SINGLE,0,0,1,False,-1
9636,DOUBLE,1,0,1,False,-1
9637,DOUBLE,1,0,1,False,-1
9639,DOUBLE,1,0,1,False,-1
9640,SINGLE,0,0,1,False,-1
9641,SINGLE,0,0,1,False,-1
9642,SINGLE,0,0,1,False,-1
9643,DOUBLE,1,0,1,False,-1
9644,SINGLE,0,0,1,False,-1
9645,SINGLE,0,0,1,False,-1
9646,SINGLE,0,0,1,False,-1
9647,DOUBLE,1,0,1,False,-1
9648,DOUBLE,1,0,1,False,-1
9649,DOUBLE,1,0,1,False,-1
9650,SINGLE,0,0,1,False,-1
9651,SINGLE,0,0,1,False,-1
9652,DOUBLE,1,0,1,False,-1
9653,DOUBLE,1,0,1,False,-1
9654,DOUBLE,1,0,1,False,-1
9655,SINGLE,0,0,1,False,-1
9656,DOUBLE,1,0,1,False,-1
9657,DOUBLE,1,0,1,False,-1
9658,DOUBLE,1,0,1,False,-1
9659,DOUBLE,1,0,1,False,-1
9660,DOUBLE,1,0,1,False,-1
9661,SINGLE,0,0,1,False,-1
9662,SINGLE,0,0,1,False,-1
9663,DOUBLE,1,0,1,False,-1
9664,DOUBLE,1,0,1,False,-1
9665,DOUBLE,1,0,1,False,-1
9666,SINGLE,0,0,1,False,-1
9668,DOUBLE,1,0,1,False,-1
9669,SINGLE,0,0,1,False,-1
9670,DOUBLE,1,0,1,False,-1
9671,SINGLE,0,0,1,False,-1
9672,DOUBLE,1,0,1,False,-1
9673,DOUBLE,1,0,1,False,-1
9674,SINGLE,0,0,1,False,-1
9675,DOUBLE,1,0,1,False,-1
9676,DOUBLE,1,0,1,False,-1
9677,DOUBLE,1,0,1,False,-1
9678,SINGLE,0,0,1,False,-1
9679,DOUBLE,1,0,1,False,-1
9680,DOUBLE,1,0,1,False,-1
9682,DOUBLE,1,0,1,False,-1
9684,SINGLE,0,0,1,False,-1
9685,SINGLE,0,0,1,False,-1
9686,DOUBLE,1,0,1,False,-1
9687,DOUBLE,1,0,1,False,-1
9688,DOUBLE,1,0,1,False,-1
9689,DOUBLE,1,0,1,False,-1
9690,SINGLE,0,0,1,False,-1
9691,DOUBLE,1,0,1,False,-1
9692,SINGLE,0,0,1,False,-1
9693,SINGLE,0,0,1,False,-1
9694,SINGLE,0,0,1,False,-1
9695,SINGLE,0,0,1,False,-1
9696,SINGLE,0,0,1,False,-1
9697,DOUBLE,1,0,1,False,-1
9699,SINGLE,0,0,1,False,-1
9700,SINGLE,0,0,1,False,-1
9701,DOUBLE,1,0,1,False,-1
9702,SINGLE,0,0,1,False,-1
9703,DOUBLE,1,0,1,False,-1
9705,SINGLE,0,0,1,False,-1
9706,DOUBLE,1,0,1,False,-1
9707,SINGLE,0,0,1,False,-1
9708,DOUBLE,1,0,1,False,-1
9709,SINGLE,0,0,1,False,-1
9710,DOUBLE,1,0,1,False,-1
9711,SINGLE,0,0,1,False,-1
9712,SINGLE,0,0,1,False,-1
9713,DOUBLE,1,0,1,False,-1
9714,SINGLE,0,0,1,False,-1
9716,DOUBLE,1,0,1,False,-1
9717,DOUBLE,1,0,1,False,-1
9718,SINGLE,0,0,1,False,-1
9719,SINGLE,0,0,1,False,-1
9720,DOUBLE,1,0,1,False,-1
9721,DOUBLE,1,0,1,False,-1
9722,DOUBLE,1,0,1,False,-1
9724,SINGLE,0,0,1,False,-1
9725,DOUBLE,1,0,1,False,-1
9726,DOUBLE,1,0,1,False,-1
9727,DOUBLE,1,0,1,False,-1
9728,SINGLE,0,0,1,False,-1
9729,DOUBLE,1,0,1,False,-1
9730,SINGLE,0,0,1,False,-1
9731,DOUBLE,1,0,1,False,-1
9732,DOUBLE,1,0,1,False,-1
9733,SINGLE,0,0,1,False,-1
9734,DOUBLE,1,0,1,False,-1
9735,DOUBLE,1,0,1,False,-1
9736,SINGLE,0,0,1,False,-1
9737,DOUBLE,0,1,1,False,-1
9738,DOUBLE,1,0,1,False,-1
9739,SINGLE,0,0,1,False,-1
9740,DOUBLE,1,0,1,False,-1
9741,DOUBLE,1,0,1,False,-1
9742,DOUBLE,1,0,1,False,-1
9743,DOUBLE,1,0,1,False,-1
9744,DOUBLE,1,0,1,False,-1
9745,DOUBLE,1,0,1,False,-1
9746,DOUBLE,1,0,1,False,-1
9747,DOUBLE,1,0,1,False,-1
9748,SINGLE,0,0,1,False,-1
9749,DOUBLE,1,0,1,False,-1
9751,DOUBLE,1,0,1,False,-1
9752,DOUBLE,1,0,1,False,-1
9754,DOUBLE,1,0,1,False,-1
9755,DOUBLE,1,0,1,False,-1
9756,SINGLE,0,0,1,False,-1
9757,DOUBLE,1,0,1,False,-1
9758,SINGLE,0,0,1,False,-1
9759,SINGLE,0,0,1,False,-1
9760,SINGLE,0,0,1,False,-1
9761,DOUBLE,1,0,1,False,-1
9762,SINGLE,0,0,1,False,-1
9763,SINGLE,0,0,1,False,-1
9764,SINGLE,0,0,1,False,-1
9765,DOUBLE,1,0,1,False,-1
9766,DOUBLE,1,0,1,False,-1
9767,DOUBLE,1,0,1,False,-1
9768,SINGLE,0,0,1,False,-1
9769,DOUBLE,1,0,1,False,-1
9770,DOUBLE,1,0,1,False,-1
9771,DOUBLE,1,0,1,False,-1
9772,SINGLE,0,0,1,False,-1
9773,SINGLE,0,0,1,False,-1
9774,DOUBLE,1,0,1,False,-1
9775,SINGLE,0,0,1,False,-1
9776,SINGLE,0,0,1,False,-1
9777,SINGLE,0,0,1,False,-1
9778,SINGLE,0,0,1,False,-1
9779,SINGLE,0,0,1,False,-1
9780,SINGLE,0,0,1,False,-1
9781,DOUBLE,1,0,1,False,-1
9782,DOUBLE,1,0,1,False,-1
9783,DOUBLE,1,0,1,False,-1
9784,DOUBLE,1,0,1,False,-1
9785,SINGLE,0,0,1,False,-1
9787,SINGLE,0,0,1,False,-1
9788,SINGLE,0,0,1,False,-1
9789,DOUBLE,1,0,1,False,-1
9790,DOUBLE,1,0,1,False,-1
9791,DOUBLE,1,0,1,False,-1
9793,SINGLE,0,0,1,False,-1
9794,DOUBLE,1,0,1,False,-1
9795,DOUBLE,1,0,1,False,-1
9796,SINGLE,0,0,1,False,-1
9797,SINGLE,0,0,1,False,-1
9798,DOUBLE,1,0,1,False,-1
9799,SINGLE,0,0,1,False,-1
9800,DOUBLE,1,0,1,False,-1
9801,DOUBLE,1,0,1,False,-1
9802,DOUBLE,1,0,1,False,-1
9803,SINGLE,0,0,1,False,-1
9804,DOUBLE,1,0,1,False,-1
9805,SINGLE,0,0,1,False,-1
9806,DOUBLE,1,0,1,False,-1
9807,SINGLE,0,0,1,False,-1
9808,SINGLE,0,0,1,False,-1
9809,SINGLE,0,0,1,False,-1
9811,DOUBLE,1,0,1,False,-1
9812,DOUBLE,0,1,1,False,-1
9813,DOUBLE,1,0,1,False,-1
9814,DOUBLE,1,0,1,False,-1
9815,DOUBLE,1,0,1,False,-1
9816,DOUBLE,1,0,1,False,-1
9817,DOUBLE,1,0,1,False,-1
9818,SINGLE,0,0,1,False,-1
9819,DOUBLE,1,0,1,False,-1
9821,DOUBLE,1,0,1,False,-1
9822,DOUBLE,1,0,1,False,-1
9823,SINGLE,0,0,1,False,-1
9824,DOUBLE,1,0,1,False,-1
9825,SINGLE,0,0,1,False,-1
9826,SINGLE,0,0,1,False,-1
9827,DOUBLE,1,0,1,False,-1
9828,DOUBLE,1,0,1,False,-1
9829,DOUBLE,1,0,1,False,-1
9830,DOUBLE,1,0,1,False,-1
9832,SINGLE,0,0,1,False,-1
9833,SINGLE,0,0,1,False,-1
9834,SINGLE,0,0,1,False,-1
9835,DOUBLE,1,0,1,False,-1
9836,DOUBLE,1,0,1,False,-1
9839,DOUBLE,1,0,1,False,-1
9840,DOUBLE,1,0,1,False,-1
9841,TRIPLE,1,1,1,False,-1
9842,DOUBLE,1,0,1,False,-1
9843,SINGLE,0,0,1,False,-1
9844,DOUBLE,1,0,1,False,-1
9845,SINGLE,0,0,1,False,-1
9846,DOUBLE,1,0,1,False,-1
9847,SINGLE,0,0,1,False,-1
9848,SINGLE,0,0,1,False,-1
9850,DOUBLE,1,0,1,False,-1
9852,SINGLE,0,0,1,False,-1
9853,SINGLE,0,0,1,False,-1
9854,SINGLE,0,0,1,False,-1
9855,SINGLE,0,0,1,False,-1
9856,SINGLE,0,0,1,False,-1
9857,DOUBLE,1,0,1,False,-1
9858,SINGLE,0,0,1,False,-1
9859,DOUBLE,1,0,1,False,-1
9860,DOUBLE,1,0,1,False,-1
9861,DOUBLE,1,0,1,False,-1
9862,DOUBLE,1,0,1,False,-1
9863,DOUBLE,1,0,1,False,-1
9864,SINGLE,0,0,1,False,-1
9866,DOUBLE,0,1,1,False,-1
9867,DOUBLE,1,0,1,False,-1
9868,DOUBLE,1,0,1,False,-1
9869,DOUBLE,1,0,1,False,-1
9870,DOUBLE,1,0,1,False,-1
9871,SINGLE,0,0,1,False,-1
9872,DOUBLE,1,0,1,False,-1
9873,SINGLE,0,0,1,False,-1
9874,SINGLE,0,0,1,False,-1
9876,DOUBLE,1,0,1,False,-1
9878,DOUBLE,1,0,1,False,-1
9879,SINGLE,0,0,1,False,-1
9880,DOUBLE,1,0,1,False,-1
9881,DOUBLE,1,0,1,False,-1
9883,SINGLE,0,0,1,False,-1
9884,DOUBLE,1,0,1,False,-1
9885,DOUBLE,1,0,1,False,-1
9886,SINGLE,0,0,1,False,-1
9887,SINGLE,0,0,1,False,-1
9889,DOUBLE,1,0,1,False,-1
9893,DOUBLE,1,0,1,False,-1
9894,DOUBLE,1,0,1,False,-1
9896,DOUBLE,1,0,1,False,-1
9897,DOUBLE,1,0,1,False,-1
9898,SINGLE,0,0,1,False,-1
9899,SINGLE,0,0,1,False,-1
9901,SINGLE,0,0,1,False,-1
9902,SINGLE,0,0,1,False,-1
9904,DOUBLE,1,0,1,False,-1
9905,DOUBLE,1,0,1,False,-1
9906,SINGLE,0,0,1,False,-1
9907,SINGLE,0,0,1,False,-1
9908,SINGLE,0,0,1,False,-1
9909,SINGLE,0,0,1,False,-1
9910,DOUBLE,1,0,1,False,-1
9911,SINGLE,0,0,1,False,-1
9912,DOUBLE,1,0,1,False,-1
9913,DOUBLE,1,0,1,False,-1
9914,SINGLE,0,0,1,False,-1
9915,SINGLE,0,0,1,False,-1
9916,SINGLE,0,0,1,False,-1
9918,SINGLE,0,0,1,False,-1
9919,DOUBLE,1,0,1,False,-1
9920,SINGLE,0,0,1,False,-1
9921,DOUBLE,1,0,1,False,-1
9922,DOUBLE,1,0,1,False,-1
9923,SINGLE,0,0,1,False,-1
9924,SINGLE,0,0,1,False,-1
9925,DOUBLE,1,0,1,False,-1
9926,SINGLE,0,0,1,False,-1
9927,SINGLE,0,0,1,False,-1
9928,SINGLE,0,0,1,False,-1
9929,DOUBLE,1,0,1,False,-1
9930,SINGLE,0,0,1,False,-1
9931,SINGLE,0,0,1,False,-1
9932,DOUBLE,1,0,1,False,-1
9933,DOUBLE,1,0,1,False,-1
9934,DOUBLE,1,0,1,False,-1
9935,SINGLE,0,0,1,False,-1
9936,DOUBLE,1,0,1,False,-1
9937,SINGLE,0,0,1,False,-1
9938,DOUBLE,1,0,1,False,-1
9939,SINGLE,0,0,1,False,-1
9940,DOUBLE,1,0,1,False,-1
9941,SINGLE,0,0,1,False,-1
9942,DOUBLE,1,0,1,False,-1
9944,DOUBLE,1,0,1,False,-1
9946,SINGLE,0,0,1,False,-1
9947,SINGLE,0,0,1,False,-1
9948,DOUBLE,1,0,1,False,-1
9949,SINGLE,0,0,1,False,-1
9950,SINGLE,0,0,1,False,-1
9951,DOUBLE,1,0,1,False,-1
9952,DOUBLE,1,0,1,False,-1
9953,SINGLE,0,0,1,False,-1
9954,DOUBLE,1,0,1,False,-1
9955,SINGLE,0,0,1,False,-1
9956,DOUBLE,1,0,1,False,-1
9957,SINGLE,0,0,1,False,-1
9958,DOUBLE,1,0,1,False,-1
9959,DOUBLE,1,0,1,False,-1
9960,TRIPLE,1,1,1,False,-1
9961,DOUBLE,1,0,1,False,-1
9962,SINGLE,0,0,1,False,-1
9964,DOUBLE,1,0,1,False,-1
9965,DOUBLE,1,0,1,False,-1
9966,DOUBLE,1,0,1,False,-1
9967,SINGLE,0,0,1,False,-1
9968,SINGLE,0,0,1,False,-1
9969,DOUBLE,1,0,1,False,-1
9970,SINGLE,0,0,1,False,-1
9971,DOUBLE,1,0,1,False,-1
9972,SINGLE,0,0,1,False,-1
9973,SINGLE,0,0,1,False,-1
9975,DOUBLE,1,0,1,False,-1
9976,DOUBLE,1,0,1,False,-1
9977,DOUBLE,1,0,1,False,-1
9979,DOUBLE,1,0,1,False,-1
9980,DOUBLE,1,0,1,False,-1
9981,DOUBLE,1,0,1,False,-1
9982,SINGLE,0,0,1,False,-1
9983,DOUBLE,1,0,1,False,-1
9986,DOUBLE,1,0,1,False,-1
9987,SINGLE,0,0,1,False,-1
9989,DOUBLE,1,0,1,False,-1
9990,DOUBLE,1,0,1,False,-1
9991,DOUBLE,1,0,1,False,-1
9992,DOUBLE,1,0,1,False,-1
9993,SINGLE,0,0,1,False,-1
9994,DOUBLE,1,0,1,False,-1
9995,SINGLE,0,0,1,False,-1
9997,DOUBLE,1,0,1,False,-1
9999,SINGLE,0,0,1,False,-1
