EventID,HitTop,HitMiddle,HitBottom,DecayTime_ns
0,DOUBLE,0,1,1,False,-1
1,SINGLE,0,0,1,False,-1
2,TRIPLE,1,1,1,False,-1
3,DOUBLE,0,1,1,False,-1
4,TRIPLE,1,1,1,False,-1
5,TRIPLE,1,1,1,False,-1
6,DOUBLE,0,1,1,False,-1
7,TRIPLE,1,1,1,False,-1
8,TRIPLE,1,1,1,False,-1
9,DOUBLE,0,1,1,False,-1
10,TRIPLE,1,1,1,False,-1
11,DOUBLE,0,1,1,False,-1
12,DOUBLE,0,1,1,False,-1
13,DOUBLE,0,1,1,False,-1
14,SINGLE,0,0,1,False,-1
15,TRIPLE,1,1,1,False,-1
16,DOUBLE,0,1,1,False,-1
17,TRIPLE,1,1,1,False,-1
18,DOUBLE,0,1,1,False,-1
19,TRIPLE,1,1,1,False,-1
21,TRIPLE,1,1,1,False,-1
22,DOUBLE,0,1,1,False,-1
24,TRIPLE,1,1,1,False,-1
25,SINGLE,0,0,1,False,-1
26,TRIPLE,1,1,1,False,-1
27,TRIPLE,1,1,1,False,-1
28,TRIPLE,1,1,1,False,-1
29,DOUBLE,0,1,1,False,-1
30,DOUBLE,0,1,1,False,-1
32,DOUBLE,0,1,1,False,-1
33,TRIPLE,1,1,1,False,-1
34,SINGLE,0,0,1,False,-1
35,DOUBLE,0,1,1,False,-1
36,TRIPLE,1,1,1,False,-1
37,DOUBLE,0,1,1,False,-1
38,TRIPLE,1,1,1,False,-1
39,TRIPLE,1,1,1,False,-1
40,DOUBLE,0,1,1,False,-1
41,TRIPLE,1,1,1,False,-1
42,TRIPLE,1,1,1,False,-1
43,TRIPLE,1,1,1,False,-1
44,TRIPLE,1,1,1,False,-1
45,TRIPLE,1,1,1,False,-1
46,SINGLE,0,0,1,False,-1
49,DOUBLE,0,1,1,False,-1
51,TRIPLE,1,1,1,False,-1
52,TRIPLE,1,1,1,False,-1
53,SINGLE,0,0,1,False,-1
54,TRIPLE,1,1,1,False,-1
55,TRIPLE,1,1,1,False,-1
57,TRIPLE,1,1,1,False,-1
58,DOUBLE,0,1,1,False,-1
59,DOUBLE,0,1,1,False,-1
60,DOUBLE,0,1,1,False,-1
62,TRIPLE,1,1,1,False,-1
63,DOUBLE,0,1,1,False,-1
64,TRIPLE,1,1,1,False,-1
65,DOUBLE,0,1,1,False,-1
66,TRIPLE,1,1,1,False,-1
67,TRIPLE,1,1,1,False,-1
68,TRIPLE,1,1,1,False,-1
69,DOUBLE,0,1,1,False,-1
70,DOUBLE,0,1,1,False,-1
73,SINGLE,0,0,1,False,-1
74,TRIPLE,1,1,1,False,-1
75,TRIPLE,1,1,1,False,-1
76,DOUBLE,0,1,1,False,-1
77,TRIPLE,1,1,1,False,-1
78,TRIPLE,1,1,1,False,-1
79,TRIPLE,1,1,1,False,-1
80,TRIPLE,1,1,1,False,-1
81,DOUBLE,0,1,1,False,-1
82,DOUBLE,0,1,1,False,-1
83,TRIPLE,1,1,1,False,-1
84,TRIPLE,1,1,1,False,-1
85,TRIPLE,1,1,1,False,-1
86,TRIPLE,1,1,1,False,-1
87,TRIPLE,1,1,1,False,-1
88,SINGLE,0,0,1,False,-1
89,DOUBLE,0,1,1,False,-1
91,DOUBLE,0,1,1,False,-1
92,TRIPLE,1,1,1,False,-1
93,TRIPLE,1,1,1,False,-1
94,TRIPLE,1,1,1,False,-1
96,TRIPLE,1,1,1,False,-1
97,TRIPLE,1,1,1,False,-1
98,DOUBLE,0,1,1,False,-1
100,SINGLE,0,0,1,False,-1
102,TRIPLE,1,1,1,False,-1
103,TRIPLE,1,1,1,False,-1
104,TRIPLE,1,1,1,False,-1
105,TRIPLE,1,1,1,False,-1
106,TRIPLE,1,1,1,False,-1
107,DOUBLE,0,1,1,False,-1
108,DOUBLE,0,1,1,False,-1
109,DOUBLE,0,1,1,False,-1
110,DOUBLE,0,1,1,False,-1
112,TRIPLE,1,1,1,False,-1
113,TRIPLE,1,1,1,False,-1
114,TRIPLE,1,1,1,False,-1
115,TRIPLE,1,1,1,False,-1
116,SINGLE,0,0,1,False,-1
117,TRIPLE,1,1,1,False,-1
118,SINGLE,0,0,1,False,-1
119,TRIPLE,1,1,1,False,-1
120,TRIPLE,1,1,1,False,-1
121,SINGLE,0,0,1,False,-1
123,TRIPLE,1,1,1,False,-1
125,TRIPLE,1,1,1,False,-1
126,SINGLE,0,0,1,False,-1
127,TRIPLE,1,1,1,False,-1
128,TRIPLE,1,1,1,False,-1
129,DOUBLE,0,1,1,False,-1
130,TRIPLE,1,1,1,False,-1
131,DOUBLE,0,1,1,False,-1
132,DOUBLE,0,1,1,False,-1
133,TRIPLE,1,1,1,False,-1
134,TRIPLE,1,1,1,False,-1
135,TRIPLE,1,1,1,False,-1
136,TRIPLE,1,1,1,False,-1
137,DOUBLE,0,1,1,False,-1
138,TRIPLE,1,1,1,False,-1
139,DOUBLE,0,1,1,False,-1
140,TRIPLE,1,1,1,False,-1
141,TRIPLE,1,1,1,False,-1
142,SINGLE,0,0,1,False,-1
143,TRIPLE,1,1,1,False,-1
144,TRIPLE,1,1,1,False,-1
145,DOUBLE,0,1,1,False,-1
146,DOUBLE,0,1,1,False,-1
147,TRIPLE,1,1,1,False,-1
148,TRIPLE,1,1,1,False,-1
149,SINGLE,0,0,1,False,-1
150,TRIPLE,1,1,1,False,-1
151,SINGLE,0,0,1,False,-1
152,DOUBLE,0,1,1,False,-1
153,DOUBLE,0,1,1,False,-1
154,SINGLE,0,0,1,False,-1
155,DOUBLE,0,1,1,False,-1
156,TRIPLE,1,1,1,False,-1
157,SINGLE,0,0,1,False,-1
158,TRIPLE,1,1,1,False,-1
159,SINGLE,0,0,1,False,-1
160,TRIPLE,1,1,1,False,-1
161,TRIPLE,1,1,1,False,-1
162,TRIPLE,1,1,1,False,-1
163,TRIPLE,1,1,1,False,-1
164,TRIPLE,1,1,1,False,-1
165,DOUBLE,0,1,1,False,-1
166,TRIPLE,1,1,1,False,-1
167,TRIPLE,1,1,1,False,-1
168,DOUBLE,0,1,1,False,-1
169,TRIPLE,1,1,1,False,-1
170,TRIPLE,1,1,1,False,-1
171,TRIPLE,1,1,1,False,-1
172,TRIPLE,1,1,1,False,-1
173,TRIPLE,1,1,1,False,-1
174,TRIPLE,1,1,1,False,-1
175,TRIPLE,1,1,1,False,-1
176,TRIPLE,1,1,1,False,-1
177,TRIPLE,1,1,1,False,-1
178,TRIPLE,1,1,1,False,-1
179,SINGLE,0,0,1,False,-1
180,TRIPLE,1,1,1,False,-1
181,TRIPLE,1,1,1,False,-1
182,SINGLE,0,0,1,False,-1
183,DOUBLE,0,1,1,False,-1
184,DOUBLE,0,1,1,False,-1
185,TRIPLE,1,1,1,False,-1
186,TRIPLE,1,1,1,False,-1
187,DOUBLE,0,1,1,False,-1
188,DOUBLE,0,1,1,False,-1
189,TRIPLE,1,1,1,False,-1
190,DOUBLE,0,1,1,False,-1
191,SINGLE,0,0,1,False,-1
192,SINGLE,0,0,1,False,-1
193,TRIPLE,1,1,1,False,-1
194,TRIPLE,1,1,1,False,-1
195,DOUBLE,0,1,1,False,-1
196,DOUBLE,0,1,1,False,-1
197,SINGLE,0,0,1,False,-1
198,DOUBLE,0,1,1,False,-1
200,DOUBLE,0,1,1,False,-1
201,TRIPLE,1,1,1,False,-1
202,SINGLE,0,0,1,False,-1
203,DOUBLE,0,1,1,False,-1
204,TRIPLE,1,1,1,False,-1
206,TRIPLE,1,1,1,False,-1
208,DOUBLE,0,1,1,False,-1
209,SINGLE,0,0,1,False,-1
210,TRIPLE,1,1,1,False,-1
211,DOUBLE,0,1,1,False,-1
212,TRIPLE,1,1,1,False,-1
213,TRIPLE,1,1,1,False,-1
214,TRIPLE,1,1,1,False,-1
215,TRIPLE,1,1,1,False,-1
216,TRIPLE,1,1,1,False,-1
217,DOUBLE,0,1,1,False,-1
218,DOUBLE,0,1,1,False,-1
219,SINGLE,0,0,1,False,-1
220,TRIPLE,1,1,1,False,-1
221,TRIPLE,1,1,1,False,-1
222,TRIPLE,1,1,1,False,-1
223,TRIPLE,1,1,1,False,-1
224,SINGLE,0,0,1,False,-1
225,TRIPLE,1,1,1,False,-1
226,TRIPLE,1,1,1,False,-1
227,TRIPLE,1,1,1,False,-1
228,TRIPLE,1,1,1,False,-1
229,TRIPLE,1,1,1,False,-1
230,TRIPLE,1,1,1,False,-1
231,TRIPLE,1,1,1,False,-1
232,DOUBLE,0,1,1,False,-1
234,TRIPLE,1,1,1,False,-1
235,TRIPLE,1,1,1,False,-1
236,TRIPLE,1,1,1,False,-1
237,DOUBLE,0,1,1,False,-1
238,TRIPLE,1,1,1,False,-1
239,DOUBLE,0,1,1,False,-1
241,TRIPLE,1,1,1,False,-1
242,DOUBLE,0,1,1,False,-1
243,TRIPLE,1,1,1,False,-1
245,DOUBLE,0,1,1,False,-1
246,TRIPLE,1,1,1,False,-1
247,TRIPLE,1,1,1,False,-1
248,DOUBLE,0,1,1,False,-1
249,DOUBLE,0,1,1,False,-1
250,TRIPLE,1,1,1,False,-1
251,DOUBLE,0,1,1,False,-1
252,TRIPLE,1,1,1,False,-1
253,SINGLE,0,0,1,False,-1
254,TRIPLE,1,1,1,False,-1
255,TRIPLE,1,1,1,False,-1
256,DOUBLE,0,1,1,False,-1
257,DOUBLE,0,1,1,False,-1
258,TRIPLE,1,1,1,False,-1
260,SINGLE,0,0,1,False,-1
261,SINGLE,0,0,1,False,-1
262,SINGLE,0,0,1,False,-1
263,TRIPLE,1,1,1,False,-1
264,TRIPLE,1,1,1,False,-1
265,DOUBLE,0,1,1,False,-1
266,TRIPLE,1,1,1,False,-1
267,TRIPLE,1,1,1,False,-1
268,TRIPLE,1,1,1,False,-1
269,TRIPLE,1,1,1,False,-1
270,TRIPLE,1,1,1,False,-1
271,TRIPLE,1,1,1,False,-1
272,DOUBLE,0,1,1,False,-1
273,TRIPLE,1,1,1,False,-1
274,SINGLE,0,0,1,False,-1
275,TRIPLE,1,1,1,False,-1
276,TRIPLE,1,1,1,False,-1
277,TRIPLE,1,1,1,False,-1
278,SINGLE,0,0,1,False,-1
279,TRIPLE,1,1,1,False,-1
280,TRIPLE,1,1,1,False,-1
281,TRIPLE,1,1,1,False,-1
282,DOUBLE,0,1,1,False,-1
283,TRIPLE,1,1,1,False,-1
284,DOUBLE,0,1,1,False,-1
285,TRIPLE,1,1,1,False,-1
286,TRIPLE,1,1,1,False,-1
287,TRIPLE,1,1,1,False,-1
288,SINGLE,0,0,1,False,-1
289,TRIPLE,1,1,1,False,-1
290,TRIPLE,1,1,1,False,-1
291,SINGLE,0,0,1,False,-1
292,DOUBLE,0,1,1,False,-1
293,TRIPLE,1,1,1,False,-1
294,TRIPLE,1,1,1,False,-1
295,TRIPLE,1,1,1,False,-1
296,TRIPLE,1,1,1,False,-1
297,DOUBLE,0,1,1,False,-1
298,TRIPLE,1,1,1,False,-1
299,TRIPLE,1,1,1,False,-1
300,SINGLE,0,0,1,False,-1
301,TRIPLE,1,1,1,False,-1
302,TRIPLE,1,1,1,False,-1
304,SINGLE,0,0,1,False,-1
305,DOUBLE,0,1,1,False,-1
306,TRIPLE,1,1,1,False,-1
307,TRIPLE,1,1,1,False,-1
309,DOUBLE,0,1,1,False,-1
310,TRIPLE,1,1,1,False,-1
311,TRIPLE,1,1,1,False,-1
312,SINGLE,0,0,1,False,-1
313,DOUBLE,0,1,1,False,-1
314,DOUBLE,0,1,1,False,-1
315,TRIPLE,1,1,1,False,-1
316,DOUBLE,0,1,1,False,-1
317,DOUBLE,0,1,1,False,-1
318,TRIPLE,1,1,1,False,-1
320,TRIPLE,1,1,1,False,-1
321,DOUBLE,0,1,1,False,-1
322,TRIPLE,1,1,1,False,-1
323,SINGLE,0,0,1,False,-1
324,TRIPLE,1,1,1,False,-1
325,TRIPLE,1,1,1,False,-1
326,DOUBLE,0,1,1,False,-1
327,TRIPLE,1,1,1,False,-1
329,DOUBLE,0,1,1,False,-1
330,DOUBLE,0,1,1,False,-1
331,TRIPLE,1,1,1,False,-1
332,TRIPLE,1,1,1,False,-1
335,TRIPLE,1,1,1,False,-1
336,TRIPLE,1,1,1,False,-1
337,SINGLE,0,0,1,False,-1
338,DOUBLE,0,1,1,False,-1
339,TRIPLE,1,1,1,False,-1
340,SINGLE,0,0,1,False,-1
342,DOUBLE,0,1,1,False,-1
343,TRIPLE,1,1,1,False,-1
344,TRIPLE,1,1,1,False,-1
345,SINGLE,0,0,1,False,-1
346,TRIPLE,1,1,1,False,-1
347,DOUBLE,0,1,1,False,-1
348,TRIPLE,1,1,1,False,-1
349,TRIPLE,1,1,1,False,-1
350,DOUBLE,0,1,1,False,-1
352,DOUBLE,0,1,1,False,-1
353,SINGLE,0,0,1,False,-1
354,TRIPLE,1,1,1,False,-1
356,TRIPLE,1,1,1,False,-1
357,TRIPLE,1,1,1,False,-1
359,TRIPLE,1,1,1,False,-1
360,TRIPLE,1,1,1,False,-1
361,DOUBLE,0,1,1,False,-1
362,TRIPLE,1,1,1,False,-1
363,TRIPLE,1,1,1,False,-1
364,TRIPLE,1,1,1,False,-1
365,TRIPLE,1,1,1,False,-1
366,TRIPLE,1,1,1,False,-1
367,TRIPLE,1,1,1,False,-1
368,SINGLE,0,0,1,False,-1
369,DOUBLE,0,1,1,False,-1
370,TRIPLE,1,1,1,False,-1
371,TRIPLE,1,1,1,False,-1
372,TRIPLE,1,1,1,False,-1
373,DOUBLE,0,1,1,False,-1
374,DOUBLE,0,1,1,False,-1
375,TRIPLE,1,1,1,False,-1
376,TRIPLE,1,1,1,False,-1
377,SINGLE,0,0,1,False,-1
378,TRIPLE,1,1,1,False,-1
379,TRIPLE,1,1,1,False,-1
380,TRIPLE,1,1,1,False,-1
381,SINGLE,0,0,1,False,-1
382,TRIPLE,1,1,1,False,-1
383,TRIPLE,1,1,1,False,-1
384,TRIPLE,1,1,1,False,-1
385,TRIPLE,1,1,1,False,-1
386,DOUBLE,0,1,1,False,-1
387,SINGLE,0,0,1,False,-1
388,DOUBLE,0,1,1,False,-1
389,DOUBLE,0,1,1,False,-1
390,SINGLE,0,0,1,False,-1
391,SINGLE,0,0,1,False,-1
392,TRIPLE,1,1,1,False,-1
393,TRIPLE,1,1,1,False,-1
394,SINGLE,0,0,1,False,-1
395,SINGLE,0,0,1,False,-1
396,TRIPLE,1,1,1,False,-1
397,DOUBLE,0,1,1,False,-1
398,SINGLE,0,0,1,False,-1
400,DOUBLE,0,1,1,False,-1
401,TRIPLE,1,1,1,False,-1
402,DOUBLE,0,1,1,False,-1
403,TRIPLE,1,1,1,False,-1
404,TRIPLE,1,1,1,False,-1
405,DOUBLE,0,1,1,False,-1
406,DOUBLE,0,1,1,False,-1
407,DOUBLE,0,1,1,False,-1
408,TRIPLE,1,1,1,False,-1
409,DOUBLE,0,1,1,False,-1
410,TRIPLE,1,1,1,False,-1
411,TRIPLE,1,1,1,False,-1
412,SINGLE,0,0,1,False,-1
413,TRIPLE,1,1,1,False,-1
414,TRIPLE,1,1,1,False,-1
415,TRIPLE,1,1,1,False,-1
416,TRIPLE,1,1,1,False,-1
417,TRIPLE,1,1,1,False,-1
418,SINGLE,0,0,1,False,-1
419,TRIPLE,1,1,1,False,-1
420,DOUBLE,0,1,1,False,-1
421,DOUBLE,0,1,1,False,-1
422,TRIPLE,1,1,1,False,-1
424,SINGLE,0,0,1,False,-1
425,TRIPLE,1,1,1,False,-1
426,TRIPLE,1,1,1,False,-1
427,TRIPLE,1,1,1,False,-1
428,TRIPLE,1,1,1,False,-1
429,SINGLE,0,0,1,False,-1
430,TRIPLE,1,1,1,False,-1
431,DOUBLE,0,1,1,False,-1
432,TRIPLE,1,1,1,False,-1
433,DOUBLE,0,1,1,False,-1
435,TRIPLE,1,1,1,False,-1
437,TRIPLE,1,1,1,False,-1
438,TRIPLE,1,1,1,False,-1
439,SINGLE,0,0,1,False,-1
440,TRIPLE,1,1,1,False,-1
441,TRIPLE,1,1,1,False,-1
443,DOUBLE,0,1,1,False,-1
444,SINGLE,0,0,1,False,-1
445,TRIPLE,1,1,1,False,-1
446,DOUBLE,0,1,1,False,-1
447,DOUBLE,0,1,1,False,-1
448,TRIPLE,1,1,1,False,-1
449,TRIPLE,1,1,1,False,-1
450,TRIPLE,1,1,1,False,-1
452,DOUBLE,0,1,1,False,-1
453,TRIPLE,1,1,1,False,-1
454,TRIPLE,1,1,1,False,-1
455,TRIPLE,1,1,1,False,-1
456,SINGLE,0,0,1,False,-1
457,TRIPLE,1,1,1,False,-1
458,TRIPLE,1,1,1,False,-1
459,SINGLE,0,0,1,False,-1
460,TRIPLE,1,1,1,False,-1
461,DOUBLE,0,1,1,False,-1
462,SINGLE,0,0,1,False,-1
463,SINGLE,0,0,1,False,-1
464,TRIPLE,1,1,1,False,-1
465,TRIPLE,1,1,1,False,-1
466,TRIPLE,1,1,1,False,-1
467,SINGLE,0,0,1,False,-1
468,TRIPLE,1,1,1,False,-1
469,TRIPLE,1,1,1,False,-1
470,TRIPLE,1,1,1,False,-1
471,TRIPLE,1,1,1,False,-1
472,SINGLE,0,0,1,False,-1
473,DOUBLE,0,1,1,False,-1
475,DOUBLE,0,1,1,False,-1
476,TRIPLE,1,1,1,False,-1
477,TRIPLE,1,1,1,False,-1
478,DOUBLE,0,1,1,False,-1
479,TRIPLE,1,1,1,False,-1
480,DOUBLE,0,1,1,False,-1
481,TRIPLE,1,1,1,False,-1
482,DOUBLE,0,1,1,False,-1
483,TRIPLE,1,1,1,False,-1
484,TRIPLE,1,1,1,False,-1
485,TRIPLE,1,1,1,False,-1
486,SINGLE,0,0,1,False,-1
487,SINGLE,0,0,1,False,-1
488,DOUBLE,0,1,1,False,-1
489,TRIPLE,1,1,1,False,-1
490,TRIPLE,1,1,1,False,-1
491,TRIPLE,1,1,1,False,-1
493,DOUBLE,0,1,1,False,-1
494,TRIPLE,1,1,1,False,-1
495,TRIPLE,1,1,1,False,-1
496,TRIPLE,1,1,1,False,-1
497,TRIPLE,1,1,1,False,-1
498,DOUBLE,0,1,1,False,-1
499,TRIPLE,1,1,1,False,-1
500,DOUBLE,0,1,1,False,-1
501,TRIPLE,1,1,1,False,-1
502,TRIPLE,1,1,1,False,-1
503,TRIPLE,1,1,1,False,-1
504,TRIPLE,1,1,1,False,-1
505,SINGLE,0,0,1,False,-1
506,DOUBLE,0,1,1,False,-1
507,DOUBLE,0,1,1,False,-1
508,DOUBLE,0,1,1,False,-1
509,DOUBLE,0,1,1,False,-1
510,TRIPLE,1,1,1,False,-1
511,SINGLE,0,0,1,False,-1
512,TRIPLE,1,1,1,False,-1
513,TRIPLE,1,1,1,False,-1
514,TRIPLE,1,1,1,False,-1
515,TRIPLE,1,1,1,False,-1
516,TRIPLE,1,1,1,False,-1
517,TRIPLE,1,1,1,False,-1
518,TRIPLE,1,1,1,False,-1
519,TRIPLE,1,1,1,False,-1
520,TRIPLE,1,1,1,False,-1
521,TRIPLE,1,1,1,False,-1
525,TRIPLE,1,1,1,False,-1
526,TRIPLE,1,1,1,False,-1
527,TRIPLE,1,1,1,False,-1
528,SINGLE,0,0,1,False,-1
529,TRIPLE,1,1,1,False,-1
530,TRIPLE,1,1,1,False,-1
531,TRIPLE,1,1,1,False,-1
532,TRIPLE,1,1,1,False,-1
533,TRIPLE,1,1,1,False,-1
534,SINGLE,0,0,1,False,-1
536,SINGLE,0,0,1,False,-1
537,TRIPLE,1,1,1,False,-1
538,SINGLE,0,0,1,False,-1
539,SINGLE,0,0,1,False,-1
540,TRIPLE,1,1,1,False,-1
541,TRIPLE,1,1,1,False,-1
542,TRIPLE,1,1,1,False,-1
543,TRIPLE,1,1,1,False,-1
545,SINGLE,0,0,1,False,-1
546,DOUBLE,0,1,1,False,-1
547,TRIPLE,1,1,1,False,-1
548,TRIPLE,1,1,1,False,-1
550,TRIPLE,1,1,1,False,-1
551,TRIPLE,1,1,1,False,-1
552,TRIPLE,1,1,1,False,-1
553,TRIPLE,1,1,1,False,-1
554,TRIPLE,1,1,1,False,-1
555,TRIPLE,1,1,1,False,-1
556,TRIPLE,1,1,1,False,-1
557,TRIPLE,1,1,1,False,-1
558,TRIPLE,1,1,1,False,-1
560,DOUBLE,0,1,1,False,-1
561,TRIPLE,1,1,1,False,-1
562,SINGLE,0,0,1,False,-1
564,TRIPLE,1,1,1,False,-1
565,SINGLE,0,0,1,False,-1
566,SINGLE,0,0,1,False,-1
568,DOUBLE,0,1,1,False,-1
569,DOUBLE,0,1,1,False,-1
570,DOUBLE,0,1,1,False,-1
571,DOUBLE,0,1,1,False,-1
572,TRIPLE,1,1,1,False,-1
573,TRIPLE,1,1,1,False,-1
574,SINGLE,0,0,1,False,-1
575,DOUBLE,0,1,1,False,-1
576,TRIPLE,1,1,1,False,-1
577,SINGLE,0,0,1,False,-1
578,DOUBLE,0,1,1,False,-1
579,DOUBLE,0,1,1,False,-1
580,DOUBLE,0,1,1,False,-1
581,SINGLE,0,0,1,False,-1
582,TRIPLE,1,1,1,False,-1
583,TRIPLE,1,1,1,False,-1
584,SINGLE,0,0,1,False,-1
585,DOUBLE,0,1,1,False,-1
587,TRIPLE,1,1,1,False,-1
588,TRIPLE,1,1,1,False,-1
590,DOUBLE,0,1,1,False,-1
591,SINGLE,0,0,1,False,-1
592,DOUBLE,0,1,1,False,-1
593,DOUBLE,0,1,1,False,-1
594,TRIPLE,1,1,1,False,-1
595,TRIPLE,1,1,1,False,-1
596,TRIPLE,1,1,1,False,-1
597,DOUBLE,0,1,1,False,-1
599,SINGLE,0,0,1,False,-1
600,TRIPLE,1,1,1,False,-1
601,TRIPLE,1,1,1,False,-1
602,TRIPLE,1,1,1,False,-1
603,TRIPLE,1,1,1,False,-1
605,DOUBLE,0,1,1,False,-1
606,SINGLE,0,0,1,False,-1
607,TRIPLE,1,1,1,False,-1
608,TRIPLE,1,1,1,False,-1
609,TRIPLE,1,1,1,False,-1
610,TRIPLE,1,1,1,False,-1
611,DOUBLE,0,1,1,False,-1
612,SINGLE,0,0,1,False,-1
613,TRIPLE,1,1,1,False,-1
614,DOUBLE,0,1,1,False,-1
615,TRIPLE,1,1,1,False,-1
616,TRIPLE,1,1,1,False,-1
617,DOUBLE,0,1,1,False,-1
618,DOUBLE,0,1,1,False,-1
619,SINGLE,0,0,1,False,-1
620,TRIPLE,1,1,1,False,-1
621,TRIPLE,1,1,1,False,-1
623,TRIPLE,1,1,1,False,-1
625,TRIPLE,1,1,1,False,-1
626,TRIPLE,1,1,1,False,-1
627,DOUBLE,0,1,1,False,-1
628,DOUBLE,0,1,1,False,-1
629,TRIPLE,1,1,1,False,-1
630,TRIPLE,1,1,1,False,-1
631,DOUBLE,0,1,1,False,-1
632,TRIPLE,1,1,1,False,-1
633,DOUBLE,0,1,1,False,-1
634,TRIPLE,1,1,1,False,-1
635,TRIPLE,1,1,1,False,-1
636,TRIPLE,1,1,1,False,-1
637,TRIPLE,1,1,1,False,-1
638,DOUBLE,0,1,1,False,-1
639,TRIPLE,1,1,1,False,-1
640,TRIPLE,1,1,1,False,-1
641,TRIPLE,1,1,1,False,-1
642,SINGLE,0,0,1,False,-1
645,SINGLE,0,0,1,False,-1
646,DOUBLE,0,1,1,False,-1
647,SINGLE,0,0,1,False,-1
648,SINGLE,0,0,1,False,-1
649,TRIPLE,1,1,1,False,-1
650,DOUBLE,0,1,1,False,-1
651,TRIPLE,1,1,1,False,-1
652,DOUBLE,0,1,1,False,-1
654,DOUBLE,0,1,1,False,-1
655,DOUBLE,0,1,1,False,-1
656,DOUBLE,0,1,1,False,-1
658,SINGLE,0,0,1,False,-1
659,SINGLE,0,0,1,False,-1
660,TRIPLE,1,1,1,False,-1
662,TRIPLE,1,1,1,False,-1
663,SINGLE,0,0,1,False,-1
665,DOUBLE,0,1,1,False,-1
666,SINGLE,0,0,1,False,-1
667,DOUBLE,0,1,1,False,-1
668,TRIPLE,1,1,1,False,-1
670,DOUBLE,0,1,1,False,-1
671,TRIPLE,1,1,1,False,-1
672,TRIPLE,1,1,1,False,-1
673,DOUBLE,0,1,1,False,-1
674,TRIPLE,1,1,1,False,-1
675,TRIPLE,1,1,1,False,-1
676,TRIPLE,1,1,1,False,-1
677,TRIPLE,1,1,1,False,-1
678,SINGLE,0,0,1,False,-1
680,TRIPLE,1,1,1,False,-1
681,TRIPLE,1,1,1,False,-1
682,SINGLE,0,0,1,False,-1
683,DOUBLE,0,1,1,False,-1
684,DOUBLE,0,1,1,False,-1
685,SINGLE,0,0,1,False,-1
686,SINGLE,0,0,1,False,-1
687,TRIPLE,1,1,1,False,-1
688,TRIPLE,1,1,1,False,-1
689,DOUBLE,0,1,1,False,-1
690,TRIPLE,1,1,1,False,-1
691,DOUBLE,0,1,1,False,-1
692,TRIPLE,1,1,1,False,-1
693,TRIPLE,1,1,1,False,-1
694,SINGLE,0,0,1,False,-1
695,SINGLE,0,0,1,False,-1
696,SINGLE,0,0,1,False,-1
698,TRIPLE,1,1,1,False,-1
699,SINGLE,0,0,1,False,-1
700,TRIPLE,1,1,1,False,-1
701,TRIPLE,1,1,1,False,-1
702,TRIPLE,1,1,1,False,-1
703,TRIPLE,1,1,1,False,-1
704,TRIPLE,1,1,1,False,-1
705,TRIPLE,1,1,1,False,-1
706,TRIPLE,1,1,1,False,-1
707,TRIPLE,1,1,1,False,-1
710,DOUBLE,0,1,1,False,-1
711,DOUBLE,0,1,1,False,-1
712,DOUBLE,0,1,1,False,-1
713,DOUBLE,0,1,1,False,-1
714,SINGLE,0,0,1,False,-1
715,SINGLE,0,0,1,False,-1
716,TRIPLE,1,1,1,False,-1
717,TRIPLE,1,1,1,False,-1
718,TRIPLE,1,1,1,False,-1
719,TRIPLE,1,1,1,False,-1
720,TRIPLE,1,1,1,False,-1
721,DOUBLE,0,1,1,False,-1
722,TRIPLE,1,1,1,False,-1
723,TRIPLE,1,1,1,False,-1
724,SINGLE,0,0,1,False,-1
725,DOUBLE,0,1,1,False,-1
726,TRIPLE,1,1,1,False,-1
727,DOUBLE,0,1,1,False,-1
728,SINGLE,0,0,1,False,-1
729,DOUBLE,0,1,1,False,-1
730,TRIPLE,1,1,1,False,-1
731,TRIPLE,1,1,1,False,-1
732,TRIPLE,1,1,1,False,-1
733,TRIPLE,1,1,1,False,-1
734,DOUBLE,0,1,1,False,-1
735,DOUBLE,0,1,1,False,-1
736,SINGLE,0,0,1,False,-1
737,TRIPLE,1,1,1,False,-1
738,TRIPLE,1,1,1,False,-1
739,DOUBLE,0,1,1,False,-1
740,DOUBLE,0,1,1,False,-1
741,SINGLE,0,0,1,False,-1
742,TRIPLE,1,1,1,False,-1
743,TRIPLE,1,1,1,False,-1
745,DOUBLE,0,1,1,False,-1
746,TRIPLE,1,1,1,False,-1
747,TRIPLE,1,1,1,False,-1
749,SINGLE,0,0,1,False,-1
750,SINGLE,0,0,1,False,-1
751,TRIPLE,1,1,1,False,-1
752,TRIPLE,1,1,1,False,-1
753,DOUBLE,0,1,1,False,-1
754,DOUBLE,0,1,1,False,-1
755,TRIPLE,1,1,1,False,-1
756,TRIPLE,1,1,1,False,-1
757,SINGLE,0,0,1,False,-1
758,TRIPLE,1,1,1,False,-1
759,DOUBLE,0,1,1,False,-1
760,SINGLE,0,0,1,False,-1
762,TRIPLE,1,1,1,False,-1
763,DOUBLE,0,1,1,False,-1
764,DOUBLE,0,1,1,False,-1
765,TRIPLE,1,1,1,False,-1
766,TRIPLE,1,1,1,False,-1
767,DOUBLE,0,1,1,False,-1
768,TRIPLE,1,1,1,False,-1
769,TRIPLE,1,1,1,False,-1
770,TRIPLE,1,1,1,False,-1
772,TRIPLE,1,1,1,False,-1
773,TRIPLE,1,1,1,False,-1
774,TRIPLE,1,1,1,False,-1
776,TRIPLE,1,1,1,False,-1
777,DOUBLE,0,1,1,False,-1
778,TRIPLE,1,1,1,False,-1
779,TRIPLE,1,1,1,False,-1
780,DOUBLE,0,1,1,False,-1
781,DOUBLE,0,1,1,False,-1
782,TRIPLE,1,1,1,False,-1
783,TRIPLE,1,1,1,False,-1
784,TRIPLE,1,1,1,False,-1
785,TRIPLE,1,1,1,False,-1
786,DOUBLE,0,1,1,False,-1
787,SINGLE,0,0,1,False,-1
789,TRIPLE,1,1,1,False,-1
790,TRIPLE,1,1,1,False,-1
791,TRIPLE,1,1,1,False,-1
792,TRIPLE,1,1,1,False,-1
793,DOUBLE,0,1,1,False,-1
794,TRIPLE,1,1,1,False,-1
795,DOUBLE,0,1,1,False,-1
796,TRIPLE,1,1,1,False,-1
797,TRIPLE,1,1,1,False,-1
799,DOUBLE,0,1,1,False,-1
800,DOUBLE,0,1,1,False,-1
801,DOUBLE,0,1,1,False,-1
802,DOUBLE,0,1,1,False,-1
803,TRIPLE,1,1,1,False,-1
804,TRIPLE,1,1,1,False,-1
805,DOUBLE,0,1,1,False,-1
807,SINGLE,0,0,1,False,-1
808,TRIPLE,1,1,1,False,-1
809,TRIPLE,1,1,1,False,-1
810,TRIPLE,1,1,1,False,-1
811,TRIPLE,1,1,1,False,-1
812,TRIPLE,1,1,1,False,-1
813,TRIPLE,1,1,1,False,-1
814,SINGLE,0,0,1,False,-1
815,TRIPLE,1,1,1,False,-1
816,TRIPLE,1,1,1,False,-1
818,TRIPLE,1,1,1,False,-1
819,TRIPLE,1,1,1,False,-1
820,TRIPLE,1,1,1,False,-1
821,TRIPLE,1,1,1,False,-1
822,TRIPLE,1,1,1,False,-1
823,TRIPLE,1,1,1,False,-1
824,TRIPLE,1,1,1,False,-1
825,TRIPLE,1,1,1,False,-1
826,DOUBLE,0,1,1,False,-1
827,TRIPLE,1,1,1,False,-1
828,DOUBLE,0,1,1,False,-1
829,TRIPLE,1,1,1,False,-1
830,TRIPLE,1,1,1,False,-1
831,DOUBLE,0,1,1,False,-1
832,TRIPLE,1,1,1,False,-1
833,TRIPLE,1,1,1,False,-1
834,DOUBLE,0,1,1,False,-1
835,DOUBLE,0,1,1,False,-1
838,TRIPLE,1,1,1,False,-1
839,DOUBLE,0,1,1,False,-1
841,DOUBLE,0,1,1,False,-1
842,SINGLE,0,0,1,False,-1
843,TRIPLE,1,1,1,False,-1
845,TRIPLE,1,1,1,False,-1
846,TRIPLE,1,1,1,False,-1
847,TRIPLE,1,1,1,False,-1
848,SINGLE,0,0,1,False,-1
849,TRIPLE,1,1,1,False,-1
850,TRIPLE,1,1,1,False,-1
851,DOUBLE,0,1,1,False,-1
852,TRIPLE,1,1,1,False,-1
854,SINGLE,0,0,1,False,-1
855,DOUBLE,0,1,1,False,-1
856,DOUBLE,0,1,1,False,-1
857,DOUBLE,0,1,1,False,-1
858,DOUBLE,0,1,1,False,-1
860,TRIPLE,1,1,1,False,-1
861,TRIPLE,1,1,1,False,-1
862,TRIPLE,1,1,1,False,-1
863,TRIPLE,1,1,1,False,-1
864,TRIPLE,1,1,1,False,-1
865,TRIPLE,1,1,1,False,-1
866,DOUBLE,0,1,1,False,-1
867,DOUBLE,0,1,1,False,-1
871,TRIPLE,1,1,1,False,-1
873,SINGLE,0,0,1,False,-1
874,TRIPLE,1,1,1,False,-1
876,TRIPLE,1,1,1,False,-1
877,DOUBLE,0,1,1,False,-1
878,TRIPLE,1,1,1,False,-1
879,SINGLE,0,0,1,False,-1
880,TRIPLE,1,1,1,False,-1
881,TRIPLE,1,1,1,False,-1
882,TRIPLE,1,1,1,False,-1
884,DOUBLE,0,1,1,False,-1
885,DOUBLE,0,1,1,False,-1
886,TRIPLE,1,1,1,False,-1
887,DOUBLE,0,1,1,False,-1
888,TRIPLE,1,1,1,False,-1
889,TRIPLE,1,1,1,False,-1
891,SINGLE,0,0,1,False,-1
892,DOUBLE,0,1,1,False,-1
893,TRIPLE,1,1,1,False,-1
894,SINGLE,0,0,1,False,-1
895,TRIPLE,1,1,1,False,-1
896,TRIPLE,1,1,1,False,-1
897,TRIPLE,1,1,1,False,-1
898,DOUBLE,0,1,1,False,-1
899,DOUBLE,0,1,1,False,-1
900,DOUBLE,0,1,1,False,-1
901,TRIPLE,1,1,1,False,-1
902,TRIPLE,1,1,1,False,-1
903,TRIPLE,1,1,1,False,-1
904,TRIPLE,1,1,1,False,-1
906,TRIPLE,1,1,1,False,-1
907,TRIPLE,1,1,1,False,-1
908,TRIPLE,1,1,1,False,-1
909,DOUBLE,0,1,1,False,-1
910,TRIPLE,1,1,1,False,-1
911,TRIPLE,1,1,1,False,-1
912,TRIPLE,1,1,1,False,-1
913,SINGLE,0,0,1,False,-1
914,TRIPLE,1,1,1,False,-1
915,DOUBLE,0,1,1,False,-1
916,DOUBLE,0,1,1,False,-1
917,TRIPLE,1,1,1,False,-1
918,TRIPLE,1,1,1,False,-1
920,DOUBLE,0,1,1,False,-1
921,TRIPLE,1,1,1,False,-1
922,SINGLE,0,0,1,False,-1
923,TRIPLE,1,1,1,False,-1
924,TRIPLE,1,1,1,False,-1
925,SINGLE,0,0,1,False,-1
927,SINGLE,0,0,1,False,-1
928,TRIPLE,1,1,1,False,-1
929,TRIPLE,1,1,1,False,-1
930,DOUBLE,0,1,1,False,-1
931,DOUBLE,0,1,1,False,-1
933,TRIPLE,1,1,1,False,-1
934,DOUBLE,0,1,1,False,-1
935,SINGLE,0,0,1,False,-1
936,DOUBLE,0,1,1,False,-1
937,DOUBLE,0,1,1,False,-1
938,SINGLE,0,0,1,False,-1
939,TRIPLE,1,1,1,False,-1
940,TRIPLE,1,1,1,False,-1
942,TRIPLE,1,1,1,False,-1
943,DOUBLE,0,1,1,False,-1
944,SINGLE,0,0,1,False,-1
945,TRIPLE,1,1,1,False,-1
946,TRIPLE,1,1,1,False,-1
947,TRIPLE,1,1,1,False,-1
948,TRIPLE,1,1,1,False,-1
949,TRIPLE,1,1,1,False,-1
950,TRIPLE,1,1,1,False,-1
952,SINGLE,0,0,1,False,-1
953,TRIPLE,1,1,1,False,-1
954,DOUBLE,0,1,1,False,-1
955,DOUBLE,0,1,1,False,-1
956,TRIPLE,1,1,1,False,-1
957,DOUBLE,0,1,1,False,-1
960,TRIPLE,1,1,1,False,-1
961,TRIPLE,1,1,1,False,-1
962,SINGLE,0,0,1,False,-1
963,SINGLE,0,0,1,False,-1
964,DOUBLE,0,1,1,False,-1
965,TRIPLE,1,1,1,False,-1
966,TRIPLE,1,1,1,False,-1
968,SINGLE,0,0,1,False,-1
969,DOUBLE,0,1,1,False,-1
970,DOUBLE,0,1,1,False,-1
971,TRIPLE,1,1,1,False,-1
972,DOUBLE,0,1,1,False,-1
973,TRIPLE,1,1,1,False,-1
974,DOUBLE,0,1,1,False,-1
975,TRIPLE,1,1,1,False,-1
976,DOUBLE,0,1,1,False,-1
977,TRIPLE,1,1,1,False,-1
978,DOUBLE,0,1,1,False,-1
980,TRIPLE,1,1,1,False,-1
981,TRIPLE,1,1,1,False,-1
982,TRIPLE,1,1,1,False,-1
983,TRIPLE,1,1,1,False,-1
984,DOUBLE,0,1,1,False,-1
986,SINGLE,0,0,1,False,-1
987,DOUBLE,0,1,1,False,-1
988,TRIPLE,1,1,1,False,-1
989,DOUBLE,0,1,1,False,-1
990,DOUBLE,0,1,1,False,-1
991,TRIPLE,1,1,1,False,-1
992,DOUBLE,0,1,1,False,-1
993,DOUBLE,0,1,1,False,-1
994,SINGLE,0,0,1,False,-1
995,SINGLE,0,0,1,False,-1
997,TRIPLE,1,1,1,False,-1
998,DOUBLE,0,1,1,False,-1
999,DOUBLE,0,1,1,False,-1
1000,TRIPLE,1,1,1,False,-1
1001,SINGLE,0,0,1,False,-1
1002,TRIPLE,1,1,1,False,-1
1003,TRIPLE,1,1,1,False,-1
1004,TRIPLE,1,1,1,False,-1
1005,TRIPLE,1,1,1,False,-1
1006,TRIPLE,1,1,1,False,-1
1009,DOUBLE,0,1,1,False,-1
1010,TRIPLE,1,1,1,False,-1
1011,DOUBLE,0,1,1,False,-1
1012,TRIPLE,1,1,1,False,-1
1013,DOUBLE,0,1,1,False,-1
1014,DOUBLE,0,1,1,False,-1
1015,TRIPLE,1,1,1,False,-1
1018,SINGLE,0,0,1,False,-1
1019,SINGLE,0,0,1,False,-1
1020,TRIPLE,1,1,1,False,-1
1021,TRIPLE,1,1,1,False,-1
1022,TRIPLE,1,1,1,False,-1
1023,TRIPLE,1,1,1,False,-1
1024,TRIPLE,1,1,1,False,-1
1025,TRIPLE,1,1,1,False,-1
1026,TRIPLE,1,1,1,False,-1
1027,TRIPLE,1,1,1,False,-1
1028,TRIPLE,1,1,1,False,-1
1030,SINGLE,0,0,1,False,-1
1031,DOUBLE,0,1,1,False,-1
1033,TRIPLE,1,1,1,False,-1
1034,TRIPLE,1,1,1,False,-1
1035,TRIPLE,1,1,1,False,-1
1036,TRIPLE,1,1,1,False,-1
1037,DOUBLE,0,1,1,False,-1
1038,DOUBLE,0,1,1,False,-1
1039,TRIPLE,1,1,1,False,-1
1040,TRIPLE,1,1,1,False,-1
1041,SINGLE,0,0,1,False,-1
1043,TRIPLE,1,1,1,False,-1
1044,SINGLE,0,0,1,False,-1
1045,TRIPLE,1,1,1,False,-1
1046,DOUBLE,0,1,1,False,-1
1047,TRIPLE,1,1,1,False,-1
1049,TRIPLE,1,1,1,False,-1
1050,TRIPLE,1,1,1,False,-1
1051,DOUBLE,0,1,1,False,-1
1052,DOUBLE,0,1,1,False,-1
1053,DOUBLE,0,1,1,False,-1
1054,TRIPLE,1,1,1,False,-1
1055,TRIPLE,1,1,1,False,-1
1056,TRIPLE,1,1,1,False,-1
1057,TRIPLE,1,1,1,False,-1
1058,TRIPLE,1,1,1,False,-1
1059,TRIPLE,1,1,1,False,-1
1060,TRIPLE,1,1,1,False,-1
1061,TRIPLE,1,1,1,False,-1
1062,TRIPLE,1,1,1,False,-1
1063,TRIPLE,1,1,1,False,-1
1064,DOUBLE,0,1,1,False,-1
1065,TRIPLE,1,1,1,False,-1
1066,DOUBLE,0,1,1,False,-1
1067,TRIPLE,1,1,1,False,-1
1068,TRIPLE,1,1,1,False,-1
1069,SINGLE,0,0,1,False,-1
1070,TRIPLE,1,1,1,False,-1
1071,DOUBLE,0,1,1,False,-1
1073,SINGLE,0,0,1,False,-1
1074,DOUBLE,0,1,1,False,-1
1075,TRIPLE,1,1,1,False,-1
1078,TRIPLE,1,1,1,False,-1
1079,DOUBLE,0,1,1,False,-1
1080,TRIPLE,1,1,1,False,-1
1081,DOUBLE,0,1,1,False,-1
1082,TRIPLE,1,1,1,False,-1
1083,TRIPLE,1,1,1,False,-1
1084,SINGLE,0,0,1,False,-1
1086,TRIPLE,1,1,1,False,-1
1087,TRIPLE,1,1,1,False,-1
1088,SINGLE,0,0,1,False,-1
1089,DOUBLE,0,1,1,False,-1
1090,TRIPLE,1,1,1,False,-1
1091,TRIPLE,1,1,1,False,-1
1092,DOUBLE,0,1,1,False,-1
1093,DOUBLE,0,1,1,False,-1
1094,TRIPLE,1,1,1,False,-1
1095,SINGLE,0,0,1,False,-1
1096,TRIPLE,1,1,1,False,-1
1097,DOUBLE,0,1,1,False,-1
1098,SINGLE,0,0,1,False,-1
1099,TRIPLE,1,1,1,False,-1
1100,DOUBLE,0,1,1,False,-1
1101,TRIPLE,1,1,1,False,-1
1103,TRIPLE,1,1,1,False,-1
1104,TRIPLE,1,1,1,False,-1
1105,TRIPLE,1,1,1,False,-1
1106,TRIPLE,1,1,1,False,-1
1107,SINGLE,0,0,1,False,-1
1108,TRIPLE,1,1,1,False,-1
1109,TRIPLE,1,1,1,False,-1
1110,DOUBLE,0,1,1,False,-1
1111,SINGLE,0,0,1,False,-1
1112,TRIPLE,1,1,1,False,-1
1113,TRIPLE,1,1,1,False,-1
1114,DOUBLE,0,1,1,False,-1
1116,TRIPLE,1,1,1,False,-1
1117,TRIPLE,1,1,1,False,-1
1118,TRIPLE,1,1,1,False,-1
1119,SINGLE,0,0,1,False,-1
1120,DOUBLE,0,1,1,False,-1
1121,TRIPLE,1,1,1,False,-1
1122,DOUBLE,0,1,1,False,-1
1123,TRIPLE,1,1,1,False,-1
1125,DOUBLE,0,1,1,False,-1
1126,TRIPLE,1,1,1,False,-1
1128,TRIPLE,1,1,1,False,-1
1129,DOUBLE,0,1,1,False,-1
1130,DOUBLE,0,1,1,False,-1
1131,TRIPLE,1,1,1,False,-1
1133,TRIPLE,1,1,1,False,-1
1134,SINGLE,0,0,1,False,-1
1135,TRIPLE,1,1,1,False,-1
1136,DOUBLE,0,1,1,False,-1
1138,DOUBLE,0,1,1,False,-1
1139,SINGLE,0,0,1,False,-1
1141,DOUBLE,0,1,1,False,-1
1142,TRIPLE,1,1,1,False,-1
1143,DOUBLE,0,1,1,False,-1
1144,SINGLE,0,0,1,False,-1
1146,TRIPLE,1,1,1,False,-1
1148,DOUBLE,0,1,1,False,-1
1149,SINGLE,0,0,1,False,-1
1150,DOUBLE,0,1,1,False,-1
1151,TRIPLE,1,1,1,False,-1
1152,TRIPLE,1,1,1,False,-1
1153,TRIPLE,1,1,1,False,-1
1154,DOUBLE,0,1,1,False,-1
1155,DOUBLE,0,1,1,False,-1
1156,DOUBLE,0,1,1,False,-1
1157,SINGLE,0,0,1,False,-1
1158,TRIPLE,1,1,1,False,-1
1159,DOUBLE,0,1,1,False,-1
1160,DOUBLE,0,1,1,False,-1
1161,TRIPLE,1,1,1,False,-1
1162,DOUBLE,0,1,1,False,-1
1163,TRIPLE,1,1,1,False,-1
1164,TRIPLE,1,1,1,False,-1
1165,TRIPLE,1,1,1,False,-1
1166,TRIPLE,1,1,1,False,-1
1167,DOUBLE,0,1,1,False,-1
1168,SINGLE,0,0,1,False,-1
1169,TRIPLE,1,1,1,False,-1
1170,DOUBLE,0,1,1,False,-1
1172,DOUBLE,0,1,1,False,-1
1173,DOUBLE,0,1,1,False,-1
1175,TRIPLE,1,1,1,False,-1
1176,TRIPLE,1,1,1,False,-1
1177,TRIPLE,1,1,1,False,-1
1178,TRIPLE,1,1,1,False,-1
1179,TRIPLE,1,1,1,False,-1
1180,SINGLE,0,0,1,False,-1
1181,TRIPLE,1,1,1,False,-1
1182,SINGLE,0,0,1,False,-1
1183,DOUBLE,0,1,1,False,-1
1184,TRIPLE,1,1,1,False,-1
1187,SINGLE,0,0,1,False,-1
1188,DOUBLE,0,1,1,False,-1
1189,TRIPLE,1,1,1,False,-1
1190,SINGLE,0,0,1,False,-1
1191,TRIPLE,1,1,1,False,-1
1192,TRIPLE,1,1,1,False,-1
1193,TRIPLE,1,1,1,False,-1
1194,TRIPLE,1,1,1,False,-1
1195,TRIPLE,1,1,1,False,-1
1196,DOUBLE,0,1,1,False,-1
1197,SINGLE,0,0,1,False,-1
1198,TRIPLE,1,1,1,False,-1
1199,TRIPLE,1,1,1,False,-1
1200,TRIPLE,1,1,1,False,-1
1201,TRIPLE,1,1,1,False,-1
1202,TRIPLE,1,1,1,False,-1
1203,DOUBLE,0,1,1,False,-1
1204,SINGLE,0,0,1,False,-1
1205,DOUBLE,0,1,1,False,-1
1206,TRIPLE,1,1,1,False,-1
1207,DOUBLE,0,1,1,False,-1
1208,DOUBLE,0,1,1,False,-1
1209,TRIPLE,1,1,1,False,-1
1210,DOUBLE,0,1,1,False,-1
1212,TRIPLE,1,1,1,False,-1
1213,DOUBLE,0,1,1,False,-1
1214,DOUBLE,0,1,1,False,-1
1215,TRIPLE,1,1,1,False,-1
1216,TRIPLE,1,1,1,False,-1
1218,TRIPLE,1,1,1,False,-1
1219,TRIPLE,1,1,1,False,-1
1220,TRIPLE,1,1,1,False,-1
1221,SINGLE,0,0,1,False,-1
1222,DOUBLE,0,1,1,False,-1
1223,SINGLE,0,0,1,False,-1
1224,TRIPLE,1,1,1,False,-1
1225,TRIPLE,1,1,1,False,-1
1226,DOUBLE,0,1,1,False,-1
1227,SINGLE,0,0,1,False,-1
1228,TRIPLE,1,1,1,False,-1
1229,TRIPLE,1,1,1,False,-1
1230,SINGLE,0,0,1,False,-1
1231,TRIPLE,1,1,1,False,-1
1232,DOUBLE,0,1,1,False,-1
1233,SINGLE,0,0,1,False,-1
1234,TRIPLE,1,1,1,False,-1
1235,TRIPLE,1,1,1,False,-1
1236,TRIPLE,1,1,1,False,-1
1237,DOUBLE,0,1,1,False,-1
1238,TRIPLE,1,1,1,False,-1
1239,TRIPLE,1,1,1,False,-1
1240,SINGLE,0,0,1,False,-1
1242,DOUBLE,0,1,1,False,-1
1243,DOUBLE,0,1,1,False,-1
1244,DOUBLE,0,1,1,False,-1
1245,DOUBLE,0,1,1,False,-1
1246,TRIPLE,1,1,1,False,-1
1247,TRIPLE,1,1,1,False,-1
1248,SINGLE,0,0,1,False,-1
1249,SINGLE,0,0,1,False,-1
1250,TRIPLE,1,1,1,False,-1
1251,TRIPLE,1,1,1,False,-1
1252,TRIPLE,1,1,1,False,-1
1253,DOUBLE,0,1,1,False,-1
1254,SINGLE,0,0,1,False,-1
1255,DOUBLE,0,1,1,False,-1
1256,TRIPLE,1,1,1,False,-1
1257,TRIPLE,1,1,1,False,-1
1258,DOUBLE,0,1,1,False,-1
1260,DOUBLE,0,1,1,False,-1
1261,DOUBLE,0,1,1,False,-1
1262,TRIPLE,1,1,1,False,-1
1263,TRIPLE,1,1,1,False,-1
1264,DOUBLE,0,1,1,False,-1
1265,SINGLE,0,0,1,False,-1
1266,TRIPLE,1,1,1,False,-1
1267,SINGLE,0,0,1,False,-1
1268,SINGLE,0,0,1,False,-1
1269,TRIPLE,1,1,1,False,-1
1270,TRIPLE,1,1,1,False,-1
1271,TRIPLE,1,1,1,False,-1
1272,DOUBLE,0,1,1,False,-1
1273,TRIPLE,1,1,1,False,-1
1274,TRIPLE,1,1,1,False,-1
1275,DOUBLE,0,1,1,False,-1
1276,SINGLE,0,0,1,False,-1
1277,DOUBLE,0,1,1,False,-1
1278,DOUBLE,0,1,1,False,-1
1279,DOUBLE,0,1,1,False,-1
1280,TRIPLE,1,1,1,False,-1
1281,TRIPLE,1,1,1,False,-1
1282,DOUBLE,0,1,1,False,-1
1283,DOUBLE,0,1,1,False,-1
1284,SINGLE,0,0,1,False,-1
1285,TRIPLE,1,1,1,False,-1
1286,TRIPLE,1,1,1,False,-1
1287,TRIPLE,1,1,1,False,-1
1288,DOUBLE,0,1,1,False,-1
1289,DOUBLE,0,1,1,False,-1
1290,DOUBLE,0,1,1,False,-1
1291,TRIPLE,1,1,1,False,-1
1292,TRIPLE,1,1,1,False,-1
1293,DOUBLE,0,1,1,False,-1
1294,SINGLE,0,0,1,False,-1
1295,TRIPLE,1,1,1,False,-1
1296,DOUBLE,0,1,1,False,-1
1297,DOUBLE,0,1,1,False,-1
1298,DOUBLE,0,1,1,False,-1
1299,DOUBLE,0,1,1,False,-1
1300,TRIPLE,1,1,1,False,-1
1301,TRIPLE,1,1,1,False,-1
1302,SINGLE,0,0,1,False,-1
1304,SINGLE,0,0,1,False,-1
1305,TRIPLE,1,1,1,False,-1
1306,TRIPLE,1,1,1,False,-1
1307,DOUBLE,0,1,1,False,-1
1308,SINGLE,0,0,1,False,-1
1309,SINGLE,0,0,1,False,-1
1310,TRIPLE,1,1,1,False,-1
1311,TRIPLE,1,1,1,False,-1
1312,TRIPLE,1,1,1,False,-1
1313,TRIPLE,1,1,1,False,-1
1314,SINGLE,0,0,1,False,-1
1316,TRIPLE,1,1,1,False,-1
1318,TRIPLE,1,1,1,False,-1
1319,TRIPLE,1,1,1,False,-1
1320,TRIPLE,1,1,1,False,-1
1321,SINGLE,0,0,1,False,-1
1322,DOUBLE,0,1,1,False,-1
1323,TRIPLE,1,1,1,False,-1
1324,DOUBLE,0,1,1,False,-1
1325,DOUBLE,0,1,1,False,-1
1326,SINGLE,0,0,1,False,-1
1327,TRIPLE,1,1,1,False,-1
1328,TRIPLE,1,1,1,False,-1
1329,DOUBLE,0,1,1,False,-1
1331,TRIPLE,1,1,1,False,-1
1332,TRIPLE,1,1,1,False,-1
1334,DOUBLE,0,1,1,False,-1
1335,DOUBLE,0,1,1,False,-1
1336,DOUBLE,0,1,1,False,-1
1337,TRIPLE,1,1,1,False,-1
1338,TRIPLE,1,1,1,False,-1
1339,DOUBLE,0,1,1,False,-1
1340,TRIPLE,1,1,1,False,-1
1341,TRIPLE,1,1,1,False,-1
1342,TRIPLE,1,1,1,False,-1
1343,SINGLE,0,0,1,False,-1
1344,TRIPLE,1,1,1,False,-1
1346,DOUBLE,0,1,1,False,-1
1347,DOUBLE,0,1,1,False,-1
1348,DOUBLE,0,1,1,False,-1
1349,TRIPLE,1,1,1,False,-1
1350,TRIPLE,1,1,1,False,-1
1351,DOUBLE,0,1,1,False,-1
1352,TRIPLE,1,1,1,False,-1
1353,SINGLE,0,0,1,False,-1
1354,DOUBLE,0,1,1,False,-1
1355,TRIPLE,1,1,1,False,-1
1356,TRIPLE,1,1,1,False,-1
1357,TRIPLE,1,1,1,False,-1
1358,DOUBLE,0,1,1,False,-1
1359,TRIPLE,1,1,1,False,-1
1360,SINGLE,0,0,1,False,-1
1361,TRIPLE,1,1,1,False,-1
1362,TRIPLE,1,1,1,False,-1
1363,TRIPLE,1,1,1,False,-1
1364,TRIPLE,1,1,1,False,-1
1365,DOUBLE,0,1,1,False,-1
1366,DOUBLE,0,1,1,False,-1
1367,DOUBLE,0,1,1,False,-1
1368,TRIPLE,1,1,1,False,-1
1369,TRIPLE,1,1,1,False,-1
1371,DOUBLE,0,1,1,False,-1
1372,DOUBLE,0,1,1,False,-1
1373,TRIPLE,1,1,1,False,-1
1374,DOUBLE,0,1,1,False,-1
1375,DOUBLE,0,1,1,False,-1
1376,TRIPLE,1,1,1,False,-1
1377,TRIPLE,1,1,1,False,-1
1378,DOUBLE,0,1,1,False,-1
1379,TRIPLE,1,1,1,False,-1
1380,DOUBLE,0,1,1,False,-1
1381,DOUBLE,0,1,1,False,-1
1382,TRIPLE,1,1,1,False,-1
1383,TRIPLE,1,1,1,False,-1
1384,DOUBLE,0,1,1,False,-1
1385,TRIPLE,1,1,1,False,-1
1386,DOUBLE,0,1,1,False,-1
1387,TRIPLE,1,1,1,False,-1
1388,TRIPLE,1,1,1,False,-1
1389,DOUBLE,0,1,1,False,-1
1390,SINGLE,0,0,1,False,-1
1391,TRIPLE,1,1,1,False,-1
1392,DOUBLE,0,1,1,False,-1
1394,DOUBLE,0,1,1,False,-1
1395,TRIPLE,1,1,1,False,-1
1396,TRIPLE,1,1,1,False,-1
1398,SINGLE,0,0,1,False,-1
1399,TRIPLE,1,1,1,False,-1
1400,TRIPLE,1,1,1,False,-1
1402,DOUBLE,0,1,1,False,-1
1404,SINGLE,0,0,1,False,-1
1405,DOUBLE,0,1,1,False,-1
1406,TRIPLE,1,1,1,False,-1
1408,TRIPLE,1,1,1,False,-1
1409,TRIPLE,1,1,1,False,-1
1410,TRIPLE,1,1,1,False,-1
1411,TRIPLE,1,1,1,False,-1
1413,TRIPLE,1,1,1,False,-1
1415,DOUBLE,0,1,1,False,-1
1416,SINGLE,0,0,1,False,-1
1417,DOUBLE,0,1,1,False,-1
1418,TRIPLE,1,1,1,False,-1
1419,TRIPLE,1,1,1,False,-1
1421,TRIPLE,1,1,1,False,-1
1422,TRIPLE,1,1,1,False,-1
1423,TRIPLE,1,1,1,False,-1
1424,DOUBLE,0,1,1,False,-1
1425,TRIPLE,1,1,1,False,-1
1426,SINGLE,0,0,1,False,-1
1427,TRIPLE,1,1,1,False,-1
1428,DOUBLE,0,1,1,False,-1
1429,DOUBLE,0,1,1,False,-1
1430,SINGLE,0,0,1,False,-1
1431,TRIPLE,1,1,1,False,-1
1432,TRIPLE,1,1,1,False,-1
1433,TRIPLE,1,1,1,False,-1
1434,TRIPLE,1,1,1,False,-1
1435,DOUBLE,0,1,1,False,-1
1436,TRIPLE,1,1,1,False,-1
1437,TRIPLE,1,1,1,False,-1
1438,DOUBLE,0,1,1,False,-1
1439,SINGLE,0,0,1,False,-1
1441,TRIPLE,1,1,1,False,-1
1442,TRIPLE,1,1,1,False,-1
1443,DOUBLE,0,1,1,False,-1
1444,TRIPLE,1,1,1,False,-1
1445,TRIPLE,1,1,1,False,-1
1446,TRIPLE,1,1,1,False,-1
1447,TRIPLE,1,1,1,False,-1
1448,TRIPLE,1,1,1,False,-1
1449,TRIPLE,1,1,1,False,-1
1450,DOUBLE,0,1,1,False,-1
1451,DOUBLE,0,1,1,False,-1
1454,TRIPLE,1,1,1,False,-1
1455,SINGLE,0,0,1,False,-1
1456,TRIPLE,1,1,1,False,-1
1457,TRIPLE,1,1,1,False,-1
1458,DOUBLE,0,1,1,False,-1
1459,SINGLE,0,0,1,False,-1
1460,SINGLE,0,0,1,False,-1
1461,TRIPLE,1,1,1,False,-1
1463,TRIPLE,1,1,1,False,-1
1464,SINGLE,0,0,1,False,-1
1465,TRIPLE,1,1,1,False,-1
1466,DOUBLE,0,1,1,False,-1
1467,DOUBLE,0,1,1,False,-1
1468,DOUBLE,0,1,1,False,-1
1469,TRIPLE,1,1,1,False,-1
1470,TRIPLE,1,1,1,False,-1
1471,TRIPLE,1,1,1,False,-1
1472,DOUBLE,0,1,1,False,-1
1473,TRIPLE,1,1,1,False,-1
1474,TRIPLE,1,1,1,False,-1
1475,DOUBLE,0,1,1,False,-1
1476,TRIPLE,1,1,1,False,-1
1477,DOUBLE,0,1,1,False,-1
1478,TRIPLE,1,1,1,False,-1
1479,DOUBLE,0,1,1,False,-1
1480,TRIPLE,1,1,1,False,-1
1481,DOUBLE,0,1,1,False,-1
1482,DOUBLE,0,1,1,False,-1
1483,TRIPLE,1,1,1,False,-1
1485,DOUBLE,0,1,1,False,-1
1487,DOUBLE,0,1,1,False,-1
1488,DOUBLE,0,1,1,False,-1
1489,TRIPLE,1,1,1,False,-1
1490,TRIPLE,1,1,1,False,-1
1491,DOUBLE,0,1,1,False,-1
1492,TRIPLE,1,1,1,False,-1
1493,SINGLE,0,0,1,False,-1
1494,SINGLE,0,0,1,False,-1
1495,TRIPLE,1,1,1,False,-1
1496,SINGLE,0,0,1,False,-1
1497,DOUBLE,0,1,1,False,-1
1498,TRIPLE,1,1,1,False,-1
1499,TRIPLE,1,1,1,False,-1
1500,DOUBLE,0,1,1,False,-1
1501,TRIPLE,1,1,1,False,-1
1502,SINGLE,0,0,1,False,-1
1503,SINGLE,0,0,1,False,-1
1504,TRIPLE,1,1,1,False,-1
1505,TRIPLE,1,1,1,False,-1
1506,DOUBLE,0,1,1,False,-1
1507,TRIPLE,1,1,1,False,-1
1508,DOUBLE,0,1,1,False,-1
1509,TRIPLE,1,1,1,False,-1
1511,TRIPLE,1,1,1,False,-1
1512,TRIPLE,1,1,1,False,-1
1513,TRIPLE,1,1,1,False,-1
1514,DOUBLE,0,1,1,False,-1
1520,DOUBLE,0,1,1,False,-1
1521,TRIPLE,1,1,1,False,-1
1523,DOUBLE,0,1,1,False,-1
1524,DOUBLE,0,1,1,False,-1
1525,TRIPLE,1,1,1,False,-1
1526,SINGLE,0,0,1,False,-1
1527,DOUBLE,0,1,1,False,-1
1528,TRIPLE,1,1,1,False,-1
1529,TRIPLE,1,1,1,False,-1
1531,SINGLE,0,0,1,False,-1
1532,DOUBLE,0,1,1,False,-1
1533,TRIPLE,1,1,1,False,-1
1534,TRIPLE,1,1,1,False,-1
1535,DOUBLE,0,1,1,False,-1
1536,TRIPLE,1,1,1,False,-1
1538,TRIPLE,1,1,1,False,-1
1539,DOUBLE,0,1,1,False,-1
1540,DOUBLE,0,1,1,False,-1
1541,TRIPLE,1,1,1,False,-1
1542,TRIPLE,1,1,1,False,-1
1543,SINGLE,0,0,1,False,-1
1544,TRIPLE,1,1,1,False,-1
1545,DOUBLE,0,1,1,False,-1
1546,TRIPLE,1,1,1,False,-1
1547,SINGLE,0,0,1,False,-1
1548,TRIPLE,1,1,1,False,-1
1549,TRIPLE,1,1,1,False,-1
1550,SINGLE,0,0,1,False,-1
1551,TRIPLE,1,1,1,False,-1
1552,DOUBLE,0,1,1,False,-1
1553,DOUBLE,0,1,1,False,-1
1554,SINGLE,0,0,1,False,-1
1556,TRIPLE,1,1,1,False,-1
1557,DOUBLE,0,1,1,False,-1
1558,DOUBLE,0,1,1,False,-1
1559,DOUBLE,0,1,1,False,-1
1560,TRIPLE,1,1,1,False,-1
1561,DOUBLE,0,1,1,False,-1
1562,SINGLE,0,0,1,False,-1
1563,DOUBLE,0,1,1,False,-1
1564,DOUBLE,0,1,1,False,-1
1565,TRIPLE,1,1,1,False,-1
1566,TRIPLE,1,1,1,False,-1
1567,TRIPLE,1,1,1,False,-1
1568,DOUBLE,0,1,1,False,-1
1570,SINGLE,0,0,1,False,-1
1571,TRIPLE,1,1,1,False,-1
1572,TRIPLE,1,1,1,False,-1
1573,TRIPLE,1,1,1,False,-1
1574,TRIPLE,1,1,1,False,-1
1575,TRIPLE,1,1,1,False,-1
1576,TRIPLE,1,1,1,False,-1
1577,DOUBLE,0,1,1,False,-1
1578,SINGLE,0,0,1,False,-1
1579,DOUBLE,0,1,1,False,-1
1580,DOUBLE,0,1,1,False,-1
1582,SINGLE,0,0,1,False,-1
1583,TRIPLE,1,1,1,False,-1
1584,DOUBLE,0,1,1,False,-1
1585,TRIPLE,1,1,1,False,-1
1586,TRIPLE,1,1,1,False,-1
1587,TRIPLE,1,1,1,False,-1
1588,TRIPLE,1,1,1,False,-1
1589,TRIPLE,1,1,1,False,-1
1590,DOUBLE,0,1,1,False,-1
1591,TRIPLE,1,1,1,False,-1
1592,SINGLE,0,0,1,False,-1
1594,SINGLE,0,0,1,False,-1
1595,DOUBLE,0,1,1,False,-1
1596,DOUBLE,0,1,1,False,-1
1597,TRIPLE,1,1,1,False,-1
1598,TRIPLE,1,1,1,False,-1
1599,DOUBLE,0,1,1,False,-1
1600,TRIPLE,1,1,1,False,-1
1601,TRIPLE,1,1,1,False,-1
1603,TRIPLE,1,1,1,False,-1
1604,TRIPLE,1,1,1,False,-1
1605,TRIPLE,1,1,1,False,-1
1606,TRIPLE,1,1,1,False,-1
1608,SINGLE,0,0,1,False,-1
1609,DOUBLE,0,1,1,False,-1
1610,DOUBLE,0,1,1,False,-1
1611,TRIPLE,1,1,1,False,-1
1612,SINGLE,0,0,1,False,-1
1613,DOUBLE,0,1,1,False,-1
1614,TRIPLE,1,1,1,False,-1
1615,TRIPLE,1,1,1,False,-1
1616,DOUBLE,0,1,1,False,-1
1617,DOUBLE,0,1,1,False,-1
1618,TRIPLE,1,1,1,False,-1
1619,DOUBLE,0,1,1,False,-1
1620,SINGLE,0,0,1,False,-1
1622,SINGLE,0,0,1,False,-1
1623,SINGLE,0,0,1,False,-1
1624,TRIPLE,1,1,1,False,-1
1625,SINGLE,0,0,1,False,-1
1626,DOUBLE,0,1,1,False,-1
1627,TRIPLE,1,1,1,False,-1
1628,SINGLE,0,0,1,False,-1
1629,SINGLE,0,0,1,False,-1
1630,SINGLE,0,0,1,False,-1
1631,DOUBLE,0,1,1,False,-1
1632,DOUBLE,0,1,1,False,-1
1633,DOUBLE,0,1,1,False,-1
1634,TRIPLE,1,1,1,False,-1
1635,TRIPLE,1,1,1,False,-1
1636,SINGLE,0,0,1,False,-1
1637,SINGLE,0,0,1,False,-1
1638,TRIPLE,1,1,1,False,-1
1639,TRIPLE,1,1,1,False,-1
1642,DOUBLE,0,1,1,False,-1
1643,DOUBLE,0,1,1,False,-1
1644,DOUBLE,0,1,1,False,-1
1645,TRIPLE,1,1,1,False,-1
1646,TRIPLE,1,1,1,False,-1
1647,TRIPLE,1,1,1,False,-1
1648,TRIPLE,1,1,1,False,-1
1649,SINGLE,0,0,1,False,-1
1650,SINGLE,0,0,1,False,-1
1651,TRIPLE,1,1,1,False,-1
1652,SINGLE,0,0,1,False,-1
1653,TRIPLE,1,1,1,False,-1
1654,TRIPLE,1,1,1,False,-1
1655,SINGLE,0,0,1,False,-1
1656,TRIPLE,1,1,1,False,-1
1657,TRIPLE,1,1,1,False,-1
1658,DOUBLE,0,1,1,False,-1
1659,SINGLE,0,0,1,False,-1
1660,DOUBLE,0,1,1,False,-1
1661,DOUBLE,0,1,1,False,-1
1662,SINGLE,0,0,1,False,-1
1663,TRIPLE,1,1,1,False,-1
1664,DOUBLE,0,1,1,False,-1
1665,DOUBLE,0,1,1,False,-1
1666,SINGLE,0,0,1,False,-1
1667,DOUBLE,0,1,1,False,-1
1668,SINGLE,0,0,1,False,-1
1669,TRIPLE,1,1,1,False,-1
1670,TRIPLE,1,1,1,False,-1
1671,TRIPLE,1,1,1,False,-1
1672,TRIPLE,1,1,1,False,-1
1673,TRIPLE,1,1,1,False,-1
1674,TRIPLE,1,1,1,False,-1
1675,DOUBLE,0,1,1,False,-1
1678,DOUBLE,0,1,1,False,-1
1679,DOUBLE,0,1,1,False,-1
1680,TRIPLE,1,1,1,False,-1
1681,SINGLE,0,0,1,False,-1
1682,TRIPLE,1,1,1,False,-1
1683,SINGLE,0,0,1,False,-1
1684,TRIPLE,1,1,1,False,-1
1685,TRIPLE,1,1,1,False,-1
1686,SINGLE,0,0,1,False,-1
1687,TRIPLE,1,1,1,False,-1
1688,TRIPLE,1,1,1,False,-1
1689,TRIPLE,1,1,1,False,-1
1690,DOUBLE,0,1,1,False,-1
1691,SINGLE,0,0,1,False,-1
1692,TRIPLE,1,1,1,False,-1
1693,TRIPLE,1,1,1,False,-1
1694,DOUBLE,0,1,1,False,-1
1695,DOUBLE,0,1,1,False,-1
1696,DOUBLE,0,1,1,False,-1
1697,TRIPLE,1,1,1,False,-1
1698,SINGLE,0,0,1,False,-1
1699,TRIPLE,1,1,1,False,-1
1700,TRIPLE,1,1,1,False,-1
1701,TRIPLE,1,1,1,False,-1
1702,TRIPLE,1,1,1,False,-1
1704,TRIPLE,1,1,1,False,-1
1705,DOUBLE,0,1,1,False,-1
1706,TRIPLE,1,1,1,False,-1
1707,TRIPLE,1,1,1,False,-1
1708,TRIPLE,1,1,1,False,-1
1709,TRIPLE,1,1,1,False,-1
1710,TRIPLE,1,1,1,False,-1
1711,TRIPLE,1,1,1,False,-1
1712,TRIPLE,1,1,1,False,-1
1713,TRIPLE,1,1,1,False,-1
1714,DOUBLE,0,1,1,False,-1
1715,TRIPLE,1,1,1,False,-1
1716,SINGLE,0,0,1,False,-1
1717,TRIPLE,1,1,1,False,-1
1718,TRIPLE,1,1,1,False,-1
1719,TRIPLE,1,1,1,False,-1
1720,TRIPLE,1,1,1,False,-1
1721,DOUBLE,0,1,1,False,-1
1722,TRIPLE,1,1,1,False,-1
1723,DOUBLE,0,1,1,False,-1
1725,TRIPLE,1,1,1,False,-1
1726,DOUBLE,0,1,1,False,-1
1727,DOUBLE,0,1,1,False,-1
1728,DOUBLE,0,1,1,False,-1
1729,DOUBLE,0,1,1,False,-1
1730,DOUBLE,0,1,1,False,-1
1731,TRIPLE,1,1,1,False,-1
1732,DOUBLE,0,1,1,False,-1
1733,TRIPLE,1,1,1,False,-1
1734,TRIPLE,1,1,1,False,-1
1736,DOUBLE,0,1,1,False,-1
1737,TRIPLE,1,1,1,False,-1
1739,TRIPLE,1,1,1,False,-1
1740,TRIPLE,1,1,1,False,-1
1742,TRIPLE,1,1,1,False,-1
1743,TRIPLE,1,1,1,False,-1
1745,DOUBLE,0,1,1,False,-1
1747,TRIPLE,1,1,1,False,-1
1748,SINGLE,0,0,1,False,-1
1749,TRIPLE,1,1,1,False,-1
1750,TRIPLE,1,1,1,False,-1
1751,TRIPLE,1,1,1,False,-1
1752,TRIPLE,1,1,1,False,-1
1753,TRIPLE,1,1,1,False,-1
1754,TRIPLE,1,1,1,False,-1
1755,TRIPLE,1,1,1,False,-1
1756,SINGLE,0,0,1,False,-1
1757,DOUBLE,0,1,1,False,-1
1758,TRIPLE,1,1,1,False,-1
1759,TRIPLE,1,1,1,False,-1
1760,SINGLE,0,0,1,False,-1
1761,TRIPLE,1,1,1,False,-1
1762,SINGLE,0,0,1,False,-1
1763,TRIPLE,1,1,1,False,-1
1764,DOUBLE,0,1,1,False,-1
1765,TRIPLE,1,1,1,False,-1
1766,TRIPLE,1,1,1,False,-1
1767,TRIPLE,1,1,1,False,-1
1769,DOUBLE,0,1,1,False,-1
1771,TRIPLE,1,1,1,False,-1
1772,DOUBLE,0,1,1,False,-1
1773,SINGLE,0,0,1,False,-1
1774,TRIPLE,1,1,1,False,-1
1775,TRIPLE,1,1,1,False,-1
1776,TRIPLE,1,1,1,False,-1
1777,DOUBLE,0,1,1,False,-1
1778,TRIPLE,1,1,1,False,-1
1780,TRIPLE,1,1,1,False,-1
1781,TRIPLE,1,1,1,False,-1
1782,TRIPLE,1,1,1,False,-1
1783,TRIPLE,1,1,1,False,-1
1786,TRIPLE,1,1,1,False,-1
1787,DOUBLE,0,1,1,False,-1
1788,TRIPLE,1,1,1,False,-1
1790,DOUBLE,0,1,1,False,-1
1791,TRIPLE,1,1,1,False,-1
1792,TRIPLE,1,1,1,False,-1
1793,TRIPLE,1,1,1,False,-1
1796,SINGLE,0,0,1,False,-1
1797,DOUBLE,0,1,1,False,-1
1798,TRIPLE,1,1,1,False,-1
1799,TRIPLE,1,1,1,False,-1
1800,TRIPLE,1,1,1,False,-1
1802,TRIPLE,1,1,1,False,-1
1803,SINGLE,0,0,1,False,-1
1805,SINGLE,0,0,1,False,-1
1806,TRIPLE,1,1,1,False,-1
1808,SINGLE,0,0,1,False,-1
1809,TRIPLE,1,1,1,False,-1
1810,TRIPLE,1,1,1,False,-1
1812,TRIPLE,1,1,1,False,-1
1813,TRIPLE,1,1,1,False,-1
1814,TRIPLE,1,1,1,False,-1
1815,DOUBLE,0,1,1,False,-1
1816,DOUBLE,0,1,1,False,-1
1817,TRIPLE,1,1,1,False,-1
1818,TRIPLE,1,1,1,False,-1
1819,DOUBLE,0,1,1,False,-1
1820,SINGLE,0,0,1,False,-1
1821,DOUBLE,0,1,1,False,-1
1822,TRIPLE,1,1,1,False,-1
1823,TRIPLE,1,1,1,False,-1
1824,DOUBLE,0,1,1,False,-1
1825,DOUBLE,0,1,1,False,-1
1826,TRIPLE,1,1,1,False,-1
1827,SINGLE,0,0,1,False,-1
1828,TRIPLE,1,1,1,False,-1
1829,TRIPLE,1,1,1,False,-1
1830,TRIPLE,1,1,1,False,-1
1831,TRIPLE,1,1,1,False,-1
1832,DOUBLE,0,1,1,False,-1
1833,TRIPLE,1,1,1,False,-1
1834,DOUBLE,0,1,1,False,-1
1835,TRIPLE,1,1,1,False,-1
1836,TRIPLE,1,1,1,False,-1
1837,TRIPLE,1,1,1,False,-1
1838,SINGLE,0,0,1,False,-1
1839,TRIPLE,1,1,1,False,-1
1840,TRIPLE,1,1,1,False,-1
1841,DOUBLE,0,1,1,False,-1
1842,TRIPLE,1,1,1,False,-1
1844,TRIPLE,1,1,1,False,-1
1845,TRIPLE,1,1,1,False,-1
1846,TRIPLE,1,1,1,False,-1
1848,TRIPLE,1,1,1,False,-1
1849,TRIPLE,1,1,1,False,-1
1850,TRIPLE,1,1,1,False,-1
1851,TRIPLE,1,1,1,False,-1
1852,TRIPLE,1,1,1,False,-1
1853,TRIPLE,1,1,1,False,-1
1854,DOUBLE,0,1,1,False,-1
1855,TRIPLE,1,1,1,False,-1
1856,SINGLE,0,0,1,False,-1
1858,TRIPLE,1,1,1,False,-1
1859,TRIPLE,1,1,1,False,-1
1860,TRIPLE,1,1,1,False,-1
1861,TRIPLE,1,1,1,False,-1
1862,DOUBLE,0,1,1,False,-1
1863,SINGLE,0,0,1,False,-1
1864,TRIPLE,1,1,1,False,-1
1865,DOUBLE,0,1,1,False,-1
1866,DOUBLE,0,1,1,False,-1
1867,DOUBLE,0,1,1,False,-1
1868,TRIPLE,1,1,1,False,-1
1869,TRIPLE,1,1,1,False,-1
1870,TRIPLE,1,1,1,False,-1
1871,TRIPLE,1,1,1,False,-1
1872,DOUBLE,0,1,1,False,-1
1873,DOUBLE,0,1,1,False,-1
1874,DOUBLE,0,1,1,False,-1
1875,DOUBLE,0,1,1,False,-1
1876,TRIPLE,1,1,1,False,-1
1877,DOUBLE,0,1,1,False,-1
1878,DOUBLE,0,1,1,False,-1
1879,TRIPLE,1,1,1,False,-1
1880,SINGLE,0,0,1,False,-1
1881,TRIPLE,1,1,1,False,-1
1882,TRIPLE,1,1,1,False,-1
1883,TRIPLE,1,1,1,False,-1
1884,TRIPLE,1,1,1,False,-1
1885,DOUBLE,0,1,1,False,-1
1886,TRIPLE,1,1,1,False,-1
1887,TRIPLE,1,1,1,False,-1
1888,TRIPLE,1,1,1,False,-1
1889,TRIPLE,1,1,1,False,-1
1890,TRIPLE,1,1,1,False,-1
1891,TRIPLE,1,1,1,False,-1
1892,TRIPLE,1,1,1,False,-1
1893,SINGLE,0,0,1,False,-1
1895,SINGLE,0,0,1,False,-1
1897,TRIPLE,1,1,1,False,-1
1898,TRIPLE,1,1,1,False,-1
1899,SINGLE,0,0,1,False,-1
1900,DOUBLE,0,1,1,False,-1
1901,SINGLE,0,0,1,False,-1
1902,DOUBLE,0,1,1,False,-1
1903,DOUBLE,0,1,1,False,-1
1904,DOUBLE,0,1,1,False,-1
1906,TRIPLE,1,1,1,False,-1
1907,SINGLE,0,0,1,False,-1
1908,TRIPLE,1,1,1,False,-1
1909,TRIPLE,1,1,1,False,-1
1910,DOUBLE,0,1,1,False,-1
1911,DOUBLE,0,1,1,False,-1
1912,TRIPLE,1,1,1,False,-1
1913,SINGLE,0,0,1,False,-1
1914,SINGLE,0,0,1,False,-1
1915,TRIPLE,1,1,1,False,-1
1916,SINGLE,0,0,1,False,-1
1917,DOUBLE,0,1,1,False,-1
1918,DOUBLE,0,1,1,False,-1
1920,DOUBLE,0,1,1,False,-1
1921,SINGLE,0,0,1,False,-1
1922,SINGLE,0,0,1,False,-1
1923,DOUBLE,0,1,1,False,-1
1924,TRIPLE,1,1,1,False,-1
1926,DOUBLE,0,1,1,False,-1
1927,TRIPLE,1,1,1,False,-1
1928,TRIPLE,1,1,1,False,-1
1929,TRIPLE,1,1,1,False,-1
1930,DOUBLE,0,1,1,False,-1
1931,DOUBLE,0,1,1,False,-1
1932,TRIPLE,1,1,1,False,-1
1934,DOUBLE,0,1,1,False,-1
1935,DOUBLE,0,1,1,False,-1
1936,TRIPLE,1,1,1,False,-1
1938,SINGLE,0,0,1,False,-1
1939,TRIPLE,1,1,1,False,-1
1940,TRIPLE,1,1,1,False,-1
1941,TRIPLE,1,1,1,False,-1
1943,TRIPLE,1,1,1,False,-1
1944,DOUBLE,0,1,1,False,-1
1946,DOUBLE,0,1,1,False,-1
1947,DOUBLE,0,1,1,False,-1
1948,DOUBLE,0,1,1,False,-1
1949,SINGLE,0,0,1,False,-1
1950,TRIPLE,1,1,1,False,-1
1951,DOUBLE,0,1,1,False,-1
1952,SINGLE,0,0,1,False,-1
1953,DOUBLE,0,1,1,False,-1
1954,TRIPLE,1,1,1,False,-1
1955,TRIPLE,1,1,1,False,-1
1956,TRIPLE,1,1,1,False,-1
1957,SINGLE,0,0,1,False,-1
1958,TRIPLE,1,1,1,False,-1
1959,TRIPLE,1,1,1,False,-1
1960,TRIPLE,1,1,1,False,-1
1961,TRIPLE,1,1,1,False,-1
1962,SINGLE,0,0,1,False,-1
1963,DOUBLE,0,1,1,False,-1
1964,SINGLE,0,0,1,False,-1
1965,SINGLE,0,0,1,False,-1
1966,DOUBLE,0,1,1,False,-1
1967,DOUBLE,0,1,1,False,-1
1968,DOUBLE,0,1,1,False,-1
1969,TRIPLE,1,1,1,False,-1
1970,TRIPLE,1,1,1,False,-1
1971,DOUBLE,0,1,1,False,-1
1973,DOUBLE,0,1,1,False,-1
1974,DOUBLE,0,1,1,False,-1
1975,TRIPLE,1,1,1,False,-1
1976,TRIPLE,1,1,1,False,-1
1977,TRIPLE,1,1,1,False,-1
1979,TRIPLE,1,1,1,False,-1
1980,TRIPLE,1,1,1,False,-1
1981,SINGLE,0,0,1,False,-1
1982,TRIPLE,1,1,1,False,-1
1983,SINGLE,0,0,1,False,-1
1984,DOUBLE,0,1,1,False,-1
1985,TRIPLE,1,1,1,False,-1
1986,DOUBLE,0,1,1,False,-1
1988,TRIPLE,1,1,1,False,-1
1989,SINGLE,0,0,1,False,-1
1990,DOUBLE,0,1,1,False,-1
1991,TRIPLE,1,1,1,False,-1
1992,TRIPLE,1,1,1,False,-1
1993,TRIPLE,1,1,1,False,-1
1994,TRIPLE,1,1,1,False,-1
1996,TRIPLE,1,1,1,False,-1
1997,DOUBLE,0,1,1,False,-1
1998,TRIPLE,1,1,1,False,-1
2000,TRIPLE,1,1,1,False,-1
2002,TRIPLE,1,1,1,False,-1
2003,TRIPLE,1,1,1,False,-1
2004,TRIPLE,1,1,1,False,-1
2005,SINGLE,0,0,1,False,-1
2006,TRIPLE,1,1,1,False,-1
2007,TRIPLE,1,1,1,False,-1
2008,DOUBLE,0,1,1,False,-1
2009,DOUBLE,0,1,1,False,-1
2010,SINGLE,0,0,1,False,-1
2012,TRIPLE,1,1,1,False,-1
2013,TRIPLE,1,1,1,False,-1
2014,TRIPLE,1,1,1,False,-1
2015,TRIPLE,1,1,1,False,-1
2017,TRIPLE,1,1,1,False,-1
2018,TRIPLE,1,1,1,False,-1
2020,SINGLE,0,0,1,False,-1
2021,TRIPLE,1,1,1,False,-1
2022,TRIPLE,1,1,1,False,-1
2023,SINGLE,0,0,1,False,-1
2024,TRIPLE,1,1,1,False,-1
2025,TRIPLE,1,1,1,False,-1
2026,TRIPLE,1,1,1,False,-1
2027,DOUBLE,0,1,1,False,-1
2028,SINGLE,0,0,1,False,-1
2029,TRIPLE,1,1,1,False,-1
2030,SINGLE,0,0,1,False,-1
2031,DOUBLE,0,1,1,False,-1
2033,SINGLE,0,0,1,False,-1
2034,DOUBLE,0,1,1,False,-1
2035,TRIPLE,1,1,1,False,-1
2036,TRIPLE,1,1,1,False,-1
2037,TRIPLE,1,1,1,False,-1
2038,SINGLE,0,0,1,False,-1
2039,DOUBLE,0,1,1,False,-1
2040,TRIPLE,1,1,1,False,-1
2041,DOUBLE,0,1,1,False,-1
2042,DOUBLE,0,1,1,False,-1
2043,TRIPLE,1,1,1,False,-1
2044,TRIPLE,1,1,1,False,-1
2046,TRIPLE,1,1,1,False,-1
2048,TRIPLE,1,1,1,False,-1
2049,SINGLE,0,0,1,False,-1
2050,TRIPLE,1,1,1,False,-1
2051,DOUBLE,0,1,1,False,-1
2052,TRIPLE,1,1,1,False,-1
2053,TRIPLE,1,1,1,False,-1
2054,SINGLE,0,0,1,False,-1
2055,TRIPLE,1,1,1,False,-1
2056,TRIPLE,1,1,1,False,-1
2057,TRIPLE,1,1,1,False,-1
2058,DOUBLE,0,1,1,False,-1
2059,TRIPLE,1,1,1,False,-1
2060,DOUBLE,0,1,1,False,-1
2061,TRIPLE,1,1,1,False,-1
2063,SINGLE,0,0,1,False,-1
2064,TRIPLE,1,1,1,False,-1
2065,TRIPLE,1,1,1,False,-1
2066,TRIPLE,1,1,1,False,-1
2067,SINGLE,0,0,1,False,-1
2068,TRIPLE,1,1,1,False,-1
2069,DOUBLE,0,1,1,False,-1
2070,DOUBLE,0,1,1,False,-1
2071,TRIPLE,1,1,1,False,-1
2072,TRIPLE,1,1,1,False,-1
2073,TRIPLE,1,1,1,False,-1
2074,TRIPLE,1,1,1,False,-1
2075,SINGLE,0,0,1,False,-1
2076,TRIPLE,1,1,1,False,-1
2077,DOUBLE,0,1,1,False,-1
2078,SINGLE,0,0,1,False,-1
2079,TRIPLE,1,1,1,False,-1
2080,DOUBLE,0,1,1,False,-1
2081,TRIPLE,1,1,1,False,-1
2082,TRIPLE,1,1,1,False,-1
2083,TRIPLE,1,1,1,False,-1
2084,TRIPLE,1,1,1,False,-1
2085,TRIPLE,1,1,1,False,-1
2086,TRIPLE,1,1,1,False,-1
2087,TRIPLE,1,1,1,False,-1
2088,TRIPLE,1,1,1,False,-1
2089,SINGLE,0,0,1,False,-1
2092,DOUBLE,0,1,1,False,-1
2093,DOUBLE,0,1,1,False,-1
2094,TRIPLE,1,1,1,False,-1
2095,SINGLE,0,0,1,False,-1
2096,SINGLE,0,0,1,False,-1
2097,TRIPLE,1,1,1,False,-1
2098,TRIPLE,1,1,1,False,-1
2100,TRIPLE,1,1,1,False,-1
2101,TRIPLE,1,1,1,False,-1
2102,TRIPLE,1,1,1,False,-1
2103,DOUBLE,0,1,1,False,-1
2104,DOUBLE,0,1,1,False,-1
2105,TRIPLE,1,1,1,False,-1
2107,SINGLE,0,0,1,False,-1
2108,SINGLE,0,0,1,False,-1
2109,TRIPLE,1,1,1,False,-1
2111,SINGLE,0,0,1,False,-1
2112,TRIPLE,1,1,1,False,-1
2113,DOUBLE,0,1,1,False,-1
2114,DOUBLE,0,1,1,False,-1
2115,TRIPLE,1,1,1,False,-1
2116,TRIPLE,1,1,1,False,-1
2118,TRIPLE,1,1,1,False,-1
2119,DOUBLE,0,1,1,False,-1
2120,DOUBLE,0,1,1,False,-1
2121,TRIPLE,1,1,1,False,-1
2122,SINGLE,0,0,1,False,-1
2123,SINGLE,0,0,1,False,-1
2124,DOUBLE,0,1,1,False,-1
2125,SINGLE,0,0,1,False,-1
2126,DOUBLE,0,1,1,False,-1
2127,TRIPLE,1,1,1,False,-1
2128,DOUBLE,0,1,1,False,-1
2129,TRIPLE,1,1,1,False,-1
2131,SINGLE,0,0,1,False,-1
2132,TRIPLE,1,1,1,False,-1
2133,TRIPLE,1,1,1,False,-1
2134,TRIPLE,1,1,1,False,-1
2135,TRIPLE,1,1,1,False,-1
2136,SINGLE,0,0,1,False,-1
2137,SINGLE,0,0,1,False,-1
2138,TRIPLE,1,1,1,False,-1
2139,SINGLE,0,0,1,False,-1
2140,DOUBLE,0,1,1,False,-1
2141,SINGLE,0,0,1,False,-1
2142,TRIPLE,1,1,1,False,-1
2144,DOUBLE,0,1,1,False,-1
2146,DOUBLE,0,1,1,False,-1
2148,TRIPLE,1,1,1,False,-1
2150,TRIPLE,1,1,1,False,-1
2151,TRIPLE,1,1,1,False,-1
2152,DOUBLE,0,1,1,False,-1
2153,SINGLE,0,0,1,False,-1
2154,DOUBLE,0,1,1,False,-1
2155,TRIPLE,1,1,1,False,-1
2156,TRIPLE,1,1,1,False,-1
2157,DOUBLE,0,1,1,False,-1
2158,DOUBLE,0,1,1,False,-1
2159,TRIPLE,1,1,1,False,-1
2160,DOUBLE,0,1,1,False,-1
2161,TRIPLE,1,1,1,False,-1
2162,DOUBLE,0,1,1,False,-1
2163,TRIPLE,1,1,1,False,-1
2164,TRIPLE,1,1,1,False,-1
2165,TRIPLE,1,1,1,False,-1
2166,DOUBLE,0,1,1,False,-1
2167,TRIPLE,1,1,1,False,-1
2168,DOUBLE,0,1,1,False,-1
2169,DOUBLE,0,1,1,False,-1
2170,SINGLE,0,0,1,False,-1
2172,TRIPLE,1,1,1,False,-1
2173,TRIPLE,1,1,1,False,-1
2174,SINGLE,0,0,1,False,-1
2175,TRIPLE,1,1,1,False,-1
2176,TRIPLE,1,1,1,False,-1
2177,TRIPLE,1,1,1,False,-1
2178,TRIPLE,1,1,1,False,-1
2180,TRIPLE,1,1,1,False,-1
2181,DOUBLE,0,1,1,False,-1
2182,TRIPLE,1,1,1,False,-1
2183,TRIPLE,1,1,1,False,-1
2186,TRIPLE,1,1,1,False,-1
2187,TRIPLE,1,1,1,False,-1
2188,DOUBLE,0,1,1,False,-1
2189,DOUBLE,0,1,1,False,-1
2190,SINGLE,0,0,1,False,-1
2193,TRIPLE,1,1,1,False,-1
2194,DOUBLE,0,1,1,False,-1
2195,SINGLE,0,0,1,False,-1
2196,DOUBLE,0,1,1,False,-1
2197,TRIPLE,1,1,1,False,-1
2198,TRIPLE,1,1,1,False,-1
2199,SINGLE,0,0,1,False,-1
2200,TRIPLE,1,1,1,False,-1
2201,TRIPLE,1,1,1,False,-1
2202,TRIPLE,1,1,1,False,-1
2203,SINGLE,0,0,1,False,-1
2204,SINGLE,0,0,1,False,-1
2205,DOUBLE,0,1,1,False,-1
2206,TRIPLE,1,1,1,False,-1
2207,DOUBLE,0,1,1,False,-1
2208,TRIPLE,1,1,1,False,-1
2209,SINGLE,0,0,1,False,-1
2211,DOUBLE,0,1,1,False,-1
2212,DOUBLE,0,1,1,False,-1
2213,DOUBLE,0,1,1,False,-1
2214,DOUBLE,0,1,1,False,-1
2215,TRIPLE,1,1,1,False,-1
2216,TRIPLE,1,1,1,False,-1
2217,TRIPLE,1,1,1,False,-1
2218,TRIPLE,1,1,1,False,-1
2219,TRIPLE,1,1,1,False,-1
2220,TRIPLE,1,1,1,False,-1
2221,TRIPLE,1,1,1,False,-1
2222,TRIPLE,1,1,1,False,-1
2223,DOUBLE,0,1,1,False,-1
2224,TRIPLE,1,1,1,False,-1
2225,TRIPLE,1,1,1,False,-1
2227,TRIPLE,1,1,1,False,-1
2228,SINGLE,0,0,1,False,-1
2229,DOUBLE,0,1,1,False,-1
2230,TRIPLE,1,1,1,False,-1
2231,TRIPLE,1,1,1,False,-1
2232,SINGLE,0,0,1,False,-1
2233,TRIPLE,1,1,1,False,-1
2234,DOUBLE,0,1,1,False,-1
2235,TRIPLE,1,1,1,False,-1
2236,SINGLE,0,0,1,False,-1
2237,SINGLE,0,0,1,False,-1
2239,TRIPLE,1,1,1,False,-1
2240,DOUBLE,0,1,1,False,-1
2241,SINGLE,0,0,1,False,-1
2242,TRIPLE,1,1,1,False,-1
2243,DOUBLE,0,1,1,False,-1
2244,TRIPLE,1,1,1,False,-1
2245,TRIPLE,1,1,1,False,-1
2246,DOUBLE,0,1,1,False,-1
2247,SINGLE,0,0,1,False,-1
2248,DOUBLE,0,1,1,False,-1
2249,TRIPLE,1,1,1,False,-1
2250,TRIPLE,1,1,1,False,-1
2251,TRIPLE,1,1,1,False,-1
2252,TRIPLE,1,1,1,False,-1
2253,TRIPLE,1,1,1,False,-1
2254,TRIPLE,1,1,1,False,-1
2255,SINGLE,0,0,1,False,-1
2256,SINGLE,0,0,1,False,-1
2257,DOUBLE,0,1,1,False,-1
2258,DOUBLE,0,1,1,False,-1
2259,SINGLE,0,0,1,False,-1
2260,TRIPLE,1,1,1,False,-1
2262,TRIPLE,1,1,1,False,-1
2263,DOUBLE,0,1,1,False,-1
2264,TRIPLE,1,1,1,False,-1
2265,TRIPLE,1,1,1,False,-1
2266,TRIPLE,1,1,1,False,-1
2267,TRIPLE,1,1,1,False,-1
2268,SINGLE,0,0,1,False,-1
2269,DOUBLE,0,1,1,False,-1
2270,SINGLE,0,0,1,False,-1
2271,DOUBLE,0,1,1,False,-1
2273,SINGLE,0,0,1,False,-1
2274,DOUBLE,0,1,1,False,-1
2276,TRIPLE,1,1,1,False,-1
2277,TRIPLE,1,1,1,False,-1
2278,TRIPLE,1,1,1,False,-1
2279,SINGLE,0,0,1,False,-1
2280,TRIPLE,1,1,1,False,-1
2281,DOUBLE,0,1,1,False,-1
2282,TRIPLE,1,1,1,False,-1
2283,DOUBLE,0,1,1,False,-1
2284,TRIPLE,1,1,1,False,-1
2285,TRIPLE,1,1,1,False,-1
2286,DOUBLE,0,1,1,False,-1
2287,TRIPLE,1,1,1,False,-1
2288,DOUBLE,0,1,1,False,-1
2289,SINGLE,0,0,1,False,-1
2291,TRIPLE,1,1,1,False,-1
2292,TRIPLE,1,1,1,False,-1
2293,SINGLE,0,0,1,False,-1
2294,TRIPLE,1,1,1,False,-1
2295,SINGLE,0,0,1,False,-1
2296,DOUBLE,0,1,1,False,-1
2297,TRIPLE,1,1,1,False,-1
2298,TRIPLE,1,1,1,False,-1
2299,TRIPLE,1,1,1,False,-1
2301,SINGLE,0,0,1,False,-1
2302,TRIPLE,1,1,1,False,-1
2304,TRIPLE,1,1,1,False,-1
2305,DOUBLE,0,1,1,False,-1
2306,DOUBLE,0,1,1,False,-1
2307,DOUBLE,0,1,1,False,-1
2308,DOUBLE,0,1,1,False,-1
2309,DOUBLE,0,1,1,False,-1
2310,TRIPLE,1,1,1,False,-1
2311,DOUBLE,0,1,1,False,-1
2312,DOUBLE,0,1,1,False,-1
2313,SINGLE,0,0,1,False,-1
2314,DOUBLE,0,1,1,False,-1
2315,DOUBLE,0,1,1,False,-1
2316,DOUBLE,0,1,1,False,-1
2317,TRIPLE,1,1,1,False,-1
2318,DOUBLE,0,1,1,False,-1
2319,TRIPLE,1,1,1,False,-1
2321,DOUBLE,0,1,1,False,-1
2322,DOUBLE,0,1,1,False,-1
2323,DOUBLE,0,1,1,False,-1
2324,DOUBLE,0,1,1,False,-1
2325,DOUBLE,0,1,1,False,-1
2326,TRIPLE,1,1,1,False,-1
2327,SINGLE,0,0,1,False,-1
2328,DOUBLE,0,1,1,False,-1
2329,TRIPLE,1,1,1,False,-1
2330,SINGLE,0,0,1,False,-1
2331,TRIPLE,1,1,1,False,-1
2332,DOUBLE,0,1,1,False,-1
2333,TRIPLE,1,1,1,False,-1
2334,TRIPLE,1,1,1,False,-1
2335,DOUBLE,0,1,1,False,-1
2336,TRIPLE,1,1,1,False,-1
2337,TRIPLE,1,1,1,False,-1
2339,SINGLE,0,0,1,False,-1
2340,DOUBLE,0,1,1,False,-1
2341,DOUBLE,0,1,1,False,-1
2342,DOUBLE,0,1,1,False,-1
2343,TRIPLE,1,1,1,False,-1
2344,TRIPLE,1,1,1,False,-1
2345,TRIPLE,1,1,1,False,-1
2346,TRIPLE,1,1,1,False,-1
2347,SINGLE,0,0,1,False,-1
2349,DOUBLE,0,1,1,False,-1
2350,DOUBLE,0,1,1,False,-1
2351,TRIPLE,1,1,1,False,-1
2352,TRIPLE,1,1,1,False,-1
2353,DOUBLE,0,1,1,False,-1
2354,SINGLE,0,0,1,False,-1
2355,DOUBLE,0,1,1,False,-1
2356,TRIPLE,1,1,1,False,-1
2357,DOUBLE,0,1,1,False,-1
2358,TRIPLE,1,1,1,False,-1
2359,TRIPLE,1,1,1,False,-1
2360,DOUBLE,0,1,1,False,-1
2361,DOUBLE,0,1,1,False,-1
2362,DOUBLE,0,1,1,False,-1
2363,DOUBLE,0,1,1,False,-1
2364,DOUBLE,0,1,1,False,-1
2365,DOUBLE,0,1,1,False,-1
2366,TRIPLE,1,1,1,False,-1
2367,SINGLE,0,0,1,False,-1
2368,DOUBLE,0,1,1,False,-1
2369,TRIPLE,1,1,1,False,-1
2370,TRIPLE,1,1,1,False,-1
2371,SINGLE,0,0,1,False,-1
2372,SINGLE,0,0,1,False,-1
2373,SINGLE,0,0,1,False,-1
2375,TRIPLE,1,1,1,False,-1
2376,TRIPLE,1,1,1,False,-1
2377,TRIPLE,1,1,1,False,-1
2378,TRIPLE,1,1,1,False,-1
2380,DOUBLE,0,1,1,False,-1
2381,TRIPLE,1,1,1,False,-1
2382,DOUBLE,0,1,1,False,-1
2383,TRIPLE,1,1,1,False,-1
2384,SINGLE,0,0,1,False,-1
2386,DOUBLE,0,1,1,False,-1
2387,TRIPLE,1,1,1,False,-1
2388,TRIPLE,1,1,1,False,-1
2389,DOUBLE,0,1,1,False,-1
2390,DOUBLE,0,1,1,False,-1
2391,DOUBLE,0,1,1,False,-1
2392,TRIPLE,1,1,1,False,-1
2393,SINGLE,0,0,1,False,-1
2395,TRIPLE,1,1,1,False,-1
2397,TRIPLE,1,1,1,False,-1
2398,TRIPLE,1,1,1,False,-1
2399,DOUBLE,0,1,1,False,-1
2400,TRIPLE,1,1,1,False,-1
2401,TRIPLE,1,1,1,False,-1
2402,TRIPLE,1,1,1,False,-1
2403,SINGLE,0,0,1,False,-1
2404,TRIPLE,1,1,1,False,-1
2405,DOUBLE,0,1,1,False,-1
2406,TRIPLE,1,1,1,False,-1
2407,TRIPLE,1,1,1,False,-1
2408,TRIPLE,1,1,1,False,-1
2409,TRIPLE,1,1,1,False,-1
2410,TRIPLE,1,1,1,False,-1
2411,TRIPLE,1,1,1,False,-1
2412,SINGLE,0,0,1,False,-1
2413,TRIPLE,1,1,1,False,-1
2414,TRIPLE,1,1,1,False,-1
2415,TRIPLE,1,1,1,False,-1
2416,TRIPLE,1,1,1,False,-1
2417,DOUBLE,0,1,1,False,-1
2418,TRIPLE,1,1,1,False,-1
2419,DOUBLE,0,1,1,False,-1
2420,SINGLE,0,0,1,False,-1
2422,DOUBLE,0,1,1,False,-1
2423,TRIPLE,1,1,1,False,-1
2424,DOUBLE,0,1,1,False,-1
2425,TRIPLE,1,1,1,False,-1
2426,TRIPLE,1,1,1,False,-1
2427,DOUBLE,0,1,1,False,-1
2428,TRIPLE,1,1,1,False,-1
2429,TRIPLE,1,1,1,False,-1
2430,TRIPLE,1,1,1,False,-1
2431,TRIPLE,1,1,1,False,-1
2432,SINGLE,0,0,1,False,-1
2433,SINGLE,0,0,1,False,-1
2434,SINGLE,0,0,1,False,-1
2435,SINGLE,0,0,1,False,-1
2436,TRIPLE,1,1,1,False,-1
2437,DOUBLE,0,1,1,False,-1
2438,DOUBLE,0,1,1,False,-1
2439,TRIPLE,1,1,1,False,-1
2441,TRIPLE,1,1,1,False,-1
2442,DOUBLE,0,1,1,False,-1
2443,TRIPLE,1,1,1,False,-1
2444,TRIPLE,1,1,1,False,-1
2445,TRIPLE,1,1,1,False,-1
2447,DOUBLE,0,1,1,False,-1
2448,SINGLE,0,0,1,False,-1
2449,TRIPLE,1,1,1,False,-1
2450,TRIPLE,1,1,1,False,-1
2451,TRIPLE,1,1,1,False,-1
2452,DOUBLE,0,1,1,False,-1
2453,TRIPLE,1,1,1,False,-1
2454,TRIPLE,1,1,1,False,-1
2455,TRIPLE,1,1,1,False,-1
2456,TRIPLE,1,1,1,False,-1
2457,TRIPLE,1,1,1,False,-1
2458,DOUBLE,0,1,1,False,-1
2459,TRIPLE,1,1,1,False,-1
2460,TRIPLE,1,1,1,False,-1
2461,TRIPLE,1,1,1,False,-1
2462,TRIPLE,1,1,1,False,-1
2464,TRIPLE,1,1,1,False,-1
2466,TRIPLE,1,1,1,False,-1
2468,DOUBLE,0,1,1,False,-1
2469,TRIPLE,1,1,1,False,-1
2470,DOUBLE,0,1,1,False,-1
2471,TRIPLE,1,1,1,False,-1
2472,TRIPLE,1,1,1,False,-1
2473,SINGLE,0,0,1,False,-1
2475,SINGLE,0,0,1,False,-1
2476,TRIPLE,1,1,1,False,-1
2478,TRIPLE,1,1,1,False,-1
2479,SINGLE,0,0,1,False,-1
2480,TRIPLE,1,1,1,False,-1
2481,SINGLE,0,0,1,False,-1
2482,TRIPLE,1,1,1,False,-1
2483,SINGLE,0,0,1,False,-1
2484,DOUBLE,0,1,1,False,-1
2485,TRIPLE,1,1,1,False,-1
2486,DOUBLE,0,1,1,False,-1
2487,TRIPLE,1,1,1,False,-1
2488,DOUBLE,0,1,1,False,-1
2489,DOUBLE,0,1,1,False,-1
2490,TRIPLE,1,1,1,False,-1
2491,SINGLE,0,0,1,False,-1
2492,TRIPLE,1,1,1,False,-1
2493,DOUBLE,0,1,1,False,-1
2494,TRIPLE,1,1,1,False,-1
2495,DOUBLE,0,1,1,False,-1
2496,DOUBLE,0,1,1,False,-1
2497,TRIPLE,1,1,1,False,-1
2498,DOUBLE,0,1,1,False,-1
2499,TRIPLE,1,1,1,False,-1
2500,SINGLE,0,0,1,False,-1
2501,DOUBLE,0,1,1,False,-1
2503,SINGLE,0,0,1,False,-1
2505,TRIPLE,1,1,1,False,-1
2506,SINGLE,0,0,1,False,-1
2507,TRIPLE,1,1,1,False,-1
2508,DOUBLE,0,1,1,False,-1
2509,TRIPLE,1,1,1,False,-1
2510,DOUBLE,0,1,1,False,-1
2511,TRIPLE,1,1,1,False,-1
2512,DOUBLE,0,1,1,False,-1
2513,TRIPLE,1,1,1,False,-1
2514,TRIPLE,1,1,1,False,-1
2515,DOUBLE,0,1,1,False,-1
2516,DOUBLE,0,1,1,False,-1
2517,TRIPLE,1,1,1,False,-1
2518,DOUBLE,0,1,1,False,-1
2519,DOUBLE,0,1,1,False,-1
2520,SINGLE,0,0,1,False,-1
2522,TRIPLE,1,1,1,False,-1
2523,SINGLE,0,0,1,False,-1
2524,DOUBLE,0,1,1,False,-1
2526,TRIPLE,1,1,1,False,-1
2527,SINGLE,0,0,1,False,-1
2528,TRIPLE,1,1,1,False,-1
2529,DOUBLE,0,1,1,False,-1
2530,TRIPLE,1,1,1,False,-1
2531,TRIPLE,1,1,1,False,-1
2532,DOUBLE,0,1,1,False,-1
2533,TRIPLE,1,1,1,False,-1
2535,TRIPLE,1,1,1,False,-1
2538,DOUBLE,0,1,1,False,-1
2539,TRIPLE,1,1,1,False,-1
2540,SINGLE,0,0,1,False,-1
2541,TRIPLE,1,1,1,False,-1
2542,SINGLE,0,0,1,False,-1
2543,TRIPLE,1,1,1,False,-1
2544,DOUBLE,0,1,1,False,-1
2545,TRIPLE,1,1,1,False,-1
2546,TRIPLE,1,1,1,False,-1
2547,DOUBLE,0,1,1,False,-1
2548,TRIPLE,1,1,1,False,-1
2549,TRIPLE,1,1,1,False,-1
2550,TRIPLE,1,1,1,False,-1
2551,TRIPLE,1,1,1,False,-1
2552,SINGLE,0,0,1,False,-1
2553,DOUBLE,0,1,1,False,-1
2554,TRIPLE,1,1,1,False,-1
2555,TRIPLE,1,1,1,False,-1
2556,TRIPLE,1,1,1,False,-1
2557,DOUBLE,0,1,1,False,-1
2559,DOUBLE,0,1,1,False,-1
2560,DOUBLE,0,1,1,False,-1
2561,DOUBLE,0,1,1,False,-1
2562,TRIPLE,1,1,1,False,-1
2563,DOUBLE,0,1,1,False,-1
2564,DOUBLE,0,1,1,False,-1
2565,TRIPLE,1,1,1,False,-1
2566,TRIPLE,1,1,1,False,-1
2567,TRIPLE,1,1,1,False,-1
2569,TRIPLE,1,1,1,False,-1
2570,TRIPLE,1,1,1,False,-1
2571,SINGLE,0,0,1,False,-1
2572,TRIPLE,1,1,1,False,-1
2573,DOUBLE,0,1,1,False,-1
2574,DOUBLE,0,1,1,False,-1
2575,TRIPLE,1,1,1,False,-1
2576,TRIPLE,1,1,1,False,-1
2577,TRIPLE,1,1,1,False,-1
2578,DOUBLE,0,1,1,False,-1
2580,DOUBLE,0,1,1,False,-1
2581,SINGLE,0,0,1,False,-1
2582,DOUBLE,0,1,1,False,-1
2583,DOUBLE,0,1,1,False,-1
2584,DOUBLE,0,1,1,False,-1
2585,TRIPLE,1,1,1,False,-1
2586,TRIPLE,1,1,1,False,-1
2587,DOUBLE,0,1,1,False,-1
2588,TRIPLE,1,1,1,False,-1
2589,SINGLE,0,0,1,False,-1
2590,SINGLE,0,0,1,False,-1
2592,TRIPLE,1,1,1,False,-1
2593,DOUBLE,0,1,1,False,-1
2594,TRIPLE,1,1,1,False,-1
2595,TRIPLE,1,1,1,False,-1
2596,TRIPLE,1,1,1,False,-1
2597,SINGLE,0,0,1,False,-1
2598,TRIPLE,1,1,1,False,-1
2599,TRIPLE,1,1,1,False,-1
2600,SINGLE,0,0,1,False,-1
2601,DOUBLE,0,1,1,False,-1
2602,TRIPLE,1,1,1,False,-1
2603,SINGLE,0,0,1,False,-1
2604,DOUBLE,0,1,1,False,-1
2605,SINGLE,0,0,1,False,-1
2606,DOUBLE,0,1,1,False,-1
2607,TRIPLE,1,1,1,False,-1
2608,TRIPLE,1,1,1,False,-1
2609,TRIPLE,1,1,1,False,-1
2610,DOUBLE,0,1,1,False,-1
2611,TRIPLE,1,1,1,False,-1
2612,TRIPLE,1,1,1,False,-1
2613,SINGLE,0,0,1,False,-1
2614,TRIPLE,1,1,1,False,-1
2615,DOUBLE,0,1,1,False,-1
2616,DOUBLE,0,1,1,False,-1
2617,DOUBLE,0,1,1,False,-1
2619,TRIPLE,1,1,1,False,-1
2620,DOUBLE,0,1,1,False,-1
2621,DOUBLE,0,1,1,False,-1
2622,DOUBLE,0,1,1,False,-1
2623,DOUBLE,0,1,1,False,-1
2624,DOUBLE,0,1,1,False,-1
2625,DOUBLE,0,1,1,False,-1
2627,TRIPLE,1,1,1,False,-1
2628,TRIPLE,1,1,1,False,-1
2629,TRIPLE,1,1,1,False,-1
2630,SINGLE,0,0,1,False,-1
2631,DOUBLE,0,1,1,False,-1
2632,TRIPLE,1,1,1,False,-1
2633,TRIPLE,1,1,1,False,-1
2634,TRIPLE,1,1,1,False,-1
2635,TRIPLE,1,1,1,False,-1
2636,DOUBLE,0,1,1,False,-1
2637,DOUBLE,0,1,1,False,-1
2638,TRIPLE,1,1,1,False,-1
2639,TRIPLE,1,1,1,False,-1
2640,TRIPLE,1,1,1,False,-1
2641,DOUBLE,0,1,1,False,-1
2642,TRIPLE,1,1,1,False,-1
2643,TRIPLE,1,1,1,False,-1
2644,SINGLE,0,0,1,False,-1
2645,DOUBLE,0,1,1,False,-1
2646,TRIPLE,1,1,1,False,-1
2647,DOUBLE,0,1,1,False,-1
2648,DOUBLE,0,1,1,False,-1
2649,SINGLE,0,0,1,False,-1
2650,DOUBLE,0,1,1,False,-1
2651,SINGLE,0,0,1,False,-1
2652,TRIPLE,1,1,1,False,-1
2653,DOUBLE,0,1,1,False,-1
2654,TRIPLE,1,1,1,False,-1
2655,TRIPLE,1,1,1,False,-1
2657,TRIPLE,1,1,1,False,-1
2658,TRIPLE,1,1,1,False,-1
2659,TRIPLE,1,1,1,False,-1
2660,DOUBLE,0,1,1,False,-1
2661,TRIPLE,1,1,1,False,-1
2662,TRIPLE,1,1,1,False,-1
2664,TRIPLE,1,1,1,False,-1
2665,TRIPLE,1,1,1,False,-1
2666,TRIPLE,1,1,1,False,-1
2667,TRIPLE,1,1,1,False,-1
2668,TRIPLE,1,1,1,False,-1
2669,SINGLE,0,0,1,False,-1
2670,DOUBLE,0,1,1,False,-1
2671,TRIPLE,1,1,1,False,-1
2672,TRIPLE,1,1,1,False,-1
2673,TRIPLE,1,1,1,False,-1
2674,DOUBLE,0,1,1,False,-1
2675,TRIPLE,1,1,1,False,-1
2676,TRIPLE,1,1,1,False,-1
2677,DOUBLE,0,1,1,False,-1
2678,TRIPLE,1,1,1,False,-1
2679,TRIPLE,1,1,1,False,-1
2680,TRIPLE,1,1,1,False,-1
2681,TRIPLE,1,1,1,False,-1
2682,TRIPLE,1,1,1,False,-1
2683,SINGLE,0,0,1,False,-1
2684,SINGLE,0,0,1,False,-1
2685,SINGLE,0,0,1,False,-1
2687,TRIPLE,1,1,1,False,-1
2688,DOUBLE,0,1,1,False,-1
2689,TRIPLE,1,1,1,False,-1
2691,DOUBLE,0,1,1,False,-1
2692,DOUBLE,0,1,1,False,-1
2693,TRIPLE,1,1,1,False,-1
2694,DOUBLE,0,1,1,False,-1
2695,SINGLE,0,0,1,False,-1
2696,TRIPLE,1,1,1,False,-1
2697,SINGLE,0,0,1,False,-1
2698,TRIPLE,1,1,1,False,-1
2699,TRIPLE,1,1,1,False,-1
2700,TRIPLE,1,1,1,False,-1
2701,TRIPLE,1,1,1,False,-1
2702,DOUBLE,0,1,1,False,-1
2703,DOUBLE,0,1,1,False,-1
2704,DOUBLE,0,1,1,False,-1
2705,TRIPLE,1,1,1,False,-1
2706,TRIPLE,1,1,1,False,-1
2708,TRIPLE,1,1,1,False,-1
2709,TRIPLE,1,1,1,False,-1
2710,TRIPLE,1,1,1,False,-1
2711,TRIPLE,1,1,1,False,-1
2713,TRIPLE,1,1,1,False,-1
2714,SINGLE,0,0,1,False,-1
2715,SINGLE,0,0,1,False,-1
2716,DOUBLE,0,1,1,False,-1
2717,DOUBLE,0,1,1,False,-1
2718,DOUBLE,0,1,1,False,-1
2719,SINGLE,0,0,1,False,-1
2720,TRIPLE,1,1,1,False,-1
2721,TRIPLE,1,1,1,False,-1
2725,TRIPLE,1,1,1,False,-1
2727,DOUBLE,0,1,1,False,-1
2728,TRIPLE,1,1,1,False,-1
2730,TRIPLE,1,1,1,False,-1
2731,DOUBLE,0,1,1,False,-1
2733,TRIPLE,1,1,1,False,-1
2734,SINGLE,0,0,1,False,-1
2735,DOUBLE,0,1,1,False,-1
2736,DOUBLE,0,1,1,False,-1
2737,TRIPLE,1,1,1,False,-1
2738,TRIPLE,1,1,1,False,-1
2739,TRIPLE,1,1,1,False,-1
2741,TRIPLE,1,1,1,False,-1
2742,TRIPLE,1,1,1,False,-1
2743,DOUBLE,0,1,1,False,-1
2744,TRIPLE,1,1,1,False,-1
2745,TRIPLE,1,1,1,False,-1
2746,DOUBLE,0,1,1,False,-1
2747,DOUBLE,0,1,1,False,-1
2748,TRIPLE,1,1,1,False,-1
2750,TRIPLE,1,1,1,False,-1
2751,SINGLE,0,0,1,False,-1
2752,TRIPLE,1,1,1,False,-1
2753,TRIPLE,1,1,1,False,-1
2757,DOUBLE,0,1,1,False,-1
2758,SINGLE,0,0,1,False,-1
2759,TRIPLE,1,1,1,False,-1
2760,TRIPLE,1,1,1,False,-1
2761,DOUBLE,0,1,1,False,-1
2762,DOUBLE,0,1,1,False,-1
2763,TRIPLE,1,1,1,False,-1
2764,TRIPLE,1,1,1,False,-1
2765,TRIPLE,1,1,1,False,-1
2766,TRIPLE,1,1,1,False,-1
2767,TRIPLE,1,1,1,False,-1
2768,SINGLE,0,0,1,False,-1
2769,TRIPLE,1,1,1,False,-1
2770,TRIPLE,1,1,1,False,-1
2772,SINGLE,0,0,1,False,-1
2773,TRIPLE,1,1,1,False,-1
2774,DOUBLE,0,1,1,False,-1
2777,DOUBLE,0,1,1,False,-1
2778,SINGLE,0,0,1,False,-1
2780,DOUBLE,0,1,1,False,-1
2781,TRIPLE,1,1,1,False,-1
2782,TRIPLE,1,1,1,False,-1
2783,TRIPLE,1,1,1,False,-1
2784,TRIPLE,1,1,1,False,-1
2785,DOUBLE,0,1,1,False,-1
2786,TRIPLE,1,1,1,False,-1
2787,TRIPLE,1,1,1,False,-1
2788,DOUBLE,0,1,1,False,-1
2789,TRIPLE,1,1,1,False,-1
2790,SINGLE,0,0,1,False,-1
2791,DOUBLE,0,1,1,False,-1
2792,DOUBLE,0,1,1,False,-1
2793,SINGLE,0,0,1,False,-1
2794,TRIPLE,1,1,1,False,-1
2795,TRIPLE,1,1,1,False,-1
2796,TRIPLE,1,1,1,False,-1
2799,SINGLE,0,0,1,False,-1
2800,SINGLE,0,0,1,False,-1
2801,TRIPLE,1,1,1,False,-1
2802,TRIPLE,1,1,1,False,-1
2803,TRIPLE,1,1,1,False,-1
2804,TRIPLE,1,1,1,False,-1
2805,TRIPLE,1,1,1,False,-1
2806,TRIPLE,1,1,1,False,-1
2807,DOUBLE,0,1,1,False,-1
2808,DOUBLE,0,1,1,False,-1
2809,SINGLE,0,0,1,False,-1
2811,TRIPLE,1,1,1,False,-1
2812,TRIPLE,1,1,1,False,-1
2813,DOUBLE,0,1,1,False,-1
2814,DOUBLE,0,1,1,False,-1
2815,TRIPLE,1,1,1,False,-1
2816,TRIPLE,1,1,1,False,-1
2817,TRIPLE,1,1,1,False,-1
2818,TRIPLE,1,1,1,False,-1
2819,SINGLE,0,0,1,False,-1
2821,TRIPLE,1,1,1,False,-1
2822,SINGLE,0,0,1,False,-1
2823,TRIPLE,1,1,1,False,-1
2825,SINGLE,0,0,1,False,-1
2826,DOUBLE,0,1,1,False,-1
2827,TRIPLE,1,1,1,False,-1
2828,DOUBLE,0,1,1,False,-1
2829,TRIPLE,1,1,1,False,-1
2830,TRIPLE,1,1,1,False,-1
2832,TRIPLE,1,1,1,False,-1
2833,DOUBLE,0,1,1,False,-1
2834,TRIPLE,1,1,1,False,-1
2835,TRIPLE,1,1,1,False,-1
2837,TRIPLE,1,1,1,False,-1
2838,DOUBLE,0,1,1,False,-1
2839,TRIPLE,1,1,1,False,-1
2840,DOUBLE,0,1,1,False,-1
2842,DOUBLE,0,1,1,False,-1
2843,TRIPLE,1,1,1,False,-1
2844,TRIPLE,1,1,1,False,-1
2845,TRIPLE,1,1,1,False,-1
2846,TRIPLE,1,1,1,False,-1
2848,TRIPLE,1,1,1,False,-1
2849,TRIPLE,1,1,1,False,-1
2850,SINGLE,0,0,1,False,-1
2851,DOUBLE,0,1,1,False,-1
2852,TRIPLE,1,1,1,False,-1
2853,DOUBLE,0,1,1,False,-1
2854,DOUBLE,0,1,1,False,-1
2855,TRIPLE,1,1,1,False,-1
2856,TRIPLE,1,1,1,False,-1
2857,TRIPLE,1,1,1,False,-1
2858,SINGLE,0,0,1,False,-1
2859,TRIPLE,1,1,1,False,-1
2860,TRIPLE,1,1,1,False,-1
2861,TRIPLE,1,1,1,False,-1
2862,TRIPLE,1,1,1,False,-1
2864,TRIPLE,1,1,1,False,-1
2865,SINGLE,0,0,1,False,-1
2866,TRIPLE,1,1,1,False,-1
2867,SINGLE,0,0,1,False,-1
2868,SINGLE,0,0,1,False,-1
2869,TRIPLE,1,1,1,False,-1
2870,TRIPLE,1,1,1,False,-1
2871,TRIPLE,1,1,1,False,-1
2873,TRIPLE,1,1,1,False,-1
2874,TRIPLE,1,1,1,False,-1
2875,TRIPLE,1,1,1,False,-1
2876,DOUBLE,0,1,1,False,-1
2878,TRIPLE,1,1,1,False,-1
2879,DOUBLE,0,1,1,False,-1
2880,TRIPLE,1,1,1,False,-1
2881,DOUBLE,0,1,1,False,-1
2882,DOUBLE,0,1,1,False,-1
2883,DOUBLE,0,1,1,False,-1
2884,DOUBLE,0,1,1,False,-1
2885,TRIPLE,1,1,1,False,-1
2886,TRIPLE,1,1,1,False,-1
2887,TRIPLE,1,1,1,False,-1
2888,TRIPLE,1,1,1,False,-1
2889,TRIPLE,1,1,1,False,-1
2890,TRIPLE,1,1,1,False,-1
2891,TRIPLE,1,1,1,False,-1
2892,TRIPLE,1,1,1,False,-1
2893,SINGLE,0,0,1,False,-1
2894,SINGLE,0,0,1,False,-1
2896,TRIPLE,1,1,1,False,-1
2897,DOUBLE,0,1,1,False,-1
2898,DOUBLE,0,1,1,False,-1
2899,TRIPLE,1,1,1,False,-1
2900,TRIPLE,1,1,1,False,-1
2901,TRIPLE,1,1,1,False,-1
2902,TRIPLE,1,1,1,False,-1
2903,SINGLE,0,0,1,False,-1
2904,SINGLE,0,0,1,False,-1
2905,SINGLE,0,0,1,False,-1
2906,SINGLE,0,0,1,False,-1
2907,TRIPLE,1,1,1,False,-1
2908,DOUBLE,0,1,1,False,-1
2909,DOUBLE,0,1,1,False,-1
2910,DOUBLE,0,1,1,False,-1
2911,DOUBLE,0,1,1,False,-1
2912,TRIPLE,1,1,1,False,-1
2913,TRIPLE,1,1,1,False,-1
2914,TRIPLE,1,1,1,False,-1
2915,DOUBLE,0,1,1,False,-1
2916,TRIPLE,1,1,1,False,-1
2917,TRIPLE,1,1,1,False,-1
2918,TRIPLE,1,1,1,False,-1
2919,DOUBLE,0,1,1,False,-1
2920,SINGLE,0,0,1,False,-1
2921,SINGLE,0,0,1,False,-1
2922,DOUBLE,0,1,1,False,-1
2923,TRIPLE,1,1,1,False,-1
2924,DOUBLE,0,1,1,False,-1
2925,TRIPLE,1,1,1,False,-1
2926,TRIPLE,1,1,1,False,-1
2927,SINGLE,0,0,1,False,-1
2928,DOUBLE,0,1,1,False,-1
2929,SINGLE,0,0,1,False,-1
2930,SINGLE,0,0,1,False,-1
2931,TRIPLE,1,1,1,False,-1
2932,DOUBLE,0,1,1,False,-1
2933,TRIPLE,1,1,1,False,-1
2934,DOUBLE,0,1,1,False,-1
2935,TRIPLE,1,1,1,False,-1
2936,SINGLE,0,0,1,False,-1
2938,DOUBLE,0,1,1,False,-1
2940,DOUBLE,0,1,1,False,-1
2942,DOUBLE,0,1,1,False,-1
2943,TRIPLE,1,1,1,False,-1
2944,TRIPLE,1,1,1,False,-1
2945,SINGLE,0,0,1,False,-1
2947,DOUBLE,0,1,1,False,-1
2948,TRIPLE,1,1,1,False,-1
2949,TRIPLE,1,1,1,False,-1
2951,DOUBLE,0,1,1,False,-1
2952,DOUBLE,0,1,1,False,-1
2953,TRIPLE,1,1,1,False,-1
2954,TRIPLE,1,1,1,False,-1
2955,TRIPLE,1,1,1,False,-1
2957,TRIPLE,1,1,1,False,-1
2958,TRIPLE,1,1,1,False,-1
2959,TRIPLE,1,1,1,False,-1
2960,TRIPLE,1,1,1,False,-1
2961,TRIPLE,1,1,1,False,-1
2963,TRIPLE,1,1,1,False,-1
2964,TRIPLE,1,1,1,False,-1
2965,TRIPLE,1,1,1,False,-1
2966,TRIPLE,1,1,1,False,-1
2967,TRIPLE,1,1,1,False,-1
2968,SINGLE,0,0,1,False,-1
2969,TRIPLE,1,1,1,False,-1
2970,TRIPLE,1,1,1,False,-1
2971,DOUBLE,0,1,1,False,-1
2972,DOUBLE,0,1,1,False,-1
2973,SINGLE,0,0,1,False,-1
2974,TRIPLE,1,1,1,False,-1
2975,SINGLE,0,0,1,False,-1
2976,TRIPLE,1,1,1,False,-1
2977,SINGLE,0,0,1,False,-1
2978,SINGLE,0,0,1,False,-1
2979,DOUBLE,0,1,1,False,-1
2980,TRIPLE,1,1,1,False,-1
2981,TRIPLE,1,1,1,False,-1
2982,DOUBLE,0,1,1,False,-1
2983,DOUBLE,0,1,1,False,-1
2984,TRIPLE,1,1,1,False,-1
2985,DOUBLE,0,1,1,False,-1
2986,TRIPLE,1,1,1,False,-1
2987,DOUBLE,0,1,1,False,-1
2988,DOUBLE,0,1,1,False,-1
2989,TRIPLE,1,1,1,False,-1
2990,SINGLE,0,0,1,False,-1
2991,TRIPLE,1,1,1,False,-1
2992,DOUBLE,0,1,1,False,-1
2993,TRIPLE,1,1,1,False,-1
2994,DOUBLE,0,1,1,False,-1
2995,TRIPLE,1,1,1,False,-1
2996,TRIPLE,1,1,1,False,-1
2997,DOUBLE,0,1,1,False,-1
2998,TRIPLE,1,1,1,False,-1
3000,TRIPLE,1,1,1,False,-1
3001,TRIPLE,1,1,1,False,-1
3002,TRIPLE,1,1,1,False,-1
3003,TRIPLE,1,1,1,False,-1
3004,TRIPLE,1,1,1,False,-1
3005,SINGLE,0,0,1,False,-1
3006,TRIPLE,1,1,1,False,-1
3007,TRIPLE,1,1,1,False,-1
3008,TRIPLE,1,1,1,False,-1
3009,TRIPLE,1,1,1,False,-1
3010,TRIPLE,1,1,1,False,-1
3011,TRIPLE,1,1,1,False,-1
3012,TRIPLE,1,1,1,False,-1
3013,TRIPLE,1,1,1,False,-1
3014,SINGLE,0,0,1,False,-1
3015,TRIPLE,1,1,1,False,-1
3016,DOUBLE,0,1,1,False,-1
3017,DOUBLE,0,1,1,False,-1
3018,DOUBLE,0,1,1,False,-1
3019,TRIPLE,1,1,1,False,-1
3020,TRIPLE,1,1,1,False,-1
3021,DOUBLE,0,1,1,False,-1
3022,TRIPLE,1,1,1,False,-1
3024,TRIPLE,1,1,1,False,-1
3025,TRIPLE,1,1,1,False,-1
3026,DOUBLE,0,1,1,False,-1
3027,DOUBLE,0,1,1,False,-1
3028,TRIPLE,1,1,1,False,-1
3029,DOUBLE,0,1,1,False,-1
3030,TRIPLE,1,1,1,False,-1
3031,DOUBLE,0,1,1,False,-1
3032,SINGLE,0,0,1,False,-1
3033,TRIPLE,1,1,1,False,-1
3034,TRIPLE,1,1,1,False,-1
3035,DOUBLE,0,1,1,False,-1
3036,TRIPLE,1,1,1,False,-1
3037,TRIPLE,1,1,1,False,-1
3038,DOUBLE,0,1,1,False,-1
3039,TRIPLE,1,1,1,False,-1
3040,TRIPLE,1,1,1,False,-1
3041,DOUBLE,0,1,1,False,-1
3042,TRIPLE,1,1,1,False,-1
3043,DOUBLE,0,1,1,False,-1
3044,TRIPLE,1,1,1,False,-1
3045,DOUBLE,0,1,1,False,-1
3046,SINGLE,0,0,1,False,-1
3047,SINGLE,0,0,1,False,-1
3048,DOUBLE,0,1,1,False,-1
3049,TRIPLE,1,1,1,False,-1
3050,DOUBLE,0,1,1,False,-1
3051,SINGLE,0,0,1,False,-1
3052,TRIPLE,1,1,1,False,-1
3053,TRIPLE,1,1,1,False,-1
3054,TRIPLE,1,1,1,False,-1
3055,TRIPLE,1,1,1,False,-1
3056,TRIPLE,1,1,1,False,-1
3057,TRIPLE,1,1,1,False,-1
3058,DOUBLE,0,1,1,False,-1
3059,DOUBLE,0,1,1,False,-1
3060,TRIPLE,1,1,1,False,-1
3061,SINGLE,0,0,1,False,-1
3062,DOUBLE,0,1,1,False,-1
3063,DOUBLE,0,1,1,False,-1
3064,SINGLE,0,0,1,False,-1
3065,TRIPLE,1,1,1,False,-1
3066,TRIPLE,1,1,1,False,-1
3067,TRIPLE,1,1,1,False,-1
3068,DOUBLE,0,1,1,False,-1
3069,DOUBLE,0,1,1,False,-1
3070,DOUBLE,0,1,1,False,-1
3071,DOUBLE,0,1,1,False,-1
3072,TRIPLE,1,1,1,False,-1
3073,TRIPLE,1,1,1,False,-1
3074,TRIPLE,1,1,1,False,-1
3075,DOUBLE,0,1,1,False,-1
3076,TRIPLE,1,1,1,False,-1
3077,DOUBLE,0,1,1,False,-1
3078,DOUBLE,0,1,1,False,-1
3080,TRIPLE,1,1,1,False,-1
3081,TRIPLE,1,1,1,False,-1
3082,TRIPLE,1,1,1,False,-1
3083,DOUBLE,0,1,1,False,-1
3084,SINGLE,0,0,1,False,-1
3085,TRIPLE,1,1,1,False,-1
3086,DOUBLE,0,1,1,False,-1
3087,TRIPLE,1,1,1,False,-1
3088,TRIPLE,1,1,1,False,-1
3090,TRIPLE,1,1,1,False,-1
3091,TRIPLE,1,1,1,False,-1
3093,TRIPLE,1,1,1,False,-1
3094,DOUBLE,0,1,1,False,-1
3095,SINGLE,0,0,1,False,-1
3097,TRIPLE,1,1,1,False,-1
3098,TRIPLE,1,1,1,False,-1
3099,TRIPLE,1,1,1,False,-1
3100,DOUBLE,0,1,1,False,-1
3102,DOUBLE,0,1,1,False,-1
3103,DOUBLE,0,1,1,False,-1
3104,SINGLE,0,0,1,False,-1
3105,TRIPLE,1,1,1,False,-1
3107,DOUBLE,0,1,1,False,-1
3108,DOUBLE,0,1,1,False,-1
3109,DOUBLE,0,1,1,False,-1
3110,DOUBLE,0,1,1,False,-1
3112,TRIPLE,1,1,1,False,-1
3114,DOUBLE,0,1,1,False,-1
3115,TRIPLE,1,1,1,False,-1
3116,TRIPLE,1,1,1,False,-1
3117,TRIPLE,1,1,1,False,-1
3118,DOUBLE,0,1,1,False,-1
3119,TRIPLE,1,1,1,False,-1
3121,SINGLE,0,0,1,False,-1
3122,TRIPLE,1,1,1,False,-1
3124,TRIPLE,1,1,1,False,-1
3125,DOUBLE,0,1,1,False,-1
3126,SINGLE,0,0,1,False,-1
3127,TRIPLE,1,1,1,False,-1
3128,TRIPLE,1,1,1,False,-1
3129,TRIPLE,1,1,1,False,-1
3130,TRIPLE,1,1,1,False,-1
3131,TRIPLE,1,1,1,False,-1
3132,DOUBLE,0,1,1,False,-1
3133,TRIPLE,1,1,1,False,-1
3134,DOUBLE,0,1,1,False,-1
3135,DOUBLE,0,1,1,False,-1
3136,TRIPLE,1,1,1,False,-1
3137,DOUBLE,0,1,1,False,-1
3138,TRIPLE,1,1,1,False,-1
3140,TRIPLE,1,1,1,False,-1
3141,DOUBLE,0,1,1,False,-1
3142,SINGLE,0,0,1,False,-1
3144,TRIPLE,1,1,1,False,-1
3145,TRIPLE,1,1,1,False,-1
3147,DOUBLE,0,1,1,False,-1
3148,TRIPLE,1,1,1,False,-1
3149,DOUBLE,0,1,1,False,-1
3150,TRIPLE,1,1,1,False,-1
3151,SINGLE,0,0,1,False,-1
3152,DOUBLE,0,1,1,False,-1
3153,DOUBLE,0,1,1,False,-1
3155,TRIPLE,1,1,1,False,-1
3156,SINGLE,0,0,1,False,-1
3157,TRIPLE,1,1,1,False,-1
3158,SINGLE,0,0,1,False,-1
3159,TRIPLE,1,1,1,False,-1
3161,TRIPLE,1,1,1,False,-1
3162,DOUBLE,0,1,1,False,-1
3163,TRIPLE,1,1,1,False,-1
3164,SINGLE,0,0,1,False,-1
3165,TRIPLE,1,1,1,False,-1
3166,TRIPLE,1,1,1,False,-1
3167,SINGLE,0,0,1,False,-1
3168,DOUBLE,0,1,1,False,-1
3170,DOUBLE,0,1,1,False,-1
3171,DOUBLE,0,1,1,False,-1
3172,TRIPLE,1,1,1,False,-1
3173,TRIPLE,1,1,1,False,-1
3174,TRIPLE,1,1,1,False,-1
3175,SINGLE,0,0,1,False,-1
3176,TRIPLE,1,1,1,False,-1
3177,SINGLE,0,0,1,False,-1
3178,TRIPLE,1,1,1,False,-1
3179,TRIPLE,1,1,1,False,-1
3180,TRIPLE,1,1,1,False,-1
3181,TRIPLE,1,1,1,False,-1
3182,TRIPLE,1,1,1,False,-1
3183,TRIPLE,1,1,1,False,-1
3184,TRIPLE,1,1,1,False,-1
3185,DOUBLE,0,1,1,False,-1
3186,TRIPLE,1,1,1,False,-1
3187,TRIPLE,1,1,1,False,-1
3188,TRIPLE,1,1,1,False,-1
3189,DOUBLE,0,1,1,False,-1
3190,SINGLE,0,0,1,False,-1
3191,SINGLE,0,0,1,False,-1
3192,TRIPLE,1,1,1,False,-1
3193,TRIPLE,1,1,1,False,-1
3194,TRIPLE,1,1,1,False,-1
3195,SINGLE,0,0,1,False,-1
3196,TRIPLE,1,1,1,False,-1
3197,TRIPLE,1,1,1,False,-1
3198,TRIPLE,1,1,1,False,-1
3200,DOUBLE,0,1,1,False,-1
3201,TRIPLE,1,1,1,False,-1
3202,DOUBLE,0,1,1,False,-1
3203,DOUBLE,0,1,1,False,-1
3204,TRIPLE,1,1,1,False,-1
3205,DOUBLE,0,1,1,False,-1
3207,TRIPLE,1,1,1,False,-1
3208,TRIPLE,1,1,1,False,-1
3209,DOUBLE,0,1,1,False,-1
3210,TRIPLE,1,1,1,False,-1
3211,SINGLE,0,0,1,False,-1
3212,DOUBLE,0,1,1,False,-1
3213,SINGLE,0,0,1,False,-1
3214,DOUBLE,0,1,1,False,-1
3215,TRIPLE,1,1,1,False,-1
3216,TRIPLE,1,1,1,False,-1
3217,SINGLE,0,0,1,False,-1
3218,SINGLE,0,0,1,False,-1
3219,TRIPLE,1,1,1,False,-1
3220,TRIPLE,1,1,1,False,-1
3221,SINGLE,0,0,1,False,-1
3222,TRIPLE,1,1,1,False,-1
3223,TRIPLE,1,1,1,False,-1
3224,TRIPLE,1,1,1,False,-1
3225,TRIPLE,1,1,1,False,-1
3226,TRIPLE,1,1,1,False,-1
3227,SINGLE,0,0,1,False,-1
3228,TRIPLE,1,1,1,False,-1
3229,SINGLE,0,0,1,False,-1
3230,DOUBLE,0,1,1,False,-1
3231,SINGLE,0,0,1,False,-1
3232,SINGLE,0,0,1,False,-1
3233,TRIPLE,1,1,1,False,-1
3234,TRIPLE,1,1,1,False,-1
3235,TRIPLE,1,1,1,False,-1
3236,TRIPLE,1,1,1,False,-1
3237,TRIPLE,1,1,1,False,-1
3238,SINGLE,0,0,1,False,-1
3239,DOUBLE,0,1,1,False,-1
3240,DOUBLE,0,1,1,False,-1
3241,SINGLE,0,0,1,False,-1
3242,SINGLE,0,0,1,False,-1
3243,DOUBLE,0,1,1,False,-1
3244,TRIPLE,1,1,1,False,-1
3245,SINGLE,0,0,1,False,-1
3246,TRIPLE,1,1,1,False,-1
3248,SINGLE,0,0,1,False,-1
3249,TRIPLE,1,1,1,False,-1
3252,TRIPLE,1,1,1,False,-1
3253,DOUBLE,0,1,1,False,-1
3254,SINGLE,0,0,1,False,-1
3255,TRIPLE,1,1,1,False,-1
3256,DOUBLE,0,1,1,False,-1
3257,DOUBLE,0,1,1,False,-1
3258,TRIPLE,1,1,1,False,-1
3259,DOUBLE,0,1,1,False,-1
3260,TRIPLE,1,1,1,False,-1
3261,DOUBLE,0,1,1,False,-1
3262,TRIPLE,1,1,1,False,-1
3264,TRIPLE,1,1,1,False,-1
3265,DOUBLE,0,1,1,False,-1
3266,SINGLE,0,0,1,False,-1
3267,DOUBLE,0,1,1,False,-1
3268,TRIPLE,1,1,1,False,-1
3269,DOUBLE,0,1,1,False,-1
3270,DOUBLE,0,1,1,False,-1
3272,DOUBLE,0,1,1,False,-1
3273,SINGLE,0,0,1,False,-1
3274,DOUBLE,0,1,1,False,-1
3277,DOUBLE,0,1,1,False,-1
3278,TRIPLE,1,1,1,False,-1
3279,TRIPLE,1,1,1,False,-1
3280,DOUBLE,0,1,1,False,-1
3281,DOUBLE,0,1,1,False,-1
3282,DOUBLE,0,1,1,False,-1
3283,TRIPLE,1,1,1,False,-1
3284,TRIPLE,1,1,1,False,-1
3285,TRIPLE,1,1,1,False,-1
3286,DOUBLE,0,1,1,False,-1
3287,TRIPLE,1,1,1,False,-1
3288,DOUBLE,0,1,1,False,-1
3289,TRIPLE,1,1,1,False,-1
3291,DOUBLE,0,1,1,False,-1
3292,SINGLE,0,0,1,False,-1
3293,TRIPLE,1,1,1,False,-1
3294,DOUBLE,0,1,1,False,-1
3296,TRIPLE,1,1,1,False,-1
3297,SINGLE,0,0,1,False,-1
3298,TRIPLE,1,1,1,False,-1
3299,TRIPLE,1,1,1,False,-1
3301,DOUBLE,0,1,1,False,-1
3302,TRIPLE,1,1,1,False,-1
3303,TRIPLE,1,1,1,False,-1
3304,DOUBLE,0,1,1,False,-1
3305,TRIPLE,1,1,1,False,-1
3306,DOUBLE,0,1,1,False,-1
3307,TRIPLE,1,1,1,False,-1
3308,DOUBLE,0,1,1,False,-1
3309,DOUBLE,0,1,1,False,-1
3310,DOUBLE,0,1,1,False,-1
3311,TRIPLE,1,1,1,False,-1
3312,TRIPLE,1,1,1,False,-1
3313,TRIPLE,1,1,1,False,-1
3315,DOUBLE,0,1,1,False,-1
3316,DOUBLE,0,1,1,False,-1
3317,TRIPLE,1,1,1,False,-1
3318,TRIPLE,1,1,1,False,-1
3319,TRIPLE,1,1,1,False,-1
3320,TRIPLE,1,1,1,False,-1
3321,TRIPLE,1,1,1,False,-1
3322,TRIPLE,1,1,1,False,-1
3325,DOUBLE,0,1,1,False,-1
3326,TRIPLE,1,1,1,False,-1
3327,SINGLE,0,0,1,False,-1
3328,TRIPLE,1,1,1,False,-1
3329,DOUBLE,0,1,1,False,-1
3330,SINGLE,0,0,1,False,-1
3331,TRIPLE,1,1,1,False,-1
3333,TRIPLE,1,1,1,False,-1
3334,TRIPLE,1,1,1,False,-1
3336,TRIPLE,1,1,1,False,-1
3338,TRIPLE,1,1,1,False,-1
3339,TRIPLE,1,1,1,False,-1
3340,TRIPLE,1,1,1,False,-1
3343,DOUBLE,0,1,1,False,-1
3344,DOUBLE,0,1,1,False,-1
3345,SINGLE,0,0,1,False,-1
3346,TRIPLE,1,1,1,False,-1
3347,SINGLE,0,0,1,False,-1
3348,TRIPLE,1,1,1,False,-1
3349,TRIPLE,1,1,1,False,-1
3350,SINGLE,0,0,1,False,-1
3351,TRIPLE,1,1,1,False,-1
3352,TRIPLE,1,1,1,False,-1
3353,TRIPLE,1,1,1,False,-1
3354,TRIPLE,1,1,1,False,-1
3355,TRIPLE,1,1,1,False,-1
3356,SINGLE,0,0,1,False,-1
3357,TRIPLE,1,1,1,False,-1
3358,SINGLE,0,0,1,False,-1
3359,SINGLE,0,0,1,False,-1
3360,TRIPLE,1,1,1,False,-1
3361,TRIPLE,1,1,1,False,-1
3362,TRIPLE,1,1,1,False,-1
3363,TRIPLE,1,1,1,False,-1
3364,TRIPLE,1,1,1,False,-1
3365,TRIPLE,1,1,1,False,-1
3366,DOUBLE,0,1,1,False,-1
3367,SINGLE,0,0,1,False,-1
3369,TRIPLE,1,1,1,False,-1
3370,SINGLE,0,0,1,False,-1
3372,TRIPLE,1,1,1,False,-1
3373,TRIPLE,1,1,1,False,-1
3374,SINGLE,0,0,1,False,-1
3375,TRIPLE,1,1,1,False,-1
3376,TRIPLE,1,1,1,False,-1
3377,TRIPLE,1,1,1,False,-1
3378,DOUBLE,0,1,1,False,-1
3379,TRIPLE,1,1,1,False,-1
3380,TRIPLE,1,1,1,False,-1
3381,TRIPLE,1,1,1,False,-1
3382,TRIPLE,1,1,1,False,-1
3384,TRIPLE,1,1,1,False,-1
3385,TRIPLE,1,1,1,False,-1
3386,TRIPLE,1,1,1,False,-1
3387,SINGLE,0,0,1,False,-1
3388,SINGLE,0,0,1,False,-1
3389,TRIPLE,1,1,1,False,-1
3390,DOUBLE,0,1,1,False,-1
3391,DOUBLE,0,1,1,False,-1
3392,TRIPLE,1,1,1,False,-1
3393,DOUBLE,0,1,1,False,-1
3395,TRIPLE,1,1,1,False,-1
3396,TRIPLE,1,1,1,False,-1
3397,TRIPLE,1,1,1,False,-1
3398,TRIPLE,1,1,1,False,-1
3399,TRIPLE,1,1,1,False,-1
3400,TRIPLE,1,1,1,False,-1
3401,DOUBLE,0,1,1,False,-1
3402,DOUBLE,0,1,1,False,-1
3403,DOUBLE,0,1,1,False,-1
3404,TRIPLE,1,1,1,False,-1
3405,DOUBLE,0,1,1,False,-1
3406,TRIPLE,1,1,1,False,-1
3407,DOUBLE,0,1,1,False,-1
3408,TRIPLE,1,1,1,False,-1
3409,TRIPLE,1,1,1,False,-1
3412,TRIPLE,1,1,1,False,-1
3413,TRIPLE,1,1,1,False,-1
3414,TRIPLE,1,1,1,False,-1
3415,TRIPLE,1,1,1,False,-1
3416,DOUBLE,0,1,1,False,-1
3418,DOUBLE,0,1,1,False,-1
3419,TRIPLE,1,1,1,False,-1
3420,DOUBLE,0,1,1,False,-1
3421,TRIPLE,1,1,1,False,-1
3422,TRIPLE,1,1,1,False,-1
3423,TRIPLE,1,1,1,False,-1
3424,TRIPLE,1,1,1,False,-1
3425,DOUBLE,0,1,1,False,-1
3426,DOUBLE,0,1,1,False,-1
3427,DOUBLE,0,1,1,False,-1
3428,TRIPLE,1,1,1,False,-1
3429,TRIPLE,1,1,1,False,-1
3430,DOUBLE,0,1,1,False,-1
3431,DOUBLE,0,1,1,False,-1
3432,TRIPLE,1,1,1,False,-1
3433,SINGLE,0,0,1,False,-1
3434,TRIPLE,1,1,1,False,-1
3435,TRIPLE,1,1,1,False,-1
3436,TRIPLE,1,1,1,False,-1
3437,TRIPLE,1,1,1,False,-1
3438,TRIPLE,1,1,1,False,-1
3439,SINGLE,0,0,1,False,-1
3440,TRIPLE,1,1,1,False,-1
3441,DOUBLE,0,1,1,False,-1
3442,TRIPLE,1,1,1,False,-1
3444,DOUBLE,0,1,1,False,-1
3445,SINGLE,0,0,1,False,-1
3446,DOUBLE,0,1,1,False,-1
3448,DOUBLE,0,1,1,False,-1
3449,TRIPLE,1,1,1,False,-1
3451,TRIPLE,1,1,1,False,-1
3452,TRIPLE,1,1,1,False,-1
3453,TRIPLE,1,1,1,False,-1
3455,SINGLE,0,0,1,False,-1
3456,TRIPLE,1,1,1,False,-1
3457,TRIPLE,1,1,1,False,-1
3459,TRIPLE,1,1,1,False,-1
3461,TRIPLE,1,1,1,False,-1
3462,TRIPLE,1,1,1,False,-1
3463,DOUBLE,0,1,1,False,-1
3464,TRIPLE,1,1,1,False,-1
3465,DOUBLE,0,1,1,False,-1
3466,SINGLE,0,0,1,False,-1
3469,DOUBLE,0,1,1,False,-1
3470,TRIPLE,1,1,1,False,-1
3471,TRIPLE,1,1,1,False,-1
3472,DOUBLE,0,1,1,False,-1
3473,DOUBLE,0,1,1,False,-1
3474,SINGLE,0,0,1,False,-1
3475,DOUBLE,0,1,1,False,-1
3476,TRIPLE,1,1,1,False,-1
3477,TRIPLE,1,1,1,False,-1
3479,DOUBLE,0,1,1,False,-1
3480,TRIPLE,1,1,1,False,-1
3481,TRIPLE,1,1,1,False,-1
3483,TRIPLE,1,1,1,False,-1
3484,TRIPLE,1,1,1,False,-1
3485,TRIPLE,1,1,1,False,-1
3487,TRIPLE,1,1,1,False,-1
3488,TRIPLE,1,1,1,False,-1
3489,TRIPLE,1,1,1,False,-1
3490,TRIPLE,1,1,1,False,-1
3491,DOUBLE,0,1,1,False,-1
3493,TRIPLE,1,1,1,False,-1
3494,DOUBLE,0,1,1,False,-1
3495,TRIPLE,1,1,1,False,-1
3496,TRIPLE,1,1,1,False,-1
3497,SINGLE,0,0,1,False,-1
3498,TRIPLE,1,1,1,False,-1
3499,TRIPLE,1,1,1,False,-1
3500,SINGLE,0,0,1,False,-1
3501,TRIPLE,1,1,1,False,-1
3502,TRIPLE,1,1,1,False,-1
3503,DOUBLE,0,1,1,False,-1
3504,TRIPLE,1,1,1,False,-1
3505,TRIPLE,1,1,1,False,-1
3506,TRIPLE,1,1,1,False,-1
3508,DOUBLE,0,1,1,False,-1
3510,DOUBLE,0,1,1,False,-1
3511,SINGLE,0,0,1,False,-1
3512,DOUBLE,0,1,1,False,-1
3513,DOUBLE,0,1,1,False,-1
3514,TRIPLE,1,1,1,False,-1
3515,SINGLE,0,0,1,False,-1
3516,DOUBLE,0,1,1,False,-1
3517,TRIPLE,1,1,1,False,-1
3518,TRIPLE,1,1,1,False,-1
3519,TRIPLE,1,1,1,False,-1
3520,SINGLE,0,0,1,False,-1
3521,TRIPLE,1,1,1,False,-1
3522,TRIPLE,1,1,1,False,-1
3523,TRIPLE,1,1,1,False,-1
3524,SINGLE,0,0,1,False,-1
3525,DOUBLE,0,1,1,False,-1
3527,TRIPLE,1,1,1,False,-1
3528,DOUBLE,0,1,1,False,-1
3529,TRIPLE,1,1,1,False,-1
3530,TRIPLE,1,1,1,False,-1
3532,DOUBLE,0,1,1,False,-1
3533,SINGLE,0,0,1,False,-1
3534,TRIPLE,1,1,1,False,-1
3535,TRIPLE,1,1,1,False,-1
3536,TRIPLE,1,1,1,False,-1
3537,TRIPLE,1,1,1,False,-1
3538,SINGLE,0,0,1,False,-1
3539,TRIPLE,1,1,1,False,-1
3541,TRIPLE,1,1,1,False,-1
3542,TRIPLE,1,1,1,False,-1
3543,DOUBLE,0,1,1,False,-1
3544,DOUBLE,0,1,1,False,-1
3545,SINGLE,0,0,1,False,-1
3546,DOUBLE,0,1,1,False,-1
3547,DOUBLE,0,1,1,False,-1
3548,DOUBLE,0,1,1,False,-1
3549,TRIPLE,1,1,1,False,-1
3550,TRIPLE,1,1,1,False,-1
3551,DOUBLE,0,1,1,False,-1
3552,TRIPLE,1,1,1,False,-1
3553,DOUBLE,0,1,1,False,-1
3554,DOUBLE,0,1,1,False,-1
3555,TRIPLE,1,1,1,False,-1
3556,DOUBLE,0,1,1,False,-1
3557,DOUBLE,0,1,1,False,-1
3558,DOUBLE,0,1,1,False,-1
3559,TRIPLE,1,1,1,False,-1
3561,TRIPLE,1,1,1,False,-1
3562,TRIPLE,1,1,1,False,-1
3563,TRIPLE,1,1,1,False,-1
3564,TRIPLE,1,1,1,False,-1
3565,SINGLE,0,0,1,False,-1
3567,DOUBLE,0,1,1,False,-1
3568,TRIPLE,1,1,1,False,-1
3569,TRIPLE,1,1,1,False,-1
3570,TRIPLE,1,1,1,False,-1
3571,TRIPLE,1,1,1,False,-1
3572,TRIPLE,1,1,1,False,-1
3573,TRIPLE,1,1,1,False,-1
3574,DOUBLE,0,1,1,False,-1
3575,TRIPLE,1,1,1,False,-1
3576,TRIPLE,1,1,1,False,-1
3577,TRIPLE,1,1,1,False,-1
3578,DOUBLE,1,0,1,False,-1
3579,SINGLE,0,0,1,False,-1
3580,SINGLE,0,0,1,False,-1
3581,DOUBLE,0,1,1,False,-1
3583,TRIPLE,1,1,1,False,-1
3584,DOUBLE,0,1,1,False,-1
3585,DOUBLE,0,1,1,False,-1
3586,TRIPLE,1,1,1,False,-1
3587,TRIPLE,1,1,1,False,-1
3588,DOUBLE,0,1,1,False,-1
3589,TRIPLE,1,1,1,False,-1
3590,SINGLE,0,0,1,False,-1
3591,DOUBLE,0,1,1,False,-1
3592,TRIPLE,1,1,1,False,-1
3594,DOUBLE,0,1,1,False,-1
3595,SINGLE,0,0,1,False,-1
3596,DOUBLE,0,1,1,False,-1
3597,SINGLE,0,0,1,False,-1
3598,TRIPLE,1,1,1,False,-1
3599,TRIPLE,1,1,1,False,-1
3600,TRIPLE,1,1,1,False,-1
3601,TRIPLE,1,1,1,False,-1
3602,SINGLE,0,0,1,False,-1
3603,TRIPLE,1,1,1,False,-1
3604,TRIPLE,1,1,1,False,-1
3605,TRIPLE,1,1,1,False,-1
3606,SINGLE,0,0,1,False,-1
3608,TRIPLE,1,1,1,False,-1
3609,TRIPLE,1,1,1,False,-1
3610,TRIPLE,1,1,1,False,-1
3611,DOUBLE,0,1,1,False,-1
3612,TRIPLE,1,1,1,False,-1
3613,DOUBLE,0,1,1,False,-1
3614,TRIPLE,1,1,1,False,-1
3615,TRIPLE,1,1,1,False,-1
3616,DOUBLE,0,1,1,False,-1
3617,DOUBLE,0,1,1,False,-1
3618,TRIPLE,1,1,1,False,-1
3619,DOUBLE,0,1,1,False,-1
3620,TRIPLE,1,1,1,False,-1
3621,TRIPLE,1,1,1,False,-1
3622,SINGLE,0,0,1,False,-1
3623,SINGLE,0,0,1,False,-1
3624,DOUBLE,0,1,1,False,-1
3625,DOUBLE,0,1,1,False,-1
3626,TRIPLE,1,1,1,False,-1
3627,TRIPLE,1,1,1,False,-1
3628,TRIPLE,1,1,1,False,-1
3629,TRIPLE,1,1,1,False,-1
3630,SINGLE,0,0,1,False,-1
3631,TRIPLE,1,1,1,False,-1
3632,TRIPLE,1,1,1,False,-1
3633,TRIPLE,1,1,1,False,-1
3635,TRIPLE,1,1,1,False,-1
3636,TRIPLE,1,1,1,False,-1
3637,TRIPLE,1,1,1,False,-1
3639,TRIPLE,1,1,1,False,-1
3640,DOUBLE,0,1,1,False,-1
3641,TRIPLE,1,1,1,False,-1
3642,TRIPLE,1,1,1,False,-1
3643,SINGLE,0,0,1,False,-1
3644,TRIPLE,1,1,1,False,-1
3645,TRIPLE,1,1,1,False,-1
3646,TRIPLE,1,1,1,False,-1
3647,SINGLE,0,0,1,False,-1
3648,SINGLE,0,0,1,False,-1
3649,SINGLE,0,0,1,False,-1
3650,TRIPLE,1,1,1,False,-1
3651,DOUBLE,0,1,1,False,-1
3652,SINGLE,0,0,1,False,-1
3653,TRIPLE,1,1,1,False,-1
3654,DOUBLE,0,1,1,False,-1
3655,DOUBLE,0,1,1,False,-1
3656,TRIPLE,1,1,1,False,-1
3657,DOUBLE,0,1,1,False,-1
3658,TRIPLE,1,1,1,False,-1
3659,TRIPLE,1,1,1,False,-1
3660,TRIPLE,1,1,1,False,-1
3661,TRIPLE,1,1,1,False,-1
3662,SINGLE,0,0,1,False,-1
3663,DOUBLE,0,1,1,False,-1
3664,SINGLE,0,0,1,False,-1
3665,SINGLE,0,0,1,False,-1
3666,TRIPLE,1,1,1,False,-1
3667,DOUBLE,0,1,1,False,-1
3668,DOUBLE,0,1,1,False,-1
3669,TRIPLE,1,1,1,False,-1
3670,DOUBLE,0,1,1,False,-1
3671,DOUBLE,0,1,1,False,-1
3672,TRIPLE,1,1,1,False,-1
3673,SINGLE,0,0,1,False,-1
3674,DOUBLE,0,1,1,False,-1
3675,TRIPLE,1,1,1,False,-1
3676,SINGLE,0,0,1,False,-1
3677,DOUBLE,0,1,1,False,-1
3678,DOUBLE,0,1,1,False,-1
3679,TRIPLE,1,1,1,False,-1
3680,DOUBLE,0,1,1,False,-1
3681,SINGLE,0,0,1,False,-1
3683,SINGLE,0,0,1,False,-1
3684,DOUBLE,0,1,1,False,-1
3685,TRIPLE,1,1,1,False,-1
3686,DOUBLE,0,1,1,False,-1
3688,TRIPLE,1,1,1,False,-1
3689,DOUBLE,0,1,1,False,-1
3690,SINGLE,0,0,1,False,-1
3691,TRIPLE,1,1,1,False,-1
3692,TRIPLE,1,1,1,False,-1
3693,TRIPLE,1,1,1,False,-1
3694,DOUBLE,0,1,1,False,-1
3695,DOUBLE,0,1,1,False,-1
3696,TRIPLE,1,1,1,False,-1
3697,DOUBLE,0,1,1,False,-1
3698,TRIPLE,1,1,1,False,-1
3699,DOUBLE,0,1,1,False,-1
3700,DOUBLE,0,1,1,False,-1
3701,TRIPLE,1,1,1,False,-1
3702,DOUBLE,0,1,1,False,-1
3703,DOUBLE,0,1,1,False,-1
3704,DOUBLE,0,1,1,False,-1
3705,TRIPLE,1,1,1,False,-1
3706,TRIPLE,1,1,1,False,-1
3707,TRIPLE,1,1,1,False,-1
3708,DOUBLE,0,1,1,False,-1
3709,TRIPLE,1,1,1,False,-1
3710,SINGLE,0,0,1,False,-1
3711,TRIPLE,1,1,1,False,-1
3712,TRIPLE,1,1,1,False,-1
3713,SINGLE,0,0,1,False,-1
3714,TRIPLE,1,1,1,False,-1
3715,TRIPLE,1,1,1,False,-1
3716,TRIPLE,1,1,1,False,-1
3717,TRIPLE,1,1,1,False,-1
3718,DOUBLE,0,1,1,False,-1
3719,TRIPLE,1,1,1,False,-1
3720,DOUBLE,0,1,1,False,-1
3721,DOUBLE,0,1,1,False,-1
3722,DOUBLE,0,1,1,False,-1
3723,TRIPLE,1,1,1,False,-1
3724,TRIPLE,1,1,1,False,-1
3725,TRIPLE,1,1,1,False,-1
3726,TRIPLE,1,1,1,False,-1
3727,SINGLE,0,0,1,False,-1
3728,TRIPLE,1,1,1,False,-1
3729,SINGLE,0,0,1,False,-1
3730,DOUBLE,0,1,1,False,-1
3731,DOUBLE,0,1,1,False,-1
3732,TRIPLE,1,1,1,False,-1
3733,TRIPLE,1,1,1,False,-1
3734,TRIPLE,1,1,1,False,-1
3735,TRIPLE,1,1,1,False,-1
3736,TRIPLE,1,1,1,False,-1
3738,TRIPLE,1,1,1,False,-1
3739,TRIPLE,1,1,1,False,-1
3740,DOUBLE,0,1,1,False,-1
3741,DOUBLE,0,1,1,False,-1
3742,TRIPLE,1,1,1,False,-1
3743,SINGLE,0,0,1,False,-1
3744,TRIPLE,1,1,1,False,-1
3745,TRIPLE,1,1,1,False,-1
3746,TRIPLE,1,1,1,False,-1
3747,TRIPLE,1,1,1,False,-1
3748,TRIPLE,1,1,1,False,-1
3749,SINGLE,0,0,1,False,-1
3750,DOUBLE,0,1,1,False,-1
3751,TRIPLE,1,1,1,False,-1
3752,TRIPLE,1,1,1,False,-1
3753,TRIPLE,1,1,1,False,-1
3754,TRIPLE,1,1,1,False,-1
3755,DOUBLE,0,1,1,False,-1
3756,TRIPLE,1,1,1,False,-1
3757,DOUBLE,0,1,1,False,-1
3758,SINGLE,0,0,1,False,-1
3759,TRIPLE,1,1,1,False,-1
3760,TRIPLE,1,1,1,False,-1
3761,DOUBLE,0,1,1,False,-1
3762,TRIPLE,1,1,1,False,-1
3763,TRIPLE,1,1,1,False,-1
3765,DOUBLE,0,1,1,False,-1
3766,DOUBLE,0,1,1,False,-1
3767,DOUBLE,0,1,1,False,-1
3768,TRIPLE,1,1,1,False,-1
3769,TRIPLE,1,1,1,False,-1
3770,TRIPLE,1,1,1,False,-1
3772,TRIPLE,1,1,1,False,-1
3774,TRIPLE,1,1,1,False,-1
3775,DOUBLE,0,1,1,False,-1
3776,TRIPLE,1,1,1,False,-1
3777,DOUBLE,0,1,1,False,-1
3779,SINGLE,0,0,1,False,-1
3780,TRIPLE,1,1,1,False,-1
3781,DOUBLE,0,1,1,False,-1
3782,DOUBLE,0,1,1,False,-1
3783,TRIPLE,1,1,1,False,-1
3784,TRIPLE,1,1,1,False,-1
3785,TRIPLE,1,1,1,False,-1
3786,TRIPLE,1,1,1,False,-1
3787,TRIPLE,1,1,1,False,-1
3788,DOUBLE,0,1,1,False,-1
3789,DOUBLE,0,1,1,False,-1
3790,TRIPLE,1,1,1,False,-1
3791,DOUBLE,0,1,1,False,-1
3792,TRIPLE,1,1,1,False,-1
3793,TRIPLE,1,1,1,False,-1
3795,SINGLE,0,0,1,False,-1
3796,SINGLE,0,0,1,False,-1
3798,TRIPLE,1,1,1,False,-1
3799,TRIPLE,1,1,1,False,-1
3800,DOUBLE,0,1,1,False,-1
3802,TRIPLE,1,1,1,False,-1
3803,DOUBLE,0,1,1,False,-1
3804,DOUBLE,0,1,1,False,-1
3805,TRIPLE,1,1,1,False,-1
3806,TRIPLE,1,1,1,False,-1
3807,TRIPLE,1,1,1,False,-1
3808,SINGLE,0,0,1,False,-1
3809,SINGLE,0,0,1,False,-1
3810,TRIPLE,1,1,1,False,-1
3811,TRIPLE,1,1,1,False,-1
3813,TRIPLE,1,1,1,False,-1
3814,TRIPLE,1,1,1,False,-1
3815,TRIPLE,1,1,1,False,-1
3816,DOUBLE,0,1,1,False,-1
3818,DOUBLE,0,1,1,False,-1
3819,TRIPLE,1,1,1,False,-1
3820,TRIPLE,1,1,1,False,-1
3821,DOUBLE,0,1,1,False,-1
3822,DOUBLE,0,1,1,False,-1
3824,DOUBLE,0,1,1,False,-1
3825,TRIPLE,1,1,1,False,-1
3826,DOUBLE,0,1,1,False,-1
3827,TRIPLE,1,1,1,False,-1
3828,TRIPLE,1,1,1,False,-1
3829,TRIPLE,1,1,1,False,-1
3830,DOUBLE,0,1,1,False,-1
3831,DOUBLE,0,1,1,False,-1
3832,DOUBLE,0,1,1,False,-1
3833,TRIPLE,1,1,1,False,-1
3834,SINGLE,0,0,1,False,-1
3835,TRIPLE,1,1,1,False,-1
3836,TRIPLE,1,1,1,False,-1
3837,SINGLE,0,0,1,False,-1
3838,TRIPLE,1,1,1,False,-1
3840,TRIPLE,1,1,1,False,-1
3841,DOUBLE,0,1,1,False,-1
3842,DOUBLE,0,1,1,False,-1
3843,TRIPLE,1,1,1,False,-1
3845,TRIPLE,1,1,1,False,-1
3846,SINGLE,0,0,1,False,-1
3847,SINGLE,0,0,1,False,-1
3848,TRIPLE,1,1,1,False,-1
3849,DOUBLE,0,1,1,False,-1
3850,DOUBLE,0,1,1,False,-1
3851,TRIPLE,1,1,1,False,-1
3852,SINGLE,0,0,1,False,-1
3853,SINGLE,0,0,1,False,-1
3854,DOUBLE,0,1,1,False,-1
3855,TRIPLE,1,1,1,False,-1
3856,TRIPLE,1,1,1,False,-1
3857,SINGLE,0,0,1,False,-1
3858,DOUBLE,0,1,1,False,-1
3859,TRIPLE,1,1,1,False,-1
3861,TRIPLE,1,1,1,False,-1
3862,DOUBLE,0,1,1,False,-1
3863,TRIPLE,1,1,1,False,-1
3864,TRIPLE,1,1,1,False,-1
3865,TRIPLE,1,1,1,False,-1
3866,TRIPLE,1,1,1,False,-1
3867,TRIPLE,1,1,1,False,-1
3868,DOUBLE,0,1,1,False,-1
3869,TRIPLE,1,1,1,False,-1
3870,TRIPLE,1,1,1,False,-1
3871,TRIPLE,1,1,1,False,-1
3872,TRIPLE,1,1,1,False,-1
3873,TRIPLE,1,1,1,False,-1
3874,SINGLE,0,0,1,False,-1
3876,DOUBLE,0,1,1,False,-1
3877,TRIPLE,1,1,1,False,-1
3878,TRIPLE,1,1,1,False,-1
3881,TRIPLE,1,1,1,False,-1
3882,DOUBLE,0,1,1,False,-1
3884,TRIPLE,1,1,1,False,-1
3885,TRIPLE,1,1,1,False,-1
3886,TRIPLE,1,1,1,False,-1
3887,SINGLE,0,0,1,False,-1
3889,TRIPLE,1,1,1,False,-1
3890,DOUBLE,0,1,1,False,-1
3891,TRIPLE,1,1,1,False,-1
3892,DOUBLE,0,1,1,False,-1
3893,TRIPLE,1,1,1,False,-1
3894,TRIPLE,1,1,1,False,-1
3895,SINGLE,0,0,1,False,-1
3896,SINGLE,0,0,1,False,-1
3897,SINGLE,0,0,1,False,-1
3898,TRIPLE,1,1,1,False,-1
3900,TRIPLE,1,1,1,False,-1
3901,TRIPLE,1,1,1,False,-1
3902,DOUBLE,0,1,1,False,-1
3903,TRIPLE,1,1,1,False,-1
3904,DOUBLE,0,1,1,False,-1
3905,DOUBLE,0,1,1,False,-1
3906,DOUBLE,0,1,1,False,-1
3907,DOUBLE,0,1,1,False,-1
3908,DOUBLE,0,1,1,False,-1
3910,DOUBLE,0,1,1,False,-1
3912,DOUBLE,0,1,1,False,-1
3913,DOUBLE,0,1,1,False,-1
3914,DOUBLE,0,1,1,False,-1
3915,SINGLE,0,0,1,False,-1
3916,TRIPLE,1,1,1,False,-1
3917,TRIPLE,1,1,1,False,-1
3918,TRIPLE,1,1,1,False,-1
3919,TRIPLE,1,1,1,False,-1
3920,TRIPLE,1,1,1,False,-1
3921,TRIPLE,1,1,1,False,-1
3922,DOUBLE,0,1,1,False,-1
3924,TRIPLE,1,1,1,False,-1
3925,DOUBLE,0,1,1,False,-1
3926,TRIPLE,1,1,1,False,-1
3927,SINGLE,0,0,1,False,-1
3929,TRIPLE,1,1,1,False,-1
3930,TRIPLE,1,1,1,False,-1
3931,DOUBLE,0,1,1,False,-1
3932,DOUBLE,0,1,1,False,-1
3933,TRIPLE,1,1,1,False,-1
3934,TRIPLE,1,1,1,False,-1
3935,TRIPLE,1,1,1,False,-1
3936,SINGLE,0,0,1,False,-1
3937,TRIPLE,1,1,1,False,-1
3938,TRIPLE,1,1,1,False,-1
3940,SINGLE,0,0,1,False,-1
3941,SINGLE,0,0,1,False,-1
3942,SINGLE,0,0,1,False,-1
3943,TRIPLE,1,1,1,False,-1
3944,DOUBLE,0,1,1,False,-1
3945,TRIPLE,1,1,1,False,-1
3946,SINGLE,0,0,1,False,-1
3947,TRIPLE,1,1,1,False,-1
3948,TRIPLE,1,1,1,False,-1
3949,TRIPLE,1,1,1,False,-1
3950,TRIPLE,1,1,1,False,-1
3951,DOUBLE,0,1,1,False,-1
3952,TRIPLE,1,1,1,False,-1
3953,TRIPLE,1,1,1,False,-1
3954,DOUBLE,0,1,1,False,-1
3955,TRIPLE,1,1,1,False,-1
3956,DOUBLE,0,1,1,False,-1
3957,SINGLE,0,0,1,False,-1
3958,TRIPLE,1,1,1,False,-1
3959,SINGLE,0,0,1,False,-1
3960,SINGLE,0,0,1,False,-1
3961,SINGLE,0,0,1,False,-1
3962,TRIPLE,1,1,1,False,-1
3963,DOUBLE,0,1,1,False,-1
3964,DOUBLE,0,1,1,False,-1
3965,TRIPLE,1,1,1,False,-1
3966,TRIPLE,1,1,1,False,-1
3967,TRIPLE,1,1,1,False,-1
3968,TRIPLE,1,1,1,False,-1
3969,TRIPLE,1,1,1,False,-1
3970,SINGLE,0,0,1,False,-1
3971,DOUBLE,0,1,1,False,-1
3972,TRIPLE,1,1,1,False,-1
3974,DOUBLE,0,1,1,False,-1
3975,TRIPLE,1,1,1,False,-1
3976,TRIPLE,1,1,1,False,-1
3978,TRIPLE,1,1,1,False,-1
3981,TRIPLE,1,1,1,False,-1
3982,TRIPLE,1,1,1,False,-1
3983,DOUBLE,0,1,1,False,-1
3984,TRIPLE,1,1,1,False,-1
3985,TRIPLE,1,1,1,False,-1
3986,TRIPLE,1,1,1,False,-1
3987,DOUBLE,0,1,1,False,-1
3988,SINGLE,0,0,1,False,-1
3989,SINGLE,0,0,1,False,-1
3990,SINGLE,0,0,1,False,-1
3991,SINGLE,0,0,1,False,-1
3992,SINGLE,0,0,1,False,-1
3993,TRIPLE,1,1,1,False,-1
3994,TRIPLE,1,1,1,False,-1
3995,TRIPLE,1,1,1,False,-1
3996,TRIPLE,1,1,1,False,-1
3997,TRIPLE,1,1,1,False,-1
3998,TRIPLE,1,1,1,False,-1
3999,TRIPLE,1,1,1,False,-1
4000,TRIPLE,1,1,1,False,-1
4001,TRIPLE,1,1,1,False,-1
4002,TRIPLE,1,1,1,False,-1
4003,TRIPLE,1,1,1,False,-1
4005,SINGLE,0,0,1,False,-1
4007,TRIPLE,1,1,1,False,-1
4008,TRIPLE,1,1,1,False,-1
4009,DOUBLE,0,1,1,False,-1
4010,TRIPLE,1,1,1,False,-1
4011,TRIPLE,1,1,1,False,-1
4012,DOUBLE,0,1,1,False,-1
4013,DOUBLE,0,1,1,False,-1
4014,DOUBLE,0,1,1,False,-1
4015,TRIPLE,1,1,1,False,-1
4016,TRIPLE,1,1,1,False,-1
4017,SINGLE,0,0,1,False,-1
4018,TRIPLE,1,1,1,False,-1
4019,TRIPLE,1,1,1,False,-1
4020,TRIPLE,1,1,1,False,-1
4023,DOUBLE,0,1,1,False,-1
4024,TRIPLE,1,1,1,False,-1
4025,TRIPLE,1,1,1,False,-1
4026,TRIPLE,1,1,1,False,-1
4027,DOUBLE,0,1,1,False,-1
4028,SINGLE,0,0,1,False,-1
4029,DOUBLE,0,1,1,False,-1
4030,TRIPLE,1,1,1,False,-1
4031,DOUBLE,0,1,1,False,-1
4032,TRIPLE,1,1,1,False,-1
4034,TRIPLE,1,1,1,False,-1
4035,SINGLE,0,0,1,False,-1
4036,SINGLE,0,0,1,False,-1
4037,SINGLE,0,0,1,False,-1
4038,SINGLE,0,0,1,False,-1
4040,DOUBLE,0,1,1,False,-1
4041,DOUBLE,0,1,1,False,-1
4043,TRIPLE,1,1,1,False,-1
4044,TRIPLE,1,1,1,False,-1
4045,TRIPLE,1,1,1,False,-1
4046,DOUBLE,0,1,1,False,-1
4047,TRIPLE,1,1,1,False,-1
4048,TRIPLE,1,1,1,False,-1
4049,TRIPLE,1,1,1,False,-1
4050,DOUBLE,0,1,1,False,-1
4052,TRIPLE,1,1,1,False,-1
4053,TRIPLE,1,1,1,False,-1
4054,DOUBLE,0,1,1,False,-1
4055,TRIPLE,1,1,1,False,-1
4056,TRIPLE,1,1,1,False,-1
4057,TRIPLE,1,1,1,False,-1
4058,TRIPLE,1,1,1,False,-1
4059,SINGLE,0,0,1,False,-1
4060,TRIPLE,1,1,1,False,-1
4061,TRIPLE,1,1,1,False,-1
4062,TRIPLE,1,1,1,False,-1
4063,TRIPLE,1,1,1,False,-1
4065,DOUBLE,0,1,1,False,-1
4066,DOUBLE,0,1,1,False,-1
4067,DOUBLE,0,1,1,False,-1
4069,TRIPLE,1,1,1,False,-1
4070,DOUBLE,0,1,1,False,-1
4071,TRIPLE,1,1,1,False,-1
4072,TRIPLE,1,1,1,False,-1
4073,DOUBLE,0,1,1,False,-1
4075,TRIPLE,1,1,1,False,-1
4076,DOUBLE,0,1,1,False,-1
4077,TRIPLE,1,1,1,False,-1
4078,DOUBLE,0,1,1,False,-1
4079,TRIPLE,1,1,1,False,-1
4080,TRIPLE,1,1,1,False,-1
4081,TRIPLE,1,1,1,False,-1
4082,SINGLE,0,0,1,False,-1
4083,DOUBLE,0,1,1,False,-1
4084,TRIPLE,1,1,1,False,-1
4085,DOUBLE,0,1,1,False,-1
4086,DOUBLE,0,1,1,False,-1
4087,TRIPLE,1,1,1,False,-1
4088,DOUBLE,0,1,1,False,-1
4090,TRIPLE,1,1,1,False,-1
4091,TRIPLE,1,1,1,False,-1
4092,DOUBLE,0,1,1,False,-1
4093,TRIPLE,1,1,1,False,-1
4094,TRIPLE,1,1,1,False,-1
4095,TRIPLE,1,1,1,False,-1
4096,TRIPLE,1,1,1,False,-1
4097,TRIPLE,1,1,1,False,-1
4098,TRIPLE,1,1,1,False,-1
4099,TRIPLE,1,1,1,False,-1
4100,SINGLE,0,0,1,False,-1
4101,TRIPLE,1,1,1,False,-1
4102,TRIPLE,1,1,1,False,-1
4103,TRIPLE,1,1,1,False,-1
4104,DOUBLE,0,1,1,False,-1
4105,TRIPLE,1,1,1,False,-1
4106,DOUBLE,0,1,1,False,-1
4107,TRIPLE,1,1,1,False,-1
4108,SINGLE,0,0,1,False,-1
4109,SINGLE,0,0,1,False,-1
4110,TRIPLE,1,1,1,False,-1
4111,TRIPLE,1,1,1,False,-1
4112,TRIPLE,1,1,1,False,-1
4113,DOUBLE,0,1,1,False,-1
4114,DOUBLE,0,1,1,False,-1
4115,SINGLE,0,0,1,False,-1
4116,SINGLE,0,0,1,False,-1
4117,TRIPLE,1,1,1,False,-1
4119,DOUBLE,0,1,1,False,-1
4120,TRIPLE,1,1,1,False,-1
4122,TRIPLE,1,1,1,False,-1
4123,SINGLE,0,0,1,False,-1
4124,SINGLE,0,0,1,False,-1
4125,TRIPLE,1,1,1,False,-1
4126,SINGLE,0,0,1,False,-1
4127,TRIPLE,1,1,1,False,-1
4128,SINGLE,0,0,1,False,-1
4129,SINGLE,0,0,1,False,-1
4130,DOUBLE,0,1,1,False,-1
4131,TRIPLE,1,1,1,False,-1
4132,SINGLE,0,0,1,False,-1
4133,TRIPLE,1,1,1,False,-1
4134,TRIPLE,1,1,1,False,-1
4135,TRIPLE,1,1,1,False,-1
4136,TRIPLE,1,1,1,False,-1
4138,TRIPLE,1,1,1,False,-1
4139,TRIPLE,1,1,1,False,-1
4140,TRIPLE,1,1,1,False,-1
4141,DOUBLE,0,1,1,False,-1
4142,SINGLE,0,0,1,False,-1
4143,DOUBLE,0,1,1,False,-1
4144,TRIPLE,1,1,1,False,-1
4145,TRIPLE,1,1,1,False,-1
4146,TRIPLE,1,1,1,False,-1
4147,SINGLE,0,0,1,False,-1
4148,DOUBLE,0,1,1,False,-1
4149,DOUBLE,0,1,1,False,-1
4150,TRIPLE,1,1,1,False,-1
4151,TRIPLE,1,1,1,False,-1
4152,TRIPLE,1,1,1,False,-1
4154,TRIPLE,1,1,1,False,-1
4155,TRIPLE,1,1,1,False,-1
4156,TRIPLE,1,1,1,False,-1
4157,DOUBLE,0,1,1,False,-1
4158,TRIPLE,1,1,1,False,-1
4159,TRIPLE,1,1,1,False,-1
4160,TRIPLE,1,1,1,False,-1
4161,SINGLE,0,0,1,False,-1
4162,TRIPLE,1,1,1,False,-1
4163,TRIPLE,1,1,1,False,-1
4164,SINGLE,0,0,1,False,-1
4165,TRIPLE,1,1,1,False,-1
4166,DOUBLE,0,1,1,False,-1
4167,SINGLE,0,0,1,False,-1
4168,TRIPLE,1,1,1,False,-1
4169,TRIPLE,1,1,1,False,-1
4171,TRIPLE,1,1,1,False,-1
4172,TRIPLE,1,1,1,False,-1
4173,TRIPLE,1,1,1,False,-1
4174,TRIPLE,1,1,1,False,-1
4175,TRIPLE,1,1,1,False,-1
4176,TRIPLE,1,1,1,False,-1
4177,TRIPLE,1,1,1,False,-1
4178,SINGLE,0,0,1,False,-1
4179,TRIPLE,1,1,1,False,-1
4180,DOUBLE,0,1,1,False,-1
4181,TRIPLE,1,1,1,False,-1
4182,TRIPLE,1,1,1,False,-1
4183,TRIPLE,1,1,1,False,-1
4184,TRIPLE,1,1,1,False,-1
4185,TRIPLE,1,1,1,False,-1
4186,TRIPLE,1,1,1,False,-1
4187,SINGLE,0,0,1,False,-1
4188,DOUBLE,0,1,1,False,-1
4189,TRIPLE,1,1,1,False,-1
4190,SINGLE,0,0,1,False,-1
4191,TRIPLE,1,1,1,False,-1
4192,TRIPLE,1,1,1,False,-1
4193,SINGLE,0,0,1,False,-1
4194,TRIPLE,1,1,1,False,-1
4195,DOUBLE,0,1,1,False,-1
4196,TRIPLE,1,1,1,False,-1
4197,TRIPLE,1,1,1,False,-1
4198,SINGLE,0,0,1,False,-1
4199,SINGLE,0,0,1,False,-1
4200,TRIPLE,1,1,1,False,-1
4201,TRIPLE,1,1,1,False,-1
4202,TRIPLE,1,1,1,False,-1
4203,TRIPLE,1,1,1,False,-1
4204,TRIPLE,1,1,1,False,-1
4205,SINGLE,0,0,1,False,-1
4206,TRIPLE,1,1,1,False,-1
4207,TRIPLE,1,1,1,False,-1
4208,DOUBLE,0,1,1,False,-1
4209,TRIPLE,1,1,1,False,-1
4211,TRIPLE,1,1,1,False,-1
4212,SINGLE,0,0,1,False,-1
4213,TRIPLE,1,1,1,False,-1
4214,DOUBLE,0,1,1,False,-1
4215,TRIPLE,1,1,1,False,-1
4216,TRIPLE,1,1,1,False,-1
4217,TRIPLE,1,1,1,False,-1
4218,TRIPLE,1,1,1,False,-1
4219,TRIPLE,1,1,1,False,-1
4221,TRIPLE,1,1,1,False,-1
4222,SINGLE,0,0,1,False,-1
4223,TRIPLE,1,1,1,False,-1
4224,DOUBLE,0,1,1,False,-1
4225,TRIPLE,1,1,1,False,-1
4226,TRIPLE,1,1,1,False,-1
4227,DOUBLE,0,1,1,False,-1
4228,TRIPLE,1,1,1,False,-1
4229,TRIPLE,1,1,1,False,-1
4230,TRIPLE,1,1,1,False,-1
4231,TRIPLE,1,1,1,False,-1
4232,TRIPLE,1,1,1,False,-1
4234,DOUBLE,0,1,1,False,-1
4235,SINGLE,0,0,1,False,-1
4236,DOUBLE,0,1,1,False,-1
4237,TRIPLE,1,1,1,False,-1
4238,DOUBLE,0,1,1,False,-1
4239,DOUBLE,0,1,1,False,-1
4240,SINGLE,0,0,1,False,-1
4241,TRIPLE,1,1,1,False,-1
4242,TRIPLE,1,1,1,False,-1
4243,DOUBLE,0,1,1,False,-1
4244,TRIPLE,1,1,1,False,-1
4245,TRIPLE,1,1,1,False,-1
4246,TRIPLE,1,1,1,False,-1
4247,DOUBLE,0,1,1,False,-1
4248,TRIPLE,1,1,1,False,-1
4249,SINGLE,0,0,1,False,-1
4250,TRIPLE,1,1,1,False,-1
4251,TRIPLE,1,1,1,False,-1
4252,SINGLE,0,0,1,False,-1
4253,TRIPLE,1,1,1,False,-1
4254,TRIPLE,1,1,1,False,-1
4255,SINGLE,0,0,1,False,-1
4256,TRIPLE,1,1,1,False,-1
4257,TRIPLE,1,1,1,False,-1
4258,TRIPLE,1,1,1,False,-1
4260,DOUBLE,0,1,1,False,-1
4261,TRIPLE,1,1,1,False,-1
4262,DOUBLE,0,1,1,False,-1
4263,SINGLE,0,0,1,False,-1
4264,SINGLE,0,0,1,False,-1
4265,TRIPLE,1,1,1,False,-1
4266,TRIPLE,1,1,1,False,-1
4267,TRIPLE,1,1,1,False,-1
4268,TRIPLE,1,1,1,False,-1
4269,TRIPLE,1,1,1,False,-1
4270,SINGLE,0,0,1,False,-1
4271,SINGLE,0,0,1,False,-1
4272,TRIPLE,1,1,1,False,-1
4273,TRIPLE,1,1,1,False,-1
4275,DOUBLE,0,1,1,False,-1
4276,TRIPLE,1,1,1,False,-1
4279,DOUBLE,0,1,1,False,-1
4280,TRIPLE,1,1,1,False,-1
4281,SINGLE,0,0,1,False,-1
4282,DOUBLE,0,1,1,False,-1
4283,SINGLE,0,0,1,False,-1
4284,SINGLE,0,0,1,False,-1
4285,DOUBLE,0,1,1,False,-1
4286,TRIPLE,1,1,1,False,-1
4288,SINGLE,0,0,1,False,-1
4289,DOUBLE,0,1,1,False,-1
4292,TRIPLE,1,1,1,False,-1
4293,TRIPLE,1,1,1,False,-1
4294,DOUBLE,0,1,1,False,-1
4295,TRIPLE,1,1,1,False,-1
4296,DOUBLE,0,1,1,False,-1
4297,DOUBLE,0,1,1,False,-1
4298,SINGLE,0,0,1,False,-1
4299,TRIPLE,1,1,1,False,-1
4300,DOUBLE,0,1,1,False,-1
4301,TRIPLE,1,1,1,False,-1
4302,DOUBLE,0,1,1,False,-1
4303,TRIPLE,1,1,1,False,-1
4304,TRIPLE,1,1,1,False,-1
4305,TRIPLE,1,1,1,False,-1
4307,TRIPLE,1,1,1,False,-1
4308,TRIPLE,1,1,1,False,-1
4310,DOUBLE,0,1,1,False,-1
4312,TRIPLE,1,1,1,False,-1
4314,SINGLE,0,0,1,False,-1
4315,SINGLE,0,0,1,False,-1
4316,TRIPLE,1,1,1,False,-1
4317,TRIPLE,1,1,1,False,-1
4319,SINGLE,0,0,1,False,-1
4320,DOUBLE,0,1,1,False,-1
4321,SINGLE,0,0,1,False,-1
4323,TRIPLE,1,1,1,False,-1
4324,SINGLE,0,0,1,False,-1
4325,DOUBLE,0,1,1,False,-1
4326,DOUBLE,0,1,1,False,-1
4327,DOUBLE,0,1,1,False,-1
4328,TRIPLE,1,1,1,False,-1
4329,SINGLE,0,0,1,False,-1
4330,DOUBLE,0,1,1,False,-1
4331,TRIPLE,1,1,1,False,-1
4332,DOUBLE,0,1,1,False,-1
4333,DOUBLE,0,1,1,False,-1
4334,TRIPLE,1,1,1,False,-1
4335,TRIPLE,1,1,1,False,-1
4338,TRIPLE,1,1,1,False,-1
4339,DOUBLE,0,1,1,False,-1
4340,DOUBLE,0,1,1,False,-1
4341,TRIPLE,1,1,1,False,-1
4342,SINGLE,0,0,1,False,-1
4343,TRIPLE,1,1,1,False,-1
4344,TRIPLE,1,1,1,False,-1
4345,DOUBLE,0,1,1,False,-1
4346,TRIPLE,1,1,1,False,-1
4347,DOUBLE,0,1,1,False,-1
4348,DOUBLE,0,1,1,False,-1
4350,SINGLE,0,0,1,False,-1
4351,SINGLE,0,0,1,False,-1
4352,TRIPLE,1,1,1,False,-1
4353,TRIPLE,1,1,1,False,-1
4354,TRIPLE,1,1,1,False,-1
4355,TRIPLE,1,1,1,False,-1
4356,TRIPLE,1,1,1,False,-1
4358,TRIPLE,1,1,1,False,-1
4359,DOUBLE,0,1,1,False,-1
4360,DOUBLE,0,1,1,False,-1
4362,DOUBLE,0,1,1,False,-1
4363,TRIPLE,1,1,1,False,-1
4364,TRIPLE,1,1,1,False,-1
4365,TRIPLE,1,1,1,False,-1
4366,TRIPLE,1,1,1,False,-1
4367,TRIPLE,1,1,1,False,-1
4368,TRIPLE,1,1,1,False,-1
4369,DOUBLE,0,1,1,False,-1
4370,TRIPLE,1,1,1,False,-1
4371,TRIPLE,1,1,1,False,-1
4372,TRIPLE,1,1,1,False,-1
4373,DOUBLE,0,1,1,False,-1
4374,TRIPLE,1,1,1,False,-1
4375,TRIPLE,1,1,1,False,-1
4376,TRIPLE,1,1,1,False,-1
4377,SINGLE,0,0,1,False,-1
4378,TRIPLE,1,1,1,False,-1
4379,TRIPLE,1,1,1,False,-1
4380,TRIPLE,1,1,1,False,-1
4381,TRIPLE,1,1,1,False,-1
4382,DOUBLE,0,1,1,False,-1
4383,TRIPLE,1,1,1,False,-1
4384,DOUBLE,0,1,1,False,-1
4385,TRIPLE,1,1,1,False,-1
4386,TRIPLE,1,1,1,False,-1
4387,DOUBLE,0,1,1,False,-1
4388,SINGLE,0,0,1,False,-1
4389,DOUBLE,0,1,1,False,-1
4390,TRIPLE,1,1,1,False,-1
4393,SINGLE,0,0,1,False,-1
4394,DOUBLE,0,1,1,False,-1
4395,DOUBLE,0,1,1,False,-1
4396,DOUBLE,0,1,1,False,-1
4397,TRIPLE,1,1,1,False,-1
4398,TRIPLE,1,1,1,False,-1
4399,TRIPLE,1,1,1,False,-1
4400,DOUBLE,0,1,1,False,-1
4401,DOUBLE,0,1,1,False,-1
4402,TRIPLE,1,1,1,False,-1
4403,TRIPLE,1,1,1,False,-1
4404,TRIPLE,1,1,1,False,-1
4405,TRIPLE,1,1,1,False,-1
4406,DOUBLE,0,1,1,False,-1
4407,TRIPLE,1,1,1,False,-1
4408,TRIPLE,1,1,1,False,-1
4409,DOUBLE,0,1,1,False,-1
4410,TRIPLE,1,1,1,False,-1
4411,TRIPLE,1,1,1,False,-1
4412,TRIPLE,1,1,1,False,-1
4413,DOUBLE,0,1,1,False,-1
4415,DOUBLE,0,1,1,False,-1
4416,DOUBLE,0,1,1,False,-1
4418,TRIPLE,1,1,1,False,-1
4419,TRIPLE,1,1,1,False,-1
4420,TRIPLE,1,1,1,False,-1
4421,DOUBLE,0,1,1,False,-1
4422,SINGLE,0,0,1,False,-1
4423,TRIPLE,1,1,1,False,-1
4424,SINGLE,0,0,1,False,-1
4425,DOUBLE,0,1,1,False,-1
4426,DOUBLE,0,1,1,False,-1
4427,SINGLE,0,0,1,False,-1
4428,TRIPLE,1,1,1,False,-1
4429,DOUBLE,0,1,1,False,-1
4430,DOUBLE,0,1,1,False,-1
4431,DOUBLE,0,1,1,False,-1
4432,DOUBLE,0,1,1,False,-1
4433,TRIPLE,1,1,1,False,-1
4434,TRIPLE,1,1,1,False,-1
4435,TRIPLE,1,1,1,False,-1
4436,TRIPLE,1,1,1,False,-1
4437,TRIPLE,1,1,1,False,-1
4438,SINGLE,0,0,1,False,-1
4439,TRIPLE,1,1,1,False,-1
4440,TRIPLE,1,1,1,False,-1
4441,TRIPLE,1,1,1,False,-1
4442,DOUBLE,0,1,1,False,-1
4443,TRIPLE,1,1,1,False,-1
4444,TRIPLE,1,1,1,False,-1
4445,SINGLE,0,0,1,False,-1
4446,DOUBLE,0,1,1,False,-1
4447,TRIPLE,1,1,1,False,-1
4448,TRIPLE,1,1,1,False,-1
4449,SINGLE,0,0,1,False,-1
4450,TRIPLE,1,1,1,False,-1
4451,TRIPLE,1,1,1,False,-1
4452,SINGLE,0,0,1,False,-1
4453,DOUBLE,0,1,1,False,-1
4454,TRIPLE,1,1,1,False,-1
4455,SINGLE,0,0,1,False,-1
4456,TRIPLE,1,1,1,False,-1
4457,TRIPLE,1,1,1,False,-1
4458,TRIPLE,1,1,1,False,-1
4459,TRIPLE,1,1,1,False,-1
4460,TRIPLE,1,1,1,False,-1
4462,DOUBLE,0,1,1,False,-1
4463,TRIPLE,1,1,1,False,-1
4464,DOUBLE,0,1,1,False,-1
4465,TRIPLE,1,1,1,False,-1
4466,TRIPLE,1,1,1,False,-1
4467,TRIPLE,1,1,1,False,-1
4468,DOUBLE,0,1,1,False,-1
4469,TRIPLE,1,1,1,False,-1
4470,TRIPLE,1,1,1,False,-1
4471,DOUBLE,0,1,1,False,-1
4472,TRIPLE,1,1,1,False,-1
4473,DOUBLE,0,1,1,False,-1
4475,TRIPLE,1,1,1,False,-1
4476,TRIPLE,1,1,1,False,-1
4477,TRIPLE,1,1,1,False,-1
4478,TRIPLE,1,1,1,False,-1
4479,DOUBLE,0,1,1,False,-1
4480,TRIPLE,1,1,1,False,-1
4481,TRIPLE,1,1,1,False,-1
4482,SINGLE,0,0,1,False,-1
4483,DOUBLE,0,1,1,False,-1
4484,DOUBLE,0,1,1,False,-1
4485,TRIPLE,1,1,1,False,-1
4486,SINGLE,0,0,1,False,-1
4487,TRIPLE,1,1,1,False,-1
4488,TRIPLE,1,1,1,False,-1
4489,TRIPLE,1,1,1,False,-1
4490,SINGLE,0,0,1,False,-1
4491,SINGLE,0,0,1,False,-1
4492,TRIPLE,1,1,1,False,-1
4493,DOUBLE,0,1,1,False,-1
4494,TRIPLE,1,1,1,False,-1
4495,DOUBLE,0,1,1,False,-1
4496,TRIPLE,1,1,1,False,-1
4497,DOUBLE,0,1,1,False,-1
4498,TRIPLE,1,1,1,False,-1
4499,DOUBLE,0,1,1,False,-1
4500,TRIPLE,1,1,1,False,-1
4501,TRIPLE,1,1,1,False,-1
4502,TRIPLE,1,1,1,False,-1
4503,TRIPLE,1,1,1,False,-1
4504,DOUBLE,0,1,1,False,-1
4506,DOUBLE,0,1,1,False,-1
4507,TRIPLE,1,1,1,False,-1
4508,DOUBLE,0,1,1,False,-1
4509,DOUBLE,0,1,1,False,-1
4510,TRIPLE,1,1,1,False,-1
4511,TRIPLE,1,1,1,False,-1
4512,TRIPLE,1,1,1,False,-1
4513,DOUBLE,0,1,1,False,-1
4515,TRIPLE,1,1,1,False,-1
4516,TRIPLE,1,1,1,False,-1
4517,TRIPLE,1,1,1,False,-1
4518,TRIPLE,1,1,1,False,-1
4519,TRIPLE,1,1,1,False,-1
4520,TRIPLE,1,1,1,False,-1
4521,TRIPLE,1,1,1,False,-1
4522,DOUBLE,0,1,1,False,-1
4523,SINGLE,0,0,1,False,-1
4524,TRIPLE,1,1,1,False,-1
4525,DOUBLE,0,1,1,False,-1
4526,SINGLE,0,0,1,False,-1
4527,TRIPLE,1,1,1,False,-1
4528,TRIPLE,1,1,1,False,-1
4529,TRIPLE,1,1,1,False,-1
4530,TRIPLE,1,1,1,False,-1
4531,TRIPLE,1,1,1,False,-1
4533,TRIPLE,1,1,1,False,-1
4534,TRIPLE,1,1,1,False,-1
4535,TRIPLE,1,1,1,False,-1
4536,TRIPLE,1,1,1,False,-1
4537,SINGLE,0,0,1,False,-1
4538,SINGLE,0,0,1,False,-1
4539,DOUBLE,0,1,1,False,-1
4541,TRIPLE,1,1,1,False,-1
4542,SINGLE,0,0,1,False,-1
4543,TRIPLE,1,1,1,False,-1
4544,SINGLE,0,0,1,False,-1
4546,DOUBLE,0,1,1,False,-1
4547,DOUBLE,0,1,1,False,-1
4548,TRIPLE,1,1,1,False,-1
4549,TRIPLE,1,1,1,False,-1
4550,TRIPLE,1,1,1,False,-1
4551,TRIPLE,1,1,1,False,-1
4552,DOUBLE,0,1,1,False,-1
4553,TRIPLE,1,1,1,False,-1
4554,SINGLE,0,0,1,False,-1
4555,SINGLE,0,0,1,False,-1
4557,TRIPLE,1,1,1,False,-1
4558,DOUBLE,0,1,1,False,-1
4559,TRIPLE,1,1,1,False,-1
4560,TRIPLE,1,1,1,False,-1
4561,TRIPLE,1,1,1,False,-1
4562,TRIPLE,1,1,1,False,-1
4563,TRIPLE,1,1,1,False,-1
4564,DOUBLE,0,1,1,False,-1
4565,TRIPLE,1,1,1,False,-1
4566,SINGLE,0,0,1,False,-1
4567,DOUBLE,0,1,1,False,-1
4568,TRIPLE,1,1,1,False,-1
4569,TRIPLE,1,1,1,False,-1
4570,SINGLE,0,0,1,False,-1
4571,SINGLE,0,0,1,False,-1
4572,TRIPLE,1,1,1,False,-1
4573,TRIPLE,1,1,1,False,-1
4574,TRIPLE,1,1,1,False,-1
4575,TRIPLE,1,1,1,False,-1
4577,DOUBLE,0,1,1,False,-1
4578,TRIPLE,1,1,1,False,-1
4579,TRIPLE,1,1,1,False,-1
4580,TRIPLE,1,1,1,False,-1
4581,TRIPLE,1,1,1,False,-1
4583,TRIPLE,1,1,1,False,-1
4584,DOUBLE,0,1,1,False,-1
4585,SINGLE,0,0,1,False,-1
4586,TRIPLE,1,1,1,False,-1
4587,TRIPLE,1,1,1,False,-1
4588,SINGLE,0,0,1,False,-1
4589,TRIPLE,1,1,1,False,-1
4590,SINGLE,0,0,1,False,-1
4591,TRIPLE,1,1,1,False,-1
4592,DOUBLE,0,1,1,False,-1
4593,TRIPLE,1,1,1,False,-1
4594,SINGLE,0,0,1,False,-1
4596,TRIPLE,1,1,1,False,-1
4597,TRIPLE,1,1,1,False,-1
4598,TRIPLE,1,1,1,False,-1
4599,DOUBLE,0,1,1,False,-1
4600,TRIPLE,1,1,1,False,-1
4601,DOUBLE,0,1,1,False,-1
4603,TRIPLE,1,1,1,False,-1
4604,DOUBLE,0,1,1,False,-1
4605,TRIPLE,1,1,1,False,-1
4606,TRIPLE,1,1,1,False,-1
4607,TRIPLE,1,1,1,False,-1
4608,DOUBLE,0,1,1,False,-1
4609,TRIPLE,1,1,1,False,-1
4610,DOUBLE,0,1,1,False,-1
4611,TRIPLE,1,1,1,False,-1
4612,TRIPLE,1,1,1,False,-1
4614,DOUBLE,0,1,1,False,-1
4615,TRIPLE,1,1,1,False,-1
4617,DOUBLE,0,1,1,False,-1
4618,TRIPLE,1,1,1,False,-1
4619,SINGLE,0,0,1,False,-1
4621,DOUBLE,0,1,1,False,-1
4622,TRIPLE,1,1,1,False,-1
4623,TRIPLE,1,1,1,False,-1
4624,DOUBLE,0,1,1,False,-1
4625,TRIPLE,1,1,1,False,-1
4626,TRIPLE,1,1,1,False,-1
4627,TRIPLE,1,1,1,False,-1
4628,TRIPLE,1,1,1,False,-1
4629,SINGLE,0,0,1,False,-1
4630,TRIPLE,1,1,1,False,-1
4631,TRIPLE,1,1,1,False,-1
4632,DOUBLE,0,1,1,False,-1
4633,TRIPLE,1,1,1,False,-1
4634,TRIPLE,1,1,1,False,-1
4635,DOUBLE,0,1,1,False,-1
4636,DOUBLE,0,1,1,False,-1
4637,DOUBLE,0,1,1,False,-1
4638,TRIPLE,1,1,1,False,-1
4639,DOUBLE,0,1,1,False,-1
4640,TRIPLE,1,1,1,False,-1
4641,TRIPLE,1,1,1,False,-1
4642,DOUBLE,0,1,1,False,-1
4643,TRIPLE,1,1,1,False,-1
4644,SINGLE,0,0,1,False,-1
4645,DOUBLE,0,1,1,False,-1
4646,SINGLE,0,0,1,False,-1
4647,TRIPLE,1,1,1,False,-1
4648,TRIPLE,1,1,1,False,-1
4649,DOUBLE,0,1,1,False,-1
4650,DOUBLE,0,1,1,False,-1
4651,TRIPLE,1,1,1,False,-1
4652,DOUBLE,0,1,1,False,-1
4654,TRIPLE,1,1,1,False,-1
4655,TRIPLE,1,1,1,False,-1
4656,DOUBLE,0,1,1,False,-1
4657,SINGLE,0,0,1,False,-1
4658,SINGLE,0,0,1,False,-1
4659,DOUBLE,0,1,1,False,-1
4660,DOUBLE,0,1,1,False,-1
4661,DOUBLE,0,1,1,False,-1
4662,DOUBLE,0,1,1,False,-1
4663,DOUBLE,0,1,1,False,-1
4664,TRIPLE,1,1,1,False,-1
4665,DOUBLE,0,1,1,False,-1
4667,TRIPLE,1,1,1,False,-1
4668,TRIPLE,1,1,1,False,-1
4669,SINGLE,0,0,1,False,-1
4670,DOUBLE,0,1,1,False,-1
4671,TRIPLE,1,1,1,False,-1
4672,TRIPLE,1,1,1,False,-1
4674,SINGLE,0,0,1,False,-1
4675,TRIPLE,1,1,1,False,-1
4676,TRIPLE,1,1,1,False,-1
4677,TRIPLE,1,1,1,False,-1
4678,TRIPLE,1,1,1,False,-1
4679,TRIPLE,1,1,1,False,-1
4680,TRIPLE,1,1,1,False,-1
4681,TRIPLE,1,1,1,False,-1
4682,TRIPLE,1,1,1,False,-1
4683,TRIPLE,1,1,1,False,-1
4684,TRIPLE,1,1,1,False,-1
4685,TRIPLE,1,1,1,False,-1
4686,DOUBLE,0,1,1,False,-1
4687,DOUBLE,0,1,1,False,-1
4689,SINGLE,0,0,1,False,-1
4690,TRIPLE,1,1,1,False,-1
4691,TRIPLE,1,1,1,False,-1
4692,DOUBLE,0,1,1,False,-1
4694,DOUBLE,0,1,1,False,-1
4695,TRIPLE,1,1,1,False,-1
4696,TRIPLE,1,1,1,False,-1
4697,TRIPLE,1,1,1,False,-1
4698,TRIPLE,1,1,1,False,-1
4699,SINGLE,0,0,1,False,-1
4700,TRIPLE,1,1,1,False,-1
4701,SINGLE,0,0,1,False,-1
4703,TRIPLE,1,1,1,False,-1
4704,SINGLE,0,0,1,False,-1
4705,DOUBLE,0,1,1,False,-1
4706,TRIPLE,1,1,1,False,-1
4707,TRIPLE,1,1,1,False,-1
4708,TRIPLE,1,1,1,False,-1
4709,SINGLE,0,0,1,False,-1
4710,TRIPLE,1,1,1,False,-1
4711,TRIPLE,1,1,1,False,-1
4712,DOUBLE,0,1,1,False,-1
4713,TRIPLE,1,1,1,False,-1
4714,TRIPLE,1,1,1,False,-1
4716,DOUBLE,0,1,1,False,-1
4717,TRIPLE,1,1,1,False,-1
4718,TRIPLE,1,1,1,False,-1
4720,DOUBLE,0,1,1,False,-1
4721,TRIPLE,1,1,1,False,-1
4722,DOUBLE,0,1,1,False,-1
4723,SINGLE,0,0,1,False,-1
4724,TRIPLE,1,1,1,False,-1
4725,DOUBLE,0,1,1,False,-1
4726,DOUBLE,0,1,1,False,-1
4727,TRIPLE,1,1,1,False,-1
4728,TRIPLE,1,1,1,False,-1
4729,TRIPLE,1,1,1,False,-1
4730,TRIPLE,1,1,1,False,-1
4731,DOUBLE,0,1,1,False,-1
4732,TRIPLE,1,1,1,False,-1
4733,DOUBLE,0,1,1,False,-1
4734,TRIPLE,1,1,1,False,-1
4735,DOUBLE,0,1,1,False,-1
4736,DOUBLE,0,1,1,False,-1
4737,TRIPLE,1,1,1,False,-1
4738,DOUBLE,0,1,1,False,-1
4739,TRIPLE,1,1,1,False,-1
4740,TRIPLE,1,1,1,False,-1
4741,DOUBLE,0,1,1,False,-1
4742,TRIPLE,1,1,1,False,-1
4743,TRIPLE,1,1,1,False,-1
4744,TRIPLE,1,1,1,False,-1
4746,TRIPLE,1,1,1,False,-1
4747,DOUBLE,0,1,1,False,-1
4748,TRIPLE,1,1,1,False,-1
4749,TRIPLE,1,1,1,False,-1
4750,SINGLE,0,0,1,False,-1
4751,SINGLE,0,0,1,False,-1
4753,DOUBLE,0,1,1,False,-1
4754,TRIPLE,1,1,1,False,-1
4756,TRIPLE,1,1,1,False,-1
4757,SINGLE,0,0,1,False,-1
4758,DOUBLE,0,1,1,False,-1
4759,DOUBLE,0,1,1,False,-1
4760,SINGLE,0,0,1,False,-1
4761,TRIPLE,1,1,1,False,-1
4762,DOUBLE,0,1,1,False,-1
4763,TRIPLE,1,1,1,False,-1
4764,SINGLE,0,0,1,False,-1
4765,TRIPLE,1,1,1,False,-1
4766,TRIPLE,1,1,1,False,-1
4767,TRIPLE,1,1,1,False,-1
4768,TRIPLE,1,1,1,False,-1
4769,TRIPLE,1,1,1,False,-1
4771,TRIPLE,1,1,1,False,-1
4772,TRIPLE,1,1,1,False,-1
4773,TRIPLE,1,1,1,False,-1
4774,TRIPLE,1,1,1,False,-1
4775,DOUBLE,0,1,1,False,-1
4777,DOUBLE,0,1,1,False,-1
4778,DOUBLE,0,1,1,False,-1
4779,DOUBLE,0,1,1,False,-1
4781,TRIPLE,1,1,1,False,-1
4782,TRIPLE,1,1,1,False,-1
4783,TRIPLE,1,1,1,False,-1
4784,DOUBLE,0,1,1,False,-1
4785,TRIPLE,1,1,1,False,-1
4786,TRIPLE,1,1,1,False,-1
4787,TRIPLE,1,1,1,False,-1
4788,TRIPLE,1,1,1,False,-1
4789,DOUBLE,0,1,1,False,-1
4792,TRIPLE,1,1,1,False,-1
4795,SINGLE,0,0,1,False,-1
4796,TRIPLE,1,1,1,False,-1
4797,TRIPLE,1,1,1,False,-1
4798,DOUBLE,0,1,1,False,-1
4799,TRIPLE,1,1,1,False,-1
4800,TRIPLE,1,1,1,False,-1
4801,SINGLE,0,0,1,False,-1
4802,TRIPLE,1,1,1,False,-1
4803,TRIPLE,1,1,1,False,-1
4804,TRIPLE,1,1,1,False,-1
4805,SINGLE,0,0,1,False,-1
4806,DOUBLE,0,1,1,False,-1
4807,DOUBLE,0,1,1,False,-1
4808,TRIPLE,1,1,1,False,-1
4809,TRIPLE,1,1,1,False,-1
4810,TRIPLE,1,1,1,False,-1
4811,TRIPLE,1,1,1,False,-1
4812,TRIPLE,1,1,1,False,-1
4813,TRIPLE,1,1,1,False,-1
4814,DOUBLE,0,1,1,False,-1
4815,DOUBLE,0,1,1,False,-1
4816,TRIPLE,1,1,1,False,-1
4817,TRIPLE,1,1,1,False,-1
4818,DOUBLE,0,1,1,False,-1
4819,TRIPLE,1,1,1,False,-1
4820,TRIPLE,1,1,1,False,-1
4821,TRIPLE,1,1,1,False,-1
4822,TRIPLE,1,1,1,False,-1
4824,SINGLE,0,0,1,False,-1
4825,TRIPLE,1,1,1,False,-1
4826,TRIPLE,1,1,1,False,-1
4827,TRIPLE,1,1,1,False,-1
4828,DOUBLE,0,1,1,False,-1
4829,DOUBLE,0,1,1,False,-1
4830,TRIPLE,1,1,1,False,-1
4831,SINGLE,0,0,1,False,-1
4832,TRIPLE,1,1,1,False,-1
4833,DOUBLE,0,1,1,False,-1
4834,TRIPLE,1,1,1,False,-1
4835,TRIPLE,1,1,1,False,-1
4836,SINGLE,0,0,1,False,-1
4837,SINGLE,0,0,1,False,-1
4838,TRIPLE,1,1,1,False,-1
4839,SINGLE,0,0,1,False,-1
4840,TRIPLE,1,1,1,False,-1
4842,TRIPLE,1,1,1,False,-1
4844,SINGLE,0,0,1,False,-1
4845,DOUBLE,0,1,1,False,-1
4847,DOUBLE,0,1,1,False,-1
4848,DOUBLE,0,1,1,False,-1
4849,DOUBLE,0,1,1,False,-1
4850,TRIPLE,1,1,1,False,-1
4851,TRIPLE,1,1,1,False,-1
4852,TRIPLE,1,1,1,False,-1
4853,DOUBLE,0,1,1,False,-1
4854,SINGLE,0,0,1,False,-1
4855,TRIPLE,1,1,1,False,-1
4856,TRIPLE,1,1,1,False,-1
4857,DOUBLE,0,1,1,False,-1
4858,TRIPLE,1,1,1,False,-1
4859,DOUBLE,0,1,1,False,-1
4861,TRIPLE,1,1,1,False,-1
4862,TRIPLE,1,1,1,False,-1
4863,TRIPLE,1,1,1,False,-1
4864,TRIPLE,1,1,1,False,-1
4865,DOUBLE,0,1,1,False,-1
4866,TRIPLE,1,1,1,False,-1
4868,DOUBLE,0,1,1,False,-1
4869,TRIPLE,1,1,1,False,-1
4870,DOUBLE,0,1,1,False,-1
4871,TRIPLE,1,1,1,False,-1
4872,DOUBLE,0,1,1,False,-1
4873,DOUBLE,0,1,1,False,-1
4874,DOUBLE,0,1,1,False,-1
4875,SINGLE,0,0,1,False,-1
4876,TRIPLE,1,1,1,False,-1
4877,TRIPLE,1,1,1,False,-1
4878,SINGLE,0,0,1,False,-1
4879,TRIPLE,1,1,1,False,-1
4880,TRIPLE,1,1,1,False,-1
4882,DOUBLE,0,1,1,False,-1
4883,TRIPLE,1,1,1,False,-1
4884,DOUBLE,0,1,1,False,-1
4885,TRIPLE,1,1,1,False,-1
4886,TRIPLE,1,1,1,False,-1
4887,SINGLE,0,0,1,False,-1
4888,SINGLE,0,0,1,False,-1
4889,TRIPLE,1,1,1,False,-1
4890,DOUBLE,0,1,1,False,-1
4891,TRIPLE,1,1,1,False,-1
4892,SINGLE,0,0,1,False,-1
4893,TRIPLE,1,1,1,False,-1
4894,DOUBLE,0,1,1,False,-1
4895,TRIPLE,1,1,1,False,-1
4896,SINGLE,0,0,1,False,-1
4897,SINGLE,0,0,1,False,-1
4898,TRIPLE,1,1,1,False,-1
4899,DOUBLE,0,1,1,False,-1
4901,DOUBLE,0,1,1,False,-1
4902,TRIPLE,1,1,1,False,-1
4904,TRIPLE,1,1,1,False,-1
4905,SINGLE,0,0,1,False,-1
4906,TRIPLE,1,1,1,False,-1
4907,TRIPLE,1,1,1,False,-1
4908,TRIPLE,1,1,1,False,-1
4910,SINGLE,0,0,1,False,-1
4911,TRIPLE,1,1,1,False,-1
4912,TRIPLE,1,1,1,False,-1
4913,TRIPLE,1,1,1,False,-1
4914,TRIPLE,1,1,1,False,-1
4915,TRIPLE,1,1,1,False,-1
4916,TRIPLE,1,1,1,False,-1
4917,TRIPLE,1,1,1,False,-1
4918,DOUBLE,0,1,1,False,-1
4919,TRIPLE,1,1,1,False,-1
4920,SINGLE,0,0,1,False,-1
4921,TRIPLE,1,1,1,False,-1
4922,TRIPLE,1,1,1,False,-1
4923,TRIPLE,1,1,1,False,-1
4924,TRIPLE,1,1,1,False,-1
4926,TRIPLE,1,1,1,False,-1
4927,DOUBLE,0,1,1,False,-1
4928,SINGLE,0,0,1,False,-1
4929,TRIPLE,1,1,1,False,-1
4930,TRIPLE,1,1,1,False,-1
4932,DOUBLE,0,1,1,False,-1
4933,SINGLE,0,0,1,False,-1
4935,TRIPLE,1,1,1,False,-1
4936,DOUBLE,0,1,1,False,-1
4937,TRIPLE,1,1,1,False,-1
4938,SINGLE,0,0,1,False,-1
4939,DOUBLE,0,1,1,False,-1
4940,TRIPLE,1,1,1,False,-1
4941,DOUBLE,0,1,1,False,-1
4942,DOUBLE,0,1,1,False,-1
4943,DOUBLE,0,1,1,False,-1
4944,TRIPLE,1,1,1,False,-1
4945,SINGLE,0,0,1,False,-1
4946,TRIPLE,1,1,1,False,-1
4947,TRIPLE,1,1,1,False,-1
4948,TRIPLE,1,1,1,False,-1
4949,TRIPLE,1,1,1,False,-1
4950,TRIPLE,1,1,1,False,-1
4951,DOUBLE,0,1,1,False,-1
4952,DOUBLE,0,1,1,False,-1
4953,SINGLE,0,0,1,False,-1
4954,TRIPLE,1,1,1,False,-1
4955,TRIPLE,1,1,1,False,-1
4956,TRIPLE,1,1,1,False,-1
4957,SINGLE,0,0,1,False,-1
4958,TRIPLE,1,1,1,False,-1
4959,TRIPLE,1,1,1,False,-1
4961,SINGLE,0,0,1,False,-1
4962,SINGLE,0,0,1,False,-1
4963,TRIPLE,1,1,1,False,-1
4964,TRIPLE,1,1,1,False,-1
4965,TRIPLE,1,1,1,False,-1
4966,SINGLE,0,0,1,False,-1
4967,DOUBLE,0,1,1,False,-1
4968,DOUBLE,0,1,1,False,-1
4969,TRIPLE,1,1,1,False,-1
4970,DOUBLE,0,1,1,False,-1
4971,TRIPLE,1,1,1,False,-1
4972,DOUBLE,0,1,1,False,-1
4973,TRIPLE,1,1,1,False,-1
4974,TRIPLE,1,1,1,False,-1
4975,SINGLE,0,0,1,False,-1
4976,DOUBLE,0,1,1,False,-1
4977,TRIPLE,1,1,1,False,-1
4979,DOUBLE,0,1,1,False,-1
4980,TRIPLE,1,1,1,False,-1
4981,TRIPLE,1,1,1,False,-1
4982,TRIPLE,1,1,1,False,-1
4983,TRIPLE,1,1,1,False,-1
4984,TRIPLE,1,1,1,False,-1
4986,TRIPLE,1,1,1,False,-1
4987,TRIPLE,1,1,1,False,-1
4988,DOUBLE,0,1,1,False,-1
4989,SINGLE,0,0,1,False,-1
4990,TRIPLE,1,1,1,False,-1
4991,TRIPLE,1,1,1,False,-1
4992,DOUBLE,0,1,1,False,-1
4993,DOUBLE,0,1,1,False,-1
4994,TRIPLE,1,1,1,False,-1
4995,TRIPLE,1,1,1,False,-1
4996,TRIPLE,1,1,1,False,-1
4997,TRIPLE,1,1,1,False,-1
4998,DOUBLE,0,1,1,False,-1
4999,DOUBLE,0,1,1,False,-1
5000,DOUBLE,0,1,1,False,-1
5001,TRIPLE,1,1,1,False,-1
5002,DOUBLE,0,1,1,False,-1
5003,TRIPLE,1,1,1,False,-1
5004,DOUBLE,0,1,1,False,-1
5005,DOUBLE,0,1,1,False,-1
5006,TRIPLE,1,1,1,False,-1
5007,DOUBLE,0,1,1,False,-1
5008,SINGLE,0,0,1,False,-1
5009,DOUBLE,0,1,1,False,-1
5010,TRIPLE,1,1,1,False,-1
5011,TRIPLE,1,1,1,False,-1
5012,TRIPLE,1,1,1,False,-1
5013,DOUBLE,0,1,1,False,-1
5014,SINGLE,0,0,1,False,-1
5015,TRIPLE,1,1,1,False,-1
5016,TRIPLE,1,1,1,False,-1
5017,DOUBLE,0,1,1,False,-1
5018,TRIPLE,1,1,1,False,-1
5019,DOUBLE,0,1,1,False,-1
5020,TRIPLE,1,1,1,False,-1
5022,TRIPLE,1,1,1,False,-1
5023,TRIPLE,1,1,1,False,-1
5024,TRIPLE,1,1,1,False,-1
5025,TRIPLE,1,1,1,False,-1
5026,TRIPLE,1,1,1,False,-1
5028,TRIPLE,1,1,1,False,-1
5029,TRIPLE,1,1,1,False,-1
5030,SINGLE,0,0,1,False,-1
5031,TRIPLE,1,1,1,False,-1
5032,DOUBLE,0,1,1,False,-1
5033,SINGLE,0,0,1,False,-1
5034,DOUBLE,0,1,1,False,-1
5035,TRIPLE,1,1,1,False,-1
5036,SINGLE,0,0,1,False,-1
5038,TRIPLE,1,1,1,False,-1
5039,SINGLE,0,0,1,False,-1
5040,SINGLE,0,0,1,False,-1
5041,TRIPLE,1,1,1,False,-1
5042,DOUBLE,0,1,1,False,-1
5043,TRIPLE,1,1,1,False,-1
5044,DOUBLE,0,1,1,False,-1
5045,SINGLE,0,0,1,False,-1
5046,TRIPLE,1,1,1,False,-1
5047,DOUBLE,0,1,1,False,-1
5048,DOUBLE,0,1,1,False,-1
5049,TRIPLE,1,1,1,False,-1
5050,TRIPLE,1,1,1,False,-1
5051,TRIPLE,1,1,1,False,-1
5052,TRIPLE,1,1,1,False,-1
5053,DOUBLE,0,1,1,False,-1
5054,TRIPLE,1,1,1,False,-1
5055,TRIPLE,1,1,1,False,-1
5058,DOUBLE,0,1,1,False,-1
5059,SINGLE,0,0,1,False,-1
5060,SINGLE,0,0,1,False,-1
5061,TRIPLE,1,1,1,False,-1
5062,DOUBLE,0,1,1,False,-1
5063,DOUBLE,0,1,1,False,-1
5064,TRIPLE,1,1,1,False,-1
5065,TRIPLE,1,1,1,False,-1
5066,TRIPLE,1,1,1,False,-1
5069,DOUBLE,0,1,1,False,-1
5070,DOUBLE,0,1,1,False,-1
5071,TRIPLE,1,1,1,False,-1
5072,TRIPLE,1,1,1,False,-1
5073,TRIPLE,1,1,1,False,-1
5074,TRIPLE,1,1,1,False,-1
5076,DOUBLE,0,1,1,False,-1
5077,TRIPLE,1,1,1,False,-1
5078,TRIPLE,1,1,1,False,-1
5079,DOUBLE,0,1,1,False,-1
5080,SINGLE,0,0,1,False,-1
5081,SINGLE,0,0,1,False,-1
5082,TRIPLE,1,1,1,False,-1
5083,DOUBLE,0,1,1,False,-1
5084,TRIPLE,1,1,1,False,-1
5085,TRIPLE,1,1,1,False,-1
5086,DOUBLE,0,1,1,False,-1
5088,TRIPLE,1,1,1,False,-1
5089,DOUBLE,0,1,1,False,-1
5092,DOUBLE,0,1,1,False,-1
5094,TRIPLE,1,1,1,False,-1
5095,TRIPLE,1,1,1,False,-1
5096,TRIPLE,1,1,1,False,-1
5097,TRIPLE,1,1,1,False,-1
5098,TRIPLE,1,1,1,False,-1
5099,DOUBLE,0,1,1,False,-1
5100,DOUBLE,0,1,1,False,-1
5101,SINGLE,0,0,1,False,-1
5102,TRIPLE,1,1,1,False,-1
5103,TRIPLE,1,1,1,False,-1
5104,TRIPLE,1,1,1,False,-1
5105,TRIPLE,1,1,1,False,-1
5106,TRIPLE,1,1,1,False,-1
5107,DOUBLE,0,1,1,False,-1
5108,TRIPLE,1,1,1,False,-1
5109,TRIPLE,1,1,1,False,-1
5111,TRIPLE,1,1,1,False,-1
5112,SINGLE,0,0,1,False,-1
5113,SINGLE,0,0,1,False,-1
5114,TRIPLE,1,1,1,False,-1
5115,TRIPLE,1,1,1,False,-1
5116,TRIPLE,1,1,1,False,-1
5117,DOUBLE,0,1,1,False,-1
5118,TRIPLE,1,1,1,False,-1
5119,TRIPLE,1,1,1,False,-1
5120,TRIPLE,1,1,1,False,-1
5121,DOUBLE,0,1,1,False,-1
5122,SINGLE,0,0,1,False,-1
5123,SINGLE,0,0,1,False,-1
5124,TRIPLE,1,1,1,False,-1
5125,DOUBLE,0,1,1,False,-1
5126,DOUBLE,0,1,1,False,-1
5127,TRIPLE,1,1,1,False,-1
5128,DOUBLE,0,1,1,False,-1
5129,TRIPLE,1,1,1,False,-1
5130,TRIPLE,1,1,1,False,-1
5131,DOUBLE,0,1,1,False,-1
5132,TRIPLE,1,1,1,False,-1
5134,SINGLE,0,0,1,False,-1
5135,TRIPLE,1,1,1,False,-1
5136,TRIPLE,1,1,1,False,-1
5137,DOUBLE,0,1,1,False,-1
5138,TRIPLE,1,1,1,False,-1
5139,TRIPLE,1,1,1,False,-1
5140,TRIPLE,1,1,1,False,-1
5141,TRIPLE,1,1,1,False,-1
5143,SINGLE,0,0,1,False,-1
5145,TRIPLE,1,1,1,False,-1
5146,SINGLE,0,0,1,False,-1
5147,TRIPLE,1,1,1,False,-1
5148,TRIPLE,1,1,1,False,-1
5149,TRIPLE,1,1,1,False,-1
5150,TRIPLE,1,1,1,False,-1
5151,DOUBLE,0,1,1,False,-1
5152,TRIPLE,1,1,1,False,-1
5153,TRIPLE,1,1,1,False,-1
5154,DOUBLE,0,1,1,False,-1
5155,SINGLE,0,0,1,False,-1
5157,TRIPLE,1,1,1,False,-1
5158,TRIPLE,1,1,1,False,-1
5159,TRIPLE,1,1,1,False,-1
5160,DOUBLE,0,1,1,False,-1
5161,TRIPLE,1,1,1,False,-1
5162,TRIPLE,1,1,1,False,-1
5163,DOUBLE,0,1,1,False,-1
5165,TRIPLE,1,1,1,False,-1
5166,TRIPLE,1,1,1,False,-1
5167,SINGLE,0,0,1,False,-1
5168,TRIPLE,1,1,1,False,-1
5169,TRIPLE,1,1,1,False,-1
5172,DOUBLE,0,1,1,False,-1
5173,DOUBLE,0,1,1,False,-1
5174,SINGLE,0,0,1,False,-1
5175,SINGLE,0,0,1,False,-1
5176,DOUBLE,0,1,1,False,-1
5177,TRIPLE,1,1,1,False,-1
5179,TRIPLE,1,1,1,False,-1
5180,DOUBLE,0,1,1,False,-1
5181,SINGLE,0,0,1,False,-1
5182,DOUBLE,0,1,1,False,-1
5183,SINGLE,0,0,1,False,-1
5185,DOUBLE,0,1,1,False,-1
5186,SINGLE,0,0,1,False,-1
5188,TRIPLE,1,1,1,False,-1
5189,SINGLE,0,0,1,False,-1
5190,TRIPLE,1,1,1,False,-1
5192,TRIPLE,1,1,1,False,-1
5193,TRIPLE,1,1,1,False,-1
5194,TRIPLE,1,1,1,False,-1
5196,DOUBLE,0,1,1,False,-1
5197,TRIPLE,1,1,1,False,-1
5199,SINGLE,0,0,1,False,-1
5200,TRIPLE,1,1,1,False,-1
5201,DOUBLE,0,1,1,False,-1
5202,SINGLE,0,0,1,False,-1
5203,DOUBLE,0,1,1,False,-1
5204,DOUBLE,0,1,1,False,-1
5205,DOUBLE,0,1,1,False,-1
5206,TRIPLE,1,1,1,False,-1
5207,DOUBLE,0,1,1,False,-1
5208,TRIPLE,1,1,1,False,-1
5209,DOUBLE,0,1,1,False,-1
5210,DOUBLE,0,1,1,False,-1
5211,TRIPLE,1,1,1,False,-1
5214,TRIPLE,1,1,1,False,-1
5215,DOUBLE,0,1,1,False,-1
5216,TRIPLE,1,1,1,False,-1
5217,TRIPLE,1,1,1,False,-1
5218,TRIPLE,1,1,1,False,-1
5219,TRIPLE,1,1,1,False,-1
5220,TRIPLE,1,1,1,False,-1
5221,TRIPLE,1,1,1,False,-1
5222,DOUBLE,0,1,1,False,-1
5223,TRIPLE,1,1,1,False,-1
5224,TRIPLE,1,1,1,False,-1
5225,DOUBLE,0,1,1,False,-1
5227,SINGLE,0,0,1,False,-1
5228,DOUBLE,0,1,1,False,-1
5229,TRIPLE,1,1,1,False,-1
5230,TRIPLE,1,1,1,False,-1
5231,DOUBLE,0,1,1,False,-1
5232,DOUBLE,0,1,1,False,-1
5233,DOUBLE,0,1,1,False,-1
5234,SINGLE,0,0,1,False,-1
5235,TRIPLE,1,1,1,False,-1
5236,DOUBLE,0,1,1,False,-1
5237,DOUBLE,0,1,1,False,-1
5239,DOUBLE,0,1,1,False,-1
5240,TRIPLE,1,1,1,False,-1
5241,DOUBLE,0,1,1,False,-1
5242,DOUBLE,0,1,1,False,-1
5243,TRIPLE,1,1,1,False,-1
5244,SINGLE,0,0,1,False,-1
5245,TRIPLE,1,1,1,False,-1
5246,DOUBLE,0,1,1,False,-1
5247,TRIPLE,1,1,1,False,-1
5248,DOUBLE,0,1,1,False,-1
5249,TRIPLE,1,1,1,False,-1
5250,TRIPLE,1,1,1,False,-1
5251,SINGLE,0,0,1,False,-1
5252,TRIPLE,1,1,1,False,-1
5253,DOUBLE,0,1,1,False,-1
5254,SINGLE,0,0,1,False,-1
5255,DOUBLE,0,1,1,False,-1
5256,DOUBLE,0,1,1,False,-1
5257,TRIPLE,1,1,1,False,-1
5258,TRIPLE,1,1,1,False,-1
5260,TRIPLE,1,1,1,False,-1
5261,TRIPLE,1,1,1,False,-1
5262,TRIPLE,1,1,1,False,-1
5264,DOUBLE,0,1,1,False,-1
5265,SINGLE,0,0,1,False,-1
5266,DOUBLE,0,1,1,False,-1
5267,SINGLE,0,0,1,False,-1
5268,TRIPLE,1,1,1,False,-1
5269,TRIPLE,1,1,1,False,-1
5270,TRIPLE,1,1,1,False,-1
5271,SINGLE,0,0,1,False,-1
5273,SINGLE,0,0,1,False,-1
5274,SINGLE,0,0,1,False,-1
5275,DOUBLE,0,1,1,False,-1
5276,TRIPLE,1,1,1,False,-1
5277,DOUBLE,0,1,1,False,-1
5278,TRIPLE,1,1,1,False,-1
5279,SINGLE,0,0,1,False,-1
5280,TRIPLE,1,1,1,False,-1
5281,TRIPLE,1,1,1,False,-1
5282,TRIPLE,1,1,1,False,-1
5283,DOUBLE,0,1,1,False,-1
5284,DOUBLE,0,1,1,False,-1
5285,DOUBLE,0,1,1,False,-1
5286,DOUBLE,0,1,1,False,-1
5287,TRIPLE,1,1,1,False,-1
5288,SINGLE,0,0,1,False,-1
5289,TRIPLE,1,1,1,False,-1
5290,TRIPLE,1,1,1,False,-1
5291,TRIPLE,1,1,1,False,-1
5292,TRIPLE,1,1,1,False,-1
5293,TRIPLE,1,1,1,False,-1
5294,DOUBLE,0,1,1,False,-1
5295,TRIPLE,1,1,1,False,-1
5296,SINGLE,0,0,1,False,-1
5297,TRIPLE,1,1,1,False,-1
5298,DOUBLE,0,1,1,False,-1
5299,TRIPLE,1,1,1,False,-1
5300,SINGLE,0,0,1,False,-1
5301,TRIPLE,1,1,1,False,-1
5302,TRIPLE,1,1,1,False,-1
5304,DOUBLE,0,1,1,False,-1
5306,TRIPLE,1,1,1,False,-1
5307,DOUBLE,0,1,1,False,-1
5308,DOUBLE,0,1,1,False,-1
5309,DOUBLE,0,1,1,False,-1
5310,TRIPLE,1,1,1,False,-1
5311,DOUBLE,0,1,1,False,-1
5312,SINGLE,0,0,1,False,-1
5313,TRIPLE,1,1,1,False,-1
5314,SINGLE,0,0,1,False,-1
5315,DOUBLE,0,1,1,False,-1
5316,DOUBLE,0,1,1,False,-1
5317,SINGLE,0,0,1,False,-1
5318,TRIPLE,1,1,1,False,-1
5319,TRIPLE,1,1,1,False,-1
5320,DOUBLE,0,1,1,False,-1
5321,TRIPLE,1,1,1,False,-1
5322,TRIPLE,1,1,1,False,-1
5323,DOUBLE,0,1,1,False,-1
5324,TRIPLE,1,1,1,False,-1
5325,TRIPLE,1,1,1,False,-1
5326,DOUBLE,0,1,1,False,-1
5327,TRIPLE,1,1,1,False,-1
5328,DOUBLE,0,1,1,False,-1
5329,TRIPLE,1,1,1,False,-1
5330,TRIPLE,1,1,1,False,-1
5331,DOUBLE,0,1,1,False,-1
5332,TRIPLE,1,1,1,False,-1
5334,TRIPLE,1,1,1,False,-1
5335,DOUBLE,0,1,1,False,-1
5336,TRIPLE,1,1,1,False,-1
5337,TRIPLE,1,1,1,False,-1
5338,TRIPLE,1,1,1,False,-1
5339,DOUBLE,0,1,1,False,-1
5340,TRIPLE,1,1,1,False,-1
5341,TRIPLE,1,1,1,False,-1
5343,TRIPLE,1,1,1,False,-1
5344,DOUBLE,0,1,1,False,-1
5345,DOUBLE,0,1,1,False,-1
5346,SINGLE,0,0,1,False,-1
5347,TRIPLE,1,1,1,False,-1
5348,DOUBLE,0,1,1,False,-1
5349,DOUBLE,0,1,1,False,-1
5350,DOUBLE,0,1,1,False,-1
5351,TRIPLE,1,1,1,False,-1
5352,TRIPLE,1,1,1,False,-1
5353,TRIPLE,1,1,1,False,-1
5354,DOUBLE,0,1,1,False,-1
5355,TRIPLE,1,1,1,False,-1
5356,TRIPLE,1,1,1,False,-1
5357,DOUBLE,0,1,1,False,-1
5358,DOUBLE,0,1,1,False,-1
5359,DOUBLE,0,1,1,False,-1
5360,TRIPLE,1,1,1,False,-1
5361,TRIPLE,1,1,1,False,-1
5362,TRIPLE,1,1,1,False,-1
5364,DOUBLE,0,1,1,False,-1
5365,DOUBLE,0,1,1,False,-1
5366,TRIPLE,1,1,1,False,-1
5367,DOUBLE,0,1,1,False,-1
5368,TRIPLE,1,1,1,False,-1
5370,DOUBLE,0,1,1,False,-1
5371,TRIPLE,1,1,1,False,-1
5372,DOUBLE,0,1,1,False,-1
5374,SINGLE,0,0,1,False,-1
5375,TRIPLE,1,1,1,False,-1
5376,DOUBLE,0,1,1,False,-1
5377,DOUBLE,0,1,1,False,-1
5378,TRIPLE,1,1,1,False,-1
5380,DOUBLE,0,1,1,False,-1
5381,TRIPLE,1,1,1,False,-1
5383,TRIPLE,1,1,1,False,-1
5385,SINGLE,0,0,1,False,-1
5386,TRIPLE,1,1,1,False,-1
5387,DOUBLE,0,1,1,False,-1
5388,TRIPLE,1,1,1,False,-1
5389,SINGLE,0,0,1,False,-1
5390,DOUBLE,0,1,1,False,-1
5391,DOUBLE,0,1,1,False,-1
5392,DOUBLE,0,1,1,False,-1
5393,DOUBLE,0,1,1,False,-1
5394,TRIPLE,1,1,1,False,-1
5395,DOUBLE,0,1,1,False,-1
5396,SINGLE,0,0,1,False,-1
5397,TRIPLE,1,1,1,False,-1
5398,DOUBLE,0,1,1,False,-1
5399,TRIPLE,1,1,1,False,-1
5401,TRIPLE,1,1,1,False,-1
5402,DOUBLE,0,1,1,False,-1
5403,TRIPLE,1,1,1,False,-1
5404,TRIPLE,1,1,1,False,-1
5405,DOUBLE,0,1,1,False,-1
5406,TRIPLE,1,1,1,False,-1
5407,TRIPLE,1,1,1,False,-1
5408,TRIPLE,1,1,1,False,-1
5409,TRIPLE,1,1,1,False,-1
5410,SINGLE,0,0,1,False,-1
5411,TRIPLE,1,1,1,False,-1
5412,TRIPLE,1,1,1,False,-1
5413,DOUBLE,0,1,1,False,-1
5414,TRIPLE,1,1,1,False,-1
5415,TRIPLE,1,1,1,False,-1
5416,DOUBLE,0,1,1,False,-1
5417,TRIPLE,1,1,1,False,-1
5418,DOUBLE,0,1,1,False,-1
5419,DOUBLE,0,1,1,False,-1
5420,DOUBLE,0,1,1,False,-1
5421,SINGLE,0,0,1,False,-1
5423,SINGLE,0,0,1,False,-1
5424,TRIPLE,1,1,1,False,-1
5425,TRIPLE,1,1,1,False,-1
5426,DOUBLE,0,1,1,False,-1
5427,TRIPLE,1,1,1,False,-1
5428,DOUBLE,0,1,1,False,-1
5429,TRIPLE,1,1,1,False,-1
5430,DOUBLE,0,1,1,False,-1
5431,TRIPLE,1,1,1,False,-1
5432,DOUBLE,0,1,1,False,-1
5433,SINGLE,0,0,1,False,-1
5434,DOUBLE,0,1,1,False,-1
5435,TRIPLE,1,1,1,False,-1
5436,DOUBLE,0,1,1,False,-1
5437,TRIPLE,1,1,1,False,-1
5438,TRIPLE,1,1,1,False,-1
5439,SINGLE,0,0,1,False,-1
5440,TRIPLE,1,1,1,False,-1
5441,DOUBLE,0,1,1,False,-1
5442,DOUBLE,0,1,1,False,-1
5443,DOUBLE,0,1,1,False,-1
5445,TRIPLE,1,1,1,False,-1
5446,DOUBLE,0,1,1,False,-1
5447,SINGLE,0,0,1,False,-1
5448,TRIPLE,1,1,1,False,-1
5449,DOUBLE,0,1,1,False,-1
5450,DOUBLE,0,1,1,False,-1
5451,TRIPLE,1,1,1,False,-1
5452,TRIPLE,1,1,1,False,-1
5454,TRIPLE,1,1,1,False,-1
5455,TRIPLE,1,1,1,False,-1
5456,DOUBLE,0,1,1,False,-1
5457,TRIPLE,1,1,1,False,-1
5458,DOUBLE,0,1,1,False,-1
5459,TRIPLE,1,1,1,False,-1
5460,DOUBLE,0,1,1,False,-1
5461,TRIPLE,1,1,1,False,-1
5462,TRIPLE,1,1,1,False,-1
5463,DOUBLE,0,1,1,False,-1
5464,DOUBLE,0,1,1,False,-1
5465,DOUBLE,0,1,1,False,-1
5466,DOUBLE,0,1,1,False,-1
5467,DOUBLE,0,1,1,False,-1
5468,SINGLE,0,0,1,False,-1
5469,TRIPLE,1,1,1,False,-1
5470,TRIPLE,1,1,1,False,-1
5471,DOUBLE,0,1,1,False,-1
5472,TRIPLE,1,1,1,False,-1
5473,TRIPLE,1,1,1,False,-1
5474,TRIPLE,1,1,1,False,-1
5476,DOUBLE,0,1,1,False,-1
5477,DOUBLE,0,1,1,False,-1
5479,TRIPLE,1,1,1,False,-1
5480,TRIPLE,1,1,1,False,-1
5481,TRIPLE,1,1,1,False,-1
5482,SINGLE,0,0,1,False,-1
5483,TRIPLE,1,1,1,False,-1
5484,TRIPLE,1,1,1,False,-1
5485,TRIPLE,1,1,1,False,-1
5486,TRIPLE,1,1,1,False,-1
5487,TRIPLE,1,1,1,False,-1
5488,TRIPLE,1,1,1,False,-1
5489,TRIPLE,1,1,1,False,-1
5490,TRIPLE,1,1,1,False,-1
5491,SINGLE,0,0,1,False,-1
5492,SINGLE,0,0,1,False,-1
5493,SINGLE,0,0,1,False,-1
5494,SINGLE,0,0,1,False,-1
5495,TRIPLE,1,1,1,False,-1
5496,TRIPLE,1,1,1,False,-1
5497,DOUBLE,0,1,1,False,-1
5498,TRIPLE,1,1,1,False,-1
5499,TRIPLE,1,1,1,False,-1
5500,TRIPLE,1,1,1,False,-1
5501,TRIPLE,1,1,1,False,-1
5502,DOUBLE,1,0,1,False,-1
5503,DOUBLE,0,1,1,False,-1
5504,DOUBLE,0,1,1,False,-1
5505,DOUBLE,0,1,1,False,-1
5506,TRIPLE,1,1,1,False,-1
5507,TRIPLE,1,1,1,False,-1
5508,TRIPLE,1,1,1,False,-1
5509,TRIPLE,1,1,1,False,-1
5510,SINGLE,0,0,1,False,-1
5512,TRIPLE,1,1,1,False,-1
5513,TRIPLE,1,1,1,False,-1
5514,TRIPLE,1,1,1,False,-1
5515,TRIPLE,1,1,1,False,-1
5516,DOUBLE,0,1,1,False,-1
5517,TRIPLE,1,1,1,False,-1
5519,TRIPLE,1,1,1,False,-1
5520,DOUBLE,0,1,1,False,-1
5521,TRIPLE,1,1,1,False,-1
5522,DOUBLE,0,1,1,False,-1
5523,SINGLE,0,0,1,False,-1
5524,TRIPLE,1,1,1,False,-1
5525,SINGLE,0,0,1,False,-1
5526,TRIPLE,1,1,1,False,-1
5527,TRIPLE,1,1,1,False,-1
5528,TRIPLE,1,1,1,False,-1
5530,DOUBLE,0,1,1,False,-1
5531,TRIPLE,1,1,1,False,-1
5532,TRIPLE,1,1,1,False,-1
5533,TRIPLE,1,1,1,False,-1
5534,DOUBLE,0,1,1,False,-1
5535,TRIPLE,1,1,1,False,-1
5536,DOUBLE,0,1,1,False,-1
5537,DOUBLE,0,1,1,False,-1
5538,SINGLE,0,0,1,False,-1
5539,SINGLE,0,0,1,False,-1
5541,DOUBLE,0,1,1,False,-1
5542,SINGLE,0,0,1,False,-1
5543,TRIPLE,1,1,1,False,-1
5544,DOUBLE,0,1,1,False,-1
5545,DOUBLE,0,1,1,False,-1
5546,DOUBLE,0,1,1,False,-1
5547,TRIPLE,1,1,1,False,-1
5548,DOUBLE,0,1,1,False,-1
5549,TRIPLE,1,1,1,False,-1
5550,TRIPLE,1,1,1,False,-1
5551,DOUBLE,0,1,1,False,-1
5552,SINGLE,0,0,1,False,-1
5553,DOUBLE,0,1,1,False,-1
5554,TRIPLE,1,1,1,False,-1
5555,DOUBLE,0,1,1,False,-1
5556,DOUBLE,0,1,1,False,-1
5557,TRIPLE,1,1,1,False,-1
5558,TRIPLE,1,1,1,False,-1
5559,TRIPLE,1,1,1,False,-1
5560,DOUBLE,0,1,1,False,-1
5562,TRIPLE,1,1,1,False,-1
5563,TRIPLE,1,1,1,False,-1
5564,DOUBLE,0,1,1,False,-1
5565,TRIPLE,1,1,1,False,-1
5566,DOUBLE,0,1,1,False,-1
5567,TRIPLE,1,1,1,False,-1
5569,TRIPLE,1,1,1,False,-1
5570,SINGLE,0,0,1,False,-1
5571,TRIPLE,1,1,1,False,-1
5572,DOUBLE,0,1,1,False,-1
5573,TRIPLE,1,1,1,False,-1
5574,DOUBLE,0,1,1,False,-1
5575,TRIPLE,1,1,1,False,-1
5576,TRIPLE,1,1,1,False,-1
5577,DOUBLE,0,1,1,False,-1
5578,TRIPLE,1,1,1,False,-1
5579,TRIPLE,1,1,1,False,-1
5580,DOUBLE,0,1,1,False,-1
5581,TRIPLE,1,1,1,False,-1
5582,TRIPLE,1,1,1,False,-1
5583,TRIPLE,1,1,1,False,-1
5584,TRIPLE,1,1,1,False,-1
5585,TRIPLE,1,1,1,False,-1
5586,TRIPLE,1,1,1,False,-1
5588,DOUBLE,0,1,1,False,-1
5589,DOUBLE,0,1,1,False,-1
5590,TRIPLE,1,1,1,False,-1
5591,SINGLE,0,0,1,False,-1
5592,TRIPLE,1,1,1,False,-1
5593,TRIPLE,1,1,1,False,-1
5594,TRIPLE,1,1,1,False,-1
5595,TRIPLE,1,1,1,False,-1
5596,TRIPLE,1,1,1,False,-1
5597,TRIPLE,1,1,1,False,-1
5598,SINGLE,0,0,1,False,-1
5599,DOUBLE,0,1,1,False,-1
5600,TRIPLE,1,1,1,False,-1
5601,TRIPLE,1,1,1,False,-1
5604,DOUBLE,0,1,1,False,-1
5605,DOUBLE,0,1,1,False,-1
5606,DOUBLE,0,1,1,False,-1
5607,DOUBLE,0,1,1,False,-1
5608,SINGLE,0,0,1,False,-1
5609,TRIPLE,1,1,1,False,-1
5610,DOUBLE,0,1,1,False,-1
5611,TRIPLE,1,1,1,False,-1
5612,SINGLE,0,0,1,False,-1
5614,TRIPLE,1,1,1,False,-1
5616,DOUBLE,0,1,1,False,-1
5619,DOUBLE,0,1,1,False,-1
5620,DOUBLE,0,1,1,False,-1
5621,DOUBLE,0,1,1,False,-1
5622,TRIPLE,1,1,1,False,-1
5623,SINGLE,0,0,1,False,-1
5624,TRIPLE,1,1,1,False,-1
5625,SINGLE,0,0,1,False,-1
5626,TRIPLE,1,1,1,False,-1
5627,DOUBLE,0,1,1,False,-1
5628,TRIPLE,1,1,1,False,-1
5629,TRIPLE,1,1,1,False,-1
5630,TRIPLE,1,1,1,False,-1
5631,TRIPLE,1,1,1,False,-1
5632,SINGLE,0,0,1,False,-1
5633,TRIPLE,1,1,1,False,-1
5635,SINGLE,0,0,1,False,-1
5636,DOUBLE,0,1,1,False,-1
5637,DOUBLE,0,1,1,False,-1
5638,TRIPLE,1,1,1,False,-1
5639,TRIPLE,1,1,1,False,-1
5640,SINGLE,0,0,1,False,-1
5641,TRIPLE,1,1,1,False,-1
5642,TRIPLE,1,1,1,False,-1
5643,SINGLE,0,0,1,False,-1
5645,DOUBLE,0,1,1,False,-1
5646,TRIPLE,1,1,1,False,-1
5647,TRIPLE,1,1,1,False,-1
5648,SINGLE,0,0,1,False,-1
5649,DOUBLE,0,1,1,False,-1
5650,TRIPLE,1,1,1,False,-1
5651,SINGLE,0,0,1,False,-1
5652,SINGLE,0,0,1,False,-1
5653,TRIPLE,1,1,1,False,-1
5654,SINGLE,0,0,1,False,-1
5655,TRIPLE,1,1,1,False,-1
5656,TRIPLE,1,1,1,False,-1
5657,TRIPLE,1,1,1,False,-1
5658,TRIPLE,1,1,1,False,-1
5659,DOUBLE,0,1,1,False,-1
5660,TRIPLE,1,1,1,False,-1
5661,TRIPLE,1,1,1,False,-1
5662,DOUBLE,0,1,1,False,-1
5663,TRIPLE,1,1,1,False,-1
5664,SINGLE,0,0,1,False,-1
5665,SINGLE,0,0,1,False,-1
5666,TRIPLE,1,1,1,False,-1
5667,DOUBLE,0,1,1,False,-1
5668,TRIPLE,1,1,1,False,-1
5669,DOUBLE,0,1,1,False,-1
5671,SINGLE,0,0,1,False,-1
5672,TRIPLE,1,1,1,False,-1
5673,TRIPLE,1,1,1,False,-1
5674,TRIPLE,1,1,1,False,-1
5675,TRIPLE,1,1,1,False,-1
5676,TRIPLE,1,1,1,False,-1
5677,DOUBLE,0,1,1,False,-1
5678,TRIPLE,1,1,1,False,-1
5679,TRIPLE,1,1,1,False,-1
5681,DOUBLE,0,1,1,False,-1
5682,DOUBLE,0,1,1,False,-1
5683,DOUBLE,0,1,1,False,-1
5684,DOUBLE,0,1,1,False,-1
5685,SINGLE,0,0,1,False,-1
5686,TRIPLE,1,1,1,False,-1
5687,TRIPLE,1,1,1,False,-1
5688,SINGLE,0,0,1,False,-1
5689,DOUBLE,0,1,1,False,-1
5691,DOUBLE,0,1,1,False,-1
5693,TRIPLE,1,1,1,False,-1
5694,DOUBLE,0,1,1,False,-1
5695,TRIPLE,1,1,1,False,-1
5696,DOUBLE,0,1,1,False,-1
5697,TRIPLE,1,1,1,False,-1
5698,TRIPLE,1,1,1,False,-1
5699,DOUBLE,0,1,1,False,-1
5700,TRIPLE,1,1,1,False,-1
5701,TRIPLE,1,1,1,False,-1
5703,TRIPLE,1,1,1,False,-1
5704,TRIPLE,1,1,1,False,-1
5706,TRIPLE,1,1,1,False,-1
5708,SINGLE,0,0,1,False,-1
5709,TRIPLE,1,1,1,False,-1
5710,DOUBLE,0,1,1,False,-1
5711,DOUBLE,0,1,1,False,-1
5713,SINGLE,0,0,1,False,-1
5714,DOUBLE,0,1,1,False,-1
5715,DOUBLE,0,1,1,False,-1
5716,TRIPLE,1,1,1,False,-1
5717,TRIPLE,1,1,1,False,-1
5718,TRIPLE,1,1,1,False,-1
5719,DOUBLE,0,1,1,False,-1
5720,TRIPLE,1,1,1,False,-1
5721,DOUBLE,0,1,1,False,-1
5722,SINGLE,0,0,1,False,-1
5723,TRIPLE,1,1,1,False,-1
5724,DOUBLE,0,1,1,False,-1
5725,DOUBLE,0,1,1,False,-1
5726,TRIPLE,1,1,1,False,-1
5727,DOUBLE,0,1,1,False,-1
5728,TRIPLE,1,1,1,False,-1
5729,DOUBLE,0,1,1,False,-1
5730,TRIPLE,1,1,1,False,-1
5731,SINGLE,0,0,1,False,-1
5732,SINGLE,0,0,1,False,-1
5733,TRIPLE,1,1,1,False,-1
5735,TRIPLE,1,1,1,False,-1
5736,TRIPLE,1,1,1,False,-1
5737,TRIPLE,1,1,1,False,-1
5738,SINGLE,0,0,1,False,-1
5739,DOUBLE,0,1,1,False,-1
5741,TRIPLE,1,1,1,False,-1
5742,TRIPLE,1,1,1,False,-1
5743,DOUBLE,0,1,1,False,-1
5744,DOUBLE,0,1,1,False,-1
5745,DOUBLE,0,1,1,False,-1
5746,TRIPLE,1,1,1,False,-1
5747,TRIPLE,1,1,1,False,-1
5748,TRIPLE,1,1,1,False,-1
5749,TRIPLE,1,1,1,False,-1
5750,TRIPLE,1,1,1,False,-1
5751,DOUBLE,0,1,1,False,-1
5752,TRIPLE,1,1,1,False,-1
5753,TRIPLE,1,1,1,False,-1
5755,TRIPLE,1,1,1,False,-1
5756,TRIPLE,1,1,1,False,-1
5757,DOUBLE,0,1,1,False,-1
5758,TRIPLE,1,1,1,False,-1
5759,TRIPLE,1,1,1,False,-1
5760,DOUBLE,0,1,1,False,-1
5761,TRIPLE,1,1,1,False,-1
5762,TRIPLE,1,1,1,False,-1
5763,SINGLE,0,0,1,False,-1
5764,TRIPLE,1,1,1,False,-1
5765,TRIPLE,1,1,1,False,-1
5766,TRIPLE,1,1,1,False,-1
5767,DOUBLE,0,1,1,False,-1
5768,TRIPLE,1,1,1,False,-1
5769,TRIPLE,1,1,1,False,-1
5770,TRIPLE,1,1,1,False,-1
5771,TRIPLE,1,1,1,False,-1
5772,TRIPLE,1,1,1,False,-1
5773,DOUBLE,0,1,1,False,-1
5774,TRIPLE,1,1,1,False,-1
5775,DOUBLE,0,1,1,False,-1
5776,TRIPLE,1,1,1,False,-1
5777,SINGLE,0,0,1,False,-1
5779,TRIPLE,1,1,1,False,-1
5780,TRIPLE,1,1,1,False,-1
5781,TRIPLE,1,1,1,False,-1
5782,SINGLE,0,0,1,False,-1
5783,TRIPLE,1,1,1,False,-1
5784,DOUBLE,0,1,1,False,-1
5785,DOUBLE,0,1,1,False,-1
5786,TRIPLE,1,1,1,False,-1
5788,TRIPLE,1,1,1,False,-1
5789,DOUBLE,0,1,1,False,-1
5790,TRIPLE,1,1,1,False,-1
5791,TRIPLE,1,1,1,False,-1
5792,DOUBLE,0,1,1,False,-1
5793,TRIPLE,1,1,1,False,-1
5794,TRIPLE,1,1,1,False,-1
5795,TRIPLE,1,1,1,False,-1
5796,TRIPLE,1,1,1,False,-1
5797,SINGLE,0,0,1,False,-1
5798,TRIPLE,1,1,1,False,-1
5799,TRIPLE,1,1,1,False,-1
5800,DOUBLE,0,1,1,False,-1
5801,TRIPLE,1,1,1,False,-1
5802,TRIPLE,1,1,1,False,-1
5804,DOUBLE,0,1,1,False,-1
5805,DOUBLE,0,1,1,False,-1
5807,DOUBLE,0,1,1,False,-1
5808,DOUBLE,0,1,1,False,-1
5809,TRIPLE,1,1,1,False,-1
5810,TRIPLE,1,1,1,False,-1
5811,TRIPLE,1,1,1,False,-1
5812,TRIPLE,1,1,1,False,-1
5813,DOUBLE,0,1,1,False,-1
5814,TRIPLE,1,1,1,False,-1
5815,DOUBLE,0,1,1,False,-1
5816,TRIPLE,1,1,1,False,-1
5817,TRIPLE,1,1,1,False,-1
5818,TRIPLE,1,1,1,False,-1
5819,TRIPLE,1,1,1,False,-1
5820,TRIPLE,1,1,1,False,-1
5821,DOUBLE,0,1,1,False,-1
5823,TRIPLE,1,1,1,False,-1
5824,DOUBLE,0,1,1,False,-1
5825,TRIPLE,1,1,1,False,-1
5826,TRIPLE,1,1,1,False,-1
5828,DOUBLE,0,1,1,False,-1
5829,DOUBLE,0,1,1,False,-1
5830,TRIPLE,1,1,1,False,-1
5831,TRIPLE,1,1,1,False,-1
5832,DOUBLE,0,1,1,False,-1
5833,TRIPLE,1,1,1,False,-1
5834,DOUBLE,0,1,1,False,-1
5835,TRIPLE,1,1,1,False,-1
5836,SINGLE,0,0,1,False,-1
5837,DOUBLE,0,1,1,False,-1
5838,DOUBLE,0,1,1,False,-1
5839,DOUBLE,0,1,1,False,-1
5840,TRIPLE,1,1,1,False,-1
5841,SINGLE,0,0,1,False,-1
5842,TRIPLE,1,1,1,False,-1
5843,TRIPLE,1,1,1,False,-1
5844,TRIPLE,1,1,1,False,-1
5845,DOUBLE,0,1,1,False,-1
5846,DOUBLE,0,1,1,False,-1
5847,SINGLE,0,0,1,False,-1
5848,TRIPLE,1,1,1,False,-1
5849,DOUBLE,0,1,1,False,-1
5850,TRIPLE,1,1,1,False,-1
5851,TRIPLE,1,1,1,False,-1
5852,TRIPLE,1,1,1,False,-1
5853,TRIPLE,1,1,1,False,-1
5855,TRIPLE,1,1,1,False,-1
5856,SINGLE,0,0,1,False,-1
5858,TRIPLE,1,1,1,False,-1
5859,TRIPLE,1,1,1,False,-1
5860,DOUBLE,0,1,1,False,-1
5861,DOUBLE,0,1,1,False,-1
5862,SINGLE,0,0,1,False,-1
5864,TRIPLE,1,1,1,False,-1
5865,DOUBLE,0,1,1,False,-1
5866,DOUBLE,0,1,1,False,-1
5867,TRIPLE,1,1,1,False,-1
5868,DOUBLE,0,1,1,False,-1
5869,DOUBLE,0,1,1,False,-1
5870,SINGLE,0,0,1,False,-1
5871,TRIPLE,1,1,1,False,-1
5872,TRIPLE,1,1,1,False,-1
5873,TRIPLE,1,1,1,False,-1
5874,TRIPLE,1,1,1,False,-1
5876,DOUBLE,0,1,1,False,-1
5877,TRIPLE,1,1,1,False,-1
5878,DOUBLE,0,1,1,False,-1
5879,TRIPLE,1,1,1,False,-1
5880,TRIPLE,1,1,1,False,-1
5882,TRIPLE,1,1,1,False,-1
5883,DOUBLE,0,1,1,False,-1
5884,TRIPLE,1,1,1,False,-1
5885,TRIPLE,1,1,1,False,-1
5886,TRIPLE,1,1,1,False,-1
5887,TRIPLE,1,1,1,False,-1
5888,TRIPLE,1,1,1,False,-1
5889,DOUBLE,0,1,1,False,-1
5890,DOUBLE,0,1,1,False,-1
5891,DOUBLE,0,1,1,False,-1
5892,TRIPLE,1,1,1,False,-1
5893,TRIPLE,1,1,1,False,-1
5894,TRIPLE,1,1,1,False,-1
5895,TRIPLE,1,1,1,False,-1
5896,SINGLE,0,0,1,False,-1
5897,TRIPLE,1,1,1,False,-1
5898,TRIPLE,1,1,1,False,-1
5899,TRIPLE,1,1,1,False,-1
5900,TRIPLE,1,1,1,False,-1
5902,DOUBLE,0,1,1,False,-1
5903,TRIPLE,1,1,1,False,-1
5904,TRIPLE,1,1,1,False,-1
5905,TRIPLE,1,1,1,False,-1
5907,TRIPLE,1,1,1,False,-1
5908,DOUBLE,0,1,1,False,-1
5909,SINGLE,0,0,1,False,-1
5910,TRIPLE,1,1,1,False,-1
5912,DOUBLE,0,1,1,False,-1
5913,DOUBLE,0,1,1,False,-1
5914,TRIPLE,1,1,1,False,-1
5915,TRIPLE,1,1,1,False,-1
5917,TRIPLE,1,1,1,False,-1
5918,SINGLE,0,0,1,False,-1
5919,SINGLE,0,0,1,False,-1
5921,TRIPLE,1,1,1,False,-1
5922,TRIPLE,1,1,1,False,-1
5923,DOUBLE,0,1,1,False,-1
5924,TRIPLE,1,1,1,False,-1
5925,TRIPLE,1,1,1,False,-1
5926,SINGLE,0,0,1,False,-1
5927,TRIPLE,1,1,1,False,-1
5928,TRIPLE,1,1,1,False,-1
5929,TRIPLE,1,1,1,False,-1
5930,TRIPLE,1,1,1,False,-1
5931,TRIPLE,1,1,1,False,-1
5932,SINGLE,0,0,1,False,-1
5933,TRIPLE,1,1,1,False,-1
5934,DOUBLE,0,1,1,False,-1
5935,TRIPLE,1,1,1,False,-1
5936,TRIPLE,1,1,1,False,-1
5937,TRIPLE,1,1,1,False,-1
5938,DOUBLE,0,1,1,False,-1
5939,TRIPLE,1,1,1,False,-1
5940,TRIPLE,1,1,1,False,-1
5941,TRIPLE,1,1,1,False,-1
5942,TRIPLE,1,1,1,False,-1
5943,DOUBLE,0,1,1,False,-1
5944,TRIPLE,1,1,1,False,-1
5945,SINGLE,0,0,1,False,-1
5946,TRIPLE,1,1,1,False,-1
5947,TRIPLE,1,1,1,False,-1
5948,TRIPLE,1,1,1,False,-1
5949,TRIPLE,1,1,1,False,-1
5950,DOUBLE,0,1,1,False,-1
5952,TRIPLE,1,1,1,False,-1
5954,SINGLE,0,0,1,False,-1
5955,SINGLE,0,0,1,False,-1
5956,SINGLE,0,0,1,False,-1
5957,DOUBLE,0,1,1,False,-1
5958,TRIPLE,1,1,1,False,-1
5959,TRIPLE,1,1,1,False,-1
5960,SINGLE,0,0,1,False,-1
5961,DOUBLE,0,1,1,False,-1
5962,TRIPLE,1,1,1,False,-1
5963,TRIPLE,1,1,1,False,-1
5964,TRIPLE,1,1,1,False,-1
5965,DOUBLE,0,1,1,False,-1
5967,TRIPLE,1,1,1,False,-1
5968,TRIPLE,1,1,1,False,-1
5969,DOUBLE,0,1,1,False,-1
5970,DOUBLE,0,1,1,False,-1
5971,DOUBLE,0,1,1,False,-1
5972,TRIPLE,1,1,1,False,-1
5973,TRIPLE,1,1,1,False,-1
5974,TRIPLE,1,1,1,False,-1
5975,TRIPLE,1,1,1,False,-1
5976,TRIPLE,1,1,1,False,-1
5977,TRIPLE,1,1,1,False,-1
5978,SINGLE,0,0,1,False,-1
5979,SINGLE,0,0,1,False,-1
5981,TRIPLE,1,1,1,False,-1
5982,DOUBLE,0,1,1,False,-1
5983,TRIPLE,1,1,1,False,-1
5984,DOUBLE,0,1,1,False,-1
5985,TRIPLE,1,1,1,False,-1
5986,DOUBLE,0,1,1,False,-1
5987,DOUBLE,0,1,1,False,-1
5988,SINGLE,0,0,1,False,-1
5989,SINGLE,0,0,1,False,-1
5990,DOUBLE,0,1,1,False,-1
5991,DOUBLE,0,1,1,False,-1
5992,TRIPLE,1,1,1,False,-1
5993,DOUBLE,0,1,1,False,-1
5994,DOUBLE,0,1,1,False,-1
5995,TRIPLE,1,1,1,False,-1
5996,DOUBLE,0,1,1,False,-1
5997,DOUBLE,0,1,1,False,-1
5998,TRIPLE,1,1,1,False,-1
5999,SINGLE,0,0,1,False,-1
6000,TRIPLE,1,1,1,False,-1
6001,DOUBLE,0,1,1,False,-1
6002,TRIPLE,1,1,1,False,-1
6003,TRIPLE,1,1,1,False,-1
6004,DOUBLE,0,1,1,False,-1
6005,SINGLE,0,0,1,False,-1
6006,TRIPLE,1,1,1,False,-1
6007,TRIPLE,1,1,1,False,-1
6008,TRIPLE,1,1,1,False,-1
6009,DOUBLE,0,1,1,False,-1
6011,DOUBLE,0,1,1,False,-1
6012,TRIPLE,1,1,1,False,-1
6013,TRIPLE,1,1,1,False,-1
6014,TRIPLE,1,1,1,False,-1
6015,TRIPLE,1,1,1,False,-1
6016,TRIPLE,1,1,1,False,-1
6017,TRIPLE,1,1,1,False,-1
6018,TRIPLE,1,1,1,False,-1
6019,TRIPLE,1,1,1,False,-1
6020,DOUBLE,0,1,1,False,-1
6021,TRIPLE,1,1,1,False,-1
6022,DOUBLE,0,1,1,False,-1
6023,TRIPLE,1,1,1,False,-1
6024,TRIPLE,1,1,1,False,-1
6025,DOUBLE,0,1,1,False,-1
6026,TRIPLE,1,1,1,False,-1
6027,TRIPLE,1,1,1,False,-1
6028,DOUBLE,0,1,1,False,-1
6029,DOUBLE,0,1,1,False,-1
6030,SINGLE,0,0,1,False,-1
6031,TRIPLE,1,1,1,False,-1
6033,SINGLE,0,0,1,False,-1
6034,TRIPLE,1,1,1,False,-1
6035,TRIPLE,1,1,1,False,-1
6036,DOUBLE,0,1,1,False,-1
6037,TRIPLE,1,1,1,False,-1
6039,SINGLE,0,0,1,False,-1
6040,SINGLE,0,0,1,False,-1
6042,TRIPLE,1,1,1,False,-1
6043,DOUBLE,0,1,1,False,-1
6045,DOUBLE,0,1,1,False,-1
6046,DOUBLE,0,1,1,False,-1
6047,TRIPLE,1,1,1,False,-1
6049,TRIPLE,1,1,1,False,-1
6050,TRIPLE,1,1,1,False,-1
6052,SINGLE,0,0,1,False,-1
6053,TRIPLE,1,1,1,False,-1
6054,DOUBLE,0,1,1,False,-1
6055,TRIPLE,1,1,1,False,-1
6056,SINGLE,0,0,1,False,-1
6057,DOUBLE,0,1,1,False,-1
6058,DOUBLE,0,1,1,False,-1
6059,DOUBLE,0,1,1,False,-1
6060,TRIPLE,1,1,1,False,-1
6061,DOUBLE,0,1,1,False,-1
6062,DOUBLE,0,1,1,False,-1
6063,DOUBLE,0,1,1,False,-1
6064,TRIPLE,1,1,1,False,-1
6065,SINGLE,0,0,1,False,-1
6066,TRIPLE,1,1,1,False,-1
6067,TRIPLE,1,1,1,False,-1
6068,DOUBLE,0,1,1,False,-1
6069,TRIPLE,1,1,1,False,-1
6070,SINGLE,0,0,1,False,-1
6071,DOUBLE,0,1,1,False,-1
6072,TRIPLE,1,1,1,False,-1
6073,TRIPLE,1,1,1,False,-1
6074,DOUBLE,0,1,1,False,-1
6075,SINGLE,0,0,1,False,-1
6076,TRIPLE,1,1,1,False,-1
6077,SINGLE,0,0,1,False,-1
6078,DOUBLE,0,1,1,False,-1
6079,TRIPLE,1,1,1,False,-1
6080,TRIPLE,1,1,1,False,-1
6081,TRIPLE,1,1,1,False,-1
6082,SINGLE,0,0,1,False,-1
6083,TRIPLE,1,1,1,False,-1
6084,DOUBLE,0,1,1,False,-1
6085,SINGLE,0,0,1,False,-1
6087,SINGLE,0,0,1,False,-1
6088,TRIPLE,1,1,1,False,-1
6089,SINGLE,0,0,1,False,-1
6090,TRIPLE,1,1,1,False,-1
6091,TRIPLE,1,1,1,False,-1
6092,TRIPLE,1,1,1,False,-1
6093,TRIPLE,1,1,1,False,-1
6095,TRIPLE,1,1,1,False,-1
6097,TRIPLE,1,1,1,False,-1
6098,TRIPLE,1,1,1,False,-1
6099,SINGLE,0,0,1,False,-1
6102,TRIPLE,1,1,1,False,-1
6103,DOUBLE,0,1,1,False,-1
6104,SINGLE,0,0,1,False,-1
6105,TRIPLE,1,1,1,False,-1
6106,SINGLE,0,0,1,False,-1
6107,SINGLE,0,0,1,False,-1
6108,TRIPLE,1,1,1,False,-1
6109,TRIPLE,1,1,1,False,-1
6110,TRIPLE,1,1,1,False,-1
6111,TRIPLE,1,1,1,False,-1
6112,DOUBLE,0,1,1,False,-1
6113,SINGLE,0,0,1,False,-1
6115,TRIPLE,1,1,1,False,-1
6116,DOUBLE,0,1,1,False,-1
6117,TRIPLE,1,1,1,False,-1
6118,DOUBLE,0,1,1,False,-1
6119,DOUBLE,0,1,1,False,-1
6120,TRIPLE,1,1,1,False,-1
6121,SINGLE,0,0,1,False,-1
6122,TRIPLE,1,1,1,False,-1
6123,DOUBLE,0,1,1,False,-1
6124,SINGLE,0,0,1,False,-1
6125,TRIPLE,1,1,1,False,-1
6126,TRIPLE,1,1,1,False,-1
6127,TRIPLE,1,1,1,False,-1
6128,TRIPLE,1,1,1,False,-1
6129,DOUBLE,0,1,1,False,-1
6130,TRIPLE,1,1,1,False,-1
6131,TRIPLE,1,1,1,False,-1
6132,TRIPLE,1,1,1,False,-1
6133,SINGLE,0,0,1,False,-1
6134,TRIPLE,1,1,1,False,-1
6135,TRIPLE,1,1,1,False,-1
6136,TRIPLE,1,1,1,False,-1
6137,TRIPLE,1,1,1,False,-1
6138,TRIPLE,1,1,1,False,-1
6139,DOUBLE,0,1,1,False,-1
6141,TRIPLE,1,1,1,False,-1
6142,TRIPLE,1,1,1,False,-1
6143,TRIPLE,1,1,1,False,-1
6144,TRIPLE,1,1,1,False,-1
6145,TRIPLE,1,1,1,False,-1
6146,TRIPLE,1,1,1,False,-1
6147,SINGLE,0,0,1,False,-1
6148,TRIPLE,1,1,1,False,-1
6150,TRIPLE,1,1,1,False,-1
6151,SINGLE,0,0,1,False,-1
6152,TRIPLE,1,1,1,False,-1
6153,DOUBLE,0,1,1,False,-1
6154,DOUBLE,0,1,1,False,-1
6155,DOUBLE,0,1,1,False,-1
6156,TRIPLE,1,1,1,False,-1
6158,DOUBLE,0,1,1,False,-1
6159,TRIPLE,1,1,1,False,-1
6160,TRIPLE,1,1,1,False,-1
6161,DOUBLE,0,1,1,False,-1
6162,TRIPLE,1,1,1,False,-1
6163,TRIPLE,1,1,1,False,-1
6164,DOUBLE,0,1,1,False,-1
6165,DOUBLE,0,1,1,False,-1
6166,SINGLE,0,0,1,False,-1
6167,TRIPLE,1,1,1,False,-1
6168,TRIPLE,1,1,1,False,-1
6169,TRIPLE,1,1,1,False,-1
6170,TRIPLE,1,1,1,False,-1
6171,SINGLE,0,0,1,False,-1
6172,TRIPLE,1,1,1,False,-1
6173,TRIPLE,1,1,1,False,-1
6174,TRIPLE,1,1,1,False,-1
6175,TRIPLE,1,1,1,False,-1
6176,DOUBLE,0,1,1,False,-1
6178,DOUBLE,0,1,1,False,-1
6179,TRIPLE,1,1,1,False,-1
6180,DOUBLE,0,1,1,False,-1
6181,DOUBLE,0,1,1,False,-1
6182,TRIPLE,1,1,1,False,-1
6183,DOUBLE,0,1,1,False,-1
6184,TRIPLE,1,1,1,False,-1
6185,DOUBLE,0,1,1,False,-1
6186,DOUBLE,0,1,1,False,-1
6187,TRIPLE,1,1,1,False,-1
6188,DOUBLE,0,1,1,False,-1
6189,SINGLE,0,0,1,False,-1
6190,TRIPLE,1,1,1,False,-1
6191,TRIPLE,1,1,1,False,-1
6192,DOUBLE,0,1,1,False,-1
6193,SINGLE,0,0,1,False,-1
6194,TRIPLE,1,1,1,False,-1
6195,DOUBLE,0,1,1,False,-1
6196,TRIPLE,1,1,1,False,-1
6197,TRIPLE,1,1,1,False,-1
6198,DOUBLE,0,1,1,False,-1
6199,TRIPLE,1,1,1,False,-1
6200,TRIPLE,1,1,1,False,-1
6201,DOUBLE,0,1,1,False,-1
6202,TRIPLE,1,1,1,False,-1
6204,TRIPLE,1,1,1,False,-1
6206,DOUBLE,0,1,1,False,-1
6207,SINGLE,0,0,1,False,-1
6209,TRIPLE,1,1,1,False,-1
6210,TRIPLE,1,1,1,False,-1
6212,TRIPLE,1,1,1,False,-1
6213,SINGLE,0,0,1,False,-1
6214,TRIPLE,1,1,1,False,-1
6215,DOUBLE,0,1,1,False,-1
6216,TRIPLE,1,1,1,False,-1
6217,TRIPLE,1,1,1,False,-1
6218,DOUBLE,0,1,1,False,-1
6219,DOUBLE,0,1,1,False,-1
6220,TRIPLE,1,1,1,False,-1
6221,TRIPLE,1,1,1,False,-1
6223,TRIPLE,1,1,1,False,-1
6224,DOUBLE,0,1,1,False,-1
6225,DOUBLE,0,1,1,False,-1
6226,TRIPLE,1,1,1,False,-1
6227,DOUBLE,0,1,1,False,-1
6228,DOUBLE,0,1,1,False,-1
6230,TRIPLE,1,1,1,False,-1
6231,DOUBLE,0,1,1,False,-1
6232,TRIPLE,1,1,1,False,-1
6233,DOUBLE,0,1,1,False,-1
6234,TRIPLE,1,1,1,False,-1
6235,TRIPLE,1,1,1,False,-1
6236,DOUBLE,0,1,1,False,-1
6237,TRIPLE,1,1,1,False,-1
6238,TRIPLE,1,1,1,False,-1
6239,TRIPLE,1,1,1,False,-1
6240,DOUBLE,0,1,1,False,-1
6241,TRIPLE,1,1,1,False,-1
6242,DOUBLE,0,1,1,False,-1
6243,DOUBLE,0,1,1,False,-1
6244,SINGLE,0,0,1,False,-1
6245,DOUBLE,0,1,1,False,-1
6246,DOUBLE,0,1,1,False,-1
6247,TRIPLE,1,1,1,False,-1
6248,TRIPLE,1,1,1,False,-1
6249,DOUBLE,0,1,1,False,-1
6251,TRIPLE,1,1,1,False,-1
6252,DOUBLE,0,1,1,False,-1
6253,TRIPLE,1,1,1,False,-1
6254,TRIPLE,1,1,1,False,-1
6255,TRIPLE,1,1,1,False,-1
6256,TRIPLE,1,1,1,False,-1
6257,SINGLE,0,0,1,False,-1
6258,TRIPLE,1,1,1,False,-1
6259,TRIPLE,1,1,1,False,-1
6260,DOUBLE,0,1,1,False,-1
6261,TRIPLE,1,1,1,False,-1
6262,TRIPLE,1,1,1,False,-1
6264,TRIPLE,1,1,1,False,-1
6266,TRIPLE,1,1,1,False,-1
6267,DOUBLE,0,1,1,False,-1
6268,TRIPLE,1,1,1,False,-1
6270,DOUBLE,0,1,1,False,-1
6271,TRIPLE,1,1,1,False,-1
6272,TRIPLE,1,1,1,False,-1
6273,TRIPLE,1,1,1,False,-1
6274,TRIPLE,1,1,1,False,-1
6275,TRIPLE,1,1,1,False,-1
6277,DOUBLE,0,1,1,False,-1
6278,TRIPLE,1,1,1,False,-1
6279,TRIPLE,1,1,1,False,-1
6280,DOUBLE,0,1,1,False,-1
6281,DOUBLE,0,1,1,False,-1
6282,TRIPLE,1,1,1,False,-1
6283,DOUBLE,0,1,1,False,-1
6284,TRIPLE,1,1,1,False,-1
6287,TRIPLE,1,1,1,False,-1
6288,TRIPLE,1,1,1,False,-1
6289,SINGLE,0,0,1,False,-1
6290,TRIPLE,1,1,1,False,-1
6291,DOUBLE,0,1,1,False,-1
6292,TRIPLE,1,1,1,False,-1
6293,DOUBLE,0,1,1,False,-1
6294,TRIPLE,1,1,1,False,-1
6296,TRIPLE,1,1,1,False,-1
6297,TRIPLE,1,1,1,False,-1
6298,TRIPLE,1,1,1,False,-1
6299,SINGLE,0,0,1,False,-1
6300,DOUBLE,0,1,1,False,-1
6301,TRIPLE,1,1,1,False,-1
6302,TRIPLE,1,1,1,False,-1
6303,TRIPLE,1,1,1,False,-1
6304,TRIPLE,1,1,1,False,-1
6305,SINGLE,0,0,1,False,-1
6306,TRIPLE,1,1,1,False,-1
6307,TRIPLE,1,1,1,False,-1
6308,SINGLE,0,0,1,False,-1
6309,TRIPLE,1,1,1,False,-1
6310,TRIPLE,1,1,1,False,-1
6311,TRIPLE,1,1,1,False,-1
6312,TRIPLE,1,1,1,False,-1
6313,TRIPLE,1,1,1,False,-1
6314,TRIPLE,1,1,1,False,-1
6315,DOUBLE,0,1,1,False,-1
6316,DOUBLE,0,1,1,False,-1
6317,TRIPLE,1,1,1,False,-1
6319,TRIPLE,1,1,1,False,-1
6320,SINGLE,0,0,1,False,-1
6321,TRIPLE,1,1,1,False,-1
6322,TRIPLE,1,1,1,False,-1
6323,TRIPLE,1,1,1,False,-1
6324,DOUBLE,0,1,1,False,-1
6325,SINGLE,0,0,1,False,-1
6327,TRIPLE,1,1,1,False,-1
6328,DOUBLE,0,1,1,False,-1
6329,SINGLE,0,0,1,False,-1
6330,TRIPLE,1,1,1,False,-1
6331,SINGLE,0,0,1,False,-1
6332,DOUBLE,0,1,1,False,-1
6333,TRIPLE,1,1,1,False,-1
6334,DOUBLE,0,1,1,False,-1
6335,DOUBLE,0,1,1,False,-1
6336,DOUBLE,0,1,1,False,-1
6337,DOUBLE,0,1,1,False,-1
6338,TRIPLE,1,1,1,False,-1
6339,TRIPLE,1,1,1,False,-1
6340,DOUBLE,0,1,1,False,-1
6341,DOUBLE,0,1,1,False,-1
6343,DOUBLE,0,1,1,False,-1
6344,TRIPLE,1,1,1,False,-1
6345,TRIPLE,1,1,1,False,-1
6346,TRIPLE,1,1,1,False,-1
6348,TRIPLE,1,1,1,False,-1
6349,DOUBLE,0,1,1,False,-1
6350,TRIPLE,1,1,1,False,-1
6351,TRIPLE,1,1,1,False,-1
6353,DOUBLE,0,1,1,False,-1
6354,DOUBLE,0,1,1,False,-1
6355,TRIPLE,1,1,1,False,-1
6356,DOUBLE,0,1,1,False,-1
6357,TRIPLE,1,1,1,False,-1
6358,DOUBLE,0,1,1,False,-1
6359,SINGLE,0,0,1,False,-1
6360,TRIPLE,1,1,1,False,-1
6361,TRIPLE,1,1,1,False,-1
6362,SINGLE,0,0,1,False,-1
6363,DOUBLE,0,1,1,False,-1
6364,TRIPLE,1,1,1,False,-1
6365,TRIPLE,1,1,1,False,-1
6366,DOUBLE,0,1,1,False,-1
6367,SINGLE,0,0,1,False,-1
6368,TRIPLE,1,1,1,False,-1
6369,DOUBLE,0,1,1,False,-1
6370,SINGLE,0,0,1,False,-1
6371,DOUBLE,0,1,1,False,-1
6372,TRIPLE,1,1,1,False,-1
6373,TRIPLE,1,1,1,False,-1
6374,TRIPLE,1,1,1,False,-1
6375,DOUBLE,0,1,1,False,-1
6376,TRIPLE,1,1,1,False,-1
6377,TRIPLE,1,1,1,False,-1
6378,DOUBLE,0,1,1,False,-1
6379,TRIPLE,1,1,1,False,-1
6380,DOUBLE,0,1,1,False,-1
6381,TRIPLE,1,1,1,False,-1
6383,TRIPLE,1,1,1,False,-1
6384,TRIPLE,1,1,1,False,-1
6385,TRIPLE,1,1,1,False,-1
6387,TRIPLE,1,1,1,False,-1
6388,TRIPLE,1,1,1,False,-1
6389,TRIPLE,1,1,1,False,-1
6390,TRIPLE,1,1,1,False,-1
6391,SINGLE,0,0,1,False,-1
6392,SINGLE,0,0,1,False,-1
6393,DOUBLE,0,1,1,False,-1
6394,DOUBLE,0,1,1,False,-1
6396,DOUBLE,0,1,1,False,-1
6397,SINGLE,0,0,1,False,-1
6398,DOUBLE,0,1,1,False,-1
6399,TRIPLE,1,1,1,False,-1
6400,SINGLE,0,0,1,False,-1
6401,TRIPLE,1,1,1,False,-1
6403,SINGLE,0,0,1,False,-1
6404,DOUBLE,0,1,1,False,-1
6405,DOUBLE,0,1,1,False,-1
6406,DOUBLE,0,1,1,False,-1
6407,TRIPLE,1,1,1,False,-1
6408,TRIPLE,1,1,1,False,-1
6409,TRIPLE,1,1,1,False,-1
6410,DOUBLE,0,1,1,False,-1
6411,TRIPLE,1,1,1,False,-1
6412,TRIPLE,1,1,1,False,-1
6413,TRIPLE,1,1,1,False,-1
6414,TRIPLE,1,1,1,False,-1
6415,SINGLE,0,0,1,False,-1
6416,DOUBLE,0,1,1,False,-1
6417,TRIPLE,1,1,1,False,-1
6418,DOUBLE,0,1,1,False,-1
6419,TRIPLE,1,1,1,False,-1
6421,DOUBLE,0,1,1,False,-1
6422,TRIPLE,1,1,1,False,-1
6423,TRIPLE,1,1,1,False,-1
6424,DOUBLE,0,1,1,False,-1
6425,DOUBLE,0,1,1,False,-1
6426,TRIPLE,1,1,1,False,-1
6427,TRIPLE,1,1,1,False,-1
6429,TRIPLE,1,1,1,False,-1
6430,TRIPLE,1,1,1,False,-1
6431,DOUBLE,0,1,1,False,-1
6432,TRIPLE,1,1,1,False,-1
6433,DOUBLE,0,1,1,False,-1
6434,DOUBLE,0,1,1,False,-1
6435,TRIPLE,1,1,1,False,-1
6438,TRIPLE,1,1,1,False,-1
6439,SINGLE,0,0,1,False,-1
6440,DOUBLE,0,1,1,False,-1
6441,SINGLE,0,0,1,False,-1
6442,DOUBLE,0,1,1,False,-1
6443,SINGLE,0,0,1,False,-1
6444,TRIPLE,1,1,1,False,-1
6445,DOUBLE,0,1,1,False,-1
6446,TRIPLE,1,1,1,False,-1
6447,TRIPLE,1,1,1,False,-1
6448,SINGLE,0,0,1,False,-1
6449,SINGLE,0,0,1,False,-1
6450,TRIPLE,1,1,1,False,-1
6451,TRIPLE,1,1,1,False,-1
6452,DOUBLE,0,1,1,False,-1
6453,TRIPLE,1,1,1,False,-1
6454,DOUBLE,0,1,1,False,-1
6455,TRIPLE,1,1,1,False,-1
6456,TRIPLE,1,1,1,False,-1
6457,DOUBLE,0,1,1,False,-1
6458,TRIPLE,1,1,1,False,-1
6459,DOUBLE,0,1,1,False,-1
6460,TRIPLE,1,1,1,False,-1
6461,SINGLE,0,0,1,False,-1
6462,TRIPLE,1,1,1,False,-1
6463,TRIPLE,1,1,1,False,-1
6464,SINGLE,0,0,1,False,-1
6465,TRIPLE,1,1,1,False,-1
6466,TRIPLE,1,1,1,False,-1
6467,TRIPLE,1,1,1,False,-1
6468,TRIPLE,1,1,1,False,-1
6469,TRIPLE,1,1,1,False,-1
6470,TRIPLE,1,1,1,False,-1
6471,TRIPLE,1,1,1,False,-1
6472,TRIPLE,1,1,1,False,-1
6473,SINGLE,0,0,1,False,-1
6474,TRIPLE,1,1,1,False,-1
6475,TRIPLE,1,1,1,False,-1
6476,DOUBLE,0,1,1,False,-1
6477,SINGLE,0,0,1,False,-1
6478,DOUBLE,0,1,1,False,-1
6479,DOUBLE,0,1,1,False,-1
6480,TRIPLE,1,1,1,False,-1
6481,TRIPLE,1,1,1,False,-1
6482,DOUBLE,0,1,1,False,-1
6483,TRIPLE,1,1,1,False,-1
6484,TRIPLE,1,1,1,False,-1
6486,TRIPLE,1,1,1,False,-1
6487,TRIPLE,1,1,1,False,-1
6488,DOUBLE,0,1,1,False,-1
6489,DOUBLE,0,1,1,False,-1
6490,TRIPLE,1,1,1,False,-1
6491,TRIPLE,1,1,1,False,-1
6492,TRIPLE,1,1,1,False,-1
6493,TRIPLE,1,1,1,False,-1
6494,TRIPLE,1,1,1,False,-1
6495,TRIPLE,1,1,1,False,-1
6496,DOUBLE,0,1,1,False,-1
6497,TRIPLE,1,1,1,False,-1
6498,TRIPLE,1,1,1,False,-1
6499,DOUBLE,0,1,1,False,-1
6500,TRIPLE,1,1,1,False,-1
6501,SINGLE,0,0,1,False,-1
6502,TRIPLE,1,1,1,False,-1
6503,TRIPLE,1,1,1,False,-1
6504,TRIPLE,1,1,1,False,-1
6506,TRIPLE,1,1,1,False,-1
6507,TRIPLE,1,1,1,False,-1
6508,TRIPLE,1,1,1,False,-1
6509,SINGLE,0,0,1,False,-1
6510,DOUBLE,0,1,1,False,-1
6512,DOUBLE,0,1,1,False,-1
6513,TRIPLE,1,1,1,False,-1
6514,TRIPLE,1,1,1,False,-1
6515,SINGLE,0,0,1,False,-1
6516,DOUBLE,0,1,1,False,-1
6517,TRIPLE,1,1,1,False,-1
6518,TRIPLE,1,1,1,False,-1
6519,TRIPLE,1,1,1,False,-1
6520,SINGLE,0,0,1,False,-1
6522,SINGLE,0,0,1,False,-1
6523,SINGLE,0,0,1,False,-1
6525,DOUBLE,0,1,1,False,-1
6526,DOUBLE,0,1,1,False,-1
6527,DOUBLE,0,1,1,False,-1
6529,DOUBLE,0,1,1,False,-1
6530,TRIPLE,1,1,1,False,-1
6531,TRIPLE,1,1,1,False,-1
6532,SINGLE,0,0,1,False,-1
6533,SINGLE,0,0,1,False,-1
6534,TRIPLE,1,1,1,False,-1
6535,DOUBLE,0,1,1,False,-1
6536,TRIPLE,1,1,1,False,-1
6538,TRIPLE,1,1,1,False,-1
6539,DOUBLE,0,1,1,False,-1
6540,DOUBLE,0,1,1,False,-1
6541,SINGLE,0,0,1,False,-1
6542,TRIPLE,1,1,1,False,-1
6543,TRIPLE,1,1,1,False,-1
6544,TRIPLE,1,1,1,False,-1
6545,DOUBLE,0,1,1,False,-1
6546,TRIPLE,1,1,1,False,-1
6547,TRIPLE,1,1,1,False,-1
6548,TRIPLE,1,1,1,False,-1
6550,SINGLE,0,0,1,False,-1
6551,TRIPLE,1,1,1,False,-1
6552,DOUBLE,0,1,1,False,-1
6553,TRIPLE,1,1,1,False,-1
6554,SINGLE,0,0,1,False,-1
6555,TRIPLE,1,1,1,False,-1
6556,TRIPLE,1,1,1,False,-1
6557,TRIPLE,1,1,1,False,-1
6561,TRIPLE,1,1,1,False,-1
6562,DOUBLE,0,1,1,False,-1
6563,TRIPLE,1,1,1,False,-1
6564,TRIPLE,1,1,1,False,-1
6565,TRIPLE,1,1,1,False,-1
6566,DOUBLE,0,1,1,False,-1
6567,TRIPLE,1,1,1,False,-1
6568,TRIPLE,1,1,1,False,-1
6569,TRIPLE,1,1,1,False,-1
6570,TRIPLE,1,1,1,False,-1
6571,TRIPLE,1,1,1,False,-1
6572,SINGLE,0,0,1,False,-1
6573,DOUBLE,0,1,1,False,-1
6574,SINGLE,0,0,1,False,-1
6575,TRIPLE,1,1,1,False,-1
6576,DOUBLE,0,1,1,False,-1
6577,DOUBLE,0,1,1,False,-1
6578,TRIPLE,1,1,1,False,-1
6579,SINGLE,0,0,1,False,-1
6581,DOUBLE,0,1,1,False,-1
6582,DOUBLE,0,1,1,False,-1
6583,TRIPLE,1,1,1,False,-1
6584,TRIPLE,1,1,1,False,-1
6585,DOUBLE,0,1,1,False,-1
6586,TRIPLE,1,1,1,False,-1
6587,DOUBLE,0,1,1,False,-1
6588,DOUBLE,0,1,1,False,-1
6589,TRIPLE,1,1,1,False,-1
6591,DOUBLE,0,1,1,False,-1
6592,TRIPLE,1,1,1,False,-1
6593,DOUBLE,0,1,1,False,-1
6594,TRIPLE,1,1,1,False,-1
6595,DOUBLE,0,1,1,False,-1
6597,TRIPLE,1,1,1,False,-1
6598,TRIPLE,1,1,1,False,-1
6599,DOUBLE,0,1,1,False,-1
6600,SINGLE,0,0,1,False,-1
6602,TRIPLE,1,1,1,False,-1
6603,TRIPLE,1,1,1,False,-1
6604,TRIPLE,1,1,1,False,-1
6607,TRIPLE,1,1,1,False,-1
6609,SINGLE,0,0,1,False,-1
6610,TRIPLE,1,1,1,False,-1
6611,TRIPLE,1,1,1,False,-1
6612,TRIPLE,1,1,1,False,-1
6613,TRIPLE,1,1,1,False,-1
6614,SINGLE,0,0,1,False,-1
6615,TRIPLE,1,1,1,False,-1
6616,TRIPLE,1,1,1,False,-1
6617,SINGLE,0,0,1,False,-1
6618,TRIPLE,1,1,1,False,-1
6619,DOUBLE,0,1,1,False,-1
6620,TRIPLE,1,1,1,False,-1
6621,SINGLE,0,0,1,False,-1
6622,SINGLE,0,0,1,False,-1
6623,DOUBLE,0,1,1,False,-1
6625,TRIPLE,1,1,1,False,-1
6626,TRIPLE,1,1,1,False,-1
6627,TRIPLE,1,1,1,False,-1
6628,TRIPLE,1,1,1,False,-1
6629,TRIPLE,1,1,1,False,-1
6630,TRIPLE,1,1,1,False,-1
6631,TRIPLE,1,1,1,False,-1
6632,TRIPLE,1,1,1,False,-1
6633,DOUBLE,0,1,1,False,-1
6634,DOUBLE,0,1,1,False,-1
6635,TRIPLE,1,1,1,False,-1
6636,TRIPLE,1,1,1,False,-1
6637,DOUBLE,0,1,1,False,-1
6638,DOUBLE,0,1,1,False,-1
6639,TRIPLE,1,1,1,False,-1
6640,DOUBLE,0,1,1,False,-1
6641,DOUBLE,0,1,1,False,-1
6642,TRIPLE,1,1,1,False,-1
6643,TRIPLE,1,1,1,False,-1
6644,TRIPLE,1,1,1,False,-1
6645,DOUBLE,0,1,1,False,-1
6646,DOUBLE,0,1,1,False,-1
6647,TRIPLE,1,1,1,False,-1
6648,DOUBLE,0,1,1,False,-1
6649,TRIPLE,1,1,1,False,-1
6650,SINGLE,0,0,1,False,-1
6652,DOUBLE,0,1,1,False,-1
6653,DOUBLE,0,1,1,False,-1
6654,DOUBLE,0,1,1,False,-1
6655,DOUBLE,0,1,1,False,-1
6656,DOUBLE,0,1,1,False,-1
6657,SINGLE,0,0,1,False,-1
6658,TRIPLE,1,1,1,False,-1
6661,TRIPLE,1,1,1,False,-1
6662,TRIPLE,1,1,1,False,-1
6663,TRIPLE,1,1,1,False,-1
6664,DOUBLE,0,1,1,False,-1
6665,DOUBLE,0,1,1,False,-1
6666,TRIPLE,1,1,1,False,-1
6667,SINGLE,0,0,1,False,-1
6668,SINGLE,0,0,1,False,-1
6669,TRIPLE,1,1,1,False,-1
6670,DOUBLE,0,1,1,False,-1
6671,TRIPLE,1,1,1,False,-1
6672,TRIPLE,1,1,1,False,-1
6673,TRIPLE,1,1,1,False,-1
6674,SINGLE,0,0,1,False,-1
6675,TRIPLE,1,1,1,False,-1
6676,DOUBLE,0,1,1,False,-1
6677,SINGLE,0,0,1,False,-1
6678,DOUBLE,1,0,1,False,-1
6679,TRIPLE,1,1,1,False,-1
6680,SINGLE,0,0,1,False,-1
6681,TRIPLE,1,1,1,False,-1
6682,DOUBLE,0,1,1,False,-1
6683,DOUBLE,0,1,1,False,-1
6684,TRIPLE,1,1,1,False,-1
6685,TRIPLE,1,1,1,False,-1
6687,TRIPLE,1,1,1,False,-1
6688,SINGLE,0,0,1,False,-1
6689,TRIPLE,1,1,1,False,-1
6690,DOUBLE,0,1,1,False,-1
6691,TRIPLE,1,1,1,False,-1
6692,DOUBLE,0,1,1,False,-1
6693,SINGLE,0,0,1,False,-1
6694,DOUBLE,0,1,1,False,-1
6695,TRIPLE,1,1,1,False,-1
6696,TRIPLE,1,1,1,False,-1
6697,SINGLE,0,0,1,False,-1
6698,DOUBLE,0,1,1,False,-1
6699,DOUBLE,0,1,1,False,-1
6700,TRIPLE,1,1,1,False,-1
6702,TRIPLE,1,1,1,False,-1
6703,TRIPLE,1,1,1,False,-1
6704,TRIPLE,1,1,1,False,-1
6706,DOUBLE,0,1,1,False,-1
6707,TRIPLE,1,1,1,False,-1
6708,TRIPLE,1,1,1,False,-1
6709,SINGLE,0,0,1,False,-1
6710,DOUBLE,0,1,1,False,-1
6711,TRIPLE,1,1,1,False,-1
6712,DOUBLE,0,1,1,False,-1
6713,TRIPLE,1,1,1,False,-1
6714,DOUBLE,0,1,1,False,-1
6715,TRIPLE,1,1,1,False,-1
6716,TRIPLE,1,1,1,False,-1
6717,TRIPLE,1,1,1,False,-1
6718,TRIPLE,1,1,1,False,-1
6719,SINGLE,0,0,1,False,-1
6720,DOUBLE,0,1,1,False,-1
6722,DOUBLE,0,1,1,False,-1
6724,TRIPLE,1,1,1,False,-1
6725,TRIPLE,1,1,1,False,-1
6726,TRIPLE,1,1,1,False,-1
6727,DOUBLE,0,1,1,False,-1
6729,TRIPLE,1,1,1,False,-1
6730,TRIPLE,1,1,1,False,-1
6731,TRIPLE,1,1,1,False,-1
6732,TRIPLE,1,1,1,False,-1
6733,SINGLE,0,0,1,False,-1
6734,SINGLE,0,0,1,False,-1
6735,SINGLE,0,0,1,False,-1
6736,TRIPLE,1,1,1,False,-1
6737,TRIPLE,1,1,1,False,-1
6738,SINGLE,0,0,1,False,-1
6739,DOUBLE,0,1,1,False,-1
6740,TRIPLE,1,1,1,False,-1
6741,DOUBLE,0,1,1,False,-1
6742,DOUBLE,0,1,1,False,-1
6743,DOUBLE,0,1,1,False,-1
6744,TRIPLE,1,1,1,False,-1
6745,TRIPLE,1,1,1,False,-1
6746,SINGLE,0,0,1,False,-1
6747,TRIPLE,1,1,1,False,-1
6748,TRIPLE,1,1,1,False,-1
6749,DOUBLE,0,1,1,False,-1
6750,TRIPLE,1,1,1,False,-1
6751,TRIPLE,1,1,1,False,-1
6752,TRIPLE,1,1,1,False,-1
6756,TRIPLE,1,1,1,False,-1
6757,TRIPLE,1,1,1,False,-1
6758,TRIPLE,1,1,1,False,-1
6759,TRIPLE,1,1,1,False,-1
6760,TRIPLE,1,1,1,False,-1
6761,TRIPLE,1,1,1,False,-1
6762,DOUBLE,0,1,1,False,-1
6764,TRIPLE,1,1,1,False,-1
6765,TRIPLE,1,1,1,False,-1
6766,DOUBLE,0,1,1,False,-1
6767,TRIPLE,1,1,1,False,-1
6768,DOUBLE,0,1,1,False,-1
6769,TRIPLE,1,1,1,False,-1
6770,TRIPLE,1,1,1,False,-1
6771,TRIPLE,1,1,1,False,-1
6772,TRIPLE,1,1,1,False,-1
6774,TRIPLE,1,1,1,False,-1
6775,DOUBLE,0,1,1,False,-1
6776,TRIPLE,1,1,1,False,-1
6777,TRIPLE,1,1,1,False,-1
6778,DOUBLE,0,1,1,False,-1
6779,TRIPLE,1,1,1,False,-1
6780,SINGLE,0,0,1,False,-1
6781,DOUBLE,0,1,1,False,-1
6782,DOUBLE,0,1,1,False,-1
6783,TRIPLE,1,1,1,False,-1
6784,SINGLE,0,0,1,False,-1
6785,TRIPLE,1,1,1,False,-1
6786,TRIPLE,1,1,1,False,-1
6787,DOUBLE,0,1,1,False,-1
6788,SINGLE,0,0,1,False,-1
6789,TRIPLE,1,1,1,False,-1
6790,DOUBLE,0,1,1,False,-1
6791,TRIPLE,1,1,1,False,-1
6793,TRIPLE,1,1,1,False,-1
6794,SINGLE,0,0,1,False,-1
6796,TRIPLE,1,1,1,False,-1
6797,TRIPLE,1,1,1,False,-1
6798,TRIPLE,1,1,1,False,-1
6799,TRIPLE,1,1,1,False,-1
6800,TRIPLE,1,1,1,False,-1
6801,TRIPLE,1,1,1,False,-1
6802,DOUBLE,0,1,1,False,-1
6803,TRIPLE,1,1,1,False,-1
6804,TRIPLE,1,1,1,False,-1
6805,TRIPLE,1,1,1,False,-1
6806,TRIPLE,1,1,1,False,-1
6807,TRIPLE,1,1,1,False,-1
6808,SINGLE,0,0,1,False,-1
6809,TRIPLE,1,1,1,False,-1
6811,TRIPLE,1,1,1,False,-1
6812,DOUBLE,0,1,1,False,-1
6813,TRIPLE,1,1,1,False,-1
6814,TRIPLE,1,1,1,False,-1
6815,TRIPLE,1,1,1,False,-1
6816,TRIPLE,1,1,1,False,-1
6817,TRIPLE,1,1,1,False,-1
6818,TRIPLE,1,1,1,False,-1
6820,TRIPLE,1,1,1,False,-1
6821,TRIPLE,1,1,1,False,-1
6822,TRIPLE,1,1,1,False,-1
6823,SINGLE,0,0,1,False,-1
6824,DOUBLE,0,1,1,False,-1
6825,TRIPLE,1,1,1,False,-1
6826,TRIPLE,1,1,1,False,-1
6828,TRIPLE,1,1,1,False,-1
6829,TRIPLE,1,1,1,False,-1
6830,TRIPLE,1,1,1,False,-1
6831,DOUBLE,0,1,1,False,-1
6832,TRIPLE,1,1,1,False,-1
6833,SINGLE,0,0,1,False,-1
6834,DOUBLE,0,1,1,False,-1
6835,TRIPLE,1,1,1,False,-1
6836,TRIPLE,1,1,1,False,-1
6837,TRIPLE,1,1,1,False,-1
6838,TRIPLE,1,1,1,False,-1
6839,TRIPLE,1,1,1,False,-1
6840,TRIPLE,1,1,1,False,-1
6841,DOUBLE,0,1,1,False,-1
6842,TRIPLE,1,1,1,False,-1
6843,TRIPLE,1,1,1,False,-1
6844,DOUBLE,0,1,1,False,-1
6845,TRIPLE,1,1,1,False,-1
6847,TRIPLE,1,1,1,False,-1
6848,TRIPLE,1,1,1,False,-1
6849,TRIPLE,1,1,1,False,-1
6850,TRIPLE,1,1,1,False,-1
6851,TRIPLE,1,1,1,False,-1
6852,DOUBLE,0,1,1,False,-1
6853,TRIPLE,1,1,1,False,-1
6854,DOUBLE,0,1,1,False,-1
6855,TRIPLE,1,1,1,False,-1
6856,SINGLE,0,0,1,False,-1
6857,TRIPLE,1,1,1,False,-1
6858,DOUBLE,0,1,1,False,-1
6859,TRIPLE,1,1,1,False,-1
6860,DOUBLE,0,1,1,False,-1
6861,DOUBLE,0,1,1,False,-1
6862,DOUBLE,0,1,1,False,-1
6863,TRIPLE,1,1,1,False,-1
6864,TRIPLE,1,1,1,False,-1
6865,TRIPLE,1,1,1,False,-1
6866,TRIPLE,1,1,1,False,-1
6867,TRIPLE,1,1,1,False,-1
6868,TRIPLE,1,1,1,False,-1
6869,SINGLE,0,0,1,False,-1
6870,DOUBLE,0,1,1,False,-1
6871,TRIPLE,1,1,1,False,-1
6872,SINGLE,0,0,1,False,-1
6873,TRIPLE,1,1,1,False,-1
6874,TRIPLE,1,1,1,False,-1
6875,TRIPLE,1,1,1,False,-1
6877,TRIPLE,1,1,1,False,-1
6878,DOUBLE,0,1,1,False,-1
6879,DOUBLE,0,1,1,False,-1
6880,TRIPLE,1,1,1,False,-1
6881,TRIPLE,1,1,1,False,-1
6882,SINGLE,0,0,1,False,-1
6883,DOUBLE,0,1,1,False,-1
6884,TRIPLE,1,1,1,False,-1
6886,DOUBLE,0,1,1,False,-1
6888,TRIPLE,1,1,1,False,-1
6890,TRIPLE,1,1,1,False,-1
6891,TRIPLE,1,1,1,False,-1
6892,DOUBLE,0,1,1,False,-1
6893,SINGLE,0,0,1,False,-1
6894,TRIPLE,1,1,1,False,-1
6895,DOUBLE,0,1,1,False,-1
6897,SINGLE,0,0,1,False,-1
6898,DOUBLE,0,1,1,False,-1
6899,DOUBLE,0,1,1,False,-1
6900,TRIPLE,1,1,1,False,-1
6901,DOUBLE,0,1,1,False,-1
6902,TRIPLE,1,1,1,False,-1
6903,DOUBLE,0,1,1,False,-1
6904,DOUBLE,0,1,1,False,-1
6907,SINGLE,0,0,1,False,-1
6908,SINGLE,0,0,1,False,-1
6909,TRIPLE,1,1,1,False,-1
6910,TRIPLE,1,1,1,False,-1
6911,TRIPLE,1,1,1,False,-1
6912,TRIPLE,1,1,1,False,-1
6913,DOUBLE,0,1,1,False,-1
6914,TRIPLE,1,1,1,False,-1
6915,SINGLE,0,0,1,False,-1
6916,TRIPLE,1,1,1,False,-1
6917,TRIPLE,1,1,1,False,-1
6918,DOUBLE,0,1,1,False,-1
6919,SINGLE,0,0,1,False,-1
6920,SINGLE,0,0,1,False,-1
6921,SINGLE,0,0,1,False,-1
6922,TRIPLE,1,1,1,False,-1
6923,TRIPLE,1,1,1,False,-1
6924,DOUBLE,0,1,1,False,-1
6925,TRIPLE,1,1,1,False,-1
6926,DOUBLE,0,1,1,False,-1
6927,TRIPLE,1,1,1,False,-1
6928,DOUBLE,0,1,1,False,-1
6929,DOUBLE,0,1,1,False,-1
6930,TRIPLE,1,1,1,False,-1
6931,TRIPLE,1,1,1,False,-1
6934,DOUBLE,0,1,1,False,-1
6935,TRIPLE,1,1,1,False,-1
6936,DOUBLE,0,1,1,False,-1
6938,SINGLE,0,0,1,False,-1
6939,TRIPLE,1,1,1,False,-1
6940,TRIPLE,1,1,1,False,-1
6941,SINGLE,0,0,1,False,-1
6942,SINGLE,0,0,1,False,-1
6943,TRIPLE,1,1,1,False,-1
6944,DOUBLE,0,1,1,False,-1
6945,TRIPLE,1,1,1,False,-1
6946,TRIPLE,1,1,1,False,-1
6947,TRIPLE,1,1,1,False,-1
6948,DOUBLE,0,1,1,False,-1
6949,TRIPLE,1,1,1,False,-1
6950,DOUBLE,0,1,1,False,-1
6951,TRIPLE,1,1,1,False,-1
6952,TRIPLE,1,1,1,False,-1
6953,TRIPLE,1,1,1,False,-1
6954,DOUBLE,0,1,1,False,-1
6955,DOUBLE,0,1,1,False,-1
6956,TRIPLE,1,1,1,False,-1
6957,TRIPLE,1,1,1,False,-1
6960,SINGLE,0,0,1,False,-1
6961,SINGLE,0,0,1,False,-1
6962,SINGLE,0,0,1,False,-1
6964,TRIPLE,1,1,1,False,-1
6965,DOUBLE,0,1,1,False,-1
6966,DOUBLE,0,1,1,False,-1
6969,DOUBLE,0,1,1,False,-1
6970,DOUBLE,0,1,1,False,-1
6971,TRIPLE,1,1,1,False,-1
6972,TRIPLE,1,1,1,False,-1
6973,DOUBLE,0,1,1,False,-1
6974,TRIPLE,1,1,1,False,-1
6976,TRIPLE,1,1,1,False,-1
6977,TRIPLE,1,1,1,False,-1
6978,TRIPLE,1,1,1,False,-1
6979,TRIPLE,1,1,1,False,-1
6980,DOUBLE,0,1,1,False,-1
6981,TRIPLE,1,1,1,False,-1
6982,TRIPLE,1,1,1,False,-1
6983,TRIPLE,1,1,1,False,-1
6984,TRIPLE,1,1,1,False,-1
6985,DOUBLE,0,1,1,False,-1
6987,DOUBLE,0,1,1,False,-1
6988,TRIPLE,1,1,1,False,-1
6989,TRIPLE,1,1,1,False,-1
6990,TRIPLE,1,1,1,False,-1
6991,TRIPLE,1,1,1,False,-1
6992,TRIPLE,1,1,1,False,-1
6993,SINGLE,0,0,1,False,-1
6994,TRIPLE,1,1,1,False,-1
6995,DOUBLE,0,1,1,False,-1
6996,DOUBLE,0,1,1,False,-1
6997,TRIPLE,1,1,1,False,-1
6998,DOUBLE,0,1,1,False,-1
6999,TRIPLE,1,1,1,False,-1
7000,DOUBLE,0,1,1,False,-1
7002,TRIPLE,1,1,1,False,-1
7003,DOUBLE,0,1,1,False,-1
7004,TRIPLE,1,1,1,False,-1
7005,TRIPLE,1,1,1,False,-1
7006,TRIPLE,1,1,1,False,-1
7007,SINGLE,0,0,1,False,-1
7008,SINGLE,0,0,1,False,-1
7009,TRIPLE,1,1,1,False,-1
7010,SINGLE,0,0,1,False,-1
7011,DOUBLE,0,1,1,False,-1
7012,DOUBLE,0,1,1,False,-1
7013,TRIPLE,1,1,1,False,-1
7014,TRIPLE,1,1,1,False,-1
7015,SINGLE,0,0,1,False,-1
7016,TRIPLE,1,1,1,False,-1
7017,TRIPLE,1,1,1,False,-1
7019,SINGLE,0,0,1,False,-1
7020,TRIPLE,1,1,1,False,-1
7022,TRIPLE,1,1,1,False,-1
7023,DOUBLE,0,1,1,False,-1
7024,TRIPLE,1,1,1,False,-1
7025,TRIPLE,1,1,1,False,-1
7028,TRIPLE,1,1,1,False,-1
7030,SINGLE,0,0,1,False,-1
7031,TRIPLE,1,1,1,False,-1
7033,TRIPLE,1,1,1,False,-1
7034,TRIPLE,1,1,1,False,-1
7035,TRIPLE,1,1,1,False,-1
7036,TRIPLE,1,1,1,False,-1
7038,DOUBLE,0,1,1,False,-1
7039,SINGLE,0,0,1,False,-1
7040,TRIPLE,1,1,1,False,-1
7041,DOUBLE,0,1,1,False,-1
7042,TRIPLE,1,1,1,False,-1
7043,DOUBLE,0,1,1,False,-1
7044,DOUBLE,0,1,1,False,-1
7046,TRIPLE,1,1,1,False,-1
7047,TRIPLE,1,1,1,False,-1
7048,TRIPLE,1,1,1,False,-1
7049,DOUBLE,0,1,1,False,-1
7050,DOUBLE,0,1,1,False,-1
7051,DOUBLE,0,1,1,False,-1
7052,TRIPLE,1,1,1,False,-1
7054,DOUBLE,0,1,1,False,-1
7055,TRIPLE,1,1,1,False,-1
7056,TRIPLE,1,1,1,False,-1
7057,TRIPLE,1,1,1,False,-1
7058,TRIPLE,1,1,1,False,-1
7060,TRIPLE,1,1,1,False,-1
7061,TRIPLE,1,1,1,False,-1
7062,TRIPLE,1,1,1,False,-1
7063,DOUBLE,0,1,1,False,-1
7064,SINGLE,0,0,1,False,-1
7065,SINGLE,0,0,1,False,-1
7066,SINGLE,0,0,1,False,-1
7067,DOUBLE,0,1,1,False,-1
7068,TRIPLE,1,1,1,False,-1
7069,TRIPLE,1,1,1,False,-1
7070,SINGLE,0,0,1,False,-1
7071,DOUBLE,0,1,1,False,-1
7072,DOUBLE,0,1,1,False,-1
7073,SINGLE,0,0,1,False,-1
7074,SINGLE,0,0,1,False,-1
7075,SINGLE,0,0,1,False,-1
7077,TRIPLE,1,1,1,False,-1
7078,TRIPLE,1,1,1,False,-1
7079,TRIPLE,1,1,1,False,-1
7080,DOUBLE,0,1,1,False,-1
7081,DOUBLE,0,1,1,False,-1
7082,SINGLE,0,0,1,False,-1
7083,TRIPLE,1,1,1,False,-1
7084,TRIPLE,1,1,1,False,-1
7086,TRIPLE,1,1,1,False,-1
7087,DOUBLE,0,1,1,False,-1
7088,DOUBLE,0,1,1,False,-1
7089,TRIPLE,1,1,1,False,-1
7090,DOUBLE,0,1,1,False,-1
7091,DOUBLE,0,1,1,False,-1
7092,TRIPLE,1,1,1,False,-1
7093,TRIPLE,1,1,1,False,-1
7094,TRIPLE,1,1,1,False,-1
7095,TRIPLE,1,1,1,False,-1
7096,TRIPLE,1,1,1,False,-1
7097,DOUBLE,0,1,1,False,-1
7098,TRIPLE,1,1,1,False,-1
7099,TRIPLE,1,1,1,False,-1
7100,SINGLE,0,0,1,False,-1
7101,DOUBLE,0,1,1,False,-1
7103,DOUBLE,0,1,1,False,-1
7104,DOUBLE,0,1,1,False,-1
7105,TRIPLE,1,1,1,False,-1
7107,SINGLE,0,0,1,False,-1
7108,DOUBLE,0,1,1,False,-1
7109,TRIPLE,1,1,1,False,-1
7110,DOUBLE,0,1,1,False,-1
7111,TRIPLE,1,1,1,False,-1
7112,TRIPLE,1,1,1,False,-1
7113,DOUBLE,0,1,1,False,-1
7114,TRIPLE,1,1,1,False,-1
7115,TRIPLE,1,1,1,False,-1
7116,TRIPLE,1,1,1,False,-1
7117,DOUBLE,0,1,1,False,-1
7118,TRIPLE,1,1,1,False,-1
7119,DOUBLE,0,1,1,False,-1
7120,TRIPLE,1,1,1,False,-1
7121,TRIPLE,1,1,1,False,-1
7122,DOUBLE,0,1,1,False,-1
7123,TRIPLE,1,1,1,False,-1
7124,TRIPLE,1,1,1,False,-1
7125,SINGLE,0,0,1,False,-1
7126,TRIPLE,1,1,1,False,-1
7127,SINGLE,0,0,1,False,-1
7128,TRIPLE,1,1,1,False,-1
7129,TRIPLE,1,1,1,False,-1
7130,TRIPLE,1,1,1,False,-1
7131,SINGLE,0,0,1,False,-1
7132,DOUBLE,0,1,1,False,-1
7133,TRIPLE,1,1,1,False,-1
7134,TRIPLE,1,1,1,False,-1
7135,TRIPLE,1,1,1,False,-1
7136,TRIPLE,1,1,1,False,-1
7137,SINGLE,0,0,1,False,-1
7139,TRIPLE,1,1,1,False,-1
7140,DOUBLE,0,1,1,False,-1
7141,TRIPLE,1,1,1,False,-1
7142,TRIPLE,1,1,1,False,-1
7143,TRIPLE,1,1,1,False,-1
7144,TRIPLE,1,1,1,False,-1
7145,SINGLE,0,0,1,False,-1
7146,TRIPLE,1,1,1,False,-1
7147,TRIPLE,1,1,1,False,-1
7148,TRIPLE,1,1,1,False,-1
7149,TRIPLE,1,1,1,False,-1
7150,SINGLE,0,0,1,False,-1
7151,TRIPLE,1,1,1,False,-1
7152,TRIPLE,1,1,1,False,-1
7153,DOUBLE,0,1,1,False,-1
7154,TRIPLE,1,1,1,False,-1
7155,DOUBLE,0,1,1,False,-1
7156,TRIPLE,1,1,1,False,-1
7157,TRIPLE,1,1,1,False,-1
7159,SINGLE,0,0,1,False,-1
7160,TRIPLE,1,1,1,False,-1
7161,TRIPLE,1,1,1,False,-1
7163,TRIPLE,1,1,1,False,-1
7164,TRIPLE,1,1,1,False,-1
7165,TRIPLE,1,1,1,False,-1
7166,DOUBLE,0,1,1,False,-1
7167,TRIPLE,1,1,1,False,-1
7168,TRIPLE,1,1,1,False,-1
7169,TRIPLE,1,1,1,False,-1
7170,TRIPLE,1,1,1,False,-1
7171,TRIPLE,1,1,1,False,-1
7172,TRIPLE,1,1,1,False,-1
7173,DOUBLE,0,1,1,False,-1
7175,DOUBLE,0,1,1,False,-1
7176,TRIPLE,1,1,1,False,-1
7177,TRIPLE,1,1,1,False,-1
7178,DOUBLE,0,1,1,False,-1
7179,DOUBLE,0,1,1,False,-1
7181,SINGLE,0,0,1,False,-1
7182,SINGLE,0,0,1,False,-1
7183,TRIPLE,1,1,1,False,-1
7184,TRIPLE,1,1,1,False,-1
7185,SINGLE,0,0,1,False,-1
7187,TRIPLE,1,1,1,False,-1
7188,TRIPLE,1,1,1,False,-1
7189,TRIPLE,1,1,1,False,-1
7190,DOUBLE,0,1,1,False,-1
7191,TRIPLE,1,1,1,False,-1
7192,SINGLE,0,0,1,False,-1
7193,DOUBLE,0,1,1,False,-1
7194,SINGLE,0,0,1,False,-1
7195,DOUBLE,0,1,1,False,-1
7196,TRIPLE,1,1,1,False,-1
7197,SINGLE,0,0,1,False,-1
7198,DOUBLE,0,1,1,False,-1
7199,SINGLE,0,0,1,False,-1
7200,TRIPLE,1,1,1,False,-1
7201,TRIPLE,1,1,1,False,-1
7202,TRIPLE,1,1,1,False,-1
7203,TRIPLE,1,1,1,False,-1
7205,TRIPLE,1,1,1,False,-1
7206,DOUBLE,0,1,1,False,-1
7207,DOUBLE,0,1,1,False,-1
7208,TRIPLE,1,1,1,False,-1
7211,DOUBLE,0,1,1,False,-1
7212,SINGLE,0,0,1,False,-1
7213,TRIPLE,1,1,1,False,-1
7215,TRIPLE,1,1,1,False,-1
7216,TRIPLE,1,1,1,False,-1
7217,DOUBLE,0,1,1,False,-1
7220,TRIPLE,1,1,1,False,-1
7222,DOUBLE,0,1,1,False,-1
7223,TRIPLE,1,1,1,False,-1
7224,TRIPLE,1,1,1,False,-1
7225,DOUBLE,0,1,1,False,-1
7226,DOUBLE,0,1,1,False,-1
7227,TRIPLE,1,1,1,False,-1
7228,TRIPLE,1,1,1,False,-1
7229,DOUBLE,0,1,1,False,-1
7230,SINGLE,0,0,1,False,-1
7231,DOUBLE,0,1,1,False,-1
7232,DOUBLE,0,1,1,False,-1
7233,DOUBLE,0,1,1,False,-1
7234,DOUBLE,0,1,1,False,-1
7235,TRIPLE,1,1,1,False,-1
7236,DOUBLE,0,1,1,False,-1
7237,DOUBLE,0,1,1,False,-1
7238,SINGLE,0,0,1,False,-1
7239,DOUBLE,0,1,1,False,-1
7240,TRIPLE,1,1,1,False,-1
7241,TRIPLE,1,1,1,False,-1
7242,TRIPLE,1,1,1,False,-1
7244,TRIPLE,1,1,1,False,-1
7245,TRIPLE,1,1,1,False,-1
7246,SINGLE,0,0,1,False,-1
7247,TRIPLE,1,1,1,False,-1
7248,DOUBLE,0,1,1,False,-1
7249,DOUBLE,0,1,1,False,-1
7250,DOUBLE,0,1,1,False,-1
7251,TRIPLE,1,1,1,False,-1
7252,DOUBLE,0,1,1,False,-1
7253,SINGLE,0,0,1,False,-1
7255,DOUBLE,0,1,1,False,-1
7256,DOUBLE,0,1,1,False,-1
7257,TRIPLE,1,1,1,False,-1
7258,TRIPLE,1,1,1,False,-1
7259,DOUBLE,0,1,1,False,-1
7260,TRIPLE,1,1,1,False,-1
7261,TRIPLE,1,1,1,False,-1
7262,TRIPLE,1,1,1,False,-1
7263,TRIPLE,1,1,1,False,-1
7264,TRIPLE,1,1,1,False,-1
7265,TRIPLE,1,1,1,False,-1
7266,DOUBLE,0,1,1,False,-1
7267,TRIPLE,1,1,1,False,-1
7268,DOUBLE,0,1,1,False,-1
7269,DOUBLE,0,1,1,False,-1
7270,TRIPLE,1,1,1,False,-1
7271,TRIPLE,1,1,1,False,-1
7272,TRIPLE,1,1,1,False,-1
7273,TRIPLE,1,1,1,False,-1
7274,TRIPLE,1,1,1,False,-1
7275,DOUBLE,0,1,1,False,-1
7276,DOUBLE,0,1,1,False,-1
7277,DOUBLE,0,1,1,False,-1
7278,TRIPLE,1,1,1,False,-1
7279,DOUBLE,0,1,1,False,-1
7280,DOUBLE,0,1,1,False,-1
7281,TRIPLE,1,1,1,False,-1
7282,TRIPLE,1,1,1,False,-1
7283,TRIPLE,1,1,1,False,-1
7284,SINGLE,0,0,1,False,-1
7285,TRIPLE,1,1,1,False,-1
7286,SINGLE,0,0,1,False,-1
7287,DOUBLE,0,1,1,False,-1
7288,DOUBLE,0,1,1,False,-1
7289,SINGLE,0,0,1,False,-1
7290,TRIPLE,1,1,1,False,-1
7291,TRIPLE,1,1,1,False,-1
7292,DOUBLE,0,1,1,False,-1
7293,TRIPLE,1,1,1,False,-1
7295,TRIPLE,1,1,1,False,-1
7296,DOUBLE,0,1,1,False,-1
7297,TRIPLE,1,1,1,False,-1
7298,TRIPLE,1,1,1,False,-1
7299,DOUBLE,0,1,1,False,-1
7300,TRIPLE,1,1,1,False,-1
7301,DOUBLE,0,1,1,False,-1
7302,TRIPLE,1,1,1,False,-1
7303,TRIPLE,1,1,1,False,-1
7304,DOUBLE,0,1,1,False,-1
7305,TRIPLE,1,1,1,False,-1
7306,TRIPLE,1,1,1,False,-1
7307,TRIPLE,1,1,1,False,-1
7308,TRIPLE,1,1,1,False,-1
7309,SINGLE,0,0,1,False,-1
7310,TRIPLE,1,1,1,False,-1
7311,TRIPLE,1,1,1,False,-1
7312,TRIPLE,1,1,1,False,-1
7313,TRIPLE,1,1,1,False,-1
7314,DOUBLE,0,1,1,False,-1
7315,SINGLE,0,0,1,False,-1
7316,TRIPLE,1,1,1,False,-1
7317,TRIPLE,1,1,1,False,-1
7318,DOUBLE,0,1,1,False,-1
7320,TRIPLE,1,1,1,False,-1
7321,TRIPLE,1,1,1,False,-1
7322,SINGLE,0,0,1,False,-1
7323,DOUBLE,0,1,1,False,-1
7326,DOUBLE,0,1,1,False,-1
7327,TRIPLE,1,1,1,False,-1
7328,SINGLE,0,0,1,False,-1
7330,TRIPLE,1,1,1,False,-1
7331,TRIPLE,1,1,1,False,-1
7332,TRIPLE,1,1,1,False,-1
7333,DOUBLE,0,1,1,False,-1
7334,DOUBLE,0,1,1,False,-1
7335,TRIPLE,1,1,1,False,-1
7336,TRIPLE,1,1,1,False,-1
7337,TRIPLE,1,1,1,False,-1
7339,TRIPLE,1,1,1,False,-1
7340,TRIPLE,1,1,1,False,-1
7341,SINGLE,0,0,1,False,-1
7342,TRIPLE,1,1,1,False,-1
7343,SINGLE,0,0,1,False,-1
7344,DOUBLE,0,1,1,False,-1
7345,TRIPLE,1,1,1,False,-1
7346,DOUBLE,0,1,1,False,-1
7347,TRIPLE,1,1,1,False,-1
7348,DOUBLE,0,1,1,False,-1
7349,TRIPLE,1,1,1,False,-1
7351,TRIPLE,1,1,1,False,-1
7352,DOUBLE,0,1,1,False,-1
7353,SINGLE,0,0,1,False,-1
7354,TRIPLE,1,1,1,False,-1
7355,DOUBLE,0,1,1,False,-1
7356,DOUBLE,0,1,1,False,-1
7357,TRIPLE,1,1,1,False,-1
7358,DOUBLE,0,1,1,False,-1
7359,TRIPLE,1,1,1,False,-1
7360,TRIPLE,1,1,1,False,-1
7362,DOUBLE,0,1,1,False,-1
7364,TRIPLE,1,1,1,False,-1
7365,TRIPLE,1,1,1,False,-1
7366,TRIPLE,1,1,1,False,-1
7367,TRIPLE,1,1,1,False,-1
7369,TRIPLE,1,1,1,False,-1
7370,DOUBLE,0,1,1,False,-1
7371,TRIPLE,1,1,1,False,-1
7372,TRIPLE,1,1,1,False,-1
7373,TRIPLE,1,1,1,False,-1
7374,SINGLE,0,0,1,False,-1
7375,TRIPLE,1,1,1,False,-1
7376,TRIPLE,1,1,1,False,-1
7377,DOUBLE,0,1,1,False,-1
7378,TRIPLE,1,1,1,False,-1
7379,DOUBLE,0,1,1,False,-1
7380,TRIPLE,1,1,1,False,-1
7381,TRIPLE,1,1,1,False,-1
7382,SINGLE,0,0,1,False,-1
7383,SINGLE,0,0,1,False,-1
7384,TRIPLE,1,1,1,False,-1
7385,SINGLE,0,0,1,False,-1
7386,TRIPLE,1,1,1,False,-1
7387,TRIPLE,1,1,1,False,-1
7388,TRIPLE,1,1,1,False,-1
7390,TRIPLE,1,1,1,False,-1
7391,DOUBLE,0,1,1,False,-1
7392,TRIPLE,1,1,1,False,-1
7394,TRIPLE,1,1,1,False,-1
7395,SINGLE,0,0,1,False,-1
7396,TRIPLE,1,1,1,False,-1
7397,TRIPLE,1,1,1,False,-1
7398,TRIPLE,1,1,1,False,-1
7399,TRIPLE,1,1,1,False,-1
7400,TRIPLE,1,1,1,False,-1
7401,TRIPLE,1,1,1,False,-1
7402,SINGLE,0,0,1,False,-1
7403,SINGLE,0,0,1,False,-1
7404,TRIPLE,1,1,1,False,-1
7405,TRIPLE,1,1,1,False,-1
7406,TRIPLE,1,1,1,False,-1
7407,SINGLE,0,0,1,False,-1
7409,DOUBLE,0,1,1,False,-1
7410,SINGLE,0,0,1,False,-1
7411,DOUBLE,0,1,1,False,-1
7412,DOUBLE,0,1,1,False,-1
7413,TRIPLE,1,1,1,False,-1
7415,TRIPLE,1,1,1,False,-1
7416,TRIPLE,1,1,1,False,-1
7417,DOUBLE,0,1,1,False,-1
7418,TRIPLE,1,1,1,False,-1
7419,DOUBLE,0,1,1,False,-1
7420,DOUBLE,0,1,1,False,-1
7421,SINGLE,0,0,1,False,-1
7422,TRIPLE,1,1,1,False,-1
7423,DOUBLE,0,1,1,False,-1
7425,TRIPLE,1,1,1,False,-1
7426,TRIPLE,1,1,1,False,-1
7427,TRIPLE,1,1,1,False,-1
7428,SINGLE,0,0,1,False,-1
7429,SINGLE,0,0,1,False,-1
7432,SINGLE,0,0,1,False,-1
7433,TRIPLE,1,1,1,False,-1
7434,TRIPLE,1,1,1,False,-1
7435,TRIPLE,1,1,1,False,-1
7436,TRIPLE,1,1,1,False,-1
7437,DOUBLE,0,1,1,False,-1
7438,TRIPLE,1,1,1,False,-1
7439,SINGLE,0,0,1,False,-1
7440,DOUBLE,0,1,1,False,-1
7441,TRIPLE,1,1,1,False,-1
7442,DOUBLE,0,1,1,False,-1
7443,TRIPLE,1,1,1,False,-1
7444,TRIPLE,1,1,1,False,-1
7445,TRIPLE,1,1,1,False,-1
7447,DOUBLE,0,1,1,False,-1
7448,SINGLE,0,0,1,False,-1
7449,TRIPLE,1,1,1,False,-1
7450,TRIPLE,1,1,1,False,-1
7451,TRIPLE,1,1,1,False,-1
7452,TRIPLE,1,1,1,False,-1
7453,TRIPLE,1,1,1,False,-1
7454,TRIPLE,1,1,1,False,-1
7455,TRIPLE,1,1,1,False,-1
7457,TRIPLE,1,1,1,False,-1
7458,TRIPLE,1,1,1,False,-1
7459,DOUBLE,0,1,1,False,-1
7461,TRIPLE,1,1,1,False,-1
7462,TRIPLE,1,1,1,False,-1
7463,SINGLE,0,0,1,False,-1
7464,TRIPLE,1,1,1,False,-1
7465,SINGLE,0,0,1,False,-1
7466,TRIPLE,1,1,1,False,-1
7467,TRIPLE,1,1,1,False,-1
7468,TRIPLE,1,1,1,False,-1
7471,SINGLE,0,0,1,False,-1
7472,TRIPLE,1,1,1,False,-1
7473,DOUBLE,0,1,1,False,-1
7474,SINGLE,0,0,1,False,-1
7475,TRIPLE,1,1,1,False,-1
7477,TRIPLE,1,1,1,False,-1
7478,TRIPLE,1,1,1,False,-1
7479,DOUBLE,0,1,1,False,-1
7480,DOUBLE,0,1,1,False,-1
7482,DOUBLE,0,1,1,False,-1
7483,DOUBLE,0,1,1,False,-1
7484,DOUBLE,0,1,1,False,-1
7485,DOUBLE,0,1,1,False,-1
7487,DOUBLE,0,1,1,False,-1
7488,DOUBLE,0,1,1,False,-1
7489,SINGLE,0,0,1,False,-1
7490,DOUBLE,0,1,1,False,-1
7491,TRIPLE,1,1,1,False,-1
7492,TRIPLE,1,1,1,False,-1
7493,TRIPLE,1,1,1,False,-1
7494,TRIPLE,1,1,1,False,-1
7495,DOUBLE,0,1,1,False,-1
7496,SINGLE,0,0,1,False,-1
7497,TRIPLE,1,1,1,False,-1
7498,TRIPLE,1,1,1,False,-1
7499,TRIPLE,1,1,1,False,-1
7500,TRIPLE,1,1,1,False,-1
7501,TRIPLE,1,1,1,False,-1
7502,DOUBLE,0,1,1,False,-1
7503,TRIPLE,1,1,1,False,-1
7504,TRIPLE,1,1,1,False,-1
7505,TRIPLE,1,1,1,False,-1
7506,TRIPLE,1,1,1,False,-1
7507,TRIPLE,1,1,1,False,-1
7508,TRIPLE,1,1,1,False,-1
7509,TRIPLE,1,1,1,False,-1
7510,DOUBLE,0,1,1,False,-1
7511,TRIPLE,1,1,1,False,-1
7513,TRIPLE,1,1,1,False,-1
7514,TRIPLE,1,1,1,False,-1
7515,TRIPLE,1,1,1,False,-1
7516,DOUBLE,0,1,1,False,-1
7517,TRIPLE,1,1,1,False,-1
7518,DOUBLE,0,1,1,False,-1
7519,TRIPLE,1,1,1,False,-1
7520,SINGLE,0,0,1,False,-1
7521,SINGLE,0,0,1,False,-1
7522,TRIPLE,1,1,1,False,-1
7523,TRIPLE,1,1,1,False,-1
7524,SINGLE,0,0,1,False,-1
7526,TRIPLE,1,1,1,False,-1
7527,TRIPLE,1,1,1,False,-1
7528,SINGLE,0,0,1,False,-1
7529,TRIPLE,1,1,1,False,-1
7530,TRIPLE,1,1,1,False,-1
7531,TRIPLE,1,1,1,False,-1
7532,TRIPLE,1,1,1,False,-1
7533,TRIPLE,1,1,1,False,-1
7534,TRIPLE,1,1,1,False,-1
7535,SINGLE,0,0,1,False,-1
7536,SINGLE,0,0,1,False,-1
7537,TRIPLE,1,1,1,False,-1
7538,DOUBLE,0,1,1,False,-1
7539,TRIPLE,1,1,1,False,-1
7540,TRIPLE,1,1,1,False,-1
7541,TRIPLE,1,1,1,False,-1
7542,DOUBLE,0,1,1,False,-1
7543,TRIPLE,1,1,1,False,-1
7544,TRIPLE,1,1,1,False,-1
7545,SINGLE,0,0,1,False,-1
7546,TRIPLE,1,1,1,False,-1
7547,TRIPLE,1,1,1,False,-1
7548,DOUBLE,0,1,1,False,-1
7549,TRIPLE,1,1,1,False,-1
7550,DOUBLE,0,1,1,False,-1
7551,SINGLE,0,0,1,False,-1
7552,TRIPLE,1,1,1,False,-1
7553,TRIPLE,1,1,1,False,-1
7554,DOUBLE,0,1,1,False,-1
7555,TRIPLE,1,1,1,False,-1
7556,DOUBLE,0,1,1,False,-1
7558,DOUBLE,0,1,1,False,-1
7560,TRIPLE,1,1,1,False,-1
7561,DOUBLE,0,1,1,False,-1
7562,TRIPLE,1,1,1,False,-1
7563,DOUBLE,0,1,1,False,-1
7564,TRIPLE,1,1,1,False,-1
7565,SINGLE,0,0,1,False,-1
7566,TRIPLE,1,1,1,False,-1
7567,TRIPLE,1,1,1,False,-1
7568,TRIPLE,1,1,1,False,-1
7569,DOUBLE,0,1,1,False,-1
7570,DOUBLE,0,1,1,False,-1
7571,TRIPLE,1,1,1,False,-1
7572,TRIPLE,1,1,1,False,-1
7573,DOUBLE,0,1,1,False,-1
7574,TRIPLE,1,1,1,False,-1
7575,SINGLE,0,0,1,False,-1
7576,TRIPLE,1,1,1,False,-1
7577,TRIPLE,1,1,1,False,-1
7579,TRIPLE,1,1,1,False,-1
7580,DOUBLE,0,1,1,False,-1
7581,DOUBLE,0,1,1,False,-1
7582,TRIPLE,1,1,1,False,-1
7583,TRIPLE,1,1,1,False,-1
7584,SINGLE,0,0,1,False,-1
7585,TRIPLE,1,1,1,False,-1
7586,DOUBLE,0,1,1,False,-1
7587,DOUBLE,0,1,1,False,-1
7588,DOUBLE,0,1,1,False,-1
7589,DOUBLE,0,1,1,False,-1
7590,DOUBLE,0,1,1,False,-1
7591,SINGLE,0,0,1,False,-1
7592,TRIPLE,1,1,1,False,-1
7594,TRIPLE,1,1,1,False,-1
7596,DOUBLE,0,1,1,False,-1
7597,SINGLE,0,0,1,False,-1
7598,TRIPLE,1,1,1,False,-1
7599,DOUBLE,0,1,1,False,-1
7600,TRIPLE,1,1,1,False,-1
7601,TRIPLE,1,1,1,False,-1
7602,TRIPLE,1,1,1,False,-1
7603,TRIPLE,1,1,1,False,-1
7604,TRIPLE,1,1,1,False,-1
7606,TRIPLE,1,1,1,False,-1
7607,SINGLE,0,0,1,False,-1
7608,TRIPLE,1,1,1,False,-1
7609,TRIPLE,1,1,1,False,-1
7610,TRIPLE,1,1,1,False,-1
7611,TRIPLE,1,1,1,False,-1
7612,TRIPLE,1,1,1,False,-1
7613,TRIPLE,1,1,1,False,-1
7614,TRIPLE,1,1,1,False,-1
7615,TRIPLE,1,1,1,False,-1
7616,SINGLE,0,0,1,False,-1
7617,TRIPLE,1,1,1,False,-1
7618,DOUBLE,0,1,1,False,-1
7620,TRIPLE,1,1,1,False,-1
7623,TRIPLE,1,1,1,False,-1
7624,DOUBLE,0,1,1,False,-1
7625,TRIPLE,1,1,1,False,-1
7626,TRIPLE,1,1,1,False,-1
7627,TRIPLE,1,1,1,False,-1
7628,TRIPLE,1,1,1,False,-1
7629,DOUBLE,0,1,1,False,-1
7630,DOUBLE,0,1,1,False,-1
7631,TRIPLE,1,1,1,False,-1
7632,SINGLE,0,0,1,False,-1
7633,TRIPLE,1,1,1,False,-1
7634,DOUBLE,0,1,1,False,-1
7635,SINGLE,0,0,1,False,-1
7636,TRIPLE,1,1,1,False,-1
7637,SINGLE,0,0,1,False,-1
7638,TRIPLE,1,1,1,False,-1
7640,DOUBLE,0,1,1,False,-1
7641,TRIPLE,1,1,1,False,-1
7642,TRIPLE,1,1,1,False,-1
7643,SINGLE,0,0,1,False,-1
7644,TRIPLE,1,1,1,False,-1
7645,DOUBLE,0,1,1,False,-1
7646,TRIPLE,1,1,1,False,-1
7647,TRIPLE,1,1,1,False,-1
7648,TRIPLE,1,1,1,False,-1
7649,TRIPLE,1,1,1,False,-1
7650,DOUBLE,0,1,1,False,-1
7651,SINGLE,0,0,1,False,-1
7652,TRIPLE,1,1,1,False,-1
7653,SINGLE,0,0,1,False,-1
7654,DOUBLE,0,1,1,False,-1
7655,TRIPLE,1,1,1,False,-1
7656,DOUBLE,0,1,1,False,-1
7657,DOUBLE,0,1,1,False,-1
7658,TRIPLE,1,1,1,False,-1
7660,TRIPLE,1,1,1,False,-1
7661,DOUBLE,0,1,1,False,-1
7662,TRIPLE,1,1,1,False,-1
7663,TRIPLE,1,1,1,False,-1
7664,DOUBLE,0,1,1,False,-1
7665,DOUBLE,0,1,1,False,-1
7666,TRIPLE,1,1,1,False,-1
7667,DOUBLE,0,1,1,False,-1
7668,SINGLE,0,0,1,False,-1
7670,DOUBLE,0,1,1,False,-1
7671,TRIPLE,1,1,1,False,-1
7672,TRIPLE,1,1,1,False,-1
7673,TRIPLE,1,1,1,False,-1
7674,TRIPLE,1,1,1,False,-1
7676,TRIPLE,1,1,1,False,-1
7677,TRIPLE,1,1,1,False,-1
7678,TRIPLE,1,1,1,False,-1
7679,SINGLE,0,0,1,False,-1
7680,TRIPLE,1,1,1,False,-1
7681,SINGLE,0,0,1,False,-1
7682,TRIPLE,1,1,1,False,-1
7683,DOUBLE,0,1,1,False,-1
7684,TRIPLE,1,1,1,False,-1
7685,TRIPLE,1,1,1,False,-1
7686,TRIPLE,1,1,1,False,-1
7687,DOUBLE,0,1,1,False,-1
7688,DOUBLE,0,1,1,False,-1
7689,TRIPLE,1,1,1,False,-1
7690,SINGLE,0,0,1,False,-1
7691,TRIPLE,1,1,1,False,-1
7693,DOUBLE,0,1,1,False,-1
7694,TRIPLE,1,1,1,False,-1
7695,DOUBLE,0,1,1,False,-1
7696,TRIPLE,1,1,1,False,-1
7697,TRIPLE,1,1,1,False,-1
7698,TRIPLE,1,1,1,False,-1
7699,DOUBLE,0,1,1,False,-1
7700,SINGLE,0,0,1,False,-1
7702,DOUBLE,0,1,1,False,-1
7703,TRIPLE,1,1,1,False,-1
7704,TRIPLE,1,1,1,False,-1
7705,DOUBLE,0,1,1,False,-1
7706,DOUBLE,0,1,1,False,-1
7707,DOUBLE,0,1,1,False,-1
7708,TRIPLE,1,1,1,False,-1
7709,TRIPLE,1,1,1,False,-1
7710,DOUBLE,0,1,1,False,-1
7711,DOUBLE,0,1,1,False,-1
7712,DOUBLE,0,1,1,False,-1
7713,TRIPLE,1,1,1,False,-1
7714,TRIPLE,1,1,1,False,-1
7715,SINGLE,0,0,1,False,-1
7716,TRIPLE,1,1,1,False,-1
7718,DOUBLE,0,1,1,False,-1
7719,TRIPLE,1,1,1,False,-1
7720,TRIPLE,1,1,1,False,-1
7722,TRIPLE,1,1,1,False,-1
7723,TRIPLE,1,1,1,False,-1
7724,DOUBLE,0,1,1,False,-1
7725,DOUBLE,0,1,1,False,-1
7726,DOUBLE,0,1,1,False,-1
7727,TRIPLE,1,1,1,False,-1
7728,TRIPLE,1,1,1,False,-1
7729,SINGLE,0,0,1,False,-1
7730,TRIPLE,1,1,1,False,-1
7731,TRIPLE,1,1,1,False,-1
7732,DOUBLE,0,1,1,False,-1
7733,TRIPLE,1,1,1,False,-1
7734,SINGLE,0,0,1,False,-1
7735,DOUBLE,0,1,1,False,-1
7736,DOUBLE,0,1,1,False,-1
7738,TRIPLE,1,1,1,False,-1
7739,DOUBLE,0,1,1,False,-1
7740,DOUBLE,0,1,1,False,-1
7741,DOUBLE,0,1,1,False,-1
7742,DOUBLE,0,1,1,False,-1
7743,TRIPLE,1,1,1,False,-1
7744,SINGLE,0,0,1,False,-1
7747,TRIPLE,1,1,1,False,-1
7748,DOUBLE,0,1,1,False,-1
7749,TRIPLE,1,1,1,False,-1
7751,TRIPLE,1,1,1,False,-1
7752,TRIPLE,1,1,1,False,-1
7753,DOUBLE,0,1,1,False,-1
7754,TRIPLE,1,1,1,False,-1
7755,SINGLE,0,0,1,False,-1
7756,SINGLE,0,0,1,False,-1
7757,DOUBLE,0,1,1,False,-1
7758,TRIPLE,1,1,1,False,-1
7759,TRIPLE,1,1,1,False,-1
7760,TRIPLE,1,1,1,False,-1
7761,DOUBLE,0,1,1,False,-1
7762,TRIPLE,1,1,1,False,-1
7763,DOUBLE,0,1,1,False,-1
7764,TRIPLE,1,1,1,False,-1
7765,SINGLE,0,0,1,False,-1
7766,SINGLE,0,0,1,False,-1
7767,TRIPLE,1,1,1,False,-1
7769,SINGLE,0,0,1,False,-1
7770,DOUBLE,0,1,1,False,-1
7772,SINGLE,0,0,1,False,-1
7773,DOUBLE,0,1,1,False,-1
7774,TRIPLE,1,1,1,False,-1
7776,TRIPLE,1,1,1,False,-1
7777,DOUBLE,0,1,1,False,-1
7779,TRIPLE,1,1,1,False,-1
7780,TRIPLE,1,1,1,False,-1
7781,TRIPLE,1,1,1,False,-1
7782,DOUBLE,0,1,1,False,-1
7783,DOUBLE,0,1,1,False,-1
7785,DOUBLE,0,1,1,False,-1
7786,DOUBLE,0,1,1,False,-1
7787,TRIPLE,1,1,1,False,-1
7788,TRIPLE,1,1,1,False,-1
7789,DOUBLE,0,1,1,False,-1
7790,DOUBLE,0,1,1,False,-1
7791,DOUBLE,0,1,1,False,-1
7792,TRIPLE,1,1,1,False,-1
7793,TRIPLE,1,1,1,False,-1
7794,DOUBLE,0,1,1,False,-1
7795,DOUBLE,0,1,1,False,-1
7796,DOUBLE,0,1,1,False,-1
7797,TRIPLE,1,1,1,False,-1
7798,TRIPLE,1,1,1,False,-1
7799,TRIPLE,1,1,1,False,-1
7800,TRIPLE,1,1,1,False,-1
7801,TRIPLE,1,1,1,False,-1
7802,TRIPLE,1,1,1,False,-1
7803,TRIPLE,1,1,1,False,-1
7805,TRIPLE,1,1,1,False,-1
7806,TRIPLE,1,1,1,False,-1
7807,DOUBLE,0,1,1,False,-1
7808,TRIPLE,1,1,1,False,-1
7809,DOUBLE,0,1,1,False,-1
7810,DOUBLE,0,1,1,False,-1
7812,TRIPLE,1,1,1,False,-1
7813,TRIPLE,1,1,1,False,-1
7814,DOUBLE,0,1,1,False,-1
7815,TRIPLE,1,1,1,False,-1
7816,TRIPLE,1,1,1,False,-1
7817,TRIPLE,1,1,1,False,-1
7818,TRIPLE,1,1,1,False,-1
7819,TRIPLE,1,1,1,False,-1
7820,SINGLE,0,0,1,False,-1
7821,TRIPLE,1,1,1,False,-1
7822,SINGLE,0,0,1,False,-1
7823,TRIPLE,1,1,1,False,-1
7824,TRIPLE,1,1,1,False,-1
7825,DOUBLE,0,1,1,False,-1
7826,TRIPLE,1,1,1,False,-1
7827,TRIPLE,1,1,1,False,-1
7828,TRIPLE,1,1,1,False,-1
7830,SINGLE,0,1,0,False,-1
7831,TRIPLE,1,1,1,False,-1
7832,TRIPLE,1,1,1,False,-1
7833,TRIPLE,1,1,1,False,-1
7834,TRIPLE,1,1,1,False,-1
7835,TRIPLE,1,1,1,False,-1
7836,SINGLE,0,0,1,False,-1
7837,TRIPLE,1,1,1,False,-1
7838,TRIPLE,1,1,1,False,-1
7839,TRIPLE,1,1,1,False,-1
7840,TRIPLE,1,1,1,False,-1
7841,TRIPLE,1,1,1,False,-1
7842,TRIPLE,1,1,1,False,-1
7845,TRIPLE,1,1,1,False,-1
7846,TRIPLE,1,1,1,False,-1
7847,TRIPLE,1,1,1,False,-1
7848,SINGLE,0,0,1,False,-1
7849,SINGLE,0,0,1,False,-1
7850,SINGLE,0,0,1,False,-1
7851,TRIPLE,1,1,1,False,-1
7852,DOUBLE,0,1,1,False,-1
7853,DOUBLE,0,1,1,False,-1
7854,SINGLE,0,0,1,False,-1
7856,DOUBLE,0,1,1,False,-1
7857,DOUBLE,0,1,1,False,-1
7858,SINGLE,0,0,1,False,-1
7859,SINGLE,0,0,1,False,-1
7860,TRIPLE,1,1,1,False,-1
7861,DOUBLE,0,1,1,False,-1
7862,TRIPLE,1,1,1,False,-1
7863,TRIPLE,1,1,1,False,-1
7864,SINGLE,0,0,1,False,-1
7865,DOUBLE,0,1,1,False,-1
7866,TRIPLE,1,1,1,False,-1
7867,SINGLE,0,0,1,False,-1
7868,DOUBLE,0,1,1,False,-1
7869,DOUBLE,0,1,1,False,-1
7870,TRIPLE,1,1,1,False,-1
7871,TRIPLE,1,1,1,False,-1
7872,DOUBLE,0,1,1,False,-1
7873,TRIPLE,1,1,1,False,-1
7875,TRIPLE,1,1,1,False,-1
7876,DOUBLE,0,1,1,False,-1
7877,TRIPLE,1,1,1,False,-1
7878,TRIPLE,1,1,1,False,-1
7879,TRIPLE,1,1,1,False,-1
7880,TRIPLE,1,1,1,False,-1
7881,TRIPLE,1,1,1,False,-1
7882,TRIPLE,1,1,1,False,-1
7883,TRIPLE,1,1,1,False,-1
7884,SINGLE,0,0,1,False,-1
7888,DOUBLE,0,1,1,False,-1
7889,TRIPLE,1,1,1,False,-1
7891,TRIPLE,1,1,1,False,-1
7892,TRIPLE,1,1,1,False,-1
7893,TRIPLE,1,1,1,False,-1
7894,TRIPLE,1,1,1,False,-1
7895,TRIPLE,1,1,1,False,-1
7896,TRIPLE,1,1,1,False,-1
7897,TRIPLE,1,1,1,False,-1
7898,TRIPLE,1,1,1,False,-1
7899,TRIPLE,1,1,1,False,-1
7900,DOUBLE,0,1,1,False,-1
7901,TRIPLE,1,1,1,False,-1
7902,DOUBLE,0,1,1,False,-1
7903,TRIPLE,1,1,1,False,-1
7904,DOUBLE,0,1,1,False,-1
7905,TRIPLE,1,1,1,False,-1
7906,TRIPLE,1,1,1,False,-1
7907,TRIPLE,1,1,1,False,-1
7908,SINGLE,0,0,1,False,-1
7909,TRIPLE,1,1,1,False,-1
7910,DOUBLE,0,1,1,False,-1
7911,TRIPLE,1,1,1,False,-1
7912,TRIPLE,1,1,1,False,-1
7913,TRIPLE,1,1,1,False,-1
7915,TRIPLE,1,1,1,False,-1
7916,DOUBLE,0,1,1,False,-1
7917,TRIPLE,1,1,1,False,-1
7918,SINGLE,0,0,1,False,-1
7919,DOUBLE,0,1,1,False,-1
7920,TRIPLE,1,1,1,False,-1
7921,DOUBLE,0,1,1,False,-1
7922,DOUBLE,0,1,1,False,-1
7924,TRIPLE,1,1,1,False,-1
7925,SINGLE,0,0,1,False,-1
7926,TRIPLE,1,1,1,False,-1
7927,DOUBLE,0,1,1,False,-1
7928,TRIPLE,1,1,1,False,-1
7930,DOUBLE,0,1,1,False,-1
7931,TRIPLE,1,1,1,False,-1
7932,SINGLE,0,0,1,False,-1
7933,TRIPLE,1,1,1,False,-1
7934,TRIPLE,1,1,1,False,-1
7935,TRIPLE,1,1,1,False,-1
7936,TRIPLE,1,1,1,False,-1
7937,DOUBLE,0,1,1,False,-1
7938,SINGLE,0,0,1,False,-1
7939,DOUBLE,0,1,1,False,-1
7940,DOUBLE,0,1,1,False,-1
7941,DOUBLE,0,1,1,False,-1
7942,SINGLE,0,0,1,False,-1
7943,TRIPLE,1,1,1,False,-1
7944,TRIPLE,1,1,1,False,-1
7945,TRIPLE,1,1,1,False,-1
7946,TRIPLE,1,1,1,False,-1
7947,SINGLE,0,0,1,False,-1
7948,TRIPLE,1,1,1,False,-1
7949,TRIPLE,1,1,1,False,-1
7950,SINGLE,0,0,1,False,-1
7951,SINGLE,0,0,1,False,-1
7952,DOUBLE,0,1,1,False,-1
7954,TRIPLE,1,1,1,False,-1
7956,TRIPLE,1,1,1,False,-1
7957,SINGLE,0,0,1,False,-1
7958,TRIPLE,1,1,1,False,-1
7959,TRIPLE,1,1,1,False,-1
7960,TRIPLE,1,1,1,False,-1
7961,SINGLE,0,0,1,False,-1
7962,DOUBLE,0,1,1,False,-1
7963,TRIPLE,1,1,1,False,-1
7965,SINGLE,0,0,1,False,-1
7966,TRIPLE,1,1,1,False,-1
7967,DOUBLE,0,1,1,False,-1
7968,DOUBLE,0,1,1,False,-1
7969,SINGLE,0,0,1,False,-1
7970,TRIPLE,1,1,1,False,-1
7971,TRIPLE,1,1,1,False,-1
7972,TRIPLE,1,1,1,False,-1
7974,TRIPLE,1,1,1,False,-1
7975,DOUBLE,0,1,1,False,-1
7976,DOUBLE,0,1,1,False,-1
7978,DOUBLE,0,1,1,False,-1
7979,SINGLE,0,0,1,False,-1
7980,DOUBLE,0,1,1,False,-1
7982,TRIPLE,1,1,1,False,-1
7983,SINGLE,0,0,1,False,-1
7984,TRIPLE,1,1,1,False,-1
7985,DOUBLE,0,1,1,False,-1
7987,DOUBLE,0,1,1,False,-1
7988,TRIPLE,1,1,1,False,-1
7989,TRIPLE,1,1,1,False,-1
7991,DOUBLE,0,1,1,False,-1
7992,TRIPLE,1,1,1,False,-1
7993,TRIPLE,1,1,1,False,-1
7994,TRIPLE,1,1,1,False,-1
7995,DOUBLE,0,1,1,False,-1
7996,TRIPLE,1,1,1,False,-1
7997,TRIPLE,1,1,1,False,-1
7999,TRIPLE,1,1,1,False,-1
8000,TRIPLE,1,1,1,False,-1
8001,TRIPLE,1,1,1,False,-1
8002,SINGLE,0,0,1,False,-1
8003,DOUBLE,0,1,1,False,-1
8004,TRIPLE,1,1,1,False,-1
8006,DOUBLE,0,1,1,False,-1
8007,TRIPLE,1,1,1,False,-1
8008,TRIPLE,1,1,1,False,-1
8010,TRIPLE,1,1,1,False,-1
8011,SINGLE,0,0,1,False,-1
8012,SINGLE,0,0,1,False,-1
8013,TRIPLE,1,1,1,False,-1
8014,DOUBLE,0,1,1,False,-1
8015,SINGLE,0,0,1,False,-1
8016,TRIPLE,1,1,1,False,-1
8017,TRIPLE,1,1,1,False,-1
8018,DOUBLE,0,1,1,False,-1
8019,TRIPLE,1,1,1,False,-1
8020,TRIPLE,1,1,1,False,-1
8021,TRIPLE,1,1,1,False,-1
8022,DOUBLE,0,1,1,False,-1
8023,TRIPLE,1,1,1,False,-1
8024,SINGLE,0,0,1,False,-1
8025,SINGLE,0,0,1,False,-1
8026,TRIPLE,1,1,1,False,-1
8027,TRIPLE,1,1,1,False,-1
8028,SINGLE,0,0,1,False,-1
8029,DOUBLE,0,1,1,False,-1
8031,TRIPLE,1,1,1,False,-1
8032,TRIPLE,1,1,1,False,-1
8033,TRIPLE,1,1,1,False,-1
8034,TRIPLE,1,1,1,False,-1
8035,TRIPLE,1,1,1,False,-1
8036,TRIPLE,1,1,1,False,-1
8037,TRIPLE,1,1,1,False,-1
8039,TRIPLE,1,1,1,False,-1
8040,SINGLE,0,0,1,False,-1
8041,DOUBLE,0,1,1,False,-1
8042,SINGLE,0,0,1,False,-1
8043,SINGLE,0,0,1,False,-1
8044,SINGLE,0,0,1,False,-1
8045,TRIPLE,1,1,1,False,-1
8046,TRIPLE,1,1,1,False,-1
8047,TRIPLE,1,1,1,False,-1
8048,TRIPLE,1,1,1,False,-1
8049,DOUBLE,0,1,1,False,-1
8050,TRIPLE,1,1,1,False,-1
8051,SINGLE,0,0,1,False,-1
8052,TRIPLE,1,1,1,False,-1
8053,TRIPLE,1,1,1,False,-1
8055,TRIPLE,1,1,1,False,-1
8056,SINGLE,0,0,1,False,-1
8057,TRIPLE,1,1,1,False,-1
8058,DOUBLE,0,1,1,False,-1
8059,DOUBLE,0,1,1,False,-1
8060,TRIPLE,1,1,1,False,-1
8061,DOUBLE,0,1,1,False,-1
8063,TRIPLE,1,1,1,False,-1
8064,DOUBLE,0,1,1,False,-1
8066,SINGLE,0,0,1,False,-1
8067,DOUBLE,0,1,1,False,-1
8068,TRIPLE,1,1,1,False,-1
8069,TRIPLE,1,1,1,False,-1
8070,SINGLE,0,0,1,False,-1
8071,TRIPLE,1,1,1,False,-1
8072,DOUBLE,0,1,1,False,-1
8073,TRIPLE,1,1,1,False,-1
8074,DOUBLE,0,1,1,False,-1
8075,TRIPLE,1,1,1,False,-1
8076,DOUBLE,0,1,1,False,-1
8077,DOUBLE,0,1,1,False,-1
8078,TRIPLE,1,1,1,False,-1
8079,DOUBLE,0,1,1,False,-1
8080,TRIPLE,1,1,1,False,-1
8081,TRIPLE,1,1,1,False,-1
8082,SINGLE,0,0,1,False,-1
8083,TRIPLE,1,1,1,False,-1
8084,TRIPLE,1,1,1,False,-1
8085,DOUBLE,0,1,1,False,-1
8086,TRIPLE,1,1,1,False,-1
8087,TRIPLE,1,1,1,False,-1
8090,TRIPLE,1,1,1,False,-1
8091,TRIPLE,1,1,1,False,-1
8092,TRIPLE,1,1,1,False,-1
8093,SINGLE,0,0,1,False,-1
8094,DOUBLE,0,1,1,False,-1
8095,TRIPLE,1,1,1,False,-1
8096,SINGLE,0,0,1,False,-1
8099,TRIPLE,1,1,1,False,-1
8100,TRIPLE,1,1,1,False,-1
8101,TRIPLE,1,1,1,False,-1
8102,TRIPLE,1,1,1,False,-1
8103,TRIPLE,1,1,1,False,-1
8104,DOUBLE,0,1,1,False,-1
8105,TRIPLE,1,1,1,False,-1
8106,TRIPLE,1,1,1,False,-1
8107,TRIPLE,1,1,1,False,-1
8108,DOUBLE,0,1,1,False,-1
8109,TRIPLE,1,1,1,False,-1
8110,TRIPLE,1,1,1,False,-1
8111,TRIPLE,1,1,1,False,-1
8112,TRIPLE,1,1,1,False,-1
8113,SINGLE,0,0,1,False,-1
8114,TRIPLE,1,1,1,False,-1
8115,TRIPLE,1,1,1,False,-1
8116,DOUBLE,0,1,1,False,-1
8117,TRIPLE,1,1,1,False,-1
8118,TRIPLE,1,1,1,False,-1
8119,DOUBLE,0,1,1,False,-1
8120,SINGLE,0,0,1,False,-1
8121,SINGLE,0,0,1,False,-1
8122,TRIPLE,1,1,1,False,-1
8123,TRIPLE,1,1,1,False,-1
8126,DOUBLE,0,1,1,False,-1
8127,SINGLE,0,0,1,False,-1
8128,TRIPLE,1,1,1,False,-1
8129,TRIPLE,1,1,1,False,-1
8130,TRIPLE,1,1,1,False,-1
8131,TRIPLE,1,1,1,False,-1
8132,SINGLE,0,0,1,False,-1
8133,DOUBLE,0,1,1,False,-1
8134,DOUBLE,0,1,1,False,-1
8135,DOUBLE,0,1,1,False,-1
8136,DOUBLE,0,1,1,False,-1
8137,DOUBLE,0,1,1,False,-1
8139,TRIPLE,1,1,1,False,-1
8140,SINGLE,0,0,1,False,-1
8141,TRIPLE,1,1,1,False,-1
8142,TRIPLE,1,1,1,False,-1
8143,SINGLE,0,0,1,False,-1
8144,DOUBLE,0,1,1,False,-1
8145,TRIPLE,1,1,1,False,-1
8146,TRIPLE,1,1,1,False,-1
8147,DOUBLE,0,1,1,False,-1
8148,TRIPLE,1,1,1,False,-1
8149,TRIPLE,1,1,1,False,-1
8150,TRIPLE,1,1,1,False,-1
8151,TRIPLE,1,1,1,False,-1
8152,TRIPLE,1,1,1,False,-1
8153,DOUBLE,0,1,1,False,-1
8155,TRIPLE,1,1,1,False,-1
8156,TRIPLE,1,1,1,False,-1
8157,TRIPLE,1,1,1,False,-1
8158,DOUBLE,0,1,1,False,-1
8159,SINGLE,0,0,1,False,-1
8160,SINGLE,0,0,1,False,-1
8161,TRIPLE,1,1,1,False,-1
8162,SINGLE,0,0,1,False,-1
8163,TRIPLE,1,1,1,False,-1
8164,DOUBLE,0,1,1,False,-1
8165,TRIPLE,1,1,1,False,-1
8166,TRIPLE,1,1,1,False,-1
8167,SINGLE,0,0,1,False,-1
8168,TRIPLE,1,1,1,False,-1
8170,TRIPLE,1,1,1,False,-1
8171,TRIPLE,1,1,1,False,-1
8172,TRIPLE,1,1,1,False,-1
8173,DOUBLE,0,1,1,False,-1
8174,TRIPLE,1,1,1,False,-1
8175,DOUBLE,0,1,1,False,-1
8176,DOUBLE,0,1,1,False,-1
8177,DOUBLE,0,1,1,False,-1
8178,TRIPLE,1,1,1,False,-1
8179,SINGLE,0,0,1,False,-1
8180,DOUBLE,0,1,1,False,-1
8181,SINGLE,0,0,1,False,-1
8182,TRIPLE,1,1,1,False,-1
8183,SINGLE,0,0,1,False,-1
8185,DOUBLE,0,1,1,False,-1
8186,DOUBLE,0,1,1,False,-1
8187,DOUBLE,0,1,1,False,-1
8188,TRIPLE,1,1,1,False,-1
8189,SINGLE,0,0,1,False,-1
8190,TRIPLE,1,1,1,False,-1
8191,DOUBLE,0,1,1,False,-1
8192,SINGLE,0,0,1,False,-1
8193,DOUBLE,0,1,1,False,-1
8195,DOUBLE,0,1,1,False,-1
8196,SINGLE,0,0,1,False,-1
8197,TRIPLE,1,1,1,False,-1
8199,SINGLE,0,0,1,False,-1
8200,DOUBLE,0,1,1,False,-1
8201,TRIPLE,1,1,1,False,-1
8202,TRIPLE,1,1,1,False,-1
8203,DOUBLE,0,1,1,False,-1
8204,TRIPLE,1,1,1,False,-1
8205,DOUBLE,0,1,1,False,-1
8206,TRIPLE,1,1,1,False,-1
8207,TRIPLE,1,1,1,False,-1
8208,SINGLE,0,0,1,False,-1
8209,SINGLE,0,0,1,False,-1
8210,DOUBLE,0,1,1,False,-1
8212,SINGLE,0,0,1,False,-1
8213,TRIPLE,1,1,1,False,-1
8214,DOUBLE,0,1,1,False,-1
8215,TRIPLE,1,1,1,False,-1
8216,DOUBLE,0,1,1,False,-1
8218,DOUBLE,0,1,1,False,-1
8219,TRIPLE,1,1,1,False,-1
8220,TRIPLE,1,1,1,False,-1
8221,TRIPLE,1,1,1,False,-1
8222,DOUBLE,0,1,1,False,-1
8223,TRIPLE,1,1,1,False,-1
8224,TRIPLE,1,1,1,False,-1
8225,TRIPLE,1,1,1,False,-1
8226,DOUBLE,0,1,1,False,-1
8227,DOUBLE,0,1,1,False,-1
8228,SINGLE,0,0,1,False,-1
8229,DOUBLE,0,1,1,False,-1
8230,TRIPLE,1,1,1,False,-1
8231,DOUBLE,0,1,1,False,-1
8232,TRIPLE,1,1,1,False,-1
8233,TRIPLE,1,1,1,False,-1
8234,TRIPLE,1,1,1,False,-1
8235,SINGLE,0,0,1,False,-1
8236,DOUBLE,0,1,1,False,-1
8237,DOUBLE,0,1,1,False,-1
8238,DOUBLE,0,1,1,False,-1
8239,DOUBLE,0,1,1,False,-1
8240,TRIPLE,1,1,1,False,-1
8241,DOUBLE,0,1,1,False,-1
8242,TRIPLE,1,1,1,False,-1
8243,TRIPLE,1,1,1,False,-1
8245,TRIPLE,1,1,1,False,-1
8246,DOUBLE,0,1,1,False,-1
8247,TRIPLE,1,1,1,False,-1
8248,SINGLE,0,0,1,False,-1
8249,DOUBLE,0,1,1,False,-1
8250,TRIPLE,1,1,1,False,-1
8251,TRIPLE,1,1,1,False,-1
8252,TRIPLE,1,1,1,False,-1
8254,TRIPLE,1,1,1,False,-1
8255,TRIPLE,1,1,1,False,-1
8256,TRIPLE,1,1,1,False,-1
8257,TRIPLE,1,1,1,False,-1
8258,DOUBLE,0,1,1,False,-1
8259,DOUBLE,0,1,1,False,-1
8260,TRIPLE,1,1,1,False,-1
8261,SINGLE,0,0,1,False,-1
8262,SINGLE,0,0,1,False,-1
8263,TRIPLE,1,1,1,False,-1
8264,TRIPLE,1,1,1,False,-1
8265,TRIPLE,1,1,1,False,-1
8266,TRIPLE,1,1,1,False,-1
8267,SINGLE,0,0,1,False,-1
8268,TRIPLE,1,1,1,False,-1
8270,TRIPLE,1,1,1,False,-1
8272,TRIPLE,1,1,1,False,-1
8273,TRIPLE,1,1,1,False,-1
8274,DOUBLE,0,1,1,False,-1
8275,TRIPLE,1,1,1,False,-1
8276,TRIPLE,1,1,1,False,-1
8279,SINGLE,0,0,1,False,-1
8280,SINGLE,0,0,1,False,-1
8281,TRIPLE,1,1,1,False,-1
8282,TRIPLE,1,1,1,False,-1
8283,SINGLE,0,0,1,False,-1
8285,TRIPLE,1,1,1,False,-1
8286,DOUBLE,0,1,1,False,-1
8287,DOUBLE,0,1,1,False,-1
8288,TRIPLE,1,1,1,False,-1
8289,SINGLE,0,0,1,False,-1
8290,TRIPLE,1,1,1,False,-1
8291,DOUBLE,0,1,1,False,-1
8292,SINGLE,0,0,1,False,-1
8293,TRIPLE,1,1,1,False,-1
8294,TRIPLE,1,1,1,False,-1
8295,TRIPLE,1,1,1,False,-1
8296,DOUBLE,0,1,1,False,-1
8297,DOUBLE,0,1,1,False,-1
8298,DOUBLE,0,1,1,False,-1
8299,SINGLE,0,0,1,False,-1
8300,TRIPLE,1,1,1,False,-1
8301,DOUBLE,0,1,1,False,-1
8302,TRIPLE,1,1,1,False,-1
8303,DOUBLE,0,1,1,False,-1
8304,DOUBLE,0,1,1,False,-1
8305,SINGLE,0,0,1,False,-1
8308,SINGLE,0,0,1,False,-1
8309,TRIPLE,1,1,1,False,-1
8310,TRIPLE,1,1,1,False,-1
8311,DOUBLE,0,1,1,False,-1
8312,TRIPLE,1,1,1,False,-1
8313,DOUBLE,0,1,1,False,-1
8314,TRIPLE,1,1,1,False,-1
8315,TRIPLE,1,1,1,False,-1
8316,DOUBLE,0,1,1,False,-1
8317,DOUBLE,0,1,1,False,-1
8318,DOUBLE,0,1,1,False,-1
8319,TRIPLE,1,1,1,False,-1
8320,TRIPLE,1,1,1,False,-1
8321,DOUBLE,0,1,1,False,-1
8322,DOUBLE,0,1,1,False,-1
8323,TRIPLE,1,1,1,False,-1
8324,SINGLE,0,0,1,False,-1
8326,TRIPLE,1,1,1,False,-1
8327,TRIPLE,1,1,1,False,-1
8329,TRIPLE,1,1,1,False,-1
8330,TRIPLE,1,1,1,False,-1
8332,TRIPLE,1,1,1,False,-1
8333,TRIPLE,1,1,1,False,-1
8334,TRIPLE,1,1,1,False,-1
8335,SINGLE,0,0,1,False,-1
8336,TRIPLE,1,1,1,False,-1
8337,TRIPLE,1,1,1,False,-1
8339,SINGLE,0,0,1,False,-1
8340,TRIPLE,1,1,1,False,-1
8341,DOUBLE,0,1,1,False,-1
8342,DOUBLE,0,1,1,False,-1
8344,TRIPLE,1,1,1,False,-1
8345,DOUBLE,0,1,1,False,-1
8346,TRIPLE,1,1,1,False,-1
8348,TRIPLE,1,1,1,False,-1
8349,TRIPLE,1,1,1,False,-1
8350,SINGLE,0,0,1,False,-1
8351,TRIPLE,1,1,1,False,-1
8352,DOUBLE,0,1,1,False,-1
8353,DOUBLE,0,1,1,False,-1
8354,TRIPLE,1,1,1,False,-1
8355,SINGLE,0,0,1,False,-1
8356,DOUBLE,0,1,1,False,-1
8357,SINGLE,0,0,1,False,-1
8358,DOUBLE,0,1,1,False,-1
8359,DOUBLE,0,1,1,False,-1
8360,TRIPLE,1,1,1,False,-1
8361,TRIPLE,1,1,1,False,-1
8362,DOUBLE,0,1,1,False,-1
8363,TRIPLE,1,1,1,False,-1
8365,TRIPLE,1,1,1,False,-1
8366,DOUBLE,0,1,1,False,-1
8367,SINGLE,0,0,1,False,-1
8368,TRIPLE,1,1,1,False,-1
8369,TRIPLE,1,1,1,False,-1
8370,TRIPLE,1,1,1,False,-1
8371,DOUBLE,0,1,1,False,-1
8372,TRIPLE,1,1,1,False,-1
8373,TRIPLE,1,1,1,False,-1
8374,DOUBLE,0,1,1,False,-1
8375,TRIPLE,1,1,1,False,-1
8376,TRIPLE,1,1,1,False,-1
8377,DOUBLE,0,1,1,False,-1
8378,TRIPLE,1,1,1,False,-1
8379,TRIPLE,1,1,1,False,-1
8380,DOUBLE,0,1,1,False,-1
8381,TRIPLE,1,1,1,False,-1
8382,TRIPLE,1,1,1,False,-1
8383,DOUBLE,0,1,1,False,-1
8384,SINGLE,0,0,1,False,-1
8385,SINGLE,0,0,1,False,-1
8386,TRIPLE,1,1,1,False,-1
8387,SINGLE,0,0,1,False,-1
8388,DOUBLE,0,1,1,False,-1
8389,TRIPLE,1,1,1,False,-1
8390,DOUBLE,0,1,1,False,-1
8391,TRIPLE,1,1,1,False,-1
8392,TRIPLE,1,1,1,False,-1
8393,DOUBLE,0,1,1,False,-1
8394,TRIPLE,1,1,1,False,-1
8395,SINGLE,0,0,1,False,-1
8397,TRIPLE,1,1,1,False,-1
8398,TRIPLE,1,1,1,False,-1
8399,DOUBLE,0,1,1,False,-1
8400,TRIPLE,1,1,1,False,-1
8401,SINGLE,0,0,1,False,-1
8402,SINGLE,0,0,1,False,-1
8403,TRIPLE,1,1,1,False,-1
8404,SINGLE,0,0,1,False,-1
8405,TRIPLE,1,1,1,False,-1
8406,TRIPLE,1,1,1,False,-1
8407,DOUBLE,0,1,1,False,-1
8408,TRIPLE,1,1,1,False,-1
8410,DOUBLE,0,1,1,False,-1
8411,TRIPLE,1,1,1,False,-1
8412,TRIPLE,1,1,1,False,-1
8413,TRIPLE,1,1,1,False,-1
8414,TRIPLE,1,1,1,False,-1
8415,TRIPLE,1,1,1,False,-1
8416,TRIPLE,1,1,1,False,-1
8417,TRIPLE,1,1,1,False,-1
8420,TRIPLE,1,1,1,False,-1
8421,DOUBLE,0,1,1,False,-1
8422,TRIPLE,1,1,1,False,-1
8423,TRIPLE,1,1,1,False,-1
8424,TRIPLE,1,1,1,False,-1
8426,TRIPLE,1,1,1,False,-1
8427,TRIPLE,1,1,1,False,-1
8428,SINGLE,0,0,1,False,-1
8429,DOUBLE,0,1,1,False,-1
8430,TRIPLE,1,1,1,False,-1
8431,TRIPLE,1,1,1,False,-1
8432,TRIPLE,1,1,1,False,-1
8433,DOUBLE,0,1,1,False,-1
8434,DOUBLE,0,1,1,False,-1
8435,DOUBLE,0,1,1,False,-1
8436,TRIPLE,1,1,1,False,-1
8437,TRIPLE,1,1,1,False,-1
8438,TRIPLE,1,1,1,False,-1
8439,DOUBLE,0,1,1,False,-1
8440,SINGLE,0,0,1,False,-1
8441,TRIPLE,1,1,1,False,-1
8443,TRIPLE,1,1,1,False,-1
8444,SINGLE,0,0,1,False,-1
8445,SINGLE,0,0,1,False,-1
8446,DOUBLE,0,1,1,False,-1
8447,TRIPLE,1,1,1,False,-1
8448,TRIPLE,1,1,1,False,-1
8449,TRIPLE,1,1,1,False,-1
8450,TRIPLE,1,1,1,False,-1
8452,TRIPLE,1,1,1,False,-1
8453,TRIPLE,1,1,1,False,-1
8454,TRIPLE,1,1,1,False,-1
8455,DOUBLE,0,1,1,False,-1
8456,DOUBLE,0,1,1,False,-1
8457,SINGLE,0,0,1,False,-1
8458,DOUBLE,0,1,1,False,-1
8459,DOUBLE,0,1,1,False,-1
8460,TRIPLE,1,1,1,False,-1
8461,SINGLE,0,0,1,False,-1
8462,DOUBLE,0,1,1,False,-1
8464,TRIPLE,1,1,1,False,-1
8465,TRIPLE,1,1,1,False,-1
8466,DOUBLE,0,1,1,False,-1
8467,TRIPLE,1,1,1,False,-1
8468,DOUBLE,0,1,1,False,-1
8469,DOUBLE,0,1,1,False,-1
8470,SINGLE,0,0,1,False,-1
8471,DOUBLE,0,1,1,False,-1
8472,TRIPLE,1,1,1,False,-1
8473,TRIPLE,1,1,1,False,-1
8474,TRIPLE,1,1,1,False,-1
8476,SINGLE,0,0,1,False,-1
8478,TRIPLE,1,1,1,False,-1
8480,TRIPLE,1,1,1,False,-1
8481,DOUBLE,0,1,1,False,-1
8482,DOUBLE,0,1,1,False,-1
8483,DOUBLE,0,1,1,False,-1
8484,DOUBLE,0,1,1,False,-1
8485,TRIPLE,1,1,1,False,-1
8487,TRIPLE,1,1,1,False,-1
8488,TRIPLE,1,1,1,False,-1
8489,TRIPLE,1,1,1,False,-1
8490,TRIPLE,1,1,1,False,-1
8491,DOUBLE,0,1,1,False,-1
8492,TRIPLE,1,1,1,False,-1
8493,DOUBLE,0,1,1,False,-1
8494,TRIPLE,1,1,1,False,-1
8495,TRIPLE,1,1,1,False,-1
8496,DOUBLE,0,1,1,False,-1
8497,TRIPLE,1,1,1,False,-1
8498,TRIPLE,1,1,1,False,-1
8499,TRIPLE,1,1,1,False,-1
8500,SINGLE,0,0,1,False,-1
8501,TRIPLE,1,1,1,False,-1
8502,TRIPLE,1,1,1,False,-1
8503,SINGLE,0,0,1,False,-1
8504,SINGLE,0,0,1,False,-1
8505,TRIPLE,1,1,1,False,-1
8506,TRIPLE,1,1,1,False,-1
8507,DOUBLE,0,1,1,False,-1
8508,DOUBLE,0,1,1,False,-1
8509,TRIPLE,1,1,1,False,-1
8510,DOUBLE,0,1,1,False,-1
8511,DOUBLE,0,1,1,False,-1
8512,SINGLE,0,0,1,False,-1
8513,TRIPLE,1,1,1,False,-1
8515,DOUBLE,0,1,1,False,-1
8516,SINGLE,0,0,1,False,-1
8517,TRIPLE,1,1,1,False,-1
8518,DOUBLE,0,1,1,False,-1
8519,TRIPLE,1,1,1,False,-1
8520,DOUBLE,0,1,1,False,-1
8521,DOUBLE,0,1,1,False,-1
8522,TRIPLE,1,1,1,False,-1
8523,TRIPLE,1,1,1,False,-1
8524,TRIPLE,1,1,1,False,-1
8525,TRIPLE,1,1,1,False,-1
8526,DOUBLE,0,1,1,False,-1
8527,DOUBLE,0,1,1,False,-1
8528,TRIPLE,1,1,1,False,-1
8529,SINGLE,0,0,1,False,-1
8530,TRIPLE,1,1,1,False,-1
8531,DOUBLE,0,1,1,False,-1
8532,TRIPLE,1,1,1,False,-1
8533,DOUBLE,0,1,1,False,-1
8534,TRIPLE,1,1,1,False,-1
8535,SINGLE,0,0,1,False,-1
8537,TRIPLE,1,1,1,False,-1
8538,TRIPLE,1,1,1,False,-1
8539,TRIPLE,1,1,1,False,-1
8540,TRIPLE,1,1,1,False,-1
8542,TRIPLE,1,1,1,False,-1
8543,DOUBLE,0,1,1,False,-1
8544,DOUBLE,0,1,1,False,-1
8545,DOUBLE,0,1,1,False,-1
8547,TRIPLE,1,1,1,False,-1
8548,TRIPLE,1,1,1,False,-1
8549,DOUBLE,0,1,1,False,-1
8550,TRIPLE,1,1,1,False,-1
8551,DOUBLE,0,1,1,False,-1
8553,TRIPLE,1,1,1,False,-1
8554,DOUBLE,0,1,1,False,-1
8555,TRIPLE,1,1,1,False,-1
8556,TRIPLE,1,1,1,False,-1
8557,TRIPLE,1,1,1,False,-1
8558,TRIPLE,1,1,1,False,-1
8559,TRIPLE,1,1,1,False,-1
8560,TRIPLE,1,1,1,False,-1
8561,SINGLE,0,0,1,False,-1
8562,DOUBLE,0,1,1,False,-1
8563,TRIPLE,1,1,1,False,-1
8564,SINGLE,0,0,1,False,-1
8565,DOUBLE,0,1,1,False,-1
8567,DOUBLE,0,1,1,False,-1
8568,TRIPLE,1,1,1,False,-1
8569,TRIPLE,1,1,1,False,-1
8571,DOUBLE,0,1,1,False,-1
8572,TRIPLE,1,1,1,False,-1
8573,SINGLE,0,0,1,False,-1
8574,TRIPLE,1,1,1,False,-1
8575,TRIPLE,1,1,1,False,-1
8576,TRIPLE,1,1,1,False,-1
8577,TRIPLE,1,1,1,False,-1
8578,SINGLE,0,0,1,False,-1
8579,TRIPLE,1,1,1,False,-1
8580,SINGLE,0,0,1,False,-1
8581,TRIPLE,1,1,1,False,-1
8582,TRIPLE,1,1,1,False,-1
8583,SINGLE,0,0,1,False,-1
8584,SINGLE,0,0,1,False,-1
8585,SINGLE,0,0,1,False,-1
8586,TRIPLE,1,1,1,False,-1
8587,DOUBLE,0,1,1,False,-1
8588,DOUBLE,0,1,1,False,-1
8589,TRIPLE,1,1,1,False,-1
8590,DOUBLE,0,1,1,False,-1
8591,TRIPLE,1,1,1,False,-1
8592,SINGLE,0,0,1,False,-1
8593,DOUBLE,0,1,1,False,-1
8594,TRIPLE,1,1,1,False,-1
8595,TRIPLE,1,1,1,False,-1
8596,SINGLE,0,0,1,False,-1
8597,TRIPLE,1,1,1,False,-1
8598,TRIPLE,1,1,1,False,-1
8599,DOUBLE,0,1,1,False,-1
8600,TRIPLE,1,1,1,False,-1
8601,SINGLE,0,0,1,False,-1
8602,DOUBLE,0,1,1,False,-1
8603,TRIPLE,1,1,1,False,-1
8604,TRIPLE,1,1,1,False,-1
8605,DOUBLE,0,1,1,False,-1
8606,TRIPLE,1,1,1,False,-1
8608,DOUBLE,0,1,1,False,-1
8609,TRIPLE,1,1,1,False,-1
8611,TRIPLE,1,1,1,False,-1
8612,SINGLE,0,0,1,False,-1
8613,TRIPLE,1,1,1,False,-1
8614,TRIPLE,1,1,1,False,-1
8615,DOUBLE,0,1,1,False,-1
8616,TRIPLE,1,1,1,False,-1
8617,TRIPLE,1,1,1,False,-1
8618,TRIPLE,1,1,1,False,-1
8619,SINGLE,0,0,1,False,-1
8620,DOUBLE,0,1,1,False,-1
8621,TRIPLE,1,1,1,False,-1
8622,DOUBLE,0,1,1,False,-1
8624,TRIPLE,1,1,1,False,-1
8625,TRIPLE,1,1,1,False,-1
8626,TRIPLE,1,1,1,False,-1
8627,DOUBLE,0,1,1,False,-1
8628,TRIPLE,1,1,1,False,-1
8629,DOUBLE,0,1,1,False,-1
8631,TRIPLE,1,1,1,False,-1
8632,TRIPLE,1,1,1,False,-1
8633,DOUBLE,0,1,1,False,-1
8634,DOUBLE,0,1,1,False,-1
8635,TRIPLE,1,1,1,False,-1
8636,TRIPLE,1,1,1,False,-1
8637,TRIPLE,1,1,1,False,-1
8638,DOUBLE,0,1,1,False,-1
8639,DOUBLE,0,1,1,False,-1
8640,DOUBLE,0,1,1,False,-1
8641,TRIPLE,1,1,1,False,-1
8642,DOUBLE,0,1,1,False,-1
8643,TRIPLE,1,1,1,False,-1
8644,DOUBLE,0,1,1,False,-1
8645,TRIPLE,1,1,1,False,-1
8646,TRIPLE,1,1,1,False,-1
8647,SINGLE,0,0,1,False,-1
8648,TRIPLE,1,1,1,False,-1
8649,DOUBLE,0,1,1,False,-1
8650,TRIPLE,1,1,1,False,-1
8651,TRIPLE,1,1,1,False,-1
8652,TRIPLE,1,1,1,False,-1
8653,TRIPLE,1,1,1,False,-1
8654,TRIPLE,1,1,1,False,-1
8655,TRIPLE,1,1,1,False,-1
8656,DOUBLE,0,1,1,False,-1
8657,TRIPLE,1,1,1,False,-1
8658,TRIPLE,1,1,1,False,-1
8659,TRIPLE,1,1,1,False,-1
8660,TRIPLE,1,1,1,False,-1
8661,DOUBLE,0,1,1,False,-1
8662,TRIPLE,1,1,1,False,-1
8663,DOUBLE,0,1,1,False,-1
8664,DOUBLE,0,1,1,False,-1
8665,TRIPLE,1,1,1,False,-1
8667,DOUBLE,0,1,1,False,-1
8668,DOUBLE,0,1,1,False,-1
8669,TRIPLE,1,1,1,False,-1
8670,DOUBLE,0,1,1,False,-1
8671,TRIPLE,1,1,1,False,-1
8672,SINGLE,0,0,1,False,-1
8673,SINGLE,0,0,1,False,-1
8674,SINGLE,0,0,1,False,-1
8675,TRIPLE,1,1,1,False,-1
8676,TRIPLE,1,1,1,False,-1
8677,TRIPLE,1,1,1,False,-1
8678,DOUBLE,0,1,1,False,-1
8679,TRIPLE,1,1,1,False,-1
8680,TRIPLE,1,1,1,False,-1
8681,TRIPLE,1,1,1,False,-1
8682,TRIPLE,1,1,1,False,-1
8683,TRIPLE,1,1,1,False,-1
8684,DOUBLE,0,1,1,False,-1
8685,DOUBLE,0,1,1,False,-1
8686,TRIPLE,1,1,1,False,-1
8687,TRIPLE,1,1,1,False,-1
8688,TRIPLE,1,1,1,False,-1
8689,DOUBLE,0,1,1,False,-1
8690,TRIPLE,1,1,1,False,-1
8691,TRIPLE,1,1,1,False,-1
8692,SINGLE,0,0,1,False,-1
8693,DOUBLE,0,1,1,False,-1
8694,SINGLE,0,0,1,False,-1
8695,TRIPLE,1,1,1,False,-1
8696,DOUBLE,0,1,1,False,-1
8697,TRIPLE,1,1,1,False,-1
8698,DOUBLE,0,1,1,False,-1
8699,TRIPLE,1,1,1,False,-1
8700,TRIPLE,1,1,1,False,-1
8701,TRIPLE,1,1,1,False,-1
8702,DOUBLE,0,1,1,False,-1
8703,DOUBLE,0,1,1,False,-1
8704,SINGLE,0,0,1,False,-1
8705,TRIPLE,1,1,1,False,-1
8706,TRIPLE,1,1,1,False,-1
8707,TRIPLE,1,1,1,False,-1
8708,DOUBLE,0,1,1,False,-1
8709,DOUBLE,0,1,1,False,-1
8710,TRIPLE,1,1,1,False,-1
8711,TRIPLE,1,1,1,False,-1
8712,TRIPLE,1,1,1,False,-1
8713,TRIPLE,1,1,1,False,-1
8714,DOUBLE,0,1,1,False,-1
8715,TRIPLE,1,1,1,False,-1
8717,TRIPLE,1,1,1,False,-1
8718,TRIPLE,1,1,1,False,-1
8719,DOUBLE,0,1,1,False,-1
8722,SINGLE,0,0,1,False,-1
8723,SINGLE,0,0,1,False,-1
8724,DOUBLE,0,1,1,False,-1
8725,TRIPLE,1,1,1,False,-1
8726,TRIPLE,1,1,1,False,-1
8727,DOUBLE,0,1,1,False,-1
8728,TRIPLE,1,1,1,False,-1
8729,SINGLE,0,0,1,False,-1
8730,TRIPLE,1,1,1,False,-1
8731,TRIPLE,1,1,1,False,-1
8732,SINGLE,0,0,1,False,-1
8733,TRIPLE,1,1,1,False,-1
8734,TRIPLE,1,1,1,False,-1
8735,TRIPLE,1,1,1,False,-1
8736,DOUBLE,0,1,1,False,-1
8737,TRIPLE,1,1,1,False,-1
8739,TRIPLE,1,1,1,False,-1
8740,TRIPLE,1,1,1,False,-1
8741,TRIPLE,1,1,1,False,-1
8742,TRIPLE,1,1,1,False,-1
8743,TRIPLE,1,1,1,False,-1
8744,TRIPLE,1,1,1,False,-1
8745,TRIPLE,1,1,1,False,-1
8746,TRIPLE,1,1,1,False,-1
8747,TRIPLE,1,1,1,False,-1
8748,DOUBLE,0,1,1,False,-1
8749,SINGLE,0,0,1,False,-1
8750,TRIPLE,1,1,1,False,-1
8751,TRIPLE,1,1,1,False,-1
8752,DOUBLE,0,1,1,False,-1
8753,SINGLE,0,0,1,False,-1
8754,DOUBLE,0,1,1,False,-1
8755,TRIPLE,1,1,1,False,-1
8756,TRIPLE,1,1,1,False,-1
8758,TRIPLE,1,1,1,False,-1
8759,TRIPLE,1,1,1,False,-1
8762,DOUBLE,0,1,1,False,-1
8763,TRIPLE,1,1,1,False,-1
8764,TRIPLE,1,1,1,False,-1
8765,SINGLE,0,0,1,False,-1
8766,TRIPLE,1,1,1,False,-1
8767,SINGLE,0,0,1,False,-1
8768,SINGLE,0,0,1,False,-1
8769,DOUBLE,0,1,1,False,-1
8770,DOUBLE,0,1,1,False,-1
8771,TRIPLE,1,1,1,False,-1
8772,SINGLE,0,0,1,False,-1
8773,DOUBLE,0,1,1,False,-1
8774,TRIPLE,1,1,1,False,-1
8777,TRIPLE,1,1,1,False,-1
8779,SINGLE,0,0,1,False,-1
8780,TRIPLE,1,1,1,False,-1
8781,TRIPLE,1,1,1,False,-1
8782,DOUBLE,0,1,1,False,-1
8783,SINGLE,0,0,1,False,-1
8785,DOUBLE,0,1,1,False,-1
8786,TRIPLE,1,1,1,False,-1
8787,TRIPLE,1,1,1,False,-1
8788,TRIPLE,1,1,1,False,-1
8790,TRIPLE,1,1,1,False,-1
8791,TRIPLE,1,1,1,False,-1
8792,DOUBLE,0,1,1,False,-1
8794,SINGLE,0,0,1,False,-1
8795,TRIPLE,1,1,1,False,-1
8796,SINGLE,0,0,1,False,-1
8797,DOUBLE,0,1,1,False,-1
8799,TRIPLE,1,1,1,False,-1
8800,TRIPLE,1,1,1,False,-1
8802,SINGLE,0,0,1,False,-1
8804,DOUBLE,0,1,1,False,-1
8806,DOUBLE,0,1,1,False,-1
8807,TRIPLE,1,1,1,False,-1
8808,TRIPLE,1,1,1,False,-1
8809,DOUBLE,0,1,1,False,-1
8810,TRIPLE,1,1,1,False,-1
8811,TRIPLE,1,1,1,False,-1
8812,TRIPLE,1,1,1,False,-1
8813,SINGLE,0,0,1,False,-1
8814,TRIPLE,1,1,1,False,-1
8815,DOUBLE,0,1,1,False,-1
8816,DOUBLE,0,1,1,False,-1
8818,DOUBLE,0,1,1,False,-1
8819,SINGLE,0,0,1,False,-1
8820,DOUBLE,0,1,1,False,-1
8821,TRIPLE,1,1,1,False,-1
8822,TRIPLE,1,1,1,False,-1
8823,TRIPLE,1,1,1,False,-1
8824,TRIPLE,1,1,1,False,-1
8825,SINGLE,0,0,1,False,-1
8826,DOUBLE,0,1,1,False,-1
8827,TRIPLE,1,1,1,False,-1
8828,TRIPLE,1,1,1,False,-1
8829,SINGLE,0,0,1,False,-1
8831,DOUBLE,0,1,1,False,-1
8832,DOUBLE,0,1,1,False,-1
8833,TRIPLE,1,1,1,False,-1
8834,DOUBLE,0,1,1,False,-1
8835,DOUBLE,0,1,1,False,-1
8836,TRIPLE,1,1,1,False,-1
8837,TRIPLE,1,1,1,False,-1
8838,DOUBLE,0,1,1,False,-1
8839,SINGLE,0,0,1,False,-1
8840,DOUBLE,0,1,1,False,-1
8841,TRIPLE,1,1,1,False,-1
8842,DOUBLE,0,1,1,False,-1
8844,TRIPLE,1,1,1,False,-1
8845,TRIPLE,1,1,1,False,-1
8846,DOUBLE,0,1,1,False,-1
8847,TRIPLE,1,1,1,False,-1
8848,DOUBLE,0,1,1,False,-1
8849,TRIPLE,1,1,1,False,-1
8850,SINGLE,0,0,1,False,-1
8851,TRIPLE,1,1,1,False,-1
8853,DOUBLE,0,1,1,False,-1
8854,SINGLE,0,0,1,False,-1
8855,TRIPLE,1,1,1,False,-1
8856,TRIPLE,1,1,1,False,-1
8857,SINGLE,0,0,1,False,-1
8858,DOUBLE,0,1,1,False,-1
8859,TRIPLE,1,1,1,False,-1
8860,TRIPLE,1,1,1,False,-1
8861,DOUBLE,0,1,1,False,-1
8863,DOUBLE,0,1,1,False,-1
8864,SINGLE,0,0,1,False,-1
8865,DOUBLE,0,1,1,False,-1
8866,DOUBLE,0,1,1,False,-1
8867,TRIPLE,1,1,1,False,-1
8869,TRIPLE,1,1,1,False,-1
8870,DOUBLE,0,1,1,False,-1
8871,TRIPLE,1,1,1,False,-1
8872,TRIPLE,1,1,1,False,-1
8873,TRIPLE,1,1,1,False,-1
8874,DOUBLE,0,1,1,False,-1
8875,DOUBLE,0,1,1,False,-1
8876,SINGLE,0,0,1,False,-1
8877,TRIPLE,1,1,1,False,-1
8878,DOUBLE,0,1,1,False,-1
8879,SINGLE,0,0,1,False,-1
8880,DOUBLE,0,1,1,False,-1
8881,TRIPLE,1,1,1,False,-1
8882,DOUBLE,0,1,1,False,-1
8883,TRIPLE,1,1,1,False,-1
8884,TRIPLE,1,1,1,False,-1
8885,SINGLE,0,0,1,False,-1
8886,DOUBLE,0,1,1,False,-1
8887,TRIPLE,1,1,1,False,-1
8888,TRIPLE,1,1,1,False,-1
8891,TRIPLE,1,1,1,False,-1
8892,TRIPLE,1,1,1,False,-1
8894,TRIPLE,1,1,1,False,-1
8895,TRIPLE,1,1,1,False,-1
8896,TRIPLE,1,1,1,False,-1
8897,TRIPLE,1,1,1,False,-1
8898,SINGLE,0,0,1,False,-1
8899,DOUBLE,0,1,1,False,-1
8900,TRIPLE,1,1,1,False,-1
8901,SINGLE,0,0,1,False,-1
8902,TRIPLE,1,1,1,False,-1
8903,DOUBLE,0,1,1,False,-1
8904,TRIPLE,1,1,1,False,-1
8905,TRIPLE,1,1,1,False,-1
8906,SINGLE,0,0,1,False,-1
8907,DOUBLE,0,1,1,False,-1
8908,TRIPLE,1,1,1,False,-1
8909,DOUBLE,0,1,1,False,-1
8910,DOUBLE,0,1,1,False,-1
8911,SINGLE,0,0,1,False,-1
8912,TRIPLE,1,1,1,False,-1
8913,TRIPLE,1,1,1,False,-1
8914,TRIPLE,1,1,1,False,-1
8915,TRIPLE,1,1,1,False,-1
8916,TRIPLE,1,1,1,False,-1
8917,TRIPLE,1,1,1,False,-1
8918,DOUBLE,0,1,1,False,-1
8919,SINGLE,0,0,1,False,-1
8920,TRIPLE,1,1,1,False,-1
8921,DOUBLE,0,1,1,False,-1
8922,TRIPLE,1,1,1,False,-1
8923,TRIPLE,1,1,1,False,-1
8924,TRIPLE,1,1,1,False,-1
8926,TRIPLE,1,1,1,False,-1
8928,TRIPLE,1,1,1,False,-1
8929,TRIPLE,1,1,1,False,-1
8930,TRIPLE,1,1,1,False,-1
8931,TRIPLE,1,1,1,False,-1
8932,SINGLE,0,0,1,False,-1
8933,DOUBLE,0,1,1,False,-1
8934,TRIPLE,1,1,1,False,-1
8935,TRIPLE,1,1,1,False,-1
8936,TRIPLE,1,1,1,False,-1
8937,DOUBLE,0,1,1,False,-1
8938,DOUBLE,0,1,1,False,-1
8939,SINGLE,0,0,1,False,-1
8940,TRIPLE,1,1,1,False,-1
8941,TRIPLE,1,1,1,False,-1
8942,DOUBLE,0,1,1,False,-1
8943,TRIPLE,1,1,1,False,-1
8944,TRIPLE,1,1,1,False,-1
8945,TRIPLE,1,1,1,False,-1
8947,DOUBLE,0,1,1,False,-1
8948,TRIPLE,1,1,1,False,-1
8951,TRIPLE,1,1,1,False,-1
8952,SINGLE,0,0,1,False,-1
8953,SINGLE,0,0,1,False,-1
8954,TRIPLE,1,1,1,False,-1
8955,TRIPLE,1,1,1,False,-1
8956,TRIPLE,1,1,1,False,-1
8957,TRIPLE,1,1,1,False,-1
8958,TRIPLE,1,1,1,False,-1
8959,TRIPLE,1,1,1,False,-1
8960,SINGLE,0,0,1,False,-1
8961,TRIPLE,1,1,1,False,-1
8962,TRIPLE,1,1,1,False,-1
8963,DOUBLE,0,1,1,False,-1
8964,TRIPLE,1,1,1,False,-1
8965,TRIPLE,1,1,1,False,-1
8966,TRIPLE,1,1,1,False,-1
8967,DOUBLE,0,1,1,False,-1
8968,TRIPLE,1,1,1,False,-1
8969,DOUBLE,0,1,1,False,-1
8970,TRIPLE,1,1,1,False,-1
8971,DOUBLE,0,1,1,False,-1
8972,TRIPLE,1,1,1,False,-1
8973,SINGLE,0,0,1,False,-1
8975,TRIPLE,1,1,1,False,-1
8976,DOUBLE,0,1,1,False,-1
8977,DOUBLE,0,1,1,False,-1
8978,TRIPLE,1,1,1,False,-1
8979,SINGLE,0,0,1,False,-1
8980,TRIPLE,1,1,1,False,-1
8981,TRIPLE,1,1,1,False,-1
8982,TRIPLE,1,1,1,False,-1
8983,DOUBLE,0,1,1,False,-1
8984,TRIPLE,1,1,1,False,-1
8985,DOUBLE,0,1,1,False,-1
8986,SINGLE,0,0,1,False,-1
8987,DOUBLE,0,1,1,False,-1
8988,TRIPLE,1,1,1,False,-1
8989,TRIPLE,1,1,1,False,-1
8990,DOUBLE,0,1,1,False,-1
8991,TRIPLE,1,1,1,False,-1
8992,DOUBLE,0,1,1,False,-1
8993,TRIPLE,1,1,1,False,-1
8994,DOUBLE,0,1,1,False,-1
8995,DOUBLE,0,1,1,False,-1
8996,TRIPLE,1,1,1,False,-1
8997,TRIPLE,1,1,1,False,-1
8998,TRIPLE,1,1,1,False,-1
8999,DOUBLE,0,1,1,False,-1
9000,DOUBLE,0,1,1,False,-1
9001,DOUBLE,0,1,1,False,-1
9002,TRIPLE,1,1,1,False,-1
9003,TRIPLE,1,1,1,False,-1
9004,DOUBLE,0,1,1,False,-1
9005,TRIPLE,1,1,1,False,-1
9006,TRIPLE,1,1,1,False,-1
9007,DOUBLE,0,1,1,False,-1
9009,DOUBLE,0,1,1,False,-1
9010,TRIPLE,1,1,1,False,-1
9011,DOUBLE,0,1,1,False,-1
9012,SINGLE,0,0,1,False,-1
9013,TRIPLE,1,1,1,False,-1
9014,TRIPLE,1,1,1,False,-1
9015,TRIPLE,1,1,1,False,-1
9017,DOUBLE,0,1,1,False,-1
9018,TRIPLE,1,1,1,False,-1
9019,DOUBLE,0,1,1,False,-1
9020,SINGLE,0,0,1,False,-1
9021,TRIPLE,1,1,1,False,-1
9022,DOUBLE,0,1,1,False,-1
9023,TRIPLE,1,1,1,False,-1
9024,TRIPLE,1,1,1,False,-1
9025,SINGLE,0,0,1,False,-1
9026,TRIPLE,1,1,1,False,-1
9027,SINGLE,0,0,1,False,-1
9028,TRIPLE,1,1,1,False,-1
9030,DOUBLE,0,1,1,False,-1
9031,TRIPLE,1,1,1,False,-1
9032,TRIPLE,1,1,1,False,-1
9034,DOUBLE,0,1,1,False,-1
9035,SINGLE,0,0,1,False,-1
9036,TRIPLE,1,1,1,False,-1
9037,SINGLE,0,0,1,False,-1
9038,DOUBLE,0,1,1,False,-1
9039,TRIPLE,1,1,1,False,-1
9040,DOUBLE,0,1,1,False,-1
9041,TRIPLE,1,1,1,False,-1
9042,TRIPLE,1,1,1,False,-1
9043,DOUBLE,0,1,1,False,-1
9044,SINGLE,0,0,1,False,-1
9045,TRIPLE,1,1,1,False,-1
9046,SINGLE,0,0,1,False,-1
9048,TRIPLE,1,1,1,False,-1
9049,DOUBLE,0,1,1,False,-1
9050,TRIPLE,1,1,1,False,-1
9051,SINGLE,0,0,1,False,-1
9052,DOUBLE,0,1,1,False,-1
9053,SINGLE,0,0,1,False,-1
9054,TRIPLE,1,1,1,False,-1
9055,TRIPLE,1,1,1,False,-1
9056,TRIPLE,1,1,1,False,-1
9057,DOUBLE,0,1,1,False,-1
9058,TRIPLE,1,1,1,False,-1
9059,TRIPLE,1,1,1,False,-1
9060,SINGLE,0,0,1,False,-1
9061,TRIPLE,1,1,1,False,-1
9062,DOUBLE,0,1,1,False,-1
9063,TRIPLE,1,1,1,False,-1
9064,TRIPLE,1,1,1,False,-1
9065,TRIPLE,1,1,1,False,-1
9066,TRIPLE,1,1,1,False,-1
9067,DOUBLE,0,1,1,False,-1
9068,TRIPLE,1,1,1,False,-1
9069,SINGLE,0,0,1,False,-1
9070,TRIPLE,1,1,1,False,-1
9072,SINGLE,0,0,1,False,-1
9073,TRIPLE,1,1,1,False,-1
9074,TRIPLE,1,1,1,False,-1
9075,TRIPLE,1,1,1,False,-1
9076,SINGLE,0,0,1,False,-1
9077,TRIPLE,1,1,1,False,-1
9078,TRIPLE,1,1,1,False,-1
9079,TRIPLE,1,1,1,False,-1
9080,DOUBLE,0,1,1,False,-1
9082,TRIPLE,1,1,1,False,-1
9083,TRIPLE,1,1,1,False,-1
9084,TRIPLE,1,1,1,False,-1
9085,TRIPLE,1,1,1,False,-1
9086,DOUBLE,0,1,1,False,-1
9087,TRIPLE,1,1,1,False,-1
9088,TRIPLE,1,1,1,False,-1
9089,DOUBLE,0,1,1,False,-1
9090,TRIPLE,1,1,1,False,-1
9091,TRIPLE,1,1,1,False,-1
9093,TRIPLE,1,1,1,False,-1
9095,DOUBLE,0,1,1,False,-1
9096,SINGLE,0,0,1,False,-1
9097,TRIPLE,1,1,1,False,-1
9098,DOUBLE,0,1,1,False,-1
9100,TRIPLE,1,1,1,False,-1
9101,SINGLE,0,0,1,False,-1
9102,TRIPLE,1,1,1,False,-1
9103,DOUBLE,0,1,1,False,-1
9104,DOUBLE,0,1,1,False,-1
9105,DOUBLE,0,1,1,False,-1
9106,DOUBLE,0,1,1,False,-1
9107,TRIPLE,1,1,1,False,-1
9108,SINGLE,0,0,1,False,-1
9109,TRIPLE,1,1,1,False,-1
9110,TRIPLE,1,1,1,False,-1
9111,TRIPLE,1,1,1,False,-1
9112,DOUBLE,0,1,1,False,-1
9113,DOUBLE,0,1,1,False,-1
9114,TRIPLE,1,1,1,False,-1
9115,SINGLE,0,0,1,False,-1
9116,DOUBLE,0,1,1,False,-1
9117,TRIPLE,1,1,1,False,-1
9118,TRIPLE,1,1,1,False,-1
9119,DOUBLE,0,1,1,False,-1
9121,DOUBLE,0,1,1,False,-1
9122,TRIPLE,1,1,1,False,-1
9123,SINGLE,0,0,1,False,-1
9124,TRIPLE,1,1,1,False,-1
9126,TRIPLE,1,1,1,False,-1
9127,DOUBLE,0,1,1,False,-1
9128,TRIPLE,1,1,1,False,-1
9129,TRIPLE,1,1,1,False,-1
9131,TRIPLE,1,1,1,False,-1
9132,TRIPLE,1,1,1,False,-1
9133,TRIPLE,1,1,1,False,-1
9134,TRIPLE,1,1,1,False,-1
9135,TRIPLE,1,1,1,False,-1
9136,DOUBLE,0,1,1,False,-1
9137,DOUBLE,0,1,1,False,-1
9138,DOUBLE,0,1,1,False,-1
9139,TRIPLE,1,1,1,False,-1
9140,DOUBLE,0,1,1,False,-1
9141,TRIPLE,1,1,1,False,-1
9142,SINGLE,0,0,1,False,-1
9143,SINGLE,0,0,1,False,-1
9144,TRIPLE,1,1,1,False,-1
9145,TRIPLE,1,1,1,False,-1
9146,DOUBLE,0,1,1,False,-1
9147,DOUBLE,0,1,1,False,-1
9148,DOUBLE,0,1,1,False,-1
9149,DOUBLE,0,1,1,False,-1
9150,TRIPLE,1,1,1,False,-1
9151,TRIPLE,1,1,1,False,-1
9152,SINGLE,0,0,1,False,-1
9153,TRIPLE,1,1,1,False,-1
9154,TRIPLE,1,1,1,False,-1
9155,DOUBLE,0,1,1,False,-1
9156,DOUBLE,0,1,1,False,-1
9157,TRIPLE,1,1,1,False,-1
9159,TRIPLE,1,1,1,False,-1
9160,TRIPLE,1,1,1,False,-1
9162,DOUBLE,0,1,1,False,-1
9163,DOUBLE,0,1,1,False,-1
9164,DOUBLE,0,1,1,False,-1
9165,DOUBLE,0,1,1,False,-1
9166,DOUBLE,0,1,1,False,-1
9167,TRIPLE,1,1,1,False,-1
9168,TRIPLE,1,1,1,False,-1
9169,TRIPLE,1,1,1,False,-1
9170,DOUBLE,0,1,1,False,-1
9171,TRIPLE,1,1,1,False,-1
9172,TRIPLE,1,1,1,False,-1
9173,TRIPLE,1,1,1,False,-1
9174,TRIPLE,1,1,1,False,-1
9175,DOUBLE,0,1,1,False,-1
9176,TRIPLE,1,1,1,False,-1
9177,TRIPLE,1,1,1,False,-1
9178,TRIPLE,1,1,1,False,-1
9179,TRIPLE,1,1,1,False,-1
9180,DOUBLE,0,1,1,False,-1
9181,DOUBLE,0,1,1,False,-1
9182,TRIPLE,1,1,1,False,-1
9184,TRIPLE,1,1,1,False,-1
9185,SINGLE,0,0,1,False,-1
9186,DOUBLE,0,1,1,False,-1
9189,SINGLE,0,0,1,False,-1
9190,TRIPLE,1,1,1,False,-1
9191,DOUBLE,0,1,1,False,-1
9192,DOUBLE,0,1,1,False,-1
9193,TRIPLE,1,1,1,False,-1
9194,DOUBLE,0,1,1,False,-1
9195,TRIPLE,1,1,1,False,-1
9196,DOUBLE,0,1,1,False,-1
9197,TRIPLE,1,1,1,False,-1
9198,DOUBLE,0,1,1,False,-1
9200,DOUBLE,0,1,1,False,-1
9201,TRIPLE,1,1,1,False,-1
9202,TRIPLE,1,1,1,False,-1
9203,SINGLE,0,0,1,False,-1
9204,TRIPLE,1,1,1,False,-1
9205,DOUBLE,0,1,1,False,-1
9208,SINGLE,0,0,1,False,-1
9209,TRIPLE,1,1,1,False,-1
9210,DOUBLE,0,1,1,False,-1
9211,DOUBLE,0,1,1,False,-1
9212,DOUBLE,0,1,1,False,-1
9213,DOUBLE,0,1,1,False,-1
9216,DOUBLE,0,1,1,False,-1
9217,SINGLE,0,0,1,False,-1
9219,TRIPLE,1,1,1,False,-1
9220,SINGLE,0,0,1,False,-1
9221,SINGLE,0,0,1,False,-1
9222,DOUBLE,0,1,1,False,-1
9223,DOUBLE,0,1,1,False,-1
9224,TRIPLE,1,1,1,False,-1
9225,TRIPLE,1,1,1,False,-1
9226,TRIPLE,1,1,1,False,-1
9227,TRIPLE,1,1,1,False,-1
9228,SINGLE,0,0,1,False,-1
9229,TRIPLE,1,1,1,False,-1
9230,TRIPLE,1,1,1,False,-1
9231,TRIPLE,1,1,1,False,-1
9232,TRIPLE,1,1,1,False,-1
9233,TRIPLE,1,1,1,False,-1
9234,SINGLE,0,0,1,False,-1
9235,TRIPLE,1,1,1,False,-1
9236,TRIPLE,1,1,1,False,-1
9237,DOUBLE,0,1,1,False,-1
9238,DOUBLE,0,1,1,False,-1
9239,DOUBLE,0,1,1,False,-1
9240,DOUBLE,0,1,1,False,-1
9241,DOUBLE,0,1,1,False,-1
9242,TRIPLE,1,1,1,False,-1
9243,TRIPLE,1,1,1,False,-1
9244,TRIPLE,1,1,1,False,-1
9245,TRIPLE,1,1,1,False,-1
9246,DOUBLE,0,1,1,False,-1
9247,TRIPLE,1,1,1,False,-1
9248,TRIPLE,1,1,1,False,-1
9249,TRIPLE,1,1,1,False,-1
9250,TRIPLE,1,1,1,False,-1
9251,TRIPLE,1,1,1,False,-1
9253,DOUBLE,0,1,1,False,-1
9254,TRIPLE,1,1,1,False,-1
9255,TRIPLE,1,1,1,False,-1
9256,TRIPLE,1,1,1,False,-1
9257,TRIPLE,1,1,1,False,-1
9258,TRIPLE,1,1,1,False,-1
9259,SINGLE,0,0,1,False,-1
9261,TRIPLE,1,1,1,False,-1
9262,TRIPLE,1,1,1,False,-1
9263,TRIPLE,1,1,1,False,-1
9264,DOUBLE,0,1,1,False,-1
9266,TRIPLE,1,1,1,False,-1
9267,TRIPLE,1,1,1,False,-1
9268,TRIPLE,1,1,1,False,-1
9269,DOUBLE,0,1,1,False,-1
9270,DOUBLE,0,1,1,False,-1
9271,TRIPLE,1,1,1,False,-1
9272,TRIPLE,1,1,1,False,-1
9273,TRIPLE,1,1,1,False,-1
9274,TRIPLE,1,1,1,False,-1
9275,TRIPLE,1,1,1,False,-1
9276,TRIPLE,1,1,1,False,-1
9277,TRIPLE,1,1,1,False,-1
9278,SINGLE,0,0,1,False,-1
9280,SINGLE,0,0,1,False,-1
9281,DOUBLE,0,1,1,False,-1
9282,DOUBLE,0,1,1,False,-1
9283,TRIPLE,1,1,1,False,-1
9284,TRIPLE,1,1,1,False,-1
9285,TRIPLE,1,1,1,False,-1
9286,TRIPLE,1,1,1,False,-1
9287,TRIPLE,1,1,1,False,-1
9288,SINGLE,0,0,1,False,-1
9289,TRIPLE,1,1,1,False,-1
9290,SINGLE,0,0,1,False,-1
9291,TRIPLE,1,1,1,False,-1
9293,TRIPLE,1,1,1,False,-1
9294,TRIPLE,1,1,1,False,-1
9296,TRIPLE,1,1,1,False,-1
9297,SINGLE,0,0,1,False,-1
9299,TRIPLE,1,1,1,False,-1
9300,SINGLE,0,0,1,False,-1
9301,DOUBLE,0,1,1,False,-1
9302,TRIPLE,1,1,1,False,-1
9303,SINGLE,0,0,1,False,-1
9304,TRIPLE,1,1,1,False,-1
9306,TRIPLE,1,1,1,False,-1
9307,TRIPLE,1,1,1,False,-1
9308,TRIPLE,1,1,1,False,-1
9309,TRIPLE,1,1,1,False,-1
9310,TRIPLE,1,1,1,False,-1
9311,TRIPLE,1,1,1,False,-1
9312,DOUBLE,0,1,1,False,-1
9313,TRIPLE,1,1,1,False,-1
9314,TRIPLE,1,1,1,False,-1
9315,TRIPLE,1,1,1,False,-1
9317,TRIPLE,1,1,1,False,-1
9318,TRIPLE,1,1,1,False,-1
9319,TRIPLE,1,1,1,False,-1
9320,DOUBLE,0,1,1,False,-1
9321,DOUBLE,0,1,1,False,-1
9322,DOUBLE,0,1,1,False,-1
9323,TRIPLE,1,1,1,False,-1
9324,TRIPLE,1,1,1,False,-1
9325,SINGLE,0,0,1,False,-1
9326,TRIPLE,1,1,1,False,-1
9327,DOUBLE,0,1,1,False,-1
9328,TRIPLE,1,1,1,False,-1
9329,TRIPLE,1,1,1,False,-1
9330,TRIPLE,1,1,1,False,-1
9332,TRIPLE,1,1,1,False,-1
9333,TRIPLE,1,1,1,False,-1
9335,TRIPLE,1,1,1,False,-1
9336,TRIPLE,1,1,1,False,-1
9337,TRIPLE,1,1,1,False,-1
9338,SINGLE,0,0,1,False,-1
9339,DOUBLE,0,1,1,False,-1
9340,TRIPLE,1,1,1,False,-1
9342,DOUBLE,0,1,1,False,-1
9343,DOUBLE,0,1,1,False,-1
9344,TRIPLE,1,1,1,False,-1
9345,TRIPLE,1,1,1,False,-1
9347,TRIPLE,1,1,1,False,-1
9348,DOUBLE,0,1,1,False,-1
9349,SINGLE,0,0,1,False,-1
9350,DOUBLE,0,1,1,False,-1
9351,TRIPLE,1,1,1,False,-1
9352,DOUBLE,0,1,1,False,-1
9353,SINGLE,0,0,1,False,-1
9354,TRIPLE,1,1,1,False,-1
9355,TRIPLE,1,1,1,False,-1
9356,SINGLE,0,0,1,False,-1
9358,TRIPLE,1,1,1,False,-1
9359,SINGLE,0,0,1,False,-1
9360,SINGLE,0,0,1,False,-1
9361,DOUBLE,0,1,1,False,-1
9362,TRIPLE,1,1,1,False,-1
9363,SINGLE,0,0,1,False,-1
9364,DOUBLE,0,1,1,False,-1
9365,DOUBLE,0,1,1,False,-1
9366,TRIPLE,1,1,1,False,-1
9367,TRIPLE,1,1,1,False,-1
9368,TRIPLE,1,1,1,False,-1
9369,DOUBLE,0,1,1,False,-1
9370,DOUBLE,0,1,1,False,-1
9371,DOUBLE,0,1,1,False,-1
9373,TRIPLE,1,1,1,False,-1
9374,TRIPLE,1,1,1,False,-1
9375,DOUBLE,0,1,1,False,-1
9376,TRIPLE,1,1,1,False,-1
9377,SINGLE,0,0,1,False,-1
9378,TRIPLE,1,1,1,False,-1
9379,TRIPLE,1,1,1,False,-1
9380,TRIPLE,1,1,1,False,-1
9381,DOUBLE,0,1,1,False,-1
9382,DOUBLE,0,1,1,False,-1
9383,TRIPLE,1,1,1,False,-1
9384,TRIPLE,1,1,1,False,-1
9385,DOUBLE,0,1,1,False,-1
9386,TRIPLE,1,1,1,False,-1
9388,TRIPLE,1,1,1,False,-1
9389,DOUBLE,0,1,1,False,-1
9390,SINGLE,0,0,1,False,-1
9391,DOUBLE,0,1,1,False,-1
9392,TRIPLE,1,1,1,False,-1
9393,TRIPLE,1,1,1,False,-1
9394,TRIPLE,1,1,1,False,-1
9395,TRIPLE,1,1,1,False,-1
9396,SINGLE,0,0,1,False,-1
9397,TRIPLE,1,1,1,False,-1
9398,TRIPLE,1,1,1,False,-1
9399,TRIPLE,1,1,1,False,-1
9400,TRIPLE,1,1,1,False,-1
9401,TRIPLE,1,1,1,False,-1
9402,DOUBLE,0,1,1,False,-1
9403,DOUBLE,0,1,1,False,-1
9404,TRIPLE,1,1,1,False,-1
9405,TRIPLE,1,1,1,False,-1
9406,SINGLE,0,0,1,False,-1
9407,TRIPLE,1,1,1,False,-1
9408,TRIPLE,1,1,1,False,-1
9409,TRIPLE,1,1,1,False,-1
9410,SINGLE,0,0,1,False,-1
9411,SINGLE,0,0,1,False,-1
9412,TRIPLE,1,1,1,False,-1
9413,SINGLE,0,0,1,False,-1
9414,TRIPLE,1,1,1,False,-1
9417,TRIPLE,1,1,1,False,-1
9418,TRIPLE,1,1,1,False,-1
9419,TRIPLE,1,1,1,False,-1
9420,TRIPLE,1,1,1,False,-1
9421,TRIPLE,1,1,1,False,-1
9422,DOUBLE,0,1,1,False,-1
9423,TRIPLE,1,1,1,False,-1
9424,TRIPLE,1,1,1,False,-1
9425,DOUBLE,0,1,1,False,-1
9426,DOUBLE,0,1,1,False,-1
9427,TRIPLE,1,1,1,False,-1
9428,TRIPLE,1,1,1,False,-1
9430,DOUBLE,0,1,1,False,-1
9431,SINGLE,0,0,1,False,-1
9432,TRIPLE,1,1,1,False,-1
9433,DOUBLE,0,1,1,False,-1
9434,SINGLE,0,0,1,False,-1
9435,DOUBLE,0,1,1,False,-1
9436,TRIPLE,1,1,1,False,-1
9437,DOUBLE,0,1,1,False,-1
9438,TRIPLE,1,1,1,False,-1
9439,TRIPLE,1,1,1,False,-1
9440,TRIPLE,1,1,1,False,-1
9441,DOUBLE,0,1,1,False,-1
9442,DOUBLE,0,1,1,False,-1
9443,DOUBLE,0,1,1,False,-1
9444,DOUBLE,0,1,1,False,-1
9446,TRIPLE,1,1,1,False,-1
9447,DOUBLE,0,1,1,False,-1
9448,TRIPLE,1,1,1,False,-1
9449,DOUBLE,0,1,1,False,-1
9450,SINGLE,0,0,1,False,-1
9451,DOUBLE,0,1,1,False,-1
9452,DOUBLE,0,1,1,False,-1
9453,TRIPLE,1,1,1,False,-1
9454,TRIPLE,1,1,1,False,-1
9456,TRIPLE,1,1,1,False,-1
9457,DOUBLE,0,1,1,False,-1
9458,DOUBLE,0,1,1,False,-1
9459,DOUBLE,0,1,1,False,-1
9460,SINGLE,0,0,1,False,-1
9461,TRIPLE,1,1,1,False,-1
9462,DOUBLE,0,1,1,False,-1
9463,TRIPLE,1,1,1,False,-1
9464,DOUBLE,0,1,1,False,-1
9465,TRIPLE,1,1,1,False,-1
9466,TRIPLE,1,1,1,False,-1
9467,DOUBLE,0,1,1,False,-1
9468,DOUBLE,0,1,1,False,-1
9469,DOUBLE,0,1,1,False,-1
9470,DOUBLE,0,1,1,False,-1
9471,DOUBLE,0,1,1,False,-1
9472,TRIPLE,1,1,1,False,-1
9473,DOUBLE,0,1,1,False,-1
9474,TRIPLE,1,1,1,False,-1
9475,DOUBLE,0,1,1,False,-1
9476,DOUBLE,0,1,1,False,-1
9477,TRIPLE,1,1,1,False,-1
9478,TRIPLE,1,1,1,False,-1
9479,TRIPLE,1,1,1,False,-1
9480,TRIPLE,1,1,1,False,-1
9481,DOUBLE,0,1,1,False,-1
9482,DOUBLE,0,1,1,False,-1
9483,TRIPLE,1,1,1,False,-1
9484,SINGLE,0,0,1,False,-1
9485,DOUBLE,0,1,1,False,-1
9486,SINGLE,0,0,1,False,-1
9487,DOUBLE,0,1,1,False,-1
9488,TRIPLE,1,1,1,False,-1
9489,TRIPLE,1,1,1,False,-1
9490,DOUBLE,0,1,1,False,-1
9491,DOUBLE,0,1,1,False,-1
9492,DOUBLE,0,1,1,False,-1
9493,TRIPLE,1,1,1,False,-1
9494,TRIPLE,1,1,1,False,-1
9496,SINGLE,0,0,1,False,-1
9497,TRIPLE,1,1,1,False,-1
9499,TRIPLE,1,1,1,False,-1
9500,DOUBLE,0,1,1,False,-1
9501,TRIPLE,1,1,1,False,-1
9502,TRIPLE,1,1,1,False,-1
9503,TRIPLE,1,1,1,False,-1
9504,SINGLE,0,0,1,False,-1
9505,SINGLE,0,0,1,False,-1
9506,TRIPLE,1,1,1,False,-1
9507,TRIPLE,1,1,1,False,-1
9508,DOUBLE,0,1,1,False,-1
9509,DOUBLE,0,1,1,False,-1
9510,SINGLE,0,0,1,False,-1
9511,SINGLE,0,0,1,False,-1
9512,SINGLE,0,0,1,False,-1
9514,TRIPLE,1,1,1,False,-1
9515,TRIPLE,1,1,1,False,-1
9516,TRIPLE,1,1,1,False,-1
9517,TRIPLE,1,1,1,False,-1
9518,DOUBLE,0,1,1,False,-1
9519,TRIPLE,1,1,1,False,-1
9520,DOUBLE,0,1,1,False,-1
9521,TRIPLE,1,1,1,False,-1
9522,TRIPLE,1,1,1,False,-1
9523,DOUBLE,0,1,1,False,-1
9524,TRIPLE,1,1,1,False,-1
9525,DOUBLE,0,1,1,False,-1
9526,DOUBLE,0,1,1,False,-1
9527,SINGLE,0,0,1,False,-1
9528,TRIPLE,1,1,1,False,-1
9529,TRIPLE,1,1,1,False,-1
9530,TRIPLE,1,1,1,False,-1
9531,DOUBLE,0,1,1,False,-1
9532,SINGLE,0,0,1,False,-1
9533,DOUBLE,0,1,1,False,-1
9534,DOUBLE,0,1,1,False,-1
9535,TRIPLE,1,1,1,False,-1
9536,TRIPLE,1,1,1,False,-1
9537,SINGLE,0,0,1,False,-1
9538,DOUBLE,0,1,1,False,-1
9539,DOUBLE,0,1,1,False,-1
9540,TRIPLE,1,1,1,False,-1
9541,DOUBLE,0,1,1,False,-1
9542,TRIPLE,1,1,1,False,-1
9543,TRIPLE,1,1,1,False,-1
9544,TRIPLE,1,1,1,False,-1
9545,SINGLE,0,0,1,False,-1
9546,SINGLE,0,0,1,False,-1
9547,TRIPLE,1,1,1,False,-1
9548,TRIPLE,1,1,1,False,-1
9549,DOUBLE,0,1,1,False,-1
9550,DOUBLE,0,1,1,False,-1
9551,DOUBLE,0,1,1,False,-1
9552,DOUBLE,0,1,1,False,-1
9553,SINGLE,0,0,1,False,-1
9555,TRIPLE,1,1,1,False,-1
9556,TRIPLE,1,1,1,False,-1
9557,DOUBLE,0,1,1,False,-1
9558,DOUBLE,0,1,1,False,-1
9560,DOUBLE,0,1,1,False,-1
9561,TRIPLE,1,1,1,False,-1
9562,SINGLE,0,0,1,False,-1
9564,TRIPLE,1,1,1,False,-1
9565,DOUBLE,0,1,1,False,-1
9566,TRIPLE,1,1,1,False,-1
9567,TRIPLE,1,1,1,False,-1
9568,DOUBLE,0,1,1,False,-1
9569,TRIPLE,1,1,1,False,-1
9571,SINGLE,0,0,1,False,-1
9572,TRIPLE,1,1,1,False,-1
9573,DOUBLE,0,1,1,False,-1
9574,DOUBLE,0,1,1,False,-1
9575,DOUBLE,0,1,1,False,-1
9576,TRIPLE,1,1,1,False,-1
9577,DOUBLE,0,1,1,False,-1
9578,DOUBLE,0,1,1,False,-1
9579,TRIPLE,1,1,1,False,-1
9580,TRIPLE,1,1,1,False,-1
9582,TRIPLE,1,1,1,False,-1
9583,SINGLE,0,0,1,False,-1
9584,TRIPLE,1,1,1,False,-1
9585,DOUBLE,0,1,1,False,-1
9586,SINGLE,0,0,1,False,-1
9587,TRIPLE,1,1,1,False,-1
9588,DOUBLE,0,1,1,False,-1
9590,SINGLE,0,0,1,False,-1
9591,TRIPLE,1,1,1,False,-1
9592,DOUBLE,0,1,1,False,-1
9593,DOUBLE,0,1,1,False,-1
9594,TRIPLE,1,1,1,False,-1
9595,DOUBLE,0,1,1,False,-1
9596,DOUBLE,0,1,1,False,-1
9597,DOUBLE,0,1,1,False,-1
9598,TRIPLE,1,1,1,False,-1
9599,SINGLE,0,0,1,False,-1
9600,TRIPLE,1,1,1,False,-1
9601,TRIPLE,1,1,1,False,-1
9602,TRIPLE,1,1,1,False,-1
9603,TRIPLE,1,1,1,False,-1
9605,SINGLE,0,0,1,False,-1
9606,TRIPLE,1,1,1,False,-1
9608,TRIPLE,1,1,1,False,-1
9609,TRIPLE,1,1,1,False,-1
9610,TRIPLE,1,1,1,False,-1
9612,TRIPLE,1,1,1,False,-1
9613,TRIPLE,1,1,1,False,-1
9615,SINGLE,0,0,1,False,-1
9616,TRIPLE,1,1,1,False,-1
9617,TRIPLE,1,1,1,False,-1
9618,DOUBLE,0,1,1,False,-1
9619,DOUBLE,0,1,1,False,-1
9620,DOUBLE,0,1,1,False,-1
9621,DOUBLE,0,1,1,False,-1
9622,DOUBLE,0,1,1,False,-1
9623,TRIPLE,1,1,1,False,-1
9624,TRIPLE,1,1,1,False,-1
9625,TRIPLE,1,1,1,False,-1
9626,DOUBLE,0,1,1,False,-1
9627,DOUBLE,0,1,1,False,-1
9628,TRIPLE,1,1,1,False,-1
9629,TRIPLE,1,1,1,False,-1
9631,TRIPLE,1,1,1,False,-1
9632,DOUBLE,0,1,1,False,-1
9633,DOUBLE,0,1,1,False,-1
9634,TRIPLE,1,1,1,False,-1
9636,DOUBLE,0,1,1,False,-1
9637,TRIPLE,1,1,1,False,-1
9638,TRIPLE,1,1,1,False,-1
9639,SINGLE,0,0,1,False,-1
9640,TRIPLE,1,1,1,False,-1
9641,DOUBLE,0,1,1,False,-1
9643,TRIPLE,1,1,1,False,-1
9644,SINGLE,0,0,1,False,-1
9645,TRIPLE,1,1,1,False,-1
9647,DOUBLE,0,1,1,False,-1
9648,TRIPLE,1,1,1,False,-1
9649,TRIPLE,1,1,1,False,-1
9650,TRIPLE,1,1,1,False,-1
9651,DOUBLE,0,1,1,False,-1
9652,DOUBLE,0,1,1,False,-1
9653,TRIPLE,1,1,1,False,-1
9654,TRIPLE,1,1,1,False,-1
9655,DOUBLE,0,1,1,False,-1
9656,TRIPLE,1,1,1,False,-1
9657,TRIPLE,1,1,1,False,-1
9658,TRIPLE,1,1,1,False,-1
9660,DOUBLE,0,1,1,False,-1
9661,TRIPLE,1,1,1,False,-1
9662,TRIPLE,1,1,1,False,-1
9663,TRIPLE,1,1,1,False,-1
9664,TRIPLE,1,1,1,False,-1
9665,TRIPLE,1,1,1,False,-1
9666,SINGLE,0,0,1,False,-1
9667,TRIPLE,1,1,1,False,-1
9668,TRIPLE,1,1,1,False,-1
9670,TRIPLE,1,1,1,False,-1
9671,TRIPLE,1,1,1,False,-1
9672,TRIPLE,1,1,1,False,-1
9673,DOUBLE,0,1,1,False,-1
9674,TRIPLE,1,1,1,False,-1
9675,TRIPLE,1,1,1,False,-1
9676,TRIPLE,1,1,1,False,-1
9677,TRIPLE,1,1,1,False,-1
9678,TRIPLE,1,1,1,False,-1
9679,TRIPLE,1,1,1,False,-1
9680,TRIPLE,1,1,1,False,-1
9681,TRIPLE,1,1,1,False,-1
9682,DOUBLE,0,1,1,False,-1
9683,TRIPLE,1,1,1,False,-1
9684,SINGLE,0,0,1,False,-1
9685,TRIPLE,1,1,1,False,-1
9686,DOUBLE,0,1,1,False,-1
9687,SINGLE,0,0,1,False,-1
9689,TRIPLE,1,1,1,False,-1
9690,TRIPLE,1,1,1,False,-1
9691,TRIPLE,1,1,1,False,-1
9692,SINGLE,0,0,1,False,-1
9693,DOUBLE,0,1,1,False,-1
9694,TRIPLE,1,1,1,False,-1
9695,DOUBLE,0,1,1,False,-1
9696,SINGLE,0,0,1,False,-1
9698,SINGLE,0,0,1,False,-1
9700,TRIPLE,1,1,1,False,-1
9701,TRIPLE,1,1,1,False,-1
9703,TRIPLE,1,1,1,False,-1
9704,TRIPLE,1,1,1,False,-1
9705,TRIPLE,1,1,1,False,-1
9706,TRIPLE,1,1,1,False,-1
9707,DOUBLE,0,1,1,False,-1
9708,DOUBLE,0,1,1,False,-1
9709,DOUBLE,0,1,1,False,-1
9712,TRIPLE,1,1,1,False,-1
9713,TRIPLE,1,1,1,False,-1
9714,TRIPLE,1,1,1,False,-1
9715,DOUBLE,1,0,1,False,-1
9716,SINGLE,0,0,1,False,-1
9717,TRIPLE,1,1,1,False,-1
9718,TRIPLE,1,1,1,False,-1
9719,TRIPLE,1,1,1,False,-1
9720,SINGLE,0,0,1,False,-1
9721,SINGLE,0,0,1,False,-1
9722,TRIPLE,1,1,1,False,-1
9724,DOUBLE,0,1,1,False,-1
9725,DOUBLE,0,1,1,False,-1
9726,TRIPLE,1,1,1,False,-1
9727,TRIPLE,1,1,1,False,-1
9728,TRIPLE,1,1,1,False,-1
9730,TRIPLE,1,1,1,False,-1
9731,DOUBLE,0,1,1,False,-1
9732,TRIPLE,1,1,1,False,-1
9733,TRIPLE,1,1,1,False,-1
9734,TRIPLE,1,1,1,False,-1
9735,DOUBLE,0,1,1,False,-1
9736,TRIPLE,1,1,1,False,-1
9737,DOUBLE,0,1,1,False,-1
9738,TRIPLE,1,1,1,False,-1
9739,DOUBLE,0,1,1,False,-1
9740,DOUBLE,0,1,1,False,-1
9743,DOUBLE,0,1,1,False,-1
9744,TRIPLE,1,1,1,False,-1
9746,DOUBLE,0,1,1,False,-1
9747,SINGLE,0,0,1,False,-1
9748,SINGLE,0,0,1,False,-1
9749,TRIPLE,1,1,1,False,-1
9750,TRIPLE,1,1,1,False,-1
9751,SINGLE,0,0,1,False,-1
9752,TRIPLE,1,1,1,False,-1
9753,DOUBLE,0,1,1,False,-1
9755,DOUBLE,0,1,1,False,-1
9756,SINGLE,0,0,1,False,-1
9757,TRIPLE,1,1,1,False,-1
9758,TRIPLE,1,1,1,False,-1
9759,DOUBLE,0,1,1,False,-1
9760,TRIPLE,1,1,1,False,-1
9761,DOUBLE,0,1,1,False,-1
9762,SINGLE,0,0,1,False,-1
9763,TRIPLE,1,1,1,False,-1
9764,DOUBLE,0,1,1,False,-1
9765,SINGLE,0,0,1,False,-1
9766,TRIPLE,1,1,1,False,-1
9767,TRIPLE,1,1,1,False,-1
9768,TRIPLE,1,1,1,False,-1
9769,TRIPLE,1,1,1,False,-1
9770,TRIPLE,1,1,1,False,-1
9771,DOUBLE,0,1,1,False,-1
9773,TRIPLE,1,1,1,False,-1
9774,DOUBLE,0,1,1,False,-1
9775,TRIPLE,1,1,1,False,-1
9776,SINGLE,0,0,1,False,-1
9777,SINGLE,0,0,1,False,-1
9778,DOUBLE,0,1,1,False,-1
9779,TRIPLE,1,1,1,False,-1
9780,TRIPLE,1,1,1,False,-1
9781,TRIPLE,1,1,1,False,-1
9782,DOUBLE,0,1,1,False,-1
9783,SINGLE,0,0,1,False,-1
9784,TRIPLE,1,1,1,False,-1
9785,DOUBLE,0,1,1,False,-1
9786,TRIPLE,1,1,1,False,-1
9787,DOUBLE,0,1,1,False,-1
9788,SINGLE,0,0,1,False,-1
9789,SINGLE,0,0,1,False,-1
9790,TRIPLE,1,1,1,False,-1
9791,TRIPLE,1,1,1,False,-1
9793,TRIPLE,1,1,1,False,-1
9794,TRIPLE,1,1,1,False,-1
9796,DOUBLE,0,1,1,False,-1
9797,SINGLE,0,0,1,False,-1
9798,TRIPLE,1,1,1,False,-1
9799,TRIPLE,1,1,1,False,-1
9800,DOUBLE,0,1,1,False,-1
9801,TRIPLE,1,1,1,False,-1
9802,SINGLE,0,0,1,False,-1
9803,TRIPLE,1,1,1,False,-1
9807,TRIPLE,1,1,1,False,-1
9808,SINGLE,0,0,1,False,-1
9809,SINGLE,0,0,1,False,-1
9810,TRIPLE,1,1,1,False,-1
9811,TRIPLE,1,1,1,False,-1
9812,DOUBLE,0,1,1,False,-1
9813,TRIPLE,1,1,1,False,-1
9814,TRIPLE,1,1,1,False,-1
9815,TRIPLE,1,1,1,False,-1
9816,SINGLE,0,0,1,False,-1
9817,DOUBLE,0,1,1,False,-1
9818,TRIPLE,1,1,1,False,-1
9819,TRIPLE,1,1,1,False,-1
9820,DOUBLE,0,1,1,False,-1
9822,DOUBLE,0,1,1,False,-1
9823,SINGLE,0,0,1,False,-1
9826,TRIPLE,1,1,1,False,-1
9827,TRIPLE,1,1,1,False,-1
9828,TRIPLE,1,1,1,False,-1
9830,TRIPLE,1,1,1,False,-1
9831,TRIPLE,1,1,1,False,-1
9832,SINGLE,0,0,1,False,-1
9833,TRIPLE,1,1,1,False,-1
9834,TRIPLE,1,1,1,False,-1
9835,TRIPLE,1,1,1,False,-1
9836,TRIPLE,1,1,1,False,-1
9837,DOUBLE,0,1,1,False,-1
9838,TRIPLE,1,1,1,False,-1
9839,TRIPLE,1,1,1,False,-1
9840,DOUBLE,0,1,1,False,-1
9841,SINGLE,0,0,1,False,-1
9842,TRIPLE,1,1,1,False,-1
9843,DOUBLE,0,1,1,False,-1
9844,TRIPLE,1,1,1,False,-1
9845,TRIPLE,1,1,1,False,-1
9846,TRIPLE,1,1,1,False,-1
9847,TRIPLE,1,1,1,False,-1
9848,TRIPLE,1,1,1,False,-1
9849,TRIPLE,1,1,1,False,-1
9850,SINGLE,0,0,1,False,-1
9852,SINGLE,0,0,1,False,-1
9853,TRIPLE,1,1,1,False,-1
9854,TRIPLE,1,1,1,False,-1
9855,DOUBLE,0,1,1,False,-1
9856,SINGLE,0,0,1,False,-1
9857,TRIPLE,1,1,1,False,-1
9858,TRIPLE,1,1,1,False,-1
9860,TRIPLE,1,1,1,False,-1
9861,TRIPLE,1,1,1,False,-1
9862,TRIPLE,1,1,1,False,-1
9863,TRIPLE,1,1,1,False,-1
9864,TRIPLE,1,1,1,False,-1
9865,DOUBLE,0,1,1,False,-1
9867,TRIPLE,1,1,1,False,-1
9868,SINGLE,0,0,1,False,-1
9870,TRIPLE,1,1,1,False,-1
9871,TRIPLE,1,1,1,False,-1
9872,TRIPLE,1,1,1,False,-1
9874,TRIPLE,1,1,1,False,-1
9875,SINGLE,0,0,1,False,-1
9877,TRIPLE,1,1,1,False,-1
9878,DOUBLE,0,1,1,False,-1
9880,TRIPLE,1,1,1,False,-1
9881,DOUBLE,0,1,1,False,-1
9882,TRIPLE,1,1,1,False,-1
9883,TRIPLE,1,1,1,False,-1
9884,TRIPLE,1,1,1,False,-1
9885,TRIPLE,1,1,1,False,-1
9886,DOUBLE,0,1,1,False,-1
9887,TRIPLE,1,1,1,False,-1
9888,TRIPLE,1,1,1,False,-1
9889,DOUBLE,0,1,1,False,-1
9890,SINGLE,0,0,1,False,-1
9891,TRIPLE,1,1,1,False,-1
9893,TRIPLE,1,1,1,False,-1
9894,DOUBLE,0,1,1,False,-1
9895,DOUBLE,0,1,1,False,-1
9896,TRIPLE,1,1,1,False,-1
9897,SINGLE,0,0,1,False,-1
9898,DOUBLE,0,1,1,False,-1
9899,TRIPLE,1,1,1,False,-1
9900,TRIPLE,1,1,1,False,-1
9901,DOUBLE,0,1,1,False,-1
9902,TRIPLE,1,1,1,False,-1
9903,DOUBLE,0,1,1,False,-1
9904,SINGLE,0,0,1,False,-1
9905,TRIPLE,1,1,1,False,-1
9906,TRIPLE,1,1,1,False,-1
9907,TRIPLE,1,1,1,False,-1
9909,TRIPLE,1,1,1,False,-1
9910,SINGLE,0,0,1,False,-1
9912,SINGLE,0,0,1,False,-1
9913,TRIPLE,1,1,1,False,-1
9914,SINGLE,0,0,1,False,-1
9915,DOUBLE,0,1,1,False,-1
9916,DOUBLE,0,1,1,False,-1
9917,TRIPLE,1,1,1,False,-1
9918,TRIPLE,1,1,1,False,-1
9919,TRIPLE,1,1,1,False,-1
9920,DOUBLE,0,1,1,False,-1
9921,DOUBLE,0,1,1,False,-1
9922,TRIPLE,1,1,1,False,-1
9923,TRIPLE,1,1,1,False,-1
9925,DOUBLE,0,1,1,False,-1
9926,DOUBLE,0,1,1,False,-1
9927,TRIPLE,1,1,1,False,-1
9928,TRIPLE,1,1,1,False,-1
9929,TRIPLE,1,1,1,False,-1
9930,DOUBLE,0,1,1,False,-1
9931,TRIPLE,1,1,1,False,-1
9933,DOUBLE,0,1,1,False,-1
9934,TRIPLE,1,1,1,False,-1
9935,TRIPLE,1,1,1,False,-1
9936,TRIPLE,1,1,1,False,-1
9937,TRIPLE,1,1,1,False,-1
9938,DOUBLE,0,1,1,False,-1
9939,TRIPLE,1,1,1,False,-1
9940,TRIPLE,1,1,1,False,-1
9941,DOUBLE,0,1,1,False,-1
9942,TRIPLE,1,1,1,False,-1
9943,DOUBLE,0,1,1,False,-1
9944,TRIPLE,1,1,1,False,-1
9945,TRIPLE,1,1,1,False,-1
9946,TRIPLE,1,1,1,False,-1
9947,SINGLE,0,0,1,False,-1
9948,DOUBLE,0,1,1,False,-1
9949,SINGLE,0,0,1,False,-1
9950,TRIPLE,1,1,1,False,-1
9951,TRIPLE,1,1,1,False,-1
9952,TRIPLE,1,1,1,False,-1
9954,DOUBLE,0,1,1,False,-1
9955,SINGLE,0,0,1,False,-1
9956,TRIPLE,1,1,1,False,-1
9957,TRIPLE,1,1,1,False,-1
9958,TRIPLE,1,1,1,False,-1
9959,DOUBLE,0,1,1,False,-1
9960,TRIPLE,1,1,1,False,-1
9962,TRIPLE,1,1,1,False,-1
9963,TRIPLE,1,1,1,False,-1
9964,SINGLE,0,0,1,False,-1
9965,TRIPLE,1,1,1,False,-1
9966,TRIPLE,1,1,1,False,-1
9967,TRIPLE,1,1,1,False,-1
9968,TRIPLE,1,1,1,False,-1
9969,DOUBLE,0,1,1,False,-1
9970,TRIPLE,1,1,1,False,-1
9971,DOUBLE,0,1,1,False,-1
9972,DOUBLE,0,1,1,False,-1
9973,TRIPLE,1,1,1,False,-1
9974,TRIPLE,1,1,1,False,-1
9975,SINGLE,0,0,1,False,-1
9976,TRIPLE,1,1,1,False,-1
9977,TRIPLE,1,1,1,False,-1
9978,TRIPLE,1,1,1,False,-1
9979,TRIPLE,1,1,1,False,-1
9980,TRIPLE,1,1,1,False,-1
9981,TRIPLE,1,1,1,False,-1
9982,DOUBLE,0,1,1,False,-1
9983,DOUBLE,0,1,1,False,-1
9984,DOUBLE,0,1,1,False,-1
9985,TRIPLE,1,1,1,False,-1
9986,TRIPLE,1,1,1,False,-1
9988,TRIPLE,1,1,1,False,-1
9989,TRIPLE,1,1,1,False,-1
9991,SINGLE,0,0,1,False,-1
9992,TRIPLE,1,1,1,False,-1
9993,DOUBLE,0,1,1,False,-1
9994,TRIPLE,1,1,1,False,-1
9995,TRIPLE,1,1,1,False,-1
9996,DOUBLE,0,1,1,False,-1
9997,SINGLE,0,0,1,False,-1
9998,TRIPLE,1,1,1,False,-1
9999,TRIPLE,1,1,1,False,-1
