EventID,HitTop,HitMiddle,HitBottom,DecayTime_ns
0,TRIPLE,1,1,1,False,-1
1,DOUBLE,0,1,1,False,-1
2,DOUBLE,0,1,1,False,-1
4,TRIPLE,1,1,1,False,-1
5,TRIPLE,1,1,1,False,-1
7,TRIPLE,1,1,1,False,-1
8,DOUBLE,0,1,1,False,-1
9,DOUBLE,0,1,1,False,-1
10,DOUBLE,0,1,1,False,-1
11,DOUBLE,0,1,1,False,-1
12,TRIPLE,1,1,1,False,-1
13,TRIPLE,1,1,1,False,-1
14,DOUBLE,0,1,1,False,-1
15,DOUBLE,0,1,1,False,-1
16,SINGLE,0,0,1,False,-1
17,DOUBLE,0,1,1,False,-1
18,DOUBLE,0,1,1,False,-1
19,TRIPLE,1,1,1,False,-1
20,SINGLE,0,0,1,False,-1
21,TRIPLE,1,1,1,False,-1
22,TRIPLE,1,1,1,False,-1
23,TRIPLE,1,1,1,False,-1
24,DOUBLE,0,1,1,False,-1
25,DOUBLE,0,1,1,False,-1
26,SINGLE,0,0,1,False,-1
27,TRIPLE,1,1,1,False,-1
28,SINGLE,0,0,1,False,-1
29,SINGLE,0,0,1,False,-1
30,SINGLE,0,0,1,False,-1
31,TRIPLE,1,1,1,False,-1
32,DOUBLE,0,1,1,False,-1
33,TRIPLE,1,1,1,False,-1
34,SINGLE,0,0,1,False,-1
35,SINGLE,0,0,1,False,-1
36,TRIPLE,1,1,1,False,-1
37,TRIPLE,1,1,1,False,-1
38,TRIPLE,1,1,1,False,-1
39,TRIPLE,1,1,1,False,-1
40,TRIPLE,1,1,1,False,-1
41,TRIPLE,1,1,1,False,-1
42,TRIPLE,1,1,1,False,-1
43,TRIPLE,1,1,1,False,-1
44,SINGLE,0,0,1,False,-1
45,SINGLE,0,0,1,False,-1
46,TRIPLE,1,1,1,False,-1
47,DOUBLE,0,1,1,False,-1
48,DOUBLE,0,1,1,False,-1
49,SINGLE,0,0,1,False,-1
50,TRIPLE,1,1,1,False,-1
51,TRIPLE,1,1,1,False,-1
52,TRIPLE,1,1,1,False,-1
53,DOUBLE,0,1,1,False,-1
55,SINGLE,0,0,1,False,-1
56,TRIPLE,1,1,1,False,-1
57,SINGLE,0,0,1,False,-1
58,DOUBLE,0,1,1,False,-1
59,TRIPLE,1,1,1,False,-1
60,TRIPLE,1,1,1,False,-1
61,TRIPLE,1,1,1,False,-1
62,TRIPLE,1,1,1,False,-1
63,DOUBLE,0,1,1,False,-1
64,TRIPLE,1,1,1,False,-1
65,DOUBLE,0,1,1,False,-1
67,SINGLE,0,0,1,False,-1
68,TRIPLE,1,1,1,False,-1
71,SINGLE,0,0,1,False,-1
72,TRIPLE,1,1,1,False,-1
73,TRIPLE,1,1,1,False,-1
74,TRIPLE,1,1,1,False,-1
75,DOUBLE,0,1,1,False,-1
76,DOUBLE,0,1,1,False,-1
77,TRIPLE,1,1,1,False,-1
78,DOUBLE,0,1,1,False,-1
79,TRIPLE,1,1,1,False,-1
80,TRIPLE,1,1,1,False,-1
81,TRIPLE,1,1,1,False,-1
82,SINGLE,0,0,1,False,-1
83,DOUBLE,0,1,1,False,-1
84,TRIPLE,1,1,1,False,-1
85,TRIPLE,1,1,1,False,-1
87,TRIPLE,1,1,1,False,-1
88,TRIPLE,1,1,1,False,-1
89,TRIPLE,1,1,1,False,-1
90,TRIPLE,1,1,1,False,-1
91,SINGLE,0,0,1,False,-1
92,DOUBLE,0,1,1,False,-1
93,DOUBLE,0,1,1,False,-1
94,TRIPLE,1,1,1,False,-1
95,SINGLE,0,0,1,False,-1
96,TRIPLE,1,1,1,False,-1
97,TRIPLE,1,1,1,False,-1
98,TRIPLE,1,1,1,False,-1
100,TRIPLE,1,1,1,False,-1
101,DOUBLE,0,1,1,False,-1
102,TRIPLE,1,1,1,False,-1
103,TRIPLE,1,1,1,False,-1
104,TRIPLE,1,1,1,False,-1
105,DOUBLE,0,1,1,False,-1
106,DOUBLE,0,1,1,False,-1
107,TRIPLE,1,1,1,False,-1
108,TRIPLE,1,1,1,False,-1
109,DOUBLE,0,1,1,False,-1
110,TRIPLE,1,1,1,False,-1
111,SINGLE,0,0,1,False,-1
112,DOUBLE,0,1,1,False,-1
113,TRIPLE,1,1,1,False,-1
114,SINGLE,0,0,1,False,-1
115,TRIPLE,1,1,1,False,-1
116,TRIPLE,1,1,1,False,-1
117,DOUBLE,0,1,1,False,-1
118,DOUBLE,0,1,1,False,-1
119,TRIPLE,1,1,1,False,-1
120,TRIPLE,1,1,1,False,-1
121,DOUBLE,0,1,1,False,-1
122,TRIPLE,1,1,1,False,-1
123,DOUBLE,0,1,1,False,-1
124,TRIPLE,1,1,1,False,-1
125,DOUBLE,0,1,1,False,-1
126,TRIPLE,1,1,1,False,-1
127,TRIPLE,1,1,1,False,-1
128,DOUBLE,0,1,1,False,-1
129,TRIPLE,1,1,1,False,-1
130,TRIPLE,1,1,1,False,-1
131,DOUBLE,0,1,1,False,-1
132,TRIPLE,1,1,1,False,-1
134,TRIPLE,1,1,1,False,-1
135,SINGLE,0,0,1,False,-1
136,DOUBLE,0,1,1,False,-1
137,TRIPLE,1,1,1,False,-1
138,TRIPLE,1,1,1,False,-1
139,DOUBLE,0,1,1,False,-1
140,TRIPLE,1,1,1,False,-1
141,DOUBLE,0,1,1,False,-1
142,TRIPLE,1,1,1,False,-1
143,TRIPLE,1,1,1,False,-1
146,TRIPLE,1,1,1,False,-1
147,TRIPLE,1,1,1,False,-1
148,DOUBLE,0,1,1,False,-1
149,TRIPLE,1,1,1,False,-1
151,TRIPLE,1,1,1,False,-1
152,DOUBLE,0,1,1,False,-1
153,TRIPLE,1,1,1,False,-1
154,TRIPLE,1,1,1,False,-1
155,TRIPLE,1,1,1,False,-1
156,TRIPLE,1,1,1,False,-1
157,TRIPLE,1,1,1,False,-1
158,TRIPLE,1,1,1,False,-1
159,DOUBLE,0,1,1,False,-1
160,TRIPLE,1,1,1,False,-1
161,TRIPLE,1,1,1,False,-1
162,TRIPLE,1,1,1,False,-1
163,DOUBLE,0,1,1,False,-1
164,DOUBLE,0,1,1,False,-1
165,TRIPLE,1,1,1,False,-1
166,TRIPLE,1,1,1,False,-1
168,TRIPLE,1,1,1,False,-1
169,TRIPLE,1,1,1,False,-1
171,TRIPLE,1,1,1,False,-1
172,TRIPLE,1,1,1,False,-1
173,TRIPLE,1,1,1,False,-1
174,DOUBLE,0,1,1,False,-1
175,TRIPLE,1,1,1,False,-1
176,TRIPLE,1,1,1,False,-1
177,TRIPLE,1,1,1,False,-1
178,TRIPLE,1,1,1,False,-1
179,TRIPLE,1,1,1,False,-1
181,DOUBLE,0,1,1,False,-1
182,SINGLE,0,0,1,False,-1
183,TRIPLE,1,1,1,False,-1
184,TRIPLE,1,1,1,False,-1
186,TRIPLE,1,1,1,False,-1
187,DOUBLE,0,1,1,False,-1
188,DOUBLE,0,1,1,False,-1
189,SINGLE,0,0,1,False,-1
190,TRIPLE,1,1,1,False,-1
191,TRIPLE,1,1,1,False,-1
192,TRIPLE,1,1,1,False,-1
193,SINGLE,0,0,1,False,-1
194,TRIPLE,1,1,1,False,-1
195,DOUBLE,0,1,1,False,-1
196,DOUBLE,0,1,1,False,-1
197,DOUBLE,0,1,1,False,-1
198,TRIPLE,1,1,1,False,-1
199,DOUBLE,0,1,1,False,-1
200,DOUBLE,0,1,1,False,-1
201,SINGLE,0,0,1,False,-1
202,DOUBLE,0,1,1,False,-1
203,DOUBLE,0,1,1,False,-1
204,TRIPLE,1,1,1,False,-1
206,TRIPLE,1,1,1,False,-1
207,TRIPLE,1,1,1,False,-1
208,TRIPLE,1,1,1,False,-1
209,TRIPLE,1,1,1,False,-1
210,TRIPLE,1,1,1,False,-1
211,TRIPLE,1,1,1,False,-1
212,TRIPLE,1,1,1,False,-1
213,TRIPLE,1,1,1,False,-1
215,TRIPLE,1,1,1,False,-1
216,TRIPLE,1,1,1,False,-1
217,TRIPLE,1,1,1,False,-1
218,DOUBLE,0,1,1,False,-1
219,TRIPLE,1,1,1,False,-1
220,TRIPLE,1,1,1,False,-1
221,TRIPLE,1,1,1,False,-1
223,DOUBLE,0,1,1,False,-1
225,TRIPLE,1,1,1,False,-1
226,TRIPLE,1,1,1,False,-1
227,SINGLE,0,0,1,False,-1
228,DOUBLE,0,1,1,False,-1
229,DOUBLE,0,1,1,False,-1
231,TRIPLE,1,1,1,False,-1
232,TRIPLE,1,1,1,False,-1
233,DOUBLE,0,1,1,False,-1
234,TRIPLE,1,1,1,False,-1
235,SINGLE,0,0,1,False,-1
237,TRIPLE,1,1,1,False,-1
238,TRIPLE,1,1,1,False,-1
239,TRIPLE,1,1,1,False,-1
240,TRIPLE,1,1,1,False,-1
241,TRIPLE,1,1,1,False,-1
242,DOUBLE,0,1,1,False,-1
243,DOUBLE,0,1,1,False,-1
244,TRIPLE,1,1,1,False,-1
246,TRIPLE,1,1,1,False,-1
247,TRIPLE,1,1,1,False,-1
248,DOUBLE,0,1,1,False,-1
249,DOUBLE,0,1,1,False,-1
250,TRIPLE,1,1,1,False,-1
251,SINGLE,0,0,1,False,-1
253,DOUBLE,0,1,1,False,-1
254,DOUBLE,0,1,1,False,-1
255,TRIPLE,1,1,1,False,-1
256,DOUBLE,0,1,1,False,-1
257,TRIPLE,1,1,1,False,-1
258,DOUBLE,0,1,1,False,-1
259,SINGLE,0,0,1,False,-1
260,TRIPLE,1,1,1,False,-1
261,TRIPLE,1,1,1,False,-1
262,TRIPLE,1,1,1,False,-1
263,TRIPLE,1,1,1,False,-1
264,SINGLE,0,0,1,False,-1
265,TRIPLE,1,1,1,False,-1
267,DOUBLE,0,1,1,False,-1
268,DOUBLE,0,1,1,False,-1
269,TRIPLE,1,1,1,False,-1
270,TRIPLE,1,1,1,False,-1
271,TRIPLE,1,1,1,False,-1
272,TRIPLE,1,1,1,False,-1
273,TRIPLE,1,1,1,False,-1
274,TRIPLE,1,1,1,False,-1
277,DOUBLE,0,1,1,False,-1
278,DOUBLE,0,1,1,False,-1
279,DOUBLE,0,1,1,False,-1
280,TRIPLE,1,1,1,False,-1
281,SINGLE,0,0,1,False,-1
282,TRIPLE,1,1,1,False,-1
283,TRIPLE,1,1,1,False,-1
284,TRIPLE,1,1,1,False,-1
287,TRIPLE,1,1,1,False,-1
288,SINGLE,0,0,1,False,-1
289,DOUBLE,0,1,1,False,-1
290,DOUBLE,0,1,1,False,-1
292,TRIPLE,1,1,1,False,-1
293,DOUBLE,0,1,1,False,-1
294,TRIPLE,1,1,1,False,-1
295,TRIPLE,1,1,1,False,-1
296,DOUBLE,0,1,1,False,-1
297,DOUBLE,0,1,1,False,-1
298,DOUBLE,0,1,1,False,-1
299,DOUBLE,0,1,1,False,-1
300,SINGLE,0,0,1,False,-1
301,TRIPLE,1,1,1,False,-1
302,SINGLE,0,0,1,False,-1
304,SINGLE,0,0,1,False,-1
305,TRIPLE,1,1,1,False,-1
306,SINGLE,0,0,1,False,-1
307,TRIPLE,1,1,1,False,-1
308,TRIPLE,1,1,1,False,-1
309,SINGLE,0,0,1,False,-1
311,DOUBLE,0,1,1,False,-1
313,DOUBLE,0,1,1,False,-1
314,TRIPLE,1,1,1,False,-1
315,TRIPLE,1,1,1,False,-1
317,SINGLE,0,0,1,False,-1
318,TRIPLE,1,1,1,False,-1
319,TRIPLE,1,1,1,False,-1
320,TRIPLE,1,1,1,False,-1
321,DOUBLE,0,1,1,False,-1
322,TRIPLE,1,1,1,False,-1
323,TRIPLE,1,1,1,False,-1
324,SINGLE,0,0,1,False,-1
325,SINGLE,0,0,1,False,-1
326,DOUBLE,0,1,1,False,-1
327,TRIPLE,1,1,1,False,-1
328,DOUBLE,0,1,1,False,-1
330,TRIPLE,1,1,1,False,-1
331,TRIPLE,1,1,1,False,-1
332,TRIPLE,1,1,1,False,-1
333,TRIPLE,1,1,1,False,-1
334,DOUBLE,0,1,1,False,-1
335,TRIPLE,1,1,1,False,-1
336,TRIPLE,1,1,1,False,-1
337,DOUBLE,0,1,1,False,-1
339,TRIPLE,1,1,1,False,-1
340,TRIPLE,1,1,1,False,-1
341,TRIPLE,1,1,1,False,-1
342,TRIPLE,1,1,1,False,-1
343,SINGLE,0,0,1,False,-1
344,TRIPLE,1,1,1,False,-1
345,TRIPLE,1,1,1,False,-1
346,SINGLE,0,0,1,False,-1
347,TRIPLE,1,1,1,False,-1
348,TRIPLE,1,1,1,False,-1
349,SINGLE,0,0,1,False,-1
350,TRIPLE,1,1,1,False,-1
351,DOUBLE,0,1,1,False,-1
352,TRIPLE,1,1,1,False,-1
353,TRIPLE,1,1,1,False,-1
354,TRIPLE,1,1,1,False,-1
355,TRIPLE,1,1,1,False,-1
356,DOUBLE,0,1,1,False,-1
357,DOUBLE,0,1,1,False,-1
358,DOUBLE,0,1,1,False,-1
359,TRIPLE,1,1,1,False,-1
361,DOUBLE,0,1,1,False,-1
362,TRIPLE,1,1,1,False,-1
363,DOUBLE,0,1,1,False,-1
364,TRIPLE,1,1,1,False,-1
365,TRIPLE,1,1,1,False,-1
366,TRIPLE,1,1,1,False,-1
367,TRIPLE,1,1,1,False,-1
368,TRIPLE,1,1,1,False,-1
369,TRIPLE,1,1,1,False,-1
371,TRIPLE,1,1,1,False,-1
372,DOUBLE,0,1,1,False,-1
373,DOUBLE,0,1,1,False,-1
374,TRIPLE,1,1,1,False,-1
375,TRIPLE,1,1,1,False,-1
376,DOUBLE,0,1,1,False,-1
377,TRIPLE,1,1,1,False,-1
378,TRIPLE,1,1,1,False,-1
379,SINGLE,0,0,1,False,-1
380,TRIPLE,1,1,1,False,-1
383,DOUBLE,0,1,1,False,-1
384,TRIPLE,1,1,1,False,-1
385,TRIPLE,1,1,1,False,-1
387,DOUBLE,0,1,1,False,-1
389,TRIPLE,1,1,1,False,-1
390,SINGLE,0,0,1,False,-1
391,DOUBLE,0,1,1,False,-1
392,TRIPLE,1,1,1,False,-1
394,DOUBLE,0,1,1,False,-1
395,TRIPLE,1,1,1,False,-1
396,TRIPLE,1,1,1,False,-1
397,TRIPLE,1,1,1,False,-1
398,TRIPLE,1,1,1,False,-1
399,DOUBLE,0,1,1,False,-1
400,DOUBLE,0,1,1,False,-1
401,TRIPLE,1,1,1,False,-1
402,SINGLE,0,0,1,False,-1
403,SINGLE,0,0,1,False,-1
404,DOUBLE,0,1,1,False,-1
405,TRIPLE,1,1,1,False,-1
406,DOUBLE,0,1,1,False,-1
407,TRIPLE,1,1,1,False,-1
408,SINGLE,0,0,1,False,-1
409,TRIPLE,1,1,1,False,-1
410,TRIPLE,1,1,1,False,-1
412,DOUBLE,0,1,1,False,-1
413,TRIPLE,1,1,1,False,-1
414,DOUBLE,0,1,1,False,-1
415,SINGLE,0,0,1,False,-1
416,SINGLE,0,0,1,False,-1
417,TRIPLE,1,1,1,False,-1
418,DOUBLE,0,1,1,False,-1
419,DOUBLE,0,1,1,False,-1
420,TRIPLE,1,1,1,False,-1
421,TRIPLE,1,1,1,False,-1
422,DOUBLE,0,1,1,False,-1
423,SINGLE,0,0,1,False,-1
424,SINGLE,0,0,1,False,-1
425,DOUBLE,0,1,1,False,-1
426,DOUBLE,0,1,1,False,-1
427,TRIPLE,1,1,1,False,-1
429,DOUBLE,0,1,1,False,-1
430,SINGLE,0,0,1,False,-1
431,TRIPLE,1,1,1,False,-1
434,DOUBLE,0,1,1,False,-1
435,TRIPLE,1,1,1,False,-1
436,TRIPLE,1,1,1,False,-1
437,DOUBLE,0,1,1,False,-1
438,DOUBLE,0,1,1,False,-1
439,DOUBLE,0,1,1,False,-1
440,TRIPLE,1,1,1,False,-1
441,TRIPLE,1,1,1,False,-1
442,TRIPLE,1,1,1,False,-1
443,TRIPLE,1,1,1,False,-1
444,TRIPLE,1,1,1,False,-1
445,TRIPLE,1,1,1,False,-1
446,TRIPLE,1,1,1,False,-1
447,TRIPLE,1,1,1,False,-1
449,DOUBLE,0,1,1,False,-1
450,TRIPLE,1,1,1,False,-1
451,DOUBLE,0,1,1,False,-1
452,TRIPLE,1,1,1,False,-1
454,TRIPLE,1,1,1,False,-1
455,TRIPLE,1,1,1,False,-1
456,DOUBLE,0,1,1,False,-1
457,TRIPLE,1,1,1,False,-1
458,DOUBLE,0,1,1,False,-1
459,DOUBLE,0,1,1,False,-1
460,TRIPLE,1,1,1,False,-1
461,TRIPLE,1,1,1,False,-1
463,DOUBLE,0,1,1,False,-1
464,DOUBLE,0,1,1,False,-1
465,TRIPLE,1,1,1,False,-1
466,TRIPLE,1,1,1,False,-1
467,TRIPLE,1,1,1,False,-1
468,TRIPLE,1,1,1,False,-1
469,TRIPLE,1,1,1,False,-1
470,TRIPLE,1,1,1,False,-1
471,SINGLE,0,0,1,False,-1
472,DOUBLE,0,1,1,False,-1
473,TRIPLE,1,1,1,False,-1
474,DOUBLE,0,1,1,False,-1
475,TRIPLE,1,1,1,False,-1
476,TRIPLE,1,1,1,False,-1
477,TRIPLE,1,1,1,False,-1
478,DOUBLE,0,1,1,False,-1
479,DOUBLE,0,1,1,False,-1
480,SINGLE,0,0,1,False,-1
481,SINGLE,0,0,1,False,-1
482,DOUBLE,0,1,1,False,-1
483,SINGLE,0,0,1,False,-1
484,DOUBLE,0,1,1,False,-1
485,TRIPLE,1,1,1,False,-1
486,SINGLE,0,0,1,False,-1
487,SINGLE,0,0,1,False,-1
488,TRIPLE,1,1,1,False,-1
489,DOUBLE,0,1,1,False,-1
490,DOUBLE,0,1,1,False,-1
491,TRIPLE,1,1,1,False,-1
492,DOUBLE,0,1,1,False,-1
493,TRIPLE,1,1,1,False,-1
494,TRIPLE,1,1,1,False,-1
495,TRIPLE,1,1,1,False,-1
496,DOUBLE,0,1,1,False,-1
497,TRIPLE,1,1,1,False,-1
498,TRIPLE,1,1,1,False,-1
499,DOUBLE,0,1,1,False,-1
500,TRIPLE,1,1,1,False,-1
501,TRIPLE,1,1,1,False,-1
502,TRIPLE,1,1,1,False,-1
503,TRIPLE,1,1,1,False,-1
504,TRIPLE,1,1,1,False,-1
505,TRIPLE,1,1,1,False,-1
507,TRIPLE,1,1,1,False,-1
508,TRIPLE,1,1,1,False,-1
509,DOUBLE,0,1,1,False,-1
510,DOUBLE,0,1,1,False,-1
512,TRIPLE,1,1,1,False,-1
513,TRIPLE,1,1,1,False,-1
514,TRIPLE,1,1,1,False,-1
515,DOUBLE,0,1,1,False,-1
517,TRIPLE,1,1,1,False,-1
518,TRIPLE,1,1,1,False,-1
519,SINGLE,0,0,1,False,-1
520,TRIPLE,1,1,1,False,-1
521,TRIPLE,1,1,1,False,-1
523,TRIPLE,1,1,1,False,-1
524,DOUBLE,0,1,1,False,-1
525,TRIPLE,1,1,1,False,-1
526,TRIPLE,1,1,1,False,-1
527,TRIPLE,1,1,1,False,-1
528,TRIPLE,1,1,1,False,-1
529,TRIPLE,1,1,1,False,-1
530,TRIPLE,1,1,1,False,-1
531,SINGLE,0,0,1,False,-1
532,DOUBLE,0,1,1,False,-1
533,TRIPLE,1,1,1,False,-1
534,SINGLE,0,0,1,False,-1
535,SINGLE,0,0,1,False,-1
537,DOUBLE,0,1,1,False,-1
538,SINGLE,0,0,1,False,-1
539,TRIPLE,1,1,1,False,-1
540,TRIPLE,1,1,1,False,-1
541,TRIPLE,1,1,1,False,-1
543,TRIPLE,1,1,1,False,-1
544,DOUBLE,0,1,1,False,-1
545,DOUBLE,0,1,1,False,-1
547,TRIPLE,1,1,1,False,-1
548,DOUBLE,0,1,1,False,-1
549,TRIPLE,1,1,1,False,-1
550,TRIPLE,1,1,1,False,-1
551,TRIPLE,1,1,1,False,-1
552,TRIPLE,1,1,1,False,-1
553,TRIPLE,1,1,1,False,-1
554,DOUBLE,0,1,1,False,-1
555,SINGLE,0,0,1,False,-1
556,TRIPLE,1,1,1,False,-1
557,SINGLE,0,0,1,False,-1
559,TRIPLE,1,1,1,False,-1
560,TRIPLE,1,1,1,False,-1
561,DOUBLE,0,1,1,False,-1
562,DOUBLE,0,1,1,False,-1
563,TRIPLE,1,1,1,False,-1
564,TRIPLE,1,1,1,False,-1
565,TRIPLE,1,1,1,False,-1
566,DOUBLE,0,1,1,False,-1
567,TRIPLE,1,1,1,False,-1
568,TRIPLE,1,1,1,False,-1
569,TRIPLE,1,1,1,False,-1
570,DOUBLE,0,1,1,False,-1
571,DOUBLE,0,1,1,False,-1
572,SINGLE,0,0,1,False,-1
574,SINGLE,0,0,1,False,-1
575,TRIPLE,1,1,1,False,-1
576,TRIPLE,1,1,1,False,-1
577,TRIPLE,1,1,1,False,-1
578,DOUBLE,0,1,1,False,-1
579,TRIPLE,1,1,1,False,-1
581,TRIPLE,1,1,1,False,-1
582,TRIPLE,1,1,1,False,-1
583,TRIPLE,1,1,1,False,-1
584,DOUBLE,0,1,1,False,-1
585,DOUBLE,0,1,1,False,-1
586,TRIPLE,1,1,1,False,-1
587,DOUBLE,0,1,1,False,-1
588,TRIPLE,1,1,1,False,-1
589,DOUBLE,0,1,1,False,-1
591,TRIPLE,1,1,1,False,-1
592,TRIPLE,1,1,1,False,-1
593,DOUBLE,0,1,1,False,-1
594,TRIPLE,1,1,1,False,-1
596,TRIPLE,1,1,1,False,-1
597,DOUBLE,0,1,1,False,-1
598,SINGLE,0,0,1,False,-1
599,SINGLE,0,0,1,False,-1
600,DOUBLE,0,1,1,False,-1
601,DOUBLE,0,1,1,False,-1
602,TRIPLE,1,1,1,False,-1
603,TRIPLE,1,1,1,False,-1
604,DOUBLE,0,1,1,False,-1
605,TRIPLE,1,1,1,False,-1
607,TRIPLE,1,1,1,False,-1
608,TRIPLE,1,1,1,False,-1
609,TRIPLE,1,1,1,False,-1
610,TRIPLE,1,1,1,False,-1
611,DOUBLE,0,1,1,False,-1
612,SINGLE,0,0,1,False,-1
613,DOUBLE,0,1,1,False,-1
615,TRIPLE,1,1,1,False,-1
616,TRIPLE,1,1,1,False,-1
617,SINGLE,0,0,1,False,-1
618,DOUBLE,0,1,1,False,-1
619,TRIPLE,1,1,1,False,-1
620,DOUBLE,0,1,1,False,-1
621,TRIPLE,1,1,1,False,-1
622,DOUBLE,0,1,1,False,-1
623,DOUBLE,0,1,1,False,-1
624,DOUBLE,0,1,1,False,-1
625,SINGLE,0,0,1,False,-1
626,TRIPLE,1,1,1,False,-1
627,TRIPLE,1,1,1,False,-1
628,TRIPLE,1,1,1,False,-1
629,TRIPLE,1,1,1,False,-1
630,DOUBLE,0,1,1,False,-1
631,TRIPLE,1,1,1,False,-1
632,TRIPLE,1,1,1,False,-1
633,TRIPLE,1,1,1,False,-1
634,TRIPLE,1,1,1,False,-1
635,TRIPLE,1,1,1,False,-1
636,SINGLE,0,0,1,False,-1
637,TRIPLE,1,1,1,False,-1
638,DOUBLE,0,1,1,False,-1
639,TRIPLE,1,1,1,False,-1
641,TRIPLE,1,1,1,False,-1
642,DOUBLE,0,1,1,False,-1
643,TRIPLE,1,1,1,False,-1
644,TRIPLE,1,1,1,False,-1
645,DOUBLE,0,1,1,False,-1
646,DOUBLE,0,1,1,False,-1
647,TRIPLE,1,1,1,False,-1
648,TRIPLE,1,1,1,False,-1
649,SINGLE,0,0,1,False,-1
650,DOUBLE,0,1,1,False,-1
651,DOUBLE,0,1,1,False,-1
652,TRIPLE,1,1,1,False,-1
653,TRIPLE,1,1,1,False,-1
654,TRIPLE,1,1,1,False,-1
655,TRIPLE,1,1,1,False,-1
656,DOUBLE,0,1,1,False,-1
657,SINGLE,0,0,1,False,-1
658,DOUBLE,0,1,1,False,-1
659,TRIPLE,1,1,1,False,-1
661,TRIPLE,1,1,1,False,-1
662,TRIPLE,1,1,1,False,-1
663,TRIPLE,1,1,1,False,-1
664,SINGLE,0,0,1,False,-1
665,SINGLE,0,0,1,False,-1
666,DOUBLE,0,1,1,False,-1
667,TRIPLE,1,1,1,False,-1
668,TRIPLE,1,1,1,False,-1
669,TRIPLE,1,1,1,False,-1
670,TRIPLE,1,1,1,False,-1
671,TRIPLE,1,1,1,False,-1
672,TRIPLE,1,1,1,False,-1
673,DOUBLE,0,1,1,False,-1
674,DOUBLE,0,1,1,False,-1
675,TRIPLE,1,1,1,False,-1
677,TRIPLE,1,1,1,False,-1
678,DOUBLE,0,1,1,False,-1
679,SINGLE,0,0,1,False,-1
680,SINGLE,0,0,1,False,-1
681,DOUBLE,0,1,1,False,-1
682,SINGLE,0,0,1,False,-1
684,TRIPLE,1,1,1,False,-1
685,TRIPLE,1,1,1,False,-1
686,TRIPLE,1,1,1,False,-1
687,TRIPLE,1,1,1,False,-1
688,DOUBLE,0,1,1,False,-1
689,TRIPLE,1,1,1,False,-1
690,TRIPLE,1,1,1,False,-1
691,TRIPLE,1,1,1,False,-1
692,DOUBLE,0,1,1,False,-1
693,TRIPLE,1,1,1,False,-1
694,TRIPLE,1,1,1,False,-1
695,TRIPLE,1,1,1,False,-1
696,TRIPLE,1,1,1,False,-1
697,TRIPLE,1,1,1,False,-1
698,SINGLE,0,0,1,False,-1
699,TRIPLE,1,1,1,False,-1
700,TRIPLE,1,1,1,False,-1
701,SINGLE,0,0,1,False,-1
702,TRIPLE,1,1,1,False,-1
703,DOUBLE,0,1,1,False,-1
704,TRIPLE,1,1,1,False,-1
705,TRIPLE,1,1,1,False,-1
706,TRIPLE,1,1,1,False,-1
707,TRIPLE,1,1,1,False,-1
708,DOUBLE,0,1,1,False,-1
709,SINGLE,0,0,1,False,-1
710,TRIPLE,1,1,1,False,-1
711,DOUBLE,0,1,1,False,-1
712,SINGLE,0,0,1,False,-1
713,TRIPLE,1,1,1,False,-1
714,TRIPLE,1,1,1,False,-1
715,SINGLE,0,0,1,False,-1
716,TRIPLE,1,1,1,False,-1
717,TRIPLE,1,1,1,False,-1
718,TRIPLE,1,1,1,False,-1
719,TRIPLE,1,1,1,False,-1
720,DOUBLE,0,1,1,False,-1
721,TRIPLE,1,1,1,False,-1
722,TRIPLE,1,1,1,False,-1
724,TRIPLE,1,1,1,False,-1
725,DOUBLE,0,1,1,False,-1
726,DOUBLE,0,1,1,False,-1
727,TRIPLE,1,1,1,False,-1
728,TRIPLE,1,1,1,False,-1
730,TRIPLE,1,1,1,False,-1
731,TRIPLE,1,1,1,False,-1
732,TRIPLE,1,1,1,False,-1
734,DOUBLE,0,1,1,False,-1
735,TRIPLE,1,1,1,False,-1
736,TRIPLE,1,1,1,False,-1
737,SINGLE,0,0,1,False,-1
738,DOUBLE,0,1,1,False,-1
740,DOUBLE,0,1,1,False,-1
741,TRIPLE,1,1,1,False,-1
742,DOUBLE,0,1,1,False,-1
744,DOUBLE,0,1,1,False,-1
745,TRIPLE,1,1,1,False,-1
746,TRIPLE,1,1,1,False,-1
747,TRIPLE,1,1,1,False,-1
748,TRIPLE,1,1,1,False,-1
749,TRIPLE,1,1,1,False,-1
750,TRIPLE,1,1,1,False,-1
751,TRIPLE,1,1,1,False,-1
752,TRIPLE,1,1,1,False,-1
754,TRIPLE,1,1,1,False,-1
755,DOUBLE,0,1,1,False,-1
756,TRIPLE,1,1,1,False,-1
757,TRIPLE,1,1,1,False,-1
758,TRIPLE,1,1,1,False,-1
759,DOUBLE,0,1,1,False,-1
760,DOUBLE,0,1,1,False,-1
762,SINGLE,0,0,1,False,-1
763,DOUBLE,0,1,1,False,-1
764,TRIPLE,1,1,1,False,-1
765,DOUBLE,0,1,1,False,-1
766,DOUBLE,0,1,1,False,-1
767,TRIPLE,1,1,1,False,-1
768,TRIPLE,1,1,1,False,-1
769,TRIPLE,1,1,1,False,-1
771,TRIPLE,1,1,1,False,-1
772,TRIPLE,1,1,1,False,-1
773,TRIPLE,1,1,1,False,-1
774,DOUBLE,0,1,1,False,-1
775,DOUBLE,0,1,1,False,-1
776,TRIPLE,1,1,1,False,-1
777,TRIPLE,1,1,1,False,-1
778,SINGLE,0,0,1,False,-1
779,TRIPLE,1,1,1,False,-1
780,DOUBLE,0,1,1,False,-1
782,DOUBLE,0,1,1,False,-1
783,DOUBLE,0,1,1,False,-1
784,DOUBLE,0,1,1,False,-1
785,DOUBLE,0,1,1,False,-1
786,DOUBLE,0,1,1,False,-1
787,TRIPLE,1,1,1,False,-1
788,TRIPLE,1,1,1,False,-1
789,DOUBLE,0,1,1,False,-1
790,TRIPLE,1,1,1,False,-1
791,SINGLE,0,0,1,False,-1
792,TRIPLE,1,1,1,False,-1
793,TRIPLE,1,1,1,False,-1
794,DOUBLE,0,1,1,False,-1
795,SINGLE,0,0,1,False,-1
796,TRIPLE,1,1,1,False,-1
797,TRIPLE,1,1,1,False,-1
798,DOUBLE,0,1,1,False,-1
800,SINGLE,0,0,1,False,-1
802,TRIPLE,1,1,1,False,-1
803,TRIPLE,1,1,1,False,-1
804,SINGLE,0,0,1,False,-1
805,TRIPLE,1,1,1,False,-1
806,TRIPLE,1,1,1,False,-1
807,TRIPLE,1,1,1,False,-1
809,TRIPLE,1,1,1,False,-1
810,TRIPLE,1,1,1,False,-1
811,SINGLE,0,0,1,False,-1
812,TRIPLE,1,1,1,False,-1
814,TRIPLE,1,1,1,False,-1
815,DOUBLE,0,1,1,False,-1
816,TRIPLE,1,1,1,False,-1
817,TRIPLE,1,1,1,False,-1
818,DOUBLE,0,1,1,False,-1
819,TRIPLE,1,1,1,False,-1
820,SINGLE,0,0,1,False,-1
821,TRIPLE,1,1,1,False,-1
822,TRIPLE,1,1,1,False,-1
823,TRIPLE,1,1,1,False,-1
824,DOUBLE,0,1,1,False,-1
825,DOUBLE,0,1,1,False,-1
826,DOUBLE,0,1,1,False,-1
827,TRIPLE,1,1,1,False,-1
828,TRIPLE,1,1,1,False,-1
829,TRIPLE,1,1,1,False,-1
830,DOUBLE,0,1,1,False,-1
831,DOUBLE,0,1,1,False,-1
832,TRIPLE,1,1,1,False,-1
833,DOUBLE,0,1,1,False,-1
834,TRIPLE,1,1,1,False,-1
835,TRIPLE,1,1,1,False,-1
836,TRIPLE,1,1,1,False,-1
837,TRIPLE,1,1,1,False,-1
838,TRIPLE,1,1,1,False,-1
839,TRIPLE,1,1,1,False,-1
840,TRIPLE,1,1,1,False,-1
841,SINGLE,0,0,1,False,-1
842,DOUBLE,0,1,1,False,-1
843,TRIPLE,1,1,1,False,-1
845,DOUBLE,0,1,1,False,-1
847,TRIPLE,1,1,1,False,-1
848,DOUBLE,0,1,1,False,-1
849,TRIPLE,1,1,1,False,-1
850,TRIPLE,1,1,1,False,-1
852,TRIPLE,1,1,1,False,-1
853,TRIPLE,1,1,1,False,-1
854,TRIPLE,1,1,1,False,-1
855,TRIPLE,1,1,1,False,-1
856,TRIPLE,1,1,1,False,-1
857,SINGLE,0,0,1,False,-1
858,SINGLE,0,0,1,False,-1
859,TRIPLE,1,1,1,False,-1
860,TRIPLE,1,1,1,False,-1
861,TRIPLE,1,1,1,False,-1
862,SINGLE,0,0,1,False,-1
863,TRIPLE,1,1,1,False,-1
864,TRIPLE,1,1,1,False,-1
865,SINGLE,0,0,1,False,-1
866,TRIPLE,1,1,1,False,-1
867,TRIPLE,1,1,1,False,-1
868,TRIPLE,1,1,1,False,-1
869,DOUBLE,0,1,1,False,-1
870,TRIPLE,1,1,1,False,-1
871,DOUBLE,0,1,1,False,-1
872,SINGLE,0,0,1,False,-1
873,TRIPLE,1,1,1,False,-1
874,TRIPLE,1,1,1,False,-1
875,TRIPLE,1,1,1,False,-1
876,TRIPLE,1,1,1,False,-1
877,DOUBLE,0,1,1,False,-1
878,TRIPLE,1,1,1,False,-1
879,DOUBLE,0,1,1,False,-1
880,SINGLE,0,0,1,False,-1
881,TRIPLE,1,1,1,False,-1
882,DOUBLE,0,1,1,False,-1
883,TRIPLE,1,1,1,False,-1
884,TRIPLE,1,1,1,False,-1
885,DOUBLE,0,1,1,False,-1
886,DOUBLE,0,1,1,False,-1
887,TRIPLE,1,1,1,False,-1
888,DOUBLE,0,1,1,False,-1
889,TRIPLE,1,1,1,False,-1
890,TRIPLE,1,1,1,False,-1
891,TRIPLE,1,1,1,False,-1
892,TRIPLE,1,1,1,False,-1
893,TRIPLE,1,1,1,False,-1
894,SINGLE,0,0,1,False,-1
895,TRIPLE,1,1,1,False,-1
896,TRIPLE,1,1,1,False,-1
897,DOUBLE,0,1,1,False,-1
898,SINGLE,0,0,1,False,-1
899,SINGLE,0,0,1,False,-1
900,TRIPLE,1,1,1,False,-1
901,TRIPLE,1,1,1,False,-1
903,DOUBLE,0,1,1,False,-1
904,DOUBLE,0,1,1,False,-1
905,SINGLE,0,0,1,False,-1
906,TRIPLE,1,1,1,False,-1
907,TRIPLE,1,1,1,False,-1
908,DOUBLE,0,1,1,False,-1
909,TRIPLE,1,1,1,False,-1
910,DOUBLE,0,1,1,False,-1
911,DOUBLE,0,1,1,False,-1
912,TRIPLE,1,1,1,False,-1
913,SINGLE,0,0,1,False,-1
914,TRIPLE,1,1,1,False,-1
915,DOUBLE,0,1,1,False,-1
916,TRIPLE,1,1,1,False,-1
917,TRIPLE,1,1,1,False,-1
918,TRIPLE,1,1,1,False,-1
919,TRIPLE,1,1,1,False,-1
920,TRIPLE,1,1,1,False,-1
921,DOUBLE,0,1,1,False,-1
922,TRIPLE,1,1,1,False,-1
923,TRIPLE,1,1,1,False,-1
924,SINGLE,0,0,1,False,-1
925,SINGLE,0,0,1,False,-1
926,TRIPLE,1,1,1,False,-1
927,TRIPLE,1,1,1,False,-1
928,TRIPLE,1,1,1,False,-1
930,TRIPLE,1,1,1,False,-1
931,SINGLE,0,0,1,False,-1
932,SINGLE,0,0,1,False,-1
933,TRIPLE,1,1,1,False,-1
934,SINGLE,0,0,1,False,-1
935,SINGLE,0,0,1,False,-1
936,DOUBLE,0,1,1,False,-1
937,DOUBLE,0,1,1,False,-1
938,DOUBLE,0,1,1,False,-1
940,TRIPLE,1,1,1,False,-1
941,DOUBLE,0,1,1,False,-1
942,TRIPLE,1,1,1,False,-1
943,DOUBLE,0,1,1,False,-1
944,TRIPLE,1,1,1,False,-1
945,TRIPLE,1,1,1,False,-1
946,TRIPLE,1,1,1,False,-1
947,DOUBLE,0,1,1,False,-1
948,TRIPLE,1,1,1,False,-1
949,TRIPLE,1,1,1,False,-1
950,TRIPLE,1,1,1,False,-1
951,DOUBLE,0,1,1,False,-1
952,SINGLE,0,0,1,False,-1
954,SINGLE,0,0,1,False,-1
955,TRIPLE,1,1,1,False,-1
956,SINGLE,0,0,1,False,-1
957,TRIPLE,1,1,1,False,-1
958,SINGLE,0,0,1,False,-1
959,TRIPLE,1,1,1,False,-1
960,TRIPLE,1,1,1,False,-1
961,SINGLE,0,0,1,False,-1
962,TRIPLE,1,1,1,False,-1
963,TRIPLE,1,1,1,False,-1
964,SINGLE,0,0,1,False,-1
965,TRIPLE,1,1,1,False,-1
966,SINGLE,0,0,1,False,-1
969,SINGLE,0,0,1,False,-1
970,TRIPLE,1,1,1,False,-1
971,DOUBLE,0,1,1,False,-1
972,TRIPLE,1,1,1,False,-1
973,TRIPLE,1,1,1,False,-1
974,SINGLE,0,0,1,False,-1
976,TRIPLE,1,1,1,False,-1
977,SINGLE,0,0,1,False,-1
978,TRIPLE,1,1,1,False,-1
979,SINGLE,0,0,1,False,-1
982,TRIPLE,1,1,1,False,-1
983,TRIPLE,1,1,1,False,-1
984,TRIPLE,1,1,1,False,-1
985,TRIPLE,1,1,1,False,-1
986,TRIPLE,1,1,1,False,-1
987,TRIPLE,1,1,1,False,-1
988,TRIPLE,1,1,1,False,-1
989,TRIPLE,1,1,1,False,-1
990,DOUBLE,0,1,1,False,-1
991,SINGLE,0,0,1,False,-1
992,TRIPLE,1,1,1,False,-1
994,TRIPLE,1,1,1,False,-1
995,SINGLE,0,0,1,False,-1
996,TRIPLE,1,1,1,False,-1
997,TRIPLE,1,1,1,False,-1
998,TRIPLE,1,1,1,False,-1
999,TRIPLE,1,1,1,False,-1
1000,SINGLE,0,0,1,False,-1
1001,DOUBLE,0,1,1,False,-1
1002,TRIPLE,1,1,1,False,-1
1003,DOUBLE,0,1,1,False,-1
1005,DOUBLE,0,1,1,False,-1
1006,TRIPLE,1,1,1,False,-1
1007,TRIPLE,1,1,1,False,-1
1008,DOUBLE,0,1,1,False,-1
1009,DOUBLE,0,1,1,False,-1
1010,TRIPLE,1,1,1,False,-1
1011,TRIPLE,1,1,1,False,-1
1012,DOUBLE,0,1,1,False,-1
1013,SINGLE,0,0,1,False,-1
1014,SINGLE,0,0,1,False,-1
1015,SINGLE,0,0,1,False,-1
1016,SINGLE,0,0,1,False,-1
1017,TRIPLE,1,1,1,False,-1
1018,TRIPLE,1,1,1,False,-1
1019,TRIPLE,1,1,1,False,-1
1020,SINGLE,0,0,1,False,-1
1021,DOUBLE,0,1,1,False,-1
1022,TRIPLE,1,1,1,False,-1
1024,DOUBLE,0,1,1,False,-1
1025,TRIPLE,1,1,1,False,-1
1026,TRIPLE,1,1,1,False,-1
1027,TRIPLE,1,1,1,False,-1
1028,DOUBLE,0,1,1,False,-1
1029,DOUBLE,0,1,1,False,-1
1030,TRIPLE,1,1,1,False,-1
1031,SINGLE,0,0,1,False,-1
1032,SINGLE,0,0,1,False,-1
1033,SINGLE,0,0,1,False,-1
1034,TRIPLE,1,1,1,False,-1
1035,DOUBLE,0,1,1,False,-1
1036,TRIPLE,1,1,1,False,-1
1037,DOUBLE,0,1,1,False,-1
1038,DOUBLE,0,1,1,False,-1
1039,TRIPLE,1,1,1,False,-1
1040,TRIPLE,1,1,1,False,-1
1041,TRIPLE,1,1,1,False,-1
1042,DOUBLE,0,1,1,False,-1
1044,TRIPLE,1,1,1,False,-1
1045,TRIPLE,1,1,1,False,-1
1046,TRIPLE,1,1,1,False,-1
1048,TRIPLE,1,1,1,False,-1
1049,TRIPLE,1,1,1,False,-1
1052,SINGLE,0,0,1,False,-1
1053,SINGLE,0,0,1,False,-1
1055,TRIPLE,1,1,1,False,-1
1056,TRIPLE,1,1,1,False,-1
1057,TRIPLE,1,1,1,False,-1
1058,DOUBLE,0,1,1,False,-1
1059,TRIPLE,1,1,1,False,-1
1060,TRIPLE,1,1,1,False,-1
1061,TRIPLE,1,1,1,False,-1
1062,SINGLE,0,0,1,False,-1
1063,DOUBLE,0,1,1,False,-1
1064,TRIPLE,1,1,1,False,-1
1065,SINGLE,0,0,1,False,-1
1066,TRIPLE,1,1,1,False,-1
1067,TRIPLE,1,1,1,False,-1
1069,TRIPLE,1,1,1,False,-1
1070,SINGLE,0,0,1,False,-1
1071,TRIPLE,1,1,1,False,-1
1072,DOUBLE,0,1,1,False,-1
1074,SINGLE,0,0,1,False,-1
1075,DOUBLE,0,1,1,False,-1
1076,DOUBLE,0,1,1,False,-1
1077,DOUBLE,0,1,1,False,-1
1078,TRIPLE,1,1,1,False,-1
1079,TRIPLE,1,1,1,False,-1
1081,DOUBLE,0,1,1,False,-1
1082,TRIPLE,1,1,1,False,-1
1083,DOUBLE,0,1,1,False,-1
1084,TRIPLE,1,1,1,False,-1
1085,TRIPLE,1,1,1,False,-1
1086,TRIPLE,1,1,1,False,-1
1088,TRIPLE,1,1,1,False,-1
1089,DOUBLE,0,1,1,False,-1
1091,TRIPLE,1,1,1,False,-1
1092,TRIPLE,1,1,1,False,-1
1093,TRIPLE,1,1,1,False,-1
1094,DOUBLE,0,1,1,False,-1
1095,DOUBLE,0,1,1,False,-1
1096,TRIPLE,1,1,1,False,-1
1097,TRIPLE,1,1,1,False,-1
1098,DOUBLE,0,1,1,False,-1
1099,DOUBLE,0,1,1,False,-1
1100,TRIPLE,1,1,1,False,-1
1101,DOUBLE,0,1,1,False,-1
1102,SINGLE,0,0,1,False,-1
1103,DOUBLE,0,1,1,False,-1
1104,SINGLE,0,0,1,False,-1
1105,TRIPLE,1,1,1,False,-1
1106,TRIPLE,1,1,1,False,-1
1107,TRIPLE,1,1,1,False,-1
1108,TRIPLE,1,1,1,False,-1
1109,TRIPLE,1,1,1,False,-1
1110,TRIPLE,1,1,1,False,-1
1111,SINGLE,0,0,1,False,-1
1112,DOUBLE,0,1,1,False,-1
1113,TRIPLE,1,1,1,False,-1
1114,TRIPLE,1,1,1,False,-1
1115,DOUBLE,0,1,1,False,-1
1116,TRIPLE,1,1,1,False,-1
1118,DOUBLE,0,1,1,False,-1
1119,DOUBLE,0,1,1,False,-1
1120,TRIPLE,1,1,1,False,-1
1121,DOUBLE,0,1,1,False,-1
1122,TRIPLE,1,1,1,False,-1
1123,DOUBLE,0,1,1,False,-1
1124,TRIPLE,1,1,1,False,-1
1125,DOUBLE,0,1,1,False,-1
1126,SINGLE,0,0,1,False,-1
1127,DOUBLE,0,1,1,False,-1
1128,TRIPLE,1,1,1,False,-1
1129,TRIPLE,1,1,1,False,-1
1130,SINGLE,0,0,1,False,-1
1131,SINGLE,0,0,1,False,-1
1133,TRIPLE,1,1,1,False,-1
1135,TRIPLE,1,1,1,False,-1
1137,DOUBLE,0,1,1,False,-1
1139,DOUBLE,0,1,1,False,-1
1140,TRIPLE,1,1,1,False,-1
1141,TRIPLE,1,1,1,False,-1
1143,TRIPLE,1,1,1,False,-1
1144,SINGLE,0,0,1,False,-1
1145,TRIPLE,1,1,1,False,-1
1146,DOUBLE,0,1,1,False,-1
1147,DOUBLE,0,1,1,False,-1
1148,DOUBLE,0,1,1,False,-1
1149,TRIPLE,1,1,1,False,-1
1150,TRIPLE,1,1,1,False,-1
1151,DOUBLE,0,1,1,False,-1
1152,TRIPLE,1,1,1,False,-1
1153,SINGLE,0,0,1,False,-1
1154,DOUBLE,0,1,1,False,-1
1155,TRIPLE,1,1,1,False,-1
1156,DOUBLE,0,1,1,False,-1
1157,TRIPLE,1,1,1,False,-1
1158,DOUBLE,0,1,1,False,-1
1160,TRIPLE,1,1,1,False,-1
1161,TRIPLE,1,1,1,False,-1
1162,SINGLE,0,0,1,False,-1
1163,DOUBLE,0,1,1,False,-1
1164,TRIPLE,1,1,1,False,-1
1165,DOUBLE,0,1,1,False,-1
1166,TRIPLE,1,1,1,False,-1
1167,TRIPLE,1,1,1,False,-1
1168,TRIPLE,1,1,1,False,-1
1169,DOUBLE,0,1,1,False,-1
1170,SINGLE,0,0,1,False,-1
1171,TRIPLE,1,1,1,False,-1
1172,SINGLE,0,0,1,False,-1
1174,DOUBLE,0,1,1,False,-1
1175,SINGLE,0,0,1,False,-1
1176,DOUBLE,0,1,1,False,-1
1178,SINGLE,0,0,1,False,-1
1179,TRIPLE,1,1,1,False,-1
1180,SINGLE,0,0,1,False,-1
1181,TRIPLE,1,1,1,False,-1
1182,TRIPLE,1,1,1,False,-1
1183,DOUBLE,0,1,1,False,-1
1184,DOUBLE,0,1,1,False,-1
1185,TRIPLE,1,1,1,False,-1
1186,TRIPLE,1,1,1,False,-1
1187,SINGLE,0,0,1,False,-1
1188,SINGLE,0,0,1,False,-1
1189,TRIPLE,1,1,1,False,-1
1190,TRIPLE,1,1,1,False,-1
1191,TRIPLE,1,1,1,False,-1
1192,DOUBLE,0,1,1,False,-1
1193,TRIPLE,1,1,1,False,-1
1194,SINGLE,0,0,1,False,-1
1195,TRIPLE,1,1,1,False,-1
1196,DOUBLE,0,1,1,False,-1
1197,TRIPLE,1,1,1,False,-1
1198,DOUBLE,0,1,1,False,-1
1199,TRIPLE,1,1,1,False,-1
1200,TRIPLE,1,1,1,False,-1
1201,TRIPLE,1,1,1,False,-1
1202,DOUBLE,0,1,1,False,-1
1203,TRIPLE,1,1,1,False,-1
1204,SINGLE,0,0,1,False,-1
1206,TRIPLE,1,1,1,False,-1
1207,DOUBLE,0,1,1,False,-1
1208,TRIPLE,1,1,1,False,-1
1209,TRIPLE,1,1,1,False,-1
1210,SINGLE,0,0,1,False,-1
1213,TRIPLE,1,1,1,False,-1
1214,TRIPLE,1,1,1,False,-1
1215,DOUBLE,0,1,1,False,-1
1216,TRIPLE,1,1,1,False,-1
1217,SINGLE,0,0,1,False,-1
1218,SINGLE,0,0,1,False,-1
1219,TRIPLE,1,1,1,False,-1
1220,SINGLE,0,0,1,False,-1
1221,DOUBLE,0,1,1,False,-1
1222,SINGLE,0,0,1,False,-1
1223,DOUBLE,0,1,1,False,-1
1224,DOUBLE,0,1,1,False,-1
1225,DOUBLE,0,1,1,False,-1
1226,TRIPLE,1,1,1,False,-1
1227,TRIPLE,1,1,1,False,-1
1228,DOUBLE,0,1,1,False,-1
1229,DOUBLE,0,1,1,False,-1
1230,DOUBLE,0,1,1,False,-1
1232,DOUBLE,0,1,1,False,-1
1233,TRIPLE,1,1,1,False,-1
1234,TRIPLE,1,1,1,False,-1
1235,DOUBLE,0,1,1,False,-1
1236,DOUBLE,0,1,1,False,-1
1237,TRIPLE,1,1,1,False,-1
1238,TRIPLE,1,1,1,False,-1
1239,DOUBLE,0,1,1,False,-1
1240,DOUBLE,0,1,1,False,-1
1242,DOUBLE,0,1,1,False,-1
1243,SINGLE,0,0,1,False,-1
1244,TRIPLE,1,1,1,False,-1
1246,TRIPLE,1,1,1,False,-1
1247,DOUBLE,0,1,1,False,-1
1248,TRIPLE,1,1,1,False,-1
1249,TRIPLE,1,1,1,False,-1
1250,TRIPLE,1,1,1,False,-1
1251,DOUBLE,0,1,1,False,-1
1252,DOUBLE,0,1,1,False,-1
1253,TRIPLE,1,1,1,False,-1
1254,SINGLE,0,0,1,False,-1
1255,DOUBLE,0,1,1,False,-1
1256,TRIPLE,1,1,1,False,-1
1257,TRIPLE,1,1,1,False,-1
1258,TRIPLE,1,1,1,False,-1
1259,TRIPLE,1,1,1,False,-1
1260,TRIPLE,1,1,1,False,-1
1261,TRIPLE,1,1,1,False,-1
1262,DOUBLE,0,1,1,False,-1
1263,SINGLE,0,0,1,False,-1
1264,TRIPLE,1,1,1,False,-1
1265,TRIPLE,1,1,1,False,-1
1266,DOUBLE,0,1,1,False,-1
1267,TRIPLE,1,1,1,False,-1
1268,DOUBLE,0,1,1,False,-1
1269,TRIPLE,1,1,1,False,-1
1270,DOUBLE,0,1,1,False,-1
1271,DOUBLE,0,1,1,False,-1
1272,SINGLE,0,0,1,False,-1
1274,DOUBLE,0,1,1,False,-1
1276,TRIPLE,1,1,1,False,-1
1277,SINGLE,0,0,1,False,-1
1278,TRIPLE,1,1,1,False,-1
1279,TRIPLE,1,1,1,False,-1
1280,DOUBLE,0,1,1,False,-1
1281,TRIPLE,1,1,1,False,-1
1282,DOUBLE,0,1,1,False,-1
1283,TRIPLE,1,1,1,False,-1
1284,TRIPLE,1,1,1,False,-1
1285,DOUBLE,0,1,1,False,-1
1286,TRIPLE,1,1,1,False,-1
1287,TRIPLE,1,1,1,False,-1
1288,TRIPLE,1,1,1,False,-1
1289,DOUBLE,0,1,1,False,-1
1291,TRIPLE,1,1,1,False,-1
1292,TRIPLE,1,1,1,False,-1
1293,TRIPLE,1,1,1,False,-1
1295,TRIPLE,1,1,1,False,-1
1296,DOUBLE,0,1,1,False,-1
1297,TRIPLE,1,1,1,False,-1
1298,TRIPLE,1,1,1,False,-1
1299,TRIPLE,1,1,1,False,-1
1300,TRIPLE,1,1,1,False,-1
1302,DOUBLE,0,1,1,False,-1
1303,TRIPLE,1,1,1,False,-1
1304,TRIPLE,1,1,1,False,-1
1305,DOUBLE,0,1,1,False,-1
1306,TRIPLE,1,1,1,False,-1
1307,TRIPLE,1,1,1,False,-1
1308,DOUBLE,0,1,1,False,-1
1311,SINGLE,0,0,1,False,-1
1312,SINGLE,0,0,1,False,-1
1313,DOUBLE,0,1,1,False,-1
1314,DOUBLE,0,1,1,False,-1
1316,TRIPLE,1,1,1,False,-1
1317,DOUBLE,0,1,1,False,-1
1318,TRIPLE,1,1,1,False,-1
1319,DOUBLE,0,1,1,False,-1
1320,TRIPLE,1,1,1,False,-1
1321,TRIPLE,1,1,1,False,-1
1322,SINGLE,0,0,1,False,-1
1323,TRIPLE,1,1,1,False,-1
1324,TRIPLE,1,1,1,False,-1
1325,TRIPLE,1,1,1,False,-1
1326,TRIPLE,1,1,1,False,-1
1327,SINGLE,0,0,1,False,-1
1328,DOUBLE,0,1,1,False,-1
1329,TRIPLE,1,1,1,False,-1
1330,TRIPLE,1,1,1,False,-1
1331,DOUBLE,0,1,1,False,-1
1332,SINGLE,0,0,1,False,-1
1333,TRIPLE,1,1,1,False,-1
1334,DOUBLE,0,1,1,False,-1
1335,TRIPLE,1,1,1,False,-1
1336,DOUBLE,0,1,1,False,-1
1337,SINGLE,0,0,1,False,-1
1338,TRIPLE,1,1,1,False,-1
1340,TRIPLE,1,1,1,False,-1
1341,SINGLE,0,0,1,False,-1
1342,DOUBLE,0,1,1,False,-1
1343,TRIPLE,1,1,1,False,-1
1344,SINGLE,0,0,1,False,-1
1345,SINGLE,0,0,1,False,-1
1346,DOUBLE,0,1,1,False,-1
1347,TRIPLE,1,1,1,False,-1
1348,TRIPLE,1,1,1,False,-1
1349,TRIPLE,1,1,1,False,-1
1350,TRIPLE,1,1,1,False,-1
1351,DOUBLE,0,1,1,False,-1
1352,TRIPLE,1,1,1,False,-1
1353,TRIPLE,1,1,1,False,-1
1355,TRIPLE,1,1,1,False,-1
1356,TRIPLE,1,1,1,False,-1
1357,TRIPLE,1,1,1,False,-1
1358,TRIPLE,1,1,1,False,-1
1360,TRIPLE,1,1,1,False,-1
1361,DOUBLE,0,1,1,False,-1
1362,TRIPLE,1,1,1,False,-1
1363,TRIPLE,1,1,1,False,-1
1364,DOUBLE,0,1,1,False,-1
1365,TRIPLE,1,1,1,False,-1
1366,DOUBLE,0,1,1,False,-1
1367,TRIPLE,1,1,1,False,-1
1368,DOUBLE,0,1,1,False,-1
1369,TRIPLE,1,1,1,False,-1
1370,TRIPLE,1,1,1,False,-1
1371,TRIPLE,1,1,1,False,-1
1372,DOUBLE,0,1,1,False,-1
1373,SINGLE,0,0,1,False,-1
1374,TRIPLE,1,1,1,False,-1
1375,TRIPLE,1,1,1,False,-1
1376,DOUBLE,0,1,1,False,-1
1377,TRIPLE,1,1,1,False,-1
1378,TRIPLE,1,1,1,False,-1
1379,DOUBLE,0,1,1,False,-1
1380,DOUBLE,0,1,1,False,-1
1381,DOUBLE,0,1,1,False,-1
1382,TRIPLE,1,1,1,False,-1
1383,TRIPLE,1,1,1,False,-1
1384,DOUBLE,0,1,1,False,-1
1385,DOUBLE,0,1,1,False,-1
1386,TRIPLE,1,1,1,False,-1
1387,TRIPLE,1,1,1,False,-1
1388,DOUBLE,0,1,1,False,-1
1389,DOUBLE,0,1,1,False,-1
1390,DOUBLE,0,1,1,False,-1
1391,SINGLE,0,0,1,False,-1
1392,TRIPLE,1,1,1,False,-1
1394,SINGLE,0,0,1,False,-1
1395,TRIPLE,1,1,1,False,-1
1396,TRIPLE,1,1,1,False,-1
1397,DOUBLE,0,1,1,False,-1
1398,TRIPLE,1,1,1,False,-1
1399,TRIPLE,1,1,1,False,-1
1400,TRIPLE,1,1,1,False,-1
1401,SINGLE,0,0,1,False,-1
1402,SINGLE,0,0,1,False,-1
1403,TRIPLE,1,1,1,False,-1
1404,TRIPLE,1,1,1,False,-1
1405,TRIPLE,1,1,1,False,-1
1406,DOUBLE,0,1,1,False,-1
1407,TRIPLE,1,1,1,False,-1
1408,DOUBLE,0,1,1,False,-1
1409,DOUBLE,0,1,1,False,-1
1410,TRIPLE,1,1,1,False,-1
1411,TRIPLE,1,1,1,False,-1
1413,DOUBLE,0,1,1,False,-1
1414,TRIPLE,1,1,1,False,-1
1415,TRIPLE,1,1,1,False,-1
1417,TRIPLE,1,1,1,False,-1
1418,TRIPLE,1,1,1,False,-1
1419,DOUBLE,0,1,1,False,-1
1420,TRIPLE,1,1,1,False,-1
1421,SINGLE,0,0,1,False,-1
1422,SINGLE,0,0,1,False,-1
1423,TRIPLE,1,1,1,False,-1
1424,DOUBLE,0,1,1,False,-1
1426,SINGLE,0,0,1,False,-1
1427,SINGLE,0,0,1,False,-1
1428,TRIPLE,1,1,1,False,-1
1429,TRIPLE,1,1,1,False,-1
1430,DOUBLE,0,1,1,False,-1
1431,SINGLE,0,0,1,False,-1
1432,SINGLE,0,0,1,False,-1
1433,TRIPLE,1,1,1,False,-1
1434,SINGLE,0,0,1,False,-1
1435,DOUBLE,0,1,1,False,-1
1436,TRIPLE,1,1,1,False,-1
1438,SINGLE,0,0,1,False,-1
1439,TRIPLE,1,1,1,False,-1
1440,SINGLE,0,0,1,False,-1
1441,DOUBLE,0,1,1,False,-1
1444,TRIPLE,1,1,1,False,-1
1445,TRIPLE,1,1,1,False,-1
1446,SINGLE,0,0,1,False,-1
1447,DOUBLE,0,1,1,False,-1
1448,DOUBLE,0,1,1,False,-1
1449,DOUBLE,0,1,1,False,-1
1450,TRIPLE,1,1,1,False,-1
1451,TRIPLE,1,1,1,False,-1
1452,TRIPLE,1,1,1,False,-1
1453,SINGLE,0,0,1,False,-1
1455,SINGLE,0,0,1,False,-1
1456,TRIPLE,1,1,1,False,-1
1458,TRIPLE,1,1,1,False,-1
1459,TRIPLE,1,1,1,False,-1
1460,DOUBLE,0,1,1,False,-1
1461,DOUBLE,0,1,1,False,-1
1462,SINGLE,0,0,1,False,-1
1463,TRIPLE,1,1,1,False,-1
1466,TRIPLE,1,1,1,False,-1
1467,TRIPLE,1,1,1,False,-1
1468,TRIPLE,1,1,1,False,-1
1470,TRIPLE,1,1,1,False,-1
1471,SINGLE,0,0,1,False,-1
1473,TRIPLE,1,1,1,False,-1
1474,TRIPLE,1,1,1,False,-1
1475,TRIPLE,1,1,1,False,-1
1476,SINGLE,0,0,1,False,-1
1477,TRIPLE,1,1,1,False,-1
1478,TRIPLE,1,1,1,False,-1
1479,TRIPLE,1,1,1,False,-1
1480,TRIPLE,1,1,1,False,-1
1481,DOUBLE,0,1,1,False,-1
1482,TRIPLE,1,1,1,False,-1
1483,TRIPLE,1,1,1,False,-1
1484,TRIPLE,1,1,1,False,-1
1486,TRIPLE,1,1,1,False,-1
1487,TRIPLE,1,1,1,False,-1
1489,TRIPLE,1,1,1,False,-1
1490,DOUBLE,0,1,1,False,-1
1491,DOUBLE,0,1,1,False,-1
1492,DOUBLE,0,1,1,False,-1
1493,TRIPLE,1,1,1,False,-1
1494,TRIPLE,1,1,1,False,-1
1495,TRIPLE,1,1,1,False,-1
1496,TRIPLE,1,1,1,False,-1
1497,DOUBLE,0,1,1,False,-1
1498,TRIPLE,1,1,1,False,-1
1501,DOUBLE,0,1,1,False,-1
1502,SINGLE,0,0,1,False,-1
1503,SINGLE,0,0,1,False,-1
1504,TRIPLE,1,1,1,False,-1
1505,TRIPLE,1,1,1,False,-1
1506,SINGLE,0,0,1,False,-1
1508,DOUBLE,0,1,1,False,-1
1510,TRIPLE,1,1,1,False,-1
1511,TRIPLE,1,1,1,False,-1
1512,TRIPLE,1,1,1,False,-1
1513,DOUBLE,0,1,1,False,-1
1514,SINGLE,0,0,1,False,-1
1516,TRIPLE,1,1,1,False,-1
1517,DOUBLE,0,1,1,False,-1
1518,SINGLE,0,0,1,False,-1
1519,TRIPLE,1,1,1,False,-1
1520,TRIPLE,1,1,1,False,-1
1521,TRIPLE,1,1,1,False,-1
1522,TRIPLE,1,1,1,False,-1
1523,TRIPLE,1,1,1,False,-1
1524,DOUBLE,0,1,1,False,-1
1525,DOUBLE,0,1,1,False,-1
1526,DOUBLE,0,1,1,False,-1
1527,SINGLE,0,0,1,False,-1
1528,TRIPLE,1,1,1,False,-1
1530,TRIPLE,1,1,1,False,-1
1531,DOUBLE,0,1,1,False,-1
1532,DOUBLE,0,1,1,False,-1
1533,TRIPLE,1,1,1,False,-1
1534,SINGLE,0,0,1,False,-1
1535,DOUBLE,0,1,1,False,-1
1536,TRIPLE,1,1,1,False,-1
1537,TRIPLE,1,1,1,False,-1
1538,TRIPLE,1,1,1,False,-1
1539,SINGLE,0,0,1,False,-1
1540,TRIPLE,1,1,1,False,-1
1541,SINGLE,0,0,1,False,-1
1542,DOUBLE,0,1,1,False,-1
1543,TRIPLE,1,1,1,False,-1
1544,DOUBLE,0,1,1,False,-1
1545,TRIPLE,1,1,1,False,-1
1546,DOUBLE,0,1,1,False,-1
1547,TRIPLE,1,1,1,False,-1
1549,TRIPLE,1,1,1,False,-1
1550,TRIPLE,1,1,1,False,-1
1551,DOUBLE,0,1,1,False,-1
1553,DOUBLE,0,1,1,False,-1
1554,TRIPLE,1,1,1,False,-1
1555,DOUBLE,0,1,1,False,-1
1556,TRIPLE,1,1,1,False,-1
1557,SINGLE,0,0,1,False,-1
1558,TRIPLE,1,1,1,False,-1
1559,TRIPLE,1,1,1,False,-1
1560,DOUBLE,0,1,1,False,-1
1562,TRIPLE,1,1,1,False,-1
1564,SINGLE,0,0,1,False,-1
1565,SINGLE,0,0,1,False,-1
1566,TRIPLE,1,1,1,False,-1
1567,DOUBLE,0,1,1,False,-1
1568,DOUBLE,0,1,1,False,-1
1569,DOUBLE,0,1,1,False,-1
1570,DOUBLE,0,1,1,False,-1
1571,SINGLE,0,0,1,False,-1
1572,DOUBLE,0,1,1,False,-1
1573,DOUBLE,0,1,1,False,-1
1574,TRIPLE,1,1,1,False,-1
1575,DOUBLE,0,1,1,False,-1
1576,DOUBLE,0,1,1,False,-1
1577,DOUBLE,0,1,1,False,-1
1578,TRIPLE,1,1,1,False,-1
1579,TRIPLE,1,1,1,False,-1
1580,DOUBLE,0,1,1,False,-1
1581,TRIPLE,1,1,1,False,-1
1582,TRIPLE,1,1,1,False,-1
1583,DOUBLE,0,1,1,False,-1
1584,TRIPLE,1,1,1,False,-1
1585,DOUBLE,0,1,1,False,-1
1586,DOUBLE,0,1,1,False,-1
1587,TRIPLE,1,1,1,False,-1
1588,SINGLE,0,0,1,False,-1
1589,TRIPLE,1,1,1,False,-1
1591,TRIPLE,1,1,1,False,-1
1592,TRIPLE,1,1,1,False,-1
1593,SINGLE,0,0,1,False,-1
1594,TRIPLE,1,1,1,False,-1
1595,SINGLE,0,0,1,False,-1
1596,TRIPLE,1,1,1,False,-1
1597,TRIPLE,1,1,1,False,-1
1598,TRIPLE,1,1,1,False,-1
1599,TRIPLE,1,1,1,False,-1
1600,DOUBLE,0,1,1,False,-1
1601,DOUBLE,0,1,1,False,-1
1602,DOUBLE,0,1,1,False,-1
1603,TRIPLE,1,1,1,False,-1
1604,SINGLE,0,0,1,False,-1
1605,TRIPLE,1,1,1,False,-1
1606,TRIPLE,1,1,1,False,-1
1607,SINGLE,0,0,1,False,-1
1608,TRIPLE,1,1,1,False,-1
1609,DOUBLE,0,1,1,False,-1
1610,SINGLE,0,0,1,False,-1
1611,TRIPLE,1,1,1,False,-1
1612,DOUBLE,0,1,1,False,-1
1613,TRIPLE,1,1,1,False,-1
1614,TRIPLE,1,1,1,False,-1
1615,TRIPLE,1,1,1,False,-1
1617,TRIPLE,1,1,1,False,-1
1618,DOUBLE,0,1,1,False,-1
1619,TRIPLE,1,1,1,False,-1
1620,DOUBLE,0,1,1,False,-1
1621,DOUBLE,0,1,1,False,-1
1622,SINGLE,0,0,1,False,-1
1623,TRIPLE,1,1,1,False,-1
1624,TRIPLE,1,1,1,False,-1
1625,DOUBLE,0,1,1,False,-1
1626,DOUBLE,0,1,1,False,-1
1627,TRIPLE,1,1,1,False,-1
1628,TRIPLE,1,1,1,False,-1
1629,TRIPLE,1,1,1,False,-1
1631,DOUBLE,0,1,1,False,-1
1632,DOUBLE,0,1,1,False,-1
1633,TRIPLE,1,1,1,False,-1
1634,DOUBLE,0,1,1,False,-1
1635,TRIPLE,1,1,1,False,-1
1636,SINGLE,0,0,1,False,-1
1637,TRIPLE,1,1,1,False,-1
1638,TRIPLE,1,1,1,False,-1
1639,TRIPLE,1,1,1,False,-1
1640,TRIPLE,1,1,1,False,-1
1641,TRIPLE,1,1,1,False,-1
1642,SINGLE,0,0,1,False,-1
1643,TRIPLE,1,1,1,False,-1
1644,TRIPLE,1,1,1,False,-1
1645,TRIPLE,1,1,1,False,-1
1646,SINGLE,0,0,1,False,-1
1647,TRIPLE,1,1,1,False,-1
1648,TRIPLE,1,1,1,False,-1
1650,TRIPLE,1,1,1,False,-1
1651,TRIPLE,1,1,1,False,-1
1652,TRIPLE,1,1,1,False,-1
1653,DOUBLE,0,1,1,False,-1
1654,TRIPLE,1,1,1,False,-1
1655,TRIPLE,1,1,1,False,-1
1657,DOUBLE,0,1,1,False,-1
1658,TRIPLE,1,1,1,False,-1
1659,SINGLE,0,0,1,False,-1
1660,TRIPLE,1,1,1,False,-1
1661,TRIPLE,1,1,1,False,-1
1662,SINGLE,0,0,1,False,-1
1665,SINGLE,0,0,1,False,-1
1666,TRIPLE,1,1,1,False,-1
1667,TRIPLE,1,1,1,False,-1
1668,TRIPLE,1,1,1,False,-1
1669,TRIPLE,1,1,1,False,-1
1670,TRIPLE,1,1,1,False,-1
1671,TRIPLE,1,1,1,False,-1
1672,TRIPLE,1,1,1,False,-1
1673,TRIPLE,1,1,1,False,-1
1674,DOUBLE,0,1,1,False,-1
1675,SINGLE,0,0,1,False,-1
1676,SINGLE,0,0,1,False,-1
1677,DOUBLE,0,1,1,False,-1
1678,TRIPLE,1,1,1,False,-1
1679,SINGLE,0,0,1,False,-1
1680,TRIPLE,1,1,1,False,-1
1681,TRIPLE,1,1,1,False,-1
1682,SINGLE,0,0,1,False,-1
1684,TRIPLE,1,1,1,False,-1
1685,TRIPLE,1,1,1,False,-1
1686,TRIPLE,1,1,1,False,-1
1689,TRIPLE,1,1,1,False,-1
1690,SINGLE,0,0,1,False,-1
1692,TRIPLE,1,1,1,False,-1
1693,SINGLE,0,0,1,False,-1
1694,DOUBLE,0,1,1,False,-1
1695,TRIPLE,1,1,1,False,-1
1696,DOUBLE,0,1,1,False,-1
1697,DOUBLE,0,1,1,False,-1
1698,DOUBLE,0,1,1,False,-1
1699,DOUBLE,0,1,1,False,-1
1700,DOUBLE,0,1,1,False,-1
1701,TRIPLE,1,1,1,False,-1
1702,TRIPLE,1,1,1,False,-1
1703,TRIPLE,1,1,1,False,-1
1705,DOUBLE,0,1,1,False,-1
1706,DOUBLE,0,1,1,False,-1
1707,DOUBLE,0,1,1,False,-1
1709,DOUBLE,0,1,1,False,-1
1710,DOUBLE,0,1,1,False,-1
1711,TRIPLE,1,1,1,False,-1
1712,DOUBLE,0,1,1,False,-1
1713,DOUBLE,0,1,1,False,-1
1715,TRIPLE,1,1,1,False,-1
1716,TRIPLE,1,1,1,False,-1
1717,SINGLE,0,0,1,False,-1
1718,TRIPLE,1,1,1,False,-1
1719,TRIPLE,1,1,1,False,-1
1720,TRIPLE,1,1,1,False,-1
1721,SINGLE,0,0,1,False,-1
1723,DOUBLE,0,1,1,False,-1
1725,SINGLE,0,0,1,False,-1
1726,TRIPLE,1,1,1,False,-1
1727,DOUBLE,0,1,1,False,-1
1728,TRIPLE,1,1,1,False,-1
1729,DOUBLE,0,1,1,False,-1
1730,TRIPLE,1,1,1,False,-1
1731,TRIPLE,1,1,1,False,-1
1732,TRIPLE,1,1,1,False,-1
1733,DOUBLE,0,1,1,False,-1
1734,DOUBLE,0,1,1,False,-1
1735,TRIPLE,1,1,1,False,-1
1736,DOUBLE,0,1,1,False,-1
1737,TRIPLE,1,1,1,False,-1
1739,TRIPLE,1,1,1,False,-1
1740,TRIPLE,1,1,1,False,-1
1741,SINGLE,0,0,1,False,-1
1742,SINGLE,0,0,1,False,-1
1744,TRIPLE,1,1,1,False,-1
1745,SINGLE,0,0,1,False,-1
1746,TRIPLE,1,1,1,False,-1
1747,TRIPLE,1,1,1,False,-1
1748,SINGLE,0,0,1,False,-1
1749,TRIPLE,1,1,1,False,-1
1750,TRIPLE,1,1,1,False,-1
1751,TRIPLE,1,1,1,False,-1
1752,TRIPLE,1,1,1,False,-1
1753,SINGLE,0,0,1,False,-1
1754,TRIPLE,1,1,1,False,-1
1755,DOUBLE,0,1,1,False,-1
1756,DOUBLE,0,1,1,False,-1
1757,SINGLE,0,0,1,False,-1
1758,TRIPLE,1,1,1,False,-1
1759,TRIPLE,1,1,1,False,-1
1760,SINGLE,0,0,1,False,-1
1761,SINGLE,0,0,1,False,-1
1762,SINGLE,0,0,1,False,-1
1763,TRIPLE,1,1,1,False,-1
1764,SINGLE,0,0,1,False,-1
1766,DOUBLE,0,1,1,False,-1
1767,DOUBLE,0,1,1,False,-1
1768,TRIPLE,1,1,1,False,-1
1769,TRIPLE,1,1,1,False,-1
1770,TRIPLE,1,1,1,False,-1
1771,DOUBLE,0,1,1,False,-1
1772,TRIPLE,1,1,1,False,-1
1774,TRIPLE,1,1,1,False,-1
1776,TRIPLE,1,1,1,False,-1
1777,TRIPLE,1,1,1,False,-1
1778,TRIPLE,1,1,1,False,-1
1779,TRIPLE,1,1,1,False,-1
1780,SINGLE,0,0,1,False,-1
1781,TRIPLE,1,1,1,False,-1
1783,SINGLE,0,0,1,False,-1
1784,DOUBLE,0,1,1,False,-1
1785,SINGLE,0,0,1,False,-1
1786,TRIPLE,1,1,1,False,-1
1787,TRIPLE,1,1,1,False,-1
1789,SINGLE,0,0,1,False,-1
1790,DOUBLE,0,1,1,False,-1
1791,DOUBLE,0,1,1,False,-1
1792,DOUBLE,0,1,1,False,-1
1793,TRIPLE,1,1,1,False,-1
1794,TRIPLE,1,1,1,False,-1
1795,SINGLE,0,0,1,False,-1
1796,TRIPLE,1,1,1,False,-1
1797,DOUBLE,0,1,1,False,-1
1798,TRIPLE,1,1,1,False,-1
1799,TRIPLE,1,1,1,False,-1
1800,TRIPLE,1,1,1,False,-1
1801,DOUBLE,0,1,1,False,-1
1802,SINGLE,0,0,1,False,-1
1803,TRIPLE,1,1,1,False,-1
1804,TRIPLE,1,1,1,False,-1
1805,TRIPLE,1,1,1,False,-1
1807,TRIPLE,1,1,1,False,-1
1808,DOUBLE,0,1,1,False,-1
1809,DOUBLE,0,1,1,False,-1
1810,SINGLE,0,0,1,False,-1
1811,SINGLE,0,0,1,False,-1
1812,DOUBLE,0,1,1,False,-1
1813,DOUBLE,0,1,1,False,-1
1814,TRIPLE,1,1,1,False,-1
1815,TRIPLE,1,1,1,False,-1
1816,TRIPLE,1,1,1,False,-1
1817,SINGLE,0,0,1,False,-1
1818,TRIPLE,1,1,1,False,-1
1819,TRIPLE,1,1,1,False,-1
1820,TRIPLE,1,1,1,False,-1
1821,TRIPLE,1,1,1,False,-1
1822,SINGLE,0,0,1,False,-1
1823,TRIPLE,1,1,1,False,-1
1824,TRIPLE,1,1,1,False,-1
1825,TRIPLE,1,1,1,False,-1
1827,DOUBLE,0,1,1,False,-1
1828,TRIPLE,1,1,1,False,-1
1829,DOUBLE,0,1,1,False,-1
1830,DOUBLE,0,1,1,False,-1
1831,TRIPLE,1,1,1,False,-1
1832,TRIPLE,1,1,1,False,-1
1834,TRIPLE,1,1,1,False,-1
1835,TRIPLE,1,1,1,False,-1
1836,TRIPLE,1,1,1,False,-1
1837,SINGLE,0,0,1,False,-1
1838,DOUBLE,0,1,1,False,-1
1839,TRIPLE,1,1,1,False,-1
1840,DOUBLE,0,1,1,False,-1
1841,TRIPLE,1,1,1,False,-1
1842,TRIPLE,1,1,1,False,-1
1843,SINGLE,0,0,1,False,-1
1845,DOUBLE,0,1,1,False,-1
1846,SINGLE,0,0,1,False,-1
1848,TRIPLE,1,1,1,False,-1
1849,SINGLE,0,0,1,False,-1
1850,TRIPLE,1,1,1,False,-1
1851,DOUBLE,0,1,1,False,-1
1852,TRIPLE,1,1,1,False,-1
1853,TRIPLE,1,1,1,False,-1
1855,TRIPLE,1,1,1,False,-1
1856,TRIPLE,1,1,1,False,-1
1857,TRIPLE,1,1,1,False,-1
1858,DOUBLE,0,1,1,False,-1
1859,TRIPLE,1,1,1,False,-1
1860,TRIPLE,1,1,1,False,-1
1861,SINGLE,0,0,1,False,-1
1862,TRIPLE,1,1,1,False,-1
1863,TRIPLE,1,1,1,False,-1
1865,TRIPLE,1,1,1,False,-1
1866,SINGLE,0,0,1,False,-1
1868,TRIPLE,1,1,1,False,-1
1869,TRIPLE,1,1,1,False,-1
1870,DOUBLE,0,1,1,False,-1
1871,SINGLE,0,0,1,False,-1
1874,DOUBLE,0,1,1,False,-1
1875,TRIPLE,1,1,1,False,-1
1876,TRIPLE,1,1,1,False,-1
1877,TRIPLE,1,1,1,False,-1
1878,DOUBLE,0,1,1,False,-1
1879,TRIPLE,1,1,1,False,-1
1880,TRIPLE,1,1,1,False,-1
1881,TRIPLE,1,1,1,False,-1
1882,TRIPLE,1,1,1,False,-1
1883,SINGLE,0,0,1,False,-1
1884,DOUBLE,0,1,1,False,-1
1885,DOUBLE,0,1,1,False,-1
1888,SINGLE,0,0,1,False,-1
1889,DOUBLE,0,1,1,False,-1
1890,TRIPLE,1,1,1,False,-1
1891,TRIPLE,1,1,1,False,-1
1892,TRIPLE,1,1,1,False,-1
1894,DOUBLE,0,1,1,False,-1
1895,TRIPLE,1,1,1,False,-1
1896,TRIPLE,1,1,1,False,-1
1897,DOUBLE,0,1,1,False,-1
1898,DOUBLE,0,1,1,False,-1
1900,TRIPLE,1,1,1,False,-1
1901,TRIPLE,1,1,1,False,-1
1902,DOUBLE,0,1,1,False,-1
1904,TRIPLE,1,1,1,False,-1
1905,TRIPLE,1,1,1,False,-1
1906,TRIPLE,1,1,1,False,-1
1907,SINGLE,0,0,1,False,-1
1908,TRIPLE,1,1,1,False,-1
1909,SINGLE,0,0,1,False,-1
1910,TRIPLE,1,1,1,False,-1
1911,SINGLE,0,0,1,False,-1
1912,TRIPLE,1,1,1,False,-1
1913,DOUBLE,0,1,1,False,-1
1915,TRIPLE,1,1,1,False,-1
1916,SINGLE,0,0,1,False,-1
1917,DOUBLE,0,1,1,False,-1
1918,TRIPLE,1,1,1,False,-1
1919,TRIPLE,1,1,1,False,-1
1921,TRIPLE,1,1,1,False,-1
1923,DOUBLE,0,1,1,False,-1
1924,DOUBLE,0,1,1,False,-1
1925,SINGLE,0,0,1,False,-1
1926,DOUBLE,0,1,1,False,-1
1928,DOUBLE,0,1,1,False,-1
1929,TRIPLE,1,1,1,False,-1
1930,TRIPLE,1,1,1,False,-1
1931,TRIPLE,1,1,1,False,-1
1933,DOUBLE,0,1,1,False,-1
1935,DOUBLE,0,1,1,False,-1
1936,TRIPLE,1,1,1,False,-1
1939,DOUBLE,0,1,1,False,-1
1940,DOUBLE,0,1,1,False,-1
1941,SINGLE,0,0,1,False,-1
1942,SINGLE,0,0,1,False,-1
1943,TRIPLE,1,1,1,False,-1
1944,TRIPLE,1,1,1,False,-1
1945,TRIPLE,1,1,1,False,-1
1946,TRIPLE,1,1,1,False,-1
1947,DOUBLE,0,1,1,False,-1
1948,TRIPLE,1,1,1,False,-1
1949,TRIPLE,1,1,1,False,-1
1950,DOUBLE,0,1,1,False,-1
1951,SINGLE,0,0,1,False,-1
1952,TRIPLE,1,1,1,False,-1
1953,TRIPLE,1,1,1,False,-1
1954,DOUBLE,0,1,1,False,-1
1955,DOUBLE,0,1,1,False,-1
1956,TRIPLE,1,1,1,False,-1
1957,DOUBLE,0,1,1,False,-1
1958,TRIPLE,1,1,1,False,-1
1960,TRIPLE,1,1,1,False,-1
1961,DOUBLE,0,1,1,False,-1
1962,TRIPLE,1,1,1,False,-1
1963,TRIPLE,1,1,1,False,-1
1964,DOUBLE,0,1,1,False,-1
1965,DOUBLE,0,1,1,False,-1
1966,TRIPLE,1,1,1,False,-1
1967,DOUBLE,0,1,1,False,-1
1968,TRIPLE,1,1,1,False,-1
1969,DOUBLE,0,1,1,False,-1
1971,DOUBLE,0,1,1,False,-1
1972,SINGLE,0,0,1,False,-1
1973,TRIPLE,1,1,1,False,-1
1974,TRIPLE,1,1,1,False,-1
1976,TRIPLE,1,1,1,False,-1
1978,TRIPLE,1,1,1,False,-1
1979,DOUBLE,0,1,1,False,-1
1980,DOUBLE,0,1,1,False,-1
1981,SINGLE,0,0,1,False,-1
1983,DOUBLE,0,1,1,False,-1
1984,TRIPLE,1,1,1,False,-1
1985,DOUBLE,0,1,1,False,-1
1986,TRIPLE,1,1,1,False,-1
1987,TRIPLE,1,1,1,False,-1
1988,TRIPLE,1,1,1,False,-1
1989,TRIPLE,1,1,1,False,-1
1990,TRIPLE,1,1,1,False,-1
1991,DOUBLE,0,1,1,False,-1
1992,DOUBLE,0,1,1,False,-1
1993,TRIPLE,1,1,1,False,-1
1994,TRIPLE,1,1,1,False,-1
1995,TRIPLE,1,1,1,False,-1
1996,TRIPLE,1,1,1,False,-1
1997,TRIPLE,1,1,1,False,-1
1998,TRIPLE,1,1,1,False,-1
1999,DOUBLE,0,1,1,False,-1
2000,TRIPLE,1,1,1,False,-1
2001,SINGLE,0,0,1,False,-1
2002,TRIPLE,1,1,1,False,-1
2003,TRIPLE,1,1,1,False,-1
2005,DOUBLE,0,1,1,False,-1
2006,TRIPLE,1,1,1,False,-1
2007,DOUBLE,0,1,1,False,-1
2008,SINGLE,0,0,1,False,-1
2009,TRIPLE,1,1,1,False,-1
2010,TRIPLE,1,1,1,False,-1
2011,TRIPLE,1,1,1,False,-1
2012,TRIPLE,1,1,1,False,-1
2013,TRIPLE,1,1,1,False,-1
2014,TRIPLE,1,1,1,False,-1
2015,SINGLE,0,0,1,False,-1
2017,SINGLE,0,0,1,False,-1
2018,DOUBLE,0,1,1,False,-1
2019,DOUBLE,0,1,1,False,-1
2020,TRIPLE,1,1,1,False,-1
2021,DOUBLE,0,1,1,False,-1
2022,TRIPLE,1,1,1,False,-1
2023,TRIPLE,1,1,1,False,-1
2024,SINGLE,0,0,1,False,-1
2025,DOUBLE,0,1,1,False,-1
2026,SINGLE,0,0,1,False,-1
2027,TRIPLE,1,1,1,False,-1
2028,SINGLE,0,0,1,False,-1
2029,TRIPLE,1,1,1,False,-1
2030,DOUBLE,0,1,1,False,-1
2031,DOUBLE,0,1,1,False,-1
2032,TRIPLE,1,1,1,False,-1
2033,TRIPLE,1,1,1,False,-1
2035,TRIPLE,1,1,1,False,-1
2036,TRIPLE,1,1,1,False,-1
2037,TRIPLE,1,1,1,False,-1
2038,DOUBLE,0,1,1,False,-1
2039,TRIPLE,1,1,1,False,-1
2041,TRIPLE,1,1,1,False,-1
2042,TRIPLE,1,1,1,False,-1
2043,DOUBLE,0,1,1,False,-1
2044,SINGLE,0,0,1,False,-1
2046,SINGLE,0,0,1,False,-1
2047,DOUBLE,0,1,1,False,-1
2048,TRIPLE,1,1,1,False,-1
2049,DOUBLE,0,1,1,False,-1
2050,TRIPLE,1,1,1,False,-1
2051,DOUBLE,0,1,1,False,-1
2052,TRIPLE,1,1,1,False,-1
2053,SINGLE,0,0,1,False,-1
2054,TRIPLE,1,1,1,False,-1
2055,SINGLE,0,0,1,False,-1
2056,TRIPLE,1,1,1,False,-1
2057,DOUBLE,0,1,1,False,-1
2058,TRIPLE,1,1,1,False,-1
2059,SINGLE,0,0,1,False,-1
2060,DOUBLE,0,1,1,False,-1
2061,TRIPLE,1,1,1,False,-1
2062,TRIPLE,1,1,1,False,-1
2063,TRIPLE,1,1,1,False,-1
2064,TRIPLE,1,1,1,False,-1
2065,TRIPLE,1,1,1,False,-1
2066,TRIPLE,1,1,1,False,-1
2067,TRIPLE,1,1,1,False,-1
2068,TRIPLE,1,1,1,False,-1
2069,DOUBLE,0,1,1,False,-1
2070,SINGLE,0,0,1,False,-1
2072,TRIPLE,1,1,1,False,-1
2073,TRIPLE,1,1,1,False,-1
2074,TRIPLE,1,1,1,False,-1
2075,SINGLE,0,0,1,False,-1
2076,TRIPLE,1,1,1,False,-1
2077,TRIPLE,1,1,1,False,-1
2078,TRIPLE,1,1,1,False,-1
2079,DOUBLE,0,1,1,False,-1
2080,DOUBLE,0,1,1,False,-1
2081,TRIPLE,1,1,1,False,-1
2082,TRIPLE,1,1,1,False,-1
2083,DOUBLE,0,1,1,False,-1
2084,TRIPLE,1,1,1,False,-1
2085,TRIPLE,1,1,1,False,-1
2086,DOUBLE,0,1,1,False,-1
2087,TRIPLE,1,1,1,False,-1
2088,TRIPLE,1,1,1,False,-1
2089,DOUBLE,0,1,1,False,-1
2090,DOUBLE,0,1,1,False,-1
2091,TRIPLE,1,1,1,False,-1
2092,TRIPLE,1,1,1,False,-1
2093,DOUBLE,0,1,1,False,-1
2094,SINGLE,0,0,1,False,-1
2095,TRIPLE,1,1,1,False,-1
2096,TRIPLE,1,1,1,False,-1
2097,SINGLE,0,0,1,False,-1
2099,SINGLE,0,0,1,False,-1
2100,TRIPLE,1,1,1,False,-1
2101,TRIPLE,1,1,1,False,-1
2102,TRIPLE,1,1,1,False,-1
2103,TRIPLE,1,1,1,False,-1
2104,TRIPLE,1,1,1,False,-1
2105,DOUBLE,0,1,1,False,-1
2106,TRIPLE,1,1,1,False,-1
2107,TRIPLE,1,1,1,False,-1
2108,SINGLE,0,0,1,False,-1
2109,TRIPLE,1,1,1,False,-1
2110,DOUBLE,0,1,1,False,-1
2111,TRIPLE,1,1,1,False,-1
2112,TRIPLE,1,1,1,False,-1
2113,DOUBLE,0,1,1,False,-1
2114,DOUBLE,0,1,1,False,-1
2115,TRIPLE,1,1,1,False,-1
2116,TRIPLE,1,1,1,False,-1
2117,DOUBLE,0,1,1,False,-1
2118,TRIPLE,1,1,1,False,-1
2119,TRIPLE,1,1,1,False,-1
2121,TRIPLE,1,1,1,False,-1
2122,TRIPLE,1,1,1,False,-1
2123,DOUBLE,0,1,1,False,-1
2124,DOUBLE,0,1,1,False,-1
2125,TRIPLE,1,1,1,False,-1
2126,SINGLE,0,0,1,False,-1
2127,TRIPLE,1,1,1,False,-1
2128,DOUBLE,0,1,1,False,-1
2129,TRIPLE,1,1,1,False,-1
2130,SINGLE,0,0,1,False,-1
2131,TRIPLE,1,1,1,False,-1
2132,DOUBLE,0,1,1,False,-1
2133,TRIPLE,1,1,1,False,-1
2134,DOUBLE,0,1,1,False,-1
2135,DOUBLE,0,1,1,False,-1
2137,TRIPLE,1,1,1,False,-1
2138,TRIPLE,1,1,1,False,-1
2139,TRIPLE,1,1,1,False,-1
2140,TRIPLE,1,1,1,False,-1
2141,DOUBLE,0,1,1,False,-1
2142,TRIPLE,1,1,1,False,-1
2143,DOUBLE,0,1,1,False,-1
2144,TRIPLE,1,1,1,False,-1
2145,TRIPLE,1,1,1,False,-1
2146,TRIPLE,1,1,1,False,-1
2147,DOUBLE,0,1,1,False,-1
2148,TRIPLE,1,1,1,False,-1
2149,DOUBLE,0,1,1,False,-1
2150,TRIPLE,1,1,1,False,-1
2151,DOUBLE,0,1,1,False,-1
2153,DOUBLE,0,1,1,False,-1
2154,SINGLE,0,0,1,False,-1
2155,DOUBLE,0,1,1,False,-1
2156,DOUBLE,0,1,1,False,-1
2157,SINGLE,0,0,1,False,-1
2158,TRIPLE,1,1,1,False,-1
2159,TRIPLE,1,1,1,False,-1
2160,DOUBLE,0,1,1,False,-1
2161,DOUBLE,0,1,1,False,-1
2162,TRIPLE,1,1,1,False,-1
2163,TRIPLE,1,1,1,False,-1
2164,DOUBLE,0,1,1,False,-1
2165,TRIPLE,1,1,1,False,-1
2166,TRIPLE,1,1,1,False,-1
2168,TRIPLE,1,1,1,False,-1
2169,TRIPLE,1,1,1,False,-1
2170,TRIPLE,1,1,1,False,-1
2171,TRIPLE,1,1,1,False,-1
2172,SINGLE,0,0,1,False,-1
2173,SINGLE,0,0,1,False,-1
2174,DOUBLE,0,1,1,False,-1
2175,TRIPLE,1,1,1,False,-1
2176,DOUBLE,0,1,1,False,-1
2178,DOUBLE,0,1,1,False,-1
2179,DOUBLE,0,1,1,False,-1
2180,SINGLE,0,0,1,False,-1
2181,TRIPLE,1,1,1,False,-1
2182,SINGLE,0,0,1,False,-1
2183,TRIPLE,1,1,1,False,-1
2184,DOUBLE,0,1,1,False,-1
2185,DOUBLE,0,1,1,False,-1
2186,TRIPLE,1,1,1,False,-1
2187,TRIPLE,1,1,1,False,-1
2188,SINGLE,0,0,1,False,-1
2189,DOUBLE,0,1,1,False,-1
2190,SINGLE,0,0,1,False,-1
2192,DOUBLE,0,1,1,False,-1
2193,TRIPLE,1,1,1,False,-1
2194,DOUBLE,0,1,1,False,-1
2195,DOUBLE,0,1,1,False,-1
2196,DOUBLE,0,1,1,False,-1
2197,DOUBLE,0,1,1,False,-1
2198,TRIPLE,1,1,1,False,-1
2200,SINGLE,0,0,1,False,-1
2201,DOUBLE,0,1,1,False,-1
2202,TRIPLE,1,1,1,False,-1
2203,TRIPLE,1,1,1,False,-1
2204,SINGLE,0,0,1,False,-1
2205,TRIPLE,1,1,1,False,-1
2206,SINGLE,0,0,1,False,-1
2207,SINGLE,0,0,1,False,-1
2208,DOUBLE,0,1,1,False,-1
2209,TRIPLE,1,1,1,False,-1
2210,DOUBLE,0,1,1,False,-1
2211,TRIPLE,1,1,1,False,-1
2212,SINGLE,0,0,1,False,-1
2213,SINGLE,0,0,1,False,-1
2214,TRIPLE,1,1,1,False,-1
2215,DOUBLE,0,1,1,False,-1
2216,TRIPLE,1,1,1,False,-1
2217,DOUBLE,0,1,1,False,-1
2218,TRIPLE,1,1,1,False,-1
2219,DOUBLE,0,1,1,False,-1
2220,SINGLE,0,0,1,False,-1
2221,TRIPLE,1,1,1,False,-1
2222,SINGLE,0,0,1,False,-1
2223,TRIPLE,1,1,1,False,-1
2224,DOUBLE,0,1,1,False,-1
2225,TRIPLE,1,1,1,False,-1
2226,TRIPLE,1,1,1,False,-1
2227,TRIPLE,1,1,1,False,-1
2229,TRIPLE,1,1,1,False,-1
2230,TRIPLE,1,1,1,False,-1
2231,DOUBLE,0,1,1,False,-1
2232,TRIPLE,1,1,1,False,-1
2233,DOUBLE,0,1,1,False,-1
2234,TRIPLE,1,1,1,False,-1
2235,SINGLE,0,0,1,False,-1
2236,DOUBLE,0,1,1,False,-1
2237,TRIPLE,1,1,1,False,-1
2238,DOUBLE,0,1,1,False,-1
2239,TRIPLE,1,1,1,False,-1
2240,DOUBLE,0,1,1,False,-1
2241,TRIPLE,1,1,1,False,-1
2242,TRIPLE,1,1,1,False,-1
2243,DOUBLE,0,1,1,False,-1
2244,TRIPLE,1,1,1,False,-1
2245,TRIPLE,1,1,1,False,-1
2246,TRIPLE,1,1,1,False,-1
2247,TRIPLE,1,1,1,False,-1
2248,TRIPLE,1,1,1,False,-1
2249,DOUBLE,0,1,1,False,-1
2250,TRIPLE,1,1,1,False,-1
2251,TRIPLE,1,1,1,False,-1
2253,DOUBLE,0,1,1,False,-1
2254,TRIPLE,1,1,1,False,-1
2255,TRIPLE,1,1,1,False,-1
2256,DOUBLE,0,1,1,False,-1
2257,TRIPLE,1,1,1,False,-1
2258,TRIPLE,1,1,1,False,-1
2259,SINGLE,0,0,1,False,-1
2260,SINGLE,0,0,1,False,-1
2261,TRIPLE,1,1,1,False,-1
2262,TRIPLE,1,1,1,False,-1
2263,DOUBLE,0,1,1,False,-1
2264,SINGLE,0,0,1,False,-1
2265,TRIPLE,1,1,1,False,-1
2266,TRIPLE,1,1,1,False,-1
2267,DOUBLE,0,1,1,False,-1
2268,TRIPLE,1,1,1,False,-1
2270,TRIPLE,1,1,1,False,-1
2271,TRIPLE,1,1,1,False,-1
2272,TRIPLE,1,1,1,False,-1
2273,SINGLE,0,0,1,False,-1
2275,TRIPLE,1,1,1,False,-1
2276,DOUBLE,0,1,1,False,-1
2277,SINGLE,0,0,1,False,-1
2278,TRIPLE,1,1,1,False,-1
2279,SINGLE,0,0,1,False,-1
2280,SINGLE,0,0,1,False,-1
2281,SINGLE,0,0,1,False,-1
2282,SINGLE,0,0,1,False,-1
2283,TRIPLE,1,1,1,False,-1
2284,DOUBLE,0,1,1,False,-1
2285,DOUBLE,0,1,1,False,-1
2286,DOUBLE,0,1,1,False,-1
2287,DOUBLE,0,1,1,False,-1
2288,DOUBLE,0,1,1,False,-1
2289,DOUBLE,0,1,1,False,-1
2290,TRIPLE,1,1,1,False,-1
2291,TRIPLE,1,1,1,False,-1
2292,SINGLE,0,0,1,False,-1
2293,TRIPLE,1,1,1,False,-1
2294,SINGLE,0,0,1,False,-1
2296,SINGLE,0,0,1,False,-1
2297,TRIPLE,1,1,1,False,-1
2298,TRIPLE,1,1,1,False,-1
2299,DOUBLE,0,1,1,False,-1
2300,DOUBLE,0,1,1,False,-1
2301,DOUBLE,0,1,1,False,-1
2302,TRIPLE,1,1,1,False,-1
2303,SINGLE,0,0,1,False,-1
2304,TRIPLE,1,1,1,False,-1
2305,DOUBLE,0,1,1,False,-1
2306,TRIPLE,1,1,1,False,-1
2307,TRIPLE,1,1,1,False,-1
2309,TRIPLE,1,1,1,False,-1
2310,SINGLE,0,0,1,False,-1
2311,DOUBLE,0,1,1,False,-1
2312,SINGLE,0,0,1,False,-1
2313,TRIPLE,1,1,1,False,-1
2314,SINGLE,0,0,1,False,-1
2315,TRIPLE,1,1,1,False,-1
2316,DOUBLE,0,1,1,False,-1
2317,SINGLE,0,0,1,False,-1
2320,TRIPLE,1,1,1,False,-1
2322,SINGLE,0,0,1,False,-1
2323,TRIPLE,1,1,1,False,-1
2324,SINGLE,0,0,1,False,-1
2325,SINGLE,0,0,1,False,-1
2326,DOUBLE,0,1,1,False,-1
2327,TRIPLE,1,1,1,False,-1
2329,TRIPLE,1,1,1,False,-1
2330,DOUBLE,0,1,1,False,-1
2331,TRIPLE,1,1,1,False,-1
2332,TRIPLE,1,1,1,False,-1
2333,SINGLE,0,0,1,False,-1
2334,TRIPLE,1,1,1,False,-1
2335,DOUBLE,0,1,1,False,-1
2336,DOUBLE,0,1,1,False,-1
2337,DOUBLE,0,1,1,False,-1
2338,DOUBLE,0,1,1,False,-1
2339,DOUBLE,0,1,1,False,-1
2340,TRIPLE,1,1,1,False,-1
2341,TRIPLE,1,1,1,False,-1
2342,TRIPLE,1,1,1,False,-1
2343,DOUBLE,0,1,1,False,-1
2344,DOUBLE,0,1,1,False,-1
2345,SINGLE,0,0,1,False,-1
2346,TRIPLE,1,1,1,False,-1
2347,TRIPLE,1,1,1,False,-1
2348,SINGLE,0,0,1,False,-1
2349,SINGLE,0,0,1,False,-1
2350,DOUBLE,0,1,1,False,-1
2351,DOUBLE,0,1,1,False,-1
2353,TRIPLE,1,1,1,False,-1
2354,TRIPLE,1,1,1,False,-1
2355,TRIPLE,1,1,1,False,-1
2356,SINGLE,0,0,1,False,-1
2357,DOUBLE,0,1,1,False,-1
2358,DOUBLE,0,1,1,False,-1
2360,TRIPLE,1,1,1,False,-1
2361,DOUBLE,0,1,1,False,-1
2362,DOUBLE,0,1,1,False,-1
2363,TRIPLE,1,1,1,False,-1
2364,SINGLE,0,0,1,False,-1
2365,DOUBLE,0,1,1,False,-1
2366,TRIPLE,1,1,1,False,-1
2367,DOUBLE,0,1,1,False,-1
2368,TRIPLE,1,1,1,False,-1
2369,DOUBLE,0,1,1,False,-1
2371,SINGLE,0,0,1,False,-1
2372,DOUBLE,0,1,1,False,-1
2373,DOUBLE,0,1,1,False,-1
2374,DOUBLE,0,1,1,False,-1
2375,DOUBLE,0,1,1,False,-1
2376,SINGLE,0,0,1,False,-1
2377,SINGLE,0,0,1,False,-1
2378,TRIPLE,1,1,1,False,-1
2380,TRIPLE,1,1,1,False,-1
2382,DOUBLE,0,1,1,False,-1
2383,TRIPLE,1,1,1,False,-1
2384,TRIPLE,1,1,1,False,-1
2385,TRIPLE,1,1,1,False,-1
2386,DOUBLE,0,1,1,False,-1
2387,SINGLE,0,0,1,False,-1
2388,TRIPLE,1,1,1,False,-1
2389,TRIPLE,1,1,1,False,-1
2390,DOUBLE,0,1,1,False,-1
2391,DOUBLE,0,1,1,False,-1
2392,DOUBLE,0,1,1,False,-1
2394,TRIPLE,1,1,1,False,-1
2395,TRIPLE,1,1,1,False,-1
2396,TRIPLE,1,1,1,False,-1
2397,TRIPLE,1,1,1,False,-1
2398,SINGLE,0,0,1,False,-1
2399,TRIPLE,1,1,1,False,-1
2400,SINGLE,0,0,1,False,-1
2401,TRIPLE,1,1,1,False,-1
2402,TRIPLE,1,1,1,False,-1
2403,SINGLE,0,0,1,False,-1
2404,SINGLE,0,0,1,False,-1
2405,TRIPLE,1,1,1,False,-1
2406,TRIPLE,1,1,1,False,-1
2407,SINGLE,0,0,1,False,-1
2408,TRIPLE,1,1,1,False,-1
2409,DOUBLE,0,1,1,False,-1
2410,TRIPLE,1,1,1,False,-1
2411,DOUBLE,0,1,1,False,-1
2412,TRIPLE,1,1,1,False,-1
2413,TRIPLE,1,1,1,False,-1
2414,DOUBLE,0,1,1,False,-1
2415,TRIPLE,1,1,1,False,-1
2416,TRIPLE,1,1,1,False,-1
2417,DOUBLE,0,1,1,False,-1
2418,TRIPLE,1,1,1,False,-1
2419,DOUBLE,0,1,1,False,-1
2420,DOUBLE,0,1,1,False,-1
2421,DOUBLE,0,1,1,False,-1
2422,DOUBLE,0,1,1,False,-1
2423,TRIPLE,1,1,1,False,-1
2424,DOUBLE,0,1,1,False,-1
2425,DOUBLE,0,1,1,False,-1
2427,DOUBLE,0,1,1,False,-1
2429,TRIPLE,1,1,1,False,-1
2430,TRIPLE,1,1,1,False,-1
2431,TRIPLE,1,1,1,False,-1
2432,TRIPLE,1,1,1,False,-1
2433,DOUBLE,0,1,1,False,-1
2434,TRIPLE,1,1,1,False,-1
2436,TRIPLE,1,1,1,False,-1
2437,DOUBLE,0,1,1,False,-1
2438,TRIPLE,1,1,1,False,-1
2440,TRIPLE,1,1,1,False,-1
2441,TRIPLE,1,1,1,False,-1
2442,TRIPLE,1,1,1,False,-1
2443,TRIPLE,1,1,1,False,-1
2444,TRIPLE,1,1,1,False,-1
2445,TRIPLE,1,1,1,False,-1
2446,TRIPLE,1,1,1,False,-1
2447,TRIPLE,1,1,1,False,-1
2448,DOUBLE,0,1,1,False,-1
2449,SINGLE,0,0,1,False,-1
2450,SINGLE,0,0,1,False,-1
2451,DOUBLE,0,1,1,False,-1
2452,DOUBLE,0,1,1,False,-1
2453,TRIPLE,1,1,1,False,-1
2454,TRIPLE,1,1,1,False,-1
2455,TRIPLE,1,1,1,False,-1
2456,TRIPLE,1,1,1,False,-1
2457,DOUBLE,0,1,1,False,-1
2458,TRIPLE,1,1,1,False,-1
2459,TRIPLE,1,1,1,False,-1
2460,DOUBLE,0,1,1,False,-1
2461,DOUBLE,1,0,1,False,-1
2462,TRIPLE,1,1,1,False,-1
2464,TRIPLE,1,1,1,False,-1
2466,SINGLE,0,0,1,False,-1
2467,TRIPLE,1,1,1,False,-1
2468,DOUBLE,0,1,1,False,-1
2469,TRIPLE,1,1,1,False,-1
2470,DOUBLE,0,1,1,False,-1
2471,DOUBLE,0,1,1,False,-1
2472,SINGLE,0,0,1,False,-1
2473,TRIPLE,1,1,1,False,-1
2474,DOUBLE,0,1,1,False,-1
2475,SINGLE,0,0,1,False,-1
2476,DOUBLE,0,1,1,False,-1
2477,DOUBLE,0,1,1,False,-1
2478,TRIPLE,1,1,1,False,-1
2479,TRIPLE,1,1,1,False,-1
2480,TRIPLE,1,1,1,False,-1
2481,TRIPLE,1,1,1,False,-1
2482,SINGLE,0,0,1,False,-1
2483,DOUBLE,0,1,1,False,-1
2484,TRIPLE,1,1,1,False,-1
2485,DOUBLE,0,1,1,False,-1
2486,SINGLE,0,0,1,False,-1
2487,DOUBLE,0,1,1,False,-1
2489,TRIPLE,1,1,1,False,-1
2490,SINGLE,0,0,1,False,-1
2491,TRIPLE,1,1,1,False,-1
2492,TRIPLE,1,1,1,False,-1
2493,DOUBLE,0,1,1,False,-1
2494,TRIPLE,1,1,1,False,-1
2495,DOUBLE,0,1,1,False,-1
2496,SINGLE,0,0,1,False,-1
2497,TRIPLE,1,1,1,False,-1
2498,DOUBLE,0,1,1,False,-1
2499,TRIPLE,1,1,1,False,-1
2500,TRIPLE,1,1,1,False,-1
2501,TRIPLE,1,1,1,False,-1
2502,TRIPLE,1,1,1,False,-1
2503,SINGLE,0,0,1,False,-1
2504,TRIPLE,1,1,1,False,-1
2505,TRIPLE,1,1,1,False,-1
2506,TRIPLE,1,1,1,False,-1
2507,DOUBLE,0,1,1,False,-1
2508,DOUBLE,0,1,1,False,-1
2509,TRIPLE,1,1,1,False,-1
2510,TRIPLE,1,1,1,False,-1
2511,TRIPLE,1,1,1,False,-1
2512,TRIPLE,1,1,1,False,-1
2513,DOUBLE,0,1,1,False,-1
2514,TRIPLE,1,1,1,False,-1
2515,TRIPLE,1,1,1,False,-1
2516,DOUBLE,0,1,1,False,-1
2517,TRIPLE,1,1,1,False,-1
2518,TRIPLE,1,1,1,False,-1
2519,DOUBLE,0,1,1,False,-1
2520,TRIPLE,1,1,1,False,-1
2521,TRIPLE,1,1,1,False,-1
2522,DOUBLE,0,1,1,False,-1
2524,SINGLE,0,0,1,False,-1
2525,TRIPLE,1,1,1,False,-1
2526,DOUBLE,0,1,1,False,-1
2527,DOUBLE,0,1,1,False,-1
2528,TRIPLE,1,1,1,False,-1
2529,TRIPLE,1,1,1,False,-1
2530,DOUBLE,0,1,1,False,-1
2531,SINGLE,0,0,1,False,-1
2532,TRIPLE,1,1,1,False,-1
2533,DOUBLE,0,1,1,False,-1
2534,TRIPLE,1,1,1,False,-1
2535,TRIPLE,1,1,1,False,-1
2536,TRIPLE,1,1,1,False,-1
2537,SINGLE,0,0,1,False,-1
2538,TRIPLE,1,1,1,False,-1
2539,DOUBLE,0,1,1,False,-1
2540,DOUBLE,0,1,1,False,-1
2541,DOUBLE,0,1,1,False,-1
2543,DOUBLE,0,1,1,False,-1
2544,SINGLE,0,0,1,False,-1
2546,TRIPLE,1,1,1,False,-1
2547,DOUBLE,0,1,1,False,-1
2548,TRIPLE,1,1,1,False,-1
2549,DOUBLE,0,1,1,False,-1
2550,DOUBLE,0,1,1,False,-1
2551,DOUBLE,0,1,1,False,-1
2552,DOUBLE,0,1,1,False,-1
2553,TRIPLE,1,1,1,False,-1
2554,DOUBLE,0,1,1,False,-1
2555,TRIPLE,1,1,1,False,-1
2556,DOUBLE,0,1,1,False,-1
2557,DOUBLE,0,1,1,False,-1
2558,DOUBLE,0,1,1,False,-1
2559,TRIPLE,1,1,1,False,-1
2560,TRIPLE,1,1,1,False,-1
2561,TRIPLE,1,1,1,False,-1
2562,SINGLE,0,0,1,False,-1
2563,TRIPLE,1,1,1,False,-1
2564,TRIPLE,1,1,1,False,-1
2565,DOUBLE,0,1,1,False,-1
2566,TRIPLE,1,1,1,False,-1
2567,TRIPLE,1,1,1,False,-1
2568,DOUBLE,0,1,1,False,-1
2569,DOUBLE,0,1,1,False,-1
2570,TRIPLE,1,1,1,False,-1
2571,DOUBLE,0,1,1,False,-1
2572,TRIPLE,1,1,1,False,-1
2573,TRIPLE,1,1,1,False,-1
2574,SINGLE,0,0,1,False,-1
2575,TRIPLE,1,1,1,False,-1
2576,TRIPLE,1,1,1,False,-1
2577,DOUBLE,0,1,1,False,-1
2578,TRIPLE,1,1,1,False,-1
2579,TRIPLE,1,1,1,False,-1
2580,SINGLE,0,0,1,False,-1
2581,DOUBLE,0,1,1,False,-1
2582,TRIPLE,1,1,1,False,-1
2583,TRIPLE,1,1,1,False,-1
2584,TRIPLE,1,1,1,False,-1
2585,TRIPLE,1,1,1,False,-1
2586,DOUBLE,0,1,1,False,-1
2587,TRIPLE,1,1,1,False,-1
2588,TRIPLE,1,1,1,False,-1
2589,TRIPLE,1,1,1,False,-1
2590,DOUBLE,0,1,1,False,-1
2591,TRIPLE,1,1,1,False,-1
2592,TRIPLE,1,1,1,False,-1
2594,DOUBLE,0,1,1,False,-1
2595,SINGLE,0,0,1,False,-1
2596,DOUBLE,0,1,1,False,-1
2597,TRIPLE,1,1,1,False,-1
2598,TRIPLE,1,1,1,False,-1
2599,DOUBLE,0,1,1,False,-1
2600,DOUBLE,0,1,1,False,-1
2601,TRIPLE,1,1,1,False,-1
2602,DOUBLE,0,1,1,False,-1
2603,TRIPLE,1,1,1,False,-1
2604,DOUBLE,0,1,1,False,-1
2605,TRIPLE,1,1,1,False,-1
2606,TRIPLE,1,1,1,False,-1
2607,TRIPLE,1,1,1,False,-1
2608,DOUBLE,0,1,1,False,-1
2609,DOUBLE,0,1,1,False,-1
2610,DOUBLE,0,1,1,False,-1
2611,TRIPLE,1,1,1,False,-1
2612,SINGLE,0,0,1,False,-1
2613,DOUBLE,0,1,1,False,-1
2614,TRIPLE,1,1,1,False,-1
2615,TRIPLE,1,1,1,False,-1
2616,DOUBLE,0,1,1,False,-1
2617,TRIPLE,1,1,1,False,-1
2618,TRIPLE,1,1,1,False,-1
2619,TRIPLE,1,1,1,False,-1
2620,TRIPLE,1,1,1,False,-1
2621,SINGLE,0,0,1,False,-1
2622,TRIPLE,1,1,1,False,-1
2623,TRIPLE,1,1,1,False,-1
2624,TRIPLE,1,1,1,False,-1
2625,DOUBLE,0,1,1,False,-1
2626,DOUBLE,0,1,1,False,-1
2627,TRIPLE,1,1,1,False,-1
2628,TRIPLE,1,1,1,False,-1
2629,TRIPLE,1,1,1,False,-1
2630,SINGLE,0,0,1,False,-1
2631,TRIPLE,1,1,1,False,-1
2632,TRIPLE,1,1,1,False,-1
2635,DOUBLE,0,1,1,False,-1
2636,DOUBLE,0,1,1,False,-1
2637,SINGLE,0,0,1,False,-1
2638,TRIPLE,1,1,1,False,-1
2639,DOUBLE,0,1,1,False,-1
2641,SINGLE,0,0,1,False,-1
2642,TRIPLE,1,1,1,False,-1
2643,DOUBLE,0,1,1,False,-1
2644,TRIPLE,1,1,1,False,-1
2645,DOUBLE,0,1,1,False,-1
2646,TRIPLE,1,1,1,False,-1
2647,SINGLE,0,0,1,False,-1
2648,DOUBLE,0,1,1,False,-1
2649,TRIPLE,1,1,1,False,-1
2650,DOUBLE,0,1,1,False,-1
2651,TRIPLE,1,1,1,False,-1
2652,TRIPLE,1,1,1,False,-1
2653,TRIPLE,1,1,1,False,-1
2654,TRIPLE,1,1,1,False,-1
2655,DOUBLE,0,1,1,False,-1
2657,SINGLE,0,0,1,False,-1
2659,SINGLE,0,0,1,False,-1
2660,TRIPLE,1,1,1,False,-1
2661,DOUBLE,0,1,1,False,-1
2662,TRIPLE,1,1,1,False,-1
2664,TRIPLE,1,1,1,False,-1
2665,TRIPLE,1,1,1,False,-1
2666,TRIPLE,1,1,1,False,-1
2668,TRIPLE,1,1,1,False,-1
2669,TRIPLE,1,1,1,False,-1
2670,DOUBLE,0,1,1,False,-1
2671,TRIPLE,1,1,1,False,-1
2672,DOUBLE,0,1,1,False,-1
2673,TRIPLE,1,1,1,False,-1
2674,DOUBLE,0,1,1,False,-1
2675,TRIPLE,1,1,1,False,-1
2676,TRIPLE,1,1,1,False,-1
2677,DOUBLE,0,1,1,False,-1
2678,DOUBLE,0,1,1,False,-1
2679,SINGLE,0,0,1,False,-1
2680,TRIPLE,1,1,1,False,-1
2681,TRIPLE,1,1,1,False,-1
2682,DOUBLE,0,1,1,False,-1
2683,DOUBLE,0,1,1,False,-1
2684,TRIPLE,1,1,1,False,-1
2686,SINGLE,0,0,1,False,-1
2687,DOUBLE,0,1,1,False,-1
2688,SINGLE,0,0,1,False,-1
2689,TRIPLE,1,1,1,False,-1
2690,SINGLE,0,0,1,False,-1
2691,DOUBLE,0,1,1,False,-1
2692,TRIPLE,1,1,1,False,-1
2693,TRIPLE,1,1,1,False,-1
2694,TRIPLE,1,1,1,False,-1
2696,TRIPLE,1,1,1,False,-1
2697,TRIPLE,1,1,1,False,-1
2698,TRIPLE,1,1,1,False,-1
2699,DOUBLE,0,1,1,False,-1
2702,TRIPLE,1,1,1,False,-1
2703,DOUBLE,0,1,1,False,-1
2704,TRIPLE,1,1,1,False,-1
2705,TRIPLE,1,1,1,False,-1
2706,TRIPLE,1,1,1,False,-1
2707,TRIPLE,1,1,1,False,-1
2708,DOUBLE,0,1,1,False,-1
2709,TRIPLE,1,1,1,False,-1
2710,DOUBLE,0,1,1,False,-1
2711,TRIPLE,1,1,1,False,-1
2712,TRIPLE,1,1,1,False,-1
2713,TRIPLE,1,1,1,False,-1
2714,TRIPLE,1,1,1,False,-1
2716,TRIPLE,1,1,1,False,-1
2718,TRIPLE,1,1,1,False,-1
2719,TRIPLE,1,1,1,False,-1
2720,TRIPLE,1,1,1,False,-1
2721,DOUBLE,0,1,1,False,-1
2722,SINGLE,0,0,1,False,-1
2723,DOUBLE,0,1,1,False,-1
2724,DOUBLE,0,1,1,False,-1
2725,TRIPLE,1,1,1,False,-1
2726,TRIPLE,1,1,1,False,-1
2727,DOUBLE,0,1,1,False,-1
2729,TRIPLE,1,1,1,False,-1
2730,DOUBLE,0,1,1,False,-1
2731,DOUBLE,1,0,1,False,-1
2732,TRIPLE,1,1,1,False,-1
2733,TRIPLE,1,1,1,False,-1
2734,SINGLE,0,0,1,False,-1
2735,DOUBLE,0,1,1,False,-1
2736,TRIPLE,1,1,1,False,-1
2737,SINGLE,0,0,1,False,-1
2738,DOUBLE,0,1,1,False,-1
2739,TRIPLE,1,1,1,False,-1
2740,TRIPLE,1,1,1,False,-1
2741,SINGLE,0,0,1,False,-1
2743,TRIPLE,1,1,1,False,-1
2744,DOUBLE,0,1,1,False,-1
2745,TRIPLE,1,1,1,False,-1
2746,TRIPLE,1,1,1,False,-1
2747,SINGLE,0,0,1,False,-1
2748,DOUBLE,0,1,1,False,-1
2749,TRIPLE,1,1,1,False,-1
2750,TRIPLE,1,1,1,False,-1
2751,TRIPLE,1,1,1,False,-1
2753,TRIPLE,1,1,1,False,-1
2754,TRIPLE,1,1,1,False,-1
2755,TRIPLE,1,1,1,False,-1
2756,SINGLE,0,0,1,False,-1
2757,TRIPLE,1,1,1,False,-1
2758,TRIPLE,1,1,1,False,-1
2759,TRIPLE,1,1,1,False,-1
2760,SINGLE,0,0,1,False,-1
2761,DOUBLE,0,1,1,False,-1
2762,DOUBLE,0,1,1,False,-1
2763,SINGLE,0,0,1,False,-1
2764,DOUBLE,0,1,1,False,-1
2765,SINGLE,0,0,1,False,-1
2766,TRIPLE,1,1,1,False,-1
2767,DOUBLE,0,1,1,False,-1
2768,SINGLE,0,0,1,False,-1
2770,DOUBLE,0,1,1,False,-1
2771,TRIPLE,1,1,1,False,-1
2772,TRIPLE,1,1,1,False,-1
2774,DOUBLE,0,1,1,False,-1
2776,SINGLE,0,0,1,False,-1
2777,TRIPLE,1,1,1,False,-1
2778,DOUBLE,0,1,1,False,-1
2779,DOUBLE,0,1,1,False,-1
2780,TRIPLE,1,1,1,False,-1
2781,DOUBLE,0,1,1,False,-1
2782,SINGLE,0,0,1,False,-1
2783,SINGLE,0,0,1,False,-1
2784,DOUBLE,0,1,1,False,-1
2785,TRIPLE,1,1,1,False,-1
2786,DOUBLE,0,1,1,False,-1
2788,DOUBLE,0,1,1,False,-1
2790,DOUBLE,0,1,1,False,-1
2791,SINGLE,0,0,1,False,-1
2792,TRIPLE,1,1,1,False,-1
2793,DOUBLE,0,1,1,False,-1
2794,TRIPLE,1,1,1,False,-1
2795,TRIPLE,1,1,1,False,-1
2796,DOUBLE,0,1,1,False,-1
2797,DOUBLE,0,1,1,False,-1
2798,TRIPLE,1,1,1,False,-1
2800,DOUBLE,0,1,1,False,-1
2801,TRIPLE,1,1,1,False,-1
2802,TRIPLE,1,1,1,False,-1
2803,TRIPLE,1,1,1,False,-1
2804,DOUBLE,0,1,1,False,-1
2806,TRIPLE,1,1,1,False,-1
2807,DOUBLE,0,1,1,False,-1
2808,DOUBLE,0,1,1,False,-1
2810,TRIPLE,1,1,1,False,-1
2812,TRIPLE,1,1,1,False,-1
2813,TRIPLE,1,1,1,False,-1
2814,SINGLE,0,0,1,False,-1
2815,SINGLE,0,0,1,False,-1
2817,TRIPLE,1,1,1,False,-1
2818,TRIPLE,1,1,1,False,-1
2820,SINGLE,0,0,1,False,-1
2821,SINGLE,0,0,1,False,-1
2822,SINGLE,0,0,1,False,-1
2823,TRIPLE,1,1,1,False,-1
2825,TRIPLE,1,1,1,False,-1
2826,DOUBLE,0,1,1,False,-1
2827,DOUBLE,0,1,1,False,-1
2828,TRIPLE,1,1,1,False,-1
2829,TRIPLE,1,1,1,False,-1
2830,TRIPLE,1,1,1,False,-1
2831,TRIPLE,1,1,1,False,-1
2832,TRIPLE,1,1,1,False,-1
2833,DOUBLE,0,1,1,False,-1
2834,DOUBLE,0,1,1,False,-1
2835,SINGLE,0,0,1,False,-1
2836,TRIPLE,1,1,1,False,-1
2837,TRIPLE,1,1,1,False,-1
2838,DOUBLE,0,1,1,False,-1
2839,TRIPLE,1,1,1,False,-1
2840,DOUBLE,0,1,1,False,-1
2841,TRIPLE,1,1,1,False,-1
2842,TRIPLE,1,1,1,False,-1
2843,DOUBLE,0,1,1,False,-1
2844,TRIPLE,1,1,1,False,-1
2845,TRIPLE,1,1,1,False,-1
2848,DOUBLE,0,1,1,False,-1
2849,TRIPLE,1,1,1,False,-1
2850,SINGLE,0,0,1,False,-1
2851,SINGLE,0,0,1,False,-1
2852,SINGLE,0,0,1,False,-1
2853,DOUBLE,0,1,1,False,-1
2854,DOUBLE,0,1,1,False,-1
2855,TRIPLE,1,1,1,False,-1
2856,DOUBLE,0,1,1,False,-1
2857,TRIPLE,1,1,1,False,-1
2858,SINGLE,0,0,1,False,-1
2859,DOUBLE,0,1,1,False,-1
2860,TRIPLE,1,1,1,False,-1
2861,TRIPLE,1,1,1,False,-1
2862,TRIPLE,1,1,1,False,-1
2863,DOUBLE,0,1,1,False,-1
2864,TRIPLE,1,1,1,False,-1
2865,TRIPLE,1,1,1,False,-1
2866,TRIPLE,1,1,1,False,-1
2867,DOUBLE,0,1,1,False,-1
2869,DOUBLE,0,1,1,False,-1
2870,TRIPLE,1,1,1,False,-1
2871,TRIPLE,1,1,1,False,-1
2872,TRIPLE,1,1,1,False,-1
2873,DOUBLE,0,1,1,False,-1
2875,TRIPLE,1,1,1,False,-1
2876,DOUBLE,0,1,1,False,-1
2877,TRIPLE,1,1,1,False,-1
2878,DOUBLE,0,1,1,False,-1
2879,TRIPLE,1,1,1,False,-1
2880,SINGLE,0,0,1,False,-1
2881,SINGLE,0,0,1,False,-1
2884,TRIPLE,1,1,1,False,-1
2885,TRIPLE,1,1,1,False,-1
2886,DOUBLE,0,1,1,False,-1
2887,DOUBLE,0,1,1,False,-1
2888,SINGLE,0,0,1,False,-1
2889,TRIPLE,1,1,1,False,-1
2891,TRIPLE,1,1,1,False,-1
2892,DOUBLE,0,1,1,False,-1
2893,TRIPLE,1,1,1,False,-1
2894,DOUBLE,0,1,1,False,-1
2895,TRIPLE,1,1,1,False,-1
2896,TRIPLE,1,1,1,False,-1
2897,TRIPLE,1,1,1,False,-1
2898,SINGLE,0,0,1,False,-1
2899,TRIPLE,1,1,1,False,-1
2900,DOUBLE,0,1,1,False,-1
2901,DOUBLE,0,1,1,False,-1
2902,DOUBLE,0,1,1,False,-1
2903,DOUBLE,0,1,1,False,-1
2904,DOUBLE,0,1,1,False,-1
2905,DOUBLE,0,1,1,False,-1
2906,TRIPLE,1,1,1,False,-1
2907,TRIPLE,1,1,1,False,-1
2908,TRIPLE,1,1,1,False,-1
2909,TRIPLE,1,1,1,False,-1
2910,SINGLE,0,0,1,False,-1
2911,DOUBLE,0,1,1,False,-1
2912,SINGLE,0,0,1,False,-1
2913,TRIPLE,1,1,1,False,-1
2915,TRIPLE,1,1,1,False,-1
2916,TRIPLE,1,1,1,False,-1
2917,TRIPLE,1,1,1,False,-1
2918,DOUBLE,0,1,1,False,-1
2919,DOUBLE,0,1,1,False,-1
2920,SINGLE,0,0,1,False,-1
2921,DOUBLE,0,1,1,False,-1
2922,DOUBLE,0,1,1,False,-1
2923,SINGLE,0,0,1,False,-1
2924,TRIPLE,1,1,1,False,-1
2925,TRIPLE,1,1,1,False,-1
2926,TRIPLE,1,1,1,False,-1
2927,DOUBLE,0,1,1,False,-1
2928,TRIPLE,1,1,1,False,-1
2929,TRIPLE,1,1,1,False,-1
2930,SINGLE,0,0,1,False,-1
2931,DOUBLE,0,1,1,False,-1
2932,SINGLE,0,0,1,False,-1
2933,TRIPLE,1,1,1,False,-1
2934,DOUBLE,0,1,1,False,-1
2935,DOUBLE,0,1,1,False,-1
2936,TRIPLE,1,1,1,False,-1
2938,TRIPLE,1,1,1,False,-1
2939,DOUBLE,0,1,1,False,-1
2940,TRIPLE,1,1,1,False,-1
2941,TRIPLE,1,1,1,False,-1
2942,DOUBLE,0,1,1,False,-1
2943,TRIPLE,1,1,1,False,-1
2944,SINGLE,0,0,1,False,-1
2945,TRIPLE,1,1,1,False,-1
2946,DOUBLE,0,1,1,False,-1
2947,DOUBLE,0,1,1,False,-1
2948,TRIPLE,1,1,1,False,-1
2949,TRIPLE,1,1,1,False,-1
2950,DOUBLE,0,1,1,False,-1
2951,TRIPLE,1,1,1,False,-1
2952,DOUBLE,0,1,1,False,-1
2953,TRIPLE,1,1,1,False,-1
2955,DOUBLE,0,1,1,False,-1
2956,TRIPLE,1,1,1,False,-1
2957,DOUBLE,0,1,1,False,-1
2958,DOUBLE,0,1,1,False,-1
2959,SINGLE,0,0,1,False,-1
2960,TRIPLE,1,1,1,False,-1
2961,TRIPLE,1,1,1,False,-1
2962,SINGLE,0,0,1,False,-1
2963,TRIPLE,1,1,1,False,-1
2964,TRIPLE,1,1,1,False,-1
2965,TRIPLE,1,1,1,False,-1
2966,DOUBLE,0,1,1,False,-1
2967,TRIPLE,1,1,1,False,-1
2968,DOUBLE,0,1,1,False,-1
2969,TRIPLE,1,1,1,False,-1
2970,DOUBLE,0,1,1,False,-1
2971,DOUBLE,0,1,1,False,-1
2972,TRIPLE,1,1,1,False,-1
2973,TRIPLE,1,1,1,False,-1
2974,TRIPLE,1,1,1,False,-1
2975,DOUBLE,0,1,1,False,-1
2976,TRIPLE,1,1,1,False,-1
2977,TRIPLE,1,1,1,False,-1
2978,TRIPLE,1,1,1,False,-1
2981,TRIPLE,1,1,1,False,-1
2982,DOUBLE,0,1,1,False,-1
2983,TRIPLE,1,1,1,False,-1
2984,TRIPLE,1,1,1,False,-1
2985,TRIPLE,1,1,1,False,-1
2986,TRIPLE,1,1,1,False,-1
2987,TRIPLE,1,1,1,False,-1
2988,SINGLE,0,0,1,False,-1
2989,DOUBLE,0,1,1,False,-1
2990,TRIPLE,1,1,1,False,-1
2991,TRIPLE,1,1,1,False,-1
2992,TRIPLE,1,1,1,False,-1
2993,TRIPLE,1,1,1,False,-1
2995,TRIPLE,1,1,1,False,-1
2996,DOUBLE,0,1,1,False,-1
2997,TRIPLE,1,1,1,False,-1
3000,TRIPLE,1,1,1,False,-1
3001,DOUBLE,0,1,1,False,-1
3002,DOUBLE,0,1,1,False,-1
3003,TRIPLE,1,1,1,False,-1
3004,DOUBLE,0,1,1,False,-1
3005,TRIPLE,1,1,1,False,-1
3006,TRIPLE,1,1,1,False,-1
3007,TRIPLE,1,1,1,False,-1
3008,TRIPLE,1,1,1,False,-1
3009,TRIPLE,1,1,1,False,-1
3010,TRIPLE,1,1,1,False,-1
3011,TRIPLE,1,1,1,False,-1
3012,TRIPLE,1,1,1,False,-1
3013,SINGLE,0,0,1,False,-1
3014,TRIPLE,1,1,1,False,-1
3015,TRIPLE,1,1,1,False,-1
3016,TRIPLE,1,1,1,False,-1
3017,DOUBLE,0,1,1,False,-1
3018,TRIPLE,1,1,1,False,-1
3019,TRIPLE,1,1,1,False,-1
3020,TRIPLE,1,1,1,False,-1
3021,DOUBLE,0,1,1,False,-1
3022,TRIPLE,1,1,1,False,-1
3023,TRIPLE,1,1,1,False,-1
3024,TRIPLE,1,1,1,False,-1
3025,DOUBLE,0,1,1,False,-1
3026,TRIPLE,1,1,1,False,-1
3027,DOUBLE,0,1,1,False,-1
3028,TRIPLE,1,1,1,False,-1
3029,TRIPLE,1,1,1,False,-1
3030,DOUBLE,0,1,1,False,-1
3032,TRIPLE,1,1,1,False,-1
3033,TRIPLE,1,1,1,False,-1
3034,TRIPLE,1,1,1,False,-1
3035,TRIPLE,1,1,1,False,-1
3036,TRIPLE,1,1,1,False,-1
3037,DOUBLE,0,1,1,False,-1
3038,DOUBLE,0,1,1,False,-1
3039,TRIPLE,1,1,1,False,-1
3040,DOUBLE,0,1,1,False,-1
3041,TRIPLE,1,1,1,False,-1
3042,SINGLE,0,0,1,False,-1
3044,SINGLE,0,0,1,False,-1
3045,TRIPLE,1,1,1,False,-1
3046,TRIPLE,1,1,1,False,-1
3047,SINGLE,0,0,1,False,-1
3048,TRIPLE,1,1,1,False,-1
3049,SINGLE,0,0,1,False,-1
3050,TRIPLE,1,1,1,False,-1
3051,TRIPLE,1,1,1,False,-1
3052,TRIPLE,1,1,1,False,-1
3053,TRIPLE,1,1,1,False,-1
3054,SINGLE,0,0,1,False,-1
3055,DOUBLE,0,1,1,False,-1
3056,TRIPLE,1,1,1,False,-1
3057,TRIPLE,1,1,1,False,-1
3058,TRIPLE,1,1,1,False,-1
3059,TRIPLE,1,1,1,False,-1
3061,TRIPLE,1,1,1,False,-1
3062,SINGLE,0,0,1,False,-1
3063,TRIPLE,1,1,1,False,-1
3064,TRIPLE,1,1,1,False,-1
3065,DOUBLE,0,1,1,False,-1
3066,DOUBLE,0,1,1,False,-1
3067,DOUBLE,0,1,1,False,-1
3068,TRIPLE,1,1,1,False,-1
3070,TRIPLE,1,1,1,False,-1
3071,TRIPLE,1,1,1,False,-1
3072,DOUBLE,0,1,1,False,-1
3073,SINGLE,0,0,1,False,-1
3074,TRIPLE,1,1,1,False,-1
3075,TRIPLE,1,1,1,False,-1
3076,SINGLE,0,0,1,False,-1
3077,TRIPLE,1,1,1,False,-1
3079,DOUBLE,0,1,1,False,-1
3080,TRIPLE,1,1,1,False,-1
3081,TRIPLE,1,1,1,False,-1
3082,DOUBLE,0,1,1,False,-1
3084,TRIPLE,1,1,1,False,-1
3085,DOUBLE,0,1,1,False,-1
3086,DOUBLE,0,1,1,False,-1
3087,TRIPLE,1,1,1,False,-1
3088,SINGLE,0,0,1,False,-1
3089,TRIPLE,1,1,1,False,-1
3090,DOUBLE,0,1,1,False,-1
3091,DOUBLE,0,1,1,False,-1
3092,TRIPLE,1,1,1,False,-1
3093,DOUBLE,0,1,1,False,-1
3094,DOUBLE,0,1,1,False,-1
3095,TRIPLE,1,1,1,False,-1
3096,TRIPLE,1,1,1,False,-1
3097,DOUBLE,0,1,1,False,-1
3098,TRIPLE,1,1,1,False,-1
3099,SINGLE,0,0,1,False,-1
3100,TRIPLE,1,1,1,False,-1
3101,DOUBLE,0,1,1,False,-1
3102,TRIPLE,1,1,1,False,-1
3103,DOUBLE,0,1,1,False,-1
3106,DOUBLE,0,1,1,False,-1
3108,DOUBLE,0,1,1,False,-1
3109,SINGLE,0,0,1,False,-1
3110,DOUBLE,0,1,1,False,-1
3111,SINGLE,0,0,1,False,-1
3112,DOUBLE,0,1,1,False,-1
3113,SINGLE,0,0,1,False,-1
3114,TRIPLE,1,1,1,False,-1
3115,DOUBLE,0,1,1,False,-1
3116,TRIPLE,1,1,1,False,-1
3117,TRIPLE,1,1,1,False,-1
3118,TRIPLE,1,1,1,False,-1
3119,TRIPLE,1,1,1,False,-1
3120,TRIPLE,1,1,1,False,-1
3121,DOUBLE,0,1,1,False,-1
3122,DOUBLE,0,1,1,False,-1
3123,TRIPLE,1,1,1,False,-1
3124,DOUBLE,0,1,1,False,-1
3125,TRIPLE,1,1,1,False,-1
3126,DOUBLE,0,1,1,False,-1
3127,DOUBLE,0,1,1,False,-1
3128,TRIPLE,1,1,1,False,-1
3129,TRIPLE,1,1,1,False,-1
3130,TRIPLE,1,1,1,False,-1
3131,DOUBLE,0,1,1,False,-1
3132,TRIPLE,1,1,1,False,-1
3133,SINGLE,0,0,1,False,-1
3134,SINGLE,0,0,1,False,-1
3135,DOUBLE,0,1,1,False,-1
3136,DOUBLE,0,1,1,False,-1
3138,TRIPLE,1,1,1,False,-1
3139,TRIPLE,1,1,1,False,-1
3140,TRIPLE,1,1,1,False,-1
3141,TRIPLE,1,1,1,False,-1
3143,DOUBLE,0,1,1,False,-1
3144,DOUBLE,0,1,1,False,-1
3146,SINGLE,0,0,1,False,-1
3147,SINGLE,0,0,1,False,-1
3148,TRIPLE,1,1,1,False,-1
3149,TRIPLE,1,1,1,False,-1
3150,DOUBLE,0,1,1,False,-1
3151,DOUBLE,0,1,1,False,-1
3152,TRIPLE,1,1,1,False,-1
3154,SINGLE,0,0,1,False,-1
3155,SINGLE,0,0,1,False,-1
3157,TRIPLE,1,1,1,False,-1
3158,DOUBLE,0,1,1,False,-1
3159,TRIPLE,1,1,1,False,-1
3160,SINGLE,0,0,1,False,-1
3161,TRIPLE,1,1,1,False,-1
3162,TRIPLE,1,1,1,False,-1
3163,TRIPLE,1,1,1,False,-1
3164,TRIPLE,1,1,1,False,-1
3165,SINGLE,0,0,1,False,-1
3166,TRIPLE,1,1,1,False,-1
3168,TRIPLE,1,1,1,False,-1
3169,TRIPLE,1,1,1,False,-1
3170,TRIPLE,1,1,1,False,-1
3171,DOUBLE,0,1,1,False,-1
3172,TRIPLE,1,1,1,False,-1
3173,TRIPLE,1,1,1,False,-1
3174,DOUBLE,0,1,1,False,-1
3176,TRIPLE,1,1,1,False,-1
3177,TRIPLE,1,1,1,False,-1
3178,SINGLE,0,0,1,False,-1
3179,TRIPLE,1,1,1,False,-1
3180,TRIPLE,1,1,1,False,-1
3181,SINGLE,0,0,1,False,-1
3182,TRIPLE,1,1,1,False,-1
3183,DOUBLE,0,1,1,False,-1
3184,TRIPLE,1,1,1,False,-1
3185,TRIPLE,1,1,1,False,-1
3186,TRIPLE,1,1,1,False,-1
3187,TRIPLE,1,1,1,False,-1
3188,TRIPLE,1,1,1,False,-1
3189,TRIPLE,1,1,1,False,-1
3190,SINGLE,0,0,1,False,-1
3191,TRIPLE,1,1,1,False,-1
3192,TRIPLE,1,1,1,False,-1
3195,SINGLE,0,0,1,False,-1
3196,DOUBLE,0,1,1,False,-1
3197,TRIPLE,1,1,1,False,-1
3198,SINGLE,0,0,1,False,-1
3200,TRIPLE,1,1,1,False,-1
3201,SINGLE,0,0,1,False,-1
3202,TRIPLE,1,1,1,False,-1
3203,TRIPLE,1,1,1,False,-1
3204,SINGLE,0,0,1,False,-1
3205,TRIPLE,1,1,1,False,-1
3206,TRIPLE,1,1,1,False,-1
3207,DOUBLE,0,1,1,False,-1
3208,TRIPLE,1,1,1,False,-1
3209,TRIPLE,1,1,1,False,-1
3210,SINGLE,0,0,1,False,-1
3211,SINGLE,0,0,1,False,-1
3214,DOUBLE,0,1,1,False,-1
3216,DOUBLE,0,1,1,False,-1
3217,TRIPLE,1,1,1,False,-1
3218,TRIPLE,1,1,1,False,-1
3219,TRIPLE,1,1,1,False,-1
3220,TRIPLE,1,1,1,False,-1
3221,TRIPLE,1,1,1,False,-1
3222,TRIPLE,1,1,1,False,-1
3223,TRIPLE,1,1,1,False,-1
3224,TRIPLE,1,1,1,False,-1
3226,TRIPLE,1,1,1,False,-1
3227,TRIPLE,1,1,1,False,-1
3228,DOUBLE,0,1,1,False,-1
3229,DOUBLE,0,1,1,False,-1
3230,DOUBLE,0,1,1,False,-1
3231,TRIPLE,1,1,1,False,-1
3233,TRIPLE,1,1,1,False,-1
3234,DOUBLE,0,1,1,False,-1
3235,SINGLE,0,0,1,False,-1
3237,TRIPLE,1,1,1,False,-1
3238,DOUBLE,0,1,1,False,-1
3240,TRIPLE,1,1,1,False,-1
3241,TRIPLE,1,1,1,False,-1
3242,DOUBLE,0,1,1,False,-1
3243,TRIPLE,1,1,1,False,-1
3244,TRIPLE,1,1,1,False,-1
3245,TRIPLE,1,1,1,False,-1
3246,TRIPLE,1,1,1,False,-1
3247,DOUBLE,0,1,1,False,-1
3248,TRIPLE,1,1,1,False,-1
3249,DOUBLE,0,1,1,False,-1
3250,DOUBLE,0,1,1,False,-1
3251,DOUBLE,0,1,1,False,-1
3252,TRIPLE,1,1,1,False,-1
3253,DOUBLE,0,1,1,False,-1
3254,TRIPLE,1,1,1,False,-1
3255,TRIPLE,1,1,1,False,-1
3256,SINGLE,0,0,1,False,-1
3257,DOUBLE,0,1,1,False,-1
3258,TRIPLE,1,1,1,False,-1
3259,DOUBLE,0,1,1,False,-1
3260,SINGLE,0,0,1,False,-1
3261,SINGLE,0,0,1,False,-1
3262,SINGLE,0,0,1,False,-1
3263,DOUBLE,0,1,1,False,-1
3264,TRIPLE,1,1,1,False,-1
3265,DOUBLE,0,1,1,False,-1
3266,DOUBLE,0,1,1,False,-1
3267,TRIPLE,1,1,1,False,-1
3268,DOUBLE,0,1,1,False,-1
3269,TRIPLE,1,1,1,False,-1
3270,SINGLE,0,0,1,False,-1
3271,SINGLE,0,0,1,False,-1
3272,TRIPLE,1,1,1,False,-1
3273,TRIPLE,1,1,1,False,-1
3274,TRIPLE,1,1,1,False,-1
3275,TRIPLE,1,1,1,False,-1
3276,TRIPLE,1,1,1,False,-1
3277,TRIPLE,1,1,1,False,-1
3278,SINGLE,0,0,1,False,-1
3279,TRIPLE,1,1,1,False,-1
3280,DOUBLE,0,1,1,False,-1
3281,SINGLE,0,0,1,False,-1
3282,DOUBLE,0,1,1,False,-1
3283,SINGLE,0,0,1,False,-1
3284,TRIPLE,1,1,1,False,-1
3285,TRIPLE,1,1,1,False,-1
3286,TRIPLE,1,1,1,False,-1
3287,TRIPLE,1,1,1,False,-1
3288,SINGLE,0,0,1,False,-1
3289,TRIPLE,1,1,1,False,-1
3290,TRIPLE,1,1,1,False,-1
3291,DOUBLE,0,1,1,False,-1
3292,TRIPLE,1,1,1,False,-1
3293,TRIPLE,1,1,1,False,-1
3294,DOUBLE,0,1,1,False,-1
3295,SINGLE,0,0,1,False,-1
3296,TRIPLE,1,1,1,False,-1
3297,SINGLE,0,0,1,False,-1
3298,SINGLE,0,0,1,False,-1
3299,TRIPLE,1,1,1,False,-1
3300,TRIPLE,1,1,1,False,-1
3301,TRIPLE,1,1,1,False,-1
3302,TRIPLE,1,1,1,False,-1
3304,DOUBLE,0,1,1,False,-1
3306,DOUBLE,0,1,1,False,-1
3308,TRIPLE,1,1,1,False,-1
3309,TRIPLE,1,1,1,False,-1
3310,TRIPLE,1,1,1,False,-1
3311,DOUBLE,0,1,1,False,-1
3312,TRIPLE,1,1,1,False,-1
3313,TRIPLE,1,1,1,False,-1
3314,DOUBLE,0,1,1,False,-1
3315,TRIPLE,1,1,1,False,-1
3316,TRIPLE,1,1,1,False,-1
3318,SINGLE,0,0,1,False,-1
3319,TRIPLE,1,1,1,False,-1
3320,DOUBLE,0,1,1,False,-1
3321,TRIPLE,1,1,1,False,-1
3322,SINGLE,0,0,1,False,-1
3323,TRIPLE,1,1,1,False,-1
3324,DOUBLE,0,1,1,False,-1
3325,SINGLE,0,0,1,False,-1
3326,DOUBLE,0,1,1,False,-1
3327,TRIPLE,1,1,1,False,-1
3328,DOUBLE,0,1,1,False,-1
3329,TRIPLE,1,1,1,False,-1
3330,TRIPLE,1,1,1,False,-1
3331,TRIPLE,1,1,1,False,-1
3333,TRIPLE,1,1,1,False,-1
3334,TRIPLE,1,1,1,False,-1
3335,DOUBLE,0,1,1,False,-1
3336,DOUBLE,0,1,1,False,-1
3337,TRIPLE,1,1,1,False,-1
3338,TRIPLE,1,1,1,False,-1
3340,DOUBLE,0,1,1,False,-1
3341,TRIPLE,1,1,1,False,-1
3342,DOUBLE,0,1,1,False,-1
3343,TRIPLE,1,1,1,False,-1
3344,DOUBLE,0,1,1,False,-1
3345,TRIPLE,1,1,1,False,-1
3346,TRIPLE,1,1,1,False,-1
3347,SINGLE,0,0,1,False,-1
3348,TRIPLE,1,1,1,False,-1
3349,TRIPLE,1,1,1,False,-1
3350,DOUBLE,0,1,1,False,-1
3351,DOUBLE,0,1,1,False,-1
3352,SINGLE,0,0,1,False,-1
3353,TRIPLE,1,1,1,False,-1
3355,TRIPLE,1,1,1,False,-1
3356,TRIPLE,1,1,1,False,-1
3357,DOUBLE,0,1,1,False,-1
3358,DOUBLE,0,1,1,False,-1
3359,TRIPLE,1,1,1,False,-1
3360,TRIPLE,1,1,1,False,-1
3361,TRIPLE,1,1,1,False,-1
3362,DOUBLE,0,1,1,False,-1
3363,TRIPLE,1,1,1,False,-1
3364,TRIPLE,1,1,1,False,-1
3366,TRIPLE,1,1,1,False,-1
3367,TRIPLE,1,1,1,False,-1
3368,TRIPLE,1,1,1,False,-1
3370,DOUBLE,0,1,1,False,-1
3371,SINGLE,0,0,1,False,-1
3372,TRIPLE,1,1,1,False,-1
3373,DOUBLE,0,1,1,False,-1
3375,SINGLE,0,0,1,False,-1
3376,DOUBLE,0,1,1,False,-1
3377,TRIPLE,1,1,1,False,-1
3378,DOUBLE,0,1,1,False,-1
3379,SINGLE,0,0,1,False,-1
3380,TRIPLE,1,1,1,False,-1
3381,DOUBLE,0,1,1,False,-1
3382,TRIPLE,1,1,1,False,-1
3384,TRIPLE,1,1,1,False,-1
3385,TRIPLE,1,1,1,False,-1
3386,TRIPLE,1,1,1,False,-1
3387,TRIPLE,1,1,1,False,-1
3389,TRIPLE,1,1,1,False,-1
3390,SINGLE,0,0,1,False,-1
3391,TRIPLE,1,1,1,False,-1
3392,TRIPLE,1,1,1,False,-1
3393,TRIPLE,1,1,1,False,-1
3394,DOUBLE,0,1,1,False,-1
3395,SINGLE,0,0,1,False,-1
3396,TRIPLE,1,1,1,False,-1
3397,DOUBLE,0,1,1,False,-1
3399,TRIPLE,1,1,1,False,-1
3400,TRIPLE,1,1,1,False,-1
3401,TRIPLE,1,1,1,False,-1
3402,DOUBLE,0,1,1,False,-1
3403,TRIPLE,1,1,1,False,-1
3405,TRIPLE,1,1,1,False,-1
3407,TRIPLE,1,1,1,False,-1
3408,TRIPLE,1,1,1,False,-1
3409,TRIPLE,1,1,1,False,-1
3410,DOUBLE,0,1,1,False,-1
3411,TRIPLE,1,1,1,False,-1
3412,DOUBLE,0,1,1,False,-1
3413,DOUBLE,0,1,1,False,-1
3414,SINGLE,0,0,1,False,-1
3416,TRIPLE,1,1,1,False,-1
3417,TRIPLE,1,1,1,False,-1
3418,TRIPLE,1,1,1,False,-1
3419,TRIPLE,1,1,1,False,-1
3420,TRIPLE,1,1,1,False,-1
3421,TRIPLE,1,1,1,False,-1
3422,TRIPLE,1,1,1,False,-1
3423,TRIPLE,1,1,1,False,-1
3424,DOUBLE,0,1,1,False,-1
3425,TRIPLE,1,1,1,False,-1
3426,DOUBLE,0,1,1,False,-1
3427,TRIPLE,1,1,1,False,-1
3428,SINGLE,0,0,1,False,-1
3429,TRIPLE,1,1,1,False,-1
3430,TRIPLE,1,1,1,False,-1
3432,TRIPLE,1,1,1,False,-1
3433,TRIPLE,1,1,1,False,-1
3435,TRIPLE,1,1,1,False,-1
3437,SINGLE,0,0,1,False,-1
3438,TRIPLE,1,1,1,False,-1
3439,TRIPLE,1,1,1,False,-1
3440,SINGLE,0,0,1,False,-1
3441,TRIPLE,1,1,1,False,-1
3442,TRIPLE,1,1,1,False,-1
3444,TRIPLE,1,1,1,False,-1
3445,TRIPLE,1,1,1,False,-1
3446,TRIPLE,1,1,1,False,-1
3447,SINGLE,0,0,1,False,-1
3448,TRIPLE,1,1,1,False,-1
3449,DOUBLE,0,1,1,False,-1
3450,SINGLE,0,0,1,False,-1
3451,TRIPLE,1,1,1,False,-1
3452,TRIPLE,1,1,1,False,-1
3453,DOUBLE,0,1,1,False,-1
3454,DOUBLE,0,1,1,False,-1
3455,TRIPLE,1,1,1,False,-1
3456,DOUBLE,0,1,1,False,-1
3457,SINGLE,0,0,1,False,-1
3458,SINGLE,0,0,1,False,-1
3459,TRIPLE,1,1,1,False,-1
3460,TRIPLE,1,1,1,False,-1
3461,TRIPLE,1,1,1,False,-1
3462,DOUBLE,0,1,1,False,-1
3463,DOUBLE,0,1,1,False,-1
3464,TRIPLE,1,1,1,False,-1
3465,DOUBLE,0,1,1,False,-1
3466,TRIPLE,1,1,1,False,-1
3467,TRIPLE,1,1,1,False,-1
3468,TRIPLE,1,1,1,False,-1
3469,TRIPLE,1,1,1,False,-1
3470,TRIPLE,1,1,1,False,-1
3471,TRIPLE,1,1,1,False,-1
3472,TRIPLE,1,1,1,False,-1
3474,SINGLE,0,0,1,False,-1
3476,DOUBLE,0,1,1,False,-1
3477,TRIPLE,1,1,1,False,-1
3479,TRIPLE,1,1,1,False,-1
3480,DOUBLE,0,1,1,False,-1
3481,TRIPLE,1,1,1,False,-1
3482,TRIPLE,1,1,1,False,-1
3483,TRIPLE,1,1,1,False,-1
3485,DOUBLE,0,1,1,False,-1
3486,TRIPLE,1,1,1,False,-1
3487,TRIPLE,1,1,1,False,-1
3488,DOUBLE,0,1,1,False,-1
3489,TRIPLE,1,1,1,False,-1
3490,DOUBLE,0,1,1,False,-1
3491,DOUBLE,0,1,1,False,-1
3492,DOUBLE,0,1,1,False,-1
3493,TRIPLE,1,1,1,False,-1
3494,TRIPLE,1,1,1,False,-1
3495,TRIPLE,1,1,1,False,-1
3496,SINGLE,0,0,1,False,-1
3497,TRIPLE,1,1,1,False,-1
3498,DOUBLE,0,1,1,False,-1
3499,SINGLE,0,0,1,False,-1
3500,DOUBLE,0,1,1,False,-1
3501,DOUBLE,0,1,1,False,-1
3502,DOUBLE,0,1,1,False,-1
3503,DOUBLE,0,1,1,False,-1
3504,SINGLE,0,0,1,False,-1
3505,DOUBLE,0,1,1,False,-1
3506,DOUBLE,0,1,1,False,-1
3507,DOUBLE,0,1,1,False,-1
3508,TRIPLE,1,1,1,False,-1
3509,SINGLE,0,0,1,False,-1
3510,SINGLE,0,0,1,False,-1
3511,DOUBLE,0,1,1,False,-1
3512,TRIPLE,1,1,1,False,-1
3513,TRIPLE,1,1,1,False,-1
3514,TRIPLE,1,1,1,False,-1
3515,SINGLE,0,0,1,False,-1
3516,TRIPLE,1,1,1,False,-1
3517,TRIPLE,1,1,1,False,-1
3519,DOUBLE,0,1,1,False,-1
3520,TRIPLE,1,1,1,False,-1
3521,DOUBLE,0,1,1,False,-1
3522,TRIPLE,1,1,1,False,-1
3523,TRIPLE,1,1,1,False,-1
3524,TRIPLE,1,1,1,False,-1
3525,TRIPLE,1,1,1,False,-1
3526,TRIPLE,1,1,1,False,-1
3527,TRIPLE,1,1,1,False,-1
3528,DOUBLE,0,1,1,False,-1
3529,TRIPLE,1,1,1,False,-1
3531,TRIPLE,1,1,1,False,-1
3532,DOUBLE,0,1,1,False,-1
3533,TRIPLE,1,1,1,False,-1
3535,TRIPLE,1,1,1,False,-1
3536,TRIPLE,1,1,1,False,-1
3537,SINGLE,0,0,1,False,-1
3538,TRIPLE,1,1,1,False,-1
3539,TRIPLE,1,1,1,False,-1
3540,TRIPLE,1,1,1,False,-1
3541,TRIPLE,1,1,1,False,-1
3542,DOUBLE,0,1,1,False,-1
3543,TRIPLE,1,1,1,False,-1
3545,TRIPLE,1,1,1,False,-1
3546,TRIPLE,1,1,1,False,-1
3547,TRIPLE,1,1,1,False,-1
3548,TRIPLE,1,1,1,False,-1
3550,TRIPLE,1,1,1,False,-1
3551,TRIPLE,1,1,1,False,-1
3552,DOUBLE,0,1,1,False,-1
3553,TRIPLE,1,1,1,False,-1
3554,SINGLE,0,0,1,False,-1
3555,DOUBLE,0,1,1,False,-1
3557,TRIPLE,1,1,1,False,-1
3558,SINGLE,0,0,1,False,-1
3559,DOUBLE,0,1,1,False,-1
3560,TRIPLE,1,1,1,False,-1
3561,TRIPLE,1,1,1,False,-1
3562,TRIPLE,1,1,1,False,-1
3563,TRIPLE,1,1,1,False,-1
3564,SINGLE,0,0,1,False,-1
3565,SINGLE,0,0,1,False,-1
3566,TRIPLE,1,1,1,False,-1
3567,TRIPLE,1,1,1,False,-1
3568,DOUBLE,0,1,1,False,-1
3569,TRIPLE,1,1,1,False,-1
3570,TRIPLE,1,1,1,False,-1
3572,SINGLE,0,0,1,False,-1
3573,DOUBLE,0,1,1,False,-1
3574,TRIPLE,1,1,1,False,-1
3575,TRIPLE,1,1,1,False,-1
3576,DOUBLE,0,1,1,False,-1
3578,TRIPLE,1,1,1,False,-1
3579,TRIPLE,1,1,1,False,-1
3580,TRIPLE,1,1,1,False,-1
3581,TRIPLE,1,1,1,False,-1
3582,DOUBLE,0,1,1,False,-1
3583,TRIPLE,1,1,1,False,-1
3584,TRIPLE,1,1,1,False,-1
3585,DOUBLE,0,1,1,False,-1
3586,TRIPLE,1,1,1,False,-1
3587,TRIPLE,1,1,1,False,-1
3588,TRIPLE,1,1,1,False,-1
3589,TRIPLE,1,1,1,False,-1
3590,TRIPLE,1,1,1,False,-1
3591,TRIPLE,1,1,1,False,-1
3592,DOUBLE,0,1,1,False,-1
3595,TRIPLE,1,1,1,False,-1
3596,DOUBLE,0,1,1,False,-1
3597,TRIPLE,1,1,1,False,-1
3598,DOUBLE,0,1,1,False,-1
3599,TRIPLE,1,1,1,False,-1
3600,TRIPLE,1,1,1,False,-1
3601,DOUBLE,0,1,1,False,-1
3602,TRIPLE,1,1,1,False,-1
3603,TRIPLE,1,1,1,False,-1
3604,TRIPLE,1,1,1,False,-1
3605,SINGLE,0,0,1,False,-1
3606,DOUBLE,0,1,1,False,-1
3607,SINGLE,0,0,1,False,-1
3608,TRIPLE,1,1,1,False,-1
3609,TRIPLE,1,1,1,False,-1
3610,TRIPLE,1,1,1,False,-1
3611,TRIPLE,1,1,1,False,-1
3612,DOUBLE,0,1,1,False,-1
3614,DOUBLE,0,1,1,False,-1
3615,TRIPLE,1,1,1,False,-1
3616,TRIPLE,1,1,1,False,-1
3617,TRIPLE,1,1,1,False,-1
3618,TRIPLE,1,1,1,False,-1
3619,TRIPLE,1,1,1,False,-1
3620,DOUBLE,0,1,1,False,-1
3621,DOUBLE,0,1,1,False,-1
3622,TRIPLE,1,1,1,False,-1
3623,SINGLE,0,0,1,False,-1
3624,SINGLE,0,0,1,False,-1
3625,SINGLE,0,0,1,False,-1
3626,DOUBLE,0,1,1,False,-1
3627,DOUBLE,0,1,1,False,-1
3629,TRIPLE,1,1,1,False,-1
3630,TRIPLE,1,1,1,False,-1
3631,DOUBLE,0,1,1,False,-1
3633,SINGLE,0,0,1,False,-1
3634,TRIPLE,1,1,1,False,-1
3635,TRIPLE,1,1,1,False,-1
3636,TRIPLE,1,1,1,False,-1
3637,DOUBLE,0,1,1,False,-1
3638,DOUBLE,0,1,1,False,-1
3639,DOUBLE,0,1,1,False,-1
3640,DOUBLE,0,1,1,False,-1
3641,TRIPLE,1,1,1,False,-1
3642,DOUBLE,0,1,1,False,-1
3643,TRIPLE,1,1,1,False,-1
3644,TRIPLE,1,1,1,False,-1
3645,TRIPLE,1,1,1,False,-1
3646,DOUBLE,0,1,1,False,-1
3647,TRIPLE,1,1,1,False,-1
3648,DOUBLE,0,1,1,False,-1
3649,DOUBLE,0,1,1,False,-1
3651,DOUBLE,0,1,1,False,-1
3652,DOUBLE,0,1,1,False,-1
3653,TRIPLE,1,1,1,False,-1
3654,DOUBLE,0,1,1,False,-1
3655,DOUBLE,0,1,1,False,-1
3656,DOUBLE,0,1,1,False,-1
3657,TRIPLE,1,1,1,False,-1
3658,DOUBLE,0,1,1,False,-1
3659,DOUBLE,0,1,1,False,-1
3660,TRIPLE,1,1,1,False,-1
3661,TRIPLE,1,1,1,False,-1
3662,DOUBLE,0,1,1,False,-1
3663,TRIPLE,1,1,1,False,-1
3665,SINGLE,0,0,1,False,-1
3666,DOUBLE,0,1,1,False,-1
3667,TRIPLE,1,1,1,False,-1
3668,DOUBLE,0,1,1,False,-1
3669,TRIPLE,1,1,1,False,-1
3670,DOUBLE,0,1,1,False,-1
3671,TRIPLE,1,1,1,False,-1
3672,SINGLE,0,0,1,False,-1
3673,DOUBLE,0,1,1,False,-1
3674,DOUBLE,0,1,1,False,-1
3675,SINGLE,0,0,1,False,-1
3676,TRIPLE,1,1,1,False,-1
3677,SINGLE,0,0,1,False,-1
3678,TRIPLE,1,1,1,False,-1
3679,TRIPLE,1,1,1,False,-1
3680,TRIPLE,1,1,1,False,-1
3682,TRIPLE,1,1,1,False,-1
3683,DOUBLE,0,1,1,False,-1
3684,TRIPLE,1,1,1,False,-1
3685,DOUBLE,0,1,1,False,-1
3686,TRIPLE,1,1,1,False,-1
3687,SINGLE,0,0,1,False,-1
3688,TRIPLE,1,1,1,False,-1
3689,SINGLE,0,0,1,False,-1
3690,TRIPLE,1,1,1,False,-1
3691,TRIPLE,1,1,1,False,-1
3692,DOUBLE,0,1,1,False,-1
3693,DOUBLE,0,1,1,False,-1
3694,SINGLE,0,0,1,False,-1
3696,DOUBLE,0,1,1,False,-1
3697,TRIPLE,1,1,1,False,-1
3698,TRIPLE,1,1,1,False,-1
3699,TRIPLE,1,1,1,False,-1
3700,TRIPLE,1,1,1,False,-1
3701,TRIPLE,1,1,1,False,-1
3702,TRIPLE,1,1,1,False,-1
3703,TRIPLE,1,1,1,False,-1
3704,TRIPLE,1,1,1,False,-1
3705,TRIPLE,1,1,1,False,-1
3706,TRIPLE,1,1,1,False,-1
3707,TRIPLE,1,1,1,False,-1
3708,DOUBLE,0,1,1,False,-1
3709,TRIPLE,1,1,1,False,-1
3710,DOUBLE,0,1,1,False,-1
3711,DOUBLE,0,1,1,False,-1
3712,DOUBLE,0,1,1,False,-1
3713,TRIPLE,1,1,1,False,-1
3715,TRIPLE,1,1,1,False,-1
3716,TRIPLE,1,1,1,False,-1
3717,DOUBLE,0,1,1,False,-1
3718,DOUBLE,0,1,1,False,-1
3719,TRIPLE,1,1,1,False,-1
3720,TRIPLE,1,1,1,False,-1
3721,TRIPLE,1,1,1,False,-1
3722,TRIPLE,1,1,1,False,-1
3723,TRIPLE,1,1,1,False,-1
3724,TRIPLE,1,1,1,False,-1
3725,TRIPLE,1,1,1,False,-1
3727,TRIPLE,1,1,1,False,-1
3728,DOUBLE,0,1,1,False,-1
3729,TRIPLE,1,1,1,False,-1
3730,TRIPLE,1,1,1,False,-1
3731,DOUBLE,0,1,1,False,-1
3732,DOUBLE,0,1,1,False,-1
3733,TRIPLE,1,1,1,False,-1
3734,TRIPLE,1,1,1,False,-1
3735,TRIPLE,1,1,1,False,-1
3736,SINGLE,0,0,1,False,-1
3738,TRIPLE,1,1,1,False,-1
3739,SINGLE,0,0,1,False,-1
3741,TRIPLE,1,1,1,False,-1
3742,TRIPLE,1,1,1,False,-1
3744,SINGLE,0,0,1,False,-1
3745,TRIPLE,1,1,1,False,-1
3746,TRIPLE,1,1,1,False,-1
3747,TRIPLE,1,1,1,False,-1
3748,SINGLE,0,0,1,False,-1
3749,TRIPLE,1,1,1,False,-1
3750,SINGLE,0,0,1,False,-1
3751,DOUBLE,0,1,1,False,-1
3752,TRIPLE,1,1,1,False,-1
3753,TRIPLE,1,1,1,False,-1
3754,DOUBLE,0,1,1,False,-1
3755,DOUBLE,0,1,1,False,-1
3756,SINGLE,0,0,1,False,-1
3757,TRIPLE,1,1,1,False,-1
3758,TRIPLE,1,1,1,False,-1
3760,DOUBLE,0,1,1,False,-1
3761,DOUBLE,0,1,1,False,-1
3762,DOUBLE,0,1,1,False,-1
3763,SINGLE,0,0,1,False,-1
3764,TRIPLE,1,1,1,False,-1
3765,DOUBLE,0,1,1,False,-1
3766,TRIPLE,1,1,1,False,-1
3767,SINGLE,0,0,1,False,-1
3768,TRIPLE,1,1,1,False,-1
3769,TRIPLE,1,1,1,False,-1
3770,SINGLE,0,0,1,False,-1
3771,TRIPLE,1,1,1,False,-1
3772,DOUBLE,0,1,1,False,-1
3773,DOUBLE,0,1,1,False,-1
3774,TRIPLE,1,1,1,False,-1
3775,DOUBLE,0,1,1,False,-1
3776,TRIPLE,1,1,1,False,-1
3777,SINGLE,0,0,1,False,-1
3778,TRIPLE,1,1,1,False,-1
3779,DOUBLE,0,1,1,False,-1
3780,TRIPLE,1,1,1,False,-1
3781,TRIPLE,1,1,1,False,-1
3782,DOUBLE,0,1,1,False,-1
3784,TRIPLE,1,1,1,False,-1
3785,DOUBLE,0,1,1,False,-1
3786,TRIPLE,1,1,1,False,-1
3787,TRIPLE,1,1,1,False,-1
3788,DOUBLE,0,1,1,False,-1
3789,SINGLE,0,0,1,False,-1
3792,DOUBLE,0,1,1,False,-1
3793,TRIPLE,1,1,1,False,-1
3794,TRIPLE,1,1,1,False,-1
3795,SINGLE,0,0,1,False,-1
3796,DOUBLE,0,1,1,False,-1
3797,TRIPLE,1,1,1,False,-1
3798,TRIPLE,1,1,1,False,-1
3799,DOUBLE,0,1,1,False,-1
3800,SINGLE,0,0,1,False,-1
3801,SINGLE,0,0,1,False,-1
3802,DOUBLE,0,1,1,False,-1
3803,DOUBLE,0,1,1,False,-1
3804,DOUBLE,0,1,1,False,-1
3805,DOUBLE,0,1,1,False,-1
3806,SINGLE,0,0,1,False,-1
3807,TRIPLE,1,1,1,False,-1
3808,TRIPLE,1,1,1,False,-1
3809,SINGLE,0,0,1,False,-1
3810,DOUBLE,0,1,1,False,-1
3811,TRIPLE,1,1,1,False,-1
3812,TRIPLE,1,1,1,False,-1
3813,SINGLE,0,0,1,False,-1
3814,TRIPLE,1,1,1,False,-1
3815,SINGLE,0,0,1,False,-1
3816,DOUBLE,0,1,1,False,-1
3817,TRIPLE,1,1,1,False,-1
3818,DOUBLE,0,1,1,False,-1
3819,DOUBLE,0,1,1,False,-1
3821,DOUBLE,0,1,1,False,-1
3822,SINGLE,0,0,1,False,-1
3823,DOUBLE,0,1,1,False,-1
3824,SINGLE,0,0,1,False,-1
3825,DOUBLE,0,1,1,False,-1
3826,TRIPLE,1,1,1,False,-1
3827,DOUBLE,0,1,1,False,-1
3829,TRIPLE,1,1,1,False,-1
3830,TRIPLE,1,1,1,False,-1
3831,TRIPLE,1,1,1,False,-1
3832,SINGLE,0,0,1,False,-1
3833,TRIPLE,1,1,1,False,-1
3834,TRIPLE,1,1,1,False,-1
3835,SINGLE,0,0,1,False,-1
3836,SINGLE,0,0,1,False,-1
3837,TRIPLE,1,1,1,False,-1
3838,SINGLE,0,0,1,False,-1
3839,DOUBLE,0,1,1,False,-1
3840,DOUBLE,0,1,1,False,-1
3841,TRIPLE,1,1,1,False,-1
3842,TRIPLE,1,1,1,False,-1
3843,DOUBLE,0,1,1,False,-1
3844,DOUBLE,0,1,1,False,-1
3845,TRIPLE,1,1,1,False,-1
3846,TRIPLE,1,1,1,False,-1
3847,SINGLE,0,0,1,False,-1
3848,TRIPLE,1,1,1,False,-1
3850,TRIPLE,1,1,1,False,-1
3851,TRIPLE,1,1,1,False,-1
3852,TRIPLE,1,1,1,False,-1
3853,SINGLE,0,0,1,False,-1
3854,TRIPLE,1,1,1,False,-1
3856,TRIPLE,1,1,1,False,-1
3858,DOUBLE,0,1,1,False,-1
3859,TRIPLE,1,1,1,False,-1
3860,TRIPLE,1,1,1,False,-1
3861,TRIPLE,1,1,1,False,-1
3862,TRIPLE,1,1,1,False,-1
3863,TRIPLE,1,1,1,False,-1
3864,TRIPLE,1,1,1,False,-1
3865,TRIPLE,1,1,1,False,-1
3866,TRIPLE,1,1,1,False,-1
3867,TRIPLE,1,1,1,False,-1
3869,TRIPLE,1,1,1,False,-1
3870,DOUBLE,0,1,1,False,-1
3871,TRIPLE,1,1,1,False,-1
3872,SINGLE,0,0,1,False,-1
3873,SINGLE,0,0,1,False,-1
3875,SINGLE,0,0,1,False,-1
3876,SINGLE,0,0,1,False,-1
3877,DOUBLE,0,1,1,False,-1
3878,TRIPLE,1,1,1,False,-1
3879,SINGLE,0,0,1,False,-1
3880,TRIPLE,1,1,1,False,-1
3881,DOUBLE,0,1,1,False,-1
3882,SINGLE,0,0,1,False,-1
3883,TRIPLE,1,1,1,False,-1
3884,DOUBLE,0,1,1,False,-1
3885,SINGLE,0,0,1,False,-1
3886,SINGLE,0,0,1,False,-1
3887,SINGLE,0,0,1,False,-1
3888,SINGLE,0,0,1,False,-1
3889,TRIPLE,1,1,1,False,-1
3890,TRIPLE,1,1,1,False,-1
3891,TRIPLE,1,1,1,False,-1
3892,TRIPLE,1,1,1,False,-1
3893,SINGLE,0,0,1,False,-1
3894,DOUBLE,0,1,1,False,-1
3895,SINGLE,0,0,1,False,-1
3896,TRIPLE,1,1,1,False,-1
3897,DOUBLE,0,1,1,False,-1
3898,TRIPLE,1,1,1,False,-1
3899,DOUBLE,0,1,1,False,-1
3900,TRIPLE,1,1,1,False,-1
3901,TRIPLE,1,1,1,False,-1
3902,DOUBLE,0,1,1,False,-1
3903,SINGLE,0,0,1,False,-1
3904,DOUBLE,0,1,1,False,-1
3905,TRIPLE,1,1,1,False,-1
3906,SINGLE,0,0,1,False,-1
3907,TRIPLE,1,1,1,False,-1
3908,DOUBLE,0,1,1,False,-1
3909,TRIPLE,1,1,1,False,-1
3910,TRIPLE,1,1,1,False,-1
3911,DOUBLE,0,1,1,False,-1
3912,TRIPLE,1,1,1,False,-1
3913,SINGLE,0,0,1,False,-1
3914,TRIPLE,1,1,1,False,-1
3916,TRIPLE,1,1,1,False,-1
3917,TRIPLE,1,1,1,False,-1
3918,TRIPLE,1,1,1,False,-1
3919,DOUBLE,0,1,1,False,-1
3920,TRIPLE,1,1,1,False,-1
3921,DOUBLE,0,1,1,False,-1
3922,TRIPLE,1,1,1,False,-1
3924,TRIPLE,1,1,1,False,-1
3925,TRIPLE,1,1,1,False,-1
3926,DOUBLE,0,1,1,False,-1
3927,TRIPLE,1,1,1,False,-1
3929,DOUBLE,0,1,1,False,-1
3930,DOUBLE,0,1,1,False,-1
3931,DOUBLE,0,1,1,False,-1
3933,TRIPLE,1,1,1,False,-1
3934,DOUBLE,0,1,1,False,-1
3936,DOUBLE,0,1,1,False,-1
3937,TRIPLE,1,1,1,False,-1
3938,TRIPLE,1,1,1,False,-1
3939,TRIPLE,1,1,1,False,-1
3940,TRIPLE,1,1,1,False,-1
3941,TRIPLE,1,1,1,False,-1
3942,DOUBLE,0,1,1,False,-1
3943,TRIPLE,1,1,1,False,-1
3944,TRIPLE,1,1,1,False,-1
3945,TRIPLE,1,1,1,False,-1
3946,SINGLE,0,0,1,False,-1
3947,TRIPLE,1,1,1,False,-1
3948,TRIPLE,1,1,1,False,-1
3949,TRIPLE,1,1,1,False,-1
3950,DOUBLE,0,1,1,False,-1
3952,DOUBLE,0,1,1,False,-1
3953,DOUBLE,0,1,1,False,-1
3954,SINGLE,0,0,1,False,-1
3955,SINGLE,0,0,1,False,-1
3956,TRIPLE,1,1,1,False,-1
3957,TRIPLE,1,1,1,False,-1
3958,TRIPLE,1,1,1,False,-1
3959,TRIPLE,1,1,1,False,-1
3960,TRIPLE,1,1,1,False,-1
3961,TRIPLE,1,1,1,False,-1
3962,DOUBLE,0,1,1,False,-1
3963,TRIPLE,1,1,1,False,-1
3964,TRIPLE,1,1,1,False,-1
3965,SINGLE,0,0,1,False,-1
3966,DOUBLE,0,1,1,False,-1
3967,TRIPLE,1,1,1,False,-1
3968,SINGLE,0,0,1,False,-1
3969,DOUBLE,0,1,1,False,-1
3971,TRIPLE,1,1,1,False,-1
3972,TRIPLE,1,1,1,False,-1
3973,SINGLE,0,0,1,False,-1
3974,TRIPLE,1,1,1,False,-1
3975,DOUBLE,0,1,1,False,-1
3976,DOUBLE,0,1,1,False,-1
3977,DOUBLE,0,1,1,False,-1
3978,TRIPLE,1,1,1,False,-1
3979,TRIPLE,1,1,1,False,-1
3980,TRIPLE,1,1,1,False,-1
3981,TRIPLE,1,1,1,False,-1
3982,DOUBLE,0,1,1,False,-1
3984,SINGLE,0,0,1,False,-1
3985,SINGLE,0,0,1,False,-1
3986,SINGLE,0,0,1,False,-1
3987,DOUBLE,0,1,1,False,-1
3988,TRIPLE,1,1,1,False,-1
3989,DOUBLE,0,1,1,False,-1
3990,TRIPLE,1,1,1,False,-1
3991,DOUBLE,0,1,1,False,-1
3992,TRIPLE,1,1,1,False,-1
3993,TRIPLE,1,1,1,False,-1
3994,TRIPLE,1,1,1,False,-1
3997,TRIPLE,1,1,1,False,-1
3998,TRIPLE,1,1,1,False,-1
3999,TRIPLE,1,1,1,False,-1
4000,DOUBLE,0,1,1,False,-1
4001,TRIPLE,1,1,1,False,-1
4002,DOUBLE,0,1,1,False,-1
4003,TRIPLE,1,1,1,False,-1
4004,TRIPLE,1,1,1,False,-1
4005,DOUBLE,0,1,1,False,-1
4006,DOUBLE,0,1,1,False,-1
4007,SINGLE,0,0,1,False,-1
4008,TRIPLE,1,1,1,False,-1
4009,TRIPLE,1,1,1,False,-1
4010,TRIPLE,1,1,1,False,-1
4011,DOUBLE,0,1,1,False,-1
4012,SINGLE,0,0,1,False,-1
4014,DOUBLE,0,1,1,False,-1
4015,TRIPLE,1,1,1,False,-1
4016,TRIPLE,1,1,1,False,-1
4017,TRIPLE,1,1,1,False,-1
4018,DOUBLE,0,1,1,False,-1
4019,TRIPLE,1,1,1,False,-1
4020,TRIPLE,1,1,1,False,-1
4021,DOUBLE,0,1,1,False,-1
4022,TRIPLE,1,1,1,False,-1
4023,DOUBLE,0,1,1,False,-1
4024,TRIPLE,1,1,1,False,-1
4025,DOUBLE,0,1,1,False,-1
4026,TRIPLE,1,1,1,False,-1
4027,SINGLE,0,0,1,False,-1
4028,DOUBLE,0,1,1,False,-1
4030,TRIPLE,1,1,1,False,-1
4031,TRIPLE,1,1,1,False,-1
4032,TRIPLE,1,1,1,False,-1
4033,TRIPLE,1,1,1,False,-1
4034,TRIPLE,1,1,1,False,-1
4035,DOUBLE,0,1,1,False,-1
4036,DOUBLE,0,1,1,False,-1
4038,TRIPLE,1,1,1,False,-1
4039,TRIPLE,1,1,1,False,-1
4041,TRIPLE,1,1,1,False,-1
4042,TRIPLE,1,1,1,False,-1
4043,DOUBLE,0,1,1,False,-1
4044,DOUBLE,0,1,1,False,-1
4045,TRIPLE,1,1,1,False,-1
4046,TRIPLE,1,1,1,False,-1
4047,DOUBLE,0,1,1,False,-1
4048,TRIPLE,1,1,1,False,-1
4049,DOUBLE,0,1,1,False,-1
4050,SINGLE,0,0,1,False,-1
4051,TRIPLE,1,1,1,False,-1
4052,DOUBLE,0,1,1,False,-1
4053,DOUBLE,0,1,1,False,-1
4054,TRIPLE,1,1,1,False,-1
4055,DOUBLE,0,1,1,False,-1
4057,TRIPLE,1,1,1,False,-1
4058,TRIPLE,1,1,1,False,-1
4059,TRIPLE,1,1,1,False,-1
4061,SINGLE,0,0,1,False,-1
4062,TRIPLE,1,1,1,False,-1
4063,DOUBLE,0,1,1,False,-1
4064,TRIPLE,1,1,1,False,-1
4065,TRIPLE,1,1,1,False,-1
4066,TRIPLE,1,1,1,False,-1
4067,DOUBLE,0,1,1,False,-1
4068,TRIPLE,1,1,1,False,-1
4069,TRIPLE,1,1,1,False,-1
4070,DOUBLE,0,1,1,False,-1
4071,TRIPLE,1,1,1,False,-1
4072,SINGLE,0,0,1,False,-1
4073,TRIPLE,1,1,1,False,-1
4074,DOUBLE,0,1,1,False,-1
4075,TRIPLE,1,1,1,False,-1
4076,DOUBLE,0,1,1,False,-1
4077,SINGLE,0,0,1,False,-1
4079,DOUBLE,0,1,1,False,-1
4080,TRIPLE,1,1,1,False,-1
4082,TRIPLE,1,1,1,False,-1
4084,DOUBLE,0,1,1,False,-1
4085,TRIPLE,1,1,1,False,-1
4087,SINGLE,0,0,1,False,-1
4089,TRIPLE,1,1,1,False,-1
4090,DOUBLE,0,1,1,False,-1
4091,SINGLE,0,0,1,False,-1
4092,TRIPLE,1,1,1,False,-1
4093,SINGLE,0,0,1,False,-1
4094,TRIPLE,1,1,1,False,-1
4095,SINGLE,0,0,1,False,-1
4096,TRIPLE,1,1,1,False,-1
4097,TRIPLE,1,1,1,False,-1
4098,TRIPLE,1,1,1,False,-1
4099,TRIPLE,1,1,1,False,-1
4100,TRIPLE,1,1,1,False,-1
4101,TRIPLE,1,1,1,False,-1
4102,TRIPLE,1,1,1,False,-1
4104,TRIPLE,1,1,1,False,-1
4105,DOUBLE,0,1,1,False,-1
4106,TRIPLE,1,1,1,False,-1
4107,SINGLE,0,0,1,False,-1
4109,SINGLE,0,0,1,False,-1
4110,DOUBLE,0,1,1,False,-1
4111,TRIPLE,1,1,1,False,-1
4112,DOUBLE,0,1,1,False,-1
4113,TRIPLE,1,1,1,False,-1
4114,TRIPLE,1,1,1,False,-1
4115,SINGLE,0,0,1,False,-1
4116,SINGLE,0,0,1,False,-1
4118,TRIPLE,1,1,1,False,-1
4119,DOUBLE,0,1,1,False,-1
4120,TRIPLE,1,1,1,False,-1
4121,TRIPLE,1,1,1,False,-1
4122,DOUBLE,0,1,1,False,-1
4123,SINGLE,0,0,1,False,-1
4124,DOUBLE,0,1,1,False,-1
4125,TRIPLE,1,1,1,False,-1
4126,SINGLE,0,0,1,False,-1
4127,TRIPLE,1,1,1,False,-1
4128,DOUBLE,0,1,1,False,-1
4129,TRIPLE,1,1,1,False,-1
4131,TRIPLE,1,1,1,False,-1
4132,DOUBLE,0,1,1,False,-1
4133,DOUBLE,0,1,1,False,-1
4135,TRIPLE,1,1,1,False,-1
4136,TRIPLE,1,1,1,False,-1
4137,SINGLE,0,0,1,False,-1
4139,DOUBLE,0,1,1,False,-1
4140,DOUBLE,0,1,1,False,-1
4141,SINGLE,0,0,1,False,-1
4142,TRIPLE,1,1,1,False,-1
4143,TRIPLE,1,1,1,False,-1
4144,TRIPLE,1,1,1,False,-1
4145,TRIPLE,1,1,1,False,-1
4147,DOUBLE,0,1,1,False,-1
4148,TRIPLE,1,1,1,False,-1
4149,SINGLE,0,0,1,False,-1
4150,TRIPLE,1,1,1,False,-1
4151,TRIPLE,1,1,1,False,-1
4152,SINGLE,0,0,1,False,-1
4153,DOUBLE,0,1,1,False,-1
4154,DOUBLE,0,1,1,False,-1
4155,TRIPLE,1,1,1,False,-1
4156,TRIPLE,1,1,1,False,-1
4157,TRIPLE,1,1,1,False,-1
4158,DOUBLE,0,1,1,False,-1
4159,DOUBLE,0,1,1,False,-1
4160,TRIPLE,1,1,1,False,-1
4161,SINGLE,0,0,1,False,-1
4162,TRIPLE,1,1,1,False,-1
4163,TRIPLE,1,1,1,False,-1
4164,TRIPLE,1,1,1,False,-1
4165,TRIPLE,1,1,1,False,-1
4166,DOUBLE,0,1,1,False,-1
4167,TRIPLE,1,1,1,False,-1
4168,SINGLE,0,0,1,False,-1
4169,TRIPLE,1,1,1,False,-1
4170,TRIPLE,1,1,1,False,-1
4171,TRIPLE,1,1,1,False,-1
4172,TRIPLE,1,1,1,False,-1
4174,SINGLE,0,0,1,False,-1
4175,DOUBLE,0,1,1,False,-1
4176,TRIPLE,1,1,1,False,-1
4177,SINGLE,0,0,1,False,-1
4178,TRIPLE,1,1,1,False,-1
4179,SINGLE,0,0,1,False,-1
4180,TRIPLE,1,1,1,False,-1
4181,SINGLE,0,0,1,False,-1
4182,TRIPLE,1,1,1,False,-1
4184,TRIPLE,1,1,1,False,-1
4185,TRIPLE,1,1,1,False,-1
4186,TRIPLE,1,1,1,False,-1
4187,TRIPLE,1,1,1,False,-1
4188,DOUBLE,0,1,1,False,-1
4189,TRIPLE,1,1,1,False,-1
4190,DOUBLE,0,1,1,False,-1
4191,TRIPLE,1,1,1,False,-1
4192,TRIPLE,1,1,1,False,-1
4193,TRIPLE,1,1,1,False,-1
4194,TRIPLE,1,1,1,False,-1
4195,TRIPLE,1,1,1,False,-1
4196,TRIPLE,1,1,1,False,-1
4197,TRIPLE,1,1,1,False,-1
4198,TRIPLE,1,1,1,False,-1
4199,TRIPLE,1,1,1,False,-1
4200,TRIPLE,1,1,1,False,-1
4201,DOUBLE,0,1,1,False,-1
4202,TRIPLE,1,1,1,False,-1
4203,DOUBLE,0,1,1,False,-1
4204,TRIPLE,1,1,1,False,-1
4206,TRIPLE,1,1,1,False,-1
4207,TRIPLE,1,1,1,False,-1
4208,TRIPLE,1,1,1,False,-1
4210,TRIPLE,1,1,1,False,-1
4211,SINGLE,0,0,1,False,-1
4212,DOUBLE,0,1,1,False,-1
4213,TRIPLE,1,1,1,False,-1
4214,TRIPLE,1,1,1,False,-1
4215,SINGLE,0,0,1,False,-1
4216,DOUBLE,0,1,1,False,-1
4217,TRIPLE,1,1,1,False,-1
4218,TRIPLE,1,1,1,False,-1
4219,TRIPLE,1,1,1,False,-1
4220,TRIPLE,1,1,1,False,-1
4222,TRIPLE,1,1,1,False,-1
4223,TRIPLE,1,1,1,False,-1
4224,TRIPLE,1,1,1,False,-1
4225,TRIPLE,1,1,1,False,-1
4226,DOUBLE,0,1,1,False,-1
4227,TRIPLE,1,1,1,False,-1
4228,TRIPLE,1,1,1,False,-1
4229,SINGLE,0,0,1,False,-1
4231,TRIPLE,1,1,1,False,-1
4232,TRIPLE,1,1,1,False,-1
4233,TRIPLE,1,1,1,False,-1
4234,TRIPLE,1,1,1,False,-1
4235,DOUBLE,0,1,1,False,-1
4238,TRIPLE,1,1,1,False,-1
4239,TRIPLE,1,1,1,False,-1
4240,TRIPLE,1,1,1,False,-1
4241,SINGLE,0,0,1,False,-1
4242,TRIPLE,1,1,1,False,-1
4243,TRIPLE,1,1,1,False,-1
4244,TRIPLE,1,1,1,False,-1
4245,TRIPLE,1,1,1,False,-1
4247,DOUBLE,0,1,1,False,-1
4248,TRIPLE,1,1,1,False,-1
4249,DOUBLE,0,1,1,False,-1
4250,SINGLE,0,0,1,False,-1
4251,DOUBLE,0,1,1,False,-1
4252,TRIPLE,1,1,1,False,-1
4253,TRIPLE,1,1,1,False,-1
4254,TRIPLE,1,1,1,False,-1
4255,TRIPLE,1,1,1,False,-1
4256,TRIPLE,1,1,1,False,-1
4257,SINGLE,0,0,1,False,-1
4258,TRIPLE,1,1,1,False,-1
4259,SINGLE,0,0,1,False,-1
4260,TRIPLE,1,1,1,False,-1
4261,TRIPLE,1,1,1,False,-1
4263,DOUBLE,0,1,1,False,-1
4264,TRIPLE,1,1,1,False,-1
4266,TRIPLE,1,1,1,False,-1
4267,TRIPLE,1,1,1,False,-1
4268,TRIPLE,1,1,1,False,-1
4269,TRIPLE,1,1,1,False,-1
4270,TRIPLE,1,1,1,False,-1
4271,TRIPLE,1,1,1,False,-1
4272,SINGLE,0,0,1,False,-1
4273,DOUBLE,0,1,1,False,-1
4274,SINGLE,0,0,1,False,-1
4275,DOUBLE,0,1,1,False,-1
4276,TRIPLE,1,1,1,False,-1
4277,TRIPLE,1,1,1,False,-1
4278,TRIPLE,1,1,1,False,-1
4279,TRIPLE,1,1,1,False,-1
4280,TRIPLE,1,1,1,False,-1
4281,DOUBLE,0,1,1,False,-1
4283,TRIPLE,1,1,1,False,-1
4284,TRIPLE,1,1,1,False,-1
4285,DOUBLE,0,1,1,False,-1
4286,TRIPLE,1,1,1,False,-1
4287,TRIPLE,1,1,1,False,-1
4288,TRIPLE,1,1,1,False,-1
4290,SINGLE,0,0,1,False,-1
4291,SINGLE,0,0,1,False,-1
4292,DOUBLE,0,1,1,False,-1
4293,TRIPLE,1,1,1,False,-1
4294,TRIPLE,1,1,1,False,-1
4295,TRIPLE,1,1,1,False,-1
4296,TRIPLE,1,1,1,False,-1
4299,SINGLE,0,0,1,False,-1
4300,DOUBLE,0,1,1,False,-1
4301,TRIPLE,1,1,1,False,-1
4302,TRIPLE,1,1,1,False,-1
4303,DOUBLE,0,1,1,False,-1
4304,TRIPLE,1,1,1,False,-1
4305,DOUBLE,0,1,1,False,-1
4306,TRIPLE,1,1,1,False,-1
4307,TRIPLE,1,1,1,False,-1
4308,TRIPLE,1,1,1,False,-1
4311,SINGLE,0,0,1,False,-1
4312,DOUBLE,0,1,1,False,-1
4313,DOUBLE,0,1,1,False,-1
4314,DOUBLE,0,1,1,False,-1
4315,TRIPLE,1,1,1,False,-1
4316,TRIPLE,1,1,1,False,-1
4317,DOUBLE,0,1,1,False,-1
4318,TRIPLE,1,1,1,False,-1
4319,SINGLE,0,0,1,False,-1
4320,TRIPLE,1,1,1,False,-1
4321,TRIPLE,1,1,1,False,-1
4322,SINGLE,0,0,1,False,-1
4323,DOUBLE,0,1,1,False,-1
4324,DOUBLE,0,1,1,False,-1
4325,TRIPLE,1,1,1,False,-1
4326,DOUBLE,0,1,1,False,-1
4327,TRIPLE,1,1,1,False,-1
4328,TRIPLE,1,1,1,False,-1
4329,TRIPLE,1,1,1,False,-1
4330,TRIPLE,1,1,1,False,-1
4331,TRIPLE,1,1,1,False,-1
4332,SINGLE,0,0,1,False,-1
4333,DOUBLE,0,1,1,False,-1
4334,TRIPLE,1,1,1,False,-1
4335,TRIPLE,1,1,1,False,-1
4336,DOUBLE,0,1,1,False,-1
4337,DOUBLE,0,1,1,False,-1
4338,DOUBLE,0,1,1,False,-1
4340,TRIPLE,1,1,1,False,-1
4341,TRIPLE,1,1,1,False,-1
4342,TRIPLE,1,1,1,False,-1
4343,DOUBLE,0,1,1,False,-1
4344,TRIPLE,1,1,1,False,-1
4345,TRIPLE,1,1,1,False,-1
4346,DOUBLE,0,1,1,False,-1
4347,TRIPLE,1,1,1,False,-1
4348,TRIPLE,1,1,1,False,-1
4349,TRIPLE,1,1,1,False,-1
4350,TRIPLE,1,1,1,False,-1
4351,TRIPLE,1,1,1,False,-1
4352,DOUBLE,0,1,1,False,-1
4353,DOUBLE,0,1,1,False,-1
4354,TRIPLE,1,1,1,False,-1
4355,TRIPLE,1,1,1,False,-1
4356,DOUBLE,0,1,1,False,-1
4357,DOUBLE,0,1,1,False,-1
4358,DOUBLE,0,1,1,False,-1
4359,TRIPLE,1,1,1,False,-1
4360,TRIPLE,1,1,1,False,-1
4362,TRIPLE,1,1,1,False,-1
4363,DOUBLE,0,1,1,False,-1
4364,TRIPLE,1,1,1,False,-1
4365,TRIPLE,1,1,1,False,-1
4366,SINGLE,0,0,1,False,-1
4367,TRIPLE,1,1,1,False,-1
4368,TRIPLE,1,1,1,False,-1
4369,TRIPLE,1,1,1,False,-1
4370,SINGLE,0,0,1,False,-1
4371,DOUBLE,0,1,1,False,-1
4372,DOUBLE,0,1,1,False,-1
4373,TRIPLE,1,1,1,False,-1
4374,TRIPLE,1,1,1,False,-1
4375,SINGLE,0,0,1,False,-1
4376,DOUBLE,0,1,1,False,-1
4378,TRIPLE,1,1,1,False,-1
4379,DOUBLE,0,1,1,False,-1
4380,TRIPLE,1,1,1,False,-1
4381,SINGLE,0,0,1,False,-1
4382,TRIPLE,1,1,1,False,-1
4383,TRIPLE,1,1,1,False,-1
4384,DOUBLE,0,1,1,False,-1
4385,TRIPLE,1,1,1,False,-1
4386,DOUBLE,0,1,1,False,-1
4387,TRIPLE,1,1,1,False,-1
4388,SINGLE,0,0,1,False,-1
4389,DOUBLE,0,1,1,False,-1
4390,TRIPLE,1,1,1,False,-1
4391,DOUBLE,0,1,1,False,-1
4392,TRIPLE,1,1,1,False,-1
4393,TRIPLE,1,1,1,False,-1
4395,TRIPLE,1,1,1,False,-1
4396,TRIPLE,1,1,1,False,-1
4397,SINGLE,0,0,1,False,-1
4398,DOUBLE,0,1,1,False,-1
4399,TRIPLE,1,1,1,False,-1
4400,TRIPLE,1,1,1,False,-1
4402,SINGLE,0,0,1,False,-1
4403,TRIPLE,1,1,1,False,-1
4404,TRIPLE,1,1,1,False,-1
4405,DOUBLE,0,1,1,False,-1
4406,DOUBLE,0,1,1,False,-1
4407,TRIPLE,1,1,1,False,-1
4408,DOUBLE,0,1,1,False,-1
4409,TRIPLE,1,1,1,False,-1
4410,DOUBLE,0,1,1,False,-1
4411,SINGLE,0,0,1,False,-1
4412,SINGLE,0,0,1,False,-1
4413,DOUBLE,0,1,1,False,-1
4414,DOUBLE,0,1,1,False,-1
4416,TRIPLE,1,1,1,False,-1
4417,TRIPLE,1,1,1,False,-1
4418,TRIPLE,1,1,1,False,-1
4419,DOUBLE,0,1,1,False,-1
4420,TRIPLE,1,1,1,False,-1
4421,SINGLE,0,0,1,False,-1
4422,TRIPLE,1,1,1,False,-1
4423,DOUBLE,0,1,1,False,-1
4424,TRIPLE,1,1,1,False,-1
4425,SINGLE,0,0,1,False,-1
4426,SINGLE,0,0,1,False,-1
4427,TRIPLE,1,1,1,False,-1
4428,TRIPLE,1,1,1,False,-1
4429,TRIPLE,1,1,1,False,-1
4430,TRIPLE,1,1,1,False,-1
4431,SINGLE,0,0,1,False,-1
4432,TRIPLE,1,1,1,False,-1
4433,SINGLE,0,0,1,False,-1
4434,TRIPLE,1,1,1,False,-1
4435,DOUBLE,0,1,1,False,-1
4436,DOUBLE,0,1,1,False,-1
4437,SINGLE,0,0,1,False,-1
4438,DOUBLE,0,1,1,False,-1
4439,TRIPLE,1,1,1,False,-1
4440,TRIPLE,1,1,1,False,-1
4441,DOUBLE,0,1,1,False,-1
4442,TRIPLE,1,1,1,False,-1
4443,TRIPLE,1,1,1,False,-1
4444,TRIPLE,1,1,1,False,-1
4445,DOUBLE,0,1,1,False,-1
4446,DOUBLE,0,1,1,False,-1
4448,TRIPLE,1,1,1,False,-1
4449,TRIPLE,1,1,1,False,-1
4450,TRIPLE,1,1,1,False,-1
4452,TRIPLE,1,1,1,False,-1
4453,TRIPLE,1,1,1,False,-1
4454,TRIPLE,1,1,1,False,-1
4455,TRIPLE,1,1,1,False,-1
4456,SINGLE,0,0,1,False,-1
4458,TRIPLE,1,1,1,False,-1
4459,TRIPLE,1,1,1,False,-1
4460,DOUBLE,0,1,1,False,-1
4461,TRIPLE,1,1,1,False,-1
4462,TRIPLE,1,1,1,False,-1
4463,DOUBLE,0,1,1,False,-1
4464,DOUBLE,0,1,1,False,-1
4465,SINGLE,0,0,1,False,-1
4466,TRIPLE,1,1,1,False,-1
4467,TRIPLE,1,1,1,False,-1
4468,DOUBLE,0,1,1,False,-1
4470,TRIPLE,1,1,1,False,-1
4471,SINGLE,0,0,1,False,-1
4472,TRIPLE,1,1,1,False,-1
4473,TRIPLE,1,1,1,False,-1
4474,DOUBLE,0,1,1,False,-1
4475,TRIPLE,1,1,1,False,-1
4476,SINGLE,0,0,1,False,-1
4478,DOUBLE,0,1,1,False,-1
4479,TRIPLE,1,1,1,False,-1
4480,DOUBLE,0,1,1,False,-1
4481,TRIPLE,1,1,1,False,-1
4482,DOUBLE,0,1,1,False,-1
4483,DOUBLE,0,1,1,False,-1
4484,DOUBLE,0,1,1,False,-1
4485,TRIPLE,1,1,1,False,-1
4486,DOUBLE,0,1,1,False,-1
4487,TRIPLE,1,1,1,False,-1
4489,DOUBLE,0,1,1,False,-1
4490,TRIPLE,1,1,1,False,-1
4491,TRIPLE,1,1,1,False,-1
4492,SINGLE,0,0,1,False,-1
4493,DOUBLE,0,1,1,False,-1
4494,SINGLE,0,0,1,False,-1
4495,SINGLE,0,0,1,False,-1
4496,DOUBLE,0,1,1,False,-1
4498,SINGLE,0,0,1,False,-1
4499,DOUBLE,0,1,1,False,-1
4500,TRIPLE,1,1,1,False,-1
4501,DOUBLE,0,1,1,False,-1
4502,TRIPLE,1,1,1,False,-1
4503,TRIPLE,1,1,1,False,-1
4504,TRIPLE,1,1,1,False,-1
4505,DOUBLE,0,1,1,False,-1
4506,TRIPLE,1,1,1,False,-1
4507,TRIPLE,1,1,1,False,-1
4508,TRIPLE,1,1,1,False,-1
4510,TRIPLE,1,1,1,False,-1
4511,DOUBLE,0,1,1,False,-1
4512,TRIPLE,1,1,1,False,-1
4513,TRIPLE,1,1,1,False,-1
4515,TRIPLE,1,1,1,False,-1
4516,TRIPLE,1,1,1,False,-1
4517,TRIPLE,1,1,1,False,-1
4518,TRIPLE,1,1,1,False,-1
4519,TRIPLE,1,1,1,False,-1
4520,TRIPLE,1,1,1,False,-1
4521,DOUBLE,0,1,1,False,-1
4522,SINGLE,0,0,1,False,-1
4523,TRIPLE,1,1,1,False,-1
4524,SINGLE,0,0,1,False,-1
4525,TRIPLE,1,1,1,False,-1
4526,SINGLE,0,0,1,False,-1
4527,TRIPLE,1,1,1,False,-1
4528,TRIPLE,1,1,1,False,-1
4529,TRIPLE,1,1,1,False,-1
4530,DOUBLE,0,1,1,False,-1
4531,TRIPLE,1,1,1,False,-1
4532,TRIPLE,1,1,1,False,-1
4533,DOUBLE,0,1,1,False,-1
4534,TRIPLE,1,1,1,False,-1
4535,TRIPLE,1,1,1,False,-1
4536,DOUBLE,0,1,1,False,-1
4537,DOUBLE,0,1,1,False,-1
4538,TRIPLE,1,1,1,False,-1
4539,DOUBLE,0,1,1,False,-1
4540,DOUBLE,0,1,1,False,-1
4541,DOUBLE,0,1,1,False,-1
4542,DOUBLE,0,1,1,False,-1
4543,TRIPLE,1,1,1,False,-1
4544,TRIPLE,1,1,1,False,-1
4545,DOUBLE,0,1,1,False,-1
4546,TRIPLE,1,1,1,False,-1
4547,TRIPLE,1,1,1,False,-1
4548,DOUBLE,0,1,1,False,-1
4549,TRIPLE,1,1,1,False,-1
4551,SINGLE,0,0,1,False,-1
4552,TRIPLE,1,1,1,False,-1
4553,TRIPLE,1,1,1,False,-1
4554,TRIPLE,1,1,1,False,-1
4555,TRIPLE,1,1,1,False,-1
4558,DOUBLE,0,1,1,False,-1
4559,TRIPLE,1,1,1,False,-1
4560,DOUBLE,0,1,1,False,-1
4561,DOUBLE,0,1,1,False,-1
4562,TRIPLE,1,1,1,False,-1
4563,TRIPLE,1,1,1,False,-1
4564,TRIPLE,1,1,1,False,-1
4565,TRIPLE,1,1,1,False,-1
4566,DOUBLE,0,1,1,False,-1
4567,TRIPLE,1,1,1,False,-1
4568,TRIPLE,1,1,1,False,-1
4570,TRIPLE,1,1,1,False,-1
4571,TRIPLE,1,1,1,False,-1
4572,TRIPLE,1,1,1,False,-1
4573,DOUBLE,0,1,1,False,-1
4574,DOUBLE,0,1,1,False,-1
4575,TRIPLE,1,1,1,False,-1
4577,TRIPLE,1,1,1,False,-1
4578,TRIPLE,1,1,1,False,-1
4579,DOUBLE,0,1,1,False,-1
4580,DOUBLE,0,1,1,False,-1
4581,SINGLE,0,0,1,False,-1
4582,TRIPLE,1,1,1,False,-1
4583,TRIPLE,1,1,1,False,-1
4584,TRIPLE,1,1,1,False,-1
4585,DOUBLE,0,1,1,False,-1
4586,DOUBLE,0,1,1,False,-1
4587,DOUBLE,0,1,1,False,-1
4588,TRIPLE,1,1,1,False,-1
4589,DOUBLE,0,1,1,False,-1
4590,DOUBLE,0,1,1,False,-1
4591,TRIPLE,1,1,1,False,-1
4592,DOUBLE,0,1,1,False,-1
4593,TRIPLE,1,1,1,False,-1
4594,TRIPLE,1,1,1,False,-1
4595,SINGLE,0,0,1,False,-1
4596,SINGLE,0,0,1,False,-1
4597,TRIPLE,1,1,1,False,-1
4599,TRIPLE,1,1,1,False,-1
4600,SINGLE,0,0,1,False,-1
4601,TRIPLE,1,1,1,False,-1
4602,TRIPLE,1,1,1,False,-1
4603,TRIPLE,1,1,1,False,-1
4604,DOUBLE,0,1,1,False,-1
4607,DOUBLE,0,1,1,False,-1
4608,TRIPLE,1,1,1,False,-1
4609,TRIPLE,1,1,1,False,-1
4610,DOUBLE,0,1,1,False,-1
4611,TRIPLE,1,1,1,False,-1
4612,DOUBLE,0,1,1,False,-1
4613,TRIPLE,1,1,1,False,-1
4614,TRIPLE,1,1,1,False,-1
4615,TRIPLE,1,1,1,False,-1
4616,DOUBLE,0,1,1,False,-1
4617,DOUBLE,0,1,1,False,-1
4618,SINGLE,0,0,1,False,-1
4619,SINGLE,0,0,1,False,-1
4620,SINGLE,0,0,1,False,-1
4621,TRIPLE,1,1,1,False,-1
4622,TRIPLE,1,1,1,False,-1
4624,SINGLE,0,0,1,False,-1
4625,DOUBLE,0,1,1,False,-1
4626,TRIPLE,1,1,1,False,-1
4627,TRIPLE,1,1,1,False,-1
4628,TRIPLE,1,1,1,False,-1
4629,DOUBLE,0,1,1,False,-1
4630,SINGLE,0,0,1,False,-1
4631,TRIPLE,1,1,1,False,-1
4632,DOUBLE,0,1,1,False,-1
4633,DOUBLE,0,1,1,False,-1
4634,DOUBLE,0,1,1,False,-1
4635,DOUBLE,0,1,1,False,-1
4637,TRIPLE,1,1,1,False,-1
4638,TRIPLE,1,1,1,False,-1
4639,TRIPLE,1,1,1,False,-1
4641,DOUBLE,0,1,1,False,-1
4642,SINGLE,0,0,1,False,-1
4643,TRIPLE,1,1,1,False,-1
4644,TRIPLE,1,1,1,False,-1
4645,DOUBLE,0,1,1,False,-1
4646,DOUBLE,0,1,1,False,-1
4647,TRIPLE,1,1,1,False,-1
4648,SINGLE,0,0,1,False,-1
4649,TRIPLE,1,1,1,False,-1
4650,TRIPLE,1,1,1,False,-1
4651,TRIPLE,1,1,1,False,-1
4652,DOUBLE,0,1,1,False,-1
4654,SINGLE,0,0,1,False,-1
4656,DOUBLE,0,1,1,False,-1
4657,TRIPLE,1,1,1,False,-1
4658,TRIPLE,1,1,1,False,-1
4659,TRIPLE,1,1,1,False,-1
4660,SINGLE,0,0,1,False,-1
4661,DOUBLE,0,1,1,False,-1
4662,TRIPLE,1,1,1,False,-1
4663,TRIPLE,1,1,1,False,-1
4664,TRIPLE,1,1,1,False,-1
4665,TRIPLE,1,1,1,False,-1
4666,DOUBLE,0,1,1,False,-1
4667,TRIPLE,1,1,1,False,-1
4668,DOUBLE,0,1,1,False,-1
4670,TRIPLE,1,1,1,False,-1
4671,DOUBLE,0,1,1,False,-1
4672,SINGLE,0,0,1,False,-1
4673,DOUBLE,0,1,1,False,-1
4674,TRIPLE,1,1,1,False,-1
4675,TRIPLE,1,1,1,False,-1
4677,SINGLE,0,0,1,False,-1
4678,TRIPLE,1,1,1,False,-1
4679,DOUBLE,0,1,1,False,-1
4680,TRIPLE,1,1,1,False,-1
4681,TRIPLE,1,1,1,False,-1
4682,DOUBLE,0,1,1,False,-1
4684,SINGLE,0,0,1,False,-1
4685,TRIPLE,1,1,1,False,-1
4686,TRIPLE,1,1,1,False,-1
4687,SINGLE,0,0,1,False,-1
4688,TRIPLE,1,1,1,False,-1
4689,SINGLE,0,0,1,False,-1
4690,TRIPLE,1,1,1,False,-1
4691,DOUBLE,0,1,1,False,-1
4693,TRIPLE,1,1,1,False,-1
4694,DOUBLE,0,1,1,False,-1
4695,DOUBLE,0,1,1,False,-1
4696,TRIPLE,1,1,1,False,-1
4697,TRIPLE,1,1,1,False,-1
4698,TRIPLE,1,1,1,False,-1
4699,TRIPLE,1,1,1,False,-1
4700,TRIPLE,1,1,1,False,-1
4701,TRIPLE,1,1,1,False,-1
4702,DOUBLE,0,1,1,False,-1
4703,SINGLE,0,0,1,False,-1
4704,DOUBLE,0,1,1,False,-1
4705,TRIPLE,1,1,1,False,-1
4706,DOUBLE,0,1,1,False,-1
4707,DOUBLE,0,1,1,False,-1
4708,TRIPLE,1,1,1,False,-1
4710,TRIPLE,1,1,1,False,-1
4711,TRIPLE,1,1,1,False,-1
4713,DOUBLE,0,1,1,False,-1
4714,TRIPLE,1,1,1,False,-1
4715,DOUBLE,0,1,1,False,-1
4716,DOUBLE,0,1,1,False,-1
4717,TRIPLE,1,1,1,False,-1
4718,TRIPLE,1,1,1,False,-1
4719,DOUBLE,0,1,1,False,-1
4720,DOUBLE,0,1,1,False,-1
4721,SINGLE,0,0,1,False,-1
4722,DOUBLE,0,1,1,False,-1
4724,TRIPLE,1,1,1,False,-1
4725,TRIPLE,1,1,1,False,-1
4726,TRIPLE,1,1,1,False,-1
4727,DOUBLE,0,1,1,False,-1
4728,DOUBLE,0,1,1,False,-1
4729,TRIPLE,1,1,1,False,-1
4730,TRIPLE,1,1,1,False,-1
4732,SINGLE,0,0,1,False,-1
4733,DOUBLE,0,1,1,False,-1
4734,TRIPLE,1,1,1,False,-1
4735,TRIPLE,1,1,1,False,-1
4736,TRIPLE,1,1,1,False,-1
4737,SINGLE,0,0,1,False,-1
4738,DOUBLE,0,1,1,False,-1
4739,TRIPLE,1,1,1,False,-1
4740,SINGLE,0,0,1,False,-1
4741,TRIPLE,1,1,1,False,-1
4742,TRIPLE,1,1,1,False,-1
4743,TRIPLE,1,1,1,False,-1
4744,SINGLE,0,0,1,False,-1
4745,TRIPLE,1,1,1,False,-1
4746,TRIPLE,1,1,1,False,-1
4747,DOUBLE,0,1,1,False,-1
4748,DOUBLE,0,1,1,False,-1
4749,TRIPLE,1,1,1,False,-1
4750,SINGLE,0,0,1,False,-1
4751,TRIPLE,1,1,1,False,-1
4752,SINGLE,0,0,1,False,-1
4753,SINGLE,0,0,1,False,-1
4754,TRIPLE,1,1,1,False,-1
4755,TRIPLE,1,1,1,False,-1
4758,DOUBLE,0,1,1,False,-1
4759,DOUBLE,0,1,1,False,-1
4760,TRIPLE,1,1,1,False,-1
4762,SINGLE,0,0,1,False,-1
4763,SINGLE,0,0,1,False,-1
4764,DOUBLE,0,1,1,False,-1
4765,TRIPLE,1,1,1,False,-1
4766,DOUBLE,0,1,1,False,-1
4767,TRIPLE,1,1,1,False,-1
4769,TRIPLE,1,1,1,False,-1
4770,TRIPLE,1,1,1,False,-1
4771,SINGLE,0,0,1,False,-1
4772,DOUBLE,0,1,1,False,-1
4773,DOUBLE,0,1,1,False,-1
4774,TRIPLE,1,1,1,False,-1
4775,SINGLE,0,0,1,False,-1
4776,TRIPLE,1,1,1,False,-1
4777,SINGLE,0,0,1,False,-1
4778,TRIPLE,1,1,1,False,-1
4779,DOUBLE,0,1,1,False,-1
4780,DOUBLE,0,1,1,False,-1
4781,TRIPLE,1,1,1,False,-1
4782,TRIPLE,1,1,1,False,-1
4783,DOUBLE,0,1,1,False,-1
4784,SINGLE,0,0,1,False,-1
4785,TRIPLE,1,1,1,False,-1
4786,TRIPLE,1,1,1,False,-1
4787,TRIPLE,1,1,1,False,-1
4788,DOUBLE,0,1,1,False,-1
4789,TRIPLE,1,1,1,False,-1
4790,TRIPLE,1,1,1,False,-1
4793,TRIPLE,1,1,1,False,-1
4794,DOUBLE,0,1,1,False,-1
4795,TRIPLE,1,1,1,False,-1
4796,TRIPLE,1,1,1,False,-1
4797,TRIPLE,1,1,1,False,-1
4798,TRIPLE,1,1,1,False,-1
4799,DOUBLE,0,1,1,False,-1
4800,TRIPLE,1,1,1,False,-1
4801,SINGLE,0,0,1,False,-1
4802,TRIPLE,1,1,1,False,-1
4803,DOUBLE,0,1,1,False,-1
4804,TRIPLE,1,1,1,False,-1
4805,SINGLE,0,0,1,False,-1
4806,TRIPLE,1,1,1,False,-1
4807,SINGLE,0,0,1,False,-1
4808,TRIPLE,1,1,1,False,-1
4810,DOUBLE,0,1,1,False,-1
4811,TRIPLE,1,1,1,False,-1
4812,SINGLE,0,0,1,False,-1
4813,TRIPLE,1,1,1,False,-1
4815,TRIPLE,1,1,1,False,-1
4816,TRIPLE,1,1,1,False,-1
4817,TRIPLE,1,1,1,False,-1
4818,TRIPLE,1,1,1,False,-1
4819,TRIPLE,1,1,1,False,-1
4821,TRIPLE,1,1,1,False,-1
4822,TRIPLE,1,1,1,False,-1
4824,TRIPLE,1,1,1,False,-1
4826,TRIPLE,1,1,1,False,-1
4828,TRIPLE,1,1,1,False,-1
4829,DOUBLE,0,1,1,False,-1
4830,TRIPLE,1,1,1,False,-1
4831,TRIPLE,1,1,1,False,-1
4832,DOUBLE,0,1,1,False,-1
4834,DOUBLE,0,1,1,False,-1
4835,TRIPLE,1,1,1,False,-1
4836,TRIPLE,1,1,1,False,-1
4837,DOUBLE,0,1,1,False,-1
4838,TRIPLE,1,1,1,False,-1
4839,TRIPLE,1,1,1,False,-1
4840,SINGLE,0,0,1,False,-1
4841,TRIPLE,1,1,1,False,-1
4842,DOUBLE,0,1,1,False,-1
4843,TRIPLE,1,1,1,False,-1
4844,TRIPLE,1,1,1,False,-1
4845,TRIPLE,1,1,1,False,-1
4846,TRIPLE,1,1,1,False,-1
4847,TRIPLE,1,1,1,False,-1
4848,TRIPLE,1,1,1,False,-1
4849,TRIPLE,1,1,1,False,-1
4850,SINGLE,0,0,1,False,-1
4851,TRIPLE,1,1,1,False,-1
4852,TRIPLE,1,1,1,False,-1
4853,SINGLE,0,0,1,False,-1
4854,SINGLE,0,0,1,False,-1
4855,TRIPLE,1,1,1,False,-1
4856,TRIPLE,1,1,1,False,-1
4857,SINGLE,0,0,1,False,-1
4858,DOUBLE,0,1,1,False,-1
4859,TRIPLE,1,1,1,False,-1
4860,DOUBLE,0,1,1,False,-1
4861,SINGLE,0,0,1,False,-1
4862,TRIPLE,1,1,1,False,-1
4863,TRIPLE,1,1,1,False,-1
4864,DOUBLE,0,1,1,False,-1
4865,DOUBLE,0,1,1,False,-1
4866,TRIPLE,1,1,1,False,-1
4867,SINGLE,0,0,1,False,-1
4868,TRIPLE,1,1,1,False,-1
4869,TRIPLE,1,1,1,False,-1
4870,DOUBLE,0,1,1,False,-1
4871,DOUBLE,0,1,1,False,-1
4872,TRIPLE,1,1,1,False,-1
4873,TRIPLE,1,1,1,False,-1
4874,TRIPLE,1,1,1,False,-1
4875,SINGLE,0,0,1,False,-1
4876,TRIPLE,1,1,1,False,-1
4877,TRIPLE,1,1,1,False,-1
4878,SINGLE,0,0,1,False,-1
4879,TRIPLE,1,1,1,False,-1
4881,TRIPLE,1,1,1,False,-1
4882,TRIPLE,1,1,1,False,-1
4883,SINGLE,0,0,1,False,-1
4884,DOUBLE,0,1,1,False,-1
4885,TRIPLE,1,1,1,False,-1
4886,SINGLE,0,0,1,False,-1
4887,TRIPLE,1,1,1,False,-1
4888,SINGLE,0,0,1,False,-1
4889,TRIPLE,1,1,1,False,-1
4890,DOUBLE,0,1,1,False,-1
4891,TRIPLE,1,1,1,False,-1
4892,DOUBLE,0,1,1,False,-1
4893,SINGLE,0,0,1,False,-1
4894,TRIPLE,1,1,1,False,-1
4895,TRIPLE,1,1,1,False,-1
4896,DOUBLE,0,1,1,False,-1
4897,TRIPLE,1,1,1,False,-1
4898,DOUBLE,0,1,1,False,-1
4899,TRIPLE,1,1,1,False,-1
4900,TRIPLE,1,1,1,False,-1
4901,SINGLE,0,0,1,False,-1
4902,SINGLE,0,0,1,False,-1
4903,TRIPLE,1,1,1,False,-1
4904,SINGLE,0,0,1,False,-1
4905,DOUBLE,0,1,1,False,-1
4906,TRIPLE,1,1,1,False,-1
4907,TRIPLE,1,1,1,False,-1
4908,TRIPLE,1,1,1,False,-1
4909,DOUBLE,0,1,1,False,-1
4910,DOUBLE,0,1,1,False,-1
4911,DOUBLE,0,1,1,False,-1
4912,DOUBLE,0,1,1,False,-1
4913,TRIPLE,1,1,1,False,-1
4914,DOUBLE,0,1,1,False,-1
4915,TRIPLE,1,1,1,False,-1
4917,SINGLE,0,0,1,False,-1
4918,TRIPLE,1,1,1,False,-1
4921,SINGLE,0,0,1,False,-1
4922,SINGLE,0,0,1,False,-1
4923,TRIPLE,1,1,1,False,-1
4924,DOUBLE,0,1,1,False,-1
4925,DOUBLE,0,1,1,False,-1
4926,TRIPLE,1,1,1,False,-1
4927,TRIPLE,1,1,1,False,-1
4928,TRIPLE,1,1,1,False,-1
4929,TRIPLE,1,1,1,False,-1
4930,SINGLE,0,0,1,False,-1
4931,TRIPLE,1,1,1,False,-1
4932,DOUBLE,0,1,1,False,-1
4933,TRIPLE,1,1,1,False,-1
4934,TRIPLE,1,1,1,False,-1
4935,TRIPLE,1,1,1,False,-1
4936,TRIPLE,1,1,1,False,-1
4937,TRIPLE,1,1,1,False,-1
4938,DOUBLE,0,1,1,False,-1
4939,DOUBLE,0,1,1,False,-1
4940,TRIPLE,1,1,1,False,-1
4941,DOUBLE,0,1,1,False,-1
4942,TRIPLE,1,1,1,False,-1
4943,TRIPLE,1,1,1,False,-1
4945,TRIPLE,1,1,1,False,-1
4946,SINGLE,0,0,1,False,-1
4947,TRIPLE,1,1,1,False,-1
4948,TRIPLE,1,1,1,False,-1
4949,SINGLE,0,0,1,False,-1
4950,TRIPLE,1,1,1,False,-1
4951,TRIPLE,1,1,1,False,-1
4952,DOUBLE,0,1,1,False,-1
4953,TRIPLE,1,1,1,False,-1
4954,TRIPLE,1,1,1,False,-1
4955,TRIPLE,1,1,1,False,-1
4956,SINGLE,0,0,1,False,-1
4957,TRIPLE,1,1,1,False,-1
4958,DOUBLE,0,1,1,False,-1
4959,TRIPLE,1,1,1,False,-1
4960,TRIPLE,1,1,1,False,-1
4961,TRIPLE,1,1,1,False,-1
4962,DOUBLE,0,1,1,False,-1
4963,TRIPLE,1,1,1,False,-1
4964,TRIPLE,1,1,1,False,-1
4965,DOUBLE,0,1,1,False,-1
4966,SINGLE,0,0,1,False,-1
4967,DOUBLE,0,1,1,False,-1
4968,DOUBLE,0,1,1,False,-1
4969,SINGLE,0,0,1,False,-1
4970,TRIPLE,1,1,1,False,-1
4971,TRIPLE,1,1,1,False,-1
4973,TRIPLE,1,1,1,False,-1
4976,TRIPLE,1,1,1,False,-1
4977,SINGLE,0,0,1,False,-1
4979,DOUBLE,0,1,1,False,-1
4980,DOUBLE,0,1,1,False,-1
4981,TRIPLE,1,1,1,False,-1
4982,TRIPLE,1,1,1,False,-1
4983,TRIPLE,1,1,1,False,-1
4984,TRIPLE,1,1,1,False,-1
4985,TRIPLE,1,1,1,False,-1
4986,DOUBLE,0,1,1,False,-1
4987,TRIPLE,1,1,1,False,-1
4988,DOUBLE,0,1,1,False,-1
4989,TRIPLE,1,1,1,False,-1
4990,DOUBLE,0,1,1,False,-1
4991,DOUBLE,0,1,1,False,-1
4994,DOUBLE,0,1,1,False,-1
4995,DOUBLE,0,1,1,False,-1
4996,TRIPLE,1,1,1,False,-1
4997,TRIPLE,1,1,1,False,-1
4998,DOUBLE,0,1,1,False,-1
4999,SINGLE,0,0,1,False,-1
5000,DOUBLE,0,1,1,False,-1
5001,TRIPLE,1,1,1,False,-1
5002,DOUBLE,0,1,1,False,-1
5003,SINGLE,0,0,1,False,-1
5004,SINGLE,0,0,1,False,-1
5005,SINGLE,0,0,1,False,-1
5006,TRIPLE,1,1,1,False,-1
5007,SINGLE,0,0,1,False,-1
5008,DOUBLE,0,1,1,False,-1
5009,DOUBLE,0,1,1,False,-1
5010,DOUBLE,0,1,1,False,-1
5011,TRIPLE,1,1,1,False,-1
5012,TRIPLE,1,1,1,False,-1
5013,TRIPLE,1,1,1,False,-1
5014,SINGLE,0,0,1,False,-1
5015,DOUBLE,0,1,1,False,-1
5016,TRIPLE,1,1,1,False,-1
5017,TRIPLE,1,1,1,False,-1
5018,DOUBLE,0,1,1,False,-1
5020,DOUBLE,0,1,1,False,-1
5021,TRIPLE,1,1,1,False,-1
5023,TRIPLE,1,1,1,False,-1
5024,TRIPLE,1,1,1,False,-1
5025,DOUBLE,0,1,1,False,-1
5026,TRIPLE,1,1,1,False,-1
5027,TRIPLE,1,1,1,False,-1
5028,TRIPLE,1,1,1,False,-1
5029,TRIPLE,1,1,1,False,-1
5030,TRIPLE,1,1,1,False,-1
5031,TRIPLE,1,1,1,False,-1
5032,TRIPLE,1,1,1,False,-1
5033,DOUBLE,0,1,1,False,-1
5034,TRIPLE,1,1,1,False,-1
5036,TRIPLE,1,1,1,False,-1
5037,DOUBLE,0,1,1,False,-1
5038,DOUBLE,0,1,1,False,-1
5040,SINGLE,0,0,1,False,-1
5041,SINGLE,0,0,1,False,-1
5042,TRIPLE,1,1,1,False,-1
5043,TRIPLE,1,1,1,False,-1
5044,TRIPLE,1,1,1,False,-1
5046,DOUBLE,0,1,1,False,-1
5047,TRIPLE,1,1,1,False,-1
5048,DOUBLE,0,1,1,False,-1
5049,DOUBLE,0,1,1,False,-1
5050,SINGLE,0,0,1,False,-1
5051,SINGLE,0,0,1,False,-1
5052,DOUBLE,0,1,1,False,-1
5053,TRIPLE,1,1,1,False,-1
5055,DOUBLE,0,1,1,False,-1
5056,TRIPLE,1,1,1,False,-1
5057,TRIPLE,1,1,1,False,-1
5058,SINGLE,0,0,1,False,-1
5059,DOUBLE,0,1,1,False,-1
5060,TRIPLE,1,1,1,False,-1
5062,DOUBLE,0,1,1,False,-1
5064,TRIPLE,1,1,1,False,-1
5065,TRIPLE,1,1,1,False,-1
5066,TRIPLE,1,1,1,False,-1
5067,TRIPLE,1,1,1,False,-1
5068,TRIPLE,1,1,1,False,-1
5069,TRIPLE,1,1,1,False,-1
5070,DOUBLE,0,1,1,False,-1
5071,TRIPLE,1,1,1,False,-1
5072,TRIPLE,1,1,1,False,-1
5073,TRIPLE,1,1,1,False,-1
5075,DOUBLE,0,1,1,False,-1
5076,SINGLE,0,0,1,False,-1
5077,DOUBLE,0,1,1,False,-1
5079,DOUBLE,0,1,1,False,-1
5080,TRIPLE,1,1,1,False,-1
5081,TRIPLE,1,1,1,False,-1
5082,SINGLE,0,0,1,False,-1
5084,TRIPLE,1,1,1,False,-1
5085,TRIPLE,1,1,1,False,-1
5087,DOUBLE,0,1,1,False,-1
5088,TRIPLE,1,1,1,False,-1
5089,DOUBLE,0,1,1,False,-1
5090,TRIPLE,1,1,1,False,-1
5091,TRIPLE,1,1,1,False,-1
5092,TRIPLE,1,1,1,False,-1
5093,SINGLE,0,0,1,False,-1
5094,DOUBLE,0,1,1,False,-1
5095,TRIPLE,1,1,1,False,-1
5096,SINGLE,0,0,1,False,-1
5098,TRIPLE,1,1,1,False,-1
5099,TRIPLE,1,1,1,False,-1
5100,TRIPLE,1,1,1,False,-1
5101,TRIPLE,1,1,1,False,-1
5102,SINGLE,0,0,1,False,-1
5103,TRIPLE,1,1,1,False,-1
5104,TRIPLE,1,1,1,False,-1
5105,TRIPLE,1,1,1,False,-1
5106,SINGLE,0,0,1,False,-1
5107,DOUBLE,0,1,1,False,-1
5108,TRIPLE,1,1,1,False,-1
5109,TRIPLE,1,1,1,False,-1
5110,SINGLE,0,0,1,False,-1
5111,TRIPLE,1,1,1,False,-1
5112,TRIPLE,1,1,1,False,-1
5113,TRIPLE,1,1,1,False,-1
5114,TRIPLE,1,1,1,False,-1
5115,TRIPLE,1,1,1,False,-1
5116,DOUBLE,0,1,1,False,-1
5117,TRIPLE,1,1,1,False,-1
5118,DOUBLE,0,1,1,False,-1
5119,TRIPLE,1,1,1,False,-1
5120,TRIPLE,1,1,1,False,-1
5121,SINGLE,0,0,1,False,-1
5122,TRIPLE,1,1,1,False,-1
5123,TRIPLE,1,1,1,False,-1
5124,TRIPLE,1,1,1,False,-1
5125,SINGLE,0,0,1,False,-1
5126,SINGLE,0,0,1,False,-1
5127,DOUBLE,0,1,1,False,-1
5128,DOUBLE,0,1,1,False,-1
5129,DOUBLE,0,1,1,False,-1
5130,TRIPLE,1,1,1,False,-1
5131,DOUBLE,0,1,1,False,-1
5132,TRIPLE,1,1,1,False,-1
5133,DOUBLE,0,1,1,False,-1
5134,TRIPLE,1,1,1,False,-1
5135,SINGLE,0,0,1,False,-1
5137,TRIPLE,1,1,1,False,-1
5138,DOUBLE,0,1,1,False,-1
5139,DOUBLE,0,1,1,False,-1
5140,DOUBLE,0,1,1,False,-1
5141,TRIPLE,1,1,1,False,-1
5142,DOUBLE,0,1,1,False,-1
5143,DOUBLE,0,1,1,False,-1
5144,TRIPLE,1,1,1,False,-1
5145,TRIPLE,1,1,1,False,-1
5146,TRIPLE,1,1,1,False,-1
5147,TRIPLE,1,1,1,False,-1
5148,TRIPLE,1,1,1,False,-1
5149,TRIPLE,1,1,1,False,-1
5150,DOUBLE,0,1,1,False,-1
5151,SINGLE,0,0,1,False,-1
5152,TRIPLE,1,1,1,False,-1
5153,TRIPLE,1,1,1,False,-1
5154,TRIPLE,1,1,1,False,-1
5156,DOUBLE,0,1,1,False,-1
5157,DOUBLE,0,1,1,False,-1
5159,TRIPLE,1,1,1,False,-1
5161,TRIPLE,1,1,1,False,-1
5163,DOUBLE,0,1,1,False,-1
5164,TRIPLE,1,1,1,False,-1
5165,DOUBLE,0,1,1,False,-1
5166,DOUBLE,0,1,1,False,-1
5167,TRIPLE,1,1,1,False,-1
5168,DOUBLE,0,1,1,False,-1
5169,SINGLE,0,0,1,False,-1
5170,DOUBLE,0,1,1,False,-1
5171,TRIPLE,1,1,1,False,-1
5172,DOUBLE,0,1,1,False,-1
5174,SINGLE,0,0,1,False,-1
5176,SINGLE,0,0,1,False,-1
5177,TRIPLE,1,1,1,False,-1
5178,TRIPLE,1,1,1,False,-1
5179,DOUBLE,0,1,1,False,-1
5181,DOUBLE,0,1,1,False,-1
5183,SINGLE,0,0,1,False,-1
5184,SINGLE,0,0,1,False,-1
5185,DOUBLE,0,1,1,False,-1
5186,TRIPLE,1,1,1,False,-1
5187,SINGLE,0,0,1,False,-1
5188,SINGLE,0,0,1,False,-1
5190,TRIPLE,1,1,1,False,-1
5191,TRIPLE,1,1,1,False,-1
5192,TRIPLE,1,1,1,False,-1
5193,TRIPLE,1,1,1,False,-1
5194,TRIPLE,1,1,1,False,-1
5195,TRIPLE,1,1,1,False,-1
5196,DOUBLE,0,1,1,False,-1
5197,TRIPLE,1,1,1,False,-1
5198,DOUBLE,0,1,1,False,-1
5199,DOUBLE,0,1,1,False,-1
5200,TRIPLE,1,1,1,False,-1
5201,SINGLE,0,0,1,False,-1
5202,DOUBLE,0,1,1,False,-1
5203,DOUBLE,0,1,1,False,-1
5204,TRIPLE,1,1,1,False,-1
5205,DOUBLE,0,1,1,False,-1
5206,TRIPLE,1,1,1,False,-1
5207,TRIPLE,1,1,1,False,-1
5208,DOUBLE,0,1,1,False,-1
5209,DOUBLE,0,1,1,False,-1
5210,TRIPLE,1,1,1,False,-1
5211,TRIPLE,1,1,1,False,-1
5213,TRIPLE,1,1,1,False,-1
5214,DOUBLE,0,1,1,False,-1
5215,TRIPLE,1,1,1,False,-1
5217,DOUBLE,0,1,1,False,-1
5218,TRIPLE,1,1,1,False,-1
5219,TRIPLE,1,1,1,False,-1
5220,TRIPLE,1,1,1,False,-1
5221,DOUBLE,0,1,1,False,-1
5223,TRIPLE,1,1,1,False,-1
5224,DOUBLE,0,1,1,False,-1
5225,DOUBLE,0,1,1,False,-1
5227,DOUBLE,0,1,1,False,-1
5228,DOUBLE,0,1,1,False,-1
5229,TRIPLE,1,1,1,False,-1
5230,SINGLE,0,0,1,False,-1
5231,TRIPLE,1,1,1,False,-1
5232,TRIPLE,1,1,1,False,-1
5233,TRIPLE,1,1,1,False,-1
5234,TRIPLE,1,1,1,False,-1
5235,DOUBLE,0,1,1,False,-1
5236,TRIPLE,1,1,1,False,-1
5237,DOUBLE,0,1,1,False,-1
5238,TRIPLE,1,1,1,False,-1
5239,DOUBLE,0,1,1,False,-1
5240,TRIPLE,1,1,1,False,-1
5241,TRIPLE,1,1,1,False,-1
5242,TRIPLE,1,1,1,False,-1
5243,SINGLE,0,0,1,False,-1
5244,TRIPLE,1,1,1,False,-1
5245,DOUBLE,0,1,1,False,-1
5246,DOUBLE,0,1,1,False,-1
5247,TRIPLE,1,1,1,False,-1
5248,TRIPLE,1,1,1,False,-1
5249,DOUBLE,0,1,1,False,-1
5250,TRIPLE,1,1,1,False,-1
5251,TRIPLE,1,1,1,False,-1
5252,TRIPLE,1,1,1,False,-1
5253,TRIPLE,1,1,1,False,-1
5254,TRIPLE,1,1,1,False,-1
5255,TRIPLE,1,1,1,False,-1
5256,DOUBLE,0,1,1,False,-1
5257,DOUBLE,0,1,1,False,-1
5258,TRIPLE,1,1,1,False,-1
5259,TRIPLE,1,1,1,False,-1
5260,DOUBLE,0,1,1,False,-1
5261,TRIPLE,1,1,1,False,-1
5262,TRIPLE,1,1,1,False,-1
5263,SINGLE,0,0,1,False,-1
5264,DOUBLE,0,1,1,False,-1
5265,SINGLE,0,0,1,False,-1
5266,SINGLE,0,0,1,False,-1
5267,DOUBLE,0,1,1,False,-1
5268,TRIPLE,1,1,1,False,-1
5269,DOUBLE,0,1,1,False,-1
5270,TRIPLE,1,1,1,False,-1
5271,TRIPLE,1,1,1,False,-1
5272,TRIPLE,1,1,1,False,-1
5273,TRIPLE,1,1,1,False,-1
5274,TRIPLE,1,1,1,False,-1
5275,TRIPLE,1,1,1,False,-1
5276,DOUBLE,0,1,1,False,-1
5277,TRIPLE,1,1,1,False,-1
5278,TRIPLE,1,1,1,False,-1
5279,TRIPLE,1,1,1,False,-1
5280,TRIPLE,1,1,1,False,-1
5281,DOUBLE,0,1,1,False,-1
5282,TRIPLE,1,1,1,False,-1
5283,SINGLE,0,0,1,False,-1
5285,TRIPLE,1,1,1,False,-1
5286,DOUBLE,0,1,1,False,-1
5287,TRIPLE,1,1,1,False,-1
5288,TRIPLE,1,1,1,False,-1
5289,SINGLE,0,0,1,False,-1
5291,TRIPLE,1,1,1,False,-1
5292,TRIPLE,1,1,1,False,-1
5293,TRIPLE,1,1,1,False,-1
5295,DOUBLE,0,1,1,False,-1
5296,TRIPLE,1,1,1,False,-1
5297,TRIPLE,1,1,1,False,-1
5299,TRIPLE,1,1,1,False,-1
5300,DOUBLE,0,1,1,False,-1
5301,TRIPLE,1,1,1,False,-1
5302,TRIPLE,1,1,1,False,-1
5303,TRIPLE,1,1,1,False,-1
5304,TRIPLE,1,1,1,False,-1
5305,SINGLE,0,0,1,False,-1
5306,TRIPLE,1,1,1,False,-1
5307,TRIPLE,1,1,1,False,-1
5308,TRIPLE,1,1,1,False,-1
5309,DOUBLE,0,1,1,False,-1
5310,TRIPLE,1,1,1,False,-1
5311,DOUBLE,0,1,1,False,-1
5312,TRIPLE,1,1,1,False,-1
5313,TRIPLE,1,1,1,False,-1
5314,SINGLE,0,0,1,False,-1
5315,TRIPLE,1,1,1,False,-1
5316,DOUBLE,0,1,1,False,-1
5317,TRIPLE,1,1,1,False,-1
5318,TRIPLE,1,1,1,False,-1
5319,SINGLE,0,0,1,False,-1
5320,TRIPLE,1,1,1,False,-1
5321,DOUBLE,0,1,1,False,-1
5322,TRIPLE,1,1,1,False,-1
5323,TRIPLE,1,1,1,False,-1
5325,TRIPLE,1,1,1,False,-1
5327,SINGLE,0,0,1,False,-1
5328,TRIPLE,1,1,1,False,-1
5329,DOUBLE,0,1,1,False,-1
5330,SINGLE,0,0,1,False,-1
5331,TRIPLE,1,1,1,False,-1
5332,TRIPLE,1,1,1,False,-1
5333,TRIPLE,1,1,1,False,-1
5334,DOUBLE,0,1,1,False,-1
5335,DOUBLE,0,1,1,False,-1
5336,TRIPLE,1,1,1,False,-1
5337,DOUBLE,0,1,1,False,-1
5338,TRIPLE,1,1,1,False,-1
5339,TRIPLE,1,1,1,False,-1
5340,TRIPLE,1,1,1,False,-1
5341,SINGLE,0,0,1,False,-1
5342,TRIPLE,1,1,1,False,-1
5343,SINGLE,0,0,1,False,-1
5345,DOUBLE,0,1,1,False,-1
5346,TRIPLE,1,1,1,False,-1
5347,TRIPLE,1,1,1,False,-1
5348,TRIPLE,1,1,1,False,-1
5349,DOUBLE,0,1,1,False,-1
5350,DOUBLE,0,1,1,False,-1
5351,TRIPLE,1,1,1,False,-1
5352,TRIPLE,1,1,1,False,-1
5353,SINGLE,0,0,1,False,-1
5354,TRIPLE,1,1,1,False,-1
5355,DOUBLE,0,1,1,False,-1
5356,DOUBLE,0,1,1,False,-1
5357,TRIPLE,1,1,1,False,-1
5358,DOUBLE,0,1,1,False,-1
5359,DOUBLE,0,1,1,False,-1
5360,TRIPLE,1,1,1,False,-1
5361,TRIPLE,1,1,1,False,-1
5362,TRIPLE,1,1,1,False,-1
5363,DOUBLE,0,1,1,False,-1
5364,TRIPLE,1,1,1,False,-1
5366,DOUBLE,0,1,1,False,-1
5367,DOUBLE,0,1,1,False,-1
5369,TRIPLE,1,1,1,False,-1
5370,DOUBLE,0,1,1,False,-1
5372,TRIPLE,1,1,1,False,-1
5373,TRIPLE,1,1,1,False,-1
5374,TRIPLE,1,1,1,False,-1
5375,TRIPLE,1,1,1,False,-1
5376,DOUBLE,0,1,1,False,-1
5377,TRIPLE,1,1,1,False,-1
5378,TRIPLE,1,1,1,False,-1
5379,TRIPLE,1,1,1,False,-1
5381,TRIPLE,1,1,1,False,-1
5382,TRIPLE,1,1,1,False,-1
5383,TRIPLE,1,1,1,False,-1
5384,TRIPLE,1,1,1,False,-1
5385,TRIPLE,1,1,1,False,-1
5386,DOUBLE,0,1,1,False,-1
5387,SINGLE,0,0,1,False,-1
5388,TRIPLE,1,1,1,False,-1
5389,DOUBLE,0,1,1,False,-1
5390,TRIPLE,1,1,1,False,-1
5391,DOUBLE,0,1,1,False,-1
5392,TRIPLE,1,1,1,False,-1
5393,DOUBLE,0,1,1,False,-1
5395,TRIPLE,1,1,1,False,-1
5396,DOUBLE,0,1,1,False,-1
5397,TRIPLE,1,1,1,False,-1
5398,TRIPLE,1,1,1,False,-1
5399,TRIPLE,1,1,1,False,-1
5400,TRIPLE,1,1,1,False,-1
5401,DOUBLE,0,1,1,False,-1
5402,SINGLE,0,0,1,False,-1
5403,TRIPLE,1,1,1,False,-1
5404,TRIPLE,1,1,1,False,-1
5405,TRIPLE,1,1,1,False,-1
5406,TRIPLE,1,1,1,False,-1
5408,TRIPLE,1,1,1,False,-1
5409,TRIPLE,1,1,1,False,-1
5410,DOUBLE,0,1,1,False,-1
5411,DOUBLE,0,1,1,False,-1
5413,TRIPLE,1,1,1,False,-1
5414,SINGLE,0,0,1,False,-1
5416,TRIPLE,1,1,1,False,-1
5417,TRIPLE,1,1,1,False,-1
5418,SINGLE,0,0,1,False,-1
5419,TRIPLE,1,1,1,False,-1
5420,TRIPLE,1,1,1,False,-1
5421,TRIPLE,1,1,1,False,-1
5422,DOUBLE,0,1,1,False,-1
5423,DOUBLE,0,1,1,False,-1
5425,TRIPLE,1,1,1,False,-1
5426,TRIPLE,1,1,1,False,-1
5427,DOUBLE,0,1,1,False,-1
5428,TRIPLE,1,1,1,False,-1
5429,TRIPLE,1,1,1,False,-1
5430,DOUBLE,0,1,1,False,-1
5432,TRIPLE,1,1,1,False,-1
5433,TRIPLE,1,1,1,False,-1
5436,TRIPLE,1,1,1,False,-1
5437,DOUBLE,0,1,1,False,-1
5438,DOUBLE,0,1,1,False,-1
5439,TRIPLE,1,1,1,False,-1
5440,TRIPLE,1,1,1,False,-1
5441,DOUBLE,0,1,1,False,-1
5442,TRIPLE,1,1,1,False,-1
5443,DOUBLE,0,1,1,False,-1
5444,TRIPLE,1,1,1,False,-1
5445,DOUBLE,0,1,1,False,-1
5446,TRIPLE,1,1,1,False,-1
5447,DOUBLE,0,1,1,False,-1
5448,DOUBLE,0,1,1,False,-1
5449,SINGLE,0,0,1,False,-1
5450,DOUBLE,0,1,1,False,-1
5451,TRIPLE,1,1,1,False,-1
5452,DOUBLE,0,1,1,False,-1
5453,TRIPLE,1,1,1,False,-1
5454,SINGLE,0,0,1,False,-1
5455,DOUBLE,0,1,1,False,-1
5456,DOUBLE,0,1,1,False,-1
5459,DOUBLE,0,1,1,False,-1
5460,TRIPLE,1,1,1,False,-1
5461,DOUBLE,0,1,1,False,-1
5462,DOUBLE,0,1,1,False,-1
5463,TRIPLE,1,1,1,False,-1
5464,TRIPLE,1,1,1,False,-1
5465,DOUBLE,0,1,1,False,-1
5466,DOUBLE,0,1,1,False,-1
5467,SINGLE,0,0,1,False,-1
5469,TRIPLE,1,1,1,False,-1
5470,TRIPLE,1,1,1,False,-1
5471,TRIPLE,1,1,1,False,-1
5473,TRIPLE,1,1,1,False,-1
5474,TRIPLE,1,1,1,False,-1
5475,DOUBLE,0,1,1,False,-1
5476,TRIPLE,1,1,1,False,-1
5477,DOUBLE,0,1,1,False,-1
5478,SINGLE,0,0,1,False,-1
5479,TRIPLE,1,1,1,False,-1
5480,TRIPLE,1,1,1,False,-1
5482,DOUBLE,0,1,1,False,-1
5483,TRIPLE,1,1,1,False,-1
5484,DOUBLE,0,1,1,False,-1
5485,DOUBLE,0,1,1,False,-1
5487,DOUBLE,0,1,1,False,-1
5488,TRIPLE,1,1,1,False,-1
5489,TRIPLE,1,1,1,False,-1
5490,TRIPLE,1,1,1,False,-1
5491,DOUBLE,0,1,1,False,-1
5492,SINGLE,0,0,1,False,-1
5493,DOUBLE,0,1,1,False,-1
5494,DOUBLE,0,1,1,False,-1
5495,TRIPLE,1,1,1,False,-1
5496,TRIPLE,1,1,1,False,-1
5497,TRIPLE,1,1,1,False,-1
5498,DOUBLE,0,1,1,False,-1
5499,TRIPLE,1,1,1,False,-1
5500,TRIPLE,1,1,1,False,-1
5501,DOUBLE,0,1,1,False,-1
5502,DOUBLE,0,1,1,False,-1
5503,TRIPLE,1,1,1,False,-1
5505,TRIPLE,1,1,1,False,-1
5506,TRIPLE,1,1,1,False,-1
5507,TRIPLE,1,1,1,False,-1
5508,TRIPLE,1,1,1,False,-1
5509,TRIPLE,1,1,1,False,-1
5510,DOUBLE,0,1,1,False,-1
5511,TRIPLE,1,1,1,False,-1
5513,TRIPLE,1,1,1,False,-1
5515,DOUBLE,0,1,1,False,-1
5516,SINGLE,0,0,1,False,-1
5517,SINGLE,0,0,1,False,-1
5518,TRIPLE,1,1,1,False,-1
5519,TRIPLE,1,1,1,False,-1
5520,TRIPLE,1,1,1,False,-1
5521,TRIPLE,1,1,1,False,-1
5522,TRIPLE,1,1,1,False,-1
5524,DOUBLE,0,1,1,False,-1
5525,DOUBLE,0,1,1,False,-1
5527,TRIPLE,1,1,1,False,-1
5528,TRIPLE,1,1,1,False,-1
5529,TRIPLE,1,1,1,False,-1
5530,TRIPLE,1,1,1,False,-1
5531,DOUBLE,0,1,1,False,-1
5532,TRIPLE,1,1,1,False,-1
5533,SINGLE,0,0,1,False,-1
5535,TRIPLE,1,1,1,False,-1
5536,TRIPLE,1,1,1,False,-1
5537,TRIPLE,1,1,1,False,-1
5538,DOUBLE,0,1,1,False,-1
5539,TRIPLE,1,1,1,False,-1
5540,TRIPLE,1,1,1,False,-1
5541,TRIPLE,1,1,1,False,-1
5542,TRIPLE,1,1,1,False,-1
5543,DOUBLE,0,1,1,False,-1
5544,DOUBLE,0,1,1,False,-1
5546,TRIPLE,1,1,1,False,-1
5547,TRIPLE,1,1,1,False,-1
5548,TRIPLE,1,1,1,False,-1
5549,DOUBLE,0,1,1,False,-1
5550,DOUBLE,0,1,1,False,-1
5551,TRIPLE,1,1,1,False,-1
5552,DOUBLE,0,1,1,False,-1
5553,DOUBLE,0,1,1,False,-1
5554,TRIPLE,1,1,1,False,-1
5555,TRIPLE,1,1,1,False,-1
5556,SINGLE,0,0,1,False,-1
5558,TRIPLE,1,1,1,False,-1
5559,SINGLE,0,0,1,False,-1
5560,TRIPLE,1,1,1,False,-1
5561,TRIPLE,1,1,1,False,-1
5562,TRIPLE,1,1,1,False,-1
5563,TRIPLE,1,1,1,False,-1
5564,TRIPLE,1,1,1,False,-1
5565,TRIPLE,1,1,1,False,-1
5566,DOUBLE,0,1,1,False,-1
5567,TRIPLE,1,1,1,False,-1
5568,TRIPLE,1,1,1,False,-1
5569,TRIPLE,1,1,1,False,-1
5570,DOUBLE,0,1,1,False,-1
5571,SINGLE,0,0,1,False,-1
5572,TRIPLE,1,1,1,False,-1
5573,TRIPLE,1,1,1,False,-1
5574,DOUBLE,0,1,1,False,-1
5575,TRIPLE,1,1,1,False,-1
5576,TRIPLE,1,1,1,False,-1
5577,TRIPLE,1,1,1,False,-1
5578,TRIPLE,1,1,1,False,-1
5579,TRIPLE,1,1,1,False,-1
5580,SINGLE,0,0,1,False,-1
5581,TRIPLE,1,1,1,False,-1
5582,TRIPLE,1,1,1,False,-1
5583,SINGLE,0,0,1,False,-1
5584,TRIPLE,1,1,1,False,-1
5585,SINGLE,0,0,1,False,-1
5586,DOUBLE,0,1,1,False,-1
5587,DOUBLE,0,1,1,False,-1
5588,TRIPLE,1,1,1,False,-1
5589,TRIPLE,1,1,1,False,-1
5590,TRIPLE,1,1,1,False,-1
5591,TRIPLE,1,1,1,False,-1
5592,DOUBLE,0,1,1,False,-1
5593,TRIPLE,1,1,1,False,-1
5594,DOUBLE,0,1,1,False,-1
5595,TRIPLE,1,1,1,False,-1
5596,TRIPLE,1,1,1,False,-1
5597,SINGLE,0,0,1,False,-1
5598,TRIPLE,1,1,1,False,-1
5599,TRIPLE,1,1,1,False,-1
5600,TRIPLE,1,1,1,False,-1
5602,DOUBLE,0,1,1,False,-1
5603,TRIPLE,1,1,1,False,-1
5604,DOUBLE,0,1,1,False,-1
5605,TRIPLE,1,1,1,False,-1
5606,TRIPLE,1,1,1,False,-1
5607,TRIPLE,1,1,1,False,-1
5608,TRIPLE,1,1,1,False,-1
5609,DOUBLE,0,1,1,False,-1
5610,TRIPLE,1,1,1,False,-1
5611,TRIPLE,1,1,1,False,-1
5612,DOUBLE,0,1,1,False,-1
5613,DOUBLE,0,1,1,False,-1
5614,TRIPLE,1,1,1,False,-1
5615,DOUBLE,0,1,1,False,-1
5617,DOUBLE,0,1,1,False,-1
5618,SINGLE,0,0,1,False,-1
5619,SINGLE,0,0,1,False,-1
5620,DOUBLE,0,1,1,False,-1
5621,DOUBLE,0,1,1,False,-1
5622,DOUBLE,0,1,1,False,-1
5623,DOUBLE,0,1,1,False,-1
5625,DOUBLE,0,1,1,False,-1
5626,TRIPLE,1,1,1,False,-1
5627,SINGLE,0,0,1,False,-1
5628,SINGLE,0,0,1,False,-1
5629,DOUBLE,0,1,1,False,-1
5630,TRIPLE,1,1,1,False,-1
5632,DOUBLE,0,1,1,False,-1
5633,TRIPLE,1,1,1,False,-1
5634,TRIPLE,1,1,1,False,-1
5635,SINGLE,0,0,1,False,-1
5636,DOUBLE,0,1,1,False,-1
5637,TRIPLE,1,1,1,False,-1
5638,DOUBLE,0,1,1,False,-1
5639,SINGLE,0,0,1,False,-1
5640,SINGLE,0,0,1,False,-1
5642,TRIPLE,1,1,1,False,-1
5644,TRIPLE,1,1,1,False,-1
5645,TRIPLE,1,1,1,False,-1
5646,TRIPLE,1,1,1,False,-1
5647,TRIPLE,1,1,1,False,-1
5648,DOUBLE,0,1,1,False,-1
5649,DOUBLE,0,1,1,False,-1
5650,DOUBLE,0,1,1,False,-1
5651,DOUBLE,0,1,1,False,-1
5652,TRIPLE,1,1,1,False,-1
5654,TRIPLE,1,1,1,False,-1
5655,DOUBLE,0,1,1,False,-1
5656,TRIPLE,1,1,1,False,-1
5657,DOUBLE,0,1,1,False,-1
5658,SINGLE,0,0,1,False,-1
5659,TRIPLE,1,1,1,False,-1
5660,DOUBLE,0,1,1,False,-1
5661,TRIPLE,1,1,1,False,-1
5662,SINGLE,0,0,1,False,-1
5663,SINGLE,0,0,1,False,-1
5664,DOUBLE,0,1,1,False,-1
5665,SINGLE,0,0,1,False,-1
5666,TRIPLE,1,1,1,False,-1
5667,TRIPLE,1,1,1,False,-1
5669,TRIPLE,1,1,1,False,-1
5671,SINGLE,0,0,1,False,-1
5672,SINGLE,0,0,1,False,-1
5673,DOUBLE,0,1,1,False,-1
5674,DOUBLE,0,1,1,False,-1
5675,TRIPLE,1,1,1,False,-1
5676,DOUBLE,0,1,1,False,-1
5677,TRIPLE,1,1,1,False,-1
5678,SINGLE,0,0,1,False,-1
5681,TRIPLE,1,1,1,False,-1
5682,TRIPLE,1,1,1,False,-1
5683,TRIPLE,1,1,1,False,-1
5684,TRIPLE,1,1,1,False,-1
5685,TRIPLE,1,1,1,False,-1
5686,TRIPLE,1,1,1,False,-1
5687,DOUBLE,0,1,1,False,-1
5688,DOUBLE,0,1,1,False,-1
5689,DOUBLE,0,1,1,False,-1
5690,TRIPLE,1,1,1,False,-1
5691,TRIPLE,1,1,1,False,-1
5692,DOUBLE,0,1,1,False,-1
5693,TRIPLE,1,1,1,False,-1
5694,TRIPLE,1,1,1,False,-1
5695,DOUBLE,0,1,1,False,-1
5697,DOUBLE,0,1,1,False,-1
5699,DOUBLE,0,1,1,False,-1
5700,TRIPLE,1,1,1,False,-1
5701,TRIPLE,1,1,1,False,-1
5703,TRIPLE,1,1,1,False,-1
5704,TRIPLE,1,1,1,False,-1
5705,TRIPLE,1,1,1,False,-1
5706,TRIPLE,1,1,1,False,-1
5707,DOUBLE,0,1,1,False,-1
5708,TRIPLE,1,1,1,False,-1
5709,TRIPLE,1,1,1,False,-1
5710,SINGLE,0,0,1,False,-1
5711,SINGLE,0,0,1,False,-1
5712,DOUBLE,0,1,1,False,-1
5713,TRIPLE,1,1,1,False,-1
5714,TRIPLE,1,1,1,False,-1
5715,TRIPLE,1,1,1,False,-1
5716,SINGLE,0,0,1,False,-1
5717,TRIPLE,1,1,1,False,-1
5718,SINGLE,0,0,1,False,-1
5719,SINGLE,0,0,1,False,-1
5720,DOUBLE,0,1,1,False,-1
5721,SINGLE,0,0,1,False,-1
5722,DOUBLE,0,1,1,False,-1
5723,TRIPLE,1,1,1,False,-1
5724,DOUBLE,0,1,1,False,-1
5725,SINGLE,0,0,1,False,-1
5726,TRIPLE,1,1,1,False,-1
5727,DOUBLE,0,1,1,False,-1
5728,DOUBLE,0,1,1,False,-1
5729,DOUBLE,0,1,1,False,-1
5730,SINGLE,0,0,1,False,-1
5731,TRIPLE,1,1,1,False,-1
5732,SINGLE,0,0,1,False,-1
5734,TRIPLE,1,1,1,False,-1
5735,TRIPLE,1,1,1,False,-1
5736,TRIPLE,1,1,1,False,-1
5737,TRIPLE,1,1,1,False,-1
5738,TRIPLE,1,1,1,False,-1
5739,TRIPLE,1,1,1,False,-1
5740,DOUBLE,0,1,1,False,-1
5741,TRIPLE,1,1,1,False,-1
5742,TRIPLE,1,1,1,False,-1
5743,TRIPLE,1,1,1,False,-1
5744,DOUBLE,0,1,1,False,-1
5745,TRIPLE,1,1,1,False,-1
5746,DOUBLE,0,1,1,False,-1
5747,DOUBLE,0,1,1,False,-1
5748,DOUBLE,0,1,1,False,-1
5749,TRIPLE,1,1,1,False,-1
5750,TRIPLE,1,1,1,False,-1
5751,DOUBLE,0,1,1,False,-1
5752,TRIPLE,1,1,1,False,-1
5753,DOUBLE,0,1,1,False,-1
5754,DOUBLE,0,1,1,False,-1
5755,TRIPLE,1,1,1,False,-1
5756,TRIPLE,1,1,1,False,-1
5757,SINGLE,0,0,1,False,-1
5758,DOUBLE,0,1,1,False,-1
5759,TRIPLE,1,1,1,False,-1
5760,DOUBLE,0,1,1,False,-1
5761,TRIPLE,1,1,1,False,-1
5762,DOUBLE,0,1,1,False,-1
5763,SINGLE,0,0,1,False,-1
5764,DOUBLE,0,1,1,False,-1
5765,DOUBLE,0,1,1,False,-1
5766,TRIPLE,1,1,1,False,-1
5767,TRIPLE,1,1,1,False,-1
5768,TRIPLE,1,1,1,False,-1
5769,TRIPLE,1,1,1,False,-1
5770,TRIPLE,1,1,1,False,-1
5771,TRIPLE,1,1,1,False,-1
5772,TRIPLE,1,1,1,False,-1
5773,SINGLE,0,0,1,False,-1
5774,SINGLE,0,0,1,False,-1
5775,TRIPLE,1,1,1,False,-1
5776,DOUBLE,0,1,1,False,-1
5777,SINGLE,0,0,1,False,-1
5778,SINGLE,0,0,1,False,-1
5779,TRIPLE,1,1,1,False,-1
5780,DOUBLE,0,1,1,False,-1
5781,DOUBLE,0,1,1,False,-1
5782,SINGLE,0,0,1,False,-1
5783,TRIPLE,1,1,1,False,-1
5784,TRIPLE,1,1,1,False,-1
5785,TRIPLE,1,1,1,False,-1
5786,TRIPLE,1,1,1,False,-1
5787,DOUBLE,0,1,1,False,-1
5788,TRIPLE,1,1,1,False,-1
5789,DOUBLE,0,1,1,False,-1
5790,TRIPLE,1,1,1,False,-1
5791,DOUBLE,0,1,1,False,-1
5792,DOUBLE,0,1,1,False,-1
5794,DOUBLE,0,1,1,False,-1
5795,DOUBLE,0,1,1,False,-1
5796,SINGLE,0,0,1,False,-1
5797,DOUBLE,0,1,1,False,-1
5798,TRIPLE,1,1,1,False,-1
5799,TRIPLE,1,1,1,False,-1
5800,TRIPLE,1,1,1,False,-1
5801,TRIPLE,1,1,1,False,-1
5802,DOUBLE,0,1,1,False,-1
5803,TRIPLE,1,1,1,False,-1
5804,TRIPLE,1,1,1,False,-1
5805,TRIPLE,1,1,1,False,-1
5806,TRIPLE,1,1,1,False,-1
5807,TRIPLE,1,1,1,False,-1
5808,TRIPLE,1,1,1,False,-1
5809,TRIPLE,1,1,1,False,-1
5810,DOUBLE,0,1,1,False,-1
5811,TRIPLE,1,1,1,False,-1
5813,SINGLE,0,0,1,False,-1
5814,TRIPLE,1,1,1,False,-1
5815,SINGLE,0,0,1,False,-1
5816,SINGLE,0,0,1,False,-1
5817,DOUBLE,0,1,1,False,-1
5818,TRIPLE,1,1,1,False,-1
5819,TRIPLE,1,1,1,False,-1
5820,DOUBLE,0,1,1,False,-1
5821,TRIPLE,1,1,1,False,-1
5822,TRIPLE,1,1,1,False,-1
5823,DOUBLE,0,1,1,False,-1
5824,TRIPLE,1,1,1,False,-1
5825,TRIPLE,1,1,1,False,-1
5826,TRIPLE,1,1,1,False,-1
5827,TRIPLE,1,1,1,False,-1
5828,TRIPLE,1,1,1,False,-1
5830,SINGLE,0,0,1,False,-1
5831,SINGLE,0,0,1,False,-1
5832,TRIPLE,1,1,1,False,-1
5833,DOUBLE,0,1,1,False,-1
5835,SINGLE,0,0,1,False,-1
5836,TRIPLE,1,1,1,False,-1
5837,DOUBLE,0,1,1,False,-1
5839,TRIPLE,1,1,1,False,-1
5840,TRIPLE,1,1,1,False,-1
5841,SINGLE,0,0,1,False,-1
5842,SINGLE,0,0,1,False,-1
5843,TRIPLE,1,1,1,False,-1
5844,DOUBLE,0,1,1,False,-1
5846,TRIPLE,1,1,1,False,-1
5847,TRIPLE,1,1,1,False,-1
5848,TRIPLE,1,1,1,False,-1
5849,DOUBLE,0,1,1,False,-1
5850,DOUBLE,0,1,1,False,-1
5851,SINGLE,0,0,1,False,-1
5852,DOUBLE,0,1,1,False,-1
5855,TRIPLE,1,1,1,False,-1
5856,SINGLE,0,0,1,False,-1
5857,TRIPLE,1,1,1,False,-1
5858,TRIPLE,1,1,1,False,-1
5859,TRIPLE,1,1,1,False,-1
5860,TRIPLE,1,1,1,False,-1
5862,SINGLE,0,0,1,False,-1
5863,DOUBLE,0,1,1,False,-1
5864,TRIPLE,1,1,1,False,-1
5865,TRIPLE,1,1,1,False,-1
5866,TRIPLE,1,1,1,False,-1
5867,TRIPLE,1,1,1,False,-1
5868,DOUBLE,0,1,1,False,-1
5869,DOUBLE,0,1,1,False,-1
5870,TRIPLE,1,1,1,False,-1
5871,TRIPLE,1,1,1,False,-1
5872,TRIPLE,1,1,1,False,-1
5874,TRIPLE,1,1,1,False,-1
5875,TRIPLE,1,1,1,False,-1
5877,TRIPLE,1,1,1,False,-1
5878,TRIPLE,1,1,1,False,-1
5879,TRIPLE,1,1,1,False,-1
5880,TRIPLE,1,1,1,False,-1
5881,DOUBLE,0,1,1,False,-1
5882,TRIPLE,1,1,1,False,-1
5883,TRIPLE,1,1,1,False,-1
5884,SINGLE,0,0,1,False,-1
5885,DOUBLE,0,1,1,False,-1
5886,TRIPLE,1,1,1,False,-1
5887,TRIPLE,1,1,1,False,-1
5889,TRIPLE,1,1,1,False,-1
5890,TRIPLE,1,1,1,False,-1
5891,DOUBLE,0,1,1,False,-1
5892,TRIPLE,1,1,1,False,-1
5893,TRIPLE,1,1,1,False,-1
5894,TRIPLE,1,1,1,False,-1
5895,DOUBLE,0,1,1,False,-1
5896,TRIPLE,1,1,1,False,-1
5897,TRIPLE,1,1,1,False,-1
5898,TRIPLE,1,1,1,False,-1
5899,DOUBLE,0,1,1,False,-1
5900,TRIPLE,1,1,1,False,-1
5901,SINGLE,0,0,1,False,-1
5902,TRIPLE,1,1,1,False,-1
5903,TRIPLE,1,1,1,False,-1
5905,SINGLE,0,0,1,False,-1
5906,TRIPLE,1,1,1,False,-1
5907,DOUBLE,0,1,1,False,-1
5908,TRIPLE,1,1,1,False,-1
5909,DOUBLE,0,1,1,False,-1
5910,TRIPLE,1,1,1,False,-1
5911,TRIPLE,1,1,1,False,-1
5912,TRIPLE,1,1,1,False,-1
5913,TRIPLE,1,1,1,False,-1
5914,TRIPLE,1,1,1,False,-1
5915,DOUBLE,0,1,1,False,-1
5916,TRIPLE,1,1,1,False,-1
5920,SINGLE,0,0,1,False,-1
5921,DOUBLE,0,1,1,False,-1
5923,DOUBLE,0,1,1,False,-1
5924,TRIPLE,1,1,1,False,-1
5925,SINGLE,0,0,1,False,-1
5926,SINGLE,0,0,1,False,-1
5927,TRIPLE,1,1,1,False,-1
5928,DOUBLE,0,1,1,False,-1
5929,TRIPLE,1,1,1,False,-1
5930,TRIPLE,1,1,1,False,-1
5931,SINGLE,0,0,1,False,-1
5932,TRIPLE,1,1,1,False,-1
5933,DOUBLE,0,1,1,False,-1
5934,TRIPLE,1,1,1,False,-1
5935,TRIPLE,1,1,1,False,-1
5937,TRIPLE,1,1,1,False,-1
5938,TRIPLE,1,1,1,False,-1
5939,DOUBLE,0,1,1,False,-1
5941,TRIPLE,1,1,1,False,-1
5942,TRIPLE,1,1,1,False,-1
5943,TRIPLE,1,1,1,False,-1
5945,TRIPLE,1,1,1,False,-1
5946,TRIPLE,1,1,1,False,-1
5948,SINGLE,0,0,1,False,-1
5949,DOUBLE,0,1,1,False,-1
5950,TRIPLE,1,1,1,False,-1
5951,TRIPLE,1,1,1,False,-1
5952,TRIPLE,1,1,1,False,-1
5953,DOUBLE,0,1,1,False,-1
5954,SINGLE,0,0,1,False,-1
5955,DOUBLE,0,1,1,False,-1
5956,TRIPLE,1,1,1,False,-1
5958,SINGLE,0,0,1,False,-1
5960,SINGLE,0,0,1,False,-1
5962,TRIPLE,1,1,1,False,-1
5963,TRIPLE,1,1,1,False,-1
5964,TRIPLE,1,1,1,False,-1
5965,TRIPLE,1,1,1,False,-1
5966,DOUBLE,0,1,1,False,-1
5967,TRIPLE,1,1,1,False,-1
5968,TRIPLE,1,1,1,False,-1
5969,SINGLE,0,0,1,False,-1
5970,TRIPLE,1,1,1,False,-1
5971,TRIPLE,1,1,1,False,-1
5972,DOUBLE,0,1,1,False,-1
5973,TRIPLE,1,1,1,False,-1
5974,TRIPLE,1,1,1,False,-1
5975,TRIPLE,1,1,1,False,-1
5976,TRIPLE,1,1,1,False,-1
5977,DOUBLE,0,1,1,False,-1
5978,SINGLE,0,0,1,False,-1
5979,DOUBLE,0,1,1,False,-1
5980,TRIPLE,1,1,1,False,-1
5981,TRIPLE,1,1,1,False,-1
5982,DOUBLE,0,1,1,False,-1
5983,TRIPLE,1,1,1,False,-1
5984,TRIPLE,1,1,1,False,-1
5985,DOUBLE,0,1,1,False,-1
5987,DOUBLE,0,1,1,False,-1
5988,TRIPLE,1,1,1,False,-1
5989,TRIPLE,1,1,1,False,-1
5990,TRIPLE,1,1,1,False,-1
5991,TRIPLE,1,1,1,False,-1
5992,DOUBLE,0,1,1,False,-1
5993,TRIPLE,1,1,1,False,-1
5994,TRIPLE,1,1,1,False,-1
5995,DOUBLE,0,1,1,False,-1
5996,DOUBLE,0,1,1,False,-1
5997,DOUBLE,0,1,1,False,-1
5998,TRIPLE,1,1,1,False,-1
5999,DOUBLE,0,1,1,False,-1
6000,TRIPLE,1,1,1,False,-1
6001,DOUBLE,0,1,1,False,-1
6002,DOUBLE,0,1,1,False,-1
6003,DOUBLE,0,1,1,False,-1
6004,DOUBLE,0,1,1,False,-1
6005,SINGLE,0,0,1,False,-1
6008,TRIPLE,1,1,1,False,-1
6009,TRIPLE,1,1,1,False,-1
6010,TRIPLE,1,1,1,False,-1
6011,TRIPLE,1,1,1,False,-1
6012,TRIPLE,1,1,1,False,-1
6013,TRIPLE,1,1,1,False,-1
6014,TRIPLE,1,1,1,False,-1
6015,TRIPLE,1,1,1,False,-1
6016,SINGLE,0,0,1,False,-1
6017,SINGLE,0,0,1,False,-1
6018,SINGLE,0,0,1,False,-1
6020,DOUBLE,0,1,1,False,-1
6022,TRIPLE,1,1,1,False,-1
6023,TRIPLE,1,1,1,False,-1
6024,TRIPLE,1,1,1,False,-1
6025,TRIPLE,1,1,1,False,-1
6026,TRIPLE,1,1,1,False,-1
6027,TRIPLE,1,1,1,False,-1
6028,TRIPLE,1,1,1,False,-1
6029,TRIPLE,1,1,1,False,-1
6030,TRIPLE,1,1,1,False,-1
6031,DOUBLE,0,1,1,False,-1
6032,TRIPLE,1,1,1,False,-1
6033,TRIPLE,1,1,1,False,-1
6034,SINGLE,0,0,1,False,-1
6035,SINGLE,0,0,1,False,-1
6036,SINGLE,0,0,1,False,-1
6037,TRIPLE,1,1,1,False,-1
6038,DOUBLE,0,1,1,False,-1
6039,TRIPLE,1,1,1,False,-1
6040,TRIPLE,1,1,1,False,-1
6041,TRIPLE,1,1,1,False,-1
6042,DOUBLE,0,1,1,False,-1
6043,TRIPLE,1,1,1,False,-1
6044,TRIPLE,1,1,1,False,-1
6045,SINGLE,0,0,1,False,-1
6046,SINGLE,0,0,1,False,-1
6047,TRIPLE,1,1,1,False,-1
6048,DOUBLE,0,1,1,False,-1
6050,TRIPLE,1,1,1,False,-1
6051,DOUBLE,0,1,1,False,-1
6052,SINGLE,0,0,1,False,-1
6053,TRIPLE,1,1,1,False,-1
6054,TRIPLE,1,1,1,False,-1
6055,TRIPLE,1,1,1,False,-1
6056,DOUBLE,0,1,1,False,-1
6057,TRIPLE,1,1,1,False,-1
6058,DOUBLE,0,1,1,False,-1
6059,TRIPLE,1,1,1,False,-1
6060,TRIPLE,1,1,1,False,-1
6061,DOUBLE,0,1,1,False,-1
6062,TRIPLE,1,1,1,False,-1
6063,TRIPLE,1,1,1,False,-1
6064,TRIPLE,1,1,1,False,-1
6066,DOUBLE,0,1,1,False,-1
6067,DOUBLE,0,1,1,False,-1
6069,TRIPLE,1,1,1,False,-1
6070,TRIPLE,1,1,1,False,-1
6071,TRIPLE,1,1,1,False,-1
6072,SINGLE,0,0,1,False,-1
6073,TRIPLE,1,1,1,False,-1
6074,TRIPLE,1,1,1,False,-1
6075,TRIPLE,1,1,1,False,-1
6076,TRIPLE,1,1,1,False,-1
6077,TRIPLE,1,1,1,False,-1
6078,TRIPLE,1,1,1,False,-1
6079,SINGLE,0,0,1,False,-1
6080,DOUBLE,0,1,1,False,-1
6081,TRIPLE,1,1,1,False,-1
6082,DOUBLE,0,1,1,False,-1
6083,DOUBLE,0,1,1,False,-1
6084,TRIPLE,1,1,1,False,-1
6085,SINGLE,0,0,1,False,-1
6086,TRIPLE,1,1,1,False,-1
6087,DOUBLE,0,1,1,False,-1
6088,DOUBLE,0,1,1,False,-1
6089,TRIPLE,1,1,1,False,-1
6091,DOUBLE,0,1,1,False,-1
6092,TRIPLE,1,1,1,False,-1
6093,TRIPLE,1,1,1,False,-1
6094,TRIPLE,1,1,1,False,-1
6095,TRIPLE,1,1,1,False,-1
6096,TRIPLE,1,1,1,False,-1
6097,DOUBLE,0,1,1,False,-1
6098,DOUBLE,0,1,1,False,-1
6099,TRIPLE,1,1,1,False,-1
6100,TRIPLE,1,1,1,False,-1
6101,TRIPLE,1,1,1,False,-1
6102,DOUBLE,0,1,1,False,-1
6103,DOUBLE,0,1,1,False,-1
6104,TRIPLE,1,1,1,False,-1
6105,DOUBLE,0,1,1,False,-1
6106,TRIPLE,1,1,1,False,-1
6107,SINGLE,0,0,1,False,-1
6108,TRIPLE,1,1,1,False,-1
6109,DOUBLE,0,1,1,False,-1
6110,DOUBLE,0,1,1,False,-1
6111,DOUBLE,0,1,1,False,-1
6112,DOUBLE,0,1,1,False,-1
6113,DOUBLE,0,1,1,False,-1
6114,TRIPLE,1,1,1,False,-1
6115,TRIPLE,1,1,1,False,-1
6117,TRIPLE,1,1,1,False,-1
6118,TRIPLE,1,1,1,False,-1
6119,TRIPLE,1,1,1,False,-1
6120,TRIPLE,1,1,1,False,-1
6121,TRIPLE,1,1,1,False,-1
6122,TRIPLE,1,1,1,False,-1
6123,DOUBLE,0,1,1,False,-1
6124,TRIPLE,1,1,1,False,-1
6125,TRIPLE,1,1,1,False,-1
6126,TRIPLE,1,1,1,False,-1
6127,TRIPLE,1,1,1,False,-1
6128,TRIPLE,1,1,1,False,-1
6129,DOUBLE,0,1,1,False,-1
6130,TRIPLE,1,1,1,False,-1
6131,TRIPLE,1,1,1,False,-1
6132,TRIPLE,1,1,1,False,-1
6133,DOUBLE,0,1,1,False,-1
6134,TRIPLE,1,1,1,False,-1
6135,TRIPLE,1,1,1,False,-1
6136,DOUBLE,0,1,1,False,-1
6139,TRIPLE,1,1,1,False,-1
6140,TRIPLE,1,1,1,False,-1
6141,SINGLE,0,0,1,False,-1
6142,SINGLE,0,0,1,False,-1
6143,DOUBLE,0,1,1,False,-1
6144,DOUBLE,0,1,1,False,-1
6145,TRIPLE,1,1,1,False,-1
6146,TRIPLE,1,1,1,False,-1
6147,TRIPLE,1,1,1,False,-1
6148,DOUBLE,0,1,1,False,-1
6149,DOUBLE,0,1,1,False,-1
6150,TRIPLE,1,1,1,False,-1
6151,SINGLE,0,0,1,False,-1
6152,TRIPLE,1,1,1,False,-1
6153,TRIPLE,1,1,1,False,-1
6154,DOUBLE,0,1,1,False,-1
6155,TRIPLE,1,1,1,False,-1
6156,TRIPLE,1,1,1,False,-1
6157,TRIPLE,1,1,1,False,-1
6158,TRIPLE,1,1,1,False,-1
6159,TRIPLE,1,1,1,False,-1
6160,DOUBLE,0,1,1,False,-1
6161,DOUBLE,0,1,1,False,-1
6162,DOUBLE,0,1,1,False,-1
6163,DOUBLE,0,1,1,False,-1
6165,TRIPLE,1,1,1,False,-1
6166,TRIPLE,1,1,1,False,-1
6167,SINGLE,0,0,1,False,-1
6168,DOUBLE,0,1,1,False,-1
6169,SINGLE,0,0,1,False,-1
6170,DOUBLE,0,1,1,False,-1
6171,SINGLE,0,0,1,False,-1
6172,TRIPLE,1,1,1,False,-1
6173,TRIPLE,1,1,1,False,-1
6174,TRIPLE,1,1,1,False,-1
6176,DOUBLE,0,1,1,False,-1
6177,TRIPLE,1,1,1,False,-1
6179,SINGLE,0,0,1,False,-1
6181,TRIPLE,1,1,1,False,-1
6182,DOUBLE,0,1,1,False,-1
6183,DOUBLE,0,1,1,False,-1
6184,SINGLE,0,0,1,False,-1
6185,TRIPLE,1,1,1,False,-1
6186,TRIPLE,1,1,1,False,-1
6187,TRIPLE,1,1,1,False,-1
6188,TRIPLE,1,1,1,False,-1
6189,TRIPLE,1,1,1,False,-1
6190,TRIPLE,1,1,1,False,-1
6191,DOUBLE,0,1,1,False,-1
6192,TRIPLE,1,1,1,False,-1
6193,TRIPLE,1,1,1,False,-1
6194,TRIPLE,1,1,1,False,-1
6195,TRIPLE,1,1,1,False,-1
6196,TRIPLE,1,1,1,False,-1
6197,SINGLE,0,0,1,False,-1
6198,DOUBLE,0,1,1,False,-1
6199,TRIPLE,1,1,1,False,-1
6200,SINGLE,0,0,1,False,-1
6201,DOUBLE,0,1,1,False,-1
6202,TRIPLE,1,1,1,False,-1
6203,TRIPLE,1,1,1,False,-1
6204,TRIPLE,1,1,1,False,-1
6205,DOUBLE,0,1,1,False,-1
6206,DOUBLE,0,1,1,False,-1
6207,DOUBLE,0,1,1,False,-1
6208,TRIPLE,1,1,1,False,-1
6209,TRIPLE,1,1,1,False,-1
6210,TRIPLE,1,1,1,False,-1
6212,TRIPLE,1,1,1,False,-1
6213,TRIPLE,1,1,1,False,-1
6214,TRIPLE,1,1,1,False,-1
6215,DOUBLE,0,1,1,False,-1
6216,DOUBLE,0,1,1,False,-1
6219,TRIPLE,1,1,1,False,-1
6220,TRIPLE,1,1,1,False,-1
6221,DOUBLE,1,0,1,False,-1
6222,TRIPLE,1,1,1,False,-1
6223,TRIPLE,1,1,1,False,-1
6224,SINGLE,0,0,1,False,-1
6225,TRIPLE,1,1,1,False,-1
6226,SINGLE,0,0,1,False,-1
6227,DOUBLE,0,1,1,False,-1
6228,TRIPLE,1,1,1,False,-1
6229,TRIPLE,1,1,1,False,-1
6230,DOUBLE,0,1,1,False,-1
6231,TRIPLE,1,1,1,False,-1
6232,TRIPLE,1,1,1,False,-1
6233,DOUBLE,0,1,1,False,-1
6234,SINGLE,0,0,1,False,-1
6235,DOUBLE,0,1,1,False,-1
6236,DOUBLE,0,1,1,False,-1
6237,TRIPLE,1,1,1,False,-1
6238,SINGLE,0,0,1,False,-1
6239,TRIPLE,1,1,1,False,-1
6240,DOUBLE,0,1,1,False,-1
6241,SINGLE,0,0,1,False,-1
6243,TRIPLE,1,1,1,False,-1
6244,DOUBLE,0,1,1,False,-1
6245,DOUBLE,0,1,1,False,-1
6246,DOUBLE,0,1,1,False,-1
6247,DOUBLE,0,1,1,False,-1
6248,TRIPLE,1,1,1,False,-1
6249,TRIPLE,1,1,1,False,-1
6250,DOUBLE,0,1,1,False,-1
6251,TRIPLE,1,1,1,False,-1
6252,DOUBLE,0,1,1,False,-1
6253,TRIPLE,1,1,1,False,-1
6254,DOUBLE,0,1,1,False,-1
6256,DOUBLE,0,1,1,False,-1
6257,TRIPLE,1,1,1,False,-1
6258,DOUBLE,0,1,1,False,-1
6259,TRIPLE,1,1,1,False,-1
6260,TRIPLE,1,1,1,False,-1
6261,DOUBLE,0,1,1,False,-1
6262,SINGLE,0,0,1,False,-1
6263,TRIPLE,1,1,1,False,-1
6264,DOUBLE,0,1,1,False,-1
6266,DOUBLE,0,1,1,False,-1
6267,TRIPLE,1,1,1,False,-1
6268,TRIPLE,1,1,1,False,-1
6270,SINGLE,0,0,1,False,-1
6271,TRIPLE,1,1,1,False,-1
6272,TRIPLE,1,1,1,False,-1
6273,TRIPLE,1,1,1,False,-1
6274,TRIPLE,1,1,1,False,-1
6275,SINGLE,0,0,1,False,-1
6276,DOUBLE,0,1,1,False,-1
6277,TRIPLE,1,1,1,False,-1
6278,TRIPLE,1,1,1,False,-1
6279,DOUBLE,0,1,1,False,-1
6280,DOUBLE,0,1,1,False,-1
6281,DOUBLE,0,1,1,False,-1
6282,DOUBLE,0,1,1,False,-1
6283,TRIPLE,1,1,1,False,-1
6284,TRIPLE,1,1,1,False,-1
6285,DOUBLE,0,1,1,False,-1
6286,TRIPLE,1,1,1,False,-1
6287,TRIPLE,1,1,1,False,-1
6288,DOUBLE,0,1,1,False,-1
6289,SINGLE,0,0,1,False,-1
6290,DOUBLE,0,1,1,False,-1
6291,SINGLE,0,0,1,False,-1
6292,TRIPLE,1,1,1,False,-1
6293,TRIPLE,1,1,1,False,-1
6294,DOUBLE,0,1,1,False,-1
6295,DOUBLE,0,1,1,False,-1
6296,DOUBLE,0,1,1,False,-1
6297,TRIPLE,1,1,1,False,-1
6298,DOUBLE,0,1,1,False,-1
6299,TRIPLE,1,1,1,False,-1
6300,DOUBLE,0,1,1,False,-1
6301,TRIPLE,1,1,1,False,-1
6302,SINGLE,0,0,1,False,-1
6303,TRIPLE,1,1,1,False,-1
6304,TRIPLE,1,1,1,False,-1
6305,TRIPLE,1,1,1,False,-1
6307,DOUBLE,0,1,1,False,-1
6308,TRIPLE,1,1,1,False,-1
6309,TRIPLE,1,1,1,False,-1
6310,SINGLE,0,0,1,False,-1
6311,TRIPLE,1,1,1,False,-1
6312,DOUBLE,0,1,1,False,-1
6313,SINGLE,0,0,1,False,-1
6314,TRIPLE,1,1,1,False,-1
6315,DOUBLE,0,1,1,False,-1
6316,TRIPLE,1,1,1,False,-1
6317,SINGLE,0,0,1,False,-1
6318,TRIPLE,1,1,1,False,-1
6319,TRIPLE,1,1,1,False,-1
6320,TRIPLE,1,1,1,False,-1
6321,DOUBLE,0,1,1,False,-1
6322,SINGLE,0,0,1,False,-1
6323,DOUBLE,0,1,1,False,-1
6325,TRIPLE,1,1,1,False,-1
6326,SINGLE,0,0,1,False,-1
6327,DOUBLE,0,1,1,False,-1
6328,TRIPLE,1,1,1,False,-1
6329,SINGLE,0,0,1,False,-1
6330,SINGLE,0,0,1,False,-1
6331,TRIPLE,1,1,1,False,-1
6333,SINGLE,0,0,1,False,-1
6334,TRIPLE,1,1,1,False,-1
6335,DOUBLE,0,1,1,False,-1
6336,TRIPLE,1,1,1,False,-1
6337,TRIPLE,1,1,1,False,-1
6338,TRIPLE,1,1,1,False,-1
6339,TRIPLE,1,1,1,False,-1
6340,SINGLE,0,0,1,False,-1
6341,TRIPLE,1,1,1,False,-1
6342,DOUBLE,0,1,1,False,-1
6343,DOUBLE,0,1,1,False,-1
6344,DOUBLE,0,1,1,False,-1
6345,TRIPLE,1,1,1,False,-1
6346,TRIPLE,1,1,1,False,-1
6347,DOUBLE,0,1,1,False,-1
6348,TRIPLE,1,1,1,False,-1
6349,TRIPLE,1,1,1,False,-1
6350,SINGLE,0,0,1,False,-1
6351,TRIPLE,1,1,1,False,-1
6352,TRIPLE,1,1,1,False,-1
6353,TRIPLE,1,1,1,False,-1
6355,TRIPLE,1,1,1,False,-1
6356,TRIPLE,1,1,1,False,-1
6357,SINGLE,0,0,1,False,-1
6358,SINGLE,0,0,1,False,-1
6359,TRIPLE,1,1,1,False,-1
6360,DOUBLE,0,1,1,False,-1
6361,TRIPLE,1,1,1,False,-1
6362,DOUBLE,0,1,1,False,-1
6363,SINGLE,0,0,1,False,-1
6364,SINGLE,0,0,1,False,-1
6365,TRIPLE,1,1,1,False,-1
6366,SINGLE,0,0,1,False,-1
6367,TRIPLE,1,1,1,False,-1
6368,TRIPLE,1,1,1,False,-1
6369,TRIPLE,1,1,1,False,-1
6370,TRIPLE,1,1,1,False,-1
6371,DOUBLE,0,1,1,False,-1
6373,TRIPLE,1,1,1,False,-1
6374,DOUBLE,0,1,1,False,-1
6375,TRIPLE,1,1,1,False,-1
6376,TRIPLE,1,1,1,False,-1
6377,TRIPLE,1,1,1,False,-1
6378,TRIPLE,1,1,1,False,-1
6379,TRIPLE,1,1,1,False,-1
6380,DOUBLE,0,1,1,False,-1
6381,SINGLE,0,0,1,False,-1
6382,SINGLE,0,0,1,False,-1
6383,TRIPLE,1,1,1,False,-1
6384,TRIPLE,1,1,1,False,-1
6385,DOUBLE,0,1,1,False,-1
6387,SINGLE,0,0,1,False,-1
6388,DOUBLE,0,1,1,False,-1
6389,TRIPLE,1,1,1,False,-1
6390,TRIPLE,1,1,1,False,-1
6391,DOUBLE,0,1,1,False,-1
6392,SINGLE,0,0,1,False,-1
6393,SINGLE,0,0,1,False,-1
6394,TRIPLE,1,1,1,False,-1
6395,TRIPLE,1,1,1,False,-1
6396,TRIPLE,1,1,1,False,-1
6397,DOUBLE,0,1,1,False,-1
6398,SINGLE,0,0,1,False,-1
6399,TRIPLE,1,1,1,False,-1
6400,TRIPLE,1,1,1,False,-1
6401,SINGLE,0,0,1,False,-1
6402,TRIPLE,1,1,1,False,-1
6403,SINGLE,0,0,1,False,-1
6404,TRIPLE,1,1,1,False,-1
6405,SINGLE,0,0,1,False,-1
6406,DOUBLE,0,1,1,False,-1
6408,SINGLE,0,0,1,False,-1
6409,SINGLE,0,0,1,False,-1
6410,DOUBLE,0,1,1,False,-1
6411,DOUBLE,0,1,1,False,-1
6412,TRIPLE,1,1,1,False,-1
6413,SINGLE,0,0,1,False,-1
6414,TRIPLE,1,1,1,False,-1
6415,TRIPLE,1,1,1,False,-1
6416,SINGLE,0,0,1,False,-1
6417,TRIPLE,1,1,1,False,-1
6419,DOUBLE,0,1,1,False,-1
6422,TRIPLE,1,1,1,False,-1
6423,TRIPLE,1,1,1,False,-1
6424,DOUBLE,0,1,1,False,-1
6425,SINGLE,0,0,1,False,-1
6426,SINGLE,0,0,1,False,-1
6427,TRIPLE,1,1,1,False,-1
6428,SINGLE,0,0,1,False,-1
6429,DOUBLE,0,1,1,False,-1
6430,DOUBLE,0,1,1,False,-1
6431,DOUBLE,0,1,1,False,-1
6432,SINGLE,0,0,1,False,-1
6433,DOUBLE,0,1,1,False,-1
6435,TRIPLE,1,1,1,False,-1
6437,TRIPLE,1,1,1,False,-1
6438,TRIPLE,1,1,1,False,-1
6440,DOUBLE,0,1,1,False,-1
6441,TRIPLE,1,1,1,False,-1
6442,TRIPLE,1,1,1,False,-1
6443,TRIPLE,1,1,1,False,-1
6444,TRIPLE,1,1,1,False,-1
6445,SINGLE,0,0,1,False,-1
6446,TRIPLE,1,1,1,False,-1
6447,TRIPLE,1,1,1,False,-1
6448,TRIPLE,1,1,1,False,-1
6449,DOUBLE,0,1,1,False,-1
6450,SINGLE,0,0,1,False,-1
6453,SINGLE,0,0,1,False,-1
6455,DOUBLE,0,1,1,False,-1
6456,TRIPLE,1,1,1,False,-1
6457,SINGLE,0,0,1,False,-1
6458,DOUBLE,0,1,1,False,-1
6459,TRIPLE,1,1,1,False,-1
6460,TRIPLE,1,1,1,False,-1
6461,SINGLE,0,0,1,False,-1
6462,DOUBLE,0,1,1,False,-1
6463,TRIPLE,1,1,1,False,-1
6464,TRIPLE,1,1,1,False,-1
6465,DOUBLE,0,1,1,False,-1
6466,DOUBLE,0,1,1,False,-1
6467,SINGLE,0,0,1,False,-1
6468,SINGLE,0,0,1,False,-1
6469,SINGLE,0,0,1,False,-1
6470,TRIPLE,1,1,1,False,-1
6471,SINGLE,0,0,1,False,-1
6472,DOUBLE,0,1,1,False,-1
6473,TRIPLE,1,1,1,False,-1
6474,DOUBLE,0,1,1,False,-1
6475,TRIPLE,1,1,1,False,-1
6476,DOUBLE,0,1,1,False,-1
6477,DOUBLE,0,1,1,False,-1
6478,TRIPLE,1,1,1,False,-1
6479,TRIPLE,1,1,1,False,-1
6480,TRIPLE,1,1,1,False,-1
6482,TRIPLE,1,1,1,False,-1
6483,TRIPLE,1,1,1,False,-1
6484,TRIPLE,1,1,1,False,-1
6485,SINGLE,0,0,1,False,-1
6486,TRIPLE,1,1,1,False,-1
6487,TRIPLE,1,1,1,False,-1
6488,TRIPLE,1,1,1,False,-1
6489,TRIPLE,1,1,1,False,-1
6490,TRIPLE,1,1,1,False,-1
6491,DOUBLE,0,1,1,False,-1
6492,DOUBLE,0,1,1,False,-1
6493,DOUBLE,0,1,1,False,-1
6494,DOUBLE,0,1,1,False,-1
6495,TRIPLE,1,1,1,False,-1
6496,DOUBLE,0,1,1,False,-1
6497,DOUBLE,0,1,1,False,-1
6498,TRIPLE,1,1,1,False,-1
6499,TRIPLE,1,1,1,False,-1
6501,TRIPLE,1,1,1,False,-1
6502,DOUBLE,0,1,1,False,-1
6504,TRIPLE,1,1,1,False,-1
6505,DOUBLE,0,1,1,False,-1
6506,SINGLE,0,0,1,False,-1
6507,TRIPLE,1,1,1,False,-1
6508,SINGLE,0,0,1,False,-1
6509,DOUBLE,0,1,1,False,-1
6510,TRIPLE,1,1,1,False,-1
6511,DOUBLE,0,1,1,False,-1
6512,TRIPLE,1,1,1,False,-1
6513,SINGLE,0,0,1,False,-1
6514,DOUBLE,0,1,1,False,-1
6516,TRIPLE,1,1,1,False,-1
6517,TRIPLE,1,1,1,False,-1
6518,TRIPLE,1,1,1,False,-1
6519,DOUBLE,0,1,1,False,-1
6520,DOUBLE,0,1,1,False,-1
6521,SINGLE,0,0,1,False,-1
6522,DOUBLE,0,1,1,False,-1
6523,TRIPLE,1,1,1,False,-1
6525,TRIPLE,1,1,1,False,-1
6526,TRIPLE,1,1,1,False,-1
6527,TRIPLE,1,1,1,False,-1
6528,DOUBLE,0,1,1,False,-1
6529,TRIPLE,1,1,1,False,-1
6530,DOUBLE,0,1,1,False,-1
6531,TRIPLE,1,1,1,False,-1
6532,SINGLE,0,0,1,False,-1
6533,TRIPLE,1,1,1,False,-1
6534,TRIPLE,1,1,1,False,-1
6535,SINGLE,0,0,1,False,-1
6536,TRIPLE,1,1,1,False,-1
6537,TRIPLE,1,1,1,False,-1
6538,TRIPLE,1,1,1,False,-1
6539,TRIPLE,1,1,1,False,-1
6540,DOUBLE,0,1,1,False,-1
6541,TRIPLE,1,1,1,False,-1
6542,TRIPLE,1,1,1,False,-1
6544,TRIPLE,1,1,1,False,-1
6545,TRIPLE,1,1,1,False,-1
6546,TRIPLE,1,1,1,False,-1
6547,TRIPLE,1,1,1,False,-1
6548,TRIPLE,1,1,1,False,-1
6549,TRIPLE,1,1,1,False,-1
6550,TRIPLE,1,1,1,False,-1
6552,TRIPLE,1,1,1,False,-1
6553,TRIPLE,1,1,1,False,-1
6554,DOUBLE,0,1,1,False,-1
6555,DOUBLE,0,1,1,False,-1
6556,DOUBLE,0,1,1,False,-1
6557,TRIPLE,1,1,1,False,-1
6558,TRIPLE,1,1,1,False,-1
6559,TRIPLE,1,1,1,False,-1
6560,TRIPLE,1,1,1,False,-1
6561,TRIPLE,1,1,1,False,-1
6562,TRIPLE,1,1,1,False,-1
6563,SINGLE,0,0,1,False,-1
6564,TRIPLE,1,1,1,False,-1
6565,DOUBLE,0,1,1,False,-1
6566,TRIPLE,1,1,1,False,-1
6567,TRIPLE,1,1,1,False,-1
6568,TRIPLE,1,1,1,False,-1
6569,TRIPLE,1,1,1,False,-1
6570,SINGLE,0,0,1,False,-1
6571,SINGLE,0,0,1,False,-1
6572,SINGLE,0,0,1,False,-1
6573,TRIPLE,1,1,1,False,-1
6574,TRIPLE,1,1,1,False,-1
6575,TRIPLE,1,1,1,False,-1
6576,TRIPLE,1,1,1,False,-1
6577,DOUBLE,0,1,1,False,-1
6578,DOUBLE,0,1,1,False,-1
6579,TRIPLE,1,1,1,False,-1
6580,TRIPLE,1,1,1,False,-1
6581,TRIPLE,1,1,1,False,-1
6582,TRIPLE,1,1,1,False,-1
6583,TRIPLE,1,1,1,False,-1
6584,TRIPLE,1,1,1,False,-1
6585,TRIPLE,1,1,1,False,-1
6586,DOUBLE,0,1,1,False,-1
6588,TRIPLE,1,1,1,False,-1
6589,TRIPLE,1,1,1,False,-1
6591,TRIPLE,1,1,1,False,-1
6592,DOUBLE,0,1,1,False,-1
6594,TRIPLE,1,1,1,False,-1
6595,TRIPLE,1,1,1,False,-1
6596,TRIPLE,1,1,1,False,-1
6597,SINGLE,0,0,1,False,-1
6598,DOUBLE,0,1,1,False,-1
6599,TRIPLE,1,1,1,False,-1
6600,TRIPLE,1,1,1,False,-1
6602,TRIPLE,1,1,1,False,-1
6603,TRIPLE,1,1,1,False,-1
6604,SINGLE,0,0,1,False,-1
6605,TRIPLE,1,1,1,False,-1
6606,TRIPLE,1,1,1,False,-1
6607,TRIPLE,1,1,1,False,-1
6608,SINGLE,0,0,1,False,-1
6609,TRIPLE,1,1,1,False,-1
6610,TRIPLE,1,1,1,False,-1
6611,SINGLE,0,0,1,False,-1
6612,TRIPLE,1,1,1,False,-1
6613,TRIPLE,1,1,1,False,-1
6614,TRIPLE,1,1,1,False,-1
6616,TRIPLE,1,1,1,False,-1
6617,TRIPLE,1,1,1,False,-1
6618,TRIPLE,1,1,1,False,-1
6619,TRIPLE,1,1,1,False,-1
6620,TRIPLE,1,1,1,False,-1
6621,DOUBLE,0,1,1,False,-1
6623,DOUBLE,0,1,1,False,-1
6624,TRIPLE,1,1,1,False,-1
6625,TRIPLE,1,1,1,False,-1
6626,TRIPLE,1,1,1,False,-1
6628,DOUBLE,0,1,1,False,-1
6629,TRIPLE,1,1,1,False,-1
6630,TRIPLE,1,1,1,False,-1
6631,TRIPLE,1,1,1,False,-1
6632,SINGLE,0,0,1,False,-1
6633,TRIPLE,1,1,1,False,-1
6635,TRIPLE,1,1,1,False,-1
6636,TRIPLE,1,1,1,False,-1
6637,TRIPLE,1,1,1,False,-1
6638,DOUBLE,0,1,1,False,-1
6639,SINGLE,0,0,1,False,-1
6640,TRIPLE,1,1,1,False,-1
6642,DOUBLE,0,1,1,False,-1
6643,DOUBLE,0,1,1,False,-1
6644,DOUBLE,0,1,1,False,-1
6645,TRIPLE,1,1,1,False,-1
6646,TRIPLE,1,1,1,False,-1
6647,TRIPLE,1,1,1,False,-1
6648,DOUBLE,0,1,1,False,-1
6649,TRIPLE,1,1,1,False,-1
6650,DOUBLE,0,1,1,False,-1
6651,DOUBLE,0,1,1,False,-1
6652,TRIPLE,1,1,1,False,-1
6653,TRIPLE,1,1,1,False,-1
6654,TRIPLE,1,1,1,False,-1
6655,DOUBLE,0,1,1,False,-1
6656,TRIPLE,1,1,1,False,-1
6657,TRIPLE,1,1,1,False,-1
6660,TRIPLE,1,1,1,False,-1
6661,DOUBLE,0,1,1,False,-1
6663,TRIPLE,1,1,1,False,-1
6664,DOUBLE,0,1,1,False,-1
6665,TRIPLE,1,1,1,False,-1
6666,TRIPLE,1,1,1,False,-1
6667,TRIPLE,1,1,1,False,-1
6668,DOUBLE,0,1,1,False,-1
6669,DOUBLE,0,1,1,False,-1
6670,DOUBLE,0,1,1,False,-1
6671,TRIPLE,1,1,1,False,-1
6672,DOUBLE,0,1,1,False,-1
6673,SINGLE,0,0,1,False,-1
6674,TRIPLE,1,1,1,False,-1
6675,SINGLE,0,0,1,False,-1
6676,DOUBLE,0,1,1,False,-1
6677,DOUBLE,0,1,1,False,-1
6678,TRIPLE,1,1,1,False,-1
6679,DOUBLE,0,1,1,False,-1
6680,TRIPLE,1,1,1,False,-1
6681,TRIPLE,1,1,1,False,-1
6682,SINGLE,0,0,1,False,-1
6683,TRIPLE,1,1,1,False,-1
6684,TRIPLE,1,1,1,False,-1
6685,TRIPLE,1,1,1,False,-1
6686,TRIPLE,1,1,1,False,-1
6687,TRIPLE,1,1,1,False,-1
6688,DOUBLE,0,1,1,False,-1
6689,TRIPLE,1,1,1,False,-1
6690,SINGLE,0,0,1,False,-1
6691,TRIPLE,1,1,1,False,-1
6692,TRIPLE,1,1,1,False,-1
6693,TRIPLE,1,1,1,False,-1
6694,TRIPLE,1,1,1,False,-1
6695,TRIPLE,1,1,1,False,-1
6696,TRIPLE,1,1,1,False,-1
6697,SINGLE,0,0,1,False,-1
6698,DOUBLE,0,1,1,False,-1
6699,TRIPLE,1,1,1,False,-1
6700,SINGLE,0,0,1,False,-1
6701,TRIPLE,1,1,1,False,-1
6702,DOUBLE,0,1,1,False,-1
6703,DOUBLE,0,1,1,False,-1
6705,DOUBLE,0,1,1,False,-1
6706,DOUBLE,0,1,1,False,-1
6707,DOUBLE,0,1,1,False,-1
6708,DOUBLE,0,1,1,False,-1
6709,TRIPLE,1,1,1,False,-1
6710,TRIPLE,1,1,1,False,-1
6711,TRIPLE,1,1,1,False,-1
6712,TRIPLE,1,1,1,False,-1
6713,TRIPLE,1,1,1,False,-1
6714,TRIPLE,1,1,1,False,-1
6715,TRIPLE,1,1,1,False,-1
6716,TRIPLE,1,1,1,False,-1
6717,DOUBLE,0,1,1,False,-1
6718,TRIPLE,1,1,1,False,-1
6719,TRIPLE,1,1,1,False,-1
6720,TRIPLE,1,1,1,False,-1
6721,TRIPLE,1,1,1,False,-1
6722,DOUBLE,0,1,1,False,-1
6723,TRIPLE,1,1,1,False,-1
6724,TRIPLE,1,1,1,False,-1
6726,TRIPLE,1,1,1,False,-1
6727,DOUBLE,0,1,1,False,-1
6728,TRIPLE,1,1,1,False,-1
6729,SINGLE,0,0,1,False,-1
6730,TRIPLE,1,1,1,False,-1
6731,TRIPLE,1,1,1,False,-1
6732,SINGLE,0,0,1,False,-1
6733,TRIPLE,1,1,1,False,-1
6734,TRIPLE,1,1,1,False,-1
6735,TRIPLE,1,1,1,False,-1
6736,TRIPLE,1,1,1,False,-1
6738,TRIPLE,1,1,1,False,-1
6739,DOUBLE,0,1,1,False,-1
6740,TRIPLE,1,1,1,False,-1
6741,TRIPLE,1,1,1,False,-1
6742,DOUBLE,0,1,1,False,-1
6743,DOUBLE,0,1,1,False,-1
6744,TRIPLE,1,1,1,False,-1
6745,TRIPLE,1,1,1,False,-1
6746,TRIPLE,1,1,1,False,-1
6747,DOUBLE,0,1,1,False,-1
6748,TRIPLE,1,1,1,False,-1
6749,SINGLE,0,0,1,False,-1
6750,TRIPLE,1,1,1,False,-1
6751,DOUBLE,0,1,1,False,-1
6753,DOUBLE,0,1,1,False,-1
6754,TRIPLE,1,1,1,False,-1
6755,TRIPLE,1,1,1,False,-1
6756,TRIPLE,1,1,1,False,-1
6757,TRIPLE,1,1,1,False,-1
6758,TRIPLE,1,1,1,False,-1
6759,TRIPLE,1,1,1,False,-1
6761,TRIPLE,1,1,1,False,-1
6762,DOUBLE,0,1,1,False,-1
6763,DOUBLE,0,1,1,False,-1
6764,SINGLE,0,0,1,False,-1
6765,TRIPLE,1,1,1,False,-1
6766,TRIPLE,1,1,1,False,-1
6767,TRIPLE,1,1,1,False,-1
6768,TRIPLE,1,1,1,False,-1
6769,TRIPLE,1,1,1,False,-1
6771,SINGLE,0,0,1,False,-1
6772,TRIPLE,1,1,1,False,-1
6773,TRIPLE,1,1,1,False,-1
6774,DOUBLE,0,1,1,False,-1
6775,TRIPLE,1,1,1,False,-1
6777,DOUBLE,0,1,1,False,-1
6778,SINGLE,0,0,1,False,-1
6779,SINGLE,0,0,1,False,-1
6780,SINGLE,0,0,1,False,-1
6781,DOUBLE,0,1,1,False,-1
6782,TRIPLE,1,1,1,False,-1
6783,SINGLE,0,0,1,False,-1
6784,DOUBLE,0,1,1,False,-1
6785,TRIPLE,1,1,1,False,-1
6786,TRIPLE,1,1,1,False,-1
6787,TRIPLE,1,1,1,False,-1
6788,TRIPLE,1,1,1,False,-1
6789,TRIPLE,1,1,1,False,-1
6790,TRIPLE,1,1,1,False,-1
6792,TRIPLE,1,1,1,False,-1
6793,DOUBLE,0,1,1,False,-1
6794,TRIPLE,1,1,1,False,-1
6795,DOUBLE,0,1,1,False,-1
6796,SINGLE,0,0,1,False,-1
6797,TRIPLE,1,1,1,False,-1
6798,DOUBLE,0,1,1,False,-1
6799,DOUBLE,0,1,1,False,-1
6800,TRIPLE,1,1,1,False,-1
6801,TRIPLE,1,1,1,False,-1
6802,TRIPLE,1,1,1,False,-1
6803,TRIPLE,1,1,1,False,-1
6804,DOUBLE,0,1,1,False,-1
6805,DOUBLE,0,1,1,False,-1
6806,TRIPLE,1,1,1,False,-1
6807,TRIPLE,1,1,1,False,-1
6808,TRIPLE,1,1,1,False,-1
6809,DOUBLE,0,1,1,False,-1
6810,DOUBLE,0,1,1,False,-1
6811,TRIPLE,1,1,1,False,-1
6812,DOUBLE,0,1,1,False,-1
6815,DOUBLE,0,1,1,False,-1
6817,SINGLE,0,0,1,False,-1
6818,TRIPLE,1,1,1,False,-1
6819,SINGLE,0,0,1,False,-1
6820,DOUBLE,0,1,1,False,-1
6821,DOUBLE,0,1,1,False,-1
6822,TRIPLE,1,1,1,False,-1
6823,TRIPLE,1,1,1,False,-1
6824,TRIPLE,1,1,1,False,-1
6825,DOUBLE,0,1,1,False,-1
6826,SINGLE,0,0,1,False,-1
6827,DOUBLE,0,1,1,False,-1
6830,TRIPLE,1,1,1,False,-1
6831,DOUBLE,0,1,1,False,-1
6832,DOUBLE,0,1,1,False,-1
6833,TRIPLE,1,1,1,False,-1
6835,DOUBLE,0,1,1,False,-1
6836,TRIPLE,1,1,1,False,-1
6837,TRIPLE,1,1,1,False,-1
6838,TRIPLE,1,1,1,False,-1
6839,TRIPLE,1,1,1,False,-1
6840,TRIPLE,1,1,1,False,-1
6841,DOUBLE,0,1,1,False,-1
6842,DOUBLE,0,1,1,False,-1
6843,DOUBLE,0,1,1,False,-1
6844,DOUBLE,0,1,1,False,-1
6845,TRIPLE,1,1,1,False,-1
6847,SINGLE,0,0,1,False,-1
6848,TRIPLE,1,1,1,False,-1
6849,DOUBLE,0,1,1,False,-1
6850,TRIPLE,1,1,1,False,-1
6851,TRIPLE,1,1,1,False,-1
6852,TRIPLE,1,1,1,False,-1
6853,SINGLE,0,0,1,False,-1
6855,TRIPLE,1,1,1,False,-1
6856,TRIPLE,1,1,1,False,-1
6857,TRIPLE,1,1,1,False,-1
6858,TRIPLE,1,1,1,False,-1
6859,SINGLE,0,0,1,False,-1
6861,TRIPLE,1,1,1,False,-1
6862,DOUBLE,0,1,1,False,-1
6863,DOUBLE,0,1,1,False,-1
6864,TRIPLE,1,1,1,False,-1
6865,DOUBLE,0,1,1,False,-1
6867,DOUBLE,0,1,1,False,-1
6868,TRIPLE,1,1,1,False,-1
6869,TRIPLE,1,1,1,False,-1
6870,TRIPLE,1,1,1,False,-1
6871,DOUBLE,0,1,1,False,-1
6873,SINGLE,0,0,1,False,-1
6874,TRIPLE,1,1,1,False,-1
6875,TRIPLE,1,1,1,False,-1
6876,SINGLE,0,0,1,False,-1
6877,SINGLE,0,0,1,False,-1
6880,TRIPLE,1,1,1,False,-1
6881,TRIPLE,1,1,1,False,-1
6883,TRIPLE,1,1,1,False,-1
6884,DOUBLE,0,1,1,False,-1
6886,DOUBLE,0,1,1,False,-1
6887,TRIPLE,1,1,1,False,-1
6888,TRIPLE,1,1,1,False,-1
6890,TRIPLE,1,1,1,False,-1
6892,TRIPLE,1,1,1,False,-1
6893,SINGLE,0,0,1,False,-1
6894,TRIPLE,1,1,1,False,-1
6895,TRIPLE,1,1,1,False,-1
6896,TRIPLE,1,1,1,False,-1
6897,SINGLE,0,0,1,False,-1
6898,DOUBLE,0,1,1,False,-1
6899,TRIPLE,1,1,1,False,-1
6900,DOUBLE,0,1,1,False,-1
6901,SINGLE,0,0,1,False,-1
6902,TRIPLE,1,1,1,False,-1
6903,TRIPLE,1,1,1,False,-1
6904,DOUBLE,0,1,1,False,-1
6905,TRIPLE,1,1,1,False,-1
6906,TRIPLE,1,1,1,False,-1
6907,TRIPLE,1,1,1,False,-1
6908,TRIPLE,1,1,1,False,-1
6909,TRIPLE,1,1,1,False,-1
6910,TRIPLE,1,1,1,False,-1
6911,TRIPLE,1,1,1,False,-1
6912,TRIPLE,1,1,1,False,-1
6913,TRIPLE,1,1,1,False,-1
6914,TRIPLE,1,1,1,False,-1
6915,TRIPLE,1,1,1,False,-1
6916,DOUBLE,0,1,1,False,-1
6917,DOUBLE,0,1,1,False,-1
6918,SINGLE,0,0,1,False,-1
6919,TRIPLE,1,1,1,False,-1
6920,TRIPLE,1,1,1,False,-1
6921,TRIPLE,1,1,1,False,-1
6922,TRIPLE,1,1,1,False,-1
6923,TRIPLE,1,1,1,False,-1
6924,DOUBLE,0,1,1,False,-1
6925,TRIPLE,1,1,1,False,-1
6926,DOUBLE,0,1,1,False,-1
6927,TRIPLE,1,1,1,False,-1
6928,TRIPLE,1,1,1,False,-1
6929,DOUBLE,0,1,1,False,-1
6930,DOUBLE,0,1,1,False,-1
6931,TRIPLE,1,1,1,False,-1
6932,TRIPLE,1,1,1,False,-1
6933,DOUBLE,0,1,1,False,-1
6934,DOUBLE,0,1,1,False,-1
6935,DOUBLE,0,1,1,False,-1
6936,TRIPLE,1,1,1,False,-1
6937,DOUBLE,0,1,1,False,-1
6938,TRIPLE,1,1,1,False,-1
6940,TRIPLE,1,1,1,False,-1
6941,DOUBLE,0,1,1,False,-1
6942,TRIPLE,1,1,1,False,-1
6944,DOUBLE,0,1,1,False,-1
6945,SINGLE,0,0,1,False,-1
6946,DOUBLE,0,1,1,False,-1
6947,TRIPLE,1,1,1,False,-1
6948,DOUBLE,0,1,1,False,-1
6949,DOUBLE,0,1,1,False,-1
6950,TRIPLE,1,1,1,False,-1
6951,SINGLE,0,0,1,False,-1
6952,TRIPLE,1,1,1,False,-1
6953,TRIPLE,1,1,1,False,-1
6954,DOUBLE,0,1,1,False,-1
6955,DOUBLE,0,1,1,False,-1
6957,TRIPLE,1,1,1,False,-1
6958,SINGLE,0,0,1,False,-1
6959,TRIPLE,1,1,1,False,-1
6960,DOUBLE,0,1,1,False,-1
6961,TRIPLE,1,1,1,False,-1
6962,DOUBLE,0,1,1,False,-1
6963,TRIPLE,1,1,1,False,-1
6964,TRIPLE,1,1,1,False,-1
6965,DOUBLE,0,1,1,False,-1
6966,TRIPLE,1,1,1,False,-1
6967,DOUBLE,0,1,1,False,-1
6968,TRIPLE,1,1,1,False,-1
6969,DOUBLE,0,1,1,False,-1
6970,TRIPLE,1,1,1,False,-1
6971,DOUBLE,0,1,1,False,-1
6972,SINGLE,0,0,1,False,-1
6973,DOUBLE,0,1,1,False,-1
6974,TRIPLE,1,1,1,False,-1
6975,TRIPLE,1,1,1,False,-1
6976,TRIPLE,1,1,1,False,-1
6977,SINGLE,0,0,1,False,-1
6978,SINGLE,0,0,1,False,-1
6979,DOUBLE,0,1,1,False,-1
6980,TRIPLE,1,1,1,False,-1
6981,SINGLE,0,0,1,False,-1
6982,SINGLE,0,0,1,False,-1
6983,TRIPLE,1,1,1,False,-1
6984,DOUBLE,0,1,1,False,-1
6985,TRIPLE,1,1,1,False,-1
6986,TRIPLE,1,1,1,False,-1
6987,TRIPLE,1,1,1,False,-1
6988,TRIPLE,1,1,1,False,-1
6990,SINGLE,0,0,1,False,-1
6992,DOUBLE,0,1,1,False,-1
6993,TRIPLE,1,1,1,False,-1
6994,DOUBLE,0,1,1,False,-1
6995,DOUBLE,0,1,1,False,-1
6996,DOUBLE,0,1,1,False,-1
6997,DOUBLE,0,1,1,False,-1
6998,TRIPLE,1,1,1,False,-1
6999,TRIPLE,1,1,1,False,-1
7000,DOUBLE,0,1,1,False,-1
7001,TRIPLE,1,1,1,False,-1
7002,DOUBLE,0,1,1,False,-1
7003,SINGLE,0,0,1,False,-1
7004,TRIPLE,1,1,1,False,-1
7006,SINGLE,0,0,1,False,-1
7007,SINGLE,0,0,1,False,-1
7008,TRIPLE,1,1,1,False,-1
7009,SINGLE,0,0,1,False,-1
7010,TRIPLE,1,1,1,False,-1
7011,TRIPLE,1,1,1,False,-1
7012,DOUBLE,0,1,1,False,-1
7013,DOUBLE,0,1,1,False,-1
7014,DOUBLE,0,1,1,False,-1
7015,SINGLE,0,0,1,False,-1
7016,DOUBLE,0,1,1,False,-1
7017,DOUBLE,0,1,1,False,-1
7018,DOUBLE,0,1,1,False,-1
7020,TRIPLE,1,1,1,False,-1
7021,DOUBLE,0,1,1,False,-1
7022,DOUBLE,0,1,1,False,-1
7023,TRIPLE,1,1,1,False,-1
7024,TRIPLE,1,1,1,False,-1
7025,TRIPLE,1,1,1,False,-1
7026,DOUBLE,0,1,1,False,-1
7027,DOUBLE,0,1,1,False,-1
7028,SINGLE,0,0,1,False,-1
7029,TRIPLE,1,1,1,False,-1
7030,TRIPLE,1,1,1,False,-1
7031,TRIPLE,1,1,1,False,-1
7033,TRIPLE,1,1,1,False,-1
7034,SINGLE,0,0,1,False,-1
7035,DOUBLE,0,1,1,False,-1
7036,SINGLE,0,0,1,False,-1
7037,SINGLE,0,0,1,False,-1
7038,TRIPLE,1,1,1,False,-1
7039,TRIPLE,1,1,1,False,-1
7040,TRIPLE,1,1,1,False,-1
7041,DOUBLE,0,1,1,False,-1
7042,TRIPLE,1,1,1,False,-1
7043,DOUBLE,0,1,1,False,-1
7045,TRIPLE,1,1,1,False,-1
7046,DOUBLE,0,1,1,False,-1
7047,TRIPLE,1,1,1,False,-1
7048,TRIPLE,1,1,1,False,-1
7049,SINGLE,0,0,1,False,-1
7051,TRIPLE,1,1,1,False,-1
7053,SINGLE,0,0,1,False,-1
7054,TRIPLE,1,1,1,False,-1
7055,TRIPLE,1,1,1,False,-1
7056,SINGLE,0,0,1,False,-1
7057,TRIPLE,1,1,1,False,-1
7058,SINGLE,0,0,1,False,-1
7060,DOUBLE,0,1,1,False,-1
7061,SINGLE,0,0,1,False,-1
7063,TRIPLE,1,1,1,False,-1
7064,TRIPLE,1,1,1,False,-1
7065,DOUBLE,0,1,1,False,-1
7066,DOUBLE,0,1,1,False,-1
7067,DOUBLE,0,1,1,False,-1
7068,DOUBLE,0,1,1,False,-1
7069,TRIPLE,1,1,1,False,-1
7070,DOUBLE,0,1,1,False,-1
7071,TRIPLE,1,1,1,False,-1
7072,DOUBLE,0,1,1,False,-1
7073,DOUBLE,0,1,1,False,-1
7075,TRIPLE,1,1,1,False,-1
7076,TRIPLE,1,1,1,False,-1
7077,TRIPLE,1,1,1,False,-1
7078,TRIPLE,1,1,1,False,-1
7079,DOUBLE,0,1,1,False,-1
7082,SINGLE,0,0,1,False,-1
7083,TRIPLE,1,1,1,False,-1
7084,DOUBLE,0,1,1,False,-1
7085,DOUBLE,0,1,1,False,-1
7086,DOUBLE,0,1,1,False,-1
7087,TRIPLE,1,1,1,False,-1
7088,TRIPLE,1,1,1,False,-1
7089,DOUBLE,0,1,1,False,-1
7090,SINGLE,0,0,1,False,-1
7091,TRIPLE,1,1,1,False,-1
7092,TRIPLE,1,1,1,False,-1
7093,TRIPLE,1,1,1,False,-1
7094,TRIPLE,1,1,1,False,-1
7095,TRIPLE,1,1,1,False,-1
7096,TRIPLE,1,1,1,False,-1
7097,DOUBLE,0,1,1,False,-1
7098,DOUBLE,0,1,1,False,-1
7099,SINGLE,0,0,1,False,-1
7100,DOUBLE,0,1,1,False,-1
7101,TRIPLE,1,1,1,False,-1
7102,DOUBLE,0,1,1,False,-1
7104,DOUBLE,0,1,1,False,-1
7105,TRIPLE,1,1,1,False,-1
7106,TRIPLE,1,1,1,False,-1
7107,TRIPLE,1,1,1,False,-1
7108,DOUBLE,0,1,1,False,-1
7109,TRIPLE,1,1,1,False,-1
7110,SINGLE,0,0,1,False,-1
7111,TRIPLE,1,1,1,False,-1
7112,TRIPLE,1,1,1,False,-1
7113,TRIPLE,1,1,1,False,-1
7114,TRIPLE,1,1,1,False,-1
7115,TRIPLE,1,1,1,False,-1
7116,SINGLE,0,0,1,False,-1
7117,TRIPLE,1,1,1,False,-1
7118,TRIPLE,1,1,1,False,-1
7119,DOUBLE,0,1,1,False,-1
7120,DOUBLE,0,1,1,False,-1
7121,TRIPLE,1,1,1,False,-1
7122,TRIPLE,1,1,1,False,-1
7123,TRIPLE,1,1,1,False,-1
7124,TRIPLE,1,1,1,False,-1
7125,TRIPLE,1,1,1,False,-1
7126,DOUBLE,0,1,1,False,-1
7127,TRIPLE,1,1,1,False,-1
7130,TRIPLE,1,1,1,False,-1
7131,TRIPLE,1,1,1,False,-1
7132,TRIPLE,1,1,1,False,-1
7133,TRIPLE,1,1,1,False,-1
7134,TRIPLE,1,1,1,False,-1
7135,TRIPLE,1,1,1,False,-1
7136,TRIPLE,1,1,1,False,-1
7137,DOUBLE,0,1,1,False,-1
7138,TRIPLE,1,1,1,False,-1
7139,DOUBLE,0,1,1,False,-1
7140,TRIPLE,1,1,1,False,-1
7141,DOUBLE,0,1,1,False,-1
7142,SINGLE,0,0,1,False,-1
7143,TRIPLE,1,1,1,False,-1
7144,TRIPLE,1,1,1,False,-1
7145,TRIPLE,1,1,1,False,-1
7147,DOUBLE,0,1,1,False,-1
7148,DOUBLE,0,1,1,False,-1
7149,TRIPLE,1,1,1,False,-1
7150,SINGLE,0,0,1,False,-1
7151,TRIPLE,1,1,1,False,-1
7152,DOUBLE,0,1,1,False,-1
7153,TRIPLE,1,1,1,False,-1
7154,DOUBLE,0,1,1,False,-1
7155,TRIPLE,1,1,1,False,-1
7156,SINGLE,0,0,1,False,-1
7157,TRIPLE,1,1,1,False,-1
7158,TRIPLE,1,1,1,False,-1
7159,TRIPLE,1,1,1,False,-1
7160,TRIPLE,1,1,1,False,-1
7161,DOUBLE,0,1,1,False,-1
7162,TRIPLE,1,1,1,False,-1
7163,TRIPLE,1,1,1,False,-1
7164,DOUBLE,0,1,1,False,-1
7166,TRIPLE,1,1,1,False,-1
7167,DOUBLE,0,1,1,False,-1
7168,TRIPLE,1,1,1,False,-1
7169,DOUBLE,0,1,1,False,-1
7170,TRIPLE,1,1,1,False,-1
7171,TRIPLE,1,1,1,False,-1
7172,SINGLE,0,0,1,False,-1
7175,DOUBLE,0,1,1,False,-1
7176,DOUBLE,0,1,1,False,-1
7177,SINGLE,0,0,1,False,-1
7179,TRIPLE,1,1,1,False,-1
7180,TRIPLE,1,1,1,False,-1
7181,SINGLE,0,0,1,False,-1
7182,DOUBLE,0,1,1,False,-1
7183,TRIPLE,1,1,1,False,-1
7184,TRIPLE,1,1,1,False,-1
7185,TRIPLE,1,1,1,False,-1
7186,DOUBLE,0,1,1,False,-1
7187,TRIPLE,1,1,1,False,-1
7188,SINGLE,0,0,1,False,-1
7189,TRIPLE,1,1,1,False,-1
7190,TRIPLE,1,1,1,False,-1
7191,DOUBLE,0,1,1,False,-1
7192,TRIPLE,1,1,1,False,-1
7193,TRIPLE,1,1,1,False,-1
7194,DOUBLE,0,1,1,False,-1
7195,DOUBLE,0,1,1,False,-1
7196,SINGLE,0,0,1,False,-1
7197,SINGLE,0,0,1,False,-1
7198,DOUBLE,0,1,1,False,-1
7199,DOUBLE,0,1,1,False,-1
7200,SINGLE,0,0,1,False,-1
7201,TRIPLE,1,1,1,False,-1
7202,SINGLE,0,0,1,False,-1
7203,TRIPLE,1,1,1,False,-1
7204,TRIPLE,1,1,1,False,-1
7205,TRIPLE,1,1,1,False,-1
7206,TRIPLE,1,1,1,False,-1
7207,SINGLE,0,0,1,False,-1
7209,TRIPLE,1,1,1,False,-1
7210,TRIPLE,1,1,1,False,-1
7211,SINGLE,0,0,1,False,-1
7212,TRIPLE,1,1,1,False,-1
7214,TRIPLE,1,1,1,False,-1
7215,TRIPLE,1,1,1,False,-1
7217,TRIPLE,1,1,1,False,-1
7218,TRIPLE,1,1,1,False,-1
7219,TRIPLE,1,1,1,False,-1
7220,TRIPLE,1,1,1,False,-1
7221,TRIPLE,1,1,1,False,-1
7222,TRIPLE,1,1,1,False,-1
7223,SINGLE,0,0,1,False,-1
7224,DOUBLE,0,1,1,False,-1
7225,TRIPLE,1,1,1,False,-1
7226,TRIPLE,1,1,1,False,-1
7227,DOUBLE,0,1,1,False,-1
7228,SINGLE,0,0,1,False,-1
7229,TRIPLE,1,1,1,False,-1
7230,DOUBLE,0,1,1,False,-1
7231,SINGLE,0,0,1,False,-1
7232,DOUBLE,0,1,1,False,-1
7233,SINGLE,0,0,1,False,-1
7234,TRIPLE,1,1,1,False,-1
7235,SINGLE,0,0,1,False,-1
7236,TRIPLE,1,1,1,False,-1
7238,DOUBLE,0,1,1,False,-1
7239,TRIPLE,1,1,1,False,-1
7240,TRIPLE,1,1,1,False,-1
7241,DOUBLE,0,1,1,False,-1
7242,TRIPLE,1,1,1,False,-1
7243,TRIPLE,1,1,1,False,-1
7244,DOUBLE,0,1,1,False,-1
7245,SINGLE,0,0,1,False,-1
7246,TRIPLE,1,1,1,False,-1
7247,TRIPLE,1,1,1,False,-1
7248,SINGLE,0,0,1,False,-1
7249,TRIPLE,1,1,1,False,-1
7250,SINGLE,0,0,1,False,-1
7251,TRIPLE,1,1,1,False,-1
7252,TRIPLE,1,1,1,False,-1
7254,TRIPLE,1,1,1,False,-1
7255,TRIPLE,1,1,1,False,-1
7256,DOUBLE,0,1,1,False,-1
7257,TRIPLE,1,1,1,False,-1
7258,SINGLE,0,0,1,False,-1
7259,TRIPLE,1,1,1,False,-1
7260,SINGLE,0,0,1,False,-1
7261,SINGLE,0,0,1,False,-1
7262,SINGLE,0,0,1,False,-1
7263,TRIPLE,1,1,1,False,-1
7264,DOUBLE,0,1,1,False,-1
7266,DOUBLE,0,1,1,False,-1
7267,TRIPLE,1,1,1,False,-1
7268,SINGLE,0,0,1,False,-1
7269,TRIPLE,1,1,1,False,-1
7270,DOUBLE,0,1,1,False,-1
7271,SINGLE,0,0,1,False,-1
7273,SINGLE,0,0,1,False,-1
7274,DOUBLE,0,1,1,False,-1
7276,TRIPLE,1,1,1,False,-1
7278,DOUBLE,0,1,1,False,-1
7279,DOUBLE,0,1,1,False,-1
7280,TRIPLE,1,1,1,False,-1
7281,TRIPLE,1,1,1,False,-1
7283,TRIPLE,1,1,1,False,-1
7286,TRIPLE,1,1,1,False,-1
7287,TRIPLE,1,1,1,False,-1
7288,TRIPLE,1,1,1,False,-1
7289,TRIPLE,1,1,1,False,-1
7290,DOUBLE,0,1,1,False,-1
7291,TRIPLE,1,1,1,False,-1
7292,DOUBLE,0,1,1,False,-1
7293,DOUBLE,0,1,1,False,-1
7295,DOUBLE,0,1,1,False,-1
7296,TRIPLE,1,1,1,False,-1
7297,TRIPLE,1,1,1,False,-1
7298,TRIPLE,1,1,1,False,-1
7299,TRIPLE,1,1,1,False,-1
7300,TRIPLE,1,1,1,False,-1
7301,SINGLE,0,0,1,False,-1
7302,TRIPLE,1,1,1,False,-1
7303,TRIPLE,1,1,1,False,-1
7304,TRIPLE,1,1,1,False,-1
7305,TRIPLE,1,1,1,False,-1
7306,SINGLE,0,0,1,False,-1
7308,DOUBLE,0,1,1,False,-1
7309,TRIPLE,1,1,1,False,-1
7310,TRIPLE,1,1,1,False,-1
7311,DOUBLE,0,1,1,False,-1
7312,DOUBLE,0,1,1,False,-1
7313,DOUBLE,0,1,1,False,-1
7314,TRIPLE,1,1,1,False,-1
7315,TRIPLE,1,1,1,False,-1
7316,DOUBLE,0,1,1,False,-1
7317,TRIPLE,1,1,1,False,-1
7318,TRIPLE,1,1,1,False,-1
7319,SINGLE,0,0,1,False,-1
7320,TRIPLE,1,1,1,False,-1
7321,TRIPLE,1,1,1,False,-1
7322,SINGLE,0,0,1,False,-1
7323,TRIPLE,1,1,1,False,-1
7324,DOUBLE,0,1,1,False,-1
7325,TRIPLE,1,1,1,False,-1
7326,DOUBLE,0,1,1,False,-1
7327,TRIPLE,1,1,1,False,-1
7328,TRIPLE,1,1,1,False,-1
7329,DOUBLE,0,1,1,False,-1
7330,DOUBLE,0,1,1,False,-1
7331,TRIPLE,1,1,1,False,-1
7332,TRIPLE,1,1,1,False,-1
7333,TRIPLE,1,1,1,False,-1
7334,DOUBLE,0,1,1,False,-1
7336,SINGLE,0,0,1,False,-1
7337,TRIPLE,1,1,1,False,-1
7338,TRIPLE,1,1,1,False,-1
7339,SINGLE,0,0,1,False,-1
7340,TRIPLE,1,1,1,False,-1
7341,SINGLE,0,0,1,False,-1
7342,SINGLE,0,0,1,False,-1
7343,DOUBLE,0,1,1,False,-1
7344,TRIPLE,1,1,1,False,-1
7345,TRIPLE,1,1,1,False,-1
7346,TRIPLE,1,1,1,False,-1
7347,TRIPLE,1,1,1,False,-1
7348,TRIPLE,1,1,1,False,-1
7349,DOUBLE,0,1,1,False,-1
7350,SINGLE,0,0,1,False,-1
7351,TRIPLE,1,1,1,False,-1
7352,DOUBLE,0,1,1,False,-1
7353,DOUBLE,0,1,1,False,-1
7354,TRIPLE,1,1,1,False,-1
7356,TRIPLE,1,1,1,False,-1
7357,TRIPLE,1,1,1,False,-1
7358,TRIPLE,1,1,1,False,-1
7359,TRIPLE,1,1,1,False,-1
7361,DOUBLE,0,1,1,False,-1
7362,SINGLE,0,0,1,False,-1
7363,TRIPLE,1,1,1,False,-1
7364,SINGLE,0,0,1,False,-1
7365,DOUBLE,0,1,1,False,-1
7366,TRIPLE,1,1,1,False,-1
7367,TRIPLE,1,1,1,False,-1
7368,TRIPLE,1,1,1,False,-1
7369,TRIPLE,1,1,1,False,-1
7370,TRIPLE,1,1,1,False,-1
7371,TRIPLE,1,1,1,False,-1
7372,TRIPLE,1,1,1,False,-1
7373,SINGLE,0,0,1,False,-1
7374,TRIPLE,1,1,1,False,-1
7375,TRIPLE,1,1,1,False,-1
7376,TRIPLE,1,1,1,False,-1
7377,TRIPLE,1,1,1,False,-1
7378,DOUBLE,0,1,1,False,-1
7379,TRIPLE,1,1,1,False,-1
7381,SINGLE,0,0,1,False,-1
7382,DOUBLE,0,1,1,False,-1
7383,TRIPLE,1,1,1,False,-1
7384,TRIPLE,1,1,1,False,-1
7385,TRIPLE,1,1,1,False,-1
7386,DOUBLE,0,1,1,False,-1
7387,DOUBLE,0,1,1,False,-1
7388,TRIPLE,1,1,1,False,-1
7389,DOUBLE,0,1,1,False,-1
7390,TRIPLE,1,1,1,False,-1
7391,TRIPLE,1,1,1,False,-1
7392,DOUBLE,0,1,1,False,-1
7393,SINGLE,0,0,1,False,-1
7394,DOUBLE,0,1,1,False,-1
7395,SINGLE,0,0,1,False,-1
7396,TRIPLE,1,1,1,False,-1
7397,TRIPLE,1,1,1,False,-1
7398,TRIPLE,1,1,1,False,-1
7399,TRIPLE,1,1,1,False,-1
7400,DOUBLE,0,1,1,False,-1
7401,TRIPLE,1,1,1,False,-1
7402,TRIPLE,1,1,1,False,-1
7403,DOUBLE,0,1,1,False,-1
7404,TRIPLE,1,1,1,False,-1
7405,TRIPLE,1,1,1,False,-1
7406,SINGLE,0,0,1,False,-1
7407,DOUBLE,0,1,1,False,-1
7408,SINGLE,0,0,1,False,-1
7410,DOUBLE,0,1,1,False,-1
7411,TRIPLE,1,1,1,False,-1
7412,TRIPLE,1,1,1,False,-1
7413,DOUBLE,0,1,1,False,-1
7414,DOUBLE,0,1,1,False,-1
7415,TRIPLE,1,1,1,False,-1
7417,TRIPLE,1,1,1,False,-1
7418,TRIPLE,1,1,1,False,-1
7419,SINGLE,0,0,1,False,-1
7420,DOUBLE,0,1,1,False,-1
7421,TRIPLE,1,1,1,False,-1
7422,TRIPLE,1,1,1,False,-1
7423,SINGLE,0,0,1,False,-1
7424,DOUBLE,0,1,1,False,-1
7425,DOUBLE,0,1,1,False,-1
7426,TRIPLE,1,1,1,False,-1
7427,TRIPLE,1,1,1,False,-1
7428,DOUBLE,0,1,1,False,-1
7429,TRIPLE,1,1,1,False,-1
7430,TRIPLE,1,1,1,False,-1
7431,TRIPLE,1,1,1,False,-1
7432,TRIPLE,1,1,1,False,-1
7433,DOUBLE,0,1,1,False,-1
7434,TRIPLE,1,1,1,False,-1
7435,TRIPLE,1,1,1,False,-1
7436,TRIPLE,1,1,1,False,-1
7437,TRIPLE,1,1,1,False,-1
7438,SINGLE,0,0,1,False,-1
7439,DOUBLE,0,1,1,False,-1
7440,TRIPLE,1,1,1,False,-1
7441,TRIPLE,1,1,1,False,-1
7443,TRIPLE,1,1,1,False,-1
7445,DOUBLE,0,1,1,False,-1
7446,TRIPLE,1,1,1,False,-1
7447,TRIPLE,1,1,1,False,-1
7448,TRIPLE,1,1,1,False,-1
7449,TRIPLE,1,1,1,False,-1
7450,DOUBLE,0,1,1,False,-1
7451,DOUBLE,0,1,1,False,-1
7453,TRIPLE,1,1,1,False,-1
7454,TRIPLE,1,1,1,False,-1
7455,TRIPLE,1,1,1,False,-1
7457,DOUBLE,0,1,1,False,-1
7458,TRIPLE,1,1,1,False,-1
7459,DOUBLE,0,1,1,False,-1
7460,TRIPLE,1,1,1,False,-1
7461,TRIPLE,1,1,1,False,-1
7462,TRIPLE,1,1,1,False,-1
7463,TRIPLE,1,1,1,False,-1
7464,DOUBLE,0,1,1,False,-1
7465,TRIPLE,1,1,1,False,-1
7467,TRIPLE,1,1,1,False,-1
7468,TRIPLE,1,1,1,False,-1
7470,TRIPLE,1,1,1,False,-1
7471,TRIPLE,1,1,1,False,-1
7472,TRIPLE,1,1,1,False,-1
7473,DOUBLE,0,1,1,False,-1
7474,TRIPLE,1,1,1,False,-1
7475,SINGLE,0,0,1,False,-1
7476,TRIPLE,1,1,1,False,-1
7477,DOUBLE,0,1,1,False,-1
7479,TRIPLE,1,1,1,False,-1
7480,TRIPLE,1,1,1,False,-1
7481,TRIPLE,1,1,1,False,-1
7482,DOUBLE,0,1,1,False,-1
7483,TRIPLE,1,1,1,False,-1
7484,TRIPLE,1,1,1,False,-1
7485,DOUBLE,0,1,1,False,-1
7486,TRIPLE,1,1,1,False,-1
7487,TRIPLE,1,1,1,False,-1
7488,DOUBLE,0,1,1,False,-1
7489,TRIPLE,1,1,1,False,-1
7491,SINGLE,0,0,1,False,-1
7492,DOUBLE,0,1,1,False,-1
7493,TRIPLE,1,1,1,False,-1
7494,TRIPLE,1,1,1,False,-1
7495,TRIPLE,1,1,1,False,-1
7496,DOUBLE,0,1,1,False,-1
7497,TRIPLE,1,1,1,False,-1
7498,TRIPLE,1,1,1,False,-1
7499,DOUBLE,0,1,1,False,-1
7500,TRIPLE,1,1,1,False,-1
7502,DOUBLE,0,1,1,False,-1
7503,TRIPLE,1,1,1,False,-1
7504,TRIPLE,1,1,1,False,-1
7506,TRIPLE,1,1,1,False,-1
7507,TRIPLE,1,1,1,False,-1
7509,TRIPLE,1,1,1,False,-1
7510,TRIPLE,1,1,1,False,-1
7512,DOUBLE,0,1,1,False,-1
7513,DOUBLE,0,1,1,False,-1
7514,TRIPLE,1,1,1,False,-1
7515,TRIPLE,1,1,1,False,-1
7516,DOUBLE,0,1,1,False,-1
7517,TRIPLE,1,1,1,False,-1
7518,TRIPLE,1,1,1,False,-1
7520,SINGLE,0,0,1,False,-1
7521,TRIPLE,1,1,1,False,-1
7522,TRIPLE,1,1,1,False,-1
7523,TRIPLE,1,1,1,False,-1
7524,TRIPLE,1,1,1,False,-1
7525,TRIPLE,1,1,1,False,-1
7527,TRIPLE,1,1,1,False,-1
7528,TRIPLE,1,1,1,False,-1
7529,TRIPLE,1,1,1,False,-1
7530,TRIPLE,1,1,1,False,-1
7531,TRIPLE,1,1,1,False,-1
7532,DOUBLE,0,1,1,False,-1
7533,SINGLE,0,0,1,False,-1
7534,DOUBLE,0,1,1,False,-1
7535,DOUBLE,0,1,1,False,-1
7536,DOUBLE,0,1,1,False,-1
7537,SINGLE,0,0,1,False,-1
7538,TRIPLE,1,1,1,False,-1
7539,DOUBLE,0,1,1,False,-1
7540,TRIPLE,1,1,1,False,-1
7541,TRIPLE,1,1,1,False,-1
7542,TRIPLE,1,1,1,False,-1
7543,TRIPLE,1,1,1,False,-1
7545,TRIPLE,1,1,1,False,-1
7546,TRIPLE,1,1,1,False,-1
7548,SINGLE,0,0,1,False,-1
7549,DOUBLE,0,1,1,False,-1
7550,DOUBLE,0,1,1,False,-1
7551,SINGLE,0,0,1,False,-1
7552,SINGLE,0,0,1,False,-1
7553,TRIPLE,1,1,1,False,-1
7557,TRIPLE,1,1,1,False,-1
7558,SINGLE,0,0,1,False,-1
7559,DOUBLE,0,1,1,False,-1
7561,DOUBLE,0,1,1,False,-1
7562,TRIPLE,1,1,1,False,-1
7563,TRIPLE,1,1,1,False,-1
7565,TRIPLE,1,1,1,False,-1
7566,TRIPLE,1,1,1,False,-1
7567,DOUBLE,0,1,1,False,-1
7568,TRIPLE,1,1,1,False,-1
7569,TRIPLE,1,1,1,False,-1
7571,DOUBLE,0,1,1,False,-1
7573,TRIPLE,1,1,1,False,-1
7574,TRIPLE,1,1,1,False,-1
7575,TRIPLE,1,1,1,False,-1
7576,SINGLE,0,0,1,False,-1
7577,TRIPLE,1,1,1,False,-1
7578,TRIPLE,1,1,1,False,-1
7579,SINGLE,0,0,1,False,-1
7581,TRIPLE,1,1,1,False,-1
7582,SINGLE,0,0,1,False,-1
7583,TRIPLE,1,1,1,False,-1
7584,DOUBLE,0,1,1,False,-1
7585,TRIPLE,1,1,1,False,-1
7586,TRIPLE,1,1,1,False,-1
7587,DOUBLE,0,1,1,False,-1
7588,TRIPLE,1,1,1,False,-1
7589,TRIPLE,1,1,1,False,-1
7590,DOUBLE,0,1,1,False,-1
7591,TRIPLE,1,1,1,False,-1
7592,SINGLE,0,0,1,False,-1
7593,TRIPLE,1,1,1,False,-1
7594,TRIPLE,1,1,1,False,-1
7595,TRIPLE,1,1,1,False,-1
7596,TRIPLE,1,1,1,False,-1
7597,SINGLE,0,0,1,False,-1
7598,TRIPLE,1,1,1,False,-1
7599,TRIPLE,1,1,1,False,-1
7600,TRIPLE,1,1,1,False,-1
7602,DOUBLE,0,1,1,False,-1
7603,SINGLE,0,0,1,False,-1
7604,DOUBLE,0,1,1,False,-1
7605,TRIPLE,1,1,1,False,-1
7607,TRIPLE,1,1,1,False,-1
7608,TRIPLE,1,1,1,False,-1
7609,DOUBLE,0,1,1,False,-1
7610,SINGLE,0,0,1,False,-1
7611,DOUBLE,0,1,1,False,-1
7612,TRIPLE,1,1,1,False,-1
7613,TRIPLE,1,1,1,False,-1
7614,TRIPLE,1,1,1,False,-1
7615,DOUBLE,0,1,1,False,-1
7616,TRIPLE,1,1,1,False,-1
7617,DOUBLE,0,1,1,False,-1
7618,TRIPLE,1,1,1,False,-1
7619,TRIPLE,1,1,1,False,-1
7620,TRIPLE,1,1,1,False,-1
7621,TRIPLE,1,1,1,False,-1
7622,TRIPLE,1,1,1,False,-1
7623,TRIPLE,1,1,1,False,-1
7624,SINGLE,0,0,1,False,-1
7625,TRIPLE,1,1,1,False,-1
7626,TRIPLE,1,1,1,False,-1
7627,TRIPLE,1,1,1,False,-1
7628,TRIPLE,1,1,1,False,-1
7629,SINGLE,0,0,1,False,-1
7630,SINGLE,0,0,1,False,-1
7631,TRIPLE,1,1,1,False,-1
7632,TRIPLE,1,1,1,False,-1
7633,DOUBLE,0,1,1,False,-1
7634,DOUBLE,0,1,1,False,-1
7635,DOUBLE,0,1,1,False,-1
7636,DOUBLE,0,1,1,False,-1
7638,TRIPLE,1,1,1,False,-1
7639,DOUBLE,0,1,1,False,-1
7640,TRIPLE,1,1,1,False,-1
7641,DOUBLE,0,1,1,False,-1
7642,DOUBLE,0,1,1,False,-1
7643,TRIPLE,1,1,1,False,-1
7644,TRIPLE,1,1,1,False,-1
7645,SINGLE,0,0,1,False,-1
7646,DOUBLE,0,1,1,False,-1
7647,TRIPLE,1,1,1,False,-1
7648,TRIPLE,1,1,1,False,-1
7649,TRIPLE,1,1,1,False,-1
7650,DOUBLE,0,1,1,False,-1
7652,TRIPLE,1,1,1,False,-1
7653,TRIPLE,1,1,1,False,-1
7654,TRIPLE,1,1,1,False,-1
7655,TRIPLE,1,1,1,False,-1
7657,DOUBLE,0,1,1,False,-1
7658,TRIPLE,1,1,1,False,-1
7659,TRIPLE,1,1,1,False,-1
7660,TRIPLE,1,1,1,False,-1
7661,DOUBLE,0,1,1,False,-1
7662,DOUBLE,0,1,1,False,-1
7663,DOUBLE,0,1,1,False,-1
7664,DOUBLE,0,1,1,False,-1
7665,SINGLE,0,0,1,False,-1
7666,DOUBLE,0,1,1,False,-1
7667,DOUBLE,0,1,1,False,-1
7668,SINGLE,0,0,1,False,-1
7669,DOUBLE,0,1,1,False,-1
7670,TRIPLE,1,1,1,False,-1
7671,TRIPLE,1,1,1,False,-1
7672,DOUBLE,0,1,1,False,-1
7673,TRIPLE,1,1,1,False,-1
7674,TRIPLE,1,1,1,False,-1
7675,DOUBLE,0,1,1,False,-1
7676,SINGLE,0,0,1,False,-1
7679,DOUBLE,0,1,1,False,-1
7680,DOUBLE,0,1,1,False,-1
7681,TRIPLE,1,1,1,False,-1
7682,DOUBLE,0,1,1,False,-1
7683,TRIPLE,1,1,1,False,-1
7684,SINGLE,0,0,1,False,-1
7685,DOUBLE,0,1,1,False,-1
7686,TRIPLE,1,1,1,False,-1
7687,TRIPLE,1,1,1,False,-1
7688,TRIPLE,1,1,1,False,-1
7690,TRIPLE,1,1,1,False,-1
7691,TRIPLE,1,1,1,False,-1
7692,TRIPLE,1,1,1,False,-1
7694,TRIPLE,1,1,1,False,-1
7695,DOUBLE,0,1,1,False,-1
7696,TRIPLE,1,1,1,False,-1
7697,SINGLE,0,0,1,False,-1
7699,DOUBLE,0,1,1,False,-1
7700,SINGLE,0,0,1,False,-1
7701,TRIPLE,1,1,1,False,-1
7702,DOUBLE,0,1,1,False,-1
7703,DOUBLE,0,1,1,False,-1
7704,TRIPLE,1,1,1,False,-1
7705,DOUBLE,0,1,1,False,-1
7706,TRIPLE,1,1,1,False,-1
7707,TRIPLE,1,1,1,False,-1
7708,TRIPLE,1,1,1,False,-1
7709,TRIPLE,1,1,1,False,-1
7710,TRIPLE,1,1,1,False,-1
7712,TRIPLE,1,1,1,False,-1
7713,DOUBLE,0,1,1,False,-1
7714,TRIPLE,1,1,1,False,-1
7715,DOUBLE,0,1,1,False,-1
7716,TRIPLE,1,1,1,False,-1
7717,TRIPLE,1,1,1,False,-1
7718,DOUBLE,0,1,1,False,-1
7719,DOUBLE,0,1,1,False,-1
7720,DOUBLE,0,1,1,False,-1
7721,TRIPLE,1,1,1,False,-1
7723,TRIPLE,1,1,1,False,-1
7724,DOUBLE,0,1,1,False,-1
7725,SINGLE,0,0,1,False,-1
7726,TRIPLE,1,1,1,False,-1
7727,TRIPLE,1,1,1,False,-1
7729,DOUBLE,0,1,1,False,-1
7730,DOUBLE,0,1,1,False,-1
7731,DOUBLE,0,1,1,False,-1
7732,SINGLE,0,0,1,False,-1
7733,TRIPLE,1,1,1,False,-1
7734,TRIPLE,1,1,1,False,-1
7736,TRIPLE,1,1,1,False,-1
7737,SINGLE,0,0,1,False,-1
7738,TRIPLE,1,1,1,False,-1
7739,TRIPLE,1,1,1,False,-1
7740,SINGLE,0,0,1,False,-1
7741,DOUBLE,0,1,1,False,-1
7742,SINGLE,0,0,1,False,-1
7743,DOUBLE,0,1,1,False,-1
7744,TRIPLE,1,1,1,False,-1
7745,DOUBLE,0,1,1,False,-1
7747,TRIPLE,1,1,1,False,-1
7748,TRIPLE,1,1,1,False,-1
7749,TRIPLE,1,1,1,False,-1
7750,TRIPLE,1,1,1,False,-1
7752,SINGLE,0,0,1,False,-1
7753,TRIPLE,1,1,1,False,-1
7754,TRIPLE,1,1,1,False,-1
7755,DOUBLE,0,1,1,False,-1
7756,SINGLE,0,0,1,False,-1
7757,TRIPLE,1,1,1,False,-1
7759,TRIPLE,1,1,1,False,-1
7760,DOUBLE,0,1,1,False,-1
7761,TRIPLE,1,1,1,False,-1
7762,TRIPLE,1,1,1,False,-1
7763,DOUBLE,0,1,1,False,-1
7764,SINGLE,0,0,1,False,-1
7765,DOUBLE,0,1,1,False,-1
7766,TRIPLE,1,1,1,False,-1
7767,DOUBLE,0,1,1,False,-1
7768,DOUBLE,0,1,1,False,-1
7769,TRIPLE,1,1,1,False,-1
7771,TRIPLE,1,1,1,False,-1
7772,TRIPLE,1,1,1,False,-1
7773,SINGLE,0,0,1,False,-1
7774,TRIPLE,1,1,1,False,-1
7775,SINGLE,0,0,1,False,-1
7776,DOUBLE,0,1,1,False,-1
7777,DOUBLE,0,1,1,False,-1
7778,DOUBLE,0,1,1,False,-1
7779,TRIPLE,1,1,1,False,-1
7780,SINGLE,0,0,1,False,-1
7781,SINGLE,0,0,1,False,-1
7782,TRIPLE,1,1,1,False,-1
7783,TRIPLE,1,1,1,False,-1
7784,SINGLE,0,0,1,False,-1
7786,TRIPLE,1,1,1,False,-1
7788,DOUBLE,0,1,1,False,-1
7789,TRIPLE,1,1,1,False,-1
7790,TRIPLE,1,1,1,False,-1
7791,TRIPLE,1,1,1,False,-1
7792,TRIPLE,1,1,1,False,-1
7793,SINGLE,0,0,1,False,-1
7795,TRIPLE,1,1,1,False,-1
7796,TRIPLE,1,1,1,False,-1
7797,TRIPLE,1,1,1,False,-1
7798,DOUBLE,0,1,1,False,-1
7799,TRIPLE,1,1,1,False,-1
7800,TRIPLE,1,1,1,False,-1
7801,DOUBLE,0,1,1,False,-1
7802,TRIPLE,1,1,1,False,-1
7803,TRIPLE,1,1,1,False,-1
7804,TRIPLE,1,1,1,False,-1
7805,TRIPLE,1,1,1,False,-1
7806,TRIPLE,1,1,1,False,-1
7807,TRIPLE,1,1,1,False,-1
7809,TRIPLE,1,1,1,False,-1
7810,TRIPLE,1,1,1,False,-1
7811,SINGLE,0,0,1,False,-1
7812,TRIPLE,1,1,1,False,-1
7813,TRIPLE,1,1,1,False,-1
7814,DOUBLE,0,1,1,False,-1
7815,TRIPLE,1,1,1,False,-1
7816,DOUBLE,0,1,1,False,-1
7817,TRIPLE,1,1,1,False,-1
7818,TRIPLE,1,1,1,False,-1
7820,DOUBLE,0,1,1,False,-1
7822,TRIPLE,1,1,1,False,-1
7823,TRIPLE,1,1,1,False,-1
7824,DOUBLE,0,1,1,False,-1
7826,TRIPLE,1,1,1,False,-1
7827,TRIPLE,1,1,1,False,-1
7828,TRIPLE,1,1,1,False,-1
7829,TRIPLE,1,1,1,False,-1
7830,TRIPLE,1,1,1,False,-1
7831,SINGLE,0,0,1,False,-1
7832,DOUBLE,0,1,1,False,-1
7833,TRIPLE,1,1,1,False,-1
7834,SINGLE,0,0,1,False,-1
7835,DOUBLE,0,1,1,False,-1
7836,DOUBLE,0,1,1,False,-1
7838,TRIPLE,1,1,1,False,-1
7839,TRIPLE,1,1,1,False,-1
7840,TRIPLE,1,1,1,False,-1
7841,TRIPLE,1,1,1,False,-1
7842,TRIPLE,1,1,1,False,-1
7843,TRIPLE,1,1,1,False,-1
7844,TRIPLE,1,1,1,False,-1
7845,TRIPLE,1,1,1,False,-1
7846,DOUBLE,0,1,1,False,-1
7847,TRIPLE,1,1,1,False,-1
7848,TRIPLE,1,1,1,False,-1
7849,TRIPLE,1,1,1,False,-1
7850,TRIPLE,1,1,1,False,-1
7851,DOUBLE,0,1,1,False,-1
7852,DOUBLE,0,1,1,False,-1
7853,DOUBLE,0,1,1,False,-1
7854,DOUBLE,0,1,1,False,-1
7855,SINGLE,0,0,1,False,-1
7856,DOUBLE,0,1,1,False,-1
7857,TRIPLE,1,1,1,False,-1
7858,SINGLE,0,0,1,False,-1
7859,TRIPLE,1,1,1,False,-1
7860,TRIPLE,1,1,1,False,-1
7861,DOUBLE,0,1,1,False,-1
7862,TRIPLE,1,1,1,False,-1
7863,SINGLE,0,0,1,False,-1
7864,SINGLE,0,0,1,False,-1
7865,DOUBLE,0,1,1,False,-1
7866,TRIPLE,1,1,1,False,-1
7867,TRIPLE,1,1,1,False,-1
7868,TRIPLE,1,1,1,False,-1
7869,SINGLE,0,0,1,False,-1
7870,TRIPLE,1,1,1,False,-1
7871,SINGLE,0,0,1,False,-1
7872,DOUBLE,0,1,1,False,-1
7873,TRIPLE,1,1,1,False,-1
7874,DOUBLE,0,1,1,False,-1
7875,TRIPLE,1,1,1,False,-1
7876,SINGLE,0,0,1,False,-1
7877,SINGLE,0,0,1,False,-1
7878,TRIPLE,1,1,1,False,-1
7879,DOUBLE,0,1,1,False,-1
7880,TRIPLE,1,1,1,False,-1
7881,TRIPLE,1,1,1,False,-1
7882,SINGLE,0,0,1,False,-1
7883,TRIPLE,1,1,1,False,-1
7884,TRIPLE,1,1,1,False,-1
7885,TRIPLE,1,1,1,False,-1
7886,TRIPLE,1,1,1,False,-1
7887,TRIPLE,1,1,1,False,-1
7888,TRIPLE,1,1,1,False,-1
7889,DOUBLE,0,1,1,False,-1
7890,TRIPLE,1,1,1,False,-1
7891,TRIPLE,1,1,1,False,-1
7892,TRIPLE,1,1,1,False,-1
7893,TRIPLE,1,1,1,False,-1
7894,SINGLE,0,0,1,False,-1
7895,TRIPLE,1,1,1,False,-1
7896,TRIPLE,1,1,1,False,-1
7897,DOUBLE,0,1,1,False,-1
7898,TRIPLE,1,1,1,False,-1
7899,DOUBLE,0,1,1,False,-1
7900,TRIPLE,1,1,1,False,-1
7901,TRIPLE,1,1,1,False,-1
7902,TRIPLE,1,1,1,False,-1
7903,TRIPLE,1,1,1,False,-1
7904,TRIPLE,1,1,1,False,-1
7905,DOUBLE,0,1,1,False,-1
7907,SINGLE,0,0,1,False,-1
7908,TRIPLE,1,1,1,False,-1
7909,TRIPLE,1,1,1,False,-1
7910,TRIPLE,1,1,1,False,-1
7912,TRIPLE,1,1,1,False,-1
7913,DOUBLE,0,1,1,False,-1
7914,TRIPLE,1,1,1,False,-1
7915,TRIPLE,1,1,1,False,-1
7916,TRIPLE,1,1,1,False,-1
7917,TRIPLE,1,1,1,False,-1
7918,TRIPLE,1,1,1,False,-1
7919,SINGLE,0,0,1,False,-1
7920,TRIPLE,1,1,1,False,-1
7922,TRIPLE,1,1,1,False,-1
7923,TRIPLE,1,1,1,False,-1
7924,DOUBLE,0,1,1,False,-1
7925,TRIPLE,1,1,1,False,-1
7927,TRIPLE,1,1,1,False,-1
7928,DOUBLE,0,1,1,False,-1
7929,TRIPLE,1,1,1,False,-1
7930,SINGLE,0,0,1,False,-1
7931,DOUBLE,0,1,1,False,-1
7932,DOUBLE,0,1,1,False,-1
7933,TRIPLE,1,1,1,False,-1
7934,SINGLE,0,0,1,False,-1
7935,SINGLE,0,0,1,False,-1
7936,SINGLE,0,0,1,False,-1
7937,DOUBLE,0,1,1,False,-1
7938,TRIPLE,1,1,1,False,-1
7939,TRIPLE,1,1,1,False,-1
7940,SINGLE,0,0,1,False,-1
7941,TRIPLE,1,1,1,False,-1
7942,TRIPLE,1,1,1,False,-1
7943,SINGLE,0,0,1,False,-1
7944,SINGLE,0,0,1,False,-1
7945,TRIPLE,1,1,1,False,-1
7946,TRIPLE,1,1,1,False,-1
7947,TRIPLE,1,1,1,False,-1
7948,DOUBLE,0,1,1,False,-1
7949,DOUBLE,0,1,1,False,-1
7950,SINGLE,0,0,1,False,-1
7951,TRIPLE,1,1,1,False,-1
7952,TRIPLE,1,1,1,False,-1
7954,TRIPLE,1,1,1,False,-1
7955,TRIPLE,1,1,1,False,-1
7956,TRIPLE,1,1,1,False,-1
7957,DOUBLE,0,1,1,False,-1
7958,DOUBLE,0,1,1,False,-1
7959,TRIPLE,1,1,1,False,-1
7960,TRIPLE,1,1,1,False,-1
7961,DOUBLE,0,1,1,False,-1
7962,TRIPLE,1,1,1,False,-1
7963,TRIPLE,1,1,1,False,-1
7964,TRIPLE,1,1,1,False,-1
7965,TRIPLE,1,1,1,False,-1
7967,TRIPLE,1,1,1,False,-1
7968,SINGLE,0,0,1,False,-1
7969,TRIPLE,1,1,1,False,-1
7970,DOUBLE,0,1,1,False,-1
7971,TRIPLE,1,1,1,False,-1
7972,SINGLE,0,0,1,False,-1
7973,DOUBLE,0,1,1,False,-1
7974,DOUBLE,0,1,1,False,-1
7975,DOUBLE,0,1,1,False,-1
7976,TRIPLE,1,1,1,False,-1
7977,TRIPLE,1,1,1,False,-1
7978,TRIPLE,1,1,1,False,-1
7979,TRIPLE,1,1,1,False,-1
7980,SINGLE,0,0,1,False,-1
7981,DOUBLE,0,1,1,False,-1
7982,TRIPLE,1,1,1,False,-1
7983,TRIPLE,1,1,1,False,-1
7985,TRIPLE,1,1,1,False,-1
7986,TRIPLE,1,1,1,False,-1
7987,TRIPLE,1,1,1,False,-1
7988,TRIPLE,1,1,1,False,-1
7989,TRIPLE,1,1,1,False,-1
7990,DOUBLE,0,1,1,False,-1
7992,TRIPLE,1,1,1,False,-1
7993,DOUBLE,0,1,1,False,-1
7994,DOUBLE,0,1,1,False,-1
7996,TRIPLE,1,1,1,False,-1
7997,DOUBLE,0,1,1,False,-1
7998,TRIPLE,1,1,1,False,-1
7999,SINGLE,0,0,1,False,-1
8000,DOUBLE,0,1,1,False,-1
8001,TRIPLE,1,1,1,False,-1
8002,DOUBLE,0,1,1,False,-1
8003,TRIPLE,1,1,1,False,-1
8004,DOUBLE,0,1,1,False,-1
8006,TRIPLE,1,1,1,False,-1
8007,TRIPLE,1,1,1,False,-1
8008,DOUBLE,0,1,1,False,-1
8009,SINGLE,0,0,1,False,-1
8010,SINGLE,0,0,1,False,-1
8011,TRIPLE,1,1,1,False,-1
8012,SINGLE,0,0,1,False,-1
8013,DOUBLE,0,1,1,False,-1
8014,DOUBLE,0,1,1,False,-1
8015,DOUBLE,0,1,1,False,-1
8016,TRIPLE,1,1,1,False,-1
8017,TRIPLE,1,1,1,False,-1
8018,DOUBLE,0,1,1,False,-1
8020,TRIPLE,1,1,1,False,-1
8021,TRIPLE,1,1,1,False,-1
8022,TRIPLE,1,1,1,False,-1
8023,DOUBLE,0,1,1,False,-1
8024,TRIPLE,1,1,1,False,-1
8025,TRIPLE,1,1,1,False,-1
8026,TRIPLE,1,1,1,False,-1
8027,SINGLE,0,0,1,False,-1
8028,TRIPLE,1,1,1,False,-1
8030,DOUBLE,0,1,1,False,-1
8031,DOUBLE,0,1,1,False,-1
8032,TRIPLE,1,1,1,False,-1
8033,TRIPLE,1,1,1,False,-1
8035,DOUBLE,0,1,1,False,-1
8036,TRIPLE,1,1,1,False,-1
8037,DOUBLE,0,1,1,False,-1
8038,TRIPLE,1,1,1,False,-1
8040,TRIPLE,1,1,1,False,-1
8041,TRIPLE,1,1,1,False,-1
8042,TRIPLE,1,1,1,False,-1
8043,DOUBLE,0,1,1,False,-1
8044,DOUBLE,0,1,1,False,-1
8045,TRIPLE,1,1,1,False,-1
8046,TRIPLE,1,1,1,False,-1
8047,DOUBLE,0,1,1,False,-1
8048,DOUBLE,0,1,1,False,-1
8050,TRIPLE,1,1,1,False,-1
8051,DOUBLE,0,1,1,False,-1
8052,TRIPLE,1,1,1,False,-1
8053,DOUBLE,0,1,1,False,-1
8054,TRIPLE,1,1,1,False,-1
8055,TRIPLE,1,1,1,False,-1
8056,SINGLE,0,0,1,False,-1
8057,TRIPLE,1,1,1,False,-1
8058,DOUBLE,0,1,1,False,-1
8059,SINGLE,0,0,1,False,-1
8060,SINGLE,0,0,1,False,-1
8061,DOUBLE,0,1,1,False,-1
8062,DOUBLE,0,1,1,False,-1
8063,TRIPLE,1,1,1,False,-1
8064,SINGLE,0,0,1,False,-1
8065,TRIPLE,1,1,1,False,-1
8066,DOUBLE,0,1,1,False,-1
8067,DOUBLE,0,1,1,False,-1
8068,TRIPLE,1,1,1,False,-1
8069,TRIPLE,1,1,1,False,-1
8070,TRIPLE,1,1,1,False,-1
8071,DOUBLE,0,1,1,False,-1
8073,TRIPLE,1,1,1,False,-1
8074,TRIPLE,1,1,1,False,-1
8075,DOUBLE,0,1,1,False,-1
8076,TRIPLE,1,1,1,False,-1
8077,TRIPLE,1,1,1,False,-1
8078,SINGLE,0,0,1,False,-1
8079,DOUBLE,0,1,1,False,-1
8080,TRIPLE,1,1,1,False,-1
8081,TRIPLE,1,1,1,False,-1
8082,SINGLE,0,0,1,False,-1
8083,DOUBLE,0,1,1,False,-1
8084,TRIPLE,1,1,1,False,-1
8085,DOUBLE,0,1,1,False,-1
8086,DOUBLE,0,1,1,False,-1
8087,DOUBLE,0,1,1,False,-1
8088,TRIPLE,1,1,1,False,-1
8090,DOUBLE,0,1,1,False,-1
8091,TRIPLE,1,1,1,False,-1
8093,TRIPLE,1,1,1,False,-1
8094,TRIPLE,1,1,1,False,-1
8095,TRIPLE,1,1,1,False,-1
8096,SINGLE,0,0,1,False,-1
8097,TRIPLE,1,1,1,False,-1
8098,SINGLE,0,0,1,False,-1
8099,TRIPLE,1,1,1,False,-1
8100,TRIPLE,1,1,1,False,-1
8101,DOUBLE,0,1,1,False,-1
8102,TRIPLE,1,1,1,False,-1
8103,TRIPLE,1,1,1,False,-1
8104,SINGLE,0,0,1,False,-1
8105,DOUBLE,0,1,1,False,-1
8106,TRIPLE,1,1,1,False,-1
8107,TRIPLE,1,1,1,False,-1
8108,TRIPLE,1,1,1,False,-1
8109,DOUBLE,0,1,1,False,-1
8110,TRIPLE,1,1,1,False,-1
8111,TRIPLE,1,1,1,False,-1
8112,TRIPLE,1,1,1,False,-1
8113,DOUBLE,0,1,1,False,-1
8114,DOUBLE,0,1,1,False,-1
8115,TRIPLE,1,1,1,False,-1
8116,DOUBLE,0,1,1,False,-1
8117,TRIPLE,1,1,1,False,-1
8119,DOUBLE,0,1,1,False,-1
8120,TRIPLE,1,1,1,False,-1
8121,TRIPLE,1,1,1,False,-1
8122,TRIPLE,1,1,1,False,-1
8123,TRIPLE,1,1,1,False,-1
8124,TRIPLE,1,1,1,False,-1
8125,SINGLE,0,0,1,False,-1
8126,TRIPLE,1,1,1,False,-1
8127,DOUBLE,0,1,1,False,-1
8128,TRIPLE,1,1,1,False,-1
8129,SINGLE,0,0,1,False,-1
8130,TRIPLE,1,1,1,False,-1
8132,TRIPLE,1,1,1,False,-1
8133,TRIPLE,1,1,1,False,-1
8134,DOUBLE,0,1,1,False,-1
8136,SINGLE,0,0,1,False,-1
8137,SINGLE,0,0,1,False,-1
8138,TRIPLE,1,1,1,False,-1
8139,SINGLE,0,0,1,False,-1
8140,TRIPLE,1,1,1,False,-1
8141,TRIPLE,1,1,1,False,-1
8142,TRIPLE,1,1,1,False,-1
8143,DOUBLE,0,1,1,False,-1
8144,TRIPLE,1,1,1,False,-1
8145,TRIPLE,1,1,1,False,-1
8146,TRIPLE,1,1,1,False,-1
8147,TRIPLE,1,1,1,False,-1
8148,DOUBLE,0,1,1,False,-1
8149,DOUBLE,0,1,1,False,-1
8150,DOUBLE,0,1,1,False,-1
8151,TRIPLE,1,1,1,False,-1
8153,SINGLE,0,0,1,False,-1
8154,TRIPLE,1,1,1,False,-1
8155,DOUBLE,0,1,1,False,-1
8156,TRIPLE,1,1,1,False,-1
8157,DOUBLE,0,1,1,False,-1
8158,DOUBLE,0,1,1,False,-1
8159,TRIPLE,1,1,1,False,-1
8160,DOUBLE,0,1,1,False,-1
8161,TRIPLE,1,1,1,False,-1
8162,SINGLE,0,0,1,False,-1
8163,SINGLE,0,0,1,False,-1
8164,DOUBLE,0,1,1,False,-1
8165,DOUBLE,0,1,1,False,-1
8166,TRIPLE,1,1,1,False,-1
8167,DOUBLE,0,1,1,False,-1
8168,DOUBLE,0,1,1,False,-1
8169,TRIPLE,1,1,1,False,-1
8170,DOUBLE,0,1,1,False,-1
8171,DOUBLE,0,1,1,False,-1
8172,TRIPLE,1,1,1,False,-1
8173,DOUBLE,0,1,1,False,-1
8174,TRIPLE,1,1,1,False,-1
8175,DOUBLE,0,1,1,False,-1
8176,DOUBLE,0,1,1,False,-1
8177,TRIPLE,1,1,1,False,-1
8179,DOUBLE,0,1,1,False,-1
8180,TRIPLE,1,1,1,False,-1
8181,TRIPLE,1,1,1,False,-1
8182,TRIPLE,1,1,1,False,-1
8183,TRIPLE,1,1,1,False,-1
8184,TRIPLE,1,1,1,False,-1
8185,DOUBLE,0,1,1,False,-1
8186,TRIPLE,1,1,1,False,-1
8188,TRIPLE,1,1,1,False,-1
8189,TRIPLE,1,1,1,False,-1
8190,TRIPLE,1,1,1,False,-1
8191,DOUBLE,0,1,1,False,-1
8192,SINGLE,0,0,1,False,-1
8193,TRIPLE,1,1,1,False,-1
8194,DOUBLE,0,1,1,False,-1
8195,DOUBLE,0,1,1,False,-1
8196,TRIPLE,1,1,1,False,-1
8197,DOUBLE,0,1,1,False,-1
8198,TRIPLE,1,1,1,False,-1
8199,TRIPLE,1,1,1,False,-1
8200,TRIPLE,1,1,1,False,-1
8201,DOUBLE,0,1,1,False,-1
8202,TRIPLE,1,1,1,False,-1
8203,DOUBLE,0,1,1,False,-1
8204,TRIPLE,1,1,1,False,-1
8205,SINGLE,0,0,1,False,-1
8206,TRIPLE,1,1,1,False,-1
8207,TRIPLE,1,1,1,False,-1
8208,TRIPLE,1,1,1,False,-1
8209,DOUBLE,0,1,1,False,-1
8210,TRIPLE,1,1,1,False,-1
8211,TRIPLE,1,1,1,False,-1
8212,TRIPLE,1,1,1,False,-1
8213,DOUBLE,0,1,1,False,-1
8214,DOUBLE,0,1,1,False,-1
8215,TRIPLE,1,1,1,False,-1
8216,DOUBLE,0,1,1,False,-1
8217,DOUBLE,0,1,1,False,-1
8218,TRIPLE,1,1,1,False,-1
8219,TRIPLE,1,1,1,False,-1
8220,TRIPLE,1,1,1,False,-1
8221,DOUBLE,0,1,1,False,-1
8223,DOUBLE,0,1,1,False,-1
8224,TRIPLE,1,1,1,False,-1
8225,DOUBLE,0,1,1,False,-1
8226,DOUBLE,0,1,1,False,-1
8227,TRIPLE,1,1,1,False,-1
8228,DOUBLE,0,1,1,False,-1
8229,TRIPLE,1,1,1,False,-1
8230,TRIPLE,1,1,1,False,-1
8231,DOUBLE,0,1,1,False,-1
8233,TRIPLE,1,1,1,False,-1
8234,DOUBLE,0,1,1,False,-1
8236,DOUBLE,0,1,1,False,-1
8237,DOUBLE,0,1,1,False,-1
8238,DOUBLE,0,1,1,False,-1
8239,DOUBLE,0,1,1,False,-1
8240,DOUBLE,0,1,1,False,-1
8241,TRIPLE,1,1,1,False,-1
8242,TRIPLE,1,1,1,False,-1
8243,TRIPLE,1,1,1,False,-1
8244,TRIPLE,1,1,1,False,-1
8245,TRIPLE,1,1,1,False,-1
8246,TRIPLE,1,1,1,False,-1
8247,DOUBLE,0,1,1,False,-1
8248,TRIPLE,1,1,1,False,-1
8249,TRIPLE,1,1,1,False,-1
8250,DOUBLE,0,1,1,False,-1
8251,TRIPLE,1,1,1,False,-1
8253,DOUBLE,0,1,1,False,-1
8254,DOUBLE,0,1,1,False,-1
8255,TRIPLE,1,1,1,False,-1
8257,TRIPLE,1,1,1,False,-1
8258,TRIPLE,1,1,1,False,-1
8259,DOUBLE,0,1,1,False,-1
8261,TRIPLE,1,1,1,False,-1
8262,TRIPLE,1,1,1,False,-1
8263,DOUBLE,0,1,1,False,-1
8265,SINGLE,0,0,1,False,-1
8266,SINGLE,0,0,1,False,-1
8267,TRIPLE,1,1,1,False,-1
8268,TRIPLE,1,1,1,False,-1
8269,TRIPLE,1,1,1,False,-1
8270,TRIPLE,1,1,1,False,-1
8271,TRIPLE,1,1,1,False,-1
8272,DOUBLE,0,1,1,False,-1
8273,TRIPLE,1,1,1,False,-1
8274,DOUBLE,0,1,1,False,-1
8275,DOUBLE,0,1,1,False,-1
8276,DOUBLE,0,1,1,False,-1
8277,TRIPLE,1,1,1,False,-1
8278,TRIPLE,1,1,1,False,-1
8279,TRIPLE,1,1,1,False,-1
8280,DOUBLE,0,1,1,False,-1
8281,TRIPLE,1,1,1,False,-1
8282,TRIPLE,1,1,1,False,-1
8283,TRIPLE,1,1,1,False,-1
8284,TRIPLE,1,1,1,False,-1
8285,DOUBLE,0,1,1,False,-1
8286,SINGLE,0,0,1,False,-1
8287,TRIPLE,1,1,1,False,-1
8288,TRIPLE,1,1,1,False,-1
8289,TRIPLE,1,1,1,False,-1
8290,DOUBLE,0,1,1,False,-1
8291,DOUBLE,0,1,1,False,-1
8293,DOUBLE,0,1,1,False,-1
8294,DOUBLE,0,1,1,False,-1
8295,TRIPLE,1,1,1,False,-1
8296,DOUBLE,0,1,1,False,-1
8298,DOUBLE,0,1,1,False,-1
8299,TRIPLE,1,1,1,False,-1
8300,DOUBLE,0,1,1,False,-1
8301,TRIPLE,1,1,1,False,-1
8302,SINGLE,0,0,1,False,-1
8303,DOUBLE,0,1,1,False,-1
8304,TRIPLE,1,1,1,False,-1
8305,TRIPLE,1,1,1,False,-1
8306,DOUBLE,0,1,1,False,-1
8307,TRIPLE,1,1,1,False,-1
8308,DOUBLE,0,1,1,False,-1
8309,TRIPLE,1,1,1,False,-1
8311,TRIPLE,1,1,1,False,-1
8312,TRIPLE,1,1,1,False,-1
8313,TRIPLE,1,1,1,False,-1
8314,TRIPLE,1,1,1,False,-1
8315,TRIPLE,1,1,1,False,-1
8317,DOUBLE,0,1,1,False,-1
8318,DOUBLE,0,1,1,False,-1
8319,SINGLE,0,0,1,False,-1
8320,TRIPLE,1,1,1,False,-1
8322,SINGLE,0,0,1,False,-1
8323,DOUBLE,1,0,1,False,-1
8324,TRIPLE,1,1,1,False,-1
8325,DOUBLE,0,1,1,False,-1
8326,SINGLE,0,0,1,False,-1
8327,DOUBLE,0,1,1,False,-1
8328,TRIPLE,1,1,1,False,-1
8329,SINGLE,0,0,1,False,-1
8330,DOUBLE,0,1,1,False,-1
8331,TRIPLE,1,1,1,False,-1
8332,DOUBLE,0,1,1,False,-1
8333,DOUBLE,0,1,1,False,-1
8334,SINGLE,0,0,1,False,-1
8335,DOUBLE,0,1,1,False,-1
8336,SINGLE,0,0,1,False,-1
8338,TRIPLE,1,1,1,False,-1
8339,SINGLE,0,0,1,False,-1
8340,DOUBLE,0,1,1,False,-1
8341,TRIPLE,1,1,1,False,-1
8342,TRIPLE,1,1,1,False,-1
8343,DOUBLE,0,1,1,False,-1
8344,SINGLE,0,0,1,False,-1
8345,TRIPLE,1,1,1,False,-1
8347,TRIPLE,1,1,1,False,-1
8348,TRIPLE,1,1,1,False,-1
8349,TRIPLE,1,1,1,False,-1
8350,DOUBLE,0,1,1,False,-1
8351,SINGLE,0,0,1,False,-1
8352,TRIPLE,1,1,1,False,-1
8353,TRIPLE,1,1,1,False,-1
8354,TRIPLE,1,1,1,False,-1
8355,TRIPLE,1,1,1,False,-1
8356,TRIPLE,1,1,1,False,-1
8357,SINGLE,0,0,1,False,-1
8358,DOUBLE,0,1,1,False,-1
8359,TRIPLE,1,1,1,False,-1
8360,SINGLE,0,0,1,False,-1
8361,TRIPLE,1,1,1,False,-1
8362,DOUBLE,0,1,1,False,-1
8363,SINGLE,0,0,1,False,-1
8364,TRIPLE,1,1,1,False,-1
8365,DOUBLE,0,1,1,False,-1
8366,TRIPLE,1,1,1,False,-1
8367,TRIPLE,1,1,1,False,-1
8368,TRIPLE,1,1,1,False,-1
8369,TRIPLE,1,1,1,False,-1
8370,SINGLE,0,0,1,False,-1
8371,TRIPLE,1,1,1,False,-1
8372,TRIPLE,1,1,1,False,-1
8373,TRIPLE,1,1,1,False,-1
8374,SINGLE,0,0,1,False,-1
8375,DOUBLE,0,1,1,False,-1
8377,TRIPLE,1,1,1,False,-1
8378,SINGLE,0,0,1,False,-1
8379,TRIPLE,1,1,1,False,-1
8380,DOUBLE,0,1,1,False,-1
8381,TRIPLE,1,1,1,False,-1
8382,DOUBLE,0,1,1,False,-1
8383,TRIPLE,1,1,1,False,-1
8384,DOUBLE,0,1,1,False,-1
8385,TRIPLE,1,1,1,False,-1
8386,TRIPLE,1,1,1,False,-1
8387,DOUBLE,0,1,1,False,-1
8388,TRIPLE,1,1,1,False,-1
8389,TRIPLE,1,1,1,False,-1
8390,TRIPLE,1,1,1,False,-1
8391,TRIPLE,1,1,1,False,-1
8392,DOUBLE,0,1,1,False,-1
8393,SINGLE,0,0,1,False,-1
8394,DOUBLE,0,1,1,False,-1
8395,TRIPLE,1,1,1,False,-1
8396,DOUBLE,0,1,1,False,-1
8397,DOUBLE,0,1,1,False,-1
8398,TRIPLE,1,1,1,False,-1
8399,TRIPLE,1,1,1,False,-1
8400,TRIPLE,1,1,1,False,-1
8401,TRIPLE,1,1,1,False,-1
8402,DOUBLE,0,1,1,False,-1
8403,TRIPLE,1,1,1,False,-1
8404,TRIPLE,1,1,1,False,-1
8406,TRIPLE,1,1,1,False,-1
8407,SINGLE,0,0,1,False,-1
8408,TRIPLE,1,1,1,False,-1
8409,TRIPLE,1,1,1,False,-1
8410,DOUBLE,0,1,1,False,-1
8411,SINGLE,0,0,1,False,-1
8413,TRIPLE,1,1,1,False,-1
8414,DOUBLE,0,1,1,False,-1
8415,DOUBLE,0,1,1,False,-1
8416,DOUBLE,0,1,1,False,-1
8417,DOUBLE,0,1,1,False,-1
8419,DOUBLE,0,1,1,False,-1
8420,DOUBLE,0,1,1,False,-1
8421,SINGLE,0,0,1,False,-1
8422,SINGLE,0,0,1,False,-1
8423,DOUBLE,0,1,1,False,-1
8424,TRIPLE,1,1,1,False,-1
8425,TRIPLE,1,1,1,False,-1
8426,SINGLE,0,0,1,False,-1
8427,DOUBLE,0,1,1,False,-1
8428,TRIPLE,1,1,1,False,-1
8429,TRIPLE,1,1,1,False,-1
8430,TRIPLE,1,1,1,False,-1
8431,TRIPLE,1,1,1,False,-1
8432,TRIPLE,1,1,1,False,-1
8433,DOUBLE,0,1,1,False,-1
8434,TRIPLE,1,1,1,False,-1
8435,TRIPLE,1,1,1,False,-1
8436,DOUBLE,0,1,1,False,-1
8437,SINGLE,0,0,1,False,-1
8438,DOUBLE,0,1,1,False,-1
8440,TRIPLE,1,1,1,False,-1
8441,TRIPLE,1,1,1,False,-1
8442,TRIPLE,1,1,1,False,-1
8443,DOUBLE,0,1,1,False,-1
8444,SINGLE,0,0,1,False,-1
8445,TRIPLE,1,1,1,False,-1
8446,TRIPLE,1,1,1,False,-1
8447,DOUBLE,0,1,1,False,-1
8448,TRIPLE,1,1,1,False,-1
8449,DOUBLE,0,1,1,False,-1
8450,TRIPLE,1,1,1,False,-1
8452,DOUBLE,0,1,1,False,-1
8454,SINGLE,0,0,1,False,-1
8456,TRIPLE,1,1,1,False,-1
8457,TRIPLE,1,1,1,False,-1
8458,TRIPLE,1,1,1,False,-1
8459,TRIPLE,1,1,1,False,-1
8460,DOUBLE,0,1,1,False,-1
8461,SINGLE,0,0,1,False,-1
8463,DOUBLE,0,1,1,False,-1
8464,TRIPLE,1,1,1,False,-1
8465,DOUBLE,0,1,1,False,-1
8466,TRIPLE,1,1,1,False,-1
8467,TRIPLE,1,1,1,False,-1
8468,DOUBLE,0,1,1,False,-1
8469,DOUBLE,0,1,1,False,-1
8470,TRIPLE,1,1,1,False,-1
8471,SINGLE,0,0,1,False,-1
8472,SINGLE,0,0,1,False,-1
8473,TRIPLE,1,1,1,False,-1
8474,TRIPLE,1,1,1,False,-1
8475,SINGLE,0,0,1,False,-1
8476,TRIPLE,1,1,1,False,-1
8477,DOUBLE,0,1,1,False,-1
8478,TRIPLE,1,1,1,False,-1
8479,SINGLE,0,0,1,False,-1
8480,TRIPLE,1,1,1,False,-1
8481,TRIPLE,1,1,1,False,-1
8482,SINGLE,0,0,1,False,-1
8483,DOUBLE,0,1,1,False,-1
8484,TRIPLE,1,1,1,False,-1
8485,TRIPLE,1,1,1,False,-1
8486,TRIPLE,1,1,1,False,-1
8487,DOUBLE,0,1,1,False,-1
8488,DOUBLE,0,1,1,False,-1
8489,TRIPLE,1,1,1,False,-1
8490,TRIPLE,1,1,1,False,-1
8491,TRIPLE,1,1,1,False,-1
8492,SINGLE,0,0,1,False,-1
8493,TRIPLE,1,1,1,False,-1
8494,TRIPLE,1,1,1,False,-1
8495,DOUBLE,0,1,1,False,-1
8496,SINGLE,0,0,1,False,-1
8497,TRIPLE,1,1,1,False,-1
8498,DOUBLE,0,1,1,False,-1
8499,TRIPLE,1,1,1,False,-1
8500,DOUBLE,0,1,1,False,-1
8501,TRIPLE,1,1,1,False,-1
8503,TRIPLE,1,1,1,False,-1
8504,TRIPLE,1,1,1,False,-1
8505,TRIPLE,1,1,1,False,-1
8506,TRIPLE,1,1,1,False,-1
8507,TRIPLE,1,1,1,False,-1
8509,TRIPLE,1,1,1,False,-1
8510,DOUBLE,0,1,1,False,-1
8511,TRIPLE,1,1,1,False,-1
8512,TRIPLE,1,1,1,False,-1
8513,TRIPLE,1,1,1,False,-1
8514,TRIPLE,1,1,1,False,-1
8517,DOUBLE,0,1,1,False,-1
8518,DOUBLE,0,1,1,False,-1
8519,TRIPLE,1,1,1,False,-1
8520,SINGLE,0,0,1,False,-1
8521,TRIPLE,1,1,1,False,-1
8522,TRIPLE,1,1,1,False,-1
8523,TRIPLE,1,1,1,False,-1
8524,TRIPLE,1,1,1,False,-1
8525,TRIPLE,1,1,1,False,-1
8526,TRIPLE,1,1,1,False,-1
8527,TRIPLE,1,1,1,False,-1
8528,SINGLE,0,0,1,False,-1
8529,TRIPLE,1,1,1,False,-1
8530,SINGLE,0,0,1,False,-1
8531,TRIPLE,1,1,1,False,-1
8532,DOUBLE,0,1,1,False,-1
8533,SINGLE,0,0,1,False,-1
8534,TRIPLE,1,1,1,False,-1
8535,DOUBLE,0,1,1,False,-1
8537,DOUBLE,0,1,1,False,-1
8538,DOUBLE,0,1,1,False,-1
8539,SINGLE,0,0,1,False,-1
8540,TRIPLE,1,1,1,False,-1
8541,DOUBLE,0,1,1,False,-1
8542,TRIPLE,1,1,1,False,-1
8543,TRIPLE,1,1,1,False,-1
8544,TRIPLE,1,1,1,False,-1
8545,TRIPLE,1,1,1,False,-1
8546,DOUBLE,0,1,1,False,-1
8547,DOUBLE,0,1,1,False,-1
8548,TRIPLE,1,1,1,False,-1
8549,SINGLE,0,0,1,False,-1
8550,TRIPLE,1,1,1,False,-1
8551,TRIPLE,1,1,1,False,-1
8552,TRIPLE,1,1,1,False,-1
8553,TRIPLE,1,1,1,False,-1
8555,TRIPLE,1,1,1,False,-1
8556,DOUBLE,0,1,1,False,-1
8557,TRIPLE,1,1,1,False,-1
8558,SINGLE,0,0,1,False,-1
8559,TRIPLE,1,1,1,False,-1
8561,DOUBLE,0,1,1,False,-1
8562,TRIPLE,1,1,1,False,-1
8563,TRIPLE,1,1,1,False,-1
8564,DOUBLE,0,1,1,False,-1
8565,DOUBLE,0,1,1,False,-1
8566,SINGLE,0,0,1,False,-1
8567,TRIPLE,1,1,1,False,-1
8568,SINGLE,0,0,1,False,-1
8569,TRIPLE,1,1,1,False,-1
8570,TRIPLE,1,1,1,False,-1
8571,TRIPLE,1,1,1,False,-1
8572,DOUBLE,0,1,1,False,-1
8573,DOUBLE,0,1,1,False,-1
8574,TRIPLE,1,1,1,False,-1
8575,DOUBLE,0,1,1,False,-1
8576,TRIPLE,1,1,1,False,-1
8578,DOUBLE,0,1,1,False,-1
8579,TRIPLE,1,1,1,False,-1
8580,TRIPLE,1,1,1,False,-1
8582,TRIPLE,1,1,1,False,-1
8584,DOUBLE,0,1,1,False,-1
8585,SINGLE,0,0,1,False,-1
8586,TRIPLE,1,1,1,False,-1
8587,TRIPLE,1,1,1,False,-1
8588,TRIPLE,1,1,1,False,-1
8589,DOUBLE,0,1,1,False,-1
8590,TRIPLE,1,1,1,False,-1
8592,TRIPLE,1,1,1,False,-1
8593,TRIPLE,1,1,1,False,-1
8594,DOUBLE,0,1,1,False,-1
8595,DOUBLE,0,1,1,False,-1
8596,DOUBLE,0,1,1,False,-1
8597,TRIPLE,1,1,1,False,-1
8599,DOUBLE,0,1,1,False,-1
8600,TRIPLE,1,1,1,False,-1
8601,TRIPLE,1,1,1,False,-1
8602,SINGLE,0,0,1,False,-1
8603,TRIPLE,1,1,1,False,-1
8604,DOUBLE,0,1,1,False,-1
8605,SINGLE,0,0,1,False,-1
8606,TRIPLE,1,1,1,False,-1
8607,TRIPLE,1,1,1,False,-1
8608,DOUBLE,0,1,1,False,-1
8609,TRIPLE,1,1,1,False,-1
8612,TRIPLE,1,1,1,False,-1
8614,SINGLE,0,0,1,False,-1
8615,TRIPLE,1,1,1,False,-1
8617,DOUBLE,0,1,1,False,-1
8620,TRIPLE,1,1,1,False,-1
8621,TRIPLE,1,1,1,False,-1
8623,DOUBLE,0,1,1,False,-1
8624,SINGLE,0,0,1,False,-1
8625,SINGLE,0,0,1,False,-1
8626,DOUBLE,0,1,1,False,-1
8627,DOUBLE,0,1,1,False,-1
8628,SINGLE,0,0,1,False,-1
8629,SINGLE,0,0,1,False,-1
8631,TRIPLE,1,1,1,False,-1
8632,TRIPLE,1,1,1,False,-1
8633,DOUBLE,0,1,1,False,-1
8634,TRIPLE,1,1,1,False,-1
8635,TRIPLE,1,1,1,False,-1
8636,TRIPLE,1,1,1,False,-1
8637,SINGLE,0,0,1,False,-1
8638,DOUBLE,0,1,1,False,-1
8639,TRIPLE,1,1,1,False,-1
8640,DOUBLE,0,1,1,False,-1
8641,TRIPLE,1,1,1,False,-1
8642,TRIPLE,1,1,1,False,-1
8643,SINGLE,0,0,1,False,-1
8644,TRIPLE,1,1,1,False,-1
8645,TRIPLE,1,1,1,False,-1
8646,TRIPLE,1,1,1,False,-1
8647,TRIPLE,1,1,1,False,-1
8648,DOUBLE,0,1,1,False,-1
8649,DOUBLE,0,1,1,False,-1
8650,TRIPLE,1,1,1,False,-1
8651,TRIPLE,1,1,1,False,-1
8653,TRIPLE,1,1,1,False,-1
8654,DOUBLE,0,1,1,False,-1
8655,TRIPLE,1,1,1,False,-1
8656,TRIPLE,1,1,1,False,-1
8657,SINGLE,0,0,1,False,-1
8658,TRIPLE,1,1,1,False,-1
8659,SINGLE,0,0,1,False,-1
8660,TRIPLE,1,1,1,False,-1
8661,TRIPLE,1,1,1,False,-1
8662,TRIPLE,1,1,1,False,-1
8663,TRIPLE,1,1,1,False,-1
8664,DOUBLE,0,1,1,False,-1
8665,TRIPLE,1,1,1,False,-1
8666,TRIPLE,1,1,1,False,-1
8667,SINGLE,0,0,1,False,-1
8669,DOUBLE,0,1,1,False,-1
8670,TRIPLE,1,1,1,False,-1
8671,SINGLE,0,0,1,False,-1
8672,DOUBLE,0,1,1,False,-1
8673,DOUBLE,0,1,1,False,-1
8675,DOUBLE,0,1,1,False,-1
8676,TRIPLE,1,1,1,False,-1
8677,DOUBLE,0,1,1,False,-1
8678,TRIPLE,1,1,1,False,-1
8679,DOUBLE,0,1,1,False,-1
8681,TRIPLE,1,1,1,False,-1
8682,TRIPLE,1,1,1,False,-1
8683,DOUBLE,0,1,1,False,-1
8684,SINGLE,0,0,1,False,-1
8685,TRIPLE,1,1,1,False,-1
8686,DOUBLE,0,1,1,False,-1
8687,TRIPLE,1,1,1,False,-1
8688,DOUBLE,0,1,1,False,-1
8689,TRIPLE,1,1,1,False,-1
8690,TRIPLE,1,1,1,False,-1
8691,TRIPLE,1,1,1,False,-1
8692,DOUBLE,0,1,1,False,-1
8693,TRIPLE,1,1,1,False,-1
8694,TRIPLE,1,1,1,False,-1
8695,TRIPLE,1,1,1,False,-1
8696,TRIPLE,1,1,1,False,-1
8698,TRIPLE,1,1,1,False,-1
8699,TRIPLE,1,1,1,False,-1
8700,SINGLE,0,0,1,False,-1
8701,TRIPLE,1,1,1,False,-1
8702,SINGLE,0,0,1,False,-1
8703,DOUBLE,0,1,1,False,-1
8704,DOUBLE,0,1,1,False,-1
8705,TRIPLE,1,1,1,False,-1
8706,DOUBLE,0,1,1,False,-1
8707,TRIPLE,1,1,1,False,-1
8708,DOUBLE,0,1,1,False,-1
8710,SINGLE,0,0,1,False,-1
8711,TRIPLE,1,1,1,False,-1
8712,DOUBLE,0,1,1,False,-1
8713,TRIPLE,1,1,1,False,-1
8715,SINGLE,0,0,1,False,-1
8716,DOUBLE,0,1,1,False,-1
8717,DOUBLE,0,1,1,False,-1
8718,TRIPLE,1,1,1,False,-1
8719,TRIPLE,1,1,1,False,-1
8720,DOUBLE,0,1,1,False,-1
8721,TRIPLE,1,1,1,False,-1
8722,TRIPLE,1,1,1,False,-1
8723,DOUBLE,0,1,1,False,-1
8724,TRIPLE,1,1,1,False,-1
8725,TRIPLE,1,1,1,False,-1
8726,TRIPLE,1,1,1,False,-1
8727,TRIPLE,1,1,1,False,-1
8729,DOUBLE,0,1,1,False,-1
8730,TRIPLE,1,1,1,False,-1
8731,SINGLE,0,0,1,False,-1
8732,TRIPLE,1,1,1,False,-1
8733,TRIPLE,1,1,1,False,-1
8734,TRIPLE,1,1,1,False,-1
8735,TRIPLE,1,1,1,False,-1
8736,SINGLE,0,0,1,False,-1
8737,SINGLE,0,0,1,False,-1
8738,TRIPLE,1,1,1,False,-1
8739,TRIPLE,1,1,1,False,-1
8740,DOUBLE,0,1,1,False,-1
8741,SINGLE,0,0,1,False,-1
8742,DOUBLE,0,1,1,False,-1
8743,TRIPLE,1,1,1,False,-1
8744,TRIPLE,1,1,1,False,-1
8745,TRIPLE,1,1,1,False,-1
8746,TRIPLE,1,1,1,False,-1
8747,TRIPLE,1,1,1,False,-1
8748,TRIPLE,1,1,1,False,-1
8749,SINGLE,0,0,1,False,-1
8750,TRIPLE,1,1,1,False,-1
8751,TRIPLE,1,1,1,False,-1
8752,DOUBLE,0,1,1,False,-1
8753,DOUBLE,0,1,1,False,-1
8754,DOUBLE,0,1,1,False,-1
8755,TRIPLE,1,1,1,False,-1
8756,SINGLE,0,0,1,False,-1
8757,TRIPLE,1,1,1,False,-1
8758,TRIPLE,1,1,1,False,-1
8759,SINGLE,0,0,1,False,-1
8760,TRIPLE,1,1,1,False,-1
8761,TRIPLE,1,1,1,False,-1
8762,TRIPLE,1,1,1,False,-1
8763,TRIPLE,1,1,1,False,-1
8764,SINGLE,0,0,1,False,-1
8765,DOUBLE,0,1,1,False,-1
8766,TRIPLE,1,1,1,False,-1
8767,TRIPLE,1,1,1,False,-1
8768,TRIPLE,1,1,1,False,-1
8769,TRIPLE,1,1,1,False,-1
8770,TRIPLE,1,1,1,False,-1
8771,SINGLE,0,0,1,False,-1
8772,DOUBLE,0,1,1,False,-1
8773,TRIPLE,1,1,1,False,-1
8774,SINGLE,0,0,1,False,-1
8775,TRIPLE,1,1,1,False,-1
8777,DOUBLE,0,1,1,False,-1
8779,TRIPLE,1,1,1,False,-1
8780,TRIPLE,1,1,1,False,-1
8782,TRIPLE,1,1,1,False,-1
8783,TRIPLE,1,1,1,False,-1
8784,DOUBLE,0,1,1,False,-1
8785,DOUBLE,0,1,1,False,-1
8786,TRIPLE,1,1,1,False,-1
8787,SINGLE,0,0,1,False,-1
8788,DOUBLE,0,1,1,False,-1
8789,DOUBLE,0,1,1,False,-1
8790,SINGLE,0,0,1,False,-1
8791,DOUBLE,0,1,1,False,-1
8793,TRIPLE,1,1,1,False,-1
8794,TRIPLE,1,1,1,False,-1
8795,TRIPLE,1,1,1,False,-1
8796,TRIPLE,1,1,1,False,-1
8797,DOUBLE,0,1,1,False,-1
8799,TRIPLE,1,1,1,False,-1
8800,DOUBLE,0,1,1,False,-1
8801,DOUBLE,0,1,1,False,-1
8802,TRIPLE,1,1,1,False,-1
8803,TRIPLE,1,1,1,False,-1
8805,DOUBLE,0,1,1,False,-1
8806,TRIPLE,1,1,1,False,-1
8807,TRIPLE,1,1,1,False,-1
8808,TRIPLE,1,1,1,False,-1
8809,SINGLE,0,0,1,False,-1
8810,TRIPLE,1,1,1,False,-1
8811,TRIPLE,1,1,1,False,-1
8812,DOUBLE,0,1,1,False,-1
8813,DOUBLE,0,1,1,False,-1
8814,SINGLE,0,0,1,False,-1
8815,TRIPLE,1,1,1,False,-1
8816,DOUBLE,0,1,1,False,-1
8817,DOUBLE,0,1,1,False,-1
8818,TRIPLE,1,1,1,False,-1
8819,TRIPLE,1,1,1,False,-1
8820,TRIPLE,1,1,1,False,-1
8822,TRIPLE,1,1,1,False,-1
8823,TRIPLE,1,1,1,False,-1
8824,DOUBLE,0,1,1,False,-1
8825,TRIPLE,1,1,1,False,-1
8826,TRIPLE,1,1,1,False,-1
8827,DOUBLE,0,1,1,False,-1
8828,TRIPLE,1,1,1,False,-1
8829,DOUBLE,0,1,1,False,-1
8830,DOUBLE,0,1,1,False,-1
8831,DOUBLE,0,1,1,False,-1
8833,DOUBLE,0,1,1,False,-1
8834,TRIPLE,1,1,1,False,-1
8835,TRIPLE,1,1,1,False,-1
8836,TRIPLE,1,1,1,False,-1
8837,SINGLE,0,0,1,False,-1
8838,DOUBLE,0,1,1,False,-1
8840,SINGLE,0,0,1,False,-1
8841,TRIPLE,1,1,1,False,-1
8842,TRIPLE,1,1,1,False,-1
8843,DOUBLE,0,1,1,False,-1
8844,DOUBLE,0,1,1,False,-1
8845,TRIPLE,1,1,1,False,-1
8846,TRIPLE,1,1,1,False,-1
8847,SINGLE,0,0,1,False,-1
8849,TRIPLE,1,1,1,False,-1
8850,DOUBLE,0,1,1,False,-1
8851,TRIPLE,1,1,1,False,-1
8852,DOUBLE,0,1,1,False,-1
8853,SINGLE,0,0,1,False,-1
8854,TRIPLE,1,1,1,False,-1
8855,TRIPLE,1,1,1,False,-1
8856,DOUBLE,0,1,1,False,-1
8857,DOUBLE,0,1,1,False,-1
8858,SINGLE,0,0,1,False,-1
8859,TRIPLE,1,1,1,False,-1
8860,SINGLE,0,0,1,False,-1
8861,DOUBLE,0,1,1,False,-1
8862,TRIPLE,1,1,1,False,-1
8863,TRIPLE,1,1,1,False,-1
8864,DOUBLE,0,1,1,False,-1
8865,SINGLE,0,0,1,False,-1
8867,TRIPLE,1,1,1,False,-1
8868,TRIPLE,1,1,1,False,-1
8870,TRIPLE,1,1,1,False,-1
8871,TRIPLE,1,1,1,False,-1
8872,SINGLE,0,0,1,False,-1
8873,SINGLE,0,0,1,False,-1
8875,DOUBLE,0,1,1,False,-1
8877,TRIPLE,1,1,1,False,-1
8878,TRIPLE,1,1,1,False,-1
8879,TRIPLE,1,1,1,False,-1
8880,DOUBLE,0,1,1,False,-1
8881,TRIPLE,1,1,1,False,-1
8882,TRIPLE,1,1,1,False,-1
8883,SINGLE,0,0,1,False,-1
8884,TRIPLE,1,1,1,False,-1
8885,DOUBLE,0,1,1,False,-1
8886,TRIPLE,1,1,1,False,-1
8887,DOUBLE,0,1,1,False,-1
8888,TRIPLE,1,1,1,False,-1
8889,TRIPLE,1,1,1,False,-1
8890,SINGLE,0,0,1,False,-1
8891,TRIPLE,1,1,1,False,-1
8892,DOUBLE,0,1,1,False,-1
8893,DOUBLE,0,1,1,False,-1
8894,SINGLE,0,0,1,False,-1
8895,TRIPLE,1,1,1,False,-1
8896,DOUBLE,0,1,1,False,-1
8897,SINGLE,0,0,1,False,-1
8898,DOUBLE,0,1,1,False,-1
8900,DOUBLE,0,1,1,False,-1
8901,SINGLE,0,0,1,False,-1
8902,TRIPLE,1,1,1,False,-1
8903,DOUBLE,0,1,1,False,-1
8904,DOUBLE,0,1,1,False,-1
8905,TRIPLE,1,1,1,False,-1
8906,DOUBLE,0,1,1,False,-1
8907,TRIPLE,1,1,1,False,-1
8908,SINGLE,0,0,1,False,-1
8909,DOUBLE,0,1,1,False,-1
8910,DOUBLE,0,1,1,False,-1
8911,SINGLE,0,0,1,False,-1
8912,TRIPLE,1,1,1,False,-1
8913,DOUBLE,0,1,1,False,-1
8914,DOUBLE,0,1,1,False,-1
8915,DOUBLE,0,1,1,False,-1
8916,TRIPLE,1,1,1,False,-1
8917,TRIPLE,1,1,1,False,-1
8918,TRIPLE,1,1,1,False,-1
8919,TRIPLE,1,1,1,False,-1
8920,TRIPLE,1,1,1,False,-1
8921,TRIPLE,1,1,1,False,-1
8922,TRIPLE,1,1,1,False,-1
8924,TRIPLE,1,1,1,False,-1
8925,TRIPLE,1,1,1,False,-1
8926,DOUBLE,0,1,1,False,-1
8927,DOUBLE,0,1,1,False,-1
8928,TRIPLE,1,1,1,False,-1
8929,DOUBLE,0,1,1,False,-1
8930,DOUBLE,0,1,1,False,-1
8931,DOUBLE,0,1,1,False,-1
8932,TRIPLE,1,1,1,False,-1
8935,TRIPLE,1,1,1,False,-1
8936,DOUBLE,0,1,1,False,-1
8937,TRIPLE,1,1,1,False,-1
8938,SINGLE,0,0,1,False,-1
8939,TRIPLE,1,1,1,False,-1
8940,DOUBLE,0,1,1,False,-1
8941,SINGLE,0,0,1,False,-1
8942,TRIPLE,1,1,1,False,-1
8943,TRIPLE,1,1,1,False,-1
8945,TRIPLE,1,1,1,False,-1
8946,TRIPLE,1,1,1,False,-1
8947,DOUBLE,0,1,1,False,-1
8948,TRIPLE,1,1,1,False,-1
8949,TRIPLE,1,1,1,False,-1
8950,SINGLE,0,0,1,False,-1
8951,TRIPLE,1,1,1,False,-1
8952,DOUBLE,0,1,1,False,-1
8953,TRIPLE,1,1,1,False,-1
8954,SINGLE,0,0,1,False,-1
8955,TRIPLE,1,1,1,False,-1
8956,TRIPLE,1,1,1,False,-1
8957,DOUBLE,0,1,1,False,-1
8958,TRIPLE,1,1,1,False,-1
8959,DOUBLE,0,1,1,False,-1
8960,DOUBLE,0,1,1,False,-1
8961,TRIPLE,1,1,1,False,-1
8962,TRIPLE,1,1,1,False,-1
8964,TRIPLE,1,1,1,False,-1
8965,DOUBLE,0,1,1,False,-1
8966,DOUBLE,0,1,1,False,-1
8967,TRIPLE,1,1,1,False,-1
8968,SINGLE,0,0,1,False,-1
8969,TRIPLE,1,1,1,False,-1
8970,SINGLE,0,0,1,False,-1
8971,TRIPLE,1,1,1,False,-1
8972,TRIPLE,1,1,1,False,-1
8973,TRIPLE,1,1,1,False,-1
8974,TRIPLE,1,1,1,False,-1
8975,DOUBLE,0,1,1,False,-1
8976,DOUBLE,0,1,1,False,-1
8977,DOUBLE,0,1,1,False,-1
8978,TRIPLE,1,1,1,False,-1
8979,TRIPLE,1,1,1,False,-1
8980,SINGLE,0,0,1,False,-1
8981,DOUBLE,0,1,1,False,-1
8982,TRIPLE,1,1,1,False,-1
8983,DOUBLE,0,1,1,False,-1
8984,TRIPLE,1,1,1,False,-1
8985,DOUBLE,0,1,1,False,-1
8986,TRIPLE,1,1,1,False,-1
8987,TRIPLE,1,1,1,False,-1
8988,SINGLE,0,0,1,False,-1
8989,TRIPLE,1,1,1,False,-1
8990,TRIPLE,1,1,1,False,-1
8992,TRIPLE,1,1,1,False,-1
8993,DOUBLE,0,1,1,False,-1
8994,SINGLE,0,0,1,False,-1
8995,TRIPLE,1,1,1,False,-1
8996,TRIPLE,1,1,1,False,-1
8998,DOUBLE,0,1,1,False,-1
8999,DOUBLE,0,1,1,False,-1
9000,SINGLE,0,0,1,False,-1
9001,TRIPLE,1,1,1,False,-1
9002,TRIPLE,1,1,1,False,-1
9003,SINGLE,0,0,1,False,-1
9004,DOUBLE,0,1,1,False,-1
9005,SINGLE,0,0,1,False,-1
9007,DOUBLE,0,1,1,False,-1
9008,TRIPLE,1,1,1,False,-1
9009,DOUBLE,0,1,1,False,-1
9010,TRIPLE,1,1,1,False,-1
9011,TRIPLE,1,1,1,False,-1
9012,DOUBLE,0,1,1,False,-1
9013,TRIPLE,1,1,1,False,-1
9014,TRIPLE,1,1,1,False,-1
9015,DOUBLE,0,1,1,False,-1
9016,DOUBLE,0,1,1,False,-1
9017,TRIPLE,1,1,1,False,-1
9018,DOUBLE,0,1,1,False,-1
9019,TRIPLE,1,1,1,False,-1
9020,TRIPLE,1,1,1,False,-1
9021,DOUBLE,0,1,1,False,-1
9022,TRIPLE,1,1,1,False,-1
9023,DOUBLE,0,1,1,False,-1
9024,TRIPLE,1,1,1,False,-1
9026,TRIPLE,1,1,1,False,-1
9027,DOUBLE,0,1,1,False,-1
9028,DOUBLE,0,1,1,False,-1
9029,TRIPLE,1,1,1,False,-1
9030,DOUBLE,0,1,1,False,-1
9031,DOUBLE,0,1,1,False,-1
9032,TRIPLE,1,1,1,False,-1
9033,TRIPLE,1,1,1,False,-1
9034,SINGLE,0,0,1,False,-1
9035,TRIPLE,1,1,1,False,-1
9036,DOUBLE,0,1,1,False,-1
9037,TRIPLE,1,1,1,False,-1
9038,TRIPLE,1,1,1,False,-1
9039,DOUBLE,0,1,1,False,-1
9040,DOUBLE,0,1,1,False,-1
9041,TRIPLE,1,1,1,False,-1
9042,TRIPLE,1,1,1,False,-1
9043,DOUBLE,0,1,1,False,-1
9044,TRIPLE,1,1,1,False,-1
9045,TRIPLE,1,1,1,False,-1
9046,DOUBLE,0,1,1,False,-1
9047,DOUBLE,0,1,1,False,-1
9048,TRIPLE,1,1,1,False,-1
9049,DOUBLE,0,1,1,False,-1
9050,TRIPLE,1,1,1,False,-1
9051,DOUBLE,0,1,1,False,-1
9052,TRIPLE,1,1,1,False,-1
9054,SINGLE,0,0,1,False,-1
9055,DOUBLE,0,1,1,False,-1
9056,TRIPLE,1,1,1,False,-1
9057,SINGLE,0,0,1,False,-1
9058,TRIPLE,1,1,1,False,-1
9059,DOUBLE,0,1,1,False,-1
9060,DOUBLE,0,1,1,False,-1
9061,DOUBLE,0,1,1,False,-1
9062,DOUBLE,0,1,1,False,-1
9063,TRIPLE,1,1,1,False,-1
9064,TRIPLE,1,1,1,False,-1
9065,SINGLE,0,0,1,False,-1
9066,DOUBLE,0,1,1,False,-1
9067,TRIPLE,1,1,1,False,-1
9068,DOUBLE,0,1,1,False,-1
9069,SINGLE,0,0,1,False,-1
9070,SINGLE,0,0,1,False,-1
9071,TRIPLE,1,1,1,False,-1
9072,TRIPLE,1,1,1,False,-1
9073,TRIPLE,1,1,1,False,-1
9074,SINGLE,0,0,1,False,-1
9076,DOUBLE,0,1,1,False,-1
9077,SINGLE,0,0,1,False,-1
9078,TRIPLE,1,1,1,False,-1
9079,DOUBLE,0,1,1,False,-1
9080,TRIPLE,1,1,1,False,-1
9081,DOUBLE,0,1,1,False,-1
9083,DOUBLE,0,1,1,False,-1
9084,DOUBLE,0,1,1,False,-1
9086,TRIPLE,1,1,1,False,-1
9087,TRIPLE,1,1,1,False,-1
9088,TRIPLE,1,1,1,False,-1
9090,TRIPLE,1,1,1,False,-1
9091,DOUBLE,0,1,1,False,-1
9092,TRIPLE,1,1,1,False,-1
9093,DOUBLE,0,1,1,False,-1
9094,TRIPLE,1,1,1,False,-1
9095,DOUBLE,0,1,1,False,-1
9096,TRIPLE,1,1,1,False,-1
9097,DOUBLE,0,1,1,False,-1
9098,DOUBLE,0,1,1,False,-1
9099,SINGLE,0,0,1,False,-1
9100,TRIPLE,1,1,1,False,-1
9101,TRIPLE,1,1,1,False,-1
9102,TRIPLE,1,1,1,False,-1
9103,DOUBLE,0,1,1,False,-1
9104,TRIPLE,1,1,1,False,-1
9105,DOUBLE,0,1,1,False,-1
9106,TRIPLE,1,1,1,False,-1
9107,SINGLE,0,0,1,False,-1
9108,DOUBLE,0,1,1,False,-1
9109,TRIPLE,1,1,1,False,-1
9110,DOUBLE,0,1,1,False,-1
9111,TRIPLE,1,1,1,False,-1
9112,TRIPLE,1,1,1,False,-1
9113,SINGLE,0,0,1,False,-1
9114,DOUBLE,0,1,1,False,-1
9115,DOUBLE,0,1,1,False,-1
9116,TRIPLE,1,1,1,False,-1
9117,DOUBLE,0,1,1,False,-1
9118,DOUBLE,0,1,1,False,-1
9119,TRIPLE,1,1,1,False,-1
9120,SINGLE,0,0,1,False,-1
9121,TRIPLE,1,1,1,False,-1
9123,TRIPLE,1,1,1,False,-1
9124,TRIPLE,1,1,1,False,-1
9125,TRIPLE,1,1,1,False,-1
9126,DOUBLE,0,1,1,False,-1
9127,TRIPLE,1,1,1,False,-1
9128,DOUBLE,0,1,1,False,-1
9129,TRIPLE,1,1,1,False,-1
9130,SINGLE,0,0,1,False,-1
9131,SINGLE,0,0,1,False,-1
9132,TRIPLE,1,1,1,False,-1
9133,TRIPLE,1,1,1,False,-1
9134,TRIPLE,1,1,1,False,-1
9135,DOUBLE,0,1,1,False,-1
9136,TRIPLE,1,1,1,False,-1
9137,TRIPLE,1,1,1,False,-1
9138,TRIPLE,1,1,1,False,-1
9139,DOUBLE,0,1,1,False,-1
9140,TRIPLE,1,1,1,False,-1
9141,TRIPLE,1,1,1,False,-1
9142,DOUBLE,0,1,1,False,-1
9143,TRIPLE,1,1,1,False,-1
9144,TRIPLE,1,1,1,False,-1
9145,SINGLE,0,0,1,False,-1
9146,TRIPLE,1,1,1,False,-1
9147,TRIPLE,1,1,1,False,-1
9148,DOUBLE,0,1,1,False,-1
9149,SINGLE,0,0,1,False,-1
9150,DOUBLE,0,1,1,False,-1
9151,TRIPLE,1,1,1,False,-1
9152,SINGLE,0,0,1,False,-1
9155,DOUBLE,0,1,1,False,-1
9156,DOUBLE,0,1,1,False,-1
9157,TRIPLE,1,1,1,False,-1
9158,TRIPLE,1,1,1,False,-1
9159,DOUBLE,0,1,1,False,-1
9160,TRIPLE,1,1,1,False,-1
9161,TRIPLE,1,1,1,False,-1
9162,TRIPLE,1,1,1,False,-1
9163,TRIPLE,1,1,1,False,-1
9164,SINGLE,0,0,1,False,-1
9166,SINGLE,0,0,1,False,-1
9167,TRIPLE,1,1,1,False,-1
9169,TRIPLE,1,1,1,False,-1
9170,DOUBLE,0,1,1,False,-1
9171,TRIPLE,1,1,1,False,-1
9172,TRIPLE,1,1,1,False,-1
9173,TRIPLE,1,1,1,False,-1
9174,DOUBLE,0,1,1,False,-1
9175,TRIPLE,1,1,1,False,-1
9176,SINGLE,0,0,1,False,-1
9177,TRIPLE,1,1,1,False,-1
9178,DOUBLE,0,1,1,False,-1
9179,TRIPLE,1,1,1,False,-1
9180,TRIPLE,1,1,1,False,-1
9181,TRIPLE,1,1,1,False,-1
9182,DOUBLE,0,1,1,False,-1
9183,SINGLE,0,0,1,False,-1
9184,DOUBLE,0,1,1,False,-1
9185,TRIPLE,1,1,1,False,-1
9186,TRIPLE,1,1,1,False,-1
9187,DOUBLE,0,1,1,False,-1
9188,TRIPLE,1,1,1,False,-1
9189,TRIPLE,1,1,1,False,-1
9190,TRIPLE,1,1,1,False,-1
9191,TRIPLE,1,1,1,False,-1
9192,TRIPLE,1,1,1,False,-1
9193,DOUBLE,0,1,1,False,-1
9194,TRIPLE,1,1,1,False,-1
9195,TRIPLE,1,1,1,False,-1
9196,TRIPLE,1,1,1,False,-1
9197,TRIPLE,1,1,1,False,-1
9198,DOUBLE,0,1,1,False,-1
9200,TRIPLE,1,1,1,False,-1
9201,TRIPLE,1,1,1,False,-1
9203,TRIPLE,1,1,1,False,-1
9204,DOUBLE,0,1,1,False,-1
9205,DOUBLE,0,1,1,False,-1
9208,DOUBLE,0,1,1,False,-1
9209,DOUBLE,0,1,1,False,-1
9210,TRIPLE,1,1,1,False,-1
9211,TRIPLE,1,1,1,False,-1
9212,DOUBLE,0,1,1,False,-1
9213,TRIPLE,1,1,1,False,-1
9214,TRIPLE,1,1,1,False,-1
9216,TRIPLE,1,1,1,False,-1
9217,DOUBLE,0,1,1,False,-1
9218,DOUBLE,0,1,1,False,-1
9219,TRIPLE,1,1,1,False,-1
9220,TRIPLE,1,1,1,False,-1
9221,TRIPLE,1,1,1,False,-1
9222,TRIPLE,1,1,1,False,-1
9223,SINGLE,0,0,1,False,-1
9224,SINGLE,0,0,1,False,-1
9225,DOUBLE,0,1,1,False,-1
9226,TRIPLE,1,1,1,False,-1
9227,TRIPLE,1,1,1,False,-1
9228,TRIPLE,1,1,1,False,-1
9229,SINGLE,0,0,1,False,-1
9230,TRIPLE,1,1,1,False,-1
9231,TRIPLE,1,1,1,False,-1
9232,TRIPLE,1,1,1,False,-1
9233,SINGLE,0,0,1,False,-1
9234,TRIPLE,1,1,1,False,-1
9235,TRIPLE,1,1,1,False,-1
9236,TRIPLE,1,1,1,False,-1
9238,DOUBLE,0,1,1,False,-1
9241,TRIPLE,1,1,1,False,-1
9242,DOUBLE,0,1,1,False,-1
9243,TRIPLE,1,1,1,False,-1
9245,DOUBLE,0,1,1,False,-1
9246,TRIPLE,1,1,1,False,-1
9247,TRIPLE,1,1,1,False,-1
9248,DOUBLE,0,1,1,False,-1
9249,SINGLE,0,0,1,False,-1
9250,DOUBLE,0,1,1,False,-1
9251,TRIPLE,1,1,1,False,-1
9252,TRIPLE,1,1,1,False,-1
9253,TRIPLE,1,1,1,False,-1
9254,TRIPLE,1,1,1,False,-1
9255,TRIPLE,1,1,1,False,-1
9256,DOUBLE,0,1,1,False,-1
9257,SINGLE,0,0,1,False,-1
9258,TRIPLE,1,1,1,False,-1
9259,TRIPLE,1,1,1,False,-1
9260,TRIPLE,1,1,1,False,-1
9261,TRIPLE,1,1,1,False,-1
9262,TRIPLE,1,1,1,False,-1
9263,TRIPLE,1,1,1,False,-1
9264,TRIPLE,1,1,1,False,-1
9265,TRIPLE,1,1,1,False,-1
9266,SINGLE,0,0,1,False,-1
9267,DOUBLE,0,1,1,False,-1
9268,TRIPLE,1,1,1,False,-1
9269,DOUBLE,0,1,1,False,-1
9270,DOUBLE,0,1,1,False,-1
9271,DOUBLE,0,1,1,False,-1
9272,DOUBLE,0,1,1,False,-1
9273,DOUBLE,0,1,1,False,-1
9274,SINGLE,0,0,1,False,-1
9275,TRIPLE,1,1,1,False,-1
9277,TRIPLE,1,1,1,False,-1
9278,DOUBLE,0,1,1,False,-1
9279,DOUBLE,0,1,1,False,-1
9280,DOUBLE,0,1,1,False,-1
9281,SINGLE,0,0,1,False,-1
9282,TRIPLE,1,1,1,False,-1
9283,DOUBLE,0,1,1,False,-1
9285,TRIPLE,1,1,1,False,-1
9286,TRIPLE,1,1,1,False,-1
9287,TRIPLE,1,1,1,False,-1
9288,SINGLE,0,0,1,False,-1
9289,TRIPLE,1,1,1,False,-1
9290,DOUBLE,0,1,1,False,-1
9291,TRIPLE,1,1,1,False,-1
9292,TRIPLE,1,1,1,False,-1
9293,DOUBLE,0,1,1,False,-1
9294,TRIPLE,1,1,1,False,-1
9295,SINGLE,0,0,1,False,-1
9296,SINGLE,0,0,1,False,-1
9297,SINGLE,0,0,1,False,-1
9298,DOUBLE,0,1,1,False,-1
9299,TRIPLE,1,1,1,False,-1
9300,TRIPLE,1,1,1,False,-1
9301,DOUBLE,0,1,1,False,-1
9302,TRIPLE,1,1,1,False,-1
9303,SINGLE,0,0,1,False,-1
9304,DOUBLE,0,1,1,False,-1
9305,TRIPLE,1,1,1,False,-1
9306,TRIPLE,1,1,1,False,-1
9307,DOUBLE,0,1,1,False,-1
9309,TRIPLE,1,1,1,False,-1
9310,SINGLE,0,0,1,False,-1
9311,DOUBLE,0,1,1,False,-1
9312,TRIPLE,1,1,1,False,-1
9313,TRIPLE,1,1,1,False,-1
9314,SINGLE,0,0,1,False,-1
9315,TRIPLE,1,1,1,False,-1
9316,TRIPLE,1,1,1,False,-1
9317,DOUBLE,0,1,1,False,-1
9318,TRIPLE,1,1,1,False,-1
9319,SINGLE,0,0,1,False,-1
9321,SINGLE,0,0,1,False,-1
9322,SINGLE,0,0,1,False,-1
9323,TRIPLE,1,1,1,False,-1
9324,TRIPLE,1,1,1,False,-1
9325,TRIPLE,1,1,1,False,-1
9326,SINGLE,0,0,1,False,-1
9327,DOUBLE,0,1,1,False,-1
9328,DOUBLE,0,1,1,False,-1
9329,TRIPLE,1,1,1,False,-1
9330,DOUBLE,0,1,1,False,-1
9331,TRIPLE,1,1,1,False,-1
9332,TRIPLE,1,1,1,False,-1
9333,TRIPLE,1,1,1,False,-1
9335,TRIPLE,1,1,1,False,-1
9336,SINGLE,0,0,1,False,-1
9337,TRIPLE,1,1,1,False,-1
9338,TRIPLE,1,1,1,False,-1
9339,DOUBLE,0,1,1,False,-1
9340,DOUBLE,0,1,1,False,-1
9341,TRIPLE,1,1,1,False,-1
9343,TRIPLE,1,1,1,False,-1
9344,SINGLE,0,0,1,False,-1
9345,TRIPLE,1,1,1,False,-1
9346,DOUBLE,0,1,1,False,-1
9347,DOUBLE,0,1,1,False,-1
9348,DOUBLE,0,1,1,False,-1
9349,TRIPLE,1,1,1,False,-1
9350,DOUBLE,0,1,1,False,-1
9351,TRIPLE,1,1,1,False,-1
9352,TRIPLE,1,1,1,False,-1
9354,DOUBLE,0,1,1,False,-1
9355,DOUBLE,0,1,1,False,-1
9356,SINGLE,0,0,1,False,-1
9357,SINGLE,0,0,1,False,-1
9358,TRIPLE,1,1,1,False,-1
9359,SINGLE,0,0,1,False,-1
9360,TRIPLE,1,1,1,False,-1
9361,TRIPLE,1,1,1,False,-1
9362,TRIPLE,1,1,1,False,-1
9363,TRIPLE,1,1,1,False,-1
9364,TRIPLE,1,1,1,False,-1
9365,DOUBLE,0,1,1,False,-1
9367,TRIPLE,1,1,1,False,-1
9368,SINGLE,0,0,1,False,-1
9369,DOUBLE,0,1,1,False,-1
9370,DOUBLE,0,1,1,False,-1
9371,TRIPLE,1,1,1,False,-1
9372,TRIPLE,1,1,1,False,-1
9373,DOUBLE,0,1,1,False,-1
9374,TRIPLE,1,1,1,False,-1
9375,TRIPLE,1,1,1,False,-1
9376,DOUBLE,0,1,1,False,-1
9377,TRIPLE,1,1,1,False,-1
9378,TRIPLE,1,1,1,False,-1
9379,TRIPLE,1,1,1,False,-1
9380,TRIPLE,1,1,1,False,-1
9381,TRIPLE,1,1,1,False,-1
9382,DOUBLE,0,1,1,False,-1
9383,TRIPLE,1,1,1,False,-1
9384,TRIPLE,1,1,1,False,-1
9385,DOUBLE,0,1,1,False,-1
9386,TRIPLE,1,1,1,False,-1
9387,TRIPLE,1,1,1,False,-1
9388,TRIPLE,1,1,1,False,-1
9389,DOUBLE,0,1,1,False,-1
9390,TRIPLE,1,1,1,False,-1
9391,DOUBLE,0,1,1,False,-1
9392,TRIPLE,1,1,1,False,-1
9393,TRIPLE,1,1,1,False,-1
9394,TRIPLE,1,1,1,False,-1
9395,TRIPLE,1,1,1,False,-1
9396,SINGLE,0,0,1,False,-1
9397,TRIPLE,1,1,1,False,-1
9398,SINGLE,0,0,1,False,-1
9399,TRIPLE,1,1,1,False,-1
9400,DOUBLE,0,1,1,False,-1
9401,DOUBLE,0,1,1,False,-1
9402,SINGLE,0,0,1,False,-1
9403,DOUBLE,0,1,1,False,-1
9404,SINGLE,0,0,1,False,-1
9405,DOUBLE,0,1,1,False,-1
9406,TRIPLE,1,1,1,False,-1
9407,DOUBLE,0,1,1,False,-1
9408,TRIPLE,1,1,1,False,-1
9409,DOUBLE,0,1,1,False,-1
9410,TRIPLE,1,1,1,False,-1
9411,SINGLE,0,0,1,False,-1
9412,TRIPLE,1,1,1,False,-1
9413,TRIPLE,1,1,1,False,-1
9414,TRIPLE,1,1,1,False,-1
9415,TRIPLE,1,1,1,False,-1
9416,TRIPLE,1,1,1,False,-1
9418,TRIPLE,1,1,1,False,-1
9419,TRIPLE,1,1,1,False,-1
9420,TRIPLE,1,1,1,False,-1
9421,TRIPLE,1,1,1,False,-1
9422,TRIPLE,1,1,1,False,-1
9423,DOUBLE,0,1,1,False,-1
9424,TRIPLE,1,1,1,False,-1
9425,DOUBLE,0,1,1,False,-1
9426,TRIPLE,1,1,1,False,-1
9428,DOUBLE,0,1,1,False,-1
9429,DOUBLE,0,1,1,False,-1
9430,TRIPLE,1,1,1,False,-1
9431,DOUBLE,0,1,1,False,-1
9432,SINGLE,0,0,1,False,-1
9433,TRIPLE,1,1,1,False,-1
9434,TRIPLE,1,1,1,False,-1
9435,TRIPLE,1,1,1,False,-1
9436,TRIPLE,1,1,1,False,-1
9439,SINGLE,0,0,1,False,-1
9440,TRIPLE,1,1,1,False,-1
9441,DOUBLE,0,1,1,False,-1
9442,TRIPLE,1,1,1,False,-1
9443,SINGLE,0,0,1,False,-1
9444,TRIPLE,1,1,1,False,-1
9446,TRIPLE,1,1,1,False,-1
9447,DOUBLE,0,1,1,False,-1
9448,TRIPLE,1,1,1,False,-1
9449,TRIPLE,1,1,1,False,-1
9450,TRIPLE,1,1,1,False,-1
9451,TRIPLE,1,1,1,False,-1
9453,DOUBLE,0,1,1,False,-1
9454,TRIPLE,1,1,1,False,-1
9455,TRIPLE,1,1,1,False,-1
9456,TRIPLE,1,1,1,False,-1
9457,TRIPLE,1,1,1,False,-1
9458,DOUBLE,0,1,1,False,-1
9459,TRIPLE,1,1,1,False,-1
9460,TRIPLE,1,1,1,False,-1
9461,TRIPLE,1,1,1,False,-1
9462,TRIPLE,1,1,1,False,-1
9463,TRIPLE,1,1,1,False,-1
9464,DOUBLE,0,1,1,False,-1
9465,DOUBLE,0,1,1,False,-1
9466,TRIPLE,1,1,1,False,-1
9467,DOUBLE,0,1,1,False,-1
9468,DOUBLE,0,1,1,False,-1
9469,TRIPLE,1,1,1,False,-1
9470,DOUBLE,0,1,1,False,-1
9471,TRIPLE,1,1,1,False,-1
9472,TRIPLE,1,1,1,False,-1
9473,DOUBLE,0,1,1,False,-1
9474,TRIPLE,1,1,1,False,-1
9475,SINGLE,0,0,1,False,-1
9476,SINGLE,0,0,1,False,-1
9477,SINGLE,0,0,1,False,-1
9478,TRIPLE,1,1,1,False,-1
9481,TRIPLE,1,1,1,False,-1
9482,SINGLE,0,0,1,False,-1
9483,SINGLE,0,0,1,False,-1
9484,TRIPLE,1,1,1,False,-1
9485,TRIPLE,1,1,1,False,-1
9487,SINGLE,0,0,1,False,-1
9488,TRIPLE,1,1,1,False,-1
9489,TRIPLE,1,1,1,False,-1
9490,SINGLE,0,0,1,False,-1
9491,DOUBLE,0,1,1,False,-1
9492,SINGLE,0,0,1,False,-1
9493,DOUBLE,0,1,1,False,-1
9494,TRIPLE,1,1,1,False,-1
9495,TRIPLE,1,1,1,False,-1
9496,TRIPLE,1,1,1,False,-1
9497,TRIPLE,1,1,1,False,-1
9498,TRIPLE,1,1,1,False,-1
9499,DOUBLE,0,1,1,False,-1
9500,TRIPLE,1,1,1,False,-1
9501,SINGLE,0,0,1,False,-1
9502,TRIPLE,1,1,1,False,-1
9503,TRIPLE,1,1,1,False,-1
9505,TRIPLE,1,1,1,False,-1
9507,TRIPLE,1,1,1,False,-1
9508,DOUBLE,0,1,1,False,-1
9509,TRIPLE,1,1,1,False,-1
9511,SINGLE,0,0,1,False,-1
9512,DOUBLE,0,1,1,False,-1
9513,TRIPLE,1,1,1,False,-1
9514,SINGLE,0,0,1,False,-1
9515,TRIPLE,1,1,1,False,-1
9516,TRIPLE,1,1,1,False,-1
9517,TRIPLE,1,1,1,False,-1
9518,DOUBLE,0,1,1,False,-1
9519,TRIPLE,1,1,1,False,-1
9520,TRIPLE,1,1,1,False,-1
9521,DOUBLE,0,1,1,False,-1
9522,DOUBLE,0,1,1,False,-1
9523,DOUBLE,0,1,1,False,-1
9524,TRIPLE,1,1,1,False,-1
9525,TRIPLE,1,1,1,False,-1
9527,TRIPLE,1,1,1,False,-1
9528,TRIPLE,1,1,1,False,-1
9529,TRIPLE,1,1,1,False,-1
9530,DOUBLE,0,1,1,False,-1
9531,TRIPLE,1,1,1,False,-1
9533,TRIPLE,1,1,1,False,-1
9534,TRIPLE,1,1,1,False,-1
9536,TRIPLE,1,1,1,False,-1
9537,DOUBLE,0,1,1,False,-1
9538,TRIPLE,1,1,1,False,-1
9539,TRIPLE,1,1,1,False,-1
9540,SINGLE,0,0,1,False,-1
9541,TRIPLE,1,1,1,False,-1
9543,TRIPLE,1,1,1,False,-1
9544,TRIPLE,1,1,1,False,-1
9545,SINGLE,0,0,1,False,-1
9546,TRIPLE,1,1,1,False,-1
9547,TRIPLE,1,1,1,False,-1
9548,DOUBLE,0,1,1,False,-1
9549,SINGLE,0,0,1,False,-1
9551,TRIPLE,1,1,1,False,-1
9552,TRIPLE,1,1,1,False,-1
9553,TRIPLE,1,1,1,False,-1
9554,TRIPLE,1,1,1,False,-1
9555,TRIPLE,1,1,1,False,-1
9556,TRIPLE,1,1,1,False,-1
9557,DOUBLE,0,1,1,False,-1
9559,TRIPLE,1,1,1,False,-1
9560,TRIPLE,1,1,1,False,-1
9561,TRIPLE,1,1,1,False,-1
9562,DOUBLE,0,1,1,False,-1
9563,DOUBLE,0,1,1,False,-1
9565,TRIPLE,1,1,1,False,-1
9566,TRIPLE,1,1,1,False,-1
9568,TRIPLE,1,1,1,False,-1
9569,TRIPLE,1,1,1,False,-1
9570,TRIPLE,1,1,1,False,-1
9571,TRIPLE,1,1,1,False,-1
9572,DOUBLE,0,1,1,False,-1
9573,TRIPLE,1,1,1,False,-1
9574,TRIPLE,1,1,1,False,-1
9576,DOUBLE,0,1,1,False,-1
9577,SINGLE,0,0,1,False,-1
9578,DOUBLE,0,1,1,False,-1
9579,TRIPLE,1,1,1,False,-1
9581,SINGLE,0,0,1,False,-1
9582,DOUBLE,0,1,1,False,-1
9583,SINGLE,0,0,1,False,-1
9584,TRIPLE,1,1,1,False,-1
9585,TRIPLE,1,1,1,False,-1
9586,DOUBLE,0,1,1,False,-1
9587,DOUBLE,0,1,1,False,-1
9588,DOUBLE,0,1,1,False,-1
9589,DOUBLE,0,1,1,False,-1
9590,DOUBLE,0,1,1,False,-1
9591,TRIPLE,1,1,1,False,-1
9592,SINGLE,0,0,1,False,-1
9593,TRIPLE,1,1,1,False,-1
9594,DOUBLE,0,1,1,False,-1
9595,DOUBLE,0,1,1,False,-1
9596,TRIPLE,1,1,1,False,-1
9597,TRIPLE,1,1,1,False,-1
9598,DOUBLE,0,1,1,False,-1
9599,SINGLE,0,0,1,False,-1
9600,TRIPLE,1,1,1,False,-1
9601,TRIPLE,1,1,1,False,-1
9602,TRIPLE,1,1,1,False,-1
9604,TRIPLE,1,1,1,False,-1
9605,TRIPLE,1,1,1,False,-1
9606,TRIPLE,1,1,1,False,-1
9607,TRIPLE,1,1,1,False,-1
9608,SINGLE,0,0,1,False,-1
9609,DOUBLE,0,1,1,False,-1
9611,SINGLE,0,0,1,False,-1
9612,DOUBLE,0,1,1,False,-1
9613,DOUBLE,0,1,1,False,-1
9614,DOUBLE,0,1,1,False,-1
9615,TRIPLE,1,1,1,False,-1
9616,DOUBLE,0,1,1,False,-1
9617,SINGLE,0,0,1,False,-1
9618,TRIPLE,1,1,1,False,-1
9620,DOUBLE,0,1,1,False,-1
9621,TRIPLE,1,1,1,False,-1
9622,DOUBLE,0,1,1,False,-1
9623,TRIPLE,1,1,1,False,-1
9624,TRIPLE,1,1,1,False,-1
9625,TRIPLE,1,1,1,False,-1
9626,SINGLE,0,0,1,False,-1
9627,TRIPLE,1,1,1,False,-1
9628,DOUBLE,0,1,1,False,-1
9629,TRIPLE,1,1,1,False,-1
9630,DOUBLE,0,1,1,False,-1
9631,DOUBLE,0,1,1,False,-1
9632,TRIPLE,1,1,1,False,-1
9633,SINGLE,0,0,1,False,-1
9634,TRIPLE,1,1,1,False,-1
9635,TRIPLE,1,1,1,False,-1
9636,DOUBLE,0,1,1,False,-1
9637,TRIPLE,1,1,1,False,-1
9638,DOUBLE,0,1,1,False,-1
9639,DOUBLE,0,1,1,False,-1
9640,TRIPLE,1,1,1,False,-1
9641,TRIPLE,1,1,1,False,-1
9642,TRIPLE,1,1,1,False,-1
9643,SINGLE,0,0,1,False,-1
9644,TRIPLE,1,1,1,False,-1
9645,SINGLE,0,0,1,False,-1
9646,SINGLE,0,0,1,False,-1
9647,DOUBLE,0,1,1,False,-1
9648,DOUBLE,0,1,1,False,-1
9649,TRIPLE,1,1,1,False,-1
9650,TRIPLE,1,1,1,False,-1
9651,TRIPLE,1,1,1,False,-1
9653,DOUBLE,0,1,1,False,-1
9654,SINGLE,0,0,1,False,-1
9655,TRIPLE,1,1,1,False,-1
9657,SINGLE,0,0,1,False,-1
9659,SINGLE,0,0,1,False,-1
9660,TRIPLE,1,1,1,False,-1
9661,TRIPLE,1,1,1,False,-1
9662,SINGLE,0,0,1,False,-1
9663,DOUBLE,0,1,1,False,-1
9664,DOUBLE,0,1,1,False,-1
9665,TRIPLE,1,1,1,False,-1
9666,TRIPLE,1,1,1,False,-1
9667,TRIPLE,1,1,1,False,-1
9668,TRIPLE,1,1,1,False,-1
9669,TRIPLE,1,1,1,False,-1
9670,TRIPLE,1,1,1,False,-1
9671,DOUBLE,0,1,1,False,-1
9672,SINGLE,0,0,1,False,-1
9673,TRIPLE,1,1,1,False,-1
9674,TRIPLE,1,1,1,False,-1
9675,DOUBLE,0,1,1,False,-1
9676,TRIPLE,1,1,1,False,-1
9677,TRIPLE,1,1,1,False,-1
9678,SINGLE,0,0,1,False,-1
9679,TRIPLE,1,1,1,False,-1
9680,DOUBLE,0,1,1,False,-1
9681,DOUBLE,0,1,1,False,-1
9682,TRIPLE,1,1,1,False,-1
9684,DOUBLE,0,1,1,False,-1
9685,TRIPLE,1,1,1,False,-1
9686,DOUBLE,0,1,1,False,-1
9687,TRIPLE,1,1,1,False,-1
9688,SINGLE,0,0,1,False,-1
9689,SINGLE,0,0,1,False,-1
9690,TRIPLE,1,1,1,False,-1
9691,TRIPLE,1,1,1,False,-1
9692,SINGLE,0,0,1,False,-1
9693,TRIPLE,1,1,1,False,-1
9694,TRIPLE,1,1,1,False,-1
9695,SINGLE,0,0,1,False,-1
9697,TRIPLE,1,1,1,False,-1
9698,SINGLE,0,0,1,False,-1
9699,TRIPLE,1,1,1,False,-1
9700,DOUBLE,0,1,1,False,-1
9701,TRIPLE,1,1,1,False,-1
9702,TRIPLE,1,1,1,False,-1
9703,TRIPLE,1,1,1,False,-1
9704,TRIPLE,1,1,1,False,-1
9705,TRIPLE,1,1,1,False,-1
9706,DOUBLE,0,1,1,False,-1
9707,TRIPLE,1,1,1,False,-1
9708,TRIPLE,1,1,1,False,-1
9709,TRIPLE,1,1,1,False,-1
9710,TRIPLE,1,1,1,False,-1
9711,DOUBLE,0,1,1,False,-1
9712,TRIPLE,1,1,1,False,-1
9713,SINGLE,0,0,1,False,-1
9714,SINGLE,0,0,1,False,-1
9715,TRIPLE,1,1,1,False,-1
9716,TRIPLE,1,1,1,False,-1
9717,DOUBLE,0,1,1,False,-1
9718,SINGLE,0,0,1,False,-1
9719,DOUBLE,0,1,1,False,-1
9720,TRIPLE,1,1,1,False,-1
9721,DOUBLE,0,1,1,False,-1
9722,TRIPLE,1,1,1,False,-1
9723,TRIPLE,1,1,1,False,-1
9724,DOUBLE,0,1,1,False,-1
9725,TRIPLE,1,1,1,False,-1
9727,TRIPLE,1,1,1,False,-1
9728,TRIPLE,1,1,1,False,-1
9730,TRIPLE,1,1,1,False,-1
9731,SINGLE,0,0,1,False,-1
9732,TRIPLE,1,1,1,False,-1
9733,TRIPLE,1,1,1,False,-1
9734,TRIPLE,1,1,1,False,-1
9735,TRIPLE,1,1,1,False,-1
9736,TRIPLE,1,1,1,False,-1
9737,TRIPLE,1,1,1,False,-1
9738,DOUBLE,0,1,1,False,-1
9739,TRIPLE,1,1,1,False,-1
9740,TRIPLE,1,1,1,False,-1
9741,SINGLE,0,0,1,False,-1
9742,TRIPLE,1,1,1,False,-1
9743,TRIPLE,1,1,1,False,-1
9744,SINGLE,0,0,1,False,-1
9745,DOUBLE,0,1,1,False,-1
9746,DOUBLE,0,1,1,False,-1
9747,DOUBLE,0,1,1,False,-1
9748,SINGLE,0,0,1,False,-1
9750,DOUBLE,0,1,1,False,-1
9751,SINGLE,0,0,1,False,-1
9752,DOUBLE,0,1,1,False,-1
9753,DOUBLE,0,1,1,False,-1
9754,TRIPLE,1,1,1,False,-1
9755,TRIPLE,1,1,1,False,-1
9756,SINGLE,0,0,1,False,-1
9757,TRIPLE,1,1,1,False,-1
9758,DOUBLE,0,1,1,False,-1
9760,TRIPLE,1,1,1,False,-1
9761,DOUBLE,0,1,1,False,-1
9762,DOUBLE,0,1,1,False,-1
9764,SINGLE,0,0,1,False,-1
9765,TRIPLE,1,1,1,False,-1
9766,SINGLE,0,0,1,False,-1
9767,SINGLE,0,0,1,False,-1
9768,TRIPLE,1,1,1,False,-1
9769,DOUBLE,0,1,1,False,-1
9770,TRIPLE,1,1,1,False,-1
9771,TRIPLE,1,1,1,False,-1
9773,SINGLE,0,0,1,False,-1
9774,TRIPLE,1,1,1,False,-1
9775,TRIPLE,1,1,1,False,-1
9776,TRIPLE,1,1,1,False,-1
9778,TRIPLE,1,1,1,False,-1
9780,DOUBLE,0,1,1,False,-1
9781,TRIPLE,1,1,1,False,-1
9782,TRIPLE,1,1,1,False,-1
9783,TRIPLE,1,1,1,False,-1
9784,TRIPLE,1,1,1,False,-1
9785,SINGLE,0,0,1,False,-1
9786,TRIPLE,1,1,1,False,-1
9787,DOUBLE,0,1,1,False,-1
9788,TRIPLE,1,1,1,False,-1
9789,TRIPLE,1,1,1,False,-1
9790,DOUBLE,0,1,1,False,-1
9791,TRIPLE,1,1,1,False,-1
9792,DOUBLE,0,1,1,False,-1
9794,TRIPLE,1,1,1,False,-1
9795,TRIPLE,1,1,1,False,-1
9796,TRIPLE,1,1,1,False,-1
9797,DOUBLE,0,1,1,False,-1
9799,SINGLE,0,0,1,False,-1
9800,TRIPLE,1,1,1,False,-1
9801,TRIPLE,1,1,1,False,-1
9802,TRIPLE,1,1,1,False,-1
9803,TRIPLE,1,1,1,False,-1
9804,TRIPLE,1,1,1,False,-1
9805,TRIPLE,1,1,1,False,-1
9806,SINGLE,0,0,1,False,-1
9807,TRIPLE,1,1,1,False,-1
9808,TRIPLE,1,1,1,False,-1
9809,SINGLE,0,0,1,False,-1
9810,DOUBLE,0,1,1,False,-1
9811,TRIPLE,1,1,1,False,-1
9812,TRIPLE,1,1,1,False,-1
9813,SINGLE,0,0,1,False,-1
9814,TRIPLE,1,1,1,False,-1
9816,DOUBLE,0,1,1,False,-1
9817,SINGLE,0,0,1,False,-1
9818,TRIPLE,1,1,1,False,-1
9819,DOUBLE,0,1,1,False,-1
9820,DOUBLE,0,1,1,False,-1
9821,TRIPLE,1,1,1,False,-1
9822,SINGLE,0,0,1,False,-1
9823,TRIPLE,1,1,1,False,-1
9824,TRIPLE,1,1,1,False,-1
9825,TRIPLE,1,1,1,False,-1
9826,TRIPLE,1,1,1,False,-1
9827,SINGLE,0,0,1,False,-1
9828,SINGLE,0,0,1,False,-1
9830,TRIPLE,1,1,1,False,-1
9831,SINGLE,0,0,1,False,-1
9832,SINGLE,0,0,1,False,-1
9833,TRIPLE,1,1,1,False,-1
9834,TRIPLE,1,1,1,False,-1
9835,SINGLE,0,0,1,False,-1
9837,TRIPLE,1,1,1,False,-1
9838,SINGLE,0,0,1,False,-1
9839,DOUBLE,0,1,1,False,-1
9840,TRIPLE,1,1,1,False,-1
9841,DOUBLE,0,1,1,False,-1
9842,TRIPLE,1,1,1,False,-1
9843,TRIPLE,1,1,1,False,-1
9844,TRIPLE,1,1,1,False,-1
9845,DOUBLE,0,1,1,False,-1
9846,DOUBLE,0,1,1,False,-1
9847,TRIPLE,1,1,1,False,-1
9848,TRIPLE,1,1,1,False,-1
9849,DOUBLE,0,1,1,False,-1
9851,TRIPLE,1,1,1,False,-1
9852,DOUBLE,0,1,1,False,-1
9853,TRIPLE,1,1,1,False,-1
9854,TRIPLE,1,1,1,False,-1
9855,TRIPLE,1,1,1,False,-1
9856,TRIPLE,1,1,1,False,-1
9857,TRIPLE,1,1,1,False,-1
9858,DOUBLE,0,1,1,False,-1
9859,TRIPLE,1,1,1,False,-1
9860,TRIPLE,1,1,1,False,-1
9861,TRIPLE,1,1,1,False,-1
9862,DOUBLE,0,1,1,False,-1
9863,DOUBLE,0,1,1,False,-1
9864,TRIPLE,1,1,1,False,-1
9865,TRIPLE,1,1,1,False,-1
9866,SINGLE,0,0,1,False,-1
9868,TRIPLE,1,1,1,False,-1
9869,TRIPLE,1,1,1,False,-1
9871,TRIPLE,1,1,1,False,-1
9872,TRIPLE,1,1,1,False,-1
9873,SINGLE,0,0,1,False,-1
9874,DOUBLE,0,1,1,False,-1
9875,TRIPLE,1,1,1,False,-1
9876,DOUBLE,0,1,1,False,-1
9877,TRIPLE,1,1,1,False,-1
9879,TRIPLE,1,1,1,False,-1
9880,TRIPLE,1,1,1,False,-1
9881,DOUBLE,0,1,1,False,-1
9882,TRIPLE,1,1,1,False,-1
9883,TRIPLE,1,1,1,False,-1
9884,TRIPLE,1,1,1,False,-1
9885,SINGLE,0,0,1,False,-1
9887,DOUBLE,0,1,1,False,-1
9888,SINGLE,0,0,1,False,-1
9889,TRIPLE,1,1,1,False,-1
9890,TRIPLE,1,1,1,False,-1
9891,DOUBLE,0,1,1,False,-1
9892,DOUBLE,0,1,1,False,-1
9894,DOUBLE,0,1,1,False,-1
9895,TRIPLE,1,1,1,False,-1
9896,TRIPLE,1,1,1,False,-1
9897,TRIPLE,1,1,1,False,-1
9900,TRIPLE,1,1,1,False,-1
9901,TRIPLE,1,1,1,False,-1
9902,TRIPLE,1,1,1,False,-1
9903,TRIPLE,1,1,1,False,-1
9904,SINGLE,0,0,1,False,-1
9905,DOUBLE,0,1,1,False,-1
9906,TRIPLE,1,1,1,False,-1
9907,TRIPLE,1,1,1,False,-1
9908,DOUBLE,0,1,1,False,-1
9909,DOUBLE,0,1,1,False,-1
9912,TRIPLE,1,1,1,False,-1
9913,TRIPLE,1,1,1,False,-1
9914,TRIPLE,1,1,1,False,-1
9916,SINGLE,0,0,1,False,-1
9917,DOUBLE,0,1,1,False,-1
9918,SINGLE,0,0,1,False,-1
9919,SINGLE,0,0,1,False,-1
9920,TRIPLE,1,1,1,False,-1
9921,TRIPLE,1,1,1,False,-1
9922,DOUBLE,0,1,1,False,-1
9924,SINGLE,0,0,1,False,-1
9925,SINGLE,0,0,1,False,-1
9926,DOUBLE,0,1,1,False,-1
9927,DOUBLE,0,1,1,False,-1
9928,SINGLE,0,0,1,False,-1
9930,TRIPLE,1,1,1,False,-1
9931,TRIPLE,1,1,1,False,-1
9932,TRIPLE,1,1,1,False,-1
9933,DOUBLE,0,1,1,False,-1
9935,TRIPLE,1,1,1,False,-1
9936,DOUBLE,0,1,1,False,-1
9937,TRIPLE,1,1,1,False,-1
9938,DOUBLE,0,1,1,False,-1
9939,DOUBLE,0,1,1,False,-1
9940,DOUBLE,0,1,1,False,-1
9941,TRIPLE,1,1,1,False,-1
9942,TRIPLE,1,1,1,False,-1
9943,TRIPLE,1,1,1,False,-1
9944,TRIPLE,1,1,1,False,-1
9945,TRIPLE,1,1,1,False,-1
9946,SINGLE,0,0,1,False,-1
9947,TRIPLE,1,1,1,False,-1
9948,TRIPLE,1,1,1,False,-1
9949,SINGLE,0,0,1,False,-1
9950,TRIPLE,1,1,1,False,-1
9951,TRIPLE,1,1,1,False,-1
9952,SINGLE,0,0,1,False,-1
9953,TRIPLE,1,1,1,False,-1
9954,TRIPLE,1,1,1,False,-1
9955,SINGLE,0,0,1,False,-1
9956,SINGLE,0,0,1,False,-1
9957,TRIPLE,1,1,1,False,-1
9958,DOUBLE,0,1,1,False,-1
9959,DOUBLE,0,1,1,False,-1
9960,TRIPLE,1,1,1,False,-1
9961,TRIPLE,1,1,1,False,-1
9963,DOUBLE,0,1,1,False,-1
9964,DOUBLE,0,1,1,False,-1
9965,DOUBLE,0,1,1,False,-1
9966,TRIPLE,1,1,1,False,-1
9967,DOUBLE,0,1,1,False,-1
9968,TRIPLE,1,1,1,False,-1
9969,TRIPLE,1,1,1,False,-1
9970,SINGLE,0,0,1,False,-1
9971,TRIPLE,1,1,1,False,-1
9972,TRIPLE,1,1,1,False,-1
9973,SINGLE,0,0,1,False,-1
9974,TRIPLE,1,1,1,False,-1
9975,TRIPLE,1,1,1,False,-1
9977,SINGLE,0,0,1,False,-1
9978,TRIPLE,1,1,1,False,-1
9979,TRIPLE,1,1,1,False,-1
9980,DOUBLE,0,1,1,False,-1
9981,DOUBLE,0,1,1,False,-1
9982,TRIPLE,1,1,1,False,-1
9983,TRIPLE,1,1,1,False,-1
9984,SINGLE,0,0,1,False,-1
9985,SINGLE,0,0,1,False,-1
9986,DOUBLE,0,1,1,False,-1
9987,DOUBLE,0,1,1,False,-1
9988,DOUBLE,0,1,1,False,-1
9989,TRIPLE,1,1,1,False,-1
9990,TRIPLE,1,1,1,False,-1
9991,TRIPLE,1,1,1,False,-1
9992,TRIPLE,1,1,1,False,-1
9993,TRIPLE,1,1,1,False,-1
9994,SINGLE,0,0,1,False,-1
9997,TRIPLE,1,1,1,False,-1
9998,TRIPLE,1,1,1,False,-1
9999,DOUBLE,0,1,1,False,-1
