EventID,Coincidence,PartenopeHit,MinervaHit,GiunoneHit,Decay,DecayTime_ns
0,SINGLE,1,0,0,False,-1
1,TRIPLE,1,1,1,False,-1
2,TRIPLE,1,1,1,False,-1
3,SINGLE,1,0,0,False,-1
4,TRIPLE,1,1,1,False,-1
5,TRIPLE,1,1,1,False,-1
6,TRIPLE,1,1,1,False,-1
7,TRIPLE,1,1,1,False,-1
8,DOUBLE,1,1,0,False,-1
9,SINGLE,1,0,0,False,-1
10,TRIPLE,1,1,1,False,-1
11,SINGLE,1,0,0,False,-1
12,TRIPLE,1,1,1,False,-1
13,DOUBLE,1,1,0,False,-1
14,TRIPLE,1,1,1,False,-1
15,TRIPLE,1,1,1,False,-1
16,TRIPLE,1,1,1,False,-1
17,SINGLE,1,0,0,False,-1
18,TRIPLE,1,1,1,False,-1
19,DOUBLE,1,1,0,False,-1
20,DOUBLE,1,1,0,False,-1
21,SINGLE,1,0,0,False,-1
22,TRIPLE,1,1,1,False,-1
23,TRIPLE,1,1,1,False,-1
24,TRIPLE,1,1,1,False,-1
25,DOUBLE,1,1,0,False,-1
26,DOUBLE,1,1,0,False,-1
27,TRIPLE,1,1,1,False,-1
28,TRIPLE,1,1,1,False,-1
29,TRIPLE,1,1,1,False,-1
30,TRIPLE,1,1,1,False,-1
31,DOUBLE,1,1,0,False,-1
32,TRIPLE,1,1,1,False,-1
33,DOUBLE,1,1,0,False,-1
34,TRIPLE,1,1,1,False,-1
35,TRIPLE,1,1,1,False,-1
36,TRIPLE,1,1,1,False,-1
37,SINGLE,1,0,0,False,-1
38,TRIPLE,1,1,1,False,-1
39,TRIPLE,1,1,1,False,-1
40,DOUBLE,1,1,0,False,-1
41,TRIPLE,1,1,1,False,-1
42,TRIPLE,1,1,1,False,-1
43,TRIPLE,1,1,1,False,-1
44,TRIPLE,1,1,1,False,-1
45,TRIPLE,1,1,1,False,-1
46,TRIPLE,1,1,1,False,-1
47,TRIPLE,1,1,1,False,-1
48,TRIPLE,1,1,1,False,-1
49,TRIPLE,1,1,1,False,-1
50,DOUBLE,1,1,0,False,-1
51,TRIPLE,1,1,1,False,-1
52,DOUBLE,1,1,0,False,-1
53,SINGLE,1,0,0,False,-1
54,TRIPLE,1,1,1,False,-1
55,TRIPLE,1,1,1,False,-1
56,TRIPLE,1,1,1,False,-1
57,TRIPLE,1,1,1,False,-1
58,TRIPLE,1,1,1,False,-1
59,TRIPLE,1,1,1,False,-1
60,DOUBLE,1,1,0,False,-1
61,TRIPLE,1,1,1,False,-1
62,SINGLE,1,0,0,False,-1
63,TRIPLE,1,1,1,False,-1
64,TRIPLE,1,1,1,False,-1
65,TRIPLE,1,1,1,False,-1
66,TRIPLE,1,1,1,False,-1
67,DOUBLE,1,1,0,False,-1
68,TRIPLE,1,1,1,False,-1
69,SINGLE,1,0,0,False,-1
70,DOUBLE,1,1,0,False,-1
71,TRIPLE,1,1,1,False,-1
72,DOUBLE,1,1,0,False,-1
73,DOUBLE,1,1,0,False,-1
74,TRIPLE,1,1,1,False,-1
75,TRIPLE,1,1,1,False,-1
76,SINGLE,1,0,0,False,-1
77,DOUBLE,1,1,0,False,-1
78,DOUBLE,1,1,0,False,-1
79,SINGLE,1,0,0,False,-1
80,SINGLE,1,0,0,False,-1
81,TRIPLE,1,1,1,False,-1
82,TRIPLE,1,1,1,False,-1
83,TRIPLE,1,1,1,False,-1
84,DOUBLE,1,1,0,False,-1
85,TRIPLE,1,1,1,False,-1
86,TRIPLE,1,1,1,False,-1
87,TRIPLE,1,1,1,False,-1
88,TRIPLE,1,1,1,False,-1
89,TRIPLE,1,1,1,False,-1
90,TRIPLE,1,1,1,False,-1
91,TRIPLE,1,1,1,False,-1
92,DOUBLE,1,1,0,False,-1
93,TRIPLE,1,1,1,False,-1
94,SINGLE,1,0,0,False,-1
95,DOUBLE,1,1,0,False,-1
96,TRIPLE,1,1,1,False,-1
97,DOUBLE,1,1,0,False,-1
98,TRIPLE,1,1,1,False,-1
99,TRIPLE,1,1,1,False,-1
100,TRIPLE,1,1,1,False,-1
101,DOUBLE,1,1,0,False,-1
102,SINGLE,1,0,0,False,-1
103,TRIPLE,1,1,1,False,-1
104,SINGLE,1,0,0,False,-1
105,SINGLE,1,0,0,False,-1
106,SINGLE,1,0,0,False,-1
107,TRIPLE,1,1,1,False,-1
108,TRIPLE,1,1,1,False,-1
109,TRIPLE,1,1,1,False,-1
110,DOUBLE,1,1,0,False,-1
111,TRIPLE,1,1,1,False,-1
112,DOUBLE,1,1,0,False,-1
113,TRIPLE,1,1,1,False,-1
114,TRIPLE,1,1,1,False,-1
115,TRIPLE,1,1,1,False,-1
116,SINGLE,1,0,0,False,-1
117,TRIPLE,1,1,1,False,-1
118,TRIPLE,1,1,1,False,-1
119,TRIPLE,1,1,1,False,-1
120,TRIPLE,1,1,1,False,-1
121,TRIPLE,1,1,1,False,-1
122,DOUBLE,1,1,0,False,-1
123,TRIPLE,1,1,1,False,-1
124,DOUBLE,1,1,0,False,-1
125,TRIPLE,1,1,1,False,-1
126,TRIPLE,1,1,1,False,-1
127,TRIPLE,1,1,1,False,-1
128,DOUBLE,1,1,0,False,-1
129,DOUBLE,1,1,0,False,-1
130,TRIPLE,1,1,1,False,-1
131,DOUBLE,1,1,0,False,-1
132,DOUBLE,1,1,0,False,-1
133,DOUBLE,1,1,0,False,-1
134,SINGLE,1,0,0,False,-1
135,TRIPLE,1,1,1,False,-1
136,SINGLE,1,0,0,False,-1
137,DOUBLE,1,1,0,False,-1
138,TRIPLE,1,1,1,False,-1
139,DOUBLE,1,1,0,False,-1
140,DOUBLE,1,1,0,False,-1
141,TRIPLE,1,1,1,False,-1
142,TRIPLE,1,1,1,False,-1
143,DOUBLE,1,1,0,False,-1
144,DOUBLE,1,1,0,False,-1
145,TRIPLE,1,1,1,False,-1
146,DOUBLE,1,1,0,False,-1
147,TRIPLE,1,1,1,False,-1
148,DOUBLE,1,1,0,False,-1
149,TRIPLE,1,1,1,False,-1
150,TRIPLE,1,1,1,False,-1
151,TRIPLE,1,1,1,False,-1
152,DOUBLE,1,1,0,False,-1
153,TRIPLE,1,1,1,False,-1
154,DOUBLE,1,1,0,False,-1
155,TRIPLE,1,1,1,False,-1
156,TRIPLE,1,1,1,False,-1
157,TRIPLE,1,1,1,False,-1
158,TRIPLE,1,1,1,False,-1
159,DOUBLE,1,1,0,False,-1
160,TRIPLE,1,1,1,False,-1
161,TRIPLE,1,1,1,False,-1
162,DOUBLE,1,1,0,False,-1
163,TRIPLE,1,1,1,False,-1
164,TRIPLE,1,1,1,False,-1
165,TRIPLE,1,1,1,False,-1
166,DOUBLE,1,1,0,False,-1
167,DOUBLE,1,1,0,False,-1
168,TRIPLE,1,1,1,False,-1
169,TRIPLE,1,1,1,False,-1
170,SINGLE,1,0,0,False,-1
171,TRIPLE,1,1,1,False,-1
172,TRIPLE,1,1,1,False,-1
173,SINGLE,1,0,0,False,-1
174,TRIPLE,1,1,1,False,-1
175,TRIPLE,1,1,1,False,-1
176,TRIPLE,1,1,1,False,-1
177,TRIPLE,1,1,1,False,-1
178,TRIPLE,1,1,1,False,-1
179,TRIPLE,1,1,1,False,-1
180,DOUBLE,1,1,0,False,-1
181,TRIPLE,1,1,1,False,-1
182,SINGLE,1,0,0,False,-1
183,TRIPLE,1,1,1,False,-1
184,TRIPLE,1,1,1,False,-1
185,TRIPLE,1,1,1,False,-1
186,TRIPLE,1,1,1,False,-1
187,SINGLE,1,0,0,False,-1
188,TRIPLE,1,1,1,False,-1
189,TRIPLE,1,1,1,False,-1
190,DOUBLE,1,1,0,False,-1
191,TRIPLE,1,1,1,False,-1
192,TRIPLE,1,1,1,False,-1
193,DOUBLE,1,1,0,False,-1
194,TRIPLE,1,1,1,False,-1
195,TRIPLE,1,1,1,False,-1
196,DOUBLE,1,1,0,False,-1
197,DOUBLE,1,1,0,False,-1
198,DOUBLE,1,1,0,False,-1
199,TRIPLE,1,1,1,False,-1
200,TRIPLE,1,1,1,False,-1
201,SINGLE,1,0,0,False,-1
202,TRIPLE,1,1,1,False,-1
203,TRIPLE,1,1,1,False,-1
204,SINGLE,1,0,0,False,-1
205,TRIPLE,1,1,1,False,-1
206,DOUBLE,1,1,0,False,-1
207,TRIPLE,1,1,1,False,-1
208,TRIPLE,1,1,1,False,-1
209,TRIPLE,1,1,1,False,-1
210,TRIPLE,1,1,1,False,-1
211,TRIPLE,1,1,1,False,-1
212,TRIPLE,1,1,1,False,-1
213,TRIPLE,1,1,1,False,-1
214,DOUBLE,1,1,0,False,-1
215,TRIPLE,1,1,1,False,-1
216,TRIPLE,1,1,1,False,-1
217,DOUBLE,1,1,0,False,-1
218,TRIPLE,1,1,1,False,-1
219,TRIPLE,1,1,1,False,-1
220,TRIPLE,1,1,1,False,-1
221,DOUBLE,1,1,0,False,-1
222,TRIPLE,1,1,1,False,-1
223,TRIPLE,1,1,1,False,-1
224,TRIPLE,1,1,1,False,-1
225,SINGLE,1,0,0,False,-1
226,TRIPLE,1,1,1,False,-1
227,DOUBLE,1,1,0,False,-1
228,DOUBLE,1,1,0,False,-1
229,SINGLE,1,0,0,False,-1
230,SINGLE,1,0,0,False,-1
231,TRIPLE,1,1,1,False,-1
232,SINGLE,1,0,0,False,-1
233,SINGLE,1,0,0,False,-1
234,TRIPLE,1,1,1,False,-1
235,SINGLE,1,0,0,False,-1
236,TRIPLE,1,1,1,False,-1
237,SINGLE,1,0,0,False,-1
238,DOUBLE,1,1,0,False,-1
239,TRIPLE,1,1,1,False,-1
240,TRIPLE,1,1,1,False,-1
241,DOUBLE,1,1,0,False,-1
242,TRIPLE,1,1,1,False,-1
243,TRIPLE,1,1,1,False,-1
244,TRIPLE,1,1,1,False,-1
245,TRIPLE,1,1,1,False,-1
246,TRIPLE,1,1,1,False,-1
247,TRIPLE,1,1,1,False,-1
248,TRIPLE,1,1,1,False,-1
249,TRIPLE,1,1,1,False,-1
250,SINGLE,1,0,0,False,-1
251,TRIPLE,1,1,1,False,-1
252,TRIPLE,1,1,1,False,-1
253,DOUBLE,1,1,0,False,-1
254,TRIPLE,1,1,1,False,-1
255,TRIPLE,1,1,1,False,-1
256,TRIPLE,1,1,1,False,-1
257,DOUBLE,1,1,0,False,-1
258,TRIPLE,1,1,1,False,-1
259,TRIPLE,1,1,1,False,-1
260,TRIPLE,1,1,1,False,-1
261,DOUBLE,1,1,0,False,-1
262,DOUBLE,1,1,0,False,-1
263,SINGLE,1,0,0,False,-1
264,DOUBLE,1,1,0,False,-1
265,TRIPLE,1,1,1,False,-1
266,TRIPLE,1,1,1,False,-1
267,DOUBLE,1,1,0,False,-1
268,TRIPLE,1,1,1,False,-1
269,DOUBLE,1,1,0,False,-1
270,DOUBLE,1,1,0,False,-1
271,TRIPLE,1,1,1,False,-1
272,DOUBLE,1,1,0,False,-1
273,TRIPLE,1,1,1,False,-1
274,TRIPLE,1,1,1,False,-1
275,TRIPLE,1,1,1,False,-1
276,TRIPLE,1,1,1,False,-1
277,DOUBLE,1,1,0,False,-1
278,DOUBLE,1,1,0,False,-1
279,TRIPLE,1,1,1,False,-1
280,DOUBLE,1,1,0,False,-1
281,TRIPLE,1,1,1,False,-1
282,TRIPLE,1,1,1,False,-1
283,DOUBLE,1,1,0,False,-1
284,TRIPLE,1,1,1,False,-1
285,TRIPLE,1,1,1,False,-1
286,DOUBLE,1,1,0,False,-1
287,DOUBLE,1,1,0,False,-1
288,TRIPLE,1,1,1,False,-1
289,DOUBLE,1,1,0,False,-1
290,DOUBLE,1,1,0,False,-1
291,DOUBLE,1,1,0,False,-1
292,TRIPLE,1,1,1,False,-1
293,DOUBLE,1,1,0,False,-1
294,DOUBLE,1,1,0,False,-1
295,SINGLE,1,0,0,False,-1
296,TRIPLE,1,1,1,False,-1
297,SINGLE,1,0,0,False,-1
298,TRIPLE,1,1,1,False,-1
299,TRIPLE,1,1,1,False,-1
300,TRIPLE,1,1,1,False,-1
301,DOUBLE,1,1,0,False,-1
302,TRIPLE,1,1,1,False,-1
303,SINGLE,1,0,0,False,-1
304,TRIPLE,1,1,1,False,-1
305,DOUBLE,1,1,0,False,-1
306,DOUBLE,1,1,0,False,-1
307,TRIPLE,1,1,1,False,-1
308,SINGLE,1,0,0,False,-1
309,DOUBLE,1,1,0,False,-1
310,TRIPLE,1,1,1,False,-1
311,TRIPLE,1,1,1,False,-1
312,TRIPLE,1,1,1,False,-1
313,TRIPLE,1,1,1,False,-1
314,DOUBLE,1,1,0,False,-1
315,TRIPLE,1,1,1,False,-1
316,DOUBLE,1,1,0,False,-1
317,TRIPLE,1,1,1,False,-1
318,TRIPLE,1,1,1,False,-1
319,DOUBLE,1,1,0,False,-1
320,DOUBLE,1,1,0,False,-1
321,SINGLE,1,0,0,False,-1
322,SINGLE,1,0,0,False,-1
323,DOUBLE,1,1,0,False,-1
324,TRIPLE,1,1,1,False,-1
325,TRIPLE,1,1,1,False,-1
326,TRIPLE,1,1,1,False,-1
327,TRIPLE,1,1,1,False,-1
328,TRIPLE,1,1,1,False,-1
329,TRIPLE,1,1,1,False,-1
330,TRIPLE,1,1,1,False,-1
331,DOUBLE,1,1,0,False,-1
332,TRIPLE,1,1,1,False,-1
333,DOUBLE,1,1,0,False,-1
334,TRIPLE,1,1,1,False,-1
335,DOUBLE,1,1,0,False,-1
336,TRIPLE,1,1,1,False,-1
337,TRIPLE,1,1,1,False,-1
338,TRIPLE,1,1,1,False,-1
339,SINGLE,1,0,0,False,-1
340,SINGLE,1,0,0,False,-1
341,TRIPLE,1,1,1,False,-1
342,DOUBLE,1,1,0,False,-1
343,TRIPLE,1,1,1,False,-1
344,TRIPLE,1,1,1,False,-1
345,DOUBLE,1,1,0,False,-1
346,TRIPLE,1,1,1,False,-1
347,TRIPLE,1,1,1,False,-1
348,TRIPLE,1,1,1,False,-1
349,TRIPLE,1,1,1,False,-1
350,SINGLE,1,0,0,False,-1
351,SINGLE,1,0,0,False,-1
352,TRIPLE,1,1,1,False,-1
353,DOUBLE,1,1,0,False,-1
354,DOUBLE,1,1,0,False,-1
355,TRIPLE,1,1,1,False,-1
356,TRIPLE,1,1,1,False,-1
357,DOUBLE,1,1,0,False,-1
358,DOUBLE,1,1,0,False,-1
359,TRIPLE,1,1,1,False,-1
360,TRIPLE,1,1,1,False,-1
361,TRIPLE,1,1,1,False,-1
362,TRIPLE,1,1,1,False,-1
363,TRIPLE,1,1,1,False,-1
364,TRIPLE,1,1,1,False,-1
365,TRIPLE,1,1,1,False,-1
366,DOUBLE,1,1,0,False,-1
367,TRIPLE,1,1,1,False,-1
368,TRIPLE,1,1,1,False,-1
369,TRIPLE,1,1,1,False,-1
370,TRIPLE,1,1,1,False,-1
371,TRIPLE,1,1,1,False,-1
372,TRIPLE,1,1,1,False,-1
373,DOUBLE,1,1,0,False,-1
374,TRIPLE,1,1,1,False,-1
375,SINGLE,1,0,0,False,-1
376,TRIPLE,1,1,1,False,-1
377,DOUBLE,1,1,0,False,-1
378,TRIPLE,1,1,1,False,-1
379,DOUBLE,1,1,0,False,-1
380,SINGLE,1,0,0,False,-1
381,TRIPLE,1,1,1,False,-1
382,TRIPLE,1,1,1,False,-1
383,DOUBLE,1,1,0,False,-1
384,DOUBLE,1,1,0,False,-1
385,TRIPLE,1,1,1,False,-1
386,TRIPLE,1,1,1,False,-1
387,TRIPLE,1,1,1,False,-1
388,TRIPLE,1,1,1,False,-1
389,TRIPLE,1,1,1,False,-1
390,TRIPLE,1,1,1,False,-1
391,TRIPLE,1,1,1,False,-1
392,SINGLE,1,0,0,False,-1
393,TRIPLE,1,1,1,False,-1
394,TRIPLE,1,1,1,False,-1
395,TRIPLE,1,1,1,False,-1
396,TRIPLE,1,1,1,False,-1
397,TRIPLE,1,1,1,False,-1
398,DOUBLE,1,1,0,False,-1
399,TRIPLE,1,1,1,False,-1
400,DOUBLE,1,1,0,False,-1
401,TRIPLE,1,1,1,False,-1
402,DOUBLE,1,1,0,False,-1
403,DOUBLE,1,1,0,False,-1
404,TRIPLE,1,1,1,False,-1
405,DOUBLE,1,1,0,False,-1
406,SINGLE,1,0,0,False,-1
407,SINGLE,1,0,0,False,-1
408,TRIPLE,1,1,1,False,-1
409,DOUBLE,1,1,0,False,-1
410,TRIPLE,1,1,1,False,-1
411,SINGLE,1,0,0,False,-1
412,TRIPLE,1,1,1,False,-1
413,DOUBLE,1,1,0,False,-1
414,DOUBLE,1,1,0,False,-1
415,SINGLE,1,0,0,False,-1
416,TRIPLE,1,1,1,False,-1
417,TRIPLE,1,1,1,False,-1
418,TRIPLE,1,1,1,False,-1
419,DOUBLE,1,1,0,False,-1
420,SINGLE,1,0,0,False,-1
421,TRIPLE,1,1,1,False,-1
422,SINGLE,1,0,0,False,-1
423,TRIPLE,1,1,1,False,-1
424,DOUBLE,1,1,0,False,-1
425,TRIPLE,1,1,1,False,-1
426,SINGLE,1,0,0,False,-1
427,TRIPLE,1,1,1,False,-1
428,TRIPLE,1,1,1,False,-1
429,SINGLE,1,0,0,False,-1
430,TRIPLE,1,1,1,False,-1
431,TRIPLE,1,1,1,False,-1
432,TRIPLE,1,1,1,False,-1
433,TRIPLE,1,1,1,False,-1
434,TRIPLE,1,1,1,False,-1
435,DOUBLE,1,1,0,False,-1
436,DOUBLE,1,1,0,False,-1
437,TRIPLE,1,1,1,False,-1
438,DOUBLE,1,1,0,False,-1
439,DOUBLE,1,1,0,False,-1
440,TRIPLE,1,1,1,False,-1
441,TRIPLE,1,1,1,False,-1
442,TRIPLE,1,1,1,False,-1
443,DOUBLE,1,1,0,False,-1
444,TRIPLE,1,1,1,False,-1
445,SINGLE,1,0,0,False,-1
446,TRIPLE,1,1,1,False,-1
447,DOUBLE,1,1,0,False,-1
448,TRIPLE,1,1,1,False,-1
449,TRIPLE,1,1,1,False,-1
450,TRIPLE,1,1,1,False,-1
451,TRIPLE,1,1,1,False,-1
452,TRIPLE,1,1,1,False,-1
453,DOUBLE,1,1,0,False,-1
454,TRIPLE,1,1,1,False,-1
455,SINGLE,1,0,0,False,-1
456,DOUBLE,1,1,0,False,-1
457,TRIPLE,1,1,1,False,-1
458,TRIPLE,1,1,1,False,-1
459,TRIPLE,1,1,1,False,-1
460,TRIPLE,1,1,1,False,-1
461,DOUBLE,1,1,0,False,-1
462,SINGLE,1,0,0,False,-1
463,TRIPLE,1,1,1,False,-1
464,SINGLE,1,0,0,False,-1
465,TRIPLE,1,1,1,False,-1
466,TRIPLE,1,1,1,False,-1
467,TRIPLE,1,1,1,False,-1
468,TRIPLE,1,1,1,False,-1
469,DOUBLE,1,1,0,False,-1
470,TRIPLE,1,1,1,False,-1
471,SINGLE,1,0,0,False,-1
472,DOUBLE,1,1,0,False,-1
473,TRIPLE,1,1,1,False,-1
474,TRIPLE,1,1,1,False,-1
475,TRIPLE,1,1,1,False,-1
476,TRIPLE,1,1,1,False,-1
477,TRIPLE,1,1,1,False,-1
478,TRIPLE,1,1,1,False,-1
479,TRIPLE,1,1,1,False,-1
480,TRIPLE,1,1,1,False,-1
481,TRIPLE,1,1,1,False,-1
482,TRIPLE,1,1,1,False,-1
483,DOUBLE,1,1,0,False,-1
484,TRIPLE,1,1,1,False,-1
485,DOUBLE,1,1,0,False,-1
486,DOUBLE,1,1,0,False,-1
487,TRIPLE,1,1,1,False,-1
488,TRIPLE,1,1,1,False,-1
489,TRIPLE,1,1,1,False,-1
490,DOUBLE,1,1,0,False,-1
491,TRIPLE,1,1,1,False,-1
492,TRIPLE,1,1,1,False,-1
493,DOUBLE,1,1,0,False,-1
494,TRIPLE,1,1,1,False,-1
495,SINGLE,1,0,0,False,-1
496,TRIPLE,1,1,1,False,-1
497,DOUBLE,1,1,0,False,-1
498,SINGLE,1,0,0,False,-1
499,DOUBLE,1,1,0,False,-1
500,TRIPLE,1,1,1,False,-1
501,TRIPLE,1,1,1,False,-1
502,TRIPLE,1,1,1,False,-1
503,SINGLE,1,0,0,False,-1
504,SINGLE,1,0,0,False,-1
505,SINGLE,1,0,0,False,-1
506,TRIPLE,1,1,1,False,-1
507,TRIPLE,1,1,1,False,-1
508,TRIPLE,1,1,1,False,-1
509,TRIPLE,1,1,1,False,-1
510,TRIPLE,1,1,1,False,-1
511,TRIPLE,1,1,1,False,-1
512,SINGLE,1,0,0,False,-1
513,TRIPLE,1,1,1,False,-1
514,TRIPLE,1,1,1,False,-1
515,TRIPLE,1,1,1,False,-1
516,TRIPLE,1,1,1,False,-1
517,SINGLE,1,0,0,False,-1
518,TRIPLE,1,1,1,False,-1
519,DOUBLE,1,1,0,False,-1
520,TRIPLE,1,1,1,False,-1
521,TRIPLE,1,1,1,False,-1
522,SINGLE,1,0,0,False,-1
523,SINGLE,1,0,0,False,-1
524,DOUBLE,1,1,0,False,-1
525,TRIPLE,1,1,1,False,-1
526,DOUBLE,1,1,0,False,-1
527,TRIPLE,1,1,1,False,-1
528,TRIPLE,1,1,1,False,-1
529,TRIPLE,1,1,1,False,-1
530,TRIPLE,1,1,1,False,-1
531,DOUBLE,1,1,0,False,-1
532,TRIPLE,1,1,1,False,-1
533,TRIPLE,1,1,1,False,-1
534,TRIPLE,1,1,1,False,-1
535,TRIPLE,1,1,1,False,-1
536,DOUBLE,1,1,0,False,-1
537,DOUBLE,1,1,0,False,-1
538,DOUBLE,1,1,0,False,-1
539,SINGLE,1,0,0,False,-1
540,TRIPLE,1,1,1,False,-1
541,TRIPLE,1,1,1,False,-1
542,TRIPLE,1,1,1,False,-1
543,SINGLE,1,0,0,False,-1
544,TRIPLE,1,1,1,False,-1
545,TRIPLE,1,1,1,False,-1
546,TRIPLE,1,1,1,False,-1
547,TRIPLE,1,1,1,False,-1
548,TRIPLE,1,1,1,False,-1
549,TRIPLE,1,1,1,False,-1
550,TRIPLE,1,1,1,False,-1
551,DOUBLE,1,1,0,False,-1
552,DOUBLE,1,1,0,False,-1
553,DOUBLE,1,1,0,False,-1
554,TRIPLE,1,1,1,False,-1
555,TRIPLE,1,1,1,False,-1
556,TRIPLE,1,1,1,False,-1
557,TRIPLE,1,1,1,False,-1
558,SINGLE,1,0,0,False,-1
559,DOUBLE,1,1,0,False,-1
560,SINGLE,1,0,0,False,-1
561,DOUBLE,1,1,0,False,-1
562,TRIPLE,1,1,1,False,-1
563,DOUBLE,1,1,0,False,-1
564,DOUBLE,1,1,0,False,-1
565,TRIPLE,1,1,1,False,-1
566,TRIPLE,1,1,1,False,-1
567,TRIPLE,1,1,1,False,-1
568,TRIPLE,1,1,1,False,-1
569,TRIPLE,1,1,1,False,-1
570,TRIPLE,1,1,1,False,-1
571,TRIPLE,1,1,1,False,-1
572,TRIPLE,1,1,1,False,-1
573,SINGLE,1,0,0,False,-1
574,DOUBLE,1,1,0,False,-1
575,TRIPLE,1,1,1,False,-1
576,SINGLE,1,0,0,False,-1
577,SINGLE,1,0,0,False,-1
578,TRIPLE,1,1,1,False,-1
579,TRIPLE,1,1,1,False,-1
580,SINGLE,1,0,0,False,-1
581,SINGLE,1,0,0,False,-1
582,TRIPLE,1,1,1,False,-1
583,DOUBLE,1,1,0,False,-1
584,SINGLE,1,0,0,False,-1
585,SINGLE,1,0,0,False,-1
586,DOUBLE,1,1,0,False,-1
587,TRIPLE,1,1,1,False,-1
588,TRIPLE,1,1,1,False,-1
589,TRIPLE,1,1,1,False,-1
590,TRIPLE,1,1,1,False,-1
591,TRIPLE,1,1,1,False,-1
592,SINGLE,1,0,0,False,-1
593,TRIPLE,1,1,1,False,-1
594,DOUBLE,1,1,0,False,-1
595,TRIPLE,1,1,1,False,-1
596,TRIPLE,1,1,1,False,-1
597,TRIPLE,1,1,1,False,-1
598,DOUBLE,1,1,0,False,-1
599,TRIPLE,1,1,1,False,-1
600,TRIPLE,1,1,1,False,-1
601,SINGLE,1,0,0,False,-1
602,DOUBLE,1,1,0,False,-1
603,TRIPLE,1,1,1,False,-1
604,TRIPLE,1,1,1,False,-1
605,TRIPLE,1,1,1,False,-1
606,TRIPLE,1,1,1,False,-1
607,SINGLE,1,0,0,False,-1
608,SINGLE,1,0,0,False,-1
609,TRIPLE,1,1,1,False,-1
610,DOUBLE,1,1,0,False,-1
611,TRIPLE,1,1,1,False,-1
612,TRIPLE,1,1,1,False,-1
613,TRIPLE,1,1,1,False,-1
614,DOUBLE,1,1,0,False,-1
615,TRIPLE,1,1,1,False,-1
616,TRIPLE,1,1,1,False,-1
617,TRIPLE,1,1,1,False,-1
618,TRIPLE,1,1,1,False,-1
619,DOUBLE,1,1,0,False,-1
620,DOUBLE,1,1,0,False,-1
621,DOUBLE,1,1,0,False,-1
622,TRIPLE,1,1,1,False,-1
623,DOUBLE,1,1,0,False,-1
624,TRIPLE,1,1,1,False,-1
625,TRIPLE,1,1,1,False,-1
626,TRIPLE,1,1,1,False,-1
627,TRIPLE,1,1,1,False,-1
628,TRIPLE,1,1,1,False,-1
629,DOUBLE,1,1,0,False,-1
630,TRIPLE,1,1,1,False,-1
631,TRIPLE,1,1,1,False,-1
632,TRIPLE,1,1,1,False,-1
633,SINGLE,1,0,0,False,-1
634,DOUBLE,1,1,0,False,-1
635,TRIPLE,1,1,1,False,-1
636,TRIPLE,1,1,1,False,-1
637,TRIPLE,1,1,1,False,-1
638,DOUBLE,1,1,0,False,-1
639,DOUBLE,1,1,0,False,-1
640,TRIPLE,1,1,1,False,-1
641,TRIPLE,1,1,1,False,-1
642,DOUBLE,1,1,0,False,-1
643,DOUBLE,1,1,0,False,-1
644,DOUBLE,1,1,0,False,-1
645,DOUBLE,1,1,0,False,-1
646,SINGLE,1,0,0,False,-1
647,TRIPLE,1,1,1,False,-1
648,TRIPLE,1,1,1,False,-1
649,TRIPLE,1,1,1,False,-1
650,TRIPLE,1,1,1,False,-1
651,DOUBLE,1,1,0,False,-1
652,SINGLE,1,0,0,False,-1
653,TRIPLE,1,1,1,False,-1
654,SINGLE,1,0,0,False,-1
655,SINGLE,1,0,0,False,-1
656,SINGLE,1,0,0,False,-1
657,TRIPLE,1,1,1,False,-1
658,DOUBLE,1,1,0,False,-1
659,TRIPLE,1,1,1,False,-1
660,SINGLE,1,0,0,False,-1
661,DOUBLE,1,1,0,False,-1
662,TRIPLE,1,1,1,False,-1
663,SINGLE,1,0,0,False,-1
664,TRIPLE,1,1,1,False,-1
665,TRIPLE,1,1,1,False,-1
666,DOUBLE,1,1,0,False,-1
667,TRIPLE,1,1,1,False,-1
668,DOUBLE,1,1,0,False,-1
669,TRIPLE,1,1,1,False,-1
670,TRIPLE,1,1,1,False,-1
671,TRIPLE,1,1,1,False,-1
672,TRIPLE,1,1,1,False,-1
673,TRIPLE,1,1,1,False,-1
674,DOUBLE,1,1,0,False,-1
675,TRIPLE,1,1,1,False,-1
676,TRIPLE,1,1,1,False,-1
677,TRIPLE,1,1,1,False,-1
678,DOUBLE,1,1,0,False,-1
679,TRIPLE,1,1,1,False,-1
680,DOUBLE,1,1,0,False,-1
681,TRIPLE,1,1,1,False,-1
682,DOUBLE,1,1,0,False,-1
683,TRIPLE,1,1,1,False,-1
684,SINGLE,1,0,0,False,-1
685,DOUBLE,1,1,0,False,-1
686,DOUBLE,1,1,0,False,-1
687,SINGLE,1,0,0,False,-1
688,DOUBLE,1,1,0,False,-1
689,TRIPLE,1,1,1,False,-1
690,TRIPLE,1,1,1,False,-1
691,DOUBLE,1,1,0,False,-1
692,TRIPLE,1,1,1,False,-1
693,TRIPLE,1,1,1,False,-1
694,TRIPLE,1,1,1,False,-1
695,TRIPLE,1,1,1,False,-1
696,TRIPLE,1,1,1,False,-1
697,SINGLE,1,0,0,False,-1
698,SINGLE,1,0,0,False,-1
699,TRIPLE,1,1,1,False,-1
700,DOUBLE,1,1,0,False,-1
701,SINGLE,1,0,0,False,-1
702,TRIPLE,1,1,1,False,-1
703,TRIPLE,1,1,1,False,-1
704,TRIPLE,1,1,1,False,-1
705,DOUBLE,1,1,0,False,-1
706,DOUBLE,1,1,0,False,-1
707,DOUBLE,1,1,0,False,-1
708,DOUBLE,1,1,0,False,-1
709,SINGLE,1,0,0,False,-1
710,SINGLE,1,0,0,False,-1
711,TRIPLE,1,1,1,False,-1
712,TRIPLE,1,1,1,False,-1
713,TRIPLE,1,1,1,False,-1
714,TRIPLE,1,1,1,False,-1
715,TRIPLE,1,1,1,False,-1
716,TRIPLE,1,1,1,False,-1
717,TRIPLE,1,1,1,False,-1
718,DOUBLE,1,1,0,False,-1
719,DOUBLE,1,1,0,False,-1
720,DOUBLE,1,1,0,False,-1
721,TRIPLE,1,1,1,False,-1
722,TRIPLE,1,1,1,False,-1
723,SINGLE,1,0,0,False,-1
724,TRIPLE,1,1,1,False,-1
725,DOUBLE,1,1,0,False,-1
726,DOUBLE,1,1,0,False,-1
727,SINGLE,1,0,0,False,-1
728,DOUBLE,1,1,0,False,-1
729,TRIPLE,1,1,1,False,-1
730,TRIPLE,1,1,1,False,-1
731,DOUBLE,1,1,0,False,-1
732,TRIPLE,1,1,1,False,-1
733,TRIPLE,1,1,1,False,-1
734,DOUBLE,1,1,0,False,-1
735,TRIPLE,1,1,1,False,-1
736,TRIPLE,1,1,1,False,-1
737,TRIPLE,1,1,1,False,-1
738,SINGLE,1,0,0,False,-1
739,DOUBLE,1,1,0,False,-1
740,TRIPLE,1,1,1,False,-1
741,TRIPLE,1,1,1,False,-1
742,TRIPLE,1,1,1,False,-1
743,TRIPLE,1,1,1,False,-1
744,TRIPLE,1,1,1,False,-1
745,DOUBLE,1,1,0,False,-1
746,TRIPLE,1,1,1,False,-1
747,TRIPLE,1,1,1,False,-1
748,DOUBLE,1,1,0,False,-1
749,DOUBLE,1,1,0,False,-1
750,DOUBLE,1,1,0,False,-1
751,TRIPLE,1,1,1,False,-1
752,TRIPLE,1,1,1,False,-1
753,DOUBLE,1,1,0,False,-1
754,SINGLE,1,0,0,False,-1
755,TRIPLE,1,1,1,False,-1
756,TRIPLE,1,1,1,False,-1
757,TRIPLE,1,1,1,False,-1
758,DOUBLE,1,1,0,False,-1
759,DOUBLE,1,1,0,False,-1
760,DOUBLE,1,1,0,False,-1
761,TRIPLE,1,1,1,False,-1
762,SINGLE,1,0,0,False,-1
763,SINGLE,1,0,0,False,-1
764,SINGLE,1,0,0,False,-1
765,DOUBLE,1,1,0,False,-1
766,TRIPLE,1,1,1,False,-1
767,DOUBLE,1,1,0,False,-1
768,TRIPLE,1,1,1,False,-1
769,DOUBLE,1,1,0,False,-1
770,TRIPLE,1,1,1,False,-1
771,DOUBLE,1,1,0,False,-1
772,TRIPLE,1,1,1,False,-1
773,DOUBLE,1,1,0,False,-1
774,SINGLE,1,0,0,False,-1
775,TRIPLE,1,1,1,False,-1
776,TRIPLE,1,1,1,False,-1
777,TRIPLE,1,1,1,False,-1
778,SINGLE,1,0,0,False,-1
779,DOUBLE,1,1,0,False,-1
780,TRIPLE,1,1,1,False,-1
781,TRIPLE,1,1,1,False,-1
782,DOUBLE,1,1,0,False,-1
783,SINGLE,1,0,0,False,-1
784,DOUBLE,1,1,0,False,-1
785,DOUBLE,1,1,0,False,-1
786,TRIPLE,1,1,1,False,-1
787,TRIPLE,1,1,1,False,-1
788,DOUBLE,1,1,0,False,-1
789,TRIPLE,1,1,1,False,-1
790,SINGLE,1,0,0,False,-1
791,TRIPLE,1,1,1,False,-1
792,TRIPLE,1,1,1,False,-1
793,TRIPLE,1,1,1,False,-1
794,DOUBLE,1,1,0,False,-1
795,TRIPLE,1,1,1,False,-1
796,DOUBLE,1,1,0,False,-1
797,DOUBLE,1,1,0,False,-1
798,TRIPLE,1,1,1,False,-1
799,DOUBLE,1,1,0,False,-1
800,TRIPLE,1,1,1,False,-1
801,DOUBLE,1,1,0,False,-1
802,SINGLE,1,0,0,False,-1
803,DOUBLE,1,1,0,False,-1
804,SINGLE,1,0,0,False,-1
805,TRIPLE,1,1,1,False,-1
806,TRIPLE,1,1,1,False,-1
807,TRIPLE,1,1,1,False,-1
808,DOUBLE,1,1,0,False,-1
809,DOUBLE,1,1,0,False,-1
810,SINGLE,1,0,0,False,-1
811,TRIPLE,1,1,1,False,-1
812,TRIPLE,1,1,1,False,-1
813,DOUBLE,1,1,0,False,-1
814,TRIPLE,1,1,1,False,-1
815,DOUBLE,1,1,0,False,-1
816,SINGLE,1,0,0,False,-1
817,TRIPLE,1,1,1,False,-1
818,DOUBLE,1,1,0,False,-1
819,TRIPLE,1,1,1,False,-1
820,SINGLE,1,0,0,False,-1
821,DOUBLE,1,1,0,False,-1
822,DOUBLE,1,1,0,False,-1
823,TRIPLE,1,1,1,False,-1
824,DOUBLE,1,1,0,False,-1
825,TRIPLE,1,1,1,False,-1
826,DOUBLE,1,1,0,False,-1
827,TRIPLE,1,1,1,False,-1
828,DOUBLE,1,1,0,False,-1
829,TRIPLE,1,1,1,False,-1
830,TRIPLE,1,1,1,False,-1
831,TRIPLE,1,1,1,False,-1
832,SINGLE,1,0,0,False,-1
833,TRIPLE,1,1,1,False,-1
834,SINGLE,1,0,0,False,-1
835,TRIPLE,1,1,1,False,-1
836,DOUBLE,1,1,0,False,-1
837,TRIPLE,1,1,1,False,-1
838,TRIPLE,1,1,1,False,-1
839,TRIPLE,1,1,1,False,-1
840,DOUBLE,1,1,0,False,-1
841,TRIPLE,1,1,1,False,-1
842,TRIPLE,1,1,1,False,-1
843,SINGLE,1,0,0,False,-1
844,TRIPLE,1,1,1,False,-1
845,TRIPLE,1,1,1,False,-1
846,DOUBLE,1,1,0,False,-1
847,TRIPLE,1,1,1,False,-1
848,SINGLE,1,0,0,False,-1
849,DOUBLE,1,1,0,False,-1
850,TRIPLE,1,1,1,False,-1
851,TRIPLE,1,1,1,False,-1
852,TRIPLE,1,1,1,False,-1
853,SINGLE,1,0,0,False,-1
854,TRIPLE,1,1,1,False,-1
855,TRIPLE,1,1,1,False,-1
856,TRIPLE,1,1,1,False,-1
857,SINGLE,1,0,0,False,-1
858,SINGLE,1,0,0,False,-1
859,TRIPLE,1,1,1,False,-1
860,TRIPLE,1,1,1,False,-1
861,DOUBLE,1,1,0,False,-1
862,DOUBLE,1,1,0,False,-1
863,TRIPLE,1,1,1,False,-1
864,TRIPLE,1,1,1,False,-1
865,DOUBLE,1,1,0,False,-1
866,TRIPLE,1,1,1,False,-1
867,SINGLE,1,0,0,False,-1
868,TRIPLE,1,1,1,False,-1
869,TRIPLE,1,1,1,False,-1
870,TRIPLE,1,1,1,False,-1
871,SINGLE,1,0,0,False,-1
872,TRIPLE,1,1,1,False,-1
873,DOUBLE,1,1,0,False,-1
874,TRIPLE,1,1,1,False,-1
875,TRIPLE,1,1,1,False,-1
876,DOUBLE,1,1,0,False,-1
877,TRIPLE,1,1,1,False,-1
878,DOUBLE,1,1,0,False,-1
879,TRIPLE,1,1,1,False,-1
880,SINGLE,1,0,0,False,-1
881,TRIPLE,1,1,1,False,-1
882,DOUBLE,1,1,0,False,-1
883,TRIPLE,1,1,1,False,-1
884,TRIPLE,1,1,1,False,-1
885,TRIPLE,1,1,1,False,-1
886,TRIPLE,1,1,1,False,-1
887,TRIPLE,1,1,1,False,-1
888,TRIPLE,1,1,1,False,-1
889,TRIPLE,1,1,1,False,-1
890,TRIPLE,1,1,1,False,-1
891,TRIPLE,1,1,1,False,-1
892,TRIPLE,1,1,1,False,-1
893,TRIPLE,1,1,1,False,-1
894,TRIPLE,1,1,1,False,-1
895,TRIPLE,1,1,1,False,-1
896,DOUBLE,1,1,0,False,-1
897,DOUBLE,1,1,0,False,-1
898,DOUBLE,1,1,0,False,-1
899,TRIPLE,1,1,1,False,-1
900,SINGLE,1,0,0,False,-1
901,TRIPLE,1,1,1,False,-1
902,SINGLE,1,0,0,False,-1
903,TRIPLE,1,1,1,False,-1
904,TRIPLE,1,1,1,False,-1
905,TRIPLE,1,1,1,False,-1
906,DOUBLE,1,1,0,False,-1
907,DOUBLE,1,1,0,False,-1
908,TRIPLE,1,1,1,False,-1
909,TRIPLE,1,1,1,False,-1
910,DOUBLE,1,1,0,False,-1
911,DOUBLE,1,1,0,False,-1
912,DOUBLE,1,1,0,False,-1
913,SINGLE,1,0,0,False,-1
914,TRIPLE,1,1,1,False,-1
915,TRIPLE,1,1,1,False,-1
916,DOUBLE,1,1,0,False,-1
917,DOUBLE,1,1,0,False,-1
918,TRIPLE,1,1,1,False,-1
919,DOUBLE,1,1,0,False,-1
920,TRIPLE,1,1,1,False,-1
921,TRIPLE,1,1,1,False,-1
922,TRIPLE,1,1,1,False,-1
923,DOUBLE,1,1,0,False,-1
924,DOUBLE,1,1,0,False,-1
925,DOUBLE,1,1,0,False,-1
926,DOUBLE,1,1,0,False,-1
927,TRIPLE,1,1,1,False,-1
928,TRIPLE,1,1,1,False,-1
929,TRIPLE,1,1,1,False,-1
930,DOUBLE,1,1,0,False,-1
931,SINGLE,1,0,0,False,-1
932,TRIPLE,1,1,1,False,-1
933,TRIPLE,1,1,1,False,-1
934,TRIPLE,1,1,1,False,-1
935,TRIPLE,1,1,1,False,-1
936,SINGLE,1,0,0,False,-1
937,TRIPLE,1,1,1,False,-1
938,TRIPLE,1,1,1,False,-1
939,TRIPLE,1,1,1,False,-1
940,TRIPLE,1,1,1,False,-1
941,SINGLE,1,0,0,False,-1
942,SINGLE,1,0,0,False,-1
943,TRIPLE,1,1,1,False,-1
944,TRIPLE,1,1,1,False,-1
945,TRIPLE,1,1,1,False,-1
946,SINGLE,1,0,0,False,-1
947,TRIPLE,1,1,1,False,-1
948,DOUBLE,1,1,0,False,-1
949,SINGLE,1,0,0,False,-1
950,TRIPLE,1,1,1,False,-1
951,DOUBLE,1,1,0,False,-1
952,DOUBLE,1,1,0,False,-1
953,TRIPLE,1,1,1,False,-1
954,TRIPLE,1,1,1,False,-1
955,TRIPLE,1,1,1,False,-1
956,TRIPLE,1,1,1,False,-1
957,TRIPLE,1,1,1,False,-1
958,TRIPLE,1,1,1,False,-1
959,TRIPLE,1,1,1,False,-1
960,TRIPLE,1,1,1,False,-1
961,TRIPLE,1,1,1,False,-1
962,TRIPLE,1,1,1,False,-1
963,DOUBLE,1,1,0,False,-1
964,SINGLE,1,0,0,False,-1
965,TRIPLE,1,1,1,False,-1
966,DOUBLE,1,1,0,False,-1
967,TRIPLE,1,1,1,False,-1
968,TRIPLE,1,1,1,False,-1
969,TRIPLE,1,1,1,False,-1
970,TRIPLE,1,1,1,False,-1
971,TRIPLE,1,1,1,False,-1
972,TRIPLE,1,1,1,False,-1
973,TRIPLE,1,1,1,False,-1
974,TRIPLE,1,1,1,False,-1
975,DOUBLE,1,1,0,False,-1
976,DOUBLE,1,1,0,False,-1
977,TRIPLE,1,1,1,False,-1
978,TRIPLE,1,1,1,False,-1
979,TRIPLE,1,1,1,False,-1
980,TRIPLE,1,1,1,False,-1
981,TRIPLE,1,1,1,False,-1
982,TRIPLE,1,1,1,False,-1
983,TRIPLE,1,1,1,False,-1
984,TRIPLE,1,1,1,False,-1
985,TRIPLE,1,1,1,False,-1
986,DOUBLE,1,1,0,False,-1
987,TRIPLE,1,1,1,False,-1
988,TRIPLE,1,1,1,False,-1
989,TRIPLE,1,1,1,False,-1
990,TRIPLE,1,1,1,False,-1
991,DOUBLE,1,1,0,False,-1
992,TRIPLE,1,1,1,False,-1
993,DOUBLE,1,1,0,False,-1
994,SINGLE,1,0,0,False,-1
995,TRIPLE,1,1,1,False,-1
996,TRIPLE,1,1,1,False,-1
997,SINGLE,1,0,0,False,-1
998,TRIPLE,1,1,1,False,-1
999,TRIPLE,1,1,1,False,-1
1000,TRIPLE,1,1,1,False,-1
1001,SINGLE,1,0,0,False,-1
1002,DOUBLE,1,1,0,False,-1
1003,TRIPLE,1,1,1,False,-1
1004,SINGLE,1,0,0,False,-1
1005,TRIPLE,1,1,1,False,-1
1006,TRIPLE,1,1,1,False,-1
1007,SINGLE,1,0,0,False,-1
1008,SINGLE,1,0,0,False,-1
1009,TRIPLE,1,1,1,False,-1
1010,DOUBLE,1,1,0,False,-1
1011,TRIPLE,1,1,1,False,-1
1012,TRIPLE,1,1,1,False,-1
1013,DOUBLE,1,1,0,False,-1
1014,TRIPLE,1,1,1,False,-1
1015,DOUBLE,1,1,0,False,-1
1016,DOUBLE,1,1,0,False,-1
1017,TRIPLE,1,1,1,False,-1
1018,TRIPLE,1,1,1,False,-1
1019,TRIPLE,1,1,1,False,-1
1020,SINGLE,1,0,0,False,-1
1021,TRIPLE,1,1,1,False,-1
1022,TRIPLE,1,1,1,False,-1
1023,DOUBLE,1,1,0,False,-1
1024,SINGLE,1,0,0,False,-1
1025,TRIPLE,1,1,1,False,-1
1026,TRIPLE,1,1,1,False,-1
1027,TRIPLE,1,1,1,False,-1
1028,TRIPLE,1,1,1,False,-1
1029,TRIPLE,1,1,1,False,-1
1030,TRIPLE,1,1,1,False,-1
1031,TRIPLE,1,1,1,False,-1
1032,TRIPLE,1,1,1,False,-1
1033,SINGLE,1,0,0,False,-1
1034,TRIPLE,1,1,1,False,-1
1035,TRIPLE,1,1,1,False,-1
1036,DOUBLE,1,1,0,False,-1
1037,DOUBLE,1,1,0,False,-1
1038,DOUBLE,1,1,0,False,-1
1039,TRIPLE,1,1,1,False,-1
1040,SINGLE,1,0,0,False,-1
1041,TRIPLE,1,1,1,False,-1
1042,TRIPLE,1,1,1,False,-1
1043,TRIPLE,1,1,1,False,-1
1044,TRIPLE,1,1,1,False,-1
1045,TRIPLE,1,1,1,False,-1
1046,TRIPLE,1,1,1,False,-1
1047,TRIPLE,1,1,1,False,-1
1048,TRIPLE,1,1,1,False,-1
1049,TRIPLE,1,1,1,False,-1
1050,TRIPLE,1,1,1,False,-1
1051,DOUBLE,1,1,0,False,-1
1052,SINGLE,1,0,0,False,-1
1053,SINGLE,1,0,0,False,-1
1054,SINGLE,1,0,0,False,-1
1055,DOUBLE,1,1,0,False,-1
1056,TRIPLE,1,1,1,False,-1
1057,DOUBLE,1,1,0,False,-1
1058,TRIPLE,1,1,1,False,-1
1059,TRIPLE,1,1,1,False,-1
1060,TRIPLE,1,1,1,False,-1
1061,DOUBLE,1,1,0,False,-1
1062,SINGLE,1,0,0,False,-1
1063,TRIPLE,1,1,1,False,-1
1064,TRIPLE,1,1,1,False,-1
1065,TRIPLE,1,1,1,False,-1
1066,TRIPLE,1,1,1,False,-1
1067,SINGLE,1,0,0,False,-1
1068,TRIPLE,1,1,1,False,-1
1069,TRIPLE,1,1,1,False,-1
1070,TRIPLE,1,1,1,False,-1
1071,TRIPLE,1,1,1,False,-1
1072,DOUBLE,1,1,0,False,-1
1073,TRIPLE,1,1,1,False,-1
1074,TRIPLE,1,1,1,False,-1
1075,TRIPLE,1,1,1,False,-1
1076,SINGLE,1,0,0,False,-1
1077,TRIPLE,1,1,1,False,-1
1078,TRIPLE,1,1,1,False,-1
1079,TRIPLE,1,1,1,False,-1
1080,SINGLE,1,0,0,False,-1
1081,SINGLE,1,0,0,False,-1
1082,TRIPLE,1,1,1,False,-1
1083,TRIPLE,1,1,1,False,-1
1084,DOUBLE,1,1,0,False,-1
1085,TRIPLE,1,1,1,False,-1
1086,TRIPLE,1,1,1,False,-1
1087,TRIPLE,1,1,1,False,-1
1088,SINGLE,1,0,0,False,-1
1089,SINGLE,1,0,0,False,-1
1090,SINGLE,1,0,0,False,-1
1091,TRIPLE,1,1,1,False,-1
1092,SINGLE,1,0,0,False,-1
1093,DOUBLE,1,1,0,False,-1
1094,TRIPLE,1,1,1,False,-1
1095,TRIPLE,1,1,1,False,-1
1096,TRIPLE,1,1,1,False,-1
1097,DOUBLE,1,1,0,False,-1
1098,DOUBLE,1,1,0,False,-1
1099,TRIPLE,1,1,1,False,-1
1100,TRIPLE,1,1,1,False,-1
1101,TRIPLE,1,1,1,False,-1
1102,TRIPLE,1,1,1,False,-1
1103,TRIPLE,1,1,1,False,-1
1104,TRIPLE,1,1,1,False,-1
1105,SINGLE,1,0,0,False,-1
1106,TRIPLE,1,1,1,False,-1
1107,TRIPLE,1,1,1,False,-1
1108,TRIPLE,1,1,1,False,-1
1109,DOUBLE,1,1,0,False,-1
1110,TRIPLE,1,1,1,False,-1
1111,DOUBLE,1,1,0,False,-1
1112,DOUBLE,1,1,0,False,-1
1113,TRIPLE,1,1,1,False,-1
1114,TRIPLE,1,1,1,False,-1
1115,TRIPLE,1,1,1,False,-1
1116,DOUBLE,1,1,0,False,-1
1117,DOUBLE,1,1,0,False,-1
1118,DOUBLE,1,1,0,False,-1
1119,TRIPLE,1,1,1,False,-1
1120,TRIPLE,1,1,1,False,-1
1121,TRIPLE,1,1,1,False,-1
1122,TRIPLE,1,1,1,False,-1
1123,TRIPLE,1,1,1,False,-1
1124,TRIPLE,1,1,1,False,-1
1125,SINGLE,1,0,0,False,-1
1126,TRIPLE,1,1,1,False,-1
1127,TRIPLE,1,1,1,False,-1
1128,SINGLE,1,0,0,False,-1
1129,DOUBLE,1,1,0,False,-1
1130,SINGLE,1,0,0,False,-1
1131,TRIPLE,1,1,1,False,-1
1132,TRIPLE,1,1,1,False,-1
1133,TRIPLE,1,1,1,False,-1
1134,SINGLE,1,0,0,False,-1
1135,TRIPLE,1,1,1,False,-1
1136,DOUBLE,1,1,0,False,-1
1137,TRIPLE,1,1,1,False,-1
1138,TRIPLE,1,1,1,False,-1
1139,TRIPLE,1,1,1,False,-1
1140,TRIPLE,1,1,1,False,-1
1141,DOUBLE,1,1,0,False,-1
1142,TRIPLE,1,1,1,False,-1
1143,TRIPLE,1,1,1,False,-1
1144,TRIPLE,1,1,1,False,-1
1145,DOUBLE,1,1,0,False,-1
1146,TRIPLE,1,1,1,False,-1
1147,TRIPLE,1,1,1,False,-1
1148,TRIPLE,1,1,1,False,-1
1149,TRIPLE,1,1,1,False,-1
1150,TRIPLE,1,1,1,False,-1
1151,SINGLE,1,0,0,False,-1
1152,TRIPLE,1,1,1,False,-1
1153,TRIPLE,1,1,1,False,-1
1154,TRIPLE,1,1,1,False,-1
1155,DOUBLE,1,1,0,False,-1
1156,TRIPLE,1,1,1,False,-1
1157,TRIPLE,1,1,1,False,-1
1158,TRIPLE,1,1,1,False,-1
1159,SINGLE,1,0,0,False,-1
1160,TRIPLE,1,1,1,False,-1
1161,DOUBLE,1,1,0,False,-1
1162,DOUBLE,1,1,0,False,-1
1163,TRIPLE,1,1,1,False,-1
1164,TRIPLE,1,1,1,False,-1
1165,DOUBLE,1,1,0,False,-1
1166,DOUBLE,1,1,0,False,-1
1167,TRIPLE,1,1,1,False,-1
1168,TRIPLE,1,1,1,False,-1
1169,TRIPLE,1,1,1,False,-1
1170,TRIPLE,1,1,1,False,-1
1171,DOUBLE,1,1,0,False,-1
1172,TRIPLE,1,1,1,False,-1
1173,TRIPLE,1,1,1,False,-1
1174,TRIPLE,1,1,1,False,-1
1175,SINGLE,1,0,0,False,-1
1176,TRIPLE,1,1,1,False,-1
1177,SINGLE,1,0,0,False,-1
1178,TRIPLE,1,1,1,False,-1
1179,TRIPLE,1,1,1,False,-1
1180,TRIPLE,1,1,1,False,-1
1181,TRIPLE,1,1,1,False,-1
1182,TRIPLE,1,1,1,False,-1
1183,TRIPLE,1,1,1,False,-1
1184,TRIPLE,1,1,1,False,-1
1185,TRIPLE,1,1,1,False,-1
1186,DOUBLE,1,1,0,False,-1
1187,TRIPLE,1,1,1,False,-1
1188,TRIPLE,1,1,1,False,-1
1189,TRIPLE,1,1,1,False,-1
1190,TRIPLE,1,1,1,False,-1
1191,TRIPLE,1,1,1,False,-1
1192,TRIPLE,1,1,1,False,-1
1193,TRIPLE,1,1,1,False,-1
1194,TRIPLE,1,1,1,False,-1
1195,TRIPLE,1,1,1,False,-1
1196,DOUBLE,1,1,0,False,-1
1197,SINGLE,1,0,0,False,-1
1198,TRIPLE,1,1,1,False,-1
1199,DOUBLE,1,1,0,False,-1
1200,TRIPLE,1,1,1,False,-1
1201,SINGLE,1,0,0,False,-1
1202,TRIPLE,1,1,1,False,-1
1203,TRIPLE,1,1,1,False,-1
1204,TRIPLE,1,1,1,False,-1
1205,TRIPLE,1,1,1,False,-1
1206,DOUBLE,1,1,0,False,-1
1207,TRIPLE,1,1,1,False,-1
1208,TRIPLE,1,1,1,False,-1
1209,DOUBLE,1,1,0,False,-1
1210,TRIPLE,1,1,1,False,-1
1211,TRIPLE,1,1,1,False,-1
1212,DOUBLE,1,1,0,False,-1
1213,TRIPLE,1,1,1,False,-1
1214,DOUBLE,1,1,0,False,-1
1215,DOUBLE,1,1,0,False,-1
1216,DOUBLE,1,1,0,False,-1
1217,SINGLE,1,0,0,False,-1
1218,TRIPLE,1,1,1,False,-1
1219,TRIPLE,1,1,1,False,-1
1220,TRIPLE,1,1,1,False,-1
1221,DOUBLE,1,1,0,False,-1
1222,TRIPLE,1,1,1,False,-1
1223,TRIPLE,1,1,1,False,-1
1224,TRIPLE,1,1,1,False,-1
1225,DOUBLE,1,1,0,False,-1
1226,TRIPLE,1,1,1,False,-1
1227,TRIPLE,1,1,1,False,-1
1228,TRIPLE,1,1,1,False,-1
1229,TRIPLE,1,1,1,False,-1
1230,TRIPLE,1,1,1,False,-1
1231,TRIPLE,1,1,1,False,-1
1232,SINGLE,1,0,0,False,-1
1233,TRIPLE,1,1,1,False,-1
1234,DOUBLE,1,1,0,False,-1
1235,TRIPLE,1,1,1,False,-1
1236,TRIPLE,1,1,1,False,-1
1237,TRIPLE,1,1,1,False,-1
1238,DOUBLE,1,1,0,False,-1
1239,TRIPLE,1,1,1,False,-1
1240,TRIPLE,1,1,1,False,-1
1241,SINGLE,1,0,0,False,-1
1242,TRIPLE,1,1,1,False,-1
1243,SINGLE,1,0,0,False,-1
1244,TRIPLE,1,1,1,False,-1
1245,TRIPLE,1,1,1,False,-1
1246,DOUBLE,1,1,0,False,-1
1247,TRIPLE,1,1,1,False,-1
1248,DOUBLE,1,1,0,False,-1
1249,DOUBLE,1,1,0,False,-1
1250,DOUBLE,1,1,0,False,-1
1251,DOUBLE,1,1,0,False,-1
1252,TRIPLE,1,1,1,False,-1
1253,DOUBLE,1,1,0,False,-1
1254,TRIPLE,1,1,1,False,-1
1255,TRIPLE,1,1,1,False,-1
1256,TRIPLE,1,1,1,False,-1
1257,TRIPLE,1,1,1,False,-1
1258,TRIPLE,1,1,1,False,-1
1259,TRIPLE,1,1,1,False,-1
1260,DOUBLE,1,1,0,False,-1
1261,TRIPLE,1,1,1,False,-1
1262,TRIPLE,1,1,1,False,-1
1263,TRIPLE,1,1,1,False,-1
1264,TRIPLE,1,1,1,False,-1
1265,SINGLE,1,0,0,False,-1
1266,TRIPLE,1,1,1,False,-1
1267,TRIPLE,1,1,1,False,-1
1268,TRIPLE,1,1,1,False,-1
1269,TRIPLE,1,1,1,False,-1
1270,TRIPLE,1,1,1,False,-1
1271,TRIPLE,1,1,1,False,-1
1272,TRIPLE,1,1,1,False,-1
1273,TRIPLE,1,1,1,False,-1
1274,TRIPLE,1,1,1,False,-1
1275,TRIPLE,1,1,1,False,-1
1276,SINGLE,1,0,0,False,-1
1277,TRIPLE,1,1,1,False,-1
1278,SINGLE,1,0,0,False,-1
1279,TRIPLE,1,1,1,False,-1
1280,DOUBLE,1,1,0,False,-1
1281,TRIPLE,1,1,1,False,-1
1282,TRIPLE,1,1,1,False,-1
1283,TRIPLE,1,1,1,False,-1
1284,TRIPLE,1,1,1,False,-1
1285,DOUBLE,1,1,0,False,-1
1286,SINGLE,1,0,0,False,-1
1287,TRIPLE,1,1,1,False,-1
1288,DOUBLE,1,1,0,False,-1
1289,DOUBLE,1,1,0,False,-1
1290,TRIPLE,1,1,1,False,-1
1291,TRIPLE,1,1,1,False,-1
1292,TRIPLE,1,1,1,False,-1
1293,TRIPLE,1,1,1,False,-1
1294,TRIPLE,1,1,1,False,-1
1295,TRIPLE,1,1,1,False,-1
1296,TRIPLE,1,1,1,False,-1
1297,DOUBLE,1,1,0,False,-1
1298,DOUBLE,1,1,0,False,-1
1299,DOUBLE,1,1,0,False,-1
1300,DOUBLE,1,1,0,False,-1
1301,TRIPLE,1,1,1,False,-1
1302,TRIPLE,1,1,1,False,-1
1303,DOUBLE,1,1,0,False,-1
1304,TRIPLE,1,1,1,False,-1
1305,TRIPLE,1,1,1,False,-1
1306,TRIPLE,1,1,1,False,-1
1307,TRIPLE,1,1,1,False,-1
1308,SINGLE,1,0,0,False,-1
1309,DOUBLE,1,1,0,False,-1
1310,SINGLE,1,0,0,False,-1
1311,TRIPLE,1,1,1,False,-1
1312,DOUBLE,1,1,0,False,-1
1313,SINGLE,1,0,0,False,-1
1314,SINGLE,1,0,0,False,-1
1315,SINGLE,1,0,0,False,-1
1316,DOUBLE,1,1,0,False,-1
1317,TRIPLE,1,1,1,False,-1
1318,SINGLE,1,0,0,False,-1
1319,TRIPLE,1,1,1,False,-1
1320,DOUBLE,1,1,0,False,-1
1321,TRIPLE,1,1,1,False,-1
1322,TRIPLE,1,1,1,False,-1
1323,DOUBLE,1,1,0,False,-1
1324,TRIPLE,1,1,1,False,-1
1325,TRIPLE,1,1,1,False,-1
1326,TRIPLE,1,1,1,False,-1
1327,SINGLE,1,0,0,False,-1
1328,TRIPLE,1,1,1,False,-1
1329,DOUBLE,1,1,0,False,-1
1330,TRIPLE,1,1,1,False,-1
1331,TRIPLE,1,1,1,False,-1
1332,DOUBLE,1,1,0,False,-1
1333,DOUBLE,1,1,0,False,-1
1334,SINGLE,1,0,0,False,-1
1335,TRIPLE,1,1,1,False,-1
1336,SINGLE,1,0,0,False,-1
1337,DOUBLE,1,1,0,False,-1
1338,TRIPLE,1,1,1,False,-1
1339,TRIPLE,1,1,1,False,-1
1340,TRIPLE,1,1,1,False,-1
1341,TRIPLE,1,1,1,False,-1
1342,DOUBLE,1,1,0,False,-1
1343,TRIPLE,1,1,1,False,-1
1344,SINGLE,1,0,0,False,-1
1345,TRIPLE,1,1,1,False,-1
1346,TRIPLE,1,1,1,False,-1
1347,DOUBLE,1,1,0,False,-1
1348,DOUBLE,1,1,0,False,-1
1349,TRIPLE,1,1,1,False,-1
1350,TRIPLE,1,1,1,False,-1
1351,TRIPLE,1,1,1,False,-1
1352,TRIPLE,1,1,1,False,-1
1353,SINGLE,1,0,0,False,-1
1354,TRIPLE,1,1,1,False,-1
1355,SINGLE,1,0,0,False,-1
1356,SINGLE,1,0,0,False,-1
1357,TRIPLE,1,1,1,False,-1
1358,DOUBLE,1,1,0,False,-1
1359,TRIPLE,1,1,1,False,-1
1360,SINGLE,1,0,0,False,-1
1361,DOUBLE,1,1,0,False,-1
1362,TRIPLE,1,1,1,False,-1
1363,TRIPLE,1,1,1,False,-1
1364,TRIPLE,1,1,1,False,-1
1365,DOUBLE,1,1,0,False,-1
1366,TRIPLE,1,1,1,False,-1
1367,TRIPLE,1,1,1,False,-1
1368,DOUBLE,1,1,0,False,-1
1369,DOUBLE,1,1,0,False,-1
1370,DOUBLE,1,1,0,False,-1
1371,TRIPLE,1,1,1,False,-1
1372,DOUBLE,1,1,0,False,-1
1373,SINGLE,1,0,0,False,-1
1374,SINGLE,1,0,0,False,-1
1375,SINGLE,1,0,0,False,-1
1376,TRIPLE,1,1,1,False,-1
1377,TRIPLE,1,1,1,False,-1
1378,TRIPLE,1,1,1,False,-1
1379,SINGLE,1,0,0,False,-1
1380,TRIPLE,1,1,1,False,-1
1381,SINGLE,1,0,0,False,-1
1382,SINGLE,1,0,0,False,-1
1383,TRIPLE,1,1,1,False,-1
1384,DOUBLE,1,0,1,False,-1
1385,TRIPLE,1,1,1,False,-1
1386,SINGLE,1,0,0,False,-1
1387,TRIPLE,1,1,1,False,-1
1388,SINGLE,1,0,0,False,-1
1389,TRIPLE,1,1,1,False,-1
1390,TRIPLE,1,1,1,False,-1
1391,DOUBLE,1,1,0,False,-1
1392,TRIPLE,1,1,1,False,-1
1393,SINGLE,1,0,0,False,-1
1394,SINGLE,1,0,0,False,-1
1395,TRIPLE,1,1,1,False,-1
1396,TRIPLE,1,1,1,False,-1
1397,TRIPLE,1,1,1,False,-1
1398,TRIPLE,1,1,1,False,-1
1399,TRIPLE,1,1,1,False,-1
1400,TRIPLE,1,1,1,False,-1
1401,DOUBLE,1,1,0,False,-1
1402,TRIPLE,1,1,1,False,-1
1403,SINGLE,1,0,0,False,-1
1404,TRIPLE,1,1,1,False,-1
1405,TRIPLE,1,1,1,False,-1
1406,DOUBLE,1,1,0,False,-1
1407,TRIPLE,1,1,1,False,-1
1408,SINGLE,1,0,0,False,-1
1409,DOUBLE,1,1,0,False,-1
1410,DOUBLE,1,1,0,False,-1
1411,DOUBLE,1,1,0,False,-1
1412,TRIPLE,1,1,1,False,-1
1413,DOUBLE,1,1,0,False,-1
1414,TRIPLE,1,1,1,False,-1
1415,TRIPLE,1,1,1,False,-1
1416,DOUBLE,1,1,0,False,-1
1417,TRIPLE,1,1,1,False,-1
1418,TRIPLE,1,1,1,False,-1
1419,TRIPLE,1,1,1,False,-1
1420,DOUBLE,1,1,0,False,-1
1421,SINGLE,1,0,0,False,-1
1422,TRIPLE,1,1,1,False,-1
1423,DOUBLE,1,1,0,False,-1
1424,TRIPLE,1,1,1,False,-1
1425,TRIPLE,1,1,1,False,-1
1426,DOUBLE,1,1,0,False,-1
1427,TRIPLE,1,1,1,False,-1
1428,TRIPLE,1,1,1,False,-1
1429,TRIPLE,1,1,1,False,-1
1430,SINGLE,1,0,0,False,-1
1431,TRIPLE,1,1,1,False,-1
1432,TRIPLE,1,1,1,False,-1
1433,TRIPLE,1,1,1,False,-1
1434,DOUBLE,1,1,0,False,-1
1435,SINGLE,1,0,0,False,-1
1436,TRIPLE,1,1,1,False,-1
1437,TRIPLE,1,1,1,False,-1
1438,TRIPLE,1,1,1,False,-1
1439,TRIPLE,1,1,1,False,-1
1440,TRIPLE,1,1,1,False,-1
1441,TRIPLE,1,1,1,False,-1
1442,TRIPLE,1,1,1,False,-1
1443,DOUBLE,1,1,0,False,-1
1444,TRIPLE,1,1,1,False,-1
1445,TRIPLE,1,1,1,False,-1
1446,SINGLE,1,0,0,False,-1
1447,TRIPLE,1,1,1,False,-1
1448,TRIPLE,1,1,1,False,-1
1449,TRIPLE,1,1,1,False,-1
1450,TRIPLE,1,1,1,False,-1
1451,TRIPLE,1,1,1,False,-1
1452,TRIPLE,1,1,1,False,-1
1453,TRIPLE,1,1,1,False,-1
1454,DOUBLE,1,1,0,False,-1
1455,TRIPLE,1,1,1,False,-1
1456,TRIPLE,1,1,1,False,-1
1457,DOUBLE,1,1,0,False,-1
1458,TRIPLE,1,1,1,False,-1
1459,TRIPLE,1,1,1,False,-1
1460,TRIPLE,1,1,1,False,-1
1461,TRIPLE,1,1,1,False,-1
1462,TRIPLE,1,1,1,False,-1
1463,TRIPLE,1,1,1,False,-1
1464,TRIPLE,1,1,1,False,-1
1465,SINGLE,1,0,0,False,-1
1466,DOUBLE,1,1,0,False,-1
1467,SINGLE,1,0,0,False,-1
1468,TRIPLE,1,1,1,False,-1
1469,TRIPLE,1,1,1,False,-1
1470,DOUBLE,1,1,0,False,-1
1471,DOUBLE,1,1,0,False,-1
1472,TRIPLE,1,1,1,False,-1
1473,TRIPLE,1,1,1,False,-1
1474,DOUBLE,1,1,0,False,-1
1475,DOUBLE,1,1,0,False,-1
1476,TRIPLE,1,1,1,False,-1
1477,DOUBLE,1,1,0,False,-1
1478,TRIPLE,1,1,1,False,-1
1479,DOUBLE,1,1,0,False,-1
1480,TRIPLE,1,1,1,False,-1
1481,TRIPLE,1,1,1,False,-1
1482,DOUBLE,1,1,0,False,-1
1483,TRIPLE,1,1,1,False,-1
1484,TRIPLE,1,1,1,False,-1
1485,TRIPLE,1,1,1,False,-1
1486,DOUBLE,1,1,0,False,-1
1487,TRIPLE,1,1,1,False,-1
1488,TRIPLE,1,1,1,False,-1
1489,TRIPLE,1,1,1,False,-1
1490,TRIPLE,1,1,1,False,-1
1491,TRIPLE,1,1,1,False,-1
1492,DOUBLE,1,1,0,False,-1
1493,TRIPLE,1,1,1,False,-1
1494,DOUBLE,1,1,0,False,-1
1495,DOUBLE,1,1,0,False,-1
1496,DOUBLE,1,1,0,False,-1
1497,DOUBLE,1,1,0,False,-1
1498,TRIPLE,1,1,1,False,-1
1499,TRIPLE,1,1,1,False,-1
1500,DOUBLE,1,1,0,False,-1
1501,DOUBLE,1,1,0,False,-1
1502,TRIPLE,1,1,1,False,-1
1503,TRIPLE,1,1,1,False,-1
1504,TRIPLE,1,1,1,False,-1
1505,TRIPLE,1,1,1,False,-1
1506,TRIPLE,1,1,1,False,-1
1507,TRIPLE,1,1,1,False,-1
1508,TRIPLE,1,1,1,False,-1
1509,TRIPLE,1,1,1,False,-1
1510,TRIPLE,1,1,1,False,-1
1511,SINGLE,1,0,0,False,-1
1512,SINGLE,1,0,0,False,-1
1513,DOUBLE,1,1,0,False,-1
1514,DOUBLE,1,1,0,False,-1
1515,TRIPLE,1,1,1,False,-1
1516,TRIPLE,1,1,1,False,-1
1517,TRIPLE,1,1,1,False,-1
1518,DOUBLE,1,1,0,False,-1
1519,DOUBLE,1,1,0,False,-1
1520,DOUBLE,1,1,0,False,-1
1521,SINGLE,1,0,0,False,-1
1522,TRIPLE,1,1,1,False,-1
1523,SINGLE,1,0,0,False,-1
1524,TRIPLE,1,1,1,False,-1
1525,TRIPLE,1,1,1,False,-1
1526,TRIPLE,1,1,1,False,-1
1527,DOUBLE,1,1,0,False,-1
1528,SINGLE,1,0,0,False,-1
1529,TRIPLE,1,1,1,False,-1
1530,DOUBLE,1,1,0,False,-1
1531,DOUBLE,1,1,0,False,-1
1532,SINGLE,1,0,0,False,-1
1533,TRIPLE,1,1,1,False,-1
1534,DOUBLE,1,1,0,False,-1
1535,TRIPLE,1,1,1,False,-1
1536,DOUBLE,1,1,0,False,-1
1537,DOUBLE,1,1,0,False,-1
1538,TRIPLE,1,1,1,False,-1
1539,SINGLE,1,0,0,False,-1
1540,SINGLE,1,0,0,False,-1
1541,DOUBLE,1,1,0,False,-1
1542,DOUBLE,1,1,0,False,-1
1543,SINGLE,1,0,0,False,-1
1544,DOUBLE,1,1,0,False,-1
1545,DOUBLE,1,1,0,False,-1
1546,TRIPLE,1,1,1,False,-1
1547,SINGLE,1,0,0,False,-1
1548,DOUBLE,1,1,0,False,-1
1549,DOUBLE,1,1,0,False,-1
1550,DOUBLE,1,1,0,False,-1
1551,TRIPLE,1,1,1,False,-1
1552,SINGLE,1,0,0,False,-1
1553,TRIPLE,1,1,1,False,-1
1554,TRIPLE,1,1,1,False,-1
1555,TRIPLE,1,1,1,False,-1
1556,SINGLE,1,0,0,False,-1
1557,DOUBLE,1,1,0,False,-1
1558,TRIPLE,1,1,1,False,-1
1559,DOUBLE,1,1,0,False,-1
1560,TRIPLE,1,1,1,False,-1
1561,TRIPLE,1,1,1,False,-1
1562,TRIPLE,1,1,1,False,-1
1563,TRIPLE,1,1,1,False,-1
1564,SINGLE,1,0,0,False,-1
1565,DOUBLE,1,1,0,False,-1
1566,TRIPLE,1,1,1,False,-1
1567,DOUBLE,1,1,0,False,-1
1568,DOUBLE,1,1,0,False,-1
1569,TRIPLE,1,1,1,False,-1
1570,SINGLE,1,0,0,False,-1
1571,TRIPLE,1,1,1,False,-1
1572,TRIPLE,1,1,1,False,-1
1573,DOUBLE,1,1,0,False,-1
1574,TRIPLE,1,1,1,False,-1
1575,TRIPLE,1,1,1,False,-1
1576,DOUBLE,1,1,0,False,-1
1577,SINGLE,1,0,0,False,-1
1578,TRIPLE,1,1,1,False,-1
1579,SINGLE,1,0,0,False,-1
1580,TRIPLE,1,1,1,False,-1
1581,TRIPLE,1,1,1,False,-1
1582,TRIPLE,1,1,1,False,-1
1583,TRIPLE,1,1,1,False,-1
1584,TRIPLE,1,1,1,False,-1
1585,TRIPLE,1,1,1,False,-1
1586,SINGLE,1,0,0,False,-1
1587,TRIPLE,1,1,1,False,-1
1588,SINGLE,1,0,0,False,-1
1589,DOUBLE,1,1,0,False,-1
1590,TRIPLE,1,1,1,False,-1
1591,TRIPLE,1,1,1,False,-1
1592,TRIPLE,1,1,1,False,-1
1593,DOUBLE,1,1,0,False,-1
1594,DOUBLE,1,1,0,False,-1
1595,TRIPLE,1,1,1,False,-1
1596,TRIPLE,1,1,1,False,-1
1597,TRIPLE,1,1,1,False,-1
1598,DOUBLE,1,1,0,False,-1
1599,DOUBLE,1,1,0,False,-1
1600,SINGLE,1,0,0,False,-1
1601,TRIPLE,1,1,1,False,-1
1602,TRIPLE,1,1,1,False,-1
1603,TRIPLE,1,1,1,False,-1
1604,TRIPLE,1,1,1,False,-1
1605,TRIPLE,1,1,1,False,-1
1606,TRIPLE,1,1,1,False,-1
1607,TRIPLE,1,1,1,False,-1
1608,TRIPLE,1,1,1,False,-1
1609,DOUBLE,1,1,0,False,-1
1610,DOUBLE,1,1,0,False,-1
1611,TRIPLE,1,1,1,False,-1
1612,TRIPLE,1,1,1,False,-1
1613,TRIPLE,1,1,1,False,-1
1614,DOUBLE,1,1,0,False,-1
1615,TRIPLE,1,1,1,False,-1
1616,DOUBLE,1,1,0,False,-1
1617,DOUBLE,1,1,0,False,-1
1618,DOUBLE,1,1,0,False,-1
1619,TRIPLE,1,1,1,False,-1
1620,TRIPLE,1,1,1,False,-1
1621,TRIPLE,1,1,1,False,-1
1622,TRIPLE,1,1,1,False,-1
1623,TRIPLE,1,1,1,False,-1
1624,SINGLE,1,0,0,False,-1
1625,TRIPLE,1,1,1,False,-1
1626,TRIPLE,1,1,1,False,-1
1627,SINGLE,1,0,0,False,-1
1628,SINGLE,1,0,0,False,-1
1629,TRIPLE,1,1,1,False,-1
1630,TRIPLE,1,1,1,False,-1
1631,SINGLE,1,0,0,False,-1
1632,TRIPLE,1,1,1,False,-1
1633,TRIPLE,1,1,1,False,-1
1634,TRIPLE,1,1,1,False,-1
1635,DOUBLE,1,1,0,False,-1
1636,TRIPLE,1,1,1,False,-1
1637,DOUBLE,1,1,0,False,-1
1638,DOUBLE,1,1,0,False,-1
1639,DOUBLE,1,1,0,False,-1
1640,DOUBLE,1,1,0,False,-1
1641,TRIPLE,1,1,1,False,-1
1642,TRIPLE,1,1,1,False,-1
1643,TRIPLE,1,1,1,False,-1
1644,TRIPLE,1,1,1,False,-1
1645,DOUBLE,1,1,0,False,-1
1646,DOUBLE,1,1,0,False,-1
1647,TRIPLE,1,1,1,False,-1
1648,TRIPLE,1,1,1,False,-1
1649,TRIPLE,1,1,1,False,-1
1650,DOUBLE,1,1,0,False,-1
1651,TRIPLE,1,1,1,False,-1
1652,TRIPLE,1,1,1,False,-1
1653,DOUBLE,1,1,0,False,-1
1654,DOUBLE,1,1,0,False,-1
1655,DOUBLE,1,1,0,False,-1
1656,TRIPLE,1,1,1,False,-1
1657,TRIPLE,1,1,1,False,-1
1658,DOUBLE,1,1,0,False,-1
1659,DOUBLE,1,1,0,False,-1
1660,TRIPLE,1,1,1,False,-1
1661,SINGLE,1,0,0,False,-1
1662,DOUBLE,1,1,0,False,-1
1663,TRIPLE,1,1,1,False,-1
1664,DOUBLE,1,1,0,False,-1
1665,TRIPLE,1,1,1,False,-1
1666,DOUBLE,1,1,0,False,-1
1667,DOUBLE,1,1,0,False,-1
1668,DOUBLE,1,1,0,False,-1
1669,TRIPLE,1,1,1,False,-1
1670,DOUBLE,1,1,0,False,-1
1671,TRIPLE,1,1,1,False,-1
1672,TRIPLE,1,1,1,False,-1
1673,DOUBLE,1,1,0,False,-1
1674,DOUBLE,1,1,0,False,-1
1675,TRIPLE,1,1,1,False,-1
1676,TRIPLE,1,1,1,False,-1
1677,SINGLE,1,0,0,False,-1
1678,TRIPLE,1,1,1,False,-1
1679,TRIPLE,1,1,1,False,-1
1680,TRIPLE,1,1,1,False,-1
1681,DOUBLE,1,1,0,False,-1
1682,SINGLE,1,0,0,False,-1
1683,DOUBLE,1,1,0,False,-1
1684,DOUBLE,1,1,0,False,-1
1685,TRIPLE,1,1,1,False,-1
1686,TRIPLE,1,1,1,False,-1
1687,TRIPLE,1,1,1,False,-1
1688,TRIPLE,1,1,1,False,-1
1689,SINGLE,1,0,0,False,-1
1690,TRIPLE,1,1,1,False,-1
1691,TRIPLE,1,1,1,False,-1
1692,TRIPLE,1,1,1,False,-1
1693,DOUBLE,1,1,0,False,-1
1694,DOUBLE,1,1,0,False,-1
1695,DOUBLE,1,1,0,False,-1
1696,TRIPLE,1,1,1,False,-1
1697,TRIPLE,1,1,1,False,-1
1698,DOUBLE,1,1,0,False,-1
1699,DOUBLE,1,1,0,False,-1
1700,SINGLE,1,0,0,False,-1
1701,DOUBLE,1,1,0,False,-1
1702,DOUBLE,1,1,0,False,-1
1703,DOUBLE,1,1,0,False,-1
1704,TRIPLE,1,1,1,False,-1
1705,TRIPLE,1,1,1,False,-1
1706,TRIPLE,1,1,1,False,-1
1707,TRIPLE,1,1,1,False,-1
1708,DOUBLE,1,1,0,False,-1
1709,TRIPLE,1,1,1,False,-1
1710,TRIPLE,1,1,1,False,-1
1711,DOUBLE,1,1,0,False,-1
1712,TRIPLE,1,1,1,False,-1
1713,DOUBLE,1,1,0,False,-1
1714,DOUBLE,1,1,0,False,-1
1715,DOUBLE,1,1,0,False,-1
1716,TRIPLE,1,1,1,False,-1
1717,TRIPLE,1,1,1,False,-1
1718,TRIPLE,1,1,1,False,-1
1719,TRIPLE,1,1,1,False,-1
1720,TRIPLE,1,1,1,False,-1
1721,TRIPLE,1,1,1,False,-1
1722,DOUBLE,1,1,0,False,-1
1723,DOUBLE,1,1,0,False,-1
1724,SINGLE,1,0,0,False,-1
1725,DOUBLE,1,1,0,False,-1
1726,TRIPLE,1,1,1,False,-1
1727,TRIPLE,1,1,1,False,-1
1728,SINGLE,1,0,0,False,-1
1729,TRIPLE,1,1,1,False,-1
1730,TRIPLE,1,1,1,False,-1
1731,DOUBLE,1,1,0,False,-1
1732,DOUBLE,1,1,0,False,-1
1733,DOUBLE,1,1,0,False,-1
1734,SINGLE,1,0,0,False,-1
1735,DOUBLE,1,1,0,False,-1
1736,TRIPLE,1,1,1,False,-1
1737,TRIPLE,1,1,1,False,-1
1738,TRIPLE,1,1,1,False,-1
1739,DOUBLE,1,1,0,False,-1
1740,TRIPLE,1,1,1,False,-1
1741,SINGLE,1,0,0,False,-1
1742,TRIPLE,1,1,1,False,-1
1743,TRIPLE,1,1,1,False,-1
1744,TRIPLE,1,1,1,False,-1
1745,TRIPLE,1,1,1,False,-1
1746,SINGLE,1,0,0,False,-1
1747,DOUBLE,1,1,0,False,-1
1748,DOUBLE,1,1,0,False,-1
1749,DOUBLE,1,1,0,False,-1
1750,DOUBLE,1,1,0,False,-1
1751,TRIPLE,1,1,1,False,-1
1752,TRIPLE,1,1,1,False,-1
1753,TRIPLE,1,1,1,False,-1
1754,SINGLE,1,0,0,False,-1
1755,TRIPLE,1,1,1,False,-1
1756,DOUBLE,1,1,0,False,-1
1757,TRIPLE,1,1,1,False,-1
1758,SINGLE,1,0,0,False,-1
1759,DOUBLE,1,1,0,False,-1
1760,DOUBLE,1,1,0,False,-1
1761,TRIPLE,1,1,1,False,-1
1762,DOUBLE,1,1,0,False,-1
1763,TRIPLE,1,1,1,False,-1
1764,SINGLE,1,0,0,False,-1
1765,DOUBLE,1,1,0,False,-1
1766,TRIPLE,1,1,1,False,-1
1767,SINGLE,1,0,0,False,-1
1768,DOUBLE,1,1,0,False,-1
1769,TRIPLE,1,1,1,False,-1
1770,TRIPLE,1,1,1,False,-1
1771,SINGLE,1,0,0,False,-1
1772,TRIPLE,1,1,1,False,-1
1773,DOUBLE,1,1,0,False,-1
1774,SINGLE,1,0,0,False,-1
1775,DOUBLE,1,1,0,False,-1
1776,TRIPLE,1,1,1,False,-1
1777,TRIPLE,1,1,1,False,-1
1778,DOUBLE,1,1,0,False,-1
1779,TRIPLE,1,1,1,False,-1
1780,TRIPLE,1,1,1,False,-1
1781,DOUBLE,1,1,0,False,-1
1782,TRIPLE,1,1,1,False,-1
1783,TRIPLE,1,1,1,False,-1
1784,TRIPLE,1,1,1,False,-1
1785,TRIPLE,1,1,1,False,-1
1786,TRIPLE,1,1,1,False,-1
1787,TRIPLE,1,1,1,False,-1
1788,DOUBLE,1,1,0,False,-1
1789,DOUBLE,1,1,0,False,-1
1790,TRIPLE,1,1,1,False,-1
1791,SINGLE,1,0,0,False,-1
1792,TRIPLE,1,1,1,False,-1
1793,DOUBLE,1,1,0,False,-1
1794,TRIPLE,1,1,1,False,-1
1795,TRIPLE,1,1,1,False,-1
1796,TRIPLE,1,1,1,False,-1
1797,DOUBLE,1,1,0,False,-1
1798,TRIPLE,1,1,1,False,-1
1799,DOUBLE,1,1,0,False,-1
1800,TRIPLE,1,1,1,False,-1
1801,TRIPLE,1,1,1,False,-1
1802,SINGLE,1,0,0,False,-1
1803,TRIPLE,1,1,1,False,-1
1804,DOUBLE,1,1,0,False,-1
1805,TRIPLE,1,1,1,False,-1
1806,DOUBLE,1,1,0,False,-1
1807,TRIPLE,1,1,1,False,-1
1808,DOUBLE,1,1,0,False,-1
1809,TRIPLE,1,1,1,False,-1
1810,DOUBLE,1,1,0,False,-1
1811,DOUBLE,1,1,0,False,-1
1812,TRIPLE,1,1,1,False,-1
1813,SINGLE,1,0,0,False,-1
1814,TRIPLE,1,1,1,False,-1
1815,DOUBLE,1,1,0,False,-1
1816,TRIPLE,1,1,1,False,-1
1817,TRIPLE,1,1,1,False,-1
1818,SINGLE,1,0,0,False,-1
1819,SINGLE,1,0,0,False,-1
1820,TRIPLE,1,1,1,False,-1
1821,TRIPLE,1,1,1,False,-1
1822,TRIPLE,1,1,1,False,-1
1823,TRIPLE,1,1,1,False,-1
1824,TRIPLE,1,1,1,False,-1
1825,TRIPLE,1,1,1,False,-1
1826,TRIPLE,1,1,1,False,-1
1827,SINGLE,1,0,0,False,-1
1828,TRIPLE,1,1,1,False,-1
1829,TRIPLE,1,1,1,False,-1
1830,TRIPLE,1,1,1,False,-1
1831,DOUBLE,1,1,0,False,-1
1832,TRIPLE,1,1,1,False,-1
1833,TRIPLE,1,1,1,False,-1
1834,TRIPLE,1,1,1,False,-1
1835,DOUBLE,1,1,0,False,-1
1836,TRIPLE,1,1,1,False,-1
1837,SINGLE,1,0,0,False,-1
1838,DOUBLE,1,1,0,False,-1
1839,SINGLE,1,0,0,False,-1
1840,TRIPLE,1,1,1,False,-1
1841,TRIPLE,1,1,1,False,-1
1842,DOUBLE,1,1,0,False,-1
1843,TRIPLE,1,1,1,False,-1
1844,TRIPLE,1,1,1,False,-1
1845,DOUBLE,1,1,0,False,-1
1846,TRIPLE,1,1,1,False,-1
1847,TRIPLE,1,1,1,False,-1
1848,TRIPLE,1,1,1,False,-1
1849,TRIPLE,1,1,1,False,-1
1850,SINGLE,1,0,0,False,-1
1851,DOUBLE,1,1,0,False,-1
1852,SINGLE,1,0,0,False,-1
1853,DOUBLE,1,1,0,False,-1
1854,TRIPLE,1,1,1,False,-1
1855,TRIPLE,1,1,1,False,-1
1856,DOUBLE,1,1,0,False,-1
1857,DOUBLE,1,1,0,False,-1
1858,SINGLE,1,0,0,False,-1
1859,DOUBLE,1,1,0,False,-1
1860,TRIPLE,1,1,1,False,-1
1861,TRIPLE,1,1,1,False,-1
1862,TRIPLE,1,1,1,False,-1
1863,TRIPLE,1,1,1,False,-1
1864,TRIPLE,1,1,1,False,-1
1865,TRIPLE,1,1,1,False,-1
1866,TRIPLE,1,1,1,False,-1
1867,SINGLE,1,0,0,False,-1
1868,SINGLE,1,0,0,False,-1
1869,DOUBLE,1,1,0,False,-1
1870,DOUBLE,1,1,0,False,-1
1871,SINGLE,1,0,0,False,-1
1872,DOUBLE,1,1,0,False,-1
1873,TRIPLE,1,1,1,False,-1
1874,TRIPLE,1,1,1,False,-1
1875,DOUBLE,1,1,0,False,-1
1876,TRIPLE,1,1,1,False,-1
1877,TRIPLE,1,1,1,False,-1
1878,TRIPLE,1,1,1,False,-1
1879,DOUBLE,1,1,0,False,-1
1880,SINGLE,1,0,0,False,-1
1881,TRIPLE,1,1,1,False,-1
1882,TRIPLE,1,1,1,False,-1
1883,DOUBLE,1,1,0,False,-1
1884,TRIPLE,1,1,1,False,-1
1885,TRIPLE,1,1,1,False,-1
1886,TRIPLE,1,1,1,False,-1
1887,TRIPLE,1,1,1,False,-1
1888,TRIPLE,1,1,1,False,-1
1889,SINGLE,1,0,0,False,-1
1890,SINGLE,1,0,0,False,-1
1891,DOUBLE,1,1,0,False,-1
1892,DOUBLE,1,1,0,False,-1
1893,SINGLE,1,0,0,False,-1
1894,TRIPLE,1,1,1,False,-1
1895,SINGLE,1,0,0,False,-1
1896,TRIPLE,1,1,1,False,-1
1897,TRIPLE,1,1,1,False,-1
1898,DOUBLE,1,1,0,False,-1
1899,TRIPLE,1,1,1,False,-1
1900,SINGLE,1,0,0,False,-1
1901,TRIPLE,1,1,1,False,-1
1902,SINGLE,1,0,0,False,-1
1903,TRIPLE,1,1,1,False,-1
1904,TRIPLE,1,1,1,False,-1
1905,TRIPLE,1,1,1,False,-1
1906,TRIPLE,1,1,1,False,-1
1907,TRIPLE,1,1,1,False,-1
1908,TRIPLE,1,1,1,False,-1
1909,TRIPLE,1,1,1,False,-1
1910,TRIPLE,1,1,1,False,-1
1911,TRIPLE,1,1,1,False,-1
1912,TRIPLE,1,1,1,False,-1
1913,SINGLE,1,0,0,False,-1
1914,TRIPLE,1,1,1,False,-1
1915,DOUBLE,1,1,0,False,-1
1916,SINGLE,1,0,0,False,-1
1917,TRIPLE,1,1,1,False,-1
1918,DOUBLE,1,1,0,False,-1
1919,TRIPLE,1,1,1,False,-1
1920,TRIPLE,1,1,1,False,-1
1921,DOUBLE,1,1,0,False,-1
1922,TRIPLE,1,1,1,False,-1
1923,SINGLE,1,0,0,False,-1
1924,TRIPLE,1,1,1,False,-1
1925,TRIPLE,1,1,1,False,-1
1926,TRIPLE,1,1,1,False,-1
1927,TRIPLE,1,1,1,False,-1
1928,DOUBLE,1,1,0,False,-1
1929,DOUBLE,1,1,0,False,-1
1930,DOUBLE,1,1,0,False,-1
1931,TRIPLE,1,1,1,False,-1
1932,TRIPLE,1,1,1,False,-1
1933,TRIPLE,1,1,1,False,-1
1934,DOUBLE,1,1,0,False,-1
1935,TRIPLE,1,1,1,False,-1
1936,TRIPLE,1,1,1,False,-1
1937,TRIPLE,1,1,1,False,-1
1938,TRIPLE,1,1,1,False,-1
1939,TRIPLE,1,1,1,False,-1
1940,DOUBLE,1,1,0,False,-1
1941,TRIPLE,1,1,1,False,-1
1942,TRIPLE,1,1,1,False,-1
1943,TRIPLE,1,1,1,False,-1
1944,TRIPLE,1,1,1,False,-1
1945,TRIPLE,1,1,1,False,-1
1946,TRIPLE,1,1,1,False,-1
1947,TRIPLE,1,1,1,False,-1
1948,TRIPLE,1,1,1,False,-1
1949,DOUBLE,1,1,0,False,-1
1950,DOUBLE,1,1,0,False,-1
1951,DOUBLE,1,1,0,False,-1
1952,DOUBLE,1,1,0,False,-1
1953,TRIPLE,1,1,1,False,-1
1954,SINGLE,1,0,0,False,-1
1955,TRIPLE,1,1,1,False,-1
1956,DOUBLE,1,1,0,False,-1
1957,TRIPLE,1,1,1,False,-1
1958,DOUBLE,1,1,0,False,-1
1959,TRIPLE,1,1,1,False,-1
1960,TRIPLE,1,1,1,False,-1
1961,SINGLE,1,0,0,False,-1
1962,SINGLE,1,0,0,False,-1
1963,TRIPLE,1,1,1,False,-1
1964,TRIPLE,1,1,1,False,-1
1965,TRIPLE,1,1,1,False,-1
1966,TRIPLE,1,1,1,False,-1
1967,TRIPLE,1,1,1,False,-1
1968,TRIPLE,1,1,1,False,-1
1969,DOUBLE,1,1,0,False,-1
1970,DOUBLE,1,1,0,False,-1
1971,TRIPLE,1,1,1,False,-1
1972,TRIPLE,1,1,1,False,-1
1973,TRIPLE,1,1,1,False,-1
1974,TRIPLE,1,1,1,False,-1
1975,TRIPLE,1,1,1,False,-1
1976,TRIPLE,1,1,1,False,-1
1977,TRIPLE,1,1,1,False,-1
1978,TRIPLE,1,1,1,False,-1
1979,TRIPLE,1,1,1,False,-1
1980,DOUBLE,1,1,0,False,-1
1981,DOUBLE,1,1,0,False,-1
1982,TRIPLE,1,1,1,False,-1
1983,TRIPLE,1,1,1,False,-1
1984,TRIPLE,1,1,1,False,-1
1985,TRIPLE,1,1,1,False,-1
1986,TRIPLE,1,1,1,False,-1
1987,TRIPLE,1,1,1,False,-1
1988,DOUBLE,1,1,0,False,-1
1989,TRIPLE,1,1,1,False,-1
1990,TRIPLE,1,1,1,False,-1
1991,DOUBLE,1,1,0,False,-1
1992,TRIPLE,1,1,1,False,-1
1993,TRIPLE,1,1,1,False,-1
1994,TRIPLE,1,1,1,False,-1
1995,DOUBLE,1,1,0,False,-1
1996,TRIPLE,1,1,1,False,-1
1997,TRIPLE,1,1,1,False,-1
1998,TRIPLE,1,1,1,False,-1
1999,DOUBLE,1,1,0,False,-1
2000,DOUBLE,1,1,0,False,-1
2001,DOUBLE,1,1,0,False,-1
2002,TRIPLE,1,1,1,False,-1
2003,TRIPLE,1,1,1,False,-1
2004,SINGLE,1,0,0,False,-1
2005,TRIPLE,1,1,1,False,-1
2006,DOUBLE,1,1,0,False,-1
2007,TRIPLE,1,1,1,False,-1
2008,TRIPLE,1,1,1,False,-1
2009,DOUBLE,1,1,0,False,-1
2010,DOUBLE,1,1,0,False,-1
2011,SINGLE,1,0,0,False,-1
2012,TRIPLE,1,1,1,False,-1
2013,TRIPLE,1,1,1,False,-1
2014,TRIPLE,1,1,1,False,-1
2015,TRIPLE,1,1,1,False,-1
2016,DOUBLE,1,1,0,False,-1
2017,DOUBLE,1,1,0,False,-1
2018,DOUBLE,1,1,0,False,-1
2019,SINGLE,1,0,0,False,-1
2020,TRIPLE,1,1,1,False,-1
2021,TRIPLE,1,1,1,False,-1
2022,SINGLE,1,0,0,False,-1
2023,DOUBLE,1,1,0,False,-1
2024,TRIPLE,1,1,1,False,-1
2025,TRIPLE,1,1,1,False,-1
2026,DOUBLE,1,1,0,False,-1
2027,TRIPLE,1,1,1,False,-1
2028,TRIPLE,1,1,1,False,-1
2029,DOUBLE,1,1,0,False,-1
2030,TRIPLE,1,1,1,False,-1
2031,TRIPLE,1,1,1,False,-1
2032,TRIPLE,1,1,1,False,-1
2033,TRIPLE,1,1,1,False,-1
2034,TRIPLE,1,1,1,False,-1
2035,TRIPLE,1,1,1,False,-1
2036,TRIPLE,1,1,1,False,-1
2037,DOUBLE,1,1,0,False,-1
2038,TRIPLE,1,1,1,False,-1
2039,SINGLE,1,0,0,False,-1
2040,DOUBLE,1,1,0,False,-1
2041,SINGLE,1,0,0,False,-1
2042,TRIPLE,1,1,1,False,-1
2043,TRIPLE,1,1,1,False,-1
2044,TRIPLE,1,1,1,False,-1
2045,TRIPLE,1,1,1,False,-1
2046,DOUBLE,1,1,0,False,-1
2047,DOUBLE,1,1,0,False,-1
2048,DOUBLE,1,1,0,False,-1
2049,SINGLE,1,0,0,False,-1
2050,DOUBLE,1,1,0,False,-1
2051,TRIPLE,1,1,1,False,-1
2052,TRIPLE,1,1,1,False,-1
2053,TRIPLE,1,1,1,False,-1
2054,TRIPLE,1,1,1,False,-1
2055,TRIPLE,1,1,1,False,-1
2056,SINGLE,1,0,0,False,-1
2057,TRIPLE,1,1,1,False,-1
2058,TRIPLE,1,1,1,False,-1
2059,TRIPLE,1,1,1,False,-1
2060,DOUBLE,1,1,0,False,-1
2061,TRIPLE,1,1,1,False,-1
2062,TRIPLE,1,1,1,False,-1
2063,TRIPLE,1,1,1,False,-1
2064,DOUBLE,1,1,0,False,-1
2065,SINGLE,1,0,0,False,-1
2066,DOUBLE,1,1,0,False,-1
2067,SINGLE,1,0,0,False,-1
2068,DOUBLE,1,1,0,False,-1
2069,DOUBLE,1,1,0,False,-1
2070,TRIPLE,1,1,1,False,-1
2071,DOUBLE,1,1,0,False,-1
2072,SINGLE,1,0,0,False,-1
2073,TRIPLE,1,1,1,False,-1
2074,SINGLE,1,0,0,False,-1
2075,SINGLE,1,0,0,False,-1
2076,DOUBLE,1,1,0,False,-1
2077,TRIPLE,1,1,1,False,-1
2078,SINGLE,1,0,0,False,-1
2079,DOUBLE,1,1,0,False,-1
2080,DOUBLE,1,1,0,False,-1
2081,SINGLE,1,0,0,False,-1
2082,DOUBLE,1,0,1,False,-1
2083,TRIPLE,1,1,1,False,-1
2084,TRIPLE,1,1,1,False,-1
2085,TRIPLE,1,1,1,False,-1
2086,TRIPLE,1,1,1,False,-1
2087,DOUBLE,1,1,0,False,-1
2088,TRIPLE,1,1,1,False,-1
2089,DOUBLE,1,1,0,False,-1
2090,TRIPLE,1,1,1,False,-1
2091,TRIPLE,1,1,1,False,-1
2092,DOUBLE,1,1,0,False,-1
2093,TRIPLE,1,1,1,False,-1
2094,TRIPLE,1,1,1,False,-1
2095,DOUBLE,1,1,0,False,-1
2096,DOUBLE,1,1,0,False,-1
2097,DOUBLE,1,1,0,False,-1
2098,TRIPLE,1,1,1,False,-1
2099,TRIPLE,1,1,1,False,-1
2100,DOUBLE,1,1,0,False,-1
2101,DOUBLE,1,1,0,False,-1
2102,DOUBLE,1,1,0,False,-1
2103,TRIPLE,1,1,1,False,-1
2104,TRIPLE,1,1,1,False,-1
2105,TRIPLE,1,1,1,False,-1
2106,TRIPLE,1,1,1,False,-1
2107,TRIPLE,1,1,1,False,-1
2108,TRIPLE,1,1,1,False,-1
2109,SINGLE,1,0,0,False,-1
2110,TRIPLE,1,1,1,False,-1
2111,DOUBLE,1,1,0,False,-1
2112,DOUBLE,1,1,0,False,-1
2113,TRIPLE,1,1,1,False,-1
2114,TRIPLE,1,1,1,False,-1
2115,TRIPLE,1,1,1,False,-1
2116,TRIPLE,1,1,1,False,-1
2117,TRIPLE,1,1,1,False,-1
2118,TRIPLE,1,1,1,False,-1
2119,TRIPLE,1,1,1,False,-1
2120,TRIPLE,1,1,1,False,-1
2121,TRIPLE,1,1,1,False,-1
2122,TRIPLE,1,1,1,False,-1
2123,TRIPLE,1,1,1,False,-1
2124,DOUBLE,1,1,0,False,-1
2125,TRIPLE,1,1,1,False,-1
2126,TRIPLE,1,1,1,False,-1
2127,SINGLE,1,0,0,False,-1
2128,DOUBLE,1,1,0,False,-1
2129,TRIPLE,1,1,1,False,-1
2130,TRIPLE,1,1,1,False,-1
2131,SINGLE,1,0,0,False,-1
2132,TRIPLE,1,1,1,False,-1
2133,SINGLE,1,0,0,False,-1
2134,TRIPLE,1,1,1,False,-1
2135,TRIPLE,1,1,1,False,-1
2136,TRIPLE,1,1,1,False,-1
2137,TRIPLE,1,1,1,False,-1
2138,DOUBLE,1,1,0,False,-1
2139,DOUBLE,1,1,0,False,-1
2140,TRIPLE,1,1,1,False,-1
2141,TRIPLE,1,1,1,False,-1
2142,DOUBLE,1,1,0,False,-1
2143,DOUBLE,1,1,0,False,-1
2144,TRIPLE,1,1,1,False,-1
2145,TRIPLE,1,1,1,False,-1
2146,TRIPLE,1,1,1,False,-1
2147,DOUBLE,1,1,0,False,-1
2148,TRIPLE,1,1,1,False,-1
2149,DOUBLE,1,1,0,False,-1
2150,SINGLE,1,0,0,False,-1
2151,TRIPLE,1,1,1,False,-1
2152,SINGLE,1,0,0,False,-1
2153,TRIPLE,1,1,1,False,-1
2154,TRIPLE,1,1,1,False,-1
2155,DOUBLE,1,1,0,False,-1
2156,TRIPLE,1,1,1,False,-1
2157,DOUBLE,1,1,0,False,-1
2158,DOUBLE,1,1,0,False,-1
2159,TRIPLE,1,1,1,False,-1
2160,TRIPLE,1,1,1,False,-1
2161,TRIPLE,1,1,1,False,-1
2162,TRIPLE,1,1,1,False,-1
2163,DOUBLE,1,1,0,False,-1
2164,TRIPLE,1,1,1,False,-1
2165,TRIPLE,1,1,1,False,-1
2166,TRIPLE,1,1,1,False,-1
2167,TRIPLE,1,1,1,False,-1
2168,TRIPLE,1,1,1,False,-1
2169,DOUBLE,1,1,0,False,-1
2170,TRIPLE,1,1,1,False,-1
2171,TRIPLE,1,1,1,False,-1
2172,TRIPLE,1,1,1,False,-1
2173,TRIPLE,1,1,1,False,-1
2174,TRIPLE,1,1,1,False,-1
2175,TRIPLE,1,1,1,False,-1
2176,TRIPLE,1,1,1,False,-1
2177,DOUBLE,1,1,0,False,-1
2178,TRIPLE,1,1,1,False,-1
2179,DOUBLE,1,1,0,False,-1
2180,TRIPLE,1,1,1,False,-1
2181,TRIPLE,1,1,1,False,-1
2182,TRIPLE,1,1,1,False,-1
2183,TRIPLE,1,1,1,False,-1
2184,TRIPLE,1,1,1,False,-1
2185,DOUBLE,1,1,0,False,-1
2186,SINGLE,1,0,0,False,-1
2187,TRIPLE,1,1,1,False,-1
2188,TRIPLE,1,1,1,False,-1
2189,DOUBLE,1,1,0,False,-1
2190,TRIPLE,1,1,1,False,-1
2191,DOUBLE,1,1,0,False,-1
2192,DOUBLE,1,1,0,False,-1
2193,DOUBLE,1,1,0,False,-1
2194,TRIPLE,1,1,1,False,-1
2195,TRIPLE,1,1,1,False,-1
2196,TRIPLE,1,1,1,False,-1
2197,DOUBLE,1,1,0,False,-1
2198,DOUBLE,1,1,0,False,-1
2199,TRIPLE,1,1,1,False,-1
2200,SINGLE,1,0,0,False,-1
2201,TRIPLE,1,1,1,False,-1
2202,DOUBLE,1,1,0,False,-1
2203,DOUBLE,1,1,0,False,-1
2204,TRIPLE,1,1,1,False,-1
2205,TRIPLE,1,1,1,False,-1
2206,TRIPLE,1,1,1,False,-1
2207,TRIPLE,1,1,1,False,-1
2208,TRIPLE,1,1,1,False,-1
2209,SINGLE,1,0,0,False,-1
2210,TRIPLE,1,1,1,False,-1
2211,TRIPLE,1,1,1,False,-1
2212,SINGLE,1,0,0,False,-1
2213,DOUBLE,1,1,0,False,-1
2214,TRIPLE,1,1,1,False,-1
2215,TRIPLE,1,1,1,False,-1
2216,TRIPLE,1,1,1,False,-1
2217,SINGLE,1,0,0,False,-1
2218,SINGLE,1,0,0,False,-1
2219,TRIPLE,1,1,1,False,-1
2220,SINGLE,1,0,0,False,-1
2221,TRIPLE,1,1,1,False,-1
2222,TRIPLE,1,1,1,False,-1
2223,TRIPLE,1,1,1,False,-1
2224,DOUBLE,1,1,0,False,-1
2225,TRIPLE,1,1,1,False,-1
2226,TRIPLE,1,1,1,False,-1
2227,TRIPLE,1,1,1,False,-1
2228,DOUBLE,1,1,0,False,-1
2229,TRIPLE,1,1,1,False,-1
2230,DOUBLE,1,1,0,False,-1
2231,SINGLE,1,0,0,False,-1
2232,SINGLE,1,0,0,False,-1
2233,TRIPLE,1,1,1,False,-1
2234,TRIPLE,1,1,1,False,-1
2235,TRIPLE,1,1,1,False,-1
2236,TRIPLE,1,1,1,False,-1
2237,DOUBLE,1,1,0,False,-1
2238,TRIPLE,1,1,1,False,-1
2239,DOUBLE,1,1,0,False,-1
2240,TRIPLE,1,1,1,False,-1
2241,TRIPLE,1,1,1,False,-1
2242,DOUBLE,1,1,0,False,-1
2243,SINGLE,1,0,0,False,-1
2244,SINGLE,1,0,0,False,-1
2245,SINGLE,1,0,0,False,-1
2246,DOUBLE,1,1,0,False,-1
2247,TRIPLE,1,1,1,False,-1
2248,DOUBLE,1,1,0,False,-1
2249,TRIPLE,1,1,1,False,-1
2250,TRIPLE,1,1,1,False,-1
2251,SINGLE,1,0,0,False,-1
2252,DOUBLE,1,1,0,False,-1
2253,SINGLE,1,0,0,False,-1
2254,TRIPLE,1,1,1,False,-1
2255,TRIPLE,1,1,1,False,-1
2256,TRIPLE,1,1,1,False,-1
2257,TRIPLE,1,1,1,False,-1
2258,TRIPLE,1,1,1,False,-1
2259,TRIPLE,1,1,1,False,-1
2260,SINGLE,1,0,0,False,-1
2261,TRIPLE,1,1,1,False,-1
2262,DOUBLE,1,1,0,False,-1
2263,DOUBLE,1,1,0,False,-1
2264,DOUBLE,1,1,0,False,-1
2265,TRIPLE,1,1,1,False,-1
2266,TRIPLE,1,1,1,False,-1
2267,DOUBLE,1,1,0,False,-1
2268,TRIPLE,1,1,1,False,-1
2269,TRIPLE,1,1,1,False,-1
2270,TRIPLE,1,1,1,False,-1
2271,TRIPLE,1,1,1,False,-1
2272,DOUBLE,1,1,0,False,-1
2273,TRIPLE,1,1,1,False,-1
2274,TRIPLE,1,1,1,False,-1
2275,DOUBLE,1,1,0,False,-1
2276,TRIPLE,1,1,1,False,-1
2277,DOUBLE,1,1,0,False,-1
2278,DOUBLE,1,1,0,False,-1
2279,TRIPLE,1,1,1,False,-1
2280,TRIPLE,1,1,1,False,-1
2281,SINGLE,1,0,0,False,-1
2282,TRIPLE,1,1,1,False,-1
2283,DOUBLE,1,1,0,False,-1
2284,DOUBLE,1,1,0,False,-1
2285,TRIPLE,1,1,1,False,-1
2286,TRIPLE,1,1,1,False,-1
2287,TRIPLE,1,1,1,False,-1
2288,TRIPLE,1,1,1,False,-1
2289,TRIPLE,1,1,1,False,-1
2290,SINGLE,1,0,0,False,-1
2291,DOUBLE,1,1,0,False,-1
2292,TRIPLE,1,1,1,False,-1
2293,DOUBLE,1,1,0,False,-1
2294,SINGLE,1,0,0,False,-1
2295,TRIPLE,1,1,1,False,-1
2296,TRIPLE,1,1,1,False,-1
2297,DOUBLE,1,1,0,False,-1
2298,DOUBLE,1,1,0,False,-1
2299,DOUBLE,1,1,0,False,-1
2300,TRIPLE,1,1,1,False,-1
2301,SINGLE,1,0,0,False,-1
2302,TRIPLE,1,1,1,False,-1
2303,DOUBLE,1,1,0,False,-1
2304,TRIPLE,1,1,1,False,-1
2305,SINGLE,1,0,0,False,-1
2306,DOUBLE,1,1,0,False,-1
2307,TRIPLE,1,1,1,False,-1
2308,DOUBLE,1,1,0,False,-1
2309,DOUBLE,1,1,0,False,-1
2310,TRIPLE,1,1,1,False,-1
2311,TRIPLE,1,1,1,False,-1
2312,TRIPLE,1,1,1,False,-1
2313,TRIPLE,1,1,1,False,-1
2314,TRIPLE,1,1,1,False,-1
2315,TRIPLE,1,1,1,False,-1
2316,DOUBLE,1,1,0,False,-1
2317,TRIPLE,1,1,1,False,-1
2318,DOUBLE,1,1,0,False,-1
2319,TRIPLE,1,1,1,False,-1
2320,DOUBLE,1,1,0,False,-1
2321,SINGLE,1,0,0,False,-1
2322,TRIPLE,1,1,1,False,-1
2323,TRIPLE,1,1,1,False,-1
2324,DOUBLE,1,1,0,False,-1
2325,TRIPLE,1,1,1,False,-1
2326,DOUBLE,1,1,0,False,-1
2327,TRIPLE,1,1,1,False,-1
2328,TRIPLE,1,1,1,False,-1
2329,DOUBLE,1,1,0,False,-1
2330,TRIPLE,1,1,1,False,-1
2331,TRIPLE,1,1,1,False,-1
2332,TRIPLE,1,1,1,False,-1
2333,DOUBLE,1,1,0,False,-1
2334,TRIPLE,1,1,1,False,-1
2335,DOUBLE,1,1,0,False,-1
2336,DOUBLE,1,1,0,False,-1
2337,TRIPLE,1,1,1,False,-1
2338,TRIPLE,1,1,1,False,-1
2339,TRIPLE,1,1,1,False,-1
2340,TRIPLE,1,1,1,False,-1
2341,TRIPLE,1,1,1,False,-1
2342,TRIPLE,1,1,1,False,-1
2343,TRIPLE,1,1,1,False,-1
2344,SINGLE,1,0,0,False,-1
2345,TRIPLE,1,1,1,False,-1
2346,TRIPLE,1,1,1,False,-1
2347,TRIPLE,1,1,1,False,-1
2348,TRIPLE,1,1,1,False,-1
2349,TRIPLE,1,1,1,False,-1
2350,SINGLE,1,0,0,False,-1
2351,TRIPLE,1,1,1,False,-1
2352,TRIPLE,1,1,1,False,-1
2353,DOUBLE,1,1,0,False,-1
2354,DOUBLE,1,1,0,False,-1
2355,DOUBLE,1,1,0,False,-1
2356,TRIPLE,1,1,1,False,-1
2357,TRIPLE,1,1,1,False,-1
2358,SINGLE,1,0,0,False,-1
2359,TRIPLE,1,1,1,False,-1
2360,SINGLE,1,0,0,False,-1
2361,DOUBLE,1,1,0,False,-1
2362,TRIPLE,1,1,1,False,-1
2363,DOUBLE,1,1,0,False,-1
2364,DOUBLE,1,1,0,False,-1
2365,TRIPLE,1,1,1,False,-1
2366,TRIPLE,1,1,1,False,-1
2367,DOUBLE,1,1,0,False,-1
2368,DOUBLE,1,1,0,False,-1
2369,TRIPLE,1,1,1,False,-1
2370,TRIPLE,1,1,1,False,-1
2371,TRIPLE,1,1,1,False,-1
2372,DOUBLE,1,1,0,False,-1
2373,TRIPLE,1,1,1,False,-1
2374,DOUBLE,1,1,0,False,-1
2375,DOUBLE,1,1,0,False,-1
2376,DOUBLE,1,1,0,False,-1
2377,TRIPLE,1,1,1,False,-1
2378,DOUBLE,1,1,0,False,-1
2379,TRIPLE,1,1,1,False,-1
2380,DOUBLE,1,1,0,False,-1
2381,TRIPLE,1,1,1,False,-1
2382,TRIPLE,1,1,1,False,-1
2383,TRIPLE,1,1,1,False,-1
2384,SINGLE,1,0,0,False,-1
2385,TRIPLE,1,1,1,False,-1
2386,TRIPLE,1,1,1,False,-1
2387,TRIPLE,1,1,1,False,-1
2388,TRIPLE,1,1,1,False,-1
2389,DOUBLE,1,1,0,False,-1
2390,SINGLE,1,0,0,False,-1
2391,TRIPLE,1,1,1,False,-1
2392,DOUBLE,1,1,0,False,-1
2393,DOUBLE,1,1,0,False,-1
2394,TRIPLE,1,1,1,False,-1
2395,SINGLE,1,0,0,False,-1
2396,SINGLE,1,0,0,False,-1
2397,DOUBLE,1,1,0,False,-1
2398,TRIPLE,1,1,1,False,-1
2399,TRIPLE,1,1,1,False,-1
2400,TRIPLE,1,1,1,False,-1
2401,TRIPLE,1,1,1,False,-1
2402,DOUBLE,1,1,0,False,-1
2403,DOUBLE,1,1,0,False,-1
2404,TRIPLE,1,1,1,False,-1
2405,DOUBLE,1,1,0,False,-1
2406,DOUBLE,1,1,0,False,-1
2407,TRIPLE,1,1,1,False,-1
2408,DOUBLE,1,1,0,False,-1
2409,TRIPLE,1,1,1,False,-1
2410,TRIPLE,1,1,1,False,-1
2411,TRIPLE,1,1,1,False,-1
2412,SINGLE,1,0,0,False,-1
2413,DOUBLE,1,1,0,False,-1
2414,TRIPLE,1,1,1,False,-1
2415,TRIPLE,1,1,1,False,-1
2416,DOUBLE,1,1,0,False,-1
2417,SINGLE,1,0,0,False,-1
2418,TRIPLE,1,1,1,False,-1
2419,DOUBLE,1,1,0,False,-1
2420,TRIPLE,1,1,1,False,-1
2421,DOUBLE,1,1,0,False,-1
2422,TRIPLE,1,1,1,False,-1
2423,DOUBLE,1,1,0,False,-1
2424,DOUBLE,1,1,0,False,-1
2425,TRIPLE,1,1,1,False,-1
2426,TRIPLE,1,1,1,False,-1
2427,TRIPLE,1,1,1,False,-1
2428,TRIPLE,1,1,1,False,-1
2429,TRIPLE,1,1,1,False,-1
2430,DOUBLE,1,1,0,False,-1
2431,DOUBLE,1,1,0,False,-1
2432,TRIPLE,1,1,1,False,-1
2433,SINGLE,1,0,0,False,-1
2434,SINGLE,1,0,0,False,-1
2435,TRIPLE,1,1,1,False,-1
2436,TRIPLE,1,1,1,False,-1
2437,TRIPLE,1,1,1,False,-1
2438,TRIPLE,1,1,1,False,-1
2439,SINGLE,1,0,0,False,-1
2440,TRIPLE,1,1,1,False,-1
2441,TRIPLE,1,1,1,False,-1
2442,TRIPLE,1,1,1,False,-1
2443,TRIPLE,1,1,1,False,-1
2444,DOUBLE,1,1,0,False,-1
2445,TRIPLE,1,1,1,False,-1
2446,DOUBLE,1,1,0,False,-1
2447,TRIPLE,1,1,1,False,-1
2448,DOUBLE,1,1,0,False,-1
2449,TRIPLE,1,1,1,False,-1
2450,SINGLE,1,0,0,False,-1
2451,TRIPLE,1,1,1,False,-1
2452,TRIPLE,1,1,1,False,-1
2453,TRIPLE,1,1,1,False,-1
2454,DOUBLE,1,1,0,False,-1
2455,SINGLE,1,0,0,False,-1
2456,TRIPLE,1,1,1,False,-1
2457,TRIPLE,1,1,1,False,-1
2458,TRIPLE,1,1,1,False,-1
2459,TRIPLE,1,1,1,False,-1
2460,SINGLE,1,0,0,False,-1
2461,TRIPLE,1,1,1,False,-1
2462,TRIPLE,1,1,1,False,-1
2463,TRIPLE,1,1,1,False,-1
2464,TRIPLE,1,1,1,False,-1
2465,DOUBLE,1,1,0,False,-1
2466,TRIPLE,1,1,1,False,-1
2467,TRIPLE,1,1,1,False,-1
2468,TRIPLE,1,1,1,False,-1
2469,TRIPLE,1,1,1,False,-1
2470,TRIPLE,1,1,1,False,-1
2471,DOUBLE,1,1,0,False,-1
2472,DOUBLE,1,1,0,False,-1
2473,TRIPLE,1,1,1,False,-1
2474,DOUBLE,1,1,0,False,-1
2475,TRIPLE,1,1,1,False,-1
2476,TRIPLE,1,1,1,False,-1
2477,DOUBLE,1,1,0,False,-1
2478,TRIPLE,1,1,1,False,-1
2479,SINGLE,1,0,0,False,-1
2480,SINGLE,1,0,0,False,-1
2481,TRIPLE,1,1,1,False,-1
2482,TRIPLE,1,1,1,False,-1
2483,DOUBLE,1,1,0,False,-1
2484,TRIPLE,1,1,1,False,-1
2485,TRIPLE,1,1,1,False,-1
2486,DOUBLE,1,1,0,False,-1
2487,DOUBLE,1,1,0,False,-1
2488,DOUBLE,1,1,0,False,-1
2489,DOUBLE,1,1,0,False,-1
2490,TRIPLE,1,1,1,False,-1
2491,TRIPLE,1,1,1,False,-1
2492,DOUBLE,1,1,0,False,-1
2493,DOUBLE,1,1,0,False,-1
2494,TRIPLE,1,1,1,False,-1
2495,TRIPLE,1,1,1,False,-1
2496,DOUBLE,1,1,0,False,-1
2497,TRIPLE,1,1,1,False,-1
2498,SINGLE,1,0,0,False,-1
2499,TRIPLE,1,1,1,False,-1
2500,TRIPLE,1,1,1,False,-1
2501,TRIPLE,1,1,1,False,-1
2502,TRIPLE,1,1,1,False,-1
2503,DOUBLE,1,1,0,False,-1
2504,TRIPLE,1,1,1,False,-1
2505,TRIPLE,1,1,1,False,-1
2506,DOUBLE,1,1,0,False,-1
2507,DOUBLE,1,1,0,False,-1
2508,TRIPLE,1,1,1,False,-1
2509,TRIPLE,1,1,1,False,-1
2510,TRIPLE,1,1,1,False,-1
2511,DOUBLE,1,1,0,False,-1
2512,SINGLE,1,0,0,False,-1
2513,TRIPLE,1,1,1,False,-1
2514,TRIPLE,1,1,1,False,-1
2515,TRIPLE,1,1,1,False,-1
2516,DOUBLE,1,1,0,False,-1
2517,DOUBLE,1,1,0,False,-1
2518,TRIPLE,1,1,1,False,-1
2519,DOUBLE,1,1,0,False,-1
2520,TRIPLE,1,1,1,False,-1
2521,TRIPLE,1,1,1,False,-1
2522,TRIPLE,1,1,1,False,-1
2523,DOUBLE,1,1,0,False,-1
2524,DOUBLE,1,1,0,False,-1
2525,TRIPLE,1,1,1,False,-1
2526,TRIPLE,1,1,1,False,-1
2527,TRIPLE,1,1,1,False,-1
2528,TRIPLE,1,1,1,False,-1
2529,TRIPLE,1,1,1,False,-1
2530,TRIPLE,1,1,1,False,-1
2531,TRIPLE,1,1,1,False,-1
2532,TRIPLE,1,1,1,False,-1
2533,SINGLE,1,0,0,False,-1
2534,DOUBLE,1,1,0,False,-1
2535,DOUBLE,1,1,0,False,-1
2536,TRIPLE,1,1,1,False,-1
2537,DOUBLE,1,1,0,False,-1
2538,TRIPLE,1,1,1,False,-1
2539,SINGLE,1,0,0,False,-1
2540,DOUBLE,1,1,0,False,-1
2541,TRIPLE,1,1,1,False,-1
2542,DOUBLE,1,1,0,False,-1
2543,DOUBLE,1,1,0,False,-1
2544,TRIPLE,1,1,1,False,-1
2545,TRIPLE,1,1,1,False,-1
2546,DOUBLE,1,1,0,False,-1
2547,TRIPLE,1,1,1,False,-1
2548,DOUBLE,1,1,0,False,-1
2549,TRIPLE,1,1,1,False,-1
2550,TRIPLE,1,1,1,False,-1
2551,DOUBLE,1,1,0,False,-1
2552,DOUBLE,1,1,0,False,-1
2553,TRIPLE,1,1,1,False,-1
2554,TRIPLE,1,1,1,False,-1
2555,TRIPLE,1,1,1,False,-1
2556,TRIPLE,1,1,1,False,-1
2557,TRIPLE,1,1,1,False,-1
2558,DOUBLE,1,1,0,False,-1
2559,TRIPLE,1,1,1,False,-1
2560,TRIPLE,1,1,1,False,-1
2561,DOUBLE,1,1,0,False,-1
2562,TRIPLE,1,1,1,False,-1
2563,TRIPLE,1,1,1,False,-1
2564,TRIPLE,1,1,1,False,-1
2565,TRIPLE,1,1,1,False,-1
2566,TRIPLE,1,1,1,False,-1
2567,SINGLE,1,0,0,False,-1
2568,DOUBLE,1,1,0,False,-1
2569,TRIPLE,1,1,1,False,-1
2570,SINGLE,1,0,0,False,-1
2571,TRIPLE,1,1,1,False,-1
2572,TRIPLE,1,1,1,False,-1
2573,SINGLE,1,0,0,False,-1
2574,DOUBLE,1,1,0,False,-1
2575,TRIPLE,1,1,1,False,-1
2576,TRIPLE,1,1,1,False,-1
2577,TRIPLE,1,1,1,False,-1
2578,TRIPLE,1,1,1,False,-1
2579,DOUBLE,1,1,0,False,-1
2580,DOUBLE,1,1,0,False,-1
2581,DOUBLE,1,1,0,False,-1
2582,SINGLE,1,0,0,False,-1
2583,TRIPLE,1,1,1,False,-1
2584,TRIPLE,1,1,1,False,-1
2585,TRIPLE,1,1,1,False,-1
2586,DOUBLE,1,1,0,False,-1
2587,TRIPLE,1,1,1,False,-1
2588,TRIPLE,1,1,1,False,-1
2589,TRIPLE,1,1,1,False,-1
2590,SINGLE,1,0,0,False,-1
2591,DOUBLE,1,1,0,False,-1
2592,TRIPLE,1,1,1,False,-1
2593,DOUBLE,1,1,0,False,-1
2594,TRIPLE,1,1,1,False,-1
2595,TRIPLE,1,1,1,False,-1
2596,DOUBLE,1,1,0,False,-1
2597,TRIPLE,1,1,1,False,-1
2598,DOUBLE,1,1,0,False,-1
2599,DOUBLE,1,1,0,False,-1
2600,DOUBLE,1,1,0,False,-1
2601,TRIPLE,1,1,1,False,-1
2602,DOUBLE,1,1,0,False,-1
2603,DOUBLE,1,1,0,False,-1
2604,DOUBLE,1,1,0,False,-1
2605,DOUBLE,1,1,0,False,-1
2606,SINGLE,1,0,0,False,-1
2607,TRIPLE,1,1,1,False,-1
2608,TRIPLE,1,1,1,False,-1
2609,TRIPLE,1,1,1,False,-1
2610,DOUBLE,1,1,0,False,-1
2611,SINGLE,1,0,0,False,-1
2612,TRIPLE,1,1,1,False,-1
2613,TRIPLE,1,1,1,False,-1
2614,DOUBLE,1,1,0,False,-1
2615,DOUBLE,1,1,0,False,-1
2616,DOUBLE,1,1,0,False,-1
2617,DOUBLE,1,1,0,False,-1
2618,TRIPLE,1,1,1,False,-1
2619,TRIPLE,1,1,1,False,-1
2620,TRIPLE,1,1,1,False,-1
2621,DOUBLE,1,1,0,False,-1
2622,DOUBLE,1,1,0,False,-1
2623,SINGLE,1,0,0,False,-1
2624,TRIPLE,1,1,1,False,-1
2625,SINGLE,1,0,0,False,-1
2626,TRIPLE,1,1,1,False,-1
2627,TRIPLE,1,1,1,False,-1
2628,DOUBLE,1,1,0,False,-1
2629,TRIPLE,1,1,1,False,-1
2630,TRIPLE,1,1,1,False,-1
2631,TRIPLE,1,1,1,False,-1
2632,TRIPLE,1,1,1,False,-1
2633,SINGLE,1,0,0,False,-1
2634,DOUBLE,1,1,0,False,-1
2635,DOUBLE,1,1,0,False,-1
2636,TRIPLE,1,1,1,False,-1
2637,DOUBLE,1,1,0,False,-1
2638,DOUBLE,1,1,0,False,-1
2639,TRIPLE,1,1,1,False,-1
2640,TRIPLE,1,1,1,False,-1
2641,DOUBLE,1,1,0,False,-1
2642,TRIPLE,1,1,1,False,-1
2643,TRIPLE,1,1,1,False,-1
2644,TRIPLE,1,1,1,False,-1
2645,SINGLE,1,0,0,False,-1
2646,SINGLE,1,0,0,False,-1
2647,TRIPLE,1,1,1,False,-1
2648,DOUBLE,1,1,0,False,-1
2649,DOUBLE,1,1,0,False,-1
2650,TRIPLE,1,1,1,False,-1
2651,DOUBLE,1,1,0,False,-1
2652,TRIPLE,1,1,1,False,-1
2653,TRIPLE,1,1,1,False,-1
2654,TRIPLE,1,1,1,False,-1
2655,DOUBLE,1,1,0,False,-1
2656,TRIPLE,1,1,1,False,-1
2657,DOUBLE,1,1,0,False,-1
2658,TRIPLE,1,1,1,False,-1
2659,TRIPLE,1,1,1,False,-1
2660,DOUBLE,1,1,0,False,-1
2661,TRIPLE,1,1,1,False,-1
2662,DOUBLE,1,1,0,False,-1
2663,TRIPLE,1,1,1,False,-1
2664,TRIPLE,1,1,1,False,-1
2665,TRIPLE,1,1,1,False,-1
2666,DOUBLE,1,1,0,False,-1
2667,DOUBLE,1,1,0,False,-1
2668,TRIPLE,1,1,1,False,-1
2669,SINGLE,1,0,0,False,-1
2670,TRIPLE,1,1,1,False,-1
2671,TRIPLE,1,1,1,False,-1
2672,DOUBLE,1,1,0,False,-1
2673,TRIPLE,1,1,1,False,-1
2674,TRIPLE,1,1,1,False,-1
2675,TRIPLE,1,1,1,False,-1
2676,TRIPLE,1,1,1,False,-1
2677,SINGLE,1,0,0,False,-1
2678,TRIPLE,1,1,1,False,-1
2679,TRIPLE,1,1,1,False,-1
2680,TRIPLE,1,1,1,False,-1
2681,TRIPLE,1,1,1,False,-1
2682,DOUBLE,1,1,0,False,-1
2683,SINGLE,1,0,0,False,-1
2684,DOUBLE,1,1,0,False,-1
2685,TRIPLE,1,1,1,False,-1
2686,TRIPLE,1,1,1,False,-1
2687,TRIPLE,1,1,1,False,-1
2688,TRIPLE,1,1,1,False,-1
2689,TRIPLE,1,1,1,False,-1
2690,DOUBLE,1,1,0,False,-1
2691,SINGLE,1,0,0,False,-1
2692,TRIPLE,1,1,1,False,-1
2693,TRIPLE,1,1,1,False,-1
2694,TRIPLE,1,1,1,False,-1
2695,TRIPLE,1,1,1,False,-1
2696,TRIPLE,1,1,1,False,-1
2697,TRIPLE,1,1,1,False,-1
2698,TRIPLE,1,1,1,False,-1
2699,DOUBLE,1,1,0,False,-1
2700,DOUBLE,1,1,0,False,-1
2701,SINGLE,1,0,0,False,-1
2702,DOUBLE,1,1,0,False,-1
2703,TRIPLE,1,1,1,False,-1
2704,TRIPLE,1,1,1,False,-1
2705,DOUBLE,1,1,0,False,-1
2706,DOUBLE,1,1,0,False,-1
2707,DOUBLE,1,1,0,False,-1
2708,DOUBLE,1,1,0,False,-1
2709,TRIPLE,1,1,1,False,-1
2710,DOUBLE,1,1,0,False,-1
2711,TRIPLE,1,1,1,False,-1
2712,TRIPLE,1,1,1,False,-1
2713,TRIPLE,1,1,1,False,-1
2714,DOUBLE,1,1,0,False,-1
2715,TRIPLE,1,1,1,False,-1
2716,DOUBLE,1,1,0,False,-1
2717,TRIPLE,1,1,1,False,-1
2718,DOUBLE,1,1,0,False,-1
2719,TRIPLE,1,1,1,False,-1
2720,TRIPLE,1,1,1,False,-1
2721,TRIPLE,1,1,1,False,-1
2722,SINGLE,1,0,0,False,-1
2723,SINGLE,1,0,0,False,-1
2724,TRIPLE,1,1,1,False,-1
2725,DOUBLE,1,1,0,False,-1
2726,TRIPLE,1,1,1,False,-1
2727,TRIPLE,1,1,1,False,-1
2728,DOUBLE,1,1,0,False,-1
2729,TRIPLE,1,1,1,False,-1
2730,DOUBLE,1,1,0,False,-1
2731,TRIPLE,1,1,1,False,-1
2732,TRIPLE,1,1,1,False,-1
2733,SINGLE,1,0,0,False,-1
2734,DOUBLE,1,1,0,False,-1
2735,DOUBLE,1,1,0,False,-1
2736,DOUBLE,1,1,0,False,-1
2737,TRIPLE,1,1,1,False,-1
2738,DOUBLE,1,1,0,False,-1
2739,DOUBLE,1,1,0,False,-1
2740,TRIPLE,1,1,1,False,-1
2741,TRIPLE,1,1,1,False,-1
2742,TRIPLE,1,1,1,False,-1
2743,TRIPLE,1,1,1,False,-1
2744,TRIPLE,1,1,1,False,-1
2745,TRIPLE,1,1,1,False,-1
2746,TRIPLE,1,1,1,False,-1
2747,DOUBLE,1,1,0,False,-1
2748,DOUBLE,1,1,0,False,-1
2749,TRIPLE,1,1,1,False,-1
2750,TRIPLE,1,1,1,False,-1
2751,TRIPLE,1,1,1,False,-1
2752,DOUBLE,1,1,0,False,-1
2753,DOUBLE,1,1,0,False,-1
2754,TRIPLE,1,1,1,False,-1
2755,TRIPLE,1,1,1,False,-1
2756,TRIPLE,1,1,1,False,-1
2757,TRIPLE,1,1,1,False,-1
2758,SINGLE,1,0,0,False,-1
2759,TRIPLE,1,1,1,False,-1
2760,TRIPLE,1,1,1,False,-1
2761,SINGLE,1,0,0,False,-1
2762,TRIPLE,1,1,1,False,-1
2763,SINGLE,1,0,0,False,-1
2764,TRIPLE,1,1,1,False,-1
2765,TRIPLE,1,1,1,False,-1
2766,TRIPLE,1,1,1,False,-1
2767,TRIPLE,1,1,1,False,-1
2768,DOUBLE,1,1,0,False,-1
2769,TRIPLE,1,1,1,False,-1
2770,DOUBLE,1,1,0,False,-1
2771,TRIPLE,1,1,1,False,-1
2772,TRIPLE,1,1,1,False,-1
2773,TRIPLE,1,1,1,False,-1
2774,SINGLE,1,0,0,False,-1
2775,DOUBLE,1,1,0,False,-1
2776,TRIPLE,1,1,1,False,-1
2777,TRIPLE,1,1,1,False,-1
2778,SINGLE,1,0,0,False,-1
2779,TRIPLE,1,1,1,False,-1
2780,TRIPLE,1,1,1,False,-1
2781,SINGLE,1,0,0,False,-1
2782,TRIPLE,1,1,1,False,-1
2783,SINGLE,1,0,0,False,-1
2784,TRIPLE,1,1,1,False,-1
2785,TRIPLE,1,1,1,False,-1
2786,TRIPLE,1,1,1,False,-1
2787,DOUBLE,1,1,0,False,-1
2788,DOUBLE,1,1,0,False,-1
2789,DOUBLE,1,1,0,False,-1
2790,TRIPLE,1,1,1,False,-1
2791,DOUBLE,1,1,0,False,-1
2792,TRIPLE,1,1,1,False,-1
2793,DOUBLE,1,1,0,False,-1
2794,DOUBLE,1,1,0,False,-1
2795,DOUBLE,1,1,0,False,-1
2796,DOUBLE,1,1,0,False,-1
2797,DOUBLE,1,1,0,False,-1
2798,TRIPLE,1,1,1,False,-1
2799,SINGLE,1,0,0,False,-1
2800,SINGLE,1,0,0,False,-1
2801,TRIPLE,1,1,1,False,-1
2802,SINGLE,1,0,0,False,-1
2803,TRIPLE,1,1,1,False,-1
2804,TRIPLE,1,1,1,False,-1
2805,TRIPLE,1,1,1,False,-1
2806,DOUBLE,1,1,0,False,-1
2807,TRIPLE,1,1,1,False,-1
2808,DOUBLE,1,1,0,False,-1
2809,TRIPLE,1,1,1,False,-1
2810,TRIPLE,1,1,1,False,-1
2811,TRIPLE,1,1,1,False,-1
2812,SINGLE,1,0,0,False,-1
2813,TRIPLE,1,1,1,False,-1
2814,DOUBLE,1,1,0,False,-1
2815,SINGLE,1,0,0,False,-1
2816,TRIPLE,1,1,1,False,-1
2817,DOUBLE,1,1,0,False,-1
2818,TRIPLE,1,1,1,False,-1
2819,DOUBLE,1,1,0,False,-1
2820,TRIPLE,1,1,1,False,-1
2821,TRIPLE,1,1,1,False,-1
2822,TRIPLE,1,1,1,False,-1
2823,DOUBLE,1,1,0,False,-1
2824,SINGLE,1,0,0,False,-1
2825,DOUBLE,1,1,0,False,-1
2826,TRIPLE,1,1,1,False,-1
2827,SINGLE,1,0,0,False,-1
2828,DOUBLE,1,1,0,False,-1
2829,TRIPLE,1,1,1,False,-1
2830,DOUBLE,1,1,0,False,-1
2831,SINGLE,1,0,0,False,-1
2832,TRIPLE,1,1,1,False,-1
2833,TRIPLE,1,1,1,False,-1
2834,SINGLE,1,0,0,False,-1
2835,TRIPLE,1,1,1,False,-1
2836,TRIPLE,1,1,1,False,-1
2837,DOUBLE,1,1,0,False,-1
2838,TRIPLE,1,1,1,False,-1
2839,DOUBLE,1,1,0,False,-1
2840,TRIPLE,1,1,1,False,-1
2841,TRIPLE,1,1,1,False,-1
2842,DOUBLE,1,1,0,False,-1
2843,DOUBLE,1,1,0,False,-1
2844,DOUBLE,1,1,0,False,-1
2845,DOUBLE,1,1,0,False,-1
2846,DOUBLE,1,1,0,False,-1
2847,DOUBLE,1,1,0,False,-1
2848,SINGLE,1,0,0,False,-1
2849,TRIPLE,1,1,1,False,-1
2850,DOUBLE,1,1,0,False,-1
2851,SINGLE,1,0,0,False,-1
2852,DOUBLE,1,1,0,False,-1
2853,TRIPLE,1,1,1,False,-1
2854,SINGLE,1,0,0,False,-1
2855,TRIPLE,1,1,1,False,-1
2856,DOUBLE,1,1,0,False,-1
2857,SINGLE,1,0,0,False,-1
2858,TRIPLE,1,1,1,False,-1
2859,DOUBLE,1,1,0,False,-1
2860,TRIPLE,1,1,1,False,-1
2861,TRIPLE,1,1,1,False,-1
2862,TRIPLE,1,1,1,False,-1
2863,TRIPLE,1,1,1,False,-1
2864,DOUBLE,1,1,0,False,-1
2865,TRIPLE,1,1,1,False,-1
2866,SINGLE,1,0,0,False,-1
2867,TRIPLE,1,1,1,False,-1
2868,TRIPLE,1,1,1,False,-1
2869,TRIPLE,1,1,1,False,-1
2870,DOUBLE,1,1,0,False,-1
2871,TRIPLE,1,1,1,False,-1
2872,DOUBLE,1,1,0,False,-1
2873,TRIPLE,1,1,1,False,-1
2874,SINGLE,1,0,0,False,-1
2875,SINGLE,1,0,0,False,-1
2876,DOUBLE,1,1,0,False,-1
2877,DOUBLE,1,1,0,False,-1
2878,TRIPLE,1,1,1,False,-1
2879,SINGLE,1,0,0,False,-1
2880,TRIPLE,1,1,1,False,-1
2881,DOUBLE,1,1,0,False,-1
2882,DOUBLE,1,1,0,False,-1
2883,DOUBLE,1,1,0,False,-1
2884,DOUBLE,1,1,0,False,-1
2885,TRIPLE,1,1,1,False,-1
2886,DOUBLE,1,1,0,False,-1
2887,DOUBLE,1,1,0,False,-1
2888,TRIPLE,1,1,1,False,-1
2889,TRIPLE,1,1,1,False,-1
2890,SINGLE,1,0,0,False,-1
2891,DOUBLE,1,1,0,False,-1
2892,TRIPLE,1,1,1,False,-1
2893,TRIPLE,1,1,1,False,-1
2894,SINGLE,1,0,0,False,-1
2895,TRIPLE,1,1,1,False,-1
2896,TRIPLE,1,1,1,False,-1
2897,DOUBLE,1,1,0,False,-1
2898,DOUBLE,1,1,0,False,-1
2899,TRIPLE,1,1,1,False,-1
2900,TRIPLE,1,1,1,False,-1
2901,DOUBLE,1,1,0,False,-1
2902,TRIPLE,1,1,1,False,-1
2903,DOUBLE,1,1,0,False,-1
2904,DOUBLE,1,1,0,False,-1
2905,DOUBLE,1,1,0,False,-1
2906,TRIPLE,1,1,1,False,-1
2907,DOUBLE,1,1,0,False,-1
2908,SINGLE,1,0,0,False,-1
2909,TRIPLE,1,1,1,False,-1
2910,DOUBLE,1,1,0,False,-1
2911,TRIPLE,1,1,1,False,-1
2912,TRIPLE,1,1,1,False,-1
2913,SINGLE,1,0,0,False,-1
2914,TRIPLE,1,1,1,False,-1
2915,TRIPLE,1,1,1,False,-1
2916,SINGLE,1,0,0,False,-1
2917,SINGLE,1,0,0,False,-1
2918,TRIPLE,1,1,1,False,-1
2919,TRIPLE,1,1,1,False,-1
2920,DOUBLE,1,1,0,False,-1
2921,TRIPLE,1,1,1,False,-1
2922,TRIPLE,1,1,1,False,-1
2923,TRIPLE,1,1,1,False,-1
2924,TRIPLE,1,1,1,False,-1
2925,SINGLE,1,0,0,False,-1
2926,DOUBLE,1,1,0,False,-1
2927,TRIPLE,1,1,1,False,-1
2928,TRIPLE,1,1,1,False,-1
2929,DOUBLE,1,1,0,False,-1
2930,TRIPLE,1,1,1,False,-1
2931,TRIPLE,1,1,1,False,-1
2932,TRIPLE,1,1,1,False,-1
2933,TRIPLE,1,1,1,False,-1
2934,DOUBLE,1,1,0,False,-1
2935,SINGLE,1,0,0,False,-1
2936,TRIPLE,1,1,1,False,-1
2937,TRIPLE,1,1,1,False,-1
2938,DOUBLE,1,1,0,False,-1
2939,TRIPLE,1,1,1,False,-1
2940,TRIPLE,1,1,1,False,-1
2941,TRIPLE,1,1,1,False,-1
2942,TRIPLE,1,1,1,False,-1
2943,TRIPLE,1,1,1,False,-1
2944,TRIPLE,1,1,1,False,-1
2945,DOUBLE,1,1,0,False,-1
2946,TRIPLE,1,1,1,False,-1
2947,TRIPLE,1,1,1,False,-1
2948,TRIPLE,1,1,1,False,-1
2949,TRIPLE,1,1,1,False,-1
2950,DOUBLE,1,1,0,False,-1
2951,DOUBLE,1,1,0,False,-1
2952,TRIPLE,1,1,1,False,-1
2953,DOUBLE,1,1,0,False,-1
2954,TRIPLE,1,1,1,False,-1
2955,DOUBLE,1,1,0,False,-1
2956,TRIPLE,1,1,1,False,-1
2957,TRIPLE,1,1,1,False,-1
2958,SINGLE,1,0,0,False,-1
2959,TRIPLE,1,1,1,False,-1
2960,TRIPLE,1,1,1,False,-1
2961,DOUBLE,1,1,0,False,-1
2962,TRIPLE,1,1,1,False,-1
2963,TRIPLE,1,1,1,False,-1
2964,TRIPLE,1,1,1,False,-1
2965,TRIPLE,1,1,1,False,-1
2966,SINGLE,1,0,0,False,-1
2967,DOUBLE,1,1,0,False,-1
2968,TRIPLE,1,1,1,False,-1
2969,DOUBLE,1,1,0,False,-1
2970,TRIPLE,1,1,1,False,-1
2971,TRIPLE,1,1,1,False,-1
2972,TRIPLE,1,1,1,False,-1
2973,TRIPLE,1,1,1,False,-1
2974,TRIPLE,1,1,1,False,-1
2975,TRIPLE,1,1,1,False,-1
2976,TRIPLE,1,1,1,False,-1
2977,TRIPLE,1,1,1,False,-1
2978,SINGLE,1,0,0,False,-1
2979,TRIPLE,1,1,1,False,-1
2980,TRIPLE,1,1,1,False,-1
2981,TRIPLE,1,1,1,False,-1
2982,DOUBLE,1,1,0,False,-1
2983,TRIPLE,1,1,1,False,-1
2984,TRIPLE,1,1,1,False,-1
2985,SINGLE,1,0,0,False,-1
2986,DOUBLE,1,1,0,False,-1
2987,TRIPLE,1,1,1,False,-1
2988,TRIPLE,1,1,1,False,-1
2989,TRIPLE,1,1,1,False,-1
2990,TRIPLE,1,1,1,False,-1
2991,DOUBLE,1,1,0,False,-1
2992,SINGLE,1,0,0,False,-1
2993,TRIPLE,1,1,1,False,-1
2994,TRIPLE,1,1,1,False,-1
2995,DOUBLE,1,1,0,False,-1
2996,SINGLE,1,0,0,False,-1
2997,TRIPLE,1,1,1,False,-1
2998,TRIPLE,1,1,1,False,-1
2999,DOUBLE,1,1,0,False,-1
3000,TRIPLE,1,1,1,False,-1
3001,DOUBLE,1,1,0,False,-1
3002,TRIPLE,1,1,1,False,-1
3003,TRIPLE,1,1,1,False,-1
3004,TRIPLE,1,1,1,False,-1
3005,DOUBLE,1,1,0,False,-1
3006,DOUBLE,1,1,0,False,-1
3007,TRIPLE,1,1,1,False,-1
3008,TRIPLE,1,1,1,False,-1
3009,TRIPLE,1,1,1,False,-1
3010,TRIPLE,1,1,1,False,-1
3011,TRIPLE,1,1,1,False,-1
3012,DOUBLE,1,1,0,False,-1
3013,TRIPLE,1,1,1,False,-1
3014,TRIPLE,1,1,1,False,-1
3015,TRIPLE,1,1,1,False,-1
3016,TRIPLE,1,1,1,False,-1
3017,TRIPLE,1,1,1,False,-1
3018,TRIPLE,1,1,1,False,-1
3019,TRIPLE,1,1,1,False,-1
3020,SINGLE,1,0,0,False,-1
3021,TRIPLE,1,1,1,False,-1
3022,TRIPLE,1,1,1,False,-1
3023,SINGLE,1,0,0,False,-1
3024,TRIPLE,1,1,1,False,-1
3025,TRIPLE,1,1,1,False,-1
3026,DOUBLE,1,1,0,False,-1
3027,TRIPLE,1,1,1,False,-1
3028,DOUBLE,1,1,0,False,-1
3029,DOUBLE,1,1,0,False,-1
3030,TRIPLE,1,1,1,False,-1
3031,SINGLE,1,0,0,False,-1
3032,TRIPLE,1,1,1,False,-1
3033,TRIPLE,1,1,1,False,-1
3034,TRIPLE,1,1,1,False,-1
3035,TRIPLE,1,1,1,False,-1
3036,TRIPLE,1,1,1,False,-1
3037,TRIPLE,1,1,1,False,-1
3038,DOUBLE,1,1,0,False,-1
3039,TRIPLE,1,1,1,False,-1
3040,TRIPLE,1,1,1,False,-1
3041,DOUBLE,1,1,0,False,-1
3042,DOUBLE,1,1,0,False,-1
3043,DOUBLE,1,1,0,False,-1
3044,DOUBLE,1,1,0,False,-1
3045,TRIPLE,1,1,1,False,-1
3046,TRIPLE,1,1,1,False,-1
3047,TRIPLE,1,1,1,False,-1
3048,SINGLE,1,0,0,False,-1
3049,DOUBLE,1,1,0,False,-1
3050,TRIPLE,1,1,1,False,-1
3051,TRIPLE,1,1,1,False,-1
3052,TRIPLE,1,1,1,False,-1
3053,TRIPLE,1,1,1,False,-1
3054,TRIPLE,1,1,1,False,-1
3055,TRIPLE,1,1,1,False,-1
3056,TRIPLE,1,1,1,False,-1
3057,TRIPLE,1,1,1,False,-1
3058,DOUBLE,1,1,0,False,-1
3059,SINGLE,1,0,0,False,-1
3060,DOUBLE,1,1,0,False,-1
3061,TRIPLE,1,1,1,False,-1
3062,DOUBLE,1,1,0,False,-1
3063,SINGLE,1,0,0,False,-1
3064,DOUBLE,1,1,0,False,-1
3065,SINGLE,1,0,0,False,-1
3066,DOUBLE,1,1,0,False,-1
3067,TRIPLE,1,1,1,False,-1
3068,DOUBLE,1,1,0,False,-1
3069,TRIPLE,1,1,1,False,-1
3070,TRIPLE,1,1,1,False,-1
3071,TRIPLE,1,1,1,False,-1
3072,DOUBLE,1,1,0,False,-1
3073,TRIPLE,1,1,1,False,-1
3074,TRIPLE,1,1,1,False,-1
3075,DOUBLE,1,1,0,False,-1
3076,TRIPLE,1,1,1,False,-1
3077,TRIPLE,1,1,1,False,-1
3078,TRIPLE,1,1,1,False,-1
3079,TRIPLE,1,1,1,False,-1
3080,TRIPLE,1,1,1,False,-1
3081,TRIPLE,1,1,1,False,-1
3082,TRIPLE,1,1,1,False,-1
3083,DOUBLE,1,1,0,False,-1
3084,SINGLE,1,0,0,False,-1
3085,DOUBLE,1,1,0,False,-1
3086,SINGLE,1,0,0,False,-1
3087,TRIPLE,1,1,1,False,-1
3088,DOUBLE,1,1,0,False,-1
3089,TRIPLE,1,1,1,False,-1
3090,TRIPLE,1,1,1,False,-1
3091,TRIPLE,1,1,1,False,-1
3092,TRIPLE,1,1,1,False,-1
3093,TRIPLE,1,1,1,False,-1
3094,TRIPLE,1,1,1,False,-1
3095,SINGLE,1,0,0,False,-1
3096,TRIPLE,1,1,1,False,-1
3097,TRIPLE,1,1,1,False,-1
3098,TRIPLE,1,1,1,False,-1
3099,SINGLE,1,0,0,False,-1
3100,TRIPLE,1,1,1,False,-1
3101,DOUBLE,1,1,0,False,-1
3102,TRIPLE,1,1,1,False,-1
3103,TRIPLE,1,1,1,False,-1
3104,TRIPLE,1,1,1,False,-1
3105,DOUBLE,1,1,0,False,-1
3106,TRIPLE,1,1,1,False,-1
3107,DOUBLE,1,1,0,False,-1
3108,DOUBLE,1,1,0,False,-1
3109,DOUBLE,1,1,0,False,-1
3110,TRIPLE,1,1,1,False,-1
3111,SINGLE,1,0,0,False,-1
3112,TRIPLE,1,1,1,False,-1
3113,TRIPLE,1,1,1,False,-1
3114,TRIPLE,1,1,1,False,-1
3115,DOUBLE,1,1,0,False,-1
3116,DOUBLE,1,1,0,False,-1
3117,SINGLE,1,0,0,False,-1
3118,TRIPLE,1,1,1,False,-1
3119,TRIPLE,1,1,1,False,-1
3120,DOUBLE,1,1,0,False,-1
3121,DOUBLE,1,1,0,False,-1
3122,DOUBLE,1,1,0,False,-1
3123,TRIPLE,1,1,1,False,-1
3124,SINGLE,1,0,0,False,-1
3125,TRIPLE,1,1,1,False,-1
3126,TRIPLE,1,1,1,False,-1
3127,TRIPLE,1,1,1,False,-1
3128,DOUBLE,1,1,0,False,-1
3129,TRIPLE,1,1,1,False,-1
3130,SINGLE,1,0,0,False,-1
3131,TRIPLE,1,1,1,False,-1
3132,DOUBLE,1,1,0,False,-1
3133,TRIPLE,1,1,1,False,-1
3134,TRIPLE,1,1,1,False,-1
3135,TRIPLE,1,1,1,False,-1
3136,DOUBLE,1,1,0,False,-1
3137,SINGLE,1,0,0,False,-1
3138,TRIPLE,1,1,1,False,-1
3139,TRIPLE,1,1,1,False,-1
3140,TRIPLE,1,1,1,False,-1
3141,SINGLE,1,0,0,False,-1
3142,TRIPLE,1,1,1,False,-1
3143,TRIPLE,1,1,1,False,-1
3144,DOUBLE,1,1,0,False,-1
3145,DOUBLE,1,1,0,False,-1
3146,TRIPLE,1,1,1,False,-1
3147,TRIPLE,1,1,1,False,-1
3148,DOUBLE,1,1,0,False,-1
3149,TRIPLE,1,1,1,False,-1
3150,TRIPLE,1,1,1,False,-1
3151,TRIPLE,1,1,1,False,-1
3152,DOUBLE,1,1,0,False,-1
3153,DOUBLE,1,1,0,False,-1
3154,TRIPLE,1,1,1,False,-1
3155,SINGLE,1,0,0,False,-1
3156,TRIPLE,1,1,1,False,-1
3157,TRIPLE,1,1,1,False,-1
3158,TRIPLE,1,1,1,False,-1
3159,TRIPLE,1,1,1,False,-1
3160,TRIPLE,1,1,1,False,-1
3161,SINGLE,1,0,0,False,-1
3162,DOUBLE,1,1,0,False,-1
3163,TRIPLE,1,1,1,False,-1
3164,DOUBLE,1,1,0,False,-1
3165,DOUBLE,1,1,0,False,-1
3166,SINGLE,1,0,0,False,-1
3167,DOUBLE,1,1,0,False,-1
3168,TRIPLE,1,1,1,False,-1
3169,SINGLE,1,0,0,False,-1
3170,TRIPLE,1,1,1,False,-1
3171,SINGLE,1,0,0,False,-1
3172,DOUBLE,1,1,0,False,-1
3173,TRIPLE,1,1,1,False,-1
3174,SINGLE,1,0,0,False,-1
3175,TRIPLE,1,1,1,False,-1
3176,SINGLE,1,0,0,False,-1
3177,DOUBLE,1,1,0,False,-1
3178,DOUBLE,1,1,0,False,-1
3179,DOUBLE,1,1,0,False,-1
3180,TRIPLE,1,1,1,False,-1
3181,DOUBLE,1,1,0,False,-1
3182,TRIPLE,1,1,1,False,-1
3183,TRIPLE,1,1,1,False,-1
3184,TRIPLE,1,1,1,False,-1
3185,TRIPLE,1,1,1,False,-1
3186,DOUBLE,1,1,0,False,-1
3187,DOUBLE,1,1,0,False,-1
3188,TRIPLE,1,1,1,False,-1
3189,SINGLE,1,0,0,False,-1
3190,DOUBLE,1,1,0,False,-1
3191,DOUBLE,1,1,0,False,-1
3192,TRIPLE,1,1,1,False,-1
3193,TRIPLE,1,1,1,False,-1
3194,TRIPLE,1,1,1,False,-1
3195,SINGLE,1,0,0,False,-1
3196,DOUBLE,1,1,0,False,-1
3197,TRIPLE,1,1,1,False,-1
3198,TRIPLE,1,1,1,False,-1
3199,SINGLE,1,0,0,False,-1
3200,TRIPLE,1,1,1,False,-1
3201,SINGLE,1,0,0,False,-1
3202,DOUBLE,1,1,0,False,-1
3203,DOUBLE,1,1,0,False,-1
3204,SINGLE,1,0,0,False,-1
3205,SINGLE,1,0,0,False,-1
3206,DOUBLE,1,1,0,False,-1
3207,TRIPLE,1,1,1,False,-1
3208,TRIPLE,1,1,1,False,-1
3209,DOUBLE,1,1,0,False,-1
3210,SINGLE,1,0,0,False,-1
3211,TRIPLE,1,1,1,False,-1
3212,TRIPLE,1,1,1,False,-1
3213,TRIPLE,1,1,1,False,-1
3214,TRIPLE,1,1,1,False,-1
3215,DOUBLE,1,1,0,False,-1
3216,DOUBLE,1,1,0,False,-1
3217,TRIPLE,1,1,1,False,-1
3218,TRIPLE,1,1,1,False,-1
3219,SINGLE,1,0,0,False,-1
3220,TRIPLE,1,1,1,False,-1
3221,TRIPLE,1,1,1,False,-1
3222,TRIPLE,1,1,1,False,-1
3223,SINGLE,1,0,0,False,-1
3224,TRIPLE,1,1,1,False,-1
3225,TRIPLE,1,1,1,False,-1
3226,TRIPLE,1,1,1,False,-1
3227,TRIPLE,1,1,1,False,-1
3228,DOUBLE,1,1,0,False,-1
3229,TRIPLE,1,1,1,False,-1
3230,TRIPLE,1,1,1,False,-1
3231,DOUBLE,1,1,0,False,-1
3232,TRIPLE,1,1,1,False,-1
3233,TRIPLE,1,1,1,False,-1
3234,TRIPLE,1,1,1,False,-1
3235,SINGLE,1,0,0,False,-1
3236,SINGLE,1,0,0,False,-1
3237,SINGLE,1,0,0,False,-1
3238,DOUBLE,1,1,0,False,-1
3239,TRIPLE,1,1,1,False,-1
3240,TRIPLE,1,1,1,False,-1
3241,DOUBLE,1,1,0,False,-1
3242,DOUBLE,1,1,0,False,-1
3243,TRIPLE,1,1,1,False,-1
3244,DOUBLE,1,1,0,False,-1
3245,TRIPLE,1,1,1,False,-1
3246,TRIPLE,1,1,1,False,-1
3247,TRIPLE,1,1,1,False,-1
3248,SINGLE,1,0,0,False,-1
3249,TRIPLE,1,1,1,False,-1
3250,TRIPLE,1,1,1,False,-1
3251,SINGLE,1,0,0,False,-1
3252,TRIPLE,1,1,1,False,-1
3253,TRIPLE,1,1,1,False,-1
3254,TRIPLE,1,1,1,False,-1
3255,DOUBLE,1,1,0,False,-1
3256,TRIPLE,1,1,1,False,-1
3257,TRIPLE,1,1,1,False,-1
3258,DOUBLE,1,1,0,False,-1
3259,DOUBLE,1,1,0,False,-1
3260,TRIPLE,1,1,1,False,-1
3261,TRIPLE,1,1,1,False,-1
3262,DOUBLE,1,1,0,False,-1
3263,SINGLE,1,0,0,False,-1
3264,TRIPLE,1,1,1,False,-1
3265,DOUBLE,1,1,0,False,-1
3266,TRIPLE,1,1,1,False,-1
3267,TRIPLE,1,1,1,False,-1
3268,DOUBLE,1,1,0,False,-1
3269,TRIPLE,1,1,1,False,-1
3270,DOUBLE,1,1,0,False,-1
3271,TRIPLE,1,1,1,False,-1
3272,TRIPLE,1,1,1,False,-1
3273,DOUBLE,1,1,0,False,-1
3274,TRIPLE,1,1,1,False,-1
3275,DOUBLE,1,1,0,False,-1
3276,TRIPLE,1,1,1,False,-1
3277,TRIPLE,1,1,1,False,-1
3278,SINGLE,1,0,0,False,-1
3279,TRIPLE,1,1,1,False,-1
3280,TRIPLE,1,1,1,False,-1
3281,DOUBLE,1,1,0,False,-1
3282,DOUBLE,1,1,0,False,-1
3283,SINGLE,1,0,0,False,-1
3284,TRIPLE,1,1,1,False,-1
3285,TRIPLE,1,1,1,False,-1
3286,TRIPLE,1,1,1,False,-1
3287,TRIPLE,1,1,1,False,-1
3288,DOUBLE,1,1,0,False,-1
3289,TRIPLE,1,1,1,False,-1
3290,TRIPLE,1,1,1,False,-1
3291,TRIPLE,1,1,1,False,-1
3292,SINGLE,1,0,0,False,-1
3293,TRIPLE,1,1,1,False,-1
3294,SINGLE,1,0,0,False,-1
3295,SINGLE,1,0,0,False,-1
3296,DOUBLE,1,1,0,False,-1
3297,TRIPLE,1,1,1,False,-1
3298,DOUBLE,1,1,0,False,-1
3299,TRIPLE,1,1,1,False,-1
3300,TRIPLE,1,1,1,False,-1
3301,TRIPLE,1,1,1,False,-1
3302,DOUBLE,1,1,0,False,-1
3303,TRIPLE,1,1,1,False,-1
3304,TRIPLE,1,1,1,False,-1
3305,TRIPLE,1,1,1,False,-1
3306,TRIPLE,1,1,1,False,-1
3307,TRIPLE,1,1,1,False,-1
3308,DOUBLE,1,1,0,False,-1
3309,SINGLE,1,0,0,False,-1
3310,SINGLE,1,0,0,False,-1
3311,SINGLE,1,0,0,False,-1
3312,DOUBLE,1,1,0,False,-1
3313,TRIPLE,1,1,1,False,-1
3314,TRIPLE,1,1,1,False,-1
3315,TRIPLE,1,1,1,False,-1
3316,TRIPLE,1,1,1,False,-1
3317,SINGLE,1,0,0,False,-1
3318,DOUBLE,1,1,0,False,-1
3319,SINGLE,1,0,0,False,-1
3320,TRIPLE,1,1,1,False,-1
3321,DOUBLE,1,1,0,False,-1
3322,TRIPLE,1,1,1,False,-1
3323,DOUBLE,1,1,0,False,-1
3324,TRIPLE,1,1,1,False,-1
3325,TRIPLE,1,1,1,False,-1
3326,DOUBLE,1,1,0,False,-1
3327,TRIPLE,1,1,1,False,-1
3328,DOUBLE,1,1,0,False,-1
3329,TRIPLE,1,1,1,False,-1
3330,TRIPLE,1,1,1,False,-1
3331,TRIPLE,1,1,1,False,-1
3332,DOUBLE,1,1,0,False,-1
3333,DOUBLE,1,1,0,False,-1
3334,SINGLE,1,0,0,False,-1
3335,TRIPLE,1,1,1,False,-1
3336,TRIPLE,1,1,1,False,-1
3337,TRIPLE,1,1,1,False,-1
3338,DOUBLE,1,1,0,False,-1
3339,DOUBLE,1,1,0,False,-1
3340,DOUBLE,1,1,0,False,-1
3341,TRIPLE,1,1,1,False,-1
3342,TRIPLE,1,1,1,False,-1
3343,TRIPLE,1,1,1,False,-1
3344,TRIPLE,1,1,1,False,-1
3345,DOUBLE,1,1,0,False,-1
3346,TRIPLE,1,1,1,False,-1
3347,TRIPLE,1,1,1,False,-1
3348,TRIPLE,1,1,1,False,-1
3349,TRIPLE,1,1,1,False,-1
3350,TRIPLE,1,1,1,False,-1
3351,DOUBLE,1,1,0,False,-1
3352,TRIPLE,1,1,1,False,-1
3353,DOUBLE,1,1,0,False,-1
3354,TRIPLE,1,1,1,False,-1
3355,TRIPLE,1,1,1,False,-1
3356,DOUBLE,1,1,0,False,-1
3357,DOUBLE,1,1,0,False,-1
3358,TRIPLE,1,1,1,False,-1
3359,TRIPLE,1,1,1,False,-1
3360,TRIPLE,1,1,1,False,-1
3361,SINGLE,1,0,0,False,-1
3362,DOUBLE,1,1,0,False,-1
3363,TRIPLE,1,1,1,False,-1
3364,SINGLE,1,0,0,False,-1
3365,DOUBLE,1,1,0,False,-1
3366,DOUBLE,1,1,0,False,-1
3367,TRIPLE,1,1,1,False,-1
3368,DOUBLE,1,1,0,False,-1
3369,DOUBLE,1,1,0,False,-1
3370,SINGLE,1,0,0,False,-1
3371,DOUBLE,1,1,0,False,-1
3372,TRIPLE,1,1,1,False,-1
3373,TRIPLE,1,1,1,False,-1
3374,TRIPLE,1,1,1,False,-1
3375,TRIPLE,1,1,1,False,-1
3376,TRIPLE,1,1,1,False,-1
3377,TRIPLE,1,1,1,False,-1
3378,TRIPLE,1,1,1,False,-1
3379,TRIPLE,1,1,1,False,-1
3380,DOUBLE,1,1,0,False,-1
3381,DOUBLE,1,1,0,False,-1
3382,DOUBLE,1,1,0,False,-1
3383,DOUBLE,1,1,0,False,-1
3384,SINGLE,1,0,0,False,-1
3385,SINGLE,1,0,0,False,-1
3386,SINGLE,1,0,0,False,-1
3387,TRIPLE,1,1,1,False,-1
3388,DOUBLE,1,1,0,False,-1
3389,TRIPLE,1,1,1,False,-1
3390,TRIPLE,1,1,1,False,-1
3391,TRIPLE,1,1,1,False,-1
3392,TRIPLE,1,1,1,False,-1
3393,TRIPLE,1,1,1,False,-1
3394,TRIPLE,1,1,1,False,-1
3395,TRIPLE,1,1,1,False,-1
3396,TRIPLE,1,1,1,False,-1
3397,DOUBLE,1,1,0,False,-1
3398,TRIPLE,1,1,1,False,-1
3399,TRIPLE,1,1,1,False,-1
3400,DOUBLE,1,1,0,False,-1
3401,TRIPLE,1,1,1,False,-1
3402,DOUBLE,1,1,0,False,-1
3403,TRIPLE,1,1,1,False,-1
3404,TRIPLE,1,1,1,False,-1
3405,SINGLE,1,0,0,False,-1
3406,TRIPLE,1,1,1,False,-1
3407,SINGLE,1,0,0,False,-1
3408,DOUBLE,1,1,0,False,-1
3409,TRIPLE,1,1,1,False,-1
3410,DOUBLE,1,1,0,False,-1
3411,TRIPLE,1,1,1,False,-1
3412,TRIPLE,1,1,1,False,-1
3413,SINGLE,1,0,0,False,-1
3414,DOUBLE,1,1,0,False,-1
3415,TRIPLE,1,1,1,False,-1
3416,TRIPLE,1,1,1,False,-1
3417,TRIPLE,1,1,1,False,-1
3418,TRIPLE,1,1,1,False,-1
3419,DOUBLE,1,1,0,False,-1
3420,DOUBLE,1,1,0,False,-1
3421,TRIPLE,1,1,1,False,-1
3422,DOUBLE,1,1,0,False,-1
3423,DOUBLE,1,1,0,False,-1
3424,TRIPLE,1,1,1,False,-1
3425,TRIPLE,1,1,1,False,-1
3426,TRIPLE,1,1,1,False,-1
3427,DOUBLE,1,1,0,False,-1
3428,DOUBLE,1,1,0,False,-1
3429,TRIPLE,1,1,1,False,-1
3430,TRIPLE,1,1,1,False,-1
3431,TRIPLE,1,1,1,False,-1
3432,SINGLE,1,0,0,False,-1
3433,TRIPLE,1,1,1,False,-1
3434,SINGLE,1,0,0,False,-1
3435,TRIPLE,1,1,1,False,-1
3436,DOUBLE,1,1,0,False,-1
3437,TRIPLE,1,1,1,False,-1
3438,DOUBLE,1,1,0,False,-1
3439,TRIPLE,1,1,1,False,-1
3440,TRIPLE,1,1,1,False,-1
3441,DOUBLE,1,1,0,False,-1
3442,SINGLE,1,0,0,False,-1
3443,TRIPLE,1,1,1,False,-1
3444,DOUBLE,1,1,0,False,-1
3445,TRIPLE,1,1,1,False,-1
3446,DOUBLE,1,1,0,False,-1
3447,TRIPLE,1,1,1,False,-1
3448,TRIPLE,1,1,1,False,-1
3449,DOUBLE,1,1,0,False,-1
3450,DOUBLE,1,0,1,False,-1
3451,TRIPLE,1,1,1,False,-1
3452,DOUBLE,1,1,0,False,-1
3453,TRIPLE,1,1,1,False,-1
3454,TRIPLE,1,1,1,False,-1
3455,TRIPLE,1,1,1,False,-1
3456,DOUBLE,1,1,0,False,-1
3457,DOUBLE,1,1,0,False,-1
3458,TRIPLE,1,1,1,False,-1
3459,SINGLE,1,0,0,False,-1
3460,DOUBLE,1,1,0,False,-1
3461,TRIPLE,1,1,1,False,-1
3462,TRIPLE,1,1,1,False,-1
3463,TRIPLE,1,1,1,False,-1
3464,SINGLE,1,0,0,False,-1
3465,TRIPLE,1,1,1,False,-1
3466,TRIPLE,1,1,1,False,-1
3467,TRIPLE,1,1,1,False,-1
3468,SINGLE,1,0,0,False,-1
3469,TRIPLE,1,1,1,False,-1
3470,TRIPLE,1,1,1,False,-1
3471,DOUBLE,1,1,0,False,-1
3472,TRIPLE,1,1,1,False,-1
3473,TRIPLE,1,1,1,False,-1
3474,TRIPLE,1,1,1,False,-1
3475,TRIPLE,1,1,1,False,-1
3476,TRIPLE,1,1,1,False,-1
3477,DOUBLE,1,1,0,False,-1
3478,DOUBLE,1,1,0,False,-1
3479,TRIPLE,1,1,1,False,-1
3480,TRIPLE,1,1,1,False,-1
3481,TRIPLE,1,1,1,False,-1
3482,DOUBLE,1,1,0,False,-1
3483,DOUBLE,1,1,0,False,-1
3484,TRIPLE,1,1,1,False,-1
3485,SINGLE,1,0,0,False,-1
3486,DOUBLE,1,1,0,False,-1
3487,TRIPLE,1,1,1,False,-1
3488,DOUBLE,1,1,0,False,-1
3489,SINGLE,1,0,0,False,-1
3490,DOUBLE,1,1,0,False,-1
3491,DOUBLE,1,1,0,False,-1
3492,TRIPLE,1,1,1,False,-1
3493,TRIPLE,1,1,1,False,-1
3494,SINGLE,1,0,0,False,-1
3495,TRIPLE,1,1,1,False,-1
3496,TRIPLE,1,1,1,False,-1
3497,SINGLE,1,0,0,False,-1
3498,TRIPLE,1,1,1,False,-1
3499,SINGLE,1,0,0,False,-1
3500,DOUBLE,1,1,0,False,-1
3501,TRIPLE,1,1,1,False,-1
3502,DOUBLE,1,1,0,False,-1
3503,DOUBLE,1,1,0,False,-1
3504,SINGLE,1,0,0,False,-1
3505,TRIPLE,1,1,1,False,-1
3506,DOUBLE,1,1,0,False,-1
3507,SINGLE,1,0,0,False,-1
3508,TRIPLE,1,1,1,False,-1
3509,DOUBLE,1,1,0,False,-1
3510,TRIPLE,1,1,1,False,-1
3511,TRIPLE,1,1,1,False,-1
3512,TRIPLE,1,1,1,False,-1
3513,TRIPLE,1,1,1,False,-1
3514,TRIPLE,1,1,1,False,-1
3515,TRIPLE,1,1,1,False,-1
3516,TRIPLE,1,1,1,False,-1
3517,SINGLE,1,0,0,False,-1
3518,DOUBLE,1,1,0,False,-1
3519,SINGLE,1,0,0,False,-1
3520,TRIPLE,1,1,1,False,-1
3521,TRIPLE,1,1,1,False,-1
3522,DOUBLE,1,1,0,False,-1
3523,DOUBLE,1,1,0,False,-1
3524,TRIPLE,1,1,1,False,-1
3525,TRIPLE,1,1,1,False,-1
3526,TRIPLE,1,1,1,False,-1
3527,DOUBLE,1,1,0,False,-1
3528,TRIPLE,1,1,1,False,-1
3529,TRIPLE,1,1,1,False,-1
3530,TRIPLE,1,1,1,False,-1
3531,TRIPLE,1,1,1,False,-1
3532,SINGLE,1,0,0,False,-1
3533,DOUBLE,1,1,0,False,-1
3534,TRIPLE,1,1,1,False,-1
3535,DOUBLE,1,1,0,False,-1
3536,TRIPLE,1,1,1,False,-1
3537,TRIPLE,1,1,1,False,-1
3538,TRIPLE,1,1,1,False,-1
3539,DOUBLE,1,1,0,False,-1
3540,TRIPLE,1,1,1,False,-1
3541,SINGLE,1,0,0,False,-1
3542,TRIPLE,1,1,1,False,-1
3543,TRIPLE,1,1,1,False,-1
3544,TRIPLE,1,1,1,False,-1
3545,DOUBLE,1,1,0,False,-1
3546,TRIPLE,1,1,1,False,-1
3547,DOUBLE,1,1,0,False,-1
3548,SINGLE,1,0,0,False,-1
3549,DOUBLE,1,1,0,False,-1
3550,DOUBLE,1,1,0,False,-1
3551,TRIPLE,1,1,1,False,-1
3552,SINGLE,1,0,0,False,-1
3553,DOUBLE,1,1,0,False,-1
3554,TRIPLE,1,1,1,False,-1
3555,TRIPLE,1,1,1,False,-1
3556,DOUBLE,1,1,0,False,-1
3557,SINGLE,1,0,0,False,-1
3558,SINGLE,1,0,0,False,-1
3559,TRIPLE,1,1,1,False,-1
3560,TRIPLE,1,1,1,False,-1
3561,DOUBLE,1,1,0,False,-1
3562,TRIPLE,1,1,1,False,-1
3563,TRIPLE,1,1,1,False,-1
3564,SINGLE,1,0,0,False,-1
3565,TRIPLE,1,1,1,False,-1
3566,DOUBLE,1,1,0,False,-1
3567,DOUBLE,1,1,0,False,-1
3568,TRIPLE,1,1,1,False,-1
3569,DOUBLE,1,1,0,False,-1
3570,DOUBLE,1,1,0,False,-1
3571,SINGLE,1,0,0,False,-1
3572,TRIPLE,1,1,1,False,-1
3573,DOUBLE,1,1,0,False,-1
3574,TRIPLE,1,1,1,False,-1
3575,DOUBLE,1,1,0,False,-1
3576,TRIPLE,1,1,1,False,-1
3577,DOUBLE,1,1,0,False,-1
3578,SINGLE,1,0,0,False,-1
3579,TRIPLE,1,1,1,False,-1
3580,DOUBLE,1,1,0,False,-1
3581,TRIPLE,1,1,1,False,-1
3582,TRIPLE,1,1,1,False,-1
3583,TRIPLE,1,1,1,False,-1
3584,DOUBLE,1,1,0,False,-1
3585,TRIPLE,1,1,1,False,-1
3586,TRIPLE,1,1,1,False,-1
3587,TRIPLE,1,1,1,False,-1
3588,TRIPLE,1,1,1,False,-1
3589,DOUBLE,1,1,0,False,-1
3590,TRIPLE,1,1,1,False,-1
3591,DOUBLE,1,1,0,False,-1
3592,TRIPLE,1,1,1,False,-1
3593,TRIPLE,1,1,1,False,-1
3594,TRIPLE,1,1,1,False,-1
3595,TRIPLE,1,1,1,False,-1
3596,DOUBLE,1,1,0,False,-1
3597,TRIPLE,1,1,1,False,-1
3598,TRIPLE,1,1,1,False,-1
3599,DOUBLE,1,1,0,False,-1
3600,TRIPLE,1,1,1,False,-1
3601,SINGLE,1,0,0,False,-1
3602,SINGLE,1,0,0,False,-1
3603,TRIPLE,1,1,1,False,-1
3604,TRIPLE,1,1,1,False,-1
3605,TRIPLE,1,1,1,False,-1
3606,TRIPLE,1,1,1,False,-1
3607,DOUBLE,1,1,0,False,-1
3608,TRIPLE,1,1,1,False,-1
3609,SINGLE,1,0,0,False,-1
3610,TRIPLE,1,1,1,False,-1
3611,SINGLE,1,0,0,False,-1
3612,TRIPLE,1,1,1,False,-1
3613,SINGLE,1,0,0,False,-1
3614,TRIPLE,1,1,1,False,-1
3615,SINGLE,1,0,0,False,-1
3616,TRIPLE,1,1,1,False,-1
3617,TRIPLE,1,1,1,False,-1
3618,DOUBLE,1,1,0,False,-1
3619,DOUBLE,1,1,0,False,-1
3620,DOUBLE,1,1,0,False,-1
3621,TRIPLE,1,1,1,False,-1
3622,DOUBLE,1,1,0,False,-1
3623,TRIPLE,1,1,1,False,-1
3624,TRIPLE,1,1,1,False,-1
3625,TRIPLE,1,1,1,False,-1
3626,SINGLE,1,0,0,False,-1
3627,TRIPLE,1,1,1,False,-1
3628,TRIPLE,1,1,1,False,-1
3629,DOUBLE,1,1,0,False,-1
3630,TRIPLE,1,1,1,False,-1
3631,TRIPLE,1,1,1,False,-1
3632,DOUBLE,1,1,0,False,-1
3633,TRIPLE,1,1,1,False,-1
3634,TRIPLE,1,1,1,False,-1
3635,DOUBLE,1,1,0,False,-1
3636,TRIPLE,1,1,1,False,-1
3637,DOUBLE,1,1,0,False,-1
3638,DOUBLE,1,1,0,False,-1
3639,DOUBLE,1,1,0,False,-1
3640,DOUBLE,1,1,0,False,-1
3641,TRIPLE,1,1,1,False,-1
3642,TRIPLE,1,1,1,False,-1
3643,TRIPLE,1,1,1,False,-1
3644,DOUBLE,1,1,0,False,-1
3645,DOUBLE,1,1,0,False,-1
3646,SINGLE,1,0,0,False,-1
3647,TRIPLE,1,1,1,False,-1
3648,TRIPLE,1,1,1,False,-1
3649,SINGLE,1,0,0,False,-1
3650,SINGLE,1,0,0,False,-1
3651,TRIPLE,1,1,1,False,-1
3652,TRIPLE,1,1,1,False,-1
3653,TRIPLE,1,1,1,False,-1
3654,DOUBLE,1,1,0,False,-1
3655,TRIPLE,1,1,1,False,-1
3656,TRIPLE,1,1,1,False,-1
3657,TRIPLE,1,1,1,False,-1
3658,TRIPLE,1,1,1,False,-1
3659,SINGLE,1,0,0,False,-1
3660,TRIPLE,1,1,1,False,-1
3661,TRIPLE,1,1,1,False,-1
3662,TRIPLE,1,1,1,False,-1
3663,TRIPLE,1,1,1,False,-1
3664,SINGLE,1,0,0,False,-1
3665,TRIPLE,1,1,1,False,-1
3666,TRIPLE,1,1,1,False,-1
3667,DOUBLE,1,1,0,False,-1
3668,DOUBLE,1,1,0,False,-1
3669,DOUBLE,1,1,0,False,-1
3670,SINGLE,1,0,0,False,-1
3671,SINGLE,1,0,0,False,-1
3672,TRIPLE,1,1,1,False,-1
3673,DOUBLE,1,1,0,False,-1
3674,TRIPLE,1,1,1,False,-1
3675,TRIPLE,1,1,1,False,-1
3676,TRIPLE,1,1,1,False,-1
3677,DOUBLE,1,1,0,False,-1
3678,TRIPLE,1,1,1,False,-1
3679,DOUBLE,1,1,0,False,-1
3680,TRIPLE,1,1,1,False,-1
3681,TRIPLE,1,1,1,False,-1
3682,SINGLE,1,0,0,False,-1
3683,SINGLE,1,0,0,False,-1
3684,TRIPLE,1,1,1,False,-1
3685,TRIPLE,1,1,1,False,-1
3686,TRIPLE,1,1,1,False,-1
3687,TRIPLE,1,1,1,False,-1
3688,TRIPLE,1,1,1,False,-1
3689,TRIPLE,1,1,1,False,-1
3690,TRIPLE,1,1,1,False,-1
3691,TRIPLE,1,1,1,False,-1
3692,TRIPLE,1,1,1,False,-1
3693,DOUBLE,1,1,0,False,-1
3694,TRIPLE,1,1,1,False,-1
3695,SINGLE,1,0,0,False,-1
3696,TRIPLE,1,1,1,False,-1
3697,TRIPLE,1,1,1,False,-1
3698,TRIPLE,1,1,1,False,-1
3699,TRIPLE,1,1,1,False,-1
3700,DOUBLE,1,1,0,False,-1
3701,TRIPLE,1,1,1,False,-1
3702,DOUBLE,1,1,0,False,-1
3703,DOUBLE,1,1,0,False,-1
3704,TRIPLE,1,1,1,False,-1
3705,TRIPLE,1,1,1,False,-1
3706,TRIPLE,1,1,1,False,-1
3707,SINGLE,1,0,0,False,-1
3708,SINGLE,1,0,0,False,-1
3709,TRIPLE,1,1,1,False,-1
3710,SINGLE,1,0,0,False,-1
3711,SINGLE,1,0,0,False,-1
3712,DOUBLE,1,1,0,False,-1
3713,TRIPLE,1,1,1,False,-1
3714,DOUBLE,1,1,0,False,-1
3715,TRIPLE,1,1,1,False,-1
3716,TRIPLE,1,1,1,False,-1
3717,SINGLE,1,0,0,False,-1
3718,TRIPLE,1,1,1,False,-1
3719,TRIPLE,1,1,1,False,-1
3720,TRIPLE,1,1,1,False,-1
3721,SINGLE,1,0,0,False,-1
3722,TRIPLE,1,1,1,False,-1
3723,TRIPLE,1,1,1,False,-1
3724,TRIPLE,1,1,1,False,-1
3725,SINGLE,1,0,0,False,-1
3726,SINGLE,1,0,0,False,-1
3727,DOUBLE,1,1,0,False,-1
3728,TRIPLE,1,1,1,False,-1
3729,DOUBLE,1,1,0,False,-1
3730,TRIPLE,1,1,1,False,-1
3731,DOUBLE,1,1,0,False,-1
3732,TRIPLE,1,1,1,False,-1
3733,SINGLE,1,0,0,False,-1
3734,TRIPLE,1,1,1,False,-1
3735,SINGLE,1,0,0,False,-1
3736,DOUBLE,1,1,0,False,-1
3737,TRIPLE,1,1,1,False,-1
3738,TRIPLE,1,1,1,False,-1
3739,DOUBLE,1,1,0,False,-1
3740,TRIPLE,1,1,1,False,-1
3741,TRIPLE,1,1,1,False,-1
3742,TRIPLE,1,1,1,False,-1
3743,TRIPLE,1,1,1,False,-1
3744,SINGLE,1,0,0,False,-1
3745,TRIPLE,1,1,1,False,-1
3746,TRIPLE,1,1,1,False,-1
3747,TRIPLE,1,1,1,False,-1
3748,SINGLE,1,0,0,False,-1
3749,DOUBLE,1,1,0,False,-1
3750,TRIPLE,1,1,1,False,-1
3751,TRIPLE,1,1,1,False,-1
3752,DOUBLE,1,1,0,False,-1
3753,DOUBLE,1,1,0,False,-1
3754,TRIPLE,1,1,1,False,-1
3755,DOUBLE,1,1,0,False,-1
3756,DOUBLE,1,1,0,False,-1
3757,SINGLE,1,0,0,False,-1
3758,TRIPLE,1,1,1,False,-1
3759,TRIPLE,1,1,1,False,-1
3760,TRIPLE,1,1,1,False,-1
3761,TRIPLE,1,1,1,False,-1
3762,DOUBLE,1,1,0,False,-1
3763,TRIPLE,1,1,1,False,-1
3764,SINGLE,1,0,0,False,-1
3765,TRIPLE,1,1,1,False,-1
3766,TRIPLE,1,1,1,False,-1
3767,DOUBLE,1,1,0,False,-1
3768,DOUBLE,1,1,0,False,-1
3769,TRIPLE,1,1,1,False,-1
3770,TRIPLE,1,1,1,False,-1
3771,TRIPLE,1,1,1,False,-1
3772,TRIPLE,1,1,1,False,-1
3773,TRIPLE,1,1,1,False,-1
3774,TRIPLE,1,1,1,False,-1
3775,SINGLE,1,0,0,False,-1
3776,TRIPLE,1,1,1,False,-1
3777,DOUBLE,1,1,0,False,-1
3778,TRIPLE,1,1,1,False,-1
3779,TRIPLE,1,1,1,False,-1
3780,DOUBLE,1,1,0,False,-1
3781,DOUBLE,1,1,0,False,-1
3782,TRIPLE,1,1,1,False,-1
3783,TRIPLE,1,1,1,False,-1
3784,TRIPLE,1,1,1,False,-1
3785,TRIPLE,1,1,1,False,-1
3786,TRIPLE,1,1,1,False,-1
3787,DOUBLE,1,1,0,False,-1
3788,TRIPLE,1,1,1,False,-1
3789,DOUBLE,1,1,0,False,-1
3790,TRIPLE,1,1,1,False,-1
3791,TRIPLE,1,1,1,False,-1
3792,DOUBLE,1,1,0,False,-1
3793,TRIPLE,1,1,1,False,-1
3794,TRIPLE,1,1,1,False,-1
3795,TRIPLE,1,1,1,False,-1
3796,SINGLE,1,0,0,False,-1
3797,DOUBLE,1,1,0,False,-1
3798,DOUBLE,1,1,0,False,-1
3799,DOUBLE,1,1,0,False,-1
3800,TRIPLE,1,1,1,False,-1
3801,DOUBLE,1,1,0,False,-1
3802,SINGLE,1,0,0,False,-1
3803,TRIPLE,1,1,1,False,-1
3804,DOUBLE,1,1,0,False,-1
3805,TRIPLE,1,1,1,False,-1
3806,SINGLE,1,0,0,False,-1
3807,DOUBLE,1,1,0,False,-1
3808,SINGLE,1,0,0,False,-1
3809,DOUBLE,1,1,0,False,-1
3810,TRIPLE,1,1,1,False,-1
3811,DOUBLE,1,1,0,False,-1
3812,TRIPLE,1,1,1,False,-1
3813,TRIPLE,1,1,1,False,-1
3814,DOUBLE,1,1,0,False,-1
3815,TRIPLE,1,1,1,False,-1
3816,SINGLE,1,0,0,False,-1
3817,DOUBLE,1,1,0,False,-1
3818,TRIPLE,1,1,1,False,-1
3819,DOUBLE,1,1,0,False,-1
3820,TRIPLE,1,1,1,False,-1
3821,TRIPLE,1,1,1,False,-1
3822,SINGLE,1,0,0,False,-1
3823,SINGLE,1,0,0,False,-1
3824,TRIPLE,1,1,1,False,-1
3825,DOUBLE,1,1,0,False,-1
3826,TRIPLE,1,1,1,False,-1
3827,SINGLE,1,0,0,False,-1
3828,DOUBLE,1,1,0,False,-1
3829,DOUBLE,1,1,0,False,-1
3830,TRIPLE,1,1,1,False,-1
3831,TRIPLE,1,1,1,False,-1
3832,TRIPLE,1,1,1,False,-1
3833,TRIPLE,1,1,1,False,-1
3834,DOUBLE,1,1,0,False,-1
3835,DOUBLE,1,1,0,False,-1
3836,TRIPLE,1,1,1,False,-1
3837,TRIPLE,1,1,1,False,-1
3838,TRIPLE,1,1,1,False,-1
3839,TRIPLE,1,1,1,False,-1
3840,TRIPLE,1,1,1,False,-1
3841,DOUBLE,1,1,0,False,-1
3842,DOUBLE,1,1,0,False,-1
3843,DOUBLE,1,1,0,False,-1
3844,TRIPLE,1,1,1,False,-1
3845,TRIPLE,1,1,1,False,-1
3846,TRIPLE,1,1,1,False,-1
3847,SINGLE,1,0,0,False,-1
3848,SINGLE,1,0,0,False,-1
3849,TRIPLE,1,1,1,False,-1
3850,TRIPLE,1,1,1,False,-1
3851,TRIPLE,1,1,1,False,-1
3852,DOUBLE,1,1,0,False,-1
3853,DOUBLE,1,1,0,False,-1
3854,SINGLE,1,0,0,False,-1
3855,DOUBLE,1,1,0,False,-1
3856,TRIPLE,1,1,1,False,-1
3857,TRIPLE,1,1,1,False,-1
3858,SINGLE,1,0,0,False,-1
3859,TRIPLE,1,1,1,False,-1
3860,DOUBLE,1,1,0,False,-1
3861,TRIPLE,1,1,1,False,-1
3862,DOUBLE,1,1,0,False,-1
3863,DOUBLE,1,1,0,False,-1
3864,DOUBLE,1,1,0,False,-1
3865,DOUBLE,1,1,0,False,-1
3866,TRIPLE,1,1,1,False,-1
3867,TRIPLE,1,1,1,False,-1
3868,TRIPLE,1,1,1,False,-1
3869,SINGLE,1,0,0,False,-1
3870,TRIPLE,1,1,1,False,-1
3871,DOUBLE,1,1,0,False,-1
3872,DOUBLE,1,1,0,False,-1
3873,DOUBLE,1,1,0,False,-1
3874,SINGLE,1,0,0,False,-1
3875,TRIPLE,1,1,1,False,-1
3876,DOUBLE,1,1,0,False,-1
3877,DOUBLE,1,1,0,False,-1
3878,TRIPLE,1,1,1,False,-1
3879,DOUBLE,1,1,0,False,-1
3880,TRIPLE,1,1,1,False,-1
3881,TRIPLE,1,1,1,False,-1
3882,TRIPLE,1,1,1,False,-1
3883,TRIPLE,1,1,1,False,-1
3884,DOUBLE,1,1,0,False,-1
3885,DOUBLE,1,1,0,False,-1
3886,TRIPLE,1,1,1,False,-1
3887,TRIPLE,1,1,1,False,-1
3888,TRIPLE,1,1,1,False,-1
3889,TRIPLE,1,1,1,False,-1
3890,DOUBLE,1,1,0,False,-1
3891,SINGLE,1,0,0,False,-1
3892,DOUBLE,1,1,0,False,-1
3893,TRIPLE,1,1,1,False,-1
3894,TRIPLE,1,1,1,False,-1
3895,TRIPLE,1,1,1,False,-1
3896,SINGLE,1,0,0,False,-1
3897,TRIPLE,1,1,1,False,-1
3898,TRIPLE,1,1,1,False,-1
3899,TRIPLE,1,1,1,False,-1
3900,TRIPLE,1,1,1,False,-1
3901,TRIPLE,1,1,1,False,-1
3902,SINGLE,1,0,0,False,-1
3903,DOUBLE,1,1,0,False,-1
3904,SINGLE,1,0,0,False,-1
3905,SINGLE,1,0,0,False,-1
3906,TRIPLE,1,1,1,False,-1
3907,TRIPLE,1,1,1,False,-1
3908,TRIPLE,1,1,1,False,-1
3909,SINGLE,1,0,0,False,-1
3910,DOUBLE,1,1,0,False,-1
3911,TRIPLE,1,1,1,False,-1
3912,DOUBLE,1,1,0,False,-1
3913,DOUBLE,1,1,0,False,-1
3914,TRIPLE,1,1,1,False,-1
3915,TRIPLE,1,1,1,False,-1
3916,TRIPLE,1,1,1,False,-1
3917,DOUBLE,1,1,0,False,-1
3918,TRIPLE,1,1,1,False,-1
3919,DOUBLE,1,1,0,False,-1
3920,TRIPLE,1,1,1,False,-1
3921,DOUBLE,1,1,0,False,-1
3922,TRIPLE,1,1,1,False,-1
3923,TRIPLE,1,1,1,False,-1
3924,TRIPLE,1,1,1,False,-1
3925,TRIPLE,1,1,1,False,-1
3926,DOUBLE,1,1,0,False,-1
3927,TRIPLE,1,1,1,False,-1
3928,SINGLE,1,0,0,False,-1
3929,DOUBLE,1,1,0,False,-1
3930,TRIPLE,1,1,1,False,-1
3931,TRIPLE,1,1,1,False,-1
3932,DOUBLE,1,1,0,False,-1
3933,DOUBLE,1,1,0,False,-1
3934,TRIPLE,1,1,1,False,-1
3935,SINGLE,1,0,0,False,-1
3936,TRIPLE,1,1,1,False,-1
3937,DOUBLE,1,1,0,False,-1
3938,TRIPLE,1,1,1,False,-1
3939,TRIPLE,1,1,1,False,-1
3940,DOUBLE,1,1,0,False,-1
3941,TRIPLE,1,1,1,False,-1
3942,SINGLE,1,0,0,False,-1
3943,TRIPLE,1,1,1,False,-1
3944,DOUBLE,1,1,0,False,-1
3945,TRIPLE,1,1,1,False,-1
3946,TRIPLE,1,1,1,False,-1
3947,TRIPLE,1,1,1,False,-1
3948,DOUBLE,1,1,0,False,-1
3949,DOUBLE,1,1,0,False,-1
3950,TRIPLE,1,1,1,False,-1
3951,TRIPLE,1,1,1,False,-1
3952,TRIPLE,1,1,1,False,-1
3953,TRIPLE,1,1,1,False,-1
3954,DOUBLE,1,1,0,False,-1
3955,TRIPLE,1,1,1,False,-1
3956,DOUBLE,1,1,0,False,-1
3957,DOUBLE,1,1,0,False,-1
3958,DOUBLE,1,1,0,False,-1
3959,TRIPLE,1,1,1,False,-1
3960,TRIPLE,1,1,1,False,-1
3961,DOUBLE,1,1,0,False,-1
3962,TRIPLE,1,1,1,False,-1
3963,SINGLE,1,0,0,False,-1
3964,SINGLE,1,0,0,False,-1
3965,TRIPLE,1,1,1,False,-1
3966,TRIPLE,1,1,1,False,-1
3967,DOUBLE,1,1,0,False,-1
3968,TRIPLE,1,1,1,False,-1
3969,TRIPLE,1,1,1,False,-1
3970,DOUBLE,1,1,0,False,-1
3971,SINGLE,1,0,0,False,-1
3972,TRIPLE,1,1,1,False,-1
3973,TRIPLE,1,1,1,False,-1
3974,TRIPLE,1,1,1,False,-1
3975,TRIPLE,1,1,1,False,-1
3976,TRIPLE,1,1,1,False,-1
3977,TRIPLE,1,1,1,False,-1
3978,DOUBLE,1,1,0,False,-1
3979,TRIPLE,1,1,1,False,-1
3980,TRIPLE,1,1,1,False,-1
3981,SINGLE,1,0,0,False,-1
3982,DOUBLE,1,1,0,False,-1
3983,DOUBLE,1,1,0,False,-1
3984,TRIPLE,1,1,1,False,-1
3985,TRIPLE,1,1,1,False,-1
3986,TRIPLE,1,1,1,False,-1
3987,SINGLE,1,0,0,False,-1
3988,TRIPLE,1,1,1,False,-1
3989,TRIPLE,1,1,1,False,-1
3990,TRIPLE,1,1,1,False,-1
3991,DOUBLE,1,1,0,False,-1
3992,DOUBLE,1,1,0,False,-1
3993,SINGLE,1,0,0,False,-1
3994,TRIPLE,1,1,1,False,-1
3995,TRIPLE,1,1,1,False,-1
3996,DOUBLE,1,1,0,False,-1
3997,TRIPLE,1,1,1,False,-1
3998,SINGLE,1,0,0,False,-1
3999,DOUBLE,1,1,0,False,-1
4000,TRIPLE,1,1,1,False,-1
4001,TRIPLE,1,1,1,False,-1
4002,TRIPLE,1,1,1,False,-1
4003,DOUBLE,1,1,0,False,-1
4004,TRIPLE,1,1,1,False,-1
4005,TRIPLE,1,1,1,False,-1
4006,TRIPLE,1,1,1,False,-1
4007,DOUBLE,1,1,0,False,-1
4008,TRIPLE,1,1,1,False,-1
4009,DOUBLE,1,1,0,False,-1
4010,SINGLE,1,0,0,False,-1
4011,TRIPLE,1,1,1,False,-1
4012,DOUBLE,1,1,0,False,-1
4013,DOUBLE,1,1,0,False,-1
4014,SINGLE,1,0,0,False,-1
4015,DOUBLE,1,1,0,False,-1
4016,TRIPLE,1,1,1,False,-1
4017,TRIPLE,1,1,1,False,-1
4018,DOUBLE,1,1,0,False,-1
4019,DOUBLE,1,1,0,False,-1
4020,TRIPLE,1,1,1,False,-1
4021,TRIPLE,1,1,1,False,-1
4022,TRIPLE,1,1,1,False,-1
4023,TRIPLE,1,1,1,False,-1
4024,DOUBLE,1,1,0,False,-1
4025,DOUBLE,1,1,0,False,-1
4026,TRIPLE,1,1,1,False,-1
4027,DOUBLE,1,1,0,False,-1
4028,TRIPLE,1,1,1,False,-1
4029,TRIPLE,1,1,1,False,-1
4030,DOUBLE,1,1,0,False,-1
4031,TRIPLE,1,1,1,False,-1
4032,TRIPLE,1,1,1,False,-1
4033,TRIPLE,1,1,1,False,-1
4034,TRIPLE,1,1,1,False,-1
4035,TRIPLE,1,1,1,False,-1
4036,DOUBLE,1,1,0,False,-1
4037,TRIPLE,1,1,1,False,-1
4038,DOUBLE,1,1,0,False,-1
4039,TRIPLE,1,1,1,False,-1
4040,TRIPLE,1,1,1,False,-1
4041,TRIPLE,1,1,1,False,-1
4042,TRIPLE,1,1,1,False,-1
4043,DOUBLE,1,1,0,False,-1
4044,TRIPLE,1,1,1,False,-1
4045,TRIPLE,1,1,1,False,-1
4046,SINGLE,1,0,0,False,-1
4047,TRIPLE,1,1,1,False,-1
4048,DOUBLE,1,1,0,False,-1
4049,TRIPLE,1,1,1,False,-1
4050,DOUBLE,1,1,0,False,-1
4051,TRIPLE,1,1,1,False,-1
4052,TRIPLE,1,1,1,False,-1
4053,TRIPLE,1,1,1,False,-1
4054,TRIPLE,1,1,1,False,-1
4055,TRIPLE,1,1,1,False,-1
4056,TRIPLE,1,1,1,False,-1
4057,SINGLE,1,0,0,False,-1
4058,TRIPLE,1,1,1,False,-1
4059,TRIPLE,1,1,1,False,-1
4060,TRIPLE,1,1,1,False,-1
4061,SINGLE,1,0,0,False,-1
4062,TRIPLE,1,1,1,False,-1
4063,DOUBLE,1,1,0,False,-1
4064,TRIPLE,1,1,1,False,-1
4065,DOUBLE,1,1,0,False,-1
4066,DOUBLE,1,1,0,False,-1
4067,DOUBLE,1,1,0,False,-1
4068,TRIPLE,1,1,1,False,-1
4069,SINGLE,1,0,0,False,-1
4070,DOUBLE,1,1,0,False,-1
4071,TRIPLE,1,1,1,False,-1
4072,DOUBLE,1,1,0,False,-1
4073,TRIPLE,1,1,1,False,-1
4074,TRIPLE,1,1,1,False,-1
4075,TRIPLE,1,1,1,False,-1
4076,DOUBLE,1,1,0,False,-1
4077,SINGLE,1,0,0,False,-1
4078,TRIPLE,1,1,1,False,-1
4079,TRIPLE,1,1,1,False,-1
4080,TRIPLE,1,1,1,False,-1
4081,TRIPLE,1,1,1,False,-1
4082,DOUBLE,1,1,0,False,-1
4083,DOUBLE,1,1,0,False,-1
4084,TRIPLE,1,1,1,False,-1
4085,DOUBLE,1,1,0,False,-1
4086,TRIPLE,1,1,1,False,-1
4087,TRIPLE,1,1,1,False,-1
4088,TRIPLE,1,1,1,False,-1
4089,TRIPLE,1,1,1,False,-1
4090,TRIPLE,1,1,1,False,-1
4091,DOUBLE,1,1,0,False,-1
4092,TRIPLE,1,1,1,False,-1
4093,TRIPLE,1,1,1,False,-1
4094,TRIPLE,1,1,1,False,-1
4095,DOUBLE,1,1,0,False,-1
4096,TRIPLE,1,1,1,False,-1
4097,TRIPLE,1,1,1,False,-1
4098,TRIPLE,1,1,1,False,-1
4099,DOUBLE,1,1,0,False,-1
4100,DOUBLE,1,1,0,False,-1
4101,TRIPLE,1,1,1,False,-1
4102,TRIPLE,1,1,1,False,-1
4103,DOUBLE,1,1,0,False,-1
4104,TRIPLE,1,1,1,False,-1
4105,TRIPLE,1,1,1,False,-1
4106,DOUBLE,1,1,0,False,-1
4107,TRIPLE,1,1,1,False,-1
4108,TRIPLE,1,1,1,False,-1
4109,TRIPLE,1,1,1,False,-1
4110,DOUBLE,1,1,0,False,-1
4111,TRIPLE,1,1,1,False,-1
4112,SINGLE,1,0,0,False,-1
4113,TRIPLE,1,1,1,False,-1
4114,TRIPLE,1,1,1,False,-1
4115,TRIPLE,1,1,1,False,-1
4116,TRIPLE,1,1,1,False,-1
4117,TRIPLE,1,1,1,False,-1
4118,TRIPLE,1,1,1,False,-1
4119,DOUBLE,1,1,0,False,-1
4120,DOUBLE,1,1,0,False,-1
4121,SINGLE,1,0,0,False,-1
4122,SINGLE,1,0,0,False,-1
4123,DOUBLE,1,1,0,False,-1
4124,TRIPLE,1,1,1,False,-1
4125,DOUBLE,1,1,0,False,-1
4126,TRIPLE,1,1,1,False,-1
4127,TRIPLE,1,1,1,False,-1
4128,TRIPLE,1,1,1,False,-1
4129,SINGLE,1,0,0,False,-1
4130,TRIPLE,1,1,1,False,-1
4131,SINGLE,1,0,0,False,-1
4132,TRIPLE,1,1,1,False,-1
4133,SINGLE,1,0,0,False,-1
4134,SINGLE,1,0,0,False,-1
4135,DOUBLE,1,1,0,False,-1
4136,SINGLE,1,0,0,False,-1
4137,TRIPLE,1,1,1,False,-1
4138,TRIPLE,1,1,1,False,-1
4139,TRIPLE,1,1,1,False,-1
4140,TRIPLE,1,1,1,False,-1
4141,SINGLE,1,0,0,False,-1
4142,TRIPLE,1,1,1,False,-1
4143,TRIPLE,1,1,1,False,-1
4144,DOUBLE,1,1,0,False,-1
4145,TRIPLE,1,1,1,False,-1
4146,SINGLE,1,0,0,False,-1
4147,DOUBLE,1,1,0,False,-1
4148,TRIPLE,1,1,1,False,-1
4149,TRIPLE,1,1,1,False,-1
4150,TRIPLE,1,1,1,False,-1
4151,TRIPLE,1,1,1,False,-1
4152,DOUBLE,1,1,0,False,-1
4153,DOUBLE,1,1,0,False,-1
4154,TRIPLE,1,1,1,False,-1
4155,DOUBLE,1,1,0,False,-1
4156,TRIPLE,1,1,1,False,-1
4157,DOUBLE,1,1,0,False,-1
4158,SINGLE,1,0,0,False,-1
4159,TRIPLE,1,1,1,False,-1
4160,TRIPLE,1,1,1,False,-1
4161,SINGLE,1,0,0,False,-1
4162,TRIPLE,1,1,1,False,-1
4163,SINGLE,1,0,0,False,-1
4164,DOUBLE,1,1,0,False,-1
4165,TRIPLE,1,1,1,False,-1
4166,TRIPLE,1,1,1,False,-1
4167,TRIPLE,1,1,1,False,-1
4168,DOUBLE,1,1,0,False,-1
4169,TRIPLE,1,1,1,False,-1
4170,TRIPLE,1,1,1,False,-1
4171,TRIPLE,1,1,1,False,-1
4172,TRIPLE,1,1,1,False,-1
4173,DOUBLE,1,1,0,False,-1
4174,DOUBLE,1,1,0,False,-1
4175,TRIPLE,1,1,1,False,-1
4176,TRIPLE,1,1,1,False,-1
4177,TRIPLE,1,1,1,False,-1
4178,DOUBLE,1,1,0,False,-1
4179,TRIPLE,1,1,1,False,-1
4180,SINGLE,1,0,0,False,-1
4181,TRIPLE,1,1,1,False,-1
4182,DOUBLE,1,1,0,False,-1
4183,TRIPLE,1,1,1,False,-1
4184,TRIPLE,1,1,1,False,-1
4185,SINGLE,1,0,0,False,-1
4186,DOUBLE,1,1,0,False,-1
4187,TRIPLE,1,1,1,False,-1
4188,DOUBLE,1,1,0,False,-1
4189,DOUBLE,1,1,0,False,-1
4190,TRIPLE,1,1,1,False,-1
4191,TRIPLE,1,1,1,False,-1
4192,TRIPLE,1,1,1,False,-1
4193,DOUBLE,1,1,0,False,-1
4194,DOUBLE,1,1,0,False,-1
4195,TRIPLE,1,1,1,False,-1
4196,TRIPLE,1,1,1,False,-1
4197,TRIPLE,1,1,1,False,-1
4198,TRIPLE,1,1,1,False,-1
4199,TRIPLE,1,1,1,False,-1
4200,SINGLE,1,0,0,False,-1
4201,TRIPLE,1,1,1,False,-1
4202,SINGLE,1,0,0,False,-1
4203,DOUBLE,1,1,0,False,-1
4204,DOUBLE,1,1,0,False,-1
4205,DOUBLE,1,1,0,False,-1
4206,TRIPLE,1,1,1,False,-1
4207,DOUBLE,1,1,0,False,-1
4208,TRIPLE,1,1,1,False,-1
4209,TRIPLE,1,1,1,False,-1
4210,DOUBLE,1,1,0,False,-1
4211,TRIPLE,1,1,1,False,-1
4212,DOUBLE,1,1,0,False,-1
4213,DOUBLE,1,1,0,False,-1
4214,TRIPLE,1,1,1,False,-1
4215,DOUBLE,1,1,0,False,-1
4216,TRIPLE,1,1,1,False,-1
4217,TRIPLE,1,1,1,False,-1
4218,TRIPLE,1,1,1,False,-1
4219,DOUBLE,1,1,0,False,-1
4220,TRIPLE,1,1,1,False,-1
4221,DOUBLE,1,1,0,False,-1
4222,TRIPLE,1,1,1,False,-1
4223,TRIPLE,1,1,1,False,-1
4224,DOUBLE,1,1,0,False,-1
4225,TRIPLE,1,1,1,False,-1
4226,SINGLE,1,0,0,False,-1
4227,DOUBLE,1,1,0,False,-1
4228,DOUBLE,1,1,0,False,-1
4229,TRIPLE,1,1,1,False,-1
4230,TRIPLE,1,1,1,False,-1
4231,TRIPLE,1,1,1,False,-1
4232,TRIPLE,1,1,1,False,-1
4233,TRIPLE,1,1,1,False,-1
4234,TRIPLE,1,1,1,False,-1
4235,TRIPLE,1,1,1,False,-1
4236,TRIPLE,1,1,1,False,-1
4237,SINGLE,1,0,0,False,-1
4238,SINGLE,1,0,0,False,-1
4239,TRIPLE,1,1,1,False,-1
4240,SINGLE,1,0,0,False,-1
4241,TRIPLE,1,1,1,False,-1
4242,TRIPLE,1,1,1,False,-1
4243,TRIPLE,1,1,1,False,-1
4244,DOUBLE,1,1,0,False,-1
4245,TRIPLE,1,1,1,False,-1
4246,TRIPLE,1,1,1,False,-1
4247,TRIPLE,1,1,1,False,-1
4248,SINGLE,1,0,0,False,-1
4249,TRIPLE,1,1,1,False,-1
4250,SINGLE,1,0,0,False,-1
4251,DOUBLE,1,1,0,False,-1
4252,SINGLE,1,0,0,False,-1
4253,TRIPLE,1,1,1,False,-1
4254,TRIPLE,1,1,1,False,-1
4255,DOUBLE,1,1,0,False,-1
4256,SINGLE,1,0,0,False,-1
4257,TRIPLE,1,1,1,False,-1
4258,SINGLE,1,0,0,False,-1
4259,TRIPLE,1,1,1,False,-1
4260,DOUBLE,1,1,0,False,-1
4261,TRIPLE,1,1,1,False,-1
4262,DOUBLE,1,1,0,False,-1
4263,TRIPLE,1,1,1,False,-1
4264,TRIPLE,1,1,1,False,-1
4265,DOUBLE,1,1,0,False,-1
4266,DOUBLE,1,1,0,False,-1
4267,SINGLE,1,0,0,False,-1
4268,SINGLE,1,0,0,False,-1
4269,DOUBLE,1,1,0,False,-1
4270,TRIPLE,1,1,1,False,-1
4271,SINGLE,1,0,0,False,-1
4272,TRIPLE,1,1,1,False,-1
4273,TRIPLE,1,1,1,False,-1
4274,TRIPLE,1,1,1,False,-1
4275,TRIPLE,1,1,1,False,-1
4276,DOUBLE,1,1,0,False,-1
4277,TRIPLE,1,1,1,False,-1
4278,SINGLE,1,0,0,False,-1
4279,TRIPLE,1,1,1,False,-1
4280,TRIPLE,1,1,1,False,-1
4281,TRIPLE,1,1,1,False,-1
4282,SINGLE,1,0,0,False,-1
4283,TRIPLE,1,1,1,False,-1
4284,TRIPLE,1,1,1,False,-1
4285,TRIPLE,1,1,1,False,-1
4286,SINGLE,1,0,0,False,-1
4287,DOUBLE,1,1,0,False,-1
4288,TRIPLE,1,1,1,False,-1
4289,DOUBLE,1,1,0,False,-1
4290,DOUBLE,1,1,0,False,-1
4291,TRIPLE,1,1,1,False,-1
4292,DOUBLE,1,1,0,False,-1
4293,TRIPLE,1,1,1,False,-1
4294,SINGLE,1,0,0,False,-1
4295,TRIPLE,1,1,1,False,-1
4296,TRIPLE,1,1,1,False,-1
4297,TRIPLE,1,1,1,False,-1
4298,TRIPLE,1,1,1,False,-1
4299,TRIPLE,1,1,1,False,-1
4300,TRIPLE,1,1,1,False,-1
4301,TRIPLE,1,1,1,False,-1
4302,DOUBLE,1,1,0,False,-1
4303,TRIPLE,1,1,1,False,-1
4304,TRIPLE,1,1,1,False,-1
4305,TRIPLE,1,1,1,False,-1
4306,DOUBLE,1,1,0,False,-1
4307,SINGLE,1,0,0,False,-1
4308,TRIPLE,1,1,1,False,-1
4309,DOUBLE,1,1,0,False,-1
4310,DOUBLE,1,1,0,False,-1
4311,SINGLE,1,0,0,False,-1
4312,TRIPLE,1,1,1,False,-1
4313,DOUBLE,1,1,0,False,-1
4314,DOUBLE,1,1,0,False,-1
4315,TRIPLE,1,1,1,False,-1
4316,DOUBLE,1,1,0,False,-1
4317,TRIPLE,1,1,1,False,-1
4318,SINGLE,1,0,0,False,-1
4319,TRIPLE,1,1,1,False,-1
4320,TRIPLE,1,1,1,False,-1
4321,TRIPLE,1,1,1,False,-1
4322,SINGLE,1,0,0,False,-1
4323,TRIPLE,1,1,1,False,-1
4324,DOUBLE,1,1,0,False,-1
4325,TRIPLE,1,1,1,False,-1
4326,TRIPLE,1,1,1,False,-1
4327,DOUBLE,1,1,0,False,-1
4328,DOUBLE,1,1,0,False,-1
4329,TRIPLE,1,1,1,False,-1
4330,TRIPLE,1,1,1,False,-1
4331,SINGLE,1,0,0,False,-1
4332,DOUBLE,1,1,0,False,-1
4333,TRIPLE,1,1,1,False,-1
4334,TRIPLE,1,1,1,False,-1
4335,DOUBLE,1,1,0,False,-1
4336,TRIPLE,1,1,1,False,-1
4337,TRIPLE,1,1,1,False,-1
4338,TRIPLE,1,1,1,False,-1
4339,TRIPLE,1,1,1,False,-1
4340,TRIPLE,1,1,1,False,-1
4341,DOUBLE,1,1,0,False,-1
4342,TRIPLE,1,1,1,False,-1
4343,DOUBLE,1,1,0,False,-1
4344,TRIPLE,1,1,1,False,-1
4345,DOUBLE,1,1,0,False,-1
4346,TRIPLE,1,1,1,False,-1
4347,TRIPLE,1,1,1,False,-1
4348,TRIPLE,1,1,1,False,-1
4349,SINGLE,1,0,0,False,-1
4350,TRIPLE,1,1,1,False,-1
4351,SINGLE,1,0,0,False,-1
4352,SINGLE,1,0,0,False,-1
4353,TRIPLE,1,1,1,False,-1
4354,SINGLE,1,0,0,False,-1
4355,DOUBLE,1,1,0,False,-1
4356,TRIPLE,1,1,1,False,-1
4357,DOUBLE,1,1,0,False,-1
4358,SINGLE,1,0,0,False,-1
4359,SINGLE,1,0,0,False,-1
4360,DOUBLE,1,1,0,False,-1
4361,TRIPLE,1,1,1,False,-1
4362,TRIPLE,1,1,1,False,-1
4363,DOUBLE,1,1,0,False,-1
4364,TRIPLE,1,1,1,False,-1
4365,TRIPLE,1,1,1,False,-1
4366,TRIPLE,1,1,1,False,-1
4367,DOUBLE,1,1,0,False,-1
4368,TRIPLE,1,1,1,False,-1
4369,TRIPLE,1,1,1,False,-1
4370,DOUBLE,1,1,0,False,-1
4371,SINGLE,1,0,0,False,-1
4372,TRIPLE,1,1,1,False,-1
4373,TRIPLE,1,1,1,False,-1
4374,DOUBLE,1,1,0,False,-1
4375,DOUBLE,1,1,0,False,-1
4376,TRIPLE,1,1,1,False,-1
4377,TRIPLE,1,1,1,False,-1
4378,TRIPLE,1,1,1,False,-1
4379,TRIPLE,1,1,1,False,-1
4380,DOUBLE,1,1,0,False,-1
4381,SINGLE,1,0,0,False,-1
4382,TRIPLE,1,1,1,False,-1
4383,SINGLE,1,0,0,False,-1
4384,TRIPLE,1,1,1,False,-1
4385,TRIPLE,1,1,1,False,-1
4386,SINGLE,1,0,0,False,-1
4387,TRIPLE,1,1,1,False,-1
4388,TRIPLE,1,1,1,False,-1
4389,TRIPLE,1,1,1,False,-1
4390,TRIPLE,1,1,1,False,-1
4391,DOUBLE,1,1,0,False,-1
4392,SINGLE,1,0,0,False,-1
4393,TRIPLE,1,1,1,False,-1
4394,TRIPLE,1,1,1,False,-1
4395,DOUBLE,1,1,0,False,-1
4396,TRIPLE,1,1,1,False,-1
4397,DOUBLE,1,1,0,False,-1
4398,TRIPLE,1,1,1,False,-1
4399,SINGLE,1,0,0,False,-1
4400,DOUBLE,1,1,0,False,-1
4401,TRIPLE,1,1,1,False,-1
4402,DOUBLE,1,1,0,False,-1
4403,DOUBLE,1,1,0,False,-1
4404,TRIPLE,1,1,1,False,-1
4405,TRIPLE,1,1,1,False,-1
4406,TRIPLE,1,1,1,False,-1
4407,DOUBLE,1,1,0,False,-1
4408,SINGLE,1,0,0,False,-1
4409,TRIPLE,1,1,1,False,-1
4410,DOUBLE,1,1,0,False,-1
4411,TRIPLE,1,1,1,False,-1
4412,TRIPLE,1,1,1,False,-1
4413,DOUBLE,1,1,0,False,-1
4414,DOUBLE,1,1,0,False,-1
4415,TRIPLE,1,1,1,False,-1
4416,TRIPLE,1,1,1,False,-1
4417,SINGLE,1,0,0,False,-1
4418,SINGLE,1,0,0,False,-1
4419,DOUBLE,1,1,0,False,-1
4420,TRIPLE,1,1,1,False,-1
4421,DOUBLE,1,1,0,False,-1
4422,DOUBLE,1,1,0,False,-1
4423,TRIPLE,1,1,1,False,-1
4424,DOUBLE,1,1,0,False,-1
4425,TRIPLE,1,1,1,False,-1
4426,DOUBLE,1,1,0,False,-1
4427,SINGLE,1,0,0,False,-1
4428,TRIPLE,1,1,1,False,-1
4429,TRIPLE,1,1,1,False,-1
4430,TRIPLE,1,1,1,False,-1
4431,SINGLE,1,0,0,False,-1
4432,SINGLE,1,0,0,False,-1
4433,TRIPLE,1,1,1,False,-1
4434,DOUBLE,1,1,0,False,-1
4435,TRIPLE,1,1,1,False,-1
4436,DOUBLE,1,1,0,False,-1
4437,TRIPLE,1,1,1,False,-1
4438,SINGLE,1,0,0,False,-1
4439,TRIPLE,1,1,1,False,-1
4440,TRIPLE,1,1,1,False,-1
4441,TRIPLE,1,1,1,False,-1
4442,DOUBLE,1,1,0,False,-1
4443,SINGLE,1,0,0,False,-1
4444,TRIPLE,1,1,1,False,-1
4445,TRIPLE,1,1,1,False,-1
4446,TRIPLE,1,1,1,False,-1
4447,SINGLE,1,0,0,False,-1
4448,TRIPLE,1,1,1,False,-1
4449,TRIPLE,1,1,1,False,-1
4450,SINGLE,1,0,0,False,-1
4451,SINGLE,1,0,0,False,-1
4452,TRIPLE,1,1,1,False,-1
4453,DOUBLE,1,1,0,False,-1
4454,SINGLE,1,0,0,False,-1
4455,TRIPLE,1,1,1,False,-1
4456,DOUBLE,1,1,0,False,-1
4457,TRIPLE,1,1,1,False,-1
4458,TRIPLE,1,1,1,False,-1
4459,DOUBLE,1,1,0,False,-1
4460,TRIPLE,1,1,1,False,-1
4461,TRIPLE,1,1,1,False,-1
4462,DOUBLE,1,1,0,False,-1
4463,SINGLE,1,0,0,False,-1
4464,SINGLE,1,0,0,False,-1
4465,TRIPLE,1,1,1,False,-1
4466,DOUBLE,1,1,0,False,-1
4467,DOUBLE,1,1,0,False,-1
4468,TRIPLE,1,1,1,False,-1
4469,TRIPLE,1,1,1,False,-1
4470,DOUBLE,1,1,0,False,-1
4471,DOUBLE,1,1,0,False,-1
4472,SINGLE,1,0,0,False,-1
4473,TRIPLE,1,1,1,False,-1
4474,TRIPLE,1,1,1,False,-1
4475,DOUBLE,1,1,0,False,-1
4476,DOUBLE,1,1,0,False,-1
4477,TRIPLE,1,1,1,False,-1
4478,DOUBLE,1,1,0,False,-1
4479,SINGLE,1,0,0,False,-1
4480,TRIPLE,1,1,1,False,-1
4481,SINGLE,1,0,0,False,-1
4482,TRIPLE,1,1,1,False,-1
4483,DOUBLE,1,1,0,False,-1
4484,DOUBLE,1,1,0,False,-1
4485,TRIPLE,1,1,1,False,-1
4486,TRIPLE,1,1,1,False,-1
4487,SINGLE,1,0,0,False,-1
4488,SINGLE,1,0,0,False,-1
4489,TRIPLE,1,1,1,False,-1
4490,TRIPLE,1,1,1,False,-1
4491,TRIPLE,1,1,1,False,-1
4492,DOUBLE,1,1,0,False,-1
4493,TRIPLE,1,1,1,False,-1
4494,DOUBLE,1,1,0,False,-1
4495,DOUBLE,1,1,0,False,-1
4496,TRIPLE,1,1,1,False,-1
4497,TRIPLE,1,1,1,False,-1
4498,DOUBLE,1,1,0,False,-1
4499,TRIPLE,1,1,1,False,-1
4500,DOUBLE,1,1,0,False,-1
4501,TRIPLE,1,1,1,False,-1
4502,SINGLE,1,0,0,False,-1
4503,TRIPLE,1,1,1,False,-1
4504,DOUBLE,1,1,0,False,-1
4505,TRIPLE,1,1,1,False,-1
4506,TRIPLE,1,1,1,False,-1
4507,TRIPLE,1,1,1,False,-1
4508,TRIPLE,1,1,1,False,-1
4509,SINGLE,1,0,0,False,-1
4510,TRIPLE,1,1,1,False,-1
4511,TRIPLE,1,1,1,False,-1
4512,DOUBLE,1,1,0,False,-1
4513,TRIPLE,1,1,1,False,-1
4514,TRIPLE,1,1,1,False,-1
4515,TRIPLE,1,1,1,False,-1
4516,TRIPLE,1,1,1,False,-1
4517,DOUBLE,1,1,0,False,-1
4518,SINGLE,1,0,0,False,-1
4519,TRIPLE,1,1,1,False,-1
4520,SINGLE,1,0,0,False,-1
4521,TRIPLE,1,1,1,False,-1
4522,TRIPLE,1,1,1,False,-1
4523,TRIPLE,1,1,1,False,-1
4524,TRIPLE,1,1,1,False,-1
4525,TRIPLE,1,1,1,False,-1
4526,DOUBLE,1,1,0,False,-1
4527,TRIPLE,1,1,1,False,-1
4528,TRIPLE,1,1,1,False,-1
4529,DOUBLE,1,1,0,False,-1
4530,TRIPLE,1,1,1,False,-1
4531,DOUBLE,1,1,0,False,-1
4532,TRIPLE,1,1,1,False,-1
4533,TRIPLE,1,1,1,False,-1
4534,TRIPLE,1,1,1,False,-1
4535,TRIPLE,1,1,1,False,-1
4536,TRIPLE,1,1,1,False,-1
4537,DOUBLE,1,1,0,False,-1
4538,TRIPLE,1,1,1,False,-1
4539,TRIPLE,1,1,1,False,-1
4540,TRIPLE,1,1,1,False,-1
4541,TRIPLE,1,1,1,False,-1
4542,TRIPLE,1,1,1,False,-1
4543,DOUBLE,1,1,0,False,-1
4544,SINGLE,1,0,0,False,-1
4545,DOUBLE,1,1,0,False,-1
4546,TRIPLE,1,1,1,False,-1
4547,TRIPLE,1,1,1,False,-1
4548,TRIPLE,1,1,1,False,-1
4549,TRIPLE,1,1,1,False,-1
4550,TRIPLE,1,1,1,False,-1
4551,TRIPLE,1,1,1,False,-1
4552,DOUBLE,1,1,0,False,-1
4553,TRIPLE,1,1,1,False,-1
4554,TRIPLE,1,1,1,False,-1
4555,TRIPLE,1,1,1,False,-1
4556,TRIPLE,1,1,1,False,-1
4557,SINGLE,1,0,0,False,-1
4558,DOUBLE,1,1,0,False,-1
4559,DOUBLE,1,1,0,False,-1
4560,TRIPLE,1,1,1,False,-1
4561,TRIPLE,1,1,1,False,-1
4562,SINGLE,1,0,0,False,-1
4563,TRIPLE,1,1,1,False,-1
4564,TRIPLE,1,1,1,False,-1
4565,SINGLE,1,0,0,False,-1
4566,TRIPLE,1,1,1,False,-1
4567,TRIPLE,1,1,1,False,-1
4568,TRIPLE,1,1,1,False,-1
4569,DOUBLE,1,1,0,False,-1
4570,DOUBLE,1,1,0,False,-1
4571,DOUBLE,1,1,0,False,-1
4572,TRIPLE,1,1,1,False,-1
4573,SINGLE,1,0,0,False,-1
4574,SINGLE,1,0,0,False,-1
4575,TRIPLE,1,1,1,False,-1
4576,DOUBLE,1,1,0,False,-1
4577,TRIPLE,1,1,1,False,-1
4578,TRIPLE,1,1,1,False,-1
4579,TRIPLE,1,1,1,False,-1
4580,TRIPLE,1,1,1,False,-1
4581,TRIPLE,1,1,1,False,-1
4582,TRIPLE,1,1,1,False,-1
4583,TRIPLE,1,1,1,False,-1
4584,DOUBLE,1,1,0,False,-1
4585,TRIPLE,1,1,1,False,-1
4586,TRIPLE,1,1,1,False,-1
4587,TRIPLE,1,1,1,False,-1
4588,TRIPLE,1,1,1,False,-1
4589,TRIPLE,1,1,1,False,-1
4590,DOUBLE,1,1,0,False,-1
4591,DOUBLE,1,1,0,False,-1
4592,SINGLE,1,0,0,False,-1
4593,DOUBLE,1,1,0,False,-1
4594,TRIPLE,1,1,1,False,-1
4595,DOUBLE,1,1,0,False,-1
4596,DOUBLE,1,1,0,False,-1
4597,DOUBLE,1,1,0,False,-1
4598,SINGLE,1,0,0,False,-1
4599,TRIPLE,1,1,1,False,-1
4600,TRIPLE,1,1,1,False,-1
4601,TRIPLE,1,1,1,False,-1
4602,DOUBLE,1,1,0,False,-1
4603,SINGLE,1,0,0,False,-1
4604,DOUBLE,1,1,0,False,-1
4605,TRIPLE,1,1,1,False,-1
4606,DOUBLE,1,1,0,False,-1
4607,TRIPLE,1,1,1,False,-1
4608,TRIPLE,1,1,1,False,-1
4609,TRIPLE,1,1,1,False,-1
4610,TRIPLE,1,1,1,False,-1
4611,DOUBLE,1,1,0,False,-1
4612,SINGLE,1,0,0,False,-1
4613,TRIPLE,1,1,1,False,-1
4614,TRIPLE,1,1,1,False,-1
4615,TRIPLE,1,1,1,False,-1
4616,TRIPLE,1,1,1,False,-1
4617,DOUBLE,1,1,0,False,-1
4618,DOUBLE,1,1,0,False,-1
4619,TRIPLE,1,1,1,False,-1
4620,TRIPLE,1,1,1,False,-1
4621,TRIPLE,1,1,1,False,-1
4622,DOUBLE,1,1,0,False,-1
4623,TRIPLE,1,1,1,False,-1
4624,TRIPLE,1,1,1,False,-1
4625,TRIPLE,1,1,1,False,-1
4626,SINGLE,1,0,0,False,-1
4627,TRIPLE,1,1,1,False,-1
4628,DOUBLE,1,1,0,False,-1
4629,SINGLE,1,0,0,False,-1
4630,TRIPLE,1,1,1,False,-1
4631,TRIPLE,1,1,1,False,-1
4632,TRIPLE,1,1,1,False,-1
4633,TRIPLE,1,1,1,False,-1
4634,TRIPLE,1,1,1,False,-1
4635,TRIPLE,1,1,1,False,-1
4636,TRIPLE,1,1,1,False,-1
4637,DOUBLE,1,1,0,False,-1
4638,DOUBLE,1,1,0,False,-1
4639,TRIPLE,1,1,1,False,-1
4640,TRIPLE,1,1,1,False,-1
4641,TRIPLE,1,1,1,False,-1
4642,SINGLE,1,0,0,False,-1
4643,TRIPLE,1,1,1,False,-1
4644,TRIPLE,1,1,1,False,-1
4645,TRIPLE,1,1,1,False,-1
4646,TRIPLE,1,1,1,False,-1
4647,DOUBLE,1,1,0,False,-1
4648,TRIPLE,1,1,1,False,-1
4649,SINGLE,1,0,0,False,-1
4650,TRIPLE,1,1,1,False,-1
4651,TRIPLE,1,1,1,False,-1
4652,DOUBLE,1,1,0,False,-1
4653,DOUBLE,1,1,0,False,-1
4654,TRIPLE,1,1,1,False,-1
4655,TRIPLE,1,1,1,False,-1
4656,SINGLE,1,0,0,False,-1
4657,DOUBLE,1,1,0,False,-1
4658,DOUBLE,1,1,0,False,-1
4659,SINGLE,1,0,0,False,-1
4660,TRIPLE,1,1,1,False,-1
4661,SINGLE,1,0,0,False,-1
4662,TRIPLE,1,1,1,False,-1
4663,DOUBLE,1,1,0,False,-1
4664,TRIPLE,1,1,1,False,-1
4665,TRIPLE,1,1,1,False,-1
4666,TRIPLE,1,1,1,False,-1
4667,TRIPLE,1,1,1,False,-1
4668,TRIPLE,1,1,1,False,-1
4669,TRIPLE,1,1,1,False,-1
4670,TRIPLE,1,1,1,False,-1
4671,DOUBLE,1,1,0,False,-1
4672,TRIPLE,1,1,1,False,-1
4673,SINGLE,1,0,0,False,-1
4674,TRIPLE,1,1,1,False,-1
4675,DOUBLE,1,1,0,False,-1
4676,TRIPLE,1,1,1,False,-1
4677,TRIPLE,1,1,1,False,-1
4678,SINGLE,1,0,0,False,-1
4679,TRIPLE,1,1,1,False,-1
4680,TRIPLE,1,1,1,False,-1
4681,TRIPLE,1,1,1,False,-1
4682,TRIPLE,1,1,1,False,-1
4683,TRIPLE,1,1,1,False,-1
4684,DOUBLE,1,1,0,False,-1
4685,DOUBLE,1,1,0,False,-1
4686,TRIPLE,1,1,1,False,-1
4687,DOUBLE,1,1,0,False,-1
4688,SINGLE,1,0,0,False,-1
4689,DOUBLE,1,1,0,False,-1
4690,TRIPLE,1,1,1,False,-1
4691,TRIPLE,1,1,1,False,-1
4692,DOUBLE,1,1,0,False,-1
4693,TRIPLE,1,1,1,False,-1
4694,TRIPLE,1,1,1,False,-1
4695,TRIPLE,1,1,1,False,-1
4696,TRIPLE,1,1,1,False,-1
4697,DOUBLE,1,1,0,False,-1
4698,DOUBLE,1,1,0,False,-1
4699,TRIPLE,1,1,1,False,-1
4700,TRIPLE,1,1,1,False,-1
4701,TRIPLE,1,1,1,False,-1
4702,TRIPLE,1,1,1,False,-1
4703,DOUBLE,1,1,0,False,-1
4704,TRIPLE,1,1,1,False,-1
4705,DOUBLE,1,1,0,False,-1
4706,TRIPLE,1,1,1,False,-1
4707,TRIPLE,1,1,1,False,-1
4708,TRIPLE,1,1,1,False,-1
4709,TRIPLE,1,1,1,False,-1
4710,TRIPLE,1,1,1,False,-1
4711,DOUBLE,1,1,0,False,-1
4712,SINGLE,1,0,0,False,-1
4713,TRIPLE,1,1,1,False,-1
4714,DOUBLE,1,1,0,False,-1
4715,TRIPLE,1,1,1,False,-1
4716,DOUBLE,1,1,0,False,-1
4717,TRIPLE,1,1,1,False,-1
4718,TRIPLE,1,1,1,False,-1
4719,TRIPLE,1,1,1,False,-1
4720,TRIPLE,1,1,1,False,-1
4721,SINGLE,1,0,0,False,-1
4722,SINGLE,1,0,0,False,-1
4723,DOUBLE,1,1,0,False,-1
4724,DOUBLE,1,1,0,False,-1
4725,SINGLE,1,0,0,False,-1
4726,TRIPLE,1,1,1,False,-1
4727,TRIPLE,1,1,1,False,-1
4728,DOUBLE,1,1,0,False,-1
4729,DOUBLE,1,1,0,False,-1
4730,DOUBLE,1,1,0,False,-1
4731,TRIPLE,1,1,1,False,-1
4732,DOUBLE,1,1,0,False,-1
4733,TRIPLE,1,1,1,False,-1
4734,TRIPLE,1,1,1,False,-1
4735,TRIPLE,1,1,1,False,-1
4736,TRIPLE,1,1,1,False,-1
4737,SINGLE,1,0,0,False,-1
4738,DOUBLE,1,1,0,False,-1
4739,DOUBLE,1,1,0,False,-1
4740,SINGLE,1,0,0,False,-1
4741,DOUBLE,1,1,0,False,-1
4742,SINGLE,1,0,0,False,-1
4743,TRIPLE,1,1,1,False,-1
4744,SINGLE,1,0,0,False,-1
4745,TRIPLE,1,1,1,False,-1
4746,DOUBLE,1,1,0,False,-1
4747,TRIPLE,1,1,1,False,-1
4748,TRIPLE,1,1,1,False,-1
4749,DOUBLE,1,1,0,False,-1
4750,TRIPLE,1,1,1,False,-1
4751,DOUBLE,1,1,0,False,-1
4752,TRIPLE,1,1,1,False,-1
4753,DOUBLE,1,1,0,False,-1
4754,DOUBLE,1,1,0,False,-1
4755,SINGLE,1,0,0,False,-1
4756,TRIPLE,1,1,1,False,-1
4757,TRIPLE,1,1,1,False,-1
4758,SINGLE,1,0,0,False,-1
4759,DOUBLE,1,1,0,False,-1
4760,DOUBLE,1,1,0,False,-1
4761,TRIPLE,1,1,1,False,-1
4762,SINGLE,1,0,0,False,-1
4763,SINGLE,1,0,0,False,-1
4764,SINGLE,1,0,0,False,-1
4765,TRIPLE,1,1,1,False,-1
4766,SINGLE,1,0,0,False,-1
4767,TRIPLE,1,1,1,False,-1
4768,TRIPLE,1,1,1,False,-1
4769,DOUBLE,1,1,0,False,-1
4770,TRIPLE,1,1,1,False,-1
4771,TRIPLE,1,1,1,False,-1
4772,TRIPLE,1,1,1,False,-1
4773,TRIPLE,1,1,1,False,-1
4774,TRIPLE,1,1,1,False,-1
4775,TRIPLE,1,1,1,False,-1
4776,TRIPLE,1,1,1,False,-1
4777,TRIPLE,1,1,1,False,-1
4778,TRIPLE,1,1,1,False,-1
4779,TRIPLE,1,1,1,False,-1
4780,SINGLE,1,0,0,False,-1
4781,TRIPLE,1,1,1,False,-1
4782,DOUBLE,1,1,0,False,-1
4783,SINGLE,1,0,0,False,-1
4784,SINGLE,1,0,0,False,-1
4785,TRIPLE,1,1,1,False,-1
4786,DOUBLE,1,1,0,False,-1
4787,TRIPLE,1,1,1,False,-1
4788,TRIPLE,1,1,1,False,-1
4789,TRIPLE,1,1,1,False,-1
4790,DOUBLE,1,1,0,False,-1
4791,TRIPLE,1,1,1,False,-1
4792,TRIPLE,1,1,1,False,-1
4793,TRIPLE,1,1,1,False,-1
4794,TRIPLE,1,1,1,False,-1
4795,TRIPLE,1,1,1,False,-1
4796,DOUBLE,1,1,0,False,-1
4797,SINGLE,1,0,0,False,-1
4798,TRIPLE,1,1,1,False,-1
4799,TRIPLE,1,1,1,False,-1
4800,SINGLE,1,0,0,False,-1
4801,TRIPLE,1,1,1,False,-1
4802,SINGLE,1,0,0,False,-1
4803,DOUBLE,1,1,0,False,-1
4804,DOUBLE,1,1,0,False,-1
4805,SINGLE,1,0,0,False,-1
4806,TRIPLE,1,1,1,False,-1
4807,SINGLE,1,0,0,False,-1
4808,DOUBLE,1,1,0,False,-1
4809,TRIPLE,1,1,1,False,-1
4810,TRIPLE,1,1,1,False,-1
4811,TRIPLE,1,1,1,False,-1
4812,TRIPLE,1,1,1,False,-1
4813,DOUBLE,1,1,0,False,-1
4814,TRIPLE,1,1,1,False,-1
4815,DOUBLE,1,1,0,False,-1
4816,TRIPLE,1,1,1,False,-1
4817,TRIPLE,1,1,1,False,-1
4818,TRIPLE,1,1,1,False,-1
4819,DOUBLE,1,1,0,False,-1
4820,DOUBLE,1,1,0,False,-1
4821,TRIPLE,1,1,1,False,-1
4822,DOUBLE,1,1,0,False,-1
4823,SINGLE,1,0,0,False,-1
4824,TRIPLE,1,1,1,False,-1
4825,SINGLE,1,0,0,False,-1
4826,DOUBLE,1,1,0,False,-1
4827,TRIPLE,1,1,1,False,-1
4828,TRIPLE,1,1,1,False,-1
4829,TRIPLE,1,1,1,False,-1
4830,SINGLE,1,0,0,False,-1
4831,TRIPLE,1,1,1,False,-1
4832,TRIPLE,1,1,1,False,-1
4833,DOUBLE,1,1,0,False,-1
4834,TRIPLE,1,1,1,False,-1
4835,TRIPLE,1,1,1,False,-1
4836,DOUBLE,1,1,0,False,-1
4837,DOUBLE,1,1,0,False,-1
4838,DOUBLE,1,1,0,False,-1
4839,TRIPLE,1,1,1,False,-1
4840,SINGLE,1,0,0,False,-1
4841,TRIPLE,1,1,1,False,-1
4842,TRIPLE,1,1,1,False,-1
4843,SINGLE,1,0,0,False,-1
4844,DOUBLE,1,1,0,False,-1
4845,DOUBLE,1,1,0,False,-1
4846,DOUBLE,1,1,0,False,-1
4847,TRIPLE,1,1,1,False,-1
4848,TRIPLE,1,1,1,False,-1
4849,DOUBLE,1,1,0,False,-1
4850,SINGLE,1,0,0,False,-1
4851,TRIPLE,1,1,1,False,-1
4852,TRIPLE,1,1,1,False,-1
4853,DOUBLE,1,1,0,False,-1
4854,DOUBLE,1,1,0,False,-1
4855,DOUBLE,1,1,0,False,-1
4856,TRIPLE,1,1,1,False,-1
4857,DOUBLE,1,1,0,False,-1
4858,DOUBLE,1,1,0,False,-1
4859,DOUBLE,1,1,0,False,-1
4860,SINGLE,1,0,0,False,-1
4861,TRIPLE,1,1,1,False,-1
4862,TRIPLE,1,1,1,False,-1
4863,DOUBLE,1,1,0,False,-1
4864,DOUBLE,1,1,0,False,-1
4865,TRIPLE,1,1,1,False,-1
4866,DOUBLE,1,1,0,False,-1
4867,DOUBLE,1,1,0,False,-1
4868,SINGLE,1,0,0,False,-1
4869,DOUBLE,1,1,0,False,-1
4870,SINGLE,1,0,0,False,-1
4871,TRIPLE,1,1,1,False,-1
4872,DOUBLE,1,1,0,False,-1
4873,DOUBLE,1,1,0,False,-1
4874,TRIPLE,1,1,1,False,-1
4875,TRIPLE,1,1,1,False,-1
4876,SINGLE,1,0,0,False,-1
4877,DOUBLE,1,1,0,False,-1
4878,TRIPLE,1,1,1,False,-1
4879,DOUBLE,1,1,0,False,-1
4880,SINGLE,1,0,0,False,-1
4881,DOUBLE,1,1,0,False,-1
4882,TRIPLE,1,1,1,False,-1
4883,TRIPLE,1,1,1,False,-1
4884,TRIPLE,1,1,1,False,-1
4885,TRIPLE,1,1,1,False,-1
4886,DOUBLE,1,1,0,False,-1
4887,DOUBLE,1,1,0,False,-1
4888,SINGLE,1,0,0,False,-1
4889,SINGLE,1,0,0,False,-1
4890,TRIPLE,1,1,1,False,-1
4891,DOUBLE,1,1,0,False,-1
4892,TRIPLE,1,1,1,False,-1
4893,TRIPLE,1,1,1,False,-1
4894,TRIPLE,1,1,1,False,-1
4895,TRIPLE,1,1,1,False,-1
4896,TRIPLE,1,1,1,False,-1
4897,DOUBLE,1,1,0,False,-1
4898,SINGLE,1,0,0,False,-1
4899,TRIPLE,1,1,1,False,-1
4900,DOUBLE,1,1,0,False,-1
4901,DOUBLE,1,1,0,False,-1
4902,DOUBLE,1,1,0,False,-1
4903,TRIPLE,1,1,1,False,-1
4904,TRIPLE,1,1,1,False,-1
4905,DOUBLE,1,1,0,False,-1
4906,TRIPLE,1,1,1,False,-1
4907,TRIPLE,1,1,1,False,-1
4908,DOUBLE,1,1,0,False,-1
4909,TRIPLE,1,1,1,False,-1
4910,TRIPLE,1,1,1,False,-1
4911,SINGLE,1,0,0,False,-1
4912,TRIPLE,1,1,1,False,-1
4913,TRIPLE,1,1,1,False,-1
4914,TRIPLE,1,1,1,False,-1
4915,DOUBLE,1,1,0,False,-1
4916,SINGLE,1,0,0,False,-1
4917,SINGLE,1,0,0,False,-1
4918,TRIPLE,1,1,1,False,-1
4919,DOUBLE,1,1,0,False,-1
4920,SINGLE,1,0,0,False,-1
4921,TRIPLE,1,1,1,False,-1
4922,SINGLE,1,0,0,False,-1
4923,TRIPLE,1,1,1,False,-1
4924,TRIPLE,1,1,1,False,-1
4925,TRIPLE,1,1,1,False,-1
4926,TRIPLE,1,1,1,False,-1
4927,TRIPLE,1,1,1,False,-1
4928,TRIPLE,1,1,1,False,-1
4929,TRIPLE,1,1,1,False,-1
4930,SINGLE,1,0,0,False,-1
4931,DOUBLE,1,1,0,False,-1
4932,SINGLE,1,0,0,False,-1
4933,TRIPLE,1,1,1,False,-1
4934,TRIPLE,1,1,1,False,-1
4935,TRIPLE,1,1,1,False,-1
4936,TRIPLE,1,1,1,False,-1
4937,DOUBLE,1,1,0,False,-1
4938,DOUBLE,1,1,0,False,-1
4939,TRIPLE,1,1,1,False,-1
4940,DOUBLE,1,1,0,False,-1
4941,TRIPLE,1,1,1,False,-1
4942,DOUBLE,1,1,0,False,-1
4943,TRIPLE,1,1,1,False,-1
4944,TRIPLE,1,1,1,False,-1
4945,TRIPLE,1,1,1,False,-1
4946,SINGLE,1,0,0,False,-1
4947,TRIPLE,1,1,1,False,-1
4948,TRIPLE,1,1,1,False,-1
4949,TRIPLE,1,1,1,False,-1
4950,SINGLE,1,0,0,False,-1
4951,DOUBLE,1,1,0,False,-1
4952,TRIPLE,1,1,1,False,-1
4953,SINGLE,1,0,0,False,-1
4954,TRIPLE,1,1,1,False,-1
4955,TRIPLE,1,1,1,False,-1
4956,TRIPLE,1,1,1,False,-1
4957,TRIPLE,1,1,1,False,-1
4958,DOUBLE,1,1,0,False,-1
4959,TRIPLE,1,1,1,False,-1
4960,TRIPLE,1,1,1,False,-1
4961,TRIPLE,1,1,1,False,-1
4962,TRIPLE,1,1,1,False,-1
4963,TRIPLE,1,1,1,False,-1
4964,TRIPLE,1,1,1,False,-1
4965,TRIPLE,1,1,1,False,-1
4966,TRIPLE,1,1,1,False,-1
4967,DOUBLE,1,1,0,False,-1
4968,DOUBLE,1,1,0,False,-1
4969,TRIPLE,1,1,1,False,-1
4970,SINGLE,1,0,0,False,-1
4971,SINGLE,1,0,0,False,-1
4972,DOUBLE,1,1,0,False,-1
4973,TRIPLE,1,1,1,False,-1
4974,TRIPLE,1,1,1,False,-1
4975,TRIPLE,1,1,1,False,-1
4976,DOUBLE,1,1,0,False,-1
4977,DOUBLE,1,1,0,False,-1
4978,TRIPLE,1,1,1,False,-1
4979,TRIPLE,1,1,1,False,-1
4980,DOUBLE,1,1,0,False,-1
4981,TRIPLE,1,1,1,False,-1
4982,TRIPLE,1,1,1,False,-1
4983,TRIPLE,1,1,1,False,-1
4984,TRIPLE,1,1,1,False,-1
4985,DOUBLE,1,1,0,False,-1
4986,TRIPLE,1,1,1,False,-1
4987,DOUBLE,1,1,0,False,-1
4988,TRIPLE,1,1,1,False,-1
4989,TRIPLE,1,1,1,False,-1
4990,DOUBLE,1,1,0,False,-1
4991,TRIPLE,1,1,1,False,-1
4992,TRIPLE,1,1,1,False,-1
4993,SINGLE,1,0,0,False,-1
4994,TRIPLE,1,1,1,False,-1
4995,TRIPLE,1,1,1,False,-1
4996,DOUBLE,1,1,0,False,-1
4997,TRIPLE,1,1,1,False,-1
4998,TRIPLE,1,1,1,False,-1
4999,TRIPLE,1,1,1,False,-1
5000,SINGLE,1,0,0,False,-1
5001,TRIPLE,1,1,1,False,-1
5002,TRIPLE,1,1,1,False,-1
5003,TRIPLE,1,1,1,False,-1
5004,TRIPLE,1,1,1,False,-1
5005,SINGLE,1,0,0,False,-1
5006,TRIPLE,1,1,1,False,-1
5007,TRIPLE,1,1,1,False,-1
5008,TRIPLE,1,1,1,False,-1
5009,TRIPLE,1,1,1,False,-1
5010,SINGLE,1,0,0,False,-1
5011,TRIPLE,1,1,1,False,-1
5012,DOUBLE,1,1,0,False,-1
5013,TRIPLE,1,1,1,False,-1
5014,DOUBLE,1,1,0,False,-1
5015,TRIPLE,1,1,1,False,-1
5016,DOUBLE,1,1,0,False,-1
5017,TRIPLE,1,1,1,False,-1
5018,TRIPLE,1,1,1,False,-1
5019,TRIPLE,1,1,1,False,-1
5020,DOUBLE,1,1,0,False,-1
5021,SINGLE,1,0,0,False,-1
5022,SINGLE,1,0,0,False,-1
5023,DOUBLE,1,1,0,False,-1
5024,SINGLE,1,0,0,False,-1
5025,SINGLE,1,0,0,False,-1
5026,TRIPLE,1,1,1,False,-1
5027,DOUBLE,1,1,0,False,-1
5028,TRIPLE,1,1,1,False,-1
5029,TRIPLE,1,1,1,False,-1
5030,SINGLE,1,0,0,False,-1
5031,TRIPLE,1,1,1,False,-1
5032,DOUBLE,1,1,0,False,-1
5033,DOUBLE,1,1,0,False,-1
5034,DOUBLE,1,1,0,False,-1
5035,SINGLE,1,0,0,False,-1
5036,TRIPLE,1,1,1,False,-1
5037,TRIPLE,1,1,1,False,-1
5038,TRIPLE,1,1,1,False,-1
5039,TRIPLE,1,1,1,False,-1
5040,TRIPLE,1,1,1,False,-1
5041,TRIPLE,1,1,1,False,-1
5042,TRIPLE,1,1,1,False,-1
5043,DOUBLE,1,1,0,False,-1
5044,TRIPLE,1,1,1,False,-1
5045,DOUBLE,1,1,0,False,-1
5046,TRIPLE,1,1,1,False,-1
5047,DOUBLE,1,1,0,False,-1
5048,DOUBLE,1,1,0,False,-1
5049,SINGLE,1,0,0,False,-1
5050,TRIPLE,1,1,1,False,-1
5051,TRIPLE,1,1,1,False,-1
5052,TRIPLE,1,1,1,False,-1
5053,SINGLE,1,0,0,False,-1
5054,DOUBLE,1,1,0,False,-1
5055,DOUBLE,1,1,0,False,-1
5056,DOUBLE,1,1,0,False,-1
5057,TRIPLE,1,1,1,False,-1
5058,TRIPLE,1,1,1,False,-1
5059,TRIPLE,1,1,1,False,-1
5060,TRIPLE,1,1,1,False,-1
5061,SINGLE,1,0,0,False,-1
5062,TRIPLE,1,1,1,False,-1
5063,DOUBLE,1,1,0,False,-1
5064,TRIPLE,1,1,1,False,-1
5065,TRIPLE,1,1,1,False,-1
5066,TRIPLE,1,1,1,False,-1
5067,TRIPLE,1,1,1,False,-1
5068,TRIPLE,1,1,1,False,-1
5069,SINGLE,1,0,0,False,-1
5070,TRIPLE,1,1,1,False,-1
5071,TRIPLE,1,1,1,False,-1
5072,TRIPLE,1,1,1,False,-1
5073,DOUBLE,1,1,0,False,-1
5074,SINGLE,1,0,0,False,-1
5075,TRIPLE,1,1,1,False,-1
5076,DOUBLE,1,1,0,False,-1
5077,DOUBLE,1,1,0,False,-1
5078,DOUBLE,1,1,0,False,-1
5079,TRIPLE,1,1,1,False,-1
5080,TRIPLE,1,1,1,False,-1
5081,TRIPLE,1,1,1,False,-1
5082,TRIPLE,1,1,1,False,-1
5083,DOUBLE,1,1,0,False,-1
5084,TRIPLE,1,1,1,False,-1
5085,DOUBLE,1,1,0,False,-1
5086,TRIPLE,1,1,1,False,-1
5087,SINGLE,1,0,0,False,-1
5088,TRIPLE,1,1,1,False,-1
5089,DOUBLE,1,1,0,False,-1
5090,SINGLE,1,0,0,False,-1
5091,TRIPLE,1,1,1,False,-1
5092,TRIPLE,1,1,1,False,-1
5093,TRIPLE,1,1,1,False,-1
5094,DOUBLE,1,1,0,False,-1
5095,TRIPLE,1,1,1,False,-1
5096,TRIPLE,1,1,1,False,-1
5097,TRIPLE,1,1,1,False,-1
5098,TRIPLE,1,1,1,False,-1
5099,SINGLE,1,0,0,False,-1
5100,TRIPLE,1,1,1,False,-1
5101,TRIPLE,1,1,1,False,-1
5102,DOUBLE,1,1,0,False,-1
5103,DOUBLE,1,1,0,False,-1
5104,TRIPLE,1,1,1,False,-1
5105,DOUBLE,1,1,0,False,-1
5106,TRIPLE,1,1,1,False,-1
5107,TRIPLE,1,1,1,False,-1
5108,DOUBLE,1,1,0,False,-1
5109,DOUBLE,1,1,0,False,-1
5110,TRIPLE,1,1,1,False,-1
5111,DOUBLE,1,1,0,False,-1
5112,DOUBLE,1,1,0,False,-1
5113,DOUBLE,1,1,0,False,-1
5114,DOUBLE,1,1,0,False,-1
5115,SINGLE,1,0,0,False,-1
5116,DOUBLE,1,1,0,False,-1
5117,SINGLE,1,0,0,False,-1
5118,TRIPLE,1,1,1,False,-1
5119,DOUBLE,1,1,0,False,-1
5120,DOUBLE,1,1,0,False,-1
5121,DOUBLE,1,1,0,False,-1
5122,DOUBLE,1,1,0,False,-1
5123,TRIPLE,1,1,1,False,-1
5124,TRIPLE,1,1,1,False,-1
5125,DOUBLE,1,1,0,False,-1
5126,DOUBLE,1,1,0,False,-1
5127,TRIPLE,1,1,1,False,-1
5128,TRIPLE,1,1,1,False,-1
5129,TRIPLE,1,1,1,False,-1
5130,TRIPLE,1,1,1,False,-1
5131,TRIPLE,1,1,1,False,-1
5132,TRIPLE,1,1,1,False,-1
5133,TRIPLE,1,1,1,False,-1
5134,SINGLE,1,0,0,False,-1
5135,TRIPLE,1,1,1,False,-1
5136,DOUBLE,1,1,0,False,-1
5137,DOUBLE,1,1,0,False,-1
5138,TRIPLE,1,1,1,False,-1
5139,DOUBLE,1,1,0,False,-1
5140,TRIPLE,1,1,1,False,-1
5141,TRIPLE,1,1,1,False,-1
5142,DOUBLE,1,1,0,False,-1
5143,TRIPLE,1,1,1,False,-1
5144,TRIPLE,1,1,1,False,-1
5145,DOUBLE,1,1,0,False,-1
5146,TRIPLE,1,1,1,False,-1
5147,DOUBLE,1,1,0,False,-1
5148,DOUBLE,1,1,0,False,-1
5149,TRIPLE,1,1,1,False,-1
5150,TRIPLE,1,1,1,False,-1
5151,TRIPLE,1,1,1,False,-1
5152,TRIPLE,1,1,1,False,-1
5153,TRIPLE,1,1,1,False,-1
5154,TRIPLE,1,1,1,False,-1
5155,SINGLE,1,0,0,False,-1
5156,TRIPLE,1,1,1,False,-1
5157,TRIPLE,1,1,1,False,-1
5158,SINGLE,1,0,0,False,-1
5159,SINGLE,1,0,0,False,-1
5160,TRIPLE,1,1,1,False,-1
5161,TRIPLE,1,1,1,False,-1
5162,DOUBLE,1,1,0,False,-1
5163,TRIPLE,1,1,1,False,-1
5164,TRIPLE,1,1,1,False,-1
5165,TRIPLE,1,1,1,False,-1
5166,TRIPLE,1,1,1,False,-1
5167,DOUBLE,1,1,0,False,-1
5168,TRIPLE,1,1,1,False,-1
5169,DOUBLE,1,1,0,False,-1
5170,TRIPLE,1,1,1,False,-1
5171,TRIPLE,1,1,1,False,-1
5172,DOUBLE,1,1,0,False,-1
5173,DOUBLE,1,1,0,False,-1
5174,TRIPLE,1,1,1,False,-1
5175,TRIPLE,1,1,1,False,-1
5176,TRIPLE,1,1,1,False,-1
5177,TRIPLE,1,1,1,False,-1
5178,TRIPLE,1,1,1,False,-1
5179,TRIPLE,1,1,1,False,-1
5180,TRIPLE,1,1,1,False,-1
5181,DOUBLE,1,1,0,False,-1
5182,TRIPLE,1,1,1,False,-1
5183,DOUBLE,1,1,0,False,-1
5184,SINGLE,1,0,0,False,-1
5185,DOUBLE,1,1,0,False,-1
5186,DOUBLE,1,1,0,False,-1
5187,SINGLE,1,0,0,False,-1
5188,TRIPLE,1,1,1,False,-1
5189,SINGLE,1,0,0,False,-1
5190,TRIPLE,1,1,1,False,-1
5191,TRIPLE,1,1,1,False,-1
5192,TRIPLE,1,1,1,False,-1
5193,DOUBLE,1,1,0,False,-1
5194,TRIPLE,1,1,1,False,-1
5195,TRIPLE,1,1,1,False,-1
5196,TRIPLE,1,1,1,False,-1
5197,DOUBLE,1,1,0,False,-1
5198,SINGLE,1,0,0,False,-1
5199,TRIPLE,1,1,1,False,-1
5200,TRIPLE,1,1,1,False,-1
5201,DOUBLE,1,1,0,False,-1
5202,TRIPLE,1,1,1,False,-1
5203,SINGLE,1,0,0,False,-1
5204,DOUBLE,1,1,0,False,-1
5205,TRIPLE,1,1,1,False,-1
5206,TRIPLE,1,1,1,False,-1
5207,TRIPLE,1,1,1,False,-1
5208,DOUBLE,1,1,0,False,-1
5209,TRIPLE,1,1,1,False,-1
5210,SINGLE,1,0,0,False,-1
5211,TRIPLE,1,1,1,False,-1
5212,DOUBLE,1,1,0,False,-1
5213,DOUBLE,1,0,1,False,-1
5214,TRIPLE,1,1,1,False,-1
5215,DOUBLE,1,1,0,False,-1
5216,DOUBLE,1,1,0,False,-1
5217,DOUBLE,1,1,0,False,-1
5218,DOUBLE,1,1,0,False,-1
5219,DOUBLE,1,1,0,False,-1
5220,TRIPLE,1,1,1,False,-1
5221,TRIPLE,1,1,1,False,-1
5222,DOUBLE,1,1,0,False,-1
5223,DOUBLE,1,1,0,False,-1
5224,DOUBLE,1,1,0,False,-1
5225,TRIPLE,1,1,1,False,-1
5226,TRIPLE,1,1,1,False,-1
5227,TRIPLE,1,1,1,False,-1
5228,SINGLE,1,0,0,False,-1
5229,TRIPLE,1,1,1,False,-1
5230,DOUBLE,1,1,0,False,-1
5231,TRIPLE,1,1,1,False,-1
5232,TRIPLE,1,1,1,False,-1
5233,TRIPLE,1,1,1,False,-1
5234,DOUBLE,1,1,0,False,-1
5235,TRIPLE,1,1,1,False,-1
5236,TRIPLE,1,1,1,False,-1
5237,TRIPLE,1,1,1,False,-1
5238,TRIPLE,1,1,1,False,-1
5239,TRIPLE,1,1,1,False,-1
5240,TRIPLE,1,1,1,False,-1
5241,DOUBLE,1,1,0,False,-1
5242,TRIPLE,1,1,1,False,-1
5243,DOUBLE,1,1,0,False,-1
5244,TRIPLE,1,1,1,False,-1
5245,TRIPLE,1,1,1,False,-1
5246,SINGLE,1,0,0,False,-1
5247,DOUBLE,1,1,0,False,-1
5248,TRIPLE,1,1,1,False,-1
5249,TRIPLE,1,1,1,False,-1
5250,DOUBLE,1,1,0,False,-1
5251,TRIPLE,1,1,1,False,-1
5252,TRIPLE,1,1,1,False,-1
5253,DOUBLE,1,1,0,False,-1
5254,TRIPLE,1,1,1,False,-1
5255,TRIPLE,1,1,1,False,-1
5256,DOUBLE,1,1,0,False,-1
5257,TRIPLE,1,1,1,False,-1
5258,DOUBLE,1,1,0,False,-1
5259,DOUBLE,1,1,0,False,-1
5260,TRIPLE,1,1,1,False,-1
5261,TRIPLE,1,1,1,False,-1
5262,DOUBLE,1,1,0,False,-1
5263,SINGLE,1,0,0,False,-1
5264,SINGLE,1,0,0,False,-1
5265,DOUBLE,1,1,0,False,-1
5266,TRIPLE,1,1,1,False,-1
5267,DOUBLE,1,1,0,False,-1
5268,TRIPLE,1,1,1,False,-1
5269,DOUBLE,1,1,0,False,-1
5270,TRIPLE,1,1,1,False,-1
5271,DOUBLE,1,1,0,False,-1
5272,SINGLE,1,0,0,False,-1
5273,TRIPLE,1,1,1,False,-1
5274,TRIPLE,1,1,1,False,-1
5275,TRIPLE,1,1,1,False,-1
5276,SINGLE,1,0,0,False,-1
5277,TRIPLE,1,1,1,False,-1
5278,DOUBLE,1,1,0,False,-1
5279,TRIPLE,1,1,1,False,-1
5280,TRIPLE,1,1,1,False,-1
5281,TRIPLE,1,1,1,False,-1
5282,TRIPLE,1,1,1,False,-1
5283,TRIPLE,1,1,1,False,-1
5284,TRIPLE,1,1,1,False,-1
5285,SINGLE,1,0,0,False,-1
5286,SINGLE,1,0,0,False,-1
5287,TRIPLE,1,1,1,False,-1
5288,TRIPLE,1,1,1,False,-1
5289,TRIPLE,1,1,1,False,-1
5290,TRIPLE,1,1,1,False,-1
5291,TRIPLE,1,1,1,False,-1
5292,DOUBLE,1,1,0,False,-1
5293,TRIPLE,1,1,1,False,-1
5294,DOUBLE,1,1,0,False,-1
5295,TRIPLE,1,1,1,False,-1
5296,DOUBLE,1,1,0,False,-1
5297,DOUBLE,1,1,0,False,-1
5298,TRIPLE,1,1,1,False,-1
5299,TRIPLE,1,1,1,False,-1
5300,TRIPLE,1,1,1,False,-1
5301,TRIPLE,1,1,1,False,-1
5302,DOUBLE,1,1,0,False,-1
5303,TRIPLE,1,1,1,False,-1
5304,DOUBLE,1,1,0,False,-1
5305,TRIPLE,1,1,1,False,-1
5306,SINGLE,1,0,0,False,-1
5307,TRIPLE,1,1,1,False,-1
5308,TRIPLE,1,1,1,False,-1
5309,DOUBLE,1,1,0,False,-1
5310,SINGLE,1,0,0,False,-1
5311,SINGLE,1,0,0,False,-1
5312,TRIPLE,1,1,1,False,-1
5313,TRIPLE,1,1,1,False,-1
5314,TRIPLE,1,1,1,False,-1
5315,TRIPLE,1,1,1,False,-1
5316,TRIPLE,1,1,1,False,-1
5317,TRIPLE,1,1,1,False,-1
5318,DOUBLE,1,1,0,False,-1
5319,DOUBLE,1,1,0,False,-1
5320,TRIPLE,1,1,1,False,-1
5321,TRIPLE,1,1,1,False,-1
5322,TRIPLE,1,1,1,False,-1
5323,SINGLE,1,0,0,False,-1
5324,TRIPLE,1,1,1,False,-1
5325,TRIPLE,1,1,1,False,-1
5326,TRIPLE,1,1,1,False,-1
5327,TRIPLE,1,1,1,False,-1
5328,SINGLE,1,0,0,False,-1
5329,TRIPLE,1,1,1,False,-1
5330,DOUBLE,1,1,0,False,-1
5331,TRIPLE,1,1,1,False,-1
5332,TRIPLE,1,1,1,False,-1
5333,TRIPLE,1,1,1,False,-1
5334,SINGLE,1,0,0,False,-1
5335,TRIPLE,1,1,1,False,-1
5336,DOUBLE,1,1,0,False,-1
5337,TRIPLE,1,1,1,False,-1
5338,TRIPLE,1,1,1,False,-1
5339,TRIPLE,1,1,1,False,-1
5340,TRIPLE,1,1,1,False,-1
5341,TRIPLE,1,1,1,False,-1
5342,TRIPLE,1,1,1,False,-1
5343,TRIPLE,1,1,1,False,-1
5344,DOUBLE,1,1,0,False,-1
5345,DOUBLE,1,1,0,False,-1
5346,DOUBLE,1,1,0,False,-1
5347,DOUBLE,1,1,0,False,-1
5348,SINGLE,1,0,0,False,-1
5349,TRIPLE,1,1,1,False,-1
5350,SINGLE,1,0,0,False,-1
5351,DOUBLE,1,1,0,False,-1
5352,TRIPLE,1,1,1,False,-1
5353,TRIPLE,1,1,1,False,-1
5354,DOUBLE,1,1,0,False,-1
5355,TRIPLE,1,1,1,False,-1
5356,TRIPLE,1,1,1,False,-1
5357,TRIPLE,1,1,1,False,-1
5358,DOUBLE,1,1,0,False,-1
5359,TRIPLE,1,1,1,False,-1
5360,DOUBLE,1,1,0,False,-1
5361,SINGLE,1,0,0,False,-1
5362,SINGLE,1,0,0,False,-1
5363,TRIPLE,1,1,1,False,-1
5364,DOUBLE,1,1,0,False,-1
5365,DOUBLE,1,1,0,False,-1
5366,SINGLE,1,0,0,False,-1
5367,DOUBLE,1,1,0,False,-1
5368,DOUBLE,1,1,0,False,-1
5369,DOUBLE,1,1,0,False,-1
5370,TRIPLE,1,1,1,False,-1
5371,DOUBLE,1,1,0,False,-1
5372,DOUBLE,1,1,0,False,-1
5373,SINGLE,1,0,0,False,-1
5374,TRIPLE,1,1,1,False,-1
5375,TRIPLE,1,1,1,False,-1
5376,DOUBLE,1,1,0,False,-1
5377,TRIPLE,1,1,1,False,-1
5378,TRIPLE,1,1,1,False,-1
5379,TRIPLE,1,1,1,False,-1
5380,TRIPLE,1,1,1,False,-1
5381,TRIPLE,1,1,1,False,-1
5382,DOUBLE,1,1,0,False,-1
5383,SINGLE,1,0,0,False,-1
5384,TRIPLE,1,1,1,False,-1
5385,TRIPLE,1,1,1,False,-1
5386,TRIPLE,1,1,1,False,-1
5387,TRIPLE,1,1,1,False,-1
5388,TRIPLE,1,1,1,False,-1
5389,SINGLE,1,0,0,False,-1
5390,TRIPLE,1,1,1,False,-1
5391,TRIPLE,1,1,1,False,-1
5392,TRIPLE,1,1,1,False,-1
5393,DOUBLE,1,1,0,False,-1
5394,TRIPLE,1,1,1,False,-1
5395,TRIPLE,1,1,1,False,-1
5396,TRIPLE,1,1,1,False,-1
5397,SINGLE,1,0,0,False,-1
5398,TRIPLE,1,1,1,False,-1
5399,TRIPLE,1,1,1,False,-1
5400,DOUBLE,1,1,0,False,-1
5401,TRIPLE,1,1,1,False,-1
5402,DOUBLE,1,1,0,False,-1
5403,TRIPLE,1,1,1,False,-1
5404,TRIPLE,1,1,1,False,-1
5405,DOUBLE,1,1,0,False,-1
5406,DOUBLE,1,1,0,False,-1
5407,TRIPLE,1,1,1,False,-1
5408,SINGLE,1,0,0,False,-1
5409,SINGLE,1,0,0,False,-1
5410,TRIPLE,1,1,1,False,-1
5411,TRIPLE,1,1,1,False,-1
5412,DOUBLE,1,1,0,False,-1
5413,TRIPLE,1,1,1,False,-1
5414,DOUBLE,1,1,0,False,-1
5415,TRIPLE,1,1,1,False,-1
5416,TRIPLE,1,1,1,False,-1
5417,TRIPLE,1,1,1,False,-1
5418,TRIPLE,1,1,1,False,-1
5419,TRIPLE,1,1,1,False,-1
5420,TRIPLE,1,1,1,False,-1
5421,TRIPLE,1,1,1,False,-1
5422,DOUBLE,1,1,0,False,-1
5423,TRIPLE,1,1,1,False,-1
5424,TRIPLE,1,1,1,False,-1
5425,TRIPLE,1,1,1,False,-1
5426,TRIPLE,1,1,1,False,-1
5427,TRIPLE,1,1,1,False,-1
5428,TRIPLE,1,1,1,False,-1
5429,DOUBLE,1,1,0,False,-1
5430,TRIPLE,1,1,1,False,-1
5431,TRIPLE,1,1,1,False,-1
5432,DOUBLE,1,1,0,False,-1
5433,DOUBLE,1,1,0,False,-1
5434,TRIPLE,1,1,1,False,-1
5435,DOUBLE,1,1,0,False,-1
5436,SINGLE,1,0,0,False,-1
5437,DOUBLE,1,1,0,False,-1
5438,SINGLE,1,0,0,False,-1
5439,TRIPLE,1,1,1,False,-1
5440,DOUBLE,1,1,0,False,-1
5441,TRIPLE,1,1,1,False,-1
5442,TRIPLE,1,1,1,False,-1
5443,DOUBLE,1,1,0,False,-1
5444,DOUBLE,1,1,0,False,-1
5445,DOUBLE,1,1,0,False,-1
5446,TRIPLE,1,1,1,False,-1
5447,TRIPLE,1,1,1,False,-1
5448,DOUBLE,1,1,0,False,-1
5449,DOUBLE,1,1,0,False,-1
5450,DOUBLE,1,1,0,False,-1
5451,DOUBLE,1,1,0,False,-1
5452,TRIPLE,1,1,1,False,-1
5453,TRIPLE,1,1,1,False,-1
5454,SINGLE,1,0,0,False,-1
5455,TRIPLE,1,1,1,False,-1
5456,TRIPLE,1,1,1,False,-1
5457,TRIPLE,1,1,1,False,-1
5458,TRIPLE,1,1,1,False,-1
5459,TRIPLE,1,1,1,False,-1
5460,TRIPLE,1,1,1,False,-1
5461,TRIPLE,1,1,1,False,-1
5462,TRIPLE,1,1,1,False,-1
5463,TRIPLE,1,1,1,False,-1
5464,TRIPLE,1,1,1,False,-1
5465,TRIPLE,1,1,1,False,-1
5466,TRIPLE,1,1,1,False,-1
5467,TRIPLE,1,1,1,False,-1
5468,TRIPLE,1,1,1,False,-1
5469,TRIPLE,1,1,1,False,-1
5470,TRIPLE,1,1,1,False,-1
5471,SINGLE,1,0,0,False,-1
5472,DOUBLE,1,1,0,False,-1
5473,TRIPLE,1,1,1,False,-1
5474,TRIPLE,1,1,1,False,-1
5475,TRIPLE,1,1,1,False,-1
5476,DOUBLE,1,1,0,False,-1
5477,SINGLE,1,0,0,False,-1
5478,SINGLE,1,0,0,False,-1
5479,SINGLE,1,0,0,False,-1
5480,DOUBLE,1,1,0,False,-1
5481,SINGLE,1,0,0,False,-1
5482,TRIPLE,1,1,1,False,-1
5483,TRIPLE,1,1,1,False,-1
5484,TRIPLE,1,1,1,False,-1
5485,TRIPLE,1,1,1,False,-1
5486,DOUBLE,1,1,0,False,-1
5487,TRIPLE,1,1,1,False,-1
5488,TRIPLE,1,1,1,False,-1
5489,TRIPLE,1,1,1,False,-1
5490,TRIPLE,1,1,1,False,-1
5491,SINGLE,1,0,0,False,-1
5492,TRIPLE,1,1,1,False,-1
5493,DOUBLE,1,1,0,False,-1
5494,DOUBLE,1,1,0,False,-1
5495,DOUBLE,1,1,0,False,-1
5496,TRIPLE,1,1,1,False,-1
5497,TRIPLE,1,1,1,False,-1
5498,DOUBLE,1,1,0,False,-1
5499,SINGLE,1,0,0,False,-1
5500,TRIPLE,1,1,1,False,-1
5501,TRIPLE,1,1,1,False,-1
5502,DOUBLE,1,1,0,False,-1
5503,DOUBLE,1,1,0,False,-1
5504,TRIPLE,1,1,1,False,-1
5505,DOUBLE,1,1,0,False,-1
5506,TRIPLE,1,1,1,False,-1
5507,TRIPLE,1,1,1,False,-1
5508,TRIPLE,1,1,1,False,-1
5509,DOUBLE,1,1,0,False,-1
5510,DOUBLE,1,1,0,False,-1
5511,TRIPLE,1,1,1,False,-1
5512,TRIPLE,1,1,1,False,-1
5513,DOUBLE,1,1,0,False,-1
5514,TRIPLE,1,1,1,False,-1
5515,TRIPLE,1,1,1,False,-1
5516,TRIPLE,1,1,1,False,-1
5517,DOUBLE,1,1,0,False,-1
5518,TRIPLE,1,1,1,False,-1
5519,TRIPLE,1,1,1,False,-1
5520,DOUBLE,1,1,0,False,-1
5521,SINGLE,1,0,0,False,-1
5522,TRIPLE,1,1,1,False,-1
5523,DOUBLE,1,1,0,False,-1
5524,SINGLE,1,0,0,False,-1
5525,TRIPLE,1,1,1,False,-1
5526,DOUBLE,1,1,0,False,-1
5527,TRIPLE,1,1,1,False,-1
5528,TRIPLE,1,1,1,False,-1
5529,DOUBLE,1,1,0,False,-1
5530,TRIPLE,1,1,1,False,-1
5531,TRIPLE,1,1,1,False,-1
5532,TRIPLE,1,1,1,False,-1
5533,DOUBLE,1,1,0,False,-1
5534,TRIPLE,1,1,1,False,-1
5535,TRIPLE,1,1,1,False,-1
5536,SINGLE,1,0,0,False,-1
5537,TRIPLE,1,1,1,False,-1
5538,DOUBLE,1,1,0,False,-1
5539,TRIPLE,1,1,1,False,-1
5540,TRIPLE,1,1,1,False,-1
5541,TRIPLE,1,1,1,False,-1
5542,SINGLE,1,0,0,False,-1
5543,TRIPLE,1,1,1,False,-1
5544,TRIPLE,1,1,1,False,-1
5545,TRIPLE,1,1,1,False,-1
5546,SINGLE,1,0,0,False,-1
5547,DOUBLE,1,1,0,False,-1
5548,TRIPLE,1,1,1,False,-1
5549,TRIPLE,1,1,1,False,-1
5550,TRIPLE,1,1,1,False,-1
5551,DOUBLE,1,1,0,False,-1
5552,TRIPLE,1,1,1,False,-1
5553,DOUBLE,1,1,0,False,-1
5554,TRIPLE,1,1,1,False,-1
5555,DOUBLE,1,1,0,False,-1
5556,TRIPLE,1,1,1,False,-1
5557,SINGLE,1,0,0,False,-1
5558,TRIPLE,1,1,1,False,-1
5559,SINGLE,1,0,0,False,-1
5560,TRIPLE,1,1,1,False,-1
5561,DOUBLE,1,1,0,False,-1
5562,TRIPLE,1,1,1,False,-1
5563,TRIPLE,1,1,1,False,-1
5564,TRIPLE,1,1,1,False,-1
5565,TRIPLE,1,1,1,False,-1
5566,TRIPLE,1,1,1,False,-1
5567,TRIPLE,1,1,1,False,-1
5568,TRIPLE,1,1,1,False,-1
5569,TRIPLE,1,1,1,False,-1
5570,DOUBLE,1,1,0,False,-1
5571,TRIPLE,1,1,1,False,-1
5572,TRIPLE,1,1,1,False,-1
5573,TRIPLE,1,1,1,False,-1
5574,DOUBLE,1,1,0,False,-1
5575,SINGLE,1,0,0,False,-1
5576,TRIPLE,1,1,1,False,-1
5577,DOUBLE,1,1,0,False,-1
5578,DOUBLE,1,1,0,False,-1
5579,TRIPLE,1,1,1,False,-1
5580,TRIPLE,1,1,1,False,-1
5581,TRIPLE,1,1,1,False,-1
5582,TRIPLE,1,1,1,False,-1
5583,TRIPLE,1,1,1,False,-1
5584,DOUBLE,1,1,0,False,-1
5585,TRIPLE,1,1,1,False,-1
5586,TRIPLE,1,1,1,False,-1
5587,TRIPLE,1,1,1,False,-1
5588,DOUBLE,1,1,0,False,-1
5589,TRIPLE,1,1,1,False,-1
5590,TRIPLE,1,1,1,False,-1
5591,TRIPLE,1,1,1,False,-1
5592,DOUBLE,1,1,0,False,-1
5593,DOUBLE,1,1,0,False,-1
5594,DOUBLE,1,1,0,False,-1
5595,SINGLE,1,0,0,False,-1
5596,TRIPLE,1,1,1,False,-1
5597,DOUBLE,1,1,0,False,-1
5598,SINGLE,1,0,0,False,-1
5599,TRIPLE,1,1,1,False,-1
5600,SINGLE,1,0,0,False,-1
5601,DOUBLE,1,1,0,False,-1
5602,DOUBLE,1,1,0,False,-1
5603,DOUBLE,1,1,0,False,-1
5604,TRIPLE,1,1,1,False,-1
5605,SINGLE,1,0,0,False,-1
5606,TRIPLE,1,1,1,False,-1
5607,TRIPLE,1,1,1,False,-1
5608,TRIPLE,1,1,1,False,-1
5609,TRIPLE,1,1,1,False,-1
5610,DOUBLE,1,1,0,False,-1
5611,TRIPLE,1,1,1,False,-1
5612,DOUBLE,1,1,0,False,-1
5613,TRIPLE,1,1,1,False,-1
5614,DOUBLE,1,1,0,False,-1
5615,TRIPLE,1,1,1,False,-1
5616,TRIPLE,1,1,1,False,-1
5617,TRIPLE,1,1,1,False,-1
5618,TRIPLE,1,1,1,False,-1
5619,DOUBLE,1,1,0,False,-1
5620,DOUBLE,1,1,0,False,-1
5621,TRIPLE,1,1,1,False,-1
5622,SINGLE,1,0,0,False,-1
5623,DOUBLE,1,1,0,False,-1
5624,SINGLE,1,0,0,False,-1
5625,DOUBLE,1,1,0,False,-1
5626,TRIPLE,1,1,1,False,-1
5627,TRIPLE,1,1,1,False,-1
5628,SINGLE,1,0,0,False,-1
5629,TRIPLE,1,1,1,False,-1
5630,DOUBLE,1,1,0,False,-1
5631,DOUBLE,1,1,0,False,-1
5632,TRIPLE,1,1,1,False,-1
5633,SINGLE,1,0,0,False,-1
5634,DOUBLE,1,1,0,False,-1
5635,DOUBLE,1,1,0,False,-1
5636,DOUBLE,1,1,0,False,-1
5637,TRIPLE,1,1,1,False,-1
5638,TRIPLE,1,1,1,False,-1
5639,DOUBLE,1,1,0,False,-1
5640,SINGLE,1,0,0,False,-1
5641,SINGLE,1,0,0,False,-1
5642,SINGLE,1,0,0,False,-1
5643,TRIPLE,1,1,1,False,-1
5644,TRIPLE,1,1,1,False,-1
5645,SINGLE,1,0,0,False,-1
5646,TRIPLE,1,1,1,False,-1
5647,DOUBLE,1,1,0,False,-1
5648,DOUBLE,1,1,0,False,-1
5649,TRIPLE,1,1,1,False,-1
5650,DOUBLE,1,1,0,False,-1
5651,TRIPLE,1,1,1,False,-1
5652,DOUBLE,1,1,0,False,-1
5653,DOUBLE,1,1,0,False,-1
5654,TRIPLE,1,1,1,False,-1
5655,TRIPLE,1,1,1,False,-1
5656,TRIPLE,1,1,1,False,-1
5657,DOUBLE,1,1,0,False,-1
5658,DOUBLE,1,1,0,False,-1
5659,SINGLE,1,0,0,False,-1
5660,DOUBLE,1,1,0,False,-1
5661,TRIPLE,1,1,1,False,-1
5662,TRIPLE,1,1,1,False,-1
5663,TRIPLE,1,1,1,False,-1
5664,TRIPLE,1,1,1,False,-1
5665,TRIPLE,1,1,1,False,-1
5666,SINGLE,1,0,0,False,-1
5667,DOUBLE,1,1,0,False,-1
5668,DOUBLE,1,1,0,False,-1
5669,TRIPLE,1,1,1,False,-1
5670,TRIPLE,1,1,1,False,-1
5671,SINGLE,1,0,0,False,-1
5672,TRIPLE,1,1,1,False,-1
5673,DOUBLE,1,1,0,False,-1
5674,DOUBLE,1,1,0,False,-1
5675,SINGLE,1,0,0,False,-1
5676,TRIPLE,1,1,1,False,-1
5677,DOUBLE,1,1,0,False,-1
5678,TRIPLE,1,1,1,False,-1
5679,TRIPLE,1,1,1,False,-1
5680,DOUBLE,1,1,0,False,-1
5681,TRIPLE,1,1,1,False,-1
5682,SINGLE,1,0,0,False,-1
5683,TRIPLE,1,1,1,False,-1
5684,TRIPLE,1,1,1,False,-1
5685,SINGLE,1,0,0,False,-1
5686,DOUBLE,1,1,0,False,-1
5687,TRIPLE,1,1,1,False,-1
5688,TRIPLE,1,1,1,False,-1
5689,TRIPLE,1,1,1,False,-1
5690,TRIPLE,1,1,1,False,-1
5691,SINGLE,1,0,0,False,-1
5692,SINGLE,1,0,0,False,-1
5693,SINGLE,1,0,0,False,-1
5694,TRIPLE,1,1,1,False,-1
5695,DOUBLE,1,1,0,False,-1
5696,SINGLE,1,0,0,False,-1
5697,SINGLE,1,0,0,False,-1
5698,TRIPLE,1,1,1,False,-1
5699,SINGLE,1,0,0,False,-1
5700,TRIPLE,1,1,1,False,-1
5701,TRIPLE,1,1,1,False,-1
5702,TRIPLE,1,1,1,False,-1
5703,DOUBLE,1,1,0,False,-1
5704,TRIPLE,1,1,1,False,-1
5705,TRIPLE,1,1,1,False,-1
5706,TRIPLE,1,1,1,False,-1
5707,DOUBLE,1,1,0,False,-1
5708,TRIPLE,1,1,1,False,-1
5709,SINGLE,1,0,0,False,-1
5710,TRIPLE,1,1,1,False,-1
5711,TRIPLE,1,1,1,False,-1
5712,TRIPLE,1,1,1,False,-1
5713,DOUBLE,1,1,0,False,-1
5714,TRIPLE,1,1,1,False,-1
5715,TRIPLE,1,1,1,False,-1
5716,DOUBLE,1,1,0,False,-1
5717,TRIPLE,1,1,1,False,-1
5718,SINGLE,1,0,0,False,-1
5719,SINGLE,1,0,0,False,-1
5720,TRIPLE,1,1,1,False,-1
5721,TRIPLE,1,1,1,False,-1
5722,TRIPLE,1,1,1,False,-1
5723,TRIPLE,1,1,1,False,-1
5724,TRIPLE,1,1,1,False,-1
5725,TRIPLE,1,1,1,False,-1
5726,DOUBLE,1,1,0,False,-1
5727,DOUBLE,1,1,0,False,-1
5728,DOUBLE,1,1,0,False,-1
5729,DOUBLE,1,1,0,False,-1
5730,SINGLE,1,0,0,False,-1
5731,TRIPLE,1,1,1,False,-1
5732,TRIPLE,1,1,1,False,-1
5733,DOUBLE,1,1,0,False,-1
5734,TRIPLE,1,1,1,False,-1
5735,DOUBLE,1,1,0,False,-1
5736,TRIPLE,1,1,1,False,-1
5737,SINGLE,1,0,0,False,-1
5738,TRIPLE,1,1,1,False,-1
5739,TRIPLE,1,1,1,False,-1
5740,TRIPLE,1,1,1,False,-1
5741,DOUBLE,1,1,0,False,-1
5742,TRIPLE,1,1,1,False,-1
5743,TRIPLE,1,1,1,False,-1
5744,TRIPLE,1,1,1,False,-1
5745,TRIPLE,1,1,1,False,-1
5746,TRIPLE,1,1,1,False,-1
5747,DOUBLE,1,1,0,False,-1
5748,TRIPLE,1,1,1,False,-1
5749,DOUBLE,1,1,0,False,-1
5750,DOUBLE,1,1,0,False,-1
5751,SINGLE,1,0,0,False,-1
5752,TRIPLE,1,1,1,False,-1
5753,SINGLE,1,0,0,False,-1
5754,SINGLE,1,0,0,False,-1
5755,TRIPLE,1,1,1,False,-1
5756,TRIPLE,1,1,1,False,-1
5757,DOUBLE,1,1,0,False,-1
5758,TRIPLE,1,1,1,False,-1
5759,SINGLE,1,0,0,False,-1
5760,TRIPLE,1,1,1,False,-1
5761,DOUBLE,1,1,0,False,-1
5762,TRIPLE,1,1,1,False,-1
5763,DOUBLE,1,1,0,False,-1
5764,TRIPLE,1,1,1,False,-1
5765,TRIPLE,1,1,1,False,-1
5766,TRIPLE,1,1,1,False,-1
5767,DOUBLE,1,1,0,False,-1
5768,TRIPLE,1,1,1,False,-1
5769,SINGLE,1,0,0,False,-1
5770,DOUBLE,1,1,0,False,-1
5771,TRIPLE,1,1,1,False,-1
5772,TRIPLE,1,1,1,False,-1
5773,TRIPLE,1,1,1,False,-1
5774,TRIPLE,1,1,1,False,-1
5775,DOUBLE,1,1,0,False,-1
5776,SINGLE,1,0,0,False,-1
5777,DOUBLE,1,1,0,False,-1
5778,TRIPLE,1,1,1,False,-1
5779,TRIPLE,1,1,1,False,-1
5780,DOUBLE,1,1,0,False,-1
5781,TRIPLE,1,1,1,False,-1
5782,TRIPLE,1,1,1,False,-1
5783,TRIPLE,1,1,1,False,-1
5784,TRIPLE,1,1,1,False,-1
5785,TRIPLE,1,1,1,False,-1
5786,TRIPLE,1,1,1,False,-1
5787,TRIPLE,1,1,1,False,-1
5788,TRIPLE,1,1,1,False,-1
5789,DOUBLE,1,1,0,False,-1
5790,TRIPLE,1,1,1,False,-1
5791,TRIPLE,1,1,1,False,-1
5792,TRIPLE,1,1,1,False,-1
5793,TRIPLE,1,1,1,False,-1
5794,TRIPLE,1,1,1,False,-1
5795,DOUBLE,1,1,0,False,-1
5796,TRIPLE,1,1,1,False,-1
5797,DOUBLE,1,1,0,False,-1
5798,TRIPLE,1,1,1,False,-1
5799,TRIPLE,1,1,1,False,-1
5800,DOUBLE,1,1,0,False,-1
5801,TRIPLE,1,1,1,False,-1
5802,TRIPLE,1,1,1,False,-1
5803,SINGLE,1,0,0,False,-1
5804,TRIPLE,1,1,1,False,-1
5805,TRIPLE,1,1,1,False,-1
5806,TRIPLE,1,1,1,False,-1
5807,TRIPLE,1,1,1,False,-1
5808,DOUBLE,1,1,0,False,-1
5809,TRIPLE,1,1,1,False,-1
5810,DOUBLE,1,1,0,False,-1
5811,DOUBLE,1,1,0,False,-1
5812,TRIPLE,1,1,1,False,-1
5813,TRIPLE,1,1,1,False,-1
5814,TRIPLE,1,1,1,False,-1
5815,TRIPLE,1,1,1,False,-1
5816,TRIPLE,1,1,1,False,-1
5817,DOUBLE,1,1,0,False,-1
5818,TRIPLE,1,1,1,False,-1
5819,TRIPLE,1,1,1,False,-1
5820,DOUBLE,1,1,0,False,-1
5821,SINGLE,1,0,0,False,-1
5822,SINGLE,1,0,0,False,-1
5823,TRIPLE,1,1,1,False,-1
5824,TRIPLE,1,1,1,False,-1
5825,SINGLE,1,0,0,False,-1
5826,TRIPLE,1,1,1,False,-1
5827,TRIPLE,1,1,1,False,-1
5828,TRIPLE,1,1,1,False,-1
5829,TRIPLE,1,1,1,False,-1
5830,TRIPLE,1,1,1,False,-1
5831,TRIPLE,1,1,1,False,-1
5832,TRIPLE,1,1,1,False,-1
5833,TRIPLE,1,1,1,False,-1
5834,SINGLE,1,0,0,False,-1
5835,TRIPLE,1,1,1,False,-1
5836,SINGLE,1,0,0,False,-1
5837,DOUBLE,1,1,0,False,-1
5838,DOUBLE,1,1,0,False,-1
5839,DOUBLE,1,1,0,False,-1
5840,TRIPLE,1,1,1,False,-1
5841,TRIPLE,1,1,1,False,-1
5842,SINGLE,1,0,0,False,-1
5843,TRIPLE,1,1,1,False,-1
5844,SINGLE,1,0,0,False,-1
5845,DOUBLE,1,1,0,False,-1
5846,TRIPLE,1,1,1,False,-1
5847,TRIPLE,1,1,1,False,-1
5848,TRIPLE,1,1,1,False,-1
5849,TRIPLE,1,1,1,False,-1
5850,DOUBLE,1,1,0,False,-1
5851,TRIPLE,1,1,1,False,-1
5852,DOUBLE,1,1,0,False,-1
5853,DOUBLE,1,1,0,False,-1
5854,TRIPLE,1,1,1,False,-1
5855,DOUBLE,1,1,0,False,-1
5856,TRIPLE,1,1,1,False,-1
5857,DOUBLE,1,1,0,False,-1
5858,TRIPLE,1,1,1,False,-1
5859,TRIPLE,1,1,1,False,-1
5860,DOUBLE,1,1,0,False,-1
5861,SINGLE,1,0,0,False,-1
5862,SINGLE,1,0,0,False,-1
5863,TRIPLE,1,1,1,False,-1
5864,TRIPLE,1,1,1,False,-1
5865,DOUBLE,1,1,0,False,-1
5866,DOUBLE,1,1,0,False,-1
5867,DOUBLE,1,1,0,False,-1
5868,SINGLE,1,0,0,False,-1
5869,TRIPLE,1,1,1,False,-1
5870,TRIPLE,1,1,1,False,-1
5871,DOUBLE,1,1,0,False,-1
5872,TRIPLE,1,1,1,False,-1
5873,TRIPLE,1,1,1,False,-1
5874,TRIPLE,1,1,1,False,-1
5875,TRIPLE,1,1,1,False,-1
5876,DOUBLE,1,1,0,False,-1
5877,TRIPLE,1,1,1,False,-1
5878,DOUBLE,1,1,0,False,-1
5879,DOUBLE,1,1,0,False,-1
5880,TRIPLE,1,1,1,False,-1
5881,TRIPLE,1,1,1,False,-1
5882,TRIPLE,1,1,1,False,-1
5883,TRIPLE,1,1,1,False,-1
5884,SINGLE,1,0,0,False,-1
5885,TRIPLE,1,1,1,False,-1
5886,SINGLE,1,0,0,False,-1
5887,SINGLE,1,0,0,False,-1
5888,SINGLE,1,0,0,False,-1
5889,DOUBLE,1,1,0,False,-1
5890,TRIPLE,1,1,1,False,-1
5891,DOUBLE,1,1,0,False,-1
5892,SINGLE,1,0,0,False,-1
5893,SINGLE,1,0,0,False,-1
5894,TRIPLE,1,1,1,False,-1
5895,SINGLE,1,0,0,False,-1
5896,TRIPLE,1,1,1,False,-1
5897,DOUBLE,1,1,0,False,-1
5898,TRIPLE,1,1,1,False,-1
5899,TRIPLE,1,1,1,False,-1
5900,TRIPLE,1,1,1,False,-1
5901,TRIPLE,1,1,1,False,-1
5902,TRIPLE,1,1,1,False,-1
5903,DOUBLE,1,1,0,False,-1
5904,TRIPLE,1,1,1,False,-1
5905,TRIPLE,1,1,1,False,-1
5906,TRIPLE,1,1,1,False,-1
5907,TRIPLE,1,1,1,False,-1
5908,SINGLE,1,0,0,False,-1
5909,TRIPLE,1,1,1,False,-1
5910,TRIPLE,1,1,1,False,-1
5911,TRIPLE,1,1,1,False,-1
5912,TRIPLE,1,1,1,False,-1
5913,DOUBLE,1,1,0,False,-1
5914,TRIPLE,1,1,1,False,-1
5915,SINGLE,1,0,0,False,-1
5916,DOUBLE,1,1,0,False,-1
5917,TRIPLE,1,1,1,False,-1
5918,DOUBLE,1,1,0,False,-1
5919,TRIPLE,1,1,1,False,-1
5920,TRIPLE,1,1,1,False,-1
5921,DOUBLE,1,1,0,False,-1
5922,DOUBLE,1,1,0,False,-1
5923,DOUBLE,1,1,0,False,-1
5924,TRIPLE,1,1,1,False,-1
5925,TRIPLE,1,1,1,False,-1
5926,TRIPLE,1,1,1,False,-1
5927,TRIPLE,1,1,1,False,-1
5928,TRIPLE,1,1,1,False,-1
5929,DOUBLE,1,1,0,False,-1
5930,DOUBLE,1,1,0,False,-1
5931,TRIPLE,1,1,1,False,-1
5932,TRIPLE,1,1,1,False,-1
5933,DOUBLE,1,1,0,False,-1
5934,TRIPLE,1,1,1,False,-1
5935,TRIPLE,1,1,1,False,-1
5936,TRIPLE,1,1,1,False,-1
5937,SINGLE,1,0,0,False,-1
5938,TRIPLE,1,1,1,False,-1
5939,TRIPLE,1,1,1,False,-1
5940,TRIPLE,1,1,1,False,-1
5941,TRIPLE,1,1,1,False,-1
5942,DOUBLE,1,1,0,False,-1
5943,TRIPLE,1,1,1,False,-1
5944,DOUBLE,1,1,0,False,-1
5945,TRIPLE,1,1,1,False,-1
5946,SINGLE,1,0,0,False,-1
5947,TRIPLE,1,1,1,False,-1
5948,TRIPLE,1,1,1,False,-1
5949,TRIPLE,1,1,1,False,-1
5950,TRIPLE,1,1,1,False,-1
5951,TRIPLE,1,1,1,False,-1
5952,TRIPLE,1,1,1,False,-1
5953,TRIPLE,1,1,1,False,-1
5954,TRIPLE,1,1,1,False,-1
5955,SINGLE,1,0,0,False,-1
5956,SINGLE,1,0,0,False,-1
5957,SINGLE,1,0,0,False,-1
5958,TRIPLE,1,1,1,False,-1
5959,TRIPLE,1,1,1,False,-1
5960,DOUBLE,1,1,0,False,-1
5961,DOUBLE,1,1,0,False,-1
5962,DOUBLE,1,1,0,False,-1
5963,TRIPLE,1,1,1,False,-1
5964,TRIPLE,1,1,1,False,-1
5965,TRIPLE,1,1,1,False,-1
5966,TRIPLE,1,1,1,False,-1
5967,DOUBLE,1,1,0,False,-1
5968,DOUBLE,1,1,0,False,-1
5969,TRIPLE,1,1,1,False,-1
5970,DOUBLE,1,1,0,False,-1
5971,DOUBLE,1,1,0,False,-1
5972,TRIPLE,1,1,1,False,-1
5973,DOUBLE,1,1,0,False,-1
5974,SINGLE,1,0,0,False,-1
5975,TRIPLE,1,1,1,False,-1
5976,DOUBLE,1,1,0,False,-1
5977,TRIPLE,1,1,1,False,-1
5978,DOUBLE,1,1,0,False,-1
5979,TRIPLE,1,1,1,False,-1
5980,TRIPLE,1,1,1,False,-1
5981,SINGLE,1,0,0,False,-1
5982,SINGLE,1,0,0,False,-1
5983,TRIPLE,1,1,1,False,-1
5984,TRIPLE,1,1,1,False,-1
5985,TRIPLE,1,1,1,False,-1
5986,SINGLE,1,0,0,False,-1
5987,SINGLE,1,0,0,False,-1
5988,TRIPLE,1,1,1,False,-1
5989,TRIPLE,1,1,1,False,-1
5990,TRIPLE,1,1,1,False,-1
5991,TRIPLE,1,1,1,False,-1
5992,DOUBLE,1,1,0,False,-1
5993,DOUBLE,1,1,0,False,-1
5994,TRIPLE,1,1,1,False,-1
5995,TRIPLE,1,1,1,False,-1
5996,TRIPLE,1,1,1,False,-1
5997,TRIPLE,1,1,1,False,-1
5998,SINGLE,1,0,0,False,-1
5999,TRIPLE,1,1,1,False,-1
6000,TRIPLE,1,1,1,False,-1
6001,TRIPLE,1,1,1,False,-1
6002,TRIPLE,1,1,1,False,-1
6003,TRIPLE,1,1,1,False,-1
6004,TRIPLE,1,1,1,False,-1
6005,TRIPLE,1,1,1,False,-1
6006,TRIPLE,1,1,1,False,-1
6007,TRIPLE,1,1,1,False,-1
6008,SINGLE,1,0,0,False,-1
6009,TRIPLE,1,1,1,False,-1
6010,SINGLE,1,0,0,False,-1
6011,TRIPLE,1,1,1,False,-1
6012,DOUBLE,1,1,0,False,-1
6013,SINGLE,1,0,0,False,-1
6014,TRIPLE,1,1,1,False,-1
6015,DOUBLE,1,1,0,False,-1
6016,TRIPLE,1,1,1,False,-1
6017,TRIPLE,1,1,1,False,-1
6018,DOUBLE,1,1,0,False,-1
6019,SINGLE,1,0,0,False,-1
6020,DOUBLE,1,1,0,False,-1
6021,TRIPLE,1,1,1,False,-1
6022,SINGLE,1,0,0,False,-1
6023,TRIPLE,1,1,1,False,-1
6024,TRIPLE,1,1,1,False,-1
6025,DOUBLE,1,1,0,False,-1
6026,DOUBLE,1,1,0,False,-1
6027,DOUBLE,1,1,0,False,-1
6028,TRIPLE,1,1,1,False,-1
6029,SINGLE,1,0,0,False,-1
6030,DOUBLE,1,1,0,False,-1
6031,TRIPLE,1,1,1,False,-1
6032,TRIPLE,1,1,1,False,-1
6033,TRIPLE,1,1,1,False,-1
6034,TRIPLE,1,1,1,False,-1
6035,DOUBLE,1,1,0,False,-1
6036,TRIPLE,1,1,1,False,-1
6037,TRIPLE,1,1,1,False,-1
6038,TRIPLE,1,1,1,False,-1
6039,DOUBLE,1,1,0,False,-1
6040,DOUBLE,1,1,0,False,-1
6041,TRIPLE,1,1,1,False,-1
6042,SINGLE,1,0,0,False,-1
6043,TRIPLE,1,1,1,False,-1
6044,DOUBLE,1,1,0,False,-1
6045,TRIPLE,1,1,1,False,-1
6046,TRIPLE,1,1,1,False,-1
6047,TRIPLE,1,1,1,False,-1
6048,TRIPLE,1,1,1,False,-1
6049,SINGLE,1,0,0,False,-1
6050,DOUBLE,1,1,0,False,-1
6051,TRIPLE,1,1,1,False,-1
6052,TRIPLE,1,1,1,False,-1
6053,SINGLE,1,0,0,False,-1
6054,TRIPLE,1,1,1,False,-1
6055,DOUBLE,1,1,0,False,-1
6056,TRIPLE,1,1,1,False,-1
6057,TRIPLE,1,1,1,False,-1
6058,DOUBLE,1,1,0,False,-1
6059,TRIPLE,1,1,1,False,-1
6060,TRIPLE,1,1,1,False,-1
6061,TRIPLE,1,1,1,False,-1
6062,TRIPLE,1,1,1,False,-1
6063,TRIPLE,1,1,1,False,-1
6064,TRIPLE,1,1,1,False,-1
6065,DOUBLE,1,1,0,False,-1
6066,TRIPLE,1,1,1,False,-1
6067,TRIPLE,1,1,1,False,-1
6068,SINGLE,1,0,0,False,-1
6069,DOUBLE,1,1,0,False,-1
6070,SINGLE,1,0,0,False,-1
6071,TRIPLE,1,1,1,False,-1
6072,DOUBLE,1,1,0,False,-1
6073,SINGLE,1,0,0,False,-1
6074,TRIPLE,1,1,1,False,-1
6075,TRIPLE,1,1,1,False,-1
6076,TRIPLE,1,1,1,False,-1
6077,TRIPLE,1,1,1,False,-1
6078,SINGLE,1,0,0,False,-1
6079,DOUBLE,1,1,0,False,-1
6080,TRIPLE,1,1,1,False,-1
6081,DOUBLE,1,1,0,False,-1
6082,TRIPLE,1,1,1,False,-1
6083,DOUBLE,1,1,0,False,-1
6084,TRIPLE,1,1,1,False,-1
6085,DOUBLE,1,1,0,False,-1
6086,DOUBLE,1,1,0,False,-1
6087,DOUBLE,1,1,0,False,-1
6088,TRIPLE,1,1,1,False,-1
6089,TRIPLE,1,1,1,False,-1
6090,TRIPLE,1,1,1,False,-1
6091,TRIPLE,1,1,1,False,-1
6092,TRIPLE,1,1,1,False,-1
6093,TRIPLE,1,1,1,False,-1
6094,TRIPLE,1,1,1,False,-1
6095,DOUBLE,1,1,0,False,-1
6096,SINGLE,1,0,0,False,-1
6097,DOUBLE,1,1,0,False,-1
6098,SINGLE,1,0,0,False,-1
6099,TRIPLE,1,1,1,False,-1
6100,DOUBLE,1,1,0,False,-1
6101,DOUBLE,1,1,0,False,-1
6102,TRIPLE,1,1,1,False,-1
6103,SINGLE,1,0,0,False,-1
6104,TRIPLE,1,1,1,False,-1
6105,SINGLE,1,0,0,False,-1
6106,DOUBLE,1,1,0,False,-1
6107,TRIPLE,1,1,1,False,-1
6108,DOUBLE,1,1,0,False,-1
6109,TRIPLE,1,1,1,False,-1
6110,DOUBLE,1,1,0,False,-1
6111,TRIPLE,1,1,1,False,-1
6112,TRIPLE,1,1,1,False,-1
6113,DOUBLE,1,1,0,False,-1
6114,TRIPLE,1,1,1,False,-1
6115,TRIPLE,1,1,1,False,-1
6116,TRIPLE,1,1,1,False,-1
6117,TRIPLE,1,1,1,False,-1
6118,DOUBLE,1,1,0,False,-1
6119,TRIPLE,1,1,1,False,-1
6120,TRIPLE,1,1,1,False,-1
6121,DOUBLE,1,1,0,False,-1
6122,SINGLE,1,0,0,False,-1
6123,TRIPLE,1,1,1,False,-1
6124,DOUBLE,1,1,0,False,-1
6125,TRIPLE,1,1,1,False,-1
6126,DOUBLE,1,1,0,False,-1
6127,TRIPLE,1,1,1,False,-1
6128,DOUBLE,1,1,0,False,-1
6129,TRIPLE,1,1,1,False,-1
6130,TRIPLE,1,1,1,False,-1
6131,TRIPLE,1,1,1,False,-1
6132,DOUBLE,1,1,0,False,-1
6133,SINGLE,1,0,0,False,-1
6134,DOUBLE,1,1,0,False,-1
6135,DOUBLE,1,1,0,False,-1
6136,TRIPLE,1,1,1,False,-1
6137,SINGLE,1,0,0,False,-1
6138,TRIPLE,1,1,1,False,-1
6139,TRIPLE,1,1,1,False,-1
6140,TRIPLE,1,1,1,False,-1
6141,TRIPLE,1,1,1,False,-1
6142,TRIPLE,1,1,1,False,-1
6143,TRIPLE,1,1,1,False,-1
6144,SINGLE,1,0,0,False,-1
6145,TRIPLE,1,1,1,False,-1
6146,SINGLE,1,0,0,False,-1
6147,DOUBLE,1,1,0,False,-1
6148,TRIPLE,1,1,1,False,-1
6149,TRIPLE,1,1,1,False,-1
6150,DOUBLE,1,1,0,False,-1
6151,DOUBLE,1,1,0,False,-1
6152,TRIPLE,1,1,1,False,-1
6153,DOUBLE,1,1,0,False,-1
6154,TRIPLE,1,1,1,False,-1
6155,DOUBLE,1,1,0,False,-1
6156,DOUBLE,1,1,0,False,-1
6157,TRIPLE,1,1,1,False,-1
6158,TRIPLE,1,1,1,False,-1
6159,TRIPLE,1,1,1,False,-1
6160,SINGLE,1,0,0,False,-1
6161,TRIPLE,1,1,1,False,-1
6162,TRIPLE,1,1,1,False,-1
6163,TRIPLE,1,1,1,False,-1
6164,TRIPLE,1,1,1,False,-1
6165,TRIPLE,1,1,1,False,-1
6166,SINGLE,1,0,0,False,-1
6167,TRIPLE,1,1,1,False,-1
6168,SINGLE,1,0,0,False,-1
6169,DOUBLE,1,1,0,False,-1
6170,DOUBLE,1,1,0,False,-1
6171,TRIPLE,1,1,1,False,-1
6172,TRIPLE,1,1,1,False,-1
6173,TRIPLE,1,1,1,False,-1
6174,DOUBLE,1,1,0,False,-1
6175,DOUBLE,1,1,0,False,-1
6176,DOUBLE,1,1,0,False,-1
6177,TRIPLE,1,1,1,False,-1
6178,DOUBLE,1,1,0,False,-1
6179,DOUBLE,1,1,0,False,-1
6180,SINGLE,1,0,0,False,-1
6181,TRIPLE,1,1,1,False,-1
6182,DOUBLE,1,1,0,False,-1
6183,TRIPLE,1,1,1,False,-1
6184,TRIPLE,1,1,1,False,-1
6185,DOUBLE,1,1,0,False,-1
6186,DOUBLE,1,1,0,False,-1
6187,TRIPLE,1,1,1,False,-1
6188,TRIPLE,1,1,1,False,-1
6189,TRIPLE,1,1,1,False,-1
6190,TRIPLE,1,1,1,False,-1
6191,DOUBLE,1,1,0,False,-1
6192,SINGLE,1,0,0,False,-1
6193,TRIPLE,1,1,1,False,-1
6194,DOUBLE,1,1,0,False,-1
6195,TRIPLE,1,1,1,False,-1
6196,TRIPLE,1,1,1,False,-1
6197,SINGLE,1,0,0,False,-1
6198,DOUBLE,1,1,0,False,-1
6199,TRIPLE,1,1,1,False,-1
6200,TRIPLE,1,1,1,False,-1
6201,TRIPLE,1,1,1,False,-1
6202,SINGLE,1,0,0,False,-1
6203,TRIPLE,1,1,1,False,-1
6204,TRIPLE,1,1,1,False,-1
6205,DOUBLE,1,1,0,False,-1
6206,DOUBLE,1,1,0,False,-1
6207,DOUBLE,1,1,0,False,-1
6208,TRIPLE,1,1,1,False,-1
6209,TRIPLE,1,1,1,False,-1
6210,TRIPLE,1,1,1,False,-1
6211,DOUBLE,1,1,0,False,-1
6212,SINGLE,1,0,0,False,-1
6213,SINGLE,1,0,0,False,-1
6214,TRIPLE,1,1,1,False,-1
6215,TRIPLE,1,1,1,False,-1
6216,TRIPLE,1,1,1,False,-1
6217,TRIPLE,1,1,1,False,-1
6218,DOUBLE,1,1,0,False,-1
6219,TRIPLE,1,1,1,False,-1
6220,TRIPLE,1,1,1,False,-1
6221,DOUBLE,1,1,0,False,-1
6222,TRIPLE,1,1,1,False,-1
6223,TRIPLE,1,1,1,False,-1
6224,SINGLE,1,0,0,False,-1
6225,TRIPLE,1,1,1,False,-1
6226,TRIPLE,1,1,1,False,-1
6227,TRIPLE,1,1,1,False,-1
6228,TRIPLE,1,1,1,False,-1
6229,TRIPLE,1,1,1,False,-1
6230,DOUBLE,1,1,0,False,-1
6231,TRIPLE,1,1,1,False,-1
6232,TRIPLE,1,1,1,False,-1
6233,TRIPLE,1,1,1,False,-1
6234,TRIPLE,1,1,1,False,-1
6235,TRIPLE,1,1,1,False,-1
6236,TRIPLE,1,1,1,False,-1
6237,TRIPLE,1,1,1,False,-1
6238,DOUBLE,1,1,0,False,-1
6239,TRIPLE,1,1,1,False,-1
6240,TRIPLE,1,1,1,False,-1
6241,TRIPLE,1,1,1,False,-1
6242,TRIPLE,1,1,1,False,-1
6243,TRIPLE,1,1,1,False,-1
6244,TRIPLE,1,1,1,False,-1
6245,TRIPLE,1,1,1,False,-1
6246,TRIPLE,1,1,1,False,-1
6247,DOUBLE,1,1,0,False,-1
6248,SINGLE,1,0,0,False,-1
6249,TRIPLE,1,1,1,False,-1
6250,TRIPLE,1,1,1,False,-1
6251,TRIPLE,1,1,1,False,-1
6252,TRIPLE,1,1,1,False,-1
6253,SINGLE,1,0,0,False,-1
6254,DOUBLE,1,1,0,False,-1
6255,DOUBLE,1,1,0,False,-1
6256,TRIPLE,1,1,1,False,-1
6257,TRIPLE,1,1,1,False,-1
6258,TRIPLE,1,1,1,False,-1
6259,TRIPLE,1,1,1,False,-1
6260,SINGLE,1,0,0,False,-1
6261,TRIPLE,1,1,1,False,-1
6262,TRIPLE,1,1,1,False,-1
6263,SINGLE,1,0,0,False,-1
6264,TRIPLE,1,1,1,False,-1
6265,DOUBLE,1,1,0,False,-1
6266,TRIPLE,1,1,1,False,-1
6267,TRIPLE,1,1,1,False,-1
6268,TRIPLE,1,1,1,False,-1
6269,SINGLE,1,0,0,False,-1
6270,TRIPLE,1,1,1,False,-1
6271,SINGLE,1,0,0,False,-1
6272,TRIPLE,1,1,1,False,-1
6273,TRIPLE,1,1,1,False,-1
6274,TRIPLE,1,1,1,False,-1
6275,TRIPLE,1,1,1,False,-1
6276,TRIPLE,1,1,1,False,-1
6277,SINGLE,1,0,0,False,-1
6278,DOUBLE,1,1,0,False,-1
6279,TRIPLE,1,1,1,False,-1
6280,TRIPLE,1,1,1,False,-1
6281,TRIPLE,1,1,1,False,-1
6282,DOUBLE,1,1,0,False,-1
6283,TRIPLE,1,1,1,False,-1
6284,DOUBLE,1,1,0,False,-1
6285,DOUBLE,1,1,0,False,-1
6286,TRIPLE,1,1,1,False,-1
6287,TRIPLE,1,1,1,False,-1
6288,TRIPLE,1,1,1,False,-1
6289,TRIPLE,1,1,1,False,-1
6290,DOUBLE,1,1,0,False,-1
6291,TRIPLE,1,1,1,False,-1
6292,TRIPLE,1,1,1,False,-1
6293,TRIPLE,1,1,1,False,-1
6294,TRIPLE,1,1,1,False,-1
6295,TRIPLE,1,1,1,False,-1
6296,TRIPLE,1,1,1,False,-1
6297,TRIPLE,1,1,1,False,-1
6298,TRIPLE,1,1,1,False,-1
6299,DOUBLE,1,1,0,False,-1
6300,TRIPLE,1,1,1,False,-1
6301,TRIPLE,1,1,1,False,-1
6302,SINGLE,1,0,0,False,-1
6303,SINGLE,1,0,0,False,-1
6304,TRIPLE,1,1,1,False,-1
6305,TRIPLE,1,1,1,False,-1
6306,DOUBLE,1,1,0,False,-1
6307,TRIPLE,1,1,1,False,-1
6308,TRIPLE,1,1,1,False,-1
6309,DOUBLE,1,1,0,False,-1
6310,TRIPLE,1,1,1,False,-1
6311,TRIPLE,1,1,1,False,-1
6312,TRIPLE,1,1,1,False,-1
6313,DOUBLE,1,1,0,False,-1
6314,TRIPLE,1,1,1,False,-1
6315,SINGLE,1,0,0,False,-1
6316,TRIPLE,1,1,1,False,-1
6317,DOUBLE,1,1,0,False,-1
6318,TRIPLE,1,1,1,False,-1
6319,SINGLE,1,0,0,False,-1
6320,SINGLE,1,0,0,False,-1
6321,DOUBLE,1,1,0,False,-1
6322,SINGLE,1,0,0,False,-1
6323,SINGLE,1,0,0,False,-1
6324,DOUBLE,1,1,0,False,-1
6325,SINGLE,1,0,0,False,-1
6326,TRIPLE,1,1,1,False,-1
6327,DOUBLE,1,1,0,False,-1
6328,SINGLE,1,0,0,False,-1
6329,TRIPLE,1,1,1,False,-1
6330,TRIPLE,1,1,1,False,-1
6331,SINGLE,1,0,0,False,-1
6332,DOUBLE,1,1,0,False,-1
6333,TRIPLE,1,1,1,False,-1
6334,SINGLE,1,0,0,False,-1
6335,TRIPLE,1,1,1,False,-1
6336,DOUBLE,1,1,0,False,-1
6337,SINGLE,1,0,0,False,-1
6338,TRIPLE,1,1,1,False,-1
6339,TRIPLE,1,1,1,False,-1
6340,SINGLE,1,0,0,False,-1
6341,SINGLE,1,0,0,False,-1
6342,TRIPLE,1,1,1,False,-1
6343,TRIPLE,1,1,1,False,-1
6344,TRIPLE,1,1,1,False,-1
6345,TRIPLE,1,1,1,False,-1
6346,TRIPLE,1,1,1,False,-1
6347,TRIPLE,1,1,1,False,-1
6348,DOUBLE,1,1,0,False,-1
6349,TRIPLE,1,1,1,False,-1
6350,TRIPLE,1,1,1,False,-1
6351,DOUBLE,1,1,0,False,-1
6352,TRIPLE,1,1,1,False,-1
6353,SINGLE,1,0,0,False,-1
6354,DOUBLE,1,1,0,False,-1
6355,TRIPLE,1,1,1,False,-1
6356,TRIPLE,1,1,1,False,-1
6357,SINGLE,1,0,0,False,-1
6358,TRIPLE,1,1,1,False,-1
6359,TRIPLE,1,1,1,False,-1
6360,TRIPLE,1,1,1,False,-1
6361,DOUBLE,1,1,0,False,-1
6362,DOUBLE,1,1,0,False,-1
6363,DOUBLE,1,1,0,False,-1
6364,TRIPLE,1,1,1,False,-1
6365,DOUBLE,1,1,0,False,-1
6366,TRIPLE,1,1,1,False,-1
6367,TRIPLE,1,1,1,False,-1
6368,TRIPLE,1,1,1,False,-1
6369,TRIPLE,1,1,1,False,-1
6370,TRIPLE,1,1,1,False,-1
6371,SINGLE,1,0,0,False,-1
6372,TRIPLE,1,1,1,False,-1
6373,DOUBLE,1,1,0,False,-1
6374,TRIPLE,1,1,1,False,-1
6375,TRIPLE,1,1,1,False,-1
6376,DOUBLE,1,1,0,False,-1
6377,TRIPLE,1,1,1,False,-1
6378,TRIPLE,1,1,1,False,-1
6379,TRIPLE,1,1,1,False,-1
6380,TRIPLE,1,1,1,False,-1
6381,TRIPLE,1,1,1,False,-1
6382,DOUBLE,1,1,0,False,-1
6383,TRIPLE,1,1,1,False,-1
6384,TRIPLE,1,1,1,False,-1
6385,DOUBLE,1,1,0,False,-1
6386,TRIPLE,1,1,1,False,-1
6387,TRIPLE,1,1,1,False,-1
6388,SINGLE,1,0,0,False,-1
6389,TRIPLE,1,1,1,False,-1
6390,DOUBLE,1,1,0,False,-1
6391,TRIPLE,1,1,1,False,-1
6392,TRIPLE,1,1,1,False,-1
6393,TRIPLE,1,1,1,False,-1
6394,TRIPLE,1,1,1,False,-1
6395,TRIPLE,1,1,1,False,-1
6396,TRIPLE,1,1,1,False,-1
6397,DOUBLE,1,1,0,False,-1
6398,SINGLE,1,0,0,False,-1
6399,SINGLE,1,0,0,False,-1
6400,DOUBLE,1,1,0,False,-1
6401,DOUBLE,1,1,0,False,-1
6402,DOUBLE,1,1,0,False,-1
6403,TRIPLE,1,1,1,False,-1
6404,DOUBLE,1,1,0,False,-1
6405,TRIPLE,1,1,1,False,-1
6406,SINGLE,1,0,0,False,-1
6407,TRIPLE,1,1,1,False,-1
6408,DOUBLE,1,1,0,False,-1
6409,TRIPLE,1,1,1,False,-1
6410,TRIPLE,1,1,1,False,-1
6411,DOUBLE,1,1,0,False,-1
6412,DOUBLE,1,1,0,False,-1
6413,TRIPLE,1,1,1,False,-1
6414,DOUBLE,1,1,0,False,-1
6415,TRIPLE,1,1,1,False,-1
6416,TRIPLE,1,1,1,False,-1
6417,TRIPLE,1,1,1,False,-1
6418,DOUBLE,1,1,0,False,-1
6419,TRIPLE,1,1,1,False,-1
6420,SINGLE,1,0,0,False,-1
6421,TRIPLE,1,1,1,False,-1
6422,TRIPLE,1,1,1,False,-1
6423,SINGLE,1,0,0,False,-1
6424,TRIPLE,1,1,1,False,-1
6425,DOUBLE,1,1,0,False,-1
6426,DOUBLE,1,1,0,False,-1
6427,TRIPLE,1,1,1,False,-1
6428,TRIPLE,1,1,1,False,-1
6429,TRIPLE,1,1,1,False,-1
6430,TRIPLE,1,1,1,False,-1
6431,TRIPLE,1,1,1,False,-1
6432,TRIPLE,1,1,1,False,-1
6433,TRIPLE,1,1,1,False,-1
6434,TRIPLE,1,1,1,False,-1
6435,TRIPLE,1,1,1,False,-1
6436,TRIPLE,1,1,1,False,-1
6437,TRIPLE,1,1,1,False,-1
6438,TRIPLE,1,1,1,False,-1
6439,DOUBLE,1,1,0,False,-1
6440,TRIPLE,1,1,1,False,-1
6441,DOUBLE,1,1,0,False,-1
6442,SINGLE,1,0,0,False,-1
6443,TRIPLE,1,1,1,False,-1
6444,DOUBLE,1,1,0,False,-1
6445,DOUBLE,1,1,0,False,-1
6446,TRIPLE,1,1,1,False,-1
6447,TRIPLE,1,1,1,False,-1
6448,TRIPLE,1,1,1,False,-1
6449,TRIPLE,1,1,1,False,-1
6450,TRIPLE,1,1,1,False,-1
6451,TRIPLE,1,1,1,False,-1
6452,SINGLE,1,0,0,False,-1
6453,TRIPLE,1,1,1,False,-1
6454,TRIPLE,1,1,1,False,-1
6455,TRIPLE,1,1,1,False,-1
6456,DOUBLE,1,1,0,False,-1
6457,TRIPLE,1,1,1,False,-1
6458,SINGLE,1,0,0,False,-1
6459,SINGLE,1,0,0,False,-1
6460,DOUBLE,1,1,0,False,-1
6461,SINGLE,1,0,0,False,-1
6462,TRIPLE,1,1,1,False,-1
6463,SINGLE,1,0,0,False,-1
6464,DOUBLE,1,1,0,False,-1
6465,TRIPLE,1,1,1,False,-1
6466,TRIPLE,1,1,1,False,-1
6467,DOUBLE,1,1,0,False,-1
6468,DOUBLE,1,1,0,False,-1
6469,SINGLE,1,0,0,False,-1
6470,TRIPLE,1,1,1,False,-1
6471,TRIPLE,1,1,1,False,-1
6472,TRIPLE,1,1,1,False,-1
6473,DOUBLE,1,1,0,False,-1
6474,SINGLE,1,0,0,False,-1
6475,DOUBLE,1,1,0,False,-1
6476,TRIPLE,1,1,1,False,-1
6477,TRIPLE,1,1,1,False,-1
6478,DOUBLE,1,1,0,False,-1
6479,TRIPLE,1,1,1,False,-1
6480,TRIPLE,1,1,1,False,-1
6481,TRIPLE,1,1,1,False,-1
6482,TRIPLE,1,1,1,False,-1
6483,TRIPLE,1,1,1,False,-1
6484,DOUBLE,1,1,0,False,-1
6485,TRIPLE,1,1,1,False,-1
6486,DOUBLE,1,1,0,False,-1
6487,TRIPLE,1,1,1,False,-1
6488,TRIPLE,1,1,1,False,-1
6489,DOUBLE,1,1,0,False,-1
6490,DOUBLE,1,1,0,False,-1
6491,SINGLE,1,0,0,False,-1
6492,TRIPLE,1,1,1,False,-1
6493,TRIPLE,1,1,1,False,-1
6494,TRIPLE,1,1,1,False,-1
6495,TRIPLE,1,1,1,False,-1
6496,TRIPLE,1,1,1,False,-1
6497,TRIPLE,1,1,1,False,-1
6498,DOUBLE,1,1,0,False,-1
6499,DOUBLE,1,1,0,False,-1
6500,DOUBLE,1,1,0,False,-1
6501,SINGLE,1,0,0,False,-1
6502,TRIPLE,1,1,1,False,-1
6503,TRIPLE,1,1,1,False,-1
6504,TRIPLE,1,1,1,False,-1
6505,DOUBLE,1,1,0,False,-1
6506,TRIPLE,1,1,1,False,-1
6507,TRIPLE,1,1,1,False,-1
6508,DOUBLE,1,1,0,False,-1
6509,TRIPLE,1,1,1,False,-1
6510,DOUBLE,1,1,0,False,-1
6511,TRIPLE,1,1,1,False,-1
6512,TRIPLE,1,1,1,False,-1
6513,TRIPLE,1,1,1,False,-1
6514,TRIPLE,1,1,1,False,-1
6515,DOUBLE,1,1,0,False,-1
6516,TRIPLE,1,1,1,False,-1
6517,TRIPLE,1,1,1,False,-1
6518,DOUBLE,1,1,0,False,-1
6519,SINGLE,1,0,0,False,-1
6520,SINGLE,1,0,0,False,-1
6521,SINGLE,1,0,0,False,-1
6522,TRIPLE,1,1,1,False,-1
6523,TRIPLE,1,1,1,False,-1
6524,SINGLE,1,0,0,False,-1
6525,DOUBLE,1,1,0,False,-1
6526,TRIPLE,1,1,1,False,-1
6527,TRIPLE,1,1,1,False,-1
6528,TRIPLE,1,1,1,False,-1
6529,TRIPLE,1,1,1,False,-1
6530,DOUBLE,1,1,0,False,-1
6531,TRIPLE,1,1,1,False,-1
6532,TRIPLE,1,1,1,False,-1
6533,TRIPLE,1,1,1,False,-1
6534,TRIPLE,1,1,1,False,-1
6535,TRIPLE,1,1,1,False,-1
6536,TRIPLE,1,1,1,False,-1
6537,DOUBLE,1,1,0,False,-1
6538,TRIPLE,1,1,1,False,-1
6539,TRIPLE,1,1,1,False,-1
6540,TRIPLE,1,1,1,False,-1
6541,DOUBLE,1,1,0,False,-1
6542,TRIPLE,1,1,1,False,-1
6543,TRIPLE,1,1,1,False,-1
6544,SINGLE,1,0,0,False,-1
6545,SINGLE,1,0,0,False,-1
6546,TRIPLE,1,1,1,False,-1
6547,DOUBLE,1,1,0,False,-1
6548,TRIPLE,1,1,1,False,-1
6549,TRIPLE,1,1,1,False,-1
6550,SINGLE,1,0,0,False,-1
6551,TRIPLE,1,1,1,False,-1
6552,TRIPLE,1,1,1,False,-1
6553,TRIPLE,1,1,1,False,-1
6554,TRIPLE,1,1,1,False,-1
6555,TRIPLE,1,1,1,False,-1
6556,SINGLE,1,0,0,False,-1
6557,TRIPLE,1,1,1,False,-1
6558,TRIPLE,1,1,1,False,-1
6559,TRIPLE,1,1,1,False,-1
6560,TRIPLE,1,1,1,False,-1
6561,TRIPLE,1,1,1,False,-1
6562,TRIPLE,1,1,1,False,-1
6563,TRIPLE,1,1,1,False,-1
6564,TRIPLE,1,1,1,False,-1
6565,TRIPLE,1,1,1,False,-1
6566,DOUBLE,1,1,0,False,-1
6567,DOUBLE,1,1,0,False,-1
6568,TRIPLE,1,1,1,False,-1
6569,SINGLE,1,0,0,False,-1
6570,TRIPLE,1,1,1,False,-1
6571,TRIPLE,1,1,1,False,-1
6572,TRIPLE,1,1,1,False,-1
6573,TRIPLE,1,1,1,False,-1
6574,SINGLE,1,0,0,False,-1
6575,DOUBLE,1,1,0,False,-1
6576,TRIPLE,1,1,1,False,-1
6577,TRIPLE,1,1,1,False,-1
6578,TRIPLE,1,1,1,False,-1
6579,DOUBLE,1,1,0,False,-1
6580,DOUBLE,1,1,0,False,-1
6581,DOUBLE,1,1,0,False,-1
6582,TRIPLE,1,1,1,False,-1
6583,TRIPLE,1,1,1,False,-1
6584,TRIPLE,1,1,1,False,-1
6585,DOUBLE,1,1,0,False,-1
6586,DOUBLE,1,1,0,False,-1
6587,TRIPLE,1,1,1,False,-1
6588,TRIPLE,1,1,1,False,-1
6589,SINGLE,1,0,0,False,-1
6590,SINGLE,1,0,0,False,-1
6591,DOUBLE,1,1,0,False,-1
6592,TRIPLE,1,1,1,False,-1
6593,DOUBLE,1,1,0,False,-1
6594,TRIPLE,1,1,1,False,-1
6595,TRIPLE,1,1,1,False,-1
6596,TRIPLE,1,1,1,False,-1
6597,TRIPLE,1,1,1,False,-1
6598,TRIPLE,1,1,1,False,-1
6599,DOUBLE,1,1,0,False,-1
6600,SINGLE,1,0,0,False,-1
6601,TRIPLE,1,1,1,False,-1
6602,TRIPLE,1,1,1,False,-1
6603,TRIPLE,1,1,1,False,-1
6604,SINGLE,1,0,0,False,-1
6605,TRIPLE,1,1,1,False,-1
6606,TRIPLE,1,1,1,False,-1
6607,DOUBLE,1,1,0,False,-1
6608,DOUBLE,1,1,0,False,-1
6609,TRIPLE,1,1,1,False,-1
6610,TRIPLE,1,1,1,False,-1
6611,DOUBLE,1,1,0,False,-1
6612,SINGLE,1,0,0,False,-1
6613,TRIPLE,1,1,1,False,-1
6614,DOUBLE,1,1,0,False,-1
6615,SINGLE,1,0,0,False,-1
6616,SINGLE,1,0,0,False,-1
6617,DOUBLE,1,1,0,False,-1
6618,TRIPLE,1,1,1,False,-1
6619,TRIPLE,1,1,1,False,-1
6620,TRIPLE,1,1,1,False,-1
6621,TRIPLE,1,1,1,False,-1
6622,TRIPLE,1,1,1,False,-1
6623,DOUBLE,1,1,0,False,-1
6624,DOUBLE,1,1,0,False,-1
6625,TRIPLE,1,1,1,False,-1
6626,SINGLE,1,0,0,False,-1
6627,TRIPLE,1,1,1,False,-1
6628,TRIPLE,1,1,1,False,-1
6629,TRIPLE,1,1,1,False,-1
6630,TRIPLE,1,1,1,False,-1
6631,TRIPLE,1,1,1,False,-1
6632,DOUBLE,1,1,0,False,-1
6633,TRIPLE,1,1,1,False,-1
6634,TRIPLE,1,1,1,False,-1
6635,TRIPLE,1,1,1,False,-1
6636,DOUBLE,1,1,0,False,-1
6637,TRIPLE,1,1,1,False,-1
6638,TRIPLE,1,1,1,False,-1
6639,TRIPLE,1,1,1,False,-1
6640,TRIPLE,1,1,1,False,-1
6641,SINGLE,1,0,0,False,-1
6642,SINGLE,1,0,0,False,-1
6643,TRIPLE,1,1,1,False,-1
6644,TRIPLE,1,1,1,False,-1
6645,DOUBLE,1,1,0,False,-1
6646,TRIPLE,1,1,1,False,-1
6647,TRIPLE,1,1,1,False,-1
6648,TRIPLE,1,1,1,False,-1
6649,TRIPLE,1,1,1,False,-1
6650,TRIPLE,1,1,1,False,-1
6651,DOUBLE,1,1,0,False,-1
6652,SINGLE,1,0,0,False,-1
6653,TRIPLE,1,1,1,False,-1
6654,DOUBLE,1,1,0,False,-1
6655,DOUBLE,1,1,0,False,-1
6656,DOUBLE,1,1,0,False,-1
6657,TRIPLE,1,1,1,False,-1
6658,TRIPLE,1,1,1,False,-1
6659,TRIPLE,1,1,1,False,-1
6660,TRIPLE,1,1,1,False,-1
6661,DOUBLE,1,1,0,False,-1
6662,TRIPLE,1,1,1,False,-1
6663,TRIPLE,1,1,1,False,-1
6664,TRIPLE,1,1,1,False,-1
6665,TRIPLE,1,1,1,False,-1
6666,TRIPLE,1,1,1,False,-1
6667,TRIPLE,1,1,1,False,-1
6668,TRIPLE,1,1,1,False,-1
6669,DOUBLE,1,1,0,False,-1
6670,TRIPLE,1,1,1,False,-1
6671,TRIPLE,1,1,1,False,-1
6672,TRIPLE,1,1,1,False,-1
6673,TRIPLE,1,1,1,False,-1
6674,TRIPLE,1,1,1,False,-1
6675,DOUBLE,1,1,0,False,-1
6676,DOUBLE,1,1,0,False,-1
6677,TRIPLE,1,1,1,False,-1
6678,DOUBLE,1,1,0,False,-1
6679,TRIPLE,1,1,1,False,-1
6680,TRIPLE,1,1,1,False,-1
6681,TRIPLE,1,1,1,False,-1
6682,SINGLE,1,0,0,False,-1
6683,TRIPLE,1,1,1,False,-1
6684,TRIPLE,1,1,1,False,-1
6685,TRIPLE,1,1,1,False,-1
6686,DOUBLE,1,1,0,False,-1
6687,TRIPLE,1,1,1,False,-1
6688,TRIPLE,1,1,1,False,-1
6689,TRIPLE,1,1,1,False,-1
6690,TRIPLE,1,1,1,False,-1
6691,TRIPLE,1,1,1,False,-1
6692,DOUBLE,1,1,0,False,-1
6693,TRIPLE,1,1,1,False,-1
6694,SINGLE,1,0,0,False,-1
6695,DOUBLE,1,1,0,False,-1
6696,DOUBLE,1,1,0,False,-1
6697,DOUBLE,1,1,0,False,-1
6698,TRIPLE,1,1,1,False,-1
6699,TRIPLE,1,1,1,False,-1
6700,SINGLE,1,0,0,False,-1
6701,SINGLE,1,0,0,False,-1
6702,TRIPLE,1,1,1,False,-1
6703,SINGLE,1,0,0,False,-1
6704,TRIPLE,1,1,1,False,-1
6705,TRIPLE,1,1,1,False,-1
6706,TRIPLE,1,1,1,False,-1
6707,TRIPLE,1,1,1,False,-1
6708,TRIPLE,1,1,1,False,-1
6709,TRIPLE,1,1,1,False,-1
6710,SINGLE,1,0,0,False,-1
6711,DOUBLE,1,1,0,False,-1
6712,TRIPLE,1,1,1,False,-1
6713,TRIPLE,1,1,1,False,-1
6714,DOUBLE,1,1,0,False,-1
6715,TRIPLE,1,1,1,False,-1
6716,DOUBLE,1,1,0,False,-1
6717,DOUBLE,1,1,0,False,-1
6718,SINGLE,1,0,0,False,-1
6719,TRIPLE,1,1,1,False,-1
6720,DOUBLE,1,1,0,False,-1
6721,DOUBLE,1,1,0,False,-1
6722,TRIPLE,1,1,1,False,-1
6723,SINGLE,1,0,0,False,-1
6724,DOUBLE,1,1,0,False,-1
6725,TRIPLE,1,1,1,False,-1
6726,TRIPLE,1,1,1,False,-1
6727,DOUBLE,1,1,0,False,-1
6728,TRIPLE,1,1,1,False,-1
6729,SINGLE,1,0,0,False,-1
6730,SINGLE,1,0,0,False,-1
6731,DOUBLE,1,1,0,False,-1
6732,TRIPLE,1,1,1,False,-1
6733,TRIPLE,1,1,1,False,-1
6734,TRIPLE,1,1,1,False,-1
6735,TRIPLE,1,1,1,False,-1
6736,TRIPLE,1,1,1,False,-1
6737,TRIPLE,1,1,1,False,-1
6738,TRIPLE,1,1,1,False,-1
6739,TRIPLE,1,1,1,False,-1
6740,TRIPLE,1,1,1,False,-1
6741,DOUBLE,1,1,0,False,-1
6742,TRIPLE,1,1,1,False,-1
6743,TRIPLE,1,1,1,False,-1
6744,TRIPLE,1,1,1,False,-1
6745,TRIPLE,1,1,1,False,-1
6746,TRIPLE,1,1,1,False,-1
6747,TRIPLE,1,1,1,False,-1
6748,DOUBLE,1,1,0,False,-1
6749,TRIPLE,1,1,1,False,-1
6750,TRIPLE,1,1,1,False,-1
6751,TRIPLE,1,1,1,False,-1
6752,DOUBLE,1,1,0,False,-1
6753,TRIPLE,1,1,1,False,-1
6754,SINGLE,1,0,0,False,-1
6755,TRIPLE,1,1,1,False,-1
6756,SINGLE,1,0,0,False,-1
6757,DOUBLE,1,1,0,False,-1
6758,TRIPLE,1,1,1,False,-1
6759,DOUBLE,1,1,0,False,-1
6760,TRIPLE,1,1,1,False,-1
6761,TRIPLE,1,1,1,False,-1
6762,DOUBLE,1,1,0,False,-1
6763,TRIPLE,1,1,1,False,-1
6764,DOUBLE,1,1,0,False,-1
6765,SINGLE,1,0,0,False,-1
6766,DOUBLE,1,1,0,False,-1
6767,TRIPLE,1,1,1,False,-1
6768,TRIPLE,1,1,1,False,-1
6769,DOUBLE,1,1,0,False,-1
6770,SINGLE,1,0,0,False,-1
6771,TRIPLE,1,1,1,False,-1
6772,DOUBLE,1,1,0,False,-1
6773,DOUBLE,1,1,0,False,-1
6774,TRIPLE,1,1,1,False,-1
6775,DOUBLE,1,1,0,False,-1
6776,TRIPLE,1,1,1,False,-1
6777,TRIPLE,1,1,1,False,-1
6778,TRIPLE,1,1,1,False,-1
6779,DOUBLE,1,1,0,False,-1
6780,TRIPLE,1,1,1,False,-1
6781,DOUBLE,1,1,0,False,-1
6782,TRIPLE,1,1,1,False,-1
6783,SINGLE,1,0,0,False,-1
6784,TRIPLE,1,1,1,False,-1
6785,DOUBLE,1,1,0,False,-1
6786,TRIPLE,1,1,1,False,-1
6787,SINGLE,1,0,0,False,-1
6788,TRIPLE,1,1,1,False,-1
6789,TRIPLE,1,1,1,False,-1
6790,SINGLE,1,0,0,False,-1
6791,TRIPLE,1,1,1,False,-1
6792,DOUBLE,1,1,0,False,-1
6793,TRIPLE,1,1,1,False,-1
6794,TRIPLE,1,1,1,False,-1
6795,TRIPLE,1,1,1,False,-1
6796,TRIPLE,1,1,1,False,-1
6797,TRIPLE,1,1,1,False,-1
6798,TRIPLE,1,1,1,False,-1
6799,TRIPLE,1,1,1,False,-1
6800,DOUBLE,1,1,0,False,-1
6801,TRIPLE,1,1,1,False,-1
6802,TRIPLE,1,1,1,False,-1
6803,DOUBLE,1,1,0,False,-1
6804,TRIPLE,1,1,1,False,-1
6805,TRIPLE,1,1,1,False,-1
6806,DOUBLE,1,1,0,False,-1
6807,DOUBLE,1,1,0,False,-1
6808,TRIPLE,1,1,1,False,-1
6809,TRIPLE,1,1,1,False,-1
6810,TRIPLE,1,1,1,False,-1
6811,TRIPLE,1,1,1,False,-1
6812,TRIPLE,1,1,1,False,-1
6813,TRIPLE,1,1,1,False,-1
6814,TRIPLE,1,1,1,False,-1
6815,DOUBLE,1,1,0,False,-1
6816,TRIPLE,1,1,1,False,-1
6817,TRIPLE,1,1,1,False,-1
6818,TRIPLE,1,1,1,False,-1
6819,DOUBLE,1,1,0,False,-1
6820,DOUBLE,1,1,0,False,-1
6821,TRIPLE,1,1,1,False,-1
6822,TRIPLE,1,1,1,False,-1
6823,TRIPLE,1,1,1,False,-1
6824,TRIPLE,1,1,1,False,-1
6825,DOUBLE,1,1,0,False,-1
6826,TRIPLE,1,1,1,False,-1
6827,TRIPLE,1,1,1,False,-1
6828,DOUBLE,1,1,0,False,-1
6829,SINGLE,1,0,0,False,-1
6830,DOUBLE,1,1,0,False,-1
6831,DOUBLE,1,1,0,False,-1
6832,TRIPLE,1,1,1,False,-1
6833,DOUBLE,1,1,0,False,-1
6834,TRIPLE,1,1,1,False,-1
6835,DOUBLE,1,1,0,False,-1
6836,TRIPLE,1,1,1,False,-1
6837,DOUBLE,1,1,0,False,-1
6838,TRIPLE,1,1,1,False,-1
6839,TRIPLE,1,1,1,False,-1
6840,TRIPLE,1,1,1,False,-1
6841,DOUBLE,1,1,0,False,-1
6842,DOUBLE,1,1,0,False,-1
6843,TRIPLE,1,1,1,False,-1
6844,DOUBLE,1,1,0,False,-1
6845,DOUBLE,1,1,0,False,-1
6846,TRIPLE,1,1,1,False,-1
6847,TRIPLE,1,1,1,False,-1
6848,TRIPLE,1,1,1,False,-1
6849,TRIPLE,1,1,1,False,-1
6850,DOUBLE,1,1,0,False,-1
6851,TRIPLE,1,1,1,False,-1
6852,TRIPLE,1,1,1,False,-1
6853,DOUBLE,1,1,0,False,-1
6854,TRIPLE,1,1,1,False,-1
6855,TRIPLE,1,1,1,False,-1
6856,TRIPLE,1,1,1,False,-1
6857,TRIPLE,1,1,1,False,-1
6858,DOUBLE,1,1,0,False,-1
6859,TRIPLE,1,1,1,False,-1
6860,TRIPLE,1,1,1,False,-1
6861,DOUBLE,1,1,0,False,-1
6862,DOUBLE,1,1,0,False,-1
6863,TRIPLE,1,1,1,False,-1
6864,TRIPLE,1,1,1,False,-1
6865,DOUBLE,1,1,0,False,-1
6866,TRIPLE,1,1,1,False,-1
6867,DOUBLE,1,1,0,False,-1
6868,SINGLE,1,0,0,False,-1
6869,TRIPLE,1,1,1,False,-1
6870,TRIPLE,1,1,1,False,-1
6871,TRIPLE,1,1,1,False,-1
6872,DOUBLE,1,1,0,False,-1
6873,DOUBLE,1,1,0,False,-1
6874,DOUBLE,1,1,0,False,-1
6875,TRIPLE,1,1,1,False,-1
6876,TRIPLE,1,1,1,False,-1
6877,TRIPLE,1,1,1,False,-1
6878,TRIPLE,1,1,1,False,-1
6879,TRIPLE,1,1,1,False,-1
6880,DOUBLE,1,1,0,False,-1
6881,TRIPLE,1,1,1,False,-1
6882,TRIPLE,1,1,1,False,-1
6883,TRIPLE,1,1,1,False,-1
6884,SINGLE,1,0,0,False,-1
6885,TRIPLE,1,1,1,False,-1
6886,TRIPLE,1,1,1,False,-1
6887,TRIPLE,1,1,1,False,-1
6888,SINGLE,1,0,0,False,-1
6889,TRIPLE,1,1,1,False,-1
6890,TRIPLE,1,1,1,False,-1
6891,DOUBLE,1,1,0,False,-1
6892,TRIPLE,1,1,1,False,-1
6893,SINGLE,1,0,0,False,-1
6894,DOUBLE,1,1,0,False,-1
6895,DOUBLE,1,1,0,False,-1
6896,TRIPLE,1,1,1,False,-1
6897,SINGLE,1,0,0,False,-1
6898,SINGLE,1,0,0,False,-1
6899,SINGLE,1,0,0,False,-1
6900,DOUBLE,1,1,0,False,-1
6901,TRIPLE,1,1,1,False,-1
6902,DOUBLE,1,1,0,False,-1
6903,TRIPLE,1,1,1,False,-1
6904,TRIPLE,1,1,1,False,-1
6905,DOUBLE,1,1,0,False,-1
6906,TRIPLE,1,1,1,False,-1
6907,TRIPLE,1,1,1,False,-1
6908,TRIPLE,1,1,1,False,-1
6909,SINGLE,1,0,0,False,-1
6910,TRIPLE,1,1,1,False,-1
6911,TRIPLE,1,1,1,False,-1
6912,TRIPLE,1,1,1,False,-1
6913,TRIPLE,1,1,1,False,-1
6914,TRIPLE,1,1,1,False,-1
6915,TRIPLE,1,1,1,False,-1
6916,TRIPLE,1,1,1,False,-1
6917,SINGLE,1,0,0,False,-1
6918,TRIPLE,1,1,1,False,-1
6919,TRIPLE,1,1,1,False,-1
6920,DOUBLE,1,1,0,False,-1
6921,DOUBLE,1,1,0,False,-1
6922,TRIPLE,1,1,1,False,-1
6923,DOUBLE,1,1,0,False,-1
6924,TRIPLE,1,1,1,False,-1
6925,SINGLE,1,0,0,False,-1
6926,SINGLE,1,0,0,False,-1
6927,TRIPLE,1,1,1,False,-1
6928,TRIPLE,1,1,1,False,-1
6929,DOUBLE,1,1,0,False,-1
6930,SINGLE,1,0,0,False,-1
6931,TRIPLE,1,1,1,False,-1
6932,TRIPLE,1,1,1,False,-1
6933,SINGLE,1,0,0,False,-1
6934,DOUBLE,1,1,0,False,-1
6935,TRIPLE,1,1,1,False,-1
6936,SINGLE,1,0,0,False,-1
6937,TRIPLE,1,1,1,False,-1
6938,TRIPLE,1,1,1,False,-1
6939,TRIPLE,1,1,1,False,-1
6940,TRIPLE,1,1,1,False,-1
6941,TRIPLE,1,1,1,False,-1
6942,TRIPLE,1,1,1,False,-1
6943,SINGLE,1,0,0,False,-1
6944,TRIPLE,1,1,1,False,-1
6945,DOUBLE,1,1,0,False,-1
6946,TRIPLE,1,1,1,False,-1
6947,TRIPLE,1,1,1,False,-1
6948,TRIPLE,1,1,1,False,-1
6949,DOUBLE,1,1,0,False,-1
6950,TRIPLE,1,1,1,False,-1
6951,TRIPLE,1,1,1,False,-1
6952,TRIPLE,1,1,1,False,-1
6953,SINGLE,1,0,0,False,-1
6954,TRIPLE,1,1,1,False,-1
6955,SINGLE,1,0,0,False,-1
6956,SINGLE,1,0,0,False,-1
6957,TRIPLE,1,1,1,False,-1
6958,TRIPLE,1,1,1,False,-1
6959,TRIPLE,1,1,1,False,-1
6960,DOUBLE,1,1,0,False,-1
6961,DOUBLE,1,1,0,False,-1
6962,SINGLE,1,0,0,False,-1
6963,DOUBLE,1,1,0,False,-1
6964,TRIPLE,1,1,1,False,-1
6965,SINGLE,1,0,0,False,-1
6966,TRIPLE,1,1,1,False,-1
6967,TRIPLE,1,1,1,False,-1
6968,TRIPLE,1,1,1,False,-1
6969,TRIPLE,1,1,1,False,-1
6970,SINGLE,1,0,0,False,-1
6971,TRIPLE,1,1,1,False,-1
6972,TRIPLE,1,1,1,False,-1
6973,TRIPLE,1,1,1,False,-1
6974,DOUBLE,1,1,0,False,-1
6975,SINGLE,1,0,0,False,-1
6976,DOUBLE,1,1,0,False,-1
6977,TRIPLE,1,1,1,False,-1
6978,TRIPLE,1,1,1,False,-1
6979,TRIPLE,1,1,1,False,-1
6980,TRIPLE,1,1,1,False,-1
6981,DOUBLE,1,1,0,False,-1
6982,DOUBLE,1,1,0,False,-1
6983,TRIPLE,1,1,1,False,-1
6984,TRIPLE,1,1,1,False,-1
6985,TRIPLE,1,1,1,False,-1
6986,TRIPLE,1,1,1,False,-1
6987,TRIPLE,1,1,1,False,-1
6988,DOUBLE,1,1,0,False,-1
6989,DOUBLE,1,1,0,False,-1
6990,TRIPLE,1,1,1,False,-1
6991,DOUBLE,1,1,0,False,-1
6992,DOUBLE,1,1,0,False,-1
6993,TRIPLE,1,1,1,False,-1
6994,SINGLE,1,0,0,False,-1
6995,TRIPLE,1,1,1,False,-1
6996,TRIPLE,1,1,1,False,-1
6997,SINGLE,1,0,0,False,-1
6998,TRIPLE,1,1,1,False,-1
6999,TRIPLE,1,1,1,False,-1
7000,TRIPLE,1,1,1,False,-1
7001,DOUBLE,1,1,0,False,-1
7002,DOUBLE,1,1,0,False,-1
7003,TRIPLE,1,1,1,False,-1
7004,TRIPLE,1,1,1,False,-1
7005,TRIPLE,1,1,1,False,-1
7006,SINGLE,1,0,0,False,-1
7007,SINGLE,1,0,0,False,-1
7008,TRIPLE,1,1,1,False,-1
7009,TRIPLE,1,1,1,False,-1
7010,DOUBLE,1,1,0,False,-1
7011,DOUBLE,1,1,0,False,-1
7012,TRIPLE,1,1,1,False,-1
7013,TRIPLE,1,1,1,False,-1
7014,DOUBLE,1,1,0,False,-1
7015,TRIPLE,1,1,1,False,-1
7016,TRIPLE,1,1,1,False,-1
7017,DOUBLE,1,1,0,False,-1
7018,TRIPLE,1,1,1,False,-1
7019,TRIPLE,1,1,1,False,-1
7020,TRIPLE,1,1,1,False,-1
7021,TRIPLE,1,1,1,False,-1
7022,TRIPLE,1,1,1,False,-1
7023,TRIPLE,1,1,1,False,-1
7024,DOUBLE,1,0,1,False,-1
7025,TRIPLE,1,1,1,False,-1
7026,TRIPLE,1,1,1,False,-1
7027,DOUBLE,1,1,0,False,-1
7028,SINGLE,1,0,0,False,-1
7029,TRIPLE,1,1,1,False,-1
7030,TRIPLE,1,1,1,False,-1
7031,DOUBLE,1,1,0,False,-1
7032,TRIPLE,1,1,1,False,-1
7033,TRIPLE,1,1,1,False,-1
7034,TRIPLE,1,1,1,False,-1
7035,TRIPLE,1,1,1,False,-1
7036,TRIPLE,1,1,1,False,-1
7037,TRIPLE,1,1,1,False,-1
7038,TRIPLE,1,1,1,False,-1
7039,TRIPLE,1,1,1,False,-1
7040,TRIPLE,1,1,1,False,-1
7041,TRIPLE,1,1,1,False,-1
7042,DOUBLE,1,1,0,False,-1
7043,TRIPLE,1,1,1,False,-1
7044,TRIPLE,1,1,1,False,-1
7045,TRIPLE,1,1,1,False,-1
7046,SINGLE,1,0,0,False,-1
7047,SINGLE,1,0,0,False,-1
7048,TRIPLE,1,1,1,False,-1
7049,TRIPLE,1,1,1,False,-1
7050,DOUBLE,1,1,0,False,-1
7051,TRIPLE,1,1,1,False,-1
7052,TRIPLE,1,1,1,False,-1
7053,DOUBLE,1,1,0,False,-1
7054,DOUBLE,1,1,0,False,-1
7055,SINGLE,1,0,0,False,-1
7056,TRIPLE,1,1,1,False,-1
7057,TRIPLE,1,1,1,False,-1
7058,DOUBLE,1,1,0,False,-1
7059,TRIPLE,1,1,1,False,-1
7060,TRIPLE,1,1,1,False,-1
7061,DOUBLE,1,1,0,False,-1
7062,DOUBLE,1,1,0,False,-1
7063,DOUBLE,1,1,0,False,-1
7064,DOUBLE,1,1,0,False,-1
7065,DOUBLE,1,1,0,False,-1
7066,DOUBLE,1,1,0,False,-1
7067,DOUBLE,1,1,0,False,-1
7068,TRIPLE,1,1,1,False,-1
7069,TRIPLE,1,1,1,False,-1
7070,TRIPLE,1,1,1,False,-1
7071,SINGLE,1,0,0,False,-1
7072,TRIPLE,1,1,1,False,-1
7073,TRIPLE,1,1,1,False,-1
7074,TRIPLE,1,1,1,False,-1
7075,DOUBLE,1,1,0,False,-1
7076,DOUBLE,1,1,0,False,-1
7077,DOUBLE,1,1,0,False,-1
7078,TRIPLE,1,1,1,False,-1
7079,TRIPLE,1,1,1,False,-1
7080,TRIPLE,1,1,1,False,-1
7081,SINGLE,1,0,0,False,-1
7082,SINGLE,1,0,0,False,-1
7083,DOUBLE,1,1,0,False,-1
7084,DOUBLE,1,1,0,False,-1
7085,TRIPLE,1,1,1,False,-1
7086,DOUBLE,1,1,0,False,-1
7087,DOUBLE,1,1,0,False,-1
7088,TRIPLE,1,1,1,False,-1
7089,SINGLE,1,0,0,False,-1
7090,DOUBLE,1,1,0,False,-1
7091,TRIPLE,1,1,1,False,-1
7092,TRIPLE,1,1,1,False,-1
7093,SINGLE,1,0,0,False,-1
7094,TRIPLE,1,1,1,False,-1
7095,DOUBLE,1,1,0,False,-1
7096,TRIPLE,1,1,1,False,-1
7097,TRIPLE,1,1,1,False,-1
7098,TRIPLE,1,1,1,False,-1
7099,TRIPLE,1,1,1,False,-1
7100,SINGLE,1,0,0,False,-1
7101,SINGLE,1,0,0,False,-1
7102,DOUBLE,1,1,0,False,-1
7103,TRIPLE,1,1,1,False,-1
7104,TRIPLE,1,1,1,False,-1
7105,DOUBLE,1,1,0,False,-1
7106,DOUBLE,1,1,0,False,-1
7107,DOUBLE,1,1,0,False,-1
7108,TRIPLE,1,1,1,False,-1
7109,DOUBLE,1,1,0,False,-1
7110,DOUBLE,1,1,0,False,-1
7111,DOUBLE,1,1,0,False,-1
7112,DOUBLE,1,1,0,False,-1
7113,SINGLE,1,0,0,False,-1
7114,DOUBLE,1,1,0,False,-1
7115,SINGLE,1,0,0,False,-1
7116,TRIPLE,1,1,1,False,-1
7117,TRIPLE,1,1,1,False,-1
7118,TRIPLE,1,1,1,False,-1
7119,DOUBLE,1,1,0,False,-1
7120,TRIPLE,1,1,1,False,-1
7121,TRIPLE,1,1,1,False,-1
7122,DOUBLE,1,1,0,False,-1
7123,DOUBLE,1,1,0,False,-1
7124,TRIPLE,1,1,1,False,-1
7125,TRIPLE,1,1,1,False,-1
7126,SINGLE,1,0,0,False,-1
7127,DOUBLE,1,1,0,False,-1
7128,TRIPLE,1,1,1,False,-1
7129,SINGLE,1,0,0,False,-1
7130,DOUBLE,1,1,0,False,-1
7131,SINGLE,1,0,0,False,-1
7132,TRIPLE,1,1,1,False,-1
7133,DOUBLE,1,1,0,False,-1
7134,TRIPLE,1,1,1,False,-1
7135,TRIPLE,1,1,1,False,-1
7136,TRIPLE,1,1,1,False,-1
7137,TRIPLE,1,1,1,False,-1
7138,DOUBLE,1,1,0,False,-1
7139,TRIPLE,1,1,1,False,-1
7140,DOUBLE,1,1,0,False,-1
7141,TRIPLE,1,1,1,False,-1
7142,DOUBLE,1,1,0,False,-1
7143,TRIPLE,1,1,1,False,-1
7144,TRIPLE,1,1,1,False,-1
7145,SINGLE,1,0,0,False,-1
7146,TRIPLE,1,1,1,False,-1
7147,TRIPLE,1,1,1,False,-1
7148,TRIPLE,1,1,1,False,-1
7149,DOUBLE,1,1,0,False,-1
7150,DOUBLE,1,1,0,False,-1
7151,TRIPLE,1,1,1,False,-1
7152,TRIPLE,1,1,1,False,-1
7153,DOUBLE,1,1,0,False,-1
7154,SINGLE,1,0,0,False,-1
7155,SINGLE,1,0,0,False,-1
7156,TRIPLE,1,1,1,False,-1
7157,DOUBLE,1,1,0,False,-1
7158,DOUBLE,1,1,0,False,-1
7159,TRIPLE,1,1,1,False,-1
7160,TRIPLE,1,1,1,False,-1
7161,DOUBLE,1,1,0,False,-1
7162,TRIPLE,1,1,1,False,-1
7163,TRIPLE,1,1,1,False,-1
7164,TRIPLE,1,1,1,False,-1
7165,TRIPLE,1,1,1,False,-1
7166,TRIPLE,1,1,1,False,-1
7167,DOUBLE,1,1,0,False,-1
7168,SINGLE,1,0,0,False,-1
7169,TRIPLE,1,1,1,False,-1
7170,TRIPLE,1,1,1,False,-1
7171,SINGLE,1,0,0,False,-1
7172,TRIPLE,1,1,1,False,-1
7173,TRIPLE,1,1,1,False,-1
7174,TRIPLE,1,1,1,False,-1
7175,TRIPLE,1,1,1,False,-1
7176,DOUBLE,1,1,0,False,-1
7177,DOUBLE,1,1,0,False,-1
7178,DOUBLE,1,1,0,False,-1
7179,TRIPLE,1,1,1,False,-1
7180,DOUBLE,1,1,0,False,-1
7181,DOUBLE,1,1,0,False,-1
7182,DOUBLE,1,1,0,False,-1
7183,DOUBLE,1,1,0,False,-1
7184,DOUBLE,1,1,0,False,-1
7185,TRIPLE,1,1,1,False,-1
7186,TRIPLE,1,1,1,False,-1
7187,TRIPLE,1,1,1,False,-1
7188,TRIPLE,1,1,1,False,-1
7189,DOUBLE,1,1,0,False,-1
7190,DOUBLE,1,1,0,False,-1
7191,DOUBLE,1,1,0,False,-1
7192,TRIPLE,1,1,1,False,-1
7193,TRIPLE,1,1,1,False,-1
7194,TRIPLE,1,1,1,False,-1
7195,TRIPLE,1,1,1,False,-1
7196,DOUBLE,1,1,0,False,-1
7197,TRIPLE,1,1,1,False,-1
7198,TRIPLE,1,1,1,False,-1
7199,TRIPLE,1,1,1,False,-1
7200,DOUBLE,1,1,0,False,-1
7201,TRIPLE,1,1,1,False,-1
7202,DOUBLE,1,1,0,False,-1
7203,TRIPLE,1,1,1,False,-1
7204,DOUBLE,1,1,0,False,-1
7205,DOUBLE,1,1,0,False,-1
7206,TRIPLE,1,1,1,False,-1
7207,SINGLE,1,0,0,False,-1
7208,TRIPLE,1,1,1,False,-1
7209,TRIPLE,1,1,1,False,-1
7210,SINGLE,1,0,0,False,-1
7211,TRIPLE,1,1,1,False,-1
7212,TRIPLE,1,1,1,False,-1
7213,TRIPLE,1,1,1,False,-1
7214,TRIPLE,1,1,1,False,-1
7215,TRIPLE,1,1,1,False,-1
7216,SINGLE,1,0,0,False,-1
7217,SINGLE,1,0,0,False,-1
7218,DOUBLE,1,1,0,False,-1
7219,DOUBLE,1,1,0,False,-1
7220,DOUBLE,1,1,0,False,-1
7221,DOUBLE,1,1,0,False,-1
7222,DOUBLE,1,1,0,False,-1
7223,DOUBLE,1,1,0,False,-1
7224,TRIPLE,1,1,1,False,-1
7225,SINGLE,1,0,0,False,-1
7226,DOUBLE,1,1,0,False,-1
7227,SINGLE,1,0,0,False,-1
7228,TRIPLE,1,1,1,False,-1
7229,TRIPLE,1,1,1,False,-1
7230,DOUBLE,1,1,0,False,-1
7231,TRIPLE,1,1,1,False,-1
7232,TRIPLE,1,1,1,False,-1
7233,TRIPLE,1,1,1,False,-1
7234,DOUBLE,1,1,0,False,-1
7235,DOUBLE,1,1,0,False,-1
7236,TRIPLE,1,1,1,False,-1
7237,DOUBLE,1,1,0,False,-1
7238,TRIPLE,1,1,1,False,-1
7239,TRIPLE,1,1,1,False,-1
7240,DOUBLE,1,1,0,False,-1
7241,DOUBLE,1,1,0,False,-1
7242,TRIPLE,1,1,1,False,-1
7243,DOUBLE,1,1,0,False,-1
7244,TRIPLE,1,1,1,False,-1
7245,SINGLE,1,0,0,False,-1
7246,SINGLE,1,0,0,False,-1
7247,TRIPLE,1,1,1,False,-1
7248,TRIPLE,1,1,1,False,-1
7249,TRIPLE,1,1,1,False,-1
7250,TRIPLE,1,1,1,False,-1
7251,SINGLE,1,0,0,False,-1
7252,DOUBLE,1,1,0,False,-1
7253,TRIPLE,1,1,1,False,-1
7254,SINGLE,1,0,0,False,-1
7255,TRIPLE,1,1,1,False,-1
7256,TRIPLE,1,1,1,False,-1
7257,DOUBLE,1,1,0,False,-1
7258,DOUBLE,1,1,0,False,-1
7259,TRIPLE,1,1,1,False,-1
7260,DOUBLE,1,1,0,False,-1
7261,TRIPLE,1,1,1,False,-1
7262,SINGLE,1,0,0,False,-1
7263,DOUBLE,1,1,0,False,-1
7264,TRIPLE,1,1,1,False,-1
7265,TRIPLE,1,1,1,False,-1
7266,TRIPLE,1,1,1,False,-1
7267,DOUBLE,1,1,0,False,-1
7268,TRIPLE,1,1,1,False,-1
7269,DOUBLE,1,1,0,False,-1
7270,DOUBLE,1,1,0,False,-1
7271,DOUBLE,1,1,0,False,-1
7272,TRIPLE,1,1,1,False,-1
7273,DOUBLE,1,1,0,False,-1
7274,TRIPLE,1,1,1,False,-1
7275,DOUBLE,1,1,0,False,-1
7276,TRIPLE,1,1,1,False,-1
7277,TRIPLE,1,1,1,False,-1
7278,TRIPLE,1,1,1,False,-1
7279,DOUBLE,1,1,0,False,-1
7280,TRIPLE,1,1,1,False,-1
7281,TRIPLE,1,1,1,False,-1
7282,TRIPLE,1,1,1,False,-1
7283,SINGLE,1,0,0,False,-1
7284,DOUBLE,1,1,0,False,-1
7285,SINGLE,1,0,0,False,-1
7286,TRIPLE,1,1,1,False,-1
7287,DOUBLE,1,1,0,False,-1
7288,DOUBLE,1,1,0,False,-1
7289,SINGLE,1,0,0,False,-1
7290,SINGLE,1,0,0,False,-1
7291,TRIPLE,1,1,1,False,-1
7292,TRIPLE,1,1,1,False,-1
7293,DOUBLE,1,1,0,False,-1
7294,TRIPLE,1,1,1,False,-1
7295,SINGLE,1,0,0,False,-1
7296,DOUBLE,1,1,0,False,-1
7297,DOUBLE,1,1,0,False,-1
7298,TRIPLE,1,1,1,False,-1
7299,DOUBLE,1,1,0,False,-1
7300,TRIPLE,1,1,1,False,-1
7301,TRIPLE,1,1,1,False,-1
7302,DOUBLE,1,1,0,False,-1
7303,SINGLE,1,0,0,False,-1
7304,SINGLE,1,0,0,False,-1
7305,SINGLE,1,0,0,False,-1
7306,SINGLE,1,0,0,False,-1
7307,TRIPLE,1,1,1,False,-1
7308,TRIPLE,1,1,1,False,-1
7309,TRIPLE,1,1,1,False,-1
7310,TRIPLE,1,1,1,False,-1
7311,TRIPLE,1,1,1,False,-1
7312,TRIPLE,1,1,1,False,-1
7313,DOUBLE,1,1,0,False,-1
7314,TRIPLE,1,1,1,False,-1
7315,TRIPLE,1,1,1,False,-1
7316,DOUBLE,1,1,0,False,-1
7317,TRIPLE,1,1,1,False,-1
7318,TRIPLE,1,1,1,False,-1
7319,TRIPLE,1,1,1,False,-1
7320,SINGLE,1,0,0,False,-1
7321,TRIPLE,1,1,1,False,-1
7322,TRIPLE,1,1,1,False,-1
7323,TRIPLE,1,1,1,False,-1
7324,TRIPLE,1,1,1,False,-1
7325,TRIPLE,1,1,1,False,-1
7326,TRIPLE,1,1,1,False,-1
7327,TRIPLE,1,1,1,False,-1
7328,TRIPLE,1,1,1,False,-1
7329,TRIPLE,1,1,1,False,-1
7330,TRIPLE,1,1,1,False,-1
7331,DOUBLE,1,1,0,False,-1
7332,SINGLE,1,0,0,False,-1
7333,SINGLE,1,0,0,False,-1
7334,SINGLE,1,0,0,False,-1
7335,TRIPLE,1,1,1,False,-1
7336,TRIPLE,1,1,1,False,-1
7337,DOUBLE,1,1,0,False,-1
7338,SINGLE,1,0,0,False,-1
7339,TRIPLE,1,1,1,False,-1
7340,TRIPLE,1,1,1,False,-1
7341,TRIPLE,1,1,1,False,-1
7342,DOUBLE,1,1,0,False,-1
7343,TRIPLE,1,1,1,False,-1
7344,TRIPLE,1,1,1,False,-1
7345,SINGLE,1,0,0,False,-1
7346,DOUBLE,1,1,0,False,-1
7347,TRIPLE,1,1,1,False,-1
7348,TRIPLE,1,1,1,False,-1
7349,TRIPLE,1,1,1,False,-1
7350,SINGLE,1,0,0,False,-1
7351,TRIPLE,1,1,1,False,-1
7352,TRIPLE,1,1,1,False,-1
7353,SINGLE,1,0,0,False,-1
7354,TRIPLE,1,1,1,False,-1
7355,TRIPLE,1,1,1,False,-1
7356,TRIPLE,1,1,1,False,-1
7357,DOUBLE,1,1,0,False,-1
7358,TRIPLE,1,1,1,False,-1
7359,TRIPLE,1,1,1,False,-1
7360,SINGLE,1,0,0,False,-1
7361,TRIPLE,1,1,1,False,-1
7362,TRIPLE,1,1,1,False,-1
7363,SINGLE,1,0,0,False,-1
7364,TRIPLE,1,1,1,False,-1
7365,DOUBLE,1,1,0,False,-1
7366,TRIPLE,1,1,1,False,-1
7367,TRIPLE,1,1,1,False,-1
7368,SINGLE,1,0,0,False,-1
7369,TRIPLE,1,1,1,False,-1
7370,TRIPLE,1,1,1,False,-1
7371,TRIPLE,1,1,1,False,-1
7372,TRIPLE,1,1,1,False,-1
7373,TRIPLE,1,1,1,False,-1
7374,TRIPLE,1,1,1,False,-1
7375,DOUBLE,1,1,0,False,-1
7376,TRIPLE,1,1,1,False,-1
7377,TRIPLE,1,1,1,False,-1
7378,TRIPLE,1,1,1,False,-1
7379,DOUBLE,1,1,0,False,-1
7380,TRIPLE,1,1,1,False,-1
7381,DOUBLE,1,1,0,False,-1
7382,TRIPLE,1,1,1,False,-1
7383,TRIPLE,1,1,1,False,-1
7384,TRIPLE,1,1,1,False,-1
7385,TRIPLE,1,1,1,False,-1
7386,DOUBLE,1,1,0,False,-1
7387,TRIPLE,1,1,1,False,-1
7388,DOUBLE,1,1,0,False,-1
7389,TRIPLE,1,1,1,False,-1
7390,TRIPLE,1,1,1,False,-1
7391,DOUBLE,1,1,0,False,-1
7392,DOUBLE,1,1,0,False,-1
7393,DOUBLE,1,1,0,False,-1
7394,DOUBLE,1,1,0,False,-1
7395,TRIPLE,1,1,1,False,-1
7396,TRIPLE,1,1,1,False,-1
7397,SINGLE,1,0,0,False,-1
7398,TRIPLE,1,1,1,False,-1
7399,TRIPLE,1,1,1,False,-1
7400,TRIPLE,1,1,1,False,-1
7401,TRIPLE,1,1,1,False,-1
7402,DOUBLE,1,1,0,False,-1
7403,SINGLE,1,0,0,False,-1
7404,DOUBLE,1,1,0,False,-1
7405,TRIPLE,1,1,1,False,-1
7406,SINGLE,1,0,0,False,-1
7407,TRIPLE,1,1,1,False,-1
7408,TRIPLE,1,1,1,False,-1
7409,TRIPLE,1,1,1,False,-1
7410,TRIPLE,1,1,1,False,-1
7411,TRIPLE,1,1,1,False,-1
7412,TRIPLE,1,1,1,False,-1
7413,TRIPLE,1,1,1,False,-1
7414,DOUBLE,1,1,0,False,-1
7415,TRIPLE,1,1,1,False,-1
7416,SINGLE,1,0,0,False,-1
7417,SINGLE,1,0,0,False,-1
7418,TRIPLE,1,1,1,False,-1
7419,TRIPLE,1,1,1,False,-1
7420,TRIPLE,1,1,1,False,-1
7421,SINGLE,1,0,0,False,-1
7422,TRIPLE,1,1,1,False,-1
7423,TRIPLE,1,1,1,False,-1
7424,SINGLE,1,0,0,False,-1
7425,TRIPLE,1,1,1,False,-1
7426,DOUBLE,1,1,0,False,-1
7427,TRIPLE,1,1,1,False,-1
7428,DOUBLE,1,1,0,False,-1
7429,DOUBLE,1,1,0,False,-1
7430,TRIPLE,1,1,1,False,-1
7431,TRIPLE,1,1,1,False,-1
7432,SINGLE,1,0,0,False,-1
7433,DOUBLE,1,1,0,False,-1
7434,DOUBLE,1,1,0,False,-1
7435,TRIPLE,1,1,1,False,-1
7436,DOUBLE,1,1,0,False,-1
7437,TRIPLE,1,1,1,False,-1
7438,TRIPLE,1,1,1,False,-1
7439,TRIPLE,1,1,1,False,-1
7440,TRIPLE,1,1,1,False,-1
7441,TRIPLE,1,1,1,False,-1
7442,DOUBLE,1,1,0,False,-1
7443,DOUBLE,1,1,0,False,-1
7444,TRIPLE,1,1,1,False,-1
7445,TRIPLE,1,1,1,False,-1
7446,SINGLE,1,0,0,False,-1
7447,SINGLE,1,0,0,False,-1
7448,TRIPLE,1,1,1,False,-1
7449,DOUBLE,1,1,0,False,-1
7450,DOUBLE,1,1,0,False,-1
7451,TRIPLE,1,1,1,False,-1
7452,TRIPLE,1,1,1,False,-1
7453,TRIPLE,1,1,1,False,-1
7454,TRIPLE,1,1,1,False,-1
7455,DOUBLE,1,1,0,False,-1
7456,DOUBLE,1,1,0,False,-1
7457,TRIPLE,1,1,1,False,-1
7458,TRIPLE,1,1,1,False,-1
7459,TRIPLE,1,1,1,False,-1
7460,TRIPLE,1,1,1,False,-1
7461,TRIPLE,1,1,1,False,-1
7462,TRIPLE,1,1,1,False,-1
7463,DOUBLE,1,1,0,False,-1
7464,TRIPLE,1,1,1,False,-1
7465,TRIPLE,1,1,1,False,-1
7466,SINGLE,1,0,0,False,-1
7467,TRIPLE,1,1,1,False,-1
7468,TRIPLE,1,1,1,False,-1
7469,TRIPLE,1,1,1,False,-1
7470,DOUBLE,1,1,0,False,-1
7471,TRIPLE,1,1,1,False,-1
7472,TRIPLE,1,1,1,False,-1
7473,SINGLE,1,0,0,False,-1
7474,TRIPLE,1,1,1,False,-1
7475,DOUBLE,1,1,0,False,-1
7476,TRIPLE,1,1,1,False,-1
7477,DOUBLE,1,1,0,False,-1
7478,TRIPLE,1,1,1,False,-1
7479,SINGLE,1,0,0,False,-1
7480,SINGLE,1,0,0,False,-1
7481,TRIPLE,1,1,1,False,-1
7482,TRIPLE,1,1,1,False,-1
7483,SINGLE,1,0,0,False,-1
7484,DOUBLE,1,1,0,False,-1
7485,TRIPLE,1,1,1,False,-1
7486,TRIPLE,1,1,1,False,-1
7487,TRIPLE,1,1,1,False,-1
7488,TRIPLE,1,1,1,False,-1
7489,TRIPLE,1,1,1,False,-1
7490,TRIPLE,1,1,1,False,-1
7491,SINGLE,1,0,0,False,-1
7492,TRIPLE,1,1,1,False,-1
7493,TRIPLE,1,1,1,False,-1
7494,SINGLE,1,0,0,False,-1
7495,TRIPLE,1,1,1,False,-1
7496,TRIPLE,1,1,1,False,-1
7497,TRIPLE,1,1,1,False,-1
7498,TRIPLE,1,1,1,False,-1
7499,DOUBLE,1,1,0,False,-1
7500,TRIPLE,1,1,1,False,-1
7501,TRIPLE,1,1,1,False,-1
7502,SINGLE,1,0,0,False,-1
7503,TRIPLE,1,1,1,False,-1
7504,TRIPLE,1,1,1,False,-1
7505,TRIPLE,1,1,1,False,-1
7506,SINGLE,1,0,0,False,-1
7507,TRIPLE,1,1,1,False,-1
7508,DOUBLE,1,1,0,False,-1
7509,TRIPLE,1,1,1,False,-1
7510,DOUBLE,1,1,0,False,-1
7511,TRIPLE,1,1,1,False,-1
7512,DOUBLE,1,1,0,False,-1
7513,SINGLE,1,0,0,False,-1
7514,DOUBLE,1,1,0,False,-1
7515,SINGLE,1,0,0,False,-1
7516,TRIPLE,1,1,1,False,-1
7517,DOUBLE,1,1,0,False,-1
7518,TRIPLE,1,1,1,False,-1
7519,TRIPLE,1,1,1,False,-1
7520,TRIPLE,1,1,1,False,-1
7521,SINGLE,1,0,0,False,-1
7522,TRIPLE,1,1,1,False,-1
7523,TRIPLE,1,1,1,False,-1
7524,TRIPLE,1,1,1,False,-1
7525,TRIPLE,1,1,1,False,-1
7526,DOUBLE,1,1,0,False,-1
7527,TRIPLE,1,1,1,False,-1
7528,TRIPLE,1,1,1,False,-1
7529,DOUBLE,1,1,0,False,-1
7530,TRIPLE,1,1,1,False,-1
7531,DOUBLE,1,1,0,False,-1
7532,TRIPLE,1,1,1,False,-1
7533,TRIPLE,1,1,1,False,-1
7534,TRIPLE,1,1,1,False,-1
7535,TRIPLE,1,1,1,False,-1
7536,DOUBLE,1,1,0,False,-1
7537,DOUBLE,1,1,0,False,-1
7538,TRIPLE,1,1,1,False,-1
7539,SINGLE,1,0,0,False,-1
7540,TRIPLE,1,1,1,False,-1
7541,TRIPLE,1,1,1,False,-1
7542,TRIPLE,1,1,1,False,-1
7543,TRIPLE,1,1,1,False,-1
7544,TRIPLE,1,1,1,False,-1
7545,DOUBLE,1,1,0,False,-1
7546,DOUBLE,1,1,0,False,-1
7547,TRIPLE,1,1,1,False,-1
7548,SINGLE,1,0,0,False,-1
7549,TRIPLE,1,1,1,False,-1
7550,DOUBLE,1,1,0,False,-1
7551,SINGLE,1,0,0,False,-1
7552,TRIPLE,1,1,1,False,-1
7553,SINGLE,1,0,0,False,-1
7554,TRIPLE,1,1,1,False,-1
7555,DOUBLE,1,1,0,False,-1
7556,TRIPLE,1,1,1,False,-1
7557,TRIPLE,1,1,1,False,-1
7558,TRIPLE,1,1,1,False,-1
7559,TRIPLE,1,1,1,False,-1
7560,TRIPLE,1,1,1,False,-1
7561,DOUBLE,1,1,0,False,-1
7562,TRIPLE,1,1,1,False,-1
7563,TRIPLE,1,1,1,False,-1
7564,TRIPLE,1,1,1,False,-1
7565,TRIPLE,1,1,1,False,-1
7566,TRIPLE,1,1,1,False,-1
7567,TRIPLE,1,1,1,False,-1
7568,DOUBLE,1,1,0,False,-1
7569,TRIPLE,1,1,1,False,-1
7570,DOUBLE,1,1,0,False,-1
7571,TRIPLE,1,1,1,False,-1
7572,SINGLE,1,0,0,False,-1
7573,TRIPLE,1,1,1,False,-1
7574,TRIPLE,1,1,1,False,-1
7575,TRIPLE,1,1,1,False,-1
7576,TRIPLE,1,1,1,False,-1
7577,TRIPLE,1,1,1,False,-1
7578,SINGLE,1,0,0,False,-1
7579,TRIPLE,1,1,1,False,-1
7580,DOUBLE,1,1,0,False,-1
7581,TRIPLE,1,1,1,False,-1
7582,TRIPLE,1,1,1,False,-1
7583,TRIPLE,1,1,1,False,-1
7584,DOUBLE,1,1,0,False,-1
7585,TRIPLE,1,1,1,False,-1
7586,TRIPLE,1,1,1,False,-1
7587,TRIPLE,1,1,1,False,-1
7588,DOUBLE,1,1,0,False,-1
7589,DOUBLE,1,1,0,False,-1
7590,TRIPLE,1,1,1,False,-1
7591,TRIPLE,1,1,1,False,-1
7592,SINGLE,1,0,0,False,-1
7593,TRIPLE,1,1,1,False,-1
7594,TRIPLE,1,1,1,False,-1
7595,TRIPLE,1,1,1,False,-1
7596,TRIPLE,1,1,1,False,-1
7597,DOUBLE,1,1,0,False,-1
7598,TRIPLE,1,1,1,False,-1
7599,DOUBLE,1,1,0,False,-1
7600,TRIPLE,1,1,1,False,-1
7601,TRIPLE,1,1,1,False,-1
7602,DOUBLE,1,1,0,False,-1
7603,TRIPLE,1,1,1,False,-1
7604,SINGLE,1,0,0,False,-1
7605,DOUBLE,1,1,0,False,-1
7606,TRIPLE,1,1,1,False,-1
7607,DOUBLE,1,1,0,False,-1
7608,TRIPLE,1,1,1,False,-1
7609,SINGLE,1,0,0,False,-1
7610,TRIPLE,1,1,1,False,-1
7611,TRIPLE,1,1,1,False,-1
7612,DOUBLE,1,1,0,False,-1
7613,TRIPLE,1,1,1,False,-1
7614,TRIPLE,1,1,1,False,-1
7615,TRIPLE,1,1,1,False,-1
7616,SINGLE,1,0,0,False,-1
7617,DOUBLE,1,1,0,False,-1
7618,TRIPLE,1,1,1,False,-1
7619,DOUBLE,1,1,0,False,-1
7620,TRIPLE,1,1,1,False,-1
7621,DOUBLE,1,1,0,False,-1
7622,TRIPLE,1,1,1,False,-1
7623,DOUBLE,1,1,0,False,-1
7624,SINGLE,1,0,0,False,-1
7625,TRIPLE,1,1,1,False,-1
7626,DOUBLE,1,1,0,False,-1
7627,SINGLE,1,0,0,False,-1
7628,SINGLE,1,0,0,False,-1
7629,DOUBLE,1,1,0,False,-1
7630,TRIPLE,1,1,1,False,-1
7631,DOUBLE,1,1,0,False,-1
7632,TRIPLE,1,1,1,False,-1
7633,TRIPLE,1,1,1,False,-1
7634,TRIPLE,1,1,1,False,-1
7635,DOUBLE,1,1,0,False,-1
7636,DOUBLE,1,1,0,False,-1
7637,TRIPLE,1,1,1,False,-1
7638,TRIPLE,1,1,1,False,-1
7639,DOUBLE,1,1,0,False,-1
7640,TRIPLE,1,1,1,False,-1
7641,TRIPLE,1,1,1,False,-1
7642,TRIPLE,1,1,1,False,-1
7643,SINGLE,1,0,0,False,-1
7644,DOUBLE,1,1,0,False,-1
7645,TRIPLE,1,1,1,False,-1
7646,TRIPLE,1,1,1,False,-1
7647,TRIPLE,1,1,1,False,-1
7648,SINGLE,1,0,0,False,-1
7649,TRIPLE,1,1,1,False,-1
7650,TRIPLE,1,1,1,False,-1
7651,TRIPLE,1,1,1,False,-1
7652,SINGLE,1,0,0,False,-1
7653,TRIPLE,1,1,1,False,-1
7654,TRIPLE,1,1,1,False,-1
7655,TRIPLE,1,1,1,False,-1
7656,TRIPLE,1,1,1,False,-1
7657,TRIPLE,1,1,1,False,-1
7658,TRIPLE,1,1,1,False,-1
7659,SINGLE,1,0,0,False,-1
7660,TRIPLE,1,1,1,False,-1
7661,TRIPLE,1,1,1,False,-1
7662,DOUBLE,1,1,0,False,-1
7663,TRIPLE,1,1,1,False,-1
7664,DOUBLE,1,1,0,False,-1
7665,DOUBLE,1,1,0,False,-1
7666,DOUBLE,1,1,0,False,-1
7667,TRIPLE,1,1,1,False,-1
7668,TRIPLE,1,1,1,False,-1
7669,TRIPLE,1,1,1,False,-1
7670,TRIPLE,1,1,1,False,-1
7671,TRIPLE,1,1,1,False,-1
7672,SINGLE,1,0,0,False,-1
7673,DOUBLE,1,1,0,False,-1
7674,TRIPLE,1,1,1,False,-1
7675,SINGLE,1,0,0,False,-1
7676,DOUBLE,1,1,0,False,-1
7677,DOUBLE,1,1,0,False,-1
7678,DOUBLE,1,1,0,False,-1
7679,DOUBLE,1,1,0,False,-1
7680,DOUBLE,1,1,0,False,-1
7681,DOUBLE,1,1,0,False,-1
7682,TRIPLE,1,1,1,False,-1
7683,TRIPLE,1,1,1,False,-1
7684,TRIPLE,1,1,1,False,-1
7685,SINGLE,1,0,0,False,-1
7686,SINGLE,1,0,0,False,-1
7687,SINGLE,1,0,0,False,-1
7688,TRIPLE,1,1,1,False,-1
7689,TRIPLE,1,1,1,False,-1
7690,TRIPLE,1,1,1,False,-1
7691,DOUBLE,1,1,0,False,-1
7692,DOUBLE,1,1,0,False,-1
7693,SINGLE,1,0,0,False,-1
7694,TRIPLE,1,1,1,False,-1
7695,TRIPLE,1,1,1,False,-1
7696,TRIPLE,1,1,1,False,-1
7697,TRIPLE,1,1,1,False,-1
7698,TRIPLE,1,1,1,False,-1
7699,DOUBLE,1,1,0,False,-1
7700,TRIPLE,1,1,1,False,-1
7701,TRIPLE,1,1,1,False,-1
7702,TRIPLE,1,1,1,False,-1
7703,DOUBLE,1,1,0,False,-1
7704,TRIPLE,1,1,1,False,-1
7705,DOUBLE,1,1,0,False,-1
7706,DOUBLE,1,1,0,False,-1
7707,TRIPLE,1,1,1,False,-1
7708,TRIPLE,1,1,1,False,-1
7709,TRIPLE,1,1,1,False,-1
7710,SINGLE,1,0,0,False,-1
7711,TRIPLE,1,1,1,False,-1
7712,DOUBLE,1,1,0,False,-1
7713,DOUBLE,1,1,0,False,-1
7714,TRIPLE,1,1,1,False,-1
7715,DOUBLE,1,1,0,False,-1
7716,SINGLE,1,0,0,False,-1
7717,DOUBLE,1,1,0,False,-1
7718,SINGLE,1,0,0,False,-1
7719,TRIPLE,1,1,1,False,-1
7720,TRIPLE,1,1,1,False,-1
7721,SINGLE,1,0,0,False,-1
7722,SINGLE,1,0,0,False,-1
7723,SINGLE,1,0,0,False,-1
7724,TRIPLE,1,1,1,False,-1
7725,TRIPLE,1,1,1,False,-1
7726,SINGLE,1,0,0,False,-1
7727,SINGLE,1,0,0,False,-1
7728,DOUBLE,1,1,0,False,-1
7729,DOUBLE,1,1,0,False,-1
7730,DOUBLE,1,1,0,False,-1
7731,DOUBLE,1,1,0,False,-1
7732,TRIPLE,1,1,1,False,-1
7733,DOUBLE,1,1,0,False,-1
7734,SINGLE,1,0,0,False,-1
7735,TRIPLE,1,1,1,False,-1
7736,DOUBLE,1,1,0,False,-1
7737,TRIPLE,1,1,1,False,-1
7738,SINGLE,1,0,0,False,-1
7739,TRIPLE,1,1,1,False,-1
7740,TRIPLE,1,1,1,False,-1
7741,SINGLE,1,0,0,False,-1
7742,TRIPLE,1,1,1,False,-1
7743,DOUBLE,1,1,0,False,-1
7744,DOUBLE,1,1,0,False,-1
7745,TRIPLE,1,1,1,False,-1
7746,TRIPLE,1,1,1,False,-1
7747,TRIPLE,1,1,1,False,-1
7748,TRIPLE,1,1,1,False,-1
7749,TRIPLE,1,1,1,False,-1
7750,TRIPLE,1,1,1,False,-1
7751,DOUBLE,1,1,0,False,-1
7752,TRIPLE,1,1,1,False,-1
7753,SINGLE,1,0,0,False,-1
7754,TRIPLE,1,1,1,False,-1
7755,TRIPLE,1,1,1,False,-1
7756,TRIPLE,1,1,1,False,-1
7757,TRIPLE,1,1,1,False,-1
7758,SINGLE,1,0,0,False,-1
7759,TRIPLE,1,1,1,False,-1
7760,SINGLE,1,0,0,False,-1
7761,DOUBLE,1,1,0,False,-1
7762,TRIPLE,1,1,1,False,-1
7763,TRIPLE,1,1,1,False,-1
7764,SINGLE,1,0,0,False,-1
7765,DOUBLE,1,1,0,False,-1
7766,TRIPLE,1,1,1,False,-1
7767,SINGLE,1,0,0,False,-1
7768,SINGLE,1,0,0,False,-1
7769,SINGLE,1,0,0,False,-1
7770,DOUBLE,1,1,0,False,-1
7771,TRIPLE,1,1,1,False,-1
7772,TRIPLE,1,1,1,False,-1
7773,TRIPLE,1,1,1,False,-1
7774,DOUBLE,1,1,0,False,-1
7775,DOUBLE,1,1,0,False,-1
7776,DOUBLE,1,1,0,False,-1
7777,DOUBLE,1,1,0,False,-1
7778,DOUBLE,1,1,0,False,-1
7779,DOUBLE,1,1,0,False,-1
7780,TRIPLE,1,1,1,False,-1
7781,TRIPLE,1,1,1,False,-1
7782,DOUBLE,1,1,0,False,-1
7783,TRIPLE,1,1,1,False,-1
7784,DOUBLE,1,1,0,False,-1
7785,DOUBLE,1,1,0,False,-1
7786,TRIPLE,1,1,1,False,-1
7787,DOUBLE,1,1,0,False,-1
7788,TRIPLE,1,1,1,False,-1
7789,TRIPLE,1,1,1,False,-1
7790,TRIPLE,1,1,1,False,-1
7791,DOUBLE,1,1,0,False,-1
7792,DOUBLE,1,1,0,False,-1
7793,TRIPLE,1,1,1,False,-1
7794,SINGLE,1,0,0,False,-1
7795,TRIPLE,1,1,1,False,-1
7796,DOUBLE,1,1,0,False,-1
7797,SINGLE,1,0,0,False,-1
7798,SINGLE,1,0,0,False,-1
7799,TRIPLE,1,1,1,False,-1
7800,TRIPLE,1,1,1,False,-1
7801,SINGLE,1,0,0,False,-1
7802,TRIPLE,1,1,1,False,-1
7803,SINGLE,1,0,0,False,-1
7804,DOUBLE,1,1,0,False,-1
7805,DOUBLE,1,0,1,False,-1
7806,SINGLE,1,0,0,False,-1
7807,TRIPLE,1,1,1,False,-1
7808,DOUBLE,1,1,0,False,-1
7809,TRIPLE,1,1,1,False,-1
7810,TRIPLE,1,1,1,False,-1
7811,TRIPLE,1,1,1,False,-1
7812,SINGLE,1,0,0,False,-1
7813,DOUBLE,1,1,0,False,-1
7814,TRIPLE,1,1,1,False,-1
7815,DOUBLE,1,1,0,False,-1
7816,TRIPLE,1,1,1,False,-1
7817,TRIPLE,1,1,1,False,-1
7818,TRIPLE,1,1,1,False,-1
7819,TRIPLE,1,1,1,False,-1
7820,SINGLE,1,0,0,False,-1
7821,TRIPLE,1,1,1,False,-1
7822,DOUBLE,1,1,0,False,-1
7823,SINGLE,1,0,0,False,-1
7824,DOUBLE,1,1,0,False,-1
7825,TRIPLE,1,1,1,False,-1
7826,TRIPLE,1,1,1,False,-1
7827,SINGLE,1,0,0,False,-1
7828,TRIPLE,1,1,1,False,-1
7829,SINGLE,1,0,0,False,-1
7830,TRIPLE,1,1,1,False,-1
7831,TRIPLE,1,1,1,False,-1
7832,SINGLE,1,0,0,False,-1
7833,DOUBLE,1,1,0,False,-1
7834,TRIPLE,1,1,1,False,-1
7835,SINGLE,1,0,0,False,-1
7836,TRIPLE,1,1,1,False,-1
7837,SINGLE,1,0,0,False,-1
7838,TRIPLE,1,1,1,False,-1
7839,TRIPLE,1,1,1,False,-1
7840,DOUBLE,1,1,0,False,-1
7841,SINGLE,1,0,0,False,-1
7842,SINGLE,1,0,0,False,-1
7843,DOUBLE,1,1,0,False,-1
7844,TRIPLE,1,1,1,False,-1
7845,DOUBLE,1,1,0,False,-1
7846,DOUBLE,1,1,0,False,-1
7847,TRIPLE,1,1,1,False,-1
7848,TRIPLE,1,1,1,False,-1
7849,TRIPLE,1,1,1,False,-1
7850,TRIPLE,1,1,1,False,-1
7851,TRIPLE,1,1,1,False,-1
7852,TRIPLE,1,1,1,False,-1
7853,TRIPLE,1,1,1,False,-1
7854,DOUBLE,1,1,0,False,-1
7855,TRIPLE,1,1,1,False,-1
7856,TRIPLE,1,1,1,False,-1
7857,TRIPLE,1,1,1,False,-1
7858,SINGLE,1,0,0,False,-1
7859,SINGLE,1,0,0,False,-1
7860,TRIPLE,1,1,1,False,-1
7861,TRIPLE,1,1,1,False,-1
7862,TRIPLE,1,1,1,False,-1
7863,TRIPLE,1,1,1,False,-1
7864,TRIPLE,1,1,1,False,-1
7865,TRIPLE,1,1,1,False,-1
7866,DOUBLE,1,1,0,False,-1
7867,DOUBLE,1,1,0,False,-1
7868,TRIPLE,1,1,1,False,-1
7869,DOUBLE,1,1,0,False,-1
7870,TRIPLE,1,1,1,False,-1
7871,TRIPLE,1,1,1,False,-1
7872,TRIPLE,1,1,1,False,-1
7873,TRIPLE,1,1,1,False,-1
7874,TRIPLE,1,1,1,False,-1
7875,SINGLE,1,0,0,False,-1
7876,TRIPLE,1,1,1,False,-1
7877,TRIPLE,1,1,1,False,-1
7878,TRIPLE,1,1,1,False,-1
7879,TRIPLE,1,1,1,False,-1
7880,TRIPLE,1,1,1,False,-1
7881,TRIPLE,1,1,1,False,-1
7882,SINGLE,1,0,0,False,-1
7883,TRIPLE,1,1,1,False,-1
7884,TRIPLE,1,1,1,False,-1
7885,TRIPLE,1,1,1,False,-1
7886,TRIPLE,1,1,1,False,-1
7887,TRIPLE,1,1,1,False,-1
7888,DOUBLE,1,1,0,False,-1
7889,TRIPLE,1,1,1,False,-1
7890,DOUBLE,1,1,0,False,-1
7891,TRIPLE,1,1,1,False,-1
7892,TRIPLE,1,1,1,False,-1
7893,DOUBLE,1,1,0,False,-1
7894,SINGLE,1,0,0,False,-1
7895,DOUBLE,1,1,0,False,-1
7896,TRIPLE,1,1,1,False,-1
7897,TRIPLE,1,1,1,False,-1
7898,TRIPLE,1,1,1,False,-1
7899,TRIPLE,1,1,1,False,-1
7900,DOUBLE,1,1,0,False,-1
7901,DOUBLE,1,1,0,False,-1
7902,TRIPLE,1,1,1,False,-1
7903,DOUBLE,1,1,0,False,-1
7904,SINGLE,1,0,0,False,-1
7905,TRIPLE,1,1,1,False,-1
7906,DOUBLE,1,1,0,False,-1
7907,TRIPLE,1,1,1,False,-1
7908,TRIPLE,1,1,1,False,-1
7909,TRIPLE,1,1,1,False,-1
7910,DOUBLE,1,1,0,False,-1
7911,SINGLE,1,0,0,False,-1
7912,DOUBLE,1,1,0,False,-1
7913,TRIPLE,1,1,1,False,-1
7914,SINGLE,1,0,0,False,-1
7915,TRIPLE,1,1,1,False,-1
7916,DOUBLE,1,1,0,False,-1
7917,DOUBLE,1,1,0,False,-1
7918,TRIPLE,1,1,1,False,-1
7919,TRIPLE,1,1,1,False,-1
7920,DOUBLE,1,1,0,False,-1
7921,TRIPLE,1,1,1,False,-1
7922,TRIPLE,1,1,1,False,-1
7923,TRIPLE,1,1,1,False,-1
7924,TRIPLE,1,1,1,False,-1
7925,DOUBLE,1,1,0,False,-1
7926,DOUBLE,1,1,0,False,-1
7927,SINGLE,1,0,0,False,-1
7928,TRIPLE,1,1,1,False,-1
7929,DOUBLE,1,1,0,False,-1
7930,DOUBLE,1,1,0,False,-1
7931,TRIPLE,1,1,1,False,-1
7932,DOUBLE,1,1,0,False,-1
7933,TRIPLE,1,1,1,False,-1
7934,DOUBLE,1,1,0,False,-1
7935,TRIPLE,1,1,1,False,-1
7936,DOUBLE,1,1,0,False,-1
7937,DOUBLE,1,1,0,False,-1
7938,TRIPLE,1,1,1,False,-1
7939,TRIPLE,1,1,1,False,-1
7940,TRIPLE,1,1,1,False,-1
7941,TRIPLE,1,1,1,False,-1
7942,DOUBLE,1,1,0,False,-1
7943,TRIPLE,1,1,1,False,-1
7944,TRIPLE,1,1,1,False,-1
7945,SINGLE,1,0,0,False,-1
7946,TRIPLE,1,1,1,False,-1
7947,DOUBLE,1,1,0,False,-1
7948,TRIPLE,1,1,1,False,-1
7949,DOUBLE,1,1,0,False,-1
7950,TRIPLE,1,1,1,False,-1
7951,TRIPLE,1,1,1,False,-1
7952,SINGLE,1,0,0,False,-1
7953,TRIPLE,1,1,1,False,-1
7954,SINGLE,1,0,0,False,-1
7955,TRIPLE,1,1,1,False,-1
7956,TRIPLE,1,1,1,False,-1
7957,TRIPLE,1,1,1,False,-1
7958,DOUBLE,1,1,0,False,-1
7959,TRIPLE,1,1,1,False,-1
7960,TRIPLE,1,1,1,False,-1
7961,DOUBLE,1,1,0,False,-1
7962,TRIPLE,1,1,1,False,-1
7963,DOUBLE,1,1,0,False,-1
7964,TRIPLE,1,1,1,False,-1
7965,TRIPLE,1,1,1,False,-1
7966,DOUBLE,1,1,0,False,-1
7967,SINGLE,1,0,0,False,-1
7968,TRIPLE,1,1,1,False,-1
7969,TRIPLE,1,1,1,False,-1
7970,TRIPLE,1,1,1,False,-1
7971,TRIPLE,1,1,1,False,-1
7972,DOUBLE,1,1,0,False,-1
7973,TRIPLE,1,1,1,False,-1
7974,TRIPLE,1,1,1,False,-1
7975,TRIPLE,1,1,1,False,-1
7976,TRIPLE,1,1,1,False,-1
7977,TRIPLE,1,1,1,False,-1
7978,SINGLE,1,0,0,False,-1
7979,DOUBLE,1,1,0,False,-1
7980,TRIPLE,1,1,1,False,-1
7981,TRIPLE,1,1,1,False,-1
7982,TRIPLE,1,1,1,False,-1
7983,SINGLE,1,0,0,False,-1
7984,DOUBLE,1,1,0,False,-1
7985,TRIPLE,1,1,1,False,-1
7986,DOUBLE,1,1,0,False,-1
7987,TRIPLE,1,1,1,False,-1
7988,TRIPLE,1,1,1,False,-1
7989,TRIPLE,1,1,1,False,-1
7990,SINGLE,1,0,0,False,-1
7991,TRIPLE,1,1,1,False,-1
7992,DOUBLE,1,1,0,False,-1
7993,TRIPLE,1,1,1,False,-1
7994,SINGLE,1,0,0,False,-1
7995,TRIPLE,1,1,1,False,-1
7996,TRIPLE,1,1,1,False,-1
7997,TRIPLE,1,1,1,False,-1
7998,TRIPLE,1,1,1,False,-1
7999,SINGLE,1,0,0,False,-1
8000,DOUBLE,1,1,0,False,-1
8001,TRIPLE,1,1,1,False,-1
8002,DOUBLE,1,1,0,False,-1
8003,DOUBLE,1,1,0,False,-1
8004,TRIPLE,1,1,1,False,-1
8005,TRIPLE,1,1,1,False,-1
8006,TRIPLE,1,1,1,False,-1
8007,TRIPLE,1,1,1,False,-1
8008,TRIPLE,1,1,1,False,-1
8009,DOUBLE,1,1,0,False,-1
8010,SINGLE,1,0,0,False,-1
8011,TRIPLE,1,1,1,False,-1
8012,TRIPLE,1,1,1,False,-1
8013,TRIPLE,1,1,1,False,-1
8014,TRIPLE,1,1,1,False,-1
8015,TRIPLE,1,1,1,False,-1
8016,TRIPLE,1,1,1,False,-1
8017,SINGLE,1,0,0,False,-1
8018,DOUBLE,1,1,0,False,-1
8019,TRIPLE,1,1,1,False,-1
8020,TRIPLE,1,1,1,False,-1
8021,DOUBLE,1,1,0,False,-1
8022,TRIPLE,1,1,1,False,-1
8023,DOUBLE,1,1,0,False,-1
8024,TRIPLE,1,1,1,False,-1
8025,TRIPLE,1,1,1,False,-1
8026,SINGLE,1,0,0,False,-1
8027,TRIPLE,1,1,1,False,-1
8028,TRIPLE,1,1,1,False,-1
8029,DOUBLE,1,1,0,False,-1
8030,TRIPLE,1,1,1,False,-1
8031,DOUBLE,1,1,0,False,-1
8032,DOUBLE,1,1,0,False,-1
8033,SINGLE,1,0,0,False,-1
8034,TRIPLE,1,1,1,False,-1
8035,DOUBLE,1,1,0,False,-1
8036,TRIPLE,1,1,1,False,-1
8037,TRIPLE,1,1,1,False,-1
8038,DOUBLE,1,1,0,False,-1
8039,TRIPLE,1,1,1,False,-1
8040,TRIPLE,1,1,1,False,-1
8041,TRIPLE,1,1,1,False,-1
8042,TRIPLE,1,1,1,False,-1
8043,TRIPLE,1,1,1,False,-1
8044,TRIPLE,1,1,1,False,-1
8045,TRIPLE,1,1,1,False,-1
8046,TRIPLE,1,1,1,False,-1
8047,TRIPLE,1,1,1,False,-1
8048,DOUBLE,1,1,0,False,-1
8049,TRIPLE,1,1,1,False,-1
8050,TRIPLE,1,1,1,False,-1
8051,TRIPLE,1,1,1,False,-1
8052,TRIPLE,1,1,1,False,-1
8053,TRIPLE,1,1,1,False,-1
8054,SINGLE,1,0,0,False,-1
8055,SINGLE,1,0,0,False,-1
8056,DOUBLE,1,1,0,False,-1
8057,SINGLE,1,0,0,False,-1
8058,TRIPLE,1,1,1,False,-1
8059,DOUBLE,1,1,0,False,-1
8060,TRIPLE,1,1,1,False,-1
8061,TRIPLE,1,1,1,False,-1
8062,TRIPLE,1,1,1,False,-1
8063,DOUBLE,1,1,0,False,-1
8064,TRIPLE,1,1,1,False,-1
8065,TRIPLE,1,1,1,False,-1
8066,SINGLE,1,0,0,False,-1
8067,SINGLE,1,0,0,False,-1
8068,DOUBLE,1,1,0,False,-1
8069,DOUBLE,1,1,0,False,-1
8070,TRIPLE,1,1,1,False,-1
8071,SINGLE,1,0,0,False,-1
8072,TRIPLE,1,1,1,False,-1
8073,DOUBLE,1,1,0,False,-1
8074,TRIPLE,1,1,1,False,-1
8075,TRIPLE,1,1,1,False,-1
8076,TRIPLE,1,1,1,False,-1
8077,SINGLE,1,0,0,False,-1
8078,TRIPLE,1,1,1,False,-1
8079,DOUBLE,1,1,0,False,-1
8080,TRIPLE,1,1,1,False,-1
8081,DOUBLE,1,1,0,False,-1
8082,TRIPLE,1,1,1,False,-1
8083,DOUBLE,1,1,0,False,-1
8084,DOUBLE,1,1,0,False,-1
8085,TRIPLE,1,1,1,False,-1
8086,TRIPLE,1,1,1,False,-1
8087,TRIPLE,1,1,1,False,-1
8088,DOUBLE,1,1,0,False,-1
8089,TRIPLE,1,1,1,False,-1
8090,DOUBLE,1,1,0,False,-1
8091,DOUBLE,1,1,0,False,-1
8092,TRIPLE,1,1,1,False,-1
8093,TRIPLE,1,1,1,False,-1
8094,SINGLE,1,0,0,False,-1
8095,TRIPLE,1,1,1,False,-1
8096,SINGLE,1,0,0,False,-1
8097,DOUBLE,1,1,0,False,-1
8098,DOUBLE,1,1,0,False,-1
8099,TRIPLE,1,1,1,False,-1
8100,TRIPLE,1,1,1,False,-1
8101,DOUBLE,1,1,0,False,-1
8102,SINGLE,1,0,0,False,-1
8103,TRIPLE,1,1,1,False,-1
8104,TRIPLE,1,1,1,False,-1
8105,TRIPLE,1,1,1,False,-1
8106,TRIPLE,1,1,1,False,-1
8107,DOUBLE,1,1,0,False,-1
8108,SINGLE,1,0,0,False,-1
8109,TRIPLE,1,1,1,False,-1
8110,DOUBLE,1,1,0,False,-1
8111,SINGLE,1,0,0,False,-1
8112,TRIPLE,1,1,1,False,-1
8113,TRIPLE,1,1,1,False,-1
8114,DOUBLE,1,1,0,False,-1
8115,TRIPLE,1,1,1,False,-1
8116,DOUBLE,1,1,0,False,-1
8117,TRIPLE,1,1,1,False,-1
8118,DOUBLE,1,1,0,False,-1
8119,TRIPLE,1,1,1,False,-1
8120,TRIPLE,1,1,1,False,-1
8121,TRIPLE,1,1,1,False,-1
8122,TRIPLE,1,1,1,False,-1
8123,DOUBLE,1,1,0,False,-1
8124,DOUBLE,1,1,0,False,-1
8125,TRIPLE,1,1,1,False,-1
8126,DOUBLE,1,1,0,False,-1
8127,TRIPLE,1,1,1,False,-1
8128,TRIPLE,1,1,1,False,-1
8129,DOUBLE,1,1,0,False,-1
8130,TRIPLE,1,1,1,False,-1
8131,TRIPLE,1,1,1,False,-1
8132,TRIPLE,1,1,1,False,-1
8133,SINGLE,1,0,0,False,-1
8134,TRIPLE,1,1,1,False,-1
8135,TRIPLE,1,1,1,False,-1
8136,TRIPLE,1,1,1,False,-1
8137,TRIPLE,1,1,1,False,-1
8138,SINGLE,1,0,0,False,-1
8139,DOUBLE,1,1,0,False,-1
8140,TRIPLE,1,1,1,False,-1
8141,TRIPLE,1,1,1,False,-1
8142,TRIPLE,1,1,1,False,-1
8143,SINGLE,1,0,0,False,-1
8144,TRIPLE,1,1,1,False,-1
8145,DOUBLE,1,1,0,False,-1
8146,TRIPLE,1,1,1,False,-1
8147,DOUBLE,1,1,0,False,-1
8148,TRIPLE,1,1,1,False,-1
8149,SINGLE,1,0,0,False,-1
8150,DOUBLE,1,1,0,False,-1
8151,TRIPLE,1,1,1,False,-1
8152,TRIPLE,1,1,1,False,-1
8153,TRIPLE,1,1,1,False,-1
8154,TRIPLE,1,1,1,False,-1
8155,TRIPLE,1,1,1,False,-1
8156,DOUBLE,1,1,0,False,-1
8157,TRIPLE,1,1,1,False,-1
8158,DOUBLE,1,1,0,False,-1
8159,TRIPLE,1,1,1,False,-1
8160,DOUBLE,1,1,0,False,-1
8161,TRIPLE,1,1,1,False,-1
8162,TRIPLE,1,1,1,False,-1
8163,TRIPLE,1,1,1,False,-1
8164,TRIPLE,1,1,1,False,-1
8165,TRIPLE,1,1,1,False,-1
8166,DOUBLE,1,1,0,False,-1
8167,TRIPLE,1,1,1,False,-1
8168,SINGLE,1,0,0,False,-1
8169,TRIPLE,1,1,1,False,-1
8170,TRIPLE,1,1,1,False,-1
8171,DOUBLE,1,1,0,False,-1
8172,TRIPLE,1,1,1,False,-1
8173,TRIPLE,1,1,1,False,-1
8174,TRIPLE,1,1,1,False,-1
8175,TRIPLE,1,1,1,False,-1
8176,TRIPLE,1,1,1,False,-1
8177,DOUBLE,1,1,0,False,-1
8178,SINGLE,1,0,0,False,-1
8179,TRIPLE,1,1,1,False,-1
8180,TRIPLE,1,1,1,False,-1
8181,DOUBLE,1,1,0,False,-1
8182,TRIPLE,1,1,1,False,-1
8183,DOUBLE,1,1,0,False,-1
8184,TRIPLE,1,1,1,False,-1
8185,TRIPLE,1,1,1,False,-1
8186,DOUBLE,1,1,0,False,-1
8187,DOUBLE,1,1,0,False,-1
8188,TRIPLE,1,1,1,False,-1
8189,DOUBLE,1,1,0,False,-1
8190,DOUBLE,1,1,0,False,-1
8191,TRIPLE,1,1,1,False,-1
8192,SINGLE,1,0,0,False,-1
8193,TRIPLE,1,1,1,False,-1
8194,TRIPLE,1,1,1,False,-1
8195,DOUBLE,1,1,0,False,-1
8196,TRIPLE,1,1,1,False,-1
8197,TRIPLE,1,1,1,False,-1
8198,TRIPLE,1,1,1,False,-1
8199,TRIPLE,1,1,1,False,-1
8200,DOUBLE,1,1,0,False,-1
8201,TRIPLE,1,1,1,False,-1
8202,TRIPLE,1,1,1,False,-1
8203,TRIPLE,1,1,1,False,-1
8204,TRIPLE,1,1,1,False,-1
8205,DOUBLE,1,1,0,False,-1
8206,DOUBLE,1,1,0,False,-1
8207,DOUBLE,1,1,0,False,-1
8208,SINGLE,1,0,0,False,-1
8209,TRIPLE,1,1,1,False,-1
8210,TRIPLE,1,1,1,False,-1
8211,TRIPLE,1,1,1,False,-1
8212,TRIPLE,1,1,1,False,-1
8213,DOUBLE,1,1,0,False,-1
8214,SINGLE,1,0,0,False,-1
8215,DOUBLE,1,1,0,False,-1
8216,DOUBLE,1,1,0,False,-1
8217,TRIPLE,1,1,1,False,-1
8218,TRIPLE,1,1,1,False,-1
8219,TRIPLE,1,1,1,False,-1
8220,TRIPLE,1,1,1,False,-1
8221,TRIPLE,1,1,1,False,-1
8222,DOUBLE,1,1,0,False,-1
8223,TRIPLE,1,1,1,False,-1
8224,SINGLE,1,0,0,False,-1
8225,DOUBLE,1,1,0,False,-1
8226,DOUBLE,1,1,0,False,-1
8227,TRIPLE,1,1,1,False,-1
8228,SINGLE,1,0,0,False,-1
8229,TRIPLE,1,1,1,False,-1
8230,DOUBLE,1,1,0,False,-1
8231,TRIPLE,1,1,1,False,-1
8232,TRIPLE,1,1,1,False,-1
8233,TRIPLE,1,1,1,False,-1
8234,DOUBLE,1,1,0,False,-1
8235,TRIPLE,1,1,1,False,-1
8236,TRIPLE,1,1,1,False,-1
8237,SINGLE,1,0,0,False,-1
8238,TRIPLE,1,1,1,False,-1
8239,SINGLE,1,0,0,False,-1
8240,DOUBLE,1,1,0,False,-1
8241,TRIPLE,1,1,1,False,-1
8242,TRIPLE,1,1,1,False,-1
8243,SINGLE,1,0,0,False,-1
8244,TRIPLE,1,1,1,False,-1
8245,DOUBLE,1,1,0,False,-1
8246,TRIPLE,1,1,1,False,-1
8247,SINGLE,1,0,0,False,-1
8248,TRIPLE,1,1,1,False,-1
8249,TRIPLE,1,1,1,False,-1
8250,TRIPLE,1,1,1,False,-1
8251,TRIPLE,1,1,1,False,-1
8252,TRIPLE,1,1,1,False,-1
8253,SINGLE,1,0,0,False,-1
8254,TRIPLE,1,1,1,False,-1
8255,TRIPLE,1,1,1,False,-1
8256,TRIPLE,1,1,1,False,-1
8257,SINGLE,1,0,0,False,-1
8258,DOUBLE,1,1,0,False,-1
8259,DOUBLE,1,1,0,False,-1
8260,TRIPLE,1,1,1,False,-1
8261,SINGLE,1,0,0,False,-1
8262,TRIPLE,1,1,1,False,-1
8263,TRIPLE,1,1,1,False,-1
8264,DOUBLE,1,1,0,False,-1
8265,TRIPLE,1,1,1,False,-1
8266,DOUBLE,1,1,0,False,-1
8267,DOUBLE,1,1,0,False,-1
8268,SINGLE,1,0,0,False,-1
8269,TRIPLE,1,1,1,False,-1
8270,TRIPLE,1,1,1,False,-1
8271,TRIPLE,1,1,1,False,-1
8272,DOUBLE,1,1,0,False,-1
8273,TRIPLE,1,1,1,False,-1
8274,TRIPLE,1,1,1,False,-1
8275,TRIPLE,1,1,1,False,-1
8276,TRIPLE,1,1,1,False,-1
8277,SINGLE,1,0,0,False,-1
8278,DOUBLE,1,1,0,False,-1
8279,TRIPLE,1,1,1,False,-1
8280,TRIPLE,1,1,1,False,-1
8281,DOUBLE,1,1,0,False,-1
8282,SINGLE,1,0,0,False,-1
8283,TRIPLE,1,1,1,False,-1
8284,DOUBLE,1,1,0,False,-1
8285,DOUBLE,1,1,0,False,-1
8286,DOUBLE,1,1,0,False,-1
8287,TRIPLE,1,1,1,False,-1
8288,DOUBLE,1,1,0,False,-1
8289,DOUBLE,1,1,0,False,-1
8290,DOUBLE,1,1,0,False,-1
8291,SINGLE,1,0,0,False,-1
8292,TRIPLE,1,1,1,False,-1
8293,DOUBLE,1,1,0,False,-1
8294,TRIPLE,1,1,1,False,-1
8295,DOUBLE,1,1,0,False,-1
8296,TRIPLE,1,1,1,False,-1
8297,TRIPLE,1,1,1,False,-1
8298,DOUBLE,1,1,0,False,-1
8299,DOUBLE,1,1,0,False,-1
8300,DOUBLE,1,1,0,False,-1
8301,TRIPLE,1,1,1,False,-1
8302,TRIPLE,1,1,1,False,-1
8303,TRIPLE,1,1,1,False,-1
8304,TRIPLE,1,1,1,False,-1
8305,DOUBLE,1,1,0,False,-1
8306,SINGLE,1,0,0,False,-1
8307,TRIPLE,1,1,1,False,-1
8308,TRIPLE,1,1,1,False,-1
8309,TRIPLE,1,1,1,False,-1
8310,SINGLE,1,0,0,False,-1
8311,SINGLE,1,0,0,False,-1
8312,TRIPLE,1,1,1,False,-1
8313,TRIPLE,1,1,1,False,-1
8314,TRIPLE,1,1,1,False,-1
8315,TRIPLE,1,1,1,False,-1
8316,DOUBLE,1,1,0,False,-1
8317,DOUBLE,1,1,0,False,-1
8318,TRIPLE,1,1,1,False,-1
8319,TRIPLE,1,1,1,False,-1
8320,TRIPLE,1,1,1,False,-1
8321,TRIPLE,1,1,1,False,-1
8322,DOUBLE,1,1,0,False,-1
8323,TRIPLE,1,1,1,False,-1
8324,TRIPLE,1,1,1,False,-1
8325,SINGLE,1,0,0,False,-1
8326,TRIPLE,1,1,1,False,-1
8327,TRIPLE,1,1,1,False,-1
8328,DOUBLE,1,1,0,False,-1
8329,TRIPLE,1,1,1,False,-1
8330,TRIPLE,1,1,1,False,-1
8331,TRIPLE,1,1,1,False,-1
8332,TRIPLE,1,1,1,False,-1
8333,DOUBLE,1,1,0,False,-1
8334,DOUBLE,1,1,0,False,-1
8335,SINGLE,1,0,0,False,-1
8336,TRIPLE,1,1,1,False,-1
8337,DOUBLE,1,1,0,False,-1
8338,TRIPLE,1,1,1,False,-1
8339,TRIPLE,1,1,1,False,-1
8340,TRIPLE,1,1,1,False,-1
8341,TRIPLE,1,1,1,False,-1
8342,TRIPLE,1,1,1,False,-1
8343,TRIPLE,1,1,1,False,-1
8344,TRIPLE,1,1,1,False,-1
8345,TRIPLE,1,1,1,False,-1
8346,TRIPLE,1,1,1,False,-1
8347,TRIPLE,1,1,1,False,-1
8348,DOUBLE,1,1,0,False,-1
8349,DOUBLE,1,1,0,False,-1
8350,TRIPLE,1,1,1,False,-1
8351,TRIPLE,1,1,1,False,-1
8352,TRIPLE,1,1,1,False,-1
8353,TRIPLE,1,1,1,False,-1
8354,TRIPLE,1,1,1,False,-1
8355,TRIPLE,1,1,1,False,-1
8356,TRIPLE,1,1,1,False,-1
8357,TRIPLE,1,1,1,False,-1
8358,DOUBLE,1,1,0,False,-1
8359,DOUBLE,1,1,0,False,-1
8360,TRIPLE,1,1,1,False,-1
8361,TRIPLE,1,1,1,False,-1
8362,DOUBLE,1,1,0,False,-1
8363,TRIPLE,1,1,1,False,-1
8364,TRIPLE,1,1,1,False,-1
8365,TRIPLE,1,1,1,False,-1
8366,TRIPLE,1,1,1,False,-1
8367,TRIPLE,1,1,1,False,-1
8368,TRIPLE,1,1,1,False,-1
8369,DOUBLE,1,1,0,False,-1
8370,DOUBLE,1,1,0,False,-1
8371,TRIPLE,1,1,1,False,-1
8372,SINGLE,1,0,0,False,-1
8373,TRIPLE,1,1,1,False,-1
8374,SINGLE,1,0,0,False,-1
8375,TRIPLE,1,1,1,False,-1
8376,TRIPLE,1,1,1,False,-1
8377,TRIPLE,1,1,1,False,-1
8378,DOUBLE,1,1,0,False,-1
8379,TRIPLE,1,1,1,False,-1
8380,SINGLE,1,0,0,False,-1
8381,TRIPLE,1,1,1,False,-1
8382,TRIPLE,1,1,1,False,-1
8383,TRIPLE,1,1,1,False,-1
8384,DOUBLE,1,1,0,False,-1
8385,DOUBLE,1,1,0,False,-1
8386,DOUBLE,1,1,0,False,-1
8387,SINGLE,1,0,0,False,-1
8388,SINGLE,1,0,0,False,-1
8389,TRIPLE,1,1,1,False,-1
8390,TRIPLE,1,1,1,False,-1
8391,TRIPLE,1,1,1,False,-1
8392,TRIPLE,1,1,1,False,-1
8393,DOUBLE,1,1,0,False,-1
8394,TRIPLE,1,1,1,False,-1
8395,SINGLE,1,0,0,False,-1
8396,DOUBLE,1,1,0,False,-1
8397,TRIPLE,1,1,1,False,-1
8398,SINGLE,1,0,0,False,-1
8399,TRIPLE,1,1,1,False,-1
8400,DOUBLE,1,1,0,False,-1
8401,TRIPLE,1,1,1,False,-1
8402,TRIPLE,1,1,1,False,-1
8403,TRIPLE,1,1,1,False,-1
8404,TRIPLE,1,1,1,False,-1
8405,TRIPLE,1,1,1,False,-1
8406,SINGLE,1,0,0,False,-1
8407,SINGLE,1,0,0,False,-1
8408,DOUBLE,1,1,0,False,-1
8409,TRIPLE,1,1,1,False,-1
8410,SINGLE,1,0,0,False,-1
8411,DOUBLE,1,1,0,False,-1
8412,SINGLE,1,0,0,False,-1
8413,TRIPLE,1,1,1,False,-1
8414,TRIPLE,1,1,1,False,-1
8415,TRIPLE,1,1,1,False,-1
8416,TRIPLE,1,1,1,False,-1
8417,TRIPLE,1,1,1,False,-1
8418,DOUBLE,1,1,0,False,-1
8419,DOUBLE,1,1,0,False,-1
8420,TRIPLE,1,1,1,False,-1
8421,TRIPLE,1,1,1,False,-1
8422,TRIPLE,1,1,1,False,-1
8423,TRIPLE,1,1,1,False,-1
8424,TRIPLE,1,1,1,False,-1
8425,TRIPLE,1,1,1,False,-1
8426,SINGLE,1,0,0,False,-1
8427,TRIPLE,1,1,1,False,-1
8428,SINGLE,1,0,0,False,-1
8429,DOUBLE,1,1,0,False,-1
8430,TRIPLE,1,1,1,False,-1
8431,TRIPLE,1,1,1,False,-1
8432,SINGLE,1,0,0,False,-1
8433,DOUBLE,1,1,0,False,-1
8434,TRIPLE,1,1,1,False,-1
8435,DOUBLE,1,1,0,False,-1
8436,DOUBLE,1,1,0,False,-1
8437,DOUBLE,1,1,0,False,-1
8438,SINGLE,1,0,0,False,-1
8439,TRIPLE,1,1,1,False,-1
8440,TRIPLE,1,1,1,False,-1
8441,TRIPLE,1,1,1,False,-1
8442,TRIPLE,1,1,1,False,-1
8443,TRIPLE,1,1,1,False,-1
8444,TRIPLE,1,1,1,False,-1
8445,TRIPLE,1,1,1,False,-1
8446,TRIPLE,1,1,1,False,-1
8447,TRIPLE,1,1,1,False,-1
8448,TRIPLE,1,1,1,False,-1
8449,TRIPLE,1,1,1,False,-1
8450,SINGLE,1,0,0,False,-1
8451,DOUBLE,1,1,0,False,-1
8452,SINGLE,1,0,0,False,-1
8453,SINGLE,1,0,0,False,-1
8454,TRIPLE,1,1,1,False,-1
8455,TRIPLE,1,1,1,False,-1
8456,TRIPLE,1,1,1,False,-1
8457,DOUBLE,1,1,0,False,-1
8458,TRIPLE,1,1,1,False,-1
8459,TRIPLE,1,1,1,False,-1
8460,SINGLE,1,0,0,False,-1
8461,DOUBLE,1,1,0,False,-1
8462,DOUBLE,1,1,0,False,-1
8463,DOUBLE,1,1,0,False,-1
8464,DOUBLE,1,1,0,False,-1
8465,TRIPLE,1,1,1,False,-1
8466,SINGLE,1,0,0,False,-1
8467,TRIPLE,1,1,1,False,-1
8468,TRIPLE,1,1,1,False,-1
8469,TRIPLE,1,1,1,False,-1
8470,TRIPLE,1,1,1,False,-1
8471,TRIPLE,1,1,1,False,-1
8472,DOUBLE,1,1,0,False,-1
8473,TRIPLE,1,1,1,False,-1
8474,TRIPLE,1,1,1,False,-1
8475,TRIPLE,1,1,1,False,-1
8476,DOUBLE,1,1,0,False,-1
8477,TRIPLE,1,1,1,False,-1
8478,DOUBLE,1,1,0,False,-1
8479,TRIPLE,1,1,1,False,-1
8480,TRIPLE,1,1,1,False,-1
8481,TRIPLE,1,1,1,False,-1
8482,TRIPLE,1,1,1,False,-1
8483,TRIPLE,1,1,1,False,-1
8484,DOUBLE,1,1,0,False,-1
8485,TRIPLE,1,1,1,False,-1
8486,DOUBLE,1,1,0,False,-1
8487,TRIPLE,1,1,1,False,-1
8488,SINGLE,1,0,0,False,-1
8489,TRIPLE,1,1,1,False,-1
8490,TRIPLE,1,1,1,False,-1
8491,SINGLE,1,0,0,False,-1
8492,DOUBLE,1,1,0,False,-1
8493,TRIPLE,1,1,1,False,-1
8494,SINGLE,1,0,0,False,-1
8495,TRIPLE,1,1,1,False,-1
8496,TRIPLE,1,1,1,False,-1
8497,TRIPLE,1,1,1,False,-1
8498,SINGLE,1,0,0,False,-1
8499,DOUBLE,1,1,0,False,-1
8500,SINGLE,1,0,0,False,-1
8501,TRIPLE,1,1,1,False,-1
8502,DOUBLE,1,1,0,False,-1
8503,TRIPLE,1,1,1,False,-1
8504,TRIPLE,1,1,1,False,-1
8505,DOUBLE,1,1,0,False,-1
8506,DOUBLE,1,1,0,False,-1
8507,TRIPLE,1,1,1,False,-1
8508,TRIPLE,1,1,1,False,-1
8509,TRIPLE,1,1,1,False,-1
8510,TRIPLE,1,1,1,False,-1
8511,DOUBLE,1,1,0,False,-1
8512,TRIPLE,1,1,1,False,-1
8513,TRIPLE,1,1,1,False,-1
8514,SINGLE,1,0,0,False,-1
8515,TRIPLE,1,1,1,False,-1
8516,TRIPLE,1,1,1,False,-1
8517,TRIPLE,1,1,1,False,-1
8518,DOUBLE,1,1,0,False,-1
8519,TRIPLE,1,1,1,False,-1
8520,TRIPLE,1,1,1,False,-1
8521,TRIPLE,1,1,1,False,-1
8522,TRIPLE,1,1,1,False,-1
8523,TRIPLE,1,1,1,False,-1
8524,DOUBLE,1,1,0,False,-1
8525,SINGLE,1,0,0,False,-1
8526,SINGLE,1,0,0,False,-1
8527,DOUBLE,1,1,0,False,-1
8528,DOUBLE,1,1,0,False,-1
8529,TRIPLE,1,1,1,False,-1
8530,DOUBLE,1,1,0,False,-1
8531,DOUBLE,1,1,0,False,-1
8532,DOUBLE,1,1,0,False,-1
8533,TRIPLE,1,1,1,False,-1
8534,TRIPLE,1,1,1,False,-1
8535,TRIPLE,1,1,1,False,-1
8536,TRIPLE,1,1,1,False,-1
8537,TRIPLE,1,1,1,False,-1
8538,DOUBLE,1,1,0,False,-1
8539,TRIPLE,1,1,1,False,-1
8540,TRIPLE,1,1,1,False,-1
8541,TRIPLE,1,1,1,False,-1
8542,SINGLE,1,0,0,False,-1
8543,TRIPLE,1,1,1,False,-1
8544,TRIPLE,1,1,1,False,-1
8545,TRIPLE,1,1,1,False,-1
8546,TRIPLE,1,1,1,False,-1
8547,SINGLE,1,0,0,False,-1
8548,TRIPLE,1,1,1,False,-1
8549,TRIPLE,1,1,1,False,-1
8550,TRIPLE,1,1,1,False,-1
8551,TRIPLE,1,1,1,False,-1
8552,TRIPLE,1,1,1,False,-1
8553,TRIPLE,1,1,1,False,-1
8554,TRIPLE,1,1,1,False,-1
8555,TRIPLE,1,1,1,False,-1
8556,TRIPLE,1,1,1,False,-1
8557,TRIPLE,1,1,1,False,-1
8558,TRIPLE,1,1,1,False,-1
8559,SINGLE,1,0,0,False,-1
8560,TRIPLE,1,1,1,False,-1
8561,TRIPLE,1,1,1,False,-1
8562,TRIPLE,1,1,1,False,-1
8563,DOUBLE,1,1,0,False,-1
8564,TRIPLE,1,1,1,False,-1
8565,DOUBLE,1,1,0,False,-1
8566,TRIPLE,1,1,1,False,-1
8567,TRIPLE,1,1,1,False,-1
8568,TRIPLE,1,1,1,False,-1
8569,TRIPLE,1,1,1,False,-1
8570,TRIPLE,1,1,1,False,-1
8571,SINGLE,1,0,0,False,-1
8572,TRIPLE,1,1,1,False,-1
8573,DOUBLE,1,1,0,False,-1
8574,TRIPLE,1,1,1,False,-1
8575,TRIPLE,1,1,1,False,-1
8576,TRIPLE,1,1,1,False,-1
8577,SINGLE,1,0,0,False,-1
8578,TRIPLE,1,1,1,False,-1
8579,TRIPLE,1,1,1,False,-1
8580,TRIPLE,1,1,1,False,-1
8581,DOUBLE,1,1,0,False,-1
8582,TRIPLE,1,1,1,False,-1
8583,TRIPLE,1,1,1,False,-1
8584,DOUBLE,1,1,0,False,-1
8585,TRIPLE,1,1,1,False,-1
8586,TRIPLE,1,1,1,False,-1
8587,TRIPLE,1,1,1,False,-1
8588,SINGLE,1,0,0,False,-1
8589,TRIPLE,1,1,1,False,-1
8590,TRIPLE,1,1,1,False,-1
8591,TRIPLE,1,1,1,False,-1
8592,TRIPLE,1,1,1,False,-1
8593,TRIPLE,1,1,1,False,-1
8594,TRIPLE,1,1,1,False,-1
8595,DOUBLE,1,1,0,False,-1
8596,DOUBLE,1,1,0,False,-1
8597,TRIPLE,1,1,1,False,-1
8598,TRIPLE,1,1,1,False,-1
8599,TRIPLE,1,1,1,False,-1
8600,DOUBLE,1,1,0,False,-1
8601,TRIPLE,1,1,1,False,-1
8602,TRIPLE,1,1,1,False,-1
8603,TRIPLE,1,1,1,False,-1
8604,TRIPLE,1,1,1,False,-1
8605,TRIPLE,1,1,1,False,-1
8606,TRIPLE,1,1,1,False,-1
8607,TRIPLE,1,1,1,False,-1
8608,DOUBLE,1,1,0,False,-1
8609,TRIPLE,1,1,1,False,-1
8610,TRIPLE,1,1,1,False,-1
8611,DOUBLE,1,1,0,False,-1
8612,TRIPLE,1,1,1,False,-1
8613,TRIPLE,1,1,1,False,-1
8614,SINGLE,1,0,0,False,-1
8615,DOUBLE,1,1,0,False,-1
8616,TRIPLE,1,1,1,False,-1
8617,TRIPLE,1,1,1,False,-1
8618,DOUBLE,1,1,0,False,-1
8619,TRIPLE,1,1,1,False,-1
8620,TRIPLE,1,1,1,False,-1
8621,TRIPLE,1,1,1,False,-1
8622,SINGLE,1,0,0,False,-1
8623,DOUBLE,1,1,0,False,-1
8624,SINGLE,1,0,0,False,-1
8625,TRIPLE,1,1,1,False,-1
8626,SINGLE,1,0,0,False,-1
8627,TRIPLE,1,1,1,False,-1
8628,TRIPLE,1,1,1,False,-1
8629,SINGLE,1,0,0,False,-1
8630,TRIPLE,1,1,1,False,-1
8631,DOUBLE,1,1,0,False,-1
8632,TRIPLE,1,1,1,False,-1
8633,TRIPLE,1,1,1,False,-1
8634,TRIPLE,1,1,1,False,-1
8635,TRIPLE,1,1,1,False,-1
8636,DOUBLE,1,1,0,False,-1
8637,TRIPLE,1,1,1,False,-1
8638,TRIPLE,1,1,1,False,-1
8639,TRIPLE,1,1,1,False,-1
8640,DOUBLE,1,1,0,False,-1
8641,DOUBLE,1,1,0,False,-1
8642,SINGLE,1,0,0,False,-1
8643,SINGLE,1,0,0,False,-1
8644,TRIPLE,1,1,1,False,-1
8645,TRIPLE,1,1,1,False,-1
8646,DOUBLE,1,1,0,False,-1
8647,TRIPLE,1,1,1,False,-1
8648,TRIPLE,1,1,1,False,-1
8649,TRIPLE,1,1,1,False,-1
8650,DOUBLE,1,1,0,False,-1
8651,TRIPLE,1,1,1,False,-1
8652,DOUBLE,1,1,0,False,-1
8653,TRIPLE,1,1,1,False,-1
8654,TRIPLE,1,1,1,False,-1
8655,DOUBLE,1,1,0,False,-1
8656,TRIPLE,1,1,1,False,-1
8657,DOUBLE,1,1,0,False,-1
8658,TRIPLE,1,1,1,False,-1
8659,TRIPLE,1,1,1,False,-1
8660,TRIPLE,1,1,1,False,-1
8661,TRIPLE,1,1,1,False,-1
8662,SINGLE,1,0,0,False,-1
8663,TRIPLE,1,1,1,False,-1
8664,SINGLE,1,0,0,False,-1
8665,TRIPLE,1,1,1,False,-1
8666,DOUBLE,1,1,0,False,-1
8667,SINGLE,1,0,0,False,-1
8668,DOUBLE,1,1,0,False,-1
8669,TRIPLE,1,1,1,False,-1
8670,DOUBLE,1,1,0,False,-1
8671,TRIPLE,1,1,1,False,-1
8672,DOUBLE,1,1,0,False,-1
8673,TRIPLE,1,1,1,False,-1
8674,TRIPLE,1,1,1,False,-1
8675,TRIPLE,1,1,1,False,-1
8676,TRIPLE,1,1,1,False,-1
8677,DOUBLE,1,1,0,False,-1
8678,DOUBLE,1,1,0,False,-1
8679,TRIPLE,1,1,1,False,-1
8680,DOUBLE,1,1,0,False,-1
8681,TRIPLE,1,1,1,False,-1
8682,TRIPLE,1,1,1,False,-1
8683,DOUBLE,1,1,0,False,-1
8684,DOUBLE,1,1,0,False,-1
8685,TRIPLE,1,1,1,False,-1
8686,DOUBLE,1,1,0,False,-1
8687,SINGLE,1,0,0,False,-1
8688,TRIPLE,1,1,1,False,-1
8689,TRIPLE,1,1,1,False,-1
8690,DOUBLE,1,1,0,False,-1
8691,TRIPLE,1,1,1,False,-1
8692,TRIPLE,1,1,1,False,-1
8693,TRIPLE,1,1,1,False,-1
8694,SINGLE,1,0,0,False,-1
8695,TRIPLE,1,1,1,False,-1
8696,TRIPLE,1,1,1,False,-1
8697,TRIPLE,1,1,1,False,-1
8698,TRIPLE,1,1,1,False,-1
8699,TRIPLE,1,1,1,False,-1
8700,TRIPLE,1,1,1,False,-1
8701,TRIPLE,1,1,1,False,-1
8702,TRIPLE,1,1,1,False,-1
8703,DOUBLE,1,1,0,False,-1
8704,SINGLE,1,0,0,False,-1
8705,TRIPLE,1,1,1,False,-1
8706,SINGLE,1,0,0,False,-1
8707,TRIPLE,1,1,1,False,-1
8708,TRIPLE,1,1,1,False,-1
8709,TRIPLE,1,1,1,False,-1
8710,TRIPLE,1,1,1,False,-1
8711,DOUBLE,1,1,0,False,-1
8712,TRIPLE,1,1,1,False,-1
8713,TRIPLE,1,1,1,False,-1
8714,TRIPLE,1,1,1,False,-1
8715,TRIPLE,1,1,1,False,-1
8716,SINGLE,1,0,0,False,-1
8717,TRIPLE,1,1,1,False,-1
8718,TRIPLE,1,1,1,False,-1
8719,TRIPLE,1,1,1,False,-1
8720,TRIPLE,1,1,1,False,-1
8721,TRIPLE,1,1,1,False,-1
8722,TRIPLE,1,1,1,False,-1
8723,DOUBLE,1,1,0,False,-1
8724,TRIPLE,1,1,1,False,-1
8725,TRIPLE,1,1,1,False,-1
8726,TRIPLE,1,1,1,False,-1
8727,TRIPLE,1,1,1,False,-1
8728,TRIPLE,1,1,1,False,-1
8729,TRIPLE,1,1,1,False,-1
8730,TRIPLE,1,1,1,False,-1
8731,TRIPLE,1,1,1,False,-1
8732,SINGLE,1,0,0,False,-1
8733,SINGLE,1,0,0,False,-1
8734,SINGLE,1,0,0,False,-1
8735,SINGLE,1,0,0,False,-1
8736,SINGLE,1,0,0,False,-1
8737,TRIPLE,1,1,1,False,-1
8738,TRIPLE,1,1,1,False,-1
8739,TRIPLE,1,1,1,False,-1
8740,DOUBLE,1,1,0,False,-1
8741,TRIPLE,1,1,1,False,-1
8742,SINGLE,1,0,0,False,-1
8743,DOUBLE,1,1,0,False,-1
8744,TRIPLE,1,1,1,False,-1
8745,SINGLE,1,0,0,False,-1
8746,TRIPLE,1,1,1,False,-1
8747,TRIPLE,1,1,1,False,-1
8748,TRIPLE,1,1,1,False,-1
8749,TRIPLE,1,1,1,False,-1
8750,DOUBLE,1,1,0,False,-1
8751,TRIPLE,1,1,1,False,-1
8752,TRIPLE,1,1,1,False,-1
8753,TRIPLE,1,1,1,False,-1
8754,DOUBLE,1,1,0,False,-1
8755,TRIPLE,1,1,1,False,-1
8756,DOUBLE,1,1,0,False,-1
8757,TRIPLE,1,1,1,False,-1
8758,DOUBLE,1,1,0,False,-1
8759,DOUBLE,1,1,0,False,-1
8760,DOUBLE,1,1,0,False,-1
8761,DOUBLE,1,1,0,False,-1
8762,DOUBLE,1,1,0,False,-1
8763,TRIPLE,1,1,1,False,-1
8764,DOUBLE,1,1,0,False,-1
8765,DOUBLE,1,1,0,False,-1
8766,TRIPLE,1,1,1,False,-1
8767,SINGLE,1,0,0,False,-1
8768,TRIPLE,1,1,1,False,-1
8769,TRIPLE,1,1,1,False,-1
8770,TRIPLE,1,1,1,False,-1
8771,TRIPLE,1,1,1,False,-1
8772,TRIPLE,1,1,1,False,-1
8773,TRIPLE,1,1,1,False,-1
8774,TRIPLE,1,1,1,False,-1
8775,TRIPLE,1,1,1,False,-1
8776,DOUBLE,1,1,0,False,-1
8777,TRIPLE,1,1,1,False,-1
8778,TRIPLE,1,1,1,False,-1
8779,TRIPLE,1,1,1,False,-1
8780,SINGLE,1,0,0,False,-1
8781,DOUBLE,1,1,0,False,-1
8782,DOUBLE,1,1,0,False,-1
8783,TRIPLE,1,1,1,False,-1
8784,TRIPLE,1,1,1,False,-1
8785,TRIPLE,1,1,1,False,-1
8786,DOUBLE,1,1,0,False,-1
8787,SINGLE,1,0,0,False,-1
8788,TRIPLE,1,1,1,False,-1
8789,TRIPLE,1,1,1,False,-1
8790,DOUBLE,1,1,0,False,-1
8791,DOUBLE,1,1,0,False,-1
8792,TRIPLE,1,1,1,False,-1
8793,TRIPLE,1,1,1,False,-1
8794,TRIPLE,1,1,1,False,-1
8795,TRIPLE,1,1,1,False,-1
8796,DOUBLE,1,1,0,False,-1
8797,TRIPLE,1,1,1,False,-1
8798,TRIPLE,1,1,1,False,-1
8799,TRIPLE,1,1,1,False,-1
8800,DOUBLE,1,1,0,False,-1
8801,DOUBLE,1,1,0,False,-1
8802,TRIPLE,1,1,1,False,-1
8803,TRIPLE,1,1,1,False,-1
8804,TRIPLE,1,1,1,False,-1
8805,TRIPLE,1,1,1,False,-1
8806,DOUBLE,1,1,0,False,-1
8807,SINGLE,1,0,0,False,-1
8808,TRIPLE,1,1,1,False,-1
8809,DOUBLE,1,1,0,False,-1
8810,TRIPLE,1,1,1,False,-1
8811,TRIPLE,1,1,1,False,-1
8812,TRIPLE,1,1,1,False,-1
8813,DOUBLE,1,1,0,False,-1
8814,DOUBLE,1,1,0,False,-1
8815,TRIPLE,1,1,1,False,-1
8816,TRIPLE,1,1,1,False,-1
8817,TRIPLE,1,1,1,False,-1
8818,DOUBLE,1,1,0,False,-1
8819,TRIPLE,1,1,1,False,-1
8820,DOUBLE,1,1,0,False,-1
8821,DOUBLE,1,1,0,False,-1
8822,DOUBLE,1,1,0,False,-1
8823,TRIPLE,1,1,1,False,-1
8824,TRIPLE,1,1,1,False,-1
8825,TRIPLE,1,1,1,False,-1
8826,TRIPLE,1,1,1,False,-1
8827,SINGLE,1,0,0,False,-1
8828,DOUBLE,1,1,0,False,-1
8829,TRIPLE,1,1,1,False,-1
8830,DOUBLE,1,1,0,False,-1
8831,TRIPLE,1,1,1,False,-1
8832,DOUBLE,1,1,0,False,-1
8833,TRIPLE,1,1,1,False,-1
8834,DOUBLE,1,1,0,False,-1
8835,TRIPLE,1,1,1,False,-1
8836,DOUBLE,1,1,0,False,-1
8837,TRIPLE,1,1,1,False,-1
8838,DOUBLE,1,1,0,False,-1
8839,SINGLE,1,0,0,False,-1
8840,TRIPLE,1,1,1,False,-1
8841,DOUBLE,1,1,0,False,-1
8842,SINGLE,1,0,0,False,-1
8843,DOUBLE,1,1,0,False,-1
8844,TRIPLE,1,1,1,False,-1
8845,TRIPLE,1,1,1,False,-1
8846,TRIPLE,1,1,1,False,-1
8847,SINGLE,1,0,0,False,-1
8848,TRIPLE,1,1,1,False,-1
8849,TRIPLE,1,1,1,False,-1
8850,SINGLE,1,0,0,False,-1
8851,TRIPLE,1,1,1,False,-1
8852,TRIPLE,1,1,1,False,-1
8853,SINGLE,1,0,0,False,-1
8854,TRIPLE,1,1,1,False,-1
8855,TRIPLE,1,1,1,False,-1
8856,TRIPLE,1,1,1,False,-1
8857,TRIPLE,1,1,1,False,-1
8858,TRIPLE,1,1,1,False,-1
8859,SINGLE,1,0,0,False,-1
8860,TRIPLE,1,1,1,False,-1
8861,TRIPLE,1,1,1,False,-1
8862,TRIPLE,1,1,1,False,-1
8863,TRIPLE,1,1,1,False,-1
8864,SINGLE,1,0,0,False,-1
8865,TRIPLE,1,1,1,False,-1
8866,TRIPLE,1,1,1,False,-1
8867,TRIPLE,1,1,1,False,-1
8868,DOUBLE,1,1,0,False,-1
8869,TRIPLE,1,1,1,False,-1
8870,TRIPLE,1,1,1,False,-1
8871,DOUBLE,1,1,0,False,-1
8872,DOUBLE,1,1,0,False,-1
8873,TRIPLE,1,1,1,False,-1
8874,DOUBLE,1,1,0,False,-1
8875,TRIPLE,1,1,1,False,-1
8876,DOUBLE,1,1,0,False,-1
8877,SINGLE,1,0,0,False,-1
8878,TRIPLE,1,1,1,False,-1
8879,DOUBLE,1,1,0,False,-1
8880,TRIPLE,1,1,1,False,-1
8881,SINGLE,1,0,0,False,-1
8882,SINGLE,1,0,0,False,-1
8883,TRIPLE,1,1,1,False,-1
8884,SINGLE,1,0,0,False,-1
8885,TRIPLE,1,1,1,False,-1
8886,TRIPLE,1,1,1,False,-1
8887,DOUBLE,1,1,0,False,-1
8888,TRIPLE,1,1,1,False,-1
8889,TRIPLE,1,1,1,False,-1
8890,DOUBLE,1,1,0,False,-1
8891,DOUBLE,1,1,0,False,-1
8892,TRIPLE,1,1,1,False,-1
8893,TRIPLE,1,1,1,False,-1
8894,TRIPLE,1,1,1,False,-1
8895,TRIPLE,1,1,1,False,-1
8896,TRIPLE,1,1,1,False,-1
8897,DOUBLE,1,1,0,False,-1
8898,TRIPLE,1,1,1,False,-1
8899,TRIPLE,1,1,1,False,-1
8900,DOUBLE,1,1,0,False,-1
8901,TRIPLE,1,1,1,False,-1
8902,TRIPLE,1,1,1,False,-1
8903,TRIPLE,1,1,1,False,-1
8904,TRIPLE,1,1,1,False,-1
8905,TRIPLE,1,1,1,False,-1
8906,DOUBLE,1,1,0,False,-1
8907,DOUBLE,1,1,0,False,-1
8908,TRIPLE,1,1,1,False,-1
8909,TRIPLE,1,1,1,False,-1
8910,TRIPLE,1,1,1,False,-1
8911,TRIPLE,1,1,1,False,-1
8912,DOUBLE,1,1,0,False,-1
8913,TRIPLE,1,1,1,False,-1
8914,DOUBLE,1,1,0,False,-1
8915,TRIPLE,1,1,1,False,-1
8916,TRIPLE,1,1,1,False,-1
8917,TRIPLE,1,1,1,False,-1
8918,TRIPLE,1,1,1,False,-1
8919,SINGLE,1,0,0,False,-1
8920,DOUBLE,1,1,0,False,-1
8921,TRIPLE,1,1,1,False,-1
8922,TRIPLE,1,1,1,False,-1
8923,DOUBLE,1,1,0,False,-1
8924,DOUBLE,1,1,0,False,-1
8925,SINGLE,1,0,0,False,-1
8926,DOUBLE,1,1,0,False,-1
8927,TRIPLE,1,1,1,False,-1
8928,TRIPLE,1,1,1,False,-1
8929,DOUBLE,1,1,0,False,-1
8930,TRIPLE,1,1,1,False,-1
8931,TRIPLE,1,1,1,False,-1
8932,DOUBLE,1,1,0,False,-1
8933,TRIPLE,1,1,1,False,-1
8934,DOUBLE,1,1,0,False,-1
8935,TRIPLE,1,1,1,False,-1
8936,DOUBLE,1,1,0,False,-1
8937,TRIPLE,1,1,1,False,-1
8938,TRIPLE,1,1,1,False,-1
8939,TRIPLE,1,1,1,False,-1
8940,SINGLE,1,0,0,False,-1
8941,TRIPLE,1,1,1,False,-1
8942,DOUBLE,1,1,0,False,-1
8943,SINGLE,1,0,0,False,-1
8944,SINGLE,1,0,0,False,-1
8945,TRIPLE,1,1,1,False,-1
8946,SINGLE,1,0,0,False,-1
8947,TRIPLE,1,1,1,False,-1
8948,TRIPLE,1,1,1,False,-1
8949,TRIPLE,1,1,1,False,-1
8950,TRIPLE,1,1,1,False,-1
8951,DOUBLE,1,1,0,False,-1
8952,TRIPLE,1,1,1,False,-1
8953,TRIPLE,1,1,1,False,-1
8954,TRIPLE,1,1,1,False,-1
8955,DOUBLE,1,1,0,False,-1
8956,DOUBLE,1,1,0,False,-1
8957,TRIPLE,1,1,1,False,-1
8958,DOUBLE,1,1,0,False,-1
8959,TRIPLE,1,1,1,False,-1
8960,TRIPLE,1,1,1,False,-1
8961,DOUBLE,1,1,0,False,-1
8962,DOUBLE,1,1,0,False,-1
8963,TRIPLE,1,1,1,False,-1
8964,DOUBLE,1,1,0,False,-1
8965,TRIPLE,1,1,1,False,-1
8966,DOUBLE,1,1,0,False,-1
8967,SINGLE,1,0,0,False,-1
8968,TRIPLE,1,1,1,False,-1
8969,DOUBLE,1,1,0,False,-1
8970,TRIPLE,1,1,1,False,-1
8971,TRIPLE,1,1,1,False,-1
8972,TRIPLE,1,1,1,False,-1
8973,TRIPLE,1,1,1,False,-1
8974,DOUBLE,1,1,0,False,-1
8975,TRIPLE,1,1,1,False,-1
8976,DOUBLE,1,1,0,False,-1
8977,TRIPLE,1,1,1,False,-1
8978,SINGLE,1,0,0,False,-1
8979,TRIPLE,1,1,1,False,-1
8980,TRIPLE,1,1,1,False,-1
8981,SINGLE,1,0,0,False,-1
8982,TRIPLE,1,1,1,False,-1
8983,TRIPLE,1,1,1,False,-1
8984,DOUBLE,1,1,0,False,-1
8985,TRIPLE,1,1,1,False,-1
8986,TRIPLE,1,1,1,False,-1
8987,DOUBLE,1,1,0,False,-1
8988,TRIPLE,1,1,1,False,-1
8989,TRIPLE,1,1,1,False,-1
8990,TRIPLE,1,1,1,False,-1
8991,TRIPLE,1,1,1,False,-1
8992,TRIPLE,1,1,1,False,-1
8993,DOUBLE,1,1,0,False,-1
8994,SINGLE,1,0,0,False,-1
8995,TRIPLE,1,1,1,False,-1
8996,TRIPLE,1,1,1,False,-1
8997,SINGLE,1,0,0,False,-1
8998,TRIPLE,1,1,1,False,-1
8999,TRIPLE,1,1,1,False,-1
9000,DOUBLE,1,1,0,False,-1
9001,TRIPLE,1,1,1,False,-1
9002,DOUBLE,1,0,1,False,-1
9003,DOUBLE,1,1,0,False,-1
9004,TRIPLE,1,1,1,False,-1
9005,TRIPLE,1,1,1,False,-1
9006,TRIPLE,1,1,1,False,-1
9007,DOUBLE,1,1,0,False,-1
9008,SINGLE,1,0,0,False,-1
9009,SINGLE,1,0,0,False,-1
9010,TRIPLE,1,1,1,False,-1
9011,DOUBLE,1,1,0,False,-1
9012,TRIPLE,1,1,1,False,-1
9013,TRIPLE,1,1,1,False,-1
9014,TRIPLE,1,1,1,False,-1
9015,TRIPLE,1,1,1,False,-1
9016,TRIPLE,1,1,1,False,-1
9017,DOUBLE,1,1,0,False,-1
9018,TRIPLE,1,1,1,False,-1
9019,DOUBLE,1,1,0,False,-1
9020,TRIPLE,1,1,1,False,-1
9021,TRIPLE,1,1,1,False,-1
9022,DOUBLE,1,1,0,False,-1
9023,TRIPLE,1,1,1,False,-1
9024,DOUBLE,1,1,0,False,-1
9025,TRIPLE,1,1,1,False,-1
9026,TRIPLE,1,1,1,False,-1
9027,TRIPLE,1,1,1,False,-1
9028,TRIPLE,1,1,1,False,-1
9029,TRIPLE,1,1,1,False,-1
9030,DOUBLE,1,1,0,False,-1
9031,TRIPLE,1,1,1,False,-1
9032,DOUBLE,1,1,0,False,-1
9033,TRIPLE,1,1,1,False,-1
9034,TRIPLE,1,1,1,False,-1
9035,TRIPLE,1,1,1,False,-1
9036,TRIPLE,1,1,1,False,-1
9037,DOUBLE,1,1,0,False,-1
9038,DOUBLE,1,1,0,False,-1
9039,DOUBLE,1,1,0,False,-1
9040,DOUBLE,1,1,0,False,-1
9041,DOUBLE,1,1,0,False,-1
9042,TRIPLE,1,1,1,False,-1
9043,TRIPLE,1,1,1,False,-1
9044,TRIPLE,1,1,1,False,-1
9045,SINGLE,1,0,0,False,-1
9046,TRIPLE,1,1,1,False,-1
9047,TRIPLE,1,1,1,False,-1
9048,DOUBLE,1,1,0,False,-1
9049,TRIPLE,1,1,1,False,-1
9050,TRIPLE,1,1,1,False,-1
9051,TRIPLE,1,1,1,False,-1
9052,DOUBLE,1,1,0,False,-1
9053,TRIPLE,1,1,1,False,-1
9054,DOUBLE,1,1,0,False,-1
9055,TRIPLE,1,1,1,False,-1
9056,TRIPLE,1,1,1,False,-1
9057,TRIPLE,1,1,1,False,-1
9058,DOUBLE,1,1,0,False,-1
9059,TRIPLE,1,1,1,False,-1
9060,TRIPLE,1,1,1,False,-1
9061,TRIPLE,1,1,1,False,-1
9062,TRIPLE,1,1,1,False,-1
9063,SINGLE,1,0,0,False,-1
9064,TRIPLE,1,1,1,False,-1
9065,TRIPLE,1,1,1,False,-1
9066,TRIPLE,1,1,1,False,-1
9067,TRIPLE,1,1,1,False,-1
9068,DOUBLE,1,1,0,False,-1
9069,DOUBLE,1,1,0,False,-1
9070,TRIPLE,1,1,1,False,-1
9071,DOUBLE,1,1,0,False,-1
9072,TRIPLE,1,1,1,False,-1
9073,DOUBLE,1,1,0,False,-1
9074,TRIPLE,1,1,1,False,-1
9075,DOUBLE,1,1,0,False,-1
9076,TRIPLE,1,1,1,False,-1
9077,TRIPLE,1,1,1,False,-1
9078,TRIPLE,1,1,1,False,-1
9079,TRIPLE,1,1,1,False,-1
9080,TRIPLE,1,1,1,False,-1
9081,TRIPLE,1,1,1,False,-1
9082,TRIPLE,1,1,1,False,-1
9083,SINGLE,1,0,0,False,-1
9084,TRIPLE,1,1,1,False,-1
9085,TRIPLE,1,1,1,False,-1
9086,TRIPLE,1,1,1,False,-1
9087,TRIPLE,1,1,1,False,-1
9088,TRIPLE,1,1,1,False,-1
9089,TRIPLE,1,1,1,False,-1
9090,TRIPLE,1,1,1,False,-1
9091,TRIPLE,1,1,1,False,-1
9092,TRIPLE,1,1,1,False,-1
9093,SINGLE,1,0,0,False,-1
9094,DOUBLE,1,1,0,False,-1
9095,TRIPLE,1,1,1,False,-1
9096,TRIPLE,1,1,1,False,-1
9097,TRIPLE,1,1,1,False,-1
9098,DOUBLE,1,1,0,False,-1
9099,TRIPLE,1,1,1,False,-1
9100,DOUBLE,1,1,0,False,-1
9101,TRIPLE,1,1,1,False,-1
9102,SINGLE,1,0,0,False,-1
9103,TRIPLE,1,1,1,False,-1
9104,TRIPLE,1,1,1,False,-1
9105,DOUBLE,1,1,0,False,-1
9106,SINGLE,1,0,0,False,-1
9107,TRIPLE,1,1,1,False,-1
9108,TRIPLE,1,1,1,False,-1
9109,TRIPLE,1,1,1,False,-1
9110,TRIPLE,1,1,1,False,-1
9111,TRIPLE,1,1,1,False,-1
9112,DOUBLE,1,1,0,False,-1
9113,TRIPLE,1,1,1,False,-1
9114,DOUBLE,1,1,0,False,-1
9115,TRIPLE,1,1,1,False,-1
9116,TRIPLE,1,1,1,False,-1
9117,DOUBLE,1,1,0,False,-1
9118,TRIPLE,1,1,1,False,-1
9119,TRIPLE,1,1,1,False,-1
9120,TRIPLE,1,1,1,False,-1
9121,TRIPLE,1,1,1,False,-1
9122,TRIPLE,1,1,1,False,-1
9123,TRIPLE,1,1,1,False,-1
9124,TRIPLE,1,1,1,False,-1
9125,SINGLE,1,0,0,False,-1
9126,DOUBLE,1,1,0,False,-1
9127,TRIPLE,1,1,1,False,-1
9128,DOUBLE,1,1,0,False,-1
9129,SINGLE,1,0,0,False,-1
9130,TRIPLE,1,1,1,False,-1
9131,DOUBLE,1,1,0,False,-1
9132,TRIPLE,1,1,1,False,-1
9133,TRIPLE,1,1,1,False,-1
9134,DOUBLE,1,1,0,False,-1
9135,SINGLE,1,0,0,False,-1
9136,DOUBLE,1,1,0,False,-1
9137,TRIPLE,1,1,1,False,-1
9138,TRIPLE,1,1,1,False,-1
9139,SINGLE,1,0,0,False,-1
9140,TRIPLE,1,1,1,False,-1
9141,DOUBLE,1,1,0,False,-1
9142,DOUBLE,1,1,0,False,-1
9143,TRIPLE,1,1,1,False,-1
9144,TRIPLE,1,1,1,False,-1
9145,TRIPLE,1,1,1,False,-1
9146,TRIPLE,1,1,1,False,-1
9147,DOUBLE,1,1,0,False,-1
9148,SINGLE,1,0,0,False,-1
9149,TRIPLE,1,1,1,False,-1
9150,SINGLE,1,0,0,False,-1
9151,SINGLE,1,0,0,False,-1
9152,TRIPLE,1,1,1,False,-1
9153,SINGLE,1,0,0,False,-1
9154,SINGLE,1,0,0,False,-1
9155,DOUBLE,1,1,0,False,-1
9156,TRIPLE,1,1,1,False,-1
9157,TRIPLE,1,1,1,False,-1
9158,TRIPLE,1,1,1,False,-1
9159,TRIPLE,1,1,1,False,-1
9160,TRIPLE,1,1,1,False,-1
9161,TRIPLE,1,1,1,False,-1
9162,SINGLE,1,0,0,False,-1
9163,TRIPLE,1,1,1,False,-1
9164,TRIPLE,1,1,1,False,-1
9165,DOUBLE,1,1,0,False,-1
9166,TRIPLE,1,1,1,False,-1
9167,TRIPLE,1,1,1,False,-1
9168,SINGLE,1,0,0,False,-1
9169,DOUBLE,1,1,0,False,-1
9170,TRIPLE,1,1,1,False,-1
9171,SINGLE,1,0,0,False,-1
9172,TRIPLE,1,1,1,False,-1
9173,SINGLE,1,0,0,False,-1
9174,TRIPLE,1,1,1,False,-1
9175,TRIPLE,1,1,1,False,-1
9176,TRIPLE,1,1,1,False,-1
9177,TRIPLE,1,1,1,False,-1
9178,TRIPLE,1,1,1,False,-1
9179,TRIPLE,1,1,1,False,-1
9180,TRIPLE,1,1,1,False,-1
9181,TRIPLE,1,1,1,False,-1
9182,TRIPLE,1,1,1,False,-1
9183,TRIPLE,1,1,1,False,-1
9184,TRIPLE,1,1,1,False,-1
9185,DOUBLE,1,1,0,False,-1
9186,TRIPLE,1,1,1,False,-1
9187,DOUBLE,1,1,0,False,-1
9188,DOUBLE,1,1,0,False,-1
9189,TRIPLE,1,1,1,False,-1
9190,TRIPLE,1,1,1,False,-1
9191,TRIPLE,1,1,1,False,-1
9192,TRIPLE,1,1,1,False,-1
9193,SINGLE,1,0,0,False,-1
9194,TRIPLE,1,1,1,False,-1
9195,DOUBLE,1,1,0,False,-1
9196,DOUBLE,1,1,0,False,-1
9197,DOUBLE,1,1,0,False,-1
9198,TRIPLE,1,1,1,False,-1
9199,TRIPLE,1,1,1,False,-1
9200,SINGLE,1,0,0,False,-1
9201,TRIPLE,1,1,1,False,-1
9202,TRIPLE,1,1,1,False,-1
9203,TRIPLE,1,1,1,False,-1
9204,TRIPLE,1,1,1,False,-1
9205,SINGLE,1,0,0,False,-1
9206,TRIPLE,1,1,1,False,-1
9207,DOUBLE,1,1,0,False,-1
9208,TRIPLE,1,1,1,False,-1
9209,TRIPLE,1,1,1,False,-1
9210,TRIPLE,1,1,1,False,-1
9211,TRIPLE,1,1,1,False,-1
9212,TRIPLE,1,1,1,False,-1
9213,TRIPLE,1,1,1,False,-1
9214,TRIPLE,1,1,1,False,-1
9215,TRIPLE,1,1,1,False,-1
9216,DOUBLE,1,1,0,False,-1
9217,TRIPLE,1,1,1,False,-1
9218,TRIPLE,1,1,1,False,-1
9219,TRIPLE,1,1,1,False,-1
9220,DOUBLE,1,1,0,False,-1
9221,DOUBLE,1,1,0,False,-1
9222,DOUBLE,1,1,0,False,-1
9223,TRIPLE,1,1,1,False,-1
9224,DOUBLE,1,1,0,False,-1
9225,TRIPLE,1,1,1,False,-1
9226,SINGLE,1,0,0,False,-1
9227,TRIPLE,1,1,1,False,-1
9228,SINGLE,1,0,0,False,-1
9229,TRIPLE,1,1,1,False,-1
9230,TRIPLE,1,1,1,False,-1
9231,TRIPLE,1,1,1,False,-1
9232,TRIPLE,1,1,1,False,-1
9233,SINGLE,1,0,0,False,-1
9234,TRIPLE,1,1,1,False,-1
9235,TRIPLE,1,1,1,False,-1
9236,DOUBLE,1,1,0,False,-1
9237,DOUBLE,1,1,0,False,-1
9238,DOUBLE,1,1,0,False,-1
9239,DOUBLE,1,1,0,False,-1
9240,TRIPLE,1,1,1,False,-1
9241,SINGLE,1,0,0,False,-1
9242,TRIPLE,1,1,1,False,-1
9243,TRIPLE,1,1,1,False,-1
9244,SINGLE,1,0,0,False,-1
9245,DOUBLE,1,1,0,False,-1
9246,TRIPLE,1,1,1,False,-1
9247,DOUBLE,1,1,0,False,-1
9248,TRIPLE,1,1,1,False,-1
9249,TRIPLE,1,1,1,False,-1
9250,TRIPLE,1,1,1,False,-1
9251,TRIPLE,1,1,1,False,-1
9252,SINGLE,1,0,0,False,-1
9253,SINGLE,1,0,0,False,-1
9254,DOUBLE,1,1,0,False,-1
9255,SINGLE,1,0,0,False,-1
9256,TRIPLE,1,1,1,False,-1
9257,TRIPLE,1,1,1,False,-1
9258,TRIPLE,1,1,1,False,-1
9259,TRIPLE,1,1,1,False,-1
9260,TRIPLE,1,1,1,False,-1
9261,DOUBLE,1,1,0,False,-1
9262,DOUBLE,1,1,0,False,-1
9263,SINGLE,1,0,0,False,-1
9264,DOUBLE,1,1,0,False,-1
9265,TRIPLE,1,1,1,False,-1
9266,DOUBLE,1,1,0,False,-1
9267,TRIPLE,1,1,1,False,-1
9268,DOUBLE,1,1,0,False,-1
9269,TRIPLE,1,1,1,False,-1
9270,TRIPLE,1,1,1,False,-1
9271,SINGLE,1,0,0,False,-1
9272,DOUBLE,1,1,0,False,-1
9273,TRIPLE,1,1,1,False,-1
9274,SINGLE,1,0,0,False,-1
9275,TRIPLE,1,1,1,False,-1
9276,DOUBLE,1,1,0,False,-1
9277,TRIPLE,1,1,1,False,-1
9278,DOUBLE,1,1,0,False,-1
9279,TRIPLE,1,1,1,False,-1
9280,DOUBLE,1,1,0,False,-1
9281,SINGLE,1,0,0,False,-1
9282,TRIPLE,1,1,1,False,-1
9283,TRIPLE,1,1,1,False,-1
9284,TRIPLE,1,1,1,False,-1
9285,TRIPLE,1,1,1,False,-1
9286,TRIPLE,1,1,1,False,-1
9287,TRIPLE,1,1,1,False,-1
9288,DOUBLE,1,1,0,False,-1
9289,TRIPLE,1,1,1,False,-1
9290,TRIPLE,1,1,1,False,-1
9291,DOUBLE,1,1,0,False,-1
9292,TRIPLE,1,1,1,False,-1
9293,DOUBLE,1,1,0,False,-1
9294,TRIPLE,1,1,1,False,-1
9295,DOUBLE,1,1,0,False,-1
9296,TRIPLE,1,1,1,False,-1
9297,TRIPLE,1,1,1,False,-1
9298,SINGLE,1,0,0,False,-1
9299,TRIPLE,1,1,1,False,-1
9300,TRIPLE,1,1,1,False,-1
9301,TRIPLE,1,1,1,False,-1
9302,TRIPLE,1,1,1,False,-1
9303,TRIPLE,1,1,1,False,-1
9304,DOUBLE,1,1,0,False,-1
9305,SINGLE,1,0,0,False,-1
9306,TRIPLE,1,1,1,False,-1
9307,DOUBLE,1,1,0,False,-1
9308,TRIPLE,1,1,1,False,-1
9309,DOUBLE,1,1,0,False,-1
9310,TRIPLE,1,1,1,False,-1
9311,SINGLE,1,0,0,False,-1
9312,TRIPLE,1,1,1,False,-1
9313,SINGLE,1,0,0,False,-1
9314,TRIPLE,1,1,1,False,-1
9315,TRIPLE,1,1,1,False,-1
9316,TRIPLE,1,1,1,False,-1
9317,TRIPLE,1,1,1,False,-1
9318,DOUBLE,1,1,0,False,-1
9319,DOUBLE,1,1,0,False,-1
9320,DOUBLE,1,1,0,False,-1
9321,TRIPLE,1,1,1,False,-1
9322,DOUBLE,1,1,0,False,-1
9323,DOUBLE,1,1,0,False,-1
9324,TRIPLE,1,1,1,False,-1
9325,TRIPLE,1,1,1,False,-1
9326,TRIPLE,1,1,1,False,-1
9327,TRIPLE,1,1,1,False,-1
9328,DOUBLE,1,1,0,False,-1
9329,TRIPLE,1,1,1,False,-1
9330,TRIPLE,1,1,1,False,-1
9331,SINGLE,1,0,0,False,-1
9332,DOUBLE,1,1,0,False,-1
9333,DOUBLE,1,1,0,False,-1
9334,DOUBLE,1,1,0,False,-1
9335,DOUBLE,1,1,0,False,-1
9336,TRIPLE,1,1,1,False,-1
9337,SINGLE,1,0,0,False,-1
9338,TRIPLE,1,1,1,False,-1
9339,TRIPLE,1,1,1,False,-1
9340,TRIPLE,1,1,1,False,-1
9341,SINGLE,1,0,0,False,-1
9342,DOUBLE,1,1,0,False,-1
9343,SINGLE,1,0,0,False,-1
9344,TRIPLE,1,1,1,False,-1
9345,DOUBLE,1,1,0,False,-1
9346,DOUBLE,1,1,0,False,-1
9347,TRIPLE,1,1,1,False,-1
9348,DOUBLE,1,1,0,False,-1
9349,TRIPLE,1,1,1,False,-1
9350,TRIPLE,1,1,1,False,-1
9351,DOUBLE,1,1,0,False,-1
9352,DOUBLE,1,1,0,False,-1
9353,TRIPLE,1,1,1,False,-1
9354,TRIPLE,1,1,1,False,-1
9355,TRIPLE,1,1,1,False,-1
9356,TRIPLE,1,1,1,False,-1
9357,TRIPLE,1,1,1,False,-1
9358,TRIPLE,1,1,1,False,-1
9359,TRIPLE,1,1,1,False,-1
9360,SINGLE,1,0,0,False,-1
9361,SINGLE,1,0,0,False,-1
9362,DOUBLE,1,1,0,False,-1
9363,SINGLE,1,0,0,False,-1
9364,TRIPLE,1,1,1,False,-1
9365,DOUBLE,1,1,0,False,-1
9366,TRIPLE,1,1,1,False,-1
9367,DOUBLE,1,1,0,False,-1
9368,TRIPLE,1,1,1,False,-1
9369,DOUBLE,1,1,0,False,-1
9370,DOUBLE,1,1,0,False,-1
9371,SINGLE,1,0,0,False,-1
9372,DOUBLE,1,1,0,False,-1
9373,TRIPLE,1,1,1,False,-1
9374,TRIPLE,1,1,1,False,-1
9375,DOUBLE,1,1,0,False,-1
9376,DOUBLE,1,1,0,False,-1
9377,TRIPLE,1,1,1,False,-1
9378,TRIPLE,1,1,1,False,-1
9379,TRIPLE,1,1,1,False,-1
9380,TRIPLE,1,1,1,False,-1
9381,SINGLE,1,0,0,False,-1
9382,TRIPLE,1,1,1,False,-1
9383,TRIPLE,1,1,1,False,-1
9384,TRIPLE,1,1,1,False,-1
9385,TRIPLE,1,1,1,False,-1
9386,TRIPLE,1,1,1,False,-1
9387,TRIPLE,1,1,1,False,-1
9388,SINGLE,1,0,0,False,-1
9389,DOUBLE,1,1,0,False,-1
9390,SINGLE,1,0,0,False,-1
9391,SINGLE,1,0,0,False,-1
9392,SINGLE,1,0,0,False,-1
9393,DOUBLE,1,1,0,False,-1
9394,DOUBLE,1,1,0,False,-1
9395,TRIPLE,1,1,1,False,-1
9396,TRIPLE,1,1,1,False,-1
9397,TRIPLE,1,1,1,False,-1
9398,TRIPLE,1,1,1,False,-1
9399,TRIPLE,1,1,1,False,-1
9400,SINGLE,1,0,0,False,-1
9401,DOUBLE,1,1,0,False,-1
9402,TRIPLE,1,1,1,False,-1
9403,TRIPLE,1,1,1,False,-1
9404,TRIPLE,1,1,1,False,-1
9405,TRIPLE,1,1,1,False,-1
9406,DOUBLE,1,1,0,False,-1
9407,SINGLE,1,0,0,False,-1
9408,TRIPLE,1,1,1,False,-1
9409,TRIPLE,1,1,1,False,-1
9410,SINGLE,1,0,0,False,-1
9411,TRIPLE,1,1,1,False,-1
9412,SINGLE,1,0,0,False,-1
9413,SINGLE,1,0,0,False,-1
9414,DOUBLE,1,1,0,False,-1
9415,SINGLE,1,0,0,False,-1
9416,TRIPLE,1,1,1,False,-1
9417,TRIPLE,1,1,1,False,-1
9418,TRIPLE,1,1,1,False,-1
9419,DOUBLE,1,1,0,False,-1
9420,TRIPLE,1,1,1,False,-1
9421,DOUBLE,1,1,0,False,-1
9422,DOUBLE,1,1,0,False,-1
9423,TRIPLE,1,1,1,False,-1
9424,TRIPLE,1,1,1,False,-1
9425,DOUBLE,1,1,0,False,-1
9426,TRIPLE,1,1,1,False,-1
9427,TRIPLE,1,1,1,False,-1
9428,SINGLE,1,0,0,False,-1
9429,DOUBLE,1,1,0,False,-1
9430,TRIPLE,1,1,1,False,-1
9431,DOUBLE,1,1,0,False,-1
9432,TRIPLE,1,1,1,False,-1
9433,TRIPLE,1,1,1,False,-1
9434,DOUBLE,1,1,0,False,-1
9435,DOUBLE,1,1,0,False,-1
9436,TRIPLE,1,1,1,False,-1
9437,DOUBLE,1,1,0,False,-1
9438,SINGLE,1,0,0,False,-1
9439,DOUBLE,1,1,0,False,-1
9440,TRIPLE,1,1,1,False,-1
9441,TRIPLE,1,1,1,False,-1
9442,SINGLE,1,0,0,False,-1
9443,TRIPLE,1,1,1,False,-1
9444,DOUBLE,1,1,0,False,-1
9445,SINGLE,1,0,0,False,-1
9446,TRIPLE,1,1,1,False,-1
9447,TRIPLE,1,1,1,False,-1
9448,SINGLE,1,0,0,False,-1
9449,DOUBLE,1,1,0,False,-1
9450,TRIPLE,1,1,1,False,-1
9451,SINGLE,1,0,0,False,-1
9452,DOUBLE,1,1,0,False,-1
9453,DOUBLE,1,1,0,False,-1
9454,DOUBLE,1,1,0,False,-1
9455,SINGLE,1,0,0,False,-1
9456,TRIPLE,1,1,1,False,-1
9457,DOUBLE,1,1,0,False,-1
9458,SINGLE,1,0,0,False,-1
9459,DOUBLE,1,1,0,False,-1
9460,TRIPLE,1,1,1,False,-1
9461,TRIPLE,1,1,1,False,-1
9462,TRIPLE,1,1,1,False,-1
9463,TRIPLE,1,1,1,False,-1
9464,TRIPLE,1,1,1,False,-1
9465,DOUBLE,1,1,0,False,-1
9466,DOUBLE,1,1,0,False,-1
9467,TRIPLE,1,1,1,False,-1
9468,TRIPLE,1,1,1,False,-1
9469,TRIPLE,1,1,1,False,-1
9470,SINGLE,1,0,0,False,-1
9471,TRIPLE,1,1,1,False,-1
9472,DOUBLE,1,1,0,False,-1
9473,TRIPLE,1,1,1,False,-1
9474,DOUBLE,1,1,0,False,-1
9475,TRIPLE,1,1,1,False,-1
9476,DOUBLE,1,1,0,False,-1
9477,DOUBLE,1,1,0,False,-1
9478,TRIPLE,1,1,1,False,-1
9479,TRIPLE,1,1,1,False,-1
9480,TRIPLE,1,1,1,False,-1
9481,TRIPLE,1,1,1,False,-1
9482,TRIPLE,1,1,1,False,-1
9483,TRIPLE,1,1,1,False,-1
9484,TRIPLE,1,1,1,False,-1
9485,TRIPLE,1,1,1,False,-1
9486,TRIPLE,1,1,1,False,-1
9487,TRIPLE,1,1,1,False,-1
9488,TRIPLE,1,1,1,False,-1
9489,TRIPLE,1,1,1,False,-1
9490,SINGLE,1,0,0,False,-1
9491,TRIPLE,1,1,1,False,-1
9492,TRIPLE,1,1,1,False,-1
9493,TRIPLE,1,1,1,False,-1
9494,DOUBLE,1,1,0,False,-1
9495,DOUBLE,1,1,0,False,-1
9496,TRIPLE,1,1,1,False,-1
9497,DOUBLE,1,1,0,False,-1
9498,TRIPLE,1,1,1,False,-1
9499,DOUBLE,1,1,0,False,-1
9500,TRIPLE,1,1,1,False,-1
9501,TRIPLE,1,1,1,False,-1
9502,SINGLE,1,0,0,False,-1
9503,DOUBLE,1,1,0,False,-1
9504,TRIPLE,1,1,1,False,-1
9505,TRIPLE,1,1,1,False,-1
9506,SINGLE,1,0,0,False,-1
9507,TRIPLE,1,1,1,False,-1
9508,TRIPLE,1,1,1,False,-1
9509,TRIPLE,1,1,1,False,-1
9510,TRIPLE,1,1,1,False,-1
9511,TRIPLE,1,1,1,False,-1
9512,SINGLE,1,0,0,False,-1
9513,TRIPLE,1,1,1,False,-1
9514,DOUBLE,1,1,0,False,-1
9515,TRIPLE,1,1,1,False,-1
9516,TRIPLE,1,1,1,False,-1
9517,TRIPLE,1,1,1,False,-1
9518,SINGLE,1,0,0,False,-1
9519,TRIPLE,1,1,1,False,-1
9520,DOUBLE,1,1,0,False,-1
9521,TRIPLE,1,1,1,False,-1
9522,TRIPLE,1,1,1,False,-1
9523,DOUBLE,1,1,0,False,-1
9524,DOUBLE,1,1,0,False,-1
9525,TRIPLE,1,1,1,False,-1
9526,DOUBLE,1,1,0,False,-1
9527,TRIPLE,1,1,1,False,-1
9528,TRIPLE,1,1,1,False,-1
9529,DOUBLE,1,1,0,False,-1
9530,TRIPLE,1,1,1,False,-1
9531,DOUBLE,1,1,0,False,-1
9532,TRIPLE,1,1,1,False,-1
9533,DOUBLE,1,1,0,False,-1
9534,SINGLE,1,0,0,False,-1
9535,TRIPLE,1,1,1,False,-1
9536,DOUBLE,1,1,0,False,-1
9537,TRIPLE,1,1,1,False,-1
9538,SINGLE,1,0,0,False,-1
9539,TRIPLE,1,1,1,False,-1
9540,TRIPLE,1,1,1,False,-1
9541,TRIPLE,1,1,1,False,-1
9542,DOUBLE,1,1,0,False,-1
9543,TRIPLE,1,1,1,False,-1
9544,TRIPLE,1,1,1,False,-1
9545,TRIPLE,1,1,1,False,-1
9546,DOUBLE,1,1,0,False,-1
9547,DOUBLE,1,1,0,False,-1
9548,TRIPLE,1,1,1,False,-1
9549,DOUBLE,1,1,0,False,-1
9550,DOUBLE,1,1,0,False,-1
9551,TRIPLE,1,1,1,False,-1
9552,TRIPLE,1,1,1,False,-1
9553,TRIPLE,1,1,1,False,-1
9554,TRIPLE,1,1,1,False,-1
9555,TRIPLE,1,1,1,False,-1
9556,DOUBLE,1,1,0,False,-1
9557,TRIPLE,1,1,1,False,-1
9558,DOUBLE,1,1,0,False,-1
9559,DOUBLE,1,1,0,False,-1
9560,DOUBLE,1,1,0,False,-1
9561,SINGLE,1,0,0,False,-1
9562,TRIPLE,1,1,1,False,-1
9563,TRIPLE,1,1,1,False,-1
9564,TRIPLE,1,1,1,False,-1
9565,DOUBLE,1,1,0,False,-1
9566,DOUBLE,1,1,0,False,-1
9567,DOUBLE,1,1,0,False,-1
9568,TRIPLE,1,1,1,False,-1
9569,TRIPLE,1,1,1,False,-1
9570,TRIPLE,1,1,1,False,-1
9571,TRIPLE,1,1,1,False,-1
9572,TRIPLE,1,1,1,False,-1
9573,SINGLE,1,0,0,False,-1
9574,SINGLE,1,0,0,False,-1
9575,DOUBLE,1,1,0,False,-1
9576,DOUBLE,1,1,0,False,-1
9577,TRIPLE,1,1,1,False,-1
9578,SINGLE,1,0,0,False,-1
9579,DOUBLE,1,1,0,False,-1
9580,TRIPLE,1,1,1,False,-1
9581,TRIPLE,1,1,1,False,-1
9582,SINGLE,1,0,0,False,-1
9583,TRIPLE,1,1,1,False,-1
9584,TRIPLE,1,1,1,False,-1
9585,TRIPLE,1,1,1,False,-1
9586,SINGLE,1,0,0,False,-1
9587,DOUBLE,1,1,0,False,-1
9588,DOUBLE,1,1,0,False,-1
9589,TRIPLE,1,1,1,False,-1
9590,DOUBLE,1,1,0,False,-1
9591,TRIPLE,1,1,1,False,-1
9592,SINGLE,1,0,0,False,-1
9593,TRIPLE,1,1,1,False,-1
9594,TRIPLE,1,1,1,False,-1
9595,DOUBLE,1,1,0,False,-1
9596,SINGLE,1,0,0,False,-1
9597,DOUBLE,1,1,0,False,-1
9598,DOUBLE,1,1,0,False,-1
9599,TRIPLE,1,1,1,False,-1
9600,TRIPLE,1,1,1,False,-1
9601,DOUBLE,1,1,0,False,-1
9602,TRIPLE,1,1,1,False,-1
9603,SINGLE,1,0,0,False,-1
9604,DOUBLE,1,1,0,False,-1
9605,SINGLE,1,0,0,False,-1
9606,TRIPLE,1,1,1,False,-1
9607,TRIPLE,1,1,1,False,-1
9608,TRIPLE,1,1,1,False,-1
9609,DOUBLE,1,1,0,False,-1
9610,DOUBLE,1,1,0,False,-1
9611,DOUBLE,1,1,0,False,-1
9612,SINGLE,1,0,0,False,-1
9613,DOUBLE,1,1,0,False,-1
9614,TRIPLE,1,1,1,False,-1
9615,TRIPLE,1,1,1,False,-1
9616,DOUBLE,1,1,0,False,-1
9617,DOUBLE,1,1,0,False,-1
9618,DOUBLE,1,1,0,False,-1
9619,DOUBLE,1,1,0,False,-1
9620,DOUBLE,1,1,0,False,-1
9621,TRIPLE,1,1,1,False,-1
9622,TRIPLE,1,1,1,False,-1
9623,TRIPLE,1,1,1,False,-1
9624,SINGLE,1,0,0,False,-1
9625,TRIPLE,1,1,1,False,-1
9626,DOUBLE,1,1,0,False,-1
9627,DOUBLE,1,1,0,False,-1
9628,TRIPLE,1,1,1,False,-1
9629,SINGLE,1,0,0,False,-1
9630,TRIPLE,1,1,1,False,-1
9631,TRIPLE,1,1,1,False,-1
9632,TRIPLE,1,1,1,False,-1
9633,TRIPLE,1,1,1,False,-1
9634,DOUBLE,1,1,0,False,-1
9635,TRIPLE,1,1,1,False,-1
9636,DOUBLE,1,1,0,False,-1
9637,TRIPLE,1,1,1,False,-1
9638,DOUBLE,1,1,0,False,-1
9639,DOUBLE,1,1,0,False,-1
9640,DOUBLE,1,1,0,False,-1
9641,DOUBLE,1,1,0,False,-1
9642,TRIPLE,1,1,1,False,-1
9643,TRIPLE,1,1,1,False,-1
9644,DOUBLE,1,1,0,False,-1
9645,TRIPLE,1,1,1,False,-1
9646,TRIPLE,1,1,1,False,-1
9647,TRIPLE,1,1,1,False,-1
9648,TRIPLE,1,1,1,False,-1
9649,TRIPLE,1,1,1,False,-1
9650,TRIPLE,1,1,1,False,-1
9651,TRIPLE,1,1,1,False,-1
9652,TRIPLE,1,1,1,False,-1
9653,TRIPLE,1,1,1,False,-1
9654,TRIPLE,1,1,1,False,-1
9655,TRIPLE,1,1,1,False,-1
9656,DOUBLE,1,1,0,False,-1
9657,TRIPLE,1,1,1,False,-1
9658,TRIPLE,1,1,1,False,-1
9659,TRIPLE,1,1,1,False,-1
9660,TRIPLE,1,1,1,False,-1
9661,TRIPLE,1,1,1,False,-1
9662,TRIPLE,1,1,1,False,-1
9663,DOUBLE,1,0,1,False,-1
9664,TRIPLE,1,1,1,False,-1
9665,TRIPLE,1,1,1,False,-1
9666,TRIPLE,1,1,1,False,-1
9667,DOUBLE,1,1,0,False,-1
9668,TRIPLE,1,1,1,False,-1
9669,TRIPLE,1,1,1,False,-1
9670,TRIPLE,1,1,1,False,-1
9671,SINGLE,1,0,0,False,-1
9672,TRIPLE,1,1,1,False,-1
9673,DOUBLE,1,1,0,False,-1
9674,TRIPLE,1,1,1,False,-1
9675,TRIPLE,1,1,1,False,-1
9676,TRIPLE,1,1,1,False,-1
9677,TRIPLE,1,1,1,False,-1
9678,TRIPLE,1,1,1,False,-1
9679,TRIPLE,1,1,1,False,-1
9680,DOUBLE,1,1,0,False,-1
9681,TRIPLE,1,1,1,False,-1
9682,SINGLE,1,0,0,False,-1
9683,TRIPLE,1,1,1,False,-1
9684,SINGLE,1,0,0,False,-1
9685,SINGLE,1,0,0,False,-1
9686,DOUBLE,1,1,0,False,-1
9687,TRIPLE,1,1,1,False,-1
9688,SINGLE,1,0,0,False,-1
9689,DOUBLE,1,1,0,False,-1
9690,TRIPLE,1,1,1,False,-1
9691,SINGLE,1,0,0,False,-1
9692,SINGLE,1,0,0,False,-1
9693,TRIPLE,1,1,1,False,-1
9694,DOUBLE,1,1,0,False,-1
9695,TRIPLE,1,1,1,False,-1
9696,TRIPLE,1,1,1,False,-1
9697,TRIPLE,1,1,1,False,-1
9698,TRIPLE,1,1,1,False,-1
9699,DOUBLE,1,1,0,False,-1
9700,DOUBLE,1,1,0,False,-1
9701,TRIPLE,1,1,1,False,-1
9702,DOUBLE,1,1,0,False,-1
9703,TRIPLE,1,1,1,False,-1
9704,TRIPLE,1,1,1,False,-1
9705,TRIPLE,1,1,1,False,-1
9706,TRIPLE,1,1,1,False,-1
9707,TRIPLE,1,1,1,False,-1
9708,SINGLE,1,0,0,False,-1
9709,TRIPLE,1,1,1,False,-1
9710,TRIPLE,1,1,1,False,-1
9711,DOUBLE,1,1,0,False,-1
9712,TRIPLE,1,1,1,False,-1
9713,TRIPLE,1,1,1,False,-1
9714,TRIPLE,1,1,1,False,-1
9715,DOUBLE,1,1,0,False,-1
9716,DOUBLE,1,1,0,False,-1
9717,TRIPLE,1,1,1,False,-1
9718,DOUBLE,1,1,0,False,-1
9719,DOUBLE,1,1,0,False,-1
9720,TRIPLE,1,1,1,False,-1
9721,TRIPLE,1,1,1,False,-1
9722,TRIPLE,1,1,1,False,-1
9723,DOUBLE,1,1,0,False,-1
9724,DOUBLE,1,1,0,False,-1
9725,DOUBLE,1,1,0,False,-1
9726,DOUBLE,1,1,0,False,-1
9727,DOUBLE,1,1,0,False,-1
9728,TRIPLE,1,1,1,False,-1
9729,TRIPLE,1,1,1,False,-1
9730,DOUBLE,1,1,0,False,-1
9731,TRIPLE,1,1,1,False,-1
9732,SINGLE,1,0,0,False,-1
9733,TRIPLE,1,1,1,False,-1
9734,TRIPLE,1,1,1,False,-1
9735,DOUBLE,1,1,0,False,-1
9736,SINGLE,1,0,0,False,-1
9737,DOUBLE,1,1,0,False,-1
9738,TRIPLE,1,1,1,False,-1
9739,TRIPLE,1,1,1,False,-1
9740,TRIPLE,1,1,1,False,-1
9741,TRIPLE,1,1,1,False,-1
9742,TRIPLE,1,1,1,False,-1
9743,TRIPLE,1,1,1,False,-1
9744,DOUBLE,1,1,0,False,-1
9745,TRIPLE,1,1,1,False,-1
9746,TRIPLE,1,1,1,False,-1
9747,TRIPLE,1,1,1,False,-1
9748,TRIPLE,1,1,1,False,-1
9749,DOUBLE,1,1,0,False,-1
9750,TRIPLE,1,1,1,False,-1
9751,DOUBLE,1,1,0,False,-1
9752,DOUBLE,1,1,0,False,-1
9753,TRIPLE,1,1,1,False,-1
9754,TRIPLE,1,1,1,False,-1
9755,DOUBLE,1,1,0,False,-1
9756,DOUBLE,1,1,0,False,-1
9757,DOUBLE,1,1,0,False,-1
9758,TRIPLE,1,1,1,False,-1
9759,TRIPLE,1,1,1,False,-1
9760,DOUBLE,1,1,0,False,-1
9761,TRIPLE,1,1,1,False,-1
9762,TRIPLE,1,1,1,False,-1
9763,TRIPLE,1,1,1,False,-1
9764,TRIPLE,1,1,1,False,-1
9765,DOUBLE,1,1,0,False,-1
9766,DOUBLE,1,1,0,False,-1
9767,DOUBLE,1,1,0,False,-1
9768,DOUBLE,1,1,0,False,-1
9769,DOUBLE,1,1,0,False,-1
9770,SINGLE,1,0,0,False,-1
9771,TRIPLE,1,1,1,False,-1
9772,TRIPLE,1,1,1,False,-1
9773,DOUBLE,1,1,0,False,-1
9774,TRIPLE,1,1,1,False,-1
9775,DOUBLE,1,1,0,False,-1
9776,DOUBLE,1,1,0,False,-1
9777,SINGLE,1,0,0,False,-1
9778,SINGLE,1,0,0,False,-1
9779,TRIPLE,1,1,1,False,-1
9780,TRIPLE,1,1,1,False,-1
9781,TRIPLE,1,1,1,False,-1
9782,DOUBLE,1,1,0,False,-1
9783,DOUBLE,1,1,0,False,-1
9784,TRIPLE,1,1,1,False,-1
9785,TRIPLE,1,1,1,False,-1
9786,SINGLE,1,0,0,False,-1
9787,DOUBLE,1,1,0,False,-1
9788,TRIPLE,1,1,1,False,-1
9789,TRIPLE,1,1,1,False,-1
9790,DOUBLE,1,1,0,False,-1
9791,TRIPLE,1,1,1,False,-1
9792,TRIPLE,1,1,1,False,-1
9793,TRIPLE,1,1,1,False,-1
9794,SINGLE,1,0,0,False,-1
9795,TRIPLE,1,1,1,False,-1
9796,TRIPLE,1,1,1,False,-1
9797,TRIPLE,1,1,1,False,-1
9798,TRIPLE,1,1,1,False,-1
9799,TRIPLE,1,1,1,False,-1
9800,TRIPLE,1,1,1,False,-1
9801,TRIPLE,1,1,1,False,-1
9802,TRIPLE,1,1,1,False,-1
9803,SINGLE,1,0,0,False,-1
9804,SINGLE,1,0,0,False,-1
9805,DOUBLE,1,1,0,False,-1
9806,TRIPLE,1,1,1,False,-1
9807,TRIPLE,1,1,1,False,-1
9808,SINGLE,1,0,0,False,-1
9809,TRIPLE,1,1,1,False,-1
9810,TRIPLE,1,1,1,False,-1
9811,TRIPLE,1,1,1,False,-1
9812,TRIPLE,1,1,1,False,-1
9813,TRIPLE,1,1,1,False,-1
9814,TRIPLE,1,1,1,False,-1
9815,DOUBLE,1,1,0,False,-1
9816,TRIPLE,1,1,1,False,-1
9817,TRIPLE,1,1,1,False,-1
9818,SINGLE,1,0,0,False,-1
9819,DOUBLE,1,1,0,False,-1
9820,DOUBLE,1,1,0,False,-1
9821,SINGLE,1,0,0,False,-1
9822,DOUBLE,1,1,0,False,-1
9823,TRIPLE,1,1,1,False,-1
9824,TRIPLE,1,1,1,False,-1
9825,TRIPLE,1,1,1,False,-1
9826,TRIPLE,1,1,1,False,-1
9827,TRIPLE,1,1,1,False,-1
9828,TRIPLE,1,1,1,False,-1
9829,TRIPLE,1,1,1,False,-1
9830,SINGLE,1,0,0,False,-1
9831,TRIPLE,1,1,1,False,-1
9832,TRIPLE,1,1,1,False,-1
9833,TRIPLE,1,1,1,False,-1
9834,DOUBLE,1,1,0,False,-1
9835,TRIPLE,1,1,1,False,-1
9836,TRIPLE,1,1,1,False,-1
9837,SINGLE,1,0,0,False,-1
9838,DOUBLE,1,1,0,False,-1
9839,TRIPLE,1,1,1,False,-1
9840,DOUBLE,1,1,0,False,-1
9841,DOUBLE,1,1,0,False,-1
9842,DOUBLE,1,1,0,False,-1
9843,TRIPLE,1,1,1,False,-1
9844,TRIPLE,1,1,1,False,-1
9845,SINGLE,1,0,0,False,-1
9846,TRIPLE,1,1,1,False,-1
9847,TRIPLE,1,1,1,False,-1
9848,DOUBLE,1,1,0,False,-1
9849,TRIPLE,1,1,1,False,-1
9850,TRIPLE,1,1,1,False,-1
9851,TRIPLE,1,1,1,False,-1
9852,TRIPLE,1,1,1,False,-1
9853,DOUBLE,1,1,0,False,-1
9854,DOUBLE,1,1,0,False,-1
9855,DOUBLE,1,1,0,False,-1
9856,TRIPLE,1,1,1,False,-1
9857,TRIPLE,1,1,1,False,-1
9858,TRIPLE,1,1,1,False,-1
9859,TRIPLE,1,1,1,False,-1
9860,DOUBLE,1,1,0,False,-1
9861,TRIPLE,1,1,1,False,-1
9862,TRIPLE,1,1,1,False,-1
9863,TRIPLE,1,1,1,False,-1
9864,DOUBLE,1,1,0,False,-1
9865,DOUBLE,1,1,0,False,-1
9866,SINGLE,1,0,0,False,-1
9867,TRIPLE,1,1,1,False,-1
9868,TRIPLE,1,1,1,False,-1
9869,SINGLE,1,0,0,False,-1
9870,TRIPLE,1,1,1,False,-1
9871,TRIPLE,1,1,1,False,-1
9872,TRIPLE,1,1,1,False,-1
9873,TRIPLE,1,1,1,False,-1
9874,TRIPLE,1,1,1,False,-1
9875,TRIPLE,1,1,1,False,-1
9876,TRIPLE,1,1,1,False,-1
9877,TRIPLE,1,1,1,False,-1
9878,TRIPLE,1,1,1,False,-1
9879,TRIPLE,1,1,1,False,-1
9880,DOUBLE,1,1,0,False,-1
9881,DOUBLE,1,1,0,False,-1
9882,TRIPLE,1,1,1,False,-1
9883,TRIPLE,1,1,1,False,-1
9884,DOUBLE,1,1,0,False,-1
9885,DOUBLE,1,1,0,False,-1
9886,SINGLE,1,0,0,False,-1
9887,TRIPLE,1,1,1,False,-1
9888,TRIPLE,1,1,1,False,-1
9889,SINGLE,1,0,0,False,-1
9890,DOUBLE,1,1,0,False,-1
9891,DOUBLE,1,1,0,False,-1
9892,TRIPLE,1,1,1,False,-1
9893,DOUBLE,1,1,0,False,-1
9894,SINGLE,1,0,0,False,-1
9895,DOUBLE,1,1,0,False,-1
9896,TRIPLE,1,1,1,False,-1
9897,SINGLE,1,0,0,False,-1
9898,TRIPLE,1,1,1,False,-1
9899,DOUBLE,1,1,0,False,-1
9900,TRIPLE,1,1,1,False,-1
9901,TRIPLE,1,1,1,False,-1
9902,DOUBLE,1,1,0,False,-1
9903,TRIPLE,1,1,1,False,-1
9904,TRIPLE,1,1,1,False,-1
9905,TRIPLE,1,1,1,False,-1
9906,TRIPLE,1,1,1,False,-1
9907,SINGLE,1,0,0,False,-1
9908,DOUBLE,1,1,0,False,-1
9909,TRIPLE,1,1,1,False,-1
9910,DOUBLE,1,1,0,False,-1
9911,TRIPLE,1,1,1,False,-1
9912,TRIPLE,1,1,1,False,-1
9913,SINGLE,1,0,0,False,-1
9914,TRIPLE,1,1,1,False,-1
9915,TRIPLE,1,1,1,False,-1
9916,DOUBLE,1,1,0,False,-1
9917,SINGLE,1,0,0,False,-1
9918,DOUBLE,1,1,0,False,-1
9919,DOUBLE,1,1,0,False,-1
9920,TRIPLE,1,1,1,False,-1
9921,SINGLE,1,0,0,False,-1
9922,DOUBLE,1,1,0,False,-1
9923,TRIPLE,1,1,1,False,-1
9924,DOUBLE,1,1,0,False,-1
9925,SINGLE,1,0,0,False,-1
9926,TRIPLE,1,1,1,False,-1
9927,TRIPLE,1,1,1,False,-1
9928,DOUBLE,1,1,0,False,-1
9929,TRIPLE,1,1,1,False,-1
9930,SINGLE,1,0,0,False,-1
9931,TRIPLE,1,1,1,False,-1
9932,TRIPLE,1,1,1,False,-1
9933,DOUBLE,1,1,0,False,-1
9934,TRIPLE,1,1,1,False,-1
9935,TRIPLE,1,1,1,False,-1
9936,TRIPLE,1,1,1,False,-1
9937,TRIPLE,1,1,1,False,-1
9938,SINGLE,1,0,0,False,-1
9939,SINGLE,1,0,0,False,-1
9940,TRIPLE,1,1,1,False,-1
9941,DOUBLE,1,1,0,False,-1
9942,TRIPLE,1,1,1,False,-1
9943,DOUBLE,1,1,0,False,-1
9944,DOUBLE,1,1,0,False,-1
9945,TRIPLE,1,1,1,False,-1
9946,DOUBLE,1,1,0,False,-1
9947,TRIPLE,1,1,1,False,-1
9948,SINGLE,1,0,0,False,-1
9949,DOUBLE,1,1,0,False,-1
9950,DOUBLE,1,1,0,False,-1
9951,SINGLE,1,0,0,False,-1
9952,TRIPLE,1,1,1,False,-1
9953,SINGLE,1,0,0,False,-1
9954,TRIPLE,1,1,1,False,-1
9955,TRIPLE,1,1,1,False,-1
9956,TRIPLE,1,1,1,False,-1
9957,SINGLE,1,0,0,False,-1
9958,TRIPLE,1,1,1,False,-1
9959,DOUBLE,1,1,0,False,-1
9960,TRIPLE,1,1,1,False,-1
9961,DOUBLE,1,1,0,False,-1
9962,TRIPLE,1,1,1,False,-1
9963,TRIPLE,1,1,1,False,-1
9964,TRIPLE,1,1,1,False,-1
9965,TRIPLE,1,1,1,False,-1
9966,DOUBLE,1,1,0,False,-1
9967,TRIPLE,1,1,1,False,-1
9968,TRIPLE,1,1,1,False,-1
9969,TRIPLE,1,1,1,False,-1
9970,TRIPLE,1,1,1,False,-1
9971,TRIPLE,1,1,1,False,-1
9972,SINGLE,1,0,0,False,-1
9973,TRIPLE,1,1,1,False,-1
9974,TRIPLE,1,1,1,False,-1
9975,TRIPLE,1,1,1,False,-1
9976,TRIPLE,1,1,1,False,-1
9977,DOUBLE,1,1,0,False,-1
9978,TRIPLE,1,1,1,False,-1
9979,DOUBLE,1,1,0,False,-1
9980,TRIPLE,1,1,1,False,-1
9981,DOUBLE,1,1,0,False,-1
9982,DOUBLE,1,1,0,False,-1
9983,DOUBLE,1,1,0,False,-1
9984,DOUBLE,1,1,0,False,-1
9985,SINGLE,1,0,0,False,-1
9986,TRIPLE,1,1,1,False,-1
9987,TRIPLE,1,1,1,False,-1
9988,TRIPLE,1,1,1,False,-1
9989,DOUBLE,1,1,0,False,-1
9990,SINGLE,1,0,0,False,-1
9991,DOUBLE,1,1,0,False,-1
9992,TRIPLE,1,1,1,False,-1
9993,SINGLE,1,0,0,False,-1
9994,TRIPLE,1,1,1,False,-1
9995,TRIPLE,1,1,1,False,-1
9996,TRIPLE,1,1,1,False,-1
9997,TRIPLE,1,1,1,False,-1
9998,TRIPLE,1,1,1,False,-1
9999,TRIPLE,1,1,1,False,-1
