EventID,HitTop,HitMiddle,HitBottom,DecayTime_ns
0,TRIPLE,1,1,1,False,-1
1,SINGLE,0,0,1,False,-1
2,SINGLE,0,0,1,False,-1
3,TRIPLE,1,1,1,False,-1
6,SINGLE,0,0,1,False,-1
7,DOUBLE,0,1,1,False,-1
9,DOUBLE,0,1,1,False,-1
10,DOUBLE,0,1,1,False,-1
11,TRIPLE,1,1,1,False,-1
12,TRIPLE,1,1,1,False,-1
13,TRIPLE,1,1,1,False,-1
14,TRIPLE,1,1,1,False,-1
15,DOUBLE,0,1,1,False,-1
16,DOUBLE,0,1,1,False,-1
17,TRIPLE,1,1,1,False,-1
18,DOUBLE,0,1,1,False,-1
21,TRIPLE,1,1,1,False,-1
22,TRIPLE,1,1,1,False,-1
23,TRIPLE,1,1,1,False,-1
25,TRIPLE,1,1,1,False,-1
26,DOUBLE,0,1,1,False,-1
28,DOUBLE,0,1,1,False,-1
29,SINGLE,0,0,1,False,-1
30,TRIPLE,1,1,1,False,-1
31,TRIPLE,1,1,1,False,-1
32,TRIPLE,1,1,1,False,-1
33,TRIPLE,1,1,1,False,-1
34,DOUBLE,0,1,1,False,-1
35,TRIPLE,1,1,1,False,-1
36,TRIPLE,1,1,1,False,-1
37,TRIPLE,1,1,1,False,-1
38,SINGLE,0,0,1,False,-1
39,TRIPLE,1,1,1,False,-1
40,TRIPLE,1,1,1,False,-1
41,TRIPLE,1,1,1,False,-1
42,TRIPLE,1,1,1,False,-1
43,DOUBLE,0,1,1,False,-1
44,TRIPLE,1,1,1,False,-1
45,DOUBLE,0,1,1,False,-1
46,TRIPLE,1,1,1,False,-1
47,TRIPLE,1,1,1,False,-1
48,TRIPLE,1,1,1,False,-1
49,TRIPLE,1,1,1,False,-1
50,TRIPLE,1,1,1,False,-1
51,TRIPLE,1,1,1,False,-1
52,TRIPLE,1,1,1,False,-1
53,TRIPLE,1,1,1,False,-1
54,TRIPLE,1,1,1,False,-1
55,DOUBLE,0,1,1,False,-1
56,DOUBLE,0,1,1,False,-1
57,DOUBLE,0,1,1,False,-1
58,TRIPLE,1,1,1,False,-1
59,DOUBLE,0,1,1,False,-1
60,SINGLE,0,0,1,False,-1
61,DOUBLE,0,1,1,False,-1
62,DOUBLE,0,1,1,False,-1
63,DOUBLE,0,1,1,False,-1
64,DOUBLE,0,1,1,False,-1
65,SINGLE,0,0,1,False,-1
66,TRIPLE,1,1,1,False,-1
67,DOUBLE,0,1,1,False,-1
70,TRIPLE,1,1,1,False,-1
71,DOUBLE,0,1,1,False,-1
72,DOUBLE,0,1,1,False,-1
73,TRIPLE,1,1,1,False,-1
74,TRIPLE,1,1,1,False,-1
75,TRIPLE,1,1,1,False,-1
76,DOUBLE,0,1,1,False,-1
77,DOUBLE,0,1,1,False,-1
78,TRIPLE,1,1,1,False,-1
79,TRIPLE,1,1,1,False,-1
80,TRIPLE,1,1,1,False,-1
81,DOUBLE,1,0,1,False,-1
82,TRIPLE,1,1,1,False,-1
83,TRIPLE,1,1,1,False,-1
84,TRIPLE,1,1,1,False,-1
85,TRIPLE,1,1,1,False,-1
86,TRIPLE,1,1,1,False,-1
87,TRIPLE,1,1,1,False,-1
88,TRIPLE,1,1,1,False,-1
89,DOUBLE,0,1,1,False,-1
90,TRIPLE,1,1,1,False,-1
91,SINGLE,0,0,1,False,-1
92,DOUBLE,0,1,1,False,-1
93,TRIPLE,1,1,1,False,-1
94,TRIPLE,1,1,1,False,-1
95,DOUBLE,0,1,1,False,-1
96,DOUBLE,0,1,1,False,-1
97,SINGLE,0,0,1,False,-1
98,TRIPLE,1,1,1,False,-1
99,TRIPLE,1,1,1,False,-1
100,SINGLE,0,0,1,False,-1
101,DOUBLE,0,1,1,False,-1
102,SINGLE,0,0,1,False,-1
103,TRIPLE,1,1,1,False,-1
104,TRIPLE,1,1,1,False,-1
105,DOUBLE,0,1,1,False,-1
106,TRIPLE,1,1,1,False,-1
107,SINGLE,0,0,1,False,-1
108,DOUBLE,0,1,1,False,-1
109,DOUBLE,0,1,1,False,-1
110,TRIPLE,1,1,1,False,-1
111,TRIPLE,1,1,1,False,-1
112,DOUBLE,0,1,1,False,-1
114,SINGLE,0,0,1,False,-1
115,TRIPLE,1,1,1,False,-1
116,TRIPLE,1,1,1,False,-1
117,TRIPLE,1,1,1,False,-1
119,TRIPLE,1,1,1,False,-1
120,SINGLE,0,0,1,False,-1
121,DOUBLE,0,1,1,False,-1
123,TRIPLE,1,1,1,False,-1
125,TRIPLE,1,1,1,False,-1
126,DOUBLE,0,1,1,False,-1
127,TRIPLE,1,1,1,False,-1
128,TRIPLE,1,1,1,False,-1
129,TRIPLE,1,1,1,False,-1
131,DOUBLE,0,1,1,False,-1
132,TRIPLE,1,1,1,False,-1
133,TRIPLE,1,1,1,False,-1
134,DOUBLE,0,1,1,False,-1
135,DOUBLE,0,1,1,False,-1
136,TRIPLE,1,1,1,False,-1
137,TRIPLE,1,1,1,False,-1
138,DOUBLE,0,1,1,False,-1
139,SINGLE,0,0,1,False,-1
140,TRIPLE,1,1,1,False,-1
141,TRIPLE,1,1,1,False,-1
142,DOUBLE,0,1,1,False,-1
143,TRIPLE,1,1,1,False,-1
144,TRIPLE,1,1,1,False,-1
145,TRIPLE,1,1,1,False,-1
146,DOUBLE,0,1,1,False,-1
148,DOUBLE,0,1,1,False,-1
149,TRIPLE,1,1,1,False,-1
150,SINGLE,0,0,1,False,-1
151,DOUBLE,0,1,1,False,-1
152,TRIPLE,1,1,1,False,-1
153,SINGLE,0,0,1,False,-1
154,DOUBLE,0,1,1,False,-1
155,SINGLE,0,0,1,False,-1
156,DOUBLE,0,1,1,False,-1
157,TRIPLE,1,1,1,False,-1
158,SINGLE,0,0,1,False,-1
159,DOUBLE,0,1,1,False,-1
160,SINGLE,0,0,1,False,-1
161,TRIPLE,1,1,1,False,-1
164,TRIPLE,1,1,1,False,-1
165,TRIPLE,1,1,1,False,-1
166,SINGLE,0,0,1,False,-1
167,SINGLE,0,0,1,False,-1
169,DOUBLE,0,1,1,False,-1
170,DOUBLE,0,1,1,False,-1
171,DOUBLE,0,1,1,False,-1
172,TRIPLE,1,1,1,False,-1
173,DOUBLE,0,1,1,False,-1
174,TRIPLE,1,1,1,False,-1
175,TRIPLE,1,1,1,False,-1
176,SINGLE,0,0,1,False,-1
177,DOUBLE,0,1,1,False,-1
178,DOUBLE,0,1,1,False,-1
179,TRIPLE,1,1,1,False,-1
180,TRIPLE,1,1,1,False,-1
181,TRIPLE,1,1,1,False,-1
182,TRIPLE,1,1,1,False,-1
183,TRIPLE,1,1,1,False,-1
184,DOUBLE,0,1,1,False,-1
186,TRIPLE,1,1,1,False,-1
188,TRIPLE,1,1,1,False,-1
190,DOUBLE,0,1,1,False,-1
191,DOUBLE,0,1,1,False,-1
192,DOUBLE,0,1,1,False,-1
193,TRIPLE,1,1,1,False,-1
194,TRIPLE,1,1,1,False,-1
195,SINGLE,0,0,1,False,-1
196,TRIPLE,1,1,1,False,-1
198,TRIPLE,1,1,1,False,-1
199,SINGLE,0,0,1,False,-1
200,TRIPLE,1,1,1,False,-1
201,TRIPLE,1,1,1,False,-1
202,TRIPLE,1,1,1,False,-1
204,DOUBLE,0,1,1,False,-1
205,TRIPLE,1,1,1,False,-1
206,TRIPLE,1,1,1,False,-1
207,TRIPLE,1,1,1,False,-1
208,SINGLE,0,0,1,False,-1
209,DOUBLE,0,1,1,False,-1
210,TRIPLE,1,1,1,False,-1
211,SINGLE,0,0,1,False,-1
212,TRIPLE,1,1,1,False,-1
213,TRIPLE,1,1,1,False,-1
214,DOUBLE,0,1,1,False,-1
215,DOUBLE,0,1,1,False,-1
216,TRIPLE,1,1,1,False,-1
218,SINGLE,0,0,1,False,-1
219,DOUBLE,0,1,1,False,-1
220,TRIPLE,1,1,1,False,-1
221,DOUBLE,0,1,1,False,-1
223,TRIPLE,1,1,1,False,-1
224,TRIPLE,1,1,1,False,-1
225,TRIPLE,1,1,1,False,-1
226,SINGLE,0,0,1,False,-1
227,TRIPLE,1,1,1,False,-1
228,TRIPLE,1,1,1,False,-1
229,SINGLE,0,0,1,False,-1
230,SINGLE,0,0,1,False,-1
231,TRIPLE,1,1,1,False,-1
232,TRIPLE,1,1,1,False,-1
233,TRIPLE,1,1,1,False,-1
234,SINGLE,0,0,1,False,-1
235,TRIPLE,1,1,1,False,-1
236,TRIPLE,1,1,1,False,-1
237,SINGLE,0,0,1,False,-1
238,DOUBLE,0,1,1,False,-1
239,TRIPLE,1,1,1,False,-1
240,SINGLE,0,0,1,False,-1
241,TRIPLE,1,1,1,False,-1
242,TRIPLE,1,1,1,False,-1
243,TRIPLE,1,1,1,False,-1
244,TRIPLE,1,1,1,False,-1
245,TRIPLE,1,1,1,False,-1
246,TRIPLE,1,1,1,False,-1
247,TRIPLE,1,1,1,False,-1
248,TRIPLE,1,1,1,False,-1
249,SINGLE,0,0,1,False,-1
250,TRIPLE,1,1,1,False,-1
251,DOUBLE,0,1,1,False,-1
252,TRIPLE,1,1,1,False,-1
253,DOUBLE,0,1,1,False,-1
254,TRIPLE,1,1,1,False,-1
255,SINGLE,0,0,1,False,-1
256,TRIPLE,1,1,1,False,-1
257,TRIPLE,1,1,1,False,-1
259,TRIPLE,1,1,1,False,-1
260,TRIPLE,1,1,1,False,-1
261,TRIPLE,1,1,1,False,-1
262,TRIPLE,1,1,1,False,-1
263,DOUBLE,0,1,1,False,-1
264,DOUBLE,0,1,1,False,-1
265,TRIPLE,1,1,1,False,-1
266,TRIPLE,1,1,1,False,-1
267,TRIPLE,1,1,1,False,-1
268,TRIPLE,1,1,1,False,-1
269,TRIPLE,1,1,1,False,-1
270,TRIPLE,1,1,1,False,-1
271,TRIPLE,1,1,1,False,-1
272,TRIPLE,1,1,1,False,-1
274,TRIPLE,1,1,1,False,-1
275,DOUBLE,0,1,1,False,-1
276,TRIPLE,1,1,1,False,-1
277,TRIPLE,1,1,1,False,-1
278,TRIPLE,1,1,1,False,-1
279,TRIPLE,1,1,1,False,-1
280,TRIPLE,1,1,1,False,-1
281,TRIPLE,1,1,1,False,-1
282,TRIPLE,1,1,1,False,-1
283,TRIPLE,1,1,1,False,-1
284,TRIPLE,1,1,1,False,-1
286,TRIPLE,1,1,1,False,-1
287,DOUBLE,0,1,1,False,-1
288,DOUBLE,0,1,1,False,-1
289,TRIPLE,1,1,1,False,-1
290,TRIPLE,1,1,1,False,-1
291,DOUBLE,0,1,1,False,-1
292,DOUBLE,0,1,1,False,-1
293,DOUBLE,0,1,1,False,-1
294,SINGLE,0,0,1,False,-1
295,DOUBLE,0,1,1,False,-1
296,DOUBLE,0,1,1,False,-1
297,TRIPLE,1,1,1,False,-1
298,SINGLE,0,0,1,False,-1
299,SINGLE,0,0,1,False,-1
300,TRIPLE,1,1,1,False,-1
301,TRIPLE,1,1,1,False,-1
302,SINGLE,0,0,1,False,-1
303,DOUBLE,0,1,1,False,-1
304,TRIPLE,1,1,1,False,-1
305,TRIPLE,1,1,1,False,-1
306,TRIPLE,1,1,1,False,-1
307,SINGLE,0,0,1,False,-1
308,TRIPLE,1,1,1,False,-1
309,TRIPLE,1,1,1,False,-1
310,DOUBLE,0,1,1,False,-1
311,SINGLE,0,0,1,False,-1
312,DOUBLE,0,1,1,False,-1
313,TRIPLE,1,1,1,False,-1
314,TRIPLE,1,1,1,False,-1
315,SINGLE,0,0,1,False,-1
316,TRIPLE,1,1,1,False,-1
317,TRIPLE,1,1,1,False,-1
318,TRIPLE,1,1,1,False,-1
319,DOUBLE,0,1,1,False,-1
320,TRIPLE,1,1,1,False,-1
321,TRIPLE,1,1,1,False,-1
322,DOUBLE,0,1,1,False,-1
323,SINGLE,0,0,1,False,-1
324,DOUBLE,0,1,1,False,-1
325,DOUBLE,0,1,1,False,-1
326,TRIPLE,1,1,1,False,-1
327,TRIPLE,1,1,1,False,-1
328,TRIPLE,1,1,1,False,-1
330,TRIPLE,1,1,1,False,-1
331,TRIPLE,1,1,1,False,-1
332,TRIPLE,1,1,1,False,-1
333,TRIPLE,1,1,1,False,-1
334,TRIPLE,1,1,1,False,-1
335,TRIPLE,1,1,1,False,-1
336,TRIPLE,1,1,1,False,-1
337,TRIPLE,1,1,1,False,-1
338,DOUBLE,0,1,1,False,-1
340,TRIPLE,1,1,1,False,-1
341,TRIPLE,1,1,1,False,-1
342,DOUBLE,0,1,1,False,-1
343,TRIPLE,1,1,1,False,-1
346,TRIPLE,1,1,1,False,-1
348,TRIPLE,1,1,1,False,-1
350,TRIPLE,1,1,1,False,-1
351,TRIPLE,1,1,1,False,-1
352,TRIPLE,1,1,1,False,-1
353,DOUBLE,0,1,1,False,-1
354,TRIPLE,1,1,1,False,-1
355,TRIPLE,1,1,1,False,-1
357,DOUBLE,0,1,1,False,-1
358,TRIPLE,1,1,1,False,-1
359,TRIPLE,1,1,1,False,-1
360,DOUBLE,0,1,1,False,-1
361,DOUBLE,0,1,1,False,-1
362,DOUBLE,0,1,1,False,-1
363,DOUBLE,0,1,1,False,-1
364,DOUBLE,0,1,1,False,-1
365,DOUBLE,0,1,1,False,-1
366,TRIPLE,1,1,1,False,-1
367,SINGLE,0,0,1,False,-1
368,SINGLE,0,0,1,False,-1
369,SINGLE,0,0,1,False,-1
370,DOUBLE,0,1,1,False,-1
372,TRIPLE,1,1,1,False,-1
373,TRIPLE,1,1,1,False,-1
374,TRIPLE,1,1,1,False,-1
375,TRIPLE,1,1,1,False,-1
376,TRIPLE,1,1,1,False,-1
377,TRIPLE,1,1,1,False,-1
378,TRIPLE,1,1,1,False,-1
379,TRIPLE,1,1,1,False,-1
380,TRIPLE,1,1,1,False,-1
382,TRIPLE,1,1,1,False,-1
383,TRIPLE,1,1,1,False,-1
384,SINGLE,0,0,1,False,-1
385,TRIPLE,1,1,1,False,-1
387,DOUBLE,0,1,1,False,-1
388,TRIPLE,1,1,1,False,-1
389,TRIPLE,1,1,1,False,-1
390,SINGLE,0,0,1,False,-1
391,SINGLE,0,0,1,False,-1
392,TRIPLE,1,1,1,False,-1
393,TRIPLE,1,1,1,False,-1
394,DOUBLE,0,1,1,False,-1
395,TRIPLE,1,1,1,False,-1
396,TRIPLE,1,1,1,False,-1
397,TRIPLE,1,1,1,False,-1
398,SINGLE,0,0,1,False,-1
400,TRIPLE,1,1,1,False,-1
401,DOUBLE,0,1,1,False,-1
402,TRIPLE,1,1,1,False,-1
403,TRIPLE,1,1,1,False,-1
404,TRIPLE,1,1,1,False,-1
405,SINGLE,0,0,1,False,-1
406,TRIPLE,1,1,1,False,-1
407,SINGLE,0,0,1,False,-1
408,SINGLE,0,0,1,False,-1
409,TRIPLE,1,1,1,False,-1
410,DOUBLE,0,1,1,False,-1
411,TRIPLE,1,1,1,False,-1
413,TRIPLE,1,1,1,False,-1
415,TRIPLE,1,1,1,False,-1
416,DOUBLE,0,1,1,False,-1
417,TRIPLE,1,1,1,False,-1
418,TRIPLE,1,1,1,False,-1
419,TRIPLE,1,1,1,False,-1
420,TRIPLE,1,1,1,False,-1
421,TRIPLE,1,1,1,False,-1
422,SINGLE,0,0,1,False,-1
425,TRIPLE,1,1,1,False,-1
426,SINGLE,0,0,1,False,-1
427,DOUBLE,0,1,1,False,-1
428,TRIPLE,1,1,1,False,-1
429,SINGLE,0,0,1,False,-1
430,TRIPLE,1,1,1,False,-1
431,TRIPLE,1,1,1,False,-1
432,TRIPLE,1,1,1,False,-1
433,TRIPLE,1,1,1,False,-1
434,TRIPLE,1,1,1,False,-1
435,TRIPLE,1,1,1,False,-1
436,DOUBLE,0,1,1,False,-1
437,TRIPLE,1,1,1,False,-1
438,TRIPLE,1,1,1,False,-1
439,TRIPLE,1,1,1,False,-1
440,TRIPLE,1,1,1,False,-1
441,DOUBLE,0,1,1,False,-1
442,TRIPLE,1,1,1,False,-1
443,DOUBLE,0,1,1,False,-1
444,TRIPLE,1,1,1,False,-1
445,TRIPLE,1,1,1,False,-1
446,DOUBLE,0,1,1,False,-1
447,DOUBLE,0,1,1,False,-1
448,TRIPLE,1,1,1,False,-1
449,DOUBLE,0,1,1,False,-1
450,DOUBLE,0,1,1,False,-1
451,DOUBLE,0,1,1,False,-1
452,TRIPLE,1,1,1,False,-1
454,DOUBLE,0,1,1,False,-1
455,DOUBLE,0,1,1,False,-1
456,TRIPLE,1,1,1,False,-1
458,TRIPLE,1,1,1,False,-1
459,TRIPLE,1,1,1,False,-1
460,TRIPLE,1,1,1,False,-1
461,DOUBLE,0,1,1,False,-1
462,DOUBLE,0,1,1,False,-1
463,DOUBLE,0,1,1,False,-1
464,TRIPLE,1,1,1,False,-1
465,TRIPLE,1,1,1,False,-1
466,DOUBLE,0,1,1,False,-1
467,DOUBLE,0,1,1,False,-1
468,DOUBLE,0,1,1,False,-1
469,TRIPLE,1,1,1,False,-1
470,DOUBLE,0,1,1,False,-1
471,SINGLE,0,0,1,False,-1
472,TRIPLE,1,1,1,False,-1
473,SINGLE,0,0,1,False,-1
474,TRIPLE,1,1,1,False,-1
475,SINGLE,0,0,1,False,-1
476,SINGLE,0,0,1,False,-1
477,TRIPLE,1,1,1,False,-1
478,TRIPLE,1,1,1,False,-1
479,SINGLE,0,0,1,False,-1
480,TRIPLE,1,1,1,False,-1
481,TRIPLE,1,1,1,False,-1
482,TRIPLE,1,1,1,False,-1
483,SINGLE,0,0,1,False,-1
484,DOUBLE,0,1,1,False,-1
486,TRIPLE,1,1,1,False,-1
487,TRIPLE,1,1,1,False,-1
488,TRIPLE,1,1,1,False,-1
489,TRIPLE,1,1,1,False,-1
490,TRIPLE,1,1,1,False,-1
491,TRIPLE,1,1,1,False,-1
492,TRIPLE,1,1,1,False,-1
493,TRIPLE,1,1,1,False,-1
494,DOUBLE,0,1,1,False,-1
496,TRIPLE,1,1,1,False,-1
497,SINGLE,0,0,1,False,-1
499,TRIPLE,1,1,1,False,-1
500,TRIPLE,1,1,1,False,-1
502,SINGLE,0,0,1,False,-1
503,DOUBLE,0,1,1,False,-1
504,SINGLE,0,0,1,False,-1
505,TRIPLE,1,1,1,False,-1
506,SINGLE,0,0,1,False,-1
507,DOUBLE,0,1,1,False,-1
508,SINGLE,0,0,1,False,-1
509,DOUBLE,0,1,1,False,-1
510,TRIPLE,1,1,1,False,-1
511,TRIPLE,1,1,1,False,-1
512,TRIPLE,1,1,1,False,-1
513,DOUBLE,0,1,1,False,-1
514,DOUBLE,0,1,1,False,-1
515,TRIPLE,1,1,1,False,-1
516,TRIPLE,1,1,1,False,-1
517,TRIPLE,1,1,1,False,-1
518,TRIPLE,1,1,1,False,-1
519,SINGLE,0,0,1,False,-1
520,DOUBLE,0,1,1,False,-1
521,TRIPLE,1,1,1,False,-1
523,DOUBLE,0,1,1,False,-1
524,TRIPLE,1,1,1,False,-1
525,TRIPLE,1,1,1,False,-1
526,TRIPLE,1,1,1,False,-1
527,TRIPLE,1,1,1,False,-1
528,DOUBLE,0,1,1,False,-1
529,TRIPLE,1,1,1,False,-1
530,TRIPLE,1,1,1,False,-1
532,DOUBLE,0,1,1,False,-1
533,TRIPLE,1,1,1,False,-1
534,TRIPLE,1,1,1,False,-1
535,DOUBLE,0,1,1,False,-1
538,TRIPLE,1,1,1,False,-1
539,TRIPLE,1,1,1,False,-1
540,TRIPLE,1,1,1,False,-1
541,TRIPLE,1,1,1,False,-1
542,SINGLE,0,0,1,False,-1
543,TRIPLE,1,1,1,False,-1
545,TRIPLE,1,1,1,False,-1
546,TRIPLE,1,1,1,False,-1
548,TRIPLE,1,1,1,False,-1
549,TRIPLE,1,1,1,False,-1
550,TRIPLE,1,1,1,False,-1
551,TRIPLE,1,1,1,False,-1
552,TRIPLE,1,1,1,False,-1
553,DOUBLE,0,1,1,False,-1
554,TRIPLE,1,1,1,False,-1
555,DOUBLE,0,1,1,False,-1
556,TRIPLE,1,1,1,False,-1
557,TRIPLE,1,1,1,False,-1
558,TRIPLE,1,1,1,False,-1
560,TRIPLE,1,1,1,False,-1
561,SINGLE,0,0,1,False,-1
562,TRIPLE,1,1,1,False,-1
563,TRIPLE,1,1,1,False,-1
564,TRIPLE,1,1,1,False,-1
565,TRIPLE,1,1,1,False,-1
567,DOUBLE,0,1,1,False,-1
568,TRIPLE,1,1,1,False,-1
569,DOUBLE,0,1,1,False,-1
570,SINGLE,0,0,1,False,-1
571,TRIPLE,1,1,1,False,-1
572,TRIPLE,1,1,1,False,-1
574,TRIPLE,1,1,1,False,-1
575,TRIPLE,1,1,1,False,-1
576,DOUBLE,0,1,1,False,-1
577,DOUBLE,0,1,1,False,-1
578,TRIPLE,1,1,1,False,-1
579,TRIPLE,1,1,1,False,-1
580,TRIPLE,1,1,1,False,-1
581,TRIPLE,1,1,1,False,-1
582,TRIPLE,1,1,1,False,-1
583,TRIPLE,1,1,1,False,-1
584,TRIPLE,1,1,1,False,-1
585,TRIPLE,1,1,1,False,-1
586,TRIPLE,1,1,1,False,-1
587,TRIPLE,1,1,1,False,-1
588,DOUBLE,0,1,1,False,-1
589,TRIPLE,1,1,1,False,-1
590,SINGLE,0,0,1,False,-1
591,SINGLE,0,0,1,False,-1
592,TRIPLE,1,1,1,False,-1
593,SINGLE,0,0,1,False,-1
594,DOUBLE,0,1,1,False,-1
595,SINGLE,0,0,1,False,-1
596,TRIPLE,1,1,1,False,-1
597,TRIPLE,1,1,1,False,-1
598,SINGLE,0,0,1,False,-1
599,TRIPLE,1,1,1,False,-1
600,TRIPLE,1,1,1,False,-1
601,TRIPLE,1,1,1,False,-1
602,TRIPLE,1,1,1,False,-1
603,TRIPLE,1,1,1,False,-1
604,TRIPLE,1,1,1,False,-1
605,DOUBLE,0,1,1,False,-1
606,TRIPLE,1,1,1,False,-1
607,TRIPLE,1,1,1,False,-1
608,TRIPLE,1,1,1,False,-1
609,TRIPLE,1,1,1,False,-1
610,SINGLE,0,0,1,False,-1
611,TRIPLE,1,1,1,False,-1
614,DOUBLE,0,1,1,False,-1
615,TRIPLE,1,1,1,False,-1
616,DOUBLE,0,1,1,False,-1
618,SINGLE,0,0,1,False,-1
619,TRIPLE,1,1,1,False,-1
620,TRIPLE,1,1,1,False,-1
622,TRIPLE,1,1,1,False,-1
623,TRIPLE,1,1,1,False,-1
624,DOUBLE,0,1,1,False,-1
626,TRIPLE,1,1,1,False,-1
627,TRIPLE,1,1,1,False,-1
628,DOUBLE,0,1,1,False,-1
630,TRIPLE,1,1,1,False,-1
631,SINGLE,0,0,1,False,-1
632,TRIPLE,1,1,1,False,-1
633,SINGLE,0,0,1,False,-1
634,TRIPLE,1,1,1,False,-1
635,DOUBLE,0,1,1,False,-1
636,DOUBLE,0,1,1,False,-1
637,SINGLE,0,0,1,False,-1
639,DOUBLE,0,1,1,False,-1
640,DOUBLE,0,1,1,False,-1
641,TRIPLE,1,1,1,False,-1
642,TRIPLE,1,1,1,False,-1
643,SINGLE,0,0,1,False,-1
644,TRIPLE,1,1,1,False,-1
645,TRIPLE,1,1,1,False,-1
646,DOUBLE,0,1,1,False,-1
647,DOUBLE,0,1,1,False,-1
648,DOUBLE,0,1,1,False,-1
649,DOUBLE,0,1,1,False,-1
650,TRIPLE,1,1,1,False,-1
651,SINGLE,0,0,1,False,-1
652,TRIPLE,1,1,1,False,-1
653,TRIPLE,1,1,1,False,-1
654,DOUBLE,0,1,1,False,-1
655,DOUBLE,0,1,1,False,-1
656,TRIPLE,1,1,1,False,-1
657,SINGLE,0,0,1,False,-1
658,DOUBLE,0,1,1,False,-1
659,TRIPLE,1,1,1,False,-1
660,SINGLE,0,0,1,False,-1
662,TRIPLE,1,1,1,False,-1
663,DOUBLE,0,1,1,False,-1
664,TRIPLE,1,1,1,False,-1
665,TRIPLE,1,1,1,False,-1
666,DOUBLE,0,1,1,False,-1
667,DOUBLE,0,1,1,False,-1
668,TRIPLE,1,1,1,False,-1
669,TRIPLE,1,1,1,False,-1
670,TRIPLE,1,1,1,False,-1
671,TRIPLE,1,1,1,False,-1
672,SINGLE,0,0,1,False,-1
673,DOUBLE,0,1,1,False,-1
674,SINGLE,0,0,1,False,-1
675,TRIPLE,1,1,1,False,-1
676,TRIPLE,1,1,1,False,-1
677,DOUBLE,0,1,1,False,-1
678,DOUBLE,0,1,1,False,-1
679,TRIPLE,1,1,1,False,-1
680,TRIPLE,1,1,1,False,-1
681,TRIPLE,1,1,1,False,-1
682,TRIPLE,1,1,1,False,-1
683,TRIPLE,1,1,1,False,-1
684,SINGLE,0,0,1,False,-1
685,DOUBLE,0,1,1,False,-1
686,DOUBLE,0,1,1,False,-1
687,TRIPLE,1,1,1,False,-1
688,TRIPLE,1,1,1,False,-1
689,TRIPLE,1,1,1,False,-1
690,DOUBLE,0,1,1,False,-1
692,SINGLE,0,0,1,False,-1
693,SINGLE,0,0,1,False,-1
694,TRIPLE,1,1,1,False,-1
695,DOUBLE,0,1,1,False,-1
696,DOUBLE,0,1,1,False,-1
697,DOUBLE,0,1,1,False,-1
699,DOUBLE,0,1,1,False,-1
700,TRIPLE,1,1,1,False,-1
701,TRIPLE,1,1,1,False,-1
702,TRIPLE,1,1,1,False,-1
703,TRIPLE,1,1,1,False,-1
704,TRIPLE,1,1,1,False,-1
705,TRIPLE,1,1,1,False,-1
706,SINGLE,0,0,1,False,-1
707,DOUBLE,0,1,1,False,-1
708,DOUBLE,0,1,1,False,-1
709,TRIPLE,1,1,1,False,-1
710,TRIPLE,1,1,1,False,-1
711,TRIPLE,1,1,1,False,-1
712,SINGLE,0,0,1,False,-1
713,DOUBLE,0,1,1,False,-1
714,TRIPLE,1,1,1,False,-1
715,TRIPLE,1,1,1,False,-1
716,DOUBLE,0,1,1,False,-1
717,TRIPLE,1,1,1,False,-1
718,SINGLE,0,0,1,False,-1
719,TRIPLE,1,1,1,False,-1
720,DOUBLE,0,1,1,False,-1
721,TRIPLE,1,1,1,False,-1
722,TRIPLE,1,1,1,False,-1
723,DOUBLE,0,1,1,False,-1
724,TRIPLE,1,1,1,False,-1
725,SINGLE,0,0,1,False,-1
726,TRIPLE,1,1,1,False,-1
727,TRIPLE,1,1,1,False,-1
728,TRIPLE,1,1,1,False,-1
731,TRIPLE,1,1,1,False,-1
732,DOUBLE,0,1,1,False,-1
733,DOUBLE,0,1,1,False,-1
734,SINGLE,0,0,1,False,-1
735,SINGLE,0,0,1,False,-1
736,TRIPLE,1,1,1,False,-1
737,DOUBLE,0,1,1,False,-1
738,DOUBLE,0,1,1,False,-1
739,DOUBLE,0,1,1,False,-1
740,DOUBLE,0,1,1,False,-1
741,DOUBLE,0,1,1,False,-1
742,SINGLE,0,0,1,False,-1
743,TRIPLE,1,1,1,False,-1
744,TRIPLE,1,1,1,False,-1
745,SINGLE,0,0,1,False,-1
746,TRIPLE,1,1,1,False,-1
747,DOUBLE,0,1,1,False,-1
748,SINGLE,0,0,1,False,-1
749,TRIPLE,1,1,1,False,-1
750,TRIPLE,1,1,1,False,-1
751,TRIPLE,1,1,1,False,-1
752,DOUBLE,0,1,1,False,-1
753,TRIPLE,1,1,1,False,-1
755,SINGLE,0,0,1,False,-1
756,DOUBLE,0,1,1,False,-1
757,DOUBLE,0,1,1,False,-1
758,TRIPLE,1,1,1,False,-1
759,DOUBLE,0,1,1,False,-1
760,DOUBLE,0,1,1,False,-1
761,SINGLE,0,0,1,False,-1
762,TRIPLE,1,1,1,False,-1
763,SINGLE,0,0,1,False,-1
764,TRIPLE,1,1,1,False,-1
765,TRIPLE,1,1,1,False,-1
766,DOUBLE,0,1,1,False,-1
767,TRIPLE,1,1,1,False,-1
768,TRIPLE,1,1,1,False,-1
769,DOUBLE,0,1,1,False,-1
771,TRIPLE,1,1,1,False,-1
772,TRIPLE,1,1,1,False,-1
773,TRIPLE,1,1,1,False,-1
775,TRIPLE,1,1,1,False,-1
776,TRIPLE,1,1,1,False,-1
777,DOUBLE,0,1,1,False,-1
778,TRIPLE,1,1,1,False,-1
779,SINGLE,0,0,1,False,-1
781,SINGLE,0,0,1,False,-1
783,SINGLE,0,0,1,False,-1
784,DOUBLE,0,1,1,False,-1
785,DOUBLE,0,1,1,False,-1
786,TRIPLE,1,1,1,False,-1
787,DOUBLE,0,1,1,False,-1
788,DOUBLE,0,1,1,False,-1
789,TRIPLE,1,1,1,False,-1
790,SINGLE,0,0,1,False,-1
791,DOUBLE,0,1,1,False,-1
792,TRIPLE,1,1,1,False,-1
793,TRIPLE,1,1,1,False,-1
794,TRIPLE,1,1,1,False,-1
795,SINGLE,0,0,1,False,-1
796,SINGLE,0,0,1,False,-1
797,SINGLE,0,0,1,False,-1
798,TRIPLE,1,1,1,False,-1
799,SINGLE,0,0,1,False,-1
800,SINGLE,0,0,1,False,-1
801,DOUBLE,0,1,1,False,-1
802,DOUBLE,0,1,1,False,-1
803,TRIPLE,1,1,1,False,-1
804,SINGLE,0,0,1,False,-1
806,TRIPLE,1,1,1,False,-1
807,TRIPLE,1,1,1,False,-1
808,TRIPLE,1,1,1,False,-1
809,SINGLE,0,0,1,False,-1
810,DOUBLE,0,1,1,False,-1
811,TRIPLE,1,1,1,False,-1
812,DOUBLE,0,1,1,False,-1
813,DOUBLE,0,1,1,False,-1
815,TRIPLE,1,1,1,False,-1
817,TRIPLE,1,1,1,False,-1
818,TRIPLE,1,1,1,False,-1
819,SINGLE,0,0,1,False,-1
820,SINGLE,0,0,1,False,-1
821,DOUBLE,0,1,1,False,-1
822,DOUBLE,0,1,1,False,-1
823,DOUBLE,0,1,1,False,-1
824,TRIPLE,1,1,1,False,-1
825,TRIPLE,1,1,1,False,-1
826,SINGLE,0,0,1,False,-1
827,TRIPLE,1,1,1,False,-1
828,TRIPLE,1,1,1,False,-1
829,TRIPLE,1,1,1,False,-1
830,TRIPLE,1,1,1,False,-1
831,TRIPLE,1,1,1,False,-1
832,TRIPLE,1,1,1,False,-1
833,DOUBLE,0,1,1,False,-1
834,SINGLE,0,0,1,False,-1
835,SINGLE,0,0,1,False,-1
836,DOUBLE,0,1,1,False,-1
837,DOUBLE,0,1,1,False,-1
838,TRIPLE,1,1,1,False,-1
839,DOUBLE,0,1,1,False,-1
842,TRIPLE,1,1,1,False,-1
843,SINGLE,0,0,1,False,-1
844,TRIPLE,1,1,1,False,-1
845,TRIPLE,1,1,1,False,-1
846,TRIPLE,1,1,1,False,-1
847,TRIPLE,1,1,1,False,-1
849,SINGLE,0,0,1,False,-1
850,TRIPLE,1,1,1,False,-1
851,DOUBLE,0,1,1,False,-1
852,DOUBLE,0,1,1,False,-1
853,TRIPLE,1,1,1,False,-1
854,SINGLE,0,0,1,False,-1
855,TRIPLE,1,1,1,False,-1
856,SINGLE,0,0,1,False,-1
858,TRIPLE,1,1,1,False,-1
859,TRIPLE,1,1,1,False,-1
860,DOUBLE,0,1,1,False,-1
861,TRIPLE,1,1,1,False,-1
862,SINGLE,0,0,1,False,-1
863,TRIPLE,1,1,1,False,-1
864,DOUBLE,0,1,1,False,-1
865,DOUBLE,0,1,1,False,-1
866,DOUBLE,0,1,1,False,-1
867,SINGLE,0,0,1,False,-1
868,DOUBLE,0,1,1,False,-1
869,DOUBLE,0,1,1,False,-1
870,TRIPLE,1,1,1,False,-1
871,DOUBLE,0,1,1,False,-1
872,TRIPLE,1,1,1,False,-1
873,SINGLE,0,0,1,False,-1
875,TRIPLE,1,1,1,False,-1
876,TRIPLE,1,1,1,False,-1
877,TRIPLE,1,1,1,False,-1
878,TRIPLE,1,1,1,False,-1
879,TRIPLE,1,1,1,False,-1
880,TRIPLE,1,1,1,False,-1
881,DOUBLE,0,1,1,False,-1
882,TRIPLE,1,1,1,False,-1
883,TRIPLE,1,1,1,False,-1
884,TRIPLE,1,1,1,False,-1
885,TRIPLE,1,1,1,False,-1
886,TRIPLE,1,1,1,False,-1
887,TRIPLE,1,1,1,False,-1
888,SINGLE,0,0,1,False,-1
889,TRIPLE,1,1,1,False,-1
890,DOUBLE,0,1,1,False,-1
891,DOUBLE,0,1,1,False,-1
892,TRIPLE,1,1,1,False,-1
893,TRIPLE,1,1,1,False,-1
894,TRIPLE,1,1,1,False,-1
895,DOUBLE,0,1,1,False,-1
896,DOUBLE,0,1,1,False,-1
898,DOUBLE,0,1,1,False,-1
899,DOUBLE,0,1,1,False,-1
900,TRIPLE,1,1,1,False,-1
901,DOUBLE,0,1,1,False,-1
902,SINGLE,0,0,1,False,-1
903,DOUBLE,0,1,1,False,-1
904,TRIPLE,1,1,1,False,-1
905,TRIPLE,1,1,1,False,-1
906,TRIPLE,1,1,1,False,-1
907,DOUBLE,0,1,1,False,-1
908,TRIPLE,1,1,1,False,-1
909,TRIPLE,1,1,1,False,-1
910,DOUBLE,0,1,1,False,-1
911,TRIPLE,1,1,1,False,-1
912,TRIPLE,1,1,1,False,-1
913,DOUBLE,0,1,1,False,-1
914,TRIPLE,1,1,1,False,-1
915,DOUBLE,0,1,1,False,-1
916,DOUBLE,0,1,1,False,-1
917,TRIPLE,1,1,1,False,-1
918,DOUBLE,0,1,1,False,-1
919,DOUBLE,0,1,1,False,-1
920,TRIPLE,1,1,1,False,-1
921,TRIPLE,1,1,1,False,-1
922,TRIPLE,1,1,1,False,-1
923,DOUBLE,0,1,1,False,-1
924,TRIPLE,1,1,1,False,-1
925,DOUBLE,0,1,1,False,-1
926,TRIPLE,1,1,1,False,-1
927,TRIPLE,1,1,1,False,-1
928,TRIPLE,1,1,1,False,-1
929,TRIPLE,1,1,1,False,-1
930,TRIPLE,1,1,1,False,-1
931,SINGLE,0,0,1,False,-1
932,TRIPLE,1,1,1,False,-1
933,TRIPLE,1,1,1,False,-1
934,TRIPLE,1,1,1,False,-1
935,TRIPLE,1,1,1,False,-1
937,SINGLE,0,0,1,False,-1
938,TRIPLE,1,1,1,False,-1
939,TRIPLE,1,1,1,False,-1
940,DOUBLE,0,1,1,False,-1
941,SINGLE,0,0,1,False,-1
942,TRIPLE,1,1,1,False,-1
943,DOUBLE,0,1,1,False,-1
944,SINGLE,0,0,1,False,-1
945,TRIPLE,1,1,1,False,-1
946,TRIPLE,1,1,1,False,-1
947,SINGLE,0,0,1,False,-1
948,TRIPLE,1,1,1,False,-1
949,TRIPLE,1,1,1,False,-1
951,TRIPLE,1,1,1,False,-1
952,TRIPLE,1,1,1,False,-1
953,TRIPLE,1,1,1,False,-1
954,TRIPLE,1,1,1,False,-1
956,TRIPLE,1,1,1,False,-1
957,SINGLE,0,0,1,False,-1
958,DOUBLE,0,1,1,False,-1
959,DOUBLE,0,1,1,False,-1
960,TRIPLE,1,1,1,False,-1
962,TRIPLE,1,1,1,False,-1
964,TRIPLE,1,1,1,False,-1
965,TRIPLE,1,1,1,False,-1
966,DOUBLE,0,1,1,False,-1
968,DOUBLE,0,1,1,False,-1
970,SINGLE,0,0,1,False,-1
971,TRIPLE,1,1,1,False,-1
972,TRIPLE,1,1,1,False,-1
973,TRIPLE,1,1,1,False,-1
974,TRIPLE,1,1,1,False,-1
975,TRIPLE,1,1,1,False,-1
976,TRIPLE,1,1,1,False,-1
977,TRIPLE,1,1,1,False,-1
978,SINGLE,0,0,1,False,-1
979,TRIPLE,1,1,1,False,-1
980,TRIPLE,1,1,1,False,-1
981,TRIPLE,1,1,1,False,-1
982,TRIPLE,1,1,1,False,-1
983,DOUBLE,0,1,1,False,-1
984,TRIPLE,1,1,1,False,-1
985,TRIPLE,1,1,1,False,-1
986,TRIPLE,1,1,1,False,-1
987,DOUBLE,0,1,1,False,-1
988,DOUBLE,0,1,1,False,-1
989,TRIPLE,1,1,1,False,-1
990,SINGLE,0,0,1,False,-1
991,TRIPLE,1,1,1,False,-1
993,TRIPLE,1,1,1,False,-1
994,TRIPLE,1,1,1,False,-1
996,SINGLE,0,0,1,False,-1
997,DOUBLE,0,1,1,False,-1
998,SINGLE,0,0,1,False,-1
999,SINGLE,0,0,1,False,-1
1000,SINGLE,0,0,1,False,-1
1001,TRIPLE,1,1,1,False,-1
1002,SINGLE,0,0,1,False,-1
1003,TRIPLE,1,1,1,False,-1
1004,TRIPLE,1,1,1,False,-1
1005,TRIPLE,1,1,1,False,-1
1006,TRIPLE,1,1,1,False,-1
1007,TRIPLE,1,1,1,False,-1
1008,TRIPLE,1,1,1,False,-1
1009,TRIPLE,1,1,1,False,-1
1010,TRIPLE,1,1,1,False,-1
1011,TRIPLE,1,1,1,False,-1
1012,DOUBLE,0,1,1,False,-1
1013,DOUBLE,0,1,1,False,-1
1014,DOUBLE,0,1,1,False,-1
1015,TRIPLE,1,1,1,False,-1
1016,TRIPLE,1,1,1,False,-1
1017,TRIPLE,1,1,1,False,-1
1018,DOUBLE,0,1,1,False,-1
1019,DOUBLE,0,1,1,False,-1
1020,DOUBLE,0,1,1,False,-1
1021,TRIPLE,1,1,1,False,-1
1022,TRIPLE,1,1,1,False,-1
1023,TRIPLE,1,1,1,False,-1
1024,TRIPLE,1,1,1,False,-1
1025,TRIPLE,1,1,1,False,-1
1026,DOUBLE,0,1,1,False,-1
1027,SINGLE,0,0,1,False,-1
1028,DOUBLE,0,1,1,False,-1
1029,DOUBLE,0,1,1,False,-1
1031,DOUBLE,0,1,1,False,-1
1032,SINGLE,0,0,1,False,-1
1033,TRIPLE,1,1,1,False,-1
1034,TRIPLE,1,1,1,False,-1
1036,DOUBLE,0,1,1,False,-1
1037,DOUBLE,0,1,1,False,-1
1038,DOUBLE,0,1,1,False,-1
1039,TRIPLE,1,1,1,False,-1
1040,TRIPLE,1,1,1,False,-1
1041,SINGLE,0,0,1,False,-1
1042,TRIPLE,1,1,1,False,-1
1043,TRIPLE,1,1,1,False,-1
1044,DOUBLE,0,1,1,False,-1
1045,SINGLE,0,0,1,False,-1
1046,TRIPLE,1,1,1,False,-1
1047,DOUBLE,0,1,1,False,-1
1048,DOUBLE,0,1,1,False,-1
1049,TRIPLE,1,1,1,False,-1
1050,DOUBLE,0,1,1,False,-1
1051,DOUBLE,0,1,1,False,-1
1052,DOUBLE,0,1,1,False,-1
1053,TRIPLE,1,1,1,False,-1
1054,TRIPLE,1,1,1,False,-1
1055,DOUBLE,0,1,1,False,-1
1056,TRIPLE,1,1,1,False,-1
1057,TRIPLE,1,1,1,False,-1
1058,TRIPLE,1,1,1,False,-1
1059,SINGLE,0,0,1,False,-1
1060,TRIPLE,1,1,1,False,-1
1062,SINGLE,0,0,1,False,-1
1063,TRIPLE,1,1,1,False,-1
1064,DOUBLE,0,1,1,False,-1
1066,TRIPLE,1,1,1,False,-1
1067,TRIPLE,1,1,1,False,-1
1068,TRIPLE,1,1,1,False,-1
1069,TRIPLE,1,1,1,False,-1
1070,SINGLE,0,0,1,False,-1
1071,TRIPLE,1,1,1,False,-1
1072,SINGLE,0,0,1,False,-1
1073,SINGLE,0,0,1,False,-1
1074,SINGLE,0,0,1,False,-1
1075,TRIPLE,1,1,1,False,-1
1076,TRIPLE,1,1,1,False,-1
1077,TRIPLE,1,1,1,False,-1
1078,DOUBLE,0,1,1,False,-1
1079,TRIPLE,1,1,1,False,-1
1080,TRIPLE,1,1,1,False,-1
1083,DOUBLE,0,1,1,False,-1
1084,DOUBLE,0,1,1,False,-1
1085,SINGLE,0,0,1,False,-1
1086,DOUBLE,0,1,1,False,-1
1087,DOUBLE,0,1,1,False,-1
1088,TRIPLE,1,1,1,False,-1
1089,TRIPLE,1,1,1,False,-1
1090,TRIPLE,1,1,1,False,-1
1092,TRIPLE,1,1,1,False,-1
1093,TRIPLE,1,1,1,False,-1
1094,TRIPLE,1,1,1,False,-1
1095,TRIPLE,1,1,1,False,-1
1096,DOUBLE,0,1,1,False,-1
1097,TRIPLE,1,1,1,False,-1
1098,TRIPLE,1,1,1,False,-1
1099,TRIPLE,1,1,1,False,-1
1100,DOUBLE,0,1,1,False,-1
1101,TRIPLE,1,1,1,False,-1
1102,TRIPLE,1,1,1,False,-1
1103,TRIPLE,1,1,1,False,-1
1104,TRIPLE,1,1,1,False,-1
1105,TRIPLE,1,1,1,False,-1
1106,TRIPLE,1,1,1,False,-1
1107,TRIPLE,1,1,1,False,-1
1108,TRIPLE,1,1,1,False,-1
1109,TRIPLE,1,1,1,False,-1
1110,SINGLE,0,0,1,False,-1
1111,DOUBLE,0,1,1,False,-1
1112,TRIPLE,1,1,1,False,-1
1113,SINGLE,0,0,1,False,-1
1115,TRIPLE,1,1,1,False,-1
1116,TRIPLE,1,1,1,False,-1
1117,TRIPLE,1,1,1,False,-1
1118,TRIPLE,1,1,1,False,-1
1119,SINGLE,0,0,1,False,-1
1120,TRIPLE,1,1,1,False,-1
1121,SINGLE,0,0,1,False,-1
1122,TRIPLE,1,1,1,False,-1
1123,TRIPLE,1,1,1,False,-1
1124,SINGLE,0,0,1,False,-1
1125,DOUBLE,0,1,1,False,-1
1126,DOUBLE,0,1,1,False,-1
1127,DOUBLE,0,1,1,False,-1
1128,TRIPLE,1,1,1,False,-1
1129,TRIPLE,1,1,1,False,-1
1130,DOUBLE,0,1,1,False,-1
1131,SINGLE,0,0,1,False,-1
1132,DOUBLE,0,1,1,False,-1
1133,TRIPLE,1,1,1,False,-1
1134,TRIPLE,1,1,1,False,-1
1135,TRIPLE,1,1,1,False,-1
1136,TRIPLE,1,1,1,False,-1
1137,SINGLE,0,0,1,False,-1
1138,TRIPLE,1,1,1,False,-1
1139,TRIPLE,1,1,1,False,-1
1140,TRIPLE,1,1,1,False,-1
1141,TRIPLE,1,1,1,False,-1
1142,TRIPLE,1,1,1,False,-1
1143,SINGLE,0,0,1,False,-1
1144,TRIPLE,1,1,1,False,-1
1145,TRIPLE,1,1,1,False,-1
1147,DOUBLE,0,1,1,False,-1
1148,TRIPLE,1,1,1,False,-1
1149,TRIPLE,1,1,1,False,-1
1150,TRIPLE,1,1,1,False,-1
1151,TRIPLE,1,1,1,False,-1
1152,TRIPLE,1,1,1,False,-1
1154,TRIPLE,1,1,1,False,-1
1155,SINGLE,0,0,1,False,-1
1156,DOUBLE,0,1,1,False,-1
1157,DOUBLE,0,1,1,False,-1
1159,TRIPLE,1,1,1,False,-1
1161,SINGLE,0,0,1,False,-1
1162,TRIPLE,1,1,1,False,-1
1164,TRIPLE,1,1,1,False,-1
1165,TRIPLE,1,1,1,False,-1
1166,TRIPLE,1,1,1,False,-1
1167,TRIPLE,1,1,1,False,-1
1170,DOUBLE,0,1,1,False,-1
1171,TRIPLE,1,1,1,False,-1
1172,DOUBLE,0,1,1,False,-1
1174,TRIPLE,1,1,1,False,-1
1175,SINGLE,0,0,1,False,-1
1176,DOUBLE,0,1,1,False,-1
1177,SINGLE,0,0,1,False,-1
1178,DOUBLE,0,1,1,False,-1
1179,SINGLE,0,0,1,False,-1
1181,DOUBLE,0,1,1,False,-1
1182,TRIPLE,1,1,1,False,-1
1183,TRIPLE,1,1,1,False,-1
1184,DOUBLE,0,1,1,False,-1
1185,SINGLE,0,0,1,False,-1
1186,TRIPLE,1,1,1,False,-1
1187,TRIPLE,1,1,1,False,-1
1188,TRIPLE,1,1,1,False,-1
1189,TRIPLE,1,1,1,False,-1
1191,TRIPLE,1,1,1,False,-1
1192,DOUBLE,0,1,1,False,-1
1193,SINGLE,0,0,1,False,-1
1195,DOUBLE,0,1,1,False,-1
1196,DOUBLE,0,1,1,False,-1
1197,TRIPLE,1,1,1,False,-1
1199,DOUBLE,0,1,1,False,-1
1200,DOUBLE,0,1,1,False,-1
1201,SINGLE,0,0,1,False,-1
1202,TRIPLE,1,1,1,False,-1
1203,TRIPLE,1,1,1,False,-1
1204,DOUBLE,0,1,1,False,-1
1205,TRIPLE,1,1,1,False,-1
1206,TRIPLE,1,1,1,False,-1
1207,TRIPLE,1,1,1,False,-1
1208,TRIPLE,1,1,1,False,-1
1209,TRIPLE,1,1,1,False,-1
1210,DOUBLE,0,1,1,False,-1
1211,TRIPLE,1,1,1,False,-1
1212,TRIPLE,1,1,1,False,-1
1213,TRIPLE,1,1,1,False,-1
1214,TRIPLE,1,1,1,False,-1
1215,TRIPLE,1,1,1,False,-1
1216,TRIPLE,1,1,1,False,-1
1218,TRIPLE,1,1,1,False,-1
1219,TRIPLE,1,1,1,False,-1
1220,TRIPLE,1,1,1,False,-1
1221,TRIPLE,1,1,1,False,-1
1222,DOUBLE,0,1,1,False,-1
1223,TRIPLE,1,1,1,False,-1
1224,TRIPLE,1,1,1,False,-1
1225,TRIPLE,1,1,1,False,-1
1226,TRIPLE,1,1,1,False,-1
1227,TRIPLE,1,1,1,False,-1
1228,TRIPLE,1,1,1,False,-1
1229,DOUBLE,0,1,1,False,-1
1230,TRIPLE,1,1,1,False,-1
1231,TRIPLE,1,1,1,False,-1
1232,SINGLE,0,0,1,False,-1
1233,DOUBLE,0,1,1,False,-1
1234,SINGLE,0,0,1,False,-1
1235,DOUBLE,0,1,1,False,-1
1236,SINGLE,0,0,1,False,-1
1237,SINGLE,0,0,1,False,-1
1238,TRIPLE,1,1,1,False,-1
1239,DOUBLE,0,1,1,False,-1
1240,TRIPLE,1,1,1,False,-1
1241,SINGLE,0,0,1,False,-1
1243,TRIPLE,1,1,1,False,-1
1244,TRIPLE,1,1,1,False,-1
1245,DOUBLE,0,1,1,False,-1
1246,TRIPLE,1,1,1,False,-1
1247,SINGLE,0,0,1,False,-1
1248,TRIPLE,1,1,1,False,-1
1249,DOUBLE,0,1,1,False,-1
1250,SINGLE,0,0,1,False,-1
1251,DOUBLE,0,1,1,False,-1
1252,DOUBLE,0,1,1,False,-1
1253,SINGLE,0,0,1,False,-1
1254,SINGLE,0,0,1,False,-1
1257,TRIPLE,1,1,1,False,-1
1258,TRIPLE,1,1,1,False,-1
1259,TRIPLE,1,1,1,False,-1
1260,TRIPLE,1,1,1,False,-1
1261,SINGLE,0,0,1,False,-1
1262,TRIPLE,1,1,1,False,-1
1263,TRIPLE,1,1,1,False,-1
1264,TRIPLE,1,1,1,False,-1
1265,TRIPLE,1,1,1,False,-1
1266,TRIPLE,1,1,1,False,-1
1267,TRIPLE,1,1,1,False,-1
1268,TRIPLE,1,1,1,False,-1
1269,DOUBLE,0,1,1,False,-1
1270,TRIPLE,1,1,1,False,-1
1271,TRIPLE,1,1,1,False,-1
1272,TRIPLE,1,1,1,False,-1
1273,TRIPLE,1,1,1,False,-1
1274,TRIPLE,1,1,1,False,-1
1275,DOUBLE,0,1,1,False,-1
1276,TRIPLE,1,1,1,False,-1
1277,DOUBLE,0,1,1,False,-1
1278,DOUBLE,0,1,1,False,-1
1279,DOUBLE,0,1,1,False,-1
1280,SINGLE,0,0,1,False,-1
1281,DOUBLE,0,1,1,False,-1
1282,TRIPLE,1,1,1,False,-1
1283,TRIPLE,1,1,1,False,-1
1284,TRIPLE,1,1,1,False,-1
1286,TRIPLE,1,1,1,False,-1
1287,SINGLE,0,0,1,False,-1
1288,TRIPLE,1,1,1,False,-1
1289,TRIPLE,1,1,1,False,-1
1290,TRIPLE,1,1,1,False,-1
1292,SINGLE,0,0,1,False,-1
1293,TRIPLE,1,1,1,False,-1
1294,DOUBLE,0,1,1,False,-1
1295,TRIPLE,1,1,1,False,-1
1297,TRIPLE,1,1,1,False,-1
1298,TRIPLE,1,1,1,False,-1
1299,DOUBLE,0,1,1,False,-1
1300,DOUBLE,0,1,1,False,-1
1301,DOUBLE,0,1,1,False,-1
1302,DOUBLE,0,1,1,False,-1
1303,TRIPLE,1,1,1,False,-1
1304,DOUBLE,0,1,1,False,-1
1305,SINGLE,0,0,1,False,-1
1306,DOUBLE,0,1,1,False,-1
1307,DOUBLE,0,1,1,False,-1
1308,TRIPLE,1,1,1,False,-1
1309,TRIPLE,1,1,1,False,-1
1311,SINGLE,0,0,1,False,-1
1312,DOUBLE,0,1,1,False,-1
1313,DOUBLE,0,1,1,False,-1
1314,DOUBLE,0,1,1,False,-1
1316,TRIPLE,1,1,1,False,-1
1317,DOUBLE,0,1,1,False,-1
1318,TRIPLE,1,1,1,False,-1
1319,TRIPLE,1,1,1,False,-1
1320,TRIPLE,1,1,1,False,-1
1321,SINGLE,0,0,1,False,-1
1322,TRIPLE,1,1,1,False,-1
1323,TRIPLE,1,1,1,False,-1
1325,TRIPLE,1,1,1,False,-1
1328,DOUBLE,0,1,1,False,-1
1329,DOUBLE,0,1,1,False,-1
1330,DOUBLE,0,1,1,False,-1
1331,TRIPLE,1,1,1,False,-1
1332,DOUBLE,0,1,1,False,-1
1333,TRIPLE,1,1,1,False,-1
1334,TRIPLE,1,1,1,False,-1
1335,TRIPLE,1,1,1,False,-1
1337,SINGLE,0,0,1,False,-1
1338,TRIPLE,1,1,1,False,-1
1339,TRIPLE,1,1,1,False,-1
1340,TRIPLE,1,1,1,False,-1
1341,DOUBLE,0,1,1,False,-1
1342,TRIPLE,1,1,1,False,-1
1343,TRIPLE,1,1,1,False,-1
1345,DOUBLE,0,1,1,False,-1
1346,TRIPLE,1,1,1,False,-1
1347,TRIPLE,1,1,1,False,-1
1348,SINGLE,0,0,1,False,-1
1350,DOUBLE,0,1,1,False,-1
1351,TRIPLE,1,1,1,False,-1
1352,TRIPLE,1,1,1,False,-1
1353,DOUBLE,0,1,1,False,-1
1355,DOUBLE,0,1,1,False,-1
1357,TRIPLE,1,1,1,False,-1
1358,DOUBLE,0,1,1,False,-1
1359,DOUBLE,0,1,1,False,-1
1361,TRIPLE,1,1,1,False,-1
1362,TRIPLE,1,1,1,False,-1
1363,TRIPLE,1,1,1,False,-1
1364,DOUBLE,0,1,1,False,-1
1365,TRIPLE,1,1,1,False,-1
1366,DOUBLE,0,1,1,False,-1
1368,TRIPLE,1,1,1,False,-1
1369,DOUBLE,0,1,1,False,-1
1370,TRIPLE,1,1,1,False,-1
1372,TRIPLE,1,1,1,False,-1
1373,SINGLE,0,0,1,False,-1
1374,TRIPLE,1,1,1,False,-1
1376,DOUBLE,0,1,1,False,-1
1377,SINGLE,0,0,1,False,-1
1378,TRIPLE,1,1,1,False,-1
1379,TRIPLE,1,1,1,False,-1
1380,DOUBLE,0,1,1,False,-1
1381,SINGLE,0,0,1,False,-1
1382,TRIPLE,1,1,1,False,-1
1383,TRIPLE,1,1,1,False,-1
1384,DOUBLE,0,1,1,False,-1
1385,SINGLE,0,0,1,False,-1
1386,DOUBLE,0,1,1,False,-1
1388,SINGLE,0,0,1,False,-1
1389,TRIPLE,1,1,1,False,-1
1390,SINGLE,0,0,1,False,-1
1391,TRIPLE,1,1,1,False,-1
1392,SINGLE,0,0,1,False,-1
1393,TRIPLE,1,1,1,False,-1
1394,DOUBLE,0,1,1,False,-1
1395,TRIPLE,1,1,1,False,-1
1396,TRIPLE,1,1,1,False,-1
1397,SINGLE,0,0,1,False,-1
1398,TRIPLE,1,1,1,False,-1
1399,DOUBLE,0,1,1,False,-1
1400,SINGLE,0,0,1,False,-1
1401,TRIPLE,1,1,1,False,-1
1402,DOUBLE,0,1,1,False,-1
1403,TRIPLE,1,1,1,False,-1
1404,DOUBLE,0,1,1,False,-1
1405,SINGLE,0,0,1,False,-1
1406,SINGLE,0,0,1,False,-1
1407,TRIPLE,1,1,1,False,-1
1408,TRIPLE,1,1,1,False,-1
1409,TRIPLE,1,1,1,False,-1
1411,DOUBLE,0,1,1,False,-1
1412,DOUBLE,0,1,1,False,-1
1413,TRIPLE,1,1,1,False,-1
1414,SINGLE,0,0,1,False,-1
1415,TRIPLE,1,1,1,False,-1
1416,DOUBLE,0,1,1,False,-1
1417,DOUBLE,0,1,1,False,-1
1418,SINGLE,0,0,1,False,-1
1419,TRIPLE,1,1,1,False,-1
1423,TRIPLE,1,1,1,False,-1
1424,TRIPLE,1,1,1,False,-1
1425,SINGLE,0,0,1,False,-1
1427,TRIPLE,1,1,1,False,-1
1428,TRIPLE,1,1,1,False,-1
1429,TRIPLE,1,1,1,False,-1
1430,SINGLE,0,0,1,False,-1
1431,TRIPLE,1,1,1,False,-1
1432,SINGLE,0,0,1,False,-1
1433,DOUBLE,0,1,1,False,-1
1434,TRIPLE,1,1,1,False,-1
1436,DOUBLE,0,1,1,False,-1
1437,DOUBLE,0,1,1,False,-1
1438,DOUBLE,0,1,1,False,-1
1439,DOUBLE,0,1,1,False,-1
1440,DOUBLE,0,1,1,False,-1
1441,SINGLE,0,0,1,False,-1
1443,TRIPLE,1,1,1,False,-1
1444,TRIPLE,1,1,1,False,-1
1445,TRIPLE,1,1,1,False,-1
1446,TRIPLE,1,1,1,False,-1
1447,DOUBLE,0,1,1,False,-1
1448,SINGLE,0,0,1,False,-1
1449,TRIPLE,1,1,1,False,-1
1450,TRIPLE,1,1,1,False,-1
1451,TRIPLE,1,1,1,False,-1
1452,TRIPLE,1,1,1,False,-1
1453,TRIPLE,1,1,1,False,-1
1455,TRIPLE,1,1,1,False,-1
1456,TRIPLE,1,1,1,False,-1
1457,SINGLE,0,0,1,False,-1
1458,DOUBLE,0,1,1,False,-1
1459,TRIPLE,1,1,1,False,-1
1460,TRIPLE,1,1,1,False,-1
1461,DOUBLE,0,1,1,False,-1
1462,TRIPLE,1,1,1,False,-1
1464,TRIPLE,1,1,1,False,-1
1465,TRIPLE,1,1,1,False,-1
1466,TRIPLE,1,1,1,False,-1
1467,TRIPLE,1,1,1,False,-1
1468,TRIPLE,1,1,1,False,-1
1469,DOUBLE,0,1,1,False,-1
1470,DOUBLE,0,1,1,False,-1
1471,TRIPLE,1,1,1,False,-1
1472,DOUBLE,0,1,1,False,-1
1473,DOUBLE,0,1,1,False,-1
1474,TRIPLE,1,1,1,False,-1
1475,TRIPLE,1,1,1,False,-1
1476,TRIPLE,1,1,1,False,-1
1477,SINGLE,0,0,1,False,-1
1478,TRIPLE,1,1,1,False,-1
1479,TRIPLE,1,1,1,False,-1
1480,TRIPLE,1,1,1,False,-1
1481,TRIPLE,1,1,1,False,-1
1482,TRIPLE,1,1,1,False,-1
1483,TRIPLE,1,1,1,False,-1
1484,DOUBLE,0,1,1,False,-1
1486,TRIPLE,1,1,1,False,-1
1487,TRIPLE,1,1,1,False,-1
1489,DOUBLE,0,1,1,False,-1
1491,TRIPLE,1,1,1,False,-1
1493,DOUBLE,0,1,1,False,-1
1494,TRIPLE,1,1,1,False,-1
1495,DOUBLE,0,1,1,False,-1
1496,DOUBLE,0,1,1,False,-1
1497,TRIPLE,1,1,1,False,-1
1498,TRIPLE,1,1,1,False,-1
1500,TRIPLE,1,1,1,False,-1
1501,TRIPLE,1,1,1,False,-1
1502,DOUBLE,0,1,1,False,-1
1503,TRIPLE,1,1,1,False,-1
1504,TRIPLE,1,1,1,False,-1
1506,TRIPLE,1,1,1,False,-1
1507,SINGLE,0,0,1,False,-1
1508,TRIPLE,1,1,1,False,-1
1509,TRIPLE,1,1,1,False,-1
1510,TRIPLE,1,1,1,False,-1
1511,TRIPLE,1,1,1,False,-1
1512,TRIPLE,1,1,1,False,-1
1514,SINGLE,0,0,1,False,-1
1515,TRIPLE,1,1,1,False,-1
1516,SINGLE,0,0,1,False,-1
1517,DOUBLE,0,1,1,False,-1
1518,SINGLE,0,0,1,False,-1
1519,DOUBLE,0,1,1,False,-1
1520,TRIPLE,1,1,1,False,-1
1521,TRIPLE,1,1,1,False,-1
1522,TRIPLE,1,1,1,False,-1
1523,TRIPLE,1,1,1,False,-1
1524,TRIPLE,1,1,1,False,-1
1525,TRIPLE,1,1,1,False,-1
1526,TRIPLE,1,1,1,False,-1
1527,TRIPLE,1,1,1,False,-1
1528,TRIPLE,1,1,1,False,-1
1530,SINGLE,0,0,1,False,-1
1531,TRIPLE,1,1,1,False,-1
1532,TRIPLE,1,1,1,False,-1
1534,SINGLE,0,0,1,False,-1
1535,TRIPLE,1,1,1,False,-1
1536,TRIPLE,1,1,1,False,-1
1537,TRIPLE,1,1,1,False,-1
1539,TRIPLE,1,1,1,False,-1
1540,TRIPLE,1,1,1,False,-1
1541,TRIPLE,1,1,1,False,-1
1542,TRIPLE,1,1,1,False,-1
1543,TRIPLE,1,1,1,False,-1
1544,DOUBLE,0,1,1,False,-1
1545,TRIPLE,1,1,1,False,-1
1546,TRIPLE,1,1,1,False,-1
1547,TRIPLE,1,1,1,False,-1
1548,SINGLE,0,0,1,False,-1
1550,TRIPLE,1,1,1,False,-1
1551,TRIPLE,1,1,1,False,-1
1552,TRIPLE,1,1,1,False,-1
1553,SINGLE,0,0,1,False,-1
1555,TRIPLE,1,1,1,False,-1
1556,TRIPLE,1,1,1,False,-1
1557,TRIPLE,1,1,1,False,-1
1558,DOUBLE,0,1,1,False,-1
1559,SINGLE,0,0,1,False,-1
1560,TRIPLE,1,1,1,False,-1
1562,TRIPLE,1,1,1,False,-1
1563,DOUBLE,0,1,1,False,-1
1564,TRIPLE,1,1,1,False,-1
1565,DOUBLE,0,1,1,False,-1
1566,TRIPLE,1,1,1,False,-1
1568,TRIPLE,1,1,1,False,-1
1569,TRIPLE,1,1,1,False,-1
1570,TRIPLE,1,1,1,False,-1
1571,TRIPLE,1,1,1,False,-1
1572,TRIPLE,1,1,1,False,-1
1573,DOUBLE,0,1,1,False,-1
1574,TRIPLE,1,1,1,False,-1
1575,DOUBLE,0,1,1,False,-1
1576,TRIPLE,1,1,1,False,-1
1577,TRIPLE,1,1,1,False,-1
1578,TRIPLE,1,1,1,False,-1
1579,TRIPLE,1,1,1,False,-1
1580,DOUBLE,0,1,1,False,-1
1582,SINGLE,0,0,1,False,-1
1583,DOUBLE,0,1,1,False,-1
1584,TRIPLE,1,1,1,False,-1
1585,TRIPLE,1,1,1,False,-1
1586,TRIPLE,1,1,1,False,-1
1587,DOUBLE,0,1,1,False,-1
1588,TRIPLE,1,1,1,False,-1
1589,DOUBLE,0,1,1,False,-1
1590,TRIPLE,1,1,1,False,-1
1591,TRIPLE,1,1,1,False,-1
1592,TRIPLE,1,1,1,False,-1
1593,TRIPLE,1,1,1,False,-1
1594,SINGLE,0,0,1,False,-1
1595,TRIPLE,1,1,1,False,-1
1596,DOUBLE,0,1,1,False,-1
1597,TRIPLE,1,1,1,False,-1
1598,TRIPLE,1,1,1,False,-1
1599,TRIPLE,1,1,1,False,-1
1600,TRIPLE,1,1,1,False,-1
1601,TRIPLE,1,1,1,False,-1
1602,DOUBLE,0,1,1,False,-1
1603,TRIPLE,1,1,1,False,-1
1604,TRIPLE,1,1,1,False,-1
1605,TRIPLE,1,1,1,False,-1
1606,TRIPLE,1,1,1,False,-1
1607,DOUBLE,0,1,1,False,-1
1608,DOUBLE,0,1,1,False,-1
1609,TRIPLE,1,1,1,False,-1
1610,TRIPLE,1,1,1,False,-1
1611,DOUBLE,0,1,1,False,-1
1612,TRIPLE,1,1,1,False,-1
1613,TRIPLE,1,1,1,False,-1
1615,TRIPLE,1,1,1,False,-1
1616,SINGLE,0,0,1,False,-1
1617,TRIPLE,1,1,1,False,-1
1618,TRIPLE,1,1,1,False,-1
1619,SINGLE,0,0,1,False,-1
1620,TRIPLE,1,1,1,False,-1
1621,TRIPLE,1,1,1,False,-1
1622,TRIPLE,1,1,1,False,-1
1625,TRIPLE,1,1,1,False,-1
1626,TRIPLE,1,1,1,False,-1
1627,TRIPLE,1,1,1,False,-1
1628,TRIPLE,1,1,1,False,-1
1629,TRIPLE,1,1,1,False,-1
1630,TRIPLE,1,1,1,False,-1
1631,TRIPLE,1,1,1,False,-1
1632,DOUBLE,0,1,1,False,-1
1633,TRIPLE,1,1,1,False,-1
1634,TRIPLE,1,1,1,False,-1
1635,TRIPLE,1,1,1,False,-1
1636,TRIPLE,1,1,1,False,-1
1637,TRIPLE,1,1,1,False,-1
1638,SINGLE,0,0,1,False,-1
1639,TRIPLE,1,1,1,False,-1
1640,TRIPLE,1,1,1,False,-1
1641,DOUBLE,0,1,1,False,-1
1642,TRIPLE,1,1,1,False,-1
1643,TRIPLE,1,1,1,False,-1
1644,SINGLE,0,0,1,False,-1
1645,TRIPLE,1,1,1,False,-1
1646,SINGLE,0,0,1,False,-1
1647,TRIPLE,1,1,1,False,-1
1648,SINGLE,0,0,1,False,-1
1650,DOUBLE,0,1,1,False,-1
1651,SINGLE,0,0,1,False,-1
1653,TRIPLE,1,1,1,False,-1
1654,TRIPLE,1,1,1,False,-1
1655,TRIPLE,1,1,1,False,-1
1657,DOUBLE,0,1,1,False,-1
1659,DOUBLE,0,1,1,False,-1
1660,TRIPLE,1,1,1,False,-1
1661,DOUBLE,0,1,1,False,-1
1662,TRIPLE,1,1,1,False,-1
1663,DOUBLE,0,1,1,False,-1
1664,TRIPLE,1,1,1,False,-1
1665,DOUBLE,0,1,1,False,-1
1666,TRIPLE,1,1,1,False,-1
1667,TRIPLE,1,1,1,False,-1
1668,TRIPLE,1,1,1,False,-1
1669,DOUBLE,0,1,1,False,-1
1670,TRIPLE,1,1,1,False,-1
1671,DOUBLE,0,1,1,False,-1
1672,TRIPLE,1,1,1,False,-1
1673,TRIPLE,1,1,1,False,-1
1674,TRIPLE,1,1,1,False,-1
1675,SINGLE,0,0,1,False,-1
1676,TRIPLE,1,1,1,False,-1
1677,DOUBLE,0,1,1,False,-1
1678,TRIPLE,1,1,1,False,-1
1679,TRIPLE,1,1,1,False,-1
1680,TRIPLE,1,1,1,False,-1
1682,TRIPLE,1,1,1,False,-1
1683,SINGLE,0,0,1,False,-1
1684,DOUBLE,0,1,1,False,-1
1685,DOUBLE,0,1,1,False,-1
1686,TRIPLE,1,1,1,False,-1
1687,DOUBLE,0,1,1,False,-1
1688,TRIPLE,1,1,1,False,-1
1689,TRIPLE,1,1,1,False,-1
1690,TRIPLE,1,1,1,False,-1
1691,TRIPLE,1,1,1,False,-1
1692,DOUBLE,0,1,1,False,-1
1693,TRIPLE,1,1,1,False,-1
1694,TRIPLE,1,1,1,False,-1
1695,TRIPLE,1,1,1,False,-1
1696,SINGLE,0,0,1,False,-1
1697,SINGLE,0,0,1,False,-1
1698,SINGLE,0,0,1,False,-1
1699,DOUBLE,0,1,1,False,-1
1700,TRIPLE,1,1,1,False,-1
1701,TRIPLE,1,1,1,False,-1
1702,TRIPLE,1,1,1,False,-1
1703,DOUBLE,0,1,1,False,-1
1704,TRIPLE,1,1,1,False,-1
1705,DOUBLE,0,1,1,False,-1
1706,TRIPLE,1,1,1,False,-1
1707,TRIPLE,1,1,1,False,-1
1708,DOUBLE,0,1,1,False,-1
1709,SINGLE,0,0,1,False,-1
1710,TRIPLE,1,1,1,False,-1
1711,SINGLE,0,0,1,False,-1
1712,DOUBLE,0,1,1,False,-1
1713,TRIPLE,1,1,1,False,-1
1714,TRIPLE,1,1,1,False,-1
1715,TRIPLE,1,1,1,False,-1
1716,DOUBLE,0,1,1,False,-1
1717,TRIPLE,1,1,1,False,-1
1718,SINGLE,0,0,1,False,-1
1719,SINGLE,0,0,1,False,-1
1720,TRIPLE,1,1,1,False,-1
1721,DOUBLE,0,1,1,False,-1
1722,TRIPLE,1,1,1,False,-1
1724,DOUBLE,0,1,1,False,-1
1725,TRIPLE,1,1,1,False,-1
1726,SINGLE,0,0,1,False,-1
1727,TRIPLE,1,1,1,False,-1
1729,DOUBLE,0,1,1,False,-1
1730,TRIPLE,1,1,1,False,-1
1731,TRIPLE,1,1,1,False,-1
1732,DOUBLE,0,1,1,False,-1
1733,TRIPLE,1,1,1,False,-1
1734,TRIPLE,1,1,1,False,-1
1735,TRIPLE,1,1,1,False,-1
1737,TRIPLE,1,1,1,False,-1
1738,TRIPLE,1,1,1,False,-1
1739,TRIPLE,1,1,1,False,-1
1740,TRIPLE,1,1,1,False,-1
1741,TRIPLE,1,1,1,False,-1
1742,DOUBLE,0,1,1,False,-1
1743,TRIPLE,1,1,1,False,-1
1744,DOUBLE,0,1,1,False,-1
1745,TRIPLE,1,1,1,False,-1
1746,DOUBLE,0,1,1,False,-1
1747,DOUBLE,0,1,1,False,-1
1748,DOUBLE,0,1,1,False,-1
1749,DOUBLE,0,1,1,False,-1
1750,DOUBLE,0,1,1,False,-1
1751,TRIPLE,1,1,1,False,-1
1752,TRIPLE,1,1,1,False,-1
1753,DOUBLE,0,1,1,False,-1
1754,TRIPLE,1,1,1,False,-1
1755,TRIPLE,1,1,1,False,-1
1757,SINGLE,0,0,1,False,-1
1758,SINGLE,0,0,1,False,-1
1759,DOUBLE,0,1,1,False,-1
1760,DOUBLE,0,1,1,False,-1
1761,SINGLE,0,0,1,False,-1
1762,TRIPLE,1,1,1,False,-1
1763,DOUBLE,0,1,1,False,-1
1764,SINGLE,0,0,1,False,-1
1765,DOUBLE,0,1,1,False,-1
1766,TRIPLE,1,1,1,False,-1
1767,TRIPLE,1,1,1,False,-1
1768,TRIPLE,1,1,1,False,-1
1769,TRIPLE,1,1,1,False,-1
1770,DOUBLE,0,1,1,False,-1
1771,TRIPLE,1,1,1,False,-1
1772,TRIPLE,1,1,1,False,-1
1773,TRIPLE,1,1,1,False,-1
1774,TRIPLE,1,1,1,False,-1
1775,SINGLE,0,0,1,False,-1
1776,TRIPLE,1,1,1,False,-1
1777,TRIPLE,1,1,1,False,-1
1778,TRIPLE,1,1,1,False,-1
1779,TRIPLE,1,1,1,False,-1
1780,TRIPLE,1,1,1,False,-1
1782,TRIPLE,1,1,1,False,-1
1783,TRIPLE,1,1,1,False,-1
1784,TRIPLE,1,1,1,False,-1
1785,TRIPLE,1,1,1,False,-1
1786,TRIPLE,1,1,1,False,-1
1787,DOUBLE,0,1,1,False,-1
1788,SINGLE,0,0,1,False,-1
1789,TRIPLE,1,1,1,False,-1
1790,DOUBLE,0,1,1,False,-1
1791,TRIPLE,1,1,1,False,-1
1792,SINGLE,0,0,1,False,-1
1794,TRIPLE,1,1,1,False,-1
1796,TRIPLE,1,1,1,False,-1
1797,DOUBLE,0,1,1,False,-1
1798,TRIPLE,1,1,1,False,-1
1799,TRIPLE,1,1,1,False,-1
1800,DOUBLE,0,1,1,False,-1
1801,TRIPLE,1,1,1,False,-1
1802,DOUBLE,0,1,1,False,-1
1803,DOUBLE,0,1,1,False,-1
1805,TRIPLE,1,1,1,False,-1
1806,DOUBLE,0,1,1,False,-1
1807,TRIPLE,1,1,1,False,-1
1808,TRIPLE,1,1,1,False,-1
1809,SINGLE,0,0,1,False,-1
1810,TRIPLE,1,1,1,False,-1
1811,TRIPLE,1,1,1,False,-1
1812,TRIPLE,1,1,1,False,-1
1813,SINGLE,0,0,1,False,-1
1814,TRIPLE,1,1,1,False,-1
1815,TRIPLE,1,1,1,False,-1
1816,DOUBLE,0,1,1,False,-1
1817,SINGLE,0,0,1,False,-1
1818,SINGLE,0,0,1,False,-1
1821,SINGLE,0,0,1,False,-1
1823,TRIPLE,1,1,1,False,-1
1824,DOUBLE,0,1,1,False,-1
1825,TRIPLE,1,1,1,False,-1
1826,SINGLE,0,0,1,False,-1
1827,DOUBLE,0,1,1,False,-1
1828,TRIPLE,1,1,1,False,-1
1829,DOUBLE,0,1,1,False,-1
1830,TRIPLE,1,1,1,False,-1
1831,TRIPLE,1,1,1,False,-1
1833,SINGLE,0,0,1,False,-1
1834,TRIPLE,1,1,1,False,-1
1835,TRIPLE,1,1,1,False,-1
1836,DOUBLE,0,1,1,False,-1
1839,DOUBLE,0,1,1,False,-1
1840,TRIPLE,1,1,1,False,-1
1841,TRIPLE,1,1,1,False,-1
1842,DOUBLE,0,1,1,False,-1
1843,TRIPLE,1,1,1,False,-1
1844,DOUBLE,0,1,1,False,-1
1845,DOUBLE,0,1,1,False,-1
1846,DOUBLE,1,0,1,False,-1
1849,DOUBLE,0,1,1,False,-1
1850,TRIPLE,1,1,1,False,-1
1851,SINGLE,0,0,1,False,-1
1852,TRIPLE,1,1,1,False,-1
1853,TRIPLE,1,1,1,False,-1
1854,TRIPLE,1,1,1,False,-1
1855,TRIPLE,1,1,1,False,-1
1856,SINGLE,0,0,1,False,-1
1857,TRIPLE,1,1,1,False,-1
1858,DOUBLE,0,1,1,False,-1
1860,DOUBLE,0,1,1,False,-1
1861,DOUBLE,0,1,1,False,-1
1862,TRIPLE,1,1,1,False,-1
1863,SINGLE,0,0,1,False,-1
1864,TRIPLE,1,1,1,False,-1
1866,TRIPLE,1,1,1,False,-1
1867,DOUBLE,0,1,1,False,-1
1869,TRIPLE,1,1,1,False,-1
1870,TRIPLE,1,1,1,False,-1
1871,TRIPLE,1,1,1,False,-1
1872,SINGLE,0,0,1,False,-1
1873,TRIPLE,1,1,1,False,-1
1874,TRIPLE,1,1,1,False,-1
1875,TRIPLE,1,1,1,False,-1
1876,DOUBLE,0,1,1,False,-1
1877,TRIPLE,1,1,1,False,-1
1878,TRIPLE,1,1,1,False,-1
1880,TRIPLE,1,1,1,False,-1
1881,SINGLE,0,0,1,False,-1
1882,SINGLE,0,0,1,False,-1
1883,TRIPLE,1,1,1,False,-1
1884,TRIPLE,1,1,1,False,-1
1885,TRIPLE,1,1,1,False,-1
1886,TRIPLE,1,1,1,False,-1
1887,TRIPLE,1,1,1,False,-1
1888,DOUBLE,0,1,1,False,-1
1889,DOUBLE,0,1,1,False,-1
1890,DOUBLE,0,1,1,False,-1
1891,TRIPLE,1,1,1,False,-1
1892,TRIPLE,1,1,1,False,-1
1893,TRIPLE,1,1,1,False,-1
1894,DOUBLE,0,1,1,False,-1
1895,TRIPLE,1,1,1,False,-1
1896,TRIPLE,1,1,1,False,-1
1897,DOUBLE,0,1,1,False,-1
1898,TRIPLE,1,1,1,False,-1
1899,TRIPLE,1,1,1,False,-1
1900,SINGLE,0,0,1,False,-1
1901,DOUBLE,0,1,1,False,-1
1902,DOUBLE,0,1,1,False,-1
1903,DOUBLE,0,1,1,False,-1
1904,TRIPLE,1,1,1,False,-1
1905,TRIPLE,1,1,1,False,-1
1906,TRIPLE,1,1,1,False,-1
1907,TRIPLE,1,1,1,False,-1
1908,DOUBLE,0,1,1,False,-1
1910,TRIPLE,1,1,1,False,-1
1911,TRIPLE,1,1,1,False,-1
1912,TRIPLE,1,1,1,False,-1
1913,TRIPLE,1,1,1,False,-1
1914,TRIPLE,1,1,1,False,-1
1915,TRIPLE,1,1,1,False,-1
1916,TRIPLE,1,1,1,False,-1
1917,TRIPLE,1,1,1,False,-1
1918,DOUBLE,0,1,1,False,-1
1919,SINGLE,0,0,1,False,-1
1920,TRIPLE,1,1,1,False,-1
1921,TRIPLE,1,1,1,False,-1
1922,TRIPLE,1,1,1,False,-1
1923,DOUBLE,0,1,1,False,-1
1924,DOUBLE,0,1,1,False,-1
1925,DOUBLE,0,1,1,False,-1
1926,DOUBLE,0,1,1,False,-1
1927,SINGLE,0,0,1,False,-1
1928,TRIPLE,1,1,1,False,-1
1929,DOUBLE,0,1,1,False,-1
1930,DOUBLE,0,1,1,False,-1
1931,DOUBLE,0,1,1,False,-1
1932,DOUBLE,0,1,1,False,-1
1933,SINGLE,0,0,1,False,-1
1934,SINGLE,0,0,1,False,-1
1935,DOUBLE,0,1,1,False,-1
1936,DOUBLE,0,1,1,False,-1
1937,TRIPLE,1,1,1,False,-1
1938,DOUBLE,0,1,1,False,-1
1939,DOUBLE,0,1,1,False,-1
1940,DOUBLE,0,1,1,False,-1
1941,TRIPLE,1,1,1,False,-1
1942,TRIPLE,1,1,1,False,-1
1943,DOUBLE,0,1,1,False,-1
1944,TRIPLE,1,1,1,False,-1
1945,TRIPLE,1,1,1,False,-1
1947,SINGLE,0,0,1,False,-1
1948,TRIPLE,1,1,1,False,-1
1949,DOUBLE,0,1,1,False,-1
1950,TRIPLE,1,1,1,False,-1
1951,TRIPLE,1,1,1,False,-1
1952,SINGLE,0,0,1,False,-1
1953,TRIPLE,1,1,1,False,-1
1954,TRIPLE,1,1,1,False,-1
1955,TRIPLE,1,1,1,False,-1
1956,TRIPLE,1,1,1,False,-1
1957,TRIPLE,1,1,1,False,-1
1958,DOUBLE,0,1,1,False,-1
1959,DOUBLE,0,1,1,False,-1
1960,SINGLE,0,0,1,False,-1
1961,TRIPLE,1,1,1,False,-1
1962,DOUBLE,0,1,1,False,-1
1963,TRIPLE,1,1,1,False,-1
1964,TRIPLE,1,1,1,False,-1
1965,TRIPLE,1,1,1,False,-1
1966,TRIPLE,1,1,1,False,-1
1967,DOUBLE,0,1,1,False,-1
1968,TRIPLE,1,1,1,False,-1
1969,TRIPLE,1,1,1,False,-1
1970,SINGLE,0,0,1,False,-1
1972,TRIPLE,1,1,1,False,-1
1973,TRIPLE,1,1,1,False,-1
1974,DOUBLE,0,1,1,False,-1
1975,TRIPLE,1,1,1,False,-1
1976,DOUBLE,0,1,1,False,-1
1977,DOUBLE,0,1,1,False,-1
1978,TRIPLE,1,1,1,False,-1
1979,TRIPLE,1,1,1,False,-1
1980,TRIPLE,1,1,1,False,-1
1981,DOUBLE,0,1,1,False,-1
1982,TRIPLE,1,1,1,False,-1
1984,TRIPLE,1,1,1,False,-1
1985,TRIPLE,1,1,1,False,-1
1986,DOUBLE,0,1,1,False,-1
1988,SINGLE,0,0,1,False,-1
1989,TRIPLE,1,1,1,False,-1
1990,TRIPLE,1,1,1,False,-1
1991,DOUBLE,0,1,1,False,-1
1993,SINGLE,0,0,1,False,-1
1994,TRIPLE,1,1,1,False,-1
1995,TRIPLE,1,1,1,False,-1
1996,DOUBLE,0,1,1,False,-1
1997,TRIPLE,1,1,1,False,-1
1998,TRIPLE,1,1,1,False,-1
1999,TRIPLE,1,1,1,False,-1
2000,TRIPLE,1,1,1,False,-1
2001,DOUBLE,0,1,1,False,-1
2002,TRIPLE,1,1,1,False,-1
2003,TRIPLE,1,1,1,False,-1
2004,TRIPLE,1,1,1,False,-1
2005,TRIPLE,1,1,1,False,-1
2006,DOUBLE,0,1,1,False,-1
2007,SINGLE,0,0,1,False,-1
2008,TRIPLE,1,1,1,False,-1
2009,TRIPLE,1,1,1,False,-1
2010,DOUBLE,0,1,1,False,-1
2012,DOUBLE,0,1,1,False,-1
2013,DOUBLE,0,1,1,False,-1
2014,TRIPLE,1,1,1,False,-1
2015,TRIPLE,1,1,1,False,-1
2016,DOUBLE,0,1,1,False,-1
2017,DOUBLE,0,1,1,False,-1
2018,TRIPLE,1,1,1,False,-1
2019,TRIPLE,1,1,1,False,-1
2020,SINGLE,0,0,1,False,-1
2021,TRIPLE,1,1,1,False,-1
2022,TRIPLE,1,1,1,False,-1
2023,DOUBLE,0,1,1,False,-1
2024,DOUBLE,0,1,1,False,-1
2025,DOUBLE,0,1,1,False,-1
2026,TRIPLE,1,1,1,False,-1
2027,DOUBLE,0,1,1,False,-1
2028,DOUBLE,0,1,1,False,-1
2029,DOUBLE,0,1,1,False,-1
2030,DOUBLE,0,1,1,False,-1
2031,DOUBLE,0,1,1,False,-1
2032,TRIPLE,1,1,1,False,-1
2033,TRIPLE,1,1,1,False,-1
2034,TRIPLE,1,1,1,False,-1
2035,TRIPLE,1,1,1,False,-1
2036,TRIPLE,1,1,1,False,-1
2037,SINGLE,0,0,1,False,-1
2038,SINGLE,0,0,1,False,-1
2039,DOUBLE,0,1,1,False,-1
2040,DOUBLE,0,1,1,False,-1
2041,DOUBLE,0,1,1,False,-1
2042,TRIPLE,1,1,1,False,-1
2043,TRIPLE,1,1,1,False,-1
2044,TRIPLE,1,1,1,False,-1
2045,TRIPLE,1,1,1,False,-1
2046,TRIPLE,1,1,1,False,-1
2047,DOUBLE,0,1,1,False,-1
2048,DOUBLE,0,1,1,False,-1
2050,TRIPLE,1,1,1,False,-1
2051,TRIPLE,1,1,1,False,-1
2054,TRIPLE,1,1,1,False,-1
2056,DOUBLE,0,1,1,False,-1
2057,TRIPLE,1,1,1,False,-1
2058,TRIPLE,1,1,1,False,-1
2059,DOUBLE,0,1,1,False,-1
2060,DOUBLE,0,1,1,False,-1
2062,TRIPLE,1,1,1,False,-1
2063,DOUBLE,0,1,1,False,-1
2064,TRIPLE,1,1,1,False,-1
2067,SINGLE,0,0,1,False,-1
2068,DOUBLE,0,1,1,False,-1
2069,TRIPLE,1,1,1,False,-1
2070,TRIPLE,1,1,1,False,-1
2072,TRIPLE,1,1,1,False,-1
2073,TRIPLE,1,1,1,False,-1
2074,TRIPLE,1,1,1,False,-1
2075,TRIPLE,1,1,1,False,-1
2076,DOUBLE,0,1,1,False,-1
2078,DOUBLE,0,1,1,False,-1
2079,TRIPLE,1,1,1,False,-1
2080,DOUBLE,0,1,1,False,-1
2081,TRIPLE,1,1,1,False,-1
2082,TRIPLE,1,1,1,False,-1
2083,TRIPLE,1,1,1,False,-1
2084,SINGLE,0,0,1,False,-1
2085,TRIPLE,1,1,1,False,-1
2086,TRIPLE,1,1,1,False,-1
2087,TRIPLE,1,1,1,False,-1
2088,DOUBLE,0,1,1,False,-1
2091,TRIPLE,1,1,1,False,-1
2092,TRIPLE,1,1,1,False,-1
2093,SINGLE,0,0,1,False,-1
2094,DOUBLE,0,1,1,False,-1
2096,SINGLE,0,0,1,False,-1
2097,SINGLE,0,0,1,False,-1
2098,DOUBLE,0,1,1,False,-1
2099,DOUBLE,0,1,1,False,-1
2100,TRIPLE,1,1,1,False,-1
2101,TRIPLE,1,1,1,False,-1
2102,TRIPLE,1,1,1,False,-1
2103,SINGLE,0,0,1,False,-1
2104,TRIPLE,1,1,1,False,-1
2105,SINGLE,0,0,1,False,-1
2106,TRIPLE,1,1,1,False,-1
2107,TRIPLE,1,1,1,False,-1
2108,DOUBLE,0,1,1,False,-1
2109,TRIPLE,1,1,1,False,-1
2110,TRIPLE,1,1,1,False,-1
2111,TRIPLE,1,1,1,False,-1
2112,DOUBLE,0,1,1,False,-1
2114,DOUBLE,0,1,1,False,-1
2115,TRIPLE,1,1,1,False,-1
2116,SINGLE,0,0,1,False,-1
2117,SINGLE,0,0,1,False,-1
2118,TRIPLE,1,1,1,False,-1
2120,TRIPLE,1,1,1,False,-1
2121,TRIPLE,1,1,1,False,-1
2123,SINGLE,0,0,1,False,-1
2125,TRIPLE,1,1,1,False,-1
2126,DOUBLE,0,1,1,False,-1
2127,DOUBLE,0,1,1,False,-1
2128,TRIPLE,1,1,1,False,-1
2129,DOUBLE,0,1,1,False,-1
2130,DOUBLE,0,1,1,False,-1
2132,TRIPLE,1,1,1,False,-1
2133,TRIPLE,1,1,1,False,-1
2134,TRIPLE,1,1,1,False,-1
2135,TRIPLE,1,1,1,False,-1
2136,TRIPLE,1,1,1,False,-1
2137,DOUBLE,0,1,1,False,-1
2138,DOUBLE,0,1,1,False,-1
2139,DOUBLE,0,1,1,False,-1
2140,DOUBLE,0,1,1,False,-1
2141,DOUBLE,0,1,1,False,-1
2142,TRIPLE,1,1,1,False,-1
2143,TRIPLE,1,1,1,False,-1
2144,TRIPLE,1,1,1,False,-1
2145,DOUBLE,0,1,1,False,-1
2146,TRIPLE,1,1,1,False,-1
2147,DOUBLE,0,1,1,False,-1
2148,TRIPLE,1,1,1,False,-1
2149,DOUBLE,0,1,1,False,-1
2150,TRIPLE,1,1,1,False,-1
2151,SINGLE,0,0,1,False,-1
2152,TRIPLE,1,1,1,False,-1
2153,TRIPLE,1,1,1,False,-1
2154,TRIPLE,1,1,1,False,-1
2155,TRIPLE,1,1,1,False,-1
2156,TRIPLE,1,1,1,False,-1
2157,DOUBLE,0,1,1,False,-1
2158,TRIPLE,1,1,1,False,-1
2159,DOUBLE,0,1,1,False,-1
2160,DOUBLE,0,1,1,False,-1
2163,TRIPLE,1,1,1,False,-1
2164,TRIPLE,1,1,1,False,-1
2166,DOUBLE,0,1,1,False,-1
2167,TRIPLE,1,1,1,False,-1
2168,DOUBLE,0,1,1,False,-1
2169,TRIPLE,1,1,1,False,-1
2170,TRIPLE,1,1,1,False,-1
2172,SINGLE,0,0,1,False,-1
2173,DOUBLE,0,1,1,False,-1
2174,DOUBLE,0,1,1,False,-1
2175,DOUBLE,0,1,1,False,-1
2176,TRIPLE,1,1,1,False,-1
2177,TRIPLE,1,1,1,False,-1
2178,TRIPLE,1,1,1,False,-1
2179,SINGLE,0,0,1,False,-1
2180,TRIPLE,1,1,1,False,-1
2181,TRIPLE,1,1,1,False,-1
2182,SINGLE,0,0,1,False,-1
2183,TRIPLE,1,1,1,False,-1
2184,TRIPLE,1,1,1,False,-1
2185,SINGLE,0,0,1,False,-1
2186,SINGLE,0,0,1,False,-1
2187,TRIPLE,1,1,1,False,-1
2188,TRIPLE,1,1,1,False,-1
2190,SINGLE,0,0,1,False,-1
2191,TRIPLE,1,1,1,False,-1
2192,SINGLE,0,0,1,False,-1
2193,TRIPLE,1,1,1,False,-1
2195,TRIPLE,1,1,1,False,-1
2196,DOUBLE,0,1,1,False,-1
2198,SINGLE,0,0,1,False,-1
2199,TRIPLE,1,1,1,False,-1
2200,DOUBLE,0,1,1,False,-1
2201,DOUBLE,0,1,1,False,-1
2202,TRIPLE,1,1,1,False,-1
2203,TRIPLE,1,1,1,False,-1
2204,TRIPLE,1,1,1,False,-1
2205,TRIPLE,1,1,1,False,-1
2206,DOUBLE,0,1,1,False,-1
2207,TRIPLE,1,1,1,False,-1
2208,SINGLE,0,0,1,False,-1
2209,TRIPLE,1,1,1,False,-1
2210,TRIPLE,1,1,1,False,-1
2211,DOUBLE,0,1,1,False,-1
2212,TRIPLE,1,1,1,False,-1
2213,TRIPLE,1,1,1,False,-1
2214,TRIPLE,1,1,1,False,-1
2216,TRIPLE,1,1,1,False,-1
2217,TRIPLE,1,1,1,False,-1
2218,DOUBLE,0,1,1,False,-1
2219,SINGLE,0,0,1,False,-1
2220,SINGLE,0,0,1,False,-1
2221,DOUBLE,0,1,1,False,-1
2222,SINGLE,0,0,1,False,-1
2223,SINGLE,0,0,1,False,-1
2225,TRIPLE,1,1,1,False,-1
2226,TRIPLE,1,1,1,False,-1
2227,TRIPLE,1,1,1,False,-1
2229,TRIPLE,1,1,1,False,-1
2231,SINGLE,0,0,1,False,-1
2232,TRIPLE,1,1,1,False,-1
2233,DOUBLE,0,1,1,False,-1
2234,TRIPLE,1,1,1,False,-1
2235,DOUBLE,0,1,1,False,-1
2236,TRIPLE,1,1,1,False,-1
2237,TRIPLE,1,1,1,False,-1
2238,SINGLE,0,0,1,False,-1
2239,TRIPLE,1,1,1,False,-1
2240,SINGLE,0,0,1,False,-1
2241,TRIPLE,1,1,1,False,-1
2242,TRIPLE,1,1,1,False,-1
2243,TRIPLE,1,1,1,False,-1
2244,TRIPLE,1,1,1,False,-1
2245,DOUBLE,0,1,1,False,-1
2246,TRIPLE,1,1,1,False,-1
2247,SINGLE,0,0,1,False,-1
2249,DOUBLE,0,1,1,False,-1
2250,TRIPLE,1,1,1,False,-1
2251,DOUBLE,0,1,1,False,-1
2252,TRIPLE,1,1,1,False,-1
2253,TRIPLE,1,1,1,False,-1
2255,DOUBLE,0,1,1,False,-1
2256,TRIPLE,1,1,1,False,-1
2257,TRIPLE,1,1,1,False,-1
2258,TRIPLE,1,1,1,False,-1
2259,SINGLE,0,0,1,False,-1
2260,TRIPLE,1,1,1,False,-1
2261,DOUBLE,0,1,1,False,-1
2262,TRIPLE,1,1,1,False,-1
2264,DOUBLE,0,1,1,False,-1
2265,TRIPLE,1,1,1,False,-1
2266,SINGLE,0,0,1,False,-1
2267,TRIPLE,1,1,1,False,-1
2268,TRIPLE,1,1,1,False,-1
2269,TRIPLE,1,1,1,False,-1
2270,TRIPLE,1,1,1,False,-1
2271,DOUBLE,0,1,1,False,-1
2272,TRIPLE,1,1,1,False,-1
2273,TRIPLE,1,1,1,False,-1
2274,DOUBLE,0,1,1,False,-1
2275,SINGLE,0,0,1,False,-1
2276,TRIPLE,1,1,1,False,-1
2277,TRIPLE,1,1,1,False,-1
2278,DOUBLE,0,1,1,False,-1
2279,DOUBLE,0,1,1,False,-1
2282,TRIPLE,1,1,1,False,-1
2283,TRIPLE,1,1,1,False,-1
2284,DOUBLE,0,1,1,False,-1
2285,TRIPLE,1,1,1,False,-1
2286,TRIPLE,1,1,1,False,-1
2287,SINGLE,0,0,1,False,-1
2288,DOUBLE,0,1,1,False,-1
2289,TRIPLE,1,1,1,False,-1
2290,DOUBLE,0,1,1,False,-1
2291,DOUBLE,0,1,1,False,-1
2292,SINGLE,0,0,1,False,-1
2293,TRIPLE,1,1,1,False,-1
2294,TRIPLE,1,1,1,False,-1
2295,TRIPLE,1,1,1,False,-1
2296,TRIPLE,1,1,1,False,-1
2297,TRIPLE,1,1,1,False,-1
2298,SINGLE,0,0,1,False,-1
2300,DOUBLE,0,1,1,False,-1
2301,SINGLE,0,0,1,False,-1
2302,TRIPLE,1,1,1,False,-1
2303,DOUBLE,0,1,1,False,-1
2304,SINGLE,0,0,1,False,-1
2305,TRIPLE,1,1,1,False,-1
2306,TRIPLE,1,1,1,False,-1
2307,SINGLE,0,0,1,False,-1
2308,SINGLE,0,0,1,False,-1
2309,TRIPLE,1,1,1,False,-1
2310,DOUBLE,0,1,1,False,-1
2311,DOUBLE,0,1,1,False,-1
2313,TRIPLE,1,1,1,False,-1
2314,TRIPLE,1,1,1,False,-1
2315,TRIPLE,1,1,1,False,-1
2316,DOUBLE,0,1,1,False,-1
2317,TRIPLE,1,1,1,False,-1
2318,TRIPLE,1,1,1,False,-1
2320,TRIPLE,1,1,1,False,-1
2321,TRIPLE,1,1,1,False,-1
2322,DOUBLE,0,1,1,False,-1
2323,TRIPLE,1,1,1,False,-1
2324,TRIPLE,1,1,1,False,-1
2325,DOUBLE,0,1,1,False,-1
2327,TRIPLE,1,1,1,False,-1
2328,SINGLE,0,0,1,False,-1
2329,DOUBLE,0,1,1,False,-1
2330,TRIPLE,1,1,1,False,-1
2331,DOUBLE,0,1,1,False,-1
2332,TRIPLE,1,1,1,False,-1
2333,TRIPLE,1,1,1,False,-1
2335,TRIPLE,1,1,1,False,-1
2336,SINGLE,0,0,1,False,-1
2337,DOUBLE,0,1,1,False,-1
2338,TRIPLE,1,1,1,False,-1
2340,TRIPLE,1,1,1,False,-1
2341,SINGLE,0,0,1,False,-1
2342,DOUBLE,0,1,1,False,-1
2343,TRIPLE,1,1,1,False,-1
2344,TRIPLE,1,1,1,False,-1
2345,SINGLE,0,0,1,False,-1
2347,DOUBLE,0,1,1,False,-1
2348,DOUBLE,0,1,1,False,-1
2349,TRIPLE,1,1,1,False,-1
2350,TRIPLE,1,1,1,False,-1
2351,SINGLE,0,0,1,False,-1
2353,DOUBLE,0,1,1,False,-1
2354,DOUBLE,0,1,1,False,-1
2355,TRIPLE,1,1,1,False,-1
2356,TRIPLE,1,1,1,False,-1
2357,SINGLE,0,0,1,False,-1
2358,TRIPLE,1,1,1,False,-1
2359,TRIPLE,1,1,1,False,-1
2360,DOUBLE,0,1,1,False,-1
2361,DOUBLE,0,1,1,False,-1
2362,TRIPLE,1,1,1,False,-1
2363,TRIPLE,1,1,1,False,-1
2365,DOUBLE,0,1,1,False,-1
2366,SINGLE,0,0,1,False,-1
2367,SINGLE,0,0,1,False,-1
2368,TRIPLE,1,1,1,False,-1
2369,TRIPLE,1,1,1,False,-1
2370,TRIPLE,1,1,1,False,-1
2371,DOUBLE,0,1,1,False,-1
2372,DOUBLE,0,1,1,False,-1
2373,TRIPLE,1,1,1,False,-1
2374,TRIPLE,1,1,1,False,-1
2375,TRIPLE,1,1,1,False,-1
2377,TRIPLE,1,1,1,False,-1
2379,SINGLE,0,0,1,False,-1
2380,DOUBLE,0,1,1,False,-1
2381,TRIPLE,1,1,1,False,-1
2382,TRIPLE,1,1,1,False,-1
2383,DOUBLE,0,1,1,False,-1
2384,SINGLE,0,0,1,False,-1
2385,TRIPLE,1,1,1,False,-1
2386,TRIPLE,1,1,1,False,-1
2389,DOUBLE,0,1,1,False,-1
2390,TRIPLE,1,1,1,False,-1
2391,TRIPLE,1,1,1,False,-1
2392,TRIPLE,1,1,1,False,-1
2393,TRIPLE,1,1,1,False,-1
2394,TRIPLE,1,1,1,False,-1
2395,SINGLE,0,0,1,False,-1
2396,SINGLE,0,0,1,False,-1
2397,SINGLE,0,0,1,False,-1
2398,TRIPLE,1,1,1,False,-1
2399,TRIPLE,1,1,1,False,-1
2400,SINGLE,0,0,1,False,-1
2401,DOUBLE,0,1,1,False,-1
2402,DOUBLE,0,1,1,False,-1
2403,SINGLE,0,0,1,False,-1
2404,TRIPLE,1,1,1,False,-1
2405,TRIPLE,1,1,1,False,-1
2406,TRIPLE,1,1,1,False,-1
2407,TRIPLE,1,1,1,False,-1
2408,TRIPLE,1,1,1,False,-1
2409,TRIPLE,1,1,1,False,-1
2410,TRIPLE,1,1,1,False,-1
2411,TRIPLE,1,1,1,False,-1
2412,DOUBLE,0,1,1,False,-1
2414,DOUBLE,0,1,1,False,-1
2415,DOUBLE,0,1,1,False,-1
2416,DOUBLE,0,1,1,False,-1
2417,TRIPLE,1,1,1,False,-1
2418,DOUBLE,0,1,1,False,-1
2419,TRIPLE,1,1,1,False,-1
2420,TRIPLE,1,1,1,False,-1
2421,SINGLE,0,0,1,False,-1
2423,TRIPLE,1,1,1,False,-1
2425,TRIPLE,1,1,1,False,-1
2426,TRIPLE,1,1,1,False,-1
2427,TRIPLE,1,1,1,False,-1
2428,TRIPLE,1,1,1,False,-1
2429,TRIPLE,1,1,1,False,-1
2430,TRIPLE,1,1,1,False,-1
2432,TRIPLE,1,1,1,False,-1
2433,TRIPLE,1,1,1,False,-1
2434,DOUBLE,0,1,1,False,-1
2435,TRIPLE,1,1,1,False,-1
2436,DOUBLE,0,1,1,False,-1
2437,TRIPLE,1,1,1,False,-1
2438,DOUBLE,0,1,1,False,-1
2439,SINGLE,0,0,1,False,-1
2440,TRIPLE,1,1,1,False,-1
2441,TRIPLE,1,1,1,False,-1
2442,DOUBLE,0,1,1,False,-1
2443,TRIPLE,1,1,1,False,-1
2444,TRIPLE,1,1,1,False,-1
2445,DOUBLE,0,1,1,False,-1
2446,TRIPLE,1,1,1,False,-1
2447,TRIPLE,1,1,1,False,-1
2448,TRIPLE,1,1,1,False,-1
2449,DOUBLE,0,1,1,False,-1
2450,DOUBLE,0,1,1,False,-1
2451,TRIPLE,1,1,1,False,-1
2452,DOUBLE,0,1,1,False,-1
2453,TRIPLE,1,1,1,False,-1
2454,TRIPLE,1,1,1,False,-1
2455,SINGLE,0,0,1,False,-1
2456,TRIPLE,1,1,1,False,-1
2458,SINGLE,0,0,1,False,-1
2459,DOUBLE,0,1,1,False,-1
2460,TRIPLE,1,1,1,False,-1
2461,DOUBLE,0,1,1,False,-1
2463,DOUBLE,0,1,1,False,-1
2464,SINGLE,0,0,1,False,-1
2466,DOUBLE,0,1,1,False,-1
2467,SINGLE,0,0,1,False,-1
2468,DOUBLE,0,1,1,False,-1
2469,TRIPLE,1,1,1,False,-1
2470,DOUBLE,0,1,1,False,-1
2471,TRIPLE,1,1,1,False,-1
2474,SINGLE,0,0,1,False,-1
2475,TRIPLE,1,1,1,False,-1
2476,TRIPLE,1,1,1,False,-1
2477,TRIPLE,1,1,1,False,-1
2478,DOUBLE,0,1,1,False,-1
2479,TRIPLE,1,1,1,False,-1
2480,TRIPLE,1,1,1,False,-1
2481,TRIPLE,1,1,1,False,-1
2483,TRIPLE,1,1,1,False,-1
2484,TRIPLE,1,1,1,False,-1
2486,DOUBLE,0,1,1,False,-1
2487,SINGLE,0,0,1,False,-1
2488,SINGLE,0,0,1,False,-1
2489,TRIPLE,1,1,1,False,-1
2490,TRIPLE,1,1,1,False,-1
2491,TRIPLE,1,1,1,False,-1
2492,TRIPLE,1,1,1,False,-1
2493,DOUBLE,0,1,1,False,-1
2494,SINGLE,0,0,1,False,-1
2495,TRIPLE,1,1,1,False,-1
2496,SINGLE,0,0,1,False,-1
2497,TRIPLE,1,1,1,False,-1
2498,DOUBLE,0,1,1,False,-1
2499,DOUBLE,0,1,1,False,-1
2500,DOUBLE,0,1,1,False,-1
2502,TRIPLE,1,1,1,False,-1
2503,TRIPLE,1,1,1,False,-1
2504,TRIPLE,1,1,1,False,-1
2506,DOUBLE,0,1,1,False,-1
2507,SINGLE,0,0,1,False,-1
2508,TRIPLE,1,1,1,False,-1
2509,TRIPLE,1,1,1,False,-1
2510,TRIPLE,1,1,1,False,-1
2511,TRIPLE,1,1,1,False,-1
2512,TRIPLE,1,1,1,False,-1
2513,TRIPLE,1,1,1,False,-1
2514,SINGLE,0,0,1,False,-1
2516,TRIPLE,1,1,1,False,-1
2517,DOUBLE,0,1,1,False,-1
2518,TRIPLE,1,1,1,False,-1
2519,TRIPLE,1,1,1,False,-1
2520,TRIPLE,1,1,1,False,-1
2521,DOUBLE,0,1,1,False,-1
2522,TRIPLE,1,1,1,False,-1
2523,TRIPLE,1,1,1,False,-1
2525,TRIPLE,1,1,1,False,-1
2526,DOUBLE,0,1,1,False,-1
2527,SINGLE,0,0,1,False,-1
2528,DOUBLE,0,1,1,False,-1
2529,DOUBLE,0,1,1,False,-1
2530,TRIPLE,1,1,1,False,-1
2531,DOUBLE,0,1,1,False,-1
2532,SINGLE,0,0,1,False,-1
2533,TRIPLE,1,1,1,False,-1
2535,TRIPLE,1,1,1,False,-1
2536,TRIPLE,1,1,1,False,-1
2537,SINGLE,0,0,1,False,-1
2538,TRIPLE,1,1,1,False,-1
2539,DOUBLE,0,1,1,False,-1
2540,TRIPLE,1,1,1,False,-1
2541,TRIPLE,1,1,1,False,-1
2542,DOUBLE,0,1,1,False,-1
2543,TRIPLE,1,1,1,False,-1
2544,SINGLE,0,0,1,False,-1
2545,DOUBLE,0,1,1,False,-1
2546,TRIPLE,1,1,1,False,-1
2547,DOUBLE,0,1,1,False,-1
2548,SINGLE,0,0,1,False,-1
2549,SINGLE,0,0,1,False,-1
2550,TRIPLE,1,1,1,False,-1
2551,TRIPLE,1,1,1,False,-1
2552,DOUBLE,0,1,1,False,-1
2553,SINGLE,0,0,1,False,-1
2554,DOUBLE,0,1,1,False,-1
2555,DOUBLE,0,1,1,False,-1
2556,TRIPLE,1,1,1,False,-1
2557,TRIPLE,1,1,1,False,-1
2558,SINGLE,0,0,1,False,-1
2559,SINGLE,0,0,1,False,-1
2560,TRIPLE,1,1,1,False,-1
2561,TRIPLE,1,1,1,False,-1
2562,DOUBLE,0,1,1,False,-1
2563,TRIPLE,1,1,1,False,-1
2564,TRIPLE,1,1,1,False,-1
2565,DOUBLE,0,1,1,False,-1
2566,TRIPLE,1,1,1,False,-1
2567,DOUBLE,0,1,1,False,-1
2569,DOUBLE,0,1,1,False,-1
2570,TRIPLE,1,1,1,False,-1
2571,SINGLE,0,0,1,False,-1
2572,TRIPLE,1,1,1,False,-1
2573,SINGLE,0,0,1,False,-1
2574,DOUBLE,0,1,1,False,-1
2575,TRIPLE,1,1,1,False,-1
2576,TRIPLE,1,1,1,False,-1
2577,DOUBLE,0,1,1,False,-1
2578,TRIPLE,1,1,1,False,-1
2579,DOUBLE,0,1,1,False,-1
2580,TRIPLE,1,1,1,False,-1
2581,TRIPLE,1,1,1,False,-1
2582,TRIPLE,1,1,1,False,-1
2583,TRIPLE,1,1,1,False,-1
2584,SINGLE,0,0,1,False,-1
2586,TRIPLE,1,1,1,False,-1
2587,DOUBLE,0,1,1,False,-1
2588,TRIPLE,1,1,1,False,-1
2589,TRIPLE,1,1,1,False,-1
2590,DOUBLE,0,1,1,False,-1
2591,TRIPLE,1,1,1,False,-1
2592,TRIPLE,1,1,1,False,-1
2593,SINGLE,0,0,1,False,-1
2594,TRIPLE,1,1,1,False,-1
2595,TRIPLE,1,1,1,False,-1
2596,DOUBLE,0,1,1,False,-1
2597,DOUBLE,0,1,1,False,-1
2598,TRIPLE,1,1,1,False,-1
2599,DOUBLE,0,1,1,False,-1
2600,SINGLE,0,0,1,False,-1
2601,DOUBLE,0,1,1,False,-1
2602,DOUBLE,0,1,1,False,-1
2603,DOUBLE,0,1,1,False,-1
2604,DOUBLE,0,1,1,False,-1
2605,TRIPLE,1,1,1,False,-1
2607,DOUBLE,0,1,1,False,-1
2608,TRIPLE,1,1,1,False,-1
2609,TRIPLE,1,1,1,False,-1
2610,DOUBLE,0,1,1,False,-1
2611,TRIPLE,1,1,1,False,-1
2612,TRIPLE,1,1,1,False,-1
2613,DOUBLE,0,1,1,False,-1
2614,TRIPLE,1,1,1,False,-1
2616,SINGLE,0,0,1,False,-1
2617,TRIPLE,1,1,1,False,-1
2618,DOUBLE,0,1,1,False,-1
2619,TRIPLE,1,1,1,False,-1
2620,TRIPLE,1,1,1,False,-1
2621,DOUBLE,0,1,1,False,-1
2622,TRIPLE,1,1,1,False,-1
2623,SINGLE,0,0,1,False,-1
2624,TRIPLE,1,1,1,False,-1
2625,TRIPLE,1,1,1,False,-1
2626,TRIPLE,1,1,1,False,-1
2627,SINGLE,0,0,1,False,-1
2628,TRIPLE,1,1,1,False,-1
2629,DOUBLE,0,1,1,False,-1
2630,TRIPLE,1,1,1,False,-1
2631,DOUBLE,0,1,1,False,-1
2632,TRIPLE,1,1,1,False,-1
2633,TRIPLE,1,1,1,False,-1
2634,TRIPLE,1,1,1,False,-1
2635,TRIPLE,1,1,1,False,-1
2636,DOUBLE,0,1,1,False,-1
2637,DOUBLE,0,1,1,False,-1
2638,TRIPLE,1,1,1,False,-1
2639,TRIPLE,1,1,1,False,-1
2640,SINGLE,0,0,1,False,-1
2642,TRIPLE,1,1,1,False,-1
2643,TRIPLE,1,1,1,False,-1
2644,TRIPLE,1,1,1,False,-1
2645,SINGLE,0,0,1,False,-1
2646,TRIPLE,1,1,1,False,-1
2647,TRIPLE,1,1,1,False,-1
2648,TRIPLE,1,1,1,False,-1
2649,TRIPLE,1,1,1,False,-1
2650,SINGLE,0,0,1,False,-1
2651,TRIPLE,1,1,1,False,-1
2652,TRIPLE,1,1,1,False,-1
2653,DOUBLE,0,1,1,False,-1
2654,TRIPLE,1,1,1,False,-1
2655,TRIPLE,1,1,1,False,-1
2656,DOUBLE,0,1,1,False,-1
2657,TRIPLE,1,1,1,False,-1
2659,TRIPLE,1,1,1,False,-1
2660,TRIPLE,1,1,1,False,-1
2661,TRIPLE,1,1,1,False,-1
2662,TRIPLE,1,1,1,False,-1
2663,DOUBLE,0,1,1,False,-1
2664,TRIPLE,1,1,1,False,-1
2665,TRIPLE,1,1,1,False,-1
2666,DOUBLE,0,1,1,False,-1
2667,TRIPLE,1,1,1,False,-1
2668,TRIPLE,1,1,1,False,-1
2669,TRIPLE,1,1,1,False,-1
2670,DOUBLE,0,1,1,False,-1
2671,TRIPLE,1,1,1,False,-1
2672,DOUBLE,0,1,1,False,-1
2673,TRIPLE,1,1,1,False,-1
2675,SINGLE,0,0,1,False,-1
2676,TRIPLE,1,1,1,False,-1
2677,DOUBLE,0,1,1,False,-1
2678,SINGLE,0,0,1,False,-1
2679,TRIPLE,1,1,1,False,-1
2680,SINGLE,0,0,1,False,-1
2681,TRIPLE,1,1,1,False,-1
2682,TRIPLE,1,1,1,False,-1
2683,SINGLE,0,0,1,False,-1
2684,TRIPLE,1,1,1,False,-1
2685,TRIPLE,1,1,1,False,-1
2686,TRIPLE,1,1,1,False,-1
2687,SINGLE,0,0,1,False,-1
2688,DOUBLE,0,1,1,False,-1
2689,TRIPLE,1,1,1,False,-1
2690,SINGLE,0,0,1,False,-1
2693,TRIPLE,1,1,1,False,-1
2694,TRIPLE,1,1,1,False,-1
2695,DOUBLE,0,1,1,False,-1
2696,DOUBLE,0,1,1,False,-1
2697,TRIPLE,1,1,1,False,-1
2698,SINGLE,0,0,1,False,-1
2699,TRIPLE,1,1,1,False,-1
2700,TRIPLE,1,1,1,False,-1
2701,TRIPLE,1,1,1,False,-1
2702,DOUBLE,0,1,1,False,-1
2703,TRIPLE,1,1,1,False,-1
2704,TRIPLE,1,1,1,False,-1
2707,SINGLE,0,0,1,False,-1
2709,TRIPLE,1,1,1,False,-1
2710,SINGLE,0,0,1,False,-1
2711,DOUBLE,0,1,1,False,-1
2712,SINGLE,0,0,1,False,-1
2713,TRIPLE,1,1,1,False,-1
2715,TRIPLE,1,1,1,False,-1
2716,TRIPLE,1,1,1,False,-1
2717,TRIPLE,1,1,1,False,-1
2718,DOUBLE,0,1,1,False,-1
2719,TRIPLE,1,1,1,False,-1
2720,DOUBLE,0,1,1,False,-1
2721,SINGLE,0,0,1,False,-1
2722,TRIPLE,1,1,1,False,-1
2723,DOUBLE,0,1,1,False,-1
2724,TRIPLE,1,1,1,False,-1
2725,TRIPLE,1,1,1,False,-1
2726,TRIPLE,1,1,1,False,-1
2727,TRIPLE,1,1,1,False,-1
2728,TRIPLE,1,1,1,False,-1
2729,TRIPLE,1,1,1,False,-1
2730,TRIPLE,1,1,1,False,-1
2731,SINGLE,0,0,1,False,-1
2732,TRIPLE,1,1,1,False,-1
2733,DOUBLE,0,1,1,False,-1
2734,TRIPLE,1,1,1,False,-1
2735,DOUBLE,0,1,1,False,-1
2736,DOUBLE,0,1,1,False,-1
2737,DOUBLE,0,1,1,False,-1
2738,TRIPLE,1,1,1,False,-1
2739,TRIPLE,1,1,1,False,-1
2740,SINGLE,0,0,1,False,-1
2741,TRIPLE,1,1,1,False,-1
2742,DOUBLE,0,1,1,False,-1
2743,TRIPLE,1,1,1,False,-1
2744,TRIPLE,1,1,1,False,-1
2745,DOUBLE,0,1,1,False,-1
2746,SINGLE,0,0,1,False,-1
2747,DOUBLE,0,1,1,False,-1
2748,TRIPLE,1,1,1,False,-1
2749,TRIPLE,1,1,1,False,-1
2750,TRIPLE,1,1,1,False,-1
2751,SINGLE,0,0,1,False,-1
2752,TRIPLE,1,1,1,False,-1
2753,TRIPLE,1,1,1,False,-1
2754,DOUBLE,0,1,1,False,-1
2755,TRIPLE,1,1,1,False,-1
2756,DOUBLE,0,1,1,False,-1
2757,SINGLE,0,0,1,False,-1
2759,DOUBLE,0,1,1,False,-1
2760,TRIPLE,1,1,1,False,-1
2761,TRIPLE,1,1,1,False,-1
2762,TRIPLE,1,1,1,False,-1
2763,DOUBLE,0,1,1,False,-1
2764,DOUBLE,0,1,1,False,-1
2765,DOUBLE,0,1,1,False,-1
2767,DOUBLE,0,1,1,False,-1
2768,TRIPLE,1,1,1,False,-1
2769,TRIPLE,1,1,1,False,-1
2770,DOUBLE,0,1,1,False,-1
2771,SINGLE,0,0,1,False,-1
2772,DOUBLE,0,1,1,False,-1
2773,DOUBLE,0,1,1,False,-1
2775,TRIPLE,1,1,1,False,-1
2776,DOUBLE,0,1,1,False,-1
2778,TRIPLE,1,1,1,False,-1
2779,TRIPLE,1,1,1,False,-1
2780,SINGLE,0,0,1,False,-1
2781,TRIPLE,1,1,1,False,-1
2782,DOUBLE,0,1,1,False,-1
2784,TRIPLE,1,1,1,False,-1
2785,DOUBLE,0,1,1,False,-1
2786,DOUBLE,0,1,1,False,-1
2787,TRIPLE,1,1,1,False,-1
2789,TRIPLE,1,1,1,False,-1
2790,TRIPLE,1,1,1,False,-1
2791,TRIPLE,1,1,1,False,-1
2792,DOUBLE,0,1,1,False,-1
2793,TRIPLE,1,1,1,False,-1
2794,TRIPLE,1,1,1,False,-1
2795,SINGLE,0,0,1,False,-1
2796,DOUBLE,0,1,1,False,-1
2797,TRIPLE,1,1,1,False,-1
2798,DOUBLE,0,1,1,False,-1
2799,SINGLE,0,0,1,False,-1
2800,TRIPLE,1,1,1,False,-1
2801,TRIPLE,1,1,1,False,-1
2802,DOUBLE,0,1,1,False,-1
2803,DOUBLE,0,1,1,False,-1
2804,TRIPLE,1,1,1,False,-1
2805,SINGLE,0,0,1,False,-1
2806,DOUBLE,0,1,1,False,-1
2807,TRIPLE,1,1,1,False,-1
2809,TRIPLE,1,1,1,False,-1
2810,DOUBLE,0,1,1,False,-1
2811,TRIPLE,1,1,1,False,-1
2812,DOUBLE,0,1,1,False,-1
2813,DOUBLE,0,1,1,False,-1
2814,TRIPLE,1,1,1,False,-1
2815,TRIPLE,1,1,1,False,-1
2816,DOUBLE,0,1,1,False,-1
2817,SINGLE,0,0,1,False,-1
2818,DOUBLE,0,1,1,False,-1
2820,TRIPLE,1,1,1,False,-1
2821,TRIPLE,1,1,1,False,-1
2823,TRIPLE,1,1,1,False,-1
2824,TRIPLE,1,1,1,False,-1
2825,SINGLE,0,0,1,False,-1
2826,TRIPLE,1,1,1,False,-1
2827,TRIPLE,1,1,1,False,-1
2828,TRIPLE,1,1,1,False,-1
2829,TRIPLE,1,1,1,False,-1
2830,TRIPLE,1,1,1,False,-1
2831,DOUBLE,0,1,1,False,-1
2832,DOUBLE,0,1,1,False,-1
2834,TRIPLE,1,1,1,False,-1
2835,DOUBLE,0,1,1,False,-1
2836,TRIPLE,1,1,1,False,-1
2837,TRIPLE,1,1,1,False,-1
2838,TRIPLE,1,1,1,False,-1
2839,DOUBLE,0,1,1,False,-1
2840,TRIPLE,1,1,1,False,-1
2841,TRIPLE,1,1,1,False,-1
2842,DOUBLE,0,1,1,False,-1
2843,SINGLE,0,0,1,False,-1
2844,DOUBLE,0,1,1,False,-1
2845,TRIPLE,1,1,1,False,-1
2846,DOUBLE,0,1,1,False,-1
2847,DOUBLE,0,1,1,False,-1
2848,TRIPLE,1,1,1,False,-1
2849,DOUBLE,0,1,1,False,-1
2850,TRIPLE,1,1,1,False,-1
2851,TRIPLE,1,1,1,False,-1
2852,DOUBLE,0,1,1,False,-1
2853,TRIPLE,1,1,1,False,-1
2856,SINGLE,0,0,1,False,-1
2857,DOUBLE,0,1,1,False,-1
2858,DOUBLE,0,1,1,False,-1
2859,DOUBLE,0,1,1,False,-1
2860,TRIPLE,1,1,1,False,-1
2861,TRIPLE,1,1,1,False,-1
2862,SINGLE,0,0,1,False,-1
2863,TRIPLE,1,1,1,False,-1
2864,TRIPLE,1,1,1,False,-1
2866,DOUBLE,0,1,1,False,-1
2867,TRIPLE,1,1,1,False,-1
2868,TRIPLE,1,1,1,False,-1
2869,TRIPLE,1,1,1,False,-1
2870,DOUBLE,0,1,1,False,-1
2871,TRIPLE,1,1,1,False,-1
2872,TRIPLE,1,1,1,False,-1
2873,SINGLE,0,0,1,False,-1
2874,DOUBLE,0,1,1,False,-1
2875,TRIPLE,1,1,1,False,-1
2877,DOUBLE,0,1,1,False,-1
2878,DOUBLE,0,1,1,False,-1
2879,TRIPLE,1,1,1,False,-1
2881,TRIPLE,1,1,1,False,-1
2882,TRIPLE,1,1,1,False,-1
2883,DOUBLE,0,1,1,False,-1
2884,TRIPLE,1,1,1,False,-1
2885,TRIPLE,1,1,1,False,-1
2887,TRIPLE,1,1,1,False,-1
2888,DOUBLE,0,1,1,False,-1
2889,SINGLE,0,0,1,False,-1
2890,TRIPLE,1,1,1,False,-1
2891,DOUBLE,0,1,1,False,-1
2892,TRIPLE,1,1,1,False,-1
2893,DOUBLE,0,1,1,False,-1
2894,DOUBLE,0,1,1,False,-1
2895,TRIPLE,1,1,1,False,-1
2896,TRIPLE,1,1,1,False,-1
2897,TRIPLE,1,1,1,False,-1
2898,SINGLE,0,0,1,False,-1
2899,TRIPLE,1,1,1,False,-1
2900,DOUBLE,0,1,1,False,-1
2901,SINGLE,0,0,1,False,-1
2902,SINGLE,0,0,1,False,-1
2903,DOUBLE,0,1,1,False,-1
2904,TRIPLE,1,1,1,False,-1
2905,TRIPLE,1,1,1,False,-1
2906,TRIPLE,1,1,1,False,-1
2907,TRIPLE,1,1,1,False,-1
2908,TRIPLE,1,1,1,False,-1
2909,DOUBLE,0,1,1,False,-1
2910,DOUBLE,0,1,1,False,-1
2911,SINGLE,0,0,1,False,-1
2912,TRIPLE,1,1,1,False,-1
2914,TRIPLE,1,1,1,False,-1
2915,TRIPLE,1,1,1,False,-1
2916,DOUBLE,0,1,1,False,-1
2917,TRIPLE,1,1,1,False,-1
2918,DOUBLE,0,1,1,False,-1
2919,DOUBLE,0,1,1,False,-1
2920,DOUBLE,0,1,1,False,-1
2921,TRIPLE,1,1,1,False,-1
2922,SINGLE,0,0,1,False,-1
2923,TRIPLE,1,1,1,False,-1
2924,TRIPLE,1,1,1,False,-1
2925,TRIPLE,1,1,1,False,-1
2926,SINGLE,0,0,1,False,-1
2927,TRIPLE,1,1,1,False,-1
2928,SINGLE,0,0,1,False,-1
2929,TRIPLE,1,1,1,False,-1
2930,TRIPLE,1,1,1,False,-1
2931,TRIPLE,1,1,1,False,-1
2932,SINGLE,0,0,1,False,-1
2933,SINGLE,0,0,1,False,-1
2934,TRIPLE,1,1,1,False,-1
2935,TRIPLE,1,1,1,False,-1
2936,TRIPLE,1,1,1,False,-1
2937,DOUBLE,0,1,1,False,-1
2939,TRIPLE,1,1,1,False,-1
2940,DOUBLE,0,1,1,False,-1
2941,DOUBLE,0,1,1,False,-1
2942,SINGLE,0,0,1,False,-1
2944,DOUBLE,0,1,1,False,-1
2945,SINGLE,0,0,1,False,-1
2946,DOUBLE,0,1,1,False,-1
2947,DOUBLE,0,1,1,False,-1
2948,TRIPLE,1,1,1,False,-1
2949,DOUBLE,0,1,1,False,-1
2950,TRIPLE,1,1,1,False,-1
2951,DOUBLE,0,1,1,False,-1
2952,TRIPLE,1,1,1,False,-1
2953,DOUBLE,0,1,1,False,-1
2954,SINGLE,0,0,1,False,-1
2956,TRIPLE,1,1,1,False,-1
2957,TRIPLE,1,1,1,False,-1
2958,TRIPLE,1,1,1,False,-1
2959,SINGLE,0,0,1,False,-1
2960,SINGLE,0,0,1,False,-1
2961,SINGLE,0,0,1,False,-1
2962,TRIPLE,1,1,1,False,-1
2963,TRIPLE,1,1,1,False,-1
2965,DOUBLE,0,1,1,False,-1
2966,TRIPLE,1,1,1,False,-1
2967,TRIPLE,1,1,1,False,-1
2968,DOUBLE,0,1,1,False,-1
2969,TRIPLE,1,1,1,False,-1
2970,TRIPLE,1,1,1,False,-1
2971,DOUBLE,0,1,1,False,-1
2972,TRIPLE,1,1,1,False,-1
2973,SINGLE,0,0,1,False,-1
2974,TRIPLE,1,1,1,False,-1
2975,TRIPLE,1,1,1,False,-1
2976,TRIPLE,1,1,1,False,-1
2977,TRIPLE,1,1,1,False,-1
2978,TRIPLE,1,1,1,False,-1
2979,TRIPLE,1,1,1,False,-1
2980,TRIPLE,1,1,1,False,-1
2981,TRIPLE,1,1,1,False,-1
2982,TRIPLE,1,1,1,False,-1
2983,TRIPLE,1,1,1,False,-1
2984,TRIPLE,1,1,1,False,-1
2985,TRIPLE,1,1,1,False,-1
2986,DOUBLE,0,1,1,False,-1
2987,TRIPLE,1,1,1,False,-1
2988,TRIPLE,1,1,1,False,-1
2989,TRIPLE,1,1,1,False,-1
2990,SINGLE,0,0,1,False,-1
2991,TRIPLE,1,1,1,False,-1
2992,TRIPLE,1,1,1,False,-1
2993,DOUBLE,0,1,1,False,-1
2994,TRIPLE,1,1,1,False,-1
2995,DOUBLE,0,1,1,False,-1
2996,DOUBLE,0,1,1,False,-1
2997,SINGLE,0,0,1,False,-1
2998,TRIPLE,1,1,1,False,-1
2999,SINGLE,0,0,1,False,-1
3000,DOUBLE,0,1,1,False,-1
3002,TRIPLE,1,1,1,False,-1
3003,DOUBLE,0,1,1,False,-1
3004,TRIPLE,1,1,1,False,-1
3005,TRIPLE,1,1,1,False,-1
3006,DOUBLE,0,1,1,False,-1
3007,TRIPLE,1,1,1,False,-1
3008,TRIPLE,1,1,1,False,-1
3009,TRIPLE,1,1,1,False,-1
3010,TRIPLE,1,1,1,False,-1
3011,TRIPLE,1,1,1,False,-1
3012,DOUBLE,0,1,1,False,-1
3013,TRIPLE,1,1,1,False,-1
3014,TRIPLE,1,1,1,False,-1
3015,SINGLE,0,0,1,False,-1
3016,TRIPLE,1,1,1,False,-1
3017,TRIPLE,1,1,1,False,-1
3018,SINGLE,0,0,1,False,-1
3019,TRIPLE,1,1,1,False,-1
3020,TRIPLE,1,1,1,False,-1
3023,TRIPLE,1,1,1,False,-1
3025,TRIPLE,1,1,1,False,-1
3026,TRIPLE,1,1,1,False,-1
3027,SINGLE,0,0,1,False,-1
3028,TRIPLE,1,1,1,False,-1
3029,DOUBLE,0,1,1,False,-1
3030,TRIPLE,1,1,1,False,-1
3031,DOUBLE,0,1,1,False,-1
3032,TRIPLE,1,1,1,False,-1
3033,SINGLE,0,0,1,False,-1
3034,SINGLE,0,0,1,False,-1
3035,DOUBLE,0,1,1,False,-1
3036,DOUBLE,0,1,1,False,-1
3037,TRIPLE,1,1,1,False,-1
3038,TRIPLE,1,1,1,False,-1
3039,SINGLE,0,0,1,False,-1
3041,TRIPLE,1,1,1,False,-1
3042,DOUBLE,0,1,1,False,-1
3043,SINGLE,0,0,1,False,-1
3044,SINGLE,0,0,1,False,-1
3045,SINGLE,0,0,1,False,-1
3047,SINGLE,0,0,1,False,-1
3048,DOUBLE,0,1,1,False,-1
3049,TRIPLE,1,1,1,False,-1
3050,TRIPLE,1,1,1,False,-1
3051,DOUBLE,0,1,1,False,-1
3052,TRIPLE,1,1,1,False,-1
3053,SINGLE,0,0,1,False,-1
3054,TRIPLE,1,1,1,False,-1
3055,DOUBLE,0,1,1,False,-1
3056,TRIPLE,1,1,1,False,-1
3057,DOUBLE,0,1,1,False,-1
3058,TRIPLE,1,1,1,False,-1
3059,TRIPLE,1,1,1,False,-1
3060,DOUBLE,0,1,1,False,-1
3061,TRIPLE,1,1,1,False,-1
3062,TRIPLE,1,1,1,False,-1
3063,TRIPLE,1,1,1,False,-1
3064,DOUBLE,0,1,1,False,-1
3065,DOUBLE,0,1,1,False,-1
3066,SINGLE,0,0,1,False,-1
3067,TRIPLE,1,1,1,False,-1
3068,DOUBLE,0,1,1,False,-1
3069,TRIPLE,1,1,1,False,-1
3070,DOUBLE,0,1,1,False,-1
3071,SINGLE,0,0,1,False,-1
3072,DOUBLE,0,1,1,False,-1
3073,SINGLE,0,0,1,False,-1
3074,TRIPLE,1,1,1,False,-1
3075,TRIPLE,1,1,1,False,-1
3076,TRIPLE,1,1,1,False,-1
3077,TRIPLE,1,1,1,False,-1
3078,DOUBLE,0,1,1,False,-1
3079,TRIPLE,1,1,1,False,-1
3080,TRIPLE,1,1,1,False,-1
3081,TRIPLE,1,1,1,False,-1
3082,TRIPLE,1,1,1,False,-1
3083,TRIPLE,1,1,1,False,-1
3084,DOUBLE,0,1,1,False,-1
3085,SINGLE,0,0,1,False,-1
3086,DOUBLE,0,1,1,False,-1
3087,TRIPLE,1,1,1,False,-1
3088,TRIPLE,1,1,1,False,-1
3089,SINGLE,0,0,1,False,-1
3090,DOUBLE,0,1,1,False,-1
3092,SINGLE,0,0,1,False,-1
3093,TRIPLE,1,1,1,False,-1
3094,SINGLE,0,0,1,False,-1
3096,DOUBLE,0,1,1,False,-1
3097,TRIPLE,1,1,1,False,-1
3098,TRIPLE,1,1,1,False,-1
3099,TRIPLE,1,1,1,False,-1
3100,SINGLE,0,0,1,False,-1
3101,TRIPLE,1,1,1,False,-1
3103,TRIPLE,1,1,1,False,-1
3105,TRIPLE,1,1,1,False,-1
3106,DOUBLE,0,1,1,False,-1
3108,TRIPLE,1,1,1,False,-1
3109,TRIPLE,1,1,1,False,-1
3110,DOUBLE,0,1,1,False,-1
3111,TRIPLE,1,1,1,False,-1
3113,SINGLE,0,0,1,False,-1
3114,DOUBLE,0,1,1,False,-1
3116,TRIPLE,1,1,1,False,-1
3117,SINGLE,0,0,1,False,-1
3118,TRIPLE,1,1,1,False,-1
3119,TRIPLE,1,1,1,False,-1
3120,TRIPLE,1,1,1,False,-1
3121,TRIPLE,1,1,1,False,-1
3122,TRIPLE,1,1,1,False,-1
3123,SINGLE,0,0,1,False,-1
3125,TRIPLE,1,1,1,False,-1
3127,SINGLE,0,0,1,False,-1
3128,DOUBLE,0,1,1,False,-1
3129,TRIPLE,1,1,1,False,-1
3130,TRIPLE,1,1,1,False,-1
3131,TRIPLE,1,1,1,False,-1
3132,SINGLE,0,0,1,False,-1
3133,TRIPLE,1,1,1,False,-1
3134,DOUBLE,0,1,1,False,-1
3135,TRIPLE,1,1,1,False,-1
3136,DOUBLE,0,1,1,False,-1
3137,TRIPLE,1,1,1,False,-1
3138,DOUBLE,0,1,1,False,-1
3139,DOUBLE,0,1,1,False,-1
3140,TRIPLE,1,1,1,False,-1
3142,TRIPLE,1,1,1,False,-1
3143,TRIPLE,1,1,1,False,-1
3144,TRIPLE,1,1,1,False,-1
3145,TRIPLE,1,1,1,False,-1
3146,SINGLE,0,0,1,False,-1
3147,SINGLE,0,0,1,False,-1
3148,DOUBLE,0,1,1,False,-1
3149,SINGLE,0,0,1,False,-1
3150,TRIPLE,1,1,1,False,-1
3151,DOUBLE,0,1,1,False,-1
3152,TRIPLE,1,1,1,False,-1
3153,DOUBLE,0,1,1,False,-1
3154,DOUBLE,0,1,1,False,-1
3156,SINGLE,0,0,1,False,-1
3157,DOUBLE,0,1,1,False,-1
3158,DOUBLE,0,1,1,False,-1
3159,TRIPLE,1,1,1,False,-1
3160,SINGLE,0,0,1,False,-1
3162,SINGLE,0,0,1,False,-1
3163,SINGLE,0,0,1,False,-1
3164,SINGLE,0,0,1,False,-1
3165,TRIPLE,1,1,1,False,-1
3166,TRIPLE,1,1,1,False,-1
3167,TRIPLE,1,1,1,False,-1
3169,SINGLE,0,0,1,False,-1
3170,TRIPLE,1,1,1,False,-1
3171,TRIPLE,1,1,1,False,-1
3172,SINGLE,0,0,1,False,-1
3173,TRIPLE,1,1,1,False,-1
3174,SINGLE,0,0,1,False,-1
3175,DOUBLE,0,1,1,False,-1
3176,TRIPLE,1,1,1,False,-1
3177,TRIPLE,1,1,1,False,-1
3178,DOUBLE,0,1,1,False,-1
3179,TRIPLE,1,1,1,False,-1
3180,DOUBLE,0,1,1,False,-1
3182,TRIPLE,1,1,1,False,-1
3183,DOUBLE,0,1,1,False,-1
3184,DOUBLE,0,1,1,False,-1
3186,DOUBLE,0,1,1,False,-1
3187,DOUBLE,0,1,1,False,-1
3188,SINGLE,0,0,1,False,-1
3189,SINGLE,0,0,1,False,-1
3190,SINGLE,0,0,1,False,-1
3191,SINGLE,0,0,1,False,-1
3192,TRIPLE,1,1,1,False,-1
3193,TRIPLE,1,1,1,False,-1
3194,DOUBLE,0,1,1,False,-1
3195,TRIPLE,1,1,1,False,-1
3196,TRIPLE,1,1,1,False,-1
3197,SINGLE,0,0,1,False,-1
3198,DOUBLE,0,1,1,False,-1
3199,DOUBLE,0,1,1,False,-1
3200,SINGLE,0,0,1,False,-1
3201,TRIPLE,1,1,1,False,-1
3202,DOUBLE,0,1,1,False,-1
3203,TRIPLE,1,1,1,False,-1
3204,DOUBLE,0,1,1,False,-1
3205,DOUBLE,0,1,1,False,-1
3206,TRIPLE,1,1,1,False,-1
3207,DOUBLE,0,1,1,False,-1
3208,DOUBLE,0,1,1,False,-1
3209,DOUBLE,0,1,1,False,-1
3211,TRIPLE,1,1,1,False,-1
3212,TRIPLE,1,1,1,False,-1
3213,TRIPLE,1,1,1,False,-1
3214,SINGLE,0,0,1,False,-1
3215,SINGLE,0,0,1,False,-1
3217,TRIPLE,1,1,1,False,-1
3218,TRIPLE,1,1,1,False,-1
3220,TRIPLE,1,1,1,False,-1
3221,TRIPLE,1,1,1,False,-1
3222,TRIPLE,1,1,1,False,-1
3223,TRIPLE,1,1,1,False,-1
3224,TRIPLE,1,1,1,False,-1
3226,TRIPLE,1,1,1,False,-1
3227,DOUBLE,0,1,1,False,-1
3228,SINGLE,0,0,1,False,-1
3229,SINGLE,0,0,1,False,-1
3230,TRIPLE,1,1,1,False,-1
3231,TRIPLE,1,1,1,False,-1
3233,TRIPLE,1,1,1,False,-1
3234,SINGLE,0,0,1,False,-1
3236,TRIPLE,1,1,1,False,-1
3237,DOUBLE,0,1,1,False,-1
3238,TRIPLE,1,1,1,False,-1
3239,TRIPLE,1,1,1,False,-1
3240,TRIPLE,1,1,1,False,-1
3241,TRIPLE,1,1,1,False,-1
3242,TRIPLE,1,1,1,False,-1
3243,TRIPLE,1,1,1,False,-1
3244,SINGLE,0,0,1,False,-1
3245,SINGLE,0,0,1,False,-1
3246,DOUBLE,0,1,1,False,-1
3247,TRIPLE,1,1,1,False,-1
3248,TRIPLE,1,1,1,False,-1
3249,TRIPLE,1,1,1,False,-1
3250,DOUBLE,0,1,1,False,-1
3251,SINGLE,0,0,1,False,-1
3253,TRIPLE,1,1,1,False,-1
3254,TRIPLE,1,1,1,False,-1
3255,SINGLE,0,0,1,False,-1
3256,TRIPLE,1,1,1,False,-1
3257,DOUBLE,0,1,1,False,-1
3258,SINGLE,0,0,1,False,-1
3259,SINGLE,0,0,1,False,-1
3260,TRIPLE,1,1,1,False,-1
3261,DOUBLE,0,1,1,False,-1
3262,TRIPLE,1,1,1,False,-1
3263,TRIPLE,1,1,1,False,-1
3264,TRIPLE,1,1,1,False,-1
3265,TRIPLE,1,1,1,False,-1
3266,DOUBLE,0,1,1,False,-1
3267,TRIPLE,1,1,1,False,-1
3268,TRIPLE,1,1,1,False,-1
3269,SINGLE,0,0,1,False,-1
3270,TRIPLE,1,1,1,False,-1
3271,DOUBLE,0,1,1,False,-1
3272,DOUBLE,0,1,1,False,-1
3273,SINGLE,0,0,1,False,-1
3274,SINGLE,0,0,1,False,-1
3275,DOUBLE,0,1,1,False,-1
3276,TRIPLE,1,1,1,False,-1
3277,SINGLE,0,0,1,False,-1
3278,TRIPLE,1,1,1,False,-1
3279,TRIPLE,1,1,1,False,-1
3280,DOUBLE,0,1,1,False,-1
3281,DOUBLE,0,1,1,False,-1
3282,TRIPLE,1,1,1,False,-1
3283,TRIPLE,1,1,1,False,-1
3284,DOUBLE,0,1,1,False,-1
3285,DOUBLE,0,1,1,False,-1
3287,DOUBLE,0,1,1,False,-1
3289,DOUBLE,0,1,1,False,-1
3291,SINGLE,0,0,1,False,-1
3292,DOUBLE,0,1,1,False,-1
3293,TRIPLE,1,1,1,False,-1
3294,TRIPLE,1,1,1,False,-1
3295,DOUBLE,0,1,1,False,-1
3296,TRIPLE,1,1,1,False,-1
3297,DOUBLE,0,1,1,False,-1
3298,DOUBLE,0,1,1,False,-1
3299,SINGLE,0,0,1,False,-1
3301,DOUBLE,0,1,1,False,-1
3303,TRIPLE,1,1,1,False,-1
3305,TRIPLE,1,1,1,False,-1
3306,DOUBLE,0,1,1,False,-1
3308,DOUBLE,0,1,1,False,-1
3309,TRIPLE,1,1,1,False,-1
3310,TRIPLE,1,1,1,False,-1
3311,DOUBLE,0,1,1,False,-1
3312,TRIPLE,1,1,1,False,-1
3313,TRIPLE,1,1,1,False,-1
3314,TRIPLE,1,1,1,False,-1
3315,DOUBLE,0,1,1,False,-1
3316,SINGLE,0,0,1,False,-1
3317,TRIPLE,1,1,1,False,-1
3318,SINGLE,0,0,1,False,-1
3319,DOUBLE,0,1,1,False,-1
3320,TRIPLE,1,1,1,False,-1
3321,DOUBLE,0,1,1,False,-1
3322,SINGLE,0,0,1,False,-1
3323,DOUBLE,0,1,1,False,-1
3324,TRIPLE,1,1,1,False,-1
3325,TRIPLE,1,1,1,False,-1
3328,TRIPLE,1,1,1,False,-1
3329,TRIPLE,1,1,1,False,-1
3330,DOUBLE,0,1,1,False,-1
3332,TRIPLE,1,1,1,False,-1
3333,DOUBLE,0,1,1,False,-1
3334,TRIPLE,1,1,1,False,-1
3335,TRIPLE,1,1,1,False,-1
3336,TRIPLE,1,1,1,False,-1
3337,TRIPLE,1,1,1,False,-1
3338,TRIPLE,1,1,1,False,-1
3339,TRIPLE,1,1,1,False,-1
3340,DOUBLE,0,1,1,False,-1
3342,SINGLE,0,0,1,False,-1
3343,SINGLE,0,0,1,False,-1
3344,TRIPLE,1,1,1,False,-1
3345,TRIPLE,1,1,1,False,-1
3347,TRIPLE,1,1,1,False,-1
3348,DOUBLE,0,1,1,False,-1
3349,SINGLE,0,0,1,False,-1
3350,TRIPLE,1,1,1,False,-1
3351,TRIPLE,1,1,1,False,-1
3352,TRIPLE,1,1,1,False,-1
3353,DOUBLE,0,1,1,False,-1
3355,TRIPLE,1,1,1,False,-1
3356,DOUBLE,0,1,1,False,-1
3357,TRIPLE,1,1,1,False,-1
3358,DOUBLE,0,1,1,False,-1
3359,TRIPLE,1,1,1,False,-1
3360,DOUBLE,0,1,1,False,-1
3361,TRIPLE,1,1,1,False,-1
3363,SINGLE,0,0,1,False,-1
3364,TRIPLE,1,1,1,False,-1
3365,TRIPLE,1,1,1,False,-1
3366,TRIPLE,1,1,1,False,-1
3367,TRIPLE,1,1,1,False,-1
3368,TRIPLE,1,1,1,False,-1
3369,TRIPLE,1,1,1,False,-1
3371,TRIPLE,1,1,1,False,-1
3372,TRIPLE,1,1,1,False,-1
3373,TRIPLE,1,1,1,False,-1
3375,TRIPLE,1,1,1,False,-1
3376,SINGLE,0,0,1,False,-1
3377,TRIPLE,1,1,1,False,-1
3378,TRIPLE,1,1,1,False,-1
3379,TRIPLE,1,1,1,False,-1
3380,TRIPLE,1,1,1,False,-1
3381,TRIPLE,1,1,1,False,-1
3382,TRIPLE,1,1,1,False,-1
3383,DOUBLE,0,1,1,False,-1
3384,TRIPLE,1,1,1,False,-1
3385,TRIPLE,1,1,1,False,-1
3386,DOUBLE,0,1,1,False,-1
3387,DOUBLE,0,1,1,False,-1
3388,DOUBLE,0,1,1,False,-1
3389,DOUBLE,0,1,1,False,-1
3390,SINGLE,0,0,1,False,-1
3391,TRIPLE,1,1,1,False,-1
3392,DOUBLE,0,1,1,False,-1
3393,DOUBLE,0,1,1,False,-1
3394,DOUBLE,0,1,1,False,-1
3396,TRIPLE,1,1,1,False,-1
3398,TRIPLE,1,1,1,False,-1
3399,TRIPLE,1,1,1,False,-1
3400,TRIPLE,1,1,1,False,-1
3401,TRIPLE,1,1,1,False,-1
3402,DOUBLE,0,1,1,False,-1
3403,TRIPLE,1,1,1,False,-1
3404,DOUBLE,0,1,1,False,-1
3405,TRIPLE,1,1,1,False,-1
3406,DOUBLE,0,1,1,False,-1
3407,DOUBLE,0,1,1,False,-1
3408,TRIPLE,1,1,1,False,-1
3409,TRIPLE,1,1,1,False,-1
3410,DOUBLE,0,1,1,False,-1
3411,TRIPLE,1,1,1,False,-1
3413,DOUBLE,0,1,1,False,-1
3414,DOUBLE,0,1,1,False,-1
3415,TRIPLE,1,1,1,False,-1
3417,DOUBLE,0,1,1,False,-1
3418,DOUBLE,0,1,1,False,-1
3419,TRIPLE,1,1,1,False,-1
3420,DOUBLE,0,1,1,False,-1
3421,TRIPLE,1,1,1,False,-1
3422,SINGLE,0,0,1,False,-1
3423,TRIPLE,1,1,1,False,-1
3424,TRIPLE,1,1,1,False,-1
3425,DOUBLE,0,1,1,False,-1
3426,TRIPLE,1,1,1,False,-1
3427,TRIPLE,1,1,1,False,-1
3428,TRIPLE,1,1,1,False,-1
3429,TRIPLE,1,1,1,False,-1
3430,SINGLE,0,0,1,False,-1
3433,TRIPLE,1,1,1,False,-1
3434,TRIPLE,1,1,1,False,-1
3435,DOUBLE,0,1,1,False,-1
3436,TRIPLE,1,1,1,False,-1
3438,TRIPLE,1,1,1,False,-1
3439,DOUBLE,0,1,1,False,-1
3441,DOUBLE,0,1,1,False,-1
3442,TRIPLE,1,1,1,False,-1
3443,DOUBLE,0,1,1,False,-1
3444,TRIPLE,1,1,1,False,-1
3446,TRIPLE,1,1,1,False,-1
3447,TRIPLE,1,1,1,False,-1
3448,TRIPLE,1,1,1,False,-1
3449,SINGLE,0,0,1,False,-1
3450,TRIPLE,1,1,1,False,-1
3451,SINGLE,0,0,1,False,-1
3452,DOUBLE,0,1,1,False,-1
3453,TRIPLE,1,1,1,False,-1
3454,TRIPLE,1,1,1,False,-1
3455,SINGLE,0,0,1,False,-1
3456,TRIPLE,1,1,1,False,-1
3457,DOUBLE,0,1,1,False,-1
3458,TRIPLE,1,1,1,False,-1
3459,SINGLE,0,0,1,False,-1
3460,SINGLE,0,0,1,False,-1
3461,DOUBLE,0,1,1,False,-1
3462,TRIPLE,1,1,1,False,-1
3463,DOUBLE,0,1,1,False,-1
3464,TRIPLE,1,1,1,False,-1
3465,TRIPLE,1,1,1,False,-1
3467,TRIPLE,1,1,1,False,-1
3468,TRIPLE,1,1,1,False,-1
3469,TRIPLE,1,1,1,False,-1
3470,TRIPLE,1,1,1,False,-1
3471,TRIPLE,1,1,1,False,-1
3473,DOUBLE,0,1,1,False,-1
3474,TRIPLE,1,1,1,False,-1
3475,DOUBLE,0,1,1,False,-1
3476,TRIPLE,1,1,1,False,-1
3477,TRIPLE,1,1,1,False,-1
3479,TRIPLE,1,1,1,False,-1
3480,DOUBLE,0,1,1,False,-1
3481,DOUBLE,0,1,1,False,-1
3482,SINGLE,0,0,1,False,-1
3483,TRIPLE,1,1,1,False,-1
3484,TRIPLE,1,1,1,False,-1
3485,TRIPLE,1,1,1,False,-1
3486,TRIPLE,1,1,1,False,-1
3487,TRIPLE,1,1,1,False,-1
3488,TRIPLE,1,1,1,False,-1
3489,TRIPLE,1,1,1,False,-1
3490,DOUBLE,0,1,1,False,-1
3491,TRIPLE,1,1,1,False,-1
3492,TRIPLE,1,1,1,False,-1
3493,TRIPLE,1,1,1,False,-1
3494,DOUBLE,0,1,1,False,-1
3495,TRIPLE,1,1,1,False,-1
3498,DOUBLE,0,1,1,False,-1
3499,SINGLE,0,0,1,False,-1
3500,DOUBLE,0,1,1,False,-1
3501,DOUBLE,0,1,1,False,-1
3502,TRIPLE,1,1,1,False,-1
3503,TRIPLE,1,1,1,False,-1
3504,TRIPLE,1,1,1,False,-1
3505,SINGLE,0,0,1,False,-1
3506,DOUBLE,0,1,1,False,-1
3507,DOUBLE,0,1,1,False,-1
3508,DOUBLE,0,1,1,False,-1
3509,TRIPLE,1,1,1,False,-1
3510,DOUBLE,0,1,1,False,-1
3511,DOUBLE,0,1,1,False,-1
3512,TRIPLE,1,1,1,False,-1
3513,TRIPLE,1,1,1,False,-1
3514,TRIPLE,1,1,1,False,-1
3515,TRIPLE,1,1,1,False,-1
3516,TRIPLE,1,1,1,False,-1
3517,TRIPLE,1,1,1,False,-1
3518,DOUBLE,0,1,1,False,-1
3519,DOUBLE,0,1,1,False,-1
3520,DOUBLE,0,1,1,False,-1
3521,SINGLE,0,0,1,False,-1
3522,DOUBLE,0,1,1,False,-1
3523,TRIPLE,1,1,1,False,-1
3524,DOUBLE,0,1,1,False,-1
3525,DOUBLE,0,1,1,False,-1
3527,SINGLE,0,0,1,False,-1
3528,TRIPLE,1,1,1,False,-1
3529,TRIPLE,1,1,1,False,-1
3531,TRIPLE,1,1,1,False,-1
3532,SINGLE,0,0,1,False,-1
3533,SINGLE,0,0,1,False,-1
3535,DOUBLE,0,1,1,False,-1
3536,TRIPLE,1,1,1,False,-1
3537,TRIPLE,1,1,1,False,-1
3538,DOUBLE,0,1,1,False,-1
3539,SINGLE,0,0,1,False,-1
3540,TRIPLE,1,1,1,False,-1
3541,TRIPLE,1,1,1,False,-1
3543,DOUBLE,0,1,1,False,-1
3544,DOUBLE,0,1,1,False,-1
3546,TRIPLE,1,1,1,False,-1
3547,DOUBLE,0,1,1,False,-1
3548,DOUBLE,0,1,1,False,-1
3549,TRIPLE,1,1,1,False,-1
3550,TRIPLE,1,1,1,False,-1
3552,SINGLE,0,0,1,False,-1
3553,TRIPLE,1,1,1,False,-1
3554,TRIPLE,1,1,1,False,-1
3555,SINGLE,0,0,1,False,-1
3557,TRIPLE,1,1,1,False,-1
3558,DOUBLE,0,1,1,False,-1
3559,TRIPLE,1,1,1,False,-1
3560,DOUBLE,0,1,1,False,-1
3561,SINGLE,0,0,1,False,-1
3562,TRIPLE,1,1,1,False,-1
3564,TRIPLE,1,1,1,False,-1
3565,TRIPLE,1,1,1,False,-1
3566,DOUBLE,0,1,1,False,-1
3567,TRIPLE,1,1,1,False,-1
3568,TRIPLE,1,1,1,False,-1
3569,TRIPLE,1,1,1,False,-1
3570,SINGLE,0,0,1,False,-1
3571,TRIPLE,1,1,1,False,-1
3572,TRIPLE,1,1,1,False,-1
3573,DOUBLE,0,1,1,False,-1
3574,TRIPLE,1,1,1,False,-1
3575,TRIPLE,1,1,1,False,-1
3576,TRIPLE,1,1,1,False,-1
3577,TRIPLE,1,1,1,False,-1
3578,DOUBLE,0,1,1,False,-1
3579,TRIPLE,1,1,1,False,-1
3580,TRIPLE,1,1,1,False,-1
3581,TRIPLE,1,1,1,False,-1
3582,SINGLE,0,0,1,False,-1
3583,DOUBLE,0,1,1,False,-1
3584,DOUBLE,0,1,1,False,-1
3586,TRIPLE,1,1,1,False,-1
3587,DOUBLE,0,1,1,False,-1
3588,TRIPLE,1,1,1,False,-1
3589,DOUBLE,0,1,1,False,-1
3590,SINGLE,0,0,1,False,-1
3591,DOUBLE,0,1,1,False,-1
3592,TRIPLE,1,1,1,False,-1
3593,TRIPLE,1,1,1,False,-1
3594,TRIPLE,1,1,1,False,-1
3595,DOUBLE,0,1,1,False,-1
3596,DOUBLE,0,1,1,False,-1
3597,DOUBLE,0,1,1,False,-1
3598,SINGLE,0,0,1,False,-1
3599,SINGLE,0,0,1,False,-1
3600,TRIPLE,1,1,1,False,-1
3601,DOUBLE,0,1,1,False,-1
3602,TRIPLE,1,1,1,False,-1
3603,DOUBLE,0,1,1,False,-1
3604,DOUBLE,0,1,1,False,-1
3605,TRIPLE,1,1,1,False,-1
3606,DOUBLE,0,1,1,False,-1
3607,DOUBLE,0,1,1,False,-1
3608,SINGLE,0,0,1,False,-1
3609,DOUBLE,0,1,1,False,-1
3610,TRIPLE,1,1,1,False,-1
3612,TRIPLE,1,1,1,False,-1
3614,TRIPLE,1,1,1,False,-1
3615,DOUBLE,0,1,1,False,-1
3616,SINGLE,0,0,1,False,-1
3617,DOUBLE,0,1,1,False,-1
3618,TRIPLE,1,1,1,False,-1
3619,SINGLE,0,0,1,False,-1
3620,DOUBLE,0,1,1,False,-1
3622,TRIPLE,1,1,1,False,-1
3623,SINGLE,0,0,1,False,-1
3624,TRIPLE,1,1,1,False,-1
3625,SINGLE,0,0,1,False,-1
3626,DOUBLE,0,1,1,False,-1
3627,TRIPLE,1,1,1,False,-1
3628,TRIPLE,1,1,1,False,-1
3629,TRIPLE,1,1,1,False,-1
3630,TRIPLE,1,1,1,False,-1
3631,DOUBLE,0,1,1,False,-1
3632,SINGLE,0,0,1,False,-1
3633,TRIPLE,1,1,1,False,-1
3634,TRIPLE,1,1,1,False,-1
3635,TRIPLE,1,1,1,False,-1
3636,DOUBLE,0,1,1,False,-1
3637,DOUBLE,0,1,1,False,-1
3638,TRIPLE,1,1,1,False,-1
3639,DOUBLE,0,1,1,False,-1
3640,TRIPLE,1,1,1,False,-1
3641,TRIPLE,1,1,1,False,-1
3642,TRIPLE,1,1,1,False,-1
3643,DOUBLE,0,1,1,False,-1
3644,TRIPLE,1,1,1,False,-1
3645,TRIPLE,1,1,1,False,-1
3646,TRIPLE,1,1,1,False,-1
3647,TRIPLE,1,1,1,False,-1
3648,TRIPLE,1,1,1,False,-1
3649,TRIPLE,1,1,1,False,-1
3650,DOUBLE,0,1,1,False,-1
3651,TRIPLE,1,1,1,False,-1
3652,DOUBLE,0,1,1,False,-1
3653,SINGLE,0,0,1,False,-1
3654,TRIPLE,1,1,1,False,-1
3655,TRIPLE,1,1,1,False,-1
3657,TRIPLE,1,1,1,False,-1
3658,TRIPLE,1,1,1,False,-1
3660,DOUBLE,0,1,1,False,-1
3661,TRIPLE,1,1,1,False,-1
3662,TRIPLE,1,1,1,False,-1
3663,DOUBLE,0,1,1,False,-1
3664,TRIPLE,1,1,1,False,-1
3667,TRIPLE,1,1,1,False,-1
3668,DOUBLE,0,1,1,False,-1
3669,DOUBLE,0,1,1,False,-1
3670,TRIPLE,1,1,1,False,-1
3671,SINGLE,0,0,1,False,-1
3672,DOUBLE,0,1,1,False,-1
3673,SINGLE,0,0,1,False,-1
3674,TRIPLE,1,1,1,False,-1
3675,TRIPLE,1,1,1,False,-1
3677,TRIPLE,1,1,1,False,-1
3678,TRIPLE,1,1,1,False,-1
3679,TRIPLE,1,1,1,False,-1
3680,TRIPLE,1,1,1,False,-1
3681,SINGLE,0,0,1,False,-1
3682,DOUBLE,0,1,1,False,-1
3683,TRIPLE,1,1,1,False,-1
3684,TRIPLE,1,1,1,False,-1
3685,TRIPLE,1,1,1,False,-1
3686,TRIPLE,1,1,1,False,-1
3687,DOUBLE,0,1,1,False,-1
3688,SINGLE,0,0,1,False,-1
3689,DOUBLE,0,1,1,False,-1
3690,TRIPLE,1,1,1,False,-1
3691,TRIPLE,1,1,1,False,-1
3692,DOUBLE,0,1,1,False,-1
3693,TRIPLE,1,1,1,False,-1
3694,TRIPLE,1,1,1,False,-1
3695,DOUBLE,0,1,1,False,-1
3696,TRIPLE,1,1,1,False,-1
3697,DOUBLE,0,1,1,False,-1
3698,TRIPLE,1,1,1,False,-1
3699,TRIPLE,1,1,1,False,-1
3700,TRIPLE,1,1,1,False,-1
3701,TRIPLE,1,1,1,False,-1
3702,TRIPLE,1,1,1,False,-1
3703,DOUBLE,0,1,1,False,-1
3704,TRIPLE,1,1,1,False,-1
3705,TRIPLE,1,1,1,False,-1
3706,TRIPLE,1,1,1,False,-1
3707,TRIPLE,1,1,1,False,-1
3708,DOUBLE,0,1,1,False,-1
3709,TRIPLE,1,1,1,False,-1
3711,DOUBLE,0,1,1,False,-1
3712,DOUBLE,0,1,1,False,-1
3713,DOUBLE,0,1,1,False,-1
3714,DOUBLE,0,1,1,False,-1
3715,DOUBLE,0,1,1,False,-1
3716,DOUBLE,0,1,1,False,-1
3717,TRIPLE,1,1,1,False,-1
3718,TRIPLE,1,1,1,False,-1
3719,DOUBLE,0,1,1,False,-1
3720,TRIPLE,1,1,1,False,-1
3721,DOUBLE,0,1,1,False,-1
3722,TRIPLE,1,1,1,False,-1
3723,DOUBLE,0,1,1,False,-1
3724,TRIPLE,1,1,1,False,-1
3725,TRIPLE,1,1,1,False,-1
3726,DOUBLE,0,1,1,False,-1
3727,DOUBLE,0,1,1,False,-1
3728,TRIPLE,1,1,1,False,-1
3729,DOUBLE,0,1,1,False,-1
3730,SINGLE,0,0,1,False,-1
3731,TRIPLE,1,1,1,False,-1
3732,DOUBLE,0,1,1,False,-1
3733,SINGLE,0,0,1,False,-1
3734,TRIPLE,1,1,1,False,-1
3735,DOUBLE,0,1,1,False,-1
3737,TRIPLE,1,1,1,False,-1
3738,SINGLE,0,0,1,False,-1
3740,TRIPLE,1,1,1,False,-1
3742,TRIPLE,1,1,1,False,-1
3743,TRIPLE,1,1,1,False,-1
3744,DOUBLE,0,1,1,False,-1
3745,TRIPLE,1,1,1,False,-1
3746,TRIPLE,1,1,1,False,-1
3747,TRIPLE,1,1,1,False,-1
3750,TRIPLE,1,1,1,False,-1
3751,TRIPLE,1,1,1,False,-1
3752,DOUBLE,0,1,1,False,-1
3754,SINGLE,0,0,1,False,-1
3755,TRIPLE,1,1,1,False,-1
3756,TRIPLE,1,1,1,False,-1
3757,SINGLE,0,0,1,False,-1
3758,SINGLE,0,0,1,False,-1
3759,TRIPLE,1,1,1,False,-1
3760,DOUBLE,0,1,1,False,-1
3761,SINGLE,0,0,1,False,-1
3762,TRIPLE,1,1,1,False,-1
3763,DOUBLE,0,1,1,False,-1
3764,TRIPLE,1,1,1,False,-1
3765,DOUBLE,0,1,1,False,-1
3766,DOUBLE,0,1,1,False,-1
3767,DOUBLE,0,1,1,False,-1
3768,TRIPLE,1,1,1,False,-1
3769,DOUBLE,0,1,1,False,-1
3771,DOUBLE,0,1,1,False,-1
3772,DOUBLE,0,1,1,False,-1
3773,TRIPLE,1,1,1,False,-1
3774,TRIPLE,1,1,1,False,-1
3775,TRIPLE,1,1,1,False,-1
3776,SINGLE,0,0,1,False,-1
3778,TRIPLE,1,1,1,False,-1
3779,TRIPLE,1,1,1,False,-1
3780,TRIPLE,1,1,1,False,-1
3781,TRIPLE,1,1,1,False,-1
3782,TRIPLE,1,1,1,False,-1
3783,TRIPLE,1,1,1,False,-1
3784,DOUBLE,0,1,1,False,-1
3785,TRIPLE,1,1,1,False,-1
3786,DOUBLE,0,1,1,False,-1
3788,TRIPLE,1,1,1,False,-1
3789,DOUBLE,0,1,1,False,-1
3790,TRIPLE,1,1,1,False,-1
3791,SINGLE,0,0,1,False,-1
3792,TRIPLE,1,1,1,False,-1
3793,SINGLE,0,0,1,False,-1
3794,DOUBLE,0,1,1,False,-1
3795,TRIPLE,1,1,1,False,-1
3796,TRIPLE,1,1,1,False,-1
3797,DOUBLE,0,1,1,False,-1
3799,TRIPLE,1,1,1,False,-1
3800,TRIPLE,1,1,1,False,-1
3801,TRIPLE,1,1,1,False,-1
3802,TRIPLE,1,1,1,False,-1
3803,TRIPLE,1,1,1,False,-1
3804,DOUBLE,0,1,1,False,-1
3805,DOUBLE,0,1,1,False,-1
3806,TRIPLE,1,1,1,False,-1
3807,DOUBLE,0,1,1,False,-1
3808,DOUBLE,0,1,1,False,-1
3809,SINGLE,0,0,1,False,-1
3811,TRIPLE,1,1,1,False,-1
3812,TRIPLE,1,1,1,False,-1
3813,TRIPLE,1,1,1,False,-1
3814,TRIPLE,1,1,1,False,-1
3815,DOUBLE,0,1,1,False,-1
3816,DOUBLE,0,1,1,False,-1
3817,DOUBLE,0,1,1,False,-1
3818,TRIPLE,1,1,1,False,-1
3819,SINGLE,0,0,1,False,-1
3821,TRIPLE,1,1,1,False,-1
3822,TRIPLE,1,1,1,False,-1
3823,TRIPLE,1,1,1,False,-1
3824,DOUBLE,0,1,1,False,-1
3825,DOUBLE,0,1,1,False,-1
3826,DOUBLE,0,1,1,False,-1
3827,DOUBLE,0,1,1,False,-1
3828,SINGLE,0,0,1,False,-1
3829,TRIPLE,1,1,1,False,-1
3830,TRIPLE,1,1,1,False,-1
3831,SINGLE,0,0,1,False,-1
3832,TRIPLE,1,1,1,False,-1
3833,DOUBLE,0,1,1,False,-1
3834,TRIPLE,1,1,1,False,-1
3835,DOUBLE,0,1,1,False,-1
3836,DOUBLE,0,1,1,False,-1
3837,SINGLE,0,0,1,False,-1
3838,DOUBLE,0,1,1,False,-1
3839,TRIPLE,1,1,1,False,-1
3840,TRIPLE,1,1,1,False,-1
3841,DOUBLE,0,1,1,False,-1
3842,TRIPLE,1,1,1,False,-1
3843,TRIPLE,1,1,1,False,-1
3844,TRIPLE,1,1,1,False,-1
3845,TRIPLE,1,1,1,False,-1
3846,DOUBLE,0,1,1,False,-1
3847,TRIPLE,1,1,1,False,-1
3848,DOUBLE,0,1,1,False,-1
3849,SINGLE,0,0,1,False,-1
3850,DOUBLE,0,1,1,False,-1
3851,TRIPLE,1,1,1,False,-1
3852,TRIPLE,1,1,1,False,-1
3853,TRIPLE,1,1,1,False,-1
3854,SINGLE,0,0,1,False,-1
3855,DOUBLE,0,1,1,False,-1
3856,DOUBLE,0,1,1,False,-1
3859,SINGLE,0,0,1,False,-1
3861,DOUBLE,0,1,1,False,-1
3862,TRIPLE,1,1,1,False,-1
3863,TRIPLE,1,1,1,False,-1
3864,SINGLE,0,0,1,False,-1
3865,TRIPLE,1,1,1,False,-1
3866,TRIPLE,1,1,1,False,-1
3867,DOUBLE,0,1,1,False,-1
3868,TRIPLE,1,1,1,False,-1
3869,DOUBLE,0,1,1,False,-1
3870,SINGLE,0,0,1,False,-1
3872,DOUBLE,0,1,1,False,-1
3873,DOUBLE,0,1,1,False,-1
3874,DOUBLE,0,1,1,False,-1
3875,TRIPLE,1,1,1,False,-1
3876,TRIPLE,1,1,1,False,-1
3877,TRIPLE,1,1,1,False,-1
3878,SINGLE,0,0,1,False,-1
3879,TRIPLE,1,1,1,False,-1
3880,TRIPLE,1,1,1,False,-1
3881,TRIPLE,1,1,1,False,-1
3882,TRIPLE,1,1,1,False,-1
3884,DOUBLE,0,1,1,False,-1
3885,DOUBLE,0,1,1,False,-1
3886,TRIPLE,1,1,1,False,-1
3887,TRIPLE,1,1,1,False,-1
3888,TRIPLE,1,1,1,False,-1
3889,DOUBLE,0,1,1,False,-1
3890,SINGLE,0,0,1,False,-1
3891,TRIPLE,1,1,1,False,-1
3892,TRIPLE,1,1,1,False,-1
3893,TRIPLE,1,1,1,False,-1
3894,TRIPLE,1,1,1,False,-1
3895,TRIPLE,1,1,1,False,-1
3896,SINGLE,0,0,1,False,-1
3897,TRIPLE,1,1,1,False,-1
3899,SINGLE,0,0,1,False,-1
3900,SINGLE,0,0,1,False,-1
3901,DOUBLE,0,1,1,False,-1
3902,DOUBLE,0,1,1,False,-1
3903,TRIPLE,1,1,1,False,-1
3904,TRIPLE,1,1,1,False,-1
3905,TRIPLE,1,1,1,False,-1
3906,DOUBLE,0,1,1,False,-1
3908,DOUBLE,0,1,1,False,-1
3911,DOUBLE,0,1,1,False,-1
3912,SINGLE,0,0,1,False,-1
3914,DOUBLE,0,1,1,False,-1
3915,DOUBLE,0,1,1,False,-1
3916,DOUBLE,0,1,1,False,-1
3917,DOUBLE,0,1,1,False,-1
3918,TRIPLE,1,1,1,False,-1
3919,TRIPLE,1,1,1,False,-1
3920,TRIPLE,1,1,1,False,-1
3921,TRIPLE,1,1,1,False,-1
3922,TRIPLE,1,1,1,False,-1
3923,TRIPLE,1,1,1,False,-1
3924,TRIPLE,1,1,1,False,-1
3925,TRIPLE,1,1,1,False,-1
3926,TRIPLE,1,1,1,False,-1
3927,DOUBLE,0,1,1,False,-1
3928,SINGLE,0,0,1,False,-1
3930,TRIPLE,1,1,1,False,-1
3931,TRIPLE,1,1,1,False,-1
3932,DOUBLE,0,1,1,False,-1
3933,DOUBLE,0,1,1,False,-1
3934,DOUBLE,0,1,1,False,-1
3935,TRIPLE,1,1,1,False,-1
3936,TRIPLE,1,1,1,False,-1
3937,DOUBLE,0,1,1,False,-1
3938,DOUBLE,0,1,1,False,-1
3939,DOUBLE,0,1,1,False,-1
3940,TRIPLE,1,1,1,False,-1
3941,TRIPLE,1,1,1,False,-1
3942,SINGLE,0,0,1,False,-1
3943,TRIPLE,1,1,1,False,-1
3944,TRIPLE,1,1,1,False,-1
3945,TRIPLE,1,1,1,False,-1
3946,TRIPLE,1,1,1,False,-1
3948,DOUBLE,0,1,1,False,-1
3949,TRIPLE,1,1,1,False,-1
3950,TRIPLE,1,1,1,False,-1
3951,DOUBLE,0,1,1,False,-1
3952,SINGLE,0,0,1,False,-1
3953,TRIPLE,1,1,1,False,-1
3954,TRIPLE,1,1,1,False,-1
3955,SINGLE,0,0,1,False,-1
3956,TRIPLE,1,1,1,False,-1
3957,DOUBLE,0,1,1,False,-1
3958,TRIPLE,1,1,1,False,-1
3959,TRIPLE,1,1,1,False,-1
3960,DOUBLE,0,1,1,False,-1
3961,DOUBLE,0,1,1,False,-1
3962,TRIPLE,1,1,1,False,-1
3963,TRIPLE,1,1,1,False,-1
3964,DOUBLE,0,1,1,False,-1
3965,TRIPLE,1,1,1,False,-1
3966,TRIPLE,1,1,1,False,-1
3967,TRIPLE,1,1,1,False,-1
3968,TRIPLE,1,1,1,False,-1
3969,TRIPLE,1,1,1,False,-1
3970,TRIPLE,1,1,1,False,-1
3974,TRIPLE,1,1,1,False,-1
3975,DOUBLE,0,1,1,False,-1
3976,SINGLE,0,0,1,False,-1
3979,SINGLE,0,0,1,False,-1
3980,TRIPLE,1,1,1,False,-1
3981,TRIPLE,1,1,1,False,-1
3982,TRIPLE,1,1,1,False,-1
3983,DOUBLE,0,1,1,False,-1
3984,TRIPLE,1,1,1,False,-1
3985,TRIPLE,1,1,1,False,-1
3986,SINGLE,0,0,1,False,-1
3987,TRIPLE,1,1,1,False,-1
3988,TRIPLE,1,1,1,False,-1
3989,DOUBLE,0,1,1,False,-1
3990,TRIPLE,1,1,1,False,-1
3991,TRIPLE,1,1,1,False,-1
3992,DOUBLE,0,1,1,False,-1
3993,DOUBLE,0,1,1,False,-1
3994,SINGLE,0,0,1,False,-1
3995,TRIPLE,1,1,1,False,-1
3996,TRIPLE,1,1,1,False,-1
3997,TRIPLE,1,1,1,False,-1
3998,TRIPLE,1,1,1,False,-1
3999,TRIPLE,1,1,1,False,-1
4000,DOUBLE,0,1,1,False,-1
4001,SINGLE,0,0,1,False,-1
4002,TRIPLE,1,1,1,False,-1
4003,DOUBLE,0,1,1,False,-1
4004,TRIPLE,1,1,1,False,-1
4005,SINGLE,0,0,1,False,-1
4006,TRIPLE,1,1,1,False,-1
4007,TRIPLE,1,1,1,False,-1
4008,TRIPLE,1,1,1,False,-1
4009,TRIPLE,1,1,1,False,-1
4010,SINGLE,0,0,1,False,-1
4011,TRIPLE,1,1,1,False,-1
4012,TRIPLE,1,1,1,False,-1
4013,TRIPLE,1,1,1,False,-1
4014,DOUBLE,0,1,1,False,-1
4015,DOUBLE,0,1,1,False,-1
4016,TRIPLE,1,1,1,False,-1
4017,DOUBLE,0,1,1,False,-1
4018,TRIPLE,1,1,1,False,-1
4019,TRIPLE,1,1,1,False,-1
4020,DOUBLE,0,1,1,False,-1
4021,DOUBLE,0,1,1,False,-1
4022,DOUBLE,0,1,1,False,-1
4023,TRIPLE,1,1,1,False,-1
4024,DOUBLE,0,1,1,False,-1
4025,DOUBLE,0,1,1,False,-1
4026,DOUBLE,0,1,1,False,-1
4027,TRIPLE,1,1,1,False,-1
4028,DOUBLE,0,1,1,False,-1
4029,SINGLE,0,0,1,False,-1
4030,TRIPLE,1,1,1,False,-1
4031,TRIPLE,1,1,1,False,-1
4032,SINGLE,0,0,1,False,-1
4033,TRIPLE,1,1,1,False,-1
4034,TRIPLE,1,1,1,False,-1
4035,TRIPLE,1,1,1,False,-1
4036,DOUBLE,0,1,1,False,-1
4037,SINGLE,0,0,1,False,-1
4038,DOUBLE,0,1,1,False,-1
4039,TRIPLE,1,1,1,False,-1
4040,TRIPLE,1,1,1,False,-1
4041,TRIPLE,1,1,1,False,-1
4042,DOUBLE,0,1,1,False,-1
4043,SINGLE,0,0,1,False,-1
4044,TRIPLE,1,1,1,False,-1
4045,TRIPLE,1,1,1,False,-1
4046,SINGLE,0,0,1,False,-1
4047,TRIPLE,1,1,1,False,-1
4049,SINGLE,0,0,1,False,-1
4050,TRIPLE,1,1,1,False,-1
4052,DOUBLE,0,1,1,False,-1
4053,TRIPLE,1,1,1,False,-1
4054,DOUBLE,0,1,1,False,-1
4055,SINGLE,0,0,1,False,-1
4056,TRIPLE,1,1,1,False,-1
4057,TRIPLE,1,1,1,False,-1
4058,DOUBLE,0,1,1,False,-1
4059,TRIPLE,1,1,1,False,-1
4060,TRIPLE,1,1,1,False,-1
4061,DOUBLE,0,1,1,False,-1
4062,SINGLE,0,0,1,False,-1
4064,DOUBLE,0,1,1,False,-1
4065,TRIPLE,1,1,1,False,-1
4066,DOUBLE,0,1,1,False,-1
4067,SINGLE,0,0,1,False,-1
4068,DOUBLE,0,1,1,False,-1
4069,TRIPLE,1,1,1,False,-1
4070,TRIPLE,1,1,1,False,-1
4071,DOUBLE,0,1,1,False,-1
4072,TRIPLE,1,1,1,False,-1
4073,TRIPLE,1,1,1,False,-1
4074,TRIPLE,1,1,1,False,-1
4075,TRIPLE,1,1,1,False,-1
4076,TRIPLE,1,1,1,False,-1
4077,DOUBLE,0,1,1,False,-1
4079,TRIPLE,1,1,1,False,-1
4080,TRIPLE,1,1,1,False,-1
4081,TRIPLE,1,1,1,False,-1
4082,TRIPLE,1,1,1,False,-1
4084,TRIPLE,1,1,1,False,-1
4085,TRIPLE,1,1,1,False,-1
4086,TRIPLE,1,1,1,False,-1
4087,TRIPLE,1,1,1,False,-1
4088,TRIPLE,1,1,1,False,-1
4089,DOUBLE,0,1,1,False,-1
4090,SINGLE,0,0,1,False,-1
4091,SINGLE,0,0,1,False,-1
4092,DOUBLE,0,1,1,False,-1
4094,TRIPLE,1,1,1,False,-1
4095,DOUBLE,0,1,1,False,-1
4096,DOUBLE,0,1,1,False,-1
4097,TRIPLE,1,1,1,False,-1
4098,TRIPLE,1,1,1,False,-1
4099,TRIPLE,1,1,1,False,-1
4100,SINGLE,0,0,1,False,-1
4101,SINGLE,0,0,1,False,-1
4103,TRIPLE,1,1,1,False,-1
4104,TRIPLE,1,1,1,False,-1
4105,DOUBLE,0,1,1,False,-1
4106,TRIPLE,1,1,1,False,-1
4107,DOUBLE,0,1,1,False,-1
4108,TRIPLE,1,1,1,False,-1
4109,TRIPLE,1,1,1,False,-1
4110,TRIPLE,1,1,1,False,-1
4111,TRIPLE,1,1,1,False,-1
4112,TRIPLE,1,1,1,False,-1
4113,DOUBLE,0,1,1,False,-1
4114,TRIPLE,1,1,1,False,-1
4115,TRIPLE,1,1,1,False,-1
4116,TRIPLE,1,1,1,False,-1
4117,DOUBLE,0,1,1,False,-1
4118,TRIPLE,1,1,1,False,-1
4119,TRIPLE,1,1,1,False,-1
4120,TRIPLE,1,1,1,False,-1
4121,DOUBLE,0,1,1,False,-1
4122,SINGLE,0,0,1,False,-1
4123,DOUBLE,0,1,1,False,-1
4124,TRIPLE,1,1,1,False,-1
4125,TRIPLE,1,1,1,False,-1
4126,TRIPLE,1,1,1,False,-1
4127,TRIPLE,1,1,1,False,-1
4128,TRIPLE,1,1,1,False,-1
4129,SINGLE,0,0,1,False,-1
4130,TRIPLE,1,1,1,False,-1
4131,TRIPLE,1,1,1,False,-1
4133,DOUBLE,0,1,1,False,-1
4134,DOUBLE,0,1,1,False,-1
4135,DOUBLE,0,1,1,False,-1
4136,TRIPLE,1,1,1,False,-1
4137,TRIPLE,1,1,1,False,-1
4138,TRIPLE,1,1,1,False,-1
4139,DOUBLE,0,1,1,False,-1
4140,SINGLE,0,0,1,False,-1
4141,TRIPLE,1,1,1,False,-1
4142,TRIPLE,1,1,1,False,-1
4143,TRIPLE,1,1,1,False,-1
4145,TRIPLE,1,1,1,False,-1
4146,TRIPLE,1,1,1,False,-1
4147,DOUBLE,0,1,1,False,-1
4148,DOUBLE,0,1,1,False,-1
4149,TRIPLE,1,1,1,False,-1
4150,TRIPLE,1,1,1,False,-1
4151,TRIPLE,1,1,1,False,-1
4152,SINGLE,0,0,1,False,-1
4153,TRIPLE,1,1,1,False,-1
4154,SINGLE,0,0,1,False,-1
4155,DOUBLE,0,1,1,False,-1
4156,DOUBLE,0,1,1,False,-1
4157,TRIPLE,1,1,1,False,-1
4158,SINGLE,0,0,1,False,-1
4159,TRIPLE,1,1,1,False,-1
4160,TRIPLE,1,1,1,False,-1
4161,DOUBLE,0,1,1,False,-1
4162,TRIPLE,1,1,1,False,-1
4163,TRIPLE,1,1,1,False,-1
4164,TRIPLE,1,1,1,False,-1
4165,TRIPLE,1,1,1,False,-1
4166,TRIPLE,1,1,1,False,-1
4167,TRIPLE,1,1,1,False,-1
4170,TRIPLE,1,1,1,False,-1
4172,TRIPLE,1,1,1,False,-1
4173,DOUBLE,0,1,1,False,-1
4174,TRIPLE,1,1,1,False,-1
4175,TRIPLE,1,1,1,False,-1
4176,TRIPLE,1,1,1,False,-1
4177,TRIPLE,1,1,1,False,-1
4178,DOUBLE,0,1,1,False,-1
4180,TRIPLE,1,1,1,False,-1
4181,TRIPLE,1,1,1,False,-1
4182,TRIPLE,1,1,1,False,-1
4183,TRIPLE,1,1,1,False,-1
4184,TRIPLE,1,1,1,False,-1
4185,TRIPLE,1,1,1,False,-1
4186,SINGLE,0,0,1,False,-1
4187,TRIPLE,1,1,1,False,-1
4188,TRIPLE,1,1,1,False,-1
4189,DOUBLE,0,1,1,False,-1
4190,TRIPLE,1,1,1,False,-1
4191,DOUBLE,0,1,1,False,-1
4192,TRIPLE,1,1,1,False,-1
4193,DOUBLE,0,1,1,False,-1
4194,SINGLE,0,0,1,False,-1
4195,TRIPLE,1,1,1,False,-1
4196,TRIPLE,1,1,1,False,-1
4198,TRIPLE,1,1,1,False,-1
4200,DOUBLE,0,1,1,False,-1
4201,TRIPLE,1,1,1,False,-1
4202,TRIPLE,1,1,1,False,-1
4203,TRIPLE,1,1,1,False,-1
4204,TRIPLE,1,1,1,False,-1
4205,TRIPLE,1,1,1,False,-1
4206,TRIPLE,1,1,1,False,-1
4207,DOUBLE,0,1,1,False,-1
4208,TRIPLE,1,1,1,False,-1
4209,TRIPLE,1,1,1,False,-1
4210,TRIPLE,1,1,1,False,-1
4211,DOUBLE,0,1,1,False,-1
4212,TRIPLE,1,1,1,False,-1
4213,DOUBLE,0,1,1,False,-1
4214,TRIPLE,1,1,1,False,-1
4215,DOUBLE,0,1,1,False,-1
4217,DOUBLE,0,1,1,False,-1
4218,SINGLE,0,0,1,False,-1
4219,TRIPLE,1,1,1,False,-1
4220,TRIPLE,1,1,1,False,-1
4221,TRIPLE,1,1,1,False,-1
4222,DOUBLE,0,1,1,False,-1
4223,TRIPLE,1,1,1,False,-1
4224,DOUBLE,0,1,1,False,-1
4225,DOUBLE,0,1,1,False,-1
4226,SINGLE,0,0,1,False,-1
4227,DOUBLE,0,1,1,False,-1
4228,TRIPLE,1,1,1,False,-1
4229,TRIPLE,1,1,1,False,-1
4231,DOUBLE,0,1,1,False,-1
4232,TRIPLE,1,1,1,False,-1
4233,TRIPLE,1,1,1,False,-1
4234,DOUBLE,0,1,1,False,-1
4235,SINGLE,0,0,1,False,-1
4236,DOUBLE,0,1,1,False,-1
4237,TRIPLE,1,1,1,False,-1
4238,SINGLE,0,0,1,False,-1
4239,DOUBLE,0,1,1,False,-1
4240,TRIPLE,1,1,1,False,-1
4241,SINGLE,0,0,1,False,-1
4242,TRIPLE,1,1,1,False,-1
4243,DOUBLE,0,1,1,False,-1
4244,DOUBLE,0,1,1,False,-1
4246,DOUBLE,0,1,1,False,-1
4247,TRIPLE,1,1,1,False,-1
4248,TRIPLE,1,1,1,False,-1
4249,DOUBLE,0,1,1,False,-1
4250,TRIPLE,1,1,1,False,-1
4252,SINGLE,0,0,1,False,-1
4253,TRIPLE,1,1,1,False,-1
4254,DOUBLE,0,1,1,False,-1
4255,DOUBLE,0,1,1,False,-1
4256,DOUBLE,0,1,1,False,-1
4257,TRIPLE,1,1,1,False,-1
4258,SINGLE,0,0,1,False,-1
4259,TRIPLE,1,1,1,False,-1
4260,TRIPLE,1,1,1,False,-1
4261,TRIPLE,1,1,1,False,-1
4262,DOUBLE,0,1,1,False,-1
4263,TRIPLE,1,1,1,False,-1
4265,TRIPLE,1,1,1,False,-1
4266,SINGLE,0,0,1,False,-1
4267,DOUBLE,0,1,1,False,-1
4268,TRIPLE,1,1,1,False,-1
4269,SINGLE,0,0,1,False,-1
4270,TRIPLE,1,1,1,False,-1
4271,DOUBLE,0,1,1,False,-1
4272,DOUBLE,0,1,1,False,-1
4274,TRIPLE,1,1,1,False,-1
4275,TRIPLE,1,1,1,False,-1
4276,TRIPLE,1,1,1,False,-1
4277,TRIPLE,1,1,1,False,-1
4278,SINGLE,0,0,1,False,-1
4279,TRIPLE,1,1,1,False,-1
4280,TRIPLE,1,1,1,False,-1
4281,TRIPLE,1,1,1,False,-1
4282,DOUBLE,0,1,1,False,-1
4283,TRIPLE,1,1,1,False,-1
4284,TRIPLE,1,1,1,False,-1
4285,TRIPLE,1,1,1,False,-1
4286,DOUBLE,0,1,1,False,-1
4287,TRIPLE,1,1,1,False,-1
4288,DOUBLE,0,1,1,False,-1
4289,SINGLE,0,0,1,False,-1
4290,DOUBLE,0,1,1,False,-1
4291,TRIPLE,1,1,1,False,-1
4292,SINGLE,0,0,1,False,-1
4293,TRIPLE,1,1,1,False,-1
4294,TRIPLE,1,1,1,False,-1
4295,TRIPLE,1,1,1,False,-1
4296,DOUBLE,0,1,1,False,-1
4297,TRIPLE,1,1,1,False,-1
4298,TRIPLE,1,1,1,False,-1
4299,TRIPLE,1,1,1,False,-1
4300,TRIPLE,1,1,1,False,-1
4301,DOUBLE,0,1,1,False,-1
4302,SINGLE,0,0,1,False,-1
4303,TRIPLE,1,1,1,False,-1
4304,TRIPLE,1,1,1,False,-1
4305,TRIPLE,1,1,1,False,-1
4307,DOUBLE,0,1,1,False,-1
4308,TRIPLE,1,1,1,False,-1
4309,SINGLE,0,0,1,False,-1
4310,DOUBLE,0,1,1,False,-1
4311,TRIPLE,1,1,1,False,-1
4312,DOUBLE,0,1,1,False,-1
4313,DOUBLE,0,1,1,False,-1
4314,TRIPLE,1,1,1,False,-1
4315,DOUBLE,0,1,1,False,-1
4316,TRIPLE,1,1,1,False,-1
4317,TRIPLE,1,1,1,False,-1
4318,SINGLE,0,0,1,False,-1
4319,TRIPLE,1,1,1,False,-1
4320,DOUBLE,0,1,1,False,-1
4321,TRIPLE,1,1,1,False,-1
4322,DOUBLE,0,1,1,False,-1
4323,TRIPLE,1,1,1,False,-1
4324,DOUBLE,0,1,1,False,-1
4325,SINGLE,0,0,1,False,-1
4326,TRIPLE,1,1,1,False,-1
4327,TRIPLE,1,1,1,False,-1
4328,DOUBLE,0,1,1,False,-1
4329,TRIPLE,1,1,1,False,-1
4330,TRIPLE,1,1,1,False,-1
4331,TRIPLE,1,1,1,False,-1
4332,TRIPLE,1,1,1,False,-1
4333,TRIPLE,1,1,1,False,-1
4334,TRIPLE,1,1,1,False,-1
4335,SINGLE,0,0,1,False,-1
4336,TRIPLE,1,1,1,False,-1
4337,SINGLE,0,0,1,False,-1
4338,SINGLE,0,0,1,False,-1
4339,DOUBLE,0,1,1,False,-1
4340,DOUBLE,0,1,1,False,-1
4341,DOUBLE,0,1,1,False,-1
4342,TRIPLE,1,1,1,False,-1
4343,TRIPLE,1,1,1,False,-1
4344,TRIPLE,1,1,1,False,-1
4345,SINGLE,0,0,1,False,-1
4346,DOUBLE,0,1,1,False,-1
4347,DOUBLE,0,1,1,False,-1
4348,TRIPLE,1,1,1,False,-1
4349,TRIPLE,1,1,1,False,-1
4350,TRIPLE,1,1,1,False,-1
4351,TRIPLE,1,1,1,False,-1
4352,SINGLE,0,0,1,False,-1
4353,TRIPLE,1,1,1,False,-1
4354,TRIPLE,1,1,1,False,-1
4355,TRIPLE,1,1,1,False,-1
4356,TRIPLE,1,1,1,False,-1
4357,DOUBLE,0,1,1,False,-1
4358,DOUBLE,0,1,1,False,-1
4359,TRIPLE,1,1,1,False,-1
4360,DOUBLE,0,1,1,False,-1
4361,DOUBLE,0,1,1,False,-1
4362,TRIPLE,1,1,1,False,-1
4363,TRIPLE,1,1,1,False,-1
4364,SINGLE,0,0,1,False,-1
4365,TRIPLE,1,1,1,False,-1
4366,SINGLE,0,0,1,False,-1
4367,SINGLE,0,0,1,False,-1
4368,SINGLE,0,0,1,False,-1
4369,DOUBLE,0,1,1,False,-1
4370,TRIPLE,1,1,1,False,-1
4371,DOUBLE,0,1,1,False,-1
4372,SINGLE,0,0,1,False,-1
4374,SINGLE,0,0,1,False,-1
4375,SINGLE,0,0,1,False,-1
4376,DOUBLE,0,1,1,False,-1
4378,TRIPLE,1,1,1,False,-1
4379,DOUBLE,0,1,1,False,-1
4380,SINGLE,0,0,1,False,-1
4381,TRIPLE,1,1,1,False,-1
4382,SINGLE,0,0,1,False,-1
4383,TRIPLE,1,1,1,False,-1
4384,TRIPLE,1,1,1,False,-1
4385,DOUBLE,0,1,1,False,-1
4386,DOUBLE,0,1,1,False,-1
4387,SINGLE,0,0,1,False,-1
4388,SINGLE,0,0,1,False,-1
4389,TRIPLE,1,1,1,False,-1
4390,TRIPLE,1,1,1,False,-1
4391,DOUBLE,0,1,1,False,-1
4392,TRIPLE,1,1,1,False,-1
4393,DOUBLE,0,1,1,False,-1
4394,TRIPLE,1,1,1,False,-1
4395,TRIPLE,1,1,1,False,-1
4396,TRIPLE,1,1,1,False,-1
4397,TRIPLE,1,1,1,False,-1
4398,SINGLE,0,0,1,False,-1
4399,TRIPLE,1,1,1,False,-1
4400,DOUBLE,0,1,1,False,-1
4401,DOUBLE,0,1,1,False,-1
4402,TRIPLE,1,1,1,False,-1
4403,TRIPLE,1,1,1,False,-1
4404,TRIPLE,1,1,1,False,-1
4405,DOUBLE,0,1,1,False,-1
4406,SINGLE,0,0,1,False,-1
4407,DOUBLE,0,1,1,False,-1
4408,TRIPLE,1,1,1,False,-1
4409,TRIPLE,1,1,1,False,-1
4410,TRIPLE,1,1,1,False,-1
4411,TRIPLE,1,1,1,False,-1
4412,DOUBLE,0,1,1,False,-1
4414,TRIPLE,1,1,1,False,-1
4415,DOUBLE,0,1,1,False,-1
4416,TRIPLE,1,1,1,False,-1
4417,DOUBLE,0,1,1,False,-1
4418,DOUBLE,0,1,1,False,-1
4419,SINGLE,0,0,1,False,-1
4420,DOUBLE,0,1,1,False,-1
4421,TRIPLE,1,1,1,False,-1
4422,DOUBLE,0,1,1,False,-1
4423,SINGLE,0,0,1,False,-1
4424,TRIPLE,1,1,1,False,-1
4425,DOUBLE,0,1,1,False,-1
4426,DOUBLE,0,1,1,False,-1
4427,TRIPLE,1,1,1,False,-1
4428,DOUBLE,0,1,1,False,-1
4429,TRIPLE,1,1,1,False,-1
4430,DOUBLE,0,1,1,False,-1
4431,TRIPLE,1,1,1,False,-1
4432,TRIPLE,1,1,1,False,-1
4433,TRIPLE,1,1,1,False,-1
4434,SINGLE,0,0,1,False,-1
4435,TRIPLE,1,1,1,False,-1
4436,TRIPLE,1,1,1,False,-1
4437,SINGLE,0,0,1,False,-1
4438,DOUBLE,0,1,1,False,-1
4439,TRIPLE,1,1,1,False,-1
4440,DOUBLE,0,1,1,False,-1
4441,DOUBLE,0,1,1,False,-1
4442,TRIPLE,1,1,1,False,-1
4443,DOUBLE,0,1,1,False,-1
4444,TRIPLE,1,1,1,False,-1
4445,TRIPLE,1,1,1,False,-1
4446,TRIPLE,1,1,1,False,-1
4447,SINGLE,0,0,1,False,-1
4448,TRIPLE,1,1,1,False,-1
4449,SINGLE,0,0,1,False,-1
4450,DOUBLE,0,1,1,False,-1
4451,TRIPLE,1,1,1,False,-1
4452,TRIPLE,1,1,1,False,-1
4454,TRIPLE,1,1,1,False,-1
4455,TRIPLE,1,1,1,False,-1
4456,DOUBLE,0,1,1,False,-1
4458,TRIPLE,1,1,1,False,-1
4459,TRIPLE,1,1,1,False,-1
4460,TRIPLE,1,1,1,False,-1
4461,DOUBLE,0,1,1,False,-1
4462,SINGLE,0,0,1,False,-1
4463,DOUBLE,0,1,1,False,-1
4465,TRIPLE,1,1,1,False,-1
4466,TRIPLE,1,1,1,False,-1
4467,TRIPLE,1,1,1,False,-1
4468,TRIPLE,1,1,1,False,-1
4469,TRIPLE,1,1,1,False,-1
4470,TRIPLE,1,1,1,False,-1
4472,SINGLE,0,0,1,False,-1
4474,TRIPLE,1,1,1,False,-1
4475,TRIPLE,1,1,1,False,-1
4476,SINGLE,0,0,1,False,-1
4477,DOUBLE,0,1,1,False,-1
4478,DOUBLE,0,1,1,False,-1
4479,TRIPLE,1,1,1,False,-1
4480,DOUBLE,0,1,1,False,-1
4481,TRIPLE,1,1,1,False,-1
4483,TRIPLE,1,1,1,False,-1
4484,TRIPLE,1,1,1,False,-1
4485,DOUBLE,0,1,1,False,-1
4486,TRIPLE,1,1,1,False,-1
4487,DOUBLE,0,1,1,False,-1
4488,DOUBLE,0,1,1,False,-1
4489,TRIPLE,1,1,1,False,-1
4490,TRIPLE,1,1,1,False,-1
4491,TRIPLE,1,1,1,False,-1
4492,TRIPLE,1,1,1,False,-1
4493,DOUBLE,0,1,1,False,-1
4495,TRIPLE,1,1,1,False,-1
4496,TRIPLE,1,1,1,False,-1
4497,TRIPLE,1,1,1,False,-1
4499,DOUBLE,0,1,1,False,-1
4500,TRIPLE,1,1,1,False,-1
4502,TRIPLE,1,1,1,False,-1
4503,TRIPLE,1,1,1,False,-1
4504,TRIPLE,1,1,1,False,-1
4505,TRIPLE,1,1,1,False,-1
4506,TRIPLE,1,1,1,False,-1
4508,DOUBLE,0,1,1,False,-1
4509,TRIPLE,1,1,1,False,-1
4510,TRIPLE,1,1,1,False,-1
4511,TRIPLE,1,1,1,False,-1
4512,TRIPLE,1,1,1,False,-1
4514,TRIPLE,1,1,1,False,-1
4515,TRIPLE,1,1,1,False,-1
4516,TRIPLE,1,1,1,False,-1
4517,DOUBLE,0,1,1,False,-1
4518,DOUBLE,0,1,1,False,-1
4519,DOUBLE,0,1,1,False,-1
4520,DOUBLE,0,1,1,False,-1
4521,DOUBLE,0,1,1,False,-1
4522,TRIPLE,1,1,1,False,-1
4523,TRIPLE,1,1,1,False,-1
4524,TRIPLE,1,1,1,False,-1
4525,TRIPLE,1,1,1,False,-1
4526,DOUBLE,0,1,1,False,-1
4527,DOUBLE,0,1,1,False,-1
4528,SINGLE,0,0,1,False,-1
4529,DOUBLE,0,1,1,False,-1
4530,TRIPLE,1,1,1,False,-1
4531,DOUBLE,0,1,1,False,-1
4532,TRIPLE,1,1,1,False,-1
4533,TRIPLE,1,1,1,False,-1
4534,DOUBLE,0,1,1,False,-1
4535,DOUBLE,0,1,1,False,-1
4536,TRIPLE,1,1,1,False,-1
4537,DOUBLE,0,1,1,False,-1
4538,SINGLE,0,0,1,False,-1
4539,DOUBLE,0,1,1,False,-1
4540,TRIPLE,1,1,1,False,-1
4541,TRIPLE,1,1,1,False,-1
4542,TRIPLE,1,1,1,False,-1
4543,TRIPLE,1,1,1,False,-1
4544,TRIPLE,1,1,1,False,-1
4545,TRIPLE,1,1,1,False,-1
4547,TRIPLE,1,1,1,False,-1
4548,TRIPLE,1,1,1,False,-1
4549,TRIPLE,1,1,1,False,-1
4550,TRIPLE,1,1,1,False,-1
4551,SINGLE,0,0,1,False,-1
4552,DOUBLE,0,1,1,False,-1
4553,TRIPLE,1,1,1,False,-1
4554,SINGLE,0,0,1,False,-1
4555,DOUBLE,0,1,1,False,-1
4557,SINGLE,0,0,1,False,-1
4558,DOUBLE,0,1,1,False,-1
4559,SINGLE,0,0,1,False,-1
4560,TRIPLE,1,1,1,False,-1
4561,TRIPLE,1,1,1,False,-1
4562,SINGLE,0,0,1,False,-1
4563,SINGLE,0,0,1,False,-1
4564,TRIPLE,1,1,1,False,-1
4565,TRIPLE,1,1,1,False,-1
4566,TRIPLE,1,1,1,False,-1
4567,TRIPLE,1,1,1,False,-1
4568,TRIPLE,1,1,1,False,-1
4569,TRIPLE,1,1,1,False,-1
4570,SINGLE,0,0,1,False,-1
4571,TRIPLE,1,1,1,False,-1
4572,TRIPLE,1,1,1,False,-1
4573,TRIPLE,1,1,1,False,-1
4574,DOUBLE,0,1,1,False,-1
4575,SINGLE,0,0,1,False,-1
4576,DOUBLE,0,1,1,False,-1
4577,TRIPLE,1,1,1,False,-1
4578,TRIPLE,1,1,1,False,-1
4580,SINGLE,0,0,1,False,-1
4581,DOUBLE,0,1,1,False,-1
4582,DOUBLE,0,1,1,False,-1
4583,DOUBLE,0,1,1,False,-1
4584,DOUBLE,0,1,1,False,-1
4585,TRIPLE,1,1,1,False,-1
4586,TRIPLE,1,1,1,False,-1
4587,DOUBLE,0,1,1,False,-1
4588,TRIPLE,1,1,1,False,-1
4589,TRIPLE,1,1,1,False,-1
4590,TRIPLE,1,1,1,False,-1
4591,DOUBLE,0,1,1,False,-1
4592,DOUBLE,0,1,1,False,-1
4593,DOUBLE,0,1,1,False,-1
4596,TRIPLE,1,1,1,False,-1
4598,TRIPLE,1,1,1,False,-1
4599,SINGLE,0,0,1,False,-1
4600,SINGLE,0,0,1,False,-1
4601,DOUBLE,0,1,1,False,-1
4602,TRIPLE,1,1,1,False,-1
4603,SINGLE,0,0,1,False,-1
4604,DOUBLE,0,1,1,False,-1
4605,SINGLE,0,0,1,False,-1
4606,DOUBLE,0,1,1,False,-1
4607,DOUBLE,0,1,1,False,-1
4608,TRIPLE,1,1,1,False,-1
4609,TRIPLE,1,1,1,False,-1
4610,TRIPLE,1,1,1,False,-1
4611,SINGLE,0,0,1,False,-1
4612,TRIPLE,1,1,1,False,-1
4614,DOUBLE,0,1,1,False,-1
4615,SINGLE,0,0,1,False,-1
4616,DOUBLE,0,1,1,False,-1
4618,DOUBLE,0,1,1,False,-1
4619,DOUBLE,0,1,1,False,-1
4620,DOUBLE,0,1,1,False,-1
4621,DOUBLE,0,1,1,False,-1
4622,DOUBLE,0,1,1,False,-1
4623,TRIPLE,1,1,1,False,-1
4624,SINGLE,0,0,1,False,-1
4625,TRIPLE,1,1,1,False,-1
4626,DOUBLE,0,1,1,False,-1
4627,TRIPLE,1,1,1,False,-1
4628,TRIPLE,1,1,1,False,-1
4629,TRIPLE,1,1,1,False,-1
4630,SINGLE,0,0,1,False,-1
4631,TRIPLE,1,1,1,False,-1
4632,TRIPLE,1,1,1,False,-1
4633,DOUBLE,0,1,1,False,-1
4634,TRIPLE,1,1,1,False,-1
4635,DOUBLE,0,1,1,False,-1
4636,SINGLE,0,0,1,False,-1
4637,TRIPLE,1,1,1,False,-1
4638,TRIPLE,1,1,1,False,-1
4639,TRIPLE,1,1,1,False,-1
4640,DOUBLE,0,1,1,False,-1
4641,DOUBLE,0,1,1,False,-1
4642,TRIPLE,1,1,1,False,-1
4643,DOUBLE,0,1,1,False,-1
4644,DOUBLE,0,1,1,False,-1
4645,TRIPLE,1,1,1,False,-1
4646,TRIPLE,1,1,1,False,-1
4647,TRIPLE,1,1,1,False,-1
4648,DOUBLE,0,1,1,False,-1
4649,TRIPLE,1,1,1,False,-1
4650,DOUBLE,0,1,1,False,-1
4651,SINGLE,0,0,1,False,-1
4652,TRIPLE,1,1,1,False,-1
4653,SINGLE,0,0,1,False,-1
4654,TRIPLE,1,1,1,False,-1
4655,TRIPLE,1,1,1,False,-1
4656,SINGLE,0,0,1,False,-1
4657,TRIPLE,1,1,1,False,-1
4658,TRIPLE,1,1,1,False,-1
4659,TRIPLE,1,1,1,False,-1
4661,TRIPLE,1,1,1,False,-1
4662,DOUBLE,0,1,1,False,-1
4663,TRIPLE,1,1,1,False,-1
4664,TRIPLE,1,1,1,False,-1
4665,TRIPLE,1,1,1,False,-1
4666,TRIPLE,1,1,1,False,-1
4667,SINGLE,0,0,1,False,-1
4668,TRIPLE,1,1,1,False,-1
4669,TRIPLE,1,1,1,False,-1
4670,TRIPLE,1,1,1,False,-1
4671,TRIPLE,1,1,1,False,-1
4672,TRIPLE,1,1,1,False,-1
4673,DOUBLE,0,1,1,False,-1
4674,TRIPLE,1,1,1,False,-1
4676,DOUBLE,0,1,1,False,-1
4677,TRIPLE,1,1,1,False,-1
4679,DOUBLE,0,1,1,False,-1
4680,DOUBLE,0,1,1,False,-1
4681,TRIPLE,1,1,1,False,-1
4682,DOUBLE,0,1,1,False,-1
4683,TRIPLE,1,1,1,False,-1
4684,DOUBLE,0,1,1,False,-1
4685,TRIPLE,1,1,1,False,-1
4686,TRIPLE,1,1,1,False,-1
4687,DOUBLE,0,1,1,False,-1
4688,TRIPLE,1,1,1,False,-1
4689,TRIPLE,1,1,1,False,-1
4690,TRIPLE,1,1,1,False,-1
4691,SINGLE,0,0,1,False,-1
4692,SINGLE,0,0,1,False,-1
4693,TRIPLE,1,1,1,False,-1
4694,TRIPLE,1,1,1,False,-1
4695,DOUBLE,0,1,1,False,-1
4696,TRIPLE,1,1,1,False,-1
4697,DOUBLE,0,1,1,False,-1
4698,DOUBLE,0,1,1,False,-1
4699,DOUBLE,0,1,1,False,-1
4700,DOUBLE,0,1,1,False,-1
4701,TRIPLE,1,1,1,False,-1
4702,TRIPLE,1,1,1,False,-1
4703,TRIPLE,1,1,1,False,-1
4704,TRIPLE,1,1,1,False,-1
4705,TRIPLE,1,1,1,False,-1
4706,DOUBLE,0,1,1,False,-1
4707,DOUBLE,0,1,1,False,-1
4708,TRIPLE,1,1,1,False,-1
4709,SINGLE,0,0,1,False,-1
4710,DOUBLE,0,1,1,False,-1
4711,TRIPLE,1,1,1,False,-1
4712,DOUBLE,0,1,1,False,-1
4713,TRIPLE,1,1,1,False,-1
4714,DOUBLE,0,1,1,False,-1
4715,SINGLE,0,0,1,False,-1
4716,DOUBLE,0,1,1,False,-1
4717,SINGLE,0,0,1,False,-1
4719,TRIPLE,1,1,1,False,-1
4720,TRIPLE,1,1,1,False,-1
4723,DOUBLE,0,1,1,False,-1
4724,TRIPLE,1,1,1,False,-1
4725,TRIPLE,1,1,1,False,-1
4726,DOUBLE,0,1,1,False,-1
4727,TRIPLE,1,1,1,False,-1
4728,TRIPLE,1,1,1,False,-1
4729,DOUBLE,0,1,1,False,-1
4730,TRIPLE,1,1,1,False,-1
4731,DOUBLE,0,1,1,False,-1
4732,TRIPLE,1,1,1,False,-1
4733,TRIPLE,1,1,1,False,-1
4734,DOUBLE,0,1,1,False,-1
4735,DOUBLE,0,1,1,False,-1
4736,DOUBLE,0,1,1,False,-1
4737,DOUBLE,0,1,1,False,-1
4738,DOUBLE,0,1,1,False,-1
4740,DOUBLE,0,1,1,False,-1
4741,SINGLE,0,0,1,False,-1
4742,DOUBLE,0,1,1,False,-1
4743,TRIPLE,1,1,1,False,-1
4744,DOUBLE,0,1,1,False,-1
4745,TRIPLE,1,1,1,False,-1
4746,TRIPLE,1,1,1,False,-1
4747,DOUBLE,0,1,1,False,-1
4748,TRIPLE,1,1,1,False,-1
4749,DOUBLE,0,1,1,False,-1
4750,TRIPLE,1,1,1,False,-1
4751,TRIPLE,1,1,1,False,-1
4752,TRIPLE,1,1,1,False,-1
4753,TRIPLE,1,1,1,False,-1
4754,TRIPLE,1,1,1,False,-1
4755,TRIPLE,1,1,1,False,-1
4756,TRIPLE,1,1,1,False,-1
4757,TRIPLE,1,1,1,False,-1
4758,TRIPLE,1,1,1,False,-1
4759,DOUBLE,0,1,1,False,-1
4761,TRIPLE,1,1,1,False,-1
4762,TRIPLE,1,1,1,False,-1
4763,TRIPLE,1,1,1,False,-1
4764,SINGLE,0,0,1,False,-1
4765,TRIPLE,1,1,1,False,-1
4766,DOUBLE,0,1,1,False,-1
4767,TRIPLE,1,1,1,False,-1
4768,SINGLE,0,0,1,False,-1
4769,TRIPLE,1,1,1,False,-1
4770,DOUBLE,0,1,1,False,-1
4771,TRIPLE,1,1,1,False,-1
4772,TRIPLE,1,1,1,False,-1
4773,TRIPLE,1,1,1,False,-1
4774,TRIPLE,1,1,1,False,-1
4776,DOUBLE,0,1,1,False,-1
4777,TRIPLE,1,1,1,False,-1
4778,SINGLE,0,0,1,False,-1
4779,SINGLE,0,0,1,False,-1
4780,SINGLE,0,0,1,False,-1
4781,SINGLE,0,0,1,False,-1
4782,TRIPLE,1,1,1,False,-1
4783,DOUBLE,0,1,1,False,-1
4784,TRIPLE,1,1,1,False,-1
4785,DOUBLE,0,1,1,False,-1
4786,DOUBLE,0,1,1,False,-1
4787,SINGLE,0,0,1,False,-1
4788,DOUBLE,0,1,1,False,-1
4790,TRIPLE,1,1,1,False,-1
4791,SINGLE,0,0,1,False,-1
4792,TRIPLE,1,1,1,False,-1
4793,TRIPLE,1,1,1,False,-1
4794,SINGLE,0,0,1,False,-1
4795,TRIPLE,1,1,1,False,-1
4796,TRIPLE,1,1,1,False,-1
4797,TRIPLE,1,1,1,False,-1
4798,SINGLE,0,0,1,False,-1
4799,TRIPLE,1,1,1,False,-1
4800,TRIPLE,1,1,1,False,-1
4801,TRIPLE,1,1,1,False,-1
4802,TRIPLE,1,1,1,False,-1
4803,DOUBLE,0,1,1,False,-1
4804,TRIPLE,1,1,1,False,-1
4805,SINGLE,0,0,1,False,-1
4806,SINGLE,0,0,1,False,-1
4807,TRIPLE,1,1,1,False,-1
4808,TRIPLE,1,1,1,False,-1
4809,SINGLE,0,0,1,False,-1
4812,DOUBLE,0,1,1,False,-1
4813,DOUBLE,0,1,1,False,-1
4814,DOUBLE,0,1,1,False,-1
4815,TRIPLE,1,1,1,False,-1
4816,TRIPLE,1,1,1,False,-1
4817,DOUBLE,0,1,1,False,-1
4818,TRIPLE,1,1,1,False,-1
4819,DOUBLE,0,1,1,False,-1
4820,TRIPLE,1,1,1,False,-1
4821,TRIPLE,1,1,1,False,-1
4822,SINGLE,0,0,1,False,-1
4823,TRIPLE,1,1,1,False,-1
4824,TRIPLE,1,1,1,False,-1
4825,TRIPLE,1,1,1,False,-1
4826,DOUBLE,0,1,1,False,-1
4827,DOUBLE,0,1,1,False,-1
4828,DOUBLE,0,1,1,False,-1
4829,DOUBLE,0,1,1,False,-1
4830,SINGLE,0,0,1,False,-1
4831,TRIPLE,1,1,1,False,-1
4832,DOUBLE,0,1,1,False,-1
4833,TRIPLE,1,1,1,False,-1
4834,DOUBLE,0,1,1,False,-1
4835,TRIPLE,1,1,1,False,-1
4836,TRIPLE,1,1,1,False,-1
4837,TRIPLE,1,1,1,False,-1
4838,DOUBLE,0,1,1,False,-1
4839,DOUBLE,0,1,1,False,-1
4840,DOUBLE,0,1,1,False,-1
4841,DOUBLE,0,1,1,False,-1
4842,TRIPLE,1,1,1,False,-1
4843,SINGLE,0,0,1,False,-1
4844,DOUBLE,0,1,1,False,-1
4845,DOUBLE,0,1,1,False,-1
4846,DOUBLE,0,1,1,False,-1
4847,TRIPLE,1,1,1,False,-1
4848,DOUBLE,0,1,1,False,-1
4849,TRIPLE,1,1,1,False,-1
4850,SINGLE,0,0,1,False,-1
4851,DOUBLE,0,1,1,False,-1
4852,TRIPLE,1,1,1,False,-1
4853,TRIPLE,1,1,1,False,-1
4854,TRIPLE,1,1,1,False,-1
4855,TRIPLE,1,1,1,False,-1
4856,TRIPLE,1,1,1,False,-1
4857,TRIPLE,1,1,1,False,-1
4858,TRIPLE,1,1,1,False,-1
4859,DOUBLE,0,1,1,False,-1
4860,DOUBLE,0,1,1,False,-1
4861,TRIPLE,1,1,1,False,-1
4862,DOUBLE,0,1,1,False,-1
4863,SINGLE,0,0,1,False,-1
4864,SINGLE,0,0,1,False,-1
4865,TRIPLE,1,1,1,False,-1
4866,TRIPLE,1,1,1,False,-1
4867,TRIPLE,1,1,1,False,-1
4868,TRIPLE,1,1,1,False,-1
4870,SINGLE,0,0,1,False,-1
4871,TRIPLE,1,1,1,False,-1
4872,TRIPLE,1,1,1,False,-1
4873,TRIPLE,1,1,1,False,-1
4874,DOUBLE,0,1,1,False,-1
4875,DOUBLE,0,1,1,False,-1
4876,DOUBLE,0,1,1,False,-1
4877,DOUBLE,0,1,1,False,-1
4878,TRIPLE,1,1,1,False,-1
4879,TRIPLE,1,1,1,False,-1
4880,DOUBLE,0,1,1,False,-1
4881,TRIPLE,1,1,1,False,-1
4882,DOUBLE,0,1,1,False,-1
4883,SINGLE,0,0,1,False,-1
4884,TRIPLE,1,1,1,False,-1
4885,SINGLE,0,0,1,False,-1
4886,DOUBLE,0,1,1,False,-1
4887,TRIPLE,1,1,1,False,-1
4888,TRIPLE,1,1,1,False,-1
4889,TRIPLE,1,1,1,False,-1
4890,DOUBLE,0,1,1,False,-1
4891,SINGLE,0,0,1,False,-1
4893,DOUBLE,0,1,1,False,-1
4894,DOUBLE,0,1,1,False,-1
4895,TRIPLE,1,1,1,False,-1
4896,DOUBLE,0,1,1,False,-1
4897,TRIPLE,1,1,1,False,-1
4899,TRIPLE,1,1,1,False,-1
4900,TRIPLE,1,1,1,False,-1
4902,TRIPLE,1,1,1,False,-1
4903,DOUBLE,0,1,1,False,-1
4904,TRIPLE,1,1,1,False,-1
4905,DOUBLE,0,1,1,False,-1
4906,SINGLE,0,0,1,False,-1
4907,TRIPLE,1,1,1,False,-1
4908,SINGLE,0,0,1,False,-1
4909,TRIPLE,1,1,1,False,-1
4910,TRIPLE,1,1,1,False,-1
4911,TRIPLE,1,1,1,False,-1
4912,DOUBLE,0,1,1,False,-1
4913,TRIPLE,1,1,1,False,-1
4914,DOUBLE,0,1,1,False,-1
4915,TRIPLE,1,1,1,False,-1
4916,DOUBLE,0,1,1,False,-1
4917,DOUBLE,0,1,1,False,-1
4918,TRIPLE,1,1,1,False,-1
4919,DOUBLE,0,1,1,False,-1
4920,TRIPLE,1,1,1,False,-1
4921,SINGLE,0,0,1,False,-1
4922,TRIPLE,1,1,1,False,-1
4924,TRIPLE,1,1,1,False,-1
4925,SINGLE,0,0,1,False,-1
4926,SINGLE,0,0,1,False,-1
4927,TRIPLE,1,1,1,False,-1
4928,TRIPLE,1,1,1,False,-1
4929,TRIPLE,1,1,1,False,-1
4930,DOUBLE,0,1,1,False,-1
4931,TRIPLE,1,1,1,False,-1
4932,DOUBLE,0,1,1,False,-1
4933,TRIPLE,1,1,1,False,-1
4934,TRIPLE,1,1,1,False,-1
4935,TRIPLE,1,1,1,False,-1
4936,TRIPLE,1,1,1,False,-1
4937,DOUBLE,0,1,1,False,-1
4938,TRIPLE,1,1,1,False,-1
4939,TRIPLE,1,1,1,False,-1
4940,TRIPLE,1,1,1,False,-1
4941,TRIPLE,1,1,1,False,-1
4942,TRIPLE,1,1,1,False,-1
4943,DOUBLE,0,1,1,False,-1
4944,SINGLE,0,0,1,False,-1
4945,TRIPLE,1,1,1,False,-1
4946,TRIPLE,1,1,1,False,-1
4947,TRIPLE,1,1,1,False,-1
4949,TRIPLE,1,1,1,False,-1
4950,SINGLE,0,0,1,False,-1
4951,SINGLE,0,0,1,False,-1
4952,TRIPLE,1,1,1,False,-1
4954,TRIPLE,1,1,1,False,-1
4955,SINGLE,0,0,1,False,-1
4956,TRIPLE,1,1,1,False,-1
4957,SINGLE,0,0,1,False,-1
4958,TRIPLE,1,1,1,False,-1
4959,DOUBLE,0,1,1,False,-1
4960,TRIPLE,1,1,1,False,-1
4961,TRIPLE,1,1,1,False,-1
4962,TRIPLE,1,1,1,False,-1
4963,TRIPLE,1,1,1,False,-1
4964,TRIPLE,1,1,1,False,-1
4965,DOUBLE,0,1,1,False,-1
4966,TRIPLE,1,1,1,False,-1
4967,TRIPLE,1,1,1,False,-1
4968,TRIPLE,1,1,1,False,-1
4969,TRIPLE,1,1,1,False,-1
4971,SINGLE,0,0,1,False,-1
4972,DOUBLE,0,1,1,False,-1
4973,TRIPLE,1,1,1,False,-1
4974,DOUBLE,0,1,1,False,-1
4975,TRIPLE,1,1,1,False,-1
4976,TRIPLE,1,1,1,False,-1
4977,TRIPLE,1,1,1,False,-1
4979,DOUBLE,0,1,1,False,-1
4980,DOUBLE,0,1,1,False,-1
4981,TRIPLE,1,1,1,False,-1
4982,SINGLE,0,0,1,False,-1
4984,SINGLE,0,0,1,False,-1
4985,TRIPLE,1,1,1,False,-1
4986,DOUBLE,0,1,1,False,-1
4987,TRIPLE,1,1,1,False,-1
4988,TRIPLE,1,1,1,False,-1
4989,TRIPLE,1,1,1,False,-1
4990,TRIPLE,1,1,1,False,-1
4991,DOUBLE,0,1,1,False,-1
4992,TRIPLE,1,1,1,False,-1
4993,TRIPLE,1,1,1,False,-1
4994,DOUBLE,0,1,1,False,-1
4995,TRIPLE,1,1,1,False,-1
4996,TRIPLE,1,1,1,False,-1
4997,TRIPLE,1,1,1,False,-1
4998,DOUBLE,0,1,1,False,-1
4999,TRIPLE,1,1,1,False,-1
5000,TRIPLE,1,1,1,False,-1
5001,TRIPLE,1,1,1,False,-1
5002,TRIPLE,1,1,1,False,-1
5003,SINGLE,0,0,1,False,-1
5004,TRIPLE,1,1,1,False,-1
5005,SINGLE,0,0,1,False,-1
5006,DOUBLE,0,1,1,False,-1
5007,TRIPLE,1,1,1,False,-1
5008,TRIPLE,1,1,1,False,-1
5009,DOUBLE,0,1,1,False,-1
5010,TRIPLE,1,1,1,False,-1
5011,DOUBLE,0,1,1,False,-1
5012,TRIPLE,1,1,1,False,-1
5013,SINGLE,0,0,1,False,-1
5014,TRIPLE,1,1,1,False,-1
5015,TRIPLE,1,1,1,False,-1
5016,DOUBLE,0,1,1,False,-1
5017,DOUBLE,0,1,1,False,-1
5019,DOUBLE,0,1,1,False,-1
5020,SINGLE,0,0,1,False,-1
5021,TRIPLE,1,1,1,False,-1
5022,TRIPLE,1,1,1,False,-1
5023,TRIPLE,1,1,1,False,-1
5024,TRIPLE,1,1,1,False,-1
5025,TRIPLE,1,1,1,False,-1
5026,DOUBLE,0,1,1,False,-1
5027,DOUBLE,0,1,1,False,-1
5028,SINGLE,0,0,1,False,-1
5030,DOUBLE,0,1,1,False,-1
5031,SINGLE,0,0,1,False,-1
5032,DOUBLE,0,1,1,False,-1
5033,SINGLE,0,0,1,False,-1
5034,DOUBLE,0,1,1,False,-1
5035,TRIPLE,1,1,1,False,-1
5036,TRIPLE,1,1,1,False,-1
5037,SINGLE,0,0,1,False,-1
5038,TRIPLE,1,1,1,False,-1
5039,TRIPLE,1,1,1,False,-1
5040,DOUBLE,0,1,1,False,-1
5041,TRIPLE,1,1,1,False,-1
5042,TRIPLE,1,1,1,False,-1
5043,TRIPLE,1,1,1,False,-1
5044,SINGLE,0,0,1,False,-1
5045,TRIPLE,1,1,1,False,-1
5047,SINGLE,0,0,1,False,-1
5048,DOUBLE,0,1,1,False,-1
5049,TRIPLE,1,1,1,False,-1
5050,TRIPLE,1,1,1,False,-1
5051,DOUBLE,0,1,1,False,-1
5053,TRIPLE,1,1,1,False,-1
5054,DOUBLE,0,1,1,False,-1
5055,SINGLE,0,0,1,False,-1
5056,TRIPLE,1,1,1,False,-1
5057,DOUBLE,0,1,1,False,-1
5058,DOUBLE,0,1,1,False,-1
5059,TRIPLE,1,1,1,False,-1
5062,DOUBLE,0,1,1,False,-1
5063,TRIPLE,1,1,1,False,-1
5064,SINGLE,0,0,1,False,-1
5065,TRIPLE,1,1,1,False,-1
5066,TRIPLE,1,1,1,False,-1
5067,TRIPLE,1,1,1,False,-1
5068,TRIPLE,1,1,1,False,-1
5069,TRIPLE,1,1,1,False,-1
5070,TRIPLE,1,1,1,False,-1
5071,TRIPLE,1,1,1,False,-1
5073,DOUBLE,0,1,1,False,-1
5074,TRIPLE,1,1,1,False,-1
5076,SINGLE,0,0,1,False,-1
5078,DOUBLE,0,1,1,False,-1
5079,DOUBLE,0,1,1,False,-1
5080,SINGLE,0,0,1,False,-1
5081,TRIPLE,1,1,1,False,-1
5082,TRIPLE,1,1,1,False,-1
5084,TRIPLE,1,1,1,False,-1
5085,DOUBLE,0,1,1,False,-1
5086,TRIPLE,1,1,1,False,-1
5088,SINGLE,0,0,1,False,-1
5089,TRIPLE,1,1,1,False,-1
5090,TRIPLE,1,1,1,False,-1
5091,DOUBLE,0,1,1,False,-1
5092,DOUBLE,0,1,1,False,-1
5093,DOUBLE,0,1,1,False,-1
5094,SINGLE,0,0,1,False,-1
5096,TRIPLE,1,1,1,False,-1
5097,SINGLE,0,0,1,False,-1
5098,TRIPLE,1,1,1,False,-1
5099,TRIPLE,1,1,1,False,-1
5100,TRIPLE,1,1,1,False,-1
5101,DOUBLE,0,1,1,False,-1
5102,TRIPLE,1,1,1,False,-1
5103,TRIPLE,1,1,1,False,-1
5104,TRIPLE,1,1,1,False,-1
5105,TRIPLE,1,1,1,False,-1
5106,TRIPLE,1,1,1,False,-1
5107,TRIPLE,1,1,1,False,-1
5108,TRIPLE,1,1,1,False,-1
5110,TRIPLE,1,1,1,False,-1
5111,SINGLE,0,0,1,False,-1
5112,TRIPLE,1,1,1,False,-1
5113,DOUBLE,0,1,1,False,-1
5114,TRIPLE,1,1,1,False,-1
5115,TRIPLE,1,1,1,False,-1
5116,DOUBLE,0,1,1,False,-1
5117,TRIPLE,1,1,1,False,-1
5119,TRIPLE,1,1,1,False,-1
5120,TRIPLE,1,1,1,False,-1
5121,DOUBLE,0,1,1,False,-1
5122,TRIPLE,1,1,1,False,-1
5123,TRIPLE,1,1,1,False,-1
5124,SINGLE,0,0,1,False,-1
5125,TRIPLE,1,1,1,False,-1
5127,TRIPLE,1,1,1,False,-1
5128,TRIPLE,1,1,1,False,-1
5129,SINGLE,0,0,1,False,-1
5130,SINGLE,0,0,1,False,-1
5131,TRIPLE,1,1,1,False,-1
5132,DOUBLE,0,1,1,False,-1
5134,TRIPLE,1,1,1,False,-1
5135,TRIPLE,1,1,1,False,-1
5136,TRIPLE,1,1,1,False,-1
5137,DOUBLE,0,1,1,False,-1
5139,DOUBLE,0,1,1,False,-1
5140,DOUBLE,0,1,1,False,-1
5142,TRIPLE,1,1,1,False,-1
5143,DOUBLE,0,1,1,False,-1
5144,SINGLE,0,0,1,False,-1
5145,TRIPLE,1,1,1,False,-1
5146,TRIPLE,1,1,1,False,-1
5147,TRIPLE,1,1,1,False,-1
5148,DOUBLE,0,1,1,False,-1
5149,DOUBLE,0,1,1,False,-1
5150,TRIPLE,1,1,1,False,-1
5151,TRIPLE,1,1,1,False,-1
5152,DOUBLE,0,1,1,False,-1
5153,DOUBLE,0,1,1,False,-1
5156,TRIPLE,1,1,1,False,-1
5157,DOUBLE,0,1,1,False,-1
5158,DOUBLE,0,1,1,False,-1
5159,TRIPLE,1,1,1,False,-1
5161,SINGLE,0,0,1,False,-1
5162,DOUBLE,0,1,1,False,-1
5163,TRIPLE,1,1,1,False,-1
5164,TRIPLE,1,1,1,False,-1
5165,DOUBLE,0,1,1,False,-1
5166,TRIPLE,1,1,1,False,-1
5167,TRIPLE,1,1,1,False,-1
5168,DOUBLE,0,1,1,False,-1
5169,SINGLE,0,0,1,False,-1
5170,TRIPLE,1,1,1,False,-1
5171,TRIPLE,1,1,1,False,-1
5172,SINGLE,0,0,1,False,-1
5173,TRIPLE,1,1,1,False,-1
5175,SINGLE,0,0,1,False,-1
5176,SINGLE,0,0,1,False,-1
5177,DOUBLE,0,1,1,False,-1
5178,DOUBLE,0,1,1,False,-1
5179,TRIPLE,1,1,1,False,-1
5180,SINGLE,0,0,1,False,-1
5181,TRIPLE,1,1,1,False,-1
5182,DOUBLE,0,1,1,False,-1
5183,TRIPLE,1,1,1,False,-1
5184,DOUBLE,0,1,1,False,-1
5186,SINGLE,0,0,1,False,-1
5187,TRIPLE,1,1,1,False,-1
5188,TRIPLE,1,1,1,False,-1
5190,TRIPLE,1,1,1,False,-1
5191,DOUBLE,0,1,1,False,-1
5192,DOUBLE,0,1,1,False,-1
5193,TRIPLE,1,1,1,False,-1
5195,TRIPLE,1,1,1,False,-1
5196,TRIPLE,1,1,1,False,-1
5197,TRIPLE,1,1,1,False,-1
5198,DOUBLE,0,1,1,False,-1
5200,SINGLE,0,0,1,False,-1
5201,TRIPLE,1,1,1,False,-1
5202,TRIPLE,1,1,1,False,-1
5203,SINGLE,0,0,1,False,-1
5204,TRIPLE,1,1,1,False,-1
5205,TRIPLE,1,1,1,False,-1
5206,TRIPLE,1,1,1,False,-1
5207,DOUBLE,0,1,1,False,-1
5208,TRIPLE,1,1,1,False,-1
5209,TRIPLE,1,1,1,False,-1
5210,TRIPLE,1,1,1,False,-1
5213,TRIPLE,1,1,1,False,-1
5215,TRIPLE,1,1,1,False,-1
5216,DOUBLE,0,1,1,False,-1
5217,DOUBLE,0,1,1,False,-1
5218,TRIPLE,1,1,1,False,-1
5219,SINGLE,0,0,1,False,-1
5220,TRIPLE,1,1,1,False,-1
5221,TRIPLE,1,1,1,False,-1
5222,DOUBLE,0,1,1,False,-1
5223,TRIPLE,1,1,1,False,-1
5224,TRIPLE,1,1,1,False,-1
5225,TRIPLE,1,1,1,False,-1
5228,TRIPLE,1,1,1,False,-1
5229,TRIPLE,1,1,1,False,-1
5230,TRIPLE,1,1,1,False,-1
5231,TRIPLE,1,1,1,False,-1
5232,TRIPLE,1,1,1,False,-1
5233,DOUBLE,0,1,1,False,-1
5234,TRIPLE,1,1,1,False,-1
5235,TRIPLE,1,1,1,False,-1
5236,TRIPLE,1,1,1,False,-1
5237,TRIPLE,1,1,1,False,-1
5238,TRIPLE,1,1,1,False,-1
5239,TRIPLE,1,1,1,False,-1
5241,TRIPLE,1,1,1,False,-1
5244,DOUBLE,0,1,1,False,-1
5245,DOUBLE,0,1,1,False,-1
5246,TRIPLE,1,1,1,False,-1
5248,TRIPLE,1,1,1,False,-1
5249,TRIPLE,1,1,1,False,-1
5250,DOUBLE,0,1,1,False,-1
5251,TRIPLE,1,1,1,False,-1
5252,TRIPLE,1,1,1,False,-1
5253,TRIPLE,1,1,1,False,-1
5255,TRIPLE,1,1,1,False,-1
5256,DOUBLE,0,1,1,False,-1
5257,TRIPLE,1,1,1,False,-1
5258,TRIPLE,1,1,1,False,-1
5259,TRIPLE,1,1,1,False,-1
5261,TRIPLE,1,1,1,False,-1
5262,DOUBLE,0,1,1,False,-1
5263,TRIPLE,1,1,1,False,-1
5264,TRIPLE,1,1,1,False,-1
5265,DOUBLE,0,1,1,False,-1
5266,TRIPLE,1,1,1,False,-1
5267,DOUBLE,0,1,1,False,-1
5268,TRIPLE,1,1,1,False,-1
5269,TRIPLE,1,1,1,False,-1
5270,TRIPLE,1,1,1,False,-1
5274,DOUBLE,0,1,1,False,-1
5275,TRIPLE,1,1,1,False,-1
5277,TRIPLE,1,1,1,False,-1
5278,TRIPLE,1,1,1,False,-1
5279,DOUBLE,0,1,1,False,-1
5280,TRIPLE,1,1,1,False,-1
5281,TRIPLE,1,1,1,False,-1
5282,DOUBLE,0,1,1,False,-1
5283,TRIPLE,1,1,1,False,-1
5284,TRIPLE,1,1,1,False,-1
5285,TRIPLE,1,1,1,False,-1
5286,DOUBLE,0,1,1,False,-1
5287,DOUBLE,0,1,1,False,-1
5288,SINGLE,0,0,1,False,-1
5289,TRIPLE,1,1,1,False,-1
5290,DOUBLE,0,1,1,False,-1
5291,TRIPLE,1,1,1,False,-1
5292,DOUBLE,0,1,1,False,-1
5293,TRIPLE,1,1,1,False,-1
5294,TRIPLE,1,1,1,False,-1
5295,SINGLE,0,0,1,False,-1
5296,DOUBLE,0,1,1,False,-1
5297,TRIPLE,1,1,1,False,-1
5298,TRIPLE,1,1,1,False,-1
5300,TRIPLE,1,1,1,False,-1
5301,SINGLE,0,0,1,False,-1
5302,SINGLE,0,0,1,False,-1
5303,SINGLE,0,0,1,False,-1
5304,TRIPLE,1,1,1,False,-1
5305,TRIPLE,1,1,1,False,-1
5306,DOUBLE,0,1,1,False,-1
5307,DOUBLE,0,1,1,False,-1
5308,TRIPLE,1,1,1,False,-1
5309,TRIPLE,1,1,1,False,-1
5310,DOUBLE,0,1,1,False,-1
5311,TRIPLE,1,1,1,False,-1
5312,TRIPLE,1,1,1,False,-1
5313,TRIPLE,1,1,1,False,-1
5315,TRIPLE,1,1,1,False,-1
5316,SINGLE,0,0,1,False,-1
5317,DOUBLE,0,1,1,False,-1
5318,DOUBLE,0,1,1,False,-1
5319,TRIPLE,1,1,1,False,-1
5320,SINGLE,0,0,1,False,-1
5321,DOUBLE,0,1,1,False,-1
5322,TRIPLE,1,1,1,False,-1
5323,SINGLE,0,0,1,False,-1
5324,SINGLE,0,0,1,False,-1
5325,TRIPLE,1,1,1,False,-1
5326,SINGLE,0,0,1,False,-1
5327,TRIPLE,1,1,1,False,-1
5328,TRIPLE,1,1,1,False,-1
5329,TRIPLE,1,1,1,False,-1
5330,TRIPLE,1,1,1,False,-1
5331,TRIPLE,1,1,1,False,-1
5332,TRIPLE,1,1,1,False,-1
5333,SINGLE,0,0,1,False,-1
5334,TRIPLE,1,1,1,False,-1
5335,TRIPLE,1,1,1,False,-1
5336,TRIPLE,1,1,1,False,-1
5337,SINGLE,0,0,1,False,-1
5338,TRIPLE,1,1,1,False,-1
5339,DOUBLE,0,1,1,False,-1
5341,DOUBLE,0,1,1,False,-1
5342,TRIPLE,1,1,1,False,-1
5343,TRIPLE,1,1,1,False,-1
5344,SINGLE,0,0,1,False,-1
5345,DOUBLE,0,1,1,False,-1
5346,TRIPLE,1,1,1,False,-1
5347,DOUBLE,0,1,1,False,-1
5348,TRIPLE,1,1,1,False,-1
5349,DOUBLE,0,1,1,False,-1
5350,TRIPLE,1,1,1,False,-1
5351,SINGLE,0,0,1,False,-1
5352,DOUBLE,0,1,1,False,-1
5354,DOUBLE,0,1,1,False,-1
5355,SINGLE,0,0,1,False,-1
5356,TRIPLE,1,1,1,False,-1
5357,SINGLE,0,0,1,False,-1
5358,TRIPLE,1,1,1,False,-1
5360,TRIPLE,1,1,1,False,-1
5362,TRIPLE,1,1,1,False,-1
5363,SINGLE,0,0,1,False,-1
5364,TRIPLE,1,1,1,False,-1
5365,TRIPLE,1,1,1,False,-1
5366,TRIPLE,1,1,1,False,-1
5367,TRIPLE,1,1,1,False,-1
5368,TRIPLE,1,1,1,False,-1
5369,SINGLE,0,0,1,False,-1
5370,DOUBLE,0,1,1,False,-1
5372,DOUBLE,0,1,1,False,-1
5373,SINGLE,0,0,1,False,-1
5374,TRIPLE,1,1,1,False,-1
5375,DOUBLE,0,1,1,False,-1
5376,DOUBLE,0,1,1,False,-1
5378,SINGLE,0,0,1,False,-1
5379,TRIPLE,1,1,1,False,-1
5380,TRIPLE,1,1,1,False,-1
5381,SINGLE,0,0,1,False,-1
5382,TRIPLE,1,1,1,False,-1
5383,DOUBLE,0,1,1,False,-1
5384,TRIPLE,1,1,1,False,-1
5385,SINGLE,0,0,1,False,-1
5386,TRIPLE,1,1,1,False,-1
5387,TRIPLE,1,1,1,False,-1
5389,DOUBLE,0,1,1,False,-1
5390,TRIPLE,1,1,1,False,-1
5391,TRIPLE,1,1,1,False,-1
5392,DOUBLE,0,1,1,False,-1
5393,TRIPLE,1,1,1,False,-1
5394,TRIPLE,1,1,1,False,-1
5395,TRIPLE,1,1,1,False,-1
5396,DOUBLE,0,1,1,False,-1
5398,TRIPLE,1,1,1,False,-1
5399,SINGLE,0,0,1,False,-1
5400,TRIPLE,1,1,1,False,-1
5401,TRIPLE,1,1,1,False,-1
5402,TRIPLE,1,1,1,False,-1
5403,TRIPLE,1,1,1,False,-1
5404,TRIPLE,1,1,1,False,-1
5405,DOUBLE,0,1,1,False,-1
5406,DOUBLE,0,1,1,False,-1
5407,DOUBLE,0,1,1,False,-1
5408,DOUBLE,0,1,1,False,-1
5409,SINGLE,0,0,1,False,-1
5410,DOUBLE,0,1,1,False,-1
5411,TRIPLE,1,1,1,False,-1
5412,TRIPLE,1,1,1,False,-1
5413,TRIPLE,1,1,1,False,-1
5415,TRIPLE,1,1,1,False,-1
5417,SINGLE,0,0,1,False,-1
5418,DOUBLE,0,1,1,False,-1
5419,TRIPLE,1,1,1,False,-1
5420,TRIPLE,1,1,1,False,-1
5421,SINGLE,0,0,1,False,-1
5422,DOUBLE,0,1,1,False,-1
5423,TRIPLE,1,1,1,False,-1
5424,TRIPLE,1,1,1,False,-1
5426,TRIPLE,1,1,1,False,-1
5427,TRIPLE,1,1,1,False,-1
5428,TRIPLE,1,1,1,False,-1
5429,TRIPLE,1,1,1,False,-1
5430,TRIPLE,1,1,1,False,-1
5431,TRIPLE,1,1,1,False,-1
5432,SINGLE,0,0,1,False,-1
5433,TRIPLE,1,1,1,False,-1
5434,TRIPLE,1,1,1,False,-1
5435,SINGLE,0,0,1,False,-1
5436,DOUBLE,0,1,1,False,-1
5437,DOUBLE,0,1,1,False,-1
5438,DOUBLE,0,1,1,False,-1
5439,TRIPLE,1,1,1,False,-1
5441,DOUBLE,0,1,1,False,-1
5442,TRIPLE,1,1,1,False,-1
5443,TRIPLE,1,1,1,False,-1
5444,DOUBLE,0,1,1,False,-1
5446,DOUBLE,0,1,1,False,-1
5447,TRIPLE,1,1,1,False,-1
5448,TRIPLE,1,1,1,False,-1
5449,DOUBLE,0,1,1,False,-1
5450,TRIPLE,1,1,1,False,-1
5451,DOUBLE,0,1,1,False,-1
5453,TRIPLE,1,1,1,False,-1
5455,DOUBLE,0,1,1,False,-1
5456,TRIPLE,1,1,1,False,-1
5457,TRIPLE,1,1,1,False,-1
5458,TRIPLE,1,1,1,False,-1
5461,TRIPLE,1,1,1,False,-1
5462,DOUBLE,0,1,1,False,-1
5463,TRIPLE,1,1,1,False,-1
5464,TRIPLE,1,1,1,False,-1
5465,TRIPLE,1,1,1,False,-1
5466,SINGLE,0,0,1,False,-1
5467,TRIPLE,1,1,1,False,-1
5468,TRIPLE,1,1,1,False,-1
5469,TRIPLE,1,1,1,False,-1
5471,SINGLE,0,0,1,False,-1
5472,SINGLE,0,0,1,False,-1
5473,TRIPLE,1,1,1,False,-1
5474,TRIPLE,1,1,1,False,-1
5475,TRIPLE,1,1,1,False,-1
5476,DOUBLE,0,1,1,False,-1
5477,TRIPLE,1,1,1,False,-1
5478,TRIPLE,1,1,1,False,-1
5479,TRIPLE,1,1,1,False,-1
5480,TRIPLE,1,1,1,False,-1
5481,SINGLE,0,0,1,False,-1
5483,DOUBLE,0,1,1,False,-1
5484,DOUBLE,0,1,1,False,-1
5485,TRIPLE,1,1,1,False,-1
5486,DOUBLE,0,1,1,False,-1
5487,SINGLE,0,0,1,False,-1
5488,DOUBLE,0,1,1,False,-1
5489,DOUBLE,0,1,1,False,-1
5491,TRIPLE,1,1,1,False,-1
5492,DOUBLE,0,1,1,False,-1
5493,TRIPLE,1,1,1,False,-1
5494,TRIPLE,1,1,1,False,-1
5495,DOUBLE,0,1,1,False,-1
5496,TRIPLE,1,1,1,False,-1
5497,TRIPLE,1,1,1,False,-1
5498,DOUBLE,0,1,1,False,-1
5499,DOUBLE,0,1,1,False,-1
5500,TRIPLE,1,1,1,False,-1
5501,DOUBLE,0,1,1,False,-1
5502,TRIPLE,1,1,1,False,-1
5503,TRIPLE,1,1,1,False,-1
5504,TRIPLE,1,1,1,False,-1
5505,DOUBLE,0,1,1,False,-1
5506,DOUBLE,0,1,1,False,-1
5507,DOUBLE,0,1,1,False,-1
5509,DOUBLE,0,1,1,False,-1
5510,DOUBLE,0,1,1,False,-1
5511,TRIPLE,1,1,1,False,-1
5512,TRIPLE,1,1,1,False,-1
5513,TRIPLE,1,1,1,False,-1
5514,SINGLE,0,0,1,False,-1
5516,SINGLE,0,0,1,False,-1
5518,TRIPLE,1,1,1,False,-1
5521,DOUBLE,0,1,1,False,-1
5522,SINGLE,0,0,1,False,-1
5523,TRIPLE,1,1,1,False,-1
5524,SINGLE,0,0,1,False,-1
5525,TRIPLE,1,1,1,False,-1
5527,TRIPLE,1,1,1,False,-1
5528,TRIPLE,1,1,1,False,-1
5529,DOUBLE,0,1,1,False,-1
5530,TRIPLE,1,1,1,False,-1
5531,TRIPLE,1,1,1,False,-1
5533,DOUBLE,0,1,1,False,-1
5534,TRIPLE,1,1,1,False,-1
5535,DOUBLE,0,1,1,False,-1
5536,TRIPLE,1,1,1,False,-1
5537,TRIPLE,1,1,1,False,-1
5538,DOUBLE,0,1,1,False,-1
5540,DOUBLE,0,1,1,False,-1
5541,TRIPLE,1,1,1,False,-1
5542,TRIPLE,1,1,1,False,-1
5543,DOUBLE,0,1,1,False,-1
5544,TRIPLE,1,1,1,False,-1
5545,DOUBLE,0,1,1,False,-1
5546,SINGLE,0,0,1,False,-1
5547,DOUBLE,0,1,1,False,-1
5548,SINGLE,0,0,1,False,-1
5549,TRIPLE,1,1,1,False,-1
5550,TRIPLE,1,1,1,False,-1
5551,DOUBLE,0,1,1,False,-1
5552,TRIPLE,1,1,1,False,-1
5553,SINGLE,0,0,1,False,-1
5554,SINGLE,0,0,1,False,-1
5555,TRIPLE,1,1,1,False,-1
5556,TRIPLE,1,1,1,False,-1
5557,TRIPLE,1,1,1,False,-1
5558,SINGLE,0,0,1,False,-1
5560,TRIPLE,1,1,1,False,-1
5561,DOUBLE,0,1,1,False,-1
5562,TRIPLE,1,1,1,False,-1
5563,TRIPLE,1,1,1,False,-1
5564,TRIPLE,1,1,1,False,-1
5565,TRIPLE,1,1,1,False,-1
5566,TRIPLE,1,1,1,False,-1
5567,TRIPLE,1,1,1,False,-1
5568,SINGLE,0,0,1,False,-1
5570,SINGLE,0,0,1,False,-1
5571,TRIPLE,1,1,1,False,-1
5572,TRIPLE,1,1,1,False,-1
5573,DOUBLE,0,1,1,False,-1
5574,TRIPLE,1,1,1,False,-1
5575,TRIPLE,1,1,1,False,-1
5576,TRIPLE,1,1,1,False,-1
5578,TRIPLE,1,1,1,False,-1
5579,SINGLE,0,0,1,False,-1
5580,DOUBLE,0,1,1,False,-1
5581,DOUBLE,0,1,1,False,-1
5582,TRIPLE,1,1,1,False,-1
5583,SINGLE,0,0,1,False,-1
5584,DOUBLE,0,1,1,False,-1
5585,DOUBLE,0,1,1,False,-1
5586,DOUBLE,0,1,1,False,-1
5588,TRIPLE,1,1,1,False,-1
5589,TRIPLE,1,1,1,False,-1
5590,TRIPLE,1,1,1,False,-1
5591,TRIPLE,1,1,1,False,-1
5592,TRIPLE,1,1,1,False,-1
5593,SINGLE,0,0,1,False,-1
5594,DOUBLE,0,1,1,False,-1
5595,TRIPLE,1,1,1,False,-1
5596,TRIPLE,1,1,1,False,-1
5597,DOUBLE,0,1,1,False,-1
5598,SINGLE,0,0,1,False,-1
5601,DOUBLE,0,1,1,False,-1
5602,TRIPLE,1,1,1,False,-1
5603,DOUBLE,0,1,1,False,-1
5604,DOUBLE,0,1,1,False,-1
5606,TRIPLE,1,1,1,False,-1
5607,TRIPLE,1,1,1,False,-1
5608,SINGLE,0,0,1,False,-1
5609,DOUBLE,0,1,1,False,-1
5610,TRIPLE,1,1,1,False,-1
5611,SINGLE,0,0,1,False,-1
5612,TRIPLE,1,1,1,False,-1
5613,SINGLE,0,0,1,False,-1
5614,SINGLE,0,0,1,False,-1
5615,DOUBLE,0,1,1,False,-1
5616,SINGLE,0,0,1,False,-1
5617,DOUBLE,0,1,1,False,-1
5619,TRIPLE,1,1,1,False,-1
5620,DOUBLE,0,1,1,False,-1
5621,DOUBLE,0,1,1,False,-1
5622,TRIPLE,1,1,1,False,-1
5623,TRIPLE,1,1,1,False,-1
5624,TRIPLE,1,1,1,False,-1
5625,TRIPLE,1,1,1,False,-1
5626,SINGLE,0,0,1,False,-1
5627,TRIPLE,1,1,1,False,-1
5628,TRIPLE,1,1,1,False,-1
5629,TRIPLE,1,1,1,False,-1
5630,DOUBLE,0,1,1,False,-1
5631,TRIPLE,1,1,1,False,-1
5632,DOUBLE,0,1,1,False,-1
5633,TRIPLE,1,1,1,False,-1
5634,TRIPLE,1,1,1,False,-1
5635,TRIPLE,1,1,1,False,-1
5636,TRIPLE,1,1,1,False,-1
5637,DOUBLE,0,1,1,False,-1
5639,DOUBLE,0,1,1,False,-1
5640,TRIPLE,1,1,1,False,-1
5641,TRIPLE,1,1,1,False,-1
5642,TRIPLE,1,1,1,False,-1
5643,TRIPLE,1,1,1,False,-1
5644,TRIPLE,1,1,1,False,-1
5645,TRIPLE,1,1,1,False,-1
5646,TRIPLE,1,1,1,False,-1
5648,TRIPLE,1,1,1,False,-1
5650,DOUBLE,0,1,1,False,-1
5651,TRIPLE,1,1,1,False,-1
5652,TRIPLE,1,1,1,False,-1
5653,TRIPLE,1,1,1,False,-1
5654,TRIPLE,1,1,1,False,-1
5655,SINGLE,0,0,1,False,-1
5656,TRIPLE,1,1,1,False,-1
5657,DOUBLE,0,1,1,False,-1
5658,TRIPLE,1,1,1,False,-1
5659,SINGLE,0,0,1,False,-1
5660,TRIPLE,1,1,1,False,-1
5661,SINGLE,0,0,1,False,-1
5662,DOUBLE,0,1,1,False,-1
5663,TRIPLE,1,1,1,False,-1
5664,SINGLE,0,0,1,False,-1
5665,TRIPLE,1,1,1,False,-1
5666,TRIPLE,1,1,1,False,-1
5667,TRIPLE,1,1,1,False,-1
5668,DOUBLE,0,1,1,False,-1
5669,TRIPLE,1,1,1,False,-1
5670,TRIPLE,1,1,1,False,-1
5671,TRIPLE,1,1,1,False,-1
5672,TRIPLE,1,1,1,False,-1
5673,TRIPLE,1,1,1,False,-1
5674,TRIPLE,1,1,1,False,-1
5675,TRIPLE,1,1,1,False,-1
5676,SINGLE,0,0,1,False,-1
5677,TRIPLE,1,1,1,False,-1
5678,TRIPLE,1,1,1,False,-1
5679,DOUBLE,0,1,1,False,-1
5680,TRIPLE,1,1,1,False,-1
5681,DOUBLE,0,1,1,False,-1
5682,TRIPLE,1,1,1,False,-1
5683,TRIPLE,1,1,1,False,-1
5684,DOUBLE,0,1,1,False,-1
5685,DOUBLE,0,1,1,False,-1
5686,TRIPLE,1,1,1,False,-1
5687,TRIPLE,1,1,1,False,-1
5688,TRIPLE,1,1,1,False,-1
5689,TRIPLE,1,1,1,False,-1
5690,TRIPLE,1,1,1,False,-1
5691,TRIPLE,1,1,1,False,-1
5692,TRIPLE,1,1,1,False,-1
5693,TRIPLE,1,1,1,False,-1
5694,TRIPLE,1,1,1,False,-1
5695,TRIPLE,1,1,1,False,-1
5696,DOUBLE,0,1,1,False,-1
5697,TRIPLE,1,1,1,False,-1
5698,DOUBLE,0,1,1,False,-1
5700,SINGLE,0,0,1,False,-1
5701,TRIPLE,1,1,1,False,-1
5702,DOUBLE,0,1,1,False,-1
5703,DOUBLE,0,1,1,False,-1
5704,TRIPLE,1,1,1,False,-1
5705,TRIPLE,1,1,1,False,-1
5706,TRIPLE,1,1,1,False,-1
5708,TRIPLE,1,1,1,False,-1
5709,TRIPLE,1,1,1,False,-1
5710,TRIPLE,1,1,1,False,-1
5711,SINGLE,0,0,1,False,-1
5712,SINGLE,0,0,1,False,-1
5713,TRIPLE,1,1,1,False,-1
5714,TRIPLE,1,1,1,False,-1
5715,SINGLE,0,0,1,False,-1
5716,SINGLE,0,0,1,False,-1
5718,SINGLE,0,0,1,False,-1
5719,TRIPLE,1,1,1,False,-1
5720,TRIPLE,1,1,1,False,-1
5721,DOUBLE,0,1,1,False,-1
5722,TRIPLE,1,1,1,False,-1
5723,TRIPLE,1,1,1,False,-1
5724,TRIPLE,1,1,1,False,-1
5725,DOUBLE,0,1,1,False,-1
5726,DOUBLE,0,1,1,False,-1
5727,TRIPLE,1,1,1,False,-1
5728,DOUBLE,0,1,1,False,-1
5729,TRIPLE,1,1,1,False,-1
5730,TRIPLE,1,1,1,False,-1
5731,DOUBLE,0,1,1,False,-1
5732,TRIPLE,1,1,1,False,-1
5734,TRIPLE,1,1,1,False,-1
5735,SINGLE,0,0,1,False,-1
5736,DOUBLE,0,1,1,False,-1
5737,TRIPLE,1,1,1,False,-1
5738,DOUBLE,0,1,1,False,-1
5739,TRIPLE,1,1,1,False,-1
5740,DOUBLE,0,1,1,False,-1
5741,DOUBLE,0,1,1,False,-1
5742,TRIPLE,1,1,1,False,-1
5743,DOUBLE,0,1,1,False,-1
5744,DOUBLE,0,1,1,False,-1
5745,TRIPLE,1,1,1,False,-1
5746,SINGLE,0,0,1,False,-1
5747,TRIPLE,1,1,1,False,-1
5748,SINGLE,0,0,1,False,-1
5749,SINGLE,0,0,1,False,-1
5750,TRIPLE,1,1,1,False,-1
5751,TRIPLE,1,1,1,False,-1
5752,TRIPLE,1,1,1,False,-1
5753,DOUBLE,0,1,1,False,-1
5754,TRIPLE,1,1,1,False,-1
5755,TRIPLE,1,1,1,False,-1
5756,SINGLE,0,0,1,False,-1
5757,DOUBLE,0,1,1,False,-1
5758,DOUBLE,0,1,1,False,-1
5759,SINGLE,0,0,1,False,-1
5760,TRIPLE,1,1,1,False,-1
5761,TRIPLE,1,1,1,False,-1
5762,TRIPLE,1,1,1,False,-1
5763,TRIPLE,1,1,1,False,-1
5764,TRIPLE,1,1,1,False,-1
5765,SINGLE,0,0,1,False,-1
5766,TRIPLE,1,1,1,False,-1
5767,TRIPLE,1,1,1,False,-1
5768,SINGLE,0,0,1,False,-1
5769,TRIPLE,1,1,1,False,-1
5772,TRIPLE,1,1,1,False,-1
5773,TRIPLE,1,1,1,False,-1
5774,TRIPLE,1,1,1,False,-1
5775,TRIPLE,1,1,1,False,-1
5776,TRIPLE,1,1,1,False,-1
5777,TRIPLE,1,1,1,False,-1
5778,SINGLE,0,0,1,False,-1
5781,SINGLE,0,0,1,False,-1
5782,SINGLE,0,0,1,False,-1
5783,TRIPLE,1,1,1,False,-1
5784,SINGLE,0,0,1,False,-1
5785,DOUBLE,0,1,1,False,-1
5786,TRIPLE,1,1,1,False,-1
5787,DOUBLE,0,1,1,False,-1
5788,TRIPLE,1,1,1,False,-1
5789,TRIPLE,1,1,1,False,-1
5790,TRIPLE,1,1,1,False,-1
5791,SINGLE,0,0,1,False,-1
5792,DOUBLE,0,1,1,False,-1
5794,DOUBLE,0,1,1,False,-1
5795,TRIPLE,1,1,1,False,-1
5796,TRIPLE,1,1,1,False,-1
5797,TRIPLE,1,1,1,False,-1
5798,DOUBLE,0,1,1,False,-1
5799,SINGLE,0,0,1,False,-1
5800,DOUBLE,0,1,1,False,-1
5801,TRIPLE,1,1,1,False,-1
5802,TRIPLE,1,1,1,False,-1
5803,TRIPLE,1,1,1,False,-1
5804,DOUBLE,0,1,1,False,-1
5805,TRIPLE,1,1,1,False,-1
5806,DOUBLE,0,1,1,False,-1
5807,TRIPLE,1,1,1,False,-1
5808,TRIPLE,1,1,1,False,-1
5809,TRIPLE,1,1,1,False,-1
5810,DOUBLE,0,1,1,False,-1
5811,SINGLE,0,0,1,False,-1
5812,SINGLE,0,0,1,False,-1
5813,DOUBLE,0,1,1,False,-1
5814,DOUBLE,0,1,1,False,-1
5815,TRIPLE,1,1,1,False,-1
5817,DOUBLE,0,1,1,False,-1
5818,TRIPLE,1,1,1,False,-1
5819,TRIPLE,1,1,1,False,-1
5820,SINGLE,0,0,1,False,-1
5821,TRIPLE,1,1,1,False,-1
5822,TRIPLE,1,1,1,False,-1
5823,TRIPLE,1,1,1,False,-1
5825,DOUBLE,0,1,1,False,-1
5828,TRIPLE,1,1,1,False,-1
5829,DOUBLE,0,1,1,False,-1
5831,TRIPLE,1,1,1,False,-1
5832,TRIPLE,1,1,1,False,-1
5833,DOUBLE,0,1,1,False,-1
5834,TRIPLE,1,1,1,False,-1
5836,SINGLE,0,0,1,False,-1
5837,DOUBLE,0,1,1,False,-1
5838,TRIPLE,1,1,1,False,-1
5839,SINGLE,0,0,1,False,-1
5840,SINGLE,0,0,1,False,-1
5841,TRIPLE,1,1,1,False,-1
5842,TRIPLE,1,1,1,False,-1
5843,TRIPLE,1,1,1,False,-1
5844,TRIPLE,1,1,1,False,-1
5845,DOUBLE,0,1,1,False,-1
5846,TRIPLE,1,1,1,False,-1
5847,TRIPLE,1,1,1,False,-1
5848,TRIPLE,1,1,1,False,-1
5850,TRIPLE,1,1,1,False,-1
5852,TRIPLE,1,1,1,False,-1
5853,DOUBLE,0,1,1,False,-1
5854,SINGLE,0,0,1,False,-1
5855,TRIPLE,1,1,1,False,-1
5856,TRIPLE,1,1,1,False,-1
5857,TRIPLE,1,1,1,False,-1
5858,DOUBLE,0,1,1,False,-1
5859,TRIPLE,1,1,1,False,-1
5860,TRIPLE,1,1,1,False,-1
5861,SINGLE,0,0,1,False,-1
5862,DOUBLE,0,1,1,False,-1
5863,SINGLE,0,0,1,False,-1
5865,TRIPLE,1,1,1,False,-1
5866,DOUBLE,0,1,1,False,-1
5867,SINGLE,0,0,1,False,-1
5868,TRIPLE,1,1,1,False,-1
5869,DOUBLE,0,1,1,False,-1
5870,SINGLE,0,0,1,False,-1
5871,SINGLE,0,0,1,False,-1
5872,SINGLE,0,0,1,False,-1
5873,DOUBLE,0,1,1,False,-1
5874,TRIPLE,1,1,1,False,-1
5875,TRIPLE,1,1,1,False,-1
5876,TRIPLE,1,1,1,False,-1
5877,TRIPLE,1,1,1,False,-1
5878,DOUBLE,0,1,1,False,-1
5879,TRIPLE,1,1,1,False,-1
5880,DOUBLE,0,1,1,False,-1
5881,TRIPLE,1,1,1,False,-1
5882,DOUBLE,0,1,1,False,-1
5883,TRIPLE,1,1,1,False,-1
5884,SINGLE,0,0,1,False,-1
5885,SINGLE,0,0,1,False,-1
5886,TRIPLE,1,1,1,False,-1
5887,SINGLE,0,0,1,False,-1
5888,TRIPLE,1,1,1,False,-1
5889,SINGLE,0,0,1,False,-1
5890,TRIPLE,1,1,1,False,-1
5891,TRIPLE,1,1,1,False,-1
5892,TRIPLE,1,1,1,False,-1
5893,DOUBLE,0,1,1,False,-1
5894,SINGLE,0,0,1,False,-1
5895,TRIPLE,1,1,1,False,-1
5896,TRIPLE,1,1,1,False,-1
5897,DOUBLE,0,1,1,False,-1
5898,TRIPLE,1,1,1,False,-1
5899,TRIPLE,1,1,1,False,-1
5900,TRIPLE,1,1,1,False,-1
5901,TRIPLE,1,1,1,False,-1
5902,TRIPLE,1,1,1,False,-1
5903,SINGLE,0,0,1,False,-1
5904,TRIPLE,1,1,1,False,-1
5905,TRIPLE,1,1,1,False,-1
5906,SINGLE,0,0,1,False,-1
5907,DOUBLE,0,1,1,False,-1
5908,TRIPLE,1,1,1,False,-1
5909,TRIPLE,1,1,1,False,-1
5910,TRIPLE,1,1,1,False,-1
5911,TRIPLE,1,1,1,False,-1
5912,DOUBLE,0,1,1,False,-1
5913,TRIPLE,1,1,1,False,-1
5914,SINGLE,0,0,1,False,-1
5915,TRIPLE,1,1,1,False,-1
5916,DOUBLE,0,1,1,False,-1
5917,SINGLE,0,0,1,False,-1
5918,DOUBLE,0,1,1,False,-1
5919,TRIPLE,1,1,1,False,-1
5920,TRIPLE,1,1,1,False,-1
5921,TRIPLE,1,1,1,False,-1
5922,TRIPLE,1,1,1,False,-1
5923,TRIPLE,1,1,1,False,-1
5924,SINGLE,0,0,1,False,-1
5925,DOUBLE,0,1,1,False,-1
5927,DOUBLE,0,1,1,False,-1
5928,DOUBLE,0,1,1,False,-1
5929,TRIPLE,1,1,1,False,-1
5930,TRIPLE,1,1,1,False,-1
5932,TRIPLE,1,1,1,False,-1
5933,TRIPLE,1,1,1,False,-1
5934,TRIPLE,1,1,1,False,-1
5935,DOUBLE,0,1,1,False,-1
5936,SINGLE,0,0,1,False,-1
5937,TRIPLE,1,1,1,False,-1
5938,TRIPLE,1,1,1,False,-1
5939,DOUBLE,0,1,1,False,-1
5940,DOUBLE,0,1,1,False,-1
5941,TRIPLE,1,1,1,False,-1
5942,TRIPLE,1,1,1,False,-1
5943,TRIPLE,1,1,1,False,-1
5944,DOUBLE,0,1,1,False,-1
5946,TRIPLE,1,1,1,False,-1
5947,TRIPLE,1,1,1,False,-1
5948,TRIPLE,1,1,1,False,-1
5949,SINGLE,0,0,1,False,-1
5950,DOUBLE,0,1,1,False,-1
5951,TRIPLE,1,1,1,False,-1
5952,SINGLE,0,0,1,False,-1
5953,TRIPLE,1,1,1,False,-1
5954,TRIPLE,1,1,1,False,-1
5955,SINGLE,0,0,1,False,-1
5956,TRIPLE,1,1,1,False,-1
5957,SINGLE,0,0,1,False,-1
5958,TRIPLE,1,1,1,False,-1
5959,TRIPLE,1,1,1,False,-1
5960,TRIPLE,1,1,1,False,-1
5961,TRIPLE,1,1,1,False,-1
5962,SINGLE,0,0,1,False,-1
5963,TRIPLE,1,1,1,False,-1
5964,SINGLE,0,0,1,False,-1
5965,TRIPLE,1,1,1,False,-1
5966,TRIPLE,1,1,1,False,-1
5968,DOUBLE,0,1,1,False,-1
5969,TRIPLE,1,1,1,False,-1
5970,TRIPLE,1,1,1,False,-1
5971,DOUBLE,0,1,1,False,-1
5972,TRIPLE,1,1,1,False,-1
5973,SINGLE,0,0,1,False,-1
5974,TRIPLE,1,1,1,False,-1
5975,TRIPLE,1,1,1,False,-1
5976,TRIPLE,1,1,1,False,-1
5977,DOUBLE,0,1,1,False,-1
5978,TRIPLE,1,1,1,False,-1
5979,DOUBLE,0,1,1,False,-1
5980,TRIPLE,1,1,1,False,-1
5981,DOUBLE,0,1,1,False,-1
5982,DOUBLE,0,1,1,False,-1
5983,TRIPLE,1,1,1,False,-1
5984,DOUBLE,0,1,1,False,-1
5985,SINGLE,0,0,1,False,-1
5986,SINGLE,0,0,1,False,-1
5987,SINGLE,0,0,1,False,-1
5988,TRIPLE,1,1,1,False,-1
5989,DOUBLE,0,1,1,False,-1
5990,DOUBLE,0,1,1,False,-1
5992,DOUBLE,0,1,1,False,-1
5994,TRIPLE,1,1,1,False,-1
5995,TRIPLE,1,1,1,False,-1
5996,TRIPLE,1,1,1,False,-1
5997,SINGLE,0,0,1,False,-1
5998,TRIPLE,1,1,1,False,-1
5999,TRIPLE,1,1,1,False,-1
6000,TRIPLE,1,1,1,False,-1
6001,TRIPLE,1,1,1,False,-1
6002,TRIPLE,1,1,1,False,-1
6003,TRIPLE,1,1,1,False,-1
6004,TRIPLE,1,1,1,False,-1
6005,DOUBLE,0,1,1,False,-1
6006,SINGLE,0,0,1,False,-1
6007,SINGLE,0,0,1,False,-1
6008,TRIPLE,1,1,1,False,-1
6009,TRIPLE,1,1,1,False,-1
6011,DOUBLE,0,1,1,False,-1
6012,DOUBLE,0,1,1,False,-1
6013,DOUBLE,0,1,1,False,-1
6014,TRIPLE,1,1,1,False,-1
6015,TRIPLE,1,1,1,False,-1
6016,TRIPLE,1,1,1,False,-1
6017,SINGLE,0,0,1,False,-1
6018,TRIPLE,1,1,1,False,-1
6019,TRIPLE,1,1,1,False,-1
6020,TRIPLE,1,1,1,False,-1
6022,DOUBLE,0,1,1,False,-1
6023,TRIPLE,1,1,1,False,-1
6024,DOUBLE,0,1,1,False,-1
6025,DOUBLE,0,1,1,False,-1
6026,SINGLE,0,0,1,False,-1
6028,SINGLE,0,0,1,False,-1
6029,TRIPLE,1,1,1,False,-1
6030,TRIPLE,1,1,1,False,-1
6031,SINGLE,0,0,1,False,-1
6033,DOUBLE,0,1,1,False,-1
6034,DOUBLE,0,1,1,False,-1
6035,TRIPLE,1,1,1,False,-1
6036,TRIPLE,1,1,1,False,-1
6037,TRIPLE,1,1,1,False,-1
6038,TRIPLE,1,1,1,False,-1
6039,DOUBLE,0,1,1,False,-1
6041,DOUBLE,0,1,1,False,-1
6042,TRIPLE,1,1,1,False,-1
6043,TRIPLE,1,1,1,False,-1
6044,TRIPLE,1,1,1,False,-1
6045,DOUBLE,0,1,1,False,-1
6046,DOUBLE,0,1,1,False,-1
6047,DOUBLE,0,1,1,False,-1
6048,TRIPLE,1,1,1,False,-1
6049,TRIPLE,1,1,1,False,-1
6050,TRIPLE,1,1,1,False,-1
6051,TRIPLE,1,1,1,False,-1
6052,TRIPLE,1,1,1,False,-1
6053,TRIPLE,1,1,1,False,-1
6054,SINGLE,0,0,1,False,-1
6055,TRIPLE,1,1,1,False,-1
6056,TRIPLE,1,1,1,False,-1
6057,TRIPLE,1,1,1,False,-1
6058,DOUBLE,0,1,1,False,-1
6059,TRIPLE,1,1,1,False,-1
6060,DOUBLE,0,1,1,False,-1
6061,SINGLE,0,0,1,False,-1
6062,TRIPLE,1,1,1,False,-1
6063,TRIPLE,1,1,1,False,-1
6065,TRIPLE,1,1,1,False,-1
6066,DOUBLE,0,1,1,False,-1
6067,TRIPLE,1,1,1,False,-1
6068,TRIPLE,1,1,1,False,-1
6070,TRIPLE,1,1,1,False,-1
6071,DOUBLE,0,1,1,False,-1
6072,DOUBLE,0,1,1,False,-1
6073,TRIPLE,1,1,1,False,-1
6074,TRIPLE,1,1,1,False,-1
6075,TRIPLE,1,1,1,False,-1
6076,TRIPLE,1,1,1,False,-1
6077,TRIPLE,1,1,1,False,-1
6079,SINGLE,0,0,1,False,-1
6080,TRIPLE,1,1,1,False,-1
6082,TRIPLE,1,1,1,False,-1
6083,TRIPLE,1,1,1,False,-1
6084,SINGLE,0,0,1,False,-1
6085,TRIPLE,1,1,1,False,-1
6086,SINGLE,0,0,1,False,-1
6087,DOUBLE,0,1,1,False,-1
6088,DOUBLE,0,1,1,False,-1
6089,DOUBLE,0,1,1,False,-1
6091,DOUBLE,0,1,1,False,-1
6092,TRIPLE,1,1,1,False,-1
6093,TRIPLE,1,1,1,False,-1
6094,TRIPLE,1,1,1,False,-1
6095,SINGLE,0,0,1,False,-1
6096,DOUBLE,0,1,1,False,-1
6097,TRIPLE,1,1,1,False,-1
6098,TRIPLE,1,1,1,False,-1
6099,SINGLE,0,0,1,False,-1
6100,TRIPLE,1,1,1,False,-1
6101,DOUBLE,0,1,1,False,-1
6102,TRIPLE,1,1,1,False,-1
6103,TRIPLE,1,1,1,False,-1
6104,TRIPLE,1,1,1,False,-1
6105,TRIPLE,1,1,1,False,-1
6106,DOUBLE,0,1,1,False,-1
6107,SINGLE,0,0,1,False,-1
6108,SINGLE,0,0,1,False,-1
6109,TRIPLE,1,1,1,False,-1
6110,TRIPLE,1,1,1,False,-1
6111,SINGLE,0,0,1,False,-1
6112,SINGLE,0,0,1,False,-1
6113,TRIPLE,1,1,1,False,-1
6114,DOUBLE,0,1,1,False,-1
6116,SINGLE,0,0,1,False,-1
6118,DOUBLE,0,1,1,False,-1
6119,TRIPLE,1,1,1,False,-1
6120,TRIPLE,1,1,1,False,-1
6121,TRIPLE,1,1,1,False,-1
6122,TRIPLE,1,1,1,False,-1
6123,TRIPLE,1,1,1,False,-1
6124,SINGLE,0,0,1,False,-1
6125,TRIPLE,1,1,1,False,-1
6126,TRIPLE,1,1,1,False,-1
6127,TRIPLE,1,1,1,False,-1
6128,TRIPLE,1,1,1,False,-1
6129,TRIPLE,1,1,1,False,-1
6130,SINGLE,0,0,1,False,-1
6131,TRIPLE,1,1,1,False,-1
6132,TRIPLE,1,1,1,False,-1
6133,DOUBLE,0,1,1,False,-1
6134,DOUBLE,0,1,1,False,-1
6135,TRIPLE,1,1,1,False,-1
6136,TRIPLE,1,1,1,False,-1
6137,DOUBLE,0,1,1,False,-1
6139,SINGLE,0,0,1,False,-1
6140,DOUBLE,0,1,1,False,-1
6142,DOUBLE,0,1,1,False,-1
6143,DOUBLE,0,1,1,False,-1
6144,TRIPLE,1,1,1,False,-1
6145,TRIPLE,1,1,1,False,-1
6146,TRIPLE,1,1,1,False,-1
6147,TRIPLE,1,1,1,False,-1
6148,TRIPLE,1,1,1,False,-1
6149,TRIPLE,1,1,1,False,-1
6150,DOUBLE,0,1,1,False,-1
6152,SINGLE,0,0,1,False,-1
6153,TRIPLE,1,1,1,False,-1
6154,SINGLE,0,0,1,False,-1
6155,DOUBLE,0,1,1,False,-1
6156,TRIPLE,1,1,1,False,-1
6157,TRIPLE,1,1,1,False,-1
6158,TRIPLE,1,1,1,False,-1
6159,TRIPLE,1,1,1,False,-1
6160,DOUBLE,0,1,1,False,-1
6161,SINGLE,0,0,1,False,-1
6163,DOUBLE,0,1,1,False,-1
6164,SINGLE,0,0,1,False,-1
6165,TRIPLE,1,1,1,False,-1
6166,TRIPLE,1,1,1,False,-1
6167,TRIPLE,1,1,1,False,-1
6168,TRIPLE,1,1,1,False,-1
6169,TRIPLE,1,1,1,False,-1
6170,DOUBLE,0,1,1,False,-1
6171,DOUBLE,0,1,1,False,-1
6172,DOUBLE,0,1,1,False,-1
6173,DOUBLE,0,1,1,False,-1
6174,TRIPLE,1,1,1,False,-1
6175,TRIPLE,1,1,1,False,-1
6176,DOUBLE,0,1,1,False,-1
6177,TRIPLE,1,1,1,False,-1
6178,SINGLE,0,0,1,False,-1
6179,DOUBLE,0,1,1,False,-1
6180,TRIPLE,1,1,1,False,-1
6181,DOUBLE,0,1,1,False,-1
6182,TRIPLE,1,1,1,False,-1
6183,TRIPLE,1,1,1,False,-1
6185,DOUBLE,0,1,1,False,-1
6186,SINGLE,0,0,1,False,-1
6187,TRIPLE,1,1,1,False,-1
6188,SINGLE,0,0,1,False,-1
6189,SINGLE,0,0,1,False,-1
6190,TRIPLE,1,1,1,False,-1
6191,TRIPLE,1,1,1,False,-1
6192,TRIPLE,1,1,1,False,-1
6193,DOUBLE,0,1,1,False,-1
6194,SINGLE,0,0,1,False,-1
6195,TRIPLE,1,1,1,False,-1
6197,DOUBLE,0,1,1,False,-1
6198,DOUBLE,0,1,1,False,-1
6199,TRIPLE,1,1,1,False,-1
6201,TRIPLE,1,1,1,False,-1
6202,TRIPLE,1,1,1,False,-1
6203,TRIPLE,1,1,1,False,-1
6204,DOUBLE,0,1,1,False,-1
6205,TRIPLE,1,1,1,False,-1
6206,TRIPLE,1,1,1,False,-1
6207,TRIPLE,1,1,1,False,-1
6208,DOUBLE,0,1,1,False,-1
6209,TRIPLE,1,1,1,False,-1
6210,TRIPLE,1,1,1,False,-1
6211,TRIPLE,1,1,1,False,-1
6212,DOUBLE,0,1,1,False,-1
6213,TRIPLE,1,1,1,False,-1
6214,DOUBLE,0,1,1,False,-1
6215,TRIPLE,1,1,1,False,-1
6216,TRIPLE,1,1,1,False,-1
6217,SINGLE,0,0,1,False,-1
6218,TRIPLE,1,1,1,False,-1
6219,TRIPLE,1,1,1,False,-1
6220,TRIPLE,1,1,1,False,-1
6222,DOUBLE,0,1,1,False,-1
6224,TRIPLE,1,1,1,False,-1
6226,TRIPLE,1,1,1,False,-1
6228,DOUBLE,0,1,1,False,-1
6229,TRIPLE,1,1,1,False,-1
6231,SINGLE,0,0,1,False,-1
6232,SINGLE,0,0,1,False,-1
6233,TRIPLE,1,1,1,False,-1
6234,DOUBLE,0,1,1,False,-1
6235,SINGLE,0,0,1,False,-1
6236,SINGLE,0,0,1,False,-1
6237,DOUBLE,0,1,1,False,-1
6238,DOUBLE,0,1,1,False,-1
6239,SINGLE,0,0,1,False,-1
6240,DOUBLE,0,1,1,False,-1
6242,TRIPLE,1,1,1,False,-1
6243,DOUBLE,0,1,1,False,-1
6244,TRIPLE,1,1,1,False,-1
6245,TRIPLE,1,1,1,False,-1
6246,TRIPLE,1,1,1,False,-1
6247,TRIPLE,1,1,1,False,-1
6248,TRIPLE,1,1,1,False,-1
6249,DOUBLE,0,1,1,False,-1
6250,TRIPLE,1,1,1,False,-1
6251,TRIPLE,1,1,1,False,-1
6253,TRIPLE,1,1,1,False,-1
6254,TRIPLE,1,1,1,False,-1
6255,DOUBLE,0,1,1,False,-1
6256,DOUBLE,0,1,1,False,-1
6257,TRIPLE,1,1,1,False,-1
6258,TRIPLE,1,1,1,False,-1
6259,DOUBLE,0,1,1,False,-1
6260,TRIPLE,1,1,1,False,-1
6261,TRIPLE,1,1,1,False,-1
6262,TRIPLE,1,1,1,False,-1
6263,DOUBLE,0,1,1,False,-1
6264,TRIPLE,1,1,1,False,-1
6265,TRIPLE,1,1,1,False,-1
6266,DOUBLE,0,1,1,False,-1
6267,TRIPLE,1,1,1,False,-1
6268,DOUBLE,0,1,1,False,-1
6269,TRIPLE,1,1,1,False,-1
6270,SINGLE,0,0,1,False,-1
6271,TRIPLE,1,1,1,False,-1
6272,TRIPLE,1,1,1,False,-1
6273,SINGLE,0,0,1,False,-1
6275,TRIPLE,1,1,1,False,-1
6276,TRIPLE,1,1,1,False,-1
6277,SINGLE,0,0,1,False,-1
6278,TRIPLE,1,1,1,False,-1
6279,TRIPLE,1,1,1,False,-1
6280,DOUBLE,0,1,1,False,-1
6281,DOUBLE,0,1,1,False,-1
6282,DOUBLE,0,1,1,False,-1
6285,TRIPLE,1,1,1,False,-1
6286,TRIPLE,1,1,1,False,-1
6287,DOUBLE,0,1,1,False,-1
6288,TRIPLE,1,1,1,False,-1
6289,TRIPLE,1,1,1,False,-1
6290,DOUBLE,0,1,1,False,-1
6291,DOUBLE,0,1,1,False,-1
6292,TRIPLE,1,1,1,False,-1
6293,DOUBLE,0,1,1,False,-1
6294,TRIPLE,1,1,1,False,-1
6295,DOUBLE,0,1,1,False,-1
6296,DOUBLE,0,1,1,False,-1
6297,TRIPLE,1,1,1,False,-1
6298,SINGLE,0,0,1,False,-1
6300,TRIPLE,1,1,1,False,-1
6301,TRIPLE,1,1,1,False,-1
6302,SINGLE,0,0,1,False,-1
6303,DOUBLE,0,1,1,False,-1
6304,SINGLE,0,0,1,False,-1
6305,DOUBLE,0,1,1,False,-1
6306,DOUBLE,0,1,1,False,-1
6307,TRIPLE,1,1,1,False,-1
6308,TRIPLE,1,1,1,False,-1
6309,SINGLE,0,0,1,False,-1
6311,SINGLE,0,0,1,False,-1
6312,TRIPLE,1,1,1,False,-1
6313,TRIPLE,1,1,1,False,-1
6314,SINGLE,0,0,1,False,-1
6315,DOUBLE,0,1,1,False,-1
6316,TRIPLE,1,1,1,False,-1
6317,DOUBLE,0,1,1,False,-1
6318,TRIPLE,1,1,1,False,-1
6319,TRIPLE,1,1,1,False,-1
6320,DOUBLE,0,1,1,False,-1
6321,TRIPLE,1,1,1,False,-1
6322,DOUBLE,0,1,1,False,-1
6323,SINGLE,0,0,1,False,-1
6324,TRIPLE,1,1,1,False,-1
6325,TRIPLE,1,1,1,False,-1
6326,TRIPLE,1,1,1,False,-1
6327,TRIPLE,1,1,1,False,-1
6328,TRIPLE,1,1,1,False,-1
6329,DOUBLE,0,1,1,False,-1
6331,DOUBLE,0,1,1,False,-1
6332,DOUBLE,0,1,1,False,-1
6333,TRIPLE,1,1,1,False,-1
6334,TRIPLE,1,1,1,False,-1
6335,TRIPLE,1,1,1,False,-1
6336,TRIPLE,1,1,1,False,-1
6337,TRIPLE,1,1,1,False,-1
6338,DOUBLE,0,1,1,False,-1
6339,DOUBLE,0,1,1,False,-1
6340,DOUBLE,0,1,1,False,-1
6341,TRIPLE,1,1,1,False,-1
6342,TRIPLE,1,1,1,False,-1
6343,TRIPLE,1,1,1,False,-1
6344,DOUBLE,0,1,1,False,-1
6345,SINGLE,0,0,1,False,-1
6346,SINGLE,0,0,1,False,-1
6347,TRIPLE,1,1,1,False,-1
6348,TRIPLE,1,1,1,False,-1
6349,SINGLE,0,0,1,False,-1
6350,DOUBLE,0,1,1,False,-1
6351,DOUBLE,0,1,1,False,-1
6352,TRIPLE,1,1,1,False,-1
6353,TRIPLE,1,1,1,False,-1
6354,TRIPLE,1,1,1,False,-1
6355,TRIPLE,1,1,1,False,-1
6357,TRIPLE,1,1,1,False,-1
6358,TRIPLE,1,1,1,False,-1
6359,DOUBLE,0,1,1,False,-1
6360,DOUBLE,0,1,1,False,-1
6361,TRIPLE,1,1,1,False,-1
6362,TRIPLE,1,1,1,False,-1
6363,TRIPLE,1,1,1,False,-1
6364,TRIPLE,1,1,1,False,-1
6366,SINGLE,0,0,1,False,-1
6367,DOUBLE,0,1,1,False,-1
6368,DOUBLE,0,1,1,False,-1
6369,DOUBLE,0,1,1,False,-1
6370,TRIPLE,1,1,1,False,-1
6371,SINGLE,0,0,1,False,-1
6372,TRIPLE,1,1,1,False,-1
6373,DOUBLE,0,1,1,False,-1
6374,TRIPLE,1,1,1,False,-1
6375,SINGLE,0,0,1,False,-1
6376,TRIPLE,1,1,1,False,-1
6377,TRIPLE,1,1,1,False,-1
6378,DOUBLE,0,1,1,False,-1
6379,SINGLE,0,0,1,False,-1
6380,TRIPLE,1,1,1,False,-1
6381,SINGLE,0,0,1,False,-1
6382,TRIPLE,1,1,1,False,-1
6383,TRIPLE,1,1,1,False,-1
6384,TRIPLE,1,1,1,False,-1
6385,DOUBLE,0,1,1,False,-1
6386,TRIPLE,1,1,1,False,-1
6387,TRIPLE,1,1,1,False,-1
6388,DOUBLE,0,1,1,False,-1
6389,TRIPLE,1,1,1,False,-1
6390,TRIPLE,1,1,1,False,-1
6391,SINGLE,0,0,1,False,-1
6392,TRIPLE,1,1,1,False,-1
6394,SINGLE,0,0,1,False,-1
6395,TRIPLE,1,1,1,False,-1
6396,TRIPLE,1,1,1,False,-1
6397,TRIPLE,1,1,1,False,-1
6398,TRIPLE,1,1,1,False,-1
6399,TRIPLE,1,1,1,False,-1
6400,TRIPLE,1,1,1,False,-1
6401,TRIPLE,1,1,1,False,-1
6402,TRIPLE,1,1,1,False,-1
6403,TRIPLE,1,1,1,False,-1
6404,SINGLE,0,0,1,False,-1
6405,TRIPLE,1,1,1,False,-1
6406,TRIPLE,1,1,1,False,-1
6407,TRIPLE,1,1,1,False,-1
6408,SINGLE,0,0,1,False,-1
6409,DOUBLE,0,1,1,False,-1
6410,TRIPLE,1,1,1,False,-1
6411,SINGLE,0,0,1,False,-1
6412,TRIPLE,1,1,1,False,-1
6413,SINGLE,0,0,1,False,-1
6414,DOUBLE,0,1,1,False,-1
6415,DOUBLE,0,1,1,False,-1
6416,DOUBLE,0,1,1,False,-1
6417,DOUBLE,0,1,1,False,-1
6418,TRIPLE,1,1,1,False,-1
6419,TRIPLE,1,1,1,False,-1
6420,DOUBLE,0,1,1,False,-1
6421,TRIPLE,1,1,1,False,-1
6422,TRIPLE,1,1,1,False,-1
6423,DOUBLE,0,1,1,False,-1
6424,SINGLE,0,0,1,False,-1
6426,DOUBLE,0,1,1,False,-1
6427,DOUBLE,0,1,1,False,-1
6428,DOUBLE,0,1,1,False,-1
6429,TRIPLE,1,1,1,False,-1
6430,DOUBLE,0,1,1,False,-1
6431,DOUBLE,0,1,1,False,-1
6432,TRIPLE,1,1,1,False,-1
6433,TRIPLE,1,1,1,False,-1
6434,TRIPLE,1,1,1,False,-1
6435,DOUBLE,0,1,1,False,-1
6436,TRIPLE,1,1,1,False,-1
6437,TRIPLE,1,1,1,False,-1
6438,SINGLE,0,0,1,False,-1
6440,TRIPLE,1,1,1,False,-1
6441,DOUBLE,0,1,1,False,-1
6442,TRIPLE,1,1,1,False,-1
6443,TRIPLE,1,1,1,False,-1
6444,SINGLE,0,0,1,False,-1
6445,TRIPLE,1,1,1,False,-1
6446,TRIPLE,1,1,1,False,-1
6447,TRIPLE,1,1,1,False,-1
6448,TRIPLE,1,1,1,False,-1
6449,TRIPLE,1,1,1,False,-1
6450,TRIPLE,1,1,1,False,-1
6451,TRIPLE,1,1,1,False,-1
6452,TRIPLE,1,1,1,False,-1
6453,DOUBLE,0,1,1,False,-1
6454,DOUBLE,0,1,1,False,-1
6455,TRIPLE,1,1,1,False,-1
6456,TRIPLE,1,1,1,False,-1
6457,TRIPLE,1,1,1,False,-1
6458,TRIPLE,1,1,1,False,-1
6459,DOUBLE,0,1,1,False,-1
6460,TRIPLE,1,1,1,False,-1
6461,TRIPLE,1,1,1,False,-1
6462,TRIPLE,1,1,1,False,-1
6463,DOUBLE,0,1,1,False,-1
6464,SINGLE,0,0,1,False,-1
6465,TRIPLE,1,1,1,False,-1
6466,DOUBLE,0,1,1,False,-1
6467,TRIPLE,1,1,1,False,-1
6468,TRIPLE,1,1,1,False,-1
6470,DOUBLE,0,1,1,False,-1
6471,TRIPLE,1,1,1,False,-1
6472,DOUBLE,0,1,1,False,-1
6473,TRIPLE,1,1,1,False,-1
6474,SINGLE,0,0,1,False,-1
6475,TRIPLE,1,1,1,False,-1
6476,SINGLE,0,0,1,False,-1
6477,TRIPLE,1,1,1,False,-1
6478,TRIPLE,1,1,1,False,-1
6479,DOUBLE,0,1,1,False,-1
6480,TRIPLE,1,1,1,False,-1
6481,TRIPLE,1,1,1,False,-1
6482,DOUBLE,0,1,1,False,-1
6483,TRIPLE,1,1,1,False,-1
6484,DOUBLE,0,1,1,False,-1
6486,DOUBLE,0,1,1,False,-1
6487,TRIPLE,1,1,1,False,-1
6488,TRIPLE,1,1,1,False,-1
6489,DOUBLE,0,1,1,False,-1
6490,DOUBLE,0,1,1,False,-1
6492,TRIPLE,1,1,1,False,-1
6493,TRIPLE,1,1,1,False,-1
6494,TRIPLE,1,1,1,False,-1
6495,TRIPLE,1,1,1,False,-1
6496,TRIPLE,1,1,1,False,-1
6497,TRIPLE,1,1,1,False,-1
6498,TRIPLE,1,1,1,False,-1
6500,TRIPLE,1,1,1,False,-1
6501,DOUBLE,0,1,1,False,-1
6502,DOUBLE,0,1,1,False,-1
6503,DOUBLE,0,1,1,False,-1
6504,DOUBLE,0,1,1,False,-1
6505,TRIPLE,1,1,1,False,-1
6506,SINGLE,0,0,1,False,-1
6507,TRIPLE,1,1,1,False,-1
6508,DOUBLE,0,1,1,False,-1
6509,TRIPLE,1,1,1,False,-1
6510,TRIPLE,1,1,1,False,-1
6511,TRIPLE,1,1,1,False,-1
6512,TRIPLE,1,1,1,False,-1
6513,TRIPLE,1,1,1,False,-1
6514,TRIPLE,1,1,1,False,-1
6516,DOUBLE,0,1,1,False,-1
6517,DOUBLE,0,1,1,False,-1
6518,SINGLE,0,0,1,False,-1
6519,TRIPLE,1,1,1,False,-1
6520,DOUBLE,0,1,1,False,-1
6521,DOUBLE,0,1,1,False,-1
6522,DOUBLE,0,1,1,False,-1
6523,TRIPLE,1,1,1,False,-1
6524,DOUBLE,0,1,1,False,-1
6525,TRIPLE,1,1,1,False,-1
6526,DOUBLE,0,1,1,False,-1
6527,TRIPLE,1,1,1,False,-1
6528,TRIPLE,1,1,1,False,-1
6529,DOUBLE,0,1,1,False,-1
6530,DOUBLE,0,1,1,False,-1
6531,TRIPLE,1,1,1,False,-1
6532,DOUBLE,0,1,1,False,-1
6533,TRIPLE,1,1,1,False,-1
6535,DOUBLE,0,1,1,False,-1
6536,TRIPLE,1,1,1,False,-1
6537,DOUBLE,0,1,1,False,-1
6538,SINGLE,0,0,1,False,-1
6539,SINGLE,0,0,1,False,-1
6540,TRIPLE,1,1,1,False,-1
6541,TRIPLE,1,1,1,False,-1
6542,TRIPLE,1,1,1,False,-1
6543,TRIPLE,1,1,1,False,-1
6544,TRIPLE,1,1,1,False,-1
6545,SINGLE,0,0,1,False,-1
6546,TRIPLE,1,1,1,False,-1
6547,TRIPLE,1,1,1,False,-1
6548,DOUBLE,0,1,1,False,-1
6549,SINGLE,0,0,1,False,-1
6550,TRIPLE,1,1,1,False,-1
6553,SINGLE,0,0,1,False,-1
6554,TRIPLE,1,1,1,False,-1
6555,SINGLE,0,0,1,False,-1
6556,TRIPLE,1,1,1,False,-1
6557,SINGLE,0,0,1,False,-1
6558,TRIPLE,1,1,1,False,-1
6559,TRIPLE,1,1,1,False,-1
6560,DOUBLE,0,1,1,False,-1
6561,TRIPLE,1,1,1,False,-1
6562,TRIPLE,1,1,1,False,-1
6563,DOUBLE,0,1,1,False,-1
6564,TRIPLE,1,1,1,False,-1
6565,TRIPLE,1,1,1,False,-1
6566,TRIPLE,1,1,1,False,-1
6567,TRIPLE,1,1,1,False,-1
6568,SINGLE,0,0,1,False,-1
6569,DOUBLE,0,1,1,False,-1
6570,DOUBLE,0,1,1,False,-1
6571,TRIPLE,1,1,1,False,-1
6572,TRIPLE,1,1,1,False,-1
6573,DOUBLE,0,1,1,False,-1
6574,TRIPLE,1,1,1,False,-1
6575,DOUBLE,0,1,1,False,-1
6576,TRIPLE,1,1,1,False,-1
6577,DOUBLE,0,1,1,False,-1
6578,TRIPLE,1,1,1,False,-1
6579,TRIPLE,1,1,1,False,-1
6580,SINGLE,0,0,1,False,-1
6581,TRIPLE,1,1,1,False,-1
6582,TRIPLE,1,1,1,False,-1
6584,SINGLE,0,0,1,False,-1
6585,TRIPLE,1,1,1,False,-1
6586,SINGLE,0,0,1,False,-1
6587,TRIPLE,1,1,1,False,-1
6588,SINGLE,0,0,1,False,-1
6589,DOUBLE,0,1,1,False,-1
6590,DOUBLE,0,1,1,False,-1
6591,SINGLE,0,0,1,False,-1
6592,DOUBLE,0,1,1,False,-1
6593,TRIPLE,1,1,1,False,-1
6595,SINGLE,0,0,1,False,-1
6596,DOUBLE,0,1,1,False,-1
6597,TRIPLE,1,1,1,False,-1
6599,TRIPLE,1,1,1,False,-1
6600,TRIPLE,1,1,1,False,-1
6601,DOUBLE,0,1,1,False,-1
6602,TRIPLE,1,1,1,False,-1
6603,SINGLE,0,0,1,False,-1
6605,SINGLE,0,0,1,False,-1
6606,SINGLE,0,0,1,False,-1
6607,TRIPLE,1,1,1,False,-1
6608,TRIPLE,1,1,1,False,-1
6609,TRIPLE,1,1,1,False,-1
6610,SINGLE,0,0,1,False,-1
6611,TRIPLE,1,1,1,False,-1
6612,DOUBLE,0,1,1,False,-1
6613,TRIPLE,1,1,1,False,-1
6614,TRIPLE,1,1,1,False,-1
6615,TRIPLE,1,1,1,False,-1
6616,SINGLE,0,0,1,False,-1
6617,TRIPLE,1,1,1,False,-1
6618,SINGLE,0,0,1,False,-1
6619,TRIPLE,1,1,1,False,-1
6620,TRIPLE,1,1,1,False,-1
6621,DOUBLE,0,1,1,False,-1
6622,DOUBLE,0,1,1,False,-1
6623,TRIPLE,1,1,1,False,-1
6624,TRIPLE,1,1,1,False,-1
6625,DOUBLE,0,1,1,False,-1
6627,SINGLE,0,0,1,False,-1
6629,TRIPLE,1,1,1,False,-1
6630,TRIPLE,1,1,1,False,-1
6631,DOUBLE,0,1,1,False,-1
6632,SINGLE,0,0,1,False,-1
6634,TRIPLE,1,1,1,False,-1
6636,DOUBLE,0,1,1,False,-1
6637,SINGLE,0,0,1,False,-1
6638,TRIPLE,1,1,1,False,-1
6639,TRIPLE,1,1,1,False,-1
6640,DOUBLE,0,1,1,False,-1
6641,TRIPLE,1,1,1,False,-1
6642,TRIPLE,1,1,1,False,-1
6643,DOUBLE,0,1,1,False,-1
6644,TRIPLE,1,1,1,False,-1
6645,TRIPLE,1,1,1,False,-1
6647,SINGLE,0,0,1,False,-1
6648,DOUBLE,0,1,1,False,-1
6649,SINGLE,0,0,1,False,-1
6650,TRIPLE,1,1,1,False,-1
6651,DOUBLE,0,1,1,False,-1
6652,DOUBLE,0,1,1,False,-1
6654,TRIPLE,1,1,1,False,-1
6655,SINGLE,0,0,1,False,-1
6657,DOUBLE,0,1,1,False,-1
6658,TRIPLE,1,1,1,False,-1
6659,DOUBLE,0,1,1,False,-1
6660,DOUBLE,0,1,1,False,-1
6661,TRIPLE,1,1,1,False,-1
6662,SINGLE,0,0,1,False,-1
6663,TRIPLE,1,1,1,False,-1
6664,DOUBLE,0,1,1,False,-1
6665,TRIPLE,1,1,1,False,-1
6666,SINGLE,0,0,1,False,-1
6667,DOUBLE,0,1,1,False,-1
6668,TRIPLE,1,1,1,False,-1
6669,DOUBLE,0,1,1,False,-1
6670,DOUBLE,0,1,1,False,-1
6671,DOUBLE,0,1,1,False,-1
6672,TRIPLE,1,1,1,False,-1
6673,DOUBLE,0,1,1,False,-1
6674,TRIPLE,1,1,1,False,-1
6675,DOUBLE,0,1,1,False,-1
6676,TRIPLE,1,1,1,False,-1
6677,TRIPLE,1,1,1,False,-1
6678,TRIPLE,1,1,1,False,-1
6679,TRIPLE,1,1,1,False,-1
6681,SINGLE,0,0,1,False,-1
6682,TRIPLE,1,1,1,False,-1
6683,DOUBLE,0,1,1,False,-1
6684,SINGLE,0,0,1,False,-1
6685,TRIPLE,1,1,1,False,-1
6686,TRIPLE,1,1,1,False,-1
6687,DOUBLE,0,1,1,False,-1
6688,TRIPLE,1,1,1,False,-1
6689,DOUBLE,0,1,1,False,-1
6690,DOUBLE,0,1,1,False,-1
6691,TRIPLE,1,1,1,False,-1
6693,DOUBLE,0,1,1,False,-1
6694,DOUBLE,0,1,1,False,-1
6695,SINGLE,0,0,1,False,-1
6696,TRIPLE,1,1,1,False,-1
6697,SINGLE,0,0,1,False,-1
6698,DOUBLE,0,1,1,False,-1
6699,TRIPLE,1,1,1,False,-1
6700,TRIPLE,1,1,1,False,-1
6701,TRIPLE,1,1,1,False,-1
6702,DOUBLE,0,1,1,False,-1
6703,SINGLE,0,0,1,False,-1
6704,DOUBLE,0,1,1,False,-1
6705,DOUBLE,0,1,1,False,-1
6706,TRIPLE,1,1,1,False,-1
6708,DOUBLE,0,1,1,False,-1
6709,TRIPLE,1,1,1,False,-1
6710,TRIPLE,1,1,1,False,-1
6711,TRIPLE,1,1,1,False,-1
6712,DOUBLE,0,1,1,False,-1
6713,TRIPLE,1,1,1,False,-1
6714,DOUBLE,0,1,1,False,-1
6716,TRIPLE,1,1,1,False,-1
6717,TRIPLE,1,1,1,False,-1
6718,SINGLE,0,0,1,False,-1
6719,DOUBLE,0,1,1,False,-1
6720,DOUBLE,0,1,1,False,-1
6721,SINGLE,0,0,1,False,-1
6722,TRIPLE,1,1,1,False,-1
6723,DOUBLE,0,1,1,False,-1
6724,SINGLE,0,0,1,False,-1
6725,DOUBLE,0,1,1,False,-1
6726,TRIPLE,1,1,1,False,-1
6728,TRIPLE,1,1,1,False,-1
6729,TRIPLE,1,1,1,False,-1
6730,DOUBLE,0,1,1,False,-1
6731,DOUBLE,0,1,1,False,-1
6732,SINGLE,0,0,1,False,-1
6733,DOUBLE,0,1,1,False,-1
6734,DOUBLE,0,1,1,False,-1
6735,TRIPLE,1,1,1,False,-1
6736,DOUBLE,0,1,1,False,-1
6737,DOUBLE,0,1,1,False,-1
6738,DOUBLE,0,1,1,False,-1
6739,DOUBLE,0,1,1,False,-1
6740,DOUBLE,0,1,1,False,-1
6741,SINGLE,0,0,1,False,-1
6742,SINGLE,0,0,1,False,-1
6743,TRIPLE,1,1,1,False,-1
6745,TRIPLE,1,1,1,False,-1
6746,TRIPLE,1,1,1,False,-1
6747,DOUBLE,0,1,1,False,-1
6749,SINGLE,0,0,1,False,-1
6750,TRIPLE,1,1,1,False,-1
6752,SINGLE,0,0,1,False,-1
6753,TRIPLE,1,1,1,False,-1
6754,SINGLE,0,0,1,False,-1
6755,TRIPLE,1,1,1,False,-1
6756,DOUBLE,0,1,1,False,-1
6757,TRIPLE,1,1,1,False,-1
6758,SINGLE,0,0,1,False,-1
6759,TRIPLE,1,1,1,False,-1
6760,TRIPLE,1,1,1,False,-1
6761,DOUBLE,0,1,1,False,-1
6762,DOUBLE,0,1,1,False,-1
6763,DOUBLE,0,1,1,False,-1
6764,SINGLE,0,0,1,False,-1
6765,SINGLE,0,0,1,False,-1
6766,TRIPLE,1,1,1,False,-1
6767,TRIPLE,1,1,1,False,-1
6768,DOUBLE,0,1,1,False,-1
6769,TRIPLE,1,1,1,False,-1
6770,DOUBLE,0,1,1,False,-1
6771,TRIPLE,1,1,1,False,-1
6772,TRIPLE,1,1,1,False,-1
6773,TRIPLE,1,1,1,False,-1
6774,TRIPLE,1,1,1,False,-1
6775,DOUBLE,0,1,1,False,-1
6776,DOUBLE,0,1,1,False,-1
6778,DOUBLE,0,1,1,False,-1
6779,DOUBLE,0,1,1,False,-1
6780,TRIPLE,1,1,1,False,-1
6781,SINGLE,0,0,1,False,-1
6782,TRIPLE,1,1,1,False,-1
6783,DOUBLE,0,1,1,False,-1
6785,SINGLE,0,0,1,False,-1
6786,TRIPLE,1,1,1,False,-1
6787,DOUBLE,0,1,1,False,-1
6788,DOUBLE,0,1,1,False,-1
6789,TRIPLE,1,1,1,False,-1
6790,SINGLE,0,0,1,False,-1
6791,DOUBLE,0,1,1,False,-1
6792,DOUBLE,0,1,1,False,-1
6793,DOUBLE,0,1,1,False,-1
6795,TRIPLE,1,1,1,False,-1
6796,TRIPLE,1,1,1,False,-1
6797,SINGLE,0,0,1,False,-1
6798,SINGLE,0,0,1,False,-1
6800,SINGLE,0,0,1,False,-1
6801,TRIPLE,1,1,1,False,-1
6802,TRIPLE,1,1,1,False,-1
6803,TRIPLE,1,1,1,False,-1
6804,TRIPLE,1,1,1,False,-1
6805,DOUBLE,0,1,1,False,-1
6806,SINGLE,0,0,1,False,-1
6807,DOUBLE,0,1,1,False,-1
6808,TRIPLE,1,1,1,False,-1
6809,DOUBLE,0,1,1,False,-1
6810,TRIPLE,1,1,1,False,-1
6811,TRIPLE,1,1,1,False,-1
6813,DOUBLE,0,1,1,False,-1
6814,DOUBLE,0,1,1,False,-1
6815,TRIPLE,1,1,1,False,-1
6816,TRIPLE,1,1,1,False,-1
6818,DOUBLE,0,1,1,False,-1
6819,TRIPLE,1,1,1,False,-1
6820,TRIPLE,1,1,1,False,-1
6821,TRIPLE,1,1,1,False,-1
6823,DOUBLE,0,1,1,False,-1
6824,DOUBLE,0,1,1,False,-1
6825,TRIPLE,1,1,1,False,-1
6826,DOUBLE,0,1,1,False,-1
6827,DOUBLE,0,1,1,False,-1
6828,DOUBLE,0,1,1,False,-1
6829,TRIPLE,1,1,1,False,-1
6830,DOUBLE,0,1,1,False,-1
6831,SINGLE,0,0,1,False,-1
6832,DOUBLE,0,1,1,False,-1
6833,DOUBLE,0,1,1,False,-1
6834,SINGLE,0,0,1,False,-1
6835,DOUBLE,0,1,1,False,-1
6836,TRIPLE,1,1,1,False,-1
6837,DOUBLE,0,1,1,False,-1
6840,TRIPLE,1,1,1,False,-1
6841,DOUBLE,0,1,1,False,-1
6843,TRIPLE,1,1,1,False,-1
6845,DOUBLE,0,1,1,False,-1
6846,TRIPLE,1,1,1,False,-1
6847,TRIPLE,1,1,1,False,-1
6848,TRIPLE,1,1,1,False,-1
6849,SINGLE,0,0,1,False,-1
6850,TRIPLE,1,1,1,False,-1
6851,TRIPLE,1,1,1,False,-1
6853,TRIPLE,1,1,1,False,-1
6855,TRIPLE,1,1,1,False,-1
6856,TRIPLE,1,1,1,False,-1
6857,TRIPLE,1,1,1,False,-1
6858,DOUBLE,0,1,1,False,-1
6860,DOUBLE,0,1,1,False,-1
6861,DOUBLE,0,1,1,False,-1
6862,SINGLE,0,0,1,False,-1
6863,DOUBLE,0,1,1,False,-1
6864,TRIPLE,1,1,1,False,-1
6865,TRIPLE,1,1,1,False,-1
6866,TRIPLE,1,1,1,False,-1
6867,SINGLE,0,0,1,False,-1
6868,DOUBLE,0,1,1,False,-1
6869,TRIPLE,1,1,1,False,-1
6870,TRIPLE,1,1,1,False,-1
6871,SINGLE,0,0,1,False,-1
6872,DOUBLE,0,1,1,False,-1
6873,TRIPLE,1,1,1,False,-1
6874,TRIPLE,1,1,1,False,-1
6876,TRIPLE,1,1,1,False,-1
6877,TRIPLE,1,1,1,False,-1
6878,TRIPLE,1,1,1,False,-1
6880,SINGLE,0,0,1,False,-1
6881,TRIPLE,1,1,1,False,-1
6882,TRIPLE,1,1,1,False,-1
6884,TRIPLE,1,1,1,False,-1
6885,DOUBLE,0,1,1,False,-1
6886,DOUBLE,0,1,1,False,-1
6887,TRIPLE,1,1,1,False,-1
6888,TRIPLE,1,1,1,False,-1
6889,TRIPLE,1,1,1,False,-1
6890,TRIPLE,1,1,1,False,-1
6891,TRIPLE,1,1,1,False,-1
6892,TRIPLE,1,1,1,False,-1
6893,TRIPLE,1,1,1,False,-1
6894,TRIPLE,1,1,1,False,-1
6895,SINGLE,0,0,1,False,-1
6896,DOUBLE,0,1,1,False,-1
6897,TRIPLE,1,1,1,False,-1
6898,DOUBLE,0,1,1,False,-1
6899,TRIPLE,1,1,1,False,-1
6900,DOUBLE,0,1,1,False,-1
6901,TRIPLE,1,1,1,False,-1
6902,DOUBLE,0,1,1,False,-1
6903,TRIPLE,1,1,1,False,-1
6904,DOUBLE,0,1,1,False,-1
6905,TRIPLE,1,1,1,False,-1
6907,DOUBLE,0,1,1,False,-1
6908,DOUBLE,0,1,1,False,-1
6909,TRIPLE,1,1,1,False,-1
6911,TRIPLE,1,1,1,False,-1
6912,SINGLE,0,0,1,False,-1
6913,DOUBLE,0,1,1,False,-1
6914,TRIPLE,1,1,1,False,-1
6915,DOUBLE,0,1,1,False,-1
6916,TRIPLE,1,1,1,False,-1
6917,TRIPLE,1,1,1,False,-1
6918,SINGLE,0,0,1,False,-1
6919,TRIPLE,1,1,1,False,-1
6920,DOUBLE,0,1,1,False,-1
6921,DOUBLE,0,1,1,False,-1
6922,TRIPLE,1,1,1,False,-1
6923,TRIPLE,1,1,1,False,-1
6924,TRIPLE,1,1,1,False,-1
6925,DOUBLE,0,1,1,False,-1
6926,TRIPLE,1,1,1,False,-1
6927,SINGLE,0,0,1,False,-1
6928,DOUBLE,0,1,1,False,-1
6929,TRIPLE,1,1,1,False,-1
6930,TRIPLE,1,1,1,False,-1
6931,TRIPLE,1,1,1,False,-1
6932,DOUBLE,0,1,1,False,-1
6934,DOUBLE,0,1,1,False,-1
6935,TRIPLE,1,1,1,False,-1
6937,DOUBLE,0,1,1,False,-1
6938,TRIPLE,1,1,1,False,-1
6939,SINGLE,0,0,1,False,-1
6940,DOUBLE,0,1,1,False,-1
6941,TRIPLE,1,1,1,False,-1
6943,TRIPLE,1,1,1,False,-1
6944,DOUBLE,0,1,1,False,-1
6947,SINGLE,0,0,1,False,-1
6948,TRIPLE,1,1,1,False,-1
6950,TRIPLE,1,1,1,False,-1
6951,SINGLE,0,0,1,False,-1
6952,TRIPLE,1,1,1,False,-1
6953,TRIPLE,1,1,1,False,-1
6954,SINGLE,0,0,1,False,-1
6955,TRIPLE,1,1,1,False,-1
6956,SINGLE,0,0,1,False,-1
6957,TRIPLE,1,1,1,False,-1
6958,TRIPLE,1,1,1,False,-1
6959,DOUBLE,0,1,1,False,-1
6960,DOUBLE,0,1,1,False,-1
6961,TRIPLE,1,1,1,False,-1
6962,TRIPLE,1,1,1,False,-1
6963,TRIPLE,1,1,1,False,-1
6965,TRIPLE,1,1,1,False,-1
6967,TRIPLE,1,1,1,False,-1
6968,DOUBLE,0,1,1,False,-1
6969,TRIPLE,1,1,1,False,-1
6970,SINGLE,0,0,1,False,-1
6971,TRIPLE,1,1,1,False,-1
6972,SINGLE,0,0,1,False,-1
6973,DOUBLE,0,1,1,False,-1
6974,TRIPLE,1,1,1,False,-1
6975,TRIPLE,1,1,1,False,-1
6976,TRIPLE,1,1,1,False,-1
6977,TRIPLE,1,1,1,False,-1
6978,TRIPLE,1,1,1,False,-1
6979,TRIPLE,1,1,1,False,-1
6980,TRIPLE,1,1,1,False,-1
6981,TRIPLE,1,1,1,False,-1
6982,TRIPLE,1,1,1,False,-1
6984,TRIPLE,1,1,1,False,-1
6987,SINGLE,0,0,1,False,-1
6988,TRIPLE,1,1,1,False,-1
6989,DOUBLE,0,1,1,False,-1
6990,TRIPLE,1,1,1,False,-1
6991,TRIPLE,1,1,1,False,-1
6992,TRIPLE,1,1,1,False,-1
6993,DOUBLE,0,1,1,False,-1
6995,DOUBLE,0,1,1,False,-1
6996,TRIPLE,1,1,1,False,-1
6997,DOUBLE,0,1,1,False,-1
6998,TRIPLE,1,1,1,False,-1
6999,DOUBLE,0,1,1,False,-1
7000,SINGLE,0,0,1,False,-1
7001,SINGLE,0,0,1,False,-1
7002,TRIPLE,1,1,1,False,-1
7003,SINGLE,0,0,1,False,-1
7004,TRIPLE,1,1,1,False,-1
7005,DOUBLE,0,1,1,False,-1
7006,TRIPLE,1,1,1,False,-1
7007,TRIPLE,1,1,1,False,-1
7008,TRIPLE,1,1,1,False,-1
7009,DOUBLE,0,1,1,False,-1
7011,DOUBLE,0,1,1,False,-1
7012,TRIPLE,1,1,1,False,-1
7014,TRIPLE,1,1,1,False,-1
7015,TRIPLE,1,1,1,False,-1
7016,DOUBLE,0,1,1,False,-1
7017,TRIPLE,1,1,1,False,-1
7018,TRIPLE,1,1,1,False,-1
7019,DOUBLE,0,1,1,False,-1
7020,DOUBLE,0,1,1,False,-1
7021,TRIPLE,1,1,1,False,-1
7022,DOUBLE,0,1,1,False,-1
7023,DOUBLE,0,1,1,False,-1
7024,DOUBLE,0,1,1,False,-1
7025,SINGLE,0,0,1,False,-1
7026,TRIPLE,1,1,1,False,-1
7027,DOUBLE,0,1,1,False,-1
7028,TRIPLE,1,1,1,False,-1
7029,DOUBLE,0,1,1,False,-1
7030,DOUBLE,0,1,1,False,-1
7031,TRIPLE,1,1,1,False,-1
7032,TRIPLE,1,1,1,False,-1
7033,TRIPLE,1,1,1,False,-1
7034,TRIPLE,1,1,1,False,-1
7035,TRIPLE,1,1,1,False,-1
7036,TRIPLE,1,1,1,False,-1
7037,TRIPLE,1,1,1,False,-1
7038,TRIPLE,1,1,1,False,-1
7039,TRIPLE,1,1,1,False,-1
7040,DOUBLE,0,1,1,False,-1
7041,DOUBLE,0,1,1,False,-1
7042,SINGLE,0,0,1,False,-1
7043,DOUBLE,0,1,1,False,-1
7044,DOUBLE,0,1,1,False,-1
7045,DOUBLE,0,1,1,False,-1
7046,TRIPLE,1,1,1,False,-1
7047,TRIPLE,1,1,1,False,-1
7048,DOUBLE,0,1,1,False,-1
7049,TRIPLE,1,1,1,False,-1
7050,TRIPLE,1,1,1,False,-1
7051,DOUBLE,0,1,1,False,-1
7052,DOUBLE,0,1,1,False,-1
7053,DOUBLE,0,1,1,False,-1
7054,DOUBLE,0,1,1,False,-1
7055,DOUBLE,0,1,1,False,-1
7056,DOUBLE,0,1,1,False,-1
7057,TRIPLE,1,1,1,False,-1
7058,TRIPLE,1,1,1,False,-1
7059,DOUBLE,0,1,1,False,-1
7060,DOUBLE,0,1,1,False,-1
7061,TRIPLE,1,1,1,False,-1
7062,TRIPLE,1,1,1,False,-1
7063,TRIPLE,1,1,1,False,-1
7064,DOUBLE,0,1,1,False,-1
7065,TRIPLE,1,1,1,False,-1
7066,TRIPLE,1,1,1,False,-1
7068,TRIPLE,1,1,1,False,-1
7069,TRIPLE,1,1,1,False,-1
7070,TRIPLE,1,1,1,False,-1
7071,TRIPLE,1,1,1,False,-1
7072,TRIPLE,1,1,1,False,-1
7073,TRIPLE,1,1,1,False,-1
7075,TRIPLE,1,1,1,False,-1
7076,TRIPLE,1,1,1,False,-1
7077,TRIPLE,1,1,1,False,-1
7078,DOUBLE,0,1,1,False,-1
7079,TRIPLE,1,1,1,False,-1
7080,TRIPLE,1,1,1,False,-1
7081,DOUBLE,0,1,1,False,-1
7082,DOUBLE,0,1,1,False,-1
7083,TRIPLE,1,1,1,False,-1
7084,SINGLE,0,0,1,False,-1
7085,TRIPLE,1,1,1,False,-1
7087,DOUBLE,0,1,1,False,-1
7088,SINGLE,0,0,1,False,-1
7089,TRIPLE,1,1,1,False,-1
7090,DOUBLE,0,1,1,False,-1
7091,SINGLE,0,0,1,False,-1
7092,TRIPLE,1,1,1,False,-1
7093,TRIPLE,1,1,1,False,-1
7094,DOUBLE,0,1,1,False,-1
7095,DOUBLE,0,1,1,False,-1
7096,DOUBLE,0,1,1,False,-1
7097,SINGLE,0,0,1,False,-1
7098,DOUBLE,0,1,1,False,-1
7099,TRIPLE,1,1,1,False,-1
7100,SINGLE,0,0,1,False,-1
7101,TRIPLE,1,1,1,False,-1
7102,DOUBLE,0,1,1,False,-1
7104,TRIPLE,1,1,1,False,-1
7105,DOUBLE,0,1,1,False,-1
7106,TRIPLE,1,1,1,False,-1
7107,DOUBLE,0,1,1,False,-1
7108,DOUBLE,0,1,1,False,-1
7109,TRIPLE,1,1,1,False,-1
7110,SINGLE,0,0,1,False,-1
7111,TRIPLE,1,1,1,False,-1
7112,TRIPLE,1,1,1,False,-1
7113,DOUBLE,0,1,1,False,-1
7114,SINGLE,0,0,1,False,-1
7115,TRIPLE,1,1,1,False,-1
7117,DOUBLE,0,1,1,False,-1
7118,SINGLE,0,0,1,False,-1
7119,SINGLE,0,0,1,False,-1
7120,TRIPLE,1,1,1,False,-1
7121,DOUBLE,0,1,1,False,-1
7122,DOUBLE,0,1,1,False,-1
7123,TRIPLE,1,1,1,False,-1
7124,TRIPLE,1,1,1,False,-1
7125,DOUBLE,0,1,1,False,-1
7126,TRIPLE,1,1,1,False,-1
7127,DOUBLE,0,1,1,False,-1
7128,TRIPLE,1,1,1,False,-1
7129,TRIPLE,1,1,1,False,-1
7131,TRIPLE,1,1,1,False,-1
7132,TRIPLE,1,1,1,False,-1
7133,DOUBLE,0,1,1,False,-1
7134,TRIPLE,1,1,1,False,-1
7136,TRIPLE,1,1,1,False,-1
7137,TRIPLE,1,1,1,False,-1
7138,DOUBLE,0,1,1,False,-1
7139,TRIPLE,1,1,1,False,-1
7140,DOUBLE,0,1,1,False,-1
7141,SINGLE,0,0,1,False,-1
7142,DOUBLE,0,1,1,False,-1
7143,TRIPLE,1,1,1,False,-1
7144,DOUBLE,0,1,1,False,-1
7145,SINGLE,0,0,1,False,-1
7146,DOUBLE,0,1,1,False,-1
7147,TRIPLE,1,1,1,False,-1
7148,SINGLE,0,0,1,False,-1
7149,SINGLE,0,0,1,False,-1
7150,DOUBLE,0,1,1,False,-1
7151,TRIPLE,1,1,1,False,-1
7152,DOUBLE,0,1,1,False,-1
7153,SINGLE,0,0,1,False,-1
7154,DOUBLE,0,1,1,False,-1
7155,TRIPLE,1,1,1,False,-1
7156,SINGLE,0,0,1,False,-1
7157,SINGLE,0,0,1,False,-1
7158,TRIPLE,1,1,1,False,-1
7159,TRIPLE,1,1,1,False,-1
7160,TRIPLE,1,1,1,False,-1
7161,TRIPLE,1,1,1,False,-1
7162,DOUBLE,0,1,1,False,-1
7163,TRIPLE,1,1,1,False,-1
7164,SINGLE,0,0,1,False,-1
7166,TRIPLE,1,1,1,False,-1
7168,TRIPLE,1,1,1,False,-1
7170,TRIPLE,1,1,1,False,-1
7171,SINGLE,0,0,1,False,-1
7172,TRIPLE,1,1,1,False,-1
7173,TRIPLE,1,1,1,False,-1
7174,TRIPLE,1,1,1,False,-1
7175,TRIPLE,1,1,1,False,-1
7176,TRIPLE,1,1,1,False,-1
7177,TRIPLE,1,1,1,False,-1
7178,TRIPLE,1,1,1,False,-1
7179,SINGLE,0,0,1,False,-1
7180,TRIPLE,1,1,1,False,-1
7181,DOUBLE,0,1,1,False,-1
7182,DOUBLE,0,1,1,False,-1
7183,TRIPLE,1,1,1,False,-1
7184,TRIPLE,1,1,1,False,-1
7185,TRIPLE,1,1,1,False,-1
7187,TRIPLE,1,1,1,False,-1
7188,TRIPLE,1,1,1,False,-1
7189,SINGLE,0,0,1,False,-1
7190,TRIPLE,1,1,1,False,-1
7191,TRIPLE,1,1,1,False,-1
7192,TRIPLE,1,1,1,False,-1
7193,TRIPLE,1,1,1,False,-1
7194,TRIPLE,1,1,1,False,-1
7195,TRIPLE,1,1,1,False,-1
7197,TRIPLE,1,1,1,False,-1
7198,TRIPLE,1,1,1,False,-1
7199,TRIPLE,1,1,1,False,-1
7200,TRIPLE,1,1,1,False,-1
7201,TRIPLE,1,1,1,False,-1
7202,DOUBLE,0,1,1,False,-1
7203,TRIPLE,1,1,1,False,-1
7204,TRIPLE,1,1,1,False,-1
7205,SINGLE,0,0,1,False,-1
7206,TRIPLE,1,1,1,False,-1
7208,SINGLE,0,0,1,False,-1
7209,SINGLE,0,0,1,False,-1
7210,TRIPLE,1,1,1,False,-1
7211,SINGLE,0,0,1,False,-1
7212,TRIPLE,1,1,1,False,-1
7213,TRIPLE,1,1,1,False,-1
7214,TRIPLE,1,1,1,False,-1
7215,SINGLE,0,0,1,False,-1
7217,SINGLE,0,0,1,False,-1
7218,SINGLE,0,0,1,False,-1
7219,TRIPLE,1,1,1,False,-1
7220,DOUBLE,0,1,1,False,-1
7221,SINGLE,0,0,1,False,-1
7223,TRIPLE,1,1,1,False,-1
7224,TRIPLE,1,1,1,False,-1
7225,SINGLE,0,0,1,False,-1
7227,DOUBLE,0,1,1,False,-1
7228,TRIPLE,1,1,1,False,-1
7229,TRIPLE,1,1,1,False,-1
7230,TRIPLE,1,1,1,False,-1
7231,TRIPLE,1,1,1,False,-1
7232,TRIPLE,1,1,1,False,-1
7233,TRIPLE,1,1,1,False,-1
7234,DOUBLE,0,1,1,False,-1
7235,TRIPLE,1,1,1,False,-1
7236,TRIPLE,1,1,1,False,-1
7237,DOUBLE,0,1,1,False,-1
7238,DOUBLE,0,1,1,False,-1
7239,TRIPLE,1,1,1,False,-1
7242,TRIPLE,1,1,1,False,-1
7243,SINGLE,0,0,1,False,-1
7244,DOUBLE,0,1,1,False,-1
7245,TRIPLE,1,1,1,False,-1
7246,SINGLE,0,0,1,False,-1
7247,DOUBLE,0,1,1,False,-1
7248,TRIPLE,1,1,1,False,-1
7249,SINGLE,0,0,1,False,-1
7250,TRIPLE,1,1,1,False,-1
7251,TRIPLE,1,1,1,False,-1
7252,TRIPLE,1,1,1,False,-1
7253,TRIPLE,1,1,1,False,-1
7254,DOUBLE,0,1,1,False,-1
7255,TRIPLE,1,1,1,False,-1
7256,SINGLE,0,0,1,False,-1
7258,DOUBLE,0,1,1,False,-1
7259,TRIPLE,1,1,1,False,-1
7260,TRIPLE,1,1,1,False,-1
7261,TRIPLE,1,1,1,False,-1
7262,TRIPLE,1,1,1,False,-1
7263,DOUBLE,0,1,1,False,-1
7264,TRIPLE,1,1,1,False,-1
7265,DOUBLE,0,1,1,False,-1
7266,TRIPLE,1,1,1,False,-1
7267,TRIPLE,1,1,1,False,-1
7268,DOUBLE,0,1,1,False,-1
7269,TRIPLE,1,1,1,False,-1
7270,DOUBLE,0,1,1,False,-1
7271,DOUBLE,0,1,1,False,-1
7272,TRIPLE,1,1,1,False,-1
7273,TRIPLE,1,1,1,False,-1
7274,DOUBLE,0,1,1,False,-1
7275,TRIPLE,1,1,1,False,-1
7277,DOUBLE,0,1,1,False,-1
7278,DOUBLE,0,1,1,False,-1
7279,TRIPLE,1,1,1,False,-1
7280,TRIPLE,1,1,1,False,-1
7281,TRIPLE,1,1,1,False,-1
7282,DOUBLE,0,1,1,False,-1
7283,TRIPLE,1,1,1,False,-1
7284,TRIPLE,1,1,1,False,-1
7285,TRIPLE,1,1,1,False,-1
7286,TRIPLE,1,1,1,False,-1
7287,TRIPLE,1,1,1,False,-1
7288,DOUBLE,0,1,1,False,-1
7289,TRIPLE,1,1,1,False,-1
7290,TRIPLE,1,1,1,False,-1
7291,SINGLE,0,0,1,False,-1
7292,SINGLE,0,0,1,False,-1
7293,DOUBLE,0,1,1,False,-1
7294,TRIPLE,1,1,1,False,-1
7295,TRIPLE,1,1,1,False,-1
7296,TRIPLE,1,1,1,False,-1
7297,TRIPLE,1,1,1,False,-1
7298,TRIPLE,1,1,1,False,-1
7299,SINGLE,0,0,1,False,-1
7300,TRIPLE,1,1,1,False,-1
7301,DOUBLE,0,1,1,False,-1
7302,TRIPLE,1,1,1,False,-1
7303,TRIPLE,1,1,1,False,-1
7307,SINGLE,0,0,1,False,-1
7308,TRIPLE,1,1,1,False,-1
7309,TRIPLE,1,1,1,False,-1
7310,DOUBLE,0,1,1,False,-1
7311,DOUBLE,0,1,1,False,-1
7312,DOUBLE,0,1,1,False,-1
7313,TRIPLE,1,1,1,False,-1
7314,DOUBLE,0,1,1,False,-1
7315,SINGLE,0,0,1,False,-1
7316,TRIPLE,1,1,1,False,-1
7317,SINGLE,0,0,1,False,-1
7318,DOUBLE,0,1,1,False,-1
7319,SINGLE,0,0,1,False,-1
7320,DOUBLE,0,1,1,False,-1
7321,SINGLE,0,0,1,False,-1
7322,TRIPLE,1,1,1,False,-1
7323,TRIPLE,1,1,1,False,-1
7324,TRIPLE,1,1,1,False,-1
7325,TRIPLE,1,1,1,False,-1
7326,SINGLE,0,0,1,False,-1
7327,SINGLE,0,0,1,False,-1
7328,SINGLE,0,0,1,False,-1
7330,DOUBLE,0,1,1,False,-1
7331,DOUBLE,0,1,1,False,-1
7332,SINGLE,0,0,1,False,-1
7334,TRIPLE,1,1,1,False,-1
7335,SINGLE,0,0,1,False,-1
7336,SINGLE,0,0,1,False,-1
7337,DOUBLE,0,1,1,False,-1
7338,DOUBLE,0,1,1,False,-1
7339,TRIPLE,1,1,1,False,-1
7340,TRIPLE,1,1,1,False,-1
7341,DOUBLE,0,1,1,False,-1
7342,TRIPLE,1,1,1,False,-1
7344,TRIPLE,1,1,1,False,-1
7345,TRIPLE,1,1,1,False,-1
7346,TRIPLE,1,1,1,False,-1
7347,DOUBLE,0,1,1,False,-1
7348,TRIPLE,1,1,1,False,-1
7349,SINGLE,0,0,1,False,-1
7350,TRIPLE,1,1,1,False,-1
7352,DOUBLE,0,1,1,False,-1
7353,TRIPLE,1,1,1,False,-1
7354,TRIPLE,1,1,1,False,-1
7355,DOUBLE,0,1,1,False,-1
7356,TRIPLE,1,1,1,False,-1
7357,DOUBLE,0,1,1,False,-1
7359,TRIPLE,1,1,1,False,-1
7360,TRIPLE,1,1,1,False,-1
7362,TRIPLE,1,1,1,False,-1
7363,TRIPLE,1,1,1,False,-1
7364,TRIPLE,1,1,1,False,-1
7365,TRIPLE,1,1,1,False,-1
7366,SINGLE,0,0,1,False,-1
7367,TRIPLE,1,1,1,False,-1
7368,DOUBLE,0,1,1,False,-1
7369,DOUBLE,0,1,1,False,-1
7370,DOUBLE,0,1,1,False,-1
7371,DOUBLE,0,1,1,False,-1
7373,TRIPLE,1,1,1,False,-1
7374,DOUBLE,0,1,1,False,-1
7375,DOUBLE,0,1,1,False,-1
7376,TRIPLE,1,1,1,False,-1
7377,SINGLE,0,0,1,False,-1
7378,SINGLE,0,0,1,False,-1
7379,DOUBLE,0,1,1,False,-1
7380,TRIPLE,1,1,1,False,-1
7381,TRIPLE,1,1,1,False,-1
7382,DOUBLE,0,1,1,False,-1
7383,TRIPLE,1,1,1,False,-1
7384,DOUBLE,0,1,1,False,-1
7385,TRIPLE,1,1,1,False,-1
7386,SINGLE,0,0,1,False,-1
7387,TRIPLE,1,1,1,False,-1
7388,TRIPLE,1,1,1,False,-1
7389,TRIPLE,1,1,1,False,-1
7390,TRIPLE,1,1,1,False,-1
7391,DOUBLE,0,1,1,False,-1
7392,TRIPLE,1,1,1,False,-1
7393,DOUBLE,0,1,1,False,-1
7394,SINGLE,0,0,1,False,-1
7395,DOUBLE,0,1,1,False,-1
7396,SINGLE,0,0,1,False,-1
7397,DOUBLE,0,1,1,False,-1
7398,DOUBLE,0,1,1,False,-1
7399,TRIPLE,1,1,1,False,-1
7400,TRIPLE,1,1,1,False,-1
7401,TRIPLE,1,1,1,False,-1
7402,TRIPLE,1,1,1,False,-1
7403,TRIPLE,1,1,1,False,-1
7404,TRIPLE,1,1,1,False,-1
7405,TRIPLE,1,1,1,False,-1
7406,TRIPLE,1,1,1,False,-1
7407,TRIPLE,1,1,1,False,-1
7408,TRIPLE,1,1,1,False,-1
7409,DOUBLE,0,1,1,False,-1
7410,TRIPLE,1,1,1,False,-1
7411,SINGLE,0,0,1,False,-1
7412,TRIPLE,1,1,1,False,-1
7413,TRIPLE,1,1,1,False,-1
7414,DOUBLE,0,1,1,False,-1
7415,DOUBLE,0,1,1,False,-1
7416,DOUBLE,0,1,1,False,-1
7417,TRIPLE,1,1,1,False,-1
7418,SINGLE,0,0,1,False,-1
7419,TRIPLE,1,1,1,False,-1
7420,TRIPLE,1,1,1,False,-1
7421,TRIPLE,1,1,1,False,-1
7422,TRIPLE,1,1,1,False,-1
7423,TRIPLE,1,1,1,False,-1
7424,SINGLE,0,0,1,False,-1
7426,TRIPLE,1,1,1,False,-1
7427,TRIPLE,1,1,1,False,-1
7428,TRIPLE,1,1,1,False,-1
7430,TRIPLE,1,1,1,False,-1
7431,TRIPLE,1,1,1,False,-1
7434,SINGLE,0,0,1,False,-1
7435,TRIPLE,1,1,1,False,-1
7436,TRIPLE,1,1,1,False,-1
7437,TRIPLE,1,1,1,False,-1
7438,SINGLE,0,0,1,False,-1
7439,TRIPLE,1,1,1,False,-1
7440,DOUBLE,0,1,1,False,-1
7441,TRIPLE,1,1,1,False,-1
7442,DOUBLE,0,1,1,False,-1
7444,TRIPLE,1,1,1,False,-1
7445,TRIPLE,1,1,1,False,-1
7446,TRIPLE,1,1,1,False,-1
7447,DOUBLE,0,1,1,False,-1
7448,DOUBLE,0,1,1,False,-1
7449,SINGLE,0,0,1,False,-1
7450,DOUBLE,0,1,1,False,-1
7451,DOUBLE,0,1,1,False,-1
7452,TRIPLE,1,1,1,False,-1
7453,SINGLE,0,0,1,False,-1
7454,TRIPLE,1,1,1,False,-1
7455,TRIPLE,1,1,1,False,-1
7456,TRIPLE,1,1,1,False,-1
7457,TRIPLE,1,1,1,False,-1
7458,TRIPLE,1,1,1,False,-1
7459,TRIPLE,1,1,1,False,-1
7460,DOUBLE,0,1,1,False,-1
7462,TRIPLE,1,1,1,False,-1
7464,TRIPLE,1,1,1,False,-1
7465,DOUBLE,0,1,1,False,-1
7466,TRIPLE,1,1,1,False,-1
7467,TRIPLE,1,1,1,False,-1
7468,TRIPLE,1,1,1,False,-1
7469,TRIPLE,1,1,1,False,-1
7470,DOUBLE,0,1,1,False,-1
7471,TRIPLE,1,1,1,False,-1
7472,DOUBLE,0,1,1,False,-1
7473,SINGLE,0,0,1,False,-1
7475,TRIPLE,1,1,1,False,-1
7476,TRIPLE,1,1,1,False,-1
7478,DOUBLE,0,1,1,False,-1
7479,TRIPLE,1,1,1,False,-1
7480,DOUBLE,0,1,1,False,-1
7481,SINGLE,0,0,1,False,-1
7482,TRIPLE,1,1,1,False,-1
7483,DOUBLE,0,1,1,False,-1
7484,DOUBLE,0,1,1,False,-1
7485,SINGLE,0,0,1,False,-1
7486,TRIPLE,1,1,1,False,-1
7487,TRIPLE,1,1,1,False,-1
7489,TRIPLE,1,1,1,False,-1
7490,DOUBLE,0,1,1,False,-1
7491,SINGLE,0,0,1,False,-1
7492,TRIPLE,1,1,1,False,-1
7493,SINGLE,0,0,1,False,-1
7494,DOUBLE,0,1,1,False,-1
7495,TRIPLE,1,1,1,False,-1
7496,TRIPLE,1,1,1,False,-1
7497,TRIPLE,1,1,1,False,-1
7498,TRIPLE,1,1,1,False,-1
7499,TRIPLE,1,1,1,False,-1
7500,DOUBLE,0,1,1,False,-1
7501,TRIPLE,1,1,1,False,-1
7502,TRIPLE,1,1,1,False,-1
7503,TRIPLE,1,1,1,False,-1
7504,TRIPLE,1,1,1,False,-1
7506,DOUBLE,0,1,1,False,-1
7507,DOUBLE,0,1,1,False,-1
7508,DOUBLE,0,1,1,False,-1
7509,DOUBLE,0,1,1,False,-1
7510,TRIPLE,1,1,1,False,-1
7511,TRIPLE,1,1,1,False,-1
7512,TRIPLE,1,1,1,False,-1
7513,DOUBLE,0,1,1,False,-1
7514,TRIPLE,1,1,1,False,-1
7515,TRIPLE,1,1,1,False,-1
7516,TRIPLE,1,1,1,False,-1
7517,TRIPLE,1,1,1,False,-1
7518,TRIPLE,1,1,1,False,-1
7519,TRIPLE,1,1,1,False,-1
7520,TRIPLE,1,1,1,False,-1
7521,TRIPLE,1,1,1,False,-1
7522,TRIPLE,1,1,1,False,-1
7523,SINGLE,0,0,1,False,-1
7524,TRIPLE,1,1,1,False,-1
7525,TRIPLE,1,1,1,False,-1
7526,TRIPLE,1,1,1,False,-1
7527,TRIPLE,1,1,1,False,-1
7528,TRIPLE,1,1,1,False,-1
7529,TRIPLE,1,1,1,False,-1
7530,TRIPLE,1,1,1,False,-1
7531,DOUBLE,0,1,1,False,-1
7532,SINGLE,0,0,1,False,-1
7533,TRIPLE,1,1,1,False,-1
7534,TRIPLE,1,1,1,False,-1
7535,TRIPLE,1,1,1,False,-1
7536,SINGLE,0,0,1,False,-1
7537,TRIPLE,1,1,1,False,-1
7538,DOUBLE,0,1,1,False,-1
7539,SINGLE,0,0,1,False,-1
7540,TRIPLE,1,1,1,False,-1
7541,DOUBLE,0,1,1,False,-1
7542,TRIPLE,1,1,1,False,-1
7543,DOUBLE,0,1,1,False,-1
7544,TRIPLE,1,1,1,False,-1
7545,SINGLE,0,0,1,False,-1
7546,TRIPLE,1,1,1,False,-1
7547,SINGLE,0,0,1,False,-1
7548,SINGLE,0,0,1,False,-1
7550,DOUBLE,0,1,1,False,-1
7551,TRIPLE,1,1,1,False,-1
7552,TRIPLE,1,1,1,False,-1
7553,DOUBLE,0,1,1,False,-1
7554,TRIPLE,1,1,1,False,-1
7555,SINGLE,0,0,1,False,-1
7556,TRIPLE,1,1,1,False,-1
7557,TRIPLE,1,1,1,False,-1
7558,SINGLE,0,0,1,False,-1
7559,DOUBLE,0,1,1,False,-1
7560,SINGLE,0,0,1,False,-1
7561,DOUBLE,0,1,1,False,-1
7562,TRIPLE,1,1,1,False,-1
7563,DOUBLE,0,1,1,False,-1
7564,TRIPLE,1,1,1,False,-1
7565,TRIPLE,1,1,1,False,-1
7566,TRIPLE,1,1,1,False,-1
7567,DOUBLE,0,1,1,False,-1
7568,TRIPLE,1,1,1,False,-1
7569,TRIPLE,1,1,1,False,-1
7570,TRIPLE,1,1,1,False,-1
7571,DOUBLE,0,1,1,False,-1
7572,DOUBLE,0,1,1,False,-1
7573,SINGLE,0,0,1,False,-1
7574,TRIPLE,1,1,1,False,-1
7575,DOUBLE,0,1,1,False,-1
7576,TRIPLE,1,1,1,False,-1
7577,TRIPLE,1,1,1,False,-1
7578,TRIPLE,1,1,1,False,-1
7581,SINGLE,0,0,1,False,-1
7582,TRIPLE,1,1,1,False,-1
7584,TRIPLE,1,1,1,False,-1
7585,TRIPLE,1,1,1,False,-1
7586,SINGLE,0,0,1,False,-1
7587,DOUBLE,0,1,1,False,-1
7588,DOUBLE,0,1,1,False,-1
7589,DOUBLE,0,1,1,False,-1
7590,DOUBLE,0,1,1,False,-1
7591,TRIPLE,1,1,1,False,-1
7592,DOUBLE,0,1,1,False,-1
7593,TRIPLE,1,1,1,False,-1
7594,DOUBLE,0,1,1,False,-1
7596,TRIPLE,1,1,1,False,-1
7597,TRIPLE,1,1,1,False,-1
7598,TRIPLE,1,1,1,False,-1
7599,TRIPLE,1,1,1,False,-1
7600,DOUBLE,0,1,1,False,-1
7601,TRIPLE,1,1,1,False,-1
7602,TRIPLE,1,1,1,False,-1
7603,DOUBLE,0,1,1,False,-1
7604,TRIPLE,1,1,1,False,-1
7605,DOUBLE,0,1,1,False,-1
7606,TRIPLE,1,1,1,False,-1
7607,TRIPLE,1,1,1,False,-1
7608,TRIPLE,1,1,1,False,-1
7609,DOUBLE,0,1,1,False,-1
7610,TRIPLE,1,1,1,False,-1
7611,DOUBLE,0,1,1,False,-1
7612,TRIPLE,1,1,1,False,-1
7613,SINGLE,0,0,1,False,-1
7614,TRIPLE,1,1,1,False,-1
7615,SINGLE,0,0,1,False,-1
7616,TRIPLE,1,1,1,False,-1
7617,SINGLE,0,0,1,False,-1
7618,SINGLE,0,0,1,False,-1
7619,TRIPLE,1,1,1,False,-1
7620,DOUBLE,0,1,1,False,-1
7621,SINGLE,0,0,1,False,-1
7622,DOUBLE,0,1,1,False,-1
7623,TRIPLE,1,1,1,False,-1
7624,SINGLE,0,0,1,False,-1
7625,DOUBLE,0,1,1,False,-1
7626,DOUBLE,0,1,1,False,-1
7627,TRIPLE,1,1,1,False,-1
7629,TRIPLE,1,1,1,False,-1
7630,TRIPLE,1,1,1,False,-1
7632,TRIPLE,1,1,1,False,-1
7633,DOUBLE,0,1,1,False,-1
7636,TRIPLE,1,1,1,False,-1
7638,DOUBLE,0,1,1,False,-1
7639,DOUBLE,0,1,1,False,-1
7640,TRIPLE,1,1,1,False,-1
7641,SINGLE,0,0,1,False,-1
7642,TRIPLE,1,1,1,False,-1
7643,SINGLE,0,0,1,False,-1
7645,TRIPLE,1,1,1,False,-1
7646,SINGLE,0,0,1,False,-1
7647,DOUBLE,0,1,1,False,-1
7648,TRIPLE,1,1,1,False,-1
7649,SINGLE,0,0,1,False,-1
7651,TRIPLE,1,1,1,False,-1
7653,DOUBLE,0,1,1,False,-1
7654,SINGLE,0,0,1,False,-1
7655,TRIPLE,1,1,1,False,-1
7656,TRIPLE,1,1,1,False,-1
7657,TRIPLE,1,1,1,False,-1
7658,TRIPLE,1,1,1,False,-1
7659,DOUBLE,0,1,1,False,-1
7660,SINGLE,0,0,1,False,-1
7661,TRIPLE,1,1,1,False,-1
7662,TRIPLE,1,1,1,False,-1
7663,DOUBLE,0,1,1,False,-1
7665,TRIPLE,1,1,1,False,-1
7667,TRIPLE,1,1,1,False,-1
7669,TRIPLE,1,1,1,False,-1
7670,TRIPLE,1,1,1,False,-1
7671,DOUBLE,0,1,1,False,-1
7672,TRIPLE,1,1,1,False,-1
7673,SINGLE,0,0,1,False,-1
7674,TRIPLE,1,1,1,False,-1
7676,DOUBLE,0,1,1,False,-1
7677,TRIPLE,1,1,1,False,-1
7678,SINGLE,0,0,1,False,-1
7679,TRIPLE,1,1,1,False,-1
7680,DOUBLE,0,1,1,False,-1
7682,TRIPLE,1,1,1,False,-1
7683,TRIPLE,1,1,1,False,-1
7684,TRIPLE,1,1,1,False,-1
7685,DOUBLE,0,1,1,False,-1
7686,TRIPLE,1,1,1,False,-1
7687,DOUBLE,0,1,1,False,-1
7688,DOUBLE,0,1,1,False,-1
7689,TRIPLE,1,1,1,False,-1
7690,TRIPLE,1,1,1,False,-1
7691,TRIPLE,1,1,1,False,-1
7692,DOUBLE,0,1,1,False,-1
7693,DOUBLE,0,1,1,False,-1
7694,TRIPLE,1,1,1,False,-1
7695,TRIPLE,1,1,1,False,-1
7697,TRIPLE,1,1,1,False,-1
7698,TRIPLE,1,1,1,False,-1
7699,TRIPLE,1,1,1,False,-1
7700,TRIPLE,1,1,1,False,-1
7701,DOUBLE,0,1,1,False,-1
7702,SINGLE,0,0,1,False,-1
7703,TRIPLE,1,1,1,False,-1
7704,SINGLE,0,0,1,False,-1
7705,DOUBLE,0,1,1,False,-1
7706,TRIPLE,1,1,1,False,-1
7707,DOUBLE,0,1,1,False,-1
7709,TRIPLE,1,1,1,False,-1
7710,TRIPLE,1,1,1,False,-1
7711,DOUBLE,0,1,1,False,-1
7712,DOUBLE,0,1,1,False,-1
7713,TRIPLE,1,1,1,False,-1
7714,TRIPLE,1,1,1,False,-1
7715,DOUBLE,0,1,1,False,-1
7716,SINGLE,0,0,1,False,-1
7717,TRIPLE,1,1,1,False,-1
7718,DOUBLE,0,1,1,False,-1
7720,TRIPLE,1,1,1,False,-1
7721,TRIPLE,1,1,1,False,-1
7722,SINGLE,0,0,1,False,-1
7723,TRIPLE,1,1,1,False,-1
7725,TRIPLE,1,1,1,False,-1
7726,TRIPLE,1,1,1,False,-1
7727,DOUBLE,0,1,1,False,-1
7728,TRIPLE,1,1,1,False,-1
7729,SINGLE,0,0,1,False,-1
7730,TRIPLE,1,1,1,False,-1
7731,TRIPLE,1,1,1,False,-1
7732,DOUBLE,0,1,1,False,-1
7733,TRIPLE,1,1,1,False,-1
7735,DOUBLE,0,1,1,False,-1
7736,SINGLE,0,0,1,False,-1
7737,TRIPLE,1,1,1,False,-1
7738,SINGLE,0,0,1,False,-1
7739,TRIPLE,1,1,1,False,-1
7740,DOUBLE,0,1,1,False,-1
7741,DOUBLE,0,1,1,False,-1
7742,DOUBLE,0,1,1,False,-1
7743,TRIPLE,1,1,1,False,-1
7744,DOUBLE,0,1,1,False,-1
7745,DOUBLE,0,1,1,False,-1
7747,TRIPLE,1,1,1,False,-1
7748,SINGLE,0,0,1,False,-1
7749,TRIPLE,1,1,1,False,-1
7750,DOUBLE,0,1,1,False,-1
7751,TRIPLE,1,1,1,False,-1
7752,DOUBLE,0,1,1,False,-1
7753,TRIPLE,1,1,1,False,-1
7754,TRIPLE,1,1,1,False,-1
7755,SINGLE,0,0,1,False,-1
7756,TRIPLE,1,1,1,False,-1
7757,TRIPLE,1,1,1,False,-1
7758,TRIPLE,1,1,1,False,-1
7759,TRIPLE,1,1,1,False,-1
7760,TRIPLE,1,1,1,False,-1
7761,TRIPLE,1,1,1,False,-1
7762,TRIPLE,1,1,1,False,-1
7763,TRIPLE,1,1,1,False,-1
7764,TRIPLE,1,1,1,False,-1
7765,SINGLE,0,0,1,False,-1
7766,TRIPLE,1,1,1,False,-1
7767,TRIPLE,1,1,1,False,-1
7768,TRIPLE,1,1,1,False,-1
7769,DOUBLE,0,1,1,False,-1
7770,SINGLE,0,0,1,False,-1
7771,TRIPLE,1,1,1,False,-1
7772,DOUBLE,0,1,1,False,-1
7773,TRIPLE,1,1,1,False,-1
7774,TRIPLE,1,1,1,False,-1
7775,TRIPLE,1,1,1,False,-1
7777,TRIPLE,1,1,1,False,-1
7778,DOUBLE,0,1,1,False,-1
7779,TRIPLE,1,1,1,False,-1
7780,TRIPLE,1,1,1,False,-1
7781,TRIPLE,1,1,1,False,-1
7782,TRIPLE,1,1,1,False,-1
7783,TRIPLE,1,1,1,False,-1
7784,SINGLE,0,0,1,False,-1
7785,TRIPLE,1,1,1,False,-1
7786,SINGLE,0,0,1,False,-1
7787,DOUBLE,0,1,1,False,-1
7788,DOUBLE,0,1,1,False,-1
7789,TRIPLE,1,1,1,False,-1
7790,DOUBLE,0,1,1,False,-1
7791,DOUBLE,0,1,1,False,-1
7792,DOUBLE,0,1,1,False,-1
7793,TRIPLE,1,1,1,False,-1
7794,TRIPLE,1,1,1,False,-1
7795,SINGLE,0,0,1,False,-1
7796,DOUBLE,0,1,1,False,-1
7797,TRIPLE,1,1,1,False,-1
7799,TRIPLE,1,1,1,False,-1
7800,TRIPLE,1,1,1,False,-1
7801,DOUBLE,0,1,1,False,-1
7802,TRIPLE,1,1,1,False,-1
7803,TRIPLE,1,1,1,False,-1
7804,DOUBLE,0,1,1,False,-1
7805,SINGLE,0,0,1,False,-1
7806,DOUBLE,0,1,1,False,-1
7808,TRIPLE,1,1,1,False,-1
7809,DOUBLE,0,1,1,False,-1
7810,TRIPLE,1,1,1,False,-1
7811,TRIPLE,1,1,1,False,-1
7813,SINGLE,0,0,1,False,-1
7814,TRIPLE,1,1,1,False,-1
7815,DOUBLE,0,1,1,False,-1
7816,TRIPLE,1,1,1,False,-1
7817,DOUBLE,0,1,1,False,-1
7818,TRIPLE,1,1,1,False,-1
7819,TRIPLE,1,1,1,False,-1
7820,SINGLE,0,0,1,False,-1
7821,TRIPLE,1,1,1,False,-1
7822,DOUBLE,0,1,1,False,-1
7823,TRIPLE,1,1,1,False,-1
7824,DOUBLE,0,1,1,False,-1
7825,DOUBLE,0,1,1,False,-1
7826,TRIPLE,1,1,1,False,-1
7827,TRIPLE,1,1,1,False,-1
7828,TRIPLE,1,1,1,False,-1
7830,TRIPLE,1,1,1,False,-1
7831,SINGLE,0,0,1,False,-1
7832,TRIPLE,1,1,1,False,-1
7833,TRIPLE,1,1,1,False,-1
7834,DOUBLE,0,1,1,False,-1
7835,TRIPLE,1,1,1,False,-1
7836,TRIPLE,1,1,1,False,-1
7837,TRIPLE,1,1,1,False,-1
7838,TRIPLE,1,1,1,False,-1
7839,DOUBLE,0,1,1,False,-1
7841,DOUBLE,0,1,1,False,-1
7842,DOUBLE,0,1,1,False,-1
7843,SINGLE,0,0,1,False,-1
7844,DOUBLE,0,1,1,False,-1
7845,TRIPLE,1,1,1,False,-1
7846,TRIPLE,1,1,1,False,-1
7848,DOUBLE,0,1,1,False,-1
7849,DOUBLE,0,1,1,False,-1
7850,TRIPLE,1,1,1,False,-1
7851,DOUBLE,0,1,1,False,-1
7852,TRIPLE,1,1,1,False,-1
7853,DOUBLE,0,1,1,False,-1
7854,TRIPLE,1,1,1,False,-1
7855,TRIPLE,1,1,1,False,-1
7856,DOUBLE,0,1,1,False,-1
7858,TRIPLE,1,1,1,False,-1
7859,TRIPLE,1,1,1,False,-1
7860,TRIPLE,1,1,1,False,-1
7861,TRIPLE,1,1,1,False,-1
7862,TRIPLE,1,1,1,False,-1
7863,DOUBLE,0,1,1,False,-1
7864,TRIPLE,1,1,1,False,-1
7865,TRIPLE,1,1,1,False,-1
7867,DOUBLE,0,1,1,False,-1
7868,SINGLE,0,0,1,False,-1
7869,DOUBLE,0,1,1,False,-1
7871,SINGLE,0,0,1,False,-1
7872,TRIPLE,1,1,1,False,-1
7873,TRIPLE,1,1,1,False,-1
7874,TRIPLE,1,1,1,False,-1
7875,SINGLE,0,0,1,False,-1
7876,SINGLE,0,0,1,False,-1
7877,TRIPLE,1,1,1,False,-1
7878,TRIPLE,1,1,1,False,-1
7879,SINGLE,0,0,1,False,-1
7880,DOUBLE,0,1,1,False,-1
7881,DOUBLE,0,1,1,False,-1
7882,TRIPLE,1,1,1,False,-1
7883,DOUBLE,0,1,1,False,-1
7884,TRIPLE,1,1,1,False,-1
7885,TRIPLE,1,1,1,False,-1
7886,SINGLE,0,0,1,False,-1
7887,TRIPLE,1,1,1,False,-1
7888,SINGLE,0,0,1,False,-1
7890,TRIPLE,1,1,1,False,-1
7891,SINGLE,0,0,1,False,-1
7893,TRIPLE,1,1,1,False,-1
7894,TRIPLE,1,1,1,False,-1
7895,TRIPLE,1,1,1,False,-1
7896,TRIPLE,1,1,1,False,-1
7897,TRIPLE,1,1,1,False,-1
7898,TRIPLE,1,1,1,False,-1
7899,TRIPLE,1,1,1,False,-1
7900,TRIPLE,1,1,1,False,-1
7901,TRIPLE,1,1,1,False,-1
7902,TRIPLE,1,1,1,False,-1
7903,SINGLE,0,0,1,False,-1
7904,TRIPLE,1,1,1,False,-1
7905,SINGLE,0,0,1,False,-1
7906,TRIPLE,1,1,1,False,-1
7907,TRIPLE,1,1,1,False,-1
7908,DOUBLE,0,1,1,False,-1
7909,TRIPLE,1,1,1,False,-1
7910,TRIPLE,1,1,1,False,-1
7911,TRIPLE,1,1,1,False,-1
7912,TRIPLE,1,1,1,False,-1
7913,TRIPLE,1,1,1,False,-1
7914,SINGLE,0,0,1,False,-1
7915,DOUBLE,0,1,1,False,-1
7917,SINGLE,0,0,1,False,-1
7918,DOUBLE,0,1,1,False,-1
7919,DOUBLE,0,1,1,False,-1
7920,TRIPLE,1,1,1,False,-1
7921,TRIPLE,1,1,1,False,-1
7922,TRIPLE,1,1,1,False,-1
7923,TRIPLE,1,1,1,False,-1
7924,TRIPLE,1,1,1,False,-1
7925,TRIPLE,1,1,1,False,-1
7926,TRIPLE,1,1,1,False,-1
7927,TRIPLE,1,1,1,False,-1
7929,DOUBLE,0,1,1,False,-1
7930,DOUBLE,0,1,1,False,-1
7931,DOUBLE,0,1,1,False,-1
7932,SINGLE,0,1,0,False,-1
7933,TRIPLE,1,1,1,False,-1
7934,TRIPLE,1,1,1,False,-1
7935,TRIPLE,1,1,1,False,-1
7936,TRIPLE,1,1,1,False,-1
7937,DOUBLE,0,1,1,False,-1
7938,TRIPLE,1,1,1,False,-1
7939,SINGLE,0,0,1,False,-1
7940,TRIPLE,1,1,1,False,-1
7942,SINGLE,0,0,1,False,-1
7943,DOUBLE,0,1,1,False,-1
7944,TRIPLE,1,1,1,False,-1
7945,TRIPLE,1,1,1,False,-1
7946,TRIPLE,1,1,1,False,-1
7947,DOUBLE,0,1,1,False,-1
7948,DOUBLE,0,1,1,False,-1
7949,DOUBLE,0,1,1,False,-1
7950,TRIPLE,1,1,1,False,-1
7951,SINGLE,0,0,1,False,-1
7952,SINGLE,0,0,1,False,-1
7953,DOUBLE,0,1,1,False,-1
7954,TRIPLE,1,1,1,False,-1
7955,TRIPLE,1,1,1,False,-1
7956,DOUBLE,0,1,1,False,-1
7957,DOUBLE,0,1,1,False,-1
7958,SINGLE,0,0,1,False,-1
7959,DOUBLE,0,1,1,False,-1
7961,TRIPLE,1,1,1,False,-1
7962,TRIPLE,1,1,1,False,-1
7963,SINGLE,0,0,1,False,-1
7964,TRIPLE,1,1,1,False,-1
7965,SINGLE,0,0,1,False,-1
7966,TRIPLE,1,1,1,False,-1
7967,TRIPLE,1,1,1,False,-1
7968,TRIPLE,1,1,1,False,-1
7970,TRIPLE,1,1,1,False,-1
7971,DOUBLE,0,1,1,False,-1
7972,SINGLE,0,0,1,False,-1
7973,TRIPLE,1,1,1,False,-1
7974,TRIPLE,1,1,1,False,-1
7976,TRIPLE,1,1,1,False,-1
7977,DOUBLE,0,1,1,False,-1
7979,TRIPLE,1,1,1,False,-1
7980,SINGLE,0,0,1,False,-1
7981,TRIPLE,1,1,1,False,-1
7982,TRIPLE,1,1,1,False,-1
7983,SINGLE,0,0,1,False,-1
7984,TRIPLE,1,1,1,False,-1
7985,DOUBLE,0,1,1,False,-1
7986,TRIPLE,1,1,1,False,-1
7987,DOUBLE,0,1,1,False,-1
7988,DOUBLE,0,1,1,False,-1
7989,DOUBLE,0,1,1,False,-1
7990,TRIPLE,1,1,1,False,-1
7992,TRIPLE,1,1,1,False,-1
7993,DOUBLE,0,1,1,False,-1
7994,DOUBLE,0,1,1,False,-1
7995,DOUBLE,0,1,1,False,-1
7996,SINGLE,0,0,1,False,-1
7997,DOUBLE,0,1,1,False,-1
7998,SINGLE,0,0,1,False,-1
7999,TRIPLE,1,1,1,False,-1
8000,TRIPLE,1,1,1,False,-1
8001,DOUBLE,0,1,1,False,-1
8002,TRIPLE,1,1,1,False,-1
8003,TRIPLE,1,1,1,False,-1
8004,TRIPLE,1,1,1,False,-1
8005,TRIPLE,1,1,1,False,-1
8006,TRIPLE,1,1,1,False,-1
8007,DOUBLE,0,1,1,False,-1
8008,DOUBLE,0,1,1,False,-1
8009,TRIPLE,1,1,1,False,-1
8010,TRIPLE,1,1,1,False,-1
8011,DOUBLE,0,1,1,False,-1
8013,SINGLE,0,0,1,False,-1
8014,DOUBLE,0,1,1,False,-1
8015,DOUBLE,0,1,1,False,-1
8017,SINGLE,0,0,1,False,-1
8018,SINGLE,0,0,1,False,-1
8019,DOUBLE,0,1,1,False,-1
8020,SINGLE,0,0,1,False,-1
8021,TRIPLE,1,1,1,False,-1
8023,DOUBLE,0,1,1,False,-1
8024,DOUBLE,0,1,1,False,-1
8025,TRIPLE,1,1,1,False,-1
8026,TRIPLE,1,1,1,False,-1
8027,TRIPLE,1,1,1,False,-1
8028,SINGLE,0,0,1,False,-1
8029,DOUBLE,0,1,1,False,-1
8030,SINGLE,0,0,1,False,-1
8032,TRIPLE,1,1,1,False,-1
8033,TRIPLE,1,1,1,False,-1
8034,SINGLE,0,0,1,False,-1
8035,TRIPLE,1,1,1,False,-1
8036,TRIPLE,1,1,1,False,-1
8037,TRIPLE,1,1,1,False,-1
8038,SINGLE,0,0,1,False,-1
8039,TRIPLE,1,1,1,False,-1
8041,TRIPLE,1,1,1,False,-1
8042,SINGLE,0,0,1,False,-1
8043,SINGLE,0,0,1,False,-1
8044,DOUBLE,0,1,1,False,-1
8045,DOUBLE,0,1,1,False,-1
8046,SINGLE,0,0,1,False,-1
8047,TRIPLE,1,1,1,False,-1
8048,DOUBLE,0,1,1,False,-1
8049,DOUBLE,0,1,1,False,-1
8050,DOUBLE,0,1,1,False,-1
8051,TRIPLE,1,1,1,False,-1
8053,TRIPLE,1,1,1,False,-1
8054,DOUBLE,0,1,1,False,-1
8055,TRIPLE,1,1,1,False,-1
8056,TRIPLE,1,1,1,False,-1
8058,DOUBLE,0,1,1,False,-1
8059,DOUBLE,0,1,1,False,-1
8060,TRIPLE,1,1,1,False,-1
8061,TRIPLE,1,1,1,False,-1
8062,TRIPLE,1,1,1,False,-1
8063,TRIPLE,1,1,1,False,-1
8064,TRIPLE,1,1,1,False,-1
8065,TRIPLE,1,1,1,False,-1
8066,TRIPLE,1,1,1,False,-1
8068,SINGLE,0,0,1,False,-1
8069,TRIPLE,1,1,1,False,-1
8070,DOUBLE,0,1,1,False,-1
8071,TRIPLE,1,1,1,False,-1
8072,TRIPLE,1,1,1,False,-1
8073,SINGLE,0,0,1,False,-1
8074,SINGLE,0,0,1,False,-1
8075,TRIPLE,1,1,1,False,-1
8076,DOUBLE,0,1,1,False,-1
8077,DOUBLE,0,1,1,False,-1
8078,TRIPLE,1,1,1,False,-1
8079,DOUBLE,0,1,1,False,-1
8080,DOUBLE,0,1,1,False,-1
8081,SINGLE,0,0,1,False,-1
8082,TRIPLE,1,1,1,False,-1
8083,DOUBLE,0,1,1,False,-1
8084,SINGLE,0,0,1,False,-1
8085,TRIPLE,1,1,1,False,-1
8086,TRIPLE,1,1,1,False,-1
8087,TRIPLE,1,1,1,False,-1
8088,TRIPLE,1,1,1,False,-1
8089,TRIPLE,1,1,1,False,-1
8091,TRIPLE,1,1,1,False,-1
8092,TRIPLE,1,1,1,False,-1
8093,TRIPLE,1,1,1,False,-1
8094,DOUBLE,0,1,1,False,-1
8095,TRIPLE,1,1,1,False,-1
8096,TRIPLE,1,1,1,False,-1
8097,TRIPLE,1,1,1,False,-1
8098,DOUBLE,0,1,1,False,-1
8099,DOUBLE,0,1,1,False,-1
8100,DOUBLE,0,1,1,False,-1
8101,DOUBLE,0,1,1,False,-1
8103,SINGLE,0,0,1,False,-1
8104,SINGLE,0,0,1,False,-1
8105,TRIPLE,1,1,1,False,-1
8106,TRIPLE,1,1,1,False,-1
8107,DOUBLE,0,1,1,False,-1
8108,TRIPLE,1,1,1,False,-1
8109,TRIPLE,1,1,1,False,-1
8110,TRIPLE,1,1,1,False,-1
8111,DOUBLE,0,1,1,False,-1
8112,DOUBLE,0,1,1,False,-1
8113,SINGLE,0,0,1,False,-1
8114,TRIPLE,1,1,1,False,-1
8116,DOUBLE,0,1,1,False,-1
8117,TRIPLE,1,1,1,False,-1
8118,TRIPLE,1,1,1,False,-1
8119,TRIPLE,1,1,1,False,-1
8120,DOUBLE,0,1,1,False,-1
8121,TRIPLE,1,1,1,False,-1
8122,DOUBLE,0,1,1,False,-1
8123,DOUBLE,0,1,1,False,-1
8124,TRIPLE,1,1,1,False,-1
8125,TRIPLE,1,1,1,False,-1
8126,TRIPLE,1,1,1,False,-1
8127,DOUBLE,0,1,1,False,-1
8128,TRIPLE,1,1,1,False,-1
8129,SINGLE,0,0,1,False,-1
8130,TRIPLE,1,1,1,False,-1
8131,TRIPLE,1,1,1,False,-1
8132,TRIPLE,1,1,1,False,-1
8133,SINGLE,0,0,1,False,-1
8134,SINGLE,0,0,1,False,-1
8135,DOUBLE,0,1,1,False,-1
8136,DOUBLE,0,1,1,False,-1
8137,TRIPLE,1,1,1,False,-1
8138,TRIPLE,1,1,1,False,-1
8139,TRIPLE,1,1,1,False,-1
8140,DOUBLE,0,1,1,False,-1
8141,TRIPLE,1,1,1,False,-1
8142,DOUBLE,0,1,1,False,-1
8143,TRIPLE,1,1,1,False,-1
8144,TRIPLE,1,1,1,False,-1
8145,DOUBLE,0,1,1,False,-1
8146,TRIPLE,1,1,1,False,-1
8147,DOUBLE,0,1,1,False,-1
8148,DOUBLE,0,1,1,False,-1
8149,DOUBLE,0,1,1,False,-1
8150,DOUBLE,0,1,1,False,-1
8151,SINGLE,0,0,1,False,-1
8152,TRIPLE,1,1,1,False,-1
8153,TRIPLE,1,1,1,False,-1
8155,TRIPLE,1,1,1,False,-1
8156,TRIPLE,1,1,1,False,-1
8157,DOUBLE,0,1,1,False,-1
8158,SINGLE,0,0,1,False,-1
8159,TRIPLE,1,1,1,False,-1
8160,DOUBLE,0,1,1,False,-1
8161,TRIPLE,1,1,1,False,-1
8163,TRIPLE,1,1,1,False,-1
8164,TRIPLE,1,1,1,False,-1
8165,TRIPLE,1,1,1,False,-1
8166,DOUBLE,0,1,1,False,-1
8167,TRIPLE,1,1,1,False,-1
8168,DOUBLE,0,1,1,False,-1
8169,TRIPLE,1,1,1,False,-1
8170,TRIPLE,1,1,1,False,-1
8172,TRIPLE,1,1,1,False,-1
8173,TRIPLE,1,1,1,False,-1
8174,TRIPLE,1,1,1,False,-1
8175,TRIPLE,1,1,1,False,-1
8176,TRIPLE,1,1,1,False,-1
8177,TRIPLE,1,1,1,False,-1
8178,TRIPLE,1,1,1,False,-1
8179,SINGLE,0,0,1,False,-1
8180,DOUBLE,0,1,1,False,-1
8181,TRIPLE,1,1,1,False,-1
8182,TRIPLE,1,1,1,False,-1
8183,TRIPLE,1,1,1,False,-1
8184,DOUBLE,0,1,1,False,-1
8185,TRIPLE,1,1,1,False,-1
8186,TRIPLE,1,1,1,False,-1
8187,TRIPLE,1,1,1,False,-1
8188,DOUBLE,0,1,1,False,-1
8189,SINGLE,0,0,1,False,-1
8190,TRIPLE,1,1,1,False,-1
8191,TRIPLE,1,1,1,False,-1
8192,TRIPLE,1,1,1,False,-1
8193,DOUBLE,0,1,1,False,-1
8194,TRIPLE,1,1,1,False,-1
8195,TRIPLE,1,1,1,False,-1
8196,DOUBLE,0,1,1,False,-1
8197,SINGLE,0,0,1,False,-1
8198,DOUBLE,0,1,1,False,-1
8199,DOUBLE,0,1,1,False,-1
8200,SINGLE,0,0,1,False,-1
8201,SINGLE,0,0,1,False,-1
8202,TRIPLE,1,1,1,False,-1
8203,TRIPLE,1,1,1,False,-1
8204,TRIPLE,1,1,1,False,-1
8205,TRIPLE,1,1,1,False,-1
8206,TRIPLE,1,1,1,False,-1
8207,TRIPLE,1,1,1,False,-1
8208,TRIPLE,1,1,1,False,-1
8209,TRIPLE,1,1,1,False,-1
8210,TRIPLE,1,1,1,False,-1
8211,TRIPLE,1,1,1,False,-1
8212,TRIPLE,1,1,1,False,-1
8213,TRIPLE,1,1,1,False,-1
8214,DOUBLE,0,1,1,False,-1
8215,DOUBLE,0,1,1,False,-1
8216,TRIPLE,1,1,1,False,-1
8217,DOUBLE,0,1,1,False,-1
8218,TRIPLE,1,1,1,False,-1
8219,TRIPLE,1,1,1,False,-1
8220,TRIPLE,1,1,1,False,-1
8221,TRIPLE,1,1,1,False,-1
8223,SINGLE,0,0,1,False,-1
8224,SINGLE,0,0,1,False,-1
8225,SINGLE,0,0,1,False,-1
8226,DOUBLE,0,1,1,False,-1
8227,DOUBLE,0,1,1,False,-1
8228,SINGLE,0,0,1,False,-1
8229,TRIPLE,1,1,1,False,-1
8230,TRIPLE,1,1,1,False,-1
8231,DOUBLE,0,1,1,False,-1
8232,TRIPLE,1,1,1,False,-1
8233,TRIPLE,1,1,1,False,-1
8234,TRIPLE,1,1,1,False,-1
8235,TRIPLE,1,1,1,False,-1
8236,SINGLE,0,0,1,False,-1
8237,TRIPLE,1,1,1,False,-1
8238,DOUBLE,0,1,1,False,-1
8239,TRIPLE,1,1,1,False,-1
8240,TRIPLE,1,1,1,False,-1
8241,TRIPLE,1,1,1,False,-1
8242,TRIPLE,1,1,1,False,-1
8243,TRIPLE,1,1,1,False,-1
8244,SINGLE,0,0,1,False,-1
8245,TRIPLE,1,1,1,False,-1
8249,TRIPLE,1,1,1,False,-1
8250,DOUBLE,0,1,1,False,-1
8251,TRIPLE,1,1,1,False,-1
8252,TRIPLE,1,1,1,False,-1
8253,DOUBLE,0,1,1,False,-1
8254,TRIPLE,1,1,1,False,-1
8255,TRIPLE,1,1,1,False,-1
8256,TRIPLE,1,1,1,False,-1
8257,DOUBLE,0,1,1,False,-1
8258,TRIPLE,1,1,1,False,-1
8259,DOUBLE,0,1,1,False,-1
8260,TRIPLE,1,1,1,False,-1
8261,TRIPLE,1,1,1,False,-1
8262,TRIPLE,1,1,1,False,-1
8263,DOUBLE,0,1,1,False,-1
8264,TRIPLE,1,1,1,False,-1
8265,TRIPLE,1,1,1,False,-1
8266,TRIPLE,1,1,1,False,-1
8267,SINGLE,0,0,1,False,-1
8268,TRIPLE,1,1,1,False,-1
8269,TRIPLE,1,1,1,False,-1
8270,SINGLE,0,0,1,False,-1
8271,DOUBLE,0,1,1,False,-1
8272,DOUBLE,0,1,1,False,-1
8273,DOUBLE,0,1,1,False,-1
8274,TRIPLE,1,1,1,False,-1
8276,DOUBLE,0,1,1,False,-1
8277,DOUBLE,0,1,1,False,-1
8278,DOUBLE,0,1,1,False,-1
8279,SINGLE,0,0,1,False,-1
8280,DOUBLE,0,1,1,False,-1
8281,SINGLE,0,0,1,False,-1
8282,DOUBLE,0,1,1,False,-1
8283,TRIPLE,1,1,1,False,-1
8284,SINGLE,0,0,1,False,-1
8286,DOUBLE,0,1,1,False,-1
8287,SINGLE,0,0,1,False,-1
8288,DOUBLE,0,1,1,False,-1
8290,TRIPLE,1,1,1,False,-1
8291,TRIPLE,1,1,1,False,-1
8292,TRIPLE,1,1,1,False,-1
8294,TRIPLE,1,1,1,False,-1
8295,TRIPLE,1,1,1,False,-1
8296,TRIPLE,1,1,1,False,-1
8297,TRIPLE,1,1,1,False,-1
8298,TRIPLE,1,1,1,False,-1
8299,TRIPLE,1,1,1,False,-1
8300,TRIPLE,1,1,1,False,-1
8301,SINGLE,0,0,1,False,-1
8303,TRIPLE,1,1,1,False,-1
8304,TRIPLE,1,1,1,False,-1
8305,TRIPLE,1,1,1,False,-1
8306,TRIPLE,1,1,1,False,-1
8307,TRIPLE,1,1,1,False,-1
8308,TRIPLE,1,1,1,False,-1
8309,TRIPLE,1,1,1,False,-1
8310,TRIPLE,1,1,1,False,-1
8311,SINGLE,0,0,1,False,-1
8312,TRIPLE,1,1,1,False,-1
8313,DOUBLE,0,1,1,False,-1
8314,TRIPLE,1,1,1,False,-1
8315,TRIPLE,1,1,1,False,-1
8316,TRIPLE,1,1,1,False,-1
8317,DOUBLE,0,1,1,False,-1
8318,TRIPLE,1,1,1,False,-1
8319,TRIPLE,1,1,1,False,-1
8320,TRIPLE,1,1,1,False,-1
8321,DOUBLE,0,1,1,False,-1
8322,TRIPLE,1,1,1,False,-1
8323,TRIPLE,1,1,1,False,-1
8324,DOUBLE,0,1,1,False,-1
8325,TRIPLE,1,1,1,False,-1
8326,SINGLE,0,0,1,False,-1
8327,TRIPLE,1,1,1,False,-1
8328,TRIPLE,1,1,1,False,-1
8329,TRIPLE,1,1,1,False,-1
8330,TRIPLE,1,1,1,False,-1
8331,TRIPLE,1,1,1,False,-1
8332,SINGLE,0,0,1,False,-1
8333,DOUBLE,0,1,1,False,-1
8334,TRIPLE,1,1,1,False,-1
8335,DOUBLE,0,1,1,False,-1
8337,TRIPLE,1,1,1,False,-1
8338,DOUBLE,0,1,1,False,-1
8339,DOUBLE,0,1,1,False,-1
8340,SINGLE,0,0,1,False,-1
8341,SINGLE,0,0,1,False,-1
8342,TRIPLE,1,1,1,False,-1
8343,DOUBLE,0,1,1,False,-1
8344,SINGLE,0,0,1,False,-1
8345,TRIPLE,1,1,1,False,-1
8346,DOUBLE,0,1,1,False,-1
8347,DOUBLE,0,1,1,False,-1
8348,TRIPLE,1,1,1,False,-1
8349,TRIPLE,1,1,1,False,-1
8350,TRIPLE,1,1,1,False,-1
8351,TRIPLE,1,1,1,False,-1
8352,TRIPLE,1,1,1,False,-1
8354,TRIPLE,1,1,1,False,-1
8355,SINGLE,0,0,1,False,-1
8356,TRIPLE,1,1,1,False,-1
8358,SINGLE,0,0,1,False,-1
8359,DOUBLE,0,1,1,False,-1
8361,TRIPLE,1,1,1,False,-1
8362,TRIPLE,1,1,1,False,-1
8363,TRIPLE,1,1,1,False,-1
8364,DOUBLE,0,1,1,False,-1
8365,SINGLE,0,0,1,False,-1
8367,TRIPLE,1,1,1,False,-1
8368,DOUBLE,0,1,1,False,-1
8369,SINGLE,0,0,1,False,-1
8370,TRIPLE,1,1,1,False,-1
8371,DOUBLE,0,1,1,False,-1
8372,DOUBLE,0,1,1,False,-1
8373,TRIPLE,1,1,1,False,-1
8374,DOUBLE,0,1,1,False,-1
8375,TRIPLE,1,1,1,False,-1
8376,DOUBLE,0,1,1,False,-1
8378,TRIPLE,1,1,1,False,-1
8379,TRIPLE,1,1,1,False,-1
8380,DOUBLE,0,1,1,False,-1
8381,TRIPLE,1,1,1,False,-1
8382,DOUBLE,0,1,1,False,-1
8383,DOUBLE,0,1,1,False,-1
8384,SINGLE,0,0,1,False,-1
8385,DOUBLE,0,1,1,False,-1
8386,DOUBLE,0,1,1,False,-1
8387,DOUBLE,0,1,1,False,-1
8388,DOUBLE,0,1,1,False,-1
8389,TRIPLE,1,1,1,False,-1
8390,SINGLE,0,0,1,False,-1
8391,DOUBLE,0,1,1,False,-1
8392,DOUBLE,0,1,1,False,-1
8393,DOUBLE,0,1,1,False,-1
8394,DOUBLE,0,1,1,False,-1
8395,SINGLE,0,0,1,False,-1
8396,TRIPLE,1,1,1,False,-1
8397,TRIPLE,1,1,1,False,-1
8399,TRIPLE,1,1,1,False,-1
8400,DOUBLE,0,1,1,False,-1
8401,TRIPLE,1,1,1,False,-1
8402,TRIPLE,1,1,1,False,-1
8403,DOUBLE,0,1,1,False,-1
8405,TRIPLE,1,1,1,False,-1
8406,TRIPLE,1,1,1,False,-1
8407,DOUBLE,0,1,1,False,-1
8408,DOUBLE,0,1,1,False,-1
8409,TRIPLE,1,1,1,False,-1
8410,TRIPLE,1,1,1,False,-1
8412,TRIPLE,1,1,1,False,-1
8413,SINGLE,0,0,1,False,-1
8416,TRIPLE,1,1,1,False,-1
8417,DOUBLE,0,1,1,False,-1
8418,SINGLE,0,0,1,False,-1
8419,TRIPLE,1,1,1,False,-1
8421,TRIPLE,1,1,1,False,-1
8422,SINGLE,0,0,1,False,-1
8423,TRIPLE,1,1,1,False,-1
8424,DOUBLE,0,1,1,False,-1
8425,TRIPLE,1,1,1,False,-1
8426,SINGLE,0,0,1,False,-1
8427,DOUBLE,0,1,1,False,-1
8428,TRIPLE,1,1,1,False,-1
8429,TRIPLE,1,1,1,False,-1
8430,DOUBLE,0,1,1,False,-1
8432,TRIPLE,1,1,1,False,-1
8433,DOUBLE,0,1,1,False,-1
8434,TRIPLE,1,1,1,False,-1
8435,DOUBLE,0,1,1,False,-1
8437,SINGLE,0,0,1,False,-1
8438,TRIPLE,1,1,1,False,-1
8439,TRIPLE,1,1,1,False,-1
8441,TRIPLE,1,1,1,False,-1
8443,TRIPLE,1,1,1,False,-1
8444,TRIPLE,1,1,1,False,-1
8445,DOUBLE,0,1,1,False,-1
8446,DOUBLE,0,1,1,False,-1
8447,TRIPLE,1,1,1,False,-1
8448,TRIPLE,1,1,1,False,-1
8449,TRIPLE,1,1,1,False,-1
8450,SINGLE,0,0,1,False,-1
8452,DOUBLE,0,1,1,False,-1
8453,DOUBLE,0,1,1,False,-1
8454,DOUBLE,0,1,1,False,-1
8456,TRIPLE,1,1,1,False,-1
8457,SINGLE,0,0,1,False,-1
8458,TRIPLE,1,1,1,False,-1
8459,DOUBLE,0,1,1,False,-1
8460,TRIPLE,1,1,1,False,-1
8462,TRIPLE,1,1,1,False,-1
8463,DOUBLE,0,1,1,False,-1
8464,TRIPLE,1,1,1,False,-1
8465,TRIPLE,1,1,1,False,-1
8466,TRIPLE,1,1,1,False,-1
8467,DOUBLE,0,1,1,False,-1
8468,DOUBLE,0,1,1,False,-1
8469,TRIPLE,1,1,1,False,-1
8470,TRIPLE,1,1,1,False,-1
8471,TRIPLE,1,1,1,False,-1
8472,TRIPLE,1,1,1,False,-1
8473,TRIPLE,1,1,1,False,-1
8474,TRIPLE,1,1,1,False,-1
8475,TRIPLE,1,1,1,False,-1
8476,TRIPLE,1,1,1,False,-1
8477,DOUBLE,0,1,1,False,-1
8478,TRIPLE,1,1,1,False,-1
8479,SINGLE,0,0,1,False,-1
8480,TRIPLE,1,1,1,False,-1
8481,DOUBLE,0,1,1,False,-1
8482,TRIPLE,1,1,1,False,-1
8484,TRIPLE,1,1,1,False,-1
8485,DOUBLE,0,1,1,False,-1
8486,SINGLE,0,0,1,False,-1
8487,DOUBLE,0,1,1,False,-1
8489,TRIPLE,1,1,1,False,-1
8490,SINGLE,0,0,1,False,-1
8491,DOUBLE,0,1,1,False,-1
8492,TRIPLE,1,1,1,False,-1
8493,SINGLE,0,0,1,False,-1
8494,DOUBLE,0,1,1,False,-1
8495,DOUBLE,0,1,1,False,-1
8496,TRIPLE,1,1,1,False,-1
8497,TRIPLE,1,1,1,False,-1
8499,TRIPLE,1,1,1,False,-1
8503,DOUBLE,0,1,1,False,-1
8504,TRIPLE,1,1,1,False,-1
8505,SINGLE,0,0,1,False,-1
8506,TRIPLE,1,1,1,False,-1
8507,DOUBLE,0,1,1,False,-1
8508,DOUBLE,0,1,1,False,-1
8509,TRIPLE,1,1,1,False,-1
8510,TRIPLE,1,1,1,False,-1
8511,SINGLE,0,0,1,False,-1
8512,DOUBLE,0,1,1,False,-1
8513,TRIPLE,1,1,1,False,-1
8514,SINGLE,0,0,1,False,-1
8516,DOUBLE,0,1,1,False,-1
8517,DOUBLE,0,1,1,False,-1
8518,DOUBLE,0,1,1,False,-1
8520,SINGLE,0,0,1,False,-1
8521,SINGLE,0,0,1,False,-1
8522,TRIPLE,1,1,1,False,-1
8523,SINGLE,0,0,1,False,-1
8524,TRIPLE,1,1,1,False,-1
8525,TRIPLE,1,1,1,False,-1
8526,TRIPLE,1,1,1,False,-1
8527,TRIPLE,1,1,1,False,-1
8528,DOUBLE,0,1,1,False,-1
8529,SINGLE,0,0,1,False,-1
8530,DOUBLE,0,1,1,False,-1
8531,TRIPLE,1,1,1,False,-1
8532,DOUBLE,0,1,1,False,-1
8533,SINGLE,0,0,1,False,-1
8534,TRIPLE,1,1,1,False,-1
8535,DOUBLE,0,1,1,False,-1
8536,DOUBLE,0,1,1,False,-1
8537,TRIPLE,1,1,1,False,-1
8538,TRIPLE,1,1,1,False,-1
8539,DOUBLE,0,1,1,False,-1
8540,SINGLE,0,0,1,False,-1
8541,TRIPLE,1,1,1,False,-1
8542,TRIPLE,1,1,1,False,-1
8543,DOUBLE,0,1,1,False,-1
8545,TRIPLE,1,1,1,False,-1
8546,DOUBLE,0,1,1,False,-1
8547,DOUBLE,0,1,1,False,-1
8548,TRIPLE,1,1,1,False,-1
8549,TRIPLE,1,1,1,False,-1
8550,TRIPLE,1,1,1,False,-1
8551,DOUBLE,0,1,1,False,-1
8552,SINGLE,0,0,1,False,-1
8554,DOUBLE,0,1,1,False,-1
8555,TRIPLE,1,1,1,False,-1
8556,SINGLE,0,0,1,False,-1
8557,TRIPLE,1,1,1,False,-1
8558,TRIPLE,1,1,1,False,-1
8560,TRIPLE,1,1,1,False,-1
8561,DOUBLE,0,1,1,False,-1
8562,DOUBLE,0,1,1,False,-1
8563,TRIPLE,1,1,1,False,-1
8565,TRIPLE,1,1,1,False,-1
8566,SINGLE,0,0,1,False,-1
8567,TRIPLE,1,1,1,False,-1
8568,DOUBLE,0,1,1,False,-1
8569,DOUBLE,0,1,1,False,-1
8570,TRIPLE,1,1,1,False,-1
8571,TRIPLE,1,1,1,False,-1
8572,DOUBLE,0,1,1,False,-1
8573,DOUBLE,0,1,1,False,-1
8574,DOUBLE,0,1,1,False,-1
8575,TRIPLE,1,1,1,False,-1
8576,SINGLE,0,0,1,False,-1
8577,TRIPLE,1,1,1,False,-1
8578,DOUBLE,0,1,1,False,-1
8579,TRIPLE,1,1,1,False,-1
8580,DOUBLE,0,1,1,False,-1
8581,TRIPLE,1,1,1,False,-1
8582,TRIPLE,1,1,1,False,-1
8583,TRIPLE,1,1,1,False,-1
8584,TRIPLE,1,1,1,False,-1
8585,DOUBLE,0,1,1,False,-1
8586,DOUBLE,0,1,1,False,-1
8587,DOUBLE,0,1,1,False,-1
8588,SINGLE,0,0,1,False,-1
8589,TRIPLE,1,1,1,False,-1
8590,DOUBLE,0,1,1,False,-1
8591,DOUBLE,0,1,1,False,-1
8592,DOUBLE,0,1,1,False,-1
8593,SINGLE,0,0,1,False,-1
8594,SINGLE,0,0,1,False,-1
8595,TRIPLE,1,1,1,False,-1
8596,TRIPLE,1,1,1,False,-1
8597,TRIPLE,1,1,1,False,-1
8598,TRIPLE,1,1,1,False,-1
8599,DOUBLE,0,1,1,False,-1
8600,DOUBLE,0,1,1,False,-1
8601,TRIPLE,1,1,1,False,-1
8602,DOUBLE,0,1,1,False,-1
8604,TRIPLE,1,1,1,False,-1
8605,TRIPLE,1,1,1,False,-1
8606,DOUBLE,0,1,1,False,-1
8607,TRIPLE,1,1,1,False,-1
8608,DOUBLE,0,1,1,False,-1
8609,DOUBLE,0,1,1,False,-1
8610,TRIPLE,1,1,1,False,-1
8611,TRIPLE,1,1,1,False,-1
8612,TRIPLE,1,1,1,False,-1
8613,TRIPLE,1,1,1,False,-1
8614,TRIPLE,1,1,1,False,-1
8615,TRIPLE,1,1,1,False,-1
8616,DOUBLE,0,1,1,False,-1
8617,TRIPLE,1,1,1,False,-1
8618,SINGLE,0,0,1,False,-1
8619,TRIPLE,1,1,1,False,-1
8620,SINGLE,0,0,1,False,-1
8621,DOUBLE,0,1,1,False,-1
8622,TRIPLE,1,1,1,False,-1
8623,DOUBLE,0,1,1,False,-1
8624,SINGLE,0,0,1,False,-1
8625,SINGLE,0,0,1,False,-1
8626,TRIPLE,1,1,1,False,-1
8627,DOUBLE,0,1,1,False,-1
8628,TRIPLE,1,1,1,False,-1
8630,TRIPLE,1,1,1,False,-1
8631,TRIPLE,1,1,1,False,-1
8632,TRIPLE,1,1,1,False,-1
8633,TRIPLE,1,1,1,False,-1
8634,TRIPLE,1,1,1,False,-1
8637,TRIPLE,1,1,1,False,-1
8638,TRIPLE,1,1,1,False,-1
8639,TRIPLE,1,1,1,False,-1
8642,TRIPLE,1,1,1,False,-1
8643,SINGLE,0,0,1,False,-1
8644,TRIPLE,1,1,1,False,-1
8645,TRIPLE,1,1,1,False,-1
8647,TRIPLE,1,1,1,False,-1
8648,TRIPLE,1,1,1,False,-1
8649,TRIPLE,1,1,1,False,-1
8650,TRIPLE,1,1,1,False,-1
8652,DOUBLE,0,1,1,False,-1
8654,TRIPLE,1,1,1,False,-1
8655,SINGLE,0,0,1,False,-1
8656,TRIPLE,1,1,1,False,-1
8657,TRIPLE,1,1,1,False,-1
8658,TRIPLE,1,1,1,False,-1
8659,DOUBLE,0,1,1,False,-1
8660,TRIPLE,1,1,1,False,-1
8661,TRIPLE,1,1,1,False,-1
8662,TRIPLE,1,1,1,False,-1
8663,TRIPLE,1,1,1,False,-1
8664,SINGLE,0,0,1,False,-1
8665,DOUBLE,0,1,1,False,-1
8666,TRIPLE,1,1,1,False,-1
8667,TRIPLE,1,1,1,False,-1
8668,TRIPLE,1,1,1,False,-1
8669,TRIPLE,1,1,1,False,-1
8670,TRIPLE,1,1,1,False,-1
8671,TRIPLE,1,1,1,False,-1
8674,SINGLE,0,0,1,False,-1
8675,TRIPLE,1,1,1,False,-1
8676,DOUBLE,0,1,1,False,-1
8678,TRIPLE,1,1,1,False,-1
8679,TRIPLE,1,1,1,False,-1
8680,TRIPLE,1,1,1,False,-1
8681,TRIPLE,1,1,1,False,-1
8682,TRIPLE,1,1,1,False,-1
8683,TRIPLE,1,1,1,False,-1
8684,TRIPLE,1,1,1,False,-1
8685,DOUBLE,0,1,1,False,-1
8687,TRIPLE,1,1,1,False,-1
8688,DOUBLE,0,1,1,False,-1
8689,TRIPLE,1,1,1,False,-1
8690,TRIPLE,1,1,1,False,-1
8691,TRIPLE,1,1,1,False,-1
8692,DOUBLE,0,1,1,False,-1
8693,TRIPLE,1,1,1,False,-1
8694,DOUBLE,0,1,1,False,-1
8695,TRIPLE,1,1,1,False,-1
8696,DOUBLE,0,1,1,False,-1
8697,TRIPLE,1,1,1,False,-1
8698,TRIPLE,1,1,1,False,-1
8699,SINGLE,0,0,1,False,-1
8700,TRIPLE,1,1,1,False,-1
8701,TRIPLE,1,1,1,False,-1
8703,SINGLE,0,0,1,False,-1
8704,TRIPLE,1,1,1,False,-1
8705,SINGLE,0,0,1,False,-1
8706,TRIPLE,1,1,1,False,-1
8707,TRIPLE,1,1,1,False,-1
8708,TRIPLE,1,1,1,False,-1
8709,TRIPLE,1,1,1,False,-1
8710,SINGLE,0,0,1,False,-1
8711,DOUBLE,0,1,1,False,-1
8712,TRIPLE,1,1,1,False,-1
8713,TRIPLE,1,1,1,False,-1
8714,TRIPLE,1,1,1,False,-1
8715,SINGLE,0,0,1,False,-1
8717,SINGLE,0,0,1,False,-1
8718,DOUBLE,0,1,1,False,-1
8719,TRIPLE,1,1,1,False,-1
8720,TRIPLE,1,1,1,False,-1
8721,TRIPLE,1,1,1,False,-1
8722,DOUBLE,0,1,1,False,-1
8723,SINGLE,0,0,1,False,-1
8724,TRIPLE,1,1,1,False,-1
8725,DOUBLE,0,1,1,False,-1
8726,TRIPLE,1,1,1,False,-1
8727,TRIPLE,1,1,1,False,-1
8728,DOUBLE,0,1,1,False,-1
8729,TRIPLE,1,1,1,False,-1
8730,DOUBLE,0,1,1,False,-1
8732,TRIPLE,1,1,1,False,-1
8734,DOUBLE,0,1,1,False,-1
8735,TRIPLE,1,1,1,False,-1
8736,DOUBLE,0,1,1,False,-1
8737,SINGLE,0,0,1,False,-1
8738,DOUBLE,0,1,1,False,-1
8739,DOUBLE,0,1,1,False,-1
8740,TRIPLE,1,1,1,False,-1
8741,SINGLE,0,0,1,False,-1
8742,TRIPLE,1,1,1,False,-1
8743,DOUBLE,0,1,1,False,-1
8744,TRIPLE,1,1,1,False,-1
8745,DOUBLE,0,1,1,False,-1
8746,DOUBLE,0,1,1,False,-1
8747,SINGLE,0,0,1,False,-1
8748,DOUBLE,0,1,1,False,-1
8749,DOUBLE,0,1,1,False,-1
8750,TRIPLE,1,1,1,False,-1
8751,DOUBLE,0,1,1,False,-1
8752,DOUBLE,0,1,1,False,-1
8753,SINGLE,0,0,1,False,-1
8754,TRIPLE,1,1,1,False,-1
8755,DOUBLE,0,1,1,False,-1
8756,TRIPLE,1,1,1,False,-1
8757,TRIPLE,1,1,1,False,-1
8759,TRIPLE,1,1,1,False,-1
8760,TRIPLE,1,1,1,False,-1
8761,DOUBLE,0,1,1,False,-1
8762,TRIPLE,1,1,1,False,-1
8763,TRIPLE,1,1,1,False,-1
8764,TRIPLE,1,1,1,False,-1
8765,DOUBLE,0,1,1,False,-1
8766,TRIPLE,1,1,1,False,-1
8768,TRIPLE,1,1,1,False,-1
8770,TRIPLE,1,1,1,False,-1
8771,TRIPLE,1,1,1,False,-1
8772,TRIPLE,1,1,1,False,-1
8774,DOUBLE,0,1,1,False,-1
8775,TRIPLE,1,1,1,False,-1
8776,TRIPLE,1,1,1,False,-1
8777,DOUBLE,0,1,1,False,-1
8778,TRIPLE,1,1,1,False,-1
8779,TRIPLE,1,1,1,False,-1
8780,TRIPLE,1,1,1,False,-1
8781,TRIPLE,1,1,1,False,-1
8783,TRIPLE,1,1,1,False,-1
8784,TRIPLE,1,1,1,False,-1
8785,TRIPLE,1,1,1,False,-1
8786,TRIPLE,1,1,1,False,-1
8787,TRIPLE,1,1,1,False,-1
8789,TRIPLE,1,1,1,False,-1
8790,DOUBLE,0,1,1,False,-1
8791,TRIPLE,1,1,1,False,-1
8792,SINGLE,0,0,1,False,-1
8793,SINGLE,0,0,1,False,-1
8794,TRIPLE,1,1,1,False,-1
8795,DOUBLE,0,1,1,False,-1
8796,TRIPLE,1,1,1,False,-1
8797,SINGLE,0,0,1,False,-1
8798,TRIPLE,1,1,1,False,-1
8799,TRIPLE,1,1,1,False,-1
8800,DOUBLE,0,1,1,False,-1
8801,TRIPLE,1,1,1,False,-1
8802,DOUBLE,0,1,1,False,-1
8804,DOUBLE,0,1,1,False,-1
8806,TRIPLE,1,1,1,False,-1
8807,TRIPLE,1,1,1,False,-1
8808,DOUBLE,0,1,1,False,-1
8809,DOUBLE,0,1,1,False,-1
8810,TRIPLE,1,1,1,False,-1
8811,DOUBLE,0,1,1,False,-1
8812,SINGLE,0,0,1,False,-1
8813,DOUBLE,0,1,1,False,-1
8814,TRIPLE,1,1,1,False,-1
8815,SINGLE,0,0,1,False,-1
8816,TRIPLE,1,1,1,False,-1
8817,TRIPLE,1,1,1,False,-1
8818,TRIPLE,1,1,1,False,-1
8819,TRIPLE,1,1,1,False,-1
8820,DOUBLE,0,1,1,False,-1
8821,SINGLE,0,0,1,False,-1
8822,TRIPLE,1,1,1,False,-1
8823,TRIPLE,1,1,1,False,-1
8825,TRIPLE,1,1,1,False,-1
8826,SINGLE,0,0,1,False,-1
8827,DOUBLE,0,1,1,False,-1
8828,SINGLE,0,0,1,False,-1
8829,TRIPLE,1,1,1,False,-1
8830,TRIPLE,1,1,1,False,-1
8831,TRIPLE,1,1,1,False,-1
8832,SINGLE,0,0,1,False,-1
8833,TRIPLE,1,1,1,False,-1
8834,TRIPLE,1,1,1,False,-1
8835,TRIPLE,1,1,1,False,-1
8836,SINGLE,0,0,1,False,-1
8838,TRIPLE,1,1,1,False,-1
8839,DOUBLE,0,1,1,False,-1
8840,TRIPLE,1,1,1,False,-1
8841,TRIPLE,1,1,1,False,-1
8842,DOUBLE,0,1,1,False,-1
8844,DOUBLE,0,1,1,False,-1
8845,TRIPLE,1,1,1,False,-1
8846,SINGLE,0,0,1,False,-1
8847,DOUBLE,0,1,1,False,-1
8848,DOUBLE,0,1,1,False,-1
8850,TRIPLE,1,1,1,False,-1
8851,DOUBLE,0,1,1,False,-1
8852,TRIPLE,1,1,1,False,-1
8853,TRIPLE,1,1,1,False,-1
8854,DOUBLE,0,1,1,False,-1
8855,TRIPLE,1,1,1,False,-1
8856,TRIPLE,1,1,1,False,-1
8857,TRIPLE,1,1,1,False,-1
8858,TRIPLE,1,1,1,False,-1
8859,SINGLE,0,0,1,False,-1
8860,TRIPLE,1,1,1,False,-1
8861,SINGLE,0,0,1,False,-1
8862,TRIPLE,1,1,1,False,-1
8863,TRIPLE,1,1,1,False,-1
8864,TRIPLE,1,1,1,False,-1
8865,DOUBLE,0,1,1,False,-1
8866,TRIPLE,1,1,1,False,-1
8867,SINGLE,0,0,1,False,-1
8868,TRIPLE,1,1,1,False,-1
8869,DOUBLE,0,1,1,False,-1
8870,DOUBLE,0,1,1,False,-1
8871,SINGLE,0,0,1,False,-1
8872,TRIPLE,1,1,1,False,-1
8873,TRIPLE,1,1,1,False,-1
8874,TRIPLE,1,1,1,False,-1
8875,DOUBLE,0,1,1,False,-1
8877,TRIPLE,1,1,1,False,-1
8878,SINGLE,0,0,1,False,-1
8879,TRIPLE,1,1,1,False,-1
8880,DOUBLE,0,1,1,False,-1
8881,TRIPLE,1,1,1,False,-1
8882,TRIPLE,1,1,1,False,-1
8883,TRIPLE,1,1,1,False,-1
8884,TRIPLE,1,1,1,False,-1
8885,TRIPLE,1,1,1,False,-1
8886,TRIPLE,1,1,1,False,-1
8887,TRIPLE,1,1,1,False,-1
8888,TRIPLE,1,1,1,False,-1
8889,TRIPLE,1,1,1,False,-1
8890,TRIPLE,1,1,1,False,-1
8891,DOUBLE,0,1,1,False,-1
8892,TRIPLE,1,1,1,False,-1
8893,TRIPLE,1,1,1,False,-1
8894,SINGLE,0,0,1,False,-1
8895,SINGLE,0,0,1,False,-1
8896,SINGLE,0,0,1,False,-1
8897,TRIPLE,1,1,1,False,-1
8898,TRIPLE,1,1,1,False,-1
8899,DOUBLE,0,1,1,False,-1
8901,TRIPLE,1,1,1,False,-1
8902,TRIPLE,1,1,1,False,-1
8903,TRIPLE,1,1,1,False,-1
8904,TRIPLE,1,1,1,False,-1
8905,TRIPLE,1,1,1,False,-1
8906,TRIPLE,1,1,1,False,-1
8907,SINGLE,0,0,1,False,-1
8908,TRIPLE,1,1,1,False,-1
8909,TRIPLE,1,1,1,False,-1
8910,SINGLE,0,0,1,False,-1
8911,SINGLE,0,0,1,False,-1
8912,SINGLE,0,0,1,False,-1
8913,TRIPLE,1,1,1,False,-1
8914,SINGLE,0,0,1,False,-1
8915,DOUBLE,0,1,1,False,-1
8916,TRIPLE,1,1,1,False,-1
8917,TRIPLE,1,1,1,False,-1
8918,TRIPLE,1,1,1,False,-1
8919,TRIPLE,1,1,1,False,-1
8920,SINGLE,0,0,1,False,-1
8921,DOUBLE,0,1,1,False,-1
8922,DOUBLE,0,1,1,False,-1
8923,DOUBLE,0,1,1,False,-1
8924,DOUBLE,0,1,1,False,-1
8926,DOUBLE,0,1,1,False,-1
8927,TRIPLE,1,1,1,False,-1
8928,DOUBLE,0,1,1,False,-1
8929,DOUBLE,0,1,1,False,-1
8930,TRIPLE,1,1,1,False,-1
8931,TRIPLE,1,1,1,False,-1
8932,TRIPLE,1,1,1,False,-1
8933,DOUBLE,0,1,1,False,-1
8934,SINGLE,0,0,1,False,-1
8935,DOUBLE,0,1,1,False,-1
8936,DOUBLE,0,1,1,False,-1
8937,TRIPLE,1,1,1,False,-1
8939,TRIPLE,1,1,1,False,-1
8940,SINGLE,0,0,1,False,-1
8941,TRIPLE,1,1,1,False,-1
8942,TRIPLE,1,1,1,False,-1
8943,DOUBLE,0,1,1,False,-1
8944,DOUBLE,0,1,1,False,-1
8945,TRIPLE,1,1,1,False,-1
8946,TRIPLE,1,1,1,False,-1
8947,DOUBLE,0,1,1,False,-1
8948,TRIPLE,1,1,1,False,-1
8949,SINGLE,0,0,1,False,-1
8950,SINGLE,0,0,1,False,-1
8951,TRIPLE,1,1,1,False,-1
8952,TRIPLE,1,1,1,False,-1
8953,SINGLE,0,0,1,False,-1
8954,TRIPLE,1,1,1,False,-1
8956,TRIPLE,1,1,1,False,-1
8957,SINGLE,0,0,1,False,-1
8958,SINGLE,0,0,1,False,-1
8959,SINGLE,0,0,1,False,-1
8960,DOUBLE,0,1,1,False,-1
8962,DOUBLE,0,1,1,False,-1
8963,DOUBLE,0,1,1,False,-1
8964,TRIPLE,1,1,1,False,-1
8965,TRIPLE,1,1,1,False,-1
8966,TRIPLE,1,1,1,False,-1
8967,TRIPLE,1,1,1,False,-1
8968,DOUBLE,0,1,1,False,-1
8970,SINGLE,0,0,1,False,-1
8971,DOUBLE,0,1,1,False,-1
8972,TRIPLE,1,1,1,False,-1
8974,DOUBLE,0,1,1,False,-1
8975,TRIPLE,1,1,1,False,-1
8976,SINGLE,0,0,1,False,-1
8977,TRIPLE,1,1,1,False,-1
8978,DOUBLE,0,1,1,False,-1
8979,SINGLE,0,0,1,False,-1
8980,TRIPLE,1,1,1,False,-1
8981,TRIPLE,1,1,1,False,-1
8983,DOUBLE,0,1,1,False,-1
8984,TRIPLE,1,1,1,False,-1
8986,TRIPLE,1,1,1,False,-1
8987,TRIPLE,1,1,1,False,-1
8988,DOUBLE,0,1,1,False,-1
8989,DOUBLE,0,1,1,False,-1
8990,TRIPLE,1,1,1,False,-1
8991,DOUBLE,0,1,1,False,-1
8992,TRIPLE,1,1,1,False,-1
8993,DOUBLE,0,1,1,False,-1
8994,DOUBLE,0,1,1,False,-1
8995,TRIPLE,1,1,1,False,-1
8996,TRIPLE,1,1,1,False,-1
8997,TRIPLE,1,1,1,False,-1
8998,TRIPLE,1,1,1,False,-1
8999,TRIPLE,1,1,1,False,-1
9000,TRIPLE,1,1,1,False,-1
9002,DOUBLE,0,1,1,False,-1
9003,SINGLE,0,0,1,False,-1
9004,SINGLE,0,0,1,False,-1
9005,TRIPLE,1,1,1,False,-1
9008,TRIPLE,1,1,1,False,-1
9009,DOUBLE,0,1,1,False,-1
9010,TRIPLE,1,1,1,False,-1
9011,TRIPLE,1,1,1,False,-1
9012,TRIPLE,1,1,1,False,-1
9013,TRIPLE,1,1,1,False,-1
9014,TRIPLE,1,1,1,False,-1
9015,DOUBLE,0,1,1,False,-1
9016,TRIPLE,1,1,1,False,-1
9017,TRIPLE,1,1,1,False,-1
9018,SINGLE,0,0,1,False,-1
9019,TRIPLE,1,1,1,False,-1
9021,TRIPLE,1,1,1,False,-1
9022,TRIPLE,1,1,1,False,-1
9023,DOUBLE,0,1,1,False,-1
9024,DOUBLE,0,1,1,False,-1
9025,TRIPLE,1,1,1,False,-1
9027,TRIPLE,1,1,1,False,-1
9028,TRIPLE,1,1,1,False,-1
9029,TRIPLE,1,1,1,False,-1
9030,TRIPLE,1,1,1,False,-1
9031,DOUBLE,0,1,1,False,-1
9032,TRIPLE,1,1,1,False,-1
9033,TRIPLE,1,1,1,False,-1
9034,TRIPLE,1,1,1,False,-1
9035,TRIPLE,1,1,1,False,-1
9036,TRIPLE,1,1,1,False,-1
9037,DOUBLE,0,1,1,False,-1
9038,SINGLE,0,0,1,False,-1
9039,TRIPLE,1,1,1,False,-1
9040,TRIPLE,1,1,1,False,-1
9041,TRIPLE,1,1,1,False,-1
9043,TRIPLE,1,1,1,False,-1
9044,TRIPLE,1,1,1,False,-1
9045,TRIPLE,1,1,1,False,-1
9046,DOUBLE,0,1,1,False,-1
9047,TRIPLE,1,1,1,False,-1
9048,TRIPLE,1,1,1,False,-1
9050,DOUBLE,0,1,1,False,-1
9051,TRIPLE,1,1,1,False,-1
9052,TRIPLE,1,1,1,False,-1
9053,DOUBLE,0,1,1,False,-1
9054,TRIPLE,1,1,1,False,-1
9055,TRIPLE,1,1,1,False,-1
9056,DOUBLE,0,1,1,False,-1
9057,SINGLE,0,0,1,False,-1
9058,DOUBLE,0,1,1,False,-1
9059,DOUBLE,0,1,1,False,-1
9060,TRIPLE,1,1,1,False,-1
9061,TRIPLE,1,1,1,False,-1
9062,SINGLE,0,0,1,False,-1
9063,TRIPLE,1,1,1,False,-1
9064,TRIPLE,1,1,1,False,-1
9065,DOUBLE,0,1,1,False,-1
9066,TRIPLE,1,1,1,False,-1
9067,DOUBLE,0,1,1,False,-1
9068,TRIPLE,1,1,1,False,-1
9069,TRIPLE,1,1,1,False,-1
9070,SINGLE,0,0,1,False,-1
9071,SINGLE,0,0,1,False,-1
9072,SINGLE,0,0,1,False,-1
9073,DOUBLE,0,1,1,False,-1
9074,TRIPLE,1,1,1,False,-1
9075,TRIPLE,1,1,1,False,-1
9078,SINGLE,0,0,1,False,-1
9079,TRIPLE,1,1,1,False,-1
9080,TRIPLE,1,1,1,False,-1
9081,DOUBLE,0,1,1,False,-1
9082,TRIPLE,1,1,1,False,-1
9083,SINGLE,0,0,1,False,-1
9085,TRIPLE,1,1,1,False,-1
9086,TRIPLE,1,1,1,False,-1
9087,DOUBLE,0,1,1,False,-1
9089,TRIPLE,1,1,1,False,-1
9090,TRIPLE,1,1,1,False,-1
9091,TRIPLE,1,1,1,False,-1
9092,TRIPLE,1,1,1,False,-1
9093,DOUBLE,0,1,1,False,-1
9094,SINGLE,0,0,1,False,-1
9095,TRIPLE,1,1,1,False,-1
9096,SINGLE,0,0,1,False,-1
9097,TRIPLE,1,1,1,False,-1
9098,TRIPLE,1,1,1,False,-1
9099,TRIPLE,1,1,1,False,-1
9100,TRIPLE,1,1,1,False,-1
9102,SINGLE,0,0,1,False,-1
9103,TRIPLE,1,1,1,False,-1
9104,DOUBLE,0,1,1,False,-1
9105,TRIPLE,1,1,1,False,-1
9106,SINGLE,0,0,1,False,-1
9108,TRIPLE,1,1,1,False,-1
9109,TRIPLE,1,1,1,False,-1
9110,TRIPLE,1,1,1,False,-1
9111,TRIPLE,1,1,1,False,-1
9112,TRIPLE,1,1,1,False,-1
9113,DOUBLE,0,1,1,False,-1
9114,TRIPLE,1,1,1,False,-1
9115,TRIPLE,1,1,1,False,-1
9116,TRIPLE,1,1,1,False,-1
9117,DOUBLE,1,0,1,False,-1
9118,DOUBLE,0,1,1,False,-1
9119,TRIPLE,1,1,1,False,-1
9120,TRIPLE,1,1,1,False,-1
9121,TRIPLE,1,1,1,False,-1
9122,TRIPLE,1,1,1,False,-1
9123,TRIPLE,1,1,1,False,-1
9124,TRIPLE,1,1,1,False,-1
9125,SINGLE,0,0,1,False,-1
9128,TRIPLE,1,1,1,False,-1
9129,TRIPLE,1,1,1,False,-1
9130,TRIPLE,1,1,1,False,-1
9131,TRIPLE,1,1,1,False,-1
9133,TRIPLE,1,1,1,False,-1
9135,TRIPLE,1,1,1,False,-1
9136,SINGLE,0,0,1,False,-1
9137,TRIPLE,1,1,1,False,-1
9138,TRIPLE,1,1,1,False,-1
9139,DOUBLE,0,1,1,False,-1
9140,TRIPLE,1,1,1,False,-1
9141,TRIPLE,1,1,1,False,-1
9143,TRIPLE,1,1,1,False,-1
9144,TRIPLE,1,1,1,False,-1
9146,SINGLE,0,0,1,False,-1
9147,TRIPLE,1,1,1,False,-1
9148,TRIPLE,1,1,1,False,-1
9149,TRIPLE,1,1,1,False,-1
9150,TRIPLE,1,1,1,False,-1
9151,SINGLE,0,0,1,False,-1
9153,DOUBLE,0,1,1,False,-1
9154,TRIPLE,1,1,1,False,-1
9155,TRIPLE,1,1,1,False,-1
9156,TRIPLE,1,1,1,False,-1
9157,TRIPLE,1,1,1,False,-1
9158,SINGLE,0,0,1,False,-1
9159,TRIPLE,1,1,1,False,-1
9160,TRIPLE,1,1,1,False,-1
9161,TRIPLE,1,1,1,False,-1
9162,TRIPLE,1,1,1,False,-1
9163,TRIPLE,1,1,1,False,-1
9164,TRIPLE,1,1,1,False,-1
9165,TRIPLE,1,1,1,False,-1
9166,TRIPLE,1,1,1,False,-1
9167,DOUBLE,0,1,1,False,-1
9168,DOUBLE,0,1,1,False,-1
9169,TRIPLE,1,1,1,False,-1
9170,TRIPLE,1,1,1,False,-1
9171,TRIPLE,1,1,1,False,-1
9172,TRIPLE,1,1,1,False,-1
9173,TRIPLE,1,1,1,False,-1
9174,TRIPLE,1,1,1,False,-1
9175,DOUBLE,0,1,1,False,-1
9176,TRIPLE,1,1,1,False,-1
9177,TRIPLE,1,1,1,False,-1
9178,DOUBLE,0,1,1,False,-1
9180,DOUBLE,0,1,1,False,-1
9182,DOUBLE,0,1,1,False,-1
9183,TRIPLE,1,1,1,False,-1
9184,DOUBLE,0,1,1,False,-1
9186,TRIPLE,1,1,1,False,-1
9187,TRIPLE,1,1,1,False,-1
9188,SINGLE,0,0,1,False,-1
9189,SINGLE,0,0,1,False,-1
9190,DOUBLE,0,1,1,False,-1
9191,TRIPLE,1,1,1,False,-1
9192,TRIPLE,1,1,1,False,-1
9193,TRIPLE,1,1,1,False,-1
9194,TRIPLE,1,1,1,False,-1
9195,TRIPLE,1,1,1,False,-1
9196,TRIPLE,1,1,1,False,-1
9197,TRIPLE,1,1,1,False,-1
9198,TRIPLE,1,1,1,False,-1
9199,DOUBLE,0,1,1,False,-1
9200,TRIPLE,1,1,1,False,-1
9201,DOUBLE,0,1,1,False,-1
9202,TRIPLE,1,1,1,False,-1
9203,DOUBLE,0,1,1,False,-1
9204,TRIPLE,1,1,1,False,-1
9205,TRIPLE,1,1,1,False,-1
9206,DOUBLE,0,1,1,False,-1
9207,TRIPLE,1,1,1,False,-1
9208,TRIPLE,1,1,1,False,-1
9209,SINGLE,0,0,1,False,-1
9211,TRIPLE,1,1,1,False,-1
9212,TRIPLE,1,1,1,False,-1
9213,DOUBLE,0,1,1,False,-1
9214,TRIPLE,1,1,1,False,-1
9215,SINGLE,0,0,1,False,-1
9216,TRIPLE,1,1,1,False,-1
9217,SINGLE,0,0,1,False,-1
9218,TRIPLE,1,1,1,False,-1
9219,DOUBLE,0,1,1,False,-1
9220,DOUBLE,0,1,1,False,-1
9221,TRIPLE,1,1,1,False,-1
9222,SINGLE,0,0,1,False,-1
9223,TRIPLE,1,1,1,False,-1
9224,TRIPLE,1,1,1,False,-1
9226,TRIPLE,1,1,1,False,-1
9227,TRIPLE,1,1,1,False,-1
9228,DOUBLE,0,1,1,False,-1
9229,SINGLE,0,0,1,False,-1
9230,TRIPLE,1,1,1,False,-1
9231,SINGLE,0,0,1,False,-1
9232,TRIPLE,1,1,1,False,-1
9233,TRIPLE,1,1,1,False,-1
9234,DOUBLE,0,1,1,False,-1
9235,TRIPLE,1,1,1,False,-1
9236,DOUBLE,0,1,1,False,-1
9237,TRIPLE,1,1,1,False,-1
9238,TRIPLE,1,1,1,False,-1
9239,TRIPLE,1,1,1,False,-1
9240,TRIPLE,1,1,1,False,-1
9241,DOUBLE,0,1,1,False,-1
9242,SINGLE,0,0,1,False,-1
9243,DOUBLE,0,1,1,False,-1
9244,SINGLE,0,0,1,False,-1
9245,TRIPLE,1,1,1,False,-1
9246,TRIPLE,1,1,1,False,-1
9247,TRIPLE,1,1,1,False,-1
9248,DOUBLE,0,1,1,False,-1
9249,TRIPLE,1,1,1,False,-1
9251,SINGLE,0,0,1,False,-1
9252,DOUBLE,0,1,1,False,-1
9253,SINGLE,0,0,1,False,-1
9254,TRIPLE,1,1,1,False,-1
9255,TRIPLE,1,1,1,False,-1
9256,DOUBLE,0,1,1,False,-1
9257,SINGLE,0,0,1,False,-1
9258,TRIPLE,1,1,1,False,-1
9259,TRIPLE,1,1,1,False,-1
9260,TRIPLE,1,1,1,False,-1
9261,SINGLE,0,0,1,False,-1
9262,DOUBLE,0,1,1,False,-1
9263,TRIPLE,1,1,1,False,-1
9264,DOUBLE,0,1,1,False,-1
9265,TRIPLE,1,1,1,False,-1
9266,SINGLE,0,0,1,False,-1
9267,TRIPLE,1,1,1,False,-1
9268,SINGLE,0,0,1,False,-1
9269,SINGLE,0,0,1,False,-1
9270,TRIPLE,1,1,1,False,-1
9271,TRIPLE,1,1,1,False,-1
9273,SINGLE,0,0,1,False,-1
9274,DOUBLE,0,1,1,False,-1
9275,SINGLE,0,0,1,False,-1
9276,TRIPLE,1,1,1,False,-1
9277,TRIPLE,1,1,1,False,-1
9278,TRIPLE,1,1,1,False,-1
9281,DOUBLE,0,1,1,False,-1
9282,SINGLE,0,0,1,False,-1
9283,TRIPLE,1,1,1,False,-1
9284,DOUBLE,0,1,1,False,-1
9285,SINGLE,0,0,1,False,-1
9286,DOUBLE,0,1,1,False,-1
9287,TRIPLE,1,1,1,False,-1
9288,DOUBLE,0,1,1,False,-1
9289,DOUBLE,0,1,1,False,-1
9290,DOUBLE,0,1,1,False,-1
9291,TRIPLE,1,1,1,False,-1
9292,TRIPLE,1,1,1,False,-1
9293,DOUBLE,0,1,1,False,-1
9294,SINGLE,0,0,1,False,-1
9295,DOUBLE,0,1,1,False,-1
9296,DOUBLE,0,1,1,False,-1
9298,TRIPLE,1,1,1,False,-1
9299,DOUBLE,0,1,1,False,-1
9300,TRIPLE,1,1,1,False,-1
9301,TRIPLE,1,1,1,False,-1
9302,TRIPLE,1,1,1,False,-1
9303,TRIPLE,1,1,1,False,-1
9304,TRIPLE,1,1,1,False,-1
9305,TRIPLE,1,1,1,False,-1
9307,DOUBLE,0,1,1,False,-1
9308,SINGLE,0,0,1,False,-1
9309,TRIPLE,1,1,1,False,-1
9310,TRIPLE,1,1,1,False,-1
9312,SINGLE,0,0,1,False,-1
9313,DOUBLE,0,1,1,False,-1
9314,TRIPLE,1,1,1,False,-1
9315,TRIPLE,1,1,1,False,-1
9316,TRIPLE,1,1,1,False,-1
9317,DOUBLE,0,1,1,False,-1
9318,TRIPLE,1,1,1,False,-1
9319,SINGLE,0,0,1,False,-1
9320,DOUBLE,0,1,1,False,-1
9321,TRIPLE,1,1,1,False,-1
9322,TRIPLE,1,1,1,False,-1
9323,TRIPLE,1,1,1,False,-1
9325,TRIPLE,1,1,1,False,-1
9327,SINGLE,0,0,1,False,-1
9328,TRIPLE,1,1,1,False,-1
9329,DOUBLE,0,1,1,False,-1
9331,DOUBLE,0,1,1,False,-1
9332,SINGLE,0,0,1,False,-1
9333,DOUBLE,0,1,1,False,-1
9334,TRIPLE,1,1,1,False,-1
9335,TRIPLE,1,1,1,False,-1
9336,DOUBLE,0,1,1,False,-1
9337,TRIPLE,1,1,1,False,-1
9338,DOUBLE,0,1,1,False,-1
9339,TRIPLE,1,1,1,False,-1
9340,TRIPLE,1,1,1,False,-1
9341,TRIPLE,1,1,1,False,-1
9342,TRIPLE,1,1,1,False,-1
9343,TRIPLE,1,1,1,False,-1
9344,SINGLE,0,0,1,False,-1
9345,TRIPLE,1,1,1,False,-1
9346,DOUBLE,0,1,1,False,-1
9347,TRIPLE,1,1,1,False,-1
9348,TRIPLE,1,1,1,False,-1
9349,TRIPLE,1,1,1,False,-1
9350,SINGLE,0,0,1,False,-1
9351,TRIPLE,1,1,1,False,-1
9352,SINGLE,0,0,1,False,-1
9353,TRIPLE,1,1,1,False,-1
9354,DOUBLE,0,1,1,False,-1
9355,TRIPLE,1,1,1,False,-1
9356,TRIPLE,1,1,1,False,-1
9357,DOUBLE,0,1,1,False,-1
9359,TRIPLE,1,1,1,False,-1
9360,TRIPLE,1,1,1,False,-1
9361,TRIPLE,1,1,1,False,-1
9362,TRIPLE,1,1,1,False,-1
9363,DOUBLE,0,1,1,False,-1
9364,DOUBLE,0,1,1,False,-1
9365,DOUBLE,0,1,1,False,-1
9366,TRIPLE,1,1,1,False,-1
9367,DOUBLE,0,1,1,False,-1
9368,DOUBLE,0,1,1,False,-1
9369,TRIPLE,1,1,1,False,-1
9370,TRIPLE,1,1,1,False,-1
9371,DOUBLE,0,1,1,False,-1
9372,SINGLE,0,0,1,False,-1
9373,TRIPLE,1,1,1,False,-1
9375,DOUBLE,0,1,1,False,-1
9376,TRIPLE,1,1,1,False,-1
9377,TRIPLE,1,1,1,False,-1
9378,DOUBLE,0,1,1,False,-1
9379,TRIPLE,1,1,1,False,-1
9380,SINGLE,0,0,1,False,-1
9381,TRIPLE,1,1,1,False,-1
9382,TRIPLE,1,1,1,False,-1
9383,DOUBLE,0,1,1,False,-1
9384,TRIPLE,1,1,1,False,-1
9385,SINGLE,0,0,1,False,-1
9386,TRIPLE,1,1,1,False,-1
9387,SINGLE,0,0,1,False,-1
9388,SINGLE,0,0,1,False,-1
9389,TRIPLE,1,1,1,False,-1
9390,DOUBLE,0,1,1,False,-1
9391,TRIPLE,1,1,1,False,-1
9392,TRIPLE,1,1,1,False,-1
9393,TRIPLE,1,1,1,False,-1
9395,DOUBLE,0,1,1,False,-1
9396,TRIPLE,1,1,1,False,-1
9397,DOUBLE,0,1,1,False,-1
9398,SINGLE,0,0,1,False,-1
9399,TRIPLE,1,1,1,False,-1
9400,TRIPLE,1,1,1,False,-1
9401,SINGLE,0,0,1,False,-1
9402,DOUBLE,0,1,1,False,-1
9403,TRIPLE,1,1,1,False,-1
9404,SINGLE,0,0,1,False,-1
9405,TRIPLE,1,1,1,False,-1
9406,TRIPLE,1,1,1,False,-1
9407,SINGLE,0,0,1,False,-1
9408,TRIPLE,1,1,1,False,-1
9409,SINGLE,0,0,1,False,-1
9410,DOUBLE,0,1,1,False,-1
9411,TRIPLE,1,1,1,False,-1
9412,TRIPLE,1,1,1,False,-1
9413,DOUBLE,0,1,1,False,-1
9414,DOUBLE,0,1,1,False,-1
9416,TRIPLE,1,1,1,False,-1
9417,TRIPLE,1,1,1,False,-1
9418,DOUBLE,0,1,1,False,-1
9419,DOUBLE,0,1,1,False,-1
9420,TRIPLE,1,1,1,False,-1
9421,TRIPLE,1,1,1,False,-1
9422,TRIPLE,1,1,1,False,-1
9423,DOUBLE,0,1,1,False,-1
9424,TRIPLE,1,1,1,False,-1
9425,SINGLE,0,0,1,False,-1
9426,TRIPLE,1,1,1,False,-1
9427,TRIPLE,1,1,1,False,-1
9428,DOUBLE,0,1,1,False,-1
9429,SINGLE,0,0,1,False,-1
9430,TRIPLE,1,1,1,False,-1
9431,TRIPLE,1,1,1,False,-1
9432,SINGLE,0,0,1,False,-1
9433,TRIPLE,1,1,1,False,-1
9434,DOUBLE,0,1,1,False,-1
9435,TRIPLE,1,1,1,False,-1
9436,TRIPLE,1,1,1,False,-1
9437,SINGLE,0,0,1,False,-1
9439,DOUBLE,0,1,1,False,-1
9440,TRIPLE,1,1,1,False,-1
9441,TRIPLE,1,1,1,False,-1
9442,SINGLE,0,0,1,False,-1
9443,DOUBLE,0,1,1,False,-1
9444,DOUBLE,0,1,1,False,-1
9446,DOUBLE,0,1,1,False,-1
9447,DOUBLE,0,1,1,False,-1
9448,TRIPLE,1,1,1,False,-1
9449,TRIPLE,1,1,1,False,-1
9450,TRIPLE,1,1,1,False,-1
9451,TRIPLE,1,1,1,False,-1
9452,TRIPLE,1,1,1,False,-1
9453,TRIPLE,1,1,1,False,-1
9454,DOUBLE,0,1,1,False,-1
9455,DOUBLE,0,1,1,False,-1
9456,DOUBLE,0,1,1,False,-1
9457,DOUBLE,0,1,1,False,-1
9458,TRIPLE,1,1,1,False,-1
9459,TRIPLE,1,1,1,False,-1
9460,TRIPLE,1,1,1,False,-1
9461,SINGLE,0,0,1,False,-1
9462,TRIPLE,1,1,1,False,-1
9463,TRIPLE,1,1,1,False,-1
9464,SINGLE,0,0,1,False,-1
9465,TRIPLE,1,1,1,False,-1
9467,TRIPLE,1,1,1,False,-1
9468,TRIPLE,1,1,1,False,-1
9469,DOUBLE,0,1,1,False,-1
9470,TRIPLE,1,1,1,False,-1
9471,TRIPLE,1,1,1,False,-1
9472,DOUBLE,0,1,1,False,-1
9474,DOUBLE,0,1,1,False,-1
9475,DOUBLE,0,1,1,False,-1
9476,TRIPLE,1,1,1,False,-1
9477,TRIPLE,1,1,1,False,-1
9478,TRIPLE,1,1,1,False,-1
9479,TRIPLE,1,1,1,False,-1
9480,TRIPLE,1,1,1,False,-1
9481,DOUBLE,0,1,1,False,-1
9482,SINGLE,0,0,1,False,-1
9483,DOUBLE,0,1,1,False,-1
9484,SINGLE,0,0,1,False,-1
9485,TRIPLE,1,1,1,False,-1
9486,TRIPLE,1,1,1,False,-1
9487,TRIPLE,1,1,1,False,-1
9488,DOUBLE,0,1,1,False,-1
9489,DOUBLE,0,1,1,False,-1
9490,SINGLE,0,0,1,False,-1
9492,DOUBLE,0,1,1,False,-1
9493,TRIPLE,1,1,1,False,-1
9494,DOUBLE,0,1,1,False,-1
9495,TRIPLE,1,1,1,False,-1
9496,TRIPLE,1,1,1,False,-1
9497,TRIPLE,1,1,1,False,-1
9498,SINGLE,0,0,1,False,-1
9499,TRIPLE,1,1,1,False,-1
9500,DOUBLE,0,1,1,False,-1
9501,TRIPLE,1,1,1,False,-1
9502,TRIPLE,1,1,1,False,-1
9503,DOUBLE,0,1,1,False,-1
9504,TRIPLE,1,1,1,False,-1
9506,TRIPLE,1,1,1,False,-1
9507,DOUBLE,0,1,1,False,-1
9508,TRIPLE,1,1,1,False,-1
9509,TRIPLE,1,1,1,False,-1
9510,TRIPLE,1,1,1,False,-1
9514,TRIPLE,1,1,1,False,-1
9515,SINGLE,0,0,1,False,-1
9516,DOUBLE,0,1,1,False,-1
9517,DOUBLE,0,1,1,False,-1
9518,TRIPLE,1,1,1,False,-1
9519,DOUBLE,0,1,1,False,-1
9520,TRIPLE,1,1,1,False,-1
9521,TRIPLE,1,1,1,False,-1
9522,DOUBLE,0,1,1,False,-1
9523,TRIPLE,1,1,1,False,-1
9524,SINGLE,0,0,1,False,-1
9526,SINGLE,0,0,1,False,-1
9527,TRIPLE,1,1,1,False,-1
9528,TRIPLE,1,1,1,False,-1
9529,TRIPLE,1,1,1,False,-1
9530,TRIPLE,1,1,1,False,-1
9531,TRIPLE,1,1,1,False,-1
9532,TRIPLE,1,1,1,False,-1
9533,TRIPLE,1,1,1,False,-1
9534,SINGLE,0,0,1,False,-1
9535,DOUBLE,0,1,1,False,-1
9537,TRIPLE,1,1,1,False,-1
9538,DOUBLE,0,1,1,False,-1
9539,TRIPLE,1,1,1,False,-1
9540,TRIPLE,1,1,1,False,-1
9541,DOUBLE,0,1,1,False,-1
9542,TRIPLE,1,1,1,False,-1
9543,TRIPLE,1,1,1,False,-1
9544,TRIPLE,1,1,1,False,-1
9545,TRIPLE,1,1,1,False,-1
9546,TRIPLE,1,1,1,False,-1
9547,TRIPLE,1,1,1,False,-1
9548,TRIPLE,1,1,1,False,-1
9549,TRIPLE,1,1,1,False,-1
9550,DOUBLE,0,1,1,False,-1
9551,SINGLE,0,0,1,False,-1
9552,TRIPLE,1,1,1,False,-1
9553,SINGLE,0,0,1,False,-1
9554,TRIPLE,1,1,1,False,-1
9555,TRIPLE,1,1,1,False,-1
9556,DOUBLE,0,1,1,False,-1
9558,DOUBLE,0,1,1,False,-1
9559,DOUBLE,0,1,1,False,-1
9560,TRIPLE,1,1,1,False,-1
9563,TRIPLE,1,1,1,False,-1
9564,TRIPLE,1,1,1,False,-1
9565,TRIPLE,1,1,1,False,-1
9566,TRIPLE,1,1,1,False,-1
9567,DOUBLE,0,1,1,False,-1
9568,TRIPLE,1,1,1,False,-1
9569,DOUBLE,0,1,1,False,-1
9570,TRIPLE,1,1,1,False,-1
9571,TRIPLE,1,1,1,False,-1
9572,DOUBLE,0,1,1,False,-1
9573,TRIPLE,1,1,1,False,-1
9574,TRIPLE,1,1,1,False,-1
9575,TRIPLE,1,1,1,False,-1
9577,DOUBLE,0,1,1,False,-1
9578,TRIPLE,1,1,1,False,-1
9579,TRIPLE,1,1,1,False,-1
9580,TRIPLE,1,1,1,False,-1
9582,DOUBLE,0,1,1,False,-1
9584,SINGLE,0,0,1,False,-1
9585,TRIPLE,1,1,1,False,-1
9586,TRIPLE,1,1,1,False,-1
9587,TRIPLE,1,1,1,False,-1
9588,DOUBLE,0,1,1,False,-1
9589,TRIPLE,1,1,1,False,-1
9590,TRIPLE,1,1,1,False,-1
9591,TRIPLE,1,1,1,False,-1
9592,TRIPLE,1,1,1,False,-1
9594,DOUBLE,0,1,1,False,-1
9595,DOUBLE,0,1,1,False,-1
9597,DOUBLE,0,1,1,False,-1
9598,DOUBLE,0,1,1,False,-1
9599,SINGLE,0,0,1,False,-1
9600,TRIPLE,1,1,1,False,-1
9601,TRIPLE,1,1,1,False,-1
9602,TRIPLE,1,1,1,False,-1
9604,TRIPLE,1,1,1,False,-1
9605,TRIPLE,1,1,1,False,-1
9606,DOUBLE,0,1,1,False,-1
9607,TRIPLE,1,1,1,False,-1
9608,DOUBLE,0,1,1,False,-1
9610,DOUBLE,0,1,1,False,-1
9611,DOUBLE,0,1,1,False,-1
9612,TRIPLE,1,1,1,False,-1
9613,SINGLE,0,0,1,False,-1
9614,DOUBLE,0,1,1,False,-1
9615,TRIPLE,1,1,1,False,-1
9616,DOUBLE,0,1,1,False,-1
9617,SINGLE,0,0,1,False,-1
9618,SINGLE,0,0,1,False,-1
9619,SINGLE,0,0,1,False,-1
9620,DOUBLE,0,1,1,False,-1
9621,DOUBLE,0,1,1,False,-1
9622,SINGLE,0,0,1,False,-1
9623,DOUBLE,0,1,1,False,-1
9624,TRIPLE,1,1,1,False,-1
9625,TRIPLE,1,1,1,False,-1
9626,SINGLE,0,0,1,False,-1
9627,SINGLE,0,0,1,False,-1
9628,SINGLE,0,0,1,False,-1
9629,TRIPLE,1,1,1,False,-1
9630,SINGLE,0,0,1,False,-1
9631,TRIPLE,1,1,1,False,-1
9632,TRIPLE,1,1,1,False,-1
9633,SINGLE,0,0,1,False,-1
9634,TRIPLE,1,1,1,False,-1
9635,DOUBLE,0,1,1,False,-1
9636,SINGLE,0,0,1,False,-1
9637,DOUBLE,0,1,1,False,-1
9638,DOUBLE,0,1,1,False,-1
9639,TRIPLE,1,1,1,False,-1
9640,SINGLE,0,0,1,False,-1
9641,TRIPLE,1,1,1,False,-1
9642,TRIPLE,1,1,1,False,-1
9643,DOUBLE,0,1,1,False,-1
9644,TRIPLE,1,1,1,False,-1
9645,SINGLE,0,0,1,False,-1
9646,SINGLE,0,0,1,False,-1
9647,SINGLE,0,0,1,False,-1
9648,DOUBLE,0,1,1,False,-1
9649,TRIPLE,1,1,1,False,-1
9651,TRIPLE,1,1,1,False,-1
9652,TRIPLE,1,1,1,False,-1
9653,DOUBLE,0,1,1,False,-1
9654,TRIPLE,1,1,1,False,-1
9655,DOUBLE,0,1,1,False,-1
9656,TRIPLE,1,1,1,False,-1
9657,TRIPLE,1,1,1,False,-1
9658,SINGLE,0,0,1,False,-1
9659,DOUBLE,0,1,1,False,-1
9661,TRIPLE,1,1,1,False,-1
9662,TRIPLE,1,1,1,False,-1
9663,TRIPLE,1,1,1,False,-1
9664,TRIPLE,1,1,1,False,-1
9665,TRIPLE,1,1,1,False,-1
9666,TRIPLE,1,1,1,False,-1
9667,DOUBLE,0,1,1,False,-1
9668,TRIPLE,1,1,1,False,-1
9669,TRIPLE,1,1,1,False,-1
9670,SINGLE,0,0,1,False,-1
9671,SINGLE,0,0,1,False,-1
9672,TRIPLE,1,1,1,False,-1
9673,TRIPLE,1,1,1,False,-1
9674,DOUBLE,0,1,1,False,-1
9676,DOUBLE,0,1,1,False,-1
9677,DOUBLE,0,1,1,False,-1
9678,DOUBLE,0,1,1,False,-1
9679,SINGLE,0,0,1,False,-1
9680,TRIPLE,1,1,1,False,-1
9681,TRIPLE,1,1,1,False,-1
9682,DOUBLE,0,1,1,False,-1
9683,SINGLE,0,0,1,False,-1
9684,SINGLE,0,0,1,False,-1
9685,SINGLE,0,0,1,False,-1
9686,TRIPLE,1,1,1,False,-1
9687,DOUBLE,0,1,1,False,-1
9688,TRIPLE,1,1,1,False,-1
9689,TRIPLE,1,1,1,False,-1
9690,SINGLE,0,0,1,False,-1
9691,DOUBLE,0,1,1,False,-1
9692,TRIPLE,1,1,1,False,-1
9693,TRIPLE,1,1,1,False,-1
9694,TRIPLE,1,1,1,False,-1
9695,SINGLE,0,0,1,False,-1
9696,DOUBLE,0,1,1,False,-1
9697,DOUBLE,0,1,1,False,-1
9698,TRIPLE,1,1,1,False,-1
9699,DOUBLE,0,1,1,False,-1
9700,DOUBLE,0,1,1,False,-1
9701,TRIPLE,1,1,1,False,-1
9702,SINGLE,0,0,1,False,-1
9703,TRIPLE,1,1,1,False,-1
9704,TRIPLE,1,1,1,False,-1
9705,DOUBLE,0,1,1,False,-1
9706,DOUBLE,0,1,1,False,-1
9707,SINGLE,0,0,1,False,-1
9708,TRIPLE,1,1,1,False,-1
9709,TRIPLE,1,1,1,False,-1
9710,TRIPLE,1,1,1,False,-1
9711,TRIPLE,1,1,1,False,-1
9712,TRIPLE,1,1,1,False,-1
9713,TRIPLE,1,1,1,False,-1
9714,SINGLE,0,0,1,False,-1
9715,TRIPLE,1,1,1,False,-1
9716,DOUBLE,0,1,1,False,-1
9717,DOUBLE,0,1,1,False,-1
9718,SINGLE,0,0,1,False,-1
9719,TRIPLE,1,1,1,False,-1
9721,TRIPLE,1,1,1,False,-1
9722,DOUBLE,0,1,1,False,-1
9723,DOUBLE,0,1,1,False,-1
9724,TRIPLE,1,1,1,False,-1
9725,TRIPLE,1,1,1,False,-1
9726,TRIPLE,1,1,1,False,-1
9727,TRIPLE,1,1,1,False,-1
9728,TRIPLE,1,1,1,False,-1
9729,TRIPLE,1,1,1,False,-1
9730,TRIPLE,1,1,1,False,-1
9731,TRIPLE,1,1,1,False,-1
9732,DOUBLE,0,1,1,False,-1
9733,SINGLE,0,0,1,False,-1
9734,TRIPLE,1,1,1,False,-1
9735,TRIPLE,1,1,1,False,-1
9736,TRIPLE,1,1,1,False,-1
9737,TRIPLE,1,1,1,False,-1
9738,TRIPLE,1,1,1,False,-1
9739,TRIPLE,1,1,1,False,-1
9740,SINGLE,0,0,1,False,-1
9741,TRIPLE,1,1,1,False,-1
9742,TRIPLE,1,1,1,False,-1
9743,TRIPLE,1,1,1,False,-1
9744,TRIPLE,1,1,1,False,-1
9745,TRIPLE,1,1,1,False,-1
9747,DOUBLE,0,1,1,False,-1
9748,TRIPLE,1,1,1,False,-1
9750,TRIPLE,1,1,1,False,-1
9751,TRIPLE,1,1,1,False,-1
9752,SINGLE,0,0,1,False,-1
9753,TRIPLE,1,1,1,False,-1
9754,DOUBLE,0,1,1,False,-1
9755,TRIPLE,1,1,1,False,-1
9756,SINGLE,0,0,1,False,-1
9757,SINGLE,0,0,1,False,-1
9758,DOUBLE,0,1,1,False,-1
9759,DOUBLE,0,1,1,False,-1
9760,TRIPLE,1,1,1,False,-1
9761,SINGLE,0,0,1,False,-1
9762,DOUBLE,0,1,1,False,-1
9763,TRIPLE,1,1,1,False,-1
9764,DOUBLE,0,1,1,False,-1
9765,TRIPLE,1,1,1,False,-1
9766,TRIPLE,1,1,1,False,-1
9767,TRIPLE,1,1,1,False,-1
9768,TRIPLE,1,1,1,False,-1
9769,TRIPLE,1,1,1,False,-1
9770,TRIPLE,1,1,1,False,-1
9771,TRIPLE,1,1,1,False,-1
9772,SINGLE,0,0,1,False,-1
9774,TRIPLE,1,1,1,False,-1
9775,SINGLE,0,0,1,False,-1
9776,SINGLE,0,0,1,False,-1
9777,DOUBLE,0,1,1,False,-1
9778,TRIPLE,1,1,1,False,-1
9779,DOUBLE,0,1,1,False,-1
9780,TRIPLE,1,1,1,False,-1
9781,DOUBLE,0,1,1,False,-1
9782,TRIPLE,1,1,1,False,-1
9783,TRIPLE,1,1,1,False,-1
9784,TRIPLE,1,1,1,False,-1
9785,TRIPLE,1,1,1,False,-1
9786,TRIPLE,1,1,1,False,-1
9787,TRIPLE,1,1,1,False,-1
9788,DOUBLE,0,1,1,False,-1
9789,TRIPLE,1,1,1,False,-1
9790,TRIPLE,1,1,1,False,-1
9791,TRIPLE,1,1,1,False,-1
9792,DOUBLE,0,1,1,False,-1
9793,TRIPLE,1,1,1,False,-1
9794,TRIPLE,1,1,1,False,-1
9795,SINGLE,0,0,1,False,-1
9796,TRIPLE,1,1,1,False,-1
9797,TRIPLE,1,1,1,False,-1
9798,TRIPLE,1,1,1,False,-1
9799,TRIPLE,1,1,1,False,-1
9800,DOUBLE,0,1,1,False,-1
9801,TRIPLE,1,1,1,False,-1
9802,SINGLE,0,0,1,False,-1
9803,DOUBLE,0,1,1,False,-1
9805,TRIPLE,1,1,1,False,-1
9806,TRIPLE,1,1,1,False,-1
9807,DOUBLE,0,1,1,False,-1
9808,DOUBLE,0,1,1,False,-1
9809,TRIPLE,1,1,1,False,-1
9810,DOUBLE,0,1,1,False,-1
9812,SINGLE,0,0,1,False,-1
9813,TRIPLE,1,1,1,False,-1
9815,TRIPLE,1,1,1,False,-1
9816,TRIPLE,1,1,1,False,-1
9817,SINGLE,0,0,1,False,-1
9818,DOUBLE,0,1,1,False,-1
9819,DOUBLE,0,1,1,False,-1
9820,TRIPLE,1,1,1,False,-1
9821,SINGLE,0,0,1,False,-1
9822,DOUBLE,0,1,1,False,-1
9823,SINGLE,0,0,1,False,-1
9824,TRIPLE,1,1,1,False,-1
9825,DOUBLE,0,1,1,False,-1
9826,SINGLE,0,0,1,False,-1
9827,DOUBLE,0,1,1,False,-1
9828,TRIPLE,1,1,1,False,-1
9829,DOUBLE,0,1,1,False,-1
9830,TRIPLE,1,1,1,False,-1
9831,TRIPLE,1,1,1,False,-1
9832,TRIPLE,1,1,1,False,-1
9833,TRIPLE,1,1,1,False,-1
9834,DOUBLE,0,1,1,False,-1
9835,SINGLE,0,0,1,False,-1
9836,DOUBLE,0,1,1,False,-1
9837,DOUBLE,0,1,1,False,-1
9838,TRIPLE,1,1,1,False,-1
9839,TRIPLE,1,1,1,False,-1
9841,DOUBLE,0,1,1,False,-1
9842,TRIPLE,1,1,1,False,-1
9843,SINGLE,0,0,1,False,-1
9844,TRIPLE,1,1,1,False,-1
9845,TRIPLE,1,1,1,False,-1
9846,DOUBLE,0,1,1,False,-1
9847,SINGLE,0,0,1,False,-1
9848,TRIPLE,1,1,1,False,-1
9849,SINGLE,0,0,1,False,-1
9850,TRIPLE,1,1,1,False,-1
9851,DOUBLE,0,1,1,False,-1
9852,DOUBLE,0,1,1,False,-1
9853,TRIPLE,1,1,1,False,-1
9854,SINGLE,0,0,1,False,-1
9855,SINGLE,0,0,1,False,-1
9856,TRIPLE,1,1,1,False,-1
9857,TRIPLE,1,1,1,False,-1
9858,DOUBLE,1,0,1,False,-1
9859,TRIPLE,1,1,1,False,-1
9860,TRIPLE,1,1,1,False,-1
9861,DOUBLE,0,1,1,False,-1
9862,TRIPLE,1,1,1,False,-1
9863,TRIPLE,1,1,1,False,-1
9865,TRIPLE,1,1,1,False,-1
9866,TRIPLE,1,1,1,False,-1
9868,SINGLE,0,0,1,False,-1
9869,TRIPLE,1,1,1,False,-1
9870,SINGLE,0,0,1,False,-1
9871,TRIPLE,1,1,1,False,-1
9872,SINGLE,0,0,1,False,-1
9873,DOUBLE,0,1,1,False,-1
9874,SINGLE,0,0,1,False,-1
9875,TRIPLE,1,1,1,False,-1
9876,TRIPLE,1,1,1,False,-1
9877,TRIPLE,1,1,1,False,-1
9878,TRIPLE,1,1,1,False,-1
9879,SINGLE,0,0,1,False,-1
9880,TRIPLE,1,1,1,False,-1
9881,SINGLE,0,0,1,False,-1
9882,SINGLE,0,0,1,False,-1
9883,TRIPLE,1,1,1,False,-1
9884,TRIPLE,1,1,1,False,-1
9885,TRIPLE,1,1,1,False,-1
9886,TRIPLE,1,1,1,False,-1
9887,SINGLE,0,0,1,False,-1
9888,TRIPLE,1,1,1,False,-1
9889,TRIPLE,1,1,1,False,-1
9890,TRIPLE,1,1,1,False,-1
9891,TRIPLE,1,1,1,False,-1
9892,DOUBLE,0,1,1,False,-1
9893,DOUBLE,0,1,1,False,-1
9894,TRIPLE,1,1,1,False,-1
9895,TRIPLE,1,1,1,False,-1
9896,TRIPLE,1,1,1,False,-1
9898,TRIPLE,1,1,1,False,-1
9899,TRIPLE,1,1,1,False,-1
9900,DOUBLE,0,1,1,False,-1
9901,DOUBLE,0,1,1,False,-1
9902,DOUBLE,0,1,1,False,-1
9903,DOUBLE,0,1,1,False,-1
9904,SINGLE,0,0,1,False,-1
9905,TRIPLE,1,1,1,False,-1
9906,DOUBLE,0,1,1,False,-1
9907,SINGLE,0,0,1,False,-1
9908,TRIPLE,1,1,1,False,-1
9910,TRIPLE,1,1,1,False,-1
9911,DOUBLE,0,1,1,False,-1
9912,DOUBLE,0,1,1,False,-1
9913,DOUBLE,0,1,1,False,-1
9914,SINGLE,0,0,1,False,-1
9915,DOUBLE,0,1,1,False,-1
9916,DOUBLE,0,1,1,False,-1
9917,DOUBLE,0,1,1,False,-1
9918,DOUBLE,0,1,1,False,-1
9919,TRIPLE,1,1,1,False,-1
9920,SINGLE,0,0,1,False,-1
9921,SINGLE,0,0,1,False,-1
9923,TRIPLE,1,1,1,False,-1
9924,TRIPLE,1,1,1,False,-1
9925,DOUBLE,0,1,1,False,-1
9926,TRIPLE,1,1,1,False,-1
9927,TRIPLE,1,1,1,False,-1
9928,DOUBLE,0,1,1,False,-1
9929,DOUBLE,0,1,1,False,-1
9930,DOUBLE,0,1,1,False,-1
9931,TRIPLE,1,1,1,False,-1
9932,TRIPLE,1,1,1,False,-1
9933,TRIPLE,1,1,1,False,-1
9934,TRIPLE,1,1,1,False,-1
9935,TRIPLE,1,1,1,False,-1
9936,TRIPLE,1,1,1,False,-1
9937,DOUBLE,0,1,1,False,-1
9938,DOUBLE,0,1,1,False,-1
9939,TRIPLE,1,1,1,False,-1
9940,DOUBLE,0,1,1,False,-1
9941,TRIPLE,1,1,1,False,-1
9942,TRIPLE,1,1,1,False,-1
9943,DOUBLE,0,1,1,False,-1
9946,DOUBLE,0,1,1,False,-1
9947,TRIPLE,1,1,1,False,-1
9948,DOUBLE,0,1,1,False,-1
9949,TRIPLE,1,1,1,False,-1
9950,TRIPLE,1,1,1,False,-1
9951,TRIPLE,1,1,1,False,-1
9953,SINGLE,0,0,1,False,-1
9954,DOUBLE,0,1,1,False,-1
9955,DOUBLE,0,1,1,False,-1
9957,DOUBLE,0,1,1,False,-1
9958,DOUBLE,0,1,1,False,-1
9959,DOUBLE,0,1,1,False,-1
9960,TRIPLE,1,1,1,False,-1
9961,SINGLE,0,0,1,False,-1
9962,DOUBLE,0,1,1,False,-1
9963,DOUBLE,0,1,1,False,-1
9965,DOUBLE,0,1,1,False,-1
9967,SINGLE,0,0,1,False,-1
9968,DOUBLE,0,1,1,False,-1
9969,SINGLE,0,0,1,False,-1
9970,SINGLE,0,0,1,False,-1
9971,TRIPLE,1,1,1,False,-1
9972,TRIPLE,1,1,1,False,-1
9973,TRIPLE,1,1,1,False,-1
9974,TRIPLE,1,1,1,False,-1
9975,TRIPLE,1,1,1,False,-1
9976,DOUBLE,0,1,1,False,-1
9977,TRIPLE,1,1,1,False,-1
9978,DOUBLE,0,1,1,False,-1
9979,TRIPLE,1,1,1,False,-1
9980,TRIPLE,1,1,1,False,-1
9981,DOUBLE,0,1,1,False,-1
9982,TRIPLE,1,1,1,False,-1
9983,DOUBLE,0,1,1,False,-1
9984,DOUBLE,0,1,1,False,-1
9985,DOUBLE,0,1,1,False,-1
9986,TRIPLE,1,1,1,False,-1
9987,TRIPLE,1,1,1,False,-1
9988,SINGLE,0,0,1,False,-1
9989,TRIPLE,1,1,1,False,-1
9990,DOUBLE,0,1,1,False,-1
9991,TRIPLE,1,1,1,False,-1
9992,TRIPLE,1,1,1,False,-1
9993,DOUBLE,0,1,1,False,-1
9994,DOUBLE,0,1,1,False,-1
9995,DOUBLE,0,1,1,False,-1
9996,TRIPLE,1,1,1,False,-1
9997,DOUBLE,0,1,1,False,-1
9998,DOUBLE,0,1,1,False,-1
9999,DOUBLE,0,1,1,False,-1
