EventID,HitTop,HitMiddle,HitBottom,DecayTime_ns
0,TRIPLE,1,1,1,False,-1
1,DOUBLE,0,1,1,False,-1
2,TRIPLE,1,1,1,False,-1
3,TRIPLE,1,1,1,False,-1
4,SINGLE,0,0,1,False,-1
5,DOUBLE,0,1,1,False,-1
6,TRIPLE,1,1,1,False,-1
7,TRIPLE,1,1,1,False,-1
8,TRIPLE,1,1,1,False,-1
9,TRIPLE,1,1,1,False,-1
10,SINGLE,0,0,1,False,-1
11,DOUBLE,0,1,1,False,-1
13,SINGLE,0,0,1,False,-1
14,DOUBLE,0,1,1,False,-1
15,TRIPLE,1,1,1,False,-1
16,DOUBLE,0,1,1,False,-1
18,SINGLE,0,0,1,False,-1
20,DOUBLE,0,1,1,False,-1
21,TRIPLE,1,1,1,False,-1
22,TRIPLE,1,1,1,False,-1
23,DOUBLE,0,1,1,False,-1
24,TRIPLE,1,1,1,False,-1
25,TRIPLE,1,1,1,False,-1
26,TRIPLE,1,1,1,False,-1
27,DOUBLE,0,1,1,False,-1
28,DOUBLE,0,1,1,False,-1
29,SINGLE,0,0,1,False,-1
30,TRIPLE,1,1,1,False,-1
31,DOUBLE,0,1,1,False,-1
32,DOUBLE,0,1,1,False,-1
33,TRIPLE,1,1,1,False,-1
34,TRIPLE,1,1,1,False,-1
35,TRIPLE,1,1,1,False,-1
36,DOUBLE,0,1,1,False,-1
37,TRIPLE,1,1,1,False,-1
38,DOUBLE,0,1,1,False,-1
39,TRIPLE,1,1,1,False,-1
40,SINGLE,0,0,1,False,-1
41,DOUBLE,0,1,1,False,-1
42,TRIPLE,1,1,1,False,-1
43,DOUBLE,0,1,1,False,-1
44,TRIPLE,1,1,1,False,-1
45,TRIPLE,1,1,1,False,-1
46,TRIPLE,1,1,1,False,-1
47,DOUBLE,0,1,1,False,-1
48,TRIPLE,1,1,1,False,-1
50,TRIPLE,1,1,1,False,-1
51,DOUBLE,0,1,1,False,-1
52,TRIPLE,1,1,1,False,-1
53,TRIPLE,1,1,1,False,-1
54,DOUBLE,0,1,1,False,-1
55,TRIPLE,1,1,1,False,-1
57,SINGLE,0,0,1,False,-1
58,SINGLE,0,0,1,False,-1
59,TRIPLE,1,1,1,False,-1
60,TRIPLE,1,1,1,False,-1
61,DOUBLE,0,1,1,False,-1
62,TRIPLE,1,1,1,False,-1
63,TRIPLE,1,1,1,False,-1
64,TRIPLE,1,1,1,False,-1
65,TRIPLE,1,1,1,False,-1
66,TRIPLE,1,1,1,False,-1
67,TRIPLE,1,1,1,False,-1
68,TRIPLE,1,1,1,False,-1
69,TRIPLE,1,1,1,False,-1
70,TRIPLE,1,1,1,False,-1
71,TRIPLE,1,1,1,False,-1
72,SINGLE,0,0,1,False,-1
73,DOUBLE,0,1,1,False,-1
74,DOUBLE,0,1,1,False,-1
75,DOUBLE,0,1,1,False,-1
76,TRIPLE,1,1,1,False,-1
77,TRIPLE,1,1,1,False,-1
78,DOUBLE,0,1,1,False,-1
79,SINGLE,0,0,1,False,-1
80,SINGLE,0,0,1,False,-1
81,DOUBLE,0,1,1,False,-1
83,TRIPLE,1,1,1,False,-1
84,DOUBLE,0,1,1,False,-1
85,TRIPLE,1,1,1,False,-1
87,TRIPLE,1,1,1,False,-1
88,TRIPLE,1,1,1,False,-1
89,DOUBLE,0,1,1,False,-1
90,TRIPLE,1,1,1,False,-1
91,TRIPLE,1,1,1,False,-1
92,TRIPLE,1,1,1,False,-1
93,SINGLE,0,0,1,False,-1
94,DOUBLE,0,1,1,False,-1
95,TRIPLE,1,1,1,False,-1
96,TRIPLE,1,1,1,False,-1
97,TRIPLE,1,1,1,False,-1
99,DOUBLE,0,1,1,False,-1
100,TRIPLE,1,1,1,False,-1
101,DOUBLE,0,1,1,False,-1
103,DOUBLE,0,1,1,False,-1
104,DOUBLE,0,1,1,False,-1
105,DOUBLE,0,1,1,False,-1
106,TRIPLE,1,1,1,False,-1
107,TRIPLE,1,1,1,False,-1
108,SINGLE,0,0,1,False,-1
109,DOUBLE,0,1,1,False,-1
110,DOUBLE,0,1,1,False,-1
112,TRIPLE,1,1,1,False,-1
113,SINGLE,0,0,1,False,-1
114,TRIPLE,1,1,1,False,-1
115,SINGLE,0,0,1,False,-1
116,TRIPLE,1,1,1,False,-1
117,TRIPLE,1,1,1,False,-1
118,DOUBLE,0,1,1,False,-1
119,DOUBLE,0,1,1,False,-1
120,DOUBLE,0,1,1,False,-1
121,TRIPLE,1,1,1,False,-1
123,TRIPLE,1,1,1,False,-1
124,DOUBLE,0,1,1,False,-1
125,TRIPLE,1,1,1,False,-1
126,SINGLE,0,0,1,False,-1
127,TRIPLE,1,1,1,False,-1
128,TRIPLE,1,1,1,False,-1
130,DOUBLE,0,1,1,False,-1
131,SINGLE,0,0,1,False,-1
132,DOUBLE,0,1,1,False,-1
133,TRIPLE,1,1,1,False,-1
134,SINGLE,0,0,1,False,-1
135,TRIPLE,1,1,1,False,-1
136,TRIPLE,1,1,1,False,-1
137,TRIPLE,1,1,1,False,-1
138,SINGLE,0,0,1,False,-1
139,TRIPLE,1,1,1,False,-1
140,SINGLE,0,0,1,False,-1
141,SINGLE,0,0,1,False,-1
142,DOUBLE,0,1,1,False,-1
144,TRIPLE,1,1,1,False,-1
145,TRIPLE,1,1,1,False,-1
146,TRIPLE,1,1,1,False,-1
147,TRIPLE,1,1,1,False,-1
148,SINGLE,0,0,1,False,-1
149,TRIPLE,1,1,1,False,-1
150,DOUBLE,0,1,1,False,-1
151,DOUBLE,0,1,1,False,-1
153,TRIPLE,1,1,1,False,-1
154,TRIPLE,1,1,1,False,-1
156,TRIPLE,1,1,1,False,-1
157,DOUBLE,0,1,1,False,-1
158,TRIPLE,1,1,1,False,-1
159,DOUBLE,0,1,1,False,-1
161,TRIPLE,1,1,1,False,-1
162,TRIPLE,1,1,1,False,-1
163,TRIPLE,1,1,1,False,-1
164,DOUBLE,0,1,1,False,-1
165,SINGLE,0,0,1,False,-1
166,TRIPLE,1,1,1,False,-1
167,SINGLE,0,0,1,False,-1
169,TRIPLE,1,1,1,False,-1
170,DOUBLE,0,1,1,False,-1
171,SINGLE,0,0,1,False,-1
172,TRIPLE,1,1,1,False,-1
173,DOUBLE,0,1,1,False,-1
174,TRIPLE,1,1,1,False,-1
175,TRIPLE,1,1,1,False,-1
176,TRIPLE,1,1,1,False,-1
177,DOUBLE,0,1,1,False,-1
178,TRIPLE,1,1,1,False,-1
179,DOUBLE,0,1,1,False,-1
180,TRIPLE,1,1,1,False,-1
181,TRIPLE,1,1,1,False,-1
182,SINGLE,0,0,1,False,-1
183,TRIPLE,1,1,1,False,-1
184,SINGLE,0,0,1,False,-1
186,DOUBLE,0,1,1,False,-1
187,TRIPLE,1,1,1,False,-1
188,DOUBLE,0,1,1,False,-1
189,TRIPLE,1,1,1,False,-1
190,TRIPLE,1,1,1,False,-1
191,TRIPLE,1,1,1,False,-1
193,SINGLE,0,0,1,False,-1
194,TRIPLE,1,1,1,False,-1
195,DOUBLE,0,1,1,False,-1
196,TRIPLE,1,1,1,False,-1
197,SINGLE,0,0,1,False,-1
198,DOUBLE,0,1,1,False,-1
199,DOUBLE,0,1,1,False,-1
200,DOUBLE,0,1,1,False,-1
201,TRIPLE,1,1,1,False,-1
202,TRIPLE,1,1,1,False,-1
203,DOUBLE,0,1,1,False,-1
204,DOUBLE,0,1,1,False,-1
205,TRIPLE,1,1,1,False,-1
206,DOUBLE,0,1,1,False,-1
207,SINGLE,0,0,1,False,-1
208,DOUBLE,0,1,1,False,-1
209,TRIPLE,1,1,1,False,-1
211,DOUBLE,0,1,1,False,-1
212,DOUBLE,0,1,1,False,-1
213,TRIPLE,1,1,1,False,-1
214,TRIPLE,1,1,1,False,-1
215,DOUBLE,0,1,1,False,-1
216,TRIPLE,1,1,1,False,-1
217,TRIPLE,1,1,1,False,-1
218,DOUBLE,0,1,1,False,-1
219,TRIPLE,1,1,1,False,-1
220,TRIPLE,1,1,1,False,-1
221,TRIPLE,1,1,1,False,-1
222,DOUBLE,0,1,1,False,-1
223,TRIPLE,1,1,1,False,-1
224,DOUBLE,0,1,1,False,-1
225,DOUBLE,0,1,1,False,-1
226,SINGLE,0,0,1,False,-1
227,DOUBLE,0,1,1,False,-1
228,DOUBLE,0,1,1,False,-1
229,TRIPLE,1,1,1,False,-1
230,TRIPLE,1,1,1,False,-1
231,TRIPLE,1,1,1,False,-1
232,DOUBLE,0,1,1,False,-1
233,TRIPLE,1,1,1,False,-1
234,TRIPLE,1,1,1,False,-1
235,TRIPLE,1,1,1,False,-1
236,TRIPLE,1,1,1,False,-1
237,SINGLE,0,0,1,False,-1
238,TRIPLE,1,1,1,False,-1
239,DOUBLE,0,1,1,False,-1
240,DOUBLE,0,1,1,False,-1
242,TRIPLE,1,1,1,False,-1
244,DOUBLE,0,1,1,False,-1
245,DOUBLE,0,1,1,False,-1
246,TRIPLE,1,1,1,False,-1
248,TRIPLE,1,1,1,False,-1
249,TRIPLE,1,1,1,False,-1
250,TRIPLE,1,1,1,False,-1
252,TRIPLE,1,1,1,False,-1
253,SINGLE,0,0,1,False,-1
254,TRIPLE,1,1,1,False,-1
255,TRIPLE,1,1,1,False,-1
256,TRIPLE,1,1,1,False,-1
257,TRIPLE,1,1,1,False,-1
259,TRIPLE,1,1,1,False,-1
261,DOUBLE,0,1,1,False,-1
262,TRIPLE,1,1,1,False,-1
263,TRIPLE,1,1,1,False,-1
264,TRIPLE,1,1,1,False,-1
265,TRIPLE,1,1,1,False,-1
266,DOUBLE,0,1,1,False,-1
267,TRIPLE,1,1,1,False,-1
268,TRIPLE,1,1,1,False,-1
269,TRIPLE,1,1,1,False,-1
270,TRIPLE,1,1,1,False,-1
271,DOUBLE,0,1,1,False,-1
272,DOUBLE,0,1,1,False,-1
273,TRIPLE,1,1,1,False,-1
274,DOUBLE,0,1,1,False,-1
275,TRIPLE,1,1,1,False,-1
276,TRIPLE,1,1,1,False,-1
277,TRIPLE,1,1,1,False,-1
278,DOUBLE,0,1,1,False,-1
279,TRIPLE,1,1,1,False,-1
280,DOUBLE,0,1,1,False,-1
281,DOUBLE,0,1,1,False,-1
282,TRIPLE,1,1,1,False,-1
283,TRIPLE,1,1,1,False,-1
284,DOUBLE,0,1,1,False,-1
285,TRIPLE,1,1,1,False,-1
286,SINGLE,0,0,1,False,-1
287,DOUBLE,0,1,1,False,-1
288,TRIPLE,1,1,1,False,-1
289,TRIPLE,1,1,1,False,-1
290,SINGLE,0,0,1,False,-1
291,SINGLE,0,0,1,False,-1
292,TRIPLE,1,1,1,False,-1
293,DOUBLE,0,1,1,False,-1
294,TRIPLE,1,1,1,False,-1
295,TRIPLE,1,1,1,False,-1
296,TRIPLE,1,1,1,False,-1
297,TRIPLE,1,1,1,False,-1
298,DOUBLE,0,1,1,False,-1
299,TRIPLE,1,1,1,False,-1
300,DOUBLE,0,1,1,False,-1
302,TRIPLE,1,1,1,False,-1
303,DOUBLE,0,1,1,False,-1
304,TRIPLE,1,1,1,False,-1
305,DOUBLE,0,1,1,False,-1
306,DOUBLE,0,1,1,False,-1
307,DOUBLE,0,1,1,False,-1
308,TRIPLE,1,1,1,False,-1
309,TRIPLE,1,1,1,False,-1
310,DOUBLE,0,1,1,False,-1
311,TRIPLE,1,1,1,False,-1
312,SINGLE,0,0,1,False,-1
313,SINGLE,0,0,1,False,-1
314,TRIPLE,1,1,1,False,-1
316,DOUBLE,0,1,1,False,-1
317,SINGLE,0,0,1,False,-1
318,TRIPLE,1,1,1,False,-1
320,TRIPLE,1,1,1,False,-1
321,DOUBLE,0,1,1,False,-1
322,SINGLE,0,0,1,False,-1
323,TRIPLE,1,1,1,False,-1
324,DOUBLE,0,1,1,False,-1
325,TRIPLE,1,1,1,False,-1
326,TRIPLE,1,1,1,False,-1
327,TRIPLE,1,1,1,False,-1
328,TRIPLE,1,1,1,False,-1
329,TRIPLE,1,1,1,False,-1
330,DOUBLE,0,1,1,False,-1
331,DOUBLE,0,1,1,False,-1
332,TRIPLE,1,1,1,False,-1
333,DOUBLE,0,1,1,False,-1
334,TRIPLE,1,1,1,False,-1
335,DOUBLE,0,1,1,False,-1
336,TRIPLE,1,1,1,False,-1
337,SINGLE,0,0,1,False,-1
339,TRIPLE,1,1,1,False,-1
341,SINGLE,0,0,1,False,-1
342,TRIPLE,1,1,1,False,-1
343,TRIPLE,1,1,1,False,-1
344,DOUBLE,0,1,1,False,-1
345,DOUBLE,0,1,1,False,-1
346,TRIPLE,1,1,1,False,-1
347,TRIPLE,1,1,1,False,-1
348,SINGLE,0,0,1,False,-1
349,TRIPLE,1,1,1,False,-1
350,TRIPLE,1,1,1,False,-1
351,SINGLE,0,0,1,False,-1
352,TRIPLE,1,1,1,False,-1
353,TRIPLE,1,1,1,False,-1
354,TRIPLE,1,1,1,False,-1
355,SINGLE,0,0,1,False,-1
356,TRIPLE,1,1,1,False,-1
357,TRIPLE,1,1,1,False,-1
358,DOUBLE,0,1,1,False,-1
360,SINGLE,0,0,1,False,-1
361,SINGLE,0,0,1,False,-1
362,SINGLE,0,0,1,False,-1
363,SINGLE,0,0,1,False,-1
365,SINGLE,0,0,1,False,-1
366,TRIPLE,1,1,1,False,-1
367,DOUBLE,0,1,1,False,-1
368,DOUBLE,0,1,1,False,-1
369,DOUBLE,0,1,1,False,-1
370,TRIPLE,1,1,1,False,-1
372,TRIPLE,1,1,1,False,-1
373,TRIPLE,1,1,1,False,-1
374,DOUBLE,0,1,1,False,-1
375,TRIPLE,1,1,1,False,-1
377,TRIPLE,1,1,1,False,-1
378,TRIPLE,1,1,1,False,-1
379,DOUBLE,0,1,1,False,-1
380,DOUBLE,0,1,1,False,-1
381,TRIPLE,1,1,1,False,-1
382,DOUBLE,0,1,1,False,-1
383,TRIPLE,1,1,1,False,-1
384,TRIPLE,1,1,1,False,-1
385,DOUBLE,0,1,1,False,-1
387,TRIPLE,1,1,1,False,-1
388,DOUBLE,0,1,1,False,-1
389,TRIPLE,1,1,1,False,-1
390,TRIPLE,1,1,1,False,-1
392,TRIPLE,1,1,1,False,-1
393,TRIPLE,1,1,1,False,-1
394,DOUBLE,0,1,1,False,-1
395,TRIPLE,1,1,1,False,-1
396,DOUBLE,0,1,1,False,-1
397,TRIPLE,1,1,1,False,-1
398,TRIPLE,1,1,1,False,-1
399,TRIPLE,1,1,1,False,-1
400,TRIPLE,1,1,1,False,-1
401,TRIPLE,1,1,1,False,-1
402,TRIPLE,1,1,1,False,-1
403,DOUBLE,0,1,1,False,-1
404,DOUBLE,0,1,1,False,-1
405,DOUBLE,0,1,1,False,-1
406,TRIPLE,1,1,1,False,-1
407,TRIPLE,1,1,1,False,-1
408,TRIPLE,1,1,1,False,-1
409,TRIPLE,1,1,1,False,-1
410,DOUBLE,0,1,1,False,-1
411,TRIPLE,1,1,1,False,-1
412,TRIPLE,1,1,1,False,-1
413,TRIPLE,1,1,1,False,-1
414,DOUBLE,0,1,1,False,-1
415,DOUBLE,0,1,1,False,-1
416,TRIPLE,1,1,1,False,-1
419,TRIPLE,1,1,1,False,-1
420,TRIPLE,1,1,1,False,-1
421,TRIPLE,1,1,1,False,-1
422,TRIPLE,1,1,1,False,-1
423,TRIPLE,1,1,1,False,-1
425,SINGLE,0,0,1,False,-1
426,TRIPLE,1,1,1,False,-1
427,TRIPLE,1,1,1,False,-1
428,TRIPLE,1,1,1,False,-1
429,DOUBLE,0,1,1,False,-1
430,DOUBLE,0,1,1,False,-1
431,TRIPLE,1,1,1,False,-1
432,TRIPLE,1,1,1,False,-1
433,TRIPLE,1,1,1,False,-1
434,DOUBLE,0,1,1,False,-1
435,SINGLE,0,0,1,False,-1
436,TRIPLE,1,1,1,False,-1
437,SINGLE,0,0,1,False,-1
438,SINGLE,0,0,1,False,-1
439,TRIPLE,1,1,1,False,-1
440,TRIPLE,1,1,1,False,-1
441,DOUBLE,0,1,1,False,-1
442,DOUBLE,0,1,1,False,-1
443,SINGLE,0,0,1,False,-1
444,DOUBLE,0,1,1,False,-1
445,TRIPLE,1,1,1,False,-1
446,TRIPLE,1,1,1,False,-1
447,DOUBLE,0,1,1,False,-1
448,TRIPLE,1,1,1,False,-1
449,TRIPLE,1,1,1,False,-1
451,DOUBLE,0,1,1,False,-1
452,TRIPLE,1,1,1,False,-1
453,DOUBLE,0,1,1,False,-1
454,TRIPLE,1,1,1,False,-1
455,SINGLE,0,0,1,False,-1
456,TRIPLE,1,1,1,False,-1
457,DOUBLE,0,1,1,False,-1
458,DOUBLE,0,1,1,False,-1
459,TRIPLE,1,1,1,False,-1
460,TRIPLE,1,1,1,False,-1
461,DOUBLE,0,1,1,False,-1
462,DOUBLE,0,1,1,False,-1
463,SINGLE,0,0,1,False,-1
464,TRIPLE,1,1,1,False,-1
465,TRIPLE,1,1,1,False,-1
466,DOUBLE,0,1,1,False,-1
467,TRIPLE,1,1,1,False,-1
468,TRIPLE,1,1,1,False,-1
469,SINGLE,0,0,1,False,-1
470,DOUBLE,0,1,1,False,-1
471,TRIPLE,1,1,1,False,-1
472,DOUBLE,0,1,1,False,-1
473,TRIPLE,1,1,1,False,-1
474,TRIPLE,1,1,1,False,-1
475,TRIPLE,1,1,1,False,-1
476,TRIPLE,1,1,1,False,-1
477,DOUBLE,0,1,1,False,-1
478,TRIPLE,1,1,1,False,-1
479,DOUBLE,0,1,1,False,-1
481,DOUBLE,0,1,1,False,-1
482,DOUBLE,0,1,1,False,-1
483,SINGLE,0,0,1,False,-1
484,DOUBLE,0,1,1,False,-1
485,TRIPLE,1,1,1,False,-1
486,TRIPLE,1,1,1,False,-1
487,TRIPLE,1,1,1,False,-1
488,TRIPLE,1,1,1,False,-1
489,SINGLE,0,0,1,False,-1
490,SINGLE,0,0,1,False,-1
491,TRIPLE,1,1,1,False,-1
492,DOUBLE,0,1,1,False,-1
493,TRIPLE,1,1,1,False,-1
494,SINGLE,0,0,1,False,-1
495,SINGLE,0,0,1,False,-1
496,SINGLE,0,0,1,False,-1
497,SINGLE,0,0,1,False,-1
498,TRIPLE,1,1,1,False,-1
499,DOUBLE,0,1,1,False,-1
500,TRIPLE,1,1,1,False,-1
501,DOUBLE,0,1,1,False,-1
502,SINGLE,0,0,1,False,-1
503,TRIPLE,1,1,1,False,-1
504,DOUBLE,0,1,1,False,-1
505,DOUBLE,0,1,1,False,-1
506,TRIPLE,1,1,1,False,-1
507,DOUBLE,0,1,1,False,-1
508,TRIPLE,1,1,1,False,-1
509,TRIPLE,1,1,1,False,-1
510,TRIPLE,1,1,1,False,-1
512,DOUBLE,0,1,1,False,-1
513,TRIPLE,1,1,1,False,-1
514,DOUBLE,0,1,1,False,-1
515,SINGLE,0,0,1,False,-1
516,TRIPLE,1,1,1,False,-1
517,SINGLE,0,0,1,False,-1
518,TRIPLE,1,1,1,False,-1
519,SINGLE,0,0,1,False,-1
520,TRIPLE,1,1,1,False,-1
521,TRIPLE,1,1,1,False,-1
522,DOUBLE,0,1,1,False,-1
523,TRIPLE,1,1,1,False,-1
524,DOUBLE,0,1,1,False,-1
525,SINGLE,0,0,1,False,-1
526,DOUBLE,0,1,1,False,-1
527,TRIPLE,1,1,1,False,-1
528,TRIPLE,1,1,1,False,-1
530,TRIPLE,1,1,1,False,-1
531,DOUBLE,0,1,1,False,-1
532,DOUBLE,0,1,1,False,-1
533,SINGLE,0,0,1,False,-1
534,TRIPLE,1,1,1,False,-1
535,TRIPLE,1,1,1,False,-1
536,DOUBLE,0,1,1,False,-1
537,TRIPLE,1,1,1,False,-1
538,TRIPLE,1,1,1,False,-1
539,TRIPLE,1,1,1,False,-1
540,DOUBLE,0,1,1,False,-1
541,DOUBLE,0,1,1,False,-1
542,SINGLE,0,0,1,False,-1
543,TRIPLE,1,1,1,False,-1
545,DOUBLE,0,1,1,False,-1
546,DOUBLE,0,1,1,False,-1
547,SINGLE,0,0,1,False,-1
548,TRIPLE,1,1,1,False,-1
549,TRIPLE,1,1,1,False,-1
550,DOUBLE,0,1,1,False,-1
551,DOUBLE,0,1,1,False,-1
552,SINGLE,0,0,1,False,-1
553,TRIPLE,1,1,1,False,-1
554,SINGLE,0,0,1,False,-1
555,TRIPLE,1,1,1,False,-1
556,SINGLE,0,0,1,False,-1
557,DOUBLE,0,1,1,False,-1
558,TRIPLE,1,1,1,False,-1
559,TRIPLE,1,1,1,False,-1
561,DOUBLE,0,1,1,False,-1
562,TRIPLE,1,1,1,False,-1
563,DOUBLE,0,1,1,False,-1
564,DOUBLE,0,1,1,False,-1
565,TRIPLE,1,1,1,False,-1
566,DOUBLE,0,1,1,False,-1
567,DOUBLE,0,1,1,False,-1
568,SINGLE,0,0,1,False,-1
569,DOUBLE,0,1,1,False,-1
570,TRIPLE,1,1,1,False,-1
572,TRIPLE,1,1,1,False,-1
573,DOUBLE,0,1,1,False,-1
574,DOUBLE,0,1,1,False,-1
575,TRIPLE,1,1,1,False,-1
576,SINGLE,0,0,1,False,-1
577,TRIPLE,1,1,1,False,-1
578,DOUBLE,0,1,1,False,-1
579,TRIPLE,1,1,1,False,-1
580,TRIPLE,1,1,1,False,-1
581,TRIPLE,1,1,1,False,-1
582,TRIPLE,1,1,1,False,-1
583,TRIPLE,1,1,1,False,-1
584,TRIPLE,1,1,1,False,-1
585,TRIPLE,1,1,1,False,-1
586,DOUBLE,0,1,1,False,-1
587,DOUBLE,0,1,1,False,-1
588,DOUBLE,0,1,1,False,-1
589,TRIPLE,1,1,1,False,-1
593,DOUBLE,0,1,1,False,-1
595,TRIPLE,1,1,1,False,-1
596,TRIPLE,1,1,1,False,-1
597,DOUBLE,0,1,1,False,-1
598,DOUBLE,0,1,1,False,-1
599,TRIPLE,1,1,1,False,-1
600,TRIPLE,1,1,1,False,-1
601,TRIPLE,1,1,1,False,-1
602,SINGLE,0,0,1,False,-1
603,TRIPLE,1,1,1,False,-1
604,DOUBLE,0,1,1,False,-1
605,SINGLE,0,0,1,False,-1
607,SINGLE,0,0,1,False,-1
608,TRIPLE,1,1,1,False,-1
609,TRIPLE,1,1,1,False,-1
610,TRIPLE,1,1,1,False,-1
611,SINGLE,0,0,1,False,-1
612,DOUBLE,0,1,1,False,-1
613,DOUBLE,0,1,1,False,-1
614,TRIPLE,1,1,1,False,-1
615,TRIPLE,1,1,1,False,-1
616,TRIPLE,1,1,1,False,-1
617,DOUBLE,0,1,1,False,-1
618,TRIPLE,1,1,1,False,-1
619,SINGLE,0,0,1,False,-1
620,DOUBLE,0,1,1,False,-1
621,DOUBLE,0,1,1,False,-1
622,DOUBLE,0,1,1,False,-1
623,SINGLE,0,0,1,False,-1
624,TRIPLE,1,1,1,False,-1
625,DOUBLE,0,1,1,False,-1
626,TRIPLE,1,1,1,False,-1
627,TRIPLE,1,1,1,False,-1
628,TRIPLE,1,1,1,False,-1
629,SINGLE,0,0,1,False,-1
630,TRIPLE,1,1,1,False,-1
631,TRIPLE,1,1,1,False,-1
633,TRIPLE,1,1,1,False,-1
635,DOUBLE,0,1,1,False,-1
636,TRIPLE,1,1,1,False,-1
637,SINGLE,0,0,1,False,-1
638,DOUBLE,0,1,1,False,-1
640,TRIPLE,1,1,1,False,-1
641,DOUBLE,0,1,1,False,-1
642,TRIPLE,1,1,1,False,-1
645,DOUBLE,0,1,1,False,-1
647,TRIPLE,1,1,1,False,-1
648,TRIPLE,1,1,1,False,-1
649,SINGLE,0,0,1,False,-1
650,TRIPLE,1,1,1,False,-1
651,TRIPLE,1,1,1,False,-1
652,DOUBLE,0,1,1,False,-1
654,TRIPLE,1,1,1,False,-1
655,TRIPLE,1,1,1,False,-1
656,SINGLE,0,0,1,False,-1
657,DOUBLE,0,1,1,False,-1
658,TRIPLE,1,1,1,False,-1
659,DOUBLE,0,1,1,False,-1
661,TRIPLE,1,1,1,False,-1
662,DOUBLE,0,1,1,False,-1
663,TRIPLE,1,1,1,False,-1
665,DOUBLE,0,1,1,False,-1
666,DOUBLE,0,1,1,False,-1
668,DOUBLE,0,1,1,False,-1
669,DOUBLE,0,1,1,False,-1
671,TRIPLE,1,1,1,False,-1
672,TRIPLE,1,1,1,False,-1
673,SINGLE,0,0,1,False,-1
674,DOUBLE,0,1,1,False,-1
675,SINGLE,0,0,1,False,-1
676,TRIPLE,1,1,1,False,-1
677,TRIPLE,1,1,1,False,-1
678,DOUBLE,0,1,1,False,-1
679,TRIPLE,1,1,1,False,-1
680,SINGLE,0,0,1,False,-1
681,TRIPLE,1,1,1,False,-1
682,TRIPLE,1,1,1,False,-1
683,DOUBLE,0,1,1,False,-1
684,TRIPLE,1,1,1,False,-1
685,SINGLE,0,0,1,False,-1
686,TRIPLE,1,1,1,False,-1
687,DOUBLE,0,1,1,False,-1
688,TRIPLE,1,1,1,False,-1
689,SINGLE,0,0,1,False,-1
690,DOUBLE,0,1,1,False,-1
691,SINGLE,0,0,1,False,-1
693,TRIPLE,1,1,1,False,-1
694,DOUBLE,0,1,1,False,-1
695,SINGLE,0,0,1,False,-1
697,TRIPLE,1,1,1,False,-1
698,TRIPLE,1,1,1,False,-1
699,DOUBLE,0,1,1,False,-1
700,SINGLE,0,0,1,False,-1
701,DOUBLE,0,1,1,False,-1
702,TRIPLE,1,1,1,False,-1
703,TRIPLE,1,1,1,False,-1
704,TRIPLE,1,1,1,False,-1
706,DOUBLE,0,1,1,False,-1
707,DOUBLE,0,1,1,False,-1
708,TRIPLE,1,1,1,False,-1
709,TRIPLE,1,1,1,False,-1
710,TRIPLE,1,1,1,False,-1
711,DOUBLE,0,1,1,False,-1
713,TRIPLE,1,1,1,False,-1
714,TRIPLE,1,1,1,False,-1
715,DOUBLE,0,1,1,False,-1
716,TRIPLE,1,1,1,False,-1
717,DOUBLE,0,1,1,False,-1
718,TRIPLE,1,1,1,False,-1
719,TRIPLE,1,1,1,False,-1
720,DOUBLE,0,1,1,False,-1
721,SINGLE,0,0,1,False,-1
722,TRIPLE,1,1,1,False,-1
723,TRIPLE,1,1,1,False,-1
725,TRIPLE,1,1,1,False,-1
726,TRIPLE,1,1,1,False,-1
727,TRIPLE,1,1,1,False,-1
729,TRIPLE,1,1,1,False,-1
730,TRIPLE,1,1,1,False,-1
731,TRIPLE,1,1,1,False,-1
732,DOUBLE,0,1,1,False,-1
733,TRIPLE,1,1,1,False,-1
734,SINGLE,0,0,1,False,-1
735,DOUBLE,0,1,1,False,-1
736,DOUBLE,0,1,1,False,-1
737,TRIPLE,1,1,1,False,-1
738,SINGLE,0,0,1,False,-1
739,SINGLE,0,0,1,False,-1
740,SINGLE,0,0,1,False,-1
741,TRIPLE,1,1,1,False,-1
742,DOUBLE,0,1,1,False,-1
743,SINGLE,0,0,1,False,-1
744,DOUBLE,0,1,1,False,-1
745,TRIPLE,1,1,1,False,-1
746,TRIPLE,1,1,1,False,-1
747,TRIPLE,1,1,1,False,-1
748,TRIPLE,1,1,1,False,-1
749,TRIPLE,1,1,1,False,-1
751,TRIPLE,1,1,1,False,-1
752,TRIPLE,1,1,1,False,-1
753,TRIPLE,1,1,1,False,-1
754,TRIPLE,1,1,1,False,-1
755,DOUBLE,0,1,1,False,-1
756,SINGLE,0,0,1,False,-1
757,TRIPLE,1,1,1,False,-1
758,SINGLE,0,0,1,False,-1
759,DOUBLE,0,1,1,False,-1
760,DOUBLE,0,1,1,False,-1
761,TRIPLE,1,1,1,False,-1
762,TRIPLE,1,1,1,False,-1
763,SINGLE,0,0,1,False,-1
764,DOUBLE,0,1,1,False,-1
765,TRIPLE,1,1,1,False,-1
766,DOUBLE,0,1,1,False,-1
767,DOUBLE,0,1,1,False,-1
768,DOUBLE,0,1,1,False,-1
769,TRIPLE,1,1,1,False,-1
770,TRIPLE,1,1,1,False,-1
771,TRIPLE,1,1,1,False,-1
772,DOUBLE,0,1,1,False,-1
773,TRIPLE,1,1,1,False,-1
774,DOUBLE,0,1,1,False,-1
776,DOUBLE,0,1,1,False,-1
777,SINGLE,0,0,1,False,-1
778,DOUBLE,0,1,1,False,-1
779,DOUBLE,0,1,1,False,-1
780,DOUBLE,0,1,1,False,-1
781,TRIPLE,1,1,1,False,-1
782,SINGLE,0,0,1,False,-1
783,TRIPLE,1,1,1,False,-1
784,SINGLE,0,0,1,False,-1
785,TRIPLE,1,1,1,False,-1
786,TRIPLE,1,1,1,False,-1
788,DOUBLE,0,1,1,False,-1
789,DOUBLE,0,1,1,False,-1
790,DOUBLE,0,1,1,False,-1
791,TRIPLE,1,1,1,False,-1
792,DOUBLE,0,1,1,False,-1
793,TRIPLE,1,1,1,False,-1
794,DOUBLE,0,1,1,False,-1
795,TRIPLE,1,1,1,False,-1
796,DOUBLE,0,1,1,False,-1
797,TRIPLE,1,1,1,False,-1
798,TRIPLE,1,1,1,False,-1
800,TRIPLE,1,1,1,False,-1
801,TRIPLE,1,1,1,False,-1
802,TRIPLE,1,1,1,False,-1
804,DOUBLE,0,1,1,False,-1
805,SINGLE,0,0,1,False,-1
807,TRIPLE,1,1,1,False,-1
808,TRIPLE,1,1,1,False,-1
809,TRIPLE,1,1,1,False,-1
810,TRIPLE,1,1,1,False,-1
811,TRIPLE,1,1,1,False,-1
812,TRIPLE,1,1,1,False,-1
813,DOUBLE,0,1,1,False,-1
814,DOUBLE,0,1,1,False,-1
815,TRIPLE,1,1,1,False,-1
816,TRIPLE,1,1,1,False,-1
817,SINGLE,0,0,1,False,-1
818,SINGLE,0,0,1,False,-1
819,DOUBLE,0,1,1,False,-1
820,DOUBLE,0,1,1,False,-1
821,TRIPLE,1,1,1,False,-1
822,SINGLE,0,0,1,False,-1
823,SINGLE,0,0,1,False,-1
824,TRIPLE,1,1,1,False,-1
825,SINGLE,0,0,1,False,-1
826,TRIPLE,1,1,1,False,-1
827,DOUBLE,0,1,1,False,-1
828,TRIPLE,1,1,1,False,-1
830,TRIPLE,1,1,1,False,-1
831,TRIPLE,1,1,1,False,-1
832,DOUBLE,0,1,1,False,-1
833,DOUBLE,0,1,1,False,-1
834,SINGLE,0,0,1,False,-1
835,TRIPLE,1,1,1,False,-1
836,TRIPLE,1,1,1,False,-1
837,TRIPLE,1,1,1,False,-1
838,TRIPLE,1,1,1,False,-1
839,TRIPLE,1,1,1,False,-1
840,TRIPLE,1,1,1,False,-1
841,TRIPLE,1,1,1,False,-1
842,DOUBLE,0,1,1,False,-1
843,TRIPLE,1,1,1,False,-1
844,DOUBLE,0,1,1,False,-1
845,DOUBLE,0,1,1,False,-1
846,DOUBLE,0,1,1,False,-1
847,TRIPLE,1,1,1,False,-1
848,TRIPLE,1,1,1,False,-1
849,SINGLE,0,0,1,False,-1
850,SINGLE,0,0,1,False,-1
851,SINGLE,0,0,1,False,-1
852,DOUBLE,0,1,1,False,-1
853,TRIPLE,1,1,1,False,-1
854,DOUBLE,0,1,1,False,-1
855,TRIPLE,1,1,1,False,-1
856,TRIPLE,1,1,1,False,-1
857,TRIPLE,1,1,1,False,-1
858,TRIPLE,1,1,1,False,-1
859,TRIPLE,1,1,1,False,-1
860,TRIPLE,1,1,1,False,-1
861,TRIPLE,1,1,1,False,-1
863,TRIPLE,1,1,1,False,-1
864,TRIPLE,1,1,1,False,-1
865,TRIPLE,1,1,1,False,-1
866,TRIPLE,1,1,1,False,-1
867,TRIPLE,1,1,1,False,-1
868,TRIPLE,1,1,1,False,-1
869,TRIPLE,1,1,1,False,-1
870,DOUBLE,0,1,1,False,-1
871,TRIPLE,1,1,1,False,-1
872,DOUBLE,0,1,1,False,-1
873,DOUBLE,0,1,1,False,-1
874,TRIPLE,1,1,1,False,-1
875,DOUBLE,0,1,1,False,-1
876,TRIPLE,1,1,1,False,-1
878,TRIPLE,1,1,1,False,-1
880,SINGLE,0,0,1,False,-1
881,DOUBLE,0,1,1,False,-1
882,DOUBLE,0,1,1,False,-1
884,TRIPLE,1,1,1,False,-1
885,TRIPLE,1,1,1,False,-1
886,TRIPLE,1,1,1,False,-1
887,DOUBLE,0,1,1,False,-1
888,SINGLE,0,0,1,False,-1
889,TRIPLE,1,1,1,False,-1
890,SINGLE,0,0,1,False,-1
891,TRIPLE,1,1,1,False,-1
892,TRIPLE,1,1,1,False,-1
893,TRIPLE,1,1,1,False,-1
894,TRIPLE,1,1,1,False,-1
895,DOUBLE,0,1,1,False,-1
896,SINGLE,0,0,1,False,-1
897,TRIPLE,1,1,1,False,-1
898,TRIPLE,1,1,1,False,-1
902,TRIPLE,1,1,1,False,-1
904,TRIPLE,1,1,1,False,-1
905,TRIPLE,1,1,1,False,-1
906,TRIPLE,1,1,1,False,-1
907,TRIPLE,1,1,1,False,-1
908,DOUBLE,0,1,1,False,-1
909,TRIPLE,1,1,1,False,-1
910,SINGLE,0,0,1,False,-1
911,TRIPLE,1,1,1,False,-1
912,TRIPLE,1,1,1,False,-1
913,TRIPLE,1,1,1,False,-1
914,DOUBLE,0,1,1,False,-1
915,TRIPLE,1,1,1,False,-1
916,TRIPLE,1,1,1,False,-1
917,DOUBLE,0,1,1,False,-1
918,DOUBLE,0,1,1,False,-1
919,DOUBLE,0,1,1,False,-1
920,DOUBLE,0,1,1,False,-1
921,TRIPLE,1,1,1,False,-1
922,SINGLE,0,0,1,False,-1
923,TRIPLE,1,1,1,False,-1
924,TRIPLE,1,1,1,False,-1
925,SINGLE,0,0,1,False,-1
926,TRIPLE,1,1,1,False,-1
927,TRIPLE,1,1,1,False,-1
928,SINGLE,0,0,1,False,-1
929,SINGLE,0,0,1,False,-1
930,TRIPLE,1,1,1,False,-1
932,SINGLE,0,0,1,False,-1
933,TRIPLE,1,1,1,False,-1
934,TRIPLE,1,1,1,False,-1
935,DOUBLE,0,1,1,False,-1
936,TRIPLE,1,1,1,False,-1
937,DOUBLE,0,1,1,False,-1
938,TRIPLE,1,1,1,False,-1
939,TRIPLE,1,1,1,False,-1
940,TRIPLE,1,1,1,False,-1
941,TRIPLE,1,1,1,False,-1
942,TRIPLE,1,1,1,False,-1
943,DOUBLE,0,1,1,False,-1
944,TRIPLE,1,1,1,False,-1
945,DOUBLE,0,1,1,False,-1
946,DOUBLE,0,1,1,False,-1
947,SINGLE,0,0,1,False,-1
948,DOUBLE,0,1,1,False,-1
949,TRIPLE,1,1,1,False,-1
950,TRIPLE,1,1,1,False,-1
951,TRIPLE,1,1,1,False,-1
952,TRIPLE,1,1,1,False,-1
953,DOUBLE,0,1,1,False,-1
954,TRIPLE,1,1,1,False,-1
955,SINGLE,0,0,1,False,-1
956,TRIPLE,1,1,1,False,-1
957,SINGLE,0,0,1,False,-1
958,TRIPLE,1,1,1,False,-1
959,TRIPLE,1,1,1,False,-1
960,DOUBLE,0,1,1,False,-1
961,TRIPLE,1,1,1,False,-1
962,TRIPLE,1,1,1,False,-1
963,SINGLE,0,0,1,False,-1
965,TRIPLE,1,1,1,False,-1
966,TRIPLE,1,1,1,False,-1
968,SINGLE,0,0,1,False,-1
969,TRIPLE,1,1,1,False,-1
970,DOUBLE,0,1,1,False,-1
971,TRIPLE,1,1,1,False,-1
972,SINGLE,0,0,1,False,-1
974,TRIPLE,1,1,1,False,-1
975,TRIPLE,1,1,1,False,-1
976,SINGLE,0,0,1,False,-1
977,TRIPLE,1,1,1,False,-1
978,TRIPLE,1,1,1,False,-1
979,TRIPLE,1,1,1,False,-1
980,TRIPLE,1,1,1,False,-1
981,DOUBLE,0,1,1,False,-1
983,TRIPLE,1,1,1,False,-1
984,TRIPLE,1,1,1,False,-1
985,TRIPLE,1,1,1,False,-1
986,SINGLE,0,0,1,False,-1
987,TRIPLE,1,1,1,False,-1
988,TRIPLE,1,1,1,False,-1
989,TRIPLE,1,1,1,False,-1
990,SINGLE,0,0,1,False,-1
991,TRIPLE,1,1,1,False,-1
992,TRIPLE,1,1,1,False,-1
993,TRIPLE,1,1,1,False,-1
994,SINGLE,0,0,1,False,-1
995,TRIPLE,1,1,1,False,-1
996,TRIPLE,1,1,1,False,-1
999,TRIPLE,1,1,1,False,-1
1000,DOUBLE,0,1,1,False,-1
1001,TRIPLE,1,1,1,False,-1
1002,DOUBLE,0,1,1,False,-1
1003,TRIPLE,1,1,1,False,-1
1004,TRIPLE,1,1,1,False,-1
1005,TRIPLE,1,1,1,False,-1
1006,TRIPLE,1,1,1,False,-1
1007,DOUBLE,0,1,1,False,-1
1008,DOUBLE,0,1,1,False,-1
1009,TRIPLE,1,1,1,False,-1
1011,TRIPLE,1,1,1,False,-1
1012,TRIPLE,1,1,1,False,-1
1013,TRIPLE,1,1,1,False,-1
1014,DOUBLE,0,1,1,False,-1
1015,DOUBLE,0,1,1,False,-1
1016,TRIPLE,1,1,1,False,-1
1017,SINGLE,0,0,1,False,-1
1018,SINGLE,0,0,1,False,-1
1019,TRIPLE,1,1,1,False,-1
1020,TRIPLE,1,1,1,False,-1
1021,TRIPLE,1,1,1,False,-1
1022,TRIPLE,1,1,1,False,-1
1023,TRIPLE,1,1,1,False,-1
1024,TRIPLE,1,1,1,False,-1
1025,TRIPLE,1,1,1,False,-1
1026,TRIPLE,1,1,1,False,-1
1027,TRIPLE,1,1,1,False,-1
1029,DOUBLE,0,1,1,False,-1
1030,TRIPLE,1,1,1,False,-1
1031,TRIPLE,1,1,1,False,-1
1032,SINGLE,0,0,1,False,-1
1033,TRIPLE,1,1,1,False,-1
1034,TRIPLE,1,1,1,False,-1
1035,SINGLE,0,0,1,False,-1
1036,TRIPLE,1,1,1,False,-1
1037,DOUBLE,0,1,1,False,-1
1038,SINGLE,0,0,1,False,-1
1039,TRIPLE,1,1,1,False,-1
1041,DOUBLE,0,1,1,False,-1
1043,TRIPLE,1,1,1,False,-1
1044,TRIPLE,1,1,1,False,-1
1045,DOUBLE,1,0,1,False,-1
1046,TRIPLE,1,1,1,False,-1
1047,TRIPLE,1,1,1,False,-1
1048,TRIPLE,1,1,1,False,-1
1049,TRIPLE,1,1,1,False,-1
1050,DOUBLE,0,1,1,False,-1
1051,SINGLE,0,0,1,False,-1
1052,TRIPLE,1,1,1,False,-1
1054,TRIPLE,1,1,1,False,-1
1055,TRIPLE,1,1,1,False,-1
1057,TRIPLE,1,1,1,False,-1
1058,TRIPLE,1,1,1,False,-1
1059,TRIPLE,1,1,1,False,-1
1060,SINGLE,0,0,1,False,-1
1061,TRIPLE,1,1,1,False,-1
1062,TRIPLE,1,1,1,False,-1
1063,DOUBLE,0,1,1,False,-1
1064,SINGLE,0,0,1,False,-1
1066,DOUBLE,0,1,1,False,-1
1067,TRIPLE,1,1,1,False,-1
1069,TRIPLE,1,1,1,False,-1
1070,TRIPLE,1,1,1,False,-1
1071,SINGLE,0,0,1,False,-1
1072,DOUBLE,0,1,1,False,-1
1073,DOUBLE,0,1,1,False,-1
1074,SINGLE,0,0,1,False,-1
1075,SINGLE,0,0,1,False,-1
1076,DOUBLE,0,1,1,False,-1
1077,DOUBLE,0,1,1,False,-1
1078,TRIPLE,1,1,1,False,-1
1079,SINGLE,0,0,1,False,-1
1080,TRIPLE,1,1,1,False,-1
1081,SINGLE,0,0,1,False,-1
1082,TRIPLE,1,1,1,False,-1
1083,SINGLE,0,0,1,False,-1
1084,TRIPLE,1,1,1,False,-1
1085,DOUBLE,0,1,1,False,-1
1086,SINGLE,0,0,1,False,-1
1087,DOUBLE,0,1,1,False,-1
1088,DOUBLE,0,1,1,False,-1
1089,SINGLE,0,0,1,False,-1
1090,TRIPLE,1,1,1,False,-1
1091,DOUBLE,0,1,1,False,-1
1092,DOUBLE,0,1,1,False,-1
1093,TRIPLE,1,1,1,False,-1
1094,TRIPLE,1,1,1,False,-1
1095,TRIPLE,1,1,1,False,-1
1096,SINGLE,0,0,1,False,-1
1097,SINGLE,0,0,1,False,-1
1098,DOUBLE,0,1,1,False,-1
1099,TRIPLE,1,1,1,False,-1
1100,DOUBLE,0,1,1,False,-1
1101,DOUBLE,0,1,1,False,-1
1102,SINGLE,0,0,1,False,-1
1103,DOUBLE,0,1,1,False,-1
1104,TRIPLE,1,1,1,False,-1
1106,DOUBLE,0,1,1,False,-1
1107,DOUBLE,0,1,1,False,-1
1109,SINGLE,0,0,1,False,-1
1110,DOUBLE,0,1,1,False,-1
1111,DOUBLE,0,1,1,False,-1
1113,TRIPLE,1,1,1,False,-1
1114,TRIPLE,1,1,1,False,-1
1115,DOUBLE,0,1,1,False,-1
1116,DOUBLE,0,1,1,False,-1
1117,TRIPLE,1,1,1,False,-1
1118,TRIPLE,1,1,1,False,-1
1119,TRIPLE,1,1,1,False,-1
1120,DOUBLE,0,1,1,False,-1
1121,TRIPLE,1,1,1,False,-1
1122,TRIPLE,1,1,1,False,-1
1123,DOUBLE,0,1,1,False,-1
1124,DOUBLE,0,1,1,False,-1
1125,TRIPLE,1,1,1,False,-1
1126,SINGLE,0,0,1,False,-1
1128,DOUBLE,0,1,1,False,-1
1130,TRIPLE,1,1,1,False,-1
1131,TRIPLE,1,1,1,False,-1
1134,TRIPLE,1,1,1,False,-1
1135,TRIPLE,1,1,1,False,-1
1136,TRIPLE,1,1,1,False,-1
1137,SINGLE,0,0,1,False,-1
1138,SINGLE,0,0,1,False,-1
1139,TRIPLE,1,1,1,False,-1
1140,DOUBLE,0,1,1,False,-1
1141,DOUBLE,0,1,1,False,-1
1142,TRIPLE,1,1,1,False,-1
1144,SINGLE,0,0,1,False,-1
1145,DOUBLE,0,1,1,False,-1
1146,TRIPLE,1,1,1,False,-1
1147,TRIPLE,1,1,1,False,-1
1148,DOUBLE,0,1,1,False,-1
1149,TRIPLE,1,1,1,False,-1
1150,TRIPLE,1,1,1,False,-1
1151,DOUBLE,0,1,1,False,-1
1152,TRIPLE,1,1,1,False,-1
1153,TRIPLE,1,1,1,False,-1
1154,TRIPLE,1,1,1,False,-1
1156,TRIPLE,1,1,1,False,-1
1157,DOUBLE,0,1,1,False,-1
1158,DOUBLE,0,1,1,False,-1
1159,TRIPLE,1,1,1,False,-1
1160,TRIPLE,1,1,1,False,-1
1161,DOUBLE,0,1,1,False,-1
1162,TRIPLE,1,1,1,False,-1
1163,TRIPLE,1,1,1,False,-1
1164,TRIPLE,1,1,1,False,-1
1167,TRIPLE,1,1,1,False,-1
1168,TRIPLE,1,1,1,False,-1
1169,SINGLE,0,0,1,False,-1
1170,TRIPLE,1,1,1,False,-1
1172,TRIPLE,1,1,1,False,-1
1174,TRIPLE,1,1,1,False,-1
1175,TRIPLE,1,1,1,False,-1
1177,DOUBLE,0,1,1,False,-1
1178,SINGLE,0,0,1,False,-1
1179,TRIPLE,1,1,1,False,-1
1180,TRIPLE,1,1,1,False,-1
1181,DOUBLE,0,1,1,False,-1
1182,TRIPLE,1,1,1,False,-1
1183,TRIPLE,1,1,1,False,-1
1184,TRIPLE,1,1,1,False,-1
1185,TRIPLE,1,1,1,False,-1
1186,TRIPLE,1,1,1,False,-1
1188,TRIPLE,1,1,1,False,-1
1189,TRIPLE,1,1,1,False,-1
1190,DOUBLE,0,1,1,False,-1
1191,TRIPLE,1,1,1,False,-1
1192,TRIPLE,1,1,1,False,-1
1193,TRIPLE,1,1,1,False,-1
1194,DOUBLE,0,1,1,False,-1
1196,TRIPLE,1,1,1,False,-1
1197,TRIPLE,1,1,1,False,-1
1198,DOUBLE,0,1,1,False,-1
1199,SINGLE,0,0,1,False,-1
1200,DOUBLE,0,1,1,False,-1
1202,TRIPLE,1,1,1,False,-1
1203,TRIPLE,1,1,1,False,-1
1204,TRIPLE,1,1,1,False,-1
1205,TRIPLE,1,1,1,False,-1
1206,TRIPLE,1,1,1,False,-1
1207,DOUBLE,0,1,1,False,-1
1208,SINGLE,0,0,1,False,-1
1209,DOUBLE,0,1,1,False,-1
1211,DOUBLE,0,1,1,False,-1
1212,TRIPLE,1,1,1,False,-1
1213,TRIPLE,1,1,1,False,-1
1214,TRIPLE,1,1,1,False,-1
1215,SINGLE,0,0,1,False,-1
1216,TRIPLE,1,1,1,False,-1
1217,DOUBLE,0,1,1,False,-1
1218,TRIPLE,1,1,1,False,-1
1219,TRIPLE,1,1,1,False,-1
1220,TRIPLE,1,1,1,False,-1
1223,DOUBLE,0,1,1,False,-1
1224,TRIPLE,1,1,1,False,-1
1226,TRIPLE,1,1,1,False,-1
1227,SINGLE,0,0,1,False,-1
1228,DOUBLE,0,1,1,False,-1
1229,TRIPLE,1,1,1,False,-1
1230,DOUBLE,0,1,1,False,-1
1231,SINGLE,0,0,1,False,-1
1232,TRIPLE,1,1,1,False,-1
1233,TRIPLE,1,1,1,False,-1
1234,TRIPLE,1,1,1,False,-1
1235,TRIPLE,1,1,1,False,-1
1236,TRIPLE,1,1,1,False,-1
1237,TRIPLE,1,1,1,False,-1
1238,TRIPLE,1,1,1,False,-1
1239,DOUBLE,0,1,1,False,-1
1240,TRIPLE,1,1,1,False,-1
1241,SINGLE,0,0,1,False,-1
1242,TRIPLE,1,1,1,False,-1
1243,SINGLE,0,0,1,False,-1
1244,DOUBLE,0,1,1,False,-1
1245,DOUBLE,0,1,1,False,-1
1246,TRIPLE,1,1,1,False,-1
1247,SINGLE,0,0,1,False,-1
1248,TRIPLE,1,1,1,False,-1
1249,TRIPLE,1,1,1,False,-1
1250,TRIPLE,1,1,1,False,-1
1251,TRIPLE,1,1,1,False,-1
1252,DOUBLE,0,1,1,False,-1
1253,DOUBLE,0,1,1,False,-1
1254,TRIPLE,1,1,1,False,-1
1256,DOUBLE,0,1,1,False,-1
1257,TRIPLE,1,1,1,False,-1
1258,SINGLE,0,0,1,False,-1
1259,DOUBLE,0,1,1,False,-1
1260,TRIPLE,1,1,1,False,-1
1261,DOUBLE,0,1,1,False,-1
1262,TRIPLE,1,1,1,False,-1
1263,SINGLE,0,0,1,False,-1
1264,DOUBLE,0,1,1,False,-1
1266,TRIPLE,1,1,1,False,-1
1268,SINGLE,0,0,1,False,-1
1269,SINGLE,0,0,1,False,-1
1270,TRIPLE,1,1,1,False,-1
1271,TRIPLE,1,1,1,False,-1
1272,TRIPLE,1,1,1,False,-1
1273,SINGLE,0,0,1,False,-1
1274,TRIPLE,1,1,1,False,-1
1275,SINGLE,0,0,1,False,-1
1277,DOUBLE,0,1,1,False,-1
1279,DOUBLE,0,1,1,False,-1
1280,DOUBLE,0,1,1,False,-1
1281,TRIPLE,1,1,1,False,-1
1282,TRIPLE,1,1,1,False,-1
1283,SINGLE,0,0,1,False,-1
1284,TRIPLE,1,1,1,False,-1
1285,DOUBLE,0,1,1,False,-1
1286,DOUBLE,0,1,1,False,-1
1287,TRIPLE,1,1,1,False,-1
1288,TRIPLE,1,1,1,False,-1
1290,TRIPLE,1,1,1,False,-1
1291,DOUBLE,0,1,1,False,-1
1292,TRIPLE,1,1,1,False,-1
1293,TRIPLE,1,1,1,False,-1
1294,TRIPLE,1,1,1,False,-1
1295,TRIPLE,1,1,1,False,-1
1296,TRIPLE,1,1,1,False,-1
1297,TRIPLE,1,1,1,False,-1
1298,TRIPLE,1,1,1,False,-1
1299,SINGLE,0,0,1,False,-1
1300,TRIPLE,1,1,1,False,-1
1302,DOUBLE,0,1,1,False,-1
1303,TRIPLE,1,1,1,False,-1
1304,TRIPLE,1,1,1,False,-1
1305,DOUBLE,0,1,1,False,-1
1306,TRIPLE,1,1,1,False,-1
1307,SINGLE,0,0,1,False,-1
1308,SINGLE,0,0,1,False,-1
1309,TRIPLE,1,1,1,False,-1
1310,TRIPLE,1,1,1,False,-1
1311,TRIPLE,1,1,1,False,-1
1312,DOUBLE,0,1,1,False,-1
1313,TRIPLE,1,1,1,False,-1
1314,TRIPLE,1,1,1,False,-1
1316,TRIPLE,1,1,1,False,-1
1317,TRIPLE,1,1,1,False,-1
1318,TRIPLE,1,1,1,False,-1
1319,SINGLE,0,0,1,False,-1
1320,TRIPLE,1,1,1,False,-1
1321,TRIPLE,1,1,1,False,-1
1322,TRIPLE,1,1,1,False,-1
1324,TRIPLE,1,1,1,False,-1
1325,TRIPLE,1,1,1,False,-1
1326,TRIPLE,1,1,1,False,-1
1327,DOUBLE,0,1,1,False,-1
1328,TRIPLE,1,1,1,False,-1
1329,TRIPLE,1,1,1,False,-1
1330,TRIPLE,1,1,1,False,-1
1331,TRIPLE,1,1,1,False,-1
1332,DOUBLE,0,1,1,False,-1
1333,SINGLE,0,0,1,False,-1
1334,TRIPLE,1,1,1,False,-1
1335,SINGLE,0,0,1,False,-1
1336,TRIPLE,1,1,1,False,-1
1337,TRIPLE,1,1,1,False,-1
1338,TRIPLE,1,1,1,False,-1
1339,TRIPLE,1,1,1,False,-1
1340,TRIPLE,1,1,1,False,-1
1342,DOUBLE,0,1,1,False,-1
1344,DOUBLE,0,1,1,False,-1
1345,SINGLE,0,0,1,False,-1
1346,DOUBLE,0,1,1,False,-1
1347,TRIPLE,1,1,1,False,-1
1348,TRIPLE,1,1,1,False,-1
1349,TRIPLE,1,1,1,False,-1
1350,TRIPLE,1,1,1,False,-1
1351,DOUBLE,0,1,1,False,-1
1353,TRIPLE,1,1,1,False,-1
1354,TRIPLE,1,1,1,False,-1
1355,TRIPLE,1,1,1,False,-1
1356,SINGLE,0,0,1,False,-1
1358,SINGLE,0,0,1,False,-1
1359,TRIPLE,1,1,1,False,-1
1360,TRIPLE,1,1,1,False,-1
1361,TRIPLE,1,1,1,False,-1
1363,TRIPLE,1,1,1,False,-1
1364,TRIPLE,1,1,1,False,-1
1365,TRIPLE,1,1,1,False,-1
1366,TRIPLE,1,1,1,False,-1
1367,DOUBLE,0,1,1,False,-1
1368,SINGLE,0,0,1,False,-1
1369,DOUBLE,0,1,1,False,-1
1370,TRIPLE,1,1,1,False,-1
1371,DOUBLE,0,1,1,False,-1
1372,TRIPLE,1,1,1,False,-1
1373,DOUBLE,0,1,1,False,-1
1374,TRIPLE,1,1,1,False,-1
1375,DOUBLE,0,1,1,False,-1
1376,TRIPLE,1,1,1,False,-1
1377,TRIPLE,1,1,1,False,-1
1378,TRIPLE,1,1,1,False,-1
1379,DOUBLE,0,1,1,False,-1
1381,DOUBLE,0,1,1,False,-1
1382,TRIPLE,1,1,1,False,-1
1383,DOUBLE,0,1,1,False,-1
1384,TRIPLE,1,1,1,False,-1
1385,TRIPLE,1,1,1,False,-1
1386,SINGLE,0,0,1,False,-1
1387,DOUBLE,0,1,1,False,-1
1388,SINGLE,0,0,1,False,-1
1389,TRIPLE,1,1,1,False,-1
1391,DOUBLE,0,1,1,False,-1
1392,TRIPLE,1,1,1,False,-1
1393,DOUBLE,0,1,1,False,-1
1395,DOUBLE,0,1,1,False,-1
1396,TRIPLE,1,1,1,False,-1
1397,TRIPLE,1,1,1,False,-1
1398,TRIPLE,1,1,1,False,-1
1399,TRIPLE,1,1,1,False,-1
1400,DOUBLE,0,1,1,False,-1
1401,DOUBLE,0,1,1,False,-1
1402,TRIPLE,1,1,1,False,-1
1403,DOUBLE,0,1,1,False,-1
1404,DOUBLE,0,1,1,False,-1
1405,DOUBLE,0,1,1,False,-1
1406,TRIPLE,1,1,1,False,-1
1407,TRIPLE,1,1,1,False,-1
1408,DOUBLE,0,1,1,False,-1
1409,TRIPLE,1,1,1,False,-1
1410,TRIPLE,1,1,1,False,-1
1411,DOUBLE,0,1,1,False,-1
1412,TRIPLE,1,1,1,False,-1
1413,TRIPLE,1,1,1,False,-1
1415,TRIPLE,1,1,1,False,-1
1416,DOUBLE,0,1,1,False,-1
1417,DOUBLE,0,1,1,False,-1
1418,TRIPLE,1,1,1,False,-1
1419,DOUBLE,0,1,1,False,-1
1420,TRIPLE,1,1,1,False,-1
1421,DOUBLE,0,1,1,False,-1
1422,TRIPLE,1,1,1,False,-1
1423,TRIPLE,1,1,1,False,-1
1424,DOUBLE,0,1,1,False,-1
1425,SINGLE,0,0,1,False,-1
1426,TRIPLE,1,1,1,False,-1
1427,TRIPLE,1,1,1,False,-1
1428,TRIPLE,1,1,1,False,-1
1429,DOUBLE,0,1,1,False,-1
1430,TRIPLE,1,1,1,False,-1
1431,TRIPLE,1,1,1,False,-1
1432,SINGLE,0,0,1,False,-1
1433,TRIPLE,1,1,1,False,-1
1434,TRIPLE,1,1,1,False,-1
1435,TRIPLE,1,1,1,False,-1
1436,TRIPLE,1,1,1,False,-1
1437,TRIPLE,1,1,1,False,-1
1438,TRIPLE,1,1,1,False,-1
1439,TRIPLE,1,1,1,False,-1
1440,TRIPLE,1,1,1,False,-1
1441,TRIPLE,1,1,1,False,-1
1442,SINGLE,0,0,1,False,-1
1443,SINGLE,0,0,1,False,-1
1444,SINGLE,0,0,1,False,-1
1445,TRIPLE,1,1,1,False,-1
1447,DOUBLE,0,1,1,False,-1
1448,TRIPLE,1,1,1,False,-1
1449,TRIPLE,1,1,1,False,-1
1450,TRIPLE,1,1,1,False,-1
1451,DOUBLE,0,1,1,False,-1
1452,TRIPLE,1,1,1,False,-1
1453,TRIPLE,1,1,1,False,-1
1454,SINGLE,0,0,1,False,-1
1455,TRIPLE,1,1,1,False,-1
1456,TRIPLE,1,1,1,False,-1
1458,SINGLE,0,0,1,False,-1
1459,TRIPLE,1,1,1,False,-1
1460,TRIPLE,1,1,1,False,-1
1461,TRIPLE,1,1,1,False,-1
1462,DOUBLE,0,1,1,False,-1
1463,TRIPLE,1,1,1,False,-1
1464,TRIPLE,1,1,1,False,-1
1465,TRIPLE,1,1,1,False,-1
1466,DOUBLE,0,1,1,False,-1
1467,SINGLE,0,0,1,False,-1
1468,TRIPLE,1,1,1,False,-1
1469,TRIPLE,1,1,1,False,-1
1470,DOUBLE,0,1,1,False,-1
1471,TRIPLE,1,1,1,False,-1
1472,TRIPLE,1,1,1,False,-1
1473,SINGLE,0,0,1,False,-1
1475,DOUBLE,0,1,1,False,-1
1476,TRIPLE,1,1,1,False,-1
1477,TRIPLE,1,1,1,False,-1
1479,TRIPLE,1,1,1,False,-1
1480,SINGLE,0,0,1,False,-1
1481,TRIPLE,1,1,1,False,-1
1482,TRIPLE,1,1,1,False,-1
1483,DOUBLE,0,1,1,False,-1
1485,TRIPLE,1,1,1,False,-1
1486,DOUBLE,0,1,1,False,-1
1488,DOUBLE,0,1,1,False,-1
1489,SINGLE,0,0,1,False,-1
1491,DOUBLE,0,1,1,False,-1
1492,TRIPLE,1,1,1,False,-1
1493,DOUBLE,0,1,1,False,-1
1494,TRIPLE,1,1,1,False,-1
1495,TRIPLE,1,1,1,False,-1
1496,TRIPLE,1,1,1,False,-1
1497,TRIPLE,1,1,1,False,-1
1498,TRIPLE,1,1,1,False,-1
1499,TRIPLE,1,1,1,False,-1
1500,TRIPLE,1,1,1,False,-1
1502,SINGLE,0,0,1,False,-1
1503,TRIPLE,1,1,1,False,-1
1504,SINGLE,0,0,1,False,-1
1505,SINGLE,0,0,1,False,-1
1506,TRIPLE,1,1,1,False,-1
1507,TRIPLE,1,1,1,False,-1
1508,TRIPLE,1,1,1,False,-1
1509,TRIPLE,1,1,1,False,-1
1510,SINGLE,0,0,1,False,-1
1511,SINGLE,0,0,1,False,-1
1512,TRIPLE,1,1,1,False,-1
1513,TRIPLE,1,1,1,False,-1
1514,SINGLE,0,0,1,False,-1
1515,DOUBLE,0,1,1,False,-1
1516,TRIPLE,1,1,1,False,-1
1517,SINGLE,0,0,1,False,-1
1518,DOUBLE,0,1,1,False,-1
1519,DOUBLE,0,1,1,False,-1
1520,TRIPLE,1,1,1,False,-1
1521,TRIPLE,1,1,1,False,-1
1522,DOUBLE,0,1,1,False,-1
1524,TRIPLE,1,1,1,False,-1
1526,TRIPLE,1,1,1,False,-1
1527,TRIPLE,1,1,1,False,-1
1528,TRIPLE,1,1,1,False,-1
1529,TRIPLE,1,1,1,False,-1
1530,DOUBLE,0,1,1,False,-1
1531,SINGLE,0,0,1,False,-1
1533,TRIPLE,1,1,1,False,-1
1534,DOUBLE,0,1,1,False,-1
1535,DOUBLE,0,1,1,False,-1
1536,DOUBLE,0,1,1,False,-1
1537,TRIPLE,1,1,1,False,-1
1538,TRIPLE,1,1,1,False,-1
1539,TRIPLE,1,1,1,False,-1
1540,TRIPLE,1,1,1,False,-1
1541,DOUBLE,0,1,1,False,-1
1542,TRIPLE,1,1,1,False,-1
1543,DOUBLE,0,1,1,False,-1
1544,TRIPLE,1,1,1,False,-1
1545,TRIPLE,1,1,1,False,-1
1546,TRIPLE,1,1,1,False,-1
1547,DOUBLE,0,1,1,False,-1
1549,DOUBLE,0,1,1,False,-1
1550,TRIPLE,1,1,1,False,-1
1551,DOUBLE,0,1,1,False,-1
1552,TRIPLE,1,1,1,False,-1
1553,TRIPLE,1,1,1,False,-1
1554,TRIPLE,1,1,1,False,-1
1555,TRIPLE,1,1,1,False,-1
1556,TRIPLE,1,1,1,False,-1
1557,TRIPLE,1,1,1,False,-1
1558,TRIPLE,1,1,1,False,-1
1559,SINGLE,0,0,1,False,-1
1560,SINGLE,0,0,1,False,-1
1561,TRIPLE,1,1,1,False,-1
1562,SINGLE,0,0,1,False,-1
1563,DOUBLE,0,1,1,False,-1
1564,TRIPLE,1,1,1,False,-1
1565,SINGLE,0,0,1,False,-1
1567,SINGLE,0,0,1,False,-1
1568,DOUBLE,0,1,1,False,-1
1569,DOUBLE,0,1,1,False,-1
1570,DOUBLE,0,1,1,False,-1
1571,TRIPLE,1,1,1,False,-1
1572,DOUBLE,0,1,1,False,-1
1573,TRIPLE,1,1,1,False,-1
1574,TRIPLE,1,1,1,False,-1
1575,TRIPLE,1,1,1,False,-1
1576,DOUBLE,0,1,1,False,-1
1577,DOUBLE,0,1,1,False,-1
1578,DOUBLE,0,1,1,False,-1
1579,TRIPLE,1,1,1,False,-1
1580,TRIPLE,1,1,1,False,-1
1581,TRIPLE,1,1,1,False,-1
1582,DOUBLE,0,1,1,False,-1
1584,TRIPLE,1,1,1,False,-1
1585,TRIPLE,1,1,1,False,-1
1586,TRIPLE,1,1,1,False,-1
1587,TRIPLE,1,1,1,False,-1
1588,DOUBLE,0,1,1,False,-1
1589,TRIPLE,1,1,1,False,-1
1590,DOUBLE,0,1,1,False,-1
1591,SINGLE,0,0,1,False,-1
1592,SINGLE,0,0,1,False,-1
1593,DOUBLE,0,1,1,False,-1
1594,SINGLE,0,0,1,False,-1
1595,SINGLE,0,0,1,False,-1
1596,DOUBLE,0,1,1,False,-1
1597,TRIPLE,1,1,1,False,-1
1598,SINGLE,0,0,1,False,-1
1599,TRIPLE,1,1,1,False,-1
1600,DOUBLE,0,1,1,False,-1
1601,SINGLE,0,0,1,False,-1
1602,DOUBLE,0,1,1,False,-1
1603,SINGLE,0,0,1,False,-1
1604,DOUBLE,0,1,1,False,-1
1605,DOUBLE,0,1,1,False,-1
1606,TRIPLE,1,1,1,False,-1
1607,TRIPLE,1,1,1,False,-1
1608,TRIPLE,1,1,1,False,-1
1609,DOUBLE,0,1,1,False,-1
1610,SINGLE,0,0,1,False,-1
1611,TRIPLE,1,1,1,False,-1
1612,DOUBLE,0,1,1,False,-1
1613,SINGLE,0,0,1,False,-1
1614,TRIPLE,1,1,1,False,-1
1615,TRIPLE,1,1,1,False,-1
1616,TRIPLE,1,1,1,False,-1
1617,DOUBLE,0,1,1,False,-1
1618,TRIPLE,1,1,1,False,-1
1619,TRIPLE,1,1,1,False,-1
1620,SINGLE,0,0,1,False,-1
1621,DOUBLE,0,1,1,False,-1
1622,DOUBLE,0,1,1,False,-1
1623,DOUBLE,0,1,1,False,-1
1624,DOUBLE,0,1,1,False,-1
1625,TRIPLE,1,1,1,False,-1
1626,TRIPLE,1,1,1,False,-1
1627,DOUBLE,0,1,1,False,-1
1628,DOUBLE,0,1,1,False,-1
1629,DOUBLE,0,1,1,False,-1
1630,DOUBLE,0,1,1,False,-1
1631,TRIPLE,1,1,1,False,-1
1632,TRIPLE,1,1,1,False,-1
1633,DOUBLE,0,1,1,False,-1
1634,DOUBLE,0,1,1,False,-1
1635,TRIPLE,1,1,1,False,-1
1636,TRIPLE,1,1,1,False,-1
1637,DOUBLE,0,1,1,False,-1
1638,DOUBLE,0,1,1,False,-1
1639,SINGLE,0,0,1,False,-1
1640,TRIPLE,1,1,1,False,-1
1641,TRIPLE,1,1,1,False,-1
1642,TRIPLE,1,1,1,False,-1
1643,TRIPLE,1,1,1,False,-1
1644,DOUBLE,0,1,1,False,-1
1645,TRIPLE,1,1,1,False,-1
1646,SINGLE,0,0,1,False,-1
1647,TRIPLE,1,1,1,False,-1
1648,TRIPLE,1,1,1,False,-1
1649,DOUBLE,0,1,1,False,-1
1650,SINGLE,0,0,1,False,-1
1651,TRIPLE,1,1,1,False,-1
1652,DOUBLE,0,1,1,False,-1
1653,TRIPLE,1,1,1,False,-1
1654,TRIPLE,1,1,1,False,-1
1655,DOUBLE,0,1,1,False,-1
1656,TRIPLE,1,1,1,False,-1
1658,TRIPLE,1,1,1,False,-1
1659,TRIPLE,1,1,1,False,-1
1660,TRIPLE,1,1,1,False,-1
1661,SINGLE,0,0,1,False,-1
1662,SINGLE,0,0,1,False,-1
1663,SINGLE,0,0,1,False,-1
1664,DOUBLE,0,1,1,False,-1
1665,DOUBLE,0,1,1,False,-1
1666,DOUBLE,0,1,1,False,-1
1667,TRIPLE,1,1,1,False,-1
1668,TRIPLE,1,1,1,False,-1
1669,DOUBLE,0,1,1,False,-1
1670,DOUBLE,0,1,1,False,-1
1671,DOUBLE,0,1,1,False,-1
1673,TRIPLE,1,1,1,False,-1
1674,TRIPLE,1,1,1,False,-1
1675,TRIPLE,1,1,1,False,-1
1676,SINGLE,0,0,1,False,-1
1677,TRIPLE,1,1,1,False,-1
1678,DOUBLE,0,1,1,False,-1
1679,DOUBLE,0,1,1,False,-1
1681,DOUBLE,0,1,1,False,-1
1682,SINGLE,0,0,1,False,-1
1684,DOUBLE,0,1,1,False,-1
1685,DOUBLE,0,1,1,False,-1
1686,DOUBLE,0,1,1,False,-1
1687,TRIPLE,1,1,1,False,-1
1688,TRIPLE,1,1,1,False,-1
1689,TRIPLE,1,1,1,False,-1
1690,TRIPLE,1,1,1,False,-1
1691,TRIPLE,1,1,1,False,-1
1692,TRIPLE,1,1,1,False,-1
1693,DOUBLE,0,1,1,False,-1
1694,SINGLE,0,0,1,False,-1
1695,SINGLE,0,0,1,False,-1
1696,TRIPLE,1,1,1,False,-1
1698,TRIPLE,1,1,1,False,-1
1699,SINGLE,0,0,1,False,-1
1700,SINGLE,0,0,1,False,-1
1701,TRIPLE,1,1,1,False,-1
1702,DOUBLE,0,1,1,False,-1
1703,TRIPLE,1,1,1,False,-1
1704,DOUBLE,0,1,1,False,-1
1706,TRIPLE,1,1,1,False,-1
1707,TRIPLE,1,1,1,False,-1
1708,TRIPLE,1,1,1,False,-1
1710,DOUBLE,0,1,1,False,-1
1711,TRIPLE,1,1,1,False,-1
1712,TRIPLE,1,1,1,False,-1
1713,SINGLE,0,0,1,False,-1
1714,TRIPLE,1,1,1,False,-1
1717,TRIPLE,1,1,1,False,-1
1718,TRIPLE,1,1,1,False,-1
1720,TRIPLE,1,1,1,False,-1
1721,TRIPLE,1,1,1,False,-1
1722,TRIPLE,1,1,1,False,-1
1723,TRIPLE,1,1,1,False,-1
1724,TRIPLE,1,1,1,False,-1
1725,DOUBLE,0,1,1,False,-1
1727,DOUBLE,0,1,1,False,-1
1728,SINGLE,0,0,1,False,-1
1729,DOUBLE,0,1,1,False,-1
1730,TRIPLE,1,1,1,False,-1
1731,DOUBLE,0,1,1,False,-1
1732,DOUBLE,0,1,1,False,-1
1733,TRIPLE,1,1,1,False,-1
1734,TRIPLE,1,1,1,False,-1
1735,TRIPLE,1,1,1,False,-1
1736,TRIPLE,1,1,1,False,-1
1737,DOUBLE,0,1,1,False,-1
1738,DOUBLE,0,1,1,False,-1
1740,DOUBLE,0,1,1,False,-1
1741,SINGLE,0,0,1,False,-1
1742,DOUBLE,0,1,1,False,-1
1743,SINGLE,0,0,1,False,-1
1744,SINGLE,0,0,1,False,-1
1745,TRIPLE,1,1,1,False,-1
1746,SINGLE,0,0,1,False,-1
1747,TRIPLE,1,1,1,False,-1
1748,DOUBLE,0,1,1,False,-1
1749,DOUBLE,0,1,1,False,-1
1750,TRIPLE,1,1,1,False,-1
1751,TRIPLE,1,1,1,False,-1
1752,DOUBLE,0,1,1,False,-1
1753,SINGLE,0,0,1,False,-1
1754,DOUBLE,0,1,1,False,-1
1755,DOUBLE,0,1,1,False,-1
1756,TRIPLE,1,1,1,False,-1
1757,SINGLE,0,0,1,False,-1
1759,TRIPLE,1,1,1,False,-1
1760,TRIPLE,1,1,1,False,-1
1761,TRIPLE,1,1,1,False,-1
1763,TRIPLE,1,1,1,False,-1
1764,TRIPLE,1,1,1,False,-1
1765,SINGLE,0,0,1,False,-1
1766,TRIPLE,1,1,1,False,-1
1767,TRIPLE,1,1,1,False,-1
1768,DOUBLE,0,1,1,False,-1
1769,SINGLE,0,0,1,False,-1
1770,TRIPLE,1,1,1,False,-1
1772,DOUBLE,0,1,1,False,-1
1773,DOUBLE,0,1,1,False,-1
1774,TRIPLE,1,1,1,False,-1
1775,TRIPLE,1,1,1,False,-1
1776,TRIPLE,1,1,1,False,-1
1777,DOUBLE,0,1,1,False,-1
1778,TRIPLE,1,1,1,False,-1
1779,TRIPLE,1,1,1,False,-1
1780,TRIPLE,1,1,1,False,-1
1781,DOUBLE,0,1,1,False,-1
1782,DOUBLE,0,1,1,False,-1
1783,TRIPLE,1,1,1,False,-1
1785,TRIPLE,1,1,1,False,-1
1786,DOUBLE,0,1,1,False,-1
1787,DOUBLE,0,1,1,False,-1
1788,SINGLE,0,0,1,False,-1
1789,TRIPLE,1,1,1,False,-1
1790,TRIPLE,1,1,1,False,-1
1791,DOUBLE,0,1,1,False,-1
1792,DOUBLE,0,1,1,False,-1
1793,TRIPLE,1,1,1,False,-1
1794,TRIPLE,1,1,1,False,-1
1795,DOUBLE,0,1,1,False,-1
1796,TRIPLE,1,1,1,False,-1
1797,DOUBLE,0,1,1,False,-1
1798,TRIPLE,1,1,1,False,-1
1799,TRIPLE,1,1,1,False,-1
1800,TRIPLE,1,1,1,False,-1
1801,DOUBLE,0,1,1,False,-1
1802,DOUBLE,0,1,1,False,-1
1803,TRIPLE,1,1,1,False,-1
1804,TRIPLE,1,1,1,False,-1
1805,DOUBLE,0,1,1,False,-1
1806,DOUBLE,0,1,1,False,-1
1807,DOUBLE,0,1,1,False,-1
1809,TRIPLE,1,1,1,False,-1
1810,TRIPLE,1,1,1,False,-1
1811,TRIPLE,1,1,1,False,-1
1812,TRIPLE,1,1,1,False,-1
1814,SINGLE,0,0,1,False,-1
1815,TRIPLE,1,1,1,False,-1
1816,TRIPLE,1,1,1,False,-1
1818,TRIPLE,1,1,1,False,-1
1820,DOUBLE,0,1,1,False,-1
1821,TRIPLE,1,1,1,False,-1
1822,TRIPLE,1,1,1,False,-1
1823,SINGLE,0,0,1,False,-1
1824,SINGLE,0,0,1,False,-1
1825,DOUBLE,0,1,1,False,-1
1828,DOUBLE,0,1,1,False,-1
1829,SINGLE,0,0,1,False,-1
1830,SINGLE,0,0,1,False,-1
1831,TRIPLE,1,1,1,False,-1
1832,DOUBLE,0,1,1,False,-1
1833,TRIPLE,1,1,1,False,-1
1834,TRIPLE,1,1,1,False,-1
1835,SINGLE,0,0,1,False,-1
1836,DOUBLE,0,1,1,False,-1
1837,TRIPLE,1,1,1,False,-1
1838,DOUBLE,0,1,1,False,-1
1839,DOUBLE,0,1,1,False,-1
1840,TRIPLE,1,1,1,False,-1
1841,TRIPLE,1,1,1,False,-1
1842,TRIPLE,1,1,1,False,-1
1844,SINGLE,0,0,1,False,-1
1845,TRIPLE,1,1,1,False,-1
1846,TRIPLE,1,1,1,False,-1
1847,SINGLE,0,0,1,False,-1
1848,SINGLE,0,0,1,False,-1
1849,DOUBLE,0,1,1,False,-1
1850,TRIPLE,1,1,1,False,-1
1851,TRIPLE,1,1,1,False,-1
1852,TRIPLE,1,1,1,False,-1
1853,DOUBLE,0,1,1,False,-1
1854,TRIPLE,1,1,1,False,-1
1855,TRIPLE,1,1,1,False,-1
1856,TRIPLE,1,1,1,False,-1
1857,TRIPLE,1,1,1,False,-1
1858,SINGLE,0,0,1,False,-1
1859,SINGLE,0,0,1,False,-1
1860,DOUBLE,0,1,1,False,-1
1861,TRIPLE,1,1,1,False,-1
1862,TRIPLE,1,1,1,False,-1
1863,TRIPLE,1,1,1,False,-1
1864,TRIPLE,1,1,1,False,-1
1865,DOUBLE,0,1,1,False,-1
1867,DOUBLE,0,1,1,False,-1
1868,SINGLE,0,0,1,False,-1
1869,SINGLE,0,0,1,False,-1
1870,TRIPLE,1,1,1,False,-1
1871,DOUBLE,0,1,1,False,-1
1872,DOUBLE,0,1,1,False,-1
1873,TRIPLE,1,1,1,False,-1
1874,DOUBLE,0,1,1,False,-1
1876,TRIPLE,1,1,1,False,-1
1877,TRIPLE,1,1,1,False,-1
1878,DOUBLE,0,1,1,False,-1
1879,TRIPLE,1,1,1,False,-1
1880,TRIPLE,1,1,1,False,-1
1881,TRIPLE,1,1,1,False,-1
1883,DOUBLE,0,1,1,False,-1
1884,TRIPLE,1,1,1,False,-1
1885,SINGLE,0,0,1,False,-1
1886,TRIPLE,1,1,1,False,-1
1887,TRIPLE,1,1,1,False,-1
1888,SINGLE,0,0,1,False,-1
1889,TRIPLE,1,1,1,False,-1
1890,TRIPLE,1,1,1,False,-1
1891,TRIPLE,1,1,1,False,-1
1892,TRIPLE,1,1,1,False,-1
1893,TRIPLE,1,1,1,False,-1
1894,DOUBLE,0,1,1,False,-1
1895,TRIPLE,1,1,1,False,-1
1896,TRIPLE,1,1,1,False,-1
1897,DOUBLE,0,1,1,False,-1
1898,TRIPLE,1,1,1,False,-1
1899,TRIPLE,1,1,1,False,-1
1901,TRIPLE,1,1,1,False,-1
1902,TRIPLE,1,1,1,False,-1
1903,DOUBLE,0,1,1,False,-1
1904,TRIPLE,1,1,1,False,-1
1905,TRIPLE,1,1,1,False,-1
1906,DOUBLE,0,1,1,False,-1
1907,DOUBLE,0,1,1,False,-1
1908,TRIPLE,1,1,1,False,-1
1909,SINGLE,0,0,1,False,-1
1910,TRIPLE,1,1,1,False,-1
1911,SINGLE,0,0,1,False,-1
1912,SINGLE,0,0,1,False,-1
1913,TRIPLE,1,1,1,False,-1
1914,DOUBLE,0,1,1,False,-1
1915,TRIPLE,1,1,1,False,-1
1917,TRIPLE,1,1,1,False,-1
1918,DOUBLE,0,1,1,False,-1
1919,SINGLE,0,0,1,False,-1
1920,TRIPLE,1,1,1,False,-1
1921,DOUBLE,0,1,1,False,-1
1922,TRIPLE,1,1,1,False,-1
1923,SINGLE,0,0,1,False,-1
1924,TRIPLE,1,1,1,False,-1
1925,SINGLE,0,0,1,False,-1
1926,DOUBLE,0,1,1,False,-1
1927,DOUBLE,0,1,1,False,-1
1928,DOUBLE,0,1,1,False,-1
1929,TRIPLE,1,1,1,False,-1
1930,TRIPLE,1,1,1,False,-1
1931,TRIPLE,1,1,1,False,-1
1932,DOUBLE,0,1,1,False,-1
1933,DOUBLE,0,1,1,False,-1
1934,DOUBLE,0,1,1,False,-1
1935,TRIPLE,1,1,1,False,-1
1936,TRIPLE,1,1,1,False,-1
1937,DOUBLE,0,1,1,False,-1
1938,DOUBLE,0,1,1,False,-1
1939,TRIPLE,1,1,1,False,-1
1940,TRIPLE,1,1,1,False,-1
1941,TRIPLE,1,1,1,False,-1
1942,DOUBLE,0,1,1,False,-1
1943,SINGLE,0,0,1,False,-1
1944,TRIPLE,1,1,1,False,-1
1945,TRIPLE,1,1,1,False,-1
1946,TRIPLE,1,1,1,False,-1
1947,TRIPLE,1,1,1,False,-1
1948,TRIPLE,1,1,1,False,-1
1949,SINGLE,0,0,1,False,-1
1950,TRIPLE,1,1,1,False,-1
1951,DOUBLE,0,1,1,False,-1
1952,SINGLE,0,0,1,False,-1
1953,SINGLE,0,0,1,False,-1
1954,TRIPLE,1,1,1,False,-1
1955,SINGLE,0,0,1,False,-1
1956,TRIPLE,1,1,1,False,-1
1957,TRIPLE,1,1,1,False,-1
1958,DOUBLE,0,1,1,False,-1
1959,SINGLE,0,0,1,False,-1
1960,SINGLE,0,0,1,False,-1
1961,TRIPLE,1,1,1,False,-1
1962,DOUBLE,0,1,1,False,-1
1963,TRIPLE,1,1,1,False,-1
1964,TRIPLE,1,1,1,False,-1
1965,TRIPLE,1,1,1,False,-1
1966,SINGLE,0,0,1,False,-1
1967,DOUBLE,0,1,1,False,-1
1969,TRIPLE,1,1,1,False,-1
1970,TRIPLE,1,1,1,False,-1
1971,DOUBLE,0,1,1,False,-1
1972,TRIPLE,1,1,1,False,-1
1973,TRIPLE,1,1,1,False,-1
1974,DOUBLE,0,1,1,False,-1
1975,TRIPLE,1,1,1,False,-1
1977,SINGLE,0,0,1,False,-1
1978,DOUBLE,0,1,1,False,-1
1979,TRIPLE,1,1,1,False,-1
1980,TRIPLE,1,1,1,False,-1
1981,DOUBLE,0,1,1,False,-1
1982,DOUBLE,0,1,1,False,-1
1983,TRIPLE,1,1,1,False,-1
1984,TRIPLE,1,1,1,False,-1
1985,TRIPLE,1,1,1,False,-1
1986,DOUBLE,0,1,1,False,-1
1988,TRIPLE,1,1,1,False,-1
1989,TRIPLE,1,1,1,False,-1
1990,SINGLE,0,0,1,False,-1
1991,TRIPLE,1,1,1,False,-1
1992,TRIPLE,1,1,1,False,-1
1993,TRIPLE,1,1,1,False,-1
1994,TRIPLE,1,1,1,False,-1
1995,TRIPLE,1,1,1,False,-1
1996,TRIPLE,1,1,1,False,-1
1997,TRIPLE,1,1,1,False,-1
1998,TRIPLE,1,1,1,False,-1
1999,TRIPLE,1,1,1,False,-1
2000,TRIPLE,1,1,1,False,-1
2001,TRIPLE,1,1,1,False,-1
2003,SINGLE,0,0,1,False,-1
2004,DOUBLE,0,1,1,False,-1
2005,DOUBLE,0,1,1,False,-1
2007,TRIPLE,1,1,1,False,-1
2010,DOUBLE,0,1,1,False,-1
2011,DOUBLE,0,1,1,False,-1
2012,DOUBLE,0,1,1,False,-1
2013,TRIPLE,1,1,1,False,-1
2014,TRIPLE,1,1,1,False,-1
2015,TRIPLE,1,1,1,False,-1
2017,DOUBLE,0,1,1,False,-1
2018,TRIPLE,1,1,1,False,-1
2019,SINGLE,0,0,1,False,-1
2020,TRIPLE,1,1,1,False,-1
2021,DOUBLE,0,1,1,False,-1
2022,TRIPLE,1,1,1,False,-1
2023,DOUBLE,0,1,1,False,-1
2024,TRIPLE,1,1,1,False,-1
2025,DOUBLE,0,1,1,False,-1
2026,TRIPLE,1,1,1,False,-1
2028,TRIPLE,1,1,1,False,-1
2029,TRIPLE,1,1,1,False,-1
2030,SINGLE,0,0,1,False,-1
2031,TRIPLE,1,1,1,False,-1
2032,TRIPLE,1,1,1,False,-1
2033,TRIPLE,1,1,1,False,-1
2034,TRIPLE,1,1,1,False,-1
2035,TRIPLE,1,1,1,False,-1
2038,TRIPLE,1,1,1,False,-1
2040,TRIPLE,1,1,1,False,-1
2042,TRIPLE,1,1,1,False,-1
2043,DOUBLE,0,1,1,False,-1
2044,SINGLE,0,0,1,False,-1
2046,SINGLE,0,0,1,False,-1
2047,DOUBLE,0,1,1,False,-1
2048,TRIPLE,1,1,1,False,-1
2049,TRIPLE,1,1,1,False,-1
2050,DOUBLE,0,1,1,False,-1
2051,TRIPLE,1,1,1,False,-1
2052,TRIPLE,1,1,1,False,-1
2053,DOUBLE,0,1,1,False,-1
2054,SINGLE,0,0,1,False,-1
2055,TRIPLE,1,1,1,False,-1
2056,SINGLE,0,0,1,False,-1
2057,TRIPLE,1,1,1,False,-1
2058,TRIPLE,1,1,1,False,-1
2059,TRIPLE,1,1,1,False,-1
2060,TRIPLE,1,1,1,False,-1
2061,DOUBLE,0,1,1,False,-1
2062,TRIPLE,1,1,1,False,-1
2063,TRIPLE,1,1,1,False,-1
2064,SINGLE,0,0,1,False,-1
2065,DOUBLE,0,1,1,False,-1
2067,TRIPLE,1,1,1,False,-1
2068,TRIPLE,1,1,1,False,-1
2069,TRIPLE,1,1,1,False,-1
2070,DOUBLE,0,1,1,False,-1
2071,TRIPLE,1,1,1,False,-1
2072,DOUBLE,0,1,1,False,-1
2073,TRIPLE,1,1,1,False,-1
2074,TRIPLE,1,1,1,False,-1
2075,TRIPLE,1,1,1,False,-1
2077,SINGLE,0,0,1,False,-1
2078,DOUBLE,0,1,1,False,-1
2079,SINGLE,0,0,1,False,-1
2081,SINGLE,0,0,1,False,-1
2082,TRIPLE,1,1,1,False,-1
2084,DOUBLE,0,1,1,False,-1
2085,DOUBLE,0,1,1,False,-1
2086,DOUBLE,0,1,1,False,-1
2087,SINGLE,0,0,1,False,-1
2088,TRIPLE,1,1,1,False,-1
2089,DOUBLE,0,1,1,False,-1
2090,DOUBLE,0,1,1,False,-1
2091,TRIPLE,1,1,1,False,-1
2092,TRIPLE,1,1,1,False,-1
2093,TRIPLE,1,1,1,False,-1
2094,DOUBLE,0,1,1,False,-1
2095,SINGLE,0,0,1,False,-1
2096,TRIPLE,1,1,1,False,-1
2097,DOUBLE,0,1,1,False,-1
2098,TRIPLE,1,1,1,False,-1
2099,TRIPLE,1,1,1,False,-1
2100,TRIPLE,1,1,1,False,-1
2101,TRIPLE,1,1,1,False,-1
2103,DOUBLE,0,1,1,False,-1
2104,TRIPLE,1,1,1,False,-1
2106,TRIPLE,1,1,1,False,-1
2107,DOUBLE,0,1,1,False,-1
2108,TRIPLE,1,1,1,False,-1
2109,DOUBLE,0,1,1,False,-1
2110,TRIPLE,1,1,1,False,-1
2112,DOUBLE,0,1,1,False,-1
2113,TRIPLE,1,1,1,False,-1
2114,DOUBLE,0,1,1,False,-1
2115,TRIPLE,1,1,1,False,-1
2116,TRIPLE,1,1,1,False,-1
2117,TRIPLE,1,1,1,False,-1
2118,SINGLE,0,0,1,False,-1
2119,SINGLE,0,0,1,False,-1
2120,TRIPLE,1,1,1,False,-1
2121,TRIPLE,1,1,1,False,-1
2122,TRIPLE,1,1,1,False,-1
2124,DOUBLE,0,1,1,False,-1
2125,DOUBLE,0,1,1,False,-1
2126,TRIPLE,1,1,1,False,-1
2127,SINGLE,0,0,1,False,-1
2128,TRIPLE,1,1,1,False,-1
2129,TRIPLE,1,1,1,False,-1
2130,DOUBLE,0,1,1,False,-1
2131,DOUBLE,0,1,1,False,-1
2132,TRIPLE,1,1,1,False,-1
2133,TRIPLE,1,1,1,False,-1
2134,TRIPLE,1,1,1,False,-1
2135,DOUBLE,0,1,1,False,-1
2136,TRIPLE,1,1,1,False,-1
2137,TRIPLE,1,1,1,False,-1
2138,TRIPLE,1,1,1,False,-1
2139,DOUBLE,0,1,1,False,-1
2140,DOUBLE,0,1,1,False,-1
2141,TRIPLE,1,1,1,False,-1
2142,TRIPLE,1,1,1,False,-1
2143,SINGLE,0,0,1,False,-1
2144,TRIPLE,1,1,1,False,-1
2145,TRIPLE,1,1,1,False,-1
2146,TRIPLE,1,1,1,False,-1
2147,DOUBLE,0,1,1,False,-1
2149,DOUBLE,0,1,1,False,-1
2150,SINGLE,0,0,1,False,-1
2151,TRIPLE,1,1,1,False,-1
2152,TRIPLE,1,1,1,False,-1
2153,TRIPLE,1,1,1,False,-1
2154,TRIPLE,1,1,1,False,-1
2155,TRIPLE,1,1,1,False,-1
2156,DOUBLE,0,1,1,False,-1
2157,TRIPLE,1,1,1,False,-1
2158,TRIPLE,1,1,1,False,-1
2160,TRIPLE,1,1,1,False,-1
2161,TRIPLE,1,1,1,False,-1
2163,DOUBLE,0,1,1,False,-1
2164,TRIPLE,1,1,1,False,-1
2165,DOUBLE,0,1,1,False,-1
2167,TRIPLE,1,1,1,False,-1
2169,SINGLE,0,0,1,False,-1
2170,DOUBLE,0,1,1,False,-1
2171,DOUBLE,0,1,1,False,-1
2172,TRIPLE,1,1,1,False,-1
2174,TRIPLE,1,1,1,False,-1
2175,DOUBLE,0,1,1,False,-1
2176,TRIPLE,1,1,1,False,-1
2177,DOUBLE,0,1,1,False,-1
2178,DOUBLE,0,1,1,False,-1
2179,TRIPLE,1,1,1,False,-1
2180,DOUBLE,0,1,1,False,-1
2181,TRIPLE,1,1,1,False,-1
2182,TRIPLE,1,1,1,False,-1
2183,TRIPLE,1,1,1,False,-1
2184,TRIPLE,1,1,1,False,-1
2185,TRIPLE,1,1,1,False,-1
2186,SINGLE,0,0,1,False,-1
2188,SINGLE,0,0,1,False,-1
2189,TRIPLE,1,1,1,False,-1
2190,DOUBLE,0,1,1,False,-1
2191,SINGLE,0,0,1,False,-1
2192,SINGLE,0,0,1,False,-1
2193,TRIPLE,1,1,1,False,-1
2194,DOUBLE,0,1,1,False,-1
2195,DOUBLE,0,1,1,False,-1
2196,TRIPLE,1,1,1,False,-1
2197,TRIPLE,1,1,1,False,-1
2198,DOUBLE,0,1,1,False,-1
2199,TRIPLE,1,1,1,False,-1
2200,TRIPLE,1,1,1,False,-1
2201,TRIPLE,1,1,1,False,-1
2202,DOUBLE,0,1,1,False,-1
2203,SINGLE,0,0,1,False,-1
2204,TRIPLE,1,1,1,False,-1
2205,DOUBLE,0,1,1,False,-1
2206,TRIPLE,1,1,1,False,-1
2207,SINGLE,0,0,1,False,-1
2208,DOUBLE,0,1,1,False,-1
2209,TRIPLE,1,1,1,False,-1
2210,TRIPLE,1,1,1,False,-1
2211,TRIPLE,1,1,1,False,-1
2212,TRIPLE,1,1,1,False,-1
2213,TRIPLE,1,1,1,False,-1
2214,SINGLE,0,0,1,False,-1
2216,SINGLE,0,0,1,False,-1
2217,TRIPLE,1,1,1,False,-1
2218,DOUBLE,0,1,1,False,-1
2219,SINGLE,0,0,1,False,-1
2220,SINGLE,0,0,1,False,-1
2221,DOUBLE,0,1,1,False,-1
2222,DOUBLE,0,1,1,False,-1
2223,TRIPLE,1,1,1,False,-1
2224,DOUBLE,0,1,1,False,-1
2226,TRIPLE,1,1,1,False,-1
2227,DOUBLE,0,1,1,False,-1
2228,TRIPLE,1,1,1,False,-1
2229,TRIPLE,1,1,1,False,-1
2230,SINGLE,0,0,1,False,-1
2231,TRIPLE,1,1,1,False,-1
2233,TRIPLE,1,1,1,False,-1
2234,TRIPLE,1,1,1,False,-1
2235,TRIPLE,1,1,1,False,-1
2236,TRIPLE,1,1,1,False,-1
2237,TRIPLE,1,1,1,False,-1
2238,TRIPLE,1,1,1,False,-1
2239,TRIPLE,1,1,1,False,-1
2240,TRIPLE,1,1,1,False,-1
2241,TRIPLE,1,1,1,False,-1
2242,TRIPLE,1,1,1,False,-1
2243,TRIPLE,1,1,1,False,-1
2244,TRIPLE,1,1,1,False,-1
2245,DOUBLE,0,1,1,False,-1
2247,SINGLE,0,0,1,False,-1
2248,SINGLE,0,0,1,False,-1
2250,TRIPLE,1,1,1,False,-1
2251,DOUBLE,0,1,1,False,-1
2252,DOUBLE,0,1,1,False,-1
2253,TRIPLE,1,1,1,False,-1
2254,TRIPLE,1,1,1,False,-1
2255,SINGLE,0,0,1,False,-1
2256,DOUBLE,0,1,1,False,-1
2257,DOUBLE,0,1,1,False,-1
2258,SINGLE,0,0,1,False,-1
2259,TRIPLE,1,1,1,False,-1
2260,TRIPLE,1,1,1,False,-1
2261,TRIPLE,1,1,1,False,-1
2262,TRIPLE,1,1,1,False,-1
2263,TRIPLE,1,1,1,False,-1
2264,TRIPLE,1,1,1,False,-1
2265,TRIPLE,1,1,1,False,-1
2266,DOUBLE,0,1,1,False,-1
2267,DOUBLE,0,1,1,False,-1
2268,TRIPLE,1,1,1,False,-1
2269,TRIPLE,1,1,1,False,-1
2270,TRIPLE,1,1,1,False,-1
2271,TRIPLE,1,1,1,False,-1
2272,DOUBLE,0,1,1,False,-1
2273,DOUBLE,0,1,1,False,-1
2274,TRIPLE,1,1,1,False,-1
2275,TRIPLE,1,1,1,False,-1
2276,TRIPLE,1,1,1,False,-1
2277,TRIPLE,1,1,1,False,-1
2278,TRIPLE,1,1,1,False,-1
2279,DOUBLE,0,1,1,False,-1
2282,TRIPLE,1,1,1,False,-1
2283,TRIPLE,1,1,1,False,-1
2284,SINGLE,0,0,1,False,-1
2285,DOUBLE,0,1,1,False,-1
2286,DOUBLE,0,1,1,False,-1
2287,TRIPLE,1,1,1,False,-1
2288,DOUBLE,0,1,1,False,-1
2289,TRIPLE,1,1,1,False,-1
2290,DOUBLE,0,1,1,False,-1
2291,DOUBLE,0,1,1,False,-1
2292,DOUBLE,0,1,1,False,-1
2293,TRIPLE,1,1,1,False,-1
2294,SINGLE,0,0,1,False,-1
2295,TRIPLE,1,1,1,False,-1
2296,TRIPLE,1,1,1,False,-1
2297,TRIPLE,1,1,1,False,-1
2298,TRIPLE,1,1,1,False,-1
2299,DOUBLE,0,1,1,False,-1
2301,TRIPLE,1,1,1,False,-1
2302,TRIPLE,1,1,1,False,-1
2303,TRIPLE,1,1,1,False,-1
2304,TRIPLE,1,1,1,False,-1
2305,TRIPLE,1,1,1,False,-1
2306,DOUBLE,0,1,1,False,-1
2307,TRIPLE,1,1,1,False,-1
2308,SINGLE,0,0,1,False,-1
2310,DOUBLE,0,1,1,False,-1
2311,DOUBLE,0,1,1,False,-1
2312,DOUBLE,0,1,1,False,-1
2313,DOUBLE,0,1,1,False,-1
2314,TRIPLE,1,1,1,False,-1
2315,TRIPLE,1,1,1,False,-1
2316,SINGLE,0,0,1,False,-1
2317,TRIPLE,1,1,1,False,-1
2318,DOUBLE,0,1,1,False,-1
2319,DOUBLE,0,1,1,False,-1
2322,SINGLE,0,0,1,False,-1
2324,TRIPLE,1,1,1,False,-1
2325,TRIPLE,1,1,1,False,-1
2326,SINGLE,0,0,1,False,-1
2327,TRIPLE,1,1,1,False,-1
2328,SINGLE,0,0,1,False,-1
2329,TRIPLE,1,1,1,False,-1
2330,SINGLE,0,0,1,False,-1
2331,TRIPLE,1,1,1,False,-1
2332,SINGLE,0,0,1,False,-1
2333,TRIPLE,1,1,1,False,-1
2334,TRIPLE,1,1,1,False,-1
2335,DOUBLE,0,1,1,False,-1
2336,TRIPLE,1,1,1,False,-1
2337,DOUBLE,0,1,1,False,-1
2339,DOUBLE,0,1,1,False,-1
2340,SINGLE,0,0,1,False,-1
2342,TRIPLE,1,1,1,False,-1
2343,TRIPLE,1,1,1,False,-1
2344,TRIPLE,1,1,1,False,-1
2345,TRIPLE,1,1,1,False,-1
2346,DOUBLE,0,1,1,False,-1
2348,TRIPLE,1,1,1,False,-1
2349,SINGLE,0,0,1,False,-1
2350,SINGLE,0,0,1,False,-1
2351,TRIPLE,1,1,1,False,-1
2352,SINGLE,0,0,1,False,-1
2354,DOUBLE,0,1,1,False,-1
2355,TRIPLE,1,1,1,False,-1
2356,DOUBLE,0,1,1,False,-1
2357,DOUBLE,0,1,1,False,-1
2358,TRIPLE,1,1,1,False,-1
2360,DOUBLE,0,1,1,False,-1
2361,DOUBLE,0,1,1,False,-1
2364,TRIPLE,1,1,1,False,-1
2365,SINGLE,0,0,1,False,-1
2366,SINGLE,0,0,1,False,-1
2367,TRIPLE,1,1,1,False,-1
2368,TRIPLE,1,1,1,False,-1
2369,DOUBLE,0,1,1,False,-1
2370,TRIPLE,1,1,1,False,-1
2371,TRIPLE,1,1,1,False,-1
2373,SINGLE,0,0,1,False,-1
2374,DOUBLE,0,1,1,False,-1
2375,TRIPLE,1,1,1,False,-1
2376,SINGLE,0,0,1,False,-1
2378,TRIPLE,1,1,1,False,-1
2380,SINGLE,0,0,1,False,-1
2381,TRIPLE,1,1,1,False,-1
2382,SINGLE,0,0,1,False,-1
2383,TRIPLE,1,1,1,False,-1
2384,TRIPLE,1,1,1,False,-1
2385,TRIPLE,1,1,1,False,-1
2386,TRIPLE,1,1,1,False,-1
2387,SINGLE,0,0,1,False,-1
2388,DOUBLE,0,1,1,False,-1
2389,TRIPLE,1,1,1,False,-1
2390,DOUBLE,0,1,1,False,-1
2391,TRIPLE,1,1,1,False,-1
2392,TRIPLE,1,1,1,False,-1
2393,SINGLE,0,0,1,False,-1
2394,TRIPLE,1,1,1,False,-1
2395,TRIPLE,1,1,1,False,-1
2396,TRIPLE,1,1,1,False,-1
2397,TRIPLE,1,1,1,False,-1
2398,DOUBLE,0,1,1,False,-1
2400,TRIPLE,1,1,1,False,-1
2402,DOUBLE,0,1,1,False,-1
2403,TRIPLE,1,1,1,False,-1
2404,SINGLE,0,0,1,False,-1
2405,SINGLE,0,0,1,False,-1
2407,TRIPLE,1,1,1,False,-1
2409,TRIPLE,1,1,1,False,-1
2410,SINGLE,0,0,1,False,-1
2411,TRIPLE,1,1,1,False,-1
2412,DOUBLE,0,1,1,False,-1
2413,TRIPLE,1,1,1,False,-1
2414,TRIPLE,1,1,1,False,-1
2417,SINGLE,0,0,1,False,-1
2418,DOUBLE,0,1,1,False,-1
2419,TRIPLE,1,1,1,False,-1
2421,TRIPLE,1,1,1,False,-1
2422,DOUBLE,0,1,1,False,-1
2423,SINGLE,0,0,1,False,-1
2424,TRIPLE,1,1,1,False,-1
2425,TRIPLE,1,1,1,False,-1
2426,SINGLE,0,0,1,False,-1
2427,TRIPLE,1,1,1,False,-1
2428,DOUBLE,0,1,1,False,-1
2430,DOUBLE,0,1,1,False,-1
2432,TRIPLE,1,1,1,False,-1
2433,TRIPLE,1,1,1,False,-1
2435,SINGLE,0,0,1,False,-1
2436,TRIPLE,1,1,1,False,-1
2437,TRIPLE,1,1,1,False,-1
2438,TRIPLE,1,1,1,False,-1
2439,TRIPLE,1,1,1,False,-1
2440,DOUBLE,0,1,1,False,-1
2441,DOUBLE,0,1,1,False,-1
2442,TRIPLE,1,1,1,False,-1
2443,SINGLE,0,0,1,False,-1
2444,TRIPLE,1,1,1,False,-1
2445,DOUBLE,0,1,1,False,-1
2447,TRIPLE,1,1,1,False,-1
2449,TRIPLE,1,1,1,False,-1
2450,TRIPLE,1,1,1,False,-1
2451,DOUBLE,0,1,1,False,-1
2452,TRIPLE,1,1,1,False,-1
2453,TRIPLE,1,1,1,False,-1
2454,DOUBLE,0,1,1,False,-1
2455,TRIPLE,1,1,1,False,-1
2457,TRIPLE,1,1,1,False,-1
2458,TRIPLE,1,1,1,False,-1
2459,DOUBLE,0,1,1,False,-1
2460,SINGLE,0,0,1,False,-1
2461,TRIPLE,1,1,1,False,-1
2462,DOUBLE,0,1,1,False,-1
2463,SINGLE,0,0,1,False,-1
2464,TRIPLE,1,1,1,False,-1
2465,TRIPLE,1,1,1,False,-1
2466,SINGLE,0,0,1,False,-1
2467,TRIPLE,1,1,1,False,-1
2468,DOUBLE,0,1,1,False,-1
2469,TRIPLE,1,1,1,False,-1
2470,DOUBLE,0,1,1,False,-1
2471,SINGLE,0,0,1,False,-1
2472,DOUBLE,0,1,1,False,-1
2473,DOUBLE,0,1,1,False,-1
2474,TRIPLE,1,1,1,False,-1
2475,TRIPLE,1,1,1,False,-1
2476,TRIPLE,1,1,1,False,-1
2477,TRIPLE,1,1,1,False,-1
2478,DOUBLE,0,1,1,False,-1
2479,TRIPLE,1,1,1,False,-1
2480,DOUBLE,0,1,1,False,-1
2481,DOUBLE,0,1,1,False,-1
2482,DOUBLE,0,1,1,False,-1
2483,DOUBLE,0,1,1,False,-1
2484,TRIPLE,1,1,1,False,-1
2485,SINGLE,0,0,1,False,-1
2486,TRIPLE,1,1,1,False,-1
2487,TRIPLE,1,1,1,False,-1
2488,DOUBLE,0,1,1,False,-1
2489,TRIPLE,1,1,1,False,-1
2490,TRIPLE,1,1,1,False,-1
2491,TRIPLE,1,1,1,False,-1
2492,DOUBLE,0,1,1,False,-1
2493,TRIPLE,1,1,1,False,-1
2494,TRIPLE,1,1,1,False,-1
2495,DOUBLE,0,1,1,False,-1
2497,DOUBLE,0,1,1,False,-1
2498,DOUBLE,0,1,1,False,-1
2499,DOUBLE,0,1,1,False,-1
2500,TRIPLE,1,1,1,False,-1
2501,TRIPLE,1,1,1,False,-1
2503,TRIPLE,1,1,1,False,-1
2504,TRIPLE,1,1,1,False,-1
2505,SINGLE,0,0,1,False,-1
2506,TRIPLE,1,1,1,False,-1
2507,SINGLE,0,0,1,False,-1
2508,TRIPLE,1,1,1,False,-1
2509,DOUBLE,0,1,1,False,-1
2510,TRIPLE,1,1,1,False,-1
2511,TRIPLE,1,1,1,False,-1
2512,TRIPLE,1,1,1,False,-1
2513,DOUBLE,0,1,1,False,-1
2514,DOUBLE,0,1,1,False,-1
2515,DOUBLE,0,1,1,False,-1
2516,TRIPLE,1,1,1,False,-1
2517,TRIPLE,1,1,1,False,-1
2518,DOUBLE,0,1,1,False,-1
2519,TRIPLE,1,1,1,False,-1
2521,TRIPLE,1,1,1,False,-1
2525,SINGLE,0,0,1,False,-1
2526,TRIPLE,1,1,1,False,-1
2527,DOUBLE,0,1,1,False,-1
2528,SINGLE,0,0,1,False,-1
2529,TRIPLE,1,1,1,False,-1
2530,TRIPLE,1,1,1,False,-1
2531,TRIPLE,1,1,1,False,-1
2533,TRIPLE,1,1,1,False,-1
2534,TRIPLE,1,1,1,False,-1
2535,TRIPLE,1,1,1,False,-1
2536,TRIPLE,1,1,1,False,-1
2537,DOUBLE,0,1,1,False,-1
2538,SINGLE,0,0,1,False,-1
2539,TRIPLE,1,1,1,False,-1
2540,TRIPLE,1,1,1,False,-1
2541,DOUBLE,0,1,1,False,-1
2542,TRIPLE,1,1,1,False,-1
2543,TRIPLE,1,1,1,False,-1
2545,TRIPLE,1,1,1,False,-1
2546,TRIPLE,1,1,1,False,-1
2547,TRIPLE,1,1,1,False,-1
2548,DOUBLE,0,1,1,False,-1
2549,TRIPLE,1,1,1,False,-1
2550,SINGLE,0,0,1,False,-1
2551,TRIPLE,1,1,1,False,-1
2552,SINGLE,0,0,1,False,-1
2554,TRIPLE,1,1,1,False,-1
2557,DOUBLE,0,1,1,False,-1
2558,TRIPLE,1,1,1,False,-1
2559,TRIPLE,1,1,1,False,-1
2560,DOUBLE,0,1,1,False,-1
2561,TRIPLE,1,1,1,False,-1
2562,TRIPLE,1,1,1,False,-1
2563,DOUBLE,0,1,1,False,-1
2564,SINGLE,0,0,1,False,-1
2565,TRIPLE,1,1,1,False,-1
2566,DOUBLE,0,1,1,False,-1
2567,SINGLE,0,0,1,False,-1
2568,SINGLE,0,0,1,False,-1
2569,TRIPLE,1,1,1,False,-1
2570,SINGLE,0,0,1,False,-1
2571,DOUBLE,0,1,1,False,-1
2572,TRIPLE,1,1,1,False,-1
2573,DOUBLE,0,1,1,False,-1
2574,TRIPLE,1,1,1,False,-1
2575,TRIPLE,1,1,1,False,-1
2576,SINGLE,0,0,1,False,-1
2577,TRIPLE,1,1,1,False,-1
2578,SINGLE,0,0,1,False,-1
2579,TRIPLE,1,1,1,False,-1
2580,TRIPLE,1,1,1,False,-1
2581,TRIPLE,1,1,1,False,-1
2582,SINGLE,0,0,1,False,-1
2583,DOUBLE,0,1,1,False,-1
2584,DOUBLE,0,1,1,False,-1
2585,SINGLE,0,0,1,False,-1
2586,TRIPLE,1,1,1,False,-1
2587,TRIPLE,1,1,1,False,-1
2588,TRIPLE,1,1,1,False,-1
2589,TRIPLE,1,1,1,False,-1
2590,TRIPLE,1,1,1,False,-1
2591,TRIPLE,1,1,1,False,-1
2592,DOUBLE,0,1,1,False,-1
2593,DOUBLE,0,1,1,False,-1
2594,TRIPLE,1,1,1,False,-1
2595,SINGLE,0,0,1,False,-1
2596,DOUBLE,0,1,1,False,-1
2597,TRIPLE,1,1,1,False,-1
2598,TRIPLE,1,1,1,False,-1
2599,TRIPLE,1,1,1,False,-1
2600,TRIPLE,1,1,1,False,-1
2602,DOUBLE,0,1,1,False,-1
2603,TRIPLE,1,1,1,False,-1
2605,TRIPLE,1,1,1,False,-1
2606,DOUBLE,0,1,1,False,-1
2608,SINGLE,0,0,1,False,-1
2609,DOUBLE,0,1,1,False,-1
2610,TRIPLE,1,1,1,False,-1
2611,TRIPLE,1,1,1,False,-1
2612,TRIPLE,1,1,1,False,-1
2613,SINGLE,0,0,1,False,-1
2614,DOUBLE,0,1,1,False,-1
2615,DOUBLE,0,1,1,False,-1
2616,SINGLE,0,0,1,False,-1
2617,TRIPLE,1,1,1,False,-1
2618,SINGLE,0,0,1,False,-1
2620,TRIPLE,1,1,1,False,-1
2621,DOUBLE,0,1,1,False,-1
2622,DOUBLE,0,1,1,False,-1
2623,TRIPLE,1,1,1,False,-1
2624,DOUBLE,0,1,1,False,-1
2626,TRIPLE,1,1,1,False,-1
2627,DOUBLE,0,1,1,False,-1
2628,TRIPLE,1,1,1,False,-1
2629,TRIPLE,1,1,1,False,-1
2630,SINGLE,0,0,1,False,-1
2631,TRIPLE,1,1,1,False,-1
2632,DOUBLE,0,1,1,False,-1
2633,TRIPLE,1,1,1,False,-1
2634,TRIPLE,1,1,1,False,-1
2635,DOUBLE,0,1,1,False,-1
2636,TRIPLE,1,1,1,False,-1
2637,TRIPLE,1,1,1,False,-1
2638,TRIPLE,1,1,1,False,-1
2639,DOUBLE,0,1,1,False,-1
2640,TRIPLE,1,1,1,False,-1
2641,DOUBLE,0,1,1,False,-1
2642,SINGLE,0,0,1,False,-1
2643,TRIPLE,1,1,1,False,-1
2644,TRIPLE,1,1,1,False,-1
2645,DOUBLE,0,1,1,False,-1
2646,TRIPLE,1,1,1,False,-1
2647,DOUBLE,0,1,1,False,-1
2648,DOUBLE,0,1,1,False,-1
2649,SINGLE,0,0,1,False,-1
2650,TRIPLE,1,1,1,False,-1
2651,SINGLE,0,0,1,False,-1
2652,DOUBLE,0,1,1,False,-1
2653,SINGLE,0,0,1,False,-1
2655,SINGLE,0,0,1,False,-1
2656,TRIPLE,1,1,1,False,-1
2657,DOUBLE,0,1,1,False,-1
2658,SINGLE,0,0,1,False,-1
2660,TRIPLE,1,1,1,False,-1
2662,TRIPLE,1,1,1,False,-1
2663,DOUBLE,0,1,1,False,-1
2664,DOUBLE,0,1,1,False,-1
2665,TRIPLE,1,1,1,False,-1
2667,TRIPLE,1,1,1,False,-1
2668,DOUBLE,0,1,1,False,-1
2669,TRIPLE,1,1,1,False,-1
2670,SINGLE,0,0,1,False,-1
2672,SINGLE,0,0,1,False,-1
2673,SINGLE,0,0,1,False,-1
2674,DOUBLE,0,1,1,False,-1
2675,TRIPLE,1,1,1,False,-1
2676,DOUBLE,0,1,1,False,-1
2677,TRIPLE,1,1,1,False,-1
2678,DOUBLE,0,1,1,False,-1
2679,DOUBLE,0,1,1,False,-1
2680,TRIPLE,1,1,1,False,-1
2681,TRIPLE,1,1,1,False,-1
2682,DOUBLE,0,1,1,False,-1
2683,TRIPLE,1,1,1,False,-1
2685,DOUBLE,0,1,1,False,-1
2686,SINGLE,0,0,1,False,-1
2687,SINGLE,0,0,1,False,-1
2688,TRIPLE,1,1,1,False,-1
2689,TRIPLE,1,1,1,False,-1
2690,DOUBLE,0,1,1,False,-1
2691,DOUBLE,0,1,1,False,-1
2692,TRIPLE,1,1,1,False,-1
2693,TRIPLE,1,1,1,False,-1
2694,SINGLE,0,0,1,False,-1
2695,TRIPLE,1,1,1,False,-1
2696,SINGLE,0,0,1,False,-1
2697,DOUBLE,0,1,1,False,-1
2698,TRIPLE,1,1,1,False,-1
2699,DOUBLE,0,1,1,False,-1
2700,DOUBLE,0,1,1,False,-1
2701,DOUBLE,0,1,1,False,-1
2702,TRIPLE,1,1,1,False,-1
2703,TRIPLE,1,1,1,False,-1
2704,TRIPLE,1,1,1,False,-1
2705,DOUBLE,0,1,1,False,-1
2707,TRIPLE,1,1,1,False,-1
2708,TRIPLE,1,1,1,False,-1
2709,TRIPLE,1,1,1,False,-1
2710,DOUBLE,0,1,1,False,-1
2711,SINGLE,0,0,1,False,-1
2712,TRIPLE,1,1,1,False,-1
2713,DOUBLE,0,1,1,False,-1
2714,TRIPLE,1,1,1,False,-1
2715,TRIPLE,1,1,1,False,-1
2716,SINGLE,0,0,1,False,-1
2717,TRIPLE,1,1,1,False,-1
2719,TRIPLE,1,1,1,False,-1
2720,TRIPLE,1,1,1,False,-1
2721,TRIPLE,1,1,1,False,-1
2722,SINGLE,0,0,1,False,-1
2723,DOUBLE,0,1,1,False,-1
2725,DOUBLE,0,1,1,False,-1
2726,DOUBLE,0,1,1,False,-1
2727,SINGLE,0,0,1,False,-1
2728,TRIPLE,1,1,1,False,-1
2729,SINGLE,0,0,1,False,-1
2730,DOUBLE,0,1,1,False,-1
2731,SINGLE,0,0,1,False,-1
2732,TRIPLE,1,1,1,False,-1
2733,TRIPLE,1,1,1,False,-1
2734,TRIPLE,1,1,1,False,-1
2735,TRIPLE,1,1,1,False,-1
2736,TRIPLE,1,1,1,False,-1
2737,DOUBLE,0,1,1,False,-1
2738,SINGLE,0,0,1,False,-1
2739,TRIPLE,1,1,1,False,-1
2740,DOUBLE,0,1,1,False,-1
2741,DOUBLE,0,1,1,False,-1
2742,TRIPLE,1,1,1,False,-1
2743,TRIPLE,1,1,1,False,-1
2744,DOUBLE,0,1,1,False,-1
2745,DOUBLE,0,1,1,False,-1
2746,DOUBLE,0,1,1,False,-1
2747,SINGLE,0,0,1,False,-1
2748,DOUBLE,0,1,1,False,-1
2749,TRIPLE,1,1,1,False,-1
2750,DOUBLE,0,1,1,False,-1
2751,TRIPLE,1,1,1,False,-1
2752,TRIPLE,1,1,1,False,-1
2753,TRIPLE,1,1,1,False,-1
2754,SINGLE,0,0,1,False,-1
2755,TRIPLE,1,1,1,False,-1
2756,SINGLE,0,0,1,False,-1
2757,DOUBLE,0,1,1,False,-1
2758,SINGLE,0,0,1,False,-1
2759,TRIPLE,1,1,1,False,-1
2760,SINGLE,0,0,1,False,-1
2761,DOUBLE,0,1,1,False,-1
2762,DOUBLE,0,1,1,False,-1
2763,DOUBLE,0,1,1,False,-1
2764,SINGLE,0,0,1,False,-1
2766,DOUBLE,0,1,1,False,-1
2767,SINGLE,0,0,1,False,-1
2768,TRIPLE,1,1,1,False,-1
2769,SINGLE,0,0,1,False,-1
2770,DOUBLE,0,1,1,False,-1
2771,SINGLE,0,0,1,False,-1
2772,TRIPLE,1,1,1,False,-1
2773,TRIPLE,1,1,1,False,-1
2774,SINGLE,0,0,1,False,-1
2775,DOUBLE,0,1,1,False,-1
2776,SINGLE,0,0,1,False,-1
2777,TRIPLE,1,1,1,False,-1
2778,DOUBLE,0,1,1,False,-1
2779,TRIPLE,1,1,1,False,-1
2780,DOUBLE,0,1,1,False,-1
2781,DOUBLE,0,1,1,False,-1
2782,SINGLE,0,0,1,False,-1
2784,TRIPLE,1,1,1,False,-1
2785,TRIPLE,1,1,1,False,-1
2786,DOUBLE,0,1,1,False,-1
2787,SINGLE,0,0,1,False,-1
2788,DOUBLE,0,1,1,False,-1
2789,TRIPLE,1,1,1,False,-1
2791,TRIPLE,1,1,1,False,-1
2792,TRIPLE,1,1,1,False,-1
2793,TRIPLE,1,1,1,False,-1
2794,TRIPLE,1,1,1,False,-1
2795,TRIPLE,1,1,1,False,-1
2796,DOUBLE,0,1,1,False,-1
2798,SINGLE,0,0,1,False,-1
2799,DOUBLE,0,1,1,False,-1
2800,TRIPLE,1,1,1,False,-1
2801,TRIPLE,1,1,1,False,-1
2802,DOUBLE,0,1,1,False,-1
2803,DOUBLE,0,1,1,False,-1
2804,DOUBLE,0,1,1,False,-1
2805,TRIPLE,1,1,1,False,-1
2806,TRIPLE,1,1,1,False,-1
2807,TRIPLE,1,1,1,False,-1
2808,TRIPLE,1,1,1,False,-1
2809,TRIPLE,1,1,1,False,-1
2810,TRIPLE,1,1,1,False,-1
2811,TRIPLE,1,1,1,False,-1
2812,DOUBLE,0,1,1,False,-1
2813,DOUBLE,0,1,1,False,-1
2815,SINGLE,0,0,1,False,-1
2816,TRIPLE,1,1,1,False,-1
2817,SINGLE,0,0,1,False,-1
2818,TRIPLE,1,1,1,False,-1
2819,TRIPLE,1,1,1,False,-1
2820,TRIPLE,1,1,1,False,-1
2821,TRIPLE,1,1,1,False,-1
2822,TRIPLE,1,1,1,False,-1
2823,TRIPLE,1,1,1,False,-1
2824,TRIPLE,1,1,1,False,-1
2825,TRIPLE,1,1,1,False,-1
2826,TRIPLE,1,1,1,False,-1
2827,SINGLE,0,0,1,False,-1
2828,TRIPLE,1,1,1,False,-1
2829,DOUBLE,0,1,1,False,-1
2830,TRIPLE,1,1,1,False,-1
2831,DOUBLE,0,1,1,False,-1
2832,DOUBLE,0,1,1,False,-1
2833,TRIPLE,1,1,1,False,-1
2834,DOUBLE,0,1,1,False,-1
2835,SINGLE,0,0,1,False,-1
2836,DOUBLE,0,1,1,False,-1
2837,SINGLE,0,0,1,False,-1
2838,TRIPLE,1,1,1,False,-1
2839,SINGLE,0,0,1,False,-1
2840,TRIPLE,1,1,1,False,-1
2841,SINGLE,0,0,1,False,-1
2842,DOUBLE,0,1,1,False,-1
2843,DOUBLE,0,1,1,False,-1
2846,TRIPLE,1,1,1,False,-1
2847,DOUBLE,0,1,1,False,-1
2848,DOUBLE,0,1,1,False,-1
2849,SINGLE,0,0,1,False,-1
2850,TRIPLE,1,1,1,False,-1
2851,DOUBLE,0,1,1,False,-1
2852,DOUBLE,0,1,1,False,-1
2853,SINGLE,0,0,1,False,-1
2854,TRIPLE,1,1,1,False,-1
2855,TRIPLE,1,1,1,False,-1
2856,TRIPLE,1,1,1,False,-1
2857,DOUBLE,0,1,1,False,-1
2858,TRIPLE,1,1,1,False,-1
2859,DOUBLE,0,1,1,False,-1
2860,SINGLE,0,0,1,False,-1
2861,TRIPLE,1,1,1,False,-1
2862,SINGLE,0,0,1,False,-1
2863,TRIPLE,1,1,1,False,-1
2864,DOUBLE,0,1,1,False,-1
2865,SINGLE,0,0,1,False,-1
2866,DOUBLE,0,1,1,False,-1
2867,DOUBLE,0,1,1,False,-1
2868,TRIPLE,1,1,1,False,-1
2869,DOUBLE,0,1,1,False,-1
2870,SINGLE,0,0,1,False,-1
2871,DOUBLE,0,1,1,False,-1
2872,DOUBLE,0,1,1,False,-1
2874,SINGLE,0,0,1,False,-1
2876,TRIPLE,1,1,1,False,-1
2877,SINGLE,0,0,1,False,-1
2878,DOUBLE,0,1,1,False,-1
2879,DOUBLE,0,1,1,False,-1
2880,DOUBLE,0,1,1,False,-1
2881,TRIPLE,1,1,1,False,-1
2883,DOUBLE,0,1,1,False,-1
2884,SINGLE,0,0,1,False,-1
2885,TRIPLE,1,1,1,False,-1
2887,TRIPLE,1,1,1,False,-1
2888,TRIPLE,1,1,1,False,-1
2889,DOUBLE,0,1,1,False,-1
2890,DOUBLE,0,1,1,False,-1
2891,SINGLE,0,0,1,False,-1
2892,SINGLE,0,0,1,False,-1
2893,TRIPLE,1,1,1,False,-1
2894,TRIPLE,1,1,1,False,-1
2896,DOUBLE,0,1,1,False,-1
2897,TRIPLE,1,1,1,False,-1
2898,DOUBLE,0,1,1,False,-1
2899,DOUBLE,0,1,1,False,-1
2900,TRIPLE,1,1,1,False,-1
2901,TRIPLE,1,1,1,False,-1
2902,TRIPLE,1,1,1,False,-1
2904,DOUBLE,0,1,1,False,-1
2905,DOUBLE,0,1,1,False,-1
2906,DOUBLE,0,1,1,False,-1
2907,DOUBLE,0,1,1,False,-1
2908,DOUBLE,0,1,1,False,-1
2909,TRIPLE,1,1,1,False,-1
2910,TRIPLE,1,1,1,False,-1
2911,DOUBLE,0,1,1,False,-1
2913,TRIPLE,1,1,1,False,-1
2914,DOUBLE,0,1,1,False,-1
2915,TRIPLE,1,1,1,False,-1
2916,TRIPLE,1,1,1,False,-1
2917,TRIPLE,1,1,1,False,-1
2918,SINGLE,0,0,1,False,-1
2919,DOUBLE,0,1,1,False,-1
2920,TRIPLE,1,1,1,False,-1
2921,TRIPLE,1,1,1,False,-1
2923,TRIPLE,1,1,1,False,-1
2924,TRIPLE,1,1,1,False,-1
2925,TRIPLE,1,1,1,False,-1
2926,DOUBLE,0,1,1,False,-1
2927,DOUBLE,0,1,1,False,-1
2928,TRIPLE,1,1,1,False,-1
2929,TRIPLE,1,1,1,False,-1
2930,TRIPLE,1,1,1,False,-1
2931,DOUBLE,0,1,1,False,-1
2932,TRIPLE,1,1,1,False,-1
2933,DOUBLE,0,1,1,False,-1
2934,TRIPLE,1,1,1,False,-1
2935,TRIPLE,1,1,1,False,-1
2936,SINGLE,0,1,0,False,-1
2938,TRIPLE,1,1,1,False,-1
2939,TRIPLE,1,1,1,False,-1
2940,TRIPLE,1,1,1,False,-1
2941,TRIPLE,1,1,1,False,-1
2942,SINGLE,0,0,1,False,-1
2943,TRIPLE,1,1,1,False,-1
2944,TRIPLE,1,1,1,False,-1
2946,SINGLE,0,0,1,False,-1
2947,SINGLE,0,0,1,False,-1
2948,TRIPLE,1,1,1,False,-1
2949,TRIPLE,1,1,1,False,-1
2950,TRIPLE,1,1,1,False,-1
2951,TRIPLE,1,1,1,False,-1
2952,TRIPLE,1,1,1,False,-1
2953,TRIPLE,1,1,1,False,-1
2954,DOUBLE,0,1,1,False,-1
2955,DOUBLE,0,1,1,False,-1
2957,DOUBLE,0,1,1,False,-1
2958,DOUBLE,0,1,1,False,-1
2959,SINGLE,0,0,1,False,-1
2960,TRIPLE,1,1,1,False,-1
2961,TRIPLE,1,1,1,False,-1
2962,TRIPLE,1,1,1,False,-1
2963,DOUBLE,0,1,1,False,-1
2964,DOUBLE,0,1,1,False,-1
2965,SINGLE,0,0,1,False,-1
2966,TRIPLE,1,1,1,False,-1
2967,TRIPLE,1,1,1,False,-1
2968,TRIPLE,1,1,1,False,-1
2969,DOUBLE,0,1,1,False,-1
2970,TRIPLE,1,1,1,False,-1
2971,TRIPLE,1,1,1,False,-1
2973,SINGLE,0,0,1,False,-1
2974,TRIPLE,1,1,1,False,-1
2975,TRIPLE,1,1,1,False,-1
2976,TRIPLE,1,1,1,False,-1
2979,TRIPLE,1,1,1,False,-1
2980,DOUBLE,0,1,1,False,-1
2981,TRIPLE,1,1,1,False,-1
2982,TRIPLE,1,1,1,False,-1
2983,TRIPLE,1,1,1,False,-1
2984,TRIPLE,1,1,1,False,-1
2985,TRIPLE,1,1,1,False,-1
2986,TRIPLE,1,1,1,False,-1
2987,DOUBLE,0,1,1,False,-1
2988,DOUBLE,0,1,1,False,-1
2989,TRIPLE,1,1,1,False,-1
2990,DOUBLE,0,1,1,False,-1
2992,TRIPLE,1,1,1,False,-1
2993,TRIPLE,1,1,1,False,-1
2994,SINGLE,0,0,1,False,-1
2995,DOUBLE,0,1,1,False,-1
2996,DOUBLE,0,1,1,False,-1
2997,TRIPLE,1,1,1,False,-1
2998,SINGLE,0,0,1,False,-1
2999,DOUBLE,0,1,1,False,-1
3000,DOUBLE,0,1,1,False,-1
3001,DOUBLE,0,1,1,False,-1
3002,TRIPLE,1,1,1,False,-1
3003,TRIPLE,1,1,1,False,-1
3004,DOUBLE,0,1,1,False,-1
3006,TRIPLE,1,1,1,False,-1
3007,DOUBLE,0,1,1,False,-1
3008,SINGLE,0,0,1,False,-1
3009,DOUBLE,0,1,1,False,-1
3010,DOUBLE,0,1,1,False,-1
3011,DOUBLE,0,1,1,False,-1
3012,SINGLE,0,0,1,False,-1
3013,TRIPLE,1,1,1,False,-1
3014,TRIPLE,1,1,1,False,-1
3015,DOUBLE,0,1,1,False,-1
3016,SINGLE,0,0,1,False,-1
3017,DOUBLE,0,1,1,False,-1
3018,TRIPLE,1,1,1,False,-1
3020,TRIPLE,1,1,1,False,-1
3021,TRIPLE,1,1,1,False,-1
3022,DOUBLE,0,1,1,False,-1
3023,TRIPLE,1,1,1,False,-1
3024,DOUBLE,0,1,1,False,-1
3025,TRIPLE,1,1,1,False,-1
3026,TRIPLE,1,1,1,False,-1
3028,TRIPLE,1,1,1,False,-1
3029,TRIPLE,1,1,1,False,-1
3030,TRIPLE,1,1,1,False,-1
3031,DOUBLE,0,1,1,False,-1
3032,TRIPLE,1,1,1,False,-1
3033,TRIPLE,1,1,1,False,-1
3034,SINGLE,0,0,1,False,-1
3036,TRIPLE,1,1,1,False,-1
3037,DOUBLE,0,1,1,False,-1
3038,DOUBLE,0,1,1,False,-1
3039,DOUBLE,0,1,1,False,-1
3040,SINGLE,0,0,1,False,-1
3041,SINGLE,0,0,1,False,-1
3042,TRIPLE,1,1,1,False,-1
3044,TRIPLE,1,1,1,False,-1
3045,TRIPLE,1,1,1,False,-1
3046,DOUBLE,0,1,1,False,-1
3048,TRIPLE,1,1,1,False,-1
3049,DOUBLE,0,1,1,False,-1
3050,TRIPLE,1,1,1,False,-1
3051,TRIPLE,1,1,1,False,-1
3052,TRIPLE,1,1,1,False,-1
3053,TRIPLE,1,1,1,False,-1
3054,TRIPLE,1,1,1,False,-1
3055,TRIPLE,1,1,1,False,-1
3056,TRIPLE,1,1,1,False,-1
3057,SINGLE,0,0,1,False,-1
3058,TRIPLE,1,1,1,False,-1
3059,TRIPLE,1,1,1,False,-1
3060,DOUBLE,0,1,1,False,-1
3061,TRIPLE,1,1,1,False,-1
3062,SINGLE,0,0,1,False,-1
3063,DOUBLE,0,1,1,False,-1
3064,DOUBLE,0,1,1,False,-1
3065,DOUBLE,0,1,1,False,-1
3066,DOUBLE,0,1,1,False,-1
3067,TRIPLE,1,1,1,False,-1
3068,TRIPLE,1,1,1,False,-1
3070,TRIPLE,1,1,1,False,-1
3071,TRIPLE,1,1,1,False,-1
3072,TRIPLE,1,1,1,False,-1
3073,DOUBLE,0,1,1,False,-1
3074,DOUBLE,0,1,1,False,-1
3075,DOUBLE,0,1,1,False,-1
3076,TRIPLE,1,1,1,False,-1
3077,TRIPLE,1,1,1,False,-1
3078,DOUBLE,0,1,1,False,-1
3079,DOUBLE,0,1,1,False,-1
3080,TRIPLE,1,1,1,False,-1
3081,TRIPLE,1,1,1,False,-1
3082,SINGLE,0,0,1,False,-1
3083,DOUBLE,0,1,1,False,-1
3084,TRIPLE,1,1,1,False,-1
3086,DOUBLE,0,1,1,False,-1
3087,TRIPLE,1,1,1,False,-1
3088,DOUBLE,0,1,1,False,-1
3089,DOUBLE,0,1,1,False,-1
3090,DOUBLE,0,1,1,False,-1
3091,TRIPLE,1,1,1,False,-1
3092,DOUBLE,0,1,1,False,-1
3093,TRIPLE,1,1,1,False,-1
3094,TRIPLE,1,1,1,False,-1
3097,DOUBLE,0,1,1,False,-1
3098,TRIPLE,1,1,1,False,-1
3099,TRIPLE,1,1,1,False,-1
3100,SINGLE,0,0,1,False,-1
3101,TRIPLE,1,1,1,False,-1
3102,TRIPLE,1,1,1,False,-1
3103,TRIPLE,1,1,1,False,-1
3104,TRIPLE,1,1,1,False,-1
3105,TRIPLE,1,1,1,False,-1
3106,TRIPLE,1,1,1,False,-1
3107,SINGLE,0,0,1,False,-1
3108,TRIPLE,1,1,1,False,-1
3110,SINGLE,0,0,1,False,-1
3111,TRIPLE,1,1,1,False,-1
3113,DOUBLE,0,1,1,False,-1
3114,DOUBLE,0,1,1,False,-1
3115,TRIPLE,1,1,1,False,-1
3116,TRIPLE,1,1,1,False,-1
3117,TRIPLE,1,1,1,False,-1
3118,DOUBLE,0,1,1,False,-1
3120,DOUBLE,0,1,1,False,-1
3121,DOUBLE,0,1,1,False,-1
3123,TRIPLE,1,1,1,False,-1
3124,TRIPLE,1,1,1,False,-1
3125,SINGLE,0,0,1,False,-1
3127,TRIPLE,1,1,1,False,-1
3128,DOUBLE,0,1,1,False,-1
3129,DOUBLE,0,1,1,False,-1
3130,TRIPLE,1,1,1,False,-1
3131,DOUBLE,0,1,1,False,-1
3132,TRIPLE,1,1,1,False,-1
3133,TRIPLE,1,1,1,False,-1
3134,TRIPLE,1,1,1,False,-1
3135,TRIPLE,1,1,1,False,-1
3137,TRIPLE,1,1,1,False,-1
3138,SINGLE,0,0,1,False,-1
3139,TRIPLE,1,1,1,False,-1
3140,TRIPLE,1,1,1,False,-1
3141,DOUBLE,0,1,1,False,-1
3142,TRIPLE,1,1,1,False,-1
3143,TRIPLE,1,1,1,False,-1
3144,SINGLE,0,0,1,False,-1
3145,TRIPLE,1,1,1,False,-1
3146,DOUBLE,0,1,1,False,-1
3147,TRIPLE,1,1,1,False,-1
3148,DOUBLE,0,1,1,False,-1
3149,TRIPLE,1,1,1,False,-1
3150,TRIPLE,1,1,1,False,-1
3151,TRIPLE,1,1,1,False,-1
3152,TRIPLE,1,1,1,False,-1
3153,TRIPLE,1,1,1,False,-1
3154,TRIPLE,1,1,1,False,-1
3155,TRIPLE,1,1,1,False,-1
3156,TRIPLE,1,1,1,False,-1
3157,DOUBLE,0,1,1,False,-1
3159,TRIPLE,1,1,1,False,-1
3161,SINGLE,0,0,1,False,-1
3162,TRIPLE,1,1,1,False,-1
3165,TRIPLE,1,1,1,False,-1
3166,TRIPLE,1,1,1,False,-1
3167,DOUBLE,0,1,1,False,-1
3168,TRIPLE,1,1,1,False,-1
3169,TRIPLE,1,1,1,False,-1
3170,DOUBLE,0,1,1,False,-1
3171,TRIPLE,1,1,1,False,-1
3172,SINGLE,0,0,1,False,-1
3173,TRIPLE,1,1,1,False,-1
3174,SINGLE,0,0,1,False,-1
3175,SINGLE,0,0,1,False,-1
3177,TRIPLE,1,1,1,False,-1
3178,TRIPLE,1,1,1,False,-1
3179,TRIPLE,1,1,1,False,-1
3180,DOUBLE,0,1,1,False,-1
3181,TRIPLE,1,1,1,False,-1
3182,SINGLE,0,0,1,False,-1
3183,TRIPLE,1,1,1,False,-1
3184,TRIPLE,1,1,1,False,-1
3185,SINGLE,0,0,1,False,-1
3186,DOUBLE,0,1,1,False,-1
3187,TRIPLE,1,1,1,False,-1
3188,TRIPLE,1,1,1,False,-1
3189,TRIPLE,1,1,1,False,-1
3190,SINGLE,0,0,1,False,-1
3191,TRIPLE,1,1,1,False,-1
3192,SINGLE,0,0,1,False,-1
3193,TRIPLE,1,1,1,False,-1
3194,DOUBLE,0,1,1,False,-1
3196,TRIPLE,1,1,1,False,-1
3197,DOUBLE,0,1,1,False,-1
3198,TRIPLE,1,1,1,False,-1
3199,TRIPLE,1,1,1,False,-1
3200,TRIPLE,1,1,1,False,-1
3201,TRIPLE,1,1,1,False,-1
3202,DOUBLE,0,1,1,False,-1
3203,DOUBLE,0,1,1,False,-1
3205,DOUBLE,0,1,1,False,-1
3206,TRIPLE,1,1,1,False,-1
3207,TRIPLE,1,1,1,False,-1
3208,SINGLE,0,0,1,False,-1
3209,DOUBLE,0,1,1,False,-1
3211,TRIPLE,1,1,1,False,-1
3212,DOUBLE,0,1,1,False,-1
3213,TRIPLE,1,1,1,False,-1
3214,TRIPLE,1,1,1,False,-1
3215,DOUBLE,0,1,1,False,-1
3216,TRIPLE,1,1,1,False,-1
3217,TRIPLE,1,1,1,False,-1
3218,DOUBLE,0,1,1,False,-1
3219,TRIPLE,1,1,1,False,-1
3220,TRIPLE,1,1,1,False,-1
3221,TRIPLE,1,1,1,False,-1
3222,TRIPLE,1,1,1,False,-1
3223,DOUBLE,0,1,1,False,-1
3225,DOUBLE,0,1,1,False,-1
3226,TRIPLE,1,1,1,False,-1
3227,DOUBLE,0,1,1,False,-1
3228,TRIPLE,1,1,1,False,-1
3229,TRIPLE,1,1,1,False,-1
3230,SINGLE,0,0,1,False,-1
3231,SINGLE,0,0,1,False,-1
3232,TRIPLE,1,1,1,False,-1
3233,SINGLE,0,0,1,False,-1
3234,DOUBLE,0,1,1,False,-1
3235,SINGLE,0,0,1,False,-1
3237,TRIPLE,1,1,1,False,-1
3240,TRIPLE,1,1,1,False,-1
3241,TRIPLE,1,1,1,False,-1
3242,TRIPLE,1,1,1,False,-1
3244,TRIPLE,1,1,1,False,-1
3245,TRIPLE,1,1,1,False,-1
3246,DOUBLE,0,1,1,False,-1
3247,SINGLE,0,0,1,False,-1
3248,DOUBLE,0,1,1,False,-1
3249,TRIPLE,1,1,1,False,-1
3250,DOUBLE,0,1,1,False,-1
3252,TRIPLE,1,1,1,False,-1
3254,TRIPLE,1,1,1,False,-1
3255,SINGLE,0,0,1,False,-1
3256,TRIPLE,1,1,1,False,-1
3257,DOUBLE,0,1,1,False,-1
3258,TRIPLE,1,1,1,False,-1
3259,DOUBLE,0,1,1,False,-1
3260,TRIPLE,1,1,1,False,-1
3263,TRIPLE,1,1,1,False,-1
3264,TRIPLE,1,1,1,False,-1
3266,TRIPLE,1,1,1,False,-1
3267,SINGLE,0,0,1,False,-1
3268,DOUBLE,0,1,1,False,-1
3269,TRIPLE,1,1,1,False,-1
3270,DOUBLE,0,1,1,False,-1
3271,TRIPLE,1,1,1,False,-1
3272,TRIPLE,1,1,1,False,-1
3273,TRIPLE,1,1,1,False,-1
3274,TRIPLE,1,1,1,False,-1
3275,TRIPLE,1,1,1,False,-1
3276,TRIPLE,1,1,1,False,-1
3277,DOUBLE,0,1,1,False,-1
3278,DOUBLE,0,1,1,False,-1
3279,TRIPLE,1,1,1,False,-1
3280,TRIPLE,1,1,1,False,-1
3281,TRIPLE,1,1,1,False,-1
3283,SINGLE,0,0,1,False,-1
3284,TRIPLE,1,1,1,False,-1
3285,DOUBLE,0,1,1,False,-1
3286,TRIPLE,1,1,1,False,-1
3287,TRIPLE,1,1,1,False,-1
3288,SINGLE,0,0,1,False,-1
3289,TRIPLE,1,1,1,False,-1
3290,TRIPLE,1,1,1,False,-1
3291,TRIPLE,1,1,1,False,-1
3292,DOUBLE,0,1,1,False,-1
3293,TRIPLE,1,1,1,False,-1
3294,SINGLE,0,0,1,False,-1
3295,DOUBLE,0,1,1,False,-1
3296,SINGLE,0,0,1,False,-1
3299,SINGLE,0,0,1,False,-1
3300,DOUBLE,0,1,1,False,-1
3301,DOUBLE,0,1,1,False,-1
3302,TRIPLE,1,1,1,False,-1
3304,DOUBLE,0,1,1,False,-1
3305,DOUBLE,0,1,1,False,-1
3307,DOUBLE,0,1,1,False,-1
3309,DOUBLE,0,1,1,False,-1
3310,TRIPLE,1,1,1,False,-1
3311,TRIPLE,1,1,1,False,-1
3313,TRIPLE,1,1,1,False,-1
3314,TRIPLE,1,1,1,False,-1
3315,TRIPLE,1,1,1,False,-1
3316,DOUBLE,0,1,1,False,-1
3317,TRIPLE,1,1,1,False,-1
3318,DOUBLE,0,1,1,False,-1
3319,TRIPLE,1,1,1,False,-1
3320,SINGLE,0,0,1,False,-1
3321,TRIPLE,1,1,1,False,-1
3322,TRIPLE,1,1,1,False,-1
3323,TRIPLE,1,1,1,False,-1
3324,TRIPLE,1,1,1,False,-1
3325,TRIPLE,1,1,1,False,-1
3327,TRIPLE,1,1,1,False,-1
3328,TRIPLE,1,1,1,False,-1
3329,TRIPLE,1,1,1,False,-1
3330,TRIPLE,1,1,1,False,-1
3331,TRIPLE,1,1,1,False,-1
3333,SINGLE,0,0,1,False,-1
3334,DOUBLE,0,1,1,False,-1
3335,TRIPLE,1,1,1,False,-1
3336,TRIPLE,1,1,1,False,-1
3337,TRIPLE,1,1,1,False,-1
3338,DOUBLE,0,1,1,False,-1
3339,TRIPLE,1,1,1,False,-1
3340,TRIPLE,1,1,1,False,-1
3341,TRIPLE,1,1,1,False,-1
3342,TRIPLE,1,1,1,False,-1
3343,SINGLE,0,0,1,False,-1
3344,TRIPLE,1,1,1,False,-1
3345,DOUBLE,0,1,1,False,-1
3346,DOUBLE,0,1,1,False,-1
3347,TRIPLE,1,1,1,False,-1
3348,SINGLE,0,0,1,False,-1
3349,TRIPLE,1,1,1,False,-1
3351,TRIPLE,1,1,1,False,-1
3352,TRIPLE,1,1,1,False,-1
3353,TRIPLE,1,1,1,False,-1
3355,SINGLE,0,0,1,False,-1
3356,TRIPLE,1,1,1,False,-1
3357,SINGLE,0,0,1,False,-1
3358,SINGLE,0,0,1,False,-1
3359,TRIPLE,1,1,1,False,-1
3361,TRIPLE,1,1,1,False,-1
3362,TRIPLE,1,1,1,False,-1
3363,TRIPLE,1,1,1,False,-1
3364,DOUBLE,0,1,1,False,-1
3365,DOUBLE,0,1,1,False,-1
3366,TRIPLE,1,1,1,False,-1
3367,TRIPLE,1,1,1,False,-1
3368,DOUBLE,0,1,1,False,-1
3369,TRIPLE,1,1,1,False,-1
3370,TRIPLE,1,1,1,False,-1
3372,TRIPLE,1,1,1,False,-1
3373,TRIPLE,1,1,1,False,-1
3374,TRIPLE,1,1,1,False,-1
3375,DOUBLE,0,1,1,False,-1
3376,TRIPLE,1,1,1,False,-1
3377,DOUBLE,0,1,1,False,-1
3378,DOUBLE,0,1,1,False,-1
3380,DOUBLE,0,1,1,False,-1
3382,DOUBLE,0,1,1,False,-1
3383,TRIPLE,1,1,1,False,-1
3384,SINGLE,0,0,1,False,-1
3385,DOUBLE,0,1,1,False,-1
3386,TRIPLE,1,1,1,False,-1
3387,DOUBLE,0,1,1,False,-1
3389,SINGLE,0,0,1,False,-1
3390,SINGLE,0,0,1,False,-1
3391,TRIPLE,1,1,1,False,-1
3392,DOUBLE,0,1,1,False,-1
3393,SINGLE,0,0,1,False,-1
3394,TRIPLE,1,1,1,False,-1
3395,TRIPLE,1,1,1,False,-1
3396,DOUBLE,0,1,1,False,-1
3397,DOUBLE,0,1,1,False,-1
3398,TRIPLE,1,1,1,False,-1
3399,TRIPLE,1,1,1,False,-1
3400,DOUBLE,0,1,1,False,-1
3401,TRIPLE,1,1,1,False,-1
3402,TRIPLE,1,1,1,False,-1
3403,TRIPLE,1,1,1,False,-1
3404,TRIPLE,1,1,1,False,-1
3405,TRIPLE,1,1,1,False,-1
3406,TRIPLE,1,1,1,False,-1
3408,DOUBLE,0,1,1,False,-1
3409,SINGLE,0,0,1,False,-1
3410,DOUBLE,0,1,1,False,-1
3412,TRIPLE,1,1,1,False,-1
3413,TRIPLE,1,1,1,False,-1
3414,TRIPLE,1,1,1,False,-1
3415,TRIPLE,1,1,1,False,-1
3416,TRIPLE,1,1,1,False,-1
3418,TRIPLE,1,1,1,False,-1
3419,TRIPLE,1,1,1,False,-1
3421,TRIPLE,1,1,1,False,-1
3422,TRIPLE,1,1,1,False,-1
3425,TRIPLE,1,1,1,False,-1
3426,TRIPLE,1,1,1,False,-1
3427,TRIPLE,1,1,1,False,-1
3428,DOUBLE,0,1,1,False,-1
3429,TRIPLE,1,1,1,False,-1
3430,DOUBLE,0,1,1,False,-1
3431,DOUBLE,0,1,1,False,-1
3432,TRIPLE,1,1,1,False,-1
3434,TRIPLE,1,1,1,False,-1
3435,SINGLE,0,0,1,False,-1
3436,DOUBLE,0,1,1,False,-1
3437,SINGLE,0,0,1,False,-1
3438,DOUBLE,0,1,1,False,-1
3439,DOUBLE,0,1,1,False,-1
3440,TRIPLE,1,1,1,False,-1
3441,SINGLE,0,0,1,False,-1
3442,DOUBLE,0,1,1,False,-1
3443,SINGLE,0,0,1,False,-1
3444,TRIPLE,1,1,1,False,-1
3445,TRIPLE,1,1,1,False,-1
3447,SINGLE,0,0,1,False,-1
3448,SINGLE,0,0,1,False,-1
3449,SINGLE,0,0,1,False,-1
3450,DOUBLE,0,1,1,False,-1
3451,TRIPLE,1,1,1,False,-1
3452,TRIPLE,1,1,1,False,-1
3453,SINGLE,0,0,1,False,-1
3454,TRIPLE,1,1,1,False,-1
3456,TRIPLE,1,1,1,False,-1
3457,TRIPLE,1,1,1,False,-1
3458,TRIPLE,1,1,1,False,-1
3459,TRIPLE,1,1,1,False,-1
3460,SINGLE,0,0,1,False,-1
3461,TRIPLE,1,1,1,False,-1
3462,SINGLE,0,0,1,False,-1
3463,TRIPLE,1,1,1,False,-1
3464,TRIPLE,1,1,1,False,-1
3465,TRIPLE,1,1,1,False,-1
3466,SINGLE,0,0,1,False,-1
3467,DOUBLE,0,1,1,False,-1
3468,SINGLE,0,0,1,False,-1
3469,SINGLE,0,0,1,False,-1
3470,TRIPLE,1,1,1,False,-1
3471,TRIPLE,1,1,1,False,-1
3472,DOUBLE,0,1,1,False,-1
3473,DOUBLE,0,1,1,False,-1
3474,DOUBLE,0,1,1,False,-1
3475,TRIPLE,1,1,1,False,-1
3476,DOUBLE,0,1,1,False,-1
3477,DOUBLE,0,1,1,False,-1
3478,TRIPLE,1,1,1,False,-1
3479,TRIPLE,1,1,1,False,-1
3480,DOUBLE,0,1,1,False,-1
3482,TRIPLE,1,1,1,False,-1
3483,SINGLE,0,0,1,False,-1
3484,SINGLE,0,0,1,False,-1
3485,TRIPLE,1,1,1,False,-1
3486,TRIPLE,1,1,1,False,-1
3487,TRIPLE,1,1,1,False,-1
3490,DOUBLE,0,1,1,False,-1
3491,TRIPLE,1,1,1,False,-1
3492,DOUBLE,0,1,1,False,-1
3493,TRIPLE,1,1,1,False,-1
3494,TRIPLE,1,1,1,False,-1
3495,DOUBLE,0,1,1,False,-1
3496,TRIPLE,1,1,1,False,-1
3497,TRIPLE,1,1,1,False,-1
3498,TRIPLE,1,1,1,False,-1
3499,TRIPLE,1,1,1,False,-1
3500,DOUBLE,0,1,1,False,-1
3501,TRIPLE,1,1,1,False,-1
3502,TRIPLE,1,1,1,False,-1
3503,SINGLE,0,0,1,False,-1
3504,TRIPLE,1,1,1,False,-1
3505,TRIPLE,1,1,1,False,-1
3506,TRIPLE,1,1,1,False,-1
3507,TRIPLE,1,1,1,False,-1
3508,DOUBLE,0,1,1,False,-1
3510,TRIPLE,1,1,1,False,-1
3511,DOUBLE,0,1,1,False,-1
3512,TRIPLE,1,1,1,False,-1
3514,TRIPLE,1,1,1,False,-1
3515,DOUBLE,0,1,1,False,-1
3516,SINGLE,0,0,1,False,-1
3517,DOUBLE,0,1,1,False,-1
3519,SINGLE,0,0,1,False,-1
3520,DOUBLE,0,1,1,False,-1
3521,TRIPLE,1,1,1,False,-1
3522,DOUBLE,0,1,1,False,-1
3524,TRIPLE,1,1,1,False,-1
3525,DOUBLE,0,1,1,False,-1
3526,SINGLE,0,0,1,False,-1
3527,SINGLE,0,0,1,False,-1
3528,DOUBLE,0,1,1,False,-1
3529,TRIPLE,1,1,1,False,-1
3530,TRIPLE,1,1,1,False,-1
3531,SINGLE,0,0,1,False,-1
3532,TRIPLE,1,1,1,False,-1
3533,TRIPLE,1,1,1,False,-1
3535,DOUBLE,0,1,1,False,-1
3536,TRIPLE,1,1,1,False,-1
3537,TRIPLE,1,1,1,False,-1
3538,DOUBLE,0,1,1,False,-1
3539,SINGLE,0,0,1,False,-1
3540,TRIPLE,1,1,1,False,-1
3541,TRIPLE,1,1,1,False,-1
3542,TRIPLE,1,1,1,False,-1
3543,TRIPLE,1,1,1,False,-1
3545,DOUBLE,0,1,1,False,-1
3546,TRIPLE,1,1,1,False,-1
3547,DOUBLE,0,1,1,False,-1
3548,TRIPLE,1,1,1,False,-1
3549,TRIPLE,1,1,1,False,-1
3550,DOUBLE,0,1,1,False,-1
3551,TRIPLE,1,1,1,False,-1
3552,TRIPLE,1,1,1,False,-1
3553,TRIPLE,1,1,1,False,-1
3554,DOUBLE,0,1,1,False,-1
3555,TRIPLE,1,1,1,False,-1
3556,SINGLE,0,0,1,False,-1
3557,TRIPLE,1,1,1,False,-1
3558,SINGLE,0,0,1,False,-1
3559,TRIPLE,1,1,1,False,-1
3560,DOUBLE,0,1,1,False,-1
3561,DOUBLE,0,1,1,False,-1
3562,SINGLE,0,0,1,False,-1
3563,TRIPLE,1,1,1,False,-1
3565,TRIPLE,1,1,1,False,-1
3566,TRIPLE,1,1,1,False,-1
3567,TRIPLE,1,1,1,False,-1
3568,TRIPLE,1,1,1,False,-1
3569,DOUBLE,0,1,1,False,-1
3570,TRIPLE,1,1,1,False,-1
3571,TRIPLE,1,1,1,False,-1
3572,SINGLE,0,0,1,False,-1
3573,TRIPLE,1,1,1,False,-1
3574,TRIPLE,1,1,1,False,-1
3575,TRIPLE,1,1,1,False,-1
3576,DOUBLE,0,1,1,False,-1
3577,SINGLE,0,0,1,False,-1
3578,SINGLE,0,0,1,False,-1
3579,TRIPLE,1,1,1,False,-1
3580,TRIPLE,1,1,1,False,-1
3581,TRIPLE,1,1,1,False,-1
3582,TRIPLE,1,1,1,False,-1
3584,DOUBLE,0,1,1,False,-1
3585,TRIPLE,1,1,1,False,-1
3586,SINGLE,0,0,1,False,-1
3587,DOUBLE,0,1,1,False,-1
3588,SINGLE,0,0,1,False,-1
3589,TRIPLE,1,1,1,False,-1
3590,TRIPLE,1,1,1,False,-1
3591,TRIPLE,1,1,1,False,-1
3592,SINGLE,0,0,1,False,-1
3593,SINGLE,0,0,1,False,-1
3594,DOUBLE,0,1,1,False,-1
3595,TRIPLE,1,1,1,False,-1
3596,TRIPLE,1,1,1,False,-1
3597,DOUBLE,0,1,1,False,-1
3598,TRIPLE,1,1,1,False,-1
3600,TRIPLE,1,1,1,False,-1
3601,TRIPLE,1,1,1,False,-1
3602,SINGLE,0,0,1,False,-1
3603,SINGLE,0,0,1,False,-1
3604,TRIPLE,1,1,1,False,-1
3605,TRIPLE,1,1,1,False,-1
3606,DOUBLE,0,1,1,False,-1
3607,DOUBLE,0,1,1,False,-1
3609,TRIPLE,1,1,1,False,-1
3610,TRIPLE,1,1,1,False,-1
3611,TRIPLE,1,1,1,False,-1
3612,TRIPLE,1,1,1,False,-1
3613,TRIPLE,1,1,1,False,-1
3614,TRIPLE,1,1,1,False,-1
3617,TRIPLE,1,1,1,False,-1
3618,DOUBLE,0,1,1,False,-1
3619,TRIPLE,1,1,1,False,-1
3620,SINGLE,0,0,1,False,-1
3621,TRIPLE,1,1,1,False,-1
3623,TRIPLE,1,1,1,False,-1
3624,DOUBLE,0,1,1,False,-1
3625,DOUBLE,0,1,1,False,-1
3626,SINGLE,0,0,1,False,-1
3627,TRIPLE,1,1,1,False,-1
3628,TRIPLE,1,1,1,False,-1
3629,TRIPLE,1,1,1,False,-1
3630,SINGLE,0,0,1,False,-1
3631,TRIPLE,1,1,1,False,-1
3632,DOUBLE,0,1,1,False,-1
3633,DOUBLE,0,1,1,False,-1
3634,DOUBLE,0,1,1,False,-1
3635,TRIPLE,1,1,1,False,-1
3636,TRIPLE,1,1,1,False,-1
3637,DOUBLE,0,1,1,False,-1
3638,TRIPLE,1,1,1,False,-1
3639,TRIPLE,1,1,1,False,-1
3640,TRIPLE,1,1,1,False,-1
3641,TRIPLE,1,1,1,False,-1
3642,DOUBLE,0,1,1,False,-1
3643,TRIPLE,1,1,1,False,-1
3645,TRIPLE,1,1,1,False,-1
3646,DOUBLE,0,1,1,False,-1
3647,TRIPLE,1,1,1,False,-1
3648,SINGLE,0,0,1,False,-1
3650,DOUBLE,0,1,1,False,-1
3651,TRIPLE,1,1,1,False,-1
3652,TRIPLE,1,1,1,False,-1
3653,TRIPLE,1,1,1,False,-1
3654,DOUBLE,0,1,1,False,-1
3655,TRIPLE,1,1,1,False,-1
3656,SINGLE,0,0,1,False,-1
3657,TRIPLE,1,1,1,False,-1
3658,TRIPLE,1,1,1,False,-1
3659,TRIPLE,1,1,1,False,-1
3660,DOUBLE,0,1,1,False,-1
3661,SINGLE,0,0,1,False,-1
3662,TRIPLE,1,1,1,False,-1
3663,TRIPLE,1,1,1,False,-1
3664,TRIPLE,1,1,1,False,-1
3665,SINGLE,0,0,1,False,-1
3666,DOUBLE,0,1,1,False,-1
3667,SINGLE,0,0,1,False,-1
3668,DOUBLE,0,1,1,False,-1
3669,TRIPLE,1,1,1,False,-1
3670,DOUBLE,0,1,1,False,-1
3671,TRIPLE,1,1,1,False,-1
3672,TRIPLE,1,1,1,False,-1
3673,TRIPLE,1,1,1,False,-1
3674,TRIPLE,1,1,1,False,-1
3675,TRIPLE,1,1,1,False,-1
3677,SINGLE,0,0,1,False,-1
3678,SINGLE,0,0,1,False,-1
3679,TRIPLE,1,1,1,False,-1
3680,TRIPLE,1,1,1,False,-1
3681,TRIPLE,1,1,1,False,-1
3682,SINGLE,0,0,1,False,-1
3683,DOUBLE,0,1,1,False,-1
3684,TRIPLE,1,1,1,False,-1
3685,TRIPLE,1,1,1,False,-1
3687,DOUBLE,0,1,1,False,-1
3688,DOUBLE,0,1,1,False,-1
3689,DOUBLE,0,1,1,False,-1
3690,TRIPLE,1,1,1,False,-1
3691,DOUBLE,0,1,1,False,-1
3692,TRIPLE,1,1,1,False,-1
3693,TRIPLE,1,1,1,False,-1
3694,TRIPLE,1,1,1,False,-1
3695,TRIPLE,1,1,1,False,-1
3696,DOUBLE,0,1,1,False,-1
3697,TRIPLE,1,1,1,False,-1
3698,DOUBLE,0,1,1,False,-1
3699,DOUBLE,0,1,1,False,-1
3700,TRIPLE,1,1,1,False,-1
3701,DOUBLE,0,1,1,False,-1
3702,TRIPLE,1,1,1,False,-1
3703,DOUBLE,0,1,1,False,-1
3704,DOUBLE,0,1,1,False,-1
3705,TRIPLE,1,1,1,False,-1
3706,TRIPLE,1,1,1,False,-1
3707,TRIPLE,1,1,1,False,-1
3708,DOUBLE,0,1,1,False,-1
3709,TRIPLE,1,1,1,False,-1
3710,SINGLE,0,0,1,False,-1
3711,SINGLE,0,0,1,False,-1
3712,DOUBLE,0,1,1,False,-1
3713,TRIPLE,1,1,1,False,-1
3714,DOUBLE,0,1,1,False,-1
3715,TRIPLE,1,1,1,False,-1
3716,TRIPLE,1,1,1,False,-1
3717,DOUBLE,0,1,1,False,-1
3718,SINGLE,0,0,1,False,-1
3719,TRIPLE,1,1,1,False,-1
3720,TRIPLE,1,1,1,False,-1
3721,DOUBLE,0,1,1,False,-1
3722,DOUBLE,0,1,1,False,-1
3723,DOUBLE,0,1,1,False,-1
3724,TRIPLE,1,1,1,False,-1
3725,TRIPLE,1,1,1,False,-1
3726,SINGLE,0,0,1,False,-1
3727,DOUBLE,0,1,1,False,-1
3728,TRIPLE,1,1,1,False,-1
3729,TRIPLE,1,1,1,False,-1
3730,TRIPLE,1,1,1,False,-1
3731,TRIPLE,1,1,1,False,-1
3733,TRIPLE,1,1,1,False,-1
3734,SINGLE,0,0,1,False,-1
3735,SINGLE,0,0,1,False,-1
3736,TRIPLE,1,1,1,False,-1
3737,SINGLE,0,0,1,False,-1
3738,DOUBLE,0,1,1,False,-1
3739,TRIPLE,1,1,1,False,-1
3740,TRIPLE,1,1,1,False,-1
3741,TRIPLE,1,1,1,False,-1
3742,TRIPLE,1,1,1,False,-1
3743,TRIPLE,1,1,1,False,-1
3744,TRIPLE,1,1,1,False,-1
3745,DOUBLE,0,1,1,False,-1
3746,TRIPLE,1,1,1,False,-1
3747,DOUBLE,0,1,1,False,-1
3748,TRIPLE,1,1,1,False,-1
3749,TRIPLE,1,1,1,False,-1
3750,TRIPLE,1,1,1,False,-1
3751,TRIPLE,1,1,1,False,-1
3752,DOUBLE,0,1,1,False,-1
3754,DOUBLE,0,1,1,False,-1
3755,TRIPLE,1,1,1,False,-1
3757,TRIPLE,1,1,1,False,-1
3759,DOUBLE,0,1,1,False,-1
3760,TRIPLE,1,1,1,False,-1
3761,TRIPLE,1,1,1,False,-1
3762,TRIPLE,1,1,1,False,-1
3763,TRIPLE,1,1,1,False,-1
3764,DOUBLE,0,1,1,False,-1
3765,TRIPLE,1,1,1,False,-1
3766,TRIPLE,1,1,1,False,-1
3767,TRIPLE,1,1,1,False,-1
3768,TRIPLE,1,1,1,False,-1
3770,TRIPLE,1,1,1,False,-1
3771,DOUBLE,0,1,1,False,-1
3772,SINGLE,0,0,1,False,-1
3773,DOUBLE,0,1,1,False,-1
3774,TRIPLE,1,1,1,False,-1
3775,TRIPLE,1,1,1,False,-1
3776,TRIPLE,1,1,1,False,-1
3777,TRIPLE,1,1,1,False,-1
3778,DOUBLE,0,1,1,False,-1
3779,SINGLE,0,0,1,False,-1
3780,TRIPLE,1,1,1,False,-1
3781,TRIPLE,1,1,1,False,-1
3783,DOUBLE,0,1,1,False,-1
3784,TRIPLE,1,1,1,False,-1
3785,TRIPLE,1,1,1,False,-1
3786,TRIPLE,1,1,1,False,-1
3787,SINGLE,0,0,1,False,-1
3788,SINGLE,0,0,1,False,-1
3789,TRIPLE,1,1,1,False,-1
3790,TRIPLE,1,1,1,False,-1
3791,TRIPLE,1,1,1,False,-1
3792,DOUBLE,0,1,1,False,-1
3793,TRIPLE,1,1,1,False,-1
3795,SINGLE,0,0,1,False,-1
3796,DOUBLE,0,1,1,False,-1
3797,TRIPLE,1,1,1,False,-1
3798,SINGLE,0,0,1,False,-1
3799,DOUBLE,0,1,1,False,-1
3800,DOUBLE,0,1,1,False,-1
3801,DOUBLE,0,1,1,False,-1
3802,TRIPLE,1,1,1,False,-1
3803,TRIPLE,1,1,1,False,-1
3804,TRIPLE,1,1,1,False,-1
3805,DOUBLE,0,1,1,False,-1
3806,TRIPLE,1,1,1,False,-1
3807,TRIPLE,1,1,1,False,-1
3808,DOUBLE,0,1,1,False,-1
3809,SINGLE,0,0,1,False,-1
3810,TRIPLE,1,1,1,False,-1
3811,SINGLE,0,0,1,False,-1
3812,TRIPLE,1,1,1,False,-1
3813,TRIPLE,1,1,1,False,-1
3814,DOUBLE,0,1,1,False,-1
3815,SINGLE,0,0,1,False,-1
3816,SINGLE,0,0,1,False,-1
3820,DOUBLE,0,1,1,False,-1
3821,TRIPLE,1,1,1,False,-1
3822,TRIPLE,1,1,1,False,-1
3823,DOUBLE,0,1,1,False,-1
3824,DOUBLE,0,1,1,False,-1
3825,TRIPLE,1,1,1,False,-1
3826,TRIPLE,1,1,1,False,-1
3827,TRIPLE,1,1,1,False,-1
3828,TRIPLE,1,1,1,False,-1
3829,TRIPLE,1,1,1,False,-1
3830,TRIPLE,1,1,1,False,-1
3831,TRIPLE,1,1,1,False,-1
3833,DOUBLE,0,1,1,False,-1
3834,TRIPLE,1,1,1,False,-1
3835,SINGLE,0,0,1,False,-1
3837,DOUBLE,0,1,1,False,-1
3838,TRIPLE,1,1,1,False,-1
3839,DOUBLE,0,1,1,False,-1
3840,TRIPLE,1,1,1,False,-1
3841,TRIPLE,1,1,1,False,-1
3842,TRIPLE,1,1,1,False,-1
3843,SINGLE,0,0,1,False,-1
3845,DOUBLE,0,1,1,False,-1
3846,DOUBLE,0,1,1,False,-1
3847,TRIPLE,1,1,1,False,-1
3848,DOUBLE,0,1,1,False,-1
3849,DOUBLE,0,1,1,False,-1
3850,TRIPLE,1,1,1,False,-1
3851,TRIPLE,1,1,1,False,-1
3852,TRIPLE,1,1,1,False,-1
3853,TRIPLE,1,1,1,False,-1
3854,TRIPLE,1,1,1,False,-1
3855,DOUBLE,0,1,1,False,-1
3856,DOUBLE,0,1,1,False,-1
3857,TRIPLE,1,1,1,False,-1
3858,SINGLE,0,0,1,False,-1
3860,TRIPLE,1,1,1,False,-1
3861,SINGLE,0,0,1,False,-1
3862,TRIPLE,1,1,1,False,-1
3863,TRIPLE,1,1,1,False,-1
3864,TRIPLE,1,1,1,False,-1
3865,TRIPLE,1,1,1,False,-1
3866,TRIPLE,1,1,1,False,-1
3867,TRIPLE,1,1,1,False,-1
3868,SINGLE,0,0,1,False,-1
3870,DOUBLE,0,1,1,False,-1
3871,SINGLE,0,0,1,False,-1
3872,DOUBLE,0,1,1,False,-1
3873,TRIPLE,1,1,1,False,-1
3874,SINGLE,0,0,1,False,-1
3875,TRIPLE,1,1,1,False,-1
3876,TRIPLE,1,1,1,False,-1
3877,TRIPLE,1,1,1,False,-1
3878,TRIPLE,1,1,1,False,-1
3879,SINGLE,0,0,1,False,-1
3880,SINGLE,0,0,1,False,-1
3881,DOUBLE,0,1,1,False,-1
3882,SINGLE,0,0,1,False,-1
3883,TRIPLE,1,1,1,False,-1
3884,DOUBLE,0,1,1,False,-1
3885,DOUBLE,0,1,1,False,-1
3886,DOUBLE,0,1,1,False,-1
3887,TRIPLE,1,1,1,False,-1
3888,DOUBLE,0,1,1,False,-1
3889,DOUBLE,0,1,1,False,-1
3890,DOUBLE,0,1,1,False,-1
3891,SINGLE,0,0,1,False,-1
3893,DOUBLE,0,1,1,False,-1
3894,TRIPLE,1,1,1,False,-1
3895,TRIPLE,1,1,1,False,-1
3896,TRIPLE,1,1,1,False,-1
3897,DOUBLE,0,1,1,False,-1
3898,TRIPLE,1,1,1,False,-1
3899,DOUBLE,0,1,1,False,-1
3900,TRIPLE,1,1,1,False,-1
3901,DOUBLE,0,1,1,False,-1
3902,DOUBLE,0,1,1,False,-1
3904,TRIPLE,1,1,1,False,-1
3905,TRIPLE,1,1,1,False,-1
3906,DOUBLE,0,1,1,False,-1
3907,TRIPLE,1,1,1,False,-1
3908,TRIPLE,1,1,1,False,-1
3909,TRIPLE,1,1,1,False,-1
3910,SINGLE,0,0,1,False,-1
3911,TRIPLE,1,1,1,False,-1
3912,TRIPLE,1,1,1,False,-1
3913,TRIPLE,1,1,1,False,-1
3915,DOUBLE,0,1,1,False,-1
3918,SINGLE,0,0,1,False,-1
3919,SINGLE,0,0,1,False,-1
3920,TRIPLE,1,1,1,False,-1
3922,DOUBLE,0,1,1,False,-1
3923,DOUBLE,0,1,1,False,-1
3924,TRIPLE,1,1,1,False,-1
3925,TRIPLE,1,1,1,False,-1
3927,DOUBLE,0,1,1,False,-1
3928,DOUBLE,0,1,1,False,-1
3929,TRIPLE,1,1,1,False,-1
3930,SINGLE,0,0,1,False,-1
3931,TRIPLE,1,1,1,False,-1
3932,TRIPLE,1,1,1,False,-1
3933,TRIPLE,1,1,1,False,-1
3934,TRIPLE,1,1,1,False,-1
3935,DOUBLE,0,1,1,False,-1
3936,DOUBLE,0,1,1,False,-1
3937,TRIPLE,1,1,1,False,-1
3938,SINGLE,0,0,1,False,-1
3939,DOUBLE,0,1,1,False,-1
3940,DOUBLE,0,1,1,False,-1
3941,TRIPLE,1,1,1,False,-1
3942,TRIPLE,1,1,1,False,-1
3943,TRIPLE,1,1,1,False,-1
3944,TRIPLE,1,1,1,False,-1
3945,TRIPLE,1,1,1,False,-1
3947,TRIPLE,1,1,1,False,-1
3948,DOUBLE,0,1,1,False,-1
3949,DOUBLE,0,1,1,False,-1
3950,TRIPLE,1,1,1,False,-1
3951,SINGLE,0,0,1,False,-1
3952,DOUBLE,0,1,1,False,-1
3953,TRIPLE,1,1,1,False,-1
3954,TRIPLE,1,1,1,False,-1
3955,SINGLE,0,0,1,False,-1
3956,SINGLE,0,0,1,False,-1
3957,TRIPLE,1,1,1,False,-1
3958,TRIPLE,1,1,1,False,-1
3959,DOUBLE,0,1,1,False,-1
3960,TRIPLE,1,1,1,False,-1
3961,TRIPLE,1,1,1,False,-1
3962,DOUBLE,0,1,1,False,-1
3963,TRIPLE,1,1,1,False,-1
3964,TRIPLE,1,1,1,False,-1
3965,TRIPLE,1,1,1,False,-1
3966,DOUBLE,0,1,1,False,-1
3967,SINGLE,0,0,1,False,-1
3968,TRIPLE,1,1,1,False,-1
3970,TRIPLE,1,1,1,False,-1
3971,TRIPLE,1,1,1,False,-1
3972,TRIPLE,1,1,1,False,-1
3973,TRIPLE,1,1,1,False,-1
3974,TRIPLE,1,1,1,False,-1
3975,TRIPLE,1,1,1,False,-1
3976,TRIPLE,1,1,1,False,-1
3977,TRIPLE,1,1,1,False,-1
3978,TRIPLE,1,1,1,False,-1
3980,DOUBLE,0,1,1,False,-1
3981,SINGLE,0,0,1,False,-1
3983,TRIPLE,1,1,1,False,-1
3984,TRIPLE,1,1,1,False,-1
3985,TRIPLE,1,1,1,False,-1
3986,DOUBLE,0,1,1,False,-1
3987,DOUBLE,0,1,1,False,-1
3988,TRIPLE,1,1,1,False,-1
3989,TRIPLE,1,1,1,False,-1
3991,DOUBLE,0,1,1,False,-1
3992,TRIPLE,1,1,1,False,-1
3993,TRIPLE,1,1,1,False,-1
3994,TRIPLE,1,1,1,False,-1
3995,SINGLE,0,0,1,False,-1
3996,TRIPLE,1,1,1,False,-1
3998,TRIPLE,1,1,1,False,-1
3999,DOUBLE,0,1,1,False,-1
4000,DOUBLE,0,1,1,False,-1
4001,TRIPLE,1,1,1,False,-1
4002,TRIPLE,1,1,1,False,-1
4003,TRIPLE,1,1,1,False,-1
4004,TRIPLE,1,1,1,False,-1
4005,TRIPLE,1,1,1,False,-1
4006,SINGLE,0,0,1,False,-1
4007,TRIPLE,1,1,1,False,-1
4008,DOUBLE,0,1,1,False,-1
4010,SINGLE,0,0,1,False,-1
4011,TRIPLE,1,1,1,False,-1
4012,DOUBLE,0,1,1,False,-1
4013,TRIPLE,1,1,1,False,-1
4014,TRIPLE,1,1,1,False,-1
4015,TRIPLE,1,1,1,False,-1
4016,DOUBLE,0,1,1,False,-1
4017,TRIPLE,1,1,1,False,-1
4020,DOUBLE,0,1,1,False,-1
4021,DOUBLE,0,1,1,False,-1
4022,DOUBLE,0,1,1,False,-1
4023,TRIPLE,1,1,1,False,-1
4024,DOUBLE,0,1,1,False,-1
4025,DOUBLE,0,1,1,False,-1
4027,TRIPLE,1,1,1,False,-1
4028,TRIPLE,1,1,1,False,-1
4029,SINGLE,0,0,1,False,-1
4030,TRIPLE,1,1,1,False,-1
4031,TRIPLE,1,1,1,False,-1
4032,TRIPLE,1,1,1,False,-1
4033,TRIPLE,1,1,1,False,-1
4034,TRIPLE,1,1,1,False,-1
4035,TRIPLE,1,1,1,False,-1
4036,TRIPLE,1,1,1,False,-1
4037,DOUBLE,0,1,1,False,-1
4038,SINGLE,0,0,1,False,-1
4039,SINGLE,0,0,1,False,-1
4040,TRIPLE,1,1,1,False,-1
4041,TRIPLE,1,1,1,False,-1
4042,TRIPLE,1,1,1,False,-1
4043,TRIPLE,1,1,1,False,-1
4044,DOUBLE,0,1,1,False,-1
4045,TRIPLE,1,1,1,False,-1
4046,TRIPLE,1,1,1,False,-1
4047,TRIPLE,1,1,1,False,-1
4048,DOUBLE,0,1,1,False,-1
4049,SINGLE,0,0,1,False,-1
4051,TRIPLE,1,1,1,False,-1
4052,DOUBLE,0,1,1,False,-1
4053,DOUBLE,0,1,1,False,-1
4054,SINGLE,0,0,1,False,-1
4055,TRIPLE,1,1,1,False,-1
4056,TRIPLE,1,1,1,False,-1
4057,SINGLE,0,0,1,False,-1
4059,SINGLE,0,0,1,False,-1
4060,TRIPLE,1,1,1,False,-1
4061,SINGLE,0,0,1,False,-1
4062,TRIPLE,1,1,1,False,-1
4064,SINGLE,0,0,1,False,-1
4065,TRIPLE,1,1,1,False,-1
4066,DOUBLE,0,1,1,False,-1
4068,TRIPLE,1,1,1,False,-1
4069,DOUBLE,0,1,1,False,-1
4070,DOUBLE,0,1,1,False,-1
4071,DOUBLE,0,1,1,False,-1
4072,DOUBLE,0,1,1,False,-1
4073,TRIPLE,1,1,1,False,-1
4075,TRIPLE,1,1,1,False,-1
4076,SINGLE,0,0,1,False,-1
4077,DOUBLE,0,1,1,False,-1
4078,TRIPLE,1,1,1,False,-1
4079,TRIPLE,1,1,1,False,-1
4080,TRIPLE,1,1,1,False,-1
4081,TRIPLE,1,1,1,False,-1
4082,TRIPLE,1,1,1,False,-1
4083,TRIPLE,1,1,1,False,-1
4084,SINGLE,0,0,1,False,-1
4085,TRIPLE,1,1,1,False,-1
4086,TRIPLE,1,1,1,False,-1
4087,TRIPLE,1,1,1,False,-1
4088,TRIPLE,1,1,1,False,-1
4090,TRIPLE,1,1,1,False,-1
4091,DOUBLE,0,1,1,False,-1
4093,SINGLE,0,0,1,False,-1
4094,DOUBLE,0,1,1,False,-1
4095,DOUBLE,0,1,1,False,-1
4096,TRIPLE,1,1,1,False,-1
4097,TRIPLE,1,1,1,False,-1
4098,DOUBLE,0,1,1,False,-1
4099,TRIPLE,1,1,1,False,-1
4100,TRIPLE,1,1,1,False,-1
4101,SINGLE,0,0,1,False,-1
4102,TRIPLE,1,1,1,False,-1
4103,TRIPLE,1,1,1,False,-1
4104,TRIPLE,1,1,1,False,-1
4105,TRIPLE,1,1,1,False,-1
4106,DOUBLE,0,1,1,False,-1
4107,TRIPLE,1,1,1,False,-1
4108,TRIPLE,1,1,1,False,-1
4109,DOUBLE,0,1,1,False,-1
4110,DOUBLE,0,1,1,False,-1
4111,TRIPLE,1,1,1,False,-1
4112,DOUBLE,0,1,1,False,-1
4113,TRIPLE,1,1,1,False,-1
4114,TRIPLE,1,1,1,False,-1
4115,SINGLE,0,0,1,False,-1
4116,TRIPLE,1,1,1,False,-1
4117,TRIPLE,1,1,1,False,-1
4118,SINGLE,0,0,1,False,-1
4119,DOUBLE,0,1,1,False,-1
4120,DOUBLE,0,1,1,False,-1
4121,DOUBLE,0,1,1,False,-1
4122,TRIPLE,1,1,1,False,-1
4123,TRIPLE,1,1,1,False,-1
4124,TRIPLE,1,1,1,False,-1
4125,TRIPLE,1,1,1,False,-1
4126,SINGLE,0,0,1,False,-1
4127,SINGLE,0,0,1,False,-1
4128,TRIPLE,1,1,1,False,-1
4129,TRIPLE,1,1,1,False,-1
4130,DOUBLE,0,1,1,False,-1
4131,DOUBLE,0,1,1,False,-1
4133,TRIPLE,1,1,1,False,-1
4134,TRIPLE,1,1,1,False,-1
4135,DOUBLE,0,1,1,False,-1
4136,SINGLE,0,0,1,False,-1
4137,TRIPLE,1,1,1,False,-1
4138,TRIPLE,1,1,1,False,-1
4139,TRIPLE,1,1,1,False,-1
4140,DOUBLE,0,1,1,False,-1
4141,DOUBLE,0,1,1,False,-1
4142,TRIPLE,1,1,1,False,-1
4143,DOUBLE,0,1,1,False,-1
4144,TRIPLE,1,1,1,False,-1
4145,TRIPLE,1,1,1,False,-1
4146,DOUBLE,0,1,1,False,-1
4147,DOUBLE,0,1,1,False,-1
4148,DOUBLE,0,1,1,False,-1
4149,TRIPLE,1,1,1,False,-1
4150,TRIPLE,1,1,1,False,-1
4151,DOUBLE,0,1,1,False,-1
4152,TRIPLE,1,1,1,False,-1
4153,DOUBLE,0,1,1,False,-1
4154,TRIPLE,1,1,1,False,-1
4155,TRIPLE,1,1,1,False,-1
4156,TRIPLE,1,1,1,False,-1
4157,TRIPLE,1,1,1,False,-1
4159,TRIPLE,1,1,1,False,-1
4160,TRIPLE,1,1,1,False,-1
4161,TRIPLE,1,1,1,False,-1
4162,SINGLE,0,0,1,False,-1
4163,TRIPLE,1,1,1,False,-1
4164,DOUBLE,1,0,1,False,-1
4165,TRIPLE,1,1,1,False,-1
4166,TRIPLE,1,1,1,False,-1
4167,DOUBLE,0,1,1,False,-1
4168,TRIPLE,1,1,1,False,-1
4169,TRIPLE,1,1,1,False,-1
4170,TRIPLE,1,1,1,False,-1
4171,SINGLE,0,0,1,False,-1
4172,TRIPLE,1,1,1,False,-1
4173,DOUBLE,0,1,1,False,-1
4174,SINGLE,0,0,1,False,-1
4175,DOUBLE,0,1,1,False,-1
4176,SINGLE,0,0,1,False,-1
4177,TRIPLE,1,1,1,False,-1
4178,TRIPLE,1,1,1,False,-1
4180,DOUBLE,0,1,1,False,-1
4181,SINGLE,0,0,1,False,-1
4182,TRIPLE,1,1,1,False,-1
4183,DOUBLE,0,1,1,False,-1
4184,DOUBLE,0,1,1,False,-1
4186,SINGLE,0,0,1,False,-1
4187,TRIPLE,1,1,1,False,-1
4188,TRIPLE,1,1,1,False,-1
4189,TRIPLE,1,1,1,False,-1
4190,TRIPLE,1,1,1,False,-1
4191,SINGLE,0,0,1,False,-1
4192,DOUBLE,0,1,1,False,-1
4193,TRIPLE,1,1,1,False,-1
4194,TRIPLE,1,1,1,False,-1
4195,DOUBLE,0,1,1,False,-1
4196,DOUBLE,0,1,1,False,-1
4197,DOUBLE,0,1,1,False,-1
4198,TRIPLE,1,1,1,False,-1
4200,SINGLE,0,0,1,False,-1
4201,SINGLE,0,0,1,False,-1
4202,TRIPLE,1,1,1,False,-1
4203,DOUBLE,0,1,1,False,-1
4204,TRIPLE,1,1,1,False,-1
4205,SINGLE,0,0,1,False,-1
4206,TRIPLE,1,1,1,False,-1
4207,TRIPLE,1,1,1,False,-1
4208,DOUBLE,0,1,1,False,-1
4209,TRIPLE,1,1,1,False,-1
4210,TRIPLE,1,1,1,False,-1
4211,SINGLE,0,0,1,False,-1
4212,TRIPLE,1,1,1,False,-1
4213,TRIPLE,1,1,1,False,-1
4214,DOUBLE,0,1,1,False,-1
4215,SINGLE,0,0,1,False,-1
4216,SINGLE,0,0,1,False,-1
4217,TRIPLE,1,1,1,False,-1
4218,DOUBLE,0,1,1,False,-1
4219,SINGLE,0,0,1,False,-1
4220,TRIPLE,1,1,1,False,-1
4221,DOUBLE,0,1,1,False,-1
4222,TRIPLE,1,1,1,False,-1
4223,DOUBLE,0,1,1,False,-1
4224,TRIPLE,1,1,1,False,-1
4225,TRIPLE,1,1,1,False,-1
4226,TRIPLE,1,1,1,False,-1
4227,SINGLE,0,0,1,False,-1
4228,DOUBLE,0,1,1,False,-1
4229,SINGLE,0,0,1,False,-1
4230,TRIPLE,1,1,1,False,-1
4231,SINGLE,0,0,1,False,-1
4232,DOUBLE,0,1,1,False,-1
4233,DOUBLE,0,1,1,False,-1
4234,DOUBLE,0,1,1,False,-1
4235,DOUBLE,0,1,1,False,-1
4236,DOUBLE,0,1,1,False,-1
4237,TRIPLE,1,1,1,False,-1
4238,TRIPLE,1,1,1,False,-1
4239,TRIPLE,1,1,1,False,-1
4240,DOUBLE,0,1,1,False,-1
4241,DOUBLE,0,1,1,False,-1
4242,SINGLE,0,0,1,False,-1
4243,DOUBLE,0,1,1,False,-1
4245,DOUBLE,0,1,1,False,-1
4246,TRIPLE,1,1,1,False,-1
4248,TRIPLE,1,1,1,False,-1
4249,TRIPLE,1,1,1,False,-1
4250,SINGLE,0,0,1,False,-1
4251,SINGLE,0,0,1,False,-1
4252,TRIPLE,1,1,1,False,-1
4254,DOUBLE,0,1,1,False,-1
4255,DOUBLE,0,1,1,False,-1
4256,DOUBLE,0,1,1,False,-1
4257,DOUBLE,0,1,1,False,-1
4258,DOUBLE,0,1,1,False,-1
4260,TRIPLE,1,1,1,False,-1
4261,DOUBLE,0,1,1,False,-1
4262,SINGLE,0,0,1,False,-1
4263,TRIPLE,1,1,1,False,-1
4264,SINGLE,0,0,1,False,-1
4265,DOUBLE,0,1,1,False,-1
4266,DOUBLE,0,1,1,False,-1
4267,DOUBLE,0,1,1,False,-1
4268,SINGLE,0,0,1,False,-1
4269,DOUBLE,0,1,1,False,-1
4270,DOUBLE,0,1,1,False,-1
4271,TRIPLE,1,1,1,False,-1
4272,TRIPLE,1,1,1,False,-1
4273,TRIPLE,1,1,1,False,-1
4274,DOUBLE,0,1,1,False,-1
4276,TRIPLE,1,1,1,False,-1
4277,TRIPLE,1,1,1,False,-1
4278,TRIPLE,1,1,1,False,-1
4279,TRIPLE,1,1,1,False,-1
4280,TRIPLE,1,1,1,False,-1
4281,TRIPLE,1,1,1,False,-1
4282,SINGLE,0,0,1,False,-1
4283,SINGLE,0,0,1,False,-1
4284,DOUBLE,0,1,1,False,-1
4285,TRIPLE,1,1,1,False,-1
4286,TRIPLE,1,1,1,False,-1
4287,SINGLE,0,0,1,False,-1
4288,DOUBLE,0,1,1,False,-1
4289,DOUBLE,0,1,1,False,-1
4291,DOUBLE,0,1,1,False,-1
4292,TRIPLE,1,1,1,False,-1
4293,DOUBLE,0,1,1,False,-1
4294,TRIPLE,1,1,1,False,-1
4295,TRIPLE,1,1,1,False,-1
4296,DOUBLE,0,1,1,False,-1
4297,TRIPLE,1,1,1,False,-1
4298,DOUBLE,0,1,1,False,-1
4299,TRIPLE,1,1,1,False,-1
4300,DOUBLE,0,1,1,False,-1
4301,SINGLE,0,0,1,False,-1
4303,DOUBLE,0,1,1,False,-1
4304,SINGLE,0,0,1,False,-1
4305,TRIPLE,1,1,1,False,-1
4306,TRIPLE,1,1,1,False,-1
4307,TRIPLE,1,1,1,False,-1
4308,TRIPLE,1,1,1,False,-1
4309,TRIPLE,1,1,1,False,-1
4310,TRIPLE,1,1,1,False,-1
4311,TRIPLE,1,1,1,False,-1
4312,SINGLE,0,0,1,False,-1
4313,TRIPLE,1,1,1,False,-1
4314,DOUBLE,0,1,1,False,-1
4315,SINGLE,0,0,1,False,-1
4316,TRIPLE,1,1,1,False,-1
4317,DOUBLE,0,1,1,False,-1
4318,DOUBLE,0,1,1,False,-1
4319,TRIPLE,1,1,1,False,-1
4320,TRIPLE,1,1,1,False,-1
4321,TRIPLE,1,1,1,False,-1
4323,DOUBLE,0,1,1,False,-1
4324,TRIPLE,1,1,1,False,-1
4325,DOUBLE,0,1,1,False,-1
4326,TRIPLE,1,1,1,False,-1
4327,DOUBLE,0,1,1,False,-1
4328,TRIPLE,1,1,1,False,-1
4329,TRIPLE,1,1,1,False,-1
4330,TRIPLE,1,1,1,False,-1
4332,TRIPLE,1,1,1,False,-1
4333,DOUBLE,0,1,1,False,-1
4334,TRIPLE,1,1,1,False,-1
4335,DOUBLE,0,1,1,False,-1
4336,TRIPLE,1,1,1,False,-1
4337,TRIPLE,1,1,1,False,-1
4338,TRIPLE,1,1,1,False,-1
4339,SINGLE,0,0,1,False,-1
4340,SINGLE,0,0,1,False,-1
4341,TRIPLE,1,1,1,False,-1
4342,TRIPLE,1,1,1,False,-1
4343,DOUBLE,0,1,1,False,-1
4344,TRIPLE,1,1,1,False,-1
4345,TRIPLE,1,1,1,False,-1
4346,TRIPLE,1,1,1,False,-1
4347,TRIPLE,1,1,1,False,-1
4348,TRIPLE,1,1,1,False,-1
4349,TRIPLE,1,1,1,False,-1
4350,TRIPLE,1,1,1,False,-1
4351,TRIPLE,1,1,1,False,-1
4352,TRIPLE,1,1,1,False,-1
4353,SINGLE,0,0,1,False,-1
4354,SINGLE,0,0,1,False,-1
4355,DOUBLE,0,1,1,False,-1
4356,TRIPLE,1,1,1,False,-1
4357,TRIPLE,1,1,1,False,-1
4358,TRIPLE,1,1,1,False,-1
4359,DOUBLE,0,1,1,False,-1
4360,TRIPLE,1,1,1,False,-1
4361,SINGLE,0,0,1,False,-1
4362,TRIPLE,1,1,1,False,-1
4363,TRIPLE,1,1,1,False,-1
4364,TRIPLE,1,1,1,False,-1
4366,TRIPLE,1,1,1,False,-1
4367,TRIPLE,1,1,1,False,-1
4368,TRIPLE,1,1,1,False,-1
4369,TRIPLE,1,1,1,False,-1
4370,TRIPLE,1,1,1,False,-1
4371,SINGLE,0,0,1,False,-1
4372,DOUBLE,0,1,1,False,-1
4373,TRIPLE,1,1,1,False,-1
4374,TRIPLE,1,1,1,False,-1
4375,TRIPLE,1,1,1,False,-1
4376,DOUBLE,0,1,1,False,-1
4377,DOUBLE,0,1,1,False,-1
4378,TRIPLE,1,1,1,False,-1
4379,DOUBLE,0,1,1,False,-1
4380,SINGLE,0,0,1,False,-1
4381,TRIPLE,1,1,1,False,-1
4382,DOUBLE,0,1,1,False,-1
4383,DOUBLE,0,1,1,False,-1
4384,TRIPLE,1,1,1,False,-1
4385,TRIPLE,1,1,1,False,-1
4386,TRIPLE,1,1,1,False,-1
4387,TRIPLE,1,1,1,False,-1
4388,TRIPLE,1,1,1,False,-1
4389,TRIPLE,1,1,1,False,-1
4390,TRIPLE,1,1,1,False,-1
4391,DOUBLE,0,1,1,False,-1
4392,SINGLE,0,0,1,False,-1
4393,TRIPLE,1,1,1,False,-1
4394,TRIPLE,1,1,1,False,-1
4395,TRIPLE,1,1,1,False,-1
4396,SINGLE,0,0,1,False,-1
4397,DOUBLE,0,1,1,False,-1
4399,TRIPLE,1,1,1,False,-1
4400,TRIPLE,1,1,1,False,-1
4402,DOUBLE,0,1,1,False,-1
4403,TRIPLE,1,1,1,False,-1
4404,TRIPLE,1,1,1,False,-1
4405,TRIPLE,1,1,1,False,-1
4406,TRIPLE,1,1,1,False,-1
4407,DOUBLE,0,1,1,False,-1
4408,DOUBLE,0,1,1,False,-1
4409,TRIPLE,1,1,1,False,-1
4410,TRIPLE,1,1,1,False,-1
4411,TRIPLE,1,1,1,False,-1
4412,TRIPLE,1,1,1,False,-1
4413,TRIPLE,1,1,1,False,-1
4414,TRIPLE,1,1,1,False,-1
4415,TRIPLE,1,1,1,False,-1
4416,TRIPLE,1,1,1,False,-1
4417,TRIPLE,1,1,1,False,-1
4418,SINGLE,0,0,1,False,-1
4419,TRIPLE,1,1,1,False,-1
4420,TRIPLE,1,1,1,False,-1
4421,DOUBLE,0,1,1,False,-1
4422,TRIPLE,1,1,1,False,-1
4423,TRIPLE,1,1,1,False,-1
4424,TRIPLE,1,1,1,False,-1
4425,TRIPLE,1,1,1,False,-1
4426,TRIPLE,1,1,1,False,-1
4427,TRIPLE,1,1,1,False,-1
4428,DOUBLE,0,1,1,False,-1
4429,DOUBLE,0,1,1,False,-1
4430,TRIPLE,1,1,1,False,-1
4431,TRIPLE,1,1,1,False,-1
4432,TRIPLE,1,1,1,False,-1
4433,TRIPLE,1,1,1,False,-1
4434,DOUBLE,0,1,1,False,-1
4435,TRIPLE,1,1,1,False,-1
4436,TRIPLE,1,1,1,False,-1
4438,SINGLE,0,0,1,False,-1
4439,DOUBLE,0,1,1,False,-1
4440,DOUBLE,0,1,1,False,-1
4441,TRIPLE,1,1,1,False,-1
4443,DOUBLE,0,1,1,False,-1
4444,TRIPLE,1,1,1,False,-1
4445,DOUBLE,0,1,1,False,-1
4446,TRIPLE,1,1,1,False,-1
4447,TRIPLE,1,1,1,False,-1
4448,SINGLE,0,0,1,False,-1
4450,TRIPLE,1,1,1,False,-1
4451,TRIPLE,1,1,1,False,-1
4453,SINGLE,0,0,1,False,-1
4454,TRIPLE,1,1,1,False,-1
4455,TRIPLE,1,1,1,False,-1
4456,DOUBLE,0,1,1,False,-1
4457,TRIPLE,1,1,1,False,-1
4458,TRIPLE,1,1,1,False,-1
4459,DOUBLE,0,1,1,False,-1
4460,TRIPLE,1,1,1,False,-1
4461,DOUBLE,0,1,1,False,-1
4462,TRIPLE,1,1,1,False,-1
4464,TRIPLE,1,1,1,False,-1
4465,SINGLE,0,0,1,False,-1
4466,DOUBLE,0,1,1,False,-1
4467,TRIPLE,1,1,1,False,-1
4469,DOUBLE,0,1,1,False,-1
4470,DOUBLE,0,1,1,False,-1
4471,TRIPLE,1,1,1,False,-1
4472,SINGLE,0,0,1,False,-1
4474,DOUBLE,0,1,1,False,-1
4475,TRIPLE,1,1,1,False,-1
4476,TRIPLE,1,1,1,False,-1
4477,SINGLE,0,0,1,False,-1
4478,TRIPLE,1,1,1,False,-1
4479,TRIPLE,1,1,1,False,-1
4480,TRIPLE,1,1,1,False,-1
4481,DOUBLE,0,1,1,False,-1
4482,TRIPLE,1,1,1,False,-1
4483,DOUBLE,0,1,1,False,-1
4484,TRIPLE,1,1,1,False,-1
4485,TRIPLE,1,1,1,False,-1
4486,TRIPLE,1,1,1,False,-1
4489,DOUBLE,0,1,1,False,-1
4490,DOUBLE,0,1,1,False,-1
4491,TRIPLE,1,1,1,False,-1
4492,TRIPLE,1,1,1,False,-1
4493,TRIPLE,1,1,1,False,-1
4494,TRIPLE,1,1,1,False,-1
4495,TRIPLE,1,1,1,False,-1
4499,DOUBLE,0,1,1,False,-1
4501,TRIPLE,1,1,1,False,-1
4502,DOUBLE,0,1,1,False,-1
4503,TRIPLE,1,1,1,False,-1
4504,SINGLE,0,0,1,False,-1
4505,TRIPLE,1,1,1,False,-1
4507,DOUBLE,0,1,1,False,-1
4508,DOUBLE,0,1,1,False,-1
4509,TRIPLE,1,1,1,False,-1
4510,TRIPLE,1,1,1,False,-1
4511,TRIPLE,1,1,1,False,-1
4512,SINGLE,0,0,1,False,-1
4513,DOUBLE,0,1,1,False,-1
4514,DOUBLE,0,1,1,False,-1
4515,SINGLE,0,0,1,False,-1
4516,DOUBLE,0,1,1,False,-1
4518,DOUBLE,0,1,1,False,-1
4519,TRIPLE,1,1,1,False,-1
4520,DOUBLE,0,1,1,False,-1
4521,DOUBLE,0,1,1,False,-1
4522,DOUBLE,0,1,1,False,-1
4524,TRIPLE,1,1,1,False,-1
4525,DOUBLE,0,1,1,False,-1
4526,TRIPLE,1,1,1,False,-1
4527,DOUBLE,0,1,1,False,-1
4530,TRIPLE,1,1,1,False,-1
4531,TRIPLE,1,1,1,False,-1
4532,SINGLE,0,0,1,False,-1
4533,SINGLE,0,0,1,False,-1
4535,DOUBLE,0,1,1,False,-1
4536,SINGLE,0,0,1,False,-1
4537,TRIPLE,1,1,1,False,-1
4538,SINGLE,0,0,1,False,-1
4539,TRIPLE,1,1,1,False,-1
4540,TRIPLE,1,1,1,False,-1
4541,TRIPLE,1,1,1,False,-1
4543,TRIPLE,1,1,1,False,-1
4544,TRIPLE,1,1,1,False,-1
4545,TRIPLE,1,1,1,False,-1
4546,TRIPLE,1,1,1,False,-1
4547,TRIPLE,1,1,1,False,-1
4549,DOUBLE,0,1,1,False,-1
4550,TRIPLE,1,1,1,False,-1
4551,SINGLE,0,0,1,False,-1
4552,DOUBLE,0,1,1,False,-1
4553,SINGLE,0,0,1,False,-1
4554,DOUBLE,0,1,1,False,-1
4555,TRIPLE,1,1,1,False,-1
4556,TRIPLE,1,1,1,False,-1
4557,TRIPLE,1,1,1,False,-1
4558,TRIPLE,1,1,1,False,-1
4559,DOUBLE,0,1,1,False,-1
4560,DOUBLE,0,1,1,False,-1
4561,TRIPLE,1,1,1,False,-1
4564,TRIPLE,1,1,1,False,-1
4565,TRIPLE,1,1,1,False,-1
4567,TRIPLE,1,1,1,False,-1
4569,TRIPLE,1,1,1,False,-1
4570,SINGLE,0,0,1,False,-1
4571,DOUBLE,0,1,1,False,-1
4573,DOUBLE,0,1,1,False,-1
4575,SINGLE,0,0,1,False,-1
4577,DOUBLE,0,1,1,False,-1
4578,DOUBLE,0,1,1,False,-1
4580,TRIPLE,1,1,1,False,-1
4581,TRIPLE,1,1,1,False,-1
4582,SINGLE,0,0,1,False,-1
4583,TRIPLE,1,1,1,False,-1
4584,DOUBLE,0,1,1,False,-1
4585,TRIPLE,1,1,1,False,-1
4586,DOUBLE,0,1,1,False,-1
4587,TRIPLE,1,1,1,False,-1
4588,TRIPLE,1,1,1,False,-1
4589,SINGLE,0,0,1,False,-1
4591,DOUBLE,0,1,1,False,-1
4592,TRIPLE,1,1,1,False,-1
4593,SINGLE,0,0,1,False,-1
4594,DOUBLE,0,1,1,False,-1
4595,TRIPLE,1,1,1,False,-1
4596,TRIPLE,1,1,1,False,-1
4599,TRIPLE,1,1,1,False,-1
4600,DOUBLE,0,1,1,False,-1
4601,TRIPLE,1,1,1,False,-1
4602,TRIPLE,1,1,1,False,-1
4603,TRIPLE,1,1,1,False,-1
4604,TRIPLE,1,1,1,False,-1
4605,SINGLE,0,0,1,False,-1
4606,TRIPLE,1,1,1,False,-1
4607,TRIPLE,1,1,1,False,-1
4609,DOUBLE,0,1,1,False,-1
4610,DOUBLE,0,1,1,False,-1
4611,TRIPLE,1,1,1,False,-1
4612,DOUBLE,0,1,1,False,-1
4613,TRIPLE,1,1,1,False,-1
4614,TRIPLE,1,1,1,False,-1
4615,TRIPLE,1,1,1,False,-1
4616,TRIPLE,1,1,1,False,-1
4617,TRIPLE,1,1,1,False,-1
4618,SINGLE,0,0,1,False,-1
4619,TRIPLE,1,1,1,False,-1
4620,TRIPLE,1,1,1,False,-1
4621,DOUBLE,0,1,1,False,-1
4622,DOUBLE,0,1,1,False,-1
4623,SINGLE,0,0,1,False,-1
4624,TRIPLE,1,1,1,False,-1
4625,TRIPLE,1,1,1,False,-1
4626,TRIPLE,1,1,1,False,-1
4627,TRIPLE,1,1,1,False,-1
4628,TRIPLE,1,1,1,False,-1
4629,TRIPLE,1,1,1,False,-1
4630,DOUBLE,0,1,1,False,-1
4631,SINGLE,0,0,1,False,-1
4632,TRIPLE,1,1,1,False,-1
4633,SINGLE,0,0,1,False,-1
4634,TRIPLE,1,1,1,False,-1
4635,TRIPLE,1,1,1,False,-1
4636,TRIPLE,1,1,1,False,-1
4637,DOUBLE,0,1,1,False,-1
4638,TRIPLE,1,1,1,False,-1
4639,TRIPLE,1,1,1,False,-1
4640,TRIPLE,1,1,1,False,-1
4641,TRIPLE,1,1,1,False,-1
4642,SINGLE,0,0,1,False,-1
4643,TRIPLE,1,1,1,False,-1
4644,TRIPLE,1,1,1,False,-1
4646,TRIPLE,1,1,1,False,-1
4647,TRIPLE,1,1,1,False,-1
4648,TRIPLE,1,1,1,False,-1
4649,DOUBLE,0,1,1,False,-1
4650,TRIPLE,1,1,1,False,-1
4651,TRIPLE,1,1,1,False,-1
4653,TRIPLE,1,1,1,False,-1
4654,TRIPLE,1,1,1,False,-1
4655,TRIPLE,1,1,1,False,-1
4656,TRIPLE,1,1,1,False,-1
4657,TRIPLE,1,1,1,False,-1
4658,SINGLE,0,0,1,False,-1
4659,DOUBLE,0,1,1,False,-1
4660,TRIPLE,1,1,1,False,-1
4661,TRIPLE,1,1,1,False,-1
4662,DOUBLE,0,1,1,False,-1
4663,SINGLE,0,0,1,False,-1
4664,DOUBLE,0,1,1,False,-1
4665,TRIPLE,1,1,1,False,-1
4666,TRIPLE,1,1,1,False,-1
4667,TRIPLE,1,1,1,False,-1
4668,TRIPLE,1,1,1,False,-1
4669,SINGLE,0,0,1,False,-1
4670,TRIPLE,1,1,1,False,-1
4671,DOUBLE,0,1,1,False,-1
4672,DOUBLE,0,1,1,False,-1
4673,TRIPLE,1,1,1,False,-1
4674,SINGLE,0,0,1,False,-1
4675,DOUBLE,0,1,1,False,-1
4676,SINGLE,0,0,1,False,-1
4677,DOUBLE,0,1,1,False,-1
4678,TRIPLE,1,1,1,False,-1
4679,TRIPLE,1,1,1,False,-1
4680,TRIPLE,1,1,1,False,-1
4681,DOUBLE,0,1,1,False,-1
4682,TRIPLE,1,1,1,False,-1
4683,DOUBLE,0,1,1,False,-1
4685,TRIPLE,1,1,1,False,-1
4686,TRIPLE,1,1,1,False,-1
4687,TRIPLE,1,1,1,False,-1
4688,TRIPLE,1,1,1,False,-1
4689,TRIPLE,1,1,1,False,-1
4690,DOUBLE,0,1,1,False,-1
4691,SINGLE,0,0,1,False,-1
4692,TRIPLE,1,1,1,False,-1
4693,DOUBLE,0,1,1,False,-1
4694,DOUBLE,0,1,1,False,-1
4695,TRIPLE,1,1,1,False,-1
4696,SINGLE,0,0,1,False,-1
4697,SINGLE,0,0,1,False,-1
4698,DOUBLE,0,1,1,False,-1
4699,TRIPLE,1,1,1,False,-1
4700,TRIPLE,1,1,1,False,-1
4701,SINGLE,0,0,1,False,-1
4702,TRIPLE,1,1,1,False,-1
4703,SINGLE,0,0,1,False,-1
4704,TRIPLE,1,1,1,False,-1
4705,TRIPLE,1,1,1,False,-1
4706,DOUBLE,0,1,1,False,-1
4707,TRIPLE,1,1,1,False,-1
4708,TRIPLE,1,1,1,False,-1
4709,DOUBLE,0,1,1,False,-1
4710,SINGLE,0,0,1,False,-1
4711,DOUBLE,0,1,1,False,-1
4712,TRIPLE,1,1,1,False,-1
4713,SINGLE,0,0,1,False,-1
4714,TRIPLE,1,1,1,False,-1
4715,TRIPLE,1,1,1,False,-1
4716,TRIPLE,1,1,1,False,-1
4717,SINGLE,0,0,1,False,-1
4719,DOUBLE,0,1,1,False,-1
4720,TRIPLE,1,1,1,False,-1
4721,TRIPLE,1,1,1,False,-1
4722,SINGLE,0,0,1,False,-1
4724,DOUBLE,0,1,1,False,-1
4725,DOUBLE,0,1,1,False,-1
4726,TRIPLE,1,1,1,False,-1
4727,TRIPLE,1,1,1,False,-1
4728,DOUBLE,0,1,1,False,-1
4729,DOUBLE,0,1,1,False,-1
4730,DOUBLE,0,1,1,False,-1
4731,SINGLE,0,0,1,False,-1
4732,DOUBLE,0,1,1,False,-1
4733,DOUBLE,0,1,1,False,-1
4735,TRIPLE,1,1,1,False,-1
4736,TRIPLE,1,1,1,False,-1
4737,DOUBLE,0,1,1,False,-1
4738,TRIPLE,1,1,1,False,-1
4739,SINGLE,0,0,1,False,-1
4740,TRIPLE,1,1,1,False,-1
4741,TRIPLE,1,1,1,False,-1
4742,TRIPLE,1,1,1,False,-1
4743,TRIPLE,1,1,1,False,-1
4744,SINGLE,0,0,1,False,-1
4745,TRIPLE,1,1,1,False,-1
4746,TRIPLE,1,1,1,False,-1
4747,DOUBLE,0,1,1,False,-1
4748,TRIPLE,1,1,1,False,-1
4750,DOUBLE,0,1,1,False,-1
4751,TRIPLE,1,1,1,False,-1
4752,TRIPLE,1,1,1,False,-1
4753,DOUBLE,0,1,1,False,-1
4754,DOUBLE,0,1,1,False,-1
4755,TRIPLE,1,1,1,False,-1
4757,TRIPLE,1,1,1,False,-1
4758,TRIPLE,1,1,1,False,-1
4760,TRIPLE,1,1,1,False,-1
4761,SINGLE,0,0,1,False,-1
4762,SINGLE,0,0,1,False,-1
4763,DOUBLE,0,1,1,False,-1
4764,TRIPLE,1,1,1,False,-1
4765,SINGLE,0,0,1,False,-1
4766,DOUBLE,0,1,1,False,-1
4767,SINGLE,0,0,1,False,-1
4768,DOUBLE,0,1,1,False,-1
4769,SINGLE,0,0,1,False,-1
4770,TRIPLE,1,1,1,False,-1
4771,TRIPLE,1,1,1,False,-1
4772,TRIPLE,1,1,1,False,-1
4774,SINGLE,0,0,1,False,-1
4775,DOUBLE,0,1,1,False,-1
4776,TRIPLE,1,1,1,False,-1
4777,TRIPLE,1,1,1,False,-1
4778,TRIPLE,1,1,1,False,-1
4779,TRIPLE,1,1,1,False,-1
4780,DOUBLE,0,1,1,False,-1
4781,TRIPLE,1,1,1,False,-1
4782,TRIPLE,1,1,1,False,-1
4783,DOUBLE,0,1,1,False,-1
4784,TRIPLE,1,1,1,False,-1
4785,TRIPLE,1,1,1,False,-1
4786,SINGLE,0,0,1,False,-1
4787,TRIPLE,1,1,1,False,-1
4788,TRIPLE,1,1,1,False,-1
4789,SINGLE,0,0,1,False,-1
4791,SINGLE,0,0,1,False,-1
4792,DOUBLE,0,1,1,False,-1
4793,TRIPLE,1,1,1,False,-1
4794,SINGLE,0,0,1,False,-1
4795,DOUBLE,0,1,1,False,-1
4796,TRIPLE,1,1,1,False,-1
4797,DOUBLE,0,1,1,False,-1
4799,TRIPLE,1,1,1,False,-1
4800,SINGLE,0,0,1,False,-1
4801,TRIPLE,1,1,1,False,-1
4802,TRIPLE,1,1,1,False,-1
4803,TRIPLE,1,1,1,False,-1
4804,TRIPLE,1,1,1,False,-1
4805,SINGLE,0,0,1,False,-1
4806,TRIPLE,1,1,1,False,-1
4807,DOUBLE,0,1,1,False,-1
4808,TRIPLE,1,1,1,False,-1
4810,DOUBLE,0,1,1,False,-1
4811,DOUBLE,0,1,1,False,-1
4812,DOUBLE,0,1,1,False,-1
4813,DOUBLE,0,1,1,False,-1
4814,DOUBLE,0,1,1,False,-1
4815,TRIPLE,1,1,1,False,-1
4816,SINGLE,0,0,1,False,-1
4817,TRIPLE,1,1,1,False,-1
4818,SINGLE,0,0,1,False,-1
4819,TRIPLE,1,1,1,False,-1
4820,DOUBLE,0,1,1,False,-1
4821,TRIPLE,1,1,1,False,-1
4822,TRIPLE,1,1,1,False,-1
4823,SINGLE,0,0,1,False,-1
4824,DOUBLE,0,1,1,False,-1
4825,DOUBLE,0,1,1,False,-1
4827,DOUBLE,0,1,1,False,-1
4828,DOUBLE,0,1,1,False,-1
4829,DOUBLE,0,1,1,False,-1
4830,TRIPLE,1,1,1,False,-1
4831,TRIPLE,1,1,1,False,-1
4832,TRIPLE,1,1,1,False,-1
4833,TRIPLE,1,1,1,False,-1
4834,DOUBLE,0,1,1,False,-1
4835,DOUBLE,0,1,1,False,-1
4836,TRIPLE,1,1,1,False,-1
4837,TRIPLE,1,1,1,False,-1
4838,DOUBLE,0,1,1,False,-1
4839,TRIPLE,1,1,1,False,-1
4840,TRIPLE,1,1,1,False,-1
4841,DOUBLE,0,1,1,False,-1
4842,TRIPLE,1,1,1,False,-1
4843,SINGLE,0,0,1,False,-1
4845,DOUBLE,0,1,1,False,-1
4846,DOUBLE,0,1,1,False,-1
4847,TRIPLE,1,1,1,False,-1
4848,DOUBLE,0,1,1,False,-1
4849,TRIPLE,1,1,1,False,-1
4850,TRIPLE,1,1,1,False,-1
4851,DOUBLE,0,1,1,False,-1
4852,TRIPLE,1,1,1,False,-1
4853,DOUBLE,0,1,1,False,-1
4854,DOUBLE,0,1,1,False,-1
4855,TRIPLE,1,1,1,False,-1
4856,DOUBLE,0,1,1,False,-1
4857,DOUBLE,0,1,1,False,-1
4858,TRIPLE,1,1,1,False,-1
4859,TRIPLE,1,1,1,False,-1
4860,DOUBLE,0,1,1,False,-1
4861,TRIPLE,1,1,1,False,-1
4863,SINGLE,0,0,1,False,-1
4864,TRIPLE,1,1,1,False,-1
4865,DOUBLE,0,1,1,False,-1
4866,TRIPLE,1,1,1,False,-1
4867,DOUBLE,0,1,1,False,-1
4869,SINGLE,0,0,1,False,-1
4870,DOUBLE,0,1,1,False,-1
4871,DOUBLE,0,1,1,False,-1
4872,DOUBLE,0,1,1,False,-1
4873,DOUBLE,0,1,1,False,-1
4874,DOUBLE,0,1,1,False,-1
4875,TRIPLE,1,1,1,False,-1
4876,TRIPLE,1,1,1,False,-1
4878,DOUBLE,0,1,1,False,-1
4879,TRIPLE,1,1,1,False,-1
4880,TRIPLE,1,1,1,False,-1
4881,DOUBLE,0,1,1,False,-1
4882,DOUBLE,0,1,1,False,-1
4883,TRIPLE,1,1,1,False,-1
4884,SINGLE,0,0,1,False,-1
4885,TRIPLE,1,1,1,False,-1
4886,SINGLE,0,0,1,False,-1
4887,TRIPLE,1,1,1,False,-1
4888,TRIPLE,1,1,1,False,-1
4889,TRIPLE,1,1,1,False,-1
4890,TRIPLE,1,1,1,False,-1
4891,TRIPLE,1,1,1,False,-1
4892,SINGLE,0,0,1,False,-1
4893,TRIPLE,1,1,1,False,-1
4894,DOUBLE,0,1,1,False,-1
4895,TRIPLE,1,1,1,False,-1
4896,DOUBLE,0,1,1,False,-1
4897,TRIPLE,1,1,1,False,-1
4898,SINGLE,0,0,1,False,-1
4899,TRIPLE,1,1,1,False,-1
4900,DOUBLE,0,1,1,False,-1
4901,DOUBLE,0,1,1,False,-1
4902,TRIPLE,1,1,1,False,-1
4903,TRIPLE,1,1,1,False,-1
4904,TRIPLE,1,1,1,False,-1
4906,TRIPLE,1,1,1,False,-1
4907,SINGLE,0,0,1,False,-1
4908,TRIPLE,1,1,1,False,-1
4909,TRIPLE,1,1,1,False,-1
4910,TRIPLE,1,1,1,False,-1
4911,TRIPLE,1,1,1,False,-1
4912,TRIPLE,1,1,1,False,-1
4913,TRIPLE,1,1,1,False,-1
4914,TRIPLE,1,1,1,False,-1
4915,TRIPLE,1,1,1,False,-1
4916,SINGLE,0,0,1,False,-1
4917,TRIPLE,1,1,1,False,-1
4918,TRIPLE,1,1,1,False,-1
4919,TRIPLE,1,1,1,False,-1
4920,TRIPLE,1,1,1,False,-1
4921,TRIPLE,1,1,1,False,-1
4922,SINGLE,0,0,1,False,-1
4923,TRIPLE,1,1,1,False,-1
4924,TRIPLE,1,1,1,False,-1
4926,SINGLE,0,0,1,False,-1
4927,TRIPLE,1,1,1,False,-1
4928,DOUBLE,0,1,1,False,-1
4929,SINGLE,0,0,1,False,-1
4930,DOUBLE,0,1,1,False,-1
4931,DOUBLE,0,1,1,False,-1
4933,TRIPLE,1,1,1,False,-1
4934,DOUBLE,0,1,1,False,-1
4935,TRIPLE,1,1,1,False,-1
4936,TRIPLE,1,1,1,False,-1
4937,SINGLE,0,0,1,False,-1
4938,TRIPLE,1,1,1,False,-1
4939,DOUBLE,0,1,1,False,-1
4941,SINGLE,0,0,1,False,-1
4943,TRIPLE,1,1,1,False,-1
4944,DOUBLE,0,1,1,False,-1
4945,DOUBLE,0,1,1,False,-1
4946,DOUBLE,0,1,1,False,-1
4947,TRIPLE,1,1,1,False,-1
4948,TRIPLE,1,1,1,False,-1
4949,SINGLE,0,0,1,False,-1
4950,DOUBLE,0,1,1,False,-1
4951,TRIPLE,1,1,1,False,-1
4952,SINGLE,0,0,1,False,-1
4953,DOUBLE,0,1,1,False,-1
4954,SINGLE,0,0,1,False,-1
4955,DOUBLE,0,1,1,False,-1
4956,TRIPLE,1,1,1,False,-1
4957,TRIPLE,1,1,1,False,-1
4958,TRIPLE,1,1,1,False,-1
4959,SINGLE,0,0,1,False,-1
4960,TRIPLE,1,1,1,False,-1
4961,DOUBLE,0,1,1,False,-1
4962,DOUBLE,0,1,1,False,-1
4963,TRIPLE,1,1,1,False,-1
4965,DOUBLE,0,1,1,False,-1
4966,TRIPLE,1,1,1,False,-1
4967,SINGLE,0,0,1,False,-1
4968,DOUBLE,0,1,1,False,-1
4969,DOUBLE,0,1,1,False,-1
4971,SINGLE,0,0,1,False,-1
4972,TRIPLE,1,1,1,False,-1
4974,SINGLE,0,0,1,False,-1
4975,SINGLE,0,0,1,False,-1
4976,SINGLE,0,0,1,False,-1
4977,DOUBLE,0,1,1,False,-1
4979,DOUBLE,0,1,1,False,-1
4980,DOUBLE,0,1,1,False,-1
4981,SINGLE,0,0,1,False,-1
4982,SINGLE,0,0,1,False,-1
4983,TRIPLE,1,1,1,False,-1
4984,TRIPLE,1,1,1,False,-1
4985,DOUBLE,0,1,1,False,-1
4986,TRIPLE,1,1,1,False,-1
4987,TRIPLE,1,1,1,False,-1
4988,TRIPLE,1,1,1,False,-1
4991,TRIPLE,1,1,1,False,-1
4992,SINGLE,0,0,1,False,-1
4993,TRIPLE,1,1,1,False,-1
4994,TRIPLE,1,1,1,False,-1
4995,SINGLE,0,0,1,False,-1
4996,TRIPLE,1,1,1,False,-1
4997,TRIPLE,1,1,1,False,-1
4998,DOUBLE,0,1,1,False,-1
5000,TRIPLE,1,1,1,False,-1
5001,TRIPLE,1,1,1,False,-1
5002,SINGLE,0,0,1,False,-1
5003,TRIPLE,1,1,1,False,-1
5004,TRIPLE,1,1,1,False,-1
5005,DOUBLE,0,1,1,False,-1
5006,SINGLE,0,0,1,False,-1
5007,TRIPLE,1,1,1,False,-1
5008,DOUBLE,0,1,1,False,-1
5009,TRIPLE,1,1,1,False,-1
5010,DOUBLE,0,1,1,False,-1
5011,TRIPLE,1,1,1,False,-1
5012,DOUBLE,0,1,1,False,-1
5013,SINGLE,0,0,1,False,-1
5014,DOUBLE,0,1,1,False,-1
5015,DOUBLE,0,1,1,False,-1
5019,DOUBLE,0,1,1,False,-1
5021,TRIPLE,1,1,1,False,-1
5023,TRIPLE,1,1,1,False,-1
5024,DOUBLE,0,1,1,False,-1
5025,DOUBLE,0,1,1,False,-1
5026,DOUBLE,0,1,1,False,-1
5027,TRIPLE,1,1,1,False,-1
5028,SINGLE,0,0,1,False,-1
5030,DOUBLE,0,1,1,False,-1
5031,DOUBLE,0,1,1,False,-1
5032,TRIPLE,1,1,1,False,-1
5033,SINGLE,0,0,1,False,-1
5034,DOUBLE,0,1,1,False,-1
5035,TRIPLE,1,1,1,False,-1
5036,TRIPLE,1,1,1,False,-1
5038,TRIPLE,1,1,1,False,-1
5039,SINGLE,0,0,1,False,-1
5040,TRIPLE,1,1,1,False,-1
5041,TRIPLE,1,1,1,False,-1
5042,TRIPLE,1,1,1,False,-1
5043,DOUBLE,0,1,1,False,-1
5044,TRIPLE,1,1,1,False,-1
5045,TRIPLE,1,1,1,False,-1
5046,TRIPLE,1,1,1,False,-1
5047,TRIPLE,1,1,1,False,-1
5048,TRIPLE,1,1,1,False,-1
5049,DOUBLE,0,1,1,False,-1
5050,SINGLE,0,0,1,False,-1
5051,SINGLE,0,0,1,False,-1
5052,TRIPLE,1,1,1,False,-1
5053,TRIPLE,1,1,1,False,-1
5054,SINGLE,0,0,1,False,-1
5055,TRIPLE,1,1,1,False,-1
5056,SINGLE,0,0,1,False,-1
5057,TRIPLE,1,1,1,False,-1
5058,DOUBLE,0,1,1,False,-1
5059,DOUBLE,0,1,1,False,-1
5060,DOUBLE,0,1,1,False,-1
5061,DOUBLE,0,1,1,False,-1
5062,SINGLE,0,0,1,False,-1
5063,TRIPLE,1,1,1,False,-1
5064,TRIPLE,1,1,1,False,-1
5065,DOUBLE,0,1,1,False,-1
5066,TRIPLE,1,1,1,False,-1
5067,DOUBLE,0,1,1,False,-1
5068,TRIPLE,1,1,1,False,-1
5069,DOUBLE,0,1,1,False,-1
5070,TRIPLE,1,1,1,False,-1
5071,TRIPLE,1,1,1,False,-1
5072,DOUBLE,0,1,1,False,-1
5073,TRIPLE,1,1,1,False,-1
5074,DOUBLE,0,1,1,False,-1
5075,SINGLE,0,0,1,False,-1
5076,TRIPLE,1,1,1,False,-1
5077,TRIPLE,1,1,1,False,-1
5078,DOUBLE,0,1,1,False,-1
5079,DOUBLE,0,1,1,False,-1
5080,TRIPLE,1,1,1,False,-1
5081,DOUBLE,0,1,1,False,-1
5082,SINGLE,0,0,1,False,-1
5083,TRIPLE,1,1,1,False,-1
5084,TRIPLE,1,1,1,False,-1
5085,SINGLE,0,0,1,False,-1
5086,TRIPLE,1,1,1,False,-1
5087,DOUBLE,0,1,1,False,-1
5088,TRIPLE,1,1,1,False,-1
5089,TRIPLE,1,1,1,False,-1
5090,TRIPLE,1,1,1,False,-1
5091,TRIPLE,1,1,1,False,-1
5092,TRIPLE,1,1,1,False,-1
5093,DOUBLE,0,1,1,False,-1
5094,TRIPLE,1,1,1,False,-1
5095,DOUBLE,0,1,1,False,-1
5096,TRIPLE,1,1,1,False,-1
5098,DOUBLE,0,1,1,False,-1
5099,TRIPLE,1,1,1,False,-1
5100,SINGLE,0,0,1,False,-1
5101,TRIPLE,1,1,1,False,-1
5102,DOUBLE,0,1,1,False,-1
5103,TRIPLE,1,1,1,False,-1
5104,TRIPLE,1,1,1,False,-1
5106,TRIPLE,1,1,1,False,-1
5107,TRIPLE,1,1,1,False,-1
5108,TRIPLE,1,1,1,False,-1
5109,DOUBLE,0,1,1,False,-1
5110,DOUBLE,0,1,1,False,-1
5112,DOUBLE,0,1,1,False,-1
5113,DOUBLE,0,1,1,False,-1
5114,DOUBLE,0,1,1,False,-1
5115,DOUBLE,0,1,1,False,-1
5116,TRIPLE,1,1,1,False,-1
5117,DOUBLE,0,1,1,False,-1
5120,TRIPLE,1,1,1,False,-1
5121,TRIPLE,1,1,1,False,-1
5122,DOUBLE,0,1,1,False,-1
5123,SINGLE,0,0,1,False,-1
5124,TRIPLE,1,1,1,False,-1
5125,DOUBLE,0,1,1,False,-1
5126,DOUBLE,0,1,1,False,-1
5127,TRIPLE,1,1,1,False,-1
5128,DOUBLE,0,1,1,False,-1
5130,TRIPLE,1,1,1,False,-1
5131,SINGLE,0,0,1,False,-1
5133,TRIPLE,1,1,1,False,-1
5134,TRIPLE,1,1,1,False,-1
5135,DOUBLE,0,1,1,False,-1
5136,DOUBLE,0,1,1,False,-1
5138,TRIPLE,1,1,1,False,-1
5139,TRIPLE,1,1,1,False,-1
5140,DOUBLE,0,1,1,False,-1
5142,TRIPLE,1,1,1,False,-1
5143,DOUBLE,0,1,1,False,-1
5144,SINGLE,0,0,1,False,-1
5145,DOUBLE,0,1,1,False,-1
5146,SINGLE,0,0,1,False,-1
5147,TRIPLE,1,1,1,False,-1
5148,DOUBLE,0,1,1,False,-1
5150,SINGLE,0,0,1,False,-1
5151,DOUBLE,0,1,1,False,-1
5152,TRIPLE,1,1,1,False,-1
5153,TRIPLE,1,1,1,False,-1
5154,TRIPLE,1,1,1,False,-1
5155,DOUBLE,0,1,1,False,-1
5156,DOUBLE,0,1,1,False,-1
5157,TRIPLE,1,1,1,False,-1
5158,TRIPLE,1,1,1,False,-1
5159,TRIPLE,1,1,1,False,-1
5160,DOUBLE,0,1,1,False,-1
5161,TRIPLE,1,1,1,False,-1
5162,TRIPLE,1,1,1,False,-1
5163,TRIPLE,1,1,1,False,-1
5164,TRIPLE,1,1,1,False,-1
5165,TRIPLE,1,1,1,False,-1
5166,TRIPLE,1,1,1,False,-1
5167,TRIPLE,1,1,1,False,-1
5168,SINGLE,0,0,1,False,-1
5170,TRIPLE,1,1,1,False,-1
5171,DOUBLE,0,1,1,False,-1
5172,TRIPLE,1,1,1,False,-1
5174,TRIPLE,1,1,1,False,-1
5175,SINGLE,0,0,1,False,-1
5176,DOUBLE,0,1,1,False,-1
5177,TRIPLE,1,1,1,False,-1
5178,TRIPLE,1,1,1,False,-1
5179,TRIPLE,1,1,1,False,-1
5180,SINGLE,0,0,1,False,-1
5181,TRIPLE,1,1,1,False,-1
5182,TRIPLE,1,1,1,False,-1
5183,DOUBLE,0,1,1,False,-1
5184,DOUBLE,0,1,1,False,-1
5186,TRIPLE,1,1,1,False,-1
5187,TRIPLE,1,1,1,False,-1
5188,SINGLE,0,0,1,False,-1
5189,TRIPLE,1,1,1,False,-1
5190,SINGLE,0,0,1,False,-1
5193,DOUBLE,0,1,1,False,-1
5194,TRIPLE,1,1,1,False,-1
5195,TRIPLE,1,1,1,False,-1
5196,SINGLE,0,0,1,False,-1
5198,SINGLE,0,0,1,False,-1
5199,DOUBLE,0,1,1,False,-1
5200,SINGLE,0,0,1,False,-1
5202,TRIPLE,1,1,1,False,-1
5203,DOUBLE,0,1,1,False,-1
5204,DOUBLE,0,1,1,False,-1
5206,TRIPLE,1,1,1,False,-1
5207,TRIPLE,1,1,1,False,-1
5208,DOUBLE,0,1,1,False,-1
5209,DOUBLE,0,1,1,False,-1
5210,TRIPLE,1,1,1,False,-1
5211,DOUBLE,0,1,1,False,-1
5212,DOUBLE,0,1,1,False,-1
5213,TRIPLE,1,1,1,False,-1
5214,DOUBLE,0,1,1,False,-1
5215,DOUBLE,0,1,1,False,-1
5217,TRIPLE,1,1,1,False,-1
5218,TRIPLE,1,1,1,False,-1
5219,DOUBLE,0,1,1,False,-1
5220,DOUBLE,0,1,1,False,-1
5221,TRIPLE,1,1,1,False,-1
5222,DOUBLE,0,1,1,False,-1
5223,TRIPLE,1,1,1,False,-1
5224,DOUBLE,0,1,1,False,-1
5225,TRIPLE,1,1,1,False,-1
5226,TRIPLE,1,1,1,False,-1
5227,TRIPLE,1,1,1,False,-1
5228,TRIPLE,1,1,1,False,-1
5229,TRIPLE,1,1,1,False,-1
5230,DOUBLE,1,0,1,False,-1
5232,TRIPLE,1,1,1,False,-1
5233,TRIPLE,1,1,1,False,-1
5234,TRIPLE,1,1,1,False,-1
5235,TRIPLE,1,1,1,False,-1
5236,DOUBLE,0,1,1,False,-1
5237,TRIPLE,1,1,1,False,-1
5239,TRIPLE,1,1,1,False,-1
5240,TRIPLE,1,1,1,False,-1
5241,TRIPLE,1,1,1,False,-1
5243,TRIPLE,1,1,1,False,-1
5244,TRIPLE,1,1,1,False,-1
5245,TRIPLE,1,1,1,False,-1
5246,TRIPLE,1,1,1,False,-1
5247,TRIPLE,1,1,1,False,-1
5248,TRIPLE,1,1,1,False,-1
5249,TRIPLE,1,1,1,False,-1
5250,TRIPLE,1,1,1,False,-1
5251,DOUBLE,0,1,1,False,-1
5252,TRIPLE,1,1,1,False,-1
5253,TRIPLE,1,1,1,False,-1
5254,TRIPLE,1,1,1,False,-1
5255,TRIPLE,1,1,1,False,-1
5256,TRIPLE,1,1,1,False,-1
5257,TRIPLE,1,1,1,False,-1
5258,SINGLE,0,0,1,False,-1
5259,TRIPLE,1,1,1,False,-1
5260,TRIPLE,1,1,1,False,-1
5261,SINGLE,0,0,1,False,-1
5262,SINGLE,0,0,1,False,-1
5263,TRIPLE,1,1,1,False,-1
5264,TRIPLE,1,1,1,False,-1
5265,TRIPLE,1,1,1,False,-1
5266,TRIPLE,1,1,1,False,-1
5267,DOUBLE,0,1,1,False,-1
5268,DOUBLE,0,1,1,False,-1
5269,TRIPLE,1,1,1,False,-1
5270,TRIPLE,1,1,1,False,-1
5271,TRIPLE,1,1,1,False,-1
5272,TRIPLE,1,1,1,False,-1
5273,SINGLE,0,0,1,False,-1
5274,TRIPLE,1,1,1,False,-1
5275,SINGLE,0,0,1,False,-1
5276,SINGLE,0,0,1,False,-1
5278,TRIPLE,1,1,1,False,-1
5279,DOUBLE,0,1,1,False,-1
5280,TRIPLE,1,1,1,False,-1
5281,TRIPLE,1,1,1,False,-1
5282,TRIPLE,1,1,1,False,-1
5283,DOUBLE,0,1,1,False,-1
5285,TRIPLE,1,1,1,False,-1
5286,DOUBLE,0,1,1,False,-1
5287,SINGLE,0,0,1,False,-1
5288,DOUBLE,0,1,1,False,-1
5289,TRIPLE,1,1,1,False,-1
5290,DOUBLE,0,1,1,False,-1
5291,TRIPLE,1,1,1,False,-1
5292,TRIPLE,1,1,1,False,-1
5293,TRIPLE,1,1,1,False,-1
5295,DOUBLE,0,1,1,False,-1
5296,SINGLE,0,0,1,False,-1
5297,DOUBLE,0,1,1,False,-1
5298,TRIPLE,1,1,1,False,-1
5299,TRIPLE,1,1,1,False,-1
5300,TRIPLE,1,1,1,False,-1
5301,SINGLE,0,0,1,False,-1
5302,TRIPLE,1,1,1,False,-1
5303,TRIPLE,1,1,1,False,-1
5304,TRIPLE,1,1,1,False,-1
5305,TRIPLE,1,1,1,False,-1
5306,TRIPLE,1,1,1,False,-1
5307,SINGLE,0,0,1,False,-1
5308,SINGLE,0,0,1,False,-1
5309,DOUBLE,0,1,1,False,-1
5310,TRIPLE,1,1,1,False,-1
5311,SINGLE,0,0,1,False,-1
5312,TRIPLE,1,1,1,False,-1
5313,TRIPLE,1,1,1,False,-1
5314,TRIPLE,1,1,1,False,-1
5315,SINGLE,0,0,1,False,-1
5316,TRIPLE,1,1,1,False,-1
5317,TRIPLE,1,1,1,False,-1
5318,DOUBLE,0,1,1,False,-1
5321,TRIPLE,1,1,1,False,-1
5322,DOUBLE,0,1,1,False,-1
5323,SINGLE,0,0,1,False,-1
5325,DOUBLE,0,1,1,False,-1
5326,TRIPLE,1,1,1,False,-1
5327,TRIPLE,1,1,1,False,-1
5329,TRIPLE,1,1,1,False,-1
5330,TRIPLE,1,1,1,False,-1
5331,TRIPLE,1,1,1,False,-1
5332,TRIPLE,1,1,1,False,-1
5333,TRIPLE,1,1,1,False,-1
5334,TRIPLE,1,1,1,False,-1
5335,TRIPLE,1,1,1,False,-1
5336,TRIPLE,1,1,1,False,-1
5337,TRIPLE,1,1,1,False,-1
5338,DOUBLE,0,1,1,False,-1
5339,SINGLE,0,0,1,False,-1
5340,TRIPLE,1,1,1,False,-1
5341,TRIPLE,1,1,1,False,-1
5342,TRIPLE,1,1,1,False,-1
5343,TRIPLE,1,1,1,False,-1
5344,TRIPLE,1,1,1,False,-1
5345,TRIPLE,1,1,1,False,-1
5346,SINGLE,0,0,1,False,-1
5347,SINGLE,0,0,1,False,-1
5348,DOUBLE,0,1,1,False,-1
5349,DOUBLE,0,1,1,False,-1
5350,DOUBLE,0,1,1,False,-1
5351,TRIPLE,1,1,1,False,-1
5352,DOUBLE,0,1,1,False,-1
5353,TRIPLE,1,1,1,False,-1
5354,TRIPLE,1,1,1,False,-1
5355,SINGLE,0,0,1,False,-1
5356,TRIPLE,1,1,1,False,-1
5357,SINGLE,0,0,1,False,-1
5358,DOUBLE,0,1,1,False,-1
5359,TRIPLE,1,1,1,False,-1
5360,TRIPLE,1,1,1,False,-1
5361,TRIPLE,1,1,1,False,-1
5362,TRIPLE,1,1,1,False,-1
5363,SINGLE,0,0,1,False,-1
5364,TRIPLE,1,1,1,False,-1
5365,TRIPLE,1,1,1,False,-1
5366,TRIPLE,1,1,1,False,-1
5367,SINGLE,0,0,1,False,-1
5369,TRIPLE,1,1,1,False,-1
5370,TRIPLE,1,1,1,False,-1
5371,TRIPLE,1,1,1,False,-1
5372,DOUBLE,0,1,1,False,-1
5373,TRIPLE,1,1,1,False,-1
5374,SINGLE,0,0,1,False,-1
5375,TRIPLE,1,1,1,False,-1
5377,TRIPLE,1,1,1,False,-1
5378,DOUBLE,0,1,1,False,-1
5379,TRIPLE,1,1,1,False,-1
5380,TRIPLE,1,1,1,False,-1
5381,SINGLE,0,0,1,False,-1
5382,SINGLE,0,0,1,False,-1
5383,SINGLE,0,0,1,False,-1
5384,TRIPLE,1,1,1,False,-1
5385,DOUBLE,0,1,1,False,-1
5386,DOUBLE,0,1,1,False,-1
5387,TRIPLE,1,1,1,False,-1
5388,TRIPLE,1,1,1,False,-1
5389,TRIPLE,1,1,1,False,-1
5390,DOUBLE,0,1,1,False,-1
5391,TRIPLE,1,1,1,False,-1
5392,TRIPLE,1,1,1,False,-1
5394,SINGLE,0,0,1,False,-1
5395,TRIPLE,1,1,1,False,-1
5396,SINGLE,0,0,1,False,-1
5397,TRIPLE,1,1,1,False,-1
5398,TRIPLE,1,1,1,False,-1
5399,SINGLE,0,0,1,False,-1
5401,DOUBLE,0,1,1,False,-1
5402,TRIPLE,1,1,1,False,-1
5403,TRIPLE,1,1,1,False,-1
5404,TRIPLE,1,1,1,False,-1
5405,DOUBLE,0,1,1,False,-1
5407,DOUBLE,0,1,1,False,-1
5408,SINGLE,0,0,1,False,-1
5409,TRIPLE,1,1,1,False,-1
5410,TRIPLE,1,1,1,False,-1
5411,SINGLE,0,0,1,False,-1
5412,TRIPLE,1,1,1,False,-1
5413,DOUBLE,0,1,1,False,-1
5414,TRIPLE,1,1,1,False,-1
5415,DOUBLE,0,1,1,False,-1
5416,TRIPLE,1,1,1,False,-1
5417,TRIPLE,1,1,1,False,-1
5418,TRIPLE,1,1,1,False,-1
5419,TRIPLE,1,1,1,False,-1
5420,TRIPLE,1,1,1,False,-1
5421,TRIPLE,1,1,1,False,-1
5422,TRIPLE,1,1,1,False,-1
5423,SINGLE,0,0,1,False,-1
5424,DOUBLE,0,1,1,False,-1
5425,TRIPLE,1,1,1,False,-1
5426,TRIPLE,1,1,1,False,-1
5427,DOUBLE,0,1,1,False,-1
5428,TRIPLE,1,1,1,False,-1
5429,DOUBLE,0,1,1,False,-1
5430,TRIPLE,1,1,1,False,-1
5431,TRIPLE,1,1,1,False,-1
5432,DOUBLE,0,1,1,False,-1
5433,TRIPLE,1,1,1,False,-1
5434,SINGLE,0,0,1,False,-1
5435,TRIPLE,1,1,1,False,-1
5436,DOUBLE,0,1,1,False,-1
5437,TRIPLE,1,1,1,False,-1
5438,TRIPLE,1,1,1,False,-1
5440,TRIPLE,1,1,1,False,-1
5441,DOUBLE,0,1,1,False,-1
5442,DOUBLE,0,1,1,False,-1
5444,TRIPLE,1,1,1,False,-1
5445,TRIPLE,1,1,1,False,-1
5446,DOUBLE,0,1,1,False,-1
5447,TRIPLE,1,1,1,False,-1
5449,TRIPLE,1,1,1,False,-1
5450,TRIPLE,1,1,1,False,-1
5451,TRIPLE,1,1,1,False,-1
5452,DOUBLE,0,1,1,False,-1
5453,SINGLE,0,0,1,False,-1
5455,DOUBLE,0,1,1,False,-1
5456,DOUBLE,0,1,1,False,-1
5457,TRIPLE,1,1,1,False,-1
5458,SINGLE,0,0,1,False,-1
5459,TRIPLE,1,1,1,False,-1
5460,TRIPLE,1,1,1,False,-1
5461,TRIPLE,1,1,1,False,-1
5462,TRIPLE,1,1,1,False,-1
5463,DOUBLE,0,1,1,False,-1
5464,TRIPLE,1,1,1,False,-1
5465,SINGLE,0,0,1,False,-1
5466,DOUBLE,0,1,1,False,-1
5467,SINGLE,0,0,1,False,-1
5469,TRIPLE,1,1,1,False,-1
5470,DOUBLE,0,1,1,False,-1
5471,TRIPLE,1,1,1,False,-1
5472,TRIPLE,1,1,1,False,-1
5473,DOUBLE,0,1,1,False,-1
5474,TRIPLE,1,1,1,False,-1
5475,TRIPLE,1,1,1,False,-1
5476,TRIPLE,1,1,1,False,-1
5477,DOUBLE,0,1,1,False,-1
5478,DOUBLE,0,1,1,False,-1
5480,DOUBLE,0,1,1,False,-1
5481,SINGLE,0,0,1,False,-1
5483,TRIPLE,1,1,1,False,-1
5484,TRIPLE,1,1,1,False,-1
5485,TRIPLE,1,1,1,False,-1
5487,DOUBLE,0,1,1,False,-1
5488,DOUBLE,0,1,1,False,-1
5489,TRIPLE,1,1,1,False,-1
5490,TRIPLE,1,1,1,False,-1
5491,TRIPLE,1,1,1,False,-1
5493,SINGLE,0,0,1,False,-1
5494,DOUBLE,0,1,1,False,-1
5495,TRIPLE,1,1,1,False,-1
5496,DOUBLE,0,1,1,False,-1
5497,TRIPLE,1,1,1,False,-1
5498,SINGLE,0,0,1,False,-1
5499,DOUBLE,0,1,1,False,-1
5500,TRIPLE,1,1,1,False,-1
5501,TRIPLE,1,1,1,False,-1
5502,TRIPLE,1,1,1,False,-1
5503,TRIPLE,1,1,1,False,-1
5505,SINGLE,0,0,1,False,-1
5506,SINGLE,0,0,1,False,-1
5507,TRIPLE,1,1,1,False,-1
5508,TRIPLE,1,1,1,False,-1
5509,DOUBLE,0,1,1,False,-1
5510,DOUBLE,0,1,1,False,-1
5511,SINGLE,0,0,1,False,-1
5512,DOUBLE,0,1,1,False,-1
5513,DOUBLE,0,1,1,False,-1
5514,TRIPLE,1,1,1,False,-1
5515,TRIPLE,1,1,1,False,-1
5516,SINGLE,0,0,1,False,-1
5518,TRIPLE,1,1,1,False,-1
5519,TRIPLE,1,1,1,False,-1
5520,TRIPLE,1,1,1,False,-1
5521,TRIPLE,1,1,1,False,-1
5522,TRIPLE,1,1,1,False,-1
5523,TRIPLE,1,1,1,False,-1
5524,TRIPLE,1,1,1,False,-1
5525,SINGLE,0,0,1,False,-1
5526,SINGLE,0,0,1,False,-1
5527,TRIPLE,1,1,1,False,-1
5528,TRIPLE,1,1,1,False,-1
5529,TRIPLE,1,1,1,False,-1
5530,TRIPLE,1,1,1,False,-1
5531,TRIPLE,1,1,1,False,-1
5532,TRIPLE,1,1,1,False,-1
5533,SINGLE,0,0,1,False,-1
5534,DOUBLE,0,1,1,False,-1
5535,TRIPLE,1,1,1,False,-1
5536,DOUBLE,0,1,1,False,-1
5537,DOUBLE,0,1,1,False,-1
5538,SINGLE,0,0,1,False,-1
5539,TRIPLE,1,1,1,False,-1
5540,DOUBLE,0,1,1,False,-1
5541,SINGLE,0,0,1,False,-1
5542,TRIPLE,1,1,1,False,-1
5543,SINGLE,0,0,1,False,-1
5544,TRIPLE,1,1,1,False,-1
5545,TRIPLE,1,1,1,False,-1
5546,DOUBLE,0,1,1,False,-1
5547,TRIPLE,1,1,1,False,-1
5548,TRIPLE,1,1,1,False,-1
5549,TRIPLE,1,1,1,False,-1
5550,DOUBLE,0,1,1,False,-1
5551,SINGLE,0,0,1,False,-1
5552,TRIPLE,1,1,1,False,-1
5553,TRIPLE,1,1,1,False,-1
5554,SINGLE,0,0,1,False,-1
5555,TRIPLE,1,1,1,False,-1
5556,TRIPLE,1,1,1,False,-1
5557,TRIPLE,1,1,1,False,-1
5558,TRIPLE,1,1,1,False,-1
5559,DOUBLE,0,1,1,False,-1
5560,DOUBLE,0,1,1,False,-1
5561,TRIPLE,1,1,1,False,-1
5562,TRIPLE,1,1,1,False,-1
5563,TRIPLE,1,1,1,False,-1
5565,DOUBLE,0,1,1,False,-1
5566,SINGLE,0,0,1,False,-1
5567,SINGLE,0,0,1,False,-1
5568,TRIPLE,1,1,1,False,-1
5569,TRIPLE,1,1,1,False,-1
5570,DOUBLE,0,1,1,False,-1
5571,TRIPLE,1,1,1,False,-1
5573,DOUBLE,0,1,1,False,-1
5574,TRIPLE,1,1,1,False,-1
5575,TRIPLE,1,1,1,False,-1
5576,TRIPLE,1,1,1,False,-1
5577,SINGLE,0,0,1,False,-1
5578,TRIPLE,1,1,1,False,-1
5579,DOUBLE,0,1,1,False,-1
5580,TRIPLE,1,1,1,False,-1
5581,TRIPLE,1,1,1,False,-1
5582,TRIPLE,1,1,1,False,-1
5583,DOUBLE,0,1,1,False,-1
5585,DOUBLE,0,1,1,False,-1
5586,DOUBLE,0,1,1,False,-1
5587,DOUBLE,0,1,1,False,-1
5588,TRIPLE,1,1,1,False,-1
5589,TRIPLE,1,1,1,False,-1
5590,DOUBLE,0,1,1,False,-1
5591,TRIPLE,1,1,1,False,-1
5592,TRIPLE,1,1,1,False,-1
5593,TRIPLE,1,1,1,False,-1
5594,TRIPLE,1,1,1,False,-1
5595,TRIPLE,1,1,1,False,-1
5596,TRIPLE,1,1,1,False,-1
5597,SINGLE,0,0,1,False,-1
5598,TRIPLE,1,1,1,False,-1
5599,DOUBLE,0,1,1,False,-1
5600,DOUBLE,0,1,1,False,-1
5601,DOUBLE,0,1,1,False,-1
5602,TRIPLE,1,1,1,False,-1
5603,TRIPLE,1,1,1,False,-1
5604,TRIPLE,1,1,1,False,-1
5606,DOUBLE,0,1,1,False,-1
5607,TRIPLE,1,1,1,False,-1
5608,TRIPLE,1,1,1,False,-1
5609,TRIPLE,1,1,1,False,-1
5610,DOUBLE,0,1,1,False,-1
5612,TRIPLE,1,1,1,False,-1
5613,SINGLE,0,0,1,False,-1
5614,TRIPLE,1,1,1,False,-1
5615,TRIPLE,1,1,1,False,-1
5616,SINGLE,0,0,1,False,-1
5618,DOUBLE,0,1,1,False,-1
5619,DOUBLE,0,1,1,False,-1
5620,TRIPLE,1,1,1,False,-1
5621,SINGLE,0,0,1,False,-1
5622,TRIPLE,1,1,1,False,-1
5623,SINGLE,0,0,1,False,-1
5624,TRIPLE,1,1,1,False,-1
5625,TRIPLE,1,1,1,False,-1
5626,SINGLE,0,0,1,False,-1
5627,DOUBLE,0,1,1,False,-1
5628,TRIPLE,1,1,1,False,-1
5629,TRIPLE,1,1,1,False,-1
5630,DOUBLE,0,1,1,False,-1
5631,DOUBLE,0,1,1,False,-1
5632,TRIPLE,1,1,1,False,-1
5633,DOUBLE,0,1,1,False,-1
5634,SINGLE,0,0,1,False,-1
5635,TRIPLE,1,1,1,False,-1
5636,TRIPLE,1,1,1,False,-1
5637,DOUBLE,0,1,1,False,-1
5638,TRIPLE,1,1,1,False,-1
5639,TRIPLE,1,1,1,False,-1
5640,TRIPLE,1,1,1,False,-1
5643,TRIPLE,1,1,1,False,-1
5644,DOUBLE,0,1,1,False,-1
5645,TRIPLE,1,1,1,False,-1
5646,SINGLE,0,0,1,False,-1
5647,TRIPLE,1,1,1,False,-1
5648,TRIPLE,1,1,1,False,-1
5649,TRIPLE,1,1,1,False,-1
5650,SINGLE,0,0,1,False,-1
5651,TRIPLE,1,1,1,False,-1
5652,DOUBLE,0,1,1,False,-1
5653,TRIPLE,1,1,1,False,-1
5654,TRIPLE,1,1,1,False,-1
5655,TRIPLE,1,1,1,False,-1
5656,DOUBLE,0,1,1,False,-1
5657,TRIPLE,1,1,1,False,-1
5658,SINGLE,0,0,1,False,-1
5659,DOUBLE,0,1,1,False,-1
5660,DOUBLE,0,1,1,False,-1
5661,DOUBLE,0,1,1,False,-1
5662,TRIPLE,1,1,1,False,-1
5663,SINGLE,0,0,1,False,-1
5664,TRIPLE,1,1,1,False,-1
5665,DOUBLE,0,1,1,False,-1
5667,DOUBLE,0,1,1,False,-1
5668,DOUBLE,0,1,1,False,-1
5669,TRIPLE,1,1,1,False,-1
5670,DOUBLE,0,1,1,False,-1
5671,DOUBLE,0,1,1,False,-1
5672,TRIPLE,1,1,1,False,-1
5673,SINGLE,0,0,1,False,-1
5674,SINGLE,0,0,1,False,-1
5675,DOUBLE,0,1,1,False,-1
5676,SINGLE,0,0,1,False,-1
5677,DOUBLE,0,1,1,False,-1
5678,SINGLE,0,0,1,False,-1
5679,TRIPLE,1,1,1,False,-1
5680,SINGLE,0,0,1,False,-1
5681,TRIPLE,1,1,1,False,-1
5682,TRIPLE,1,1,1,False,-1
5683,TRIPLE,1,1,1,False,-1
5684,DOUBLE,0,1,1,False,-1
5685,TRIPLE,1,1,1,False,-1
5686,TRIPLE,1,1,1,False,-1
5687,TRIPLE,1,1,1,False,-1
5688,SINGLE,0,0,1,False,-1
5689,SINGLE,0,0,1,False,-1
5690,TRIPLE,1,1,1,False,-1
5691,DOUBLE,0,1,1,False,-1
5693,TRIPLE,1,1,1,False,-1
5694,DOUBLE,0,1,1,False,-1
5695,TRIPLE,1,1,1,False,-1
5696,TRIPLE,1,1,1,False,-1
5697,TRIPLE,1,1,1,False,-1
5698,TRIPLE,1,1,1,False,-1
5699,DOUBLE,0,1,1,False,-1
5700,TRIPLE,1,1,1,False,-1
5701,TRIPLE,1,1,1,False,-1
5703,DOUBLE,0,1,1,False,-1
5704,TRIPLE,1,1,1,False,-1
5705,TRIPLE,1,1,1,False,-1
5706,TRIPLE,1,1,1,False,-1
5707,TRIPLE,1,1,1,False,-1
5708,TRIPLE,1,1,1,False,-1
5709,SINGLE,0,0,1,False,-1
5710,SINGLE,0,0,1,False,-1
5711,DOUBLE,0,1,1,False,-1
5712,DOUBLE,0,1,1,False,-1
5713,TRIPLE,1,1,1,False,-1
5714,TRIPLE,1,1,1,False,-1
5715,TRIPLE,1,1,1,False,-1
5716,TRIPLE,1,1,1,False,-1
5717,DOUBLE,0,1,1,False,-1
5718,TRIPLE,1,1,1,False,-1
5719,SINGLE,0,0,1,False,-1
5720,DOUBLE,0,1,1,False,-1
5721,DOUBLE,0,1,1,False,-1
5722,TRIPLE,1,1,1,False,-1
5723,SINGLE,0,0,1,False,-1
5724,TRIPLE,1,1,1,False,-1
5725,TRIPLE,1,1,1,False,-1
5726,TRIPLE,1,1,1,False,-1
5727,SINGLE,0,0,1,False,-1
5728,SINGLE,0,0,1,False,-1
5729,SINGLE,0,0,1,False,-1
5730,TRIPLE,1,1,1,False,-1
5731,TRIPLE,1,1,1,False,-1
5732,TRIPLE,1,1,1,False,-1
5733,TRIPLE,1,1,1,False,-1
5734,TRIPLE,1,1,1,False,-1
5735,SINGLE,0,0,1,False,-1
5736,DOUBLE,0,1,1,False,-1
5737,DOUBLE,0,1,1,False,-1
5738,TRIPLE,1,1,1,False,-1
5739,TRIPLE,1,1,1,False,-1
5740,DOUBLE,0,1,1,False,-1
5741,TRIPLE,1,1,1,False,-1
5742,DOUBLE,0,1,1,False,-1
5743,DOUBLE,0,1,1,False,-1
5744,TRIPLE,1,1,1,False,-1
5745,DOUBLE,0,1,1,False,-1
5746,DOUBLE,0,1,1,False,-1
5747,TRIPLE,1,1,1,False,-1
5748,SINGLE,0,0,1,False,-1
5749,TRIPLE,1,1,1,False,-1
5750,SINGLE,0,0,1,False,-1
5751,TRIPLE,1,1,1,False,-1
5752,TRIPLE,1,1,1,False,-1
5753,DOUBLE,0,1,1,False,-1
5754,TRIPLE,1,1,1,False,-1
5755,DOUBLE,0,1,1,False,-1
5756,TRIPLE,1,1,1,False,-1
5758,TRIPLE,1,1,1,False,-1
5759,TRIPLE,1,1,1,False,-1
5760,SINGLE,0,0,1,False,-1
5761,TRIPLE,1,1,1,False,-1
5762,TRIPLE,1,1,1,False,-1
5763,SINGLE,0,0,1,False,-1
5764,TRIPLE,1,1,1,False,-1
5765,TRIPLE,1,1,1,False,-1
5766,TRIPLE,1,1,1,False,-1
5767,SINGLE,0,0,1,False,-1
5768,TRIPLE,1,1,1,False,-1
5769,SINGLE,0,0,1,False,-1
5770,TRIPLE,1,1,1,False,-1
5771,TRIPLE,1,1,1,False,-1
5772,SINGLE,0,0,1,False,-1
5773,TRIPLE,1,1,1,False,-1
5774,DOUBLE,0,1,1,False,-1
5775,TRIPLE,1,1,1,False,-1
5777,DOUBLE,0,1,1,False,-1
5778,DOUBLE,0,1,1,False,-1
5779,TRIPLE,1,1,1,False,-1
5780,SINGLE,0,0,1,False,-1
5781,TRIPLE,1,1,1,False,-1
5782,DOUBLE,0,1,1,False,-1
5783,DOUBLE,0,1,1,False,-1
5784,TRIPLE,1,1,1,False,-1
5785,DOUBLE,0,1,1,False,-1
5786,TRIPLE,1,1,1,False,-1
5787,TRIPLE,1,1,1,False,-1
5788,DOUBLE,0,1,1,False,-1
5789,TRIPLE,1,1,1,False,-1
5790,DOUBLE,0,1,1,False,-1
5791,TRIPLE,1,1,1,False,-1
5792,TRIPLE,1,1,1,False,-1
5793,TRIPLE,1,1,1,False,-1
5794,TRIPLE,1,1,1,False,-1
5795,TRIPLE,1,1,1,False,-1
5796,TRIPLE,1,1,1,False,-1
5797,DOUBLE,0,1,1,False,-1
5798,TRIPLE,1,1,1,False,-1
5799,TRIPLE,1,1,1,False,-1
5800,TRIPLE,1,1,1,False,-1
5802,TRIPLE,1,1,1,False,-1
5803,DOUBLE,0,1,1,False,-1
5804,SINGLE,0,0,1,False,-1
5805,TRIPLE,1,1,1,False,-1
5806,TRIPLE,1,1,1,False,-1
5807,TRIPLE,1,1,1,False,-1
5808,DOUBLE,0,1,1,False,-1
5809,TRIPLE,1,1,1,False,-1
5810,DOUBLE,0,1,1,False,-1
5811,TRIPLE,1,1,1,False,-1
5812,TRIPLE,1,1,1,False,-1
5813,TRIPLE,1,1,1,False,-1
5814,DOUBLE,0,1,1,False,-1
5815,DOUBLE,0,1,1,False,-1
5816,TRIPLE,1,1,1,False,-1
5818,DOUBLE,0,1,1,False,-1
5819,TRIPLE,1,1,1,False,-1
5820,TRIPLE,1,1,1,False,-1
5821,DOUBLE,0,1,1,False,-1
5822,TRIPLE,1,1,1,False,-1
5823,DOUBLE,0,1,1,False,-1
5825,TRIPLE,1,1,1,False,-1
5826,TRIPLE,1,1,1,False,-1
5827,TRIPLE,1,1,1,False,-1
5828,DOUBLE,0,1,1,False,-1
5829,SINGLE,0,0,1,False,-1
5830,SINGLE,0,0,1,False,-1
5831,SINGLE,0,0,1,False,-1
5832,DOUBLE,0,1,1,False,-1
5833,TRIPLE,1,1,1,False,-1
5834,SINGLE,0,0,1,False,-1
5835,DOUBLE,0,1,1,False,-1
5836,TRIPLE,1,1,1,False,-1
5838,TRIPLE,1,1,1,False,-1
5839,TRIPLE,1,1,1,False,-1
5840,TRIPLE,1,1,1,False,-1
5841,DOUBLE,0,1,1,False,-1
5842,TRIPLE,1,1,1,False,-1
5843,SINGLE,0,0,1,False,-1
5844,TRIPLE,1,1,1,False,-1
5845,TRIPLE,1,1,1,False,-1
5846,DOUBLE,0,1,1,False,-1
5848,TRIPLE,1,1,1,False,-1
5849,DOUBLE,0,1,1,False,-1
5850,TRIPLE,1,1,1,False,-1
5851,DOUBLE,0,1,1,False,-1
5852,SINGLE,0,0,1,False,-1
5853,TRIPLE,1,1,1,False,-1
5854,TRIPLE,1,1,1,False,-1
5855,TRIPLE,1,1,1,False,-1
5856,TRIPLE,1,1,1,False,-1
5857,DOUBLE,0,1,1,False,-1
5858,TRIPLE,1,1,1,False,-1
5859,DOUBLE,0,1,1,False,-1
5861,SINGLE,0,0,1,False,-1
5863,DOUBLE,0,1,1,False,-1
5864,SINGLE,0,0,1,False,-1
5865,SINGLE,0,0,1,False,-1
5866,TRIPLE,1,1,1,False,-1
5867,SINGLE,0,0,1,False,-1
5868,SINGLE,0,0,1,False,-1
5869,TRIPLE,1,1,1,False,-1
5870,TRIPLE,1,1,1,False,-1
5871,TRIPLE,1,1,1,False,-1
5872,DOUBLE,0,1,1,False,-1
5873,TRIPLE,1,1,1,False,-1
5874,SINGLE,0,0,1,False,-1
5875,TRIPLE,1,1,1,False,-1
5876,TRIPLE,1,1,1,False,-1
5877,TRIPLE,1,1,1,False,-1
5878,TRIPLE,1,1,1,False,-1
5879,DOUBLE,0,1,1,False,-1
5880,DOUBLE,0,1,1,False,-1
5881,SINGLE,0,0,1,False,-1
5882,TRIPLE,1,1,1,False,-1
5883,TRIPLE,1,1,1,False,-1
5884,TRIPLE,1,1,1,False,-1
5885,TRIPLE,1,1,1,False,-1
5886,SINGLE,0,0,1,False,-1
5887,DOUBLE,0,1,1,False,-1
5888,TRIPLE,1,1,1,False,-1
5890,TRIPLE,1,1,1,False,-1
5891,TRIPLE,1,1,1,False,-1
5892,TRIPLE,1,1,1,False,-1
5893,TRIPLE,1,1,1,False,-1
5894,DOUBLE,0,1,1,False,-1
5895,TRIPLE,1,1,1,False,-1
5896,TRIPLE,1,1,1,False,-1
5897,TRIPLE,1,1,1,False,-1
5898,TRIPLE,1,1,1,False,-1
5899,SINGLE,0,0,1,False,-1
5900,TRIPLE,1,1,1,False,-1
5901,DOUBLE,0,1,1,False,-1
5902,SINGLE,0,0,1,False,-1
5903,DOUBLE,0,1,1,False,-1
5904,TRIPLE,1,1,1,False,-1
5905,DOUBLE,0,1,1,False,-1
5906,SINGLE,0,0,1,False,-1
5908,TRIPLE,1,1,1,False,-1
5909,SINGLE,0,0,1,False,-1
5910,TRIPLE,1,1,1,False,-1
5911,SINGLE,0,0,1,False,-1
5912,TRIPLE,1,1,1,False,-1
5914,TRIPLE,1,1,1,False,-1
5915,DOUBLE,0,1,1,False,-1
5917,TRIPLE,1,1,1,False,-1
5918,TRIPLE,1,1,1,False,-1
5919,TRIPLE,1,1,1,False,-1
5920,SINGLE,0,0,1,False,-1
5921,TRIPLE,1,1,1,False,-1
5922,TRIPLE,1,1,1,False,-1
5923,SINGLE,0,0,1,False,-1
5924,TRIPLE,1,1,1,False,-1
5925,TRIPLE,1,1,1,False,-1
5926,TRIPLE,1,1,1,False,-1
5927,TRIPLE,1,1,1,False,-1
5928,TRIPLE,1,1,1,False,-1
5929,DOUBLE,0,1,1,False,-1
5930,DOUBLE,0,1,1,False,-1
5931,TRIPLE,1,1,1,False,-1
5932,TRIPLE,1,1,1,False,-1
5934,DOUBLE,0,1,1,False,-1
5935,DOUBLE,0,1,1,False,-1
5936,TRIPLE,1,1,1,False,-1
5937,SINGLE,0,0,1,False,-1
5938,TRIPLE,1,1,1,False,-1
5939,TRIPLE,1,1,1,False,-1
5940,DOUBLE,0,1,1,False,-1
5941,TRIPLE,1,1,1,False,-1
5942,DOUBLE,0,1,1,False,-1
5943,TRIPLE,1,1,1,False,-1
5944,TRIPLE,1,1,1,False,-1
5947,DOUBLE,0,1,1,False,-1
5948,DOUBLE,0,1,1,False,-1
5949,TRIPLE,1,1,1,False,-1
5950,DOUBLE,0,1,1,False,-1
5951,DOUBLE,0,1,1,False,-1
5952,SINGLE,0,0,1,False,-1
5953,TRIPLE,1,1,1,False,-1
5954,DOUBLE,0,1,1,False,-1
5955,DOUBLE,0,1,1,False,-1
5956,TRIPLE,1,1,1,False,-1
5957,DOUBLE,0,1,1,False,-1
5959,TRIPLE,1,1,1,False,-1
5960,SINGLE,0,0,1,False,-1
5961,TRIPLE,1,1,1,False,-1
5962,TRIPLE,1,1,1,False,-1
5964,TRIPLE,1,1,1,False,-1
5965,TRIPLE,1,1,1,False,-1
5966,DOUBLE,0,1,1,False,-1
5967,DOUBLE,0,1,1,False,-1
5969,TRIPLE,1,1,1,False,-1
5970,DOUBLE,0,1,1,False,-1
5971,DOUBLE,0,1,1,False,-1
5972,SINGLE,0,0,1,False,-1
5973,TRIPLE,1,1,1,False,-1
5974,TRIPLE,1,1,1,False,-1
5975,TRIPLE,1,1,1,False,-1
5976,TRIPLE,1,1,1,False,-1
5977,TRIPLE,1,1,1,False,-1
5978,TRIPLE,1,1,1,False,-1
5979,TRIPLE,1,1,1,False,-1
5981,TRIPLE,1,1,1,False,-1
5982,DOUBLE,0,1,1,False,-1
5983,SINGLE,0,0,1,False,-1
5984,TRIPLE,1,1,1,False,-1
5985,SINGLE,0,0,1,False,-1
5986,TRIPLE,1,1,1,False,-1
5987,TRIPLE,1,1,1,False,-1
5988,TRIPLE,1,1,1,False,-1
5989,DOUBLE,0,1,1,False,-1
5990,TRIPLE,1,1,1,False,-1
5991,TRIPLE,1,1,1,False,-1
5992,DOUBLE,0,1,1,False,-1
5993,DOUBLE,0,1,1,False,-1
5994,TRIPLE,1,1,1,False,-1
5995,TRIPLE,1,1,1,False,-1
5996,DOUBLE,0,1,1,False,-1
5997,TRIPLE,1,1,1,False,-1
5998,TRIPLE,1,1,1,False,-1
5999,DOUBLE,0,1,1,False,-1
6000,TRIPLE,1,1,1,False,-1
6001,TRIPLE,1,1,1,False,-1
6003,TRIPLE,1,1,1,False,-1
6005,SINGLE,0,0,1,False,-1
6006,TRIPLE,1,1,1,False,-1
6007,DOUBLE,0,1,1,False,-1
6008,DOUBLE,0,1,1,False,-1
6009,DOUBLE,0,1,1,False,-1
6010,DOUBLE,0,1,1,False,-1
6011,DOUBLE,0,1,1,False,-1
6012,TRIPLE,1,1,1,False,-1
6013,SINGLE,0,0,1,False,-1
6015,TRIPLE,1,1,1,False,-1
6016,TRIPLE,1,1,1,False,-1
6018,TRIPLE,1,1,1,False,-1
6019,SINGLE,0,0,1,False,-1
6020,SINGLE,0,0,1,False,-1
6021,DOUBLE,0,1,1,False,-1
6022,DOUBLE,0,1,1,False,-1
6023,TRIPLE,1,1,1,False,-1
6024,TRIPLE,1,1,1,False,-1
6025,DOUBLE,0,1,1,False,-1
6026,TRIPLE,1,1,1,False,-1
6027,DOUBLE,0,1,1,False,-1
6028,DOUBLE,0,1,1,False,-1
6029,SINGLE,0,0,1,False,-1
6030,TRIPLE,1,1,1,False,-1
6031,TRIPLE,1,1,1,False,-1
6033,TRIPLE,1,1,1,False,-1
6034,TRIPLE,1,1,1,False,-1
6035,SINGLE,0,0,1,False,-1
6036,TRIPLE,1,1,1,False,-1
6037,TRIPLE,1,1,1,False,-1
6038,DOUBLE,0,1,1,False,-1
6039,TRIPLE,1,1,1,False,-1
6040,SINGLE,0,0,1,False,-1
6041,TRIPLE,1,1,1,False,-1
6042,TRIPLE,1,1,1,False,-1
6044,TRIPLE,1,1,1,False,-1
6045,SINGLE,0,0,1,False,-1
6047,TRIPLE,1,1,1,False,-1
6048,TRIPLE,1,1,1,False,-1
6050,TRIPLE,1,1,1,False,-1
6051,TRIPLE,1,1,1,False,-1
6052,SINGLE,0,0,1,False,-1
6053,DOUBLE,0,1,1,False,-1
6054,DOUBLE,0,1,1,False,-1
6055,DOUBLE,0,1,1,False,-1
6056,DOUBLE,0,1,1,False,-1
6057,TRIPLE,1,1,1,False,-1
6058,TRIPLE,1,1,1,False,-1
6059,TRIPLE,1,1,1,False,-1
6060,TRIPLE,1,1,1,False,-1
6061,SINGLE,0,0,1,False,-1
6062,DOUBLE,0,1,1,False,-1
6063,TRIPLE,1,1,1,False,-1
6064,TRIPLE,1,1,1,False,-1
6066,DOUBLE,0,1,1,False,-1
6067,DOUBLE,0,1,1,False,-1
6068,DOUBLE,0,1,1,False,-1
6069,SINGLE,0,0,1,False,-1
6070,TRIPLE,1,1,1,False,-1
6071,TRIPLE,1,1,1,False,-1
6073,SINGLE,0,0,1,False,-1
6074,TRIPLE,1,1,1,False,-1
6075,DOUBLE,0,1,1,False,-1
6076,SINGLE,0,0,1,False,-1
6077,TRIPLE,1,1,1,False,-1
6078,DOUBLE,0,1,1,False,-1
6081,TRIPLE,1,1,1,False,-1
6082,TRIPLE,1,1,1,False,-1
6083,TRIPLE,1,1,1,False,-1
6084,TRIPLE,1,1,1,False,-1
6085,TRIPLE,1,1,1,False,-1
6086,DOUBLE,0,1,1,False,-1
6087,DOUBLE,0,1,1,False,-1
6088,TRIPLE,1,1,1,False,-1
6089,TRIPLE,1,1,1,False,-1
6090,DOUBLE,0,1,1,False,-1
6091,TRIPLE,1,1,1,False,-1
6093,TRIPLE,1,1,1,False,-1
6094,TRIPLE,1,1,1,False,-1
6095,TRIPLE,1,1,1,False,-1
6096,TRIPLE,1,1,1,False,-1
6097,TRIPLE,1,1,1,False,-1
6098,TRIPLE,1,1,1,False,-1
6099,TRIPLE,1,1,1,False,-1
6101,DOUBLE,0,1,1,False,-1
6102,TRIPLE,1,1,1,False,-1
6103,TRIPLE,1,1,1,False,-1
6104,SINGLE,0,0,1,False,-1
6105,DOUBLE,0,1,1,False,-1
6106,DOUBLE,0,1,1,False,-1
6107,DOUBLE,0,1,1,False,-1
6108,DOUBLE,0,1,1,False,-1
6109,TRIPLE,1,1,1,False,-1
6110,DOUBLE,0,1,1,False,-1
6111,TRIPLE,1,1,1,False,-1
6112,TRIPLE,1,1,1,False,-1
6113,DOUBLE,0,1,1,False,-1
6114,TRIPLE,1,1,1,False,-1
6115,TRIPLE,1,1,1,False,-1
6117,SINGLE,0,0,1,False,-1
6118,TRIPLE,1,1,1,False,-1
6119,TRIPLE,1,1,1,False,-1
6120,TRIPLE,1,1,1,False,-1
6121,TRIPLE,1,1,1,False,-1
6122,TRIPLE,1,1,1,False,-1
6123,TRIPLE,1,1,1,False,-1
6124,TRIPLE,1,1,1,False,-1
6125,TRIPLE,1,1,1,False,-1
6126,SINGLE,0,0,1,False,-1
6127,SINGLE,0,0,1,False,-1
6128,TRIPLE,1,1,1,False,-1
6129,DOUBLE,0,1,1,False,-1
6130,SINGLE,0,0,1,False,-1
6131,TRIPLE,1,1,1,False,-1
6132,TRIPLE,1,1,1,False,-1
6133,TRIPLE,1,1,1,False,-1
6134,TRIPLE,1,1,1,False,-1
6135,TRIPLE,1,1,1,False,-1
6136,TRIPLE,1,1,1,False,-1
6137,TRIPLE,1,1,1,False,-1
6138,DOUBLE,0,1,1,False,-1
6139,TRIPLE,1,1,1,False,-1
6140,TRIPLE,1,1,1,False,-1
6141,DOUBLE,0,1,1,False,-1
6142,SINGLE,0,0,1,False,-1
6143,SINGLE,0,0,1,False,-1
6144,TRIPLE,1,1,1,False,-1
6145,TRIPLE,1,1,1,False,-1
6146,TRIPLE,1,1,1,False,-1
6147,DOUBLE,0,1,1,False,-1
6149,TRIPLE,1,1,1,False,-1
6150,TRIPLE,1,1,1,False,-1
6151,DOUBLE,0,1,1,False,-1
6152,DOUBLE,0,1,1,False,-1
6154,DOUBLE,0,1,1,False,-1
6155,TRIPLE,1,1,1,False,-1
6156,TRIPLE,1,1,1,False,-1
6158,SINGLE,0,0,1,False,-1
6159,SINGLE,0,0,1,False,-1
6160,TRIPLE,1,1,1,False,-1
6161,TRIPLE,1,1,1,False,-1
6162,DOUBLE,0,1,1,False,-1
6163,TRIPLE,1,1,1,False,-1
6164,TRIPLE,1,1,1,False,-1
6165,TRIPLE,1,1,1,False,-1
6166,TRIPLE,1,1,1,False,-1
6167,DOUBLE,0,1,1,False,-1
6168,DOUBLE,0,1,1,False,-1
6169,SINGLE,0,0,1,False,-1
6170,DOUBLE,0,1,1,False,-1
6171,DOUBLE,0,1,1,False,-1
6172,TRIPLE,1,1,1,False,-1
6173,SINGLE,0,0,1,False,-1
6175,DOUBLE,0,1,1,False,-1
6176,TRIPLE,1,1,1,False,-1
6177,TRIPLE,1,1,1,False,-1
6178,SINGLE,0,0,1,False,-1
6180,TRIPLE,1,1,1,False,-1
6181,TRIPLE,1,1,1,False,-1
6182,TRIPLE,1,1,1,False,-1
6183,TRIPLE,1,1,1,False,-1
6184,TRIPLE,1,1,1,False,-1
6185,TRIPLE,1,1,1,False,-1
6186,DOUBLE,0,1,1,False,-1
6187,SINGLE,0,0,1,False,-1
6188,TRIPLE,1,1,1,False,-1
6189,DOUBLE,0,1,1,False,-1
6190,DOUBLE,0,1,1,False,-1
6191,TRIPLE,1,1,1,False,-1
6192,TRIPLE,1,1,1,False,-1
6193,SINGLE,0,0,1,False,-1
6194,SINGLE,0,0,1,False,-1
6195,TRIPLE,1,1,1,False,-1
6196,SINGLE,0,0,1,False,-1
6197,TRIPLE,1,1,1,False,-1
6198,DOUBLE,0,1,1,False,-1
6199,TRIPLE,1,1,1,False,-1
6200,SINGLE,0,0,1,False,-1
6201,TRIPLE,1,1,1,False,-1
6202,DOUBLE,0,1,1,False,-1
6203,SINGLE,0,0,1,False,-1
6204,TRIPLE,1,1,1,False,-1
6206,TRIPLE,1,1,1,False,-1
6207,DOUBLE,0,1,1,False,-1
6208,TRIPLE,1,1,1,False,-1
6209,TRIPLE,1,1,1,False,-1
6210,TRIPLE,1,1,1,False,-1
6211,TRIPLE,1,1,1,False,-1
6212,TRIPLE,1,1,1,False,-1
6213,TRIPLE,1,1,1,False,-1
6214,TRIPLE,1,1,1,False,-1
6215,DOUBLE,0,1,1,False,-1
6216,TRIPLE,1,1,1,False,-1
6218,TRIPLE,1,1,1,False,-1
6219,TRIPLE,1,1,1,False,-1
6220,SINGLE,0,0,1,False,-1
6221,TRIPLE,1,1,1,False,-1
6222,TRIPLE,1,1,1,False,-1
6223,DOUBLE,0,1,1,False,-1
6224,TRIPLE,1,1,1,False,-1
6226,TRIPLE,1,1,1,False,-1
6228,TRIPLE,1,1,1,False,-1
6229,TRIPLE,1,1,1,False,-1
6230,TRIPLE,1,1,1,False,-1
6231,SINGLE,0,0,1,False,-1
6232,DOUBLE,0,1,1,False,-1
6233,TRIPLE,1,1,1,False,-1
6234,DOUBLE,0,1,1,False,-1
6235,TRIPLE,1,1,1,False,-1
6236,SINGLE,0,0,1,False,-1
6237,TRIPLE,1,1,1,False,-1
6239,SINGLE,0,0,1,False,-1
6240,SINGLE,0,0,1,False,-1
6241,SINGLE,0,0,1,False,-1
6242,DOUBLE,0,1,1,False,-1
6243,TRIPLE,1,1,1,False,-1
6244,SINGLE,0,0,1,False,-1
6247,TRIPLE,1,1,1,False,-1
6248,DOUBLE,0,1,1,False,-1
6249,SINGLE,0,0,1,False,-1
6250,TRIPLE,1,1,1,False,-1
6251,TRIPLE,1,1,1,False,-1
6252,TRIPLE,1,1,1,False,-1
6253,TRIPLE,1,1,1,False,-1
6254,TRIPLE,1,1,1,False,-1
6255,DOUBLE,0,1,1,False,-1
6256,DOUBLE,0,1,1,False,-1
6257,TRIPLE,1,1,1,False,-1
6258,DOUBLE,0,1,1,False,-1
6259,SINGLE,0,0,1,False,-1
6260,DOUBLE,0,1,1,False,-1
6261,TRIPLE,1,1,1,False,-1
6263,DOUBLE,0,1,1,False,-1
6264,TRIPLE,1,1,1,False,-1
6265,TRIPLE,1,1,1,False,-1
6266,DOUBLE,0,1,1,False,-1
6267,DOUBLE,0,1,1,False,-1
6268,TRIPLE,1,1,1,False,-1
6269,DOUBLE,0,1,1,False,-1
6270,TRIPLE,1,1,1,False,-1
6271,TRIPLE,1,1,1,False,-1
6272,TRIPLE,1,1,1,False,-1
6273,TRIPLE,1,1,1,False,-1
6274,TRIPLE,1,1,1,False,-1
6275,TRIPLE,1,1,1,False,-1
6276,TRIPLE,1,1,1,False,-1
6277,TRIPLE,1,1,1,False,-1
6278,TRIPLE,1,1,1,False,-1
6279,TRIPLE,1,1,1,False,-1
6280,TRIPLE,1,1,1,False,-1
6281,TRIPLE,1,1,1,False,-1
6282,TRIPLE,1,1,1,False,-1
6283,TRIPLE,1,1,1,False,-1
6284,TRIPLE,1,1,1,False,-1
6285,TRIPLE,1,1,1,False,-1
6287,TRIPLE,1,1,1,False,-1
6288,SINGLE,0,0,1,False,-1
6289,SINGLE,0,0,1,False,-1
6290,SINGLE,0,0,1,False,-1
6291,TRIPLE,1,1,1,False,-1
6293,TRIPLE,1,1,1,False,-1
6294,TRIPLE,1,1,1,False,-1
6295,TRIPLE,1,1,1,False,-1
6296,TRIPLE,1,1,1,False,-1
6297,TRIPLE,1,1,1,False,-1
6298,TRIPLE,1,1,1,False,-1
6299,TRIPLE,1,1,1,False,-1
6300,DOUBLE,0,1,1,False,-1
6301,TRIPLE,1,1,1,False,-1
6302,SINGLE,0,0,1,False,-1
6303,DOUBLE,0,1,1,False,-1
6304,DOUBLE,0,1,1,False,-1
6305,TRIPLE,1,1,1,False,-1
6306,SINGLE,0,0,1,False,-1
6307,TRIPLE,1,1,1,False,-1
6308,TRIPLE,1,1,1,False,-1
6309,SINGLE,0,0,1,False,-1
6311,TRIPLE,1,1,1,False,-1
6312,TRIPLE,1,1,1,False,-1
6313,DOUBLE,0,1,1,False,-1
6314,TRIPLE,1,1,1,False,-1
6315,TRIPLE,1,1,1,False,-1
6316,SINGLE,0,0,1,False,-1
6317,TRIPLE,1,1,1,False,-1
6318,TRIPLE,1,1,1,False,-1
6319,TRIPLE,1,1,1,False,-1
6320,SINGLE,0,0,1,False,-1
6321,TRIPLE,1,1,1,False,-1
6322,SINGLE,0,0,1,False,-1
6323,SINGLE,0,0,1,False,-1
6324,DOUBLE,0,1,1,False,-1
6325,SINGLE,0,0,1,False,-1
6326,DOUBLE,0,1,1,False,-1
6327,TRIPLE,1,1,1,False,-1
6328,SINGLE,0,0,1,False,-1
6329,DOUBLE,0,1,1,False,-1
6331,TRIPLE,1,1,1,False,-1
6332,TRIPLE,1,1,1,False,-1
6333,DOUBLE,0,1,1,False,-1
6334,DOUBLE,0,1,1,False,-1
6335,TRIPLE,1,1,1,False,-1
6337,TRIPLE,1,1,1,False,-1
6338,DOUBLE,0,1,1,False,-1
6339,DOUBLE,0,1,1,False,-1
6340,TRIPLE,1,1,1,False,-1
6341,DOUBLE,0,1,1,False,-1
6342,TRIPLE,1,1,1,False,-1
6343,DOUBLE,0,1,1,False,-1
6344,TRIPLE,1,1,1,False,-1
6345,DOUBLE,0,1,1,False,-1
6346,DOUBLE,0,1,1,False,-1
6347,SINGLE,0,0,1,False,-1
6348,DOUBLE,0,1,1,False,-1
6349,DOUBLE,0,1,1,False,-1
6350,DOUBLE,0,1,1,False,-1
6351,TRIPLE,1,1,1,False,-1
6352,DOUBLE,0,1,1,False,-1
6353,SINGLE,0,0,1,False,-1
6354,DOUBLE,0,1,1,False,-1
6355,TRIPLE,1,1,1,False,-1
6357,TRIPLE,1,1,1,False,-1
6358,TRIPLE,1,1,1,False,-1
6359,SINGLE,0,0,1,False,-1
6360,DOUBLE,0,1,1,False,-1
6362,TRIPLE,1,1,1,False,-1
6363,TRIPLE,1,1,1,False,-1
6364,TRIPLE,1,1,1,False,-1
6365,TRIPLE,1,1,1,False,-1
6366,TRIPLE,1,1,1,False,-1
6367,TRIPLE,1,1,1,False,-1
6368,DOUBLE,0,1,1,False,-1
6369,TRIPLE,1,1,1,False,-1
6370,TRIPLE,1,1,1,False,-1
6371,TRIPLE,1,1,1,False,-1
6372,TRIPLE,1,1,1,False,-1
6373,DOUBLE,0,1,1,False,-1
6375,TRIPLE,1,1,1,False,-1
6376,TRIPLE,1,1,1,False,-1
6377,TRIPLE,1,1,1,False,-1
6378,TRIPLE,1,1,1,False,-1
6379,TRIPLE,1,1,1,False,-1
6380,DOUBLE,0,1,1,False,-1
6381,TRIPLE,1,1,1,False,-1
6382,SINGLE,0,0,1,False,-1
6383,SINGLE,0,0,1,False,-1
6384,TRIPLE,1,1,1,False,-1
6385,TRIPLE,1,1,1,False,-1
6386,TRIPLE,1,1,1,False,-1
6387,TRIPLE,1,1,1,False,-1
6388,TRIPLE,1,1,1,False,-1
6389,SINGLE,0,0,1,False,-1
6390,SINGLE,0,0,1,False,-1
6391,TRIPLE,1,1,1,False,-1
6392,TRIPLE,1,1,1,False,-1
6393,TRIPLE,1,1,1,False,-1
6394,TRIPLE,1,1,1,False,-1
6395,SINGLE,0,0,1,False,-1
6396,TRIPLE,1,1,1,False,-1
6397,TRIPLE,1,1,1,False,-1
6398,SINGLE,0,0,1,False,-1
6399,SINGLE,0,0,1,False,-1
6400,TRIPLE,1,1,1,False,-1
6401,DOUBLE,0,1,1,False,-1
6402,DOUBLE,0,1,1,False,-1
6403,TRIPLE,1,1,1,False,-1
6404,TRIPLE,1,1,1,False,-1
6405,TRIPLE,1,1,1,False,-1
6407,SINGLE,0,0,1,False,-1
6408,TRIPLE,1,1,1,False,-1
6409,TRIPLE,1,1,1,False,-1
6410,DOUBLE,0,1,1,False,-1
6411,SINGLE,0,0,1,False,-1
6412,SINGLE,0,0,1,False,-1
6413,TRIPLE,1,1,1,False,-1
6414,TRIPLE,1,1,1,False,-1
6415,TRIPLE,1,1,1,False,-1
6416,SINGLE,0,0,1,False,-1
6418,TRIPLE,1,1,1,False,-1
6419,TRIPLE,1,1,1,False,-1
6420,DOUBLE,0,1,1,False,-1
6421,TRIPLE,1,1,1,False,-1
6422,DOUBLE,0,1,1,False,-1
6423,TRIPLE,1,1,1,False,-1
6424,TRIPLE,1,1,1,False,-1
6425,DOUBLE,0,1,1,False,-1
6426,TRIPLE,1,1,1,False,-1
6427,TRIPLE,1,1,1,False,-1
6429,DOUBLE,0,1,1,False,-1
6430,SINGLE,0,0,1,False,-1
6431,TRIPLE,1,1,1,False,-1
6432,DOUBLE,0,1,1,False,-1
6433,SINGLE,0,0,1,False,-1
6434,DOUBLE,0,1,1,False,-1
6435,DOUBLE,0,1,1,False,-1
6436,SINGLE,0,0,1,False,-1
6437,TRIPLE,1,1,1,False,-1
6439,DOUBLE,0,1,1,False,-1
6440,TRIPLE,1,1,1,False,-1
6441,DOUBLE,0,1,1,False,-1
6442,TRIPLE,1,1,1,False,-1
6443,TRIPLE,1,1,1,False,-1
6444,TRIPLE,1,1,1,False,-1
6445,TRIPLE,1,1,1,False,-1
6447,TRIPLE,1,1,1,False,-1
6450,DOUBLE,0,1,1,False,-1
6451,DOUBLE,0,1,1,False,-1
6452,TRIPLE,1,1,1,False,-1
6454,TRIPLE,1,1,1,False,-1
6456,TRIPLE,1,1,1,False,-1
6458,DOUBLE,0,1,1,False,-1
6459,TRIPLE,1,1,1,False,-1
6460,TRIPLE,1,1,1,False,-1
6461,TRIPLE,1,1,1,False,-1
6462,TRIPLE,1,1,1,False,-1
6463,TRIPLE,1,1,1,False,-1
6464,TRIPLE,1,1,1,False,-1
6465,TRIPLE,1,1,1,False,-1
6466,SINGLE,0,0,1,False,-1
6467,TRIPLE,1,1,1,False,-1
6468,DOUBLE,0,1,1,False,-1
6469,DOUBLE,0,1,1,False,-1
6470,TRIPLE,1,1,1,False,-1
6471,TRIPLE,1,1,1,False,-1
6472,TRIPLE,1,1,1,False,-1
6473,TRIPLE,1,1,1,False,-1
6474,TRIPLE,1,1,1,False,-1
6475,TRIPLE,1,1,1,False,-1
6476,TRIPLE,1,1,1,False,-1
6477,TRIPLE,1,1,1,False,-1
6478,SINGLE,0,0,1,False,-1
6479,DOUBLE,0,1,1,False,-1
6480,DOUBLE,0,1,1,False,-1
6481,DOUBLE,0,1,1,False,-1
6482,DOUBLE,0,1,1,False,-1
6483,DOUBLE,0,1,1,False,-1
6484,TRIPLE,1,1,1,False,-1
6485,SINGLE,0,0,1,False,-1
6486,DOUBLE,0,1,1,False,-1
6488,DOUBLE,0,1,1,False,-1
6489,DOUBLE,0,1,1,False,-1
6491,DOUBLE,0,1,1,False,-1
6493,DOUBLE,0,1,1,False,-1
6494,TRIPLE,1,1,1,False,-1
6496,TRIPLE,1,1,1,False,-1
6497,SINGLE,0,0,1,False,-1
6499,DOUBLE,0,1,1,False,-1
6501,DOUBLE,0,1,1,False,-1
6502,SINGLE,0,0,1,False,-1
6503,TRIPLE,1,1,1,False,-1
6504,SINGLE,0,0,1,False,-1
6505,TRIPLE,1,1,1,False,-1
6506,TRIPLE,1,1,1,False,-1
6507,DOUBLE,0,1,1,False,-1
6508,TRIPLE,1,1,1,False,-1
6511,TRIPLE,1,1,1,False,-1
6512,TRIPLE,1,1,1,False,-1
6514,DOUBLE,0,1,1,False,-1
6515,DOUBLE,0,1,1,False,-1
6517,DOUBLE,0,1,1,False,-1
6518,TRIPLE,1,1,1,False,-1
6519,DOUBLE,0,1,1,False,-1
6520,TRIPLE,1,1,1,False,-1
6521,TRIPLE,1,1,1,False,-1
6522,DOUBLE,0,1,1,False,-1
6523,SINGLE,0,0,1,False,-1
6524,TRIPLE,1,1,1,False,-1
6525,TRIPLE,1,1,1,False,-1
6527,TRIPLE,1,1,1,False,-1
6529,DOUBLE,0,1,1,False,-1
6530,DOUBLE,0,1,1,False,-1
6531,SINGLE,0,0,1,False,-1
6532,DOUBLE,0,1,1,False,-1
6533,TRIPLE,1,1,1,False,-1
6534,TRIPLE,1,1,1,False,-1
6535,TRIPLE,1,1,1,False,-1
6536,SINGLE,0,0,1,False,-1
6537,SINGLE,0,0,1,False,-1
6538,DOUBLE,0,1,1,False,-1
6539,TRIPLE,1,1,1,False,-1
6540,TRIPLE,1,1,1,False,-1
6541,DOUBLE,0,1,1,False,-1
6542,TRIPLE,1,1,1,False,-1
6543,DOUBLE,0,1,1,False,-1
6544,SINGLE,0,0,1,False,-1
6545,DOUBLE,0,1,1,False,-1
6546,TRIPLE,1,1,1,False,-1
6547,SINGLE,0,0,1,False,-1
6549,DOUBLE,0,1,1,False,-1
6550,TRIPLE,1,1,1,False,-1
6551,TRIPLE,1,1,1,False,-1
6552,TRIPLE,1,1,1,False,-1
6553,TRIPLE,1,1,1,False,-1
6554,TRIPLE,1,1,1,False,-1
6555,TRIPLE,1,1,1,False,-1
6556,TRIPLE,1,1,1,False,-1
6557,SINGLE,0,0,1,False,-1
6558,DOUBLE,0,1,1,False,-1
6559,TRIPLE,1,1,1,False,-1
6560,TRIPLE,1,1,1,False,-1
6561,SINGLE,0,0,1,False,-1
6563,TRIPLE,1,1,1,False,-1
6564,TRIPLE,1,1,1,False,-1
6565,DOUBLE,0,1,1,False,-1
6566,TRIPLE,1,1,1,False,-1
6567,TRIPLE,1,1,1,False,-1
6568,TRIPLE,1,1,1,False,-1
6569,DOUBLE,0,1,1,False,-1
6570,SINGLE,0,0,1,False,-1
6571,DOUBLE,0,1,1,False,-1
6572,TRIPLE,1,1,1,False,-1
6573,DOUBLE,0,1,1,False,-1
6574,DOUBLE,0,1,1,False,-1
6575,TRIPLE,1,1,1,False,-1
6576,TRIPLE,1,1,1,False,-1
6577,TRIPLE,1,1,1,False,-1
6578,SINGLE,0,0,1,False,-1
6579,TRIPLE,1,1,1,False,-1
6580,TRIPLE,1,1,1,False,-1
6581,DOUBLE,0,1,1,False,-1
6584,TRIPLE,1,1,1,False,-1
6586,SINGLE,0,0,1,False,-1
6587,DOUBLE,0,1,1,False,-1
6588,TRIPLE,1,1,1,False,-1
6589,DOUBLE,0,1,1,False,-1
6590,TRIPLE,1,1,1,False,-1
6591,SINGLE,0,0,1,False,-1
6592,DOUBLE,0,1,1,False,-1
6593,TRIPLE,1,1,1,False,-1
6594,DOUBLE,0,1,1,False,-1
6595,TRIPLE,1,1,1,False,-1
6596,DOUBLE,0,1,1,False,-1
6597,SINGLE,0,0,1,False,-1
6598,TRIPLE,1,1,1,False,-1
6599,SINGLE,0,0,1,False,-1
6600,DOUBLE,0,1,1,False,-1
6601,TRIPLE,1,1,1,False,-1
6602,SINGLE,0,0,1,False,-1
6603,TRIPLE,1,1,1,False,-1
6604,DOUBLE,0,1,1,False,-1
6606,TRIPLE,1,1,1,False,-1
6607,DOUBLE,0,1,1,False,-1
6609,TRIPLE,1,1,1,False,-1
6610,TRIPLE,1,1,1,False,-1
6611,DOUBLE,0,1,1,False,-1
6612,TRIPLE,1,1,1,False,-1
6614,TRIPLE,1,1,1,False,-1
6615,TRIPLE,1,1,1,False,-1
6616,SINGLE,0,0,1,False,-1
6617,TRIPLE,1,1,1,False,-1
6618,SINGLE,0,0,1,False,-1
6620,TRIPLE,1,1,1,False,-1
6621,SINGLE,0,0,1,False,-1
6622,TRIPLE,1,1,1,False,-1
6623,TRIPLE,1,1,1,False,-1
6625,SINGLE,0,0,1,False,-1
6626,TRIPLE,1,1,1,False,-1
6627,TRIPLE,1,1,1,False,-1
6628,DOUBLE,0,1,1,False,-1
6629,TRIPLE,1,1,1,False,-1
6630,DOUBLE,0,1,1,False,-1
6632,DOUBLE,0,1,1,False,-1
6633,SINGLE,0,0,1,False,-1
6634,TRIPLE,1,1,1,False,-1
6635,TRIPLE,1,1,1,False,-1
6637,SINGLE,0,0,1,False,-1
6638,TRIPLE,1,1,1,False,-1
6639,DOUBLE,0,1,1,False,-1
6640,TRIPLE,1,1,1,False,-1
6642,TRIPLE,1,1,1,False,-1
6643,TRIPLE,1,1,1,False,-1
6644,DOUBLE,0,1,1,False,-1
6645,TRIPLE,1,1,1,False,-1
6646,DOUBLE,0,1,1,False,-1
6647,TRIPLE,1,1,1,False,-1
6649,TRIPLE,1,1,1,False,-1
6650,SINGLE,0,0,1,False,-1
6651,TRIPLE,1,1,1,False,-1
6652,DOUBLE,0,1,1,False,-1
6653,SINGLE,0,0,1,False,-1
6654,TRIPLE,1,1,1,False,-1
6655,TRIPLE,1,1,1,False,-1
6656,TRIPLE,1,1,1,False,-1
6658,TRIPLE,1,1,1,False,-1
6659,TRIPLE,1,1,1,False,-1
6660,DOUBLE,0,1,1,False,-1
6662,TRIPLE,1,1,1,False,-1
6663,TRIPLE,1,1,1,False,-1
6664,DOUBLE,0,1,1,False,-1
6665,TRIPLE,1,1,1,False,-1
6666,TRIPLE,1,1,1,False,-1
6667,SINGLE,0,0,1,False,-1
6668,DOUBLE,0,1,1,False,-1
6669,DOUBLE,0,1,1,False,-1
6670,DOUBLE,0,1,1,False,-1
6671,SINGLE,0,0,1,False,-1
6672,TRIPLE,1,1,1,False,-1
6673,TRIPLE,1,1,1,False,-1
6674,TRIPLE,1,1,1,False,-1
6675,DOUBLE,0,1,1,False,-1
6676,DOUBLE,0,1,1,False,-1
6677,TRIPLE,1,1,1,False,-1
6678,DOUBLE,0,1,1,False,-1
6679,TRIPLE,1,1,1,False,-1
6680,DOUBLE,0,1,1,False,-1
6681,TRIPLE,1,1,1,False,-1
6682,TRIPLE,1,1,1,False,-1
6684,TRIPLE,1,1,1,False,-1
6685,SINGLE,0,0,1,False,-1
6686,TRIPLE,1,1,1,False,-1
6688,SINGLE,0,0,1,False,-1
6689,SINGLE,0,0,1,False,-1
6690,SINGLE,0,0,1,False,-1
6692,TRIPLE,1,1,1,False,-1
6693,TRIPLE,1,1,1,False,-1
6694,TRIPLE,1,1,1,False,-1
6695,TRIPLE,1,1,1,False,-1
6696,TRIPLE,1,1,1,False,-1
6697,DOUBLE,0,1,1,False,-1
6698,SINGLE,0,0,1,False,-1
6699,TRIPLE,1,1,1,False,-1
6700,DOUBLE,0,1,1,False,-1
6701,SINGLE,0,0,1,False,-1
6702,TRIPLE,1,1,1,False,-1
6703,TRIPLE,1,1,1,False,-1
6705,TRIPLE,1,1,1,False,-1
6706,TRIPLE,1,1,1,False,-1
6707,DOUBLE,0,1,1,False,-1
6708,TRIPLE,1,1,1,False,-1
6709,TRIPLE,1,1,1,False,-1
6711,TRIPLE,1,1,1,False,-1
6712,SINGLE,0,0,1,False,-1
6713,TRIPLE,1,1,1,False,-1
6714,TRIPLE,1,1,1,False,-1
6715,TRIPLE,1,1,1,False,-1
6716,TRIPLE,1,1,1,False,-1
6717,TRIPLE,1,1,1,False,-1
6718,DOUBLE,0,1,1,False,-1
6719,DOUBLE,0,1,1,False,-1
6720,DOUBLE,0,1,1,False,-1
6721,DOUBLE,0,1,1,False,-1
6722,TRIPLE,1,1,1,False,-1
6723,DOUBLE,0,1,1,False,-1
6724,TRIPLE,1,1,1,False,-1
6725,TRIPLE,1,1,1,False,-1
6726,DOUBLE,0,1,1,False,-1
6727,SINGLE,0,0,1,False,-1
6728,TRIPLE,1,1,1,False,-1
6729,SINGLE,0,0,1,False,-1
6730,TRIPLE,1,1,1,False,-1
6731,TRIPLE,1,1,1,False,-1
6732,TRIPLE,1,1,1,False,-1
6733,TRIPLE,1,1,1,False,-1
6734,DOUBLE,0,1,1,False,-1
6735,TRIPLE,1,1,1,False,-1
6736,TRIPLE,1,1,1,False,-1
6737,DOUBLE,0,1,1,False,-1
6738,TRIPLE,1,1,1,False,-1
6739,TRIPLE,1,1,1,False,-1
6740,TRIPLE,1,1,1,False,-1
6741,TRIPLE,1,1,1,False,-1
6742,SINGLE,0,0,1,False,-1
6743,SINGLE,0,0,1,False,-1
6744,TRIPLE,1,1,1,False,-1
6745,DOUBLE,0,1,1,False,-1
6746,DOUBLE,0,1,1,False,-1
6747,TRIPLE,1,1,1,False,-1
6748,TRIPLE,1,1,1,False,-1
6749,TRIPLE,1,1,1,False,-1
6750,DOUBLE,0,1,1,False,-1
6751,DOUBLE,0,1,1,False,-1
6752,TRIPLE,1,1,1,False,-1
6753,SINGLE,0,0,1,False,-1
6754,TRIPLE,1,1,1,False,-1
6755,TRIPLE,1,1,1,False,-1
6756,DOUBLE,0,1,1,False,-1
6757,DOUBLE,0,1,1,False,-1
6758,TRIPLE,1,1,1,False,-1
6759,TRIPLE,1,1,1,False,-1
6760,TRIPLE,1,1,1,False,-1
6761,TRIPLE,1,1,1,False,-1
6762,TRIPLE,1,1,1,False,-1
6764,DOUBLE,0,1,1,False,-1
6765,TRIPLE,1,1,1,False,-1
6766,SINGLE,0,0,1,False,-1
6767,DOUBLE,0,1,1,False,-1
6768,TRIPLE,1,1,1,False,-1
6769,DOUBLE,0,1,1,False,-1
6770,TRIPLE,1,1,1,False,-1
6771,TRIPLE,1,1,1,False,-1
6772,TRIPLE,1,1,1,False,-1
6773,TRIPLE,1,1,1,False,-1
6775,TRIPLE,1,1,1,False,-1
6776,DOUBLE,0,1,1,False,-1
6777,TRIPLE,1,1,1,False,-1
6778,TRIPLE,1,1,1,False,-1
6779,TRIPLE,1,1,1,False,-1
6780,DOUBLE,0,1,1,False,-1
6781,DOUBLE,0,1,1,False,-1
6782,TRIPLE,1,1,1,False,-1
6783,DOUBLE,0,1,1,False,-1
6785,TRIPLE,1,1,1,False,-1
6786,TRIPLE,1,1,1,False,-1
6787,TRIPLE,1,1,1,False,-1
6788,TRIPLE,1,1,1,False,-1
6789,DOUBLE,0,1,1,False,-1
6790,TRIPLE,1,1,1,False,-1
6791,SINGLE,0,0,1,False,-1
6792,TRIPLE,1,1,1,False,-1
6793,DOUBLE,0,1,1,False,-1
6794,DOUBLE,0,1,1,False,-1
6795,DOUBLE,0,1,1,False,-1
6796,DOUBLE,0,1,1,False,-1
6798,TRIPLE,1,1,1,False,-1
6799,TRIPLE,1,1,1,False,-1
6800,SINGLE,0,0,1,False,-1
6801,DOUBLE,0,1,1,False,-1
6802,TRIPLE,1,1,1,False,-1
6803,TRIPLE,1,1,1,False,-1
6804,SINGLE,0,0,1,False,-1
6805,DOUBLE,0,1,1,False,-1
6806,TRIPLE,1,1,1,False,-1
6807,DOUBLE,0,1,1,False,-1
6809,DOUBLE,0,1,1,False,-1
6810,TRIPLE,1,1,1,False,-1
6811,SINGLE,0,0,1,False,-1
6812,TRIPLE,1,1,1,False,-1
6813,TRIPLE,1,1,1,False,-1
6814,DOUBLE,0,1,1,False,-1
6816,TRIPLE,1,1,1,False,-1
6817,TRIPLE,1,1,1,False,-1
6818,TRIPLE,1,1,1,False,-1
6819,SINGLE,0,0,1,False,-1
6820,TRIPLE,1,1,1,False,-1
6822,TRIPLE,1,1,1,False,-1
6823,TRIPLE,1,1,1,False,-1
6824,TRIPLE,1,1,1,False,-1
6825,DOUBLE,0,1,1,False,-1
6826,TRIPLE,1,1,1,False,-1
6827,TRIPLE,1,1,1,False,-1
6828,TRIPLE,1,1,1,False,-1
6829,SINGLE,0,0,1,False,-1
6830,DOUBLE,0,1,1,False,-1
6831,SINGLE,0,0,1,False,-1
6832,DOUBLE,0,1,1,False,-1
6833,TRIPLE,1,1,1,False,-1
6834,TRIPLE,1,1,1,False,-1
6835,DOUBLE,0,1,1,False,-1
6836,TRIPLE,1,1,1,False,-1
6837,SINGLE,0,0,1,False,-1
6838,DOUBLE,0,1,1,False,-1
6839,TRIPLE,1,1,1,False,-1
6840,DOUBLE,0,1,1,False,-1
6841,DOUBLE,0,1,1,False,-1
6842,TRIPLE,1,1,1,False,-1
6843,TRIPLE,1,1,1,False,-1
6844,DOUBLE,0,1,1,False,-1
6846,DOUBLE,0,1,1,False,-1
6847,SINGLE,0,0,1,False,-1
6848,TRIPLE,1,1,1,False,-1
6850,TRIPLE,1,1,1,False,-1
6851,DOUBLE,0,1,1,False,-1
6852,DOUBLE,0,1,1,False,-1
6853,SINGLE,0,0,1,False,-1
6854,TRIPLE,1,1,1,False,-1
6855,DOUBLE,0,1,1,False,-1
6856,DOUBLE,0,1,1,False,-1
6857,TRIPLE,1,1,1,False,-1
6858,DOUBLE,0,1,1,False,-1
6859,TRIPLE,1,1,1,False,-1
6860,TRIPLE,1,1,1,False,-1
6861,TRIPLE,1,1,1,False,-1
6862,DOUBLE,0,1,1,False,-1
6863,TRIPLE,1,1,1,False,-1
6866,TRIPLE,1,1,1,False,-1
6867,TRIPLE,1,1,1,False,-1
6868,DOUBLE,0,1,1,False,-1
6869,DOUBLE,0,1,1,False,-1
6870,TRIPLE,1,1,1,False,-1
6871,DOUBLE,0,1,1,False,-1
6872,DOUBLE,0,1,1,False,-1
6873,TRIPLE,1,1,1,False,-1
6874,TRIPLE,1,1,1,False,-1
6875,TRIPLE,1,1,1,False,-1
6876,DOUBLE,0,1,1,False,-1
6877,SINGLE,0,0,1,False,-1
6878,DOUBLE,0,1,1,False,-1
6879,DOUBLE,0,1,1,False,-1
6880,TRIPLE,1,1,1,False,-1
6881,TRIPLE,1,1,1,False,-1
6882,DOUBLE,0,1,1,False,-1
6883,TRIPLE,1,1,1,False,-1
6884,TRIPLE,1,1,1,False,-1
6886,TRIPLE,1,1,1,False,-1
6887,TRIPLE,1,1,1,False,-1
6888,DOUBLE,0,1,1,False,-1
6889,SINGLE,0,0,1,False,-1
6890,DOUBLE,0,1,1,False,-1
6891,TRIPLE,1,1,1,False,-1
6892,TRIPLE,1,1,1,False,-1
6893,DOUBLE,0,1,1,False,-1
6894,DOUBLE,0,1,1,False,-1
6895,TRIPLE,1,1,1,False,-1
6896,DOUBLE,0,1,1,False,-1
6897,DOUBLE,0,1,1,False,-1
6898,TRIPLE,1,1,1,False,-1
6900,SINGLE,0,0,1,False,-1
6901,DOUBLE,0,1,1,False,-1
6902,SINGLE,0,0,1,False,-1
6903,TRIPLE,1,1,1,False,-1
6904,TRIPLE,1,1,1,False,-1
6905,DOUBLE,0,1,1,False,-1
6906,TRIPLE,1,1,1,False,-1
6907,TRIPLE,1,1,1,False,-1
6908,TRIPLE,1,1,1,False,-1
6910,TRIPLE,1,1,1,False,-1
6911,TRIPLE,1,1,1,False,-1
6912,TRIPLE,1,1,1,False,-1
6914,SINGLE,0,0,1,False,-1
6915,SINGLE,0,0,1,False,-1
6916,DOUBLE,0,1,1,False,-1
6917,TRIPLE,1,1,1,False,-1
6918,TRIPLE,1,1,1,False,-1
6919,TRIPLE,1,1,1,False,-1
6920,TRIPLE,1,1,1,False,-1
6921,TRIPLE,1,1,1,False,-1
6924,SINGLE,0,0,1,False,-1
6925,TRIPLE,1,1,1,False,-1
6927,DOUBLE,0,1,1,False,-1
6928,TRIPLE,1,1,1,False,-1
6929,TRIPLE,1,1,1,False,-1
6930,TRIPLE,1,1,1,False,-1
6931,TRIPLE,1,1,1,False,-1
6932,DOUBLE,0,1,1,False,-1
6933,TRIPLE,1,1,1,False,-1
6934,TRIPLE,1,1,1,False,-1
6935,TRIPLE,1,1,1,False,-1
6936,SINGLE,0,0,1,False,-1
6938,TRIPLE,1,1,1,False,-1
6940,TRIPLE,1,1,1,False,-1
6941,SINGLE,0,0,1,False,-1
6942,DOUBLE,0,1,1,False,-1
6943,SINGLE,0,0,1,False,-1
6944,SINGLE,0,0,1,False,-1
6945,TRIPLE,1,1,1,False,-1
6946,TRIPLE,1,1,1,False,-1
6948,TRIPLE,1,1,1,False,-1
6949,TRIPLE,1,1,1,False,-1
6951,DOUBLE,0,1,1,False,-1
6952,SINGLE,0,0,1,False,-1
6953,TRIPLE,1,1,1,False,-1
6954,SINGLE,0,0,1,False,-1
6955,DOUBLE,0,1,1,False,-1
6956,TRIPLE,1,1,1,False,-1
6957,TRIPLE,1,1,1,False,-1
6958,DOUBLE,0,1,1,False,-1
6959,TRIPLE,1,1,1,False,-1
6960,DOUBLE,0,1,1,False,-1
6961,TRIPLE,1,1,1,False,-1
6962,DOUBLE,0,1,1,False,-1
6963,DOUBLE,0,1,1,False,-1
6965,TRIPLE,1,1,1,False,-1
6966,SINGLE,0,0,1,False,-1
6967,DOUBLE,0,1,1,False,-1
6968,DOUBLE,0,1,1,False,-1
6969,DOUBLE,0,1,1,False,-1
6970,TRIPLE,1,1,1,False,-1
6971,DOUBLE,0,1,1,False,-1
6972,DOUBLE,0,1,1,False,-1
6973,TRIPLE,1,1,1,False,-1
6974,DOUBLE,0,1,1,False,-1
6976,TRIPLE,1,1,1,False,-1
6977,DOUBLE,0,1,1,False,-1
6978,TRIPLE,1,1,1,False,-1
6979,TRIPLE,1,1,1,False,-1
6981,TRIPLE,1,1,1,False,-1
6983,SINGLE,0,0,1,False,-1
6984,TRIPLE,1,1,1,False,-1
6985,TRIPLE,1,1,1,False,-1
6986,DOUBLE,0,1,1,False,-1
6987,DOUBLE,0,1,1,False,-1
6989,DOUBLE,0,1,1,False,-1
6990,DOUBLE,0,1,1,False,-1
6991,TRIPLE,1,1,1,False,-1
6992,SINGLE,0,0,1,False,-1
6993,TRIPLE,1,1,1,False,-1
6994,TRIPLE,1,1,1,False,-1
6995,TRIPLE,1,1,1,False,-1
6996,TRIPLE,1,1,1,False,-1
6997,TRIPLE,1,1,1,False,-1
6998,TRIPLE,1,1,1,False,-1
6999,TRIPLE,1,1,1,False,-1
7000,DOUBLE,0,1,1,False,-1
7001,DOUBLE,0,1,1,False,-1
7002,DOUBLE,0,1,1,False,-1
7003,TRIPLE,1,1,1,False,-1
7004,DOUBLE,0,1,1,False,-1
7006,TRIPLE,1,1,1,False,-1
7007,TRIPLE,1,1,1,False,-1
7008,TRIPLE,1,1,1,False,-1
7010,DOUBLE,0,1,1,False,-1
7011,SINGLE,0,0,1,False,-1
7012,TRIPLE,1,1,1,False,-1
7014,TRIPLE,1,1,1,False,-1
7016,TRIPLE,1,1,1,False,-1
7017,TRIPLE,1,1,1,False,-1
7019,DOUBLE,0,1,1,False,-1
7020,TRIPLE,1,1,1,False,-1
7021,SINGLE,0,0,1,False,-1
7022,TRIPLE,1,1,1,False,-1
7023,DOUBLE,0,1,1,False,-1
7024,TRIPLE,1,1,1,False,-1
7025,DOUBLE,0,1,1,False,-1
7026,TRIPLE,1,1,1,False,-1
7027,TRIPLE,1,1,1,False,-1
7028,TRIPLE,1,1,1,False,-1
7029,TRIPLE,1,1,1,False,-1
7030,TRIPLE,1,1,1,False,-1
7031,DOUBLE,0,1,1,False,-1
7032,TRIPLE,1,1,1,False,-1
7033,DOUBLE,0,1,1,False,-1
7034,TRIPLE,1,1,1,False,-1
7035,TRIPLE,1,1,1,False,-1
7036,TRIPLE,1,1,1,False,-1
7037,TRIPLE,1,1,1,False,-1
7038,DOUBLE,0,1,1,False,-1
7040,DOUBLE,0,1,1,False,-1
7041,DOUBLE,0,1,1,False,-1
7042,DOUBLE,0,1,1,False,-1
7044,DOUBLE,0,1,1,False,-1
7045,TRIPLE,1,1,1,False,-1
7047,DOUBLE,0,1,1,False,-1
7048,TRIPLE,1,1,1,False,-1
7049,TRIPLE,1,1,1,False,-1
7050,TRIPLE,1,1,1,False,-1
7051,TRIPLE,1,1,1,False,-1
7052,TRIPLE,1,1,1,False,-1
7053,TRIPLE,1,1,1,False,-1
7054,DOUBLE,0,1,1,False,-1
7055,TRIPLE,1,1,1,False,-1
7056,TRIPLE,1,1,1,False,-1
7057,TRIPLE,1,1,1,False,-1
7059,DOUBLE,0,1,1,False,-1
7060,SINGLE,0,0,1,False,-1
7061,SINGLE,0,0,1,False,-1
7062,DOUBLE,0,1,1,False,-1
7063,TRIPLE,1,1,1,False,-1
7064,TRIPLE,1,1,1,False,-1
7065,SINGLE,0,0,1,False,-1
7067,TRIPLE,1,1,1,False,-1
7068,SINGLE,0,0,1,False,-1
7070,TRIPLE,1,1,1,False,-1
7071,TRIPLE,1,1,1,False,-1
7072,TRIPLE,1,1,1,False,-1
7073,TRIPLE,1,1,1,False,-1
7074,SINGLE,0,0,1,False,-1
7075,TRIPLE,1,1,1,False,-1
7077,DOUBLE,0,1,1,False,-1
7078,SINGLE,0,0,1,False,-1
7079,SINGLE,0,0,1,False,-1
7080,SINGLE,0,0,1,False,-1
7081,DOUBLE,0,1,1,False,-1
7082,TRIPLE,1,1,1,False,-1
7083,TRIPLE,1,1,1,False,-1
7084,DOUBLE,0,1,1,False,-1
7085,TRIPLE,1,1,1,False,-1
7086,SINGLE,0,0,1,False,-1
7087,TRIPLE,1,1,1,False,-1
7088,DOUBLE,0,1,1,False,-1
7089,TRIPLE,1,1,1,False,-1
7090,TRIPLE,1,1,1,False,-1
7091,SINGLE,0,0,1,False,-1
7092,TRIPLE,1,1,1,False,-1
7093,TRIPLE,1,1,1,False,-1
7094,DOUBLE,0,1,1,False,-1
7095,DOUBLE,0,1,1,False,-1
7096,TRIPLE,1,1,1,False,-1
7097,DOUBLE,0,1,1,False,-1
7099,SINGLE,0,0,1,False,-1
7100,DOUBLE,0,1,1,False,-1
7101,SINGLE,0,0,1,False,-1
7102,TRIPLE,1,1,1,False,-1
7103,SINGLE,0,0,1,False,-1
7104,TRIPLE,1,1,1,False,-1
7105,TRIPLE,1,1,1,False,-1
7106,SINGLE,0,0,1,False,-1
7107,TRIPLE,1,1,1,False,-1
7108,TRIPLE,1,1,1,False,-1
7109,SINGLE,0,0,1,False,-1
7110,TRIPLE,1,1,1,False,-1
7111,TRIPLE,1,1,1,False,-1
7112,TRIPLE,1,1,1,False,-1
7113,TRIPLE,1,1,1,False,-1
7114,SINGLE,0,0,1,False,-1
7116,DOUBLE,0,1,1,False,-1
7117,SINGLE,0,0,1,False,-1
7118,DOUBLE,0,1,1,False,-1
7119,DOUBLE,0,1,1,False,-1
7120,TRIPLE,1,1,1,False,-1
7121,TRIPLE,1,1,1,False,-1
7122,SINGLE,0,0,1,False,-1
7123,TRIPLE,1,1,1,False,-1
7124,TRIPLE,1,1,1,False,-1
7125,DOUBLE,0,1,1,False,-1
7127,TRIPLE,1,1,1,False,-1
7128,DOUBLE,0,1,1,False,-1
7129,TRIPLE,1,1,1,False,-1
7130,DOUBLE,0,1,1,False,-1
7131,DOUBLE,0,1,1,False,-1
7132,TRIPLE,1,1,1,False,-1
7133,TRIPLE,1,1,1,False,-1
7134,TRIPLE,1,1,1,False,-1
7135,SINGLE,0,0,1,False,-1
7136,TRIPLE,1,1,1,False,-1
7137,SINGLE,0,0,1,False,-1
7138,TRIPLE,1,1,1,False,-1
7140,TRIPLE,1,1,1,False,-1
7141,DOUBLE,0,1,1,False,-1
7142,TRIPLE,1,1,1,False,-1
7143,TRIPLE,1,1,1,False,-1
7144,TRIPLE,1,1,1,False,-1
7145,TRIPLE,1,1,1,False,-1
7146,DOUBLE,0,1,1,False,-1
7147,DOUBLE,0,1,1,False,-1
7148,TRIPLE,1,1,1,False,-1
7149,SINGLE,0,0,1,False,-1
7150,SINGLE,0,0,1,False,-1
7151,DOUBLE,0,1,1,False,-1
7152,DOUBLE,0,1,1,False,-1
7153,DOUBLE,0,1,1,False,-1
7154,TRIPLE,1,1,1,False,-1
7155,TRIPLE,1,1,1,False,-1
7156,TRIPLE,1,1,1,False,-1
7157,DOUBLE,0,1,1,False,-1
7158,TRIPLE,1,1,1,False,-1
7159,DOUBLE,0,1,1,False,-1
7160,DOUBLE,0,1,1,False,-1
7161,SINGLE,0,0,1,False,-1
7162,SINGLE,0,0,1,False,-1
7163,TRIPLE,1,1,1,False,-1
7164,TRIPLE,1,1,1,False,-1
7165,DOUBLE,0,1,1,False,-1
7166,TRIPLE,1,1,1,False,-1
7168,DOUBLE,0,1,1,False,-1
7169,TRIPLE,1,1,1,False,-1
7170,SINGLE,0,0,1,False,-1
7171,DOUBLE,0,1,1,False,-1
7172,DOUBLE,0,1,1,False,-1
7173,TRIPLE,1,1,1,False,-1
7174,TRIPLE,1,1,1,False,-1
7175,TRIPLE,1,1,1,False,-1
7176,DOUBLE,0,1,1,False,-1
7177,SINGLE,0,0,1,False,-1
7178,SINGLE,0,0,1,False,-1
7179,TRIPLE,1,1,1,False,-1
7181,SINGLE,0,0,1,False,-1
7182,DOUBLE,0,1,1,False,-1
7183,DOUBLE,0,1,1,False,-1
7184,TRIPLE,1,1,1,False,-1
7186,SINGLE,0,0,1,False,-1
7187,DOUBLE,0,1,1,False,-1
7188,DOUBLE,0,1,1,False,-1
7189,DOUBLE,0,1,1,False,-1
7190,SINGLE,0,0,1,False,-1
7191,TRIPLE,1,1,1,False,-1
7192,TRIPLE,1,1,1,False,-1
7193,TRIPLE,1,1,1,False,-1
7194,TRIPLE,1,1,1,False,-1
7195,DOUBLE,0,1,1,False,-1
7196,DOUBLE,0,1,1,False,-1
7197,TRIPLE,1,1,1,False,-1
7198,DOUBLE,0,1,1,False,-1
7199,TRIPLE,1,1,1,False,-1
7200,DOUBLE,0,1,1,False,-1
7201,TRIPLE,1,1,1,False,-1
7202,SINGLE,0,0,1,False,-1
7203,TRIPLE,1,1,1,False,-1
7204,TRIPLE,1,1,1,False,-1
7205,TRIPLE,1,1,1,False,-1
7206,DOUBLE,0,1,1,False,-1
7207,SINGLE,0,0,1,False,-1
7208,TRIPLE,1,1,1,False,-1
7209,TRIPLE,1,1,1,False,-1
7210,SINGLE,0,0,1,False,-1
7211,SINGLE,0,0,1,False,-1
7212,TRIPLE,1,1,1,False,-1
7213,DOUBLE,0,1,1,False,-1
7214,DOUBLE,0,1,1,False,-1
7215,TRIPLE,1,1,1,False,-1
7216,SINGLE,0,0,1,False,-1
7217,TRIPLE,1,1,1,False,-1
7218,TRIPLE,1,1,1,False,-1
7219,TRIPLE,1,1,1,False,-1
7220,TRIPLE,1,1,1,False,-1
7221,TRIPLE,1,1,1,False,-1
7222,TRIPLE,1,1,1,False,-1
7225,DOUBLE,0,1,1,False,-1
7226,DOUBLE,0,1,1,False,-1
7227,TRIPLE,1,1,1,False,-1
7229,TRIPLE,1,1,1,False,-1
7230,TRIPLE,1,1,1,False,-1
7231,TRIPLE,1,1,1,False,-1
7232,TRIPLE,1,1,1,False,-1
7233,TRIPLE,1,1,1,False,-1
7234,SINGLE,0,0,1,False,-1
7237,TRIPLE,1,1,1,False,-1
7238,DOUBLE,0,1,1,False,-1
7239,TRIPLE,1,1,1,False,-1
7240,DOUBLE,0,1,1,False,-1
7241,TRIPLE,1,1,1,False,-1
7242,TRIPLE,1,1,1,False,-1
7243,DOUBLE,0,1,1,False,-1
7244,DOUBLE,0,1,1,False,-1
7245,TRIPLE,1,1,1,False,-1
7246,TRIPLE,1,1,1,False,-1
7247,TRIPLE,1,1,1,False,-1
7249,TRIPLE,1,1,1,False,-1
7250,TRIPLE,1,1,1,False,-1
7251,TRIPLE,1,1,1,False,-1
7252,TRIPLE,1,1,1,False,-1
7253,TRIPLE,1,1,1,False,-1
7254,SINGLE,0,0,1,False,-1
7255,TRIPLE,1,1,1,False,-1
7256,SINGLE,0,0,1,False,-1
7257,DOUBLE,0,1,1,False,-1
7258,TRIPLE,1,1,1,False,-1
7260,TRIPLE,1,1,1,False,-1
7261,TRIPLE,1,1,1,False,-1
7262,TRIPLE,1,1,1,False,-1
7263,TRIPLE,1,1,1,False,-1
7264,DOUBLE,0,1,1,False,-1
7265,SINGLE,0,0,1,False,-1
7266,TRIPLE,1,1,1,False,-1
7267,TRIPLE,1,1,1,False,-1
7268,TRIPLE,1,1,1,False,-1
7269,TRIPLE,1,1,1,False,-1
7270,TRIPLE,1,1,1,False,-1
7271,TRIPLE,1,1,1,False,-1
7272,TRIPLE,1,1,1,False,-1
7273,TRIPLE,1,1,1,False,-1
7274,SINGLE,0,0,1,False,-1
7277,TRIPLE,1,1,1,False,-1
7278,TRIPLE,1,1,1,False,-1
7279,TRIPLE,1,1,1,False,-1
7280,TRIPLE,1,1,1,False,-1
7281,SINGLE,0,0,1,False,-1
7282,TRIPLE,1,1,1,False,-1
7283,TRIPLE,1,1,1,False,-1
7284,TRIPLE,1,1,1,False,-1
7285,TRIPLE,1,1,1,False,-1
7286,TRIPLE,1,1,1,False,-1
7287,DOUBLE,0,1,1,False,-1
7288,TRIPLE,1,1,1,False,-1
7289,DOUBLE,0,1,1,False,-1
7290,DOUBLE,0,1,1,False,-1
7291,TRIPLE,1,1,1,False,-1
7292,DOUBLE,0,1,1,False,-1
7294,DOUBLE,0,1,1,False,-1
7295,TRIPLE,1,1,1,False,-1
7296,DOUBLE,0,1,1,False,-1
7297,TRIPLE,1,1,1,False,-1
7299,TRIPLE,1,1,1,False,-1
7300,SINGLE,0,0,1,False,-1
7301,TRIPLE,1,1,1,False,-1
7302,TRIPLE,1,1,1,False,-1
7303,DOUBLE,0,1,1,False,-1
7304,DOUBLE,0,1,1,False,-1
7305,TRIPLE,1,1,1,False,-1
7306,SINGLE,0,0,1,False,-1
7307,DOUBLE,0,1,1,False,-1
7308,SINGLE,0,0,1,False,-1
7309,TRIPLE,1,1,1,False,-1
7310,DOUBLE,0,1,1,False,-1
7311,TRIPLE,1,1,1,False,-1
7312,TRIPLE,1,1,1,False,-1
7313,TRIPLE,1,1,1,False,-1
7314,DOUBLE,0,1,1,False,-1
7315,SINGLE,0,0,1,False,-1
7316,TRIPLE,1,1,1,False,-1
7317,TRIPLE,1,1,1,False,-1
7319,TRIPLE,1,1,1,False,-1
7321,TRIPLE,1,1,1,False,-1
7322,SINGLE,0,0,1,False,-1
7323,TRIPLE,1,1,1,False,-1
7324,DOUBLE,0,1,1,False,-1
7325,TRIPLE,1,1,1,False,-1
7326,TRIPLE,1,1,1,False,-1
7327,TRIPLE,1,1,1,False,-1
7328,TRIPLE,1,1,1,False,-1
7329,DOUBLE,0,1,1,False,-1
7330,TRIPLE,1,1,1,False,-1
7331,DOUBLE,0,1,1,False,-1
7332,TRIPLE,1,1,1,False,-1
7333,TRIPLE,1,1,1,False,-1
7334,TRIPLE,1,1,1,False,-1
7335,TRIPLE,1,1,1,False,-1
7336,SINGLE,0,0,1,False,-1
7337,TRIPLE,1,1,1,False,-1
7338,TRIPLE,1,1,1,False,-1
7339,TRIPLE,1,1,1,False,-1
7340,DOUBLE,0,1,1,False,-1
7341,DOUBLE,0,1,1,False,-1
7342,DOUBLE,0,1,1,False,-1
7343,SINGLE,0,0,1,False,-1
7344,DOUBLE,0,1,1,False,-1
7345,DOUBLE,0,1,1,False,-1
7346,TRIPLE,1,1,1,False,-1
7347,TRIPLE,1,1,1,False,-1
7349,DOUBLE,0,1,1,False,-1
7350,SINGLE,0,0,1,False,-1
7351,DOUBLE,0,1,1,False,-1
7352,TRIPLE,1,1,1,False,-1
7353,TRIPLE,1,1,1,False,-1
7355,SINGLE,0,0,1,False,-1
7356,TRIPLE,1,1,1,False,-1
7357,DOUBLE,0,1,1,False,-1
7358,SINGLE,0,0,1,False,-1
7359,TRIPLE,1,1,1,False,-1
7361,TRIPLE,1,1,1,False,-1
7362,TRIPLE,1,1,1,False,-1
7363,TRIPLE,1,1,1,False,-1
7366,TRIPLE,1,1,1,False,-1
7367,TRIPLE,1,1,1,False,-1
7368,DOUBLE,0,1,1,False,-1
7369,DOUBLE,0,1,1,False,-1
7372,SINGLE,0,0,1,False,-1
7373,TRIPLE,1,1,1,False,-1
7374,DOUBLE,0,1,1,False,-1
7375,TRIPLE,1,1,1,False,-1
7377,DOUBLE,0,1,1,False,-1
7379,TRIPLE,1,1,1,False,-1
7380,DOUBLE,0,1,1,False,-1
7382,TRIPLE,1,1,1,False,-1
7383,TRIPLE,1,1,1,False,-1
7385,TRIPLE,1,1,1,False,-1
7386,SINGLE,0,0,1,False,-1
7387,DOUBLE,0,1,1,False,-1
7388,DOUBLE,0,1,1,False,-1
7389,SINGLE,0,0,1,False,-1
7390,SINGLE,0,0,1,False,-1
7391,TRIPLE,1,1,1,False,-1
7392,TRIPLE,1,1,1,False,-1
7393,DOUBLE,0,1,1,False,-1
7394,DOUBLE,0,1,1,False,-1
7395,TRIPLE,1,1,1,False,-1
7396,TRIPLE,1,1,1,False,-1
7397,DOUBLE,0,1,1,False,-1
7398,TRIPLE,1,1,1,False,-1
7399,DOUBLE,0,1,1,False,-1
7400,DOUBLE,0,1,1,False,-1
7401,SINGLE,0,0,1,False,-1
7402,TRIPLE,1,1,1,False,-1
7403,TRIPLE,1,1,1,False,-1
7404,TRIPLE,1,1,1,False,-1
7405,SINGLE,0,0,1,False,-1
7406,TRIPLE,1,1,1,False,-1
7407,SINGLE,0,0,1,False,-1
7410,DOUBLE,0,1,1,False,-1
7411,TRIPLE,1,1,1,False,-1
7412,DOUBLE,0,1,1,False,-1
7413,DOUBLE,0,1,1,False,-1
7414,TRIPLE,1,1,1,False,-1
7415,DOUBLE,0,1,1,False,-1
7416,TRIPLE,1,1,1,False,-1
7417,TRIPLE,1,1,1,False,-1
7418,DOUBLE,0,1,1,False,-1
7419,TRIPLE,1,1,1,False,-1
7420,DOUBLE,0,1,1,False,-1
7421,DOUBLE,0,1,1,False,-1
7422,TRIPLE,1,1,1,False,-1
7423,TRIPLE,1,1,1,False,-1
7424,DOUBLE,0,1,1,False,-1
7425,SINGLE,0,0,1,False,-1
7426,DOUBLE,0,1,1,False,-1
7427,SINGLE,0,0,1,False,-1
7428,TRIPLE,1,1,1,False,-1
7429,DOUBLE,0,1,1,False,-1
7430,TRIPLE,1,1,1,False,-1
7431,TRIPLE,1,1,1,False,-1
7432,SINGLE,0,0,1,False,-1
7434,TRIPLE,1,1,1,False,-1
7435,TRIPLE,1,1,1,False,-1
7436,DOUBLE,0,1,1,False,-1
7437,TRIPLE,1,1,1,False,-1
7438,DOUBLE,0,1,1,False,-1
7439,TRIPLE,1,1,1,False,-1
7441,SINGLE,0,0,1,False,-1
7442,DOUBLE,0,1,1,False,-1
7443,TRIPLE,1,1,1,False,-1
7444,DOUBLE,0,1,1,False,-1
7445,TRIPLE,1,1,1,False,-1
7446,DOUBLE,0,1,1,False,-1
7447,TRIPLE,1,1,1,False,-1
7449,TRIPLE,1,1,1,False,-1
7450,DOUBLE,0,1,1,False,-1
7451,DOUBLE,0,1,1,False,-1
7452,TRIPLE,1,1,1,False,-1
7454,TRIPLE,1,1,1,False,-1
7455,TRIPLE,1,1,1,False,-1
7457,TRIPLE,1,1,1,False,-1
7458,TRIPLE,1,1,1,False,-1
7459,TRIPLE,1,1,1,False,-1
7460,DOUBLE,0,1,1,False,-1
7461,TRIPLE,1,1,1,False,-1
7462,TRIPLE,1,1,1,False,-1
7463,TRIPLE,1,1,1,False,-1
7464,TRIPLE,1,1,1,False,-1
7465,TRIPLE,1,1,1,False,-1
7466,DOUBLE,0,1,1,False,-1
7467,DOUBLE,0,1,1,False,-1
7468,DOUBLE,0,1,1,False,-1
7469,DOUBLE,0,1,1,False,-1
7471,DOUBLE,0,1,1,False,-1
7472,DOUBLE,0,1,1,False,-1
7473,DOUBLE,0,1,1,False,-1
7474,DOUBLE,0,1,1,False,-1
7475,SINGLE,0,0,1,False,-1
7476,DOUBLE,0,1,1,False,-1
7477,SINGLE,0,0,1,False,-1
7478,TRIPLE,1,1,1,False,-1
7479,TRIPLE,1,1,1,False,-1
7480,SINGLE,0,0,1,False,-1
7481,TRIPLE,1,1,1,False,-1
7482,DOUBLE,0,1,1,False,-1
7483,TRIPLE,1,1,1,False,-1
7485,TRIPLE,1,1,1,False,-1
7486,TRIPLE,1,1,1,False,-1
7487,SINGLE,0,0,1,False,-1
7488,TRIPLE,1,1,1,False,-1
7489,TRIPLE,1,1,1,False,-1
7490,DOUBLE,0,1,1,False,-1
7491,TRIPLE,1,1,1,False,-1
7492,DOUBLE,0,1,1,False,-1
7493,DOUBLE,0,1,1,False,-1
7494,DOUBLE,0,1,1,False,-1
7495,TRIPLE,1,1,1,False,-1
7496,DOUBLE,0,1,1,False,-1
7497,TRIPLE,1,1,1,False,-1
7498,TRIPLE,1,1,1,False,-1
7499,DOUBLE,0,1,1,False,-1
7500,TRIPLE,1,1,1,False,-1
7501,TRIPLE,1,1,1,False,-1
7503,DOUBLE,0,1,1,False,-1
7504,TRIPLE,1,1,1,False,-1
7505,TRIPLE,1,1,1,False,-1
7506,SINGLE,0,0,1,False,-1
7508,DOUBLE,0,1,1,False,-1
7509,TRIPLE,1,1,1,False,-1
7510,TRIPLE,1,1,1,False,-1
7511,TRIPLE,1,1,1,False,-1
7512,SINGLE,0,0,1,False,-1
7513,TRIPLE,1,1,1,False,-1
7514,TRIPLE,1,1,1,False,-1
7515,TRIPLE,1,1,1,False,-1
7516,DOUBLE,0,1,1,False,-1
7517,TRIPLE,1,1,1,False,-1
7518,DOUBLE,0,1,1,False,-1
7519,TRIPLE,1,1,1,False,-1
7520,DOUBLE,0,1,1,False,-1
7521,DOUBLE,0,1,1,False,-1
7522,TRIPLE,1,1,1,False,-1
7523,SINGLE,0,0,1,False,-1
7524,DOUBLE,0,1,1,False,-1
7525,SINGLE,0,0,1,False,-1
7526,TRIPLE,1,1,1,False,-1
7527,DOUBLE,0,1,1,False,-1
7528,SINGLE,0,0,1,False,-1
7529,DOUBLE,0,1,1,False,-1
7530,DOUBLE,0,1,1,False,-1
7531,TRIPLE,1,1,1,False,-1
7532,TRIPLE,1,1,1,False,-1
7533,DOUBLE,0,1,1,False,-1
7534,DOUBLE,0,1,1,False,-1
7535,DOUBLE,0,1,1,False,-1
7536,DOUBLE,0,1,1,False,-1
7537,DOUBLE,0,1,1,False,-1
7540,SINGLE,0,0,1,False,-1
7542,TRIPLE,1,1,1,False,-1
7543,TRIPLE,1,1,1,False,-1
7544,TRIPLE,1,1,1,False,-1
7545,TRIPLE,1,1,1,False,-1
7546,DOUBLE,0,1,1,False,-1
7547,TRIPLE,1,1,1,False,-1
7548,DOUBLE,0,1,1,False,-1
7549,TRIPLE,1,1,1,False,-1
7551,SINGLE,0,0,1,False,-1
7552,TRIPLE,1,1,1,False,-1
7553,DOUBLE,0,1,1,False,-1
7554,DOUBLE,0,1,1,False,-1
7555,DOUBLE,0,1,1,False,-1
7556,DOUBLE,0,1,1,False,-1
7557,TRIPLE,1,1,1,False,-1
7558,TRIPLE,1,1,1,False,-1
7560,TRIPLE,1,1,1,False,-1
7561,DOUBLE,0,1,1,False,-1
7563,TRIPLE,1,1,1,False,-1
7564,DOUBLE,0,1,1,False,-1
7565,DOUBLE,0,1,1,False,-1
7566,SINGLE,0,0,1,False,-1
7567,SINGLE,0,0,1,False,-1
7568,TRIPLE,1,1,1,False,-1
7569,TRIPLE,1,1,1,False,-1
7570,TRIPLE,1,1,1,False,-1
7571,DOUBLE,0,1,1,False,-1
7572,TRIPLE,1,1,1,False,-1
7573,TRIPLE,1,1,1,False,-1
7574,TRIPLE,1,1,1,False,-1
7575,SINGLE,0,0,1,False,-1
7576,SINGLE,0,0,1,False,-1
7577,TRIPLE,1,1,1,False,-1
7578,TRIPLE,1,1,1,False,-1
7579,DOUBLE,0,1,1,False,-1
7580,TRIPLE,1,1,1,False,-1
7581,TRIPLE,1,1,1,False,-1
7582,TRIPLE,1,1,1,False,-1
7583,TRIPLE,1,1,1,False,-1
7584,TRIPLE,1,1,1,False,-1
7585,TRIPLE,1,1,1,False,-1
7586,DOUBLE,0,1,1,False,-1
7587,TRIPLE,1,1,1,False,-1
7588,TRIPLE,1,1,1,False,-1
7589,TRIPLE,1,1,1,False,-1
7590,TRIPLE,1,1,1,False,-1
7591,TRIPLE,1,1,1,False,-1
7592,TRIPLE,1,1,1,False,-1
7593,TRIPLE,1,1,1,False,-1
7594,TRIPLE,1,1,1,False,-1
7595,DOUBLE,0,1,1,False,-1
7596,TRIPLE,1,1,1,False,-1
7597,SINGLE,0,0,1,False,-1
7598,TRIPLE,1,1,1,False,-1
7599,TRIPLE,1,1,1,False,-1
7601,DOUBLE,0,1,1,False,-1
7602,TRIPLE,1,1,1,False,-1
7603,DOUBLE,0,1,1,False,-1
7604,TRIPLE,1,1,1,False,-1
7605,DOUBLE,0,1,1,False,-1
7606,TRIPLE,1,1,1,False,-1
7607,TRIPLE,1,1,1,False,-1
7608,TRIPLE,1,1,1,False,-1
7609,TRIPLE,1,1,1,False,-1
7610,DOUBLE,0,1,1,False,-1
7611,TRIPLE,1,1,1,False,-1
7612,TRIPLE,1,1,1,False,-1
7613,TRIPLE,1,1,1,False,-1
7614,TRIPLE,1,1,1,False,-1
7615,TRIPLE,1,1,1,False,-1
7616,TRIPLE,1,1,1,False,-1
7617,SINGLE,0,0,1,False,-1
7618,DOUBLE,0,1,1,False,-1
7619,TRIPLE,1,1,1,False,-1
7620,TRIPLE,1,1,1,False,-1
7621,SINGLE,0,0,1,False,-1
7622,SINGLE,0,0,1,False,-1
7623,SINGLE,0,0,1,False,-1
7624,TRIPLE,1,1,1,False,-1
7625,DOUBLE,0,1,1,False,-1
7626,TRIPLE,1,1,1,False,-1
7627,DOUBLE,0,1,1,False,-1
7628,TRIPLE,1,1,1,False,-1
7629,TRIPLE,1,1,1,False,-1
7630,DOUBLE,0,1,1,False,-1
7631,SINGLE,0,0,1,False,-1
7632,TRIPLE,1,1,1,False,-1
7633,DOUBLE,0,1,1,False,-1
7634,TRIPLE,1,1,1,False,-1
7635,TRIPLE,1,1,1,False,-1
7636,TRIPLE,1,1,1,False,-1
7637,TRIPLE,1,1,1,False,-1
7638,TRIPLE,1,1,1,False,-1
7639,DOUBLE,0,1,1,False,-1
7640,TRIPLE,1,1,1,False,-1
7641,TRIPLE,1,1,1,False,-1
7642,DOUBLE,0,1,1,False,-1
7644,TRIPLE,1,1,1,False,-1
7646,TRIPLE,1,1,1,False,-1
7647,DOUBLE,0,1,1,False,-1
7648,TRIPLE,1,1,1,False,-1
7649,SINGLE,0,0,1,False,-1
7650,TRIPLE,1,1,1,False,-1
7651,TRIPLE,1,1,1,False,-1
7652,TRIPLE,1,1,1,False,-1
7653,SINGLE,0,0,1,False,-1
7654,SINGLE,0,0,1,False,-1
7655,TRIPLE,1,1,1,False,-1
7656,TRIPLE,1,1,1,False,-1
7657,SINGLE,0,0,1,False,-1
7658,DOUBLE,0,1,1,False,-1
7659,TRIPLE,1,1,1,False,-1
7660,TRIPLE,1,1,1,False,-1
7661,DOUBLE,0,1,1,False,-1
7662,DOUBLE,0,1,1,False,-1
7663,DOUBLE,0,1,1,False,-1
7664,DOUBLE,0,1,1,False,-1
7665,DOUBLE,0,1,1,False,-1
7666,SINGLE,0,0,1,False,-1
7667,TRIPLE,1,1,1,False,-1
7668,TRIPLE,1,1,1,False,-1
7669,TRIPLE,1,1,1,False,-1
7670,DOUBLE,0,1,1,False,-1
7671,TRIPLE,1,1,1,False,-1
7672,TRIPLE,1,1,1,False,-1
7674,TRIPLE,1,1,1,False,-1
7675,TRIPLE,1,1,1,False,-1
7676,DOUBLE,0,1,1,False,-1
7677,SINGLE,0,0,1,False,-1
7678,SINGLE,0,0,1,False,-1
7680,TRIPLE,1,1,1,False,-1
7681,TRIPLE,1,1,1,False,-1
7682,TRIPLE,1,1,1,False,-1
7683,TRIPLE,1,1,1,False,-1
7684,SINGLE,0,0,1,False,-1
7685,DOUBLE,0,1,1,False,-1
7686,TRIPLE,1,1,1,False,-1
7687,TRIPLE,1,1,1,False,-1
7689,TRIPLE,1,1,1,False,-1
7691,DOUBLE,0,1,1,False,-1
7692,TRIPLE,1,1,1,False,-1
7693,TRIPLE,1,1,1,False,-1
7694,TRIPLE,1,1,1,False,-1
7695,TRIPLE,1,1,1,False,-1
7696,DOUBLE,0,1,1,False,-1
7697,TRIPLE,1,1,1,False,-1
7698,TRIPLE,1,1,1,False,-1
7699,TRIPLE,1,1,1,False,-1
7700,SINGLE,0,0,1,False,-1
7701,SINGLE,0,0,1,False,-1
7703,DOUBLE,0,1,1,False,-1
7704,TRIPLE,1,1,1,False,-1
7705,TRIPLE,1,1,1,False,-1
7706,DOUBLE,0,1,1,False,-1
7707,TRIPLE,1,1,1,False,-1
7708,TRIPLE,1,1,1,False,-1
7710,DOUBLE,0,1,1,False,-1
7712,TRIPLE,1,1,1,False,-1
7713,TRIPLE,1,1,1,False,-1
7714,TRIPLE,1,1,1,False,-1
7715,TRIPLE,1,1,1,False,-1
7716,TRIPLE,1,1,1,False,-1
7717,TRIPLE,1,1,1,False,-1
7718,DOUBLE,0,1,1,False,-1
7719,SINGLE,0,0,1,False,-1
7720,TRIPLE,1,1,1,False,-1
7721,TRIPLE,1,1,1,False,-1
7722,TRIPLE,1,1,1,False,-1
7723,TRIPLE,1,1,1,False,-1
7724,DOUBLE,0,1,1,False,-1
7725,TRIPLE,1,1,1,False,-1
7726,TRIPLE,1,1,1,False,-1
7727,SINGLE,0,0,1,False,-1
7729,TRIPLE,1,1,1,False,-1
7730,TRIPLE,1,1,1,False,-1
7731,TRIPLE,1,1,1,False,-1
7732,TRIPLE,1,1,1,False,-1
7733,TRIPLE,1,1,1,False,-1
7734,DOUBLE,0,1,1,False,-1
7736,SINGLE,0,0,1,False,-1
7737,SINGLE,0,0,1,False,-1
7738,TRIPLE,1,1,1,False,-1
7739,TRIPLE,1,1,1,False,-1
7740,TRIPLE,1,1,1,False,-1
7741,DOUBLE,0,1,1,False,-1
7742,SINGLE,0,0,1,False,-1
7743,TRIPLE,1,1,1,False,-1
7744,TRIPLE,1,1,1,False,-1
7745,DOUBLE,0,1,1,False,-1
7746,TRIPLE,1,1,1,False,-1
7747,DOUBLE,0,1,1,False,-1
7748,SINGLE,0,0,1,False,-1
7749,TRIPLE,1,1,1,False,-1
7750,DOUBLE,0,1,1,False,-1
7751,DOUBLE,0,1,1,False,-1
7752,TRIPLE,1,1,1,False,-1
7754,DOUBLE,0,1,1,False,-1
7755,SINGLE,0,0,1,False,-1
7756,TRIPLE,1,1,1,False,-1
7757,SINGLE,0,0,1,False,-1
7758,DOUBLE,0,1,1,False,-1
7759,TRIPLE,1,1,1,False,-1
7760,TRIPLE,1,1,1,False,-1
7762,TRIPLE,1,1,1,False,-1
7763,DOUBLE,0,1,1,False,-1
7764,TRIPLE,1,1,1,False,-1
7765,TRIPLE,1,1,1,False,-1
7766,SINGLE,0,0,1,False,-1
7767,DOUBLE,0,1,1,False,-1
7768,DOUBLE,0,1,1,False,-1
7769,TRIPLE,1,1,1,False,-1
7770,SINGLE,0,0,1,False,-1
7771,TRIPLE,1,1,1,False,-1
7772,DOUBLE,0,1,1,False,-1
7773,TRIPLE,1,1,1,False,-1
7774,DOUBLE,0,1,1,False,-1
7775,SINGLE,0,0,1,False,-1
7776,TRIPLE,1,1,1,False,-1
7777,DOUBLE,0,1,1,False,-1
7778,DOUBLE,0,1,1,False,-1
7779,TRIPLE,1,1,1,False,-1
7780,TRIPLE,1,1,1,False,-1
7781,TRIPLE,1,1,1,False,-1
7782,TRIPLE,1,1,1,False,-1
7783,TRIPLE,1,1,1,False,-1
7784,TRIPLE,1,1,1,False,-1
7785,DOUBLE,0,1,1,False,-1
7786,DOUBLE,0,1,1,False,-1
7787,TRIPLE,1,1,1,False,-1
7788,TRIPLE,1,1,1,False,-1
7789,DOUBLE,0,1,1,False,-1
7790,TRIPLE,1,1,1,False,-1
7792,TRIPLE,1,1,1,False,-1
7793,TRIPLE,1,1,1,False,-1
7794,TRIPLE,1,1,1,False,-1
7796,SINGLE,0,0,1,False,-1
7797,TRIPLE,1,1,1,False,-1
7798,TRIPLE,1,1,1,False,-1
7800,DOUBLE,0,1,1,False,-1
7801,DOUBLE,0,1,1,False,-1
7802,DOUBLE,0,1,1,False,-1
7804,SINGLE,0,0,1,False,-1
7805,TRIPLE,1,1,1,False,-1
7806,DOUBLE,0,1,1,False,-1
7807,TRIPLE,1,1,1,False,-1
7808,TRIPLE,1,1,1,False,-1
7809,TRIPLE,1,1,1,False,-1
7810,TRIPLE,1,1,1,False,-1
7811,SINGLE,0,0,1,False,-1
7812,TRIPLE,1,1,1,False,-1
7813,TRIPLE,1,1,1,False,-1
7814,DOUBLE,0,1,1,False,-1
7815,DOUBLE,0,1,1,False,-1
7816,DOUBLE,0,1,1,False,-1
7817,TRIPLE,1,1,1,False,-1
7818,TRIPLE,1,1,1,False,-1
7819,TRIPLE,1,1,1,False,-1
7820,TRIPLE,1,1,1,False,-1
7821,DOUBLE,0,1,1,False,-1
7822,SINGLE,0,0,1,False,-1
7823,TRIPLE,1,1,1,False,-1
7824,TRIPLE,1,1,1,False,-1
7825,TRIPLE,1,1,1,False,-1
7826,TRIPLE,1,1,1,False,-1
7827,TRIPLE,1,1,1,False,-1
7828,TRIPLE,1,1,1,False,-1
7829,TRIPLE,1,1,1,False,-1
7830,TRIPLE,1,1,1,False,-1
7831,TRIPLE,1,1,1,False,-1
7832,TRIPLE,1,1,1,False,-1
7833,TRIPLE,1,1,1,False,-1
7834,SINGLE,0,0,1,False,-1
7835,SINGLE,0,0,1,False,-1
7836,DOUBLE,0,1,1,False,-1
7837,DOUBLE,0,1,1,False,-1
7838,TRIPLE,1,1,1,False,-1
7839,TRIPLE,1,1,1,False,-1
7840,TRIPLE,1,1,1,False,-1
7841,TRIPLE,1,1,1,False,-1
7842,DOUBLE,0,1,1,False,-1
7844,DOUBLE,0,1,1,False,-1
7845,TRIPLE,1,1,1,False,-1
7846,SINGLE,0,0,1,False,-1
7847,SINGLE,0,0,1,False,-1
7848,TRIPLE,1,1,1,False,-1
7849,SINGLE,0,0,1,False,-1
7852,DOUBLE,0,1,1,False,-1
7853,SINGLE,0,0,1,False,-1
7855,TRIPLE,1,1,1,False,-1
7856,DOUBLE,0,1,1,False,-1
7857,TRIPLE,1,1,1,False,-1
7858,TRIPLE,1,1,1,False,-1
7859,DOUBLE,0,1,1,False,-1
7860,DOUBLE,0,1,1,False,-1
7861,TRIPLE,1,1,1,False,-1
7862,TRIPLE,1,1,1,False,-1
7863,TRIPLE,1,1,1,False,-1
7864,TRIPLE,1,1,1,False,-1
7865,TRIPLE,1,1,1,False,-1
7866,SINGLE,0,0,1,False,-1
7867,SINGLE,0,0,1,False,-1
7868,TRIPLE,1,1,1,False,-1
7869,TRIPLE,1,1,1,False,-1
7870,TRIPLE,1,1,1,False,-1
7871,TRIPLE,1,1,1,False,-1
7873,TRIPLE,1,1,1,False,-1
7874,TRIPLE,1,1,1,False,-1
7875,TRIPLE,1,1,1,False,-1
7876,DOUBLE,0,1,1,False,-1
7879,TRIPLE,1,1,1,False,-1
7880,SINGLE,0,0,1,False,-1
7884,TRIPLE,1,1,1,False,-1
7885,TRIPLE,1,1,1,False,-1
7886,DOUBLE,0,1,1,False,-1
7887,SINGLE,0,0,1,False,-1
7890,TRIPLE,1,1,1,False,-1
7891,DOUBLE,0,1,1,False,-1
7892,DOUBLE,0,1,1,False,-1
7893,TRIPLE,1,1,1,False,-1
7894,TRIPLE,1,1,1,False,-1
7895,TRIPLE,1,1,1,False,-1
7898,DOUBLE,0,1,1,False,-1
7899,TRIPLE,1,1,1,False,-1
7901,TRIPLE,1,1,1,False,-1
7902,TRIPLE,1,1,1,False,-1
7903,TRIPLE,1,1,1,False,-1
7904,DOUBLE,0,1,1,False,-1
7905,DOUBLE,0,1,1,False,-1
7906,TRIPLE,1,1,1,False,-1
7907,TRIPLE,1,1,1,False,-1
7908,TRIPLE,1,1,1,False,-1
7909,TRIPLE,1,1,1,False,-1
7910,SINGLE,0,0,1,False,-1
7911,DOUBLE,0,1,1,False,-1
7912,DOUBLE,0,1,1,False,-1
7914,TRIPLE,1,1,1,False,-1
7915,SINGLE,0,0,1,False,-1
7916,DOUBLE,0,1,1,False,-1
7917,TRIPLE,1,1,1,False,-1
7918,SINGLE,0,0,1,False,-1
7919,TRIPLE,1,1,1,False,-1
7920,TRIPLE,1,1,1,False,-1
7922,TRIPLE,1,1,1,False,-1
7923,TRIPLE,1,1,1,False,-1
7924,DOUBLE,0,1,1,False,-1
7925,TRIPLE,1,1,1,False,-1
7926,DOUBLE,0,1,1,False,-1
7927,DOUBLE,0,1,1,False,-1
7928,TRIPLE,1,1,1,False,-1
7931,TRIPLE,1,1,1,False,-1
7932,TRIPLE,1,1,1,False,-1
7933,DOUBLE,0,1,1,False,-1
7934,DOUBLE,0,1,1,False,-1
7935,TRIPLE,1,1,1,False,-1
7937,DOUBLE,0,1,1,False,-1
7938,SINGLE,0,0,1,False,-1
7939,TRIPLE,1,1,1,False,-1
7940,DOUBLE,0,1,1,False,-1
7941,DOUBLE,0,1,1,False,-1
7942,TRIPLE,1,1,1,False,-1
7943,DOUBLE,0,1,1,False,-1
7944,TRIPLE,1,1,1,False,-1
7945,TRIPLE,1,1,1,False,-1
7947,TRIPLE,1,1,1,False,-1
7948,TRIPLE,1,1,1,False,-1
7949,SINGLE,0,0,1,False,-1
7950,TRIPLE,1,1,1,False,-1
7951,TRIPLE,1,1,1,False,-1
7952,DOUBLE,0,1,1,False,-1
7953,DOUBLE,0,1,1,False,-1
7955,DOUBLE,0,1,1,False,-1
7956,TRIPLE,1,1,1,False,-1
7957,TRIPLE,1,1,1,False,-1
7958,SINGLE,0,0,1,False,-1
7959,TRIPLE,1,1,1,False,-1
7960,TRIPLE,1,1,1,False,-1
7961,DOUBLE,0,1,1,False,-1
7962,TRIPLE,1,1,1,False,-1
7963,TRIPLE,1,1,1,False,-1
7964,TRIPLE,1,1,1,False,-1
7965,TRIPLE,1,1,1,False,-1
7966,TRIPLE,1,1,1,False,-1
7967,SINGLE,0,0,1,False,-1
7968,TRIPLE,1,1,1,False,-1
7969,TRIPLE,1,1,1,False,-1
7970,TRIPLE,1,1,1,False,-1
7971,DOUBLE,0,1,1,False,-1
7972,DOUBLE,0,1,1,False,-1
7976,TRIPLE,1,1,1,False,-1
7977,SINGLE,0,0,1,False,-1
7978,SINGLE,0,0,1,False,-1
7979,TRIPLE,1,1,1,False,-1
7980,TRIPLE,1,1,1,False,-1
7981,DOUBLE,0,1,1,False,-1
7983,TRIPLE,1,1,1,False,-1
7984,TRIPLE,1,1,1,False,-1
7985,TRIPLE,1,1,1,False,-1
7986,SINGLE,0,0,1,False,-1
7987,TRIPLE,1,1,1,False,-1
7988,DOUBLE,0,1,1,False,-1
7989,TRIPLE,1,1,1,False,-1
7990,SINGLE,0,0,1,False,-1
7991,DOUBLE,0,1,1,False,-1
7992,TRIPLE,1,1,1,False,-1
7994,TRIPLE,1,1,1,False,-1
7995,SINGLE,0,0,1,False,-1
7996,TRIPLE,1,1,1,False,-1
7997,DOUBLE,0,1,1,False,-1
7998,TRIPLE,1,1,1,False,-1
7999,DOUBLE,0,1,1,False,-1
8000,TRIPLE,1,1,1,False,-1
8002,TRIPLE,1,1,1,False,-1
8003,DOUBLE,0,1,1,False,-1
8004,TRIPLE,1,1,1,False,-1
8005,SINGLE,0,0,1,False,-1
8006,TRIPLE,1,1,1,False,-1
8007,DOUBLE,0,1,1,False,-1
8008,TRIPLE,1,1,1,False,-1
8009,TRIPLE,1,1,1,False,-1
8011,TRIPLE,1,1,1,False,-1
8012,TRIPLE,1,1,1,False,-1
8013,DOUBLE,0,1,1,False,-1
8014,TRIPLE,1,1,1,False,-1
8015,TRIPLE,1,1,1,False,-1
8017,TRIPLE,1,1,1,False,-1
8018,SINGLE,0,0,1,False,-1
8019,SINGLE,0,0,1,False,-1
8020,DOUBLE,0,1,1,False,-1
8021,TRIPLE,1,1,1,False,-1
8022,SINGLE,0,0,1,False,-1
8023,DOUBLE,0,1,1,False,-1
8024,SINGLE,0,0,1,False,-1
8025,TRIPLE,1,1,1,False,-1
8027,DOUBLE,0,1,1,False,-1
8028,DOUBLE,0,1,1,False,-1
8030,TRIPLE,1,1,1,False,-1
8031,TRIPLE,1,1,1,False,-1
8033,DOUBLE,0,1,1,False,-1
8034,DOUBLE,0,1,1,False,-1
8035,TRIPLE,1,1,1,False,-1
8036,TRIPLE,1,1,1,False,-1
8037,SINGLE,0,0,1,False,-1
8038,TRIPLE,1,1,1,False,-1
8039,DOUBLE,0,1,1,False,-1
8040,SINGLE,0,0,1,False,-1
8041,TRIPLE,1,1,1,False,-1
8042,DOUBLE,0,1,1,False,-1
8043,TRIPLE,1,1,1,False,-1
8044,TRIPLE,1,1,1,False,-1
8045,TRIPLE,1,1,1,False,-1
8047,TRIPLE,1,1,1,False,-1
8048,DOUBLE,0,1,1,False,-1
8049,TRIPLE,1,1,1,False,-1
8050,SINGLE,0,0,1,False,-1
8051,DOUBLE,0,1,1,False,-1
8052,TRIPLE,1,1,1,False,-1
8053,TRIPLE,1,1,1,False,-1
8054,DOUBLE,0,1,1,False,-1
8055,DOUBLE,0,1,1,False,-1
8056,TRIPLE,1,1,1,False,-1
8057,TRIPLE,1,1,1,False,-1
8058,TRIPLE,1,1,1,False,-1
8059,TRIPLE,1,1,1,False,-1
8060,DOUBLE,0,1,1,False,-1
8061,DOUBLE,0,1,1,False,-1
8062,TRIPLE,1,1,1,False,-1
8063,TRIPLE,1,1,1,False,-1
8064,TRIPLE,1,1,1,False,-1
8065,DOUBLE,0,1,1,False,-1
8066,TRIPLE,1,1,1,False,-1
8067,DOUBLE,0,1,1,False,-1
8068,SINGLE,0,0,1,False,-1
8070,SINGLE,0,0,1,False,-1
8071,TRIPLE,1,1,1,False,-1
8072,SINGLE,0,0,1,False,-1
8073,TRIPLE,1,1,1,False,-1
8074,TRIPLE,1,1,1,False,-1
8075,TRIPLE,1,1,1,False,-1
8076,DOUBLE,0,1,1,False,-1
8078,DOUBLE,0,1,1,False,-1
8079,TRIPLE,1,1,1,False,-1
8080,TRIPLE,1,1,1,False,-1
8081,DOUBLE,0,1,1,False,-1
8082,TRIPLE,1,1,1,False,-1
8083,DOUBLE,0,1,1,False,-1
8084,DOUBLE,0,1,1,False,-1
8085,DOUBLE,0,1,1,False,-1
8087,TRIPLE,1,1,1,False,-1
8088,DOUBLE,0,1,1,False,-1
8089,SINGLE,0,0,1,False,-1
8090,DOUBLE,0,1,1,False,-1
8091,TRIPLE,1,1,1,False,-1
8092,DOUBLE,0,1,1,False,-1
8093,DOUBLE,0,1,1,False,-1
8094,TRIPLE,1,1,1,False,-1
8095,TRIPLE,1,1,1,False,-1
8096,SINGLE,0,0,1,False,-1
8097,TRIPLE,1,1,1,False,-1
8098,TRIPLE,1,1,1,False,-1
8099,TRIPLE,1,1,1,False,-1
8100,SINGLE,0,0,1,False,-1
8101,TRIPLE,1,1,1,False,-1
8102,DOUBLE,0,1,1,False,-1
8103,DOUBLE,0,1,1,False,-1
8104,DOUBLE,0,1,1,False,-1
8105,TRIPLE,1,1,1,False,-1
8106,SINGLE,0,0,1,False,-1
8107,TRIPLE,1,1,1,False,-1
8108,TRIPLE,1,1,1,False,-1
8109,TRIPLE,1,1,1,False,-1
8110,DOUBLE,0,1,1,False,-1
8111,SINGLE,0,0,1,False,-1
8112,TRIPLE,1,1,1,False,-1
8113,DOUBLE,0,1,1,False,-1
8114,TRIPLE,1,1,1,False,-1
8115,TRIPLE,1,1,1,False,-1
8116,TRIPLE,1,1,1,False,-1
8118,DOUBLE,0,1,1,False,-1
8120,TRIPLE,1,1,1,False,-1
8121,SINGLE,0,0,1,False,-1
8122,DOUBLE,0,1,1,False,-1
8123,TRIPLE,1,1,1,False,-1
8124,TRIPLE,1,1,1,False,-1
8125,DOUBLE,0,1,1,False,-1
8126,TRIPLE,1,1,1,False,-1
8127,TRIPLE,1,1,1,False,-1
8128,TRIPLE,1,1,1,False,-1
8129,TRIPLE,1,1,1,False,-1
8130,TRIPLE,1,1,1,False,-1
8131,SINGLE,0,0,1,False,-1
8132,DOUBLE,0,1,1,False,-1
8133,DOUBLE,0,1,1,False,-1
8134,DOUBLE,0,1,1,False,-1
8135,TRIPLE,1,1,1,False,-1
8136,TRIPLE,1,1,1,False,-1
8137,DOUBLE,0,1,1,False,-1
8138,TRIPLE,1,1,1,False,-1
8139,SINGLE,0,0,1,False,-1
8140,TRIPLE,1,1,1,False,-1
8141,DOUBLE,0,1,1,False,-1
8142,SINGLE,0,0,1,False,-1
8143,DOUBLE,0,1,1,False,-1
8144,DOUBLE,0,1,1,False,-1
8145,DOUBLE,0,1,1,False,-1
8146,DOUBLE,0,1,1,False,-1
8147,SINGLE,0,0,1,False,-1
8148,TRIPLE,1,1,1,False,-1
8149,TRIPLE,1,1,1,False,-1
8150,TRIPLE,1,1,1,False,-1
8151,TRIPLE,1,1,1,False,-1
8152,TRIPLE,1,1,1,False,-1
8153,SINGLE,0,0,1,False,-1
8154,TRIPLE,1,1,1,False,-1
8155,TRIPLE,1,1,1,False,-1
8157,TRIPLE,1,1,1,False,-1
8158,TRIPLE,1,1,1,False,-1
8159,TRIPLE,1,1,1,False,-1
8160,SINGLE,0,0,1,False,-1
8161,TRIPLE,1,1,1,False,-1
8163,SINGLE,0,0,1,False,-1
8164,TRIPLE,1,1,1,False,-1
8165,DOUBLE,0,1,1,False,-1
8167,DOUBLE,0,1,1,False,-1
8168,DOUBLE,0,1,1,False,-1
8169,SINGLE,0,0,1,False,-1
8170,DOUBLE,0,1,1,False,-1
8171,TRIPLE,1,1,1,False,-1
8172,TRIPLE,1,1,1,False,-1
8173,TRIPLE,1,1,1,False,-1
8174,TRIPLE,1,1,1,False,-1
8175,DOUBLE,0,1,1,False,-1
8176,SINGLE,0,0,1,False,-1
8177,DOUBLE,0,1,1,False,-1
8178,SINGLE,0,0,1,False,-1
8179,TRIPLE,1,1,1,False,-1
8180,TRIPLE,1,1,1,False,-1
8182,TRIPLE,1,1,1,False,-1
8183,SINGLE,0,0,1,False,-1
8184,DOUBLE,0,1,1,False,-1
8185,TRIPLE,1,1,1,False,-1
8186,TRIPLE,1,1,1,False,-1
8187,TRIPLE,1,1,1,False,-1
8188,TRIPLE,1,1,1,False,-1
8189,TRIPLE,1,1,1,False,-1
8190,SINGLE,0,0,1,False,-1
8191,SINGLE,0,0,1,False,-1
8192,SINGLE,0,0,1,False,-1
8194,TRIPLE,1,1,1,False,-1
8196,DOUBLE,0,1,1,False,-1
8197,TRIPLE,1,1,1,False,-1
8198,TRIPLE,1,1,1,False,-1
8200,TRIPLE,1,1,1,False,-1
8201,TRIPLE,1,1,1,False,-1
8202,TRIPLE,1,1,1,False,-1
8204,TRIPLE,1,1,1,False,-1
8205,SINGLE,0,0,1,False,-1
8206,TRIPLE,1,1,1,False,-1
8207,TRIPLE,1,1,1,False,-1
8208,TRIPLE,1,1,1,False,-1
8209,TRIPLE,1,1,1,False,-1
8210,TRIPLE,1,1,1,False,-1
8211,TRIPLE,1,1,1,False,-1
8212,TRIPLE,1,1,1,False,-1
8213,DOUBLE,0,1,1,False,-1
8214,DOUBLE,0,1,1,False,-1
8215,DOUBLE,0,1,1,False,-1
8216,TRIPLE,1,1,1,False,-1
8217,DOUBLE,0,1,1,False,-1
8218,TRIPLE,1,1,1,False,-1
8219,DOUBLE,0,1,1,False,-1
8220,DOUBLE,0,1,1,False,-1
8221,DOUBLE,0,1,1,False,-1
8222,SINGLE,0,0,1,False,-1
8223,TRIPLE,1,1,1,False,-1
8225,TRIPLE,1,1,1,False,-1
8226,TRIPLE,1,1,1,False,-1
8227,DOUBLE,0,1,1,False,-1
8228,DOUBLE,0,1,1,False,-1
8229,TRIPLE,1,1,1,False,-1
8230,TRIPLE,1,1,1,False,-1
8231,DOUBLE,0,1,1,False,-1
8232,TRIPLE,1,1,1,False,-1
8233,TRIPLE,1,1,1,False,-1
8235,TRIPLE,1,1,1,False,-1
8236,DOUBLE,0,1,1,False,-1
8237,SINGLE,0,0,1,False,-1
8238,DOUBLE,0,1,1,False,-1
8239,TRIPLE,1,1,1,False,-1
8240,TRIPLE,1,1,1,False,-1
8241,TRIPLE,1,1,1,False,-1
8242,TRIPLE,1,1,1,False,-1
8243,TRIPLE,1,1,1,False,-1
8244,TRIPLE,1,1,1,False,-1
8245,SINGLE,0,0,1,False,-1
8246,TRIPLE,1,1,1,False,-1
8247,DOUBLE,0,1,1,False,-1
8248,SINGLE,0,0,1,False,-1
8250,TRIPLE,1,1,1,False,-1
8251,TRIPLE,1,1,1,False,-1
8253,TRIPLE,1,1,1,False,-1
8254,TRIPLE,1,1,1,False,-1
8255,DOUBLE,0,1,1,False,-1
8257,DOUBLE,0,1,1,False,-1
8258,SINGLE,0,0,1,False,-1
8259,DOUBLE,0,1,1,False,-1
8261,DOUBLE,0,1,1,False,-1
8262,TRIPLE,1,1,1,False,-1
8263,TRIPLE,1,1,1,False,-1
8264,DOUBLE,0,1,1,False,-1
8267,DOUBLE,0,1,1,False,-1
8268,TRIPLE,1,1,1,False,-1
8269,SINGLE,0,0,1,False,-1
8270,DOUBLE,0,1,1,False,-1
8272,DOUBLE,0,1,1,False,-1
8273,SINGLE,0,0,1,False,-1
8274,TRIPLE,1,1,1,False,-1
8275,DOUBLE,0,1,1,False,-1
8277,TRIPLE,1,1,1,False,-1
8278,TRIPLE,1,1,1,False,-1
8279,DOUBLE,0,1,1,False,-1
8280,TRIPLE,1,1,1,False,-1
8281,DOUBLE,0,1,1,False,-1
8282,TRIPLE,1,1,1,False,-1
8284,TRIPLE,1,1,1,False,-1
8285,DOUBLE,0,1,1,False,-1
8286,DOUBLE,0,1,1,False,-1
8287,DOUBLE,0,1,1,False,-1
8289,TRIPLE,1,1,1,False,-1
8290,TRIPLE,1,1,1,False,-1
8292,TRIPLE,1,1,1,False,-1
8293,DOUBLE,0,1,1,False,-1
8294,TRIPLE,1,1,1,False,-1
8296,TRIPLE,1,1,1,False,-1
8297,TRIPLE,1,1,1,False,-1
8298,SINGLE,0,0,1,False,-1
8299,TRIPLE,1,1,1,False,-1
8300,DOUBLE,0,1,1,False,-1
8301,TRIPLE,1,1,1,False,-1
8302,DOUBLE,0,1,1,False,-1
8303,SINGLE,0,0,1,False,-1
8304,DOUBLE,0,1,1,False,-1
8305,DOUBLE,0,1,1,False,-1
8306,TRIPLE,1,1,1,False,-1
8307,TRIPLE,1,1,1,False,-1
8308,TRIPLE,1,1,1,False,-1
8309,DOUBLE,0,1,1,False,-1
8310,DOUBLE,0,1,1,False,-1
8311,TRIPLE,1,1,1,False,-1
8312,TRIPLE,1,1,1,False,-1
8315,TRIPLE,1,1,1,False,-1
8316,TRIPLE,1,1,1,False,-1
8317,SINGLE,0,0,1,False,-1
8318,TRIPLE,1,1,1,False,-1
8319,TRIPLE,1,1,1,False,-1
8320,SINGLE,0,0,1,False,-1
8321,DOUBLE,0,1,1,False,-1
8322,DOUBLE,0,1,1,False,-1
8323,TRIPLE,1,1,1,False,-1
8324,TRIPLE,1,1,1,False,-1
8325,SINGLE,0,0,1,False,-1
8326,TRIPLE,1,1,1,False,-1
8327,TRIPLE,1,1,1,False,-1
8328,TRIPLE,1,1,1,False,-1
8329,TRIPLE,1,1,1,False,-1
8330,TRIPLE,1,1,1,False,-1
8331,DOUBLE,0,1,1,False,-1
8332,TRIPLE,1,1,1,False,-1
8333,TRIPLE,1,1,1,False,-1
8334,TRIPLE,1,1,1,False,-1
8336,TRIPLE,1,1,1,False,-1
8337,TRIPLE,1,1,1,False,-1
8338,DOUBLE,0,1,1,False,-1
8339,SINGLE,0,0,1,False,-1
8340,TRIPLE,1,1,1,False,-1
8341,TRIPLE,1,1,1,False,-1
8342,TRIPLE,1,1,1,False,-1
8344,DOUBLE,0,1,1,False,-1
8345,TRIPLE,1,1,1,False,-1
8346,TRIPLE,1,1,1,False,-1
8347,TRIPLE,1,1,1,False,-1
8348,SINGLE,0,0,1,False,-1
8349,TRIPLE,1,1,1,False,-1
8350,TRIPLE,1,1,1,False,-1
8351,TRIPLE,1,1,1,False,-1
8352,TRIPLE,1,1,1,False,-1
8353,TRIPLE,1,1,1,False,-1
8354,DOUBLE,0,1,1,False,-1
8355,SINGLE,0,0,1,False,-1
8356,DOUBLE,0,1,1,False,-1
8357,SINGLE,0,0,1,False,-1
8358,TRIPLE,1,1,1,False,-1
8359,SINGLE,0,0,1,False,-1
8360,TRIPLE,1,1,1,False,-1
8361,SINGLE,0,0,1,False,-1
8362,DOUBLE,0,1,1,False,-1
8363,SINGLE,0,0,1,False,-1
8364,TRIPLE,1,1,1,False,-1
8365,TRIPLE,1,1,1,False,-1
8366,TRIPLE,1,1,1,False,-1
8367,TRIPLE,1,1,1,False,-1
8368,TRIPLE,1,1,1,False,-1
8369,DOUBLE,0,1,1,False,-1
8371,DOUBLE,0,1,1,False,-1
8372,SINGLE,0,0,1,False,-1
8373,DOUBLE,0,1,1,False,-1
8374,SINGLE,0,1,0,False,-1
8375,TRIPLE,1,1,1,False,-1
8376,TRIPLE,1,1,1,False,-1
8377,SINGLE,0,0,1,False,-1
8378,DOUBLE,0,1,1,False,-1
8379,DOUBLE,0,1,1,False,-1
8380,TRIPLE,1,1,1,False,-1
8381,TRIPLE,1,1,1,False,-1
8382,TRIPLE,1,1,1,False,-1
8384,TRIPLE,1,1,1,False,-1
8385,TRIPLE,1,1,1,False,-1
8386,TRIPLE,1,1,1,False,-1
8387,DOUBLE,0,1,1,False,-1
8388,DOUBLE,0,1,1,False,-1
8389,SINGLE,0,0,1,False,-1
8390,DOUBLE,0,1,1,False,-1
8392,SINGLE,0,0,1,False,-1
8393,TRIPLE,1,1,1,False,-1
8394,SINGLE,0,0,1,False,-1
8395,SINGLE,0,0,1,False,-1
8396,TRIPLE,1,1,1,False,-1
8397,DOUBLE,0,1,1,False,-1
8398,TRIPLE,1,1,1,False,-1
8399,SINGLE,0,0,1,False,-1
8400,SINGLE,0,0,1,False,-1
8401,SINGLE,0,0,1,False,-1
8402,TRIPLE,1,1,1,False,-1
8403,SINGLE,0,0,1,False,-1
8405,DOUBLE,0,1,1,False,-1
8406,TRIPLE,1,1,1,False,-1
8407,DOUBLE,0,1,1,False,-1
8408,DOUBLE,0,1,1,False,-1
8409,DOUBLE,0,1,1,False,-1
8410,DOUBLE,0,1,1,False,-1
8411,TRIPLE,1,1,1,False,-1
8412,DOUBLE,0,1,1,False,-1
8413,DOUBLE,0,1,1,False,-1
8414,SINGLE,0,0,1,False,-1
8415,TRIPLE,1,1,1,False,-1
8416,TRIPLE,1,1,1,False,-1
8417,SINGLE,0,0,1,False,-1
8418,SINGLE,0,0,1,False,-1
8419,TRIPLE,1,1,1,False,-1
8420,TRIPLE,1,1,1,False,-1
8421,DOUBLE,0,1,1,False,-1
8422,TRIPLE,1,1,1,False,-1
8423,TRIPLE,1,1,1,False,-1
8424,TRIPLE,1,1,1,False,-1
8425,TRIPLE,1,1,1,False,-1
8426,SINGLE,0,0,1,False,-1
8427,TRIPLE,1,1,1,False,-1
8428,TRIPLE,1,1,1,False,-1
8429,SINGLE,0,0,1,False,-1
8430,TRIPLE,1,1,1,False,-1
8431,TRIPLE,1,1,1,False,-1
8432,TRIPLE,1,1,1,False,-1
8434,TRIPLE,1,1,1,False,-1
8435,DOUBLE,0,1,1,False,-1
8436,TRIPLE,1,1,1,False,-1
8437,SINGLE,0,0,1,False,-1
8438,DOUBLE,0,1,1,False,-1
8439,TRIPLE,1,1,1,False,-1
8440,DOUBLE,0,1,1,False,-1
8441,TRIPLE,1,1,1,False,-1
8442,TRIPLE,1,1,1,False,-1
8443,TRIPLE,1,1,1,False,-1
8444,TRIPLE,1,1,1,False,-1
8445,TRIPLE,1,1,1,False,-1
8446,TRIPLE,1,1,1,False,-1
8447,DOUBLE,0,1,1,False,-1
8448,TRIPLE,1,1,1,False,-1
8449,DOUBLE,0,1,1,False,-1
8450,TRIPLE,1,1,1,False,-1
8451,DOUBLE,0,1,1,False,-1
8452,DOUBLE,0,1,1,False,-1
8453,SINGLE,0,0,1,False,-1
8455,TRIPLE,1,1,1,False,-1
8456,DOUBLE,0,1,1,False,-1
8457,DOUBLE,0,1,1,False,-1
8458,SINGLE,0,0,1,False,-1
8459,SINGLE,0,0,1,False,-1
8460,DOUBLE,0,1,1,False,-1
8461,DOUBLE,0,1,1,False,-1
8462,TRIPLE,1,1,1,False,-1
8463,DOUBLE,0,1,1,False,-1
8464,TRIPLE,1,1,1,False,-1
8465,DOUBLE,0,1,1,False,-1
8466,DOUBLE,0,1,1,False,-1
8467,TRIPLE,1,1,1,False,-1
8468,TRIPLE,1,1,1,False,-1
8469,DOUBLE,0,1,1,False,-1
8470,DOUBLE,0,1,1,False,-1
8471,DOUBLE,0,1,1,False,-1
8472,DOUBLE,0,1,1,False,-1
8473,TRIPLE,1,1,1,False,-1
8475,TRIPLE,1,1,1,False,-1
8477,TRIPLE,1,1,1,False,-1
8479,TRIPLE,1,1,1,False,-1
8481,DOUBLE,0,1,1,False,-1
8483,DOUBLE,0,1,1,False,-1
8484,DOUBLE,0,1,1,False,-1
8485,DOUBLE,0,1,1,False,-1
8486,TRIPLE,1,1,1,False,-1
8487,SINGLE,0,0,1,False,-1
8488,DOUBLE,0,1,1,False,-1
8489,DOUBLE,0,1,1,False,-1
8491,DOUBLE,0,1,1,False,-1
8492,TRIPLE,1,1,1,False,-1
8493,SINGLE,0,0,1,False,-1
8494,TRIPLE,1,1,1,False,-1
8495,TRIPLE,1,1,1,False,-1
8497,DOUBLE,0,1,1,False,-1
8498,SINGLE,0,0,1,False,-1
8499,TRIPLE,1,1,1,False,-1
8500,DOUBLE,0,1,1,False,-1
8501,TRIPLE,1,1,1,False,-1
8503,TRIPLE,1,1,1,False,-1
8504,TRIPLE,1,1,1,False,-1
8505,TRIPLE,1,1,1,False,-1
8506,TRIPLE,1,1,1,False,-1
8507,TRIPLE,1,1,1,False,-1
8508,DOUBLE,0,1,1,False,-1
8509,TRIPLE,1,1,1,False,-1
8510,DOUBLE,0,1,1,False,-1
8511,SINGLE,0,0,1,False,-1
8512,TRIPLE,1,1,1,False,-1
8513,TRIPLE,1,1,1,False,-1
8514,TRIPLE,1,1,1,False,-1
8515,TRIPLE,1,1,1,False,-1
8516,TRIPLE,1,1,1,False,-1
8517,SINGLE,0,0,1,False,-1
8518,TRIPLE,1,1,1,False,-1
8519,TRIPLE,1,1,1,False,-1
8520,SINGLE,0,0,1,False,-1
8521,TRIPLE,1,1,1,False,-1
8522,SINGLE,0,0,1,False,-1
8523,TRIPLE,1,1,1,False,-1
8524,TRIPLE,1,1,1,False,-1
8525,DOUBLE,0,1,1,False,-1
8526,TRIPLE,1,1,1,False,-1
8527,SINGLE,0,0,1,False,-1
8528,SINGLE,0,0,1,False,-1
8529,TRIPLE,1,1,1,False,-1
8530,DOUBLE,0,1,1,False,-1
8531,SINGLE,0,0,1,False,-1
8532,TRIPLE,1,1,1,False,-1
8533,DOUBLE,0,1,1,False,-1
8534,DOUBLE,0,1,1,False,-1
8535,SINGLE,0,0,1,False,-1
8536,TRIPLE,1,1,1,False,-1
8537,SINGLE,0,0,1,False,-1
8538,TRIPLE,1,1,1,False,-1
8539,TRIPLE,1,1,1,False,-1
8540,TRIPLE,1,1,1,False,-1
8541,TRIPLE,1,1,1,False,-1
8542,SINGLE,0,0,1,False,-1
8543,TRIPLE,1,1,1,False,-1
8544,DOUBLE,0,1,1,False,-1
8545,SINGLE,0,0,1,False,-1
8546,DOUBLE,0,1,1,False,-1
8547,TRIPLE,1,1,1,False,-1
8548,TRIPLE,1,1,1,False,-1
8549,SINGLE,0,0,1,False,-1
8550,TRIPLE,1,1,1,False,-1
8551,SINGLE,0,0,1,False,-1
8552,TRIPLE,1,1,1,False,-1
8553,DOUBLE,0,1,1,False,-1
8554,DOUBLE,0,1,1,False,-1
8555,TRIPLE,1,1,1,False,-1
8556,DOUBLE,0,1,1,False,-1
8557,DOUBLE,0,1,1,False,-1
8558,TRIPLE,1,1,1,False,-1
8559,TRIPLE,1,1,1,False,-1
8560,TRIPLE,1,1,1,False,-1
8561,TRIPLE,1,1,1,False,-1
8562,DOUBLE,0,1,1,False,-1
8563,TRIPLE,1,1,1,False,-1
8564,DOUBLE,0,1,1,False,-1
8565,TRIPLE,1,1,1,False,-1
8566,TRIPLE,1,1,1,False,-1
8567,TRIPLE,1,1,1,False,-1
8568,SINGLE,0,0,1,False,-1
8569,TRIPLE,1,1,1,False,-1
8570,DOUBLE,0,1,1,False,-1
8571,TRIPLE,1,1,1,False,-1
8572,DOUBLE,0,1,1,False,-1
8573,TRIPLE,1,1,1,False,-1
8574,TRIPLE,1,1,1,False,-1
8575,TRIPLE,1,1,1,False,-1
8576,TRIPLE,1,1,1,False,-1
8577,TRIPLE,1,1,1,False,-1
8578,TRIPLE,1,1,1,False,-1
8579,TRIPLE,1,1,1,False,-1
8580,DOUBLE,0,1,1,False,-1
8581,TRIPLE,1,1,1,False,-1
8582,TRIPLE,1,1,1,False,-1
8583,TRIPLE,1,1,1,False,-1
8584,TRIPLE,1,1,1,False,-1
8585,DOUBLE,0,1,1,False,-1
8586,DOUBLE,0,1,1,False,-1
8587,TRIPLE,1,1,1,False,-1
8588,SINGLE,0,0,1,False,-1
8589,DOUBLE,0,1,1,False,-1
8590,TRIPLE,1,1,1,False,-1
8591,DOUBLE,0,1,1,False,-1
8592,TRIPLE,1,1,1,False,-1
8593,DOUBLE,0,1,1,False,-1
8595,TRIPLE,1,1,1,False,-1
8596,TRIPLE,1,1,1,False,-1
8597,TRIPLE,1,1,1,False,-1
8598,TRIPLE,1,1,1,False,-1
8599,DOUBLE,0,1,1,False,-1
8600,TRIPLE,1,1,1,False,-1
8601,TRIPLE,1,1,1,False,-1
8602,DOUBLE,0,1,1,False,-1
8605,TRIPLE,1,1,1,False,-1
8606,DOUBLE,0,1,1,False,-1
8607,TRIPLE,1,1,1,False,-1
8608,TRIPLE,1,1,1,False,-1
8609,DOUBLE,0,1,1,False,-1
8610,TRIPLE,1,1,1,False,-1
8611,TRIPLE,1,1,1,False,-1
8612,DOUBLE,0,1,1,False,-1
8613,SINGLE,0,0,1,False,-1
8614,TRIPLE,1,1,1,False,-1
8615,TRIPLE,1,1,1,False,-1
8616,TRIPLE,1,1,1,False,-1
8617,SINGLE,0,0,1,False,-1
8618,DOUBLE,0,1,1,False,-1
8619,DOUBLE,0,1,1,False,-1
8620,TRIPLE,1,1,1,False,-1
8621,TRIPLE,1,1,1,False,-1
8622,TRIPLE,1,1,1,False,-1
8623,DOUBLE,0,1,1,False,-1
8624,TRIPLE,1,1,1,False,-1
8625,TRIPLE,1,1,1,False,-1
8626,DOUBLE,0,1,1,False,-1
8627,TRIPLE,1,1,1,False,-1
8628,DOUBLE,0,1,1,False,-1
8629,TRIPLE,1,1,1,False,-1
8630,SINGLE,0,0,1,False,-1
8631,DOUBLE,0,1,1,False,-1
8632,DOUBLE,0,1,1,False,-1
8633,DOUBLE,0,1,1,False,-1
8634,TRIPLE,1,1,1,False,-1
8635,TRIPLE,1,1,1,False,-1
8636,TRIPLE,1,1,1,False,-1
8637,SINGLE,0,0,1,False,-1
8638,TRIPLE,1,1,1,False,-1
8639,TRIPLE,1,1,1,False,-1
8640,TRIPLE,1,1,1,False,-1
8641,SINGLE,0,0,1,False,-1
8643,TRIPLE,1,1,1,False,-1
8644,DOUBLE,0,1,1,False,-1
8645,TRIPLE,1,1,1,False,-1
8646,DOUBLE,0,1,1,False,-1
8647,SINGLE,0,0,1,False,-1
8648,DOUBLE,0,1,1,False,-1
8649,TRIPLE,1,1,1,False,-1
8650,TRIPLE,1,1,1,False,-1
8651,SINGLE,0,0,1,False,-1
8652,SINGLE,0,0,1,False,-1
8653,TRIPLE,1,1,1,False,-1
8654,SINGLE,0,0,1,False,-1
8655,DOUBLE,0,1,1,False,-1
8656,DOUBLE,0,1,1,False,-1
8657,TRIPLE,1,1,1,False,-1
8658,TRIPLE,1,1,1,False,-1
8659,TRIPLE,1,1,1,False,-1
8660,DOUBLE,0,1,1,False,-1
8661,TRIPLE,1,1,1,False,-1
8662,TRIPLE,1,1,1,False,-1
8663,TRIPLE,1,1,1,False,-1
8664,SINGLE,0,0,1,False,-1
8665,TRIPLE,1,1,1,False,-1
8666,TRIPLE,1,1,1,False,-1
8667,SINGLE,0,0,1,False,-1
8668,TRIPLE,1,1,1,False,-1
8669,TRIPLE,1,1,1,False,-1
8670,TRIPLE,1,1,1,False,-1
8671,TRIPLE,1,1,1,False,-1
8672,TRIPLE,1,1,1,False,-1
8673,TRIPLE,1,1,1,False,-1
8674,DOUBLE,0,1,1,False,-1
8675,TRIPLE,1,1,1,False,-1
8676,DOUBLE,0,1,1,False,-1
8678,TRIPLE,1,1,1,False,-1
8680,DOUBLE,0,1,1,False,-1
8684,TRIPLE,1,1,1,False,-1
8685,DOUBLE,0,1,1,False,-1
8686,DOUBLE,0,1,1,False,-1
8687,SINGLE,0,0,1,False,-1
8688,TRIPLE,1,1,1,False,-1
8689,TRIPLE,1,1,1,False,-1
8690,TRIPLE,1,1,1,False,-1
8691,DOUBLE,0,1,1,False,-1
8692,DOUBLE,0,1,1,False,-1
8693,TRIPLE,1,1,1,False,-1
8694,TRIPLE,1,1,1,False,-1
8695,TRIPLE,1,1,1,False,-1
8696,TRIPLE,1,1,1,False,-1
8697,TRIPLE,1,1,1,False,-1
8698,DOUBLE,0,1,1,False,-1
8699,DOUBLE,0,1,1,False,-1
8700,TRIPLE,1,1,1,False,-1
8701,TRIPLE,1,1,1,False,-1
8702,TRIPLE,1,1,1,False,-1
8703,TRIPLE,1,1,1,False,-1
8704,SINGLE,0,0,1,False,-1
8705,TRIPLE,1,1,1,False,-1
8707,TRIPLE,1,1,1,False,-1
8708,DOUBLE,0,1,1,False,-1
8710,DOUBLE,0,1,1,False,-1
8711,TRIPLE,1,1,1,False,-1
8712,DOUBLE,0,1,1,False,-1
8713,TRIPLE,1,1,1,False,-1
8715,DOUBLE,0,1,1,False,-1
8716,DOUBLE,0,1,1,False,-1
8717,SINGLE,0,0,1,False,-1
8718,DOUBLE,0,1,1,False,-1
8719,TRIPLE,1,1,1,False,-1
8720,DOUBLE,0,1,1,False,-1
8721,TRIPLE,1,1,1,False,-1
8722,SINGLE,0,0,1,False,-1
8723,SINGLE,0,0,1,False,-1
8724,TRIPLE,1,1,1,False,-1
8725,SINGLE,0,0,1,False,-1
8726,TRIPLE,1,1,1,False,-1
8727,DOUBLE,0,1,1,False,-1
8728,SINGLE,0,0,1,False,-1
8729,DOUBLE,0,1,1,False,-1
8730,TRIPLE,1,1,1,False,-1
8731,TRIPLE,1,1,1,False,-1
8732,TRIPLE,1,1,1,False,-1
8733,SINGLE,0,0,1,False,-1
8734,TRIPLE,1,1,1,False,-1
8735,SINGLE,0,0,1,False,-1
8736,TRIPLE,1,1,1,False,-1
8737,SINGLE,0,0,1,False,-1
8738,TRIPLE,1,1,1,False,-1
8739,TRIPLE,1,1,1,False,-1
8740,SINGLE,0,0,1,False,-1
8741,DOUBLE,0,1,1,False,-1
8742,DOUBLE,0,1,1,False,-1
8743,TRIPLE,1,1,1,False,-1
8745,TRIPLE,1,1,1,False,-1
8746,TRIPLE,1,1,1,False,-1
8747,TRIPLE,1,1,1,False,-1
8748,SINGLE,0,0,1,False,-1
8749,TRIPLE,1,1,1,False,-1
8750,DOUBLE,0,1,1,False,-1
8751,TRIPLE,1,1,1,False,-1
8752,TRIPLE,1,1,1,False,-1
8753,TRIPLE,1,1,1,False,-1
8754,DOUBLE,0,1,1,False,-1
8755,DOUBLE,0,1,1,False,-1
8756,DOUBLE,0,1,1,False,-1
8757,TRIPLE,1,1,1,False,-1
8758,TRIPLE,1,1,1,False,-1
8759,TRIPLE,1,1,1,False,-1
8760,TRIPLE,1,1,1,False,-1
8761,TRIPLE,1,1,1,False,-1
8762,TRIPLE,1,1,1,False,-1
8763,TRIPLE,1,1,1,False,-1
8764,TRIPLE,1,1,1,False,-1
8765,TRIPLE,1,1,1,False,-1
8766,DOUBLE,0,1,1,False,-1
8767,DOUBLE,0,1,1,False,-1
8768,TRIPLE,1,1,1,False,-1
8769,TRIPLE,1,1,1,False,-1
8771,TRIPLE,1,1,1,False,-1
8772,TRIPLE,1,1,1,False,-1
8773,TRIPLE,1,1,1,False,-1
8774,TRIPLE,1,1,1,False,-1
8775,TRIPLE,1,1,1,False,-1
8776,SINGLE,0,0,1,False,-1
8777,TRIPLE,1,1,1,False,-1
8778,TRIPLE,1,1,1,False,-1
8779,DOUBLE,0,1,1,False,-1
8780,TRIPLE,1,1,1,False,-1
8781,DOUBLE,0,1,1,False,-1
8782,DOUBLE,0,1,1,False,-1
8783,TRIPLE,1,1,1,False,-1
8784,DOUBLE,0,1,1,False,-1
8785,TRIPLE,1,1,1,False,-1
8786,DOUBLE,0,1,1,False,-1
8787,DOUBLE,0,1,1,False,-1
8788,DOUBLE,0,1,1,False,-1
8790,SINGLE,0,0,1,False,-1
8791,TRIPLE,1,1,1,False,-1
8792,DOUBLE,0,1,1,False,-1
8793,TRIPLE,1,1,1,False,-1
8794,TRIPLE,1,1,1,False,-1
8795,DOUBLE,0,1,1,False,-1
8796,SINGLE,0,0,1,False,-1
8797,SINGLE,0,0,1,False,-1
8798,SINGLE,0,0,1,False,-1
8799,TRIPLE,1,1,1,False,-1
8800,DOUBLE,0,1,1,False,-1
8801,TRIPLE,1,1,1,False,-1
8802,TRIPLE,1,1,1,False,-1
8803,SINGLE,0,0,1,False,-1
8805,DOUBLE,0,1,1,False,-1
8806,TRIPLE,1,1,1,False,-1
8807,TRIPLE,1,1,1,False,-1
8808,DOUBLE,0,1,1,False,-1
8809,SINGLE,0,0,1,False,-1
8810,DOUBLE,0,1,1,False,-1
8811,TRIPLE,1,1,1,False,-1
8812,DOUBLE,0,1,1,False,-1
8813,DOUBLE,0,1,1,False,-1
8814,TRIPLE,1,1,1,False,-1
8815,DOUBLE,0,1,1,False,-1
8816,SINGLE,0,0,1,False,-1
8817,DOUBLE,0,1,1,False,-1
8818,DOUBLE,0,1,1,False,-1
8819,SINGLE,0,0,1,False,-1
8820,TRIPLE,1,1,1,False,-1
8821,TRIPLE,1,1,1,False,-1
8822,DOUBLE,0,1,1,False,-1
8823,DOUBLE,0,1,1,False,-1
8824,SINGLE,0,0,1,False,-1
8825,TRIPLE,1,1,1,False,-1
8826,SINGLE,0,0,1,False,-1
8827,DOUBLE,0,1,1,False,-1
8828,DOUBLE,0,1,1,False,-1
8829,TRIPLE,1,1,1,False,-1
8830,DOUBLE,0,1,1,False,-1
8831,DOUBLE,0,1,1,False,-1
8832,TRIPLE,1,1,1,False,-1
8833,DOUBLE,0,1,1,False,-1
8834,TRIPLE,1,1,1,False,-1
8835,DOUBLE,0,1,1,False,-1
8836,TRIPLE,1,1,1,False,-1
8837,DOUBLE,0,1,1,False,-1
8839,TRIPLE,1,1,1,False,-1
8840,TRIPLE,1,1,1,False,-1
8841,TRIPLE,1,1,1,False,-1
8842,DOUBLE,0,1,1,False,-1
8843,TRIPLE,1,1,1,False,-1
8844,TRIPLE,1,1,1,False,-1
8846,TRIPLE,1,1,1,False,-1
8847,SINGLE,0,0,1,False,-1
8848,TRIPLE,1,1,1,False,-1
8849,TRIPLE,1,1,1,False,-1
8851,DOUBLE,0,1,1,False,-1
8852,DOUBLE,0,1,1,False,-1
8853,TRIPLE,1,1,1,False,-1
8854,TRIPLE,1,1,1,False,-1
8855,DOUBLE,0,1,1,False,-1
8856,DOUBLE,0,1,1,False,-1
8857,TRIPLE,1,1,1,False,-1
8858,SINGLE,0,0,1,False,-1
8859,SINGLE,0,0,1,False,-1
8860,TRIPLE,1,1,1,False,-1
8861,SINGLE,0,0,1,False,-1
8862,TRIPLE,1,1,1,False,-1
8863,SINGLE,0,0,1,False,-1
8864,DOUBLE,0,1,1,False,-1
8865,SINGLE,0,0,1,False,-1
8866,DOUBLE,0,1,1,False,-1
8867,DOUBLE,0,1,1,False,-1
8868,TRIPLE,1,1,1,False,-1
8869,TRIPLE,1,1,1,False,-1
8870,DOUBLE,0,1,1,False,-1
8871,TRIPLE,1,1,1,False,-1
8873,SINGLE,0,0,1,False,-1
8874,TRIPLE,1,1,1,False,-1
8876,DOUBLE,0,1,1,False,-1
8877,TRIPLE,1,1,1,False,-1
8878,TRIPLE,1,1,1,False,-1
8879,TRIPLE,1,1,1,False,-1
8880,TRIPLE,1,1,1,False,-1
8881,DOUBLE,0,1,1,False,-1
8882,TRIPLE,1,1,1,False,-1
8883,TRIPLE,1,1,1,False,-1
8884,DOUBLE,0,1,1,False,-1
8885,TRIPLE,1,1,1,False,-1
8886,DOUBLE,0,1,1,False,-1
8887,DOUBLE,0,1,1,False,-1
8888,TRIPLE,1,1,1,False,-1
8889,TRIPLE,1,1,1,False,-1
8890,TRIPLE,1,1,1,False,-1
8891,DOUBLE,0,1,1,False,-1
8893,TRIPLE,1,1,1,False,-1
8894,SINGLE,0,0,1,False,-1
8896,TRIPLE,1,1,1,False,-1
8897,TRIPLE,1,1,1,False,-1
8898,TRIPLE,1,1,1,False,-1
8899,TRIPLE,1,1,1,False,-1
8900,TRIPLE,1,1,1,False,-1
8901,TRIPLE,1,1,1,False,-1
8903,DOUBLE,0,1,1,False,-1
8904,TRIPLE,1,1,1,False,-1
8905,TRIPLE,1,1,1,False,-1
8906,DOUBLE,0,1,1,False,-1
8907,TRIPLE,1,1,1,False,-1
8908,TRIPLE,1,1,1,False,-1
8909,TRIPLE,1,1,1,False,-1
8910,DOUBLE,0,1,1,False,-1
8911,DOUBLE,0,1,1,False,-1
8913,DOUBLE,0,1,1,False,-1
8914,TRIPLE,1,1,1,False,-1
8915,DOUBLE,0,1,1,False,-1
8916,TRIPLE,1,1,1,False,-1
8917,TRIPLE,1,1,1,False,-1
8919,TRIPLE,1,1,1,False,-1
8920,TRIPLE,1,1,1,False,-1
8921,TRIPLE,1,1,1,False,-1
8922,SINGLE,0,0,1,False,-1
8923,TRIPLE,1,1,1,False,-1
8924,DOUBLE,0,1,1,False,-1
8925,DOUBLE,0,1,1,False,-1
8926,SINGLE,0,0,1,False,-1
8927,TRIPLE,1,1,1,False,-1
8928,TRIPLE,1,1,1,False,-1
8930,TRIPLE,1,1,1,False,-1
8931,TRIPLE,1,1,1,False,-1
8932,TRIPLE,1,1,1,False,-1
8933,TRIPLE,1,1,1,False,-1
8934,TRIPLE,1,1,1,False,-1
8935,TRIPLE,1,1,1,False,-1
8936,TRIPLE,1,1,1,False,-1
8937,TRIPLE,1,1,1,False,-1
8938,TRIPLE,1,1,1,False,-1
8939,TRIPLE,1,1,1,False,-1
8940,TRIPLE,1,1,1,False,-1
8941,DOUBLE,0,1,1,False,-1
8942,TRIPLE,1,1,1,False,-1
8943,DOUBLE,0,1,1,False,-1
8944,DOUBLE,0,1,1,False,-1
8945,TRIPLE,1,1,1,False,-1
8946,DOUBLE,0,1,1,False,-1
8948,TRIPLE,1,1,1,False,-1
8949,DOUBLE,0,1,1,False,-1
8950,SINGLE,0,0,1,False,-1
8951,TRIPLE,1,1,1,False,-1
8952,SINGLE,0,0,1,False,-1
8953,TRIPLE,1,1,1,False,-1
8954,TRIPLE,1,1,1,False,-1
8955,SINGLE,0,0,1,False,-1
8956,SINGLE,0,0,1,False,-1
8958,TRIPLE,1,1,1,False,-1
8959,SINGLE,0,0,1,False,-1
8960,TRIPLE,1,1,1,False,-1
8961,DOUBLE,0,1,1,False,-1
8962,TRIPLE,1,1,1,False,-1
8963,DOUBLE,0,1,1,False,-1
8965,DOUBLE,0,1,1,False,-1
8966,TRIPLE,1,1,1,False,-1
8967,TRIPLE,1,1,1,False,-1
8969,TRIPLE,1,1,1,False,-1
8970,TRIPLE,1,1,1,False,-1
8971,TRIPLE,1,1,1,False,-1
8972,DOUBLE,0,1,1,False,-1
8973,DOUBLE,0,1,1,False,-1
8974,SINGLE,0,0,1,False,-1
8975,DOUBLE,0,1,1,False,-1
8976,SINGLE,0,0,1,False,-1
8977,TRIPLE,1,1,1,False,-1
8978,TRIPLE,1,1,1,False,-1
8979,SINGLE,0,0,1,False,-1
8980,TRIPLE,1,1,1,False,-1
8981,TRIPLE,1,1,1,False,-1
8982,TRIPLE,1,1,1,False,-1
8983,TRIPLE,1,1,1,False,-1
8984,TRIPLE,1,1,1,False,-1
8985,DOUBLE,0,1,1,False,-1
8987,TRIPLE,1,1,1,False,-1
8988,DOUBLE,0,1,1,False,-1
8989,SINGLE,0,0,1,False,-1
8990,SINGLE,0,0,1,False,-1
8991,TRIPLE,1,1,1,False,-1
8992,DOUBLE,0,1,1,False,-1
8993,TRIPLE,1,1,1,False,-1
8994,DOUBLE,0,1,1,False,-1
8995,DOUBLE,0,1,1,False,-1
8996,TRIPLE,1,1,1,False,-1
8997,DOUBLE,0,1,1,False,-1
8998,DOUBLE,0,1,1,False,-1
8999,SINGLE,0,0,1,False,-1
9000,SINGLE,0,0,1,False,-1
9001,DOUBLE,0,1,1,False,-1
9002,TRIPLE,1,1,1,False,-1
9003,DOUBLE,0,1,1,False,-1
9005,DOUBLE,0,1,1,False,-1
9006,TRIPLE,1,1,1,False,-1
9007,TRIPLE,1,1,1,False,-1
9008,TRIPLE,1,1,1,False,-1
9011,DOUBLE,0,1,1,False,-1
9012,DOUBLE,0,1,1,False,-1
9013,TRIPLE,1,1,1,False,-1
9014,TRIPLE,1,1,1,False,-1
9015,TRIPLE,1,1,1,False,-1
9016,DOUBLE,0,1,1,False,-1
9017,DOUBLE,0,1,1,False,-1
9018,SINGLE,0,0,1,False,-1
9019,DOUBLE,0,1,1,False,-1
9020,TRIPLE,1,1,1,False,-1
9022,SINGLE,0,0,1,False,-1
9023,DOUBLE,0,1,1,False,-1
9024,TRIPLE,1,1,1,False,-1
9025,DOUBLE,0,1,1,False,-1
9026,DOUBLE,0,1,1,False,-1
9027,TRIPLE,1,1,1,False,-1
9028,TRIPLE,1,1,1,False,-1
9029,TRIPLE,1,1,1,False,-1
9030,TRIPLE,1,1,1,False,-1
9031,TRIPLE,1,1,1,False,-1
9032,TRIPLE,1,1,1,False,-1
9034,TRIPLE,1,1,1,False,-1
9035,TRIPLE,1,1,1,False,-1
9036,DOUBLE,0,1,1,False,-1
9037,TRIPLE,1,1,1,False,-1
9038,TRIPLE,1,1,1,False,-1
9039,TRIPLE,1,1,1,False,-1
9040,TRIPLE,1,1,1,False,-1
9041,DOUBLE,0,1,1,False,-1
9043,TRIPLE,1,1,1,False,-1
9044,DOUBLE,0,1,1,False,-1
9046,DOUBLE,0,1,1,False,-1
9047,DOUBLE,0,1,1,False,-1
9048,TRIPLE,1,1,1,False,-1
9049,TRIPLE,1,1,1,False,-1
9050,TRIPLE,1,1,1,False,-1
9051,DOUBLE,0,1,1,False,-1
9052,TRIPLE,1,1,1,False,-1
9053,DOUBLE,0,1,1,False,-1
9054,TRIPLE,1,1,1,False,-1
9056,SINGLE,0,0,1,False,-1
9057,TRIPLE,1,1,1,False,-1
9058,TRIPLE,1,1,1,False,-1
9059,DOUBLE,0,1,1,False,-1
9060,DOUBLE,0,1,1,False,-1
9061,TRIPLE,1,1,1,False,-1
9062,SINGLE,0,0,1,False,-1
9063,TRIPLE,1,1,1,False,-1
9064,TRIPLE,1,1,1,False,-1
9065,DOUBLE,0,1,1,False,-1
9066,SINGLE,0,0,1,False,-1
9068,DOUBLE,0,1,1,False,-1
9069,DOUBLE,0,1,1,False,-1
9070,TRIPLE,1,1,1,False,-1
9071,SINGLE,0,0,1,False,-1
9072,TRIPLE,1,1,1,False,-1
9073,TRIPLE,1,1,1,False,-1
9074,DOUBLE,0,1,1,False,-1
9075,DOUBLE,0,1,1,False,-1
9076,TRIPLE,1,1,1,False,-1
9077,SINGLE,0,0,1,False,-1
9078,TRIPLE,1,1,1,False,-1
9079,DOUBLE,0,1,1,False,-1
9080,DOUBLE,0,1,1,False,-1
9081,TRIPLE,1,1,1,False,-1
9082,SINGLE,0,0,1,False,-1
9083,DOUBLE,0,1,1,False,-1
9084,DOUBLE,0,1,1,False,-1
9085,DOUBLE,0,1,1,False,-1
9086,DOUBLE,0,1,1,False,-1
9087,SINGLE,0,0,1,False,-1
9088,TRIPLE,1,1,1,False,-1
9089,DOUBLE,0,1,1,False,-1
9090,TRIPLE,1,1,1,False,-1
9091,TRIPLE,1,1,1,False,-1
9092,DOUBLE,0,1,1,False,-1
9094,TRIPLE,1,1,1,False,-1
9095,TRIPLE,1,1,1,False,-1
9096,TRIPLE,1,1,1,False,-1
9097,DOUBLE,0,1,1,False,-1
9098,DOUBLE,0,1,1,False,-1
9100,SINGLE,0,0,1,False,-1
9101,TRIPLE,1,1,1,False,-1
9102,SINGLE,0,0,1,False,-1
9103,DOUBLE,0,1,1,False,-1
9104,TRIPLE,1,1,1,False,-1
9105,TRIPLE,1,1,1,False,-1
9106,TRIPLE,1,1,1,False,-1
9107,DOUBLE,0,1,1,False,-1
9108,TRIPLE,1,1,1,False,-1
9109,SINGLE,0,0,1,False,-1
9110,SINGLE,0,0,1,False,-1
9111,DOUBLE,0,1,1,False,-1
9112,TRIPLE,1,1,1,False,-1
9113,TRIPLE,1,1,1,False,-1
9114,TRIPLE,1,1,1,False,-1
9116,TRIPLE,1,1,1,False,-1
9117,SINGLE,0,0,1,False,-1
9118,TRIPLE,1,1,1,False,-1
9119,TRIPLE,1,1,1,False,-1
9120,TRIPLE,1,1,1,False,-1
9121,TRIPLE,1,1,1,False,-1
9122,SINGLE,0,0,1,False,-1
9123,SINGLE,0,0,1,False,-1
9124,TRIPLE,1,1,1,False,-1
9125,TRIPLE,1,1,1,False,-1
9126,DOUBLE,0,1,1,False,-1
9127,DOUBLE,0,1,1,False,-1
9128,TRIPLE,1,1,1,False,-1
9129,DOUBLE,0,1,1,False,-1
9130,TRIPLE,1,1,1,False,-1
9131,DOUBLE,0,1,1,False,-1
9132,TRIPLE,1,1,1,False,-1
9134,DOUBLE,0,1,1,False,-1
9135,TRIPLE,1,1,1,False,-1
9136,DOUBLE,0,1,1,False,-1
9138,TRIPLE,1,1,1,False,-1
9139,TRIPLE,1,1,1,False,-1
9140,TRIPLE,1,1,1,False,-1
9141,TRIPLE,1,1,1,False,-1
9142,TRIPLE,1,1,1,False,-1
9143,TRIPLE,1,1,1,False,-1
9144,SINGLE,0,0,1,False,-1
9145,DOUBLE,0,1,1,False,-1
9146,DOUBLE,0,1,1,False,-1
9147,TRIPLE,1,1,1,False,-1
9149,TRIPLE,1,1,1,False,-1
9150,TRIPLE,1,1,1,False,-1
9151,DOUBLE,0,1,1,False,-1
9153,TRIPLE,1,1,1,False,-1
9154,TRIPLE,1,1,1,False,-1
9155,SINGLE,0,0,1,False,-1
9156,TRIPLE,1,1,1,False,-1
9157,TRIPLE,1,1,1,False,-1
9158,TRIPLE,1,1,1,False,-1
9159,DOUBLE,0,1,1,False,-1
9161,TRIPLE,1,1,1,False,-1
9162,TRIPLE,1,1,1,False,-1
9163,SINGLE,0,0,1,False,-1
9164,DOUBLE,0,1,1,False,-1
9165,TRIPLE,1,1,1,False,-1
9166,TRIPLE,1,1,1,False,-1
9167,TRIPLE,1,1,1,False,-1
9169,TRIPLE,1,1,1,False,-1
9170,TRIPLE,1,1,1,False,-1
9171,TRIPLE,1,1,1,False,-1
9172,TRIPLE,1,1,1,False,-1
9173,TRIPLE,1,1,1,False,-1
9174,DOUBLE,0,1,1,False,-1
9175,TRIPLE,1,1,1,False,-1
9176,TRIPLE,1,1,1,False,-1
9177,TRIPLE,1,1,1,False,-1
9178,DOUBLE,0,1,1,False,-1
9179,TRIPLE,1,1,1,False,-1
9180,DOUBLE,0,1,1,False,-1
9181,TRIPLE,1,1,1,False,-1
9182,TRIPLE,1,1,1,False,-1
9183,DOUBLE,0,1,1,False,-1
9184,TRIPLE,1,1,1,False,-1
9185,TRIPLE,1,1,1,False,-1
9186,DOUBLE,0,1,1,False,-1
9187,TRIPLE,1,1,1,False,-1
9188,TRIPLE,1,1,1,False,-1
9189,SINGLE,0,0,1,False,-1
9190,TRIPLE,1,1,1,False,-1
9191,TRIPLE,1,1,1,False,-1
9192,SINGLE,0,0,1,False,-1
9193,TRIPLE,1,1,1,False,-1
9195,DOUBLE,0,1,1,False,-1
9196,TRIPLE,1,1,1,False,-1
9197,TRIPLE,1,1,1,False,-1
9198,DOUBLE,0,1,1,False,-1
9199,TRIPLE,1,1,1,False,-1
9200,TRIPLE,1,1,1,False,-1
9201,TRIPLE,1,1,1,False,-1
9202,TRIPLE,1,1,1,False,-1
9203,TRIPLE,1,1,1,False,-1
9204,TRIPLE,1,1,1,False,-1
9205,TRIPLE,1,1,1,False,-1
9206,DOUBLE,0,1,1,False,-1
9207,DOUBLE,0,1,1,False,-1
9208,TRIPLE,1,1,1,False,-1
9209,TRIPLE,1,1,1,False,-1
9210,TRIPLE,1,1,1,False,-1
9211,SINGLE,0,0,1,False,-1
9212,TRIPLE,1,1,1,False,-1
9213,SINGLE,0,0,1,False,-1
9214,TRIPLE,1,1,1,False,-1
9215,TRIPLE,1,1,1,False,-1
9216,DOUBLE,0,1,1,False,-1
9217,TRIPLE,1,1,1,False,-1
9218,DOUBLE,0,1,1,False,-1
9219,DOUBLE,0,1,1,False,-1
9220,TRIPLE,1,1,1,False,-1
9221,TRIPLE,1,1,1,False,-1
9222,TRIPLE,1,1,1,False,-1
9223,DOUBLE,0,1,1,False,-1
9224,TRIPLE,1,1,1,False,-1
9225,TRIPLE,1,1,1,False,-1
9226,TRIPLE,1,1,1,False,-1
9227,SINGLE,0,0,1,False,-1
9228,DOUBLE,0,1,1,False,-1
9229,TRIPLE,1,1,1,False,-1
9230,DOUBLE,0,1,1,False,-1
9231,TRIPLE,1,1,1,False,-1
9232,SINGLE,1,0,0,False,-1
9233,TRIPLE,1,1,1,False,-1
9234,TRIPLE,1,1,1,False,-1
9235,SINGLE,0,0,1,False,-1
9236,TRIPLE,1,1,1,False,-1
9237,SINGLE,0,0,1,False,-1
9238,SINGLE,0,0,1,False,-1
9239,SINGLE,0,0,1,False,-1
9240,TRIPLE,1,1,1,False,-1
9241,DOUBLE,0,1,1,False,-1
9242,TRIPLE,1,1,1,False,-1
9243,TRIPLE,1,1,1,False,-1
9244,DOUBLE,0,1,1,False,-1
9245,SINGLE,0,0,1,False,-1
9246,DOUBLE,0,1,1,False,-1
9247,TRIPLE,1,1,1,False,-1
9248,TRIPLE,1,1,1,False,-1
9249,TRIPLE,1,1,1,False,-1
9250,TRIPLE,1,1,1,False,-1
9251,SINGLE,0,0,1,False,-1
9252,DOUBLE,0,1,1,False,-1
9253,TRIPLE,1,1,1,False,-1
9254,DOUBLE,0,1,1,False,-1
9255,TRIPLE,1,1,1,False,-1
9256,SINGLE,0,0,1,False,-1
9257,TRIPLE,1,1,1,False,-1
9258,TRIPLE,1,1,1,False,-1
9260,TRIPLE,1,1,1,False,-1
9261,TRIPLE,1,1,1,False,-1
9262,DOUBLE,0,1,1,False,-1
9263,TRIPLE,1,1,1,False,-1
9265,TRIPLE,1,1,1,False,-1
9266,SINGLE,0,0,1,False,-1
9267,TRIPLE,1,1,1,False,-1
9268,TRIPLE,1,1,1,False,-1
9269,TRIPLE,1,1,1,False,-1
9270,TRIPLE,1,1,1,False,-1
9271,TRIPLE,1,1,1,False,-1
9272,DOUBLE,0,1,1,False,-1
9274,TRIPLE,1,1,1,False,-1
9275,SINGLE,0,0,1,False,-1
9276,SINGLE,0,0,1,False,-1
9277,DOUBLE,0,1,1,False,-1
9278,TRIPLE,1,1,1,False,-1
9280,TRIPLE,1,1,1,False,-1
9281,SINGLE,0,0,1,False,-1
9282,TRIPLE,1,1,1,False,-1
9284,TRIPLE,1,1,1,False,-1
9285,DOUBLE,0,1,1,False,-1
9286,TRIPLE,1,1,1,False,-1
9287,TRIPLE,1,1,1,False,-1
9288,TRIPLE,1,1,1,False,-1
9289,TRIPLE,1,1,1,False,-1
9290,DOUBLE,0,1,1,False,-1
9291,TRIPLE,1,1,1,False,-1
9292,DOUBLE,0,1,1,False,-1
9293,TRIPLE,1,1,1,False,-1
9295,TRIPLE,1,1,1,False,-1
9296,TRIPLE,1,1,1,False,-1
9297,TRIPLE,1,1,1,False,-1
9298,TRIPLE,1,1,1,False,-1
9299,TRIPLE,1,1,1,False,-1
9301,TRIPLE,1,1,1,False,-1
9302,DOUBLE,0,1,1,False,-1
9303,SINGLE,0,0,1,False,-1
9304,TRIPLE,1,1,1,False,-1
9305,TRIPLE,1,1,1,False,-1
9306,TRIPLE,1,1,1,False,-1
9307,TRIPLE,1,1,1,False,-1
9308,DOUBLE,0,1,1,False,-1
9309,TRIPLE,1,1,1,False,-1
9310,TRIPLE,1,1,1,False,-1
9311,TRIPLE,1,1,1,False,-1
9312,TRIPLE,1,1,1,False,-1
9313,TRIPLE,1,1,1,False,-1
9315,DOUBLE,0,1,1,False,-1
9316,TRIPLE,1,1,1,False,-1
9317,TRIPLE,1,1,1,False,-1
9318,DOUBLE,0,1,1,False,-1
9319,TRIPLE,1,1,1,False,-1
9320,TRIPLE,1,1,1,False,-1
9321,TRIPLE,1,1,1,False,-1
9322,TRIPLE,1,1,1,False,-1
9323,DOUBLE,0,1,1,False,-1
9324,TRIPLE,1,1,1,False,-1
9325,TRIPLE,1,1,1,False,-1
9326,TRIPLE,1,1,1,False,-1
9327,DOUBLE,0,1,1,False,-1
9328,DOUBLE,0,1,1,False,-1
9329,SINGLE,0,0,1,False,-1
9330,SINGLE,0,0,1,False,-1
9331,TRIPLE,1,1,1,False,-1
9332,TRIPLE,1,1,1,False,-1
9333,TRIPLE,1,1,1,False,-1
9334,TRIPLE,1,1,1,False,-1
9335,TRIPLE,1,1,1,False,-1
9337,DOUBLE,0,1,1,False,-1
9339,TRIPLE,1,1,1,False,-1
9340,TRIPLE,1,1,1,False,-1
9341,TRIPLE,1,1,1,False,-1
9342,SINGLE,0,0,1,False,-1
9343,SINGLE,0,0,1,False,-1
9344,TRIPLE,1,1,1,False,-1
9345,TRIPLE,1,1,1,False,-1
9346,TRIPLE,1,1,1,False,-1
9347,DOUBLE,0,1,1,False,-1
9348,TRIPLE,1,1,1,False,-1
9349,SINGLE,0,0,1,False,-1
9350,TRIPLE,1,1,1,False,-1
9351,TRIPLE,1,1,1,False,-1
9353,DOUBLE,0,1,1,False,-1
9354,TRIPLE,1,1,1,False,-1
9355,TRIPLE,1,1,1,False,-1
9356,SINGLE,0,0,1,False,-1
9357,SINGLE,0,0,1,False,-1
9358,TRIPLE,1,1,1,False,-1
9359,TRIPLE,1,1,1,False,-1
9360,TRIPLE,1,1,1,False,-1
9361,SINGLE,0,0,1,False,-1
9362,TRIPLE,1,1,1,False,-1
9363,TRIPLE,1,1,1,False,-1
9364,TRIPLE,1,1,1,False,-1
9365,TRIPLE,1,1,1,False,-1
9366,TRIPLE,1,1,1,False,-1
9367,SINGLE,0,0,1,False,-1
9370,DOUBLE,0,1,1,False,-1
9371,TRIPLE,1,1,1,False,-1
9372,SINGLE,0,0,1,False,-1
9373,SINGLE,0,0,1,False,-1
9374,TRIPLE,1,1,1,False,-1
9375,TRIPLE,1,1,1,False,-1
9377,SINGLE,0,0,1,False,-1
9378,TRIPLE,1,1,1,False,-1
9379,TRIPLE,1,1,1,False,-1
9380,TRIPLE,1,1,1,False,-1
9381,TRIPLE,1,1,1,False,-1
9382,SINGLE,0,0,1,False,-1
9383,TRIPLE,1,1,1,False,-1
9384,DOUBLE,0,1,1,False,-1
9386,SINGLE,0,0,1,False,-1
9387,SINGLE,0,0,1,False,-1
9388,TRIPLE,1,1,1,False,-1
9390,TRIPLE,1,1,1,False,-1
9391,SINGLE,0,0,1,False,-1
9392,DOUBLE,0,1,1,False,-1
9393,DOUBLE,0,1,1,False,-1
9394,SINGLE,0,0,1,False,-1
9395,TRIPLE,1,1,1,False,-1
9396,TRIPLE,1,1,1,False,-1
9397,TRIPLE,1,1,1,False,-1
9398,TRIPLE,1,1,1,False,-1
9399,DOUBLE,0,1,1,False,-1
9400,TRIPLE,1,1,1,False,-1
9401,TRIPLE,1,1,1,False,-1
9402,TRIPLE,1,1,1,False,-1
9403,SINGLE,0,0,1,False,-1
9404,TRIPLE,1,1,1,False,-1
9405,TRIPLE,1,1,1,False,-1
9406,TRIPLE,1,1,1,False,-1
9407,TRIPLE,1,1,1,False,-1
9408,DOUBLE,0,1,1,False,-1
9409,TRIPLE,1,1,1,False,-1
9410,TRIPLE,1,1,1,False,-1
9412,DOUBLE,0,1,1,False,-1
9413,TRIPLE,1,1,1,False,-1
9414,DOUBLE,0,1,1,False,-1
9415,DOUBLE,0,1,1,False,-1
9417,TRIPLE,1,1,1,False,-1
9418,TRIPLE,1,1,1,False,-1
9419,SINGLE,0,0,1,False,-1
9420,TRIPLE,1,1,1,False,-1
9421,TRIPLE,1,1,1,False,-1
9422,TRIPLE,1,1,1,False,-1
9423,SINGLE,0,0,1,False,-1
9424,DOUBLE,0,1,1,False,-1
9425,TRIPLE,1,1,1,False,-1
9426,SINGLE,0,0,1,False,-1
9427,DOUBLE,0,1,1,False,-1
9428,TRIPLE,1,1,1,False,-1
9429,TRIPLE,1,1,1,False,-1
9430,TRIPLE,1,1,1,False,-1
9431,SINGLE,0,0,1,False,-1
9432,TRIPLE,1,1,1,False,-1
9433,SINGLE,0,0,1,False,-1
9434,TRIPLE,1,1,1,False,-1
9435,TRIPLE,1,1,1,False,-1
9436,TRIPLE,1,1,1,False,-1
9437,TRIPLE,1,1,1,False,-1
9438,DOUBLE,0,1,1,False,-1
9439,DOUBLE,0,1,1,False,-1
9441,SINGLE,0,0,1,False,-1
9442,DOUBLE,0,1,1,False,-1
9443,TRIPLE,1,1,1,False,-1
9444,TRIPLE,1,1,1,False,-1
9445,TRIPLE,1,1,1,False,-1
9446,SINGLE,0,0,1,False,-1
9447,TRIPLE,1,1,1,False,-1
9448,DOUBLE,0,1,1,False,-1
9449,TRIPLE,1,1,1,False,-1
9450,TRIPLE,1,1,1,False,-1
9451,DOUBLE,0,1,1,False,-1
9452,TRIPLE,1,1,1,False,-1
9453,TRIPLE,1,1,1,False,-1
9454,DOUBLE,0,1,1,False,-1
9455,TRIPLE,1,1,1,False,-1
9456,TRIPLE,1,1,1,False,-1
9458,SINGLE,0,0,1,False,-1
9461,TRIPLE,1,1,1,False,-1
9462,SINGLE,0,0,1,False,-1
9463,TRIPLE,1,1,1,False,-1
9464,DOUBLE,0,1,1,False,-1
9465,TRIPLE,1,1,1,False,-1
9466,TRIPLE,1,1,1,False,-1
9467,TRIPLE,1,1,1,False,-1
9468,TRIPLE,1,1,1,False,-1
9469,SINGLE,0,0,1,False,-1
9470,TRIPLE,1,1,1,False,-1
9471,TRIPLE,1,1,1,False,-1
9472,TRIPLE,1,1,1,False,-1
9473,TRIPLE,1,1,1,False,-1
9474,TRIPLE,1,1,1,False,-1
9475,DOUBLE,0,1,1,False,-1
9476,TRIPLE,1,1,1,False,-1
9478,TRIPLE,1,1,1,False,-1
9479,DOUBLE,0,1,1,False,-1
9480,TRIPLE,1,1,1,False,-1
9481,SINGLE,0,0,1,False,-1
9482,TRIPLE,1,1,1,False,-1
9483,DOUBLE,0,1,1,False,-1
9484,TRIPLE,1,1,1,False,-1
9485,TRIPLE,1,1,1,False,-1
9487,DOUBLE,0,1,1,False,-1
9488,TRIPLE,1,1,1,False,-1
9491,TRIPLE,1,1,1,False,-1
9492,DOUBLE,0,1,1,False,-1
9493,DOUBLE,0,1,1,False,-1
9494,TRIPLE,1,1,1,False,-1
9495,DOUBLE,0,1,1,False,-1
9496,SINGLE,0,0,1,False,-1
9497,DOUBLE,0,1,1,False,-1
9498,TRIPLE,1,1,1,False,-1
9499,DOUBLE,0,1,1,False,-1
9501,TRIPLE,1,1,1,False,-1
9502,DOUBLE,0,1,1,False,-1
9503,TRIPLE,1,1,1,False,-1
9504,TRIPLE,1,1,1,False,-1
9505,TRIPLE,1,1,1,False,-1
9506,TRIPLE,1,1,1,False,-1
9507,TRIPLE,1,1,1,False,-1
9508,SINGLE,0,0,1,False,-1
9509,DOUBLE,0,1,1,False,-1
9511,DOUBLE,0,1,1,False,-1
9512,DOUBLE,0,1,1,False,-1
9514,TRIPLE,1,1,1,False,-1
9515,DOUBLE,0,1,1,False,-1
9516,DOUBLE,0,1,1,False,-1
9517,TRIPLE,1,1,1,False,-1
9518,TRIPLE,1,1,1,False,-1
9519,TRIPLE,1,1,1,False,-1
9520,SINGLE,0,0,1,False,-1
9521,TRIPLE,1,1,1,False,-1
9522,TRIPLE,1,1,1,False,-1
9523,DOUBLE,0,1,1,False,-1
9524,DOUBLE,0,1,1,False,-1
9525,TRIPLE,1,1,1,False,-1
9526,SINGLE,0,0,1,False,-1
9527,TRIPLE,1,1,1,False,-1
9528,DOUBLE,0,1,1,False,-1
9529,TRIPLE,1,1,1,False,-1
9531,TRIPLE,1,1,1,False,-1
9532,DOUBLE,0,1,1,False,-1
9534,TRIPLE,1,1,1,False,-1
9535,SINGLE,0,0,1,False,-1
9536,TRIPLE,1,1,1,False,-1
9537,TRIPLE,1,1,1,False,-1
9538,SINGLE,0,0,1,False,-1
9539,TRIPLE,1,1,1,False,-1
9540,DOUBLE,0,1,1,False,-1
9541,DOUBLE,0,1,1,False,-1
9542,TRIPLE,1,1,1,False,-1
9543,TRIPLE,1,1,1,False,-1
9544,SINGLE,0,0,1,False,-1
9547,DOUBLE,0,1,1,False,-1
9548,DOUBLE,0,1,1,False,-1
9549,DOUBLE,0,1,1,False,-1
9550,TRIPLE,1,1,1,False,-1
9551,TRIPLE,1,1,1,False,-1
9552,SINGLE,0,0,1,False,-1
9553,TRIPLE,1,1,1,False,-1
9554,TRIPLE,1,1,1,False,-1
9555,DOUBLE,0,1,1,False,-1
9556,TRIPLE,1,1,1,False,-1
9557,SINGLE,0,0,1,False,-1
9558,DOUBLE,0,1,1,False,-1
9559,DOUBLE,0,1,1,False,-1
9560,TRIPLE,1,1,1,False,-1
9561,TRIPLE,1,1,1,False,-1
9562,DOUBLE,0,1,1,False,-1
9563,DOUBLE,0,1,1,False,-1
9564,DOUBLE,0,1,1,False,-1
9565,TRIPLE,1,1,1,False,-1
9566,TRIPLE,1,1,1,False,-1
9567,DOUBLE,0,1,1,False,-1
9568,TRIPLE,1,1,1,False,-1
9569,TRIPLE,1,1,1,False,-1
9571,DOUBLE,0,1,1,False,-1
9572,SINGLE,0,0,1,False,-1
9573,TRIPLE,1,1,1,False,-1
9574,DOUBLE,0,1,1,False,-1
9575,SINGLE,0,0,1,False,-1
9578,SINGLE,0,0,1,False,-1
9579,TRIPLE,1,1,1,False,-1
9580,TRIPLE,1,1,1,False,-1
9581,TRIPLE,1,1,1,False,-1
9582,TRIPLE,1,1,1,False,-1
9583,DOUBLE,0,1,1,False,-1
9584,TRIPLE,1,1,1,False,-1
9585,TRIPLE,1,1,1,False,-1
9586,SINGLE,0,0,1,False,-1
9587,SINGLE,0,0,1,False,-1
9588,TRIPLE,1,1,1,False,-1
9590,TRIPLE,1,1,1,False,-1
9591,DOUBLE,0,1,1,False,-1
9593,TRIPLE,1,1,1,False,-1
9594,DOUBLE,0,1,1,False,-1
9595,TRIPLE,1,1,1,False,-1
9596,DOUBLE,0,1,1,False,-1
9597,TRIPLE,1,1,1,False,-1
9598,DOUBLE,0,1,1,False,-1
9599,TRIPLE,1,1,1,False,-1
9600,TRIPLE,1,1,1,False,-1
9601,SINGLE,0,0,1,False,-1
9602,SINGLE,0,0,1,False,-1
9603,TRIPLE,1,1,1,False,-1
9604,TRIPLE,1,1,1,False,-1
9605,TRIPLE,1,1,1,False,-1
9606,DOUBLE,0,1,1,False,-1
9607,TRIPLE,1,1,1,False,-1
9608,TRIPLE,1,1,1,False,-1
9609,TRIPLE,1,1,1,False,-1
9610,TRIPLE,1,1,1,False,-1
9611,SINGLE,0,0,1,False,-1
9612,TRIPLE,1,1,1,False,-1
9613,TRIPLE,1,1,1,False,-1
9616,TRIPLE,1,1,1,False,-1
9617,TRIPLE,1,1,1,False,-1
9618,DOUBLE,0,1,1,False,-1
9619,DOUBLE,0,1,1,False,-1
9622,DOUBLE,0,1,1,False,-1
9623,TRIPLE,1,1,1,False,-1
9624,TRIPLE,1,1,1,False,-1
9625,TRIPLE,1,1,1,False,-1
9626,TRIPLE,1,1,1,False,-1
9627,TRIPLE,1,1,1,False,-1
9628,TRIPLE,1,1,1,False,-1
9629,SINGLE,0,0,1,False,-1
9630,TRIPLE,1,1,1,False,-1
9631,SINGLE,0,0,1,False,-1
9632,TRIPLE,1,1,1,False,-1
9633,TRIPLE,1,1,1,False,-1
9634,SINGLE,0,0,1,False,-1
9635,TRIPLE,1,1,1,False,-1
9636,TRIPLE,1,1,1,False,-1
9637,DOUBLE,0,1,1,False,-1
9638,TRIPLE,1,1,1,False,-1
9639,TRIPLE,1,1,1,False,-1
9640,TRIPLE,1,1,1,False,-1
9641,TRIPLE,1,1,1,False,-1
9642,TRIPLE,1,1,1,False,-1
9643,TRIPLE,1,1,1,False,-1
9644,SINGLE,0,0,1,False,-1
9646,DOUBLE,0,1,1,False,-1
9647,SINGLE,0,0,1,False,-1
9648,TRIPLE,1,1,1,False,-1
9649,TRIPLE,1,1,1,False,-1
9650,TRIPLE,1,1,1,False,-1
9651,TRIPLE,1,1,1,False,-1
9652,TRIPLE,1,1,1,False,-1
9653,TRIPLE,1,1,1,False,-1
9655,TRIPLE,1,1,1,False,-1
9656,TRIPLE,1,1,1,False,-1
9657,TRIPLE,1,1,1,False,-1
9658,TRIPLE,1,1,1,False,-1
9660,TRIPLE,1,1,1,False,-1
9661,TRIPLE,1,1,1,False,-1
9662,TRIPLE,1,1,1,False,-1
9663,TRIPLE,1,1,1,False,-1
9664,TRIPLE,1,1,1,False,-1
9665,DOUBLE,1,0,1,False,-1
9666,TRIPLE,1,1,1,False,-1
9667,TRIPLE,1,1,1,False,-1
9668,TRIPLE,1,1,1,False,-1
9669,DOUBLE,0,1,1,False,-1
9670,DOUBLE,0,1,1,False,-1
9671,SINGLE,0,0,1,False,-1
9672,SINGLE,0,0,1,False,-1
9673,TRIPLE,1,1,1,False,-1
9674,TRIPLE,1,1,1,False,-1
9675,TRIPLE,1,1,1,False,-1
9676,TRIPLE,1,1,1,False,-1
9677,DOUBLE,0,1,1,False,-1
9678,SINGLE,0,0,1,False,-1
9679,DOUBLE,0,1,1,False,-1
9680,TRIPLE,1,1,1,False,-1
9681,DOUBLE,0,1,1,False,-1
9682,TRIPLE,1,1,1,False,-1
9683,SINGLE,0,0,1,False,-1
9684,TRIPLE,1,1,1,False,-1
9685,TRIPLE,1,1,1,False,-1
9686,TRIPLE,1,1,1,False,-1
9687,TRIPLE,1,1,1,False,-1
9688,TRIPLE,1,1,1,False,-1
9689,TRIPLE,1,1,1,False,-1
9690,DOUBLE,0,1,1,False,-1
9691,DOUBLE,0,1,1,False,-1
9692,DOUBLE,0,1,1,False,-1
9693,TRIPLE,1,1,1,False,-1
9694,DOUBLE,0,1,1,False,-1
9695,DOUBLE,0,1,1,False,-1
9696,TRIPLE,1,1,1,False,-1
9697,DOUBLE,0,1,1,False,-1
9698,TRIPLE,1,1,1,False,-1
9699,DOUBLE,0,1,1,False,-1
9701,TRIPLE,1,1,1,False,-1
9702,DOUBLE,0,1,1,False,-1
9703,TRIPLE,1,1,1,False,-1
9704,DOUBLE,0,1,1,False,-1
9705,DOUBLE,0,1,1,False,-1
9707,TRIPLE,1,1,1,False,-1
9709,TRIPLE,1,1,1,False,-1
9710,TRIPLE,1,1,1,False,-1
9711,DOUBLE,0,1,1,False,-1
9714,DOUBLE,0,1,1,False,-1
9715,SINGLE,0,0,1,False,-1
9716,DOUBLE,0,1,1,False,-1
9717,SINGLE,0,0,1,False,-1
9718,TRIPLE,1,1,1,False,-1
9720,SINGLE,0,0,1,False,-1
9721,TRIPLE,1,1,1,False,-1
9722,SINGLE,0,0,1,False,-1
9723,TRIPLE,1,1,1,False,-1
9724,TRIPLE,1,1,1,False,-1
9725,DOUBLE,0,1,1,False,-1
9726,TRIPLE,1,1,1,False,-1
9727,SINGLE,0,0,1,False,-1
9728,SINGLE,0,0,1,False,-1
9729,TRIPLE,1,1,1,False,-1
9730,DOUBLE,0,1,1,False,-1
9731,DOUBLE,0,1,1,False,-1
9732,TRIPLE,1,1,1,False,-1
9733,TRIPLE,1,1,1,False,-1
9734,SINGLE,0,0,1,False,-1
9735,TRIPLE,1,1,1,False,-1
9736,DOUBLE,0,1,1,False,-1
9737,TRIPLE,1,1,1,False,-1
9738,TRIPLE,1,1,1,False,-1
9739,DOUBLE,0,1,1,False,-1
9741,TRIPLE,1,1,1,False,-1
9742,SINGLE,0,0,1,False,-1
9743,DOUBLE,0,1,1,False,-1
9744,DOUBLE,0,1,1,False,-1
9746,TRIPLE,1,1,1,False,-1
9747,TRIPLE,1,1,1,False,-1
9748,TRIPLE,1,1,1,False,-1
9749,TRIPLE,1,1,1,False,-1
9750,TRIPLE,1,1,1,False,-1
9751,TRIPLE,1,1,1,False,-1
9752,DOUBLE,0,1,1,False,-1
9753,DOUBLE,0,1,1,False,-1
9754,TRIPLE,1,1,1,False,-1
9755,SINGLE,0,0,1,False,-1
9756,DOUBLE,0,1,1,False,-1
9757,DOUBLE,0,1,1,False,-1
9758,SINGLE,0,0,1,False,-1
9759,TRIPLE,1,1,1,False,-1
9760,DOUBLE,0,1,1,False,-1
9761,TRIPLE,1,1,1,False,-1
9762,SINGLE,0,0,1,False,-1
9763,DOUBLE,0,1,1,False,-1
9764,TRIPLE,1,1,1,False,-1
9765,TRIPLE,1,1,1,False,-1
9766,TRIPLE,1,1,1,False,-1
9767,TRIPLE,1,1,1,False,-1
9768,TRIPLE,1,1,1,False,-1
9769,SINGLE,0,0,1,False,-1
9770,DOUBLE,0,1,1,False,-1
9771,SINGLE,0,0,1,False,-1
9772,DOUBLE,0,1,1,False,-1
9775,TRIPLE,1,1,1,False,-1
9776,SINGLE,0,0,1,False,-1
9777,TRIPLE,1,1,1,False,-1
9778,TRIPLE,1,1,1,False,-1
9779,DOUBLE,0,1,1,False,-1
9780,TRIPLE,1,1,1,False,-1
9782,TRIPLE,1,1,1,False,-1
9783,DOUBLE,0,1,1,False,-1
9784,TRIPLE,1,1,1,False,-1
9785,TRIPLE,1,1,1,False,-1
9786,SINGLE,0,0,1,False,-1
9787,TRIPLE,1,1,1,False,-1
9788,TRIPLE,1,1,1,False,-1
9789,TRIPLE,1,1,1,False,-1
9790,DOUBLE,0,1,1,False,-1
9791,DOUBLE,0,1,1,False,-1
9792,TRIPLE,1,1,1,False,-1
9793,TRIPLE,1,1,1,False,-1
9795,TRIPLE,1,1,1,False,-1
9796,DOUBLE,0,1,1,False,-1
9797,DOUBLE,0,1,1,False,-1
9799,SINGLE,0,0,1,False,-1
9800,DOUBLE,0,1,1,False,-1
9801,TRIPLE,1,1,1,False,-1
9802,DOUBLE,0,1,1,False,-1
9803,TRIPLE,1,1,1,False,-1
9804,SINGLE,0,0,1,False,-1
9805,TRIPLE,1,1,1,False,-1
9806,DOUBLE,0,1,1,False,-1
9807,TRIPLE,1,1,1,False,-1
9808,TRIPLE,1,1,1,False,-1
9809,TRIPLE,1,1,1,False,-1
9810,TRIPLE,1,1,1,False,-1
9811,TRIPLE,1,1,1,False,-1
9812,TRIPLE,1,1,1,False,-1
9813,TRIPLE,1,1,1,False,-1
9814,TRIPLE,1,1,1,False,-1
9815,DOUBLE,0,1,1,False,-1
9816,DOUBLE,0,1,1,False,-1
9817,TRIPLE,1,1,1,False,-1
9818,TRIPLE,1,1,1,False,-1
9819,TRIPLE,1,1,1,False,-1
9820,DOUBLE,0,1,1,False,-1
9821,DOUBLE,0,1,1,False,-1
9822,SINGLE,0,0,1,False,-1
9823,SINGLE,0,0,1,False,-1
9824,TRIPLE,1,1,1,False,-1
9825,TRIPLE,1,1,1,False,-1
9827,DOUBLE,0,1,1,False,-1
9828,DOUBLE,0,1,1,False,-1
9829,SINGLE,0,0,1,False,-1
9830,TRIPLE,1,1,1,False,-1
9831,SINGLE,0,0,1,False,-1
9832,DOUBLE,0,1,1,False,-1
9833,SINGLE,0,0,1,False,-1
9834,TRIPLE,1,1,1,False,-1
9835,TRIPLE,1,1,1,False,-1
9836,SINGLE,0,0,1,False,-1
9837,TRIPLE,1,1,1,False,-1
9838,TRIPLE,1,1,1,False,-1
9839,TRIPLE,1,1,1,False,-1
9840,SINGLE,0,0,1,False,-1
9841,SINGLE,0,0,1,False,-1
9842,DOUBLE,0,1,1,False,-1
9843,SINGLE,0,0,1,False,-1
9844,TRIPLE,1,1,1,False,-1
9845,SINGLE,0,0,1,False,-1
9846,TRIPLE,1,1,1,False,-1
9847,SINGLE,0,0,1,False,-1
9848,TRIPLE,1,1,1,False,-1
9850,SINGLE,0,0,1,False,-1
9851,SINGLE,0,0,1,False,-1
9852,DOUBLE,0,1,1,False,-1
9853,TRIPLE,1,1,1,False,-1
9854,TRIPLE,1,1,1,False,-1
9855,TRIPLE,1,1,1,False,-1
9856,TRIPLE,1,1,1,False,-1
9858,TRIPLE,1,1,1,False,-1
9859,TRIPLE,1,1,1,False,-1
9860,TRIPLE,1,1,1,False,-1
9861,DOUBLE,0,1,1,False,-1
9862,DOUBLE,0,1,1,False,-1
9863,DOUBLE,0,1,1,False,-1
9864,DOUBLE,0,1,1,False,-1
9865,TRIPLE,1,1,1,False,-1
9867,TRIPLE,1,1,1,False,-1
9868,SINGLE,0,0,1,False,-1
9869,TRIPLE,1,1,1,False,-1
9870,TRIPLE,1,1,1,False,-1
9871,TRIPLE,1,1,1,False,-1
9872,SINGLE,0,0,1,False,-1
9873,SINGLE,0,0,1,False,-1
9874,DOUBLE,0,1,1,False,-1
9875,TRIPLE,1,1,1,False,-1
9876,SINGLE,0,0,1,False,-1
9878,DOUBLE,0,1,1,False,-1
9879,TRIPLE,1,1,1,False,-1
9880,TRIPLE,1,1,1,False,-1
9881,TRIPLE,1,1,1,False,-1
9882,DOUBLE,0,1,1,False,-1
9883,TRIPLE,1,1,1,False,-1
9884,TRIPLE,1,1,1,False,-1
9885,TRIPLE,1,1,1,False,-1
9886,TRIPLE,1,1,1,False,-1
9887,SINGLE,0,0,1,False,-1
9888,TRIPLE,1,1,1,False,-1
9891,TRIPLE,1,1,1,False,-1
9892,SINGLE,0,0,1,False,-1
9893,TRIPLE,1,1,1,False,-1
9895,DOUBLE,0,1,1,False,-1
9896,TRIPLE,1,1,1,False,-1
9897,TRIPLE,1,1,1,False,-1
9898,TRIPLE,1,1,1,False,-1
9899,TRIPLE,1,1,1,False,-1
9900,TRIPLE,1,1,1,False,-1
9903,DOUBLE,0,1,1,False,-1
9904,DOUBLE,0,1,1,False,-1
9905,DOUBLE,0,1,1,False,-1
9907,TRIPLE,1,1,1,False,-1
9908,DOUBLE,0,1,1,False,-1
9909,TRIPLE,1,1,1,False,-1
9910,TRIPLE,1,1,1,False,-1
9911,DOUBLE,0,1,1,False,-1
9912,SINGLE,0,0,1,False,-1
9913,TRIPLE,1,1,1,False,-1
9915,TRIPLE,1,1,1,False,-1
9916,DOUBLE,0,1,1,False,-1
9917,SINGLE,0,0,1,False,-1
9918,DOUBLE,0,1,1,False,-1
9919,TRIPLE,1,1,1,False,-1
9920,TRIPLE,1,1,1,False,-1
9921,SINGLE,0,0,1,False,-1
9922,TRIPLE,1,1,1,False,-1
9923,SINGLE,0,0,1,False,-1
9925,TRIPLE,1,1,1,False,-1
9926,TRIPLE,1,1,1,False,-1
9927,DOUBLE,0,1,1,False,-1
9928,SINGLE,0,0,1,False,-1
9929,TRIPLE,1,1,1,False,-1
9930,TRIPLE,1,1,1,False,-1
9931,TRIPLE,1,1,1,False,-1
9932,TRIPLE,1,1,1,False,-1
9933,TRIPLE,1,1,1,False,-1
9934,TRIPLE,1,1,1,False,-1
9935,TRIPLE,1,1,1,False,-1
9936,TRIPLE,1,1,1,False,-1
9937,TRIPLE,1,1,1,False,-1
9938,DOUBLE,0,1,1,False,-1
9939,DOUBLE,0,1,1,False,-1
9941,TRIPLE,1,1,1,False,-1
9943,SINGLE,0,0,1,False,-1
9944,TRIPLE,1,1,1,False,-1
9945,TRIPLE,1,1,1,False,-1
9946,DOUBLE,0,1,1,False,-1
9947,DOUBLE,0,1,1,False,-1
9948,TRIPLE,1,1,1,False,-1
9949,DOUBLE,0,1,1,False,-1
9950,DOUBLE,0,1,1,False,-1
9951,TRIPLE,1,1,1,False,-1
9952,TRIPLE,1,1,1,False,-1
9953,TRIPLE,1,1,1,False,-1
9954,TRIPLE,1,1,1,False,-1
9955,TRIPLE,1,1,1,False,-1
9956,TRIPLE,1,1,1,False,-1
9957,TRIPLE,1,1,1,False,-1
9958,DOUBLE,0,1,1,False,-1
9959,TRIPLE,1,1,1,False,-1
9960,DOUBLE,0,1,1,False,-1
9961,SINGLE,0,0,1,False,-1
9962,TRIPLE,1,1,1,False,-1
9963,SINGLE,0,0,1,False,-1
9964,TRIPLE,1,1,1,False,-1
9965,SINGLE,0,0,1,False,-1
9966,DOUBLE,0,1,1,False,-1
9967,DOUBLE,0,1,1,False,-1
9968,DOUBLE,0,1,1,False,-1
9969,TRIPLE,1,1,1,False,-1
9970,TRIPLE,1,1,1,False,-1
9971,DOUBLE,0,1,1,False,-1
9972,TRIPLE,1,1,1,False,-1
9973,TRIPLE,1,1,1,False,-1
9974,TRIPLE,1,1,1,False,-1
9975,TRIPLE,1,1,1,False,-1
9976,SINGLE,0,0,1,False,-1
9977,SINGLE,0,0,1,False,-1
9978,TRIPLE,1,1,1,False,-1
9979,DOUBLE,0,1,1,False,-1
9980,TRIPLE,1,1,1,False,-1
9981,TRIPLE,1,1,1,False,-1
9982,TRIPLE,1,1,1,False,-1
9983,TRIPLE,1,1,1,False,-1
9984,DOUBLE,0,1,1,False,-1
9985,TRIPLE,1,1,1,False,-1
9986,TRIPLE,1,1,1,False,-1
9988,TRIPLE,1,1,1,False,-1
9989,TRIPLE,1,1,1,False,-1
9990,SINGLE,0,0,1,False,-1
9991,TRIPLE,1,1,1,False,-1
9992,TRIPLE,1,1,1,False,-1
9993,TRIPLE,1,1,1,False,-1
9994,TRIPLE,1,1,1,False,-1
9995,DOUBLE,0,1,1,False,-1
9996,TRIPLE,1,1,1,False,-1
9997,DOUBLE,0,1,1,False,-1
9999,DOUBLE,0,1,1,False,-1
