EventID,Coincidence,PartenopeHit,MinervaHit,GiunoneHit,Decay,DecayTime_ns
0,TRIPLE,1,1,1,False,-1
1,TRIPLE,1,1,1,False,-1
2,TRIPLE,1,1,1,False,-1
3,DOUBLE,1,1,0,False,-1
4,DOUBLE,1,1,0,False,-1
5,TRIPLE,1,1,1,False,-1
6,DOUBLE,1,1,0,False,-1
7,TRIPLE,1,1,1,False,-1
8,TRIPLE,1,1,1,False,-1
9,DOUBLE,1,1,0,False,-1
10,DOUBLE,1,1,0,False,-1
11,TRIPLE,1,1,1,False,-1
12,DOUBLE,1,1,0,False,-1
13,DOUBLE,1,1,0,False,-1
14,TRIPLE,1,1,1,False,-1
15,TRIPLE,1,1,1,False,-1
16,DOUBLE,1,1,0,False,-1
17,TRIPLE,1,1,1,False,-1
18,TRIPLE,1,1,1,False,-1
19,TRIPLE,1,1,1,False,-1
20,TRIPLE,1,1,1,False,-1
21,TRIPLE,1,1,1,False,-1
22,TRIPLE,1,1,1,False,-1
23,DOUBLE,1,1,0,False,-1
24,DOUBLE,1,1,0,False,-1
25,TRIPLE,1,1,1,False,-1
26,TRIPLE,1,1,1,False,-1
27,DOUBLE,1,1,0,False,-1
28,DOUBLE,1,1,0,False,-1
29,TRIPLE,1,1,1,False,-1
30,SINGLE,1,0,0,False,-1
31,TRIPLE,1,1,1,False,-1
32,DOUBLE,1,1,0,False,-1
33,TRIPLE,1,1,1,False,-1
34,SINGLE,1,0,0,False,-1
35,DOUBLE,1,1,0,False,-1
36,TRIPLE,1,1,1,False,-1
37,TRIPLE,1,1,1,False,-1
38,TRIPLE,1,1,1,False,-1
39,TRIPLE,1,1,1,False,-1
40,TRIPLE,1,1,1,False,-1
41,TRIPLE,1,1,1,False,-1
42,DOUBLE,1,1,0,False,-1
43,SINGLE,1,0,0,False,-1
44,SINGLE,1,0,0,False,-1
45,TRIPLE,1,1,1,False,-1
46,TRIPLE,1,1,1,False,-1
47,TRIPLE,1,1,1,False,-1
48,DOUBLE,1,1,0,False,-1
49,TRIPLE,1,1,1,False,-1
50,TRIPLE,1,1,1,False,-1
51,TRIPLE,1,1,1,False,-1
52,TRIPLE,1,1,1,False,-1
53,TRIPLE,1,1,1,False,-1
54,DOUBLE,1,1,0,False,-1
55,DOUBLE,1,1,0,False,-1
56,TRIPLE,1,1,1,False,-1
57,TRIPLE,1,1,1,False,-1
58,SINGLE,1,0,0,False,-1
59,TRIPLE,1,1,1,False,-1
60,TRIPLE,1,1,1,False,-1
61,DOUBLE,1,1,0,False,-1
62,DOUBLE,1,1,0,False,-1
63,TRIPLE,1,1,1,False,-1
64,TRIPLE,1,1,1,False,-1
65,TRIPLE,1,1,1,False,-1
66,SINGLE,1,0,0,False,-1
67,DOUBLE,1,1,0,False,-1
68,SINGLE,1,0,0,False,-1
69,DOUBLE,1,1,0,False,-1
70,SINGLE,1,0,0,False,-1
71,SINGLE,1,0,0,False,-1
72,TRIPLE,1,1,1,False,-1
73,SINGLE,1,0,0,False,-1
74,DOUBLE,1,1,0,False,-1
75,DOUBLE,1,1,0,False,-1
76,DOUBLE,1,1,0,False,-1
77,DOUBLE,1,1,0,False,-1
78,TRIPLE,1,1,1,False,-1
79,DOUBLE,1,1,0,False,-1
80,DOUBLE,1,1,0,False,-1
81,TRIPLE,1,1,1,False,-1
82,DOUBLE,1,1,0,False,-1
83,TRIPLE,1,1,1,False,-1
84,SINGLE,1,0,0,False,-1
85,SINGLE,1,0,0,False,-1
86,TRIPLE,1,1,1,False,-1
87,DOUBLE,1,1,0,False,-1
88,TRIPLE,1,1,1,False,-1
89,TRIPLE,1,1,1,False,-1
90,DOUBLE,1,1,0,False,-1
91,SINGLE,1,0,0,False,-1
92,TRIPLE,1,1,1,False,-1
93,TRIPLE,1,1,1,False,-1
94,TRIPLE,1,1,1,False,-1
95,TRIPLE,1,1,1,False,-1
96,TRIPLE,1,1,1,False,-1
97,TRIPLE,1,1,1,False,-1
98,TRIPLE,1,1,1,False,-1
99,TRIPLE,1,1,1,False,-1
100,TRIPLE,1,1,1,False,-1
101,TRIPLE,1,1,1,False,-1
102,TRIPLE,1,1,1,False,-1
103,TRIPLE,1,1,1,False,-1
104,TRIPLE,1,1,1,False,-1
105,TRIPLE,1,1,1,False,-1
106,DOUBLE,1,1,0,False,-1
107,TRIPLE,1,1,1,False,-1
108,TRIPLE,1,1,1,False,-1
109,SINGLE,1,0,0,False,-1
110,TRIPLE,1,1,1,False,-1
111,DOUBLE,1,1,0,False,-1
112,TRIPLE,1,1,1,False,-1
113,TRIPLE,1,1,1,False,-1
114,TRIPLE,1,1,1,False,-1
115,DOUBLE,1,1,0,False,-1
116,SINGLE,1,0,0,False,-1
117,TRIPLE,1,1,1,False,-1
118,TRIPLE,1,1,1,False,-1
119,TRIPLE,1,1,1,False,-1
120,TRIPLE,1,1,1,False,-1
121,DOUBLE,1,1,0,False,-1
122,TRIPLE,1,1,1,False,-1
123,DOUBLE,1,1,0,False,-1
124,DOUBLE,1,1,0,False,-1
125,DOUBLE,1,1,0,False,-1
126,TRIPLE,1,1,1,False,-1
127,SINGLE,1,0,0,False,-1
128,SINGLE,1,0,0,False,-1
129,DOUBLE,1,1,0,False,-1
130,TRIPLE,1,1,1,False,-1
131,SINGLE,1,0,0,False,-1
132,TRIPLE,1,1,1,False,-1
133,SINGLE,1,0,0,False,-1
134,DOUBLE,1,1,0,False,-1
135,SINGLE,1,0,0,False,-1
136,TRIPLE,1,1,1,False,-1
137,TRIPLE,1,1,1,False,-1
138,DOUBLE,1,1,0,False,-1
139,TRIPLE,1,1,1,False,-1
140,TRIPLE,1,1,1,False,-1
141,DOUBLE,1,1,0,False,-1
142,TRIPLE,1,1,1,False,-1
143,DOUBLE,1,1,0,False,-1
144,TRIPLE,1,1,1,False,-1
145,SINGLE,1,0,0,False,-1
146,TRIPLE,1,1,1,False,-1
147,TRIPLE,1,1,1,False,-1
148,DOUBLE,1,1,0,False,-1
149,TRIPLE,1,1,1,False,-1
150,DOUBLE,1,1,0,False,-1
151,TRIPLE,1,1,1,False,-1
152,TRIPLE,1,1,1,False,-1
153,DOUBLE,1,1,0,False,-1
154,DOUBLE,1,1,0,False,-1
155,TRIPLE,1,1,1,False,-1
156,SINGLE,1,0,0,False,-1
157,TRIPLE,1,1,1,False,-1
158,DOUBLE,1,1,0,False,-1
159,TRIPLE,1,1,1,False,-1
160,DOUBLE,1,1,0,False,-1
161,TRIPLE,1,1,1,False,-1
162,DOUBLE,1,1,0,False,-1
163,DOUBLE,1,1,0,False,-1
164,DOUBLE,1,1,0,False,-1
165,TRIPLE,1,1,1,False,-1
166,SINGLE,1,0,0,False,-1
167,DOUBLE,1,1,0,False,-1
168,SINGLE,1,0,0,False,-1
169,DOUBLE,1,1,0,False,-1
170,TRIPLE,1,1,1,False,-1
171,TRIPLE,1,1,1,False,-1
172,SINGLE,1,0,0,False,-1
173,SINGLE,1,0,0,False,-1
174,DOUBLE,1,1,0,False,-1
175,TRIPLE,1,1,1,False,-1
176,SINGLE,1,0,0,False,-1
177,TRIPLE,1,1,1,False,-1
178,TRIPLE,1,1,1,False,-1
179,DOUBLE,1,1,0,False,-1
180,DOUBLE,1,1,0,False,-1
181,DOUBLE,1,1,0,False,-1
182,TRIPLE,1,1,1,False,-1
183,TRIPLE,1,1,1,False,-1
184,DOUBLE,1,1,0,False,-1
185,TRIPLE,1,1,1,False,-1
186,DOUBLE,1,1,0,False,-1
187,TRIPLE,1,1,1,False,-1
188,TRIPLE,1,1,1,False,-1
189,DOUBLE,1,1,0,False,-1
190,TRIPLE,1,1,1,False,-1
191,TRIPLE,1,1,1,False,-1
192,TRIPLE,1,1,1,False,-1
193,DOUBLE,1,1,0,False,-1
194,DOUBLE,1,1,0,False,-1
195,DOUBLE,1,1,0,False,-1
196,TRIPLE,1,1,1,False,-1
197,SINGLE,1,0,0,False,-1
198,TRIPLE,1,1,1,False,-1
199,TRIPLE,1,1,1,False,-1
200,SINGLE,1,0,0,False,-1
201,SINGLE,1,0,0,False,-1
202,DOUBLE,1,1,0,False,-1
203,SINGLE,1,0,0,False,-1
204,SINGLE,1,0,0,False,-1
205,TRIPLE,1,1,1,False,-1
206,SINGLE,1,0,0,False,-1
207,SINGLE,1,0,0,False,-1
208,DOUBLE,1,1,0,False,-1
209,TRIPLE,1,1,1,False,-1
210,DOUBLE,1,1,0,False,-1
211,TRIPLE,1,1,1,False,-1
212,TRIPLE,1,1,1,False,-1
213,TRIPLE,1,1,1,False,-1
214,DOUBLE,1,1,0,False,-1
215,TRIPLE,1,1,1,False,-1
216,TRIPLE,1,1,1,False,-1
217,TRIPLE,1,1,1,False,-1
218,TRIPLE,1,1,1,False,-1
219,TRIPLE,1,1,1,False,-1
220,TRIPLE,1,1,1,False,-1
221,DOUBLE,1,1,0,False,-1
222,SINGLE,1,0,0,False,-1
223,DOUBLE,1,1,0,False,-1
224,DOUBLE,1,1,0,False,-1
225,SINGLE,1,0,0,False,-1
226,TRIPLE,1,1,1,False,-1
227,TRIPLE,1,1,1,False,-1
228,TRIPLE,1,1,1,False,-1
229,DOUBLE,1,0,1,False,-1
230,SINGLE,1,0,0,False,-1
231,TRIPLE,1,1,1,False,-1
232,TRIPLE,1,1,1,False,-1
233,TRIPLE,1,1,1,False,-1
234,DOUBLE,1,1,0,False,-1
235,TRIPLE,1,1,1,False,-1
236,TRIPLE,1,1,1,False,-1
237,TRIPLE,1,1,1,False,-1
238,TRIPLE,1,1,1,False,-1
239,TRIPLE,1,1,1,False,-1
240,SINGLE,1,0,0,False,-1
241,TRIPLE,1,1,1,False,-1
242,DOUBLE,1,1,0,False,-1
243,TRIPLE,1,1,1,False,-1
244,DOUBLE,1,1,0,False,-1
245,TRIPLE,1,1,1,False,-1
246,DOUBLE,1,1,0,False,-1
247,TRIPLE,1,1,1,False,-1
248,TRIPLE,1,1,1,False,-1
249,TRIPLE,1,1,1,False,-1
250,TRIPLE,1,1,1,False,-1
251,SINGLE,1,0,0,False,-1
252,TRIPLE,1,1,1,False,-1
253,TRIPLE,1,1,1,False,-1
254,TRIPLE,1,1,1,False,-1
255,TRIPLE,1,1,1,False,-1
256,TRIPLE,1,1,1,False,-1
257,TRIPLE,1,1,1,False,-1
258,TRIPLE,1,1,1,False,-1
259,TRIPLE,1,1,1,False,-1
260,TRIPLE,1,1,1,False,-1
261,DOUBLE,1,1,0,False,-1
262,TRIPLE,1,1,1,False,-1
263,DOUBLE,1,1,0,False,-1
264,SINGLE,1,0,0,False,-1
265,TRIPLE,1,1,1,False,-1
266,TRIPLE,1,1,1,False,-1
267,DOUBLE,1,1,0,False,-1
268,SINGLE,1,0,0,False,-1
269,TRIPLE,1,1,1,False,-1
270,TRIPLE,1,1,1,False,-1
271,TRIPLE,1,1,1,False,-1
272,DOUBLE,1,1,0,False,-1
273,TRIPLE,1,1,1,False,-1
274,TRIPLE,1,1,1,False,-1
275,SINGLE,1,0,0,False,-1
276,DOUBLE,1,1,0,False,-1
277,SINGLE,1,0,0,False,-1
278,TRIPLE,1,1,1,False,-1
279,TRIPLE,1,1,1,False,-1
280,TRIPLE,1,1,1,False,-1
281,TRIPLE,1,1,1,False,-1
282,TRIPLE,1,1,1,False,-1
283,TRIPLE,1,1,1,False,-1
284,TRIPLE,1,1,1,False,-1
285,DOUBLE,1,1,0,False,-1
286,TRIPLE,1,1,1,False,-1
287,DOUBLE,1,1,0,False,-1
288,TRIPLE,1,1,1,False,-1
289,TRIPLE,1,1,1,False,-1
290,TRIPLE,1,1,1,False,-1
291,TRIPLE,1,1,1,False,-1
292,DOUBLE,1,1,0,False,-1
293,TRIPLE,1,1,1,False,-1
294,DOUBLE,1,1,0,False,-1
295,TRIPLE,1,1,1,False,-1
296,DOUBLE,1,1,0,False,-1
297,SINGLE,1,0,0,False,-1
298,DOUBLE,1,1,0,False,-1
299,TRIPLE,1,1,1,False,-1
300,SINGLE,1,0,0,False,-1
301,TRIPLE,1,1,1,False,-1
302,TRIPLE,1,1,1,False,-1
303,TRIPLE,1,1,1,False,-1
304,SINGLE,1,0,0,False,-1
305,TRIPLE,1,1,1,False,-1
306,TRIPLE,1,1,1,False,-1
307,TRIPLE,1,1,1,False,-1
308,SINGLE,1,0,0,False,-1
309,TRIPLE,1,1,1,False,-1
310,TRIPLE,1,1,1,False,-1
311,TRIPLE,1,1,1,False,-1
312,TRIPLE,1,1,1,False,-1
313,TRIPLE,1,1,1,False,-1
314,TRIPLE,1,1,1,False,-1
315,TRIPLE,1,1,1,False,-1
316,SINGLE,1,0,0,False,-1
317,TRIPLE,1,1,1,False,-1
318,DOUBLE,1,1,0,False,-1
319,DOUBLE,1,1,0,False,-1
320,TRIPLE,1,1,1,False,-1
321,SINGLE,1,0,0,False,-1
322,TRIPLE,1,1,1,False,-1
323,TRIPLE,1,1,1,False,-1
324,TRIPLE,1,1,1,False,-1
325,TRIPLE,1,1,1,False,-1
326,TRIPLE,1,1,1,False,-1
327,TRIPLE,1,1,1,False,-1
328,SINGLE,1,0,0,False,-1
329,TRIPLE,1,1,1,False,-1
330,TRIPLE,1,1,1,False,-1
331,TRIPLE,1,1,1,False,-1
332,TRIPLE,1,1,1,False,-1
333,TRIPLE,1,1,1,False,-1
334,TRIPLE,1,1,1,False,-1
335,TRIPLE,1,1,1,False,-1
336,DOUBLE,1,1,0,False,-1
337,TRIPLE,1,1,1,False,-1
338,TRIPLE,1,1,1,False,-1
339,TRIPLE,1,1,1,False,-1
340,TRIPLE,1,1,1,False,-1
341,TRIPLE,1,1,1,False,-1
342,TRIPLE,1,1,1,False,-1
343,TRIPLE,1,1,1,False,-1
344,SINGLE,1,0,0,False,-1
345,TRIPLE,1,1,1,False,-1
346,TRIPLE,1,1,1,False,-1
347,TRIPLE,1,1,1,False,-1
348,TRIPLE,1,1,1,False,-1
349,TRIPLE,1,1,1,False,-1
350,TRIPLE,1,1,1,False,-1
351,TRIPLE,1,1,1,False,-1
352,TRIPLE,1,1,1,False,-1
353,TRIPLE,1,1,1,False,-1
354,DOUBLE,1,1,0,False,-1
355,TRIPLE,1,1,1,False,-1
356,TRIPLE,1,1,1,False,-1
357,DOUBLE,1,1,0,False,-1
358,TRIPLE,1,1,1,False,-1
359,TRIPLE,1,1,1,False,-1
360,TRIPLE,1,1,1,False,-1
361,DOUBLE,1,1,0,False,-1
362,TRIPLE,1,1,1,False,-1
363,TRIPLE,1,1,1,False,-1
364,TRIPLE,1,1,1,False,-1
365,TRIPLE,1,1,1,False,-1
366,TRIPLE,1,1,1,False,-1
367,TRIPLE,1,1,1,False,-1
368,DOUBLE,1,1,0,False,-1
369,SINGLE,1,0,0,False,-1
370,TRIPLE,1,1,1,False,-1
371,TRIPLE,1,1,1,False,-1
372,TRIPLE,1,1,1,False,-1
373,TRIPLE,1,1,1,False,-1
374,SINGLE,1,0,0,False,-1
375,DOUBLE,1,1,0,False,-1
376,TRIPLE,1,1,1,False,-1
377,TRIPLE,1,1,1,False,-1
378,DOUBLE,1,1,0,False,-1
379,DOUBLE,1,1,0,False,-1
380,TRIPLE,1,1,1,False,-1
381,TRIPLE,1,1,1,False,-1
382,TRIPLE,1,1,1,False,-1
383,TRIPLE,1,1,1,False,-1
384,TRIPLE,1,1,1,False,-1
385,TRIPLE,1,1,1,False,-1
386,DOUBLE,1,1,0,False,-1
387,TRIPLE,1,1,1,False,-1
388,SINGLE,1,0,0,False,-1
389,TRIPLE,1,1,1,False,-1
390,SINGLE,1,0,0,False,-1
391,DOUBLE,1,1,0,False,-1
392,SINGLE,1,0,0,False,-1
393,DOUBLE,1,1,0,False,-1
394,TRIPLE,1,1,1,False,-1
395,TRIPLE,1,1,1,False,-1
396,TRIPLE,1,1,1,False,-1
397,TRIPLE,1,1,1,False,-1
398,TRIPLE,1,1,1,False,-1
399,SINGLE,1,0,0,False,-1
400,DOUBLE,1,1,0,False,-1
401,TRIPLE,1,1,1,False,-1
402,TRIPLE,1,1,1,False,-1
403,TRIPLE,1,1,1,False,-1
404,DOUBLE,1,1,0,False,-1
405,DOUBLE,1,1,0,False,-1
406,TRIPLE,1,1,1,False,-1
407,SINGLE,1,0,0,False,-1
408,DOUBLE,1,1,0,False,-1
409,TRIPLE,1,1,1,False,-1
410,TRIPLE,1,1,1,False,-1
411,TRIPLE,1,1,1,False,-1
412,SINGLE,1,0,0,False,-1
413,TRIPLE,1,1,1,False,-1
414,SINGLE,1,0,0,False,-1
415,SINGLE,1,0,0,False,-1
416,TRIPLE,1,1,1,False,-1
417,TRIPLE,1,1,1,False,-1
418,TRIPLE,1,1,1,False,-1
419,TRIPLE,1,1,1,False,-1
420,DOUBLE,1,1,0,False,-1
421,TRIPLE,1,1,1,False,-1
422,TRIPLE,1,1,1,False,-1
423,TRIPLE,1,1,1,False,-1
424,TRIPLE,1,1,1,False,-1
425,TRIPLE,1,1,1,False,-1
426,TRIPLE,1,1,1,False,-1
427,TRIPLE,1,1,1,False,-1
428,TRIPLE,1,1,1,False,-1
429,TRIPLE,1,1,1,False,-1
430,TRIPLE,1,1,1,False,-1
431,DOUBLE,1,1,0,False,-1
432,TRIPLE,1,1,1,False,-1
433,TRIPLE,1,1,1,False,-1
434,TRIPLE,1,1,1,False,-1
435,TRIPLE,1,1,1,False,-1
436,TRIPLE,1,1,1,False,-1
437,DOUBLE,1,1,0,False,-1
438,SINGLE,1,0,0,False,-1
439,TRIPLE,1,1,1,False,-1
440,TRIPLE,1,1,1,False,-1
441,TRIPLE,1,1,1,False,-1
442,SINGLE,1,0,0,False,-1
443,TRIPLE,1,1,1,False,-1
444,DOUBLE,1,1,0,False,-1
445,TRIPLE,1,1,1,False,-1
446,DOUBLE,1,1,0,False,-1
447,TRIPLE,1,1,1,False,-1
448,TRIPLE,1,1,1,False,-1
449,DOUBLE,1,1,0,False,-1
450,TRIPLE,1,1,1,False,-1
451,TRIPLE,1,1,1,False,-1
452,DOUBLE,1,1,0,False,-1
453,SINGLE,1,0,0,False,-1
454,TRIPLE,1,1,1,False,-1
455,TRIPLE,1,1,1,False,-1
456,TRIPLE,1,1,1,False,-1
457,TRIPLE,1,1,1,False,-1
458,TRIPLE,1,1,1,False,-1
459,TRIPLE,1,1,1,False,-1
460,TRIPLE,1,1,1,False,-1
461,TRIPLE,1,1,1,False,-1
462,DOUBLE,1,1,0,False,-1
463,TRIPLE,1,1,1,False,-1
464,TRIPLE,1,1,1,False,-1
465,TRIPLE,1,1,1,False,-1
466,TRIPLE,1,1,1,False,-1
467,TRIPLE,1,1,1,False,-1
468,TRIPLE,1,1,1,False,-1
469,TRIPLE,1,1,1,False,-1
470,TRIPLE,1,1,1,False,-1
471,TRIPLE,1,1,1,False,-1
472,TRIPLE,1,1,1,False,-1
473,DOUBLE,1,1,0,False,-1
474,DOUBLE,1,1,0,False,-1
475,TRIPLE,1,1,1,False,-1
476,TRIPLE,1,1,1,False,-1
477,DOUBLE,1,1,0,False,-1
478,TRIPLE,1,1,1,False,-1
479,DOUBLE,1,1,0,False,-1
480,DOUBLE,1,1,0,False,-1
481,TRIPLE,1,1,1,False,-1
482,TRIPLE,1,1,1,False,-1
483,TRIPLE,1,1,1,False,-1
484,DOUBLE,1,1,0,False,-1
485,TRIPLE,1,1,1,False,-1
486,DOUBLE,1,1,0,False,-1
487,TRIPLE,1,1,1,False,-1
488,TRIPLE,1,1,1,False,-1
489,DOUBLE,1,1,0,False,-1
490,TRIPLE,1,1,1,False,-1
491,DOUBLE,1,1,0,False,-1
492,TRIPLE,1,1,1,False,-1
493,DOUBLE,1,1,0,False,-1
494,DOUBLE,1,1,0,False,-1
495,DOUBLE,1,1,0,False,-1
496,TRIPLE,1,1,1,False,-1
497,TRIPLE,1,1,1,False,-1
498,SINGLE,1,0,0,False,-1
499,SINGLE,1,0,0,False,-1
500,SINGLE,1,0,0,False,-1
501,SINGLE,1,0,0,False,-1
502,TRIPLE,1,1,1,False,-1
503,TRIPLE,1,1,1,False,-1
504,TRIPLE,1,1,1,False,-1
505,DOUBLE,1,1,0,False,-1
506,DOUBLE,1,1,0,False,-1
507,TRIPLE,1,1,1,False,-1
508,TRIPLE,1,1,1,False,-1
509,TRIPLE,1,1,1,False,-1
510,TRIPLE,1,1,1,False,-1
511,DOUBLE,1,1,0,False,-1
512,DOUBLE,1,1,0,False,-1
513,TRIPLE,1,1,1,False,-1
514,TRIPLE,1,1,1,False,-1
515,DOUBLE,1,1,0,False,-1
516,SINGLE,1,0,0,False,-1
517,SINGLE,1,0,0,False,-1
518,TRIPLE,1,1,1,False,-1
519,TRIPLE,1,1,1,False,-1
520,TRIPLE,1,1,1,False,-1
521,DOUBLE,1,1,0,False,-1
522,TRIPLE,1,1,1,False,-1
523,DOUBLE,1,1,0,False,-1
524,TRIPLE,1,1,1,False,-1
525,TRIPLE,1,1,1,False,-1
526,DOUBLE,1,1,0,False,-1
527,TRIPLE,1,1,1,False,-1
528,DOUBLE,1,1,0,False,-1
529,TRIPLE,1,1,1,False,-1
530,TRIPLE,1,1,1,False,-1
531,SINGLE,1,0,0,False,-1
532,TRIPLE,1,1,1,False,-1
533,TRIPLE,1,1,1,False,-1
534,DOUBLE,1,1,0,False,-1
535,DOUBLE,1,1,0,False,-1
536,TRIPLE,1,1,1,False,-1
537,DOUBLE,1,1,0,False,-1
538,SINGLE,1,0,0,False,-1
539,TRIPLE,1,1,1,False,-1
540,DOUBLE,1,1,0,False,-1
541,DOUBLE,1,1,0,False,-1
542,TRIPLE,1,1,1,False,-1
543,TRIPLE,1,1,1,False,-1
544,SINGLE,1,0,0,False,-1
545,DOUBLE,1,1,0,False,-1
546,DOUBLE,1,1,0,False,-1
547,DOUBLE,1,1,0,False,-1
548,TRIPLE,1,1,1,False,-1
549,TRIPLE,1,1,1,False,-1
550,TRIPLE,1,1,1,False,-1
551,TRIPLE,1,1,1,False,-1
552,TRIPLE,1,1,1,False,-1
553,TRIPLE,1,1,1,False,-1
554,TRIPLE,1,1,1,False,-1
555,TRIPLE,1,1,1,False,-1
556,DOUBLE,1,1,0,False,-1
557,TRIPLE,1,1,1,False,-1
558,DOUBLE,1,1,0,False,-1
559,TRIPLE,1,1,1,False,-1
560,DOUBLE,1,1,0,False,-1
561,TRIPLE,1,1,1,False,-1
562,TRIPLE,1,1,1,False,-1
563,SINGLE,1,0,0,False,-1
564,SINGLE,1,0,0,False,-1
565,TRIPLE,1,1,1,False,-1
566,TRIPLE,1,1,1,False,-1
567,TRIPLE,1,1,1,False,-1
568,TRIPLE,1,1,1,False,-1
569,DOUBLE,1,1,0,False,-1
570,TRIPLE,1,1,1,False,-1
571,TRIPLE,1,1,1,False,-1
572,TRIPLE,1,1,1,False,-1
573,DOUBLE,1,1,0,False,-1
574,TRIPLE,1,1,1,False,-1
575,DOUBLE,1,1,0,False,-1
576,TRIPLE,1,1,1,False,-1
577,TRIPLE,1,1,1,False,-1
578,SINGLE,1,0,0,False,-1
579,TRIPLE,1,1,1,False,-1
580,TRIPLE,1,1,1,False,-1
581,TRIPLE,1,1,1,False,-1
582,DOUBLE,1,1,0,False,-1
583,TRIPLE,1,1,1,False,-1
584,SINGLE,1,0,0,False,-1
585,TRIPLE,1,1,1,False,-1
586,TRIPLE,1,1,1,False,-1
587,TRIPLE,1,1,1,False,-1
588,TRIPLE,1,1,1,False,-1
589,TRIPLE,1,1,1,False,-1
590,SINGLE,1,0,0,False,-1
591,TRIPLE,1,1,1,False,-1
592,TRIPLE,1,1,1,False,-1
593,DOUBLE,1,1,0,False,-1
594,TRIPLE,1,1,1,False,-1
595,TRIPLE,1,1,1,False,-1
596,TRIPLE,1,1,1,False,-1
597,DOUBLE,1,1,0,False,-1
598,DOUBLE,1,1,0,False,-1
599,TRIPLE,1,1,1,False,-1
600,DOUBLE,1,1,0,False,-1
601,DOUBLE,1,1,0,False,-1
602,DOUBLE,1,1,0,False,-1
603,SINGLE,1,0,0,False,-1
604,SINGLE,1,0,0,False,-1
605,DOUBLE,1,1,0,False,-1
606,TRIPLE,1,1,1,False,-1
607,TRIPLE,1,1,1,False,-1
608,DOUBLE,1,1,0,False,-1
609,TRIPLE,1,1,1,False,-1
610,TRIPLE,1,1,1,False,-1
611,TRIPLE,1,1,1,False,-1
612,SINGLE,1,0,0,False,-1
613,TRIPLE,1,1,1,False,-1
614,TRIPLE,1,1,1,False,-1
615,SINGLE,1,0,0,False,-1
616,TRIPLE,1,1,1,False,-1
617,TRIPLE,1,1,1,False,-1
618,DOUBLE,1,1,0,False,-1
619,TRIPLE,1,1,1,False,-1
620,TRIPLE,1,1,1,False,-1
621,TRIPLE,1,1,1,False,-1
622,SINGLE,1,0,0,False,-1
623,DOUBLE,1,1,0,False,-1
624,DOUBLE,1,1,0,False,-1
625,DOUBLE,1,1,0,False,-1
626,TRIPLE,1,1,1,False,-1
627,TRIPLE,1,1,1,False,-1
628,TRIPLE,1,1,1,False,-1
629,TRIPLE,1,1,1,False,-1
630,TRIPLE,1,1,1,False,-1
631,SINGLE,1,0,0,False,-1
632,TRIPLE,1,1,1,False,-1
633,TRIPLE,1,1,1,False,-1
634,DOUBLE,1,1,0,False,-1
635,DOUBLE,1,1,0,False,-1
636,DOUBLE,1,1,0,False,-1
637,TRIPLE,1,1,1,False,-1
638,DOUBLE,1,1,0,False,-1
639,DOUBLE,1,1,0,False,-1
640,SINGLE,1,0,0,False,-1
641,TRIPLE,1,1,1,False,-1
642,SINGLE,1,0,0,False,-1
643,TRIPLE,1,1,1,False,-1
644,TRIPLE,1,1,1,False,-1
645,DOUBLE,1,1,0,False,-1
646,SINGLE,1,0,0,False,-1
647,TRIPLE,1,1,1,False,-1
648,DOUBLE,1,1,0,False,-1
649,DOUBLE,1,1,0,False,-1
650,DOUBLE,1,1,0,False,-1
651,TRIPLE,1,1,1,False,-1
652,DOUBLE,1,1,0,False,-1
653,TRIPLE,1,1,1,False,-1
654,DOUBLE,1,1,0,False,-1
655,TRIPLE,1,1,1,False,-1
656,TRIPLE,1,1,1,False,-1
657,TRIPLE,1,1,1,False,-1
658,DOUBLE,1,1,0,False,-1
659,DOUBLE,1,1,0,False,-1
660,TRIPLE,1,1,1,False,-1
661,TRIPLE,1,1,1,False,-1
662,TRIPLE,1,1,1,False,-1
663,SINGLE,1,0,0,False,-1
664,DOUBLE,1,1,0,False,-1
665,SINGLE,1,0,0,False,-1
666,TRIPLE,1,1,1,False,-1
667,DOUBLE,1,1,0,False,-1
668,TRIPLE,1,1,1,False,-1
669,TRIPLE,1,1,1,False,-1
670,TRIPLE,1,1,1,False,-1
671,DOUBLE,1,1,0,False,-1
672,TRIPLE,1,1,1,False,-1
673,TRIPLE,1,1,1,False,-1
674,DOUBLE,1,1,0,False,-1
675,TRIPLE,1,1,1,False,-1
676,DOUBLE,1,1,0,False,-1
677,DOUBLE,1,1,0,False,-1
678,DOUBLE,1,1,0,False,-1
679,DOUBLE,1,1,0,False,-1
680,SINGLE,1,0,0,False,-1
681,TRIPLE,1,1,1,False,-1
682,TRIPLE,1,1,1,False,-1
683,DOUBLE,1,1,0,False,-1
684,TRIPLE,1,1,1,False,-1
685,TRIPLE,1,1,1,False,-1
686,DOUBLE,1,1,0,False,-1
687,TRIPLE,1,1,1,False,-1
688,TRIPLE,1,1,1,False,-1
689,TRIPLE,1,1,1,False,-1
690,TRIPLE,1,1,1,False,-1
691,SINGLE,1,0,0,False,-1
692,TRIPLE,1,1,1,False,-1
693,TRIPLE,1,1,1,False,-1
694,SINGLE,1,0,0,False,-1
695,TRIPLE,1,1,1,False,-1
696,TRIPLE,1,1,1,False,-1
697,TRIPLE,1,1,1,False,-1
698,DOUBLE,1,1,0,False,-1
699,TRIPLE,1,1,1,False,-1
700,DOUBLE,1,1,0,False,-1
701,TRIPLE,1,1,1,False,-1
702,TRIPLE,1,1,1,False,-1
703,SINGLE,1,0,0,False,-1
704,DOUBLE,1,1,0,False,-1
705,DOUBLE,1,1,0,False,-1
706,SINGLE,1,0,0,False,-1
707,TRIPLE,1,1,1,False,-1
708,TRIPLE,1,1,1,False,-1
709,DOUBLE,1,1,0,False,-1
710,DOUBLE,1,1,0,False,-1
711,DOUBLE,1,1,0,False,-1
712,TRIPLE,1,1,1,False,-1
713,TRIPLE,1,1,1,False,-1
714,TRIPLE,1,1,1,False,-1
715,DOUBLE,1,1,0,False,-1
716,TRIPLE,1,1,1,False,-1
717,TRIPLE,1,1,1,False,-1
718,TRIPLE,1,1,1,False,-1
719,DOUBLE,1,1,0,False,-1
720,DOUBLE,1,1,0,False,-1
721,TRIPLE,1,1,1,False,-1
722,TRIPLE,1,1,1,False,-1
723,TRIPLE,1,1,1,False,-1
724,TRIPLE,1,1,1,False,-1
725,DOUBLE,1,1,0,False,-1
726,TRIPLE,1,1,1,False,-1
727,TRIPLE,1,1,1,False,-1
728,TRIPLE,1,1,1,False,-1
729,DOUBLE,1,1,0,False,-1
730,DOUBLE,1,1,0,False,-1
731,TRIPLE,1,1,1,False,-1
732,TRIPLE,1,1,1,False,-1
733,TRIPLE,1,1,1,False,-1
734,TRIPLE,1,1,1,False,-1
735,DOUBLE,1,1,0,False,-1
736,TRIPLE,1,1,1,False,-1
737,TRIPLE,1,1,1,False,-1
738,SINGLE,1,0,0,False,-1
739,TRIPLE,1,1,1,False,-1
740,SINGLE,1,0,0,False,-1
741,TRIPLE,1,1,1,False,-1
742,TRIPLE,1,1,1,False,-1
743,DOUBLE,1,1,0,False,-1
744,DOUBLE,1,1,0,False,-1
745,TRIPLE,1,1,1,False,-1
746,TRIPLE,1,1,1,False,-1
747,TRIPLE,1,1,1,False,-1
748,TRIPLE,1,1,1,False,-1
749,DOUBLE,1,1,0,False,-1
750,SINGLE,1,0,0,False,-1
751,TRIPLE,1,1,1,False,-1
752,DOUBLE,1,1,0,False,-1
753,TRIPLE,1,1,1,False,-1
754,TRIPLE,1,1,1,False,-1
755,TRIPLE,1,1,1,False,-1
756,SINGLE,1,0,0,False,-1
757,TRIPLE,1,1,1,False,-1
758,TRIPLE,1,1,1,False,-1
759,DOUBLE,1,1,0,False,-1
760,DOUBLE,1,1,0,False,-1
761,SINGLE,1,0,0,False,-1
762,TRIPLE,1,1,1,False,-1
763,DOUBLE,1,1,0,False,-1
764,TRIPLE,1,1,1,False,-1
765,TRIPLE,1,1,1,False,-1
766,DOUBLE,1,1,0,False,-1
767,TRIPLE,1,1,1,False,-1
768,TRIPLE,1,1,1,False,-1
769,TRIPLE,1,1,1,False,-1
770,TRIPLE,1,1,1,False,-1
771,DOUBLE,1,1,0,False,-1
772,DOUBLE,1,1,0,False,-1
773,DOUBLE,1,1,0,False,-1
774,DOUBLE,1,1,0,False,-1
775,DOUBLE,1,1,0,False,-1
776,SINGLE,1,0,0,False,-1
777,TRIPLE,1,1,1,False,-1
778,TRIPLE,1,1,1,False,-1
779,SINGLE,1,0,0,False,-1
780,TRIPLE,1,1,1,False,-1
781,DOUBLE,1,1,0,False,-1
782,DOUBLE,1,1,0,False,-1
783,DOUBLE,1,1,0,False,-1
784,DOUBLE,1,1,0,False,-1
785,TRIPLE,1,1,1,False,-1
786,TRIPLE,1,1,1,False,-1
787,DOUBLE,1,1,0,False,-1
788,DOUBLE,1,1,0,False,-1
789,DOUBLE,1,1,0,False,-1
790,DOUBLE,1,1,0,False,-1
791,TRIPLE,1,1,1,False,-1
792,DOUBLE,1,1,0,False,-1
793,TRIPLE,1,1,1,False,-1
794,TRIPLE,1,1,1,False,-1
795,TRIPLE,1,1,1,False,-1
796,TRIPLE,1,1,1,False,-1
797,TRIPLE,1,1,1,False,-1
798,DOUBLE,1,1,0,False,-1
799,TRIPLE,1,1,1,False,-1
800,TRIPLE,1,1,1,False,-1
801,DOUBLE,1,1,0,False,-1
802,SINGLE,1,0,0,False,-1
803,TRIPLE,1,1,1,False,-1
804,DOUBLE,1,1,0,False,-1
805,DOUBLE,1,1,0,False,-1
806,TRIPLE,1,1,1,False,-1
807,TRIPLE,1,1,1,False,-1
808,SINGLE,1,0,0,False,-1
809,DOUBLE,1,1,0,False,-1
810,TRIPLE,1,1,1,False,-1
811,TRIPLE,1,1,1,False,-1
812,SINGLE,1,0,0,False,-1
813,SINGLE,1,0,0,False,-1
814,DOUBLE,1,1,0,False,-1
815,TRIPLE,1,1,1,False,-1
816,TRIPLE,1,1,1,False,-1
817,TRIPLE,1,1,1,False,-1
818,TRIPLE,1,1,1,False,-1
819,DOUBLE,1,1,0,False,-1
820,DOUBLE,1,1,0,False,-1
821,TRIPLE,1,1,1,False,-1
822,DOUBLE,1,1,0,False,-1
823,DOUBLE,1,1,0,False,-1
824,DOUBLE,1,1,0,False,-1
825,TRIPLE,1,1,1,False,-1
826,TRIPLE,1,1,1,False,-1
827,SINGLE,1,0,0,False,-1
828,TRIPLE,1,1,1,False,-1
829,DOUBLE,1,1,0,False,-1
830,TRIPLE,1,1,1,False,-1
831,DOUBLE,1,1,0,False,-1
832,DOUBLE,1,1,0,False,-1
833,SINGLE,1,0,0,False,-1
834,DOUBLE,1,1,0,False,-1
835,TRIPLE,1,1,1,False,-1
836,DOUBLE,1,1,0,False,-1
837,TRIPLE,1,1,1,False,-1
838,SINGLE,1,0,0,False,-1
839,TRIPLE,1,1,1,False,-1
840,TRIPLE,1,1,1,False,-1
841,TRIPLE,1,1,1,False,-1
842,TRIPLE,1,1,1,False,-1
843,TRIPLE,1,1,1,False,-1
844,TRIPLE,1,1,1,False,-1
845,TRIPLE,1,1,1,False,-1
846,TRIPLE,1,1,1,False,-1
847,SINGLE,1,0,0,False,-1
848,TRIPLE,1,1,1,False,-1
849,TRIPLE,1,1,1,False,-1
850,TRIPLE,1,1,1,False,-1
851,TRIPLE,1,1,1,False,-1
852,TRIPLE,1,1,1,False,-1
853,DOUBLE,1,1,0,False,-1
854,DOUBLE,1,1,0,False,-1
855,SINGLE,1,0,0,False,-1
856,DOUBLE,1,1,0,False,-1
857,TRIPLE,1,1,1,False,-1
858,DOUBLE,1,1,0,False,-1
859,TRIPLE,1,1,1,False,-1
860,TRIPLE,1,1,1,False,-1
861,TRIPLE,1,1,1,False,-1
862,TRIPLE,1,1,1,False,-1
863,TRIPLE,1,1,1,False,-1
864,TRIPLE,1,1,1,False,-1
865,DOUBLE,1,1,0,False,-1
866,TRIPLE,1,1,1,False,-1
867,TRIPLE,1,1,1,False,-1
868,TRIPLE,1,1,1,False,-1
869,TRIPLE,1,1,1,False,-1
870,TRIPLE,1,1,1,False,-1
871,SINGLE,1,0,0,False,-1
872,SINGLE,1,0,0,False,-1
873,TRIPLE,1,1,1,False,-1
874,TRIPLE,1,1,1,False,-1
875,DOUBLE,1,1,0,False,-1
876,TRIPLE,1,1,1,False,-1
877,SINGLE,1,0,0,False,-1
878,DOUBLE,1,1,0,False,-1
879,DOUBLE,1,1,0,False,-1
880,TRIPLE,1,1,1,False,-1
881,TRIPLE,1,1,1,False,-1
882,DOUBLE,1,1,0,False,-1
883,TRIPLE,1,1,1,False,-1
884,TRIPLE,1,1,1,False,-1
885,DOUBLE,1,1,0,False,-1
886,TRIPLE,1,1,1,False,-1
887,DOUBLE,1,1,0,False,-1
888,TRIPLE,1,1,1,False,-1
889,TRIPLE,1,1,1,False,-1
890,TRIPLE,1,1,1,False,-1
891,DOUBLE,1,1,0,False,-1
892,TRIPLE,1,1,1,False,-1
893,TRIPLE,1,1,1,False,-1
894,TRIPLE,1,1,1,False,-1
895,TRIPLE,1,1,1,False,-1
896,TRIPLE,1,1,1,False,-1
897,TRIPLE,1,1,1,False,-1
898,DOUBLE,1,1,0,False,-1
899,TRIPLE,1,1,1,False,-1
900,TRIPLE,1,1,1,False,-1
901,TRIPLE,1,1,1,False,-1
902,TRIPLE,1,1,1,False,-1
903,TRIPLE,1,1,1,False,-1
904,TRIPLE,1,1,1,False,-1
905,TRIPLE,1,1,1,False,-1
906,TRIPLE,1,1,1,False,-1
907,TRIPLE,1,1,1,False,-1
908,TRIPLE,1,1,1,False,-1
909,TRIPLE,1,1,1,False,-1
910,DOUBLE,1,1,0,False,-1
911,TRIPLE,1,1,1,False,-1
912,SINGLE,1,0,0,False,-1
913,TRIPLE,1,1,1,False,-1
914,TRIPLE,1,1,1,False,-1
915,DOUBLE,1,1,0,False,-1
916,DOUBLE,1,1,0,False,-1
917,TRIPLE,1,1,1,False,-1
918,DOUBLE,1,1,0,False,-1
919,SINGLE,1,0,0,False,-1
920,SINGLE,1,0,0,False,-1
921,DOUBLE,1,1,0,False,-1
922,DOUBLE,1,1,0,False,-1
923,DOUBLE,1,1,0,False,-1
924,TRIPLE,1,1,1,False,-1
925,TRIPLE,1,1,1,False,-1
926,TRIPLE,1,1,1,False,-1
927,DOUBLE,1,1,0,False,-1
928,TRIPLE,1,1,1,False,-1
929,TRIPLE,1,1,1,False,-1
930,TRIPLE,1,1,1,False,-1
931,DOUBLE,1,1,0,False,-1
932,TRIPLE,1,1,1,False,-1
933,SINGLE,1,0,0,False,-1
934,TRIPLE,1,1,1,False,-1
935,DOUBLE,1,1,0,False,-1
936,DOUBLE,1,1,0,False,-1
937,SINGLE,1,0,0,False,-1
938,DOUBLE,1,1,0,False,-1
939,DOUBLE,1,1,0,False,-1
940,SINGLE,1,0,0,False,-1
941,SINGLE,1,0,0,False,-1
942,SINGLE,1,0,0,False,-1
943,TRIPLE,1,1,1,False,-1
944,TRIPLE,1,1,1,False,-1
945,SINGLE,1,0,0,False,-1
946,TRIPLE,1,1,1,False,-1
947,SINGLE,1,0,0,False,-1
948,DOUBLE,1,1,0,False,-1
949,TRIPLE,1,1,1,False,-1
950,DOUBLE,1,1,0,False,-1
951,DOUBLE,1,1,0,False,-1
952,TRIPLE,1,1,1,False,-1
953,TRIPLE,1,1,1,False,-1
954,DOUBLE,1,1,0,False,-1
955,TRIPLE,1,1,1,False,-1
956,TRIPLE,1,1,1,False,-1
957,TRIPLE,1,1,1,False,-1
958,TRIPLE,1,1,1,False,-1
959,DOUBLE,1,1,0,False,-1
960,SINGLE,1,0,0,False,-1
961,SINGLE,1,0,0,False,-1
962,TRIPLE,1,1,1,False,-1
963,TRIPLE,1,1,1,False,-1
964,SINGLE,1,0,0,False,-1
965,DOUBLE,1,1,0,False,-1
966,SINGLE,1,0,0,False,-1
967,TRIPLE,1,1,1,False,-1
968,SINGLE,1,0,0,False,-1
969,TRIPLE,1,1,1,False,-1
970,TRIPLE,1,1,1,False,-1
971,TRIPLE,1,1,1,False,-1
972,SINGLE,1,0,0,False,-1
973,TRIPLE,1,1,1,False,-1
974,TRIPLE,1,1,1,False,-1
975,SINGLE,1,0,0,False,-1
976,TRIPLE,1,1,1,False,-1
977,TRIPLE,1,1,1,False,-1
978,TRIPLE,1,1,1,False,-1
979,TRIPLE,1,1,1,False,-1
980,SINGLE,1,0,0,False,-1
981,TRIPLE,1,1,1,False,-1
982,SINGLE,1,0,0,False,-1
983,TRIPLE,1,1,1,False,-1
984,TRIPLE,1,1,1,False,-1
985,TRIPLE,1,1,1,False,-1
986,TRIPLE,1,1,1,False,-1
987,TRIPLE,1,1,1,False,-1
988,DOUBLE,1,1,0,False,-1
989,TRIPLE,1,1,1,False,-1
990,TRIPLE,1,1,1,False,-1
991,TRIPLE,1,1,1,False,-1
992,TRIPLE,1,1,1,False,-1
993,DOUBLE,1,1,0,False,-1
994,DOUBLE,1,0,1,False,-1
995,SINGLE,1,0,0,False,-1
996,TRIPLE,1,1,1,False,-1
997,TRIPLE,1,1,1,False,-1
998,TRIPLE,1,1,1,False,-1
999,TRIPLE,1,1,1,False,-1
1000,TRIPLE,1,1,1,False,-1
1001,DOUBLE,1,1,0,False,-1
1002,DOUBLE,1,1,0,False,-1
1003,SINGLE,1,0,0,False,-1
1004,TRIPLE,1,1,1,False,-1
1005,DOUBLE,1,1,0,False,-1
1006,TRIPLE,1,1,1,False,-1
1007,TRIPLE,1,1,1,False,-1
1008,DOUBLE,1,1,0,False,-1
1009,TRIPLE,1,1,1,False,-1
1010,DOUBLE,1,0,1,False,-1
1011,SINGLE,1,0,0,False,-1
1012,TRIPLE,1,1,1,False,-1
1013,DOUBLE,1,1,0,False,-1
1014,SINGLE,1,0,0,False,-1
1015,TRIPLE,1,1,1,False,-1
1016,DOUBLE,1,1,0,False,-1
1017,SINGLE,1,0,0,False,-1
1018,DOUBLE,1,1,0,False,-1
1019,SINGLE,1,0,0,False,-1
1020,DOUBLE,1,1,0,False,-1
1021,SINGLE,1,0,0,False,-1
1022,TRIPLE,1,1,1,False,-1
1023,SINGLE,1,0,0,False,-1
1024,SINGLE,1,0,0,False,-1
1025,TRIPLE,1,1,1,False,-1
1026,DOUBLE,1,1,0,False,-1
1027,TRIPLE,1,1,1,False,-1
1028,TRIPLE,1,1,1,False,-1
1029,TRIPLE,1,1,1,False,-1
1030,SINGLE,1,0,0,False,-1
1031,SINGLE,1,0,0,False,-1
1032,TRIPLE,1,1,1,False,-1
1033,TRIPLE,1,1,1,False,-1
1034,TRIPLE,1,1,1,False,-1
1035,TRIPLE,1,1,1,False,-1
1036,DOUBLE,1,1,0,False,-1
1037,TRIPLE,1,1,1,False,-1
1038,DOUBLE,1,1,0,False,-1
1039,TRIPLE,1,1,1,False,-1
1040,TRIPLE,1,1,1,False,-1
1041,TRIPLE,1,1,1,False,-1
1042,TRIPLE,1,1,1,False,-1
1043,TRIPLE,1,1,1,False,-1
1044,DOUBLE,1,1,0,False,-1
1045,TRIPLE,1,1,1,False,-1
1046,DOUBLE,1,1,0,False,-1
1047,TRIPLE,1,1,1,False,-1
1048,TRIPLE,1,1,1,False,-1
1049,SINGLE,1,0,0,False,-1
1050,DOUBLE,1,1,0,False,-1
1051,TRIPLE,1,1,1,False,-1
1052,DOUBLE,1,1,0,False,-1
1053,SINGLE,1,0,0,False,-1
1054,TRIPLE,1,1,1,False,-1
1055,TRIPLE,1,1,1,False,-1
1056,DOUBLE,1,1,0,False,-1
1057,SINGLE,1,0,0,False,-1
1058,DOUBLE,1,1,0,False,-1
1059,TRIPLE,1,1,1,False,-1
1060,TRIPLE,1,1,1,False,-1
1061,DOUBLE,1,1,0,False,-1
1062,TRIPLE,1,1,1,False,-1
1063,TRIPLE,1,1,1,False,-1
1064,DOUBLE,1,1,0,False,-1
1065,SINGLE,1,0,0,False,-1
1066,TRIPLE,1,1,1,False,-1
1067,DOUBLE,1,1,0,False,-1
1068,TRIPLE,1,1,1,False,-1
1069,TRIPLE,1,1,1,False,-1
1070,DOUBLE,1,1,0,False,-1
1071,TRIPLE,1,1,1,False,-1
1072,TRIPLE,1,1,1,False,-1
1073,TRIPLE,1,1,1,False,-1
1074,TRIPLE,1,1,1,False,-1
1075,TRIPLE,1,1,1,False,-1
1076,DOUBLE,1,1,0,False,-1
1077,TRIPLE,1,1,1,False,-1
1078,TRIPLE,1,1,1,False,-1
1079,DOUBLE,1,1,0,False,-1
1080,TRIPLE,1,1,1,False,-1
1081,DOUBLE,1,1,0,False,-1
1082,TRIPLE,1,1,1,False,-1
1083,TRIPLE,1,1,1,False,-1
1084,TRIPLE,1,1,1,False,-1
1085,DOUBLE,1,1,0,False,-1
1086,TRIPLE,1,1,1,False,-1
1087,TRIPLE,1,1,1,False,-1
1088,DOUBLE,1,1,0,False,-1
1089,DOUBLE,1,1,0,False,-1
1090,DOUBLE,1,1,0,False,-1
1091,TRIPLE,1,1,1,False,-1
1092,DOUBLE,1,1,0,False,-1
1093,DOUBLE,1,1,0,False,-1
1094,TRIPLE,1,1,1,False,-1
1095,TRIPLE,1,1,1,False,-1
1096,TRIPLE,1,1,1,False,-1
1097,TRIPLE,1,1,1,False,-1
1098,TRIPLE,1,1,1,False,-1
1099,TRIPLE,1,1,1,False,-1
1100,TRIPLE,1,1,1,False,-1
1101,TRIPLE,1,1,1,False,-1
1102,TRIPLE,1,1,1,False,-1
1103,SINGLE,1,0,0,False,-1
1104,TRIPLE,1,1,1,False,-1
1105,DOUBLE,1,1,0,False,-1
1106,TRIPLE,1,1,1,False,-1
1107,SINGLE,1,0,0,False,-1
1108,TRIPLE,1,1,1,False,-1
1109,DOUBLE,1,1,0,False,-1
1110,TRIPLE,1,1,1,False,-1
1111,TRIPLE,1,1,1,False,-1
1112,DOUBLE,1,1,0,False,-1
1113,SINGLE,1,0,0,False,-1
1114,TRIPLE,1,1,1,False,-1
1115,TRIPLE,1,1,1,False,-1
1116,TRIPLE,1,1,1,False,-1
1117,DOUBLE,1,1,0,False,-1
1118,TRIPLE,1,1,1,False,-1
1119,TRIPLE,1,1,1,False,-1
1120,SINGLE,1,0,0,False,-1
1121,SINGLE,1,0,0,False,-1
1122,SINGLE,1,0,0,False,-1
1123,DOUBLE,1,1,0,False,-1
1124,TRIPLE,1,1,1,False,-1
1125,TRIPLE,1,1,1,False,-1
1126,SINGLE,1,0,0,False,-1
1127,TRIPLE,1,1,1,False,-1
1128,TRIPLE,1,1,1,False,-1
1129,DOUBLE,1,1,0,False,-1
1130,TRIPLE,1,1,1,False,-1
1131,DOUBLE,1,1,0,False,-1
1132,TRIPLE,1,1,1,False,-1
1133,SINGLE,1,0,0,False,-1
1134,TRIPLE,1,1,1,False,-1
1135,TRIPLE,1,1,1,False,-1
1136,TRIPLE,1,1,1,False,-1
1137,TRIPLE,1,1,1,False,-1
1138,TRIPLE,1,1,1,False,-1
1139,TRIPLE,1,1,1,False,-1
1140,TRIPLE,1,1,1,False,-1
1141,TRIPLE,1,1,1,False,-1
1142,TRIPLE,1,1,1,False,-1
1143,DOUBLE,1,1,0,False,-1
1144,DOUBLE,1,1,0,False,-1
1145,TRIPLE,1,1,1,False,-1
1146,TRIPLE,1,1,1,False,-1
1147,DOUBLE,1,1,0,False,-1
1148,TRIPLE,1,1,1,False,-1
1149,TRIPLE,1,1,1,False,-1
1150,TRIPLE,1,1,1,False,-1
1151,DOUBLE,1,1,0,False,-1
1152,TRIPLE,1,1,1,False,-1
1153,DOUBLE,1,1,0,False,-1
1154,TRIPLE,1,1,1,False,-1
1155,SINGLE,1,0,0,False,-1
1156,TRIPLE,1,1,1,False,-1
1157,TRIPLE,1,1,1,False,-1
1158,TRIPLE,1,1,1,False,-1
1159,DOUBLE,1,1,0,False,-1
1160,TRIPLE,1,1,1,False,-1
1161,SINGLE,1,0,0,False,-1
1162,DOUBLE,1,1,0,False,-1
1163,DOUBLE,1,1,0,False,-1
1164,DOUBLE,1,1,0,False,-1
1165,TRIPLE,1,1,1,False,-1
1166,TRIPLE,1,1,1,False,-1
1167,DOUBLE,1,1,0,False,-1
1168,DOUBLE,1,1,0,False,-1
1169,TRIPLE,1,1,1,False,-1
1170,TRIPLE,1,1,1,False,-1
1171,DOUBLE,1,1,0,False,-1
1172,DOUBLE,1,1,0,False,-1
1173,TRIPLE,1,1,1,False,-1
1174,TRIPLE,1,1,1,False,-1
1175,SINGLE,1,0,0,False,-1
1176,TRIPLE,1,1,1,False,-1
1177,DOUBLE,1,1,0,False,-1
1178,SINGLE,1,0,0,False,-1
1179,TRIPLE,1,1,1,False,-1
1180,DOUBLE,1,1,0,False,-1
1181,TRIPLE,1,1,1,False,-1
1182,DOUBLE,1,1,0,False,-1
1183,DOUBLE,1,1,0,False,-1
1184,SINGLE,1,0,0,False,-1
1185,TRIPLE,1,1,1,False,-1
1186,SINGLE,1,0,0,False,-1
1187,DOUBLE,1,1,0,False,-1
1188,TRIPLE,1,1,1,False,-1
1189,TRIPLE,1,1,1,False,-1
1190,TRIPLE,1,1,1,False,-1
1191,TRIPLE,1,1,1,False,-1
1192,TRIPLE,1,1,1,False,-1
1193,DOUBLE,1,1,0,False,-1
1194,TRIPLE,1,1,1,False,-1
1195,DOUBLE,1,1,0,False,-1
1196,TRIPLE,1,1,1,False,-1
1197,TRIPLE,1,1,1,False,-1
1198,TRIPLE,1,1,1,False,-1
1199,TRIPLE,1,1,1,False,-1
1200,DOUBLE,1,1,0,False,-1
1201,DOUBLE,1,1,0,False,-1
1202,DOUBLE,1,1,0,False,-1
1203,TRIPLE,1,1,1,False,-1
1204,DOUBLE,1,1,0,False,-1
1205,TRIPLE,1,1,1,False,-1
1206,DOUBLE,1,1,0,False,-1
1207,TRIPLE,1,1,1,False,-1
1208,TRIPLE,1,1,1,False,-1
1209,SINGLE,1,0,0,False,-1
1210,DOUBLE,1,1,0,False,-1
1211,TRIPLE,1,1,1,False,-1
1212,TRIPLE,1,1,1,False,-1
1213,TRIPLE,1,1,1,False,-1
1214,TRIPLE,1,1,1,False,-1
1215,TRIPLE,1,1,1,False,-1
1216,TRIPLE,1,1,1,False,-1
1217,DOUBLE,1,1,0,False,-1
1218,DOUBLE,1,1,0,False,-1
1219,TRIPLE,1,1,1,False,-1
1220,TRIPLE,1,1,1,False,-1
1221,DOUBLE,1,1,0,False,-1
1222,SINGLE,1,0,0,False,-1
1223,DOUBLE,1,1,0,False,-1
1224,TRIPLE,1,1,1,False,-1
1225,TRIPLE,1,1,1,False,-1
1226,TRIPLE,1,1,1,False,-1
1227,DOUBLE,1,1,0,False,-1
1228,TRIPLE,1,1,1,False,-1
1229,DOUBLE,1,1,0,False,-1
1230,SINGLE,1,0,0,False,-1
1231,TRIPLE,1,1,1,False,-1
1232,SINGLE,1,0,0,False,-1
1233,TRIPLE,1,1,1,False,-1
1234,TRIPLE,1,1,1,False,-1
1235,DOUBLE,1,1,0,False,-1
1236,SINGLE,1,0,0,False,-1
1237,TRIPLE,1,1,1,False,-1
1238,DOUBLE,1,1,0,False,-1
1239,DOUBLE,1,1,0,False,-1
1240,TRIPLE,1,1,1,False,-1
1241,DOUBLE,1,1,0,False,-1
1242,SINGLE,1,0,0,False,-1
1243,TRIPLE,1,1,1,False,-1
1244,TRIPLE,1,1,1,False,-1
1245,TRIPLE,1,1,1,False,-1
1246,TRIPLE,1,1,1,False,-1
1247,TRIPLE,1,1,1,False,-1
1248,TRIPLE,1,1,1,False,-1
1249,TRIPLE,1,1,1,False,-1
1250,TRIPLE,1,1,1,False,-1
1251,TRIPLE,1,1,1,False,-1
1252,DOUBLE,1,1,0,False,-1
1253,TRIPLE,1,1,1,False,-1
1254,TRIPLE,1,1,1,False,-1
1255,TRIPLE,1,1,1,False,-1
1256,SINGLE,1,0,0,False,-1
1257,TRIPLE,1,1,1,False,-1
1258,TRIPLE,1,1,1,False,-1
1259,TRIPLE,1,1,1,False,-1
1260,TRIPLE,1,1,1,False,-1
1261,SINGLE,1,0,0,False,-1
1262,TRIPLE,1,1,1,False,-1
1263,TRIPLE,1,1,1,False,-1
1264,DOUBLE,1,1,0,False,-1
1265,TRIPLE,1,1,1,False,-1
1266,TRIPLE,1,1,1,False,-1
1267,DOUBLE,1,1,0,False,-1
1268,TRIPLE,1,1,1,False,-1
1269,TRIPLE,1,1,1,False,-1
1270,DOUBLE,1,1,0,False,-1
1271,TRIPLE,1,1,1,False,-1
1272,SINGLE,1,0,0,False,-1
1273,DOUBLE,1,1,0,False,-1
1274,TRIPLE,1,1,1,False,-1
1275,DOUBLE,1,1,0,False,-1
1276,DOUBLE,1,1,0,False,-1
1277,DOUBLE,1,1,0,False,-1
1278,TRIPLE,1,1,1,False,-1
1279,TRIPLE,1,1,1,False,-1
1280,DOUBLE,1,1,0,False,-1
1281,DOUBLE,1,1,0,False,-1
1282,TRIPLE,1,1,1,False,-1
1283,TRIPLE,1,1,1,False,-1
1284,SINGLE,1,0,0,False,-1
1285,TRIPLE,1,1,1,False,-1
1286,TRIPLE,1,1,1,False,-1
1287,DOUBLE,1,1,0,False,-1
1288,TRIPLE,1,1,1,False,-1
1289,TRIPLE,1,1,1,False,-1
1290,TRIPLE,1,1,1,False,-1
1291,SINGLE,1,0,0,False,-1
1292,TRIPLE,1,1,1,False,-1
1293,SINGLE,1,0,0,False,-1
1294,TRIPLE,1,1,1,False,-1
1295,DOUBLE,1,1,0,False,-1
1296,TRIPLE,1,1,1,False,-1
1297,TRIPLE,1,1,1,False,-1
1298,TRIPLE,1,1,1,False,-1
1299,TRIPLE,1,1,1,False,-1
1300,TRIPLE,1,1,1,False,-1
1301,TRIPLE,1,1,1,False,-1
1302,SINGLE,1,0,0,False,-1
1303,TRIPLE,1,1,1,False,-1
1304,TRIPLE,1,1,1,False,-1
1305,DOUBLE,1,1,0,False,-1
1306,DOUBLE,1,1,0,False,-1
1307,DOUBLE,1,1,0,False,-1
1308,DOUBLE,1,1,0,False,-1
1309,DOUBLE,1,1,0,False,-1
1310,TRIPLE,1,1,1,False,-1
1311,TRIPLE,1,1,1,False,-1
1312,DOUBLE,1,1,0,False,-1
1313,TRIPLE,1,1,1,False,-1
1314,DOUBLE,1,1,0,False,-1
1315,TRIPLE,1,1,1,False,-1
1316,TRIPLE,1,1,1,False,-1
1317,TRIPLE,1,1,1,False,-1
1318,TRIPLE,1,1,1,False,-1
1319,DOUBLE,1,1,0,False,-1
1320,TRIPLE,1,1,1,False,-1
1321,DOUBLE,1,1,0,False,-1
1322,SINGLE,1,0,0,False,-1
1323,TRIPLE,1,1,1,False,-1
1324,TRIPLE,1,1,1,False,-1
1325,TRIPLE,1,1,1,False,-1
1326,TRIPLE,1,1,1,False,-1
1327,DOUBLE,1,1,0,False,-1
1328,TRIPLE,1,1,1,False,-1
1329,TRIPLE,1,1,1,False,-1
1330,SINGLE,1,0,0,False,-1
1331,TRIPLE,1,1,1,False,-1
1332,TRIPLE,1,1,1,False,-1
1333,TRIPLE,1,1,1,False,-1
1334,TRIPLE,1,1,1,False,-1
1335,TRIPLE,1,1,1,False,-1
1336,TRIPLE,1,1,1,False,-1
1337,DOUBLE,1,1,0,False,-1
1338,TRIPLE,1,1,1,False,-1
1339,TRIPLE,1,1,1,False,-1
1340,SINGLE,1,0,0,False,-1
1341,TRIPLE,1,1,1,False,-1
1342,TRIPLE,1,1,1,False,-1
1343,DOUBLE,1,1,0,False,-1
1344,TRIPLE,1,1,1,False,-1
1345,TRIPLE,1,1,1,False,-1
1346,DOUBLE,1,1,0,False,-1
1347,TRIPLE,1,1,1,False,-1
1348,DOUBLE,1,1,0,False,-1
1349,DOUBLE,1,1,0,False,-1
1350,DOUBLE,1,1,0,False,-1
1351,TRIPLE,1,1,1,False,-1
1352,TRIPLE,1,1,1,False,-1
1353,TRIPLE,1,1,1,False,-1
1354,TRIPLE,1,1,1,False,-1
1355,DOUBLE,1,1,0,False,-1
1356,TRIPLE,1,1,1,False,-1
1357,SINGLE,1,0,0,False,-1
1358,TRIPLE,1,1,1,False,-1
1359,DOUBLE,1,1,0,False,-1
1360,DOUBLE,1,1,0,False,-1
1361,SINGLE,1,0,0,False,-1
1362,SINGLE,1,0,0,False,-1
1363,DOUBLE,1,1,0,False,-1
1364,DOUBLE,1,1,0,False,-1
1365,DOUBLE,1,1,0,False,-1
1366,TRIPLE,1,1,1,False,-1
1367,TRIPLE,1,1,1,False,-1
1368,TRIPLE,1,1,1,False,-1
1369,TRIPLE,1,1,1,False,-1
1370,SINGLE,1,0,0,False,-1
1371,DOUBLE,1,1,0,False,-1
1372,TRIPLE,1,1,1,False,-1
1373,TRIPLE,1,1,1,False,-1
1374,SINGLE,1,0,0,False,-1
1375,DOUBLE,1,1,0,False,-1
1376,DOUBLE,1,1,0,False,-1
1377,DOUBLE,1,1,0,False,-1
1378,DOUBLE,1,1,0,False,-1
1379,SINGLE,1,0,0,False,-1
1380,TRIPLE,1,1,1,False,-1
1381,SINGLE,1,0,0,False,-1
1382,TRIPLE,1,1,1,False,-1
1383,TRIPLE,1,1,1,False,-1
1384,TRIPLE,1,1,1,False,-1
1385,SINGLE,1,0,0,False,-1
1386,TRIPLE,1,1,1,False,-1
1387,TRIPLE,1,1,1,False,-1
1388,DOUBLE,1,1,0,False,-1
1389,TRIPLE,1,1,1,False,-1
1390,DOUBLE,1,1,0,False,-1
1391,DOUBLE,1,1,0,False,-1
1392,DOUBLE,1,1,0,False,-1
1393,TRIPLE,1,1,1,False,-1
1394,TRIPLE,1,1,1,False,-1
1395,DOUBLE,1,1,0,False,-1
1396,DOUBLE,1,1,0,False,-1
1397,TRIPLE,1,1,1,False,-1
1398,TRIPLE,1,1,1,False,-1
1399,DOUBLE,1,1,0,False,-1
1400,TRIPLE,1,1,1,False,-1
1401,TRIPLE,1,1,1,False,-1
1402,DOUBLE,1,1,0,False,-1
1403,TRIPLE,1,1,1,False,-1
1404,TRIPLE,1,1,1,False,-1
1405,DOUBLE,1,1,0,False,-1
1406,DOUBLE,1,1,0,False,-1
1407,TRIPLE,1,1,1,False,-1
1408,DOUBLE,1,1,0,False,-1
1409,TRIPLE,1,1,1,False,-1
1410,TRIPLE,1,1,1,False,-1
1411,DOUBLE,1,1,0,False,-1
1412,DOUBLE,1,1,0,False,-1
1413,TRIPLE,1,1,1,False,-1
1414,TRIPLE,1,1,1,False,-1
1415,DOUBLE,1,1,0,False,-1
1416,DOUBLE,1,1,0,False,-1
1417,TRIPLE,1,1,1,False,-1
1418,DOUBLE,1,1,0,False,-1
1419,DOUBLE,1,1,0,False,-1
1420,TRIPLE,1,1,1,False,-1
1421,TRIPLE,1,1,1,False,-1
1422,DOUBLE,1,1,0,False,-1
1423,TRIPLE,1,1,1,False,-1
1424,DOUBLE,1,1,0,False,-1
1425,TRIPLE,1,1,1,False,-1
1426,DOUBLE,1,1,0,False,-1
1427,TRIPLE,1,1,1,False,-1
1428,TRIPLE,1,1,1,False,-1
1429,TRIPLE,1,1,1,False,-1
1430,DOUBLE,1,1,0,False,-1
1431,TRIPLE,1,1,1,False,-1
1432,TRIPLE,1,1,1,False,-1
1433,TRIPLE,1,1,1,False,-1
1434,SINGLE,1,0,0,False,-1
1435,DOUBLE,1,1,0,False,-1
1436,TRIPLE,1,1,1,False,-1
1437,TRIPLE,1,1,1,False,-1
1438,TRIPLE,1,1,1,False,-1
1439,TRIPLE,1,1,1,False,-1
1440,DOUBLE,1,1,0,False,-1
1441,TRIPLE,1,1,1,False,-1
1442,DOUBLE,1,1,0,False,-1
1443,DOUBLE,1,1,0,False,-1
1444,DOUBLE,1,1,0,False,-1
1445,TRIPLE,1,1,1,False,-1
1446,TRIPLE,1,1,1,False,-1
1447,TRIPLE,1,1,1,False,-1
1448,TRIPLE,1,1,1,False,-1
1449,DOUBLE,1,1,0,False,-1
1450,TRIPLE,1,1,1,False,-1
1451,SINGLE,1,0,0,False,-1
1452,TRIPLE,1,1,1,False,-1
1453,TRIPLE,1,1,1,False,-1
1454,TRIPLE,1,1,1,False,-1
1455,TRIPLE,1,1,1,False,-1
1456,DOUBLE,1,1,0,False,-1
1457,TRIPLE,1,1,1,False,-1
1458,TRIPLE,1,1,1,False,-1
1459,TRIPLE,1,1,1,False,-1
1460,DOUBLE,1,1,0,False,-1
1461,TRIPLE,1,1,1,False,-1
1462,DOUBLE,1,1,0,False,-1
1463,TRIPLE,1,1,1,False,-1
1464,DOUBLE,1,1,0,False,-1
1465,DOUBLE,1,1,0,False,-1
1466,TRIPLE,1,1,1,False,-1
1467,DOUBLE,1,1,0,False,-1
1468,TRIPLE,1,1,1,False,-1
1469,TRIPLE,1,1,1,False,-1
1470,DOUBLE,1,1,0,False,-1
1471,DOUBLE,1,1,0,False,-1
1472,TRIPLE,1,1,1,False,-1
1473,TRIPLE,1,1,1,False,-1
1474,SINGLE,1,0,0,False,-1
1475,TRIPLE,1,1,1,False,-1
1476,TRIPLE,1,1,1,False,-1
1477,DOUBLE,1,1,0,False,-1
1478,TRIPLE,1,1,1,False,-1
1479,TRIPLE,1,1,1,False,-1
1480,TRIPLE,1,1,1,False,-1
1481,SINGLE,1,0,0,False,-1
1482,TRIPLE,1,1,1,False,-1
1483,DOUBLE,1,1,0,False,-1
1484,TRIPLE,1,1,1,False,-1
1485,DOUBLE,1,1,0,False,-1
1486,DOUBLE,1,1,0,False,-1
1487,DOUBLE,1,1,0,False,-1
1488,DOUBLE,1,1,0,False,-1
1489,DOUBLE,1,1,0,False,-1
1490,TRIPLE,1,1,1,False,-1
1491,TRIPLE,1,1,1,False,-1
1492,DOUBLE,1,1,0,False,-1
1493,TRIPLE,1,1,1,False,-1
1494,TRIPLE,1,1,1,False,-1
1495,SINGLE,1,0,0,False,-1
1496,SINGLE,1,0,0,False,-1
1497,SINGLE,1,0,0,False,-1
1498,TRIPLE,1,1,1,False,-1
1499,TRIPLE,1,1,1,False,-1
1500,TRIPLE,1,1,1,False,-1
1501,TRIPLE,1,1,1,False,-1
1502,TRIPLE,1,1,1,False,-1
1503,TRIPLE,1,1,1,False,-1
1504,TRIPLE,1,1,1,False,-1
1505,TRIPLE,1,1,1,False,-1
1506,DOUBLE,1,1,0,False,-1
1507,TRIPLE,1,1,1,False,-1
1508,SINGLE,1,0,0,False,-1
1509,TRIPLE,1,1,1,False,-1
1510,SINGLE,1,0,0,False,-1
1511,TRIPLE,1,1,1,False,-1
1512,DOUBLE,1,1,0,False,-1
1513,TRIPLE,1,1,1,False,-1
1514,TRIPLE,1,1,1,False,-1
1515,TRIPLE,1,1,1,False,-1
1516,TRIPLE,1,1,1,False,-1
1517,TRIPLE,1,1,1,False,-1
1518,TRIPLE,1,1,1,False,-1
1519,DOUBLE,1,1,0,False,-1
1520,DOUBLE,1,1,0,False,-1
1521,TRIPLE,1,1,1,False,-1
1522,TRIPLE,1,1,1,False,-1
1523,TRIPLE,1,1,1,False,-1
1524,TRIPLE,1,1,1,False,-1
1525,DOUBLE,1,1,0,False,-1
1526,TRIPLE,1,1,1,False,-1
1527,SINGLE,1,0,0,False,-1
1528,DOUBLE,1,1,0,False,-1
1529,TRIPLE,1,1,1,False,-1
1530,TRIPLE,1,1,1,False,-1
1531,TRIPLE,1,1,1,False,-1
1532,DOUBLE,1,1,0,False,-1
1533,TRIPLE,1,1,1,False,-1
1534,DOUBLE,1,1,0,False,-1
1535,TRIPLE,1,1,1,False,-1
1536,DOUBLE,1,1,0,False,-1
1537,TRIPLE,1,1,1,False,-1
1538,SINGLE,1,0,0,False,-1
1539,TRIPLE,1,1,1,False,-1
1540,SINGLE,1,0,0,False,-1
1541,SINGLE,1,0,0,False,-1
1542,TRIPLE,1,1,1,False,-1
1543,DOUBLE,1,1,0,False,-1
1544,TRIPLE,1,1,1,False,-1
1545,TRIPLE,1,1,1,False,-1
1546,DOUBLE,1,1,0,False,-1
1547,DOUBLE,1,1,0,False,-1
1548,DOUBLE,1,1,0,False,-1
1549,TRIPLE,1,1,1,False,-1
1550,SINGLE,1,0,0,False,-1
1551,TRIPLE,1,1,1,False,-1
1552,DOUBLE,1,1,0,False,-1
1553,SINGLE,1,0,0,False,-1
1554,TRIPLE,1,1,1,False,-1
1555,SINGLE,1,0,0,False,-1
1556,TRIPLE,1,1,1,False,-1
1557,DOUBLE,1,1,0,False,-1
1558,TRIPLE,1,1,1,False,-1
1559,SINGLE,1,0,0,False,-1
1560,TRIPLE,1,1,1,False,-1
1561,DOUBLE,1,1,0,False,-1
1562,TRIPLE,1,1,1,False,-1
1563,DOUBLE,1,1,0,False,-1
1564,TRIPLE,1,1,1,False,-1
1565,DOUBLE,1,1,0,False,-1
1566,TRIPLE,1,1,1,False,-1
1567,TRIPLE,1,1,1,False,-1
1568,DOUBLE,1,1,0,False,-1
1569,DOUBLE,1,1,0,False,-1
1570,TRIPLE,1,1,1,False,-1
1571,TRIPLE,1,1,1,False,-1
1572,TRIPLE,1,1,1,False,-1
1573,TRIPLE,1,1,1,False,-1
1574,TRIPLE,1,1,1,False,-1
1575,DOUBLE,1,1,0,False,-1
1576,TRIPLE,1,1,1,False,-1
1577,DOUBLE,1,1,0,False,-1
1578,TRIPLE,1,1,1,False,-1
1579,DOUBLE,1,1,0,False,-1
1580,TRIPLE,1,1,1,False,-1
1581,DOUBLE,1,1,0,False,-1
1582,TRIPLE,1,1,1,False,-1
1583,TRIPLE,1,1,1,False,-1
1584,SINGLE,1,0,0,False,-1
1585,TRIPLE,1,1,1,False,-1
1586,TRIPLE,1,1,1,False,-1
1587,DOUBLE,1,1,0,False,-1
1588,TRIPLE,1,1,1,False,-1
1589,DOUBLE,1,1,0,False,-1
1590,DOUBLE,1,1,0,False,-1
1591,TRIPLE,1,1,1,False,-1
1592,SINGLE,1,0,0,False,-1
1593,TRIPLE,1,1,1,False,-1
1594,DOUBLE,1,1,0,False,-1
1595,SINGLE,1,0,0,False,-1
1596,DOUBLE,1,1,0,False,-1
1597,TRIPLE,1,1,1,False,-1
1598,DOUBLE,1,1,0,False,-1
1599,TRIPLE,1,1,1,False,-1
1600,DOUBLE,1,1,0,False,-1
1601,SINGLE,1,0,0,False,-1
1602,TRIPLE,1,1,1,False,-1
1603,DOUBLE,1,1,0,False,-1
1604,TRIPLE,1,1,1,False,-1
1605,DOUBLE,1,1,0,False,-1
1606,TRIPLE,1,1,1,False,-1
1607,TRIPLE,1,1,1,False,-1
1608,TRIPLE,1,1,1,False,-1
1609,SINGLE,1,0,0,False,-1
1610,DOUBLE,1,1,0,False,-1
1611,DOUBLE,1,1,0,False,-1
1612,TRIPLE,1,1,1,False,-1
1613,DOUBLE,1,1,0,False,-1
1614,TRIPLE,1,1,1,False,-1
1615,TRIPLE,1,1,1,False,-1
1616,TRIPLE,1,1,1,False,-1
1617,DOUBLE,1,1,0,False,-1
1618,TRIPLE,1,1,1,False,-1
1619,SINGLE,1,0,0,False,-1
1620,TRIPLE,1,1,1,False,-1
1621,TRIPLE,1,1,1,False,-1
1622,DOUBLE,1,1,0,False,-1
1623,TRIPLE,1,1,1,False,-1
1624,DOUBLE,1,1,0,False,-1
1625,DOUBLE,1,1,0,False,-1
1626,DOUBLE,1,1,0,False,-1
1627,SINGLE,1,0,0,False,-1
1628,TRIPLE,1,1,1,False,-1
1629,DOUBLE,1,1,0,False,-1
1630,TRIPLE,1,1,1,False,-1
1631,TRIPLE,1,1,1,False,-1
1632,TRIPLE,1,1,1,False,-1
1633,TRIPLE,1,1,1,False,-1
1634,TRIPLE,1,1,1,False,-1
1635,TRIPLE,1,1,1,False,-1
1636,TRIPLE,1,1,1,False,-1
1637,TRIPLE,1,1,1,False,-1
1638,TRIPLE,1,1,1,False,-1
1639,SINGLE,1,0,0,False,-1
1640,DOUBLE,1,1,0,False,-1
1641,TRIPLE,1,1,1,False,-1
1642,TRIPLE,1,1,1,False,-1
1643,TRIPLE,1,1,1,False,-1
1644,TRIPLE,1,1,1,False,-1
1645,DOUBLE,1,1,0,False,-1
1646,TRIPLE,1,1,1,False,-1
1647,TRIPLE,1,1,1,False,-1
1648,DOUBLE,1,1,0,False,-1
1649,TRIPLE,1,1,1,False,-1
1650,TRIPLE,1,1,1,False,-1
1651,DOUBLE,1,1,0,False,-1
1652,TRIPLE,1,1,1,False,-1
1653,TRIPLE,1,1,1,False,-1
1654,TRIPLE,1,1,1,False,-1
1655,TRIPLE,1,1,1,False,-1
1656,SINGLE,1,0,0,False,-1
1657,TRIPLE,1,1,1,False,-1
1658,TRIPLE,1,1,1,False,-1
1659,TRIPLE,1,1,1,False,-1
1660,DOUBLE,1,1,0,False,-1
1661,TRIPLE,1,1,1,False,-1
1662,DOUBLE,1,1,0,False,-1
1663,TRIPLE,1,1,1,False,-1
1664,DOUBLE,1,1,0,False,-1
1665,DOUBLE,1,1,0,False,-1
1666,TRIPLE,1,1,1,False,-1
1667,DOUBLE,1,1,0,False,-1
1668,TRIPLE,1,1,1,False,-1
1669,DOUBLE,1,1,0,False,-1
1670,SINGLE,1,0,0,False,-1
1671,DOUBLE,1,1,0,False,-1
1672,DOUBLE,1,1,0,False,-1
1673,TRIPLE,1,1,1,False,-1
1674,TRIPLE,1,1,1,False,-1
1675,DOUBLE,1,1,0,False,-1
1676,DOUBLE,1,1,0,False,-1
1677,TRIPLE,1,1,1,False,-1
1678,TRIPLE,1,1,1,False,-1
1679,SINGLE,1,0,0,False,-1
1680,TRIPLE,1,1,1,False,-1
1681,TRIPLE,1,1,1,False,-1
1682,TRIPLE,1,1,1,False,-1
1683,TRIPLE,1,1,1,False,-1
1684,TRIPLE,1,1,1,False,-1
1685,TRIPLE,1,1,1,False,-1
1686,TRIPLE,1,1,1,False,-1
1687,TRIPLE,1,1,1,False,-1
1688,DOUBLE,1,1,0,False,-1
1689,DOUBLE,1,1,0,False,-1
1690,SINGLE,1,0,0,False,-1
1691,TRIPLE,1,1,1,False,-1
1692,SINGLE,1,0,0,False,-1
1693,DOUBLE,1,1,0,False,-1
1694,TRIPLE,1,1,1,False,-1
1695,SINGLE,1,0,0,False,-1
1696,SINGLE,1,0,0,False,-1
1697,TRIPLE,1,1,1,False,-1
1698,SINGLE,1,0,0,False,-1
1699,DOUBLE,1,1,0,False,-1
1700,TRIPLE,1,1,1,False,-1
1701,SINGLE,1,0,0,False,-1
1702,TRIPLE,1,1,1,False,-1
1703,SINGLE,1,0,0,False,-1
1704,TRIPLE,1,1,1,False,-1
1705,DOUBLE,1,1,0,False,-1
1706,TRIPLE,1,1,1,False,-1
1707,DOUBLE,1,1,0,False,-1
1708,TRIPLE,1,1,1,False,-1
1709,TRIPLE,1,1,1,False,-1
1710,TRIPLE,1,1,1,False,-1
1711,DOUBLE,1,1,0,False,-1
1712,DOUBLE,1,1,0,False,-1
1713,DOUBLE,1,1,0,False,-1
1714,DOUBLE,1,1,0,False,-1
1715,TRIPLE,1,1,1,False,-1
1716,SINGLE,1,0,0,False,-1
1717,TRIPLE,1,1,1,False,-1
1718,DOUBLE,1,1,0,False,-1
1719,TRIPLE,1,1,1,False,-1
1720,DOUBLE,1,1,0,False,-1
1721,SINGLE,1,0,0,False,-1
1722,TRIPLE,1,1,1,False,-1
1723,DOUBLE,1,1,0,False,-1
1724,DOUBLE,1,1,0,False,-1
1725,TRIPLE,1,1,1,False,-1
1726,TRIPLE,1,1,1,False,-1
1727,SINGLE,1,0,0,False,-1
1728,SINGLE,1,0,0,False,-1
1729,TRIPLE,1,1,1,False,-1
1730,TRIPLE,1,1,1,False,-1
1731,TRIPLE,1,1,1,False,-1
1732,DOUBLE,1,1,0,False,-1
1733,TRIPLE,1,1,1,False,-1
1734,TRIPLE,1,1,1,False,-1
1735,TRIPLE,1,1,1,False,-1
1736,TRIPLE,1,1,1,False,-1
1737,DOUBLE,1,1,0,False,-1
1738,TRIPLE,1,1,1,False,-1
1739,TRIPLE,1,1,1,False,-1
1740,TRIPLE,1,1,1,False,-1
1741,TRIPLE,1,1,1,False,-1
1742,TRIPLE,1,1,1,False,-1
1743,TRIPLE,1,1,1,False,-1
1744,TRIPLE,1,1,1,False,-1
1745,DOUBLE,1,1,0,False,-1
1746,TRIPLE,1,1,1,False,-1
1747,TRIPLE,1,1,1,False,-1
1748,TRIPLE,1,1,1,False,-1
1749,TRIPLE,1,1,1,False,-1
1750,TRIPLE,1,1,1,False,-1
1751,TRIPLE,1,1,1,False,-1
1752,TRIPLE,1,1,1,False,-1
1753,DOUBLE,1,1,0,False,-1
1754,TRIPLE,1,1,1,False,-1
1755,SINGLE,1,0,0,False,-1
1756,TRIPLE,1,1,1,False,-1
1757,TRIPLE,1,1,1,False,-1
1758,SINGLE,1,0,0,False,-1
1759,DOUBLE,1,1,0,False,-1
1760,SINGLE,1,0,0,False,-1
1761,TRIPLE,1,1,1,False,-1
1762,TRIPLE,1,1,1,False,-1
1763,TRIPLE,1,1,1,False,-1
1764,TRIPLE,1,1,1,False,-1
1765,TRIPLE,1,1,1,False,-1
1766,TRIPLE,1,1,1,False,-1
1767,TRIPLE,1,1,1,False,-1
1768,SINGLE,1,0,0,False,-1
1769,SINGLE,1,0,0,False,-1
1770,DOUBLE,1,1,0,False,-1
1771,TRIPLE,1,1,1,False,-1
1772,TRIPLE,1,1,1,False,-1
1773,DOUBLE,1,1,0,False,-1
1774,TRIPLE,1,1,1,False,-1
1775,TRIPLE,1,1,1,False,-1
1776,SINGLE,1,0,0,False,-1
1777,TRIPLE,1,1,1,False,-1
1778,TRIPLE,1,1,1,False,-1
1779,DOUBLE,1,1,0,False,-1
1780,TRIPLE,1,1,1,False,-1
1781,TRIPLE,1,1,1,False,-1
1782,SINGLE,1,0,0,False,-1
1783,TRIPLE,1,1,1,False,-1
1784,TRIPLE,1,1,1,False,-1
1785,DOUBLE,1,1,0,False,-1
1786,TRIPLE,1,1,1,False,-1
1787,SINGLE,1,0,0,False,-1
1788,DOUBLE,1,1,0,False,-1
1789,TRIPLE,1,1,1,False,-1
1790,TRIPLE,1,1,1,False,-1
1791,DOUBLE,1,1,0,False,-1
1792,DOUBLE,1,1,0,False,-1
1793,TRIPLE,1,1,1,False,-1
1794,TRIPLE,1,1,1,False,-1
1795,DOUBLE,1,1,0,False,-1
1796,DOUBLE,1,1,0,False,-1
1797,DOUBLE,1,1,0,False,-1
1798,TRIPLE,1,1,1,False,-1
1799,DOUBLE,1,1,0,False,-1
1800,SINGLE,1,0,0,False,-1
1801,TRIPLE,1,1,1,False,-1
1802,DOUBLE,1,1,0,False,-1
1803,DOUBLE,1,1,0,False,-1
1804,TRIPLE,1,1,1,False,-1
1805,TRIPLE,1,1,1,False,-1
1806,TRIPLE,1,1,1,False,-1
1807,DOUBLE,1,1,0,False,-1
1808,TRIPLE,1,1,1,False,-1
1809,TRIPLE,1,1,1,False,-1
1810,TRIPLE,1,1,1,False,-1
1811,TRIPLE,1,1,1,False,-1
1812,DOUBLE,1,1,0,False,-1
1813,SINGLE,1,0,0,False,-1
1814,TRIPLE,1,1,1,False,-1
1815,TRIPLE,1,1,1,False,-1
1816,DOUBLE,1,1,0,False,-1
1817,DOUBLE,1,1,0,False,-1
1818,TRIPLE,1,1,1,False,-1
1819,DOUBLE,1,1,0,False,-1
1820,TRIPLE,1,1,1,False,-1
1821,SINGLE,1,0,0,False,-1
1822,SINGLE,1,0,0,False,-1
1823,DOUBLE,1,1,0,False,-1
1824,DOUBLE,1,1,0,False,-1
1825,TRIPLE,1,1,1,False,-1
1826,TRIPLE,1,1,1,False,-1
1827,TRIPLE,1,1,1,False,-1
1828,TRIPLE,1,1,1,False,-1
1829,TRIPLE,1,1,1,False,-1
1830,TRIPLE,1,1,1,False,-1
1831,TRIPLE,1,1,1,False,-1
1832,TRIPLE,1,1,1,False,-1
1833,SINGLE,1,0,0,False,-1
1834,TRIPLE,1,1,1,False,-1
1835,TRIPLE,1,1,1,False,-1
1836,TRIPLE,1,1,1,False,-1
1837,TRIPLE,1,1,1,False,-1
1838,TRIPLE,1,1,1,False,-1
1839,TRIPLE,1,1,1,False,-1
1840,TRIPLE,1,1,1,False,-1
1841,SINGLE,1,0,0,False,-1
1842,DOUBLE,1,1,0,False,-1
1843,TRIPLE,1,1,1,False,-1
1844,DOUBLE,1,1,0,False,-1
1845,TRIPLE,1,1,1,False,-1
1846,TRIPLE,1,1,1,False,-1
1847,SINGLE,1,0,0,False,-1
1848,DOUBLE,1,1,0,False,-1
1849,DOUBLE,1,1,0,False,-1
1850,TRIPLE,1,1,1,False,-1
1851,TRIPLE,1,1,1,False,-1
1852,TRIPLE,1,1,1,False,-1
1853,DOUBLE,1,1,0,False,-1
1854,DOUBLE,1,1,0,False,-1
1855,TRIPLE,1,1,1,False,-1
1856,DOUBLE,1,1,0,False,-1
1857,TRIPLE,1,1,1,False,-1
1858,TRIPLE,1,1,1,False,-1
1859,DOUBLE,1,1,0,False,-1
1860,DOUBLE,1,1,0,False,-1
1861,TRIPLE,1,1,1,False,-1
1862,TRIPLE,1,1,1,False,-1
1863,TRIPLE,1,1,1,False,-1
1864,TRIPLE,1,1,1,False,-1
1865,TRIPLE,1,1,1,False,-1
1866,TRIPLE,1,1,1,False,-1
1867,TRIPLE,1,1,1,False,-1
1868,TRIPLE,1,1,1,False,-1
1869,TRIPLE,1,1,1,False,-1
1870,DOUBLE,1,1,0,False,-1
1871,TRIPLE,1,1,1,False,-1
1872,TRIPLE,1,1,1,False,-1
1873,DOUBLE,1,1,0,False,-1
1874,DOUBLE,1,1,0,False,-1
1875,SINGLE,1,0,0,False,-1
1876,TRIPLE,1,1,1,False,-1
1877,TRIPLE,1,1,1,False,-1
1878,TRIPLE,1,1,1,False,-1
1879,TRIPLE,1,1,1,False,-1
1880,DOUBLE,1,1,0,False,-1
1881,TRIPLE,1,1,1,False,-1
1882,SINGLE,1,0,0,False,-1
1883,SINGLE,1,0,0,False,-1
1884,SINGLE,1,0,0,False,-1
1885,SINGLE,1,0,0,False,-1
1886,TRIPLE,1,1,1,False,-1
1887,TRIPLE,1,1,1,False,-1
1888,SINGLE,1,0,0,False,-1
1889,SINGLE,1,0,0,False,-1
1890,DOUBLE,1,1,0,False,-1
1891,TRIPLE,1,1,1,False,-1
1892,DOUBLE,1,1,0,False,-1
1893,TRIPLE,1,1,1,False,-1
1894,TRIPLE,1,1,1,False,-1
1895,TRIPLE,1,1,1,False,-1
1896,TRIPLE,1,1,1,False,-1
1897,SINGLE,1,0,0,False,-1
1898,DOUBLE,1,1,0,False,-1
1899,SINGLE,1,0,0,False,-1
1900,TRIPLE,1,1,1,False,-1
1901,TRIPLE,1,1,1,False,-1
1902,TRIPLE,1,1,1,False,-1
1903,TRIPLE,1,1,1,False,-1
1904,TRIPLE,1,1,1,False,-1
1905,TRIPLE,1,1,1,False,-1
1906,DOUBLE,1,1,0,False,-1
1907,TRIPLE,1,1,1,False,-1
1908,DOUBLE,1,1,0,False,-1
1909,SINGLE,1,0,0,False,-1
1910,DOUBLE,1,1,0,False,-1
1911,DOUBLE,1,1,0,False,-1
1912,TRIPLE,1,1,1,False,-1
1913,TRIPLE,1,1,1,False,-1
1914,TRIPLE,1,1,1,False,-1
1915,SINGLE,1,0,0,False,-1
1916,TRIPLE,1,1,1,False,-1
1917,TRIPLE,1,1,1,False,-1
1918,TRIPLE,1,1,1,False,-1
1919,DOUBLE,1,1,0,False,-1
1920,TRIPLE,1,1,1,False,-1
1921,DOUBLE,1,1,0,False,-1
1922,DOUBLE,1,1,0,False,-1
1923,TRIPLE,1,1,1,False,-1
1924,DOUBLE,1,1,0,False,-1
1925,TRIPLE,1,1,1,False,-1
1926,SINGLE,1,0,0,False,-1
1927,SINGLE,1,0,0,False,-1
1928,SINGLE,1,0,0,False,-1
1929,TRIPLE,1,1,1,False,-1
1930,TRIPLE,1,1,1,False,-1
1931,TRIPLE,1,1,1,False,-1
1932,TRIPLE,1,1,1,False,-1
1933,TRIPLE,1,1,1,False,-1
1934,DOUBLE,1,1,0,False,-1
1935,TRIPLE,1,1,1,False,-1
1936,DOUBLE,1,1,0,False,-1
1937,TRIPLE,1,1,1,False,-1
1938,TRIPLE,1,1,1,False,-1
1939,TRIPLE,1,1,1,False,-1
1940,DOUBLE,1,1,0,False,-1
1941,SINGLE,1,0,0,False,-1
1942,TRIPLE,1,1,1,False,-1
1943,TRIPLE,1,1,1,False,-1
1944,TRIPLE,1,1,1,False,-1
1945,TRIPLE,1,1,1,False,-1
1946,TRIPLE,1,1,1,False,-1
1947,TRIPLE,1,1,1,False,-1
1948,TRIPLE,1,1,1,False,-1
1949,SINGLE,1,0,0,False,-1
1950,DOUBLE,1,1,0,False,-1
1951,TRIPLE,1,1,1,False,-1
1952,TRIPLE,1,1,1,False,-1
1953,TRIPLE,1,1,1,False,-1
1954,DOUBLE,1,1,0,False,-1
1955,TRIPLE,1,1,1,False,-1
1956,TRIPLE,1,1,1,False,-1
1957,DOUBLE,1,1,0,False,-1
1958,SINGLE,1,0,0,False,-1
1959,TRIPLE,1,1,1,False,-1
1960,DOUBLE,1,1,0,False,-1
1961,TRIPLE,1,1,1,False,-1
1962,TRIPLE,1,1,1,False,-1
1963,TRIPLE,1,1,1,False,-1
1964,TRIPLE,1,1,1,False,-1
1965,DOUBLE,1,1,0,False,-1
1966,TRIPLE,1,1,1,False,-1
1967,DOUBLE,1,1,0,False,-1
1968,DOUBLE,1,1,0,False,-1
1969,DOUBLE,1,1,0,False,-1
1970,TRIPLE,1,1,1,False,-1
1971,TRIPLE,1,1,1,False,-1
1972,TRIPLE,1,1,1,False,-1
1973,TRIPLE,1,1,1,False,-1
1974,TRIPLE,1,1,1,False,-1
1975,TRIPLE,1,1,1,False,-1
1976,TRIPLE,1,1,1,False,-1
1977,TRIPLE,1,1,1,False,-1
1978,TRIPLE,1,1,1,False,-1
1979,TRIPLE,1,1,1,False,-1
1980,SINGLE,1,0,0,False,-1
1981,TRIPLE,1,1,1,False,-1
1982,TRIPLE,1,1,1,False,-1
1983,TRIPLE,1,1,1,False,-1
1984,TRIPLE,1,1,1,False,-1
1985,TRIPLE,1,1,1,False,-1
1986,TRIPLE,1,1,1,False,-1
1987,TRIPLE,1,1,1,False,-1
1988,TRIPLE,1,1,1,False,-1
1989,SINGLE,1,0,0,False,-1
1990,TRIPLE,1,1,1,False,-1
1991,TRIPLE,1,1,1,False,-1
1992,SINGLE,1,0,0,False,-1
1993,TRIPLE,1,1,1,False,-1
1994,TRIPLE,1,1,1,False,-1
1995,TRIPLE,1,1,1,False,-1
1996,TRIPLE,1,1,1,False,-1
1997,TRIPLE,1,1,1,False,-1
1998,TRIPLE,1,1,1,False,-1
1999,DOUBLE,1,1,0,False,-1
2000,TRIPLE,1,1,1,False,-1
2001,SINGLE,1,0,0,False,-1
2002,TRIPLE,1,1,1,False,-1
2003,TRIPLE,1,1,1,False,-1
2004,SINGLE,1,0,0,False,-1
2005,TRIPLE,1,1,1,False,-1
2006,TRIPLE,1,1,1,False,-1
2007,DOUBLE,1,1,0,False,-1
2008,SINGLE,1,0,0,False,-1
2009,DOUBLE,1,1,0,False,-1
2010,DOUBLE,1,1,0,False,-1
2011,DOUBLE,1,1,0,False,-1
2012,TRIPLE,1,1,1,False,-1
2013,DOUBLE,1,1,0,False,-1
2014,TRIPLE,1,1,1,False,-1
2015,TRIPLE,1,1,1,False,-1
2016,TRIPLE,1,1,1,False,-1
2017,DOUBLE,1,1,0,False,-1
2018,TRIPLE,1,1,1,False,-1
2019,TRIPLE,1,1,1,False,-1
2020,DOUBLE,1,1,0,False,-1
2021,TRIPLE,1,1,1,False,-1
2022,DOUBLE,1,1,0,False,-1
2023,DOUBLE,1,1,0,False,-1
2024,DOUBLE,1,1,0,False,-1
2025,DOUBLE,1,1,0,False,-1
2026,TRIPLE,1,1,1,False,-1
2027,DOUBLE,1,1,0,False,-1
2028,DOUBLE,1,1,0,False,-1
2029,TRIPLE,1,1,1,False,-1
2030,DOUBLE,1,1,0,False,-1
2031,TRIPLE,1,1,1,False,-1
2032,TRIPLE,1,1,1,False,-1
2033,TRIPLE,1,1,1,False,-1
2034,DOUBLE,1,1,0,False,-1
2035,TRIPLE,1,1,1,False,-1
2036,DOUBLE,1,1,0,False,-1
2037,TRIPLE,1,1,1,False,-1
2038,TRIPLE,1,1,1,False,-1
2039,TRIPLE,1,1,1,False,-1
2040,DOUBLE,1,1,0,False,-1
2041,TRIPLE,1,1,1,False,-1
2042,TRIPLE,1,1,1,False,-1
2043,TRIPLE,1,1,1,False,-1
2044,DOUBLE,1,1,0,False,-1
2045,DOUBLE,1,1,0,False,-1
2046,DOUBLE,1,1,0,False,-1
2047,TRIPLE,1,1,1,False,-1
2048,DOUBLE,1,1,0,False,-1
2049,DOUBLE,1,1,0,False,-1
2050,SINGLE,1,0,0,False,-1
2051,SINGLE,1,0,0,False,-1
2052,SINGLE,1,0,0,False,-1
2053,TRIPLE,1,1,1,False,-1
2054,SINGLE,1,0,0,False,-1
2055,TRIPLE,1,1,1,False,-1
2056,SINGLE,1,0,0,False,-1
2057,TRIPLE,1,1,1,False,-1
2058,DOUBLE,1,1,0,False,-1
2059,TRIPLE,1,1,1,False,-1
2060,TRIPLE,1,1,1,False,-1
2061,TRIPLE,1,1,1,False,-1
2062,DOUBLE,1,1,0,False,-1
2063,DOUBLE,1,1,0,False,-1
2064,TRIPLE,1,1,1,False,-1
2065,DOUBLE,1,1,0,False,-1
2066,TRIPLE,1,1,1,False,-1
2067,TRIPLE,1,1,1,False,-1
2068,SINGLE,1,0,0,False,-1
2069,DOUBLE,1,1,0,False,-1
2070,DOUBLE,1,1,0,False,-1
2071,DOUBLE,1,1,0,False,-1
2072,DOUBLE,1,1,0,False,-1
2073,TRIPLE,1,1,1,False,-1
2074,DOUBLE,1,1,0,False,-1
2075,TRIPLE,1,1,1,False,-1
2076,DOUBLE,1,1,0,False,-1
2077,TRIPLE,1,1,1,False,-1
2078,DOUBLE,1,1,0,False,-1
2079,DOUBLE,1,1,0,False,-1
2080,TRIPLE,1,1,1,False,-1
2081,TRIPLE,1,1,1,False,-1
2082,TRIPLE,1,1,1,False,-1
2083,TRIPLE,1,1,1,False,-1
2084,TRIPLE,1,1,1,False,-1
2085,DOUBLE,1,1,0,False,-1
2086,TRIPLE,1,1,1,False,-1
2087,SINGLE,1,0,0,False,-1
2088,TRIPLE,1,1,1,False,-1
2089,TRIPLE,1,1,1,False,-1
2090,TRIPLE,1,1,1,False,-1
2091,TRIPLE,1,1,1,False,-1
2092,DOUBLE,1,1,0,False,-1
2093,TRIPLE,1,1,1,False,-1
2094,TRIPLE,1,1,1,False,-1
2095,TRIPLE,1,1,1,False,-1
2096,TRIPLE,1,1,1,False,-1
2097,TRIPLE,1,1,1,False,-1
2098,SINGLE,1,0,0,False,-1
2099,DOUBLE,1,1,0,False,-1
2100,DOUBLE,1,1,0,False,-1
2101,TRIPLE,1,1,1,False,-1
2102,TRIPLE,1,1,1,False,-1
2103,TRIPLE,1,1,1,False,-1
2104,SINGLE,1,0,0,False,-1
2105,TRIPLE,1,1,1,False,-1
2106,DOUBLE,1,1,0,False,-1
2107,TRIPLE,1,1,1,False,-1
2108,TRIPLE,1,1,1,False,-1
2109,TRIPLE,1,1,1,False,-1
2110,TRIPLE,1,1,1,False,-1
2111,TRIPLE,1,1,1,False,-1
2112,DOUBLE,1,1,0,False,-1
2113,TRIPLE,1,1,1,False,-1
2114,TRIPLE,1,1,1,False,-1
2115,TRIPLE,1,1,1,False,-1
2116,TRIPLE,1,1,1,False,-1
2117,TRIPLE,1,1,1,False,-1
2118,TRIPLE,1,1,1,False,-1
2119,DOUBLE,1,1,0,False,-1
2120,TRIPLE,1,1,1,False,-1
2121,TRIPLE,1,1,1,False,-1
2122,DOUBLE,1,1,0,False,-1
2123,DOUBLE,1,1,0,False,-1
2124,SINGLE,1,0,0,False,-1
2125,TRIPLE,1,1,1,False,-1
2126,TRIPLE,1,1,1,False,-1
2127,DOUBLE,1,1,0,False,-1
2128,TRIPLE,1,1,1,False,-1
2129,TRIPLE,1,1,1,False,-1
2130,SINGLE,1,0,0,False,-1
2131,TRIPLE,1,1,1,False,-1
2132,TRIPLE,1,1,1,False,-1
2133,TRIPLE,1,1,1,False,-1
2134,TRIPLE,1,1,1,False,-1
2135,SINGLE,1,0,0,False,-1
2136,DOUBLE,1,1,0,False,-1
2137,TRIPLE,1,1,1,False,-1
2138,SINGLE,1,0,0,False,-1
2139,TRIPLE,1,1,1,False,-1
2140,TRIPLE,1,1,1,False,-1
2141,TRIPLE,1,1,1,False,-1
2142,DOUBLE,1,1,0,False,-1
2143,DOUBLE,1,1,0,False,-1
2144,TRIPLE,1,1,1,False,-1
2145,SINGLE,1,0,0,False,-1
2146,TRIPLE,1,1,1,False,-1
2147,TRIPLE,1,1,1,False,-1
2148,TRIPLE,1,1,1,False,-1
2149,SINGLE,1,0,0,False,-1
2150,TRIPLE,1,1,1,False,-1
2151,SINGLE,1,0,0,False,-1
2152,SINGLE,1,0,0,False,-1
2153,TRIPLE,1,1,1,False,-1
2154,TRIPLE,1,1,1,False,-1
2155,DOUBLE,1,1,0,False,-1
2156,DOUBLE,1,1,0,False,-1
2157,DOUBLE,1,1,0,False,-1
2158,TRIPLE,1,1,1,False,-1
2159,TRIPLE,1,1,1,False,-1
2160,DOUBLE,1,1,0,False,-1
2161,TRIPLE,1,1,1,False,-1
2162,DOUBLE,1,1,0,False,-1
2163,TRIPLE,1,1,1,False,-1
2164,TRIPLE,1,1,1,False,-1
2165,TRIPLE,1,1,1,False,-1
2166,DOUBLE,1,1,0,False,-1
2167,DOUBLE,1,1,0,False,-1
2168,TRIPLE,1,1,1,False,-1
2169,DOUBLE,1,1,0,False,-1
2170,TRIPLE,1,1,1,False,-1
2171,TRIPLE,1,1,1,False,-1
2172,DOUBLE,1,1,0,False,-1
2173,TRIPLE,1,1,1,False,-1
2174,TRIPLE,1,1,1,False,-1
2175,TRIPLE,1,1,1,False,-1
2176,TRIPLE,1,1,1,False,-1
2177,TRIPLE,1,1,1,False,-1
2178,DOUBLE,1,1,0,False,-1
2179,TRIPLE,1,1,1,False,-1
2180,DOUBLE,1,1,0,False,-1
2181,TRIPLE,1,1,1,False,-1
2182,TRIPLE,1,1,1,False,-1
2183,TRIPLE,1,1,1,False,-1
2184,DOUBLE,1,1,0,False,-1
2185,TRIPLE,1,1,1,False,-1
2186,SINGLE,1,0,0,False,-1
2187,TRIPLE,1,1,1,False,-1
2188,DOUBLE,1,1,0,False,-1
2189,TRIPLE,1,1,1,False,-1
2190,DOUBLE,1,1,0,False,-1
2191,TRIPLE,1,1,1,False,-1
2192,TRIPLE,1,1,1,False,-1
2193,TRIPLE,1,1,1,False,-1
2194,TRIPLE,1,1,1,False,-1
2195,DOUBLE,1,1,0,False,-1
2196,DOUBLE,1,1,0,False,-1
2197,TRIPLE,1,1,1,False,-1
2198,DOUBLE,1,1,0,False,-1
2199,TRIPLE,1,1,1,False,-1
2200,SINGLE,1,0,0,False,-1
2201,DOUBLE,1,1,0,False,-1
2202,DOUBLE,1,1,0,False,-1
2203,DOUBLE,1,1,0,False,-1
2204,TRIPLE,1,1,1,False,-1
2205,TRIPLE,1,1,1,False,-1
2206,TRIPLE,1,1,1,False,-1
2207,TRIPLE,1,1,1,False,-1
2208,TRIPLE,1,1,1,False,-1
2209,TRIPLE,1,1,1,False,-1
2210,TRIPLE,1,1,1,False,-1
2211,DOUBLE,1,1,0,False,-1
2212,TRIPLE,1,1,1,False,-1
2213,SINGLE,1,0,0,False,-1
2214,TRIPLE,1,1,1,False,-1
2215,TRIPLE,1,1,1,False,-1
2216,TRIPLE,1,1,1,False,-1
2217,SINGLE,1,0,0,False,-1
2218,TRIPLE,1,1,1,False,-1
2219,TRIPLE,1,1,1,False,-1
2220,TRIPLE,1,1,1,False,-1
2221,TRIPLE,1,1,1,False,-1
2222,DOUBLE,1,1,0,False,-1
2223,TRIPLE,1,1,1,False,-1
2224,TRIPLE,1,1,1,False,-1
2225,TRIPLE,1,1,1,False,-1
2226,DOUBLE,1,1,0,False,-1
2227,SINGLE,1,0,0,False,-1
2228,TRIPLE,1,1,1,False,-1
2229,DOUBLE,1,1,0,False,-1
2230,TRIPLE,1,1,1,False,-1
2231,TRIPLE,1,1,1,False,-1
2232,TRIPLE,1,1,1,False,-1
2233,DOUBLE,1,1,0,False,-1
2234,TRIPLE,1,1,1,False,-1
2235,TRIPLE,1,1,1,False,-1
2236,SINGLE,1,0,0,False,-1
2237,TRIPLE,1,1,1,False,-1
2238,TRIPLE,1,1,1,False,-1
2239,TRIPLE,1,1,1,False,-1
2240,TRIPLE,1,1,1,False,-1
2241,TRIPLE,1,1,1,False,-1
2242,DOUBLE,1,1,0,False,-1
2243,DOUBLE,1,1,0,False,-1
2244,TRIPLE,1,1,1,False,-1
2245,TRIPLE,1,1,1,False,-1
2246,SINGLE,1,0,0,False,-1
2247,DOUBLE,1,1,0,False,-1
2248,TRIPLE,1,1,1,False,-1
2249,TRIPLE,1,1,1,False,-1
2250,TRIPLE,1,1,1,False,-1
2251,DOUBLE,1,1,0,False,-1
2252,TRIPLE,1,1,1,False,-1
2253,TRIPLE,1,1,1,False,-1
2254,TRIPLE,1,1,1,False,-1
2255,SINGLE,1,0,0,False,-1
2256,TRIPLE,1,1,1,False,-1
2257,TRIPLE,1,1,1,False,-1
2258,DOUBLE,1,1,0,False,-1
2259,TRIPLE,1,1,1,False,-1
2260,DOUBLE,1,1,0,False,-1
2261,DOUBLE,1,1,0,False,-1
2262,TRIPLE,1,1,1,False,-1
2263,TRIPLE,1,1,1,False,-1
2264,TRIPLE,1,1,1,False,-1
2265,TRIPLE,1,1,1,False,-1
2266,TRIPLE,1,1,1,False,-1
2267,TRIPLE,1,1,1,False,-1
2268,TRIPLE,1,1,1,False,-1
2269,TRIPLE,1,1,1,False,-1
2270,SINGLE,1,0,0,False,-1
2271,TRIPLE,1,1,1,False,-1
2272,SINGLE,1,0,0,False,-1
2273,TRIPLE,1,1,1,False,-1
2274,TRIPLE,1,1,1,False,-1
2275,TRIPLE,1,1,1,False,-1
2276,TRIPLE,1,1,1,False,-1
2277,SINGLE,1,0,0,False,-1
2278,TRIPLE,1,1,1,False,-1
2279,TRIPLE,1,1,1,False,-1
2280,SINGLE,1,0,0,False,-1
2281,TRIPLE,1,1,1,False,-1
2282,TRIPLE,1,1,1,False,-1
2283,TRIPLE,1,1,1,False,-1
2284,TRIPLE,1,1,1,False,-1
2285,SINGLE,1,0,0,False,-1
2286,TRIPLE,1,1,1,False,-1
2287,TRIPLE,1,1,1,False,-1
2288,DOUBLE,1,1,0,False,-1
2289,TRIPLE,1,1,1,False,-1
2290,TRIPLE,1,1,1,False,-1
2291,TRIPLE,1,1,1,False,-1
2292,TRIPLE,1,1,1,False,-1
2293,TRIPLE,1,1,1,False,-1
2294,TRIPLE,1,1,1,False,-1
2295,TRIPLE,1,1,1,False,-1
2296,TRIPLE,1,1,1,False,-1
2297,DOUBLE,1,1,0,False,-1
2298,DOUBLE,1,1,0,False,-1
2299,TRIPLE,1,1,1,False,-1
2300,DOUBLE,1,1,0,False,-1
2301,DOUBLE,1,1,0,False,-1
2302,TRIPLE,1,1,1,False,-1
2303,DOUBLE,1,1,0,False,-1
2304,SINGLE,1,0,0,False,-1
2305,DOUBLE,1,1,0,False,-1
2306,TRIPLE,1,1,1,False,-1
2307,TRIPLE,1,1,1,False,-1
2308,TRIPLE,1,1,1,False,-1
2309,TRIPLE,1,1,1,False,-1
2310,TRIPLE,1,1,1,False,-1
2311,SINGLE,1,0,0,False,-1
2312,TRIPLE,1,1,1,False,-1
2313,TRIPLE,1,1,1,False,-1
2314,TRIPLE,1,1,1,False,-1
2315,DOUBLE,1,1,0,False,-1
2316,TRIPLE,1,1,1,False,-1
2317,TRIPLE,1,1,1,False,-1
2318,TRIPLE,1,1,1,False,-1
2319,TRIPLE,1,1,1,False,-1
2320,TRIPLE,1,1,1,False,-1
2321,TRIPLE,1,1,1,False,-1
2322,DOUBLE,1,1,0,False,-1
2323,TRIPLE,1,1,1,False,-1
2324,TRIPLE,1,1,1,False,-1
2325,TRIPLE,1,1,1,False,-1
2326,DOUBLE,1,1,0,False,-1
2327,DOUBLE,1,1,0,False,-1
2328,TRIPLE,1,1,1,False,-1
2329,TRIPLE,1,1,1,False,-1
2330,SINGLE,1,0,0,False,-1
2331,DOUBLE,1,1,0,False,-1
2332,TRIPLE,1,1,1,False,-1
2333,TRIPLE,1,1,1,False,-1
2334,TRIPLE,1,1,1,False,-1
2335,TRIPLE,1,1,1,False,-1
2336,DOUBLE,1,1,0,False,-1
2337,DOUBLE,1,1,0,False,-1
2338,TRIPLE,1,1,1,False,-1
2339,TRIPLE,1,1,1,False,-1
2340,TRIPLE,1,1,1,False,-1
2341,DOUBLE,1,1,0,False,-1
2342,SINGLE,1,0,0,False,-1
2343,TRIPLE,1,1,1,False,-1
2344,DOUBLE,1,1,0,False,-1
2345,DOUBLE,1,1,0,False,-1
2346,TRIPLE,1,1,1,False,-1
2347,TRIPLE,1,1,1,False,-1
2348,TRIPLE,1,1,1,False,-1
2349,SINGLE,1,0,0,False,-1
2350,TRIPLE,1,1,1,False,-1
2351,DOUBLE,1,1,0,False,-1
2352,TRIPLE,1,1,1,False,-1
2353,DOUBLE,1,1,0,False,-1
2354,TRIPLE,1,1,1,False,-1
2355,DOUBLE,1,1,0,False,-1
2356,TRIPLE,1,1,1,False,-1
2357,DOUBLE,1,1,0,False,-1
2358,TRIPLE,1,1,1,False,-1
2359,DOUBLE,1,1,0,False,-1
2360,DOUBLE,1,1,0,False,-1
2361,SINGLE,1,0,0,False,-1
2362,TRIPLE,1,1,1,False,-1
2363,TRIPLE,1,1,1,False,-1
2364,DOUBLE,1,1,0,False,-1
2365,SINGLE,1,0,0,False,-1
2366,TRIPLE,1,1,1,False,-1
2367,TRIPLE,1,1,1,False,-1
2368,TRIPLE,1,1,1,False,-1
2369,TRIPLE,1,1,1,False,-1
2370,TRIPLE,1,1,1,False,-1
2371,TRIPLE,1,1,1,False,-1
2372,TRIPLE,1,1,1,False,-1
2373,TRIPLE,1,1,1,False,-1
2374,DOUBLE,1,1,0,False,-1
2375,DOUBLE,1,1,0,False,-1
2376,TRIPLE,1,1,1,False,-1
2377,DOUBLE,1,1,0,False,-1
2378,SINGLE,1,0,0,False,-1
2379,TRIPLE,1,1,1,False,-1
2380,TRIPLE,1,1,1,False,-1
2381,DOUBLE,1,1,0,False,-1
2382,TRIPLE,1,1,1,False,-1
2383,TRIPLE,1,1,1,False,-1
2384,TRIPLE,1,1,1,False,-1
2385,TRIPLE,1,1,1,False,-1
2386,TRIPLE,1,1,1,False,-1
2387,DOUBLE,1,1,0,False,-1
2388,DOUBLE,1,1,0,False,-1
2389,TRIPLE,1,1,1,False,-1
2390,TRIPLE,1,1,1,False,-1
2391,TRIPLE,1,1,1,False,-1
2392,TRIPLE,1,1,1,False,-1
2393,SINGLE,1,0,0,False,-1
2394,TRIPLE,1,1,1,False,-1
2395,TRIPLE,1,1,1,False,-1
2396,DOUBLE,1,1,0,False,-1
2397,SINGLE,1,0,0,False,-1
2398,TRIPLE,1,1,1,False,-1
2399,TRIPLE,1,1,1,False,-1
2400,DOUBLE,1,1,0,False,-1
2401,TRIPLE,1,1,1,False,-1
2402,TRIPLE,1,1,1,False,-1
2403,TRIPLE,1,1,1,False,-1
2404,TRIPLE,1,1,1,False,-1
2405,DOUBLE,1,1,0,False,-1
2406,DOUBLE,1,1,0,False,-1
2407,DOUBLE,1,1,0,False,-1
2408,TRIPLE,1,1,1,False,-1
2409,TRIPLE,1,1,1,False,-1
2410,SINGLE,1,0,0,False,-1
2411,TRIPLE,1,1,1,False,-1
2412,TRIPLE,1,1,1,False,-1
2413,TRIPLE,1,1,1,False,-1
2414,TRIPLE,1,1,1,False,-1
2415,TRIPLE,1,1,1,False,-1
2416,TRIPLE,1,1,1,False,-1
2417,TRIPLE,1,1,1,False,-1
2418,DOUBLE,1,1,0,False,-1
2419,TRIPLE,1,1,1,False,-1
2420,DOUBLE,1,1,0,False,-1
2421,DOUBLE,1,1,0,False,-1
2422,DOUBLE,1,1,0,False,-1
2423,DOUBLE,1,1,0,False,-1
2424,TRIPLE,1,1,1,False,-1
2425,DOUBLE,1,1,0,False,-1
2426,SINGLE,1,0,0,False,-1
2427,SINGLE,1,0,0,False,-1
2428,TRIPLE,1,1,1,False,-1
2429,TRIPLE,1,1,1,False,-1
2430,TRIPLE,1,1,1,False,-1
2431,DOUBLE,1,1,0,False,-1
2432,DOUBLE,1,1,0,False,-1
2433,SINGLE,1,0,0,False,-1
2434,SINGLE,1,0,0,False,-1
2435,TRIPLE,1,1,1,False,-1
2436,TRIPLE,1,1,1,False,-1
2437,DOUBLE,1,1,0,False,-1
2438,SINGLE,1,0,0,False,-1
2439,TRIPLE,1,1,1,False,-1
2440,TRIPLE,1,1,1,False,-1
2441,TRIPLE,1,1,1,False,-1
2442,TRIPLE,1,1,1,False,-1
2443,TRIPLE,1,1,1,False,-1
2444,TRIPLE,1,1,1,False,-1
2445,TRIPLE,1,1,1,False,-1
2446,TRIPLE,1,1,1,False,-1
2447,DOUBLE,1,1,0,False,-1
2448,DOUBLE,1,1,0,False,-1
2449,TRIPLE,1,1,1,False,-1
2450,TRIPLE,1,1,1,False,-1
2451,DOUBLE,1,1,0,False,-1
2452,TRIPLE,1,1,1,False,-1
2453,TRIPLE,1,1,1,False,-1
2454,TRIPLE,1,1,1,False,-1
2455,TRIPLE,1,1,1,False,-1
2456,TRIPLE,1,1,1,False,-1
2457,TRIPLE,1,1,1,False,-1
2458,TRIPLE,1,1,1,False,-1
2459,TRIPLE,1,1,1,False,-1
2460,DOUBLE,1,1,0,False,-1
2461,DOUBLE,1,1,0,False,-1
2462,TRIPLE,1,1,1,False,-1
2463,TRIPLE,1,1,1,False,-1
2464,DOUBLE,1,1,0,False,-1
2465,TRIPLE,1,1,1,False,-1
2466,DOUBLE,1,1,0,False,-1
2467,SINGLE,1,0,0,False,-1
2468,TRIPLE,1,1,1,False,-1
2469,DOUBLE,1,1,0,False,-1
2470,TRIPLE,1,1,1,False,-1
2471,DOUBLE,1,1,0,False,-1
2472,TRIPLE,1,1,1,False,-1
2473,DOUBLE,1,1,0,False,-1
2474,DOUBLE,1,1,0,False,-1
2475,SINGLE,1,0,0,False,-1
2476,SINGLE,1,0,0,False,-1
2477,TRIPLE,1,1,1,False,-1
2478,TRIPLE,1,1,1,False,-1
2479,TRIPLE,1,1,1,False,-1
2480,TRIPLE,1,1,1,False,-1
2481,DOUBLE,1,1,0,False,-1
2482,SINGLE,1,0,0,False,-1
2483,TRIPLE,1,1,1,False,-1
2484,TRIPLE,1,1,1,False,-1
2485,TRIPLE,1,1,1,False,-1
2486,TRIPLE,1,1,1,False,-1
2487,TRIPLE,1,1,1,False,-1
2488,TRIPLE,1,1,1,False,-1
2489,SINGLE,1,0,0,False,-1
2490,DOUBLE,1,1,0,False,-1
2491,TRIPLE,1,1,1,False,-1
2492,TRIPLE,1,1,1,False,-1
2493,TRIPLE,1,1,1,False,-1
2494,DOUBLE,1,1,0,False,-1
2495,SINGLE,1,0,0,False,-1
2496,TRIPLE,1,1,1,False,-1
2497,TRIPLE,1,1,1,False,-1
2498,TRIPLE,1,1,1,False,-1
2499,TRIPLE,1,1,1,False,-1
2500,DOUBLE,1,1,0,False,-1
2501,DOUBLE,1,1,0,False,-1
2502,TRIPLE,1,1,1,False,-1
2503,TRIPLE,1,1,1,False,-1
2504,DOUBLE,1,1,0,False,-1
2505,SINGLE,1,0,0,False,-1
2506,TRIPLE,1,1,1,False,-1
2507,TRIPLE,1,1,1,False,-1
2508,TRIPLE,1,1,1,False,-1
2509,DOUBLE,1,1,0,False,-1
2510,SINGLE,1,0,0,False,-1
2511,SINGLE,1,0,0,False,-1
2512,DOUBLE,1,1,0,False,-1
2513,TRIPLE,1,1,1,False,-1
2514,TRIPLE,1,1,1,False,-1
2515,DOUBLE,1,1,0,False,-1
2516,DOUBLE,1,1,0,False,-1
2517,SINGLE,1,0,0,False,-1
2518,DOUBLE,1,1,0,False,-1
2519,TRIPLE,1,1,1,False,-1
2520,TRIPLE,1,1,1,False,-1
2521,SINGLE,1,0,0,False,-1
2522,TRIPLE,1,1,1,False,-1
2523,TRIPLE,1,1,1,False,-1
2524,DOUBLE,1,1,0,False,-1
2525,TRIPLE,1,1,1,False,-1
2526,TRIPLE,1,1,1,False,-1
2527,TRIPLE,1,1,1,False,-1
2528,TRIPLE,1,1,1,False,-1
2529,DOUBLE,1,1,0,False,-1
2530,TRIPLE,1,1,1,False,-1
2531,DOUBLE,1,1,0,False,-1
2532,DOUBLE,1,1,0,False,-1
2533,DOUBLE,1,1,0,False,-1
2534,TRIPLE,1,1,1,False,-1
2535,TRIPLE,1,1,1,False,-1
2536,TRIPLE,1,1,1,False,-1
2537,TRIPLE,1,1,1,False,-1
2538,DOUBLE,1,1,0,False,-1
2539,TRIPLE,1,1,1,False,-1
2540,DOUBLE,1,1,0,False,-1
2541,SINGLE,1,0,0,False,-1
2542,TRIPLE,1,1,1,False,-1
2543,DOUBLE,1,1,0,False,-1
2544,DOUBLE,1,1,0,False,-1
2545,DOUBLE,1,1,0,False,-1
2546,TRIPLE,1,1,1,False,-1
2547,DOUBLE,1,1,0,False,-1
2548,TRIPLE,1,1,1,False,-1
2549,TRIPLE,1,1,1,False,-1
2550,TRIPLE,1,1,1,False,-1
2551,TRIPLE,1,1,1,False,-1
2552,TRIPLE,1,1,1,False,-1
2553,TRIPLE,1,1,1,False,-1
2554,TRIPLE,1,1,1,False,-1
2555,DOUBLE,1,1,0,False,-1
2556,TRIPLE,1,1,1,False,-1
2557,DOUBLE,1,1,0,False,-1
2558,TRIPLE,1,1,1,False,-1
2559,SINGLE,1,0,0,False,-1
2560,TRIPLE,1,1,1,False,-1
2561,TRIPLE,1,1,1,False,-1
2562,DOUBLE,1,1,0,False,-1
2563,TRIPLE,1,1,1,False,-1
2564,TRIPLE,1,1,1,False,-1
2565,SINGLE,1,0,0,False,-1
2566,TRIPLE,1,1,1,False,-1
2567,TRIPLE,1,1,1,False,-1
2568,SINGLE,1,0,0,False,-1
2569,DOUBLE,1,1,0,False,-1
2570,DOUBLE,1,1,0,False,-1
2571,DOUBLE,1,1,0,False,-1
2572,TRIPLE,1,1,1,False,-1
2573,DOUBLE,1,1,0,False,-1
2574,DOUBLE,1,1,0,False,-1
2575,DOUBLE,1,1,0,False,-1
2576,DOUBLE,1,1,0,False,-1
2577,TRIPLE,1,1,1,False,-1
2578,TRIPLE,1,1,1,False,-1
2579,TRIPLE,1,1,1,False,-1
2580,TRIPLE,1,1,1,False,-1
2581,TRIPLE,1,1,1,False,-1
2582,TRIPLE,1,1,1,False,-1
2583,DOUBLE,1,1,0,False,-1
2584,DOUBLE,1,1,0,False,-1
2585,TRIPLE,1,1,1,False,-1
2586,DOUBLE,1,1,0,False,-1
2587,TRIPLE,1,1,1,False,-1
2588,TRIPLE,1,1,1,False,-1
2589,TRIPLE,1,1,1,False,-1
2590,TRIPLE,1,1,1,False,-1
2591,TRIPLE,1,1,1,False,-1
2592,TRIPLE,1,1,1,False,-1
2593,DOUBLE,1,1,0,False,-1
2594,TRIPLE,1,1,1,False,-1
2595,TRIPLE,1,1,1,False,-1
2596,SINGLE,1,0,0,False,-1
2597,DOUBLE,1,1,0,False,-1
2598,TRIPLE,1,1,1,False,-1
2599,TRIPLE,1,1,1,False,-1
2600,SINGLE,1,0,0,False,-1
2601,DOUBLE,1,1,0,False,-1
2602,TRIPLE,1,1,1,False,-1
2603,TRIPLE,1,1,1,False,-1
2604,DOUBLE,1,1,0,False,-1
2605,DOUBLE,1,1,0,False,-1
2606,DOUBLE,1,1,0,False,-1
2607,TRIPLE,1,1,1,False,-1
2608,TRIPLE,1,1,1,False,-1
2609,DOUBLE,1,1,0,False,-1
2610,DOUBLE,1,1,0,False,-1
2611,DOUBLE,1,1,0,False,-1
2612,DOUBLE,1,1,0,False,-1
2613,TRIPLE,1,1,1,False,-1
2614,DOUBLE,1,1,0,False,-1
2615,TRIPLE,1,1,1,False,-1
2616,TRIPLE,1,1,1,False,-1
2617,TRIPLE,1,1,1,False,-1
2618,TRIPLE,1,1,1,False,-1
2619,DOUBLE,1,1,0,False,-1
2620,TRIPLE,1,1,1,False,-1
2621,TRIPLE,1,1,1,False,-1
2622,TRIPLE,1,1,1,False,-1
2623,DOUBLE,1,1,0,False,-1
2624,TRIPLE,1,1,1,False,-1
2625,TRIPLE,1,1,1,False,-1
2626,DOUBLE,1,1,0,False,-1
2627,TRIPLE,1,1,1,False,-1
2628,TRIPLE,1,1,1,False,-1
2629,TRIPLE,1,1,1,False,-1
2630,SINGLE,1,0,0,False,-1
2631,TRIPLE,1,1,1,False,-1
2632,DOUBLE,1,1,0,False,-1
2633,TRIPLE,1,1,1,False,-1
2634,SINGLE,1,0,0,False,-1
2635,SINGLE,1,0,0,False,-1
2636,SINGLE,1,0,0,False,-1
2637,DOUBLE,1,1,0,False,-1
2638,DOUBLE,1,1,0,False,-1
2639,SINGLE,1,0,0,False,-1
2640,TRIPLE,1,1,1,False,-1
2641,SINGLE,1,0,0,False,-1
2642,TRIPLE,1,1,1,False,-1
2643,TRIPLE,1,1,1,False,-1
2644,DOUBLE,1,1,0,False,-1
2645,TRIPLE,1,1,1,False,-1
2646,TRIPLE,1,1,1,False,-1
2647,TRIPLE,1,1,1,False,-1
2648,TRIPLE,1,1,1,False,-1
2649,TRIPLE,1,1,1,False,-1
2650,TRIPLE,1,1,1,False,-1
2651,DOUBLE,1,1,0,False,-1
2652,SINGLE,1,0,0,False,-1
2653,TRIPLE,1,1,1,False,-1
2654,TRIPLE,1,1,1,False,-1
2655,TRIPLE,1,1,1,False,-1
2656,SINGLE,1,0,0,False,-1
2657,TRIPLE,1,1,1,False,-1
2658,TRIPLE,1,1,1,False,-1
2659,DOUBLE,1,1,0,False,-1
2660,DOUBLE,1,1,0,False,-1
2661,TRIPLE,1,1,1,False,-1
2662,SINGLE,1,0,0,False,-1
2663,TRIPLE,1,1,1,False,-1
2664,DOUBLE,1,1,0,False,-1
2665,DOUBLE,1,1,0,False,-1
2666,TRIPLE,1,1,1,False,-1
2667,TRIPLE,1,1,1,False,-1
2668,TRIPLE,1,1,1,False,-1
2669,TRIPLE,1,1,1,False,-1
2670,TRIPLE,1,1,1,False,-1
2671,TRIPLE,1,1,1,False,-1
2672,TRIPLE,1,1,1,False,-1
2673,TRIPLE,1,1,1,False,-1
2674,TRIPLE,1,1,1,False,-1
2675,DOUBLE,1,1,0,False,-1
2676,TRIPLE,1,1,1,False,-1
2677,DOUBLE,1,1,0,False,-1
2678,TRIPLE,1,1,1,False,-1
2679,TRIPLE,1,1,1,False,-1
2680,TRIPLE,1,1,1,False,-1
2681,TRIPLE,1,1,1,False,-1
2682,DOUBLE,1,1,0,False,-1
2683,TRIPLE,1,1,1,False,-1
2684,TRIPLE,1,1,1,False,-1
2685,DOUBLE,1,1,0,False,-1
2686,TRIPLE,1,1,1,False,-1
2687,DOUBLE,1,1,0,False,-1
2688,DOUBLE,1,1,0,False,-1
2689,TRIPLE,1,1,1,False,-1
2690,TRIPLE,1,1,1,False,-1
2691,TRIPLE,1,1,1,False,-1
2692,DOUBLE,1,1,0,False,-1
2693,DOUBLE,1,1,0,False,-1
2694,TRIPLE,1,1,1,False,-1
2695,TRIPLE,1,1,1,False,-1
2696,SINGLE,1,0,0,False,-1
2697,TRIPLE,1,1,1,False,-1
2698,TRIPLE,1,1,1,False,-1
2699,DOUBLE,1,1,0,False,-1
2700,SINGLE,1,0,0,False,-1
2701,DOUBLE,1,1,0,False,-1
2702,TRIPLE,1,1,1,False,-1
2703,TRIPLE,1,1,1,False,-1
2704,TRIPLE,1,1,1,False,-1
2705,DOUBLE,1,1,0,False,-1
2706,DOUBLE,1,1,0,False,-1
2707,TRIPLE,1,1,1,False,-1
2708,TRIPLE,1,1,1,False,-1
2709,TRIPLE,1,1,1,False,-1
2710,DOUBLE,1,1,0,False,-1
2711,DOUBLE,1,1,0,False,-1
2712,TRIPLE,1,1,1,False,-1
2713,TRIPLE,1,1,1,False,-1
2714,TRIPLE,1,1,1,False,-1
2715,DOUBLE,1,1,0,False,-1
2716,DOUBLE,1,1,0,False,-1
2717,DOUBLE,1,1,0,False,-1
2718,TRIPLE,1,1,1,False,-1
2719,TRIPLE,1,1,1,False,-1
2720,TRIPLE,1,1,1,False,-1
2721,SINGLE,1,0,0,False,-1
2722,TRIPLE,1,1,1,False,-1
2723,TRIPLE,1,1,1,False,-1
2724,DOUBLE,1,1,0,False,-1
2725,TRIPLE,1,1,1,False,-1
2726,SINGLE,1,0,0,False,-1
2727,DOUBLE,1,1,0,False,-1
2728,TRIPLE,1,1,1,False,-1
2729,TRIPLE,1,1,1,False,-1
2730,TRIPLE,1,1,1,False,-1
2731,TRIPLE,1,1,1,False,-1
2732,TRIPLE,1,1,1,False,-1
2733,TRIPLE,1,1,1,False,-1
2734,TRIPLE,1,1,1,False,-1
2735,DOUBLE,1,1,0,False,-1
2736,TRIPLE,1,1,1,False,-1
2737,TRIPLE,1,1,1,False,-1
2738,TRIPLE,1,1,1,False,-1
2739,TRIPLE,1,1,1,False,-1
2740,TRIPLE,1,1,1,False,-1
2741,TRIPLE,1,1,1,False,-1
2742,SINGLE,1,0,0,False,-1
2743,TRIPLE,1,1,1,False,-1
2744,TRIPLE,1,1,1,False,-1
2745,TRIPLE,1,1,1,False,-1
2746,SINGLE,1,0,0,False,-1
2747,SINGLE,1,0,0,False,-1
2748,TRIPLE,1,1,1,False,-1
2749,DOUBLE,1,1,0,False,-1
2750,TRIPLE,1,1,1,False,-1
2751,SINGLE,1,0,0,False,-1
2752,SINGLE,1,0,0,False,-1
2753,TRIPLE,1,1,1,False,-1
2754,TRIPLE,1,1,1,False,-1
2755,TRIPLE,1,1,1,False,-1
2756,TRIPLE,1,1,1,False,-1
2757,TRIPLE,1,1,1,False,-1
2758,DOUBLE,1,1,0,False,-1
2759,SINGLE,1,0,0,False,-1
2760,TRIPLE,1,1,1,False,-1
2761,TRIPLE,1,1,1,False,-1
2762,SINGLE,1,0,0,False,-1
2763,DOUBLE,1,1,0,False,-1
2764,TRIPLE,1,1,1,False,-1
2765,TRIPLE,1,1,1,False,-1
2766,DOUBLE,1,1,0,False,-1
2767,TRIPLE,1,1,1,False,-1
2768,TRIPLE,1,1,1,False,-1
2769,TRIPLE,1,1,1,False,-1
2770,DOUBLE,1,1,0,False,-1
2771,TRIPLE,1,1,1,False,-1
2772,TRIPLE,1,1,1,False,-1
2773,SINGLE,1,0,0,False,-1
2774,TRIPLE,1,1,1,False,-1
2775,SINGLE,1,0,0,False,-1
2776,TRIPLE,1,1,1,False,-1
2777,DOUBLE,1,1,0,False,-1
2778,TRIPLE,1,1,1,False,-1
2779,SINGLE,1,0,0,False,-1
2780,TRIPLE,1,1,1,False,-1
2781,TRIPLE,1,1,1,False,-1
2782,DOUBLE,1,1,0,False,-1
2783,DOUBLE,1,1,0,False,-1
2784,TRIPLE,1,1,1,False,-1
2785,TRIPLE,1,1,1,False,-1
2786,DOUBLE,1,1,0,False,-1
2787,TRIPLE,1,1,1,False,-1
2788,TRIPLE,1,1,1,False,-1
2789,SINGLE,1,0,0,False,-1
2790,TRIPLE,1,1,1,False,-1
2791,TRIPLE,1,1,1,False,-1
2792,DOUBLE,1,1,0,False,-1
2793,TRIPLE,1,1,1,False,-1
2794,TRIPLE,1,1,1,False,-1
2795,TRIPLE,1,1,1,False,-1
2796,TRIPLE,1,1,1,False,-1
2797,TRIPLE,1,1,1,False,-1
2798,TRIPLE,1,1,1,False,-1
2799,SINGLE,1,0,0,False,-1
2800,SINGLE,1,0,0,False,-1
2801,TRIPLE,1,1,1,False,-1
2802,TRIPLE,1,1,1,False,-1
2803,DOUBLE,1,1,0,False,-1
2804,TRIPLE,1,1,1,False,-1
2805,TRIPLE,1,1,1,False,-1
2806,SINGLE,1,0,0,False,-1
2807,DOUBLE,1,1,0,False,-1
2808,SINGLE,1,0,0,False,-1
2809,DOUBLE,1,1,0,False,-1
2810,TRIPLE,1,1,1,False,-1
2811,DOUBLE,1,1,0,False,-1
2812,DOUBLE,1,1,0,False,-1
2813,TRIPLE,1,1,1,False,-1
2814,DOUBLE,1,1,0,False,-1
2815,SINGLE,1,0,0,False,-1
2816,DOUBLE,1,1,0,False,-1
2817,DOUBLE,1,1,0,False,-1
2818,TRIPLE,1,1,1,False,-1
2819,DOUBLE,1,1,0,False,-1
2820,TRIPLE,1,1,1,False,-1
2821,DOUBLE,1,1,0,False,-1
2822,SINGLE,1,0,0,False,-1
2823,TRIPLE,1,1,1,False,-1
2824,TRIPLE,1,1,1,False,-1
2825,TRIPLE,1,1,1,False,-1
2826,TRIPLE,1,1,1,False,-1
2827,TRIPLE,1,1,1,False,-1
2828,DOUBLE,1,1,0,False,-1
2829,TRIPLE,1,1,1,False,-1
2830,TRIPLE,1,1,1,False,-1
2831,DOUBLE,1,1,0,False,-1
2832,DOUBLE,1,1,0,False,-1
2833,DOUBLE,1,1,0,False,-1
2834,DOUBLE,1,1,0,False,-1
2835,TRIPLE,1,1,1,False,-1
2836,TRIPLE,1,1,1,False,-1
2837,DOUBLE,1,1,0,False,-1
2838,SINGLE,1,0,0,False,-1
2839,DOUBLE,1,1,0,False,-1
2840,SINGLE,1,0,0,False,-1
2841,DOUBLE,1,1,0,False,-1
2842,SINGLE,1,0,0,False,-1
2843,TRIPLE,1,1,1,False,-1
2844,TRIPLE,1,1,1,False,-1
2845,DOUBLE,1,1,0,False,-1
2846,DOUBLE,1,1,0,False,-1
2847,DOUBLE,1,1,0,False,-1
2848,TRIPLE,1,1,1,False,-1
2849,SINGLE,1,0,0,False,-1
2850,TRIPLE,1,1,1,False,-1
2851,DOUBLE,1,1,0,False,-1
2852,SINGLE,1,0,0,False,-1
2853,TRIPLE,1,1,1,False,-1
2854,TRIPLE,1,1,1,False,-1
2855,DOUBLE,1,1,0,False,-1
2856,DOUBLE,1,1,0,False,-1
2857,SINGLE,1,0,0,False,-1
2858,TRIPLE,1,1,1,False,-1
2859,DOUBLE,1,1,0,False,-1
2860,SINGLE,1,0,0,False,-1
2861,TRIPLE,1,1,1,False,-1
2862,DOUBLE,1,1,0,False,-1
2863,TRIPLE,1,1,1,False,-1
2864,DOUBLE,1,1,0,False,-1
2865,SINGLE,1,0,0,False,-1
2866,TRIPLE,1,1,1,False,-1
2867,DOUBLE,1,1,0,False,-1
2868,DOUBLE,1,1,0,False,-1
2869,TRIPLE,1,1,1,False,-1
2870,TRIPLE,1,1,1,False,-1
2871,DOUBLE,1,1,0,False,-1
2872,SINGLE,1,0,0,False,-1
2873,SINGLE,1,0,0,False,-1
2874,SINGLE,1,0,0,False,-1
2875,DOUBLE,1,1,0,False,-1
2876,TRIPLE,1,1,1,False,-1
2877,TRIPLE,1,1,1,False,-1
2878,DOUBLE,1,1,0,False,-1
2879,TRIPLE,1,1,1,False,-1
2880,TRIPLE,1,1,1,False,-1
2881,TRIPLE,1,1,1,False,-1
2882,DOUBLE,1,1,0,False,-1
2883,DOUBLE,1,1,0,False,-1
2884,DOUBLE,1,1,0,False,-1
2885,SINGLE,1,0,0,False,-1
2886,TRIPLE,1,1,1,False,-1
2887,SINGLE,1,0,0,False,-1
2888,TRIPLE,1,1,1,False,-1
2889,TRIPLE,1,1,1,False,-1
2890,TRIPLE,1,1,1,False,-1
2891,TRIPLE,1,1,1,False,-1
2892,DOUBLE,1,1,0,False,-1
2893,TRIPLE,1,1,1,False,-1
2894,TRIPLE,1,1,1,False,-1
2895,TRIPLE,1,1,1,False,-1
2896,TRIPLE,1,1,1,False,-1
2897,DOUBLE,1,1,0,False,-1
2898,TRIPLE,1,1,1,False,-1
2899,SINGLE,1,0,0,False,-1
2900,DOUBLE,1,1,0,False,-1
2901,TRIPLE,1,1,1,False,-1
2902,DOUBLE,1,1,0,False,-1
2903,SINGLE,1,0,0,False,-1
2904,TRIPLE,1,1,1,False,-1
2905,TRIPLE,1,1,1,False,-1
2906,TRIPLE,1,1,1,False,-1
2907,DOUBLE,1,1,0,False,-1
2908,TRIPLE,1,1,1,False,-1
2909,SINGLE,1,0,0,False,-1
2910,SINGLE,1,0,0,False,-1
2911,TRIPLE,1,1,1,False,-1
2912,DOUBLE,1,1,0,False,-1
2913,DOUBLE,1,1,0,False,-1
2914,SINGLE,1,0,0,False,-1
2915,DOUBLE,1,1,0,False,-1
2916,SINGLE,1,0,0,False,-1
2917,DOUBLE,1,1,0,False,-1
2918,DOUBLE,1,1,0,False,-1
2919,TRIPLE,1,1,1,False,-1
2920,SINGLE,1,0,0,False,-1
2921,TRIPLE,1,1,1,False,-1
2922,DOUBLE,1,1,0,False,-1
2923,SINGLE,1,0,0,False,-1
2924,TRIPLE,1,1,1,False,-1
2925,SINGLE,1,0,0,False,-1
2926,TRIPLE,1,1,1,False,-1
2927,SINGLE,1,0,0,False,-1
2928,TRIPLE,1,1,1,False,-1
2929,TRIPLE,1,1,1,False,-1
2930,SINGLE,1,0,0,False,-1
2931,TRIPLE,1,1,1,False,-1
2932,TRIPLE,1,1,1,False,-1
2933,TRIPLE,1,1,1,False,-1
2934,TRIPLE,1,1,1,False,-1
2935,DOUBLE,1,1,0,False,-1
2936,TRIPLE,1,1,1,False,-1
2937,DOUBLE,1,1,0,False,-1
2938,SINGLE,1,0,0,False,-1
2939,SINGLE,1,0,0,False,-1
2940,DOUBLE,1,1,0,False,-1
2941,TRIPLE,1,1,1,False,-1
2942,TRIPLE,1,1,1,False,-1
2943,DOUBLE,1,1,0,False,-1
2944,SINGLE,1,0,0,False,-1
2945,TRIPLE,1,1,1,False,-1
2946,TRIPLE,1,1,1,False,-1
2947,TRIPLE,1,1,1,False,-1
2948,TRIPLE,1,1,1,False,-1
2949,DOUBLE,1,1,0,False,-1
2950,TRIPLE,1,1,1,False,-1
2951,TRIPLE,1,1,1,False,-1
2952,DOUBLE,1,1,0,False,-1
2953,TRIPLE,1,1,1,False,-1
2954,DOUBLE,1,1,0,False,-1
2955,TRIPLE,1,1,1,False,-1
2956,TRIPLE,1,1,1,False,-1
2957,DOUBLE,1,1,0,False,-1
2958,DOUBLE,1,1,0,False,-1
2959,DOUBLE,1,1,0,False,-1
2960,TRIPLE,1,1,1,False,-1
2961,TRIPLE,1,1,1,False,-1
2962,TRIPLE,1,1,1,False,-1
2963,SINGLE,1,0,0,False,-1
2964,DOUBLE,1,1,0,False,-1
2965,TRIPLE,1,1,1,False,-1
2966,DOUBLE,1,1,0,False,-1
2967,TRIPLE,1,1,1,False,-1
2968,DOUBLE,1,1,0,False,-1
2969,DOUBLE,1,1,0,False,-1
2970,SINGLE,1,0,0,False,-1
2971,TRIPLE,1,1,1,False,-1
2972,DOUBLE,1,1,0,False,-1
2973,TRIPLE,1,1,1,False,-1
2974,DOUBLE,1,1,0,False,-1
2975,SINGLE,1,0,0,False,-1
2976,TRIPLE,1,1,1,False,-1
2977,TRIPLE,1,1,1,False,-1
2978,TRIPLE,1,1,1,False,-1
2979,TRIPLE,1,1,1,False,-1
2980,DOUBLE,1,1,0,False,-1
2981,TRIPLE,1,1,1,False,-1
2982,TRIPLE,1,1,1,False,-1
2983,TRIPLE,1,1,1,False,-1
2984,SINGLE,1,0,0,False,-1
2985,TRIPLE,1,1,1,False,-1
2986,TRIPLE,1,1,1,False,-1
2987,TRIPLE,1,1,1,False,-1
2988,SINGLE,1,0,0,False,-1
2989,DOUBLE,1,1,0,False,-1
2990,TRIPLE,1,1,1,False,-1
2991,SINGLE,1,0,0,False,-1
2992,TRIPLE,1,1,1,False,-1
2993,TRIPLE,1,1,1,False,-1
2994,DOUBLE,1,1,0,False,-1
2995,SINGLE,1,0,0,False,-1
2996,TRIPLE,1,1,1,False,-1
2997,TRIPLE,1,1,1,False,-1
2998,TRIPLE,1,1,1,False,-1
2999,DOUBLE,1,1,0,False,-1
3000,TRIPLE,1,1,1,False,-1
3001,DOUBLE,1,1,0,False,-1
3002,DOUBLE,1,1,0,False,-1
3003,TRIPLE,1,1,1,False,-1
3004,SINGLE,1,0,0,False,-1
3005,TRIPLE,1,1,1,False,-1
3006,DOUBLE,1,1,0,False,-1
3007,TRIPLE,1,1,1,False,-1
3008,DOUBLE,1,1,0,False,-1
3009,SINGLE,1,0,0,False,-1
3010,TRIPLE,1,1,1,False,-1
3011,TRIPLE,1,1,1,False,-1
3012,TRIPLE,1,1,1,False,-1
3013,TRIPLE,1,1,1,False,-1
3014,TRIPLE,1,1,1,False,-1
3015,TRIPLE,1,1,1,False,-1
3016,DOUBLE,1,1,0,False,-1
3017,SINGLE,1,0,0,False,-1
3018,SINGLE,1,0,0,False,-1
3019,TRIPLE,1,1,1,False,-1
3020,TRIPLE,1,1,1,False,-1
3021,TRIPLE,1,1,1,False,-1
3022,TRIPLE,1,1,1,False,-1
3023,SINGLE,1,0,0,False,-1
3024,TRIPLE,1,1,1,False,-1
3025,DOUBLE,1,1,0,False,-1
3026,TRIPLE,1,1,1,False,-1
3027,TRIPLE,1,1,1,False,-1
3028,TRIPLE,1,1,1,False,-1
3029,SINGLE,1,0,0,False,-1
3030,TRIPLE,1,1,1,False,-1
3031,DOUBLE,1,1,0,False,-1
3032,TRIPLE,1,1,1,False,-1
3033,TRIPLE,1,1,1,False,-1
3034,TRIPLE,1,1,1,False,-1
3035,TRIPLE,1,1,1,False,-1
3036,TRIPLE,1,1,1,False,-1
3037,SINGLE,1,0,0,False,-1
3038,DOUBLE,1,1,0,False,-1
3039,TRIPLE,1,1,1,False,-1
3040,SINGLE,1,0,0,False,-1
3041,TRIPLE,1,1,1,False,-1
3042,DOUBLE,1,1,0,False,-1
3043,TRIPLE,1,1,1,False,-1
3044,TRIPLE,1,1,1,False,-1
3045,TRIPLE,1,1,1,False,-1
3046,TRIPLE,1,1,1,True,2917.03
3047,TRIPLE,1,1,1,False,-1
3048,DOUBLE,1,1,0,False,-1
3049,DOUBLE,1,1,0,False,-1
3050,SINGLE,1,0,0,False,-1
3051,TRIPLE,1,1,1,False,-1
3052,SINGLE,1,0,0,False,-1
3053,DOUBLE,1,1,0,False,-1
3054,TRIPLE,1,1,1,False,-1
3055,SINGLE,1,0,0,False,-1
3056,DOUBLE,1,1,0,False,-1
3057,TRIPLE,1,1,1,False,-1
3058,TRIPLE,1,1,1,False,-1
3059,DOUBLE,1,1,0,False,-1
3060,TRIPLE,1,1,1,False,-1
3061,DOUBLE,1,1,0,False,-1
3062,TRIPLE,1,1,1,False,-1
3063,SINGLE,1,0,0,False,-1
3064,SINGLE,1,0,0,False,-1
3065,TRIPLE,1,1,1,False,-1
3066,SINGLE,1,0,0,False,-1
3067,TRIPLE,1,1,1,False,-1
3068,TRIPLE,1,1,1,False,-1
3069,SINGLE,1,0,0,False,-1
3070,TRIPLE,1,1,1,False,-1
3071,SINGLE,1,0,0,False,-1
3072,TRIPLE,1,1,1,False,-1
3073,TRIPLE,1,1,1,False,-1
3074,TRIPLE,1,1,1,False,-1
3075,TRIPLE,1,1,1,False,-1
3076,TRIPLE,1,1,1,False,-1
3077,TRIPLE,1,1,1,False,-1
3078,SINGLE,1,0,0,False,-1
3079,SINGLE,1,0,0,False,-1
3080,TRIPLE,1,1,1,False,-1
3081,TRIPLE,1,1,1,False,-1
3082,TRIPLE,1,1,1,False,-1
3083,TRIPLE,1,1,1,False,-1
3084,SINGLE,1,0,0,False,-1
3085,TRIPLE,1,1,1,False,-1
3086,SINGLE,1,0,0,False,-1
3087,TRIPLE,1,1,1,False,-1
3088,TRIPLE,1,1,1,False,-1
3089,SINGLE,1,0,0,False,-1
3090,DOUBLE,1,1,0,False,-1
3091,TRIPLE,1,1,1,False,-1
3092,DOUBLE,1,1,0,False,-1
3093,TRIPLE,1,1,1,False,-1
3094,TRIPLE,1,1,1,False,-1
3095,TRIPLE,1,1,1,False,-1
3096,TRIPLE,1,1,1,False,-1
3097,SINGLE,1,0,0,False,-1
3098,TRIPLE,1,1,1,False,-1
3099,TRIPLE,1,1,1,False,-1
3100,TRIPLE,1,1,1,False,-1
3101,TRIPLE,1,1,1,False,-1
3102,DOUBLE,1,1,0,False,-1
3103,TRIPLE,1,1,1,False,-1
3104,TRIPLE,1,1,1,False,-1
3105,DOUBLE,1,1,0,False,-1
3106,TRIPLE,1,1,1,False,-1
3107,TRIPLE,1,1,1,False,-1
3108,DOUBLE,1,1,0,False,-1
3109,TRIPLE,1,1,1,False,-1
3110,TRIPLE,1,1,1,False,-1
3111,DOUBLE,1,1,0,False,-1
3112,DOUBLE,1,1,0,False,-1
3113,DOUBLE,1,1,0,False,-1
3114,SINGLE,1,0,0,False,-1
3115,DOUBLE,1,1,0,False,-1
3116,TRIPLE,1,1,1,False,-1
3117,TRIPLE,1,1,1,False,-1
3118,TRIPLE,1,1,1,False,-1
3119,TRIPLE,1,1,1,False,-1
3120,TRIPLE,1,1,1,False,-1
3121,TRIPLE,1,1,1,False,-1
3122,TRIPLE,1,1,1,False,-1
3123,TRIPLE,1,1,1,False,-1
3124,TRIPLE,1,1,1,False,-1
3125,TRIPLE,1,1,1,False,-1
3126,TRIPLE,1,1,1,False,-1
3127,DOUBLE,1,1,0,False,-1
3128,DOUBLE,1,1,0,False,-1
3129,TRIPLE,1,1,1,False,-1
3130,DOUBLE,1,1,0,False,-1
3131,TRIPLE,1,1,1,False,-1
3132,DOUBLE,1,1,0,False,-1
3133,TRIPLE,1,1,1,False,-1
3134,SINGLE,1,0,0,False,-1
3135,TRIPLE,1,1,1,False,-1
3136,TRIPLE,1,1,1,False,-1
3137,DOUBLE,1,1,0,False,-1
3138,TRIPLE,1,1,1,False,-1
3139,TRIPLE,1,1,1,False,-1
3140,TRIPLE,1,1,1,False,-1
3141,TRIPLE,1,1,1,False,-1
3142,TRIPLE,1,1,1,False,-1
3143,DOUBLE,1,1,0,False,-1
3144,TRIPLE,1,1,1,False,-1
3145,TRIPLE,1,1,1,False,-1
3146,TRIPLE,1,1,1,False,-1
3147,TRIPLE,1,1,1,False,-1
3148,SINGLE,1,0,0,False,-1
3149,TRIPLE,1,1,1,False,-1
3150,DOUBLE,1,1,0,False,-1
3151,TRIPLE,1,1,1,False,-1
3152,TRIPLE,1,1,1,False,-1
3153,SINGLE,1,0,0,False,-1
3154,DOUBLE,1,1,0,False,-1
3155,SINGLE,1,0,0,False,-1
3156,TRIPLE,1,1,1,False,-1
3157,TRIPLE,1,1,1,False,-1
3158,TRIPLE,1,1,1,False,-1
3159,TRIPLE,1,1,1,False,-1
3160,DOUBLE,1,1,0,False,-1
3161,DOUBLE,1,1,0,False,-1
3162,DOUBLE,1,1,0,False,-1
3163,TRIPLE,1,1,1,False,-1
3164,DOUBLE,1,1,0,False,-1
3165,DOUBLE,1,1,0,False,-1
3166,TRIPLE,1,1,1,False,-1
3167,SINGLE,1,0,0,False,-1
3168,TRIPLE,1,1,1,False,-1
3169,TRIPLE,1,1,1,False,-1
3170,DOUBLE,1,1,0,False,-1
3171,TRIPLE,1,1,1,False,-1
3172,DOUBLE,1,1,0,False,-1
3173,TRIPLE,1,1,1,False,-1
3174,TRIPLE,1,1,1,False,-1
3175,TRIPLE,1,1,1,False,-1
3176,DOUBLE,1,1,0,False,-1
3177,TRIPLE,1,1,1,False,-1
3178,DOUBLE,1,1,0,False,-1
3179,TRIPLE,1,1,1,False,-1
3180,TRIPLE,1,1,1,False,-1
3181,TRIPLE,1,1,1,False,-1
3182,DOUBLE,1,1,0,False,-1
3183,TRIPLE,1,1,1,False,-1
3184,SINGLE,1,0,0,False,-1
3185,TRIPLE,1,1,1,False,-1
3186,TRIPLE,1,1,1,False,-1
3187,TRIPLE,1,1,1,False,-1
3188,TRIPLE,1,1,1,False,-1
3189,TRIPLE,1,1,1,False,-1
3190,TRIPLE,1,1,1,False,-1
3191,TRIPLE,1,1,1,False,-1
3192,DOUBLE,1,1,0,False,-1
3193,SINGLE,1,0,0,False,-1
3194,TRIPLE,1,1,1,False,-1
3195,TRIPLE,1,1,1,False,-1
3196,TRIPLE,1,1,1,False,-1
3197,TRIPLE,1,1,1,False,-1
3198,TRIPLE,1,1,1,False,-1
3199,DOUBLE,1,1,0,False,-1
3200,TRIPLE,1,1,1,False,-1
3201,TRIPLE,1,1,1,False,-1
3202,DOUBLE,1,1,0,False,-1
3203,DOUBLE,1,1,0,False,-1
3204,TRIPLE,1,1,1,False,-1
3205,TRIPLE,1,1,1,False,-1
3206,DOUBLE,1,1,0,False,-1
3207,TRIPLE,1,1,1,False,-1
3208,DOUBLE,1,1,0,False,-1
3209,DOUBLE,1,1,0,False,-1
3210,DOUBLE,1,1,0,False,-1
3211,TRIPLE,1,1,1,False,-1
3212,TRIPLE,1,1,1,False,-1
3213,TRIPLE,1,1,1,False,-1
3214,DOUBLE,1,1,0,False,-1
3215,TRIPLE,1,1,1,False,-1
3216,TRIPLE,1,1,1,False,-1
3217,TRIPLE,1,1,1,False,-1
3218,SINGLE,1,0,0,False,-1
3219,TRIPLE,1,1,1,False,-1
3220,DOUBLE,1,1,0,False,-1
3221,DOUBLE,1,1,0,False,-1
3222,TRIPLE,1,1,1,False,-1
3223,DOUBLE,1,1,0,False,-1
3224,TRIPLE,1,1,1,False,-1
3225,DOUBLE,1,1,0,False,-1
3226,TRIPLE,1,1,1,False,-1
3227,TRIPLE,1,1,1,False,-1
3228,TRIPLE,1,1,1,False,-1
3229,SINGLE,1,0,0,False,-1
3230,SINGLE,1,0,0,False,-1
3231,SINGLE,1,0,0,False,-1
3232,TRIPLE,1,1,1,False,-1
3233,TRIPLE,1,1,1,False,-1
3234,TRIPLE,1,1,1,False,-1
3235,DOUBLE,1,1,0,False,-1
3236,TRIPLE,1,1,1,False,-1
3237,TRIPLE,1,1,1,False,-1
3238,TRIPLE,1,1,1,False,-1
3239,TRIPLE,1,1,1,False,-1
3240,TRIPLE,1,1,1,False,-1
3241,TRIPLE,1,1,1,False,-1
3242,TRIPLE,1,1,1,False,-1
3243,DOUBLE,1,1,0,False,-1
3244,SINGLE,1,0,0,False,-1
3245,TRIPLE,1,1,1,False,-1
3246,SINGLE,1,0,0,False,-1
3247,DOUBLE,1,1,0,False,-1
3248,SINGLE,1,0,0,False,-1
3249,TRIPLE,1,1,1,False,-1
3250,TRIPLE,1,1,1,False,-1
3251,TRIPLE,1,1,1,False,-1
3252,TRIPLE,1,1,1,False,-1
3253,TRIPLE,1,1,1,False,-1
3254,DOUBLE,1,1,0,False,-1
3255,SINGLE,1,0,0,False,-1
3256,TRIPLE,1,1,1,False,-1
3257,TRIPLE,1,1,1,False,-1
3258,DOUBLE,1,1,0,False,-1
3259,DOUBLE,1,1,0,False,-1
3260,TRIPLE,1,1,1,False,-1
3261,DOUBLE,1,1,0,False,-1
3262,TRIPLE,1,1,1,False,-1
3263,TRIPLE,1,1,1,False,-1
3264,TRIPLE,1,1,1,False,-1
3265,SINGLE,1,0,0,False,-1
3266,SINGLE,1,0,0,False,-1
3267,TRIPLE,1,1,1,False,-1
3268,DOUBLE,1,1,0,False,-1
3269,TRIPLE,1,1,1,False,-1
3270,TRIPLE,1,1,1,False,-1
3271,DOUBLE,1,1,0,False,-1
3272,TRIPLE,1,1,1,False,-1
3273,DOUBLE,1,1,0,False,-1
3274,TRIPLE,1,1,1,False,-1
3275,TRIPLE,1,1,1,False,-1
3276,TRIPLE,1,1,1,False,-1
3277,SINGLE,1,0,0,False,-1
3278,TRIPLE,1,1,1,False,-1
3279,TRIPLE,1,1,1,False,-1
3280,TRIPLE,1,1,1,False,-1
3281,TRIPLE,1,1,1,False,-1
3282,TRIPLE,1,1,1,False,-1
3283,DOUBLE,1,1,0,False,-1
3284,TRIPLE,1,1,1,False,-1
3285,TRIPLE,1,1,1,False,-1
3286,TRIPLE,1,1,1,False,-1
3287,DOUBLE,1,1,0,False,-1
3288,TRIPLE,1,1,1,False,-1
3289,TRIPLE,1,1,1,False,-1
3290,TRIPLE,1,1,1,False,-1
3291,TRIPLE,1,1,1,False,-1
3292,TRIPLE,1,1,1,False,-1
3293,DOUBLE,1,1,0,False,-1
3294,SINGLE,1,0,0,False,-1
3295,DOUBLE,1,1,0,False,-1
3296,TRIPLE,1,1,1,False,-1
3297,DOUBLE,1,1,0,False,-1
3298,TRIPLE,1,1,1,False,-1
3299,TRIPLE,1,1,1,False,-1
3300,SINGLE,1,0,0,False,-1
3301,TRIPLE,1,1,1,False,-1
3302,TRIPLE,1,1,1,False,-1
3303,TRIPLE,1,1,1,False,-1
3304,TRIPLE,1,1,1,False,-1
3305,DOUBLE,1,1,0,False,-1
3306,TRIPLE,1,1,1,False,-1
3307,TRIPLE,1,1,1,False,-1
3308,SINGLE,1,0,0,False,-1
3309,TRIPLE,1,1,1,False,-1
3310,DOUBLE,1,1,0,False,-1
3311,TRIPLE,1,1,1,False,-1
3312,TRIPLE,1,1,1,False,-1
3313,DOUBLE,1,1,0,False,-1
3314,TRIPLE,1,1,1,False,-1
3315,TRIPLE,1,1,1,False,-1
3316,DOUBLE,1,1,0,False,-1
3317,TRIPLE,1,1,1,False,-1
3318,DOUBLE,1,1,0,False,-1
3319,TRIPLE,1,1,1,False,-1
3320,DOUBLE,1,1,0,False,-1
3321,SINGLE,1,0,0,False,-1
3322,TRIPLE,1,1,1,False,-1
3323,DOUBLE,1,1,0,False,-1
3324,SINGLE,1,0,0,False,-1
3325,TRIPLE,1,1,1,False,-1
3326,TRIPLE,1,1,1,False,-1
3327,TRIPLE,1,1,1,False,-1
3328,SINGLE,1,0,0,False,-1
3329,TRIPLE,1,1,1,False,-1
3330,TRIPLE,1,1,1,False,-1
3331,TRIPLE,1,1,1,False,-1
3332,DOUBLE,1,1,0,False,-1
3333,DOUBLE,1,1,0,False,-1
3334,DOUBLE,1,1,0,False,-1
3335,SINGLE,1,0,0,False,-1
3336,DOUBLE,1,1,0,False,-1
3337,TRIPLE,1,1,1,False,-1
3338,TRIPLE,1,1,1,False,-1
3339,DOUBLE,1,1,0,False,-1
3340,TRIPLE,1,1,1,False,-1
3341,DOUBLE,1,1,0,False,-1
3342,TRIPLE,1,1,1,False,-1
3343,DOUBLE,1,1,0,False,-1
3344,DOUBLE,1,1,0,False,-1
3345,TRIPLE,1,1,1,False,-1
3346,TRIPLE,1,1,1,False,-1
3347,TRIPLE,1,1,1,False,-1
3348,DOUBLE,1,1,0,False,-1
3349,TRIPLE,1,1,1,False,-1
3350,TRIPLE,1,1,1,False,-1
3351,DOUBLE,1,1,0,False,-1
3352,SINGLE,1,0,0,False,-1
3353,TRIPLE,1,1,1,False,-1
3354,TRIPLE,1,1,1,False,-1
3355,DOUBLE,1,1,0,False,-1
3356,DOUBLE,1,1,0,False,-1
3357,TRIPLE,1,1,1,False,-1
3358,TRIPLE,1,1,1,False,-1
3359,TRIPLE,1,1,1,False,-1
3360,TRIPLE,1,1,1,False,-1
3361,TRIPLE,1,1,1,False,-1
3362,SINGLE,1,0,0,False,-1
3363,SINGLE,1,0,0,False,-1
3364,DOUBLE,1,1,0,False,-1
3365,SINGLE,1,0,0,False,-1
3366,DOUBLE,1,1,0,False,-1
3367,DOUBLE,1,1,0,False,-1
3368,TRIPLE,1,1,1,False,-1
3369,TRIPLE,1,1,1,False,-1
3370,DOUBLE,1,1,0,False,-1
3371,TRIPLE,1,1,1,False,-1
3372,DOUBLE,1,1,0,False,-1
3373,TRIPLE,1,1,1,False,-1
3374,DOUBLE,1,1,0,False,-1
3375,SINGLE,1,0,0,False,-1
3376,DOUBLE,1,1,0,False,-1
3377,DOUBLE,1,1,0,False,-1
3378,DOUBLE,1,1,0,False,-1
3379,TRIPLE,1,1,1,False,-1
3380,TRIPLE,1,1,1,False,-1
3381,SINGLE,1,0,0,False,-1
3382,DOUBLE,1,1,0,False,-1
3383,SINGLE,1,0,0,False,-1
3384,TRIPLE,1,1,1,False,-1
3385,TRIPLE,1,1,1,False,-1
3386,DOUBLE,1,1,0,False,-1
3387,DOUBLE,1,1,0,False,-1
3388,TRIPLE,1,1,1,False,-1
3389,DOUBLE,1,1,0,False,-1
3390,TRIPLE,1,1,1,False,-1
3391,TRIPLE,1,1,1,True,186.711
3392,TRIPLE,1,1,1,False,-1
3393,SINGLE,1,0,0,False,-1
3394,SINGLE,1,0,0,False,-1
3395,DOUBLE,1,1,0,False,-1
3396,TRIPLE,1,1,1,False,-1
3397,SINGLE,1,0,0,False,-1
3398,TRIPLE,1,1,1,False,-1
3399,TRIPLE,1,1,1,False,-1
3400,SINGLE,1,0,0,False,-1
3401,TRIPLE,1,1,1,False,-1
3402,TRIPLE,1,1,1,False,-1
3403,TRIPLE,1,1,1,False,-1
3404,DOUBLE,1,1,0,False,-1
3405,TRIPLE,1,1,1,False,-1
3406,TRIPLE,1,1,1,False,-1
3407,SINGLE,1,0,0,False,-1
3408,DOUBLE,1,1,0,False,-1
3409,SINGLE,1,0,0,False,-1
3410,TRIPLE,1,1,1,False,-1
3411,DOUBLE,1,1,0,False,-1
3412,TRIPLE,1,1,1,False,-1
3413,TRIPLE,1,1,1,False,-1
3414,DOUBLE,1,1,0,False,-1
3415,TRIPLE,1,1,1,False,-1
3416,SINGLE,1,0,0,False,-1
3417,TRIPLE,1,1,1,False,-1
3418,TRIPLE,1,1,1,False,-1
3419,TRIPLE,1,1,1,False,-1
3420,DOUBLE,1,1,0,False,-1
3421,TRIPLE,1,1,1,False,-1
3422,TRIPLE,1,1,1,False,-1
3423,TRIPLE,1,1,1,False,-1
3424,DOUBLE,1,1,0,False,-1
3425,DOUBLE,1,1,0,False,-1
3426,SINGLE,1,0,0,False,-1
3427,TRIPLE,1,1,1,False,-1
3428,TRIPLE,1,1,1,False,-1
3429,TRIPLE,1,1,1,False,-1
3430,DOUBLE,1,1,0,False,-1
3431,TRIPLE,1,1,1,False,-1
3432,SINGLE,1,0,0,False,-1
3433,TRIPLE,1,1,1,False,-1
3434,TRIPLE,1,1,1,False,-1
3435,TRIPLE,1,1,1,False,-1
3436,TRIPLE,1,1,1,False,-1
3437,TRIPLE,1,1,1,False,-1
3438,TRIPLE,1,1,1,False,-1
3439,TRIPLE,1,1,1,False,-1
3440,TRIPLE,1,1,1,False,-1
3441,SINGLE,1,0,0,False,-1
3442,TRIPLE,1,1,1,False,-1
3443,DOUBLE,1,1,0,False,-1
3444,TRIPLE,1,1,1,False,-1
3445,DOUBLE,1,1,0,False,-1
3446,TRIPLE,1,1,1,False,-1
3447,DOUBLE,1,1,0,False,-1
3448,TRIPLE,1,1,1,False,-1
3449,TRIPLE,1,1,1,False,-1
3450,DOUBLE,1,1,0,False,-1
3451,SINGLE,1,0,0,False,-1
3452,TRIPLE,1,1,1,False,-1
3453,TRIPLE,1,1,1,False,-1
3454,TRIPLE,1,1,1,False,-1
3455,SINGLE,1,0,0,False,-1
3456,TRIPLE,1,1,1,False,-1
3457,SINGLE,1,0,0,False,-1
3458,TRIPLE,1,1,1,False,-1
3459,DOUBLE,1,1,0,False,-1
3460,TRIPLE,1,1,1,False,-1
3461,DOUBLE,1,1,0,False,-1
3462,TRIPLE,1,1,1,False,-1
3463,DOUBLE,1,1,0,False,-1
3464,DOUBLE,1,1,0,False,-1
3465,SINGLE,1,0,0,False,-1
3466,TRIPLE,1,1,1,False,-1
3467,DOUBLE,1,1,0,False,-1
3468,TRIPLE,1,1,1,False,-1
3469,DOUBLE,1,1,0,False,-1
3470,TRIPLE,1,1,1,False,-1
3471,TRIPLE,1,1,1,False,-1
3472,TRIPLE,1,1,1,False,-1
3473,SINGLE,1,0,0,False,-1
3474,DOUBLE,1,1,0,False,-1
3475,TRIPLE,1,1,1,False,-1
3476,TRIPLE,1,1,1,False,-1
3477,TRIPLE,1,1,1,False,-1
3478,TRIPLE,1,1,1,False,-1
3479,TRIPLE,1,1,1,False,-1
3480,TRIPLE,1,1,1,False,-1
3481,TRIPLE,1,1,1,False,-1
3482,DOUBLE,1,1,0,False,-1
3483,DOUBLE,1,1,0,False,-1
3484,TRIPLE,1,1,1,False,-1
3485,TRIPLE,1,1,1,False,-1
3486,SINGLE,1,0,0,False,-1
3487,SINGLE,1,0,0,False,-1
3488,TRIPLE,1,1,1,False,-1
3489,TRIPLE,1,1,1,False,-1
3490,TRIPLE,1,1,1,False,-1
3491,TRIPLE,1,1,1,False,-1
3492,SINGLE,1,0,0,False,-1
3493,TRIPLE,1,1,1,False,-1
3494,TRIPLE,1,1,1,False,-1
3495,TRIPLE,1,1,1,False,-1
3496,DOUBLE,1,1,0,False,-1
3497,TRIPLE,1,1,1,False,-1
3498,TRIPLE,1,1,1,False,-1
3499,DOUBLE,1,1,0,False,-1
3500,TRIPLE,1,1,1,False,-1
3501,TRIPLE,1,1,1,False,-1
3502,TRIPLE,1,1,1,False,-1
3503,DOUBLE,1,1,0,False,-1
3504,DOUBLE,1,1,0,False,-1
3505,TRIPLE,1,1,1,False,-1
3506,TRIPLE,1,1,1,False,-1
3507,TRIPLE,1,1,1,False,-1
3508,TRIPLE,1,1,1,False,-1
3509,TRIPLE,1,1,1,False,-1
3510,TRIPLE,1,1,1,False,-1
3511,SINGLE,1,0,0,False,-1
3512,TRIPLE,1,1,1,False,-1
3513,TRIPLE,1,1,1,False,-1
3514,DOUBLE,1,1,0,False,-1
3515,TRIPLE,1,1,1,False,-1
3516,TRIPLE,1,1,1,False,-1
3517,TRIPLE,1,1,1,False,-1
3518,TRIPLE,1,1,1,False,-1
3519,DOUBLE,1,1,0,False,-1
3520,DOUBLE,1,1,0,False,-1
3521,TRIPLE,1,1,1,False,-1
3522,TRIPLE,1,1,1,False,-1
3523,TRIPLE,1,1,1,False,-1
3524,SINGLE,1,0,0,False,-1
3525,DOUBLE,1,1,0,False,-1
3526,TRIPLE,1,1,1,False,-1
3527,TRIPLE,1,1,1,False,-1
3528,TRIPLE,1,1,1,False,-1
3529,TRIPLE,1,1,1,False,-1
3530,TRIPLE,1,1,1,False,-1
3531,DOUBLE,1,1,0,False,-1
3532,DOUBLE,1,1,0,False,-1
3533,TRIPLE,1,1,1,False,-1
3534,DOUBLE,1,1,0,False,-1
3535,TRIPLE,1,1,1,False,-1
3536,DOUBLE,1,1,0,False,-1
3537,TRIPLE,1,1,1,False,-1
3538,DOUBLE,1,1,0,False,-1
3539,DOUBLE,1,1,0,False,-1
3540,DOUBLE,1,1,0,False,-1
3541,TRIPLE,1,1,1,False,-1
3542,TRIPLE,1,1,1,False,-1
3543,TRIPLE,1,1,1,False,-1
3544,DOUBLE,1,1,0,False,-1
3545,SINGLE,1,0,0,False,-1
3546,TRIPLE,1,1,1,False,-1
3547,TRIPLE,1,1,1,False,-1
3548,TRIPLE,1,1,1,False,-1
3549,SINGLE,1,0,0,False,-1
3550,TRIPLE,1,1,1,False,-1
3551,TRIPLE,1,1,1,False,-1
3552,DOUBLE,1,1,0,False,-1
3553,TRIPLE,1,1,1,False,-1
3554,TRIPLE,1,1,1,False,-1
3555,TRIPLE,1,1,1,False,-1
3556,SINGLE,1,0,0,False,-1
3557,TRIPLE,1,1,1,False,-1
3558,TRIPLE,1,1,1,False,-1
3559,TRIPLE,1,1,1,False,-1
3560,TRIPLE,1,1,1,False,-1
3561,DOUBLE,1,1,0,False,-1
3562,TRIPLE,1,1,1,False,-1
3563,DOUBLE,1,1,0,False,-1
3564,DOUBLE,1,1,0,False,-1
3565,TRIPLE,1,1,1,False,-1
3566,SINGLE,1,0,0,False,-1
3567,TRIPLE,1,1,1,False,-1
3568,TRIPLE,1,1,1,False,-1
3569,TRIPLE,1,1,1,False,-1
3570,DOUBLE,1,1,0,False,-1
3571,TRIPLE,1,1,1,False,-1
3572,TRIPLE,1,1,1,False,-1
3573,TRIPLE,1,1,1,False,-1
3574,TRIPLE,1,1,1,False,-1
3575,TRIPLE,1,1,1,False,-1
3576,DOUBLE,1,1,0,False,-1
3577,TRIPLE,1,1,1,False,-1
3578,TRIPLE,1,1,1,False,-1
3579,TRIPLE,1,1,1,False,-1
3580,SINGLE,1,0,0,False,-1
3581,DOUBLE,1,1,0,False,-1
3582,TRIPLE,1,1,1,False,-1
3583,DOUBLE,1,1,0,False,-1
3584,TRIPLE,1,1,1,False,-1
3585,TRIPLE,1,1,1,False,-1
3586,TRIPLE,1,1,1,False,-1
3587,TRIPLE,1,1,1,False,-1
3588,TRIPLE,1,1,1,False,-1
3589,DOUBLE,1,1,0,False,-1
3590,TRIPLE,1,1,1,False,-1
3591,TRIPLE,1,1,1,False,-1
3592,DOUBLE,1,1,0,False,-1
3593,TRIPLE,1,1,1,False,-1
3594,TRIPLE,1,1,1,False,-1
3595,DOUBLE,1,1,0,False,-1
3596,TRIPLE,1,1,1,False,-1
3597,TRIPLE,1,1,1,False,-1
3598,DOUBLE,1,1,0,False,-1
3599,TRIPLE,1,1,1,False,-1
3600,TRIPLE,1,1,1,False,-1
3601,TRIPLE,1,1,1,False,-1
3602,SINGLE,1,0,0,False,-1
3603,TRIPLE,1,1,1,False,-1
3604,TRIPLE,1,1,1,False,-1
3605,TRIPLE,1,1,1,False,-1
3606,DOUBLE,1,1,0,False,-1
3607,TRIPLE,1,1,1,False,-1
3608,SINGLE,1,0,0,False,-1
3609,TRIPLE,1,1,1,False,-1
3610,DOUBLE,1,1,0,False,-1
3611,DOUBLE,1,1,0,False,-1
3612,TRIPLE,1,1,1,False,-1
3613,TRIPLE,1,1,1,False,-1
3614,DOUBLE,1,1,0,False,-1
3615,TRIPLE,1,1,1,False,-1
3616,TRIPLE,1,1,1,False,-1
3617,TRIPLE,1,1,1,False,-1
3618,TRIPLE,1,1,1,False,-1
3619,TRIPLE,1,1,1,False,-1
3620,TRIPLE,1,1,1,False,-1
3621,SINGLE,1,0,0,False,-1
3622,TRIPLE,1,1,1,False,-1
3623,TRIPLE,1,1,1,False,-1
3624,SINGLE,1,0,0,False,-1
3625,TRIPLE,1,1,1,False,-1
3626,SINGLE,1,0,0,False,-1
3627,DOUBLE,1,1,0,False,-1
3628,DOUBLE,1,1,0,False,-1
3629,DOUBLE,1,1,0,False,-1
3630,TRIPLE,1,1,1,False,-1
3631,DOUBLE,1,1,0,False,-1
3632,DOUBLE,1,1,0,False,-1
3633,SINGLE,1,0,0,False,-1
3634,TRIPLE,1,1,1,False,-1
3635,TRIPLE,1,1,1,False,-1
3636,TRIPLE,1,1,1,False,-1
3637,SINGLE,1,0,0,False,-1
3638,DOUBLE,1,1,0,False,-1
3639,TRIPLE,1,1,1,False,-1
3640,DOUBLE,1,1,0,False,-1
3641,DOUBLE,1,1,0,False,-1
3642,TRIPLE,1,1,1,False,-1
3643,TRIPLE,1,1,1,False,-1
3644,TRIPLE,1,1,1,False,-1
3645,DOUBLE,1,1,0,False,-1
3646,TRIPLE,1,1,1,False,-1
3647,TRIPLE,1,1,1,False,-1
3648,DOUBLE,1,1,0,False,-1
3649,TRIPLE,1,1,1,False,-1
3650,TRIPLE,1,1,1,False,-1
3651,TRIPLE,1,1,1,False,-1
3652,SINGLE,1,0,0,False,-1
3653,TRIPLE,1,1,1,False,-1
3654,DOUBLE,1,1,0,False,-1
3655,DOUBLE,1,1,0,False,-1
3656,DOUBLE,1,1,0,False,-1
3657,DOUBLE,1,1,0,False,-1
3658,DOUBLE,1,1,0,False,-1
3659,TRIPLE,1,1,1,False,-1
3660,DOUBLE,1,1,0,False,-1
3661,TRIPLE,1,1,1,False,-1
3662,TRIPLE,1,1,1,False,-1
3663,TRIPLE,1,1,1,False,-1
3664,DOUBLE,1,1,0,False,-1
3665,TRIPLE,1,1,1,False,-1
3666,DOUBLE,1,1,0,False,-1
3667,DOUBLE,1,1,0,False,-1
3668,TRIPLE,1,1,1,False,-1
3669,TRIPLE,1,1,1,False,-1
3670,SINGLE,1,0,0,False,-1
3671,TRIPLE,1,1,1,False,-1
3672,TRIPLE,1,1,1,False,-1
3673,TRIPLE,1,1,1,False,-1
3674,TRIPLE,1,1,1,False,-1
3675,TRIPLE,1,1,1,False,-1
3676,TRIPLE,1,1,1,False,-1
3677,TRIPLE,1,1,1,False,-1
3678,DOUBLE,1,1,0,False,-1
3679,TRIPLE,1,1,1,False,-1
3680,TRIPLE,1,1,1,False,-1
3681,TRIPLE,1,1,1,False,-1
3682,TRIPLE,1,1,1,False,-1
3683,TRIPLE,1,1,1,False,-1
3684,DOUBLE,1,1,0,False,-1
3685,DOUBLE,1,1,0,False,-1
3686,DOUBLE,1,1,0,False,-1
3687,TRIPLE,1,1,1,False,-1
3688,DOUBLE,1,1,0,False,-1
3689,TRIPLE,1,1,1,False,-1
3690,TRIPLE,1,1,1,False,-1
3691,DOUBLE,1,1,0,False,-1
3692,TRIPLE,1,1,1,False,-1
3693,DOUBLE,1,1,0,False,-1
3694,SINGLE,1,0,0,False,-1
3695,SINGLE,1,0,0,False,-1
3696,TRIPLE,1,1,1,False,-1
3697,SINGLE,1,0,0,False,-1
3698,DOUBLE,1,1,0,False,-1
3699,TRIPLE,1,1,1,False,-1
3700,TRIPLE,1,1,1,False,-1
3701,TRIPLE,1,1,1,False,-1
3702,TRIPLE,1,1,1,False,-1
3703,DOUBLE,1,1,0,False,-1
3704,TRIPLE,1,1,1,False,-1
3705,SINGLE,1,0,0,False,-1
3706,TRIPLE,1,1,1,False,-1
3707,DOUBLE,1,1,0,False,-1
3708,DOUBLE,1,1,0,False,-1
3709,TRIPLE,1,1,1,False,-1
3710,TRIPLE,1,1,1,False,-1
3711,TRIPLE,1,1,1,False,-1
3712,TRIPLE,1,1,1,False,-1
3713,DOUBLE,1,1,0,False,-1
3714,TRIPLE,1,1,1,False,-1
3715,TRIPLE,1,1,1,False,-1
3716,TRIPLE,1,1,1,False,-1
3717,TRIPLE,1,1,1,False,-1
3718,TRIPLE,1,1,1,False,-1
3719,TRIPLE,1,1,1,False,-1
3720,DOUBLE,1,1,0,False,-1
3721,TRIPLE,1,1,1,False,-1
3722,DOUBLE,1,1,0,False,-1
3723,SINGLE,1,0,0,False,-1
3724,TRIPLE,1,1,1,False,-1
3725,TRIPLE,1,1,1,False,-1
3726,DOUBLE,1,1,0,False,-1
3727,DOUBLE,1,1,0,False,-1
3728,TRIPLE,1,1,1,False,-1
3729,TRIPLE,1,1,1,False,-1
3730,TRIPLE,1,1,1,False,-1
3731,TRIPLE,1,1,1,False,-1
3732,TRIPLE,1,1,1,False,-1
3733,TRIPLE,1,1,1,False,-1
3734,SINGLE,1,0,0,False,-1
3735,TRIPLE,1,1,1,False,-1
3736,TRIPLE,1,1,1,False,-1
3737,DOUBLE,1,1,0,False,-1
3738,DOUBLE,1,1,0,False,-1
3739,TRIPLE,1,1,1,False,-1
3740,TRIPLE,1,1,1,False,-1
3741,DOUBLE,1,1,0,False,-1
3742,TRIPLE,1,1,1,False,-1
3743,DOUBLE,1,1,0,False,-1
3744,DOUBLE,1,1,0,False,-1
3745,TRIPLE,1,1,1,False,-1
3746,DOUBLE,1,1,0,False,-1
3747,DOUBLE,1,1,0,False,-1
3748,DOUBLE,1,1,0,False,-1
3749,TRIPLE,1,1,1,False,-1
3750,DOUBLE,1,1,0,False,-1
3751,TRIPLE,1,1,1,False,-1
3752,TRIPLE,1,1,1,False,-1
3753,DOUBLE,1,1,0,False,-1
3754,TRIPLE,1,1,1,False,-1
3755,DOUBLE,1,1,0,False,-1
3756,TRIPLE,1,1,1,False,-1
3757,TRIPLE,1,1,1,False,-1
3758,TRIPLE,1,1,1,False,-1
3759,TRIPLE,1,1,1,False,-1
3760,SINGLE,1,0,0,False,-1
3761,TRIPLE,1,1,1,False,-1
3762,DOUBLE,1,1,0,False,-1
3763,DOUBLE,1,1,0,False,-1
3764,TRIPLE,1,1,1,False,-1
3765,TRIPLE,1,1,1,False,-1
3766,SINGLE,1,0,0,False,-1
3767,TRIPLE,1,1,1,False,-1
3768,TRIPLE,1,1,1,False,-1
3769,TRIPLE,1,1,1,False,-1
3770,TRIPLE,1,1,1,False,-1
3771,TRIPLE,1,1,1,False,-1
3772,SINGLE,1,0,0,False,-1
3773,TRIPLE,1,1,1,False,-1
3774,TRIPLE,1,1,1,False,-1
3775,DOUBLE,1,1,0,False,-1
3776,DOUBLE,1,1,0,False,-1
3777,SINGLE,1,0,0,False,-1
3778,SINGLE,1,0,0,False,-1
3779,TRIPLE,1,1,1,False,-1
3780,TRIPLE,1,1,1,False,-1
3781,DOUBLE,1,1,0,False,-1
3782,SINGLE,1,0,0,False,-1
3783,TRIPLE,1,1,1,False,-1
3784,TRIPLE,1,1,1,False,-1
3785,SINGLE,1,0,0,False,-1
3786,TRIPLE,1,1,1,False,-1
3787,TRIPLE,1,1,1,False,-1
3788,DOUBLE,1,1,0,False,-1
3789,TRIPLE,1,1,1,False,-1
3790,DOUBLE,1,1,0,False,-1
3791,DOUBLE,1,1,0,False,-1
3792,TRIPLE,1,1,1,False,-1
3793,DOUBLE,1,1,0,False,-1
3794,TRIPLE,1,1,1,False,-1
3795,DOUBLE,1,1,0,False,-1
3796,DOUBLE,1,1,0,False,-1
3797,TRIPLE,1,1,1,False,-1
3798,DOUBLE,1,1,0,False,-1
3799,TRIPLE,1,1,1,False,-1
3800,DOUBLE,1,1,0,False,-1
3801,TRIPLE,1,1,1,False,-1
3802,TRIPLE,1,1,1,False,-1
3803,DOUBLE,1,1,0,False,-1
3804,TRIPLE,1,1,1,False,-1
3805,TRIPLE,1,1,1,False,-1
3806,TRIPLE,1,1,1,False,-1
3807,TRIPLE,1,1,1,False,-1
3808,DOUBLE,1,1,0,False,-1
3809,TRIPLE,1,1,1,False,-1
3810,TRIPLE,1,1,1,False,-1
3811,SINGLE,1,0,0,False,-1
3812,TRIPLE,1,1,1,False,-1
3813,TRIPLE,1,1,1,False,-1
3814,TRIPLE,1,1,1,False,-1
3815,DOUBLE,1,1,0,False,-1
3816,TRIPLE,1,1,1,False,-1
3817,TRIPLE,1,1,1,False,-1
3818,TRIPLE,1,1,1,False,-1
3819,TRIPLE,1,1,1,False,-1
3820,DOUBLE,1,1,0,False,-1
3821,DOUBLE,1,1,0,False,-1
3822,TRIPLE,1,1,1,False,-1
3823,TRIPLE,1,1,1,False,-1
3824,SINGLE,1,0,0,False,-1
3825,TRIPLE,1,1,1,False,-1
3826,SINGLE,1,0,0,False,-1
3827,SINGLE,1,0,0,False,-1
3828,SINGLE,1,0,0,False,-1
3829,TRIPLE,1,1,1,False,-1
3830,TRIPLE,1,1,1,False,-1
3831,TRIPLE,1,1,1,False,-1
3832,TRIPLE,1,1,1,False,-1
3833,SINGLE,1,0,0,False,-1
3834,TRIPLE,1,1,1,False,-1
3835,DOUBLE,1,1,0,False,-1
3836,TRIPLE,1,1,1,False,-1
3837,TRIPLE,1,1,1,False,-1
3838,TRIPLE,1,1,1,False,-1
3839,DOUBLE,1,1,0,False,-1
3840,DOUBLE,1,1,0,False,-1
3841,TRIPLE,1,1,1,False,-1
3842,TRIPLE,1,1,1,False,-1
3843,DOUBLE,1,1,0,False,-1
3844,TRIPLE,1,1,1,False,-1
3845,SINGLE,1,0,0,False,-1
3846,DOUBLE,1,1,0,False,-1
3847,TRIPLE,1,1,1,False,-1
3848,SINGLE,1,0,0,False,-1
3849,TRIPLE,1,1,1,False,-1
3850,TRIPLE,1,1,1,False,-1
3851,TRIPLE,1,1,1,False,-1
3852,TRIPLE,1,1,1,False,-1
3853,SINGLE,1,0,0,False,-1
3854,TRIPLE,1,1,1,False,-1
3855,SINGLE,1,0,0,False,-1
3856,DOUBLE,1,1,0,False,-1
3857,DOUBLE,1,1,0,False,-1
3858,SINGLE,1,0,0,False,-1
3859,DOUBLE,1,1,0,False,-1
3860,TRIPLE,1,1,1,False,-1
3861,DOUBLE,1,0,1,False,-1
3862,SINGLE,1,0,0,False,-1
3863,DOUBLE,1,1,0,False,-1
3864,DOUBLE,1,1,0,False,-1
3865,TRIPLE,1,1,1,False,-1
3866,SINGLE,1,0,0,False,-1
3867,TRIPLE,1,1,1,False,-1
3868,TRIPLE,1,1,1,False,-1
3869,TRIPLE,1,1,1,False,-1
3870,DOUBLE,1,1,0,False,-1
3871,DOUBLE,1,1,0,False,-1
3872,SINGLE,1,0,0,False,-1
3873,TRIPLE,1,1,1,False,-1
3874,DOUBLE,1,1,0,False,-1
3875,DOUBLE,1,1,0,False,-1
3876,TRIPLE,1,1,1,False,-1
3877,SINGLE,1,0,0,False,-1
3878,TRIPLE,1,1,1,False,-1
3879,TRIPLE,1,1,1,False,-1
3880,TRIPLE,1,1,1,False,-1
3881,TRIPLE,1,1,1,False,-1
3882,TRIPLE,1,1,1,False,-1
3883,SINGLE,1,0,0,False,-1
3884,DOUBLE,1,1,0,False,-1
3885,TRIPLE,1,1,1,False,-1
3886,DOUBLE,1,1,0,False,-1
3887,DOUBLE,1,1,0,False,-1
3888,TRIPLE,1,1,1,False,-1
3889,SINGLE,1,0,0,False,-1
3890,TRIPLE,1,1,1,False,-1
3891,TRIPLE,1,1,1,False,-1
3892,SINGLE,1,0,0,False,-1
3893,DOUBLE,1,1,0,False,-1
3894,TRIPLE,1,1,1,False,-1
3895,TRIPLE,1,1,1,False,-1
3896,TRIPLE,1,1,1,False,-1
3897,DOUBLE,1,1,0,False,-1
3898,SINGLE,1,0,0,False,-1
3899,TRIPLE,1,1,1,False,-1
3900,DOUBLE,1,1,0,False,-1
3901,TRIPLE,1,1,1,False,-1
3902,DOUBLE,1,1,0,False,-1
3903,DOUBLE,1,1,0,False,-1
3904,DOUBLE,1,1,0,False,-1
3905,TRIPLE,1,1,1,False,-1
3906,TRIPLE,1,1,1,False,-1
3907,TRIPLE,1,1,1,False,-1
3908,TRIPLE,1,1,1,False,-1
3909,DOUBLE,1,1,0,False,-1
3910,SINGLE,1,0,0,False,-1
3911,TRIPLE,1,1,1,False,-1
3912,TRIPLE,1,1,1,False,-1
3913,DOUBLE,1,1,0,False,-1
3914,DOUBLE,1,1,0,False,-1
3915,TRIPLE,1,1,1,False,-1
3916,TRIPLE,1,1,1,False,-1
3917,TRIPLE,1,1,1,False,-1
3918,SINGLE,1,0,0,False,-1
3919,TRIPLE,1,1,1,False,-1
3920,DOUBLE,1,1,0,False,-1
3921,DOUBLE,1,1,0,False,-1
3922,TRIPLE,1,1,1,False,-1
3923,TRIPLE,1,1,1,False,-1
3924,TRIPLE,1,1,1,False,-1
3925,TRIPLE,1,1,1,False,-1
3926,DOUBLE,1,1,0,False,-1
3927,TRIPLE,1,1,1,False,-1
3928,DOUBLE,1,1,0,False,-1
3929,DOUBLE,1,1,0,False,-1
3930,TRIPLE,1,1,1,False,-1
3931,TRIPLE,1,1,1,False,-1
3932,TRIPLE,1,1,1,False,-1
3933,TRIPLE,1,1,1,False,-1
3934,DOUBLE,1,1,0,False,-1
3935,TRIPLE,1,1,1,False,-1
3936,SINGLE,1,0,0,False,-1
3937,TRIPLE,1,1,1,False,-1
3938,TRIPLE,1,1,1,False,-1
3939,DOUBLE,1,1,0,False,-1
3940,TRIPLE,1,1,1,False,-1
3941,SINGLE,1,0,0,False,-1
3942,SINGLE,1,0,0,False,-1
3943,DOUBLE,1,1,0,False,-1
3944,TRIPLE,1,1,1,False,-1
3945,SINGLE,1,0,0,False,-1
3946,TRIPLE,1,1,1,False,-1
3947,DOUBLE,1,1,0,False,-1
3948,TRIPLE,1,1,1,False,-1
3949,DOUBLE,1,1,0,False,-1
3950,SINGLE,1,0,0,False,-1
3951,SINGLE,1,0,0,False,-1
3952,TRIPLE,1,1,1,False,-1
3953,TRIPLE,1,1,1,False,-1
3954,TRIPLE,1,1,1,False,-1
3955,SINGLE,1,0,0,False,-1
3956,TRIPLE,1,1,1,False,-1
3957,TRIPLE,1,1,1,False,-1
3958,SINGLE,1,0,0,False,-1
3959,TRIPLE,1,1,1,False,-1
3960,TRIPLE,1,1,1,False,-1
3961,SINGLE,1,0,0,False,-1
3962,TRIPLE,1,1,1,False,-1
3963,DOUBLE,1,1,0,False,-1
3964,DOUBLE,1,1,0,False,-1
3965,TRIPLE,1,1,1,False,-1
3966,TRIPLE,1,1,1,False,-1
3967,DOUBLE,1,1,0,False,-1
3968,DOUBLE,1,1,0,False,-1
3969,TRIPLE,1,1,1,False,-1
3970,DOUBLE,1,1,0,False,-1
3971,DOUBLE,1,1,0,False,-1
3972,DOUBLE,1,1,0,False,-1
3973,TRIPLE,1,1,1,False,-1
3974,TRIPLE,1,1,1,False,-1
3975,TRIPLE,1,1,1,False,-1
3976,TRIPLE,1,1,1,False,-1
3977,DOUBLE,1,1,0,False,-1
3978,TRIPLE,1,1,1,False,-1
3979,TRIPLE,1,1,1,False,-1
3980,SINGLE,1,0,0,False,-1
3981,DOUBLE,1,1,0,False,-1
3982,DOUBLE,1,1,0,False,-1
3983,DOUBLE,1,1,0,False,-1
3984,SINGLE,1,0,0,False,-1
3985,TRIPLE,1,1,1,False,-1
3986,DOUBLE,1,1,0,False,-1
3987,TRIPLE,1,1,1,False,-1
3988,DOUBLE,1,1,0,False,-1
3989,TRIPLE,1,1,1,False,-1
3990,DOUBLE,1,1,0,False,-1
3991,TRIPLE,1,1,1,False,-1
3992,TRIPLE,1,1,1,False,-1
3993,TRIPLE,1,1,1,False,-1
3994,TRIPLE,1,1,1,False,-1
3995,DOUBLE,1,1,0,False,-1
3996,TRIPLE,1,1,1,False,-1
3997,TRIPLE,1,1,1,False,-1
3998,DOUBLE,1,1,0,False,-1
3999,SINGLE,1,0,0,False,-1
4000,DOUBLE,1,1,0,False,-1
4001,TRIPLE,1,1,1,False,-1
4002,TRIPLE,1,1,1,False,-1
4003,TRIPLE,1,1,1,False,-1
4004,SINGLE,1,0,0,False,-1
4005,DOUBLE,1,1,0,False,-1
4006,DOUBLE,1,1,0,False,-1
4007,TRIPLE,1,1,1,False,-1
4008,TRIPLE,1,1,1,False,-1
4009,DOUBLE,1,1,0,False,-1
4010,TRIPLE,1,1,1,False,-1
4011,DOUBLE,1,1,0,False,-1
4012,TRIPLE,1,1,1,False,-1
4013,DOUBLE,1,1,0,False,-1
4014,TRIPLE,1,1,1,False,-1
4015,TRIPLE,1,1,1,False,-1
4016,TRIPLE,1,1,1,False,-1
4017,TRIPLE,1,1,1,False,-1
4018,TRIPLE,1,1,1,False,-1
4019,DOUBLE,1,1,0,False,-1
4020,SINGLE,1,0,0,False,-1
4021,DOUBLE,1,1,0,False,-1
4022,TRIPLE,1,1,1,False,-1
4023,TRIPLE,1,1,1,False,-1
4024,TRIPLE,1,1,1,False,-1
4025,SINGLE,1,0,0,False,-1
4026,TRIPLE,1,1,1,False,-1
4027,TRIPLE,1,1,1,False,-1
4028,SINGLE,1,0,0,False,-1
4029,TRIPLE,1,1,1,False,-1
4030,TRIPLE,1,1,1,False,-1
4031,DOUBLE,1,1,0,False,-1
4032,TRIPLE,1,1,1,False,-1
4033,TRIPLE,1,1,1,False,-1
4034,TRIPLE,1,1,1,False,-1
4035,TRIPLE,1,1,1,False,-1
4036,DOUBLE,1,1,0,False,-1
4037,TRIPLE,1,1,1,False,-1
4038,TRIPLE,1,1,1,False,-1
4039,DOUBLE,1,1,0,False,-1
4040,TRIPLE,1,1,1,False,-1
4041,SINGLE,1,0,0,False,-1
4042,DOUBLE,1,1,0,False,-1
4043,DOUBLE,1,1,0,False,-1
4044,TRIPLE,1,1,1,False,-1
4045,TRIPLE,1,1,1,False,-1
4046,TRIPLE,1,1,1,False,-1
4047,DOUBLE,1,1,0,False,-1
4048,TRIPLE,1,1,1,False,-1
4049,TRIPLE,1,1,1,False,-1
4050,TRIPLE,1,1,1,False,-1
4051,DOUBLE,1,1,0,False,-1
4052,DOUBLE,1,1,0,False,-1
4053,SINGLE,1,0,0,False,-1
4054,TRIPLE,1,1,1,False,-1
4055,TRIPLE,1,1,1,False,-1
4056,TRIPLE,1,1,1,False,-1
4057,DOUBLE,1,1,0,False,-1
4058,TRIPLE,1,1,1,False,-1
4059,TRIPLE,1,1,1,False,-1
4060,TRIPLE,1,1,1,False,-1
4061,DOUBLE,1,1,0,False,-1
4062,DOUBLE,1,1,0,False,-1
4063,DOUBLE,1,1,0,False,-1
4064,DOUBLE,1,1,0,False,-1
4065,TRIPLE,1,1,1,False,-1
4066,DOUBLE,1,1,0,False,-1
4067,DOUBLE,1,1,0,False,-1
4068,TRIPLE,1,1,1,False,-1
4069,TRIPLE,1,1,1,False,-1
4070,TRIPLE,1,1,1,False,-1
4071,DOUBLE,1,1,0,False,-1
4072,TRIPLE,1,1,1,False,-1
4073,DOUBLE,1,1,0,False,-1
4074,TRIPLE,1,1,1,False,-1
4075,TRIPLE,1,1,1,False,-1
4076,DOUBLE,1,1,0,False,-1
4077,TRIPLE,1,1,1,False,-1
4078,DOUBLE,1,1,0,False,-1
4079,TRIPLE,1,1,1,False,-1
4080,DOUBLE,1,1,0,False,-1
4081,DOUBLE,1,1,0,False,-1
4082,DOUBLE,1,1,0,False,-1
4083,TRIPLE,1,1,1,False,-1
4084,TRIPLE,1,1,1,False,-1
4085,DOUBLE,1,1,0,False,-1
4086,SINGLE,1,0,0,False,-1
4087,TRIPLE,1,1,1,False,-1
4088,SINGLE,1,0,0,False,-1
4089,TRIPLE,1,1,1,False,-1
4090,DOUBLE,1,1,0,False,-1
4091,DOUBLE,1,1,0,False,-1
4092,SINGLE,1,0,0,False,-1
4093,TRIPLE,1,1,1,False,-1
4094,DOUBLE,1,1,0,False,-1
4095,DOUBLE,1,1,0,False,-1
4096,TRIPLE,1,1,1,False,-1
4097,DOUBLE,1,1,0,False,-1
4098,TRIPLE,1,1,1,False,-1
4099,SINGLE,1,0,0,False,-1
4100,DOUBLE,1,1,0,False,-1
4101,TRIPLE,1,1,1,False,-1
4102,TRIPLE,1,1,1,False,-1
4103,DOUBLE,1,1,0,False,-1
4104,TRIPLE,1,1,1,False,-1
4105,DOUBLE,1,1,0,False,-1
4106,TRIPLE,1,1,1,False,-1
4107,TRIPLE,1,1,1,False,-1
4108,TRIPLE,1,1,1,False,-1
4109,TRIPLE,1,1,1,False,-1
4110,DOUBLE,1,1,0,False,-1
4111,DOUBLE,1,1,0,False,-1
4112,DOUBLE,1,1,0,False,-1
4113,TRIPLE,1,1,1,False,-1
4114,TRIPLE,1,1,1,False,-1
4115,DOUBLE,1,1,0,False,-1
4116,DOUBLE,1,1,0,False,-1
4117,TRIPLE,1,1,1,False,-1
4118,TRIPLE,1,1,1,False,-1
4119,TRIPLE,1,1,1,False,-1
4120,TRIPLE,1,1,1,False,-1
4121,TRIPLE,1,1,1,False,-1
4122,TRIPLE,1,1,1,False,-1
4123,TRIPLE,1,1,1,False,-1
4124,SINGLE,1,0,0,False,-1
4125,TRIPLE,1,1,1,False,-1
4126,TRIPLE,1,1,1,False,-1
4127,TRIPLE,1,1,1,False,-1
4128,TRIPLE,1,1,1,False,-1
4129,TRIPLE,1,1,1,False,-1
4130,TRIPLE,1,1,1,False,-1
4131,DOUBLE,1,1,0,False,-1
4132,TRIPLE,1,1,1,False,-1
4133,DOUBLE,1,1,0,False,-1
4134,TRIPLE,1,1,1,False,-1
4135,TRIPLE,1,1,1,False,-1
4136,DOUBLE,1,1,0,False,-1
4137,TRIPLE,1,1,1,False,-1
4138,SINGLE,1,0,0,False,-1
4139,SINGLE,1,0,0,False,-1
4140,TRIPLE,1,1,1,False,-1
4141,TRIPLE,1,1,1,False,-1
4142,TRIPLE,1,1,1,False,-1
4143,TRIPLE,1,1,1,False,-1
4144,TRIPLE,1,1,1,False,-1
4145,TRIPLE,1,1,1,False,-1
4146,TRIPLE,1,1,1,False,-1
4147,TRIPLE,1,1,1,False,-1
4148,DOUBLE,1,1,0,False,-1
4149,DOUBLE,1,1,0,False,-1
4150,TRIPLE,1,1,1,False,-1
4151,DOUBLE,1,1,0,False,-1
4152,DOUBLE,1,1,0,False,-1
4153,TRIPLE,1,1,1,False,-1
4154,DOUBLE,1,1,0,False,-1
4155,DOUBLE,1,1,0,False,-1
4156,SINGLE,1,0,0,False,-1
4157,SINGLE,1,0,0,False,-1
4158,TRIPLE,1,1,1,False,-1
4159,DOUBLE,1,1,0,False,-1
4160,TRIPLE,1,1,1,False,-1
4161,TRIPLE,1,1,1,False,-1
4162,DOUBLE,1,1,0,False,-1
4163,TRIPLE,1,1,1,False,-1
4164,DOUBLE,1,1,0,False,-1
4165,TRIPLE,1,1,1,False,-1
4166,SINGLE,1,0,0,False,-1
4167,TRIPLE,1,1,1,False,-1
4168,TRIPLE,1,1,1,False,-1
4169,TRIPLE,1,1,1,False,-1
4170,TRIPLE,1,1,1,False,-1
4171,DOUBLE,1,1,0,False,-1
4172,TRIPLE,1,1,1,False,-1
4173,TRIPLE,1,1,1,False,-1
4174,TRIPLE,1,1,1,False,-1
4175,TRIPLE,1,1,1,False,-1
4176,TRIPLE,1,1,1,False,-1
4177,SINGLE,1,0,0,False,-1
4178,TRIPLE,1,1,1,False,-1
4179,TRIPLE,1,1,1,False,-1
4180,DOUBLE,1,1,0,False,-1
4181,TRIPLE,1,1,1,False,-1
4182,DOUBLE,1,1,0,False,-1
4183,DOUBLE,1,1,0,False,-1
4184,DOUBLE,1,1,0,False,-1
4185,TRIPLE,1,1,1,False,-1
4186,TRIPLE,1,1,1,False,-1
4187,TRIPLE,1,1,1,False,-1
4188,DOUBLE,1,1,0,False,-1
4189,TRIPLE,1,1,1,False,-1
4190,TRIPLE,1,1,1,False,-1
4191,TRIPLE,1,1,1,False,-1
4192,TRIPLE,1,1,1,False,-1
4193,TRIPLE,1,1,1,False,-1
4194,TRIPLE,1,1,1,False,-1
4195,DOUBLE,1,1,0,False,-1
4196,TRIPLE,1,1,1,False,-1
4197,TRIPLE,1,1,1,False,-1
4198,TRIPLE,1,1,1,False,-1
4199,DOUBLE,1,1,0,False,-1
4200,SINGLE,1,0,0,False,-1
4201,DOUBLE,1,1,0,False,-1
4202,TRIPLE,1,1,1,False,-1
4203,TRIPLE,1,1,1,False,-1
4204,DOUBLE,1,1,0,False,-1
4205,DOUBLE,1,1,0,False,-1
4206,TRIPLE,1,1,1,False,-1
4207,TRIPLE,1,1,1,False,-1
4208,DOUBLE,1,1,0,False,-1
4209,TRIPLE,1,1,1,False,-1
4210,DOUBLE,1,1,0,False,-1
4211,TRIPLE,1,1,1,False,-1
4212,DOUBLE,1,1,0,False,-1
4213,TRIPLE,1,1,1,False,-1
4214,SINGLE,1,0,0,False,-1
4215,SINGLE,1,0,0,False,-1
4216,TRIPLE,1,1,1,False,-1
4217,TRIPLE,1,1,1,False,-1
4218,TRIPLE,1,1,1,False,-1
4219,TRIPLE,1,1,1,False,-1
4220,DOUBLE,1,1,0,False,-1
4221,TRIPLE,1,1,1,False,-1
4222,TRIPLE,1,1,1,False,-1
4223,DOUBLE,1,1,0,False,-1
4224,TRIPLE,1,1,1,False,-1
4225,TRIPLE,1,1,1,False,-1
4226,DOUBLE,1,1,0,False,-1
4227,DOUBLE,1,1,0,False,-1
4228,SINGLE,1,0,0,False,-1
4229,SINGLE,1,0,0,False,-1
4230,TRIPLE,1,1,1,False,-1
4231,DOUBLE,1,1,0,False,-1
4232,SINGLE,1,0,0,False,-1
4233,TRIPLE,1,1,1,False,-1
4234,TRIPLE,1,1,1,False,-1
4235,TRIPLE,1,1,1,False,-1
4236,DOUBLE,1,1,0,False,-1
4237,TRIPLE,1,1,1,False,-1
4238,DOUBLE,1,1,0,False,-1
4239,DOUBLE,1,1,0,False,-1
4240,TRIPLE,1,1,1,False,-1
4241,TRIPLE,1,1,1,False,-1
4242,SINGLE,1,0,0,False,-1
4243,TRIPLE,1,1,1,False,-1
4244,SINGLE,1,0,0,False,-1
4245,TRIPLE,1,1,1,False,-1
4246,TRIPLE,1,1,1,False,-1
4247,DOUBLE,1,1,0,False,-1
4248,DOUBLE,1,1,0,False,-1
4249,TRIPLE,1,1,1,False,-1
4250,TRIPLE,1,1,1,False,-1
4251,TRIPLE,1,1,1,False,-1
4252,TRIPLE,1,1,1,False,-1
4253,DOUBLE,1,1,0,False,-1
4254,DOUBLE,1,1,0,False,-1
4255,TRIPLE,1,1,1,False,-1
4256,TRIPLE,1,1,1,False,-1
4257,DOUBLE,1,1,0,False,-1
4258,DOUBLE,1,1,0,False,-1
4259,SINGLE,1,0,0,False,-1
4260,TRIPLE,1,1,1,False,-1
4261,DOUBLE,1,1,0,False,-1
4262,TRIPLE,1,1,1,False,-1
4263,TRIPLE,1,1,1,False,-1
4264,DOUBLE,1,1,0,False,-1
4265,TRIPLE,1,1,1,False,-1
4266,TRIPLE,1,1,1,False,-1
4267,DOUBLE,1,1,0,False,-1
4268,DOUBLE,1,1,0,False,-1
4269,TRIPLE,1,1,1,False,-1
4270,SINGLE,1,0,0,False,-1
4271,TRIPLE,1,1,1,False,-1
4272,DOUBLE,1,1,0,False,-1
4273,DOUBLE,1,1,0,False,-1
4274,TRIPLE,1,1,1,False,-1
4275,TRIPLE,1,1,1,False,-1
4276,TRIPLE,1,1,1,False,-1
4277,SINGLE,1,0,0,False,-1
4278,DOUBLE,1,1,0,False,-1
4279,TRIPLE,1,1,1,False,-1
4280,DOUBLE,1,1,0,False,-1
4281,TRIPLE,1,1,1,False,-1
4282,TRIPLE,1,1,1,False,-1
4283,TRIPLE,1,1,1,False,-1
4284,TRIPLE,1,1,1,False,-1
4285,TRIPLE,1,1,1,False,-1
4286,DOUBLE,1,1,0,False,-1
4287,TRIPLE,1,1,1,False,-1
4288,TRIPLE,1,1,1,False,-1
4289,SINGLE,1,0,0,False,-1
4290,TRIPLE,1,1,1,False,-1
4291,DOUBLE,1,1,0,False,-1
4292,DOUBLE,1,1,0,False,-1
4293,TRIPLE,1,1,1,False,-1
4294,TRIPLE,1,1,1,False,-1
4295,DOUBLE,1,1,0,False,-1
4296,TRIPLE,1,1,1,False,-1
4297,TRIPLE,1,1,1,False,-1
4298,TRIPLE,1,1,1,False,-1
4299,TRIPLE,1,1,1,False,-1
4300,TRIPLE,1,1,1,False,-1
4301,TRIPLE,1,1,1,False,-1
4302,SINGLE,1,0,0,False,-1
4303,DOUBLE,1,1,0,False,-1
4304,TRIPLE,1,1,1,False,-1
4305,DOUBLE,1,1,0,False,-1
4306,TRIPLE,1,1,1,False,-1
4307,DOUBLE,1,1,0,False,-1
4308,DOUBLE,1,1,0,False,-1
4309,TRIPLE,1,1,1,False,-1
4310,DOUBLE,1,1,0,False,-1
4311,DOUBLE,1,1,0,False,-1
4312,DOUBLE,1,1,0,False,-1
4313,DOUBLE,1,1,0,False,-1
4314,TRIPLE,1,1,1,False,-1
4315,DOUBLE,1,1,0,False,-1
4316,TRIPLE,1,1,1,False,-1
4317,DOUBLE,1,1,0,False,-1
4318,DOUBLE,1,1,0,False,-1
4319,TRIPLE,1,1,1,False,-1
4320,TRIPLE,1,1,1,False,-1
4321,SINGLE,1,0,0,False,-1
4322,DOUBLE,1,1,0,False,-1
4323,SINGLE,1,0,0,False,-1
4324,TRIPLE,1,1,1,False,-1
4325,DOUBLE,1,1,0,False,-1
4326,DOUBLE,1,1,0,False,-1
4327,TRIPLE,1,1,1,False,-1
4328,DOUBLE,1,1,0,False,-1
4329,TRIPLE,1,1,1,False,-1
4330,DOUBLE,1,1,0,False,-1
4331,TRIPLE,1,1,1,False,-1
4332,TRIPLE,1,1,1,False,-1
4333,TRIPLE,1,1,1,False,-1
4334,TRIPLE,1,1,1,False,-1
4335,TRIPLE,1,1,1,False,-1
4336,TRIPLE,1,1,1,False,-1
4337,SINGLE,1,0,0,False,-1
4338,DOUBLE,1,1,0,False,-1
4339,DOUBLE,1,1,0,False,-1
4340,TRIPLE,1,1,1,False,-1
4341,TRIPLE,1,1,1,False,-1
4342,SINGLE,1,0,0,False,-1
4343,TRIPLE,1,1,1,False,-1
4344,TRIPLE,1,1,1,False,-1
4345,DOUBLE,1,1,0,False,-1
4346,DOUBLE,1,1,0,False,-1
4347,TRIPLE,1,1,1,False,-1
4348,TRIPLE,1,1,1,False,-1
4349,TRIPLE,1,1,1,False,-1
4350,SINGLE,1,0,0,False,-1
4351,DOUBLE,1,1,0,False,-1
4352,DOUBLE,1,1,0,False,-1
4353,TRIPLE,1,1,1,False,-1
4354,DOUBLE,1,1,0,False,-1
4355,TRIPLE,1,1,1,False,-1
4356,DOUBLE,1,1,0,False,-1
4357,TRIPLE,1,1,1,False,-1
4358,TRIPLE,1,1,1,False,-1
4359,TRIPLE,1,1,1,False,-1
4360,TRIPLE,1,1,1,False,-1
4361,DOUBLE,1,1,0,False,-1
4362,TRIPLE,1,1,1,False,-1
4363,TRIPLE,1,1,1,False,-1
4364,TRIPLE,1,1,1,False,-1
4365,DOUBLE,1,1,0,False,-1
4366,TRIPLE,1,1,1,False,-1
4367,DOUBLE,1,1,0,False,-1
4368,TRIPLE,1,1,1,False,-1
4369,TRIPLE,1,1,1,False,-1
4370,TRIPLE,1,1,1,False,-1
4371,TRIPLE,1,1,1,False,-1
4372,DOUBLE,1,1,0,False,-1
4373,TRIPLE,1,1,1,False,-1
4374,TRIPLE,1,1,1,False,-1
4375,DOUBLE,1,1,0,False,-1
4376,TRIPLE,1,1,1,False,-1
4377,DOUBLE,1,1,0,False,-1
4378,SINGLE,1,0,0,False,-1
4379,TRIPLE,1,1,1,False,-1
4380,TRIPLE,1,1,1,False,-1
4381,TRIPLE,1,1,1,False,-1
4382,TRIPLE,1,1,1,False,-1
4383,TRIPLE,1,1,1,False,-1
4384,TRIPLE,1,1,1,False,-1
4385,TRIPLE,1,1,1,False,-1
4386,TRIPLE,1,1,1,False,-1
4387,TRIPLE,1,1,1,False,-1
4388,SINGLE,1,0,0,False,-1
4389,SINGLE,1,0,0,False,-1
4390,TRIPLE,1,1,1,False,-1
4391,TRIPLE,1,1,1,False,-1
4392,DOUBLE,1,1,0,False,-1
4393,TRIPLE,1,1,1,False,-1
4394,SINGLE,1,0,0,False,-1
4395,TRIPLE,1,1,1,False,-1
4396,TRIPLE,1,1,1,False,-1
4397,SINGLE,1,0,0,False,-1
4398,DOUBLE,1,1,0,False,-1
4399,TRIPLE,1,1,1,False,-1
4400,TRIPLE,1,1,1,False,-1
4401,TRIPLE,1,1,1,False,-1
4402,TRIPLE,1,1,1,False,-1
4403,TRIPLE,1,1,1,False,-1
4404,TRIPLE,1,1,1,False,-1
4405,TRIPLE,1,1,1,False,-1
4406,TRIPLE,1,1,1,False,-1
4407,TRIPLE,1,1,1,False,-1
4408,TRIPLE,1,1,1,False,-1
4409,DOUBLE,1,1,0,False,-1
4410,DOUBLE,1,1,0,False,-1
4411,TRIPLE,1,1,1,False,-1
4412,SINGLE,1,0,0,False,-1
4413,TRIPLE,1,1,1,False,-1
4414,TRIPLE,1,1,1,False,-1
4415,DOUBLE,1,1,0,False,-1
4416,SINGLE,1,0,0,False,-1
4417,TRIPLE,1,1,1,False,-1
4418,TRIPLE,1,1,1,False,-1
4419,DOUBLE,1,1,0,False,-1
4420,SINGLE,1,0,0,False,-1
4421,TRIPLE,1,1,1,False,-1
4422,DOUBLE,1,1,0,False,-1
4423,TRIPLE,1,1,1,False,-1
4424,TRIPLE,1,1,1,False,-1
4425,DOUBLE,1,1,0,False,-1
4426,DOUBLE,1,1,0,False,-1
4427,TRIPLE,1,1,1,False,-1
4428,SINGLE,1,0,0,False,-1
4429,TRIPLE,1,1,1,False,-1
4430,SINGLE,1,0,0,False,-1
4431,SINGLE,1,0,0,False,-1
4432,DOUBLE,1,1,0,False,-1
4433,TRIPLE,1,1,1,False,-1
4434,TRIPLE,1,1,1,False,-1
4435,TRIPLE,1,1,1,False,-1
4436,SINGLE,1,0,0,False,-1
4437,TRIPLE,1,1,1,False,-1
4438,TRIPLE,1,1,1,False,-1
4439,SINGLE,1,0,0,False,-1
4440,TRIPLE,1,1,1,False,-1
4441,SINGLE,1,0,0,False,-1
4442,TRIPLE,1,1,1,False,-1
4443,TRIPLE,1,1,1,False,-1
4444,TRIPLE,1,1,1,False,-1
4445,TRIPLE,1,1,1,False,-1
4446,SINGLE,1,0,0,False,-1
4447,TRIPLE,1,1,1,False,-1
4448,SINGLE,1,0,0,False,-1
4449,TRIPLE,1,1,1,False,-1
4450,SINGLE,1,0,0,False,-1
4451,DOUBLE,1,1,0,False,-1
4452,TRIPLE,1,1,1,False,-1
4453,TRIPLE,1,1,1,False,-1
4454,TRIPLE,1,1,1,False,-1
4455,SINGLE,1,0,0,False,-1
4456,TRIPLE,1,1,1,False,-1
4457,TRIPLE,1,1,1,False,-1
4458,DOUBLE,1,1,0,False,-1
4459,TRIPLE,1,1,1,False,-1
4460,SINGLE,1,0,0,False,-1
4461,DOUBLE,1,1,0,False,-1
4462,TRIPLE,1,1,1,False,-1
4463,TRIPLE,1,1,1,False,-1
4464,DOUBLE,1,1,0,False,-1
4465,TRIPLE,1,1,1,False,-1
4466,DOUBLE,1,1,0,False,-1
4467,TRIPLE,1,1,1,False,-1
4468,TRIPLE,1,1,1,False,-1
4469,SINGLE,1,0,0,False,-1
4470,TRIPLE,1,1,1,False,-1
4471,TRIPLE,1,1,1,False,-1
4472,TRIPLE,1,1,1,False,-1
4473,TRIPLE,1,1,1,False,-1
4474,DOUBLE,1,1,0,False,-1
4475,DOUBLE,1,1,0,False,-1
4476,TRIPLE,1,1,1,False,-1
4477,DOUBLE,1,1,0,False,-1
4478,SINGLE,1,0,0,False,-1
4479,TRIPLE,1,1,1,False,-1
4480,TRIPLE,1,1,1,False,-1
4481,DOUBLE,1,0,1,False,-1
4482,SINGLE,1,0,0,False,-1
4483,TRIPLE,1,1,1,False,-1
4484,TRIPLE,1,1,1,False,-1
4485,DOUBLE,1,1,0,False,-1
4486,TRIPLE,1,1,1,False,-1
4487,TRIPLE,1,1,1,False,-1
4488,TRIPLE,1,1,1,False,-1
4489,SINGLE,1,0,0,False,-1
4490,TRIPLE,1,1,1,False,-1
4491,TRIPLE,1,1,1,False,-1
4492,DOUBLE,1,1,0,False,-1
4493,SINGLE,1,0,0,False,-1
4494,DOUBLE,1,1,0,False,-1
4495,TRIPLE,1,1,1,False,-1
4496,DOUBLE,1,1,0,False,-1
4497,SINGLE,1,0,0,False,-1
4498,SINGLE,1,0,0,False,-1
4499,TRIPLE,1,1,1,False,-1
4500,TRIPLE,1,1,1,False,-1
4501,DOUBLE,1,1,0,False,-1
4502,DOUBLE,1,1,0,False,-1
4503,TRIPLE,1,1,1,False,-1
4504,DOUBLE,1,1,0,False,-1
4505,TRIPLE,1,1,1,False,-1
4506,TRIPLE,1,1,1,False,-1
4507,SINGLE,1,0,0,False,-1
4508,TRIPLE,1,1,1,False,-1
4509,TRIPLE,1,1,1,False,-1
4510,TRIPLE,1,1,1,False,-1
4511,SINGLE,1,0,0,False,-1
4512,SINGLE,1,0,0,False,-1
4513,TRIPLE,1,1,1,False,-1
4514,DOUBLE,1,1,0,False,-1
4515,TRIPLE,1,1,1,False,-1
4516,TRIPLE,1,1,1,False,-1
4517,DOUBLE,1,1,0,False,-1
4518,TRIPLE,1,1,1,False,-1
4519,TRIPLE,1,1,1,False,-1
4520,DOUBLE,1,1,0,False,-1
4521,TRIPLE,1,1,1,False,-1
4522,TRIPLE,1,1,1,False,-1
4523,TRIPLE,1,1,1,False,-1
4524,TRIPLE,1,1,1,False,-1
4525,TRIPLE,1,1,1,False,-1
4526,DOUBLE,1,1,0,False,-1
4527,DOUBLE,1,1,0,False,-1
4528,TRIPLE,1,1,1,False,-1
4529,DOUBLE,1,1,0,False,-1
4530,TRIPLE,1,1,1,False,-1
4531,DOUBLE,1,1,0,False,-1
4532,TRIPLE,1,1,1,False,-1
4533,DOUBLE,1,1,0,False,-1
4534,TRIPLE,1,1,1,False,-1
4535,TRIPLE,1,1,1,False,-1
4536,DOUBLE,1,1,0,False,-1
4537,TRIPLE,1,1,1,False,-1
4538,TRIPLE,1,1,1,False,-1
4539,TRIPLE,1,1,1,False,-1
4540,TRIPLE,1,1,1,False,-1
4541,DOUBLE,1,1,0,False,-1
4542,TRIPLE,1,1,1,False,-1
4543,DOUBLE,1,1,0,False,-1
4544,DOUBLE,1,1,0,False,-1
4545,TRIPLE,1,1,1,False,-1
4546,TRIPLE,1,1,1,False,-1
4547,DOUBLE,1,1,0,False,-1
4548,TRIPLE,1,1,1,False,-1
4549,TRIPLE,1,1,1,False,-1
4550,TRIPLE,1,1,1,False,-1
4551,DOUBLE,1,1,0,False,-1
4552,TRIPLE,1,1,1,False,-1
4553,TRIPLE,1,1,1,False,-1
4554,TRIPLE,1,1,1,False,-1
4555,TRIPLE,1,1,1,False,-1
4556,SINGLE,1,0,0,False,-1
4557,TRIPLE,1,1,1,False,-1
4558,SINGLE,1,0,0,False,-1
4559,TRIPLE,1,1,1,False,-1
4560,SINGLE,1,0,0,False,-1
4561,DOUBLE,1,1,0,False,-1
4562,SINGLE,1,0,0,False,-1
4563,TRIPLE,1,1,1,False,-1
4564,TRIPLE,1,1,1,False,-1
4565,DOUBLE,1,1,0,False,-1
4566,SINGLE,1,0,0,False,-1
4567,DOUBLE,1,1,0,False,-1
4568,DOUBLE,1,1,0,False,-1
4569,TRIPLE,1,1,1,False,-1
4570,DOUBLE,1,1,0,False,-1
4571,TRIPLE,1,1,1,False,-1
4572,DOUBLE,1,1,0,False,-1
4573,DOUBLE,1,1,0,False,-1
4574,SINGLE,1,0,0,False,-1
4575,TRIPLE,1,1,1,False,-1
4576,TRIPLE,1,1,1,False,-1
4577,DOUBLE,1,1,0,False,-1
4578,TRIPLE,1,1,1,False,-1
4579,TRIPLE,1,1,1,False,-1
4580,TRIPLE,1,1,1,False,-1
4581,DOUBLE,1,1,0,False,-1
4582,TRIPLE,1,1,1,False,-1
4583,DOUBLE,1,1,0,False,-1
4584,DOUBLE,1,1,0,False,-1
4585,TRIPLE,1,1,1,False,-1
4586,SINGLE,1,0,0,False,-1
4587,SINGLE,1,0,0,False,-1
4588,TRIPLE,1,1,1,False,-1
4589,TRIPLE,1,1,1,False,-1
4590,TRIPLE,1,1,1,False,-1
4591,TRIPLE,1,1,1,False,-1
4592,TRIPLE,1,1,1,False,-1
4593,DOUBLE,1,1,0,False,-1
4594,DOUBLE,1,1,0,False,-1
4595,TRIPLE,1,1,1,False,-1
4596,TRIPLE,1,1,1,False,-1
4597,TRIPLE,1,1,1,False,-1
4598,TRIPLE,1,1,1,False,-1
4599,TRIPLE,1,1,1,False,-1
4600,TRIPLE,1,1,1,False,-1
4601,TRIPLE,1,1,1,False,-1
4602,TRIPLE,1,1,1,False,-1
4603,SINGLE,1,0,0,False,-1
4604,TRIPLE,1,1,1,False,-1
4605,TRIPLE,1,1,1,False,-1
4606,SINGLE,1,0,0,False,-1
4607,TRIPLE,1,1,1,False,-1
4608,TRIPLE,1,1,1,False,-1
4609,TRIPLE,1,1,1,False,-1
4610,TRIPLE,1,1,1,False,-1
4611,TRIPLE,1,1,1,False,-1
4612,TRIPLE,1,1,1,False,-1
4613,DOUBLE,1,1,0,False,-1
4614,DOUBLE,1,1,0,False,-1
4615,TRIPLE,1,1,1,False,-1
4616,TRIPLE,1,1,1,False,-1
4617,SINGLE,1,0,0,False,-1
4618,TRIPLE,1,1,1,False,-1
4619,TRIPLE,1,1,1,False,-1
4620,TRIPLE,1,1,1,False,-1
4621,DOUBLE,1,1,0,False,-1
4622,DOUBLE,1,1,0,False,-1
4623,DOUBLE,1,1,0,False,-1
4624,DOUBLE,1,1,0,False,-1
4625,TRIPLE,1,1,1,False,-1
4626,TRIPLE,1,1,1,False,-1
4627,TRIPLE,1,1,1,False,-1
4628,SINGLE,1,0,0,False,-1
4629,TRIPLE,1,1,1,False,-1
4630,TRIPLE,1,1,1,False,-1
4631,DOUBLE,1,1,0,False,-1
4632,TRIPLE,1,1,1,False,-1
4633,TRIPLE,1,1,1,False,-1
4634,TRIPLE,1,1,1,False,-1
4635,TRIPLE,1,1,1,False,-1
4636,TRIPLE,1,1,1,False,-1
4637,TRIPLE,1,1,1,False,-1
4638,DOUBLE,1,1,0,False,-1
4639,DOUBLE,1,1,0,False,-1
4640,DOUBLE,1,1,0,False,-1
4641,TRIPLE,1,1,1,False,-1
4642,TRIPLE,1,1,1,False,-1
4643,SINGLE,1,0,0,False,-1
4644,SINGLE,1,0,0,False,-1
4645,TRIPLE,1,1,1,False,-1
4646,TRIPLE,1,1,1,False,-1
4647,DOUBLE,1,1,0,False,-1
4648,TRIPLE,1,1,1,False,-1
4649,TRIPLE,1,1,1,False,-1
4650,TRIPLE,1,1,1,False,-1
4651,TRIPLE,1,1,1,False,-1
4652,SINGLE,1,0,0,False,-1
4653,TRIPLE,1,1,1,False,-1
4654,DOUBLE,1,1,0,False,-1
4655,DOUBLE,1,1,0,False,-1
4656,TRIPLE,1,1,1,False,-1
4657,DOUBLE,1,1,0,False,-1
4658,TRIPLE,1,1,1,False,-1
4659,DOUBLE,1,1,0,False,-1
4660,DOUBLE,1,1,0,False,-1
4661,TRIPLE,1,1,1,False,-1
4662,SINGLE,1,0,0,False,-1
4663,TRIPLE,1,1,1,False,-1
4664,TRIPLE,1,1,1,False,-1
4665,TRIPLE,1,1,1,False,-1
4666,TRIPLE,1,1,1,False,-1
4667,SINGLE,1,0,0,False,-1
4668,TRIPLE,1,1,1,False,-1
4669,TRIPLE,1,1,1,False,-1
4670,TRIPLE,1,1,1,False,-1
4671,DOUBLE,1,1,0,False,-1
4672,TRIPLE,1,1,1,False,-1
4673,TRIPLE,1,1,1,False,-1
4674,TRIPLE,1,1,1,False,-1
4675,TRIPLE,1,1,1,False,-1
4676,DOUBLE,1,1,0,False,-1
4677,TRIPLE,1,1,1,False,-1
4678,SINGLE,1,0,0,False,-1
4679,TRIPLE,1,1,1,False,-1
4680,SINGLE,1,0,0,False,-1
4681,DOUBLE,1,1,0,False,-1
4682,SINGLE,1,0,0,False,-1
4683,SINGLE,1,0,0,False,-1
4684,TRIPLE,1,1,1,False,-1
4685,DOUBLE,1,1,0,False,-1
4686,TRIPLE,1,1,1,False,-1
4687,TRIPLE,1,1,1,False,-1
4688,TRIPLE,1,1,1,False,-1
4689,DOUBLE,1,1,0,False,-1
4690,SINGLE,1,0,0,False,-1
4691,TRIPLE,1,1,1,False,-1
4692,DOUBLE,1,1,0,False,-1
4693,TRIPLE,1,1,1,False,-1
4694,TRIPLE,1,1,1,False,-1
4695,TRIPLE,1,1,1,False,-1
4696,DOUBLE,1,1,0,False,-1
4697,DOUBLE,1,1,0,False,-1
4698,TRIPLE,1,1,1,False,-1
4699,TRIPLE,1,1,1,False,-1
4700,DOUBLE,1,1,0,False,-1
4701,TRIPLE,1,1,1,False,-1
4702,DOUBLE,1,1,0,False,-1
4703,TRIPLE,1,1,1,False,-1
4704,TRIPLE,1,1,1,False,-1
4705,TRIPLE,1,1,1,False,-1
4706,TRIPLE,1,1,1,False,-1
4707,TRIPLE,1,1,1,False,-1
4708,DOUBLE,1,1,0,False,-1
4709,DOUBLE,1,1,0,False,-1
4710,TRIPLE,1,1,1,False,-1
4711,TRIPLE,1,1,1,False,-1
4712,DOUBLE,1,1,0,False,-1
4713,TRIPLE,1,1,1,False,-1
4714,TRIPLE,1,1,1,False,-1
4715,DOUBLE,1,1,0,False,-1
4716,DOUBLE,1,1,0,False,-1
4717,TRIPLE,1,1,1,False,-1
4718,DOUBLE,1,1,0,False,-1
4719,TRIPLE,1,1,1,False,-1
4720,TRIPLE,1,1,1,False,-1
4721,TRIPLE,1,1,1,False,-1
4722,DOUBLE,1,1,0,False,-1
4723,TRIPLE,1,1,1,False,-1
4724,DOUBLE,1,1,0,False,-1
4725,TRIPLE,1,1,1,False,-1
4726,DOUBLE,1,1,0,False,-1
4727,TRIPLE,1,1,1,False,-1
4728,DOUBLE,1,1,0,False,-1
4729,DOUBLE,1,1,0,False,-1
4730,TRIPLE,1,1,1,False,-1
4731,TRIPLE,1,1,1,False,-1
4732,TRIPLE,1,1,1,False,-1
4733,TRIPLE,1,1,1,False,-1
4734,TRIPLE,1,1,1,False,-1
4735,TRIPLE,1,1,1,False,-1
4736,TRIPLE,1,1,1,False,-1
4737,DOUBLE,1,1,0,False,-1
4738,TRIPLE,1,1,1,False,-1
4739,TRIPLE,1,1,1,False,-1
4740,DOUBLE,1,1,0,False,-1
4741,TRIPLE,1,1,1,False,-1
4742,TRIPLE,1,1,1,False,-1
4743,TRIPLE,1,1,1,False,-1
4744,TRIPLE,1,1,1,False,-1
4745,DOUBLE,1,1,0,False,-1
4746,TRIPLE,1,1,1,False,-1
4747,TRIPLE,1,1,1,False,-1
4748,TRIPLE,1,1,1,False,-1
4749,TRIPLE,1,1,1,False,-1
4750,SINGLE,1,0,0,False,-1
4751,TRIPLE,1,1,1,False,-1
4752,SINGLE,1,0,0,False,-1
4753,TRIPLE,1,1,1,False,-1
4754,SINGLE,1,0,0,False,-1
4755,DOUBLE,1,1,0,False,-1
4756,TRIPLE,1,1,1,False,-1
4757,TRIPLE,1,1,1,False,-1
4758,TRIPLE,1,1,1,False,-1
4759,TRIPLE,1,1,1,False,-1
4760,SINGLE,1,0,0,False,-1
4761,TRIPLE,1,1,1,False,-1
4762,TRIPLE,1,1,1,False,-1
4763,TRIPLE,1,1,1,False,-1
4764,SINGLE,1,0,0,False,-1
4765,TRIPLE,1,1,1,False,-1
4766,TRIPLE,1,1,1,False,-1
4767,TRIPLE,1,1,1,False,-1
4768,DOUBLE,1,1,0,False,-1
4769,TRIPLE,1,1,1,False,-1
4770,SINGLE,1,0,0,False,-1
4771,TRIPLE,1,1,1,False,-1
4772,TRIPLE,1,1,1,False,-1
4773,TRIPLE,1,1,1,False,-1
4774,TRIPLE,1,1,1,False,-1
4775,SINGLE,1,0,0,False,-1
4776,DOUBLE,1,1,0,False,-1
4777,DOUBLE,1,1,0,False,-1
4778,TRIPLE,1,1,1,False,-1
4779,TRIPLE,1,1,1,False,-1
4780,SINGLE,1,0,0,False,-1
4781,TRIPLE,1,1,1,False,-1
4782,TRIPLE,1,1,1,False,-1
4783,DOUBLE,1,1,0,False,-1
4784,TRIPLE,1,1,1,False,-1
4785,DOUBLE,1,1,0,False,-1
4786,TRIPLE,1,1,1,False,-1
4787,TRIPLE,1,1,1,False,-1
4788,TRIPLE,1,1,1,False,-1
4789,DOUBLE,1,1,0,False,-1
4790,DOUBLE,1,1,0,False,-1
4791,TRIPLE,1,1,1,False,-1
4792,TRIPLE,1,1,1,False,-1
4793,TRIPLE,1,1,1,False,-1
4794,TRIPLE,1,1,1,False,-1
4795,DOUBLE,1,1,0,False,-1
4796,TRIPLE,1,1,1,False,-1
4797,SINGLE,1,0,0,False,-1
4798,TRIPLE,1,1,1,False,-1
4799,SINGLE,1,0,0,False,-1
4800,TRIPLE,1,1,1,False,-1
4801,TRIPLE,1,1,1,False,-1
4802,DOUBLE,1,1,0,False,-1
4803,SINGLE,1,0,0,False,-1
4804,TRIPLE,1,1,1,False,-1
4805,TRIPLE,1,1,1,False,-1
4806,TRIPLE,1,1,1,False,-1
4807,TRIPLE,1,1,1,False,-1
4808,DOUBLE,1,1,0,False,-1
4809,TRIPLE,1,1,1,False,-1
4810,TRIPLE,1,1,1,False,-1
4811,TRIPLE,1,1,1,False,-1
4812,TRIPLE,1,1,1,False,-1
4813,TRIPLE,1,1,1,False,-1
4814,TRIPLE,1,1,1,False,-1
4815,TRIPLE,1,1,1,False,-1
4816,TRIPLE,1,1,1,False,-1
4817,DOUBLE,1,1,0,False,-1
4818,DOUBLE,1,1,0,False,-1
4819,TRIPLE,1,1,1,False,-1
4820,TRIPLE,1,1,1,False,-1
4821,DOUBLE,1,1,0,False,-1
4822,TRIPLE,1,1,1,False,-1
4823,SINGLE,1,0,0,False,-1
4824,TRIPLE,1,1,1,False,-1
4825,TRIPLE,1,1,1,False,-1
4826,TRIPLE,1,1,1,False,-1
4827,TRIPLE,1,1,1,False,-1
4828,TRIPLE,1,1,1,False,-1
4829,DOUBLE,1,1,0,False,-1
4830,TRIPLE,1,1,1,False,-1
4831,SINGLE,1,0,0,False,-1
4832,TRIPLE,1,1,1,False,-1
4833,TRIPLE,1,1,1,False,-1
4834,TRIPLE,1,1,1,False,-1
4835,TRIPLE,1,1,1,False,-1
4836,TRIPLE,1,1,1,False,-1
4837,DOUBLE,1,1,0,False,-1
4838,TRIPLE,1,1,1,False,-1
4839,TRIPLE,1,1,1,False,-1
4840,DOUBLE,1,1,0,False,-1
4841,DOUBLE,1,1,0,False,-1
4842,TRIPLE,1,1,1,False,-1
4843,DOUBLE,1,1,0,False,-1
4844,DOUBLE,1,1,0,False,-1
4845,TRIPLE,1,1,1,False,-1
4846,TRIPLE,1,1,1,False,-1
4847,TRIPLE,1,1,1,False,-1
4848,TRIPLE,1,1,1,False,-1
4849,SINGLE,1,0,0,False,-1
4850,SINGLE,1,0,0,False,-1
4851,TRIPLE,1,1,1,False,-1
4852,TRIPLE,1,1,1,False,-1
4853,TRIPLE,1,1,1,False,-1
4854,TRIPLE,1,1,1,False,-1
4855,TRIPLE,1,1,1,False,-1
4856,TRIPLE,1,1,1,False,-1
4857,TRIPLE,1,1,1,False,-1
4858,TRIPLE,1,1,1,False,-1
4859,DOUBLE,1,1,0,False,-1
4860,SINGLE,1,0,0,False,-1
4861,TRIPLE,1,1,1,False,-1
4862,SINGLE,1,0,0,False,-1
4863,DOUBLE,1,1,0,False,-1
4864,TRIPLE,1,1,1,False,-1
4865,DOUBLE,1,1,0,False,-1
4866,TRIPLE,1,1,1,False,-1
4867,TRIPLE,1,1,1,False,-1
4868,DOUBLE,1,1,0,False,-1
4869,DOUBLE,1,1,0,False,-1
4870,TRIPLE,1,1,1,False,-1
4871,TRIPLE,1,1,1,False,-1
4872,SINGLE,1,0,0,False,-1
4873,TRIPLE,1,1,1,False,-1
4874,DOUBLE,1,1,0,False,-1
4875,DOUBLE,1,1,0,False,-1
4876,TRIPLE,1,1,1,False,-1
4877,TRIPLE,1,1,1,False,-1
4878,TRIPLE,1,1,1,False,-1
4879,TRIPLE,1,1,1,False,-1
4880,TRIPLE,1,1,1,False,-1
4881,TRIPLE,1,1,1,False,-1
4882,SINGLE,1,0,0,False,-1
4883,TRIPLE,1,1,1,False,-1
4884,DOUBLE,1,1,0,False,-1
4885,TRIPLE,1,1,1,False,-1
4886,TRIPLE,1,1,1,False,-1
4887,SINGLE,1,0,0,False,-1
4888,SINGLE,1,0,0,False,-1
4889,DOUBLE,1,1,0,False,-1
4890,TRIPLE,1,1,1,False,-1
4891,TRIPLE,1,1,1,False,-1
4892,DOUBLE,1,1,0,False,-1
4893,TRIPLE,1,1,1,False,-1
4894,DOUBLE,1,1,0,False,-1
4895,DOUBLE,1,1,0,False,-1
4896,DOUBLE,1,1,0,False,-1
4897,TRIPLE,1,1,1,False,-1
4898,TRIPLE,1,1,1,False,-1
4899,TRIPLE,1,1,1,False,-1
4900,SINGLE,1,0,0,False,-1
4901,SINGLE,1,0,0,False,-1
4902,DOUBLE,1,1,0,False,-1
4903,TRIPLE,1,1,1,False,-1
4904,TRIPLE,1,1,1,False,-1
4905,DOUBLE,1,1,0,False,-1
4906,TRIPLE,1,1,1,False,-1
4907,TRIPLE,1,1,1,False,-1
4908,TRIPLE,1,1,1,False,-1
4909,TRIPLE,1,1,1,False,-1
4910,TRIPLE,1,1,1,False,-1
4911,DOUBLE,1,1,0,False,-1
4912,TRIPLE,1,1,1,False,-1
4913,DOUBLE,1,1,0,False,-1
4914,TRIPLE,1,1,1,False,-1
4915,TRIPLE,1,1,1,False,-1
4916,TRIPLE,1,1,1,False,-1
4917,TRIPLE,1,1,1,False,-1
4918,TRIPLE,1,1,1,False,-1
4919,TRIPLE,1,1,1,False,-1
4920,SINGLE,1,0,0,False,-1
4921,SINGLE,1,0,0,False,-1
4922,DOUBLE,1,1,0,False,-1
4923,SINGLE,1,0,0,False,-1
4924,DOUBLE,1,1,0,False,-1
4925,TRIPLE,1,1,1,False,-1
4926,DOUBLE,1,1,0,False,-1
4927,DOUBLE,1,1,0,False,-1
4928,TRIPLE,1,1,1,False,-1
4929,TRIPLE,1,1,1,False,-1
4930,TRIPLE,1,1,1,False,-1
4931,TRIPLE,1,1,1,False,-1
4932,TRIPLE,1,1,1,False,-1
4933,DOUBLE,1,1,0,False,-1
4934,TRIPLE,1,1,1,False,-1
4935,TRIPLE,1,1,1,False,-1
4936,TRIPLE,1,1,1,False,-1
4937,TRIPLE,1,1,1,False,-1
4938,SINGLE,1,0,0,False,-1
4939,SINGLE,1,0,0,False,-1
4940,TRIPLE,1,1,1,False,-1
4941,DOUBLE,1,1,0,False,-1
4942,TRIPLE,1,1,1,False,-1
4943,DOUBLE,1,1,0,False,-1
4944,TRIPLE,1,1,1,False,-1
4945,TRIPLE,1,1,1,False,-1
4946,DOUBLE,1,1,0,False,-1
4947,DOUBLE,1,1,0,False,-1
4948,TRIPLE,1,1,1,False,-1
4949,DOUBLE,1,1,0,False,-1
4950,TRIPLE,1,1,1,False,-1
4951,TRIPLE,1,1,1,False,-1
4952,TRIPLE,1,1,1,False,-1
4953,DOUBLE,1,1,0,False,-1
4954,DOUBLE,1,1,0,False,-1
4955,DOUBLE,1,1,0,False,-1
4956,TRIPLE,1,1,1,False,-1
4957,TRIPLE,1,1,1,False,-1
4958,TRIPLE,1,1,1,False,-1
4959,DOUBLE,1,1,0,False,-1
4960,TRIPLE,1,1,1,False,-1
4961,DOUBLE,1,1,0,False,-1
4962,TRIPLE,1,1,1,False,-1
4963,TRIPLE,1,1,1,False,-1
4964,TRIPLE,1,1,1,False,-1
4965,TRIPLE,1,1,1,False,-1
4966,DOUBLE,1,1,0,False,-1
4967,TRIPLE,1,1,1,False,-1
4968,TRIPLE,1,1,1,False,-1
4969,TRIPLE,1,1,1,False,-1
4970,TRIPLE,1,1,1,False,-1
4971,TRIPLE,1,1,1,False,-1
4972,TRIPLE,1,1,1,False,-1
4973,TRIPLE,1,1,1,False,-1
4974,TRIPLE,1,1,1,False,-1
4975,TRIPLE,1,1,1,False,-1
4976,TRIPLE,1,1,1,False,-1
4977,DOUBLE,1,1,0,False,-1
4978,TRIPLE,1,1,1,False,-1
4979,SINGLE,1,0,0,False,-1
4980,DOUBLE,1,1,0,False,-1
4981,TRIPLE,1,1,1,False,-1
4982,TRIPLE,1,1,1,False,-1
4983,TRIPLE,1,1,1,False,-1
4984,TRIPLE,1,1,1,False,-1
4985,TRIPLE,1,1,1,False,-1
4986,TRIPLE,1,1,1,False,-1
4987,DOUBLE,1,1,0,False,-1
4988,DOUBLE,1,1,0,False,-1
4989,TRIPLE,1,1,1,False,-1
4990,DOUBLE,1,1,0,False,-1
4991,DOUBLE,1,1,0,False,-1
4992,TRIPLE,1,1,1,False,-1
4993,TRIPLE,1,1,1,False,-1
4994,DOUBLE,1,1,0,False,-1
4995,TRIPLE,1,1,1,False,-1
4996,TRIPLE,1,1,1,False,-1
4997,DOUBLE,1,1,0,False,-1
4998,TRIPLE,1,1,1,False,-1
4999,TRIPLE,1,1,1,False,-1
5000,TRIPLE,1,1,1,False,-1
5001,DOUBLE,1,1,0,False,-1
5002,SINGLE,1,0,0,False,-1
5003,TRIPLE,1,1,1,False,-1
5004,DOUBLE,1,1,0,False,-1
5005,SINGLE,1,0,0,False,-1
5006,TRIPLE,1,1,1,False,-1
5007,SINGLE,1,0,0,False,-1
5008,TRIPLE,1,1,1,False,-1
5009,DOUBLE,1,1,0,False,-1
5010,TRIPLE,1,1,1,False,-1
5011,TRIPLE,1,1,1,False,-1
5012,TRIPLE,1,1,1,False,-1
5013,TRIPLE,1,1,1,False,-1
5014,TRIPLE,1,1,1,False,-1
5015,TRIPLE,1,1,1,False,-1
5016,TRIPLE,1,1,1,False,-1
5017,DOUBLE,1,1,0,False,-1
5018,TRIPLE,1,1,1,False,-1
5019,TRIPLE,1,1,1,False,-1
5020,DOUBLE,1,1,0,False,-1
5021,TRIPLE,1,1,1,False,-1
5022,DOUBLE,1,1,0,False,-1
5023,DOUBLE,1,1,0,False,-1
5024,DOUBLE,1,1,0,False,-1
5025,DOUBLE,1,1,0,False,-1
5026,DOUBLE,1,1,0,False,-1
5027,TRIPLE,1,1,1,False,-1
5028,TRIPLE,1,1,1,False,-1
5029,TRIPLE,1,1,1,False,-1
5030,DOUBLE,1,1,0,False,-1
5031,TRIPLE,1,1,1,False,-1
5032,TRIPLE,1,1,1,False,-1
5033,DOUBLE,1,1,0,False,-1
5034,DOUBLE,1,1,0,False,-1
5035,SINGLE,1,0,0,False,-1
5036,SINGLE,1,0,0,False,-1
5037,TRIPLE,1,1,1,False,-1
5038,SINGLE,1,0,0,False,-1
5039,DOUBLE,1,1,0,False,-1
5040,TRIPLE,1,1,1,False,-1
5041,DOUBLE,1,1,0,False,-1
5042,TRIPLE,1,1,1,False,-1
5043,TRIPLE,1,1,1,False,-1
5044,TRIPLE,1,1,1,False,-1
5045,SINGLE,1,0,0,False,-1
5046,DOUBLE,1,1,0,False,-1
5047,TRIPLE,1,1,1,False,-1
5048,TRIPLE,1,1,1,False,-1
5049,SINGLE,1,0,0,False,-1
5050,DOUBLE,1,1,0,False,-1
5051,SINGLE,1,0,0,False,-1
5052,DOUBLE,1,1,0,False,-1
5053,SINGLE,1,0,0,False,-1
5054,TRIPLE,1,1,1,False,-1
5055,TRIPLE,1,1,1,False,-1
5056,TRIPLE,1,1,1,False,-1
5057,TRIPLE,1,1,1,False,-1
5058,DOUBLE,1,1,0,False,-1
5059,TRIPLE,1,1,1,False,-1
5060,SINGLE,1,0,0,False,-1
5061,TRIPLE,1,1,1,False,-1
5062,SINGLE,1,0,0,False,-1
5063,TRIPLE,1,1,1,False,-1
5064,TRIPLE,1,1,1,False,-1
5065,TRIPLE,1,1,1,False,-1
5066,TRIPLE,1,1,1,False,-1
5067,TRIPLE,1,1,1,False,-1
5068,DOUBLE,1,1,0,False,-1
5069,TRIPLE,1,1,1,False,-1
5070,DOUBLE,1,1,0,False,-1
5071,TRIPLE,1,1,1,False,-1
5072,TRIPLE,1,1,1,False,-1
5073,TRIPLE,1,1,1,False,-1
5074,TRIPLE,1,1,1,False,-1
5075,TRIPLE,1,1,1,False,-1
5076,DOUBLE,1,1,0,False,-1
5077,DOUBLE,1,1,0,False,-1
5078,DOUBLE,1,1,0,False,-1
5079,DOUBLE,1,1,0,False,-1
5080,SINGLE,1,0,0,False,-1
5081,SINGLE,1,0,0,False,-1
5082,TRIPLE,1,1,1,False,-1
5083,TRIPLE,1,1,1,False,-1
5084,TRIPLE,1,1,1,False,-1
5085,TRIPLE,1,1,1,False,-1
5086,TRIPLE,1,1,1,False,-1
5087,SINGLE,1,0,0,False,-1
5088,TRIPLE,1,1,1,False,-1
5089,TRIPLE,1,1,1,False,-1
5090,TRIPLE,1,1,1,False,-1
5091,TRIPLE,1,1,1,False,-1
5092,DOUBLE,1,1,0,False,-1
5093,DOUBLE,1,1,0,False,-1
5094,TRIPLE,1,1,1,False,-1
5095,TRIPLE,1,1,1,False,-1
5096,TRIPLE,1,1,1,False,-1
5097,TRIPLE,1,1,1,False,-1
5098,DOUBLE,1,1,0,False,-1
5099,TRIPLE,1,1,1,False,-1
5100,TRIPLE,1,1,1,False,-1
5101,SINGLE,1,0,0,False,-1
5102,TRIPLE,1,1,1,False,-1
5103,TRIPLE,1,1,1,False,-1
5104,TRIPLE,1,1,1,False,-1
5105,TRIPLE,1,1,1,False,-1
5106,TRIPLE,1,1,1,False,-1
5107,TRIPLE,1,1,1,False,-1
5108,SINGLE,1,0,0,False,-1
5109,SINGLE,1,0,0,False,-1
5110,TRIPLE,1,1,1,False,-1
5111,DOUBLE,1,1,0,False,-1
5112,TRIPLE,1,1,1,False,-1
5113,TRIPLE,1,1,1,False,-1
5114,TRIPLE,1,1,1,False,-1
5115,TRIPLE,1,1,1,False,-1
5116,TRIPLE,1,1,1,False,-1
5117,TRIPLE,1,1,1,False,-1
5118,TRIPLE,1,1,1,False,-1
5119,TRIPLE,1,1,1,False,-1
5120,TRIPLE,1,1,1,False,-1
5121,TRIPLE,1,1,1,False,-1
5122,TRIPLE,1,1,1,False,-1
5123,TRIPLE,1,1,1,False,-1
5124,DOUBLE,1,1,0,False,-1
5125,TRIPLE,1,1,1,False,-1
5126,TRIPLE,1,1,1,False,-1
5127,TRIPLE,1,1,1,False,-1
5128,SINGLE,1,0,0,False,-1
5129,DOUBLE,1,1,0,False,-1
5130,DOUBLE,1,1,0,False,-1
5131,SINGLE,1,0,0,False,-1
5132,SINGLE,1,0,0,False,-1
5133,TRIPLE,1,1,1,False,-1
5134,TRIPLE,1,1,1,False,-1
5135,DOUBLE,1,1,0,False,-1
5136,TRIPLE,1,1,1,False,-1
5137,TRIPLE,1,1,1,False,-1
5138,TRIPLE,1,1,1,False,-1
5139,TRIPLE,1,1,1,False,-1
5140,TRIPLE,1,1,1,False,-1
5141,TRIPLE,1,1,1,False,-1
5142,DOUBLE,1,1,0,False,-1
5143,TRIPLE,1,1,1,False,-1
5144,DOUBLE,1,1,0,False,-1
5145,TRIPLE,1,1,1,False,-1
5146,DOUBLE,1,1,0,False,-1
5147,SINGLE,1,0,0,False,-1
5148,TRIPLE,1,1,1,False,-1
5149,TRIPLE,1,1,1,False,-1
5150,SINGLE,1,0,0,False,-1
5151,TRIPLE,1,1,1,False,-1
5152,TRIPLE,1,1,1,False,-1
5153,DOUBLE,1,1,0,False,-1
5154,SINGLE,1,0,0,False,-1
5155,DOUBLE,1,1,0,False,-1
5156,TRIPLE,1,1,1,False,-1
5157,TRIPLE,1,1,1,False,-1
5158,SINGLE,1,0,0,False,-1
5159,TRIPLE,1,1,1,False,-1
5160,DOUBLE,1,1,0,False,-1
5161,TRIPLE,1,1,1,False,-1
5162,SINGLE,1,0,0,False,-1
5163,TRIPLE,1,1,1,False,-1
5164,TRIPLE,1,1,1,False,-1
5165,SINGLE,1,0,0,False,-1
5166,DOUBLE,1,1,0,False,-1
5167,TRIPLE,1,1,1,False,-1
5168,TRIPLE,1,1,1,False,-1
5169,TRIPLE,1,1,1,False,-1
5170,TRIPLE,1,1,1,False,-1
5171,TRIPLE,1,1,1,False,-1
5172,DOUBLE,1,1,0,False,-1
5173,SINGLE,1,0,0,False,-1
5174,DOUBLE,1,1,0,False,-1
5175,TRIPLE,1,1,1,False,-1
5176,SINGLE,1,0,0,False,-1
5177,TRIPLE,1,1,1,False,-1
5178,TRIPLE,1,1,1,False,-1
5179,TRIPLE,1,1,1,False,-1
5180,DOUBLE,1,1,0,False,-1
5181,DOUBLE,1,1,0,False,-1
5182,TRIPLE,1,1,1,False,-1
5183,TRIPLE,1,1,1,False,-1
5184,TRIPLE,1,1,1,False,-1
5185,DOUBLE,1,1,0,False,-1
5186,DOUBLE,1,1,0,False,-1
5187,DOUBLE,1,1,0,False,-1
5188,DOUBLE,1,1,0,False,-1
5189,SINGLE,1,0,0,False,-1
5190,TRIPLE,1,1,1,False,-1
5191,DOUBLE,1,1,0,False,-1
5192,SINGLE,1,0,0,False,-1
5193,TRIPLE,1,1,1,False,-1
5194,TRIPLE,1,1,1,False,-1
5195,SINGLE,1,0,0,False,-1
5196,TRIPLE,1,1,1,False,-1
5197,TRIPLE,1,1,1,False,-1
5198,TRIPLE,1,1,1,False,-1
5199,TRIPLE,1,1,1,False,-1
5200,TRIPLE,1,1,1,False,-1
5201,TRIPLE,1,1,1,False,-1
5202,TRIPLE,1,1,1,False,-1
5203,TRIPLE,1,1,1,False,-1
5204,TRIPLE,1,1,1,False,-1
5205,TRIPLE,1,1,1,False,-1
5206,TRIPLE,1,1,1,False,-1
5207,DOUBLE,1,1,0,False,-1
5208,SINGLE,1,0,0,False,-1
5209,TRIPLE,1,1,1,False,-1
5210,SINGLE,1,0,0,False,-1
5211,TRIPLE,1,1,1,False,-1
5212,TRIPLE,1,1,1,False,-1
5213,TRIPLE,1,1,1,False,-1
5214,TRIPLE,1,1,1,False,-1
5215,TRIPLE,1,1,1,False,-1
5216,TRIPLE,1,1,1,False,-1
5217,TRIPLE,1,1,1,False,-1
5218,TRIPLE,1,1,1,False,-1
5219,SINGLE,1,0,0,False,-1
5220,DOUBLE,1,1,0,False,-1
5221,SINGLE,1,0,0,False,-1
5222,TRIPLE,1,1,1,False,-1
5223,TRIPLE,1,1,1,False,-1
5224,DOUBLE,1,1,0,False,-1
5225,TRIPLE,1,1,1,False,-1
5226,SINGLE,1,0,0,False,-1
5227,TRIPLE,1,1,1,False,-1
5228,TRIPLE,1,1,1,False,-1
5229,TRIPLE,1,1,1,False,-1
5230,TRIPLE,1,1,1,False,-1
5231,TRIPLE,1,1,1,False,-1
5232,TRIPLE,1,1,1,False,-1
5233,TRIPLE,1,1,1,False,-1
5234,TRIPLE,1,1,1,False,-1
5235,TRIPLE,1,1,1,False,-1
5236,TRIPLE,1,1,1,False,-1
5237,TRIPLE,1,1,1,False,-1
5238,SINGLE,1,0,0,False,-1
5239,TRIPLE,1,1,1,False,-1
5240,TRIPLE,1,1,1,False,-1
5241,TRIPLE,1,1,1,False,-1
5242,TRIPLE,1,1,1,False,-1
5243,TRIPLE,1,1,1,False,-1
5244,TRIPLE,1,1,1,False,-1
5245,DOUBLE,1,1,0,False,-1
5246,DOUBLE,1,1,0,False,-1
5247,TRIPLE,1,1,1,False,-1
5248,DOUBLE,1,1,0,False,-1
5249,TRIPLE,1,1,1,False,-1
5250,TRIPLE,1,1,1,False,-1
5251,TRIPLE,1,1,1,False,-1
5252,DOUBLE,1,1,0,False,-1
5253,SINGLE,1,0,0,False,-1
5254,TRIPLE,1,1,1,False,-1
5255,TRIPLE,1,1,1,False,-1
5256,SINGLE,1,0,0,False,-1
5257,TRIPLE,1,1,1,False,-1
5258,DOUBLE,1,1,0,False,-1
5259,TRIPLE,1,1,1,False,-1
5260,TRIPLE,1,1,1,False,-1
5261,TRIPLE,1,1,1,False,-1
5262,DOUBLE,1,1,0,False,-1
5263,TRIPLE,1,1,1,False,-1
5264,TRIPLE,1,1,1,False,-1
5265,DOUBLE,1,1,0,False,-1
5266,DOUBLE,1,1,0,False,-1
5267,DOUBLE,1,1,0,False,-1
5268,DOUBLE,1,1,0,False,-1
5269,TRIPLE,1,1,1,False,-1
5270,DOUBLE,1,1,0,False,-1
5271,TRIPLE,1,1,1,False,-1
5272,TRIPLE,1,1,1,False,-1
5273,TRIPLE,1,1,1,False,-1
5274,TRIPLE,1,1,1,False,-1
5275,TRIPLE,1,1,1,False,-1
5276,TRIPLE,1,1,1,False,-1
5277,TRIPLE,1,1,1,False,-1
5278,TRIPLE,1,1,1,False,-1
5279,TRIPLE,1,1,1,False,-1
5280,TRIPLE,1,1,1,False,-1
5281,TRIPLE,1,1,1,False,-1
5282,TRIPLE,1,1,1,False,-1
5283,SINGLE,1,0,0,False,-1
5284,DOUBLE,1,1,0,False,-1
5285,TRIPLE,1,1,1,False,-1
5286,TRIPLE,1,1,1,False,-1
5287,DOUBLE,1,1,0,False,-1
5288,TRIPLE,1,1,1,False,-1
5289,TRIPLE,1,1,1,False,-1
5290,TRIPLE,1,1,1,False,-1
5291,TRIPLE,1,1,1,False,-1
5292,TRIPLE,1,1,1,False,-1
5293,TRIPLE,1,1,1,False,-1
5294,TRIPLE,1,1,1,False,-1
5295,TRIPLE,1,1,1,False,-1
5296,DOUBLE,1,1,0,False,-1
5297,SINGLE,1,0,0,False,-1
5298,DOUBLE,1,1,0,False,-1
5299,SINGLE,1,0,0,False,-1
5300,TRIPLE,1,1,1,False,-1
5301,SINGLE,1,0,0,False,-1
5302,DOUBLE,1,1,0,False,-1
5303,DOUBLE,1,1,0,False,-1
5304,TRIPLE,1,1,1,False,-1
5305,SINGLE,1,0,0,False,-1
5306,TRIPLE,1,1,1,False,-1
5307,TRIPLE,1,1,1,False,-1
5308,SINGLE,1,0,0,False,-1
5309,SINGLE,1,0,0,False,-1
5310,TRIPLE,1,1,1,False,-1
5311,TRIPLE,1,1,1,False,-1
5312,DOUBLE,1,1,0,False,-1
5313,TRIPLE,1,1,1,False,-1
5314,DOUBLE,1,1,0,False,-1
5315,TRIPLE,1,1,1,False,-1
5316,TRIPLE,1,1,1,False,-1
5317,SINGLE,1,0,0,False,-1
5318,SINGLE,1,0,0,False,-1
5319,TRIPLE,1,1,1,False,-1
5320,TRIPLE,1,1,1,False,-1
5321,TRIPLE,1,1,1,False,-1
5322,TRIPLE,1,1,1,False,-1
5323,TRIPLE,1,1,1,False,-1
5324,DOUBLE,1,1,0,False,-1
5325,SINGLE,1,0,0,False,-1
5326,DOUBLE,1,1,0,False,-1
5327,TRIPLE,1,1,1,False,-1
5328,TRIPLE,1,1,1,False,-1
5329,TRIPLE,1,1,1,False,-1
5330,TRIPLE,1,1,1,False,-1
5331,TRIPLE,1,1,1,False,-1
5332,DOUBLE,1,1,0,False,-1
5333,TRIPLE,1,1,1,False,-1
5334,TRIPLE,1,1,1,False,-1
5335,TRIPLE,1,1,1,False,-1
5336,TRIPLE,1,1,1,False,-1
5337,TRIPLE,1,1,1,False,-1
5338,TRIPLE,1,1,1,False,-1
5339,DOUBLE,1,1,0,False,-1
5340,DOUBLE,1,1,0,False,-1
5341,TRIPLE,1,1,1,False,-1
5342,TRIPLE,1,1,1,False,-1
5343,SINGLE,1,0,0,False,-1
5344,DOUBLE,1,1,0,False,-1
5345,TRIPLE,1,1,1,False,-1
5346,TRIPLE,1,1,1,False,-1
5347,TRIPLE,1,1,1,False,-1
5348,DOUBLE,1,1,0,False,-1
5349,DOUBLE,1,1,0,False,-1
5350,TRIPLE,1,1,1,False,-1
5351,TRIPLE,1,1,1,False,-1
5352,DOUBLE,1,1,0,False,-1
5353,DOUBLE,1,1,0,False,-1
5354,DOUBLE,1,1,0,False,-1
5355,TRIPLE,1,1,1,False,-1
5356,TRIPLE,1,1,1,False,-1
5357,TRIPLE,1,1,1,False,-1
5358,TRIPLE,1,1,1,False,-1
5359,TRIPLE,1,1,1,False,-1
5360,TRIPLE,1,1,1,False,-1
5361,TRIPLE,1,1,1,False,-1
5362,TRIPLE,1,1,1,False,-1
5363,SINGLE,1,0,0,False,-1
5364,DOUBLE,1,1,0,False,-1
5365,TRIPLE,1,1,1,False,-1
5366,SINGLE,1,0,0,False,-1
5367,TRIPLE,1,1,1,False,-1
5368,TRIPLE,1,1,1,False,-1
5369,TRIPLE,1,1,1,False,-1
5370,TRIPLE,1,1,1,False,-1
5371,TRIPLE,1,1,1,False,-1
5372,TRIPLE,1,1,1,False,-1
5373,TRIPLE,1,1,1,False,-1
5374,TRIPLE,1,1,1,False,-1
5375,TRIPLE,1,1,1,False,-1
5376,TRIPLE,1,1,1,False,-1
5377,TRIPLE,1,1,1,False,-1
5378,TRIPLE,1,1,1,False,-1
5379,TRIPLE,1,1,1,False,-1
5380,TRIPLE,1,1,1,False,-1
5381,TRIPLE,1,1,1,False,-1
5382,TRIPLE,1,1,1,False,-1
5383,SINGLE,1,0,0,False,-1
5384,TRIPLE,1,1,1,False,-1
5385,TRIPLE,1,1,1,False,-1
5386,DOUBLE,1,1,0,False,-1
5387,TRIPLE,1,1,1,False,-1
5388,DOUBLE,1,1,0,False,-1
5389,TRIPLE,1,1,1,False,-1
5390,DOUBLE,1,1,0,False,-1
5391,DOUBLE,1,1,0,False,-1
5392,TRIPLE,1,1,1,False,-1
5393,TRIPLE,1,1,1,False,-1
5394,DOUBLE,1,1,0,False,-1
5395,TRIPLE,1,1,1,False,-1
5396,TRIPLE,1,1,1,False,-1
5397,TRIPLE,1,1,1,False,-1
5398,TRIPLE,1,1,1,False,-1
5399,TRIPLE,1,1,1,False,-1
5400,TRIPLE,1,1,1,False,-1
5401,TRIPLE,1,1,1,False,-1
5402,TRIPLE,1,1,1,False,-1
5403,DOUBLE,1,1,0,False,-1
5404,TRIPLE,1,1,1,False,-1
5405,TRIPLE,1,1,1,False,-1
5406,TRIPLE,1,1,1,False,-1
5407,TRIPLE,1,1,1,False,-1
5408,TRIPLE,1,1,1,False,-1
5409,TRIPLE,1,1,1,False,-1
5410,DOUBLE,1,1,0,False,-1
5411,DOUBLE,1,1,0,False,-1
5412,SINGLE,1,0,0,False,-1
5413,TRIPLE,1,1,1,False,-1
5414,SINGLE,1,0,0,False,-1
5415,TRIPLE,1,1,1,False,-1
5416,DOUBLE,1,1,0,False,-1
5417,DOUBLE,1,1,0,False,-1
5418,TRIPLE,1,1,1,False,-1
5419,TRIPLE,1,1,1,False,-1
5420,TRIPLE,1,1,1,False,-1
5421,SINGLE,1,0,0,False,-1
5422,TRIPLE,1,1,1,False,-1
5423,TRIPLE,1,1,1,False,-1
5424,TRIPLE,1,1,1,False,-1
5425,DOUBLE,1,1,0,False,-1
5426,TRIPLE,1,1,1,False,-1
5427,TRIPLE,1,1,1,False,-1
5428,TRIPLE,1,1,1,False,-1
5429,TRIPLE,1,1,1,False,-1
5430,TRIPLE,1,1,1,False,-1
5431,TRIPLE,1,1,1,False,-1
5432,TRIPLE,1,1,1,False,-1
5433,DOUBLE,1,1,0,False,-1
5434,SINGLE,1,0,0,False,-1
5435,DOUBLE,1,1,0,False,-1
5436,SINGLE,1,0,0,False,-1
5437,TRIPLE,1,1,1,False,-1
5438,DOUBLE,1,1,0,False,-1
5439,TRIPLE,1,1,1,False,-1
5440,TRIPLE,1,1,1,False,-1
5441,DOUBLE,1,1,0,False,-1
5442,DOUBLE,1,1,0,False,-1
5443,DOUBLE,1,1,0,False,-1
5444,DOUBLE,1,1,0,False,-1
5445,DOUBLE,1,1,0,False,-1
5446,TRIPLE,1,1,1,False,-1
5447,DOUBLE,1,1,0,False,-1
5448,TRIPLE,1,1,1,False,-1
5449,SINGLE,1,0,0,False,-1
5450,TRIPLE,1,1,1,False,-1
5451,DOUBLE,1,1,0,False,-1
5452,TRIPLE,1,1,1,False,-1
5453,TRIPLE,1,1,1,False,-1
5454,DOUBLE,1,1,0,False,-1
5455,SINGLE,1,0,0,False,-1
5456,DOUBLE,1,1,0,False,-1
5457,TRIPLE,1,1,1,False,-1
5458,DOUBLE,1,1,0,False,-1
5459,TRIPLE,1,1,1,False,-1
5460,DOUBLE,1,1,0,False,-1
5461,DOUBLE,1,1,0,False,-1
5462,TRIPLE,1,1,1,False,-1
5463,TRIPLE,1,1,1,False,-1
5464,TRIPLE,1,1,1,False,-1
5465,DOUBLE,1,1,0,False,-1
5466,TRIPLE,1,1,1,False,-1
5467,TRIPLE,1,1,1,False,-1
5468,TRIPLE,1,1,1,False,-1
5469,DOUBLE,1,1,0,False,-1
5470,TRIPLE,1,1,1,False,-1
5471,DOUBLE,1,1,0,False,-1
5472,TRIPLE,1,1,1,False,-1
5473,TRIPLE,1,1,1,False,-1
5474,SINGLE,1,0,0,False,-1
5475,SINGLE,1,0,0,False,-1
5476,TRIPLE,1,1,1,False,-1
5477,TRIPLE,1,1,1,False,-1
5478,TRIPLE,1,1,1,False,-1
5479,SINGLE,1,0,0,False,-1
5480,TRIPLE,1,1,1,False,-1
5481,SINGLE,1,0,0,False,-1
5482,TRIPLE,1,1,1,False,-1
5483,TRIPLE,1,1,1,False,-1
5484,DOUBLE,1,1,0,False,-1
5485,TRIPLE,1,1,1,False,-1
5486,TRIPLE,1,1,1,False,-1
5487,DOUBLE,1,1,0,False,-1
5488,TRIPLE,1,1,1,False,-1
5489,DOUBLE,1,1,0,False,-1
5490,DOUBLE,1,1,0,False,-1
5491,TRIPLE,1,1,1,False,-1
5492,DOUBLE,1,1,0,False,-1
5493,TRIPLE,1,1,1,False,-1
5494,DOUBLE,1,1,0,False,-1
5495,TRIPLE,1,1,1,False,-1
5496,TRIPLE,1,1,1,False,-1
5497,DOUBLE,1,1,0,False,-1
5498,SINGLE,1,0,0,False,-1
5499,TRIPLE,1,1,1,False,-1
5500,DOUBLE,1,1,0,False,-1
5501,TRIPLE,1,1,1,False,-1
5502,SINGLE,1,0,0,False,-1
5503,DOUBLE,1,1,0,False,-1
5504,TRIPLE,1,1,1,False,-1
5505,DOUBLE,1,1,0,False,-1
5506,DOUBLE,1,1,0,False,-1
5507,TRIPLE,1,1,1,False,-1
5508,DOUBLE,1,1,0,False,-1
5509,SINGLE,1,0,0,False,-1
5510,TRIPLE,1,1,1,False,-1
5511,DOUBLE,1,1,0,False,-1
5512,TRIPLE,1,1,1,False,-1
5513,DOUBLE,1,1,0,False,-1
5514,TRIPLE,1,1,1,False,-1
5515,TRIPLE,1,1,1,False,-1
5516,DOUBLE,1,1,0,False,-1
5517,DOUBLE,1,1,0,False,-1
5518,TRIPLE,1,1,1,False,-1
5519,SINGLE,1,0,0,False,-1
5520,TRIPLE,1,1,1,False,-1
5521,TRIPLE,1,1,1,False,-1
5522,DOUBLE,1,1,0,False,-1
5523,TRIPLE,1,1,1,False,-1
5524,DOUBLE,1,1,0,False,-1
5525,TRIPLE,1,1,1,False,-1
5526,TRIPLE,1,1,1,False,-1
5527,TRIPLE,1,1,1,False,-1
5528,TRIPLE,1,1,1,False,-1
5529,DOUBLE,1,1,0,False,-1
5530,TRIPLE,1,1,1,False,-1
5531,DOUBLE,1,1,0,False,-1
5532,TRIPLE,1,1,1,False,-1
5533,SINGLE,1,0,0,False,-1
5534,SINGLE,1,0,0,False,-1
5535,TRIPLE,1,1,1,False,-1
5536,TRIPLE,1,1,1,False,-1
5537,DOUBLE,1,1,0,False,-1
5538,TRIPLE,1,1,1,False,-1
5539,TRIPLE,1,1,1,False,-1
5540,TRIPLE,1,1,1,False,-1
5541,TRIPLE,1,1,1,False,-1
5542,SINGLE,1,0,0,False,-1
5543,TRIPLE,1,1,1,False,-1
5544,DOUBLE,1,1,0,False,-1
5545,TRIPLE,1,1,1,False,-1
5546,TRIPLE,1,1,1,False,-1
5547,TRIPLE,1,1,1,False,-1
5548,TRIPLE,1,1,1,False,-1
5549,TRIPLE,1,1,1,False,-1
5550,DOUBLE,1,1,0,False,-1
5551,DOUBLE,1,1,0,False,-1
5552,DOUBLE,1,1,0,False,-1
5553,DOUBLE,1,1,0,False,-1
5554,SINGLE,1,0,0,False,-1
5555,TRIPLE,1,1,1,False,-1
5556,TRIPLE,1,1,1,False,-1
5557,DOUBLE,1,1,0,False,-1
5558,DOUBLE,1,1,0,False,-1
5559,TRIPLE,1,1,1,False,-1
5560,TRIPLE,1,1,1,False,-1
5561,TRIPLE,1,1,1,False,-1
5562,TRIPLE,1,1,1,False,-1
5563,DOUBLE,1,1,0,False,-1
5564,TRIPLE,1,1,1,False,-1
5565,TRIPLE,1,1,1,False,-1
5566,DOUBLE,1,1,0,False,-1
5567,SINGLE,1,0,0,False,-1
5568,DOUBLE,1,1,0,False,-1
5569,TRIPLE,1,1,1,False,-1
5570,TRIPLE,1,1,1,False,-1
5571,TRIPLE,1,1,1,False,-1
5572,TRIPLE,1,1,1,False,-1
5573,TRIPLE,1,1,1,False,-1
5574,DOUBLE,1,1,0,False,-1
5575,TRIPLE,1,1,1,False,-1
5576,TRIPLE,1,1,1,False,-1
5577,DOUBLE,1,1,0,False,-1
5578,TRIPLE,1,1,1,False,-1
5579,SINGLE,1,0,0,False,-1
5580,TRIPLE,1,1,1,False,-1
5581,DOUBLE,1,1,0,False,-1
5582,DOUBLE,1,1,0,False,-1
5583,DOUBLE,1,1,0,False,-1
5584,TRIPLE,1,1,1,False,-1
5585,TRIPLE,1,1,1,False,-1
5586,TRIPLE,1,1,1,False,-1
5587,TRIPLE,1,1,1,False,-1
5588,DOUBLE,1,1,0,False,-1
5589,DOUBLE,1,1,0,False,-1
5590,TRIPLE,1,1,1,False,-1
5591,SINGLE,1,0,0,False,-1
5592,TRIPLE,1,1,1,False,-1
5593,DOUBLE,1,1,0,False,-1
5594,TRIPLE,1,1,1,False,-1
5595,TRIPLE,1,1,1,False,-1
5596,SINGLE,1,0,0,False,-1
5597,DOUBLE,1,1,0,False,-1
5598,DOUBLE,1,1,0,False,-1
5599,TRIPLE,1,1,1,False,-1
5600,TRIPLE,1,1,1,False,-1
5601,SINGLE,1,0,0,False,-1
5602,TRIPLE,1,1,1,False,-1
5603,DOUBLE,1,1,0,False,-1
5604,SINGLE,1,0,0,False,-1
5605,SINGLE,1,0,0,False,-1
5606,TRIPLE,1,1,1,False,-1
5607,TRIPLE,1,1,1,False,-1
5608,DOUBLE,1,1,0,False,-1
5609,TRIPLE,1,1,1,False,-1
5610,TRIPLE,1,1,1,False,-1
5611,DOUBLE,1,1,0,False,-1
5612,SINGLE,1,0,0,False,-1
5613,TRIPLE,1,1,1,False,-1
5614,TRIPLE,1,1,1,False,-1
5615,TRIPLE,1,1,1,False,-1
5616,TRIPLE,1,1,1,False,-1
5617,DOUBLE,1,1,0,False,-1
5618,TRIPLE,1,1,1,False,-1
5619,DOUBLE,1,1,0,False,-1
5620,TRIPLE,1,1,1,False,-1
5621,SINGLE,1,0,0,False,-1
5622,TRIPLE,1,1,1,False,-1
5623,DOUBLE,1,1,0,False,-1
5624,DOUBLE,1,1,0,False,-1
5625,TRIPLE,1,1,1,False,-1
5626,SINGLE,1,0,0,False,-1
5627,DOUBLE,1,1,0,False,-1
5628,DOUBLE,1,1,0,False,-1
5629,TRIPLE,1,1,1,False,-1
5630,SINGLE,1,0,0,False,-1
5631,TRIPLE,1,1,1,False,-1
5632,TRIPLE,1,1,1,False,-1
5633,TRIPLE,1,1,1,False,-1
5634,DOUBLE,1,1,0,False,-1
5635,SINGLE,1,0,0,False,-1
5636,DOUBLE,1,1,0,False,-1
5637,DOUBLE,1,1,0,False,-1
5638,TRIPLE,1,1,1,False,-1
5639,DOUBLE,1,1,0,False,-1
5640,SINGLE,1,0,0,False,-1
5641,TRIPLE,1,1,1,False,-1
5642,DOUBLE,1,1,0,False,-1
5643,DOUBLE,1,1,0,False,-1
5644,DOUBLE,1,1,0,False,-1
5645,TRIPLE,1,1,1,False,-1
5646,DOUBLE,1,1,0,False,-1
5647,TRIPLE,1,1,1,False,-1
5648,DOUBLE,1,1,0,False,-1
5649,SINGLE,1,0,0,False,-1
5650,TRIPLE,1,1,1,False,-1
5651,TRIPLE,1,1,1,False,-1
5652,TRIPLE,1,1,1,False,-1
5653,TRIPLE,1,1,1,False,-1
5654,DOUBLE,1,1,0,False,-1
5655,DOUBLE,1,1,0,False,-1
5656,DOUBLE,1,1,0,False,-1
5657,DOUBLE,1,1,0,False,-1
5658,TRIPLE,1,1,1,False,-1
5659,TRIPLE,1,1,1,False,-1
5660,DOUBLE,1,1,0,False,-1
5661,TRIPLE,1,1,1,False,-1
5662,TRIPLE,1,1,1,False,-1
5663,DOUBLE,1,1,0,False,-1
5664,TRIPLE,1,1,1,False,-1
5665,DOUBLE,1,1,0,False,-1
5666,TRIPLE,1,1,1,False,-1
5667,TRIPLE,1,1,1,False,-1
5668,TRIPLE,1,1,1,False,-1
5669,TRIPLE,1,1,1,False,-1
5670,TRIPLE,1,1,1,False,-1
5671,TRIPLE,1,1,1,False,-1
5672,DOUBLE,1,1,0,False,-1
5673,DOUBLE,1,1,0,False,-1
5674,DOUBLE,1,1,0,False,-1
5675,TRIPLE,1,1,1,False,-1
5676,TRIPLE,1,1,1,False,-1
5677,TRIPLE,1,1,1,False,-1
5678,SINGLE,1,0,0,False,-1
5679,SINGLE,1,0,0,False,-1
5680,TRIPLE,1,1,1,False,-1
5681,TRIPLE,1,1,1,False,-1
5682,TRIPLE,1,1,1,False,-1
5683,DOUBLE,1,1,0,False,-1
5684,DOUBLE,1,1,0,False,-1
5685,TRIPLE,1,1,1,False,-1
5686,DOUBLE,1,1,0,False,-1
5687,TRIPLE,1,1,1,False,-1
5688,DOUBLE,1,1,0,False,-1
5689,DOUBLE,1,1,0,False,-1
5690,SINGLE,1,0,0,False,-1
5691,SINGLE,1,0,0,False,-1
5692,TRIPLE,1,1,1,False,-1
5693,TRIPLE,1,1,1,False,-1
5694,DOUBLE,1,1,0,False,-1
5695,TRIPLE,1,1,1,False,-1
5696,TRIPLE,1,1,1,False,-1
5697,TRIPLE,1,1,1,False,-1
5698,TRIPLE,1,1,1,False,-1
5699,TRIPLE,1,1,1,False,-1
5700,TRIPLE,1,1,1,False,-1
5701,DOUBLE,1,1,0,False,-1
5702,TRIPLE,1,1,1,False,-1
5703,DOUBLE,1,1,0,False,-1
5704,DOUBLE,1,1,0,False,-1
5705,TRIPLE,1,1,1,False,-1
5706,TRIPLE,1,1,1,False,-1
5707,TRIPLE,1,1,1,False,-1
5708,SINGLE,1,0,0,False,-1
5709,TRIPLE,1,1,1,False,-1
5710,DOUBLE,1,1,0,False,-1
5711,SINGLE,1,0,0,False,-1
5712,TRIPLE,1,1,1,False,-1
5713,SINGLE,1,0,0,False,-1
5714,TRIPLE,1,1,1,False,-1
5715,TRIPLE,1,1,1,False,-1
5716,SINGLE,1,0,0,False,-1
5717,TRIPLE,1,1,1,False,-1
5718,DOUBLE,1,1,0,False,-1
5719,SINGLE,1,0,0,False,-1
5720,DOUBLE,1,1,0,False,-1
5721,TRIPLE,1,1,1,False,-1
5722,TRIPLE,1,1,1,False,-1
5723,DOUBLE,1,1,0,False,-1
5724,DOUBLE,1,1,0,False,-1
5725,TRIPLE,1,1,1,False,-1
5726,TRIPLE,1,1,1,False,-1
5727,DOUBLE,1,1,0,False,-1
5728,TRIPLE,1,1,1,False,-1
5729,TRIPLE,1,1,1,False,-1
5730,TRIPLE,1,1,1,False,-1
5731,TRIPLE,1,1,1,False,-1
5732,DOUBLE,1,1,0,False,-1
5733,TRIPLE,1,1,1,False,-1
5734,DOUBLE,1,1,0,False,-1
5735,TRIPLE,1,1,1,False,-1
5736,TRIPLE,1,1,1,False,-1
5737,TRIPLE,1,1,1,False,-1
5738,TRIPLE,1,1,1,False,-1
5739,SINGLE,1,0,0,False,-1
5740,TRIPLE,1,1,1,False,-1
5741,SINGLE,1,0,0,False,-1
5742,DOUBLE,1,1,0,False,-1
5743,TRIPLE,1,1,1,False,-1
5744,TRIPLE,1,1,1,False,-1
5745,TRIPLE,1,1,1,False,-1
5746,SINGLE,1,0,0,False,-1
5747,DOUBLE,1,1,0,False,-1
5748,TRIPLE,1,1,1,False,-1
5749,TRIPLE,1,1,1,False,-1
5750,DOUBLE,1,1,0,False,-1
5751,DOUBLE,1,1,0,False,-1
5752,TRIPLE,1,1,1,False,-1
5753,TRIPLE,1,1,1,False,-1
5754,DOUBLE,1,1,0,False,-1
5755,TRIPLE,1,1,1,False,-1
5756,TRIPLE,1,1,1,False,-1
5757,TRIPLE,1,1,1,False,-1
5758,TRIPLE,1,1,1,False,-1
5759,SINGLE,1,0,0,False,-1
5760,SINGLE,1,0,0,False,-1
5761,TRIPLE,1,1,1,False,-1
5762,TRIPLE,1,1,1,False,-1
5763,SINGLE,1,0,0,False,-1
5764,TRIPLE,1,1,1,False,-1
5765,TRIPLE,1,1,1,False,-1
5766,TRIPLE,1,1,1,False,-1
5767,DOUBLE,1,1,0,False,-1
5768,TRIPLE,1,1,1,False,-1
5769,TRIPLE,1,1,1,False,-1
5770,TRIPLE,1,1,1,False,-1
5771,TRIPLE,1,1,1,False,-1
5772,DOUBLE,1,1,0,False,-1
5773,DOUBLE,1,1,0,False,-1
5774,SINGLE,1,0,0,False,-1
5775,DOUBLE,1,1,0,False,-1
5776,DOUBLE,1,1,0,False,-1
5777,DOUBLE,1,1,0,False,-1
5778,TRIPLE,1,1,1,False,-1
5779,DOUBLE,1,1,0,False,-1
5780,TRIPLE,1,1,1,False,-1
5781,SINGLE,1,0,0,False,-1
5782,TRIPLE,1,1,1,False,-1
5783,SINGLE,1,0,0,False,-1
5784,TRIPLE,1,1,1,False,-1
5785,TRIPLE,1,1,1,False,-1
5786,TRIPLE,1,1,1,False,-1
5787,TRIPLE,1,1,1,False,-1
5788,TRIPLE,1,1,1,False,-1
5789,TRIPLE,1,1,1,False,-1
5790,TRIPLE,1,1,1,False,-1
5791,TRIPLE,1,1,1,False,-1
5792,TRIPLE,1,1,1,False,-1
5793,DOUBLE,1,1,0,False,-1
5794,SINGLE,1,0,0,False,-1
5795,DOUBLE,1,1,0,False,-1
5796,TRIPLE,1,1,1,False,-1
5797,DOUBLE,1,1,0,False,-1
5798,TRIPLE,1,1,1,False,-1
5799,TRIPLE,1,1,1,False,-1
5800,TRIPLE,1,1,1,False,-1
5801,SINGLE,1,0,0,False,-1
5802,TRIPLE,1,1,1,False,-1
5803,TRIPLE,1,1,1,False,-1
5804,TRIPLE,1,1,1,False,-1
5805,TRIPLE,1,1,1,False,-1
5806,TRIPLE,1,1,1,False,-1
5807,SINGLE,1,0,0,False,-1
5808,TRIPLE,1,1,1,False,-1
5809,SINGLE,1,0,0,False,-1
5810,TRIPLE,1,1,1,False,-1
5811,TRIPLE,1,1,1,False,-1
5812,TRIPLE,1,1,1,False,-1
5813,DOUBLE,1,1,0,False,-1
5814,SINGLE,1,0,0,False,-1
5815,DOUBLE,1,1,0,False,-1
5816,TRIPLE,1,1,1,False,-1
5817,TRIPLE,1,1,1,False,-1
5818,TRIPLE,1,1,1,False,-1
5819,DOUBLE,1,1,0,False,-1
5820,SINGLE,1,0,0,False,-1
5821,TRIPLE,1,1,1,False,-1
5822,DOUBLE,1,1,0,False,-1
5823,TRIPLE,1,1,1,False,-1
5824,DOUBLE,1,1,0,False,-1
5825,SINGLE,1,0,0,False,-1
5826,TRIPLE,1,1,1,False,-1
5827,TRIPLE,1,1,1,False,-1
5828,DOUBLE,1,1,0,False,-1
5829,SINGLE,1,0,0,False,-1
5830,TRIPLE,1,1,1,False,-1
5831,TRIPLE,1,1,1,False,-1
5832,DOUBLE,1,1,0,False,-1
5833,DOUBLE,1,1,0,False,-1
5834,DOUBLE,1,1,0,False,-1
5835,TRIPLE,1,1,1,False,-1
5836,TRIPLE,1,1,1,False,-1
5837,TRIPLE,1,1,1,False,-1
5838,TRIPLE,1,1,1,False,-1
5839,TRIPLE,1,1,1,False,-1
5840,TRIPLE,1,1,1,False,-1
5841,TRIPLE,1,1,1,False,-1
5842,DOUBLE,1,1,0,False,-1
5843,TRIPLE,1,1,1,False,-1
5844,DOUBLE,1,1,0,False,-1
5845,TRIPLE,1,1,1,False,-1
5846,TRIPLE,1,1,1,False,-1
5847,DOUBLE,1,1,0,False,-1
5848,SINGLE,1,0,0,False,-1
5849,DOUBLE,1,1,0,False,-1
5850,TRIPLE,1,1,1,False,-1
5851,SINGLE,1,0,0,False,-1
5852,TRIPLE,1,1,1,False,-1
5853,TRIPLE,1,1,1,False,-1
5854,TRIPLE,1,1,1,False,-1
5855,DOUBLE,1,1,0,False,-1
5856,TRIPLE,1,1,1,False,-1
5857,TRIPLE,1,1,1,False,-1
5858,TRIPLE,1,1,1,False,-1
5859,TRIPLE,1,1,1,False,-1
5860,TRIPLE,1,1,1,False,-1
5861,TRIPLE,1,1,1,False,-1
5862,TRIPLE,1,1,1,False,-1
5863,SINGLE,1,0,0,False,-1
5864,TRIPLE,1,1,1,False,-1
5865,TRIPLE,1,1,1,False,-1
5866,DOUBLE,1,1,0,False,-1
5867,DOUBLE,1,1,0,False,-1
5868,DOUBLE,1,1,0,False,-1
5869,DOUBLE,1,1,0,False,-1
5870,TRIPLE,1,1,1,False,-1
5871,DOUBLE,1,1,0,False,-1
5872,TRIPLE,1,1,1,False,-1
5873,TRIPLE,1,1,1,False,-1
5874,TRIPLE,1,1,1,False,-1
5875,TRIPLE,1,1,1,False,-1
5876,TRIPLE,1,1,1,False,-1
5877,TRIPLE,1,1,1,False,-1
5878,TRIPLE,1,1,1,False,-1
5879,DOUBLE,1,1,0,False,-1
5880,TRIPLE,1,1,1,False,-1
5881,TRIPLE,1,1,1,False,-1
5882,TRIPLE,1,1,1,False,-1
5883,DOUBLE,1,1,0,False,-1
5884,DOUBLE,1,1,0,False,-1
5885,TRIPLE,1,1,1,False,-1
5886,TRIPLE,1,1,1,False,-1
5887,SINGLE,1,0,0,False,-1
5888,SINGLE,1,0,0,False,-1
5889,TRIPLE,1,1,1,False,-1
5890,TRIPLE,1,1,1,False,-1
5891,TRIPLE,1,1,1,False,-1
5892,SINGLE,1,0,0,False,-1
5893,DOUBLE,1,1,0,False,-1
5894,DOUBLE,1,1,0,False,-1
5895,DOUBLE,1,1,0,False,-1
5896,DOUBLE,1,1,0,False,-1
5897,TRIPLE,1,1,1,False,-1
5898,TRIPLE,1,1,1,False,-1
5899,SINGLE,1,0,0,False,-1
5900,TRIPLE,1,1,1,False,-1
5901,DOUBLE,1,1,0,False,-1
5902,TRIPLE,1,1,1,False,-1
5903,TRIPLE,1,1,1,False,-1
5904,TRIPLE,1,1,1,False,-1
5905,TRIPLE,1,1,1,False,-1
5906,TRIPLE,1,1,1,False,-1
5907,DOUBLE,1,1,0,False,-1
5908,SINGLE,1,0,0,False,-1
5909,DOUBLE,1,1,0,False,-1
5910,TRIPLE,1,1,1,False,-1
5911,TRIPLE,1,1,1,False,-1
5912,TRIPLE,1,1,1,False,-1
5913,TRIPLE,1,1,1,False,-1
5914,DOUBLE,1,1,0,False,-1
5915,TRIPLE,1,1,1,False,-1
5916,TRIPLE,1,1,1,False,-1
5917,SINGLE,1,0,0,False,-1
5918,DOUBLE,1,1,0,False,-1
5919,TRIPLE,1,1,1,False,-1
5920,TRIPLE,1,1,1,False,-1
5921,TRIPLE,1,1,1,False,-1
5922,TRIPLE,1,1,1,False,-1
5923,DOUBLE,1,1,0,False,-1
5924,SINGLE,1,0,0,False,-1
5925,TRIPLE,1,1,1,False,-1
5926,SINGLE,1,0,0,False,-1
5927,TRIPLE,1,1,1,False,-1
5928,TRIPLE,1,1,1,False,-1
5929,TRIPLE,1,1,1,False,-1
5930,TRIPLE,1,1,1,False,-1
5931,SINGLE,1,0,0,False,-1
5932,TRIPLE,1,1,1,False,-1
5933,TRIPLE,1,1,1,False,-1
5934,TRIPLE,1,1,1,False,-1
5935,DOUBLE,1,1,0,False,-1
5936,DOUBLE,1,1,0,False,-1
5937,SINGLE,1,0,0,False,-1
5938,DOUBLE,1,1,0,False,-1
5939,TRIPLE,1,1,1,False,-1
5940,DOUBLE,1,1,0,False,-1
5941,TRIPLE,1,1,1,False,-1
5942,DOUBLE,1,1,0,False,-1
5943,DOUBLE,1,1,0,False,-1
5944,TRIPLE,1,1,1,False,-1
5945,SINGLE,1,0,0,False,-1
5946,TRIPLE,1,1,1,False,-1
5947,TRIPLE,1,1,1,False,-1
5948,TRIPLE,1,1,1,False,-1
5949,TRIPLE,1,1,1,False,-1
5950,TRIPLE,1,1,1,False,-1
5951,TRIPLE,1,1,1,False,-1
5952,TRIPLE,1,1,1,False,-1
5953,TRIPLE,1,1,1,False,-1
5954,TRIPLE,1,1,1,False,-1
5955,TRIPLE,1,1,1,False,-1
5956,TRIPLE,1,1,1,False,-1
5957,TRIPLE,1,1,1,False,-1
5958,SINGLE,1,0,0,False,-1
5959,DOUBLE,1,1,0,False,-1
5960,SINGLE,1,0,0,False,-1
5961,TRIPLE,1,1,1,False,-1
5962,DOUBLE,1,1,0,False,-1
5963,TRIPLE,1,1,1,False,-1
5964,DOUBLE,1,1,0,False,-1
5965,SINGLE,1,0,0,False,-1
5966,TRIPLE,1,1,1,False,-1
5967,SINGLE,1,0,0,False,-1
5968,TRIPLE,1,1,1,False,-1
5969,TRIPLE,1,1,1,False,-1
5970,TRIPLE,1,1,1,False,-1
5971,DOUBLE,1,1,0,False,-1
5972,TRIPLE,1,1,1,False,-1
5973,DOUBLE,1,1,0,False,-1
5974,DOUBLE,1,1,0,False,-1
5975,TRIPLE,1,1,1,False,-1
5976,TRIPLE,1,1,1,False,-1
5977,SINGLE,1,0,0,False,-1
5978,DOUBLE,1,1,0,False,-1
5979,SINGLE,1,0,0,False,-1
5980,DOUBLE,1,1,0,False,-1
5981,TRIPLE,1,1,1,False,-1
5982,TRIPLE,1,1,1,False,-1
5983,TRIPLE,1,1,1,False,-1
5984,TRIPLE,1,1,1,False,-1
5985,TRIPLE,1,1,1,False,-1
5986,TRIPLE,1,1,1,False,-1
5987,TRIPLE,1,1,1,False,-1
5988,TRIPLE,1,1,1,False,-1
5989,DOUBLE,1,1,0,False,-1
5990,DOUBLE,1,1,0,False,-1
5991,DOUBLE,1,1,0,False,-1
5992,DOUBLE,1,1,0,False,-1
5993,TRIPLE,1,1,1,False,-1
5994,SINGLE,1,0,0,False,-1
5995,DOUBLE,1,1,0,False,-1
5996,DOUBLE,1,1,0,False,-1
5997,TRIPLE,1,1,1,False,-1
5998,TRIPLE,1,1,1,False,-1
5999,DOUBLE,1,1,0,False,-1
6000,DOUBLE,1,1,0,False,-1
6001,DOUBLE,1,1,0,False,-1
6002,SINGLE,1,0,0,False,-1
6003,TRIPLE,1,1,1,False,-1
6004,DOUBLE,1,1,0,False,-1
6005,DOUBLE,1,1,0,False,-1
6006,DOUBLE,1,1,0,False,-1
6007,TRIPLE,1,1,1,False,-1
6008,SINGLE,1,0,0,False,-1
6009,TRIPLE,1,1,1,False,-1
6010,SINGLE,1,0,0,False,-1
6011,TRIPLE,1,1,1,False,-1
6012,DOUBLE,1,1,0,False,-1
6013,DOUBLE,1,1,0,False,-1
6014,TRIPLE,1,1,1,False,-1
6015,SINGLE,1,0,0,False,-1
6016,TRIPLE,1,1,1,False,-1
6017,TRIPLE,1,1,1,False,-1
6018,TRIPLE,1,1,1,False,-1
6019,DOUBLE,1,1,0,False,-1
6020,DOUBLE,1,1,0,False,-1
6021,TRIPLE,1,1,1,False,-1
6022,DOUBLE,1,1,0,False,-1
6023,TRIPLE,1,1,1,False,-1
6024,TRIPLE,1,1,1,False,-1
6025,DOUBLE,1,1,0,False,-1
6026,TRIPLE,1,1,1,False,-1
6027,SINGLE,1,0,0,False,-1
6028,TRIPLE,1,1,1,False,-1
6029,SINGLE,1,0,0,False,-1
6030,TRIPLE,1,1,1,False,-1
6031,TRIPLE,1,1,1,False,-1
6032,SINGLE,1,0,0,False,-1
6033,SINGLE,1,0,0,False,-1
6034,TRIPLE,1,1,1,False,-1
6035,DOUBLE,1,1,0,False,-1
6036,DOUBLE,1,1,0,False,-1
6037,SINGLE,1,0,0,False,-1
6038,TRIPLE,1,1,1,False,-1
6039,TRIPLE,1,1,1,False,-1
6040,TRIPLE,1,1,1,False,-1
6041,DOUBLE,1,1,0,False,-1
6042,TRIPLE,1,1,1,False,-1
6043,TRIPLE,1,1,1,False,-1
6044,TRIPLE,1,1,1,False,-1
6045,TRIPLE,1,1,1,False,-1
6046,TRIPLE,1,1,1,False,-1
6047,TRIPLE,1,1,1,False,-1
6048,TRIPLE,1,1,1,False,-1
6049,TRIPLE,1,1,1,False,-1
6050,TRIPLE,1,1,1,False,-1
6051,TRIPLE,1,1,1,False,-1
6052,DOUBLE,1,1,0,False,-1
6053,DOUBLE,1,1,0,False,-1
6054,DOUBLE,1,1,0,False,-1
6055,TRIPLE,1,1,1,False,-1
6056,TRIPLE,1,1,1,False,-1
6057,TRIPLE,1,1,1,False,-1
6058,TRIPLE,1,1,1,False,-1
6059,DOUBLE,1,1,0,False,-1
6060,TRIPLE,1,1,1,False,-1
6061,DOUBLE,1,1,0,False,-1
6062,TRIPLE,1,1,1,False,-1
6063,TRIPLE,1,1,1,False,-1
6064,TRIPLE,1,1,1,False,-1
6065,DOUBLE,1,1,0,False,-1
6066,TRIPLE,1,1,1,False,-1
6067,TRIPLE,1,1,1,False,-1
6068,TRIPLE,1,1,1,False,-1
6069,TRIPLE,1,1,1,False,-1
6070,TRIPLE,1,1,1,False,-1
6071,TRIPLE,1,1,1,False,-1
6072,SINGLE,1,0,0,False,-1
6073,DOUBLE,1,1,0,False,-1
6074,TRIPLE,1,1,1,False,-1
6075,TRIPLE,1,1,1,False,-1
6076,TRIPLE,1,1,1,False,-1
6077,TRIPLE,1,1,1,False,-1
6078,DOUBLE,1,1,0,False,-1
6079,TRIPLE,1,1,1,False,-1
6080,TRIPLE,1,1,1,False,-1
6081,TRIPLE,1,1,1,False,-1
6082,TRIPLE,1,1,1,False,-1
6083,SINGLE,1,0,0,False,-1
6084,TRIPLE,1,1,1,False,-1
6085,TRIPLE,1,1,1,False,-1
6086,TRIPLE,1,1,1,False,-1
6087,TRIPLE,1,1,1,False,-1
6088,DOUBLE,1,1,0,False,-1
6089,TRIPLE,1,1,1,False,-1
6090,TRIPLE,1,1,1,False,-1
6091,TRIPLE,1,1,1,False,-1
6092,TRIPLE,1,1,1,False,-1
6093,DOUBLE,1,1,0,False,-1
6094,TRIPLE,1,1,1,False,-1
6095,TRIPLE,1,1,1,False,-1
6096,DOUBLE,1,1,0,False,-1
6097,TRIPLE,1,1,1,False,-1
6098,TRIPLE,1,1,1,False,-1
6099,DOUBLE,1,1,0,False,-1
6100,TRIPLE,1,1,1,False,-1
6101,TRIPLE,1,1,1,False,-1
6102,TRIPLE,1,1,1,False,-1
6103,DOUBLE,1,1,0,False,-1
6104,TRIPLE,1,1,1,False,-1
6105,SINGLE,1,0,0,False,-1
6106,TRIPLE,1,1,1,False,-1
6107,DOUBLE,1,1,0,False,-1
6108,TRIPLE,1,1,1,False,-1
6109,SINGLE,1,0,0,False,-1
6110,TRIPLE,1,1,1,False,-1
6111,TRIPLE,1,1,1,False,-1
6112,TRIPLE,1,1,1,False,-1
6113,TRIPLE,1,1,1,False,-1
6114,TRIPLE,1,1,1,False,-1
6115,TRIPLE,1,1,1,False,-1
6116,DOUBLE,1,1,0,False,-1
6117,TRIPLE,1,1,1,False,-1
6118,TRIPLE,1,1,1,False,-1
6119,TRIPLE,1,1,1,False,-1
6120,TRIPLE,1,1,1,False,-1
6121,TRIPLE,1,1,1,False,-1
6122,TRIPLE,1,1,1,False,-1
6123,TRIPLE,1,1,1,False,-1
6124,TRIPLE,1,1,1,False,-1
6125,TRIPLE,1,1,1,False,-1
6126,TRIPLE,1,1,1,False,-1
6127,TRIPLE,1,1,1,False,-1
6128,DOUBLE,1,1,0,False,-1
6129,TRIPLE,1,1,1,False,-1
6130,TRIPLE,1,1,1,False,-1
6131,DOUBLE,1,1,0,False,-1
6132,TRIPLE,1,1,1,False,-1
6133,TRIPLE,1,1,1,False,-1
6134,DOUBLE,1,1,0,False,-1
6135,DOUBLE,1,1,0,False,-1
6136,TRIPLE,1,1,1,False,-1
6137,TRIPLE,1,1,1,False,-1
6138,DOUBLE,1,1,0,False,-1
6139,TRIPLE,1,1,1,False,-1
6140,TRIPLE,1,1,1,False,-1
6141,DOUBLE,1,1,0,False,-1
6142,DOUBLE,1,1,0,False,-1
6143,TRIPLE,1,1,1,False,-1
6144,DOUBLE,1,1,0,False,-1
6145,TRIPLE,1,1,1,False,-1
6146,TRIPLE,1,1,1,False,-1
6147,DOUBLE,1,1,0,False,-1
6148,DOUBLE,1,1,0,False,-1
6149,DOUBLE,1,1,0,False,-1
6150,TRIPLE,1,1,1,False,-1
6151,TRIPLE,1,1,1,False,-1
6152,TRIPLE,1,1,1,False,-1
6153,TRIPLE,1,1,1,False,-1
6154,DOUBLE,1,1,0,False,-1
6155,TRIPLE,1,1,1,False,-1
6156,DOUBLE,1,1,0,False,-1
6157,TRIPLE,1,1,1,False,-1
6158,TRIPLE,1,1,1,False,-1
6159,SINGLE,1,0,0,False,-1
6160,DOUBLE,1,1,0,False,-1
6161,DOUBLE,1,1,0,False,-1
6162,TRIPLE,1,1,1,False,-1
6163,TRIPLE,1,1,1,False,-1
6164,DOUBLE,1,1,0,False,-1
6165,TRIPLE,1,1,1,False,-1
6166,DOUBLE,1,1,0,False,-1
6167,TRIPLE,1,1,1,False,-1
6168,DOUBLE,1,1,0,False,-1
6169,DOUBLE,1,1,0,False,-1
6170,TRIPLE,1,1,1,False,-1
6171,TRIPLE,1,1,1,False,-1
6172,TRIPLE,1,1,1,False,-1
6173,TRIPLE,1,1,1,False,-1
6174,DOUBLE,1,1,0,False,-1
6175,DOUBLE,1,1,0,False,-1
6176,DOUBLE,1,1,0,False,-1
6177,TRIPLE,1,1,1,False,-1
6178,DOUBLE,1,1,0,False,-1
6179,TRIPLE,1,1,1,False,-1
6180,DOUBLE,1,1,0,False,-1
6181,DOUBLE,1,1,0,False,-1
6182,DOUBLE,1,1,0,False,-1
6183,TRIPLE,1,1,1,False,-1
6184,DOUBLE,1,1,0,False,-1
6185,DOUBLE,1,1,0,False,-1
6186,DOUBLE,1,1,0,False,-1
6187,DOUBLE,1,1,0,False,-1
6188,TRIPLE,1,1,1,False,-1
6189,TRIPLE,1,1,1,False,-1
6190,TRIPLE,1,1,1,False,-1
6191,TRIPLE,1,1,1,False,-1
6192,TRIPLE,1,1,1,False,-1
6193,DOUBLE,1,1,0,False,-1
6194,TRIPLE,1,1,1,False,-1
6195,DOUBLE,1,1,0,False,-1
6196,TRIPLE,1,1,1,False,-1
6197,TRIPLE,1,1,1,False,-1
6198,DOUBLE,1,1,0,False,-1
6199,TRIPLE,1,1,1,False,-1
6200,TRIPLE,1,1,1,False,-1
6201,TRIPLE,1,1,1,False,-1
6202,TRIPLE,1,1,1,False,-1
6203,DOUBLE,1,1,0,False,-1
6204,DOUBLE,1,1,0,False,-1
6205,DOUBLE,1,1,0,False,-1
6206,TRIPLE,1,1,1,False,-1
6207,DOUBLE,1,1,0,False,-1
6208,DOUBLE,1,1,0,False,-1
6209,DOUBLE,1,1,0,False,-1
6210,DOUBLE,1,1,0,False,-1
6211,TRIPLE,1,1,1,False,-1
6212,TRIPLE,1,1,1,False,-1
6213,TRIPLE,1,1,1,False,-1
6214,TRIPLE,1,1,1,False,-1
6215,TRIPLE,1,1,1,False,-1
6216,TRIPLE,1,1,1,False,-1
6217,TRIPLE,1,1,1,False,-1
6218,SINGLE,1,0,0,False,-1
6219,TRIPLE,1,1,1,False,-1
6220,TRIPLE,1,1,1,False,-1
6221,TRIPLE,1,1,1,False,-1
6222,DOUBLE,1,1,0,False,-1
6223,TRIPLE,1,1,1,False,-1
6224,TRIPLE,1,1,1,False,-1
6225,SINGLE,1,0,0,False,-1
6226,TRIPLE,1,1,1,False,-1
6227,TRIPLE,1,1,1,False,-1
6228,DOUBLE,1,1,0,False,-1
6229,TRIPLE,1,1,1,False,-1
6230,TRIPLE,1,1,1,False,-1
6231,TRIPLE,1,1,1,False,-1
6232,TRIPLE,1,1,1,False,-1
6233,TRIPLE,1,1,1,False,-1
6234,SINGLE,1,0,0,False,-1
6235,TRIPLE,1,1,1,False,-1
6236,DOUBLE,1,1,0,False,-1
6237,SINGLE,1,0,0,False,-1
6238,DOUBLE,1,1,0,False,-1
6239,DOUBLE,1,1,0,False,-1
6240,DOUBLE,1,1,0,False,-1
6241,DOUBLE,1,1,0,False,-1
6242,TRIPLE,1,1,1,False,-1
6243,TRIPLE,1,1,1,False,-1
6244,DOUBLE,1,1,0,False,-1
6245,TRIPLE,1,1,1,False,-1
6246,SINGLE,1,0,0,False,-1
6247,TRIPLE,1,1,1,False,-1
6248,TRIPLE,1,1,1,False,-1
6249,TRIPLE,1,1,1,False,-1
6250,TRIPLE,1,1,1,False,-1
6251,TRIPLE,1,1,1,False,-1
6252,DOUBLE,1,1,0,False,-1
6253,DOUBLE,1,1,0,False,-1
6254,SINGLE,1,0,0,False,-1
6255,TRIPLE,1,1,1,False,-1
6256,DOUBLE,1,1,0,False,-1
6257,TRIPLE,1,1,1,False,-1
6258,TRIPLE,1,1,1,False,-1
6259,TRIPLE,1,1,1,False,-1
6260,TRIPLE,1,1,1,False,-1
6261,TRIPLE,1,1,1,False,-1
6262,TRIPLE,1,1,1,False,-1
6263,DOUBLE,1,1,0,False,-1
6264,DOUBLE,1,1,0,False,-1
6265,SINGLE,1,0,0,False,-1
6266,DOUBLE,1,1,0,False,-1
6267,SINGLE,1,0,0,False,-1
6268,TRIPLE,1,1,1,False,-1
6269,DOUBLE,1,1,0,False,-1
6270,TRIPLE,1,1,1,False,-1
6271,DOUBLE,1,1,0,False,-1
6272,TRIPLE,1,1,1,False,-1
6273,TRIPLE,1,1,1,False,-1
6274,SINGLE,1,0,0,False,-1
6275,SINGLE,1,0,0,False,-1
6276,TRIPLE,1,1,1,False,-1
6277,TRIPLE,1,1,1,False,-1
6278,TRIPLE,1,1,1,False,-1
6279,TRIPLE,1,1,1,False,-1
6280,TRIPLE,1,1,1,False,-1
6281,TRIPLE,1,1,1,False,-1
6282,TRIPLE,1,1,1,False,-1
6283,SINGLE,1,0,0,False,-1
6284,DOUBLE,1,1,0,False,-1
6285,TRIPLE,1,1,1,False,-1
6286,TRIPLE,1,1,1,False,-1
6287,TRIPLE,1,1,1,False,-1
6288,SINGLE,1,0,0,False,-1
6289,TRIPLE,1,1,1,False,-1
6290,SINGLE,1,0,0,False,-1
6291,DOUBLE,1,1,0,False,-1
6292,DOUBLE,1,1,0,False,-1
6293,DOUBLE,1,1,0,False,-1
6294,DOUBLE,1,1,0,False,-1
6295,DOUBLE,1,1,0,False,-1
6296,TRIPLE,1,1,1,False,-1
6297,TRIPLE,1,1,1,False,-1
6298,TRIPLE,1,1,1,False,-1
6299,TRIPLE,1,1,1,False,-1
6300,DOUBLE,1,1,0,False,-1
6301,TRIPLE,1,1,1,False,-1
6302,SINGLE,1,0,0,False,-1
6303,DOUBLE,1,1,0,False,-1
6304,DOUBLE,1,1,0,False,-1
6305,TRIPLE,1,1,1,False,-1
6306,TRIPLE,1,1,1,False,-1
6307,DOUBLE,1,1,0,False,-1
6308,TRIPLE,1,1,1,False,-1
6309,TRIPLE,1,1,1,False,-1
6310,DOUBLE,1,1,0,False,-1
6311,SINGLE,1,0,0,False,-1
6312,DOUBLE,1,1,0,False,-1
6313,TRIPLE,1,1,1,False,-1
6314,DOUBLE,1,1,0,False,-1
6315,DOUBLE,1,1,0,False,-1
6316,TRIPLE,1,1,1,False,-1
6317,TRIPLE,1,1,1,False,-1
6318,DOUBLE,1,1,0,False,-1
6319,TRIPLE,1,1,1,False,-1
6320,TRIPLE,1,1,1,False,-1
6321,TRIPLE,1,1,1,False,-1
6322,TRIPLE,1,1,1,False,-1
6323,TRIPLE,1,1,1,False,-1
6324,TRIPLE,1,1,1,False,-1
6325,DOUBLE,1,1,0,False,-1
6326,TRIPLE,1,1,1,False,-1
6327,TRIPLE,1,1,1,False,-1
6328,TRIPLE,1,1,1,False,-1
6329,DOUBLE,1,1,0,False,-1
6330,TRIPLE,1,1,1,False,-1
6331,SINGLE,1,0,0,False,-1
6332,TRIPLE,1,1,1,False,-1
6333,TRIPLE,1,1,1,False,-1
6334,DOUBLE,1,1,0,False,-1
6335,SINGLE,1,0,0,False,-1
6336,TRIPLE,1,1,1,False,-1
6337,TRIPLE,1,1,1,False,-1
6338,TRIPLE,1,1,1,False,-1
6339,DOUBLE,1,1,0,False,-1
6340,TRIPLE,1,1,1,False,-1
6341,TRIPLE,1,1,1,False,-1
6342,TRIPLE,1,1,1,False,-1
6343,DOUBLE,1,1,0,False,-1
6344,DOUBLE,1,1,0,False,-1
6345,TRIPLE,1,1,1,False,-1
6346,TRIPLE,1,1,1,False,-1
6347,DOUBLE,1,1,0,False,-1
6348,TRIPLE,1,1,1,False,-1
6349,SINGLE,1,0,0,False,-1
6350,DOUBLE,1,1,0,False,-1
6351,SINGLE,1,0,0,False,-1
6352,TRIPLE,1,1,1,False,-1
6353,SINGLE,1,0,0,False,-1
6354,TRIPLE,1,1,1,False,-1
6355,SINGLE,1,0,0,False,-1
6356,SINGLE,1,0,0,False,-1
6357,DOUBLE,1,1,0,False,-1
6358,TRIPLE,1,1,1,False,-1
6359,TRIPLE,1,1,1,False,-1
6360,SINGLE,1,0,0,False,-1
6361,TRIPLE,1,1,1,False,-1
6362,TRIPLE,1,1,1,False,-1
6363,TRIPLE,1,1,1,False,-1
6364,SINGLE,1,0,0,False,-1
6365,TRIPLE,1,1,1,False,-1
6366,SINGLE,1,0,0,False,-1
6367,DOUBLE,1,1,0,False,-1
6368,SINGLE,1,0,0,False,-1
6369,TRIPLE,1,1,1,False,-1
6370,TRIPLE,1,1,1,False,-1
6371,TRIPLE,1,1,1,False,-1
6372,TRIPLE,1,1,1,False,-1
6373,DOUBLE,1,1,0,False,-1
6374,DOUBLE,1,1,0,False,-1
6375,SINGLE,1,0,0,False,-1
6376,SINGLE,1,0,0,False,-1
6377,TRIPLE,1,1,1,False,-1
6378,DOUBLE,1,1,0,False,-1
6379,SINGLE,1,0,0,False,-1
6380,DOUBLE,1,1,0,False,-1
6381,TRIPLE,1,1,1,False,-1
6382,DOUBLE,1,1,0,False,-1
6383,DOUBLE,1,1,0,False,-1
6384,DOUBLE,1,1,0,False,-1
6385,TRIPLE,1,1,1,False,-1
6386,TRIPLE,1,1,1,False,-1
6387,TRIPLE,1,1,1,False,-1
6388,TRIPLE,1,1,1,False,-1
6389,TRIPLE,1,1,1,False,-1
6390,TRIPLE,1,1,1,False,-1
6391,SINGLE,1,0,0,False,-1
6392,DOUBLE,1,1,0,False,-1
6393,TRIPLE,1,1,1,False,-1
6394,TRIPLE,1,1,1,False,-1
6395,TRIPLE,1,1,1,False,-1
6396,DOUBLE,1,1,0,False,-1
6397,TRIPLE,1,1,1,False,-1
6398,DOUBLE,1,1,0,False,-1
6399,DOUBLE,1,1,0,False,-1
6400,DOUBLE,1,1,0,False,-1
6401,DOUBLE,1,1,0,False,-1
6402,TRIPLE,1,1,1,False,-1
6403,TRIPLE,1,1,1,False,-1
6404,TRIPLE,1,1,1,False,-1
6405,TRIPLE,1,1,1,False,-1
6406,DOUBLE,1,1,0,False,-1
6407,TRIPLE,1,1,1,False,-1
6408,TRIPLE,1,1,1,False,-1
6409,DOUBLE,1,1,0,False,-1
6410,TRIPLE,1,1,1,False,-1
6411,TRIPLE,1,1,1,False,-1
6412,TRIPLE,1,1,1,False,-1
6413,DOUBLE,1,1,0,False,-1
6414,DOUBLE,1,1,0,False,-1
6415,TRIPLE,1,1,1,False,-1
6416,DOUBLE,1,1,0,False,-1
6417,TRIPLE,1,1,1,False,-1
6418,SINGLE,1,0,0,False,-1
6419,TRIPLE,1,1,1,False,-1
6420,DOUBLE,1,1,0,False,-1
6421,TRIPLE,1,1,1,False,-1
6422,TRIPLE,1,1,1,False,-1
6423,TRIPLE,1,1,1,False,-1
6424,SINGLE,1,0,0,False,-1
6425,DOUBLE,1,1,0,False,-1
6426,DOUBLE,1,1,0,False,-1
6427,SINGLE,1,0,0,False,-1
6428,DOUBLE,1,1,0,False,-1
6429,TRIPLE,1,1,1,False,-1
6430,DOUBLE,1,1,0,False,-1
6431,DOUBLE,1,1,0,False,-1
6432,DOUBLE,1,1,0,False,-1
6433,TRIPLE,1,1,1,False,-1
6434,TRIPLE,1,1,1,False,-1
6435,TRIPLE,1,1,1,False,-1
6436,DOUBLE,1,1,0,False,-1
6437,SINGLE,1,0,0,False,-1
6438,TRIPLE,1,1,1,False,-1
6439,TRIPLE,1,1,1,False,-1
6440,SINGLE,1,0,0,False,-1
6441,SINGLE,1,0,0,False,-1
6442,TRIPLE,1,1,1,False,-1
6443,SINGLE,1,0,0,False,-1
6444,TRIPLE,1,1,1,False,-1
6445,TRIPLE,1,1,1,False,-1
6446,SINGLE,1,0,0,False,-1
6447,TRIPLE,1,1,1,False,-1
6448,TRIPLE,1,1,1,False,-1
6449,DOUBLE,1,1,0,False,-1
6450,DOUBLE,1,1,0,False,-1
6451,TRIPLE,1,1,1,False,-1
6452,DOUBLE,1,1,0,False,-1
6453,TRIPLE,1,1,1,False,-1
6454,TRIPLE,1,1,1,False,-1
6455,TRIPLE,1,1,1,False,-1
6456,TRIPLE,1,1,1,False,-1
6457,TRIPLE,1,1,1,False,-1
6458,DOUBLE,1,1,0,False,-1
6459,DOUBLE,1,1,0,False,-1
6460,TRIPLE,1,1,1,False,-1
6461,TRIPLE,1,1,1,False,-1
6462,TRIPLE,1,1,1,False,-1
6463,SINGLE,1,0,0,False,-1
6464,TRIPLE,1,1,1,False,-1
6465,DOUBLE,1,1,0,False,-1
6466,DOUBLE,1,1,0,False,-1
6467,SINGLE,1,0,0,False,-1
6468,TRIPLE,1,1,1,False,-1
6469,TRIPLE,1,1,1,False,-1
6470,DOUBLE,1,1,0,False,-1
6471,DOUBLE,1,1,0,False,-1
6472,TRIPLE,1,1,1,False,-1
6473,TRIPLE,1,1,1,False,-1
6474,TRIPLE,1,1,1,False,-1
6475,DOUBLE,1,1,0,False,-1
6476,TRIPLE,1,1,1,False,-1
6477,SINGLE,1,0,0,False,-1
6478,TRIPLE,1,1,1,False,-1
6479,SINGLE,1,0,0,False,-1
6480,TRIPLE,1,1,1,False,-1
6481,DOUBLE,1,1,0,False,-1
6482,TRIPLE,1,1,1,False,-1
6483,TRIPLE,1,1,1,False,-1
6484,TRIPLE,1,1,1,False,-1
6485,DOUBLE,1,1,0,False,-1
6486,SINGLE,1,0,0,False,-1
6487,DOUBLE,1,1,0,False,-1
6488,SINGLE,1,0,0,False,-1
6489,TRIPLE,1,1,1,False,-1
6490,TRIPLE,1,1,1,False,-1
6491,DOUBLE,1,1,0,False,-1
6492,TRIPLE,1,1,1,False,-1
6493,TRIPLE,1,1,1,False,-1
6494,TRIPLE,1,1,1,False,-1
6495,SINGLE,1,0,0,False,-1
6496,TRIPLE,1,1,1,False,-1
6497,TRIPLE,1,1,1,False,-1
6498,DOUBLE,1,1,0,False,-1
6499,DOUBLE,1,1,0,False,-1
6500,SINGLE,1,0,0,False,-1
6501,DOUBLE,1,1,0,False,-1
6502,DOUBLE,1,1,0,False,-1
6503,TRIPLE,1,1,1,False,-1
6504,TRIPLE,1,1,1,False,-1
6505,TRIPLE,1,1,1,False,-1
6506,SINGLE,1,0,0,False,-1
6507,DOUBLE,1,1,0,False,-1
6508,DOUBLE,1,1,0,False,-1
6509,DOUBLE,1,1,0,False,-1
6510,DOUBLE,1,1,0,False,-1
6511,DOUBLE,1,1,0,False,-1
6512,TRIPLE,1,1,1,False,-1
6513,TRIPLE,1,1,1,False,-1
6514,DOUBLE,1,1,0,False,-1
6515,DOUBLE,1,1,0,False,-1
6516,TRIPLE,1,1,1,False,-1
6517,DOUBLE,1,1,0,False,-1
6518,TRIPLE,1,1,1,False,-1
6519,TRIPLE,1,1,1,False,-1
6520,TRIPLE,1,1,1,False,-1
6521,TRIPLE,1,1,1,False,-1
6522,SINGLE,1,0,0,False,-1
6523,TRIPLE,1,1,1,False,-1
6524,TRIPLE,1,1,1,False,-1
6525,DOUBLE,1,1,0,False,-1
6526,SINGLE,1,0,0,False,-1
6527,TRIPLE,1,1,1,False,-1
6528,DOUBLE,1,1,0,False,-1
6529,TRIPLE,1,1,1,False,-1
6530,TRIPLE,1,1,1,False,-1
6531,TRIPLE,1,1,1,False,-1
6532,DOUBLE,1,1,0,False,-1
6533,DOUBLE,1,1,0,False,-1
6534,TRIPLE,1,1,1,False,-1
6535,TRIPLE,1,1,1,False,-1
6536,TRIPLE,1,1,1,False,-1
6537,TRIPLE,1,1,1,False,-1
6538,TRIPLE,1,1,1,False,-1
6539,DOUBLE,1,1,0,False,-1
6540,DOUBLE,1,1,0,False,-1
6541,TRIPLE,1,1,1,False,-1
6542,SINGLE,1,0,0,False,-1
6543,DOUBLE,1,1,0,False,-1
6544,DOUBLE,1,1,0,False,-1
6545,TRIPLE,1,1,1,False,-1
6546,DOUBLE,1,1,0,False,-1
6547,DOUBLE,1,1,0,False,-1
6548,SINGLE,1,0,0,False,-1
6549,DOUBLE,1,1,0,False,-1
6550,SINGLE,1,0,0,False,-1
6551,SINGLE,1,0,0,False,-1
6552,TRIPLE,1,1,1,False,-1
6553,SINGLE,1,0,0,False,-1
6554,TRIPLE,1,1,1,False,-1
6555,TRIPLE,1,1,1,False,-1
6556,DOUBLE,1,1,0,False,-1
6557,TRIPLE,1,1,1,False,-1
6558,DOUBLE,1,1,0,False,-1
6559,DOUBLE,1,1,0,False,-1
6560,TRIPLE,1,1,1,False,-1
6561,TRIPLE,1,1,1,False,-1
6562,TRIPLE,1,1,1,False,-1
6563,DOUBLE,1,1,0,False,-1
6564,TRIPLE,1,1,1,False,-1
6565,DOUBLE,1,1,0,False,-1
6566,SINGLE,1,0,0,False,-1
6567,TRIPLE,1,1,1,False,-1
6568,SINGLE,1,0,0,False,-1
6569,TRIPLE,1,1,1,False,-1
6570,DOUBLE,1,1,0,False,-1
6571,TRIPLE,1,1,1,False,-1
6572,TRIPLE,1,1,1,False,-1
6573,SINGLE,1,0,0,False,-1
6574,SINGLE,1,0,0,False,-1
6575,TRIPLE,1,1,1,False,-1
6576,SINGLE,1,0,0,False,-1
6577,TRIPLE,1,1,1,False,-1
6578,TRIPLE,1,1,1,False,-1
6579,TRIPLE,1,1,1,False,-1
6580,DOUBLE,1,1,0,False,-1
6581,TRIPLE,1,1,1,False,-1
6582,SINGLE,1,0,0,False,-1
6583,TRIPLE,1,1,1,False,-1
6584,DOUBLE,1,1,0,False,-1
6585,TRIPLE,1,1,1,False,-1
6586,TRIPLE,1,1,1,False,-1
6587,TRIPLE,1,1,1,False,-1
6588,DOUBLE,1,1,0,False,-1
6589,TRIPLE,1,1,1,False,-1
6590,TRIPLE,1,1,1,False,-1
6591,TRIPLE,1,1,1,False,-1
6592,DOUBLE,1,1,0,False,-1
6593,DOUBLE,1,1,0,False,-1
6594,TRIPLE,1,1,1,False,-1
6595,DOUBLE,1,1,0,False,-1
6596,TRIPLE,1,1,1,False,-1
6597,TRIPLE,1,1,1,False,-1
6598,SINGLE,1,0,0,False,-1
6599,TRIPLE,1,1,1,False,-1
6600,DOUBLE,1,1,0,False,-1
6601,DOUBLE,1,1,0,False,-1
6602,DOUBLE,1,1,0,False,-1
6603,DOUBLE,1,1,0,False,-1
6604,TRIPLE,1,1,1,False,-1
6605,SINGLE,1,0,0,False,-1
6606,SINGLE,1,0,0,False,-1
6607,TRIPLE,1,1,1,False,-1
6608,TRIPLE,1,1,1,False,-1
6609,TRIPLE,1,1,1,False,-1
6610,SINGLE,1,0,0,False,-1
6611,DOUBLE,1,1,0,False,-1
6612,DOUBLE,1,1,0,False,-1
6613,TRIPLE,1,1,1,False,-1
6614,SINGLE,1,0,0,False,-1
6615,DOUBLE,1,1,0,False,-1
6616,DOUBLE,1,1,0,False,-1
6617,TRIPLE,1,1,1,False,-1
6618,TRIPLE,1,1,1,False,-1
6619,DOUBLE,1,1,0,False,-1
6620,TRIPLE,1,1,1,False,-1
6621,DOUBLE,1,1,0,False,-1
6622,TRIPLE,1,1,1,False,-1
6623,DOUBLE,1,1,0,False,-1
6624,TRIPLE,1,1,1,False,-1
6625,TRIPLE,1,1,1,False,-1
6626,DOUBLE,1,1,0,False,-1
6627,TRIPLE,1,1,1,False,-1
6628,TRIPLE,1,1,1,False,-1
6629,TRIPLE,1,1,1,False,-1
6630,TRIPLE,1,1,1,False,-1
6631,TRIPLE,1,1,1,False,-1
6632,SINGLE,1,0,0,False,-1
6633,TRIPLE,1,1,1,False,-1
6634,TRIPLE,1,1,1,False,-1
6635,SINGLE,1,0,0,False,-1
6636,DOUBLE,1,1,0,False,-1
6637,TRIPLE,1,1,1,False,-1
6638,DOUBLE,1,1,0,False,-1
6639,SINGLE,1,0,0,False,-1
6640,TRIPLE,1,1,1,False,-1
6641,TRIPLE,1,1,1,False,-1
6642,DOUBLE,1,1,0,False,-1
6643,TRIPLE,1,1,1,False,-1
6644,TRIPLE,1,1,1,False,-1
6645,TRIPLE,1,1,1,False,-1
6646,TRIPLE,1,1,1,False,-1
6647,SINGLE,1,0,0,False,-1
6648,TRIPLE,1,1,1,False,-1
6649,TRIPLE,1,1,1,False,-1
6650,TRIPLE,1,1,1,False,-1
6651,TRIPLE,1,1,1,False,-1
6652,SINGLE,1,0,0,False,-1
6653,TRIPLE,1,1,1,False,-1
6654,DOUBLE,1,1,0,False,-1
6655,TRIPLE,1,1,1,False,-1
6656,TRIPLE,1,1,1,False,-1
6657,TRIPLE,1,1,1,False,-1
6658,TRIPLE,1,1,1,False,-1
6659,TRIPLE,1,1,1,False,-1
6660,TRIPLE,1,1,1,False,-1
6661,TRIPLE,1,1,1,False,-1
6662,DOUBLE,1,1,0,False,-1
6663,TRIPLE,1,1,1,False,-1
6664,DOUBLE,1,1,0,False,-1
6665,TRIPLE,1,1,1,False,-1
6666,DOUBLE,1,1,0,False,-1
6667,DOUBLE,1,1,0,False,-1
6668,TRIPLE,1,1,1,False,-1
6669,TRIPLE,1,1,1,False,-1
6670,TRIPLE,1,1,1,False,-1
6671,TRIPLE,1,1,1,False,-1
6672,SINGLE,1,0,0,False,-1
6673,DOUBLE,1,1,0,False,-1
6674,TRIPLE,1,1,1,False,-1
6675,DOUBLE,1,1,0,False,-1
6676,TRIPLE,1,1,1,False,-1
6677,TRIPLE,1,1,1,False,-1
6678,TRIPLE,1,1,1,False,-1
6679,TRIPLE,1,1,1,False,-1
6680,SINGLE,1,0,0,False,-1
6681,TRIPLE,1,1,1,False,-1
6682,DOUBLE,1,1,0,False,-1
6683,DOUBLE,1,1,0,False,-1
6684,TRIPLE,1,1,1,False,-1
6685,TRIPLE,1,1,1,False,-1
6686,TRIPLE,1,1,1,False,-1
6687,TRIPLE,1,1,1,False,-1
6688,DOUBLE,1,1,0,False,-1
6689,DOUBLE,1,1,0,False,-1
6690,TRIPLE,1,1,1,False,-1
6691,TRIPLE,1,1,1,False,-1
6692,DOUBLE,1,1,0,False,-1
6693,DOUBLE,1,1,0,False,-1
6694,TRIPLE,1,1,1,False,-1
6695,TRIPLE,1,1,1,False,-1
6696,DOUBLE,1,1,0,False,-1
6697,TRIPLE,1,1,1,False,-1
6698,SINGLE,1,0,0,False,-1
6699,TRIPLE,1,1,1,False,-1
6700,TRIPLE,1,1,1,False,-1
6701,DOUBLE,1,1,0,False,-1
6702,TRIPLE,1,1,1,False,-1
6703,TRIPLE,1,1,1,False,-1
6704,SINGLE,1,0,0,False,-1
6705,DOUBLE,1,1,0,False,-1
6706,DOUBLE,1,1,0,False,-1
6707,TRIPLE,1,1,1,False,-1
6708,SINGLE,1,0,0,False,-1
6709,DOUBLE,1,1,0,False,-1
6710,TRIPLE,1,1,1,False,-1
6711,TRIPLE,1,1,1,False,-1
6712,SINGLE,1,0,0,False,-1
6713,DOUBLE,1,1,0,False,-1
6714,DOUBLE,1,1,0,False,-1
6715,TRIPLE,1,1,1,False,-1
6716,SINGLE,1,0,0,False,-1
6717,TRIPLE,1,1,1,False,-1
6718,TRIPLE,1,1,1,False,-1
6719,TRIPLE,1,1,1,False,-1
6720,DOUBLE,1,1,0,False,-1
6721,TRIPLE,1,1,1,False,-1
6722,TRIPLE,1,1,1,False,-1
6723,TRIPLE,1,1,1,False,-1
6724,SINGLE,1,0,0,False,-1
6725,TRIPLE,1,1,1,False,-1
6726,TRIPLE,1,1,1,False,-1
6727,DOUBLE,1,1,0,False,-1
6728,TRIPLE,1,1,1,False,-1
6729,DOUBLE,1,1,0,False,-1
6730,SINGLE,1,0,0,False,-1
6731,DOUBLE,1,1,0,False,-1
6732,DOUBLE,1,1,0,False,-1
6733,TRIPLE,1,1,1,False,-1
6734,TRIPLE,1,1,1,False,-1
6735,DOUBLE,1,1,0,False,-1
6736,DOUBLE,1,1,0,False,-1
6737,DOUBLE,1,1,0,False,-1
6738,DOUBLE,1,1,0,False,-1
6739,TRIPLE,1,1,1,False,-1
6740,SINGLE,1,0,0,False,-1
6741,DOUBLE,1,1,0,False,-1
6742,TRIPLE,1,1,1,False,-1
6743,TRIPLE,1,1,1,False,-1
6744,TRIPLE,1,1,1,False,-1
6745,DOUBLE,1,1,0,False,-1
6746,TRIPLE,1,1,1,False,-1
6747,TRIPLE,1,1,1,False,-1
6748,TRIPLE,1,1,1,False,-1
6749,TRIPLE,1,1,1,False,-1
6750,DOUBLE,1,1,0,False,-1
6751,SINGLE,1,0,0,False,-1
6752,SINGLE,1,0,0,False,-1
6753,TRIPLE,1,1,1,False,-1
6754,TRIPLE,1,1,1,False,-1
6755,TRIPLE,1,1,1,False,-1
6756,SINGLE,1,0,0,False,-1
6757,TRIPLE,1,1,1,False,-1
6758,TRIPLE,1,1,1,False,-1
6759,DOUBLE,1,1,0,False,-1
6760,SINGLE,1,0,0,False,-1
6761,DOUBLE,1,1,0,False,-1
6762,TRIPLE,1,1,1,False,-1
6763,DOUBLE,1,1,0,False,-1
6764,DOUBLE,1,1,0,False,-1
6765,TRIPLE,1,1,1,False,-1
6766,TRIPLE,1,1,1,False,-1
6767,DOUBLE,1,1,0,False,-1
6768,TRIPLE,1,1,1,False,-1
6769,TRIPLE,1,1,1,False,-1
6770,SINGLE,1,0,0,False,-1
6771,TRIPLE,1,1,1,False,-1
6772,TRIPLE,1,1,1,False,-1
6773,DOUBLE,1,1,0,False,-1
6774,TRIPLE,1,1,1,False,-1
6775,TRIPLE,1,1,1,False,-1
6776,TRIPLE,1,1,1,False,-1
6777,TRIPLE,1,1,1,False,-1
6778,SINGLE,1,0,0,False,-1
6779,DOUBLE,1,1,0,False,-1
6780,SINGLE,1,0,0,False,-1
6781,TRIPLE,1,1,1,False,-1
6782,TRIPLE,1,1,1,False,-1
6783,DOUBLE,1,1,0,False,-1
6784,DOUBLE,1,1,0,False,-1
6785,SINGLE,1,0,0,False,-1
6786,DOUBLE,1,1,0,False,-1
6787,TRIPLE,1,1,1,False,-1
6788,TRIPLE,1,1,1,False,-1
6789,TRIPLE,1,1,1,False,-1
6790,DOUBLE,1,1,0,False,-1
6791,DOUBLE,1,1,0,False,-1
6792,TRIPLE,1,1,1,False,-1
6793,DOUBLE,1,1,0,False,-1
6794,TRIPLE,1,1,1,False,-1
6795,DOUBLE,1,1,0,False,-1
6796,DOUBLE,1,1,0,False,-1
6797,DOUBLE,1,1,0,False,-1
6798,TRIPLE,1,1,1,False,-1
6799,TRIPLE,1,1,1,False,-1
6800,SINGLE,1,0,0,False,-1
6801,SINGLE,1,0,0,False,-1
6802,TRIPLE,1,1,1,False,-1
6803,SINGLE,1,0,0,False,-1
6804,TRIPLE,1,1,1,False,-1
6805,TRIPLE,1,1,1,False,-1
6806,TRIPLE,1,1,1,False,-1
6807,TRIPLE,1,1,1,False,-1
6808,TRIPLE,1,1,1,False,-1
6809,TRIPLE,1,1,1,False,-1
6810,TRIPLE,1,1,1,False,-1
6811,TRIPLE,1,1,1,False,-1
6812,TRIPLE,1,1,1,False,-1
6813,DOUBLE,1,1,0,False,-1
6814,SINGLE,1,0,0,False,-1
6815,SINGLE,1,0,0,False,-1
6816,TRIPLE,1,1,1,False,-1
6817,TRIPLE,1,1,1,False,-1
6818,SINGLE,1,0,0,False,-1
6819,TRIPLE,1,1,1,False,-1
6820,TRIPLE,1,1,1,False,-1
6821,SINGLE,1,0,0,False,-1
6822,TRIPLE,1,1,1,False,-1
6823,DOUBLE,1,1,0,False,-1
6824,DOUBLE,1,1,0,False,-1
6825,TRIPLE,1,1,1,False,-1
6826,TRIPLE,1,1,1,False,-1
6827,TRIPLE,1,1,1,False,-1
6828,TRIPLE,1,1,1,False,-1
6829,TRIPLE,1,1,1,False,-1
6830,TRIPLE,1,1,1,False,-1
6831,TRIPLE,1,1,1,False,-1
6832,SINGLE,1,0,0,False,-1
6833,TRIPLE,1,1,1,False,-1
6834,SINGLE,1,0,0,False,-1
6835,TRIPLE,1,1,1,False,-1
6836,TRIPLE,1,1,1,False,-1
6837,TRIPLE,1,1,1,False,-1
6838,TRIPLE,1,1,1,False,-1
6839,SINGLE,1,0,0,False,-1
6840,SINGLE,1,0,0,False,-1
6841,DOUBLE,1,1,0,False,-1
6842,DOUBLE,1,1,0,False,-1
6843,TRIPLE,1,1,1,False,-1
6844,TRIPLE,1,1,1,False,-1
6845,TRIPLE,1,1,1,False,-1
6846,TRIPLE,1,1,1,False,-1
6847,DOUBLE,1,1,0,False,-1
6848,SINGLE,1,0,0,False,-1
6849,DOUBLE,1,1,0,False,-1
6850,TRIPLE,1,1,1,False,-1
6851,TRIPLE,1,1,1,False,-1
6852,TRIPLE,1,1,1,False,-1
6853,DOUBLE,1,1,0,False,-1
6854,TRIPLE,1,1,1,False,-1
6855,TRIPLE,1,1,1,False,-1
6856,TRIPLE,1,1,1,False,-1
6857,DOUBLE,1,1,0,False,-1
6858,DOUBLE,1,1,0,False,-1
6859,DOUBLE,1,1,0,False,-1
6860,TRIPLE,1,1,1,False,-1
6861,TRIPLE,1,1,1,False,-1
6862,TRIPLE,1,1,1,False,-1
6863,TRIPLE,1,1,1,False,-1
6864,TRIPLE,1,1,1,False,-1
6865,TRIPLE,1,1,1,False,-1
6866,TRIPLE,1,1,1,False,-1
6867,TRIPLE,1,1,1,False,-1
6868,TRIPLE,1,1,1,False,-1
6869,DOUBLE,1,1,0,False,-1
6870,DOUBLE,1,1,0,False,-1
6871,TRIPLE,1,1,1,False,-1
6872,TRIPLE,1,1,1,False,-1
6873,DOUBLE,1,1,0,False,-1
6874,DOUBLE,1,1,0,False,-1
6875,SINGLE,1,0,0,False,-1
6876,DOUBLE,1,1,0,False,-1
6877,TRIPLE,1,1,1,False,-1
6878,DOUBLE,1,1,0,False,-1
6879,TRIPLE,1,1,1,False,-1
6880,DOUBLE,1,1,0,False,-1
6881,DOUBLE,1,1,0,False,-1
6882,DOUBLE,1,1,0,False,-1
6883,SINGLE,1,0,0,False,-1
6884,TRIPLE,1,1,1,False,-1
6885,DOUBLE,1,1,0,False,-1
6886,TRIPLE,1,1,1,False,-1
6887,DOUBLE,1,1,0,False,-1
6888,DOUBLE,1,1,0,False,-1
6889,DOUBLE,1,1,0,False,-1
6890,TRIPLE,1,1,1,False,-1
6891,TRIPLE,1,1,1,False,-1
6892,DOUBLE,1,1,0,False,-1
6893,DOUBLE,1,1,0,False,-1
6894,DOUBLE,1,1,0,False,-1
6895,DOUBLE,1,1,0,False,-1
6896,TRIPLE,1,1,1,False,-1
6897,TRIPLE,1,1,1,False,-1
6898,DOUBLE,1,1,0,False,-1
6899,TRIPLE,1,1,1,False,-1
6900,TRIPLE,1,1,1,False,-1
6901,TRIPLE,1,1,1,False,-1
6902,SINGLE,1,0,0,False,-1
6903,DOUBLE,1,1,0,False,-1
6904,TRIPLE,1,1,1,False,-1
6905,TRIPLE,1,1,1,False,-1
6906,TRIPLE,1,1,1,False,-1
6907,SINGLE,1,0,0,False,-1
6908,TRIPLE,1,1,1,False,-1
6909,TRIPLE,1,1,1,False,-1
6910,SINGLE,1,0,0,False,-1
6911,TRIPLE,1,1,1,False,-1
6912,TRIPLE,1,1,1,False,-1
6913,TRIPLE,1,1,1,False,-1
6914,TRIPLE,1,1,1,False,-1
6915,TRIPLE,1,1,1,False,-1
6916,TRIPLE,1,1,1,False,-1
6917,TRIPLE,1,1,1,False,-1
6918,SINGLE,1,0,0,False,-1
6919,TRIPLE,1,1,1,False,-1
6920,DOUBLE,1,1,0,False,-1
6921,TRIPLE,1,1,1,False,-1
6922,TRIPLE,1,1,1,False,-1
6923,SINGLE,1,0,0,False,-1
6924,TRIPLE,1,1,1,False,-1
6925,TRIPLE,1,1,1,False,-1
6926,TRIPLE,1,1,1,False,-1
6927,DOUBLE,1,1,0,False,-1
6928,SINGLE,1,0,0,False,-1
6929,TRIPLE,1,1,1,False,-1
6930,TRIPLE,1,1,1,False,-1
6931,TRIPLE,1,1,1,False,-1
6932,TRIPLE,1,1,1,False,-1
6933,TRIPLE,1,1,1,False,-1
6934,DOUBLE,1,1,0,False,-1
6935,TRIPLE,1,1,1,False,-1
6936,TRIPLE,1,1,1,False,-1
6937,TRIPLE,1,1,1,False,-1
6938,TRIPLE,1,1,1,False,-1
6939,TRIPLE,1,1,1,False,-1
6940,TRIPLE,1,1,1,False,-1
6941,TRIPLE,1,1,1,False,-1
6942,DOUBLE,1,1,0,False,-1
6943,TRIPLE,1,1,1,False,-1
6944,DOUBLE,1,1,0,False,-1
6945,TRIPLE,1,1,1,False,-1
6946,TRIPLE,1,1,1,False,-1
6947,DOUBLE,1,1,0,False,-1
6948,TRIPLE,1,1,1,False,-1
6949,DOUBLE,1,1,0,False,-1
6950,DOUBLE,1,1,0,False,-1
6951,TRIPLE,1,1,1,False,-1
6952,TRIPLE,1,1,1,False,-1
6953,TRIPLE,1,1,1,False,-1
6954,TRIPLE,1,1,1,False,-1
6955,TRIPLE,1,1,1,False,-1
6956,TRIPLE,1,1,1,False,-1
6957,SINGLE,1,0,0,False,-1
6958,TRIPLE,1,1,1,False,-1
6959,DOUBLE,1,1,0,False,-1
6960,TRIPLE,1,1,1,False,-1
6961,SINGLE,1,0,0,False,-1
6962,TRIPLE,1,1,1,False,-1
6963,TRIPLE,1,1,1,False,-1
6964,TRIPLE,1,1,1,False,-1
6965,TRIPLE,1,1,1,False,-1
6966,DOUBLE,1,1,0,False,-1
6967,DOUBLE,1,1,0,False,-1
6968,DOUBLE,1,1,0,False,-1
6969,TRIPLE,1,1,1,False,-1
6970,TRIPLE,1,1,1,False,-1
6971,TRIPLE,1,1,1,False,-1
6972,SINGLE,1,0,0,False,-1
6973,TRIPLE,1,1,1,False,-1
6974,TRIPLE,1,1,1,False,-1
6975,SINGLE,1,0,0,False,-1
6976,TRIPLE,1,1,1,False,-1
6977,DOUBLE,1,1,0,False,-1
6978,TRIPLE,1,1,1,False,-1
6979,TRIPLE,1,1,1,False,-1
6980,TRIPLE,1,1,1,False,-1
6981,DOUBLE,1,1,0,False,-1
6982,TRIPLE,1,1,1,False,-1
6983,DOUBLE,1,1,0,False,-1
6984,TRIPLE,1,1,1,False,-1
6985,TRIPLE,1,1,1,False,-1
6986,DOUBLE,1,1,0,False,-1
6987,TRIPLE,1,1,1,False,-1
6988,DOUBLE,1,1,0,False,-1
6989,DOUBLE,1,1,0,False,-1
6990,TRIPLE,1,1,1,False,-1
6991,DOUBLE,1,1,0,False,-1
6992,TRIPLE,1,1,1,False,-1
6993,DOUBLE,1,1,0,False,-1
6994,SINGLE,1,0,0,False,-1
6995,TRIPLE,1,1,1,False,-1
6996,DOUBLE,1,1,0,False,-1
6997,TRIPLE,1,1,1,False,-1
6998,DOUBLE,1,1,0,False,-1
6999,DOUBLE,1,1,0,False,-1
7000,DOUBLE,1,1,0,False,-1
7001,DOUBLE,1,1,0,False,-1
7002,DOUBLE,1,1,0,False,-1
7003,TRIPLE,1,1,1,False,-1
7004,TRIPLE,1,1,1,False,-1
7005,TRIPLE,1,1,1,False,-1
7006,TRIPLE,1,1,1,False,-1
7007,TRIPLE,1,1,1,False,-1
7008,TRIPLE,1,1,1,False,-1
7009,DOUBLE,1,1,0,False,-1
7010,TRIPLE,1,1,1,False,-1
7011,TRIPLE,1,1,1,False,-1
7012,DOUBLE,1,1,0,False,-1
7013,TRIPLE,1,1,1,False,-1
7014,TRIPLE,1,1,1,False,-1
7015,TRIPLE,1,1,1,False,-1
7016,TRIPLE,1,1,1,False,-1
7017,TRIPLE,1,1,1,False,-1
7018,DOUBLE,1,1,0,False,-1
7019,TRIPLE,1,1,1,False,-1
7020,TRIPLE,1,1,1,False,-1
7021,TRIPLE,1,1,1,False,-1
7022,DOUBLE,1,1,0,False,-1
7023,TRIPLE,1,1,1,False,-1
7024,SINGLE,1,0,0,False,-1
7025,DOUBLE,1,1,0,False,-1
7026,TRIPLE,1,1,1,False,-1
7027,TRIPLE,1,1,1,False,-1
7028,TRIPLE,1,1,1,False,-1
7029,TRIPLE,1,1,1,False,-1
7030,TRIPLE,1,1,1,False,-1
7031,DOUBLE,1,1,0,False,-1
7032,TRIPLE,1,1,1,False,-1
7033,TRIPLE,1,1,1,False,-1
7034,TRIPLE,1,1,1,False,-1
7035,TRIPLE,1,1,1,False,-1
7036,TRIPLE,1,1,1,False,-1
7037,TRIPLE,1,1,1,False,-1
7038,TRIPLE,1,1,1,False,-1
7039,TRIPLE,1,1,1,False,-1
7040,TRIPLE,1,1,1,False,-1
7041,TRIPLE,1,1,1,False,-1
7042,TRIPLE,1,1,1,False,-1
7043,TRIPLE,1,1,1,False,-1
7044,TRIPLE,1,1,1,False,-1
7045,DOUBLE,1,1,0,False,-1
7046,DOUBLE,1,1,0,False,-1
7047,DOUBLE,1,1,0,False,-1
7048,TRIPLE,1,1,1,False,-1
7049,SINGLE,1,0,0,False,-1
7050,SINGLE,1,0,0,False,-1
7051,TRIPLE,1,1,1,False,-1
7052,TRIPLE,1,1,1,False,-1
7053,SINGLE,1,0,0,False,-1
7054,SINGLE,1,0,0,False,-1
7055,SINGLE,1,0,0,False,-1
7056,TRIPLE,1,1,1,False,-1
7057,SINGLE,1,0,0,False,-1
7058,TRIPLE,1,1,1,False,-1
7059,TRIPLE,1,1,1,False,-1
7060,TRIPLE,1,1,1,False,-1
7061,TRIPLE,1,1,1,False,-1
7062,TRIPLE,1,1,1,False,-1
7063,TRIPLE,1,1,1,False,-1
7064,TRIPLE,1,1,1,False,-1
7065,TRIPLE,1,1,1,False,-1
7066,TRIPLE,1,1,1,False,-1
7067,TRIPLE,1,1,1,False,-1
7068,DOUBLE,1,1,0,False,-1
7069,TRIPLE,1,1,1,False,-1
7070,TRIPLE,1,1,1,False,-1
7071,DOUBLE,1,1,0,False,-1
7072,DOUBLE,1,1,0,False,-1
7073,SINGLE,1,0,0,False,-1
7074,DOUBLE,1,1,0,False,-1
7075,TRIPLE,1,1,1,False,-1
7076,TRIPLE,1,1,1,False,-1
7077,TRIPLE,1,1,1,False,-1
7078,SINGLE,1,0,0,False,-1
7079,DOUBLE,1,1,0,False,-1
7080,DOUBLE,1,1,0,False,-1
7081,TRIPLE,1,1,1,False,-1
7082,DOUBLE,1,1,0,False,-1
7083,DOUBLE,1,1,0,False,-1
7084,SINGLE,1,0,0,False,-1
7085,TRIPLE,1,1,1,False,-1
7086,TRIPLE,1,1,1,False,-1
7087,TRIPLE,1,1,1,False,-1
7088,TRIPLE,1,1,1,False,-1
7089,DOUBLE,1,1,0,False,-1
7090,DOUBLE,1,1,0,False,-1
7091,DOUBLE,1,1,0,False,-1
7092,SINGLE,1,0,0,False,-1
7093,DOUBLE,1,1,0,False,-1
7094,TRIPLE,1,1,1,False,-1
7095,TRIPLE,1,1,1,False,-1
7096,TRIPLE,1,1,1,False,-1
7097,SINGLE,1,0,0,False,-1
7098,DOUBLE,1,1,0,False,-1
7099,TRIPLE,1,1,1,False,-1
7100,SINGLE,1,0,0,False,-1
7101,TRIPLE,1,1,1,False,-1
7102,TRIPLE,1,1,1,False,-1
7103,TRIPLE,1,1,1,False,-1
7104,TRIPLE,1,1,1,False,-1
7105,SINGLE,1,0,0,False,-1
7106,DOUBLE,1,1,0,False,-1
7107,SINGLE,1,0,0,False,-1
7108,DOUBLE,1,1,0,False,-1
7109,TRIPLE,1,1,1,False,-1
7110,DOUBLE,1,1,0,False,-1
7111,TRIPLE,1,1,1,False,-1
7112,TRIPLE,1,1,1,False,-1
7113,SINGLE,1,0,0,False,-1
7114,SINGLE,1,0,0,False,-1
7115,DOUBLE,1,1,0,False,-1
7116,DOUBLE,1,1,0,False,-1
7117,DOUBLE,1,1,0,False,-1
7118,TRIPLE,1,1,1,False,-1
7119,TRIPLE,1,1,1,False,-1
7120,TRIPLE,1,1,1,False,-1
7121,TRIPLE,1,1,1,False,-1
7122,TRIPLE,1,1,1,False,-1
7123,DOUBLE,1,1,0,False,-1
7124,DOUBLE,1,1,0,False,-1
7125,DOUBLE,1,1,0,False,-1
7126,TRIPLE,1,1,1,False,-1
7127,TRIPLE,1,1,1,False,-1
7128,SINGLE,1,0,0,False,-1
7129,TRIPLE,1,1,1,False,-1
7130,SINGLE,1,0,0,False,-1
7131,DOUBLE,1,1,0,False,-1
7132,DOUBLE,1,1,0,False,-1
7133,DOUBLE,1,1,0,False,-1
7134,DOUBLE,1,1,0,False,-1
7135,DOUBLE,1,1,0,False,-1
7136,TRIPLE,1,1,1,False,-1
7137,TRIPLE,1,1,1,False,-1
7138,TRIPLE,1,1,1,False,-1
7139,DOUBLE,1,1,0,False,-1
7140,DOUBLE,1,1,0,False,-1
7141,TRIPLE,1,1,1,False,-1
7142,SINGLE,1,0,0,False,-1
7143,DOUBLE,1,1,0,False,-1
7144,TRIPLE,1,1,1,False,-1
7145,TRIPLE,1,1,1,False,-1
7146,TRIPLE,1,1,1,False,-1
7147,DOUBLE,1,1,0,False,-1
7148,TRIPLE,1,1,1,False,-1
7149,TRIPLE,1,1,1,False,-1
7150,TRIPLE,1,1,1,False,-1
7151,TRIPLE,1,1,1,False,-1
7152,TRIPLE,1,1,1,False,-1
7153,DOUBLE,1,1,0,False,-1
7154,SINGLE,1,0,0,False,-1
7155,TRIPLE,1,1,1,False,-1
7156,TRIPLE,1,1,1,False,-1
7157,TRIPLE,1,1,1,False,-1
7158,TRIPLE,1,1,1,False,-1
7159,TRIPLE,1,1,1,False,-1
7160,TRIPLE,1,1,1,False,-1
7161,TRIPLE,1,1,1,False,-1
7162,TRIPLE,1,1,1,False,-1
7163,TRIPLE,1,1,1,False,-1
7164,TRIPLE,1,1,1,False,-1
7165,TRIPLE,1,1,1,False,-1
7166,TRIPLE,1,1,1,False,-1
7167,DOUBLE,1,1,0,False,-1
7168,TRIPLE,1,1,1,False,-1
7169,DOUBLE,1,1,0,False,-1
7170,SINGLE,1,0,0,False,-1
7171,TRIPLE,1,1,1,False,-1
7172,TRIPLE,1,1,1,False,-1
7173,TRIPLE,1,1,1,False,-1
7174,SINGLE,1,0,0,False,-1
7175,DOUBLE,1,1,0,False,-1
7176,SINGLE,1,0,0,False,-1
7177,TRIPLE,1,1,1,False,-1
7178,TRIPLE,1,1,1,False,-1
7179,SINGLE,1,0,0,False,-1
7180,TRIPLE,1,1,1,False,-1
7181,DOUBLE,1,1,0,False,-1
7182,TRIPLE,1,1,1,False,-1
7183,TRIPLE,1,1,1,False,-1
7184,DOUBLE,1,1,0,False,-1
7185,TRIPLE,1,1,1,False,-1
7186,DOUBLE,1,1,0,False,-1
7187,SINGLE,1,0,0,False,-1
7188,DOUBLE,1,1,0,False,-1
7189,TRIPLE,1,1,1,False,-1
7190,TRIPLE,1,1,1,False,-1
7191,TRIPLE,1,1,1,False,-1
7192,TRIPLE,1,1,1,False,-1
7193,DOUBLE,1,1,0,False,-1
7194,TRIPLE,1,1,1,False,-1
7195,TRIPLE,1,1,1,False,-1
7196,TRIPLE,1,1,1,False,-1
7197,TRIPLE,1,1,1,False,-1
7198,DOUBLE,1,1,0,False,-1
7199,TRIPLE,1,1,1,False,-1
7200,TRIPLE,1,1,1,False,-1
7201,TRIPLE,1,1,1,False,-1
7202,TRIPLE,1,1,1,False,-1
7203,TRIPLE,1,1,1,False,-1
7204,TRIPLE,1,1,1,False,-1
7205,SINGLE,1,0,0,False,-1
7206,TRIPLE,1,1,1,False,-1
7207,TRIPLE,1,1,1,False,-1
7208,TRIPLE,1,1,1,False,-1
7209,TRIPLE,1,1,1,False,-1
7210,DOUBLE,1,1,0,False,-1
7211,SINGLE,1,0,0,False,-1
7212,SINGLE,1,0,0,False,-1
7213,TRIPLE,1,1,1,False,-1
7214,TRIPLE,1,1,1,False,-1
7215,DOUBLE,1,1,0,False,-1
7216,DOUBLE,1,1,0,False,-1
7217,TRIPLE,1,1,1,False,-1
7218,TRIPLE,1,1,1,False,-1
7219,TRIPLE,1,1,1,False,-1
7220,TRIPLE,1,1,1,False,-1
7221,TRIPLE,1,1,1,False,-1
7222,DOUBLE,1,1,0,False,-1
7223,TRIPLE,1,1,1,False,-1
7224,SINGLE,1,0,0,False,-1
7225,TRIPLE,1,1,1,False,-1
7226,DOUBLE,1,1,0,False,-1
7227,SINGLE,1,0,0,False,-1
7228,TRIPLE,1,1,1,False,-1
7229,TRIPLE,1,1,1,False,-1
7230,TRIPLE,1,1,1,False,-1
7231,DOUBLE,1,1,0,False,-1
7232,DOUBLE,1,1,0,False,-1
7233,DOUBLE,1,1,0,False,-1
7234,TRIPLE,1,1,1,False,-1
7235,TRIPLE,1,1,1,False,-1
7236,TRIPLE,1,1,1,False,-1
7237,TRIPLE,1,1,1,False,-1
7238,TRIPLE,1,1,1,False,-1
7239,TRIPLE,1,1,1,False,-1
7240,TRIPLE,1,1,1,False,-1
7241,TRIPLE,1,1,1,False,-1
7242,TRIPLE,1,1,1,False,-1
7243,SINGLE,1,0,0,False,-1
7244,TRIPLE,1,1,1,False,-1
7245,TRIPLE,1,1,1,False,-1
7246,TRIPLE,1,1,1,False,-1
7247,TRIPLE,1,1,1,False,-1
7248,TRIPLE,1,1,1,False,-1
7249,DOUBLE,1,1,0,False,-1
7250,TRIPLE,1,1,1,False,-1
7251,DOUBLE,1,1,0,False,-1
7252,SINGLE,1,0,0,False,-1
7253,DOUBLE,1,1,0,False,-1
7254,DOUBLE,1,1,0,False,-1
7255,TRIPLE,1,1,1,False,-1
7256,TRIPLE,1,1,1,False,-1
7257,DOUBLE,1,1,0,False,-1
7258,SINGLE,1,0,0,False,-1
7259,SINGLE,1,0,0,False,-1
7260,SINGLE,1,0,0,False,-1
7261,TRIPLE,1,1,1,False,-1
7262,TRIPLE,1,1,1,False,-1
7263,DOUBLE,1,1,0,False,-1
7264,TRIPLE,1,1,1,False,-1
7265,TRIPLE,1,1,1,False,-1
7266,TRIPLE,1,1,1,False,-1
7267,SINGLE,1,0,0,False,-1
7268,TRIPLE,1,1,1,False,-1
7269,TRIPLE,1,1,1,False,-1
7270,TRIPLE,1,1,1,False,-1
7271,SINGLE,1,0,0,False,-1
7272,TRIPLE,1,1,1,False,-1
7273,TRIPLE,1,1,1,False,-1
7274,SINGLE,1,0,0,False,-1
7275,DOUBLE,1,1,0,False,-1
7276,SINGLE,1,0,0,False,-1
7277,TRIPLE,1,1,1,False,-1
7278,TRIPLE,1,1,1,False,-1
7279,TRIPLE,1,1,1,False,-1
7280,DOUBLE,1,1,0,False,-1
7281,SINGLE,1,0,0,False,-1
7282,TRIPLE,1,1,1,False,-1
7283,TRIPLE,1,1,1,False,-1
7284,TRIPLE,1,1,1,False,-1
7285,TRIPLE,1,1,1,False,-1
7286,TRIPLE,1,1,1,False,-1
7287,SINGLE,1,0,0,False,-1
7288,TRIPLE,1,1,1,False,-1
7289,TRIPLE,1,1,1,False,-1
7290,TRIPLE,1,1,1,False,-1
7291,SINGLE,1,0,0,False,-1
7292,DOUBLE,1,1,0,False,-1
7293,TRIPLE,1,1,1,False,-1
7294,TRIPLE,1,1,1,False,-1
7295,SINGLE,1,0,0,False,-1
7296,SINGLE,1,0,0,False,-1
7297,TRIPLE,1,1,1,False,-1
7298,TRIPLE,1,1,1,False,-1
7299,TRIPLE,1,1,1,False,-1
7300,DOUBLE,1,1,0,False,-1
7301,TRIPLE,1,1,1,False,-1
7302,SINGLE,1,0,0,False,-1
7303,TRIPLE,1,1,1,False,-1
7304,SINGLE,1,0,0,False,-1
7305,TRIPLE,1,1,1,False,-1
7306,TRIPLE,1,1,1,False,-1
7307,TRIPLE,1,1,1,False,-1
7308,TRIPLE,1,1,1,False,-1
7309,SINGLE,1,0,0,False,-1
7310,DOUBLE,1,1,0,False,-1
7311,DOUBLE,1,1,0,False,-1
7312,TRIPLE,1,1,1,False,-1
7313,DOUBLE,1,1,0,False,-1
7314,DOUBLE,1,1,0,False,-1
7315,TRIPLE,1,1,1,False,-1
7316,SINGLE,1,0,0,False,-1
7317,TRIPLE,1,1,1,False,-1
7318,DOUBLE,1,1,0,False,-1
7319,TRIPLE,1,1,1,False,-1
7320,SINGLE,1,0,0,False,-1
7321,SINGLE,1,0,0,False,-1
7322,TRIPLE,1,1,1,False,-1
7323,TRIPLE,1,1,1,False,-1
7324,TRIPLE,1,1,1,False,-1
7325,TRIPLE,1,1,1,False,-1
7326,DOUBLE,1,1,0,False,-1
7327,TRIPLE,1,1,1,False,-1
7328,TRIPLE,1,1,1,False,-1
7329,DOUBLE,1,1,0,False,-1
7330,DOUBLE,1,1,0,False,-1
7331,TRIPLE,1,1,1,False,-1
7332,DOUBLE,1,1,0,False,-1
7333,DOUBLE,1,1,0,False,-1
7334,TRIPLE,1,1,1,False,-1
7335,TRIPLE,1,1,1,False,-1
7336,DOUBLE,1,1,0,False,-1
7337,DOUBLE,1,1,0,False,-1
7338,TRIPLE,1,1,1,False,-1
7339,TRIPLE,1,1,1,False,-1
7340,TRIPLE,1,1,1,False,-1
7341,DOUBLE,1,1,0,False,-1
7342,TRIPLE,1,1,1,False,-1
7343,DOUBLE,1,1,0,False,-1
7344,TRIPLE,1,1,1,False,-1
7345,DOUBLE,1,1,0,False,-1
7346,TRIPLE,1,1,1,False,-1
7347,TRIPLE,1,1,1,False,-1
7348,DOUBLE,1,1,0,False,-1
7349,TRIPLE,1,1,1,False,-1
7350,TRIPLE,1,1,1,False,-1
7351,TRIPLE,1,1,1,False,-1
7352,TRIPLE,1,1,1,False,-1
7353,DOUBLE,1,1,0,False,-1
7354,SINGLE,1,0,0,False,-1
7355,SINGLE,1,0,0,False,-1
7356,TRIPLE,1,1,1,False,-1
7357,TRIPLE,1,1,1,False,-1
7358,TRIPLE,1,1,1,False,-1
7359,TRIPLE,1,1,1,False,-1
7360,DOUBLE,1,1,0,False,-1
7361,TRIPLE,1,1,1,False,-1
7362,SINGLE,1,0,0,False,-1
7363,TRIPLE,1,1,1,False,-1
7364,TRIPLE,1,1,1,False,-1
7365,TRIPLE,1,1,1,False,-1
7366,SINGLE,1,0,0,False,-1
7367,TRIPLE,1,1,1,False,-1
7368,SINGLE,1,0,0,False,-1
7369,TRIPLE,1,1,1,False,-1
7370,DOUBLE,1,1,0,False,-1
7371,TRIPLE,1,1,1,False,-1
7372,DOUBLE,1,1,0,False,-1
7373,TRIPLE,1,1,1,False,-1
7374,TRIPLE,1,1,1,False,-1
7375,DOUBLE,1,1,0,False,-1
7376,DOUBLE,1,1,0,False,-1
7377,TRIPLE,1,1,1,False,-1
7378,TRIPLE,1,1,1,False,-1
7379,TRIPLE,1,1,1,False,-1
7380,TRIPLE,1,1,1,False,-1
7381,DOUBLE,1,1,0,False,-1
7382,DOUBLE,1,1,0,False,-1
7383,TRIPLE,1,1,1,False,-1
7384,DOUBLE,1,1,0,False,-1
7385,TRIPLE,1,1,1,False,-1
7386,TRIPLE,1,1,1,False,-1
7387,TRIPLE,1,1,1,False,-1
7388,DOUBLE,1,1,0,False,-1
7389,DOUBLE,1,1,0,False,-1
7390,SINGLE,1,0,0,False,-1
7391,TRIPLE,1,1,1,False,-1
7392,DOUBLE,1,1,0,False,-1
7393,SINGLE,1,0,0,False,-1
7394,TRIPLE,1,1,1,False,-1
7395,DOUBLE,1,1,0,False,-1
7396,TRIPLE,1,1,1,False,-1
7397,TRIPLE,1,1,1,False,-1
7398,SINGLE,1,0,0,False,-1
7399,TRIPLE,1,1,1,False,-1
7400,DOUBLE,1,1,0,False,-1
7401,TRIPLE,1,1,1,False,-1
7402,SINGLE,1,0,0,False,-1
7403,DOUBLE,1,1,0,False,-1
7404,DOUBLE,1,1,0,False,-1
7405,TRIPLE,1,1,1,False,-1
7406,DOUBLE,1,1,0,False,-1
7407,TRIPLE,1,1,1,False,-1
7408,DOUBLE,1,1,0,False,-1
7409,DOUBLE,1,1,0,False,-1
7410,TRIPLE,1,1,1,False,-1
7411,TRIPLE,1,1,1,False,-1
7412,TRIPLE,1,1,1,False,-1
7413,TRIPLE,1,1,1,False,-1
7414,SINGLE,1,0,0,False,-1
7415,DOUBLE,1,1,0,False,-1
7416,SINGLE,1,0,0,False,-1
7417,DOUBLE,1,1,0,False,-1
7418,SINGLE,1,0,0,False,-1
7419,DOUBLE,1,1,0,False,-1
7420,TRIPLE,1,1,1,False,-1
7421,TRIPLE,1,1,1,False,-1
7422,DOUBLE,1,1,0,False,-1
7423,TRIPLE,1,1,1,False,-1
7424,DOUBLE,1,1,0,False,-1
7425,TRIPLE,1,1,1,False,-1
7426,DOUBLE,1,1,0,False,-1
7427,DOUBLE,1,1,0,False,-1
7428,DOUBLE,1,1,0,False,-1
7429,DOUBLE,1,1,0,False,-1
7430,TRIPLE,1,1,1,False,-1
7431,TRIPLE,1,1,1,False,-1
7432,TRIPLE,1,1,1,False,-1
7433,TRIPLE,1,1,1,False,-1
7434,TRIPLE,1,1,1,False,-1
7435,SINGLE,1,0,0,False,-1
7436,DOUBLE,1,1,0,False,-1
7437,TRIPLE,1,1,1,False,-1
7438,SINGLE,1,0,0,False,-1
7439,TRIPLE,1,1,1,False,-1
7440,TRIPLE,1,1,1,False,-1
7441,TRIPLE,1,1,1,False,-1
7442,TRIPLE,1,1,1,False,-1
7443,TRIPLE,1,1,1,False,-1
7444,TRIPLE,1,1,1,False,-1
7445,TRIPLE,1,1,1,False,-1
7446,DOUBLE,1,1,0,False,-1
7447,DOUBLE,1,1,0,False,-1
7448,TRIPLE,1,1,1,False,-1
7449,TRIPLE,1,1,1,False,-1
7450,TRIPLE,1,1,1,False,-1
7451,TRIPLE,1,1,1,False,-1
7452,TRIPLE,1,1,1,False,-1
7453,SINGLE,1,0,0,False,-1
7454,SINGLE,1,0,0,False,-1
7455,DOUBLE,1,1,0,False,-1
7456,SINGLE,1,0,0,False,-1
7457,TRIPLE,1,1,1,False,-1
7458,DOUBLE,1,1,0,False,-1
7459,DOUBLE,1,1,0,False,-1
7460,TRIPLE,1,1,1,False,-1
7461,DOUBLE,1,1,0,False,-1
7462,DOUBLE,1,1,0,False,-1
7463,DOUBLE,1,1,0,False,-1
7464,TRIPLE,1,1,1,False,-1
7465,TRIPLE,1,1,1,False,-1
7466,DOUBLE,1,1,0,False,-1
7467,DOUBLE,1,1,0,False,-1
7468,SINGLE,1,0,0,False,-1
7469,TRIPLE,1,1,1,False,-1
7470,TRIPLE,1,1,1,False,-1
7471,TRIPLE,1,1,1,False,-1
7472,TRIPLE,1,1,1,False,-1
7473,TRIPLE,1,1,1,False,-1
7474,SINGLE,1,0,0,False,-1
7475,TRIPLE,1,1,1,False,-1
7476,DOUBLE,1,1,0,False,-1
7477,TRIPLE,1,1,1,False,-1
7478,DOUBLE,1,1,0,False,-1
7479,TRIPLE,1,1,1,False,-1
7480,SINGLE,1,0,0,False,-1
7481,TRIPLE,1,1,1,False,-1
7482,DOUBLE,1,1,0,False,-1
7483,TRIPLE,1,1,1,False,-1
7484,TRIPLE,1,1,1,False,-1
7485,TRIPLE,1,1,1,False,-1
7486,SINGLE,1,0,0,False,-1
7487,TRIPLE,1,1,1,False,-1
7488,TRIPLE,1,1,1,False,-1
7489,TRIPLE,1,1,1,False,-1
7490,TRIPLE,1,1,1,False,-1
7491,SINGLE,1,0,0,False,-1
7492,TRIPLE,1,1,1,False,-1
7493,TRIPLE,1,1,1,False,-1
7494,TRIPLE,1,1,1,False,-1
7495,DOUBLE,1,1,0,False,-1
7496,TRIPLE,1,1,1,False,-1
7497,TRIPLE,1,1,1,False,-1
7498,TRIPLE,1,1,1,False,-1
7499,TRIPLE,1,1,1,False,-1
7500,TRIPLE,1,1,1,False,-1
7501,DOUBLE,1,1,0,False,-1
7502,DOUBLE,1,1,0,False,-1
7503,TRIPLE,1,1,1,False,-1
7504,TRIPLE,1,1,1,False,-1
7505,DOUBLE,1,1,0,False,-1
7506,SINGLE,1,0,0,False,-1
7507,DOUBLE,1,1,0,False,-1
7508,TRIPLE,1,1,1,False,-1
7509,TRIPLE,1,1,1,False,-1
7510,TRIPLE,1,1,1,False,-1
7511,DOUBLE,1,1,0,False,-1
7512,TRIPLE,1,1,1,False,-1
7513,TRIPLE,1,1,1,False,-1
7514,DOUBLE,1,1,0,False,-1
7515,TRIPLE,1,1,1,False,-1
7516,TRIPLE,1,1,1,False,-1
7517,TRIPLE,1,1,1,False,-1
7518,TRIPLE,1,1,1,False,-1
7519,TRIPLE,1,1,1,False,-1
7520,DOUBLE,1,1,0,False,-1
7521,DOUBLE,1,1,0,False,-1
7522,DOUBLE,1,1,0,False,-1
7523,TRIPLE,1,1,1,False,-1
7524,TRIPLE,1,1,1,False,-1
7525,TRIPLE,1,1,1,False,-1
7526,TRIPLE,1,1,1,False,-1
7527,TRIPLE,1,1,1,False,-1
7528,TRIPLE,1,1,1,False,-1
7529,DOUBLE,1,1,0,False,-1
7530,TRIPLE,1,1,1,False,-1
7531,TRIPLE,1,1,1,False,-1
7532,TRIPLE,1,1,1,False,-1
7533,DOUBLE,1,1,0,False,-1
7534,TRIPLE,1,1,1,False,-1
7535,SINGLE,1,0,0,False,-1
7536,DOUBLE,1,1,0,False,-1
7537,TRIPLE,1,1,1,False,-1
7538,SINGLE,1,0,0,False,-1
7539,TRIPLE,1,1,1,False,-1
7540,DOUBLE,1,1,0,False,-1
7541,TRIPLE,1,1,1,False,-1
7542,TRIPLE,1,1,1,False,-1
7543,DOUBLE,1,1,0,False,-1
7544,DOUBLE,1,1,0,False,-1
7545,TRIPLE,1,1,1,False,-1
7546,DOUBLE,1,1,0,False,-1
7547,TRIPLE,1,1,1,False,-1
7548,SINGLE,1,0,0,False,-1
7549,TRIPLE,1,1,1,False,-1
7550,SINGLE,1,0,0,False,-1
7551,TRIPLE,1,1,1,False,-1
7552,DOUBLE,1,1,0,False,-1
7553,SINGLE,1,0,0,False,-1
7554,SINGLE,1,0,0,False,-1
7555,SINGLE,1,0,0,False,-1
7556,TRIPLE,1,1,1,False,-1
7557,TRIPLE,1,1,1,False,-1
7558,TRIPLE,1,1,1,False,-1
7559,SINGLE,1,0,0,False,-1
7560,DOUBLE,1,1,0,False,-1
7561,TRIPLE,1,1,1,False,-1
7562,DOUBLE,1,1,0,False,-1
7563,SINGLE,1,0,0,False,-1
7564,DOUBLE,1,1,0,False,-1
7565,DOUBLE,1,1,0,False,-1
7566,DOUBLE,1,1,0,False,-1
7567,DOUBLE,1,1,0,False,-1
7568,TRIPLE,1,1,1,False,-1
7569,TRIPLE,1,1,1,False,-1
7570,TRIPLE,1,1,1,False,-1
7571,TRIPLE,1,1,1,False,-1
7572,SINGLE,1,0,0,False,-1
7573,TRIPLE,1,1,1,False,-1
7574,DOUBLE,1,1,0,False,-1
7575,TRIPLE,1,1,1,False,-1
7576,TRIPLE,1,1,1,False,-1
7577,TRIPLE,1,1,1,False,-1
7578,TRIPLE,1,1,1,False,-1
7579,TRIPLE,1,1,1,False,-1
7580,TRIPLE,1,1,1,False,-1
7581,TRIPLE,1,1,1,False,-1
7582,TRIPLE,1,1,1,False,-1
7583,TRIPLE,1,1,1,False,-1
7584,TRIPLE,1,1,1,False,-1
7585,TRIPLE,1,1,1,False,-1
7586,DOUBLE,1,1,0,False,-1
7587,SINGLE,1,0,0,False,-1
7588,SINGLE,1,0,0,False,-1
7589,TRIPLE,1,1,1,False,-1
7590,DOUBLE,1,1,0,False,-1
7591,TRIPLE,1,1,1,False,-1
7592,DOUBLE,1,1,0,False,-1
7593,TRIPLE,1,1,1,False,-1
7594,TRIPLE,1,1,1,False,-1
7595,SINGLE,1,0,0,False,-1
7596,TRIPLE,1,1,1,False,-1
7597,TRIPLE,1,1,1,False,-1
7598,TRIPLE,1,1,1,False,-1
7599,DOUBLE,1,1,0,False,-1
7600,DOUBLE,1,1,0,False,-1
7601,SINGLE,1,0,0,False,-1
7602,TRIPLE,1,1,1,False,-1
7603,TRIPLE,1,1,1,False,-1
7604,TRIPLE,1,1,1,False,-1
7605,TRIPLE,1,1,1,False,-1
7606,TRIPLE,1,1,1,False,-1
7607,TRIPLE,1,1,1,False,-1
7608,TRIPLE,1,1,1,False,-1
7609,TRIPLE,1,1,1,False,-1
7610,TRIPLE,1,1,1,False,-1
7611,TRIPLE,1,1,1,False,-1
7612,TRIPLE,1,1,1,False,-1
7613,TRIPLE,1,1,1,False,-1
7614,SINGLE,1,0,0,False,-1
7615,TRIPLE,1,1,1,False,-1
7616,SINGLE,1,0,0,False,-1
7617,TRIPLE,1,1,1,False,-1
7618,TRIPLE,1,1,1,False,-1
7619,TRIPLE,1,1,1,False,-1
7620,TRIPLE,1,1,1,False,-1
7621,SINGLE,1,0,0,False,-1
7622,TRIPLE,1,1,1,False,-1
7623,TRIPLE,1,1,1,False,-1
7624,TRIPLE,1,1,1,False,-1
7625,TRIPLE,1,1,1,False,-1
7626,DOUBLE,1,1,0,False,-1
7627,TRIPLE,1,1,1,False,-1
7628,DOUBLE,1,1,0,False,-1
7629,TRIPLE,1,1,1,False,-1
7630,DOUBLE,1,1,0,False,-1
7631,TRIPLE,1,1,1,False,-1
7632,DOUBLE,1,1,0,False,-1
7633,TRIPLE,1,1,1,False,-1
7634,SINGLE,1,0,0,False,-1
7635,DOUBLE,1,1,0,False,-1
7636,TRIPLE,1,1,1,False,-1
7637,TRIPLE,1,1,1,False,-1
7638,DOUBLE,1,1,0,False,-1
7639,TRIPLE,1,1,1,False,-1
7640,DOUBLE,1,1,0,False,-1
7641,TRIPLE,1,1,1,False,-1
7642,TRIPLE,1,1,1,False,-1
7643,TRIPLE,1,1,1,False,-1
7644,SINGLE,1,0,0,False,-1
7645,TRIPLE,1,1,1,False,-1
7646,TRIPLE,1,1,1,False,-1
7647,SINGLE,1,0,0,False,-1
7648,DOUBLE,1,1,0,False,-1
7649,TRIPLE,1,1,1,False,-1
7650,TRIPLE,1,1,1,False,-1
7651,TRIPLE,1,1,1,False,-1
7652,TRIPLE,1,1,1,False,-1
7653,DOUBLE,1,1,0,False,-1
7654,DOUBLE,1,1,0,False,-1
7655,TRIPLE,1,1,1,False,-1
7656,TRIPLE,1,1,1,False,-1
7657,TRIPLE,1,1,1,False,-1
7658,TRIPLE,1,1,1,False,-1
7659,TRIPLE,1,1,1,False,-1
7660,SINGLE,1,0,0,False,-1
7661,TRIPLE,1,1,1,False,-1
7662,TRIPLE,1,1,1,False,-1
7663,TRIPLE,1,1,1,False,-1
7664,TRIPLE,1,1,1,False,-1
7665,TRIPLE,1,1,1,False,-1
7666,TRIPLE,1,1,1,False,-1
7667,SINGLE,1,0,0,False,-1
7668,TRIPLE,1,1,1,False,-1
7669,TRIPLE,1,1,1,False,-1
7670,TRIPLE,1,1,1,False,-1
7671,DOUBLE,1,1,0,False,-1
7672,TRIPLE,1,1,1,False,-1
7673,SINGLE,1,0,0,False,-1
7674,DOUBLE,1,1,0,False,-1
7675,TRIPLE,1,1,1,False,-1
7676,TRIPLE,1,1,1,False,-1
7677,DOUBLE,1,1,0,False,-1
7678,TRIPLE,1,1,1,False,-1
7679,TRIPLE,1,1,1,False,-1
7680,TRIPLE,1,1,1,False,-1
7681,DOUBLE,1,1,0,False,-1
7682,DOUBLE,1,1,0,False,-1
7683,TRIPLE,1,1,1,False,-1
7684,SINGLE,1,0,0,False,-1
7685,TRIPLE,1,1,1,False,-1
7686,TRIPLE,1,1,1,False,-1
7687,TRIPLE,1,1,1,False,-1
7688,TRIPLE,1,1,1,False,-1
7689,TRIPLE,1,1,1,False,-1
7690,TRIPLE,1,1,1,False,-1
7691,TRIPLE,1,1,1,False,-1
7692,TRIPLE,1,1,1,False,-1
7693,TRIPLE,1,1,1,False,-1
7694,TRIPLE,1,1,1,False,-1
7695,TRIPLE,1,1,1,False,-1
7696,TRIPLE,1,1,1,False,-1
7697,DOUBLE,1,1,0,False,-1
7698,TRIPLE,1,1,1,False,-1
7699,TRIPLE,1,1,1,False,-1
7700,TRIPLE,1,1,1,False,-1
7701,TRIPLE,1,1,1,False,-1
7702,DOUBLE,1,1,0,False,-1
7703,TRIPLE,1,1,1,False,-1
7704,DOUBLE,1,1,0,False,-1
7705,TRIPLE,1,1,1,False,-1
7706,TRIPLE,1,1,1,False,-1
7707,TRIPLE,1,1,1,False,-1
7708,DOUBLE,1,1,0,False,-1
7709,DOUBLE,1,1,0,False,-1
7710,DOUBLE,1,1,0,False,-1
7711,DOUBLE,1,1,0,False,-1
7712,TRIPLE,1,1,1,False,-1
7713,DOUBLE,1,1,0,False,-1
7714,DOUBLE,1,1,0,False,-1
7715,TRIPLE,1,1,1,False,-1
7716,DOUBLE,1,1,0,False,-1
7717,TRIPLE,1,1,1,False,-1
7718,TRIPLE,1,1,1,False,-1
7719,TRIPLE,1,1,1,False,-1
7720,TRIPLE,1,1,1,False,-1
7721,DOUBLE,1,1,0,False,-1
7722,TRIPLE,1,1,1,False,-1
7723,SINGLE,1,0,0,False,-1
7724,TRIPLE,1,1,1,False,-1
7725,TRIPLE,1,1,1,False,-1
7726,DOUBLE,1,1,0,False,-1
7727,TRIPLE,1,1,1,False,-1
7728,DOUBLE,1,1,0,False,-1
7729,DOUBLE,1,1,0,False,-1
7730,TRIPLE,1,1,1,False,-1
7731,SINGLE,1,0,0,False,-1
7732,TRIPLE,1,1,1,False,-1
7733,TRIPLE,1,1,1,False,-1
7734,TRIPLE,1,1,1,False,-1
7735,TRIPLE,1,1,1,False,-1
7736,TRIPLE,1,1,1,False,-1
7737,TRIPLE,1,1,1,False,-1
7738,DOUBLE,1,1,0,False,-1
7739,DOUBLE,1,1,0,False,-1
7740,SINGLE,1,0,0,False,-1
7741,TRIPLE,1,1,1,False,-1
7742,TRIPLE,1,1,1,False,-1
7743,DOUBLE,1,1,0,False,-1
7744,TRIPLE,1,1,1,False,-1
7745,TRIPLE,1,1,1,False,-1
7746,TRIPLE,1,1,1,False,-1
7747,TRIPLE,1,1,1,False,-1
7748,TRIPLE,1,1,1,False,-1
7749,TRIPLE,1,1,1,False,-1
7750,TRIPLE,1,1,1,False,-1
7751,SINGLE,1,0,0,False,-1
7752,DOUBLE,1,1,0,False,-1
7753,DOUBLE,1,1,0,False,-1
7754,TRIPLE,1,1,1,False,-1
7755,SINGLE,1,0,0,False,-1
7756,DOUBLE,1,1,0,False,-1
7757,DOUBLE,1,1,0,False,-1
7758,DOUBLE,1,1,0,False,-1
7759,DOUBLE,1,1,0,False,-1
7760,TRIPLE,1,1,1,False,-1
7761,TRIPLE,1,1,1,False,-1
7762,TRIPLE,1,1,1,False,-1
7763,DOUBLE,1,1,0,False,-1
7764,TRIPLE,1,1,1,False,-1
7765,SINGLE,1,0,0,False,-1
7766,TRIPLE,1,1,1,False,-1
7767,TRIPLE,1,1,1,False,-1
7768,TRIPLE,1,1,1,False,-1
7769,TRIPLE,1,1,1,False,-1
7770,DOUBLE,1,1,0,False,-1
7771,TRIPLE,1,1,1,False,-1
7772,DOUBLE,1,1,0,False,-1
7773,DOUBLE,1,1,0,False,-1
7774,SINGLE,1,0,0,False,-1
7775,TRIPLE,1,1,1,False,-1
7776,TRIPLE,1,1,1,False,-1
7777,TRIPLE,1,1,1,False,-1
7778,TRIPLE,1,1,1,False,-1
7779,DOUBLE,1,1,0,False,-1
7780,TRIPLE,1,1,1,False,-1
7781,DOUBLE,1,1,0,False,-1
7782,DOUBLE,1,1,0,False,-1
7783,SINGLE,1,0,0,False,-1
7784,SINGLE,1,0,0,False,-1
7785,DOUBLE,1,1,0,False,-1
7786,SINGLE,1,0,0,False,-1
7787,DOUBLE,1,1,0,False,-1
7788,DOUBLE,1,1,0,False,-1
7789,TRIPLE,1,1,1,False,-1
7790,SINGLE,1,0,0,False,-1
7791,TRIPLE,1,1,1,False,-1
7792,SINGLE,1,0,0,False,-1
7793,SINGLE,1,0,0,False,-1
7794,TRIPLE,1,1,1,False,-1
7795,SINGLE,1,0,0,False,-1
7796,TRIPLE,1,1,1,False,-1
7797,TRIPLE,1,1,1,False,-1
7798,DOUBLE,1,1,0,False,-1
7799,TRIPLE,1,1,1,False,-1
7800,DOUBLE,1,1,0,False,-1
7801,DOUBLE,1,1,0,False,-1
7802,TRIPLE,1,1,1,False,-1
7803,DOUBLE,1,1,0,False,-1
7804,TRIPLE,1,1,1,False,-1
7805,TRIPLE,1,1,1,False,-1
7806,TRIPLE,1,1,1,False,-1
7807,DOUBLE,1,1,0,False,-1
7808,TRIPLE,1,1,1,False,-1
7809,TRIPLE,1,1,1,False,-1
7810,TRIPLE,1,1,1,False,-1
7811,TRIPLE,1,1,1,False,-1
7812,DOUBLE,1,1,0,False,-1
7813,TRIPLE,1,1,1,False,-1
7814,TRIPLE,1,1,1,False,-1
7815,TRIPLE,1,1,1,False,-1
7816,TRIPLE,1,1,1,False,-1
7817,DOUBLE,1,1,0,False,-1
7818,TRIPLE,1,1,1,False,-1
7819,TRIPLE,1,1,1,False,-1
7820,TRIPLE,1,1,1,False,-1
7821,TRIPLE,1,1,1,False,-1
7822,TRIPLE,1,1,1,False,-1
7823,TRIPLE,1,1,1,False,-1
7824,TRIPLE,1,1,1,False,-1
7825,SINGLE,1,0,0,False,-1
7826,DOUBLE,1,1,0,False,-1
7827,TRIPLE,1,1,1,False,-1
7828,DOUBLE,1,1,0,False,-1
7829,TRIPLE,1,1,1,False,-1
7830,TRIPLE,1,1,1,False,-1
7831,TRIPLE,1,1,1,False,-1
7832,DOUBLE,1,1,0,False,-1
7833,TRIPLE,1,1,1,False,-1
7834,DOUBLE,1,1,0,False,-1
7835,TRIPLE,1,1,1,False,-1
7836,SINGLE,1,0,0,False,-1
7837,TRIPLE,1,1,1,False,-1
7838,DOUBLE,1,1,0,False,-1
7839,TRIPLE,1,1,1,False,-1
7840,TRIPLE,1,1,1,False,-1
7841,TRIPLE,1,1,1,False,-1
7842,SINGLE,1,0,0,False,-1
7843,TRIPLE,1,1,1,False,-1
7844,TRIPLE,1,1,1,False,-1
7845,SINGLE,1,0,0,False,-1
7846,TRIPLE,1,1,1,False,-1
7847,DOUBLE,1,1,0,False,-1
7848,TRIPLE,1,1,1,False,-1
7849,TRIPLE,1,1,1,False,-1
7850,SINGLE,1,0,0,False,-1
7851,TRIPLE,1,1,1,False,-1
7852,TRIPLE,1,1,1,False,-1
7853,DOUBLE,1,1,0,False,-1
7854,TRIPLE,1,1,1,False,-1
7855,TRIPLE,1,1,1,False,-1
7856,DOUBLE,1,1,0,False,-1
7857,TRIPLE,1,1,1,False,-1
7858,TRIPLE,1,1,1,False,-1
7859,DOUBLE,1,1,0,False,-1
7860,SINGLE,1,0,0,False,-1
7861,TRIPLE,1,1,1,False,-1
7862,DOUBLE,1,1,0,False,-1
7863,SINGLE,1,0,0,False,-1
7864,TRIPLE,1,1,1,False,-1
7865,SINGLE,1,0,0,False,-1
7866,TRIPLE,1,1,1,False,-1
7867,DOUBLE,1,1,0,False,-1
7868,DOUBLE,1,1,0,False,-1
7869,TRIPLE,1,1,1,False,-1
7870,TRIPLE,1,1,1,False,-1
7871,TRIPLE,1,1,1,False,-1
7872,DOUBLE,1,1,0,False,-1
7873,TRIPLE,1,1,1,False,-1
7874,SINGLE,1,0,0,False,-1
7875,SINGLE,1,0,0,False,-1
7876,TRIPLE,1,1,1,False,-1
7877,SINGLE,1,0,0,False,-1
7878,DOUBLE,1,1,0,False,-1
7879,TRIPLE,1,1,1,False,-1
7880,TRIPLE,1,1,1,False,-1
7881,DOUBLE,1,1,0,False,-1
7882,TRIPLE,1,1,1,False,-1
7883,TRIPLE,1,1,1,False,-1
7884,TRIPLE,1,1,1,False,-1
7885,TRIPLE,1,1,1,False,-1
7886,DOUBLE,1,1,0,False,-1
7887,TRIPLE,1,1,1,False,-1
7888,TRIPLE,1,1,1,False,-1
7889,TRIPLE,1,1,1,False,-1
7890,TRIPLE,1,1,1,False,-1
7891,TRIPLE,1,1,1,False,-1
7892,DOUBLE,1,1,0,False,-1
7893,TRIPLE,1,1,1,False,-1
7894,TRIPLE,1,1,1,False,-1
7895,TRIPLE,1,1,1,False,-1
7896,DOUBLE,1,1,0,False,-1
7897,DOUBLE,1,1,0,False,-1
7898,TRIPLE,1,1,1,False,-1
7899,TRIPLE,1,1,1,False,-1
7900,SINGLE,1,0,0,False,-1
7901,DOUBLE,1,1,0,False,-1
7902,DOUBLE,1,1,0,False,-1
7903,TRIPLE,1,1,1,False,-1
7904,TRIPLE,1,1,1,False,-1
7905,TRIPLE,1,1,1,False,-1
7906,TRIPLE,1,1,1,False,-1
7907,DOUBLE,1,1,0,False,-1
7908,TRIPLE,1,1,1,False,-1
7909,TRIPLE,1,1,1,False,-1
7910,SINGLE,1,0,0,False,-1
7911,SINGLE,1,0,0,False,-1
7912,TRIPLE,1,1,1,False,-1
7913,TRIPLE,1,1,1,False,-1
7914,SINGLE,1,0,0,False,-1
7915,TRIPLE,1,1,1,False,-1
7916,TRIPLE,1,1,1,False,-1
7917,TRIPLE,1,1,1,False,-1
7918,TRIPLE,1,1,1,False,-1
7919,TRIPLE,1,1,1,False,-1
7920,TRIPLE,1,1,1,False,-1
7921,TRIPLE,1,1,1,False,-1
7922,TRIPLE,1,1,1,False,-1
7923,SINGLE,1,0,0,False,-1
7924,DOUBLE,1,1,0,False,-1
7925,SINGLE,1,0,0,False,-1
7926,DOUBLE,1,1,0,False,-1
7927,TRIPLE,1,1,1,False,-1
7928,TRIPLE,1,1,1,False,-1
7929,TRIPLE,1,1,1,False,-1
7930,TRIPLE,1,1,1,False,-1
7931,DOUBLE,1,1,0,False,-1
7932,SINGLE,1,0,0,False,-1
7933,DOUBLE,1,1,0,False,-1
7934,TRIPLE,1,1,1,False,-1
7935,TRIPLE,1,1,1,False,-1
7936,SINGLE,1,0,0,False,-1
7937,DOUBLE,1,1,0,False,-1
7938,SINGLE,1,0,0,False,-1
7939,TRIPLE,1,1,1,False,-1
7940,TRIPLE,1,1,1,False,-1
7941,DOUBLE,1,1,0,False,-1
7942,DOUBLE,1,1,0,False,-1
7943,DOUBLE,1,1,0,False,-1
7944,TRIPLE,1,1,1,False,-1
7945,TRIPLE,1,1,1,False,-1
7946,TRIPLE,1,1,1,False,-1
7947,SINGLE,1,0,0,False,-1
7948,TRIPLE,1,1,1,False,-1
7949,TRIPLE,1,1,1,False,-1
7950,TRIPLE,1,1,1,False,-1
7951,TRIPLE,1,1,1,False,-1
7952,TRIPLE,1,1,1,False,-1
7953,TRIPLE,1,1,1,False,-1
7954,DOUBLE,1,1,0,False,-1
7955,SINGLE,1,0,0,False,-1
7956,SINGLE,1,0,0,False,-1
7957,TRIPLE,1,1,1,False,-1
7958,TRIPLE,1,1,1,False,-1
7959,SINGLE,1,0,0,False,-1
7960,TRIPLE,1,1,1,False,-1
7961,DOUBLE,1,1,0,False,-1
7962,TRIPLE,1,1,1,False,-1
7963,DOUBLE,1,1,0,False,-1
7964,TRIPLE,1,1,1,False,-1
7965,TRIPLE,1,1,1,False,-1
7966,TRIPLE,1,1,1,False,-1
7967,SINGLE,1,0,0,False,-1
7968,TRIPLE,1,1,1,False,-1
7969,TRIPLE,1,1,1,False,-1
7970,TRIPLE,1,1,1,False,-1
7971,TRIPLE,1,1,1,False,-1
7972,TRIPLE,1,1,1,False,-1
7973,TRIPLE,1,1,1,False,-1
7974,TRIPLE,1,1,1,False,-1
7975,TRIPLE,1,1,1,False,-1
7976,SINGLE,1,0,0,False,-1
7977,DOUBLE,1,1,0,False,-1
7978,TRIPLE,1,1,1,False,-1
7979,TRIPLE,1,1,1,False,-1
7980,DOUBLE,1,1,0,False,-1
7981,DOUBLE,1,1,0,False,-1
7982,SINGLE,1,0,0,False,-1
7983,TRIPLE,1,1,1,False,-1
7984,TRIPLE,1,1,1,False,-1
7985,TRIPLE,1,1,1,False,-1
7986,TRIPLE,1,1,1,False,-1
7987,TRIPLE,1,1,1,False,-1
7988,TRIPLE,1,1,1,False,-1
7989,DOUBLE,1,1,0,False,-1
7990,DOUBLE,1,1,0,False,-1
7991,DOUBLE,1,1,0,False,-1
7992,TRIPLE,1,1,1,False,-1
7993,DOUBLE,1,1,0,False,-1
7994,DOUBLE,1,1,0,False,-1
7995,TRIPLE,1,1,1,False,-1
7996,DOUBLE,1,1,0,False,-1
7997,DOUBLE,1,1,0,False,-1
7998,TRIPLE,1,1,1,False,-1
7999,TRIPLE,1,1,1,False,-1
8000,TRIPLE,1,1,1,False,-1
8001,DOUBLE,1,1,0,False,-1
8002,TRIPLE,1,1,1,False,-1
8003,TRIPLE,1,1,1,False,-1
8004,TRIPLE,1,1,1,False,-1
8005,DOUBLE,1,1,0,False,-1
8006,SINGLE,1,0,0,False,-1
8007,TRIPLE,1,1,1,False,-1
8008,DOUBLE,1,1,0,False,-1
8009,DOUBLE,1,1,0,False,-1
8010,SINGLE,1,0,0,False,-1
8011,DOUBLE,1,1,0,False,-1
8012,TRIPLE,1,1,1,False,-1
8013,TRIPLE,1,1,1,False,-1
8014,DOUBLE,1,1,0,False,-1
8015,DOUBLE,1,1,0,False,-1
8016,SINGLE,1,0,0,False,-1
8017,TRIPLE,1,1,1,False,-1
8018,TRIPLE,1,1,1,False,-1
8019,DOUBLE,1,1,0,False,-1
8020,DOUBLE,1,1,0,False,-1
8021,TRIPLE,1,1,1,False,-1
8022,TRIPLE,1,1,1,False,-1
8023,DOUBLE,1,1,0,False,-1
8024,DOUBLE,1,1,0,False,-1
8025,DOUBLE,1,1,0,False,-1
8026,TRIPLE,1,1,1,False,-1
8027,SINGLE,1,0,0,False,-1
8028,TRIPLE,1,1,1,False,-1
8029,DOUBLE,1,1,0,False,-1
8030,TRIPLE,1,1,1,False,-1
8031,TRIPLE,1,1,1,False,-1
8032,DOUBLE,1,1,0,False,-1
8033,TRIPLE,1,1,1,False,-1
8034,SINGLE,1,0,0,False,-1
8035,DOUBLE,1,1,0,False,-1
8036,TRIPLE,1,1,1,False,-1
8037,TRIPLE,1,1,1,False,-1
8038,TRIPLE,1,1,1,False,-1
8039,TRIPLE,1,1,1,False,-1
8040,TRIPLE,1,1,1,False,-1
8041,SINGLE,1,0,0,False,-1
8042,TRIPLE,1,1,1,False,-1
8043,TRIPLE,1,1,1,False,-1
8044,TRIPLE,1,1,1,False,-1
8045,SINGLE,1,0,0,False,-1
8046,TRIPLE,1,1,1,False,-1
8047,TRIPLE,1,1,1,False,-1
8048,DOUBLE,1,1,0,False,-1
8049,TRIPLE,1,1,1,False,-1
8050,DOUBLE,1,1,0,False,-1
8051,SINGLE,1,0,0,False,-1
8052,TRIPLE,1,1,1,False,-1
8053,SINGLE,1,0,0,False,-1
8054,TRIPLE,1,1,1,False,-1
8055,TRIPLE,1,1,1,False,-1
8056,DOUBLE,1,1,0,False,-1
8057,TRIPLE,1,1,1,False,-1
8058,DOUBLE,1,1,0,False,-1
8059,TRIPLE,1,1,1,False,-1
8060,SINGLE,1,0,0,False,-1
8061,SINGLE,1,0,0,False,-1
8062,TRIPLE,1,1,1,False,-1
8063,TRIPLE,1,1,1,False,-1
8064,DOUBLE,1,1,0,False,-1
8065,DOUBLE,1,1,0,False,-1
8066,DOUBLE,1,1,0,False,-1
8067,DOUBLE,1,1,0,False,-1
8068,DOUBLE,1,1,0,False,-1
8069,TRIPLE,1,1,1,False,-1
8070,DOUBLE,1,1,0,False,-1
8071,TRIPLE,1,1,1,False,-1
8072,TRIPLE,1,1,1,False,-1
8073,TRIPLE,1,1,1,False,-1
8074,TRIPLE,1,1,1,False,-1
8075,TRIPLE,1,1,1,False,-1
8076,TRIPLE,1,1,1,False,-1
8077,TRIPLE,1,1,1,False,-1
8078,DOUBLE,1,1,0,False,-1
8079,TRIPLE,1,1,1,False,-1
8080,DOUBLE,1,1,0,False,-1
8081,TRIPLE,1,1,1,False,-1
8082,TRIPLE,1,1,1,False,-1
8083,DOUBLE,1,1,0,False,-1
8084,TRIPLE,1,1,1,False,-1
8085,TRIPLE,1,1,1,False,-1
8086,TRIPLE,1,1,1,False,-1
8087,TRIPLE,1,1,1,False,-1
8088,TRIPLE,1,1,1,False,-1
8089,SINGLE,1,0,0,False,-1
8090,DOUBLE,1,1,0,False,-1
8091,SINGLE,1,0,0,False,-1
8092,DOUBLE,1,1,0,False,-1
8093,DOUBLE,1,1,0,False,-1
8094,TRIPLE,1,1,1,False,-1
8095,SINGLE,1,0,0,False,-1
8096,TRIPLE,1,1,1,False,-1
8097,TRIPLE,1,1,1,False,-1
8098,TRIPLE,1,1,1,False,-1
8099,TRIPLE,1,1,1,False,-1
8100,TRIPLE,1,1,1,False,-1
8101,TRIPLE,1,1,1,False,-1
8102,DOUBLE,1,1,0,False,-1
8103,DOUBLE,1,1,0,False,-1
8104,DOUBLE,1,1,0,False,-1
8105,DOUBLE,1,1,0,False,-1
8106,TRIPLE,1,1,1,False,-1
8107,TRIPLE,1,1,1,False,-1
8108,TRIPLE,1,1,1,False,-1
8109,TRIPLE,1,1,1,False,-1
8110,TRIPLE,1,1,1,False,-1
8111,TRIPLE,1,1,1,False,-1
8112,TRIPLE,1,1,1,False,-1
8113,DOUBLE,1,1,0,False,-1
8114,TRIPLE,1,1,1,False,-1
8115,TRIPLE,1,1,1,False,-1
8116,DOUBLE,1,1,0,False,-1
8117,SINGLE,1,0,0,False,-1
8118,DOUBLE,1,1,0,False,-1
8119,DOUBLE,1,1,0,False,-1
8120,SINGLE,1,0,0,False,-1
8121,TRIPLE,1,1,1,False,-1
8122,TRIPLE,1,1,1,False,-1
8123,SINGLE,1,0,0,False,-1
8124,TRIPLE,1,1,1,False,-1
8125,TRIPLE,1,1,1,False,-1
8126,TRIPLE,1,1,1,False,-1
8127,DOUBLE,1,1,0,False,-1
8128,DOUBLE,1,1,0,False,-1
8129,DOUBLE,1,0,1,False,-1
8130,TRIPLE,1,1,1,False,-1
8131,DOUBLE,1,1,0,False,-1
8132,DOUBLE,1,1,0,False,-1
8133,DOUBLE,1,1,0,False,-1
8134,DOUBLE,1,1,0,False,-1
8135,TRIPLE,1,1,1,False,-1
8136,SINGLE,1,0,0,False,-1
8137,TRIPLE,1,1,1,False,-1
8138,TRIPLE,1,1,1,False,-1
8139,SINGLE,1,0,0,False,-1
8140,TRIPLE,1,1,1,False,-1
8141,TRIPLE,1,1,1,False,-1
8142,TRIPLE,1,1,1,False,-1
8143,DOUBLE,1,1,0,False,-1
8144,TRIPLE,1,1,1,False,-1
8145,TRIPLE,1,1,1,False,-1
8146,TRIPLE,1,1,1,False,-1
8147,TRIPLE,1,1,1,False,-1
8148,SINGLE,1,0,0,False,-1
8149,SINGLE,1,0,0,False,-1
8150,SINGLE,1,0,0,False,-1
8151,SINGLE,1,0,0,False,-1
8152,DOUBLE,1,1,0,False,-1
8153,TRIPLE,1,1,1,False,-1
8154,DOUBLE,1,1,0,False,-1
8155,TRIPLE,1,1,1,False,-1
8156,TRIPLE,1,1,1,False,-1
8157,TRIPLE,1,1,1,False,-1
8158,TRIPLE,1,1,1,False,-1
8159,DOUBLE,1,1,0,False,-1
8160,TRIPLE,1,1,1,False,-1
8161,SINGLE,1,0,0,False,-1
8162,SINGLE,1,0,0,False,-1
8163,TRIPLE,1,1,1,False,-1
8164,TRIPLE,1,1,1,False,-1
8165,TRIPLE,1,1,1,False,-1
8166,TRIPLE,1,1,1,False,-1
8167,TRIPLE,1,1,1,False,-1
8168,DOUBLE,1,1,0,False,-1
8169,TRIPLE,1,1,1,False,-1
8170,TRIPLE,1,1,1,False,-1
8171,TRIPLE,1,1,1,False,-1
8172,TRIPLE,1,1,1,False,-1
8173,SINGLE,1,0,0,False,-1
8174,DOUBLE,1,1,0,False,-1
8175,TRIPLE,1,1,1,False,-1
8176,SINGLE,1,0,0,False,-1
8177,TRIPLE,1,1,1,False,-1
8178,TRIPLE,1,1,1,False,-1
8179,SINGLE,1,0,0,False,-1
8180,SINGLE,1,0,0,False,-1
8181,TRIPLE,1,1,1,False,-1
8182,TRIPLE,1,1,1,False,-1
8183,TRIPLE,1,1,1,False,-1
8184,TRIPLE,1,1,1,False,-1
8185,TRIPLE,1,1,1,False,-1
8186,TRIPLE,1,1,1,False,-1
8187,TRIPLE,1,1,1,False,-1
8188,SINGLE,1,0,0,False,-1
8189,TRIPLE,1,1,1,False,-1
8190,DOUBLE,1,1,0,False,-1
8191,DOUBLE,1,1,0,False,-1
8192,TRIPLE,1,1,1,False,-1
8193,DOUBLE,1,1,0,False,-1
8194,TRIPLE,1,1,1,False,-1
8195,TRIPLE,1,1,1,False,-1
8196,DOUBLE,1,1,0,False,-1
8197,DOUBLE,1,1,0,False,-1
8198,DOUBLE,1,1,0,False,-1
8199,TRIPLE,1,1,1,False,-1
8200,DOUBLE,1,1,0,False,-1
8201,TRIPLE,1,1,1,False,-1
8202,TRIPLE,1,1,1,False,-1
8203,SINGLE,1,0,0,False,-1
8204,SINGLE,1,0,0,False,-1
8205,DOUBLE,1,1,0,False,-1
8206,TRIPLE,1,1,1,False,-1
8207,DOUBLE,1,1,0,False,-1
8208,TRIPLE,1,1,1,False,-1
8209,DOUBLE,1,1,0,False,-1
8210,TRIPLE,1,1,1,False,-1
8211,TRIPLE,1,1,1,False,-1
8212,TRIPLE,1,1,1,False,-1
8213,TRIPLE,1,1,1,False,-1
8214,TRIPLE,1,1,1,False,-1
8215,SINGLE,1,0,0,False,-1
8216,TRIPLE,1,1,1,False,-1
8217,DOUBLE,1,1,0,False,-1
8218,DOUBLE,1,1,0,False,-1
8219,TRIPLE,1,1,1,False,-1
8220,TRIPLE,1,1,1,False,-1
8221,TRIPLE,1,1,1,False,-1
8222,DOUBLE,1,1,0,False,-1
8223,DOUBLE,1,1,0,False,-1
8224,TRIPLE,1,1,1,False,-1
8225,TRIPLE,1,1,1,False,-1
8226,DOUBLE,1,1,0,False,-1
8227,TRIPLE,1,1,1,False,-1
8228,TRIPLE,1,1,1,False,-1
8229,DOUBLE,1,1,0,False,-1
8230,TRIPLE,1,1,1,False,-1
8231,DOUBLE,1,1,0,False,-1
8232,SINGLE,1,0,0,False,-1
8233,TRIPLE,1,1,1,False,-1
8234,SINGLE,1,0,0,False,-1
8235,TRIPLE,1,1,1,False,-1
8236,TRIPLE,1,1,1,False,-1
8237,DOUBLE,1,1,0,False,-1
8238,TRIPLE,1,1,1,False,-1
8239,TRIPLE,1,1,1,False,-1
8240,TRIPLE,1,1,1,False,-1
8241,SINGLE,1,0,0,False,-1
8242,DOUBLE,1,1,0,False,-1
8243,TRIPLE,1,1,1,False,-1
8244,TRIPLE,1,1,1,False,-1
8245,DOUBLE,1,1,0,False,-1
8246,TRIPLE,1,1,1,False,-1
8247,TRIPLE,1,1,1,False,-1
8248,DOUBLE,1,1,0,False,-1
8249,TRIPLE,1,1,1,False,-1
8250,TRIPLE,1,1,1,False,-1
8251,DOUBLE,1,1,0,False,-1
8252,DOUBLE,1,1,0,False,-1
8253,TRIPLE,1,1,1,False,-1
8254,TRIPLE,1,1,1,False,-1
8255,TRIPLE,1,1,1,False,-1
8256,SINGLE,1,0,0,False,-1
8257,TRIPLE,1,1,1,False,-1
8258,DOUBLE,1,1,0,False,-1
8259,SINGLE,1,0,0,False,-1
8260,TRIPLE,1,1,1,False,-1
8261,TRIPLE,1,1,1,False,-1
8262,TRIPLE,1,1,1,False,-1
8263,TRIPLE,1,1,1,False,-1
8264,DOUBLE,1,1,0,False,-1
8265,SINGLE,1,0,0,False,-1
8266,TRIPLE,1,1,1,False,-1
8267,TRIPLE,1,1,1,False,-1
8268,TRIPLE,1,1,1,False,-1
8269,DOUBLE,1,1,0,False,-1
8270,DOUBLE,1,1,0,False,-1
8271,TRIPLE,1,1,1,False,-1
8272,TRIPLE,1,1,1,False,-1
8273,TRIPLE,1,1,1,False,-1
8274,TRIPLE,1,1,1,False,-1
8275,DOUBLE,1,1,0,False,-1
8276,TRIPLE,1,1,1,False,-1
8277,DOUBLE,1,1,0,False,-1
8278,TRIPLE,1,1,1,False,-1
8279,DOUBLE,1,1,0,False,-1
8280,DOUBLE,1,1,0,False,-1
8281,DOUBLE,1,1,0,False,-1
8282,TRIPLE,1,1,1,False,-1
8283,SINGLE,1,0,0,False,-1
8284,SINGLE,1,0,0,False,-1
8285,TRIPLE,1,1,1,False,-1
8286,TRIPLE,1,1,1,False,-1
8287,SINGLE,1,0,0,False,-1
8288,SINGLE,1,0,0,False,-1
8289,TRIPLE,1,1,1,False,-1
8290,TRIPLE,1,1,1,False,-1
8291,TRIPLE,1,1,1,False,-1
8292,TRIPLE,1,1,1,False,-1
8293,TRIPLE,1,1,1,False,-1
8294,SINGLE,1,0,0,False,-1
8295,TRIPLE,1,1,1,False,-1
8296,DOUBLE,1,1,0,False,-1
8297,TRIPLE,1,1,1,False,-1
8298,DOUBLE,1,1,0,False,-1
8299,DOUBLE,1,1,0,False,-1
8300,TRIPLE,1,1,1,False,-1
8301,SINGLE,1,0,0,False,-1
8302,DOUBLE,1,1,0,False,-1
8303,DOUBLE,1,1,0,False,-1
8304,TRIPLE,1,1,1,False,-1
8305,TRIPLE,1,1,1,False,-1
8306,DOUBLE,1,1,0,False,-1
8307,DOUBLE,1,1,0,False,-1
8308,TRIPLE,1,1,1,False,-1
8309,TRIPLE,1,1,1,False,-1
8310,TRIPLE,1,1,1,False,-1
8311,TRIPLE,1,1,1,False,-1
8312,TRIPLE,1,1,1,False,-1
8313,TRIPLE,1,1,1,False,-1
8314,DOUBLE,1,1,0,False,-1
8315,TRIPLE,1,1,1,False,-1
8316,TRIPLE,1,1,1,False,-1
8317,SINGLE,1,0,0,False,-1
8318,TRIPLE,1,1,1,False,-1
8319,TRIPLE,1,1,1,False,-1
8320,DOUBLE,1,1,0,False,-1
8321,TRIPLE,1,1,1,False,-1
8322,SINGLE,1,0,0,False,-1
8323,TRIPLE,1,1,1,False,-1
8324,TRIPLE,1,1,1,False,-1
8325,TRIPLE,1,1,1,False,-1
8326,DOUBLE,1,1,0,False,-1
8327,SINGLE,1,0,0,False,-1
8328,SINGLE,1,0,0,False,-1
8329,TRIPLE,1,1,1,False,-1
8330,DOUBLE,1,1,0,False,-1
8331,TRIPLE,1,1,1,False,-1
8332,DOUBLE,1,1,0,False,-1
8333,TRIPLE,1,1,1,False,-1
8334,TRIPLE,1,1,1,False,-1
8335,TRIPLE,1,1,1,False,-1
8336,DOUBLE,1,1,0,False,-1
8337,DOUBLE,1,1,0,False,-1
8338,TRIPLE,1,1,1,False,-1
8339,DOUBLE,1,1,0,False,-1
8340,TRIPLE,1,1,1,False,-1
8341,TRIPLE,1,1,1,False,-1
8342,DOUBLE,1,1,0,False,-1
8343,DOUBLE,1,1,0,False,-1
8344,TRIPLE,1,1,1,False,-1
8345,TRIPLE,1,1,1,False,-1
8346,SINGLE,1,0,0,False,-1
8347,TRIPLE,1,1,1,False,-1
8348,TRIPLE,1,1,1,False,-1
8349,TRIPLE,1,1,1,False,-1
8350,DOUBLE,1,1,0,False,-1
8351,TRIPLE,1,1,1,False,-1
8352,SINGLE,1,0,0,False,-1
8353,TRIPLE,1,1,1,False,-1
8354,TRIPLE,1,1,1,False,-1
8355,DOUBLE,1,1,0,False,-1
8356,DOUBLE,1,1,0,False,-1
8357,TRIPLE,1,1,1,False,-1
8358,TRIPLE,1,1,1,False,-1
8359,TRIPLE,1,1,1,False,-1
8360,TRIPLE,1,1,1,False,-1
8361,DOUBLE,1,1,0,False,-1
8362,TRIPLE,1,1,1,False,-1
8363,DOUBLE,1,1,0,False,-1
8364,SINGLE,1,0,0,False,-1
8365,SINGLE,1,0,0,False,-1
8366,DOUBLE,1,1,0,False,-1
8367,DOUBLE,1,1,0,False,-1
8368,TRIPLE,1,1,1,False,-1
8369,TRIPLE,1,1,1,False,-1
8370,DOUBLE,1,1,0,False,-1
8371,TRIPLE,1,1,1,False,-1
8372,DOUBLE,1,1,0,False,-1
8373,DOUBLE,1,1,0,False,-1
8374,DOUBLE,1,1,0,False,-1
8375,TRIPLE,1,1,1,False,-1
8376,DOUBLE,1,1,0,False,-1
8377,TRIPLE,1,1,1,False,-1
8378,TRIPLE,1,1,1,False,-1
8379,TRIPLE,1,1,1,False,-1
8380,TRIPLE,1,1,1,False,-1
8381,TRIPLE,1,1,1,False,-1
8382,TRIPLE,1,1,1,False,-1
8383,TRIPLE,1,1,1,False,-1
8384,TRIPLE,1,1,1,False,-1
8385,DOUBLE,1,1,0,False,-1
8386,TRIPLE,1,1,1,False,-1
8387,TRIPLE,1,1,1,False,-1
8388,TRIPLE,1,1,1,False,-1
8389,DOUBLE,1,1,0,False,-1
8390,TRIPLE,1,1,1,False,-1
8391,TRIPLE,1,1,1,False,-1
8392,TRIPLE,1,1,1,False,-1
8393,SINGLE,1,0,0,False,-1
8394,TRIPLE,1,1,1,False,-1
8395,TRIPLE,1,1,1,False,-1
8396,DOUBLE,1,1,0,False,-1
8397,SINGLE,1,0,0,False,-1
8398,TRIPLE,1,1,1,False,-1
8399,DOUBLE,1,1,0,False,-1
8400,TRIPLE,1,1,1,False,-1
8401,DOUBLE,1,1,0,False,-1
8402,TRIPLE,1,1,1,False,-1
8403,TRIPLE,1,1,1,False,-1
8404,TRIPLE,1,1,1,False,-1
8405,TRIPLE,1,1,1,False,-1
8406,DOUBLE,1,1,0,False,-1
8407,TRIPLE,1,1,1,False,-1
8408,DOUBLE,1,1,0,False,-1
8409,TRIPLE,1,1,1,False,-1
8410,TRIPLE,1,1,1,False,-1
8411,TRIPLE,1,1,1,False,-1
8412,TRIPLE,1,1,1,False,-1
8413,TRIPLE,1,1,1,False,-1
8414,SINGLE,1,0,0,False,-1
8415,DOUBLE,1,1,0,False,-1
8416,TRIPLE,1,1,1,False,-1
8417,SINGLE,1,0,0,False,-1
8418,DOUBLE,1,1,0,False,-1
8419,TRIPLE,1,1,1,False,-1
8420,DOUBLE,1,1,0,False,-1
8421,TRIPLE,1,1,1,False,-1
8422,DOUBLE,1,1,0,False,-1
8423,TRIPLE,1,1,1,False,-1
8424,TRIPLE,1,1,1,False,-1
8425,TRIPLE,1,1,1,False,-1
8426,TRIPLE,1,1,1,False,-1
8427,TRIPLE,1,1,1,False,-1
8428,TRIPLE,1,1,1,False,-1
8429,TRIPLE,1,1,1,False,-1
8430,TRIPLE,1,1,1,False,-1
8431,DOUBLE,1,1,0,False,-1
8432,TRIPLE,1,1,1,False,-1
8433,DOUBLE,1,1,0,False,-1
8434,TRIPLE,1,1,1,False,-1
8435,TRIPLE,1,1,1,False,-1
8436,DOUBLE,1,1,0,False,-1
8437,DOUBLE,1,1,0,False,-1
8438,DOUBLE,1,1,0,False,-1
8439,TRIPLE,1,1,1,False,-1
8440,DOUBLE,1,1,0,False,-1
8441,DOUBLE,1,1,0,False,-1
8442,TRIPLE,1,1,1,False,-1
8443,DOUBLE,1,1,0,False,-1
8444,TRIPLE,1,1,1,False,-1
8445,SINGLE,1,0,0,False,-1
8446,TRIPLE,1,1,1,False,-1
8447,DOUBLE,1,1,0,False,-1
8448,TRIPLE,1,1,1,False,-1
8449,TRIPLE,1,1,1,False,-1
8450,SINGLE,1,0,0,False,-1
8451,TRIPLE,1,1,1,False,-1
8452,TRIPLE,1,1,1,False,-1
8453,DOUBLE,1,1,0,False,-1
8454,TRIPLE,1,1,1,False,-1
8455,DOUBLE,1,1,0,False,-1
8456,TRIPLE,1,1,1,False,-1
8457,TRIPLE,1,1,1,False,-1
8458,DOUBLE,1,1,0,False,-1
8459,SINGLE,1,0,0,False,-1
8460,TRIPLE,1,1,1,False,-1
8461,DOUBLE,1,1,0,False,-1
8462,TRIPLE,1,1,1,False,-1
8463,DOUBLE,1,1,0,False,-1
8464,TRIPLE,1,1,1,False,-1
8465,TRIPLE,1,1,1,False,-1
8466,TRIPLE,1,1,1,False,-1
8467,SINGLE,1,0,0,False,-1
8468,SINGLE,1,0,0,False,-1
8469,DOUBLE,1,1,0,False,-1
8470,TRIPLE,1,1,1,False,-1
8471,DOUBLE,1,1,0,False,-1
8472,DOUBLE,1,1,0,False,-1
8473,TRIPLE,1,1,1,False,-1
8474,TRIPLE,1,1,1,False,-1
8475,TRIPLE,1,1,1,False,-1
8476,TRIPLE,1,1,1,False,-1
8477,TRIPLE,1,1,1,False,-1
8478,DOUBLE,1,1,0,False,-1
8479,TRIPLE,1,1,1,False,-1
8480,TRIPLE,1,1,1,False,-1
8481,DOUBLE,1,1,0,False,-1
8482,TRIPLE,1,1,1,False,-1
8483,TRIPLE,1,1,1,False,-1
8484,TRIPLE,1,1,1,False,-1
8485,SINGLE,1,0,0,False,-1
8486,DOUBLE,1,1,0,False,-1
8487,TRIPLE,1,1,1,False,-1
8488,TRIPLE,1,1,1,False,-1
8489,TRIPLE,1,1,1,False,-1
8490,TRIPLE,1,1,1,False,-1
8491,SINGLE,1,0,0,False,-1
8492,SINGLE,1,0,0,False,-1
8493,DOUBLE,1,1,0,False,-1
8494,TRIPLE,1,1,1,False,-1
8495,DOUBLE,1,1,0,False,-1
8496,DOUBLE,1,1,0,False,-1
8497,DOUBLE,1,1,0,False,-1
8498,TRIPLE,1,1,1,False,-1
8499,DOUBLE,1,1,0,False,-1
8500,DOUBLE,1,1,0,False,-1
8501,SINGLE,1,0,0,False,-1
8502,DOUBLE,1,1,0,False,-1
8503,SINGLE,1,0,0,False,-1
8504,TRIPLE,1,1,1,False,-1
8505,TRIPLE,1,1,1,False,-1
8506,SINGLE,1,0,0,False,-1
8507,SINGLE,1,0,0,False,-1
8508,TRIPLE,1,1,1,False,-1
8509,TRIPLE,1,1,1,False,-1
8510,DOUBLE,1,1,0,False,-1
8511,TRIPLE,1,1,1,False,-1
8512,TRIPLE,1,1,1,False,-1
8513,DOUBLE,1,1,0,False,-1
8514,TRIPLE,1,1,1,False,-1
8515,SINGLE,1,0,0,False,-1
8516,TRIPLE,1,1,1,False,-1
8517,TRIPLE,1,1,1,False,-1
8518,DOUBLE,1,1,0,False,-1
8519,TRIPLE,1,1,1,False,-1
8520,TRIPLE,1,1,1,False,-1
8521,DOUBLE,1,1,0,False,-1
8522,TRIPLE,1,1,1,False,-1
8523,TRIPLE,1,1,1,False,-1
8524,SINGLE,1,0,0,False,-1
8525,TRIPLE,1,1,1,False,-1
8526,DOUBLE,1,1,0,False,-1
8527,TRIPLE,1,1,1,False,-1
8528,SINGLE,1,0,0,False,-1
8529,TRIPLE,1,1,1,False,-1
8530,SINGLE,1,0,0,False,-1
8531,DOUBLE,1,1,0,False,-1
8532,TRIPLE,1,1,1,False,-1
8533,DOUBLE,1,1,0,False,-1
8534,DOUBLE,1,1,0,False,-1
8535,TRIPLE,1,1,1,False,-1
8536,TRIPLE,1,1,1,False,-1
8537,DOUBLE,1,1,0,False,-1
8538,SINGLE,1,0,0,False,-1
8539,TRIPLE,1,1,1,False,-1
8540,TRIPLE,1,1,1,False,-1
8541,DOUBLE,1,1,0,False,-1
8542,DOUBLE,1,1,0,False,-1
8543,TRIPLE,1,1,1,False,-1
8544,TRIPLE,1,1,1,False,-1
8545,SINGLE,1,0,0,False,-1
8546,SINGLE,1,0,0,False,-1
8547,TRIPLE,1,1,1,False,-1
8548,TRIPLE,1,1,1,False,-1
8549,SINGLE,1,0,0,False,-1
8550,TRIPLE,1,1,1,False,-1
8551,TRIPLE,1,1,1,False,-1
8552,TRIPLE,1,1,1,False,-1
8553,SINGLE,1,0,0,False,-1
8554,SINGLE,1,0,0,False,-1
8555,DOUBLE,1,1,0,False,-1
8556,SINGLE,1,0,0,False,-1
8557,SINGLE,1,0,0,False,-1
8558,TRIPLE,1,1,1,False,-1
8559,DOUBLE,1,1,0,False,-1
8560,TRIPLE,1,1,1,False,-1
8561,TRIPLE,1,1,1,False,-1
8562,TRIPLE,1,1,1,False,-1
8563,DOUBLE,1,1,0,False,-1
8564,DOUBLE,1,1,0,False,-1
8565,DOUBLE,1,1,0,False,-1
8566,TRIPLE,1,1,1,False,-1
8567,TRIPLE,1,1,1,False,-1
8568,TRIPLE,1,1,1,False,-1
8569,DOUBLE,1,1,0,False,-1
8570,TRIPLE,1,1,1,False,-1
8571,DOUBLE,1,1,0,False,-1
8572,TRIPLE,1,1,1,False,-1
8573,TRIPLE,1,1,1,False,-1
8574,DOUBLE,1,1,0,False,-1
8575,DOUBLE,1,1,0,False,-1
8576,DOUBLE,1,1,0,False,-1
8577,DOUBLE,1,1,0,False,-1
8578,SINGLE,1,0,0,False,-1
8579,TRIPLE,1,1,1,False,-1
8580,TRIPLE,1,1,1,False,-1
8581,SINGLE,1,0,0,False,-1
8582,TRIPLE,1,1,1,False,-1
8583,DOUBLE,1,1,0,False,-1
8584,TRIPLE,1,1,1,False,-1
8585,DOUBLE,1,1,0,False,-1
8586,TRIPLE,1,1,1,False,-1
8587,TRIPLE,1,1,1,False,-1
8588,TRIPLE,1,1,1,False,-1
8589,TRIPLE,1,1,1,False,-1
8590,DOUBLE,1,1,0,False,-1
8591,DOUBLE,1,1,0,False,-1
8592,SINGLE,1,0,0,False,-1
8593,TRIPLE,1,1,1,False,-1
8594,TRIPLE,1,1,1,False,-1
8595,TRIPLE,1,1,1,False,-1
8596,TRIPLE,1,1,1,False,-1
8597,DOUBLE,1,1,0,False,-1
8598,TRIPLE,1,1,1,False,-1
8599,TRIPLE,1,1,1,False,-1
8600,TRIPLE,1,1,1,False,-1
8601,DOUBLE,1,1,0,False,-1
8602,SINGLE,1,0,0,False,-1
8603,DOUBLE,1,1,0,False,-1
8604,TRIPLE,1,1,1,False,-1
8605,TRIPLE,1,1,1,False,-1
8606,SINGLE,1,0,0,False,-1
8607,TRIPLE,1,1,1,False,-1
8608,TRIPLE,1,1,1,False,-1
8609,TRIPLE,1,1,1,False,-1
8610,SINGLE,1,0,0,False,-1
8611,TRIPLE,1,1,1,False,-1
8612,TRIPLE,1,1,1,False,-1
8613,SINGLE,1,0,0,False,-1
8614,TRIPLE,1,1,1,False,-1
8615,DOUBLE,1,1,0,False,-1
8616,TRIPLE,1,1,1,False,-1
8617,SINGLE,1,0,0,False,-1
8618,TRIPLE,1,1,1,False,-1
8619,DOUBLE,1,1,0,False,-1
8620,TRIPLE,1,1,1,False,-1
8621,TRIPLE,1,1,1,False,-1
8622,TRIPLE,1,1,1,False,-1
8623,DOUBLE,1,1,0,False,-1
8624,TRIPLE,1,1,1,False,-1
8625,TRIPLE,1,1,1,False,-1
8626,TRIPLE,1,1,1,False,-1
8627,DOUBLE,1,1,0,False,-1
8628,DOUBLE,1,1,0,False,-1
8629,TRIPLE,1,1,1,False,-1
8630,TRIPLE,1,1,1,False,-1
8631,TRIPLE,1,1,1,False,-1
8632,SINGLE,1,0,0,False,-1
8633,TRIPLE,1,1,1,False,-1
8634,TRIPLE,1,1,1,False,-1
8635,TRIPLE,1,1,1,False,-1
8636,TRIPLE,1,1,1,False,-1
8637,TRIPLE,1,1,1,False,-1
8638,TRIPLE,1,1,1,False,-1
8639,TRIPLE,1,1,1,False,-1
8640,TRIPLE,1,1,1,False,-1
8641,DOUBLE,1,1,0,False,-1
8642,TRIPLE,1,1,1,False,-1
8643,TRIPLE,1,1,1,False,-1
8644,DOUBLE,1,1,0,False,-1
8645,DOUBLE,1,1,0,False,-1
8646,DOUBLE,1,1,0,False,-1
8647,SINGLE,1,0,0,False,-1
8648,DOUBLE,1,1,0,False,-1
8649,TRIPLE,1,1,1,False,-1
8650,TRIPLE,1,1,1,False,-1
8651,TRIPLE,1,1,1,False,-1
8652,TRIPLE,1,1,1,False,-1
8653,TRIPLE,1,1,1,False,-1
8654,TRIPLE,1,1,1,False,-1
8655,TRIPLE,1,1,1,False,-1
8656,TRIPLE,1,1,1,False,-1
8657,TRIPLE,1,1,1,False,-1
8658,DOUBLE,1,1,0,False,-1
8659,TRIPLE,1,1,1,False,-1
8660,DOUBLE,1,1,0,False,-1
8661,DOUBLE,1,1,0,False,-1
8662,TRIPLE,1,1,1,False,-1
8663,SINGLE,1,0,0,False,-1
8664,TRIPLE,1,1,1,False,-1
8665,DOUBLE,1,1,0,False,-1
8666,TRIPLE,1,1,1,False,-1
8667,DOUBLE,1,1,0,False,-1
8668,DOUBLE,1,1,0,False,-1
8669,TRIPLE,1,1,1,False,-1
8670,TRIPLE,1,1,1,False,-1
8671,TRIPLE,1,1,1,False,-1
8672,DOUBLE,1,1,0,False,-1
8673,TRIPLE,1,1,1,False,-1
8674,TRIPLE,1,1,1,False,-1
8675,TRIPLE,1,1,1,False,-1
8676,DOUBLE,1,1,0,False,-1
8677,TRIPLE,1,1,1,False,-1
8678,TRIPLE,1,1,1,False,-1
8679,TRIPLE,1,1,1,False,-1
8680,TRIPLE,1,1,1,False,-1
8681,SINGLE,1,0,0,False,-1
8682,TRIPLE,1,1,1,False,-1
8683,TRIPLE,1,1,1,False,-1
8684,TRIPLE,1,1,1,False,-1
8685,DOUBLE,1,1,0,False,-1
8686,TRIPLE,1,1,1,False,-1
8687,TRIPLE,1,1,1,False,-1
8688,TRIPLE,1,1,1,False,-1
8689,SINGLE,1,0,0,False,-1
8690,DOUBLE,1,1,0,False,-1
8691,TRIPLE,1,1,1,False,-1
8692,TRIPLE,1,1,1,False,-1
8693,DOUBLE,1,1,0,False,-1
8694,SINGLE,1,0,0,False,-1
8695,TRIPLE,1,1,1,False,-1
8696,TRIPLE,1,1,1,False,-1
8697,DOUBLE,1,1,0,False,-1
8698,TRIPLE,1,1,1,False,-1
8699,SINGLE,1,0,0,False,-1
8700,TRIPLE,1,1,1,False,-1
8701,TRIPLE,1,1,1,False,-1
8702,TRIPLE,1,1,1,False,-1
8703,SINGLE,1,0,0,False,-1
8704,DOUBLE,1,1,0,False,-1
8705,TRIPLE,1,1,1,False,-1
8706,TRIPLE,1,1,1,False,-1
8707,TRIPLE,1,1,1,False,-1
8708,TRIPLE,1,1,1,False,-1
8709,SINGLE,1,0,0,False,-1
8710,TRIPLE,1,1,1,False,-1
8711,TRIPLE,1,1,1,False,-1
8712,DOUBLE,1,1,0,False,-1
8713,TRIPLE,1,1,1,False,-1
8714,DOUBLE,1,1,0,False,-1
8715,TRIPLE,1,1,1,False,-1
8716,TRIPLE,1,1,1,False,-1
8717,TRIPLE,1,1,1,False,-1
8718,TRIPLE,1,1,1,False,-1
8719,SINGLE,1,0,0,False,-1
8720,TRIPLE,1,1,1,False,-1
8721,DOUBLE,1,1,0,False,-1
8722,TRIPLE,1,1,1,False,-1
8723,TRIPLE,1,1,1,False,-1
8724,SINGLE,1,0,0,False,-1
8725,TRIPLE,1,1,1,False,-1
8726,TRIPLE,1,1,1,False,-1
8727,DOUBLE,1,1,0,False,-1
8728,TRIPLE,1,1,1,False,-1
8729,DOUBLE,1,1,0,False,-1
8730,TRIPLE,1,1,1,False,-1
8731,TRIPLE,1,1,1,False,-1
8732,TRIPLE,1,1,1,False,-1
8733,TRIPLE,1,1,1,False,-1
8734,TRIPLE,1,1,1,False,-1
8735,TRIPLE,1,1,1,False,-1
8736,TRIPLE,1,1,1,False,-1
8737,TRIPLE,1,1,1,False,-1
8738,TRIPLE,1,1,1,False,-1
8739,TRIPLE,1,1,1,False,-1
8740,TRIPLE,1,1,1,False,-1
8741,TRIPLE,1,1,1,False,-1
8742,DOUBLE,1,1,0,False,-1
8743,SINGLE,1,0,0,False,-1
8744,DOUBLE,1,1,0,False,-1
8745,DOUBLE,1,1,0,False,-1
8746,DOUBLE,1,1,0,False,-1
8747,DOUBLE,1,1,0,False,-1
8748,TRIPLE,1,1,1,False,-1
8749,TRIPLE,1,1,1,False,-1
8750,DOUBLE,1,1,0,False,-1
8751,TRIPLE,1,1,1,False,-1
8752,SINGLE,1,0,0,False,-1
8753,TRIPLE,1,1,1,False,-1
8754,TRIPLE,1,1,1,False,-1
8755,DOUBLE,1,1,0,False,-1
8756,DOUBLE,1,1,0,False,-1
8757,TRIPLE,1,1,1,False,-1
8758,TRIPLE,1,1,1,False,-1
8759,SINGLE,1,0,0,False,-1
8760,DOUBLE,1,1,0,False,-1
8761,SINGLE,1,0,0,False,-1
8762,DOUBLE,1,1,0,False,-1
8763,DOUBLE,1,1,0,False,-1
8764,TRIPLE,1,1,1,False,-1
8765,TRIPLE,1,1,1,False,-1
8766,TRIPLE,1,1,1,False,-1
8767,TRIPLE,1,1,1,False,-1
8768,TRIPLE,1,1,1,False,-1
8769,TRIPLE,1,1,1,False,-1
8770,TRIPLE,1,1,1,False,-1
8771,DOUBLE,1,1,0,False,-1
8772,DOUBLE,1,1,0,False,-1
8773,TRIPLE,1,1,1,False,-1
8774,SINGLE,1,0,0,False,-1
8775,TRIPLE,1,1,1,False,-1
8776,TRIPLE,1,1,1,False,-1
8777,TRIPLE,1,1,1,False,-1
8778,SINGLE,1,0,0,False,-1
8779,TRIPLE,1,1,1,False,-1
8780,TRIPLE,1,1,1,False,-1
8781,TRIPLE,1,1,1,False,-1
8782,SINGLE,1,0,0,False,-1
8783,TRIPLE,1,1,1,False,-1
8784,SINGLE,1,0,0,False,-1
8785,TRIPLE,1,1,1,False,-1
8786,TRIPLE,1,1,1,False,-1
8787,DOUBLE,1,1,0,False,-1
8788,TRIPLE,1,1,1,False,-1
8789,TRIPLE,1,1,1,False,-1
8790,DOUBLE,1,1,0,False,-1
8791,TRIPLE,1,1,1,False,-1
8792,TRIPLE,1,1,1,False,-1
8793,TRIPLE,1,1,1,False,-1
8794,TRIPLE,1,1,1,False,-1
8795,DOUBLE,1,1,0,False,-1
8796,TRIPLE,1,1,1,False,-1
8797,TRIPLE,1,1,1,False,-1
8798,TRIPLE,1,1,1,False,-1
8799,DOUBLE,1,1,0,False,-1
8800,DOUBLE,1,1,0,False,-1
8801,TRIPLE,1,1,1,False,-1
8802,SINGLE,1,0,0,False,-1
8803,DOUBLE,1,1,0,False,-1
8804,TRIPLE,1,1,1,False,-1
8805,SINGLE,1,0,0,False,-1
8806,TRIPLE,1,1,1,False,-1
8807,TRIPLE,1,1,1,False,-1
8808,TRIPLE,1,1,1,False,-1
8809,TRIPLE,1,1,1,False,-1
8810,DOUBLE,1,1,0,False,-1
8811,DOUBLE,1,1,0,False,-1
8812,TRIPLE,1,1,1,False,-1
8813,TRIPLE,1,1,1,False,-1
8814,TRIPLE,1,1,1,False,-1
8815,SINGLE,1,0,0,False,-1
8816,TRIPLE,1,1,1,False,-1
8817,TRIPLE,1,1,1,False,-1
8818,TRIPLE,1,1,1,False,-1
8819,DOUBLE,1,1,0,False,-1
8820,TRIPLE,1,1,1,False,-1
8821,SINGLE,1,0,0,False,-1
8822,SINGLE,1,0,0,False,-1
8823,TRIPLE,1,1,1,False,-1
8824,TRIPLE,1,1,1,False,-1
8825,SINGLE,1,0,0,False,-1
8826,DOUBLE,1,1,0,False,-1
8827,TRIPLE,1,1,1,False,-1
8828,TRIPLE,1,1,1,False,-1
8829,DOUBLE,1,1,0,False,-1
8830,TRIPLE,1,1,1,False,-1
8831,SINGLE,1,0,0,False,-1
8832,DOUBLE,1,1,0,False,-1
8833,TRIPLE,1,1,1,False,-1
8834,DOUBLE,1,1,0,False,-1
8835,TRIPLE,1,1,1,False,-1
8836,TRIPLE,1,1,1,False,-1
8837,DOUBLE,1,1,0,False,-1
8838,DOUBLE,1,1,0,False,-1
8839,TRIPLE,1,1,1,False,-1
8840,TRIPLE,1,1,1,False,-1
8841,DOUBLE,1,1,0,False,-1
8842,DOUBLE,1,1,0,False,-1
8843,SINGLE,1,0,0,False,-1
8844,DOUBLE,1,1,0,False,-1
8845,DOUBLE,1,1,0,False,-1
8846,TRIPLE,1,1,1,False,-1
8847,DOUBLE,1,1,0,False,-1
8848,TRIPLE,1,1,1,False,-1
8849,TRIPLE,1,1,1,False,-1
8850,TRIPLE,1,1,1,False,-1
8851,DOUBLE,1,1,0,False,-1
8852,DOUBLE,1,1,0,False,-1
8853,TRIPLE,1,1,1,False,-1
8854,DOUBLE,1,1,0,False,-1
8855,TRIPLE,1,1,1,False,-1
8856,TRIPLE,1,1,1,False,-1
8857,TRIPLE,1,1,1,False,-1
8858,TRIPLE,1,1,1,False,-1
8859,DOUBLE,1,1,0,False,-1
8860,TRIPLE,1,1,1,False,-1
8861,TRIPLE,1,1,1,False,-1
8862,DOUBLE,1,1,0,False,-1
8863,TRIPLE,1,1,1,False,-1
8864,TRIPLE,1,1,1,False,-1
8865,DOUBLE,1,1,0,False,-1
8866,TRIPLE,1,1,1,False,-1
8867,DOUBLE,1,1,0,False,-1
8868,DOUBLE,1,1,0,False,-1
8869,TRIPLE,1,1,1,False,-1
8870,TRIPLE,1,1,1,False,-1
8871,TRIPLE,1,1,1,False,-1
8872,TRIPLE,1,1,1,False,-1
8873,TRIPLE,1,1,1,False,-1
8874,DOUBLE,1,1,0,False,-1
8875,TRIPLE,1,1,1,False,-1
8876,TRIPLE,1,1,1,False,-1
8877,TRIPLE,1,1,1,False,-1
8878,TRIPLE,1,1,1,False,-1
8879,TRIPLE,1,1,1,False,-1
8880,TRIPLE,1,1,1,False,-1
8881,TRIPLE,1,1,1,False,-1
8882,DOUBLE,1,1,0,False,-1
8883,DOUBLE,1,1,0,False,-1
8884,SINGLE,1,0,0,False,-1
8885,DOUBLE,1,1,0,False,-1
8886,DOUBLE,1,1,0,False,-1
8887,TRIPLE,1,1,1,False,-1
8888,SINGLE,1,0,0,False,-1
8889,TRIPLE,1,1,1,False,-1
8890,SINGLE,1,0,0,False,-1
8891,DOUBLE,1,1,0,False,-1
8892,TRIPLE,1,1,1,False,-1
8893,DOUBLE,1,1,0,False,-1
8894,SINGLE,1,0,0,False,-1
8895,TRIPLE,1,1,1,False,-1
8896,SINGLE,1,0,0,False,-1
8897,TRIPLE,1,1,1,False,-1
8898,TRIPLE,1,1,1,False,-1
8899,TRIPLE,1,1,1,False,-1
8900,TRIPLE,1,1,1,False,-1
8901,DOUBLE,1,1,0,False,-1
8902,TRIPLE,1,1,1,False,-1
8903,DOUBLE,1,1,0,False,-1
8904,TRIPLE,1,1,1,False,-1
8905,SINGLE,1,0,0,False,-1
8906,TRIPLE,1,1,1,False,-1
8907,SINGLE,1,0,0,False,-1
8908,TRIPLE,1,1,1,False,-1
8909,DOUBLE,1,1,0,False,-1
8910,SINGLE,1,0,0,False,-1
8911,TRIPLE,1,1,1,False,-1
8912,SINGLE,1,0,0,False,-1
8913,TRIPLE,1,1,1,False,-1
8914,TRIPLE,1,1,1,False,-1
8915,TRIPLE,1,1,1,False,-1
8916,DOUBLE,1,1,0,False,-1
8917,TRIPLE,1,1,1,False,-1
8918,TRIPLE,1,1,1,False,-1
8919,DOUBLE,1,1,0,False,-1
8920,TRIPLE,1,1,1,False,-1
8921,SINGLE,1,0,0,False,-1
8922,SINGLE,1,0,0,False,-1
8923,DOUBLE,1,1,0,False,-1
8924,TRIPLE,1,1,1,False,-1
8925,DOUBLE,1,1,0,False,-1
8926,TRIPLE,1,1,1,False,-1
8927,TRIPLE,1,1,1,False,-1
8928,SINGLE,1,0,0,False,-1
8929,TRIPLE,1,1,1,False,-1
8930,SINGLE,1,0,0,False,-1
8931,SINGLE,1,0,0,False,-1
8932,TRIPLE,1,1,1,False,-1
8933,TRIPLE,1,1,1,False,-1
8934,DOUBLE,1,1,0,False,-1
8935,TRIPLE,1,1,1,False,-1
8936,TRIPLE,1,1,1,False,-1
8937,TRIPLE,1,1,1,False,-1
8938,TRIPLE,1,1,1,False,-1
8939,DOUBLE,1,1,0,False,-1
8940,TRIPLE,1,1,1,False,-1
8941,TRIPLE,1,1,1,False,-1
8942,SINGLE,1,0,0,False,-1
8943,TRIPLE,1,1,1,False,-1
8944,SINGLE,1,0,0,False,-1
8945,TRIPLE,1,1,1,False,-1
8946,DOUBLE,1,1,0,False,-1
8947,SINGLE,1,0,0,False,-1
8948,DOUBLE,1,1,0,False,-1
8949,TRIPLE,1,1,1,False,-1
8950,TRIPLE,1,1,1,False,-1
8951,TRIPLE,1,1,1,False,-1
8952,TRIPLE,1,1,1,False,-1
8953,TRIPLE,1,1,1,False,-1
8954,DOUBLE,1,1,0,False,-1
8955,DOUBLE,1,1,0,False,-1
8956,DOUBLE,1,1,0,False,-1
8957,SINGLE,1,0,0,False,-1
8958,TRIPLE,1,1,1,False,-1
8959,TRIPLE,1,1,1,False,-1
8960,DOUBLE,1,1,0,False,-1
8961,TRIPLE,1,1,1,False,-1
8962,SINGLE,1,0,0,False,-1
8963,TRIPLE,1,1,1,False,-1
8964,SINGLE,1,0,0,False,-1
8965,TRIPLE,1,1,1,False,-1
8966,TRIPLE,1,1,1,False,-1
8967,SINGLE,1,0,0,False,-1
8968,SINGLE,1,0,0,False,-1
8969,TRIPLE,1,1,1,False,-1
8970,TRIPLE,1,1,1,False,-1
8971,DOUBLE,1,1,0,False,-1
8972,DOUBLE,1,1,0,False,-1
8973,TRIPLE,1,1,1,False,-1
8974,DOUBLE,1,1,0,False,-1
8975,TRIPLE,1,1,1,False,-1
8976,DOUBLE,1,1,0,False,-1
8977,SINGLE,1,0,0,False,-1
8978,TRIPLE,1,1,1,False,-1
8979,TRIPLE,1,1,1,False,-1
8980,TRIPLE,1,1,1,False,-1
8981,TRIPLE,1,1,1,False,-1
8982,TRIPLE,1,1,1,False,-1
8983,TRIPLE,1,1,1,False,-1
8984,SINGLE,1,0,0,False,-1
8985,DOUBLE,1,1,0,False,-1
8986,TRIPLE,1,1,1,False,-1
8987,SINGLE,1,0,0,False,-1
8988,TRIPLE,1,1,1,False,-1
8989,TRIPLE,1,1,1,False,-1
8990,TRIPLE,1,1,1,False,-1
8991,TRIPLE,1,1,1,False,-1
8992,SINGLE,1,0,0,False,-1
8993,TRIPLE,1,1,1,False,-1
8994,SINGLE,1,0,0,False,-1
8995,TRIPLE,1,1,1,False,-1
8996,DOUBLE,1,1,0,False,-1
8997,SINGLE,1,0,0,False,-1
8998,DOUBLE,1,1,0,False,-1
8999,DOUBLE,1,1,0,False,-1
9000,SINGLE,1,0,0,False,-1
9001,DOUBLE,1,1,0,False,-1
9002,TRIPLE,1,1,1,False,-1
9003,TRIPLE,1,1,1,False,-1
9004,TRIPLE,1,1,1,False,-1
9005,TRIPLE,1,1,1,False,-1
9006,DOUBLE,1,1,0,False,-1
9007,SINGLE,1,0,0,False,-1
9008,TRIPLE,1,1,1,False,-1
9009,TRIPLE,1,1,1,False,-1
9010,DOUBLE,1,1,0,False,-1
9011,TRIPLE,1,1,1,False,-1
9012,TRIPLE,1,1,1,False,-1
9013,DOUBLE,1,1,0,False,-1
9014,TRIPLE,1,1,1,False,-1
9015,TRIPLE,1,1,1,False,-1
9016,DOUBLE,1,1,0,False,-1
9017,DOUBLE,1,1,0,False,-1
9018,TRIPLE,1,1,1,False,-1
9019,TRIPLE,1,1,1,False,-1
9020,TRIPLE,1,1,1,False,-1
9021,TRIPLE,1,1,1,False,-1
9022,SINGLE,1,0,0,False,-1
9023,DOUBLE,1,1,0,False,-1
9024,SINGLE,1,0,0,False,-1
9025,DOUBLE,1,1,0,False,-1
9026,TRIPLE,1,1,1,False,-1
9027,TRIPLE,1,1,1,False,-1
9028,TRIPLE,1,1,1,False,-1
9029,TRIPLE,1,1,1,False,-1
9030,TRIPLE,1,1,1,False,-1
9031,TRIPLE,1,1,1,False,-1
9032,TRIPLE,1,1,1,False,-1
9033,TRIPLE,1,1,1,False,-1
9034,TRIPLE,1,1,1,False,-1
9035,TRIPLE,1,1,1,False,-1
9036,TRIPLE,1,1,1,False,-1
9037,TRIPLE,1,1,1,False,-1
9038,TRIPLE,1,1,1,False,-1
9039,SINGLE,1,0,0,False,-1
9040,TRIPLE,1,1,1,False,-1
9041,DOUBLE,1,1,0,False,-1
9042,DOUBLE,1,1,0,False,-1
9043,TRIPLE,1,1,1,False,-1
9044,TRIPLE,1,1,1,False,-1
9045,DOUBLE,1,1,0,False,-1
9046,TRIPLE,1,1,1,False,-1
9047,TRIPLE,1,1,1,False,-1
9048,TRIPLE,1,1,1,False,-1
9049,TRIPLE,1,1,1,False,-1
9050,SINGLE,1,0,0,False,-1
9051,TRIPLE,1,1,1,False,-1
9052,DOUBLE,1,1,0,False,-1
9053,SINGLE,1,0,0,False,-1
9054,DOUBLE,1,1,0,False,-1
9055,DOUBLE,1,1,0,False,-1
9056,DOUBLE,1,1,0,False,-1
9057,TRIPLE,1,1,1,False,-1
9058,TRIPLE,1,1,1,False,-1
9059,TRIPLE,1,1,1,False,-1
9060,TRIPLE,1,1,1,False,-1
9061,TRIPLE,1,1,1,False,-1
9062,DOUBLE,1,1,0,False,-1
9063,DOUBLE,1,1,0,False,-1
9064,TRIPLE,1,1,1,False,-1
9065,SINGLE,1,0,0,False,-1
9066,SINGLE,1,0,0,False,-1
9067,DOUBLE,1,1,0,False,-1
9068,TRIPLE,1,1,1,False,-1
9069,DOUBLE,1,0,1,False,-1
9070,TRIPLE,1,1,1,False,-1
9071,TRIPLE,1,1,1,False,-1
9072,DOUBLE,1,1,0,False,-1
9073,TRIPLE,1,1,1,False,-1
9074,TRIPLE,1,1,1,False,-1
9075,DOUBLE,1,1,0,False,-1
9076,TRIPLE,1,1,1,False,-1
9077,SINGLE,1,0,0,False,-1
9078,TRIPLE,1,1,1,False,-1
9079,SINGLE,1,0,0,False,-1
9080,TRIPLE,1,1,1,False,-1
9081,DOUBLE,1,1,0,False,-1
9082,TRIPLE,1,1,1,False,-1
9083,SINGLE,1,0,0,False,-1
9084,TRIPLE,1,1,1,False,-1
9085,TRIPLE,1,1,1,False,-1
9086,SINGLE,1,0,0,False,-1
9087,TRIPLE,1,1,1,False,-1
9088,SINGLE,1,0,0,False,-1
9089,DOUBLE,1,1,0,False,-1
9090,DOUBLE,1,1,0,False,-1
9091,TRIPLE,1,1,1,False,-1
9092,TRIPLE,1,1,1,False,-1
9093,SINGLE,1,0,0,False,-1
9094,TRIPLE,1,1,1,False,-1
9095,TRIPLE,1,1,1,False,-1
9096,TRIPLE,1,1,1,False,-1
9097,TRIPLE,1,1,1,False,-1
9098,DOUBLE,1,1,0,False,-1
9099,TRIPLE,1,1,1,False,-1
9100,SINGLE,1,0,0,False,-1
9101,TRIPLE,1,1,1,False,-1
9102,DOUBLE,1,1,0,False,-1
9103,TRIPLE,1,1,1,False,-1
9104,TRIPLE,1,1,1,False,-1
9105,TRIPLE,1,1,1,False,-1
9106,TRIPLE,1,1,1,False,-1
9107,TRIPLE,1,1,1,False,-1
9108,TRIPLE,1,1,1,False,-1
9109,SINGLE,1,0,0,False,-1
9110,TRIPLE,1,1,1,False,-1
9111,TRIPLE,1,1,1,False,-1
9112,TRIPLE,1,1,1,False,-1
9113,TRIPLE,1,1,1,False,-1
9114,TRIPLE,1,1,1,False,-1
9115,DOUBLE,1,1,0,False,-1
9116,DOUBLE,1,1,0,False,-1
9117,DOUBLE,1,1,0,False,-1
9118,TRIPLE,1,1,1,False,-1
9119,TRIPLE,1,1,1,False,-1
9120,DOUBLE,1,1,0,False,-1
9121,TRIPLE,1,1,1,False,-1
9122,SINGLE,1,0,0,False,-1
9123,SINGLE,1,0,0,False,-1
9124,TRIPLE,1,1,1,False,-1
9125,DOUBLE,1,1,0,False,-1
9126,SINGLE,1,0,0,False,-1
9127,TRIPLE,1,1,1,False,-1
9128,SINGLE,1,0,0,False,-1
9129,DOUBLE,1,1,0,False,-1
9130,TRIPLE,1,1,1,False,-1
9131,SINGLE,1,0,0,False,-1
9132,TRIPLE,1,1,1,False,-1
9133,TRIPLE,1,1,1,False,-1
9134,TRIPLE,1,1,1,False,-1
9135,DOUBLE,1,1,0,False,-1
9136,SINGLE,1,0,0,False,-1
9137,DOUBLE,1,1,0,False,-1
9138,TRIPLE,1,1,1,False,-1
9139,TRIPLE,1,1,1,False,-1
9140,SINGLE,1,0,0,False,-1
9141,TRIPLE,1,1,1,False,-1
9142,TRIPLE,1,1,1,False,-1
9143,TRIPLE,1,1,1,False,-1
9144,DOUBLE,1,1,0,False,-1
9145,DOUBLE,1,1,0,False,-1
9146,TRIPLE,1,1,1,False,-1
9147,TRIPLE,1,1,1,False,-1
9148,TRIPLE,1,1,1,False,-1
9149,TRIPLE,1,1,1,False,-1
9150,DOUBLE,1,1,0,False,-1
9151,TRIPLE,1,1,1,False,-1
9152,TRIPLE,1,1,1,False,-1
9153,TRIPLE,1,1,1,False,-1
9154,DOUBLE,1,1,0,False,-1
9155,DOUBLE,1,1,0,False,-1
9156,TRIPLE,1,1,1,False,-1
9157,DOUBLE,1,1,0,False,-1
9158,SINGLE,1,0,0,False,-1
9159,DOUBLE,1,1,0,False,-1
9160,TRIPLE,1,1,1,False,-1
9161,DOUBLE,1,1,0,False,-1
9162,DOUBLE,1,1,0,False,-1
9163,SINGLE,1,0,0,False,-1
9164,TRIPLE,1,1,1,False,-1
9165,TRIPLE,1,1,1,False,-1
9166,DOUBLE,1,1,0,False,-1
9167,SINGLE,1,0,0,False,-1
9168,DOUBLE,1,1,0,False,-1
9169,SINGLE,1,0,0,False,-1
9170,TRIPLE,1,1,1,False,-1
9171,TRIPLE,1,1,1,False,-1
9172,SINGLE,1,0,0,False,-1
9173,DOUBLE,1,1,0,False,-1
9174,TRIPLE,1,1,1,False,-1
9175,TRIPLE,1,1,1,False,-1
9176,TRIPLE,1,1,1,False,-1
9177,SINGLE,1,0,0,False,-1
9178,TRIPLE,1,1,1,False,-1
9179,TRIPLE,1,1,1,False,-1
9180,DOUBLE,1,1,0,False,-1
9181,SINGLE,1,0,0,False,-1
9182,DOUBLE,1,1,0,False,-1
9183,DOUBLE,1,1,0,False,-1
9184,TRIPLE,1,1,1,False,-1
9185,TRIPLE,1,1,1,False,-1
9186,TRIPLE,1,1,1,False,-1
9187,DOUBLE,1,1,0,False,-1
9188,TRIPLE,1,1,1,False,-1
9189,DOUBLE,1,1,0,False,-1
9190,TRIPLE,1,1,1,False,-1
9191,TRIPLE,1,1,1,False,-1
9192,TRIPLE,1,1,1,False,-1
9193,TRIPLE,1,1,1,False,-1
9194,TRIPLE,1,1,1,False,-1
9195,TRIPLE,1,1,1,False,-1
9196,TRIPLE,1,1,1,False,-1
9197,DOUBLE,1,1,0,False,-1
9198,TRIPLE,1,1,1,False,-1
9199,TRIPLE,1,1,1,False,-1
9200,TRIPLE,1,1,1,False,-1
9201,DOUBLE,1,1,0,False,-1
9202,DOUBLE,1,1,0,False,-1
9203,TRIPLE,1,1,1,False,-1
9204,DOUBLE,1,1,0,False,-1
9205,TRIPLE,1,1,1,False,-1
9206,DOUBLE,1,1,0,False,-1
9207,TRIPLE,1,1,1,False,-1
9208,TRIPLE,1,1,1,False,-1
9209,TRIPLE,1,1,1,False,-1
9210,DOUBLE,1,1,0,False,-1
9211,TRIPLE,1,1,1,False,-1
9212,TRIPLE,1,1,1,False,-1
9213,DOUBLE,1,1,0,False,-1
9214,TRIPLE,1,1,1,False,-1
9215,TRIPLE,1,1,1,False,-1
9216,DOUBLE,1,1,0,False,-1
9217,TRIPLE,1,1,1,False,-1
9218,TRIPLE,1,1,1,False,-1
9219,TRIPLE,1,1,1,False,-1
9220,TRIPLE,1,1,1,False,-1
9221,TRIPLE,1,1,1,False,-1
9222,TRIPLE,1,1,1,False,-1
9223,DOUBLE,1,1,0,False,-1
9224,TRIPLE,1,1,1,False,-1
9225,TRIPLE,1,1,1,False,-1
9226,TRIPLE,1,1,1,False,-1
9227,SINGLE,1,0,0,False,-1
9228,DOUBLE,1,1,0,False,-1
9229,TRIPLE,1,1,1,False,-1
9230,DOUBLE,1,1,0,False,-1
9231,TRIPLE,1,1,1,False,-1
9232,DOUBLE,1,1,0,False,-1
9233,DOUBLE,1,1,0,False,-1
9234,DOUBLE,1,1,0,False,-1
9235,TRIPLE,1,1,1,False,-1
9236,TRIPLE,1,1,1,False,-1
9237,DOUBLE,1,1,0,False,-1
9238,DOUBLE,1,1,0,False,-1
9239,TRIPLE,1,1,1,False,-1
9240,TRIPLE,1,1,1,False,-1
9241,TRIPLE,1,1,1,False,-1
9242,TRIPLE,1,1,1,False,-1
9243,TRIPLE,1,1,1,False,-1
9244,SINGLE,1,0,0,False,-1
9245,TRIPLE,1,1,1,False,-1
9246,TRIPLE,1,1,1,False,-1
9247,TRIPLE,1,1,1,False,-1
9248,TRIPLE,1,1,1,False,-1
9249,DOUBLE,1,1,0,False,-1
9250,DOUBLE,1,1,0,False,-1
9251,SINGLE,1,0,0,False,-1
9252,TRIPLE,1,1,1,False,-1
9253,TRIPLE,1,1,1,False,-1
9254,TRIPLE,1,1,1,False,-1
9255,SINGLE,1,0,0,False,-1
9256,TRIPLE,1,1,1,False,-1
9257,TRIPLE,1,1,1,False,-1
9258,TRIPLE,1,1,1,False,-1
9259,TRIPLE,1,1,1,False,-1
9260,DOUBLE,1,1,0,False,-1
9261,SINGLE,1,0,0,False,-1
9262,DOUBLE,1,1,0,False,-1
9263,TRIPLE,1,1,1,False,-1
9264,TRIPLE,1,1,1,False,-1
9265,SINGLE,1,0,0,False,-1
9266,DOUBLE,1,1,0,False,-1
9267,DOUBLE,1,1,0,False,-1
9268,TRIPLE,1,1,1,False,-1
9269,TRIPLE,1,1,1,False,-1
9270,TRIPLE,1,1,1,False,-1
9271,TRIPLE,1,1,1,False,-1
9272,TRIPLE,1,1,1,False,-1
9273,TRIPLE,1,1,1,False,-1
9274,DOUBLE,1,1,0,False,-1
9275,TRIPLE,1,1,1,False,-1
9276,TRIPLE,1,1,1,False,-1
9277,DOUBLE,1,1,0,False,-1
9278,TRIPLE,1,1,1,False,-1
9279,TRIPLE,1,1,1,False,-1
9280,SINGLE,1,0,0,False,-1
9281,TRIPLE,1,1,1,False,-1
9282,TRIPLE,1,1,1,False,-1
9283,DOUBLE,1,1,0,False,-1
9284,DOUBLE,1,1,0,False,-1
9285,TRIPLE,1,1,1,False,-1
9286,DOUBLE,1,1,0,False,-1
9287,TRIPLE,1,1,1,False,-1
9288,DOUBLE,1,1,0,False,-1
9289,TRIPLE,1,1,1,False,-1
9290,DOUBLE,1,1,0,False,-1
9291,DOUBLE,1,1,0,False,-1
9292,DOUBLE,1,1,0,False,-1
9293,TRIPLE,1,1,1,False,-1
9294,TRIPLE,1,1,1,False,-1
9295,TRIPLE,1,1,1,False,-1
9296,TRIPLE,1,1,1,False,-1
9297,TRIPLE,1,1,1,False,-1
9298,TRIPLE,1,1,1,False,-1
9299,DOUBLE,1,1,0,False,-1
9300,DOUBLE,1,1,0,False,-1
9301,TRIPLE,1,1,1,False,-1
9302,TRIPLE,1,1,1,False,-1
9303,SINGLE,1,0,0,False,-1
9304,TRIPLE,1,1,1,False,-1
9305,TRIPLE,1,1,1,False,-1
9306,DOUBLE,1,1,0,False,-1
9307,DOUBLE,1,1,0,False,-1
9308,SINGLE,1,0,0,False,-1
9309,DOUBLE,1,1,0,False,-1
9310,TRIPLE,1,1,1,False,-1
9311,DOUBLE,1,1,0,False,-1
9312,SINGLE,1,0,0,False,-1
9313,DOUBLE,1,1,0,False,-1
9314,TRIPLE,1,1,1,False,-1
9315,SINGLE,1,0,0,False,-1
9316,TRIPLE,1,1,1,False,-1
9317,TRIPLE,1,1,1,False,-1
9318,TRIPLE,1,1,1,False,-1
9319,DOUBLE,1,1,0,False,-1
9320,DOUBLE,1,1,0,False,-1
9321,TRIPLE,1,1,1,False,-1
9322,TRIPLE,1,1,1,False,-1
9323,TRIPLE,1,1,1,False,-1
9324,DOUBLE,1,1,0,False,-1
9325,DOUBLE,1,1,0,False,-1
9326,TRIPLE,1,1,1,False,-1
9327,SINGLE,1,0,0,False,-1
9328,TRIPLE,1,1,1,False,-1
9329,TRIPLE,1,1,1,False,-1
9330,TRIPLE,1,1,1,False,-1
9331,TRIPLE,1,1,1,False,-1
9332,TRIPLE,1,1,1,False,-1
9333,TRIPLE,1,1,1,False,-1
9334,TRIPLE,1,1,1,False,-1
9335,DOUBLE,1,1,0,False,-1
9336,TRIPLE,1,1,1,False,-1
9337,TRIPLE,1,1,1,False,-1
9338,TRIPLE,1,1,1,False,-1
9339,SINGLE,1,0,0,False,-1
9340,TRIPLE,1,1,1,False,-1
9341,TRIPLE,1,1,1,False,-1
9342,TRIPLE,1,1,1,False,-1
9343,DOUBLE,1,1,0,False,-1
9344,TRIPLE,1,1,1,False,-1
9345,TRIPLE,1,1,1,False,-1
9346,TRIPLE,1,1,1,False,-1
9347,TRIPLE,1,1,1,False,-1
9348,TRIPLE,1,1,1,False,-1
9349,TRIPLE,1,1,1,False,-1
9350,SINGLE,1,0,0,False,-1
9351,DOUBLE,1,1,0,False,-1
9352,DOUBLE,1,1,0,False,-1
9353,TRIPLE,1,1,1,False,-1
9354,DOUBLE,1,1,0,False,-1
9355,TRIPLE,1,1,1,False,-1
9356,TRIPLE,1,1,1,False,-1
9357,TRIPLE,1,1,1,False,-1
9358,TRIPLE,1,1,1,False,-1
9359,DOUBLE,1,1,0,False,-1
9360,TRIPLE,1,1,1,False,-1
9361,SINGLE,1,0,0,False,-1
9362,DOUBLE,1,1,0,False,-1
9363,TRIPLE,1,1,1,False,-1
9364,DOUBLE,1,1,0,False,-1
9365,TRIPLE,1,1,1,False,-1
9366,TRIPLE,1,1,1,False,-1
9367,TRIPLE,1,1,1,False,-1
9368,SINGLE,1,0,0,False,-1
9369,DOUBLE,1,1,0,False,-1
9370,DOUBLE,1,1,0,False,-1
9371,TRIPLE,1,1,1,False,-1
9372,SINGLE,1,0,0,False,-1
9373,TRIPLE,1,1,1,False,-1
9374,DOUBLE,1,1,0,False,-1
9375,TRIPLE,1,1,1,False,-1
9376,SINGLE,1,0,0,False,-1
9377,SINGLE,1,0,0,False,-1
9378,SINGLE,1,0,0,False,-1
9379,DOUBLE,1,1,0,False,-1
9380,TRIPLE,1,1,1,False,-1
9381,DOUBLE,1,1,0,False,-1
9382,TRIPLE,1,1,1,False,-1
9383,TRIPLE,1,1,1,False,-1
9384,TRIPLE,1,1,1,False,-1
9385,TRIPLE,1,1,1,False,-1
9386,TRIPLE,1,1,1,False,-1
9387,TRIPLE,1,1,1,False,-1
9388,TRIPLE,1,1,1,False,-1
9389,DOUBLE,1,1,0,False,-1
9390,TRIPLE,1,1,1,False,-1
9391,TRIPLE,1,1,1,False,-1
9392,TRIPLE,1,1,1,False,-1
9393,DOUBLE,1,1,0,False,-1
9394,TRIPLE,1,1,1,False,-1
9395,TRIPLE,1,1,1,False,-1
9396,TRIPLE,1,1,1,False,-1
9397,TRIPLE,1,1,1,False,-1
9398,TRIPLE,1,1,1,False,-1
9399,DOUBLE,1,1,0,False,-1
9400,DOUBLE,1,1,0,False,-1
9401,TRIPLE,1,1,1,False,-1
9402,TRIPLE,1,1,1,False,-1
9403,TRIPLE,1,1,1,False,-1
9404,DOUBLE,1,1,0,False,-1
9405,TRIPLE,1,1,1,False,-1
9406,DOUBLE,1,1,0,False,-1
9407,TRIPLE,1,1,1,False,-1
9408,TRIPLE,1,1,1,False,-1
9409,DOUBLE,1,1,0,False,-1
9410,DOUBLE,1,1,0,False,-1
9411,DOUBLE,1,1,0,False,-1
9412,TRIPLE,1,1,1,False,-1
9413,DOUBLE,1,1,0,False,-1
9414,DOUBLE,1,1,0,False,-1
9415,SINGLE,1,0,0,False,-1
9416,TRIPLE,1,1,1,False,-1
9417,TRIPLE,1,1,1,False,-1
9418,TRIPLE,1,1,1,False,-1
9419,TRIPLE,1,1,1,False,-1
9420,SINGLE,1,0,0,False,-1
9421,SINGLE,1,0,0,False,-1
9422,TRIPLE,1,1,1,False,-1
9423,SINGLE,1,0,0,False,-1
9424,DOUBLE,1,1,0,False,-1
9425,TRIPLE,1,1,1,False,-1
9426,DOUBLE,1,1,0,False,-1
9427,TRIPLE,1,1,1,False,-1
9428,DOUBLE,1,1,0,False,-1
9429,TRIPLE,1,1,1,False,-1
9430,DOUBLE,1,1,0,False,-1
9431,TRIPLE,1,1,1,False,-1
9432,TRIPLE,1,1,1,False,-1
9433,SINGLE,1,0,0,False,-1
9434,TRIPLE,1,1,1,False,-1
9435,DOUBLE,1,1,0,False,-1
9436,DOUBLE,1,1,0,False,-1
9437,TRIPLE,1,1,1,False,-1
9438,TRIPLE,1,1,1,False,-1
9439,TRIPLE,1,1,1,False,-1
9440,SINGLE,1,0,0,False,-1
9441,SINGLE,1,0,0,False,-1
9442,SINGLE,1,0,0,False,-1
9443,TRIPLE,1,1,1,False,-1
9444,SINGLE,1,0,0,False,-1
9445,TRIPLE,1,1,1,False,-1
9446,TRIPLE,1,1,1,False,-1
9447,TRIPLE,1,1,1,False,-1
9448,TRIPLE,1,1,1,False,-1
9449,TRIPLE,1,1,1,False,-1
9450,DOUBLE,1,1,0,False,-1
9451,TRIPLE,1,1,1,False,-1
9452,TRIPLE,1,1,1,False,-1
9453,TRIPLE,1,1,1,False,-1
9454,SINGLE,1,0,0,False,-1
9455,TRIPLE,1,1,1,False,-1
9456,TRIPLE,1,1,1,False,-1
9457,DOUBLE,1,1,0,False,-1
9458,DOUBLE,1,1,0,False,-1
9459,SINGLE,1,0,0,False,-1
9460,TRIPLE,1,1,1,False,-1
9461,SINGLE,1,0,0,False,-1
9462,TRIPLE,1,1,1,False,-1
9463,TRIPLE,1,1,1,False,-1
9464,DOUBLE,1,1,0,False,-1
9465,DOUBLE,1,1,0,False,-1
9466,TRIPLE,1,1,1,False,-1
9467,TRIPLE,1,1,1,False,-1
9468,TRIPLE,1,1,1,False,-1
9469,TRIPLE,1,1,1,False,-1
9470,DOUBLE,1,1,0,False,-1
9471,TRIPLE,1,1,1,False,-1
9472,TRIPLE,1,1,1,False,-1
9473,TRIPLE,1,1,1,False,-1
9474,TRIPLE,1,1,1,False,-1
9475,TRIPLE,1,1,1,False,-1
9476,TRIPLE,1,1,1,False,-1
9477,SINGLE,1,0,0,False,-1
9478,DOUBLE,1,1,0,False,-1
9479,TRIPLE,1,1,1,False,-1
9480,TRIPLE,1,1,1,False,-1
9481,TRIPLE,1,1,1,False,-1
9482,TRIPLE,1,1,1,False,-1
9483,SINGLE,1,0,0,False,-1
9484,TRIPLE,1,1,1,False,-1
9485,TRIPLE,1,1,1,False,-1
9486,SINGLE,1,0,0,False,-1
9487,SINGLE,1,0,0,False,-1
9488,TRIPLE,1,1,1,False,-1
9489,DOUBLE,1,1,0,False,-1
9490,SINGLE,1,0,0,False,-1
9491,SINGLE,1,0,0,False,-1
9492,TRIPLE,1,1,1,False,-1
9493,TRIPLE,1,1,1,False,-1
9494,DOUBLE,1,1,0,False,-1
9495,DOUBLE,1,1,0,False,-1
9496,DOUBLE,1,1,0,False,-1
9497,DOUBLE,1,1,0,False,-1
9498,TRIPLE,1,1,1,False,-1
9499,TRIPLE,1,1,1,False,-1
9500,TRIPLE,1,1,1,False,-1
9501,TRIPLE,1,1,1,False,-1
9502,TRIPLE,1,1,1,False,-1
9503,DOUBLE,1,1,0,False,-1
9504,TRIPLE,1,1,1,False,-1
9505,TRIPLE,1,1,1,False,-1
9506,DOUBLE,1,1,0,False,-1
9507,TRIPLE,1,1,1,False,-1
9508,TRIPLE,1,1,1,False,-1
9509,SINGLE,1,0,0,False,-1
9510,DOUBLE,1,1,0,False,-1
9511,TRIPLE,1,1,1,False,-1
9512,SINGLE,1,0,0,False,-1
9513,TRIPLE,1,1,1,False,-1
9514,TRIPLE,1,1,1,False,-1
9515,TRIPLE,1,1,1,False,-1
9516,SINGLE,1,0,0,False,-1
9517,TRIPLE,1,1,1,False,-1
9518,TRIPLE,1,1,1,False,-1
9519,TRIPLE,1,1,1,False,-1
9520,TRIPLE,1,1,1,False,-1
9521,TRIPLE,1,1,1,False,-1
9522,DOUBLE,1,1,0,False,-1
9523,TRIPLE,1,1,1,False,-1
9524,DOUBLE,1,1,0,False,-1
9525,TRIPLE,1,1,1,False,-1
9526,TRIPLE,1,1,1,False,-1
9527,TRIPLE,1,1,1,False,-1
9528,DOUBLE,1,1,0,False,-1
9529,SINGLE,1,0,0,False,-1
9530,TRIPLE,1,1,1,False,-1
9531,TRIPLE,1,1,1,False,-1
9532,TRIPLE,1,1,1,False,-1
9533,TRIPLE,1,1,1,False,-1
9534,DOUBLE,1,1,0,False,-1
9535,SINGLE,1,0,0,False,-1
9536,DOUBLE,1,1,0,False,-1
9537,SINGLE,1,0,0,False,-1
9538,TRIPLE,1,1,1,False,-1
9539,TRIPLE,1,1,1,False,-1
9540,DOUBLE,1,1,0,False,-1
9541,DOUBLE,1,1,0,False,-1
9542,TRIPLE,1,1,1,False,-1
9543,TRIPLE,1,1,1,False,-1
9544,DOUBLE,1,1,0,False,-1
9545,TRIPLE,1,1,1,False,-1
9546,SINGLE,1,0,0,False,-1
9547,TRIPLE,1,1,1,False,-1
9548,DOUBLE,1,1,0,False,-1
9549,SINGLE,1,0,0,False,-1
9550,TRIPLE,1,1,1,False,-1
9551,TRIPLE,1,1,1,False,-1
9552,DOUBLE,1,1,0,False,-1
9553,TRIPLE,1,1,1,False,-1
9554,TRIPLE,1,1,1,False,-1
9555,TRIPLE,1,1,1,False,-1
9556,SINGLE,1,0,0,False,-1
9557,DOUBLE,1,1,0,False,-1
9558,SINGLE,1,0,0,False,-1
9559,TRIPLE,1,1,1,False,-1
9560,SINGLE,1,0,0,False,-1
9561,TRIPLE,1,1,1,False,-1
9562,TRIPLE,1,1,1,False,-1
9563,TRIPLE,1,1,1,False,-1
9564,TRIPLE,1,1,1,False,-1
9565,SINGLE,1,0,0,False,-1
9566,TRIPLE,1,1,1,False,-1
9567,TRIPLE,1,1,1,False,-1
9568,TRIPLE,1,1,1,False,-1
9569,TRIPLE,1,1,1,False,-1
9570,DOUBLE,1,1,0,False,-1
9571,DOUBLE,1,1,0,False,-1
9572,TRIPLE,1,1,1,False,-1
9573,TRIPLE,1,1,1,False,-1
9574,SINGLE,1,0,0,False,-1
9575,TRIPLE,1,1,1,False,-1
9576,DOUBLE,1,1,0,False,-1
9577,TRIPLE,1,1,1,False,-1
9578,TRIPLE,1,1,1,False,-1
9579,TRIPLE,1,1,1,False,-1
9580,SINGLE,1,0,0,False,-1
9581,SINGLE,1,0,0,False,-1
9582,TRIPLE,1,1,1,False,-1
9583,TRIPLE,1,1,1,False,-1
9584,DOUBLE,1,1,0,False,-1
9585,TRIPLE,1,1,1,False,-1
9586,TRIPLE,1,1,1,False,-1
9587,TRIPLE,1,1,1,False,-1
9588,SINGLE,1,0,0,False,-1
9589,TRIPLE,1,1,1,False,-1
9590,DOUBLE,1,1,0,False,-1
9591,TRIPLE,1,1,1,False,-1
9592,TRIPLE,1,1,1,False,-1
9593,TRIPLE,1,1,1,False,-1
9594,DOUBLE,1,1,0,False,-1
9595,TRIPLE,1,1,1,False,-1
9596,DOUBLE,1,1,0,False,-1
9597,TRIPLE,1,1,1,False,-1
9598,TRIPLE,1,1,1,False,-1
9599,SINGLE,1,0,0,False,-1
9600,TRIPLE,1,1,1,False,-1
9601,TRIPLE,1,1,1,False,-1
9602,DOUBLE,1,1,0,False,-1
9603,TRIPLE,1,1,1,False,-1
9604,TRIPLE,1,1,1,False,-1
9605,TRIPLE,1,1,1,False,-1
9606,TRIPLE,1,1,1,False,-1
9607,DOUBLE,1,1,0,False,-1
9608,TRIPLE,1,1,1,False,-1
9609,TRIPLE,1,1,1,False,-1
9610,SINGLE,1,0,0,False,-1
9611,TRIPLE,1,1,1,False,-1
9612,SINGLE,1,0,0,False,-1
9613,SINGLE,1,0,0,False,-1
9614,DOUBLE,1,1,0,False,-1
9615,TRIPLE,1,1,1,False,-1
9616,DOUBLE,1,1,0,False,-1
9617,TRIPLE,1,1,1,False,-1
9618,TRIPLE,1,1,1,False,-1
9619,TRIPLE,1,1,1,False,-1
9620,DOUBLE,1,1,0,False,-1
9621,DOUBLE,1,1,0,False,-1
9622,TRIPLE,1,1,1,False,-1
9623,DOUBLE,1,1,0,False,-1
9624,TRIPLE,1,1,1,False,-1
9625,DOUBLE,1,1,0,False,-1
9626,TRIPLE,1,1,1,False,-1
9627,SINGLE,1,0,0,False,-1
9628,TRIPLE,1,1,1,False,-1
9629,TRIPLE,1,1,1,False,-1
9630,DOUBLE,1,1,0,False,-1
9631,DOUBLE,1,1,0,False,-1
9632,TRIPLE,1,1,1,False,-1
9633,TRIPLE,1,1,1,False,-1
9634,TRIPLE,1,1,1,False,-1
9635,TRIPLE,1,1,1,False,-1
9636,TRIPLE,1,1,1,False,-1
9637,TRIPLE,1,1,1,False,-1
9638,TRIPLE,1,1,1,False,-1
9639,DOUBLE,1,1,0,False,-1
9640,DOUBLE,1,1,0,False,-1
9641,TRIPLE,1,1,1,False,-1
9642,DOUBLE,1,1,0,False,-1
9643,TRIPLE,1,1,1,False,-1
9644,TRIPLE,1,1,1,False,-1
9645,SINGLE,1,0,0,False,-1
9646,TRIPLE,1,1,1,False,-1
9647,DOUBLE,1,1,0,False,-1
9648,TRIPLE,1,1,1,False,-1
9649,TRIPLE,1,1,1,False,-1
9650,TRIPLE,1,1,1,False,-1
9651,TRIPLE,1,1,1,False,-1
9652,TRIPLE,1,1,1,False,-1
9653,TRIPLE,1,1,1,False,-1
9654,TRIPLE,1,1,1,False,-1
9655,DOUBLE,1,1,0,False,-1
9656,DOUBLE,1,1,0,False,-1
9657,TRIPLE,1,1,1,False,-1
9658,TRIPLE,1,1,1,False,-1
9659,DOUBLE,1,1,0,False,-1
9660,DOUBLE,1,1,0,False,-1
9661,TRIPLE,1,1,1,False,-1
9662,TRIPLE,1,1,1,False,-1
9663,TRIPLE,1,1,1,False,-1
9664,TRIPLE,1,1,1,False,-1
9665,DOUBLE,1,1,0,False,-1
9666,TRIPLE,1,1,1,False,-1
9667,TRIPLE,1,1,1,False,-1
9668,SINGLE,1,0,0,False,-1
9669,SINGLE,1,0,0,False,-1
9670,TRIPLE,1,1,1,False,-1
9671,DOUBLE,1,1,0,False,-1
9672,TRIPLE,1,1,1,False,-1
9673,TRIPLE,1,1,1,False,-1
9674,TRIPLE,1,1,1,False,-1
9675,TRIPLE,1,1,1,False,-1
9676,TRIPLE,1,1,1,False,-1
9677,SINGLE,1,0,0,False,-1
9678,TRIPLE,1,1,1,False,-1
9679,TRIPLE,1,1,1,False,-1
9680,DOUBLE,1,1,0,False,-1
9681,DOUBLE,1,1,0,False,-1
9682,TRIPLE,1,1,1,False,-1
9683,TRIPLE,1,1,1,False,-1
9684,DOUBLE,1,1,0,False,-1
9685,SINGLE,1,0,0,False,-1
9686,DOUBLE,1,1,0,False,-1
9687,TRIPLE,1,1,1,False,-1
9688,TRIPLE,1,1,1,False,-1
9689,TRIPLE,1,1,1,False,-1
9690,DOUBLE,1,1,0,False,-1
9691,DOUBLE,1,1,0,False,-1
9692,SINGLE,1,0,0,False,-1
9693,DOUBLE,1,1,0,False,-1
9694,TRIPLE,1,1,1,False,-1
9695,DOUBLE,1,1,0,False,-1
9696,SINGLE,1,0,0,False,-1
9697,TRIPLE,1,1,1,False,-1
9698,DOUBLE,1,1,0,False,-1
9699,DOUBLE,1,1,0,False,-1
9700,TRIPLE,1,1,1,False,-1
9701,TRIPLE,1,1,1,False,-1
9702,TRIPLE,1,1,1,False,-1
9703,TRIPLE,1,1,1,False,-1
9704,TRIPLE,1,1,1,False,-1
9705,DOUBLE,1,1,0,False,-1
9706,DOUBLE,1,1,0,False,-1
9707,TRIPLE,1,1,1,False,-1
9708,DOUBLE,1,1,0,False,-1
9709,SINGLE,1,0,0,False,-1
9710,DOUBLE,1,1,0,False,-1
9711,TRIPLE,1,1,1,False,-1
9712,TRIPLE,1,1,1,False,-1
9713,DOUBLE,1,1,0,False,-1
9714,DOUBLE,1,1,0,False,-1
9715,TRIPLE,1,1,1,False,-1
9716,TRIPLE,1,1,1,False,-1
9717,SINGLE,1,0,0,False,-1
9718,TRIPLE,1,1,1,False,-1
9719,DOUBLE,1,1,0,False,-1
9720,DOUBLE,1,1,0,False,-1
9721,DOUBLE,1,1,0,False,-1
9722,TRIPLE,1,1,1,False,-1
9723,SINGLE,1,0,0,False,-1
9724,TRIPLE,1,1,1,False,-1
9725,SINGLE,1,0,0,False,-1
9726,DOUBLE,1,1,0,False,-1
9727,DOUBLE,1,1,0,False,-1
9728,TRIPLE,1,1,1,False,-1
9729,TRIPLE,1,1,1,False,-1
9730,TRIPLE,1,1,1,False,-1
9731,DOUBLE,1,1,0,False,-1
9732,DOUBLE,1,1,0,False,-1
9733,TRIPLE,1,1,1,False,-1
9734,DOUBLE,1,1,0,False,-1
9735,TRIPLE,1,1,1,False,-1
9736,TRIPLE,1,1,1,False,-1
9737,DOUBLE,1,1,0,False,-1
9738,SINGLE,1,0,0,False,-1
9739,TRIPLE,1,1,1,False,-1
9740,SINGLE,1,0,0,False,-1
9741,TRIPLE,1,1,1,False,-1
9742,TRIPLE,1,1,1,False,-1
9743,SINGLE,1,0,0,False,-1
9744,DOUBLE,1,1,0,False,-1
9745,DOUBLE,1,1,0,False,-1
9746,TRIPLE,1,1,1,False,-1
9747,TRIPLE,1,1,1,False,-1
9748,TRIPLE,1,1,1,False,-1
9749,TRIPLE,1,1,1,False,-1
9750,TRIPLE,1,1,1,False,-1
9751,DOUBLE,1,1,0,False,-1
9752,TRIPLE,1,1,1,False,-1
9753,TRIPLE,1,1,1,False,-1
9754,TRIPLE,1,1,1,False,-1
9755,DOUBLE,1,1,0,False,-1
9756,DOUBLE,1,1,0,False,-1
9757,TRIPLE,1,1,1,False,-1
9758,DOUBLE,1,1,0,False,-1
9759,SINGLE,1,0,0,False,-1
9760,DOUBLE,1,1,0,False,-1
9761,TRIPLE,1,1,1,False,-1
9762,SINGLE,1,0,0,False,-1
9763,TRIPLE,1,1,1,False,-1
9764,TRIPLE,1,1,1,False,-1
9765,TRIPLE,1,1,1,False,-1
9766,SINGLE,1,0,0,False,-1
9767,SINGLE,1,0,0,False,-1
9768,TRIPLE,1,1,1,False,-1
9769,TRIPLE,1,1,1,False,-1
9770,TRIPLE,1,1,1,False,-1
9771,TRIPLE,1,1,1,False,-1
9772,DOUBLE,1,1,0,False,-1
9773,TRIPLE,1,1,1,False,-1
9774,DOUBLE,1,1,0,False,-1
9775,TRIPLE,1,1,1,False,-1
9776,DOUBLE,1,1,0,False,-1
9777,DOUBLE,1,1,0,False,-1
9778,DOUBLE,1,1,0,False,-1
9779,TRIPLE,1,1,1,False,-1
9780,TRIPLE,1,1,1,False,-1
9781,TRIPLE,1,1,1,False,-1
9782,TRIPLE,1,1,1,False,-1
9783,TRIPLE,1,1,1,False,-1
9784,TRIPLE,1,1,1,False,-1
9785,TRIPLE,1,1,1,False,-1
9786,SINGLE,1,0,0,False,-1
9787,TRIPLE,1,1,1,False,-1
9788,TRIPLE,1,1,1,False,-1
9789,DOUBLE,1,1,0,False,-1
9790,TRIPLE,1,1,1,False,-1
9791,DOUBLE,1,1,0,False,-1
9792,DOUBLE,1,1,0,False,-1
9793,DOUBLE,1,1,0,False,-1
9794,TRIPLE,1,1,1,False,-1
9795,TRIPLE,1,1,1,False,-1
9796,TRIPLE,1,1,1,False,-1
9797,TRIPLE,1,1,1,False,-1
9798,TRIPLE,1,1,1,False,-1
9799,TRIPLE,1,1,1,False,-1
9800,DOUBLE,1,1,0,False,-1
9801,DOUBLE,1,1,0,False,-1
9802,TRIPLE,1,1,1,False,-1
9803,TRIPLE,1,1,1,False,-1
9804,DOUBLE,1,1,0,False,-1
9805,DOUBLE,1,1,0,False,-1
9806,TRIPLE,1,1,1,False,-1
9807,DOUBLE,1,1,0,False,-1
9808,SINGLE,1,0,0,False,-1
9809,SINGLE,1,0,0,False,-1
9810,TRIPLE,1,1,1,False,-1
9811,TRIPLE,1,1,1,False,-1
9812,TRIPLE,1,1,1,False,-1
9813,DOUBLE,1,1,0,False,-1
9814,TRIPLE,1,1,1,False,-1
9815,TRIPLE,1,1,1,False,-1
9816,TRIPLE,1,1,1,False,-1
9817,TRIPLE,1,1,1,False,-1
9818,TRIPLE,1,1,1,False,-1
9819,TRIPLE,1,1,1,False,-1
9820,TRIPLE,1,1,1,False,-1
9821,DOUBLE,1,1,0,False,-1
9822,TRIPLE,1,1,1,False,-1
9823,DOUBLE,1,1,0,False,-1
9824,SINGLE,1,0,0,False,-1
9825,DOUBLE,1,1,0,False,-1
9826,SINGLE,1,0,0,False,-1
9827,SINGLE,1,0,0,False,-1
9828,TRIPLE,1,1,1,False,-1
9829,TRIPLE,1,1,1,False,-1
9830,DOUBLE,1,1,0,False,-1
9831,SINGLE,1,0,0,False,-1
9832,TRIPLE,1,1,1,False,-1
9833,TRIPLE,1,1,1,False,-1
9834,SINGLE,1,0,0,False,-1
9835,DOUBLE,1,1,0,False,-1
9836,TRIPLE,1,1,1,False,-1
9837,DOUBLE,1,1,0,False,-1
9838,TRIPLE,1,1,1,False,-1
9839,TRIPLE,1,1,1,False,-1
9840,TRIPLE,1,1,1,False,-1
9841,TRIPLE,1,1,1,False,-1
9842,DOUBLE,1,1,0,False,-1
9843,DOUBLE,1,1,0,False,-1
9844,TRIPLE,1,1,1,False,-1
9845,SINGLE,1,0,0,False,-1
9846,TRIPLE,1,1,1,False,-1
9847,TRIPLE,1,1,1,False,-1
9848,TRIPLE,1,1,1,False,-1
9849,TRIPLE,1,1,1,False,-1
9850,TRIPLE,1,1,1,False,-1
9851,TRIPLE,1,1,1,False,-1
9852,TRIPLE,1,1,1,False,-1
9853,DOUBLE,1,1,0,False,-1
9854,TRIPLE,1,1,1,False,-1
9855,TRIPLE,1,1,1,False,-1
9856,DOUBLE,1,1,0,False,-1
9857,DOUBLE,1,1,0,False,-1
9858,TRIPLE,1,1,1,False,-1
9859,TRIPLE,1,1,1,False,-1
9860,DOUBLE,1,1,0,False,-1
9861,TRIPLE,1,1,1,False,-1
9862,TRIPLE,1,1,1,False,-1
9863,DOUBLE,1,1,0,False,-1
9864,TRIPLE,1,1,1,False,-1
9865,TRIPLE,1,1,1,False,-1
9866,TRIPLE,1,1,1,False,-1
9867,DOUBLE,1,1,0,False,-1
9868,DOUBLE,1,1,0,False,-1
9869,DOUBLE,1,1,0,False,-1
9870,DOUBLE,1,1,0,False,-1
9871,TRIPLE,1,1,1,False,-1
9872,TRIPLE,1,1,1,False,-1
9873,TRIPLE,1,1,1,False,-1
9874,TRIPLE,1,1,1,False,-1
9875,TRIPLE,1,1,1,False,-1
9876,TRIPLE,1,1,1,False,-1
9877,TRIPLE,1,1,1,False,-1
9878,SINGLE,1,0,0,False,-1
9879,TRIPLE,1,1,1,False,-1
9880,DOUBLE,1,1,0,False,-1
9881,TRIPLE,1,1,1,False,-1
9882,TRIPLE,1,1,1,False,-1
9883,TRIPLE,1,1,1,False,-1
9884,SINGLE,1,0,0,False,-1
9885,DOUBLE,1,1,0,False,-1
9886,TRIPLE,1,1,1,False,-1
9887,DOUBLE,1,1,0,False,-1
9888,TRIPLE,1,1,1,False,-1
9889,DOUBLE,1,1,0,False,-1
9890,TRIPLE,1,1,1,False,-1
9891,TRIPLE,1,1,1,False,-1
9892,DOUBLE,1,1,0,False,-1
9893,DOUBLE,1,1,0,False,-1
9894,DOUBLE,1,1,0,False,-1
9895,TRIPLE,1,1,1,False,-1
9896,TRIPLE,1,1,1,False,-1
9897,DOUBLE,1,1,0,False,-1
9898,SINGLE,1,0,0,False,-1
9899,DOUBLE,1,1,0,False,-1
9900,DOUBLE,1,1,0,False,-1
9901,TRIPLE,1,1,1,False,-1
9902,TRIPLE,1,1,1,False,-1
9903,TRIPLE,1,1,1,False,-1
9904,TRIPLE,1,1,1,False,-1
9905,SINGLE,1,0,0,False,-1
9906,TRIPLE,1,1,1,False,-1
9907,SINGLE,1,0,0,False,-1
9908,TRIPLE,1,1,1,False,-1
9909,TRIPLE,1,1,1,False,-1
9910,TRIPLE,1,1,1,False,-1
9911,TRIPLE,1,1,1,False,-1
9912,DOUBLE,1,1,0,False,-1
9913,TRIPLE,1,1,1,False,-1
9914,DOUBLE,1,1,0,False,-1
9915,TRIPLE,1,1,1,False,-1
9916,TRIPLE,1,1,1,False,-1
9917,SINGLE,1,0,0,False,-1
9918,TRIPLE,1,1,1,False,-1
9919,TRIPLE,1,1,1,False,-1
9920,DOUBLE,1,1,0,False,-1
9921,SINGLE,1,0,0,False,-1
9922,DOUBLE,1,1,0,False,-1
9923,TRIPLE,1,1,1,False,-1
9924,DOUBLE,1,1,0,False,-1
9925,TRIPLE,1,1,1,False,-1
9926,TRIPLE,1,1,1,False,-1
9927,DOUBLE,1,1,0,False,-1
9928,TRIPLE,1,1,1,False,-1
9929,TRIPLE,1,1,1,False,-1
9930,TRIPLE,1,1,1,False,-1
9931,SINGLE,1,0,0,False,-1
9932,DOUBLE,1,1,0,False,-1
9933,TRIPLE,1,1,1,False,-1
9934,TRIPLE,1,1,1,False,-1
9935,TRIPLE,1,1,1,False,-1
9936,DOUBLE,1,1,0,False,-1
9937,DOUBLE,1,1,0,False,-1
9938,TRIPLE,1,1,1,False,-1
9939,SINGLE,1,0,0,False,-1
9940,DOUBLE,1,1,0,False,-1
9941,TRIPLE,1,1,1,False,-1
9942,TRIPLE,1,1,1,False,-1
9943,TRIPLE,1,1,1,False,-1
9944,TRIPLE,1,1,1,False,-1
9945,SINGLE,1,0,0,False,-1
9946,TRIPLE,1,1,1,False,-1
9947,SINGLE,1,0,0,False,-1
9948,SINGLE,1,0,0,False,-1
9949,SINGLE,1,0,0,False,-1
9950,DOUBLE,1,1,0,False,-1
9951,TRIPLE,1,1,1,False,-1
9952,DOUBLE,1,1,0,False,-1
9953,TRIPLE,1,1,1,False,-1
9954,TRIPLE,1,1,1,False,-1
9955,TRIPLE,1,1,1,False,-1
9956,DOUBLE,1,1,0,False,-1
9957,TRIPLE,1,1,1,False,-1
9958,DOUBLE,1,1,0,False,-1
9959,DOUBLE,1,1,0,False,-1
9960,DOUBLE,1,1,0,False,-1
9961,DOUBLE,1,1,0,False,-1
9962,DOUBLE,1,1,0,False,-1
9963,SINGLE,1,0,0,False,-1
9964,TRIPLE,1,1,1,False,-1
9965,DOUBLE,1,1,0,False,-1
9966,TRIPLE,1,1,1,False,-1
9967,DOUBLE,1,1,0,False,-1
9968,TRIPLE,1,1,1,False,-1
9969,DOUBLE,1,1,0,False,-1
9970,SINGLE,1,0,0,False,-1
9971,TRIPLE,1,1,1,False,-1
9972,TRIPLE,1,1,1,False,-1
9973,SINGLE,1,0,0,False,-1
9974,SINGLE,1,0,0,False,-1
9975,DOUBLE,1,1,0,False,-1
9976,SINGLE,1,0,0,False,-1
9977,DOUBLE,1,1,0,False,-1
9978,DOUBLE,1,1,0,False,-1
9979,DOUBLE,1,1,0,False,-1
9980,TRIPLE,1,1,1,False,-1
9981,TRIPLE,1,1,1,False,-1
9982,DOUBLE,1,1,0,False,-1
9983,TRIPLE,1,1,1,False,-1
9984,TRIPLE,1,1,1,False,-1
9985,DOUBLE,1,1,0,False,-1
9986,TRIPLE,1,1,1,False,-1
9987,DOUBLE,1,1,0,False,-1
9988,DOUBLE,1,1,0,False,-1
9989,TRIPLE,1,1,1,False,-1
9990,DOUBLE,1,1,0,False,-1
9991,TRIPLE,1,1,1,False,-1
9992,TRIPLE,1,1,1,False,-1
9993,SINGLE,1,0,0,False,-1
9994,TRIPLE,1,1,1,False,-1
9995,TRIPLE,1,1,1,False,-1
9996,TRIPLE,1,1,1,False,-1
9997,DOUBLE,1,1,0,False,-1
9998,TRIPLE,1,1,1,False,-1
9999,TRIPLE,1,1,1,False,-1
