EventID,HitTop,HitMiddle,HitBottom,DecayTime_ns
0,TRIPLE,1,1,1,False,-1
1,DOUBLE,0,1,1,False,-1
2,TRIPLE,1,1,1,False,-1
3,SINGLE,0,0,1,False,-1
4,SINGLE,0,0,1,False,-1
6,DOUBLE,0,1,1,False,-1
7,TRIPLE,1,1,1,False,-1
8,TRIPLE,1,1,1,False,-1
9,DOUBLE,0,1,1,False,-1
10,TRIPLE,1,1,1,False,-1
11,TRIPLE,1,1,1,False,-1
12,TRIPLE,1,1,1,False,-1
13,TRIPLE,1,1,1,False,-1
14,DOUBLE,0,1,1,False,-1
15,TRIPLE,1,1,1,False,-1
16,TRIPLE,1,1,1,False,-1
19,TRIPLE,1,1,1,False,-1
20,TRIPLE,1,1,1,False,-1
21,DOUBLE,0,1,1,False,-1
22,DOUBLE,0,1,1,False,-1
23,SINGLE,0,0,1,False,-1
25,TRIPLE,1,1,1,False,-1
26,TRIPLE,1,1,1,False,-1
27,SINGLE,0,0,1,False,-1
28,TRIPLE,1,1,1,False,-1
31,TRIPLE,1,1,1,False,-1
32,TRIPLE,1,1,1,False,-1
33,DOUBLE,0,1,1,False,-1
34,TRIPLE,1,1,1,False,-1
36,TRIPLE,1,1,1,False,-1
37,DOUBLE,0,1,1,False,-1
38,TRIPLE,1,1,1,False,-1
39,TRIPLE,1,1,1,False,-1
40,TRIPLE,1,1,1,False,-1
41,TRIPLE,1,1,1,False,-1
42,TRIPLE,1,1,1,False,-1
43,DOUBLE,0,1,1,False,-1
44,TRIPLE,1,1,1,False,-1
45,TRIPLE,1,1,1,False,-1
46,TRIPLE,1,1,1,False,-1
47,TRIPLE,1,1,1,False,-1
48,DOUBLE,0,1,1,False,-1
49,TRIPLE,1,1,1,False,-1
50,DOUBLE,0,1,1,False,-1
51,DOUBLE,0,1,1,False,-1
53,DOUBLE,0,1,1,False,-1
54,TRIPLE,1,1,1,False,-1
55,TRIPLE,1,1,1,False,-1
56,TRIPLE,1,1,1,False,-1
57,TRIPLE,1,1,1,False,-1
58,TRIPLE,1,1,1,False,-1
59,TRIPLE,1,1,1,False,-1
60,TRIPLE,1,1,1,False,-1
61,TRIPLE,1,1,1,False,-1
62,TRIPLE,1,1,1,False,-1
63,SINGLE,0,0,1,False,-1
64,SINGLE,0,0,1,False,-1
65,DOUBLE,0,1,1,False,-1
66,TRIPLE,1,1,1,False,-1
67,TRIPLE,1,1,1,False,-1
68,TRIPLE,1,1,1,False,-1
69,DOUBLE,0,1,1,False,-1
70,TRIPLE,1,1,1,False,-1
71,DOUBLE,0,1,1,False,-1
72,TRIPLE,1,1,1,False,-1
73,SINGLE,0,0,1,False,-1
74,DOUBLE,0,1,1,False,-1
75,DOUBLE,0,1,1,False,-1
76,DOUBLE,0,1,1,False,-1
77,DOUBLE,0,1,1,False,-1
78,TRIPLE,1,1,1,False,-1
79,DOUBLE,0,1,1,False,-1
80,TRIPLE,1,1,1,False,-1
81,TRIPLE,1,1,1,False,-1
82,SINGLE,0,0,1,False,-1
83,TRIPLE,1,1,1,False,-1
85,DOUBLE,0,1,1,False,-1
86,SINGLE,0,0,1,False,-1
87,SINGLE,0,0,1,False,-1
88,SINGLE,0,0,1,False,-1
89,SINGLE,0,0,1,False,-1
90,DOUBLE,0,1,1,False,-1
91,TRIPLE,1,1,1,False,-1
92,SINGLE,0,0,1,False,-1
93,TRIPLE,1,1,1,False,-1
94,DOUBLE,0,1,1,False,-1
95,SINGLE,0,0,1,False,-1
96,DOUBLE,0,1,1,False,-1
97,TRIPLE,1,1,1,False,-1
98,TRIPLE,1,1,1,False,-1
99,SINGLE,0,0,1,False,-1
100,DOUBLE,0,1,1,False,-1
101,TRIPLE,1,1,1,False,-1
102,DOUBLE,0,1,1,False,-1
103,TRIPLE,1,1,1,False,-1
104,SINGLE,0,0,1,False,-1
105,TRIPLE,1,1,1,False,-1
106,DOUBLE,0,1,1,False,-1
107,TRIPLE,1,1,1,False,-1
108,SINGLE,0,0,1,False,-1
109,TRIPLE,1,1,1,False,-1
110,DOUBLE,0,1,1,False,-1
111,DOUBLE,0,1,1,False,-1
112,DOUBLE,0,1,1,False,-1
113,TRIPLE,1,1,1,False,-1
114,TRIPLE,1,1,1,False,-1
115,TRIPLE,1,1,1,False,-1
116,TRIPLE,1,1,1,False,-1
117,DOUBLE,0,1,1,False,-1
118,TRIPLE,1,1,1,False,-1
119,DOUBLE,0,1,1,False,-1
120,DOUBLE,0,1,1,False,-1
121,DOUBLE,0,1,1,False,-1
122,DOUBLE,0,1,1,False,-1
123,DOUBLE,0,1,1,False,-1
124,TRIPLE,1,1,1,False,-1
125,SINGLE,0,0,1,False,-1
126,DOUBLE,0,1,1,False,-1
127,TRIPLE,1,1,1,False,-1
128,TRIPLE,1,1,1,False,-1
129,TRIPLE,1,1,1,False,-1
130,TRIPLE,1,1,1,False,-1
131,TRIPLE,1,1,1,False,-1
132,TRIPLE,1,1,1,False,-1
133,DOUBLE,0,1,1,False,-1
134,SINGLE,0,0,1,False,-1
136,TRIPLE,1,1,1,False,-1
137,SINGLE,0,0,1,False,-1
138,TRIPLE,1,1,1,False,-1
139,DOUBLE,0,1,1,False,-1
140,TRIPLE,1,1,1,False,-1
141,DOUBLE,0,1,1,False,-1
142,DOUBLE,0,1,1,False,-1
143,SINGLE,0,0,1,False,-1
144,TRIPLE,1,1,1,False,-1
146,TRIPLE,1,1,1,False,-1
147,DOUBLE,0,1,1,False,-1
148,DOUBLE,0,1,1,False,-1
149,DOUBLE,0,1,1,False,-1
151,TRIPLE,1,1,1,False,-1
152,DOUBLE,0,1,1,False,-1
153,TRIPLE,1,1,1,False,-1
155,SINGLE,0,0,1,False,-1
156,TRIPLE,1,1,1,False,-1
157,DOUBLE,0,1,1,False,-1
158,TRIPLE,1,1,1,False,-1
159,TRIPLE,1,1,1,False,-1
160,TRIPLE,1,1,1,False,-1
161,TRIPLE,1,1,1,False,-1
162,DOUBLE,0,1,1,False,-1
163,TRIPLE,1,1,1,False,-1
164,TRIPLE,1,1,1,False,-1
165,TRIPLE,1,1,1,False,-1
166,TRIPLE,1,1,1,False,-1
167,TRIPLE,1,1,1,False,-1
168,TRIPLE,1,1,1,False,-1
169,DOUBLE,0,1,1,False,-1
170,SINGLE,0,0,1,False,-1
171,DOUBLE,0,1,1,False,-1
173,TRIPLE,1,1,1,False,-1
174,SINGLE,0,0,1,False,-1
175,TRIPLE,1,1,1,False,-1
176,TRIPLE,1,1,1,False,-1
177,SINGLE,0,0,1,False,-1
178,TRIPLE,1,1,1,False,-1
179,SINGLE,0,0,1,False,-1
180,TRIPLE,1,1,1,False,-1
182,TRIPLE,1,1,1,False,-1
183,DOUBLE,0,1,1,False,-1
184,TRIPLE,1,1,1,False,-1
185,DOUBLE,0,1,1,False,-1
187,DOUBLE,0,1,1,False,-1
188,SINGLE,0,0,1,False,-1
189,DOUBLE,0,1,1,False,-1
190,TRIPLE,1,1,1,False,-1
191,TRIPLE,1,1,1,False,-1
192,DOUBLE,0,1,1,False,-1
193,DOUBLE,0,1,1,False,-1
194,TRIPLE,1,1,1,False,-1
195,TRIPLE,1,1,1,False,-1
196,DOUBLE,0,1,1,False,-1
197,TRIPLE,1,1,1,False,-1
198,DOUBLE,0,1,1,False,-1
199,DOUBLE,0,1,1,False,-1
200,DOUBLE,0,1,1,False,-1
201,SINGLE,0,0,1,False,-1
202,TRIPLE,1,1,1,False,-1
204,DOUBLE,0,1,1,False,-1
207,TRIPLE,1,1,1,False,-1
208,TRIPLE,1,1,1,False,-1
209,TRIPLE,1,1,1,False,-1
210,TRIPLE,1,1,1,False,-1
211,DOUBLE,0,1,1,False,-1
212,DOUBLE,0,1,1,False,-1
213,SINGLE,0,0,1,False,-1
214,TRIPLE,1,1,1,False,-1
216,DOUBLE,0,1,1,False,-1
217,TRIPLE,1,1,1,False,-1
218,SINGLE,0,0,1,False,-1
219,SINGLE,0,0,1,False,-1
220,DOUBLE,0,1,1,False,-1
221,DOUBLE,0,1,1,False,-1
222,TRIPLE,1,1,1,False,-1
223,DOUBLE,0,1,1,False,-1
224,TRIPLE,1,1,1,False,-1
225,SINGLE,0,0,1,False,-1
226,TRIPLE,1,1,1,False,-1
227,DOUBLE,0,1,1,False,-1
229,DOUBLE,0,1,1,False,-1
230,SINGLE,0,0,1,False,-1
231,SINGLE,0,0,1,False,-1
232,DOUBLE,0,1,1,False,-1
233,TRIPLE,1,1,1,False,-1
234,SINGLE,0,0,1,False,-1
235,TRIPLE,1,1,1,False,-1
236,DOUBLE,0,1,1,False,-1
237,TRIPLE,1,1,1,False,-1
238,DOUBLE,0,1,1,False,-1
239,SINGLE,0,0,1,False,-1
240,TRIPLE,1,1,1,False,-1
241,TRIPLE,1,1,1,False,-1
242,TRIPLE,1,1,1,False,-1
243,TRIPLE,1,1,1,False,-1
244,TRIPLE,1,1,1,False,-1
245,TRIPLE,1,1,1,False,-1
246,TRIPLE,1,1,1,False,-1
247,DOUBLE,0,1,1,False,-1
249,SINGLE,0,0,1,False,-1
250,TRIPLE,1,1,1,False,-1
251,TRIPLE,1,1,1,False,-1
252,DOUBLE,0,1,1,False,-1
253,SINGLE,0,0,1,False,-1
254,DOUBLE,0,1,1,False,-1
255,TRIPLE,1,1,1,False,-1
256,TRIPLE,1,1,1,False,-1
258,SINGLE,0,0,1,False,-1
259,TRIPLE,1,1,1,False,-1
260,TRIPLE,1,1,1,False,-1
261,TRIPLE,1,1,1,False,-1
262,TRIPLE,1,1,1,False,-1
263,DOUBLE,0,1,1,False,-1
264,TRIPLE,1,1,1,False,-1
265,TRIPLE,1,1,1,False,-1
266,TRIPLE,1,1,1,False,-1
267,DOUBLE,0,1,1,False,-1
268,TRIPLE,1,1,1,False,-1
269,SINGLE,0,0,1,False,-1
270,DOUBLE,0,1,1,False,-1
271,TRIPLE,1,1,1,False,-1
273,SINGLE,0,0,1,False,-1
275,TRIPLE,1,1,1,False,-1
276,DOUBLE,0,1,1,False,-1
277,TRIPLE,1,1,1,False,-1
278,DOUBLE,0,1,1,False,-1
279,DOUBLE,0,1,1,False,-1
280,DOUBLE,0,1,1,False,-1
281,TRIPLE,1,1,1,False,-1
282,TRIPLE,1,1,1,False,-1
283,TRIPLE,1,1,1,False,-1
284,TRIPLE,1,1,1,False,-1
285,TRIPLE,1,1,1,False,-1
286,TRIPLE,1,1,1,False,-1
287,DOUBLE,0,1,1,False,-1
288,DOUBLE,0,1,1,False,-1
289,TRIPLE,1,1,1,False,-1
290,TRIPLE,1,1,1,False,-1
291,TRIPLE,1,1,1,False,-1
292,DOUBLE,0,1,1,False,-1
293,DOUBLE,0,1,1,False,-1
294,DOUBLE,0,1,1,False,-1
295,TRIPLE,1,1,1,False,-1
296,TRIPLE,1,1,1,False,-1
298,TRIPLE,1,1,1,False,-1
299,DOUBLE,0,1,1,False,-1
300,TRIPLE,1,1,1,False,-1
301,DOUBLE,0,1,1,False,-1
302,TRIPLE,1,1,1,False,-1
303,DOUBLE,0,1,1,False,-1
305,TRIPLE,1,1,1,False,-1
306,TRIPLE,1,1,1,False,-1
307,TRIPLE,1,1,1,False,-1
308,TRIPLE,1,1,1,False,-1
309,TRIPLE,1,1,1,False,-1
310,TRIPLE,1,1,1,False,-1
311,DOUBLE,0,1,1,False,-1
312,DOUBLE,0,1,1,False,-1
313,TRIPLE,1,1,1,False,-1
314,SINGLE,0,0,1,False,-1
315,TRIPLE,1,1,1,False,-1
316,TRIPLE,1,1,1,False,-1
317,TRIPLE,1,1,1,False,-1
318,TRIPLE,1,1,1,False,-1
319,TRIPLE,1,1,1,False,-1
321,TRIPLE,1,1,1,False,-1
322,SINGLE,0,0,1,False,-1
323,TRIPLE,1,1,1,False,-1
324,TRIPLE,1,1,1,False,-1
326,SINGLE,0,0,1,False,-1
327,TRIPLE,1,1,1,False,-1
329,TRIPLE,1,1,1,False,-1
330,TRIPLE,1,1,1,False,-1
331,SINGLE,0,0,1,False,-1
332,TRIPLE,1,1,1,False,-1
333,TRIPLE,1,1,1,False,-1
334,TRIPLE,1,1,1,False,-1
335,DOUBLE,0,1,1,False,-1
336,TRIPLE,1,1,1,False,-1
337,TRIPLE,1,1,1,False,-1
338,TRIPLE,1,1,1,False,-1
339,TRIPLE,1,1,1,False,-1
340,TRIPLE,1,1,1,False,-1
341,SINGLE,0,0,1,False,-1
342,TRIPLE,1,1,1,False,-1
343,DOUBLE,0,1,1,False,-1
345,TRIPLE,1,1,1,False,-1
346,DOUBLE,0,1,1,False,-1
347,DOUBLE,0,1,1,False,-1
348,DOUBLE,0,1,1,False,-1
349,TRIPLE,1,1,1,False,-1
350,TRIPLE,1,1,1,False,-1
351,SINGLE,0,0,1,False,-1
353,SINGLE,0,0,1,False,-1
354,DOUBLE,0,1,1,False,-1
355,TRIPLE,1,1,1,False,-1
356,TRIPLE,1,1,1,False,-1
357,SINGLE,0,0,1,False,-1
358,TRIPLE,1,1,1,False,-1
359,TRIPLE,1,1,1,False,-1
360,TRIPLE,1,1,1,False,-1
361,TRIPLE,1,1,1,False,-1
362,DOUBLE,0,1,1,False,-1
363,DOUBLE,0,1,1,False,-1
364,DOUBLE,0,1,1,False,-1
365,DOUBLE,0,1,1,False,-1
366,DOUBLE,0,1,1,False,-1
367,TRIPLE,1,1,1,False,-1
368,DOUBLE,0,1,1,False,-1
369,TRIPLE,1,1,1,False,-1
370,TRIPLE,1,1,1,False,-1
371,DOUBLE,0,1,1,False,-1
372,TRIPLE,1,1,1,False,-1
373,TRIPLE,1,1,1,False,-1
374,DOUBLE,0,1,1,False,-1
375,TRIPLE,1,1,1,False,-1
377,TRIPLE,1,1,1,False,-1
380,SINGLE,0,0,1,False,-1
381,TRIPLE,1,1,1,False,-1
382,TRIPLE,1,1,1,False,-1
383,DOUBLE,0,1,1,False,-1
384,SINGLE,0,0,1,False,-1
385,TRIPLE,1,1,1,False,-1
386,TRIPLE,1,1,1,False,-1
387,DOUBLE,0,1,1,False,-1
388,TRIPLE,1,1,1,False,-1
389,TRIPLE,1,1,1,False,-1
390,DOUBLE,0,1,1,False,-1
391,TRIPLE,1,1,1,False,-1
392,DOUBLE,0,1,1,False,-1
393,DOUBLE,0,1,1,False,-1
394,SINGLE,0,0,1,False,-1
395,DOUBLE,0,1,1,False,-1
396,TRIPLE,1,1,1,False,-1
397,SINGLE,0,0,1,False,-1
399,DOUBLE,0,1,1,False,-1
400,TRIPLE,1,1,1,False,-1
401,TRIPLE,1,1,1,False,-1
402,TRIPLE,1,1,1,False,-1
403,TRIPLE,1,1,1,False,-1
404,SINGLE,0,0,1,False,-1
405,TRIPLE,1,1,1,False,-1
407,TRIPLE,1,1,1,False,-1
409,TRIPLE,1,1,1,False,-1
410,TRIPLE,1,1,1,False,-1
411,DOUBLE,0,1,1,False,-1
412,TRIPLE,1,1,1,False,-1
413,TRIPLE,1,1,1,False,-1
414,TRIPLE,1,1,1,False,-1
415,TRIPLE,1,1,1,False,-1
416,TRIPLE,1,1,1,False,-1
417,SINGLE,0,0,1,False,-1
418,DOUBLE,0,1,1,False,-1
419,TRIPLE,1,1,1,False,-1
420,TRIPLE,1,1,1,False,-1
421,DOUBLE,0,1,1,False,-1
422,SINGLE,0,0,1,False,-1
423,TRIPLE,1,1,1,False,-1
424,TRIPLE,1,1,1,False,-1
425,TRIPLE,1,1,1,False,-1
426,DOUBLE,0,1,1,False,-1
427,TRIPLE,1,1,1,False,-1
428,TRIPLE,1,1,1,False,-1
430,TRIPLE,1,1,1,False,-1
431,DOUBLE,0,1,1,False,-1
432,DOUBLE,0,1,1,False,-1
433,DOUBLE,0,1,1,False,-1
435,DOUBLE,0,1,1,False,-1
436,TRIPLE,1,1,1,False,-1
437,TRIPLE,1,1,1,False,-1
438,TRIPLE,1,1,1,False,-1
439,DOUBLE,0,1,1,False,-1
440,TRIPLE,1,1,1,False,-1
441,TRIPLE,1,1,1,False,-1
442,TRIPLE,1,1,1,False,-1
443,TRIPLE,1,1,1,False,-1
444,TRIPLE,1,1,1,False,-1
445,TRIPLE,1,1,1,False,-1
446,DOUBLE,0,1,1,False,-1
447,TRIPLE,1,1,1,False,-1
448,DOUBLE,0,1,1,False,-1
449,TRIPLE,1,1,1,False,-1
450,DOUBLE,0,1,1,False,-1
451,TRIPLE,1,1,1,False,-1
452,DOUBLE,0,1,1,False,-1
453,SINGLE,0,0,1,False,-1
454,TRIPLE,1,1,1,False,-1
455,TRIPLE,1,1,1,False,-1
456,DOUBLE,0,1,1,False,-1
457,SINGLE,0,0,1,False,-1
458,SINGLE,0,0,1,False,-1
459,TRIPLE,1,1,1,False,-1
460,DOUBLE,0,1,1,False,-1
461,TRIPLE,1,1,1,False,-1
463,DOUBLE,0,1,1,False,-1
464,TRIPLE,1,1,1,False,-1
465,TRIPLE,1,1,1,False,-1
466,DOUBLE,0,1,1,False,-1
467,TRIPLE,1,1,1,False,-1
468,SINGLE,0,0,1,False,-1
469,TRIPLE,1,1,1,False,-1
470,DOUBLE,0,1,1,False,-1
471,DOUBLE,0,1,1,False,-1
473,DOUBLE,0,1,1,False,-1
475,TRIPLE,1,1,1,False,-1
476,SINGLE,0,0,1,False,-1
477,SINGLE,0,0,1,False,-1
478,TRIPLE,1,1,1,False,-1
479,TRIPLE,1,1,1,False,-1
480,DOUBLE,0,1,1,False,-1
481,DOUBLE,0,1,1,False,-1
482,TRIPLE,1,1,1,False,-1
483,TRIPLE,1,1,1,False,-1
484,SINGLE,0,0,1,False,-1
485,TRIPLE,1,1,1,False,-1
486,SINGLE,0,0,1,False,-1
487,DOUBLE,0,1,1,False,-1
488,TRIPLE,1,1,1,False,-1
489,TRIPLE,1,1,1,False,-1
490,DOUBLE,0,1,1,False,-1
491,TRIPLE,1,1,1,False,-1
492,DOUBLE,0,1,1,False,-1
493,TRIPLE,1,1,1,False,-1
494,DOUBLE,0,1,1,False,-1
495,TRIPLE,1,1,1,False,-1
496,TRIPLE,1,1,1,False,-1
497,TRIPLE,1,1,1,False,-1
498,DOUBLE,0,1,1,False,-1
499,DOUBLE,0,1,1,False,-1
500,TRIPLE,1,1,1,False,-1
501,TRIPLE,1,1,1,False,-1
502,DOUBLE,0,1,1,False,-1
503,SINGLE,0,0,1,False,-1
504,SINGLE,0,0,1,False,-1
505,SINGLE,0,0,1,False,-1
506,SINGLE,0,0,1,False,-1
507,TRIPLE,1,1,1,False,-1
509,SINGLE,0,0,1,False,-1
510,DOUBLE,0,1,1,False,-1
511,DOUBLE,0,1,1,False,-1
512,TRIPLE,1,1,1,False,-1
513,TRIPLE,1,1,1,False,-1
514,TRIPLE,1,1,1,False,-1
515,DOUBLE,0,1,1,False,-1
516,TRIPLE,1,1,1,False,-1
517,TRIPLE,1,1,1,False,-1
518,TRIPLE,1,1,1,False,-1
519,DOUBLE,0,1,1,False,-1
520,TRIPLE,1,1,1,False,-1
521,TRIPLE,1,1,1,False,-1
522,DOUBLE,0,1,1,False,-1
523,DOUBLE,0,1,1,False,-1
524,TRIPLE,1,1,1,False,-1
525,TRIPLE,1,1,1,False,-1
526,DOUBLE,0,1,1,False,-1
527,TRIPLE,1,1,1,False,-1
528,TRIPLE,1,1,1,False,-1
529,TRIPLE,1,1,1,False,-1
531,SINGLE,0,0,1,False,-1
532,DOUBLE,0,1,1,False,-1
533,DOUBLE,0,1,1,False,-1
535,TRIPLE,1,1,1,False,-1
536,DOUBLE,0,1,1,False,-1
537,SINGLE,0,0,1,False,-1
538,TRIPLE,1,1,1,False,-1
539,TRIPLE,1,1,1,False,-1
540,TRIPLE,1,1,1,False,-1
541,DOUBLE,0,1,1,False,-1
542,TRIPLE,1,1,1,False,-1
543,TRIPLE,1,1,1,False,-1
544,SINGLE,0,0,1,False,-1
545,TRIPLE,1,1,1,False,-1
546,TRIPLE,1,1,1,False,-1
547,TRIPLE,1,1,1,False,-1
548,TRIPLE,1,1,1,False,-1
549,DOUBLE,0,1,1,False,-1
550,SINGLE,0,0,1,False,-1
551,DOUBLE,0,1,1,False,-1
552,TRIPLE,1,1,1,False,-1
553,TRIPLE,1,1,1,False,-1
554,TRIPLE,1,1,1,False,-1
555,DOUBLE,0,1,1,False,-1
556,SINGLE,0,0,1,False,-1
557,TRIPLE,1,1,1,False,-1
558,TRIPLE,1,1,1,False,-1
559,SINGLE,0,0,1,False,-1
560,TRIPLE,1,1,1,False,-1
561,TRIPLE,1,1,1,False,-1
562,DOUBLE,0,1,1,False,-1
563,TRIPLE,1,1,1,False,-1
564,DOUBLE,0,1,1,False,-1
566,TRIPLE,1,1,1,False,-1
567,DOUBLE,0,1,1,False,-1
568,TRIPLE,1,1,1,False,-1
569,TRIPLE,1,1,1,False,-1
570,SINGLE,0,0,1,False,-1
571,TRIPLE,1,1,1,False,-1
572,TRIPLE,1,1,1,False,-1
573,TRIPLE,1,1,1,False,-1
574,TRIPLE,1,1,1,False,-1
575,DOUBLE,0,1,1,False,-1
576,DOUBLE,0,1,1,False,-1
577,TRIPLE,1,1,1,False,-1
578,TRIPLE,1,1,1,False,-1
579,DOUBLE,0,1,1,False,-1
580,TRIPLE,1,1,1,False,-1
581,TRIPLE,1,1,1,False,-1
582,TRIPLE,1,1,1,False,-1
583,TRIPLE,1,1,1,False,-1
584,TRIPLE,1,1,1,False,-1
585,DOUBLE,0,1,1,False,-1
586,DOUBLE,0,1,1,False,-1
588,TRIPLE,1,1,1,False,-1
589,TRIPLE,1,1,1,False,-1
590,TRIPLE,1,1,1,False,-1
591,TRIPLE,1,1,1,False,-1
592,TRIPLE,1,1,1,False,-1
593,TRIPLE,1,1,1,False,-1
594,TRIPLE,1,1,1,False,-1
595,TRIPLE,1,1,1,False,-1
596,TRIPLE,1,1,1,False,-1
598,SINGLE,0,0,1,False,-1
599,DOUBLE,0,1,1,False,-1
600,TRIPLE,1,1,1,False,-1
601,TRIPLE,1,1,1,False,-1
602,DOUBLE,0,1,1,False,-1
604,DOUBLE,0,1,1,False,-1
606,DOUBLE,0,1,1,False,-1
607,TRIPLE,1,1,1,False,-1
608,SINGLE,0,0,1,False,-1
609,DOUBLE,0,1,1,False,-1
610,TRIPLE,1,1,1,False,-1
611,TRIPLE,1,1,1,False,-1
612,TRIPLE,1,1,1,False,-1
613,SINGLE,0,0,1,False,-1
614,DOUBLE,0,1,1,False,-1
615,DOUBLE,0,1,1,False,-1
616,TRIPLE,1,1,1,False,-1
617,SINGLE,0,0,1,False,-1
618,TRIPLE,1,1,1,False,-1
619,SINGLE,0,0,1,False,-1
620,SINGLE,0,0,1,False,-1
621,TRIPLE,1,1,1,False,-1
622,DOUBLE,0,1,1,False,-1
623,TRIPLE,1,1,1,False,-1
624,TRIPLE,1,1,1,False,-1
625,DOUBLE,0,1,1,False,-1
626,TRIPLE,1,1,1,False,-1
627,TRIPLE,1,1,1,False,-1
628,SINGLE,0,0,1,False,-1
629,TRIPLE,1,1,1,False,-1
630,TRIPLE,1,1,1,False,-1
631,SINGLE,0,0,1,False,-1
632,TRIPLE,1,1,1,False,-1
633,TRIPLE,1,1,1,False,-1
634,DOUBLE,0,1,1,False,-1
636,DOUBLE,0,1,1,False,-1
637,SINGLE,0,0,1,False,-1
638,DOUBLE,0,1,1,False,-1
639,DOUBLE,0,1,1,False,-1
641,TRIPLE,1,1,1,False,-1
642,DOUBLE,0,1,1,False,-1
643,DOUBLE,0,1,1,False,-1
644,SINGLE,0,0,1,False,-1
645,SINGLE,0,0,1,False,-1
646,DOUBLE,0,1,1,False,-1
647,TRIPLE,1,1,1,False,-1
648,DOUBLE,0,1,1,False,-1
649,TRIPLE,1,1,1,False,-1
650,TRIPLE,1,1,1,False,-1
651,DOUBLE,0,1,1,False,-1
652,TRIPLE,1,1,1,False,-1
653,TRIPLE,1,1,1,False,-1
654,TRIPLE,1,1,1,False,-1
655,TRIPLE,1,1,1,False,-1
656,TRIPLE,1,1,1,False,-1
657,TRIPLE,1,1,1,False,-1
658,DOUBLE,0,1,1,False,-1
659,DOUBLE,0,1,1,False,-1
660,TRIPLE,1,1,1,False,-1
661,TRIPLE,1,1,1,False,-1
664,TRIPLE,1,1,1,False,-1
665,DOUBLE,0,1,1,False,-1
666,TRIPLE,1,1,1,False,-1
667,TRIPLE,1,1,1,False,-1
668,DOUBLE,0,1,1,False,-1
669,TRIPLE,1,1,1,False,-1
670,TRIPLE,1,1,1,False,-1
671,SINGLE,0,0,1,False,-1
672,DOUBLE,0,1,1,False,-1
674,DOUBLE,0,1,1,False,-1
675,TRIPLE,1,1,1,False,-1
676,SINGLE,0,0,1,False,-1
677,TRIPLE,1,1,1,False,-1
678,DOUBLE,0,1,1,False,-1
679,TRIPLE,1,1,1,False,-1
680,DOUBLE,0,1,1,False,-1
681,SINGLE,0,0,1,False,-1
682,DOUBLE,0,1,1,False,-1
683,TRIPLE,1,1,1,False,-1
684,TRIPLE,1,1,1,False,-1
685,TRIPLE,1,1,1,False,-1
686,DOUBLE,0,1,1,False,-1
687,DOUBLE,0,1,1,False,-1
688,DOUBLE,0,1,1,False,-1
689,DOUBLE,0,1,1,False,-1
690,DOUBLE,0,1,1,False,-1
691,TRIPLE,1,1,1,False,-1
692,TRIPLE,1,1,1,False,-1
693,DOUBLE,0,1,1,False,-1
694,TRIPLE,1,1,1,False,-1
695,SINGLE,0,0,1,False,-1
696,TRIPLE,1,1,1,False,-1
697,TRIPLE,1,1,1,False,-1
698,TRIPLE,1,1,1,False,-1
699,TRIPLE,1,1,1,False,-1
700,TRIPLE,1,1,1,False,-1
701,DOUBLE,0,1,1,False,-1
703,DOUBLE,0,1,1,False,-1
704,TRIPLE,1,1,1,False,-1
705,TRIPLE,1,1,1,False,-1
706,TRIPLE,1,1,1,False,-1
707,DOUBLE,0,1,1,False,-1
708,SINGLE,0,0,1,False,-1
709,TRIPLE,1,1,1,False,-1
710,DOUBLE,0,1,1,False,-1
711,TRIPLE,1,1,1,False,-1
712,DOUBLE,0,1,1,False,-1
714,DOUBLE,0,1,1,False,-1
715,TRIPLE,1,1,1,False,-1
716,TRIPLE,1,1,1,False,-1
717,TRIPLE,1,1,1,False,-1
718,DOUBLE,0,1,1,False,-1
719,DOUBLE,0,1,1,False,-1
720,SINGLE,0,0,1,False,-1
721,DOUBLE,0,1,1,False,-1
722,TRIPLE,1,1,1,False,-1
724,TRIPLE,1,1,1,False,-1
726,TRIPLE,1,1,1,False,-1
727,SINGLE,0,0,1,False,-1
728,DOUBLE,0,1,1,False,-1
729,TRIPLE,1,1,1,False,-1
730,TRIPLE,1,1,1,False,-1
731,TRIPLE,1,1,1,False,-1
732,DOUBLE,0,1,1,False,-1
733,TRIPLE,1,1,1,False,-1
734,DOUBLE,0,1,1,False,-1
735,TRIPLE,1,1,1,False,-1
736,TRIPLE,1,1,1,False,-1
737,TRIPLE,1,1,1,False,-1
738,TRIPLE,1,1,1,False,-1
739,TRIPLE,1,1,1,False,-1
740,SINGLE,0,0,1,False,-1
741,DOUBLE,0,1,1,False,-1
742,SINGLE,0,0,1,False,-1
743,TRIPLE,1,1,1,False,-1
744,TRIPLE,1,1,1,False,-1
745,TRIPLE,1,1,1,False,-1
746,DOUBLE,0,1,1,False,-1
747,DOUBLE,0,1,1,False,-1
749,SINGLE,0,0,1,False,-1
750,SINGLE,0,0,1,False,-1
751,TRIPLE,1,1,1,False,-1
752,DOUBLE,0,1,1,False,-1
753,SINGLE,0,0,1,False,-1
754,DOUBLE,0,1,1,False,-1
755,DOUBLE,0,1,1,False,-1
756,DOUBLE,0,1,1,False,-1
757,TRIPLE,1,1,1,False,-1
758,TRIPLE,1,1,1,False,-1
759,TRIPLE,1,1,1,False,-1
760,SINGLE,0,0,1,False,-1
761,DOUBLE,0,1,1,False,-1
762,TRIPLE,1,1,1,False,-1
763,DOUBLE,0,1,1,False,-1
765,SINGLE,0,0,1,False,-1
766,TRIPLE,1,1,1,False,-1
767,TRIPLE,1,1,1,False,-1
768,TRIPLE,1,1,1,False,-1
769,SINGLE,0,0,1,False,-1
770,SINGLE,0,0,1,False,-1
771,TRIPLE,1,1,1,False,-1
772,TRIPLE,1,1,1,False,-1
773,SINGLE,0,0,1,False,-1
774,TRIPLE,1,1,1,False,-1
775,TRIPLE,1,1,1,False,-1
776,DOUBLE,0,1,1,False,-1
777,TRIPLE,1,1,1,False,-1
778,TRIPLE,1,1,1,False,-1
779,TRIPLE,1,1,1,False,-1
781,DOUBLE,0,1,1,False,-1
782,TRIPLE,1,1,1,False,-1
783,TRIPLE,1,1,1,False,-1
784,DOUBLE,0,1,1,False,-1
785,SINGLE,0,0,1,False,-1
786,TRIPLE,1,1,1,False,-1
787,SINGLE,0,0,1,False,-1
788,DOUBLE,0,1,1,False,-1
789,DOUBLE,0,1,1,False,-1
790,DOUBLE,0,1,1,False,-1
791,DOUBLE,0,1,1,False,-1
792,DOUBLE,0,1,1,False,-1
793,SINGLE,0,0,1,False,-1
794,DOUBLE,0,1,1,False,-1
795,DOUBLE,0,1,1,False,-1
796,DOUBLE,0,1,1,False,-1
797,TRIPLE,1,1,1,False,-1
798,DOUBLE,0,1,1,False,-1
799,DOUBLE,0,1,1,False,-1
800,TRIPLE,1,1,1,False,-1
801,SINGLE,0,0,1,False,-1
802,TRIPLE,1,1,1,False,-1
803,DOUBLE,0,1,1,False,-1
805,TRIPLE,1,1,1,False,-1
806,DOUBLE,0,1,1,False,-1
807,TRIPLE,1,1,1,False,-1
808,DOUBLE,0,1,1,False,-1
809,TRIPLE,1,1,1,False,-1
810,TRIPLE,1,1,1,False,-1
811,TRIPLE,1,1,1,False,-1
812,DOUBLE,0,1,1,False,-1
813,TRIPLE,1,1,1,False,-1
814,TRIPLE,1,1,1,False,-1
815,TRIPLE,1,1,1,False,-1
816,DOUBLE,0,1,1,False,-1
817,TRIPLE,1,1,1,False,-1
818,TRIPLE,1,1,1,False,-1
819,TRIPLE,1,1,1,False,-1
820,TRIPLE,1,1,1,False,-1
821,DOUBLE,0,1,1,False,-1
822,DOUBLE,0,1,1,False,-1
823,DOUBLE,0,1,1,False,-1
824,TRIPLE,1,1,1,False,-1
825,TRIPLE,1,1,1,False,-1
826,DOUBLE,0,1,1,False,-1
827,SINGLE,0,0,1,False,-1
828,TRIPLE,1,1,1,False,-1
829,DOUBLE,0,1,1,False,-1
830,TRIPLE,1,1,1,False,-1
831,DOUBLE,0,1,1,False,-1
832,TRIPLE,1,1,1,False,-1
833,TRIPLE,1,1,1,False,-1
834,TRIPLE,1,1,1,False,-1
835,TRIPLE,1,1,1,False,-1
838,TRIPLE,1,1,1,False,-1
839,TRIPLE,1,1,1,False,-1
840,DOUBLE,0,1,1,False,-1
841,DOUBLE,0,1,1,False,-1
842,TRIPLE,1,1,1,False,-1
843,TRIPLE,1,1,1,False,-1
844,TRIPLE,1,1,1,False,-1
845,SINGLE,0,0,1,False,-1
847,DOUBLE,0,1,1,False,-1
848,DOUBLE,0,1,1,False,-1
849,TRIPLE,1,1,1,False,-1
850,TRIPLE,1,1,1,False,-1
851,TRIPLE,1,1,1,False,-1
852,SINGLE,0,0,1,False,-1
853,SINGLE,0,0,1,False,-1
854,DOUBLE,0,1,1,False,-1
855,TRIPLE,1,1,1,False,-1
856,DOUBLE,0,1,1,False,-1
857,TRIPLE,1,1,1,False,-1
858,TRIPLE,1,1,1,False,-1
859,DOUBLE,0,1,1,False,-1
862,TRIPLE,1,1,1,False,-1
863,SINGLE,0,0,1,False,-1
864,TRIPLE,1,1,1,False,-1
867,TRIPLE,1,1,1,False,-1
868,TRIPLE,1,1,1,False,-1
869,DOUBLE,0,1,1,False,-1
870,TRIPLE,1,1,1,False,-1
871,SINGLE,0,0,1,False,-1
873,DOUBLE,0,1,1,False,-1
874,TRIPLE,1,1,1,False,-1
875,TRIPLE,1,1,1,False,-1
876,DOUBLE,0,1,1,False,-1
878,TRIPLE,1,1,1,False,-1
879,SINGLE,0,0,1,False,-1
880,SINGLE,0,0,1,False,-1
881,TRIPLE,1,1,1,False,-1
882,TRIPLE,1,1,1,False,-1
883,TRIPLE,1,1,1,False,-1
884,TRIPLE,1,1,1,False,-1
885,TRIPLE,1,1,1,False,-1
886,DOUBLE,0,1,1,False,-1
888,TRIPLE,1,1,1,False,-1
889,DOUBLE,0,1,1,False,-1
890,TRIPLE,1,1,1,False,-1
891,SINGLE,0,0,1,False,-1
892,DOUBLE,0,1,1,False,-1
893,TRIPLE,1,1,1,False,-1
894,TRIPLE,1,1,1,False,-1
895,DOUBLE,0,1,1,False,-1
896,TRIPLE,1,1,1,False,-1
897,SINGLE,0,0,1,False,-1
898,TRIPLE,1,1,1,False,-1
899,TRIPLE,1,1,1,False,-1
900,DOUBLE,0,1,1,False,-1
901,TRIPLE,1,1,1,False,-1
902,TRIPLE,1,1,1,False,-1
903,TRIPLE,1,1,1,False,-1
905,TRIPLE,1,1,1,False,-1
906,DOUBLE,0,1,1,False,-1
907,TRIPLE,1,1,1,False,-1
909,TRIPLE,1,1,1,False,-1
910,TRIPLE,1,1,1,False,-1
911,DOUBLE,0,1,1,False,-1
912,DOUBLE,0,1,1,False,-1
913,TRIPLE,1,1,1,False,-1
914,TRIPLE,1,1,1,False,-1
915,DOUBLE,0,1,1,False,-1
916,SINGLE,0,0,1,False,-1
917,DOUBLE,0,1,1,False,-1
918,DOUBLE,0,1,1,False,-1
919,DOUBLE,0,1,1,False,-1
920,TRIPLE,1,1,1,False,-1
923,TRIPLE,1,1,1,False,-1
925,SINGLE,0,0,1,False,-1
926,TRIPLE,1,1,1,False,-1
927,TRIPLE,1,1,1,False,-1
928,DOUBLE,0,1,1,False,-1
929,DOUBLE,0,1,1,False,-1
930,DOUBLE,0,1,1,False,-1
931,TRIPLE,1,1,1,False,-1
932,DOUBLE,0,1,1,False,-1
933,DOUBLE,0,1,1,False,-1
934,TRIPLE,1,1,1,False,-1
935,TRIPLE,1,1,1,False,-1
936,TRIPLE,1,1,1,False,-1
937,DOUBLE,0,1,1,False,-1
938,TRIPLE,1,1,1,False,-1
939,TRIPLE,1,1,1,False,-1
940,SINGLE,0,0,1,False,-1
941,TRIPLE,1,1,1,False,-1
942,TRIPLE,1,1,1,False,-1
943,TRIPLE,1,1,1,False,-1
944,TRIPLE,1,1,1,False,-1
945,SINGLE,0,0,1,False,-1
946,DOUBLE,0,1,1,False,-1
947,TRIPLE,1,1,1,False,-1
948,TRIPLE,1,1,1,False,-1
949,SINGLE,0,0,1,False,-1
950,TRIPLE,1,1,1,False,-1
951,SINGLE,0,0,1,False,-1
953,TRIPLE,1,1,1,False,-1
954,DOUBLE,0,1,1,False,-1
955,TRIPLE,1,1,1,False,-1
956,TRIPLE,1,1,1,False,-1
957,TRIPLE,1,1,1,False,-1
958,TRIPLE,1,1,1,False,-1
959,TRIPLE,1,1,1,False,-1
960,DOUBLE,0,1,1,False,-1
961,TRIPLE,1,1,1,False,-1
962,TRIPLE,1,1,1,False,-1
964,SINGLE,0,0,1,False,-1
965,DOUBLE,0,1,1,False,-1
966,TRIPLE,1,1,1,False,-1
967,TRIPLE,1,1,1,False,-1
968,TRIPLE,1,1,1,False,-1
969,TRIPLE,1,1,1,False,-1
971,TRIPLE,1,1,1,False,-1
972,SINGLE,0,0,1,False,-1
973,TRIPLE,1,1,1,False,-1
974,TRIPLE,1,1,1,False,-1
975,TRIPLE,1,1,1,False,-1
976,TRIPLE,1,1,1,False,-1
978,DOUBLE,0,1,1,False,-1
979,TRIPLE,1,1,1,False,-1
980,TRIPLE,1,1,1,False,-1
981,TRIPLE,1,1,1,False,-1
982,DOUBLE,0,1,1,False,-1
983,TRIPLE,1,1,1,False,-1
984,DOUBLE,0,1,1,False,-1
986,SINGLE,0,0,1,False,-1
988,TRIPLE,1,1,1,False,-1
989,DOUBLE,0,1,1,False,-1
990,TRIPLE,1,1,1,False,-1
991,TRIPLE,1,1,1,False,-1
992,DOUBLE,0,1,1,False,-1
994,SINGLE,0,0,1,False,-1
995,TRIPLE,1,1,1,False,-1
997,DOUBLE,0,1,1,False,-1
998,SINGLE,0,0,1,False,-1
999,TRIPLE,1,1,1,False,-1
1000,TRIPLE,1,1,1,False,-1
1001,TRIPLE,1,1,1,False,-1
1002,TRIPLE,1,1,1,False,-1
1003,TRIPLE,1,1,1,False,-1
1005,SINGLE,0,0,1,False,-1
1006,DOUBLE,0,1,1,False,-1
1007,DOUBLE,0,1,1,False,-1
1008,SINGLE,0,0,1,False,-1
1009,TRIPLE,1,1,1,False,-1
1010,TRIPLE,1,1,1,False,-1
1011,SINGLE,0,0,1,False,-1
1012,TRIPLE,1,1,1,False,-1
1013,TRIPLE,1,1,1,False,-1
1015,TRIPLE,1,1,1,False,-1
1016,TRIPLE,1,1,1,False,-1
1017,TRIPLE,1,1,1,False,-1
1018,DOUBLE,0,1,1,False,-1
1019,TRIPLE,1,1,1,False,-1
1020,DOUBLE,0,1,1,False,-1
1021,DOUBLE,0,1,1,False,-1
1022,DOUBLE,0,1,1,False,-1
1023,DOUBLE,0,1,1,False,-1
1024,TRIPLE,1,1,1,False,-1
1025,DOUBLE,0,1,1,False,-1
1026,TRIPLE,1,1,1,False,-1
1027,TRIPLE,1,1,1,False,-1
1028,DOUBLE,0,1,1,False,-1
1029,DOUBLE,0,1,1,False,-1
1030,TRIPLE,1,1,1,False,-1
1031,DOUBLE,0,1,1,False,-1
1032,TRIPLE,1,1,1,False,-1
1033,TRIPLE,1,1,1,False,-1
1034,TRIPLE,1,1,1,False,-1
1035,TRIPLE,1,1,1,False,-1
1036,TRIPLE,1,1,1,False,-1
1037,DOUBLE,0,1,1,False,-1
1038,TRIPLE,1,1,1,False,-1
1039,SINGLE,0,0,1,False,-1
1040,TRIPLE,1,1,1,False,-1
1041,TRIPLE,1,1,1,False,-1
1042,TRIPLE,1,1,1,False,-1
1044,DOUBLE,0,1,1,False,-1
1045,TRIPLE,1,1,1,False,-1
1047,DOUBLE,0,1,1,False,-1
1048,SINGLE,0,0,1,False,-1
1049,DOUBLE,0,1,1,False,-1
1050,TRIPLE,1,1,1,False,-1
1051,DOUBLE,0,1,1,False,-1
1052,TRIPLE,1,1,1,False,-1
1053,SINGLE,0,0,1,False,-1
1054,DOUBLE,0,1,1,False,-1
1056,TRIPLE,1,1,1,False,-1
1057,SINGLE,0,0,1,False,-1
1058,DOUBLE,0,1,1,False,-1
1059,DOUBLE,0,1,1,False,-1
1060,TRIPLE,1,1,1,False,-1
1061,DOUBLE,0,1,1,False,-1
1062,TRIPLE,1,1,1,False,-1
1063,TRIPLE,1,1,1,False,-1
1064,SINGLE,0,0,1,False,-1
1065,DOUBLE,0,1,1,False,-1
1066,DOUBLE,0,1,1,False,-1
1067,TRIPLE,1,1,1,False,-1
1068,SINGLE,0,0,1,False,-1
1069,TRIPLE,1,1,1,False,-1
1071,TRIPLE,1,1,1,False,-1
1072,TRIPLE,1,1,1,False,-1
1074,TRIPLE,1,1,1,False,-1
1075,TRIPLE,1,1,1,False,-1
1076,TRIPLE,1,1,1,False,-1
1077,TRIPLE,1,1,1,False,-1
1078,SINGLE,0,0,1,False,-1
1079,DOUBLE,0,1,1,False,-1
1080,TRIPLE,1,1,1,False,-1
1081,TRIPLE,1,1,1,False,-1
1082,TRIPLE,1,1,1,False,-1
1083,TRIPLE,1,1,1,False,-1
1084,TRIPLE,1,1,1,False,-1
1087,TRIPLE,1,1,1,False,-1
1088,TRIPLE,1,1,1,False,-1
1089,TRIPLE,1,1,1,False,-1
1090,SINGLE,0,0,1,False,-1
1091,TRIPLE,1,1,1,False,-1
1092,DOUBLE,0,1,1,False,-1
1093,TRIPLE,1,1,1,False,-1
1094,TRIPLE,1,1,1,False,-1
1095,TRIPLE,1,1,1,False,-1
1096,TRIPLE,1,1,1,False,-1
1098,TRIPLE,1,1,1,False,-1
1101,TRIPLE,1,1,1,False,-1
1103,TRIPLE,1,1,1,False,-1
1104,TRIPLE,1,1,1,False,-1
1106,DOUBLE,0,1,1,False,-1
1109,DOUBLE,0,1,1,False,-1
1112,TRIPLE,1,1,1,False,-1
1113,SINGLE,0,0,1,False,-1
1114,SINGLE,0,0,1,False,-1
1115,TRIPLE,1,1,1,False,-1
1116,SINGLE,0,0,1,False,-1
1117,DOUBLE,0,1,1,False,-1
1119,DOUBLE,0,1,1,False,-1
1120,TRIPLE,1,1,1,False,-1
1121,TRIPLE,1,1,1,False,-1
1122,DOUBLE,0,1,1,False,-1
1123,TRIPLE,1,1,1,False,-1
1124,DOUBLE,0,1,1,False,-1
1125,TRIPLE,1,1,1,False,-1
1126,TRIPLE,1,1,1,False,-1
1127,TRIPLE,1,1,1,False,-1
1128,TRIPLE,1,1,1,False,-1
1129,TRIPLE,1,1,1,False,-1
1130,TRIPLE,1,1,1,False,-1
1131,DOUBLE,0,1,1,False,-1
1132,DOUBLE,0,1,1,False,-1
1134,TRIPLE,1,1,1,False,-1
1135,TRIPLE,1,1,1,False,-1
1136,TRIPLE,1,1,1,False,-1
1138,TRIPLE,1,1,1,False,-1
1139,TRIPLE,1,1,1,False,-1
1140,DOUBLE,0,1,1,False,-1
1141,TRIPLE,1,1,1,False,-1
1142,DOUBLE,0,1,1,False,-1
1143,DOUBLE,0,1,1,False,-1
1144,TRIPLE,1,1,1,False,-1
1145,TRIPLE,1,1,1,False,-1
1146,DOUBLE,0,1,1,False,-1
1147,SINGLE,0,0,1,False,-1
1148,TRIPLE,1,1,1,False,-1
1149,TRIPLE,1,1,1,False,-1
1151,TRIPLE,1,1,1,False,-1
1152,DOUBLE,0,1,1,False,-1
1154,DOUBLE,0,1,1,False,-1
1155,SINGLE,0,0,1,False,-1
1157,TRIPLE,1,1,1,False,-1
1158,TRIPLE,1,1,1,False,-1
1159,DOUBLE,0,1,1,False,-1
1161,DOUBLE,0,1,1,False,-1
1163,DOUBLE,0,1,1,False,-1
1164,TRIPLE,1,1,1,False,-1
1166,TRIPLE,1,1,1,False,-1
1167,TRIPLE,1,1,1,False,-1
1168,DOUBLE,0,1,1,False,-1
1169,SINGLE,0,0,1,False,-1
1170,DOUBLE,0,1,1,False,-1
1171,TRIPLE,1,1,1,False,-1
1172,TRIPLE,1,1,1,False,-1
1173,SINGLE,0,0,1,False,-1
1174,TRIPLE,1,1,1,False,-1
1176,DOUBLE,0,1,1,False,-1
1178,TRIPLE,1,1,1,False,-1
1179,DOUBLE,0,1,1,False,-1
1180,TRIPLE,1,1,1,False,-1
1181,TRIPLE,1,1,1,False,-1
1182,SINGLE,0,0,1,False,-1
1183,TRIPLE,1,1,1,False,-1
1184,DOUBLE,0,1,1,False,-1
1185,TRIPLE,1,1,1,False,-1
1186,TRIPLE,1,1,1,False,-1
1187,TRIPLE,1,1,1,False,-1
1188,DOUBLE,0,1,1,False,-1
1189,TRIPLE,1,1,1,False,-1
1190,DOUBLE,0,1,1,False,-1
1191,TRIPLE,1,1,1,False,-1
1192,SINGLE,0,0,1,False,-1
1193,SINGLE,0,0,1,False,-1
1194,DOUBLE,0,1,1,False,-1
1195,TRIPLE,1,1,1,False,-1
1196,TRIPLE,1,1,1,False,-1
1197,DOUBLE,0,1,1,False,-1
1198,TRIPLE,1,1,1,False,-1
1199,DOUBLE,0,1,1,False,-1
1200,DOUBLE,0,1,1,False,-1
1201,DOUBLE,0,1,1,False,-1
1202,SINGLE,0,0,1,False,-1
1203,DOUBLE,0,1,1,False,-1
1204,SINGLE,0,0,1,False,-1
1206,DOUBLE,0,1,1,False,-1
1207,DOUBLE,0,1,1,False,-1
1209,TRIPLE,1,1,1,False,-1
1210,DOUBLE,0,1,1,False,-1
1211,TRIPLE,1,1,1,False,-1
1212,DOUBLE,0,1,1,False,-1
1213,TRIPLE,1,1,1,False,-1
1214,TRIPLE,1,1,1,False,-1
1215,TRIPLE,1,1,1,False,-1
1216,SINGLE,0,0,1,False,-1
1217,DOUBLE,0,1,1,False,-1
1218,DOUBLE,0,1,1,False,-1
1220,TRIPLE,1,1,1,False,-1
1221,TRIPLE,1,1,1,False,-1
1222,TRIPLE,1,1,1,False,-1
1224,TRIPLE,1,1,1,False,-1
1225,SINGLE,0,0,1,False,-1
1226,DOUBLE,0,1,1,False,-1
1227,SINGLE,0,0,1,False,-1
1229,TRIPLE,1,1,1,False,-1
1230,TRIPLE,1,1,1,False,-1
1231,TRIPLE,1,1,1,False,-1
1232,TRIPLE,1,1,1,False,-1
1233,SINGLE,0,0,1,False,-1
1234,SINGLE,0,0,1,False,-1
1235,DOUBLE,0,1,1,False,-1
1236,TRIPLE,1,1,1,False,-1
1237,DOUBLE,0,1,1,False,-1
1238,DOUBLE,0,1,1,False,-1
1239,TRIPLE,1,1,1,False,-1
1240,TRIPLE,1,1,1,False,-1
1241,DOUBLE,0,1,1,False,-1
1242,TRIPLE,1,1,1,False,-1
1243,SINGLE,0,0,1,False,-1
1244,TRIPLE,1,1,1,False,-1
1245,TRIPLE,1,1,1,False,-1
1246,TRIPLE,1,1,1,False,-1
1247,DOUBLE,0,1,1,False,-1
1248,SINGLE,0,0,1,False,-1
1249,TRIPLE,1,1,1,False,-1
1250,TRIPLE,1,1,1,False,-1
1251,SINGLE,0,0,1,False,-1
1252,TRIPLE,1,1,1,False,-1
1253,TRIPLE,1,1,1,False,-1
1255,DOUBLE,0,1,1,False,-1
1256,TRIPLE,1,1,1,False,-1
1257,SINGLE,0,0,1,False,-1
1258,TRIPLE,1,1,1,False,-1
1259,TRIPLE,1,1,1,False,-1
1260,DOUBLE,0,1,1,False,-1
1261,TRIPLE,1,1,1,False,-1
1262,SINGLE,0,0,1,False,-1
1263,DOUBLE,0,1,1,False,-1
1264,TRIPLE,1,1,1,False,-1
1265,SINGLE,0,0,1,False,-1
1266,TRIPLE,1,1,1,False,-1
1267,TRIPLE,1,1,1,False,-1
1268,DOUBLE,0,1,1,False,-1
1269,TRIPLE,1,1,1,False,-1
1270,DOUBLE,0,1,1,False,-1
1271,TRIPLE,1,1,1,False,-1
1272,DOUBLE,0,1,1,False,-1
1273,DOUBLE,0,1,1,False,-1
1274,DOUBLE,0,1,1,False,-1
1275,TRIPLE,1,1,1,False,-1
1276,TRIPLE,1,1,1,False,-1
1277,DOUBLE,0,1,1,False,-1
1278,DOUBLE,0,1,1,False,-1
1279,SINGLE,0,0,1,False,-1
1280,TRIPLE,1,1,1,False,-1
1281,SINGLE,0,0,1,False,-1
1282,SINGLE,0,0,1,False,-1
1283,TRIPLE,1,1,1,False,-1
1284,TRIPLE,1,1,1,False,-1
1285,TRIPLE,1,1,1,False,-1
1286,TRIPLE,1,1,1,False,-1
1288,TRIPLE,1,1,1,False,-1
1289,DOUBLE,0,1,1,False,-1
1290,TRIPLE,1,1,1,False,-1
1291,DOUBLE,0,1,1,False,-1
1292,TRIPLE,1,1,1,False,-1
1293,TRIPLE,1,1,1,False,-1
1295,DOUBLE,0,1,1,False,-1
1296,DOUBLE,0,1,1,False,-1
1298,TRIPLE,1,1,1,False,-1
1299,TRIPLE,1,1,1,False,-1
1300,TRIPLE,1,1,1,False,-1
1301,SINGLE,0,0,1,False,-1
1302,TRIPLE,1,1,1,False,-1
1303,SINGLE,0,0,1,False,-1
1304,DOUBLE,0,1,1,False,-1
1305,TRIPLE,1,1,1,False,-1
1306,TRIPLE,1,1,1,False,-1
1307,TRIPLE,1,1,1,False,-1
1308,DOUBLE,0,1,1,False,-1
1309,SINGLE,0,0,1,False,-1
1310,TRIPLE,1,1,1,False,-1
1311,TRIPLE,1,1,1,False,-1
1312,TRIPLE,1,1,1,False,-1
1313,DOUBLE,0,1,1,False,-1
1314,TRIPLE,1,1,1,False,-1
1315,TRIPLE,1,1,1,False,-1
1316,SINGLE,0,0,1,False,-1
1317,TRIPLE,1,1,1,False,-1
1318,DOUBLE,0,1,1,False,-1
1319,TRIPLE,1,1,1,False,-1
1321,DOUBLE,0,1,1,False,-1
1322,DOUBLE,0,1,1,False,-1
1323,TRIPLE,1,1,1,False,-1
1324,TRIPLE,1,1,1,False,-1
1325,TRIPLE,1,1,1,False,-1
1326,DOUBLE,0,1,1,False,-1
1327,SINGLE,0,0,1,False,-1
1328,TRIPLE,1,1,1,False,-1
1329,TRIPLE,1,1,1,False,-1
1330,SINGLE,0,0,1,False,-1
1332,TRIPLE,1,1,1,False,-1
1333,TRIPLE,1,1,1,False,-1
1334,TRIPLE,1,1,1,False,-1
1335,SINGLE,0,0,1,False,-1
1336,DOUBLE,0,1,1,False,-1
1337,TRIPLE,1,1,1,False,-1
1338,TRIPLE,1,1,1,False,-1
1340,SINGLE,0,0,1,False,-1
1341,SINGLE,0,0,1,False,-1
1342,TRIPLE,1,1,1,False,-1
1344,SINGLE,0,0,1,False,-1
1345,TRIPLE,1,1,1,False,-1
1346,TRIPLE,1,1,1,False,-1
1347,TRIPLE,1,1,1,False,-1
1348,TRIPLE,1,1,1,False,-1
1349,TRIPLE,1,1,1,False,-1
1350,TRIPLE,1,1,1,False,-1
1351,TRIPLE,1,1,1,False,-1
1352,TRIPLE,1,1,1,False,-1
1353,TRIPLE,1,1,1,False,-1
1354,TRIPLE,1,1,1,False,-1
1355,TRIPLE,1,1,1,False,-1
1356,TRIPLE,1,1,1,False,-1
1357,DOUBLE,0,1,1,False,-1
1358,TRIPLE,1,1,1,False,-1
1359,TRIPLE,1,1,1,False,-1
1360,TRIPLE,1,1,1,False,-1
1361,TRIPLE,1,1,1,False,-1
1362,DOUBLE,0,1,1,False,-1
1363,TRIPLE,1,1,1,False,-1
1364,TRIPLE,1,1,1,False,-1
1365,DOUBLE,0,1,1,False,-1
1366,TRIPLE,1,1,1,False,-1
1367,DOUBLE,0,1,1,False,-1
1368,DOUBLE,0,1,1,False,-1
1369,SINGLE,0,0,1,False,-1
1370,DOUBLE,0,1,1,False,-1
1372,DOUBLE,0,1,1,False,-1
1373,SINGLE,0,0,1,False,-1
1374,TRIPLE,1,1,1,False,-1
1375,TRIPLE,1,1,1,False,-1
1376,TRIPLE,1,1,1,False,-1
1377,DOUBLE,0,1,1,False,-1
1378,TRIPLE,1,1,1,False,-1
1379,TRIPLE,1,1,1,False,-1
1380,DOUBLE,0,1,1,False,-1
1381,TRIPLE,1,1,1,False,-1
1382,TRIPLE,1,1,1,False,-1
1383,TRIPLE,1,1,1,False,-1
1384,TRIPLE,1,1,1,False,-1
1385,TRIPLE,1,1,1,False,-1
1386,SINGLE,0,0,1,False,-1
1387,TRIPLE,1,1,1,False,-1
1388,TRIPLE,1,1,1,False,-1
1389,TRIPLE,1,1,1,False,-1
1390,DOUBLE,0,1,1,False,-1
1391,DOUBLE,0,1,1,False,-1
1393,SINGLE,0,0,1,False,-1
1395,TRIPLE,1,1,1,False,-1
1396,SINGLE,0,0,1,False,-1
1397,TRIPLE,1,1,1,False,-1
1398,TRIPLE,1,1,1,False,-1
1399,DOUBLE,0,1,1,False,-1
1401,SINGLE,0,0,1,False,-1
1402,DOUBLE,0,1,1,False,-1
1404,SINGLE,0,0,1,False,-1
1405,DOUBLE,0,1,1,False,-1
1406,DOUBLE,0,1,1,False,-1
1407,DOUBLE,0,1,1,False,-1
1408,TRIPLE,1,1,1,False,-1
1409,TRIPLE,1,1,1,False,-1
1411,DOUBLE,0,1,1,False,-1
1413,TRIPLE,1,1,1,False,-1
1414,DOUBLE,0,1,1,False,-1
1415,DOUBLE,0,1,1,False,-1
1416,DOUBLE,0,1,1,False,-1
1417,DOUBLE,0,1,1,False,-1
1418,TRIPLE,1,1,1,False,-1
1419,TRIPLE,1,1,1,False,-1
1420,DOUBLE,0,1,1,False,-1
1421,DOUBLE,0,1,1,False,-1
1422,SINGLE,0,0,1,False,-1
1425,TRIPLE,1,1,1,False,-1
1426,SINGLE,0,0,1,False,-1
1428,DOUBLE,0,1,1,False,-1
1431,TRIPLE,1,1,1,False,-1
1432,SINGLE,0,0,1,False,-1
1433,DOUBLE,0,1,1,False,-1
1434,TRIPLE,1,1,1,False,-1
1435,TRIPLE,1,1,1,False,-1
1436,TRIPLE,1,1,1,False,-1
1437,DOUBLE,0,1,1,False,-1
1438,DOUBLE,0,1,1,False,-1
1439,DOUBLE,0,1,1,False,-1
1440,TRIPLE,1,1,1,False,-1
1441,TRIPLE,1,1,1,False,-1
1442,TRIPLE,1,1,1,False,-1
1443,SINGLE,0,0,1,False,-1
1444,TRIPLE,1,1,1,False,-1
1445,DOUBLE,0,1,1,False,-1
1447,DOUBLE,0,1,1,False,-1
1448,DOUBLE,0,1,1,False,-1
1449,TRIPLE,1,1,1,False,-1
1451,TRIPLE,1,1,1,False,-1
1452,TRIPLE,1,1,1,False,-1
1453,SINGLE,0,0,1,False,-1
1454,TRIPLE,1,1,1,False,-1
1455,TRIPLE,1,1,1,False,-1
1456,TRIPLE,1,1,1,False,-1
1457,DOUBLE,0,1,1,False,-1
1458,TRIPLE,1,1,1,False,-1
1459,DOUBLE,0,1,1,False,-1
1460,TRIPLE,1,1,1,False,-1
1461,TRIPLE,1,1,1,False,-1
1462,TRIPLE,1,1,1,False,-1
1463,DOUBLE,0,1,1,False,-1
1464,TRIPLE,1,1,1,False,-1
1465,TRIPLE,1,1,1,False,-1
1466,SINGLE,0,0,1,False,-1
1467,SINGLE,0,0,1,False,-1
1468,DOUBLE,0,1,1,False,-1
1469,TRIPLE,1,1,1,False,-1
1471,TRIPLE,1,1,1,False,-1
1472,DOUBLE,0,1,1,False,-1
1473,TRIPLE,1,1,1,False,-1
1476,DOUBLE,0,1,1,False,-1
1477,TRIPLE,1,1,1,False,-1
1478,DOUBLE,0,1,1,False,-1
1479,SINGLE,0,0,1,False,-1
1480,DOUBLE,0,1,1,False,-1
1481,TRIPLE,1,1,1,False,-1
1482,DOUBLE,0,1,1,False,-1
1483,TRIPLE,1,1,1,False,-1
1484,TRIPLE,1,1,1,False,-1
1485,SINGLE,0,0,1,False,-1
1486,TRIPLE,1,1,1,False,-1
1487,SINGLE,0,0,1,False,-1
1488,TRIPLE,1,1,1,False,-1
1490,SINGLE,0,0,1,False,-1
1492,TRIPLE,1,1,1,False,-1
1493,TRIPLE,1,1,1,False,-1
1494,SINGLE,0,0,1,False,-1
1496,DOUBLE,0,1,1,False,-1
1497,SINGLE,0,0,1,False,-1
1498,SINGLE,0,0,1,False,-1
1499,DOUBLE,0,1,1,False,-1
1500,DOUBLE,0,1,1,False,-1
1501,DOUBLE,0,1,1,False,-1
1503,TRIPLE,1,1,1,False,-1
1504,TRIPLE,1,1,1,False,-1
1506,TRIPLE,1,1,1,False,-1
1508,TRIPLE,1,1,1,False,-1
1509,DOUBLE,0,1,1,False,-1
1510,SINGLE,0,0,1,False,-1
1511,TRIPLE,1,1,1,False,-1
1512,TRIPLE,1,1,1,False,-1
1513,TRIPLE,1,1,1,False,-1
1514,DOUBLE,0,1,1,False,-1
1515,TRIPLE,1,1,1,False,-1
1516,TRIPLE,1,1,1,False,-1
1517,DOUBLE,0,1,1,False,-1
1518,DOUBLE,0,1,1,False,-1
1519,TRIPLE,1,1,1,False,-1
1520,DOUBLE,0,1,1,False,-1
1521,TRIPLE,1,1,1,False,-1
1522,TRIPLE,1,1,1,False,-1
1523,DOUBLE,0,1,1,False,-1
1524,SINGLE,0,0,1,False,-1
1525,DOUBLE,0,1,1,False,-1
1527,DOUBLE,0,1,1,False,-1
1528,DOUBLE,0,1,1,False,-1
1530,TRIPLE,1,1,1,False,-1
1531,SINGLE,0,0,1,False,-1
1534,TRIPLE,1,1,1,False,-1
1535,TRIPLE,1,1,1,False,-1
1536,TRIPLE,1,1,1,False,-1
1537,SINGLE,0,0,1,False,-1
1538,DOUBLE,0,1,1,False,-1
1539,DOUBLE,0,1,1,False,-1
1540,DOUBLE,0,1,1,False,-1
1541,TRIPLE,1,1,1,False,-1
1542,TRIPLE,1,1,1,False,-1
1543,DOUBLE,0,1,1,False,-1
1544,TRIPLE,1,1,1,False,-1
1545,TRIPLE,1,1,1,False,-1
1546,TRIPLE,1,1,1,False,-1
1547,TRIPLE,1,1,1,False,-1
1548,TRIPLE,1,1,1,False,-1
1549,TRIPLE,1,1,1,False,-1
1550,TRIPLE,1,1,1,False,-1
1551,TRIPLE,1,1,1,False,-1
1556,TRIPLE,1,1,1,False,-1
1557,TRIPLE,1,1,1,False,-1
1558,SINGLE,0,0,1,False,-1
1559,TRIPLE,1,1,1,False,-1
1561,TRIPLE,1,1,1,False,-1
1562,TRIPLE,1,1,1,False,-1
1563,DOUBLE,0,1,1,False,-1
1564,DOUBLE,0,1,1,False,-1
1565,DOUBLE,0,1,1,False,-1
1566,TRIPLE,1,1,1,False,-1
1567,TRIPLE,1,1,1,False,-1
1568,TRIPLE,1,1,1,False,-1
1569,SINGLE,0,0,1,False,-1
1570,TRIPLE,1,1,1,False,-1
1571,TRIPLE,1,1,1,False,-1
1572,TRIPLE,1,1,1,False,-1
1573,DOUBLE,0,1,1,False,-1
1574,TRIPLE,1,1,1,False,-1
1575,TRIPLE,1,1,1,False,-1
1576,DOUBLE,0,1,1,False,-1
1577,TRIPLE,1,1,1,False,-1
1578,SINGLE,0,0,1,False,-1
1579,TRIPLE,1,1,1,False,-1
1580,TRIPLE,1,1,1,False,-1
1581,SINGLE,0,0,1,False,-1
1582,TRIPLE,1,1,1,False,-1
1583,TRIPLE,1,1,1,False,-1
1584,DOUBLE,0,1,1,False,-1
1585,TRIPLE,1,1,1,False,-1
1586,DOUBLE,0,1,1,False,-1
1587,TRIPLE,1,1,1,False,-1
1588,TRIPLE,1,1,1,False,-1
1589,DOUBLE,0,1,1,False,-1
1590,TRIPLE,1,1,1,False,-1
1591,TRIPLE,1,1,1,False,-1
1592,TRIPLE,1,1,1,False,-1
1593,TRIPLE,1,1,1,False,-1
1594,DOUBLE,0,1,1,False,-1
1595,DOUBLE,0,1,1,False,-1
1596,SINGLE,0,0,1,False,-1
1598,TRIPLE,1,1,1,False,-1
1599,TRIPLE,1,1,1,False,-1
1600,SINGLE,0,0,1,False,-1
1602,TRIPLE,1,1,1,False,-1
1603,SINGLE,0,0,1,False,-1
1604,TRIPLE,1,1,1,False,-1
1605,TRIPLE,1,1,1,False,-1
1606,TRIPLE,1,1,1,False,-1
1607,TRIPLE,1,1,1,False,-1
1608,TRIPLE,1,1,1,False,-1
1609,DOUBLE,0,1,1,False,-1
1610,DOUBLE,0,1,1,False,-1
1611,DOUBLE,0,1,1,False,-1
1612,TRIPLE,1,1,1,False,-1
1613,TRIPLE,1,1,1,False,-1
1615,TRIPLE,1,1,1,False,-1
1616,TRIPLE,1,1,1,False,-1
1617,TRIPLE,1,1,1,False,-1
1619,TRIPLE,1,1,1,False,-1
1620,DOUBLE,0,1,1,False,-1
1621,SINGLE,0,0,1,False,-1
1622,DOUBLE,0,1,1,False,-1
1623,DOUBLE,0,1,1,False,-1
1624,DOUBLE,0,1,1,False,-1
1625,TRIPLE,1,1,1,False,-1
1626,TRIPLE,1,1,1,False,-1
1628,DOUBLE,0,1,1,False,-1
1629,DOUBLE,0,1,1,False,-1
1630,TRIPLE,1,1,1,False,-1
1631,TRIPLE,1,1,1,False,-1
1632,DOUBLE,0,1,1,False,-1
1633,SINGLE,0,0,1,False,-1
1634,TRIPLE,1,1,1,False,-1
1635,TRIPLE,1,1,1,False,-1
1636,DOUBLE,0,1,1,False,-1
1637,DOUBLE,0,1,1,False,-1
1638,DOUBLE,0,1,1,False,-1
1639,DOUBLE,0,1,1,False,-1
1640,TRIPLE,1,1,1,False,-1
1641,TRIPLE,1,1,1,False,-1
1642,TRIPLE,1,1,1,False,-1
1643,TRIPLE,1,1,1,False,-1
1644,TRIPLE,1,1,1,False,-1
1645,SINGLE,0,0,1,False,-1
1646,DOUBLE,0,1,1,False,-1
1647,SINGLE,0,0,1,False,-1
1648,DOUBLE,0,1,1,False,-1
1649,TRIPLE,1,1,1,False,-1
1650,DOUBLE,0,1,1,False,-1
1651,TRIPLE,1,1,1,False,-1
1652,SINGLE,0,0,1,False,-1
1654,TRIPLE,1,1,1,False,-1
1655,TRIPLE,1,1,1,False,-1
1656,DOUBLE,0,1,1,False,-1
1657,TRIPLE,1,1,1,False,-1
1658,TRIPLE,1,1,1,False,-1
1659,TRIPLE,1,1,1,False,-1
1660,TRIPLE,1,1,1,False,-1
1662,SINGLE,0,0,1,False,-1
1664,TRIPLE,1,1,1,False,-1
1665,TRIPLE,1,1,1,False,-1
1666,SINGLE,0,0,1,False,-1
1667,TRIPLE,1,1,1,False,-1
1668,TRIPLE,1,1,1,False,-1
1669,TRIPLE,1,1,1,False,-1
1670,SINGLE,0,0,1,False,-1
1672,TRIPLE,1,1,1,False,-1
1673,DOUBLE,0,1,1,False,-1
1674,SINGLE,0,0,1,False,-1
1675,SINGLE,0,0,1,False,-1
1676,TRIPLE,1,1,1,False,-1
1677,TRIPLE,1,1,1,False,-1
1678,TRIPLE,1,1,1,False,-1
1679,DOUBLE,0,1,1,False,-1
1680,TRIPLE,1,1,1,False,-1
1682,DOUBLE,0,1,1,False,-1
1683,TRIPLE,1,1,1,False,-1
1684,DOUBLE,0,1,1,False,-1
1685,TRIPLE,1,1,1,False,-1
1686,TRIPLE,1,1,1,False,-1
1687,TRIPLE,1,1,1,False,-1
1688,TRIPLE,1,1,1,False,-1
1689,DOUBLE,0,1,1,False,-1
1690,DOUBLE,0,1,1,False,-1
1691,TRIPLE,1,1,1,False,-1
1692,TRIPLE,1,1,1,False,-1
1693,TRIPLE,1,1,1,False,-1
1695,TRIPLE,1,1,1,False,-1
1696,TRIPLE,1,1,1,False,-1
1697,TRIPLE,1,1,1,False,-1
1698,DOUBLE,0,1,1,False,-1
1699,TRIPLE,1,1,1,False,-1
1700,TRIPLE,1,1,1,False,-1
1701,TRIPLE,1,1,1,False,-1
1702,TRIPLE,1,1,1,False,-1
1703,TRIPLE,1,1,1,False,-1
1704,DOUBLE,0,1,1,False,-1
1705,DOUBLE,0,1,1,False,-1
1706,TRIPLE,1,1,1,False,-1
1707,TRIPLE,1,1,1,False,-1
1708,DOUBLE,0,1,1,False,-1
1709,TRIPLE,1,1,1,False,-1
1710,TRIPLE,1,1,1,False,-1
1711,TRIPLE,1,1,1,False,-1
1712,TRIPLE,1,1,1,False,-1
1714,TRIPLE,1,1,1,False,-1
1715,SINGLE,0,0,1,False,-1
1716,SINGLE,0,0,1,False,-1
1717,TRIPLE,1,1,1,False,-1
1718,TRIPLE,1,1,1,False,-1
1719,TRIPLE,1,1,1,False,-1
1720,TRIPLE,1,1,1,False,-1
1721,TRIPLE,1,1,1,False,-1
1722,TRIPLE,1,1,1,False,-1
1723,SINGLE,0,0,1,False,-1
1724,SINGLE,0,0,1,False,-1
1725,DOUBLE,0,1,1,False,-1
1726,TRIPLE,1,1,1,False,-1
1727,DOUBLE,0,1,1,False,-1
1728,TRIPLE,1,1,1,False,-1
1729,SINGLE,0,0,1,False,-1
1730,TRIPLE,1,1,1,False,-1
1731,TRIPLE,1,1,1,False,-1
1732,TRIPLE,1,1,1,False,-1
1733,TRIPLE,1,1,1,False,-1
1734,DOUBLE,0,1,1,False,-1
1735,TRIPLE,1,1,1,False,-1
1736,TRIPLE,1,1,1,False,-1
1737,TRIPLE,1,1,1,False,-1
1738,TRIPLE,1,1,1,False,-1
1739,TRIPLE,1,1,1,False,-1
1740,TRIPLE,1,1,1,False,-1
1741,DOUBLE,0,1,1,False,-1
1742,DOUBLE,0,1,1,False,-1
1743,SINGLE,0,0,1,False,-1
1744,TRIPLE,1,1,1,False,-1
1745,TRIPLE,1,1,1,False,-1
1746,SINGLE,0,0,1,False,-1
1747,TRIPLE,1,1,1,False,-1
1749,TRIPLE,1,1,1,False,-1
1750,TRIPLE,1,1,1,False,-1
1751,DOUBLE,0,1,1,False,-1
1752,TRIPLE,1,1,1,False,-1
1753,SINGLE,0,0,1,False,-1
1754,TRIPLE,1,1,1,False,-1
1755,TRIPLE,1,1,1,False,-1
1756,TRIPLE,1,1,1,False,-1
1757,DOUBLE,0,1,1,False,-1
1758,SINGLE,0,0,1,False,-1
1759,TRIPLE,1,1,1,False,-1
1760,DOUBLE,0,1,1,False,-1
1761,TRIPLE,1,1,1,False,-1
1762,TRIPLE,1,1,1,False,-1
1763,DOUBLE,0,1,1,False,-1
1764,TRIPLE,1,1,1,False,-1
1765,TRIPLE,1,1,1,False,-1
1766,DOUBLE,0,1,1,False,-1
1767,DOUBLE,0,1,1,False,-1
1768,TRIPLE,1,1,1,False,-1
1769,DOUBLE,0,1,1,False,-1
1770,DOUBLE,0,1,1,False,-1
1771,DOUBLE,0,1,1,False,-1
1772,TRIPLE,1,1,1,False,-1
1773,TRIPLE,1,1,1,False,-1
1774,TRIPLE,1,1,1,False,-1
1775,TRIPLE,1,1,1,False,-1
1776,SINGLE,0,0,1,False,-1
1777,SINGLE,0,0,1,False,-1
1778,TRIPLE,1,1,1,False,-1
1779,TRIPLE,1,1,1,False,-1
1780,TRIPLE,1,1,1,False,-1
1781,TRIPLE,1,1,1,False,-1
1782,TRIPLE,1,1,1,False,-1
1783,DOUBLE,0,1,1,False,-1
1784,TRIPLE,1,1,1,False,-1
1785,DOUBLE,0,1,1,False,-1
1786,TRIPLE,1,1,1,False,-1
1787,TRIPLE,1,1,1,False,-1
1789,TRIPLE,1,1,1,False,-1
1790,DOUBLE,0,1,1,False,-1
1791,TRIPLE,1,1,1,False,-1
1793,TRIPLE,1,1,1,False,-1
1794,TRIPLE,1,1,1,False,-1
1795,TRIPLE,1,1,1,False,-1
1796,DOUBLE,0,1,1,False,-1
1797,TRIPLE,1,1,1,False,-1
1798,TRIPLE,1,1,1,False,-1
1801,TRIPLE,1,1,1,False,-1
1802,DOUBLE,0,1,1,False,-1
1803,TRIPLE,1,1,1,False,-1
1804,TRIPLE,1,1,1,False,-1
1805,TRIPLE,1,1,1,False,-1
1806,DOUBLE,0,1,1,False,-1
1807,TRIPLE,1,1,1,False,-1
1808,SINGLE,0,0,1,False,-1
1810,TRIPLE,1,1,1,False,-1
1811,TRIPLE,1,1,1,False,-1
1812,SINGLE,0,0,1,False,-1
1813,SINGLE,0,0,1,False,-1
1814,TRIPLE,1,1,1,False,-1
1817,SINGLE,0,0,1,False,-1
1819,SINGLE,0,0,1,False,-1
1820,TRIPLE,1,1,1,False,-1
1821,TRIPLE,1,1,1,False,-1
1822,TRIPLE,1,1,1,False,-1
1823,TRIPLE,1,1,1,False,-1
1824,DOUBLE,0,1,1,False,-1
1825,TRIPLE,1,1,1,False,-1
1826,DOUBLE,0,1,1,False,-1
1827,DOUBLE,0,1,1,False,-1
1828,TRIPLE,1,1,1,False,-1
1829,TRIPLE,1,1,1,False,-1
1830,TRIPLE,1,1,1,False,-1
1831,TRIPLE,1,1,1,False,-1
1832,TRIPLE,1,1,1,False,-1
1833,DOUBLE,0,1,1,False,-1
1834,DOUBLE,0,1,1,False,-1
1835,DOUBLE,0,1,1,False,-1
1837,TRIPLE,1,1,1,False,-1
1838,TRIPLE,1,1,1,False,-1
1839,DOUBLE,0,1,1,False,-1
1840,DOUBLE,0,1,1,False,-1
1841,DOUBLE,0,1,1,False,-1
1842,TRIPLE,1,1,1,False,-1
1843,TRIPLE,1,1,1,False,-1
1844,TRIPLE,1,1,1,False,-1
1845,TRIPLE,1,1,1,False,-1
1846,TRIPLE,1,1,1,False,-1
1849,TRIPLE,1,1,1,False,-1
1850,SINGLE,0,0,1,False,-1
1851,DOUBLE,0,1,1,False,-1
1852,TRIPLE,1,1,1,False,-1
1853,TRIPLE,1,1,1,False,-1
1854,TRIPLE,1,1,1,False,-1
1855,TRIPLE,1,1,1,False,-1
1856,DOUBLE,0,1,1,False,-1
1857,TRIPLE,1,1,1,False,-1
1858,TRIPLE,1,1,1,False,-1
1859,DOUBLE,0,1,1,False,-1
1860,TRIPLE,1,1,1,False,-1
1861,SINGLE,0,0,1,False,-1
1862,TRIPLE,1,1,1,False,-1
1864,SINGLE,0,0,1,False,-1
1865,TRIPLE,1,1,1,False,-1
1866,SINGLE,0,0,1,False,-1
1868,TRIPLE,1,1,1,False,-1
1869,TRIPLE,1,1,1,False,-1
1870,DOUBLE,0,1,1,False,-1
1871,SINGLE,0,0,1,False,-1
1872,SINGLE,0,0,1,False,-1
1873,TRIPLE,1,1,1,False,-1
1874,TRIPLE,1,1,1,False,-1
1875,TRIPLE,1,1,1,False,-1
1876,TRIPLE,1,1,1,False,-1
1877,TRIPLE,1,1,1,False,-1
1879,DOUBLE,0,1,1,False,-1
1880,SINGLE,0,0,1,False,-1
1883,TRIPLE,1,1,1,False,-1
1884,DOUBLE,0,1,1,False,-1
1885,DOUBLE,0,1,1,False,-1
1886,TRIPLE,1,1,1,False,-1
1887,SINGLE,0,0,1,False,-1
1888,TRIPLE,1,1,1,False,-1
1889,TRIPLE,1,1,1,False,-1
1890,DOUBLE,0,1,1,False,-1
1891,TRIPLE,1,1,1,False,-1
1892,DOUBLE,0,1,1,False,-1
1893,TRIPLE,1,1,1,False,-1
1895,DOUBLE,0,1,1,False,-1
1896,DOUBLE,0,1,1,False,-1
1897,TRIPLE,1,1,1,False,-1
1898,DOUBLE,0,1,1,False,-1
1899,DOUBLE,0,1,1,False,-1
1900,TRIPLE,1,1,1,False,-1
1901,TRIPLE,1,1,1,False,-1
1902,SINGLE,0,0,1,False,-1
1903,TRIPLE,1,1,1,False,-1
1904,TRIPLE,1,1,1,False,-1
1905,TRIPLE,1,1,1,False,-1
1906,TRIPLE,1,1,1,False,-1
1907,SINGLE,0,0,1,False,-1
1908,TRIPLE,1,1,1,False,-1
1909,SINGLE,0,0,1,False,-1
1910,TRIPLE,1,1,1,False,-1
1911,SINGLE,0,0,1,False,-1
1912,SINGLE,0,0,1,False,-1
1913,TRIPLE,1,1,1,False,-1
1914,DOUBLE,0,1,1,False,-1
1915,TRIPLE,1,1,1,False,-1
1917,DOUBLE,0,1,1,False,-1
1918,SINGLE,0,0,1,False,-1
1919,TRIPLE,1,1,1,False,-1
1920,TRIPLE,1,1,1,False,-1
1921,TRIPLE,1,1,1,False,-1
1922,TRIPLE,1,1,1,False,-1
1923,DOUBLE,0,1,1,False,-1
1924,SINGLE,0,0,1,False,-1
1926,SINGLE,0,0,1,False,-1
1927,SINGLE,0,0,1,False,-1
1928,TRIPLE,1,1,1,False,-1
1929,DOUBLE,0,1,1,False,-1
1931,SINGLE,0,0,1,False,-1
1933,TRIPLE,1,1,1,False,-1
1934,TRIPLE,1,1,1,False,-1
1935,SINGLE,0,0,1,False,-1
1936,TRIPLE,1,1,1,False,-1
1937,TRIPLE,1,1,1,False,-1
1938,DOUBLE,0,1,1,False,-1
1939,TRIPLE,1,1,1,False,-1
1940,TRIPLE,1,1,1,False,-1
1941,DOUBLE,0,1,1,False,-1
1942,TRIPLE,1,1,1,False,-1
1943,SINGLE,0,0,1,False,-1
1944,TRIPLE,1,1,1,False,-1
1945,TRIPLE,1,1,1,False,-1
1946,TRIPLE,1,1,1,False,-1
1947,DOUBLE,0,1,1,False,-1
1948,TRIPLE,1,1,1,False,-1
1949,DOUBLE,0,1,1,False,-1
1950,SINGLE,0,0,1,False,-1
1951,TRIPLE,1,1,1,False,-1
1952,TRIPLE,1,1,1,False,-1
1953,DOUBLE,0,1,1,False,-1
1955,DOUBLE,0,1,1,False,-1
1956,TRIPLE,1,1,1,False,-1
1957,DOUBLE,0,1,1,False,-1
1958,DOUBLE,0,1,1,False,-1
1959,TRIPLE,1,1,1,False,-1
1960,TRIPLE,1,1,1,False,-1
1961,SINGLE,0,0,1,False,-1
1962,TRIPLE,1,1,1,False,-1
1963,TRIPLE,1,1,1,False,-1
1964,DOUBLE,0,1,1,False,-1
1965,TRIPLE,1,1,1,False,-1
1966,DOUBLE,0,1,1,False,-1
1967,TRIPLE,1,1,1,False,-1
1968,DOUBLE,0,1,1,False,-1
1970,SINGLE,0,0,1,False,-1
1971,TRIPLE,1,1,1,False,-1
1972,DOUBLE,0,1,1,False,-1
1973,DOUBLE,0,1,1,False,-1
1974,SINGLE,0,0,1,False,-1
1975,TRIPLE,1,1,1,False,-1
1976,DOUBLE,0,1,1,False,-1
1977,DOUBLE,0,1,1,False,-1
1978,TRIPLE,1,1,1,False,-1
1979,TRIPLE,1,1,1,False,-1
1981,TRIPLE,1,1,1,False,-1
1982,TRIPLE,1,1,1,False,-1
1983,TRIPLE,1,1,1,False,-1
1984,SINGLE,0,0,1,False,-1
1985,DOUBLE,0,1,1,False,-1
1986,TRIPLE,1,1,1,False,-1
1987,SINGLE,0,0,1,False,-1
1988,SINGLE,0,0,1,False,-1
1990,TRIPLE,1,1,1,False,-1
1991,DOUBLE,0,1,1,False,-1
1992,TRIPLE,1,1,1,False,-1
1993,DOUBLE,0,1,1,False,-1
1994,DOUBLE,0,1,1,False,-1
1996,TRIPLE,1,1,1,False,-1
1997,TRIPLE,1,1,1,False,-1
1998,DOUBLE,0,1,1,False,-1
1999,SINGLE,0,0,1,False,-1
2000,DOUBLE,0,1,1,False,-1
2001,SINGLE,0,0,1,False,-1
2002,TRIPLE,1,1,1,False,-1
2004,TRIPLE,1,1,1,False,-1
2005,TRIPLE,1,1,1,False,-1
2006,SINGLE,0,0,1,False,-1
2007,TRIPLE,1,1,1,False,-1
2008,DOUBLE,0,1,1,False,-1
2009,DOUBLE,0,1,1,False,-1
2010,TRIPLE,1,1,1,False,-1
2011,TRIPLE,1,1,1,False,-1
2012,TRIPLE,1,1,1,False,-1
2013,TRIPLE,1,1,1,False,-1
2014,DOUBLE,0,1,1,False,-1
2015,TRIPLE,1,1,1,False,-1
2016,TRIPLE,1,1,1,False,-1
2017,DOUBLE,0,1,1,False,-1
2018,TRIPLE,1,1,1,False,-1
2019,TRIPLE,1,1,1,False,-1
2020,TRIPLE,1,1,1,False,-1
2021,TRIPLE,1,1,1,False,-1
2022,TRIPLE,1,1,1,False,-1
2024,TRIPLE,1,1,1,False,-1
2025,TRIPLE,1,1,1,False,-1
2026,TRIPLE,1,1,1,False,-1
2027,TRIPLE,1,1,1,False,-1
2028,DOUBLE,0,1,1,False,-1
2029,DOUBLE,0,1,1,False,-1
2030,TRIPLE,1,1,1,False,-1
2031,TRIPLE,1,1,1,False,-1
2032,TRIPLE,1,1,1,False,-1
2033,TRIPLE,1,1,1,False,-1
2034,TRIPLE,1,1,1,False,-1
2035,TRIPLE,1,1,1,False,-1
2036,SINGLE,0,0,1,False,-1
2037,TRIPLE,1,1,1,False,-1
2038,SINGLE,0,0,1,False,-1
2039,DOUBLE,0,1,1,False,-1
2040,TRIPLE,1,1,1,False,-1
2041,DOUBLE,0,1,1,False,-1
2042,DOUBLE,0,1,1,False,-1
2043,TRIPLE,1,1,1,False,-1
2044,DOUBLE,0,1,1,False,-1
2045,SINGLE,0,0,1,False,-1
2046,SINGLE,0,0,1,False,-1
2047,DOUBLE,0,1,1,False,-1
2048,TRIPLE,1,1,1,False,-1
2049,TRIPLE,1,1,1,False,-1
2050,SINGLE,0,0,1,False,-1
2051,TRIPLE,1,1,1,False,-1
2052,TRIPLE,1,1,1,False,-1
2053,TRIPLE,1,1,1,False,-1
2054,TRIPLE,1,1,1,False,-1
2055,TRIPLE,1,1,1,False,-1
2056,SINGLE,0,0,1,False,-1
2057,DOUBLE,0,1,1,False,-1
2058,SINGLE,0,0,1,False,-1
2059,TRIPLE,1,1,1,False,-1
2060,TRIPLE,1,1,1,False,-1
2061,DOUBLE,0,1,1,False,-1
2062,SINGLE,0,0,1,False,-1
2063,TRIPLE,1,1,1,False,-1
2064,TRIPLE,1,1,1,False,-1
2065,TRIPLE,1,1,1,False,-1
2066,TRIPLE,1,1,1,False,-1
2067,TRIPLE,1,1,1,False,-1
2068,TRIPLE,1,1,1,False,-1
2069,DOUBLE,0,1,1,False,-1
2070,TRIPLE,1,1,1,False,-1
2071,TRIPLE,1,1,1,False,-1
2072,DOUBLE,0,1,1,False,-1
2073,TRIPLE,1,1,1,False,-1
2074,TRIPLE,1,1,1,False,-1
2075,SINGLE,0,0,1,False,-1
2076,TRIPLE,1,1,1,False,-1
2077,SINGLE,0,0,1,False,-1
2078,TRIPLE,1,1,1,False,-1
2079,TRIPLE,1,1,1,False,-1
2080,DOUBLE,0,1,1,False,-1
2082,DOUBLE,0,1,1,False,-1
2083,SINGLE,0,0,1,False,-1
2084,TRIPLE,1,1,1,False,-1
2085,TRIPLE,1,1,1,False,-1
2087,DOUBLE,0,1,1,False,-1
2088,DOUBLE,0,1,1,False,-1
2089,DOUBLE,0,1,1,False,-1
2091,DOUBLE,0,1,1,False,-1
2092,TRIPLE,1,1,1,False,-1
2093,TRIPLE,1,1,1,False,-1
2094,TRIPLE,1,1,1,False,-1
2095,TRIPLE,1,1,1,False,-1
2096,DOUBLE,0,1,1,False,-1
2097,TRIPLE,1,1,1,False,-1
2100,TRIPLE,1,1,1,False,-1
2101,DOUBLE,0,1,1,False,-1
2102,TRIPLE,1,1,1,False,-1
2104,SINGLE,0,0,1,False,-1
2105,TRIPLE,1,1,1,False,-1
2107,SINGLE,0,0,1,False,-1
2108,SINGLE,0,0,1,False,-1
2110,DOUBLE,0,1,1,False,-1
2111,DOUBLE,0,1,1,False,-1
2112,DOUBLE,0,1,1,False,-1
2113,TRIPLE,1,1,1,False,-1
2114,TRIPLE,1,1,1,False,-1
2115,DOUBLE,0,1,1,False,-1
2116,TRIPLE,1,1,1,False,-1
2117,DOUBLE,0,1,1,False,-1
2118,TRIPLE,1,1,1,False,-1
2120,TRIPLE,1,1,1,False,-1
2121,TRIPLE,1,1,1,False,-1
2122,DOUBLE,0,1,1,False,-1
2123,TRIPLE,1,1,1,False,-1
2125,TRIPLE,1,1,1,False,-1
2126,TRIPLE,1,1,1,False,-1
2127,TRIPLE,1,1,1,False,-1
2128,TRIPLE,1,1,1,False,-1
2129,TRIPLE,1,1,1,False,-1
2130,SINGLE,0,0,1,False,-1
2131,TRIPLE,1,1,1,False,-1
2132,TRIPLE,1,1,1,False,-1
2133,DOUBLE,0,1,1,False,-1
2134,SINGLE,0,0,1,False,-1
2135,DOUBLE,0,1,1,False,-1
2136,DOUBLE,0,1,1,False,-1
2137,SINGLE,0,0,1,False,-1
2138,TRIPLE,1,1,1,False,-1
2139,SINGLE,0,0,1,False,-1
2140,TRIPLE,1,1,1,False,-1
2141,DOUBLE,0,1,1,False,-1
2143,TRIPLE,1,1,1,False,-1
2144,DOUBLE,0,1,1,False,-1
2146,TRIPLE,1,1,1,False,-1
2147,TRIPLE,1,1,1,False,-1
2148,TRIPLE,1,1,1,False,-1
2149,TRIPLE,1,1,1,False,-1
2150,DOUBLE,0,1,1,False,-1
2151,DOUBLE,0,1,1,False,-1
2152,DOUBLE,0,1,1,False,-1
2153,DOUBLE,0,1,1,False,-1
2154,TRIPLE,1,1,1,False,-1
2156,TRIPLE,1,1,1,False,-1
2157,TRIPLE,1,1,1,False,-1
2158,SINGLE,0,0,1,False,-1
2159,TRIPLE,1,1,1,False,-1
2160,SINGLE,0,0,1,False,-1
2161,TRIPLE,1,1,1,False,-1
2162,DOUBLE,0,1,1,False,-1
2163,TRIPLE,1,1,1,False,-1
2165,DOUBLE,0,1,1,False,-1
2166,TRIPLE,1,1,1,False,-1
2167,DOUBLE,0,1,1,False,-1
2168,DOUBLE,0,1,1,False,-1
2169,DOUBLE,0,1,1,False,-1
2170,DOUBLE,0,1,1,False,-1
2171,TRIPLE,1,1,1,False,-1
2172,DOUBLE,0,1,1,False,-1
2173,TRIPLE,1,1,1,False,-1
2174,TRIPLE,1,1,1,False,-1
2175,TRIPLE,1,1,1,False,-1
2176,TRIPLE,1,1,1,False,-1
2177,SINGLE,0,0,1,False,-1
2178,DOUBLE,0,1,1,False,-1
2179,TRIPLE,1,1,1,False,-1
2180,SINGLE,0,0,1,False,-1
2181,TRIPLE,1,1,1,False,-1
2182,SINGLE,0,0,1,False,-1
2183,DOUBLE,0,1,1,False,-1
2184,DOUBLE,0,1,1,False,-1
2185,SINGLE,0,0,1,False,-1
2186,DOUBLE,0,1,1,False,-1
2187,TRIPLE,1,1,1,False,-1
2188,SINGLE,0,0,1,False,-1
2189,SINGLE,0,0,1,False,-1
2190,TRIPLE,1,1,1,False,-1
2191,DOUBLE,0,1,1,False,-1
2192,TRIPLE,1,1,1,False,-1
2194,DOUBLE,0,1,1,False,-1
2195,TRIPLE,1,1,1,False,-1
2197,TRIPLE,1,1,1,False,-1
2198,SINGLE,0,0,1,False,-1
2199,TRIPLE,1,1,1,False,-1
2201,SINGLE,0,0,1,False,-1
2202,DOUBLE,0,1,1,False,-1
2203,TRIPLE,1,1,1,False,-1
2204,TRIPLE,1,1,1,False,-1
2205,SINGLE,0,0,1,False,-1
2206,TRIPLE,1,1,1,False,-1
2207,TRIPLE,1,1,1,False,-1
2208,DOUBLE,0,1,1,False,-1
2209,TRIPLE,1,1,1,False,-1
2210,TRIPLE,1,1,1,False,-1
2212,TRIPLE,1,1,1,False,-1
2213,TRIPLE,1,1,1,False,-1
2214,DOUBLE,0,1,1,False,-1
2215,DOUBLE,0,1,1,False,-1
2217,SINGLE,0,0,1,False,-1
2218,TRIPLE,1,1,1,False,-1
2219,TRIPLE,1,1,1,False,-1
2220,TRIPLE,1,1,1,False,-1
2221,SINGLE,0,0,1,False,-1
2222,TRIPLE,1,1,1,False,-1
2223,SINGLE,0,0,1,False,-1
2224,DOUBLE,0,1,1,False,-1
2225,TRIPLE,1,1,1,False,-1
2226,TRIPLE,1,1,1,False,-1
2227,SINGLE,0,0,1,False,-1
2228,TRIPLE,1,1,1,False,-1
2229,TRIPLE,1,1,1,False,-1
2230,TRIPLE,1,1,1,False,-1
2231,TRIPLE,1,1,1,False,-1
2232,TRIPLE,1,1,1,False,-1
2233,TRIPLE,1,1,1,False,-1
2234,SINGLE,0,0,1,False,-1
2235,SINGLE,0,0,1,False,-1
2236,TRIPLE,1,1,1,False,-1
2237,DOUBLE,0,1,1,False,-1
2238,DOUBLE,0,1,1,False,-1
2239,TRIPLE,1,1,1,False,-1
2240,TRIPLE,1,1,1,False,-1
2241,DOUBLE,0,1,1,False,-1
2242,SINGLE,0,0,1,False,-1
2243,TRIPLE,1,1,1,False,-1
2244,DOUBLE,0,1,1,False,-1
2245,DOUBLE,0,1,1,False,-1
2246,DOUBLE,0,1,1,False,-1
2247,SINGLE,0,0,1,False,-1
2248,DOUBLE,0,1,1,False,-1
2249,TRIPLE,1,1,1,False,-1
2250,TRIPLE,1,1,1,False,-1
2251,DOUBLE,0,1,1,False,-1
2252,DOUBLE,0,1,1,False,-1
2253,TRIPLE,1,1,1,False,-1
2254,DOUBLE,0,1,1,False,-1
2255,TRIPLE,1,1,1,False,-1
2256,TRIPLE,1,1,1,False,-1
2257,TRIPLE,1,1,1,False,-1
2258,TRIPLE,1,1,1,False,-1
2259,SINGLE,0,0,1,False,-1
2260,TRIPLE,1,1,1,False,-1
2261,TRIPLE,1,1,1,False,-1
2262,TRIPLE,1,1,1,False,-1
2263,TRIPLE,1,1,1,False,-1
2264,DOUBLE,0,1,1,False,-1
2265,DOUBLE,0,1,1,False,-1
2266,TRIPLE,1,1,1,False,-1
2267,TRIPLE,1,1,1,False,-1
2268,TRIPLE,1,1,1,False,-1
2270,TRIPLE,1,1,1,False,-1
2271,TRIPLE,1,1,1,False,-1
2272,TRIPLE,1,1,1,False,-1
2273,TRIPLE,1,1,1,False,-1
2274,TRIPLE,1,1,1,False,-1
2275,SINGLE,0,0,1,False,-1
2276,TRIPLE,1,1,1,False,-1
2277,TRIPLE,1,1,1,False,-1
2278,TRIPLE,1,1,1,False,-1
2279,TRIPLE,1,1,1,False,-1
2280,SINGLE,0,0,1,False,-1
2281,TRIPLE,1,1,1,False,-1
2282,TRIPLE,1,1,1,False,-1
2283,TRIPLE,1,1,1,False,-1
2284,DOUBLE,0,1,1,False,-1
2285,TRIPLE,1,1,1,False,-1
2286,DOUBLE,0,1,1,False,-1
2287,TRIPLE,1,1,1,False,-1
2290,TRIPLE,1,1,1,False,-1
2291,DOUBLE,0,1,1,False,-1
2292,DOUBLE,0,1,1,False,-1
2293,TRIPLE,1,1,1,False,-1
2294,SINGLE,0,0,1,False,-1
2295,DOUBLE,0,1,1,False,-1
2296,DOUBLE,0,1,1,False,-1
2297,DOUBLE,0,1,1,False,-1
2298,TRIPLE,1,1,1,False,-1
2299,TRIPLE,1,1,1,False,-1
2300,TRIPLE,1,1,1,False,-1
2301,TRIPLE,1,1,1,False,-1
2302,TRIPLE,1,1,1,False,-1
2304,SINGLE,0,0,1,False,-1
2305,DOUBLE,0,1,1,False,-1
2306,SINGLE,0,0,1,False,-1
2308,TRIPLE,1,1,1,False,-1
2309,TRIPLE,1,1,1,False,-1
2310,DOUBLE,0,1,1,False,-1
2311,TRIPLE,1,1,1,False,-1
2312,TRIPLE,1,1,1,False,-1
2313,TRIPLE,1,1,1,False,-1
2314,TRIPLE,1,1,1,False,-1
2315,DOUBLE,0,1,1,False,-1
2316,DOUBLE,0,1,1,False,-1
2317,TRIPLE,1,1,1,False,-1
2318,DOUBLE,0,1,1,False,-1
2319,TRIPLE,1,1,1,False,-1
2321,TRIPLE,1,1,1,False,-1
2322,TRIPLE,1,1,1,False,-1
2323,DOUBLE,0,1,1,False,-1
2324,DOUBLE,0,1,1,False,-1
2325,TRIPLE,1,1,1,False,-1
2326,DOUBLE,0,1,1,False,-1
2327,TRIPLE,1,1,1,False,-1
2328,TRIPLE,1,1,1,False,-1
2329,SINGLE,0,0,1,False,-1
2330,DOUBLE,0,1,1,False,-1
2331,TRIPLE,1,1,1,False,-1
2332,TRIPLE,1,1,1,False,-1
2333,DOUBLE,0,1,1,False,-1
2334,TRIPLE,1,1,1,False,-1
2335,TRIPLE,1,1,1,False,-1
2336,TRIPLE,1,1,1,False,-1
2337,TRIPLE,1,1,1,False,-1
2338,DOUBLE,0,1,1,False,-1
2339,TRIPLE,1,1,1,False,-1
2340,TRIPLE,1,1,1,False,-1
2341,TRIPLE,1,1,1,False,-1
2342,TRIPLE,1,1,1,False,-1
2343,SINGLE,0,0,1,False,-1
2344,DOUBLE,0,1,1,False,-1
2345,TRIPLE,1,1,1,False,-1
2346,TRIPLE,1,1,1,False,-1
2348,TRIPLE,1,1,1,False,-1
2349,DOUBLE,0,1,1,False,-1
2350,TRIPLE,1,1,1,False,-1
2351,SINGLE,0,0,1,False,-1
2352,TRIPLE,1,1,1,False,-1
2353,TRIPLE,1,1,1,False,-1
2354,DOUBLE,0,1,1,False,-1
2355,TRIPLE,1,1,1,False,-1
2356,SINGLE,0,0,1,False,-1
2357,DOUBLE,0,1,1,False,-1
2358,TRIPLE,1,1,1,False,-1
2359,DOUBLE,0,1,1,False,-1
2360,TRIPLE,1,1,1,False,-1
2361,TRIPLE,1,1,1,False,-1
2362,TRIPLE,1,1,1,False,-1
2363,TRIPLE,1,1,1,False,-1
2364,TRIPLE,1,1,1,False,-1
2365,TRIPLE,1,1,1,False,-1
2366,SINGLE,0,0,1,False,-1
2367,TRIPLE,1,1,1,False,-1
2369,DOUBLE,0,1,1,False,-1
2370,DOUBLE,0,1,1,False,-1
2371,SINGLE,0,0,1,False,-1
2373,TRIPLE,1,1,1,False,-1
2374,DOUBLE,0,1,1,False,-1
2375,DOUBLE,0,1,1,False,-1
2376,SINGLE,0,0,1,False,-1
2377,TRIPLE,1,1,1,False,-1
2378,SINGLE,0,0,1,False,-1
2379,TRIPLE,1,1,1,False,-1
2380,DOUBLE,0,1,1,False,-1
2381,TRIPLE,1,1,1,False,-1
2382,SINGLE,0,0,1,False,-1
2383,DOUBLE,0,1,1,False,-1
2384,SINGLE,0,0,1,False,-1
2385,DOUBLE,0,1,1,False,-1
2386,TRIPLE,1,1,1,False,-1
2387,DOUBLE,0,1,1,False,-1
2388,TRIPLE,1,1,1,False,-1
2389,TRIPLE,1,1,1,False,-1
2390,DOUBLE,0,1,1,False,-1
2391,DOUBLE,0,1,1,False,-1
2392,DOUBLE,0,1,1,False,-1
2394,TRIPLE,1,1,1,False,-1
2395,TRIPLE,1,1,1,False,-1
2396,TRIPLE,1,1,1,False,-1
2397,TRIPLE,1,1,1,False,-1
2398,TRIPLE,1,1,1,False,-1
2399,DOUBLE,0,1,1,False,-1
2400,TRIPLE,1,1,1,False,-1
2401,DOUBLE,0,1,1,False,-1
2402,TRIPLE,1,1,1,False,-1
2403,DOUBLE,0,1,1,False,-1
2404,TRIPLE,1,1,1,False,-1
2405,TRIPLE,1,1,1,False,-1
2406,TRIPLE,1,1,1,False,-1
2407,SINGLE,0,0,1,False,-1
2409,SINGLE,0,0,1,False,-1
2410,SINGLE,0,0,1,False,-1
2411,DOUBLE,0,1,1,False,-1
2412,TRIPLE,1,1,1,False,-1
2413,TRIPLE,1,1,1,False,-1
2414,SINGLE,0,0,1,False,-1
2415,DOUBLE,0,1,1,False,-1
2416,TRIPLE,1,1,1,False,-1
2417,TRIPLE,1,1,1,False,-1
2418,TRIPLE,1,1,1,False,-1
2419,DOUBLE,0,1,1,False,-1
2420,TRIPLE,1,1,1,False,-1
2422,TRIPLE,1,1,1,False,-1
2424,DOUBLE,0,1,1,False,-1
2425,DOUBLE,0,1,1,False,-1
2426,DOUBLE,0,1,1,False,-1
2427,TRIPLE,1,1,1,False,-1
2428,DOUBLE,0,1,1,False,-1
2429,TRIPLE,1,1,1,False,-1
2430,TRIPLE,1,1,1,False,-1
2431,TRIPLE,1,1,1,False,-1
2432,TRIPLE,1,1,1,False,-1
2433,SINGLE,0,0,1,False,-1
2434,TRIPLE,1,1,1,False,-1
2435,TRIPLE,1,1,1,False,-1
2436,SINGLE,0,0,1,False,-1
2438,SINGLE,0,0,1,False,-1
2439,TRIPLE,1,1,1,False,-1
2440,TRIPLE,1,1,1,False,-1
2441,TRIPLE,1,1,1,False,-1
2442,SINGLE,0,0,1,False,-1
2443,DOUBLE,0,1,1,False,-1
2444,DOUBLE,0,1,1,False,-1
2445,TRIPLE,1,1,1,False,-1
2446,SINGLE,0,0,1,False,-1
2447,TRIPLE,1,1,1,False,-1
2449,DOUBLE,0,1,1,False,-1
2450,SINGLE,0,0,1,False,-1
2451,DOUBLE,0,1,1,False,-1
2453,DOUBLE,0,1,1,False,-1
2454,TRIPLE,1,1,1,False,-1
2455,TRIPLE,1,1,1,False,-1
2456,TRIPLE,1,1,1,False,-1
2457,DOUBLE,0,1,1,False,-1
2458,DOUBLE,0,1,1,False,-1
2459,DOUBLE,0,1,1,False,-1
2460,TRIPLE,1,1,1,False,-1
2462,DOUBLE,0,1,1,False,-1
2464,DOUBLE,0,1,1,False,-1
2465,DOUBLE,0,1,1,False,-1
2466,DOUBLE,0,1,1,False,-1
2467,DOUBLE,0,1,1,False,-1
2468,TRIPLE,1,1,1,False,-1
2469,TRIPLE,1,1,1,False,-1
2470,TRIPLE,1,1,1,False,-1
2471,TRIPLE,1,1,1,False,-1
2472,DOUBLE,0,1,1,False,-1
2474,DOUBLE,0,1,1,False,-1
2475,DOUBLE,0,1,1,False,-1
2476,SINGLE,0,0,1,False,-1
2477,SINGLE,0,0,1,False,-1
2478,TRIPLE,1,1,1,False,-1
2479,SINGLE,0,0,1,False,-1
2480,SINGLE,0,0,1,False,-1
2481,TRIPLE,1,1,1,False,-1
2482,TRIPLE,1,1,1,False,-1
2483,TRIPLE,1,1,1,False,-1
2484,DOUBLE,0,1,1,False,-1
2485,TRIPLE,1,1,1,False,-1
2486,TRIPLE,1,1,1,False,-1
2487,DOUBLE,0,1,1,False,-1
2489,TRIPLE,1,1,1,False,-1
2490,TRIPLE,1,1,1,False,-1
2491,TRIPLE,1,1,1,False,-1
2492,DOUBLE,0,1,1,False,-1
2493,TRIPLE,1,1,1,False,-1
2494,DOUBLE,0,1,1,False,-1
2495,TRIPLE,1,1,1,False,-1
2496,DOUBLE,0,1,1,False,-1
2497,TRIPLE,1,1,1,False,-1
2498,DOUBLE,0,1,1,False,-1
2499,TRIPLE,1,1,1,False,-1
2500,TRIPLE,1,1,1,False,-1
2501,DOUBLE,0,1,1,False,-1
2502,TRIPLE,1,1,1,False,-1
2503,TRIPLE,1,1,1,False,-1
2504,TRIPLE,1,1,1,False,-1
2506,TRIPLE,1,1,1,False,-1
2507,TRIPLE,1,1,1,False,-1
2508,TRIPLE,1,1,1,False,-1
2509,TRIPLE,1,1,1,False,-1
2511,TRIPLE,1,1,1,False,-1
2512,DOUBLE,0,1,1,False,-1
2513,DOUBLE,0,1,1,False,-1
2514,TRIPLE,1,1,1,False,-1
2515,TRIPLE,1,1,1,False,-1
2516,TRIPLE,1,1,1,False,-1
2517,TRIPLE,1,1,1,False,-1
2518,TRIPLE,1,1,1,False,-1
2519,DOUBLE,0,1,1,False,-1
2520,TRIPLE,1,1,1,False,-1
2521,TRIPLE,1,1,1,False,-1
2522,TRIPLE,1,1,1,False,-1
2524,TRIPLE,1,1,1,False,-1
2525,DOUBLE,0,1,1,False,-1
2526,SINGLE,0,0,1,False,-1
2527,DOUBLE,0,1,1,False,-1
2528,TRIPLE,1,1,1,False,-1
2529,TRIPLE,1,1,1,False,-1
2530,DOUBLE,0,1,1,False,-1
2531,TRIPLE,1,1,1,False,-1
2532,SINGLE,0,0,1,False,-1
2533,SINGLE,0,0,1,False,-1
2534,TRIPLE,1,1,1,False,-1
2535,DOUBLE,0,1,1,False,-1
2537,DOUBLE,0,1,1,False,-1
2538,DOUBLE,0,1,1,False,-1
2539,DOUBLE,0,1,1,False,-1
2540,TRIPLE,1,1,1,False,-1
2541,DOUBLE,0,1,1,False,-1
2542,TRIPLE,1,1,1,False,-1
2543,SINGLE,0,0,1,False,-1
2544,TRIPLE,1,1,1,False,-1
2545,TRIPLE,1,1,1,False,-1
2546,SINGLE,0,0,1,False,-1
2547,TRIPLE,1,1,1,False,-1
2548,TRIPLE,1,1,1,False,-1
2550,TRIPLE,1,1,1,False,-1
2551,TRIPLE,1,1,1,False,-1
2552,TRIPLE,1,1,1,False,-1
2553,SINGLE,0,0,1,False,-1
2554,SINGLE,0,0,1,False,-1
2555,TRIPLE,1,1,1,False,-1
2556,TRIPLE,1,1,1,False,-1
2557,TRIPLE,1,1,1,False,-1
2558,TRIPLE,1,1,1,False,-1
2559,TRIPLE,1,1,1,False,-1
2560,TRIPLE,1,1,1,False,-1
2561,DOUBLE,0,1,1,False,-1
2562,DOUBLE,0,1,1,False,-1
2563,SINGLE,0,0,1,False,-1
2564,SINGLE,0,0,1,False,-1
2565,SINGLE,0,0,1,False,-1
2566,DOUBLE,0,1,1,False,-1
2567,SINGLE,0,0,1,False,-1
2568,SINGLE,0,0,1,False,-1
2569,TRIPLE,1,1,1,False,-1
2570,TRIPLE,1,1,1,False,-1
2571,SINGLE,0,0,1,False,-1
2572,SINGLE,0,0,1,False,-1
2573,DOUBLE,0,1,1,False,-1
2574,TRIPLE,1,1,1,False,-1
2575,DOUBLE,0,1,1,False,-1
2576,SINGLE,0,0,1,False,-1
2577,TRIPLE,1,1,1,False,-1
2578,DOUBLE,0,1,1,False,-1
2579,TRIPLE,1,1,1,False,-1
2580,TRIPLE,1,1,1,False,-1
2581,TRIPLE,1,1,1,False,-1
2582,DOUBLE,0,1,1,False,-1
2583,DOUBLE,0,1,1,False,-1
2584,TRIPLE,1,1,1,False,-1
2585,TRIPLE,1,1,1,False,-1
2586,DOUBLE,0,1,1,False,-1
2587,TRIPLE,1,1,1,False,-1
2588,SINGLE,0,0,1,False,-1
2589,TRIPLE,1,1,1,False,-1
2590,DOUBLE,0,1,1,False,-1
2591,TRIPLE,1,1,1,False,-1
2592,TRIPLE,1,1,1,False,-1
2593,SINGLE,0,0,1,False,-1
2594,TRIPLE,1,1,1,False,-1
2595,TRIPLE,1,1,1,False,-1
2597,DOUBLE,0,1,1,False,-1
2598,TRIPLE,1,1,1,False,-1
2599,SINGLE,0,0,1,False,-1
2600,TRIPLE,1,1,1,False,-1
2601,TRIPLE,1,1,1,False,-1
2602,DOUBLE,0,1,1,False,-1
2603,TRIPLE,1,1,1,False,-1
2605,TRIPLE,1,1,1,False,-1
2606,DOUBLE,0,1,1,False,-1
2607,TRIPLE,1,1,1,False,-1
2608,TRIPLE,1,1,1,False,-1
2609,DOUBLE,0,1,1,False,-1
2610,DOUBLE,0,1,1,False,-1
2611,DOUBLE,0,1,1,False,-1
2612,DOUBLE,0,1,1,False,-1
2613,TRIPLE,1,1,1,False,-1
2614,TRIPLE,1,1,1,False,-1
2615,TRIPLE,1,1,1,False,-1
2616,TRIPLE,1,1,1,False,-1
2617,TRIPLE,1,1,1,False,-1
2618,SINGLE,0,0,1,False,-1
2619,DOUBLE,0,1,1,False,-1
2620,TRIPLE,1,1,1,False,-1
2621,TRIPLE,1,1,1,False,-1
2622,TRIPLE,1,1,1,False,-1
2623,TRIPLE,1,1,1,False,-1
2624,TRIPLE,1,1,1,False,-1
2625,TRIPLE,1,1,1,False,-1
2626,TRIPLE,1,1,1,False,-1
2627,TRIPLE,1,1,1,False,-1
2628,DOUBLE,0,1,1,False,-1
2629,TRIPLE,1,1,1,False,-1
2630,TRIPLE,1,1,1,False,-1
2631,TRIPLE,1,1,1,False,-1
2632,TRIPLE,1,1,1,False,-1
2633,TRIPLE,1,1,1,False,-1
2634,SINGLE,0,0,1,False,-1
2635,DOUBLE,0,1,1,False,-1
2636,TRIPLE,1,1,1,False,-1
2637,SINGLE,0,0,1,False,-1
2638,SINGLE,0,0,1,False,-1
2639,DOUBLE,0,1,1,False,-1
2640,TRIPLE,1,1,1,False,-1
2641,SINGLE,0,0,1,False,-1
2642,TRIPLE,1,1,1,False,-1
2643,DOUBLE,0,1,1,False,-1
2644,TRIPLE,1,1,1,False,-1
2645,TRIPLE,1,1,1,False,-1
2646,TRIPLE,1,1,1,False,-1
2647,TRIPLE,1,1,1,False,-1
2648,TRIPLE,1,1,1,False,-1
2649,TRIPLE,1,1,1,False,-1
2650,TRIPLE,1,1,1,False,-1
2651,DOUBLE,0,1,1,False,-1
2652,TRIPLE,1,1,1,False,-1
2653,DOUBLE,0,1,1,False,-1
2655,TRIPLE,1,1,1,False,-1
2656,TRIPLE,1,1,1,False,-1
2657,TRIPLE,1,1,1,False,-1
2658,DOUBLE,0,1,1,False,-1
2659,TRIPLE,1,1,1,False,-1
2660,DOUBLE,0,1,1,False,-1
2661,TRIPLE,1,1,1,False,-1
2662,SINGLE,0,0,1,False,-1
2663,DOUBLE,0,1,1,False,-1
2665,TRIPLE,1,1,1,False,-1
2666,TRIPLE,1,1,1,False,-1
2667,TRIPLE,1,1,1,False,-1
2668,TRIPLE,1,1,1,False,-1
2670,DOUBLE,0,1,1,False,-1
2671,SINGLE,0,0,1,False,-1
2672,DOUBLE,0,1,1,False,-1
2673,TRIPLE,1,1,1,False,-1
2674,TRIPLE,1,1,1,False,-1
2675,DOUBLE,0,1,1,False,-1
2676,SINGLE,0,0,1,False,-1
2677,TRIPLE,1,1,1,False,-1
2678,DOUBLE,0,1,1,False,-1
2679,TRIPLE,1,1,1,False,-1
2681,TRIPLE,1,1,1,False,-1
2682,DOUBLE,0,1,1,False,-1
2683,SINGLE,0,0,1,False,-1
2685,DOUBLE,0,1,1,False,-1
2686,TRIPLE,1,1,1,False,-1
2688,DOUBLE,0,1,1,False,-1
2689,TRIPLE,1,1,1,False,-1
2690,TRIPLE,1,1,1,False,-1
2691,TRIPLE,1,1,1,False,-1
2692,DOUBLE,0,1,1,False,-1
2694,TRIPLE,1,1,1,False,-1
2695,TRIPLE,1,1,1,False,-1
2696,DOUBLE,0,1,1,False,-1
2697,TRIPLE,1,1,1,False,-1
2698,DOUBLE,0,1,1,False,-1
2699,TRIPLE,1,1,1,False,-1
2700,TRIPLE,1,1,1,False,-1
2703,DOUBLE,0,1,1,False,-1
2704,TRIPLE,1,1,1,False,-1
2705,DOUBLE,0,1,1,False,-1
2706,SINGLE,0,0,1,False,-1
2707,DOUBLE,0,1,1,False,-1
2708,DOUBLE,0,1,1,False,-1
2709,TRIPLE,1,1,1,False,-1
2710,TRIPLE,1,1,1,False,-1
2711,TRIPLE,1,1,1,False,-1
2712,DOUBLE,0,1,1,False,-1
2713,DOUBLE,0,1,1,False,-1
2714,DOUBLE,0,1,1,False,-1
2715,DOUBLE,0,1,1,False,-1
2716,DOUBLE,0,1,1,False,-1
2717,TRIPLE,1,1,1,False,-1
2718,TRIPLE,1,1,1,False,-1
2720,SINGLE,0,0,1,False,-1
2721,SINGLE,0,0,1,False,-1
2722,TRIPLE,1,1,1,False,-1
2723,DOUBLE,0,1,1,False,-1
2724,SINGLE,0,0,1,False,-1
2725,DOUBLE,0,1,1,False,-1
2726,TRIPLE,1,1,1,False,-1
2727,TRIPLE,1,1,1,False,-1
2728,DOUBLE,0,1,1,False,-1
2731,TRIPLE,1,1,1,False,-1
2732,DOUBLE,0,1,1,False,-1
2733,TRIPLE,1,1,1,False,-1
2734,DOUBLE,0,1,1,False,-1
2735,TRIPLE,1,1,1,False,-1
2736,TRIPLE,1,1,1,False,-1
2738,SINGLE,0,0,1,False,-1
2740,TRIPLE,1,1,1,False,-1
2741,DOUBLE,0,1,1,False,-1
2742,TRIPLE,1,1,1,False,-1
2743,DOUBLE,0,1,1,False,-1
2744,TRIPLE,1,1,1,False,-1
2745,SINGLE,0,0,1,False,-1
2746,SINGLE,0,0,1,False,-1
2748,TRIPLE,1,1,1,False,-1
2749,TRIPLE,1,1,1,False,-1
2750,DOUBLE,0,1,1,False,-1
2751,TRIPLE,1,1,1,False,-1
2752,TRIPLE,1,1,1,False,-1
2753,TRIPLE,1,1,1,False,-1
2754,TRIPLE,1,1,1,False,-1
2755,DOUBLE,0,1,1,False,-1
2756,TRIPLE,1,1,1,False,-1
2757,TRIPLE,1,1,1,False,-1
2758,TRIPLE,1,1,1,False,-1
2759,DOUBLE,0,1,1,False,-1
2760,TRIPLE,1,1,1,False,-1
2761,DOUBLE,0,1,1,False,-1
2763,DOUBLE,0,1,1,False,-1
2764,DOUBLE,0,1,1,False,-1
2765,SINGLE,0,0,1,False,-1
2766,TRIPLE,1,1,1,False,-1
2767,DOUBLE,0,1,1,False,-1
2768,DOUBLE,0,1,1,False,-1
2769,TRIPLE,1,1,1,False,-1
2770,TRIPLE,1,1,1,False,-1
2771,SINGLE,0,0,1,False,-1
2772,TRIPLE,1,1,1,False,-1
2773,TRIPLE,1,1,1,False,-1
2774,TRIPLE,1,1,1,False,-1
2775,DOUBLE,0,1,1,False,-1
2777,TRIPLE,1,1,1,False,-1
2778,DOUBLE,0,1,1,False,-1
2779,TRIPLE,1,1,1,False,-1
2780,SINGLE,0,0,1,False,-1
2781,SINGLE,0,0,1,False,-1
2782,TRIPLE,1,1,1,False,-1
2783,TRIPLE,1,1,1,False,-1
2784,SINGLE,0,0,1,False,-1
2785,DOUBLE,0,1,1,False,-1
2786,TRIPLE,1,1,1,False,-1
2787,DOUBLE,0,1,1,False,-1
2788,DOUBLE,0,1,1,False,-1
2789,SINGLE,0,0,1,False,-1
2790,DOUBLE,0,1,1,False,-1
2792,SINGLE,0,0,1,False,-1
2793,DOUBLE,0,1,1,False,-1
2794,TRIPLE,1,1,1,False,-1
2795,TRIPLE,1,1,1,False,-1
2796,DOUBLE,0,1,1,False,-1
2797,TRIPLE,1,1,1,False,-1
2798,TRIPLE,1,1,1,False,-1
2799,DOUBLE,0,1,1,False,-1
2802,DOUBLE,0,1,1,False,-1
2803,DOUBLE,0,1,1,False,-1
2804,DOUBLE,0,1,1,False,-1
2805,DOUBLE,0,1,1,False,-1
2806,TRIPLE,1,1,1,False,-1
2807,SINGLE,0,0,1,False,-1
2808,SINGLE,0,0,1,False,-1
2809,DOUBLE,0,1,1,False,-1
2810,SINGLE,0,0,1,False,-1
2811,TRIPLE,1,1,1,False,-1
2813,SINGLE,0,0,1,False,-1
2814,TRIPLE,1,1,1,False,-1
2816,DOUBLE,0,1,1,False,-1
2817,DOUBLE,0,1,1,False,-1
2818,TRIPLE,1,1,1,False,-1
2819,DOUBLE,0,1,1,False,-1
2820,TRIPLE,1,1,1,False,-1
2821,SINGLE,0,0,1,False,-1
2823,TRIPLE,1,1,1,False,-1
2824,TRIPLE,1,1,1,False,-1
2825,DOUBLE,0,1,1,False,-1
2826,DOUBLE,0,1,1,False,-1
2827,DOUBLE,0,1,1,False,-1
2828,TRIPLE,1,1,1,False,-1
2830,DOUBLE,0,1,1,False,-1
2831,TRIPLE,1,1,1,False,-1
2832,DOUBLE,0,1,1,False,-1
2833,DOUBLE,0,1,1,False,-1
2835,TRIPLE,1,1,1,False,-1
2836,DOUBLE,0,1,1,False,-1
2837,TRIPLE,1,1,1,False,-1
2838,TRIPLE,1,1,1,False,-1
2839,DOUBLE,0,1,1,False,-1
2840,TRIPLE,1,1,1,False,-1
2841,SINGLE,0,0,1,False,-1
2842,TRIPLE,1,1,1,False,-1
2843,DOUBLE,0,1,1,False,-1
2844,TRIPLE,1,1,1,False,-1
2845,TRIPLE,1,1,1,False,-1
2846,TRIPLE,1,1,1,False,-1
2847,TRIPLE,1,1,1,False,-1
2849,DOUBLE,0,1,1,False,-1
2850,TRIPLE,1,1,1,False,-1
2851,DOUBLE,0,1,1,False,-1
2852,TRIPLE,1,1,1,False,-1
2853,TRIPLE,1,1,1,False,-1
2854,DOUBLE,0,1,1,False,-1
2855,TRIPLE,1,1,1,False,-1
2856,TRIPLE,1,1,1,False,-1
2857,SINGLE,0,0,1,False,-1
2858,DOUBLE,0,1,1,False,-1
2859,TRIPLE,1,1,1,False,-1
2860,DOUBLE,0,1,1,False,-1
2861,SINGLE,0,0,1,False,-1
2862,TRIPLE,1,1,1,False,-1
2863,TRIPLE,1,1,1,False,-1
2864,DOUBLE,0,1,1,False,-1
2865,TRIPLE,1,1,1,False,-1
2866,SINGLE,0,0,1,False,-1
2868,TRIPLE,1,1,1,False,-1
2870,TRIPLE,1,1,1,False,-1
2872,TRIPLE,1,1,1,False,-1
2873,DOUBLE,0,1,1,False,-1
2874,SINGLE,0,0,1,False,-1
2875,TRIPLE,1,1,1,False,-1
2876,DOUBLE,0,1,1,False,-1
2877,DOUBLE,0,1,1,False,-1
2878,TRIPLE,1,1,1,False,-1
2879,TRIPLE,1,1,1,False,-1
2880,DOUBLE,0,1,1,False,-1
2881,TRIPLE,1,1,1,False,-1
2882,TRIPLE,1,1,1,False,-1
2883,DOUBLE,0,1,1,False,-1
2884,TRIPLE,1,1,1,False,-1
2885,SINGLE,0,0,1,False,-1
2886,TRIPLE,1,1,1,False,-1
2887,TRIPLE,1,1,1,False,-1
2888,DOUBLE,0,1,1,False,-1
2889,TRIPLE,1,1,1,False,-1
2890,TRIPLE,1,1,1,False,-1
2891,TRIPLE,1,1,1,False,-1
2892,SINGLE,0,0,1,False,-1
2894,TRIPLE,1,1,1,False,-1
2895,TRIPLE,1,1,1,False,-1
2896,TRIPLE,1,1,1,False,-1
2897,TRIPLE,1,1,1,False,-1
2898,DOUBLE,0,1,1,False,-1
2899,DOUBLE,0,1,1,False,-1
2900,DOUBLE,0,1,1,False,-1
2901,TRIPLE,1,1,1,False,-1
2902,SINGLE,0,0,1,False,-1
2903,SINGLE,0,0,1,False,-1
2904,TRIPLE,1,1,1,False,-1
2905,SINGLE,0,0,1,False,-1
2906,TRIPLE,1,1,1,False,-1
2907,TRIPLE,1,1,1,False,-1
2908,SINGLE,0,0,1,False,-1
2909,TRIPLE,1,1,1,False,-1
2910,DOUBLE,0,1,1,False,-1
2911,TRIPLE,1,1,1,False,-1
2912,TRIPLE,1,1,1,False,-1
2913,TRIPLE,1,1,1,False,-1
2914,TRIPLE,1,1,1,False,-1
2915,DOUBLE,0,1,1,False,-1
2916,TRIPLE,1,1,1,False,-1
2917,DOUBLE,0,1,1,False,-1
2920,SINGLE,0,0,1,False,-1
2921,TRIPLE,1,1,1,False,-1
2922,SINGLE,0,0,1,False,-1
2923,SINGLE,0,0,1,False,-1
2924,TRIPLE,1,1,1,False,-1
2925,TRIPLE,1,1,1,False,-1
2926,TRIPLE,1,1,1,False,-1
2927,TRIPLE,1,1,1,False,-1
2928,TRIPLE,1,1,1,False,-1
2929,SINGLE,0,0,1,False,-1
2930,SINGLE,0,0,1,False,-1
2931,DOUBLE,0,1,1,False,-1
2932,TRIPLE,1,1,1,False,-1
2933,TRIPLE,1,1,1,False,-1
2934,TRIPLE,1,1,1,False,-1
2935,TRIPLE,1,1,1,False,-1
2936,TRIPLE,1,1,1,False,-1
2937,SINGLE,0,0,1,False,-1
2938,TRIPLE,1,1,1,False,-1
2939,TRIPLE,1,1,1,False,-1
2940,TRIPLE,1,1,1,False,-1
2941,DOUBLE,0,1,1,False,-1
2942,TRIPLE,1,1,1,False,-1
2943,DOUBLE,0,1,1,False,-1
2944,DOUBLE,0,1,1,False,-1
2945,DOUBLE,0,1,1,False,-1
2946,SINGLE,0,0,1,False,-1
2947,TRIPLE,1,1,1,False,-1
2948,TRIPLE,1,1,1,False,-1
2949,DOUBLE,0,1,1,False,-1
2950,SINGLE,0,0,1,False,-1
2951,TRIPLE,1,1,1,False,-1
2952,SINGLE,0,0,1,False,-1
2954,TRIPLE,1,1,1,False,-1
2955,DOUBLE,0,1,1,False,-1
2956,SINGLE,0,0,1,False,-1
2957,SINGLE,0,0,1,False,-1
2958,DOUBLE,0,1,1,False,-1
2959,SINGLE,0,0,1,False,-1
2960,DOUBLE,0,1,1,False,-1
2961,TRIPLE,1,1,1,False,-1
2963,TRIPLE,1,1,1,False,-1
2964,TRIPLE,1,1,1,False,-1
2965,TRIPLE,1,1,1,False,-1
2966,SINGLE,0,0,1,False,-1
2967,DOUBLE,0,1,1,False,-1
2968,SINGLE,0,0,1,False,-1
2969,TRIPLE,1,1,1,False,-1
2970,TRIPLE,1,1,1,False,-1
2973,TRIPLE,1,1,1,False,-1
2974,DOUBLE,0,1,1,False,-1
2975,TRIPLE,1,1,1,False,-1
2977,DOUBLE,0,1,1,False,-1
2978,SINGLE,0,0,1,False,-1
2979,TRIPLE,1,1,1,False,-1
2980,TRIPLE,1,1,1,False,-1
2981,TRIPLE,1,1,1,False,-1
2982,SINGLE,0,0,1,False,-1
2983,DOUBLE,0,1,1,False,-1
2984,DOUBLE,0,1,1,False,-1
2985,DOUBLE,0,1,1,False,-1
2986,TRIPLE,1,1,1,False,-1
2987,TRIPLE,1,1,1,False,-1
2988,TRIPLE,1,1,1,False,-1
2990,DOUBLE,0,1,1,False,-1
2991,SINGLE,0,0,1,False,-1
2992,TRIPLE,1,1,1,False,-1
2993,DOUBLE,0,1,1,False,-1
2994,DOUBLE,0,1,1,False,-1
2995,SINGLE,0,0,1,False,-1
2996,SINGLE,0,0,1,False,-1
2997,DOUBLE,0,1,1,False,-1
2998,TRIPLE,1,1,1,False,-1
2999,TRIPLE,1,1,1,False,-1
3000,TRIPLE,1,1,1,False,-1
3001,DOUBLE,0,1,1,False,-1
3003,TRIPLE,1,1,1,False,-1
3004,DOUBLE,0,1,1,False,-1
3005,TRIPLE,1,1,1,False,-1
3006,DOUBLE,0,1,1,False,-1
3007,TRIPLE,1,1,1,False,-1
3008,TRIPLE,1,1,1,False,-1
3009,TRIPLE,1,1,1,False,-1
3010,SINGLE,0,0,1,False,-1
3011,SINGLE,0,0,1,False,-1
3012,SINGLE,0,0,1,False,-1
3014,TRIPLE,1,1,1,False,-1
3015,DOUBLE,0,1,1,False,-1
3016,DOUBLE,0,1,1,False,-1
3017,TRIPLE,1,1,1,False,-1
3018,TRIPLE,1,1,1,False,-1
3019,TRIPLE,1,1,1,False,-1
3020,DOUBLE,0,1,1,False,-1
3021,DOUBLE,0,1,1,False,-1
3022,TRIPLE,1,1,1,False,-1
3023,TRIPLE,1,1,1,False,-1
3024,DOUBLE,0,1,1,False,-1
3025,DOUBLE,0,1,1,False,-1
3026,TRIPLE,1,1,1,False,-1
3027,TRIPLE,1,1,1,False,-1
3028,TRIPLE,1,1,1,False,-1
3029,SINGLE,0,0,1,False,-1
3030,SINGLE,0,0,1,False,-1
3031,DOUBLE,0,1,1,False,-1
3032,TRIPLE,1,1,1,False,-1
3033,TRIPLE,1,1,1,False,-1
3034,TRIPLE,1,1,1,False,-1
3035,TRIPLE,1,1,1,False,-1
3037,TRIPLE,1,1,1,False,-1
3038,TRIPLE,1,1,1,False,-1
3039,SINGLE,0,0,1,False,-1
3041,DOUBLE,0,1,1,False,-1
3042,TRIPLE,1,1,1,False,-1
3043,DOUBLE,0,1,1,False,-1
3044,TRIPLE,1,1,1,False,-1
3045,SINGLE,0,1,0,False,-1
3046,SINGLE,0,0,1,False,-1
3047,TRIPLE,1,1,1,False,-1
3049,TRIPLE,1,1,1,False,-1
3051,TRIPLE,1,1,1,False,-1
3052,TRIPLE,1,1,1,False,-1
3053,DOUBLE,0,1,1,False,-1
3054,SINGLE,0,0,1,False,-1
3055,TRIPLE,1,1,1,False,-1
3056,TRIPLE,1,1,1,False,-1
3057,TRIPLE,1,1,1,False,-1
3058,TRIPLE,1,1,1,False,-1
3060,TRIPLE,1,1,1,False,-1
3061,TRIPLE,1,1,1,False,-1
3063,DOUBLE,0,1,1,False,-1
3064,TRIPLE,1,1,1,False,-1
3065,DOUBLE,0,1,1,False,-1
3066,DOUBLE,0,1,1,False,-1
3067,DOUBLE,0,1,1,False,-1
3068,TRIPLE,1,1,1,False,-1
3069,SINGLE,0,0,1,False,-1
3070,SINGLE,0,0,1,False,-1
3071,SINGLE,0,0,1,False,-1
3072,SINGLE,0,0,1,False,-1
3073,TRIPLE,1,1,1,False,-1
3074,TRIPLE,1,1,1,False,-1
3075,TRIPLE,1,1,1,False,-1
3076,TRIPLE,1,1,1,False,-1
3077,DOUBLE,0,1,1,False,-1
3078,TRIPLE,1,1,1,False,-1
3079,DOUBLE,0,1,1,False,-1
3081,TRIPLE,1,1,1,False,-1
3082,SINGLE,0,0,1,False,-1
3083,SINGLE,0,0,1,False,-1
3084,TRIPLE,1,1,1,False,-1
3085,DOUBLE,0,1,1,False,-1
3086,TRIPLE,1,1,1,False,-1
3087,DOUBLE,0,1,1,False,-1
3089,TRIPLE,1,1,1,False,-1
3090,TRIPLE,1,1,1,False,-1
3091,SINGLE,0,0,1,False,-1
3093,SINGLE,0,0,1,False,-1
3094,DOUBLE,0,1,1,False,-1
3095,TRIPLE,1,1,1,False,-1
3096,TRIPLE,1,1,1,False,-1
3098,TRIPLE,1,1,1,False,-1
3099,TRIPLE,1,1,1,False,-1
3100,DOUBLE,0,1,1,False,-1
3101,SINGLE,0,0,1,False,-1
3102,DOUBLE,0,1,1,False,-1
3103,DOUBLE,0,1,1,False,-1
3104,DOUBLE,0,1,1,False,-1
3105,TRIPLE,1,1,1,False,-1
3106,TRIPLE,1,1,1,False,-1
3107,TRIPLE,1,1,1,False,-1
3108,TRIPLE,1,1,1,False,-1
3109,TRIPLE,1,1,1,False,-1
3110,TRIPLE,1,1,1,False,-1
3111,SINGLE,0,0,1,False,-1
3112,TRIPLE,1,1,1,False,-1
3113,TRIPLE,1,1,1,False,-1
3114,TRIPLE,1,1,1,False,-1
3115,DOUBLE,0,1,1,False,-1
3116,SINGLE,0,0,1,False,-1
3117,TRIPLE,1,1,1,False,-1
3118,SINGLE,0,0,1,False,-1
3119,SINGLE,0,0,1,False,-1
3120,DOUBLE,0,1,1,False,-1
3121,TRIPLE,1,1,1,False,-1
3122,SINGLE,0,0,1,False,-1
3123,TRIPLE,1,1,1,False,-1
3124,TRIPLE,1,1,1,False,-1
3127,TRIPLE,1,1,1,False,-1
3128,DOUBLE,0,1,1,False,-1
3129,DOUBLE,0,1,1,False,-1
3130,TRIPLE,1,1,1,False,-1
3131,DOUBLE,0,1,1,False,-1
3132,DOUBLE,0,1,1,False,-1
3133,DOUBLE,0,1,1,False,-1
3134,TRIPLE,1,1,1,False,-1
3135,TRIPLE,1,1,1,False,-1
3136,TRIPLE,1,1,1,False,-1
3137,TRIPLE,1,1,1,False,-1
3138,DOUBLE,0,1,1,False,-1
3139,DOUBLE,0,1,1,False,-1
3140,TRIPLE,1,1,1,False,-1
3142,TRIPLE,1,1,1,False,-1
3143,TRIPLE,1,1,1,False,-1
3144,TRIPLE,1,1,1,False,-1
3145,TRIPLE,1,1,1,False,-1
3146,TRIPLE,1,1,1,False,-1
3147,TRIPLE,1,1,1,False,-1
3148,SINGLE,0,0,1,False,-1
3149,TRIPLE,1,1,1,False,-1
3150,DOUBLE,0,1,1,False,-1
3151,SINGLE,0,0,1,False,-1
3152,TRIPLE,1,1,1,False,-1
3153,TRIPLE,1,1,1,False,-1
3154,TRIPLE,1,1,1,False,-1
3155,SINGLE,0,0,1,False,-1
3156,DOUBLE,0,1,1,False,-1
3157,SINGLE,0,0,1,False,-1
3158,DOUBLE,0,1,1,False,-1
3159,DOUBLE,0,1,1,False,-1
3160,TRIPLE,1,1,1,False,-1
3161,TRIPLE,1,1,1,False,-1
3162,TRIPLE,1,1,1,False,-1
3163,SINGLE,0,0,1,False,-1
3164,TRIPLE,1,1,1,False,-1
3165,TRIPLE,1,1,1,False,-1
3166,TRIPLE,1,1,1,False,-1
3167,DOUBLE,0,1,1,False,-1
3168,SINGLE,0,0,1,False,-1
3169,TRIPLE,1,1,1,False,-1
3170,TRIPLE,1,1,1,False,-1
3171,TRIPLE,1,1,1,False,-1
3173,DOUBLE,0,1,1,False,-1
3174,DOUBLE,0,1,1,False,-1
3175,DOUBLE,0,1,1,False,-1
3176,SINGLE,0,0,1,False,-1
3177,TRIPLE,1,1,1,False,-1
3178,DOUBLE,0,1,1,False,-1
3179,DOUBLE,0,1,1,False,-1
3180,DOUBLE,0,1,1,False,-1
3181,DOUBLE,0,1,1,False,-1
3182,DOUBLE,0,1,1,False,-1
3183,TRIPLE,1,1,1,False,-1
3184,TRIPLE,1,1,1,False,-1
3185,TRIPLE,1,1,1,False,-1
3186,TRIPLE,1,1,1,False,-1
3187,DOUBLE,0,1,1,False,-1
3189,DOUBLE,0,1,1,False,-1
3190,TRIPLE,1,1,1,False,-1
3191,TRIPLE,1,1,1,False,-1
3192,SINGLE,0,0,1,False,-1
3193,SINGLE,0,0,1,False,-1
3194,TRIPLE,1,1,1,False,-1
3196,DOUBLE,0,1,1,False,-1
3197,SINGLE,0,0,1,False,-1
3198,TRIPLE,1,1,1,False,-1
3199,TRIPLE,1,1,1,False,-1
3201,TRIPLE,1,1,1,False,-1
3202,TRIPLE,1,1,1,False,-1
3203,TRIPLE,1,1,1,False,-1
3204,TRIPLE,1,1,1,False,-1
3205,DOUBLE,0,1,1,False,-1
3206,DOUBLE,0,1,1,False,-1
3207,SINGLE,0,0,1,False,-1
3208,SINGLE,0,0,1,False,-1
3210,TRIPLE,1,1,1,False,-1
3211,TRIPLE,1,1,1,False,-1
3212,TRIPLE,1,1,1,False,-1
3213,TRIPLE,1,1,1,False,-1
3214,SINGLE,0,0,1,False,-1
3215,DOUBLE,0,1,1,False,-1
3216,TRIPLE,1,1,1,False,-1
3217,SINGLE,0,0,1,False,-1
3218,TRIPLE,1,1,1,False,-1
3219,TRIPLE,1,1,1,False,-1
3220,SINGLE,0,0,1,False,-1
3221,DOUBLE,0,1,1,False,-1
3222,TRIPLE,1,1,1,False,-1
3224,TRIPLE,1,1,1,False,-1
3226,DOUBLE,0,1,1,False,-1
3227,DOUBLE,0,1,1,False,-1
3228,DOUBLE,0,1,1,False,-1
3229,TRIPLE,1,1,1,False,-1
3230,TRIPLE,1,1,1,False,-1
3231,DOUBLE,0,1,1,False,-1
3232,DOUBLE,0,1,1,False,-1
3233,DOUBLE,0,1,1,False,-1
3234,DOUBLE,0,1,1,False,-1
3235,SINGLE,0,0,1,False,-1
3236,DOUBLE,0,1,1,False,-1
3237,SINGLE,0,0,1,False,-1
3238,TRIPLE,1,1,1,False,-1
3239,TRIPLE,1,1,1,False,-1
3240,TRIPLE,1,1,1,False,-1
3242,TRIPLE,1,1,1,False,-1
3243,DOUBLE,0,1,1,False,-1
3244,TRIPLE,1,1,1,False,-1
3245,SINGLE,0,0,1,False,-1
3246,TRIPLE,1,1,1,False,-1
3247,TRIPLE,1,1,1,False,-1
3248,TRIPLE,1,1,1,False,-1
3249,DOUBLE,0,1,1,False,-1
3250,TRIPLE,1,1,1,False,-1
3251,DOUBLE,0,1,1,False,-1
3252,TRIPLE,1,1,1,False,-1
3253,DOUBLE,0,1,1,False,-1
3254,TRIPLE,1,1,1,False,-1
3255,DOUBLE,0,1,1,False,-1
3256,TRIPLE,1,1,1,False,-1
3257,SINGLE,0,0,1,False,-1
3258,DOUBLE,0,1,1,False,-1
3259,TRIPLE,1,1,1,False,-1
3260,DOUBLE,0,1,1,False,-1
3261,SINGLE,0,0,1,False,-1
3262,TRIPLE,1,1,1,False,-1
3263,TRIPLE,1,1,1,False,-1
3264,DOUBLE,0,1,1,False,-1
3265,TRIPLE,1,1,1,False,-1
3266,SINGLE,0,0,1,False,-1
3267,DOUBLE,0,1,1,False,-1
3268,TRIPLE,1,1,1,False,-1
3269,SINGLE,0,0,1,False,-1
3270,TRIPLE,1,1,1,False,-1
3271,TRIPLE,1,1,1,False,-1
3272,TRIPLE,1,1,1,False,-1
3275,DOUBLE,0,1,1,False,-1
3276,TRIPLE,1,1,1,False,-1
3277,TRIPLE,1,1,1,False,-1
3278,TRIPLE,1,1,1,False,-1
3279,TRIPLE,1,1,1,False,-1
3280,DOUBLE,0,1,1,False,-1
3281,TRIPLE,1,1,1,False,-1
3282,TRIPLE,1,1,1,False,-1
3283,TRIPLE,1,1,1,False,-1
3284,TRIPLE,1,1,1,False,-1
3286,TRIPLE,1,1,1,False,-1
3287,DOUBLE,0,1,1,False,-1
3288,DOUBLE,0,1,1,False,-1
3290,TRIPLE,1,1,1,False,-1
3291,SINGLE,0,0,1,False,-1
3292,TRIPLE,1,1,1,False,-1
3293,TRIPLE,1,1,1,False,-1
3294,DOUBLE,0,1,1,False,-1
3295,DOUBLE,0,1,1,False,-1
3296,SINGLE,0,0,1,False,-1
3297,TRIPLE,1,1,1,False,-1
3299,TRIPLE,1,1,1,False,-1
3300,TRIPLE,1,1,1,False,-1
3301,DOUBLE,0,1,1,False,-1
3302,DOUBLE,0,1,1,False,-1
3304,DOUBLE,0,1,1,False,-1
3305,DOUBLE,0,1,1,False,-1
3306,DOUBLE,0,1,1,False,-1
3309,TRIPLE,1,1,1,False,-1
3310,TRIPLE,1,1,1,False,-1
3311,TRIPLE,1,1,1,False,-1
3312,TRIPLE,1,1,1,False,-1
3313,DOUBLE,0,1,1,False,-1
3314,TRIPLE,1,1,1,False,-1
3315,TRIPLE,1,1,1,False,-1
3316,DOUBLE,0,1,1,False,-1
3317,SINGLE,0,0,1,False,-1
3319,DOUBLE,0,1,1,False,-1
3320,TRIPLE,1,1,1,False,-1
3321,TRIPLE,1,1,1,False,-1
3323,TRIPLE,1,1,1,False,-1
3324,DOUBLE,0,1,1,False,-1
3325,TRIPLE,1,1,1,False,-1
3326,SINGLE,0,0,1,False,-1
3327,TRIPLE,1,1,1,False,-1
3328,TRIPLE,1,1,1,False,-1
3329,TRIPLE,1,1,1,False,-1
3330,SINGLE,0,0,1,False,-1
3331,TRIPLE,1,1,1,False,-1
3332,TRIPLE,1,1,1,False,-1
3333,TRIPLE,1,1,1,False,-1
3334,DOUBLE,0,1,1,False,-1
3335,DOUBLE,0,1,1,False,-1
3336,DOUBLE,0,1,1,False,-1
3337,DOUBLE,0,1,1,False,-1
3338,DOUBLE,0,1,1,False,-1
3339,DOUBLE,0,1,1,False,-1
3340,TRIPLE,1,1,1,False,-1
3341,SINGLE,0,0,1,False,-1
3342,TRIPLE,1,1,1,False,-1
3343,SINGLE,0,0,1,False,-1
3344,SINGLE,0,0,1,False,-1
3345,SINGLE,0,0,1,False,-1
3346,TRIPLE,1,1,1,False,-1
3347,TRIPLE,1,1,1,False,-1
3348,DOUBLE,0,1,1,False,-1
3349,TRIPLE,1,1,1,False,-1
3350,DOUBLE,0,1,1,False,-1
3351,DOUBLE,0,1,1,False,-1
3352,SINGLE,0,0,1,False,-1
3353,DOUBLE,0,1,1,False,-1
3354,DOUBLE,0,1,1,False,-1
3357,TRIPLE,1,1,1,False,-1
3358,SINGLE,0,0,1,False,-1
3359,SINGLE,0,0,1,False,-1
3360,TRIPLE,1,1,1,False,-1
3361,TRIPLE,1,1,1,False,-1
3362,SINGLE,0,0,1,False,-1
3363,SINGLE,0,0,1,False,-1
3364,DOUBLE,0,1,1,False,-1
3365,DOUBLE,0,1,1,False,-1
3366,DOUBLE,0,1,1,False,-1
3367,TRIPLE,1,1,1,False,-1
3368,DOUBLE,0,1,1,False,-1
3369,TRIPLE,1,1,1,False,-1
3370,SINGLE,0,0,1,False,-1
3371,DOUBLE,0,1,1,False,-1
3372,TRIPLE,1,1,1,False,-1
3373,TRIPLE,1,1,1,False,-1
3374,DOUBLE,0,1,1,False,-1
3375,TRIPLE,1,1,1,False,-1
3376,SINGLE,0,0,1,False,-1
3377,TRIPLE,1,1,1,False,-1
3378,TRIPLE,1,1,1,False,-1
3379,TRIPLE,1,1,1,False,-1
3380,DOUBLE,0,1,1,False,-1
3381,TRIPLE,1,1,1,False,-1
3382,TRIPLE,1,1,1,False,-1
3383,TRIPLE,1,1,1,False,-1
3384,TRIPLE,1,1,1,False,-1
3385,DOUBLE,0,1,1,False,-1
3386,TRIPLE,1,1,1,False,-1
3387,TRIPLE,1,1,1,False,-1
3388,TRIPLE,1,1,1,False,-1
3389,TRIPLE,1,1,1,False,-1
3390,DOUBLE,0,1,1,False,-1
3391,TRIPLE,1,1,1,False,-1
3392,DOUBLE,0,1,1,False,-1
3393,TRIPLE,1,1,1,False,-1
3394,TRIPLE,1,1,1,False,-1
3395,DOUBLE,0,1,1,False,-1
3396,TRIPLE,1,1,1,False,-1
3397,TRIPLE,1,1,1,False,-1
3398,DOUBLE,0,1,1,False,-1
3399,TRIPLE,1,1,1,False,-1
3400,SINGLE,0,0,1,False,-1
3401,TRIPLE,1,1,1,False,-1
3403,TRIPLE,1,1,1,False,-1
3404,SINGLE,0,0,1,False,-1
3405,DOUBLE,0,1,1,False,-1
3406,SINGLE,0,0,1,False,-1
3407,TRIPLE,1,1,1,False,-1
3408,TRIPLE,1,1,1,False,-1
3409,DOUBLE,0,1,1,False,-1
3410,TRIPLE,1,1,1,False,-1
3411,DOUBLE,0,1,1,False,-1
3412,TRIPLE,1,1,1,False,-1
3413,DOUBLE,0,1,1,False,-1
3414,SINGLE,0,0,1,False,-1
3415,TRIPLE,1,1,1,False,-1
3416,DOUBLE,0,1,1,False,-1
3418,TRIPLE,1,1,1,False,-1
3419,DOUBLE,0,1,1,False,-1
3420,DOUBLE,0,1,1,False,-1
3421,TRIPLE,1,1,1,False,-1
3422,TRIPLE,1,1,1,False,-1
3423,TRIPLE,1,1,1,False,-1
3424,SINGLE,0,0,1,False,-1
3425,TRIPLE,1,1,1,False,-1
3426,SINGLE,0,0,1,False,-1
3427,TRIPLE,1,1,1,False,-1
3428,TRIPLE,1,1,1,False,-1
3429,TRIPLE,1,1,1,False,-1
3430,TRIPLE,1,1,1,False,-1
3432,TRIPLE,1,1,1,False,-1
3433,TRIPLE,1,1,1,False,-1
3435,TRIPLE,1,1,1,False,-1
3436,TRIPLE,1,1,1,False,-1
3437,TRIPLE,1,1,1,False,-1
3438,DOUBLE,0,1,1,False,-1
3439,TRIPLE,1,1,1,False,-1
3440,SINGLE,0,0,1,False,-1
3441,TRIPLE,1,1,1,False,-1
3442,TRIPLE,1,1,1,False,-1
3443,DOUBLE,0,1,1,False,-1
3444,SINGLE,0,0,1,False,-1
3445,SINGLE,0,0,1,False,-1
3446,TRIPLE,1,1,1,False,-1
3447,DOUBLE,0,1,1,False,-1
3448,TRIPLE,1,1,1,False,-1
3449,TRIPLE,1,1,1,False,-1
3450,TRIPLE,1,1,1,False,-1
3451,TRIPLE,1,1,1,False,-1
3452,SINGLE,0,0,1,False,-1
3453,DOUBLE,0,1,1,False,-1
3454,TRIPLE,1,1,1,False,-1
3455,TRIPLE,1,1,1,False,-1
3456,TRIPLE,1,1,1,False,-1
3457,SINGLE,0,0,1,False,-1
3458,TRIPLE,1,1,1,False,-1
3459,DOUBLE,0,1,1,False,-1
3461,TRIPLE,1,1,1,False,-1
3463,DOUBLE,0,1,1,False,-1
3464,SINGLE,0,0,1,False,-1
3465,SINGLE,0,0,1,False,-1
3466,DOUBLE,0,1,1,False,-1
3467,DOUBLE,0,1,1,False,-1
3468,TRIPLE,1,1,1,False,-1
3469,TRIPLE,1,1,1,False,-1
3470,TRIPLE,1,1,1,False,-1
3471,DOUBLE,0,1,1,False,-1
3473,TRIPLE,1,1,1,False,-1
3474,SINGLE,0,0,1,False,-1
3475,TRIPLE,1,1,1,False,-1
3476,TRIPLE,1,1,1,False,-1
3477,DOUBLE,0,1,1,False,-1
3478,TRIPLE,1,1,1,False,-1
3479,TRIPLE,1,1,1,False,-1
3480,TRIPLE,1,1,1,False,-1
3481,TRIPLE,1,1,1,False,-1
3482,SINGLE,0,0,1,False,-1
3483,TRIPLE,1,1,1,False,-1
3485,TRIPLE,1,1,1,False,-1
3487,DOUBLE,0,1,1,False,-1
3488,TRIPLE,1,1,1,False,-1
3489,TRIPLE,1,1,1,False,-1
3490,DOUBLE,0,1,1,False,-1
3491,TRIPLE,1,1,1,False,-1
3492,TRIPLE,1,1,1,False,-1
3493,TRIPLE,1,1,1,False,-1
3494,TRIPLE,1,1,1,False,-1
3495,TRIPLE,1,1,1,False,-1
3496,SINGLE,0,0,1,False,-1
3498,TRIPLE,1,1,1,False,-1
3499,TRIPLE,1,1,1,False,-1
3500,TRIPLE,1,1,1,False,-1
3501,SINGLE,0,0,1,False,-1
3502,DOUBLE,0,1,1,False,-1
3503,TRIPLE,1,1,1,False,-1
3506,DOUBLE,0,1,1,False,-1
3508,TRIPLE,1,1,1,False,-1
3509,SINGLE,0,0,1,False,-1
3510,TRIPLE,1,1,1,False,-1
3511,TRIPLE,1,1,1,False,-1
3512,TRIPLE,1,1,1,False,-1
3513,DOUBLE,0,1,1,False,-1
3514,TRIPLE,1,1,1,False,-1
3515,TRIPLE,1,1,1,False,-1
3516,SINGLE,0,0,1,False,-1
3517,TRIPLE,1,1,1,False,-1
3518,DOUBLE,0,1,1,False,-1
3519,TRIPLE,1,1,1,False,-1
3520,TRIPLE,1,1,1,False,-1
3521,TRIPLE,1,1,1,False,-1
3522,SINGLE,0,0,1,False,-1
3523,SINGLE,0,0,1,False,-1
3525,SINGLE,0,0,1,False,-1
3526,TRIPLE,1,1,1,False,-1
3528,SINGLE,0,0,1,False,-1
3529,TRIPLE,1,1,1,False,-1
3530,SINGLE,0,0,1,False,-1
3531,DOUBLE,0,1,1,False,-1
3532,DOUBLE,0,1,1,False,-1
3533,TRIPLE,1,1,1,False,-1
3536,TRIPLE,1,1,1,False,-1
3537,DOUBLE,0,1,1,False,-1
3538,SINGLE,0,0,1,False,-1
3539,TRIPLE,1,1,1,False,-1
3540,TRIPLE,1,1,1,False,-1
3541,DOUBLE,0,1,1,False,-1
3542,TRIPLE,1,1,1,False,-1
3543,TRIPLE,1,1,1,False,-1
3544,DOUBLE,0,1,1,False,-1
3545,TRIPLE,1,1,1,False,-1
3546,TRIPLE,1,1,1,False,-1
3547,TRIPLE,1,1,1,False,-1
3549,TRIPLE,1,1,1,False,-1
3550,TRIPLE,1,1,1,False,-1
3551,DOUBLE,0,1,1,False,-1
3552,DOUBLE,0,1,1,False,-1
3553,DOUBLE,0,1,1,False,-1
3554,TRIPLE,1,1,1,False,-1
3555,DOUBLE,0,1,1,False,-1
3556,TRIPLE,1,1,1,False,-1
3557,DOUBLE,0,1,1,False,-1
3558,SINGLE,0,0,1,False,-1
3559,TRIPLE,1,1,1,False,-1
3560,TRIPLE,1,1,1,False,-1
3561,TRIPLE,1,1,1,False,-1
3562,DOUBLE,0,1,1,False,-1
3563,TRIPLE,1,1,1,False,-1
3565,DOUBLE,0,1,1,False,-1
3566,DOUBLE,0,1,1,False,-1
3567,TRIPLE,1,1,1,False,-1
3568,TRIPLE,1,1,1,False,-1
3569,DOUBLE,0,1,1,False,-1
3571,TRIPLE,1,1,1,False,-1
3572,TRIPLE,1,1,1,False,-1
3573,SINGLE,0,0,1,False,-1
3574,TRIPLE,1,1,1,False,-1
3575,TRIPLE,1,1,1,False,-1
3576,TRIPLE,1,1,1,False,-1
3577,TRIPLE,1,1,1,False,-1
3578,TRIPLE,1,1,1,False,-1
3579,DOUBLE,0,1,1,False,-1
3580,SINGLE,0,0,1,False,-1
3581,DOUBLE,0,1,1,False,-1
3582,TRIPLE,1,1,1,False,-1
3583,TRIPLE,1,1,1,False,-1
3584,TRIPLE,1,1,1,False,-1
3585,SINGLE,0,0,1,False,-1
3586,DOUBLE,0,1,1,False,-1
3587,DOUBLE,0,1,1,False,-1
3589,SINGLE,0,0,1,False,-1
3592,DOUBLE,0,1,1,False,-1
3593,TRIPLE,1,1,1,False,-1
3594,TRIPLE,1,1,1,False,-1
3595,TRIPLE,1,1,1,False,-1
3596,SINGLE,0,0,1,False,-1
3597,TRIPLE,1,1,1,False,-1
3599,TRIPLE,1,1,1,False,-1
3600,TRIPLE,1,1,1,False,-1
3601,TRIPLE,1,1,1,False,-1
3603,DOUBLE,0,1,1,False,-1
3604,TRIPLE,1,1,1,False,-1
3605,TRIPLE,1,1,1,False,-1
3606,DOUBLE,0,1,1,False,-1
3607,SINGLE,0,0,1,False,-1
3608,TRIPLE,1,1,1,False,-1
3609,TRIPLE,1,1,1,False,-1
3610,TRIPLE,1,1,1,False,-1
3611,DOUBLE,0,1,1,False,-1
3612,TRIPLE,1,1,1,False,-1
3613,TRIPLE,1,1,1,False,-1
3614,TRIPLE,1,1,1,False,-1
3615,TRIPLE,1,1,1,False,-1
3616,DOUBLE,0,1,1,False,-1
3617,TRIPLE,1,1,1,False,-1
3618,SINGLE,0,0,1,False,-1
3619,TRIPLE,1,1,1,False,-1
3620,TRIPLE,1,1,1,False,-1
3621,DOUBLE,0,1,1,False,-1
3622,DOUBLE,0,1,1,False,-1
3623,TRIPLE,1,1,1,False,-1
3624,TRIPLE,1,1,1,False,-1
3625,DOUBLE,0,1,1,False,-1
3626,TRIPLE,1,1,1,False,-1
3627,TRIPLE,1,1,1,False,-1
3628,TRIPLE,1,1,1,False,-1
3629,SINGLE,0,0,1,False,-1
3630,DOUBLE,0,1,1,False,-1
3631,DOUBLE,0,1,1,False,-1
3632,TRIPLE,1,1,1,False,-1
3634,TRIPLE,1,1,1,False,-1
3635,TRIPLE,1,1,1,False,-1
3637,TRIPLE,1,1,1,False,-1
3638,SINGLE,0,0,1,False,-1
3639,DOUBLE,0,1,1,False,-1
3640,TRIPLE,1,1,1,False,-1
3641,TRIPLE,1,1,1,False,-1
3643,TRIPLE,1,1,1,False,-1
3644,TRIPLE,1,1,1,False,-1
3646,TRIPLE,1,1,1,False,-1
3647,TRIPLE,1,1,1,False,-1
3648,TRIPLE,1,1,1,False,-1
3649,SINGLE,0,0,1,False,-1
3650,SINGLE,0,0,1,False,-1
3651,SINGLE,0,0,1,False,-1
3652,DOUBLE,0,1,1,False,-1
3653,SINGLE,0,0,1,False,-1
3654,DOUBLE,0,1,1,False,-1
3655,TRIPLE,1,1,1,False,-1
3656,TRIPLE,1,1,1,False,-1
3657,TRIPLE,1,1,1,False,-1
3658,DOUBLE,0,1,1,False,-1
3659,TRIPLE,1,1,1,False,-1
3660,DOUBLE,0,1,1,False,-1
3661,TRIPLE,1,1,1,False,-1
3662,DOUBLE,0,1,1,False,-1
3663,SINGLE,0,0,1,False,-1
3664,SINGLE,0,0,1,False,-1
3665,TRIPLE,1,1,1,False,-1
3668,SINGLE,0,0,1,False,-1
3669,TRIPLE,1,1,1,False,-1
3670,TRIPLE,1,1,1,False,-1
3671,DOUBLE,0,1,1,False,-1
3672,SINGLE,0,0,1,False,-1
3673,DOUBLE,0,1,1,False,-1
3674,TRIPLE,1,1,1,False,-1
3675,DOUBLE,0,1,1,False,-1
3676,SINGLE,0,0,1,False,-1
3677,TRIPLE,1,1,1,False,-1
3678,TRIPLE,1,1,1,False,-1
3680,DOUBLE,0,1,1,False,-1
3681,TRIPLE,1,1,1,False,-1
3682,DOUBLE,0,1,1,False,-1
3683,DOUBLE,0,1,1,False,-1
3685,TRIPLE,1,1,1,False,-1
3686,TRIPLE,1,1,1,False,-1
3688,TRIPLE,1,1,1,False,-1
3689,TRIPLE,1,1,1,False,-1
3690,TRIPLE,1,1,1,False,-1
3691,TRIPLE,1,1,1,False,-1
3692,DOUBLE,0,1,1,False,-1
3693,TRIPLE,1,1,1,False,-1
3694,TRIPLE,1,1,1,False,-1
3695,TRIPLE,1,1,1,False,-1
3696,TRIPLE,1,1,1,False,-1
3697,TRIPLE,1,1,1,False,-1
3699,TRIPLE,1,1,1,False,-1
3700,SINGLE,0,0,1,False,-1
3701,TRIPLE,1,1,1,False,-1
3702,TRIPLE,1,1,1,False,-1
3703,TRIPLE,1,1,1,False,-1
3704,TRIPLE,1,1,1,False,-1
3706,TRIPLE,1,1,1,False,-1
3707,TRIPLE,1,1,1,False,-1
3708,DOUBLE,0,1,1,False,-1
3709,TRIPLE,1,1,1,False,-1
3710,SINGLE,0,0,1,False,-1
3711,TRIPLE,1,1,1,False,-1
3712,DOUBLE,0,1,1,False,-1
3713,TRIPLE,1,1,1,False,-1
3715,DOUBLE,0,1,1,False,-1
3716,DOUBLE,0,1,1,False,-1
3717,SINGLE,0,0,1,False,-1
3718,TRIPLE,1,1,1,False,-1
3719,DOUBLE,0,1,1,False,-1
3721,TRIPLE,1,1,1,False,-1
3723,TRIPLE,1,1,1,False,-1
3724,SINGLE,0,0,1,False,-1
3725,TRIPLE,1,1,1,False,-1
3726,TRIPLE,1,1,1,False,-1
3727,TRIPLE,1,1,1,False,-1
3728,SINGLE,0,0,1,False,-1
3730,TRIPLE,1,1,1,False,-1
3731,TRIPLE,1,1,1,False,-1
3732,TRIPLE,1,1,1,False,-1
3733,TRIPLE,1,1,1,False,-1
3734,TRIPLE,1,1,1,False,-1
3735,DOUBLE,0,1,1,False,-1
3736,TRIPLE,1,1,1,False,-1
3738,TRIPLE,1,1,1,False,-1
3739,TRIPLE,1,1,1,False,-1
3741,SINGLE,0,0,1,False,-1
3742,TRIPLE,1,1,1,False,-1
3743,TRIPLE,1,1,1,False,-1
3744,SINGLE,0,0,1,False,-1
3745,DOUBLE,0,1,1,False,-1
3746,TRIPLE,1,1,1,False,-1
3747,DOUBLE,0,1,1,False,-1
3748,SINGLE,0,0,1,False,-1
3749,TRIPLE,1,1,1,False,-1
3750,DOUBLE,0,1,1,False,-1
3751,TRIPLE,1,1,1,False,-1
3752,DOUBLE,0,1,1,False,-1
3753,DOUBLE,0,1,1,False,-1
3754,TRIPLE,1,1,1,False,-1
3755,DOUBLE,0,1,1,False,-1
3756,SINGLE,0,0,1,False,-1
3757,SINGLE,0,0,1,False,-1
3758,TRIPLE,1,1,1,False,-1
3759,DOUBLE,0,1,1,False,-1
3760,TRIPLE,1,1,1,False,-1
3761,TRIPLE,1,1,1,False,-1
3762,TRIPLE,1,1,1,False,-1
3763,TRIPLE,1,1,1,False,-1
3764,TRIPLE,1,1,1,False,-1
3765,TRIPLE,1,1,1,False,-1
3766,DOUBLE,0,1,1,False,-1
3767,TRIPLE,1,1,1,False,-1
3768,SINGLE,0,0,1,False,-1
3769,SINGLE,0,0,1,False,-1
3770,TRIPLE,1,1,1,False,-1
3771,TRIPLE,1,1,1,False,-1
3772,TRIPLE,1,1,1,False,-1
3773,DOUBLE,0,1,1,False,-1
3776,DOUBLE,0,1,1,False,-1
3777,DOUBLE,0,1,1,False,-1
3778,TRIPLE,1,1,1,False,-1
3779,TRIPLE,1,1,1,False,-1
3780,DOUBLE,0,1,1,False,-1
3781,TRIPLE,1,1,1,False,-1
3783,DOUBLE,0,1,1,False,-1
3784,TRIPLE,1,1,1,False,-1
3785,DOUBLE,0,1,1,False,-1
3786,TRIPLE,1,1,1,False,-1
3787,DOUBLE,0,1,1,False,-1
3789,DOUBLE,0,1,1,False,-1
3790,DOUBLE,0,1,1,False,-1
3791,TRIPLE,1,1,1,False,-1
3792,DOUBLE,0,1,1,False,-1
3793,SINGLE,0,0,1,False,-1
3794,TRIPLE,1,1,1,False,-1
3795,DOUBLE,0,1,1,False,-1
3796,TRIPLE,1,1,1,False,-1
3797,DOUBLE,0,1,1,False,-1
3798,TRIPLE,1,1,1,False,-1
3799,SINGLE,0,0,1,False,-1
3800,TRIPLE,1,1,1,False,-1
3801,DOUBLE,0,1,1,False,-1
3802,TRIPLE,1,1,1,False,-1
3803,TRIPLE,1,1,1,False,-1
3804,TRIPLE,1,1,1,False,-1
3805,SINGLE,0,0,1,False,-1
3806,TRIPLE,1,1,1,False,-1
3808,TRIPLE,1,1,1,False,-1
3809,TRIPLE,1,1,1,False,-1
3810,SINGLE,0,0,1,False,-1
3813,TRIPLE,1,1,1,False,-1
3815,DOUBLE,0,1,1,False,-1
3816,SINGLE,0,0,1,False,-1
3817,SINGLE,0,0,1,False,-1
3818,TRIPLE,1,1,1,False,-1
3819,SINGLE,0,0,1,False,-1
3820,TRIPLE,1,1,1,False,-1
3821,SINGLE,0,0,1,False,-1
3822,TRIPLE,1,1,1,False,-1
3823,DOUBLE,0,1,1,False,-1
3824,TRIPLE,1,1,1,False,-1
3825,DOUBLE,0,1,1,False,-1
3826,SINGLE,0,0,1,False,-1
3827,TRIPLE,1,1,1,False,-1
3828,SINGLE,0,0,1,False,-1
3829,TRIPLE,1,1,1,False,-1
3830,DOUBLE,0,1,1,False,-1
3831,SINGLE,0,0,1,False,-1
3832,TRIPLE,1,1,1,False,-1
3833,TRIPLE,1,1,1,False,-1
3834,SINGLE,0,0,1,False,-1
3835,TRIPLE,1,1,1,False,-1
3836,SINGLE,0,0,1,False,-1
3837,DOUBLE,0,1,1,False,-1
3838,TRIPLE,1,1,1,False,-1
3839,TRIPLE,1,1,1,False,-1
3840,DOUBLE,0,1,1,False,-1
3841,TRIPLE,1,1,1,False,-1
3842,TRIPLE,1,1,1,False,-1
3843,DOUBLE,0,1,1,False,-1
3844,TRIPLE,1,1,1,False,-1
3845,SINGLE,0,0,1,False,-1
3846,TRIPLE,1,1,1,False,-1
3847,TRIPLE,1,1,1,False,-1
3848,TRIPLE,1,1,1,False,-1
3850,TRIPLE,1,1,1,False,-1
3851,TRIPLE,1,1,1,False,-1
3852,DOUBLE,0,1,1,False,-1
3853,TRIPLE,1,1,1,False,-1
3854,TRIPLE,1,1,1,False,-1
3855,TRIPLE,1,1,1,False,-1
3856,DOUBLE,0,1,1,False,-1
3857,TRIPLE,1,1,1,False,-1
3858,TRIPLE,1,1,1,False,-1
3859,TRIPLE,1,1,1,False,-1
3860,DOUBLE,0,1,1,False,-1
3861,DOUBLE,0,1,1,False,-1
3862,DOUBLE,0,1,1,False,-1
3863,TRIPLE,1,1,1,False,-1
3864,SINGLE,0,0,1,False,-1
3865,TRIPLE,1,1,1,False,-1
3866,SINGLE,0,0,1,False,-1
3868,SINGLE,0,0,1,False,-1
3869,SINGLE,0,0,1,False,-1
3870,TRIPLE,1,1,1,False,-1
3871,TRIPLE,1,1,1,False,-1
3872,TRIPLE,1,1,1,False,-1
3873,TRIPLE,1,1,1,False,-1
3874,DOUBLE,0,1,1,False,-1
3875,TRIPLE,1,1,1,False,-1
3876,DOUBLE,0,1,1,False,-1
3877,TRIPLE,1,1,1,False,-1
3878,TRIPLE,1,1,1,False,-1
3879,TRIPLE,1,1,1,False,-1
3880,TRIPLE,1,1,1,False,-1
3881,SINGLE,0,0,1,False,-1
3882,DOUBLE,0,1,1,False,-1
3883,SINGLE,0,0,1,False,-1
3884,TRIPLE,1,1,1,False,-1
3886,SINGLE,0,0,1,False,-1
3887,SINGLE,0,0,1,False,-1
3888,SINGLE,0,0,1,False,-1
3889,DOUBLE,0,1,1,False,-1
3890,TRIPLE,1,1,1,False,-1
3891,DOUBLE,0,1,1,False,-1
3892,TRIPLE,1,1,1,False,-1
3893,SINGLE,0,0,1,False,-1
3894,TRIPLE,1,1,1,False,-1
3895,TRIPLE,1,1,1,False,-1
3896,TRIPLE,1,1,1,False,-1
3897,TRIPLE,1,1,1,False,-1
3898,TRIPLE,1,1,1,False,-1
3899,DOUBLE,0,1,1,False,-1
3900,DOUBLE,0,1,1,False,-1
3901,DOUBLE,0,1,1,False,-1
3902,SINGLE,0,0,1,False,-1
3903,DOUBLE,0,1,1,False,-1
3904,SINGLE,0,0,1,False,-1
3905,TRIPLE,1,1,1,False,-1
3906,SINGLE,0,0,1,False,-1
3907,SINGLE,0,0,1,False,-1
3908,TRIPLE,1,1,1,False,-1
3909,TRIPLE,1,1,1,False,-1
3910,DOUBLE,0,1,1,False,-1
3911,DOUBLE,0,1,1,False,-1
3912,DOUBLE,0,1,1,False,-1
3913,TRIPLE,1,1,1,False,-1
3914,TRIPLE,1,1,1,False,-1
3915,TRIPLE,1,1,1,False,-1
3916,TRIPLE,1,1,1,False,-1
3917,DOUBLE,0,1,1,False,-1
3918,DOUBLE,0,1,1,False,-1
3919,DOUBLE,0,1,1,False,-1
3920,TRIPLE,1,1,1,False,-1
3921,DOUBLE,0,1,1,False,-1
3923,TRIPLE,1,1,1,False,-1
3924,TRIPLE,1,1,1,False,-1
3925,DOUBLE,0,1,1,False,-1
3926,TRIPLE,1,1,1,False,-1
3928,TRIPLE,1,1,1,False,-1
3929,TRIPLE,1,1,1,False,-1
3930,SINGLE,0,0,1,False,-1
3931,TRIPLE,1,1,1,False,-1
3933,SINGLE,0,0,1,False,-1
3934,DOUBLE,0,1,1,False,-1
3935,TRIPLE,1,1,1,False,-1
3936,DOUBLE,0,1,1,False,-1
3938,TRIPLE,1,1,1,False,-1
3939,TRIPLE,1,1,1,False,-1
3940,DOUBLE,0,1,1,False,-1
3941,TRIPLE,1,1,1,False,-1
3942,DOUBLE,0,1,1,False,-1
3943,TRIPLE,1,1,1,False,-1
3944,TRIPLE,1,1,1,False,-1
3945,TRIPLE,1,1,1,False,-1
3946,SINGLE,0,0,1,False,-1
3947,TRIPLE,1,1,1,False,-1
3948,DOUBLE,0,1,1,False,-1
3950,DOUBLE,0,1,1,False,-1
3951,DOUBLE,0,1,1,False,-1
3952,DOUBLE,0,1,1,False,-1
3953,DOUBLE,0,1,1,False,-1
3954,TRIPLE,1,1,1,False,-1
3955,DOUBLE,0,1,1,False,-1
3956,TRIPLE,1,1,1,False,-1
3957,DOUBLE,0,1,1,False,-1
3958,TRIPLE,1,1,1,False,-1
3959,TRIPLE,1,1,1,False,-1
3960,DOUBLE,0,1,1,False,-1
3961,TRIPLE,1,1,1,False,-1
3962,DOUBLE,0,1,1,False,-1
3963,DOUBLE,0,1,1,False,-1
3964,TRIPLE,1,1,1,False,-1
3965,DOUBLE,0,1,1,False,-1
3966,DOUBLE,0,1,1,False,-1
3967,TRIPLE,1,1,1,False,-1
3968,SINGLE,0,0,1,False,-1
3969,DOUBLE,0,1,1,False,-1
3970,SINGLE,0,0,1,False,-1
3971,DOUBLE,0,1,1,False,-1
3972,DOUBLE,0,1,1,False,-1
3973,TRIPLE,1,1,1,False,-1
3975,TRIPLE,1,1,1,False,-1
3976,SINGLE,0,0,1,False,-1
3977,SINGLE,0,0,1,False,-1
3979,TRIPLE,1,1,1,False,-1
3980,DOUBLE,0,1,1,False,-1
3981,DOUBLE,0,1,1,False,-1
3982,SINGLE,0,0,1,False,-1
3983,TRIPLE,1,1,1,False,-1
3984,TRIPLE,1,1,1,False,-1
3985,TRIPLE,1,1,1,False,-1
3986,DOUBLE,0,1,1,False,-1
3987,TRIPLE,1,1,1,False,-1
3988,SINGLE,0,0,1,False,-1
3989,SINGLE,0,0,1,False,-1
3991,SINGLE,0,0,1,False,-1
3992,SINGLE,0,0,1,False,-1
3993,TRIPLE,1,1,1,False,-1
3994,TRIPLE,1,1,1,False,-1
3995,TRIPLE,1,1,1,False,-1
3996,TRIPLE,1,1,1,False,-1
3997,TRIPLE,1,1,1,False,-1
3998,TRIPLE,1,1,1,False,-1
3999,TRIPLE,1,1,1,False,-1
4000,TRIPLE,1,1,1,False,-1
4002,TRIPLE,1,1,1,False,-1
4003,SINGLE,0,0,1,False,-1
4004,DOUBLE,0,1,1,False,-1
4005,TRIPLE,1,1,1,False,-1
4006,TRIPLE,1,1,1,False,-1
4007,TRIPLE,1,1,1,False,-1
4008,DOUBLE,0,1,1,False,-1
4009,DOUBLE,0,1,1,False,-1
4010,TRIPLE,1,1,1,False,-1
4011,TRIPLE,1,1,1,False,-1
4012,TRIPLE,1,1,1,False,-1
4013,SINGLE,0,0,1,False,-1
4014,TRIPLE,1,1,1,False,-1
4015,SINGLE,0,0,1,False,-1
4016,TRIPLE,1,1,1,False,-1
4017,SINGLE,0,0,1,False,-1
4018,TRIPLE,1,1,1,False,-1
4019,TRIPLE,1,1,1,False,-1
4020,TRIPLE,1,1,1,False,-1
4022,TRIPLE,1,1,1,False,-1
4023,TRIPLE,1,1,1,False,-1
4024,DOUBLE,0,1,1,False,-1
4025,TRIPLE,1,1,1,False,-1
4026,DOUBLE,0,1,1,False,-1
4028,TRIPLE,1,1,1,False,-1
4029,TRIPLE,1,1,1,False,-1
4030,TRIPLE,1,1,1,False,-1
4031,TRIPLE,1,1,1,False,-1
4032,DOUBLE,0,1,1,False,-1
4033,SINGLE,0,0,1,False,-1
4034,TRIPLE,1,1,1,False,-1
4035,TRIPLE,1,1,1,False,-1
4036,TRIPLE,1,1,1,False,-1
4037,TRIPLE,1,1,1,False,-1
4038,TRIPLE,1,1,1,False,-1
4039,DOUBLE,0,1,1,False,-1
4040,TRIPLE,1,1,1,False,-1
4041,DOUBLE,0,1,1,False,-1
4042,DOUBLE,0,1,1,False,-1
4043,DOUBLE,0,1,1,False,-1
4044,TRIPLE,1,1,1,False,-1
4045,TRIPLE,1,1,1,False,-1
4047,TRIPLE,1,1,1,False,-1
4048,TRIPLE,1,1,1,False,-1
4049,DOUBLE,0,1,1,False,-1
4050,TRIPLE,1,1,1,False,-1
4051,TRIPLE,1,1,1,False,-1
4052,DOUBLE,0,1,1,False,-1
4053,DOUBLE,0,1,1,False,-1
4054,SINGLE,0,0,1,False,-1
4055,TRIPLE,1,1,1,False,-1
4056,DOUBLE,0,1,1,False,-1
4058,TRIPLE,1,1,1,False,-1
4059,TRIPLE,1,1,1,False,-1
4061,SINGLE,0,0,1,False,-1
4062,TRIPLE,1,1,1,False,-1
4063,SINGLE,0,0,1,False,-1
4064,DOUBLE,0,1,1,False,-1
4065,SINGLE,0,0,1,False,-1
4067,DOUBLE,0,1,1,False,-1
4068,SINGLE,0,0,1,False,-1
4070,TRIPLE,1,1,1,False,-1
4071,TRIPLE,1,1,1,False,-1
4072,TRIPLE,1,1,1,False,-1
4074,TRIPLE,1,1,1,False,-1
4075,SINGLE,0,0,1,False,-1
4076,SINGLE,0,0,1,False,-1
4077,SINGLE,0,0,1,False,-1
4078,TRIPLE,1,1,1,False,-1
4079,DOUBLE,0,1,1,False,-1
4080,DOUBLE,0,1,1,False,-1
4081,TRIPLE,1,1,1,False,-1
4082,TRIPLE,1,1,1,False,-1
4083,TRIPLE,1,1,1,False,-1
4084,TRIPLE,1,1,1,False,-1
4085,TRIPLE,1,1,1,False,-1
4086,DOUBLE,0,1,1,False,-1
4087,TRIPLE,1,1,1,False,-1
4088,TRIPLE,1,1,1,False,-1
4089,TRIPLE,1,1,1,False,-1
4090,TRIPLE,1,1,1,False,-1
4092,TRIPLE,1,1,1,False,-1
4093,TRIPLE,1,1,1,False,-1
4094,TRIPLE,1,1,1,False,-1
4095,SINGLE,0,0,1,False,-1
4096,TRIPLE,1,1,1,False,-1
4097,DOUBLE,0,1,1,False,-1
4098,SINGLE,0,0,1,False,-1
4099,TRIPLE,1,1,1,False,-1
4100,DOUBLE,0,1,1,False,-1
4101,DOUBLE,0,1,1,False,-1
4102,TRIPLE,1,1,1,False,-1
4103,TRIPLE,1,1,1,False,-1
4104,DOUBLE,0,1,1,False,-1
4105,TRIPLE,1,1,1,False,-1
4106,TRIPLE,1,1,1,False,-1
4107,DOUBLE,0,1,1,False,-1
4108,DOUBLE,0,1,1,False,-1
4109,TRIPLE,1,1,1,False,-1
4110,SINGLE,0,0,1,False,-1
4111,TRIPLE,1,1,1,False,-1
4113,TRIPLE,1,1,1,False,-1
4114,TRIPLE,1,1,1,False,-1
4115,TRIPLE,1,1,1,False,-1
4116,SINGLE,0,0,1,False,-1
4117,TRIPLE,1,1,1,False,-1
4118,DOUBLE,0,1,1,False,-1
4119,TRIPLE,1,1,1,False,-1
4120,DOUBLE,0,1,1,False,-1
4121,TRIPLE,1,1,1,False,-1
4122,TRIPLE,1,1,1,False,-1
4123,DOUBLE,0,1,1,False,-1
4124,TRIPLE,1,1,1,False,-1
4125,TRIPLE,1,1,1,False,-1
4126,SINGLE,0,0,1,False,-1
4127,TRIPLE,1,1,1,False,-1
4128,SINGLE,0,0,1,False,-1
4129,TRIPLE,1,1,1,False,-1
4130,TRIPLE,1,1,1,False,-1
4131,DOUBLE,0,1,1,False,-1
4132,DOUBLE,0,1,1,False,-1
4133,SINGLE,0,0,1,False,-1
4134,TRIPLE,1,1,1,False,-1
4136,TRIPLE,1,1,1,False,-1
4137,DOUBLE,0,1,1,False,-1
4138,DOUBLE,0,1,1,False,-1
4139,TRIPLE,1,1,1,False,-1
4140,TRIPLE,1,1,1,False,-1
4141,SINGLE,0,0,1,False,-1
4142,DOUBLE,0,1,1,False,-1
4143,TRIPLE,1,1,1,False,-1
4144,TRIPLE,1,1,1,False,-1
4145,DOUBLE,0,1,1,False,-1
4146,TRIPLE,1,1,1,False,-1
4147,TRIPLE,1,1,1,False,-1
4148,TRIPLE,1,1,1,False,-1
4149,TRIPLE,1,1,1,False,-1
4150,DOUBLE,0,1,1,False,-1
4151,TRIPLE,1,1,1,False,-1
4152,TRIPLE,1,1,1,False,-1
4153,SINGLE,0,0,1,False,-1
4154,DOUBLE,0,1,1,False,-1
4155,TRIPLE,1,1,1,False,-1
4156,TRIPLE,1,1,1,False,-1
4157,DOUBLE,0,1,1,False,-1
4158,TRIPLE,1,1,1,False,-1
4159,SINGLE,0,0,1,False,-1
4162,TRIPLE,1,1,1,False,-1
4163,DOUBLE,0,1,1,False,-1
4164,SINGLE,0,0,1,False,-1
4165,SINGLE,0,0,1,False,-1
4166,DOUBLE,0,1,1,False,-1
4167,TRIPLE,1,1,1,False,-1
4168,DOUBLE,0,1,1,False,-1
4169,TRIPLE,1,1,1,False,-1
4170,DOUBLE,0,1,1,False,-1
4171,DOUBLE,0,1,1,False,-1
4172,TRIPLE,1,1,1,False,-1
4173,TRIPLE,1,1,1,False,-1
4174,TRIPLE,1,1,1,False,-1
4175,TRIPLE,1,1,1,False,-1
4176,TRIPLE,1,1,1,False,-1
4177,TRIPLE,1,1,1,False,-1
4178,TRIPLE,1,1,1,False,-1
4180,TRIPLE,1,1,1,False,-1
4182,TRIPLE,1,1,1,False,-1
4183,DOUBLE,0,1,1,False,-1
4184,DOUBLE,0,1,1,False,-1
4185,DOUBLE,0,1,1,False,-1
4186,TRIPLE,1,1,1,False,-1
4187,TRIPLE,1,1,1,False,-1
4188,TRIPLE,1,1,1,False,-1
4189,SINGLE,0,0,1,False,-1
4190,SINGLE,0,0,1,False,-1
4191,DOUBLE,0,1,1,False,-1
4192,DOUBLE,0,1,1,False,-1
4193,DOUBLE,0,1,1,False,-1
4194,DOUBLE,0,1,1,False,-1
4195,SINGLE,0,0,1,False,-1
4196,TRIPLE,1,1,1,False,-1
4197,TRIPLE,1,1,1,False,-1
4199,DOUBLE,0,1,1,False,-1
4200,DOUBLE,0,1,1,False,-1
4201,TRIPLE,1,1,1,False,-1
4202,TRIPLE,1,1,1,False,-1
4203,TRIPLE,1,1,1,False,-1
4204,SINGLE,0,0,1,False,-1
4205,TRIPLE,1,1,1,False,-1
4207,TRIPLE,1,1,1,False,-1
4208,SINGLE,0,0,1,False,-1
4209,TRIPLE,1,1,1,False,-1
4210,DOUBLE,0,1,1,False,-1
4211,TRIPLE,1,1,1,False,-1
4212,TRIPLE,1,1,1,False,-1
4213,DOUBLE,0,1,1,False,-1
4214,DOUBLE,0,1,1,False,-1
4215,TRIPLE,1,1,1,False,-1
4216,SINGLE,0,0,1,False,-1
4217,SINGLE,0,0,1,False,-1
4218,TRIPLE,1,1,1,False,-1
4219,TRIPLE,1,1,1,False,-1
4220,TRIPLE,1,1,1,False,-1
4221,TRIPLE,1,1,1,False,-1
4222,TRIPLE,1,1,1,False,-1
4223,DOUBLE,0,1,1,False,-1
4224,SINGLE,0,0,1,False,-1
4225,TRIPLE,1,1,1,False,-1
4226,TRIPLE,1,1,1,False,-1
4227,TRIPLE,1,1,1,False,-1
4228,TRIPLE,1,1,1,False,-1
4229,TRIPLE,1,1,1,False,-1
4230,DOUBLE,0,1,1,False,-1
4231,DOUBLE,0,1,1,False,-1
4232,TRIPLE,1,1,1,False,-1
4233,TRIPLE,1,1,1,False,-1
4234,TRIPLE,1,1,1,False,-1
4235,DOUBLE,0,1,1,False,-1
4236,DOUBLE,0,1,1,False,-1
4238,SINGLE,0,0,1,False,-1
4239,DOUBLE,0,1,1,False,-1
4240,DOUBLE,0,1,1,False,-1
4241,TRIPLE,1,1,1,False,-1
4242,TRIPLE,1,1,1,False,-1
4243,DOUBLE,0,1,1,False,-1
4245,TRIPLE,1,1,1,False,-1
4246,TRIPLE,1,1,1,False,-1
4247,TRIPLE,1,1,1,False,-1
4248,TRIPLE,1,1,1,False,-1
4249,TRIPLE,1,1,1,False,-1
4250,DOUBLE,0,1,1,False,-1
4251,TRIPLE,1,1,1,False,-1
4252,TRIPLE,1,1,1,False,-1
4253,DOUBLE,0,1,1,False,-1
4254,SINGLE,0,0,1,False,-1
4255,TRIPLE,1,1,1,False,-1
4256,TRIPLE,1,1,1,False,-1
4257,DOUBLE,0,1,1,False,-1
4258,TRIPLE,1,1,1,False,-1
4259,DOUBLE,0,1,1,False,-1
4260,TRIPLE,1,1,1,False,-1
4261,TRIPLE,1,1,1,False,-1
4262,TRIPLE,1,1,1,False,-1
4263,DOUBLE,0,1,1,False,-1
4264,TRIPLE,1,1,1,False,-1
4265,TRIPLE,1,1,1,False,-1
4266,TRIPLE,1,1,1,False,-1
4267,DOUBLE,0,1,1,False,-1
4268,TRIPLE,1,1,1,False,-1
4269,TRIPLE,1,1,1,False,-1
4270,DOUBLE,0,1,1,False,-1
4271,DOUBLE,0,1,1,False,-1
4272,TRIPLE,1,1,1,False,-1
4273,TRIPLE,1,1,1,False,-1
4274,DOUBLE,0,1,1,False,-1
4275,TRIPLE,1,1,1,False,-1
4276,DOUBLE,0,1,1,False,-1
4278,SINGLE,0,0,1,False,-1
4279,TRIPLE,1,1,1,False,-1
4280,TRIPLE,1,1,1,False,-1
4281,SINGLE,0,0,1,False,-1
4282,DOUBLE,0,1,1,False,-1
4283,SINGLE,0,0,1,False,-1
4284,TRIPLE,1,1,1,False,-1
4287,DOUBLE,0,1,1,False,-1
4288,TRIPLE,1,1,1,False,-1
4290,DOUBLE,0,1,1,False,-1
4291,TRIPLE,1,1,1,False,-1
4292,TRIPLE,1,1,1,False,-1
4293,TRIPLE,1,1,1,False,-1
4294,DOUBLE,0,1,1,False,-1
4295,TRIPLE,1,1,1,False,-1
4296,TRIPLE,1,1,1,False,-1
4297,DOUBLE,0,1,1,False,-1
4298,TRIPLE,1,1,1,False,-1
4299,TRIPLE,1,1,1,False,-1
4300,DOUBLE,0,1,1,False,-1
4301,TRIPLE,1,1,1,False,-1
4302,TRIPLE,1,1,1,False,-1
4303,DOUBLE,0,1,1,False,-1
4304,TRIPLE,1,1,1,False,-1
4305,SINGLE,0,0,1,False,-1
4306,TRIPLE,1,1,1,False,-1
4307,TRIPLE,1,1,1,False,-1
4309,DOUBLE,0,1,1,False,-1
4310,TRIPLE,1,1,1,False,-1
4311,TRIPLE,1,1,1,False,-1
4313,DOUBLE,0,1,1,False,-1
4314,DOUBLE,0,1,1,False,-1
4315,DOUBLE,0,1,1,False,-1
4316,DOUBLE,0,1,1,False,-1
4317,TRIPLE,1,1,1,False,-1
4318,TRIPLE,1,1,1,False,-1
4319,TRIPLE,1,1,1,False,-1
4320,TRIPLE,1,1,1,False,-1
4321,TRIPLE,1,1,1,False,-1
4322,TRIPLE,1,1,1,False,-1
4323,TRIPLE,1,1,1,False,-1
4324,TRIPLE,1,1,1,False,-1
4325,SINGLE,0,0,1,False,-1
4326,TRIPLE,1,1,1,False,-1
4327,TRIPLE,1,1,1,False,-1
4328,TRIPLE,1,1,1,False,-1
4329,SINGLE,0,0,1,False,-1
4330,TRIPLE,1,1,1,False,-1
4331,DOUBLE,0,1,1,False,-1
4333,DOUBLE,0,1,1,False,-1
4334,DOUBLE,0,1,1,False,-1
4335,TRIPLE,1,1,1,False,-1
4336,SINGLE,0,0,1,False,-1
4337,SINGLE,0,0,1,False,-1
4338,DOUBLE,0,1,1,False,-1
4339,TRIPLE,1,1,1,False,-1
4340,TRIPLE,1,1,1,False,-1
4341,TRIPLE,1,1,1,False,-1
4342,SINGLE,0,0,1,False,-1
4343,DOUBLE,0,1,1,False,-1
4344,TRIPLE,1,1,1,False,-1
4345,TRIPLE,1,1,1,False,-1
4346,TRIPLE,1,1,1,False,-1
4347,TRIPLE,1,1,1,False,-1
4348,DOUBLE,1,0,1,False,-1
4349,TRIPLE,1,1,1,False,-1
4350,DOUBLE,0,1,1,False,-1
4351,TRIPLE,1,1,1,False,-1
4352,TRIPLE,1,1,1,False,-1
4353,TRIPLE,1,1,1,False,-1
4354,SINGLE,0,0,1,False,-1
4355,TRIPLE,1,1,1,False,-1
4356,TRIPLE,1,1,1,False,-1
4357,DOUBLE,0,1,1,False,-1
4358,TRIPLE,1,1,1,False,-1
4359,DOUBLE,0,1,1,False,-1
4360,SINGLE,0,0,1,False,-1
4361,TRIPLE,1,1,1,False,-1
4362,TRIPLE,1,1,1,False,-1
4363,TRIPLE,1,1,1,False,-1
4364,DOUBLE,0,1,1,False,-1
4365,TRIPLE,1,1,1,False,-1
4366,DOUBLE,0,1,1,False,-1
4367,DOUBLE,0,1,1,False,-1
4368,TRIPLE,1,1,1,False,-1
4369,TRIPLE,1,1,1,False,-1
4370,TRIPLE,1,1,1,False,-1
4371,TRIPLE,1,1,1,False,-1
4372,TRIPLE,1,1,1,False,-1
4373,TRIPLE,1,1,1,False,-1
4374,TRIPLE,1,1,1,False,-1
4375,TRIPLE,1,1,1,False,-1
4376,DOUBLE,0,1,1,False,-1
4377,DOUBLE,0,1,1,False,-1
4378,SINGLE,0,0,1,False,-1
4379,TRIPLE,1,1,1,False,-1
4380,TRIPLE,1,1,1,False,-1
4381,SINGLE,0,0,1,False,-1
4382,TRIPLE,1,1,1,False,-1
4383,DOUBLE,0,1,1,False,-1
4384,TRIPLE,1,1,1,False,-1
4386,TRIPLE,1,1,1,False,-1
4389,TRIPLE,1,1,1,False,-1
4390,SINGLE,0,0,1,False,-1
4391,DOUBLE,0,1,1,False,-1
4392,TRIPLE,1,1,1,False,-1
4393,SINGLE,0,0,1,False,-1
4394,TRIPLE,1,1,1,False,-1
4395,DOUBLE,0,1,1,False,-1
4396,TRIPLE,1,1,1,False,-1
4397,TRIPLE,1,1,1,False,-1
4398,SINGLE,0,0,1,False,-1
4400,DOUBLE,0,1,1,False,-1
4401,TRIPLE,1,1,1,False,-1
4402,DOUBLE,0,1,1,False,-1
4404,DOUBLE,0,1,1,False,-1
4405,TRIPLE,1,1,1,False,-1
4406,DOUBLE,0,1,1,False,-1
4407,DOUBLE,0,1,1,False,-1
4408,TRIPLE,1,1,1,False,-1
4409,TRIPLE,1,1,1,False,-1
4410,DOUBLE,0,1,1,False,-1
4412,TRIPLE,1,1,1,False,-1
4413,SINGLE,0,0,1,False,-1
4415,SINGLE,0,0,1,False,-1
4416,TRIPLE,1,1,1,False,-1
4417,TRIPLE,1,1,1,False,-1
4418,SINGLE,0,0,1,False,-1
4419,SINGLE,0,0,1,False,-1
4420,DOUBLE,0,1,1,False,-1
4421,TRIPLE,1,1,1,False,-1
4422,TRIPLE,1,1,1,False,-1
4424,TRIPLE,1,1,1,False,-1
4425,DOUBLE,0,1,1,False,-1
4426,DOUBLE,0,1,1,False,-1
4427,DOUBLE,0,1,1,False,-1
4428,DOUBLE,0,1,1,False,-1
4429,DOUBLE,0,1,1,False,-1
4430,DOUBLE,0,1,1,False,-1
4431,SINGLE,0,0,1,False,-1
4432,TRIPLE,1,1,1,False,-1
4433,TRIPLE,1,1,1,False,-1
4434,SINGLE,0,0,1,False,-1
4435,DOUBLE,0,1,1,False,-1
4436,DOUBLE,0,1,1,False,-1
4437,TRIPLE,1,1,1,False,-1
4438,SINGLE,0,0,1,False,-1
4439,DOUBLE,0,1,1,False,-1
4440,TRIPLE,1,1,1,False,-1
4441,TRIPLE,1,1,1,False,-1
4442,DOUBLE,0,1,1,False,-1
4443,SINGLE,0,0,1,False,-1
4444,SINGLE,0,0,1,False,-1
4445,TRIPLE,1,1,1,False,-1
4446,SINGLE,0,0,1,False,-1
4447,TRIPLE,1,1,1,False,-1
4448,TRIPLE,1,1,1,False,-1
4449,TRIPLE,1,1,1,False,-1
4450,TRIPLE,1,1,1,False,-1
4451,TRIPLE,1,1,1,False,-1
4452,TRIPLE,1,1,1,False,-1
4453,DOUBLE,0,1,1,False,-1
4454,DOUBLE,0,1,1,False,-1
4455,TRIPLE,1,1,1,False,-1
4456,DOUBLE,0,1,1,False,-1
4457,SINGLE,0,0,1,False,-1
4458,DOUBLE,0,1,1,False,-1
4459,DOUBLE,0,1,1,False,-1
4460,SINGLE,0,0,1,False,-1
4462,TRIPLE,1,1,1,False,-1
4463,TRIPLE,1,1,1,False,-1
4464,TRIPLE,1,1,1,False,-1
4465,DOUBLE,0,1,1,False,-1
4466,DOUBLE,0,1,1,False,-1
4468,SINGLE,0,0,1,False,-1
4469,TRIPLE,1,1,1,False,-1
4470,TRIPLE,1,1,1,False,-1
4472,DOUBLE,0,1,1,False,-1
4474,TRIPLE,1,1,1,False,-1
4475,TRIPLE,1,1,1,False,-1
4476,DOUBLE,0,1,1,False,-1
4477,TRIPLE,1,1,1,False,-1
4479,TRIPLE,1,1,1,False,-1
4480,TRIPLE,1,1,1,False,-1
4481,TRIPLE,1,1,1,False,-1
4482,SINGLE,0,0,1,False,-1
4483,TRIPLE,1,1,1,False,-1
4484,TRIPLE,1,1,1,False,-1
4486,DOUBLE,0,1,1,False,-1
4488,SINGLE,0,0,1,False,-1
4489,TRIPLE,1,1,1,False,-1
4491,TRIPLE,1,1,1,False,-1
4492,TRIPLE,1,1,1,False,-1
4493,TRIPLE,1,1,1,False,-1
4494,TRIPLE,1,1,1,False,-1
4495,TRIPLE,1,1,1,False,-1
4497,TRIPLE,1,1,1,False,-1
4499,SINGLE,0,0,1,False,-1
4500,DOUBLE,0,1,1,False,-1
4501,SINGLE,0,0,1,False,-1
4502,DOUBLE,0,1,1,False,-1
4503,SINGLE,0,0,1,False,-1
4504,SINGLE,0,0,1,False,-1
4505,DOUBLE,0,1,1,False,-1
4506,TRIPLE,1,1,1,False,-1
4507,DOUBLE,0,1,1,False,-1
4508,DOUBLE,0,1,1,False,-1
4509,DOUBLE,0,1,1,False,-1
4510,SINGLE,0,0,1,False,-1
4511,SINGLE,0,0,1,False,-1
4512,TRIPLE,1,1,1,False,-1
4513,DOUBLE,0,1,1,False,-1
4514,DOUBLE,0,1,1,False,-1
4516,TRIPLE,1,1,1,False,-1
4517,TRIPLE,1,1,1,False,-1
4518,TRIPLE,1,1,1,False,-1
4519,TRIPLE,1,1,1,False,-1
4520,TRIPLE,1,1,1,False,-1
4521,SINGLE,0,0,1,False,-1
4522,TRIPLE,1,1,1,False,-1
4523,DOUBLE,0,1,1,False,-1
4525,DOUBLE,0,1,1,False,-1
4526,TRIPLE,1,1,1,False,-1
4527,TRIPLE,1,1,1,False,-1
4528,TRIPLE,1,1,1,False,-1
4529,SINGLE,0,0,1,False,-1
4530,TRIPLE,1,1,1,False,-1
4532,TRIPLE,1,1,1,False,-1
4533,SINGLE,0,0,1,False,-1
4534,DOUBLE,0,1,1,False,-1
4535,TRIPLE,1,1,1,False,-1
4536,TRIPLE,1,1,1,False,-1
4537,TRIPLE,1,1,1,False,-1
4538,TRIPLE,1,1,1,False,-1
4540,DOUBLE,0,1,1,False,-1
4541,TRIPLE,1,1,1,False,-1
4542,TRIPLE,1,1,1,False,-1
4543,TRIPLE,1,1,1,False,-1
4544,TRIPLE,1,1,1,False,-1
4545,SINGLE,0,0,1,False,-1
4546,SINGLE,0,0,1,False,-1
4547,SINGLE,0,0,1,False,-1
4549,TRIPLE,1,1,1,False,-1
4550,TRIPLE,1,1,1,False,-1
4551,SINGLE,0,0,1,False,-1
4552,DOUBLE,0,1,1,False,-1
4553,SINGLE,0,0,1,False,-1
4554,DOUBLE,0,1,1,False,-1
4555,TRIPLE,1,1,1,False,-1
4556,TRIPLE,1,1,1,False,-1
4557,TRIPLE,1,1,1,False,-1
4558,DOUBLE,0,1,1,False,-1
4559,TRIPLE,1,1,1,False,-1
4560,TRIPLE,1,1,1,False,-1
4561,SINGLE,0,0,1,False,-1
4562,TRIPLE,1,1,1,False,-1
4563,TRIPLE,1,1,1,False,-1
4564,TRIPLE,1,1,1,False,-1
4565,SINGLE,0,0,1,False,-1
4566,TRIPLE,1,1,1,False,-1
4567,TRIPLE,1,1,1,False,-1
4568,TRIPLE,1,1,1,False,-1
4569,TRIPLE,1,1,1,False,-1
4570,DOUBLE,0,1,1,False,-1
4571,TRIPLE,1,1,1,False,-1
4572,DOUBLE,0,1,1,False,-1
4573,DOUBLE,0,1,1,False,-1
4574,SINGLE,0,0,1,False,-1
4575,TRIPLE,1,1,1,False,-1
4576,TRIPLE,1,1,1,False,-1
4577,TRIPLE,1,1,1,False,-1
4578,SINGLE,0,0,1,False,-1
4579,TRIPLE,1,1,1,False,-1
4580,DOUBLE,0,1,1,False,-1
4581,TRIPLE,1,1,1,False,-1
4582,TRIPLE,1,1,1,False,-1
4583,TRIPLE,1,1,1,False,-1
4584,DOUBLE,0,1,1,False,-1
4585,DOUBLE,0,1,1,False,-1
4586,TRIPLE,1,1,1,False,-1
4587,SINGLE,0,0,1,False,-1
4588,DOUBLE,0,1,1,False,-1
4589,DOUBLE,0,1,1,False,-1
4590,DOUBLE,0,1,1,False,-1
4591,TRIPLE,1,1,1,False,-1
4592,TRIPLE,1,1,1,False,-1
4593,DOUBLE,0,1,1,False,-1
4594,TRIPLE,1,1,1,False,-1
4595,TRIPLE,1,1,1,False,-1
4596,DOUBLE,0,1,1,False,-1
4597,DOUBLE,0,1,1,False,-1
4598,TRIPLE,1,1,1,False,-1
4599,SINGLE,0,0,1,False,-1
4600,DOUBLE,0,1,1,False,-1
4601,TRIPLE,1,1,1,False,-1
4602,SINGLE,0,0,1,False,-1
4603,SINGLE,0,0,1,False,-1
4604,TRIPLE,1,1,1,False,-1
4605,DOUBLE,0,1,1,False,-1
4606,TRIPLE,1,1,1,False,-1
4607,SINGLE,0,0,1,False,-1
4608,TRIPLE,1,1,1,False,-1
4609,TRIPLE,1,1,1,False,-1
4610,TRIPLE,1,1,1,False,-1
4611,SINGLE,0,0,1,False,-1
4612,TRIPLE,1,1,1,False,-1
4613,TRIPLE,1,1,1,False,-1
4614,TRIPLE,1,1,1,False,-1
4615,DOUBLE,0,1,1,False,-1
4616,TRIPLE,1,1,1,False,-1
4617,DOUBLE,0,1,1,False,-1
4618,TRIPLE,1,1,1,False,-1
4619,TRIPLE,1,1,1,False,-1
4620,TRIPLE,1,1,1,False,-1
4621,TRIPLE,1,1,1,False,-1
4623,TRIPLE,1,1,1,False,-1
4624,TRIPLE,1,1,1,False,-1
4625,TRIPLE,1,1,1,False,-1
4626,TRIPLE,1,1,1,False,-1
4627,SINGLE,0,0,1,False,-1
4628,TRIPLE,1,1,1,False,-1
4629,TRIPLE,1,1,1,False,-1
4630,TRIPLE,1,1,1,False,-1
4631,SINGLE,0,0,1,False,-1
4632,SINGLE,0,0,1,False,-1
4633,TRIPLE,1,1,1,False,-1
4634,TRIPLE,1,1,1,False,-1
4635,TRIPLE,1,1,1,False,-1
4636,DOUBLE,0,1,1,False,-1
4637,TRIPLE,1,1,1,False,-1
4638,DOUBLE,0,1,1,False,-1
4640,TRIPLE,1,1,1,False,-1
4642,TRIPLE,1,1,1,False,-1
4643,TRIPLE,1,1,1,False,-1
4644,DOUBLE,0,1,1,False,-1
4645,DOUBLE,0,1,1,False,-1
4646,DOUBLE,0,1,1,False,-1
4647,DOUBLE,0,1,1,False,-1
4649,TRIPLE,1,1,1,False,-1
4650,DOUBLE,0,1,1,False,-1
4651,TRIPLE,1,1,1,False,-1
4652,TRIPLE,1,1,1,False,-1
4653,TRIPLE,1,1,1,False,-1
4654,TRIPLE,1,1,1,False,-1
4655,TRIPLE,1,1,1,False,-1
4656,DOUBLE,0,1,1,False,-1
4657,TRIPLE,1,1,1,False,-1
4658,TRIPLE,1,1,1,False,-1
4659,DOUBLE,0,1,1,False,-1
4661,DOUBLE,0,1,1,False,-1
4662,TRIPLE,1,1,1,False,-1
4663,TRIPLE,1,1,1,False,-1
4664,DOUBLE,0,1,1,False,-1
4665,TRIPLE,1,1,1,False,-1
4666,TRIPLE,1,1,1,False,-1
4667,TRIPLE,1,1,1,False,-1
4668,TRIPLE,1,1,1,False,-1
4669,TRIPLE,1,1,1,False,-1
4670,DOUBLE,0,1,1,False,-1
4671,TRIPLE,1,1,1,False,-1
4672,DOUBLE,0,1,1,False,-1
4673,TRIPLE,1,1,1,False,-1
4674,TRIPLE,1,1,1,False,-1
4675,DOUBLE,0,1,1,False,-1
4676,DOUBLE,0,1,1,False,-1
4677,TRIPLE,1,1,1,False,-1
4678,TRIPLE,1,1,1,False,-1
4679,TRIPLE,1,1,1,False,-1
4680,TRIPLE,1,1,1,False,-1
4681,TRIPLE,1,1,1,False,-1
4682,TRIPLE,1,1,1,False,-1
4683,TRIPLE,1,1,1,False,-1
4684,TRIPLE,1,1,1,False,-1
4685,DOUBLE,0,1,1,False,-1
4686,TRIPLE,1,1,1,False,-1
4687,TRIPLE,1,1,1,False,-1
4688,DOUBLE,0,1,1,False,-1
4689,DOUBLE,0,1,1,False,-1
4690,TRIPLE,1,1,1,False,-1
4691,TRIPLE,1,1,1,False,-1
4692,DOUBLE,0,1,1,False,-1
4693,TRIPLE,1,1,1,False,-1
4694,DOUBLE,0,1,1,False,-1
4695,DOUBLE,0,1,1,False,-1
4697,TRIPLE,1,1,1,False,-1
4699,TRIPLE,1,1,1,False,-1
4700,TRIPLE,1,1,1,False,-1
4701,TRIPLE,1,1,1,False,-1
4702,DOUBLE,0,1,1,False,-1
4704,TRIPLE,1,1,1,False,-1
4705,TRIPLE,1,1,1,False,-1
4706,DOUBLE,0,1,1,False,-1
4707,TRIPLE,1,1,1,False,-1
4708,TRIPLE,1,1,1,False,-1
4709,TRIPLE,1,1,1,False,-1
4710,DOUBLE,0,1,1,False,-1
4711,DOUBLE,0,1,1,False,-1
4713,TRIPLE,1,1,1,False,-1
4714,SINGLE,0,0,1,False,-1
4715,DOUBLE,1,0,1,False,-1
4716,TRIPLE,1,1,1,False,-1
4717,TRIPLE,1,1,1,False,-1
4719,TRIPLE,1,1,1,False,-1
4720,SINGLE,0,0,1,False,-1
4721,TRIPLE,1,1,1,False,-1
4722,SINGLE,0,0,1,False,-1
4723,SINGLE,0,0,1,False,-1
4724,TRIPLE,1,1,1,False,-1
4725,DOUBLE,0,1,1,False,-1
4726,TRIPLE,1,1,1,False,-1
4727,TRIPLE,1,1,1,False,-1
4729,SINGLE,0,0,1,False,-1
4730,DOUBLE,0,1,1,False,-1
4731,SINGLE,0,0,1,False,-1
4732,TRIPLE,1,1,1,False,-1
4734,DOUBLE,0,1,1,False,-1
4735,TRIPLE,1,1,1,False,-1
4736,TRIPLE,1,1,1,False,-1
4737,TRIPLE,1,1,1,False,-1
4738,SINGLE,0,0,1,False,-1
4739,TRIPLE,1,1,1,False,-1
4740,TRIPLE,1,1,1,False,-1
4741,SINGLE,0,0,1,False,-1
4742,DOUBLE,0,1,1,False,-1
4743,TRIPLE,1,1,1,False,-1
4744,SINGLE,0,0,1,False,-1
4745,DOUBLE,0,1,1,False,-1
4746,TRIPLE,1,1,1,False,-1
4747,DOUBLE,0,1,1,False,-1
4748,TRIPLE,1,1,1,False,-1
4749,TRIPLE,1,1,1,False,-1
4750,TRIPLE,1,1,1,False,-1
4751,TRIPLE,1,1,1,False,-1
4752,DOUBLE,0,1,1,False,-1
4753,SINGLE,0,0,1,False,-1
4754,SINGLE,0,0,1,False,-1
4755,DOUBLE,0,1,1,False,-1
4756,DOUBLE,0,1,1,False,-1
4757,DOUBLE,0,1,1,False,-1
4758,TRIPLE,1,1,1,False,-1
4759,TRIPLE,1,1,1,False,-1
4760,TRIPLE,1,1,1,False,-1
4761,TRIPLE,1,1,1,False,-1
4764,TRIPLE,1,1,1,False,-1
4765,DOUBLE,0,1,1,False,-1
4766,TRIPLE,1,1,1,False,-1
4767,TRIPLE,1,1,1,False,-1
4768,TRIPLE,1,1,1,False,-1
4769,SINGLE,0,0,1,False,-1
4770,TRIPLE,1,1,1,False,-1
4771,SINGLE,0,0,1,False,-1
4772,SINGLE,0,0,1,False,-1
4773,DOUBLE,0,1,1,False,-1
4774,TRIPLE,1,1,1,False,-1
4775,TRIPLE,1,1,1,False,-1
4776,TRIPLE,1,1,1,False,-1
4777,DOUBLE,0,1,1,False,-1
4780,DOUBLE,0,1,1,False,-1
4782,TRIPLE,1,1,1,False,-1
4783,DOUBLE,0,1,1,False,-1
4784,TRIPLE,1,1,1,False,-1
4785,TRIPLE,1,1,1,False,-1
4786,TRIPLE,1,1,1,False,-1
4787,TRIPLE,1,1,1,False,-1
4788,TRIPLE,1,1,1,False,-1
4789,DOUBLE,0,1,1,False,-1
4790,TRIPLE,1,1,1,False,-1
4793,DOUBLE,0,1,1,False,-1
4794,TRIPLE,1,1,1,False,-1
4795,DOUBLE,0,1,1,False,-1
4796,TRIPLE,1,1,1,False,-1
4797,TRIPLE,1,1,1,False,-1
4798,DOUBLE,0,1,1,False,-1
4799,TRIPLE,1,1,1,False,-1
4800,TRIPLE,1,1,1,False,-1
4801,TRIPLE,1,1,1,False,-1
4802,TRIPLE,1,1,1,False,-1
4803,TRIPLE,1,1,1,False,-1
4805,DOUBLE,0,1,1,False,-1
4806,TRIPLE,1,1,1,False,-1
4807,TRIPLE,1,1,1,False,-1
4808,TRIPLE,1,1,1,False,-1
4809,DOUBLE,0,1,1,False,-1
4810,TRIPLE,1,1,1,False,-1
4811,DOUBLE,0,1,1,False,-1
4812,DOUBLE,0,1,1,False,-1
4813,SINGLE,0,0,1,False,-1
4814,TRIPLE,1,1,1,False,-1
4815,TRIPLE,1,1,1,False,-1
4816,DOUBLE,0,1,1,False,-1
4817,TRIPLE,1,1,1,False,-1
4818,TRIPLE,1,1,1,False,-1
4819,TRIPLE,1,1,1,False,-1
4820,TRIPLE,1,1,1,False,-1
4821,DOUBLE,0,1,1,False,-1
4823,SINGLE,0,0,1,False,-1
4824,TRIPLE,1,1,1,False,-1
4825,SINGLE,0,0,1,False,-1
4826,TRIPLE,1,1,1,False,-1
4827,DOUBLE,0,1,1,False,-1
4828,TRIPLE,1,1,1,False,-1
4829,SINGLE,0,0,1,False,-1
4830,DOUBLE,0,1,1,False,-1
4831,TRIPLE,1,1,1,False,-1
4832,TRIPLE,1,1,1,False,-1
4833,DOUBLE,0,1,1,False,-1
4834,DOUBLE,0,1,1,False,-1
4835,TRIPLE,1,1,1,False,-1
4836,DOUBLE,0,1,1,False,-1
4838,DOUBLE,0,1,1,False,-1
4839,TRIPLE,1,1,1,False,-1
4840,TRIPLE,1,1,1,False,-1
4841,TRIPLE,1,1,1,False,-1
4843,TRIPLE,1,1,1,False,-1
4844,TRIPLE,1,1,1,False,-1
4845,SINGLE,0,0,1,False,-1
4846,TRIPLE,1,1,1,False,-1
4847,DOUBLE,0,1,1,False,-1
4848,SINGLE,0,0,1,False,-1
4849,TRIPLE,1,1,1,False,-1
4850,TRIPLE,1,1,1,False,-1
4851,SINGLE,0,0,1,False,-1
4852,TRIPLE,1,1,1,False,-1
4854,TRIPLE,1,1,1,False,-1
4855,TRIPLE,1,1,1,False,-1
4856,SINGLE,0,0,1,False,-1
4857,DOUBLE,0,1,1,False,-1
4858,TRIPLE,1,1,1,False,-1
4859,TRIPLE,1,1,1,False,-1
4860,TRIPLE,1,1,1,False,-1
4861,DOUBLE,0,1,1,False,-1
4862,DOUBLE,0,1,1,False,-1
4863,SINGLE,0,0,1,False,-1
4865,DOUBLE,0,1,1,False,-1
4866,SINGLE,0,0,1,False,-1
4867,SINGLE,0,0,1,False,-1
4868,SINGLE,0,0,1,False,-1
4869,TRIPLE,1,1,1,False,-1
4870,DOUBLE,0,1,1,False,-1
4871,TRIPLE,1,1,1,False,-1
4872,DOUBLE,0,1,1,False,-1
4873,TRIPLE,1,1,1,False,-1
4874,TRIPLE,1,1,1,False,-1
4877,SINGLE,0,0,1,False,-1
4878,TRIPLE,1,1,1,False,-1
4879,TRIPLE,1,1,1,False,-1
4880,TRIPLE,1,1,1,False,-1
4881,SINGLE,0,0,1,False,-1
4882,TRIPLE,1,1,1,False,-1
4883,TRIPLE,1,1,1,False,-1
4884,DOUBLE,0,1,1,False,-1
4885,DOUBLE,0,1,1,False,-1
4886,TRIPLE,1,1,1,False,-1
4887,TRIPLE,1,1,1,False,-1
4888,TRIPLE,1,1,1,False,-1
4889,TRIPLE,1,1,1,False,-1
4890,SINGLE,0,0,1,False,-1
4891,TRIPLE,1,1,1,False,-1
4892,SINGLE,0,0,1,False,-1
4893,TRIPLE,1,1,1,False,-1
4894,TRIPLE,1,1,1,False,-1
4895,TRIPLE,1,1,1,False,-1
4896,DOUBLE,0,1,1,False,-1
4897,TRIPLE,1,1,1,False,-1
4899,DOUBLE,0,1,1,False,-1
4900,TRIPLE,1,1,1,False,-1
4901,TRIPLE,1,1,1,False,-1
4902,DOUBLE,0,1,1,False,-1
4903,TRIPLE,1,1,1,False,-1
4904,DOUBLE,0,1,1,False,-1
4905,TRIPLE,1,1,1,False,-1
4906,TRIPLE,1,1,1,False,-1
4907,DOUBLE,0,1,1,False,-1
4908,TRIPLE,1,1,1,False,-1
4909,TRIPLE,1,1,1,False,-1
4910,TRIPLE,1,1,1,False,-1
4911,DOUBLE,0,1,1,False,-1
4912,TRIPLE,1,1,1,False,-1
4914,TRIPLE,1,1,1,False,-1
4915,TRIPLE,1,1,1,False,-1
4916,SINGLE,0,0,1,False,-1
4917,DOUBLE,0,1,1,False,-1
4918,TRIPLE,1,1,1,False,-1
4919,TRIPLE,1,1,1,False,-1
4920,DOUBLE,0,1,1,False,-1
4921,TRIPLE,1,1,1,False,-1
4922,DOUBLE,0,1,1,False,-1
4923,DOUBLE,0,1,1,False,-1
4924,TRIPLE,1,1,1,False,-1
4925,SINGLE,0,0,1,False,-1
4926,TRIPLE,1,1,1,False,-1
4927,DOUBLE,0,1,1,False,-1
4929,DOUBLE,0,1,1,False,-1
4930,TRIPLE,1,1,1,False,-1
4932,DOUBLE,0,1,1,False,-1
4933,DOUBLE,1,0,1,False,-1
4934,TRIPLE,1,1,1,False,-1
4935,TRIPLE,1,1,1,False,-1
4936,SINGLE,0,0,1,False,-1
4938,SINGLE,0,0,1,False,-1
4939,DOUBLE,0,1,1,False,-1
4940,TRIPLE,1,1,1,False,-1
4941,DOUBLE,0,1,1,False,-1
4942,TRIPLE,1,1,1,False,-1
4943,TRIPLE,1,1,1,False,-1
4945,TRIPLE,1,1,1,False,-1
4946,SINGLE,0,0,1,False,-1
4947,TRIPLE,1,1,1,False,-1
4949,SINGLE,0,0,1,False,-1
4950,TRIPLE,1,1,1,False,-1
4951,DOUBLE,0,1,1,False,-1
4952,SINGLE,0,0,1,False,-1
4953,TRIPLE,1,1,1,False,-1
4954,DOUBLE,0,1,1,False,-1
4955,SINGLE,0,0,1,False,-1
4956,TRIPLE,1,1,1,False,-1
4957,TRIPLE,1,1,1,False,-1
4958,DOUBLE,0,1,1,False,-1
4960,TRIPLE,1,1,1,False,-1
4961,TRIPLE,1,1,1,False,-1
4962,TRIPLE,1,1,1,False,-1
4963,TRIPLE,1,1,1,False,-1
4964,DOUBLE,0,1,1,False,-1
4965,SINGLE,0,0,1,False,-1
4966,DOUBLE,0,1,1,False,-1
4968,TRIPLE,1,1,1,False,-1
4969,TRIPLE,1,1,1,False,-1
4970,TRIPLE,1,1,1,False,-1
4971,TRIPLE,1,1,1,False,-1
4972,TRIPLE,1,1,1,False,-1
4973,TRIPLE,1,1,1,False,-1
4974,SINGLE,0,0,1,False,-1
4975,DOUBLE,0,1,1,False,-1
4976,TRIPLE,1,1,1,False,-1
4977,TRIPLE,1,1,1,False,-1
4978,TRIPLE,1,1,1,False,-1
4979,DOUBLE,0,1,1,False,-1
4980,TRIPLE,1,1,1,False,-1
4981,DOUBLE,0,1,1,False,-1
4982,SINGLE,0,0,1,False,-1
4983,TRIPLE,1,1,1,False,-1
4984,SINGLE,0,0,1,False,-1
4985,TRIPLE,1,1,1,False,-1
4986,TRIPLE,1,1,1,False,-1
4987,TRIPLE,1,1,1,False,-1
4988,TRIPLE,1,1,1,False,-1
4989,DOUBLE,0,1,1,False,-1
4990,TRIPLE,1,1,1,False,-1
4991,SINGLE,0,0,1,False,-1
4992,DOUBLE,0,1,1,False,-1
4993,DOUBLE,0,1,1,False,-1
4994,TRIPLE,1,1,1,False,-1
4995,TRIPLE,1,1,1,False,-1
4996,DOUBLE,0,1,1,False,-1
4997,SINGLE,0,0,1,False,-1
4998,TRIPLE,1,1,1,False,-1
5000,DOUBLE,0,1,1,False,-1
5001,DOUBLE,0,1,1,False,-1
5002,TRIPLE,1,1,1,False,-1
5003,TRIPLE,1,1,1,False,-1
5004,DOUBLE,0,1,1,False,-1
5005,TRIPLE,1,1,1,False,-1
5006,TRIPLE,1,1,1,False,-1
5007,DOUBLE,0,1,1,False,-1
5008,DOUBLE,0,1,1,False,-1
5009,DOUBLE,0,1,1,False,-1
5010,TRIPLE,1,1,1,False,-1
5011,TRIPLE,1,1,1,False,-1
5012,SINGLE,0,0,1,False,-1
5013,SINGLE,0,0,1,False,-1
5014,SINGLE,0,0,1,False,-1
5016,SINGLE,0,0,1,False,-1
5017,SINGLE,0,0,1,False,-1
5018,TRIPLE,1,1,1,False,-1
5019,DOUBLE,0,1,1,False,-1
5020,DOUBLE,0,1,1,False,-1
5021,SINGLE,0,0,1,False,-1
5022,TRIPLE,1,1,1,False,-1
5023,DOUBLE,0,1,1,False,-1
5024,TRIPLE,1,1,1,False,-1
5025,SINGLE,0,0,1,False,-1
5026,DOUBLE,0,1,1,False,-1
5027,DOUBLE,0,1,1,False,-1
5028,DOUBLE,0,1,1,False,-1
5029,DOUBLE,0,1,1,False,-1
5030,TRIPLE,1,1,1,False,-1
5031,TRIPLE,1,1,1,False,-1
5032,DOUBLE,0,1,1,False,-1
5033,TRIPLE,1,1,1,False,-1
5034,SINGLE,0,0,1,False,-1
5035,TRIPLE,1,1,1,False,-1
5036,DOUBLE,0,1,1,False,-1
5037,TRIPLE,1,1,1,False,-1
5038,TRIPLE,1,1,1,False,-1
5039,TRIPLE,1,1,1,False,-1
5040,TRIPLE,1,1,1,False,-1
5041,SINGLE,0,0,1,False,-1
5042,TRIPLE,1,1,1,False,-1
5043,TRIPLE,1,1,1,False,-1
5044,TRIPLE,1,1,1,False,-1
5046,TRIPLE,1,1,1,False,-1
5047,TRIPLE,1,1,1,False,-1
5048,TRIPLE,1,1,1,False,-1
5049,SINGLE,0,0,1,False,-1
5050,DOUBLE,0,1,1,False,-1
5051,TRIPLE,1,1,1,False,-1
5052,TRIPLE,1,1,1,False,-1
5054,TRIPLE,1,1,1,False,-1
5057,DOUBLE,0,1,1,False,-1
5058,DOUBLE,0,1,1,False,-1
5059,TRIPLE,1,1,1,False,-1
5060,TRIPLE,1,1,1,False,-1
5061,TRIPLE,1,1,1,False,-1
5062,DOUBLE,0,1,1,False,-1
5063,TRIPLE,1,1,1,False,-1
5064,TRIPLE,1,1,1,False,-1
5065,DOUBLE,0,1,1,False,-1
5066,DOUBLE,0,1,1,False,-1
5067,TRIPLE,1,1,1,False,-1
5068,TRIPLE,1,1,1,False,-1
5069,DOUBLE,0,1,1,False,-1
5070,TRIPLE,1,1,1,False,-1
5071,TRIPLE,1,1,1,False,-1
5072,TRIPLE,1,1,1,False,-1
5073,TRIPLE,1,1,1,False,-1
5074,TRIPLE,1,1,1,False,-1
5075,DOUBLE,0,1,1,False,-1
5076,TRIPLE,1,1,1,False,-1
5077,TRIPLE,1,1,1,False,-1
5078,TRIPLE,1,1,1,False,-1
5079,TRIPLE,1,1,1,False,-1
5080,DOUBLE,0,1,1,False,-1
5081,TRIPLE,1,1,1,False,-1
5082,SINGLE,0,0,1,False,-1
5083,TRIPLE,1,1,1,False,-1
5085,SINGLE,0,0,1,False,-1
5086,DOUBLE,0,1,1,False,-1
5087,SINGLE,0,0,1,False,-1
5088,TRIPLE,1,1,1,False,-1
5089,TRIPLE,1,1,1,False,-1
5091,TRIPLE,1,1,1,False,-1
5092,SINGLE,0,0,1,False,-1
5093,TRIPLE,1,1,1,False,-1
5094,DOUBLE,0,1,1,False,-1
5095,TRIPLE,1,1,1,False,-1
5096,TRIPLE,1,1,1,False,-1
5097,TRIPLE,1,1,1,False,-1
5098,SINGLE,0,0,1,False,-1
5099,TRIPLE,1,1,1,False,-1
5100,DOUBLE,0,1,1,False,-1
5101,TRIPLE,1,1,1,False,-1
5102,TRIPLE,1,1,1,False,-1
5103,TRIPLE,1,1,1,False,-1
5104,TRIPLE,1,1,1,False,-1
5105,DOUBLE,0,1,1,False,-1
5107,DOUBLE,0,1,1,False,-1
5108,TRIPLE,1,1,1,False,-1
5109,TRIPLE,1,1,1,False,-1
5110,TRIPLE,1,1,1,False,-1
5111,TRIPLE,1,1,1,False,-1
5112,SINGLE,0,0,1,False,-1
5113,DOUBLE,0,1,1,False,-1
5115,TRIPLE,1,1,1,False,-1
5116,SINGLE,0,0,1,False,-1
5117,DOUBLE,0,1,1,False,-1
5118,TRIPLE,1,1,1,False,-1
5119,TRIPLE,1,1,1,False,-1
5120,DOUBLE,0,1,1,False,-1
5121,TRIPLE,1,1,1,False,-1
5122,TRIPLE,1,1,1,False,-1
5124,TRIPLE,1,1,1,False,-1
5125,TRIPLE,1,1,1,False,-1
5126,TRIPLE,1,1,1,False,-1
5127,DOUBLE,0,1,1,False,-1
5128,SINGLE,0,0,1,False,-1
5130,DOUBLE,0,1,1,False,-1
5131,TRIPLE,1,1,1,False,-1
5132,TRIPLE,1,1,1,False,-1
5133,DOUBLE,0,1,1,False,-1
5134,SINGLE,0,0,1,False,-1
5135,TRIPLE,1,1,1,False,-1
5136,TRIPLE,1,1,1,False,-1
5137,TRIPLE,1,1,1,False,-1
5138,DOUBLE,0,1,1,False,-1
5139,DOUBLE,0,1,1,False,-1
5140,SINGLE,0,0,1,False,-1
5141,TRIPLE,1,1,1,False,-1
5142,DOUBLE,0,1,1,False,-1
5143,TRIPLE,1,1,1,False,-1
5144,TRIPLE,1,1,1,False,-1
5145,TRIPLE,1,1,1,False,-1
5146,TRIPLE,1,1,1,False,-1
5147,TRIPLE,1,1,1,False,-1
5148,TRIPLE,1,1,1,False,-1
5149,DOUBLE,0,1,1,False,-1
5150,TRIPLE,1,1,1,False,-1
5151,TRIPLE,1,1,1,False,-1
5152,TRIPLE,1,1,1,False,-1
5153,TRIPLE,1,1,1,False,-1
5155,DOUBLE,0,1,1,False,-1
5156,TRIPLE,1,1,1,False,-1
5157,DOUBLE,0,1,1,False,-1
5158,TRIPLE,1,1,1,False,-1
5159,TRIPLE,1,1,1,False,-1
5160,TRIPLE,1,1,1,False,-1
5161,DOUBLE,0,1,1,False,-1
5162,TRIPLE,1,1,1,False,-1
5163,DOUBLE,0,1,1,False,-1
5164,DOUBLE,0,1,1,False,-1
5166,TRIPLE,1,1,1,False,-1
5167,DOUBLE,0,1,1,False,-1
5168,SINGLE,0,0,1,False,-1
5169,TRIPLE,1,1,1,False,-1
5170,DOUBLE,0,1,1,False,-1
5173,TRIPLE,1,1,1,False,-1
5174,DOUBLE,0,1,1,False,-1
5175,SINGLE,0,0,1,False,-1
5176,TRIPLE,1,1,1,False,-1
5177,TRIPLE,1,1,1,False,-1
5178,SINGLE,0,0,1,False,-1
5179,SINGLE,0,0,1,False,-1
5181,TRIPLE,1,1,1,False,-1
5182,SINGLE,0,0,1,False,-1
5183,DOUBLE,0,1,1,False,-1
5184,TRIPLE,1,1,1,False,-1
5186,SINGLE,0,0,1,False,-1
5187,DOUBLE,0,1,1,False,-1
5188,TRIPLE,1,1,1,False,-1
5190,TRIPLE,1,1,1,False,-1
5191,TRIPLE,1,1,1,False,-1
5192,TRIPLE,1,1,1,False,-1
5193,TRIPLE,1,1,1,False,-1
5194,TRIPLE,1,1,1,False,-1
5195,TRIPLE,1,1,1,False,-1
5196,TRIPLE,1,1,1,False,-1
5197,TRIPLE,1,1,1,False,-1
5198,TRIPLE,1,1,1,False,-1
5199,TRIPLE,1,1,1,False,-1
5200,SINGLE,0,0,1,False,-1
5201,TRIPLE,1,1,1,False,-1
5203,DOUBLE,0,1,1,False,-1
5204,TRIPLE,1,1,1,False,-1
5205,TRIPLE,1,1,1,False,-1
5206,SINGLE,0,0,1,False,-1
5207,SINGLE,0,0,1,False,-1
5208,DOUBLE,0,1,1,False,-1
5209,DOUBLE,0,1,1,False,-1
5211,DOUBLE,0,1,1,False,-1
5212,TRIPLE,1,1,1,False,-1
5213,TRIPLE,1,1,1,False,-1
5214,DOUBLE,0,1,1,False,-1
5215,TRIPLE,1,1,1,False,-1
5216,DOUBLE,0,1,1,False,-1
5218,TRIPLE,1,1,1,False,-1
5219,TRIPLE,1,1,1,False,-1
5221,SINGLE,0,0,1,False,-1
5222,SINGLE,0,0,1,False,-1
5223,SINGLE,0,0,1,False,-1
5224,SINGLE,0,0,1,False,-1
5225,DOUBLE,0,1,1,False,-1
5226,TRIPLE,1,1,1,False,-1
5227,TRIPLE,1,1,1,False,-1
5228,DOUBLE,0,1,1,False,-1
5229,TRIPLE,1,1,1,False,-1
5230,TRIPLE,1,1,1,False,-1
5231,DOUBLE,0,1,1,False,-1
5232,DOUBLE,0,1,1,False,-1
5233,TRIPLE,1,1,1,False,-1
5234,DOUBLE,0,1,1,False,-1
5235,TRIPLE,1,1,1,False,-1
5236,TRIPLE,1,1,1,False,-1
5237,TRIPLE,1,1,1,False,-1
5238,DOUBLE,0,1,1,False,-1
5239,SINGLE,0,0,1,False,-1
5241,TRIPLE,1,1,1,False,-1
5242,DOUBLE,0,1,1,False,-1
5243,TRIPLE,1,1,1,False,-1
5244,DOUBLE,0,1,1,False,-1
5245,TRIPLE,1,1,1,False,-1
5246,DOUBLE,0,1,1,False,-1
5247,SINGLE,0,0,1,False,-1
5248,TRIPLE,1,1,1,False,-1
5249,TRIPLE,1,1,1,False,-1
5250,TRIPLE,1,1,1,False,-1
5251,TRIPLE,1,1,1,False,-1
5252,TRIPLE,1,1,1,False,-1
5253,TRIPLE,1,1,1,False,-1
5254,DOUBLE,0,1,1,False,-1
5255,DOUBLE,0,1,1,False,-1
5256,TRIPLE,1,1,1,False,-1
5257,TRIPLE,1,1,1,False,-1
5258,TRIPLE,1,1,1,False,-1
5259,TRIPLE,1,1,1,False,-1
5260,TRIPLE,1,1,1,False,-1
5261,TRIPLE,1,1,1,False,-1
5263,DOUBLE,0,1,1,False,-1
5264,SINGLE,0,0,1,False,-1
5265,SINGLE,0,0,1,False,-1
5266,DOUBLE,0,1,1,False,-1
5267,DOUBLE,0,1,1,False,-1
5268,TRIPLE,1,1,1,False,-1
5269,TRIPLE,1,1,1,False,-1
5271,DOUBLE,0,1,1,False,-1
5272,SINGLE,0,0,1,False,-1
5273,TRIPLE,1,1,1,False,-1
5274,SINGLE,0,0,1,False,-1
5275,TRIPLE,1,1,1,False,-1
5276,SINGLE,0,0,1,False,-1
5277,DOUBLE,0,1,1,False,-1
5278,TRIPLE,1,1,1,False,-1
5279,TRIPLE,1,1,1,False,-1
5280,TRIPLE,1,1,1,False,-1
5281,TRIPLE,1,1,1,False,-1
5282,TRIPLE,1,1,1,False,-1
5283,DOUBLE,0,1,1,False,-1
5284,TRIPLE,1,1,1,False,-1
5285,TRIPLE,1,1,1,False,-1
5286,SINGLE,0,0,1,False,-1
5287,TRIPLE,1,1,1,False,-1
5288,SINGLE,0,0,1,False,-1
5289,TRIPLE,1,1,1,False,-1
5290,TRIPLE,1,1,1,False,-1
5291,DOUBLE,0,1,1,False,-1
5292,TRIPLE,1,1,1,False,-1
5293,TRIPLE,1,1,1,False,-1
5294,TRIPLE,1,1,1,False,-1
5295,TRIPLE,1,1,1,False,-1
5297,SINGLE,0,0,1,False,-1
5298,TRIPLE,1,1,1,False,-1
5299,DOUBLE,0,1,1,False,-1
5300,DOUBLE,0,1,1,False,-1
5301,TRIPLE,1,1,1,False,-1
5303,DOUBLE,0,1,1,False,-1
5305,DOUBLE,0,1,1,False,-1
5306,TRIPLE,1,1,1,False,-1
5307,SINGLE,0,0,1,False,-1
5308,TRIPLE,1,1,1,False,-1
5309,TRIPLE,1,1,1,False,-1
5310,SINGLE,0,0,1,False,-1
5311,TRIPLE,1,1,1,False,-1
5312,TRIPLE,1,1,1,False,-1
5313,DOUBLE,0,1,1,False,-1
5314,DOUBLE,0,1,1,False,-1
5315,DOUBLE,0,1,1,False,-1
5316,SINGLE,0,0,1,False,-1
5317,TRIPLE,1,1,1,False,-1
5318,SINGLE,0,0,1,False,-1
5319,TRIPLE,1,1,1,False,-1
5320,TRIPLE,1,1,1,False,-1
5321,TRIPLE,1,1,1,False,-1
5322,TRIPLE,1,1,1,False,-1
5323,TRIPLE,1,1,1,False,-1
5324,TRIPLE,1,1,1,False,-1
5325,TRIPLE,1,1,1,False,-1
5326,TRIPLE,1,1,1,False,-1
5327,TRIPLE,1,1,1,False,-1
5328,SINGLE,0,0,1,False,-1
5329,DOUBLE,0,1,1,False,-1
5330,SINGLE,0,0,1,False,-1
5331,DOUBLE,0,1,1,False,-1
5332,TRIPLE,1,1,1,False,-1
5333,TRIPLE,1,1,1,False,-1
5334,DOUBLE,0,1,1,False,-1
5335,TRIPLE,1,1,1,False,-1
5336,DOUBLE,0,1,1,False,-1
5337,TRIPLE,1,1,1,False,-1
5338,TRIPLE,1,1,1,False,-1
5340,TRIPLE,1,1,1,False,-1
5341,DOUBLE,0,1,1,False,-1
5342,SINGLE,0,0,1,False,-1
5343,DOUBLE,0,1,1,False,-1
5344,DOUBLE,0,1,1,False,-1
5345,TRIPLE,1,1,1,False,-1
5346,TRIPLE,1,1,1,False,-1
5347,DOUBLE,0,1,1,False,-1
5348,TRIPLE,1,1,1,False,-1
5349,TRIPLE,1,1,1,False,-1
5350,DOUBLE,0,1,1,False,-1
5351,TRIPLE,1,1,1,False,-1
5352,DOUBLE,0,1,1,False,-1
5353,DOUBLE,0,1,1,False,-1
5354,SINGLE,0,0,1,False,-1
5355,TRIPLE,1,1,1,False,-1
5356,TRIPLE,1,1,1,False,-1
5357,DOUBLE,0,1,1,False,-1
5358,DOUBLE,0,1,1,False,-1
5359,SINGLE,0,0,1,False,-1
5360,TRIPLE,1,1,1,False,-1
5361,TRIPLE,1,1,1,False,-1
5362,TRIPLE,1,1,1,False,-1
5363,TRIPLE,1,1,1,False,-1
5364,DOUBLE,0,1,1,False,-1
5365,TRIPLE,1,1,1,False,-1
5367,TRIPLE,1,1,1,False,-1
5368,SINGLE,0,0,1,False,-1
5369,DOUBLE,0,1,1,False,-1
5370,TRIPLE,1,1,1,False,-1
5371,DOUBLE,0,1,1,False,-1
5372,TRIPLE,1,1,1,False,-1
5373,TRIPLE,1,1,1,False,-1
5374,DOUBLE,0,1,1,False,-1
5375,TRIPLE,1,1,1,False,-1
5376,DOUBLE,0,1,1,False,-1
5377,DOUBLE,0,1,1,False,-1
5378,DOUBLE,0,1,1,False,-1
5379,DOUBLE,0,1,1,False,-1
5380,SINGLE,0,0,1,False,-1
5381,DOUBLE,0,1,1,False,-1
5382,TRIPLE,1,1,1,False,-1
5383,TRIPLE,1,1,1,False,-1
5384,DOUBLE,0,1,1,False,-1
5385,DOUBLE,0,1,1,False,-1
5386,TRIPLE,1,1,1,False,-1
5387,TRIPLE,1,1,1,False,-1
5388,TRIPLE,1,1,1,False,-1
5389,TRIPLE,1,1,1,False,-1
5390,TRIPLE,1,1,1,False,-1
5391,DOUBLE,0,1,1,False,-1
5392,TRIPLE,1,1,1,False,-1
5393,TRIPLE,1,1,1,False,-1
5394,SINGLE,0,0,1,False,-1
5395,TRIPLE,1,1,1,False,-1
5396,TRIPLE,1,1,1,False,-1
5397,SINGLE,0,0,1,False,-1
5398,SINGLE,0,0,1,False,-1
5399,SINGLE,0,0,1,False,-1
5400,SINGLE,0,0,1,False,-1
5401,DOUBLE,0,1,1,False,-1
5402,DOUBLE,0,1,1,False,-1
5404,TRIPLE,1,1,1,False,-1
5405,TRIPLE,1,1,1,False,-1
5407,DOUBLE,0,1,1,False,-1
5408,DOUBLE,0,1,1,False,-1
5409,DOUBLE,0,1,1,False,-1
5410,TRIPLE,1,1,1,False,-1
5412,TRIPLE,1,1,1,False,-1
5413,TRIPLE,1,1,1,False,-1
5414,DOUBLE,0,1,1,False,-1
5415,TRIPLE,1,1,1,False,-1
5416,DOUBLE,0,1,1,False,-1
5418,TRIPLE,1,1,1,False,-1
5420,TRIPLE,1,1,1,False,-1
5421,TRIPLE,1,1,1,False,-1
5422,TRIPLE,1,1,1,False,-1
5423,SINGLE,0,0,1,False,-1
5425,SINGLE,0,0,1,False,-1
5426,DOUBLE,0,1,1,False,-1
5428,TRIPLE,1,1,1,False,-1
5429,SINGLE,0,0,1,False,-1
5430,DOUBLE,0,1,1,False,-1
5432,TRIPLE,1,1,1,False,-1
5433,TRIPLE,1,1,1,False,-1
5434,SINGLE,0,0,1,False,-1
5435,DOUBLE,0,1,1,False,-1
5436,TRIPLE,1,1,1,False,-1
5437,TRIPLE,1,1,1,False,-1
5438,TRIPLE,1,1,1,False,-1
5439,DOUBLE,0,1,1,False,-1
5440,DOUBLE,0,1,1,False,-1
5441,TRIPLE,1,1,1,False,-1
5442,DOUBLE,0,1,1,False,-1
5443,DOUBLE,0,1,1,False,-1
5444,SINGLE,0,0,1,False,-1
5445,DOUBLE,0,1,1,False,-1
5446,TRIPLE,1,1,1,False,-1
5447,TRIPLE,1,1,1,False,-1
5448,TRIPLE,1,1,1,False,-1
5449,TRIPLE,1,1,1,False,-1
5451,TRIPLE,1,1,1,False,-1
5452,SINGLE,0,0,1,False,-1
5454,TRIPLE,1,1,1,False,-1
5455,DOUBLE,0,1,1,False,-1
5456,DOUBLE,0,1,1,False,-1
5457,DOUBLE,0,1,1,False,-1
5458,TRIPLE,1,1,1,False,-1
5459,SINGLE,0,0,1,False,-1
5462,DOUBLE,0,1,1,False,-1
5463,TRIPLE,1,1,1,False,-1
5464,TRIPLE,1,1,1,False,-1
5465,TRIPLE,1,1,1,False,-1
5467,TRIPLE,1,1,1,False,-1
5468,TRIPLE,1,1,1,False,-1
5469,DOUBLE,0,1,1,False,-1
5470,DOUBLE,0,1,1,False,-1
5471,TRIPLE,1,1,1,False,-1
5472,SINGLE,0,0,1,False,-1
5473,DOUBLE,0,1,1,False,-1
5477,DOUBLE,0,1,1,False,-1
5478,TRIPLE,1,1,1,False,-1
5479,DOUBLE,0,1,1,False,-1
5480,DOUBLE,0,1,1,False,-1
5481,SINGLE,0,0,1,False,-1
5482,TRIPLE,1,1,1,False,-1
5483,DOUBLE,0,1,1,False,-1
5484,TRIPLE,1,1,1,False,-1
5485,SINGLE,0,0,1,False,-1
5486,SINGLE,0,0,1,False,-1
5487,TRIPLE,1,1,1,False,-1
5488,TRIPLE,1,1,1,False,-1
5489,DOUBLE,0,1,1,False,-1
5490,DOUBLE,0,1,1,False,-1
5491,TRIPLE,1,1,1,False,-1
5492,TRIPLE,1,1,1,False,-1
5493,DOUBLE,0,1,1,False,-1
5494,TRIPLE,1,1,1,False,-1
5495,TRIPLE,1,1,1,False,-1
5496,DOUBLE,0,1,1,False,-1
5497,TRIPLE,1,1,1,False,-1
5498,DOUBLE,0,1,1,False,-1
5501,DOUBLE,0,1,1,False,-1
5502,TRIPLE,1,1,1,False,-1
5503,TRIPLE,1,1,1,False,-1
5504,TRIPLE,1,1,1,False,-1
5506,DOUBLE,0,1,1,False,-1
5507,TRIPLE,1,1,1,False,-1
5508,DOUBLE,0,1,1,False,-1
5509,TRIPLE,1,1,1,False,-1
5510,TRIPLE,1,1,1,False,-1
5511,TRIPLE,1,1,1,False,-1
5512,TRIPLE,1,1,1,False,-1
5514,SINGLE,0,0,1,False,-1
5515,DOUBLE,0,1,1,False,-1
5516,TRIPLE,1,1,1,False,-1
5517,TRIPLE,1,1,1,False,-1
5518,TRIPLE,1,1,1,False,-1
5519,DOUBLE,0,1,1,False,-1
5520,TRIPLE,1,1,1,False,-1
5521,DOUBLE,0,1,1,False,-1
5522,TRIPLE,1,1,1,False,-1
5523,DOUBLE,0,1,1,False,-1
5524,SINGLE,0,0,1,False,-1
5525,DOUBLE,0,1,1,False,-1
5526,TRIPLE,1,1,1,False,-1
5527,DOUBLE,0,1,1,False,-1
5528,SINGLE,0,0,1,False,-1
5530,SINGLE,0,0,1,False,-1
5531,TRIPLE,1,1,1,False,-1
5532,DOUBLE,0,1,1,False,-1
5533,TRIPLE,1,1,1,False,-1
5534,DOUBLE,0,1,1,False,-1
5535,DOUBLE,0,1,1,False,-1
5536,DOUBLE,0,1,1,False,-1
5537,SINGLE,0,0,1,False,-1
5539,DOUBLE,0,1,1,False,-1
5540,DOUBLE,0,1,1,False,-1
5541,TRIPLE,1,1,1,False,-1
5543,TRIPLE,1,1,1,False,-1
5544,SINGLE,0,0,1,False,-1
5545,DOUBLE,0,1,1,False,-1
5546,DOUBLE,0,1,1,False,-1
5547,SINGLE,0,0,1,False,-1
5548,SINGLE,0,0,1,False,-1
5549,TRIPLE,1,1,1,False,-1
5550,DOUBLE,0,1,1,False,-1
5551,SINGLE,0,0,1,False,-1
5553,DOUBLE,0,1,1,False,-1
5554,TRIPLE,1,1,1,False,-1
5555,TRIPLE,1,1,1,False,-1
5556,DOUBLE,0,1,1,False,-1
5557,TRIPLE,1,1,1,False,-1
5558,SINGLE,0,0,1,False,-1
5560,TRIPLE,1,1,1,False,-1
5561,TRIPLE,1,1,1,False,-1
5562,DOUBLE,0,1,1,False,-1
5563,TRIPLE,1,1,1,False,-1
5565,DOUBLE,0,1,1,False,-1
5566,SINGLE,0,0,1,False,-1
5567,TRIPLE,1,1,1,False,-1
5568,DOUBLE,0,1,1,False,-1
5569,SINGLE,0,0,1,False,-1
5570,TRIPLE,1,1,1,False,-1
5571,TRIPLE,1,1,1,False,-1
5574,TRIPLE,1,1,1,False,-1
5575,DOUBLE,0,1,1,False,-1
5576,TRIPLE,1,1,1,False,-1
5577,TRIPLE,1,1,1,False,-1
5578,TRIPLE,1,1,1,False,-1
5579,DOUBLE,0,1,1,False,-1
5580,TRIPLE,1,1,1,False,-1
5581,TRIPLE,1,1,1,False,-1
5582,TRIPLE,1,1,1,False,-1
5583,TRIPLE,1,1,1,False,-1
5584,DOUBLE,0,1,1,False,-1
5585,DOUBLE,0,1,1,False,-1
5586,TRIPLE,1,1,1,False,-1
5587,TRIPLE,1,1,1,False,-1
5588,TRIPLE,1,1,1,False,-1
5589,TRIPLE,1,1,1,False,-1
5590,DOUBLE,0,1,1,False,-1
5591,TRIPLE,1,1,1,False,-1
5592,SINGLE,0,0,1,False,-1
5593,TRIPLE,1,1,1,False,-1
5594,TRIPLE,1,1,1,False,-1
5595,SINGLE,0,0,1,False,-1
5596,DOUBLE,0,1,1,False,-1
5597,TRIPLE,1,1,1,False,-1
5598,DOUBLE,0,1,1,False,-1
5599,TRIPLE,1,1,1,False,-1
5600,TRIPLE,1,1,1,False,-1
5601,TRIPLE,1,1,1,False,-1
5602,DOUBLE,0,1,1,False,-1
5603,TRIPLE,1,1,1,False,-1
5604,DOUBLE,0,1,1,False,-1
5605,TRIPLE,1,1,1,False,-1
5606,TRIPLE,1,1,1,False,-1
5607,DOUBLE,0,1,1,False,-1
5608,TRIPLE,1,1,1,False,-1
5609,TRIPLE,1,1,1,False,-1
5610,DOUBLE,0,1,1,False,-1
5611,TRIPLE,1,1,1,False,-1
5612,DOUBLE,0,1,1,False,-1
5613,DOUBLE,0,1,1,False,-1
5614,TRIPLE,1,1,1,False,-1
5615,TRIPLE,1,1,1,False,-1
5616,TRIPLE,1,1,1,False,-1
5617,TRIPLE,1,1,1,False,-1
5619,DOUBLE,0,1,1,False,-1
5620,DOUBLE,0,1,1,False,-1
5621,TRIPLE,1,1,1,False,-1
5622,TRIPLE,1,1,1,False,-1
5623,TRIPLE,1,1,1,False,-1
5624,DOUBLE,0,1,1,False,-1
5625,DOUBLE,0,1,1,False,-1
5626,TRIPLE,1,1,1,False,-1
5627,DOUBLE,0,1,1,False,-1
5629,TRIPLE,1,1,1,False,-1
5630,TRIPLE,1,1,1,False,-1
5631,TRIPLE,1,1,1,False,-1
5632,DOUBLE,0,1,1,False,-1
5633,SINGLE,0,0,1,False,-1
5634,TRIPLE,1,1,1,False,-1
5635,TRIPLE,1,1,1,False,-1
5636,TRIPLE,1,1,1,False,-1
5637,SINGLE,0,0,1,False,-1
5638,TRIPLE,1,1,1,False,-1
5639,DOUBLE,0,1,1,False,-1
5640,TRIPLE,1,1,1,False,-1
5641,TRIPLE,1,1,1,False,-1
5642,TRIPLE,1,1,1,False,-1
5644,TRIPLE,1,1,1,False,-1
5645,DOUBLE,0,1,1,False,-1
5646,SINGLE,0,0,1,False,-1
5647,TRIPLE,1,1,1,False,-1
5648,TRIPLE,1,1,1,False,-1
5651,DOUBLE,0,1,1,False,-1
5652,DOUBLE,0,1,1,False,-1
5653,TRIPLE,1,1,1,False,-1
5654,SINGLE,0,0,1,False,-1
5656,TRIPLE,1,1,1,False,-1
5657,TRIPLE,1,1,1,False,-1
5658,TRIPLE,1,1,1,False,-1
5659,TRIPLE,1,1,1,False,-1
5660,TRIPLE,1,1,1,False,-1
5661,DOUBLE,0,1,1,False,-1
5662,SINGLE,0,0,1,False,-1
5663,TRIPLE,1,1,1,False,-1
5664,TRIPLE,1,1,1,False,-1
5665,SINGLE,0,0,1,False,-1
5666,DOUBLE,0,1,1,False,-1
5667,DOUBLE,0,1,1,False,-1
5668,TRIPLE,1,1,1,False,-1
5669,DOUBLE,0,1,1,False,-1
5670,TRIPLE,1,1,1,False,-1
5671,TRIPLE,1,1,1,False,-1
5672,TRIPLE,1,1,1,False,-1
5673,TRIPLE,1,1,1,False,-1
5675,SINGLE,0,0,1,False,-1
5676,SINGLE,0,0,1,False,-1
5677,DOUBLE,0,1,1,False,-1
5678,TRIPLE,1,1,1,False,-1
5679,TRIPLE,1,1,1,False,-1
5680,SINGLE,0,0,1,False,-1
5681,SINGLE,0,0,1,False,-1
5683,TRIPLE,1,1,1,False,-1
5684,DOUBLE,0,1,1,False,-1
5685,TRIPLE,1,1,1,False,-1
5686,DOUBLE,0,1,1,False,-1
5687,TRIPLE,1,1,1,False,-1
5688,TRIPLE,1,1,1,False,-1
5689,TRIPLE,1,1,1,False,-1
5690,TRIPLE,1,1,1,False,-1
5691,TRIPLE,1,1,1,False,-1
5692,SINGLE,0,0,1,False,-1
5693,DOUBLE,0,1,1,False,-1
5694,TRIPLE,1,1,1,False,-1
5695,TRIPLE,1,1,1,False,-1
5696,TRIPLE,1,1,1,False,-1
5697,SINGLE,0,0,1,False,-1
5698,TRIPLE,1,1,1,False,-1
5699,SINGLE,0,0,1,False,-1
5700,TRIPLE,1,1,1,False,-1
5701,TRIPLE,1,1,1,False,-1
5702,TRIPLE,1,1,1,False,-1
5703,TRIPLE,1,1,1,False,-1
5704,TRIPLE,1,1,1,False,-1
5705,TRIPLE,1,1,1,False,-1
5706,DOUBLE,0,1,1,False,-1
5707,TRIPLE,1,1,1,False,-1
5708,TRIPLE,1,1,1,False,-1
5709,DOUBLE,0,1,1,False,-1
5710,TRIPLE,1,1,1,False,-1
5711,TRIPLE,1,1,1,False,-1
5712,DOUBLE,0,1,1,False,-1
5713,TRIPLE,1,1,1,False,-1
5714,SINGLE,0,0,1,False,-1
5715,SINGLE,0,0,1,False,-1
5716,TRIPLE,1,1,1,False,-1
5717,TRIPLE,1,1,1,False,-1
5718,TRIPLE,1,1,1,False,-1
5719,TRIPLE,1,1,1,False,-1
5720,DOUBLE,0,1,1,False,-1
5721,DOUBLE,0,1,1,False,-1
5722,TRIPLE,1,1,1,False,-1
5723,TRIPLE,1,1,1,False,-1
5724,TRIPLE,1,1,1,False,-1
5725,DOUBLE,0,1,1,False,-1
5726,SINGLE,0,0,1,False,-1
5727,TRIPLE,1,1,1,False,-1
5728,SINGLE,0,0,1,False,-1
5729,TRIPLE,1,1,1,False,-1
5731,TRIPLE,1,1,1,False,-1
5732,TRIPLE,1,1,1,False,-1
5733,SINGLE,0,0,1,False,-1
5735,DOUBLE,0,1,1,False,-1
5736,TRIPLE,1,1,1,False,-1
5737,TRIPLE,1,1,1,False,-1
5738,TRIPLE,1,1,1,False,-1
5739,DOUBLE,0,1,1,False,-1
5740,TRIPLE,1,1,1,False,-1
5741,SINGLE,0,0,1,False,-1
5742,TRIPLE,1,1,1,False,-1
5743,TRIPLE,1,1,1,False,-1
5744,DOUBLE,0,1,1,False,-1
5745,TRIPLE,1,1,1,False,-1
5746,DOUBLE,0,1,1,False,-1
5747,TRIPLE,1,1,1,False,-1
5748,TRIPLE,1,1,1,False,-1
5749,TRIPLE,1,1,1,False,-1
5750,TRIPLE,1,1,1,False,-1
5751,TRIPLE,1,1,1,False,-1
5752,TRIPLE,1,1,1,False,-1
5753,DOUBLE,0,1,1,False,-1
5755,TRIPLE,1,1,1,False,-1
5756,TRIPLE,1,1,1,False,-1
5757,TRIPLE,1,1,1,False,-1
5758,TRIPLE,1,1,1,False,-1
5759,TRIPLE,1,1,1,False,-1
5760,TRIPLE,1,1,1,False,-1
5761,TRIPLE,1,1,1,False,-1
5762,TRIPLE,1,1,1,False,-1
5763,TRIPLE,1,1,1,False,-1
5764,SINGLE,0,0,1,False,-1
5765,DOUBLE,0,1,1,False,-1
5766,TRIPLE,1,1,1,False,-1
5767,TRIPLE,1,1,1,False,-1
5768,TRIPLE,1,1,1,False,-1
5769,TRIPLE,1,1,1,False,-1
5770,TRIPLE,1,1,1,False,-1
5771,TRIPLE,1,1,1,False,-1
5773,TRIPLE,1,1,1,False,-1
5774,DOUBLE,0,1,1,False,-1
5775,DOUBLE,0,1,1,False,-1
5777,TRIPLE,1,1,1,False,-1
5778,DOUBLE,0,1,1,False,-1
5779,SINGLE,0,0,1,False,-1
5781,TRIPLE,1,1,1,False,-1
5782,TRIPLE,1,1,1,False,-1
5783,TRIPLE,1,1,1,False,-1
5785,DOUBLE,0,1,1,False,-1
5786,TRIPLE,1,1,1,False,-1
5787,TRIPLE,1,1,1,False,-1
5788,TRIPLE,1,1,1,False,-1
5789,TRIPLE,1,1,1,False,-1
5790,SINGLE,0,0,1,False,-1
5791,TRIPLE,1,1,1,False,-1
5792,SINGLE,0,0,1,False,-1
5793,DOUBLE,0,1,1,False,-1
5794,TRIPLE,1,1,1,False,-1
5795,TRIPLE,1,1,1,False,-1
5796,TRIPLE,1,1,1,False,-1
5797,TRIPLE,1,1,1,False,-1
5798,SINGLE,0,0,1,False,-1
5799,TRIPLE,1,1,1,False,-1
5800,SINGLE,0,0,1,False,-1
5801,TRIPLE,1,1,1,False,-1
5802,TRIPLE,1,1,1,False,-1
5803,SINGLE,0,0,1,False,-1
5804,DOUBLE,0,1,1,False,-1
5805,TRIPLE,1,1,1,False,-1
5806,TRIPLE,1,1,1,False,-1
5807,SINGLE,0,0,1,False,-1
5808,DOUBLE,0,1,1,False,-1
5809,SINGLE,0,0,1,False,-1
5810,TRIPLE,1,1,1,False,-1
5811,TRIPLE,1,1,1,False,-1
5812,TRIPLE,1,1,1,False,-1
5813,DOUBLE,0,1,1,False,-1
5814,TRIPLE,1,1,1,False,-1
5815,TRIPLE,1,1,1,False,-1
5816,TRIPLE,1,1,1,False,-1
5817,DOUBLE,0,1,1,False,-1
5818,TRIPLE,1,1,1,False,-1
5819,TRIPLE,1,1,1,False,-1
5820,TRIPLE,1,1,1,False,-1
5821,DOUBLE,0,1,1,False,-1
5822,TRIPLE,1,1,1,False,-1
5824,SINGLE,0,0,1,False,-1
5825,TRIPLE,1,1,1,False,-1
5826,TRIPLE,1,1,1,False,-1
5827,DOUBLE,0,1,1,False,-1
5828,SINGLE,0,0,1,False,-1
5829,TRIPLE,1,1,1,False,-1
5830,SINGLE,0,0,1,False,-1
5831,TRIPLE,1,1,1,False,-1
5832,DOUBLE,0,1,1,False,-1
5833,DOUBLE,0,1,1,False,-1
5834,SINGLE,0,0,1,False,-1
5835,TRIPLE,1,1,1,False,-1
5836,DOUBLE,0,1,1,False,-1
5838,TRIPLE,1,1,1,False,-1
5839,TRIPLE,1,1,1,False,-1
5841,DOUBLE,0,1,1,False,-1
5842,DOUBLE,0,1,1,False,-1
5843,DOUBLE,0,1,1,False,-1
5844,TRIPLE,1,1,1,False,-1
5845,DOUBLE,0,1,1,False,-1
5846,TRIPLE,1,1,1,False,-1
5847,DOUBLE,0,1,1,False,-1
5848,DOUBLE,0,1,1,False,-1
5849,TRIPLE,1,1,1,False,-1
5851,DOUBLE,0,1,1,False,-1
5853,TRIPLE,1,1,1,False,-1
5854,DOUBLE,0,1,1,False,-1
5856,DOUBLE,0,1,1,False,-1
5857,TRIPLE,1,1,1,False,-1
5858,DOUBLE,0,1,1,False,-1
5859,DOUBLE,0,1,1,False,-1
5860,DOUBLE,0,1,1,False,-1
5861,DOUBLE,0,1,1,False,-1
5862,TRIPLE,1,1,1,False,-1
5863,TRIPLE,1,1,1,False,-1
5864,DOUBLE,0,1,1,False,-1
5865,TRIPLE,1,1,1,False,-1
5866,TRIPLE,1,1,1,False,-1
5867,TRIPLE,1,1,1,False,-1
5868,TRIPLE,1,1,1,False,-1
5869,SINGLE,0,0,1,False,-1
5870,TRIPLE,1,1,1,False,-1
5871,DOUBLE,0,1,1,False,-1
5872,DOUBLE,0,1,1,False,-1
5873,TRIPLE,1,1,1,False,-1
5874,TRIPLE,1,1,1,False,-1
5875,TRIPLE,1,1,1,False,-1
5876,TRIPLE,1,1,1,False,-1
5877,DOUBLE,0,1,1,False,-1
5878,TRIPLE,1,1,1,False,-1
5879,TRIPLE,1,1,1,False,-1
5880,DOUBLE,0,1,1,False,-1
5881,TRIPLE,1,1,1,False,-1
5882,DOUBLE,0,1,1,False,-1
5883,SINGLE,0,0,1,False,-1
5886,DOUBLE,0,1,1,False,-1
5887,DOUBLE,0,1,1,False,-1
5888,TRIPLE,1,1,1,False,-1
5889,TRIPLE,1,1,1,False,-1
5890,DOUBLE,0,1,1,False,-1
5892,SINGLE,0,0,1,False,-1
5893,TRIPLE,1,1,1,False,-1
5894,TRIPLE,1,1,1,False,-1
5895,SINGLE,0,0,1,False,-1
5896,DOUBLE,0,1,1,False,-1
5897,DOUBLE,0,1,1,False,-1
5898,TRIPLE,1,1,1,False,-1
5900,TRIPLE,1,1,1,False,-1
5901,TRIPLE,1,1,1,False,-1
5902,TRIPLE,1,1,1,False,-1
5903,DOUBLE,0,1,1,False,-1
5904,DOUBLE,0,1,1,False,-1
5905,DOUBLE,0,1,1,False,-1
5906,TRIPLE,1,1,1,False,-1
5907,SINGLE,0,0,1,False,-1
5908,TRIPLE,1,1,1,False,-1
5909,DOUBLE,0,1,1,False,-1
5910,TRIPLE,1,1,1,False,-1
5911,TRIPLE,1,1,1,False,-1
5912,TRIPLE,1,1,1,False,-1
5913,TRIPLE,1,1,1,False,-1
5914,TRIPLE,1,1,1,False,-1
5915,SINGLE,0,0,1,False,-1
5916,DOUBLE,0,1,1,False,-1
5917,DOUBLE,0,1,1,False,-1
5918,TRIPLE,1,1,1,False,-1
5919,TRIPLE,1,1,1,False,-1
5920,DOUBLE,0,1,1,False,-1
5921,DOUBLE,0,1,1,False,-1
5922,TRIPLE,1,1,1,False,-1
5923,TRIPLE,1,1,1,False,-1
5924,DOUBLE,0,1,1,False,-1
5925,TRIPLE,1,1,1,False,-1
5926,DOUBLE,0,1,1,False,-1
5927,TRIPLE,1,1,1,False,-1
5929,TRIPLE,1,1,1,False,-1
5930,DOUBLE,0,1,1,False,-1
5931,TRIPLE,1,1,1,False,-1
5932,TRIPLE,1,1,1,False,-1
5933,TRIPLE,1,1,1,False,-1
5934,TRIPLE,1,1,1,False,-1
5935,DOUBLE,0,1,1,False,-1
5936,DOUBLE,0,1,1,False,-1
5937,TRIPLE,1,1,1,False,-1
5938,TRIPLE,1,1,1,False,-1
5939,TRIPLE,1,1,1,False,-1
5940,TRIPLE,1,1,1,False,-1
5941,TRIPLE,1,1,1,False,-1
5942,DOUBLE,0,1,1,False,-1
5943,SINGLE,0,0,1,False,-1
5944,SINGLE,0,0,1,False,-1
5945,SINGLE,0,0,1,False,-1
5946,DOUBLE,0,1,1,False,-1
5947,TRIPLE,1,1,1,False,-1
5948,DOUBLE,0,1,1,False,-1
5949,SINGLE,0,0,1,False,-1
5950,SINGLE,0,0,1,False,-1
5951,DOUBLE,0,1,1,False,-1
5952,TRIPLE,1,1,1,False,-1
5954,TRIPLE,1,1,1,False,-1
5955,TRIPLE,1,1,1,False,-1
5956,DOUBLE,0,1,1,False,-1
5957,TRIPLE,1,1,1,False,-1
5958,TRIPLE,1,1,1,False,-1
5959,TRIPLE,1,1,1,False,-1
5960,TRIPLE,1,1,1,False,-1
5961,DOUBLE,0,1,1,False,-1
5962,DOUBLE,0,1,1,False,-1
5963,SINGLE,0,0,1,False,-1
5964,TRIPLE,1,1,1,False,-1
5965,DOUBLE,0,1,1,False,-1
5966,TRIPLE,1,1,1,False,-1
5967,TRIPLE,1,1,1,False,-1
5968,TRIPLE,1,1,1,False,-1
5969,DOUBLE,0,1,1,False,-1
5970,TRIPLE,1,1,1,False,-1
5971,TRIPLE,1,1,1,False,-1
5972,DOUBLE,0,1,1,False,-1
5973,TRIPLE,1,1,1,False,-1
5974,DOUBLE,0,1,1,False,-1
5975,DOUBLE,0,1,1,False,-1
5976,TRIPLE,1,1,1,False,-1
5977,TRIPLE,1,1,1,False,-1
5978,DOUBLE,0,1,1,False,-1
5979,SINGLE,0,0,1,False,-1
5980,TRIPLE,1,1,1,False,-1
5981,TRIPLE,1,1,1,False,-1
5982,TRIPLE,1,1,1,False,-1
5983,TRIPLE,1,1,1,False,-1
5984,TRIPLE,1,1,1,False,-1
5985,TRIPLE,1,1,1,False,-1
5986,DOUBLE,0,1,1,False,-1
5987,TRIPLE,1,1,1,False,-1
5988,DOUBLE,0,1,1,False,-1
5989,TRIPLE,1,1,1,False,-1
5990,TRIPLE,1,1,1,False,-1
5991,SINGLE,0,0,1,False,-1
5992,TRIPLE,1,1,1,False,-1
5993,DOUBLE,0,1,1,False,-1
5994,TRIPLE,1,1,1,False,-1
5995,TRIPLE,1,1,1,False,-1
5996,TRIPLE,1,1,1,False,-1
5997,SINGLE,0,0,1,False,-1
5998,DOUBLE,0,1,1,False,-1
5999,TRIPLE,1,1,1,False,-1
6000,SINGLE,0,0,1,False,-1
6001,TRIPLE,1,1,1,False,-1
6002,SINGLE,0,0,1,False,-1
6003,DOUBLE,0,1,1,False,-1
6004,TRIPLE,1,1,1,False,-1
6005,DOUBLE,0,1,1,False,-1
6006,DOUBLE,0,1,1,False,-1
6008,TRIPLE,1,1,1,False,-1
6009,TRIPLE,1,1,1,False,-1
6010,TRIPLE,1,1,1,False,-1
6011,SINGLE,0,0,1,False,-1
6012,DOUBLE,0,1,1,False,-1
6013,TRIPLE,1,1,1,False,-1
6014,SINGLE,0,0,1,False,-1
6015,DOUBLE,0,1,1,False,-1
6016,DOUBLE,0,1,1,False,-1
6017,DOUBLE,0,1,1,False,-1
6018,TRIPLE,1,1,1,False,-1
6019,TRIPLE,1,1,1,False,-1
6020,TRIPLE,1,1,1,False,-1
6021,SINGLE,0,0,1,False,-1
6022,SINGLE,0,0,1,False,-1
6023,DOUBLE,0,1,1,False,-1
6026,DOUBLE,0,1,1,False,-1
6029,TRIPLE,1,1,1,False,-1
6030,DOUBLE,0,1,1,False,-1
6031,TRIPLE,1,1,1,False,-1
6032,SINGLE,0,0,1,False,-1
6033,TRIPLE,1,1,1,False,-1
6034,DOUBLE,0,1,1,False,-1
6035,TRIPLE,1,1,1,False,-1
6036,TRIPLE,1,1,1,False,-1
6037,TRIPLE,1,1,1,False,-1
6038,TRIPLE,1,1,1,False,-1
6040,TRIPLE,1,1,1,False,-1
6041,TRIPLE,1,1,1,False,-1
6042,TRIPLE,1,1,1,False,-1
6043,SINGLE,0,0,1,False,-1
6045,TRIPLE,1,1,1,False,-1
6046,TRIPLE,1,1,1,False,-1
6047,TRIPLE,1,1,1,False,-1
6048,SINGLE,0,0,1,False,-1
6049,DOUBLE,0,1,1,False,-1
6051,TRIPLE,1,1,1,False,-1
6052,SINGLE,0,0,1,False,-1
6053,TRIPLE,1,1,1,False,-1
6054,TRIPLE,1,1,1,False,-1
6055,DOUBLE,0,1,1,False,-1
6056,TRIPLE,1,1,1,False,-1
6057,TRIPLE,1,1,1,False,-1
6058,TRIPLE,1,1,1,False,-1
6059,TRIPLE,1,1,1,False,-1
6060,TRIPLE,1,1,1,False,-1
6061,TRIPLE,1,1,1,False,-1
6062,SINGLE,0,0,1,False,-1
6063,TRIPLE,1,1,1,False,-1
6064,DOUBLE,0,1,1,False,-1
6065,SINGLE,0,0,1,False,-1
6066,TRIPLE,1,1,1,False,-1
6067,TRIPLE,1,1,1,False,-1
6068,SINGLE,0,0,1,False,-1
6069,DOUBLE,0,1,1,False,-1
6070,DOUBLE,0,1,1,False,-1
6071,TRIPLE,1,1,1,False,-1
6073,DOUBLE,0,1,1,False,-1
6074,SINGLE,0,0,1,False,-1
6075,TRIPLE,1,1,1,False,-1
6076,DOUBLE,0,1,1,False,-1
6077,DOUBLE,0,1,1,False,-1
6078,DOUBLE,0,1,1,False,-1
6079,DOUBLE,0,1,1,False,-1
6080,DOUBLE,0,1,1,False,-1
6081,TRIPLE,1,1,1,False,-1
6082,TRIPLE,1,1,1,False,-1
6083,TRIPLE,1,1,1,False,-1
6084,DOUBLE,0,1,1,False,-1
6085,DOUBLE,0,1,1,False,-1
6086,DOUBLE,0,1,1,False,-1
6087,TRIPLE,1,1,1,False,-1
6088,SINGLE,0,0,1,False,-1
6089,TRIPLE,1,1,1,False,-1
6090,DOUBLE,0,1,1,False,-1
6091,DOUBLE,0,1,1,False,-1
6092,TRIPLE,1,1,1,False,-1
6093,DOUBLE,0,1,1,False,-1
6094,TRIPLE,1,1,1,False,-1
6095,TRIPLE,1,1,1,False,-1
6096,DOUBLE,0,1,1,False,-1
6097,TRIPLE,1,1,1,False,-1
6098,TRIPLE,1,1,1,False,-1
6099,TRIPLE,1,1,1,False,-1
6100,TRIPLE,1,1,1,False,-1
6101,DOUBLE,0,1,1,False,-1
6102,TRIPLE,1,1,1,False,-1
6103,SINGLE,0,0,1,False,-1
6104,DOUBLE,0,1,1,False,-1
6105,TRIPLE,1,1,1,False,-1
6106,TRIPLE,1,1,1,False,-1
6109,SINGLE,0,0,1,False,-1
6110,DOUBLE,0,1,1,False,-1
6111,DOUBLE,0,1,1,False,-1
6112,TRIPLE,1,1,1,False,-1
6114,TRIPLE,1,1,1,False,-1
6115,SINGLE,0,0,1,False,-1
6116,DOUBLE,0,1,1,False,-1
6117,SINGLE,0,0,1,False,-1
6118,DOUBLE,0,1,1,False,-1
6119,SINGLE,0,0,1,False,-1
6120,TRIPLE,1,1,1,False,-1
6121,SINGLE,0,0,1,False,-1
6123,TRIPLE,1,1,1,False,-1
6124,SINGLE,0,0,1,False,-1
6125,TRIPLE,1,1,1,False,-1
6126,DOUBLE,0,1,1,False,-1
6127,TRIPLE,1,1,1,False,-1
6128,TRIPLE,1,1,1,False,-1
6129,DOUBLE,0,1,1,False,-1
6130,DOUBLE,0,1,1,False,-1
6131,DOUBLE,0,1,1,False,-1
6132,TRIPLE,1,1,1,False,-1
6133,DOUBLE,0,1,1,False,-1
6134,TRIPLE,1,1,1,False,-1
6135,TRIPLE,1,1,1,False,-1
6137,TRIPLE,1,1,1,False,-1
6138,SINGLE,0,0,1,False,-1
6139,SINGLE,0,0,1,False,-1
6140,DOUBLE,0,1,1,False,-1
6141,TRIPLE,1,1,1,False,-1
6142,TRIPLE,1,1,1,False,-1
6143,TRIPLE,1,1,1,False,-1
6144,TRIPLE,1,1,1,False,-1
6145,DOUBLE,0,1,1,False,-1
6146,TRIPLE,1,1,1,False,-1
6147,TRIPLE,1,1,1,False,-1
6149,TRIPLE,1,1,1,False,-1
6150,TRIPLE,1,1,1,False,-1
6151,TRIPLE,1,1,1,False,-1
6153,TRIPLE,1,1,1,False,-1
6154,SINGLE,0,0,1,False,-1
6155,TRIPLE,1,1,1,False,-1
6156,SINGLE,0,0,1,False,-1
6158,TRIPLE,1,1,1,False,-1
6161,TRIPLE,1,1,1,False,-1
6162,DOUBLE,0,1,1,False,-1
6163,DOUBLE,0,1,1,False,-1
6164,TRIPLE,1,1,1,False,-1
6167,SINGLE,0,0,1,False,-1
6168,TRIPLE,1,1,1,False,-1
6169,TRIPLE,1,1,1,False,-1
6170,SINGLE,0,0,1,False,-1
6171,TRIPLE,1,1,1,False,-1
6172,TRIPLE,1,1,1,False,-1
6173,DOUBLE,0,1,1,False,-1
6174,TRIPLE,1,1,1,False,-1
6175,DOUBLE,0,1,1,False,-1
6176,DOUBLE,0,1,1,False,-1
6177,TRIPLE,1,1,1,False,-1
6178,TRIPLE,1,1,1,False,-1
6179,DOUBLE,0,1,1,False,-1
6180,TRIPLE,1,1,1,False,-1
6181,TRIPLE,1,1,1,False,-1
6183,SINGLE,0,0,1,False,-1
6184,DOUBLE,0,1,1,False,-1
6185,TRIPLE,1,1,1,False,-1
6186,DOUBLE,0,1,1,False,-1
6187,TRIPLE,1,1,1,False,-1
6188,TRIPLE,1,1,1,False,-1
6189,SINGLE,0,0,1,False,-1
6190,TRIPLE,1,1,1,False,-1
6192,TRIPLE,1,1,1,False,-1
6193,TRIPLE,1,1,1,False,-1
6194,SINGLE,0,0,1,False,-1
6196,TRIPLE,1,1,1,False,-1
6197,TRIPLE,1,1,1,False,-1
6198,TRIPLE,1,1,1,False,-1
6199,TRIPLE,1,1,1,False,-1
6201,DOUBLE,0,1,1,False,-1
6202,TRIPLE,1,1,1,False,-1
6203,SINGLE,0,0,1,False,-1
6204,TRIPLE,1,1,1,False,-1
6205,TRIPLE,1,1,1,False,-1
6206,SINGLE,0,0,1,False,-1
6207,TRIPLE,1,1,1,False,-1
6208,DOUBLE,0,1,1,False,-1
6209,DOUBLE,0,1,1,False,-1
6210,DOUBLE,0,1,1,False,-1
6211,DOUBLE,0,1,1,False,-1
6212,SINGLE,0,0,1,False,-1
6213,DOUBLE,0,1,1,False,-1
6214,DOUBLE,0,1,1,False,-1
6215,DOUBLE,0,1,1,False,-1
6216,DOUBLE,0,1,1,False,-1
6217,TRIPLE,1,1,1,False,-1
6218,DOUBLE,0,1,1,False,-1
6219,DOUBLE,0,1,1,False,-1
6220,TRIPLE,1,1,1,False,-1
6221,SINGLE,0,0,1,False,-1
6222,TRIPLE,1,1,1,False,-1
6223,TRIPLE,1,1,1,False,-1
6224,DOUBLE,0,1,1,False,-1
6225,TRIPLE,1,1,1,False,-1
6226,DOUBLE,0,1,1,False,-1
6228,TRIPLE,1,1,1,False,-1
6229,DOUBLE,0,1,1,False,-1
6231,TRIPLE,1,1,1,False,-1
6232,SINGLE,0,0,1,False,-1
6234,TRIPLE,1,1,1,False,-1
6235,TRIPLE,1,1,1,False,-1
6236,TRIPLE,1,1,1,False,-1
6237,SINGLE,0,0,1,False,-1
6238,DOUBLE,0,1,1,False,-1
6239,TRIPLE,1,1,1,False,-1
6240,TRIPLE,1,1,1,False,-1
6241,TRIPLE,1,1,1,False,-1
6242,TRIPLE,1,1,1,False,-1
6243,SINGLE,0,0,1,False,-1
6244,DOUBLE,0,1,1,False,-1
6245,DOUBLE,0,1,1,False,-1
6247,TRIPLE,1,1,1,False,-1
6248,DOUBLE,0,1,1,False,-1
6249,TRIPLE,1,1,1,False,-1
6250,SINGLE,0,0,1,False,-1
6251,DOUBLE,0,1,1,False,-1
6252,TRIPLE,1,1,1,False,-1
6253,TRIPLE,1,1,1,False,-1
6254,TRIPLE,1,1,1,False,-1
6255,DOUBLE,0,1,1,False,-1
6256,TRIPLE,1,1,1,False,-1
6257,DOUBLE,0,1,1,False,-1
6258,TRIPLE,1,1,1,False,-1
6260,DOUBLE,0,1,1,False,-1
6261,TRIPLE,1,1,1,False,-1
6262,TRIPLE,1,1,1,False,-1
6263,DOUBLE,0,1,1,False,-1
6264,DOUBLE,0,1,1,False,-1
6265,TRIPLE,1,1,1,False,-1
6266,TRIPLE,1,1,1,False,-1
6268,TRIPLE,1,1,1,False,-1
6269,DOUBLE,0,1,1,False,-1
6270,TRIPLE,1,1,1,False,-1
6271,SINGLE,0,0,1,False,-1
6272,DOUBLE,0,1,1,False,-1
6274,DOUBLE,0,1,1,False,-1
6275,TRIPLE,1,1,1,False,-1
6276,TRIPLE,1,1,1,False,-1
6277,SINGLE,0,0,1,False,-1
6278,DOUBLE,0,1,1,False,-1
6279,TRIPLE,1,1,1,False,-1
6281,TRIPLE,1,1,1,False,-1
6282,DOUBLE,0,1,1,False,-1
6283,TRIPLE,1,1,1,False,-1
6284,TRIPLE,1,1,1,False,-1
6285,TRIPLE,1,1,1,False,-1
6286,TRIPLE,1,1,1,False,-1
6287,TRIPLE,1,1,1,False,-1
6288,TRIPLE,1,1,1,False,-1
6289,DOUBLE,0,1,1,False,-1
6291,TRIPLE,1,1,1,False,-1
6292,TRIPLE,1,1,1,False,-1
6293,DOUBLE,0,1,1,False,-1
6294,SINGLE,0,0,1,False,-1
6295,DOUBLE,0,1,1,False,-1
6296,TRIPLE,1,1,1,False,-1
6297,DOUBLE,0,1,1,False,-1
6298,SINGLE,0,0,1,False,-1
6299,TRIPLE,1,1,1,False,-1
6300,TRIPLE,1,1,1,False,-1
6301,TRIPLE,1,1,1,False,-1
6302,TRIPLE,1,1,1,False,-1
6304,SINGLE,0,0,1,False,-1
6305,TRIPLE,1,1,1,False,-1
6306,TRIPLE,1,1,1,False,-1
6307,TRIPLE,1,1,1,False,-1
6308,TRIPLE,1,1,1,False,-1
6309,TRIPLE,1,1,1,False,-1
6310,TRIPLE,1,1,1,False,-1
6313,TRIPLE,1,1,1,False,-1
6314,TRIPLE,1,1,1,False,-1
6315,DOUBLE,0,1,1,False,-1
6316,DOUBLE,0,1,1,False,-1
6317,DOUBLE,0,1,1,False,-1
6319,DOUBLE,0,1,1,False,-1
6320,SINGLE,0,0,1,False,-1
6321,TRIPLE,1,1,1,False,-1
6322,TRIPLE,1,1,1,False,-1
6323,DOUBLE,0,1,1,False,-1
6324,DOUBLE,0,1,1,False,-1
6325,DOUBLE,0,1,1,False,-1
6327,TRIPLE,1,1,1,False,-1
6328,DOUBLE,0,1,1,False,-1
6329,SINGLE,0,0,1,False,-1
6330,TRIPLE,1,1,1,False,-1
6331,TRIPLE,1,1,1,False,-1
6332,SINGLE,0,0,1,False,-1
6333,SINGLE,0,0,1,False,-1
6334,DOUBLE,0,1,1,False,-1
6335,TRIPLE,1,1,1,False,-1
6336,TRIPLE,1,1,1,False,-1
6337,TRIPLE,1,1,1,False,-1
6338,SINGLE,0,0,1,False,-1
6339,SINGLE,0,0,1,False,-1
6340,SINGLE,0,0,1,False,-1
6341,DOUBLE,0,1,1,False,-1
6343,SINGLE,0,0,1,False,-1
6344,TRIPLE,1,1,1,False,-1
6345,TRIPLE,1,1,1,False,-1
6346,TRIPLE,1,1,1,False,-1
6347,SINGLE,0,0,1,False,-1
6348,SINGLE,0,0,1,False,-1
6349,TRIPLE,1,1,1,False,-1
6350,TRIPLE,1,1,1,False,-1
6351,TRIPLE,1,1,1,False,-1
6352,TRIPLE,1,1,1,False,-1
6354,DOUBLE,0,1,1,False,-1
6355,TRIPLE,1,1,1,False,-1
6357,TRIPLE,1,1,1,False,-1
6358,TRIPLE,1,1,1,False,-1
6360,DOUBLE,0,1,1,False,-1
6361,TRIPLE,1,1,1,False,-1
6362,DOUBLE,0,1,1,False,-1
6363,DOUBLE,0,1,1,False,-1
6364,SINGLE,0,0,1,False,-1
6365,SINGLE,0,0,1,False,-1
6366,DOUBLE,0,1,1,False,-1
6367,TRIPLE,1,1,1,False,-1
6368,TRIPLE,1,1,1,False,-1
6369,SINGLE,0,0,1,False,-1
6370,DOUBLE,0,1,1,False,-1
6371,TRIPLE,1,1,1,False,-1
6372,TRIPLE,1,1,1,False,-1
6373,TRIPLE,1,1,1,False,-1
6374,DOUBLE,0,1,1,False,-1
6376,DOUBLE,0,1,1,False,-1
6377,TRIPLE,1,1,1,False,-1
6378,SINGLE,0,0,1,False,-1
6379,TRIPLE,1,1,1,False,-1
6380,SINGLE,0,0,1,False,-1
6381,TRIPLE,1,1,1,False,-1
6383,TRIPLE,1,1,1,False,-1
6384,TRIPLE,1,1,1,False,-1
6385,DOUBLE,0,1,1,False,-1
6386,TRIPLE,1,1,1,False,-1
6387,TRIPLE,1,1,1,False,-1
6388,TRIPLE,1,1,1,False,-1
6389,DOUBLE,0,1,1,False,-1
6390,TRIPLE,1,1,1,False,-1
6391,DOUBLE,0,1,1,False,-1
6392,TRIPLE,1,1,1,False,-1
6393,DOUBLE,0,1,1,False,-1
6394,SINGLE,0,0,1,False,-1
6395,DOUBLE,0,1,1,False,-1
6396,TRIPLE,1,1,1,False,-1
6397,TRIPLE,1,1,1,False,-1
6398,DOUBLE,0,1,1,False,-1
6399,TRIPLE,1,1,1,False,-1
6400,TRIPLE,1,1,1,False,-1
6401,DOUBLE,0,1,1,False,-1
6403,SINGLE,0,0,1,False,-1
6404,DOUBLE,0,1,1,False,-1
6405,TRIPLE,1,1,1,False,-1
6406,TRIPLE,1,1,1,False,-1
6407,SINGLE,0,0,1,False,-1
6408,TRIPLE,1,1,1,False,-1
6409,TRIPLE,1,1,1,False,-1
6410,TRIPLE,1,1,1,False,-1
6411,TRIPLE,1,1,1,False,-1
6412,DOUBLE,0,1,1,False,-1
6413,TRIPLE,1,1,1,False,-1
6414,TRIPLE,1,1,1,False,-1
6415,SINGLE,0,0,1,False,-1
6416,DOUBLE,0,1,1,False,-1
6417,DOUBLE,0,1,1,False,-1
6418,TRIPLE,1,1,1,False,-1
6419,DOUBLE,0,1,1,False,-1
6420,TRIPLE,1,1,1,False,-1
6421,DOUBLE,0,1,1,False,-1
6422,TRIPLE,1,1,1,False,-1
6423,DOUBLE,0,1,1,False,-1
6424,DOUBLE,0,1,1,False,-1
6425,DOUBLE,0,1,1,False,-1
6426,DOUBLE,0,1,1,False,-1
6427,DOUBLE,0,1,1,False,-1
6428,TRIPLE,1,1,1,False,-1
6429,SINGLE,0,0,1,False,-1
6430,DOUBLE,0,1,1,False,-1
6431,TRIPLE,1,1,1,False,-1
6432,TRIPLE,1,1,1,False,-1
6433,TRIPLE,1,1,1,False,-1
6434,DOUBLE,0,1,1,False,-1
6436,TRIPLE,1,1,1,False,-1
6437,DOUBLE,0,1,1,False,-1
6438,DOUBLE,0,1,1,False,-1
6439,SINGLE,0,0,1,False,-1
6440,TRIPLE,1,1,1,False,-1
6441,TRIPLE,1,1,1,False,-1
6442,DOUBLE,0,1,1,False,-1
6444,TRIPLE,1,1,1,False,-1
6446,TRIPLE,1,1,1,False,-1
6447,DOUBLE,0,1,1,False,-1
6449,DOUBLE,0,1,1,False,-1
6450,TRIPLE,1,1,1,False,-1
6451,SINGLE,0,0,1,False,-1
6452,TRIPLE,1,1,1,False,-1
6453,TRIPLE,1,1,1,False,-1
6454,DOUBLE,0,1,1,False,-1
6455,SINGLE,0,0,1,False,-1
6456,DOUBLE,0,1,1,False,-1
6457,TRIPLE,1,1,1,False,-1
6458,TRIPLE,1,1,1,False,-1
6459,DOUBLE,0,1,1,False,-1
6460,TRIPLE,1,1,1,False,-1
6461,DOUBLE,0,1,1,False,-1
6462,TRIPLE,1,1,1,False,-1
6463,DOUBLE,0,1,1,False,-1
6464,TRIPLE,1,1,1,False,-1
6465,TRIPLE,1,1,1,False,-1
6466,SINGLE,0,0,1,False,-1
6467,TRIPLE,1,1,1,False,-1
6468,DOUBLE,0,1,1,False,-1
6469,TRIPLE,1,1,1,False,-1
6470,SINGLE,0,0,1,False,-1
6471,TRIPLE,1,1,1,False,-1
6474,DOUBLE,0,1,1,False,-1
6476,TRIPLE,1,1,1,False,-1
6478,SINGLE,0,0,1,False,-1
6479,TRIPLE,1,1,1,False,-1
6480,TRIPLE,1,1,1,False,-1
6481,TRIPLE,1,1,1,False,-1
6482,DOUBLE,0,1,1,False,-1
6483,SINGLE,0,0,1,False,-1
6485,DOUBLE,0,1,1,False,-1
6486,TRIPLE,1,1,1,False,-1
6487,TRIPLE,1,1,1,False,-1
6488,TRIPLE,1,1,1,False,-1
6489,TRIPLE,1,1,1,False,-1
6490,SINGLE,0,0,1,False,-1
6491,DOUBLE,0,1,1,False,-1
6492,TRIPLE,1,1,1,False,-1
6493,SINGLE,0,0,1,False,-1
6494,TRIPLE,1,1,1,False,-1
6495,DOUBLE,0,1,1,False,-1
6496,TRIPLE,1,1,1,False,-1
6497,SINGLE,0,0,1,False,-1
6498,TRIPLE,1,1,1,False,-1
6499,TRIPLE,1,1,1,False,-1
6500,DOUBLE,0,1,1,False,-1
6501,TRIPLE,1,1,1,False,-1
6502,TRIPLE,1,1,1,False,-1
6503,DOUBLE,0,1,1,False,-1
6504,DOUBLE,0,1,1,False,-1
6505,TRIPLE,1,1,1,False,-1
6506,DOUBLE,0,1,1,False,-1
6507,DOUBLE,0,1,1,False,-1
6508,TRIPLE,1,1,1,False,-1
6509,DOUBLE,0,1,1,False,-1
6510,DOUBLE,0,1,1,False,-1
6511,SINGLE,0,0,1,False,-1
6513,DOUBLE,0,1,1,False,-1
6514,TRIPLE,1,1,1,False,-1
6515,DOUBLE,0,1,1,False,-1
6516,SINGLE,0,0,1,False,-1
6517,DOUBLE,0,1,1,False,-1
6518,TRIPLE,1,1,1,False,-1
6519,TRIPLE,1,1,1,False,-1
6520,TRIPLE,1,1,1,False,-1
6521,DOUBLE,0,1,1,False,-1
6522,DOUBLE,0,1,1,False,-1
6523,DOUBLE,0,1,1,False,-1
6525,DOUBLE,0,1,1,False,-1
6526,TRIPLE,1,1,1,False,-1
6527,DOUBLE,0,1,1,False,-1
6529,TRIPLE,1,1,1,False,-1
6530,DOUBLE,0,1,1,False,-1
6531,SINGLE,0,0,1,False,-1
6533,TRIPLE,1,1,1,False,-1
6534,TRIPLE,1,1,1,False,-1
6537,TRIPLE,1,1,1,False,-1
6538,TRIPLE,1,1,1,False,-1
6539,TRIPLE,1,1,1,False,-1
6540,DOUBLE,0,1,1,False,-1
6541,DOUBLE,0,1,1,False,-1
6542,TRIPLE,1,1,1,False,-1
6543,DOUBLE,0,1,1,False,-1
6545,TRIPLE,1,1,1,False,-1
6546,SINGLE,0,0,1,False,-1
6547,SINGLE,0,0,1,False,-1
6549,TRIPLE,1,1,1,False,-1
6550,TRIPLE,1,1,1,False,-1
6551,SINGLE,0,0,1,False,-1
6552,DOUBLE,0,1,1,False,-1
6553,DOUBLE,0,1,1,False,-1
6554,TRIPLE,1,1,1,False,-1
6555,TRIPLE,1,1,1,False,-1
6556,DOUBLE,0,1,1,False,-1
6557,TRIPLE,1,1,1,False,-1
6558,DOUBLE,0,1,1,False,-1
6559,SINGLE,0,0,1,False,-1
6560,TRIPLE,1,1,1,False,-1
6561,TRIPLE,1,1,1,False,-1
6562,TRIPLE,1,1,1,False,-1
6563,DOUBLE,0,1,1,False,-1
6564,TRIPLE,1,1,1,False,-1
6565,DOUBLE,0,1,1,False,-1
6566,TRIPLE,1,1,1,False,-1
6567,TRIPLE,1,1,1,False,-1
6568,TRIPLE,1,1,1,False,-1
6569,SINGLE,0,0,1,False,-1
6570,SINGLE,0,0,1,False,-1
6571,DOUBLE,0,1,1,False,-1
6572,TRIPLE,1,1,1,False,-1
6573,DOUBLE,0,1,1,False,-1
6574,TRIPLE,1,1,1,False,-1
6575,SINGLE,0,0,1,False,-1
6576,DOUBLE,0,1,1,False,-1
6577,TRIPLE,1,1,1,False,-1
6578,TRIPLE,1,1,1,False,-1
6579,SINGLE,0,0,1,False,-1
6580,SINGLE,0,0,1,False,-1
6582,TRIPLE,1,1,1,False,-1
6583,DOUBLE,0,1,1,False,-1
6584,DOUBLE,0,1,1,False,-1
6585,DOUBLE,0,1,1,False,-1
6586,TRIPLE,1,1,1,False,-1
6587,TRIPLE,1,1,1,False,-1
6588,TRIPLE,1,1,1,False,-1
6589,DOUBLE,0,1,1,False,-1
6590,TRIPLE,1,1,1,False,-1
6591,DOUBLE,0,1,1,False,-1
6592,TRIPLE,1,1,1,False,-1
6593,SINGLE,0,0,1,False,-1
6594,TRIPLE,1,1,1,False,-1
6596,DOUBLE,0,1,1,False,-1
6597,TRIPLE,1,1,1,False,-1
6598,TRIPLE,1,1,1,False,-1
6600,TRIPLE,1,1,1,False,-1
6601,DOUBLE,0,1,1,False,-1
6602,DOUBLE,0,1,1,False,-1
6603,TRIPLE,1,1,1,False,-1
6604,DOUBLE,0,1,1,False,-1
6605,TRIPLE,1,1,1,False,-1
6606,DOUBLE,0,1,1,False,-1
6607,DOUBLE,0,1,1,False,-1
6608,DOUBLE,0,1,1,False,-1
6609,TRIPLE,1,1,1,False,-1
6610,TRIPLE,1,1,1,False,-1
6611,SINGLE,0,0,1,False,-1
6612,TRIPLE,1,1,1,False,-1
6613,DOUBLE,0,1,1,False,-1
6614,TRIPLE,1,1,1,False,-1
6615,TRIPLE,1,1,1,False,-1
6616,SINGLE,0,0,1,False,-1
6617,TRIPLE,1,1,1,False,-1
6618,DOUBLE,0,1,1,False,-1
6619,TRIPLE,1,1,1,False,-1
6620,SINGLE,0,0,1,False,-1
6621,TRIPLE,1,1,1,False,-1
6622,TRIPLE,1,1,1,False,-1
6623,DOUBLE,0,1,1,False,-1
6624,TRIPLE,1,1,1,False,-1
6625,TRIPLE,1,1,1,False,-1
6626,DOUBLE,0,1,1,False,-1
6627,DOUBLE,0,1,1,False,-1
6629,TRIPLE,1,1,1,False,-1
6630,DOUBLE,0,1,1,False,-1
6631,TRIPLE,1,1,1,False,-1
6633,TRIPLE,1,1,1,False,-1
6634,DOUBLE,0,1,1,False,-1
6636,TRIPLE,1,1,1,False,-1
6637,TRIPLE,1,1,1,False,-1
6638,SINGLE,0,0,1,False,-1
6639,TRIPLE,1,1,1,False,-1
6640,DOUBLE,0,1,1,False,-1
6641,TRIPLE,1,1,1,False,-1
6642,TRIPLE,1,1,1,False,-1
6643,TRIPLE,1,1,1,False,-1
6645,TRIPLE,1,1,1,False,-1
6646,DOUBLE,0,1,1,False,-1
6648,TRIPLE,1,1,1,False,-1
6649,TRIPLE,1,1,1,False,-1
6650,DOUBLE,0,1,1,False,-1
6651,SINGLE,0,0,1,False,-1
6652,TRIPLE,1,1,1,False,-1
6653,TRIPLE,1,1,1,False,-1
6654,SINGLE,0,0,1,False,-1
6655,TRIPLE,1,1,1,False,-1
6656,TRIPLE,1,1,1,False,-1
6657,TRIPLE,1,1,1,False,-1
6658,TRIPLE,1,1,1,False,-1
6659,DOUBLE,0,1,1,False,-1
6660,TRIPLE,1,1,1,False,-1
6661,TRIPLE,1,1,1,False,-1
6663,TRIPLE,1,1,1,False,-1
6664,TRIPLE,1,1,1,False,-1
6665,DOUBLE,0,1,1,False,-1
6666,DOUBLE,0,1,1,False,-1
6667,TRIPLE,1,1,1,False,-1
6668,DOUBLE,0,1,1,False,-1
6669,TRIPLE,1,1,1,False,-1
6671,DOUBLE,0,1,1,False,-1
6673,TRIPLE,1,1,1,False,-1
6674,DOUBLE,0,1,1,False,-1
6675,TRIPLE,1,1,1,False,-1
6676,TRIPLE,1,1,1,False,-1
6677,SINGLE,0,0,1,False,-1
6679,TRIPLE,1,1,1,False,-1
6680,DOUBLE,0,1,1,False,-1
6681,TRIPLE,1,1,1,False,-1
6682,TRIPLE,1,1,1,False,-1
6683,DOUBLE,0,1,1,False,-1
6684,DOUBLE,0,1,1,False,-1
6685,DOUBLE,0,1,1,False,-1
6686,TRIPLE,1,1,1,False,-1
6687,DOUBLE,0,1,1,False,-1
6688,DOUBLE,0,1,1,False,-1
6691,TRIPLE,1,1,1,False,-1
6692,DOUBLE,0,1,1,False,-1
6693,TRIPLE,1,1,1,False,-1
6694,TRIPLE,1,1,1,False,-1
6695,TRIPLE,1,1,1,False,-1
6696,TRIPLE,1,1,1,False,-1
6697,DOUBLE,0,1,1,False,-1
6698,DOUBLE,0,1,1,False,-1
6699,TRIPLE,1,1,1,False,-1
6700,TRIPLE,1,1,1,False,-1
6701,DOUBLE,0,1,1,False,-1
6702,TRIPLE,1,1,1,False,-1
6703,SINGLE,0,0,1,False,-1
6704,TRIPLE,1,1,1,False,-1
6705,DOUBLE,0,1,1,False,-1
6706,TRIPLE,1,1,1,False,-1
6707,DOUBLE,0,1,1,False,-1
6708,SINGLE,0,0,1,False,-1
6709,DOUBLE,0,1,1,False,-1
6710,DOUBLE,0,1,1,False,-1
6711,DOUBLE,0,1,1,False,-1
6713,TRIPLE,1,1,1,False,-1
6714,DOUBLE,0,1,1,False,-1
6715,TRIPLE,1,1,1,False,-1
6716,DOUBLE,0,1,1,False,-1
6717,TRIPLE,1,1,1,False,-1
6718,DOUBLE,0,1,1,False,-1
6719,TRIPLE,1,1,1,False,-1
6720,TRIPLE,1,1,1,False,-1
6721,DOUBLE,0,1,1,False,-1
6722,TRIPLE,1,1,1,False,-1
6723,DOUBLE,0,1,1,False,-1
6724,TRIPLE,1,1,1,False,-1
6725,DOUBLE,0,1,1,False,-1
6726,SINGLE,0,0,1,False,-1
6727,TRIPLE,1,1,1,False,-1
6728,DOUBLE,0,1,1,False,-1
6729,TRIPLE,1,1,1,False,-1
6730,TRIPLE,1,1,1,False,-1
6731,DOUBLE,0,1,1,False,-1
6732,DOUBLE,0,1,1,False,-1
6733,TRIPLE,1,1,1,False,-1
6735,TRIPLE,1,1,1,False,-1
6737,SINGLE,0,0,1,False,-1
6738,TRIPLE,1,1,1,False,-1
6739,SINGLE,0,0,1,False,-1
6740,TRIPLE,1,1,1,False,-1
6742,SINGLE,0,0,1,False,-1
6743,TRIPLE,1,1,1,False,-1
6744,TRIPLE,1,1,1,False,-1
6745,DOUBLE,0,1,1,False,-1
6746,DOUBLE,0,1,1,False,-1
6747,TRIPLE,1,1,1,False,-1
6748,TRIPLE,1,1,1,False,-1
6750,DOUBLE,0,1,1,False,-1
6751,TRIPLE,1,1,1,False,-1
6752,TRIPLE,1,1,1,False,-1
6753,DOUBLE,0,1,1,False,-1
6754,DOUBLE,0,1,1,False,-1
6755,DOUBLE,0,1,1,False,-1
6756,SINGLE,0,0,1,False,-1
6758,DOUBLE,0,1,1,False,-1
6759,TRIPLE,1,1,1,False,-1
6760,SINGLE,0,0,1,False,-1
6761,TRIPLE,1,1,1,False,-1
6763,TRIPLE,1,1,1,False,-1
6764,TRIPLE,1,1,1,False,-1
6765,TRIPLE,1,1,1,False,-1
6766,TRIPLE,1,1,1,False,-1
6767,DOUBLE,0,1,1,False,-1
6768,DOUBLE,0,1,1,False,-1
6769,TRIPLE,1,1,1,False,-1
6770,TRIPLE,1,1,1,False,-1
6771,TRIPLE,1,1,1,False,-1
6772,DOUBLE,0,1,1,False,-1
6773,TRIPLE,1,1,1,False,-1
6774,SINGLE,0,0,1,False,-1
6775,TRIPLE,1,1,1,False,-1
6776,TRIPLE,1,1,1,False,-1
6778,TRIPLE,1,1,1,False,-1
6779,TRIPLE,1,1,1,False,-1
6780,TRIPLE,1,1,1,False,-1
6781,SINGLE,0,0,1,False,-1
6783,DOUBLE,0,1,1,False,-1
6784,TRIPLE,1,1,1,False,-1
6785,TRIPLE,1,1,1,False,-1
6786,TRIPLE,1,1,1,False,-1
6787,TRIPLE,1,1,1,False,-1
6788,TRIPLE,1,1,1,False,-1
6789,TRIPLE,1,1,1,False,-1
6791,TRIPLE,1,1,1,False,-1
6794,DOUBLE,0,1,1,False,-1
6795,TRIPLE,1,1,1,False,-1
6797,TRIPLE,1,1,1,False,-1
6798,DOUBLE,0,1,1,False,-1
6799,TRIPLE,1,1,1,False,-1
6800,DOUBLE,0,1,1,False,-1
6801,DOUBLE,0,1,1,False,-1
6802,TRIPLE,1,1,1,False,-1
6804,DOUBLE,0,1,1,False,-1
6805,SINGLE,0,0,1,False,-1
6806,TRIPLE,1,1,1,False,-1
6807,TRIPLE,1,1,1,False,-1
6808,TRIPLE,1,1,1,False,-1
6809,DOUBLE,0,1,1,False,-1
6810,SINGLE,0,0,1,False,-1
6811,DOUBLE,0,1,1,False,-1
6813,TRIPLE,1,1,1,False,-1
6814,SINGLE,0,0,1,False,-1
6815,TRIPLE,1,1,1,False,-1
6816,TRIPLE,1,1,1,False,-1
6817,DOUBLE,0,1,1,False,-1
6818,DOUBLE,0,1,1,False,-1
6819,TRIPLE,1,1,1,False,-1
6820,SINGLE,0,0,1,False,-1
6821,SINGLE,0,0,1,False,-1
6822,TRIPLE,1,1,1,False,-1
6823,SINGLE,0,0,1,False,-1
6824,SINGLE,0,0,1,False,-1
6825,TRIPLE,1,1,1,False,-1
6826,TRIPLE,1,1,1,False,-1
6827,SINGLE,0,0,1,False,-1
6828,TRIPLE,1,1,1,False,-1
6829,TRIPLE,1,1,1,False,-1
6830,TRIPLE,1,1,1,False,-1
6831,SINGLE,0,0,1,False,-1
6832,TRIPLE,1,1,1,False,-1
6833,SINGLE,0,0,1,False,-1
6834,DOUBLE,0,1,1,False,-1
6835,TRIPLE,1,1,1,False,-1
6836,TRIPLE,1,1,1,False,-1
6837,TRIPLE,1,1,1,False,-1
6838,TRIPLE,1,1,1,False,-1
6839,TRIPLE,1,1,1,False,-1
6840,TRIPLE,1,1,1,False,-1
6842,TRIPLE,1,1,1,False,-1
6843,TRIPLE,1,1,1,False,-1
6844,TRIPLE,1,1,1,False,-1
6845,DOUBLE,0,1,1,False,-1
6846,SINGLE,0,0,1,False,-1
6847,DOUBLE,0,1,1,False,-1
6849,TRIPLE,1,1,1,False,-1
6850,DOUBLE,0,1,1,False,-1
6851,DOUBLE,0,1,1,False,-1
6852,TRIPLE,1,1,1,False,-1
6854,TRIPLE,1,1,1,False,-1
6855,TRIPLE,1,1,1,False,-1
6856,SINGLE,0,0,1,False,-1
6857,DOUBLE,0,1,1,False,-1
6858,TRIPLE,1,1,1,False,-1
6859,DOUBLE,0,1,1,False,-1
6860,DOUBLE,0,1,1,False,-1
6861,TRIPLE,1,1,1,False,-1
6862,TRIPLE,1,1,1,False,-1
6863,TRIPLE,1,1,1,False,-1
6864,TRIPLE,1,1,1,False,-1
6866,DOUBLE,0,1,1,False,-1
6867,SINGLE,0,0,1,False,-1
6868,DOUBLE,0,1,1,False,-1
6869,TRIPLE,1,1,1,False,-1
6870,SINGLE,0,0,1,False,-1
6871,DOUBLE,0,1,1,False,-1
6872,TRIPLE,1,1,1,False,-1
6873,TRIPLE,1,1,1,False,-1
6874,TRIPLE,1,1,1,False,-1
6875,DOUBLE,0,1,1,False,-1
6876,TRIPLE,1,1,1,False,-1
6877,TRIPLE,1,1,1,False,-1
6878,SINGLE,0,0,1,False,-1
6879,TRIPLE,1,1,1,False,-1
6880,TRIPLE,1,1,1,False,-1
6881,DOUBLE,0,1,1,False,-1
6882,DOUBLE,0,1,1,False,-1
6883,DOUBLE,0,1,1,False,-1
6884,TRIPLE,1,1,1,False,-1
6885,TRIPLE,1,1,1,False,-1
6888,DOUBLE,0,1,1,False,-1
6889,TRIPLE,1,1,1,False,-1
6890,TRIPLE,1,1,1,False,-1
6891,TRIPLE,1,1,1,False,-1
6893,TRIPLE,1,1,1,False,-1
6894,SINGLE,0,0,1,False,-1
6895,DOUBLE,0,1,1,False,-1
6896,DOUBLE,0,1,1,False,-1
6897,TRIPLE,1,1,1,False,-1
6898,TRIPLE,1,1,1,False,-1
6899,TRIPLE,1,1,1,False,-1
6900,TRIPLE,1,1,1,False,-1
6901,TRIPLE,1,1,1,False,-1
6902,DOUBLE,0,1,1,False,-1
6903,TRIPLE,1,1,1,False,-1
6904,TRIPLE,1,1,1,False,-1
6905,TRIPLE,1,1,1,False,-1
6906,DOUBLE,0,1,1,False,-1
6907,TRIPLE,1,1,1,False,-1
6908,DOUBLE,0,1,1,False,-1
6910,SINGLE,0,0,1,False,-1
6911,TRIPLE,1,1,1,False,-1
6913,DOUBLE,0,1,1,False,-1
6914,DOUBLE,0,1,1,False,-1
6915,TRIPLE,1,1,1,False,-1
6916,TRIPLE,1,1,1,False,-1
6917,SINGLE,0,0,1,False,-1
6918,SINGLE,0,0,1,False,-1
6919,DOUBLE,0,1,1,False,-1
6920,TRIPLE,1,1,1,False,-1
6921,DOUBLE,0,1,1,False,-1
6922,DOUBLE,0,1,1,False,-1
6923,SINGLE,0,0,1,False,-1
6924,TRIPLE,1,1,1,False,-1
6925,SINGLE,0,0,1,False,-1
6927,TRIPLE,1,1,1,False,-1
6928,DOUBLE,0,1,1,False,-1
6931,DOUBLE,0,1,1,False,-1
6932,SINGLE,0,0,1,False,-1
6934,TRIPLE,1,1,1,False,-1
6935,DOUBLE,0,1,1,False,-1
6936,DOUBLE,0,1,1,False,-1
6937,DOUBLE,0,1,1,False,-1
6938,SINGLE,0,0,1,False,-1
6939,TRIPLE,1,1,1,False,-1
6940,DOUBLE,0,1,1,False,-1
6941,TRIPLE,1,1,1,False,-1
6943,SINGLE,0,0,1,False,-1
6944,DOUBLE,0,1,1,False,-1
6945,TRIPLE,1,1,1,False,-1
6946,TRIPLE,1,1,1,False,-1
6947,DOUBLE,0,1,1,False,-1
6948,DOUBLE,0,1,1,False,-1
6949,SINGLE,0,0,1,False,-1
6950,DOUBLE,0,1,1,False,-1
6951,DOUBLE,0,1,1,False,-1
6952,DOUBLE,0,1,1,False,-1
6953,DOUBLE,0,1,1,False,-1
6954,TRIPLE,1,1,1,False,-1
6955,DOUBLE,0,1,1,False,-1
6956,DOUBLE,0,1,1,False,-1
6957,SINGLE,0,0,1,False,-1
6958,DOUBLE,0,1,1,False,-1
6959,TRIPLE,1,1,1,False,-1
6960,TRIPLE,1,1,1,False,-1
6962,DOUBLE,0,1,1,False,-1
6963,TRIPLE,1,1,1,False,-1
6964,DOUBLE,0,1,1,False,-1
6965,TRIPLE,1,1,1,False,-1
6966,DOUBLE,0,1,1,False,-1
6967,SINGLE,0,0,1,False,-1
6968,TRIPLE,1,1,1,False,-1
6969,TRIPLE,1,1,1,False,-1
6970,SINGLE,0,0,1,False,-1
6971,TRIPLE,1,1,1,False,-1
6973,TRIPLE,1,1,1,False,-1
6974,SINGLE,0,0,1,False,-1
6975,DOUBLE,0,1,1,False,-1
6976,SINGLE,0,0,1,False,-1
6977,SINGLE,0,0,1,False,-1
6978,TRIPLE,1,1,1,False,-1
6979,TRIPLE,1,1,1,False,-1
6980,TRIPLE,1,1,1,False,-1
6981,SINGLE,0,0,1,False,-1
6982,TRIPLE,1,1,1,False,-1
6983,DOUBLE,0,1,1,False,-1
6984,TRIPLE,1,1,1,False,-1
6985,DOUBLE,0,1,1,False,-1
6986,TRIPLE,1,1,1,False,-1
6987,SINGLE,0,0,1,False,-1
6988,TRIPLE,1,1,1,False,-1
6989,DOUBLE,0,1,1,False,-1
6990,TRIPLE,1,1,1,False,-1
6991,TRIPLE,1,1,1,False,-1
6992,DOUBLE,0,1,1,False,-1
6993,TRIPLE,1,1,1,False,-1
6994,TRIPLE,1,1,1,False,-1
6995,TRIPLE,1,1,1,False,-1
6996,SINGLE,0,0,1,False,-1
6997,SINGLE,0,0,1,False,-1
6998,DOUBLE,0,1,1,False,-1
6999,DOUBLE,0,1,1,False,-1
7000,TRIPLE,1,1,1,False,-1
7002,SINGLE,0,0,1,False,-1
7003,TRIPLE,1,1,1,False,-1
7004,DOUBLE,0,1,1,False,-1
7005,TRIPLE,1,1,1,False,-1
7006,TRIPLE,1,1,1,False,-1
7007,DOUBLE,0,1,1,False,-1
7008,TRIPLE,1,1,1,False,-1
7009,TRIPLE,1,1,1,False,-1
7010,TRIPLE,1,1,1,False,-1
7011,TRIPLE,1,1,1,False,-1
7012,TRIPLE,1,1,1,False,-1
7013,SINGLE,0,0,1,False,-1
7014,DOUBLE,0,1,1,False,-1
7015,DOUBLE,0,1,1,False,-1
7016,DOUBLE,0,1,1,False,-1
7017,TRIPLE,1,1,1,False,-1
7018,TRIPLE,1,1,1,False,-1
7019,DOUBLE,0,1,1,False,-1
7021,TRIPLE,1,1,1,False,-1
7024,DOUBLE,0,1,1,False,-1
7025,SINGLE,0,0,1,False,-1
7026,TRIPLE,1,1,1,False,-1
7027,DOUBLE,0,1,1,False,-1
7028,TRIPLE,1,1,1,False,-1
7029,TRIPLE,1,1,1,False,-1
7030,SINGLE,0,0,1,False,-1
7031,TRIPLE,1,1,1,False,-1
7032,TRIPLE,1,1,1,False,-1
7033,TRIPLE,1,1,1,False,-1
7034,TRIPLE,1,1,1,False,-1
7035,TRIPLE,1,1,1,False,-1
7036,DOUBLE,0,1,1,False,-1
7037,TRIPLE,1,1,1,False,-1
7038,DOUBLE,0,1,1,False,-1
7039,TRIPLE,1,1,1,False,-1
7040,TRIPLE,1,1,1,False,-1
7041,SINGLE,0,0,1,False,-1
7042,TRIPLE,1,1,1,False,-1
7043,TRIPLE,1,1,1,False,-1
7044,SINGLE,0,0,1,False,-1
7045,TRIPLE,1,1,1,False,-1
7046,TRIPLE,1,1,1,False,-1
7048,TRIPLE,1,1,1,False,-1
7049,DOUBLE,0,1,1,False,-1
7050,TRIPLE,1,1,1,False,-1
7051,DOUBLE,0,1,1,False,-1
7052,TRIPLE,1,1,1,False,-1
7053,TRIPLE,1,1,1,False,-1
7054,TRIPLE,1,1,1,False,-1
7055,SINGLE,0,0,1,False,-1
7056,TRIPLE,1,1,1,False,-1
7057,TRIPLE,1,1,1,False,-1
7058,TRIPLE,1,1,1,False,-1
7059,SINGLE,0,0,1,False,-1
7060,TRIPLE,1,1,1,False,-1
7061,DOUBLE,0,1,1,False,-1
7062,TRIPLE,1,1,1,False,-1
7063,TRIPLE,1,1,1,False,-1
7064,TRIPLE,1,1,1,False,-1
7065,DOUBLE,0,1,1,False,-1
7066,DOUBLE,0,1,1,False,-1
7067,SINGLE,0,0,1,False,-1
7068,SINGLE,0,0,1,False,-1
7069,DOUBLE,0,1,1,False,-1
7070,TRIPLE,1,1,1,False,-1
7071,SINGLE,0,0,1,False,-1
7072,DOUBLE,0,1,1,False,-1
7073,TRIPLE,1,1,1,False,-1
7074,SINGLE,0,0,1,False,-1
7075,SINGLE,0,0,1,False,-1
7076,SINGLE,0,0,1,False,-1
7077,DOUBLE,0,1,1,False,-1
7078,TRIPLE,1,1,1,False,-1
7079,DOUBLE,0,1,1,False,-1
7080,TRIPLE,1,1,1,False,-1
7081,TRIPLE,1,1,1,False,-1
7082,TRIPLE,1,1,1,False,-1
7083,DOUBLE,0,1,1,False,-1
7084,TRIPLE,1,1,1,False,-1
7085,TRIPLE,1,1,1,False,-1
7086,TRIPLE,1,1,1,False,-1
7087,TRIPLE,1,1,1,False,-1
7088,DOUBLE,0,1,1,False,-1
7089,TRIPLE,1,1,1,False,-1
7090,SINGLE,0,0,1,False,-1
7091,TRIPLE,1,1,1,False,-1
7092,TRIPLE,1,1,1,False,-1
7093,SINGLE,0,0,1,False,-1
7094,DOUBLE,0,1,1,False,-1
7095,TRIPLE,1,1,1,False,-1
7097,TRIPLE,1,1,1,False,-1
7098,TRIPLE,1,1,1,False,-1
7099,TRIPLE,1,1,1,False,-1
7100,TRIPLE,1,1,1,False,-1
7101,TRIPLE,1,1,1,False,-1
7103,SINGLE,0,0,1,False,-1
7104,DOUBLE,0,1,1,False,-1
7105,TRIPLE,1,1,1,False,-1
7106,SINGLE,0,0,1,False,-1
7107,TRIPLE,1,1,1,False,-1
7108,TRIPLE,1,1,1,False,-1
7109,SINGLE,0,0,1,False,-1
7110,DOUBLE,0,1,1,False,-1
7111,TRIPLE,1,1,1,False,-1
7112,SINGLE,0,0,1,False,-1
7113,DOUBLE,0,1,1,False,-1
7114,TRIPLE,1,1,1,False,-1
7115,TRIPLE,1,1,1,False,-1
7116,SINGLE,0,0,1,False,-1
7117,DOUBLE,0,1,1,False,-1
7118,DOUBLE,0,1,1,False,-1
7119,TRIPLE,1,1,1,False,-1
7120,TRIPLE,1,1,1,False,-1
7121,TRIPLE,1,1,1,False,-1
7122,TRIPLE,1,1,1,False,-1
7123,TRIPLE,1,1,1,False,-1
7124,TRIPLE,1,1,1,False,-1
7125,TRIPLE,1,1,1,False,-1
7126,SINGLE,0,0,1,False,-1
7127,TRIPLE,1,1,1,False,-1
7128,DOUBLE,0,1,1,False,-1
7129,TRIPLE,1,1,1,False,-1
7130,TRIPLE,1,1,1,False,-1
7131,DOUBLE,0,1,1,False,-1
7132,SINGLE,0,0,1,False,-1
7133,TRIPLE,1,1,1,False,-1
7134,TRIPLE,1,1,1,False,-1
7135,TRIPLE,1,1,1,False,-1
7137,TRIPLE,1,1,1,False,-1
7139,SINGLE,0,0,1,False,-1
7141,TRIPLE,1,1,1,False,-1
7142,TRIPLE,1,1,1,False,-1
7143,TRIPLE,1,1,1,False,-1
7144,TRIPLE,1,1,1,False,-1
7145,TRIPLE,1,1,1,False,-1
7146,TRIPLE,1,1,1,False,-1
7147,TRIPLE,1,1,1,False,-1
7148,DOUBLE,0,1,1,False,-1
7150,SINGLE,0,0,1,False,-1
7151,SINGLE,0,0,1,False,-1
7152,DOUBLE,0,1,1,False,-1
7153,TRIPLE,1,1,1,False,-1
7154,TRIPLE,1,1,1,False,-1
7155,TRIPLE,1,1,1,False,-1
7156,TRIPLE,1,1,1,False,-1
7157,SINGLE,0,0,1,False,-1
7158,TRIPLE,1,1,1,False,-1
7160,DOUBLE,0,1,1,False,-1
7161,TRIPLE,1,1,1,False,-1
7162,TRIPLE,1,1,1,False,-1
7163,TRIPLE,1,1,1,False,-1
7164,TRIPLE,1,1,1,False,-1
7165,DOUBLE,0,1,1,False,-1
7166,DOUBLE,0,1,1,False,-1
7167,TRIPLE,1,1,1,False,-1
7169,SINGLE,0,0,1,False,-1
7170,TRIPLE,1,1,1,False,-1
7171,DOUBLE,0,1,1,False,-1
7172,DOUBLE,0,1,1,False,-1
7173,DOUBLE,0,1,1,False,-1
7174,TRIPLE,1,1,1,False,-1
7175,DOUBLE,0,1,1,False,-1
7176,DOUBLE,0,1,1,False,-1
7177,DOUBLE,0,1,1,False,-1
7178,DOUBLE,0,1,1,False,-1
7179,TRIPLE,1,1,1,False,-1
7180,SINGLE,0,0,1,False,-1
7181,TRIPLE,1,1,1,False,-1
7183,TRIPLE,1,1,1,False,-1
7184,TRIPLE,1,1,1,False,-1
7185,TRIPLE,1,1,1,False,-1
7186,SINGLE,0,0,1,False,-1
7187,TRIPLE,1,1,1,False,-1
7188,TRIPLE,1,1,1,False,-1
7189,SINGLE,0,0,1,False,-1
7190,SINGLE,0,0,1,False,-1
7191,TRIPLE,1,1,1,False,-1
7192,TRIPLE,1,1,1,False,-1
7193,DOUBLE,0,1,1,False,-1
7194,TRIPLE,1,1,1,False,-1
7195,DOUBLE,0,1,1,False,-1
7196,SINGLE,0,0,1,False,-1
7197,DOUBLE,0,1,1,False,-1
7198,TRIPLE,1,1,1,False,-1
7199,TRIPLE,1,1,1,False,-1
7200,TRIPLE,1,1,1,False,-1
7201,TRIPLE,1,1,1,False,-1
7202,DOUBLE,0,1,1,False,-1
7203,TRIPLE,1,1,1,False,-1
7205,DOUBLE,0,1,1,False,-1
7206,TRIPLE,1,1,1,False,-1
7207,SINGLE,0,0,1,False,-1
7208,TRIPLE,1,1,1,False,-1
7209,SINGLE,0,0,1,False,-1
7211,SINGLE,0,0,1,False,-1
7212,TRIPLE,1,1,1,False,-1
7214,TRIPLE,1,1,1,False,-1
7215,TRIPLE,1,1,1,False,-1
7216,DOUBLE,0,1,1,False,-1
7217,TRIPLE,1,1,1,False,-1
7218,TRIPLE,1,1,1,False,-1
7219,TRIPLE,1,1,1,False,-1
7220,TRIPLE,1,1,1,False,-1
7221,DOUBLE,0,1,1,False,-1
7222,DOUBLE,0,1,1,False,-1
7223,SINGLE,0,0,1,False,-1
7224,TRIPLE,1,1,1,False,-1
7225,DOUBLE,0,1,1,False,-1
7226,DOUBLE,0,1,1,False,-1
7227,DOUBLE,0,1,1,False,-1
7228,TRIPLE,1,1,1,False,-1
7229,DOUBLE,0,1,1,False,-1
7230,TRIPLE,1,1,1,False,-1
7231,DOUBLE,0,1,1,False,-1
7232,SINGLE,0,0,1,False,-1
7233,TRIPLE,1,1,1,False,-1
7234,DOUBLE,0,1,1,False,-1
7235,TRIPLE,1,1,1,False,-1
7236,DOUBLE,0,1,1,False,-1
7237,TRIPLE,1,1,1,False,-1
7238,TRIPLE,1,1,1,False,-1
7239,TRIPLE,1,1,1,False,-1
7240,TRIPLE,1,1,1,False,-1
7241,TRIPLE,1,1,1,False,-1
7243,SINGLE,0,0,1,False,-1
7244,SINGLE,0,0,1,False,-1
7245,TRIPLE,1,1,1,False,-1
7246,TRIPLE,1,1,1,False,-1
7247,SINGLE,0,0,1,False,-1
7249,DOUBLE,0,1,1,False,-1
7250,TRIPLE,1,1,1,False,-1
7252,DOUBLE,0,1,1,False,-1
7253,DOUBLE,0,1,1,False,-1
7254,DOUBLE,0,1,1,False,-1
7255,TRIPLE,1,1,1,False,-1
7256,DOUBLE,0,1,1,False,-1
7257,DOUBLE,0,1,1,False,-1
7258,TRIPLE,1,1,1,False,-1
7259,TRIPLE,1,1,1,False,-1
7260,TRIPLE,1,1,1,False,-1
7261,DOUBLE,0,1,1,False,-1
7262,DOUBLE,0,1,1,False,-1
7264,SINGLE,0,0,1,False,-1
7265,DOUBLE,0,1,1,False,-1
7266,TRIPLE,1,1,1,False,-1
7267,DOUBLE,0,1,1,False,-1
7268,SINGLE,0,0,1,False,-1
7269,DOUBLE,0,1,1,False,-1
7270,TRIPLE,1,1,1,False,-1
7271,TRIPLE,1,1,1,False,-1
7273,TRIPLE,1,1,1,False,-1
7274,DOUBLE,0,1,1,False,-1
7275,DOUBLE,0,1,1,False,-1
7276,DOUBLE,0,1,1,False,-1
7277,SINGLE,0,0,1,False,-1
7278,DOUBLE,0,1,1,False,-1
7279,TRIPLE,1,1,1,False,-1
7280,DOUBLE,0,1,1,False,-1
7281,TRIPLE,1,1,1,False,-1
7282,SINGLE,0,0,1,False,-1
7283,TRIPLE,1,1,1,False,-1
7285,TRIPLE,1,1,1,False,-1
7286,DOUBLE,0,1,1,False,-1
7287,SINGLE,0,0,1,False,-1
7288,TRIPLE,1,1,1,False,-1
7289,TRIPLE,1,1,1,False,-1
7290,SINGLE,0,0,1,False,-1
7291,TRIPLE,1,1,1,False,-1
7292,DOUBLE,0,1,1,False,-1
7293,TRIPLE,1,1,1,False,-1
7294,DOUBLE,0,1,1,False,-1
7295,TRIPLE,1,1,1,False,-1
7296,TRIPLE,1,1,1,False,-1
7297,SINGLE,0,0,1,False,-1
7298,TRIPLE,1,1,1,False,-1
7299,DOUBLE,0,1,1,False,-1
7301,TRIPLE,1,1,1,False,-1
7302,TRIPLE,1,1,1,False,-1
7303,DOUBLE,0,1,1,False,-1
7304,TRIPLE,1,1,1,False,-1
7305,SINGLE,0,0,1,False,-1
7306,DOUBLE,0,1,1,False,-1
7307,TRIPLE,1,1,1,False,-1
7308,DOUBLE,0,1,1,False,-1
7309,TRIPLE,1,1,1,False,-1
7310,DOUBLE,0,1,1,False,-1
7311,SINGLE,0,0,1,False,-1
7312,TRIPLE,1,1,1,False,-1
7314,DOUBLE,0,1,1,False,-1
7315,TRIPLE,1,1,1,False,-1
7316,TRIPLE,1,1,1,False,-1
7317,TRIPLE,1,1,1,False,-1
7318,DOUBLE,0,1,1,False,-1
7319,DOUBLE,0,1,1,False,-1
7320,TRIPLE,1,1,1,False,-1
7322,TRIPLE,1,1,1,False,-1
7323,DOUBLE,0,1,1,False,-1
7324,DOUBLE,0,1,1,False,-1
7325,TRIPLE,1,1,1,False,-1
7326,DOUBLE,0,1,1,False,-1
7327,DOUBLE,0,1,1,False,-1
7328,DOUBLE,0,1,1,False,-1
7329,TRIPLE,1,1,1,False,-1
7330,TRIPLE,1,1,1,False,-1
7331,TRIPLE,1,1,1,False,-1
7332,TRIPLE,1,1,1,False,-1
7333,TRIPLE,1,1,1,False,-1
7334,TRIPLE,1,1,1,False,-1
7335,TRIPLE,1,1,1,False,-1
7336,TRIPLE,1,1,1,False,-1
7337,TRIPLE,1,1,1,False,-1
7338,TRIPLE,1,1,1,False,-1
7339,TRIPLE,1,1,1,False,-1
7341,TRIPLE,1,1,1,False,-1
7342,TRIPLE,1,1,1,False,-1
7343,TRIPLE,1,1,1,False,-1
7345,TRIPLE,1,1,1,False,-1
7346,DOUBLE,0,1,1,False,-1
7347,TRIPLE,1,1,1,False,-1
7348,TRIPLE,1,1,1,False,-1
7349,TRIPLE,1,1,1,False,-1
7350,TRIPLE,1,1,1,False,-1
7351,TRIPLE,1,1,1,False,-1
7352,DOUBLE,0,1,1,False,-1
7353,TRIPLE,1,1,1,False,-1
7354,DOUBLE,0,1,1,False,-1
7355,DOUBLE,0,1,1,False,-1
7356,TRIPLE,1,1,1,False,-1
7357,DOUBLE,0,1,1,False,-1
7358,TRIPLE,1,1,1,False,-1
7359,DOUBLE,0,1,1,False,-1
7361,TRIPLE,1,1,1,False,-1
7362,DOUBLE,0,1,1,False,-1
7363,TRIPLE,1,1,1,False,-1
7364,TRIPLE,1,1,1,False,-1
7365,DOUBLE,0,1,1,False,-1
7366,DOUBLE,0,1,1,False,-1
7367,DOUBLE,0,1,1,False,-1
7368,TRIPLE,1,1,1,False,-1
7369,TRIPLE,1,1,1,False,-1
7370,TRIPLE,1,1,1,False,-1
7371,TRIPLE,1,1,1,False,-1
7372,SINGLE,0,0,1,False,-1
7373,DOUBLE,0,1,1,False,-1
7374,TRIPLE,1,1,1,False,-1
7375,TRIPLE,1,1,1,False,-1
7376,TRIPLE,1,1,1,False,-1
7377,TRIPLE,1,1,1,False,-1
7378,DOUBLE,0,1,1,False,-1
7379,TRIPLE,1,1,1,False,-1
7380,TRIPLE,1,1,1,False,-1
7381,TRIPLE,1,1,1,False,-1
7382,SINGLE,0,0,1,False,-1
7383,DOUBLE,0,1,1,False,-1
7384,SINGLE,0,0,1,False,-1
7385,TRIPLE,1,1,1,False,-1
7386,SINGLE,0,0,1,False,-1
7388,TRIPLE,1,1,1,False,-1
7389,TRIPLE,1,1,1,False,-1
7390,TRIPLE,1,1,1,False,-1
7391,TRIPLE,1,1,1,False,-1
7392,DOUBLE,0,1,1,False,-1
7393,SINGLE,0,0,1,False,-1
7394,TRIPLE,1,1,1,False,-1
7396,TRIPLE,1,1,1,False,-1
7397,DOUBLE,0,1,1,False,-1
7399,DOUBLE,0,1,1,False,-1
7400,TRIPLE,1,1,1,False,-1
7401,DOUBLE,0,1,1,False,-1
7402,DOUBLE,0,1,1,False,-1
7403,TRIPLE,1,1,1,False,-1
7404,TRIPLE,1,1,1,False,-1
7405,SINGLE,0,0,1,False,-1
7406,TRIPLE,1,1,1,False,-1
7407,SINGLE,0,0,1,False,-1
7408,TRIPLE,1,1,1,False,-1
7409,TRIPLE,1,1,1,False,-1
7412,TRIPLE,1,1,1,False,-1
7413,SINGLE,0,0,1,False,-1
7414,DOUBLE,0,1,1,False,-1
7415,DOUBLE,0,1,1,False,-1
7416,DOUBLE,0,1,1,False,-1
7417,DOUBLE,0,1,1,False,-1
7418,TRIPLE,1,1,1,False,-1
7419,DOUBLE,0,1,1,False,-1
7420,DOUBLE,0,1,1,False,-1
7421,TRIPLE,1,1,1,False,-1
7422,TRIPLE,1,1,1,False,-1
7423,TRIPLE,1,1,1,False,-1
7424,DOUBLE,0,1,1,False,-1
7426,TRIPLE,1,1,1,False,-1
7427,TRIPLE,1,1,1,False,-1
7428,TRIPLE,1,1,1,False,-1
7429,TRIPLE,1,1,1,False,-1
7430,SINGLE,0,0,1,False,-1
7432,TRIPLE,1,1,1,False,-1
7435,DOUBLE,0,1,1,False,-1
7436,DOUBLE,0,1,1,False,-1
7437,TRIPLE,1,1,1,False,-1
7438,TRIPLE,1,1,1,False,-1
7439,TRIPLE,1,1,1,False,-1
7440,DOUBLE,0,1,1,False,-1
7441,SINGLE,0,0,1,False,-1
7442,TRIPLE,1,1,1,False,-1
7443,DOUBLE,0,1,1,False,-1
7444,DOUBLE,0,1,1,False,-1
7445,TRIPLE,1,1,1,False,-1
7446,TRIPLE,1,1,1,False,-1
7447,DOUBLE,0,1,1,False,-1
7449,SINGLE,0,0,1,False,-1
7451,DOUBLE,0,1,1,False,-1
7452,TRIPLE,1,1,1,False,-1
7453,DOUBLE,0,1,1,False,-1
7454,DOUBLE,0,1,1,False,-1
7455,TRIPLE,1,1,1,False,-1
7458,TRIPLE,1,1,1,False,-1
7459,DOUBLE,0,1,1,False,-1
7460,DOUBLE,0,1,1,False,-1
7461,TRIPLE,1,1,1,False,-1
7462,TRIPLE,1,1,1,False,-1
7463,SINGLE,0,0,1,False,-1
7464,SINGLE,0,0,1,False,-1
7465,DOUBLE,0,1,1,False,-1
7466,DOUBLE,0,1,1,False,-1
7467,DOUBLE,0,1,1,False,-1
7469,TRIPLE,1,1,1,False,-1
7470,SINGLE,0,0,1,False,-1
7471,DOUBLE,0,1,1,False,-1
7472,TRIPLE,1,1,1,False,-1
7474,TRIPLE,1,1,1,False,-1
7475,SINGLE,0,0,1,False,-1
7476,SINGLE,0,0,1,False,-1
7477,DOUBLE,0,1,1,False,-1
7478,TRIPLE,1,1,1,False,-1
7479,TRIPLE,1,1,1,False,-1
7480,TRIPLE,1,1,1,False,-1
7482,TRIPLE,1,1,1,False,-1
7483,DOUBLE,0,1,1,False,-1
7484,DOUBLE,0,1,1,False,-1
7485,TRIPLE,1,1,1,False,-1
7486,TRIPLE,1,1,1,False,-1
7487,TRIPLE,1,1,1,False,-1
7488,TRIPLE,1,1,1,False,-1
7489,TRIPLE,1,1,1,False,-1
7490,DOUBLE,0,1,1,False,-1
7491,DOUBLE,0,1,1,False,-1
7492,SINGLE,0,0,1,False,-1
7493,TRIPLE,1,1,1,False,-1
7494,TRIPLE,1,1,1,False,-1
7495,TRIPLE,1,1,1,False,-1
7496,SINGLE,0,0,1,False,-1
7498,DOUBLE,0,1,1,False,-1
7499,TRIPLE,1,1,1,False,-1
7500,SINGLE,0,0,1,False,-1
7501,TRIPLE,1,1,1,False,-1
7502,SINGLE,0,0,1,False,-1
7503,SINGLE,0,0,1,False,-1
7505,SINGLE,0,0,1,False,-1
7506,TRIPLE,1,1,1,False,-1
7507,DOUBLE,0,1,1,False,-1
7509,TRIPLE,1,1,1,False,-1
7510,DOUBLE,0,1,1,False,-1
7511,DOUBLE,0,1,1,False,-1
7512,TRIPLE,1,1,1,False,-1
7513,DOUBLE,0,1,1,False,-1
7514,SINGLE,0,0,1,False,-1
7515,DOUBLE,0,1,1,False,-1
7516,TRIPLE,1,1,1,False,-1
7517,TRIPLE,1,1,1,False,-1
7518,TRIPLE,1,1,1,False,-1
7519,TRIPLE,1,1,1,False,-1
7520,DOUBLE,0,1,1,False,-1
7521,DOUBLE,0,1,1,False,-1
7522,TRIPLE,1,1,1,False,-1
7523,TRIPLE,1,1,1,False,-1
7524,DOUBLE,0,1,1,False,-1
7525,TRIPLE,1,1,1,False,-1
7526,TRIPLE,1,1,1,False,-1
7527,TRIPLE,1,1,1,False,-1
7529,TRIPLE,1,1,1,False,-1
7531,DOUBLE,0,1,1,False,-1
7532,SINGLE,0,0,1,False,-1
7533,SINGLE,0,0,1,False,-1
7535,SINGLE,0,0,1,False,-1
7536,TRIPLE,1,1,1,False,-1
7539,TRIPLE,1,1,1,False,-1
7540,TRIPLE,1,1,1,False,-1
7542,TRIPLE,1,1,1,False,-1
7543,TRIPLE,1,1,1,False,-1
7544,DOUBLE,0,1,1,False,-1
7545,TRIPLE,1,1,1,False,-1
7546,TRIPLE,1,1,1,False,-1
7547,DOUBLE,0,1,1,False,-1
7548,DOUBLE,0,1,1,False,-1
7549,DOUBLE,0,1,1,False,-1
7550,TRIPLE,1,1,1,False,-1
7551,DOUBLE,0,1,1,False,-1
7552,TRIPLE,1,1,1,False,-1
7553,TRIPLE,1,1,1,False,-1
7555,TRIPLE,1,1,1,False,-1
7556,DOUBLE,0,1,1,False,-1
7557,SINGLE,0,0,1,False,-1
7558,TRIPLE,1,1,1,False,-1
7560,DOUBLE,0,1,1,False,-1
7561,TRIPLE,1,1,1,False,-1
7562,DOUBLE,0,1,1,False,-1
7564,TRIPLE,1,1,1,False,-1
7565,TRIPLE,1,1,1,False,-1
7566,SINGLE,0,0,1,False,-1
7567,DOUBLE,0,1,1,False,-1
7568,TRIPLE,1,1,1,False,-1
7569,TRIPLE,1,1,1,False,-1
7570,TRIPLE,1,1,1,False,-1
7571,SINGLE,0,0,1,False,-1
7572,DOUBLE,0,1,1,False,-1
7573,TRIPLE,1,1,1,False,-1
7574,SINGLE,0,0,1,False,-1
7575,DOUBLE,0,1,1,False,-1
7576,TRIPLE,1,1,1,False,-1
7577,TRIPLE,1,1,1,False,-1
7578,DOUBLE,0,1,1,False,-1
7579,DOUBLE,0,1,1,False,-1
7580,SINGLE,0,0,1,False,-1
7581,TRIPLE,1,1,1,False,-1
7582,DOUBLE,0,1,1,False,-1
7583,DOUBLE,0,1,1,False,-1
7584,TRIPLE,1,1,1,False,-1
7585,DOUBLE,0,1,1,False,-1
7586,SINGLE,0,0,1,False,-1
7587,TRIPLE,1,1,1,False,-1
7588,DOUBLE,0,1,1,False,-1
7589,TRIPLE,1,1,1,False,-1
7590,TRIPLE,1,1,1,False,-1
7591,DOUBLE,0,1,1,False,-1
7592,DOUBLE,0,1,1,False,-1
7593,TRIPLE,1,1,1,False,-1
7594,DOUBLE,0,1,1,False,-1
7595,TRIPLE,1,1,1,False,-1
7596,DOUBLE,0,1,1,False,-1
7597,DOUBLE,0,1,1,False,-1
7598,TRIPLE,1,1,1,False,-1
7599,TRIPLE,1,1,1,False,-1
7600,TRIPLE,1,1,1,False,-1
7601,TRIPLE,1,1,1,False,-1
7603,TRIPLE,1,1,1,False,-1
7604,TRIPLE,1,1,1,False,-1
7607,DOUBLE,0,1,1,False,-1
7608,TRIPLE,1,1,1,False,-1
7609,TRIPLE,1,1,1,False,-1
7610,DOUBLE,0,1,1,False,-1
7611,SINGLE,0,0,1,False,-1
7612,SINGLE,0,0,1,False,-1
7613,SINGLE,0,0,1,False,-1
7614,DOUBLE,0,1,1,False,-1
7615,DOUBLE,0,1,1,False,-1
7616,TRIPLE,1,1,1,False,-1
7617,TRIPLE,1,1,1,False,-1
7618,DOUBLE,0,1,1,False,-1
7619,TRIPLE,1,1,1,False,-1
7620,DOUBLE,0,1,1,False,-1
7621,DOUBLE,0,1,1,False,-1
7622,TRIPLE,1,1,1,False,-1
7623,TRIPLE,1,1,1,False,-1
7624,DOUBLE,0,1,1,False,-1
7625,SINGLE,0,0,1,False,-1
7626,DOUBLE,0,1,1,False,-1
7627,SINGLE,0,0,1,False,-1
7628,TRIPLE,1,1,1,False,-1
7629,DOUBLE,0,1,1,False,-1
7630,TRIPLE,1,1,1,False,-1
7631,DOUBLE,0,1,1,False,-1
7632,TRIPLE,1,1,1,False,-1
7633,DOUBLE,0,1,1,False,-1
7634,TRIPLE,1,1,1,False,-1
7635,TRIPLE,1,1,1,False,-1
7636,TRIPLE,1,1,1,False,-1
7637,TRIPLE,1,1,1,False,-1
7638,TRIPLE,1,1,1,False,-1
7639,TRIPLE,1,1,1,False,-1
7640,TRIPLE,1,1,1,False,-1
7642,SINGLE,0,0,1,False,-1
7643,SINGLE,0,0,1,False,-1
7644,TRIPLE,1,1,1,False,-1
7645,TRIPLE,1,1,1,False,-1
7646,TRIPLE,1,1,1,False,-1
7648,DOUBLE,0,1,1,False,-1
7650,TRIPLE,1,1,1,False,-1
7651,TRIPLE,1,1,1,False,-1
7652,DOUBLE,0,1,1,False,-1
7653,TRIPLE,1,1,1,False,-1
7654,DOUBLE,0,1,1,False,-1
7655,DOUBLE,0,1,1,False,-1
7656,SINGLE,0,0,1,False,-1
7657,SINGLE,0,0,1,False,-1
7658,TRIPLE,1,1,1,False,-1
7659,TRIPLE,1,1,1,False,-1
7660,TRIPLE,1,1,1,False,-1
7661,SINGLE,0,0,1,False,-1
7662,TRIPLE,1,1,1,False,-1
7663,TRIPLE,1,1,1,False,-1
7664,DOUBLE,0,1,1,False,-1
7665,DOUBLE,0,1,1,False,-1
7666,TRIPLE,1,1,1,False,-1
7667,DOUBLE,0,1,1,False,-1
7668,TRIPLE,1,1,1,False,-1
7669,DOUBLE,0,1,1,False,-1
7670,TRIPLE,1,1,1,False,-1
7671,TRIPLE,1,1,1,False,-1
7672,SINGLE,0,0,1,False,-1
7673,TRIPLE,1,1,1,False,-1
7674,SINGLE,0,0,1,False,-1
7675,TRIPLE,1,1,1,False,-1
7676,SINGLE,0,0,1,False,-1
7677,DOUBLE,0,1,1,False,-1
7678,SINGLE,0,0,1,False,-1
7679,DOUBLE,0,1,1,False,-1
7680,SINGLE,0,0,1,False,-1
7681,TRIPLE,1,1,1,False,-1
7682,TRIPLE,1,1,1,False,-1
7683,DOUBLE,0,1,1,False,-1
7684,TRIPLE,1,1,1,False,-1
7685,DOUBLE,0,1,1,False,-1
7686,TRIPLE,1,1,1,False,-1
7687,TRIPLE,1,1,1,False,-1
7688,SINGLE,0,0,1,False,-1
7689,TRIPLE,1,1,1,False,-1
7690,DOUBLE,0,1,1,False,-1
7691,TRIPLE,1,1,1,False,-1
7692,DOUBLE,0,1,1,False,-1
7694,TRIPLE,1,1,1,False,-1
7695,SINGLE,0,0,1,False,-1
7697,DOUBLE,0,1,1,False,-1
7698,DOUBLE,0,1,1,False,-1
7699,SINGLE,0,0,1,False,-1
7700,TRIPLE,1,1,1,False,-1
7701,TRIPLE,1,1,1,False,-1
7702,DOUBLE,0,1,1,False,-1
7703,TRIPLE,1,1,1,False,-1
7704,SINGLE,0,0,1,False,-1
7705,TRIPLE,1,1,1,False,-1
7706,SINGLE,0,0,1,False,-1
7707,TRIPLE,1,1,1,False,-1
7708,SINGLE,0,0,1,False,-1
7709,SINGLE,0,0,1,False,-1
7710,DOUBLE,0,1,1,False,-1
7711,TRIPLE,1,1,1,False,-1
7712,TRIPLE,1,1,1,False,-1
7713,SINGLE,0,0,1,False,-1
7714,TRIPLE,1,1,1,False,-1
7715,TRIPLE,1,1,1,False,-1
7716,TRIPLE,1,1,1,False,-1
7717,SINGLE,0,0,1,False,-1
7718,DOUBLE,0,1,1,False,-1
7719,DOUBLE,0,1,1,False,-1
7720,DOUBLE,0,1,1,False,-1
7721,TRIPLE,1,1,1,False,-1
7722,TRIPLE,1,1,1,False,-1
7723,DOUBLE,0,1,1,False,-1
7724,DOUBLE,0,1,1,False,-1
7725,DOUBLE,0,1,1,False,-1
7726,DOUBLE,0,1,1,False,-1
7728,DOUBLE,0,1,1,False,-1
7729,DOUBLE,0,1,1,False,-1
7731,DOUBLE,0,1,1,False,-1
7733,SINGLE,0,0,1,False,-1
7734,DOUBLE,0,1,1,False,-1
7735,DOUBLE,0,1,1,False,-1
7736,TRIPLE,1,1,1,False,-1
7737,TRIPLE,1,1,1,False,-1
7738,TRIPLE,1,1,1,False,-1
7739,SINGLE,0,0,1,False,-1
7740,TRIPLE,1,1,1,False,-1
7741,DOUBLE,0,1,1,False,-1
7743,TRIPLE,1,1,1,False,-1
7744,TRIPLE,1,1,1,False,-1
7745,TRIPLE,1,1,1,False,-1
7747,DOUBLE,0,1,1,False,-1
7748,SINGLE,0,0,1,False,-1
7749,TRIPLE,1,1,1,False,-1
7750,TRIPLE,1,1,1,False,-1
7751,TRIPLE,1,1,1,False,-1
7752,TRIPLE,1,1,1,False,-1
7753,DOUBLE,0,1,1,False,-1
7754,TRIPLE,1,1,1,False,-1
7755,DOUBLE,0,1,1,False,-1
7756,DOUBLE,0,1,1,False,-1
7757,TRIPLE,1,1,1,False,-1
7758,SINGLE,0,0,1,False,-1
7759,TRIPLE,1,1,1,False,-1
7760,TRIPLE,1,1,1,False,-1
7761,DOUBLE,0,1,1,False,-1
7762,DOUBLE,0,1,1,False,-1
7763,TRIPLE,1,1,1,False,-1
7764,TRIPLE,1,1,1,False,-1
7765,TRIPLE,1,1,1,False,-1
7766,TRIPLE,1,1,1,False,-1
7767,TRIPLE,1,1,1,False,-1
7768,TRIPLE,1,1,1,False,-1
7769,DOUBLE,0,1,1,False,-1
7770,DOUBLE,0,1,1,False,-1
7772,DOUBLE,0,1,1,False,-1
7773,TRIPLE,1,1,1,False,-1
7774,TRIPLE,1,1,1,False,-1
7775,TRIPLE,1,1,1,False,-1
7776,TRIPLE,1,1,1,False,-1
7778,TRIPLE,1,1,1,False,-1
7779,TRIPLE,1,1,1,False,-1
7780,TRIPLE,1,1,1,False,-1
7781,TRIPLE,1,1,1,False,-1
7782,SINGLE,0,0,1,False,-1
7783,TRIPLE,1,1,1,False,-1
7784,TRIPLE,1,1,1,False,-1
7785,DOUBLE,0,1,1,False,-1
7786,TRIPLE,1,1,1,False,-1
7787,TRIPLE,1,1,1,False,-1
7788,TRIPLE,1,1,1,False,-1
7789,TRIPLE,1,1,1,False,-1
7790,TRIPLE,1,1,1,False,-1
7791,TRIPLE,1,1,1,False,-1
7792,DOUBLE,0,1,1,False,-1
7793,DOUBLE,0,1,1,False,-1
7794,TRIPLE,1,1,1,False,-1
7795,TRIPLE,1,1,1,False,-1
7796,DOUBLE,0,1,1,False,-1
7797,TRIPLE,1,1,1,False,-1
7798,TRIPLE,1,1,1,False,-1
7800,TRIPLE,1,1,1,False,-1
7801,TRIPLE,1,1,1,False,-1
7802,TRIPLE,1,1,1,False,-1
7803,TRIPLE,1,1,1,False,-1
7805,DOUBLE,0,1,1,False,-1
7806,DOUBLE,0,1,1,False,-1
7807,DOUBLE,0,1,1,False,-1
7808,TRIPLE,1,1,1,False,-1
7809,SINGLE,0,0,1,False,-1
7812,DOUBLE,0,1,1,False,-1
7813,TRIPLE,1,1,1,False,-1
7814,TRIPLE,1,1,1,False,-1
7815,TRIPLE,1,1,1,False,-1
7816,SINGLE,0,0,1,False,-1
7817,DOUBLE,0,1,1,False,-1
7818,TRIPLE,1,1,1,False,-1
7819,DOUBLE,0,1,1,False,-1
7821,DOUBLE,0,1,1,False,-1
7823,TRIPLE,1,1,1,False,-1
7824,TRIPLE,1,1,1,False,-1
7825,SINGLE,0,0,1,False,-1
7826,TRIPLE,1,1,1,False,-1
7827,DOUBLE,0,1,1,False,-1
7828,SINGLE,0,0,1,False,-1
7829,TRIPLE,1,1,1,False,-1
7830,TRIPLE,1,1,1,False,-1
7831,DOUBLE,0,1,1,False,-1
7832,TRIPLE,1,1,1,False,-1
7833,TRIPLE,1,1,1,False,-1
7834,DOUBLE,0,1,1,False,-1
7835,DOUBLE,0,1,1,False,-1
7836,SINGLE,0,0,1,False,-1
7837,DOUBLE,0,1,1,False,-1
7838,TRIPLE,1,1,1,False,-1
7839,SINGLE,0,0,1,False,-1
7840,TRIPLE,1,1,1,False,-1
7841,TRIPLE,1,1,1,False,-1
7842,SINGLE,0,0,1,False,-1
7843,TRIPLE,1,1,1,False,-1
7844,TRIPLE,1,1,1,False,-1
7845,DOUBLE,0,1,1,False,-1
7846,DOUBLE,0,1,1,False,-1
7847,TRIPLE,1,1,1,False,-1
7848,TRIPLE,1,1,1,False,-1
7849,SINGLE,0,0,1,False,-1
7850,TRIPLE,1,1,1,False,-1
7851,TRIPLE,1,1,1,False,-1
7852,TRIPLE,1,1,1,False,-1
7853,DOUBLE,0,1,1,False,-1
7854,TRIPLE,1,1,1,False,-1
7855,TRIPLE,1,1,1,False,-1
7856,TRIPLE,1,1,1,False,-1
7857,DOUBLE,0,1,1,False,-1
7858,TRIPLE,1,1,1,False,-1
7859,SINGLE,0,0,1,False,-1
7860,SINGLE,0,0,1,False,-1
7862,DOUBLE,0,1,1,False,-1
7864,TRIPLE,1,1,1,False,-1
7865,TRIPLE,1,1,1,False,-1
7866,TRIPLE,1,1,1,False,-1
7867,DOUBLE,0,1,1,False,-1
7868,TRIPLE,1,1,1,False,-1
7869,TRIPLE,1,1,1,False,-1
7870,SINGLE,0,0,1,False,-1
7871,TRIPLE,1,1,1,False,-1
7872,TRIPLE,1,1,1,False,-1
7873,TRIPLE,1,1,1,False,-1
7874,TRIPLE,1,1,1,False,-1
7875,TRIPLE,1,1,1,False,-1
7876,TRIPLE,1,1,1,False,-1
7877,TRIPLE,1,1,1,False,-1
7878,DOUBLE,0,1,1,False,-1
7879,TRIPLE,1,1,1,False,-1
7880,TRIPLE,1,1,1,False,-1
7881,SINGLE,0,0,1,False,-1
7882,TRIPLE,1,1,1,False,-1
7883,TRIPLE,1,1,1,False,-1
7884,TRIPLE,1,1,1,False,-1
7885,TRIPLE,1,1,1,False,-1
7886,TRIPLE,1,1,1,False,-1
7887,DOUBLE,0,1,1,False,-1
7888,TRIPLE,1,1,1,False,-1
7889,TRIPLE,1,1,1,False,-1
7890,SINGLE,0,0,1,False,-1
7891,TRIPLE,1,1,1,False,-1
7892,TRIPLE,1,1,1,False,-1
7895,TRIPLE,1,1,1,False,-1
7896,SINGLE,0,0,1,False,-1
7898,DOUBLE,0,1,1,False,-1
7899,TRIPLE,1,1,1,False,-1
7900,TRIPLE,1,1,1,False,-1
7901,TRIPLE,1,1,1,False,-1
7902,DOUBLE,0,1,1,False,-1
7903,TRIPLE,1,1,1,False,-1
7904,SINGLE,0,0,1,False,-1
7905,DOUBLE,0,1,1,False,-1
7906,TRIPLE,1,1,1,False,-1
7907,SINGLE,0,0,1,False,-1
7908,TRIPLE,1,1,1,False,-1
7909,TRIPLE,1,1,1,False,-1
7910,DOUBLE,0,1,1,False,-1
7911,TRIPLE,1,1,1,False,-1
7912,TRIPLE,1,1,1,False,-1
7914,TRIPLE,1,1,1,False,-1
7915,SINGLE,0,0,1,False,-1
7916,SINGLE,0,0,1,False,-1
7917,TRIPLE,1,1,1,False,-1
7918,DOUBLE,0,1,1,False,-1
7919,TRIPLE,1,1,1,False,-1
7920,SINGLE,0,0,1,False,-1
7921,DOUBLE,0,1,1,False,-1
7922,DOUBLE,0,1,1,False,-1
7923,TRIPLE,1,1,1,False,-1
7924,TRIPLE,1,1,1,False,-1
7925,TRIPLE,1,1,1,False,-1
7926,DOUBLE,0,1,1,False,-1
7927,SINGLE,0,0,1,False,-1
7928,TRIPLE,1,1,1,False,-1
7929,TRIPLE,1,1,1,False,-1
7930,DOUBLE,0,1,1,False,-1
7931,TRIPLE,1,1,1,False,-1
7932,TRIPLE,1,1,1,False,-1
7933,DOUBLE,0,1,1,False,-1
7934,TRIPLE,1,1,1,False,-1
7935,TRIPLE,1,1,1,False,-1
7936,TRIPLE,1,1,1,False,-1
7937,TRIPLE,1,1,1,False,-1
7938,TRIPLE,1,1,1,False,-1
7939,DOUBLE,0,1,1,False,-1
7940,TRIPLE,1,1,1,False,-1
7942,SINGLE,0,0,1,False,-1
7943,DOUBLE,0,1,1,False,-1
7944,TRIPLE,1,1,1,False,-1
7945,TRIPLE,1,1,1,False,-1
7946,TRIPLE,1,1,1,False,-1
7947,TRIPLE,1,1,1,False,-1
7948,TRIPLE,1,1,1,False,-1
7949,TRIPLE,1,1,1,False,-1
7950,TRIPLE,1,1,1,False,-1
7951,TRIPLE,1,1,1,False,-1
7952,DOUBLE,0,1,1,False,-1
7953,DOUBLE,0,1,1,False,-1
7955,TRIPLE,1,1,1,False,-1
7956,DOUBLE,0,1,1,False,-1
7957,TRIPLE,1,1,1,False,-1
7958,DOUBLE,0,1,1,False,-1
7959,TRIPLE,1,1,1,False,-1
7961,TRIPLE,1,1,1,False,-1
7962,DOUBLE,0,1,1,False,-1
7963,SINGLE,0,0,1,False,-1
7964,DOUBLE,0,1,1,False,-1
7965,TRIPLE,1,1,1,False,-1
7966,SINGLE,0,0,1,False,-1
7968,SINGLE,0,0,1,False,-1
7969,TRIPLE,1,1,1,False,-1
7970,TRIPLE,1,1,1,False,-1
7971,TRIPLE,1,1,1,False,-1
7972,TRIPLE,1,1,1,False,-1
7973,TRIPLE,1,1,1,False,-1
7974,DOUBLE,0,1,1,False,-1
7976,TRIPLE,1,1,1,False,-1
7977,TRIPLE,1,1,1,False,-1
7978,TRIPLE,1,1,1,False,-1
7979,TRIPLE,1,1,1,False,-1
7980,TRIPLE,1,1,1,False,-1
7982,TRIPLE,1,1,1,False,-1
7983,SINGLE,0,0,1,False,-1
7984,TRIPLE,1,1,1,False,-1
7985,TRIPLE,1,1,1,False,-1
7986,TRIPLE,1,1,1,False,-1
7987,DOUBLE,0,1,1,False,-1
7989,TRIPLE,1,1,1,False,-1
7990,SINGLE,0,1,0,False,-1
7991,TRIPLE,1,1,1,False,-1
7992,SINGLE,0,0,1,False,-1
7993,DOUBLE,0,1,1,False,-1
7994,TRIPLE,1,1,1,False,-1
7995,TRIPLE,1,1,1,False,-1
7996,TRIPLE,1,1,1,False,-1
7997,TRIPLE,1,1,1,False,-1
7998,DOUBLE,0,1,1,False,-1
7999,SINGLE,0,0,1,False,-1
8000,DOUBLE,0,1,1,False,-1
8001,TRIPLE,1,1,1,False,-1
8003,SINGLE,0,0,1,False,-1
8004,TRIPLE,1,1,1,False,-1
8005,TRIPLE,1,1,1,False,-1
8006,TRIPLE,1,1,1,False,-1
8007,SINGLE,0,0,1,False,-1
8008,TRIPLE,1,1,1,False,-1
8009,TRIPLE,1,1,1,False,-1
8010,TRIPLE,1,1,1,False,-1
8011,TRIPLE,1,1,1,False,-1
8012,DOUBLE,0,1,1,False,-1
8013,TRIPLE,1,1,1,False,-1
8014,TRIPLE,1,1,1,False,-1
8015,SINGLE,0,0,1,False,-1
8016,DOUBLE,0,1,1,False,-1
8017,DOUBLE,0,1,1,False,-1
8018,DOUBLE,0,1,1,False,-1
8019,TRIPLE,1,1,1,False,-1
8020,TRIPLE,1,1,1,False,-1
8021,SINGLE,0,0,1,False,-1
8022,DOUBLE,0,1,1,False,-1
8023,TRIPLE,1,1,1,False,-1
8024,DOUBLE,0,1,1,False,-1
8025,TRIPLE,1,1,1,False,-1
8026,DOUBLE,0,1,1,False,-1
8027,TRIPLE,1,1,1,False,-1
8028,TRIPLE,1,1,1,False,-1
8029,TRIPLE,1,1,1,False,-1
8030,SINGLE,0,0,1,False,-1
8032,TRIPLE,1,1,1,False,-1
8033,TRIPLE,1,1,1,False,-1
8034,DOUBLE,0,1,1,False,-1
8036,TRIPLE,1,1,1,False,-1
8037,DOUBLE,0,1,1,False,-1
8038,TRIPLE,1,1,1,False,-1
8040,SINGLE,0,0,1,False,-1
8041,TRIPLE,1,1,1,False,-1
8042,DOUBLE,0,1,1,False,-1
8043,DOUBLE,0,1,1,False,-1
8044,TRIPLE,1,1,1,False,-1
8045,TRIPLE,1,1,1,False,-1
8046,TRIPLE,1,1,1,False,-1
8047,SINGLE,0,0,1,False,-1
8048,TRIPLE,1,1,1,False,-1
8049,DOUBLE,0,1,1,False,-1
8050,DOUBLE,0,1,1,False,-1
8051,TRIPLE,1,1,1,False,-1
8052,TRIPLE,1,1,1,False,-1
8053,TRIPLE,1,1,1,False,-1
8054,DOUBLE,0,1,1,False,-1
8056,DOUBLE,0,1,1,False,-1
8057,TRIPLE,1,1,1,False,-1
8058,DOUBLE,0,1,1,False,-1
8060,DOUBLE,0,1,1,False,-1
8061,TRIPLE,1,1,1,False,-1
8062,TRIPLE,1,1,1,False,-1
8063,DOUBLE,0,1,1,False,-1
8064,DOUBLE,0,1,1,False,-1
8065,SINGLE,0,0,1,False,-1
8066,SINGLE,0,0,1,False,-1
8067,TRIPLE,1,1,1,False,-1
8068,SINGLE,0,0,1,False,-1
8069,DOUBLE,0,1,1,False,-1
8070,DOUBLE,0,1,1,False,-1
8071,SINGLE,0,0,1,False,-1
8072,DOUBLE,0,1,1,False,-1
8073,SINGLE,0,0,1,False,-1
8074,TRIPLE,1,1,1,False,-1
8075,SINGLE,0,0,1,False,-1
8076,SINGLE,0,0,1,False,-1
8077,SINGLE,0,0,1,False,-1
8078,TRIPLE,1,1,1,False,-1
8079,TRIPLE,1,1,1,False,-1
8080,TRIPLE,1,1,1,False,-1
8081,DOUBLE,0,1,1,False,-1
8083,DOUBLE,0,1,1,False,-1
8084,DOUBLE,0,1,1,False,-1
8085,TRIPLE,1,1,1,False,-1
8086,DOUBLE,0,1,1,False,-1
8087,DOUBLE,0,1,1,False,-1
8088,TRIPLE,1,1,1,False,-1
8089,SINGLE,0,0,1,False,-1
8090,SINGLE,0,0,1,False,-1
8091,TRIPLE,1,1,1,False,-1
8092,DOUBLE,0,1,1,False,-1
8093,TRIPLE,1,1,1,False,-1
8094,TRIPLE,1,1,1,False,-1
8095,DOUBLE,0,1,1,False,-1
8096,SINGLE,0,0,1,False,-1
8097,DOUBLE,0,1,1,False,-1
8098,TRIPLE,1,1,1,False,-1
8099,DOUBLE,0,1,1,False,-1
8100,DOUBLE,0,1,1,False,-1
8102,TRIPLE,1,1,1,False,-1
8103,TRIPLE,1,1,1,False,-1
8104,DOUBLE,0,1,1,False,-1
8105,TRIPLE,1,1,1,False,-1
8106,DOUBLE,0,1,1,False,-1
8108,TRIPLE,1,1,1,False,-1
8109,TRIPLE,1,1,1,False,-1
8110,TRIPLE,1,1,1,False,-1
8111,DOUBLE,0,1,1,False,-1
8112,TRIPLE,1,1,1,False,-1
8113,DOUBLE,0,1,1,False,-1
8114,TRIPLE,1,1,1,False,-1
8115,TRIPLE,1,1,1,False,-1
8116,TRIPLE,1,1,1,False,-1
8117,TRIPLE,1,1,1,False,-1
8118,SINGLE,0,0,1,False,-1
8119,DOUBLE,0,1,1,False,-1
8120,SINGLE,0,0,1,False,-1
8121,DOUBLE,0,1,1,False,-1
8122,TRIPLE,1,1,1,False,-1
8123,DOUBLE,0,1,1,False,-1
8124,SINGLE,0,0,1,False,-1
8125,TRIPLE,1,1,1,False,-1
8126,DOUBLE,0,1,1,False,-1
8127,SINGLE,0,0,1,False,-1
8128,TRIPLE,1,1,1,False,-1
8129,TRIPLE,1,1,1,False,-1
8130,DOUBLE,0,1,1,False,-1
8131,SINGLE,0,0,1,False,-1
8132,DOUBLE,0,1,1,False,-1
8133,SINGLE,0,0,1,False,-1
8134,SINGLE,0,0,1,False,-1
8135,DOUBLE,0,1,1,False,-1
8136,TRIPLE,1,1,1,False,-1
8137,TRIPLE,1,1,1,False,-1
8138,DOUBLE,0,1,1,False,-1
8139,TRIPLE,1,1,1,False,-1
8140,DOUBLE,0,1,1,False,-1
8141,TRIPLE,1,1,1,False,-1
8142,DOUBLE,0,1,1,False,-1
8143,TRIPLE,1,1,1,False,-1
8144,SINGLE,0,0,1,False,-1
8145,TRIPLE,1,1,1,False,-1
8146,TRIPLE,1,1,1,False,-1
8147,TRIPLE,1,1,1,False,-1
8148,TRIPLE,1,1,1,False,-1
8149,DOUBLE,0,1,1,False,-1
8150,TRIPLE,1,1,1,False,-1
8151,TRIPLE,1,1,1,False,-1
8152,TRIPLE,1,1,1,False,-1
8153,TRIPLE,1,1,1,False,-1
8154,TRIPLE,1,1,1,False,-1
8155,TRIPLE,1,1,1,False,-1
8156,DOUBLE,0,1,1,False,-1
8157,DOUBLE,0,1,1,False,-1
8158,DOUBLE,0,1,1,False,-1
8159,SINGLE,0,0,1,False,-1
8160,DOUBLE,0,1,1,False,-1
8161,DOUBLE,0,1,1,False,-1
8162,SINGLE,0,0,1,False,-1
8163,TRIPLE,1,1,1,False,-1
8164,TRIPLE,1,1,1,False,-1
8165,DOUBLE,0,1,1,False,-1
8166,TRIPLE,1,1,1,False,-1
8167,SINGLE,0,0,1,False,-1
8168,TRIPLE,1,1,1,False,-1
8169,TRIPLE,1,1,1,False,-1
8170,DOUBLE,0,1,1,False,-1
8171,TRIPLE,1,1,1,False,-1
8173,TRIPLE,1,1,1,False,-1
8174,TRIPLE,1,1,1,False,-1
8175,TRIPLE,1,1,1,False,-1
8176,TRIPLE,1,1,1,False,-1
8177,SINGLE,0,0,1,False,-1
8178,DOUBLE,0,1,1,False,-1
8179,SINGLE,0,0,1,False,-1
8180,SINGLE,0,0,1,False,-1
8181,TRIPLE,1,1,1,False,-1
8182,TRIPLE,1,1,1,False,-1
8183,SINGLE,0,0,1,False,-1
8184,TRIPLE,1,1,1,False,-1
8185,TRIPLE,1,1,1,False,-1
8186,TRIPLE,1,1,1,False,-1
8187,TRIPLE,1,1,1,False,-1
8188,TRIPLE,1,1,1,False,-1
8189,TRIPLE,1,1,1,False,-1
8191,TRIPLE,1,1,1,False,-1
8192,SINGLE,0,0,1,False,-1
8193,DOUBLE,0,1,1,False,-1
8194,TRIPLE,1,1,1,False,-1
8195,TRIPLE,1,1,1,False,-1
8196,SINGLE,0,0,1,False,-1
8197,TRIPLE,1,1,1,False,-1
8198,TRIPLE,1,1,1,False,-1
8201,DOUBLE,0,1,1,False,-1
8202,TRIPLE,1,1,1,False,-1
8204,TRIPLE,1,1,1,False,-1
8205,DOUBLE,0,1,1,False,-1
8206,DOUBLE,0,1,1,False,-1
8208,DOUBLE,0,1,1,False,-1
8210,SINGLE,0,0,1,False,-1
8211,DOUBLE,0,1,1,False,-1
8212,DOUBLE,0,1,1,False,-1
8213,TRIPLE,1,1,1,False,-1
8214,TRIPLE,1,1,1,False,-1
8215,TRIPLE,1,1,1,False,-1
8216,TRIPLE,1,1,1,False,-1
8217,TRIPLE,1,1,1,False,-1
8218,DOUBLE,0,1,1,False,-1
8219,DOUBLE,0,1,1,False,-1
8220,DOUBLE,0,1,1,False,-1
8221,DOUBLE,0,1,1,False,-1
8222,TRIPLE,1,1,1,False,-1
8223,TRIPLE,1,1,1,False,-1
8224,TRIPLE,1,1,1,False,-1
8225,TRIPLE,1,1,1,False,-1
8226,TRIPLE,1,1,1,False,-1
8227,DOUBLE,0,1,1,False,-1
8228,TRIPLE,1,1,1,False,-1
8229,TRIPLE,1,1,1,False,-1
8230,TRIPLE,1,1,1,False,-1
8231,TRIPLE,1,1,1,False,-1
8232,DOUBLE,0,1,1,False,-1
8233,DOUBLE,0,1,1,False,-1
8234,TRIPLE,1,1,1,False,-1
8235,TRIPLE,1,1,1,False,-1
8236,DOUBLE,0,1,1,False,-1
8237,TRIPLE,1,1,1,False,-1
8238,TRIPLE,1,1,1,False,-1
8239,DOUBLE,0,1,1,False,-1
8240,DOUBLE,0,1,1,False,-1
8241,TRIPLE,1,1,1,False,-1
8243,TRIPLE,1,1,1,False,-1
8244,DOUBLE,0,1,1,False,-1
8245,DOUBLE,0,1,1,False,-1
8246,SINGLE,0,0,1,False,-1
8247,TRIPLE,1,1,1,False,-1
8249,DOUBLE,0,1,1,False,-1
8250,TRIPLE,1,1,1,False,-1
8251,TRIPLE,1,1,1,False,-1
8252,TRIPLE,1,1,1,False,-1
8253,TRIPLE,1,1,1,False,-1
8255,SINGLE,0,0,1,False,-1
8256,DOUBLE,0,1,1,False,-1
8257,TRIPLE,1,1,1,False,-1
8258,TRIPLE,1,1,1,False,-1
8259,SINGLE,0,0,1,False,-1
8262,TRIPLE,1,1,1,False,-1
8263,DOUBLE,0,1,1,False,-1
8264,TRIPLE,1,1,1,False,-1
8265,TRIPLE,1,1,1,False,-1
8266,TRIPLE,1,1,1,False,-1
8267,SINGLE,0,0,1,False,-1
8268,TRIPLE,1,1,1,False,-1
8269,TRIPLE,1,1,1,False,-1
8270,TRIPLE,1,1,1,False,-1
8271,TRIPLE,1,1,1,False,-1
8272,DOUBLE,0,1,1,False,-1
8273,DOUBLE,0,1,1,False,-1
8274,TRIPLE,1,1,1,False,-1
8275,TRIPLE,1,1,1,False,-1
8276,DOUBLE,0,1,1,False,-1
8277,DOUBLE,0,1,1,False,-1
8278,TRIPLE,1,1,1,False,-1
8279,DOUBLE,0,1,1,False,-1
8281,DOUBLE,0,1,1,False,-1
8282,TRIPLE,1,1,1,False,-1
8283,SINGLE,0,0,1,False,-1
8284,TRIPLE,1,1,1,False,-1
8285,DOUBLE,0,1,1,False,-1
8286,SINGLE,0,0,1,False,-1
8287,TRIPLE,1,1,1,False,-1
8288,DOUBLE,0,1,1,False,-1
8289,DOUBLE,0,1,1,False,-1
8290,TRIPLE,1,1,1,False,-1
8291,DOUBLE,0,1,1,False,-1
8292,SINGLE,0,0,1,False,-1
8294,TRIPLE,1,1,1,False,-1
8295,TRIPLE,1,1,1,False,-1
8296,TRIPLE,1,1,1,False,-1
8298,TRIPLE,1,1,1,False,-1
8300,SINGLE,0,0,1,False,-1
8301,TRIPLE,1,1,1,False,-1
8302,TRIPLE,1,1,1,False,-1
8303,TRIPLE,1,1,1,False,-1
8304,SINGLE,0,0,1,False,-1
8305,SINGLE,0,0,1,False,-1
8306,TRIPLE,1,1,1,False,-1
8307,TRIPLE,1,1,1,False,-1
8308,DOUBLE,0,1,1,False,-1
8309,DOUBLE,0,1,1,False,-1
8310,DOUBLE,0,1,1,False,-1
8311,TRIPLE,1,1,1,False,-1
8313,DOUBLE,0,1,1,False,-1
8314,DOUBLE,0,1,1,False,-1
8315,TRIPLE,1,1,1,False,-1
8316,DOUBLE,0,1,1,False,-1
8317,TRIPLE,1,1,1,False,-1
8318,DOUBLE,0,1,1,False,-1
8319,DOUBLE,0,1,1,False,-1
8320,TRIPLE,1,1,1,False,-1
8321,TRIPLE,1,1,1,False,-1
8322,SINGLE,0,0,1,False,-1
8323,DOUBLE,0,1,1,False,-1
8324,TRIPLE,1,1,1,False,-1
8325,SINGLE,0,0,1,False,-1
8326,TRIPLE,1,1,1,False,-1
8327,TRIPLE,1,1,1,False,-1
8328,TRIPLE,1,1,1,False,-1
8329,TRIPLE,1,1,1,False,-1
8330,TRIPLE,1,1,1,False,-1
8333,TRIPLE,1,1,1,False,-1
8334,TRIPLE,1,1,1,False,-1
8335,SINGLE,0,0,1,False,-1
8337,TRIPLE,1,1,1,False,-1
8338,DOUBLE,0,1,1,False,-1
8340,SINGLE,0,0,1,False,-1
8341,DOUBLE,0,1,1,False,-1
8342,SINGLE,0,0,1,False,-1
8343,TRIPLE,1,1,1,False,-1
8344,TRIPLE,1,1,1,False,-1
8345,DOUBLE,0,1,1,False,-1
8346,DOUBLE,0,1,1,False,-1
8347,DOUBLE,0,1,1,False,-1
8348,TRIPLE,1,1,1,False,-1
8349,TRIPLE,1,1,1,False,-1
8350,TRIPLE,1,1,1,False,-1
8351,TRIPLE,1,1,1,False,-1
8352,DOUBLE,0,1,1,False,-1
8353,SINGLE,0,0,1,False,-1
8354,TRIPLE,1,1,1,False,-1
8355,TRIPLE,1,1,1,False,-1
8356,TRIPLE,1,1,1,False,-1
8358,TRIPLE,1,1,1,False,-1
8359,TRIPLE,1,1,1,False,-1
8360,TRIPLE,1,1,1,False,-1
8361,TRIPLE,1,1,1,False,-1
8362,TRIPLE,1,1,1,False,-1
8363,DOUBLE,0,1,1,False,-1
8364,TRIPLE,1,1,1,False,-1
8365,SINGLE,0,0,1,False,-1
8366,TRIPLE,1,1,1,False,-1
8367,SINGLE,0,0,1,False,-1
8368,DOUBLE,0,1,1,False,-1
8369,DOUBLE,0,1,1,False,-1
8370,TRIPLE,1,1,1,False,-1
8371,DOUBLE,0,1,1,False,-1
8372,TRIPLE,1,1,1,False,-1
8373,DOUBLE,0,1,1,False,-1
8374,DOUBLE,0,1,1,False,-1
8376,DOUBLE,0,1,1,False,-1
8377,DOUBLE,0,1,1,False,-1
8378,DOUBLE,0,1,1,False,-1
8379,TRIPLE,1,1,1,False,-1
8380,DOUBLE,0,1,1,False,-1
8381,SINGLE,0,0,1,False,-1
8382,TRIPLE,1,1,1,False,-1
8383,DOUBLE,0,1,1,False,-1
8384,DOUBLE,0,1,1,False,-1
8385,TRIPLE,1,1,1,False,-1
8386,TRIPLE,1,1,1,False,-1
8387,TRIPLE,1,1,1,False,-1
8388,DOUBLE,0,1,1,False,-1
8389,SINGLE,0,0,1,False,-1
8390,TRIPLE,1,1,1,False,-1
8392,DOUBLE,0,1,1,False,-1
8393,DOUBLE,0,1,1,False,-1
8394,SINGLE,0,0,1,False,-1
8395,SINGLE,0,0,1,False,-1
8396,TRIPLE,1,1,1,False,-1
8397,TRIPLE,1,1,1,False,-1
8398,TRIPLE,1,1,1,False,-1
8399,DOUBLE,0,1,1,False,-1
8400,TRIPLE,1,1,1,False,-1
8401,DOUBLE,0,1,1,False,-1
8402,TRIPLE,1,1,1,False,-1
8403,TRIPLE,1,1,1,False,-1
8404,TRIPLE,1,1,1,False,-1
8405,TRIPLE,1,1,1,False,-1
8406,SINGLE,0,0,1,False,-1
8407,DOUBLE,0,1,1,False,-1
8409,SINGLE,0,0,1,False,-1
8410,TRIPLE,1,1,1,False,-1
8411,TRIPLE,1,1,1,False,-1
8412,DOUBLE,0,1,1,False,-1
8413,TRIPLE,1,1,1,False,-1
8414,TRIPLE,1,1,1,False,-1
8415,TRIPLE,1,1,1,False,-1
8416,DOUBLE,0,1,1,False,-1
8418,TRIPLE,1,1,1,False,-1
8419,TRIPLE,1,1,1,False,-1
8420,TRIPLE,1,1,1,False,-1
8421,DOUBLE,0,1,1,False,-1
8424,TRIPLE,1,1,1,False,-1
8425,TRIPLE,1,1,1,False,-1
8426,TRIPLE,1,1,1,False,-1
8427,TRIPLE,1,1,1,False,-1
8428,TRIPLE,1,1,1,False,-1
8429,TRIPLE,1,1,1,False,-1
8430,TRIPLE,1,1,1,False,-1
8431,TRIPLE,1,1,1,False,-1
8432,TRIPLE,1,1,1,False,-1
8433,SINGLE,0,0,1,False,-1
8434,TRIPLE,1,1,1,False,-1
8435,TRIPLE,1,1,1,False,-1
8436,DOUBLE,0,1,1,False,-1
8437,TRIPLE,1,1,1,False,-1
8438,TRIPLE,1,1,1,False,-1
8439,TRIPLE,1,1,1,False,-1
8440,TRIPLE,1,1,1,False,-1
8442,TRIPLE,1,1,1,False,-1
8443,TRIPLE,1,1,1,False,-1
8444,SINGLE,0,0,1,False,-1
8445,TRIPLE,1,1,1,False,-1
8446,TRIPLE,1,1,1,False,-1
8447,TRIPLE,1,1,1,False,-1
8448,TRIPLE,1,1,1,False,-1
8449,TRIPLE,1,1,1,False,-1
8450,DOUBLE,0,1,1,False,-1
8451,TRIPLE,1,1,1,False,-1
8452,DOUBLE,0,1,1,False,-1
8453,SINGLE,0,0,1,False,-1
8454,DOUBLE,0,1,1,False,-1
8455,TRIPLE,1,1,1,False,-1
8456,TRIPLE,1,1,1,False,-1
8457,SINGLE,0,0,1,False,-1
8458,TRIPLE,1,1,1,False,-1
8459,TRIPLE,1,1,1,False,-1
8460,DOUBLE,0,1,1,False,-1
8461,TRIPLE,1,1,1,False,-1
8462,TRIPLE,1,1,1,False,-1
8463,SINGLE,0,0,1,False,-1
8465,TRIPLE,1,1,1,False,-1
8466,DOUBLE,0,1,1,False,-1
8467,DOUBLE,0,1,1,False,-1
8468,TRIPLE,1,1,1,False,-1
8469,DOUBLE,0,1,1,False,-1
8471,TRIPLE,1,1,1,False,-1
8472,DOUBLE,0,1,1,False,-1
8475,DOUBLE,0,1,1,False,-1
8476,DOUBLE,0,1,1,False,-1
8477,SINGLE,0,0,1,False,-1
8478,TRIPLE,1,1,1,False,-1
8479,TRIPLE,1,1,1,False,-1
8480,SINGLE,0,0,1,False,-1
8481,DOUBLE,0,1,1,False,-1
8482,TRIPLE,1,1,1,False,-1
8483,SINGLE,0,0,1,False,-1
8484,DOUBLE,0,1,1,False,-1
8485,TRIPLE,1,1,1,False,-1
8486,DOUBLE,0,1,1,False,-1
8487,TRIPLE,1,1,1,False,-1
8488,TRIPLE,1,1,1,False,-1
8489,DOUBLE,0,1,1,False,-1
8490,TRIPLE,1,1,1,False,-1
8491,TRIPLE,1,1,1,False,-1
8492,TRIPLE,1,1,1,False,-1
8493,TRIPLE,1,1,1,False,-1
8494,DOUBLE,0,1,1,False,-1
8495,DOUBLE,0,1,1,False,-1
8496,TRIPLE,1,1,1,False,-1
8497,TRIPLE,1,1,1,False,-1
8498,SINGLE,0,0,1,False,-1
8499,TRIPLE,1,1,1,False,-1
8500,DOUBLE,0,1,1,False,-1
8501,DOUBLE,0,1,1,False,-1
8502,DOUBLE,0,1,1,False,-1
8503,TRIPLE,1,1,1,False,-1
8504,DOUBLE,0,1,1,False,-1
8505,TRIPLE,1,1,1,False,-1
8506,DOUBLE,0,1,1,False,-1
8507,SINGLE,0,0,1,False,-1
8509,TRIPLE,1,1,1,False,-1
8510,TRIPLE,1,1,1,False,-1
8511,TRIPLE,1,1,1,False,-1
8513,TRIPLE,1,1,1,False,-1
8514,TRIPLE,1,1,1,False,-1
8515,TRIPLE,1,1,1,False,-1
8516,TRIPLE,1,1,1,False,-1
8517,SINGLE,0,0,1,False,-1
8518,TRIPLE,1,1,1,False,-1
8519,SINGLE,0,0,1,False,-1
8520,SINGLE,0,0,1,False,-1
8521,TRIPLE,1,1,1,False,-1
8522,TRIPLE,1,1,1,False,-1
8523,TRIPLE,1,1,1,False,-1
8524,TRIPLE,1,1,1,False,-1
8525,TRIPLE,1,1,1,False,-1
8526,TRIPLE,1,1,1,False,-1
8527,DOUBLE,0,1,1,False,-1
8528,DOUBLE,0,1,1,False,-1
8529,TRIPLE,1,1,1,False,-1
8530,TRIPLE,1,1,1,False,-1
8532,TRIPLE,1,1,1,False,-1
8533,SINGLE,0,0,1,False,-1
8534,SINGLE,0,0,1,False,-1
8535,DOUBLE,0,1,1,False,-1
8536,TRIPLE,1,1,1,False,-1
8539,DOUBLE,0,1,1,False,-1
8540,DOUBLE,0,1,1,False,-1
8541,TRIPLE,1,1,1,False,-1
8542,TRIPLE,1,1,1,False,-1
8543,TRIPLE,1,1,1,False,-1
8544,TRIPLE,1,1,1,False,-1
8545,TRIPLE,1,1,1,False,-1
8546,TRIPLE,1,1,1,False,-1
8547,SINGLE,0,0,1,False,-1
8549,DOUBLE,0,1,1,False,-1
8550,SINGLE,0,0,1,False,-1
8551,TRIPLE,1,1,1,False,-1
8553,TRIPLE,1,1,1,False,-1
8554,TRIPLE,1,1,1,False,-1
8555,SINGLE,0,0,1,False,-1
8556,TRIPLE,1,1,1,False,-1
8557,TRIPLE,1,1,1,False,-1
8558,TRIPLE,1,1,1,False,-1
8559,TRIPLE,1,1,1,False,-1
8560,DOUBLE,0,1,1,False,-1
8561,TRIPLE,1,1,1,False,-1
8562,TRIPLE,1,1,1,False,-1
8563,DOUBLE,0,1,1,False,-1
8564,TRIPLE,1,1,1,False,-1
8565,TRIPLE,1,1,1,False,-1
8567,TRIPLE,1,1,1,False,-1
8568,SINGLE,0,0,1,False,-1
8569,TRIPLE,1,1,1,False,-1
8570,DOUBLE,0,1,1,False,-1
8571,TRIPLE,1,1,1,False,-1
8573,SINGLE,0,0,1,False,-1
8574,DOUBLE,0,1,1,False,-1
8576,TRIPLE,1,1,1,False,-1
8577,DOUBLE,0,1,1,False,-1
8578,TRIPLE,1,1,1,False,-1
8579,DOUBLE,0,1,1,False,-1
8580,TRIPLE,1,1,1,False,-1
8582,DOUBLE,0,1,1,False,-1
8583,TRIPLE,1,1,1,False,-1
8586,DOUBLE,0,1,1,False,-1
8587,TRIPLE,1,1,1,False,-1
8588,DOUBLE,0,1,1,False,-1
8590,SINGLE,0,0,1,False,-1
8591,TRIPLE,1,1,1,False,-1
8592,TRIPLE,1,1,1,False,-1
8593,TRIPLE,1,1,1,False,-1
8594,SINGLE,0,0,1,False,-1
8595,TRIPLE,1,1,1,False,-1
8597,TRIPLE,1,1,1,False,-1
8598,TRIPLE,1,1,1,False,-1
8599,TRIPLE,1,1,1,False,-1
8600,TRIPLE,1,1,1,False,-1
8601,DOUBLE,0,1,1,False,-1
8602,TRIPLE,1,1,1,False,-1
8603,TRIPLE,1,1,1,False,-1
8604,TRIPLE,1,1,1,False,-1
8605,TRIPLE,1,1,1,False,-1
8606,TRIPLE,1,1,1,False,-1
8607,DOUBLE,0,1,1,False,-1
8608,DOUBLE,0,1,1,False,-1
8609,TRIPLE,1,1,1,False,-1
8611,TRIPLE,1,1,1,False,-1
8612,TRIPLE,1,1,1,False,-1
8613,SINGLE,0,0,1,False,-1
8614,DOUBLE,0,1,1,False,-1
8615,TRIPLE,1,1,1,False,-1
8616,DOUBLE,0,1,1,False,-1
8617,TRIPLE,1,1,1,False,-1
8618,DOUBLE,0,1,1,False,-1
8619,TRIPLE,1,1,1,False,-1
8620,TRIPLE,1,1,1,False,-1
8621,TRIPLE,1,1,1,False,-1
8622,TRIPLE,1,1,1,False,-1
8623,SINGLE,0,0,1,False,-1
8624,TRIPLE,1,1,1,False,-1
8625,SINGLE,0,0,1,False,-1
8626,TRIPLE,1,1,1,False,-1
8627,TRIPLE,1,1,1,False,-1
8628,SINGLE,0,0,1,False,-1
8629,DOUBLE,0,1,1,False,-1
8630,TRIPLE,1,1,1,False,-1
8631,DOUBLE,0,1,1,False,-1
8632,DOUBLE,0,1,1,False,-1
8633,DOUBLE,0,1,1,False,-1
8634,TRIPLE,1,1,1,False,-1
8635,DOUBLE,0,1,1,False,-1
8638,SINGLE,0,0,1,False,-1
8639,TRIPLE,1,1,1,False,-1
8640,TRIPLE,1,1,1,False,-1
8641,TRIPLE,1,1,1,False,-1
8642,DOUBLE,0,1,1,False,-1
8643,SINGLE,0,0,1,False,-1
8644,TRIPLE,1,1,1,False,-1
8645,TRIPLE,1,1,1,False,-1
8646,TRIPLE,1,1,1,False,-1
8648,DOUBLE,0,1,1,False,-1
8649,TRIPLE,1,1,1,False,-1
8650,DOUBLE,0,1,1,False,-1
8651,SINGLE,0,0,1,False,-1
8652,TRIPLE,1,1,1,False,-1
8653,TRIPLE,1,1,1,False,-1
8654,DOUBLE,0,1,1,False,-1
8655,DOUBLE,0,1,1,False,-1
8656,TRIPLE,1,1,1,False,-1
8657,TRIPLE,1,1,1,False,-1
8658,TRIPLE,1,1,1,False,-1
8659,TRIPLE,1,1,1,False,-1
8660,DOUBLE,0,1,1,False,-1
8661,TRIPLE,1,1,1,False,-1
8662,TRIPLE,1,1,1,False,-1
8663,SINGLE,0,0,1,False,-1
8665,TRIPLE,1,1,1,False,-1
8666,TRIPLE,1,1,1,False,-1
8667,TRIPLE,1,1,1,False,-1
8668,DOUBLE,0,1,1,False,-1
8669,DOUBLE,0,1,1,False,-1
8670,TRIPLE,1,1,1,False,-1
8671,DOUBLE,0,1,1,False,-1
8672,DOUBLE,0,1,1,False,-1
8673,TRIPLE,1,1,1,False,-1
8674,TRIPLE,1,1,1,False,-1
8675,DOUBLE,0,1,1,False,-1
8676,TRIPLE,1,1,1,False,-1
8678,DOUBLE,0,1,1,False,-1
8679,SINGLE,0,0,1,False,-1
8680,TRIPLE,1,1,1,False,-1
8681,TRIPLE,1,1,1,False,-1
8682,TRIPLE,1,1,1,False,-1
8683,DOUBLE,0,1,1,False,-1
8684,TRIPLE,1,1,1,False,-1
8685,TRIPLE,1,1,1,False,-1
8686,TRIPLE,1,1,1,False,-1
8687,TRIPLE,1,1,1,False,-1
8688,TRIPLE,1,1,1,False,-1
8689,SINGLE,0,0,1,False,-1
8690,TRIPLE,1,1,1,False,-1
8692,TRIPLE,1,1,1,False,-1
8693,DOUBLE,0,1,1,False,-1
8694,TRIPLE,1,1,1,False,-1
8695,TRIPLE,1,1,1,False,-1
8696,SINGLE,0,0,1,False,-1
8697,TRIPLE,1,1,1,False,-1
8698,TRIPLE,1,1,1,False,-1
8699,TRIPLE,1,1,1,False,-1
8700,DOUBLE,0,1,1,False,-1
8701,TRIPLE,1,1,1,False,-1
8702,TRIPLE,1,1,1,False,-1
8704,DOUBLE,0,1,1,False,-1
8705,DOUBLE,0,1,1,False,-1
8706,TRIPLE,1,1,1,False,-1
8707,TRIPLE,1,1,1,False,-1
8708,DOUBLE,0,1,1,False,-1
8709,DOUBLE,0,1,1,False,-1
8710,TRIPLE,1,1,1,False,-1
8711,DOUBLE,0,1,1,False,-1
8713,SINGLE,0,0,1,False,-1
8714,TRIPLE,1,1,1,False,-1
8715,TRIPLE,1,1,1,False,-1
8716,TRIPLE,1,1,1,False,-1
8717,DOUBLE,0,1,1,False,-1
8719,TRIPLE,1,1,1,False,-1
8720,TRIPLE,1,1,1,False,-1
8721,TRIPLE,1,1,1,False,-1
8722,DOUBLE,0,1,1,False,-1
8723,DOUBLE,0,1,1,False,-1
8726,DOUBLE,0,1,1,False,-1
8727,TRIPLE,1,1,1,False,-1
8729,DOUBLE,0,1,1,False,-1
8730,SINGLE,0,0,1,False,-1
8731,SINGLE,0,0,1,False,-1
8732,TRIPLE,1,1,1,False,-1
8733,TRIPLE,1,1,1,False,-1
8734,DOUBLE,0,1,1,False,-1
8737,TRIPLE,1,1,1,False,-1
8738,DOUBLE,0,1,1,False,-1
8739,TRIPLE,1,1,1,False,-1
8740,DOUBLE,0,1,1,False,-1
8741,TRIPLE,1,1,1,False,-1
8742,TRIPLE,1,1,1,False,-1
8743,DOUBLE,0,1,1,False,-1
8744,DOUBLE,0,1,1,False,-1
8745,TRIPLE,1,1,1,False,-1
8746,DOUBLE,0,1,1,False,-1
8747,DOUBLE,0,1,1,False,-1
8748,TRIPLE,1,1,1,False,-1
8749,TRIPLE,1,1,1,False,-1
8750,DOUBLE,0,1,1,False,-1
8751,TRIPLE,1,1,1,False,-1
8752,DOUBLE,0,1,1,False,-1
8753,DOUBLE,0,1,1,False,-1
8754,SINGLE,0,0,1,False,-1
8755,TRIPLE,1,1,1,False,-1
8756,DOUBLE,0,1,1,False,-1
8757,DOUBLE,0,1,1,False,-1
8758,SINGLE,0,0,1,False,-1
8759,DOUBLE,0,1,1,False,-1
8760,TRIPLE,1,1,1,False,-1
8761,DOUBLE,0,1,1,False,-1
8763,TRIPLE,1,1,1,False,-1
8764,SINGLE,0,0,1,False,-1
8765,TRIPLE,1,1,1,False,-1
8766,DOUBLE,0,1,1,False,-1
8767,TRIPLE,1,1,1,False,-1
8768,DOUBLE,0,1,1,False,-1
8770,TRIPLE,1,1,1,False,-1
8771,TRIPLE,1,1,1,False,-1
8772,TRIPLE,1,1,1,False,-1
8773,SINGLE,0,0,1,False,-1
8774,TRIPLE,1,1,1,False,-1
8775,DOUBLE,0,1,1,False,-1
8777,TRIPLE,1,1,1,False,-1
8778,TRIPLE,1,1,1,False,-1
8779,SINGLE,0,0,1,False,-1
8780,TRIPLE,1,1,1,False,-1
8782,SINGLE,0,0,1,False,-1
8783,DOUBLE,0,1,1,False,-1
8784,SINGLE,0,0,1,False,-1
8785,DOUBLE,0,1,1,False,-1
8786,DOUBLE,0,1,1,False,-1
8787,TRIPLE,1,1,1,False,-1
8788,TRIPLE,1,1,1,False,-1
8790,SINGLE,0,0,1,False,-1
8792,DOUBLE,0,1,1,False,-1
8793,TRIPLE,1,1,1,False,-1
8794,DOUBLE,0,1,1,False,-1
8795,SINGLE,0,0,1,False,-1
8796,SINGLE,0,0,1,False,-1
8797,SINGLE,0,0,1,False,-1
8798,TRIPLE,1,1,1,False,-1
8799,DOUBLE,0,1,1,False,-1
8800,TRIPLE,1,1,1,False,-1
8801,TRIPLE,1,1,1,False,-1
8802,SINGLE,0,0,1,False,-1
8803,TRIPLE,1,1,1,False,-1
8804,TRIPLE,1,1,1,False,-1
8805,SINGLE,0,0,1,False,-1
8806,SINGLE,0,0,1,False,-1
8807,TRIPLE,1,1,1,False,-1
8808,DOUBLE,0,1,1,False,-1
8810,TRIPLE,1,1,1,False,-1
8811,TRIPLE,1,1,1,False,-1
8812,DOUBLE,0,1,1,False,-1
8813,TRIPLE,1,1,1,False,-1
8814,DOUBLE,0,1,1,False,-1
8815,DOUBLE,0,1,1,False,-1
8817,TRIPLE,1,1,1,False,-1
8818,DOUBLE,0,1,1,False,-1
8820,TRIPLE,1,1,1,False,-1
8821,TRIPLE,1,1,1,False,-1
8822,DOUBLE,0,1,1,False,-1
8823,DOUBLE,0,1,1,False,-1
8824,SINGLE,0,0,1,False,-1
8825,TRIPLE,1,1,1,False,-1
8826,DOUBLE,0,1,1,False,-1
8827,TRIPLE,1,1,1,False,-1
8828,DOUBLE,0,1,1,False,-1
8830,DOUBLE,0,1,1,False,-1
8831,DOUBLE,0,1,1,False,-1
8832,DOUBLE,0,1,1,False,-1
8833,TRIPLE,1,1,1,False,-1
8834,TRIPLE,1,1,1,False,-1
8836,TRIPLE,1,1,1,False,-1
8837,TRIPLE,1,1,1,False,-1
8838,TRIPLE,1,1,1,False,-1
8839,TRIPLE,1,1,1,False,-1
8840,SINGLE,0,0,1,False,-1
8842,TRIPLE,1,1,1,False,-1
8843,TRIPLE,1,1,1,False,-1
8844,DOUBLE,0,1,1,False,-1
8845,TRIPLE,1,1,1,False,-1
8846,SINGLE,0,0,1,False,-1
8847,TRIPLE,1,1,1,False,-1
8848,DOUBLE,0,1,1,False,-1
8849,TRIPLE,1,1,1,False,-1
8850,TRIPLE,1,1,1,False,-1
8851,TRIPLE,1,1,1,False,-1
8852,DOUBLE,0,1,1,False,-1
8853,DOUBLE,0,1,1,False,-1
8854,TRIPLE,1,1,1,False,-1
8855,SINGLE,0,0,1,False,-1
8856,TRIPLE,1,1,1,False,-1
8857,TRIPLE,1,1,1,False,-1
8858,TRIPLE,1,1,1,False,-1
8859,DOUBLE,0,1,1,False,-1
8860,SINGLE,0,0,1,False,-1
8861,TRIPLE,1,1,1,False,-1
8862,TRIPLE,1,1,1,False,-1
8863,SINGLE,0,0,1,False,-1
8864,DOUBLE,0,1,1,False,-1
8865,DOUBLE,0,1,1,False,-1
8866,TRIPLE,1,1,1,False,-1
8867,SINGLE,0,0,1,False,-1
8868,TRIPLE,1,1,1,False,-1
8869,SINGLE,0,0,1,False,-1
8870,SINGLE,0,0,1,False,-1
8871,DOUBLE,0,1,1,False,-1
8872,DOUBLE,0,1,1,False,-1
8873,SINGLE,0,0,1,False,-1
8874,DOUBLE,0,1,1,False,-1
8875,DOUBLE,0,1,1,False,-1
8876,TRIPLE,1,1,1,False,-1
8877,SINGLE,0,0,1,False,-1
8878,TRIPLE,1,1,1,False,-1
8879,TRIPLE,1,1,1,False,-1
8880,TRIPLE,1,1,1,False,-1
8881,TRIPLE,1,1,1,False,-1
8882,DOUBLE,0,1,1,False,-1
8883,TRIPLE,1,1,1,False,-1
8885,TRIPLE,1,1,1,False,-1
8886,DOUBLE,0,1,1,False,-1
8887,DOUBLE,0,1,1,False,-1
8888,TRIPLE,1,1,1,False,-1
8889,TRIPLE,1,1,1,False,-1
8891,TRIPLE,1,1,1,False,-1
8893,DOUBLE,0,1,1,False,-1
8894,DOUBLE,0,1,1,False,-1
8895,TRIPLE,1,1,1,False,-1
8896,TRIPLE,1,1,1,False,-1
8897,DOUBLE,0,1,1,False,-1
8899,DOUBLE,0,1,1,False,-1
8900,TRIPLE,1,1,1,False,-1
8901,TRIPLE,1,1,1,False,-1
8902,SINGLE,0,0,1,False,-1
8903,TRIPLE,1,1,1,False,-1
8905,SINGLE,0,0,1,False,-1
8906,DOUBLE,0,1,1,False,-1
8907,SINGLE,0,0,1,False,-1
8908,DOUBLE,0,1,1,False,-1
8909,DOUBLE,0,1,1,False,-1
8910,TRIPLE,1,1,1,False,-1
8911,TRIPLE,1,1,1,False,-1
8912,DOUBLE,0,1,1,False,-1
8913,TRIPLE,1,1,1,False,-1
8915,TRIPLE,1,1,1,False,-1
8916,TRIPLE,1,1,1,False,-1
8917,TRIPLE,1,1,1,False,-1
8918,TRIPLE,1,1,1,False,-1
8919,TRIPLE,1,1,1,False,-1
8921,TRIPLE,1,1,1,False,-1
8922,TRIPLE,1,1,1,False,-1
8923,DOUBLE,0,1,1,False,-1
8924,TRIPLE,1,1,1,False,-1
8925,TRIPLE,1,1,1,False,-1
8926,DOUBLE,0,1,1,False,-1
8927,TRIPLE,1,1,1,False,-1
8928,TRIPLE,1,1,1,False,-1
8929,SINGLE,0,0,1,False,-1
8930,TRIPLE,1,1,1,False,-1
8931,DOUBLE,0,1,1,False,-1
8932,TRIPLE,1,1,1,False,-1
8933,TRIPLE,1,1,1,False,-1
8934,TRIPLE,1,1,1,False,-1
8935,TRIPLE,1,1,1,False,-1
8936,TRIPLE,1,1,1,False,-1
8937,DOUBLE,0,1,1,False,-1
8938,TRIPLE,1,1,1,False,-1
8939,TRIPLE,1,1,1,False,-1
8940,TRIPLE,1,1,1,False,-1
8942,TRIPLE,1,1,1,False,-1
8943,TRIPLE,1,1,1,False,-1
8944,DOUBLE,0,1,1,False,-1
8945,TRIPLE,1,1,1,False,-1
8946,TRIPLE,1,1,1,False,-1
8947,DOUBLE,0,1,1,False,-1
8948,TRIPLE,1,1,1,False,-1
8949,TRIPLE,1,1,1,False,-1
8950,TRIPLE,1,1,1,False,-1
8952,SINGLE,0,0,1,False,-1
8953,SINGLE,0,0,1,False,-1
8954,SINGLE,0,0,1,False,-1
8955,DOUBLE,0,1,1,False,-1
8956,TRIPLE,1,1,1,False,-1
8957,SINGLE,0,0,1,False,-1
8959,DOUBLE,0,1,1,False,-1
8961,TRIPLE,1,1,1,False,-1
8962,DOUBLE,0,1,1,False,-1
8965,SINGLE,0,0,1,False,-1
8966,SINGLE,0,0,1,False,-1
8967,TRIPLE,1,1,1,False,-1
8968,DOUBLE,0,1,1,False,-1
8969,TRIPLE,1,1,1,False,-1
8972,SINGLE,0,0,1,False,-1
8973,TRIPLE,1,1,1,False,-1
8974,TRIPLE,1,1,1,False,-1
8975,TRIPLE,1,1,1,False,-1
8976,SINGLE,0,0,1,False,-1
8977,SINGLE,0,0,1,False,-1
8978,TRIPLE,1,1,1,False,-1
8979,TRIPLE,1,1,1,False,-1
8980,DOUBLE,0,1,1,False,-1
8981,DOUBLE,0,1,1,False,-1
8982,TRIPLE,1,1,1,False,-1
8983,TRIPLE,1,1,1,False,-1
8984,TRIPLE,1,1,1,False,-1
8985,TRIPLE,1,1,1,False,-1
8986,TRIPLE,1,1,1,False,-1
8987,TRIPLE,1,1,1,False,-1
8988,TRIPLE,1,1,1,False,-1
8989,SINGLE,0,0,1,False,-1
8990,DOUBLE,0,1,1,False,-1
8991,TRIPLE,1,1,1,False,-1
8992,DOUBLE,0,1,1,False,-1
8993,TRIPLE,1,1,1,False,-1
8994,SINGLE,0,0,1,False,-1
8995,TRIPLE,1,1,1,False,-1
8997,DOUBLE,0,1,1,False,-1
8998,TRIPLE,1,1,1,False,-1
9000,DOUBLE,0,1,1,False,-1
9001,SINGLE,0,0,1,False,-1
9002,SINGLE,0,0,1,False,-1
9003,TRIPLE,1,1,1,False,-1
9004,TRIPLE,1,1,1,False,-1
9005,TRIPLE,1,1,1,False,-1
9006,SINGLE,0,0,1,False,-1
9007,TRIPLE,1,1,1,False,-1
9008,TRIPLE,1,1,1,False,-1
9009,DOUBLE,0,1,1,False,-1
9010,DOUBLE,0,1,1,False,-1
9011,SINGLE,0,0,1,False,-1
9012,DOUBLE,0,1,1,False,-1
9013,TRIPLE,1,1,1,False,-1
9014,TRIPLE,1,1,1,False,-1
9015,TRIPLE,1,1,1,False,-1
9016,TRIPLE,1,1,1,False,-1
9017,TRIPLE,1,1,1,False,-1
9018,TRIPLE,1,1,1,False,-1
9019,TRIPLE,1,1,1,False,-1
9020,TRIPLE,1,1,1,False,-1
9021,DOUBLE,0,1,1,False,-1
9022,DOUBLE,0,1,1,False,-1
9023,TRIPLE,1,1,1,False,-1
9024,SINGLE,0,0,1,False,-1
9025,DOUBLE,0,1,1,False,-1
9026,SINGLE,0,0,1,False,-1
9027,DOUBLE,0,1,1,False,-1
9028,TRIPLE,1,1,1,False,-1
9030,TRIPLE,1,1,1,False,-1
9031,SINGLE,0,0,1,False,-1
9032,DOUBLE,0,1,1,False,-1
9033,DOUBLE,0,1,1,False,-1
9034,TRIPLE,1,1,1,False,-1
9035,TRIPLE,1,1,1,False,-1
9036,DOUBLE,0,1,1,False,-1
9039,TRIPLE,1,1,1,False,-1
9040,DOUBLE,0,1,1,False,-1
9041,TRIPLE,1,1,1,False,-1
9042,TRIPLE,1,1,1,False,-1
9043,SINGLE,0,0,1,False,-1
9044,DOUBLE,0,1,1,False,-1
9045,TRIPLE,1,1,1,False,-1
9046,TRIPLE,1,1,1,False,-1
9047,DOUBLE,0,1,1,False,-1
9048,DOUBLE,0,1,1,False,-1
9049,TRIPLE,1,1,1,False,-1
9050,SINGLE,0,0,1,False,-1
9052,SINGLE,0,0,1,False,-1
9054,TRIPLE,1,1,1,False,-1
9055,TRIPLE,1,1,1,False,-1
9056,TRIPLE,1,1,1,False,-1
9057,DOUBLE,0,1,1,False,-1
9058,TRIPLE,1,1,1,False,-1
9059,TRIPLE,1,1,1,False,-1
9060,TRIPLE,1,1,1,False,-1
9061,TRIPLE,1,1,1,False,-1
9062,TRIPLE,1,1,1,False,-1
9063,TRIPLE,1,1,1,False,-1
9064,TRIPLE,1,1,1,False,-1
9065,SINGLE,0,0,1,False,-1
9067,SINGLE,0,0,1,False,-1
9068,DOUBLE,0,1,1,False,-1
9070,SINGLE,0,0,1,False,-1
9071,SINGLE,0,0,1,False,-1
9072,DOUBLE,0,1,1,False,-1
9073,SINGLE,0,0,1,False,-1
9074,TRIPLE,1,1,1,False,-1
9075,TRIPLE,1,1,1,False,-1
9077,TRIPLE,1,1,1,False,-1
9078,TRIPLE,1,1,1,False,-1
9079,DOUBLE,0,1,1,False,-1
9081,DOUBLE,0,1,1,False,-1
9082,TRIPLE,1,1,1,False,-1
9083,TRIPLE,1,1,1,False,-1
9084,DOUBLE,0,1,1,False,-1
9085,SINGLE,0,0,1,False,-1
9087,DOUBLE,0,1,1,False,-1
9088,TRIPLE,1,1,1,False,-1
9089,TRIPLE,1,1,1,False,-1
9091,TRIPLE,1,1,1,False,-1
9092,TRIPLE,1,1,1,False,-1
9093,DOUBLE,0,1,1,False,-1
9094,DOUBLE,0,1,1,False,-1
9096,DOUBLE,0,1,1,False,-1
9097,TRIPLE,1,1,1,False,-1
9098,SINGLE,0,0,1,False,-1
9099,DOUBLE,0,1,1,False,-1
9100,DOUBLE,0,1,1,False,-1
9101,TRIPLE,1,1,1,False,-1
9102,DOUBLE,0,1,1,False,-1
9103,TRIPLE,1,1,1,False,-1
9104,TRIPLE,1,1,1,False,-1
9105,DOUBLE,0,1,1,False,-1
9106,TRIPLE,1,1,1,False,-1
9107,DOUBLE,0,1,1,False,-1
9108,TRIPLE,1,1,1,False,-1
9109,TRIPLE,1,1,1,False,-1
9110,SINGLE,0,0,1,False,-1
9111,TRIPLE,1,1,1,False,-1
9112,TRIPLE,1,1,1,False,-1
9113,DOUBLE,0,1,1,False,-1
9114,DOUBLE,0,1,1,False,-1
9115,TRIPLE,1,1,1,False,-1
9117,TRIPLE,1,1,1,False,-1
9118,DOUBLE,0,1,1,False,-1
9119,DOUBLE,0,1,1,False,-1
9120,DOUBLE,0,1,1,False,-1
9121,TRIPLE,1,1,1,False,-1
9122,DOUBLE,0,1,1,False,-1
9123,DOUBLE,0,1,1,False,-1
9124,TRIPLE,1,1,1,False,-1
9125,DOUBLE,0,1,1,False,-1
9126,TRIPLE,1,1,1,False,-1
9127,TRIPLE,1,1,1,False,-1
9128,SINGLE,0,0,1,False,-1
9129,TRIPLE,1,1,1,False,-1
9130,TRIPLE,1,1,1,False,-1
9131,TRIPLE,1,1,1,False,-1
9132,TRIPLE,1,1,1,False,-1
9133,TRIPLE,1,1,1,False,-1
9134,TRIPLE,1,1,1,False,-1
9135,SINGLE,0,0,1,False,-1
9136,DOUBLE,0,1,1,False,-1
9137,TRIPLE,1,1,1,False,-1
9138,TRIPLE,1,1,1,False,-1
9139,TRIPLE,1,1,1,False,-1
9140,DOUBLE,0,1,1,False,-1
9141,SINGLE,0,0,1,False,-1
9142,SINGLE,0,0,1,False,-1
9144,TRIPLE,1,1,1,False,-1
9145,TRIPLE,1,1,1,False,-1
9146,SINGLE,0,0,1,False,-1
9147,DOUBLE,0,1,1,False,-1
9148,TRIPLE,1,1,1,False,-1
9149,DOUBLE,0,1,1,False,-1
9150,TRIPLE,1,1,1,False,-1
9151,DOUBLE,0,1,1,False,-1
9152,TRIPLE,1,1,1,False,-1
9153,DOUBLE,0,1,1,False,-1
9154,DOUBLE,0,1,1,False,-1
9155,TRIPLE,1,1,1,False,-1
9156,TRIPLE,1,1,1,False,-1
9157,TRIPLE,1,1,1,False,-1
9158,TRIPLE,1,1,1,False,-1
9159,TRIPLE,1,1,1,False,-1
9160,TRIPLE,1,1,1,False,-1
9161,DOUBLE,0,1,1,False,-1
9162,TRIPLE,1,1,1,False,-1
9164,TRIPLE,1,1,1,False,-1
9167,DOUBLE,0,1,1,False,-1
9168,TRIPLE,1,1,1,False,-1
9169,DOUBLE,0,1,1,False,-1
9170,TRIPLE,1,1,1,False,-1
9171,SINGLE,0,0,1,False,-1
9172,TRIPLE,1,1,1,False,-1
9173,TRIPLE,1,1,1,False,-1
9174,DOUBLE,0,1,1,False,-1
9175,DOUBLE,0,1,1,False,-1
9176,TRIPLE,1,1,1,False,-1
9177,DOUBLE,0,1,1,False,-1
9178,TRIPLE,1,1,1,False,-1
9180,SINGLE,0,0,1,False,-1
9181,TRIPLE,1,1,1,False,-1
9182,TRIPLE,1,1,1,False,-1
9183,TRIPLE,1,1,1,False,-1
9184,TRIPLE,1,1,1,False,-1
9185,TRIPLE,1,1,1,False,-1
9187,DOUBLE,0,1,1,False,-1
9189,TRIPLE,1,1,1,False,-1
9190,TRIPLE,1,1,1,False,-1
9192,TRIPLE,1,1,1,False,-1
9193,TRIPLE,1,1,1,False,-1
9195,DOUBLE,0,1,1,False,-1
9196,TRIPLE,1,1,1,False,-1
9197,TRIPLE,1,1,1,False,-1
9198,TRIPLE,1,1,1,False,-1
9199,DOUBLE,0,1,1,False,-1
9200,DOUBLE,0,1,1,False,-1
9201,TRIPLE,1,1,1,False,-1
9202,DOUBLE,0,1,1,False,-1
9203,SINGLE,0,0,1,False,-1
9204,TRIPLE,1,1,1,False,-1
9205,TRIPLE,1,1,1,False,-1
9207,DOUBLE,0,1,1,False,-1
9209,SINGLE,0,0,1,False,-1
9210,DOUBLE,0,1,1,False,-1
9211,TRIPLE,1,1,1,False,-1
9212,SINGLE,0,0,1,False,-1
9213,DOUBLE,0,1,1,False,-1
9214,SINGLE,0,0,1,False,-1
9215,TRIPLE,1,1,1,False,-1
9216,DOUBLE,0,1,1,False,-1
9217,TRIPLE,1,1,1,False,-1
9218,SINGLE,0,0,1,False,-1
9219,SINGLE,0,0,1,False,-1
9220,DOUBLE,0,1,1,False,-1
9221,TRIPLE,1,1,1,False,-1
9222,TRIPLE,1,1,1,False,-1
9223,DOUBLE,0,1,1,False,-1
9224,TRIPLE,1,1,1,False,-1
9225,TRIPLE,1,1,1,False,-1
9226,TRIPLE,1,1,1,False,-1
9227,DOUBLE,0,1,1,False,-1
9228,TRIPLE,1,1,1,False,-1
9230,SINGLE,0,0,1,False,-1
9231,SINGLE,0,0,1,False,-1
9232,DOUBLE,0,1,1,False,-1
9233,TRIPLE,1,1,1,False,-1
9234,TRIPLE,1,1,1,False,-1
9235,DOUBLE,0,1,1,False,-1
9236,TRIPLE,1,1,1,False,-1
9238,TRIPLE,1,1,1,False,-1
9239,DOUBLE,0,1,1,False,-1
9240,DOUBLE,0,1,1,False,-1
9241,TRIPLE,1,1,1,False,-1
9242,TRIPLE,1,1,1,False,-1
9243,TRIPLE,1,1,1,False,-1
9244,DOUBLE,0,1,1,False,-1
9245,SINGLE,0,0,1,False,-1
9246,TRIPLE,1,1,1,False,-1
9247,DOUBLE,0,1,1,False,-1
9248,TRIPLE,1,1,1,False,-1
9249,DOUBLE,0,1,1,False,-1
9250,DOUBLE,0,1,1,False,-1
9251,TRIPLE,1,1,1,False,-1
9252,DOUBLE,0,1,1,False,-1
9253,TRIPLE,1,1,1,False,-1
9254,TRIPLE,1,1,1,False,-1
9255,TRIPLE,1,1,1,False,-1
9256,TRIPLE,1,1,1,False,-1
9257,TRIPLE,1,1,1,False,-1
9259,SINGLE,0,0,1,False,-1
9260,SINGLE,0,0,1,False,-1
9261,DOUBLE,0,1,1,False,-1
9262,TRIPLE,1,1,1,False,-1
9263,DOUBLE,0,1,1,False,-1
9264,TRIPLE,1,1,1,False,-1
9265,DOUBLE,0,1,1,False,-1
9266,TRIPLE,1,1,1,False,-1
9267,SINGLE,0,0,1,False,-1
9268,DOUBLE,0,1,1,False,-1
9269,DOUBLE,0,1,1,False,-1
9270,TRIPLE,1,1,1,False,-1
9271,TRIPLE,1,1,1,False,-1
9272,TRIPLE,1,1,1,False,-1
9273,SINGLE,0,0,1,False,-1
9274,TRIPLE,1,1,1,False,-1
9275,DOUBLE,0,1,1,False,-1
9278,DOUBLE,0,1,1,False,-1
9279,TRIPLE,1,1,1,False,-1
9280,SINGLE,0,0,1,False,-1
9281,TRIPLE,1,1,1,False,-1
9282,SINGLE,0,0,1,False,-1
9283,TRIPLE,1,1,1,False,-1
9284,SINGLE,0,0,1,False,-1
9285,DOUBLE,0,1,1,False,-1
9286,DOUBLE,0,1,1,False,-1
9287,SINGLE,0,0,1,False,-1
9288,DOUBLE,0,1,1,False,-1
9289,SINGLE,0,0,1,False,-1
9290,TRIPLE,1,1,1,False,-1
9291,SINGLE,0,0,1,False,-1
9292,TRIPLE,1,1,1,False,-1
9293,DOUBLE,0,1,1,False,-1
9294,DOUBLE,0,1,1,False,-1
9295,TRIPLE,1,1,1,False,-1
9296,DOUBLE,0,1,1,False,-1
9297,DOUBLE,0,1,1,False,-1
9298,TRIPLE,1,1,1,False,-1
9299,TRIPLE,1,1,1,False,-1
9300,DOUBLE,0,1,1,False,-1
9301,DOUBLE,0,1,1,False,-1
9302,TRIPLE,1,1,1,False,-1
9303,TRIPLE,1,1,1,False,-1
9304,TRIPLE,1,1,1,False,-1
9305,TRIPLE,1,1,1,False,-1
9306,TRIPLE,1,1,1,False,-1
9307,DOUBLE,0,1,1,False,-1
9308,TRIPLE,1,1,1,False,-1
9310,TRIPLE,1,1,1,False,-1
9311,TRIPLE,1,1,1,False,-1
9312,TRIPLE,1,1,1,False,-1
9314,TRIPLE,1,1,1,False,-1
9315,DOUBLE,0,1,1,False,-1
9316,DOUBLE,0,1,1,False,-1
9317,DOUBLE,0,1,1,False,-1
9318,TRIPLE,1,1,1,False,-1
9319,TRIPLE,1,1,1,False,-1
9320,DOUBLE,0,1,1,False,-1
9321,TRIPLE,1,1,1,False,-1
9322,TRIPLE,1,1,1,False,-1
9323,DOUBLE,0,1,1,False,-1
9324,DOUBLE,0,1,1,False,-1
9325,DOUBLE,0,1,1,False,-1
9326,TRIPLE,1,1,1,False,-1
9327,TRIPLE,1,1,1,False,-1
9328,SINGLE,0,0,1,False,-1
9329,DOUBLE,0,1,1,False,-1
9330,SINGLE,0,0,1,False,-1
9331,TRIPLE,1,1,1,False,-1
9332,DOUBLE,0,1,1,False,-1
9333,SINGLE,0,0,1,False,-1
9334,DOUBLE,0,1,1,False,-1
9335,TRIPLE,1,1,1,False,-1
9336,SINGLE,0,0,1,False,-1
9337,DOUBLE,0,1,1,False,-1
9340,TRIPLE,1,1,1,False,-1
9342,SINGLE,0,0,1,False,-1
9343,TRIPLE,1,1,1,False,-1
9344,SINGLE,0,0,1,False,-1
9345,TRIPLE,1,1,1,False,-1
9347,TRIPLE,1,1,1,False,-1
9348,DOUBLE,0,1,1,False,-1
9351,DOUBLE,0,1,1,False,-1
9352,TRIPLE,1,1,1,False,-1
9353,DOUBLE,0,1,1,False,-1
9354,TRIPLE,1,1,1,False,-1
9355,TRIPLE,1,1,1,False,-1
9356,SINGLE,0,0,1,False,-1
9357,TRIPLE,1,1,1,False,-1
9358,TRIPLE,1,1,1,False,-1
9359,SINGLE,0,0,1,False,-1
9360,TRIPLE,1,1,1,False,-1
9361,DOUBLE,0,1,1,False,-1
9362,TRIPLE,1,1,1,False,-1
9363,SINGLE,0,0,1,False,-1
9364,SINGLE,0,0,1,False,-1
9365,TRIPLE,1,1,1,False,-1
9367,SINGLE,0,0,1,False,-1
9368,TRIPLE,1,1,1,False,-1
9369,TRIPLE,1,1,1,False,-1
9371,DOUBLE,0,1,1,False,-1
9373,SINGLE,0,0,1,False,-1
9375,DOUBLE,0,1,1,False,-1
9376,TRIPLE,1,1,1,False,-1
9377,TRIPLE,1,1,1,False,-1
9378,TRIPLE,1,1,1,False,-1
9379,TRIPLE,1,1,1,False,-1
9380,TRIPLE,1,1,1,False,-1
9381,DOUBLE,0,1,1,False,-1
9382,TRIPLE,1,1,1,False,-1
9383,SINGLE,0,0,1,False,-1
9385,TRIPLE,1,1,1,False,-1
9386,TRIPLE,1,1,1,False,-1
9388,SINGLE,0,0,1,False,-1
9389,DOUBLE,0,1,1,False,-1
9391,DOUBLE,0,1,1,False,-1
9392,DOUBLE,0,1,1,False,-1
9393,TRIPLE,1,1,1,False,-1
9395,SINGLE,0,0,1,False,-1
9396,DOUBLE,0,1,1,False,-1
9397,SINGLE,0,0,1,False,-1
9398,DOUBLE,0,1,1,False,-1
9399,TRIPLE,1,1,1,False,-1
9401,TRIPLE,1,1,1,False,-1
9402,TRIPLE,1,1,1,False,-1
9403,DOUBLE,0,1,1,False,-1
9404,TRIPLE,1,1,1,False,-1
9405,TRIPLE,1,1,1,False,-1
9406,TRIPLE,1,1,1,False,-1
9407,SINGLE,0,0,1,False,-1
9408,TRIPLE,1,1,1,False,-1
9409,DOUBLE,0,1,1,False,-1
9411,DOUBLE,0,1,1,False,-1
9412,TRIPLE,1,1,1,False,-1
9413,TRIPLE,1,1,1,False,-1
9415,TRIPLE,1,1,1,False,-1
9416,TRIPLE,1,1,1,False,-1
9417,DOUBLE,0,1,1,False,-1
9418,DOUBLE,0,1,1,False,-1
9419,TRIPLE,1,1,1,False,-1
9420,DOUBLE,0,1,1,False,-1
9421,TRIPLE,1,1,1,False,-1
9422,TRIPLE,1,1,1,False,-1
9423,DOUBLE,0,1,1,False,-1
9424,DOUBLE,0,1,1,False,-1
9426,TRIPLE,1,1,1,False,-1
9427,TRIPLE,1,1,1,False,-1
9428,SINGLE,0,0,1,False,-1
9429,TRIPLE,1,1,1,False,-1
9430,DOUBLE,0,1,1,False,-1
9431,TRIPLE,1,1,1,False,-1
9432,SINGLE,0,0,1,False,-1
9433,TRIPLE,1,1,1,False,-1
9434,DOUBLE,0,1,1,False,-1
9435,DOUBLE,0,1,1,False,-1
9438,DOUBLE,0,1,1,False,-1
9439,TRIPLE,1,1,1,False,-1
9440,DOUBLE,0,1,1,False,-1
9441,DOUBLE,0,1,1,False,-1
9442,TRIPLE,1,1,1,False,-1
9443,TRIPLE,1,1,1,False,-1
9444,DOUBLE,0,1,1,False,-1
9445,TRIPLE,1,1,1,False,-1
9447,TRIPLE,1,1,1,False,-1
9448,DOUBLE,0,1,1,False,-1
9449,TRIPLE,1,1,1,False,-1
9450,DOUBLE,0,1,1,False,-1
9451,TRIPLE,1,1,1,False,-1
9452,TRIPLE,1,1,1,False,-1
9453,SINGLE,0,0,1,False,-1
9454,SINGLE,0,0,1,False,-1
9455,DOUBLE,0,1,1,False,-1
9456,DOUBLE,0,1,1,False,-1
9457,TRIPLE,1,1,1,False,-1
9458,SINGLE,0,0,1,False,-1
9459,SINGLE,0,0,1,False,-1
9460,TRIPLE,1,1,1,False,-1
9461,DOUBLE,0,1,1,False,-1
9462,DOUBLE,0,1,1,False,-1
9463,TRIPLE,1,1,1,False,-1
9464,TRIPLE,1,1,1,False,-1
9465,TRIPLE,1,1,1,False,-1
9467,SINGLE,0,0,1,False,-1
9468,TRIPLE,1,1,1,False,-1
9469,TRIPLE,1,1,1,False,-1
9470,SINGLE,0,0,1,False,-1
9471,TRIPLE,1,1,1,False,-1
9472,SINGLE,0,0,1,False,-1
9473,DOUBLE,0,1,1,False,-1
9474,DOUBLE,0,1,1,False,-1
9475,TRIPLE,1,1,1,False,-1
9476,TRIPLE,1,1,1,False,-1
9478,SINGLE,0,0,1,False,-1
9479,TRIPLE,1,1,1,False,-1
9480,DOUBLE,0,1,1,False,-1
9481,SINGLE,0,0,1,False,-1
9482,DOUBLE,0,1,1,False,-1
9483,SINGLE,0,0,1,False,-1
9484,SINGLE,0,0,1,False,-1
9485,TRIPLE,1,1,1,False,-1
9486,TRIPLE,1,1,1,False,-1
9487,DOUBLE,0,1,1,False,-1
9488,TRIPLE,1,1,1,False,-1
9489,DOUBLE,0,1,1,False,-1
9491,TRIPLE,1,1,1,False,-1
9492,DOUBLE,0,1,1,False,-1
9493,DOUBLE,0,1,1,False,-1
9494,SINGLE,0,0,1,False,-1
9495,TRIPLE,1,1,1,False,-1
9496,TRIPLE,1,1,1,False,-1
9497,SINGLE,0,0,1,False,-1
9498,DOUBLE,0,1,1,False,-1
9499,DOUBLE,0,1,1,False,-1
9501,SINGLE,0,0,1,False,-1
9502,TRIPLE,1,1,1,False,-1
9503,SINGLE,0,0,1,False,-1
9504,DOUBLE,0,1,1,False,-1
9505,SINGLE,0,0,1,False,-1
9507,DOUBLE,0,1,1,False,-1
9508,DOUBLE,0,1,1,False,-1
9509,DOUBLE,0,1,1,False,-1
9510,SINGLE,0,0,1,False,-1
9511,SINGLE,0,0,1,False,-1
9512,TRIPLE,1,1,1,False,-1
9513,DOUBLE,0,1,1,False,-1
9514,SINGLE,0,0,1,False,-1
9515,TRIPLE,1,1,1,False,-1
9516,DOUBLE,0,1,1,False,-1
9517,DOUBLE,0,1,1,False,-1
9518,TRIPLE,1,1,1,False,-1
9519,TRIPLE,1,1,1,False,-1
9520,TRIPLE,1,1,1,False,-1
9521,TRIPLE,1,1,1,False,-1
9522,DOUBLE,0,1,1,False,-1
9523,TRIPLE,1,1,1,False,-1
9524,TRIPLE,1,1,1,False,-1
9525,DOUBLE,0,1,1,False,-1
9526,SINGLE,0,0,1,False,-1
9527,TRIPLE,1,1,1,False,-1
9528,DOUBLE,0,1,1,False,-1
9529,TRIPLE,1,1,1,False,-1
9530,TRIPLE,1,1,1,False,-1
9531,TRIPLE,1,1,1,False,-1
9532,SINGLE,0,0,1,False,-1
9533,DOUBLE,0,1,1,False,-1
9534,TRIPLE,1,1,1,False,-1
9535,TRIPLE,1,1,1,False,-1
9536,TRIPLE,1,1,1,False,-1
9537,TRIPLE,1,1,1,False,-1
9538,SINGLE,0,0,1,False,-1
9539,TRIPLE,1,1,1,False,-1
9540,SINGLE,0,0,1,False,-1
9541,SINGLE,0,0,1,False,-1
9542,SINGLE,0,0,1,False,-1
9543,TRIPLE,1,1,1,False,-1
9544,DOUBLE,0,1,1,False,-1
9545,TRIPLE,1,1,1,False,-1
9546,TRIPLE,1,1,1,False,-1
9548,DOUBLE,0,1,1,False,-1
9549,TRIPLE,1,1,1,False,-1
9550,TRIPLE,1,1,1,False,-1
9551,DOUBLE,0,1,1,False,-1
9552,TRIPLE,1,1,1,False,-1
9553,TRIPLE,1,1,1,False,-1
9554,TRIPLE,1,1,1,False,-1
9555,TRIPLE,1,1,1,False,-1
9556,DOUBLE,0,1,1,False,-1
9557,SINGLE,0,0,1,False,-1
9558,DOUBLE,0,1,1,False,-1
9560,SINGLE,0,0,1,False,-1
9561,SINGLE,0,0,1,False,-1
9562,SINGLE,0,0,1,False,-1
9563,SINGLE,0,0,1,False,-1
9564,DOUBLE,0,1,1,False,-1
9565,TRIPLE,1,1,1,False,-1
9566,SINGLE,0,0,1,False,-1
9567,TRIPLE,1,1,1,False,-1
9568,TRIPLE,1,1,1,False,-1
9569,TRIPLE,1,1,1,False,-1
9570,TRIPLE,1,1,1,False,-1
9571,TRIPLE,1,1,1,False,-1
9572,TRIPLE,1,1,1,False,-1
9573,DOUBLE,0,1,1,False,-1
9574,DOUBLE,0,1,1,False,-1
9575,DOUBLE,0,1,1,False,-1
9576,TRIPLE,1,1,1,False,-1
9577,DOUBLE,0,1,1,False,-1
9579,TRIPLE,1,1,1,False,-1
9580,DOUBLE,0,1,1,False,-1
9582,DOUBLE,0,1,1,False,-1
9583,TRIPLE,1,1,1,False,-1
9584,DOUBLE,0,1,1,False,-1
9585,TRIPLE,1,1,1,False,-1
9586,TRIPLE,1,1,1,False,-1
9587,SINGLE,0,0,1,False,-1
9588,DOUBLE,0,1,1,False,-1
9589,TRIPLE,1,1,1,False,-1
9590,DOUBLE,0,1,1,False,-1
9592,TRIPLE,1,1,1,False,-1
9594,TRIPLE,1,1,1,False,-1
9595,DOUBLE,0,1,1,False,-1
9596,SINGLE,0,0,1,False,-1
9597,TRIPLE,1,1,1,False,-1
9598,TRIPLE,1,1,1,False,-1
9600,TRIPLE,1,1,1,False,-1
9601,SINGLE,0,0,1,False,-1
9602,SINGLE,0,0,1,False,-1
9603,DOUBLE,0,1,1,False,-1
9604,SINGLE,0,0,1,False,-1
9605,TRIPLE,1,1,1,False,-1
9606,DOUBLE,0,1,1,False,-1
9607,TRIPLE,1,1,1,False,-1
9608,TRIPLE,1,1,1,False,-1
9609,TRIPLE,1,1,1,False,-1
9610,DOUBLE,0,1,1,False,-1
9611,TRIPLE,1,1,1,False,-1
9612,DOUBLE,0,1,1,False,-1
9613,SINGLE,0,0,1,False,-1
9615,SINGLE,0,0,1,False,-1
9616,TRIPLE,1,1,1,False,-1
9617,DOUBLE,0,1,1,False,-1
9618,DOUBLE,0,1,1,False,-1
9619,TRIPLE,1,1,1,False,-1
9620,TRIPLE,1,1,1,False,-1
9621,SINGLE,0,0,1,False,-1
9622,TRIPLE,1,1,1,False,-1
9623,DOUBLE,0,1,1,False,-1
9625,TRIPLE,1,1,1,False,-1
9626,TRIPLE,1,1,1,False,-1
9627,SINGLE,0,0,1,False,-1
9628,TRIPLE,1,1,1,False,-1
9629,TRIPLE,1,1,1,False,-1
9631,TRIPLE,1,1,1,False,-1
9632,DOUBLE,0,1,1,False,-1
9633,SINGLE,0,0,1,False,-1
9634,TRIPLE,1,1,1,False,-1
9635,TRIPLE,1,1,1,False,-1
9636,SINGLE,0,0,1,False,-1
9637,DOUBLE,0,1,1,False,-1
9638,SINGLE,0,0,1,False,-1
9640,DOUBLE,0,1,1,False,-1
9641,SINGLE,0,0,1,False,-1
9642,SINGLE,0,0,1,False,-1
9643,DOUBLE,0,1,1,False,-1
9644,DOUBLE,0,1,1,False,-1
9645,TRIPLE,1,1,1,False,-1
9646,DOUBLE,0,1,1,False,-1
9648,TRIPLE,1,1,1,False,-1
9649,DOUBLE,0,1,1,False,-1
9650,TRIPLE,1,1,1,False,-1
9651,TRIPLE,1,1,1,False,-1
9652,TRIPLE,1,1,1,False,-1
9653,TRIPLE,1,1,1,False,-1
9654,TRIPLE,1,1,1,False,-1
9655,DOUBLE,0,1,1,False,-1
9656,TRIPLE,1,1,1,False,-1
9657,TRIPLE,1,1,1,False,-1
9658,DOUBLE,0,1,1,False,-1
9659,DOUBLE,0,1,1,False,-1
9660,TRIPLE,1,1,1,False,-1
9661,TRIPLE,1,1,1,False,-1
9662,TRIPLE,1,1,1,False,-1
9663,TRIPLE,1,1,1,False,-1
9666,TRIPLE,1,1,1,False,-1
9667,TRIPLE,1,1,1,False,-1
9668,TRIPLE,1,1,1,False,-1
9669,TRIPLE,1,1,1,False,-1
9670,TRIPLE,1,1,1,False,-1
9671,SINGLE,0,0,1,False,-1
9672,DOUBLE,0,1,1,False,-1
9673,TRIPLE,1,1,1,False,-1
9675,TRIPLE,1,1,1,False,-1
9676,TRIPLE,1,1,1,False,-1
9677,TRIPLE,1,1,1,False,-1
9678,SINGLE,0,0,1,False,-1
9679,DOUBLE,0,1,1,False,-1
9680,DOUBLE,0,1,1,False,-1
9681,TRIPLE,1,1,1,False,-1
9682,TRIPLE,1,1,1,False,-1
9683,DOUBLE,0,1,1,False,-1
9684,TRIPLE,1,1,1,False,-1
9685,TRIPLE,1,1,1,False,-1
9686,TRIPLE,1,1,1,False,-1
9687,DOUBLE,0,1,1,False,-1
9688,TRIPLE,1,1,1,False,-1
9690,TRIPLE,1,1,1,False,-1
9691,TRIPLE,1,1,1,False,-1
9692,TRIPLE,1,1,1,False,-1
9693,DOUBLE,0,1,1,False,-1
9694,TRIPLE,1,1,1,False,-1
9695,TRIPLE,1,1,1,False,-1
9696,TRIPLE,1,1,1,False,-1
9698,TRIPLE,1,1,1,False,-1
9699,TRIPLE,1,1,1,False,-1
9700,SINGLE,0,0,1,False,-1
9701,TRIPLE,1,1,1,False,-1
9702,TRIPLE,1,1,1,False,-1
9703,TRIPLE,1,1,1,False,-1
9704,DOUBLE,0,1,1,False,-1
9705,TRIPLE,1,1,1,False,-1
9706,DOUBLE,0,1,1,False,-1
9707,TRIPLE,1,1,1,False,-1
9708,TRIPLE,1,1,1,False,-1
9709,TRIPLE,1,1,1,False,-1
9710,DOUBLE,0,1,1,False,-1
9711,TRIPLE,1,1,1,False,-1
9712,TRIPLE,1,1,1,False,-1
9713,SINGLE,0,0,1,False,-1
9714,TRIPLE,1,1,1,False,-1
9715,TRIPLE,1,1,1,False,-1
9716,TRIPLE,1,1,1,False,-1
9717,TRIPLE,1,1,1,False,-1
9718,TRIPLE,1,1,1,False,-1
9719,TRIPLE,1,1,1,False,-1
9720,DOUBLE,0,1,1,False,-1
9721,TRIPLE,1,1,1,False,-1
9722,SINGLE,0,0,1,False,-1
9723,SINGLE,0,0,1,False,-1
9724,TRIPLE,1,1,1,False,-1
9725,TRIPLE,1,1,1,False,-1
9726,TRIPLE,1,1,1,False,-1
9727,DOUBLE,0,1,1,False,-1
9728,DOUBLE,0,1,1,False,-1
9729,SINGLE,0,0,1,False,-1
9730,TRIPLE,1,1,1,False,-1
9731,TRIPLE,1,1,1,False,-1
9732,TRIPLE,1,1,1,False,-1
9734,SINGLE,0,0,1,False,-1
9735,TRIPLE,1,1,1,False,-1
9736,DOUBLE,0,1,1,False,-1
9737,TRIPLE,1,1,1,False,-1
9738,TRIPLE,1,1,1,False,-1
9740,DOUBLE,0,1,1,False,-1
9741,TRIPLE,1,1,1,False,-1
9743,DOUBLE,0,1,1,False,-1
9744,TRIPLE,1,1,1,False,-1
9745,TRIPLE,1,1,1,False,-1
9746,TRIPLE,1,1,1,False,-1
9747,DOUBLE,0,1,1,False,-1
9748,TRIPLE,1,1,1,False,-1
9749,TRIPLE,1,1,1,False,-1
9750,SINGLE,0,0,1,False,-1
9751,TRIPLE,1,1,1,False,-1
9752,TRIPLE,1,1,1,False,-1
9753,TRIPLE,1,1,1,False,-1
9754,TRIPLE,1,1,1,False,-1
9756,DOUBLE,0,1,1,False,-1
9757,DOUBLE,0,1,1,False,-1
9759,DOUBLE,0,1,1,False,-1
9760,DOUBLE,0,1,1,False,-1
9761,TRIPLE,1,1,1,False,-1
9762,SINGLE,0,0,1,False,-1
9764,TRIPLE,1,1,1,False,-1
9765,TRIPLE,1,1,1,False,-1
9766,SINGLE,0,0,1,False,-1
9767,TRIPLE,1,1,1,False,-1
9768,DOUBLE,0,1,1,False,-1
9769,DOUBLE,0,1,1,False,-1
9770,TRIPLE,1,1,1,False,-1
9772,DOUBLE,0,1,1,False,-1
9773,TRIPLE,1,1,1,False,-1
9774,TRIPLE,1,1,1,False,-1
9775,TRIPLE,1,1,1,False,-1
9776,TRIPLE,1,1,1,False,-1
9777,TRIPLE,1,1,1,False,-1
9778,SINGLE,0,0,1,False,-1
9780,DOUBLE,0,1,1,False,-1
9781,TRIPLE,1,1,1,False,-1
9782,TRIPLE,1,1,1,False,-1
9783,TRIPLE,1,1,1,False,-1
9784,TRIPLE,1,1,1,False,-1
9785,SINGLE,0,0,1,False,-1
9786,TRIPLE,1,1,1,False,-1
9787,TRIPLE,1,1,1,False,-1
9788,TRIPLE,1,1,1,False,-1
9789,DOUBLE,0,1,1,False,-1
9790,TRIPLE,1,1,1,False,-1
9791,TRIPLE,1,1,1,False,-1
9792,SINGLE,0,0,1,False,-1
9794,DOUBLE,0,1,1,False,-1
9795,DOUBLE,0,1,1,False,-1
9796,TRIPLE,1,1,1,False,-1
9797,DOUBLE,0,1,1,False,-1
9798,TRIPLE,1,1,1,False,-1
9799,TRIPLE,1,1,1,False,-1
9801,DOUBLE,0,1,1,False,-1
9802,TRIPLE,1,1,1,False,-1
9803,DOUBLE,0,1,1,False,-1
9804,TRIPLE,1,1,1,False,-1
9805,TRIPLE,1,1,1,False,-1
9806,DOUBLE,0,1,1,False,-1
9807,SINGLE,0,0,1,False,-1
9808,TRIPLE,1,1,1,False,-1
9809,TRIPLE,1,1,1,False,-1
9810,TRIPLE,1,1,1,False,-1
9811,DOUBLE,0,1,1,False,-1
9812,TRIPLE,1,1,1,False,-1
9813,TRIPLE,1,1,1,False,-1
9814,TRIPLE,1,1,1,False,-1
9815,DOUBLE,0,1,1,False,-1
9817,TRIPLE,1,1,1,False,-1
9818,TRIPLE,1,1,1,False,-1
9819,TRIPLE,1,1,1,False,-1
9820,TRIPLE,1,1,1,False,-1
9821,TRIPLE,1,1,1,False,-1
9822,TRIPLE,1,1,1,False,-1
9823,SINGLE,0,0,1,False,-1
9824,TRIPLE,1,1,1,False,-1
9825,SINGLE,0,0,1,False,-1
9826,DOUBLE,0,1,1,False,-1
9827,DOUBLE,0,1,1,False,-1
9828,TRIPLE,1,1,1,False,-1
9829,DOUBLE,0,1,1,False,-1
9830,TRIPLE,1,1,1,False,-1
9831,TRIPLE,1,1,1,False,-1
9833,TRIPLE,1,1,1,False,-1
9834,SINGLE,0,0,1,False,-1
9835,TRIPLE,1,1,1,False,-1
9836,TRIPLE,1,1,1,False,-1
9837,TRIPLE,1,1,1,False,-1
9838,SINGLE,0,0,1,False,-1
9839,TRIPLE,1,1,1,False,-1
9840,TRIPLE,1,1,1,False,-1
9841,TRIPLE,1,1,1,False,-1
9842,TRIPLE,1,1,1,False,-1
9843,DOUBLE,0,1,1,False,-1
9844,SINGLE,0,0,1,False,-1
9845,SINGLE,0,0,1,False,-1
9846,TRIPLE,1,1,1,False,-1
9848,DOUBLE,0,1,1,False,-1
9849,SINGLE,0,0,1,False,-1
9850,TRIPLE,1,1,1,False,-1
9851,TRIPLE,1,1,1,False,-1
9852,DOUBLE,0,1,1,False,-1
9854,TRIPLE,1,1,1,False,-1
9855,TRIPLE,1,1,1,False,-1
9856,DOUBLE,0,1,1,False,-1
9857,SINGLE,0,0,1,False,-1
9858,TRIPLE,1,1,1,False,-1
9859,DOUBLE,0,1,1,False,-1
9860,DOUBLE,0,1,1,False,-1
9861,TRIPLE,1,1,1,False,-1
9862,TRIPLE,1,1,1,False,-1
9863,SINGLE,0,0,1,False,-1
9864,DOUBLE,0,1,1,False,-1
9865,DOUBLE,0,1,1,False,-1
9866,TRIPLE,1,1,1,False,-1
9867,TRIPLE,1,1,1,False,-1
9869,DOUBLE,0,1,1,False,-1
9870,SINGLE,0,0,1,False,-1
9871,TRIPLE,1,1,1,False,-1
9872,SINGLE,0,0,1,False,-1
9873,SINGLE,0,0,1,False,-1
9874,TRIPLE,1,1,1,False,-1
9875,SINGLE,0,0,1,False,-1
9876,TRIPLE,1,1,1,False,-1
9878,SINGLE,0,0,1,False,-1
9879,TRIPLE,1,1,1,False,-1
9880,SINGLE,0,0,1,False,-1
9881,TRIPLE,1,1,1,False,-1
9882,TRIPLE,1,1,1,False,-1
9883,TRIPLE,1,1,1,False,-1
9884,TRIPLE,1,1,1,False,-1
9885,TRIPLE,1,1,1,False,-1
9886,SINGLE,0,0,1,False,-1
9887,DOUBLE,0,1,1,False,-1
9888,TRIPLE,1,1,1,False,-1
9889,DOUBLE,0,1,1,False,-1
9890,TRIPLE,1,1,1,False,-1
9891,TRIPLE,1,1,1,False,-1
9892,DOUBLE,0,1,1,False,-1
9893,TRIPLE,1,1,1,False,-1
9895,TRIPLE,1,1,1,False,-1
9896,DOUBLE,0,1,1,False,-1
9897,TRIPLE,1,1,1,False,-1
9898,DOUBLE,0,1,1,False,-1
9899,DOUBLE,0,1,1,False,-1
9900,TRIPLE,1,1,1,False,-1
9901,TRIPLE,1,1,1,False,-1
9902,TRIPLE,1,1,1,False,-1
9903,TRIPLE,1,1,1,False,-1
9904,DOUBLE,0,1,1,False,-1
9905,DOUBLE,0,1,1,False,-1
9906,TRIPLE,1,1,1,False,-1
9907,TRIPLE,1,1,1,False,-1
9908,DOUBLE,0,1,1,False,-1
9909,TRIPLE,1,1,1,False,-1
9910,DOUBLE,0,1,1,False,-1
9911,TRIPLE,1,1,1,False,-1
9912,TRIPLE,1,1,1,False,-1
9913,TRIPLE,1,1,1,False,-1
9914,SINGLE,0,0,1,False,-1
9915,TRIPLE,1,1,1,False,-1
9916,DOUBLE,0,1,1,False,-1
9917,DOUBLE,0,1,1,False,-1
9918,TRIPLE,1,1,1,False,-1
9919,TRIPLE,1,1,1,False,-1
9920,TRIPLE,1,1,1,False,-1
9921,TRIPLE,1,1,1,False,-1
9922,SINGLE,0,0,1,False,-1
9923,TRIPLE,1,1,1,False,-1
9925,TRIPLE,1,1,1,False,-1
9926,DOUBLE,0,1,1,False,-1
9927,TRIPLE,1,1,1,False,-1
9928,DOUBLE,0,1,1,False,-1
9929,SINGLE,0,0,1,False,-1
9930,DOUBLE,0,1,1,False,-1
9931,TRIPLE,1,1,1,False,-1
9932,TRIPLE,1,1,1,False,-1
9933,TRIPLE,1,1,1,False,-1
9934,TRIPLE,1,1,1,False,-1
9935,TRIPLE,1,1,1,False,-1
9936,SINGLE,0,0,1,False,-1
9937,DOUBLE,0,1,1,False,-1
9938,TRIPLE,1,1,1,False,-1
9939,SINGLE,0,0,1,False,-1
9940,TRIPLE,1,1,1,False,-1
9941,TRIPLE,1,1,1,False,-1
9942,TRIPLE,1,1,1,False,-1
9943,TRIPLE,1,1,1,False,-1
9944,DOUBLE,0,1,1,False,-1
9945,TRIPLE,1,1,1,False,-1
9946,TRIPLE,1,1,1,False,-1
9947,DOUBLE,0,1,1,False,-1
9949,TRIPLE,1,1,1,False,-1
9951,SINGLE,0,0,1,False,-1
9953,TRIPLE,1,1,1,False,-1
9954,DOUBLE,0,1,1,False,-1
9955,TRIPLE,1,1,1,False,-1
9957,TRIPLE,1,1,1,False,-1
9958,TRIPLE,1,1,1,False,-1
9959,TRIPLE,1,1,1,False,-1
9960,TRIPLE,1,1,1,False,-1
9961,SINGLE,0,0,1,False,-1
9962,DOUBLE,0,1,1,False,-1
9963,TRIPLE,1,1,1,False,-1
9964,TRIPLE,1,1,1,False,-1
9965,TRIPLE,1,1,1,False,-1
9966,TRIPLE,1,1,1,False,-1
9967,DOUBLE,0,1,1,False,-1
9968,TRIPLE,1,1,1,False,-1
9970,TRIPLE,1,1,1,False,-1
9971,TRIPLE,1,1,1,False,-1
9972,DOUBLE,0,1,1,False,-1
9973,TRIPLE,1,1,1,False,-1
9974,TRIPLE,1,1,1,False,-1
9975,SINGLE,0,0,1,False,-1
9976,DOUBLE,0,1,1,False,-1
9977,TRIPLE,1,1,1,False,-1
9978,TRIPLE,1,1,1,False,-1
9979,TRIPLE,1,1,1,False,-1
9980,DOUBLE,0,1,1,False,-1
9981,SINGLE,0,0,1,False,-1
9982,TRIPLE,1,1,1,False,-1
9983,TRIPLE,1,1,1,False,-1
9984,SINGLE,0,0,1,False,-1
9985,TRIPLE,1,1,1,False,-1
9987,TRIPLE,1,1,1,False,-1
9988,TRIPLE,1,1,1,False,-1
9989,DOUBLE,0,1,1,False,-1
9990,DOUBLE,0,1,1,False,-1
9991,DOUBLE,0,1,1,False,-1
9992,TRIPLE,1,1,1,False,-1
9993,SINGLE,0,0,1,False,-1
9994,SINGLE,0,0,1,False,-1
9995,SINGLE,0,0,1,False,-1
9996,TRIPLE,1,1,1,False,-1
9997,TRIPLE,1,1,1,False,-1
9998,TRIPLE,1,1,1,False,-1
9999,SINGLE,0,0,1,False,-1
