3.320000000000000083e-07
6.400000000000000399e-08
1.319999999999999909e-07
6.800000000000000010e-08
2.359999999999999957e-07
6.400000000000000399e-08
9.200000000000000325e-08
1.999999999999999909e-07
5.999999999999999464e-08
2.560000000000000159e-07
6.400000000000000399e-08
2.879999999999999848e-07
4.400000000000000224e-07
6.400000000000000399e-08
2.320000000000000128e-07
1.060000000000000016e-06
6.400000000000000399e-08
8.800000000000000449e-07
6.400000000000000399e-08
6.039999999999999557e-07
2.999999999999999864e-07
6.400000000000000399e-08
9.200000000000000325e-08
6.400000000000000399e-08
1.720000000000000049e-07
6.039999999999999557e-07
6.400000000000000399e-08
4.599999999999999898e-07
6.800000000000000010e-08
5.959999999999999900e-07
1.280000000000000080e-07
3.119999999999999880e-07
5.999999999999999464e-08
2.560000000000000159e-07
6.400000000000000399e-08
6.400000000000000399e-08
6.800000000000000010e-08
9.200000000000000325e-08
1.720000000000000049e-07
2.191999999999999935e-06
9.599999999999999936e-08
6.400000000000000399e-08
6.400000000000000399e-08
6.800000000000000010e-08
9.200000000000000325e-08
9.599999999999999936e-08
1.160000000000000064e-07
1.199999999999999893e-07
1.439999999999999924e-07
1.480000000000000018e-07
1.999999999999999909e-07
8.919999999999999935e-07
2.195999999999999812e-06
5.999999999999999464e-08
6.400000000000000399e-08
1.840000000000000065e-07
6.400000000000000399e-08
6.800000000000000010e-08
9.200000000000000325e-08
1.199999999999999893e-07
1.439999999999999924e-07
1.379999999999999916e-06
6.400000000000000399e-08
8.560000000000000417e-07
8.600000000000000246e-07
9.999999999999999547e-07
1.004000000000000044e-06
1.007999999999999921e-06
1.012000000000000009e-06
6.400000000000000399e-08
1.199999999999999893e-07
2.560000000000000159e-07
6.840000000000000368e-07
2.359999999999999957e-07
8.160000000000000012e-07
1.556000000000000010e-06
6.800000000000000010e-08
6.400000000000000399e-08
6.600000000000000337e-07
5.999999999999999464e-08
6.400000000000000399e-08
3.119999999999999880e-07
6.800000000000000010e-08
8.199999999999999841e-07
6.400000000000000399e-08
3.519999999999999756e-07
1.184000000000000014e-06
6.400000000000000399e-08
2.440000000000000144e-07
6.400000000000000399e-08
6.800000000000000010e-08
7.199999999999999621e-08
9.200000000000000325e-08
9.599999999999999936e-08
1.199999999999999893e-07
1.439999999999999924e-07
1.480000000000000018e-07
1.720000000000000049e-07
1.999999999999999909e-07
2.840000000000000020e-07
2.768000000000000010e-06
6.400000000000000399e-08
2.759999999999999833e-07
6.400000000000000399e-08
9.200000000000000325e-08
6.400000000000000399e-08
6.800000000000000010e-08
9.200000000000000325e-08
9.599999999999999936e-08
1.199999999999999893e-07
1.439999999999999924e-07
1.480000000000000018e-07
1.999999999999999909e-07
2.280000000000000034e-07
6.400000000000000399e-08
2.519999999999999801e-07
6.999999999999999683e-07
2.280000000000000034e-07
1.267999999999999972e-06
6.400000000000000399e-08
1.064000000000000104e-06
6.400000000000000399e-08
6.800000000000000010e-08
8.799999999999999390e-08
9.200000000000000325e-08
1.160000000000000064e-07
1.439999999999999924e-07
4.400000000000000224e-07
6.400000000000000399e-08
1.804000000000000007e-06
2.840000000000000020e-07
3.080000000000000051e-07
6.400000000000000399e-08
9.200000000000000325e-08
9.599999999999999936e-08
2.399999999999999786e-07
2.680000000000000175e-07
6.400000000000000399e-08
6.800000000000000010e-08
7.199999999999999621e-08
9.200000000000000325e-08
9.599999999999999936e-08
9.999999999999999547e-08
1.199999999999999893e-07
1.239999999999999986e-07
1.480000000000000018e-07
1.520000000000000111e-07
1.759999999999999878e-07
2.040000000000000003e-07
5.360000000000000350e-07
5.999999999999999464e-08
5.999999999999999464e-08
2.200000000000000112e-07
2.008000000000000087e-06
1.903999999999999897e-06
1.563999999999999976e-06
2.280000000000000034e-07
2.960000000000000035e-07
6.400000000000000399e-08
5.999999999999999464e-08
6.400000000000000399e-08
6.800000000000000010e-08
8.799999999999999390e-08
9.200000000000000325e-08
9.599999999999999936e-08
1.160000000000000064e-07
1.199999999999999893e-07
1.439999999999999924e-07
1.480000000000000018e-07
1.720000000000000049e-07
1.960000000000000081e-07
1.999999999999999909e-07
2.239999999999999941e-07
2.280000000000000034e-07
3.359999999999999911e-07
3.599999999999999943e-07
1.391999999999999971e-06
1.396000000000000060e-06
3.080000000000000051e-07
2.759999999999999833e-07
6.999999999999999683e-07
7.039999999999999512e-07
7.080000000000000400e-07
7.120000000000000228e-07
7.320000000000000431e-07
9.159999999999999967e-07
6.800000000000000010e-08
6.880000000000000197e-07
2.399999999999999786e-07
2.479999999999999972e-07
2.519999999999999801e-07
1.840000000000000065e-07
1.227999999999999932e-06
2.599999999999999988e-07
2.639999999999999817e-07
1.759999999999999878e-07
5.559999999999999494e-07
3.552000000000000043e-06
6.400000000000000399e-08
6.400000000000000399e-08
2.280000000000000034e-07
5.600000000000000382e-07
8.320000000000000386e-07
1.247999999999999952e-06
6.400000000000000399e-08
6.800000000000000010e-08
6.400000000000000399e-08
9.640000000000000030e-07
1.343999999999999965e-06
6.400000000000000399e-08
2.560000000000000159e-07
6.239999999999999760e-07
6.400000000000000399e-08
1.759999999999999878e-07
1.960000000000000081e-07
5.920000000000000071e-07
6.400000000000000399e-08
2.800000000000000191e-07
5.999999999999999464e-08
6.800000000000000010e-08
9.599999999999999936e-08
1.199999999999999893e-07
1.480000000000000018e-07
1.239999999999999986e-07
2.440000000000000144e-07
7.279999999999999544e-07
1.160000000000000064e-07
1.199999999999999893e-07
1.160000000000000064e-07
1.199999999999999893e-07
6.400000000000000399e-08
6.400000000000000399e-08
3.119999999999999880e-07
3.160000000000000238e-07
3.200000000000000067e-07
3.239999999999999896e-07
3.560000000000000114e-07
2.479999999999999972e-07
1.695999999999999940e-06
6.800000000000000010e-08
2.560000000000000159e-07
6.400000000000000399e-08
3.280000000000000254e-07
1.840000000000000065e-07
2.639999999999999817e-07
4.400000000000000224e-07
6.400000000000000399e-08
9.200000000000000325e-08
1.199999999999999893e-07
2.320000000000000128e-07
1.568000000000000065e-06
2.479999999999999972e-07
1.219999999999999966e-06
2.320000000000000128e-07
5.999999999999999728e-07
1.632000000000000002e-06
2.320000000000000128e-07
6.400000000000000399e-08
7.199999999999999886e-07
6.400000000000000399e-08
6.400000000000000399e-08
9.200000000000000325e-08
2.200000000000000112e-07
2.359999999999999957e-07
6.400000000000000399e-08
9.200000000000000325e-08
2.639999999999999817e-07
6.400000000000000399e-08
9.200000000000000325e-08
1.156000000000000028e-06
2.040000000000000003e-07
2.560000000000000159e-07
2.479999999999999972e-07
4.759999999999999742e-07
6.400000000000000399e-08
3.800000000000000146e-07
6.800000000000000010e-08
9.599999999999999936e-08
1.199999999999999893e-07
6.400000000000000399e-08
2.800000000000000191e-07
2.560000000000000159e-07
6.400000000000000399e-08
2.479999999999999972e-07
2.800000000000000191e-07
1.295999999999999958e-06
1.280000000000000080e-07
3.040000000000000222e-07
8.400000000000000043e-07
8.439999999999999872e-07
8.479999999999999701e-07
8.519999999999999530e-07
8.600000000000000246e-07
1.819999999999999939e-06
2.200000000000000112e-07
1.543999999999999956e-06
2.148000000000000017e-06
1.356000000000000019e-06
5.999999999999999464e-08
2.080000000000000096e-07
7.279999999999999544e-07
4.680000000000000085e-07
4.719999999999999913e-07
4.759999999999999742e-07
4.799999999999999571e-07
4.840000000000000459e-07
1.487999999999999983e-06
6.400000000000000399e-08
6.800000000000000010e-08
9.200000000000000325e-08
9.599999999999999936e-08
1.199999999999999893e-07
1.239999999999999986e-07
1.439999999999999924e-07
1.999999999999999909e-07
2.239999999999999941e-07
2.280000000000000034e-07
5.999999999999999464e-08
2.280000000000000034e-07
2.999999999999999864e-07
9.320000000000000341e-07
1.799999999999999971e-07
6.400000000000000399e-08
6.800000000000000010e-08
9.200000000000000325e-08
1.199999999999999893e-07
5.239999999999999805e-07
3.791999999999999862e-06
5.999999999999999464e-08
1.844000000000000048e-06
2.080000000000000096e-07
4.759999999999999742e-07
2.359999999999999957e-07
7.120000000000000228e-07
6.400000000000000399e-08
1.520000000000000111e-07
8.479999999999999701e-07
5.640000000000000211e-07
5.680000000000000039e-07
5.719999999999999868e-07
5.759999999999999697e-07
5.799999999999999526e-07
5.880000000000000242e-07
5.999999999999999728e-07
6.080000000000000445e-07
8.600000000000000246e-07
6.400000000000000399e-08
8.799999999999999390e-08
9.200000000000000325e-08
1.160000000000000064e-07
1.199999999999999893e-07
3.492000000000000193e-06
2.239999999999999941e-07
1.827999999999999905e-06
1.831999999999999993e-06
5.999999999999999464e-08
5.999999999999999464e-08
8.799999999999999390e-08
6.400000000000000399e-08
6.800000000000000010e-08
9.200000000000000325e-08
9.599999999999999936e-08
5.279999999999999634e-07
6.800000000000000010e-08
9.200000000000000325e-08
9.599999999999999936e-08
1.199999999999999893e-07
2.200000000000000112e-07
2.479999999999999972e-07
4.640000000000000256e-07
6.400000000000000399e-08
7.479999999999999746e-07
6.400000000000000399e-08
6.800000000000000010e-08
1.199999999999999893e-07
6.400000000000000399e-08
6.400000000000000399e-08
6.400000000000000399e-08
2.200000000000000112e-07
6.800000000000000010e-08
2.399999999999999786e-07
6.400000000000000399e-08
9.320000000000000341e-07
1.919999999999999987e-07
6.560000000000000508e-07
8.560000000000000417e-07
6.800000000000000010e-08
6.400000000000000399e-08
6.400000000000000399e-08
1.340000000000000088e-06
5.039999999999999603e-07
3.200000000000000067e-07
6.840000000000000368e-07
6.880000000000000197e-07
6.920000000000000026e-07
6.959999999999999854e-07
7.039999999999999512e-07
2.800000000000000191e-07
6.400000000000000399e-08
2.239999999999999941e-07
5.999999999999999464e-08
6.400000000000000399e-08
9.200000000000000325e-08
2.639999999999999817e-07
5.440000000000000008e-07
1.343999999999999965e-06
3.599999999999999943e-07
5.519999999999999666e-07
1.168000000000000083e-06
6.400000000000000399e-08
5.999999999999999464e-08
2.040000000000000003e-07
6.400000000000000399e-08
6.400000000000000399e-08
2.519999999999999801e-07
6.400000000000000399e-08
6.800000000000000010e-08
9.200000000000000325e-08
9.599999999999999936e-08
1.199999999999999893e-07
1.480000000000000018e-07
2.119999999999999925e-07
2.239999999999999941e-07
2.519999999999999801e-07
1.067999999999999981e-06
9.919999999999999890e-07
2.639999999999999817e-07
2.800000000000000191e-07
6.400000000000000399e-08
6.800000000000000010e-08
9.799999999999999345e-07
1.840000000000000065e-07
5.999999999999999464e-08
1.847999999999999925e-06
4.999999999999999774e-07
1.280000000000000080e-07
4.160000000000000193e-07
6.400000000000000399e-08
2.280000000000000034e-07
6.400000000000000399e-08
7.439999999999999917e-07
3.999999999999999819e-07
2.040000000000000003e-07
6.400000000000000399e-08
4.967999999999999699e-06
4.971999999999999999e-06
4.976000000000000300e-06
4.979999999999999753e-06
6.400000000000000399e-08
1.480000000000000018e-07
1.503999999999999915e-06
2.560000000000000159e-07
2.720000000000000004e-07
5.999999999999999464e-08
6.400000000000000399e-08
1.715999999999999960e-06
1.027999999999999941e-06
6.400000000000000399e-08
1.799999999999999971e-07
1.188000000000000103e-06
7.880000000000000152e-07
6.400000000000000399e-08
6.800000000000000010e-08
7.199999999999999621e-08
9.599999999999999936e-08
1.199999999999999893e-07
2.560000000000000159e-07
6.400000000000000399e-08
9.439999999999999827e-07
9.519999999999999484e-07
9.560000000000000372e-07
2.359999999999999957e-07
3.239999999999999896e-07
3.359999999999999911e-07
4.840000000000000459e-07
1.583999999999999996e-06
6.400000000000000399e-08
3.239999999999999896e-07
2.879999999999999848e-07
7.039999999999999512e-07
6.400000000000000399e-08
6.800000000000000010e-08
7.199999999999999621e-08
9.200000000000000325e-08
9.599999999999999936e-08
1.199999999999999893e-07
1.239999999999999986e-07
3.160000000000000238e-07
2.840000000000000020e-07
2.599999999999999988e-07
1.108000000000000022e-06
5.999999999999999464e-08
6.800000000000000010e-08
2.440000000000000144e-07
6.800000000000000010e-08
1.999999999999999909e-07
6.400000000000000399e-08
6.800000000000000010e-08
9.200000000000000325e-08
2.319999999999999810e-06
6.400000000000000399e-08
5.999999999999999464e-08
6.400000000000000399e-08
9.200000000000000325e-08
1.160000000000000064e-07
2.239999999999999941e-07
3.080000000000000051e-07
7.519999999999999575e-07
2.195999999999999812e-06
2.203999999999999989e-06
6.800000000000000010e-08
9.599999999999999936e-08
1.343999999999999965e-06
4.320000000000000037e-07
6.400000000000000399e-08
6.800000000000000010e-08
7.199999999999999621e-08
9.200000000000000325e-08
9.599999999999999936e-08
1.199999999999999893e-07
1.239999999999999986e-07
1.480000000000000018e-07
1.520000000000000111e-07
1.720000000000000049e-07
1.759999999999999878e-07
3.080000000000000051e-07
6.400000000000000399e-08
6.400000000000000399e-08
9.599999999999999936e-08
1.799999999999999971e-07
2.320000000000000128e-07
2.219999999999999921e-06
2.223999999999999798e-06
2.228000000000000098e-06
2.231999999999999975e-06
2.235999999999999852e-06
2.240000000000000153e-06
4.200000000000000022e-07
5.999999999999999464e-08
9.200000000000000325e-08
1.999999999999999909e-07
3.599999999999999943e-07
6.400000000000000399e-08
2.720000000000000004e-07
1.700000000000000029e-06
6.400000000000000399e-08
5.999999999999999464e-08
6.400000000000000399e-08
9.200000000000000325e-08
1.356000000000000019e-06
9.239999999999999624e-07
4.400000000000000224e-07
2.011999999999999964e-06
1.239999999999999986e-07
1.872000000000000034e-06
6.120000000000000274e-07
5.999999999999999464e-08
6.400000000000000399e-08
6.800000000000000010e-08
9.200000000000000325e-08
1.160000000000000064e-07
1.199999999999999893e-07
1.720000000000000049e-07
9.599999999999999142e-07
9.640000000000000030e-07
9.680000000000000917e-07
9.719999999999999687e-07
9.760000000000000575e-07
9.799999999999999345e-07
9.999999999999999547e-07
1.840000000000000065e-07
1.143999999999999974e-06
2.479999999999999972e-07
1.679999999999999956e-07
1.199999999999999893e-07
1.239999999999999986e-07
7.039999999999999512e-07
1.732000000000000104e-06
2.840000000000000020e-07
6.400000000000000399e-08
1.559999999999999940e-07
4.400000000000000224e-07
3.999999999999999819e-07
6.400000000000000399e-08
6.400000000000000399e-08
6.800000000000000010e-08
6.400000000000000399e-08
9.200000000000000325e-08
1.199999999999999893e-07
9.960000000000000777e-07
2.720000000000000004e-07
9.680000000000000917e-07
9.599999999999999936e-08
2.040000000000000003e-07
2.080000000000000096e-07
2.999999999999999864e-07
4.160000000000000193e-07
8.400000000000000043e-07
1.400000000000000095e-07
1.439999999999999924e-07
5.200000000000000241e-08
5.999999999999999464e-08
6.400000000000000399e-08
2.960000000000000035e-07
6.400000000000000399e-08
6.800000000000000010e-08
7.199999999999999621e-08
9.200000000000000325e-08
9.599999999999999936e-08
1.199999999999999893e-07
1.239999999999999986e-07
1.480000000000000018e-07
1.720000000000000049e-07
1.759999999999999878e-07
2.280000000000000034e-07
1.280000000000000080e-07
2.759999999999999833e-07
1.100000000000000056e-06
2.160000000000000019e-07
1.879999999999999894e-07
5.239999999999999805e-07
3.320000000000000083e-07
2.239999999999999941e-07
3.560000000000000114e-07
3.040000000000000222e-07
5.039999999999999603e-07
5.200000000000000241e-08
5.999999999999999464e-08
6.400000000000000399e-08
6.800000000000000010e-08
7.199999999999999621e-08
9.200000000000000325e-08
9.599999999999999936e-08
9.999999999999999547e-08
1.199999999999999893e-07
1.239999999999999986e-07
1.439999999999999924e-07
1.480000000000000018e-07
1.520000000000000111e-07
1.720000000000000049e-07
1.759999999999999878e-07
1.999999999999999909e-07
2.040000000000000003e-07
2.080000000000000096e-07
2.280000000000000034e-07
2.359999999999999957e-07
2.560000000000000159e-07
2.800000000000000191e-07
2.840000000000000020e-07
2.184000000000000181e-06
2.639999999999999817e-07
1.368000000000000074e-06
6.400000000000000399e-08
6.400000000000000399e-08
9.200000000000000325e-08
1.160000000000000064e-07
2.800000000000000191e-07
1.035999999999999907e-06
1.980000000000000101e-06
6.400000000000000399e-08
2.160000000000000019e-07
1.439999999999999924e-07
6.400000000000000399e-08
6.800000000000000010e-08
5.999999999999999464e-08
1.759999999999999878e-07
2.359999999999999957e-07
5.999999999999999464e-08
6.800000000000000010e-08
9.200000000000000325e-08
6.400000000000000399e-08
2.160000000000000019e-07
4.719999999999999913e-07
2.239999999999999941e-07
6.360000000000000305e-07
6.400000000000000399e-08
4.080000000000000006e-07
7.239999999999999715e-07
2.840000000000000020e-07
6.400000000000000399e-08
6.800000000000000010e-08
8.799999999999999390e-08
9.200000000000000325e-08
1.199999999999999893e-07
1.439999999999999924e-07
1.012000000000000009e-06
1.120000000000000076e-06
4.959999999999999945e-07
1.543999999999999956e-06
8.320000000000000386e-07
7.239999999999999715e-07
2.879999999999999848e-07
2.415999999999999823e-06
2.080000000000000096e-07
3.719999999999999959e-07
1.879999999999999894e-07
2.440000000000000144e-07
2.560000000000000159e-07
6.400000000000000399e-08
5.039999999999999603e-07
6.400000000000000399e-08
4.320000000000000037e-07
6.400000000000000399e-08
1.740000000000000069e-06
6.400000000000000399e-08
3.239999999999999896e-07
1.799999999999999971e-07
1.340000000000000088e-06
5.999999999999999464e-08
2.467999999999999918e-06
1.879999999999999894e-07
6.400000000000000399e-08
1.320000000000000067e-06
6.400000000000000399e-08
6.400000000000000399e-08
9.200000000000000325e-08
1.407999999999999902e-06
1.080000000000000036e-06
1.295999999999999958e-06
2.999999999999999864e-07
1.176000000000000048e-06
1.960000000000000081e-07
6.800000000000000010e-08
6.400000000000000399e-08
9.200000000000000325e-08
2.239999999999999941e-07
2.840000000000000020e-07
2.004000000000000210e-06
1.903999999999999897e-06
6.400000000000000399e-08
9.200000000000000325e-08
2.759999999999999833e-07
6.400000000000000399e-08
8.799999999999999390e-08
9.200000000000000325e-08
1.160000000000000064e-07
1.199999999999999893e-07
1.439999999999999924e-07
6.400000000000000399e-08
6.800000000000000010e-08
5.999999999999999464e-08
7.080000000000000400e-07
2.639999999999999817e-07
2.800000000000000191e-07
4.759999999999999742e-07
6.439999999999999963e-07
6.400000000000000399e-08
6.400000000000000399e-08
7.199999999999999621e-08
4.799999999999999571e-07
2.759999999999999833e-07
1.879999999999999894e-07
6.400000000000000399e-08
4.799999999999999571e-07
6.199999999999999931e-07
5.999999999999999464e-08
6.400000000000000399e-08
5.999999999999999464e-08
6.400000000000000399e-08
6.800000000000000010e-08
8.799999999999999390e-08
9.200000000000000325e-08
1.160000000000000064e-07
1.199999999999999893e-07
1.439999999999999924e-07
1.720000000000000049e-07
6.279999999999999589e-07
1.160000000000000064e-07
1.199999999999999893e-07
1.520000000000000058e-06
6.400000000000000399e-08
4.359999999999999866e-07
4.400000000000000224e-07
2.759999999999999833e-07
1.239999999999999986e-07
8.880000000000000106e-07
2.156000000000000195e-06
6.400000000000000399e-08
6.400000000000000399e-08
7.919999999999999980e-07
6.400000000000000399e-08
6.800000000000000010e-08
9.200000000000000325e-08
1.199999999999999893e-07
1.960000000000000081e-07
2.200000000000000112e-07
5.680000000000000039e-07
8.400000000000000043e-07
1.996000000000000032e-06
1.999999999999999909e-06
2.004000000000000210e-06
6.400000000000000399e-08
3.119999999999999880e-07
3.239999999999999896e-07
2.960000000000000035e-07
6.400000000000000399e-08
6.800000000000000010e-08
1.239999999999999986e-07
4.840000000000000459e-07
4.128000000000000118e-06
4.132000000000000419e-06
4.135999999999999872e-06
4.140000000000000173e-06
4.143999999999999626e-06
4.164000000000000282e-06
2.599999999999999988e-07
6.400000000000000399e-08
6.800000000000000010e-08
1.199999999999999893e-07
2.071999999999999813e-06
3.080000000000000051e-07
8.799999999999999390e-08
6.999999999999999683e-07
8.679999999999999904e-07
9.120000000000000138e-07
1.799999999999999919e-06
1.720000000000000049e-06
2.519999999999999801e-07
7.039999999999999512e-07
6.400000000000000399e-08
6.400000000000000399e-08
1.199999999999999893e-07
1.280000000000000080e-07
2.359999999999999957e-07
6.400000000000000399e-08
1.191999999999999980e-06
1.103999999999999933e-06
1.568000000000000065e-06
3.040000000000000222e-07
6.400000000000000399e-08
1.520000000000000111e-07
1.548000000000000044e-06
2.239999999999999941e-07
6.800000000000000010e-08
6.400000000000000399e-08
2.359999999999999957e-07
6.479999999999999791e-07
6.519999999999999620e-07
5.160000000000000148e-07
5.360000000000000350e-07
1.280000000000000027e-06
5.999999999999999464e-08
2.200000000000000112e-07
9.200000000000000325e-08
6.400000000000000399e-08
1.912000000000000074e-06
1.199999999999999893e-07
1.239999999999999986e-07
6.400000000000000399e-08
6.800000000000000010e-08
1.280000000000000080e-07
6.400000000000000399e-08
1.123999999999999953e-06
2.759999999999999833e-07
4.680000000000000085e-07
1.315999999999999979e-06
2.404000000000000192e-06
6.400000000000000399e-08
6.400000000000000399e-08
2.479999999999999972e-07
2.280000000000000034e-07
2.320000000000000128e-07
6.400000000000000399e-08
2.032000000000000196e-06
5.999999999999999464e-08
6.400000000000000399e-08
1.199999999999999893e-07
5.999999999999999464e-08
6.400000000000000399e-08
1.280000000000000080e-07
1.136000000000000008e-06
6.400000000000000399e-08
5.559999999999999494e-07
2.799999999999999873e-06
8.080000000000000354e-07
6.400000000000000399e-08
1.287999999999999993e-06
2.759999999999999833e-07
4.880000000000000287e-07
1.799999999999999971e-07
1.407999999999999902e-06
1.624000000000000037e-06
5.999999999999999464e-08
6.400000000000000399e-08
6.800000000000000010e-08
8.799999999999999390e-08
9.200000000000000325e-08
1.160000000000000064e-07
1.199999999999999893e-07
1.439999999999999924e-07
3.879999999999999803e-07
1.088000000000000002e-06
1.376000000000000039e-06
1.808000000000000096e-06
1.811999999999999973e-06
1.396000000000000060e-06
2.119999999999999925e-07
1.331999999999999910e-06
6.400000000000000399e-08
8.640000000000000075e-07
1.416000000000000080e-06
1.960000000000000081e-07
1.080000000000000036e-06
1.999999999999999909e-07
1.720000000000000049e-07
1.759999999999999878e-07
6.400000000000000399e-08
2.399999999999999786e-07
2.479999999999999972e-07
1.111999999999999899e-06
9.159999999999999967e-07
6.400000000000000399e-08
3.320000000000000083e-07
1.531999999999999901e-06
3.560000000000000114e-07
5.400000000000000179e-07
1.196000000000000069e-06
1.039999999999999995e-06
1.047999999999999961e-06
1.052000000000000050e-06
6.400000000000000399e-08
6.400000000000000399e-08
6.400000000000000399e-08
1.712000000000000083e-06
4.147999999999999927e-06
5.999999999999999464e-08
6.199999999999999931e-07
1.179999999999999925e-06
3.599999999999999943e-07
2.359999999999999957e-07
2.519999999999999801e-07
6.400000000000000399e-08
1.363999999999999985e-06
6.400000000000000399e-08
6.800000000000000010e-08
7.199999999999999621e-08
9.200000000000000325e-08
9.599999999999999936e-08
1.199999999999999893e-07
1.239999999999999986e-07
1.480000000000000018e-07
1.720000000000000049e-07
1.759999999999999878e-07
1.999999999999999909e-07
2.040000000000000003e-07
6.400000000000000399e-08
6.400000000000000399e-08
5.999999999999999464e-08
6.400000000000000399e-08
6.800000000000000010e-08
9.200000000000000325e-08
9.599999999999999936e-08
1.199999999999999893e-07
1.480000000000000018e-07
6.400000000000000399e-08
1.199999999999999893e-07
6.400000000000000399e-08
2.759999999999999833e-07
5.999999999999999464e-08
6.400000000000000399e-08
2.040000000000000003e-07
6.328000000000000230e-06
6.331999999999999684e-06
6.335999999999999984e-06
6.340000000000000285e-06
3.320000000000000083e-07
1.879999999999999894e-07
2.239999999999999941e-07
1.348000000000000053e-06
6.400000000000000399e-08
9.599999999999999936e-08
1.480000000000000018e-07
1.520000000000000111e-07
8.360000000000000215e-07
2.599999999999999988e-07
6.400000000000000399e-08
1.308000000000000013e-06
1.684000000000000097e-06
6.800000000000000010e-08
2.680000000000000175e-07
1.280000000000000080e-07
3.611999999999999892e-06
9.960000000000000777e-07
2.239999999999999941e-07
1.864000000000000068e-06
9.599999999999999936e-08
6.400000000000000399e-08
2.612000000000000149e-06
2.616000000000000026e-06
2.619999999999999903e-06
2.624000000000000203e-06
2.720000000000000004e-07
4.119999999999999835e-07
1.199999999999999893e-07
6.039999999999999557e-07
2.599999999999999988e-07
5.999999999999999464e-08
2.879999999999999848e-07
6.800000000000000010e-08
2.163999999999999949e-06
2.380000000000000083e-06
4.200000000000000022e-07
4.759999999999999742e-07
1.655999999999999900e-06
1.543999999999999956e-06
6.600000000000000337e-07
2.160000000000000019e-07
2.840000000000000020e-07
2.280000000000000034e-07
2.320000000000000128e-07
2.720000000000000004e-07
2.999999999999999864e-07
6.800000000000000010e-08
6.400000000000000399e-08
6.400000000000000399e-08
7.519999999999999575e-07
1.531999999999999901e-06
6.400000000000000399e-08
5.160000000000000148e-07
5.279999999999999634e-07
6.400000000000000399e-08
2.080000000000000096e-07
3.043999999999999994e-06
2.759999999999999833e-07
6.400000000000000399e-08
6.800000000000000010e-08
6.800000000000000010e-08
3.359999999999999911e-07
3.399999999999999740e-07
6.400000000000000399e-08
9.799999999999999345e-07
6.400000000000000399e-08
6.800000000000000010e-08
1.199999999999999893e-07
6.400000000000000399e-08
1.111999999999999899e-06
6.400000000000000399e-08
6.800000000000000010e-08
7.199999999999999621e-08
9.200000000000000325e-08
9.599999999999999936e-08
1.199999999999999893e-07
1.480000000000000018e-07
1.720000000000000049e-07
2.800000000000000191e-07
1.260000000000000007e-06
6.800000000000000010e-08
9.200000000000000325e-08
1.199999999999999893e-07
2.443999999999999809e-06
1.432000000000000011e-06
2.320000000000000128e-07
5.479999999999999837e-07
5.080000000000000490e-07
1.379999999999999916e-06
2.639999999999999817e-07
6.400000000000000399e-08
1.439999999999999977e-06
1.756000000000000001e-06
2.519999999999999801e-07
1.999999999999999909e-07
6.400000000000000399e-08
1.999999999999999909e-07
1.480000000000000018e-07
2.280000000000000034e-07
2.320000000000000128e-07
1.039999999999999995e-06
4.239999999999999850e-07
4.200000000000000022e-07
2.239999999999999941e-07
1.515999999999999970e-06
6.400000000000000399e-08
4.323999999999999597e-06
4.327999999999999897e-06
4.332000000000000198e-06
4.335999999999999651e-06
4.339999999999999952e-06
4.344000000000000252e-06
6.400000000000000399e-08
1.319999999999999909e-07
1.960000000000000081e-07
2.104000000000000100e-06
5.999999999999999464e-08
2.851999999999999968e-06
2.599999999999999988e-07
5.999999999999999464e-08
6.400000000000000399e-08
6.800000000000000010e-08
9.200000000000000325e-08
9.599999999999999936e-08
1.199999999999999893e-07
1.439999999999999924e-07
2.519999999999999801e-07
6.400000000000000399e-08
1.040000000000000048e-07
6.400000000000000399e-08
5.999999999999999464e-08
6.400000000000000399e-08
6.400000000000000399e-08
2.800000000000000191e-07
6.400000000000000399e-08
4.320000000000000037e-07
1.759999999999999878e-07
3.440000000000000098e-07
1.083999999999999913e-06
2.720000000000000004e-07
5.239999999999999805e-07
6.400000000000000399e-08
5.999999999999999464e-08
6.400000000000000399e-08
2.479999999999999972e-07
6.800000000000000010e-08
1.759999999999999878e-07
2.280000000000000034e-07
2.516000000000000136e-06
3.800000000000000146e-07
1.088000000000000002e-06
6.800000000000000010e-08
5.999999999999999464e-08
2.920000000000000207e-07
6.400000000000000399e-08
5.999999999999999464e-08
4.560000000000000069e-07
9.239999999999999624e-07
5.999999999999999464e-08
1.919999999999999987e-07
3.839999999999999974e-07
1.759999999999999878e-07
6.719999999999999823e-07
1.143999999999999974e-06
1.679999999999999956e-07
3.356000000000000140e-06
6.400000000000000399e-08
6.800000000000000010e-08
9.200000000000000325e-08
9.599999999999999936e-08
1.160000000000000064e-07
1.199999999999999893e-07
1.480000000000000018e-07
1.720000000000000049e-07
4.640000000000000256e-07
6.800000000000000010e-08
1.540000000000000079e-06
2.960000000000000035e-06
6.400000000000000399e-08
2.720000000000000004e-07
2.800000000000000191e-07
7.120000000000000228e-07
2.160000000000000019e-07
2.920000000000000207e-07
2.399999999999999786e-07
6.400000000000000399e-08
6.800000000000000010e-08
9.200000000000000325e-08
9.599999999999999936e-08
1.199999999999999893e-07
9.040000000000000480e-07
5.999999999999999464e-08
1.695999999999999940e-06
5.999999999999999464e-08
5.999999999999999464e-08
2.216000000000000044e-06
2.219999999999999921e-06
2.223999999999999798e-06
2.228000000000000098e-06
2.231999999999999975e-06
2.235999999999999852e-06
2.240000000000000153e-06
2.252000000000000207e-06
2.259999999999999961e-06
2.280000000000000193e-06
2.284000000000000070e-06
2.308000000000000179e-06
2.312000000000000056e-06
2.336000000000000165e-06
2.471999999999999795e-06
8.759999999999999561e-07
6.400000000000000399e-08
6.400000000000000399e-08
1.659999999999999988e-06
5.999999999999999464e-08
2.200000000000000112e-07
2.320000000000000128e-07
3.639999999999999772e-07
1.480000000000000018e-07
8.919999999999999935e-07
5.759999999999999697e-07
5.680000000000000039e-07
2.519999999999999801e-07
2.800000000000000191e-07
5.999999999999999464e-08
6.400000000000000399e-08
8.400000000000000043e-07
1.199999999999999893e-07
2.759999999999999833e-07
4.479999999999999882e-07
6.199999999999999931e-07
6.800000000000000010e-08
5.200000000000000241e-08
5.999999999999999464e-08
6.880000000000000197e-07
6.920000000000000026e-07
6.959999999999999854e-07
6.999999999999999683e-07
7.039999999999999512e-07
7.120000000000000228e-07
7.199999999999999886e-07
7.239999999999999715e-07
7.320000000000000431e-07
7.519999999999999575e-07
7.560000000000000463e-07
1.980000000000000101e-06
9.399999999999999998e-07
6.400000000000000399e-08
6.800000000000000010e-08
9.200000000000000325e-08
9.599999999999999936e-08
1.199999999999999893e-07
1.239999999999999986e-07
1.439999999999999924e-07
1.480000000000000018e-07
1.720000000000000049e-07
1.759999999999999878e-07
1.999999999999999909e-07
5.759999999999999697e-07
5.799999999999999526e-07
6.400000000000000399e-08
6.800000000000000010e-08
1.751999999999999912e-06
1.756000000000000001e-06
1.760000000000000090e-06
1.763999999999999967e-06
1.768000000000000056e-06
1.771999999999999933e-06
1.776000000000000021e-06
1.783999999999999987e-06
1.816000000000000062e-06
6.400000000000000399e-08
6.400000000000000399e-08
6.800000000000000010e-08
9.599999999999999936e-08
1.199999999999999893e-07
2.560000000000000159e-07
6.400000000000000399e-08
2.720000000000000004e-07
2.448000000000000109e-06
2.107999999999999977e-06
2.111999999999999854e-06
2.116000000000000154e-06
2.120000000000000031e-06
2.123999999999999908e-06
1.887999999999999965e-06
6.400000000000000399e-08
6.800000000000000010e-08
9.200000000000000325e-08
9.599999999999999936e-08
1.199999999999999893e-07
2.359999999999999957e-07
2.639999999999999817e-07
1.040000000000000048e-07
6.400000000000000399e-08
6.800000000000000010e-08
7.199999999999999621e-08
9.200000000000000325e-08
9.599999999999999936e-08
9.999999999999999547e-08
1.199999999999999893e-07
1.239999999999999986e-07
1.480000000000000018e-07
1.520000000000000111e-07
1.759999999999999878e-07
2.040000000000000003e-07
1.720000000000000049e-07
1.759999999999999878e-07
1.199999999999999893e-07
1.239999999999999986e-07
6.400000000000000399e-08
1.040000000000000048e-07
5.999999999999999464e-08
6.400000000000000399e-08
8.799999999999999390e-08
1.444000000000000066e-06
2.827999999999999859e-06
2.832000000000000160e-06
2.836000000000000037e-06
2.839999999999999914e-06
2.843999999999999791e-06
1.384000000000000005e-06
4.320000000000000037e-07
1.264000000000000095e-06
2.519999999999999801e-07
2.759999999999999833e-07
5.999999999999999464e-08
2.399999999999999786e-07
1.840000000000000065e-07
1.300000000000000047e-06
9.399999999999999998e-07
5.999999999999999464e-08
6.400000000000000399e-08
6.800000000000000010e-08
9.200000000000000325e-08
6.239999999999999760e-07
1.844000000000000048e-06
9.040000000000000480e-07
2.560000000000000159e-07
8.799999999999999390e-08
5.999999999999999464e-08
6.800000000000000010e-08
1.080000000000000009e-07
5.999999999999999464e-08
3.080000000000000051e-07
2.320000000000000128e-07
1.763999999999999967e-06
2.320000000000000128e-07
8.120000000000000183e-07
3.320000000000000083e-07
5.360000000000000350e-07
5.400000000000000179e-07
5.440000000000000008e-07
5.479999999999999837e-07
3.475999999999999838e-06
1.576000000000000030e-06
6.400000000000000399e-08
2.840000000000000020e-07
6.400000000000000399e-08
1.160000000000000064e-07
1.199999999999999893e-07
3.239999999999999896e-07
5.999999999999999464e-08
6.400000000000000399e-08
6.400000000000000399e-08
3.136000000000000129e-06
6.400000000000000399e-08
6.800000000000000010e-08
9.200000000000000325e-08
9.599999999999999936e-08
1.160000000000000064e-07
1.199999999999999893e-07
1.439999999999999924e-07
1.040000000000000048e-07
1.160000000000000064e-07
1.439999999999999924e-07
2.720000000000000004e-07
1.655999999999999900e-06
1.659999999999999988e-06
1.664000000000000077e-06
1.667999999999999954e-06
1.672000000000000043e-06
1.675999999999999920e-06
1.684000000000000097e-06
1.692000000000000063e-06
1.700000000000000029e-06
1.723999999999999926e-06
6.800000000000000010e-08
2.840000000000000020e-07
6.400000000000000399e-08
1.360000000000000002e-07
1.235999999999999897e-06
2.639999999999999817e-07
5.999999999999999464e-08
8.640000000000000075e-07
4.880000000000000287e-07
5.999999999999999464e-08
3.680000000000000130e-07
6.400000000000000399e-08
9.200000000000000325e-08
1.103999999999999933e-06
2.748000000000000202e-06
6.400000000000000399e-08
1.119999999999999970e-07
1.080000000000000009e-07
3.759999999999999788e-07
9.399999999999999998e-07
9.199999999999999795e-07
9.239999999999999624e-07
9.280000000000000512e-07
9.320000000000000341e-07
6.400000000000000399e-08
2.320000000000000128e-07
5.999999999999999464e-08
6.800000000000000010e-08
1.999999999999999909e-07
6.400000000000000399e-08
6.800000000000000010e-08
1.436000000000000100e-06
5.519999999999999666e-07
5.999999999999999464e-08
6.400000000000000399e-08
6.400000000000000399e-08
6.400000000000000399e-08
2.560000000000000159e-07
6.400000000000000399e-08
9.200000000000000325e-08
2.560000000000000159e-07
4.680000000000000085e-07
3.280000000000000254e-07
1.919999999999999987e-07
2.479999999999999972e-07
3.399999999999999740e-07
5.999999999999999464e-08
2.759999999999999833e-07
6.400000000000000399e-08
9.200000000000000325e-08
6.400000000000000399e-08
6.400000000000000399e-08
6.800000000000000010e-08
7.199999999999999621e-08
8.479999999999999701e-07
3.239999999999999896e-07
6.400000000000000399e-08
6.800000000000000010e-08
7.199999999999999621e-08
9.200000000000000325e-08
9.599999999999999936e-08
1.199999999999999893e-07
1.239999999999999986e-07
1.439999999999999924e-07
1.480000000000000018e-07
1.720000000000000049e-07
1.759999999999999878e-07
1.999999999999999909e-07
2.280000000000000034e-07
5.759999999999999697e-07
2.359999999999999957e-07
5.999999999999999464e-08
6.400000000000000399e-08
9.599999999999999936e-08
1.919999999999999987e-07
1.720000000000000049e-07
3.280000000000000254e-07
2.999999999999999864e-07
2.680000000000000175e-07
2.376000000000000206e-06
6.400000000000000399e-08
6.400000000000000399e-08
6.400000000000000399e-08
7.039999999999999512e-07
3.251999999999999950e-06
3.255999999999999827e-06
3.260000000000000128e-06
2.519999999999999801e-07
1.419999999999999957e-06
2.599999999999999988e-07
6.400000000000000399e-08
6.800000000000000010e-08
9.200000000000000325e-08
1.199999999999999893e-07
6.400000000000000399e-08
6.800000000000000010e-08
1.720000000000000049e-07
4.040000000000000177e-07
8.799999999999999390e-08
9.200000000000000325e-08
3.119999999999999880e-07
6.400000000000000399e-08
6.800000000000000010e-08
7.199999999999999621e-08
9.200000000000000325e-08
9.599999999999999936e-08
1.199999999999999893e-07
1.239999999999999986e-07
1.439999999999999924e-07
1.480000000000000018e-07
1.720000000000000049e-07
1.759999999999999878e-07
1.999999999999999909e-07
2.280000000000000034e-07
8.719999999999999732e-07
2.320000000000000128e-07
5.999999999999999464e-08
6.400000000000000399e-08
1.303999999999999924e-06
1.560000000000000099e-06
2.759999999999999833e-07
6.400000000000000399e-08
1.287999999999999993e-06
8.279999999999999498e-07
1.799999999999999971e-07
5.160000000000000148e-07
1.376000000000000039e-06
9.599999999999999936e-08
7.160000000000000057e-07
4.920000000000000116e-07
6.400000000000000399e-08
6.400000000000000399e-08
1.903999999999999897e-06
6.800000000000000010e-08
8.840000000000000278e-07
6.400000000000000399e-08
5.039999999999999603e-07
6.400000000000000399e-08
6.400000000000000399e-08
1.867999999999999945e-06
1.480000000000000018e-07
6.400000000000000399e-08
6.800000000000000010e-08
7.199999999999999621e-08
9.200000000000000325e-08
9.599999999999999936e-08
1.199999999999999893e-07
1.239999999999999986e-07
1.439999999999999924e-07
1.480000000000000018e-07
1.520000000000000111e-07
1.720000000000000049e-07
6.400000000000000399e-08
2.640000000000000135e-06
9.199999999999999795e-07
2.440000000000000144e-07
5.999999999999999464e-08
6.400000000000000399e-08
5.999999999999999464e-08
3.359999999999999911e-07
7.640000000000000120e-07
2.996000000000000199e-06
4.320000000000000037e-07
4.799999999999999571e-07
2.200000000000000112e-07
5.559999999999999494e-07
9.599999999999999936e-08
6.160000000000000102e-07
1.264000000000000095e-06
5.999999999999999464e-08
6.400000000000000399e-08
6.800000000000000010e-08
8.799999999999999390e-08
9.200000000000000325e-08
1.199999999999999893e-07
1.439999999999999924e-07
1.919999999999999987e-07
6.400000000000000399e-08
6.800000000000000010e-08
9.200000000000000325e-08
9.599999999999999936e-08
1.199999999999999893e-07
1.239999999999999986e-07
1.480000000000000018e-07
1.759999999999999878e-07
1.520000000000000111e-07
6.400000000000000399e-08
8.799999999999999390e-08
9.200000000000000325e-08
1.459999999999999997e-06
2.560000000000000159e-07
6.400000000000000399e-08
6.800000000000000010e-08
7.199999999999999621e-08
9.200000000000000325e-08
9.599999999999999936e-08
1.199999999999999893e-07
2.359999999999999957e-07
6.400000000000000399e-08
6.800000000000000010e-08
9.200000000000000325e-08
1.199999999999999893e-07
1.239999999999999986e-07
6.400000000000000399e-08
6.800000000000000010e-08
9.200000000000000325e-08
1.199999999999999893e-07
1.119999999999999970e-07
1.160000000000000064e-07
6.400000000000000399e-08
2.399999999999999786e-07
1.723999999999999926e-06
1.679999999999999956e-07
5.920000000000000071e-07
6.400000000000000399e-08
6.400000000000000399e-08
3.040000000000000117e-06
3.043999999999999994e-06
3.047999999999999871e-06
6.400000000000000399e-08
2.359999999999999957e-07
1.999999999999999909e-07
6.400000000000000399e-08
6.560000000000000508e-07
6.400000000000000399e-08
9.200000000000000325e-08
6.800000000000000010e-08
3.320000000000000083e-07
4.719999999999999913e-07
6.400000000000000399e-08
6.400000000000000399e-08
2.359999999999999957e-07
6.400000000000000399e-08
2.200000000000000112e-07
2.200000000000000112e-07
1.852000000000000014e-06
5.999999999999999464e-08
6.279999999999999589e-07
1.439999999999999977e-06
2.680000000000000175e-07
3.200000000000000067e-07
1.720000000000000049e-07
1.879999999999999894e-07
1.919999999999999987e-07
2.320000000000000128e-07
2.239999999999999941e-07
9.080000000000000309e-07
3.599999999999999943e-07
3.040000000000000222e-07
4.599999999999999898e-07
6.400000000000000399e-08
6.800000000000000010e-08
7.199999999999999621e-08
9.200000000000000325e-08
9.599999999999999936e-08
9.999999999999999547e-08
1.199999999999999893e-07
1.239999999999999986e-07
1.439999999999999924e-07
1.480000000000000018e-07
1.520000000000000111e-07
1.759999999999999878e-07
1.999999999999999909e-07
2.280000000000000034e-07
3.639999999999999772e-07
2.083999999999999868e-06
2.223999999999999798e-06
1.712000000000000083e-06
1.779999999999999898e-06
1.999999999999999909e-07
1.283999999999999904e-06
1.583999999999999996e-06
2.039999999999999950e-06
2.239999999999999941e-07
2.239999999999999941e-07
2.800000000000000191e-07
6.800000000000000010e-08
6.840000000000000368e-07
6.400000000000000399e-08
2.280000000000000034e-07
3.639999999999999772e-07
5.999999999999999464e-08
2.239999999999999941e-07
5.999999999999999464e-08
6.400000000000000399e-08
8.799999999999999390e-08
9.200000000000000325e-08
1.199999999999999893e-07
1.439999999999999924e-07
1.720000000000000049e-07
1.012000000000000009e-06
2.759999999999999833e-07
6.400000000000000399e-08
6.400000000000000399e-08
4.599999999999999898e-07
6.400000000000000399e-08
1.239999999999999986e-07
1.819999999999999939e-06
3.599999999999999943e-07
3.759999999999999788e-07
5.999999999999999464e-08
2.280000000000000034e-07
6.400000000000000399e-08
6.800000000000000010e-08
9.599999999999999936e-08
2.991999999999999898e-06
2.996000000000000199e-06
3.007999999999999830e-06
3.080000000000000051e-07
4.160000000000000193e-07
1.824000000000000028e-06
6.400000000000000399e-08
6.800000000000000010e-08
9.200000000000000325e-08
9.599999999999999936e-08
1.160000000000000064e-07
1.199999999999999893e-07
1.439999999999999924e-07
1.480000000000000018e-07
1.720000000000000049e-07
1.999999999999999909e-07
6.400000000000000399e-08
6.400000000000000399e-08
2.560000000000000159e-07
6.400000000000000399e-08
1.123999999999999953e-06
2.720000000000000004e-07
7.560000000000000463e-07
3.560000000000000114e-07
1.960000000000000081e-07
7.320000000000000431e-07
2.759999999999999833e-07
1.999999999999999909e-07
2.920000000000000207e-07
5.999999999999999464e-08
6.400000000000000399e-08
9.200000000000000325e-08
4.040000000000000177e-07
2.879999999999999848e-07
3.999999999999999819e-07
4.959999999999999945e-07
6.400000000000000399e-08
6.800000000000000010e-08
7.199999999999999621e-08
9.200000000000000325e-08
9.599999999999999936e-08
1.600000000000000033e-07
2.680000000000000175e-07
6.400000000000000399e-08
2.519999999999999801e-07
6.800000000000000010e-08
6.400000000000000399e-08
6.800000000000000010e-08
1.675999999999999920e-06
1.740000000000000069e-06
2.759999999999999833e-07
1.559999999999999940e-07
9.320000000000000341e-07
9.360000000000000169e-07
2.752000000000000079e-06
2.479999999999999972e-07
1.171999999999999960e-06
6.400000000000000399e-08
6.800000000000000010e-08
7.199999999999999621e-08
9.200000000000000325e-08
9.599999999999999936e-08
1.199999999999999893e-07
1.239999999999999986e-07
1.439999999999999924e-07
1.480000000000000018e-07
1.720000000000000049e-07
1.759999999999999878e-07
1.999999999999999909e-07
2.040000000000000003e-07
2.280000000000000034e-07
2.560000000000000159e-07
6.400000000000000399e-08
1.960000000000000081e-07
1.999999999999999909e-07
9.360000000000000169e-07
1.239999999999999986e-07
6.400000000000000399e-08
3.879999999999999803e-07
6.400000000000000399e-08
9.200000000000000325e-08
2.160000000000000019e-07
6.400000000000000399e-08
8.799999999999999390e-08
1.928000000000000006e-06
1.143999999999999974e-06
2.479999999999999972e-07
3.239999999999999896e-07
6.400000000000000399e-08
3.080000000000000051e-07
6.400000000000000399e-08
6.400000000000000399e-08
8.600000000000000246e-07
8.640000000000000075e-07
3.879999999999999803e-07
6.400000000000000399e-08
6.800000000000000010e-08
9.200000000000000325e-08
1.199999999999999893e-07
1.720000000000000049e-07
4.239999999999999850e-07
4.280000000000000209e-07
4.320000000000000037e-07
4.359999999999999866e-07
6.400000000000000399e-08
6.400000000000000399e-08
1.411999999999999991e-06
2.399999999999999786e-07
4.119999999999999835e-07
1.123999999999999953e-06
7.479999999999999746e-07
4.119999999999999835e-07
6.400000000000000399e-08
6.800000000000000010e-08
9.599999999999999936e-08
1.199999999999999893e-07
1.831999999999999993e-06
7.080000000000000400e-07
2.160000000000000019e-07
4.479999999999999882e-07
1.052000000000000050e-06
6.496000000000000147e-06
4.520000000000000240e-07
6.400000000000000399e-08
6.800000000000000010e-08
9.200000000000000325e-08
1.199999999999999893e-07
2.519999999999999801e-07
2.259999999999999961e-06
2.479999999999999972e-07
2.759999999999999833e-07
3.639999999999999772e-07
1.768000000000000056e-06
6.400000000000000399e-08
5.999999999999999464e-08
6.239999999999999760e-07
2.479999999999999972e-07
6.640000000000000165e-07
1.260000000000000007e-06
2.359999999999999957e-07
2.399999999999999786e-07
3.160000000000000238e-07
2.800000000000000191e-07
5.999999999999999464e-08
2.560000000000000159e-07
5.999999999999999464e-08
6.400000000000000399e-08
9.200000000000000325e-08
1.160000000000000064e-07
1.439999999999999924e-07
2.560000000000000159e-07
6.400000000000000399e-08
1.439999999999999924e-07
2.359999999999999957e-07
6.800000000000000010e-08
6.400000000000000399e-08
7.800000000000000494e-07
3.040000000000000222e-07
1.560000000000000099e-06
2.599999999999999988e-07
4.999999999999999774e-07
5.039999999999999603e-07
5.080000000000000490e-07
5.120000000000000319e-07
2.203999999999999989e-06
1.459999999999999997e-06
6.400000000000000399e-08
7.199999999999999621e-08
1.599999999999999928e-06
2.280000000000000034e-07
3.040000000000000222e-07
1.379999999999999916e-06
6.400000000000000399e-08
6.479999999999999791e-07
8.040000000000000526e-07
5.640000000000000211e-07
2.244000000000000030e-06
1.579999999999999907e-06
6.800000000000000010e-08
2.759999999999999833e-07
6.400000000000000399e-08
6.800000000000000010e-08
9.200000000000000325e-08
9.599999999999999936e-08
1.199999999999999893e-07
2.639999999999999817e-07
6.400000000000000399e-08
2.519999999999999801e-07
6.400000000000000399e-08
6.800000000000000010e-08
1.239999999999999986e-07
1.319999999999999909e-07
3.959999999999999990e-07
2.160000000000000019e-07
5.959999999999999900e-07
6.800000000000000010e-08
1.239999999999999986e-07
5.440000000000000008e-07
6.400000000000000399e-08
6.400000000000000399e-08
5.999999999999999464e-08
2.119999999999999925e-07
6.400000000000000399e-08
1.759999999999999878e-07
1.199999999999999893e-07
5.479999999999999837e-07
1.799999999999999971e-07
8.519999999999999530e-07
6.400000000000000399e-08
6.800000000000000010e-08
6.400000000000000399e-08
6.800000000000000010e-08
9.200000000000000325e-08
9.599999999999999936e-08
1.199999999999999893e-07
1.480000000000000018e-07
1.783999999999999987e-06
1.599999999999999928e-06
6.400000000000000399e-08
5.999999999999999464e-08
2.280000000000000034e-07
7.479999999999999746e-07
6.400000000000000399e-08
9.200000000000000325e-08
2.843999999999999791e-06
2.851999999999999968e-06
2.855999999999999845e-06
4.799999999999999571e-07
6.800000000000000010e-08
1.732000000000000104e-06
6.400000000000000399e-08
6.800000000000000010e-08
7.199999999999999621e-08
9.599999999999999936e-08
1.199999999999999893e-07
1.400000000000000095e-07
1.480000000000000018e-07
1.720000000000000049e-07
2.680000000000000175e-07
3.119999999999999880e-07
3.160000000000000238e-07
3.200000000000000067e-07
3.239999999999999896e-07
3.280000000000000254e-07
3.320000000000000083e-07
3.359999999999999911e-07
3.479999999999999927e-07
3.519999999999999756e-07
3.560000000000000114e-07
3.759999999999999788e-07
3.800000000000000146e-07
3.839999999999999974e-07
4.080000000000000006e-07
5.680000000000000039e-07
5.719999999999999868e-07
5.920000000000000071e-07
2.960000000000000035e-07
2.040000000000000003e-07
1.900000000000000020e-06
4.520000000000000240e-07
3.080000000000000051e-07
1.040000000000000048e-07
1.080000000000000009e-07
1.119999999999999970e-07
1.160000000000000064e-07
7.199999999999999886e-07
5.999999999999999464e-08
1.128000000000000042e-06
6.400000000000000399e-08
1.759999999999999878e-07
6.400000000000000399e-08
9.200000000000000325e-08
1.759999999999999878e-07
5.440000000000000008e-07
1.363999999999999985e-06
1.791999999999999953e-06
6.400000000000000399e-08
6.800000000000000010e-08
9.599999999999999936e-08
2.759999999999999833e-07
1.492000000000000072e-06
6.039999999999999557e-07
6.239999999999999760e-07
6.400000000000000399e-08
5.999999999999999464e-08
2.879999999999999848e-07
2.479999999999999972e-07
6.400000000000000399e-08
1.879999999999999894e-07
1.320000000000000067e-06
3.359999999999999911e-07
1.363999999999999985e-06
6.400000000000000399e-08
4.640000000000000256e-07
2.519999999999999801e-07
1.799999999999999971e-07
6.400000000000000399e-08
9.599999999999999936e-08
2.280000000000000034e-07
7.439999999999999917e-07
6.400000000000000399e-08
9.200000000000000325e-08
2.200000000000000112e-07
1.156000000000000028e-06
6.400000000000000399e-08
9.200000000000000325e-08
1.472000000000000052e-06
6.400000000000000399e-08
6.400000000000000399e-08
6.400000000000000399e-08
6.400000000000000399e-08
6.800000000000000010e-08
7.199999999999999621e-08
7.600000000000000556e-08
9.200000000000000325e-08
9.599999999999999936e-08
9.999999999999999547e-08
1.199999999999999893e-07
1.239999999999999986e-07
1.439999999999999924e-07
1.480000000000000018e-07
1.520000000000000111e-07
1.720000000000000049e-07
1.759999999999999878e-07
1.799999999999999971e-07
1.999999999999999909e-07
2.040000000000000003e-07
2.280000000000000034e-07
2.320000000000000128e-07
2.560000000000000159e-07
4.400000000000000224e-07
5.440000000000000008e-07
6.360000000000000305e-07
7.279999999999999544e-07
5.868000000000000399e-06
5.871999999999999853e-06
5.876000000000000153e-06
5.879999999999999607e-06
5.883999999999999907e-06
1.791999999999999953e-06
1.196000000000000069e-06
2.759999999999999833e-07
2.440000000000000144e-07
2.119999999999999925e-07
2.320000000000000128e-07
6.400000000000000399e-08
1.679999999999999956e-07
2.639999999999999817e-07
6.400000000000000399e-08
3.787999999999999985e-06
1.052000000000000050e-06
1.188000000000000103e-06
6.400000000000000399e-08
1.480000000000000018e-06
1.840000000000000065e-07
2.800000000000000191e-07
1.320000000000000067e-06
1.568000000000000065e-06
1.919999999999999987e-07
2.560000000000000159e-07
1.840000000000000065e-07
3.280000000000000254e-07
3.320000000000000083e-07
6.400000000000000399e-08
6.400000000000000399e-08
6.400000000000000399e-08
6.800000000000000010e-08
9.200000000000000325e-08
1.199999999999999893e-07
1.439999999999999924e-07
3.080000000000000051e-07
3.412000000000000112e-06
5.999999999999999464e-08
6.400000000000000399e-08
2.680000000000000175e-07
8.320000000000000386e-07
8.360000000000000215e-07
6.400000000000000399e-08
6.800000000000000010e-08
9.599999999999999936e-08
1.219999999999999966e-06
6.400000000000000399e-08
6.400000000000000399e-08
6.800000000000000010e-08
9.200000000000000325e-08
9.599999999999999936e-08
1.199999999999999893e-07
1.520000000000000111e-07
6.400000000000000399e-08
3.080000000000000051e-07
2.759999999999999833e-07
5.360000000000000350e-07
6.400000000000000399e-08
2.560000000000000159e-07
4.840000000000000459e-07
2.840000000000000020e-07
9.159999999999999967e-07
2.320000000000000128e-07
2.399999999999999786e-07
2.440000000000000144e-07
2.999999999999999864e-07
6.400000000000000399e-08
6.800000000000000010e-08
1.280000000000000080e-07
7.400000000000000089e-07
6.800000000000000010e-08
9.200000000000000325e-08
9.599999999999999936e-08
7.999999999999999638e-07
5.479999999999999837e-07
6.400000000000000399e-08
1.439999999999999924e-07
6.400000000000000399e-08
1.740000000000000069e-06
6.400000000000000399e-08
6.800000000000000010e-08
7.199999999999999621e-08
9.200000000000000325e-08
9.599999999999999936e-08
9.999999999999999547e-08
1.199999999999999893e-07
1.239999999999999986e-07
1.480000000000000018e-07
1.759999999999999878e-07
1.999999999999999909e-07
7.959999999999999809e-07
5.999999999999999464e-08
1.439999999999999924e-07
9.120000000000000138e-07
2.440000000000000144e-07
6.400000000000000399e-08
1.319999999999999909e-07
1.439999999999999924e-07
1.720000000000000049e-07
1.999999999999999909e-07
4.999999999999999774e-07
6.400000000000000399e-08
6.800000000000000010e-08
9.200000000000000325e-08
9.599999999999999936e-08
1.199999999999999893e-07
1.720000000000000049e-07
6.800000000000000010e-08
5.640000000000000211e-07
6.400000000000000399e-08
6.800000000000000010e-08
2.280000000000000034e-07
2.479999999999999972e-07
4.920000000000000116e-07
3.519999999999999756e-07
1.239999999999999986e-07
1.319999999999999909e-07
2.720000000000000004e-07
6.400000000000000399e-08
1.280000000000000080e-07
2.720000000000000004e-07
5.999999999999999464e-08
6.400000000000000399e-08
9.200000000000000325e-08
6.840000000000000368e-07
6.880000000000000197e-07
1.280000000000000080e-07
1.319999999999999909e-07
2.239999999999999941e-07
2.280000000000000034e-07
1.700000000000000029e-06
5.999999999999999464e-08
6.400000000000000399e-08
6.800000000000000010e-08
8.799999999999999390e-08
9.200000000000000325e-08
1.160000000000000064e-07
1.199999999999999893e-07
1.439999999999999924e-07
1.679999999999999956e-07
6.080000000000000445e-07
6.400000000000000399e-08
5.440000000000000008e-07
3.320000000000000083e-07
3.959999999999999990e-07
1.960000000000000081e-07
3.119999999999999880e-07
6.800000000000000010e-08
1.247999999999999952e-06
1.252000000000000041e-06
1.255999999999999918e-06
1.260000000000000007e-06
2.479999999999999972e-07
4.200000000000000022e-07
4.320000000000000037e-07
1.340000000000000088e-06
6.400000000000000399e-08
4.200000000000000022e-07
2.560000000000000159e-07
6.400000000000000399e-08
1.759999999999999878e-07
6.400000000000000399e-08
6.800000000000000010e-08
6.400000000000000399e-08
2.479999999999999972e-07
5.999999999999999464e-08
6.400000000000000399e-08
5.360000000000000350e-07
2.440000000000000144e-07
6.400000000000000399e-08
1.100000000000000056e-06
9.999999999999999547e-08
1.647999999999999934e-06
5.799999999999999526e-07
6.400000000000000399e-08
2.080000000000000096e-07
1.576000000000000030e-06
3.920000000000000161e-07
1.224000000000000055e-06
6.400000000000000399e-08
1.796000000000000042e-06
5.999999999999999464e-08
6.400000000000000399e-08
6.800000000000000010e-08
9.200000000000000325e-08
1.199999999999999893e-07
3.040000000000000222e-07
2.519999999999999801e-07
2.560000000000000159e-07
2.599999999999999988e-07
2.639999999999999817e-07
2.960000000000000035e-07
2.479999999999999972e-07
5.400000000000000179e-07
6.800000000000000010e-08
1.839999999999999959e-06
1.840000000000000065e-07
6.400000000000000399e-08
6.400000000000000399e-08
2.055999999999999882e-06
2.060000000000000182e-06
2.067999999999999936e-06
1.319999999999999909e-07
6.400000000000000399e-08
3.359999999999999911e-07
9.200000000000000325e-08
7.519999999999999575e-07
9.239999999999999624e-07
2.399999999999999786e-07
6.400000000000000399e-08
2.759999999999999833e-07
1.436000000000000100e-06
1.204000000000000034e-06
1.207999999999999911e-06
2.080000000000000096e-07
2.519999999999999801e-07
1.632000000000000002e-06
4.959999999999999945e-07
4.680000000000000085e-07
6.400000000000000399e-08
9.200000000000000325e-08
3.320000000000000083e-07
2.588000000000000040e-06
6.400000000000000399e-08
5.559999999999999494e-07
5.640000000000000211e-07
5.680000000000000039e-07
1.064000000000000104e-06
2.280000000000000034e-07
1.715999999999999960e-06
5.999999999999999464e-08
1.239999999999999986e-07
6.400000000000000399e-08
2.560000000000000159e-07
9.999999999999999547e-08
1.199999999999999893e-07
3.399999999999999740e-07
1.940000000000000060e-06
6.400000000000000399e-08
1.472000000000000052e-06
5.039999999999999603e-07
4.719999999999999913e-07
1.356000000000000019e-06
5.999999999999999464e-08
3.479999999999999927e-07
1.720000000000000049e-07
1.280000000000000080e-07
9.200000000000000325e-08
2.720000000000000004e-07
8.160000000000000012e-07
1.131999999999999919e-06
2.080000000000000096e-07
6.400000000000000399e-08
4.560000000000000069e-07
2.200000000000000112e-07
1.424000000000000046e-06
1.799999999999999971e-07
5.719999999999999868e-07
3.320000000000000083e-07
2.119999999999999925e-07
5.239999999999999805e-07
2.239999999999999941e-07
6.400000000000000399e-08
2.144000000000000140e-06
1.319999999999999909e-07
1.919999999999999987e-07
6.679999999999999994e-07
1.720000000000000049e-07
5.999999999999999464e-08
6.400000000000000399e-08
2.560000000000000159e-07
3.040000000000000222e-07
9.320000000000000341e-07
2.320000000000000128e-07
1.796000000000000042e-06
1.867999999999999945e-06
6.400000000000000399e-08
2.535999999999999945e-06
5.999999999999999464e-08
6.400000000000000399e-08
1.400000000000000095e-07
1.439999999999999924e-07
5.999999999999999464e-08
6.400000000000000399e-08
8.799999999999999390e-08
2.560000000000000159e-07
1.184000000000000014e-06
1.759999999999999878e-07
2.639999999999999817e-07
2.320000000000000128e-07
6.400000000000000399e-08
6.400000000000000399e-08
6.400000000000000399e-08
6.800000000000000010e-08
2.519999999999999801e-07
5.559999999999999494e-07
4.160000000000000193e-07
5.039999999999999603e-07
4.840000000000000459e-07
1.856000000000000102e-06
1.859999999999999979e-06
1.864000000000000068e-06
1.867999999999999945e-06
1.915999999999999951e-06
3.479999999999999927e-07
1.960000000000000081e-07
1.959999999999999869e-06
6.400000000000000399e-08
6.400000000000000399e-08
6.800000000000000010e-08
9.200000000000000325e-08
9.599999999999999936e-08
1.199999999999999893e-07
1.439999999999999924e-07
1.480000000000000018e-07
1.999999999999999909e-07
2.280000000000000034e-07
2.479999999999999972e-07
6.479999999999999791e-07
9.200000000000000325e-08
6.400000000000000399e-08
6.400000000000000399e-08
6.800000000000000010e-08
7.199999999999999621e-08
9.599999999999999936e-08
1.199999999999999893e-07
1.239999999999999986e-07
1.480000000000000018e-07
1.520000000000000111e-07
1.759999999999999878e-07
2.560000000000000159e-07
3.320000000000000083e-07
7.039999999999999512e-07
2.680000000000000175e-07
6.640000000000000165e-07
2.076000000000000114e-06
2.079999999999999991e-06
2.083999999999999868e-06
2.088000000000000168e-06
6.400000000000000399e-08
2.599999999999999988e-07
6.400000000000000399e-08
3.280000000000000254e-07
6.400000000000000399e-08
6.400000000000000399e-08
6.400000000000000399e-08
6.800000000000000010e-08
9.599999999999999936e-08
1.160000000000000064e-07
1.199999999999999893e-07
7.600000000000000291e-07
6.400000000000000399e-08
9.200000000000000325e-08
9.599999999999999936e-08
1.160000000000000064e-07
6.400000000000000399e-08
6.800000000000000010e-08
5.320000000000000522e-07
2.759999999999999833e-07
6.800000000000000010e-08
1.512000000000000093e-06
6.400000000000000399e-08
1.371999999999999951e-06
1.376000000000000039e-06
1.379999999999999916e-06
1.384000000000000005e-06
2.960000000000000035e-07
2.200000000000000112e-07
5.999999999999999464e-08
6.400000000000000399e-08
6.199999999999999931e-07
2.560000000000000159e-07
9.599999999999999142e-07
3.599999999999999943e-07
2.280000000000000034e-07
5.999999999999999464e-08
6.400000000000000399e-08
3.363999999999999894e-06
2.280000000000000034e-07
1.799999999999999919e-06
3.040000000000000222e-07
6.400000000000000399e-08
6.800000000000000010e-08
8.799999999999999390e-08
9.200000000000000325e-08
1.160000000000000064e-07
1.199999999999999893e-07
1.439999999999999924e-07
1.480000000000000018e-07
1.720000000000000049e-07
2.960000000000000035e-07
6.800000000000000010e-08
6.400000000000000399e-08
2.519999999999999801e-07
6.400000000000000399e-08
6.800000000000000010e-08
8.560000000000000417e-07
6.400000000000000399e-08
6.800000000000000010e-08
9.200000000000000325e-08
9.599999999999999936e-08
1.160000000000000064e-07
1.199999999999999893e-07
1.439999999999999924e-07
3.280000000000000254e-07
8.560000000000000417e-07
9.599999999999999936e-08
9.239999999999999624e-07
2.840000000000000020e-07
1.759999999999999878e-07
1.799999999999999971e-07
6.400000000000000399e-08
6.400000000000000399e-08
3.560000000000000114e-07
4.799999999999999571e-07
3.199999999999999855e-06
3.204000000000000156e-06
1.999999999999999909e-07
2.320000000000000128e-07
1.047999999999999961e-06
5.120000000000000319e-07
3.759999999999999788e-07
2.027999999999999896e-06
6.400000000000000399e-08
7.320000000000000431e-07
1.879999999999999894e-07
5.479999999999999837e-07
6.400000000000000399e-08
2.599999999999999988e-07
4.320000000000000037e-07
7.279999999999999544e-07
2.163999999999999949e-06
6.640000000000000165e-07
6.400000000000000399e-08
1.895999999999999931e-06
6.400000000000000399e-08
1.400000000000000095e-07
1.576000000000000030e-06
2.800000000000000191e-07
6.400000000000000399e-08
3.399999999999999740e-07
6.400000000000000399e-08
6.800000000000000010e-08
3.471999999999999961e-06
3.475999999999999838e-06
3.480000000000000139e-06
3.484000000000000016e-06
3.487999999999999893e-06
3.515999999999999879e-06
6.400000000000000399e-08
6.400000000000000399e-08
2.560000000000000159e-07
9.399999999999999998e-07
6.800000000000000010e-08
6.400000000000000399e-08
6.400000000000000399e-08
5.200000000000000241e-08
5.599999999999999852e-08
5.999999999999999464e-08
6.400000000000000399e-08
6.800000000000000010e-08
2.440000000000000144e-07
6.400000000000000399e-08
3.359999999999999911e-07
1.239999999999999986e-07
7.719999999999999778e-07
1.447999999999999943e-06
6.400000000000000399e-08
9.200000000000000325e-08
1.960000000000000081e-07
5.999999999999999464e-08
2.740000000000000024e-06
2.960000000000000035e-07
6.880000000000000197e-07
6.920000000000000026e-07
6.959999999999999854e-07
6.999999999999999683e-07
7.039999999999999512e-07
1.647999999999999934e-06
6.400000000000000399e-08
6.800000000000000010e-08
7.199999999999999621e-08
9.200000000000000325e-08
9.599999999999999936e-08
1.199999999999999893e-07
1.720000000000000049e-07
2.519999999999999801e-07
3.040000000000000222e-07
1.679999999999999956e-07
3.999999999999999819e-07
1.060000000000000016e-06
1.391999999999999971e-06
2.663999999999999820e-06
2.560000000000000159e-07
1.131999999999999919e-06
1.720000000000000049e-07
1.879999999999999894e-07
3.639999999999999772e-07
1.679999999999999956e-07
1.720000000000000049e-07
6.400000000000000399e-08
1.060000000000000016e-06
1.064000000000000104e-06
1.067999999999999981e-06
1.072000000000000070e-06
6.400000000000000399e-08
5.999999999999999464e-08
1.040000000000000048e-07
1.160000000000000064e-07
2.076000000000000114e-06
6.400000000000000399e-08
6.400000000000000399e-08
1.919999999999999987e-07
2.639999999999999817e-07
1.080000000000000036e-06
2.239999999999999941e-07
7.840000000000000323e-07
2.040000000000000003e-07
5.999999999999999464e-08
6.400000000000000399e-08
6.800000000000000010e-08
7.199999999999999621e-08
9.200000000000000325e-08
1.199999999999999893e-07
1.439999999999999924e-07
1.720000000000000049e-07
2.239999999999999941e-07
2.280000000000000034e-07
2.560000000000000159e-07
2.599999999999999988e-07
2.759999999999999833e-07
1.664000000000000077e-06
2.040000000000000003e-07
1.280000000000000080e-07
6.800000000000000010e-08
6.400000000000000399e-08
9.200000000000000325e-08
1.199999999999999893e-07
1.720000000000000049e-07
1.799999999999999971e-07
6.411999999999999765e-06
6.800000000000000010e-08
1.720000000000000049e-07
1.759999999999999878e-07
2.572000000000000108e-06
6.400000000000000399e-08
6.800000000000000010e-08
6.400000000000000399e-08
6.800000000000000010e-08
9.200000000000000325e-08
1.160000000000000064e-07
1.199999999999999893e-07
1.439999999999999924e-07
4.880000000000000287e-07
1.475999999999999929e-06
6.400000000000000399e-08
1.360000000000000002e-07
8.479999999999999701e-07
5.999999999999999464e-08
2.999999999999999864e-07
1.019999999999999975e-06
6.400000000000000399e-08
3.639999999999999772e-07
2.440000000000000144e-07
2.560000000000000159e-07
1.608000000000000105e-06
5.640000000000000211e-07
3.160000000000000238e-07
1.840000000000000065e-07
6.400000000000000399e-08
2.840000000000000020e-07
1.475999999999999929e-06
1.599999999999999928e-06
6.400000000000000399e-08
3.800000000000000146e-07
6.400000000000000399e-08
6.400000000000000399e-08
1.244000000000000075e-06
5.479999999999999837e-07
1.396000000000000060e-06
1.239999999999999986e-07
6.400000000000000399e-08
6.400000000000000399e-08
6.800000000000000010e-08
9.200000000000000325e-08
9.599999999999999936e-08
1.199999999999999893e-07
1.831999999999999993e-06
6.400000000000000399e-08
6.400000000000000399e-08
6.800000000000000010e-08
1.959999999999999869e-06
2.320000000000000128e-07
3.759999999999999788e-07
7.080000000000000400e-07
1.280000000000000080e-07
2.399999999999999786e-07
6.400000000000000399e-08
6.800000000000000010e-08
9.200000000000000325e-08
9.599999999999999936e-08
1.199999999999999893e-07
1.480000000000000018e-07
4.920000000000000116e-07
1.379999999999999916e-06
6.400000000000000399e-08
2.720000000000000004e-07
6.400000000000000399e-08
1.960000000000000081e-07
2.324000000000000111e-06
2.327999999999999988e-06
6.999999999999999683e-07
2.680000000000000175e-07
5.999999999999999464e-08
7.239999999999999715e-07
1.188000000000000103e-06
1.400000000000000095e-07
5.160000000000000148e-07
5.199999999999999976e-07
1.632000000000000002e-06
6.400000000000000399e-08
4.560000000000000069e-07
3.040000000000000222e-07
5.719999999999999868e-07
2.479999999999999972e-07
6.400000000000000399e-08
1.844000000000000048e-06
1.847999999999999925e-06
1.852000000000000014e-06
1.856000000000000102e-06
1.859999999999999979e-06
1.867999999999999945e-06
1.875999999999999911e-06
1.880000000000000000e-06
1.887999999999999965e-06
1.908000000000000197e-06
4.520000000000000240e-07
1.176000000000000048e-06
7.160000000000000057e-07
1.964000000000000169e-06
1.239999999999999986e-07
8.400000000000000043e-07
7.439999999999999917e-07
6.400000000000000399e-08
2.872000000000000200e-06
6.400000000000000399e-08
1.239999999999999986e-07
5.999999999999999464e-08
1.924000000000000129e-06
2.200000000000000112e-07
3.080000000000000051e-07
6.400000000000000399e-08
3.251999999999999950e-06
2.500000000000000205e-06
6.400000000000000399e-08
7.919999999999999980e-07
9.960000000000000777e-07
6.800000000000000010e-08
2.840000000000000020e-07
3.599999999999999943e-07
2.759999999999999833e-07
6.400000000000000399e-08
2.560000000000000159e-07
2.599999999999999988e-07
2.920000000000000207e-07
1.032000000000000030e-06
3.879999999999999803e-07
2.280000000000000034e-07
2.599999999999999988e-07
8.759999999999999561e-07
6.400000000000000399e-08
6.800000000000000010e-08
9.200000000000000325e-08
1.160000000000000064e-07
1.439999999999999924e-07
6.400000000000000399e-08
6.800000000000000010e-08
9.200000000000000325e-08
1.199999999999999893e-07
1.831999999999999993e-06
6.400000000000000399e-08
6.400000000000000399e-08
1.999999999999999909e-07
6.400000000000000399e-08
9.200000000000000325e-08
2.320000000000000128e-07
6.400000000000000399e-08
6.800000000000000010e-08
7.199999999999999621e-08
9.200000000000000325e-08
9.599999999999999936e-08
1.160000000000000064e-07
1.199999999999999893e-07
1.439999999999999924e-07
1.480000000000000018e-07
1.679999999999999956e-07
1.720000000000000049e-07
1.999999999999999909e-07
2.040000000000000003e-07
2.239999999999999941e-07
2.320000000000000128e-07
2.519999999999999801e-07
2.800000000000000191e-07
3.119999999999999880e-07
2.960000000000000035e-07
6.400000000000000399e-08
8.120000000000000183e-07
2.599999999999999988e-07
1.120000000000000076e-06
1.879999999999999894e-07
2.519999999999999801e-07
6.400000000000000399e-08
2.320000000000000128e-07
2.519999999999999801e-07
6.400000000000000399e-08
7.840000000000000323e-07
6.400000000000000399e-08
6.800000000000000010e-08
1.199999999999999893e-07
3.839999999999999974e-07
8.880000000000000106e-07
6.160000000000000102e-07
3.239999999999999896e-07
1.655999999999999900e-06
2.519999999999999801e-07
1.360000000000000002e-07
2.280000000000000034e-07
2.639999999999999817e-07
1.520000000000000058e-06
5.999999999999999464e-08
2.080000000000000096e-07
6.400000000000000399e-08
2.040000000000000003e-07
1.879999999999999894e-07
4.440000000000000053e-07
1.864000000000000068e-06
5.343999999999999995e-06
5.348000000000000296e-06
5.351999999999999749e-06
5.356000000000000050e-06
5.375999999999999858e-06
2.200000000000000112e-07
6.800000000000000010e-08
6.400000000000000399e-08
6.400000000000000399e-08
1.960000000000000081e-07
2.040000000000000003e-07
5.880000000000000242e-07
1.720000000000000049e-07
1.759999999999999878e-07
6.400000000000000399e-08
1.359999999999999896e-06
6.400000000000000399e-08
9.200000000000000325e-08
1.199999999999999893e-07
1.439999999999999924e-07
2.064000000000000059e-06
2.479999999999999972e-07
4.520000000000000240e-07
5.999999999999999464e-08
6.400000000000000399e-08
2.999999999999999864e-07
6.400000000000000399e-08
6.800000000000000010e-08
8.799999999999999390e-08
9.200000000000000325e-08
1.199999999999999893e-07
3.280000000000000254e-07
6.400000000000000399e-08
2.160000000000000019e-07
2.320000000000000128e-07
2.800000000000000191e-07
3.280000000000000254e-07
2.308000000000000179e-06
6.400000000000000399e-08
3.719999999999999959e-07
1.040000000000000048e-07
1.667999999999999954e-06
6.400000000000000399e-08
6.400000000000000399e-08
9.200000000000000325e-08
9.599999999999999936e-08
6.400000000000000399e-08
6.400000000000000399e-08
1.684000000000000097e-06
1.931999999999999883e-06
2.280000000000000034e-07
6.400000000000000399e-08
9.200000000000000325e-08
5.999999999999999464e-08
2.239999999999999941e-07
6.800000000000000010e-08
9.200000000000000325e-08
9.599999999999999936e-08
1.720000000000000049e-07
1.247999999999999952e-06
1.252000000000000041e-06
6.400000000000000399e-08
6.400000000000000399e-08
4.320000000000000037e-07
6.400000000000000399e-08
2.119999999999999925e-07
2.200000000000000112e-07
6.400000000000000399e-08
9.200000000000000325e-08
1.160000000000000064e-07
6.400000000000000399e-08
7.199999999999999621e-08
9.200000000000000325e-08
9.599999999999999936e-08
1.119999999999999970e-07
1.199999999999999893e-07
1.239999999999999986e-07
1.439999999999999924e-07
1.720000000000000049e-07
2.560000000000000159e-07
7.360000000000000260e-07
1.444000000000000066e-06
2.759999999999999833e-07
6.400000000000000399e-08
2.759999999999999833e-07
2.239999999999999941e-07
8.080000000000000354e-07
7.640000000000000120e-07
2.239999999999999941e-07
1.707999999999999995e-06
6.400000000000000399e-08
6.400000000000000399e-08
1.999999999999999909e-07
2.519999999999999801e-07
6.400000000000000399e-08
6.400000000000000399e-08
1.840000000000000065e-07
2.560000000000000159e-07
3.519999999999999756e-07
6.400000000000000399e-08
3.407999999999999812e-06
3.412000000000000112e-06
3.415999999999999989e-06
3.419999999999999866e-06
3.424000000000000167e-06
3.431999999999999921e-06
6.400000000000000399e-08
4.080000000000000006e-07
2.320000000000000128e-07
6.400000000000000399e-08
6.400000000000000399e-08
4.520000000000000240e-07
5.999999999999999464e-08
2.200000000000000112e-07
3.599999999999999943e-07
6.400000000000000399e-08
9.199999999999999795e-07
2.239999999999999941e-07
4.400000000000000224e-07
1.432000000000000011e-06
5.360000000000000350e-07
3.839999999999999974e-07
3.440000000000000098e-07
5.999999999999999464e-08
6.400000000000000399e-08
6.800000000000000010e-08
8.799999999999999390e-08
9.200000000000000325e-08
1.160000000000000064e-07
1.199999999999999893e-07
1.439999999999999924e-07
1.720000000000000049e-07
2.680000000000000175e-07
4.359999999999999866e-07
6.400000000000000399e-08
9.200000000000000325e-08
1.847999999999999925e-06
4.040000000000000177e-07
2.479999999999999972e-07
4.959999999999999945e-07
6.400000000000000399e-08
2.800000000000000191e-07
6.679999999999999994e-07
7.039999999999999512e-07
5.999999999999999464e-08
6.400000000000000399e-08
6.800000000000000010e-08
7.199999999999999621e-08
9.599999999999999936e-08
9.999999999999999547e-08
1.199999999999999893e-07
1.239999999999999986e-07
1.480000000000000018e-07
1.520000000000000111e-07
1.759999999999999878e-07
2.040000000000000003e-07
2.560000000000000159e-07
3.119999999999999880e-07
3.399999999999999740e-07
1.055999999999999927e-06
6.400000000000000399e-08
2.960000000000000035e-07
2.160000000000000019e-07
6.800000000000000010e-08
6.400000000000000399e-08
6.400000000000000399e-08
2.359999999999999957e-07
5.999999999999999464e-08
6.400000000000000399e-08
1.235999999999999897e-06
7.880000000000000152e-07
6.400000000000000399e-08
6.400000000000000399e-08
1.700000000000000029e-06
5.999999999999999464e-08
5.999999999999999464e-08
6.400000000000000399e-08
8.799999999999999390e-08
9.200000000000000325e-08
1.160000000000000064e-07
1.439999999999999924e-07
2.239999999999999941e-07
5.959999999999999900e-07
1.120000000000000076e-06
1.123999999999999953e-06
1.128000000000000042e-06
1.131999999999999919e-06
1.136000000000000008e-06
1.143999999999999974e-06
6.800000000000000010e-08
2.280000000000000034e-07
1.644000000000000057e-06
1.647999999999999934e-06
1.652000000000000023e-06
1.655999999999999900e-06
1.659999999999999988e-06
1.667999999999999954e-06
1.680000000000000009e-06
1.687999999999999974e-06
1.312000000000000102e-06
6.400000000000000399e-08
9.200000000000000325e-08
6.400000000000000399e-08
1.600000000000000033e-07
1.640000000000000127e-07
3.200000000000000067e-07
6.400000000000000399e-08
4.840000000000000459e-07
5.199999999999999976e-07
1.840000000000000065e-07
6.800000000000000010e-08
3.920000000000000161e-07
1.879999999999999894e-07
5.999999999999999464e-08
6.400000000000000399e-08
6.800000000000000010e-08
1.759999999999999878e-07
1.799999999999999971e-07
2.239999999999999941e-07
2.280000000000000034e-07
5.160000000000000148e-07
4.160000000000000193e-07
2.280000000000000034e-07
6.400000000000000399e-08
3.639999999999999772e-07
1.999999999999999909e-07
6.400000000000000399e-08
2.960000000000000035e-07
5.320000000000000522e-07
2.280000000000000034e-07
2.560000000000000159e-07
3.200000000000000067e-07
6.400000000000000399e-08
6.800000000000000010e-08
9.200000000000000325e-08
2.239999999999999941e-07
2.280000000000000034e-07
2.320000000000000128e-07
2.359999999999999957e-07
6.400000000000000399e-08
6.400000000000000399e-08
6.400000000000000399e-08
6.400000000000000399e-08
5.999999999999999464e-08
6.400000000000000399e-08
8.799999999999999390e-08
9.200000000000000325e-08
1.160000000000000064e-07
2.519999999999999801e-07
8.400000000000000043e-07
8.439999999999999872e-07
1.759999999999999878e-07
4.680000000000000085e-07
5.999999999999999464e-08
6.400000000000000399e-08
6.800000000000000010e-08
9.200000000000000325e-08
9.599999999999999936e-08
1.199999999999999893e-07
1.239999999999999986e-07
1.480000000000000018e-07
3.040000000000000222e-07
2.239999999999999941e-07
9.280000000000000512e-07
6.400000000000000399e-08
3.560000000000000114e-07
2.479999999999999972e-07
6.400000000000000399e-08
6.400000000000000399e-08
2.239999999999999941e-07
2.720000000000000004e-07
1.503999999999999915e-06
5.999999999999999464e-08
4.640000000000000256e-07
5.160000000000000148e-07
6.800000000000000010e-08
6.400000000000000399e-08
6.800000000000000010e-08
9.200000000000000325e-08
9.599999999999999936e-08
1.199999999999999893e-07
1.480000000000000018e-07
1.720000000000000049e-07
1.292000000000000081e-06
6.400000000000000399e-08
7.560000000000000463e-07
6.400000000000000399e-08
2.519999999999999801e-07
5.999999999999999464e-08
1.075999999999999947e-06
1.819999999999999939e-06
1.824000000000000028e-06
1.827999999999999905e-06
1.831999999999999993e-06
1.836000000000000082e-06
5.999999999999999464e-08
6.400000000000000399e-08
6.600000000000000337e-07
2.312000000000000056e-06
2.080000000000000096e-07
2.743999999999999901e-06
3.440000000000000098e-07
2.639999999999999817e-07
2.879999999999999848e-07
1.720000000000000049e-07
1.831999999999999993e-06
1.836000000000000082e-06
1.839999999999999959e-06
1.844000000000000048e-06
4.368000000000000361e-06
4.371999999999999815e-06
4.376000000000000115e-06
4.380000000000000416e-06
4.383999999999999869e-06
2.280000000000000034e-07
6.400000000000000399e-08
1.239999999999999986e-07
2.239999999999999941e-07
3.879999999999999803e-07
2.599999999999999988e-07
6.400000000000000399e-08
2.759999999999999833e-07
6.400000000000000399e-08
6.800000000000000010e-08
7.120000000000000228e-07
3.680000000000000130e-07
6.400000000000000399e-08
6.800000000000000010e-08
7.199999999999999621e-08
9.200000000000000325e-08
9.599999999999999936e-08
1.199999999999999893e-07
1.239999999999999986e-07
1.439999999999999924e-07
1.480000000000000018e-07
1.759999999999999878e-07
1.639999999999999968e-06
3.040000000000000222e-07
2.239999999999999941e-07
2.280000000000000034e-07
3.800000000000000146e-07
1.120000000000000076e-06
1.999999999999999909e-07
1.720000000000000049e-06
1.052000000000000050e-06
2.492000000000000027e-06
1.520000000000000111e-07
6.400000000000000399e-08
2.200000000000000112e-07
6.400000000000000399e-08
6.400000000000000399e-08
8.799999999999999390e-08
1.799999999999999971e-07
1.919999999999999987e-07
3.719999999999999959e-07
6.400000000000000399e-08
2.399999999999999786e-07
1.999999999999999909e-07
1.239999999999999986e-07
1.280000000000000080e-07
2.759999999999999833e-07
6.400000000000000399e-08
3.080000000000000051e-07
6.400000000000000399e-08
1.452000000000000032e-06
4.520000000000000240e-07
7.800000000000000494e-07
2.280000000000000034e-07
6.400000000000000399e-08
8.880000000000000106e-07
2.055999999999999882e-06
6.400000000000000399e-08
9.599999999999999142e-07
5.999999999999999464e-08
6.400000000000000399e-08
6.800000000000000010e-08
8.799999999999999390e-08
9.200000000000000325e-08
1.160000000000000064e-07
1.199999999999999893e-07
1.439999999999999924e-07
1.720000000000000049e-07
1.999999999999999909e-07
1.864000000000000068e-06
9.439999999999999827e-07
6.400000000000000399e-08
3.080000000000000051e-07
6.400000000000000399e-08
6.400000000000000399e-08
9.200000000000000325e-08
2.560000000000000159e-07
5.999999999999999464e-08
2.960000000000000035e-07
2.455999999999999863e-06
2.460000000000000164e-06
2.464000000000000041e-06
2.467999999999999918e-06
1.156000000000000028e-06
6.400000000000000399e-08
1.680000000000000009e-06
5.999999999999999464e-08
5.200000000000000241e-08
5.999999999999999464e-08
6.400000000000000399e-08
9.280000000000000512e-07
6.519999999999999620e-07
1.728000000000000015e-06
4.200000000000000022e-07
6.400000000000000399e-08
1.287999999999999993e-06
3.239999999999999896e-07
6.400000000000000399e-08
1.004000000000000044e-06
1.007999999999999921e-06
1.012000000000000009e-06
1.016000000000000098e-06
1.019999999999999975e-06
1.024000000000000064e-06
6.400000000000000399e-08
5.999999999999999464e-08
1.224000000000000055e-06
2.200000000000000112e-07
2.560000000000000159e-07
2.560000000000000159e-07
2.639999999999999817e-07
2.239999999999999941e-07
1.543999999999999956e-06
1.548000000000000044e-06
6.400000000000000399e-08
2.519999999999999801e-07
6.400000000000000399e-08
2.560000000000000159e-07
1.343999999999999965e-06
6.360000000000000305e-07
6.400000000000000134e-07
6.439999999999999963e-07
6.479999999999999791e-07
6.519999999999999620e-07
6.560000000000000508e-07
6.679999999999999994e-07
6.759999999999999652e-07
6.999999999999999683e-07
8.560000000000000417e-07
6.400000000000000399e-08
1.512000000000000093e-06
2.599999999999999988e-07
1.879999999999999894e-07
1.919999999999999987e-07
6.400000000000000399e-08
6.800000000000000010e-08
9.200000000000000325e-08
9.599999999999999936e-08
1.199999999999999893e-07
1.239999999999999986e-07
1.439999999999999924e-07
1.480000000000000018e-07
1.720000000000000049e-07
1.759999999999999878e-07
1.999999999999999909e-07
2.239999999999999941e-07
2.519999999999999801e-07
2.560000000000000159e-07
2.200000000000000112e-07
2.040000000000000003e-07
6.400000000000000399e-08
6.400000000000000399e-08
3.359999999999999911e-07
2.759999999999999833e-07
1.260000000000000007e-06
6.400000000000000399e-08
5.999999999999999464e-08
6.799999999999999481e-07
1.936000000000000183e-06
2.759999999999999833e-07
5.199999999999999976e-07
4.959999999999999945e-07
1.759999999999999878e-07
1.960000000000000081e-07
1.999999999999999909e-07
6.400000000000000399e-08
6.800000000000000010e-08
9.200000000000000325e-08
1.199999999999999893e-07
6.400000000000000399e-08
6.800000000000000010e-08
9.200000000000000325e-08
9.599999999999999936e-08
1.199999999999999893e-07
1.480000000000000018e-07
1.759999999999999878e-07
6.400000000000000399e-08
5.999999999999999464e-08
5.999999999999999464e-08
2.599999999999999988e-07
9.599999999999999936e-08
1.040000000000000048e-07
6.400000000000000399e-08
6.800000000000000010e-08
8.799999999999999390e-08
9.200000000000000325e-08
1.199999999999999893e-07
1.439999999999999924e-07
1.480000000000000018e-07
1.720000000000000049e-07
1.759999999999999878e-07
2.200000000000000112e-07
2.519999999999999801e-07
8.640000000000000075e-07
2.479999999999999972e-07
2.999999999999999864e-07
6.400000000000000399e-08
6.800000000000000010e-08
9.200000000000000325e-08
1.720000000000000049e-07
5.920000000000000071e-07
5.959999999999999900e-07
5.999999999999999728e-07
6.039999999999999557e-07
6.120000000000000274e-07
6.320000000000000476e-07
1.624000000000000037e-06
1.475999999999999929e-06
6.400000000000000399e-08
6.239999999999999760e-07
6.279999999999999589e-07
8.400000000000000043e-07
5.999999999999999464e-08
1.235999999999999897e-06
6.400000000000000399e-08
1.759999999999999878e-07
1.856000000000000102e-06
1.919999999999999987e-07
3.599999999999999943e-07
6.400000000000000399e-08
6.400000000000000399e-08
2.239999999999999941e-07
2.639999999999999817e-07
2.544000000000000122e-06
9.200000000000000325e-08
3.479999999999999927e-07
6.800000000000000010e-08
5.759999999999999697e-07
1.239999999999999986e-07
5.999999999999999464e-08
1.624000000000000037e-06
6.400000000000000399e-08
1.715999999999999960e-06
2.960000000000000035e-07
6.400000000000000399e-08
6.800000000000000010e-08
6.400000000000000399e-08
1.563999999999999976e-06
6.400000000000000399e-08
2.080000000000000096e-07
2.800000000000000191e-07
4.599999999999999898e-07
5.999999999999999464e-08
6.120000000000000274e-07
2.519999999999999801e-07
2.680000000000000175e-07
5.239999999999999805e-07
9.599999999999999936e-08
2.040000000000000003e-07
2.519999999999999801e-07
6.400000000000000399e-08
2.680000000000000175e-07
2.415999999999999823e-06
3.599999999999999943e-07
2.200000000000000112e-07
6.400000000000000399e-08
6.400000000000000399e-08
5.880000000000000242e-07
1.759999999999999878e-07
5.719999999999999868e-07
6.800000000000000010e-08
4.920000000000000116e-07
6.400000000000000399e-08
6.800000000000000010e-08
9.599999999999999936e-08
1.199999999999999893e-07
1.432000000000000011e-06
1.875999999999999911e-06
6.400000000000000399e-08
3.239999999999999896e-07
1.679999999999999956e-07
2.359999999999999957e-07
2.599999999999999988e-07
2.639999999999999817e-07
1.424000000000000046e-06
1.720000000000000049e-06
5.999999999999999464e-08
6.800000000000000010e-08
9.200000000000000325e-08
2.840000000000000020e-07
5.999999999999999464e-08
6.400000000000000399e-08
6.800000000000000010e-08
8.799999999999999390e-08
9.200000000000000325e-08
1.199999999999999893e-07
2.040000000000000003e-07
2.080000000000000096e-07
6.400000000000000399e-08
6.800000000000000010e-08
9.200000000000000325e-08
2.599999999999999988e-07
2.759999999999999833e-07
5.999999999999999464e-08
4.440000000000000053e-07
3.040000000000000222e-07
5.999999999999999464e-08
6.400000000000000399e-08
5.120000000000000319e-07
1.319999999999999909e-07
3.119999999999999880e-07
6.400000000000000399e-08
6.400000000000000399e-08
4.920000000000000116e-07
7.239999999999999715e-07
1.331999999999999910e-06
9.519999999999999484e-07
9.560000000000000372e-07
6.400000000000000399e-08
6.400000000000000399e-08
6.400000000000000399e-08
6.800000000000000010e-08
9.200000000000000325e-08
9.599999999999999936e-08
1.199999999999999893e-07
1.480000000000000018e-07
4.200000000000000022e-07
6.400000000000000399e-08
2.320000000000000128e-07
3.680000000000000130e-07
3.723999999999999836e-06
3.728000000000000136e-06
1.055999999999999927e-06
6.400000000000000399e-08
1.467999999999999963e-06
6.800000000000000010e-08
6.800000000000000010e-08
2.336000000000000165e-06
6.400000000000000399e-08
6.800000000000000010e-08
9.200000000000000325e-08
1.199999999999999893e-07
1.559999999999999940e-07
1.600000000000000033e-07
2.119999999999999925e-07
5.999999999999999464e-08
6.400000000000000399e-08
1.439999999999999924e-07
3.080000000000000051e-07
2.624000000000000203e-06
6.400000000000000399e-08
6.400000000000000399e-08
1.788000000000000076e-06
6.400000000000000399e-08
2.239999999999999941e-07
5.011999999999999616e-06
6.239999999999999760e-07
6.400000000000000399e-08
9.200000000000000325e-08
5.239999999999999805e-07
1.919999999999999987e-07
6.400000000000000399e-08
9.879999999999999002e-07
6.400000000000000399e-08
2.519999999999999801e-07
1.419999999999999957e-06
2.239999999999999941e-07
1.239999999999999986e-07
6.400000000000000399e-08
6.800000000000000010e-08
9.599999999999999936e-08
1.239999999999999986e-07
3.200000000000000067e-07
6.400000000000000399e-08
6.800000000000000010e-08
5.999999999999999464e-08
6.400000000000000399e-08
6.800000000000000010e-08
9.200000000000000325e-08
2.479999999999999972e-07
4.719999999999999913e-07
3.035999999999999816e-06
2.280000000000000034e-07
6.400000000000000399e-08
6.800000000000000010e-08
4.880000000000000287e-07
2.151999999999999894e-06
6.400000000000000399e-08
1.879999999999999894e-07
2.960000000000000035e-07
4.440000000000000053e-07
6.400000000000000399e-08
6.400000000000000399e-08
1.840000000000000065e-07
1.108000000000000022e-06
1.072000000000000070e-06
5.120000000000000319e-07
1.280000000000000080e-07
7.560000000000000463e-07
1.975999999999999800e-06
6.400000000000000399e-08
6.800000000000000010e-08
7.199999999999999621e-08
9.200000000000000325e-08
9.599999999999999936e-08
1.199999999999999893e-07
1.439999999999999924e-07
1.480000000000000018e-07
1.720000000000000049e-07
5.680000000000000039e-07
1.160000000000000064e-07
6.080000000000000445e-07
6.400000000000000399e-08
9.200000000000000325e-08
3.839999999999999974e-07
6.160000000000000102e-07
3.040000000000000222e-07
1.720000000000000049e-07
2.239999999999999941e-07
6.800000000000000010e-08
3.080000000000000051e-07
1.900000000000000020e-06
6.400000000000000399e-08
6.400000000000000399e-08
9.200000000000000325e-08
6.999999999999999683e-07
2.439999999999999932e-06
6.400000000000000399e-08
2.800000000000000191e-07
6.400000000000000399e-08
8.239999999999999669e-07
4.479999999999999882e-07
1.804000000000000007e-06
1.808000000000000096e-06
6.279999999999999589e-07
1.411999999999999991e-06
5.999999999999999464e-08
2.999999999999999864e-07
6.400000000000000399e-08
6.400000000000000399e-08
3.519999999999999756e-07
2.519999999999999801e-07
2.560000000000000159e-07
2.599999999999999988e-07
2.119999999999999925e-07
2.999999999999999864e-07
6.039999999999999557e-07
9.080000000000000309e-07
2.479999999999999972e-07
6.400000000000000399e-08
9.200000000000000325e-08
8.800000000000000449e-07
1.040000000000000048e-07
1.044000000000000084e-06
3.040000000000000222e-07
9.599999999999999936e-08
1.799999999999999971e-07
6.400000000000000399e-08
3.519999999999999756e-07
3.560000000000000114e-07
1.159999999999999905e-06
1.280000000000000080e-07
4.680000000000000085e-07
5.999999999999999464e-08
7.400000000000000089e-07
3.199999999999999855e-06
4.200000000000000022e-07
5.999999999999999464e-08
6.400000000000000399e-08
6.400000000000000399e-08
6.400000000000000399e-08
9.200000000000000325e-08
6.400000000000000399e-08
9.200000000000000325e-08
1.160000000000000064e-07
6.400000000000000399e-08
1.632000000000000002e-06
6.800000000000000010e-08
1.799999999999999971e-07
4.128000000000000118e-06
4.132000000000000419e-06
4.135999999999999872e-06
4.140000000000000173e-06
4.143999999999999626e-06
5.999999999999999464e-08
1.335999999999999999e-06
6.400000000000000399e-08
6.199999999999999931e-07
6.400000000000000399e-08
9.599999999999999936e-08
2.080000000000000096e-07
2.599999999999999988e-07
2.519999999999999801e-07
6.400000000000000399e-08
2.800000000000000191e-07
6.800000000000000010e-08
3.359999999999999911e-07
1.439999999999999977e-06
1.444000000000000066e-06
1.447999999999999943e-06
1.452000000000000032e-06
1.455999999999999909e-06
1.459999999999999997e-06
1.464000000000000086e-06
1.472000000000000052e-06
1.475999999999999929e-06
5.999999999999999464e-08
9.200000000000000325e-08
1.419999999999999957e-06
1.919999999999999987e-07
2.840000000000000020e-07
2.560000000000000159e-07
4.479999999999999882e-07
6.400000000000000399e-08
9.200000000000000325e-08
1.199999999999999893e-07
2.399999999999999786e-07
3.080000000000000051e-07
1.204000000000000034e-06
6.039999999999999557e-07
4.923999999999999781e-06
6.400000000000000399e-08
6.800000000000000010e-08
6.400000000000000399e-08
6.800000000000000010e-08
9.599999999999999936e-08
1.239999999999999986e-07
2.239999999999999941e-07
2.519999999999999801e-07
9.599999999999999142e-07
2.879999999999999848e-07
1.119999999999999970e-07
1.535999999999999990e-06
1.540000000000000079e-06
1.439999999999999924e-07
1.480000000000000018e-07
4.320000000000000037e-07
2.639999999999999817e-07
2.479999999999999972e-07
2.599999999999999988e-07
1.444000000000000066e-06
6.400000000000000399e-08
6.800000000000000010e-08
9.200000000000000325e-08
2.399999999999999786e-07
1.859999999999999979e-06
9.599999999999999936e-08
6.400000000000000399e-08
2.399999999999999786e-07
3.080000000000000051e-07
1.999999999999999909e-06
2.560000000000000159e-07
2.960000000000000035e-07
8.959999999999999764e-07
2.999999999999999864e-07
1.723999999999999926e-06
1.520000000000000058e-06
8.519999999999999530e-07
6.400000000000000399e-08
6.400000000000000399e-08
2.560000000000000159e-07
6.400000000000000399e-08
4.320000000000000037e-07
7.479999999999999746e-07
6.800000000000000010e-08
7.199999999999999621e-08
9.599999999999999936e-08
1.199999999999999893e-07
1.239999999999999986e-07
1.480000000000000018e-07
1.999999999999999909e-07
7.447999999999999671e-06
6.800000000000000010e-08
6.400000000000000399e-08
1.035999999999999907e-06
3.599999999999999943e-07
1.060000000000000016e-06
6.400000000000000399e-08
6.800000000000000010e-08
2.040000000000000003e-07
1.160000000000000064e-07
5.951999999999999934e-06
1.280000000000000080e-07
1.016000000000000098e-06
1.019999999999999975e-06
1.027999999999999941e-06
5.999999999999999464e-08
6.400000000000000399e-08
2.720000000000000004e-07
2.639999999999999817e-07
6.400000000000000399e-08
7.679999999999999949e-07
6.400000000000000399e-08
2.759999999999999833e-07
9.080000000000000309e-07
9.680000000000000917e-07
6.400000000000000399e-08
2.200000000000000112e-07
4.200000000000000022e-07
6.400000000000000399e-08
1.331999999999999910e-06
6.400000000000000399e-08
2.560000000000000159e-07
3.839999999999999974e-07
1.559999999999999940e-07
2.720000000000000004e-07
6.800000000000000010e-08
2.320000000000000128e-07
6.400000000000000399e-08
3.928000000000000339e-06
3.931999999999999792e-06
3.936000000000000093e-06
2.680000000000000175e-06
2.684000000000000052e-06
6.400000000000000399e-08
8.519999999999999530e-07
1.771999999999999933e-06
1.759999999999999878e-07
1.919999999999999987e-07
4.040000000000000177e-07
5.120000000000000319e-07
3.440000000000000098e-07
2.639999999999999817e-07
3.800000000000000146e-07
2.479999999999999972e-07
1.776000000000000021e-06
1.267999999999999972e-06
9.200000000000000325e-08
1.160000000000000064e-07
3.080000000000000051e-07
5.160000000000000148e-07
5.999999999999999464e-08
3.239999999999999896e-07
1.999999999999999909e-07
1.799999999999999971e-07
1.960000000000000081e-07
6.400000000000000399e-08
6.800000000000000010e-08
9.200000000000000325e-08
9.599999999999999936e-08
1.480000000000000018e-07
6.400000000000000399e-08
2.319999999999999810e-06
2.324000000000000111e-06
1.115999999999999988e-06
6.400000000000000399e-08
6.800000000000000010e-08
6.400000000000000399e-08
9.200000000000000325e-08
1.199999999999999893e-07
1.439999999999999924e-07
9.040000000000000480e-07
6.400000000000000399e-08
6.400000000000000399e-08
9.200000000000000325e-08
6.400000000000000399e-08
6.400000000000000399e-08
5.080000000000000490e-07
2.759999999999999833e-07
3.200000000000000067e-07
1.999999999999999909e-07
6.400000000000000399e-08
6.400000000000000399e-08
9.200000000000000325e-08
9.599999999999999936e-08
1.199999999999999893e-07
1.388000000000000094e-06
6.800000000000000010e-08
1.480000000000000018e-07
3.639999999999999772e-07
1.759999999999999878e-07
7.919999999999999980e-07
1.083999999999999913e-06
1.436000000000000100e-06
6.560000000000000508e-07
6.400000000000000399e-08
2.560000000000000159e-07
4.680000000000000085e-07
6.400000000000000399e-08
6.400000000000000399e-08
2.200000000000000112e-07
2.320000000000000128e-07
5.999999999999999464e-08
1.759999999999999878e-07
2.639999999999999817e-07
6.400000000000000399e-08
9.200000000000000325e-08
4.359999999999999866e-07
6.400000000000000399e-08
9.200000000000000325e-08
6.400000000000000399e-08
8.799999999999999390e-08
6.600000000000000337e-07
1.735999999999999981e-06
2.200000000000000112e-07
1.280000000000000080e-07
2.160000000000000019e-07
6.400000000000000399e-08
2.720000000000000004e-07
8.799999999999999390e-08
9.200000000000000325e-08
5.999999999999999464e-08
1.239999999999999986e-07
6.400000000000000399e-08
1.007999999999999921e-06
4.239999999999999850e-07
5.999999999999999464e-08
6.400000000000000399e-08
6.800000000000000010e-08
9.200000000000000325e-08
1.199999999999999893e-07
1.439999999999999924e-07
1.720000000000000049e-07
5.519999999999999666e-07
6.400000000000000399e-08
2.879999999999999848e-07
6.400000000000000399e-08
6.400000000000000399e-08
6.800000000000000010e-08
7.199999999999999621e-08
9.200000000000000325e-08
1.199999999999999893e-07
2.239999999999999941e-07
1.903999999999999897e-06
5.719999999999999868e-07
8.519999999999999530e-07
6.400000000000000399e-08
6.800000000000000010e-08
7.199999999999999621e-08
9.200000000000000325e-08
9.599999999999999936e-08
1.199999999999999893e-07
1.239999999999999986e-07
1.480000000000000018e-07
1.759999999999999878e-07
2.560000000000000159e-07
1.759999999999999878e-07
6.400000000000000399e-08
2.599999999999999988e-07
6.400000000000000399e-08
2.759999999999999833e-07
1.199999999999999893e-07
1.080000000000000036e-06
2.800000000000000191e-07
2.720000000000000004e-07
1.887999999999999965e-06
1.892000000000000054e-06
3.040000000000000222e-07
6.400000000000000399e-08
2.800000000000000191e-07
6.400000000000000399e-08
7.199999999999999621e-08
9.200000000000000325e-08
2.479999999999999972e-07
1.260000000000000007e-06
5.999999999999999464e-08
3.200000000000000067e-07
8.120000000000000183e-07
8.160000000000000012e-07
1.559999999999999940e-07
6.400000000000000399e-08
9.200000000000000325e-08
9.599999999999999936e-08
2.800000000000000191e-07
2.800000000000000191e-07
2.048000000000000128e-06
2.052000000000000005e-06
6.400000000000000399e-08
6.400000000000000399e-08
6.400000000000000399e-08
1.439999999999999924e-07
5.999999999999999464e-08
1.176000000000000048e-06
1.064000000000000104e-06
4.119999999999999835e-07
1.280000000000000080e-07
6.400000000000000399e-08
2.639999999999999817e-07
2.280000000000000034e-07
6.400000000000000399e-08
6.400000000000000399e-08
1.303999999999999924e-06
1.439999999999999924e-07
2.800000000000000191e-07
1.608000000000000105e-06
2.160000000000000019e-07
2.160000000000000019e-07
8.640000000000000075e-07
6.400000000000000399e-08
3.680000000000000130e-07
5.999999999999999464e-08
6.400000000000000399e-08
9.200000000000000325e-08
2.920000000000000207e-07
2.960000000000000035e-07
1.788000000000000076e-06
1.799999999999999971e-07
7.320000000000000431e-07
6.400000000000000399e-08
6.800000000000000010e-08
1.679999999999999956e-07
1.720000000000000049e-07
2.560000000000000159e-07
6.400000000000000399e-08
5.999999999999999464e-08
6.400000000000000399e-08
9.200000000000000325e-08
1.160000000000000064e-07
3.359999999999999911e-07
3.200000000000000067e-07
1.160000000000000064e-07
6.400000000000000399e-08
2.680000000000000175e-07
4.119999999999999835e-07
6.400000000000000399e-08
2.560000000000000159e-07
6.400000000000000399e-08
2.280000000000000034e-07
6.400000000000000399e-08
1.759999999999999878e-07
3.403999999999999935e-06
3.407999999999999812e-06
3.412000000000000112e-06
3.415999999999999989e-06
3.419999999999999866e-06
3.424000000000000167e-06
3.428000000000000044e-06
3.435999999999999798e-06
3.443999999999999975e-06
5.108000000000000053e-06
7.560000000000000463e-07
2.239999999999999941e-07
6.400000000000000399e-08
7.199999999999999621e-08
2.399999999999999786e-07
2.999999999999999864e-07
6.400000000000000399e-08
1.640000000000000127e-07
2.519999999999999801e-07
5.799999999999999526e-07
5.160000000000000148e-07
8.239999999999999669e-07
2.200000000000000112e-07
2.359999999999999957e-07
2.599999999999999988e-07
6.400000000000000399e-08
6.400000000000000399e-08
9.200000000000000325e-08
1.199999999999999893e-07
2.440000000000000144e-07
7.880000000000000152e-07
1.799999999999999971e-07
2.783999999999999942e-06
6.439999999999999963e-07
2.999999999999999864e-07
3.040000000000000222e-07
3.080000000000000051e-07
3.119999999999999880e-07
4.040000000000000177e-07
2.116000000000000154e-06
6.400000000000000399e-08
2.759999999999999833e-07
5.999999999999999464e-08
6.400000000000000399e-08
6.400000000000000399e-08
6.800000000000000010e-08
8.799999999999999390e-08
1.160000000000000064e-07
6.400000000000000399e-08
9.200000000000000325e-08
1.199999999999999893e-07
1.799999999999999971e-07
6.400000000000000399e-08
1.295999999999999958e-06
1.064000000000000104e-06
5.999999999999999464e-08
4.300000000000000335e-06
4.303999999999999788e-06
4.308000000000000089e-06
4.312000000000000389e-06
4.315999999999999843e-06
1.879999999999999894e-07
6.400000000000000399e-08
6.800000000000000010e-08
8.799999999999999390e-08
9.200000000000000325e-08
9.599999999999999936e-08
1.199999999999999893e-07
1.480000000000000018e-07
1.720000000000000049e-07
1.999999999999999909e-07
9.200000000000000325e-08
1.600000000000000033e-07
1.319999999999999909e-07
1.439999999999999924e-07
6.400000000000000399e-08
6.800000000000000010e-08
6.400000000000000399e-08
6.400000000000000399e-08
2.759999999999999833e-07
6.400000000000000399e-08
6.800000000000000010e-08
6.400000000000000399e-08
2.280000000000000034e-07
2.320000000000000128e-07
2.040000000000000003e-07
2.519999999999999801e-07
9.200000000000000325e-08
6.400000000000000399e-08
1.999999999999999909e-07
3.680000000000000130e-07
8.959999999999999764e-07
2.800000000000000191e-07
6.400000000000000399e-08
6.800000000000000010e-08
1.759999999999999878e-07
1.252000000000000041e-06
2.040000000000000003e-07
5.519999999999999666e-07
6.400000000000000134e-07
5.799999999999999526e-07
2.599999999999999988e-07
6.400000000000000399e-08
6.800000000000000010e-08
9.200000000000000325e-08
1.199999999999999893e-07
1.520000000000000111e-07
6.400000000000000399e-08
6.800000000000000010e-08
5.239999999999999805e-07
1.695999999999999940e-06
6.400000000000000399e-08
1.252000000000000041e-06
1.255999999999999918e-06
1.260000000000000007e-06
1.264000000000000095e-06
1.267999999999999972e-06
1.272000000000000061e-06
1.275999999999999938e-06
1.283999999999999904e-06
1.292000000000000081e-06
1.295999999999999958e-06
1.312000000000000102e-06
1.315999999999999979e-06
1.343999999999999965e-06
1.371999999999999951e-06
2.128000000000000209e-06
6.400000000000000399e-08
1.872000000000000034e-06
2.119999999999999925e-07
5.239999999999999805e-07
6.400000000000000399e-08
2.479999999999999972e-07
6.400000000000000399e-08
6.400000000000000134e-07
3.595999999999999960e-06
3.599999999999999837e-06
3.604000000000000138e-06
3.608000000000000015e-06
3.611999999999999892e-06
6.400000000000000399e-08
4.400000000000000224e-07
6.800000000000000010e-08
4.799999999999999571e-07
2.560000000000000159e-07
1.264000000000000095e-06
6.400000000000000399e-08
1.943999999999999937e-06
6.400000000000000399e-08
3.080000000000000051e-07
2.200000000000000112e-07
1.624000000000000037e-06
1.720000000000000049e-07
3.200000000000000067e-07
5.039999999999999603e-07
1.331999999999999910e-06
9.599999999999999936e-08
9.999999999999999547e-08
6.400000000000000399e-08
6.800000000000000010e-08
9.200000000000000325e-08
1.160000000000000064e-07
1.199999999999999893e-07
1.439999999999999924e-07
1.108000000000000022e-06
2.560000000000000159e-07
2.652000000000000189e-06
2.399999999999999786e-07
6.400000000000000399e-08
2.599999999999999988e-07
5.999999999999999464e-08
1.319999999999999909e-07
5.999999999999999464e-08
6.400000000000000399e-08
2.879999999999999848e-07
2.200000000000000112e-07
6.400000000000000399e-08
1.092000000000000090e-06
6.400000000000000399e-08
6.800000000000000010e-08
9.200000000000000325e-08
9.599999999999999936e-08
1.199999999999999893e-07
1.239999999999999986e-07
1.480000000000000018e-07
1.759999999999999878e-07
1.940000000000000060e-06
4.479999999999999882e-07
6.400000000000000399e-08
9.200000000000000325e-08
2.599999999999999988e-07
6.400000000000000399e-08
3.040000000000000222e-07
2.160000000000000019e-07
6.840000000000000368e-07
1.679999999999999956e-07
9.080000000000000309e-07
3.080000000000000051e-07
2.320000000000000128e-07
6.400000000000000399e-08
2.263999999999999838e-06
2.599999999999999988e-07
5.999999999999999464e-08
6.400000000000000399e-08
1.287999999999999993e-06
1.128000000000000042e-06
6.400000000000000399e-08
2.040000000000000003e-07
5.999999999999999464e-08
1.779999999999999898e-06
6.400000000000000399e-08
2.200000000000000112e-07
3.839999999999999974e-07
1.224000000000000055e-06
9.719999999999999687e-07
5.559999999999999494e-07
5.840000000000000413e-07
6.400000000000000399e-08
6.800000000000000010e-08
9.599999999999999936e-08
2.479999999999999972e-07
2.280000000000000034e-07
1.879999999999999894e-07
6.400000000000000399e-08
2.280000000000000034e-07
6.400000000000000399e-08
5.999999999999999464e-08
6.400000000000000399e-08
3.800000000000000146e-07
4.280000000000000209e-07
2.519999999999999801e-07
2.560000000000000159e-07
6.400000000000000399e-08
6.800000000000000010e-08
5.920000000000000071e-07
6.400000000000000399e-08
6.800000000000000010e-08
2.440000000000000144e-07
3.200000000000000067e-07
6.400000000000000399e-08
9.200000000000000325e-08
2.160000000000000019e-07
1.919999999999999987e-07
6.800000000000000010e-08
2.359999999999999957e-07
6.400000000000000399e-08
1.459999999999999997e-06
5.080000000000000490e-07
7.560000000000000463e-07
6.400000000000000399e-08
4.880000000000000287e-07
8.799999999999999390e-08
9.200000000000000325e-08
1.239999999999999986e-07
4.999999999999999774e-07
6.400000000000000399e-08
1.171999999999999960e-06
6.959999999999999854e-07
5.999999999999999464e-08
6.400000000000000399e-08
6.800000000000000010e-08
8.799999999999999390e-08
9.200000000000000325e-08
1.199999999999999893e-07
1.156000000000000028e-06
2.280000000000000034e-07
1.819999999999999939e-06
5.999999999999999464e-08
9.200000000000000325e-08
2.840000000000000020e-07
6.400000000000000399e-08
6.400000000000000399e-08
6.800000000000000010e-08
9.200000000000000325e-08
1.439999999999999924e-07
2.999999999999999864e-07
6.400000000000000399e-08
1.560000000000000099e-06
4.400000000000000224e-07
5.360000000000000350e-07
2.519999999999999801e-07
5.719999999999999868e-07
2.644000000000000012e-06
8.320000000000000386e-07
6.400000000000000399e-08
2.080000000000000096e-07
2.280000000000000034e-07
3.200000000000000067e-07
9.999999999999999547e-08
3.399999999999999740e-07
2.560000000000000159e-07
1.072000000000000070e-06
6.400000000000000399e-08
5.600000000000000382e-07
6.400000000000000399e-08
6.400000000000000399e-08
5.080000000000000490e-07
9.320000000000000341e-07
2.440000000000000144e-07
1.999999999999999909e-07
2.800000000000000191e-07
1.204000000000000034e-06
6.400000000000000399e-08
6.400000000000000399e-08
6.800000000000000010e-08
9.599999999999999936e-08
2.560000000000000159e-07
3.280000000000000254e-07
6.800000000000000010e-08
1.720000000000000049e-07
2.040000000000000003e-07
2.840000000000000020e-07
5.279999999999999634e-07
6.400000000000000399e-08
3.320000000000000083e-07
1.040000000000000048e-07
1.160000000000000064e-07
3.359999999999999911e-07
1.943999999999999937e-06
1.759999999999999878e-07
6.400000000000000399e-08
1.640000000000000127e-07
2.200000000000000112e-07
7.039999999999999512e-07
7.719999999999999778e-07
6.400000000000000399e-08
1.159999999999999905e-06
2.280000000000000034e-07
2.560000000000000159e-07
2.239999999999999941e-07
5.039999999999999603e-07
3.479999999999999927e-07
6.400000000000000399e-08
8.399999999999999779e-08
8.799999999999999390e-08
9.200000000000000325e-08
9.599999999999999936e-08
1.040000000000000048e-07
1.160000000000000064e-07
1.239999999999999986e-07
1.439999999999999924e-07
1.999999999999999909e-07
2.280000000000000034e-07
1.480000000000000018e-06
2.680000000000000175e-07
3.800000000000000146e-07
3.839999999999999974e-07
4.080000000000000006e-07
6.400000000000000399e-08
1.080000000000000009e-07
1.199999999999999893e-07
6.400000000000000399e-08
2.680000000000000175e-07
2.040000000000000003e-07
2.200000000000000112e-07
5.999999999999999464e-08
6.400000000000000399e-08
6.800000000000000010e-08
8.799999999999999390e-08
9.200000000000000325e-08
1.160000000000000064e-07
1.720000000000000049e-07
6.920000000000000026e-07
6.400000000000000399e-08
8.519999999999999530e-07
6.400000000000000399e-08
1.960000000000000081e-07
6.279999999999999589e-07
6.320000000000000476e-07
6.360000000000000305e-07
6.400000000000000134e-07
6.439999999999999963e-07
6.479999999999999791e-07
6.600000000000000337e-07
1.879999999999999894e-07
6.400000000000000399e-08
2.840000000000000020e-07
1.720000000000000049e-06
2.399999999999999786e-07
1.999999999999999909e-07
7.360000000000000260e-07
1.599999999999999928e-06
3.519999999999999756e-07
6.400000000000000399e-08
1.712000000000000083e-06
1.331999999999999910e-06
5.640000000000000211e-07
6.759999999999999652e-07
5.640000000000000211e-07
2.759999999999999833e-07
2.280000000000000034e-07
1.191999999999999980e-06
2.239999999999999941e-07
6.400000000000000399e-08
6.800000000000000010e-08
7.199999999999999621e-08
9.200000000000000325e-08
9.599999999999999936e-08
1.160000000000000064e-07
1.199999999999999893e-07
1.239999999999999986e-07
1.439999999999999924e-07
1.480000000000000018e-07
1.520000000000000111e-07
1.720000000000000049e-07
1.759999999999999878e-07
1.999999999999999909e-07
2.040000000000000003e-07
2.239999999999999941e-07
2.280000000000000034e-07
2.560000000000000159e-07
2.800000000000000191e-07
3.080000000000000051e-07
3.639999999999999772e-07
6.239999999999999760e-07
2.999999999999999864e-07
8.959999999999999764e-07
5.999999999999999464e-08
4.080000000000000006e-07
6.800000000000000010e-08
3.399999999999999740e-07
5.759999999999999697e-07
2.519999999999999801e-07
2.479999999999999972e-07
6.400000000000000399e-08
6.400000000000000399e-08
2.759999999999999833e-07
1.480000000000000018e-07
2.800000000000000191e-07
5.999999999999999464e-08
6.400000000000000399e-08
1.004000000000000044e-06
2.032000000000000196e-06
2.200000000000000112e-07
9.999999999999999547e-07
1.004000000000000044e-06
1.007999999999999921e-06
1.012000000000000009e-06
1.016000000000000098e-06
6.400000000000000399e-08
2.519999999999999801e-07
7.640000000000000120e-07
6.400000000000000399e-08
6.800000000000000010e-08
9.200000000000000325e-08
9.599999999999999936e-08
1.199999999999999893e-07
6.400000000000000399e-08
1.960000000000000081e-07
6.400000000000000399e-08
9.200000000000000325e-08
1.439999999999999924e-07
1.576000000000000030e-06
6.400000000000000399e-08
2.280000000000000034e-07
1.840000000000000065e-07
1.611999999999999982e-06
6.400000000000000399e-08
9.200000000000000325e-08
1.439999999999999924e-07
6.400000000000000399e-08
6.800000000000000010e-08
7.199999999999999621e-08
9.200000000000000325e-08
9.599999999999999936e-08
1.199999999999999893e-07
1.480000000000000018e-07
1.216000000000000089e-06
2.840000000000000020e-07
6.800000000000000010e-08
5.999999999999999464e-08
6.400000000000000399e-08
6.800000000000000010e-08
9.200000000000000325e-08
1.160000000000000064e-07
2.119999999999999925e-07
2.560000000000000159e-07
2.076000000000000114e-06
6.800000000000000010e-08
3.280000000000000254e-07
1.720000000000000049e-07
2.544000000000000122e-06
2.547999999999999999e-06
1.035999999999999907e-06
3.167999999999999992e-06
1.239999999999999986e-07
1.960000000000000081e-07
1.119999999999999970e-07
2.184000000000000181e-06
6.400000000000000399e-08
6.800000000000000010e-08
9.200000000000000325e-08
1.199999999999999893e-07
1.480000000000000018e-07
6.400000000000000399e-08
2.080000000000000096e-07
2.040000000000000003e-07
2.440000000000000144e-07
6.400000000000000399e-08
6.400000000000000399e-08
7.199999999999999621e-08
2.479999999999999972e-07
2.519999999999999801e-07
6.400000000000000399e-08
9.200000000000000325e-08
2.239999999999999941e-07
2.519999999999999801e-07
2.560000000000000159e-07
1.879999999999999894e-07
2.239999999999999941e-07
2.160000000000000019e-07
7.679999999999999949e-07
1.559999999999999940e-07
1.280000000000000080e-07
1.319999999999999909e-07
1.360000000000000002e-07
1.400000000000000095e-07
1.480000000000000018e-07
1.600000000000000033e-07
1.679999999999999956e-07
6.800000000000000010e-08
5.999999999999999464e-08
1.439999999999999924e-07
2.055999999999999882e-06
2.639999999999999817e-07
4.280000000000000209e-07
2.399999999999999786e-07
6.400000000000000399e-08
6.400000000000000399e-08
1.799999999999999971e-07
1.872000000000000034e-06
6.439999999999999963e-07
7.028000000000000305e-06
7.031999999999999758e-06
7.036000000000000059e-06
7.040000000000000359e-06
7.043999999999999813e-06
5.999999999999999464e-08
6.400000000000000399e-08
6.800000000000000010e-08
9.599999999999999936e-08
1.199999999999999893e-07
6.400000000000000134e-07
1.548000000000000044e-06
2.364000000000000151e-06
2.599999999999999988e-07
6.400000000000000399e-08
5.239999999999999805e-07
3.800000000000000146e-07
1.919999999999999987e-07
2.639999999999999817e-07
2.519999999999999801e-07
8.239999999999999669e-07
1.388000000000000094e-06
1.968000000000000046e-06
2.960000000000000035e-07
6.400000000000000399e-08
1.824000000000000028e-06
6.400000000000000399e-08
2.759999999999999833e-07
8.400000000000000043e-07
6.800000000000000010e-08
3.680000000000000130e-07
1.427999999999999923e-06
1.432000000000000011e-06
1.436000000000000100e-06
1.439999999999999977e-06
2.599999999999999988e-07
1.804000000000000007e-06
2.200000000000000112e-07
5.999999999999999464e-08
1.319999999999999909e-07
4.280000000000000209e-07
5.440000000000000008e-07
6.400000000000000399e-08
1.196000000000000069e-06
1.199999999999999893e-07
2.280000000000000034e-07
1.844000000000000048e-06
2.320000000000000128e-07
6.800000000000000010e-08
2.759999999999999833e-07
2.479999999999999972e-07
2.280000000000000034e-07
6.400000000000000399e-08
6.400000000000000399e-08
6.800000000000000010e-08
8.799999999999999390e-08
9.200000000000000325e-08
1.199999999999999893e-07
2.879999999999999848e-07
2.440000000000000144e-07
1.360000000000000002e-07
1.335999999999999999e-06
5.999999999999999464e-08
9.200000000000000325e-08
1.439999999999999924e-07
2.759999999999999833e-07
3.320000000000000083e-07
3.860000000000000312e-06
3.863999999999999766e-06
3.868000000000000066e-06
3.872000000000000367e-06
3.880000000000000121e-06
6.400000000000000399e-08
6.800000000000000010e-08
7.199999999999999621e-08
9.200000000000000325e-08
1.199999999999999893e-07
1.239999999999999986e-07
2.960000000000000035e-07
1.672000000000000043e-06
5.999999999999999464e-08
6.400000000000000399e-08
9.200000000000000325e-08
9.599999999999999936e-08
6.400000000000000399e-08
6.800000000000000010e-08
9.200000000000000325e-08
9.599999999999999936e-08
1.199999999999999893e-07
1.439999999999999924e-07
1.351999999999999930e-06
6.400000000000000399e-08
6.800000000000000010e-08
7.199999999999999621e-08
9.200000000000000325e-08
9.599999999999999936e-08
1.199999999999999893e-07
1.239999999999999986e-07
2.800000000000000191e-07
1.027999999999999941e-06
6.439999999999999963e-07
6.479999999999999791e-07
6.400000000000000399e-08
3.320000000000000083e-07
6.400000000000000399e-08
1.879999999999999894e-07
5.199999999999999976e-07
6.400000000000000399e-08
1.019999999999999975e-06
1.759999999999999878e-07
1.239999999999999986e-07
5.999999999999999464e-08
3.280000000000000254e-07
3.320000000000000083e-07
4.320000000000000037e-07
1.551999999999999921e-06
9.399999999999999998e-07
6.999999999999999683e-07
1.999999999999999909e-07
6.400000000000000399e-08
6.800000000000000010e-08
9.200000000000000325e-08
1.439999999999999924e-07
3.040000000000000222e-07
1.799999999999999971e-07
2.800000000000000191e-07
6.400000000000000399e-08
4.959999999999999945e-07
2.999999999999999864e-07
3.040000000000000222e-07
3.119999999999999880e-07
1.103999999999999933e-06
6.400000000000000399e-08
2.519999999999999801e-07
6.400000000000000399e-08
1.480000000000000018e-07
2.560000000000000159e-07
1.239999999999999986e-07
6.400000000000000399e-08
5.999999999999999464e-08
1.323999999999999944e-06
1.239999999999999986e-07
1.824000000000000028e-06
1.199999999999999893e-07
1.199999999999999893e-07
2.040000000000000003e-07
6.400000000000000399e-08
9.200000000000000325e-08
9.599999999999999936e-08
3.843999999999999957e-06
2.320000000000000128e-07
6.800000000000000010e-08
9.599999999999999936e-08
4.520000000000000240e-07
4.560000000000000069e-07
4.599999999999999898e-07
4.640000000000000256e-07
4.680000000000000085e-07
4.719999999999999913e-07
4.759999999999999742e-07
4.840000000000000459e-07
2.720000000000000004e-07
2.759999999999999833e-07
4.880000000000000287e-07
5.999999999999999464e-08
6.400000000000000399e-08
6.800000000000000010e-08
7.199999999999999621e-08
8.799999999999999390e-08
9.200000000000000325e-08
9.599999999999999936e-08
1.199999999999999893e-07
1.239999999999999986e-07
1.439999999999999924e-07
1.720000000000000049e-07
2.800000000000000191e-07
6.679999999999999994e-07
2.460000000000000164e-06
2.119999999999999925e-07
3.519999999999999756e-07
6.400000000000000399e-08
6.400000000000000399e-08
6.800000000000000010e-08
7.199999999999999621e-08
9.200000000000000325e-08
9.599999999999999936e-08
1.199999999999999893e-07
1.239999999999999986e-07
2.680000000000000175e-07
4.808000000000000384e-06
6.800000000000000010e-08
9.599999999999999936e-08
2.560000000000000159e-07
1.799999999999999919e-06
2.560000000000000159e-07
5.999999999999999464e-08
6.400000000000000399e-08
1.100000000000000056e-06
1.319999999999999909e-07
1.204000000000000034e-06
1.207999999999999911e-06
3.599999999999999943e-07
5.239999999999999805e-07
2.359999999999999957e-07
1.171999999999999960e-06
2.720000000000000004e-07
6.400000000000000399e-08
6.400000000000000399e-08
2.720000000000000004e-07
6.400000000000000399e-08
6.800000000000000010e-08
9.200000000000000325e-08
9.599999999999999936e-08
1.199999999999999893e-07
1.480000000000000018e-07
5.999999999999999728e-07
6.039999999999999557e-07
8.719999999999999732e-07
6.400000000000000399e-08
6.800000000000000010e-08
1.252000000000000041e-06
2.111999999999999854e-06
2.560000000000000159e-07
2.519999999999999801e-07
9.200000000000000325e-08
2.720000000000000004e-07
6.800000000000000010e-08
4.359999999999999866e-07
5.999999999999999464e-08
5.999999999999999464e-08
3.719999999999999959e-07
1.480000000000000018e-06
5.080000000000000490e-07
5.120000000000000319e-07
5.199999999999999976e-07
6.400000000000000399e-08
3.680000000000000130e-07
6.400000000000000399e-08
8.799999999999999390e-08
4.999999999999999774e-07
1.475999999999999929e-06
6.400000000000000399e-08
6.800000000000000010e-08
7.199999999999999621e-08
9.200000000000000325e-08
9.599999999999999936e-08
1.199999999999999893e-07
1.239999999999999986e-07
1.480000000000000018e-07
6.400000000000000399e-08
6.400000000000000399e-08
2.479999999999999972e-07
6.400000000000000399e-08
6.800000000000000010e-08
9.200000000000000325e-08
9.599999999999999936e-08
1.160000000000000064e-07
1.199999999999999893e-07
2.200000000000000112e-07
3.879999999999999803e-07
1.840000000000000065e-07
2.519999999999999801e-07
3.959999999999999990e-07
2.800000000000000191e-07
5.999999999999999464e-08
4.680000000000000085e-07
6.039999999999999557e-07
7.199999999999999621e-08
8.959999999999999764e-07
6.800000000000000010e-08
9.599999999999999936e-08
1.199999999999999893e-07
6.640000000000000165e-07
6.679999999999999994e-07
6.719999999999999823e-07
6.759999999999999652e-07
1.235999999999999897e-06
6.400000000000000399e-08
4.359999999999999866e-07
6.400000000000000399e-08
9.200000000000000325e-08
2.759999999999999833e-07
1.720000000000000049e-07
4.640000000000000256e-07
2.999999999999999864e-07
3.879999999999999803e-07
6.400000000000000399e-08
8.799999999999999390e-08
9.200000000000000325e-08
1.160000000000000064e-07
1.199999999999999893e-07
1.439999999999999924e-07
2.560000000000000159e-07
6.400000000000000399e-08
2.680000000000000175e-07
7.199999999999999621e-08
1.319999999999999909e-07
2.759999999999999833e-07
1.600000000000000033e-07
1.640000000000000127e-07
1.679999999999999956e-07
1.720000000000000049e-07
1.759999999999999878e-07
1.919999999999999987e-07
1.999999999999999909e-07
1.283999999999999904e-06
1.315999999999999979e-06
1.999999999999999909e-07
1.919999999999999987e-07
1.796000000000000042e-06
6.400000000000000399e-08
3.479999999999999927e-07
8.279999999999999498e-07
2.280000000000000034e-07
6.400000000000000399e-08
1.119999999999999970e-07
1.160000000000000064e-07
1.439999999999999924e-07
8.040000000000000526e-07
8.840000000000000278e-07
2.024000000000000019e-06
2.800000000000000191e-07
2.160000000000000019e-07
5.999999999999999464e-08
6.400000000000000399e-08
1.968000000000000046e-06
3.080000000000000051e-07
6.519999999999999620e-07
6.400000000000000399e-08
6.800000000000000010e-08
9.599999999999999936e-08
6.400000000000000399e-08
6.400000000000000399e-08
6.800000000000000010e-08
9.200000000000000325e-08
9.599999999999999936e-08
1.199999999999999893e-07
6.800000000000000010e-08
1.280000000000000080e-07
9.879999999999999002e-07
2.331999999999999865e-06
2.336000000000000165e-06
2.340000000000000042e-06
2.343999999999999919e-06
5.799999999999999526e-07
4.280000000000000209e-07
4.359999999999999866e-07
1.439999999999999977e-06
2.560000000000000159e-07
5.999999999999999464e-08
6.400000000000000399e-08
7.439999999999999917e-07
2.160000000000000019e-07
1.080000000000000009e-07
4.899999999999999672e-06
4.903999999999999973e-06
4.908000000000000273e-06
4.911999999999999727e-06
4.916000000000000027e-06
4.920000000000000328e-06
3.680000000000000130e-07
3.999999999999999819e-07
1.156000000000000028e-06
1.219999999999999966e-06
4.920000000000000116e-07
6.800000000000000010e-08
3.080000000000000051e-07
3.999999999999999819e-07
5.999999999999999464e-08
9.200000000000000325e-08
6.160000000000000102e-07
5.999999999999999464e-08
1.280000000000000080e-07
6.400000000000000399e-08
1.960000000000000081e-07
6.439999999999999963e-07
1.111999999999999899e-06
1.088000000000000002e-06
1.759999999999999878e-07
1.799999999999999971e-07
1.759999999999999878e-07
1.999999999999999909e-07
5.999999999999999464e-08
3.560000000000000114e-07
6.400000000000000399e-08
9.200000000000000325e-08
2.519999999999999801e-07
1.960000000000000081e-07
8.160000000000000012e-07
4.035999999999999983e-06
4.040000000000000283e-06
6.400000000000000399e-08
3.280000000000000254e-07
4.160000000000000193e-07
1.424000000000000046e-06
6.400000000000000399e-08
6.800000000000000010e-08
9.200000000000000325e-08
9.599999999999999936e-08
1.199999999999999893e-07
6.400000000000000399e-08
2.160000000000000019e-07
6.400000000000000399e-08
6.400000000000000399e-08
6.400000000000000399e-08
6.800000000000000010e-08
8.799999999999999390e-08
9.200000000000000325e-08
9.599999999999999936e-08
1.160000000000000064e-07
1.199999999999999893e-07
1.439999999999999924e-07
1.480000000000000018e-07
6.400000000000000399e-08
6.400000000000000399e-08
1.323999999999999944e-06
5.999999999999999464e-08
6.400000000000000399e-08
9.200000000000000325e-08
6.400000000000000399e-08
6.400000000000000399e-08
9.200000000000000325e-08
1.199999999999999893e-07
6.400000000000000399e-08
2.840000000000000020e-07
3.959999999999999990e-07
6.400000000000000399e-08
6.400000000000000399e-08
1.320000000000000067e-06
2.303999999999999879e-06
6.400000000000000399e-08
7.199999999999999621e-08
9.599999999999999936e-08
1.720000000000000049e-07
2.320000000000000128e-07
1.720000000000000049e-07
2.080000000000000096e-07
5.999999999999999464e-08
6.007999999999999906e-06
6.012000000000000207e-06
6.015999999999999660e-06
6.019999999999999961e-06
1.156000000000000028e-06
1.360000000000000002e-07
6.800000000000000010e-08
6.400000000000000399e-08
6.800000000000000010e-08
9.200000000000000325e-08
1.604000000000000016e-06
6.400000000000000399e-08
4.440000000000000053e-07
1.264000000000000095e-06
3.280000000000000254e-07
5.999999999999999464e-08
1.968000000000000046e-06
1.971999999999999923e-06
1.975999999999999800e-06
1.980000000000000101e-06
1.983999999999999978e-06
1.987999999999999855e-06
2.008000000000000087e-06
4.880000000000000287e-07
6.719999999999999823e-07
4.599999999999999898e-07
6.199999999999999931e-07
2.440000000000000144e-07
2.280000000000000034e-07
6.400000000000000399e-08
8.799999999999999390e-08
1.160000000000000064e-07
1.439999999999999924e-07
2.200000000000000112e-07
4.359999999999999866e-07
6.360000000000000305e-07
6.400000000000000134e-07
1.707999999999999995e-06
6.400000000000000399e-08
6.400000000000000399e-08
9.200000000000000325e-08
1.439999999999999924e-07
6.400000000000000399e-08
6.800000000000000010e-08
3.280000000000000254e-07
5.999999999999999464e-08
2.519999999999999801e-07
2.479999999999999972e-07
1.783999999999999987e-06
1.720000000000000049e-07
1.088000000000000002e-06
1.255999999999999918e-06
9.040000000000000480e-07
1.875999999999999911e-06
6.400000000000000399e-08
6.800000000000000010e-08
9.200000000000000325e-08
9.599999999999999936e-08
1.199999999999999893e-07
1.480000000000000018e-07
1.720000000000000049e-07
5.999999999999999464e-08
2.359999999999999957e-07
4.840000000000000459e-07
5.920000000000000071e-07
7.160000000000000057e-07
5.759999999999999697e-07
1.636000000000000091e-06
3.239999999999999896e-07
2.800000000000000191e-07
6.400000000000000399e-08
1.999999999999999909e-07
6.400000000000000399e-08
2.759999999999999833e-07
2.800000000000000191e-07
2.680000000000000175e-07
6.400000000000000399e-08
2.999999999999999864e-07
3.080000000000000051e-07
6.400000000000000399e-08
1.908000000000000197e-06
6.400000000000000399e-08
5.999999999999999464e-08
1.560000000000000099e-06
2.239999999999999941e-07
2.519999999999999801e-07
1.047999999999999961e-06
5.999999999999999464e-08
1.160000000000000064e-07
1.712000000000000083e-06
4.280000000000000209e-07
6.279999999999999589e-07
2.879999999999999848e-07
2.280000000000000034e-07
8.279999999999999498e-07
2.680000000000000175e-07
9.999999999999999547e-08
2.160000000000000019e-07
1.027999999999999941e-06
1.032000000000000030e-06
1.035999999999999907e-06
1.039999999999999995e-06
1.044000000000000084e-06
6.400000000000000399e-08
6.400000000000000399e-08
1.759999999999999878e-07
1.799999999999999971e-07
2.200000000000000112e-07
5.999999999999999464e-08
6.400000000000000399e-08
9.200000000000000325e-08
2.080000000000000096e-07
6.400000000000000399e-08
1.092000000000000090e-06
1.452000000000000032e-06
1.720000000000000049e-06
4.999999999999999774e-07
1.080000000000000009e-07
1.759999999999999878e-07
6.400000000000000399e-08
6.800000000000000010e-08
9.599999999999999936e-08
1.224000000000000055e-06
5.999999999999999464e-08
6.400000000000000399e-08
8.799999999999999390e-08
1.160000000000000064e-07
6.400000000000000399e-08
5.999999999999999464e-08
6.400000000000000399e-08
8.799999999999999390e-08
9.200000000000000325e-08
5.719999999999999868e-07
2.599999999999999988e-07
6.400000000000000399e-08
1.840000000000000065e-07
6.400000000000000399e-08
6.800000000000000010e-08
2.800000000000000191e-07
2.840000000000000020e-07
4.440000000000000053e-07
2.020000000000000142e-06
1.319999999999999909e-07
1.360000000000000002e-07
1.400000000000000095e-07
1.439999999999999924e-07
1.480000000000000018e-07
1.759999999999999878e-07
6.400000000000000399e-08
1.171999999999999960e-06
1.239999999999999986e-07
2.239999999999999941e-07
5.759999999999999697e-07
7.439999999999999917e-07
1.999999999999999909e-07
5.999999999999999464e-08
4.200000000000000022e-07
4.239999999999999850e-07
6.400000000000000399e-08
2.680000000000000175e-07
6.400000000000000399e-08
6.800000000000000010e-08
1.280000000000000080e-07
1.160000000000000064e-07
1.199999999999999893e-07
2.440000000000000144e-07
6.800000000000000010e-08
6.400000000000000399e-08
6.800000000000000010e-08
7.199999999999999621e-08
9.200000000000000325e-08
9.599999999999999936e-08
1.199999999999999893e-07
1.480000000000000018e-07
2.519999999999999801e-07
2.800000000000000191e-07
3.320000000000000083e-07
9.999999999999999547e-08
4.999999999999999774e-07
1.751999999999999912e-06
1.960000000000000081e-07
5.880000000000000242e-07
6.799999999999999481e-07
1.799999999999999971e-07
6.400000000000000399e-08
2.560000000000000159e-07
2.599999999999999988e-07
6.400000000000000399e-08
6.800000000000000010e-08
9.599999999999999936e-08
6.400000000000000399e-08
9.200000000000000325e-08
2.479999999999999972e-07
3.040000000000000222e-07
6.199999999999999931e-07
6.719999999999999823e-07
5.640000000000000211e-07
6.400000000000000399e-08
1.576000000000000030e-06
6.400000000000000399e-08
6.800000000000000010e-08
7.199999999999999621e-08
9.200000000000000325e-08
9.599999999999999936e-08
1.199999999999999893e-07
1.239999999999999986e-07
1.480000000000000018e-07
2.280000000000000034e-07
7.160000000000000057e-07
6.400000000000000399e-08
1.879999999999999894e-07
6.800000000000000010e-08
7.199999999999999621e-08
9.599999999999999936e-08
1.239999999999999986e-07
2.800000000000000191e-07
1.839999999999999959e-06
6.400000000000000399e-08
5.360000000000000350e-07
1.171999999999999960e-06
4.400000000000000224e-07
1.879999999999999894e-07
5.239999999999999805e-07
2.239999999999999941e-07
2.355999999999999974e-06
6.400000000000000399e-08
6.800000000000000010e-08
7.199999999999999621e-08
7.600000000000000556e-08
9.599999999999999936e-08
9.999999999999999547e-08
1.199999999999999893e-07
1.239999999999999986e-07
1.280000000000000080e-07
1.480000000000000018e-07
1.520000000000000111e-07
1.759999999999999878e-07
1.799999999999999971e-07
1.999999999999999909e-07
2.040000000000000003e-07
2.280000000000000034e-07
2.320000000000000128e-07
1.280000000000000080e-07
1.035999999999999907e-06
2.359999999999999957e-07
5.999999999999999464e-08
6.400000000000000399e-08
6.239999999999999760e-07
6.400000000000000399e-08
5.999999999999999464e-08
6.400000000000000399e-08
1.427999999999999923e-06
1.640000000000000127e-07
6.400000000000000399e-08
9.200000000000000325e-08
9.599999999999999936e-08
1.199999999999999893e-07
5.999999999999999464e-08
6.400000000000000399e-08
6.800000000000000010e-08
9.200000000000000325e-08
1.199999999999999893e-07
1.439999999999999924e-07
1.720000000000000049e-07
2.239999999999999941e-07
2.280000000000000034e-07
2.599999999999999988e-07
1.444000000000000066e-06
1.095999999999999967e-06
3.127999999999999952e-06
4.123999999999999818e-06
4.128000000000000118e-06
4.135999999999999872e-06
5.999999999999999464e-08
6.400000000000000399e-08
9.200000000000000325e-08
6.840000000000000368e-07
6.400000000000000399e-08
1.119999999999999970e-07
1.799999999999999971e-07
4.400000000000000224e-07
6.400000000000000399e-08
2.560000000000000159e-07
1.779999999999999898e-06
1.859999999999999979e-06
1.559999999999999940e-07
1.627999999999999914e-06
2.200000000000000112e-07
2.239999999999999941e-07
2.280000000000000034e-07
9.999999999999999547e-07
2.440000000000000144e-07
1.160000000000000064e-07
5.999999999999999464e-08
3.479999999999999927e-07
7.199999999999999886e-07
2.599999999999999988e-07
1.247999999999999952e-06
6.320000000000000476e-07
2.999999999999999864e-07
3.040000000000000222e-07
6.400000000000000399e-08
5.999999999999999464e-08
6.400000000000000399e-08
6.199999999999999931e-07
6.239999999999999760e-07
6.400000000000000399e-08
5.640000000000000211e-07
1.400000000000000095e-07
1.323999999999999944e-06
1.919999999999999987e-07
6.400000000000000399e-08
6.400000000000000399e-08
9.599999999999999936e-08
5.199999999999999976e-07
2.440000000000000144e-07
6.400000000000000399e-08
9.200000000000000325e-08
2.560000000000000159e-07
6.800000000000000010e-08
5.999999999999999464e-08
2.200000000000000112e-07
2.507999999999999959e-06
6.400000000000000399e-08
6.400000000000000399e-08
1.732000000000000104e-06
5.199999999999999976e-07
6.400000000000000399e-08
2.176000000000000003e-06
8.799999999999999390e-08
5.999999999999999464e-08
6.800000000000000010e-08
5.440000000000000008e-07
3.560000000000000114e-07
6.400000000000000399e-08
6.360000000000000305e-07
1.315999999999999979e-06
2.599999999999999988e-07
5.999999999999999464e-08
6.400000000000000399e-08
9.200000000000000325e-08
3.280000000000000254e-07
2.440000000000000144e-07
7.320000000000000431e-07
2.743999999999999901e-06
6.400000000000000399e-08
1.788000000000000076e-06
6.400000000000000399e-08
6.800000000000000010e-08
9.200000000000000325e-08
9.599999999999999936e-08
1.199999999999999893e-07
1.239999999999999986e-07
6.400000000000000399e-08
2.840000000000000020e-07
5.999999999999999464e-08
4.239999999999999850e-07
6.400000000000000399e-08
9.200000000000000325e-08
1.199999999999999893e-07
4.359999999999999866e-07
3.920000000000000161e-07
2.239999999999999941e-07
2.800000000000000191e-07
5.999999999999999464e-08
5.600000000000000382e-07
8.640000000000000075e-07
6.400000000000000399e-08
6.800000000000000010e-08
9.599999999999999936e-08
2.759999999999999833e-07
2.800000000000000191e-07
1.583999999999999996e-06
4.400000000000000224e-07
8.799999999999999390e-08
9.200000000000000325e-08
1.024000000000000064e-06
6.400000000000000399e-08
9.200000000000000325e-08
2.440000000000000144e-07
5.080000000000000490e-07
3.239999999999999896e-07
6.400000000000000399e-08
9.200000000000000325e-08
1.199999999999999893e-07
2.479999999999999972e-07
1.199999999999999893e-07
6.400000000000000399e-08
3.119999999999999880e-07
6.400000000000000399e-08
3.359999999999999911e-07
1.512000000000000093e-06
7.959999999999999809e-07
2.280000000000000034e-07
3.119999999999999880e-07
1.320000000000000067e-06
4.040000000000000177e-07
6.800000000000000010e-08
6.400000000000000399e-08
1.960000000000000081e-07
6.400000000000000399e-08
3.599999999999999943e-07
2.200000000000000112e-07
6.400000000000000399e-08
6.400000000000000399e-08
1.879999999999999894e-07
6.400000000000000399e-08
2.755999999999999956e-06
2.759999999999999833e-06
2.764000000000000133e-06
6.400000000000000399e-08
6.400000000000000399e-08
2.440000000000000144e-07
1.535999999999999990e-06
6.400000000000000399e-08
6.400000000000000399e-08
6.800000000000000010e-08
7.199999999999999621e-08
9.200000000000000325e-08
9.599999999999999936e-08
1.199999999999999893e-07
1.480000000000000018e-07
1.720000000000000049e-07
1.759999999999999878e-07
1.999999999999999909e-07
6.400000000000000399e-08
6.800000000000000010e-08
9.599999999999999936e-08
2.359999999999999957e-07
1.111999999999999899e-06
6.759999999999999652e-07
5.999999999999999464e-08
6.400000000000000399e-08
5.160000000000000148e-07
5.999999999999999464e-08
6.800000000000000010e-08
6.400000000000000399e-08
5.999999999999999464e-08
5.999999999999999464e-08
6.400000000000000399e-08
2.200000000000000112e-07
1.340000000000000088e-06
4.048000000000000037e-06
6.400000000000000399e-08
1.759999999999999878e-07
1.267999999999999972e-06
1.356000000000000019e-06
6.400000000000000399e-08
6.800000000000000010e-08
9.200000000000000325e-08
1.199999999999999893e-07
1.720000000000000049e-07
3.583999999999999906e-06
3.588000000000000206e-06
3.592000000000000083e-06
3.595999999999999960e-06
3.599999999999999837e-06
3.604000000000000138e-06
3.608000000000000015e-06
3.616000000000000192e-06
3.620000000000000069e-06
3.627999999999999823e-06
3.648000000000000055e-06
3.651999999999999932e-06
6.959999999999999854e-07
6.400000000000000399e-08
6.800000000000000010e-08
2.320000000000000128e-07
6.400000000000000399e-08
6.800000000000000010e-08
7.199999999999999621e-08
9.200000000000000325e-08
9.599999999999999936e-08
1.199999999999999893e-07
1.239999999999999986e-07
1.439999999999999924e-07
1.480000000000000018e-07
1.720000000000000049e-07
1.759999999999999878e-07
1.999999999999999909e-07
2.560000000000000159e-07
5.999999999999999464e-08
6.400000000000000399e-08
6.800000000000000010e-08
8.799999999999999390e-08
2.840000000000000020e-07
1.475999999999999929e-06
2.080000000000000096e-07
1.919999999999999987e-07
6.400000000000000399e-08
2.560000000000000159e-07
6.400000000000000399e-08
1.840000000000000065e-07
3.719999999999999959e-07
3.759999999999999788e-07
3.800000000000000146e-07
3.839999999999999974e-07
3.879999999999999803e-07
6.400000000000000399e-08
1.239999999999999986e-07
6.400000000000000399e-08
6.400000000000000399e-08
1.044000000000000084e-06
9.200000000000000325e-08
5.999999999999999464e-08
2.239999999999999941e-07
1.791999999999999953e-06
9.599999999999999936e-08
2.599999999999999988e-07
2.160000000000000019e-07
6.400000000000000399e-08
7.199999999999999621e-08
9.599999999999999936e-08
5.999999999999999464e-08
6.400000000000000399e-08
9.200000000000000325e-08
1.992000000000000155e-06
5.999999999999999464e-08
1.280000000000000080e-07
2.560000000000000159e-07
4.119999999999999835e-07
4.920000000000000116e-07
2.960000000000000035e-07
5.999999999999999464e-08
6.400000000000000399e-08
6.800000000000000010e-08
8.799999999999999390e-08
9.200000000000000325e-08
1.160000000000000064e-07
1.199999999999999893e-07
1.439999999999999924e-07
1.720000000000000049e-07
6.400000000000000399e-08
6.800000000000000010e-08
9.200000000000000325e-08
1.439999999999999924e-07
1.371999999999999951e-06
6.400000000000000399e-08
9.200000000000000325e-08
1.199999999999999893e-07
5.759999999999999697e-07
5.799999999999999526e-07
5.840000000000000413e-07
5.880000000000000242e-07
5.920000000000000071e-07
6.160000000000000102e-07
2.200000000000000112e-07
6.400000000000000399e-08
6.800000000000000010e-08
7.199999999999999621e-08
9.599999999999999936e-08
7.719999999999999778e-07
2.920000000000000207e-07
6.400000000000000399e-08
7.199999999999999621e-08
9.200000000000000325e-08
1.040000000000000048e-07
1.160000000000000064e-07
1.239999999999999986e-07
1.439999999999999924e-07
4.560000000000000069e-07
6.199999999999999931e-07
1.879999999999999894e-07
1.151999999999999939e-06
1.360000000000000002e-07
2.280000000000000034e-07
2.320000000000000128e-07
9.080000000000000309e-07
6.400000000000000399e-08
6.800000000000000010e-08
5.999999999999999464e-08
6.400000000000000399e-08
6.800000000000000010e-08
9.200000000000000325e-08
9.599999999999999936e-08
1.199999999999999893e-07
1.239999999999999986e-07
1.480000000000000018e-07
1.720000000000000049e-07
1.759999999999999878e-07
1.999999999999999909e-07
1.280000000000000080e-07
9.879999999999999002e-07
1.624000000000000037e-06
6.400000000000000399e-08
6.400000000000000399e-08
4.920000000000000116e-07
7.439999999999999917e-07
2.200000000000000112e-07
1.720000000000000049e-07
6.800000000000000010e-08
9.200000000000000325e-08
6.400000000000000399e-08
9.200000000000000325e-08
1.879999999999999894e-07
2.759999999999999833e-07
1.667999999999999954e-06
4.640000000000000256e-07
2.399999999999999786e-07
1.007999999999999921e-06
1.012000000000000009e-06
1.016000000000000098e-06
1.019999999999999975e-06
6.400000000000000399e-08
4.920000000000000116e-07
2.800000000000000191e-07
5.840000000000000413e-07
2.200000000000000112e-07
2.840000000000000020e-07
4.999999999999999774e-07
5.999999999999999464e-08
6.800000000000000010e-08
9.200000000000000325e-08
2.320000000000000128e-07
1.824000000000000028e-06
3.080000000000000051e-07
1.400000000000000095e-07
1.919999999999999987e-07
6.400000000000000399e-08
2.231999999999999975e-06
1.640000000000000127e-07
6.400000000000000399e-08
6.400000000000000399e-08
7.999999999999999638e-07
1.992000000000000155e-06
6.400000000000000399e-08
6.800000000000000010e-08
9.200000000000000325e-08
6.400000000000000399e-08
9.200000000000000325e-08
1.199999999999999893e-07
5.999999999999999464e-08
8.880000000000000106e-07
1.672000000000000043e-06
1.919999999999999828e-06
6.400000000000000399e-08
6.400000000000000399e-08
5.120000000000000319e-07
1.351999999999999930e-06
6.400000000000000399e-08
6.800000000000000010e-08
6.800000000000000010e-08
9.200000000000000325e-08
9.599999999999999936e-08
1.199999999999999893e-07
1.239999999999999986e-07
1.480000000000000018e-07
4.759999999999999742e-07
7.439999999999999917e-07
2.960000000000000035e-07
3.599999999999999943e-07
6.400000000000000399e-08
1.840000000000000065e-07
4.759999999999999742e-07
2.119999999999999925e-07
9.760000000000000575e-07
9.799999999999999345e-07
9.840000000000000232e-07
9.879999999999999002e-07
2.239999999999999941e-07
8.279999999999999498e-07
2.359999999999999957e-07
3.759999999999999788e-07
7.679999999999999949e-07
2.479999999999999972e-07
2.160000000000000019e-07
8.479999999999999701e-07
3.959999999999999990e-07
1.672000000000000043e-06
2.519999999999999801e-07
2.200000000000000112e-07
1.520000000000000058e-06
2.800000000000000191e-07
1.864000000000000068e-06
3.487999999999999893e-06
2.040000000000000003e-07
1.436000000000000100e-06
6.800000000000000010e-08
6.400000000000000399e-08
6.400000000000000399e-08
1.783999999999999987e-06
6.400000000000000399e-08
9.200000000000000325e-08
1.840000000000000065e-07
6.400000000000000399e-08
6.400000000000000399e-08
6.400000000000000399e-08
6.800000000000000010e-08
8.799999999999999390e-08
9.200000000000000325e-08
1.160000000000000064e-07
1.199999999999999893e-07
1.439999999999999924e-07
7.519999999999999575e-07
1.280000000000000080e-07
2.239999999999999941e-07
3.560000000000000114e-07
1.416000000000000080e-06
1.400000000000000095e-07
6.400000000000000399e-08
6.400000000000000399e-08
2.163999999999999949e-06
2.280000000000000034e-07
1.591999999999999962e-06
6.800000000000000010e-08
3.639999999999999772e-07
6.400000000000000399e-08
1.720000000000000049e-07
6.400000000000000399e-08
9.200000000000000325e-08
1.840000000000000065e-07
2.039999999999999950e-06
5.999999999999999464e-08
2.320000000000000128e-07
2.720000000000000004e-07
6.400000000000000399e-08
1.227999999999999932e-06
2.200000000000000112e-07
2.160000000000000019e-07
2.200000000000000112e-07
5.392000000000000213e-06
1.879999999999999894e-07
6.400000000000000399e-08
6.400000000000000399e-08
6.800000000000000010e-08
8.799999999999999390e-08
9.200000000000000325e-08
1.960000000000000081e-07
1.999999999999999909e-07
1.280000000000000080e-07
1.599999999999999928e-06
1.999999999999999909e-06
2.376000000000000206e-06
5.999999999999999464e-08
2.160000000000000019e-07
4.680000000000000085e-07
5.999999999999999464e-08
6.160000000000000102e-07
2.280000000000000034e-07
2.920000000000000207e-07
5.999999999999999464e-08
4.840000000000000459e-07
5.160000000000000148e-07
5.120000000000000319e-07
2.440000000000000144e-07
3.040000000000000222e-07
2.999999999999999864e-07
1.655999999999999900e-06
1.239999999999999986e-07
5.120000000000000319e-07
1.879999999999999894e-07
2.080000000000000096e-07
5.199999999999999976e-07
3.479999999999999927e-07
2.680000000000000175e-07
2.359999999999999957e-07
3.239999999999999896e-07
4.119999999999999835e-07
2.639999999999999817e-07
6.400000000000000399e-08
1.148000000000000062e-06
6.400000000000000399e-08
6.800000000000000010e-08
9.200000000000000325e-08
9.599999999999999936e-08
1.199999999999999893e-07
1.480000000000000018e-07
1.720000000000000049e-07
1.576000000000000030e-06
1.579999999999999907e-06
1.583999999999999996e-06
1.588000000000000085e-06
6.400000000000000399e-08
9.200000000000000325e-08
9.599999999999999936e-08
1.960000000000000081e-07
1.999999999999999909e-07
4.200000000000000022e-07
7.679999999999999949e-07
6.400000000000000399e-08
6.400000000000000399e-08
4.719999999999999913e-07
4.759999999999999742e-07
4.799999999999999571e-07
1.875999999999999911e-06
6.400000000000000399e-08
2.591999999999999917e-06
1.348000000000000053e-06
4.920000000000000116e-07
5.080000000000000490e-07
5.999999999999999464e-08
9.200000000000000325e-08
2.200000000000000112e-07
8.239999999999999669e-07
8.919999999999999935e-07
6.400000000000000399e-08
3.759999999999999788e-07
1.016000000000000098e-06
2.680000000000000175e-07
5.999999999999999464e-08
6.400000000000000399e-08
6.800000000000000010e-08
8.799999999999999390e-08
9.200000000000000325e-08
1.160000000000000064e-07
1.199999999999999893e-07
1.439999999999999924e-07
2.599999999999999988e-07
1.239999999999999986e-07
1.280000000000000080e-07
2.759999999999999833e-07
2.200000000000000112e-07
5.999999999999999464e-08
6.400000000000000399e-08
9.200000000000000325e-08
7.840000000000000323e-07
6.400000000000000399e-08
1.759999999999999878e-07
6.400000000000000399e-08
4.160000000000000193e-07
2.119999999999999925e-07
5.680000000000000039e-07
7.199999999999999621e-08
6.400000000000000399e-08
9.200000000000000325e-08
6.400000000000000399e-08
2.200000000000000112e-07
5.999999999999999464e-08
1.495999999999999949e-06
1.808000000000000096e-06
2.359999999999999851e-06
2.680000000000000175e-07
6.400000000000000399e-08
7.719999999999999778e-07
6.719999999999999823e-07
6.400000000000000399e-08
2.479999999999999972e-07
6.400000000000000399e-08
1.875999999999999911e-06
2.999999999999999864e-07
2.440000000000000144e-07
2.479999999999999972e-07
3.200000000000000067e-07
6.400000000000000399e-08
1.879999999999999894e-07
6.279999999999999589e-07
6.320000000000000476e-07
6.400000000000000399e-08
9.200000000000000325e-08
5.400000000000000179e-07
7.999999999999999638e-07
2.479999999999999972e-07
2.440000000000000144e-07
2.027999999999999896e-06
6.400000000000000399e-08
1.919999999999999987e-07
6.400000000000000399e-08
6.800000000000000010e-08
9.200000000000000325e-08
9.599999999999999936e-08
1.199999999999999893e-07
1.400000000000000095e-07
1.480000000000000018e-07
1.720000000000000049e-07
1.960000000000000081e-07
1.999999999999999909e-07
2.800000000000000191e-07
7.155999999999999757e-06
1.692000000000000063e-06
2.411999999999999946e-06
1.535999999999999990e-06
1.039999999999999995e-06
6.400000000000000399e-08
4.440000000000000053e-07
5.120000000000000319e-07
9.879999999999999002e-07
5.999999999999999464e-08
2.040000000000000003e-07
2.440000000000000144e-07
6.800000000000000010e-08
9.479999999999999656e-07
6.400000000000000399e-08
5.959999999999999900e-07
6.400000000000000399e-08
2.148000000000000017e-06
1.679999999999999956e-07
3.160000000000000238e-07
6.400000000000000399e-08
2.320000000000000128e-07
1.919999999999999987e-07
1.055999999999999927e-06
1.759999999999999878e-07
1.959999999999999869e-06
1.239999999999999986e-07
1.480000000000000018e-07
5.999999999999999464e-08
2.879999999999999848e-07
6.600000000000000337e-07
1.239999999999999986e-07
5.640000000000000211e-07
6.400000000000000399e-08
9.200000000000000325e-08
9.599999999999999936e-08
1.239999999999999986e-07
1.239999999999999986e-07
2.280000000000000034e-07
6.400000000000000399e-08
6.400000000000000399e-08
5.999999999999999464e-08
6.400000000000000399e-08
9.200000000000000325e-08
3.080000000000000051e-07
6.400000000000000399e-08
4.359999999999999866e-07
1.252000000000000041e-06
6.400000000000000399e-08
6.800000000000000010e-08
9.200000000000000325e-08
1.199999999999999893e-07
1.239999999999999986e-07
6.600000000000000337e-07
4.880000000000000287e-07
3.280000000000000254e-07
4.891999999999999918e-06
4.896000000000000219e-06
4.903999999999999973e-06
3.519999999999999756e-07
1.768000000000000056e-06
1.771999999999999933e-06
1.776000000000000021e-06
1.779999999999999898e-06
4.200000000000000022e-07
2.200000000000000112e-07
5.999999999999999464e-08
7.320000000000000431e-07
4.920000000000000116e-07
5.559999999999999494e-07
2.599999999999999988e-07
6.400000000000000399e-08
9.200000000000000325e-08
6.400000000000000399e-08
6.800000000000000010e-08
7.199999999999999621e-08
9.200000000000000325e-08
9.599999999999999936e-08
1.199999999999999893e-07
1.239999999999999986e-07
1.439999999999999924e-07
1.480000000000000018e-07
1.520000000000000111e-07
1.720000000000000049e-07
1.759999999999999878e-07
1.999999999999999909e-07
2.239999999999999941e-07
2.560000000000000159e-07
3.800000000000000146e-07
2.560000000000000159e-07
6.400000000000000399e-08
9.200000000000000325e-08
9.599999999999999936e-08
1.160000000000000064e-07
2.479999999999999972e-07
6.400000000000000399e-08
1.319999999999999909e-07
5.680000000000000039e-07
6.400000000000000399e-08
8.679999999999999904e-07
6.400000000000000399e-08
6.800000000000000010e-08
9.200000000000000325e-08
9.599999999999999936e-08
1.199999999999999893e-07
1.239999999999999986e-07
1.720000000000000049e-07
1.759999999999999878e-07
1.247999999999999952e-06
1.368000000000000074e-06
6.400000000000000399e-08
6.400000000000000399e-08
1.980000000000000101e-06
6.400000000000000399e-08
1.016000000000000098e-06
6.400000000000000399e-08
6.800000000000000010e-08
9.200000000000000325e-08
9.599999999999999936e-08
1.160000000000000064e-07
1.199999999999999893e-07
1.239999999999999986e-07
1.480000000000000018e-07
1.720000000000000049e-07
1.759999999999999878e-07
1.999999999999999909e-07
2.560000000000000159e-07
1.264000000000000095e-06
5.360000000000000350e-07
5.999999999999999464e-08
6.800000000000000010e-08
8.799999999999999390e-08
2.687999999999999929e-06
1.679999999999999956e-07
4.520000000000000240e-07
6.800000000000000010e-08
9.599999999999999936e-08
1.247999999999999952e-06
1.596000000000000051e-06
2.759999999999999833e-07
4.799999999999999571e-07
6.400000000000000399e-08
2.920000000000000207e-07
2.320000000000000128e-07
6.400000000000000399e-08
1.520000000000000111e-07
5.840000000000000413e-07
1.396000000000000060e-06
6.320000000000000476e-07
6.400000000000000399e-08
6.800000000000000010e-08
3.040000000000000222e-07
1.759999999999999878e-07
9.200000000000000325e-08
2.308000000000000179e-06
2.519999999999999801e-07
1.360000000000000002e-07
1.400000000000000095e-07
6.400000000000000399e-08
9.200000000000000325e-08
6.800000000000000010e-08
2.119999999999999925e-07
2.599999999999999988e-07
8.519999999999999530e-07
1.039999999999999995e-06
2.176000000000000003e-06
2.840000000000000020e-07
3.359999999999999911e-07
6.400000000000000399e-08
2.479999999999999972e-07
5.999999999999999464e-08
1.503999999999999915e-06
1.204000000000000034e-06
6.400000000000000399e-08
8.799999999999999390e-08
5.999999999999999464e-08
9.200000000000000325e-08
1.019999999999999975e-06
2.840000000000000020e-07
1.264000000000000095e-06
8.120000000000000183e-07
6.400000000000000399e-08
2.119999999999999925e-07
5.999999999999999464e-08
1.720000000000000049e-07
1.759999999999999878e-07
4.640000000000000256e-07
2.560000000000000159e-07
3.599999999999999943e-07
2.320000000000000128e-07
6.400000000000000399e-08
1.720000000000000049e-07
6.400000000000000399e-08
1.568000000000000065e-06
3.280000000000000254e-07
9.879999999999999002e-07
9.919999999999999890e-07
9.960000000000000777e-07
9.999999999999999547e-07
3.160000000000000238e-07
6.880000000000000197e-07
2.599999999999999988e-07
8.560000000000000417e-07
3.560000000000000114e-07
1.239999999999999986e-07
2.160000000000000019e-07
1.759999999999999878e-07
6.400000000000000399e-08
9.200000000000000325e-08
6.800000000000000010e-08
1.343999999999999965e-06
6.400000000000000399e-08
9.200000000000000325e-08
2.519999999999999801e-07
6.400000000000000399e-08
6.400000000000000399e-08
9.200000000000000325e-08
1.199999999999999893e-07
1.919999999999999987e-07
2.840000000000000020e-07
2.879999999999999848e-07
2.879999999999999848e-07
9.200000000000000325e-08
9.599999999999999936e-08
1.219999999999999966e-06
1.596000000000000051e-06
4.040000000000000177e-07
9.439999999999999827e-07
6.400000000000000399e-08
2.280000000000000034e-07
6.400000000000000399e-08
1.799999999999999971e-07
2.759999999999999833e-07
1.416000000000000080e-06
1.419999999999999957e-06
1.424000000000000046e-06
1.427999999999999923e-06
6.400000000000000399e-08
1.759999999999999878e-07
1.732000000000000104e-06
5.440000000000000008e-07
5.479999999999999837e-07
8.999999999999999593e-07
2.519999999999999801e-07
1.799999999999999971e-07
2.560000000000000159e-07
6.400000000000000399e-08
2.200000000000000112e-07
5.999999999999999464e-08
5.559999999999999494e-07
6.400000000000000399e-08
9.200000000000000325e-08
1.343999999999999965e-06
5.999999999999999464e-08
6.400000000000000399e-08
8.799999999999999390e-08
4.440000000000000053e-07
2.239999999999999941e-07
2.680000000000000175e-07
5.999999999999999464e-08
6.400000000000000399e-08
1.960000000000000081e-07
5.400000000000000179e-07
1.012000000000000009e-06
1.720000000000000049e-07
1.264000000000000095e-06
2.239999999999999941e-07
2.560000000000000159e-07
6.679999999999999994e-07
7.400000000000000089e-07
2.999999999999999864e-07
6.400000000000000399e-08
1.343999999999999965e-06
5.999999999999999464e-08
2.280000000000000034e-07
9.999999999999999547e-08
6.800000000000000010e-08
8.120000000000000183e-07
1.044000000000000084e-06
6.400000000000000399e-08
6.800000000000000010e-08
8.799999999999999390e-08
9.200000000000000325e-08
1.199999999999999893e-07
1.799999999999999971e-07
1.840000000000000065e-07
6.719999999999999823e-07
5.999999999999999464e-08
2.560000000000000159e-07
1.319999999999999909e-07
2.371999999999999905e-06
2.376000000000000206e-06
2.380000000000000083e-06
2.383999999999999960e-06
2.200000000000000112e-07
1.439999999999999977e-06
1.679999999999999956e-07
6.400000000000000399e-08
6.800000000000000010e-08
2.639999999999999817e-07
6.400000000000000399e-08
6.800000000000000010e-08
7.199999999999999621e-08
9.599999999999999936e-08
1.239999999999999986e-07
1.480000000000000018e-07
1.759999999999999878e-07
1.999999999999999909e-07
2.088000000000000168e-06
6.400000000000000399e-08
6.400000000000000399e-08
5.719999999999999868e-07
3.280000000000000254e-07
5.999999999999999464e-08
6.400000000000000399e-08
1.480000000000000018e-07
1.520000000000000111e-07
6.400000000000000399e-08
3.040000000000000222e-07
2.675999999999999875e-06
6.400000000000000399e-08
2.920000000000000207e-07
6.400000000000000399e-08
3.080000000000000051e-07
6.400000000000000399e-08
8.479999999999999701e-07
5.999999999999999464e-08
2.200000000000000112e-07
5.999999999999999464e-08
6.400000000000000399e-08
8.799999999999999390e-08
1.588000000000000085e-06
1.060000000000000016e-06
1.531999999999999901e-06
6.400000000000000399e-08
1.919999999999999987e-07
5.999999999999999464e-08
2.599999999999999988e-07
9.200000000000000325e-08
2.920000000000000207e-07
2.759999999999999833e-07
1.836000000000000082e-06
6.771999999999999706e-06
6.776000000000000007e-06
6.780000000000000307e-06
6.783999999999999761e-06
1.459999999999999997e-06
6.400000000000000399e-08
6.800000000000000010e-08
7.199999999999999621e-08
9.200000000000000325e-08
9.599999999999999936e-08
1.199999999999999893e-07
1.439999999999999924e-07
1.480000000000000018e-07
1.520000000000000111e-07
1.720000000000000049e-07
1.999999999999999909e-07
3.639999999999999772e-07
1.475999999999999929e-06
6.039999999999999557e-07
2.239999999999999941e-07
2.080000000000000096e-07
1.975999999999999800e-06
3.800000000000000146e-07
4.599999999999999898e-07
3.399999999999999740e-07
5.999999999999999464e-08
6.400000000000000399e-08
1.640000000000000127e-07
3.359999999999999911e-07
1.260000000000000007e-06
6.400000000000000399e-08
3.040000000000000222e-07
1.523999999999999935e-06
6.400000000000000399e-08
6.800000000000000010e-08
7.199999999999999621e-08
9.200000000000000325e-08
9.599999999999999936e-08
1.199999999999999893e-07
1.239999999999999986e-07
1.480000000000000018e-07
1.520000000000000111e-07
1.720000000000000049e-07
1.759999999999999878e-07
1.999999999999999909e-07
2.040000000000000003e-07
2.280000000000000034e-07
2.399999999999999786e-07
2.519999999999999801e-07
2.560000000000000159e-07
1.960000000000000081e-07
2.827999999999999859e-06
2.832000000000000160e-06
2.836000000000000037e-06
2.839999999999999914e-06
4.920000000000000116e-07
2.320000000000000128e-07
9.479999999999999656e-07
1.679999999999999956e-07
1.024000000000000064e-06
4.479999999999999882e-07
3.239999999999999896e-07
6.400000000000000399e-08
1.608000000000000105e-06
1.239999999999999986e-07
2.280000000000000034e-07
6.400000000000000399e-08
6.400000000000000399e-08
2.800000000000000191e-07
2.560000000000000159e-07
2.119999999999999925e-07
2.999999999999999864e-07
1.960000000000000081e-07
1.571999999999999942e-06
5.239999999999999805e-07
6.400000000000000399e-08
6.400000000000000399e-08
2.200000000000000112e-07
1.188000000000000103e-06
1.067999999999999981e-06
6.400000000000000399e-08
6.400000000000000399e-08
4.816000000000000138e-06
6.400000000000000399e-08
2.320000000000000128e-07
3.372000000000000072e-06
1.108000000000000022e-06
1.111999999999999899e-06
7.640000000000000120e-07
1.224000000000000055e-06
4.160000000000000193e-07
1.340000000000000088e-06
6.400000000000000399e-08
1.492000000000000072e-06
1.376000000000000039e-06
1.528000000000000024e-06
4.320000000000000037e-07
1.919999999999999987e-07
1.960000000000000081e-07
1.999999999999999909e-07
6.400000000000000399e-08
6.400000000000000399e-08
1.280000000000000080e-07
4.080000000000000006e-07
6.400000000000000399e-08
5.999999999999999464e-08
6.400000000000000399e-08
9.200000000000000325e-08
1.199999999999999893e-07
1.399999999999999937e-06
1.679999999999999956e-07
6.400000000000000399e-08
4.320000000000000037e-07
4.759999999999999742e-07
3.239999999999999896e-07
1.540000000000000079e-06
2.256000000000000084e-06
6.920000000000000026e-07
1.035999999999999907e-06
6.400000000000000399e-08
1.720000000000000049e-07
1.759999999999999878e-07
1.799999999999999971e-07
1.840000000000000065e-07
1.879999999999999894e-07
1.919999999999999987e-07
1.960000000000000081e-07
2.040000000000000003e-07
2.080000000000000096e-07
2.119999999999999925e-07
2.160000000000000019e-07
2.359999999999999957e-07
2.399999999999999786e-07
2.639999999999999817e-07
3.440000000000000098e-07
6.800000000000000010e-08
6.400000000000000399e-08
2.359999999999999957e-07
2.560000000000000159e-07
1.072000000000000070e-06
6.400000000000000399e-08
6.039999999999999557e-07
6.400000000000000399e-08
6.400000000000000399e-08
6.800000000000000010e-08
3.239999999999999896e-07
3.280000000000000254e-07
3.320000000000000083e-07
2.200000000000000112e-07
3.879999999999999803e-07
6.400000000000000399e-08
6.800000000000000010e-08
9.200000000000000325e-08
9.599999999999999936e-08
1.199999999999999893e-07
1.239999999999999986e-07
1.480000000000000018e-07
1.720000000000000049e-07
2.800000000000000191e-07
5.440000000000000008e-07
6.400000000000000399e-08
3.560000000000000114e-07
6.400000000000000399e-08
9.200000000000000325e-08
1.199999999999999893e-07
1.439999999999999924e-07
1.123999999999999953e-06
1.960000000000000081e-07
1.999999999999999909e-07
2.759999999999999833e-07
6.400000000000000399e-08
1.335999999999999999e-06
6.400000000000000399e-08
5.440000000000000008e-07
5.999999999999999464e-08
6.400000000000000399e-08
2.599999999999999988e-07
1.239999999999999986e-07
2.280000000000000034e-07
6.400000000000000399e-08
1.199999999999999893e-07
1.960000000000000081e-07
6.975999999999999786e-06
1.576000000000000030e-06
5.999999999999999464e-08
6.400000000000000399e-08
6.800000000000000010e-08
9.599999999999999936e-08
6.400000000000000399e-08
4.359999999999999866e-07
2.759999999999999833e-07
5.999999999999999464e-08
3.512000000000000002e-06
7.360000000000000260e-07
2.268000000000000139e-06
6.800000000000000010e-08
6.400000000000000399e-08
9.200000000000000325e-08
2.040000000000000003e-07
2.280000000000000034e-07
1.080000000000000036e-06
5.400000000000000179e-07
5.440000000000000008e-07
6.279999999999999589e-07
6.320000000000000476e-07
6.400000000000000134e-07
6.880000000000000197e-07
3.479999999999999927e-07
6.400000000000000399e-08
6.800000000000000010e-08
8.799999999999999390e-08
9.200000000000000325e-08
9.599999999999999936e-08
1.160000000000000064e-07
1.199999999999999893e-07
1.439999999999999924e-07
1.480000000000000018e-07
1.720000000000000049e-07
1.999999999999999909e-07
2.759999999999999833e-07
1.404000000000000025e-06
2.080000000000000096e-07
6.400000000000000399e-08
2.479999999999999972e-07
6.400000000000000399e-08
6.800000000000000010e-08
9.200000000000000325e-08
9.599999999999999936e-08
1.160000000000000064e-07
1.199999999999999893e-07
1.480000000000000018e-07
2.479999999999999972e-07
2.011999999999999964e-06
9.599999999999999936e-08
1.416000000000000080e-06
2.999999999999999864e-07
6.400000000000000399e-08
1.239999999999999986e-07
6.400000000000000399e-08
6.800000000000000010e-08
7.199999999999999621e-08
9.200000000000000325e-08
9.599999999999999936e-08
1.199999999999999893e-07
1.239999999999999986e-07
1.480000000000000018e-07
1.720000000000000049e-07
1.759999999999999878e-07
1.919999999999999987e-07
6.679999999999999994e-07
6.400000000000000399e-08
1.044000000000000084e-06
1.960000000000000081e-07
2.840000000000000020e-07
1.216000000000000089e-06
6.239999999999999760e-07
1.411999999999999991e-06
1.931999999999999883e-06
7.120000000000000228e-07
7.160000000000000057e-07
7.199999999999999886e-07
7.239999999999999715e-07
7.279999999999999544e-07
7.320000000000000431e-07
7.360000000000000260e-07
7.479999999999999746e-07
7.560000000000000463e-07
7.759999999999999606e-07
9.040000000000000480e-07
9.080000000000000309e-07
2.280000000000000034e-07
6.400000000000000399e-08
8.799999999999999390e-08
4.799999999999999571e-07
8.080000000000000354e-07
8.120000000000000183e-07
8.160000000000000012e-07
8.199999999999999841e-07
8.239999999999999669e-07
2.280000000000000034e-07
2.680000000000000175e-07
3.208000000000000033e-06
6.400000000000000399e-08
1.879999999999999894e-07
1.371999999999999951e-06
9.599999999999999936e-08
4.840000000000000459e-07
6.400000000000000399e-08
2.239999999999999941e-07
9.320000000000000341e-07
5.999999999999999464e-08
6.400000000000000399e-08
8.799999999999999390e-08
9.200000000000000325e-08
1.160000000000000064e-07
1.199999999999999893e-07
1.439999999999999924e-07
1.720000000000000049e-07
2.239999999999999941e-07
2.280000000000000034e-07
2.599999999999999988e-07
5.199999999999999976e-07
5.880000000000000242e-07
6.959999999999999854e-07
2.736000000000000147e-06
2.740000000000000024e-06
2.743999999999999901e-06
2.748000000000000202e-06
2.752000000000000079e-06
2.755999999999999956e-06
2.759999999999999833e-06
2.771999999999999887e-06
2.780000000000000065e-06
2.799999999999999873e-06
2.804000000000000174e-06
2.827999999999999859e-06
2.855999999999999845e-06
3.599999999999999943e-07
3.115999999999999897e-06
2.479999999999999972e-07
6.600000000000000337e-07
6.400000000000000399e-08
6.800000000000000010e-08
9.599999999999999936e-08
9.320000000000000341e-07
6.800000000000000010e-08
5.200000000000000241e-08
2.519999999999999801e-07
1.760000000000000090e-06
2.759999999999999833e-07
1.872000000000000034e-06
1.439999999999999924e-07
6.400000000000000399e-08
5.519999999999999666e-07
6.400000000000000399e-08
1.707999999999999995e-06
7.959999999999999809e-07
3.160000000000000238e-07
3.320000000000000083e-07
1.563999999999999976e-06
4.999999999999999774e-07
2.119999999999999925e-07
5.999999999999999464e-08
6.400000000000000399e-08
1.384000000000000005e-06
1.919999999999999987e-07
6.400000000000000399e-08
1.080000000000000009e-07
1.360000000000000002e-07
3.519999999999999756e-07
6.400000000000000399e-08
6.400000000000000399e-08
9.200000000000000325e-08
1.199999999999999893e-07
2.440000000000000144e-07
5.999999999999999464e-08
1.867999999999999945e-06
2.479999999999999972e-07
6.400000000000000399e-08
6.959999999999999854e-07
1.319999999999999909e-07
6.400000000000000399e-08
3.400000000000000058e-06
3.800000000000000146e-07
1.159999999999999905e-06
1.919999999999999987e-07
3.200000000000000067e-07
2.399999999999999786e-07
6.400000000000000399e-08
8.399999999999999779e-08
8.799999999999999390e-08
9.200000000000000325e-08
9.599999999999999936e-08
2.999999999999999864e-07
1.771999999999999933e-06
1.267999999999999972e-06
6.400000000000000399e-08
6.800000000000000010e-08
9.200000000000000325e-08
9.599999999999999936e-08
1.199999999999999893e-07
1.204000000000000034e-06
1.207999999999999911e-06
1.212000000000000000e-06
1.216000000000000089e-06
2.080000000000000096e-07
1.960000000000000081e-07
2.639999999999999817e-07
3.359999999999999911e-07
1.879999999999999894e-07
6.400000000000000399e-08
6.800000000000000010e-08
9.200000000000000325e-08
1.199999999999999893e-07
6.800000000000000010e-08
7.160000000000000057e-07
6.400000000000000399e-08
2.460000000000000164e-06
6.400000000000000399e-08
6.800000000000000010e-08
7.199999999999999621e-08
9.599999999999999936e-08
1.199999999999999893e-07
6.400000000000000399e-08
6.400000000000000399e-08
6.600000000000000337e-07
8.279999999999999498e-07
5.999999999999999464e-08
2.320000000000000128e-07
1.055999999999999927e-06
1.060000000000000016e-06
1.960000000000000081e-07
2.519999999999999801e-07
2.800000000000000191e-07
4.084000000000000201e-06
1.239999999999999986e-07
5.999999999999999464e-08
9.919999999999999890e-07
1.060000000000000016e-06
3.479999999999999927e-07
6.800000000000000010e-08
1.319999999999999909e-07
1.520000000000000058e-06
6.800000000000000010e-08
4.560000000000000069e-07
1.232000000000000020e-06
1.360000000000000002e-07
6.400000000000000399e-08
2.720000000000000004e-07
2.720000000000000004e-07
5.799999999999999526e-07
5.999999999999999464e-08
6.400000000000000399e-08
2.800000000000000191e-07
7.840000000000000323e-07
2.960000000000000035e-07
6.400000000000000399e-08
6.800000000000000010e-08
1.799999999999999971e-07
1.204000000000000034e-06
3.399999999999999740e-07
1.760000000000000090e-06
5.880000000000000242e-07
1.047999999999999961e-06
6.400000000000000399e-08
6.800000000000000010e-08
9.200000000000000325e-08
2.920000000000000207e-07
6.400000000000000399e-08
1.280000000000000080e-07
6.400000000000000399e-08
6.400000000000000399e-08
6.800000000000000010e-08
5.999999999999999464e-08
6.400000000000000399e-08
8.799999999999999390e-08
9.200000000000000325e-08
1.160000000000000064e-07
1.439999999999999924e-07
9.200000000000000325e-08
6.400000000000000399e-08
2.560000000000000159e-07
7.600000000000000291e-07
6.400000000000000399e-08
6.800000000000000010e-08
2.280000000000000034e-07
2.160000000000000019e-07
6.400000000000000399e-08
5.999999999999999464e-08
9.439999999999999827e-07
3.280000000000000254e-07
3.999999999999999819e-07
4.920000000000000116e-07
1.879999999999999894e-07
2.479999999999999972e-07
1.759999999999999878e-07
1.999999999999999909e-07
1.999999999999999909e-07
3.311999999999999799e-06
3.316000000000000100e-06
3.319999999999999977e-06
3.323999999999999854e-06
1.520000000000000111e-07
1.239999999999999986e-06
6.400000000000000399e-08
3.599999999999999943e-07
2.083999999999999868e-06
5.039999999999999603e-07
6.800000000000000010e-08
1.799999999999999971e-07
4.239999999999999850e-07
6.400000000000000399e-08
6.800000000000000010e-08
9.200000000000000325e-08
9.599999999999999936e-08
1.199999999999999893e-07
1.480000000000000018e-07
1.759999999999999878e-07
1.156000000000000028e-06
1.759999999999999878e-07
2.759999999999999833e-07
6.800000000000000010e-08
7.560000000000000463e-07
5.999999999999999464e-08
6.400000000000000399e-08
2.999999999999999864e-07
6.400000000000000399e-08
2.920000000000000207e-07
2.599999999999999988e-07
4.200000000000000022e-07
1.319999999999999909e-07
1.919999999999999987e-07
2.011999999999999964e-06
6.400000000000000399e-08
2.280000000000000034e-07
1.131999999999999919e-06
6.400000000000000399e-08
4.599999999999999898e-07
9.960000000000000777e-07
6.400000000000000399e-08
1.487999999999999983e-06
1.879999999999999894e-07
6.400000000000000399e-08
6.799999999999999481e-07
6.400000000000000399e-08
2.560000000000000159e-07
6.400000000000000399e-08
9.200000000000000325e-08
2.239999999999999941e-07
1.616000000000000071e-06
2.239999999999999941e-07
2.720000000000000004e-07
2.024000000000000019e-06
2.680000000000000175e-07
6.400000000000000399e-08
3.200000000000000067e-07
2.207999999999999866e-06
9.200000000000000325e-08
2.200000000000000112e-07
6.400000000000000399e-08
5.999999999999999464e-08
8.799999999999999390e-08
1.400000000000000095e-07
1.679999999999999956e-07
1.720000000000000049e-07
6.719999999999999823e-07
1.840000000000000065e-07
3.160000000000000238e-07
1.664000000000000077e-06
6.800000000000000010e-08
6.400000000000000399e-08
5.999999999999999464e-08
9.200000000000000325e-08
1.160000000000000064e-07
6.400000000000000399e-08
6.400000000000000399e-08
1.212000000000000000e-06
6.400000000000000399e-08
6.800000000000000010e-08
9.200000000000000325e-08
1.199999999999999893e-07
2.599999999999999988e-07
1.264000000000000095e-06
2.680000000000000175e-07
4.599999999999999898e-07
6.400000000000000399e-08
6.800000000000000010e-08
9.200000000000000325e-08
9.599999999999999936e-08
1.199999999999999893e-07
1.239999999999999986e-07
1.439999999999999924e-07
1.480000000000000018e-07
1.720000000000000049e-07
1.759999999999999878e-07
1.999999999999999909e-07
9.479999999999999656e-07
2.680000000000000175e-07
6.400000000000000399e-08
6.800000000000000010e-08
9.200000000000000325e-08
9.599999999999999936e-08
1.199999999999999893e-07
1.239999999999999986e-07
1.480000000000000018e-07
1.999999999999999909e-07
1.960000000000000081e-07
8.120000000000000183e-07
2.200000000000000112e-07
5.999999999999999464e-08
6.400000000000000399e-08
6.800000000000000010e-08
9.200000000000000325e-08
9.599999999999999936e-08
1.199999999999999893e-07
1.439999999999999924e-07
1.480000000000000018e-07
1.999999999999999909e-07
2.092000000000000045e-06
6.400000000000000399e-08
6.800000000000000010e-08
1.799999999999999971e-07
5.999999999999999464e-08
6.279999999999999589e-07
8.400000000000000043e-07
5.440000000000000008e-07
6.400000000000000399e-08
9.200000000000000325e-08
8.400000000000000043e-07
6.800000000000000010e-08
4.239999999999999850e-07
6.400000000000000399e-08
2.440000000000000144e-07
3.839999999999999657e-06
3.800000000000000146e-07
6.400000000000000399e-08
6.800000000000000010e-08
7.199999999999999621e-08
1.608000000000000105e-06
6.400000000000000399e-08
1.280000000000000080e-07
3.959999999999999990e-07
3.839999999999999974e-07
1.759999999999999878e-07
2.244000000000000030e-06
6.400000000000000399e-08
2.048000000000000128e-06
6.400000000000000399e-08
5.999999999999999464e-08
6.400000000000000399e-08
1.919999999999999987e-07
8.239999999999999669e-07
5.999999999999999464e-08
6.239999999999999760e-07
6.400000000000000399e-08
6.800000000000000010e-08
1.399999999999999937e-06
3.280000000000000254e-07
1.199999999999999893e-07
2.639999999999999817e-07
2.040000000000000003e-07
6.400000000000000399e-08
4.200000000000000022e-07
9.159999999999999967e-07
6.400000000000000399e-08
5.523999999999999966e-06
5.528000000000000267e-06
5.531999999999999720e-06
5.536000000000000021e-06
6.400000000000000399e-08
2.239999999999999941e-07
3.239999999999999896e-07
6.400000000000000399e-08
2.759999999999999833e-07
5.999999999999999464e-08
6.400000000000000399e-08
5.440000000000000008e-07
5.999999999999999464e-08
6.400000000000000399e-08
1.303999999999999924e-06
6.400000000000000399e-08
9.200000000000000325e-08
9.599999999999999936e-08
1.199999999999999893e-07
1.280000000000000080e-07
1.759999999999999878e-07
7.239999999999999715e-07
5.999999999999999464e-08
6.400000000000000399e-08
9.200000000000000325e-08
1.199999999999999893e-07
1.239999999999999986e-07
6.400000000000000399e-08
2.280000000000000034e-07
2.280000000000000034e-07
7.679999999999999949e-07
6.400000000000000399e-08
6.800000000000000010e-08
6.400000000000000399e-08
2.479999999999999972e-07
2.519999999999999801e-07
2.359999999999999957e-07
2.639999999999999817e-07
2.960000000000000035e-07
1.300000000000000047e-06
1.503999999999999915e-06
5.999999999999999464e-08
4.440000000000000053e-07
1.840000000000000065e-07
7.679999999999999949e-07
6.400000000000000399e-08
9.200000000000000325e-08
1.199999999999999893e-07
6.800000000000000010e-08
6.400000000000000399e-08
5.559999999999999494e-07
6.400000000000000399e-08
3.080000000000000051e-07
6.400000000000000399e-08
3.879999999999999803e-07
3.920000000000000161e-07
3.959999999999999990e-07
3.999999999999999819e-07
4.040000000000000177e-07
6.400000000000000399e-08
6.679999999999999994e-07
1.475999999999999929e-06
6.239999999999999760e-07
2.519999999999999801e-07
5.479999999999999837e-07
2.280000000000000034e-07
6.400000000000000399e-08
5.999999999999999464e-08
1.636000000000000091e-06
6.400000000000000399e-08
5.239999999999999805e-07
6.400000000000000399e-08
6.800000000000000010e-08
1.359999999999999896e-06
1.371999999999999951e-06
6.400000000000000399e-08
3.267999999999999882e-06
3.272000000000000182e-06
3.276000000000000059e-06
3.279999999999999936e-06
3.283999999999999813e-06
1.115999999999999988e-06
6.800000000000000010e-08
9.599999999999999936e-08
1.740000000000000069e-06
2.107999999999999977e-06
2.111999999999999854e-06
2.116000000000000154e-06
2.120000000000000031e-06
2.123999999999999908e-06
2.128000000000000209e-06
2.132000000000000086e-06
2.144000000000000140e-06
2.148000000000000017e-06
2.151999999999999894e-06
1.319999999999999909e-07
3.160000000000000238e-07
6.800000000000000010e-08
2.080000000000000096e-07
6.400000000000000399e-08
9.200000000000000325e-08
2.071999999999999813e-06
1.171999999999999960e-06
1.356000000000000019e-06
2.759999999999999833e-07
6.800000000000000010e-08
9.200000000000000325e-08
2.128000000000000209e-06
5.920000000000000071e-07
1.032000000000000030e-06
1.287999999999999993e-06
8.560000000000000417e-07
1.919999999999999987e-07
5.999999999999999464e-08
1.559999999999999940e-07
9.120000000000000138e-07
6.400000000000000399e-08
9.200000000000000325e-08
1.199999999999999893e-07
1.160000000000000064e-07
4.595999999999999703e-06
4.600000000000000004e-06
6.400000000000000399e-08
8.799999999999999390e-08
9.200000000000000325e-08
1.160000000000000064e-07
3.599999999999999943e-07
1.072000000000000070e-06
2.080000000000000096e-07
2.119999999999999925e-07
6.400000000000000399e-08
9.200000000000000325e-08
9.640000000000000030e-07
9.680000000000000917e-07
9.719999999999999687e-07
9.760000000000000575e-07
9.799999999999999345e-07
9.840000000000000232e-07
9.879999999999999002e-07
9.960000000000000777e-07
9.999999999999999547e-07
1.004000000000000044e-06
1.007999999999999921e-06
1.027999999999999941e-06
1.032000000000000030e-06
1.035999999999999907e-06
1.055999999999999927e-06
1.060000000000000016e-06
1.083999999999999913e-06
1.108000000000000022e-06
1.111999999999999899e-06
1.136000000000000008e-06
1.163999999999999994e-06
3.759999999999999788e-07
6.800000000000000010e-08
1.960000000000000081e-07
1.359999999999999896e-06
6.400000000000000399e-08
6.400000000000000399e-08
9.200000000000000325e-08
9.200000000000000325e-08
5.640000000000000211e-07
6.400000000000000399e-08
6.800000000000000010e-08
9.200000000000000325e-08
1.199999999999999893e-07
1.439999999999999924e-07
6.400000000000000399e-08
1.551999999999999921e-06
6.400000000000000399e-08
9.200000000000000325e-08
1.199999999999999893e-07
6.800000000000000010e-08
6.999999999999999683e-07
2.376000000000000206e-06
5.999999999999999464e-08
1.960000000000000081e-07
5.279999999999999634e-07
4.719999999999999913e-07
5.999999999999999464e-08
1.999999999999999909e-07
6.400000000000000399e-08
1.283999999999999904e-06
1.424000000000000046e-06
6.400000000000000399e-08
6.800000000000000010e-08
9.200000000000000325e-08
1.199999999999999893e-07
1.600000000000000033e-07
1.720000000000000049e-07
1.999999999999999909e-07
3.440000000000000098e-07
2.399999999999999786e-07
2.519999999999999801e-07
4.160000000000000193e-07
6.920000000000000026e-07
6.400000000000000399e-08
8.880000000000000106e-07
5.999999999999999464e-08
2.200000000000000112e-07
4.640000000000000256e-07
2.479999999999999972e-07
6.400000000000000399e-08
6.400000000000000399e-08
1.503999999999999915e-06
2.639999999999999817e-07
2.720000000000000004e-07
1.983999999999999978e-06
2.800000000000000191e-07
1.735999999999999981e-06
6.400000000000000399e-08
2.280000000000000193e-06
3.800000000000000146e-07
5.999999999999999464e-08
6.400000000000000399e-08
6.800000000000000010e-08
8.799999999999999390e-08
9.200000000000000325e-08
1.199999999999999893e-07
1.439999999999999924e-07
2.239999999999999941e-07
6.400000000000000399e-08
9.200000000000000325e-08
5.999999999999999464e-08
6.400000000000000399e-08
6.800000000000000010e-08
8.799999999999999390e-08
9.200000000000000325e-08
1.199999999999999893e-07
2.380000000000000083e-06
3.040000000000000222e-07
5.999999999999999464e-08
2.280000000000000034e-07
2.479999999999999972e-07
5.759999999999999697e-07
2.015999999999999841e-06
2.599999999999999988e-07
6.400000000000000399e-08
1.280000000000000080e-07
2.200000000000000112e-07
3.839999999999999974e-07
1.163999999999999994e-06
3.399999999999999740e-07
2.040000000000000003e-07
3.119999999999999880e-07
3.160000000000000238e-07
2.800000000000000191e-07
6.800000000000000010e-08
5.999999999999999464e-08
6.400000000000000399e-08
8.799999999999999390e-08
9.200000000000000325e-08
1.439999999999999924e-07
1.480000000000000018e-07
2.280000000000000034e-07
6.199999999999999931e-07
2.119999999999999925e-07
2.404000000000000192e-06
6.400000000000000399e-08
2.479999999999999972e-07
1.239999999999999986e-07
1.439999999999999924e-07
6.959999999999999854e-07
2.071999999999999813e-06
6.800000000000000010e-08
7.199999999999999621e-08
1.199999999999999893e-07
2.876000000000000077e-06
2.119999999999999925e-07
6.400000000000000399e-08
1.280000000000000080e-07
6.519999999999999620e-07
8.160000000000000012e-07
1.759999999999999878e-07
5.999999999999999464e-08
6.400000000000000399e-08
9.200000000000000325e-08
1.160000000000000064e-07
1.439999999999999924e-07
6.959999999999999854e-07
6.999999999999999683e-07
7.039999999999999512e-07
7.080000000000000400e-07
7.120000000000000228e-07
7.320000000000000431e-07
2.519999999999999801e-07
9.999999999999999547e-08
7.199999999999999621e-08
7.600000000000000556e-08
8.000000000000000167e-08
8.399999999999999779e-08
8.799999999999999390e-08
7.239999999999999715e-07
6.400000000000000399e-08
5.759999999999999697e-07
6.800000000000000010e-08
1.548000000000000044e-06
2.759999999999999833e-07
6.400000000000000399e-08
2.280000000000000034e-07
5.600000000000000382e-07
2.239999999999999941e-07
1.879999999999999894e-07
1.360000000000000002e-07
3.280000000000000254e-07
8.759999999999999561e-07
2.399999999999999786e-07
3.879999999999999803e-07
6.400000000000000399e-08
6.800000000000000010e-08
9.200000000000000325e-08
5.360000000000000350e-07
1.455999999999999909e-06
5.999999999999999464e-08
1.044000000000000084e-06
5.160000000000000148e-07
6.400000000000000399e-08
6.400000000000000399e-08
6.800000000000000010e-08
7.323999999999999673e-06
6.400000000000000399e-08
6.800000000000000010e-08
1.847999999999999925e-06
4.040000000000000177e-07
2.680000000000000175e-07
6.400000000000000399e-08
1.559999999999999940e-07
6.400000000000000399e-08
1.879999999999999894e-07
1.799999999999999971e-07
1.840000000000000065e-07
1.799999999999999971e-07
6.400000000000000399e-08
1.032000000000000030e-06
5.999999999999999464e-08
7.320000000000000431e-07
6.400000000000000399e-08
1.360000000000000002e-07
1.368000000000000074e-06
6.400000000000000399e-08
9.599999999999999142e-07
6.400000000000000399e-08
4.999999999999999774e-07
9.360000000000000169e-07
2.200000000000000112e-07
4.200000000000000022e-07
2.239999999999999941e-07
2.720000000000000004e-07
1.363999999999999985e-06
2.239999999999999941e-07
3.999999999999999819e-07
5.999999999999999464e-08
2.399999999999999786e-07
6.400000000000000399e-08
2.160000000000000019e-07
6.400000000000000399e-08
6.400000000000000399e-08
9.200000000000000325e-08
6.400000000000000399e-08
6.400000000000000399e-08
6.400000000000000399e-08
5.279999999999999634e-07
6.400000000000000399e-08
2.560000000000000159e-07
6.400000000000000399e-08
1.720000000000000049e-07
1.759999999999999878e-07
4.400000000000000224e-07
1.239999999999999986e-07
7.919999999999999980e-07
1.439999999999999924e-07
6.400000000000000399e-08
9.599999999999999936e-08
5.999999999999999464e-08
6.400000000000000399e-08
6.800000000000000010e-08
9.200000000000000325e-08
1.199999999999999893e-07
1.439999999999999924e-07
2.759999999999999833e-07
2.163999999999999949e-06
1.571999999999999942e-06
6.400000000000000399e-08
1.280000000000000080e-07
8.919999999999999935e-07
1.407999999999999902e-06
6.400000000000000399e-08
2.320000000000000128e-07
2.399999999999999891e-06
1.216000000000000089e-06
6.400000000000000399e-08
1.960000000000000081e-07
3.239999999999999896e-07
2.619999999999999903e-06
2.624000000000000203e-06
2.628000000000000080e-06
2.635999999999999834e-06
1.275999999999999938e-06
2.560000000000000159e-07
2.720000000000000004e-07
1.360000000000000002e-07
5.039999999999999603e-07
3.320000000000000083e-07
4.200000000000000022e-07
6.439999999999999963e-07
2.999999999999999864e-07
5.999999999999999464e-08
1.583999999999999996e-06
1.400000000000000095e-07
8.040000000000000526e-07
3.519999999999999756e-07
3.800000000000000146e-07
3.839999999999999974e-07
6.400000000000000399e-08
4.759999999999999742e-07
1.799999999999999971e-07
6.400000000000000399e-08
6.800000000000000010e-08
9.599999999999999936e-08
3.839999999999999974e-07
4.440000000000000053e-07
2.759999999999999833e-07
1.611999999999999982e-06
6.400000000000000399e-08
3.879999999999999803e-07
4.280000000000000209e-07
6.400000000000000399e-08
2.200000000000000112e-07
6.400000000000000399e-08
7.199999999999999621e-08
9.200000000000000325e-08
9.599999999999999936e-08
1.199999999999999893e-07
1.679999999999999956e-07
2.359999999999999957e-07
5.999999999999999464e-08
2.404000000000000192e-06
6.400000000000000399e-08
6.800000000000000010e-08
9.200000000000000325e-08
1.199999999999999893e-07
4.640000000000000256e-07
5.999999999999999464e-08
1.280000000000000080e-07
1.748000000000000035e-06
2.720000000000000004e-07
1.439999999999999924e-07
1.480000000000000018e-07
1.664000000000000077e-06
7.239999999999999715e-07
2.960000000000000035e-07
6.400000000000000399e-08
9.200000000000000325e-08
6.400000000000000399e-08
9.200000000000000325e-08
2.879999999999999848e-07
9.999999999999999547e-08
6.400000000000000399e-08
6.400000000000000399e-08
2.320000000000000128e-07
4.999999999999999774e-07
6.279999999999999589e-07
6.400000000000000399e-08
7.279999999999999544e-07
5.999999999999999464e-08
1.199999999999999893e-07
9.599999999999999936e-08
1.436000000000000100e-06
6.400000000000000399e-08
2.239999999999999941e-07
1.452000000000000032e-06
6.400000000000000399e-08
2.999999999999999864e-07
3.040000000000000222e-07
6.400000000000000399e-08
6.800000000000000010e-08
9.599999999999999936e-08
1.160000000000000064e-07
1.439999999999999924e-07
1.563999999999999976e-06
2.680000000000000175e-07
2.999999999999999864e-07
3.839999999999999974e-07
6.800000000000000010e-08
9.599999999999999936e-08
2.720000000000000004e-07
6.400000000000000399e-08
9.200000000000000325e-08
4.959999999999999945e-07
5.959999999999999900e-07
6.400000000000000399e-08
1.319999999999999909e-07
2.080000000000000096e-07
2.184000000000000181e-06
6.400000000000000399e-08
1.219999999999999966e-06
6.400000000000000399e-08
2.800000000000000191e-07
5.160000000000000148e-07
6.400000000000000399e-08
6.800000000000000010e-08
9.200000000000000325e-08
5.160000000000000148e-07
6.400000000000000399e-08
5.719999999999999868e-07
3.560000000000000114e-07
3.599999999999999943e-07
3.639999999999999772e-07
3.680000000000000130e-07
3.719999999999999959e-07
4.959999999999999945e-07
5.999999999999999464e-08
2.200000000000000112e-07
6.800000000000000010e-08
3.239999999999999896e-07
2.519999999999999801e-07
5.799999999999999526e-07
6.400000000000000399e-08
4.440000000000000053e-07
4.160000000000000193e-07
6.199999999999999931e-07
1.035999999999999907e-06
5.999999999999999464e-08
6.400000000000000399e-08
6.800000000000000010e-08
1.275999999999999938e-06
6.400000000000000399e-08
9.200000000000000325e-08
9.599999999999999936e-08
1.239999999999999986e-07
6.400000000000000399e-08
9.200000000000000325e-08
6.400000000000000399e-08
5.999999999999999464e-08
6.400000000000000399e-08
8.799999999999999390e-08
6.400000000000000399e-08
6.800000000000000010e-08
1.160000000000000064e-07
1.199999999999999893e-07
7.479999999999999746e-07
6.400000000000000399e-08
2.840000000000000020e-07
3.119999999999999880e-07
6.400000000000000399e-08
6.400000000000000399e-08
1.319999999999999909e-07
2.479999999999999972e-07
6.400000000000000399e-08
1.083999999999999913e-06
1.160000000000000064e-07
6.400000000000000399e-08
9.200000000000000325e-08
6.400000000000000399e-08
2.239999999999999941e-07
6.400000000000000399e-08
1.560000000000000099e-06
2.440000000000000144e-07
2.399999999999999786e-07
7.600000000000000291e-07
2.440000000000000144e-07
1.295999999999999958e-06
2.280000000000000034e-07
1.204000000000000034e-06
2.200000000000000112e-07
3.320000000000000083e-07
2.020000000000000142e-06
6.120000000000000274e-07
2.239999999999999941e-07
1.411999999999999991e-06
1.416000000000000080e-06
1.419999999999999957e-06
1.424000000000000046e-06
1.427999999999999923e-06
6.400000000000000399e-08
6.080000000000000445e-07
1.400000000000000095e-07
1.759999999999999878e-07
6.400000000000000399e-08
2.720000000000000004e-07
2.759999999999999833e-07
2.800000000000000191e-07
2.840000000000000020e-07
2.879999999999999848e-07
2.920000000000000207e-07
2.960000000000000035e-07
3.040000000000000222e-07
3.119999999999999880e-07
3.160000000000000238e-07
3.320000000000000083e-07
3.359999999999999911e-07
3.639999999999999772e-07
3.879999999999999803e-07
3.920000000000000161e-07
4.160000000000000193e-07
4.200000000000000022e-07
6.400000000000000399e-08
1.019999999999999975e-06
1.879999999999999894e-07
6.400000000000000399e-08
9.200000000000000325e-08
5.440000000000000008e-07
2.639999999999999817e-07
1.600000000000000033e-07
6.239999999999999760e-07
6.400000000000000399e-08
6.800000000000000010e-08
1.235999999999999897e-06
1.799999999999999971e-07
1.799999999999999971e-07
6.400000000000000399e-08
6.400000000000000399e-08
4.359999999999999866e-07
2.519999999999999801e-07
5.999999999999999464e-08
8.320000000000000386e-07
5.999999999999999464e-08
6.400000000000000399e-08
9.200000000000000325e-08
1.123999999999999953e-06
6.400000000000000399e-08
1.919999999999999987e-07
2.599999999999999988e-07
4.440000000000000053e-07
4.400000000000000224e-07
2.359999999999999957e-07
6.400000000000000399e-08
8.799999999999999390e-08
9.200000000000000325e-08
6.400000000000000399e-08
2.999999999999999864e-07
2.040000000000000003e-07
9.200000000000000325e-08
1.579999999999999907e-06
6.800000000000000010e-08
6.400000000000000399e-08
1.836000000000000082e-06
2.984000000000000144e-06
6.400000000000000399e-08
9.200000000000000325e-08
6.400000000000000399e-08
9.200000000000000325e-08
1.160000000000000064e-07
2.960000000000000035e-07
1.556000000000000010e-06
1.239999999999999986e-07
1.280000000000000080e-07
2.759999999999999833e-07
6.800000000000000010e-08
1.252000000000000041e-06
5.999999999999999464e-08
5.999999999999999464e-08
6.800000000000000010e-08
6.400000000000000399e-08
1.943999999999999937e-06
6.400000000000000399e-08
2.095999999999999922e-06
6.400000000000000399e-08
2.560000000000000159e-07
2.119999999999999925e-07
6.400000000000000399e-08
6.759999999999999652e-07
8.679999999999999904e-07
1.360000000000000002e-07
1.400000000000000095e-07
8.759999999999999561e-07
2.080000000000000096e-07
1.295999999999999958e-06
5.039999999999999603e-07
5.999999999999999464e-08
6.400000000000000399e-08
1.960000000000000081e-07
2.519999999999999801e-07
5.999999999999999464e-08
1.292000000000000081e-06
4.520000000000000240e-07
3.560000000000000114e-07
8.759999999999999561e-07
4.560000000000000069e-07
1.879999999999999894e-07
1.640000000000000127e-07
6.400000000000000399e-08
6.800000000000000010e-08
7.199999999999999621e-08
9.200000000000000325e-08
9.599999999999999936e-08
1.199999999999999893e-07
1.480000000000000018e-07
1.360000000000000002e-07
8.360000000000000215e-07
6.400000000000000399e-08
2.599999999999999988e-07
2.680000000000000175e-07
6.400000000000000399e-08
1.659999999999999988e-06
6.400000000000000399e-08
6.400000000000000399e-08
6.400000000000000399e-08
3.560000000000000114e-07
3.599999999999999943e-07
4.920000000000000328e-06
4.923999999999999781e-06
4.928000000000000082e-06
4.932000000000000382e-06
4.935999999999999836e-06
4.940000000000000136e-06
4.943999999999999590e-06
4.952000000000000191e-06
4.955999999999999644e-06
4.964000000000000245e-06
4.984000000000000054e-06
3.239999999999999896e-07
6.800000000000000010e-08
3.040000000000000222e-07
8.799999999999999390e-08
6.400000000000000399e-08
6.800000000000000010e-08
8.799999999999999390e-08
9.200000000000000325e-08
1.199999999999999893e-07
1.235999999999999897e-06
1.239999999999999986e-06
6.400000000000000399e-08
1.960000000000000081e-07
6.400000000000000399e-08
5.999999999999999464e-08
1.199999999999999893e-07
5.320000000000000522e-07
2.320000000000000128e-07
6.320000000000000476e-07
7.800000000000000494e-07
4.479999999999999882e-07
5.759999999999999909e-06
5.764000000000000209e-06
5.767999999999999663e-06
5.771999999999999963e-06
1.319999999999999909e-07
2.280000000000000034e-07
6.400000000000000399e-08
5.999999999999999464e-08
5.999999999999999464e-08
9.200000000000000325e-08
6.719999999999999823e-07
4.680000000000000085e-07
2.239999999999999941e-07
5.120000000000000319e-07
6.120000000000000274e-07
1.604000000000000016e-06
2.172000000000000126e-06
6.400000000000000399e-08
2.720000000000000004e-07
6.400000000000000399e-08
1.255999999999999918e-06
5.999999999999999464e-08
9.200000000000000325e-08
2.639999999999999817e-07
6.400000000000000399e-08
2.327999999999999988e-06
6.400000000000000399e-08
5.999999999999999464e-08
5.759999999999999697e-07
6.400000000000000399e-08
1.160000000000000064e-07
5.279999999999999634e-07
2.080000000000000096e-07
6.400000000000000399e-08
2.560000000000000159e-07
1.319999999999999909e-07
5.559999999999999494e-07
6.400000000000000399e-08
6.800000000000000010e-08
9.200000000000000325e-08
2.759999999999999833e-07
1.960000000000000081e-07
6.800000000000000010e-08
2.800000000000000191e-07
1.319999999999999909e-07
3.759999999999999788e-07
1.459999999999999997e-06
6.400000000000000399e-08
1.960000000000000081e-07
6.800000000000000010e-08
7.199999999999999621e-08
9.599999999999999936e-08
1.239999999999999986e-07
1.759999999999999878e-07
1.283999999999999904e-06
1.287999999999999993e-06
6.400000000000000399e-08
6.800000000000000010e-08
9.200000000000000325e-08
6.400000000000000399e-08
3.479999999999999927e-07
2.960000000000000035e-07
1.523999999999999935e-06
3.839999999999999974e-07
1.960000000000000081e-07
5.120000000000000319e-07
1.239999999999999986e-07
5.199999999999999976e-07
6.400000000000000399e-08
1.047999999999999961e-06
1.072000000000000070e-06
1.799999999999999971e-07
8.360000000000000215e-07
5.640000000000000211e-07
6.199999999999999931e-07
6.800000000000000010e-08
9.439999999999999827e-07
1.280000000000000080e-07
5.880000000000000242e-07
1.535999999999999990e-06
5.199999999999999976e-07
5.999999999999999464e-08
1.999999999999999909e-07
1.799999999999999971e-07
2.999999999999999864e-07
6.400000000000000399e-08
6.800000000000000010e-08
9.200000000000000325e-08
3.280000000000000254e-07
1.480000000000000018e-06
6.400000000000000399e-08
9.200000000000000325e-08
9.599999999999999936e-08
7.519999999999999575e-07
1.280000000000000080e-07
6.400000000000000399e-08
4.680000000000000085e-07
5.999999999999999464e-08
5.320000000000000522e-07
6.400000000000000399e-08
1.320000000000000067e-06
2.148000000000000017e-06
1.619999999999999948e-06
1.632000000000000002e-06
6.800000000000000010e-08
1.999999999999999909e-07
6.400000000000000399e-08
9.200000000000000325e-08
1.199999999999999893e-07
1.960000000000000081e-07
5.999999999999999464e-08
6.400000000000000399e-08
5.559999999999999494e-07
6.400000000000000399e-08
6.800000000000000010e-08
8.799999999999999390e-08
9.200000000000000325e-08
1.160000000000000064e-07
1.199999999999999893e-07
1.439999999999999924e-07
1.480000000000000018e-07
6.400000000000000399e-08
6.800000000000000010e-08
7.199999999999999621e-08
9.200000000000000325e-08
9.599999999999999936e-08
1.199999999999999893e-07
1.480000000000000018e-07
2.320000000000000128e-07
2.519999999999999801e-07
1.495999999999999949e-06
2.680000000000000175e-07
7.840000000000000323e-07
1.840000000000000065e-07
2.560000000000000159e-07
7.640000000000000120e-07
1.216000000000000089e-06
6.400000000000000399e-08
6.199999999999999931e-07
6.400000000000000399e-08
2.239999999999999941e-07
3.320000000000000083e-07
9.200000000000000325e-08
6.400000000000000399e-08
3.959999999999999990e-07
1.151999999999999939e-06
6.400000000000000399e-08
2.200000000000000112e-07
6.400000000000000399e-08
1.919999999999999987e-07
1.360000000000000002e-07
5.999999999999999464e-08
6.400000000000000399e-08
6.800000000000000010e-08
8.799999999999999390e-08
1.799999999999999971e-07
1.588000000000000085e-06
6.400000000000000399e-08
4.719999999999999913e-07
1.879999999999999894e-07
5.559999999999999494e-07
3.320000000000000083e-07
5.200000000000000241e-08
6.400000000000000399e-08
7.199999999999999621e-08
9.200000000000000325e-08
6.400000000000000399e-08
5.999999999999999464e-08
6.800000000000000010e-08
8.799999999999999390e-08
9.200000000000000325e-08
1.199999999999999893e-07
3.359999999999999911e-07
5.200000000000000241e-08
1.140000000000000097e-06
2.800000000000000191e-07
1.292000000000000081e-06
2.560000000000000159e-07
5.999999999999999464e-08
3.040000000000000222e-07
2.320000000000000128e-07
6.400000000000000399e-08
6.800000000000000010e-08
9.200000000000000325e-08
1.199999999999999893e-07
6.400000000000000399e-08
8.320000000000000386e-07
6.400000000000000399e-08
9.200000000000000325e-08
1.160000000000000064e-07
1.439999999999999924e-07
6.400000000000000399e-08
9.200000000000000325e-08
2.280000000000000034e-07
2.239999999999999941e-07
1.216000000000000089e-06
1.816000000000000062e-06
6.400000000000000399e-08
2.759999999999999833e-07
6.400000000000000399e-08
1.160000000000000064e-07
2.239999999999999941e-07
1.480000000000000018e-07
1.520000000000000111e-07
1.559999999999999940e-07
1.640000000000000127e-07
1.348000000000000053e-06
5.999999999999999464e-08
3.800000000000000146e-07
3.560000000000000114e-07
6.400000000000000399e-08
2.359999999999999851e-06
1.520000000000000111e-07
2.399999999999999786e-07
6.400000000000000399e-08
2.160000000000000019e-07
5.200000000000000241e-08
7.199999999999999621e-08
9.999999999999999547e-08
9.919999999999999890e-07
3.759999999999999788e-07
3.759999999999999788e-07
6.400000000000000399e-08
2.759999999999999833e-07
6.400000000000000399e-08
3.519999999999999756e-07
1.280000000000000080e-07
6.400000000000000399e-08
4.560000000000000069e-07
6.400000000000000399e-08
6.800000000000000010e-08
8.799999999999999390e-08
9.200000000000000325e-08
9.599999999999999936e-08
1.160000000000000064e-07
1.199999999999999893e-07
1.439999999999999924e-07
1.480000000000000018e-07
1.720000000000000049e-07
1.960000000000000081e-07
3.160000000000000238e-07
1.847999999999999925e-06
6.400000000000000399e-08
6.800000000000000010e-08
1.811999999999999973e-06
3.680000000000000130e-07
5.999999999999999464e-08
6.400000000000000399e-08
9.200000000000000325e-08
2.519999999999999801e-07
1.759999999999999878e-07
1.095999999999999967e-06
3.440000000000000098e-07
4.155999999999999681e-06
4.164000000000000282e-06
4.167999999999999735e-06
4.176000000000000336e-06
3.040000000000000222e-07
6.920000000000000026e-07
2.851999999999999968e-06
8.120000000000000183e-07
2.320000000000000128e-07
2.479999999999999972e-07
1.199999999999999893e-07
2.184000000000000181e-06
2.315999999999999933e-06
6.360000000000000305e-07
3.519999999999999756e-07
1.331999999999999910e-06
3.839999999999999974e-07
6.400000000000000399e-08
5.160000000000000148e-07
2.800000000000000191e-07
7.919999999999999980e-07
1.315999999999999979e-06
2.680000000000000175e-07
5.999999999999999464e-08
6.400000000000000399e-08
6.400000000000000399e-08
6.400000000000000399e-08
1.788000000000000076e-06
6.400000000000000399e-08
1.919999999999999987e-07
1.992000000000000155e-06
5.999999999999999464e-08
6.400000000000000399e-08
8.160000000000000012e-07
6.400000000000000399e-08
6.800000000000000010e-08
9.200000000000000325e-08
9.599999999999999936e-08
1.199999999999999893e-07
1.239999999999999986e-07
1.439999999999999924e-07
1.480000000000000018e-07
1.759999999999999878e-07
6.800000000000000010e-08
6.400000000000000399e-08
2.560000000000000159e-07
5.999999999999999464e-08
6.400000000000000399e-08
6.800000000000000010e-08
9.200000000000000325e-08
1.199999999999999893e-07
1.400000000000000095e-07
2.720000000000000004e-07
2.239999999999999941e-07
4.119999999999999835e-07
2.239999999999999941e-07
1.759999999999999878e-07
1.940000000000000060e-06
2.200000000000000112e-07
2.680000000000000175e-07
2.200000000000000112e-07
2.879999999999999848e-07
1.915999999999999951e-06
4.719999999999999913e-07
6.800000000000000010e-08
3.599999999999999943e-07
6.239999999999999760e-07
6.400000000000000399e-08
6.800000000000000010e-08
9.200000000000000325e-08
1.199999999999999893e-07
6.400000000000000399e-08
3.200000000000000067e-07
4.160000000000000193e-07
4.479999999999999882e-07
5.799999999999999526e-07
5.999999999999999464e-08
8.799999999999999390e-08
6.400000000000000399e-08
3.200000000000000067e-07
3.239999999999999896e-07
3.280000000000000254e-07
3.320000000000000083e-07
3.359999999999999911e-07
2.399999999999999786e-07
2.479999999999999972e-07
3.599999999999999943e-07
6.400000000000000399e-08
6.800000000000000010e-08
5.999999999999999464e-08
6.400000000000000399e-08
1.044000000000000084e-06
5.120000000000000319e-07
5.160000000000000148e-07
6.400000000000000399e-08
1.879999999999999894e-07
2.280000000000000034e-07
5.999999999999999464e-08
1.384000000000000005e-06
3.255999999999999827e-06
6.080000000000000445e-07
4.527999999999999677e-06
4.536000000000000278e-06
4.539999999999999731e-06
4.548000000000000332e-06
6.800000000000000010e-08
6.400000000000000399e-08
6.400000000000000399e-08
1.960000000000000081e-07
2.119999999999999925e-07
6.880000000000000197e-07
2.639999999999999817e-07
2.320000000000000128e-07
6.400000000000000399e-08
2.320000000000000128e-07
5.999999999999999464e-08
6.400000000000000399e-08
9.200000000000000325e-08
6.400000000000000399e-08
4.599999999999999898e-07
4.640000000000000256e-07
4.680000000000000085e-07
4.719999999999999913e-07
4.759999999999999742e-07
4.799999999999999571e-07
4.840000000000000459e-07
4.959999999999999945e-07
6.400000000000000399e-08
2.720000000000000004e-07
2.280000000000000034e-07
1.728000000000000015e-06
8.719999999999999732e-07
4.719999999999999913e-07
1.131999999999999919e-06
1.359999999999999896e-06
1.459999999999999997e-06
6.400000000000000399e-08
6.800000000000000010e-08
9.200000000000000325e-08
1.439999999999999924e-07
2.759999999999999833e-07
6.400000000000000399e-08
6.800000000000000010e-08
2.567999999999999808e-06
2.572000000000000108e-06
2.575999999999999985e-06
2.579999999999999862e-06
2.584000000000000163e-06
6.400000000000000399e-08
3.200000000000000067e-07
2.440000000000000144e-07
2.759999999999999833e-07
6.400000000000000399e-08
1.235999999999999897e-06
1.351999999999999930e-06
6.080000000000000445e-07
6.400000000000000399e-08
6.800000000000000010e-08
8.799999999999999390e-08
9.200000000000000325e-08
9.599999999999999936e-08
1.160000000000000064e-07
1.199999999999999893e-07
1.439999999999999924e-07
1.480000000000000018e-07
1.720000000000000049e-07
1.960000000000000081e-07
2.239999999999999941e-07
2.519999999999999801e-07
2.519999999999999801e-07
1.759999999999999878e-07
4.119999999999999835e-07
1.720000000000000049e-07
4.239999999999999850e-07
4.479999999999999882e-07
4.520000000000000240e-07
4.560000000000000069e-07
4.599999999999999898e-07
6.400000000000000399e-08
6.800000000000000010e-08
7.199999999999999621e-08
9.200000000000000325e-08
9.599999999999999936e-08
1.199999999999999893e-07
1.239999999999999986e-07
1.480000000000000018e-07
1.720000000000000049e-07
1.960000000000000081e-07
2.239999999999999941e-07
2.519999999999999801e-07
3.040000000000000222e-07
3.359999999999999911e-07
6.279999999999999589e-07
2.519999999999999801e-07
6.400000000000000399e-08
6.400000000000000399e-08
2.680000000000000175e-07
9.560000000000000372e-07
2.160000000000000019e-07
6.400000000000000399e-08
9.200000000000000325e-08
9.599999999999999936e-08
1.199999999999999893e-07
1.480000000000000018e-07
1.808000000000000096e-06
2.519999999999999801e-07
5.440000000000000008e-07
2.239999999999999941e-07
2.280000000000000034e-07
6.400000000000000399e-08
3.920000000000000161e-07
2.999999999999999864e-07
2.560000000000000159e-07
1.204000000000000034e-06
6.759999999999999652e-07
6.400000000000000399e-08
9.200000000000000325e-08
1.391999999999999971e-06
1.396000000000000060e-06
1.404000000000000025e-06
6.400000000000000399e-08
6.400000000000000399e-08
2.560000000000000159e-07
2.999999999999999864e-07
5.999999999999999464e-08
1.919999999999999987e-07
1.759999999999999878e-07
1.799999999999999971e-07
2.800000000000000191e-07
2.800000000000000191e-07
9.200000000000000325e-08
2.680000000000000175e-07
3.019999999999999885e-06
6.199999999999999931e-07
7.160000000000000057e-07
5.080000000000000490e-07
8.560000000000000417e-07
7.239999999999999715e-07
1.520000000000000111e-07
1.791999999999999953e-06
1.092000000000000090e-06
2.160000000000000019e-07
1.543999999999999956e-06
6.400000000000000399e-08
1.416000000000000080e-06
6.400000000000000399e-08
6.400000000000000399e-08
6.400000000000000399e-08
6.880000000000000197e-07
4.759999999999999742e-07
1.707999999999999995e-06
1.119999999999999970e-07
8.719999999999999732e-07
8.759999999999999561e-07
8.800000000000000449e-07
8.840000000000000278e-07
8.880000000000000106e-07
8.959999999999999764e-07
9.040000000000000480e-07
9.159999999999999967e-07
1.108000000000000022e-06
6.719999999999999823e-07
5.239999999999999805e-07
1.252000000000000041e-06
2.759999999999999833e-07
3.719999999999999959e-07
2.099999999999999799e-06
2.104000000000000100e-06
2.107999999999999977e-06
2.111999999999999854e-06
2.340000000000000042e-06
5.999999999999999464e-08
1.204000000000000034e-06
2.560000000000000159e-07
1.720000000000000049e-07
2.960000000000000035e-07
2.355999999999999974e-06
9.560000000000000372e-07
5.999999999999999464e-08
2.032000000000000196e-06
6.400000000000000399e-08
9.919999999999999890e-07
6.400000000000000399e-08
9.599999999999999936e-08
1.480000000000000018e-07
2.519999999999999801e-07
6.400000000000000399e-08
7.199999999999999621e-08
2.720000000000000004e-07
2.720000000000000004e-07
8.400000000000000043e-07
6.400000000000000399e-08
2.560000000000000159e-07
5.999999999999999464e-08
5.440000000000000008e-07
7.439999999999999917e-07
7.479999999999999746e-07
7.519999999999999575e-07
7.560000000000000463e-07
7.640000000000000120e-07
2.200000000000000112e-07
6.400000000000000399e-08
1.840000000000000065e-07
6.400000000000000399e-08
6.400000000000000399e-08
2.720000000000000004e-07
6.400000000000000399e-08
4.479999999999999882e-07
7.679999999999999949e-07
1.280000000000000080e-07
1.319999999999999909e-07
6.400000000000000399e-08
1.103999999999999933e-06
6.400000000000000399e-08
3.519999999999999756e-07
2.519999999999999801e-07
6.920000000000000026e-07
9.040000000000000480e-07
2.519999999999999801e-07
1.400000000000000095e-07
2.800000000000000191e-07
6.400000000000000399e-08
7.519999999999999575e-07
5.199999999999999976e-07
1.343999999999999965e-06
6.400000000000000399e-08
9.200000000000000325e-08
4.239999999999999850e-07
6.400000000000000399e-08
1.759999999999999878e-07
2.479999999999999972e-07
1.647999999999999934e-06
5.519999999999999666e-07
5.559999999999999494e-07
5.640000000000000211e-07
5.680000000000000039e-07
3.719999999999999959e-07
2.883999999999999831e-06
2.888000000000000132e-06
2.895999999999999886e-06
6.400000000000000399e-08
1.400000000000000095e-07
1.611999999999999982e-06
1.280000000000000080e-07
1.759999999999999878e-07
5.120000000000000319e-07
6.400000000000000399e-08
6.400000000000000399e-08
3.399999999999999740e-07
2.280000000000000193e-06
2.759999999999999833e-07
6.400000000000000399e-08
2.092000000000000045e-06
3.080000000000000051e-07
1.480000000000000018e-06
1.191999999999999980e-06
1.196000000000000069e-06
6.400000000000000399e-08
2.479999999999999972e-07
4.799999999999999571e-07
6.999999999999999683e-07
1.879999999999999894e-07
5.999999999999999464e-08
6.400000000000000399e-08
9.200000000000000325e-08
1.960000000000000081e-07
2.759999999999999833e-07
1.919999999999999987e-07
1.287999999999999993e-06
1.292000000000000081e-06
6.400000000000000399e-08
1.999999999999999909e-07
7.199999999999999886e-07
1.588000000000000085e-06
2.320000000000000128e-07
1.723999999999999926e-06
2.399999999999999786e-07
6.400000000000000399e-08
9.200000000000000325e-08
2.139999999999999840e-06
9.999999999999999547e-08
2.999999999999999864e-07
2.920000000000000207e-07
2.680000000000000175e-07
3.239999999999999896e-07
5.680000000000000039e-07
9.320000000000000341e-07
8.600000000000000246e-07
3.359999999999999911e-07
9.919999999999999890e-07
6.400000000000000399e-08
1.776000000000000021e-06
1.779999999999999898e-06
1.783999999999999987e-06
1.788000000000000076e-06
1.799999999999999919e-06
1.808000000000000096e-06
6.400000000000000399e-08
6.400000000000000399e-08
2.560000000000000159e-07
6.400000000000000399e-08
9.200000000000000325e-08
9.599999999999999936e-08
2.239999999999999941e-07
2.479999999999999972e-07
5.999999999999999464e-08
3.119999999999999880e-07
9.599999999999999936e-08
6.400000000000000399e-08
6.800000000000000010e-08
1.044000000000000084e-06
1.523999999999999935e-06
3.680000000000000130e-07
7.679999999999999949e-07
1.052000000000000050e-06
5.999999999999999464e-08
1.627999999999999914e-06
5.959999999999999900e-07
5.600000000000000382e-07
5.999999999999999464e-08
6.400000000000000399e-08
9.200000000000000325e-08
6.400000000000000399e-08
1.171999999999999960e-06
1.176000000000000048e-06
3.080000000000000051e-07
1.400000000000000095e-07
1.439999999999999924e-07
3.399999999999999740e-07
5.999999999999999464e-08
6.400000000000000399e-08
2.560000000000000159e-07
6.400000000000000399e-08
1.600000000000000033e-07
1.679999999999999956e-07
1.720000000000000049e-07
6.400000000000000399e-08
6.400000000000000399e-08
6.800000000000000010e-08
7.199999999999999621e-08
9.200000000000000325e-08
9.599999999999999936e-08
1.199999999999999893e-07
1.239999999999999986e-07
1.439999999999999924e-07
1.480000000000000018e-07
1.720000000000000049e-07
1.759999999999999878e-07
1.840000000000000065e-07
1.287999999999999993e-06
1.188000000000000103e-06
1.399999999999999937e-06
1.543999999999999956e-06
3.839999999999999974e-07
6.400000000000000399e-08
9.200000000000000325e-08
1.840000000000000065e-07
1.879999999999999894e-07
5.080000000000000490e-07
6.600000000000000337e-07
2.720000000000000004e-07
2.519999999999999801e-07
4.359999999999999866e-07
6.800000000000000010e-08
2.560000000000000159e-07
2.399999999999999786e-07
4.164000000000000282e-06
6.400000000000000399e-08
6.880000000000000197e-07
1.128000000000000042e-06
8.080000000000000354e-07
8.120000000000000183e-07
2.080000000000000096e-07
1.743999999999999946e-06
1.748000000000000035e-06
1.751999999999999912e-06
1.756000000000000001e-06
1.632000000000000002e-06
3.359999999999999911e-07
1.999999999999999909e-07
6.400000000000000399e-08
6.400000000000000399e-08
1.591999999999999962e-06
6.400000000000000399e-08
6.800000000000000010e-08
8.799999999999999390e-08
9.200000000000000325e-08
1.439999999999999924e-07
6.400000000000000399e-08
1.960000000000000081e-07
6.400000000000000399e-08
8.799999999999999390e-08
9.200000000000000325e-08
1.160000000000000064e-07
1.199999999999999893e-07
1.439999999999999924e-07
6.800000000000000010e-08
1.879999999999999894e-07
1.520000000000000111e-07
2.720000000000000004e-07
6.400000000000000399e-08
6.800000000000000010e-08
9.200000000000000325e-08
9.599999999999999936e-08
1.199999999999999893e-07
1.239999999999999986e-07
1.439999999999999924e-07
1.480000000000000018e-07
1.999999999999999909e-07
2.840000000000000020e-07
2.359999999999999957e-07
2.160000000000000019e-07
2.479999999999999972e-07
6.400000000000000399e-08
6.400000000000000399e-08
6.800000000000000010e-08
9.200000000000000325e-08
1.199999999999999893e-07
1.439999999999999924e-07
1.720000000000000049e-07
2.519999999999999801e-07
8.120000000000000183e-07
3.080000000000000051e-07
6.400000000000000399e-08
6.800000000000000010e-08
9.200000000000000325e-08
9.599999999999999936e-08
1.199999999999999893e-07
1.439999999999999924e-07
2.399999999999999786e-07
7.919999999999999980e-07
1.219999999999999966e-06
1.999999999999999909e-07
6.400000000000000399e-08
2.720000000000000004e-07
1.879999999999999894e-07
6.400000000000000399e-08
6.800000000000000010e-08
7.199999999999999621e-08
8.799999999999999390e-08
9.200000000000000325e-08
9.599999999999999936e-08
1.160000000000000064e-07
1.199999999999999893e-07
1.439999999999999924e-07
1.480000000000000018e-07
1.720000000000000049e-07
1.999999999999999909e-07
2.239999999999999941e-07
2.479999999999999972e-07
3.080000000000000051e-07
5.080000000000000490e-07
1.560000000000000099e-06
6.400000000000000399e-08
6.800000000000000010e-08
9.200000000000000325e-08
6.400000000000000399e-08
6.400000000000000399e-08
8.320000000000000386e-07
6.400000000000000399e-08
6.800000000000000010e-08
3.839999999999999974e-07
3.879999999999999803e-07
6.800000000000000010e-08
6.800000000000000010e-08
9.200000000000000325e-08
8.479999999999999701e-07
1.652000000000000023e-06
1.695999999999999940e-06
1.880000000000000000e-06
1.444000000000000066e-06
5.680000000000000039e-07
5.999999999999999464e-08
1.012000000000000009e-06
2.320000000000000128e-07
5.999999999999999464e-08
6.400000000000000399e-08
5.200000000000000241e-08
5.999999999999999464e-08
6.400000000000000399e-08
6.800000000000000010e-08
7.199999999999999621e-08
8.799999999999999390e-08
9.200000000000000325e-08
9.599999999999999936e-08
1.160000000000000064e-07
1.199999999999999893e-07
1.439999999999999924e-07
1.480000000000000018e-07
1.720000000000000049e-07
1.759999999999999878e-07
2.239999999999999941e-07
2.280000000000000034e-07
2.479999999999999972e-07
2.519999999999999801e-07
2.800000000000000191e-07
2.239999999999999941e-07
6.400000000000000399e-08
9.200000000000000325e-08
9.599999999999999936e-08
2.200000000000000112e-07
2.239999999999999941e-07
6.400000000000000399e-08
1.455999999999999909e-06
1.459999999999999997e-06
1.464000000000000086e-06
1.467999999999999963e-06
1.472000000000000052e-06
6.400000000000000399e-08
6.800000000000000010e-08
9.200000000000000325e-08
9.599999999999999936e-08
1.199999999999999893e-07
1.239999999999999986e-07
1.480000000000000018e-07
2.280000000000000034e-07
4.119999999999999835e-07
4.280000000000000209e-07
2.639999999999999817e-07
1.459999999999999997e-06
2.239999999999999941e-07
3.320000000000000083e-07
7.439999999999999917e-07
4.200000000000000022e-07
2.195999999999999812e-06
7.320000000000000431e-07
6.400000000000000399e-08
6.800000000000000010e-08
9.200000000000000325e-08
5.999999999999999464e-08
6.400000000000000399e-08
9.599999999999999936e-08
6.400000000000000399e-08
1.759999999999999878e-07
9.960000000000000777e-07
6.400000000000000399e-08
2.560000000000000159e-07
3.359999999999999911e-07
6.400000000000000399e-08
1.151999999999999939e-06
6.400000000000000399e-08
6.800000000000000010e-08
2.800000000000000191e-07
6.400000000000000399e-08
6.800000000000000010e-08
9.200000000000000325e-08
5.999999999999999464e-08
3.320000000000000083e-07
1.439999999999999924e-07
1.992000000000000155e-06
3.007999999999999830e-06
3.012000000000000131e-06
3.016000000000000008e-06
3.019999999999999885e-06
3.024000000000000185e-06
6.120000000000000274e-07
5.999999999999999464e-08
6.400000000000000399e-08
2.280000000000000034e-07
2.200000000000000112e-07
2.239999999999999941e-07
3.040000000000000222e-07
2.519999999999999801e-07
3.239999999999999896e-07
1.543999999999999956e-06
5.320000000000000522e-07
8.719999999999999732e-07
6.800000000000000010e-08
2.639999999999999817e-07
6.400000000000000399e-08
2.280000000000000034e-07
5.999999999999999464e-08
9.200000000000000325e-08
1.523999999999999935e-06
6.400000000000000399e-08
9.919999999999999890e-07
9.999999999999999547e-07
2.920000000000000207e-07
9.080000000000000309e-07
6.400000000000000399e-08
6.400000000000000399e-08
4.060000000000000092e-06
1.627999999999999914e-06
2.800000000000000191e-07
9.599999999999999936e-08
6.199999999999999931e-07
6.400000000000000399e-08
7.199999999999999621e-08
2.519999999999999801e-07
3.040000000000000222e-07
1.103999999999999933e-06
1.960000000000000081e-07
6.400000000000000399e-08
1.799999999999999971e-07
6.400000000000000399e-08
1.331999999999999910e-06
1.184000000000000014e-06
1.452000000000000032e-06
5.160000000000000148e-07
2.479999999999999972e-07
2.879999999999999848e-07
6.800000000000000010e-08
5.999999999999999464e-08
6.400000000000000399e-08
6.400000000000000399e-08
4.719999999999999913e-07
3.800000000000000146e-07
6.400000000000000399e-08
2.519999999999999801e-07
1.159999999999999905e-06
6.400000000000000399e-08
2.239999999999999941e-07
2.800000000000000191e-07
2.720000000000000004e-07
9.239999999999999624e-07
5.080000000000000490e-07
5.999999999999999464e-08
6.400000000000000399e-08
2.720000000000000004e-07
6.400000000000000399e-08
5.999999999999999464e-08
6.400000000000000399e-08
6.400000000000000399e-08
6.800000000000000010e-08
9.599999999999999936e-08
1.999999999999999909e-07
5.360000000000000350e-07
5.999999999999999464e-08
3.160000000000000238e-07
8.840000000000000278e-07
6.400000000000000399e-08
1.632000000000000002e-06
3.320000000000000083e-07
6.400000000000000399e-08
2.399999999999999786e-07
4.080000000000000006e-07
1.768000000000000056e-06
1.864000000000000068e-06
3.503999999999999824e-06
2.680000000000000175e-07
4.640000000000000256e-07
2.119999999999999925e-07
6.400000000000000399e-08
2.599999999999999988e-07
2.800000000000000191e-07
1.280000000000000080e-07
5.600000000000000382e-07
2.680000000000000175e-07
2.239999999999999941e-07
5.599999999999999852e-08
6.400000000000000399e-08
9.200000000000000325e-08
1.160000000000000064e-07
1.199999999999999893e-07
5.999999999999999464e-08
6.400000000000000399e-08
9.200000000000000325e-08
2.239999999999999941e-07
2.280000000000000034e-07
1.919999999999999987e-07
1.799999999999999971e-07
1.840000000000000065e-07
5.999999999999999464e-08
6.400000000000000399e-08
9.200000000000000325e-08
1.679999999999999956e-07
8.199999999999999841e-07
8.560000000000000417e-07
6.400000000000000399e-08
6.800000000000000010e-08
8.799999999999999390e-08
9.599999999999999936e-08
6.400000000000000399e-08
2.119999999999999925e-07
2.320000000000000128e-07
5.199999999999999976e-07
2.560000000000000159e-07
1.571999999999999942e-06
6.400000000000000399e-08
3.560000000000000114e-07
6.400000000000000399e-08
6.800000000000000010e-08
7.199999999999999621e-08
9.599999999999999936e-08
1.199999999999999893e-07
1.239999999999999986e-07
1.480000000000000018e-07
1.759999999999999878e-07
1.788000000000000076e-06
9.439999999999999827e-07
5.999999999999999464e-08
2.639999999999999817e-07
2.200000000000000112e-07
2.239999999999999941e-07
2.840000000000000020e-07
7.179999999999999866e-06
7.184000000000000166e-06
7.187999999999999620e-06
7.191999999999999920e-06
6.999999999999999683e-07
8.400000000000000043e-07
3.359999999999999911e-07
6.400000000000000399e-08
5.080000000000000490e-07
4.599999999999999898e-07
1.143999999999999974e-06
1.148000000000000062e-06
1.151999999999999939e-06
1.156000000000000028e-06
1.159999999999999905e-06
2.960000000000000035e-07
1.016000000000000098e-06
1.032000000000000030e-06
1.300000000000000047e-06
1.303999999999999924e-06
1.308000000000000013e-06
1.312000000000000102e-06
1.111999999999999899e-06
1.115999999999999988e-06
1.120000000000000076e-06
1.123999999999999953e-06
1.128000000000000042e-06
1.148000000000000062e-06
1.875999999999999911e-06
6.800000000000000010e-08
7.759999999999999606e-07
2.320000000000000128e-07
6.800000000000000010e-08
3.080000000000000051e-07
1.319999999999999909e-07
2.800000000000000191e-07
3.399999999999999740e-07
1.455999999999999909e-06
5.959999999999999900e-07
8.959999999999999764e-07
6.400000000000000399e-08
6.800000000000000010e-08
8.799999999999999390e-08
9.200000000000000325e-08
9.599999999999999936e-08
1.160000000000000064e-07
1.199999999999999893e-07
1.439999999999999924e-07
1.720000000000000049e-07
4.359999999999999866e-07
5.799999999999999526e-07
2.359999999999999957e-07
4.427999999999999787e-06
4.432000000000000087e-06
4.436000000000000388e-06
4.439999999999999841e-06
4.444000000000000142e-06
5.195999999999999888e-06
1.919999999999999987e-07
1.980000000000000101e-06
6.400000000000000399e-08
6.400000000000000399e-08
3.560000000000000114e-07
1.455999999999999909e-06
1.095999999999999967e-06
5.999999999999999464e-08
5.999999999999999464e-08
9.200000000000000325e-08
1.960000000000000081e-07
2.119999999999999925e-07
9.960000000000000777e-07
1.419999999999999957e-06
6.400000000000000399e-08
6.800000000000000010e-08
6.400000000000000399e-08
5.239999999999999805e-07
6.400000000000000399e-08
1.579999999999999907e-06
8.800000000000000449e-07
6.400000000000000399e-08
2.800000000000000191e-07
2.588000000000000040e-06
6.400000000000000399e-08
6.800000000000000010e-08
6.400000000000000399e-08
9.599999999999999936e-08
6.400000000000000399e-08
6.800000000000000010e-08
7.199999999999999621e-08
7.600000000000000556e-08
9.200000000000000325e-08
9.599999999999999936e-08
1.199999999999999893e-07
1.239999999999999986e-07
1.480000000000000018e-07
1.520000000000000111e-07
1.759999999999999878e-07
1.999999999999999909e-07
2.040000000000000003e-07
7.640000000000000120e-07
5.999999999999999464e-08
1.495999999999999949e-06
1.500000000000000038e-06
2.720000000000000004e-07
6.400000000000000399e-08
9.199999999999999795e-07
9.239999999999999624e-07
9.280000000000000512e-07
9.320000000000000341e-07
9.360000000000000169e-07
9.439999999999999827e-07
9.560000000000000372e-07
9.640000000000000030e-07
1.179999999999999925e-06
6.400000000000000399e-08
2.519999999999999801e-07
6.400000000000000399e-08
9.680000000000000917e-07
2.759999999999999833e-07
1.115999999999999988e-06
6.400000000000000399e-08
4.280000000000000209e-07
6.799999999999999481e-07
6.400000000000000399e-08
6.800000000000000010e-08
8.799999999999999390e-08
9.200000000000000325e-08
9.599999999999999936e-08
1.199999999999999893e-07
1.239999999999999986e-07
1.439999999999999924e-07
1.480000000000000018e-07
1.720000000000000049e-07
1.759999999999999878e-07
1.999999999999999909e-07
2.239999999999999941e-07
7.120000000000000228e-07
5.440000000000000008e-07
1.616000000000000071e-06
2.999999999999999864e-07
1.879999999999999894e-07
2.359999999999999957e-07
6.400000000000000399e-08
1.319999999999999909e-07
6.800000000000000010e-08
5.999999999999999464e-08
3.040000000000000222e-07
3.080000000000000051e-07
3.119999999999999880e-07
3.160000000000000238e-07
3.200000000000000067e-07
3.239999999999999896e-07
3.280000000000000254e-07
3.399999999999999740e-07
3.479999999999999927e-07
3.680000000000000130e-07
3.719999999999999959e-07
3.959999999999999990e-07
1.439999999999999977e-06
2.055999999999999882e-06
1.320000000000000067e-06
2.680000000000000175e-07
6.400000000000000399e-08
5.999999999999999464e-08
2.080000000000000096e-07
4.119999999999999835e-07
1.608000000000000105e-06
6.400000000000000399e-08
5.999999999999999464e-08
1.404000000000000025e-06
1.924000000000000129e-06
1.212000000000000000e-06
1.216000000000000089e-06
1.219999999999999966e-06
1.224000000000000055e-06
1.227999999999999932e-06
1.235999999999999897e-06
1.244000000000000075e-06
1.252000000000000041e-06
2.008000000000000087e-06
2.560000000000000159e-07
6.400000000000000399e-08
6.800000000000000010e-08
7.199999999999999621e-08
9.200000000000000325e-08
9.599999999999999936e-08
1.199999999999999893e-07
1.239999999999999986e-07
1.480000000000000018e-07
1.720000000000000049e-07
1.759999999999999878e-07
1.999999999999999909e-07
2.280000000000000034e-07
1.703999999999999906e-06
1.783999999999999987e-06
2.119999999999999925e-07
6.400000000000000399e-08
6.400000000000000399e-08
6.800000000000000010e-08
2.639999999999999817e-07
8.239999999999999669e-07
8.279999999999999498e-07
8.320000000000000386e-07
8.360000000000000215e-07
8.400000000000000043e-07
8.439999999999999872e-07
8.560000000000000417e-07
8.640000000000000075e-07
6.400000000000000399e-08
6.400000000000000399e-08
2.999999999999999864e-07
3.399999999999999740e-07
5.999999999999999464e-08
7.439999999999999917e-07
2.359999999999999957e-07
6.400000000000000399e-08
6.800000000000000010e-08
9.200000000000000325e-08
1.520000000000000111e-07
2.179999999999999880e-06
6.800000000000000010e-08
6.400000000000000399e-08
6.800000000000000010e-08
7.199999999999999621e-08
9.200000000000000325e-08
9.599999999999999936e-08
1.199999999999999893e-07
1.239999999999999986e-07
1.480000000000000018e-07
1.856000000000000102e-06
4.320000000000000037e-07
6.400000000000000399e-08
6.800000000000000010e-08
2.800000000000000191e-07
4.560000000000000069e-07
9.200000000000000325e-08
4.200000000000000022e-07
1.712000000000000083e-06
9.040000000000000480e-07
1.319999999999999909e-07
2.680000000000000175e-07
3.435999999999999798e-06
3.443999999999999975e-06
3.447999999999999852e-06
5.360000000000000350e-07
1.396000000000000060e-06
6.800000000000000010e-08
3.160000000000000238e-07
6.400000000000000399e-08
8.999999999999999593e-07
6.400000000000000399e-08
6.800000000000000010e-08
9.200000000000000325e-08
1.199999999999999893e-07
1.400000000000000095e-07
6.400000000000000399e-08
1.560000000000000099e-06
6.400000000000000399e-08
6.800000000000000010e-08
2.840000000000000020e-07
1.439999999999999924e-07
1.179999999999999925e-06
6.400000000000000399e-08
6.400000000000000399e-08
2.560000000000000159e-07
3.080000000000000051e-07
9.640000000000000030e-07
1.759999999999999878e-07
5.999999999999999464e-08
1.700000000000000029e-06
2.960000000000000035e-07
6.400000000000000399e-08
1.879999999999999894e-07
6.400000000000000399e-08
9.200000000000000325e-08
1.160000000000000064e-07
1.439999999999999924e-07
1.919999999999999987e-07
1.960000000000000081e-07
2.239999999999999941e-07
5.999999999999999464e-08
2.680000000000000175e-07
1.239999999999999986e-07
7.759999999999999606e-07
6.600000000000000337e-07
5.999999999999999464e-08
3.288000000000000114e-06
2.479999999999999972e-07
2.320000000000000128e-07
4.719999999999999913e-07
4.680000000000000085e-07
1.600000000000000033e-07
1.252000000000000041e-06
1.368000000000000074e-06
6.400000000000000399e-08
6.800000000000000010e-08
7.199999999999999621e-08
7.600000000000000556e-08
8.000000000000000167e-08
8.799999999999999390e-08
9.999999999999999547e-08
1.080000000000000009e-07
2.840000000000000020e-07
2.800000000000000191e-07
6.400000000000000399e-08
6.800000000000000010e-08
4.280000000000000209e-07
2.252000000000000207e-06
2.500000000000000205e-06
3.160000000000000238e-07
5.039999999999999603e-07
5.080000000000000490e-07
1.239999999999999986e-07
2.479999999999999972e-07
2.879999999999999848e-07
1.492000000000000072e-06
2.359999999999999957e-07
2.347999999999999796e-06
2.200000000000000112e-07
2.239999999999999941e-07
7.279999999999999544e-07
7.640000000000000120e-07
3.959999999999999990e-07
2.080000000000000096e-07
5.999999999999999728e-07
2.203999999999999989e-06
2.759999999999999833e-07
9.519999999999999484e-07
6.400000000000000399e-08
1.072000000000000070e-06
6.400000000000000399e-08
6.239999999999999760e-07
6.400000000000000399e-08
2.720000000000000004e-07
8.479999999999999701e-07
2.095999999999999922e-06
2.099999999999999799e-06
2.107999999999999977e-06
5.999999999999999464e-08
6.400000000000000399e-08
6.800000000000000010e-08
7.919999999999999980e-07
5.999999999999999464e-08
6.400000000000000399e-08
9.200000000000000325e-08
1.439999999999999924e-07
2.479999999999999972e-07
2.519999999999999801e-07
2.920000000000000207e-07
1.919999999999999987e-07
2.591999999999999917e-06
2.519999999999999801e-07
6.400000000000000399e-08
3.280000000000000254e-07
2.519999999999999801e-07
2.532000000000000068e-06
1.879999999999999894e-07
1.604000000000000016e-06
1.679999999999999956e-07
1.720000000000000049e-07
2.259999999999999961e-06
3.359999999999999911e-07
2.119999999999999925e-07
1.879999999999999894e-07
6.600000000000000337e-07
2.148000000000000017e-06
2.479999999999999972e-07
7.160000000000000057e-07
5.999999999999999464e-08
4.880000000000000287e-07
8.120000000000000183e-07
4.719999999999999913e-07
4.759999999999999742e-07
4.799999999999999571e-07
4.840000000000000459e-07
4.880000000000000287e-07
4.959999999999999945e-07
5.080000000000000490e-07
5.160000000000000148e-07
5.999999999999999464e-08
6.400000000000000399e-08
6.800000000000000010e-08
9.200000000000000325e-08
1.199999999999999893e-07
1.363999999999999985e-06
2.280000000000000034e-07
6.400000000000000399e-08
1.239999999999999986e-07
5.999999999999999464e-08
6.400000000000000399e-08
9.599999999999999936e-08
9.599999999999999142e-07
9.640000000000000030e-07
9.680000000000000917e-07
9.719999999999999687e-07
9.760000000000000575e-07
9.840000000000000232e-07
1.004000000000000044e-06
1.999999999999999909e-07
2.519999999999999801e-07
1.379999999999999916e-06
4.640000000000000256e-07
2.239999999999999941e-07
3.759999999999999788e-07
1.400000000000000095e-07
1.439999999999999924e-07
6.400000000000000399e-08
1.188000000000000103e-06
6.800000000000000010e-08
7.439999999999999917e-07
3.200000000000000067e-07
1.759999999999999878e-07
5.999999999999999464e-08
2.239999999999999941e-07
1.996000000000000032e-06
6.800000000000000010e-08
2.040000000000000003e-07
4.080000000000000006e-07
5.080000000000000490e-07
6.400000000000000399e-08
1.439999999999999924e-07
1.480000000000000018e-07
6.400000000000000399e-08
4.719999999999999913e-07
2.320000000000000128e-07
2.280000000000000034e-07
6.400000000000000399e-08
1.600000000000000033e-07
8.439999999999999872e-07
3.536000000000000111e-06
6.400000000000000399e-08
6.800000000000000010e-08
1.239999999999999986e-07
1.343999999999999965e-06
1.483999999999999895e-06
6.400000000000000399e-08
6.400000000000000399e-08
2.399999999999999786e-07
2.239999999999999941e-07
1.179999999999999925e-06
6.400000000000000399e-08
6.800000000000000010e-08
7.840000000000000323e-07
2.040000000000000003e-07
5.999999999999999464e-08
6.400000000000000399e-08
6.800000000000000010e-08
8.799999999999999390e-08
9.200000000000000325e-08
1.160000000000000064e-07
1.199999999999999893e-07
1.439999999999999924e-07
1.679999999999999956e-07
1.720000000000000049e-07
1.759999999999999878e-07
1.960000000000000081e-07
2.239999999999999941e-07
2.560000000000000159e-07
6.400000000000000399e-08
6.800000000000000010e-08
1.080000000000000009e-07
3.479999999999999927e-07
6.400000000000000399e-08
6.400000000000000399e-08
6.400000000000000399e-08
1.388000000000000094e-06
6.400000000000000399e-08
6.400000000000000399e-08
6.400000000000000399e-08
2.519999999999999801e-07
6.400000000000000399e-08
6.800000000000000010e-08
9.200000000000000325e-08
1.199999999999999893e-07
2.720000000000000004e-07
2.920000000000000207e-07
8.519999999999999530e-07
8.560000000000000417e-07
2.799999999999999873e-06
6.400000000000000399e-08
6.800000000000000010e-08
9.200000000000000325e-08
1.160000000000000064e-07
1.199999999999999893e-07
2.280000000000000034e-07
1.759999999999999878e-07
1.799999999999999971e-07
6.400000000000000399e-08
3.800000000000000146e-07
6.400000000000000399e-08
2.479999999999999972e-07
6.400000000000000399e-08
1.480000000000000018e-06
7.279999999999999544e-07
2.560000000000000159e-07
1.608000000000000105e-06
1.611999999999999982e-06
1.032000000000000030e-06
1.319999999999999909e-07
9.599999999999999936e-08
1.799999999999999971e-07
1.840000000000000065e-07
3.759999999999999788e-07
5.640000000000000211e-07
5.999999999999999464e-08
6.800000000000000010e-08
8.799999999999999390e-08
2.359999999999999957e-07
2.560000000000000159e-07
4.080000000000000006e-07
5.279999999999999634e-07
1.960000000000000081e-07
3.519999999999999756e-07
5.999999999999999464e-08
6.400000000000000399e-08
2.759999999999999833e-07
3.280000000000000254e-07
6.400000000000000399e-08
2.519999999999999801e-07
6.400000000000000399e-08
2.960000000000000035e-07
2.479999999999999972e-07
5.999999999999999464e-08
6.800000000000000010e-08
2.560000000000000159e-07
2.599999999999999988e-07
2.160000000000000019e-07
2.200000000000000112e-07
3.999999999999999819e-07
4.040000000000000177e-07
7.719999999999999778e-07
2.320000000000000128e-07
6.400000000000000399e-08
7.199999999999999621e-08
9.200000000000000325e-08
2.479999999999999972e-07
8.800000000000000449e-07
1.748000000000000035e-06
1.751999999999999912e-06
1.624000000000000037e-06
4.799999999999999571e-07
6.400000000000000399e-08
1.204000000000000034e-06
6.400000000000000399e-08
2.040000000000000003e-07
3.160000000000000238e-07
1.576000000000000030e-06
1.579999999999999907e-06
1.583999999999999996e-06
1.588000000000000085e-06
1.591999999999999962e-06
1.599999999999999928e-06
1.611999999999999982e-06
1.616000000000000071e-06
6.400000000000000399e-08
6.400000000000000399e-08
6.800000000000000010e-08
8.799999999999999390e-08
9.200000000000000325e-08
9.599999999999999936e-08
1.160000000000000064e-07
1.199999999999999893e-07
1.480000000000000018e-07
2.759999999999999833e-07
5.199999999999999976e-07
6.800000000000000010e-08
2.560000000000000159e-07
6.400000000000000399e-08
6.800000000000000010e-08
6.400000000000000399e-08
9.640000000000000030e-07
1.055999999999999927e-06
6.999999999999999683e-07
1.379999999999999916e-06
6.400000000000000399e-08
4.799999999999999571e-07
4.200000000000000022e-07
2.119999999999999925e-07
1.184000000000000014e-06
5.067999999999999589e-06
5.071999999999999889e-06
5.079999999999999643e-06
5.083999999999999944e-06
5.091999999999999698e-06
5.100000000000000299e-06
2.519999999999999801e-07
2.999999999999999864e-07
1.303999999999999924e-06
2.680000000000000175e-07
6.800000000000000010e-08
3.040000000000000222e-07
1.999999999999999909e-07
6.400000000000000399e-08
6.800000000000000010e-08
9.200000000000000325e-08
1.199999999999999893e-07
2.960000000000000035e-07
2.519999999999999801e-07
1.523999999999999935e-06
3.479999999999999927e-07
7.120000000000000228e-07
6.400000000000000399e-08
3.200000000000000067e-07
1.459999999999999997e-06
3.639999999999999772e-07
5.999999999999999464e-08
6.400000000000000399e-08
6.800000000000000010e-08
7.199999999999999621e-08
9.200000000000000325e-08
9.599999999999999936e-08
1.199999999999999893e-07
1.239999999999999986e-07
1.480000000000000018e-07
1.720000000000000049e-07
1.759999999999999878e-07
2.280000000000000034e-07
1.759999999999999878e-07
1.384000000000000005e-06
6.400000000000000399e-08
1.919999999999999987e-07
1.340000000000000088e-06
2.440000000000000144e-07
1.720000000000000049e-07
1.759999999999999878e-07
2.160000000000000019e-07
1.295999999999999958e-06
1.720000000000000049e-06
2.280000000000000034e-07
1.799999999999999919e-06
1.804000000000000007e-06
3.136000000000000129e-06
3.140000000000000006e-06
4.880000000000000287e-07
6.400000000000000399e-08
9.200000000000000325e-08
9.599999999999999936e-08
1.199999999999999893e-07
1.232000000000000020e-06
4.640000000000000256e-07
9.239999999999999624e-07
6.400000000000000399e-08
6.400000000000000399e-08
5.999999999999999464e-08
4.560000000000000069e-07
7.640000000000000120e-07
6.400000000000000399e-08
2.560000000000000159e-07
9.399999999999999998e-07
9.479999999999999656e-07
2.040000000000000003e-07
1.659999999999999988e-06
1.319999999999999909e-07
4.119999999999999835e-07
2.399999999999999786e-07
1.199999999999999946e-06
1.204000000000000034e-06
1.207999999999999911e-06
1.212000000000000000e-06
1.216000000000000089e-06
1.232000000000000020e-06
1.239999999999999986e-06
2.479999999999999972e-07
1.379999999999999916e-06
6.400000000000000399e-08
2.359999999999999957e-07
2.015999999999999841e-06
5.999999999999999464e-08
6.400000000000000399e-08
2.519999999999999801e-07
1.120000000000000076e-06
1.879999999999999894e-07
1.919999999999999987e-07
6.400000000000000399e-08
9.200000000000000325e-08
1.439999999999999924e-07
6.400000000000000399e-08
9.200000000000000325e-08
2.800000000000000191e-07
1.067999999999999981e-06
6.400000000000000399e-08
6.800000000000000010e-08
9.599999999999999936e-08
1.080000000000000036e-06
6.400000000000000399e-08
6.800000000000000010e-08
9.200000000000000325e-08
9.599999999999999936e-08
1.199999999999999893e-07
1.239999999999999986e-07
1.480000000000000018e-07
1.759999999999999878e-07
4.200000000000000022e-07
2.195999999999999812e-06
2.172000000000000126e-06
5.999999999999999464e-08
6.800000000000000010e-08
3.719999999999999959e-07
6.400000000000000399e-08
6.400000000000000399e-08
7.600000000000000291e-07
6.400000000000000399e-08
1.360000000000000002e-07
6.400000000000000399e-08
3.920000000000000161e-07
2.200000000000000112e-07
2.440000000000000144e-07
2.160000000000000019e-07
4.359999999999999866e-07
1.103999999999999933e-06
6.400000000000000399e-08
5.999999999999999464e-08
5.259999999999999614e-06
5.263999999999999914e-06
5.271999999999999668e-06
5.519999999999999666e-07
1.067999999999999981e-06
2.252000000000000207e-06
2.256000000000000084e-06
4.080000000000000006e-07
2.720000000000000004e-07
6.400000000000000399e-08
1.799999999999999971e-07
1.419999999999999957e-06
1.647999999999999934e-06
2.879999999999999848e-07
1.924000000000000129e-06
2.479999999999999972e-07
1.416000000000000080e-06
2.308000000000000179e-06
2.312000000000000056e-06
3.519999999999999756e-07
4.160000000000000193e-07
6.199999999999999931e-07
1.576000000000000030e-06
2.560000000000000159e-07
6.400000000000000399e-08
6.800000000000000010e-08
9.200000000000000325e-08
1.160000000000000064e-07
1.199999999999999893e-07
1.439999999999999924e-07
1.480000000000000018e-07
1.960000000000000081e-07
6.400000000000000399e-08
5.999999999999999464e-08
3.719999999999999959e-07
9.120000000000000138e-07
1.199999999999999893e-07
6.400000000000000399e-08
6.800000000000000010e-08
7.199999999999999621e-08
9.200000000000000325e-08
9.599999999999999936e-08
1.199999999999999893e-07
1.239999999999999986e-07
1.439999999999999924e-07
1.480000000000000018e-07
1.720000000000000049e-07
1.759999999999999878e-07
1.999999999999999909e-07
2.280000000000000034e-07
2.840000000000000020e-07
1.400000000000000095e-07
1.759999999999999878e-07
2.560000000000000159e-07
2.160000000000000019e-07
6.400000000000000399e-08
5.120000000000000319e-07
2.331999999999999865e-06
5.999999999999999464e-08
4.359999999999999866e-07
3.239999999999999896e-07
6.400000000000000399e-08
2.239999999999999941e-07
2.280000000000000034e-07
1.360000000000000002e-07
2.720000000000000004e-07
1.999999999999999909e-07
6.400000000000000399e-08
9.200000000000000325e-08
1.160000000000000064e-07
3.359999999999999911e-07
1.199999999999999893e-07
1.732000000000000104e-06
2.160000000000000019e-07
2.200000000000000112e-07
6.400000000000000399e-08
6.400000000000000399e-08
4.239999999999999850e-07
1.543999999999999956e-06
4.119999999999999835e-07
1.319999999999999909e-07
2.960000000000000035e-07
1.960000000000000081e-07
1.799999999999999919e-06
5.999999999999999464e-08
2.320000000000000128e-07
3.899999999999999929e-06
1.720000000000000049e-07
9.080000000000000309e-07
9.120000000000000138e-07
9.159999999999999967e-07
9.199999999999999795e-07
2.832000000000000160e-06
2.200000000000000112e-07
2.680000000000000175e-07
5.999999999999999464e-08
6.800000000000000010e-08
9.200000000000000325e-08
9.599999999999999936e-08
1.199999999999999893e-07
1.319999999999999909e-07
5.959999999999999900e-07
5.999999999999999464e-08
6.400000000000000399e-08
9.200000000000000325e-08
7.239999999999999715e-07
7.279999999999999544e-07
7.320000000000000431e-07
7.360000000000000260e-07
7.400000000000000089e-07
7.479999999999999746e-07
7.600000000000000291e-07
7.679999999999999949e-07
6.400000000000000399e-08
6.800000000000000010e-08
7.199999999999999621e-08
9.200000000000000325e-08
9.599999999999999936e-08
1.199999999999999893e-07
1.480000000000000018e-07
1.280000000000000080e-07
1.808000000000000096e-06
6.400000000000000399e-08
2.720000000000000004e-07
1.295999999999999958e-06
1.319999999999999909e-07
1.348000000000000053e-06
1.075999999999999947e-06
9.919999999999999890e-07
6.400000000000000399e-08
3.359999999999999911e-07
2.200000000000000112e-07
2.280000000000000193e-06
2.239999999999999941e-07
6.400000000000000399e-08
6.800000000000000010e-08
9.200000000000000325e-08
9.599999999999999936e-08
1.199999999999999893e-07
1.439999999999999924e-07
1.480000000000000018e-07
2.040000000000000003e-07
4.119999999999999835e-07
8.360000000000000215e-07
6.400000000000000399e-08
6.800000000000000010e-08
7.199999999999999621e-08
9.200000000000000325e-08
9.599999999999999936e-08
1.199999999999999893e-07
1.239999999999999986e-07
1.439999999999999924e-07
1.480000000000000018e-07
1.720000000000000049e-07
1.759999999999999878e-07
1.999999999999999909e-07
2.280000000000000034e-07
6.360000000000000305e-07
3.080000000000000051e-07
4.640000000000000256e-07
2.560000000000000159e-07
1.840000000000000065e-07
6.400000000000000399e-08
9.200000000000000325e-08
9.120000000000000138e-07
6.400000000000000399e-08
6.400000000000000399e-08
6.800000000000000010e-08
7.199999999999999621e-08
9.599999999999999936e-08
1.239999999999999986e-07
2.800000000000000191e-07
6.400000000000000399e-08
9.200000000000000325e-08
5.999999999999999464e-08
6.400000000000000399e-08
5.559999999999999494e-07
1.128000000000000042e-06
3.839999999999999974e-07
1.196000000000000069e-06
1.779999999999999898e-06
1.148000000000000062e-06
1.816000000000000062e-06
9.599999999999999936e-08
9.999999999999999547e-08
6.400000000000000399e-08
1.283999999999999904e-06
6.400000000000000399e-08
1.315999999999999979e-06
6.400000000000000399e-08
1.019999999999999975e-06
1.879999999999999894e-07
2.399999999999999786e-07
6.400000000000000399e-08
2.239999999999999941e-07
6.400000000000000399e-08
5.160000000000000148e-07
2.343999999999999919e-06
7.919999999999999980e-07
6.400000000000000399e-08
1.599999999999999928e-06
1.604000000000000016e-06
1.608000000000000105e-06
1.611999999999999982e-06
1.616000000000000071e-06
1.624000000000000037e-06
3.595999999999999960e-06
7.439999999999999917e-07
9.200000000000000325e-08
6.400000000000000399e-08
4.999999999999999774e-07
6.800000000000000010e-08
9.599999999999999936e-08
1.436000000000000100e-06
9.200000000000000325e-08
1.720000000000000049e-07
1.919999999999999828e-06
3.160000000000000238e-07
6.400000000000000399e-08
6.800000000000000010e-08
7.199999999999999621e-08
9.200000000000000325e-08
9.599999999999999936e-08
1.199999999999999893e-07
1.239999999999999986e-07
6.400000000000000399e-08
6.400000000000000399e-08
1.919999999999999987e-07
1.040000000000000048e-07
1.080000000000000009e-07
1.720000000000000049e-07
1.759999999999999878e-07
2.280000000000000034e-07
5.160000000000000148e-07
6.400000000000000399e-08
5.999999999999999464e-08
6.400000000000000399e-08
9.200000000000000325e-08
1.439999999999999924e-07
2.200000000000000112e-07
6.799999999999999481e-07
2.639999999999999817e-07
6.400000000000000399e-08
6.800000000000000010e-08
8.799999999999999390e-08
9.200000000000000325e-08
1.160000000000000064e-07
1.439999999999999924e-07
2.759999999999999833e-07
6.400000000000000399e-08
6.800000000000000010e-08
9.200000000000000325e-08
5.279999999999999634e-07
8.439999999999999872e-07
4.040000000000000177e-07
5.120000000000000319e-07
2.440000000000000144e-07
6.400000000000000399e-08
6.800000000000000010e-08
9.200000000000000325e-08
9.599999999999999936e-08
1.160000000000000064e-07
1.199999999999999893e-07
1.239999999999999986e-07
1.439999999999999924e-07
1.720000000000000049e-07
1.999999999999999909e-07
2.239999999999999941e-07
2.320000000000000128e-07
2.519999999999999801e-07
1.264000000000000095e-06
2.879999999999999848e-07
2.119999999999999925e-07
1.840000000000000065e-07
6.400000000000000399e-08
1.400000000000000095e-07
6.600000000000000337e-07
6.400000000000000399e-08
3.599999999999999943e-07
4.280000000000000209e-07
4.680000000000000085e-07
1.831999999999999993e-06
6.400000000000000399e-08
6.800000000000000010e-08
9.200000000000000325e-08
9.599999999999999936e-08
1.199999999999999893e-07
2.840000000000000020e-07
1.703999999999999906e-06
1.319999999999999909e-07
2.960000000000000035e-07
2.800000000000000191e-07
5.999999999999999464e-08
6.600000000000000337e-07
6.640000000000000165e-07
6.679999999999999994e-07
6.719999999999999823e-07
1.640000000000000127e-07
8.799999999999999390e-08
6.400000000000000399e-08
3.119999999999999880e-07
4.239999999999999850e-07
3.419999999999999866e-06
3.424000000000000167e-06
3.428000000000000044e-06
3.431999999999999921e-06
3.435999999999999798e-06
3.443999999999999975e-06
5.728000000000000046e-06
5.999999999999999464e-08
2.519999999999999801e-07
1.840000000000000065e-07
5.640000000000000211e-07
6.400000000000000399e-08
6.800000000000000010e-08
8.799999999999999390e-08
9.200000000000000325e-08
9.599999999999999936e-08
1.160000000000000064e-07
1.439999999999999924e-07
3.839999999999999974e-07
1.960000000000000081e-07
5.999999999999999464e-08
8.799999999999999390e-08
1.759999999999999878e-07
1.255999999999999918e-06
1.260000000000000007e-06
1.264000000000000095e-06
1.267999999999999972e-06
1.272000000000000061e-06
1.540000000000000079e-06
2.616000000000000026e-06
3.800000000000000146e-07
3.560000000000000114e-07
2.071999999999999813e-06
2.239999999999999941e-07
8.999999999999999593e-07
2.599999999999999988e-07
2.239999999999999941e-07
6.400000000000000399e-08
8.799999999999999390e-08
9.200000000000000325e-08
9.599999999999999936e-08
1.199999999999999893e-07
6.400000000000000399e-08
6.800000000000000010e-08
9.200000000000000325e-08
1.199999999999999893e-07
2.239999999999999941e-07
1.400000000000000095e-07
2.200000000000000112e-07
6.400000000000000399e-08
6.800000000000000010e-08
9.200000000000000325e-08
9.599999999999999936e-08
1.160000000000000064e-07
1.199999999999999893e-07
1.439999999999999924e-07
1.480000000000000018e-07
2.724000000000000093e-06
2.239999999999999941e-07
9.599999999999999936e-08
6.400000000000000399e-08
4.320000000000000037e-07
3.192000000000000101e-06
6.400000000000000399e-08
9.200000000000000325e-08
1.160000000000000064e-07
1.199999999999999893e-07
1.399999999999999937e-06
6.400000000000000399e-08
6.800000000000000010e-08
9.200000000000000325e-08
1.759999999999999878e-07
1.400000000000000095e-07
3.599999999999999943e-07
3.759999999999999788e-07
3.800000000000000146e-07
3.839999999999999974e-07
3.879999999999999803e-07
3.920000000000000161e-07
6.400000000000000399e-08
9.200000000000000325e-08
1.160000000000000064e-07
1.199999999999999893e-07
1.439999999999999924e-07
2.479999999999999972e-07
5.440000000000000008e-07
7.439999999999999917e-07
6.400000000000000399e-08
3.040000000000000222e-07
1.740000000000000069e-06
1.204000000000000034e-06
1.912000000000000074e-06
6.800000000000000010e-08
1.359999999999999896e-06
4.799999999999999571e-07
5.680000000000000039e-07
2.184000000000000181e-06
1.244000000000000075e-06
6.400000000000000399e-08
4.640000000000000256e-07
5.999999999999999464e-08
1.088000000000000002e-06
6.400000000000000399e-08
5.999999999999999464e-08
3.040000000000000222e-07
2.080000000000000096e-07
1.640000000000000127e-07
1.632000000000000002e-06
6.400000000000000399e-08
6.360000000000000305e-07
6.400000000000000134e-07
6.479999999999999791e-07
1.427999999999999923e-06
5.999999999999999464e-08
5.320000000000000522e-07
5.360000000000000350e-07
5.400000000000000179e-07
5.440000000000000008e-07
5.479999999999999837e-07
5.519999999999999666e-07
5.559999999999999494e-07
5.680000000000000039e-07
5.759999999999999697e-07
5.959999999999999900e-07
5.999999999999999728e-07
6.239999999999999760e-07
6.279999999999999589e-07
6.519999999999999620e-07
2.239999999999999941e-07
1.176000000000000048e-06
5.400000000000000179e-07
1.811999999999999973e-06
1.940000000000000060e-06
1.943999999999999937e-06
1.947999999999999814e-06
1.952000000000000115e-06
6.759999999999999652e-07
2.680000000000000175e-07
6.400000000000000399e-08
9.239999999999999624e-07
6.400000000000000399e-08
6.800000000000000010e-08
9.200000000000000325e-08
1.199999999999999893e-07
1.439999999999999924e-07
4.400000000000000224e-07
4.440000000000000053e-07
3.519999999999999756e-07
3.680000000000000130e-07
3.719999999999999959e-07
3.759999999999999788e-07
3.800000000000000146e-07
3.839999999999999974e-07
1.819999999999999939e-06
6.800000000000000010e-08
1.667999999999999954e-06
1.672000000000000043e-06
1.680000000000000009e-06
1.684000000000000097e-06
1.692000000000000063e-06
2.119999999999999925e-07
6.400000000000000399e-08
2.320000000000000128e-07
6.400000000000000399e-08
1.452000000000000032e-06
3.040000000000000222e-07
2.355999999999999974e-06
1.759999999999999878e-07
2.440000000000000144e-07
9.840000000000000232e-07
6.400000000000000399e-08
5.999999999999999464e-08
6.400000000000000399e-08
2.200000000000000112e-07
2.519999999999999801e-07
4.640000000000000256e-07
9.760000000000000575e-07
5.188000000000000134e-06
3.599999999999999943e-07
6.400000000000000399e-08
9.200000000000000325e-08
1.160000000000000064e-07
1.199999999999999893e-07
1.439999999999999924e-07
1.720000000000000049e-07
1.999999999999999909e-07
4.479999999999999882e-07
6.400000000000000399e-08
9.200000000000000325e-08
1.199999999999999893e-07
6.400000000000000399e-08
4.599999999999999898e-07
4.160000000000000193e-07
6.400000000000000399e-08
2.200000000000000112e-07
1.540000000000000079e-06
1.799999999999999971e-07
1.999999999999999909e-07
6.400000000000000399e-08
6.400000000000000399e-08
5.999999999999999464e-08
2.280000000000000034e-07
1.379999999999999916e-06
1.384000000000000005e-06
1.391999999999999971e-06
6.400000000000000399e-08
6.400000000000000399e-08
1.756000000000000001e-06
1.108000000000000022e-06
6.999999999999999683e-07
2.160000000000000019e-07
2.287999999999999947e-06
1.348000000000000053e-06
2.599999999999999988e-07
6.400000000000000399e-08
5.239999999999999805e-07
3.560000000000000114e-07
5.999999999999999464e-08
6.400000000000000399e-08
9.200000000000000325e-08
8.679999999999999904e-07
2.483999999999999849e-06
2.960000000000000035e-07
2.280000000000000034e-07
6.400000000000000399e-08
2.024000000000000019e-06
5.519999999999999666e-07
2.800000000000000191e-07
1.400000000000000095e-07
4.959999999999999945e-07
4.200000000000000022e-07
2.888000000000000132e-06
2.479999999999999972e-07
5.719999999999999868e-07
2.148000000000000017e-06
3.200000000000000067e-07
6.400000000000000399e-08
6.400000000000000399e-08
9.200000000000000325e-08
5.999999999999999728e-07
2.291999999999999824e-06
2.296000000000000125e-06
2.300000000000000002e-06
7.359999999999999836e-06
8.919999999999999935e-07
5.999999999999999464e-08
6.400000000000000399e-08
6.400000000000000399e-08
1.199999999999999893e-07
1.439999999999999924e-07
1.919999999999999987e-07
1.160000000000000064e-07
6.800000000000000010e-08
6.400000000000000399e-08
1.239999999999999986e-07
3.639999999999999772e-07
8.199999999999999841e-07
8.239999999999999669e-07
1.199999999999999893e-07
6.400000000000000399e-08
6.400000000000000399e-08
7.239999999999999715e-07
7.279999999999999544e-07
5.999999999999999464e-08
6.400000000000000399e-08
9.200000000000000325e-08
1.160000000000000064e-07
1.199999999999999893e-07
1.439999999999999924e-07
1.679999999999999956e-07
1.720000000000000049e-07
1.999999999999999909e-07
2.280000000000000034e-07
1.652000000000000023e-06
9.999999999999999547e-08
5.999999999999999464e-08
2.280000000000000034e-07
5.999999999999999464e-08
8.799999999999999390e-08
9.200000000000000325e-08
3.040000000000000222e-07
4.840000000000000459e-07
6.400000000000000399e-08
2.440000000000000144e-07
2.759999999999999833e-07
2.200000000000000112e-07
1.819999999999999939e-06
6.519999999999999620e-07
5.999999999999999464e-08
2.720000000000000004e-07
5.999999999999999464e-08
6.400000000000000399e-08
6.800000000000000010e-08
8.799999999999999390e-08
9.200000000000000325e-08
1.160000000000000064e-07
1.199999999999999893e-07
1.439999999999999924e-07
1.480000000000000018e-07
1.679999999999999956e-07
1.720000000000000049e-07
1.960000000000000081e-07
1.999999999999999909e-07
2.519999999999999801e-07
2.840000000000000020e-07
3.040000000000000222e-07
1.212000000000000000e-06
5.999999999999999464e-08
1.384000000000000005e-06
5.999999999999999464e-08
2.999999999999999864e-07
1.503999999999999915e-06
6.400000000000000399e-08
6.400000000000000399e-08
1.720000000000000049e-07
6.400000000000000399e-08
6.719999999999999823e-07
8.320000000000000386e-07
6.800000000000000010e-08
1.280000000000000080e-07
1.480000000000000018e-07
4.239999999999999850e-07
6.400000000000000399e-08
9.200000000000000325e-08
3.119999999999999880e-07
4.280000000000000209e-07
6.400000000000000399e-08
2.639999999999999817e-07
7.039999999999999512e-07
5.999999999999999464e-08
6.400000000000000399e-08
2.440000000000000144e-07
7.880000000000000152e-07
6.479999999999999791e-07
2.599999999999999988e-07
2.440000000000000144e-07
2.440000000000000144e-07
5.999999999999999464e-08
1.360000000000000002e-07
2.239999999999999941e-07
2.160000000000000019e-07
7.371999999999999891e-06
2.519999999999999801e-07
2.519999999999999801e-07
6.880000000000000197e-07
1.720000000000000049e-07
6.400000000000000399e-08
3.351999999999999840e-06
1.363999999999999985e-06
6.400000000000000399e-08
6.400000000000000399e-08
1.647999999999999934e-06
6.400000000000000399e-08
4.719999999999999702e-06
4.724000000000000002e-06
4.728000000000000303e-06
1.319999999999999909e-07
3.399999999999999740e-07
6.400000000000000399e-08
6.800000000000000010e-08
9.200000000000000325e-08
2.960000000000000035e-07
8.959999999999999764e-07
2.359999999999999957e-07
4.560000000000000069e-07
2.800000000000000191e-07
5.999999999999999464e-08
6.400000000000000399e-08
8.799999999999999390e-08
9.200000000000000325e-08
1.119999999999999970e-07
1.160000000000000064e-07
1.439999999999999924e-07
1.799999999999999971e-07
2.680000000000000175e-07
6.400000000000000399e-08
6.400000000000000399e-08
9.599999999999999936e-08
2.239999999999999941e-07
2.720000000000000004e-07
6.400000000000000399e-08
1.160000000000000064e-07
1.004000000000000044e-06
2.960000000000000035e-06
2.963999999999999912e-06
2.967999999999999789e-06
2.972000000000000090e-06
2.975999999999999967e-06
2.979999999999999844e-06
2.396000000000000014e-06
6.400000000000000399e-08
6.800000000000000010e-08
8.799999999999999390e-08
9.200000000000000325e-08
9.599999999999999936e-08
1.199999999999999893e-07
1.439999999999999924e-07
1.480000000000000018e-07
1.759999999999999878e-07
4.239999999999999850e-07
1.827999999999999905e-06
6.400000000000000399e-08
5.999999999999999464e-08
1.444000000000000066e-06
9.080000000000000309e-07
6.400000000000000399e-08
9.200000000000000325e-08
9.599999999999999936e-08
2.479999999999999972e-07
2.519999999999999801e-07
1.579999999999999907e-06
1.999999999999999909e-07
6.400000000000000399e-08
6.800000000000000010e-08
2.160000000000000019e-07
1.999999999999999909e-07
1.879999999999999894e-07
1.239999999999999986e-07
2.479999999999999972e-07
1.280000000000000027e-06
1.283999999999999904e-06
6.400000000000000399e-08
2.119999999999999925e-07
3.396000000000000181e-06
3.400000000000000058e-06
3.403999999999999935e-06
3.407999999999999812e-06
3.415999999999999989e-06
3.428000000000000044e-06
3.435999999999999798e-06
6.400000000000000399e-08
6.800000000000000010e-08
9.200000000000000325e-08
9.599999999999999936e-08
1.199999999999999893e-07
2.239999999999999941e-07
1.999999999999999909e-07
1.583999999999999996e-06
5.999999999999999464e-08
4.280000000000000209e-07
6.120000000000000274e-07
7.439999999999999917e-07
1.331999999999999910e-06
1.335999999999999999e-06
6.400000000000000399e-08
4.320000000000000037e-07
4.759999999999999742e-07
1.999999999999999909e-07
6.400000000000000399e-08
2.560000000000000159e-07
6.800000000000000010e-08
3.239999999999999896e-07
5.360000000000000350e-07
6.400000000000000399e-08
6.800000000000000010e-08
9.200000000000000325e-08
2.440000000000000144e-07
1.111999999999999899e-06
1.892000000000000054e-06
1.743999999999999946e-06
6.400000000000000399e-08
9.719999999999999687e-07
1.007999999999999921e-06
2.639999999999999817e-07
1.080000000000000036e-06
1.083999999999999913e-06
1.088000000000000002e-06
1.092000000000000090e-06
6.800000000000000010e-08
6.400000000000000399e-08
2.320000000000000128e-07
1.723999999999999926e-06
1.199999999999999893e-07
1.239999999999999986e-07
2.928000000000000172e-06
1.759999999999999878e-07
2.599999999999999988e-07
5.999999999999999464e-08
6.160000000000000102e-07
6.199999999999999931e-07
6.239999999999999760e-07
6.279999999999999589e-07
6.320000000000000476e-07
6.400000000000000134e-07
6.519999999999999620e-07
6.600000000000000337e-07
6.400000000000000399e-08
6.800000000000000010e-08
9.200000000000000325e-08
5.999999999999999464e-08
6.400000000000000399e-08
6.800000000000000010e-08
9.200000000000000325e-08
1.199999999999999893e-07
3.999999999999999819e-07
4.040000000000000177e-07
4.080000000000000006e-07
4.119999999999999835e-07
4.160000000000000193e-07
4.320000000000000037e-07
5.199999999999999976e-07
1.743999999999999946e-06
4.880000000000000287e-07
6.400000000000000399e-08
6.400000000000000399e-08
2.659999999999999943e-06
6.400000000000000399e-08
6.800000000000000010e-08
7.199999999999999621e-08
9.200000000000000325e-08
9.599999999999999936e-08
1.199999999999999893e-07
1.239999999999999986e-07
1.439999999999999924e-07
1.480000000000000018e-07
1.759999999999999878e-07
1.999999999999999909e-07
2.280000000000000034e-07
2.800000000000000191e-07
1.875999999999999911e-06
1.799999999999999971e-07
6.400000000000000399e-08
2.668000000000000121e-06
5.999999999999999464e-08
9.200000000000000325e-08
6.400000000000000399e-08
1.735999999999999981e-06
5.999999999999999464e-08
3.239999999999999896e-07
2.680000000000000175e-07
6.400000000000000399e-08
3.399999999999999740e-07
2.320000000000000128e-07
1.359999999999999896e-06
1.275999999999999938e-06
2.560000000000000159e-07
2.519999999999999801e-07
1.232000000000000020e-06
6.400000000000000399e-08
6.400000000000000399e-08
1.759999999999999878e-07
6.400000000000000399e-08
2.800000000000000191e-07
4.479999999999999882e-07
1.591999999999999962e-06
1.840000000000000065e-07
3.920000000000000161e-07
1.919999999999999987e-07
1.751999999999999912e-06
3.479999999999999927e-07
1.227999999999999932e-06
5.559999999999999494e-07
6.400000000000000399e-08
4.359999999999999866e-07
7.199999999999999621e-08
2.599999999999999988e-07
2.280000000000000034e-07
2.280000000000000034e-07
2.320000000000000128e-07
1.331999999999999910e-06
1.376000000000000039e-06
6.400000000000000399e-08
7.039999999999999512e-07
2.840000000000000020e-07
2.239999999999999941e-07
5.999999999999999464e-08
6.800000000000000010e-08
8.799999999999999390e-08
2.800000000000000191e-07
2.440000000000000144e-07
6.360000000000000305e-07
6.400000000000000399e-08
2.999999999999999864e-07
6.400000000000000399e-08
1.280000000000000080e-07
3.599999999999999943e-07
1.159999999999999905e-06
5.120000000000000319e-07
5.199999999999999976e-07
1.280000000000000080e-07
2.160000000000000019e-07
2.639999999999999817e-07
1.500000000000000038e-06
6.800000000000000010e-08
7.199999999999999621e-08
9.200000000000000325e-08
9.599999999999999936e-08
9.999999999999999547e-08
1.199999999999999893e-07
1.239999999999999986e-07
1.480000000000000018e-07
1.520000000000000111e-07
1.759999999999999878e-07
1.999999999999999909e-07
2.280000000000000034e-07
3.359999999999999911e-07
6.400000000000000399e-08
6.999999999999999683e-07
5.999999999999999464e-08
8.799999999999999390e-08
6.400000000000000399e-08
1.528000000000000024e-06
2.479999999999999972e-07
5.999999999999999464e-08
9.479999999999999656e-07
6.400000000000000399e-08
3.639999999999999772e-07
6.959999999999999854e-07
4.799999999999999571e-07
4.840000000000000459e-07
4.880000000000000287e-07
4.920000000000000116e-07
4.959999999999999945e-07
5.039999999999999603e-07
2.519999999999999801e-07
1.672000000000000043e-06
1.239999999999999986e-07
2.999999999999999864e-07
3.040000000000000222e-07
1.371999999999999951e-06
2.160000000000000019e-07
2.200000000000000112e-07
2.239999999999999941e-07
2.280000000000000034e-07
2.160000000000000019e-07
3.999999999999999819e-07
2.680000000000000175e-07
7.679999999999999949e-07
4.999999999999999774e-07
2.519999999999999801e-07
3.920000000000000161e-07
5.999999999999999728e-07
1.295999999999999958e-06
6.800000000000000010e-08
1.188000000000000103e-06
6.400000000000000399e-08
6.800000000000000010e-08
9.200000000000000325e-08
9.599999999999999936e-08
1.199999999999999893e-07
1.439999999999999924e-07
6.400000000000000399e-08
9.200000000000000325e-08
2.200000000000000112e-07
2.040000000000000003e-07
2.519999999999999801e-07
6.400000000000000399e-08
6.400000000000000399e-08
1.351999999999999930e-06
6.400000000000000399e-08
6.800000000000000010e-08
9.200000000000000325e-08
9.599999999999999936e-08
1.199999999999999893e-07
1.480000000000000018e-07
5.400000000000000179e-07
9.680000000000000917e-07
2.519999999999999801e-07
1.199999999999999893e-07
7.080000000000000400e-07
6.400000000000000399e-08
9.760000000000000575e-07
6.400000000000000399e-08
1.720000000000000049e-07
6.400000000000000399e-08
5.640000000000000211e-07
2.680000000000000175e-07
5.600000000000000382e-07
6.400000000000000399e-08
1.759999999999999878e-07
4.719999999999999913e-07
5.160000000000000148e-07
2.160000000000000019e-07
6.400000000000000399e-08
6.800000000000000010e-08
9.200000000000000325e-08
1.199999999999999893e-07
6.800000000000000010e-08
1.280000000000000080e-07
2.280000000000000034e-07
2.359999999999999957e-07
2.200000000000000112e-07
1.560000000000000099e-06
1.260000000000000007e-06
6.400000000000000399e-08
1.919999999999999987e-07
6.400000000000000399e-08
5.999999999999999464e-08
6.400000000000000399e-08
8.799999999999999390e-08
2.287999999999999947e-06
5.999999999999999464e-08
4.719999999999999913e-07
1.568000000000000065e-06
1.323999999999999944e-06
3.119999999999999880e-07
6.400000000000000399e-08
2.479999999999999972e-07
2.840000000000000020e-07
2.200000000000000112e-07
6.400000000000000399e-08
2.471999999999999795e-06
1.512000000000000093e-06
6.400000000000000399e-08
9.200000000000000325e-08
6.400000000000000399e-08
6.039999999999999557e-07
6.400000000000000399e-08
6.800000000000000010e-08
9.200000000000000325e-08
9.599999999999999936e-08
1.199999999999999893e-07
1.439999999999999924e-07
1.480000000000000018e-07
2.399999999999999786e-07
2.519999999999999801e-07
2.759999999999999833e-07
2.800000000000000191e-07
5.999999999999999464e-08
1.928000000000000006e-06
6.400000000000000399e-08
2.320000000000000128e-07
6.400000000000000399e-08
9.200000000000000325e-08
5.519999999999999666e-07
2.399999999999999786e-07
1.720000000000000049e-07
1.759999999999999878e-07
5.999999999999999464e-08
6.800000000000000010e-08
1.436000000000000100e-06
1.667999999999999954e-06
2.879999999999999848e-07
2.443999999999999809e-06
3.356000000000000140e-06
3.360000000000000017e-06
3.363999999999999894e-06
3.368000000000000195e-06
3.372000000000000072e-06
4.959999999999999945e-07
2.560000000000000159e-07
9.280000000000000512e-07
1.199999999999999946e-06
4.880000000000000287e-07
3.599999999999999943e-07
3.080000000000000051e-07
5.959999999999999900e-07
2.179999999999999880e-06
4.840000000000000459e-07
1.044000000000000084e-06
6.400000000000000399e-08
6.400000000000000399e-08
6.800000000000000010e-08
6.400000000000000399e-08
6.400000000000000399e-08
6.400000000000000399e-08
6.800000000000000010e-08
9.200000000000000325e-08
9.599999999999999936e-08
1.199999999999999893e-07
1.480000000000000018e-07
2.599999999999999988e-07
2.239999999999999941e-07
1.968000000000000046e-06
1.975999999999999800e-06
1.980000000000000101e-06
2.151999999999999894e-06
5.999999999999999464e-08
1.759999999999999878e-07
1.799999999999999971e-07
6.400000000000000399e-08
6.800000000000000010e-08
1.563999999999999976e-06
6.800000000000000010e-08
1.160000000000000064e-07
2.040000000000000003e-07
5.999999999999999464e-08
1.799999999999999971e-07
6.400000000000000399e-08
6.400000000000000399e-08
1.400000000000000095e-07
6.400000000000000134e-07
6.400000000000000399e-08
1.735999999999999981e-06
1.740000000000000069e-06
1.743999999999999946e-06
1.748000000000000035e-06
1.751999999999999912e-06
6.400000000000000399e-08
6.400000000000000399e-08
6.800000000000000010e-08
6.400000000000000399e-08
5.640000000000000211e-07
1.356000000000000019e-06
6.400000000000000399e-08
6.800000000000000010e-08
9.599999999999999936e-08
6.800000000000000010e-08
1.108000000000000022e-06
1.111999999999999899e-06
1.115999999999999988e-06
1.120000000000000076e-06
1.515999999999999970e-06
5.935999999999999579e-06
5.999999999999999464e-08
9.200000000000000325e-08
6.400000000000000399e-08
1.019999999999999975e-06
2.320000000000000128e-07
3.119999999999999880e-07
2.479999999999999972e-07
5.999999999999999464e-08
6.400000000000000399e-08
9.200000000000000325e-08
5.160000000000000148e-07
5.199999999999999976e-07
7.479999999999999746e-07
1.879999999999999894e-07
1.960000000000000081e-07
6.800000000000000010e-08
2.320000000000000128e-07
6.800000000000000010e-08
9.200000000000000325e-08
1.199999999999999893e-07
6.400000000000000399e-08
3.300000000000000168e-06
6.400000000000000399e-08
6.800000000000000010e-08
7.199999999999999621e-08
9.599999999999999936e-08
9.999999999999999547e-08
1.480000000000000018e-07
2.319999999999999810e-06
2.560000000000000159e-07
4.799999999999999571e-07
6.400000000000000399e-08
4.359999999999999866e-07
2.960000000000000035e-07
3.639999999999999772e-07
4.959999999999999945e-07
1.280000000000000080e-07
1.480000000000000018e-07
6.360000000000000305e-07
1.960000000000000081e-07
6.400000000000000399e-08
6.400000000000000399e-08
6.800000000000000010e-08
7.199999999999999621e-08
9.200000000000000325e-08
9.599999999999999936e-08
1.199999999999999893e-07
1.239999999999999986e-07
1.439999999999999924e-07
1.480000000000000018e-07
1.720000000000000049e-07
1.759999999999999878e-07
1.999999999999999909e-07
2.040000000000000003e-07
2.080000000000000096e-07
2.280000000000000034e-07
2.519999999999999801e-07
2.800000000000000191e-07
1.176000000000000048e-06
1.331999999999999910e-06
2.239999999999999941e-07
2.280000000000000034e-07
6.400000000000000399e-08
6.400000000000000399e-08
2.479999999999999972e-07
6.400000000000000399e-08
6.800000000000000010e-08
9.200000000000000325e-08
1.199999999999999893e-07
2.800000000000000191e-07
1.052000000000000050e-06
6.400000000000000399e-08
2.160000000000000019e-07
6.400000000000000399e-08
6.400000000000000399e-08
5.999999999999999464e-08
1.879999999999999894e-07
6.400000000000000399e-08
6.400000000000000399e-08
1.912000000000000074e-06
2.067999999999999936e-06
6.400000000000000399e-08
6.400000000000000399e-08
1.999999999999999909e-07
4.160000000000000193e-07
2.519999999999999801e-07
1.280000000000000080e-07
1.559999999999999940e-07
2.560000000000000159e-07
7.840000000000000323e-07
7.880000000000000152e-07
7.919999999999999980e-07
7.959999999999999809e-07
8.040000000000000526e-07
2.064000000000000059e-06
1.308000000000000013e-06
6.400000000000000399e-08
6.800000000000000010e-08
5.999999999999999464e-08
6.400000000000000399e-08
7.199999999999999886e-07
6.400000000000000399e-08
9.599999999999999142e-07
4.640000000000000256e-07
6.400000000000000399e-08
2.427999999999999877e-06
6.400000000000000399e-08
6.800000000000000010e-08
9.200000000000000325e-08
1.960000000000000081e-07
1.999999999999999909e-07
2.519999999999999801e-07
1.184000000000000014e-06
6.400000000000000399e-08
6.800000000000000010e-08
9.599999999999999936e-08
1.239999999999999986e-07
1.452000000000000032e-06
1.551999999999999921e-06
2.008000000000000087e-06
6.400000000000000399e-08
6.800000000000000010e-08
9.599999999999999936e-08
1.239999999999999986e-07
8.199999999999999841e-07
5.199999999999999976e-07
2.599999999999999988e-07
2.639999999999999817e-07
6.239999999999999760e-07
6.800000000000000010e-08
9.200000000000000325e-08
1.528000000000000024e-06
2.239999999999999941e-07
1.199999999999999893e-07
1.239999999999999986e-07
2.479999999999999972e-07
2.239999999999999941e-07
1.616000000000000071e-06
2.040000000000000003e-07
1.655999999999999900e-06
2.119999999999999925e-07
6.400000000000000399e-08
9.200000000000000325e-08
1.199999999999999893e-07
4.111999999999999763e-06
6.400000000000000399e-08
1.160000000000000064e-07
2.560000000000000159e-07
6.400000000000000399e-08
6.800000000000000010e-08
3.680000000000000130e-07
6.600000000000000337e-07
1.140000000000000097e-06
4.200000000000000022e-07
4.239999999999999850e-07
3.839999999999999974e-07
1.799999999999999971e-07
1.919999999999999987e-07
6.400000000000000399e-08
6.800000000000000010e-08
9.200000000000000325e-08
1.199999999999999893e-07
2.560000000000000159e-07
6.800000000000000010e-08
1.759999999999999878e-07
3.399999999999999740e-07
6.400000000000000399e-08
5.200000000000000241e-08
6.400000000000000399e-08
6.800000000000000010e-08
7.199999999999999621e-08
7.600000000000000556e-08
9.200000000000000325e-08
9.599999999999999936e-08
9.999999999999999547e-08
1.199999999999999893e-07
1.239999999999999986e-07
1.280000000000000080e-07
1.480000000000000018e-07
1.520000000000000111e-07
1.759999999999999878e-07
1.799999999999999971e-07
2.040000000000000003e-07
2.320000000000000128e-07
2.560000000000000159e-07
2.599999999999999988e-07
2.759999999999999833e-07
2.800000000000000191e-07
2.840000000000000020e-07
3.399999999999999740e-07
4.759999999999999742e-07
6.080000000000000445e-07
1.759999999999999878e-07
6.400000000000000399e-08
1.439999999999999924e-07
2.320000000000000128e-07
3.200000000000000067e-07
5.999999999999999464e-08
2.239999999999999941e-07
6.400000000000000399e-08
7.199999999999999621e-08
9.200000000000000325e-08
9.599999999999999936e-08
1.759999999999999878e-07
5.999999999999999464e-08
2.800000000000000191e-07
4.479999999999999882e-07
6.400000000000000399e-08
1.799999999999999971e-07
1.455999999999999909e-06
5.999999999999999728e-07
1.280000000000000080e-07
5.999999999999999464e-08
2.132000000000000086e-06
2.699999999999999984e-06
1.960000000000000081e-07
4.400000000000000224e-07
6.400000000000000399e-08
2.200000000000000112e-07
5.120000000000000319e-07
5.160000000000000148e-07
5.199999999999999976e-07
5.239999999999999805e-07
7.800000000000000494e-07
2.920000000000000207e-07
1.528000000000000024e-06
1.531999999999999901e-06
1.535999999999999990e-06
1.540000000000000079e-06
1.543999999999999956e-06
1.551999999999999921e-06
6.400000000000000399e-08
2.280000000000000034e-07
6.400000000000000399e-08
5.640000000000000211e-07
2.440000000000000144e-07
2.560000000000000159e-07
6.800000000000000010e-08
2.720000000000000004e-07
6.400000000000000399e-08
9.200000000000000325e-08
3.239999999999999896e-07
2.639999999999999817e-07
5.519999999999999666e-07
2.879999999999999848e-07
2.399999999999999786e-07
2.116000000000000154e-06
2.800000000000000191e-07
2.960000000000000035e-07
6.400000000000000399e-08
6.800000000000000010e-08
9.200000000000000325e-08
9.599999999999999936e-08
1.199999999999999893e-07
1.480000000000000018e-07
1.759999999999999878e-07
4.675999999999999784e-06
4.680000000000000085e-06
4.684000000000000385e-06
4.687999999999999839e-06
4.692000000000000139e-06
3.576000000000000152e-06
1.808000000000000096e-06
1.492000000000000072e-06
2.999999999999999864e-07
1.980000000000000101e-06
3.148000000000000184e-06
3.152000000000000061e-06
3.155999999999999938e-06
3.159999999999999815e-06
6.400000000000000399e-08
5.400000000000000179e-07
9.519999999999999484e-07
5.999999999999999464e-08
1.687999999999999974e-06
2.200000000000000112e-07
1.239999999999999986e-07
2.800000000000000191e-07
1.760000000000000090e-06
6.400000000000000399e-08
8.799999999999999390e-08
9.200000000000000325e-08
1.160000000000000064e-07
1.879999999999999894e-07
3.119999999999999880e-07
1.720000000000000049e-06
5.999999999999999464e-08
6.400000000000000399e-08
6.800000000000000010e-08
9.200000000000000325e-08
1.160000000000000064e-07
1.199999999999999893e-07
1.439999999999999924e-07
1.720000000000000049e-07
1.919999999999999987e-07
1.999999999999999909e-07
2.239999999999999941e-07
5.999999999999999464e-08
5.999999999999999464e-08
6.400000000000000399e-08
2.399999999999999786e-07
6.400000000000000399e-08
6.800000000000000010e-08
8.799999999999999390e-08
9.200000000000000325e-08
9.599999999999999936e-08
1.160000000000000064e-07
1.199999999999999893e-07
1.439999999999999924e-07
1.480000000000000018e-07
1.720000000000000049e-07
1.999999999999999909e-07
2.239999999999999941e-07
2.280000000000000034e-07
3.280000000000000254e-07
3.320000000000000083e-07
6.560000000000000508e-07
4.971999999999999999e-06
3.040000000000000222e-07
1.160000000000000064e-07
1.199999999999999893e-07
5.999999999999999464e-08
9.200000000000000325e-08
1.239999999999999986e-07
5.200000000000000241e-08
5.999999999999999464e-08
6.400000000000000399e-08
9.200000000000000325e-08
1.399999999999999937e-06
2.011999999999999964e-06
8.560000000000000417e-07
6.400000000000000399e-08
8.799999999999999390e-08
9.200000000000000325e-08
2.639999999999999817e-07
2.027999999999999896e-06
2.032000000000000196e-06
5.999999999999999464e-08
6.400000000000000399e-08
6.800000000000000010e-08
8.799999999999999390e-08
9.200000000000000325e-08
1.160000000000000064e-07
1.199999999999999893e-07
1.439999999999999924e-07
1.960000000000000081e-07
2.479999999999999972e-07
2.759999999999999833e-07
6.400000000000000399e-08
2.479999999999999972e-07
6.400000000000000399e-08
3.040000000000000222e-07
2.320000000000000128e-07
6.400000000000000399e-08
5.120000000000000319e-07
4.920000000000000116e-07
6.400000000000000399e-08
6.800000000000000010e-08
9.200000000000000325e-08
9.599999999999999936e-08
2.680000000000000175e-07
2.960000000000000035e-07
1.331999999999999910e-06
1.335999999999999999e-06
1.343999999999999965e-06
5.999999999999999464e-08
2.920000000000000207e-07
6.400000000000000399e-08
6.800000000000000010e-08
7.199999999999999621e-08
9.200000000000000325e-08
9.599999999999999936e-08
1.199999999999999893e-07
1.480000000000000018e-07
2.239999999999999941e-07
6.400000000000000399e-08
5.880000000000000242e-07
1.160000000000000064e-07
2.759999999999999833e-07
2.560000000000000159e-07
5.400000000000000179e-07
1.123999999999999953e-06
6.400000000000000399e-08
1.728000000000000015e-06
6.400000000000000399e-08
6.400000000000000399e-08
6.400000000000000399e-08
1.359999999999999896e-06
2.119999999999999925e-07
4.080000000000000006e-07
3.479999999999999927e-07
2.160000000000000019e-07
5.999999999999999464e-08
1.103999999999999933e-06
6.400000000000000399e-08
6.080000000000000445e-07
2.320000000000000128e-07
6.400000000000000399e-08
5.999999999999999464e-08
2.832000000000000160e-06
6.400000000000000399e-08
2.680000000000000175e-07
2.999999999999999864e-07
2.759999999999999833e-07
8.800000000000000449e-07
6.400000000000000399e-08
6.800000000000000010e-08
2.519999999999999801e-07
6.400000000000000399e-08
2.519999999999999801e-07
5.999999999999999464e-08
6.400000000000000399e-08
5.999999999999999464e-08
6.400000000000000399e-08
1.840000000000000065e-07
6.400000000000000399e-08
6.800000000000000010e-08
5.999999999999999464e-08
1.644000000000000057e-06
3.080000000000000051e-07
2.160000000000000019e-07
2.080000000000000096e-07
1.319999999999999909e-07
6.400000000000000399e-08
1.636000000000000091e-06
1.639999999999999968e-06
1.644000000000000057e-06
1.647999999999999934e-06
1.667999999999999954e-06
9.719999999999999687e-07
9.760000000000000575e-07
9.799999999999999345e-07
9.840000000000000232e-07
9.879999999999999002e-07
9.919999999999999890e-07
9.960000000000000777e-07
1.004000000000000044e-06
1.012000000000000009e-06
1.032000000000000030e-06
1.035999999999999907e-06
1.039999999999999995e-06
1.060000000000000016e-06
1.064000000000000104e-06
1.088000000000000002e-06
1.092000000000000090e-06
1.115999999999999988e-06
1.191999999999999980e-06
2.551999999999999876e-06
7.439999999999999917e-07
1.999999999999999909e-07
2.040000000000000003e-07
1.191999999999999980e-06
1.960000000000000081e-07
1.219999999999999966e-06
2.720000000000000004e-07
5.759999999999999697e-07
2.680000000000000175e-07
5.880000000000000242e-07
1.679999999999999956e-07
2.119999999999999925e-07
2.599999999999999988e-07
6.400000000000000399e-08
6.800000000000000010e-08
9.200000000000000325e-08
9.599999999999999936e-08
1.199999999999999893e-07
1.239999999999999986e-07
1.480000000000000018e-07
1.759999999999999878e-07
1.999999999999999909e-07
2.263999999999999838e-06
1.840000000000000065e-07
2.040000000000000003e-07
2.639999999999999817e-07
2.080000000000000096e-07
6.400000000000000399e-08
9.200000000000000325e-08
2.720000000000000004e-07
5.999999999999999464e-08
2.280000000000000034e-07
8.279999999999999498e-07
2.879999999999999848e-07
3.080000000000000157e-06
3.084000000000000034e-06
3.087999999999999911e-06
3.092000000000000212e-06
3.800000000000000146e-07
5.999999999999999464e-08
2.320000000000000128e-07
6.400000000000000399e-08
9.200000000000000325e-08
1.436000000000000100e-06
6.360000000000000305e-07
5.440000000000000008e-07
1.119999999999999970e-07
1.160000000000000064e-07
1.199999999999999893e-07
1.239999999999999986e-07
1.280000000000000080e-07
1.360000000000000002e-07
1.439999999999999924e-07
2.239999999999999941e-07
2.840000000000000020e-07
2.040000000000000003e-07
6.759999999999999652e-07
2.960000000000000035e-07
6.400000000000000399e-08
6.800000000000000010e-08
7.199999999999999621e-08
9.200000000000000325e-08
9.599999999999999936e-08
1.199999999999999893e-07
1.239999999999999986e-07
1.480000000000000018e-07
2.479999999999999972e-07
7.560000000000000463e-07
2.135999999999999963e-06
2.040000000000000003e-07
8.560000000000000417e-07
4.080000000000000006e-07
1.483999999999999895e-06
6.400000000000000399e-08
2.960000000000000035e-07
2.759999999999999833e-07
1.455999999999999909e-06
3.280000000000000254e-07
6.800000000000000010e-08
3.399999999999999740e-07
8.759999999999999561e-07
1.919999999999999987e-07
6.400000000000000399e-08
6.800000000000000010e-08
8.799999999999999390e-08
9.200000000000000325e-08
9.599999999999999936e-08
1.160000000000000064e-07
1.199999999999999893e-07
1.439999999999999924e-07
1.480000000000000018e-07
1.720000000000000049e-07
2.239999999999999941e-07
4.080000000000000006e-07
6.400000000000000399e-08
2.599999999999999988e-07
1.436000000000000100e-06
2.200000000000000112e-07
6.400000000000000399e-08
5.999999999999999464e-08
1.640000000000000127e-07
6.400000000000000399e-08
6.400000000000000399e-08
2.320000000000000128e-07
6.400000000000000399e-08
2.560000000000000159e-07
2.399999999999999786e-07
1.275999999999999938e-06
6.800000000000000010e-08
1.919999999999999987e-07
7.239999999999999715e-07
2.359999999999999957e-07
2.759999999999999833e-07
1.199999999999999893e-07
1.239999999999999986e-07
1.032000000000000030e-06
7.640000000000000120e-07
6.400000000000000399e-08
1.560000000000000099e-06
1.632000000000000002e-06
2.160000000000000019e-07
6.400000000000000399e-08
6.400000000000000399e-08
3.119999999999999880e-07
1.783999999999999987e-06
5.080000000000000490e-07
8.679999999999999904e-07
2.144000000000000140e-06
6.400000000000000399e-08
2.560000000000000159e-07
2.280000000000000034e-07
5.519999999999999666e-07
5.640000000000000211e-07
6.800000000000000010e-08
9.200000000000000325e-08
2.479999999999999972e-07
2.200000000000000112e-07
1.400000000000000095e-07
1.759999999999999878e-07
1.759999999999999878e-07
6.400000000000000399e-08
1.759999999999999878e-07
2.320000000000000128e-07
1.400000000000000095e-07
2.239999999999999941e-07
2.759999999999999833e-07
5.999999999999999464e-08
4.640000000000000256e-07
5.999999999999999464e-08
9.200000000000000325e-08
2.440000000000000144e-07
6.400000000000000399e-08
6.400000000000000399e-08
6.400000000000000399e-08
9.200000000000000325e-08
6.999999999999999683e-07
2.599999999999999988e-07
2.399999999999999786e-07
2.320000000000000128e-07
5.999999999999999464e-08
7.800000000000000494e-07
2.560000000000000159e-07
1.535999999999999990e-06
1.315999999999999979e-06
6.400000000000000399e-08
6.400000000000000399e-08
5.999999999999999464e-08
8.799999999999999390e-08
6.400000000000000399e-08
2.800000000000000191e-07
2.479999999999999972e-07
5.999999999999999464e-08
6.400000000000000399e-08
6.800000000000000010e-08
8.799999999999999390e-08
9.200000000000000325e-08
9.599999999999999936e-08
1.160000000000000064e-07
1.199999999999999893e-07
1.439999999999999924e-07
1.720000000000000049e-07
1.012000000000000009e-06
6.400000000000000399e-08
6.400000000000000399e-08
2.320000000000000128e-07
5.759999999999999697e-07
8.080000000000000354e-07
6.400000000000000399e-08
9.200000000000000325e-08
4.320000000000000037e-07
6.080000000000000445e-07
6.400000000000000399e-08
6.800000000000000010e-08
9.200000000000000325e-08
9.599999999999999936e-08
1.160000000000000064e-07
1.199999999999999893e-07
1.439999999999999924e-07
3.399999999999999740e-07
2.920000000000000207e-07
2.607999999999999848e-06
2.612000000000000149e-06
2.616000000000000026e-06
2.619999999999999903e-06
2.624000000000000203e-06
3.519999999999999756e-07
6.400000000000000399e-08
6.800000000000000010e-08
4.680000000000000085e-07
5.999999999999999464e-08
6.600000000000000337e-07
7.999999999999999638e-07
2.239999999999999941e-07
6.800000000000000010e-08
2.399999999999999786e-07
1.400000000000000095e-07
1.439999999999999924e-07
4.880000000000000287e-07
2.200000000000000112e-07
1.459999999999999997e-06
2.188000000000000058e-06
2.652000000000000189e-06
5.999999999999999464e-08
6.400000000000000399e-08
5.559999999999999494e-07
1.280000000000000080e-07
1.247999999999999952e-06
5.200000000000000241e-08
5.599999999999999852e-08
6.800000000000000010e-08
7.199999999999999621e-08
7.600000000000000556e-08
8.000000000000000167e-08
9.999999999999999547e-08
1.040000000000000048e-07
1.280000000000000080e-07
1.559999999999999940e-07
8.479999999999999701e-07
6.400000000000000399e-08
9.200000000000000325e-08
6.800000000000000010e-08
9.200000000000000325e-08
1.160000000000000064e-07
1.179999999999999925e-06
6.400000000000000399e-08
6.800000000000000010e-08
7.199999999999999621e-08
9.599999999999999936e-08
1.239999999999999986e-07
2.840000000000000020e-07
3.320000000000000083e-07
5.120000000000000319e-07
2.239999999999999941e-07
6.400000000000000399e-08
8.279999999999999498e-07
3.999999999999999819e-07
6.400000000000000399e-08
3.320000000000000083e-07
6.400000000000000399e-08
6.400000000000000399e-08
2.519999999999999801e-07
6.400000000000000399e-08
1.239999999999999986e-07
1.411999999999999991e-06
6.400000000000000399e-08
4.759999999999999742e-07
1.503999999999999915e-06
2.479999999999999972e-07
2.519999999999999801e-07
6.800000000000000010e-08
1.839999999999999959e-06
1.219999999999999966e-06
2.239999999999999941e-07
6.400000000000000399e-08
9.200000000000000325e-08
1.960000000000000081e-07
1.999999999999999909e-07
6.400000000000000399e-08
5.160000000000000148e-07
2.231999999999999975e-06
2.519999999999999801e-07
2.080000000000000096e-07
6.400000000000000399e-08
4.719999999999999913e-07
6.400000000000000399e-08
2.599999999999999988e-07
5.999999999999999464e-08
6.800000000000000010e-08
2.631999999999999957e-06
6.400000000000000399e-08
2.080000000000000096e-07
7.560000000000000463e-07
8.479999999999999701e-07
2.200000000000000112e-07
2.239999999999999941e-07
6.400000000000000399e-08
1.928000000000000006e-06
1.680000000000000009e-06
1.239999999999999986e-07
1.439999999999999924e-07
1.419999999999999957e-06
6.400000000000000399e-08
6.800000000000000010e-08
9.599999999999999936e-08
1.032000000000000030e-06
5.999999999999999464e-08
2.599999999999999988e-07
2.519999999999999801e-07
2.800000000000000191e-07
6.880000000000000197e-07
6.400000000000000399e-08
6.400000000000000399e-08
6.400000000000000399e-08
2.720000000000000004e-07
3.040000000000000222e-07
6.400000000000000399e-08
6.400000000000000399e-08
2.200000000000000112e-07
1.756000000000000001e-06
6.400000000000000399e-08
6.800000000000000010e-08
9.200000000000000325e-08
9.599999999999999936e-08
2.280000000000000034e-07
2.320000000000000128e-07
3.759999999999999788e-07
2.479999999999999972e-07
5.999999999999999464e-08
1.199999999999999946e-06
6.400000000000000399e-08
1.636000000000000091e-06
6.800000000000000010e-08
2.479999999999999972e-07
2.239999999999999941e-07
1.196000000000000069e-06
6.400000000000000399e-08
6.400000000000000399e-08
1.759999999999999878e-07
2.163999999999999949e-06
5.120000000000000319e-07
5.999999999999999464e-08
6.400000000000000399e-08
6.800000000000000010e-08
7.199999999999999621e-08
9.200000000000000325e-08
9.599999999999999936e-08
1.160000000000000064e-07
1.199999999999999893e-07
1.439999999999999924e-07
1.480000000000000018e-07
1.720000000000000049e-07
1.999999999999999909e-07
5.999999999999999464e-08
8.799999999999999390e-08
9.200000000000000325e-08
1.679999999999999956e-07
8.919999999999999935e-07
6.400000000000000399e-08
1.315999999999999979e-06
1.768000000000000056e-06
6.400000000000000399e-08
6.400000000000000399e-08
6.400000000000000399e-08
1.044000000000000084e-06
6.400000000000000399e-08
9.200000000000000325e-08
5.600000000000000382e-07
2.399999999999999786e-07
2.680000000000000175e-07
6.400000000000000399e-08
5.999999999999999464e-08
2.560000000000000159e-07
2.280000000000000034e-07
3.359999999999999911e-07
1.444000000000000066e-06
4.239999999999999850e-07
6.400000000000000399e-08
2.008000000000000087e-06
2.011999999999999964e-06
2.015999999999999841e-06
5.715999999999999991e-06
5.720000000000000292e-06
5.723999999999999745e-06
5.728000000000000046e-06
6.640000000000000165e-07
3.560000000000000114e-07
1.072000000000000070e-06
8.560000000000000417e-07
8.600000000000000246e-07
8.640000000000000075e-07
8.679999999999999904e-07
1.659999999999999988e-06
6.400000000000000399e-08
5.160000000000000148e-07
9.159999999999999967e-07
1.840000000000000065e-07
6.400000000000000399e-08
4.724000000000000002e-06
4.728000000000000303e-06
4.736000000000000057e-06
2.160000000000000019e-07
1.188000000000000103e-06
5.840000000000000413e-07
6.400000000000000399e-08
1.679999999999999956e-07
5.400000000000000179e-07
1.035999999999999907e-06
7.099999999999999785e-06
6.400000000000000399e-08
2.239999999999999941e-07
2.560000000000000159e-07
4.640000000000000256e-07
6.400000000000000399e-08
5.519999999999999666e-07
1.280000000000000027e-06
2.160000000000000019e-07
4.200000000000000022e-07
1.540000000000000079e-06
6.400000000000000399e-08
9.599999999999999936e-08
2.320000000000000128e-07
6.400000000000000399e-08
6.800000000000000010e-08
8.799999999999999390e-08
9.200000000000000325e-08
9.599999999999999936e-08
1.199999999999999893e-07
1.439999999999999924e-07
1.759999999999999878e-07
4.920000000000000116e-07
5.759999999999999697e-07
1.600000000000000033e-07
6.679999999999999994e-07
2.680000000000000175e-07
2.960000000000000035e-07
2.359999999999999957e-07
2.280000000000000034e-07
6.400000000000000399e-08
1.303999999999999924e-06
2.840000000000000020e-07
2.200000000000000112e-07
7.640000000000000120e-07
6.400000000000000399e-08
9.599999999999999936e-08
2.563999999999999931e-06
6.400000000000000399e-08
1.616000000000000071e-06
1.388000000000000094e-06
2.280000000000000034e-07
2.239999999999999941e-07
1.016000000000000098e-06
1.439999999999999924e-07
2.920000000000000207e-07
1.960000000000000081e-07
6.400000000000000134e-07
1.659999999999999988e-06
5.440000000000000008e-07
5.479999999999999837e-07
5.519999999999999666e-07
5.559999999999999494e-07
5.600000000000000382e-07
5.640000000000000211e-07
5.759999999999999697e-07
5.840000000000000413e-07
6.120000000000000274e-07
3.863999999999999766e-06
3.280000000000000254e-07
2.420000000000000123e-06
2.424000000000000000e-06
2.427999999999999877e-06
2.280000000000000034e-07
8.800000000000000449e-07
5.999999999999999464e-08
8.840000000000000278e-07
6.400000000000000399e-08
9.200000000000000325e-08
1.319999999999999909e-07
6.400000000000000399e-08
2.599999999999999988e-07
5.999999999999999464e-08
1.439999999999999924e-07
1.720000000000000049e-07
1.759999999999999878e-07
2.347999999999999796e-06
7.560000000000000463e-07
1.999999999999999909e-07
3.560000000000000114e-07
1.100000000000000056e-06
1.840000000000000065e-07
6.800000000000000010e-08
1.199999999999999893e-07
5.360000000000000350e-07
4.119999999999999835e-07
6.400000000000000399e-08
6.600000000000000337e-07
6.400000000000000399e-08
9.200000000000000325e-08
1.199999999999999893e-07
1.239999999999999986e-07
1.439999999999999924e-07
6.400000000000000399e-08
1.295999999999999958e-06
2.040000000000000003e-07
6.400000000000000399e-08
6.800000000000000010e-08
4.680000000000000085e-07
1.831999999999999993e-06
6.800000000000000010e-08
9.599999999999999936e-08
6.400000000000000399e-08
6.800000000000000010e-08
2.280000000000000034e-07
1.960000000000000081e-07
6.400000000000000399e-08
1.480000000000000018e-07
6.400000000000000399e-08
6.800000000000000010e-08
4.520000000000000240e-07
6.400000000000000399e-08
6.800000000000000010e-08
9.599999999999999936e-08
2.280000000000000034e-07
2.519999999999999801e-07
2.599999999999999988e-07
4.920000000000000116e-07
3.879999999999999803e-07
3.920000000000000161e-07
3.959999999999999990e-07
3.999999999999999819e-07
4.080000000000000006e-07
4.200000000000000022e-07
4.280000000000000209e-07
4.479999999999999882e-07
5.999999999999999464e-08
2.960000000000000035e-07
5.080000000000000490e-07
1.799999999999999971e-07
3.160000000000000238e-07
2.200000000000000112e-07
7.800000000000000494e-07
2.720000000000000004e-07
2.320000000000000128e-07
6.400000000000000399e-08
6.880000000000000197e-07
2.519999999999999801e-07
5.559999999999999494e-07
1.659999999999999988e-06
2.040000000000000003e-07
1.287999999999999993e-06
3.999999999999999819e-07
6.400000000000000399e-08
9.200000000000000325e-08
6.400000000000000399e-08
2.599999999999999988e-07
3.519999999999999756e-07
3.560000000000000114e-07
2.359999999999999957e-07
1.583999999999999996e-06
1.879999999999999894e-07
2.720000000000000004e-07
6.400000000000000399e-08
6.800000000000000010e-08
7.199999999999999621e-08
9.200000000000000325e-08
9.599999999999999936e-08
1.199999999999999893e-07
1.239999999999999986e-07
1.480000000000000018e-07
1.759999999999999878e-07
6.999999999999999683e-07
2.479999999999999972e-07
1.319999999999999909e-07
5.999999999999999464e-08
2.599999999999999988e-07
6.400000000000000399e-08
2.920000000000000207e-07
6.080000000000000445e-07
6.400000000000000399e-08
5.360000000000000350e-07
7.880000000000000152e-07
2.720000000000000004e-07
6.600000000000000337e-07
1.103999999999999933e-06
5.199999999999999976e-07
2.519999999999999801e-07
2.280000000000000034e-07
1.999999999999999909e-07
9.200000000000000325e-08
9.960000000000000777e-07
9.599999999999999936e-08
6.800000000000000010e-08
1.515999999999999970e-06
8.600000000000000246e-07
2.320000000000000128e-07
4.119999999999999835e-07
2.600000000000000094e-06
5.320000000000000522e-07
5.999999999999999464e-08
6.400000000000000399e-08
9.200000000000000325e-08
1.159999999999999905e-06
6.400000000000000399e-08
6.800000000000000010e-08
6.400000000000000399e-08
6.400000000000000399e-08
2.840000000000000020e-07
6.400000000000000399e-08
6.400000000000000399e-08
2.200000000000000112e-07
1.280000000000000080e-07
1.720000000000000049e-07
8.479999999999999701e-07
2.032000000000000196e-06
4.640000000000000256e-07
1.700000000000000029e-06
1.492000000000000072e-06
3.080000000000000051e-07
6.400000000000000399e-08
1.323999999999999944e-06
3.599999999999999943e-07
2.119999999999999925e-07
2.440000000000000144e-07
1.556000000000000010e-06
6.400000000000000399e-08
6.800000000000000010e-08
6.400000000000000399e-08
1.432000000000000011e-06
4.179999999999999790e-06
4.184000000000000090e-06
4.188000000000000391e-06
4.191999999999999844e-06
1.799999999999999971e-07
3.239999999999999896e-07
6.400000000000000399e-08
2.999999999999999864e-07
8.399999999999999779e-08
8.799999999999999390e-08
9.200000000000000325e-08
4.880000000000000287e-07
2.080000000000000096e-07
3.519999999999999756e-07
4.359999999999999866e-07
2.504000000000000082e-06
3.264000000000000005e-06
2.040000000000000003e-07
6.920000000000000026e-07
1.199999999999999946e-06
2.200000000000000112e-07
6.400000000000000399e-08
5.999999999999999464e-08
6.800000000000000010e-08
6.400000000000000399e-08
2.519999999999999801e-07
6.400000000000000399e-08
6.800000000000000010e-08
1.160000000000000064e-07
6.400000000000000399e-08
6.400000000000000399e-08
6.400000000000000399e-08
6.800000000000000010e-08
9.200000000000000325e-08
9.599999999999999936e-08
1.199999999999999893e-07
1.239999999999999986e-07
1.480000000000000018e-07
1.759999999999999878e-07
1.919999999999999987e-07
1.999999999999999909e-07
6.400000000000000399e-08
1.252000000000000041e-06
1.255999999999999918e-06
1.260000000000000007e-06
1.264000000000000095e-06
1.272000000000000061e-06
6.400000000000000399e-08
9.200000000000000325e-08
2.280000000000000034e-07
1.264000000000000095e-06
6.400000000000000399e-08
6.400000000000000399e-08
1.360000000000000002e-07
6.400000000000000399e-08
3.839999999999999974e-07
2.720000000000000004e-07
6.400000000000000399e-08
2.479999999999999972e-07
1.103999999999999933e-06
2.200000000000000112e-07
7.160000000000000057e-07
2.320000000000000128e-07
1.652000000000000023e-06
6.800000000000000010e-08
9.200000000000000325e-08
3.599999999999999943e-07
2.999999999999999864e-07
2.320000000000000128e-07
2.519999999999999801e-07
2.560000000000000159e-07
2.759999999999999833e-07
4.840000000000000459e-07
1.999999999999999909e-07
6.400000000000000399e-08
6.400000000000000399e-08
9.200000000000000325e-08
3.320000000000000083e-07
5.999999999999999464e-08
6.800000000000000010e-08
8.799999999999999390e-08
1.400000000000000095e-07
3.839999999999999974e-07
2.599999999999999988e-07
6.400000000000000399e-08
6.800000000000000010e-08
1.467999999999999963e-06
5.999999999999999728e-07
6.400000000000000399e-08
9.200000000000000325e-08
2.599999999999999988e-07
2.280000000000000034e-07
5.640000000000000211e-07
3.879999999999999803e-07
6.160000000000000102e-07
1.960000000000000081e-07
6.400000000000000399e-08
2.840000000000000020e-07
2.879999999999999848e-07
6.519999999999999620e-07
5.160000000000000148e-07
6.400000000000000399e-08
2.080000000000000096e-07
3.660000000000000110e-06
3.663999999999999987e-06
3.667999999999999864e-06
3.672000000000000164e-06
3.676000000000000041e-06
6.800000000000000010e-08
6.400000000000000399e-08
5.759999999999999697e-07
6.400000000000000399e-08
9.200000000000000325e-08
2.052000000000000005e-06
6.840000000000000368e-07
1.548000000000000044e-06
1.199999999999999893e-07
6.400000000000000399e-08
8.360000000000000215e-07
8.400000000000000043e-07
8.439999999999999872e-07
8.479999999999999701e-07
1.072000000000000070e-06
6.400000000000000399e-08
4.719999999999999913e-07
2.200000000000000112e-07
2.239999999999999941e-07
3.879999999999999803e-07
3.839999999999999974e-07
2.280000000000000034e-07
3.800000000000000146e-07
1.999999999999999909e-07
6.400000000000000399e-08
6.800000000000000010e-08
1.439999999999999924e-07
1.283999999999999904e-06
1.388000000000000094e-06
4.160000000000000193e-07
4.959999999999999945e-07
6.400000000000000399e-08
6.800000000000000010e-08
8.799999999999999390e-08
9.200000000000000325e-08
9.599999999999999936e-08
1.199999999999999893e-07
1.439999999999999924e-07
1.400000000000000095e-07
1.439999999999999924e-07
6.400000000000000399e-08
9.200000000000000325e-08
6.400000000000000399e-08
6.400000000000000399e-08
2.239999999999999941e-07
2.080000000000000096e-07
2.759999999999999833e-07
2.040000000000000003e-07
2.080000000000000096e-07
6.400000000000000399e-08
6.800000000000000010e-08
9.200000000000000325e-08
9.599999999999999936e-08
1.199999999999999893e-07
1.720000000000000049e-07
1.108000000000000022e-06
4.920000000000000116e-07
4.200000000000000022e-07
6.800000000000000010e-08
2.560000000000000159e-07
3.879999999999999803e-07
1.960000000000000081e-07
2.599999999999999988e-07
6.400000000000000399e-08
6.400000000000000399e-08
6.800000000000000010e-08
7.199999999999999621e-08
9.200000000000000325e-08
9.599999999999999936e-08
1.199999999999999893e-07
1.239999999999999986e-07
1.480000000000000018e-07
1.720000000000000049e-07
2.759999999999999833e-07
8.320000000000000386e-07
3.519999999999999756e-07
6.800000000000000010e-08
1.959999999999999869e-06
2.040000000000000003e-07
2.492000000000000027e-06
6.400000000000000399e-08
9.200000000000000325e-08
1.123999999999999953e-06
7.400000000000000089e-07
7.439999999999999917e-07
2.200000000000000112e-07
6.400000000000000399e-08
2.200000000000000112e-07
1.672000000000000043e-06
6.400000000000000399e-08
1.340000000000000088e-06
1.156000000000000028e-06
6.400000000000000399e-08
6.400000000000000399e-08
6.800000000000000010e-08
6.400000000000000399e-08
6.800000000000000010e-08
9.200000000000000325e-08
1.199999999999999893e-07
2.359999999999999957e-07
2.800000000000000191e-07
6.640000000000000165e-07
6.679999999999999994e-07
6.719999999999999823e-07
6.759999999999999652e-07
5.999999999999999464e-08
8.799999999999999390e-08
1.903999999999999897e-06
5.999999999999999464e-08
2.759999999999999833e-07
6.400000000000000399e-08
2.320000000000000128e-07
6.400000000000000399e-08
6.800000000000000010e-08
8.799999999999999390e-08
9.200000000000000325e-08
9.599999999999999936e-08
1.199999999999999893e-07
1.520000000000000111e-07
1.720000000000000049e-07
2.160000000000000019e-07
2.200000000000000112e-07
6.360000000000000305e-07
1.720000000000000049e-07
1.880000000000000000e-06
6.400000000000000399e-08
8.799999999999999390e-08
9.200000000000000325e-08
1.679999999999999956e-07
1.543999999999999956e-06
1.280000000000000080e-07
2.599999999999999988e-07
3.560000000000000114e-07
6.360000000000000305e-07
6.400000000000000399e-08
2.560000000000000159e-07
2.479999999999999972e-07
6.400000000000000399e-08
2.228000000000000098e-06
1.283999999999999904e-06
6.400000000000000399e-08
7.199999999999999621e-08
9.599999999999999936e-08
6.400000000000000399e-08
8.799999999999999390e-08
1.160000000000000064e-07
3.879999999999999803e-07
4.680000000000000085e-07
6.400000000000000399e-08
1.199999999999999893e-07
2.160000000000000072e-06
6.400000000000000399e-08
6.400000000000000399e-08
2.239999999999999941e-07
5.999999999999999464e-08
6.400000000000000399e-08
6.800000000000000010e-08
9.200000000000000325e-08
9.599999999999999936e-08
1.199999999999999893e-07
1.480000000000000018e-07
1.720000000000000049e-07
2.280000000000000034e-07
5.039999999999999603e-07
5.239999999999999805e-07
1.184000000000000014e-06
3.879999999999999803e-07
2.780000000000000065e-06
2.783999999999999942e-06
2.787999999999999819e-06
2.792000000000000119e-06
2.795999999999999996e-06
2.804000000000000174e-06
2.879999999999999848e-07
5.719999999999999868e-07
1.895999999999999931e-06
1.551999999999999921e-06
1.439999999999999924e-07
1.480000000000000018e-07
6.400000000000000399e-08
1.019999999999999975e-06
2.272000000000000016e-06
6.400000000000000399e-08
3.080000000000000051e-07
6.400000000000000399e-08
8.320000000000000386e-07
8.360000000000000215e-07
3.800000000000000146e-07
6.800000000000000010e-08
2.999999999999999864e-07
5.999999999999999464e-08
6.400000000000000399e-08
8.799999999999999390e-08
5.999999999999999464e-08
1.040000000000000048e-07
1.080000000000000009e-07
3.680000000000000130e-07
1.960000000000000081e-07
6.920000000000000026e-07
1.480000000000000018e-07
1.867999999999999945e-06
1.319999999999999909e-07
9.599999999999999142e-07
2.547999999999999999e-06
2.840000000000000020e-07
8.560000000000000417e-07
5.999999999999999464e-08
6.400000000000000399e-08
6.800000000000000010e-08
9.200000000000000325e-08
9.599999999999999936e-08
1.199999999999999893e-07
1.439999999999999924e-07
1.759999999999999878e-07
1.999999999999999909e-07
1.799999999999999919e-06
4.359999999999999866e-07
1.280000000000000080e-07
5.999999999999999464e-08
6.400000000000000399e-08
6.800000000000000010e-08
8.799999999999999390e-08
9.200000000000000325e-08
1.199999999999999893e-07
1.439999999999999924e-07
1.720000000000000049e-07
6.400000000000000399e-08
4.280000000000000209e-07
4.320000000000000037e-07
4.400000000000000224e-07
6.400000000000000399e-08
1.960000000000000081e-07
1.999999999999999909e-07
3.391999999999999880e-06
8.640000000000000075e-07
8.679999999999999904e-07
8.719999999999999732e-07
8.759999999999999561e-07
2.519999999999999801e-07
6.400000000000000399e-08
6.800000000000000010e-08
9.200000000000000325e-08
9.599999999999999936e-08
1.199999999999999893e-07
1.239999999999999986e-07
1.480000000000000018e-07
1.503999999999999915e-06
6.400000000000000399e-08
6.400000000000000399e-08
6.400000000000000399e-08
9.200000000000000325e-08
1.160000000000000064e-07
1.199999999999999893e-07
2.080000000000000096e-07
6.400000000000000399e-08
8.160000000000000012e-07
1.639999999999999968e-06
3.599999999999999943e-07
2.440000000000000144e-07
1.160000000000000064e-07
1.199999999999999893e-07
3.759999999999999788e-07
1.596000000000000051e-06
1.999999999999999909e-06
6.400000000000000399e-08
6.800000000000000010e-08
9.599999999999999936e-08
1.199999999999999893e-07
3.040000000000000222e-07
1.199999999999999893e-07
1.239999999999999986e-07
9.840000000000000232e-07
1.391999999999999971e-06
6.400000000000000399e-08
9.200000000000000325e-08
7.075999999999999676e-06
6.519999999999999620e-07
2.560000000000000159e-07
2.680000000000000175e-07
6.400000000000000399e-08
5.199999999999999976e-07
1.839999999999999959e-06
2.280000000000000034e-07
5.999999999999999464e-08
6.400000000000000399e-08
1.508000000000000004e-06
1.120000000000000076e-06
5.999999999999999464e-08
6.800000000000000010e-08
7.199999999999999621e-08
9.200000000000000325e-08
9.599999999999999936e-08
1.199999999999999893e-07
1.720000000000000049e-07
2.239999999999999941e-07
1.827999999999999905e-06
4.520000000000000240e-07
1.852000000000000014e-06
3.959999999999999990e-07
2.787999999999999819e-06
4.400000000000000224e-07
5.999999999999999464e-08
6.400000000000000399e-08
6.800000000000000010e-08
9.200000000000000325e-08
1.199999999999999893e-07
2.320000000000000128e-07
8.800000000000000449e-07
2.239999999999999941e-07
5.999999999999999464e-08
7.919999999999999980e-07
6.400000000000000399e-08
6.800000000000000010e-08
9.200000000000000325e-08
9.599999999999999936e-08
1.199999999999999893e-07
1.255999999999999918e-06
1.047999999999999961e-06
6.400000000000000399e-08
2.800000000000000191e-07
5.999999999999999464e-08
6.400000000000000399e-08
9.200000000000000325e-08
1.160000000000000064e-07
2.720000000000000004e-07
4.247999999999999816e-06
6.400000000000000399e-08
6.400000000000000399e-08
2.800000000000000191e-07
4.759999999999999742e-07
1.664000000000000077e-06
1.436000000000000100e-06
9.239999999999999624e-07
1.303999999999999924e-06
6.400000000000000399e-08
2.080000000000000096e-07
6.400000000000000399e-08
3.440000000000000098e-07
9.599999999999999936e-08
6.400000000000000399e-08
2.560000000000000159e-07
6.400000000000000399e-08
9.200000000000000325e-08
1.199999999999999893e-07
1.439999999999999924e-07
2.399999999999999786e-07
2.424000000000000000e-06
5.999999999999999464e-08
6.400000000000000399e-08
6.800000000000000010e-08
8.799999999999999390e-08
9.200000000000000325e-08
1.160000000000000064e-07
1.199999999999999893e-07
1.439999999999999924e-07
1.480000000000000018e-07
1.720000000000000049e-07
2.280000000000000034e-07
1.655999999999999900e-06
4.840000000000000459e-07
6.400000000000000399e-08
6.800000000000000010e-08
1.027999999999999941e-06
5.999999999999999464e-08
2.320000000000000128e-07
1.368000000000000074e-06
2.239999999999999941e-07
5.959999999999999900e-07
2.440000000000000144e-07
1.196000000000000069e-06
1.796000000000000042e-06
6.400000000000000399e-08
5.027999999999999972e-06
6.400000000000000399e-08
6.400000000000000399e-08
2.080000000000000096e-07
2.883999999999999831e-06
6.400000000000000399e-08
2.639999999999999817e-07
2.239999999999999941e-07
3.320000000000000083e-07
2.200000000000000112e-07
2.239999999999999941e-07
6.400000000000000399e-08
6.400000000000000399e-08
9.200000000000000325e-08
5.640000000000000211e-07
3.320000000000000083e-07
3.359999999999999911e-07
6.400000000000000399e-08
1.700000000000000029e-06
5.999999999999999464e-08
1.360000000000000002e-07
6.400000000000000399e-08
9.200000000000000325e-08
2.239999999999999941e-07
5.999999999999999464e-08
6.400000000000000399e-08
6.800000000000000010e-08
8.799999999999999390e-08
9.200000000000000325e-08
1.160000000000000064e-07
1.199999999999999893e-07
1.439999999999999924e-07
1.480000000000000018e-07
1.720000000000000049e-07
2.519999999999999801e-07
2.280000000000000034e-07
7.800000000000000494e-07
6.400000000000000399e-08
6.400000000000000399e-08
6.800000000000000010e-08
9.200000000000000325e-08
9.599999999999999936e-08
1.199999999999999893e-07
1.439999999999999924e-07
6.400000000000000399e-08
6.400000000000000399e-08
6.400000000000000399e-08
6.800000000000000010e-08
6.400000000000000399e-08
6.800000000000000010e-08
7.199999999999999621e-08
9.200000000000000325e-08
9.599999999999999936e-08
1.160000000000000064e-07
1.199999999999999893e-07
1.239999999999999986e-07
1.439999999999999924e-07
1.480000000000000018e-07
1.720000000000000049e-07
1.759999999999999878e-07
1.999999999999999909e-07
2.280000000000000034e-07
2.840000000000000020e-07
1.680000000000000009e-06
2.239999999999999941e-07
1.600000000000000033e-07
1.540000000000000079e-06
6.400000000000000399e-08
2.080000000000000096e-07
6.400000000000000399e-08
2.479999999999999972e-07
1.252000000000000041e-06
3.999999999999999819e-07
2.639999999999999817e-07
5.959999999999999900e-07
2.280000000000000034e-07
2.320000000000000128e-07
2.200000000000000112e-07
6.400000000000000399e-08
2.200000000000000112e-07
5.999999999999999464e-08
6.400000000000000399e-08
7.679999999999999949e-07
7.719999999999999778e-07
7.759999999999999606e-07
7.800000000000000494e-07
7.840000000000000323e-07
1.799999999999999971e-07
3.639999999999999772e-07
1.535999999999999990e-06
5.999999999999999464e-08
6.400000000000000399e-08
8.799999999999999390e-08
9.200000000000000325e-08
1.160000000000000064e-07
1.439999999999999924e-07
2.999999999999999864e-07
2.320000000000000128e-07
4.359999999999999866e-07
1.936000000000000183e-06
6.400000000000000399e-08
2.039999999999999950e-06
6.400000000000000399e-08
6.800000000000000010e-08
9.200000000000000325e-08
1.199999999999999893e-07
8.400000000000000043e-07
1.840000000000000065e-07
6.400000000000000399e-08
6.800000000000000010e-08
9.200000000000000325e-08
9.599999999999999936e-08
3.800000000000000146e-07
5.999999999999999464e-08
6.560000000000000508e-07
1.975999999999999800e-06
1.840000000000000065e-07
9.199999999999999795e-07
6.400000000000000399e-08
1.799999999999999971e-07
2.519999999999999801e-07
5.999999999999999464e-08
6.400000000000000399e-08
9.200000000000000325e-08
6.400000000000000399e-08
2.128000000000000209e-06
5.999999999999999464e-08
2.200000000000000112e-07
2.239999999999999941e-07
1.892000000000000054e-06
6.400000000000000399e-08
6.800000000000000010e-08
1.999999999999999909e-07
2.560000000000000159e-07
6.400000000000000399e-08
5.640000000000000211e-07
6.400000000000000399e-08
6.800000000000000010e-08
1.004000000000000044e-06
6.400000000000000399e-08
6.800000000000000010e-08
8.799999999999999390e-08
9.200000000000000325e-08
1.160000000000000064e-07
1.199999999999999893e-07
1.400000000000000095e-07
1.439999999999999924e-07
1.720000000000000049e-07
6.400000000000000399e-08
6.800000000000000010e-08
9.200000000000000325e-08
1.160000000000000064e-07
1.199999999999999893e-07
1.439999999999999924e-07
1.720000000000000049e-07
6.400000000000000399e-08
9.200000000000000325e-08
1.199999999999999893e-07
2.479999999999999972e-07
6.439999999999999963e-07
1.439999999999999924e-07
1.999999999999999909e-07
3.879999999999999803e-07
1.728000000000000015e-06
6.400000000000000399e-08
3.160000000000000238e-07
1.600000000000000033e-07
6.800000000000000010e-08
5.999999999999999464e-08
1.591999999999999962e-06
6.400000000000000399e-08
7.039999999999999512e-07
5.999999999999999464e-08
3.239999999999999896e-07
3.320000000000000083e-07
6.400000000000000399e-08
6.800000000000000010e-08
9.200000000000000325e-08
9.599999999999999936e-08
1.199999999999999893e-07
2.040000000000000003e-07
5.999999999999999464e-08
1.280000000000000080e-07
2.519999999999999801e-07
2.560000000000000159e-07
2.800000000000000191e-07
2.399999999999999786e-07
4.612000000000000058e-06
2.119999999999999925e-07
6.400000000000000399e-08
6.400000000000000399e-08
7.320000000000000431e-07
8.479999999999999701e-07
2.804000000000000174e-06
1.720000000000000049e-07
6.920000000000000026e-07
5.999999999999999464e-08
1.799999999999999919e-06
1.804000000000000007e-06
1.808000000000000096e-06
1.811999999999999973e-06
1.816000000000000062e-06
1.819999999999999939e-06
6.320000000000000476e-07
2.680000000000000175e-07
1.459999999999999997e-06
1.464000000000000086e-06
1.472000000000000052e-06
6.400000000000000399e-08
6.800000000000000010e-08
3.800000000000000146e-07
4.119999999999999835e-07
6.400000000000000399e-08
3.112000000000000020e-06
1.199999999999999893e-07
6.400000000000000399e-08
1.799999999999999971e-07
4.959999999999999945e-07
2.680000000000000175e-07
2.200000000000000112e-07
2.680000000000000175e-07
6.400000000000000399e-08
3.280000000000000254e-07
1.480000000000000018e-07
8.120000000000000183e-07
1.323999999999999944e-06
5.999999999999999464e-08
1.840000000000000065e-07
6.400000000000000399e-08
5.759999999999999697e-07
1.672000000000000043e-06
9.200000000000000325e-08
6.840000000000000368e-07
2.200000000000000112e-07
3.399999999999999740e-07
5.360000000000000350e-07
1.032000000000000030e-06
9.200000000000000325e-08
6.400000000000000399e-08
6.800000000000000010e-08
9.200000000000000325e-08
9.599999999999999936e-08
4.119999999999999835e-07
2.320000000000000128e-07
7.199999999999999886e-07
3.124000000000000075e-06
5.999999999999999464e-08
1.391999999999999971e-06
6.400000000000000399e-08
1.083999999999999913e-06
2.479999999999999972e-07
9.599999999999999142e-07
4.280000000000000209e-07
5.999999999999999464e-08
2.280000000000000034e-07
6.400000000000000399e-08
9.200000000000000325e-08
1.199999999999999893e-07
1.239999999999999986e-07
5.999999999999999464e-08
6.400000000000000399e-08
6.800000000000000010e-08
8.799999999999999390e-08
9.200000000000000325e-08
1.160000000000000064e-07
1.199999999999999893e-07
1.439999999999999924e-07
1.480000000000000018e-07
1.720000000000000049e-07
5.999999999999999464e-08
5.999999999999999464e-08
2.560000000000000159e-07
6.400000000000000399e-08
6.800000000000000010e-08
9.200000000000000325e-08
9.599999999999999936e-08
1.160000000000000064e-07
1.199999999999999893e-07
1.439999999999999924e-07
2.519999999999999801e-07
6.400000000000000399e-08
6.800000000000000010e-08
9.200000000000000325e-08
9.599999999999999936e-08
1.160000000000000064e-07
1.199999999999999893e-07
1.439999999999999924e-07
1.480000000000000018e-07
2.200000000000000112e-07
1.319999999999999909e-07
3.200000000000000067e-07
6.400000000000000399e-08
9.599999999999999936e-08
1.119999999999999970e-07
1.160000000000000064e-07
1.199999999999999893e-07
1.239999999999999986e-07
1.280000000000000080e-07
6.400000000000000399e-08
6.400000000000000399e-08
1.360000000000000002e-07
6.400000000000000399e-08
6.800000000000000010e-08
9.599999999999999936e-08
1.088000000000000002e-06
1.376000000000000039e-06
1.720000000000000049e-07
1.759999999999999878e-07
3.839999999999999974e-07
3.879999999999999803e-07
6.400000000000000399e-08
6.800000000000000010e-08
9.200000000000000325e-08
5.120000000000000319e-07
2.119999999999999925e-07
6.400000000000000399e-08
1.239999999999999986e-07
1.280000000000000080e-07
1.319999999999999909e-07
1.360000000000000002e-07
1.400000000000000095e-07
2.440000000000000144e-07
5.160000000000000148e-07
3.719999999999999959e-07
5.440000000000000008e-07
5.920000000000000071e-07
4.359999999999999866e-07
6.400000000000000399e-08
6.800000000000000010e-08
9.200000000000000325e-08
9.599999999999999936e-08
1.160000000000000064e-07
1.199999999999999893e-07
1.439999999999999924e-07
1.480000000000000018e-07
1.720000000000000049e-07
1.999999999999999909e-07
2.280000000000000034e-07
2.560000000000000159e-07
1.652000000000000023e-06
8.799999999999999390e-08
6.400000000000000399e-08
6.400000000000000399e-08
1.239999999999999986e-07
8.640000000000000075e-07
2.680000000000000175e-07
6.800000000000000010e-08
1.199999999999999893e-07
2.467999999999999918e-06
5.999999999999999464e-08
5.440000000000000008e-07
1.072000000000000070e-06
1.272000000000000061e-06
6.400000000000000399e-08
9.599999999999999936e-08
2.628000000000000080e-06
2.631999999999999957e-06
2.635999999999999834e-06
2.640000000000000135e-06
5.519999999999999666e-07
8.799999999999999390e-08
1.500000000000000038e-06
1.083999999999999913e-06
2.800000000000000191e-07
1.652000000000000023e-06
6.400000000000000399e-08
6.800000000000000010e-08
9.200000000000000325e-08
9.599999999999999936e-08
1.239999999999999986e-07
1.480000000000000018e-07
1.999999999999999909e-07
3.800000000000000146e-07
2.359999999999999957e-07
2.280000000000000034e-07
5.999999999999999464e-08
2.359999999999999957e-07
1.280000000000000080e-07
5.999999999999999464e-08
6.400000000000000399e-08
6.400000000000000399e-08
6.800000000000000010e-08
6.400000000000000399e-08
3.239999999999999896e-07
6.400000000000000399e-08
6.400000000000000399e-08
1.627999999999999914e-06
5.959999999999999900e-07
6.400000000000000399e-08
8.799999999999999390e-08
9.200000000000000325e-08
5.999999999999999464e-08
6.800000000000000010e-08
2.280000000000000034e-07
6.400000000000000399e-08
2.800000000000000191e-07
1.340000000000000088e-06
4.520000000000000240e-07
2.268000000000000139e-06
6.400000000000000399e-08
1.295999999999999958e-06
1.548000000000000044e-06
2.479999999999999972e-07
2.647999999999999889e-06
2.239999999999999941e-07
5.999999999999999464e-08
6.400000000000000399e-08
9.200000000000000325e-08
1.239999999999999986e-07
1.280000000000000080e-07
6.400000000000000399e-08
8.799999999999999390e-08
9.200000000000000325e-08
1.160000000000000064e-07
1.199999999999999893e-07
6.800000000000000010e-08
1.679999999999999956e-07
5.640000000000000211e-07
2.239999999999999941e-07
1.308000000000000013e-06
1.799999999999999971e-07
3.519999999999999756e-07
3.839999999999999974e-07
1.799999999999999971e-07
6.400000000000000399e-08
6.400000000000000399e-08
9.200000000000000325e-08
1.160000000000000064e-07
1.391999999999999971e-06
5.200000000000000241e-08
5.599999999999999852e-08
5.999999999999999464e-08
6.400000000000000399e-08
6.800000000000000010e-08
7.199999999999999621e-08
7.600000000000000556e-08
8.799999999999999390e-08
9.200000000000000325e-08
9.599999999999999936e-08
9.999999999999999547e-08
1.160000000000000064e-07
1.199999999999999893e-07
1.239999999999999986e-07
1.280000000000000080e-07
1.480000000000000018e-07
1.520000000000000111e-07
1.999999999999999909e-07
2.040000000000000003e-07
2.119999999999999925e-07
2.160000000000000019e-07
2.239999999999999941e-07
2.320000000000000128e-07
2.479999999999999972e-07
2.519999999999999801e-07
2.560000000000000159e-07
2.599999999999999988e-07
2.759999999999999833e-07
2.800000000000000191e-07
2.879999999999999848e-07
2.999999999999999864e-07
3.080000000000000051e-07
4.359999999999999866e-07
7.039999999999999512e-07
2.312000000000000056e-06
3.759999999999999999e-06
1.856000000000000102e-06
2.639999999999999817e-07
6.400000000000000399e-08
6.400000000000000399e-08
1.292000000000000081e-06
6.400000000000000399e-08
1.679999999999999956e-07
1.720000000000000049e-07
6.400000000000000399e-08
6.279999999999999589e-07
1.759999999999999878e-07
1.799999999999999971e-07
1.840000000000000065e-07
1.879999999999999894e-07
1.960000000000000081e-07
2.080000000000000096e-07
1.520000000000000111e-07
1.559999999999999940e-07
1.600000000000000033e-07
1.640000000000000127e-07
1.679999999999999956e-07
1.720000000000000049e-07
1.919999999999999987e-07
4.223999999999999707e-06
3.239999999999999896e-07
6.400000000000000399e-08
6.800000000000000010e-08
7.199999999999999621e-08
9.200000000000000325e-08
2.920000000000000207e-07
4.880000000000000287e-07
4.959999999999999945e-07
4.999999999999999774e-07
1.323999999999999944e-06
6.400000000000000399e-08
3.440000000000000098e-07
1.999999999999999909e-07
1.919999999999999987e-07
1.999999999999999909e-07
6.400000000000000399e-08
2.280000000000000034e-07
6.400000000000000399e-08
2.200000000000000112e-07
2.239999999999999941e-07
6.800000000000000010e-08
2.599999999999999988e-07
6.400000000000000399e-08
1.591999999999999962e-06
6.400000000000000399e-08
4.160000000000000193e-07
6.452000000000000229e-06
6.459999999999999983e-06
1.019999999999999975e-06
1.024000000000000064e-06
4.599999999999999898e-07
1.735999999999999981e-06
1.740000000000000069e-06
1.743999999999999946e-06
1.748000000000000035e-06
1.960000000000000081e-07
6.400000000000000399e-08
6.400000000000000399e-08
2.639999999999999817e-07
3.200000000000000067e-07
2.720000000000000004e-07
2.680000000000000175e-07
1.247999999999999952e-06
6.400000000000000399e-08
2.680000000000000175e-07
6.400000000000000399e-08
1.759999999999999878e-07
2.519999999999999801e-07
6.400000000000000399e-08
1.492000000000000072e-06
1.040000000000000048e-07
6.999999999999999683e-07
9.519999999999999484e-07
1.919999999999999987e-07
6.400000000000000399e-08
3.479999999999999927e-07
2.560000000000000159e-07
6.400000000000000399e-08
6.800000000000000010e-08
9.200000000000000325e-08
1.199999999999999893e-07
1.439999999999999924e-07
2.519999999999999801e-07
8.919999999999999935e-07
6.400000000000000399e-08
6.800000000000000010e-08
9.200000000000000325e-08
1.199999999999999893e-07
1.439999999999999924e-07
6.400000000000000399e-08
1.239999999999999986e-07
1.707999999999999995e-06
2.840000000000000020e-07
5.039999999999999603e-07
3.160000000000000238e-07
6.400000000000000399e-08
4.359999999999999866e-07
2.200000000000000112e-07
2.320000000000000128e-07
5.999999999999999464e-08
6.400000000000000399e-08
6.400000000000000399e-08
9.200000000000000325e-08
2.759999999999999833e-07
9.479999999999999656e-07
6.400000000000000399e-08
5.999999999999999464e-08
6.400000000000000399e-08
1.879999999999999894e-07
2.239999999999999941e-07
6.400000000000000399e-08
6.800000000000000010e-08
7.199999999999999621e-08
9.200000000000000325e-08
9.599999999999999936e-08
1.160000000000000064e-07
1.199999999999999893e-07
1.239999999999999986e-07
1.439999999999999924e-07
5.999999999999999464e-08
6.800000000000000010e-08
7.999999999999999638e-07
7.011999999999999950e-06
7.016000000000000250e-06
7.019999999999999704e-06
7.024000000000000004e-06
7.028000000000000305e-06
7.031999999999999758e-06
7.036000000000000059e-06
7.040000000000000359e-06
7.043999999999999813e-06
7.048000000000000113e-06
7.055999999999999867e-06
7.075999999999999676e-06
7.079999999999999976e-06
7.108000000000000386e-06
5.080000000000000490e-07
4.840000000000000459e-07
2.800000000000000191e-07
6.400000000000000399e-08
1.672000000000000043e-06
2.135999999999999963e-06
2.139999999999999840e-06
2.144000000000000140e-06
2.148000000000000017e-06
2.151999999999999894e-06
2.392000000000000137e-06
6.400000000000000399e-08
1.791999999999999953e-06
5.239999999999999805e-07
5.279999999999999634e-07
6.400000000000000399e-08
1.879999999999999894e-07
5.680000000000000039e-07
2.160000000000000019e-07
7.080000000000000400e-07
3.359999999999999911e-07
3.639999999999999772e-07
1.335999999999999999e-06
6.400000000000000399e-08
1.280000000000000027e-06
6.400000000000000399e-08
4.959999999999999945e-07
6.400000000000000399e-08
1.999999999999999909e-07
5.999999999999999464e-08
1.960000000000000081e-07
6.400000000000000399e-08
2.188000000000000058e-06
3.599999999999999943e-07
2.280000000000000034e-07
1.508000000000000004e-06
5.400000000000000179e-07
1.720000000000000049e-07
1.559999999999999940e-07
1.343999999999999965e-06
6.400000000000000399e-08
6.400000000000000399e-08
2.720000000000000004e-07
4.200000000000000022e-07
1.151999999999999939e-06
5.999999999999999464e-08
3.999999999999999819e-07
1.720000000000000049e-07
3.280000000000000254e-07
3.239999999999999896e-07
1.464000000000000086e-06
6.400000000000000399e-08
1.608000000000000105e-06
2.879999999999999848e-07
2.519999999999999801e-07
2.920000000000000207e-07
5.999999999999999464e-08
1.196000000000000069e-06
1.280000000000000080e-07
8.800000000000000449e-07
1.859999999999999979e-06
3.320000000000000083e-07
5.999999999999999464e-08
2.519999999999999801e-07
2.200000000000000112e-07
2.359999999999999957e-07
2.239999999999999941e-07
5.360000000000000350e-07
1.400000000000000095e-07
1.439999999999999924e-07
2.320000000000000128e-07
6.400000000000000399e-08
1.348000000000000053e-06
6.439999999999999963e-07
2.080000000000000096e-07
6.400000000000000399e-08
1.348000000000000053e-06
6.400000000000000399e-08
2.359999999999999957e-07
4.840000000000000459e-07
8.880000000000000106e-07
1.840000000000000065e-07
1.400000000000000095e-07
6.400000000000000399e-08
2.116000000000000154e-06
5.999999999999999464e-08
6.400000000000000399e-08
6.800000000000000010e-08
9.200000000000000325e-08
1.199999999999999893e-07
1.439999999999999924e-07
1.720000000000000049e-07
5.999999999999999464e-08
8.999999999999999593e-07
9.200000000000000325e-08
6.400000000000000399e-08
9.200000000000000325e-08
2.055999999999999882e-06
2.720000000000000004e-07
6.400000000000000399e-08
5.999999999999999464e-08
6.400000000000000399e-08
6.800000000000000010e-08
8.799999999999999390e-08
9.200000000000000325e-08
9.599999999999999936e-08
1.160000000000000064e-07
5.880000000000000242e-07
2.443999999999999809e-06
1.760000000000000090e-06
6.800000000000000010e-08
5.880000000000000242e-07
6.400000000000000399e-08
9.200000000000000325e-08
3.359999999999999911e-07
6.400000000000000399e-08
6.400000000000000399e-08
6.800000000000000010e-08
9.200000000000000325e-08
9.599999999999999936e-08
8.919999999999999935e-07
1.999999999999999909e-07
5.120000000000000319e-07
7.560000000000000463e-07
5.959999999999999900e-07
2.280000000000000034e-07
1.280000000000000080e-07
7.360000000000000260e-07
7.400000000000000089e-07
1.280000000000000080e-07
6.400000000000000399e-08
8.479999999999999701e-07
1.999999999999999909e-07
6.400000000000000399e-08
6.400000000000000399e-08
6.800000000000000010e-08
2.320000000000000128e-07
5.999999999999999464e-08
6.400000000000000399e-08
8.799999999999999390e-08
2.599999999999999988e-07
6.400000000000000399e-08
1.360000000000000002e-07
2.440000000000000144e-07
6.400000000000000399e-08
1.455999999999999909e-06
3.719999999999999959e-07
3.440000000000000098e-07
6.400000000000000399e-08
9.200000000000000325e-08
1.199999999999999893e-07
1.971999999999999923e-06
6.400000000000000399e-08
6.400000000000000399e-08
6.800000000000000010e-08
6.400000000000000399e-08
4.599999999999999898e-07
6.400000000000000399e-08
9.200000000000000325e-08
1.160000000000000064e-07
1.199999999999999893e-07
1.439999999999999924e-07
5.999999999999999464e-08
5.999999999999999464e-08
1.396000000000000060e-06
5.999999999999999464e-08
4.160000000000000193e-07
4.200000000000000022e-07
4.239999999999999850e-07
4.280000000000000209e-07
1.679999999999999956e-07
2.800000000000000191e-07
2.560000000000000159e-07
2.639999999999999817e-07
6.919999999999999814e-06
7.959999999999999809e-07
2.359999999999999957e-07
1.919999999999999987e-07
6.800000000000000010e-08
7.199999999999999621e-08
9.599999999999999936e-08
9.999999999999999547e-08
1.199999999999999893e-07
1.239999999999999986e-07
1.480000000000000018e-07
1.759999999999999878e-07
2.759999999999999833e-07
3.359999999999999911e-07
1.391999999999999971e-06
1.179999999999999925e-06
7.800000000000000494e-07
2.040000000000000003e-07
1.759999999999999878e-07
6.400000000000000399e-08
6.800000000000000010e-08
2.680000000000000175e-07
2.119999999999999925e-07
2.080000000000000096e-07
1.047999999999999961e-06
3.204000000000000156e-06
3.200000000000000067e-07
5.999999999999999464e-08
6.400000000000000399e-08
6.800000000000000010e-08
9.200000000000000325e-08
1.480000000000000018e-07
5.847999999999999744e-06
5.852000000000000044e-06
5.856000000000000345e-06
5.859999999999999798e-06
5.864000000000000099e-06
5.871999999999999853e-06
5.883999999999999907e-06
5.891999999999999661e-06
2.160000000000000019e-07
6.400000000000000399e-08
7.199999999999999621e-08
1.199999999999999893e-07
1.239999999999999986e-07
6.400000000000000399e-08
6.800000000000000010e-08
1.439999999999999924e-07
2.200000000000000112e-07
3.359999999999999911e-07
6.807999999999999870e-06
6.812000000000000170e-06
6.815999999999999624e-06
6.819999999999999924e-06
2.359999999999999957e-07
6.400000000000000399e-08
6.800000000000000010e-08
9.599999999999999936e-08
2.239999999999999941e-07
8.360000000000000215e-07
6.400000000000000399e-08
6.800000000000000010e-08
9.200000000000000325e-08
1.199999999999999893e-07
1.400000000000000095e-07
9.519999999999999484e-07
6.400000000000000399e-08
7.199999999999999886e-07
6.800000000000000010e-08
2.879999999999999848e-07
4.440000000000000053e-07
5.999999999999999464e-08
5.999999999999999464e-08
2.840000000000000020e-07
6.999999999999999683e-07
1.232000000000000020e-06
6.800000000000000010e-08
1.960000000000000081e-07
2.759999999999999833e-07
3.800000000000000146e-07
3.759999999999999788e-07
2.840000000000000020e-07
6.400000000000000399e-08
1.655999999999999900e-06
3.571999999999999851e-06
3.580000000000000029e-06
2.200000000000000112e-07
5.999999999999999464e-08
6.400000000000000399e-08
8.799999999999999390e-08
2.119999999999999925e-07
3.680000000000000130e-07
6.400000000000000399e-08
5.999999999999999464e-08
6.400000000000000399e-08
2.720000000000000004e-07
5.999999999999999464e-08
9.200000000000000325e-08
3.307999999999999922e-06
6.360000000000000305e-07
1.960000000000000081e-07
3.839999999999999974e-07
4.599999999999999898e-07
2.720000000000000004e-07
3.959999999999999990e-07
5.680000000000000039e-07
9.159999999999999967e-07
2.840000000000000020e-07
2.239999999999999941e-07
6.400000000000000399e-08
9.200000000000000325e-08
1.199999999999999893e-07
1.320000000000000067e-06
1.999999999999999909e-07
2.560000000000000159e-07
2.720000000000000004e-07
5.999999999999999464e-08
6.400000000000000399e-08
9.200000000000000325e-08
3.195999999999999978e-06
2.200000000000000112e-07
6.400000000000000399e-08
9.200000000000000325e-08
2.200000000000000112e-07
6.400000000000000399e-08
4.400000000000000224e-07
9.200000000000000325e-08
1.903999999999999897e-06
5.039999999999999603e-07
1.399999999999999937e-06
7.999999999999999638e-07
6.400000000000000399e-08
2.320000000000000128e-07
2.320000000000000128e-07
5.999999999999999464e-08
6.400000000000000399e-08
4.359999999999999866e-07
6.400000000000000399e-08
8.600000000000000246e-07
6.400000000000000399e-08
6.400000000000000399e-08
6.800000000000000010e-08
2.639999999999999817e-07
2.759999999999999833e-07
6.400000000000000399e-08
6.800000000000000010e-08
7.199999999999999621e-08
9.200000000000000325e-08
9.599999999999999936e-08
1.199999999999999893e-07
1.239999999999999986e-07
2.040000000000000003e-07
2.080000000000000096e-07
2.280000000000000034e-07
2.759999999999999833e-07
2.832000000000000160e-06
1.168000000000000083e-06
6.400000000000000399e-08
2.320000000000000128e-07
8.600000000000000246e-07
5.999999999999999464e-08
6.800000000000000010e-08
6.400000000000000399e-08
6.800000000000000010e-08
2.879999999999999848e-07
2.320000000000000128e-07
5.999999999999999464e-08
6.400000000000000399e-08
9.200000000000000325e-08
1.960000000000000081e-07
6.400000000000000399e-08
6.400000000000000399e-08
6.800000000000000010e-08
9.599999999999999936e-08
1.199999999999999893e-07
1.480000000000000018e-07
1.751999999999999912e-06
6.400000000000000399e-08
2.160000000000000019e-07
1.148000000000000062e-06
2.239999999999999941e-07
2.759999999999999833e-07
2.239999999999999941e-07
9.080000000000000309e-07
6.400000000000000134e-07
6.400000000000000399e-08
9.200000000000000325e-08
1.840000000000000065e-07
1.239999999999999986e-07
1.639999999999999968e-06
6.400000000000000399e-08
6.400000000000000399e-08
6.400000000000000399e-08
2.160000000000000019e-07
4.359999999999999866e-07
4.079999999999999900e-06
2.239999999999999941e-07
1.171999999999999960e-06
2.359999999999999957e-07
1.475999999999999929e-06
1.480000000000000018e-06
6.400000000000000399e-08
1.083999999999999913e-06
2.960000000000000035e-07
2.080000000000000096e-07
1.515999999999999970e-06
5.080000000000000490e-07
6.400000000000000399e-08
6.800000000000000010e-08
5.680000000000000039e-07
5.999999999999999464e-08
6.400000000000000399e-08
9.200000000000000325e-08
2.320000000000000128e-07
3.440000000000000098e-07
5.999999999999999464e-08
1.360000000000000002e-07
1.400000000000000095e-07
5.999999999999999464e-08
6.400000000000000399e-08
6.800000000000000010e-08
8.799999999999999390e-08
9.200000000000000325e-08
9.599999999999999936e-08
1.160000000000000064e-07
1.199999999999999893e-07
1.439999999999999924e-07
1.480000000000000018e-07
1.720000000000000049e-07
1.960000000000000081e-07
1.999999999999999909e-07
2.239999999999999941e-07
2.519999999999999801e-07
5.479999999999999837e-07
6.400000000000000399e-08
6.400000000000000399e-08
2.519999999999999801e-07
2.800000000000000191e-07
7.719999999999999778e-07
6.400000000000000399e-08
1.199999999999999893e-07
1.239999999999999986e-07
6.800000000000000010e-08
1.199999999999999893e-07
3.080000000000000051e-07
2.359999999999999957e-07
5.999999999999999464e-08
2.519999999999999801e-07
6.400000000000000399e-08
1.199999999999999893e-07
9.999999999999999547e-08
1.759999999999999878e-07
2.320000000000000128e-07
1.343999999999999965e-06
5.999999999999999464e-08
6.959999999999999854e-07
6.400000000000000399e-08
9.200000000000000325e-08
1.636000000000000091e-06
2.535999999999999945e-06
6.400000000000000399e-08
7.959999999999999809e-07
6.400000000000000399e-08
9.200000000000000325e-08
6.400000000000000399e-08
1.075999999999999947e-06
6.400000000000000399e-08
2.479999999999999972e-07
6.400000000000000399e-08
1.723999999999999926e-06
6.400000000000000399e-08
2.160000000000000019e-07
2.239999999999999941e-07
8.640000000000000075e-07
6.400000000000000399e-08
6.400000000000000399e-08
6.800000000000000010e-08
7.199999999999999621e-08
9.599999999999999936e-08
1.199999999999999893e-07
1.239999999999999986e-07
1.480000000000000018e-07
1.520000000000000111e-07
1.759999999999999878e-07
2.040000000000000003e-07
6.640000000000000165e-07
5.400000000000000179e-07
1.523999999999999935e-06
1.436000000000000100e-06
6.400000000000000399e-08
2.479999999999999972e-07
1.224000000000000055e-06
3.800000000000000146e-07
8.800000000000000449e-07
8.840000000000000278e-07
3.239999999999999896e-07
8.800000000000000449e-07
1.452000000000000032e-06
5.559999999999999494e-07
2.984000000000000144e-06
2.560000000000000159e-07
2.635999999999999834e-06
1.331999999999999910e-06
2.800000000000000191e-07
2.991999999999999898e-06
7.039999999999999512e-07
2.239999999999999941e-07
3.160000000000000238e-07
3.479999999999999927e-07
7.439999999999999917e-07
6.400000000000000399e-08
6.800000000000000010e-08
7.199999999999999621e-08
9.200000000000000325e-08
9.599999999999999936e-08
1.199999999999999893e-07
1.239999999999999986e-07
1.439999999999999924e-07
1.480000000000000018e-07
1.520000000000000111e-07
1.720000000000000049e-07
1.759999999999999878e-07
1.999999999999999909e-07
2.040000000000000003e-07
6.400000000000000399e-08
5.080000000000000490e-07
6.479999999999999791e-07
1.968000000000000046e-06
2.680000000000000175e-07
4.400000000000000224e-07
1.844000000000000048e-06
6.400000000000000399e-08
6.800000000000000010e-08
2.320000000000000128e-07
6.400000000000000399e-08
6.400000000000000399e-08
6.800000000000000010e-08
9.200000000000000325e-08
1.160000000000000064e-07
1.199999999999999893e-07
3.080000000000000051e-07
1.879999999999999894e-07
6.400000000000000399e-08
6.400000000000000399e-08
5.999999999999999464e-08
6.400000000000000399e-08
6.800000000000000010e-08
8.799999999999999390e-08
9.200000000000000325e-08
9.599999999999999936e-08
1.160000000000000064e-07
1.199999999999999893e-07
1.439999999999999924e-07
1.480000000000000018e-07
1.720000000000000049e-07
1.999999999999999909e-07
2.239999999999999941e-07
6.679999999999999994e-07
6.400000000000000399e-08
2.119999999999999925e-07
6.400000000000000399e-08
5.999999999999999464e-08
4.799999999999999571e-07
2.504000000000000082e-06
6.800000000000000010e-08
7.759999999999999606e-07
6.400000000000000399e-08
6.800000000000000010e-08
7.199999999999999621e-08
9.599999999999999936e-08
1.199999999999999893e-07
9.159999999999999967e-07
1.703999999999999906e-06
6.400000000000000399e-08
8.799999999999999390e-08
5.999999999999999464e-08
3.639999999999999772e-07
1.908000000000000197e-06
2.999999999999999864e-07
9.200000000000000325e-08
2.040000000000000003e-07
2.200000000000000112e-07
7.199999999999999621e-08
2.320000000000000128e-07
6.400000000000000399e-08
1.119999999999999970e-07
1.839999999999999959e-06
2.639999999999999817e-07
7.279999999999999544e-07
5.999999999999999464e-08
6.400000000000000399e-08
8.799999999999999390e-08
9.200000000000000325e-08
1.160000000000000064e-07
1.439999999999999924e-07
1.244000000000000075e-06
2.207999999999999866e-06
5.799999999999999526e-07
5.999999999999999464e-08
7.880000000000000152e-07
7.919999999999999980e-07
2.119999999999999925e-07
6.800000000000000010e-08
9.200000000000000325e-08
9.599999999999999936e-08
1.199999999999999893e-07
1.239999999999999986e-07
1.999999999999999909e-07
2.011999999999999964e-06
2.015999999999999841e-06
2.020000000000000142e-06
2.024000000000000019e-06
2.027999999999999896e-06
2.032000000000000196e-06
2.036000000000000073e-06
2.043999999999999827e-06
2.052000000000000005e-06
2.055999999999999882e-06
4.651999999999999675e-06
1.264000000000000095e-06
6.400000000000000399e-08
1.999999999999999909e-07
3.244000000000000196e-06
1.611999999999999982e-06
3.560000000000000114e-07
1.160000000000000064e-07
4.599999999999999898e-07
1.319999999999999909e-07
6.400000000000000399e-08
1.919999999999999987e-07
2.216000000000000044e-06
2.219999999999999921e-06
2.223999999999999798e-06
2.228000000000000098e-06
2.800000000000000191e-07
2.160000000000000019e-07
4.520000000000000240e-07
1.840000000000000065e-07
2.720000000000000004e-07
1.379999999999999916e-06
6.840000000000000368e-07
4.119999999999999835e-07
2.440000000000000144e-07
2.280000000000000034e-07
4.719999999999999913e-07
2.119999999999999925e-07
9.719999999999999687e-07
1.563999999999999976e-06
6.400000000000000399e-08
5.348000000000000296e-06
6.800000000000000010e-08
6.400000000000000399e-08
5.999999999999999464e-08
6.400000000000000399e-08
6.800000000000000010e-08
8.799999999999999390e-08
9.200000000000000325e-08
9.599999999999999936e-08
1.160000000000000064e-07
1.199999999999999893e-07
1.439999999999999924e-07
1.480000000000000018e-07
1.720000000000000049e-07
1.999999999999999909e-07
2.519999999999999801e-07
8.560000000000000417e-07
6.400000000000000399e-08
6.800000000000000010e-08
7.199999999999999621e-08
8.799999999999999390e-08
9.200000000000000325e-08
9.599999999999999936e-08
1.160000000000000064e-07
1.199999999999999893e-07
1.239999999999999986e-07
1.439999999999999924e-07
1.480000000000000018e-07
1.720000000000000049e-07
1.759999999999999878e-07
1.999999999999999909e-07
2.239999999999999941e-07
2.519999999999999801e-07
1.359999999999999896e-06
6.400000000000000399e-08
6.800000000000000010e-08
8.799999999999999390e-08
9.200000000000000325e-08
9.599999999999999936e-08
1.160000000000000064e-07
1.199999999999999893e-07
1.439999999999999924e-07
1.480000000000000018e-07
1.720000000000000049e-07
1.999999999999999909e-07
2.440000000000000144e-07
8.519999999999999530e-07
5.880000000000000242e-07
2.315999999999999933e-06
6.400000000000000399e-08
4.223999999999999707e-06
3.119999999999999880e-07
1.840000000000000065e-07
5.999999999999999464e-08
6.400000000000000399e-08
6.400000000000000399e-08
9.200000000000000325e-08
9.599999999999999936e-08
2.907999999999999940e-06
5.999999999999999464e-08
3.479999999999999927e-07
3.599999999999999943e-07
1.140000000000000097e-06
4.320000000000000037e-07
1.400000000000000095e-07
5.999999999999999464e-08
2.239999999999999941e-07
5.680000000000000039e-07
2.599999999999999988e-07
1.520000000000000111e-07
3.320000000000000083e-07
1.571999999999999942e-06
6.400000000000000399e-08
4.959999999999999945e-07
5.440000000000000008e-07
3.040000000000000222e-07
1.280000000000000080e-07
8.279999999999999498e-07
8.320000000000000386e-07
6.400000000000000399e-08
3.680000000000000130e-07
5.999999999999999464e-08
6.279999999999999589e-07
6.320000000000000476e-07
6.360000000000000305e-07
6.400000000000000134e-07
6.439999999999999963e-07
6.479999999999999791e-07
6.519999999999999620e-07
6.640000000000000165e-07
6.719999999999999823e-07
2.119999999999999925e-07
2.759999999999999833e-07
3.639999999999999772e-07
3.680000000000000130e-07
3.759999999999999788e-07
1.424000000000000046e-06
3.459999999999999907e-06
1.999999999999999909e-07
6.400000000000000399e-08
1.199999999999999893e-07
6.400000000000000399e-08
6.800000000000000010e-08
5.999999999999999464e-08
6.400000000000000399e-08
3.120000000000000198e-06
4.719999999999999913e-07
3.680000000000000130e-07
6.400000000000000399e-08
6.800000000000000010e-08
9.200000000000000325e-08
9.599999999999999936e-08
1.199999999999999893e-07
1.439999999999999924e-07
1.480000000000000018e-07
2.560000000000000159e-07
6.400000000000000399e-08
6.800000000000000010e-08
9.200000000000000325e-08
1.199999999999999893e-07
2.239999999999999941e-07
5.360000000000000350e-07
6.400000000000000399e-08
6.160000000000000102e-07
9.919999999999999890e-07
9.960000000000000777e-07
1.335999999999999999e-06
9.599999999999999936e-08
9.999999999999999547e-08
2.840000000000000020e-07
1.799999999999999971e-07
3.080000000000000051e-07
3.884000000000000421e-06
1.455999999999999909e-06
6.400000000000000399e-08
2.239999999999999941e-07
8.239999999999999669e-07
1.280000000000000080e-07
1.799999999999999971e-07
3.732000000000000013e-06
1.407999999999999902e-06
6.400000000000000399e-08
6.800000000000000010e-08
9.200000000000000325e-08
9.599999999999999936e-08
1.199999999999999893e-07
9.200000000000000325e-08
9.599999999999999936e-08
9.999999999999999547e-08
2.280000000000000034e-07
5.999999999999999464e-08
6.400000000000000399e-08
8.799999999999999390e-08
9.200000000000000325e-08
3.320000000000000083e-07
5.120000000000000319e-07
1.879999999999999894e-07
2.759999999999999833e-07
6.800000000000000010e-08
1.128000000000000042e-06
1.987999999999999855e-06
5.360000000000000350e-07
5.999999999999999464e-08
6.400000000000000399e-08
9.200000000000000325e-08
4.640000000000000256e-07
6.800000000000000010e-08
3.800000000000000146e-07
3.160000000000000238e-07
6.800000000000000010e-08
9.599999999999999936e-08
1.480000000000000018e-07
1.679999999999999956e-07
7.560000000000000463e-07
3.407999999999999812e-06
1.535999999999999990e-06
1.216000000000000089e-06
2.280000000000000034e-07
3.800000000000000146e-07
1.840000000000000065e-07
2.560000000000000159e-07
1.879999999999999894e-07
1.588000000000000085e-06
1.791999999999999953e-06
5.200000000000000241e-08
5.999999999999999464e-08
6.400000000000000399e-08
9.200000000000000325e-08
1.199999999999999893e-07
9.919999999999999890e-07
8.679999999999999904e-07
6.800000000000000010e-08
7.239999999999999715e-07
6.400000000000000399e-08
4.599999999999999898e-07
3.040000000000000222e-07
5.959999999999999900e-07
2.280000000000000034e-07
6.920000000000000026e-07
3.560000000000000114e-07
7.560000000000000463e-07
2.960000000000000035e-07
6.400000000000000399e-08
6.800000000000000010e-08
9.200000000000000325e-08
9.599999999999999936e-08
1.439999999999999924e-07
2.200000000000000112e-07
4.999999999999999774e-07
1.840000000000000065e-07
2.800000000000000191e-07
5.999999999999999464e-08
2.119999999999999925e-07
2.599999999999999988e-07
8.959999999999999764e-07
6.400000000000000399e-08
1.839999999999999959e-06
1.232000000000000020e-06
1.416000000000000080e-06
1.884000000000000088e-06
2.440000000000000144e-07
5.999999999999999464e-08
6.400000000000000399e-08
6.800000000000000010e-08
8.799999999999999390e-08
9.200000000000000325e-08
1.160000000000000064e-07
1.199999999999999893e-07
1.439999999999999924e-07
1.720000000000000049e-07
1.999999999999999909e-07
2.200000000000000112e-07
1.452000000000000032e-06
6.400000000000000399e-08
1.384000000000000005e-06
1.811999999999999973e-06
9.280000000000000512e-07
1.400000000000000095e-07
6.039999999999999557e-07
1.576000000000000030e-06
2.239999999999999941e-07
1.100000000000000056e-06
2.239999999999999941e-07
2.440000000000000144e-07
1.799999999999999971e-07
1.840000000000000065e-07
1.639999999999999968e-06
6.400000000000000399e-08
9.200000000000000325e-08
7.400000000000000089e-07
2.920000000000000207e-07
5.999999999999999464e-08
6.400000000000000399e-08
6.800000000000000010e-08
8.799999999999999390e-08
9.200000000000000325e-08
9.599999999999999936e-08
1.160000000000000064e-07
1.199999999999999893e-07
1.239999999999999986e-07
1.439999999999999924e-07
1.480000000000000018e-07
1.720000000000000049e-07
1.759999999999999878e-07
1.960000000000000081e-07
1.999999999999999909e-07
2.239999999999999941e-07
1.840000000000000065e-07
6.400000000000000399e-08
3.479999999999999927e-07
1.960000000000000081e-07
9.080000000000000309e-07
5.999999999999999464e-08
6.400000000000000399e-08
1.360000000000000002e-07
2.040000000000000003e-07
6.400000000000000399e-08
5.999999999999999464e-08
6.400000000000000399e-08
6.800000000000000010e-08
1.239999999999999986e-07
1.280000000000000080e-07
5.999999999999999464e-08
1.799999999999999971e-07
1.199999999999999893e-07
1.887999999999999965e-06
6.519999999999999620e-07
6.800000000000000010e-08
2.200000000000000112e-07
4.320000000000000037e-07
2.043999999999999827e-06
2.284000000000000070e-06
2.999999999999999864e-07
2.359999999999999957e-07
5.600000000000000382e-07
6.400000000000000399e-08
3.519999999999999756e-07
1.356000000000000019e-06
5.999999999999999464e-08
6.400000000000000399e-08
8.799999999999999390e-08
9.200000000000000325e-08
1.160000000000000064e-07
1.199999999999999893e-07
6.800000000000000010e-08
6.400000000000000399e-08
1.844000000000000048e-06
2.479999999999999972e-06
6.400000000000000399e-08
3.160000000000000238e-07
7.199999999999999886e-07
1.199999999999999946e-06
6.400000000000000399e-08
6.800000000000000010e-08
9.200000000000000325e-08
9.599999999999999936e-08
1.684000000000000097e-06
1.467999999999999963e-06
1.759999999999999878e-07
5.440000000000000008e-07
1.647999999999999934e-06
6.400000000000000399e-08
6.400000000000000399e-08
6.800000000000000010e-08
9.200000000000000325e-08
3.040000000000000222e-07
6.400000000000000399e-08
6.400000000000000399e-08
6.800000000000000010e-08
8.040000000000000526e-07
9.879999999999999002e-07
9.919999999999999890e-07
9.960000000000000777e-07
9.999999999999999547e-07
1.004000000000000044e-06
1.576000000000000030e-06
2.720000000000000004e-07
5.999999999999999464e-08
1.239999999999999986e-07
6.400000000000000399e-08
6.800000000000000010e-08
9.200000000000000325e-08
1.199999999999999893e-07
4.520000000000000240e-07
1.520000000000000058e-06
1.960000000000000081e-07
1.999999999999999909e-07
3.080000000000000051e-07
6.400000000000000399e-08
6.800000000000000010e-08
9.599999999999999936e-08
1.379999999999999916e-06
6.400000000000000399e-08
6.800000000000000010e-08
8.799999999999999390e-08
9.200000000000000325e-08
1.160000000000000064e-07
1.199999999999999893e-07
1.439999999999999924e-07
1.720000000000000049e-07
1.975999999999999800e-06
4.840000000000000459e-07
6.400000000000000399e-08
1.999999999999999909e-07
2.519999999999999801e-07
1.811999999999999973e-06
6.400000000000000399e-08
1.396000000000000060e-06
1.472000000000000052e-06
6.400000000000000399e-08
6.800000000000000010e-08
7.199999999999999621e-08
9.599999999999999936e-08
9.999999999999999547e-08
1.239999999999999986e-07
1.480000000000000018e-07
4.239999999999999850e-07
6.800000000000000010e-08
7.199999999999999621e-08
9.200000000000000325e-08
9.599999999999999936e-08
1.199999999999999893e-07
1.239999999999999986e-07
1.439999999999999924e-07
1.480000000000000018e-07
1.520000000000000111e-07
1.720000000000000049e-07
1.759999999999999878e-07
1.999999999999999909e-07
2.560000000000000159e-07
2.080000000000000096e-07
6.400000000000000399e-08
1.779999999999999898e-06
1.864000000000000068e-06
6.400000000000000399e-08
6.400000000000000399e-08
6.800000000000000010e-08
9.200000000000000325e-08
9.599999999999999936e-08
1.199999999999999893e-07
1.239999999999999986e-07
1.439999999999999924e-07
3.119999999999999880e-07
6.400000000000000399e-08
2.680000000000000175e-07
6.400000000000000399e-08
6.400000000000000399e-08
9.200000000000000325e-08
1.199999999999999893e-07
2.519999999999999801e-07
1.919999999999999987e-07
1.439999999999999924e-07
2.599999999999999988e-07
6.799999999999999481e-07
2.440000000000000144e-07
3.320000000000000083e-07
3.839999999999999974e-07
6.800000000000000010e-08
5.080000000000000490e-07
5.999999999999999464e-08
6.400000000000000399e-08
6.800000000000000010e-08
8.799999999999999390e-08
9.200000000000000325e-08
1.160000000000000064e-07
1.960000000000000081e-07
2.280000000000000034e-07
2.519999999999999801e-07
2.996000000000000199e-06
6.400000000000000399e-08
9.200000000000000325e-08
1.960000000000000081e-07
1.999999999999999909e-07
4.080000000000000006e-07
2.759999999999999833e-07
8.640000000000000075e-07
3.200000000000000067e-07
1.576000000000000030e-06
1.799999999999999971e-07
6.400000000000000399e-08
5.968000000000000289e-06
5.971999999999999742e-06
5.976000000000000043e-06
5.980000000000000343e-06
6.400000000000000399e-08
6.800000000000000010e-08
7.199999999999999621e-08
9.200000000000000325e-08
9.599999999999999936e-08
1.199999999999999893e-07
1.239999999999999986e-07
1.480000000000000018e-07
1.759999999999999878e-07
1.999999999999999909e-07
2.519999999999999801e-07
2.200000000000000112e-07
5.999999999999999464e-08
2.119999999999999925e-07
6.800000000000000010e-08
2.040000000000000003e-07
1.735999999999999981e-06
1.740000000000000069e-06
1.743999999999999946e-06
1.748000000000000035e-06
2.759999999999999833e-07
6.800000000000000010e-08
1.616000000000000071e-06
1.879999999999999894e-07
1.472000000000000052e-06
6.920000000000000026e-07
6.999999999999999683e-07
1.319999999999999909e-07
1.360000000000000002e-07
1.160000000000000064e-07
2.840000000000000020e-07
1.960000000000000081e-07
6.400000000000000399e-08
9.200000000000000325e-08
2.519999999999999801e-07
2.560000000000000159e-07
2.759999999999999833e-07
2.560000000000000159e-07
5.999999999999999464e-08
2.840000000000000020e-07
5.239999999999999805e-07
1.799999999999999971e-07
6.400000000000000399e-08
6.400000000000000399e-08
6.800000000000000010e-08
9.200000000000000325e-08
1.919999999999999987e-07
6.400000000000000399e-08
6.400000000000000399e-08
3.519999999999999756e-07
6.400000000000000399e-08
6.400000000000000399e-08
2.239999999999999941e-07
6.400000000000000399e-08
6.800000000000000010e-08
8.799999999999999390e-08
9.200000000000000325e-08
1.160000000000000064e-07
1.199999999999999893e-07
1.439999999999999924e-07
2.479999999999999972e-07
1.160000000000000064e-07
4.959999999999999945e-07
8.400000000000000043e-07
6.920000000000000026e-07
6.959999999999999854e-07
9.599999999999999142e-07
6.640000000000000165e-07
6.400000000000000399e-08
6.800000000000000010e-08
9.200000000000000325e-08
2.280000000000000034e-07
5.999999999999999464e-08
1.472000000000000052e-06
2.800000000000000191e-07
6.239999999999999760e-07
6.560000000000000508e-07
5.999999999999999464e-08
6.800000000000000010e-08
6.400000000000000399e-08
6.800000000000000010e-08
8.799999999999999390e-08
9.200000000000000325e-08
1.160000000000000064e-07
1.199999999999999893e-07
1.439999999999999924e-07
1.480000000000000018e-07
1.679999999999999956e-07
1.720000000000000049e-07
2.519999999999999801e-07
2.800000000000000191e-07
1.879999999999999894e-07
3.399999999999999740e-07
6.400000000000000399e-08
6.800000000000000010e-08
1.556000000000000010e-06
2.759999999999999833e-07
1.520000000000000058e-06
3.440000000000000098e-07
6.400000000000000399e-08
9.200000000000000325e-08
9.599999999999999936e-08
2.759999999999999833e-07
6.400000000000000399e-08
5.999999999999999464e-08
2.879999999999999848e-07
6.400000000000000399e-08
6.800000000000000010e-08
9.200000000000000325e-08
2.720000000000000004e-07
2.800000000000000191e-07
1.487999999999999983e-06
6.400000000000000399e-08
1.012000000000000009e-06
1.199999999999999893e-07
6.400000000000000399e-08
2.879999999999999848e-07
2.219999999999999921e-06
1.360000000000000002e-07
1.720000000000000049e-07
2.399999999999999786e-07
2.440000000000000144e-07
1.439999999999999924e-07
2.160000000000000019e-07
5.999999999999999464e-08
6.400000000000000399e-08
6.800000000000000010e-08
9.200000000000000325e-08
9.599999999999999936e-08
1.160000000000000064e-07
1.199999999999999893e-07
1.439999999999999924e-07
1.480000000000000018e-07
1.679999999999999956e-07
1.720000000000000049e-07
1.999999999999999909e-07
2.239999999999999941e-07
2.560000000000000159e-07
1.131999999999999919e-06
3.560000000000000114e-07
1.159999999999999905e-06
1.163999999999999994e-06
1.168000000000000083e-06
5.587999999999999692e-06
7.640000000000000120e-07
8.880000000000000106e-07
6.400000000000000399e-08
1.919999999999999987e-07
6.800000000000000010e-08
6.400000000000000399e-08
1.199999999999999893e-07
5.999999999999999728e-07
6.400000000000000399e-08
1.239999999999999986e-07
2.320000000000000128e-07
6.400000000000000399e-08
5.200000000000000241e-08
6.400000000000000399e-08
9.200000000000000325e-08
2.639999999999999817e-07
2.119999999999999925e-07
3.320000000000000083e-07
6.400000000000000399e-08
6.400000000000000399e-08
5.559999999999999494e-07
5.239999999999999805e-07
8.120000000000000183e-07
2.800000000000000191e-07
1.040000000000000048e-07
1.235999999999999897e-06
1.280000000000000080e-07
2.160000000000000019e-07
7.360000000000000260e-07
6.800000000000000010e-08
1.576000000000000030e-06
8.360000000000000215e-07
8.400000000000000043e-07
8.439999999999999872e-07
8.479999999999999701e-07
8.519999999999999530e-07
8.600000000000000246e-07
8.719999999999999732e-07
8.800000000000000449e-07
6.400000000000000399e-08
6.800000000000000010e-08
9.599999999999999936e-08
5.279999999999999634e-07
5.559999999999999494e-07
1.348000000000000053e-06
6.400000000000000399e-08
2.440000000000000144e-07
1.735999999999999981e-06
8.800000000000000449e-07
6.400000000000000399e-08
6.800000000000000010e-08
9.200000000000000325e-08
9.599999999999999936e-08
1.199999999999999893e-07
1.239999999999999986e-07
1.439999999999999924e-07
1.480000000000000018e-07
1.720000000000000049e-07
1.759999999999999878e-07
1.999999999999999909e-07
2.840000000000000020e-07
4.119999999999999835e-07
1.588000000000000085e-06
1.743999999999999946e-06
5.680000000000000039e-07
5.719999999999999868e-07
5.759999999999999697e-07
5.799999999999999526e-07
5.840000000000000413e-07
5.999999999999999728e-07
6.400000000000000399e-08
3.040000000000000222e-07
1.239999999999999986e-07
2.263999999999999838e-06
5.999999999999999464e-08
6.800000000000000010e-08
9.200000000000000325e-08
1.535999999999999990e-06
1.080000000000000036e-06
5.999999999999999464e-08
1.879999999999999894e-07
6.400000000000000399e-08
3.959999999999999990e-07
6.400000000000000399e-08
2.160000000000000019e-07
3.560000000000000114e-07
8.400000000000000043e-07
1.500000000000000038e-06
5.999999999999999464e-08
6.400000000000000399e-08
6.800000000000000010e-08
9.200000000000000325e-08
1.199999999999999893e-07
5.400000000000000179e-07
5.440000000000000008e-07
1.903999999999999897e-06
6.400000000000000399e-08
6.800000000000000010e-08
5.999999999999999464e-08
1.319999999999999909e-07
6.400000000000000399e-08
2.840000000000000020e-07
6.400000000000000399e-08
6.400000000000000399e-08
6.800000000000000010e-08
9.599999999999999936e-08
1.384000000000000005e-06
6.800000000000000010e-08
1.391999999999999971e-06
9.200000000000000325e-08
6.400000000000000399e-08
2.280000000000000034e-07
1.827999999999999905e-06
2.239999999999999941e-07
2.195999999999999812e-06
6.400000000000000399e-08
2.960000000000000035e-07
5.640000000000000211e-07
5.680000000000000039e-07
5.719999999999999868e-07
5.759999999999999697e-07
5.799999999999999526e-07
5.880000000000000242e-07
2.759999999999999833e-07
6.800000000000000010e-08
5.360000000000000350e-07
6.039999999999999557e-07
8.279999999999999498e-07
8.600000000000000246e-07
1.952000000000000115e-06
1.955999999999999992e-06
1.959999999999999869e-06
1.964000000000000169e-06
6.400000000000000399e-08
6.400000000000000399e-08
9.200000000000000325e-08
9.599999999999999936e-08
9.999999999999999547e-08
1.080000000000000009e-07
1.160000000000000064e-07
1.280000000000000080e-07
5.400000000000000179e-07
9.399999999999999998e-07
6.400000000000000399e-08
1.212000000000000000e-06
1.216000000000000089e-06
1.219999999999999966e-06
1.224000000000000055e-06
5.999999999999999464e-08
9.360000000000000169e-07
1.419999999999999957e-06
1.424000000000000046e-06
1.427999999999999923e-06
1.432000000000000011e-06
1.224000000000000055e-06
3.879999999999999803e-07
1.239999999999999986e-07
4.160000000000000193e-07
6.400000000000000399e-08
3.560000000000000114e-07
3.599999999999999943e-07
3.639999999999999772e-07
3.680000000000000130e-07
3.719999999999999959e-07
6.400000000000000399e-08
2.200000000000000112e-07
1.480000000000000018e-07
1.520000000000000111e-07
5.999999999999999464e-08
5.680000000000000039e-07
2.280000000000000034e-07
6.800000000000000010e-08
7.199999999999999621e-08
7.600000000000000556e-08
9.599999999999999936e-08
9.999999999999999547e-08
1.199999999999999893e-07
1.239999999999999986e-07
1.480000000000000018e-07
1.520000000000000111e-07
1.759999999999999878e-07
1.879999999999999894e-07
1.999999999999999909e-07
2.080000000000000096e-07
2.280000000000000034e-07
1.919999999999999987e-07
6.400000000000000399e-08
6.800000000000000010e-08
7.199999999999999621e-08
9.599999999999999936e-08
1.199999999999999893e-07
1.239999999999999986e-07
1.520000000000000111e-07
2.200000000000000112e-07
1.520000000000000058e-06
3.320000000000000083e-07
1.199999999999999893e-07
6.400000000000000399e-08
5.239999999999999805e-07
6.400000000000000399e-08
9.200000000000000325e-08
1.919999999999999987e-07
5.999999999999999464e-08
6.400000000000000399e-08
6.800000000000000010e-08
7.199999999999999621e-08
9.200000000000000325e-08
9.599999999999999936e-08
1.199999999999999893e-07
4.759999999999999742e-07
3.359999999999999911e-07
3.080000000000000051e-07
6.400000000000000399e-08
6.800000000000000010e-08
9.200000000000000325e-08
1.199999999999999893e-07
1.439999999999999924e-07
3.359999999999999911e-07
1.936000000000000183e-06
6.400000000000000399e-08
6.400000000000000399e-08
6.400000000000000399e-08
9.200000000000000325e-08
6.400000000000000399e-08
9.200000000000000325e-08
1.199999999999999893e-07
2.720000000000000004e-07
4.440000000000000053e-07
5.400000000000000179e-07
1.280000000000000080e-07
3.999999999999999819e-07
6.400000000000000399e-08
3.599999999999999943e-07
6.400000000000000399e-08
1.239999999999999986e-07
1.280000000000000080e-07
1.999999999999999909e-07
2.560000000000000159e-07
1.092000000000000090e-06
8.600000000000000246e-07
1.960000000000000081e-07
3.040000000000000222e-07
6.800000000000000010e-08
6.400000000000000399e-08
6.400000000000000399e-08
2.080000000000000096e-07
6.400000000000000399e-08
6.800000000000000010e-08
6.400000000000000399e-08
2.399999999999999786e-07
2.200000000000000112e-07
2.720000000000000004e-07
2.359999999999999957e-07
2.399999999999999786e-07
1.459999999999999997e-06
1.464000000000000086e-06
2.740000000000000024e-06
1.039999999999999995e-06
6.400000000000000399e-08
1.799999999999999971e-07
1.315999999999999979e-06
9.999999999999999547e-08
1.040000000000000048e-07
2.200000000000000112e-07
9.840000000000000232e-07
1.783999999999999987e-06
3.800000000000000040e-06
3.803999999999999917e-06
6.400000000000000399e-08
1.919999999999999987e-07
5.719999999999999868e-07
2.359999999999999957e-07
1.672000000000000043e-06
1.867999999999999945e-06
6.400000000000000399e-08
2.652000000000000189e-06
6.400000000000000399e-08
6.800000000000000010e-08
6.400000000000000399e-08
6.400000000000000399e-08
8.999999999999999593e-07
5.999999999999999464e-08
6.400000000000000399e-08
6.800000000000000010e-08
8.799999999999999390e-08
9.200000000000000325e-08
1.160000000000000064e-07
1.199999999999999893e-07
1.439999999999999924e-07
1.679999999999999956e-07
1.411999999999999991e-06
1.996000000000000032e-06
4.479999999999999882e-07
2.720000000000000004e-07
1.720000000000000049e-07
5.999999999999999464e-08
1.960000000000000081e-07
1.608000000000000105e-06
2.720000000000000004e-07
3.080000000000000051e-07
3.119999999999999880e-07
5.999999999999999464e-08
5.799999999999999526e-07
2.599999999999999988e-07
5.999999999999999464e-08
1.280000000000000027e-06
4.560000000000000069e-07
9.200000000000000325e-08
6.400000000000000399e-08
6.400000000000000399e-08
9.599999999999999936e-08
1.160000000000000064e-07
6.800000000000000010e-08
1.879999999999999894e-07
6.400000000000000399e-08
6.400000000000000399e-08
9.599999999999999936e-08
9.999999999999999547e-08
1.267999999999999972e-06
6.400000000000000399e-08
4.880000000000000287e-07
1.312000000000000102e-06
5.999999999999999464e-08
6.400000000000000399e-08
8.799999999999999390e-08
9.200000000000000325e-08
1.160000000000000064e-07
1.439999999999999924e-07
1.720000000000000049e-07
6.400000000000000399e-08
6.400000000000000399e-08
1.495999999999999949e-06
4.799999999999999571e-07
4.999999999999999774e-07
6.400000000000000399e-08
1.280000000000000080e-07
4.280000000000000209e-07
7.600000000000000291e-07
6.400000000000000399e-08
6.400000000000000399e-08
3.479999999999999927e-07
1.647999999999999934e-06
2.039999999999999950e-06
1.548000000000000044e-06
5.999999999999999464e-08
2.359999999999999957e-07
6.400000000000000399e-08
7.199999999999999886e-07
5.999999999999999464e-08
4.560000000000000069e-07
4.599999999999999898e-07
4.640000000000000256e-07
4.680000000000000085e-07
4.719999999999999913e-07
1.919999999999999987e-07
1.903999999999999897e-06
1.908000000000000197e-06
1.912000000000000074e-06
1.915999999999999951e-06
1.919999999999999828e-06
1.624000000000000037e-06
8.080000000000000354e-07
1.640000000000000127e-07
1.664000000000000077e-06
7.880000000000000152e-07
6.400000000000000399e-08
2.999999999999999864e-07
9.200000000000000325e-08
9.599999999999999936e-08
2.720000000000000004e-07
1.343999999999999965e-06
6.400000000000000399e-08
1.759999999999999878e-07
6.239999999999999760e-07
2.492000000000000027e-06
2.999999999999999864e-07
6.400000000000000399e-08
1.720000000000000049e-07
9.200000000000000325e-08
3.280000000000000254e-07
6.400000000000000399e-08
8.799999999999999390e-08
1.439999999999999924e-07
1.700000000000000029e-06
1.055999999999999927e-06
1.060000000000000016e-06
6.400000000000000399e-08
6.800000000000000010e-08
6.400000000000000399e-08
6.400000000000000399e-08
6.800000000000000010e-08
6.519999999999999620e-07
1.024000000000000064e-06
6.400000000000000399e-08
6.800000000000000010e-08
1.768000000000000056e-06
6.679999999999999994e-07
6.719999999999999823e-07
6.400000000000000399e-08
9.200000000000000325e-08
5.999999999999999464e-08
6.400000000000000399e-08
2.560000000000000159e-07
3.040000000000000222e-07
1.836000000000000082e-06
7.160000000000000057e-07
7.959999999999999809e-07
6.400000000000000399e-08
1.799999999999999971e-07
6.400000000000000399e-08
1.840000000000000065e-07
5.559999999999999494e-07
6.400000000000000399e-08
6.400000000000000399e-08
1.840000000000000065e-07
2.759999999999999833e-07
1.148000000000000062e-06
3.359999999999999911e-07
2.519999999999999801e-07
6.400000000000000399e-08
6.800000000000000010e-08
9.599999999999999936e-08
2.239999999999999941e-07
7.320000000000000431e-07
1.308000000000000013e-06
6.400000000000000399e-08
6.400000000000000399e-08
9.200000000000000325e-08
1.160000000000000064e-07
1.439999999999999924e-07
1.720000000000000049e-07
1.160000000000000064e-07
9.599999999999999936e-08
6.400000000000000399e-08
2.560000000000000159e-07
1.472000000000000052e-06
2.399999999999999786e-07
3.800000000000000146e-07
1.391999999999999971e-06
2.239999999999999941e-07
1.123999999999999953e-06
1.319999999999999909e-07
2.720000000000000004e-07
5.999999999999999728e-07
6.439999999999999963e-07
6.479999999999999791e-07
6.519999999999999620e-07
6.560000000000000508e-07
4.080000000000000006e-07
1.179999999999999925e-06
3.119999999999999880e-07
1.244000000000000075e-06
8.799999999999999390e-08
9.200000000000000325e-08
4.383999999999999869e-06
7.959999999999999809e-07
2.376000000000000206e-06
2.380000000000000083e-06
2.383999999999999960e-06
2.387999999999999837e-06
2.392000000000000137e-06
2.408000000000000069e-06
2.599999999999999988e-07
8.800000000000000449e-07
6.400000000000000399e-08
1.119999999999999970e-07
1.160000000000000064e-07
1.199999999999999893e-07
1.239999999999999986e-07
1.280000000000000080e-07
1.439999999999999924e-07
1.480000000000000018e-07
6.759999999999999652e-07
5.999999999999999464e-08
2.519999999999999801e-07
6.400000000000000399e-08
5.799999999999999526e-07
3.239999999999999896e-07
6.800000000000000010e-08
8.999999999999999593e-07
2.320000000000000128e-07
2.399999999999999786e-07
7.560000000000000463e-07
5.799999999999999526e-07
5.840000000000000413e-07
5.880000000000000242e-07
5.920000000000000071e-07
5.959999999999999900e-07
5.999999999999999728e-07
6.039999999999999557e-07
6.120000000000000274e-07
6.160000000000000102e-07
6.199999999999999931e-07
6.439999999999999963e-07
6.400000000000000399e-08
6.400000000000000399e-08
6.800000000000000010e-08
1.700000000000000029e-06
1.535999999999999990e-06
2.440000000000000144e-07
6.400000000000000399e-08
5.519999999999999666e-07
4.663999999999999730e-06
6.400000000000000399e-08
6.400000000000000399e-08
9.519999999999999484e-07
3.200000000000000067e-07
1.928000000000000006e-06
2.680000000000000175e-07
2.320000000000000128e-07
1.919999999999999987e-07
6.400000000000000399e-08
9.200000000000000325e-08
1.439999999999999924e-07
7.719999999999999778e-07
6.400000000000000399e-08
7.199999999999999621e-08
9.599999999999999936e-08
1.960000000000000081e-07
6.400000000000000399e-08
6.800000000000000010e-08
7.199999999999999621e-08
9.200000000000000325e-08
9.599999999999999936e-08
9.999999999999999547e-08
1.199999999999999893e-07
1.239999999999999986e-07
1.480000000000000018e-07
1.759999999999999878e-07
1.999999999999999909e-07
2.280000000000000034e-07
3.680000000000000130e-07
6.400000000000000399e-08
5.279999999999999634e-07
1.027999999999999941e-06
6.400000000000000399e-08
6.800000000000000010e-08
7.199999999999999621e-08
9.200000000000000325e-08
9.599999999999999936e-08
9.999999999999999547e-08
1.199999999999999893e-07
1.239999999999999986e-07
1.480000000000000018e-07
1.520000000000000111e-07
1.759999999999999878e-07
1.879999999999999894e-07
1.999999999999999909e-07
2.280000000000000034e-07
2.560000000000000159e-07
6.679999999999999994e-07
6.400000000000000399e-08
2.440000000000000144e-07
4.359999999999999866e-07
6.400000000000000399e-08
6.840000000000000368e-07
2.519999999999999801e-07
4.799999999999999571e-07
1.388000000000000094e-06
1.391999999999999971e-06
1.396000000000000060e-06
1.399999999999999937e-06
5.959999999999999900e-07
6.479999999999999791e-07
2.999999999999999864e-07
2.144000000000000140e-06
2.148000000000000017e-06
8.519999999999999530e-07
1.579999999999999907e-06
1.295999999999999958e-06
6.479999999999999791e-07
7.800000000000000494e-07
7.840000000000000323e-07
9.599999999999999936e-08
2.680000000000000175e-07
5.599999999999999852e-08
6.400000000000000399e-08
6.880000000000000197e-07
2.239999999999999941e-07
2.020000000000000142e-06
2.200000000000000112e-07
1.287999999999999993e-06
6.400000000000000399e-08
9.200000000000000325e-08
1.703999999999999906e-06
2.599999999999999988e-07
1.500000000000000038e-06
1.879999999999999894e-07
9.200000000000000325e-08
2.280000000000000034e-07
2.560000000000000159e-07
2.823999999999999982e-06
2.827999999999999859e-06
2.836000000000000037e-06
6.400000000000000399e-08
6.400000000000000399e-08
6.800000000000000010e-08
8.799999999999999390e-08
9.200000000000000325e-08
9.599999999999999936e-08
1.160000000000000064e-07
1.199999999999999893e-07
1.439999999999999924e-07
1.480000000000000018e-07
1.720000000000000049e-07
1.348000000000000053e-06
1.159999999999999905e-06
3.759999999999999788e-07
1.703999999999999906e-06
1.319999999999999909e-07
6.400000000000000399e-08
1.199999999999999893e-07
1.520000000000000111e-07
2.759999999999999833e-07
1.083999999999999913e-06
5.400000000000000179e-07
6.400000000000000399e-08
6.400000000000000399e-08
6.400000000000000399e-08
6.800000000000000010e-08
7.199999999999999621e-08
9.200000000000000325e-08
9.599999999999999936e-08
1.199999999999999893e-07
1.239999999999999986e-07
1.439999999999999924e-07
1.480000000000000018e-07
1.759999999999999878e-07
1.999999999999999909e-07
1.879999999999999894e-07
1.919999999999999987e-07
2.759999999999999833e-07
6.400000000000000399e-08
6.800000000000000010e-08
7.199999999999999621e-08
9.200000000000000325e-08
9.599999999999999936e-08
9.999999999999999547e-08
1.199999999999999893e-07
1.239999999999999986e-07
1.480000000000000018e-07
1.520000000000000111e-07
1.720000000000000049e-07
1.759999999999999878e-07
1.999999999999999909e-07
2.040000000000000003e-07
3.599999999999999943e-07
1.919999999999999987e-07
6.400000000000000399e-08
6.999999999999999683e-07
2.239999999999999941e-07
9.120000000000000138e-07
9.159999999999999967e-07
9.199999999999999795e-07
9.239999999999999624e-07
9.280000000000000512e-07
9.360000000000000169e-07
9.439999999999999827e-07
9.519999999999999484e-07
6.999999999999999683e-07
5.999999999999999464e-08
2.840000000000000020e-07
3.080000000000000051e-07
2.280000000000000034e-07
2.519999999999999801e-07
6.999999999999999683e-07
9.239999999999999624e-07
1.072000000000000070e-06
4.548000000000000332e-06
4.551999999999999786e-06
4.556000000000000086e-06
2.708000000000000161e-06
2.280000000000000034e-07
2.320000000000000128e-07
1.931999999999999883e-06
6.800000000000000010e-08
6.400000000000000399e-08
2.639999999999999817e-07
1.960000000000000081e-07
5.999999999999999464e-08
2.160000000000000019e-07
2.280000000000000034e-07
4.680000000000000085e-07
1.199999999999999893e-07
1.239999999999999986e-07
8.560000000000000417e-07
8.360000000000000215e-07
2.239999999999999941e-07
5.999999999999999464e-08
6.400000000000000399e-08
8.799999999999999390e-08
9.200000000000000325e-08
2.800000000000000191e-07
1.359999999999999896e-06
5.999999999999999464e-08
6.400000000000000399e-08
6.800000000000000010e-08
9.200000000000000325e-08
1.199999999999999893e-07
1.960000000000000081e-07
6.400000000000000399e-08
6.800000000000000010e-08
6.400000000000000399e-08
6.800000000000000010e-08
2.680000000000000175e-07
1.960000000000000081e-07
5.999999999999999464e-08
2.492000000000000027e-06
2.504000000000000082e-06
1.487999999999999983e-06
2.560000000000000159e-07
2.239999999999999941e-07
1.179999999999999925e-06
7.267999999999999701e-06
7.272000000000000001e-06
7.276000000000000302e-06
7.279999999999999755e-06
7.288000000000000356e-06
6.400000000000000399e-08
9.200000000000000325e-08
9.599999999999999936e-08
5.999999999999999464e-08
5.999999999999999464e-08
6.799999999999999481e-07
6.840000000000000368e-07
1.919999999999999987e-07
1.999999999999999909e-07
1.759999999999999878e-07
1.472000000000000052e-06
6.800000000000000010e-08
2.040000000000000003e-07
2.239999999999999941e-07
4.959999999999999945e-07
5.080000000000000490e-07
1.732000000000000104e-06
1.384000000000000005e-06
3.519999999999999756e-07
5.999999999999999464e-08
6.400000000000000399e-08
5.559999999999999494e-07
2.280000000000000034e-07
2.080000000000000096e-07
1.335999999999999999e-06
1.136000000000000008e-06
1.140000000000000097e-06
1.143999999999999974e-06
4.799999999999999571e-07
2.639999999999999817e-07
2.479999999999999972e-07
1.684000000000000097e-06
1.019999999999999975e-06
6.400000000000000399e-08
6.800000000000000010e-08
9.200000000000000325e-08
9.599999999999999936e-08
1.199999999999999893e-07
1.439999999999999924e-07
1.480000000000000018e-07
1.679999999999999956e-07
1.960000000000000081e-07
1.999999999999999909e-07
2.280000000000000034e-07
2.320000000000000128e-07
2.519999999999999801e-07
2.759999999999999833e-07
2.999999999999999864e-07
3.040000000000000222e-07
1.720000000000000049e-07
1.759999999999999878e-07
6.080000000000000445e-07
1.919999999999999987e-07
4.560000000000000069e-07
1.579999999999999907e-06
1.199999999999999893e-07
2.320000000000000128e-07
7.919999999999999980e-07
2.160000000000000019e-07
6.400000000000000399e-08
6.800000000000000010e-08
9.599999999999999936e-08
6.400000000000000399e-08
6.800000000000000010e-08
1.016000000000000098e-06
6.400000000000000399e-08
1.919999999999999987e-07
1.199999999999999893e-07
1.239999999999999986e-07
6.400000000000000399e-08
3.080000000000000051e-07
1.360000000000000002e-07
2.128000000000000209e-06
4.040000000000000177e-07
2.040000000000000003e-07
5.999999999999999464e-08
2.315999999999999933e-06
2.336000000000000165e-06
1.720000000000000049e-07
9.919999999999999890e-07
6.679999999999999994e-07
6.400000000000000399e-08
9.200000000000000325e-08
1.720000000000000049e-07
2.280000000000000034e-07
5.440000000000000008e-07
1.652000000000000023e-06
6.400000000000000399e-08
6.400000000000000399e-08
6.800000000000000010e-08
9.200000000000000325e-08
9.599999999999999936e-08
1.199999999999999893e-07
6.400000000000000399e-08
3.040000000000000222e-07
2.519999999999999801e-07
6.400000000000000399e-08
1.199999999999999946e-06
1.204000000000000034e-06
1.207999999999999911e-06
1.212000000000000000e-06
1.600000000000000033e-07
6.400000000000000399e-08
1.080000000000000009e-07
2.736000000000000147e-06
2.740000000000000024e-06
2.743999999999999901e-06
2.748000000000000202e-06
2.752000000000000079e-06
2.759999999999999833e-06
2.771999999999999887e-06
2.780000000000000065e-06
3.024000000000000185e-06
2.228000000000000098e-06
1.720000000000000049e-06
3.040000000000000117e-06
2.399999999999999786e-07
2.040000000000000003e-07
1.520000000000000111e-07
2.263999999999999838e-06
2.268000000000000139e-06
2.272000000000000016e-06
2.275999999999999893e-06
1.804000000000000007e-06
3.512000000000000002e-06
6.400000000000000399e-08
9.599999999999999936e-08
2.368000000000000028e-06
6.400000000000000399e-08
6.800000000000000010e-08
1.879999999999999894e-07
3.099999999999999966e-06
1.388000000000000094e-06
1.759999999999999878e-07
1.551999999999999921e-06
2.320000000000000128e-07
3.280000000000000254e-07
7.640000000000000120e-07
8.800000000000000449e-07
1.968000000000000046e-06
6.400000000000000399e-08
5.680000000000000039e-07
6.800000000000000010e-08
9.599999999999999936e-08
1.455999999999999909e-06
1.740000000000000069e-06
5.999999999999999464e-08
4.959999999999999945e-07
1.840000000000000065e-07
6.400000000000000399e-08
6.800000000000000010e-08
2.280000000000000034e-07
6.400000000000000399e-08
6.400000000000000399e-08
6.400000000000000399e-08
1.720000000000000049e-07
4.160000000000000193e-07
6.400000000000000399e-08
1.720000000000000049e-07
2.280000000000000034e-07
1.700000000000000029e-06
2.320000000000000128e-07
6.880000000000000197e-07
6.400000000000000399e-08
9.200000000000000325e-08
4.819999999999999591e-06
1.960000000000000081e-07
2.239999999999999941e-07
1.060000000000000016e-06
7.279999999999999544e-07
1.799999999999999971e-07
3.719999999999999959e-07
2.920000000000000207e-07
6.400000000000000399e-08
1.919999999999999987e-07
5.640000000000000211e-07
3.860000000000000312e-06
5.999999999999999464e-08
6.400000000000000399e-08
2.440000000000000144e-07
3.560000000000000114e-07
3.119999999999999880e-07
1.280000000000000080e-07
1.480000000000000018e-07
6.400000000000000399e-08
5.999999999999999464e-08
6.400000000000000399e-08
2.320000000000000128e-07
6.400000000000000399e-08
6.400000000000000399e-08
1.163999999999999994e-06
1.168000000000000083e-06
1.171999999999999960e-06
1.176000000000000048e-06
1.179999999999999925e-06
1.188000000000000103e-06
3.560000000000000114e-07
6.800000000000000010e-08
8.560000000000000417e-07
2.599999999999999988e-07
6.400000000000000399e-08
6.800000000000000010e-08
6.400000000000000399e-08
2.104000000000000100e-06
6.800000000000000010e-08
6.400000000000000399e-08
6.400000000000000399e-08
2.519999999999999801e-07
3.719999999999999959e-07
4.640000000000000256e-07
1.503999999999999915e-06
6.400000000000000399e-08
6.800000000000000010e-08
7.199999999999999621e-08
9.200000000000000325e-08
9.599999999999999936e-08
1.199999999999999893e-07
1.239999999999999986e-07
1.480000000000000018e-07
1.720000000000000049e-07
1.759999999999999878e-07
1.999999999999999909e-07
1.103999999999999933e-06
1.531999999999999901e-06
1.160000000000000064e-07
4.880000000000000287e-07
6.400000000000000399e-08
1.720000000000000049e-07
4.320000000000000037e-07
6.160000000000000102e-07
1.703999999999999906e-06
3.160000000000000238e-07
6.400000000000000399e-08
6.800000000000000010e-08
9.599999999999999936e-08
1.919999999999999828e-06
1.064000000000000104e-06
6.800000000000000010e-08
8.000000000000000167e-08
8.399999999999999779e-08
8.799999999999999390e-08
9.200000000000000325e-08
9.599999999999999936e-08
9.999999999999999547e-08
1.040000000000000048e-07
1.160000000000000064e-07
1.199999999999999893e-07
1.239999999999999986e-07
1.439999999999999924e-07
1.480000000000000018e-07
1.720000000000000049e-07
1.759999999999999878e-07
1.999999999999999909e-07
2.239999999999999941e-07
2.280000000000000034e-07
2.519999999999999801e-07
3.560000000000000114e-07
1.439999999999999924e-07
1.936000000000000183e-06
3.920000000000000161e-07
1.583999999999999996e-06
5.400000000000000179e-07
7.519999999999999575e-07
6.400000000000000399e-08
6.800000000000000010e-08
9.200000000000000325e-08
1.160000000000000064e-07
1.199999999999999893e-07
5.999999999999999464e-08
6.400000000000000399e-08
6.400000000000000399e-08
2.479999999999999972e-07
2.519999999999999801e-07
5.999999999999999464e-08
5.999999999999999464e-08
8.080000000000000354e-07
5.999999999999999464e-08
6.400000000000000399e-08
6.800000000000000010e-08
9.200000000000000325e-08
1.160000000000000064e-07
1.199999999999999893e-07
1.439999999999999924e-07
1.480000000000000018e-07
1.756000000000000001e-06
6.400000000000000399e-08
9.200000000000000325e-08
1.199999999999999893e-07
2.840000000000000020e-07
3.040000000000000222e-07
1.551999999999999921e-06
2.519999999999999801e-07
3.119999999999999880e-07
1.679999999999999956e-07
2.280000000000000034e-07
3.080000000000000051e-07
2.680000000000000175e-07
2.239999999999999941e-07
1.427999999999999923e-06
6.400000000000000399e-08
2.800000000000000191e-07
1.360000000000000002e-07
6.400000000000000399e-08
2.280000000000000034e-07
3.160000000000000238e-07
6.400000000000000399e-08
6.800000000000000010e-08
2.160000000000000019e-07
1.627999999999999914e-06
1.148000000000000062e-06
6.400000000000000399e-08
6.400000000000000399e-08
6.800000000000000010e-08
9.200000000000000325e-08
1.160000000000000064e-07
1.199999999999999893e-07
1.439999999999999924e-07
1.480000000000000018e-07
1.720000000000000049e-07
2.160000000000000019e-07
2.800000000000000191e-07
1.368000000000000074e-06
6.400000000000000399e-08
6.400000000000000399e-08
2.320000000000000128e-07
3.759999999999999788e-07
1.679999999999999956e-07
7.560000000000000463e-07
6.400000000000000399e-08
5.999999999999999464e-08
6.400000000000000399e-08
6.800000000000000010e-08
5.759999999999999697e-07
6.400000000000000399e-08
6.800000000000000010e-08
7.199999999999999621e-08
9.599999999999999936e-08
7.800000000000000494e-07
4.799999999999999571e-07
6.400000000000000399e-08
2.239999999999999941e-07
2.200000000000000112e-07
2.376000000000000206e-06
6.400000000000000399e-08
6.400000000000000399e-08
8.799999999999999390e-08
9.200000000000000325e-08
5.999999999999999464e-08
6.400000000000000399e-08
6.800000000000000010e-08
7.199999999999999621e-08
9.200000000000000325e-08
9.599999999999999936e-08
1.199999999999999893e-07
1.439999999999999924e-07
1.480000000000000018e-07
1.720000000000000049e-07
6.800000000000000010e-08
6.400000000000000399e-08
6.800000000000000010e-08
9.200000000000000325e-08
1.199999999999999893e-07
1.720000000000000049e-07
2.759999999999999833e-07
2.800000000000000191e-07
2.599999999999999988e-07
6.400000000000000399e-08
5.999999999999999464e-08
6.400000000000000399e-08
6.800000000000000010e-08
8.799999999999999390e-08
9.200000000000000325e-08
9.599999999999999936e-08
1.160000000000000064e-07
1.199999999999999893e-07
1.439999999999999924e-07
1.480000000000000018e-07
1.720000000000000049e-07
2.239999999999999941e-07
6.800000000000000010e-08
2.200000000000000112e-07
5.999999999999999464e-08
6.400000000000000399e-08
9.200000000000000325e-08
2.239999999999999941e-07
1.280000000000000080e-07
3.320000000000000083e-07
6.400000000000000399e-08
6.800000000000000010e-08
9.200000000000000325e-08
9.599999999999999936e-08
4.680000000000000085e-07
1.156000000000000028e-06
6.400000000000000399e-08
1.520000000000000058e-06
6.400000000000000399e-08
6.800000000000000010e-08
8.799999999999999390e-08
9.200000000000000325e-08
1.160000000000000064e-07
1.199999999999999893e-07
1.439999999999999924e-07
6.400000000000000399e-08
1.759999999999999878e-07
6.400000000000000399e-08
6.800000000000000010e-08
9.200000000000000325e-08
9.599999999999999936e-08
1.160000000000000064e-07
1.199999999999999893e-07
1.439999999999999924e-07
1.480000000000000018e-07
1.720000000000000049e-07
3.320000000000000083e-07
3.359999999999999911e-07
3.399999999999999740e-07
3.440000000000000098e-07
3.519999999999999756e-07
6.400000000000000399e-08
1.900000000000000020e-06
6.400000000000000399e-08
1.960000000000000081e-07
6.400000000000000399e-08
3.080000000000000051e-07
6.400000000000000399e-08
2.519999999999999801e-07
4.440000000000000053e-07
6.160000000000000102e-07
6.400000000000000399e-08
6.800000000000000010e-08
9.200000000000000325e-08
9.599999999999999936e-08
4.400000000000000224e-07
6.320000000000000476e-07
1.235999999999999897e-06
5.999999999999999464e-08
6.400000000000000399e-08
6.800000000000000010e-08
8.799999999999999390e-08
9.200000000000000325e-08
1.160000000000000064e-07
1.199999999999999893e-07
1.439999999999999924e-07
1.720000000000000049e-07
1.960000000000000081e-07
2.119999999999999925e-07
2.200000000000000112e-07
2.239999999999999941e-07
2.920000000000000207e-07
6.400000000000000134e-07
2.720000000000000004e-07
1.204000000000000034e-06
9.439999999999999827e-07
2.800000000000000191e-07
2.239999999999999941e-07
4.440000000000000053e-07
1.816000000000000062e-06
2.960000000000000035e-07
1.480000000000000018e-07
6.400000000000000399e-08
3.040000000000000222e-07
6.800000000000000010e-08
1.611999999999999982e-06
2.200000000000000112e-07
5.999999999999999464e-08
6.400000000000000399e-08
9.200000000000000325e-08
1.199999999999999893e-07
6.360000000000000305e-07
9.080000000000000309e-07
1.919999999999999987e-07
9.200000000000000325e-08
1.052000000000000050e-06
4.320000000000000037e-07
1.400000000000000095e-07
8.840000000000000278e-07
3.160000000000000238e-07
5.519999999999999666e-07
2.560000000000000159e-07
1.111999999999999899e-06
2.920000000000000207e-07
1.960000000000000081e-07
2.759999999999999833e-07
1.356000000000000019e-06
2.639999999999999817e-07
1.452000000000000032e-06
1.199999999999999893e-07
1.239999999999999986e-07
6.400000000000000399e-08
2.560000000000000159e-07
1.472000000000000052e-06
6.400000000000000399e-08
1.840000000000000065e-07
1.439999999999999924e-07
1.480000000000000018e-07
5.999999999999999464e-08
6.400000000000000399e-08
9.200000000000000325e-08
3.359999999999999911e-07
1.199999999999999893e-07
2.519999999999999801e-07
2.680000000000000175e-07
6.400000000000000399e-08
2.200000000000000112e-07
5.999999999999999464e-08
6.400000000000000399e-08
2.519999999999999801e-07
6.400000000000000399e-08
2.119999999999999925e-07
3.424000000000000167e-06
3.160000000000000238e-07
3.200000000000000067e-07
3.239999999999999896e-07
3.280000000000000254e-07
3.320000000000000083e-07
3.359999999999999911e-07
2.200000000000000112e-07
2.320000000000000128e-07
5.999999999999999464e-08
6.400000000000000399e-08
6.800000000000000010e-08
7.199999999999999621e-08
9.200000000000000325e-08
9.599999999999999936e-08
1.160000000000000064e-07
1.199999999999999893e-07
1.239999999999999986e-07
1.439999999999999924e-07
1.480000000000000018e-07
1.720000000000000049e-07
1.759999999999999878e-07
1.960000000000000081e-07
1.999999999999999909e-07
2.280000000000000034e-07
2.680000000000000175e-07
2.800000000000000191e-07
6.800000000000000010e-08
5.160000000000000148e-07
6.400000000000000399e-08
9.840000000000000232e-07
5.999999999999999464e-08
1.599999999999999928e-06
2.519999999999999801e-07
1.999999999999999909e-07
4.400000000000000224e-07
6.400000000000000399e-08
6.800000000000000010e-08
9.200000000000000325e-08
9.599999999999999936e-08
1.199999999999999893e-07
1.480000000000000018e-07
6.400000000000000399e-08
6.800000000000000010e-08
7.199999999999999621e-08
9.200000000000000325e-08
9.599999999999999936e-08
1.199999999999999893e-07
1.239999999999999986e-07
1.480000000000000018e-07
2.560000000000000159e-07
9.399999999999999998e-07
9.439999999999999827e-07
9.479999999999999656e-07
9.519999999999999484e-07
9.560000000000000372e-07
9.599999999999999142e-07
9.680000000000000917e-07
9.760000000000000575e-07
9.799999999999999345e-07
9.840000000000000232e-07
9.879999999999999002e-07
1.004000000000000044e-06
1.007999999999999921e-06
1.035999999999999907e-06
1.088000000000000002e-06
2.612000000000000149e-06
3.599999999999999943e-07
1.280000000000000080e-07
6.400000000000000399e-08
6.800000000000000010e-08
9.200000000000000325e-08
1.199999999999999893e-07
5.999999999999999464e-08
1.400000000000000095e-07
6.800000000000000010e-08
5.799999999999999526e-07
6.400000000000000399e-08
6.400000000000000399e-08
1.280000000000000080e-07
2.203999999999999989e-06
2.659999999999999943e-06
2.663999999999999820e-06
2.668000000000000121e-06
2.671999999999999998e-06
2.675999999999999875e-06
2.680000000000000175e-06
2.684000000000000052e-06
2.691999999999999806e-06
2.699999999999999984e-06
2.703999999999999861e-06
2.755999999999999956e-06
3.119999999999999880e-07
1.483999999999999895e-06
2.759999999999999833e-07
5.160000000000000148e-07
2.879999999999999848e-07
6.400000000000000399e-08
6.800000000000000010e-08
9.200000000000000325e-08
9.599999999999999936e-08
1.160000000000000064e-07
1.199999999999999893e-07
1.439999999999999924e-07
1.720000000000000049e-07
1.999999999999999909e-07
1.652000000000000023e-06
1.931999999999999883e-06
6.400000000000000399e-08
2.800000000000000191e-07
6.800000000000000010e-08
1.199999999999999893e-07
6.400000000000000399e-08
6.800000000000000010e-08
4.799999999999999571e-07
2.200000000000000112e-07
6.400000000000000399e-08
6.800000000000000010e-08
9.200000000000000325e-08
3.119999999999999880e-07
1.619999999999999948e-06
4.959999999999999945e-07
6.400000000000000399e-08
6.800000000000000010e-08
7.199999999999999621e-08
9.200000000000000325e-08
9.599999999999999936e-08
1.199999999999999893e-07
1.439999999999999924e-07
1.480000000000000018e-07
2.800000000000000191e-07
5.999999999999999464e-08
2.239999999999999941e-07
9.120000000000000138e-07
9.159999999999999967e-07
6.400000000000000399e-08
6.400000000000000399e-08
6.400000000000000399e-08
5.680000000000000039e-07
5.719999999999999868e-07
3.200000000000000067e-07
6.400000000000000399e-08
2.239999999999999941e-07
7.320000000000000431e-07
1.531999999999999901e-06
5.200000000000000241e-08
5.599999999999999852e-08
5.999999999999999464e-08
6.400000000000000399e-08
6.400000000000000399e-08
1.720000000000000049e-07
1.759999999999999878e-07
5.360000000000000350e-07
2.680000000000000175e-07
1.232000000000000020e-06
5.360000000000000350e-07
8.080000000000000354e-07
6.400000000000000399e-08
5.999999999999999464e-08
3.311999999999999799e-06
3.316000000000000100e-06
3.319999999999999977e-06
3.323999999999999854e-06
6.400000000000000399e-08
9.599999999999999936e-08
2.239999999999999941e-07
8.719999999999999732e-07
1.748000000000000035e-06
3.680000000000000130e-07
6.479999999999999791e-07
6.400000000000000399e-08
1.515999999999999970e-06
6.400000000000000399e-08
2.383999999999999960e-06
5.999999999999999464e-08
1.188000000000000103e-06
1.191999999999999980e-06
1.199999999999999946e-06
1.960000000000000081e-07
3.160000000000000238e-07
3.200000000000000067e-07
2.104000000000000100e-06
1.151999999999999939e-06
2.599999999999999988e-07
2.920000000000000207e-07
3.040000000000000222e-07
2.200000000000000112e-07
5.999999999999999464e-08
6.400000000000000399e-08
1.520000000000000111e-07
3.280000000000000254e-07
3.320000000000000083e-07
1.120000000000000076e-06
4.999999999999999774e-07
2.239999999999999941e-07
5.999999999999999464e-08
6.400000000000000399e-08
8.799999999999999390e-08
9.200000000000000325e-08
1.160000000000000064e-07
1.400000000000000095e-07
1.563999999999999976e-06
6.400000000000000399e-08
6.800000000000000010e-08
9.200000000000000325e-08
9.599999999999999936e-08
1.199999999999999893e-07
2.223999999999999798e-06
1.919999999999999987e-07
1.199999999999999946e-06
6.400000000000000399e-08
6.800000000000000010e-08
3.320000000000000083e-07
4.119999999999999835e-07
2.239999999999999941e-07
2.560000000000000159e-07
6.400000000000000399e-08
6.800000000000000010e-08
9.200000000000000325e-08
9.599999999999999936e-08
1.160000000000000064e-07
1.199999999999999893e-07
1.720000000000000049e-07
6.400000000000000399e-08
1.004000000000000044e-06
3.080000000000000051e-07
2.200000000000000112e-07
1.047999999999999961e-06
1.360000000000000002e-07
2.280000000000000034e-07
5.519999999999999666e-07
9.799999999999999345e-07
6.800000000000000010e-08
4.920000000000000116e-07
6.400000000000000399e-08
2.840000000000000020e-07
3.119999999999999880e-07
6.400000000000000399e-08
1.007999999999999921e-06
9.999999999999999547e-08
3.040000000000000222e-07
2.320000000000000128e-07
9.080000000000000309e-07
6.400000000000000399e-08
1.723999999999999926e-06
9.599999999999999936e-08
2.479999999999999972e-07
1.919999999999999987e-07
2.200000000000000112e-07
5.880000000000000242e-07
1.840000000000000065e-07
2.879999999999999848e-07
2.519999999999999801e-07
1.588000000000000085e-06
9.560000000000000372e-07
4.999999999999999774e-07
1.960000000000000081e-07
6.400000000000000399e-08
6.400000000000000399e-08
2.560000000000000159e-07
6.400000000000000399e-08
1.512000000000000093e-06
2.720000000000000004e-07
1.348000000000000053e-06
1.351999999999999930e-06
1.356000000000000019e-06
1.359999999999999896e-06
1.363999999999999985e-06
1.371999999999999951e-06
1.384000000000000005e-06
2.160000000000000019e-07
5.999999999999999464e-08
6.400000000000000399e-08
3.040000000000000222e-07
4.880000000000000287e-07
2.519999999999999801e-07
1.840000000000000065e-07
1.879999999999999894e-07
6.400000000000000399e-08
6.400000000000000399e-08
6.800000000000000010e-08
9.200000000000000325e-08
1.199999999999999893e-07
1.439999999999999924e-07
1.720000000000000049e-07
5.479999999999999837e-07
2.440000000000000144e-07
1.060000000000000016e-06
2.239999999999999941e-07
2.280000000000000034e-07
6.400000000000000399e-08
6.800000000000000010e-08
9.200000000000000325e-08
9.599999999999999936e-08
1.199999999999999893e-07
1.239999999999999986e-07
1.439999999999999924e-07
1.480000000000000018e-07
1.720000000000000049e-07
1.919999999999999987e-07
1.999999999999999909e-07
2.040000000000000003e-07
2.239999999999999941e-07
2.519999999999999801e-07
3.040000000000000222e-07
1.075999999999999947e-06
2.479999999999999972e-07
7.919999999999999980e-07
8.840000000000000278e-07
1.596000000000000051e-06
4.119999999999999835e-07
4.239999999999999850e-07
7.800000000000000494e-07
6.800000000000000010e-08
3.320000000000000083e-07
3.200000000000000067e-07
1.335999999999999999e-06
6.400000000000000399e-08
6.800000000000000010e-08
9.200000000000000325e-08
1.199999999999999893e-07
1.439999999999999924e-07
2.280000000000000034e-07
2.960000000000000035e-07
1.376000000000000039e-06
5.680000000000000039e-07
5.999999999999999464e-08
1.799999999999999919e-06
1.919999999999999987e-07
1.340000000000000088e-06
2.680000000000000175e-07
1.300000000000000047e-06
5.999999999999999464e-08
6.400000000000000399e-08
6.800000000000000010e-08
9.200000000000000325e-08
1.160000000000000064e-07
1.199999999999999893e-07
1.999999999999999909e-07
6.400000000000000399e-08
6.800000000000000010e-08
7.199999999999999621e-08
9.200000000000000325e-08
9.599999999999999936e-08
1.199999999999999893e-07
1.239999999999999986e-07
1.439999999999999924e-07
1.480000000000000018e-07
1.720000000000000049e-07
2.280000000000000034e-07
6.400000000000000399e-08
6.400000000000000399e-08
2.359999999999999957e-07
6.039999999999999557e-07
2.999999999999999864e-07
9.360000000000000169e-07
9.399999999999999998e-07
1.768000000000000056e-06
1.776000000000000021e-06
3.920000000000000161e-07
2.519999999999999801e-07
2.560000000000000159e-07
6.400000000000000399e-08
1.171999999999999960e-06
5.999999999999999464e-08
1.840000000000000065e-07
5.999999999999999464e-08
9.200000000000000325e-08
6.400000000000000399e-08
1.799999999999999919e-06
5.999999999999999464e-08
6.400000000000000399e-08
9.200000000000000325e-08
1.204000000000000034e-06
2.176000000000000003e-06
4.799999999999999571e-07
2.368000000000000028e-06
3.599999999999999943e-07
2.119999999999999925e-07
2.720000000000000004e-07
3.959999999999999990e-07
4.920000000000000116e-07
6.400000000000000399e-08
9.200000000000000325e-08
1.720000000000000049e-07
6.400000000000000399e-08
1.283999999999999904e-06
1.119999999999999970e-07
1.160000000000000064e-07
6.400000000000000399e-08
4.759999999999999742e-07
6.400000000000000399e-08
6.800000000000000010e-08
9.200000000000000325e-08
1.199999999999999893e-07
1.439999999999999924e-07
1.960000000000000081e-07
1.999999999999999909e-07
1.756000000000000001e-06
2.320000000000000128e-07
9.239999999999999624e-07
3.599999999999999943e-07
1.319999999999999909e-07
1.447999999999999943e-06
1.320000000000000067e-06
1.323999999999999944e-06
1.328000000000000033e-06
1.331999999999999910e-06
1.335999999999999999e-06
1.343999999999999965e-06
4.259999999999999871e-06
6.400000000000000399e-08
1.368000000000000074e-06
6.400000000000000399e-08
9.999999999999999547e-08
1.199999999999999893e-07
6.400000000000000399e-08
1.515999999999999970e-06
1.080000000000000036e-06
6.400000000000000399e-08
6.400000000000000399e-08
6.800000000000000010e-08
7.199999999999999621e-08
9.200000000000000325e-08
9.599999999999999936e-08
1.199999999999999893e-07
1.239999999999999986e-07
1.439999999999999924e-07
1.480000000000000018e-07
1.720000000000000049e-07
1.759999999999999878e-07
1.960000000000000081e-07
1.999999999999999909e-07
2.800000000000000191e-07
5.999999999999999464e-08
2.340000000000000042e-06
5.400000000000000179e-07
5.999999999999999464e-08
6.400000000000000399e-08
3.119999999999999880e-07
3.879999999999999803e-07
2.759999999999999833e-07
3.059999999999999925e-06
2.200000000000000112e-07
2.239999999999999941e-07
7.400000000000000089e-07
2.999999999999999864e-07
1.879999999999999894e-07
9.599999999999999936e-08
1.239999999999999986e-07
2.399999999999999786e-07
1.892000000000000054e-06
3.239999999999999896e-07
5.320000000000000522e-07
9.879999999999999002e-07
6.400000000000000399e-08
6.400000000000000399e-08
3.599999999999999943e-07
6.400000000000000399e-08
6.800000000000000010e-08
9.599999999999999936e-08
2.119999999999999925e-07
5.040000000000000026e-06
5.047999999999999780e-06
1.300000000000000047e-06
1.936000000000000183e-06
6.400000000000000399e-08
6.800000000000000010e-08
4.160000000000000193e-07
3.280000000000000254e-07
2.420000000000000123e-06
2.424000000000000000e-06
2.427999999999999877e-06
2.432000000000000178e-06
2.436000000000000055e-06
2.439999999999999932e-06
2.451999999999999986e-06
1.239999999999999986e-07
5.999999999999999464e-08
6.400000000000000399e-08
2.200000000000000112e-07
2.040000000000000003e-07
6.400000000000000399e-08
6.800000000000000010e-08
9.599999999999999936e-08
2.336000000000000165e-06
6.400000000000000399e-08
6.800000000000000010e-08
9.200000000000000325e-08
9.599999999999999936e-08
1.160000000000000064e-07
1.199999999999999893e-07
1.439999999999999924e-07
1.480000000000000018e-07
1.363999999999999985e-06
6.800000000000000010e-08
9.799999999999999345e-07
2.840000000000000020e-07
2.876000000000000077e-06
5.200000000000000241e-08
5.999999999999999464e-08
8.399999999999999779e-08
2.479999999999999972e-07
8.479999999999999701e-07
2.599999999999999988e-07
5.980000000000000343e-06
6.400000000000000399e-08
6.800000000000000010e-08
2.160000000000000019e-07
8.439999999999999872e-07
2.399999999999999786e-07
6.400000000000000399e-08
6.800000000000000010e-08
9.200000000000000325e-08
9.599999999999999936e-08
1.199999999999999893e-07
1.439999999999999924e-07
1.480000000000000018e-07
4.560000000000000069e-07
1.759999999999999878e-07
1.799999999999999971e-07
6.400000000000000399e-08
6.800000000000000010e-08
8.719999999999999732e-07
6.400000000000000399e-08
6.800000000000000010e-08
2.560000000000000159e-07
2.759999999999999833e-07
8.519999999999999530e-07
1.799999999999999971e-07
2.879999999999999848e-07
6.400000000000000399e-08
9.200000000000000325e-08
1.160000000000000064e-07
6.400000000000000399e-08
6.400000000000000399e-08
1.804000000000000007e-06
5.519999999999999666e-07
6.400000000000000399e-08
3.999999999999999819e-07
2.800000000000000191e-07
6.400000000000000399e-08
6.800000000000000010e-08
9.200000000000000325e-08
9.599999999999999936e-08
1.199999999999999893e-07
1.439999999999999924e-07
1.720000000000000049e-07
2.519999999999999801e-07
7.360000000000000260e-07
6.400000000000000399e-08
9.599999999999999936e-08
1.791999999999999953e-06
6.400000000000000399e-08
6.800000000000000010e-08
9.200000000000000325e-08
9.599999999999999936e-08
1.439999999999999924e-07
1.080000000000000036e-06
6.840000000000000368e-07
1.720000000000000049e-07
6.400000000000000399e-08
6.800000000000000010e-08
9.200000000000000325e-08
1.160000000000000064e-07
1.199999999999999893e-07
1.439999999999999924e-07
1.480000000000000018e-07
1.720000000000000049e-07
6.435999999999999874e-06
3.080000000000000051e-07
6.400000000000000399e-08
9.200000000000000325e-08
3.040000000000000222e-07
3.359999999999999911e-07
1.160000000000000064e-07
6.800000000000000010e-08
1.280000000000000080e-07
1.119999999999999970e-07
2.399999999999999786e-07
1.151999999999999939e-06
6.800000000000000010e-08
1.559999999999999940e-07
6.400000000000000399e-08
2.320000000000000128e-07
1.427999999999999923e-06
1.960000000000000081e-07
6.400000000000000399e-08
9.599999999999999936e-08
9.999999999999999547e-08
1.040000000000000048e-07
1.080000000000000009e-07
1.119999999999999970e-07
1.160000000000000064e-07
1.199999999999999893e-07
1.280000000000000080e-07
6.400000000000000399e-08
1.799999999999999971e-07
1.131999999999999919e-06
6.400000000000000399e-08
6.400000000000000399e-08
5.999999999999999464e-08
6.400000000000000399e-08
1.244000000000000075e-06
6.400000000000000399e-08
1.563999999999999976e-06
6.400000000000000399e-08
5.440000000000000008e-07
9.200000000000000325e-08
6.400000000000000399e-08
6.400000000000000399e-08
6.800000000000000010e-08
1.280000000000000080e-07
6.400000000000000399e-08
2.200000000000000112e-07
2.216000000000000044e-06
1.528000000000000024e-06
2.320000000000000128e-07
4.320000000000000037e-07
6.400000000000000399e-08
6.800000000000000010e-08
7.160000000000000057e-07
5.999999999999999464e-08
1.879999999999999894e-07
1.576000000000000030e-06
1.140000000000000097e-06
1.759999999999999878e-07
1.960000000000000081e-07
6.400000000000000399e-08
8.799999999999999390e-08
1.196000000000000069e-06
1.199999999999999946e-06
1.204000000000000034e-06
1.207999999999999911e-06
1.212000000000000000e-06
1.480000000000000018e-07
7.600000000000000291e-07
6.400000000000000134e-07
6.400000000000000399e-08
6.800000000000000010e-08
9.200000000000000325e-08
1.199999999999999893e-07
1.439999999999999924e-07
1.955999999999999992e-06
2.720000000000000004e-07
5.799999999999999526e-07
6.400000000000000399e-08
6.800000000000000010e-08
9.599999999999999936e-08
1.239999999999999986e-07
1.439999999999999924e-07
6.400000000000000399e-08
1.459999999999999997e-06
1.472000000000000052e-06
2.680000000000000175e-07
5.120000000000000319e-07
9.999999999999999547e-07
1.999999999999999909e-07
2.280000000000000034e-07
3.479999999999999927e-07
6.400000000000000399e-08
3.680000000000000130e-07
4.719999999999999913e-07
3.999999999999999819e-07
1.652000000000000023e-06
2.320000000000000128e-07
6.400000000000000399e-08
6.800000000000000010e-08
9.200000000000000325e-08
9.599999999999999936e-08
1.160000000000000064e-07
1.199999999999999893e-07
1.439999999999999924e-07
1.999999999999999909e-07
7.160000000000000057e-06
7.167999999999999811e-06
7.172000000000000112e-06
7.179999999999999866e-06
6.400000000000000399e-08
5.999999999999999464e-08
6.400000000000000399e-08
9.200000000000000325e-08
1.160000000000000064e-07
1.199999999999999893e-07
1.439999999999999924e-07
2.239999999999999941e-07
6.400000000000000399e-08
6.400000000000000399e-08
2.560000000000000159e-07
3.719999999999999959e-07
8.000000000000000167e-08
8.399999999999999779e-08
8.799999999999999390e-08
9.200000000000000325e-08
9.599999999999999936e-08
9.999999999999999547e-08
1.040000000000000048e-07
1.239999999999999986e-07
3.479999999999999927e-07
7.759999999999999606e-07
1.919999999999999987e-07
2.399999999999999786e-07
9.280000000000000512e-07
5.920000000000000071e-07
2.239999999999999941e-07
1.040000000000000048e-07
6.560000000000000508e-07
1.799999999999999919e-06
2.832000000000000160e-06
1.356000000000000019e-06
2.160000000000000019e-07
1.108000000000000022e-06
6.400000000000000399e-08
9.360000000000000169e-07
1.720000000000000049e-06
3.040000000000000222e-07
6.400000000000000134e-07
3.160000000000000238e-07
5.680000000000000039e-07
5.999999999999999728e-07
6.800000000000000010e-08
1.636000000000000091e-06
2.160000000000000019e-07
5.735999999999999800e-06
5.740000000000000100e-06
5.744000000000000401e-06
5.747999999999999854e-06
5.752000000000000155e-06
5.771999999999999963e-06
5.999999999999999464e-08
6.400000000000000399e-08
6.800000000000000010e-08
8.799999999999999390e-08
9.200000000000000325e-08
9.599999999999999936e-08
1.160000000000000064e-07
1.199999999999999893e-07
1.439999999999999924e-07
1.480000000000000018e-07
1.720000000000000049e-07
9.599999999999999936e-08
1.280000000000000080e-07
1.319999999999999909e-07
2.440000000000000144e-07
2.479999999999999972e-07
5.320000000000000522e-07
5.360000000000000350e-07
1.176000000000000048e-06
6.400000000000000399e-08
6.800000000000000010e-08
9.200000000000000325e-08
9.599999999999999936e-08
1.199999999999999893e-07
1.480000000000000018e-07
5.239999999999999805e-07
1.207999999999999911e-06
6.800000000000000010e-08
1.520000000000000111e-07
1.520000000000000058e-06
1.064000000000000104e-06
6.400000000000000399e-08
1.783999999999999987e-06
3.040000000000000222e-07
6.400000000000000399e-08
3.160000000000000238e-07
6.400000000000000399e-08
6.800000000000000010e-08
9.599999999999999936e-08
2.479999999999999972e-07
6.400000000000000399e-08
6.800000000000000010e-08
8.799999999999999390e-08
9.200000000000000325e-08
9.599999999999999936e-08
1.160000000000000064e-07
1.199999999999999893e-07
1.439999999999999924e-07
1.720000000000000049e-07
5.880000000000000242e-07
2.560000000000000159e-07
1.728000000000000015e-06
3.320000000000000083e-07
9.599999999999999142e-07
6.400000000000000399e-08
1.239999999999999986e-07
2.680000000000000175e-07
1.960000000000000081e-07
1.999999999999999909e-07
1.672000000000000043e-06
6.400000000000000399e-08
4.440000000000000053e-07
2.440000000000000144e-07
2.479999999999999972e-07
6.400000000000000399e-08
2.239999999999999941e-07
6.400000000000000399e-08
6.999999999999999683e-07
2.119999999999999925e-07
2.160000000000000019e-07
6.360000000000000305e-07
6.400000000000000399e-08
6.800000000000000010e-08
9.599999999999999936e-08
5.307999999999999832e-06
5.312000000000000132e-06
5.315999999999999586e-06
5.319999999999999886e-06
5.324000000000000187e-06
5.339999999999999695e-06
5.343999999999999995e-06
5.372000000000000405e-06
1.343999999999999965e-06
1.348000000000000053e-06
1.351999999999999930e-06
1.356000000000000019e-06
1.359999999999999896e-06
7.039999999999999512e-07
5.999999999999999464e-08
8.040000000000000526e-07
1.664000000000000077e-06
1.695999999999999940e-06
2.696000000000000107e-06
2.699999999999999984e-06
2.708000000000000161e-06
6.400000000000000399e-08
2.119999999999999925e-07
1.919999999999999987e-07
6.400000000000000399e-08
1.400000000000000095e-07
1.439999999999999924e-07
5.999999999999999464e-08
6.400000000000000399e-08
6.800000000000000010e-08
8.799999999999999390e-08
9.200000000000000325e-08
1.160000000000000064e-07
1.199999999999999893e-07
1.439999999999999924e-07
3.519999999999999756e-07
2.840000000000000020e-07
4.599999999999999898e-07
2.759999999999999833e-07
6.719999999999999823e-07
1.188000000000000103e-06
6.400000000000000399e-08
5.999999999999999464e-08
6.400000000000000399e-08
6.400000000000000399e-08
6.800000000000000010e-08
9.200000000000000325e-08
1.439999999999999924e-07
1.735999999999999981e-06
1.108000000000000022e-06
2.652000000000000189e-06
1.280000000000000080e-07
5.239999999999999805e-07
2.680000000000000175e-07
6.400000000000000399e-08
2.483999999999999849e-06
8.840000000000000278e-07
1.080000000000000036e-06
7.039999999999999512e-07
6.400000000000000399e-08
1.103999999999999933e-06
2.280000000000000034e-07
6.400000000000000399e-08
1.872000000000000034e-06
7.519999999999999575e-07
3.399999999999999740e-07
7.919999999999999980e-07
7.959999999999999809e-07
1.047999999999999961e-06
1.960000000000000081e-07
2.560000000000000159e-07
1.452000000000000032e-06
6.400000000000000399e-08
5.999999999999999464e-08
2.800000000000000191e-07
4.684000000000000385e-06
6.400000000000000399e-08
1.239999999999999986e-06
5.840000000000000413e-07
5.880000000000000242e-07
5.920000000000000071e-07
5.959999999999999900e-07
6.400000000000000399e-08
8.799999999999999390e-08
5.239999999999999805e-07
2.556000000000000177e-06
2.560000000000000054e-06
2.563999999999999931e-06
2.567999999999999808e-06
2.572000000000000108e-06
2.575999999999999985e-06
1.452000000000000032e-06
6.400000000000000399e-08
1.199999999999999893e-07
3.639999999999999772e-07
2.399999999999999786e-07
8.880000000000000106e-07
1.356000000000000019e-06
6.400000000000000399e-08
5.519999999999999666e-07
6.400000000000000399e-08
6.400000000000000399e-08
1.319999999999999909e-07
2.239999999999999941e-07
4.520000000000000240e-07
2.759999999999999833e-07
2.680000000000000175e-07
1.184000000000000014e-06
3.320000000000000083e-07
6.800000000000000010e-08
1.255999999999999918e-06
8.160000000000000012e-07
6.400000000000000399e-08
1.760000000000000090e-06
8.560000000000000417e-07
1.216000000000000089e-06
6.880000000000000197e-07
1.348000000000000053e-06
9.599999999999999936e-08
2.280000000000000034e-07
6.400000000000000399e-08
9.200000000000000325e-08
2.560000000000000159e-07
2.680000000000000175e-07
4.640000000000000256e-07
4.152000000000000227e-06
2.879999999999999848e-07
6.360000000000000305e-07
6.400000000000000399e-08
8.919999999999999935e-07
1.404000000000000025e-06
2.399999999999999786e-07
5.320000000000000522e-07
6.039999999999999557e-07
6.080000000000000445e-07
6.120000000000000274e-07
6.160000000000000102e-07
6.199999999999999931e-07
6.239999999999999760e-07
6.279999999999999589e-07
6.479999999999999791e-07
1.608000000000000105e-06
6.400000000000000399e-08
8.320000000000000386e-07
9.280000000000000512e-07
1.239999999999999986e-07
5.999999999999999464e-08
6.400000000000000399e-08
8.799999999999999390e-08
6.400000000000000399e-08
7.840000000000000323e-07
9.560000000000000372e-07
1.560000000000000099e-06
6.400000000000000399e-08
2.639999999999999817e-07
1.280000000000000080e-07
1.396000000000000060e-06
1.399999999999999937e-06
1.184000000000000014e-06
1.919999999999999987e-07
6.400000000000000399e-08
6.800000000000000010e-08
6.400000000000000399e-08
6.080000000000000445e-07
1.895999999999999931e-06
5.999999999999999464e-08
2.599999999999999988e-07
5.999999999999999464e-08
2.200000000000000112e-07
6.400000000000000399e-08
2.440000000000000144e-07
1.759999999999999878e-07
6.400000000000000399e-08
2.239999999999999941e-07
8.679999999999999904e-07
6.400000000000000399e-08
1.720000000000000049e-07
6.400000000000000399e-08
1.199999999999999893e-07
2.519999999999999801e-07
6.400000000000000399e-08
1.411999999999999991e-06
1.999999999999999909e-07
3.080000000000000051e-07
6.400000000000000399e-08
9.200000000000000325e-08
9.999999999999999547e-08
1.119999999999999970e-07
1.199999999999999893e-07
1.400000000000000095e-07
3.080000000000000051e-07
1.267999999999999972e-06
2.759999999999999833e-07
4.560000000000000069e-07
8.679999999999999904e-07
5.620000000000000402e-06
5.623999999999999856e-06
5.628000000000000156e-06
5.631999999999999610e-06
5.635999999999999910e-06
2.399999999999999786e-07
8.679999999999999904e-07
2.879999999999999848e-07
6.400000000000000399e-08
2.040000000000000003e-07
6.400000000000000399e-08
3.280000000000000254e-07
2.247999999999999907e-06
2.560000000000000159e-07
5.999999999999999464e-08
1.720000000000000049e-07
3.320000000000000083e-07
5.160000000000000148e-07
6.400000000000000399e-08
6.800000000000000010e-08
9.200000000000000325e-08
9.599999999999999936e-08
2.560000000000000159e-07
1.955999999999999992e-06
3.680000000000000130e-07
5.199999999999999976e-07
5.600000000000000382e-07
6.400000000000000399e-08
6.800000000000000010e-08
6.400000000000000399e-08
1.672000000000000043e-06
3.080000000000000051e-07
1.619999999999999948e-06
2.239999999999999941e-07
5.719999999999999868e-07
6.400000000000000399e-08
6.800000000000000010e-08
8.799999999999999390e-08
9.200000000000000325e-08
9.599999999999999936e-08
1.160000000000000064e-07
1.199999999999999893e-07
1.439999999999999924e-07
1.480000000000000018e-07
1.720000000000000049e-07
1.759999999999999878e-07
1.999999999999999909e-07
2.519999999999999801e-07
6.400000000000000134e-07
1.879999999999999894e-07
2.691999999999999806e-06
4.320000000000000037e-07
3.379999999999999826e-06
6.400000000000000399e-08
6.400000000000000399e-08
9.200000000000000325e-08
1.199999999999999893e-07
5.999999999999999728e-07
1.239999999999999986e-07
3.080000000000000051e-07
6.400000000000000399e-08
6.039999999999999557e-07
2.359999999999999957e-07
2.720000000000000004e-07
6.400000000000000399e-08
6.800000000000000010e-08
7.199999999999999621e-08
9.200000000000000325e-08
9.599999999999999936e-08
1.160000000000000064e-07
1.199999999999999893e-07
1.239999999999999986e-07
1.439999999999999924e-07
1.480000000000000018e-07
1.759999999999999878e-07
1.999999999999999909e-07
2.519999999999999801e-07
2.840000000000000020e-07
7.080000000000000400e-07
1.359999999999999896e-06
6.400000000000000399e-08
6.800000000000000010e-08
7.199999999999999621e-08
9.200000000000000325e-08
9.599999999999999936e-08
1.199999999999999893e-07
1.239999999999999986e-07
1.480000000000000018e-07
3.160000000000000238e-07
2.680000000000000175e-07
1.568000000000000065e-06
5.999999999999999464e-08
7.199999999999999886e-07
6.759999999999999652e-07
3.839999999999999974e-07
3.359999999999999911e-07
1.160000000000000064e-07
1.199999999999999893e-07
6.400000000000000399e-08
6.800000000000000010e-08
7.199999999999999621e-08
7.600000000000000556e-08
9.200000000000000325e-08
9.599999999999999936e-08
9.999999999999999547e-08
1.199999999999999893e-07
1.239999999999999986e-07
1.439999999999999924e-07
1.480000000000000018e-07
1.759999999999999878e-07
1.999999999999999909e-07
2.040000000000000003e-07
2.280000000000000034e-07
2.399999999999999786e-07
2.800000000000000191e-07
2.840000000000000020e-07
3.599999999999999943e-07
3.280000000000000254e-07
6.759999999999999652e-07
2.239999999999999941e-07
6.400000000000000399e-08
1.319999999999999909e-07
1.044000000000000084e-06
2.239999999999999941e-07
6.400000000000000399e-08
6.400000000000000399e-08
6.800000000000000010e-08
9.200000000000000325e-08
9.599999999999999936e-08
1.199999999999999893e-07
2.563999999999999931e-06
7.080000000000000400e-07
6.400000000000000399e-08
1.255999999999999918e-06
3.320000000000000083e-07
1.123999999999999953e-06
1.748000000000000035e-06
6.400000000000000399e-08
2.519999999999999801e-07
1.879999999999999894e-07
7.039999999999999512e-07
2.960000000000000035e-07
3.399999999999999740e-07
6.400000000000000399e-08
6.800000000000000010e-08
1.759999999999999878e-07
2.160000000000000019e-07
2.200000000000000112e-07
6.400000000000000399e-08
6.800000000000000010e-08
7.199999999999999621e-08
9.200000000000000325e-08
9.599999999999999936e-08
1.160000000000000064e-07
1.199999999999999893e-07
1.239999999999999986e-07
1.439999999999999924e-07
1.480000000000000018e-07
1.520000000000000111e-07
1.720000000000000049e-07
1.759999999999999878e-07
1.999999999999999909e-07
5.759999999999999697e-07
5.799999999999999526e-07
6.959999999999999854e-07
1.379999999999999916e-06
5.080000000000000490e-07
1.444000000000000066e-06
1.568000000000000065e-06
2.680000000000000175e-07
6.400000000000000399e-08
2.247999999999999907e-06
6.640000000000000165e-07
6.400000000000000399e-08
6.800000000000000010e-08
9.599999999999999936e-08
1.136000000000000008e-06
6.400000000000000399e-08
6.800000000000000010e-08
8.799999999999999390e-08
9.200000000000000325e-08
1.160000000000000064e-07
1.199999999999999893e-07
1.439999999999999924e-07
1.720000000000000049e-07
3.160000000000000238e-07
6.400000000000000399e-08
2.239999999999999941e-07
1.824000000000000028e-06
6.400000000000000399e-08
6.800000000000000010e-08
7.199999999999999621e-08
9.200000000000000325e-08
9.599999999999999936e-08
1.160000000000000064e-07
1.199999999999999893e-07
1.239999999999999986e-07
1.480000000000000018e-07
4.880000000000000287e-07
1.763999999999999967e-06
1.439999999999999924e-07
1.411999999999999991e-06
6.400000000000000399e-08
9.200000000000000325e-08
1.439999999999999924e-07
9.120000000000000138e-07
6.400000000000000399e-08
2.680000000000000175e-07
2.200000000000000112e-07
5.999999999999999464e-08
1.407999999999999902e-06
2.064000000000000059e-06
6.400000000000000399e-08
1.204000000000000034e-06
4.719999999999999913e-07
5.959999999999999900e-07
9.599999999999999936e-08
1.664000000000000077e-06
1.799999999999999971e-07
1.280000000000000080e-07
3.519999999999999756e-07
5.479999999999999837e-07
1.999999999999999909e-07
2.440000000000000144e-07
1.216000000000000089e-06
1.219999999999999966e-06
5.999999999999999464e-08
9.599999999999999936e-08
1.960000000000000081e-07
2.560000000000000159e-07
1.720000000000000049e-06
5.999999999999999464e-08
6.400000000000000399e-08
6.400000000000000399e-08
6.400000000000000399e-08
1.400000000000000095e-07
6.400000000000000399e-08
7.239999999999999715e-07
1.255999999999999918e-06
6.400000000000000399e-08
9.200000000000000325e-08
1.384000000000000005e-06
6.400000000000000399e-08
6.400000000000000399e-08
6.800000000000000010e-08
7.199999999999999621e-08
7.600000000000000556e-08
8.000000000000000167e-08
2.399999999999999786e-07
6.400000000000000399e-08
6.800000000000000010e-08
9.200000000000000325e-08
1.199999999999999893e-07
5.999999999999999464e-08
6.320000000000000476e-07
6.400000000000000399e-08
2.440000000000000144e-07
2.440000000000000144e-07
1.219999999999999966e-06
2.399999999999999786e-07
1.759999999999999878e-07
1.280000000000000080e-07
1.735999999999999981e-06
5.999999999999999464e-08
2.119999999999999925e-07
2.239999999999999941e-07
3.560000000000000114e-07
5.999999999999999464e-08
2.239999999999999941e-07
4.084000000000000201e-06
5.600000000000000382e-07
6.800000000000000010e-08
1.919999999999999987e-07
4.280000000000000209e-07
9.320000000000000341e-07
2.040000000000000003e-07
6.400000000000000399e-08
3.040000000000000222e-07
2.759999999999999833e-07
5.703999999999999937e-06
5.600000000000000382e-07
1.840000000000000065e-07
2.595999999999999794e-06
2.600000000000000094e-06
2.603999999999999971e-06
6.400000000000000399e-08
1.376000000000000039e-06
3.999999999999999819e-07
2.280000000000000034e-07
3.320000000000000083e-07
2.116000000000000154e-06
2.239999999999999941e-07
2.759999999999999833e-07
6.400000000000000399e-08
5.999999999999999464e-08
4.359999999999999866e-07
1.219999999999999966e-06
2.099999999999999799e-06
6.400000000000000399e-08
6.800000000000000010e-08
7.199999999999999621e-08
9.200000000000000325e-08
9.599999999999999936e-08
9.999999999999999547e-08
1.199999999999999893e-07
1.239999999999999986e-07
1.480000000000000018e-07
1.520000000000000111e-07
1.759999999999999878e-07
2.280000000000000034e-07
6.920000000000000026e-07
6.400000000000000399e-08
6.800000000000000010e-08
7.199999999999999621e-08
9.200000000000000325e-08
9.599999999999999936e-08
1.199999999999999893e-07
1.239999999999999986e-07
1.480000000000000018e-07
1.759999999999999878e-07
1.999999999999999909e-07
2.280000000000000034e-07
2.800000000000000191e-07
2.840000000000000020e-07
2.759999999999999833e-07
4.799999999999999571e-07
6.400000000000000399e-08
6.800000000000000010e-08
9.200000000000000325e-08
6.400000000000000399e-08
2.759999999999999833e-07
2.040000000000000003e-07
6.400000000000000399e-08
1.319999999999999909e-07
2.560000000000000159e-07
1.432000000000000011e-06
5.999999999999999464e-08
6.400000000000000399e-08
8.799999999999999390e-08
9.200000000000000325e-08
1.160000000000000064e-07
1.199999999999999893e-07
1.439999999999999924e-07
1.640000000000000127e-07
1.720000000000000049e-07
7.320000000000000431e-07
1.439999999999999977e-06
6.400000000000000399e-08
2.239999999999999941e-07
2.160000000000000019e-07
2.639999999999999817e-07
6.400000000000000399e-08
1.168000000000000083e-06
6.400000000000000399e-08
6.400000000000000399e-08
1.887999999999999965e-06
6.800000000000000010e-08
6.400000000000000399e-08
9.719999999999999687e-07
1.720000000000000049e-07
5.599999999999999852e-08
5.999999999999999464e-08
6.400000000000000399e-08
6.800000000000000010e-08
7.199999999999999621e-08
9.200000000000000325e-08
9.599999999999999936e-08
2.280000000000000034e-07
1.523999999999999935e-06
1.255999999999999918e-06
3.160000000000000238e-07
6.400000000000000399e-08
6.800000000000000010e-08
2.483999999999999849e-06
6.400000000000000399e-08
5.519999999999999666e-07
1.879999999999999894e-07
5.999999999999999464e-08
6.400000000000000399e-08
9.200000000000000325e-08
3.959999999999999990e-07
2.440000000000000144e-07
6.400000000000000399e-08
2.239999999999999941e-07
3.800000000000000146e-07
2.440000000000000144e-07
5.999999999999999728e-07
2.235999999999999852e-06
1.360000000000000002e-07
6.400000000000000399e-08
7.199999999999999621e-08
9.200000000000000325e-08
9.599999999999999936e-08
6.400000000000000399e-08
1.840000000000000065e-07
3.160000000000000238e-07
6.400000000000000399e-08
6.800000000000000010e-08
9.200000000000000325e-08
1.560000000000000099e-06
2.639999999999999817e-07
2.960000000000000035e-07
6.400000000000000399e-08
2.680000000000000175e-07
6.400000000000000399e-08
2.519999999999999801e-07
2.479999999999999972e-07
6.800000000000000010e-08
7.199999999999999621e-08
9.200000000000000325e-08
9.599999999999999936e-08
9.999999999999999547e-08
1.239999999999999986e-07
1.480000000000000018e-07
2.239999999999999941e-07
2.440000000000000144e-07
8.279999999999999498e-07
1.763999999999999967e-06
5.999999999999999464e-08
2.320000000000000128e-07
1.931999999999999883e-06
1.919999999999999987e-07
1.919999999999999987e-07
4.239999999999999850e-07
2.343999999999999919e-06
3.639999999999999772e-07
6.400000000000000399e-08
6.800000000000000010e-08
7.199999999999999621e-08
9.200000000000000325e-08
9.599999999999999936e-08
1.199999999999999893e-07
1.239999999999999986e-07
1.480000000000000018e-07
1.759999999999999878e-07
1.999999999999999909e-07
2.639999999999999817e-07
2.840000000000000020e-07
3.199999999999999855e-06
2.599999999999999988e-07
6.400000000000000399e-08
1.703999999999999906e-06
6.400000000000000399e-08
2.519999999999999801e-07
1.968000000000000046e-06
6.400000000000000399e-08
8.799999999999999390e-08
9.200000000000000325e-08
1.160000000000000064e-07
1.439999999999999924e-07
5.999999999999999464e-08
4.840000000000000459e-07
1.816000000000000062e-06
9.360000000000000169e-07
7.919999999999999980e-07
1.427999999999999923e-06
6.800000000000000010e-08
1.720000000000000049e-07
6.400000000000000399e-08
2.200000000000000112e-07
1.840000000000000065e-07
6.400000000000000399e-08
4.560000000000000069e-07
9.999999999999999547e-08
1.411999999999999991e-06
1.999999999999999909e-07
1.391999999999999971e-06
1.103999999999999933e-06
1.108000000000000022e-06
1.111999999999999899e-06
1.115999999999999988e-06
6.400000000000000399e-08
6.800000000000000010e-08
7.199999999999999621e-08
9.200000000000000325e-08
9.599999999999999936e-08
1.160000000000000064e-07
1.199999999999999893e-07
1.439999999999999924e-07
1.480000000000000018e-07
1.720000000000000049e-07
1.999999999999999909e-07
2.560000000000000159e-07
3.080000000000000051e-07
4.880000000000000287e-07
6.400000000000000399e-08
9.599999999999999936e-08
1.083999999999999913e-06
4.320000000000000037e-07
1.199999999999999893e-07
4.959999999999999945e-07
1.840000000000000065e-07
6.400000000000000399e-08
1.303999999999999924e-06
1.960000000000000081e-07
2.800000000000000191e-07
1.639999999999999968e-06
6.400000000000000399e-08
1.160000000000000064e-07
1.559999999999999940e-07
5.999999999999999464e-08
2.427999999999999877e-06
1.439999999999999924e-07
1.480000000000000018e-07
1.319999999999999909e-07
1.019999999999999975e-06
6.400000000000000399e-08
6.800000000000000010e-08
7.199999999999999621e-08
9.200000000000000325e-08
9.599999999999999936e-08
9.999999999999999547e-08
1.199999999999999893e-07
1.239999999999999986e-07
1.480000000000000018e-07
1.520000000000000111e-07
1.720000000000000049e-07
1.759999999999999878e-07
1.999999999999999909e-07
2.040000000000000003e-07
2.239999999999999941e-07
2.280000000000000034e-07
2.519999999999999801e-07
2.560000000000000159e-07
2.800000000000000191e-07
2.840000000000000020e-07
4.200000000000000022e-07
1.283999999999999904e-06
1.359999999999999896e-06
1.999999999999999909e-07
6.479999999999999791e-07
5.999999999999999464e-08
6.400000000000000399e-08
2.239999999999999941e-07
8.759999999999999561e-07
7.840000000000000323e-07
7.880000000000000152e-07
6.400000000000000399e-08
6.800000000000000010e-08
7.199999999999999621e-08
8.799999999999999390e-08
9.200000000000000325e-08
9.599999999999999936e-08
1.160000000000000064e-07
1.199999999999999893e-07
1.280000000000000080e-07
1.439999999999999924e-07
1.480000000000000018e-07
1.679999999999999956e-07
1.720000000000000049e-07
1.759999999999999878e-07
1.960000000000000081e-07
1.999999999999999909e-07
2.280000000000000034e-07
2.999999999999999864e-07
3.040000000000000222e-07
3.320000000000000083e-07
1.952000000000000115e-06
6.519999999999999620e-07
5.200000000000000241e-08
5.999999999999999464e-08
6.400000000000000399e-08
6.800000000000000010e-08
7.199999999999999621e-08
7.600000000000000556e-08
9.200000000000000325e-08
9.599999999999999936e-08
1.160000000000000064e-07
1.199999999999999893e-07
1.239999999999999986e-07
1.439999999999999924e-07
1.480000000000000018e-07
1.679999999999999956e-07
1.720000000000000049e-07
1.759999999999999878e-07
1.999999999999999909e-07
2.280000000000000034e-07
2.479999999999999972e-07
2.519999999999999801e-07
2.560000000000000159e-07
2.800000000000000191e-07
3.040000000000000222e-07
3.119999999999999880e-07
3.599999999999999943e-07
7.719999999999999778e-07
7.759999999999999606e-07
2.275999999999999893e-06
4.479999999999999882e-07
8.040000000000000526e-07
1.007999999999999921e-06
2.800000000000000191e-07
1.799999999999999971e-07
2.684000000000000052e-06
9.399999999999999998e-07
1.039999999999999995e-06
2.519999999999999801e-07
4.539999999999999731e-06
6.400000000000000399e-08
6.560000000000000508e-07
6.400000000000000399e-08
6.800000000000000010e-08
9.200000000000000325e-08
9.599999999999999936e-08
1.439999999999999924e-07
1.720000000000000049e-07
6.800000000000000010e-08
1.319999999999999909e-07
1.439999999999999924e-07
3.359999999999999911e-07
2.519999999999999801e-07
5.479999999999999837e-07
6.400000000000000399e-08
6.800000000000000010e-08
9.599999999999999936e-08
1.199999999999999893e-07
1.400000000000000095e-07
1.480000000000000018e-07
1.999999999999999909e-07
1.799999999999999971e-07
7.439999999999999917e-07
9.120000000000000138e-07
2.239999999999999941e-07
2.200000000000000112e-07
2.680000000000000175e-07
4.920000000000000116e-07
8.959999999999999764e-07
1.624000000000000037e-06
1.280000000000000080e-07
5.999999999999999464e-08
6.400000000000000399e-08
6.400000000000000399e-08
9.200000000000000325e-08
3.519999999999999756e-07
3.119999999999999880e-07
4.296000000000000034e-06
2.320000000000000128e-07
6.800000000000000010e-08
6.400000000000000399e-08
6.800000000000000010e-08
6.400000000000000399e-08
6.400000000000000399e-08
5.719999999999999868e-07
6.400000000000000399e-08
6.400000000000000399e-08
1.551999999999999921e-06
1.999999999999999909e-07
2.040000000000000003e-07
1.840000000000000065e-07
5.559999999999999494e-07
5.999999999999999464e-08
6.400000000000000399e-08
9.200000000000000325e-08
1.400000000000000095e-07
2.519999999999999801e-07
1.999999999999999909e-07
1.960000000000000081e-07
1.319999999999999909e-07
6.400000000000000399e-08
2.440000000000000144e-07
1.776000000000000021e-06
3.520000000000000180e-06
7.039999999999999512e-07
5.999999999999999464e-08
1.411999999999999991e-06
1.040000000000000048e-07
1.999999999999999909e-07
7.479999999999999746e-07
6.400000000000000399e-08
7.279999999999999544e-07
5.680000000000000039e-07
1.804000000000000007e-06
1.808000000000000096e-06
1.811999999999999973e-06
1.816000000000000062e-06
1.819999999999999939e-06
1.824000000000000028e-06
1.827999999999999905e-06
1.847999999999999925e-06
6.400000000000000399e-08
1.919999999999999987e-07
6.400000000000000399e-08
1.515999999999999970e-06
5.999999999999999464e-08
9.200000000000000325e-08
3.999999999999999819e-07
2.519999999999999801e-07
1.300000000000000047e-06
6.400000000000000399e-08
6.800000000000000010e-08
6.400000000000000399e-08
2.359999999999999957e-07
6.400000000000000399e-08
9.200000000000000325e-08
2.519999999999999801e-07
1.280000000000000080e-07
1.319999999999999909e-07
6.400000000000000399e-08
6.800000000000000010e-08
7.199999999999999621e-08
9.200000000000000325e-08
9.599999999999999936e-08
9.999999999999999547e-08
1.199999999999999893e-07
1.239999999999999986e-07
1.280000000000000080e-07
1.480000000000000018e-07
1.759999999999999878e-07
2.560000000000000159e-07
2.800000000000000191e-07
3.639999999999999772e-07
1.999999999999999909e-07
6.360000000000000305e-07
6.400000000000000399e-08
6.800000000000000010e-08
9.599999999999999936e-08
6.400000000000000399e-08
6.400000000000000399e-08
7.199999999999999621e-08
3.560000000000000114e-07
2.932000000000000049e-06
2.320000000000000128e-07
6.400000000000000399e-08
6.800000000000000010e-08
9.200000000000000325e-08
9.599999999999999936e-08
1.199999999999999893e-07
1.239999999999999986e-07
1.480000000000000018e-07
6.400000000000000399e-08
9.200000000000000325e-08
1.199999999999999893e-07
2.999999999999999864e-07
6.400000000000000399e-08
9.200000000000000325e-08
2.800000000000000191e-07
1.040000000000000048e-07
7.439999999999999917e-07
5.999999999999999464e-08
6.800000000000000010e-08
7.439999999999999917e-07
7.479999999999999746e-07
7.519999999999999575e-07
7.560000000000000463e-07
7.640000000000000120e-07
1.199999999999999893e-07
4.440000000000000053e-07
1.360000000000000002e-07
5.120000000000000319e-07
1.439999999999999924e-07
2.960000000000000035e-07
1.799999999999999971e-07
1.160000000000000064e-07
1.199999999999999893e-07
1.239999999999999986e-07
1.280000000000000080e-07
1.480000000000000018e-07
5.519999999999999666e-07
2.663999999999999820e-06
6.400000000000000399e-08
2.759999999999999833e-07
1.160000000000000064e-07
1.199999999999999893e-07
6.400000000000000399e-08
6.800000000000000010e-08
9.200000000000000325e-08
9.599999999999999936e-08
1.199999999999999893e-07
6.400000000000000399e-08
6.800000000000000010e-08
9.200000000000000325e-08
1.199999999999999893e-07
2.440000000000000144e-07
2.759999999999999833e-07
6.400000000000000399e-08
8.799999999999999390e-08
6.759999999999999652e-07
2.040000000000000003e-07
6.400000000000000399e-08
6.400000000000000399e-08
1.280000000000000080e-07
1.319999999999999909e-07
1.867999999999999945e-06
2.759999999999999833e-07
6.400000000000000399e-08
6.400000000000000399e-08
6.400000000000000399e-08
3.839999999999999974e-07
2.160000000000000019e-07
2.999999999999999864e-07
4.119999999999999835e-07
7.120000000000000228e-07
9.320000000000000341e-07
3.456000000000000030e-06
3.459999999999999907e-06
2.720000000000000004e-07
4.999999999999999774e-07
5.239999999999999805e-07
2.879999999999999848e-07
6.400000000000000399e-08
6.400000000000000399e-08
1.743999999999999946e-06
9.320000000000000341e-07
2.119999999999999925e-07
5.920000000000000071e-07
1.239999999999999986e-07
1.360000000000000002e-07
7.679999999999999949e-07
7.719999999999999778e-07
7.759999999999999606e-07
7.800000000000000494e-07
7.840000000000000323e-07
5.440000000000000008e-07
2.479999999999999972e-07
3.359999999999999911e-07
6.800000000000000010e-08
1.252000000000000041e-06
9.840000000000000232e-07
1.647999999999999934e-06
8.160000000000000012e-07
6.719999999999999823e-07
2.680000000000000175e-07
2.724000000000000093e-06
6.400000000000000399e-08
1.439999999999999924e-07
1.919999999999999987e-07
1.960000000000000081e-07
5.999999999999999464e-08
5.999999999999999464e-08
6.400000000000000399e-08
3.999999999999999819e-07
6.400000000000000399e-08
6.800000000000000010e-08
9.200000000000000325e-08
9.599999999999999936e-08
6.400000000000000399e-08
6.400000000000000399e-08
5.799999999999999526e-07
5.999999999999999464e-08
6.400000000000000399e-08
6.800000000000000010e-08
8.799999999999999390e-08
9.200000000000000325e-08
1.160000000000000064e-07
1.199999999999999893e-07
1.439999999999999924e-07
1.535999999999999990e-06
6.400000000000000399e-08
6.400000000000000399e-08
6.800000000000000010e-08
7.199999999999999621e-08
9.200000000000000325e-08
9.599999999999999936e-08
1.199999999999999893e-07
1.239999999999999986e-07
1.439999999999999924e-07
1.480000000000000018e-07
1.759999999999999878e-07
2.239999999999999941e-07
3.800000000000000146e-07
7.560000000000000463e-07
5.999999999999999464e-08
1.720000000000000049e-07
2.160000000000000019e-07
6.400000000000000399e-08
6.800000000000000010e-08
6.959999999999999854e-07
2.320000000000000128e-07
2.280000000000000034e-07
6.400000000000000399e-08
6.800000000000000010e-08
9.680000000000000917e-07
6.400000000000000399e-08
2.119999999999999925e-07
1.143999999999999974e-06
1.799999999999999971e-07
4.840000000000000459e-07
1.480000000000000018e-07
4.560000000000000069e-07
2.040000000000000003e-07
5.999999999999999464e-08
6.400000000000000399e-08
9.200000000000000325e-08
1.199999999999999893e-07
1.563999999999999976e-06
5.999999999999999464e-08
5.999999999999999464e-08
1.679999999999999956e-07
1.120000000000000076e-06
2.759999999999999833e-07
1.244000000000000075e-06
1.280000000000000080e-07
9.120000000000000138e-07
6.400000000000000399e-08
3.359999999999999911e-07
6.400000000000000399e-08
1.160000000000000064e-07
1.531999999999999901e-06
5.999999999999999464e-08
2.519999999999999801e-07
1.551999999999999921e-06
1.879999999999999894e-07
1.407999999999999902e-06
6.400000000000000399e-08
6.800000000000000010e-08
1.239999999999999986e-07
6.400000000000000399e-08
4.080000000000000006e-07
2.519999999999999801e-07
1.280000000000000080e-07
1.892000000000000054e-06
1.895999999999999931e-06
1.900000000000000020e-06
1.903999999999999897e-06
2.239999999999999941e-07
6.019999999999999961e-06
6.640000000000000165e-07
2.320000000000000128e-07
1.400000000000000095e-07
6.400000000000000399e-08
2.840000000000000020e-07
1.879999999999999894e-07
8.279999999999999498e-07
1.143999999999999974e-06
2.280000000000000034e-07
6.400000000000000399e-08
6.800000000000000010e-08
9.200000000000000325e-08
9.599999999999999936e-08
1.199999999999999893e-07
1.439999999999999924e-07
1.480000000000000018e-07
1.720000000000000049e-07
2.519999999999999801e-07
1.816000000000000062e-06
1.928000000000000006e-06
6.328000000000000230e-06
6.331999999999999684e-06
6.335999999999999984e-06
6.340000000000000285e-06
6.343999999999999738e-06
6.352000000000000339e-06
6.364000000000000394e-06
6.372000000000000148e-06
6.400000000000000399e-08
8.400000000000000043e-07
5.999999999999999464e-08
6.400000000000000399e-08
6.800000000000000010e-08
8.799999999999999390e-08
9.200000000000000325e-08
1.199999999999999893e-07
7.919999999999999980e-07
2.860000000000000146e-06
2.864000000000000023e-06
2.867999999999999900e-06
2.872000000000000200e-06
2.876000000000000077e-06
2.895999999999999886e-06
6.400000000000000399e-08
9.200000000000000325e-08
6.400000000000000399e-08
2.840000000000000020e-07
1.879999999999999894e-07
1.852000000000000014e-06
8.320000000000000386e-07
1.080000000000000036e-06
1.064000000000000104e-06
7.120000000000000228e-07
2.879999999999999848e-07
2.920000000000000207e-07
7.160000000000000057e-07
7.400000000000000089e-07
3.839999999999999974e-07
3.879999999999999803e-07
6.400000000000000399e-08
5.999999999999999464e-08
1.840000000000000065e-07
5.999999999999999464e-08
4.920000000000000116e-07
2.080000000000000096e-07
6.400000000000000399e-08
2.840000000000000020e-07
6.400000000000000399e-08
6.400000000000000399e-08
2.599999999999999988e-07
2.303999999999999879e-06
2.308000000000000179e-06
2.312000000000000056e-06
2.315999999999999933e-06
8.840000000000000278e-07
6.400000000000000399e-08
6.679999999999999994e-07
2.560000000000000159e-07
4.680000000000000085e-07
6.800000000000000010e-08
7.199999999999999621e-08
9.599999999999999936e-08
9.199999999999999795e-07
6.400000000000000399e-08
6.800000000000000010e-08
9.200000000000000325e-08
9.599999999999999936e-08
1.199999999999999893e-07
1.439999999999999924e-07
1.480000000000000018e-07
1.720000000000000049e-07
1.999999999999999909e-07
2.359999999999999957e-07
2.759999999999999833e-07
3.040000000000000222e-07
3.599999999999999943e-07
8.120000000000000183e-07
7.120000000000000228e-07
1.804000000000000007e-06
5.999999999999999464e-08
2.639999999999999817e-07
6.400000000000000399e-08
8.959999999999999764e-07
1.664000000000000077e-06
2.132000000000000086e-06
2.135999999999999963e-06
2.139999999999999840e-06
2.144000000000000140e-06
1.919999999999999987e-07
6.800000000000000010e-08
2.027999999999999896e-06
2.599999999999999988e-07
5.559999999999999494e-07
1.879999999999999894e-07
1.320000000000000067e-06
1.348000000000000053e-06
6.800000000000000010e-08
6.400000000000000399e-08
6.400000000000000399e-08
6.400000000000000399e-08
6.400000000000000399e-08
2.280000000000000034e-07
5.999999999999999464e-08
1.556000000000000010e-06
4.143999999999999626e-06
1.879999999999999894e-07
9.999999999999999547e-07
6.400000000000000399e-08
9.200000000000000325e-08
6.400000000000000399e-08
1.075999999999999947e-06
1.619999999999999948e-06
5.999999999999999464e-08
1.999999999999999909e-07
4.280000000000000209e-07
6.400000000000000399e-08
2.200000000000000112e-07
1.439999999999999924e-07
2.560000000000000159e-07
4.239999999999999850e-07
6.800000000000000010e-08
9.599999999999999936e-08
6.400000000000000399e-08
1.579999999999999907e-06
2.560000000000000159e-07
7.959999999999999809e-07
4.760000000000000166e-06
4.763999999999999619e-06
4.767999999999999920e-06
4.772000000000000220e-06
4.779999999999999974e-06
1.360000000000000002e-07
1.400000000000000095e-07
7.759999999999999606e-07
6.400000000000000399e-08
6.800000000000000010e-08
9.200000000000000325e-08
1.199999999999999893e-07
6.400000000000000399e-08
6.400000000000000399e-08
1.679999999999999956e-07
6.400000000000000399e-08
6.800000000000000010e-08
9.200000000000000325e-08
9.599999999999999936e-08
1.199999999999999893e-07
1.239999999999999986e-07
1.439999999999999924e-07
1.480000000000000018e-07
1.720000000000000049e-07
1.759999999999999878e-07
2.759999999999999833e-07
1.679999999999999956e-07
6.400000000000000399e-08
6.400000000000000399e-08
5.999999999999999464e-08
2.239999999999999941e-07
2.080000000000000096e-07
1.239999999999999986e-07
7.320000000000000431e-07
1.619999999999999948e-06
3.040000000000000222e-07
6.800000000000000010e-08
6.400000000000000399e-08
9.200000000000000325e-08
1.151999999999999939e-06
1.156000000000000028e-06
1.159999999999999905e-06
1.163999999999999994e-06
6.400000000000000399e-08
9.200000000000000325e-08
2.720000000000000004e-07
9.560000000000000372e-07
9.599999999999999142e-07
9.640000000000000030e-07
9.680000000000000917e-07
9.719999999999999687e-07
8.919999999999999935e-07
5.640000000000000211e-07
2.560000000000000159e-07
2.151999999999999894e-06
5.759999999999999697e-07
9.200000000000000325e-08
2.759999999999999833e-07
2.999999999999999864e-07
5.959999999999999900e-07
2.680000000000000175e-07
1.199999999999999893e-07
2.911999999999999817e-06
5.999999999999999464e-08
1.160000000000000064e-07
1.199999999999999893e-07
1.136000000000000008e-06
1.280000000000000080e-07
6.479999999999999791e-07
5.999999999999999464e-08
6.800000000000000010e-08
9.200000000000000325e-08
1.199999999999999893e-07
4.560000000000000069e-07
2.800000000000000191e-07
6.400000000000000399e-08
1.319999999999999909e-07
2.440000000000000144e-07
5.999999999999999464e-08
6.400000000000000399e-08
1.611999999999999982e-06
2.479999999999999972e-07
6.560000000000000508e-07
5.239999999999999805e-07
8.080000000000000354e-07
6.400000000000000399e-08
8.800000000000000449e-07
6.400000000000000399e-08
8.239999999999999669e-07
6.400000000000000399e-08
9.200000000000000325e-08
9.599999999999999936e-08
6.400000000000000399e-08
6.800000000000000010e-08
7.199999999999999621e-08
9.200000000000000325e-08
9.599999999999999936e-08
1.199999999999999893e-07
1.239999999999999986e-07
1.439999999999999924e-07
1.480000000000000018e-07
1.720000000000000049e-07
1.759999999999999878e-07
1.999999999999999909e-07
1.292000000000000081e-06
2.399999999999999786e-07
2.560000000000000159e-07
1.748000000000000035e-06
5.999999999999999464e-08
6.400000000000000399e-08
6.800000000000000010e-08
8.799999999999999390e-08
3.320000000000000083e-07
6.400000000000000399e-08
2.280000000000000034e-07
3.080000000000000051e-07
1.136000000000000008e-06
2.560000000000000159e-07
5.360000000000000350e-07
5.559999999999999494e-07
6.880000000000000197e-07
6.400000000000000399e-08
5.999999999999999464e-08
4.080000000000000006e-07
2.160000000000000019e-07
6.400000000000000399e-08
1.239999999999999986e-07
6.800000000000000010e-08
7.199999999999999621e-08
9.599999999999999936e-08
1.212000000000000000e-06
2.440000000000000144e-07
2.879999999999999848e-07
1.856000000000000102e-06
3.211999999999999910e-06
1.083999999999999913e-06
2.560000000000000159e-07
2.443999999999999809e-06
1.960000000000000081e-07
2.359999999999999957e-07
6.400000000000000399e-08
6.400000000000000399e-08
6.800000000000000010e-08
2.519999999999999801e-07
1.919999999999999828e-06
2.720000000000000004e-07
6.840000000000000368e-07
1.360000000000000002e-07
6.400000000000000399e-08
6.800000000000000010e-08
4.799999999999999571e-07
6.279999999999999589e-07
1.712000000000000083e-06
2.359999999999999957e-07
1.280000000000000080e-07
6.400000000000000399e-08
6.400000000000000399e-08
6.800000000000000010e-08
8.239999999999999669e-07
6.400000000000000399e-08
6.400000000000000399e-08
9.399999999999999998e-07
1.495999999999999949e-06
5.999999999999999464e-08
8.799999999999999390e-08
5.999999999999999464e-08
1.720000000000000049e-07
1.759999999999999878e-07
6.400000000000000399e-08
6.279999999999999589e-07
1.396000000000000060e-06
1.475999999999999929e-06
2.160000000000000019e-07
6.400000000000000399e-08
9.200000000000000325e-08
2.800000000000000191e-07
1.239999999999999986e-07
5.244000000000000106e-06
2.160000000000000019e-07
1.419999999999999957e-06
1.447999999999999943e-06
1.439999999999999977e-06
6.400000000000000399e-08
1.400000000000000095e-07
1.900000000000000020e-06
5.999999999999999464e-08
6.400000000000000399e-08
9.200000000000000325e-08
1.960000000000000081e-07
6.400000000000000399e-08
9.200000000000000325e-08
3.320000000000000083e-07
2.200000000000000112e-07
4.984000000000000054e-06
9.200000000000000325e-08
5.120000000000000319e-07
1.239999999999999986e-07
7.800000000000000494e-07
7.840000000000000323e-07
1.103999999999999933e-06
9.599999999999999936e-08
2.200000000000000112e-07
1.452000000000000032e-06
1.723999999999999926e-06
1.019999999999999975e-06
6.400000000000000399e-08
2.200000000000000112e-07
4.959999999999999945e-07
1.959999999999999869e-06
2.720000000000000004e-07
1.644000000000000057e-06
5.199999999999999976e-07
2.200000000000000112e-07
3.119999999999999880e-07
6.400000000000000399e-08
6.800000000000000010e-08
4.359999999999999866e-07
1.067999999999999981e-06
3.084000000000000034e-06
2.599999999999999988e-07
5.199999999999999976e-07
2.320000000000000128e-07
9.200000000000000325e-08
6.400000000000000399e-08
1.143999999999999974e-06
6.400000000000000399e-08
3.959999999999999990e-07
6.800000000000000010e-08
9.200000000000000325e-08
2.560000000000000159e-07
3.119999999999999880e-07
1.600000000000000033e-07
6.400000000000000399e-08
2.440000000000000144e-07
2.479999999999999972e-07
2.840000000000000020e-07
6.400000000000000399e-08
6.800000000000000010e-08
9.200000000000000325e-08
9.599999999999999936e-08
1.199999999999999893e-07
1.480000000000000018e-07
1.779999999999999898e-06
1.632000000000000002e-06
1.636000000000000091e-06
1.639999999999999968e-06
1.644000000000000057e-06
1.131999999999999919e-06
6.400000000000000399e-08
5.880000000000000242e-07
1.199999999999999893e-07
1.239999999999999986e-07
5.999999999999999464e-08
5.440000000000000008e-07
1.123999999999999953e-06
5.600000000000000382e-07
6.400000000000000399e-08
6.800000000000000010e-08
3.080000000000000051e-07
7.240000000000000138e-06
5.999999999999999464e-08
5.999999999999999464e-08
6.400000000000000399e-08
8.799999999999999390e-08
6.719999999999999823e-07
1.280000000000000080e-07
1.583999999999999996e-06
2.840000000000000020e-07
6.439999999999999963e-07
1.400000000000000095e-07
1.900000000000000020e-06
6.400000000000000399e-08
2.040000000000000003e-07
6.400000000000000399e-08
6.400000000000000399e-08
6.800000000000000010e-08
9.200000000000000325e-08
9.599999999999999936e-08
1.160000000000000064e-07
1.199999999999999893e-07
1.239999999999999986e-07
1.439999999999999924e-07
1.480000000000000018e-07
1.759999999999999878e-07
1.999999999999999909e-07
2.519999999999999801e-07
2.560000000000000159e-07
1.520000000000000111e-07
9.320000000000000341e-07
1.879999999999999894e-07
4.640000000000000256e-07
1.919999999999999987e-07
2.280000000000000034e-07
5.999999999999999728e-07
6.400000000000000399e-08
1.879999999999999894e-07
1.171999999999999960e-06
5.600000000000000382e-07
2.776000000000000188e-06
5.999999999999999464e-08
9.200000000000000325e-08
6.400000000000000399e-08
1.300000000000000047e-06
3.440000000000000098e-07
2.040000000000000003e-07
6.400000000000000399e-08
6.800000000000000010e-08
1.740000000000000069e-06
5.559999999999999494e-07
2.280000000000000034e-07
2.239999999999999941e-07
2.759999999999999833e-07
9.560000000000000372e-07
9.599999999999999142e-07
4.040000000000000177e-07
1.131999999999999919e-06
5.999999999999999464e-08
6.479999999999999791e-07
6.400000000000000399e-08
2.519999999999999801e-07
6.400000000000000399e-08
6.800000000000000010e-08
6.800000000000000010e-08
9.200000000000000325e-08
2.800000000000000191e-07
1.591999999999999962e-06
5.999999999999999464e-08
1.740000000000000069e-06
8.360000000000000215e-07
8.400000000000000043e-07
8.439999999999999872e-07
8.479999999999999701e-07
2.920000000000000207e-07
6.400000000000000399e-08
3.080000000000000051e-07
2.239999999999999941e-07
6.400000000000000399e-08
5.999999999999999464e-08
1.600000000000000033e-07
1.640000000000000127e-07
6.400000000000000399e-08
5.400000000000000179e-07
1.303999999999999924e-06
2.800000000000000191e-07
5.999999999999999464e-08
9.599999999999999936e-08
6.400000000000000399e-08
5.479999999999999837e-07
3.119999999999999880e-07
5.320000000000000522e-07
5.999999999999999464e-08
6.759999999999999652e-07
6.400000000000000399e-08
4.920000000000000116e-07
5.999999999999999464e-08
6.400000000000000399e-08
6.800000000000000010e-08
8.799999999999999390e-08
9.200000000000000325e-08
1.160000000000000064e-07
1.199999999999999893e-07
1.439999999999999924e-07
2.239999999999999941e-07
2.840000000000000020e-07
2.239999999999999941e-07
4.680000000000000085e-07
6.400000000000000399e-08
6.800000000000000010e-08
9.200000000000000325e-08
9.599999999999999936e-08
1.199999999999999893e-07
1.720000000000000049e-07
6.400000000000000399e-08
2.040000000000000003e-07
1.999999999999999909e-07
6.400000000000000399e-08
6.400000000000000399e-08
9.200000000000000325e-08
9.479999999999999656e-07
9.519999999999999484e-07
9.560000000000000372e-07
9.599999999999999142e-07
1.788000000000000076e-06
2.440000000000000144e-07
2.479999999999999972e-07
2.239999999999999941e-07
3.680000000000000130e-07
5.999999999999999464e-08
2.639999999999999817e-07
6.800000000000000010e-08
9.200000000000000325e-08
9.599999999999999936e-08
2.200000000000000112e-07
6.400000000000000399e-08
6.800000000000000010e-08
9.200000000000000325e-08
1.199999999999999893e-07
1.439999999999999924e-07
1.720000000000000049e-07
1.952000000000000115e-06
6.400000000000000399e-08
6.400000000000000399e-08
6.800000000000000010e-08
8.799999999999999390e-08
9.200000000000000325e-08
1.160000000000000064e-07
1.199999999999999893e-07
1.439999999999999924e-07
1.480000000000000018e-07
1.323999999999999944e-06
2.720000000000000004e-07
8.999999999999999593e-07
2.599999999999999988e-07
3.359999999999999911e-07
5.360000000000000350e-07
2.280000000000000034e-07
3.359999999999999911e-07
1.480000000000000018e-07
1.520000000000000111e-07
1.875999999999999911e-06
6.400000000000000399e-08
3.560000000000000114e-07
5.920000000000000071e-07
5.999999999999999464e-08
6.400000000000000399e-08
2.635999999999999834e-06
2.640000000000000135e-06
2.647999999999999889e-06
6.400000000000000399e-08
2.160000000000000019e-07
6.400000000000000399e-08
5.999999999999999464e-08
6.400000000000000399e-08
6.800000000000000010e-08
1.199999999999999893e-07
2.840000000000000020e-07
1.340000000000000088e-06
8.919999999999999935e-07
2.960000000000000035e-07
8.400000000000000043e-07
8.439999999999999872e-07
8.479999999999999701e-07
8.519999999999999530e-07
8.560000000000000417e-07
8.600000000000000246e-07
1.528000000000000024e-06
1.887999999999999965e-06
1.879999999999999894e-07
3.160000000000000238e-07
8.519999999999999530e-07
1.323999999999999944e-06
6.800000000000000010e-08
9.599999999999999936e-08
6.400000000000000399e-08
6.800000000000000010e-08
9.200000000000000325e-08
9.599999999999999936e-08
1.999999999999999909e-07
7.080000000000000400e-07
9.479999999999999656e-07
6.800000000000000010e-08
2.560000000000000159e-07
2.599999999999999988e-07
3.359999999999999911e-07
1.280000000000000080e-07
5.999999999999999464e-08
5.999999999999999728e-07
1.540000000000000079e-06
2.200000000000000112e-07
6.400000000000000399e-08
6.400000000000000399e-08
9.200000000000000325e-08
1.128000000000000042e-06
2.160000000000000019e-07
3.239999999999999896e-07
5.999999999999999464e-08
6.400000000000000399e-08
8.799999999999999390e-08
9.200000000000000325e-08
1.199999999999999893e-07
1.611999999999999982e-06
5.199999999999999976e-07
6.400000000000000399e-08
6.800000000000000010e-08
7.199999999999999621e-08
9.200000000000000325e-08
9.599999999999999936e-08
1.160000000000000064e-07
1.199999999999999893e-07
1.239999999999999986e-07
1.439999999999999924e-07
1.480000000000000018e-07
1.720000000000000049e-07
1.759999999999999878e-07
1.999999999999999909e-07
3.080000000000000051e-07
5.719999999999999868e-07
1.695999999999999940e-06
3.323999999999999854e-06
3.239999999999999896e-07
5.999999999999999464e-08
2.280000000000000034e-07
1.432000000000000011e-06
6.400000000000000399e-08
6.400000000000000399e-08
1.879999999999999894e-07
1.999999999999999909e-07
2.479999999999999972e-07
1.419999999999999957e-06
6.439999999999999963e-07
6.800000000000000010e-08
6.400000000000000399e-08
6.800000000000000010e-08
1.199999999999999893e-07
2.999999999999999864e-07
2.680000000000000175e-07
1.999999999999999909e-07
7.959999999999999809e-07
6.400000000000000399e-08
6.800000000000000010e-08
4.320000000000000037e-07
6.355999999999999793e-06
6.360000000000000093e-06
6.364000000000000394e-06
6.367999999999999847e-06
6.372000000000000148e-06
6.379999999999999902e-06
6.387999999999999656e-06
6.600000000000000337e-07
2.519999999999999801e-07
2.427999999999999877e-06
2.920000000000000207e-07
9.640000000000000030e-07
2.200000000000000112e-07
8.600000000000000246e-07
6.400000000000000399e-08
3.879999999999999803e-07
2.280000000000000034e-07
6.800000000000000010e-08
7.199999999999999621e-08
9.599999999999999936e-08
9.999999999999999547e-08
2.680000000000000175e-07
1.720000000000000049e-07
6.400000000000000399e-08
6.800000000000000010e-08
9.200000000000000325e-08
9.599999999999999936e-08
1.199999999999999893e-07
1.239999999999999986e-07
1.480000000000000018e-07
1.759999999999999878e-07
1.999999999999999909e-07
2.239999999999999941e-07
2.280000000000000034e-07
2.560000000000000159e-07
1.416000000000000080e-06
2.151999999999999894e-06
2.156000000000000195e-06
6.800000000000000010e-08
8.400000000000000043e-07
6.400000000000000399e-08
6.400000000000000399e-08
5.999999999999999464e-08
6.400000000000000399e-08
9.200000000000000325e-08
1.160000000000000064e-07
1.439999999999999924e-07
1.879999999999999894e-07
1.919999999999999987e-07
1.960000000000000081e-07
1.999999999999999909e-07
2.040000000000000003e-07
2.119999999999999925e-07
4.320000000000000037e-07
6.400000000000000399e-08
7.999999999999999638e-07
7.080000000000000400e-07
7.279999999999999544e-07
3.879999999999999803e-07
2.519999999999999801e-07
7.840000000000000323e-07
7.880000000000000152e-07
7.919999999999999980e-07
7.959999999999999809e-07
7.999999999999999638e-07
1.100000000000000056e-06
6.360000000000000305e-07
2.160000000000000019e-07
2.479999999999999972e-07
1.919999999999999987e-07
6.400000000000000399e-08
6.800000000000000010e-08
7.199999999999999621e-08
9.200000000000000325e-08
9.599999999999999936e-08
9.999999999999999547e-08
1.199999999999999893e-07
1.239999999999999986e-07
1.439999999999999924e-07
1.480000000000000018e-07
1.520000000000000111e-07
1.720000000000000049e-07
1.759999999999999878e-07
1.999999999999999909e-07
2.040000000000000003e-07
2.280000000000000034e-07
2.560000000000000159e-07
2.599999999999999988e-07
1.080000000000000009e-07
1.915999999999999951e-06
1.919999999999999828e-06
1.924000000000000129e-06
1.928000000000000006e-06
1.931999999999999883e-06
6.800000000000000010e-08
1.199999999999999893e-07
1.480000000000000018e-07
9.040000000000000480e-07
6.400000000000000399e-08
6.400000000000000399e-08
6.360000000000000305e-07
2.239999999999999941e-07
5.999999999999999464e-08
6.400000000000000399e-08
2.280000000000000034e-07
1.500000000000000038e-06
1.783999999999999987e-06
1.095999999999999967e-06
6.400000000000000399e-08
5.999999999999999464e-08
6.400000000000000399e-08
9.200000000000000325e-08
1.480000000000000018e-07
1.520000000000000111e-07
1.640000000000000127e-07
1.720000000000000049e-07
2.160000000000000019e-07
6.400000000000000399e-08
6.800000000000000010e-08
6.400000000000000399e-08
6.400000000000000399e-08
2.800000000000000191e-07
5.999999999999999464e-08
8.320000000000000386e-07
1.080000000000000009e-07
1.520000000000000111e-07
4.119999999999999835e-07
6.400000000000000399e-08
3.399999999999999740e-07
1.128000000000000042e-06
1.960000000000000081e-07
6.400000000000000399e-08
2.479999999999999972e-07
2.619999999999999903e-06
2.624000000000000203e-06
2.628000000000000080e-06
6.400000000000000399e-08
2.759999999999999833e-07
1.019999999999999975e-06
6.400000000000000399e-08
1.088000000000000002e-06
6.156000000000000014e-06
6.400000000000000399e-08
6.800000000000000010e-08
9.200000000000000325e-08
9.599999999999999936e-08
1.160000000000000064e-07
1.199999999999999893e-07
1.439999999999999924e-07
1.480000000000000018e-07
1.720000000000000049e-07
1.759999999999999878e-07
1.480000000000000018e-07
1.520000000000000111e-07
1.720000000000000049e-06
6.400000000000000399e-08
1.483999999999999895e-06
6.400000000000000399e-08
1.520000000000000111e-07
6.479999999999999791e-07
6.519999999999999620e-07
6.560000000000000508e-07
6.600000000000000337e-07
6.640000000000000165e-07
6.679999999999999994e-07
6.840000000000000368e-07
6.880000000000000197e-07
2.519999999999999801e-07
6.800000000000000010e-08
9.999999999999999547e-08
1.040000000000000048e-07
1.239999999999999986e-07
2.280000000000000034e-07
5.999999999999999464e-08
1.400000000000000095e-07
1.720000000000000049e-07
5.479999999999999837e-07
6.400000000000000399e-08
8.600000000000000246e-07
2.200000000000000112e-07
6.400000000000000399e-08
6.400000000000000399e-08
6.400000000000000399e-08
5.999999999999999464e-08
1.720000000000000049e-07
8.880000000000000106e-07
4.359999999999999866e-07
1.224000000000000055e-06
2.843999999999999791e-06
2.848000000000000091e-06
2.851999999999999968e-06
2.855999999999999845e-06
2.860000000000000146e-06
2.864000000000000023e-06
1.319999999999999909e-07
8.919999999999999935e-07
1.356000000000000019e-06
1.799999999999999971e-07
6.400000000000000399e-08
6.160000000000000102e-07
4.344000000000000252e-06
3.040000000000000222e-07
5.920000000000000071e-07
6.400000000000000399e-08
6.719999999999999823e-07
3.560000000000000114e-07
5.999999999999999464e-08
5.160000000000000148e-07
9.239999999999999624e-07
8.880000000000000106e-07
5.999999999999999464e-08
6.400000000000000399e-08
3.040000000000000222e-07
1.067999999999999981e-06
1.880000000000000000e-06
2.599999999999999988e-07
2.239999999999999941e-07
6.400000000000000399e-08
9.599999999999999936e-08
9.999999999999999547e-08
2.440000000000000144e-07
9.680000000000000917e-07
5.999999999999999464e-08
6.400000000000000399e-08
6.800000000000000010e-08
8.799999999999999390e-08
9.200000000000000325e-08
1.160000000000000064e-07
1.199999999999999893e-07
1.480000000000000018e-07
3.040000000000000222e-07
1.892000000000000054e-06
5.999999999999999464e-08
6.400000000000000399e-08
2.119999999999999925e-07
1.960000000000000081e-07
5.999999999999999464e-08
6.400000000000000399e-08
6.800000000000000010e-08
9.200000000000000325e-08
9.599999999999999936e-08
1.160000000000000064e-07
1.199999999999999893e-07
1.439999999999999924e-07
1.720000000000000049e-07
6.400000000000000399e-08
6.400000000000000399e-08
9.200000000000000325e-08
1.376000000000000039e-06
2.720000000000000004e-07
6.400000000000000399e-08
6.400000000000000399e-08
4.080000000000000006e-07
3.800000000000000146e-07
2.280000000000000034e-07
4.040000000000000177e-07
5.999999999999999464e-08
6.400000000000000399e-08
1.887999999999999965e-06
2.239999999999999941e-07
1.280000000000000080e-07
2.519999999999999801e-07
5.999999999999999464e-08
6.400000000000000399e-08
9.200000000000000325e-08
1.199999999999999893e-07
1.439999999999999924e-07
1.520000000000000058e-06
6.400000000000000399e-08
2.759999999999999833e-07
7.120000000000000228e-07
2.399999999999999786e-07
6.840000000000000368e-07
6.400000000000000399e-08
9.200000000000000325e-08
7.519999999999999575e-07
1.204000000000000034e-06
6.400000000000000399e-08
6.800000000000000010e-08
9.200000000000000325e-08
2.639999999999999817e-07
6.400000000000000399e-08
6.400000000000000399e-08
6.400000000000000399e-08
9.200000000000000325e-08
5.999999999999999464e-08
6.400000000000000399e-08
1.319999999999999909e-07
1.400000000000000095e-07
1.439999999999999924e-07
1.720000000000000049e-07
2.720000000000000004e-07
2.519999999999999801e-07
2.160000000000000019e-07
2.440000000000000144e-07
2.519999999999999801e-07
1.363999999999999985e-06
2.252000000000000207e-06
6.039999999999999557e-07
1.024000000000000064e-06
1.999999999999999909e-07
1.012000000000000009e-06
6.400000000000000399e-08
2.040000000000000003e-07
7.840000000000000323e-07
2.999999999999999864e-07
2.519999999999999801e-07
3.599999999999999943e-07
3.080000000000000051e-07
1.331999999999999910e-06
2.599999999999999988e-07
1.576000000000000030e-06
7.519999999999999575e-07
9.999999999999999547e-08
1.040000000000000048e-07
1.080000000000000009e-07
1.119999999999999970e-07
1.160000000000000064e-07
2.239999999999999941e-07
1.080000000000000009e-07
3.280000000000000254e-07
6.439999999999999963e-07
7.999999999999999638e-07
8.040000000000000526e-07
2.560000000000000159e-07
5.759999999999999697e-07
6.400000000000000399e-08
6.800000000000000010e-08
9.200000000000000325e-08
5.199999999999999976e-07
2.280000000000000034e-07
2.720000000000000004e-07
6.400000000000000399e-08
7.199999999999999621e-08
1.955999999999999992e-06
5.999999999999999464e-08
6.400000000000000399e-08
6.800000000000000010e-08
9.200000000000000325e-08
1.199999999999999893e-07
1.480000000000000018e-07
2.680000000000000175e-07
2.720000000000000004e-07
2.280000000000000034e-07
6.400000000000000399e-08
6.800000000000000010e-08
8.799999999999999390e-08
9.200000000000000325e-08
1.160000000000000064e-07
1.199999999999999893e-07
1.439999999999999924e-07
1.720000000000000049e-07
1.452000000000000032e-06
1.320000000000000067e-06
5.999999999999999464e-08
6.400000000000000399e-08
9.200000000000000325e-08
6.199999999999999931e-07
6.400000000000000399e-08
5.080000000000000490e-07
9.599999999999999936e-08
6.400000000000000399e-08
8.199999999999999841e-07
2.639999999999999817e-07
1.264000000000000095e-06
5.999999999999999464e-08
5.759999999999999697e-07
6.400000000000000399e-08
6.800000000000000010e-08
9.200000000000000325e-08
1.827999999999999905e-06
6.400000000000000399e-08
6.800000000000000010e-08
1.480000000000000018e-07
9.640000000000000030e-07
1.012000000000000009e-06
1.679999999999999956e-07
3.691999999999999973e-06
3.695999999999999850e-06
3.704000000000000027e-06
1.199999999999999893e-07
6.800000000000000010e-08
2.560000000000000159e-07
6.400000000000000399e-08
3.599999999999999943e-07
6.400000000000000399e-08
2.519999999999999801e-07
2.560000000000000159e-07
6.400000000000000399e-08
3.800000000000000146e-07
1.160000000000000064e-07
4.599999999999999898e-07
4.640000000000000256e-07
6.400000000000000399e-08
1.080000000000000036e-06
9.200000000000000325e-08
1.188000000000000103e-06
3.564000000000000097e-06
1.804000000000000007e-06
2.040000000000000003e-07
2.320000000000000128e-07
3.040000000000000222e-07
7.679999999999999949e-07
7.719999999999999778e-07
5.999999999999999464e-08
6.400000000000000399e-08
2.160000000000000072e-06
1.799999999999999971e-07
6.400000000000000399e-08
6.400000000000000399e-08
6.800000000000000010e-08
9.200000000000000325e-08
9.599999999999999936e-08
1.199999999999999893e-07
1.239999999999999986e-07
1.480000000000000018e-07
4.599999999999999898e-07
5.719999999999999868e-07
2.680000000000000175e-07
5.999999999999999464e-08
1.319999999999999909e-07
6.400000000000000399e-08
2.759999999999999833e-07
3.040000000000000222e-07
3.080000000000000051e-07
2.440000000000000144e-07
5.999999999999999464e-08
9.599999999999999936e-08
6.400000000000000399e-08
2.920000000000000207e-07
6.400000000000000399e-08
1.319999999999999909e-07
1.168000000000000083e-06
6.400000000000000399e-08
6.400000000000000399e-08
1.044000000000000084e-06
1.047999999999999961e-06
1.052000000000000050e-06
1.055999999999999927e-06
1.720000000000000049e-07
2.160000000000000019e-07
1.759999999999999878e-07
2.239999999999999941e-07
6.400000000000000399e-08
6.320000000000000476e-07
6.400000000000000399e-08
6.800000000000000010e-08
9.200000000000000325e-08
9.599999999999999936e-08
1.199999999999999893e-07
1.480000000000000018e-07
1.999999999999999909e-07
3.080000000000000051e-07
4.840000000000000459e-07
2.840000000000000020e-07
6.400000000000000399e-08
6.800000000000000010e-08
9.200000000000000325e-08
9.599999999999999936e-08
6.400000000000000399e-08
1.720000000000000049e-07
1.960000000000000081e-07
2.160000000000000019e-07
2.691999999999999806e-06
2.280000000000000034e-07
2.519999999999999801e-07
6.800000000000000010e-08
1.207999999999999911e-06
1.212000000000000000e-06
6.400000000000000399e-08
6.400000000000000399e-08
6.400000000000000399e-08
6.400000000000000399e-08
2.560000000000000159e-07
2.680000000000000175e-07
8.400000000000000043e-07
1.743999999999999946e-06
2.200000000000000112e-07
1.664000000000000077e-06
1.600000000000000033e-07
2.280000000000000034e-07
7.519999999999999575e-07
6.400000000000000399e-08
6.800000000000000010e-08
1.239999999999999986e-07
1.280000000000000080e-07
1.799999999999999971e-07
5.719999999999999868e-07
6.400000000000000399e-08
6.799999999999999481e-07
9.479999999999999656e-07
2.320000000000000128e-07
1.239999999999999986e-07
2.560000000000000159e-07
2.840000000000000020e-07
6.400000000000000399e-08
6.800000000000000010e-08
9.999999999999999547e-08
1.199999999999999893e-07
6.400000000000000399e-08
9.599999999999999936e-08
2.280000000000000034e-07
5.999999999999999464e-08
6.400000000000000399e-08
4.520000000000000240e-07
6.400000000000000399e-08
6.800000000000000010e-08
9.200000000000000325e-08
1.199999999999999893e-07
3.359999999999999911e-07
8.360000000000000215e-07
6.239999999999999760e-07
1.432000000000000011e-06
1.636000000000000091e-06
1.639999999999999968e-06
2.200000000000000112e-07
1.728000000000000015e-06
4.280000000000000209e-07
1.396000000000000060e-06
2.080000000000000096e-07
6.400000000000000399e-08
1.799999999999999971e-07
5.999999999999999464e-08
6.400000000000000399e-08
1.647999999999999934e-06
1.816000000000000062e-06
6.400000000000000399e-08
2.200000000000000112e-07
2.239999999999999941e-07
2.200000000000000112e-07
6.400000000000000399e-08
2.479999999999999972e-07
6.400000000000000399e-08
4.119999999999999835e-07
5.999999999999999464e-08
6.400000000000000399e-08
2.759999999999999833e-07
6.400000000000000399e-08
6.800000000000000010e-08
2.879999999999999848e-07
6.400000000000000399e-08
2.399999999999999786e-07
5.999999999999999464e-08
6.400000000000000399e-08
8.439999999999999872e-07
6.400000000000000399e-08
9.200000000000000325e-08
5.120000000000000319e-07
1.040000000000000048e-07
1.080000000000000009e-07
5.200000000000000241e-08
5.599999999999999852e-08
5.999999999999999464e-08
6.400000000000000399e-08
6.800000000000000010e-08
7.199999999999999621e-08
7.600000000000000556e-08
8.799999999999999390e-08
9.200000000000000325e-08
9.599999999999999936e-08
9.999999999999999547e-08
1.040000000000000048e-07
1.160000000000000064e-07
1.199999999999999893e-07
1.239999999999999986e-07
1.280000000000000080e-07
1.400000000000000095e-07
1.439999999999999924e-07
1.480000000000000018e-07
1.520000000000000111e-07
1.679999999999999956e-07
1.720000000000000049e-07
1.759999999999999878e-07
1.799999999999999971e-07
1.999999999999999909e-07
2.040000000000000003e-07
2.080000000000000096e-07
2.200000000000000112e-07
2.239999999999999941e-07
2.280000000000000034e-07
2.320000000000000128e-07
2.359999999999999957e-07
2.479999999999999972e-07
2.519999999999999801e-07
2.560000000000000159e-07
2.599999999999999988e-07
2.680000000000000175e-07
2.800000000000000191e-07
2.840000000000000020e-07
2.879999999999999848e-07
2.999999999999999864e-07
3.040000000000000222e-07
3.080000000000000051e-07
3.119999999999999880e-07
3.280000000000000254e-07
3.320000000000000083e-07
3.399999999999999740e-07
3.560000000000000114e-07
3.599999999999999943e-07
3.719999999999999959e-07
4.080000000000000006e-07
5.999999999999999728e-07
6.279999999999999589e-07
1.487999999999999983e-06
1.616000000000000071e-06
1.720000000000000049e-07
6.400000000000000399e-08
6.800000000000000010e-08
7.199999999999999621e-08
9.200000000000000325e-08
9.599999999999999936e-08
1.199999999999999893e-07
1.239999999999999986e-07
1.439999999999999924e-07
1.759999999999999878e-07
4.080000000000000006e-07
5.999999999999999464e-08
6.400000000000000399e-08
8.799999999999999390e-08
9.200000000000000325e-08
1.160000000000000064e-07
1.199999999999999893e-07
1.439999999999999924e-07
1.960000000000000081e-07
1.999999999999999909e-07
6.400000000000000399e-08
6.800000000000000010e-08
9.200000000000000325e-08
1.199999999999999893e-07
3.239999999999999896e-06
2.160000000000000019e-07
6.400000000000000399e-08
5.999999999999999464e-08
9.200000000000000325e-08
1.199999999999999893e-07
6.400000000000000399e-08
9.599999999999999936e-08
1.160000000000000064e-07
1.480000000000000018e-07
6.800000000000000010e-08
5.999999999999999464e-08
6.400000000000000399e-08
6.800000000000000010e-08
5.999999999999999464e-08
6.400000000000000399e-08
8.799999999999999390e-08
9.200000000000000325e-08
2.519999999999999801e-07
2.119999999999999925e-07
8.800000000000000449e-07
6.679999999999999994e-07
1.396000000000000060e-06
3.680000000000000130e-07
2.399999999999999786e-07
5.479999999999999837e-07
2.599999999999999988e-07
6.400000000000000399e-08
1.295999999999999958e-06
6.400000000000000399e-08
6.800000000000000010e-08
2.239999999999999941e-07
2.239999999999999941e-07
3.080000000000000051e-07
6.800000000000000010e-08
6.400000000000000399e-08
7.039999999999999512e-07
1.199999999999999893e-07
6.400000000000000399e-08
6.800000000000000010e-08
8.799999999999999390e-08
9.200000000000000325e-08
9.599999999999999936e-08
1.199999999999999893e-07
1.480000000000000018e-07
6.400000000000000399e-08
1.019999999999999975e-06
2.800000000000000191e-07
3.359999999999999911e-07
2.239999999999999941e-07
2.479999999999999972e-07
1.400000000000000095e-07
2.200000000000000112e-07
9.320000000000000341e-07
3.560000000000000114e-07
4.040000000000000177e-07
2.999999999999999864e-07
6.400000000000000399e-08
2.239999999999999941e-07
2.280000000000000034e-07
6.400000000000000399e-08
9.200000000000000325e-08
1.960000000000000081e-07
6.400000000000000399e-08
6.400000000000000399e-08
2.479999999999999972e-07
2.479999999999999972e-07
2.440000000000000144e-07
5.239999999999999805e-07
3.160000000000000238e-07
1.199999999999999893e-07
3.040000000000000222e-07
6.400000000000000399e-08
6.800000000000000010e-08
9.200000000000000325e-08
6.400000000000000399e-08
6.400000000000000399e-08
6.800000000000000010e-08
5.600000000000000382e-07
5.999999999999999728e-07
3.320000000000000083e-07
2.239999999999999941e-07
2.320000000000000128e-07
6.800000000000000010e-08
6.400000000000000399e-08
9.200000000000000325e-08
1.075999999999999947e-06
1.300000000000000047e-06
6.800000000000000010e-08
2.639999999999999817e-07
1.712000000000000083e-06
1.715999999999999960e-06
1.176000000000000048e-06
5.999999999999999464e-08
1.131999999999999919e-06
3.040000000000000222e-07
1.384000000000000005e-06
4.359999999999999866e-07
4.400000000000000224e-07
1.360000000000000002e-07
6.400000000000000399e-08
6.800000000000000010e-08
9.200000000000000325e-08
5.999999999999999464e-08
9.599999999999999936e-08
3.280000000000000254e-07
1.636000000000000091e-06
1.639999999999999968e-06
2.239999999999999941e-07
1.199999999999999893e-07
9.560000000000000372e-07
6.400000000000000399e-08
1.840000000000000065e-07
6.840000000000000368e-07
6.400000000000000399e-08
1.667999999999999954e-06
2.280000000000000034e-07
6.400000000000000399e-08
2.148000000000000017e-06
5.999999999999999464e-08
2.024000000000000019e-06
9.999999999999999547e-08
6.800000000000000010e-08
1.340000000000000088e-06
1.280000000000000080e-07
6.120000000000000274e-07
1.427999999999999923e-06
1.879999999999999894e-07
5.999999999999999464e-08
2.720000000000000004e-07
3.839999999999999974e-07
2.104000000000000100e-06
6.400000000000000399e-08
1.207999999999999911e-06
6.400000000000000399e-08
6.400000000000000399e-08
6.400000000000000399e-08
2.399999999999999786e-07
6.400000000000000399e-08
3.040000000000000222e-07
5.199999999999999976e-07
6.800000000000000010e-08
9.200000000000000325e-08
6.400000000000000399e-08
6.439999999999999963e-07
2.015999999999999841e-06
5.999999999999999464e-08
6.400000000000000399e-08
2.720000000000000004e-07
1.703999999999999906e-06
2.216000000000000044e-06
6.400000000000000399e-08
1.032000000000000030e-06
6.400000000000000399e-08
6.800000000000000010e-08
9.599999999999999936e-08
1.199999999999999893e-07
1.480000000000000018e-07
1.720000000000000049e-07
7.199999999999999886e-07
2.040000000000000003e-07
6.400000000000000399e-08
6.800000000000000010e-08
2.163999999999999949e-06
7.199999999999999621e-08
2.759999999999999833e-07
2.179999999999999880e-06
3.080000000000000051e-07
6.400000000000000399e-08
1.695999999999999940e-06
1.035999999999999907e-06
8.400000000000000043e-07
1.080000000000000009e-07
2.840000000000000020e-07
6.400000000000000399e-08
6.800000000000000010e-08
2.900000000000000186e-06
2.479999999999999972e-07
6.800000000000000010e-08
4.916000000000000027e-06
5.999999999999999464e-08
2.879999999999999848e-07
1.960000000000000081e-07
3.519999999999999756e-07
6.840000000000000368e-07
6.400000000000000399e-08
2.343999999999999919e-06
6.400000000000000399e-08
6.800000000000000010e-08
9.599999999999999936e-08
1.999999999999999909e-07
1.280000000000000080e-07
1.559999999999999940e-07
2.040000000000000003e-07
1.720000000000000049e-07
1.960000000000000081e-07
2.560000000000000159e-07
1.528000000000000024e-06
3.160000000000000238e-07
5.999999999999999464e-08
1.340000000000000088e-06
2.320000000000000128e-07
1.120000000000000076e-06
6.800000000000000010e-08
2.560000000000000159e-07
1.992000000000000155e-06
2.519999999999999801e-07
7.640000000000000120e-07
7.679999999999999949e-07
7.719999999999999778e-07
7.759999999999999606e-07
3.688000000000000096e-06
3.691999999999999973e-06
1.756000000000000001e-06
6.400000000000000399e-08
6.800000000000000010e-08
9.200000000000000325e-08
9.599999999999999936e-08
1.199999999999999893e-07
1.439999999999999924e-07
1.480000000000000018e-07
1.720000000000000049e-07
1.759999999999999878e-07
3.080000000000000051e-07
6.080000000000000445e-07
2.560000000000000159e-07
2.315999999999999933e-06
2.560000000000000159e-07
1.039999999999999995e-06
1.044000000000000084e-06
1.047999999999999961e-06
1.052000000000000050e-06
1.055999999999999927e-06
1.783999999999999987e-06
6.400000000000000399e-08
6.400000000000000399e-08
6.400000000000000399e-08
8.799999999999999390e-08
9.200000000000000325e-08
1.160000000000000064e-07
1.439999999999999924e-07
2.160000000000000019e-07
3.040000000000000222e-07
6.400000000000000399e-08
1.588000000000000085e-06
2.399999999999999786e-07
6.400000000000000399e-08
5.959999999999999900e-07
1.799999999999999971e-07
3.403999999999999935e-06
1.600000000000000033e-07
6.400000000000000399e-08
6.800000000000000010e-08
9.599999999999999936e-08
1.508000000000000004e-06
5.844000000000000290e-06
5.847999999999999744e-06
1.720000000000000049e-06
6.400000000000000399e-08
6.400000000000000399e-08
5.999999999999999464e-08
1.619999999999999948e-06
1.712000000000000083e-06
2.920000000000000207e-07
9.040000000000000480e-07
2.239999999999999941e-07
3.040000000000000222e-07
6.400000000000000399e-08
6.400000000000000399e-08
2.479999999999999972e-07
6.400000000000000399e-08
1.576000000000000030e-06
4.040000000000000177e-07
6.400000000000000399e-08
1.560000000000000099e-06
1.563999999999999976e-06
1.568000000000000065e-06
1.571999999999999942e-06
6.400000000000000399e-08
1.912000000000000074e-06
9.200000000000000325e-08
1.148000000000000062e-06
6.400000000000000399e-08
6.800000000000000010e-08
9.200000000000000325e-08
9.599999999999999936e-08
1.199999999999999893e-07
1.439999999999999924e-07
4.920000000000000116e-07
1.379999999999999916e-06
1.319999999999999909e-07
1.360000000000000002e-07
6.400000000000000399e-08
2.800000000000000191e-07
6.800000000000000010e-08
1.616000000000000071e-06
1.619999999999999948e-06
1.624000000000000037e-06
1.627999999999999914e-06
1.632000000000000002e-06
1.636000000000000091e-06
1.644000000000000057e-06
1.652000000000000023e-06
1.655999999999999900e-06
1.680000000000000009e-06
1.684000000000000097e-06
1.707999999999999995e-06
1.759999999999999878e-07
6.400000000000000399e-08
1.204000000000000034e-06
2.680000000000000175e-07
6.800000000000000010e-08
9.599999999999999936e-08
5.519999999999999666e-07
2.599999999999999988e-07
1.859999999999999979e-06
1.864000000000000068e-06
1.867999999999999945e-06
1.872000000000000034e-06
1.875999999999999911e-06
6.400000000000000399e-08
6.800000000000000010e-08
9.200000000000000325e-08
9.599999999999999936e-08
1.199999999999999893e-07
1.720000000000000049e-07
1.759999999999999878e-07
2.359999999999999957e-07
7.439999999999999917e-07
1.720000000000000049e-07
3.599999999999999943e-07
1.287999999999999993e-06
6.400000000000000399e-08
1.360000000000000002e-07
1.323999999999999944e-06
6.400000000000000399e-08
1.308000000000000013e-06
1.996000000000000032e-06
4.959999999999999945e-07
1.399999999999999937e-06
9.200000000000000325e-08
9.599999999999999936e-08
2.120000000000000031e-06
3.080000000000000051e-07
1.239999999999999986e-07
5.999999999999999464e-08
2.239999999999999941e-07
2.268000000000000139e-06
1.960000000000000081e-07
1.560000000000000099e-06
2.479999999999999972e-07
3.040000000000000222e-07
1.464000000000000086e-06
4.440000000000000053e-07
1.123999999999999953e-06
6.400000000000000399e-08
7.919999999999999980e-07
6.400000000000000399e-08
6.800000000000000010e-08
8.320000000000000386e-07
5.999999999999999464e-08
1.128000000000000042e-06
6.400000000000000399e-08
1.847999999999999925e-06
2.244000000000000030e-06
6.400000000000000399e-08
1.075999999999999947e-06
6.400000000000000399e-08
6.400000000000000399e-08
6.800000000000000010e-08
9.200000000000000325e-08
1.199999999999999893e-07
3.040000000000000222e-07
1.224000000000000055e-06
6.400000000000000399e-08
6.800000000000000010e-08
9.200000000000000325e-08
1.439999999999999924e-07
2.680000000000000175e-07
5.279999999999999634e-07
2.359999999999999957e-07
2.399999999999999786e-07
6.400000000000000399e-08
2.040000000000000003e-07
1.308000000000000013e-06
5.999999999999999464e-08
6.400000000000000399e-08
8.120000000000000183e-07
6.400000000000000399e-08
6.800000000000000010e-08
8.799999999999999390e-08
9.200000000000000325e-08
1.160000000000000064e-07
1.199999999999999893e-07
1.439999999999999924e-07
1.599999999999999928e-06
6.800000000000000010e-08
9.200000000000000325e-08
2.200000000000000112e-07
1.391999999999999971e-06
2.999999999999999864e-07
8.840000000000000278e-07
6.360000000000000305e-07
1.523999999999999935e-06
1.999999999999999909e-07
2.040000000000000003e-07
8.719999999999999732e-07
1.283999999999999904e-06
5.999999999999999464e-08
1.160000000000000064e-07
2.160000000000000019e-07
2.200000000000000112e-07
6.400000000000000399e-08
5.999999999999999464e-08
2.239999999999999941e-07
2.479999999999999972e-07
6.400000000000000399e-08
8.560000000000000417e-07
2.519999999999999801e-07
1.915999999999999951e-06
6.400000000000000399e-08
1.419999999999999957e-06
1.919999999999999987e-07
8.320000000000000386e-07
1.247999999999999952e-06
6.400000000000000399e-08
6.800000000000000010e-08
4.840000000000000459e-07
2.599999999999999988e-07
9.599999999999999936e-08
6.800000000000000010e-08
6.400000000000000399e-08
3.160000000000000238e-07
3.080000000000000051e-07
6.400000000000000399e-08
5.999999999999999464e-08
6.999999999999999683e-07
2.239999999999999941e-07
5.160000000000000148e-07
2.308000000000000179e-06
5.999999999999999464e-08
6.400000000000000399e-08
6.800000000000000010e-08
5.999999999999999464e-08
2.160000000000000019e-07
2.560000000000000159e-07
1.728000000000000015e-06
1.960000000000000081e-07
6.400000000000000399e-08
6.800000000000000010e-08
7.199999999999999621e-08
9.200000000000000325e-08
9.599999999999999936e-08
1.199999999999999893e-07
1.239999999999999986e-07
1.480000000000000018e-07
1.759999999999999878e-07
3.560000000000000114e-07
5.999999999999999464e-08
6.400000000000000399e-08
1.919999999999999987e-07
1.960000000000000081e-07
1.483999999999999895e-06
1.487999999999999983e-06
1.492000000000000072e-06
1.495999999999999949e-06
1.740000000000000069e-06
1.960000000000000081e-07
6.160000000000000102e-07
9.120000000000000138e-07
6.160000000000000102e-07
1.224000000000000055e-06
1.227999999999999932e-06
1.232000000000000020e-06
1.235999999999999897e-06
1.239999999999999986e-06
2.280000000000000034e-07
2.160000000000000019e-07
6.400000000000000399e-08
1.252000000000000041e-06
6.160000000000000102e-07
2.440000000000000144e-07
6.800000000000000010e-08
6.400000000000000399e-08
6.400000000000000399e-08
5.959999999999999900e-07
3.839999999999999974e-07
2.200000000000000112e-07
5.999999999999999464e-08
2.239999999999999941e-07
7.640000000000000120e-07
6.800000000000000010e-08
1.999999999999999909e-07
1.191999999999999980e-06
3.040000000000000222e-07
2.320000000000000128e-07
6.800000000000000010e-08
9.599999999999999936e-08
1.596000000000000051e-06
5.999999999999999464e-08
2.399999999999999786e-07
1.591999999999999962e-06
2.191999999999999935e-06
6.400000000000000399e-08
1.887999999999999965e-06
2.639999999999999817e-07
3.359999999999999911e-07
2.280000000000000034e-07
2.359999999999999957e-07
6.400000000000000399e-08
6.400000000000000399e-08
9.200000000000000325e-08
1.160000000000000064e-07
6.400000000000000399e-08
9.200000000000000325e-08
2.519999999999999801e-07
6.400000000000000399e-08
6.400000000000000399e-08
7.400000000000000089e-07
6.999999999999999683e-07
1.239999999999999986e-07
1.280000000000000080e-07
1.799999999999999971e-07
5.999999999999999464e-08
6.400000000000000399e-08
5.999999999999999464e-08
9.640000000000000030e-07
1.987999999999999855e-06
1.360000000000000002e-07
1.239999999999999986e-07
2.759999999999999833e-07
6.400000000000000399e-08
4.599999999999999898e-07
1.647999999999999934e-06
2.560000000000000159e-07
1.684000000000000097e-06
6.400000000000000399e-08
5.999999999999999464e-08
6.400000000000000399e-08
8.799999999999999390e-08
9.200000000000000325e-08
1.160000000000000064e-07
1.439999999999999924e-07
3.560000000000000114e-07
6.400000000000000399e-08
6.800000000000000010e-08
7.199999999999999621e-08
9.200000000000000325e-08
9.599999999999999936e-08
9.999999999999999547e-08
1.199999999999999893e-07
1.239999999999999986e-07
1.480000000000000018e-07
1.520000000000000111e-07
1.799999999999999971e-07
1.999999999999999909e-07
2.040000000000000003e-07
2.280000000000000034e-07
9.080000000000000309e-07
5.999999999999999464e-08
6.400000000000000399e-08
9.200000000000000325e-08
1.199999999999999893e-07
4.599999999999999898e-07
1.439999999999999924e-07
4.959999999999999945e-07
6.400000000000000399e-08
5.999999999999999464e-08
2.879999999999999848e-07
2.160000000000000019e-07
6.311999999999999875e-06
6.316000000000000176e-06
6.319999999999999629e-06
6.323999999999999930e-06
6.331999999999999684e-06
6.343999999999999738e-06
5.999999999999999464e-08
6.400000000000000399e-08
1.319999999999999909e-07
5.200000000000000241e-08
5.999999999999999464e-08
6.400000000000000399e-08
6.800000000000000010e-08
7.199999999999999621e-08
8.799999999999999390e-08
9.200000000000000325e-08
9.599999999999999936e-08
1.160000000000000064e-07
1.199999999999999893e-07
1.239999999999999986e-07
1.360000000000000002e-07
1.400000000000000095e-07
1.439999999999999924e-07
1.480000000000000018e-07
1.679999999999999956e-07
1.759999999999999878e-07
1.960000000000000081e-07
1.999999999999999909e-07
2.239999999999999941e-07
2.280000000000000034e-07
2.320000000000000128e-07
2.399999999999999786e-07
2.440000000000000144e-07
2.519999999999999801e-07
2.800000000000000191e-07
4.119999999999999835e-07
5.039999999999999603e-07
7.840000000000000323e-07
1.095999999999999967e-06
1.343999999999999965e-06
2.083999999999999868e-06
6.400000000000000399e-08
7.519999999999999575e-07
1.687999999999999974e-06
1.184000000000000014e-06
1.188000000000000103e-06
1.191999999999999980e-06
1.196000000000000069e-06
1.199999999999999946e-06
2.440000000000000144e-07
5.759999999999999697e-07
5.320000000000000522e-07
2.163999999999999949e-06
6.400000000000000399e-08
6.800000000000000010e-08
9.200000000000000325e-08
9.599999999999999936e-08
1.199999999999999893e-07
1.239999999999999986e-07
1.439999999999999924e-07
1.480000000000000018e-07
2.320000000000000128e-07
2.800000000000000191e-07
1.799999999999999971e-07
8.320000000000000386e-07
7.600000000000000291e-07
7.199999999999999886e-07
6.400000000000000399e-08
1.960000000000000081e-07
9.200000000000000325e-08
9.599999999999999936e-08
9.999999999999999547e-08
1.040000000000000048e-07
2.479999999999999972e-07
6.160000000000000102e-07
2.479999999999999972e-07
5.999999999999999464e-08
6.400000000000000399e-08
6.800000000000000010e-08
9.200000000000000325e-08
9.599999999999999936e-08
1.199999999999999893e-07
1.239999999999999986e-07
1.439999999999999924e-07
1.480000000000000018e-07
5.479999999999999837e-07
2.639999999999999817e-07
6.400000000000000399e-08
8.799999999999999390e-08
9.200000000000000325e-08
9.159999999999999967e-07
5.440000000000000008e-07
6.400000000000000399e-08
6.800000000000000010e-08
9.200000000000000325e-08
9.599999999999999936e-08
1.199999999999999893e-07
1.759999999999999878e-07
2.960000000000000035e-07
1.160000000000000064e-07
1.199999999999999893e-07
6.400000000000000399e-08
6.400000000000000399e-08
6.400000000000000399e-08
9.200000000000000325e-08
2.560000000000000159e-07
1.664000000000000077e-06
6.400000000000000399e-08
2.960000000000000035e-07
1.548000000000000044e-06
6.400000000000000399e-08
4.196000000000000145e-06
2.720000000000000004e-07
3.960000000000000202e-06
3.963999999999999655e-06
3.967999999999999956e-06
3.972000000000000256e-06
2.560000000000000159e-07
1.191999999999999980e-06
2.119999999999999925e-07
2.440000000000000144e-07
2.239999999999999941e-07
3.040000000000000222e-07
1.171999999999999960e-06
5.999999999999999464e-08
3.239999999999999896e-07
1.799999999999999971e-07
6.800000000000000010e-08
2.239999999999999941e-07
6.400000000000000399e-08
6.800000000000000010e-08
9.200000000000000325e-08
1.160000000000000064e-07
1.199999999999999893e-07
1.439999999999999924e-07
2.800000000000000191e-07
6.400000000000000399e-08
2.599999999999999988e-07
4.080000000000000006e-07
6.400000000000000399e-08
6.800000000000000010e-08
1.703999999999999906e-06
1.707999999999999995e-06
1.712000000000000083e-06
1.715999999999999960e-06
1.723999999999999926e-06
1.735999999999999981e-06
1.743999999999999946e-06
9.599999999999999936e-08
9.999999999999999547e-08
3.680000000000000130e-07
3.560000000000000114e-07
1.879999999999999894e-07
3.639999999999999772e-07
6.400000000000000399e-08
2.639999999999999817e-07
2.519999999999999801e-07
6.800000000000000010e-08
2.999999999999999864e-07
3.040000000000000222e-07
5.999999999999999464e-08
6.400000000000000399e-08
6.800000000000000010e-08
7.199999999999999621e-08
8.799999999999999390e-08
9.200000000000000325e-08
9.599999999999999936e-08
1.160000000000000064e-07
1.199999999999999893e-07
1.439999999999999924e-07
1.480000000000000018e-07
1.720000000000000049e-07
1.759999999999999878e-07
1.960000000000000081e-07
1.131999999999999919e-06
1.467999999999999963e-06
4.471999999999999704e-06
4.476000000000000005e-06
4.480000000000000305e-06
4.483999999999999759e-06
4.488000000000000059e-06
4.495999999999999813e-06
4.507999999999999868e-06
1.024000000000000064e-06
4.200000000000000022e-07
1.632000000000000002e-06
2.119999999999999925e-07
5.999999999999999464e-08
6.400000000000000399e-08
6.800000000000000010e-08
9.200000000000000325e-08
1.160000000000000064e-07
1.199999999999999893e-07
2.720000000000000004e-07
5.999999999999999464e-08
9.640000000000000030e-07
6.400000000000000399e-08
6.400000000000000399e-08
9.200000000000000325e-08
2.759999999999999833e-07
3.200000000000000067e-07
2.200000000000000112e-07
5.999999999999999464e-08
9.159999999999999967e-07
2.519999999999999801e-07
2.160000000000000019e-07
1.360000000000000002e-07
5.600000000000000382e-07
5.999999999999999464e-08
1.523999999999999935e-06
9.200000000000000325e-08
6.400000000000000399e-08
3.399999999999999740e-07
6.800000000000000010e-08
1.799999999999999971e-07
3.959999999999999990e-07
5.999999999999999464e-08
6.400000000000000399e-08
6.800000000000000010e-08
9.200000000000000325e-08
1.199999999999999893e-07
6.400000000000000399e-08
1.480000000000000018e-07
6.400000000000000399e-08
2.280000000000000034e-07
3.599999999999999943e-07
1.436000000000000100e-06
1.227999999999999932e-06
2.280000000000000034e-07
2.439999999999999932e-06
6.400000000000000399e-08
2.040000000000000003e-07
3.280000000000000254e-07
2.119999999999999925e-07
3.879999999999999803e-07
6.800000000000000010e-08
9.599999999999999936e-08
6.799999999999999481e-07
6.400000000000000399e-08
9.200000000000000325e-08
1.199999999999999893e-07
2.280000000000000034e-07
6.400000000000000399e-08
6.800000000000000010e-08
8.799999999999999390e-08
9.200000000000000325e-08
1.160000000000000064e-07
1.199999999999999893e-07
1.439999999999999924e-07
1.720000000000000049e-07
6.400000000000000399e-08
2.239999999999999941e-07
6.400000000000000399e-08
5.120000000000000319e-07
2.560000000000000159e-07
5.999999999999999464e-08
1.295999999999999958e-06
2.099999999999999799e-06
6.400000000000000134e-07
6.439999999999999963e-07
6.479999999999999791e-07
6.519999999999999620e-07
6.560000000000000508e-07
6.600000000000000337e-07
6.640000000000000165e-07
6.759999999999999652e-07
6.799999999999999481e-07
6.840000000000000368e-07
7.039999999999999512e-07
7.080000000000000400e-07
7.120000000000000228e-07
7.320000000000000431e-07
7.360000000000000260e-07
7.600000000000000291e-07
7.640000000000000120e-07
7.840000000000000323e-07
7.880000000000000152e-07
8.120000000000000183e-07
8.160000000000000012e-07
8.360000000000000215e-07
8.400000000000000043e-07
8.679999999999999904e-07
8.959999999999999764e-07
1.903999999999999897e-06
2.275999999999999893e-06
2.239999999999999941e-07
6.400000000000000399e-08
2.200000000000000112e-07
1.227999999999999932e-06
2.280000000000000034e-07
2.460000000000000164e-06
1.319999999999999909e-07
2.599999999999999988e-07
1.319999999999999909e-07
6.400000000000000399e-08
6.400000000000000399e-08
6.400000000000000399e-08
6.800000000000000010e-08
9.200000000000000325e-08
1.199999999999999893e-07
1.840000000000000065e-07
8.600000000000000246e-07
5.999999999999999464e-08
1.679999999999999956e-07
7.400000000000000089e-07
4.759999999999999742e-07
6.400000000000000399e-08
6.800000000000000010e-08
9.200000000000000325e-08
1.199999999999999893e-07
1.239999999999999986e-06
1.627999999999999914e-06
6.400000000000000399e-08
5.999999999999999464e-08
1.659999999999999988e-06
1.123999999999999953e-06
9.439999999999999827e-07
6.400000000000000399e-08
2.320000000000000128e-07
2.239999999999999941e-07
6.400000000000000399e-08
6.400000000000000399e-08
1.840000000000000065e-07
1.960000000000000081e-07
2.720000000000000004e-07
7.919999999999999980e-07
4.479999999999999882e-07
2.320000000000000128e-07
1.359999999999999896e-06
1.879999999999999894e-07
1.160000000000000064e-07
6.400000000000000399e-08
2.160000000000000019e-07
2.376000000000000206e-06
7.160000000000000057e-07
1.879999999999999894e-07
3.560000000000000114e-07
6.800000000000000010e-08
6.400000000000000399e-08
6.519999999999999620e-07
1.040000000000000048e-07
2.280000000000000034e-07
9.239999999999999624e-07
6.400000000000000399e-08
1.400000000000000095e-07
8.800000000000000449e-07
6.400000000000000399e-08
1.964000000000000169e-06
6.400000000000000399e-08
1.791999999999999953e-06
6.400000000000000399e-08
9.200000000000000325e-08
6.400000000000000399e-08
2.040000000000000003e-07
2.200000000000000112e-07
1.280000000000000080e-07
2.239999999999999941e-07
2.759999999999999833e-07
4.440000000000000053e-07
6.400000000000000399e-08
9.200000000000000325e-08
1.439999999999999924e-07
1.267999999999999972e-06
1.624000000000000037e-06
6.160000000000000102e-07
6.199999999999999931e-07
6.239999999999999760e-07
6.279999999999999589e-07
6.400000000000000399e-08
6.800000000000000010e-08
8.799999999999999390e-08
9.200000000000000325e-08
1.199999999999999893e-07
1.239999999999999986e-07
1.480000000000000018e-07
1.879999999999999894e-07
1.239999999999999986e-07
1.280000000000000080e-07
3.759999999999999788e-07
3.424000000000000167e-06
3.428000000000000044e-06
3.431999999999999921e-06
3.435999999999999798e-06
3.440000000000000098e-06
3.443999999999999975e-06
1.320000000000000067e-06
4.440000000000000053e-07
9.200000000000000325e-08
1.919999999999999987e-07
1.960000000000000081e-07
5.120000000000000319e-07
3.040000000000000222e-07
1.115999999999999988e-06
3.200000000000000067e-07
6.400000000000000399e-08
2.671999999999999998e-06
6.400000000000000399e-08
6.400000000000000399e-08
2.359999999999999957e-07
2.759999999999999833e-07
6.999999999999999683e-07
2.399999999999999786e-07
6.400000000000000399e-08
6.800000000000000010e-08
1.999999999999999909e-07
2.319999999999999810e-06
6.479999999999999791e-07
1.771999999999999933e-06
6.400000000000000399e-08
1.999999999999999909e-07
2.040000000000000003e-07
1.827999999999999905e-06
1.831999999999999993e-06
1.836000000000000082e-06
1.839999999999999959e-06
1.844000000000000048e-06
2.359999999999999957e-07
2.216000000000000044e-06
6.400000000000000399e-08
2.479999999999999972e-07
1.024000000000000064e-06
6.400000000000000399e-08
9.799999999999999345e-07
1.579999999999999907e-06
5.279999999999999634e-07
2.119999999999999925e-07
6.400000000000000399e-08
1.199999999999999893e-07
6.400000000000000399e-08
6.400000000000000399e-08
6.800000000000000010e-08
7.199999999999999621e-08
9.200000000000000325e-08
9.599999999999999936e-08
1.199999999999999893e-07
1.239999999999999986e-07
1.480000000000000018e-07
1.759999999999999878e-07
2.359999999999999957e-07
2.560000000000000159e-07
6.400000000000000399e-08
2.200000000000000112e-07
9.200000000000000325e-08
8.320000000000000386e-07
7.120000000000000228e-07
4.119999999999999835e-07
6.800000000000000010e-08
6.800000000000000010e-08
2.560000000000000159e-07
5.999999999999999464e-08
1.052000000000000050e-06
6.400000000000000399e-08
6.800000000000000010e-08
9.200000000000000325e-08
9.599999999999999936e-08
1.199999999999999893e-07
1.480000000000000018e-07
1.759999999999999878e-07
2.800000000000000191e-07
3.599999999999999943e-07
2.479999999999999972e-07
2.519999999999999801e-07
6.400000000000000399e-08
6.400000000000000399e-08
8.040000000000000526e-07
6.400000000000000399e-08
8.360000000000000215e-07
7.160000000000000057e-07
5.999999999999999464e-08
3.759999999999999788e-07
6.400000000000000399e-08
6.400000000000000399e-08
1.120000000000000076e-06
6.400000000000000399e-08
7.400000000000000089e-07
5.999999999999999464e-08
7.039999999999999512e-07
1.759999999999999878e-07
6.800000000000000010e-08
4.320000000000000037e-07
5.999999999999999464e-08
6.400000000000000399e-08
9.200000000000000325e-08
1.439999999999999977e-06
6.800000000000000010e-08
9.599999999999999936e-08
6.400000000000000399e-08
6.800000000000000010e-08
7.199999999999999621e-08
9.200000000000000325e-08
9.599999999999999936e-08
1.160000000000000064e-07
1.199999999999999893e-07
1.439999999999999924e-07
1.480000000000000018e-07
1.999999999999999909e-07
6.400000000000000399e-08
2.239999999999999941e-07
6.400000000000000399e-08
9.200000000000000325e-08
1.199999999999999893e-07
2.519999999999999801e-07
3.080000000000000051e-07
2.320000000000000128e-07
6.800000000000000010e-08
9.200000000000000325e-08
9.599999999999999936e-08
1.199999999999999893e-07
6.800000000000000010e-08
9.599999999999999936e-08
6.400000000000000399e-08
6.400000000000000399e-08
1.559999999999999940e-07
1.600000000000000033e-07
1.640000000000000127e-07
1.679999999999999956e-07
1.720000000000000049e-07
1.879999999999999894e-07
1.960000000000000081e-07
2.160000000000000019e-07
2.800000000000000191e-07
6.400000000000000399e-08
6.400000000000000399e-08
5.080000000000000490e-07
5.999999999999999464e-08
4.119999999999999835e-07
2.920000000000000207e-07
2.800000000000000191e-07
6.400000000000000399e-08
1.119999999999999970e-07
3.479999999999999927e-07
1.960000000000000081e-07
1.999999999999999909e-07
6.800000000000000010e-08
1.583999999999999996e-06
1.836000000000000082e-06
5.999999999999999464e-08
1.004000000000000044e-06
9.640000000000000030e-07
6.400000000000000399e-08
8.400000000000000043e-07
6.400000000000000399e-08
6.400000000000000399e-08
6.400000000000000399e-08
1.159999999999999905e-06
6.400000000000000399e-08
5.599999999999999852e-08
6.400000000000000399e-08
6.800000000000000010e-08
9.200000000000000325e-08
9.599999999999999936e-08
2.800000000000000191e-07
3.599999999999999943e-07
3.639999999999999772e-07
3.680000000000000130e-07
3.719999999999999959e-07
3.759999999999999788e-07
3.839999999999999974e-07
3.920000000000000161e-07
3.999999999999999819e-07
5.279999999999999634e-07
5.999999999999999464e-08
7.400000000000000089e-07
9.519999999999999484e-07
6.400000000000000399e-08
6.800000000000000010e-08
9.200000000000000325e-08
2.399999999999999786e-07
6.400000000000000399e-08
1.280000000000000080e-07
2.160000000000000019e-07
2.519999999999999801e-07
6.400000000000000399e-08
1.160000000000000064e-07
1.199999999999999893e-07
2.200000000000000112e-07
2.999999999999999864e-07
1.312000000000000102e-06
3.103999999999999843e-06
6.400000000000000399e-08
5.999999999999999728e-07
6.039999999999999557e-07
1.004000000000000044e-06
5.811999999999999580e-06
5.815999999999999881e-06
9.200000000000000325e-08
6.680000000000000418e-06
1.464000000000000086e-06
3.399999999999999740e-07
3.599999999999999943e-07
3.920000000000000161e-07
1.763999999999999967e-06
6.400000000000000399e-08
2.960000000000000035e-07
1.416000000000000080e-06
6.400000000000000399e-08
1.919999999999999987e-07
2.359999999999999957e-07
2.359999999999999957e-07
1.300000000000000047e-06
2.239999999999999941e-07
6.400000000000000399e-08
2.479999999999999972e-07
1.799999999999999971e-07
6.400000000000000399e-08
8.360000000000000215e-07
2.119999999999999925e-07
2.160000000000000019e-07
2.359999999999999957e-07
1.319999999999999909e-07
6.400000000000000399e-08
6.400000000000000399e-08
5.715999999999999991e-06
5.720000000000000292e-06
5.723999999999999745e-06
5.728000000000000046e-06
5.732000000000000346e-06
5.740000000000000100e-06
5.752000000000000155e-06
5.759999999999999909e-06
5.779999999999999717e-06
5.976000000000000043e-06
6.400000000000000399e-08
9.200000000000000325e-08
1.160000000000000064e-07
7.919999999999999980e-07
1.292000000000000081e-06
5.999999999999999728e-07
6.039999999999999557e-07
6.080000000000000445e-07
6.120000000000000274e-07
4.520000000000000240e-07
1.520000000000000058e-06
3.040000000000000222e-07
2.448000000000000109e-06
6.400000000000000399e-08
5.759999999999999697e-07
9.840000000000000232e-07
6.400000000000000399e-08
6.400000000000000399e-08
6.800000000000000010e-08
7.199999999999999621e-08
9.200000000000000325e-08
9.599999999999999936e-08
1.199999999999999893e-07
1.239999999999999986e-07
1.480000000000000018e-07
1.520000000000000111e-07
1.720000000000000049e-07
1.759999999999999878e-07
1.999999999999999909e-07
2.280000000000000034e-07
3.560000000000000114e-07
7.400000000000000089e-07
2.280000000000000034e-07
2.200000000000000112e-07
1.799999999999999971e-07
4.976000000000000300e-06
4.979999999999999753e-06
4.984000000000000054e-06
4.988000000000000355e-06
4.991999999999999808e-06
5.011999999999999616e-06
2.680000000000000175e-07
6.560000000000000508e-07
2.479999999999999972e-07
5.640000000000000211e-07
2.800000000000000191e-07
2.800000000000000191e-07
4.920000000000000116e-07
6.400000000000000399e-08
6.400000000000000399e-08
2.239999999999999941e-07
6.400000000000000399e-08
9.200000000000000325e-08
1.199999999999999893e-07
2.160000000000000019e-07
2.200000000000000112e-07
1.264000000000000095e-06
6.400000000000000399e-08
9.200000000000000325e-08
1.160000000000000064e-07
2.291999999999999824e-06
5.999999999999999464e-08
6.400000000000000399e-08
8.799999999999999390e-08
9.200000000000000325e-08
1.799999999999999919e-06
2.239999999999999941e-07
2.840000000000000020e-07
3.599999999999999943e-07
6.400000000000000399e-08
2.519999999999999801e-07
6.400000000000000399e-08
1.300000000000000047e-06
2.519999999999999801e-07
2.519999999999999801e-07
2.680000000000000175e-07
1.919999999999999987e-07
6.400000000000000399e-08
6.400000000000000399e-08
9.200000000000000325e-08
5.400000000000000179e-07
5.999999999999999464e-08
2.839999999999999914e-06
1.224000000000000055e-06
2.999999999999999864e-07
2.519999999999999801e-07
6.400000000000000399e-08
9.200000000000000325e-08
2.359999999999999957e-07
1.239999999999999986e-06
1.759999999999999878e-07
2.759999999999999833e-07
2.359999999999999957e-07
1.075999999999999947e-06
6.400000000000000399e-08
6.120000000000000274e-07
6.160000000000000102e-07
6.199999999999999931e-07
9.239999999999999624e-07
9.280000000000000512e-07
2.476000000000000095e-06
2.479999999999999972e-06
2.483999999999999849e-06
2.488000000000000150e-06
2.492000000000000027e-06
1.743999999999999946e-06
2.160000000000000019e-07
6.400000000000000399e-08
8.799999999999999390e-08
1.160000000000000064e-07
2.200000000000000112e-07
1.340000000000000088e-06
7.479999999999999746e-07
1.295999999999999958e-06
6.400000000000000399e-08
1.160000000000000064e-07
7.239999999999999715e-07
2.519999999999999801e-07
2.680000000000000175e-07
3.599999999999999943e-07
2.280000000000000034e-07
6.400000000000000399e-08
6.800000000000000010e-08
9.200000000000000325e-08
9.599999999999999936e-08
1.199999999999999893e-07
1.439999999999999924e-07
2.519999999999999801e-07
2.560000000000000159e-07
3.119999999999999880e-07
6.400000000000000399e-08
8.239999999999999669e-07
6.544000000000000365e-06
6.547999999999999818e-06
6.552000000000000119e-06
6.556000000000000419e-06
6.559999999999999873e-06
5.999999999999999464e-08
6.400000000000000399e-08
1.999999999999999909e-07
5.999999999999999464e-08
9.320000000000000341e-07
7.360000000000000260e-07
9.159999999999999967e-07
6.400000000000000399e-08
6.800000000000000010e-08
9.599999999999999936e-08
1.199999999999999893e-07
1.480000000000000018e-07
5.479999999999999837e-07
9.120000000000000138e-07
1.280000000000000080e-07
5.360000000000000350e-07
5.199999999999999976e-07
6.400000000000000399e-08
6.800000000000000010e-08
7.199999999999999621e-08
9.200000000000000325e-08
9.599999999999999936e-08
1.199999999999999893e-07
1.239999999999999986e-07
1.480000000000000018e-07
1.720000000000000049e-07
1.759999999999999878e-07
2.280000000000000034e-07
1.728000000000000015e-06
3.503999999999999824e-06
3.508000000000000125e-06
3.515999999999999879e-06
6.400000000000000399e-08
6.800000000000000010e-08
7.199999999999999621e-08
9.200000000000000325e-08
9.599999999999999936e-08
1.239999999999999986e-07
1.480000000000000018e-07
3.320000000000000083e-07
3.471999999999999961e-06
3.475999999999999838e-06
3.480000000000000139e-06
3.484000000000000016e-06
3.492000000000000193e-06
3.644000000000000178e-06
6.400000000000000399e-08
6.800000000000000010e-08
3.519999999999999756e-07
6.439999999999999963e-07
2.840000000000000020e-07
9.879999999999999002e-07
1.067999999999999981e-06
6.400000000000000399e-08
1.475999999999999929e-06
6.400000000000000399e-08
5.999999999999999464e-08
6.400000000000000399e-08
6.400000000000000399e-08
6.800000000000000010e-08
6.279999999999999589e-07
6.679999999999999994e-07
9.439999999999999827e-07
1.999999999999999909e-07
2.160000000000000019e-07
1.035999999999999907e-06
1.799999999999999971e-07
5.999999999999999464e-08
5.999999999999999464e-08
6.400000000000000399e-08
1.007999999999999921e-06
1.012000000000000009e-06
1.207999999999999911e-06
4.840000000000000459e-07
7.959999999999999809e-07
7.120000000000000228e-07
6.800000000000000010e-08
9.599999999999999936e-08
2.239999999999999941e-07
2.399999999999999786e-07
1.119999999999999970e-07
1.335999999999999999e-06
5.999999999999999464e-08
6.400000000000000399e-08
9.200000000000000325e-08
6.400000000000000399e-08
6.800000000000000010e-08
9.200000000000000325e-08
1.199999999999999893e-07
2.119999999999999925e-07
6.400000000000000399e-08
1.576000000000000030e-06
1.579999999999999907e-06
1.583999999999999996e-06
1.588000000000000085e-06
1.591999999999999962e-06
1.119999999999999970e-07
2.560000000000000159e-07
2.200000000000000112e-07
2.104000000000000100e-06
6.800000000000000010e-08
2.440000000000000144e-07
5.999999999999999464e-08
1.531999999999999901e-06
3.080000000000000051e-07
6.400000000000000399e-08
6.400000000000000399e-08
1.919999999999999987e-07
1.040000000000000048e-07
1.080000000000000009e-07
1.119999999999999970e-07
1.160000000000000064e-07
5.999999999999999464e-08
6.400000000000000399e-08
8.799999999999999390e-08
9.200000000000000325e-08
5.999999999999999464e-08
9.200000000000000325e-08
2.720000000000000004e-07
1.088000000000000002e-06
5.600000000000000382e-07
5.999999999999999464e-08
9.200000000000000325e-08
1.732000000000000104e-06
6.400000000000000399e-08
6.800000000000000010e-08
9.200000000000000325e-08
9.599999999999999936e-08
1.199999999999999893e-07
1.439999999999999924e-07
1.480000000000000018e-07
1.720000000000000049e-07
1.759999999999999878e-07
1.999999999999999909e-07
3.040000000000000222e-07
1.759999999999999878e-07
2.320000000000000128e-07
1.371999999999999951e-06
3.959999999999999990e-07
9.599999999999999936e-08
5.999999999999999464e-08
1.928000000000000006e-06
2.280000000000000034e-07
2.879999999999999848e-07
2.720000000000000004e-07
7.400000000000000089e-07
3.680000000000000130e-07
1.604000000000000016e-06
1.759999999999999878e-07
2.119999999999999925e-07
2.160000000000000019e-07
6.400000000000000399e-08
6.120000000000000274e-07
6.800000000000000010e-08
6.400000000000000399e-08
6.800000000000000010e-08
9.200000000000000325e-08
9.599999999999999936e-08
1.199999999999999893e-07
2.280000000000000034e-07
6.400000000000000134e-07
5.999999999999999464e-08
6.400000000000000399e-08
9.200000000000000325e-08
2.080000000000000096e-07
3.519999999999999756e-07
3.560000000000000114e-07
2.440000000000000144e-07
6.751999999999999898e-06
6.400000000000000399e-08
2.239999999999999941e-07
1.060000000000000016e-06
5.999999999999999464e-08
6.800000000000000010e-08
8.799999999999999390e-08
1.199999999999999893e-07
2.440000000000000144e-07
5.600000000000000382e-07
2.116000000000000154e-06
1.252000000000000041e-06
1.840000000000000065e-07
1.280000000000000080e-07
6.800000000000000010e-08
3.040000000000000222e-07
9.999999999999999547e-08
2.119999999999999925e-07
1.108000000000000022e-06
1.419999999999999957e-06
6.400000000000000399e-08
4.840000000000000459e-07
9.640000000000000030e-07
5.999999999999999464e-08
2.519999999999999801e-07
6.400000000000000399e-08
8.959999999999999764e-07
2.320000000000000128e-07
6.199999999999999931e-07
5.999999999999999464e-08
8.000000000000000167e-08
8.399999999999999779e-08
8.799999999999999390e-08
9.200000000000000325e-08
9.599999999999999936e-08
9.999999999999999547e-08
1.119999999999999970e-07
1.199999999999999893e-07
1.480000000000000018e-07
1.720000000000000049e-07
2.280000000000000034e-07
9.159999999999999967e-07
1.396000000000000060e-06
1.492000000000000072e-06
1.092000000000000090e-06
6.400000000000000399e-08
9.200000000000000325e-08
2.200000000000000112e-07
8.279999999999999498e-07
6.400000000000000399e-08
1.816000000000000062e-06
5.880000000000000242e-07
3.320000000000000083e-07
6.400000000000000399e-08
2.720000000000000004e-07
6.719999999999999823e-07
6.400000000000000399e-08
2.036000000000000073e-06
6.400000000000000399e-08
6.800000000000000010e-08
2.479999999999999972e-07
1.199999999999999893e-07
2.239999999999999941e-07
2.960000000000000035e-07
1.919999999999999987e-07
6.400000000000000399e-08
2.840000000000000020e-07
6.400000000000000399e-08
6.800000000000000010e-08
2.599999999999999988e-07
2.999999999999999864e-07
5.999999999999999464e-08
6.400000000000000399e-08
6.800000000000000010e-08
9.599999999999999936e-08
1.879999999999999894e-07
1.568000000000000065e-06
1.596000000000000051e-06
9.360000000000000169e-07
6.400000000000000399e-08
6.400000000000000399e-08
5.600000000000000382e-07
1.804000000000000007e-06
6.800000000000000010e-08
9.200000000000000325e-08
1.771999999999999933e-06
7.400000000000000089e-07
8.880000000000000106e-07
6.400000000000000399e-08
2.519999999999999801e-07
4.200000000000000022e-07
6.400000000000000399e-08
2.560000000000000159e-07
6.400000000000000399e-08
6.800000000000000010e-08
7.199999999999999621e-08
9.200000000000000325e-08
9.599999999999999936e-08
1.199999999999999893e-07
1.239999999999999986e-07
1.439999999999999924e-07
1.480000000000000018e-07
1.720000000000000049e-07
1.759999999999999878e-07
1.999999999999999909e-07
1.728000000000000015e-06
1.199999999999999893e-07
5.999999999999999464e-08
3.052000000000000171e-06
2.519999999999999801e-07
1.247999999999999952e-06
6.400000000000000399e-08
5.027999999999999972e-06
2.759999999999999833e-07
9.200000000000000325e-08
6.400000000000000399e-08
6.800000000000000010e-08
8.799999999999999390e-08
9.200000000000000325e-08
9.599999999999999936e-08
1.160000000000000064e-07
1.199999999999999893e-07
1.239999999999999986e-07
1.439999999999999924e-07
1.480000000000000018e-07
1.720000000000000049e-07
1.999999999999999909e-07
2.879999999999999848e-07
6.400000000000000399e-08
2.639999999999999817e-07
1.715999999999999960e-06
6.400000000000000399e-08
3.260000000000000128e-06
2.599999999999999988e-07
6.479999999999999791e-07
4.920000000000000116e-07
4.239999999999999850e-07
1.919999999999999987e-07
6.800000000000000010e-08
1.799999999999999971e-07
6.400000000000000399e-08
6.800000000000000010e-08
9.200000000000000325e-08
1.199999999999999893e-07
2.239999999999999941e-07
6.400000000000000399e-08
6.080000000000000445e-07
3.599999999999999943e-07
1.035999999999999907e-06
1.247999999999999952e-06
6.400000000000000399e-08
6.800000000000000010e-08
9.200000000000000325e-08
4.959999999999999945e-07
2.119999999999999925e-07
2.040000000000000003e-07
1.960000000000000081e-07
8.799999999999999390e-08
6.400000000000000399e-08
2.479999999999999972e-07
6.400000000000000399e-08
6.400000000000000399e-08
2.840000000000000020e-07
1.799999999999999971e-07
2.120000000000000031e-06
1.840000000000000065e-07
2.504000000000000082e-06
6.400000000000000399e-08
6.800000000000000010e-08
9.200000000000000325e-08
1.199999999999999893e-07
1.439999999999999924e-07
2.479999999999999972e-07
9.280000000000000512e-07
6.400000000000000399e-08
6.800000000000000010e-08
7.199999999999999621e-08
9.599999999999999936e-08
1.199999999999999893e-07
1.239999999999999986e-07
1.280000000000000080e-07
1.480000000000000018e-07
6.279999999999999589e-07
5.880000000000000242e-07
6.400000000000000399e-08
9.200000000000000325e-08
8.040000000000000526e-07
6.400000000000000399e-08
9.599999999999999142e-07
2.720000000000000004e-07
2.639999999999999817e-07
6.400000000000000399e-08
2.820000000000000105e-06
1.919999999999999987e-07
2.160000000000000019e-07
4.759999999999999742e-07
6.400000000000000399e-08
9.200000000000000325e-08
1.151999999999999939e-06
2.280000000000000034e-07
3.599999999999999943e-07
2.320000000000000128e-07
2.560000000000000159e-07
2.479999999999999972e-07
6.400000000000000399e-08
5.680000000000000039e-07
8.799999999999999390e-08
1.047999999999999961e-06
2.920000000000000207e-07
1.080000000000000009e-07
6.400000000000000399e-08
5.999999999999999464e-08
7.880000000000000152e-07
6.400000000000000399e-08
1.799999999999999971e-07
1.319999999999999909e-07
6.400000000000000399e-08
3.920000000000000161e-07
6.400000000000000399e-08
1.027999999999999941e-06
5.999999999999999464e-08
5.999999999999999464e-08
2.879999999999999848e-07
1.120000000000000076e-06
3.080000000000000051e-07
8.279999999999999498e-07
7.640000000000000120e-07
6.400000000000000399e-08
6.800000000000000010e-08
9.200000000000000325e-08
6.400000000000000399e-08
6.800000000000000010e-08
8.799999999999999390e-08
9.200000000000000325e-08
1.160000000000000064e-07
1.199999999999999893e-07
1.439999999999999924e-07
1.720000000000000049e-07
2.999999999999999864e-07
4.080000000000000006e-07
4.680000000000000085e-07
5.999999999999999464e-08
3.232000000000000142e-06
4.612000000000000058e-06
5.320000000000000522e-07
6.400000000000000399e-08
1.987999999999999855e-06
6.400000000000000399e-08
1.960000000000000081e-07
6.800000000000000010e-08
2.720000000000000004e-07
1.280000000000000080e-07
4.359999999999999866e-07
5.999999999999999464e-08
1.239999999999999986e-07
6.400000000000000399e-08
1.475999999999999929e-06
4.239999999999999850e-07
2.027999999999999896e-06
1.608000000000000105e-06
2.519999999999999801e-07
1.419999999999999957e-06
1.672000000000000043e-06
1.675999999999999920e-06
1.680000000000000009e-06
1.684000000000000097e-06
1.703999999999999906e-06
6.400000000000000134e-07
2.040000000000000003e-07
1.040000000000000048e-07
1.275999999999999938e-06
2.040000000000000003e-07
3.839999999999999974e-07
3.599999999999999943e-07
5.999999999999999464e-08
6.400000000000000399e-08
1.280000000000000080e-07
1.799999999999999971e-07
2.320000000000000128e-07
7.039999999999999512e-07
5.120000000000000319e-07
1.199999999999999893e-07
6.800000000000000010e-08
4.239999999999999850e-07
3.399999999999999740e-07
6.400000000000000399e-08
6.800000000000000010e-08
7.199999999999999621e-08
9.200000000000000325e-08
9.599999999999999936e-08
1.199999999999999893e-07
1.239999999999999986e-07
1.480000000000000018e-07
1.759999999999999878e-07
1.272000000000000061e-06
5.999999999999999464e-08
1.543999999999999956e-06
9.760000000000000575e-07
6.400000000000000399e-08
6.400000000000000399e-08
9.200000000000000325e-08
5.999999999999999464e-08
1.559999999999999940e-07
6.400000000000000399e-08
7.347999999999999782e-06
7.352000000000000082e-06
7.356000000000000383e-06
7.359999999999999836e-06
1.360000000000000002e-07
6.400000000000000399e-08
6.800000000000000010e-08
2.280000000000000034e-07
6.400000000000000399e-08
6.400000000000000399e-08
2.160000000000000019e-07
2.280000000000000034e-07
6.400000000000000399e-08
3.040000000000000222e-07
1.320000000000000067e-06
1.323999999999999944e-06
6.400000000000000399e-08
6.800000000000000010e-08
9.599999999999999936e-08
1.199999999999999893e-07
3.407999999999999812e-06
3.412000000000000112e-06
3.415999999999999989e-06
3.419999999999999866e-06
6.400000000000000399e-08
6.800000000000000010e-08
9.200000000000000325e-08
6.400000000000000399e-08
6.800000000000000010e-08
6.400000000000000399e-08
6.800000000000000010e-08
7.199999999999999621e-08
7.600000000000000556e-08
9.200000000000000325e-08
9.599999999999999936e-08
9.999999999999999547e-08
1.199999999999999893e-07
1.239999999999999986e-07
1.480000000000000018e-07
1.520000000000000111e-07
1.720000000000000049e-07
1.759999999999999878e-07
1.999999999999999909e-07
2.040000000000000003e-07
2.080000000000000096e-07
2.280000000000000034e-07
2.519999999999999801e-07
2.639999999999999817e-07
3.359999999999999911e-07
5.080000000000000490e-07
6.920000000000000026e-07
1.715999999999999960e-06
1.199999999999999893e-07
1.032000000000000030e-06
2.720000000000000004e-07
2.099999999999999799e-06
2.920000000000000207e-07
6.039999999999999557e-07
1.267999999999999972e-06
1.272000000000000061e-06
1.503999999999999915e-06
