EventID,HitTop,HitMiddle,HitBottom,DecayTime_ns
0,DOUBLE,1,0,1,False,-1
2,SINGLE,0,0,1,False,-1
3,DOUBLE,1,0,1,False,-1
5,DOUBLE,1,0,1,False,-1
7,DOUBLE,1,0,1,False,-1
8,SINGLE,0,0,1,False,-1
9,DOUBLE,1,0,1,False,-1
11,DOUBLE,1,0,1,False,-1
12,DOUBLE,1,0,1,False,-1
13,DOUBLE,1,0,1,False,-1
15,SINGLE,0,0,1,False,-1
16,SINGLE,0,0,1,False,-1
17,DOUBLE,1,0,1,False,-1
18,SINGLE,0,0,1,False,-1
19,DOUBLE,1,0,1,False,-1
20,SINGLE,0,0,1,False,-1
21,SINGLE,0,0,1,False,-1
22,DOUBLE,1,0,1,False,-1
23,SINGLE,0,0,1,False,-1
24,SINGLE,0,0,1,False,-1
25,DOUBLE,1,0,1,False,-1
26,DOUBLE,1,0,1,False,-1
27,DOUBLE,1,0,1,False,-1
28,DOUBLE,1,0,1,False,-1
29,SINGLE,0,0,1,False,-1
30,DOUBLE,1,0,1,False,-1
32,SINGLE,0,0,1,False,-1
33,SINGLE,0,0,1,False,-1
34,DOUBLE,1,0,1,False,-1
35,DOUBLE,1,0,1,False,-1
36,DOUBLE,1,0,1,False,-1
37,SINGLE,0,0,1,False,-1
38,DOUBLE,0,1,1,False,-1
39,DOUBLE,1,0,1,False,-1
40,SINGLE,0,0,1,False,-1
41,SINGLE,0,0,1,False,-1
42,SINGLE,0,0,1,False,-1
43,SINGLE,0,0,1,False,-1
44,DOUBLE,1,0,1,False,-1
45,SINGLE,0,0,1,False,-1
46,DOUBLE,1,0,1,False,-1
47,DOUBLE,1,0,1,False,-1
48,DOUBLE,1,0,1,False,-1
49,DOUBLE,1,0,1,False,-1
50,DOUBLE,1,0,1,False,-1
51,SINGLE,0,0,1,False,-1
52,DOUBLE,1,0,1,False,-1
53,DOUBLE,1,0,1,False,-1
54,SINGLE,0,0,1,False,-1
55,DOUBLE,1,0,1,False,-1
57,SINGLE,0,0,1,False,-1
58,SINGLE,0,0,1,False,-1
60,DOUBLE,1,0,1,False,-1
61,SINGLE,0,0,1,False,-1
62,SINGLE,0,0,1,False,-1
63,DOUBLE,1,0,1,False,-1
64,SINGLE,0,0,1,False,-1
65,SINGLE,0,0,1,False,-1
66,DOUBLE,1,0,1,False,-1
67,SINGLE,0,0,1,False,-1
68,SINGLE,0,0,1,False,-1
69,DOUBLE,1,0,1,False,-1
70,SINGLE,0,0,1,False,-1
71,SINGLE,0,0,1,False,-1
72,SINGLE,0,0,1,False,-1
73,DOUBLE,1,0,1,False,-1
75,SINGLE,0,0,1,False,-1
76,DOUBLE,1,0,1,False,-1
77,DOUBLE,1,0,1,False,-1
78,DOUBLE,1,0,1,False,-1
79,DOUBLE,1,0,1,False,-1
80,SINGLE,0,0,1,False,-1
81,SINGLE,0,0,1,False,-1
83,SINGLE,0,0,1,False,-1
85,DOUBLE,1,0,1,False,-1
86,DOUBLE,1,0,1,False,-1
88,DOUBLE,1,0,1,False,-1
89,DOUBLE,1,0,1,False,-1
90,DOUBLE,1,0,1,False,-1
91,SINGLE,0,0,1,False,-1
92,DOUBLE,1,0,1,False,-1
93,DOUBLE,1,0,1,False,-1
94,DOUBLE,1,0,1,False,-1
95,DOUBLE,1,0,1,False,-1
96,DOUBLE,1,0,1,False,-1
97,DOUBLE,1,0,1,False,-1
99,SINGLE,0,0,1,False,-1
100,DOUBLE,1,0,1,False,-1
101,DOUBLE,1,0,1,False,-1
102,SINGLE,0,0,1,False,-1
103,DOUBLE,1,0,1,False,-1
104,DOUBLE,1,0,1,False,-1
105,SINGLE,0,0,1,False,-1
106,DOUBLE,1,0,1,False,-1
107,DOUBLE,1,0,1,False,-1
108,DOUBLE,1,0,1,False,-1
109,DOUBLE,1,0,1,False,-1
110,DOUBLE,1,0,1,False,-1
111,DOUBLE,1,0,1,False,-1
112,DOUBLE,1,0,1,False,-1
114,DOUBLE,1,0,1,False,-1
115,DOUBLE,1,0,1,False,-1
116,SINGLE,0,0,1,False,-1
117,SINGLE,0,0,1,False,-1
118,SINGLE,0,0,1,False,-1
119,SINGLE,0,0,1,False,-1
120,SINGLE,0,0,1,False,-1
121,SINGLE,0,0,1,False,-1
122,DOUBLE,0,1,1,False,-1
123,SINGLE,0,0,1,False,-1
124,DOUBLE,1,0,1,False,-1
125,DOUBLE,1,0,1,False,-1
127,SINGLE,0,0,1,False,-1
128,SINGLE,0,0,1,False,-1
129,SINGLE,0,0,1,False,-1
130,DOUBLE,1,0,1,False,-1
131,DOUBLE,1,0,1,False,-1
132,SINGLE,0,0,1,False,-1
133,DOUBLE,1,0,1,False,-1
134,DOUBLE,0,1,1,False,-1
135,SINGLE,0,0,1,False,-1
136,DOUBLE,1,0,1,False,-1
138,SINGLE,0,0,1,False,-1
139,DOUBLE,1,0,1,False,-1
140,SINGLE,0,0,1,False,-1
141,DOUBLE,0,1,1,False,-1
142,DOUBLE,1,0,1,False,-1
143,DOUBLE,1,0,1,False,-1
144,DOUBLE,1,0,1,False,-1
145,DOUBLE,1,0,1,False,-1
146,DOUBLE,1,0,1,False,-1
147,DOUBLE,1,0,1,False,-1
148,SINGLE,0,0,1,False,-1
149,SINGLE,0,0,1,False,-1
150,SINGLE,0,0,1,False,-1
151,DOUBLE,1,0,1,False,-1
154,SINGLE,0,0,1,False,-1
155,SINGLE,0,0,1,False,-1
157,SINGLE,0,0,1,False,-1
158,SINGLE,0,0,1,False,-1
159,DOUBLE,1,0,1,False,-1
160,DOUBLE,1,0,1,False,-1
161,DOUBLE,1,0,1,False,-1
162,DOUBLE,1,0,1,False,-1
163,SINGLE,0,0,1,False,-1
164,DOUBLE,1,0,1,False,-1
165,SINGLE,0,0,1,False,-1
166,DOUBLE,1,0,1,False,-1
167,SINGLE,0,0,1,False,-1
168,DOUBLE,1,0,1,False,-1
169,DOUBLE,1,0,1,False,-1
170,SINGLE,0,0,1,False,-1
171,DOUBLE,1,0,1,False,-1
172,DOUBLE,1,0,1,False,-1
174,DOUBLE,1,0,1,False,-1
175,DOUBLE,1,0,1,False,-1
176,DOUBLE,1,0,1,False,-1
177,DOUBLE,1,0,1,False,-1
178,SINGLE,0,0,1,False,-1
179,DOUBLE,1,0,1,False,-1
180,SINGLE,0,0,1,False,-1
181,DOUBLE,1,0,1,False,-1
182,SINGLE,0,0,1,False,-1
183,SINGLE,0,0,1,False,-1
184,DOUBLE,1,0,1,False,-1
185,DOUBLE,1,0,1,False,-1
186,SINGLE,0,0,1,False,-1
187,SINGLE,0,0,1,False,-1
188,DOUBLE,1,0,1,False,-1
189,SINGLE,0,0,1,False,-1
190,DOUBLE,1,0,1,False,-1
191,DOUBLE,1,0,1,False,-1
192,DOUBLE,1,0,1,False,-1
193,DOUBLE,1,0,1,False,-1
194,DOUBLE,1,0,1,False,-1
195,SINGLE,0,0,1,False,-1
196,SINGLE,0,0,1,False,-1
197,DOUBLE,1,0,1,False,-1
198,DOUBLE,1,0,1,False,-1
199,SINGLE,0,0,1,False,-1
200,DOUBLE,1,0,1,False,-1
201,DOUBLE,1,0,1,False,-1
202,DOUBLE,1,0,1,False,-1
203,DOUBLE,1,0,1,False,-1
204,DOUBLE,1,0,1,False,-1
205,SINGLE,0,0,1,False,-1
207,SINGLE,0,0,1,False,-1
208,DOUBLE,1,0,1,False,-1
209,SINGLE,0,0,1,False,-1
210,DOUBLE,1,0,1,False,-1
211,DOUBLE,1,0,1,False,-1
212,SINGLE,0,0,1,False,-1
213,DOUBLE,1,0,1,False,-1
214,DOUBLE,1,0,1,False,-1
216,SINGLE,0,0,1,False,-1
217,DOUBLE,1,0,1,False,-1
218,SINGLE,0,0,1,False,-1
220,DOUBLE,1,0,1,False,-1
221,DOUBLE,1,0,1,False,-1
222,SINGLE,0,0,1,False,-1
223,DOUBLE,1,0,1,False,-1
224,DOUBLE,1,0,1,False,-1
226,SINGLE,0,0,1,False,-1
227,TRIPLE,1,1,1,False,-1
228,DOUBLE,1,0,1,False,-1
229,DOUBLE,1,0,1,False,-1
230,DOUBLE,1,0,1,False,-1
231,SINGLE,0,0,1,False,-1
232,DOUBLE,1,0,1,False,-1
233,DOUBLE,1,0,1,False,-1
234,DOUBLE,1,0,1,False,-1
235,SINGLE,0,0,1,False,-1
236,DOUBLE,1,0,1,False,-1
237,SINGLE,0,0,1,False,-1
238,DOUBLE,1,0,1,False,-1
239,DOUBLE,1,0,1,False,-1
240,DOUBLE,1,0,1,False,-1
241,DOUBLE,1,0,1,False,-1
243,SINGLE,0,0,1,False,-1
244,TRIPLE,1,1,1,False,-1
246,DOUBLE,1,0,1,False,-1
247,SINGLE,0,0,1,False,-1
248,DOUBLE,1,0,1,False,-1
249,DOUBLE,1,0,1,False,-1
250,SINGLE,0,0,1,False,-1
251,DOUBLE,1,0,1,False,-1
252,SINGLE,0,0,1,False,-1
253,SINGLE,0,0,1,False,-1
254,DOUBLE,1,0,1,False,-1
255,DOUBLE,1,0,1,False,-1
256,DOUBLE,1,0,1,False,-1
257,SINGLE,0,0,1,False,-1
258,DOUBLE,1,0,1,False,-1
259,SINGLE,0,0,1,False,-1
260,SINGLE,0,0,1,False,-1
261,DOUBLE,1,0,1,False,-1
262,DOUBLE,1,0,1,False,-1
263,SINGLE,0,0,1,False,-1
264,SINGLE,0,0,1,False,-1
266,DOUBLE,1,0,1,False,-1
267,SINGLE,0,0,1,False,-1
268,SINGLE,0,0,1,False,-1
269,TRIPLE,1,1,1,False,-1
270,DOUBLE,1,0,1,False,-1
271,DOUBLE,1,0,1,False,-1
273,SINGLE,0,0,1,False,-1
274,SINGLE,0,0,1,False,-1
275,SINGLE,0,0,1,False,-1
276,DOUBLE,1,0,1,False,-1
277,DOUBLE,1,0,1,False,-1
278,DOUBLE,1,0,1,False,-1
279,SINGLE,0,0,1,False,-1
280,SINGLE,0,0,1,False,-1
281,DOUBLE,1,0,1,False,-1
282,DOUBLE,1,0,1,False,-1
283,DOUBLE,1,0,1,False,-1
284,SINGLE,0,0,1,False,-1
286,SINGLE,0,0,1,False,-1
288,DOUBLE,1,0,1,False,-1
289,DOUBLE,1,0,1,False,-1
291,DOUBLE,1,0,1,False,-1
292,DOUBLE,1,0,1,False,-1
293,DOUBLE,0,1,1,False,-1
294,DOUBLE,1,0,1,False,-1
295,DOUBLE,1,0,1,False,-1
296,DOUBLE,1,0,1,False,-1
297,DOUBLE,1,0,1,False,-1
298,DOUBLE,1,0,1,False,-1
299,SINGLE,0,0,1,False,-1
300,DOUBLE,1,0,1,False,-1
301,SINGLE,0,0,1,False,-1
302,DOUBLE,1,0,1,False,-1
303,DOUBLE,1,0,1,False,-1
304,SINGLE,0,0,1,False,-1
305,SINGLE,0,0,1,False,-1
306,DOUBLE,1,0,1,False,-1
307,DOUBLE,1,0,1,False,-1
308,DOUBLE,1,0,1,False,-1
310,SINGLE,0,0,1,False,-1
311,DOUBLE,1,0,1,False,-1
312,SINGLE,0,0,1,False,-1
313,SINGLE,0,0,1,False,-1
314,SINGLE,0,0,1,False,-1
315,SINGLE,0,0,1,False,-1
316,DOUBLE,1,0,1,False,-1
317,DOUBLE,1,0,1,False,-1
318,SINGLE,0,0,1,False,-1
319,DOUBLE,1,0,1,False,-1
321,DOUBLE,1,0,1,False,-1
323,DOUBLE,1,0,1,False,-1
324,DOUBLE,1,0,1,False,-1
326,DOUBLE,1,0,1,False,-1
327,SINGLE,0,0,1,False,-1
328,DOUBLE,1,0,1,False,-1
329,DOUBLE,1,0,1,False,-1
330,DOUBLE,1,0,1,False,-1
331,DOUBLE,1,0,1,False,-1
332,DOUBLE,1,0,1,False,-1
333,SINGLE,0,0,1,False,-1
334,SINGLE,0,0,1,False,-1
336,SINGLE,0,0,1,False,-1
337,SINGLE,0,0,1,False,-1
338,SINGLE,0,0,1,False,-1
339,DOUBLE,1,0,1,False,-1
340,DOUBLE,1,0,1,False,-1
341,DOUBLE,1,0,1,False,-1
342,SINGLE,0,0,1,False,-1
343,TRIPLE,1,1,1,False,-1
344,SINGLE,0,0,1,False,-1
345,DOUBLE,1,0,1,False,-1
347,DOUBLE,1,0,1,False,-1
348,DOUBLE,1,0,1,False,-1
350,SINGLE,0,0,1,False,-1
351,DOUBLE,1,0,1,False,-1
352,SINGLE,0,0,1,False,-1
353,DOUBLE,1,0,1,False,-1
354,DOUBLE,1,0,1,False,-1
355,SINGLE,0,0,1,False,-1
356,DOUBLE,1,0,1,False,-1
357,SINGLE,0,0,1,False,-1
358,SINGLE,0,0,1,False,-1
359,DOUBLE,1,0,1,False,-1
360,DOUBLE,1,0,1,False,-1
361,DOUBLE,1,0,1,False,-1
363,SINGLE,0,0,1,False,-1
364,SINGLE,0,0,1,False,-1
365,DOUBLE,1,0,1,False,-1
366,SINGLE,0,0,1,False,-1
367,DOUBLE,1,0,1,False,-1
368,DOUBLE,1,0,1,False,-1
369,SINGLE,0,0,1,False,-1
370,SINGLE,0,0,1,False,-1
371,DOUBLE,1,0,1,False,-1
372,SINGLE,0,0,1,False,-1
373,SINGLE,0,0,1,False,-1
374,DOUBLE,1,0,1,False,-1
375,DOUBLE,1,0,1,False,-1
376,SINGLE,0,0,1,False,-1
378,SINGLE,0,0,1,False,-1
379,DOUBLE,1,0,1,False,-1
380,DOUBLE,1,0,1,False,-1
381,DOUBLE,1,0,1,False,-1
382,DOUBLE,1,0,1,False,-1
383,SINGLE,0,0,1,False,-1
385,SINGLE,0,0,1,False,-1
386,SINGLE,0,0,1,False,-1
387,DOUBLE,1,0,1,False,-1
388,DOUBLE,1,0,1,False,-1
389,DOUBLE,1,0,1,False,-1
390,SINGLE,0,0,1,False,-1
391,SINGLE,0,0,1,False,-1
392,DOUBLE,1,0,1,False,-1
393,SINGLE,0,0,1,False,-1
394,DOUBLE,1,0,1,False,-1
395,SINGLE,0,0,1,False,-1
396,SINGLE,0,0,1,False,-1
397,SINGLE,0,0,1,False,-1
398,DOUBLE,1,0,1,False,-1
399,SINGLE,0,0,1,False,-1
400,DOUBLE,1,0,1,False,-1
401,DOUBLE,1,0,1,False,-1
402,SINGLE,0,0,1,False,-1
403,SINGLE,0,0,1,False,-1
404,DOUBLE,1,0,1,False,-1
405,SINGLE,0,0,1,False,-1
406,DOUBLE,1,0,1,False,-1
408,DOUBLE,1,0,1,False,-1
409,DOUBLE,1,0,1,False,-1
410,DOUBLE,1,0,1,False,-1
411,SINGLE,0,0,1,False,-1
413,DOUBLE,1,0,1,False,-1
414,DOUBLE,1,0,1,False,-1
415,SINGLE,0,0,1,False,-1
416,SINGLE,0,0,1,False,-1
417,DOUBLE,1,0,1,False,-1
418,DOUBLE,1,0,1,False,-1
419,DOUBLE,1,0,1,False,-1
420,DOUBLE,1,0,1,False,-1
421,SINGLE,0,0,1,False,-1
422,DOUBLE,1,0,1,False,-1
423,SINGLE,0,0,1,False,-1
424,DOUBLE,1,0,1,False,-1
425,DOUBLE,1,0,1,False,-1
426,DOUBLE,1,0,1,False,-1
427,DOUBLE,1,0,1,False,-1
428,DOUBLE,1,0,1,False,-1
430,DOUBLE,1,0,1,False,-1
431,DOUBLE,1,0,1,False,-1
432,SINGLE,0,0,1,False,-1
433,SINGLE,0,0,1,False,-1
435,SINGLE,0,0,1,False,-1
436,SINGLE,0,0,1,False,-1
437,DOUBLE,1,0,1,False,-1
438,DOUBLE,1,0,1,False,-1
439,DOUBLE,1,0,1,False,-1
440,DOUBLE,1,0,1,False,-1
441,DOUBLE,1,0,1,False,-1
442,DOUBLE,1,0,1,False,-1
443,DOUBLE,1,0,1,False,-1
444,SINGLE,0,0,1,False,-1
445,DOUBLE,1,0,1,False,-1
446,SINGLE,0,0,1,False,-1
447,DOUBLE,1,0,1,False,-1
448,SINGLE,0,0,1,False,-1
449,DOUBLE,1,0,1,False,-1
450,DOUBLE,1,0,1,False,-1
451,DOUBLE,1,0,1,False,-1
452,SINGLE,0,0,1,False,-1
453,DOUBLE,1,0,1,False,-1
454,SINGLE,0,0,1,False,-1
455,SINGLE,0,0,1,False,-1
456,SINGLE,0,0,1,False,-1
457,DOUBLE,1,0,1,False,-1
458,DOUBLE,1,0,1,False,-1
459,SINGLE,0,0,1,False,-1
461,DOUBLE,1,0,1,False,-1
462,DOUBLE,1,0,1,False,-1
463,DOUBLE,1,0,1,False,-1
466,SINGLE,0,0,1,False,-1
467,DOUBLE,1,0,1,False,-1
468,DOUBLE,1,0,1,False,-1
469,SINGLE,0,0,1,False,-1
470,DOUBLE,1,0,1,False,-1
472,DOUBLE,1,0,1,False,-1
473,DOUBLE,1,0,1,False,-1
474,SINGLE,0,0,1,False,-1
475,SINGLE,0,0,1,False,-1
476,DOUBLE,1,0,1,False,-1
477,DOUBLE,1,0,1,False,-1
478,DOUBLE,1,0,1,False,-1
479,SINGLE,0,0,1,False,-1
480,DOUBLE,1,0,1,False,-1
481,SINGLE,0,0,1,False,-1
482,SINGLE,0,0,1,False,-1
483,SINGLE,0,0,1,False,-1
484,SINGLE,0,0,1,False,-1
485,DOUBLE,1,0,1,False,-1
486,DOUBLE,1,0,1,False,-1
487,SINGLE,0,0,1,False,-1
488,SINGLE,0,0,1,False,-1
489,DOUBLE,1,0,1,False,-1
490,DOUBLE,1,0,1,False,-1
491,SINGLE,0,0,1,False,-1
492,SINGLE,0,0,1,False,-1
493,DOUBLE,1,0,1,False,-1
494,DOUBLE,1,0,1,False,-1
495,DOUBLE,1,0,1,False,-1
496,SINGLE,0,0,1,False,-1
497,DOUBLE,1,0,1,False,-1
498,DOUBLE,1,0,1,False,-1
499,DOUBLE,1,0,1,False,-1
500,SINGLE,0,0,1,False,-1
501,DOUBLE,1,0,1,False,-1
502,DOUBLE,1,0,1,False,-1
503,DOUBLE,1,0,1,False,-1
504,SINGLE,0,0,1,False,-1
506,SINGLE,0,0,1,False,-1
507,SINGLE,0,0,1,False,-1
509,DOUBLE,1,0,1,False,-1
510,SINGLE,0,0,1,False,-1
511,DOUBLE,1,0,1,False,-1
512,DOUBLE,1,0,1,False,-1
513,DOUBLE,1,0,1,False,-1
514,DOUBLE,1,0,1,False,-1
515,DOUBLE,1,0,1,False,-1
516,SINGLE,0,0,1,False,-1
517,SINGLE,0,0,1,False,-1
518,DOUBLE,1,0,1,False,-1
519,DOUBLE,1,0,1,False,-1
520,SINGLE,0,0,1,False,-1
521,SINGLE,0,0,1,False,-1
522,SINGLE,0,0,1,False,-1
523,DOUBLE,1,0,1,False,-1
524,DOUBLE,1,0,1,False,-1
525,DOUBLE,1,0,1,False,-1
526,DOUBLE,1,0,1,False,-1
527,DOUBLE,1,0,1,False,-1
528,SINGLE,0,0,1,False,-1
529,SINGLE,0,0,1,False,-1
530,DOUBLE,1,0,1,False,-1
531,DOUBLE,1,0,1,False,-1
532,DOUBLE,1,0,1,False,-1
535,DOUBLE,1,0,1,False,-1
536,SINGLE,0,0,1,False,-1
537,DOUBLE,1,0,1,False,-1
538,SINGLE,0,0,1,False,-1
539,DOUBLE,1,0,1,False,-1
540,SINGLE,0,0,1,False,-1
541,DOUBLE,1,0,1,False,-1
542,DOUBLE,1,0,1,False,-1
543,SINGLE,0,0,1,False,-1
544,DOUBLE,1,0,1,False,-1
545,DOUBLE,1,0,1,False,-1
546,DOUBLE,1,0,1,False,-1
547,DOUBLE,1,0,1,False,-1
548,SINGLE,0,0,1,False,-1
549,SINGLE,0,0,1,False,-1
550,SINGLE,0,0,1,False,-1
551,DOUBLE,1,0,1,False,-1
552,DOUBLE,1,0,1,False,-1
553,DOUBLE,1,0,1,False,-1
554,SINGLE,0,0,1,False,-1
555,DOUBLE,1,0,1,False,-1
556,SINGLE,0,0,1,False,-1
558,SINGLE,0,0,1,False,-1
559,DOUBLE,1,0,1,False,-1
560,DOUBLE,1,0,1,False,-1
561,DOUBLE,1,0,1,False,-1
562,DOUBLE,1,0,1,False,-1
563,DOUBLE,1,0,1,False,-1
564,SINGLE,0,0,1,False,-1
565,DOUBLE,1,0,1,False,-1
566,DOUBLE,1,0,1,False,-1
567,SINGLE,0,0,1,False,-1
568,SINGLE,0,0,1,False,-1
569,SINGLE,0,0,1,False,-1
570,DOUBLE,1,0,1,False,-1
571,DOUBLE,1,0,1,False,-1
572,SINGLE,0,0,1,False,-1
573,DOUBLE,1,0,1,False,-1
574,DOUBLE,1,0,1,False,-1
575,DOUBLE,1,0,1,False,-1
576,SINGLE,0,0,1,False,-1
577,SINGLE,0,0,1,False,-1
578,DOUBLE,1,0,1,False,-1
580,SINGLE,0,0,1,False,-1
581,DOUBLE,1,0,1,False,-1
582,DOUBLE,1,0,1,False,-1
583,DOUBLE,1,0,1,False,-1
585,DOUBLE,1,0,1,False,-1
587,SINGLE,0,0,1,False,-1
588,DOUBLE,1,0,1,False,-1
589,DOUBLE,1,0,1,False,-1
590,SINGLE,0,0,1,False,-1
591,DOUBLE,1,0,1,False,-1
592,DOUBLE,1,0,1,False,-1
593,SINGLE,0,0,1,False,-1
595,SINGLE,0,0,1,False,-1
596,SINGLE,0,0,1,False,-1
597,DOUBLE,1,0,1,False,-1
598,SINGLE,0,0,1,False,-1
599,DOUBLE,1,0,1,False,-1
601,DOUBLE,1,0,1,False,-1
602,DOUBLE,1,0,1,False,-1
603,DOUBLE,1,0,1,False,-1
604,DOUBLE,1,0,1,False,-1
605,DOUBLE,1,0,1,False,-1
606,SINGLE,0,0,1,False,-1
607,DOUBLE,1,0,1,False,-1
608,DOUBLE,1,0,1,False,-1
609,DOUBLE,1,0,1,False,-1
610,SINGLE,0,0,1,False,-1
612,SINGLE,0,0,1,False,-1
613,DOUBLE,1,0,1,False,-1
614,SINGLE,0,0,1,False,-1
615,DOUBLE,1,0,1,False,-1
616,DOUBLE,1,0,1,False,-1
617,DOUBLE,1,0,1,False,-1
618,DOUBLE,1,0,1,False,-1
620,DOUBLE,1,0,1,False,-1
621,DOUBLE,1,0,1,False,-1
622,SINGLE,0,0,1,False,-1
623,DOUBLE,1,0,1,False,-1
624,SINGLE,0,0,1,False,-1
626,SINGLE,0,0,1,False,-1
627,SINGLE,0,0,1,False,-1
628,DOUBLE,1,0,1,False,-1
629,SINGLE,0,0,1,False,-1
631,DOUBLE,1,0,1,False,-1
632,DOUBLE,1,0,1,False,-1
633,SINGLE,0,0,1,False,-1
634,SINGLE,0,0,1,False,-1
635,SINGLE,0,0,1,False,-1
637,SINGLE,0,0,1,False,-1
638,SINGLE,0,0,1,False,-1
641,SINGLE,0,0,1,False,-1
642,DOUBLE,1,0,1,False,-1
643,SINGLE,0,0,1,False,-1
644,DOUBLE,1,0,1,False,-1
645,DOUBLE,1,0,1,False,-1
646,SINGLE,0,0,1,False,-1
647,SINGLE,0,0,1,False,-1
648,DOUBLE,1,0,1,False,-1
649,SINGLE,0,0,1,False,-1
650,DOUBLE,1,0,1,False,-1
651,DOUBLE,1,0,1,False,-1
652,DOUBLE,1,0,1,False,-1
653,SINGLE,0,0,1,False,-1
655,SINGLE,0,0,1,False,-1
656,DOUBLE,1,0,1,False,-1
657,SINGLE,0,0,1,False,-1
658,SINGLE,0,0,1,False,-1
659,DOUBLE,1,0,1,False,-1
660,SINGLE,0,0,1,False,-1
661,DOUBLE,1,0,1,False,-1
663,SINGLE,0,0,1,False,-1
664,DOUBLE,1,0,1,False,-1
665,DOUBLE,1,0,1,False,-1
666,DOUBLE,1,0,1,False,-1
667,SINGLE,0,0,1,False,-1
668,SINGLE,0,0,1,False,-1
669,DOUBLE,1,0,1,False,-1
670,DOUBLE,1,0,1,False,-1
671,SINGLE,0,0,1,False,-1
673,DOUBLE,1,0,1,False,-1
674,DOUBLE,1,0,1,False,-1
675,DOUBLE,1,0,1,False,-1
676,DOUBLE,1,0,1,False,-1
678,SINGLE,0,0,1,False,-1
679,DOUBLE,1,0,1,False,-1
680,DOUBLE,1,0,1,False,-1
681,TRIPLE,1,1,1,False,-1
682,SINGLE,0,0,1,False,-1
683,SINGLE,0,0,1,False,-1
684,DOUBLE,1,0,1,False,-1
685,DOUBLE,1,0,1,False,-1
686,SINGLE,0,0,1,False,-1
688,DOUBLE,1,0,1,False,-1
689,DOUBLE,1,0,1,False,-1
690,SINGLE,0,0,1,False,-1
692,DOUBLE,0,1,1,False,-1
693,SINGLE,0,0,1,False,-1
694,DOUBLE,1,0,1,False,-1
695,DOUBLE,1,0,1,False,-1
696,SINGLE,0,0,1,False,-1
697,DOUBLE,1,0,1,False,-1
698,DOUBLE,1,0,1,False,-1
699,SINGLE,0,0,1,False,-1
700,SINGLE,0,0,1,False,-1
701,DOUBLE,1,0,1,False,-1
702,DOUBLE,1,0,1,False,-1
703,DOUBLE,1,0,1,False,-1
704,DOUBLE,1,0,1,False,-1
705,SINGLE,0,0,1,False,-1
706,SINGLE,0,0,1,False,-1
707,SINGLE,0,0,1,False,-1
708,DOUBLE,1,0,1,False,-1
710,DOUBLE,1,0,1,False,-1
711,DOUBLE,1,0,1,False,-1
712,SINGLE,0,0,1,False,-1
713,DOUBLE,1,0,1,False,-1
714,SINGLE,0,0,1,False,-1
716,SINGLE,0,0,1,False,-1
717,DOUBLE,1,0,1,False,-1
719,DOUBLE,1,0,1,False,-1
720,SINGLE,0,0,1,False,-1
721,SINGLE,0,0,1,False,-1
723,SINGLE,0,0,1,False,-1
724,DOUBLE,1,0,1,False,-1
725,DOUBLE,1,0,1,False,-1
726,SINGLE,0,0,1,False,-1
727,SINGLE,0,0,1,False,-1
728,DOUBLE,1,0,1,False,-1
729,SINGLE,0,0,1,False,-1
730,SINGLE,0,0,1,False,-1
731,DOUBLE,1,0,1,False,-1
732,DOUBLE,1,0,1,False,-1
733,DOUBLE,1,0,1,False,-1
734,SINGLE,0,0,1,False,-1
735,DOUBLE,1,0,1,False,-1
736,SINGLE,0,0,1,False,-1
737,SINGLE,0,0,1,False,-1
738,SINGLE,0,0,1,False,-1
739,SINGLE,0,0,1,False,-1
740,DOUBLE,1,0,1,False,-1
741,SINGLE,0,0,1,False,-1
742,DOUBLE,1,0,1,False,-1
743,DOUBLE,1,0,1,False,-1
744,DOUBLE,1,0,1,False,-1
745,SINGLE,0,0,1,False,-1
746,DOUBLE,1,0,1,False,-1
747,DOUBLE,1,0,1,False,-1
749,SINGLE,0,0,1,False,-1
750,DOUBLE,1,0,1,False,-1
751,DOUBLE,1,0,1,False,-1
752,DOUBLE,1,0,1,False,-1
753,SINGLE,0,0,1,False,-1
754,SINGLE,0,0,1,False,-1
755,SINGLE,0,0,1,False,-1
756,DOUBLE,1,0,1,False,-1
757,DOUBLE,1,0,1,False,-1
758,SINGLE,0,0,1,False,-1
759,SINGLE,0,0,1,False,-1
760,SINGLE,0,0,1,False,-1
761,DOUBLE,1,0,1,False,-1
762,DOUBLE,1,0,1,False,-1
763,DOUBLE,1,0,1,False,-1
764,DOUBLE,1,0,1,False,-1
765,DOUBLE,1,0,1,False,-1
766,DOUBLE,1,0,1,False,-1
767,DOUBLE,1,0,1,False,-1
768,SINGLE,0,0,1,False,-1
769,DOUBLE,1,0,1,False,-1
770,DOUBLE,1,0,1,False,-1
771,SINGLE,0,0,1,False,-1
772,SINGLE,0,0,1,False,-1
773,SINGLE,0,0,1,False,-1
775,DOUBLE,1,0,1,False,-1
776,SINGLE,0,0,1,False,-1
777,SINGLE,0,0,1,False,-1
779,SINGLE,0,0,1,False,-1
780,SINGLE,0,0,1,False,-1
781,SINGLE,0,0,1,False,-1
782,DOUBLE,1,0,1,False,-1
783,SINGLE,0,0,1,False,-1
784,SINGLE,0,0,1,False,-1
785,DOUBLE,1,0,1,False,-1
786,DOUBLE,1,0,1,False,-1
787,SINGLE,0,0,1,False,-1
788,DOUBLE,1,0,1,False,-1
789,SINGLE,0,0,1,False,-1
791,DOUBLE,1,0,1,False,-1
793,SINGLE,0,0,1,False,-1
794,DOUBLE,1,0,1,False,-1
795,DOUBLE,1,0,1,False,-1
796,DOUBLE,1,0,1,False,-1
797,DOUBLE,1,0,1,False,-1
798,SINGLE,0,0,1,False,-1
799,DOUBLE,1,0,1,False,-1
800,DOUBLE,1,0,1,False,-1
801,TRIPLE,1,1,1,False,-1
802,SINGLE,0,0,1,False,-1
803,DOUBLE,1,0,1,False,-1
804,SINGLE,0,0,1,False,-1
805,DOUBLE,1,0,1,False,-1
806,SINGLE,0,0,1,False,-1
807,DOUBLE,1,0,1,False,-1
808,DOUBLE,1,0,1,False,-1
809,DOUBLE,1,0,1,False,-1
810,SINGLE,0,0,1,False,-1
811,SINGLE,0,0,1,False,-1
812,DOUBLE,1,0,1,False,-1
813,DOUBLE,1,0,1,False,-1
814,DOUBLE,1,0,1,False,-1
815,DOUBLE,1,0,1,False,-1
816,DOUBLE,1,0,1,False,-1
818,DOUBLE,1,0,1,False,-1
820,SINGLE,0,0,1,False,-1
821,SINGLE,0,0,1,False,-1
822,SINGLE,0,0,1,False,-1
823,SINGLE,0,0,1,False,-1
824,SINGLE,0,0,1,False,-1
825,SINGLE,0,0,1,False,-1
826,SINGLE,0,0,1,False,-1
827,DOUBLE,1,0,1,False,-1
829,SINGLE,0,0,1,False,-1
830,DOUBLE,1,0,1,False,-1
831,DOUBLE,1,0,1,False,-1
832,SINGLE,0,0,1,False,-1
833,SINGLE,0,0,1,False,-1
834,DOUBLE,1,0,1,False,-1
835,DOUBLE,1,0,1,False,-1
836,DOUBLE,1,0,1,False,-1
837,SINGLE,0,0,1,False,-1
838,SINGLE,0,0,1,False,-1
839,SINGLE,0,0,1,False,-1
840,SINGLE,0,0,1,False,-1
841,SINGLE,0,0,1,False,-1
842,DOUBLE,1,0,1,False,-1
843,SINGLE,0,0,1,False,-1
844,DOUBLE,1,0,1,False,-1
845,SINGLE,0,0,1,False,-1
846,DOUBLE,1,0,1,False,-1
848,DOUBLE,1,0,1,False,-1
850,DOUBLE,1,0,1,False,-1
851,SINGLE,0,0,1,False,-1
852,DOUBLE,1,0,1,False,-1
853,DOUBLE,1,0,1,False,-1
856,DOUBLE,1,0,1,False,-1
857,DOUBLE,1,0,1,False,-1
858,DOUBLE,1,0,1,False,-1
859,SINGLE,0,0,1,False,-1
860,DOUBLE,1,0,1,False,-1
861,SINGLE,0,0,1,False,-1
862,SINGLE,0,0,1,False,-1
863,DOUBLE,1,0,1,False,-1
864,DOUBLE,1,0,1,False,-1
865,DOUBLE,1,0,1,False,-1
866,DOUBLE,1,0,1,False,-1
867,DOUBLE,1,0,1,False,-1
868,DOUBLE,1,0,1,False,-1
869,DOUBLE,1,0,1,False,-1
870,DOUBLE,1,0,1,False,-1
871,DOUBLE,1,0,1,False,-1
872,DOUBLE,1,0,1,False,-1
873,SINGLE,0,0,1,False,-1
875,DOUBLE,1,0,1,False,-1
876,SINGLE,0,0,1,False,-1
878,SINGLE,0,0,1,False,-1
880,SINGLE,0,0,1,False,-1
881,DOUBLE,1,0,1,False,-1
882,SINGLE,0,0,1,False,-1
883,SINGLE,0,0,1,False,-1
884,DOUBLE,1,0,1,False,-1
885,DOUBLE,1,0,1,False,-1
886,DOUBLE,1,0,1,False,-1
887,DOUBLE,1,0,1,False,-1
889,DOUBLE,1,0,1,False,-1
890,SINGLE,0,0,1,False,-1
892,SINGLE,0,0,1,False,-1
894,DOUBLE,1,0,1,False,-1
895,TRIPLE,1,1,1,False,-1
896,SINGLE,0,0,1,False,-1
898,DOUBLE,1,0,1,False,-1
899,SINGLE,0,0,1,False,-1
900,DOUBLE,1,0,1,False,-1
901,SINGLE,0,0,1,False,-1
902,SINGLE,0,0,1,False,-1
903,SINGLE,0,0,1,False,-1
904,DOUBLE,1,0,1,False,-1
906,DOUBLE,1,0,1,False,-1
907,DOUBLE,1,0,1,False,-1
908,SINGLE,0,0,1,False,-1
909,DOUBLE,1,0,1,False,-1
910,DOUBLE,1,0,1,False,-1
911,DOUBLE,1,0,1,False,-1
912,DOUBLE,1,0,1,False,-1
913,DOUBLE,1,0,1,False,-1
914,DOUBLE,1,0,1,False,-1
915,DOUBLE,1,0,1,False,-1
916,SINGLE,0,0,1,False,-1
917,DOUBLE,1,0,1,False,-1
918,DOUBLE,1,0,1,False,-1
920,DOUBLE,1,0,1,False,-1
922,DOUBLE,1,0,1,False,-1
923,DOUBLE,1,0,1,False,-1
924,TRIPLE,1,1,1,False,-1
925,SINGLE,0,0,1,False,-1
926,SINGLE,0,0,1,False,-1
927,DOUBLE,1,0,1,False,-1
928,SINGLE,0,0,1,False,-1
929,SINGLE,0,0,1,False,-1
930,DOUBLE,1,0,1,False,-1
931,DOUBLE,1,0,1,False,-1
932,DOUBLE,1,0,1,False,-1
933,DOUBLE,1,0,1,False,-1
934,SINGLE,0,0,1,False,-1
935,SINGLE,0,0,1,False,-1
936,DOUBLE,1,0,1,False,-1
937,DOUBLE,1,0,1,False,-1
938,DOUBLE,1,0,1,False,-1
939,DOUBLE,1,0,1,False,-1
940,SINGLE,0,0,1,False,-1
941,SINGLE,0,0,1,False,-1
942,SINGLE,0,0,1,False,-1
943,DOUBLE,1,0,1,False,-1
944,SINGLE,0,0,1,False,-1
945,SINGLE,0,0,1,False,-1
946,SINGLE,0,0,1,False,-1
948,DOUBLE,1,0,1,False,-1
949,SINGLE,0,0,1,False,-1
950,DOUBLE,1,0,1,False,-1
951,DOUBLE,1,0,1,False,-1
952,DOUBLE,1,0,1,False,-1
953,SINGLE,0,0,1,False,-1
954,SINGLE,0,0,1,False,-1
956,SINGLE,0,0,1,False,-1
957,DOUBLE,1,0,1,False,-1
958,DOUBLE,1,0,1,False,-1
959,DOUBLE,1,0,1,False,-1
962,SINGLE,0,0,1,False,-1
963,SINGLE,0,0,1,False,-1
964,DOUBLE,1,0,1,False,-1
965,DOUBLE,1,0,1,False,-1
966,SINGLE,0,0,1,False,-1
967,DOUBLE,1,0,1,False,-1
968,SINGLE,0,0,1,False,-1
969,DOUBLE,1,0,1,False,-1
970,DOUBLE,1,0,1,False,-1
971,SINGLE,0,0,1,False,-1
972,DOUBLE,1,0,1,False,-1
973,DOUBLE,1,0,1,False,-1
974,DOUBLE,1,0,1,False,-1
975,SINGLE,0,0,1,False,-1
976,DOUBLE,1,0,1,False,-1
977,DOUBLE,1,0,1,False,-1
978,DOUBLE,1,0,1,False,-1
979,SINGLE,0,0,1,False,-1
980,SINGLE,0,0,1,False,-1
981,DOUBLE,1,0,1,False,-1
982,DOUBLE,1,0,1,False,-1
983,DOUBLE,1,0,1,False,-1
984,DOUBLE,1,0,1,False,-1
985,DOUBLE,1,0,1,False,-1
986,DOUBLE,1,0,1,False,-1
987,DOUBLE,1,0,1,False,-1
988,SINGLE,0,0,1,False,-1
989,SINGLE,0,0,1,False,-1
990,DOUBLE,1,0,1,False,-1
991,SINGLE,0,0,1,False,-1
993,DOUBLE,1,0,1,False,-1
994,DOUBLE,1,0,1,False,-1
996,DOUBLE,1,0,1,False,-1
997,DOUBLE,1,0,1,False,-1
998,DOUBLE,1,0,1,False,-1
999,SINGLE,0,0,1,False,-1
1000,DOUBLE,1,0,1,False,-1
1001,SINGLE,0,0,1,False,-1
1002,DOUBLE,1,0,1,False,-1
1003,DOUBLE,1,0,1,False,-1
1004,DOUBLE,1,0,1,False,-1
1005,DOUBLE,1,0,1,False,-1
1006,DOUBLE,1,0,1,False,-1
1007,DOUBLE,1,0,1,False,-1
1008,DOUBLE,1,0,1,False,-1
1009,DOUBLE,1,0,1,False,-1
1011,DOUBLE,1,0,1,False,-1
1012,DOUBLE,1,0,1,False,-1
1013,DOUBLE,1,0,1,False,-1
1014,DOUBLE,1,0,1,False,-1
1015,DOUBLE,1,0,1,False,-1
1016,DOUBLE,1,0,1,False,-1
1017,SINGLE,0,0,1,False,-1
1018,SINGLE,0,0,1,False,-1
1019,DOUBLE,1,0,1,False,-1
1020,SINGLE,0,0,1,False,-1
1021,DOUBLE,1,0,1,False,-1
1022,DOUBLE,1,0,1,False,-1
1025,SINGLE,0,0,1,False,-1
1026,DOUBLE,1,0,1,False,-1
1027,DOUBLE,1,0,1,False,-1
1028,DOUBLE,1,0,1,False,-1
1029,DOUBLE,1,0,1,False,-1
1030,DOUBLE,1,0,1,False,-1
1031,SINGLE,0,0,1,False,-1
1032,SINGLE,0,0,1,False,-1
1034,SINGLE,0,0,1,False,-1
1035,SINGLE,0,0,1,False,-1
1037,DOUBLE,1,0,1,False,-1
1038,DOUBLE,1,0,1,False,-1
1040,SINGLE,0,0,1,False,-1
1041,SINGLE,0,0,1,False,-1
1042,SINGLE,0,0,1,False,-1
1043,DOUBLE,1,0,1,False,-1
1044,DOUBLE,1,0,1,False,-1
1045,SINGLE,0,0,1,False,-1
1046,DOUBLE,1,0,1,False,-1
1047,DOUBLE,1,0,1,False,-1
1049,DOUBLE,1,0,1,False,-1
1050,DOUBLE,1,0,1,False,-1
1051,DOUBLE,1,0,1,False,-1
1052,DOUBLE,1,0,1,False,-1
1053,DOUBLE,1,0,1,False,-1
1054,SINGLE,0,0,1,False,-1
1055,DOUBLE,1,0,1,False,-1
1056,SINGLE,0,0,1,False,-1
1057,DOUBLE,1,0,1,False,-1
1058,DOUBLE,1,0,1,False,-1
1059,DOUBLE,1,0,1,False,-1
1060,SINGLE,0,0,1,False,-1
1062,SINGLE,0,0,1,False,-1
1063,DOUBLE,1,0,1,False,-1
1064,DOUBLE,1,0,1,False,-1
1065,SINGLE,0,0,1,False,-1
1066,SINGLE,0,0,1,False,-1
1067,SINGLE,0,0,1,False,-1
1068,DOUBLE,1,0,1,False,-1
1069,SINGLE,0,0,1,False,-1
1070,SINGLE,0,0,1,False,-1
1071,DOUBLE,1,0,1,False,-1
1072,SINGLE,0,0,1,False,-1
1073,DOUBLE,1,0,1,False,-1
1074,SINGLE,0,0,1,False,-1
1075,SINGLE,0,0,1,False,-1
1076,SINGLE,0,0,1,False,-1
1077,DOUBLE,1,0,1,False,-1
1078,DOUBLE,1,0,1,False,-1
1079,SINGLE,0,0,1,False,-1
1080,DOUBLE,1,0,1,False,-1
1081,SINGLE,0,0,1,False,-1
1082,SINGLE,0,0,1,False,-1
1083,SINGLE,0,0,1,False,-1
1084,DOUBLE,0,1,1,False,-1
1086,DOUBLE,1,0,1,False,-1
1087,DOUBLE,1,0,1,False,-1
1088,DOUBLE,1,0,1,False,-1
1089,SINGLE,0,0,1,False,-1
1090,SINGLE,0,0,1,False,-1
1092,DOUBLE,1,0,1,False,-1
1093,DOUBLE,1,0,1,False,-1
1094,DOUBLE,1,0,1,False,-1
1095,SINGLE,0,0,1,False,-1
1096,DOUBLE,1,0,1,False,-1
1097,SINGLE,0,0,1,False,-1
1098,DOUBLE,1,0,1,False,-1
1100,DOUBLE,1,0,1,False,-1
1101,SINGLE,0,0,1,False,-1
1102,DOUBLE,1,0,1,False,-1
1103,DOUBLE,1,0,1,False,-1
1104,DOUBLE,1,0,1,False,-1
1105,DOUBLE,1,0,1,False,-1
1106,DOUBLE,1,0,1,False,-1
1108,SINGLE,0,0,1,False,-1
1109,DOUBLE,1,0,1,False,-1
1111,SINGLE,0,0,1,False,-1
1113,DOUBLE,1,0,1,False,-1
1114,DOUBLE,1,0,1,False,-1
1115,DOUBLE,1,0,1,False,-1
1116,SINGLE,0,0,1,False,-1
1117,SINGLE,0,0,1,False,-1
1118,DOUBLE,1,0,1,False,-1
1119,SINGLE,0,0,1,False,-1
1120,DOUBLE,1,0,1,False,-1
1121,DOUBLE,1,0,1,False,-1
1123,DOUBLE,1,0,1,False,-1
1124,DOUBLE,1,0,1,False,-1
1125,SINGLE,0,0,1,False,-1
1126,DOUBLE,1,0,1,False,-1
1127,SINGLE,0,0,1,False,-1
1128,SINGLE,0,0,1,False,-1
1129,SINGLE,0,0,1,False,-1
1130,DOUBLE,1,0,1,False,-1
1131,DOUBLE,1,0,1,False,-1
1132,DOUBLE,1,0,1,False,-1
1133,DOUBLE,1,0,1,False,-1
1134,SINGLE,0,0,1,False,-1
1135,DOUBLE,1,0,1,False,-1
1136,DOUBLE,1,0,1,False,-1
1138,DOUBLE,1,0,1,False,-1
1139,DOUBLE,1,0,1,False,-1
1140,SINGLE,0,0,1,False,-1
1141,DOUBLE,1,0,1,False,-1
1142,DOUBLE,1,0,1,False,-1
1143,DOUBLE,1,0,1,False,-1
1144,DOUBLE,1,0,1,False,-1
1145,DOUBLE,1,0,1,False,-1
1146,DOUBLE,1,0,1,False,-1
1147,DOUBLE,1,0,1,False,-1
1148,DOUBLE,1,0,1,False,-1
1149,DOUBLE,1,0,1,False,-1
1150,DOUBLE,1,0,1,False,-1
1151,DOUBLE,1,0,1,False,-1
1154,DOUBLE,1,0,1,False,-1
1155,DOUBLE,1,0,1,False,-1
1156,TRIPLE,1,1,1,False,-1
1157,DOUBLE,1,0,1,False,-1
1158,DOUBLE,1,0,1,False,-1
1159,SINGLE,0,0,1,False,-1
1160,DOUBLE,1,0,1,False,-1
1161,SINGLE,0,0,1,False,-1
1162,DOUBLE,1,0,1,False,-1
1163,SINGLE,0,0,1,False,-1
1164,SINGLE,0,0,1,False,-1
1165,DOUBLE,1,0,1,False,-1
1166,SINGLE,0,0,1,False,-1
1167,DOUBLE,1,0,1,False,-1
1168,SINGLE,0,0,1,False,-1
1169,DOUBLE,1,0,1,False,-1
1171,DOUBLE,1,0,1,False,-1
1172,SINGLE,0,0,1,False,-1
1174,DOUBLE,1,0,1,False,-1
1175,SINGLE,0,0,1,False,-1
1176,DOUBLE,1,0,1,False,-1
1177,SINGLE,0,0,1,False,-1
1178,SINGLE,0,0,1,False,-1
1179,SINGLE,0,0,1,False,-1
1180,DOUBLE,1,0,1,False,-1
1181,DOUBLE,1,0,1,False,-1
1182,SINGLE,0,0,1,False,-1
1183,SINGLE,0,0,1,False,-1
1184,SINGLE,0,0,1,False,-1
1185,DOUBLE,1,0,1,False,-1
1186,DOUBLE,1,0,1,False,-1
1187,SINGLE,0,0,1,False,-1
1188,SINGLE,0,0,1,False,-1
1189,SINGLE,0,0,1,False,-1
1190,SINGLE,0,0,1,False,-1
1191,DOUBLE,1,0,1,False,-1
1192,SINGLE,0,0,1,False,-1
1193,SINGLE,0,0,1,False,-1
1194,DOUBLE,1,0,1,False,-1
1195,SINGLE,0,0,1,False,-1
1196,SINGLE,0,0,1,False,-1
1197,SINGLE,0,0,1,False,-1
1198,SINGLE,0,0,1,False,-1
1199,DOUBLE,1,0,1,False,-1
1200,DOUBLE,1,0,1,False,-1
1201,SINGLE,0,0,1,False,-1
1202,DOUBLE,1,0,1,False,-1
1203,SINGLE,0,0,1,False,-1
1204,SINGLE,0,0,1,False,-1
1206,DOUBLE,1,0,1,False,-1
1207,DOUBLE,1,0,1,False,-1
1208,DOUBLE,1,0,1,False,-1
1209,SINGLE,0,0,1,False,-1
1210,DOUBLE,1,0,1,False,-1
1211,DOUBLE,1,0,1,False,-1
1212,SINGLE,0,0,1,False,-1
1213,SINGLE,0,0,1,False,-1
1214,SINGLE,0,0,1,False,-1
1215,DOUBLE,1,0,1,False,-1
1216,SINGLE,0,0,1,False,-1
1217,DOUBLE,1,0,1,False,-1
1218,SINGLE,0,0,1,False,-1
1219,DOUBLE,1,0,1,False,-1
1220,DOUBLE,1,0,1,False,-1
1221,DOUBLE,1,0,1,False,-1
1222,SINGLE,0,0,1,False,-1
1223,SINGLE,0,0,1,False,-1
1224,SINGLE,0,0,1,False,-1
1225,DOUBLE,1,0,1,False,-1
1226,DOUBLE,1,0,1,False,-1
1227,DOUBLE,1,0,1,False,-1
1228,SINGLE,0,0,1,False,-1
1229,SINGLE,0,0,1,False,-1
1230,DOUBLE,1,0,1,False,-1
1231,DOUBLE,1,0,1,False,-1
1232,SINGLE,0,0,1,False,-1
1233,DOUBLE,1,0,1,False,-1
1234,DOUBLE,1,0,1,False,-1
1235,DOUBLE,1,0,1,False,-1
1236,SINGLE,0,0,1,False,-1
1237,DOUBLE,1,0,1,False,-1
1238,SINGLE,0,0,1,False,-1
1239,DOUBLE,1,0,1,False,-1
1240,SINGLE,0,0,1,False,-1
1241,SINGLE,0,0,1,False,-1
1242,DOUBLE,1,0,1,False,-1
1243,DOUBLE,1,0,1,False,-1
1244,DOUBLE,1,0,1,False,-1
1246,SINGLE,0,0,1,False,-1
1247,DOUBLE,1,0,1,False,-1
1248,SINGLE,0,0,1,False,-1
1249,SINGLE,0,0,1,False,-1
1250,DOUBLE,1,0,1,False,-1
1251,DOUBLE,1,0,1,False,-1
1252,SINGLE,0,0,1,False,-1
1253,DOUBLE,1,0,1,False,-1
1254,DOUBLE,1,0,1,False,-1
1255,DOUBLE,1,0,1,False,-1
1256,SINGLE,0,0,1,False,-1
1257,DOUBLE,1,0,1,False,-1
1258,DOUBLE,1,0,1,False,-1
1259,DOUBLE,1,0,1,False,-1
1260,SINGLE,0,0,1,False,-1
1261,DOUBLE,1,0,1,False,-1
1262,DOUBLE,1,0,1,False,-1
1264,DOUBLE,1,0,1,False,-1
1265,SINGLE,0,0,1,False,-1
1266,SINGLE,0,0,1,False,-1
1267,DOUBLE,1,0,1,False,-1
1268,SINGLE,0,0,1,False,-1
1269,DOUBLE,1,0,1,False,-1
1270,SINGLE,0,0,1,False,-1
1271,SINGLE,0,0,1,False,-1
1272,SINGLE,0,0,1,False,-1
1273,DOUBLE,1,0,1,False,-1
1274,SINGLE,0,0,1,False,-1
1275,SINGLE,0,0,1,False,-1
1276,SINGLE,0,0,1,False,-1
1277,SINGLE,0,0,1,False,-1
1278,SINGLE,0,0,1,False,-1
1279,DOUBLE,1,0,1,False,-1
1280,DOUBLE,1,0,1,False,-1
1281,SINGLE,0,0,1,False,-1
1282,SINGLE,0,0,1,False,-1
1283,SINGLE,0,0,1,False,-1
1284,SINGLE,0,0,1,False,-1
1285,DOUBLE,1,0,1,False,-1
1286,SINGLE,0,0,1,False,-1
1288,SINGLE,0,0,1,False,-1
1289,DOUBLE,1,0,1,False,-1
1290,SINGLE,0,0,1,False,-1
1292,DOUBLE,1,0,1,False,-1
1293,DOUBLE,1,0,1,False,-1
1294,SINGLE,0,0,1,False,-1
1295,DOUBLE,1,0,1,False,-1
1296,DOUBLE,1,0,1,False,-1
1297,DOUBLE,1,0,1,False,-1
1298,DOUBLE,1,0,1,False,-1
1299,SINGLE,0,0,1,False,-1
1300,DOUBLE,1,0,1,False,-1
1301,DOUBLE,1,0,1,False,-1
1302,DOUBLE,1,0,1,False,-1
1303,DOUBLE,1,0,1,False,-1
1304,DOUBLE,1,0,1,False,-1
1305,DOUBLE,1,0,1,False,-1
1306,DOUBLE,1,0,1,False,-1
1307,SINGLE,0,0,1,False,-1
1308,SINGLE,0,0,1,False,-1
1309,DOUBLE,1,0,1,False,-1
1310,DOUBLE,1,0,1,False,-1
1311,DOUBLE,1,0,1,False,-1
1312,SINGLE,0,0,1,False,-1
1313,SINGLE,0,0,1,False,-1
1314,DOUBLE,1,0,1,False,-1
1315,DOUBLE,1,0,1,False,-1
1316,SINGLE,0,0,1,False,-1
1319,DOUBLE,1,0,1,False,-1
1320,DOUBLE,1,0,1,False,-1
1321,DOUBLE,1,0,1,False,-1
1322,DOUBLE,1,0,1,False,-1
1324,DOUBLE,1,0,1,False,-1
1325,DOUBLE,1,0,1,False,-1
1326,SINGLE,0,0,1,False,-1
1327,DOUBLE,1,0,1,False,-1
1328,DOUBLE,1,0,1,False,-1
1329,DOUBLE,1,0,1,False,-1
1330,DOUBLE,1,0,1,False,-1
1331,DOUBLE,1,0,1,False,-1
1334,SINGLE,0,0,1,False,-1
1335,DOUBLE,1,0,1,False,-1
1336,SINGLE,0,0,1,False,-1
1337,DOUBLE,1,0,1,False,-1
1338,SINGLE,0,0,1,False,-1
1340,DOUBLE,1,0,1,False,-1
1341,SINGLE,0,0,1,False,-1
1342,DOUBLE,1,0,1,False,-1
1343,TRIPLE,1,1,1,False,-1
1344,DOUBLE,1,0,1,False,-1
1345,SINGLE,0,0,1,False,-1
1346,DOUBLE,1,0,1,False,-1
1347,DOUBLE,1,0,1,False,-1
1348,SINGLE,0,0,1,False,-1
1349,SINGLE,0,0,1,False,-1
1350,DOUBLE,1,0,1,False,-1
1351,DOUBLE,1,0,1,False,-1
1352,SINGLE,0,0,1,False,-1
1355,DOUBLE,1,0,1,False,-1
1356,SINGLE,0,0,1,False,-1
1357,SINGLE,0,0,1,False,-1
1358,SINGLE,0,0,1,False,-1
1359,DOUBLE,1,0,1,False,-1
1360,DOUBLE,1,0,1,False,-1
1361,DOUBLE,1,0,1,False,-1
1362,DOUBLE,1,0,1,False,-1
1363,DOUBLE,1,0,1,False,-1
1364,SINGLE,0,0,1,False,-1
1366,DOUBLE,1,0,1,False,-1
1367,DOUBLE,1,0,1,False,-1
1368,SINGLE,0,0,1,False,-1
1369,DOUBLE,1,0,1,False,-1
1370,DOUBLE,1,0,1,False,-1
1371,DOUBLE,1,0,1,False,-1
1372,DOUBLE,1,0,1,False,-1
1373,DOUBLE,1,0,1,False,-1
1374,SINGLE,0,0,1,False,-1
1375,DOUBLE,1,0,1,False,-1
1376,DOUBLE,1,0,1,False,-1
1377,DOUBLE,1,0,1,False,-1
1378,DOUBLE,1,0,1,False,-1
1380,DOUBLE,1,0,1,False,-1
1381,SINGLE,0,0,1,False,-1
1382,DOUBLE,1,0,1,False,-1
1383,DOUBLE,1,0,1,False,-1
1384,SINGLE,0,0,1,False,-1
1385,DOUBLE,1,0,1,False,-1
1386,DOUBLE,1,0,1,False,-1
1387,DOUBLE,1,0,1,False,-1
1389,DOUBLE,1,0,1,False,-1
1390,DOUBLE,1,0,1,False,-1
1391,DOUBLE,1,0,1,False,-1
1392,SINGLE,0,0,1,False,-1
1393,DOUBLE,1,0,1,False,-1
1394,DOUBLE,1,0,1,False,-1
1396,DOUBLE,1,0,1,False,-1
1397,DOUBLE,1,0,1,False,-1
1398,SINGLE,0,0,1,False,-1
1399,SINGLE,0,0,1,False,-1
1400,DOUBLE,1,0,1,False,-1
1401,DOUBLE,1,0,1,False,-1
1402,DOUBLE,1,0,1,False,-1
1403,SINGLE,0,0,1,False,-1
1404,SINGLE,0,0,1,False,-1
1405,SINGLE,0,0,1,False,-1
1406,DOUBLE,1,0,1,False,-1
1407,DOUBLE,1,0,1,False,-1
1408,DOUBLE,1,0,1,False,-1
1409,SINGLE,0,0,1,False,-1
1410,SINGLE,0,0,1,False,-1
1411,DOUBLE,1,0,1,False,-1
1412,SINGLE,0,0,1,False,-1
1414,DOUBLE,1,0,1,False,-1
1415,DOUBLE,1,0,1,False,-1
1416,DOUBLE,1,0,1,False,-1
1417,DOUBLE,1,0,1,False,-1
1418,SINGLE,0,0,1,False,-1
1419,DOUBLE,1,0,1,False,-1
1420,SINGLE,0,0,1,False,-1
1421,SINGLE,0,0,1,False,-1
1422,SINGLE,0,0,1,False,-1
1423,SINGLE,0,0,1,False,-1
1425,DOUBLE,1,0,1,False,-1
1426,DOUBLE,1,0,1,False,-1
1427,SINGLE,0,0,1,False,-1
1429,SINGLE,0,0,1,False,-1
1430,SINGLE,0,0,1,False,-1
1431,SINGLE,0,0,1,False,-1
1432,DOUBLE,1,0,1,False,-1
1433,SINGLE,0,0,1,False,-1
1434,DOUBLE,1,0,1,False,-1
1435,SINGLE,0,0,1,False,-1
1436,DOUBLE,1,0,1,False,-1
1437,SINGLE,0,0,1,False,-1
1438,SINGLE,0,0,1,False,-1
1439,DOUBLE,1,0,1,False,-1
1440,DOUBLE,1,0,1,False,-1
1441,DOUBLE,1,0,1,False,-1
1442,DOUBLE,1,0,1,False,-1
1443,TRIPLE,1,1,1,False,-1
1444,SINGLE,0,0,1,False,-1
1445,SINGLE,0,0,1,False,-1
1446,DOUBLE,1,0,1,False,-1
1447,SINGLE,0,0,1,False,-1
1448,DOUBLE,1,0,1,False,-1
1449,SINGLE,0,0,1,False,-1
1450,SINGLE,0,0,1,False,-1
1451,DOUBLE,1,0,1,False,-1
1452,SINGLE,0,0,1,False,-1
1453,SINGLE,0,0,1,False,-1
1454,DOUBLE,1,0,1,False,-1
1455,DOUBLE,1,0,1,False,-1
1456,SINGLE,0,0,1,False,-1
1457,SINGLE,0,0,1,False,-1
1458,SINGLE,0,0,1,False,-1
1459,DOUBLE,1,0,1,False,-1
1460,DOUBLE,1,0,1,False,-1
1461,DOUBLE,1,0,1,False,-1
1462,SINGLE,0,0,1,False,-1
1463,DOUBLE,1,0,1,False,-1
1464,SINGLE,0,0,1,False,-1
1465,SINGLE,0,0,1,False,-1
1466,SINGLE,0,0,1,False,-1
1467,DOUBLE,1,0,1,False,-1
1468,DOUBLE,1,0,1,False,-1
1470,DOUBLE,1,0,1,False,-1
1473,DOUBLE,1,0,1,False,-1
1474,DOUBLE,1,0,1,False,-1
1475,DOUBLE,1,0,1,False,-1
1476,DOUBLE,1,0,1,False,-1
1477,DOUBLE,1,0,1,False,-1
1478,DOUBLE,1,0,1,False,-1
1479,SINGLE,0,0,1,False,-1
1481,DOUBLE,1,0,1,False,-1
1482,DOUBLE,1,0,1,False,-1
1483,DOUBLE,1,0,1,False,-1
1484,DOUBLE,1,0,1,False,-1
1485,DOUBLE,1,0,1,False,-1
1487,DOUBLE,1,0,1,False,-1
1488,SINGLE,0,0,1,False,-1
1489,DOUBLE,1,0,1,False,-1
1490,DOUBLE,1,0,1,False,-1
1491,DOUBLE,1,0,1,False,-1
1492,DOUBLE,1,0,1,False,-1
1493,DOUBLE,1,0,1,False,-1
1494,SINGLE,0,0,1,False,-1
1495,SINGLE,0,0,1,False,-1
1496,DOUBLE,1,0,1,False,-1
1497,DOUBLE,1,0,1,False,-1
1498,DOUBLE,1,0,1,False,-1
1500,DOUBLE,1,0,1,False,-1
1501,SINGLE,0,0,1,False,-1
1502,SINGLE,0,0,1,False,-1
1503,SINGLE,0,0,1,False,-1
1504,DOUBLE,1,0,1,False,-1
1505,DOUBLE,1,0,1,False,-1
1506,DOUBLE,1,0,1,False,-1
1507,DOUBLE,1,0,1,False,-1
1509,SINGLE,0,0,1,False,-1
1510,DOUBLE,1,0,1,False,-1
1511,SINGLE,0,0,1,False,-1
1513,SINGLE,0,0,1,False,-1
1514,DOUBLE,1,0,1,False,-1
1516,DOUBLE,1,0,1,False,-1
1517,DOUBLE,1,0,1,False,-1
1518,SINGLE,0,0,1,False,-1
1519,SINGLE,0,0,1,False,-1
1520,DOUBLE,1,0,1,False,-1
1521,SINGLE,0,0,1,False,-1
1522,SINGLE,0,0,1,False,-1
1523,SINGLE,0,0,1,False,-1
1524,SINGLE,0,0,1,False,-1
1525,DOUBLE,1,0,1,False,-1
1526,SINGLE,0,0,1,False,-1
1527,DOUBLE,1,0,1,False,-1
1528,DOUBLE,1,0,1,False,-1
1529,SINGLE,0,0,1,False,-1
1530,SINGLE,0,0,1,False,-1
1531,DOUBLE,1,0,1,False,-1
1532,DOUBLE,1,0,1,False,-1
1533,DOUBLE,1,0,1,False,-1
1534,DOUBLE,1,0,1,False,-1
1535,DOUBLE,1,0,1,False,-1
1536,SINGLE,0,0,1,False,-1
1537,SINGLE,0,0,1,False,-1
1538,DOUBLE,1,0,1,False,-1
1539,DOUBLE,1,0,1,False,-1
1540,SINGLE,0,0,1,False,-1
1541,DOUBLE,1,0,1,False,-1
1542,SINGLE,0,0,1,False,-1
1543,DOUBLE,1,0,1,False,-1
1545,DOUBLE,1,0,1,False,-1
1546,DOUBLE,1,0,1,False,-1
1547,SINGLE,0,0,1,False,-1
1549,DOUBLE,1,0,1,False,-1
1550,SINGLE,0,0,1,False,-1
1551,DOUBLE,1,0,1,False,-1
1552,DOUBLE,1,0,1,False,-1
1553,DOUBLE,1,0,1,False,-1
1554,DOUBLE,1,0,1,False,-1
1556,DOUBLE,1,0,1,False,-1
1557,DOUBLE,1,0,1,False,-1
1558,DOUBLE,1,0,1,False,-1
1559,SINGLE,0,0,1,False,-1
1560,DOUBLE,1,0,1,False,-1
1561,SINGLE,0,0,1,False,-1
1562,DOUBLE,1,0,1,False,-1
1563,SINGLE,0,0,1,False,-1
1564,DOUBLE,1,0,1,False,-1
1565,SINGLE,0,0,1,False,-1
1566,TRIPLE,1,1,1,False,-1
1567,DOUBLE,1,0,1,False,-1
1568,DOUBLE,1,0,1,False,-1
1569,SINGLE,0,0,1,False,-1
1570,SINGLE,0,0,1,False,-1
1571,DOUBLE,1,0,1,False,-1
1572,SINGLE,0,0,1,False,-1
1573,SINGLE,0,0,1,False,-1
1574,SINGLE,0,0,1,False,-1
1575,SINGLE,0,0,1,False,-1
1576,DOUBLE,1,0,1,False,-1
1577,DOUBLE,1,0,1,False,-1
1578,DOUBLE,1,0,1,False,-1
1579,SINGLE,0,0,1,False,-1
1580,DOUBLE,1,0,1,False,-1
1581,SINGLE,0,0,1,False,-1
1582,SINGLE,0,0,1,False,-1
1583,DOUBLE,1,0,1,False,-1
1584,DOUBLE,1,0,1,False,-1
1585,SINGLE,0,0,1,False,-1
1586,DOUBLE,1,0,1,False,-1
1588,SINGLE,0,0,1,False,-1
1589,DOUBLE,1,0,1,False,-1
1590,SINGLE,0,0,1,False,-1
1591,SINGLE,0,0,1,False,-1
1592,SINGLE,0,0,1,False,-1
1593,DOUBLE,1,0,1,False,-1
1595,DOUBLE,1,0,1,False,-1
1596,DOUBLE,1,0,1,False,-1
1597,DOUBLE,1,0,1,False,-1
1598,SINGLE,0,0,1,False,-1
1599,DOUBLE,1,0,1,False,-1
1600,DOUBLE,1,0,1,False,-1
1601,DOUBLE,1,0,1,False,-1
1602,DOUBLE,1,0,1,False,-1
1603,DOUBLE,1,0,1,False,-1
1604,SINGLE,0,0,1,False,-1
1605,DOUBLE,1,0,1,False,-1
1606,SINGLE,0,0,1,False,-1
1607,SINGLE,0,0,1,False,-1
1608,SINGLE,0,0,1,False,-1
1609,SINGLE,0,0,1,False,-1
1610,DOUBLE,1,0,1,False,-1
1611,DOUBLE,1,0,1,False,-1
1612,SINGLE,0,0,1,False,-1
1613,DOUBLE,1,0,1,False,-1
1614,DOUBLE,1,0,1,False,-1
1616,DOUBLE,1,0,1,False,-1
1617,SINGLE,0,0,1,False,-1
1618,SINGLE,0,0,1,False,-1
1619,SINGLE,0,0,1,False,-1
1620,SINGLE,0,0,1,False,-1
1623,SINGLE,0,0,1,False,-1
1624,SINGLE,0,0,1,False,-1
1625,DOUBLE,1,0,1,False,-1
1626,SINGLE,0,0,1,False,-1
1627,DOUBLE,1,0,1,False,-1
1628,SINGLE,0,0,1,False,-1
1629,DOUBLE,1,0,1,False,-1
1630,SINGLE,0,0,1,False,-1
1631,DOUBLE,1,0,1,False,-1
1632,SINGLE,0,0,1,False,-1
1633,DOUBLE,1,0,1,False,-1
1634,SINGLE,0,0,1,False,-1
1635,DOUBLE,1,0,1,False,-1
1636,DOUBLE,1,0,1,False,-1
1637,SINGLE,0,0,1,False,-1
1638,SINGLE,0,0,1,False,-1
1639,DOUBLE,1,0,1,False,-1
1640,SINGLE,0,0,1,False,-1
1641,DOUBLE,1,0,1,False,-1
1642,DOUBLE,1,0,1,False,-1
1643,DOUBLE,1,0,1,False,-1
1644,DOUBLE,1,0,1,False,-1
1645,DOUBLE,1,0,1,False,-1
1646,DOUBLE,1,0,1,False,-1
1647,SINGLE,0,0,1,False,-1
1648,SINGLE,0,0,1,False,-1
1649,DOUBLE,1,0,1,False,-1
1650,DOUBLE,1,0,1,False,-1
1651,SINGLE,0,0,1,False,-1
1652,SINGLE,0,0,1,False,-1
1653,DOUBLE,1,0,1,False,-1
1654,DOUBLE,1,0,1,False,-1
1655,SINGLE,0,0,1,False,-1
1656,SINGLE,0,0,1,False,-1
1657,SINGLE,0,0,1,False,-1
1658,SINGLE,0,0,1,False,-1
1659,DOUBLE,1,0,1,False,-1
1660,DOUBLE,1,0,1,False,-1
1661,DOUBLE,1,0,1,False,-1
1662,SINGLE,0,0,1,False,-1
1663,DOUBLE,1,0,1,False,-1
1664,DOUBLE,1,0,1,False,-1
1665,SINGLE,0,0,1,False,-1
1666,DOUBLE,1,0,1,False,-1
1667,SINGLE,0,0,1,False,-1
1668,DOUBLE,1,0,1,False,-1
1669,DOUBLE,1,0,1,False,-1
1670,SINGLE,0,0,1,False,-1
1671,SINGLE,0,0,1,False,-1
1673,SINGLE,0,0,1,False,-1
1674,DOUBLE,1,0,1,False,-1
1676,DOUBLE,1,0,1,False,-1
1677,SINGLE,0,0,1,False,-1
1678,SINGLE,0,0,1,False,-1
1679,DOUBLE,1,0,1,False,-1
1680,SINGLE,0,0,1,False,-1
1681,SINGLE,0,0,1,False,-1
1682,SINGLE,0,0,1,False,-1
1683,SINGLE,0,0,1,False,-1
1684,SINGLE,0,0,1,False,-1
1685,SINGLE,0,0,1,False,-1
1686,DOUBLE,1,0,1,False,-1
1687,DOUBLE,1,0,1,False,-1
1688,DOUBLE,1,0,1,False,-1
1689,SINGLE,0,0,1,False,-1
1690,SINGLE,0,0,1,False,-1
1691,DOUBLE,1,0,1,False,-1
1692,SINGLE,0,0,1,False,-1
1693,SINGLE,0,0,1,False,-1
1694,TRIPLE,1,1,1,False,-1
1695,DOUBLE,1,0,1,False,-1
1696,DOUBLE,1,0,1,False,-1
1697,SINGLE,0,0,1,False,-1
1698,DOUBLE,1,0,1,False,-1
1699,DOUBLE,1,0,1,False,-1
1700,SINGLE,0,0,1,False,-1
1702,DOUBLE,1,0,1,False,-1
1703,DOUBLE,1,0,1,False,-1
1704,DOUBLE,1,0,1,False,-1
1705,DOUBLE,1,0,1,False,-1
1706,DOUBLE,1,0,1,False,-1
1707,SINGLE,0,0,1,False,-1
1708,DOUBLE,1,0,1,False,-1
1709,DOUBLE,1,0,1,False,-1
1710,DOUBLE,1,0,1,False,-1
1711,DOUBLE,1,0,1,False,-1
1713,DOUBLE,1,0,1,False,-1
1715,DOUBLE,1,0,1,False,-1
1716,DOUBLE,1,0,1,False,-1
1717,SINGLE,0,0,1,False,-1
1718,DOUBLE,1,0,1,False,-1
1719,SINGLE,0,0,1,False,-1
1720,DOUBLE,1,0,1,False,-1
1722,DOUBLE,1,0,1,False,-1
1724,DOUBLE,1,0,1,False,-1
1725,SINGLE,0,0,1,False,-1
1726,SINGLE,0,0,1,False,-1
1727,DOUBLE,0,1,1,False,-1
1728,SINGLE,0,0,1,False,-1
1729,SINGLE,0,0,1,False,-1
1730,DOUBLE,1,0,1,False,-1
1731,SINGLE,0,0,1,False,-1
1732,DOUBLE,1,0,1,False,-1
1734,DOUBLE,1,0,1,False,-1
1735,DOUBLE,1,0,1,False,-1
1738,SINGLE,0,0,1,False,-1
1739,DOUBLE,1,0,1,False,-1
1740,SINGLE,0,0,1,False,-1
1742,SINGLE,0,0,1,False,-1
1743,SINGLE,0,0,1,False,-1
1744,DOUBLE,1,0,1,False,-1
1745,DOUBLE,1,0,1,False,-1
1746,DOUBLE,1,0,1,False,-1
1747,SINGLE,0,0,1,False,-1
1748,SINGLE,0,0,1,False,-1
1749,DOUBLE,1,0,1,False,-1
1750,DOUBLE,1,0,1,False,-1
1751,DOUBLE,1,0,1,False,-1
1752,SINGLE,0,0,1,False,-1
1753,DOUBLE,1,0,1,False,-1
1755,SINGLE,0,0,1,False,-1
1756,DOUBLE,1,0,1,False,-1
1757,DOUBLE,1,0,1,False,-1
1758,DOUBLE,1,0,1,False,-1
1759,SINGLE,0,0,1,False,-1
1760,SINGLE,0,0,1,False,-1
1762,SINGLE,0,0,1,False,-1
1763,SINGLE,0,0,1,False,-1
1764,SINGLE,0,0,1,False,-1
1765,DOUBLE,1,0,1,False,-1
1766,DOUBLE,1,0,1,False,-1
1767,DOUBLE,1,0,1,False,-1
1769,DOUBLE,1,0,1,False,-1
1770,SINGLE,0,0,1,False,-1
1771,DOUBLE,1,0,1,False,-1
1772,SINGLE,0,0,1,False,-1
1773,SINGLE,0,0,1,False,-1
1774,SINGLE,0,0,1,False,-1
1775,DOUBLE,1,0,1,False,-1
1776,SINGLE,0,0,1,False,-1
1777,DOUBLE,1,0,1,False,-1
1780,SINGLE,0,0,1,False,-1
1781,DOUBLE,1,0,1,False,-1
1782,SINGLE,0,0,1,False,-1
1783,DOUBLE,1,0,1,False,-1
1784,DOUBLE,1,0,1,False,-1
1785,SINGLE,0,0,1,False,-1
1786,DOUBLE,1,0,1,False,-1
1788,SINGLE,0,0,1,False,-1
1789,SINGLE,0,0,1,False,-1
1790,SINGLE,0,0,1,False,-1
1791,DOUBLE,1,0,1,False,-1
1792,DOUBLE,1,0,1,False,-1
1793,TRIPLE,1,1,1,False,-1
1794,DOUBLE,1,0,1,False,-1
1795,SINGLE,0,0,1,False,-1
1796,DOUBLE,1,0,1,False,-1
1797,SINGLE,0,0,1,False,-1
1798,DOUBLE,1,0,1,False,-1
1799,DOUBLE,1,0,1,False,-1
1800,SINGLE,0,0,1,False,-1
1801,DOUBLE,1,0,1,False,-1
1802,DOUBLE,1,0,1,False,-1
1803,DOUBLE,1,0,1,False,-1
1804,DOUBLE,1,0,1,False,-1
1805,SINGLE,0,0,1,False,-1
1806,SINGLE,0,0,1,False,-1
1808,DOUBLE,1,0,1,False,-1
1809,SINGLE,0,0,1,False,-1
1812,SINGLE,0,0,1,False,-1
1813,DOUBLE,1,0,1,False,-1
1815,SINGLE,0,0,1,False,-1
1818,DOUBLE,1,0,1,False,-1
1819,DOUBLE,1,0,1,False,-1
1820,DOUBLE,1,0,1,False,-1
1821,SINGLE,0,0,1,False,-1
1822,DOUBLE,1,0,1,False,-1
1824,SINGLE,0,0,1,False,-1
1825,DOUBLE,1,0,1,False,-1
1826,DOUBLE,1,0,1,False,-1
1827,DOUBLE,1,0,1,False,-1
1828,DOUBLE,1,0,1,False,-1
1830,SINGLE,0,0,1,False,-1
1831,SINGLE,0,0,1,False,-1
1834,SINGLE,0,0,1,False,-1
1835,DOUBLE,1,0,1,False,-1
1836,DOUBLE,1,0,1,False,-1
1837,DOUBLE,1,0,1,False,-1
1838,SINGLE,0,0,1,False,-1
1839,SINGLE,0,0,1,False,-1
1840,SINGLE,0,0,1,False,-1
1841,SINGLE,0,0,1,False,-1
1842,DOUBLE,1,0,1,False,-1
1843,SINGLE,0,0,1,False,-1
1844,DOUBLE,1,0,1,False,-1
1845,DOUBLE,1,0,1,False,-1
1846,SINGLE,0,0,1,False,-1
1847,SINGLE,0,0,1,False,-1
1848,DOUBLE,1,0,1,False,-1
1849,DOUBLE,1,0,1,False,-1
1850,DOUBLE,1,0,1,False,-1
1851,DOUBLE,1,0,1,False,-1
1852,SINGLE,0,0,1,False,-1
1854,SINGLE,0,0,1,False,-1
1855,SINGLE,0,0,1,False,-1
1856,DOUBLE,1,0,1,False,-1
1858,SINGLE,0,0,1,False,-1
1859,DOUBLE,1,0,1,False,-1
1860,DOUBLE,1,0,1,False,-1
1861,DOUBLE,1,0,1,False,-1
1862,SINGLE,0,0,1,False,-1
1863,DOUBLE,1,0,1,False,-1
1864,DOUBLE,1,0,1,False,-1
1865,SINGLE,0,0,1,False,-1
1866,SINGLE,0,0,1,False,-1
1867,SINGLE,0,0,1,False,-1
1868,DOUBLE,1,0,1,False,-1
1869,SINGLE,0,0,1,False,-1
1871,DOUBLE,1,0,1,False,-1
1872,SINGLE,0,0,1,False,-1
1873,DOUBLE,1,0,1,False,-1
1874,DOUBLE,1,0,1,False,-1
1875,DOUBLE,1,0,1,False,-1
1876,DOUBLE,1,0,1,False,-1
1877,DOUBLE,1,0,1,False,-1
1878,SINGLE,0,0,1,False,-1
1879,DOUBLE,1,0,1,False,-1
1880,SINGLE,0,0,1,False,-1
1881,DOUBLE,1,0,1,False,-1
1883,DOUBLE,1,0,1,False,-1
1884,SINGLE,0,0,1,False,-1
1885,DOUBLE,1,0,1,False,-1
1886,DOUBLE,1,0,1,False,-1
1887,SINGLE,0,0,1,False,-1
1888,DOUBLE,1,0,1,False,-1
1889,SINGLE,0,0,1,False,-1
1890,DOUBLE,1,0,1,False,-1
1891,DOUBLE,1,0,1,False,-1
1893,SINGLE,0,0,1,False,-1
1894,DOUBLE,1,0,1,False,-1
1895,DOUBLE,1,0,1,False,-1
1896,DOUBLE,1,0,1,False,-1
1897,DOUBLE,1,0,1,False,-1
1898,SINGLE,0,0,1,False,-1
1899,DOUBLE,1,0,1,False,-1
1900,DOUBLE,1,0,1,False,-1
1902,DOUBLE,1,0,1,False,-1
1903,DOUBLE,1,0,1,False,-1
1904,DOUBLE,1,0,1,False,-1
1905,DOUBLE,1,0,1,False,-1
1906,DOUBLE,1,0,1,False,-1
1907,DOUBLE,1,0,1,False,-1
1908,DOUBLE,1,0,1,False,-1
1909,DOUBLE,1,0,1,False,-1
1910,SINGLE,0,0,1,False,-1
1911,DOUBLE,1,0,1,False,-1
1912,SINGLE,0,0,1,False,-1
1913,DOUBLE,1,0,1,False,-1
1914,SINGLE,0,0,1,False,-1
1915,DOUBLE,1,0,1,False,-1
1916,DOUBLE,1,0,1,False,-1
1917,DOUBLE,1,0,1,False,-1
1918,DOUBLE,1,0,1,False,-1
1920,DOUBLE,1,0,1,False,-1
1921,DOUBLE,1,0,1,False,-1
1922,DOUBLE,1,0,1,False,-1
1923,SINGLE,0,0,1,False,-1
1924,SINGLE,0,0,1,False,-1
1925,SINGLE,0,0,1,False,-1
1926,SINGLE,0,0,1,False,-1
1927,DOUBLE,1,0,1,False,-1
1928,DOUBLE,1,0,1,False,-1
1929,DOUBLE,1,0,1,False,-1
1930,DOUBLE,1,0,1,False,-1
1931,SINGLE,0,0,1,False,-1
1932,DOUBLE,1,0,1,False,-1
1933,DOUBLE,1,0,1,False,-1
1934,DOUBLE,1,0,1,False,-1
1935,DOUBLE,1,0,1,False,-1
1936,SINGLE,0,0,1,False,-1
1937,SINGLE,0,0,1,False,-1
1938,DOUBLE,1,0,1,False,-1
1939,DOUBLE,1,0,1,False,-1
1940,SINGLE,0,0,1,False,-1
1941,DOUBLE,1,0,1,False,-1
1942,DOUBLE,1,0,1,False,-1
1944,DOUBLE,1,0,1,False,-1
1945,SINGLE,0,0,1,False,-1
1946,SINGLE,0,0,1,False,-1
1948,SINGLE,0,0,1,False,-1
1949,DOUBLE,1,0,1,False,-1
1950,SINGLE,0,0,1,False,-1
1951,DOUBLE,1,0,1,False,-1
1952,DOUBLE,1,0,1,False,-1
1954,DOUBLE,1,0,1,False,-1
1955,SINGLE,0,0,1,False,-1
1956,SINGLE,0,0,1,False,-1
1957,DOUBLE,1,0,1,False,-1
1958,DOUBLE,1,0,1,False,-1
1959,DOUBLE,1,0,1,False,-1
1960,SINGLE,0,0,1,False,-1
1961,DOUBLE,1,0,1,False,-1
1962,DOUBLE,1,0,1,False,-1
1963,SINGLE,0,0,1,False,-1
1964,SINGLE,0,0,1,False,-1
1965,SINGLE,0,0,1,False,-1
1966,DOUBLE,1,0,1,False,-1
1967,SINGLE,0,0,1,False,-1
1968,SINGLE,0,0,1,False,-1
1969,SINGLE,0,0,1,False,-1
1970,DOUBLE,1,0,1,False,-1
1971,SINGLE,0,0,1,False,-1
1972,DOUBLE,1,0,1,False,-1
1973,SINGLE,0,0,1,False,-1
1974,DOUBLE,1,0,1,False,-1
1975,DOUBLE,1,0,1,False,-1
1976,DOUBLE,1,0,1,False,-1
1977,SINGLE,0,0,1,False,-1
1978,SINGLE,0,0,1,False,-1
1979,SINGLE,0,0,1,False,-1
1980,SINGLE,0,0,1,False,-1
1981,SINGLE,0,0,1,False,-1
1982,SINGLE,0,0,1,False,-1
1983,DOUBLE,1,0,1,False,-1
1984,DOUBLE,1,0,1,False,-1
1985,DOUBLE,1,0,1,False,-1
1986,DOUBLE,1,0,1,False,-1
1987,SINGLE,0,0,1,False,-1
1988,DOUBLE,1,0,1,False,-1
1989,SINGLE,0,0,1,False,-1
1990,DOUBLE,1,0,1,False,-1
1991,DOUBLE,1,0,1,False,-1
1992,SINGLE,0,0,1,False,-1
1993,DOUBLE,1,0,1,False,-1
1994,SINGLE,0,0,1,False,-1
1996,DOUBLE,1,0,1,False,-1
1997,SINGLE,0,0,1,False,-1
1998,SINGLE,0,0,1,False,-1
1999,DOUBLE,1,0,1,False,-1
2000,DOUBLE,1,0,1,False,-1
2001,DOUBLE,1,0,1,False,-1
2002,SINGLE,0,0,1,False,-1
2003,DOUBLE,1,0,1,False,-1
2004,DOUBLE,1,0,1,False,-1
2005,DOUBLE,1,0,1,False,-1
2006,DOUBLE,1,0,1,False,-1
2007,DOUBLE,1,0,1,False,-1
2009,DOUBLE,1,0,1,False,-1
2010,SINGLE,0,0,1,False,-1
2011,DOUBLE,1,0,1,False,-1
2012,DOUBLE,1,0,1,False,-1
2013,DOUBLE,1,0,1,False,-1
2014,DOUBLE,1,0,1,False,-1
2015,DOUBLE,1,0,1,False,-1
2016,DOUBLE,1,0,1,False,-1
2017,SINGLE,0,0,1,False,-1
2018,SINGLE,0,0,1,False,-1
2019,DOUBLE,1,0,1,False,-1
2021,DOUBLE,1,0,1,False,-1
2023,DOUBLE,1,0,1,False,-1
2024,DOUBLE,1,0,1,False,-1
2025,DOUBLE,1,0,1,False,-1
2026,DOUBLE,1,0,1,False,-1
2027,DOUBLE,1,0,1,False,-1
2028,DOUBLE,1,0,1,False,-1
2029,DOUBLE,1,0,1,False,-1
2031,SINGLE,0,0,1,False,-1
2032,SINGLE,0,0,1,False,-1
2033,SINGLE,0,0,1,False,-1
2034,SINGLE,0,0,1,False,-1
2035,DOUBLE,1,0,1,False,-1
2036,SINGLE,0,0,1,False,-1
2037,DOUBLE,1,0,1,False,-1
2038,DOUBLE,1,0,1,False,-1
2039,DOUBLE,1,0,1,False,-1
2040,SINGLE,0,0,1,False,-1
2042,DOUBLE,1,0,1,False,-1
2043,DOUBLE,1,0,1,False,-1
2044,SINGLE,0,0,1,False,-1
2045,DOUBLE,1,0,1,False,-1
2046,DOUBLE,1,0,1,False,-1
2047,SINGLE,0,0,1,False,-1
2048,SINGLE,0,0,1,False,-1
2049,DOUBLE,1,0,1,False,-1
2051,DOUBLE,1,0,1,False,-1
2052,DOUBLE,1,0,1,False,-1
2054,DOUBLE,1,0,1,False,-1
2055,DOUBLE,1,0,1,False,-1
2056,DOUBLE,1,0,1,False,-1
2057,DOUBLE,1,0,1,False,-1
2058,DOUBLE,1,0,1,False,-1
2059,SINGLE,0,0,1,False,-1
2060,DOUBLE,1,0,1,False,-1
2061,DOUBLE,1,0,1,False,-1
2062,DOUBLE,1,0,1,False,-1
2063,SINGLE,0,0,1,False,-1
2065,SINGLE,0,0,1,False,-1
2066,DOUBLE,1,0,1,False,-1
2067,DOUBLE,1,0,1,False,-1
2068,DOUBLE,1,0,1,False,-1
2069,DOUBLE,1,0,1,False,-1
2070,SINGLE,0,0,1,False,-1
2071,SINGLE,0,0,1,False,-1
2072,DOUBLE,1,0,1,False,-1
2073,SINGLE,0,0,1,False,-1
2074,DOUBLE,1,0,1,False,-1
2075,SINGLE,0,0,1,False,-1
2076,DOUBLE,1,0,1,False,-1
2077,SINGLE,0,0,1,False,-1
2078,DOUBLE,1,0,1,False,-1
2079,DOUBLE,1,0,1,False,-1
2080,DOUBLE,1,0,1,False,-1
2081,DOUBLE,1,0,1,False,-1
2082,DOUBLE,1,0,1,False,-1
2083,SINGLE,0,0,1,False,-1
2084,SINGLE,0,0,1,False,-1
2085,SINGLE,0,0,1,False,-1
2086,DOUBLE,1,0,1,False,-1
2087,SINGLE,0,0,1,False,-1
2088,DOUBLE,1,0,1,False,-1
2090,DOUBLE,1,0,1,False,-1
2091,DOUBLE,1,0,1,False,-1
2092,DOUBLE,1,0,1,False,-1
2093,SINGLE,0,0,1,False,-1
2094,SINGLE,0,0,1,False,-1
2095,DOUBLE,1,0,1,False,-1
2096,DOUBLE,1,0,1,False,-1
2097,DOUBLE,1,0,1,False,-1
2098,DOUBLE,1,0,1,False,-1
2099,DOUBLE,1,0,1,False,-1
2100,DOUBLE,1,0,1,False,-1
2102,SINGLE,0,0,1,False,-1
2103,SINGLE,0,0,1,False,-1
2104,DOUBLE,1,0,1,False,-1
2105,SINGLE,0,0,1,False,-1
2106,SINGLE,0,0,1,False,-1
2107,SINGLE,0,0,1,False,-1
2108,DOUBLE,1,0,1,False,-1
2109,SINGLE,0,0,1,False,-1
2110,SINGLE,0,0,1,False,-1
2111,SINGLE,0,0,1,False,-1
2112,DOUBLE,1,0,1,False,-1
2113,DOUBLE,1,0,1,False,-1
2114,DOUBLE,1,0,1,False,-1
2116,DOUBLE,1,0,1,False,-1
2117,SINGLE,0,0,1,False,-1
2118,DOUBLE,1,0,1,False,-1
2119,SINGLE,0,0,1,False,-1
2120,SINGLE,0,0,1,False,-1
2121,SINGLE,0,0,1,False,-1
2122,DOUBLE,1,0,1,False,-1
2123,DOUBLE,1,0,1,False,-1
2124,DOUBLE,1,0,1,False,-1
2125,DOUBLE,1,0,1,False,-1
2126,DOUBLE,1,0,1,False,-1
2127,DOUBLE,1,0,1,False,-1
2128,DOUBLE,1,0,1,False,-1
2129,DOUBLE,1,0,1,False,-1
2130,DOUBLE,1,0,1,False,-1
2132,DOUBLE,1,0,1,False,-1
2133,SINGLE,0,0,1,False,-1
2134,SINGLE,0,0,1,False,-1
2135,DOUBLE,1,0,1,False,-1
2136,SINGLE,0,0,1,False,-1
2137,DOUBLE,1,0,1,False,-1
2138,DOUBLE,1,0,1,False,-1
2139,DOUBLE,1,0,1,False,-1
2140,DOUBLE,1,0,1,False,-1
2141,DOUBLE,1,0,1,False,-1
2142,DOUBLE,1,0,1,False,-1
2143,DOUBLE,1,0,1,False,-1
2144,DOUBLE,1,0,1,False,-1
2145,SINGLE,0,0,1,False,-1
2146,DOUBLE,1,0,1,False,-1
2147,DOUBLE,1,0,1,False,-1
2148,DOUBLE,1,0,1,False,-1
2149,DOUBLE,1,0,1,False,-1
2150,DOUBLE,1,0,1,False,-1
2152,SINGLE,0,0,1,False,-1
2153,SINGLE,0,0,1,False,-1
2154,DOUBLE,1,0,1,False,-1
2155,DOUBLE,1,0,1,False,-1
2156,DOUBLE,1,0,1,False,-1
2157,SINGLE,0,0,1,False,-1
2158,SINGLE,0,0,1,False,-1
2159,DOUBLE,1,0,1,False,-1
2160,DOUBLE,1,0,1,False,-1
2161,SINGLE,0,0,1,False,-1
2162,SINGLE,0,0,1,False,-1
2163,DOUBLE,1,0,1,False,-1
2164,DOUBLE,1,0,1,False,-1
2165,DOUBLE,1,0,1,False,-1
2167,SINGLE,0,0,1,False,-1
2168,DOUBLE,1,0,1,False,-1
2169,DOUBLE,1,0,1,False,-1
2170,DOUBLE,1,0,1,False,-1
2171,TRIPLE,1,1,1,False,-1
2172,SINGLE,0,0,1,False,-1
2173,SINGLE,0,0,1,False,-1
2174,SINGLE,0,0,1,False,-1
2175,SINGLE,0,0,1,False,-1
2176,SINGLE,0,0,1,False,-1
2177,DOUBLE,1,0,1,False,-1
2178,DOUBLE,1,0,1,False,-1
2179,DOUBLE,1,0,1,False,-1
2180,SINGLE,0,0,1,False,-1
2181,TRIPLE,1,1,1,False,-1
2182,SINGLE,0,0,1,False,-1
2183,DOUBLE,1,0,1,False,-1
2184,DOUBLE,1,0,1,False,-1
2185,SINGLE,0,0,1,False,-1
2186,DOUBLE,1,0,1,False,-1
2187,DOUBLE,1,0,1,False,-1
2188,SINGLE,0,0,1,False,-1
2189,DOUBLE,1,0,1,False,-1
2190,DOUBLE,1,0,1,False,-1
2191,DOUBLE,1,0,1,False,-1
2193,DOUBLE,1,0,1,False,-1
2194,DOUBLE,1,0,1,False,-1
2195,SINGLE,0,0,1,False,-1
2196,DOUBLE,1,0,1,False,-1
2197,SINGLE,0,0,1,False,-1
2198,DOUBLE,1,0,1,False,-1
2199,SINGLE,0,0,1,False,-1
2200,DOUBLE,1,0,1,False,-1
2201,DOUBLE,1,0,1,False,-1
2202,SINGLE,0,0,1,False,-1
2203,SINGLE,0,0,1,False,-1
2204,DOUBLE,1,0,1,False,-1
2205,DOUBLE,1,0,1,False,-1
2206,SINGLE,0,0,1,False,-1
2207,SINGLE,0,0,1,False,-1
2208,DOUBLE,1,0,1,False,-1
2209,DOUBLE,1,0,1,False,-1
2210,DOUBLE,1,0,1,False,-1
2211,DOUBLE,1,0,1,False,-1
2212,DOUBLE,1,0,1,False,-1
2213,SINGLE,0,0,1,False,-1
2214,DOUBLE,1,0,1,False,-1
2215,SINGLE,0,0,1,False,-1
2216,DOUBLE,1,0,1,False,-1
2217,DOUBLE,1,0,1,False,-1
2219,DOUBLE,1,0,1,False,-1
2220,DOUBLE,1,0,1,False,-1
2221,SINGLE,0,0,1,False,-1
2222,SINGLE,0,0,1,False,-1
2223,DOUBLE,1,0,1,False,-1
2225,DOUBLE,1,0,1,False,-1
2226,DOUBLE,1,0,1,False,-1
2227,DOUBLE,1,0,1,False,-1
2228,SINGLE,0,0,1,False,-1
2229,DOUBLE,1,0,1,False,-1
2230,DOUBLE,1,0,1,False,-1
2232,DOUBLE,1,0,1,False,-1
2233,SINGLE,0,0,1,False,-1
2234,DOUBLE,1,0,1,False,-1
2236,DOUBLE,1,0,1,False,-1
2237,SINGLE,0,0,1,False,-1
2238,SINGLE,0,0,1,False,-1
2239,SINGLE,0,0,1,False,-1
2240,DOUBLE,1,0,1,False,-1
2241,SINGLE,0,0,1,False,-1
2242,SINGLE,0,0,1,False,-1
2244,DOUBLE,1,0,1,False,-1
2245,DOUBLE,1,0,1,False,-1
2246,SINGLE,0,0,1,False,-1
2247,DOUBLE,1,0,1,False,-1
2248,DOUBLE,1,0,1,False,-1
2249,SINGLE,0,0,1,False,-1
2250,DOUBLE,1,0,1,False,-1
2251,SINGLE,0,0,1,False,-1
2252,DOUBLE,1,0,1,False,-1
2253,SINGLE,0,0,1,False,-1
2254,DOUBLE,1,0,1,False,-1
2255,SINGLE,0,0,1,False,-1
2256,DOUBLE,1,0,1,False,-1
2257,DOUBLE,1,0,1,False,-1
2258,DOUBLE,1,0,1,False,-1
2259,DOUBLE,1,0,1,False,-1
2260,SINGLE,0,0,1,False,-1
2261,DOUBLE,1,0,1,False,-1
2262,SINGLE,0,0,1,False,-1
2263,SINGLE,0,0,1,False,-1
2264,DOUBLE,1,0,1,False,-1
2266,DOUBLE,1,0,1,False,-1
2267,DOUBLE,1,0,1,False,-1
2268,DOUBLE,1,0,1,False,-1
2270,DOUBLE,1,0,1,False,-1
2271,SINGLE,0,0,1,False,-1
2272,SINGLE,0,0,1,False,-1
2273,SINGLE,0,0,1,False,-1
2274,DOUBLE,1,0,1,False,-1
2275,DOUBLE,1,0,1,False,-1
2276,DOUBLE,1,0,1,False,-1
2277,DOUBLE,1,0,1,False,-1
2278,SINGLE,0,0,1,False,-1
2279,SINGLE,0,0,1,False,-1
2280,SINGLE,0,0,1,False,-1
2281,DOUBLE,1,0,1,False,-1
2282,DOUBLE,1,0,1,False,-1
2284,SINGLE,0,0,1,False,-1
2285,DOUBLE,1,0,1,False,-1
2287,DOUBLE,1,0,1,False,-1
2288,DOUBLE,1,0,1,False,-1
2289,DOUBLE,1,0,1,False,-1
2291,DOUBLE,1,0,1,False,-1
2292,SINGLE,0,0,1,False,-1
2293,DOUBLE,1,0,1,False,-1
2294,SINGLE,0,0,1,False,-1
2295,DOUBLE,1,0,1,False,-1
2296,SINGLE,0,0,1,False,-1
2298,DOUBLE,1,0,1,False,-1
2299,SINGLE,0,0,1,False,-1
2300,DOUBLE,1,0,1,False,-1
2301,DOUBLE,1,0,1,False,-1
2302,DOUBLE,1,0,1,False,-1
2303,DOUBLE,1,0,1,False,-1
2304,SINGLE,0,0,1,False,-1
2305,SINGLE,0,0,1,False,-1
2306,DOUBLE,1,0,1,False,-1
2307,DOUBLE,1,0,1,False,-1
2308,DOUBLE,1,0,1,False,-1
2310,DOUBLE,1,0,1,False,-1
2311,SINGLE,0,0,1,False,-1
2312,DOUBLE,1,0,1,False,-1
2313,SINGLE,0,0,1,False,-1
2315,SINGLE,0,0,1,False,-1
2316,SINGLE,0,0,1,False,-1
2317,DOUBLE,1,0,1,False,-1
2318,SINGLE,0,0,1,False,-1
2319,DOUBLE,0,1,1,False,-1
2320,SINGLE,0,0,1,False,-1
2321,SINGLE,0,0,1,False,-1
2322,DOUBLE,1,0,1,False,-1
2323,DOUBLE,1,0,1,False,-1
2324,DOUBLE,1,0,1,False,-1
2325,DOUBLE,1,0,1,False,-1
2326,DOUBLE,1,0,1,False,-1
2327,DOUBLE,1,0,1,False,-1
2328,DOUBLE,1,0,1,False,-1
2330,SINGLE,0,0,1,False,-1
2331,DOUBLE,1,0,1,False,-1
2332,SINGLE,0,0,1,False,-1
2333,SINGLE,0,0,1,False,-1
2334,DOUBLE,1,0,1,False,-1
2335,DOUBLE,1,0,1,False,-1
2336,SINGLE,0,0,1,False,-1
2337,SINGLE,0,0,1,False,-1
2338,DOUBLE,1,0,1,False,-1
2339,DOUBLE,1,0,1,False,-1
2340,SINGLE,0,0,1,False,-1
2341,DOUBLE,1,0,1,False,-1
2342,DOUBLE,1,0,1,False,-1
2343,DOUBLE,1,0,1,False,-1
2344,DOUBLE,1,0,1,False,-1
2345,DOUBLE,1,0,1,False,-1
2346,DOUBLE,1,0,1,False,-1
2348,DOUBLE,1,0,1,False,-1
2349,DOUBLE,1,0,1,False,-1
2350,SINGLE,0,0,1,False,-1
2351,DOUBLE,1,0,1,False,-1
2353,SINGLE,0,0,1,False,-1
2355,DOUBLE,1,0,1,False,-1
2356,DOUBLE,1,0,1,False,-1
2357,DOUBLE,1,0,1,False,-1
2358,SINGLE,0,0,1,False,-1
2359,SINGLE,0,0,1,False,-1
2360,DOUBLE,1,0,1,False,-1
2361,DOUBLE,1,0,1,False,-1
2362,DOUBLE,1,0,1,False,-1
2363,SINGLE,0,0,1,False,-1
2364,SINGLE,0,0,1,False,-1
2365,DOUBLE,1,0,1,False,-1
2366,DOUBLE,1,0,1,False,-1
2367,DOUBLE,1,0,1,False,-1
2368,SINGLE,0,0,1,False,-1
2369,DOUBLE,1,0,1,False,-1
2370,SINGLE,0,0,1,False,-1
2371,SINGLE,0,0,1,False,-1
2372,DOUBLE,1,0,1,False,-1
2373,SINGLE,0,0,1,False,-1
2374,SINGLE,0,0,1,False,-1
2376,SINGLE,0,0,1,False,-1
2377,SINGLE,0,0,1,False,-1
2378,DOUBLE,1,0,1,False,-1
2379,SINGLE,0,0,1,False,-1
2380,DOUBLE,1,0,1,False,-1
2381,DOUBLE,1,0,1,False,-1
2383,SINGLE,0,0,1,False,-1
2384,DOUBLE,1,0,1,False,-1
2385,DOUBLE,1,0,1,False,-1
2387,SINGLE,0,0,1,False,-1
2388,DOUBLE,1,0,1,False,-1
2389,DOUBLE,1,0,1,False,-1
2390,DOUBLE,1,0,1,False,-1
2391,DOUBLE,1,0,1,False,-1
2392,SINGLE,0,0,1,False,-1
2393,SINGLE,0,0,1,False,-1
2394,DOUBLE,1,0,1,False,-1
2395,DOUBLE,1,0,1,False,-1
2396,DOUBLE,1,0,1,False,-1
2397,DOUBLE,1,0,1,False,-1
2398,SINGLE,0,0,1,False,-1
2399,SINGLE,0,0,1,False,-1
2400,DOUBLE,1,0,1,False,-1
2401,SINGLE,0,0,1,False,-1
2402,DOUBLE,1,0,1,False,-1
2403,DOUBLE,1,0,1,False,-1
2404,DOUBLE,1,0,1,False,-1
2405,SINGLE,0,0,1,False,-1
2406,DOUBLE,1,0,1,False,-1
2408,SINGLE,0,0,1,False,-1
2409,SINGLE,0,0,1,False,-1
2410,SINGLE,0,0,1,False,-1
2411,SINGLE,0,0,1,False,-1
2412,SINGLE,0,0,1,False,-1
2413,DOUBLE,1,0,1,False,-1
2414,DOUBLE,1,0,1,False,-1
2415,DOUBLE,1,0,1,False,-1
2416,DOUBLE,1,0,1,False,-1
2417,SINGLE,0,0,1,False,-1
2418,DOUBLE,1,0,1,False,-1
2419,SINGLE,0,0,1,False,-1
2420,DOUBLE,1,0,1,False,-1
2421,SINGLE,0,0,1,False,-1
2422,DOUBLE,1,0,1,False,-1
2423,DOUBLE,1,0,1,False,-1
2424,SINGLE,0,0,1,False,-1
2425,DOUBLE,1,0,1,False,-1
2426,DOUBLE,1,0,1,False,-1
2427,SINGLE,0,0,1,False,-1
2428,DOUBLE,1,0,1,False,-1
2429,DOUBLE,0,1,1,False,-1
2430,DOUBLE,1,0,1,False,-1
2431,DOUBLE,1,0,1,False,-1
2432,SINGLE,0,0,1,False,-1
2434,SINGLE,0,0,1,False,-1
2435,SINGLE,0,0,1,False,-1
2436,DOUBLE,1,0,1,False,-1
2438,SINGLE,0,0,1,False,-1
2439,DOUBLE,1,0,1,False,-1
2440,SINGLE,0,0,1,False,-1
2441,DOUBLE,1,0,1,False,-1
2442,DOUBLE,1,0,1,False,-1
2443,DOUBLE,1,0,1,False,-1
2444,SINGLE,0,0,1,False,-1
2445,SINGLE,0,0,1,False,-1
2446,DOUBLE,1,0,1,False,-1
2447,SINGLE,0,0,1,False,-1
2448,DOUBLE,1,0,1,False,-1
2449,SINGLE,0,0,1,False,-1
2450,SINGLE,0,0,1,False,-1
2451,SINGLE,0,0,1,False,-1
2452,SINGLE,0,0,1,False,-1
2453,DOUBLE,0,1,1,False,-1
2454,SINGLE,0,0,1,False,-1
2455,SINGLE,0,0,1,False,-1
2456,SINGLE,0,0,1,False,-1
2457,DOUBLE,1,0,1,False,-1
2458,DOUBLE,1,0,1,False,-1
2459,SINGLE,0,0,1,False,-1
2460,SINGLE,0,0,1,False,-1
2461,SINGLE,0,0,1,False,-1
2462,SINGLE,0,0,1,False,-1
2463,DOUBLE,1,0,1,False,-1
2464,SINGLE,0,0,1,False,-1
2468,SINGLE,0,0,1,False,-1
2469,DOUBLE,1,0,1,False,-1
2470,DOUBLE,1,0,1,False,-1
2471,DOUBLE,1,0,1,False,-1
2472,DOUBLE,1,0,1,False,-1
2473,SINGLE,0,0,1,False,-1
2475,SINGLE,0,0,1,False,-1
2476,DOUBLE,1,0,1,False,-1
2477,DOUBLE,1,0,1,False,-1
2478,DOUBLE,1,0,1,False,-1
2479,DOUBLE,1,0,1,False,-1
2480,DOUBLE,1,0,1,False,-1
2481,SINGLE,0,0,1,False,-1
2482,SINGLE,0,0,1,False,-1
2483,SINGLE,0,0,1,False,-1
2485,DOUBLE,1,0,1,False,-1
2486,DOUBLE,1,0,1,False,-1
2487,SINGLE,0,0,1,False,-1
2488,DOUBLE,1,0,1,False,-1
2489,SINGLE,0,0,1,False,-1
2490,DOUBLE,1,0,1,False,-1
2491,SINGLE,0,0,1,False,-1
2492,DOUBLE,1,0,1,False,-1
2493,SINGLE,0,0,1,False,-1
2494,DOUBLE,1,0,1,False,-1
2495,SINGLE,0,0,1,False,-1
2496,DOUBLE,1,0,1,False,-1
2497,DOUBLE,1,0,1,False,-1
2498,SINGLE,0,0,1,False,-1
2499,SINGLE,0,0,1,False,-1
2500,SINGLE,0,0,1,False,-1
2501,SINGLE,0,0,1,False,-1
2502,DOUBLE,1,0,1,False,-1
2503,SINGLE,0,0,1,False,-1
2504,DOUBLE,1,0,1,False,-1
2506,SINGLE,0,0,1,False,-1
2507,DOUBLE,1,0,1,False,-1
2509,SINGLE,0,0,1,False,-1
2510,DOUBLE,1,0,1,False,-1
2511,SINGLE,0,0,1,False,-1
2512,DOUBLE,1,0,1,False,-1
2513,DOUBLE,1,0,1,False,-1
2514,DOUBLE,1,0,1,False,-1
2515,DOUBLE,1,0,1,False,-1
2516,DOUBLE,1,0,1,False,-1
2517,DOUBLE,1,0,1,False,-1
2518,DOUBLE,1,0,1,False,-1
2519,SINGLE,0,0,1,False,-1
2520,DOUBLE,1,0,1,False,-1
2521,DOUBLE,1,0,1,False,-1
2522,DOUBLE,1,0,1,False,-1
2523,SINGLE,0,0,1,False,-1
2525,DOUBLE,1,0,1,False,-1
2527,DOUBLE,1,0,1,False,-1
2528,SINGLE,0,0,1,False,-1
2529,DOUBLE,1,0,1,False,-1
2530,SINGLE,0,0,1,False,-1
2531,SINGLE,0,0,1,False,-1
2532,SINGLE,0,0,1,False,-1
2533,SINGLE,0,0,1,False,-1
2534,DOUBLE,1,0,1,False,-1
2535,SINGLE,0,0,1,False,-1
2536,SINGLE,0,0,1,False,-1
2537,SINGLE,0,0,1,False,-1
2538,DOUBLE,1,0,1,False,-1
2539,SINGLE,0,0,1,False,-1
2540,SINGLE,0,0,1,False,-1
2541,SINGLE,0,0,1,False,-1
2542,DOUBLE,1,0,1,False,-1
2543,SINGLE,0,0,1,False,-1
2544,DOUBLE,1,0,1,False,-1
2545,DOUBLE,1,0,1,False,-1
2546,DOUBLE,1,0,1,False,-1
2547,DOUBLE,1,0,1,False,-1
2548,DOUBLE,1,0,1,False,-1
2549,SINGLE,0,0,1,False,-1
2550,DOUBLE,1,0,1,False,-1
2551,DOUBLE,1,0,1,False,-1
2552,DOUBLE,1,0,1,False,-1
2553,DOUBLE,0,1,1,False,-1
2555,SINGLE,0,0,1,False,-1
2556,DOUBLE,1,0,1,False,-1
2557,DOUBLE,1,0,1,False,-1
2558,SINGLE,0,0,1,False,-1
2559,SINGLE,0,0,1,False,-1
2560,SINGLE,0,0,1,False,-1
2561,DOUBLE,1,0,1,False,-1
2562,DOUBLE,1,0,1,False,-1
2563,SINGLE,0,0,1,False,-1
2564,DOUBLE,1,0,1,False,-1
2565,SINGLE,0,0,1,False,-1
2566,SINGLE,0,0,1,False,-1
2567,DOUBLE,1,0,1,False,-1
2568,DOUBLE,1,0,1,False,-1
2569,SINGLE,0,0,1,False,-1
2570,DOUBLE,1,0,1,False,-1
2571,SINGLE,0,0,1,False,-1
2572,SINGLE,0,0,1,False,-1
2573,DOUBLE,1,0,1,False,-1
2574,DOUBLE,1,0,1,False,-1
2575,SINGLE,0,0,1,False,-1
2576,DOUBLE,1,0,1,False,-1
2577,DOUBLE,1,0,1,False,-1
2578,DOUBLE,1,0,1,False,-1
2579,DOUBLE,1,0,1,False,-1
2580,SINGLE,0,0,1,False,-1
2581,SINGLE,0,0,1,False,-1
2582,DOUBLE,1,0,1,False,-1
2584,DOUBLE,1,0,1,False,-1
2585,DOUBLE,1,0,1,False,-1
2586,DOUBLE,1,0,1,False,-1
2587,SINGLE,0,0,1,False,-1
2588,DOUBLE,1,0,1,False,-1
2589,SINGLE,0,0,1,False,-1
2590,DOUBLE,1,0,1,False,-1
2591,SINGLE,0,0,1,False,-1
2592,DOUBLE,1,0,1,False,-1
2593,SINGLE,0,0,1,False,-1
2594,SINGLE,0,0,1,False,-1
2595,DOUBLE,1,0,1,False,-1
2596,DOUBLE,1,0,1,False,-1
2598,SINGLE,0,0,1,False,-1
2599,SINGLE,0,0,1,False,-1
2600,DOUBLE,1,0,1,False,-1
2601,DOUBLE,1,0,1,False,-1
2603,SINGLE,0,0,1,False,-1
2604,DOUBLE,1,0,1,False,-1
2605,DOUBLE,1,0,1,False,-1
2606,DOUBLE,1,0,1,False,-1
2607,DOUBLE,1,0,1,False,-1
2608,DOUBLE,1,0,1,False,-1
2609,DOUBLE,1,0,1,False,-1
2610,DOUBLE,1,0,1,False,-1
2611,SINGLE,0,0,1,False,-1
2613,DOUBLE,1,0,1,False,-1
2614,DOUBLE,1,0,1,False,-1
2616,DOUBLE,1,0,1,False,-1
2617,DOUBLE,1,0,1,False,-1
2618,DOUBLE,1,0,1,False,-1
2620,SINGLE,0,0,1,False,-1
2621,SINGLE,0,0,1,False,-1
2622,SINGLE,0,0,1,False,-1
2623,DOUBLE,1,0,1,False,-1
2624,SINGLE,0,0,1,False,-1
2625,SINGLE,0,0,1,False,-1
2626,SINGLE,0,0,1,False,-1
2628,SINGLE,0,0,1,False,-1
2629,SINGLE,0,0,1,False,-1
2630,SINGLE,0,0,1,False,-1
2631,DOUBLE,1,0,1,False,-1
2632,DOUBLE,1,0,1,False,-1
2633,SINGLE,0,0,1,False,-1
2634,DOUBLE,1,0,1,False,-1
2635,DOUBLE,1,0,1,False,-1
2638,SINGLE,0,0,1,False,-1
2639,DOUBLE,1,0,1,False,-1
2640,SINGLE,0,0,1,False,-1
2641,DOUBLE,1,0,1,False,-1
2642,SINGLE,0,0,1,False,-1
2643,SINGLE,0,0,1,False,-1
2644,DOUBLE,1,0,1,False,-1
2645,DOUBLE,1,0,1,False,-1
2646,SINGLE,0,0,1,False,-1
2647,DOUBLE,1,0,1,False,-1
2648,SINGLE,0,0,1,False,-1
2649,DOUBLE,1,0,1,False,-1
2650,SINGLE,0,0,1,False,-1
2651,DOUBLE,1,0,1,False,-1
2652,DOUBLE,1,0,1,False,-1
2654,DOUBLE,1,0,1,False,-1
2655,SINGLE,0,0,1,False,-1
2656,SINGLE,0,0,1,False,-1
2657,DOUBLE,1,0,1,False,-1
2658,DOUBLE,1,0,1,False,-1
2659,DOUBLE,1,0,1,False,-1
2660,DOUBLE,1,0,1,False,-1
2661,DOUBLE,1,0,1,False,-1
2662,DOUBLE,1,0,1,False,-1
2663,DOUBLE,1,0,1,False,-1
2664,DOUBLE,1,0,1,False,-1
2665,SINGLE,0,0,1,False,-1
2667,SINGLE,0,0,1,False,-1
2668,SINGLE,0,0,1,False,-1
2670,DOUBLE,1,0,1,False,-1
2671,SINGLE,0,0,1,False,-1
2672,SINGLE,0,0,1,False,-1
2674,SINGLE,0,0,1,False,-1
2675,DOUBLE,1,0,1,False,-1
2676,SINGLE,0,0,1,False,-1
2677,DOUBLE,1,0,1,False,-1
2678,SINGLE,0,0,1,False,-1
2679,DOUBLE,1,0,1,False,-1
2680,SINGLE,0,0,1,False,-1
2681,DOUBLE,1,0,1,False,-1
2682,SINGLE,0,0,1,False,-1
2683,DOUBLE,1,0,1,False,-1
2684,DOUBLE,1,0,1,False,-1
2685,SINGLE,0,0,1,False,-1
2686,SINGLE,0,0,1,False,-1
2688,DOUBLE,1,0,1,False,-1
2689,SINGLE,0,0,1,False,-1
2690,DOUBLE,1,0,1,False,-1
2691,DOUBLE,1,0,1,False,-1
2692,SINGLE,0,0,1,False,-1
2693,TRIPLE,1,1,1,False,-1
2694,DOUBLE,1,0,1,False,-1
2695,DOUBLE,1,0,1,False,-1
2696,DOUBLE,1,0,1,False,-1
2697,SINGLE,0,0,1,False,-1
2698,DOUBLE,1,0,1,False,-1
2699,SINGLE,0,0,1,False,-1
2700,SINGLE,0,0,1,False,-1
2701,SINGLE,0,0,1,False,-1
2703,SINGLE,0,0,1,False,-1
2704,SINGLE,0,0,1,False,-1
2705,DOUBLE,1,0,1,False,-1
2707,DOUBLE,1,0,1,False,-1
2708,SINGLE,0,0,1,False,-1
2709,SINGLE,0,0,1,False,-1
2710,SINGLE,0,0,1,False,-1
2711,SINGLE,0,0,1,False,-1
2712,SINGLE,0,0,1,False,-1
2713,SINGLE,0,0,1,False,-1
2714,DOUBLE,1,0,1,False,-1
2715,SINGLE,0,0,1,False,-1
2716,SINGLE,0,0,1,False,-1
2717,SINGLE,0,0,1,False,-1
2718,DOUBLE,1,0,1,False,-1
2719,DOUBLE,1,0,1,False,-1
2720,DOUBLE,1,0,1,False,-1
2721,DOUBLE,1,0,1,False,-1
2722,DOUBLE,1,0,1,False,-1
2723,DOUBLE,1,0,1,False,-1
2724,DOUBLE,1,0,1,False,-1
2725,SINGLE,0,0,1,False,-1
2726,SINGLE,0,0,1,False,-1
2727,DOUBLE,1,0,1,False,-1
2729,DOUBLE,1,0,1,False,-1
2730,DOUBLE,1,0,1,False,-1
2731,DOUBLE,1,0,1,False,-1
2732,SINGLE,0,0,1,False,-1
2733,DOUBLE,1,0,1,False,-1
2734,DOUBLE,1,0,1,False,-1
2735,DOUBLE,1,0,1,False,-1
2737,DOUBLE,1,0,1,False,-1
2739,DOUBLE,1,0,1,False,-1
2740,SINGLE,0,0,1,False,-1
2741,DOUBLE,1,0,1,False,-1
2742,SINGLE,0,0,1,False,-1
2743,DOUBLE,1,0,1,False,-1
2744,DOUBLE,1,0,1,False,-1
2745,DOUBLE,1,0,1,False,-1
2746,SINGLE,0,0,1,False,-1
2747,DOUBLE,1,0,1,False,-1
2748,DOUBLE,1,0,1,False,-1
2749,DOUBLE,1,0,1,False,-1
2750,SINGLE,0,0,1,False,-1
2751,DOUBLE,1,0,1,False,-1
2753,DOUBLE,1,0,1,False,-1
2754,SINGLE,0,0,1,False,-1
2755,DOUBLE,1,0,1,False,-1
2756,DOUBLE,1,0,1,False,-1
2757,DOUBLE,1,0,1,False,-1
2758,SINGLE,0,0,1,False,-1
2759,DOUBLE,1,0,1,False,-1
2762,DOUBLE,1,0,1,False,-1
2763,SINGLE,0,0,1,False,-1
2764,SINGLE,0,0,1,False,-1
2765,SINGLE,0,0,1,False,-1
2766,DOUBLE,1,0,1,False,-1
2767,DOUBLE,1,0,1,False,-1
2768,DOUBLE,1,0,1,False,-1
2769,DOUBLE,1,0,1,False,-1
2770,SINGLE,0,0,1,False,-1
2771,DOUBLE,1,0,1,False,-1
2772,DOUBLE,1,0,1,False,-1
2774,SINGLE,0,0,1,False,-1
2775,DOUBLE,1,0,1,False,-1
2776,SINGLE,0,0,1,False,-1
2777,DOUBLE,1,0,1,False,-1
2778,DOUBLE,1,0,1,False,-1
2779,SINGLE,0,0,1,False,-1
2780,DOUBLE,1,0,1,False,-1
2781,DOUBLE,1,0,1,False,-1
2782,SINGLE,0,0,1,False,-1
2783,DOUBLE,1,0,1,False,-1
2784,DOUBLE,1,0,1,False,-1
2785,SINGLE,0,0,1,False,-1
2786,DOUBLE,1,0,1,False,-1
2787,DOUBLE,1,0,1,False,-1
2788,SINGLE,0,0,1,False,-1
2789,DOUBLE,1,0,1,False,-1
2790,DOUBLE,1,0,1,False,-1
2791,SINGLE,0,0,1,False,-1
2792,DOUBLE,0,1,1,False,-1
2793,DOUBLE,1,0,1,False,-1
2794,SINGLE,0,0,1,False,-1
2795,DOUBLE,1,0,1,False,-1
2796,SINGLE,0,0,1,False,-1
2797,SINGLE,0,0,1,False,-1
2798,SINGLE,0,0,1,False,-1
2799,SINGLE,0,0,1,False,-1
2800,DOUBLE,1,0,1,False,-1
2801,DOUBLE,1,0,1,False,-1
2802,DOUBLE,1,0,1,False,-1
2803,SINGLE,0,0,1,False,-1
2804,DOUBLE,1,0,1,False,-1
2805,DOUBLE,1,0,1,False,-1
2807,SINGLE,0,0,1,False,-1
2808,SINGLE,0,0,1,False,-1
2809,SINGLE,0,0,1,False,-1
2810,SINGLE,0,0,1,False,-1
2812,DOUBLE,1,0,1,False,-1
2813,DOUBLE,1,0,1,False,-1
2814,SINGLE,0,0,1,False,-1
2815,DOUBLE,1,0,1,False,-1
2816,SINGLE,0,0,1,False,-1
2817,SINGLE,0,0,1,False,-1
2818,DOUBLE,1,0,1,False,-1
2819,DOUBLE,1,0,1,False,-1
2820,SINGLE,0,0,1,False,-1
2821,SINGLE,0,0,1,False,-1
2822,SINGLE,0,0,1,False,-1
2823,DOUBLE,1,0,1,False,-1
2824,DOUBLE,1,0,1,False,-1
2826,DOUBLE,1,0,1,False,-1
2827,SINGLE,0,0,1,False,-1
2828,DOUBLE,1,0,1,False,-1
2829,SINGLE,0,0,1,False,-1
2830,SINGLE,0,0,1,False,-1
2831,SINGLE,0,0,1,False,-1
2833,SINGLE,0,0,1,False,-1
2834,DOUBLE,1,0,1,False,-1
2835,DOUBLE,1,0,1,False,-1
2836,SINGLE,0,0,1,False,-1
2837,SINGLE,0,0,1,False,-1
2838,DOUBLE,1,0,1,False,-1
2839,DOUBLE,1,0,1,False,-1
2840,SINGLE,0,0,1,False,-1
2841,DOUBLE,1,0,1,False,-1
2842,SINGLE,0,0,1,False,-1
2844,DOUBLE,0,1,1,False,-1
2846,DOUBLE,1,0,1,False,-1
2847,DOUBLE,1,0,1,False,-1
2848,DOUBLE,1,0,1,False,-1
2849,SINGLE,0,0,1,False,-1
2850,SINGLE,0,0,1,False,-1
2851,DOUBLE,1,0,1,False,-1
2852,SINGLE,0,0,1,False,-1
2854,SINGLE,0,0,1,False,-1
2855,DOUBLE,1,0,1,False,-1
2856,DOUBLE,1,0,1,False,-1
2857,SINGLE,0,0,1,False,-1
2858,DOUBLE,0,1,1,False,-1
2859,DOUBLE,1,0,1,False,-1
2860,DOUBLE,1,0,1,False,-1
2861,SINGLE,0,0,1,False,-1
2862,DOUBLE,1,0,1,False,-1
2863,SINGLE,0,0,1,False,-1
2864,DOUBLE,0,1,1,False,-1
2865,DOUBLE,1,0,1,False,-1
2866,DOUBLE,1,0,1,False,-1
2867,DOUBLE,1,0,1,False,-1
2868,DOUBLE,1,0,1,False,-1
2869,DOUBLE,1,0,1,False,-1
2870,DOUBLE,1,0,1,False,-1
2871,SINGLE,0,0,1,False,-1
2872,DOUBLE,1,0,1,False,-1
2873,DOUBLE,1,0,1,False,-1
2874,SINGLE,0,0,1,False,-1
2875,DOUBLE,1,0,1,False,-1
2876,DOUBLE,1,0,1,False,-1
2877,DOUBLE,1,0,1,False,-1
2878,DOUBLE,1,0,1,False,-1
2879,DOUBLE,1,0,1,False,-1
2880,DOUBLE,1,0,1,False,-1
2881,DOUBLE,1,0,1,False,-1
2882,DOUBLE,1,0,1,False,-1
2884,SINGLE,0,0,1,False,-1
2885,SINGLE,0,0,1,False,-1
2886,DOUBLE,1,0,1,False,-1
2888,DOUBLE,1,0,1,False,-1
2890,DOUBLE,1,0,1,False,-1
2891,SINGLE,0,0,1,False,-1
2892,DOUBLE,1,0,1,False,-1
2894,SINGLE,0,0,1,False,-1
2895,SINGLE,0,0,1,False,-1
2896,DOUBLE,1,0,1,False,-1
2898,DOUBLE,1,0,1,False,-1
2899,DOUBLE,1,0,1,False,-1
2900,DOUBLE,1,0,1,False,-1
2901,DOUBLE,1,0,1,False,-1
2903,SINGLE,0,0,1,False,-1
2904,DOUBLE,1,0,1,False,-1
2905,SINGLE,0,0,1,False,-1
2906,DOUBLE,1,0,1,False,-1
2907,DOUBLE,1,0,1,False,-1
2908,DOUBLE,1,0,1,False,-1
2909,SINGLE,0,0,1,False,-1
2910,DOUBLE,1,0,1,False,-1
2911,DOUBLE,1,0,1,False,-1
2913,SINGLE,0,0,1,False,-1
2914,SINGLE,0,0,1,False,-1
2915,SINGLE,0,0,1,False,-1
2916,DOUBLE,1,0,1,False,-1
2917,DOUBLE,1,0,1,False,-1
2918,DOUBLE,1,0,1,False,-1
2919,SINGLE,0,0,1,False,-1
2920,SINGLE,0,0,1,False,-1
2921,SINGLE,0,0,1,False,-1
2922,DOUBLE,1,0,1,False,-1
2923,SINGLE,0,0,1,False,-1
2924,DOUBLE,1,0,1,False,-1
2925,SINGLE,0,0,1,False,-1
2926,DOUBLE,1,0,1,False,-1
2927,SINGLE,0,0,1,False,-1
2928,DOUBLE,1,0,1,False,-1
2929,DOUBLE,1,0,1,False,-1
2931,DOUBLE,1,0,1,False,-1
2932,DOUBLE,1,0,1,False,-1
2933,DOUBLE,1,0,1,False,-1
2935,DOUBLE,1,0,1,False,-1
2936,DOUBLE,1,0,1,False,-1
2937,DOUBLE,1,0,1,False,-1
2938,DOUBLE,1,0,1,False,-1
2939,DOUBLE,1,0,1,False,-1
2941,DOUBLE,1,0,1,False,-1
2943,DOUBLE,0,1,1,False,-1
2945,SINGLE,0,0,1,False,-1
2946,SINGLE,0,0,1,False,-1
2947,DOUBLE,1,0,1,False,-1
2949,DOUBLE,1,0,1,False,-1
2950,DOUBLE,1,0,1,False,-1
2951,SINGLE,0,0,1,False,-1
2952,DOUBLE,1,0,1,False,-1
2953,DOUBLE,1,0,1,False,-1
2954,SINGLE,0,0,1,False,-1
2955,SINGLE,0,0,1,False,-1
2956,DOUBLE,1,0,1,False,-1
2957,DOUBLE,1,0,1,False,-1
2958,DOUBLE,1,0,1,False,-1
2959,SINGLE,0,0,1,False,-1
2960,DOUBLE,1,0,1,False,-1
2961,DOUBLE,1,0,1,False,-1
2962,SINGLE,0,0,1,False,-1
2963,DOUBLE,1,0,1,False,-1
2964,DOUBLE,1,0,1,False,-1
2965,DOUBLE,1,0,1,False,-1
2967,DOUBLE,1,0,1,False,-1
2968,SINGLE,0,0,1,False,-1
2969,SINGLE,0,0,1,False,-1
2970,SINGLE,0,0,1,False,-1
2971,SINGLE,0,0,1,False,-1
2972,SINGLE,0,0,1,False,-1
2973,DOUBLE,1,0,1,False,-1
2974,DOUBLE,1,0,1,False,-1
2975,DOUBLE,1,0,1,False,-1
2976,DOUBLE,1,0,1,False,-1
2977,SINGLE,0,0,1,False,-1
2978,DOUBLE,1,0,1,False,-1
2979,SINGLE,0,0,1,False,-1
2980,SINGLE,0,0,1,False,-1
2981,DOUBLE,1,0,1,False,-1
2982,SINGLE,0,0,1,False,-1
2983,DOUBLE,1,0,1,False,-1
2984,SINGLE,0,0,1,False,-1
2985,DOUBLE,1,0,1,False,-1
2987,DOUBLE,1,0,1,False,-1
2988,DOUBLE,1,0,1,False,-1
2989,SINGLE,0,0,1,False,-1
2991,SINGLE,0,0,1,False,-1
2992,SINGLE,0,0,1,False,-1
2993,DOUBLE,1,0,1,False,-1
2994,DOUBLE,1,0,1,False,-1
2995,DOUBLE,1,0,1,False,-1
2996,SINGLE,0,0,1,False,-1
2997,SINGLE,0,0,1,False,-1
2999,SINGLE,0,0,1,False,-1
3000,DOUBLE,1,0,1,False,-1
3001,DOUBLE,1,0,1,False,-1
3002,DOUBLE,1,0,1,False,-1
3003,DOUBLE,1,0,1,False,-1
3004,DOUBLE,1,0,1,False,-1
3005,SINGLE,0,0,1,False,-1
3007,SINGLE,0,0,1,False,-1
3008,SINGLE,0,0,1,False,-1
3009,SINGLE,0,0,1,False,-1
3011,SINGLE,0,0,1,False,-1
3012,DOUBLE,1,0,1,False,-1
3013,DOUBLE,1,0,1,False,-1
3014,DOUBLE,1,0,1,False,-1
3015,SINGLE,0,0,1,False,-1
3016,DOUBLE,1,0,1,False,-1
3017,TRIPLE,1,1,1,False,-1
3018,SINGLE,0,0,1,False,-1
3019,DOUBLE,1,0,1,False,-1
3020,DOUBLE,1,0,1,False,-1
3021,SINGLE,0,0,1,False,-1
3022,SINGLE,0,0,1,False,-1
3023,DOUBLE,1,0,1,False,-1
3028,SINGLE,0,0,1,False,-1
3029,DOUBLE,1,0,1,False,-1
3030,SINGLE,0,0,1,False,-1
3031,DOUBLE,1,0,1,False,-1
3032,DOUBLE,1,0,1,False,-1
3033,SINGLE,0,0,1,False,-1
3034,DOUBLE,1,0,1,False,-1
3035,DOUBLE,1,0,1,False,-1
3036,SINGLE,0,0,1,False,-1
3037,DOUBLE,1,0,1,False,-1
3038,SINGLE,0,0,1,False,-1
3039,SINGLE,0,0,1,False,-1
3040,SINGLE,0,0,1,False,-1
3041,DOUBLE,1,0,1,False,-1
3042,DOUBLE,1,0,1,False,-1
3043,DOUBLE,0,1,1,False,-1
3044,DOUBLE,1,0,1,False,-1
3045,DOUBLE,1,0,1,False,-1
3046,DOUBLE,1,0,1,False,-1
3047,SINGLE,0,0,1,False,-1
3048,DOUBLE,1,0,1,False,-1
3049,DOUBLE,1,0,1,False,-1
3051,DOUBLE,1,0,1,False,-1
3052,SINGLE,0,0,1,False,-1
3053,SINGLE,0,0,1,False,-1
3054,DOUBLE,1,0,1,False,-1
3055,SINGLE,0,0,1,False,-1
3057,DOUBLE,1,0,1,False,-1
3058,SINGLE,0,0,1,False,-1
3059,DOUBLE,1,0,1,False,-1
3060,SINGLE,0,0,1,False,-1
3061,DOUBLE,1,0,1,False,-1
3062,SINGLE,0,0,1,False,-1
3063,SINGLE,0,0,1,False,-1
3064,DOUBLE,1,0,1,False,-1
3065,SINGLE,0,0,1,False,-1
3066,DOUBLE,1,0,1,False,-1
3067,DOUBLE,1,0,1,False,-1
3068,DOUBLE,1,0,1,False,-1
3069,SINGLE,0,0,1,False,-1
3070,SINGLE,0,0,1,False,-1
3071,SINGLE,0,0,1,False,-1
3072,DOUBLE,1,0,1,False,-1
3074,DOUBLE,1,0,1,False,-1
3075,DOUBLE,1,0,1,False,-1
3076,SINGLE,0,0,1,False,-1
3077,SINGLE,0,0,1,False,-1
3078,DOUBLE,1,0,1,False,-1
3079,SINGLE,0,0,1,False,-1
3080,DOUBLE,1,0,1,False,-1
3081,SINGLE,0,0,1,False,-1
3082,DOUBLE,1,0,1,False,-1
3084,SINGLE,0,0,1,False,-1
3085,DOUBLE,1,0,1,False,-1
3087,SINGLE,0,0,1,False,-1
3088,SINGLE,0,0,1,False,-1
3089,SINGLE,0,0,1,False,-1
3090,SINGLE,0,0,1,False,-1
3091,DOUBLE,1,0,1,False,-1
3092,DOUBLE,1,0,1,False,-1
3093,SINGLE,0,0,1,False,-1
3094,DOUBLE,1,0,1,False,-1
3095,SINGLE,0,0,1,False,-1
3096,SINGLE,0,0,1,False,-1
3097,SINGLE,0,0,1,False,-1
3098,SINGLE,0,0,1,False,-1
3099,DOUBLE,1,0,1,False,-1
3100,DOUBLE,1,0,1,False,-1
3101,DOUBLE,1,0,1,False,-1
3102,DOUBLE,1,0,1,False,-1
3103,SINGLE,0,0,1,False,-1
3104,DOUBLE,1,0,1,False,-1
3105,DOUBLE,1,0,1,False,-1
3106,DOUBLE,1,0,1,False,-1
3107,SINGLE,0,0,1,False,-1
3108,SINGLE,0,0,1,False,-1
3109,SINGLE,0,0,1,False,-1
3110,DOUBLE,1,0,1,False,-1
3111,DOUBLE,1,0,1,False,-1
3112,DOUBLE,1,0,1,False,-1
3113,DOUBLE,1,0,1,False,-1
3115,SINGLE,0,0,1,False,-1
3116,SINGLE,0,0,1,False,-1
3117,SINGLE,0,0,1,False,-1
3118,SINGLE,0,0,1,False,-1
3119,DOUBLE,1,0,1,False,-1
3120,DOUBLE,1,0,1,False,-1
3121,SINGLE,0,0,1,False,-1
3122,DOUBLE,1,0,1,False,-1
3123,DOUBLE,1,0,1,False,-1
3124,DOUBLE,1,0,1,False,-1
3125,SINGLE,0,0,1,False,-1
3126,DOUBLE,1,0,1,False,-1
3127,SINGLE,0,0,1,False,-1
3128,DOUBLE,1,0,1,False,-1
3129,DOUBLE,1,0,1,False,-1
3130,SINGLE,0,0,1,False,-1
3131,DOUBLE,1,0,1,False,-1
3132,SINGLE,0,0,1,False,-1
3133,SINGLE,0,0,1,False,-1
3134,DOUBLE,1,0,1,False,-1
3135,DOUBLE,1,0,1,False,-1
3136,SINGLE,0,0,1,False,-1
3137,DOUBLE,1,0,1,False,-1
3138,SINGLE,0,0,1,False,-1
3139,DOUBLE,1,0,1,False,-1
3140,DOUBLE,1,0,1,False,-1
3141,DOUBLE,1,0,1,False,-1
3142,DOUBLE,1,0,1,False,-1
3143,DOUBLE,1,0,1,False,-1
3144,DOUBLE,1,0,1,False,-1
3146,DOUBLE,1,0,1,False,-1
3147,SINGLE,0,0,1,False,-1
3148,DOUBLE,1,0,1,False,-1
3149,DOUBLE,1,0,1,False,-1
3151,DOUBLE,1,0,1,False,-1
3152,SINGLE,0,0,1,False,-1
3154,DOUBLE,1,0,1,False,-1
3155,SINGLE,0,0,1,False,-1
3156,DOUBLE,1,0,1,False,-1
3157,SINGLE,0,0,1,False,-1
3158,SINGLE,0,0,1,False,-1
3159,SINGLE,0,0,1,False,-1
3160,SINGLE,0,0,1,False,-1
3161,SINGLE,0,0,1,False,-1
3162,DOUBLE,1,0,1,False,-1
3163,DOUBLE,1,0,1,False,-1
3164,DOUBLE,1,0,1,False,-1
3165,DOUBLE,1,0,1,False,-1
3166,DOUBLE,1,0,1,False,-1
3167,DOUBLE,1,0,1,False,-1
3168,DOUBLE,1,0,1,False,-1
3169,DOUBLE,1,0,1,False,-1
3171,SINGLE,0,0,1,False,-1
3173,SINGLE,0,0,1,False,-1
3174,DOUBLE,1,0,1,False,-1
3176,SINGLE,0,0,1,False,-1
3177,SINGLE,0,0,1,False,-1
3178,DOUBLE,1,0,1,False,-1
3180,DOUBLE,1,0,1,False,-1
3181,DOUBLE,1,0,1,False,-1
3182,DOUBLE,1,0,1,False,-1
3183,SINGLE,0,0,1,False,-1
3184,SINGLE,0,0,1,False,-1
3185,SINGLE,0,0,1,False,-1
3186,DOUBLE,1,0,1,False,-1
3188,DOUBLE,1,0,1,False,-1
3189,DOUBLE,1,0,1,False,-1
3190,SINGLE,0,0,1,False,-1
3191,DOUBLE,1,0,1,False,-1
3192,DOUBLE,1,0,1,False,-1
3193,DOUBLE,1,0,1,False,-1
3194,TRIPLE,1,1,1,False,-1
3196,SINGLE,0,0,1,False,-1
3197,DOUBLE,1,0,1,False,-1
3198,SINGLE,0,0,1,False,-1
3200,DOUBLE,1,0,1,False,-1
3201,DOUBLE,1,0,1,False,-1
3202,DOUBLE,1,0,1,False,-1
3203,DOUBLE,1,0,1,False,-1
3204,DOUBLE,1,0,1,False,-1
3205,SINGLE,0,0,1,False,-1
3206,SINGLE,0,0,1,False,-1
3207,SINGLE,0,0,1,False,-1
3208,SINGLE,0,0,1,False,-1
3209,SINGLE,0,0,1,False,-1
3210,SINGLE,0,0,1,False,-1
3211,SINGLE,0,0,1,False,-1
3212,SINGLE,0,0,1,False,-1
3213,DOUBLE,1,0,1,False,-1
3214,DOUBLE,1,0,1,False,-1
3215,DOUBLE,1,0,1,False,-1
3216,DOUBLE,1,0,1,False,-1
3217,SINGLE,0,0,1,False,-1
3218,DOUBLE,1,0,1,False,-1
3219,DOUBLE,1,0,1,False,-1
3220,DOUBLE,1,0,1,False,-1
3221,SINGLE,0,0,1,False,-1
3222,SINGLE,0,0,1,False,-1
3223,SINGLE,0,0,1,False,-1
3224,DOUBLE,1,0,1,False,-1
3225,DOUBLE,1,0,1,False,-1
3226,DOUBLE,1,0,1,False,-1
3227,SINGLE,0,0,1,False,-1
3228,DOUBLE,1,0,1,False,-1
3229,SINGLE,0,0,1,False,-1
3230,SINGLE,0,0,1,False,-1
3232,DOUBLE,1,0,1,False,-1
3233,DOUBLE,1,0,1,False,-1
3234,DOUBLE,1,0,1,False,-1
3235,DOUBLE,1,0,1,False,-1
3236,SINGLE,0,0,1,False,-1
3237,DOUBLE,1,0,1,False,-1
3238,DOUBLE,1,0,1,False,-1
3239,SINGLE,0,0,1,False,-1
3240,SINGLE,0,0,1,False,-1
3241,SINGLE,0,0,1,False,-1
3242,DOUBLE,1,0,1,False,-1
3243,SINGLE,0,0,1,False,-1
3244,DOUBLE,1,0,1,False,-1
3245,SINGLE,0,0,1,False,-1
3246,SINGLE,0,0,1,False,-1
3247,SINGLE,0,0,1,False,-1
3249,DOUBLE,1,0,1,False,-1
3250,DOUBLE,1,0,1,False,-1
3251,SINGLE,0,0,1,False,-1
3252,DOUBLE,1,0,1,False,-1
3253,DOUBLE,1,0,1,False,-1
3254,SINGLE,0,0,1,False,-1
3255,SINGLE,0,0,1,False,-1
3256,DOUBLE,1,0,1,False,-1
3257,SINGLE,0,0,1,False,-1
3258,DOUBLE,1,0,1,False,-1
3259,DOUBLE,1,0,1,False,-1
3260,DOUBLE,1,0,1,False,-1
3261,DOUBLE,1,0,1,False,-1
3263,SINGLE,0,0,1,False,-1
3264,DOUBLE,1,0,1,False,-1
3265,DOUBLE,1,0,1,False,-1
3266,DOUBLE,1,0,1,False,-1
3267,DOUBLE,1,0,1,False,-1
3268,DOUBLE,1,0,1,False,-1
3269,DOUBLE,1,0,1,False,-1
3270,DOUBLE,1,0,1,False,-1
3271,SINGLE,0,0,1,False,-1
3272,SINGLE,0,0,1,False,-1
3273,SINGLE,1,0,0,False,-1
3274,SINGLE,0,0,1,False,-1
3275,DOUBLE,1,0,1,False,-1
3276,DOUBLE,1,0,1,False,-1
3277,SINGLE,0,0,1,False,-1
3278,DOUBLE,1,0,1,False,-1
3279,SINGLE,0,0,1,False,-1
3280,SINGLE,0,0,1,False,-1
3281,SINGLE,0,0,1,False,-1
3282,SINGLE,0,0,1,False,-1
3283,SINGLE,0,0,1,False,-1
3284,SINGLE,0,0,1,False,-1
3285,DOUBLE,0,1,1,False,-1
3286,DOUBLE,1,0,1,False,-1
3287,SINGLE,0,0,1,False,-1
3289,DOUBLE,1,0,1,False,-1
3290,DOUBLE,1,0,1,False,-1
3291,SINGLE,0,0,1,False,-1
3292,SINGLE,0,0,1,False,-1
3293,SINGLE,0,0,1,False,-1
3294,SINGLE,0,0,1,False,-1
3295,SINGLE,0,0,1,False,-1
3296,SINGLE,0,0,1,False,-1
3297,SINGLE,0,0,1,False,-1
3298,SINGLE,0,0,1,False,-1
3299,SINGLE,0,0,1,False,-1
3301,SINGLE,0,0,1,False,-1
3302,DOUBLE,1,0,1,False,-1
3303,SINGLE,0,0,1,False,-1
3304,DOUBLE,1,0,1,False,-1
3305,DOUBLE,1,0,1,False,-1
3306,DOUBLE,1,0,1,False,-1
3307,SINGLE,0,0,1,False,-1
3308,DOUBLE,1,0,1,False,-1
3309,SINGLE,0,0,1,False,-1
3310,SINGLE,0,0,1,False,-1
3311,DOUBLE,1,0,1,False,-1
3312,DOUBLE,1,0,1,False,-1
3313,SINGLE,0,0,1,False,-1
3314,DOUBLE,1,0,1,False,-1
3315,SINGLE,0,0,1,False,-1
3316,DOUBLE,1,0,1,False,-1
3317,DOUBLE,1,0,1,False,-1
3319,DOUBLE,1,0,1,False,-1
3320,SINGLE,0,0,1,False,-1
3321,SINGLE,0,0,1,False,-1
3322,DOUBLE,0,1,1,False,-1
3323,DOUBLE,1,0,1,False,-1
3324,SINGLE,0,0,1,False,-1
3325,SINGLE,0,0,1,False,-1
3326,DOUBLE,1,0,1,False,-1
3327,DOUBLE,1,0,1,False,-1
3328,SINGLE,0,0,1,False,-1
3329,SINGLE,0,0,1,False,-1
3331,DOUBLE,1,0,1,False,-1
3332,DOUBLE,1,0,1,False,-1
3333,SINGLE,0,0,1,False,-1
3334,DOUBLE,1,0,1,False,-1
3335,DOUBLE,1,0,1,False,-1
3336,DOUBLE,1,0,1,False,-1
3337,SINGLE,0,0,1,False,-1
3338,DOUBLE,1,0,1,False,-1
3339,DOUBLE,1,0,1,False,-1
3340,DOUBLE,1,0,1,False,-1
3341,DOUBLE,1,0,1,False,-1
3342,DOUBLE,1,0,1,False,-1
3343,DOUBLE,1,0,1,False,-1
3344,SINGLE,0,0,1,False,-1
3346,DOUBLE,1,0,1,False,-1
3347,DOUBLE,1,0,1,False,-1
3348,SINGLE,0,0,1,False,-1
3349,DOUBLE,1,0,1,False,-1
3351,SINGLE,0,0,1,False,-1
3352,DOUBLE,1,0,1,False,-1
3353,DOUBLE,1,0,1,False,-1
3354,DOUBLE,1,0,1,False,-1
3357,SINGLE,0,0,1,False,-1
3358,SINGLE,0,0,1,False,-1
3359,DOUBLE,1,0,1,False,-1
3361,SINGLE,0,0,1,False,-1
3362,DOUBLE,1,0,1,False,-1
3363,SINGLE,0,0,1,False,-1
3364,DOUBLE,1,0,1,False,-1
3365,DOUBLE,1,0,1,False,-1
3366,DOUBLE,1,0,1,False,-1
3367,SINGLE,0,0,1,False,-1
3368,SINGLE,0,0,1,False,-1
3369,DOUBLE,1,0,1,False,-1
3370,DOUBLE,1,0,1,False,-1
3372,SINGLE,0,0,1,False,-1
3373,SINGLE,0,0,1,False,-1
3374,DOUBLE,1,0,1,False,-1
3375,DOUBLE,1,0,1,False,-1
3376,DOUBLE,1,0,1,False,-1
3377,DOUBLE,1,0,1,False,-1
3379,SINGLE,0,0,1,False,-1
3381,DOUBLE,1,0,1,False,-1
3382,DOUBLE,1,0,1,False,-1
3383,SINGLE,0,0,1,False,-1
3384,SINGLE,0,0,1,False,-1
3385,SINGLE,0,0,1,False,-1
3387,SINGLE,0,0,1,False,-1
3388,SINGLE,0,0,1,False,-1
3389,DOUBLE,1,0,1,False,-1
3390,DOUBLE,1,0,1,False,-1
3391,DOUBLE,1,0,1,False,-1
3392,DOUBLE,1,0,1,False,-1
3393,DOUBLE,1,0,1,False,-1
3394,DOUBLE,1,0,1,False,-1
3395,DOUBLE,1,0,1,False,-1
3396,DOUBLE,1,0,1,False,-1
3397,DOUBLE,1,0,1,False,-1
3398,SINGLE,0,0,1,False,-1
3399,DOUBLE,1,0,1,False,-1
3400,SINGLE,0,0,1,False,-1
3401,SINGLE,0,0,1,False,-1
3402,DOUBLE,1,0,1,False,-1
3403,DOUBLE,1,0,1,False,-1
3404,DOUBLE,1,0,1,False,-1
3405,DOUBLE,1,0,1,False,-1
3406,DOUBLE,1,0,1,False,-1
3407,DOUBLE,1,0,1,False,-1
3408,DOUBLE,1,0,1,False,-1
3409,DOUBLE,1,0,1,False,-1
3410,DOUBLE,1,0,1,False,-1
3411,SINGLE,0,0,1,False,-1
3412,SINGLE,0,0,1,False,-1
3413,DOUBLE,1,0,1,False,-1
3414,DOUBLE,1,0,1,False,-1
3416,SINGLE,0,0,1,False,-1
3417,SINGLE,0,0,1,False,-1
3418,SINGLE,0,0,1,False,-1
3421,DOUBLE,1,0,1,False,-1
3423,SINGLE,0,0,1,False,-1
3425,SINGLE,0,0,1,False,-1
3426,SINGLE,0,0,1,False,-1
3427,DOUBLE,1,0,1,False,-1
3428,SINGLE,0,0,1,False,-1
3429,DOUBLE,1,0,1,False,-1
3430,SINGLE,0,0,1,False,-1
3432,SINGLE,0,0,1,False,-1
3433,SINGLE,0,0,1,False,-1
3434,DOUBLE,1,0,1,False,-1
3436,DOUBLE,1,0,1,False,-1
3437,DOUBLE,1,0,1,False,-1
3438,DOUBLE,1,0,1,False,-1
3439,TRIPLE,1,1,1,False,-1
3440,DOUBLE,1,0,1,False,-1
3441,DOUBLE,1,0,1,False,-1
3442,SINGLE,0,0,1,False,-1
3443,DOUBLE,1,0,1,False,-1
3444,DOUBLE,1,0,1,False,-1
3445,SINGLE,0,0,1,False,-1
3446,DOUBLE,1,0,1,False,-1
3447,SINGLE,0,0,1,False,-1
3448,DOUBLE,1,0,1,False,-1
3449,SINGLE,0,0,1,False,-1
3450,DOUBLE,1,0,1,False,-1
3451,DOUBLE,1,0,1,False,-1
3452,DOUBLE,1,0,1,False,-1
3454,SINGLE,0,0,1,False,-1
3455,SINGLE,0,0,1,False,-1
3456,SINGLE,0,0,1,False,-1
3457,DOUBLE,1,0,1,False,-1
3458,SINGLE,0,0,1,False,-1
3459,DOUBLE,1,0,1,False,-1
3460,DOUBLE,1,0,1,False,-1
3461,DOUBLE,1,0,1,False,-1
3462,SINGLE,0,0,1,False,-1
3463,SINGLE,0,0,1,False,-1
3464,DOUBLE,1,0,1,False,-1
3465,DOUBLE,1,0,1,False,-1
3466,DOUBLE,1,0,1,False,-1
3467,DOUBLE,1,0,1,False,-1
3469,SINGLE,0,0,1,False,-1
3470,SINGLE,0,0,1,False,-1
3471,SINGLE,0,0,1,False,-1
3472,SINGLE,0,0,1,False,-1
3473,DOUBLE,1,0,1,False,-1
3474,DOUBLE,1,0,1,False,-1
3475,DOUBLE,1,0,1,False,-1
3476,DOUBLE,1,0,1,False,-1
3477,SINGLE,0,0,1,False,-1
3478,DOUBLE,1,0,1,False,-1
3479,DOUBLE,1,0,1,False,-1
3480,DOUBLE,1,0,1,False,-1
3481,SINGLE,0,0,1,False,-1
3482,SINGLE,0,0,1,False,-1
3483,DOUBLE,0,1,1,False,-1
3484,DOUBLE,1,0,1,False,-1
3485,SINGLE,0,0,1,False,-1
3486,SINGLE,0,0,1,False,-1
3487,DOUBLE,0,1,1,False,-1
3488,DOUBLE,1,0,1,False,-1
3489,DOUBLE,1,0,1,False,-1
3490,DOUBLE,1,0,1,False,-1
3491,DOUBLE,1,0,1,False,-1
3492,DOUBLE,1,0,1,False,-1
3493,SINGLE,0,0,1,False,-1
3494,DOUBLE,1,0,1,False,-1
3495,DOUBLE,1,0,1,False,-1
3496,DOUBLE,1,0,1,False,-1
3497,TRIPLE,1,1,1,False,-1
3498,DOUBLE,1,0,1,False,-1
3499,DOUBLE,1,0,1,False,-1
3500,SINGLE,0,0,1,False,-1
3501,DOUBLE,1,0,1,False,-1
3502,DOUBLE,1,0,1,False,-1
3503,SINGLE,0,0,1,False,-1
3504,SINGLE,0,0,1,False,-1
3505,DOUBLE,1,0,1,False,-1
3506,DOUBLE,1,0,1,False,-1
3507,SINGLE,0,0,1,False,-1
3509,SINGLE,0,0,1,False,-1
3510,DOUBLE,1,0,1,False,-1
3511,DOUBLE,1,0,1,False,-1
3513,DOUBLE,1,0,1,False,-1
3514,DOUBLE,1,0,1,False,-1
3515,SINGLE,0,0,1,False,-1
3518,SINGLE,0,0,1,False,-1
3519,SINGLE,0,0,1,False,-1
3520,SINGLE,0,0,1,False,-1
3521,DOUBLE,1,0,1,False,-1
3522,DOUBLE,1,0,1,False,-1
3523,SINGLE,0,0,1,False,-1
3524,DOUBLE,1,0,1,False,-1
3525,DOUBLE,1,0,1,False,-1
3526,SINGLE,0,0,1,False,-1
3527,SINGLE,0,0,1,False,-1
3528,DOUBLE,1,0,1,False,-1
3529,DOUBLE,1,0,1,False,-1
3530,DOUBLE,1,0,1,False,-1
3531,DOUBLE,1,0,1,False,-1
3532,SINGLE,0,0,1,False,-1
3533,DOUBLE,1,0,1,False,-1
3534,DOUBLE,1,0,1,False,-1
3535,DOUBLE,1,0,1,False,-1
3536,SINGLE,0,0,1,False,-1
3537,SINGLE,0,0,1,False,-1
3538,SINGLE,0,0,1,False,-1
3539,DOUBLE,1,0,1,False,-1
3540,DOUBLE,1,0,1,False,-1
3541,DOUBLE,1,0,1,False,-1
3542,DOUBLE,1,0,1,False,-1
3543,SINGLE,0,0,1,False,-1
3544,DOUBLE,1,0,1,False,-1
3545,DOUBLE,1,0,1,False,-1
3546,DOUBLE,1,0,1,False,-1
3547,DOUBLE,1,0,1,False,-1
3549,SINGLE,0,0,1,False,-1
3550,DOUBLE,1,0,1,False,-1
3551,DOUBLE,1,0,1,False,-1
3553,SINGLE,0,0,1,False,-1
3554,SINGLE,0,0,1,False,-1
3555,DOUBLE,1,0,1,False,-1
3556,DOUBLE,1,0,1,False,-1
3557,DOUBLE,1,0,1,False,-1
3558,SINGLE,0,0,1,False,-1
3559,SINGLE,0,0,1,False,-1
3560,SINGLE,0,0,1,False,-1
3561,DOUBLE,1,0,1,False,-1
3562,DOUBLE,1,0,1,False,-1
3563,DOUBLE,1,0,1,False,-1
3565,SINGLE,0,0,1,False,-1
3566,SINGLE,0,0,1,False,-1
3567,SINGLE,0,0,1,False,-1
3568,DOUBLE,1,0,1,False,-1
3569,DOUBLE,1,0,1,False,-1
3570,DOUBLE,1,0,1,False,-1
3571,DOUBLE,1,0,1,False,-1
3573,SINGLE,0,0,1,False,-1
3574,SINGLE,0,0,1,False,-1
3576,DOUBLE,1,0,1,False,-1
3578,SINGLE,0,0,1,False,-1
3579,DOUBLE,1,0,1,False,-1
3580,SINGLE,0,0,1,False,-1
3581,DOUBLE,1,0,1,False,-1
3582,DOUBLE,1,0,1,False,-1
3585,DOUBLE,1,0,1,False,-1
3586,SINGLE,0,0,1,False,-1
3587,DOUBLE,1,0,1,False,-1
3588,DOUBLE,1,0,1,False,-1
3589,DOUBLE,1,0,1,False,-1
3590,SINGLE,0,0,1,False,-1
3591,DOUBLE,1,0,1,False,-1
3592,SINGLE,0,0,1,False,-1
3593,SINGLE,0,0,1,False,-1
3594,DOUBLE,1,0,1,False,-1
3595,SINGLE,0,0,1,False,-1
3596,SINGLE,0,0,1,False,-1
3597,SINGLE,0,0,1,False,-1
3598,SINGLE,0,0,1,False,-1
3599,SINGLE,0,0,1,False,-1
3600,SINGLE,0,0,1,False,-1
3601,SINGLE,0,0,1,False,-1
3602,SINGLE,0,0,1,False,-1
3603,DOUBLE,1,0,1,False,-1
3604,TRIPLE,1,1,1,False,-1
3605,DOUBLE,1,0,1,False,-1
3606,DOUBLE,1,0,1,False,-1
3607,SINGLE,0,0,1,False,-1
3608,DOUBLE,1,0,1,False,-1
3609,DOUBLE,1,0,1,False,-1
3610,DOUBLE,1,0,1,False,-1
3611,SINGLE,0,0,1,False,-1
3612,DOUBLE,1,0,1,False,-1
3613,DOUBLE,1,0,1,False,-1
3614,SINGLE,0,0,1,False,-1
3615,SINGLE,0,0,1,False,-1
3616,DOUBLE,1,0,1,False,-1
3617,DOUBLE,1,0,1,False,-1
3618,SINGLE,0,0,1,False,-1
3619,SINGLE,0,0,1,False,-1
3620,SINGLE,0,0,1,False,-1
3621,SINGLE,0,0,1,False,-1
3622,SINGLE,0,0,1,False,-1
3623,DOUBLE,1,0,1,False,-1
3624,DOUBLE,1,0,1,False,-1
3625,SINGLE,0,0,1,False,-1
3626,SINGLE,0,0,1,False,-1
3627,SINGLE,0,0,1,False,-1
3629,SINGLE,0,0,1,False,-1
3630,SINGLE,0,0,1,False,-1
3631,DOUBLE,1,0,1,False,-1
3632,DOUBLE,1,0,1,False,-1
3633,DOUBLE,1,0,1,False,-1
3634,DOUBLE,1,0,1,False,-1
3635,SINGLE,0,0,1,False,-1
3636,DOUBLE,1,0,1,False,-1
3637,DOUBLE,1,0,1,False,-1
3638,DOUBLE,1,0,1,False,-1
3639,TRIPLE,1,1,1,False,-1
3640,DOUBLE,1,0,1,False,-1
3641,DOUBLE,1,0,1,False,-1
3642,DOUBLE,1,0,1,False,-1
3644,SINGLE,0,0,1,False,-1
3645,DOUBLE,1,0,1,False,-1
3646,DOUBLE,1,0,1,False,-1
3647,DOUBLE,1,0,1,False,-1
3648,DOUBLE,1,0,1,False,-1
3649,DOUBLE,1,0,1,False,-1
3650,SINGLE,0,0,1,False,-1
3651,DOUBLE,1,0,1,False,-1
3652,SINGLE,0,0,1,False,-1
3654,SINGLE,0,0,1,False,-1
3655,DOUBLE,1,0,1,False,-1
3656,SINGLE,0,0,1,False,-1
3657,SINGLE,0,0,1,False,-1
3658,SINGLE,0,0,1,False,-1
3659,SINGLE,0,0,1,False,-1
3660,DOUBLE,1,0,1,False,-1
3662,DOUBLE,1,0,1,False,-1
3663,DOUBLE,1,0,1,False,-1
3664,SINGLE,0,0,1,False,-1
3665,DOUBLE,1,0,1,False,-1
3666,SINGLE,0,0,1,False,-1
3668,SINGLE,0,0,1,False,-1
3669,DOUBLE,1,0,1,False,-1
3670,SINGLE,0,0,1,False,-1
3671,DOUBLE,1,0,1,False,-1
3672,DOUBLE,1,0,1,False,-1
3673,TRIPLE,1,1,1,False,-1
3675,DOUBLE,1,0,1,False,-1
3676,DOUBLE,1,0,1,False,-1
3677,SINGLE,0,0,1,False,-1
3678,SINGLE,0,0,1,False,-1
3679,DOUBLE,1,0,1,False,-1
3680,DOUBLE,1,0,1,False,-1
3681,SINGLE,0,0,1,False,-1
3682,DOUBLE,1,0,1,False,-1
3683,SINGLE,0,0,1,False,-1
3684,DOUBLE,1,0,1,False,-1
3685,DOUBLE,1,0,1,False,-1
3686,DOUBLE,1,0,1,False,-1
3687,DOUBLE,1,0,1,False,-1
3688,DOUBLE,1,0,1,False,-1
3689,DOUBLE,1,0,1,False,-1
3690,DOUBLE,1,0,1,False,-1
3691,DOUBLE,1,0,1,False,-1
3692,DOUBLE,1,0,1,False,-1
3693,SINGLE,0,0,1,False,-1
3694,DOUBLE,1,0,1,False,-1
3695,DOUBLE,1,0,1,False,-1
3696,DOUBLE,1,0,1,False,-1
3697,SINGLE,0,0,1,False,-1
3698,SINGLE,0,0,1,False,-1
3699,SINGLE,0,0,1,False,-1
3700,DOUBLE,1,0,1,False,-1
3701,DOUBLE,1,0,1,False,-1
3702,DOUBLE,1,0,1,False,-1
3703,SINGLE,0,0,1,False,-1
3704,TRIPLE,1,1,1,False,-1
3705,SINGLE,0,0,1,False,-1
3706,DOUBLE,1,0,1,False,-1
3707,DOUBLE,1,0,1,False,-1
3708,SINGLE,0,0,1,False,-1
3710,DOUBLE,1,0,1,False,-1
3711,DOUBLE,1,0,1,False,-1
3712,DOUBLE,1,0,1,False,-1
3713,SINGLE,0,0,1,False,-1
3714,DOUBLE,1,0,1,False,-1
3716,DOUBLE,1,0,1,False,-1
3717,DOUBLE,1,0,1,False,-1
3718,SINGLE,0,0,1,False,-1
3719,DOUBLE,1,0,1,False,-1
3720,DOUBLE,1,0,1,False,-1
3721,TRIPLE,1,1,1,False,-1
3722,DOUBLE,1,0,1,False,-1
3723,DOUBLE,1,0,1,False,-1
3724,DOUBLE,0,1,1,False,-1
3725,DOUBLE,1,0,1,False,-1
3727,DOUBLE,1,0,1,False,-1
3729,DOUBLE,1,0,1,False,-1
3730,DOUBLE,1,0,1,False,-1
3731,SINGLE,0,0,1,False,-1
3732,SINGLE,0,0,1,False,-1
3733,SINGLE,0,0,1,False,-1
3734,DOUBLE,1,0,1,False,-1
3735,SINGLE,0,0,1,False,-1
3736,DOUBLE,1,0,1,False,-1
3737,DOUBLE,1,0,1,False,-1
3738,DOUBLE,1,0,1,False,-1
3739,SINGLE,0,0,1,False,-1
3740,DOUBLE,1,0,1,False,-1
3741,SINGLE,0,0,1,False,-1
3742,SINGLE,0,0,1,False,-1
3743,SINGLE,0,0,1,False,-1
3744,DOUBLE,1,0,1,False,-1
3745,SINGLE,0,0,1,False,-1
3746,DOUBLE,1,0,1,False,-1
3747,DOUBLE,1,0,1,False,-1
3748,DOUBLE,1,0,1,False,-1
3749,DOUBLE,1,0,1,False,-1
3750,DOUBLE,1,0,1,False,-1
3751,SINGLE,0,0,1,False,-1
3754,SINGLE,0,0,1,False,-1
3755,DOUBLE,1,0,1,False,-1
3756,DOUBLE,1,0,1,False,-1
3757,DOUBLE,1,0,1,False,-1
3758,DOUBLE,1,0,1,False,-1
3760,DOUBLE,0,1,1,False,-1
3761,DOUBLE,1,0,1,False,-1
3762,DOUBLE,1,0,1,False,-1
3763,DOUBLE,1,0,1,False,-1
3764,SINGLE,0,0,1,False,-1
3765,DOUBLE,1,0,1,False,-1
3766,DOUBLE,1,0,1,False,-1
3767,SINGLE,0,0,1,False,-1
3768,DOUBLE,1,0,1,False,-1
3769,DOUBLE,1,0,1,False,-1
3770,SINGLE,0,0,1,False,-1
3772,DOUBLE,1,0,1,False,-1
3773,DOUBLE,1,0,1,False,-1
3775,DOUBLE,1,0,1,False,-1
3776,DOUBLE,1,0,1,False,-1
3777,DOUBLE,1,0,1,False,-1
3778,SINGLE,0,0,1,False,-1
3779,DOUBLE,1,0,1,False,-1
3780,DOUBLE,1,0,1,False,-1
3781,SINGLE,0,0,1,False,-1
3782,SINGLE,0,0,1,False,-1
3784,SINGLE,0,0,1,False,-1
3785,SINGLE,0,0,1,False,-1
3786,DOUBLE,1,0,1,False,-1
3787,DOUBLE,1,0,1,False,-1
3788,SINGLE,0,0,1,False,-1
3789,SINGLE,0,0,1,False,-1
3790,SINGLE,0,0,1,False,-1
3792,DOUBLE,1,0,1,False,-1
3793,DOUBLE,1,0,1,False,-1
3794,DOUBLE,1,0,1,False,-1
3795,DOUBLE,1,0,1,False,-1
3796,DOUBLE,1,0,1,False,-1
3797,DOUBLE,1,0,1,False,-1
3798,DOUBLE,1,0,1,False,-1
3799,DOUBLE,1,0,1,False,-1
3800,SINGLE,0,0,1,False,-1
3801,SINGLE,0,0,1,False,-1
3802,DOUBLE,1,0,1,False,-1
3803,DOUBLE,1,0,1,False,-1
3804,DOUBLE,1,0,1,False,-1
3805,DOUBLE,1,0,1,False,-1
3806,DOUBLE,1,0,1,False,-1
3807,SINGLE,0,0,1,False,-1
3808,DOUBLE,1,0,1,False,-1
3809,DOUBLE,1,0,1,False,-1
3810,DOUBLE,1,0,1,False,-1
3811,DOUBLE,1,0,1,False,-1
3813,DOUBLE,0,1,1,False,-1
3814,SINGLE,0,0,1,False,-1
3815,SINGLE,0,0,1,False,-1
3816,DOUBLE,1,0,1,False,-1
3817,SINGLE,0,0,1,False,-1
3818,SINGLE,0,0,1,False,-1
3819,SINGLE,0,0,1,False,-1
3820,SINGLE,0,0,1,False,-1
3821,SINGLE,0,0,1,False,-1
3822,DOUBLE,1,0,1,False,-1
3824,DOUBLE,1,0,1,False,-1
3825,SINGLE,0,0,1,False,-1
3826,SINGLE,0,0,1,False,-1
3827,SINGLE,0,0,1,False,-1
3828,SINGLE,0,0,1,False,-1
3829,DOUBLE,1,0,1,False,-1
3830,SINGLE,0,0,1,False,-1
3831,DOUBLE,1,0,1,False,-1
3832,DOUBLE,1,0,1,False,-1
3833,DOUBLE,1,0,1,False,-1
3834,DOUBLE,1,0,1,False,-1
3835,DOUBLE,1,0,1,False,-1
3836,SINGLE,0,0,1,False,-1
3837,SINGLE,0,0,1,False,-1
3838,SINGLE,0,0,1,False,-1
3839,DOUBLE,1,0,1,False,-1
3840,DOUBLE,1,0,1,False,-1
3841,SINGLE,0,0,1,False,-1
3842,SINGLE,0,0,1,False,-1
3843,DOUBLE,1,0,1,False,-1
3844,SINGLE,0,0,1,False,-1
3845,DOUBLE,1,0,1,False,-1
3846,DOUBLE,1,0,1,False,-1
3847,SINGLE,0,0,1,False,-1
3848,SINGLE,0,0,1,False,-1
3850,SINGLE,0,0,1,False,-1
3851,DOUBLE,1,0,1,False,-1
3852,SINGLE,0,0,1,False,-1
3853,SINGLE,0,0,1,False,-1
3854,DOUBLE,1,0,1,False,-1
3856,DOUBLE,1,0,1,False,-1
3857,SINGLE,0,0,1,False,-1
3858,SINGLE,0,0,1,False,-1
3859,DOUBLE,1,0,1,False,-1
3860,SINGLE,0,0,1,False,-1
3861,DOUBLE,1,0,1,False,-1
3862,SINGLE,0,0,1,False,-1
3863,SINGLE,0,0,1,False,-1
3864,DOUBLE,1,0,1,False,-1
3865,SINGLE,0,0,1,False,-1
3866,DOUBLE,1,0,1,False,-1
3867,DOUBLE,1,0,1,False,-1
3868,SINGLE,0,0,1,False,-1
3869,SINGLE,0,0,1,False,-1
3870,SINGLE,0,0,1,False,-1
3872,SINGLE,0,0,1,False,-1
3873,DOUBLE,1,0,1,False,-1
3874,DOUBLE,1,0,1,False,-1
3876,SINGLE,0,0,1,False,-1
3877,SINGLE,0,0,1,False,-1
3878,DOUBLE,1,0,1,False,-1
3879,SINGLE,0,0,1,False,-1
3880,SINGLE,0,0,1,False,-1
3881,DOUBLE,0,1,1,False,-1
3882,DOUBLE,1,0,1,False,-1
3883,DOUBLE,1,0,1,False,-1
3884,DOUBLE,1,0,1,False,-1
3885,SINGLE,0,0,1,False,-1
3886,SINGLE,0,0,1,False,-1
3887,DOUBLE,1,0,1,False,-1
3888,DOUBLE,1,0,1,False,-1
3889,DOUBLE,1,0,1,False,-1
3890,DOUBLE,1,0,1,False,-1
3891,SINGLE,0,0,1,False,-1
3892,DOUBLE,1,0,1,False,-1
3893,SINGLE,0,0,1,False,-1
3894,SINGLE,0,0,1,False,-1
3895,DOUBLE,1,0,1,False,-1
3896,DOUBLE,1,0,1,False,-1
3897,SINGLE,0,0,1,False,-1
3898,DOUBLE,1,0,1,False,-1
3899,DOUBLE,1,0,1,False,-1
3900,DOUBLE,1,0,1,False,-1
3901,SINGLE,0,0,1,False,-1
3902,DOUBLE,1,0,1,False,-1
3903,DOUBLE,1,0,1,False,-1
3904,SINGLE,0,0,1,False,-1
3905,DOUBLE,1,0,1,False,-1
3906,DOUBLE,1,0,1,False,-1
3908,DOUBLE,1,0,1,False,-1
3909,SINGLE,0,0,1,False,-1
3910,SINGLE,0,0,1,False,-1
3911,SINGLE,0,0,1,False,-1
3912,DOUBLE,1,0,1,False,-1
3913,SINGLE,0,0,1,False,-1
3914,SINGLE,0,0,1,False,-1
3915,DOUBLE,1,0,1,False,-1
3916,DOUBLE,1,0,1,False,-1
3917,DOUBLE,1,0,1,False,-1
3918,DOUBLE,1,0,1,False,-1
3919,DOUBLE,1,0,1,False,-1
3922,DOUBLE,1,0,1,False,-1
3923,DOUBLE,1,0,1,False,-1
3924,DOUBLE,1,0,1,False,-1
3925,DOUBLE,1,0,1,False,-1
3926,DOUBLE,1,0,1,False,-1
3927,DOUBLE,1,0,1,False,-1
3928,DOUBLE,1,0,1,False,-1
3929,SINGLE,0,0,1,False,-1
3930,SINGLE,0,0,1,False,-1
3932,DOUBLE,1,0,1,False,-1
3933,DOUBLE,1,0,1,False,-1
3934,SINGLE,0,0,1,False,-1
3935,SINGLE,0,0,1,False,-1
3936,DOUBLE,1,0,1,False,-1
3937,DOUBLE,1,0,1,False,-1
3938,SINGLE,0,0,1,False,-1
3939,SINGLE,0,0,1,False,-1
3940,DOUBLE,1,0,1,False,-1
3941,DOUBLE,1,0,1,False,-1
3942,DOUBLE,1,0,1,False,-1
3943,SINGLE,0,0,1,False,-1
3944,DOUBLE,1,0,1,False,-1
3945,DOUBLE,1,0,1,False,-1
3946,DOUBLE,1,0,1,False,-1
3947,DOUBLE,1,0,1,False,-1
3948,DOUBLE,1,0,1,False,-1
3949,DOUBLE,1,0,1,False,-1
3951,DOUBLE,1,0,1,False,-1
3953,SINGLE,0,0,1,False,-1
3955,DOUBLE,1,0,1,False,-1
3956,DOUBLE,1,0,1,False,-1
3957,DOUBLE,1,0,1,False,-1
3958,DOUBLE,1,0,1,False,-1
3959,DOUBLE,1,0,1,False,-1
3960,DOUBLE,1,0,1,False,-1
3961,DOUBLE,1,0,1,False,-1
3962,SINGLE,0,0,1,False,-1
3963,DOUBLE,1,0,1,False,-1
3964,DOUBLE,1,0,1,False,-1
3965,SINGLE,0,0,1,False,-1
3966,DOUBLE,1,0,1,False,-1
3967,SINGLE,0,0,1,False,-1
3968,SINGLE,0,0,1,False,-1
3969,DOUBLE,1,0,1,False,-1
3970,DOUBLE,1,0,1,False,-1
3971,DOUBLE,1,0,1,False,-1
3972,DOUBLE,1,0,1,False,-1
3973,DOUBLE,1,0,1,False,-1
3974,DOUBLE,1,0,1,False,-1
3975,DOUBLE,1,0,1,False,-1
3976,DOUBLE,1,0,1,False,-1
3977,DOUBLE,1,0,1,False,-1
3978,DOUBLE,1,0,1,False,-1
3979,DOUBLE,1,0,1,False,-1
3980,DOUBLE,1,0,1,False,-1
3981,SINGLE,0,0,1,False,-1
3982,DOUBLE,1,0,1,False,-1
3983,DOUBLE,1,0,1,False,-1
3984,DOUBLE,1,0,1,False,-1
3985,SINGLE,0,0,1,False,-1
3986,DOUBLE,1,0,1,False,-1
3987,DOUBLE,1,0,1,False,-1
3988,SINGLE,0,0,1,False,-1
3989,SINGLE,0,0,1,False,-1
3990,SINGLE,0,0,1,False,-1
3991,SINGLE,0,0,1,False,-1
3992,SINGLE,0,0,1,False,-1
3993,DOUBLE,1,0,1,False,-1
3994,SINGLE,0,0,1,False,-1
3995,SINGLE,0,0,1,False,-1
3996,SINGLE,0,0,1,False,-1
3997,SINGLE,0,0,1,False,-1
3998,DOUBLE,1,0,1,False,-1
3999,DOUBLE,1,0,1,False,-1
4000,SINGLE,0,0,1,False,-1
4001,DOUBLE,1,0,1,False,-1
4002,DOUBLE,1,0,1,False,-1
4003,DOUBLE,1,0,1,False,-1
4004,SINGLE,0,0,1,False,-1
4005,DOUBLE,1,0,1,False,-1
4006,SINGLE,0,0,1,False,-1
4007,SINGLE,0,0,1,False,-1
4008,DOUBLE,1,0,1,False,-1
4009,SINGLE,0,0,1,False,-1
4010,DOUBLE,1,0,1,False,-1
4011,SINGLE,0,0,1,False,-1
4012,DOUBLE,1,0,1,False,-1
4013,DOUBLE,1,0,1,False,-1
4014,DOUBLE,1,0,1,False,-1
4015,DOUBLE,1,0,1,False,-1
4016,SINGLE,0,0,1,False,-1
4017,SINGLE,0,0,1,False,-1
4018,DOUBLE,1,0,1,False,-1
4019,DOUBLE,1,0,1,False,-1
4020,DOUBLE,1,0,1,False,-1
4021,SINGLE,0,0,1,False,-1
4023,SINGLE,0,0,1,False,-1
4024,SINGLE,0,0,1,False,-1
4025,SINGLE,0,0,1,False,-1
4026,DOUBLE,1,0,1,False,-1
4027,SINGLE,0,0,1,False,-1
4028,SINGLE,0,0,1,False,-1
4030,DOUBLE,1,0,1,False,-1
4031,DOUBLE,1,0,1,False,-1
4032,DOUBLE,1,0,1,False,-1
4033,DOUBLE,1,0,1,False,-1
4034,DOUBLE,1,0,1,False,-1
4035,DOUBLE,1,0,1,False,-1
4036,DOUBLE,1,0,1,False,-1
4038,DOUBLE,1,0,1,False,-1
4039,SINGLE,0,0,1,False,-1
4040,DOUBLE,1,0,1,False,-1
4041,SINGLE,0,0,1,False,-1
4042,DOUBLE,1,0,1,False,-1
4043,DOUBLE,1,0,1,False,-1
4044,DOUBLE,1,0,1,False,-1
4045,SINGLE,0,0,1,False,-1
4046,DOUBLE,1,0,1,False,-1
4048,DOUBLE,1,0,1,False,-1
4049,DOUBLE,1,0,1,False,-1
4050,DOUBLE,1,0,1,False,-1
4051,DOUBLE,1,0,1,False,-1
4052,SINGLE,0,0,1,False,-1
4053,SINGLE,0,0,1,False,-1
4054,SINGLE,0,0,1,False,-1
4055,DOUBLE,1,0,1,False,-1
4057,DOUBLE,1,0,1,False,-1
4058,DOUBLE,1,0,1,False,-1
4059,SINGLE,0,0,1,False,-1
4060,SINGLE,0,0,1,False,-1
4061,DOUBLE,1,0,1,False,-1
4062,DOUBLE,1,0,1,False,-1
4063,TRIPLE,1,1,1,False,-1
4064,DOUBLE,1,0,1,False,-1
4065,DOUBLE,1,0,1,False,-1
4066,DOUBLE,1,0,1,False,-1
4067,DOUBLE,1,0,1,False,-1
4069,DOUBLE,1,0,1,False,-1
4071,SINGLE,0,0,1,False,-1
4072,SINGLE,0,0,1,False,-1
4073,DOUBLE,1,0,1,False,-1
4074,DOUBLE,1,0,1,False,-1
4075,DOUBLE,1,0,1,False,-1
4076,SINGLE,0,0,1,False,-1
4077,DOUBLE,1,0,1,False,-1
4078,SINGLE,0,0,1,False,-1
4079,DOUBLE,1,0,1,False,-1
4080,SINGLE,0,0,1,False,-1
4081,DOUBLE,1,0,1,False,-1
4083,DOUBLE,1,0,1,False,-1
4084,DOUBLE,1,0,1,False,-1
4085,DOUBLE,1,0,1,False,-1
4086,DOUBLE,1,0,1,False,-1
4087,DOUBLE,1,0,1,False,-1
4088,DOUBLE,1,0,1,False,-1
4089,SINGLE,0,0,1,False,-1
4090,DOUBLE,1,0,1,False,-1
4091,DOUBLE,1,0,1,False,-1
4092,SINGLE,0,0,1,False,-1
4093,SINGLE,0,0,1,False,-1
4094,SINGLE,0,0,1,False,-1
4095,DOUBLE,1,0,1,False,-1
4096,DOUBLE,1,0,1,False,-1
4097,DOUBLE,1,0,1,False,-1
4098,SINGLE,0,0,1,False,-1
4099,SINGLE,0,0,1,False,-1
4100,SINGLE,0,0,1,False,-1
4101,SINGLE,0,0,1,False,-1
4102,SINGLE,0,0,1,False,-1
4103,SINGLE,0,0,1,False,-1
4104,SINGLE,0,0,1,False,-1
4105,SINGLE,0,0,1,False,-1
4106,SINGLE,0,0,1,False,-1
4107,DOUBLE,1,0,1,False,-1
4108,SINGLE,0,0,1,False,-1
4110,DOUBLE,1,0,1,False,-1
4111,DOUBLE,1,0,1,False,-1
4112,SINGLE,0,0,1,False,-1
4113,SINGLE,0,0,1,False,-1
4114,DOUBLE,1,0,1,False,-1
4115,DOUBLE,1,0,1,False,-1
4116,SINGLE,0,0,1,False,-1
4117,DOUBLE,1,0,1,False,-1
4118,SINGLE,0,0,1,False,-1
4119,SINGLE,0,0,1,False,-1
4120,TRIPLE,1,1,1,False,-1
4122,SINGLE,0,0,1,False,-1
4123,DOUBLE,1,0,1,False,-1
4124,DOUBLE,1,0,1,False,-1
4125,DOUBLE,1,0,1,False,-1
4126,SINGLE,0,0,1,False,-1
4127,DOUBLE,1,0,1,False,-1
4128,DOUBLE,1,0,1,False,-1
4129,SINGLE,0,0,1,False,-1
4130,DOUBLE,1,0,1,False,-1
4131,SINGLE,0,0,1,False,-1
4132,DOUBLE,1,0,1,False,-1
4133,SINGLE,0,0,1,False,-1
4134,DOUBLE,1,0,1,False,-1
4135,DOUBLE,1,0,1,False,-1
4136,SINGLE,0,0,1,False,-1
4137,SINGLE,0,0,1,False,-1
4138,DOUBLE,1,0,1,False,-1
4139,DOUBLE,1,0,1,False,-1
4141,SINGLE,0,0,1,False,-1
4142,SINGLE,0,0,1,False,-1
4143,DOUBLE,1,0,1,False,-1
4144,SINGLE,0,0,1,False,-1
4145,SINGLE,0,0,1,False,-1
4146,SINGLE,0,0,1,False,-1
4147,SINGLE,0,0,1,False,-1
4148,SINGLE,0,0,1,False,-1
4149,DOUBLE,1,0,1,False,-1
4150,DOUBLE,1,0,1,False,-1
4151,SINGLE,0,0,1,False,-1
4152,SINGLE,0,0,1,False,-1
4153,SINGLE,0,0,1,False,-1
4154,DOUBLE,1,0,1,False,-1
4155,DOUBLE,1,0,1,False,-1
4156,DOUBLE,1,0,1,False,-1
4157,DOUBLE,1,0,1,False,-1
4158,DOUBLE,1,0,1,False,-1
4159,DOUBLE,1,0,1,False,-1
4160,DOUBLE,1,0,1,False,-1
4161,DOUBLE,1,0,1,False,-1
4162,DOUBLE,1,0,1,False,-1
4163,DOUBLE,1,0,1,False,-1
4164,DOUBLE,1,0,1,False,-1
4165,DOUBLE,1,0,1,False,-1
4166,DOUBLE,1,0,1,False,-1
4167,DOUBLE,0,1,1,False,-1
4168,DOUBLE,1,0,1,False,-1
4169,DOUBLE,1,0,1,False,-1
4171,SINGLE,0,0,1,False,-1
4172,SINGLE,0,0,1,False,-1
4173,DOUBLE,1,0,1,False,-1
4174,DOUBLE,1,0,1,False,-1
4175,DOUBLE,1,0,1,False,-1
4176,DOUBLE,1,0,1,False,-1
4177,DOUBLE,1,0,1,False,-1
4178,DOUBLE,1,0,1,False,-1
4179,DOUBLE,1,0,1,False,-1
4180,SINGLE,0,0,1,False,-1
4181,SINGLE,0,0,1,False,-1
4183,SINGLE,0,0,1,False,-1
4184,SINGLE,0,0,1,False,-1
4185,DOUBLE,1,0,1,False,-1
4186,DOUBLE,1,0,1,False,-1
4187,DOUBLE,1,0,1,False,-1
4188,DOUBLE,1,0,1,False,-1
4189,SINGLE,0,0,1,False,-1
4190,DOUBLE,1,0,1,False,-1
4191,DOUBLE,1,0,1,False,-1
4192,DOUBLE,1,0,1,False,-1
4193,DOUBLE,1,0,1,False,-1
4194,DOUBLE,1,0,1,False,-1
4195,DOUBLE,1,0,1,False,-1
4196,DOUBLE,1,0,1,False,-1
4197,SINGLE,0,0,1,False,-1
4198,SINGLE,0,0,1,False,-1
4200,DOUBLE,1,0,1,False,-1
4201,SINGLE,0,0,1,False,-1
4203,DOUBLE,1,0,1,False,-1
4204,DOUBLE,1,0,1,False,-1
4205,SINGLE,0,0,1,False,-1
4206,DOUBLE,1,0,1,False,-1
4207,SINGLE,0,0,1,False,-1
4208,DOUBLE,1,0,1,False,-1
4209,SINGLE,0,0,1,False,-1
4210,DOUBLE,1,0,1,False,-1
4211,SINGLE,0,0,1,False,-1
4212,DOUBLE,1,0,1,False,-1
4213,DOUBLE,1,0,1,False,-1
4215,SINGLE,0,0,1,False,-1
4216,DOUBLE,1,0,1,False,-1
4217,SINGLE,0,0,1,False,-1
4218,SINGLE,0,0,1,False,-1
4219,TRIPLE,1,1,1,False,-1
4220,SINGLE,0,0,1,False,-1
4221,SINGLE,0,0,1,False,-1
4222,DOUBLE,1,0,1,False,-1
4223,DOUBLE,1,0,1,False,-1
4224,DOUBLE,1,0,1,False,-1
4225,SINGLE,0,0,1,False,-1
4226,DOUBLE,1,0,1,False,-1
4227,SINGLE,0,0,1,False,-1
4228,SINGLE,0,0,1,False,-1
4229,SINGLE,0,0,1,False,-1
4230,DOUBLE,1,0,1,False,-1
4231,DOUBLE,1,0,1,False,-1
4232,DOUBLE,1,0,1,False,-1
4234,DOUBLE,1,0,1,False,-1
4235,DOUBLE,1,0,1,False,-1
4236,TRIPLE,1,1,1,False,-1
4237,DOUBLE,1,0,1,False,-1
4238,SINGLE,0,0,1,False,-1
4239,SINGLE,0,0,1,False,-1
4240,SINGLE,0,0,1,False,-1
4241,DOUBLE,1,0,1,False,-1
4242,SINGLE,0,0,1,False,-1
4243,DOUBLE,1,0,1,False,-1
4245,DOUBLE,1,0,1,False,-1
4246,DOUBLE,1,0,1,False,-1
4247,DOUBLE,1,0,1,False,-1
4248,DOUBLE,1,0,1,False,-1
4250,DOUBLE,1,0,1,False,-1
4252,DOUBLE,1,0,1,False,-1
4253,SINGLE,0,0,1,False,-1
4254,DOUBLE,1,0,1,False,-1
4255,DOUBLE,1,0,1,False,-1
4256,DOUBLE,1,0,1,False,-1
4257,DOUBLE,1,0,1,False,-1
4258,DOUBLE,1,0,1,False,-1
4259,SINGLE,0,0,1,False,-1
4260,DOUBLE,1,0,1,False,-1
4261,SINGLE,0,0,1,False,-1
4262,SINGLE,0,0,1,False,-1
4263,SINGLE,0,0,1,False,-1
4264,SINGLE,0,0,1,False,-1
4265,SINGLE,0,0,1,False,-1
4266,DOUBLE,1,0,1,False,-1
4267,SINGLE,0,0,1,False,-1
4268,DOUBLE,1,0,1,False,-1
4269,DOUBLE,1,0,1,False,-1
4270,DOUBLE,1,0,1,False,-1
4271,DOUBLE,1,0,1,False,-1
4272,SINGLE,0,0,1,False,-1
4273,SINGLE,0,0,1,False,-1
4275,DOUBLE,1,0,1,False,-1
4276,SINGLE,0,0,1,False,-1
4277,DOUBLE,1,0,1,False,-1
4278,SINGLE,0,0,1,False,-1
4279,DOUBLE,1,0,1,False,-1
4280,DOUBLE,1,0,1,False,-1
4284,SINGLE,0,0,1,False,-1
4285,SINGLE,0,0,1,False,-1
4286,DOUBLE,1,0,1,False,-1
4287,SINGLE,0,0,1,False,-1
4288,DOUBLE,1,0,1,False,-1
4289,SINGLE,0,0,1,False,-1
4290,SINGLE,0,0,1,False,-1
4291,DOUBLE,1,0,1,False,-1
4292,DOUBLE,1,0,1,False,-1
4293,SINGLE,0,0,1,False,-1
4294,DOUBLE,1,0,1,False,-1
4295,DOUBLE,1,0,1,False,-1
4296,SINGLE,0,0,1,False,-1
4297,DOUBLE,1,0,1,False,-1
4298,DOUBLE,1,0,1,False,-1
4300,DOUBLE,1,0,1,False,-1
4302,SINGLE,0,0,1,False,-1
4303,DOUBLE,1,0,1,False,-1
4304,SINGLE,0,0,1,False,-1
4305,DOUBLE,1,0,1,False,-1
4307,SINGLE,0,0,1,False,-1
4308,DOUBLE,1,0,1,False,-1
4309,DOUBLE,1,0,1,False,-1
4310,DOUBLE,1,0,1,False,-1
4311,DOUBLE,1,0,1,False,-1
4312,SINGLE,0,0,1,False,-1
4313,DOUBLE,1,0,1,False,-1
4314,DOUBLE,1,0,1,False,-1
4315,DOUBLE,1,0,1,False,-1
4316,DOUBLE,1,0,1,False,-1
4317,DOUBLE,1,0,1,False,-1
4318,SINGLE,0,0,1,False,-1
4319,SINGLE,0,0,1,False,-1
4320,SINGLE,0,0,1,False,-1
4321,SINGLE,0,0,1,False,-1
4322,DOUBLE,1,0,1,False,-1
4323,SINGLE,0,0,1,False,-1
4324,SINGLE,0,0,1,False,-1
4325,SINGLE,0,0,1,False,-1
4326,DOUBLE,1,0,1,False,-1
4327,SINGLE,0,0,1,False,-1
4328,SINGLE,0,0,1,False,-1
4329,SINGLE,0,0,1,False,-1
4330,DOUBLE,1,0,1,False,-1
4332,DOUBLE,1,0,1,False,-1
4333,DOUBLE,1,0,1,False,-1
4334,SINGLE,0,0,1,False,-1
4335,SINGLE,0,0,1,False,-1
4336,SINGLE,0,0,1,False,-1
4337,SINGLE,0,0,1,False,-1
4338,SINGLE,0,0,1,False,-1
4339,DOUBLE,1,0,1,False,-1
4340,DOUBLE,1,0,1,False,-1
4341,DOUBLE,1,0,1,False,-1
4342,DOUBLE,1,0,1,False,-1
4343,DOUBLE,1,0,1,False,-1
4344,SINGLE,0,0,1,False,-1
4345,DOUBLE,1,0,1,False,-1
4346,SINGLE,0,0,1,False,-1
4347,DOUBLE,1,0,1,False,-1
4348,DOUBLE,1,0,1,False,-1
4349,SINGLE,0,0,1,False,-1
4350,DOUBLE,1,0,1,False,-1
4351,SINGLE,0,0,1,False,-1
4352,DOUBLE,1,0,1,False,-1
4353,DOUBLE,1,0,1,False,-1
4354,SINGLE,0,0,1,False,-1
4355,DOUBLE,1,0,1,False,-1
4357,DOUBLE,1,0,1,False,-1
4358,DOUBLE,1,0,1,False,-1
4359,DOUBLE,1,0,1,False,-1
4360,SINGLE,0,0,1,False,-1
4361,DOUBLE,1,0,1,False,-1
4362,DOUBLE,1,0,1,False,-1
4363,DOUBLE,1,0,1,False,-1
4364,DOUBLE,1,0,1,False,-1
4366,DOUBLE,1,0,1,False,-1
4367,SINGLE,0,0,1,False,-1
4368,SINGLE,0,0,1,False,-1
4369,SINGLE,0,0,1,False,-1
4371,DOUBLE,1,0,1,False,-1
4373,SINGLE,0,0,1,False,-1
4374,SINGLE,0,0,1,False,-1
4375,DOUBLE,1,0,1,False,-1
4376,SINGLE,0,0,1,False,-1
4378,SINGLE,0,0,1,False,-1
4379,DOUBLE,1,0,1,False,-1
4380,SINGLE,0,0,1,False,-1
4381,DOUBLE,1,0,1,False,-1
4382,SINGLE,0,0,1,False,-1
4383,DOUBLE,1,0,1,False,-1
4384,DOUBLE,1,0,1,False,-1
4385,SINGLE,0,0,1,False,-1
4386,SINGLE,0,0,1,False,-1
4387,DOUBLE,1,0,1,False,-1
4388,DOUBLE,1,0,1,False,-1
4389,DOUBLE,1,0,1,False,-1
4390,DOUBLE,1,0,1,False,-1
4391,SINGLE,0,0,1,False,-1
4393,DOUBLE,1,0,1,False,-1
4394,DOUBLE,1,0,1,False,-1
4395,DOUBLE,1,0,1,False,-1
4396,DOUBLE,1,0,1,False,-1
4397,SINGLE,0,0,1,False,-1
4398,DOUBLE,1,0,1,False,-1
4399,SINGLE,0,0,1,False,-1
4400,SINGLE,0,0,1,False,-1
4401,SINGLE,0,0,1,False,-1
4402,DOUBLE,1,0,1,False,-1
4403,SINGLE,0,0,1,False,-1
4404,SINGLE,0,0,1,False,-1
4405,DOUBLE,1,0,1,False,-1
4406,SINGLE,0,0,1,False,-1
4407,DOUBLE,1,0,1,False,-1
4408,SINGLE,0,0,1,False,-1
4410,DOUBLE,1,0,1,False,-1
4411,DOUBLE,1,0,1,False,-1
4412,DOUBLE,1,0,1,False,-1
4413,DOUBLE,1,0,1,False,-1
4414,DOUBLE,1,0,1,False,-1
4415,DOUBLE,1,0,1,False,-1
4416,DOUBLE,1,0,1,False,-1
4417,DOUBLE,1,0,1,False,-1
4418,SINGLE,0,0,1,False,-1
4419,SINGLE,0,0,1,False,-1
4420,DOUBLE,1,0,1,False,-1
4421,SINGLE,0,0,1,False,-1
4422,DOUBLE,1,0,1,False,-1
4423,DOUBLE,1,0,1,False,-1
4424,DOUBLE,1,0,1,False,-1
4425,SINGLE,0,0,1,False,-1
4426,SINGLE,0,0,1,False,-1
4427,SINGLE,0,0,1,False,-1
4428,DOUBLE,1,0,1,False,-1
4429,DOUBLE,1,0,1,False,-1
4430,DOUBLE,1,0,1,False,-1
4431,SINGLE,0,0,1,False,-1
4432,DOUBLE,1,0,1,False,-1
4433,SINGLE,0,0,1,False,-1
4434,SINGLE,0,0,1,False,-1
4435,DOUBLE,1,0,1,False,-1
4437,DOUBLE,1,0,1,False,-1
4438,SINGLE,0,0,1,False,-1
4439,SINGLE,0,0,1,False,-1
4440,DOUBLE,1,0,1,False,-1
4441,DOUBLE,1,0,1,False,-1
4442,DOUBLE,1,0,1,False,-1
4443,DOUBLE,1,0,1,False,-1
4444,DOUBLE,1,0,1,False,-1
4446,DOUBLE,1,0,1,False,-1
4447,DOUBLE,1,0,1,False,-1
4448,SINGLE,0,0,1,False,-1
4449,SINGLE,0,0,1,False,-1
4450,SINGLE,0,0,1,False,-1
4451,DOUBLE,1,0,1,False,-1
4452,DOUBLE,1,0,1,False,-1
4453,DOUBLE,1,0,1,False,-1
4454,SINGLE,0,0,1,False,-1
4455,DOUBLE,1,0,1,False,-1
4456,SINGLE,0,0,1,False,-1
4457,SINGLE,0,0,1,False,-1
4458,DOUBLE,1,0,1,False,-1
4459,SINGLE,0,0,1,False,-1
4460,DOUBLE,1,0,1,False,-1
4461,DOUBLE,1,0,1,False,-1
4462,SINGLE,0,0,1,False,-1
4463,SINGLE,0,0,1,False,-1
4464,DOUBLE,1,0,1,False,-1
4465,SINGLE,0,0,1,False,-1
4466,DOUBLE,1,0,1,False,-1
4467,DOUBLE,1,0,1,False,-1
4468,DOUBLE,1,0,1,False,-1
4469,DOUBLE,1,0,1,False,-1
4470,SINGLE,0,0,1,False,-1
4471,SINGLE,0,0,1,False,-1
4472,SINGLE,0,0,1,False,-1
4473,SINGLE,0,0,1,False,-1
4474,DOUBLE,1,0,1,False,-1
4475,SINGLE,0,0,1,False,-1
4477,DOUBLE,1,0,1,False,-1
4478,DOUBLE,1,0,1,False,-1
4479,DOUBLE,1,0,1,False,-1
4480,DOUBLE,1,0,1,False,-1
4481,SINGLE,0,0,1,False,-1
4482,SINGLE,0,0,1,False,-1
4483,SINGLE,0,0,1,False,-1
4484,SINGLE,0,0,1,False,-1
4485,SINGLE,0,0,1,False,-1
4486,SINGLE,0,0,1,False,-1
4487,SINGLE,0,0,1,False,-1
4488,DOUBLE,1,0,1,False,-1
4489,SINGLE,0,0,1,False,-1
4490,SINGLE,0,0,1,False,-1
4491,DOUBLE,1,0,1,False,-1
4492,DOUBLE,1,0,1,False,-1
4493,SINGLE,0,0,1,False,-1
4494,DOUBLE,1,0,1,False,-1
4495,DOUBLE,1,0,1,False,-1
4496,DOUBLE,1,0,1,False,-1
4497,SINGLE,0,0,1,False,-1
4498,DOUBLE,1,0,1,False,-1
4499,DOUBLE,1,0,1,False,-1
4500,SINGLE,0,0,1,False,-1
4501,SINGLE,0,0,1,False,-1
4502,SINGLE,0,0,1,False,-1
4503,DOUBLE,1,0,1,False,-1
4504,SINGLE,0,0,1,False,-1
4505,DOUBLE,1,0,1,False,-1
4506,DOUBLE,1,0,1,False,-1
4507,DOUBLE,1,0,1,False,-1
4508,DOUBLE,1,0,1,False,-1
4509,SINGLE,0,0,1,False,-1
4510,SINGLE,0,0,1,False,-1
4511,SINGLE,0,0,1,False,-1
4512,DOUBLE,1,0,1,False,-1
4513,DOUBLE,1,0,1,False,-1
4514,DOUBLE,1,0,1,False,-1
4515,DOUBLE,1,0,1,False,-1
4516,DOUBLE,1,0,1,False,-1
4517,SINGLE,0,0,1,False,-1
4518,DOUBLE,1,0,1,False,-1
4519,SINGLE,0,0,1,False,-1
4520,DOUBLE,1,0,1,False,-1
4521,DOUBLE,1,0,1,False,-1
4522,DOUBLE,1,0,1,False,-1
4523,SINGLE,0,0,1,False,-1
4524,DOUBLE,1,0,1,False,-1
4525,SINGLE,0,0,1,False,-1
4526,DOUBLE,1,0,1,False,-1
4527,DOUBLE,1,0,1,False,-1
4528,DOUBLE,1,0,1,False,-1
4529,SINGLE,0,0,1,False,-1
4530,SINGLE,0,0,1,False,-1
4531,DOUBLE,1,0,1,False,-1
4532,SINGLE,0,0,1,False,-1
4533,DOUBLE,1,0,1,False,-1
4534,DOUBLE,1,0,1,False,-1
4536,DOUBLE,1,0,1,False,-1
4537,SINGLE,0,0,1,False,-1
4538,SINGLE,0,0,1,False,-1
4539,DOUBLE,1,0,1,False,-1
4540,DOUBLE,0,1,1,False,-1
4541,SINGLE,0,0,1,False,-1
4542,SINGLE,0,0,1,False,-1
4543,DOUBLE,1,0,1,False,-1
4544,SINGLE,0,0,1,False,-1
4545,DOUBLE,1,0,1,False,-1
4546,DOUBLE,1,0,1,False,-1
4547,DOUBLE,1,0,1,False,-1
4548,DOUBLE,1,0,1,False,-1
4551,DOUBLE,1,0,1,False,-1
4552,DOUBLE,1,0,1,False,-1
4553,SINGLE,0,0,1,False,-1
4554,SINGLE,0,0,1,False,-1
4555,SINGLE,0,0,1,False,-1
4556,DOUBLE,1,0,1,False,-1
4557,DOUBLE,1,0,1,False,-1
4558,SINGLE,0,0,1,False,-1
4559,DOUBLE,1,0,1,False,-1
4561,SINGLE,0,0,1,False,-1
4562,SINGLE,0,0,1,False,-1
4563,DOUBLE,1,0,1,False,-1
4564,SINGLE,0,0,1,False,-1
4565,DOUBLE,1,0,1,False,-1
4566,DOUBLE,1,0,1,False,-1
4567,DOUBLE,1,0,1,False,-1
4568,SINGLE,0,0,1,False,-1
4569,SINGLE,0,0,1,False,-1
4570,DOUBLE,1,0,1,False,-1
4571,DOUBLE,1,0,1,False,-1
4572,DOUBLE,1,0,1,False,-1
4573,SINGLE,0,0,1,False,-1
4574,SINGLE,0,0,1,False,-1
4575,SINGLE,0,0,1,False,-1
4576,SINGLE,0,0,1,False,-1
4577,SINGLE,0,0,1,False,-1
4578,DOUBLE,1,0,1,False,-1
4579,SINGLE,0,0,1,False,-1
4580,DOUBLE,1,0,1,False,-1
4581,SINGLE,0,0,1,False,-1
4582,DOUBLE,1,0,1,False,-1
4583,DOUBLE,1,0,1,False,-1
4584,SINGLE,0,0,1,False,-1
4585,SINGLE,0,0,1,False,-1
4586,DOUBLE,1,0,1,False,-1
4587,SINGLE,0,0,1,False,-1
4588,SINGLE,0,0,1,False,-1
4589,SINGLE,0,0,1,False,-1
4590,DOUBLE,1,0,1,False,-1
4591,SINGLE,0,0,1,False,-1
4592,SINGLE,0,0,1,False,-1
4593,DOUBLE,1,0,1,False,-1
4594,DOUBLE,1,0,1,False,-1
4595,SINGLE,0,0,1,False,-1
4596,SINGLE,0,0,1,False,-1
4598,DOUBLE,1,0,1,False,-1
4599,SINGLE,0,0,1,False,-1
4600,DOUBLE,1,0,1,False,-1
4601,DOUBLE,1,0,1,False,-1
4602,SINGLE,0,0,1,False,-1
4603,DOUBLE,1,0,1,False,-1
4604,SINGLE,0,0,1,False,-1
4606,DOUBLE,1,0,1,False,-1
4607,SINGLE,0,0,1,False,-1
4608,DOUBLE,1,0,1,False,-1
4609,SINGLE,0,0,1,False,-1
4610,SINGLE,0,0,1,False,-1
4611,SINGLE,0,0,1,False,-1
4612,SINGLE,0,0,1,False,-1
4613,SINGLE,0,0,1,False,-1
4614,DOUBLE,1,0,1,False,-1
4615,SINGLE,0,0,1,False,-1
4616,DOUBLE,1,0,1,False,-1
4617,DOUBLE,1,0,1,False,-1
4618,DOUBLE,1,0,1,False,-1
4619,DOUBLE,1,0,1,False,-1
4621,DOUBLE,1,0,1,False,-1
4623,SINGLE,0,0,1,False,-1
4624,SINGLE,0,0,1,False,-1
4625,SINGLE,0,0,1,False,-1
4626,SINGLE,0,0,1,False,-1
4627,SINGLE,0,0,1,False,-1
4628,SINGLE,0,0,1,False,-1
4629,DOUBLE,1,0,1,False,-1
4631,SINGLE,0,0,1,False,-1
4633,DOUBLE,1,0,1,False,-1
4634,DOUBLE,1,0,1,False,-1
4635,DOUBLE,1,0,1,False,-1
4636,SINGLE,0,0,1,False,-1
4637,DOUBLE,1,0,1,False,-1
4638,DOUBLE,1,0,1,False,-1
4639,DOUBLE,1,0,1,False,-1
4642,DOUBLE,1,0,1,False,-1
4643,SINGLE,0,0,1,False,-1
4644,SINGLE,0,0,1,False,-1
4645,DOUBLE,1,0,1,False,-1
4646,DOUBLE,1,0,1,False,-1
4647,DOUBLE,1,0,1,False,-1
4649,DOUBLE,1,0,1,False,-1
4650,SINGLE,0,0,1,False,-1
4651,DOUBLE,1,0,1,False,-1
4652,DOUBLE,1,0,1,False,-1
4653,DOUBLE,1,0,1,False,-1
4654,DOUBLE,1,0,1,False,-1
4655,SINGLE,0,0,1,False,-1
4656,SINGLE,0,0,1,False,-1
4657,DOUBLE,1,0,1,False,-1
4658,SINGLE,0,0,1,False,-1
4659,DOUBLE,1,0,1,False,-1
4660,DOUBLE,1,0,1,False,-1
4661,DOUBLE,1,0,1,False,-1
4662,DOUBLE,1,0,1,False,-1
4663,DOUBLE,1,0,1,False,-1
4664,SINGLE,0,0,1,False,-1
4665,SINGLE,0,0,1,False,-1
4666,SINGLE,0,0,1,False,-1
4667,DOUBLE,1,0,1,False,-1
4668,DOUBLE,1,0,1,False,-1
4669,DOUBLE,1,0,1,False,-1
4670,DOUBLE,1,0,1,False,-1
4671,SINGLE,0,0,1,False,-1
4672,SINGLE,0,0,1,False,-1
4673,DOUBLE,1,0,1,False,-1
4674,DOUBLE,1,0,1,False,-1
4675,SINGLE,0,0,1,False,-1
4676,SINGLE,0,0,1,False,-1
4677,DOUBLE,1,0,1,False,-1
4678,DOUBLE,1,0,1,False,-1
4679,DOUBLE,1,0,1,False,-1
4681,DOUBLE,0,1,1,False,-1
4682,SINGLE,0,0,1,False,-1
4683,DOUBLE,1,0,1,False,-1
4684,DOUBLE,1,0,1,False,-1
4685,DOUBLE,1,0,1,False,-1
4686,DOUBLE,1,0,1,False,-1
4687,DOUBLE,0,1,1,False,-1
4688,DOUBLE,1,0,1,False,-1
4689,SINGLE,0,0,1,False,-1
4690,DOUBLE,1,0,1,False,-1
4691,DOUBLE,1,0,1,False,-1
4694,DOUBLE,1,0,1,False,-1
4695,SINGLE,0,0,1,False,-1
4696,SINGLE,0,0,1,False,-1
4697,SINGLE,0,0,1,False,-1
4698,SINGLE,0,0,1,False,-1
4699,DOUBLE,1,0,1,False,-1
4700,DOUBLE,1,0,1,False,-1
4701,SINGLE,0,0,1,False,-1
4702,SINGLE,0,0,1,False,-1
4703,SINGLE,0,0,1,False,-1
4704,SINGLE,0,0,1,False,-1
4705,DOUBLE,0,1,1,False,-1
4706,SINGLE,0,0,1,False,-1
4707,DOUBLE,1,0,1,False,-1
4709,SINGLE,0,0,1,False,-1
4710,SINGLE,0,0,1,False,-1
4711,DOUBLE,1,0,1,False,-1
4712,DOUBLE,1,0,1,False,-1
4713,SINGLE,0,0,1,False,-1
4714,SINGLE,0,0,1,False,-1
4715,DOUBLE,1,0,1,False,-1
4717,DOUBLE,1,0,1,False,-1
4718,DOUBLE,1,0,1,False,-1
4719,DOUBLE,1,0,1,False,-1
4720,DOUBLE,1,0,1,False,-1
4721,DOUBLE,1,0,1,False,-1
4722,SINGLE,0,0,1,False,-1
4723,SINGLE,0,0,1,False,-1
4724,SINGLE,0,0,1,False,-1
4725,DOUBLE,1,0,1,False,-1
4726,SINGLE,0,0,1,False,-1
4728,SINGLE,0,0,1,False,-1
4729,SINGLE,0,0,1,False,-1
4730,SINGLE,0,0,1,False,-1
4731,SINGLE,0,0,1,False,-1
4732,SINGLE,0,0,1,False,-1
4733,DOUBLE,1,0,1,False,-1
4734,DOUBLE,1,0,1,False,-1
4735,DOUBLE,1,0,1,False,-1
4736,SINGLE,0,0,1,False,-1
4737,SINGLE,0,0,1,False,-1
4738,DOUBLE,1,0,1,False,-1
4739,SINGLE,0,0,1,False,-1
4740,DOUBLE,1,0,1,False,-1
4741,SINGLE,0,0,1,False,-1
4742,SINGLE,0,0,1,False,-1
4743,DOUBLE,1,0,1,False,-1
4744,DOUBLE,1,0,1,False,-1
4745,SINGLE,0,0,1,False,-1
4746,DOUBLE,1,0,1,False,-1
4747,DOUBLE,1,0,1,False,-1
4748,DOUBLE,1,0,1,False,-1
4749,DOUBLE,1,0,1,False,-1
4751,SINGLE,0,0,1,False,-1
4752,DOUBLE,1,0,1,False,-1
4753,SINGLE,0,0,1,False,-1
4754,DOUBLE,1,0,1,False,-1
4755,SINGLE,0,0,1,False,-1
4756,DOUBLE,1,0,1,False,-1
4757,SINGLE,0,0,1,False,-1
4758,DOUBLE,1,0,1,False,-1
4759,SINGLE,0,0,1,False,-1
4760,SINGLE,0,0,1,False,-1
4761,DOUBLE,1,0,1,False,-1
4762,SINGLE,0,0,1,False,-1
4763,DOUBLE,1,0,1,False,-1
4764,DOUBLE,1,0,1,False,-1
4765,DOUBLE,1,0,1,False,-1
4766,SINGLE,0,0,1,False,-1
4767,DOUBLE,1,0,1,False,-1
4768,DOUBLE,1,0,1,False,-1
4769,DOUBLE,1,0,1,False,-1
4770,DOUBLE,1,0,1,False,-1
4771,SINGLE,0,0,1,False,-1
4773,SINGLE,0,0,1,False,-1
4774,DOUBLE,1,0,1,False,-1
4775,DOUBLE,1,0,1,False,-1
4776,DOUBLE,1,0,1,False,-1
4777,DOUBLE,1,0,1,False,-1
4778,SINGLE,0,0,1,False,-1
4779,SINGLE,0,0,1,False,-1
4780,DOUBLE,1,0,1,False,-1
4781,SINGLE,0,0,1,False,-1
4782,SINGLE,0,0,1,False,-1
4783,SINGLE,0,0,1,False,-1
4784,SINGLE,0,0,1,False,-1
4785,DOUBLE,1,0,1,False,-1
4786,SINGLE,0,0,1,False,-1
4787,SINGLE,0,0,1,False,-1
4788,SINGLE,0,0,1,False,-1
4789,DOUBLE,1,0,1,False,-1
4790,DOUBLE,1,0,1,False,-1
4791,DOUBLE,1,0,1,False,-1
4792,DOUBLE,1,0,1,False,-1
4793,DOUBLE,1,0,1,False,-1
4794,DOUBLE,1,0,1,False,-1
4795,DOUBLE,1,0,1,False,-1
4796,DOUBLE,1,0,1,False,-1
4797,SINGLE,0,0,1,False,-1
4798,SINGLE,0,0,1,False,-1
4799,DOUBLE,1,0,1,False,-1
4800,SINGLE,0,0,1,False,-1
4801,SINGLE,0,0,1,False,-1
4802,SINGLE,0,0,1,False,-1
4803,DOUBLE,1,0,1,False,-1
4805,DOUBLE,1,0,1,False,-1
4806,DOUBLE,1,0,1,False,-1
4807,DOUBLE,1,0,1,False,-1
4808,DOUBLE,1,0,1,False,-1
4809,SINGLE,0,0,1,False,-1
4810,DOUBLE,1,0,1,False,-1
4811,DOUBLE,1,0,1,False,-1
4812,DOUBLE,1,0,1,False,-1
4813,SINGLE,0,0,1,False,-1
4814,DOUBLE,1,0,1,False,-1
4815,SINGLE,0,0,1,False,-1
4816,DOUBLE,1,0,1,False,-1
4817,SINGLE,0,0,1,False,-1
4818,SINGLE,0,0,1,False,-1
4819,DOUBLE,1,0,1,False,-1
4820,SINGLE,0,0,1,False,-1
4821,SINGLE,0,0,1,False,-1
4822,DOUBLE,0,1,1,False,-1
4823,SINGLE,0,0,1,False,-1
4824,DOUBLE,1,0,1,False,-1
4826,DOUBLE,1,0,1,False,-1
4827,DOUBLE,1,0,1,False,-1
4828,DOUBLE,1,0,1,False,-1
4829,SINGLE,0,0,1,False,-1
4830,DOUBLE,1,0,1,False,-1
4831,SINGLE,0,0,1,False,-1
4832,SINGLE,0,0,1,False,-1
4833,DOUBLE,1,0,1,False,-1
4834,DOUBLE,1,0,1,False,-1
4835,DOUBLE,1,0,1,False,-1
4836,SINGLE,0,0,1,False,-1
4838,DOUBLE,1,0,1,False,-1
4839,DOUBLE,1,0,1,False,-1
4840,SINGLE,0,0,1,False,-1
4841,DOUBLE,1,0,1,False,-1
4842,SINGLE,0,0,1,False,-1
4843,SINGLE,0,0,1,False,-1
4844,SINGLE,0,0,1,False,-1
4845,SINGLE,0,0,1,False,-1
4846,DOUBLE,1,0,1,False,-1
4848,SINGLE,0,0,1,False,-1
4849,DOUBLE,1,0,1,False,-1
4850,DOUBLE,1,0,1,False,-1
4851,SINGLE,0,0,1,False,-1
4852,DOUBLE,1,0,1,False,-1
4853,DOUBLE,1,0,1,False,-1
4854,SINGLE,0,0,1,False,-1
4855,SINGLE,0,0,1,False,-1
4856,DOUBLE,1,0,1,False,-1
4857,SINGLE,0,0,1,False,-1
4858,SINGLE,0,0,1,False,-1
4859,DOUBLE,1,0,1,False,-1
4860,SINGLE,0,0,1,False,-1
4861,SINGLE,0,0,1,False,-1
4862,DOUBLE,1,0,1,False,-1
4863,DOUBLE,1,0,1,False,-1
4864,SINGLE,0,0,1,False,-1
4865,DOUBLE,1,0,1,False,-1
4866,SINGLE,0,0,1,False,-1
4867,SINGLE,0,0,1,False,-1
4868,SINGLE,0,0,1,False,-1
4869,SINGLE,0,0,1,False,-1
4870,SINGLE,0,0,1,False,-1
4871,DOUBLE,1,0,1,False,-1
4873,SINGLE,0,0,1,False,-1
4874,SINGLE,0,0,1,False,-1
4875,SINGLE,0,0,1,False,-1
4876,SINGLE,0,0,1,False,-1
4877,SINGLE,0,0,1,False,-1
4878,SINGLE,0,0,1,False,-1
4879,DOUBLE,1,0,1,False,-1
4880,TRIPLE,1,1,1,False,-1
4881,DOUBLE,1,0,1,False,-1
4883,SINGLE,0,0,1,False,-1
4885,DOUBLE,1,0,1,False,-1
4886,DOUBLE,1,0,1,False,-1
4887,DOUBLE,1,0,1,False,-1
4888,DOUBLE,1,0,1,False,-1
4890,DOUBLE,1,0,1,False,-1
4891,SINGLE,0,0,1,False,-1
4892,SINGLE,0,0,1,False,-1
4893,DOUBLE,1,0,1,False,-1
4894,DOUBLE,1,0,1,False,-1
4895,DOUBLE,1,0,1,False,-1
4896,DOUBLE,1,0,1,False,-1
4897,SINGLE,0,0,1,False,-1
4898,DOUBLE,1,0,1,False,-1
4899,SINGLE,0,0,1,False,-1
4900,SINGLE,0,0,1,False,-1
4901,SINGLE,0,0,1,False,-1
4902,SINGLE,0,0,1,False,-1
4903,DOUBLE,1,0,1,False,-1
4904,SINGLE,0,0,1,False,-1
4906,DOUBLE,1,0,1,False,-1
4907,DOUBLE,1,0,1,False,-1
4908,DOUBLE,1,0,1,False,-1
4909,DOUBLE,1,0,1,False,-1
4910,DOUBLE,1,0,1,False,-1
4911,DOUBLE,1,0,1,False,-1
4915,DOUBLE,1,0,1,False,-1
4916,SINGLE,0,0,1,False,-1
4917,DOUBLE,1,0,1,False,-1
4918,DOUBLE,1,0,1,False,-1
4919,DOUBLE,1,0,1,False,-1
4921,DOUBLE,1,0,1,False,-1
4922,SINGLE,0,0,1,False,-1
4923,SINGLE,0,0,1,False,-1
4924,DOUBLE,1,0,1,False,-1
4925,DOUBLE,1,0,1,False,-1
4926,SINGLE,0,0,1,False,-1
4927,DOUBLE,1,0,1,False,-1
4929,SINGLE,0,0,1,False,-1
4930,SINGLE,0,0,1,False,-1
4931,DOUBLE,1,0,1,False,-1
4932,DOUBLE,1,0,1,False,-1
4933,SINGLE,0,0,1,False,-1
4934,DOUBLE,1,0,1,False,-1
4935,DOUBLE,1,0,1,False,-1
4936,DOUBLE,1,0,1,False,-1
4937,SINGLE,0,0,1,False,-1
4938,DOUBLE,1,0,1,False,-1
4939,DOUBLE,1,0,1,False,-1
4940,DOUBLE,1,0,1,False,-1
4941,DOUBLE,1,0,1,False,-1
4942,DOUBLE,1,0,1,False,-1
4943,SINGLE,0,0,1,False,-1
4944,SINGLE,0,0,1,False,-1
4945,DOUBLE,1,0,1,False,-1
4946,SINGLE,0,0,1,False,-1
4948,DOUBLE,1,0,1,False,-1
4949,DOUBLE,1,0,1,False,-1
4950,DOUBLE,1,0,1,False,-1
4951,DOUBLE,0,1,1,False,-1
4952,DOUBLE,1,0,1,False,-1
4953,DOUBLE,1,0,1,False,-1
4954,SINGLE,0,0,1,False,-1
4955,SINGLE,0,0,1,False,-1
4956,DOUBLE,1,0,1,False,-1
4957,SINGLE,0,0,1,False,-1
4958,DOUBLE,1,0,1,False,-1
4959,SINGLE,0,0,1,False,-1
4960,SINGLE,0,0,1,False,-1
4961,SINGLE,0,0,1,False,-1
4962,DOUBLE,1,0,1,False,-1
4963,SINGLE,0,0,1,False,-1
4964,SINGLE,0,0,1,False,-1
4965,DOUBLE,1,0,1,False,-1
4966,SINGLE,0,0,1,False,-1
4967,DOUBLE,1,0,1,False,-1
4968,DOUBLE,1,0,1,False,-1
4970,SINGLE,0,0,1,False,-1
4971,SINGLE,0,0,1,False,-1
4972,SINGLE,0,0,1,False,-1
4973,DOUBLE,1,0,1,False,-1
4974,DOUBLE,1,0,1,False,-1
4975,SINGLE,0,0,1,False,-1
4977,DOUBLE,1,0,1,False,-1
4978,DOUBLE,1,0,1,False,-1
4979,DOUBLE,1,0,1,False,-1
4981,SINGLE,0,0,1,False,-1
4982,DOUBLE,1,0,1,False,-1
4983,DOUBLE,1,0,1,False,-1
4984,DOUBLE,1,0,1,False,-1
4985,DOUBLE,1,0,1,False,-1
4986,DOUBLE,1,0,1,False,-1
4987,DOUBLE,1,0,1,False,-1
4988,SINGLE,0,0,1,False,-1
4989,SINGLE,0,0,1,False,-1
4990,TRIPLE,1,1,1,False,-1
4991,DOUBLE,1,0,1,False,-1
4992,DOUBLE,1,0,1,False,-1
4993,DOUBLE,1,0,1,False,-1
4994,DOUBLE,1,0,1,False,-1
4996,SINGLE,0,0,1,False,-1
4997,SINGLE,0,0,1,False,-1
4998,SINGLE,0,0,1,False,-1
4999,SINGLE,0,0,1,False,-1
5000,DOUBLE,1,0,1,False,-1
5001,DOUBLE,1,0,1,False,-1
5002,DOUBLE,1,0,1,False,-1
5003,DOUBLE,1,0,1,False,-1
5004,DOUBLE,1,0,1,False,-1
5005,DOUBLE,1,0,1,False,-1
5006,SINGLE,0,0,1,False,-1
5008,DOUBLE,1,0,1,False,-1
5009,DOUBLE,1,0,1,False,-1
5010,SINGLE,0,0,1,False,-1
5011,DOUBLE,1,0,1,False,-1
5012,DOUBLE,1,0,1,False,-1
5013,DOUBLE,1,0,1,False,-1
5014,DOUBLE,1,0,1,False,-1
5015,DOUBLE,1,0,1,False,-1
5016,SINGLE,0,0,1,False,-1
5017,DOUBLE,1,0,1,False,-1
5018,TRIPLE,1,1,1,False,-1
5019,DOUBLE,1,0,1,False,-1
5020,SINGLE,0,0,1,False,-1
5021,SINGLE,0,0,1,False,-1
5022,DOUBLE,1,0,1,False,-1
5023,DOUBLE,1,0,1,False,-1
5024,DOUBLE,1,0,1,False,-1
5026,SINGLE,0,0,1,False,-1
5027,DOUBLE,1,0,1,False,-1
5028,DOUBLE,1,0,1,False,-1
5029,SINGLE,0,0,1,False,-1
5030,SINGLE,0,0,1,False,-1
5031,DOUBLE,1,0,1,False,-1
5032,SINGLE,0,0,1,False,-1
5033,SINGLE,0,0,1,False,-1
5034,DOUBLE,1,0,1,False,-1
5035,DOUBLE,1,0,1,False,-1
5036,SINGLE,0,0,1,False,-1
5037,DOUBLE,1,0,1,False,-1
5038,SINGLE,0,0,1,False,-1
5039,DOUBLE,1,0,1,False,-1
5040,DOUBLE,1,0,1,False,-1
5041,DOUBLE,1,0,1,False,-1
5042,SINGLE,0,0,1,False,-1
5043,SINGLE,0,0,1,False,-1
5045,SINGLE,0,0,1,False,-1
5046,SINGLE,0,0,1,False,-1
5047,SINGLE,0,0,1,False,-1
5048,DOUBLE,1,0,1,False,-1
5049,DOUBLE,1,0,1,False,-1
5050,DOUBLE,1,0,1,False,-1
5051,SINGLE,0,0,1,False,-1
5052,DOUBLE,1,0,1,False,-1
5053,SINGLE,0,0,1,False,-1
5054,SINGLE,0,0,1,False,-1
5055,DOUBLE,1,0,1,False,-1
5056,DOUBLE,1,0,1,False,-1
5057,SINGLE,0,0,1,False,-1
5058,SINGLE,0,0,1,False,-1
5059,DOUBLE,1,0,1,False,-1
5060,SINGLE,0,0,1,False,-1
5063,DOUBLE,1,0,1,False,-1
5064,SINGLE,0,0,1,False,-1
5065,DOUBLE,1,0,1,False,-1
5066,DOUBLE,1,0,1,False,-1
5067,DOUBLE,1,0,1,False,-1
5068,SINGLE,0,0,1,False,-1
5070,DOUBLE,1,0,1,False,-1
5071,DOUBLE,1,0,1,False,-1
5072,SINGLE,0,0,1,False,-1
5073,DOUBLE,1,0,1,False,-1
5074,SINGLE,0,0,1,False,-1
5075,SINGLE,0,0,1,False,-1
5076,DOUBLE,1,0,1,False,-1
5077,SINGLE,0,0,1,False,-1
5078,DOUBLE,1,0,1,False,-1
5079,DOUBLE,1,0,1,False,-1
5080,DOUBLE,1,0,1,False,-1
5081,SINGLE,0,0,1,False,-1
5082,SINGLE,0,0,1,False,-1
5083,DOUBLE,1,0,1,False,-1
5084,SINGLE,0,0,1,False,-1
5086,SINGLE,0,0,1,False,-1
5088,DOUBLE,1,0,1,False,-1
5089,DOUBLE,1,0,1,False,-1
5090,DOUBLE,1,0,1,False,-1
5091,SINGLE,0,0,1,False,-1
5092,SINGLE,0,0,1,False,-1
5093,SINGLE,0,0,1,False,-1
5094,DOUBLE,1,0,1,False,-1
5095,DOUBLE,1,0,1,False,-1
5096,SINGLE,0,0,1,False,-1
5097,DOUBLE,1,0,1,False,-1
5098,SINGLE,0,0,1,False,-1
5099,SINGLE,0,0,1,False,-1
5100,DOUBLE,1,0,1,False,-1
5101,DOUBLE,1,0,1,False,-1
5102,SINGLE,0,0,1,False,-1
5103,DOUBLE,1,0,1,False,-1
5104,TRIPLE,1,1,1,False,-1
5105,DOUBLE,1,0,1,False,-1
5106,SINGLE,0,0,1,False,-1
5107,SINGLE,0,0,1,False,-1
5108,DOUBLE,1,0,1,False,-1
5109,DOUBLE,1,0,1,False,-1
5110,SINGLE,0,0,1,False,-1
5111,DOUBLE,1,0,1,False,-1
5113,SINGLE,0,0,1,False,-1
5114,SINGLE,0,0,1,False,-1
5115,DOUBLE,1,0,1,False,-1
5116,SINGLE,0,0,1,False,-1
5117,DOUBLE,1,0,1,False,-1
5118,SINGLE,0,0,1,False,-1
5119,SINGLE,0,0,1,False,-1
5120,DOUBLE,1,0,1,False,-1
5121,DOUBLE,1,0,1,False,-1
5122,DOUBLE,1,0,1,False,-1
5123,DOUBLE,1,0,1,False,-1
5124,SINGLE,0,0,1,False,-1
5125,DOUBLE,1,0,1,False,-1
5126,DOUBLE,1,0,1,False,-1
5127,SINGLE,0,0,1,False,-1
5128,DOUBLE,1,0,1,False,-1
5130,DOUBLE,1,0,1,False,-1
5131,SINGLE,0,0,1,False,-1
5132,DOUBLE,1,0,1,False,-1
5134,SINGLE,0,0,1,False,-1
5135,SINGLE,0,0,1,False,-1
5136,DOUBLE,1,0,1,False,-1
5137,SINGLE,0,0,1,False,-1
5138,DOUBLE,1,0,1,False,-1
5139,DOUBLE,1,0,1,False,-1
5141,SINGLE,0,0,1,False,-1
5143,DOUBLE,1,0,1,False,-1
5145,SINGLE,0,0,1,False,-1
5146,SINGLE,0,0,1,False,-1
5147,DOUBLE,1,0,1,False,-1
5148,DOUBLE,1,0,1,False,-1
5149,DOUBLE,1,0,1,False,-1
5151,DOUBLE,1,0,1,False,-1
5152,SINGLE,0,0,1,False,-1
5154,DOUBLE,1,0,1,False,-1
5155,DOUBLE,1,0,1,False,-1
5156,SINGLE,0,0,1,False,-1
5157,DOUBLE,1,0,1,False,-1
5158,SINGLE,0,0,1,False,-1
5159,SINGLE,0,0,1,False,-1
5160,SINGLE,0,0,1,False,-1
5161,DOUBLE,1,0,1,False,-1
5162,DOUBLE,1,0,1,False,-1
5163,DOUBLE,1,0,1,False,-1
5164,SINGLE,0,0,1,False,-1
5165,DOUBLE,1,0,1,False,-1
5166,DOUBLE,1,0,1,False,-1
5167,DOUBLE,1,0,1,False,-1
5168,DOUBLE,1,0,1,False,-1
5169,DOUBLE,1,0,1,False,-1
5170,DOUBLE,1,0,1,False,-1
5171,DOUBLE,1,0,1,False,-1
5172,SINGLE,0,0,1,False,-1
5173,DOUBLE,1,0,1,False,-1
5174,DOUBLE,1,0,1,False,-1
5175,SINGLE,0,0,1,False,-1
5176,SINGLE,0,0,1,False,-1
5177,DOUBLE,1,0,1,False,-1
5178,DOUBLE,1,0,1,False,-1
5179,DOUBLE,1,0,1,False,-1
5181,DOUBLE,1,0,1,False,-1
5182,DOUBLE,1,0,1,False,-1
5183,DOUBLE,1,0,1,False,-1
5184,DOUBLE,1,0,1,False,-1
5185,DOUBLE,1,0,1,False,-1
5186,DOUBLE,1,0,1,False,-1
5187,SINGLE,0,0,1,False,-1
5188,DOUBLE,1,0,1,False,-1
5189,DOUBLE,1,0,1,False,-1
5190,DOUBLE,1,0,1,False,-1
5191,SINGLE,0,0,1,False,-1
5192,DOUBLE,1,0,1,False,-1
5193,DOUBLE,1,0,1,False,-1
5194,DOUBLE,1,0,1,False,-1
5195,DOUBLE,1,0,1,False,-1
5196,SINGLE,0,0,1,False,-1
5197,SINGLE,0,0,1,False,-1
5198,SINGLE,0,0,1,False,-1
5199,SINGLE,0,0,1,False,-1
5200,SINGLE,0,0,1,False,-1
5201,DOUBLE,1,0,1,False,-1
5202,DOUBLE,1,0,1,False,-1
5203,SINGLE,0,0,1,False,-1
5204,DOUBLE,1,0,1,False,-1
5205,DOUBLE,1,0,1,False,-1
5206,SINGLE,0,0,1,False,-1
5208,DOUBLE,1,0,1,False,-1
5209,SINGLE,0,0,1,False,-1
5210,DOUBLE,1,0,1,False,-1
5211,SINGLE,0,0,1,False,-1
5212,SINGLE,0,0,1,False,-1
5213,SINGLE,0,0,1,False,-1
5214,SINGLE,0,0,1,False,-1
5215,SINGLE,0,0,1,False,-1
5216,DOUBLE,1,0,1,False,-1
5217,DOUBLE,1,0,1,False,-1
5218,SINGLE,0,0,1,False,-1
5219,DOUBLE,1,0,1,False,-1
5220,SINGLE,0,0,1,False,-1
5221,DOUBLE,1,0,1,False,-1
5222,SINGLE,0,0,1,False,-1
5224,DOUBLE,1,0,1,False,-1
5225,SINGLE,0,0,1,False,-1
5226,SINGLE,0,0,1,False,-1
5227,SINGLE,0,0,1,False,-1
5228,SINGLE,0,0,1,False,-1
5229,DOUBLE,1,0,1,False,-1
5230,SINGLE,0,0,1,False,-1
5231,SINGLE,0,0,1,False,-1
5232,SINGLE,0,0,1,False,-1
5233,DOUBLE,1,0,1,False,-1
5234,DOUBLE,1,0,1,False,-1
5235,DOUBLE,1,0,1,False,-1
5236,DOUBLE,1,0,1,False,-1
5237,DOUBLE,1,0,1,False,-1
5238,SINGLE,0,0,1,False,-1
5239,DOUBLE,1,0,1,False,-1
5240,DOUBLE,1,0,1,False,-1
5241,DOUBLE,1,0,1,False,-1
5242,DOUBLE,1,0,1,False,-1
5243,DOUBLE,1,0,1,False,-1
5244,SINGLE,0,0,1,False,-1
5245,DOUBLE,1,0,1,False,-1
5246,DOUBLE,1,0,1,False,-1
5247,SINGLE,0,0,1,False,-1
5248,DOUBLE,1,0,1,False,-1
5249,SINGLE,0,0,1,False,-1
5250,SINGLE,0,0,1,False,-1
5251,DOUBLE,1,0,1,False,-1
5252,SINGLE,0,0,1,False,-1
5253,SINGLE,0,0,1,False,-1
5254,DOUBLE,1,0,1,False,-1
5255,DOUBLE,1,0,1,False,-1
5256,DOUBLE,1,0,1,False,-1
5257,DOUBLE,1,0,1,False,-1
5258,SINGLE,0,0,1,False,-1
5259,SINGLE,0,0,1,False,-1
5260,DOUBLE,1,0,1,False,-1
5261,SINGLE,0,0,1,False,-1
5262,SINGLE,0,0,1,False,-1
5263,DOUBLE,1,0,1,False,-1
5264,SINGLE,0,0,1,False,-1
5265,SINGLE,0,0,1,False,-1
5266,DOUBLE,0,1,1,False,-1
5267,SINGLE,0,0,1,False,-1
5268,DOUBLE,1,0,1,False,-1
5269,SINGLE,0,0,1,False,-1
5270,DOUBLE,1,0,1,False,-1
5271,DOUBLE,1,0,1,False,-1
5272,SINGLE,0,0,1,False,-1
5273,DOUBLE,1,0,1,False,-1
5274,SINGLE,0,0,1,False,-1
5275,DOUBLE,1,0,1,False,-1
5276,SINGLE,0,0,1,False,-1
5277,DOUBLE,1,0,1,False,-1
5278,SINGLE,0,0,1,False,-1
5279,DOUBLE,1,0,1,False,-1
5280,DOUBLE,1,0,1,False,-1
5281,DOUBLE,1,0,1,False,-1
5282,SINGLE,0,0,1,False,-1
5283,DOUBLE,1,0,1,False,-1
5284,DOUBLE,1,0,1,False,-1
5286,SINGLE,0,0,1,False,-1
5287,DOUBLE,1,0,1,False,-1
5288,DOUBLE,1,0,1,False,-1
5289,DOUBLE,1,0,1,False,-1
5290,SINGLE,0,0,1,False,-1
5291,SINGLE,0,0,1,False,-1
5292,DOUBLE,1,0,1,False,-1
5293,DOUBLE,1,0,1,False,-1
5294,DOUBLE,1,0,1,False,-1
5295,DOUBLE,1,0,1,False,-1
5296,SINGLE,0,0,1,False,-1
5298,TRIPLE,1,1,1,False,-1
5299,DOUBLE,1,0,1,False,-1
5300,DOUBLE,1,0,1,False,-1
5301,DOUBLE,1,0,1,False,-1
5302,SINGLE,0,0,1,False,-1
5303,DOUBLE,1,0,1,False,-1
5304,SINGLE,0,0,1,False,-1
5305,DOUBLE,1,0,1,False,-1
5306,SINGLE,0,0,1,False,-1
5307,SINGLE,0,0,1,False,-1
5308,SINGLE,0,0,1,False,-1
5309,DOUBLE,1,0,1,False,-1
5310,DOUBLE,1,0,1,False,-1
5312,DOUBLE,1,0,1,False,-1
5313,DOUBLE,1,0,1,False,-1
5315,DOUBLE,1,0,1,False,-1
5316,DOUBLE,1,0,1,False,-1
5317,SINGLE,0,0,1,False,-1
5318,SINGLE,0,0,1,False,-1
5319,DOUBLE,1,0,1,False,-1
5320,DOUBLE,1,0,1,False,-1
5321,DOUBLE,1,0,1,False,-1
5322,DOUBLE,1,0,1,False,-1
5323,DOUBLE,1,0,1,False,-1
5324,SINGLE,0,0,1,False,-1
5325,SINGLE,0,0,1,False,-1
5326,SINGLE,0,0,1,False,-1
5327,DOUBLE,1,0,1,False,-1
5328,SINGLE,0,0,1,False,-1
5329,DOUBLE,1,0,1,False,-1
5330,SINGLE,0,0,1,False,-1
5332,SINGLE,0,0,1,False,-1
5333,DOUBLE,1,0,1,False,-1
5334,DOUBLE,1,0,1,False,-1
5336,DOUBLE,1,0,1,False,-1
5337,DOUBLE,1,0,1,False,-1
5338,DOUBLE,1,0,1,False,-1
5339,SINGLE,0,0,1,False,-1
5340,SINGLE,0,0,1,False,-1
5341,SINGLE,0,0,1,False,-1
5342,DOUBLE,1,0,1,False,-1
5343,SINGLE,0,0,1,False,-1
5344,DOUBLE,1,0,1,False,-1
5345,DOUBLE,1,0,1,False,-1
5347,DOUBLE,1,0,1,False,-1
5348,SINGLE,0,0,1,False,-1
5349,SINGLE,0,0,1,False,-1
5350,DOUBLE,1,0,1,False,-1
5351,DOUBLE,1,0,1,False,-1
5352,SINGLE,0,0,1,False,-1
5353,SINGLE,0,0,1,False,-1
5354,DOUBLE,1,0,1,False,-1
5355,DOUBLE,1,0,1,False,-1
5356,SINGLE,0,0,1,False,-1
5357,DOUBLE,1,0,1,False,-1
5358,DOUBLE,0,1,1,False,-1
5359,SINGLE,0,0,1,False,-1
5361,SINGLE,0,0,1,False,-1
5362,SINGLE,0,0,1,False,-1
5363,DOUBLE,1,0,1,False,-1
5364,DOUBLE,1,0,1,False,-1
5366,DOUBLE,1,0,1,False,-1
5367,DOUBLE,1,0,1,False,-1
5368,DOUBLE,1,0,1,False,-1
5369,DOUBLE,1,0,1,False,-1
5370,SINGLE,0,0,1,False,-1
5371,DOUBLE,1,0,1,False,-1
5372,SINGLE,0,0,1,False,-1
5373,DOUBLE,1,0,1,False,-1
5374,DOUBLE,1,0,1,False,-1
5376,DOUBLE,1,0,1,False,-1
5377,SINGLE,0,0,1,False,-1
5379,DOUBLE,1,0,1,False,-1
5380,DOUBLE,1,0,1,False,-1
5381,DOUBLE,1,0,1,False,-1
5382,SINGLE,0,0,1,False,-1
5383,SINGLE,0,0,1,False,-1
5384,DOUBLE,1,0,1,False,-1
5385,DOUBLE,1,0,1,False,-1
5386,DOUBLE,1,0,1,False,-1
5388,DOUBLE,1,0,1,False,-1
5389,DOUBLE,1,0,1,False,-1
5390,DOUBLE,0,1,1,False,-1
5391,DOUBLE,1,0,1,False,-1
5392,DOUBLE,1,0,1,False,-1
5393,DOUBLE,1,0,1,False,-1
5394,DOUBLE,1,0,1,False,-1
5396,DOUBLE,1,0,1,False,-1
5397,SINGLE,0,0,1,False,-1
5398,SINGLE,0,0,1,False,-1
5399,SINGLE,0,0,1,False,-1
5400,DOUBLE,1,0,1,False,-1
5401,DOUBLE,1,0,1,False,-1
5402,SINGLE,0,0,1,False,-1
5403,DOUBLE,1,0,1,False,-1
5404,SINGLE,0,0,1,False,-1
5405,SINGLE,0,0,1,False,-1
5406,DOUBLE,1,0,1,False,-1
5407,DOUBLE,1,0,1,False,-1
5408,DOUBLE,1,0,1,False,-1
5409,SINGLE,0,0,1,False,-1
5410,DOUBLE,1,0,1,False,-1
5411,SINGLE,0,0,1,False,-1
5412,SINGLE,0,0,1,False,-1
5413,DOUBLE,1,0,1,False,-1
5414,SINGLE,0,0,1,False,-1
5415,DOUBLE,1,0,1,False,-1
5416,DOUBLE,1,0,1,False,-1
5417,DOUBLE,1,0,1,False,-1
5418,SINGLE,0,0,1,False,-1
5419,DOUBLE,1,0,1,False,-1
5420,SINGLE,0,0,1,False,-1
5421,DOUBLE,1,0,1,False,-1
5422,SINGLE,0,0,1,False,-1
5424,SINGLE,0,0,1,False,-1
5425,SINGLE,0,0,1,False,-1
5426,DOUBLE,1,0,1,False,-1
5427,DOUBLE,1,0,1,False,-1
5428,DOUBLE,1,0,1,False,-1
5429,DOUBLE,1,0,1,False,-1
5430,SINGLE,0,0,1,False,-1
5431,DOUBLE,1,0,1,False,-1
5432,DOUBLE,1,0,1,False,-1
5434,SINGLE,0,0,1,False,-1
5435,SINGLE,0,0,1,False,-1
5436,DOUBLE,1,0,1,False,-1
5437,DOUBLE,1,0,1,False,-1
5438,DOUBLE,1,0,1,False,-1
5439,SINGLE,0,0,1,False,-1
5440,DOUBLE,1,0,1,False,-1
5441,DOUBLE,1,0,1,False,-1
5442,DOUBLE,1,0,1,False,-1
5444,SINGLE,0,0,1,False,-1
5445,SINGLE,0,0,1,False,-1
5446,SINGLE,0,0,1,False,-1
5447,DOUBLE,1,0,1,False,-1
5448,DOUBLE,1,0,1,False,-1
5449,SINGLE,0,0,1,False,-1
5451,SINGLE,0,0,1,False,-1
5452,DOUBLE,1,0,1,False,-1
5453,DOUBLE,1,0,1,False,-1
5454,DOUBLE,1,0,1,False,-1
5455,DOUBLE,1,0,1,False,-1
5456,SINGLE,0,0,1,False,-1
5457,SINGLE,0,0,1,False,-1
5459,DOUBLE,1,0,1,False,-1
5460,DOUBLE,1,0,1,False,-1
5461,DOUBLE,1,0,1,False,-1
5462,SINGLE,0,0,1,False,-1
5463,DOUBLE,1,0,1,False,-1
5464,SINGLE,0,0,1,False,-1
5465,SINGLE,0,0,1,False,-1
5466,SINGLE,0,0,1,False,-1
5467,SINGLE,0,0,1,False,-1
5468,SINGLE,0,0,1,False,-1
5469,DOUBLE,1,0,1,False,-1
5470,DOUBLE,1,0,1,False,-1
5471,DOUBLE,1,0,1,False,-1
5472,SINGLE,0,0,1,False,-1
5473,DOUBLE,1,0,1,False,-1
5474,DOUBLE,1,0,1,False,-1
5475,DOUBLE,1,0,1,False,-1
5476,SINGLE,0,0,1,False,-1
5478,SINGLE,0,0,1,False,-1
5479,DOUBLE,1,0,1,False,-1
5480,DOUBLE,1,0,1,False,-1
5481,SINGLE,0,0,1,False,-1
5482,DOUBLE,1,0,1,False,-1
5483,SINGLE,0,0,1,False,-1
5484,DOUBLE,1,0,1,False,-1
5485,SINGLE,0,0,1,False,-1
5487,SINGLE,0,0,1,False,-1
5488,DOUBLE,1,0,1,False,-1
5489,SINGLE,0,0,1,False,-1
5490,SINGLE,0,0,1,False,-1
5491,DOUBLE,1,0,1,False,-1
5492,DOUBLE,1,0,1,False,-1
5493,DOUBLE,1,0,1,False,-1
5494,DOUBLE,1,0,1,False,-1
5495,SINGLE,0,0,1,False,-1
5496,DOUBLE,1,0,1,False,-1
5497,DOUBLE,1,0,1,False,-1
5499,DOUBLE,1,0,1,False,-1
5500,SINGLE,0,0,1,False,-1
5502,DOUBLE,1,0,1,False,-1
5503,DOUBLE,1,0,1,False,-1
5504,SINGLE,0,0,1,False,-1
5505,SINGLE,0,0,1,False,-1
5506,TRIPLE,1,1,1,False,-1
5507,SINGLE,0,0,1,False,-1
5508,SINGLE,0,0,1,False,-1
5509,DOUBLE,1,0,1,False,-1
5510,DOUBLE,1,0,1,False,-1
5511,SINGLE,0,0,1,False,-1
5512,SINGLE,0,0,1,False,-1
5513,SINGLE,0,0,1,False,-1
5514,DOUBLE,1,0,1,False,-1
5515,SINGLE,0,0,1,False,-1
5516,SINGLE,0,0,1,False,-1
5517,SINGLE,0,0,1,False,-1
5518,DOUBLE,1,0,1,False,-1
5519,SINGLE,0,0,1,False,-1
5520,DOUBLE,1,0,1,False,-1
5521,SINGLE,0,0,1,False,-1
5522,SINGLE,0,0,1,False,-1
5523,DOUBLE,1,0,1,False,-1
5524,DOUBLE,1,0,1,False,-1
5525,DOUBLE,1,0,1,False,-1
5526,DOUBLE,1,0,1,False,-1
5527,DOUBLE,1,0,1,False,-1
5528,DOUBLE,1,0,1,False,-1
5529,SINGLE,0,0,1,False,-1
5530,DOUBLE,1,0,1,False,-1
5531,SINGLE,0,0,1,False,-1
5532,SINGLE,0,0,1,False,-1
5534,SINGLE,0,0,1,False,-1
5535,SINGLE,0,0,1,False,-1
5536,DOUBLE,1,0,1,False,-1
5537,SINGLE,0,0,1,False,-1
5538,DOUBLE,1,0,1,False,-1
5539,SINGLE,0,0,1,False,-1
5540,DOUBLE,1,0,1,False,-1
5541,SINGLE,0,0,1,False,-1
5542,DOUBLE,1,0,1,False,-1
5543,SINGLE,0,0,1,False,-1
5544,SINGLE,0,0,1,False,-1
5545,SINGLE,0,0,1,False,-1
5546,SINGLE,0,0,1,False,-1
5547,DOUBLE,1,0,1,False,-1
5549,DOUBLE,1,0,1,False,-1
5550,SINGLE,0,0,1,False,-1
5551,SINGLE,0,0,1,False,-1
5552,SINGLE,0,0,1,False,-1
5553,SINGLE,0,0,1,False,-1
5554,SINGLE,0,0,1,False,-1
5555,SINGLE,0,0,1,False,-1
5556,SINGLE,0,0,1,False,-1
5557,SINGLE,0,0,1,False,-1
5558,SINGLE,0,0,1,False,-1
5559,DOUBLE,1,0,1,False,-1
5560,DOUBLE,1,0,1,False,-1
5561,DOUBLE,1,0,1,False,-1
5562,DOUBLE,1,0,1,False,-1
5563,DOUBLE,1,0,1,False,-1
5564,SINGLE,0,0,1,False,-1
5565,SINGLE,0,0,1,False,-1
5566,SINGLE,0,0,1,False,-1
5567,DOUBLE,0,1,1,False,-1
5568,SINGLE,0,0,1,False,-1
5569,DOUBLE,1,0,1,False,-1
5570,SINGLE,0,0,1,False,-1
5571,DOUBLE,1,0,1,False,-1
5572,DOUBLE,1,0,1,False,-1
5573,SINGLE,0,0,1,False,-1
5574,SINGLE,0,0,1,False,-1
5576,SINGLE,0,0,1,False,-1
5577,DOUBLE,1,0,1,False,-1
5578,DOUBLE,1,0,1,False,-1
5580,DOUBLE,1,0,1,False,-1
5581,DOUBLE,1,0,1,False,-1
5582,DOUBLE,1,0,1,False,-1
5583,SINGLE,0,0,1,False,-1
5584,DOUBLE,1,0,1,False,-1
5585,SINGLE,0,0,1,False,-1
5586,SINGLE,0,0,1,False,-1
5587,DOUBLE,1,0,1,False,-1
5588,SINGLE,0,0,1,False,-1
5589,DOUBLE,1,0,1,False,-1
5590,DOUBLE,1,0,1,False,-1
5591,DOUBLE,1,0,1,False,-1
5592,SINGLE,0,0,1,False,-1
5593,DOUBLE,1,0,1,False,-1
5594,SINGLE,0,0,1,False,-1
5595,DOUBLE,1,0,1,False,-1
5596,DOUBLE,1,0,1,False,-1
5597,DOUBLE,1,0,1,False,-1
5598,SINGLE,0,0,1,False,-1
5599,DOUBLE,1,0,1,False,-1
5600,SINGLE,0,0,1,False,-1
5601,SINGLE,0,0,1,False,-1
5602,DOUBLE,1,0,1,False,-1
5603,SINGLE,0,0,1,False,-1
5604,SINGLE,0,0,1,False,-1
5605,DOUBLE,1,0,1,False,-1
5606,DOUBLE,1,0,1,False,-1
5607,SINGLE,0,0,1,False,-1
5608,DOUBLE,1,0,1,False,-1
5610,SINGLE,0,0,1,False,-1
5612,SINGLE,0,0,1,False,-1
5613,SINGLE,0,0,1,False,-1
5614,SINGLE,0,0,1,False,-1
5615,DOUBLE,1,0,1,False,-1
5616,DOUBLE,1,0,1,False,-1
5617,DOUBLE,1,0,1,False,-1
5618,DOUBLE,1,0,1,False,-1
5620,DOUBLE,1,0,1,False,-1
5621,SINGLE,0,0,1,False,-1
5622,DOUBLE,1,0,1,False,-1
5623,DOUBLE,1,0,1,False,-1
5624,DOUBLE,1,0,1,False,-1
5625,DOUBLE,1,0,1,False,-1
5626,DOUBLE,1,0,1,False,-1
5627,DOUBLE,1,0,1,False,-1
5628,DOUBLE,1,0,1,False,-1
5629,SINGLE,0,0,1,False,-1
5630,DOUBLE,0,1,1,False,-1
5632,SINGLE,0,0,1,False,-1
5633,DOUBLE,1,0,1,False,-1
5634,SINGLE,0,0,1,False,-1
5635,DOUBLE,1,0,1,False,-1
5637,SINGLE,0,0,1,False,-1
5638,SINGLE,0,0,1,False,-1
5639,DOUBLE,1,0,1,False,-1
5640,SINGLE,0,0,1,False,-1
5641,DOUBLE,1,0,1,False,-1
5642,DOUBLE,1,0,1,False,-1
5643,DOUBLE,1,0,1,False,-1
5644,DOUBLE,1,0,1,False,-1
5645,DOUBLE,1,0,1,False,-1
5646,DOUBLE,1,0,1,False,-1
5647,SINGLE,0,0,1,False,-1
5648,DOUBLE,1,0,1,False,-1
5649,DOUBLE,1,0,1,False,-1
5650,SINGLE,0,0,1,False,-1
5652,DOUBLE,1,0,1,False,-1
5653,DOUBLE,1,0,1,False,-1
5654,SINGLE,0,0,1,False,-1
5655,SINGLE,0,0,1,False,-1
5656,SINGLE,0,0,1,False,-1
5657,DOUBLE,1,0,1,False,-1
5658,SINGLE,0,0,1,False,-1
5659,DOUBLE,1,0,1,False,-1
5660,DOUBLE,1,0,1,False,-1
5661,SINGLE,0,0,1,False,-1
5662,SINGLE,0,0,1,False,-1
5663,DOUBLE,1,0,1,False,-1
5664,SINGLE,0,0,1,False,-1
5665,SINGLE,0,0,1,False,-1
5666,DOUBLE,1,0,1,False,-1
5667,SINGLE,0,0,1,False,-1
5668,SINGLE,0,0,1,False,-1
5669,DOUBLE,1,0,1,False,-1
5670,DOUBLE,1,0,1,False,-1
5672,SINGLE,0,0,1,False,-1
5673,SINGLE,0,0,1,False,-1
5674,SINGLE,0,0,1,False,-1
5675,DOUBLE,1,0,1,False,-1
5676,DOUBLE,1,0,1,False,-1
5677,TRIPLE,1,1,1,False,-1
5678,SINGLE,0,0,1,False,-1
5679,SINGLE,0,0,1,False,-1
5680,DOUBLE,1,0,1,False,-1
5681,DOUBLE,1,0,1,False,-1
5682,DOUBLE,1,0,1,False,-1
5683,DOUBLE,1,0,1,False,-1
5685,DOUBLE,1,0,1,False,-1
5686,SINGLE,0,0,1,False,-1
5687,SINGLE,0,0,1,False,-1
5688,DOUBLE,1,0,1,False,-1
5689,DOUBLE,1,0,1,False,-1
5690,DOUBLE,1,0,1,False,-1
5691,SINGLE,0,0,1,False,-1
5692,DOUBLE,1,0,1,False,-1
5693,DOUBLE,1,0,1,False,-1
5694,DOUBLE,1,0,1,False,-1
5695,SINGLE,0,0,1,False,-1
5696,DOUBLE,1,0,1,False,-1
5697,SINGLE,0,0,1,False,-1
5698,DOUBLE,1,0,1,False,-1
5699,SINGLE,0,0,1,False,-1
5700,DOUBLE,1,0,1,False,-1
5701,SINGLE,0,0,1,False,-1
5702,SINGLE,0,0,1,False,-1
5703,DOUBLE,1,0,1,False,-1
5705,DOUBLE,1,0,1,False,-1
5706,DOUBLE,1,0,1,False,-1
5707,DOUBLE,1,0,1,False,-1
5709,DOUBLE,1,0,1,False,-1
5710,DOUBLE,1,0,1,False,-1
5711,DOUBLE,1,0,1,False,-1
5712,SINGLE,0,0,1,False,-1
5713,DOUBLE,1,0,1,False,-1
5714,DOUBLE,1,0,1,False,-1
5715,DOUBLE,1,0,1,False,-1
5716,DOUBLE,1,0,1,False,-1
5717,DOUBLE,1,0,1,False,-1
5718,DOUBLE,1,0,1,False,-1
5719,SINGLE,0,0,1,False,-1
5720,SINGLE,0,0,1,False,-1
5721,DOUBLE,1,0,1,False,-1
5722,SINGLE,0,0,1,False,-1
5723,DOUBLE,1,0,1,False,-1
5724,SINGLE,0,0,1,False,-1
5725,SINGLE,0,0,1,False,-1
5726,DOUBLE,1,0,1,False,-1
5727,SINGLE,0,0,1,False,-1
5728,DOUBLE,1,0,1,False,-1
5730,DOUBLE,1,0,1,False,-1
5731,DOUBLE,1,0,1,False,-1
5732,DOUBLE,1,0,1,False,-1
5733,DOUBLE,1,0,1,False,-1
5734,SINGLE,0,0,1,False,-1
5735,DOUBLE,1,0,1,False,-1
5736,SINGLE,0,0,1,False,-1
5737,SINGLE,0,0,1,False,-1
5738,SINGLE,0,0,1,False,-1
5739,DOUBLE,1,0,1,False,-1
5740,DOUBLE,1,0,1,False,-1
5742,SINGLE,0,0,1,False,-1
5743,DOUBLE,1,0,1,False,-1
5744,DOUBLE,1,0,1,False,-1
5746,DOUBLE,1,0,1,False,-1
5747,DOUBLE,0,1,1,False,-1
5749,DOUBLE,1,0,1,False,-1
5750,SINGLE,0,0,1,False,-1
5752,DOUBLE,1,0,1,False,-1
5753,DOUBLE,1,0,1,False,-1
5755,SINGLE,0,0,1,False,-1
5756,DOUBLE,1,0,1,False,-1
5757,DOUBLE,1,0,1,False,-1
5758,SINGLE,0,0,1,False,-1
5759,TRIPLE,1,1,1,False,-1
5761,DOUBLE,1,0,1,False,-1
5763,SINGLE,0,0,1,False,-1
5764,SINGLE,0,0,1,False,-1
5765,SINGLE,0,0,1,False,-1
5766,SINGLE,0,0,1,False,-1
5767,SINGLE,0,0,1,False,-1
5768,SINGLE,0,0,1,False,-1
5769,DOUBLE,0,1,1,False,-1
5770,DOUBLE,1,0,1,False,-1
5771,SINGLE,0,0,1,False,-1
5772,DOUBLE,1,0,1,False,-1
5773,DOUBLE,1,0,1,False,-1
5775,DOUBLE,1,0,1,False,-1
5776,DOUBLE,1,0,1,False,-1
5777,SINGLE,0,0,1,False,-1
5778,SINGLE,0,0,1,False,-1
5779,SINGLE,0,0,1,False,-1
5780,SINGLE,0,0,1,False,-1
5781,DOUBLE,1,0,1,False,-1
5782,DOUBLE,1,0,1,False,-1
5783,DOUBLE,1,0,1,False,-1
5784,SINGLE,0,0,1,False,-1
5785,SINGLE,0,0,1,False,-1
5786,DOUBLE,1,0,1,False,-1
5788,SINGLE,0,0,1,False,-1
5789,DOUBLE,1,0,1,False,-1
5790,SINGLE,0,0,1,False,-1
5791,SINGLE,0,0,1,False,-1
5792,DOUBLE,1,0,1,False,-1
5793,DOUBLE,1,0,1,False,-1
5794,DOUBLE,1,0,1,False,-1
5795,SINGLE,0,0,1,False,-1
5796,DOUBLE,1,0,1,False,-1
5797,DOUBLE,1,0,1,False,-1
5798,SINGLE,0,0,1,False,-1
5799,DOUBLE,1,0,1,False,-1
5800,DOUBLE,1,0,1,False,-1
5801,DOUBLE,1,0,1,False,-1
5802,SINGLE,0,0,1,False,-1
5803,DOUBLE,1,0,1,False,-1
5804,DOUBLE,1,0,1,False,-1
5805,SINGLE,0,0,1,False,-1
5806,DOUBLE,1,0,1,False,-1
5807,DOUBLE,1,0,1,False,-1
5808,DOUBLE,1,0,1,False,-1
5809,SINGLE,0,0,1,False,-1
5810,DOUBLE,1,0,1,False,-1
5811,SINGLE,0,0,1,False,-1
5812,DOUBLE,1,0,1,False,-1
5813,DOUBLE,1,0,1,False,-1
5814,DOUBLE,1,0,1,False,-1
5815,SINGLE,0,0,1,False,-1
5816,SINGLE,0,0,1,False,-1
5817,DOUBLE,1,0,1,False,-1
5819,SINGLE,0,0,1,False,-1
5820,SINGLE,0,0,1,False,-1
5821,DOUBLE,1,0,1,False,-1
5822,SINGLE,0,0,1,False,-1
5823,DOUBLE,1,0,1,False,-1
5824,SINGLE,0,0,1,False,-1
5825,DOUBLE,1,0,1,False,-1
5826,DOUBLE,1,0,1,False,-1
5827,SINGLE,0,0,1,False,-1
5828,DOUBLE,1,0,1,False,-1
5829,DOUBLE,1,0,1,False,-1
5830,SINGLE,0,0,1,False,-1
5831,SINGLE,0,0,1,False,-1
5832,SINGLE,0,0,1,False,-1
5833,SINGLE,0,0,1,False,-1
5834,DOUBLE,1,0,1,False,-1
5835,SINGLE,0,0,1,False,-1
5836,DOUBLE,1,0,1,False,-1
5837,DOUBLE,1,0,1,False,-1
5838,SINGLE,0,0,1,False,-1
5839,DOUBLE,1,0,1,False,-1
5840,DOUBLE,1,0,1,False,-1
5841,SINGLE,0,0,1,False,-1
5842,SINGLE,0,0,1,False,-1
5843,DOUBLE,1,0,1,False,-1
5844,DOUBLE,1,0,1,False,-1
5845,DOUBLE,1,0,1,False,-1
5846,DOUBLE,1,0,1,False,-1
5847,DOUBLE,1,0,1,False,-1
5848,DOUBLE,1,0,1,False,-1
5849,DOUBLE,1,0,1,False,-1
5850,DOUBLE,1,0,1,False,-1
5851,DOUBLE,1,0,1,False,-1
5852,SINGLE,0,0,1,False,-1
5853,SINGLE,0,0,1,False,-1
5854,DOUBLE,1,0,1,False,-1
5855,DOUBLE,1,0,1,False,-1
5856,DOUBLE,1,0,1,False,-1
5857,SINGLE,0,0,1,False,-1
5858,DOUBLE,1,0,1,False,-1
5859,DOUBLE,1,0,1,False,-1
5860,DOUBLE,1,0,1,False,-1
5861,SINGLE,0,0,1,False,-1
5862,DOUBLE,1,0,1,False,-1
5863,DOUBLE,0,1,1,False,-1
5864,SINGLE,0,0,1,False,-1
5865,DOUBLE,1,0,1,False,-1
5866,SINGLE,0,0,1,False,-1
5867,SINGLE,0,0,1,False,-1
5869,DOUBLE,1,0,1,False,-1
5870,DOUBLE,1,0,1,False,-1
5871,DOUBLE,1,0,1,False,-1
5872,DOUBLE,1,0,1,False,-1
5874,DOUBLE,1,0,1,False,-1
5875,SINGLE,0,0,1,False,-1
5876,DOUBLE,1,0,1,False,-1
5877,DOUBLE,1,0,1,False,-1
5878,SINGLE,0,0,1,False,-1
5879,DOUBLE,1,0,1,False,-1
5880,DOUBLE,1,0,1,False,-1
5881,SINGLE,0,0,1,False,-1
5882,SINGLE,0,0,1,False,-1
5883,SINGLE,0,0,1,False,-1
5884,DOUBLE,1,0,1,False,-1
5885,SINGLE,0,0,1,False,-1
5887,SINGLE,0,0,1,False,-1
5891,DOUBLE,1,0,1,False,-1
5893,DOUBLE,1,0,1,False,-1
5894,SINGLE,0,0,1,False,-1
5895,SINGLE,0,0,1,False,-1
5896,SINGLE,0,0,1,False,-1
5897,DOUBLE,1,0,1,False,-1
5898,DOUBLE,1,0,1,False,-1
5899,TRIPLE,1,1,1,False,-1
5900,SINGLE,0,0,1,False,-1
5901,SINGLE,0,0,1,False,-1
5903,DOUBLE,1,0,1,False,-1
5904,SINGLE,0,0,1,False,-1
5905,DOUBLE,1,0,1,False,-1
5908,DOUBLE,1,0,1,False,-1
5910,DOUBLE,1,0,1,False,-1
5911,TRIPLE,1,1,1,False,-1
5912,DOUBLE,1,0,1,False,-1
5913,SINGLE,0,0,1,False,-1
5914,SINGLE,0,0,1,False,-1
5915,DOUBLE,1,0,1,False,-1
5916,DOUBLE,1,0,1,False,-1
5917,DOUBLE,1,0,1,False,-1
5918,DOUBLE,1,0,1,False,-1
5919,SINGLE,0,0,1,False,-1
5920,SINGLE,0,0,1,False,-1
5921,DOUBLE,1,0,1,False,-1
5922,SINGLE,0,0,1,False,-1
5923,DOUBLE,1,0,1,False,-1
5927,DOUBLE,1,0,1,False,-1
5928,DOUBLE,1,0,1,False,-1
5929,DOUBLE,1,0,1,False,-1
5930,SINGLE,0,0,1,False,-1
5931,DOUBLE,1,0,1,False,-1
5932,DOUBLE,1,0,1,False,-1
5933,DOUBLE,1,0,1,False,-1
5934,DOUBLE,1,0,1,False,-1
5935,DOUBLE,1,0,1,False,-1
5936,DOUBLE,1,0,1,False,-1
5937,SINGLE,0,0,1,False,-1
5938,DOUBLE,1,0,1,False,-1
5939,DOUBLE,1,0,1,False,-1
5940,SINGLE,0,0,1,False,-1
5941,SINGLE,0,0,1,False,-1
5942,DOUBLE,1,0,1,False,-1
5943,SINGLE,0,0,1,False,-1
5944,SINGLE,0,0,1,False,-1
5945,SINGLE,0,0,1,False,-1
5947,DOUBLE,1,0,1,False,-1
5948,DOUBLE,1,0,1,False,-1
5949,DOUBLE,1,0,1,False,-1
5950,DOUBLE,1,0,1,False,-1
5951,DOUBLE,1,0,1,False,-1
5952,SINGLE,0,0,1,False,-1
5953,DOUBLE,1,0,1,False,-1
5954,SINGLE,0,0,1,False,-1
5955,DOUBLE,1,0,1,False,-1
5956,DOUBLE,1,0,1,False,-1
5958,SINGLE,0,0,1,False,-1
5960,DOUBLE,1,0,1,False,-1
5961,DOUBLE,1,0,1,False,-1
5962,SINGLE,0,0,1,False,-1
5963,DOUBLE,1,0,1,False,-1
5964,DOUBLE,1,0,1,False,-1
5965,DOUBLE,1,0,1,False,-1
5966,DOUBLE,1,0,1,False,-1
5967,DOUBLE,1,0,1,False,-1
5968,SINGLE,0,0,1,False,-1
5969,SINGLE,0,0,1,False,-1
5970,DOUBLE,1,0,1,False,-1
5971,SINGLE,0,0,1,False,-1
5974,SINGLE,0,0,1,False,-1
5977,DOUBLE,1,0,1,False,-1
5978,DOUBLE,1,0,1,False,-1
5979,DOUBLE,1,0,1,False,-1
5980,DOUBLE,1,0,1,False,-1
5981,DOUBLE,1,0,1,False,-1
5982,SINGLE,0,0,1,False,-1
5983,DOUBLE,1,0,1,False,-1
5984,SINGLE,0,0,1,False,-1
5985,SINGLE,0,0,1,False,-1
5986,DOUBLE,1,0,1,False,-1
5987,SINGLE,0,0,1,False,-1
5988,SINGLE,0,0,1,False,-1
5989,DOUBLE,1,0,1,False,-1
5990,DOUBLE,1,0,1,False,-1
5991,DOUBLE,1,0,1,False,-1
5992,DOUBLE,1,0,1,False,-1
5993,DOUBLE,1,0,1,False,-1
5994,DOUBLE,1,0,1,False,-1
5996,SINGLE,0,0,1,False,-1
5997,SINGLE,0,0,1,False,-1
5998,TRIPLE,1,1,1,False,-1
5999,DOUBLE,1,0,1,False,-1
6000,DOUBLE,1,0,1,False,-1
6001,DOUBLE,1,0,1,False,-1
6002,DOUBLE,1,0,1,False,-1
6004,DOUBLE,1,0,1,False,-1
6005,SINGLE,0,0,1,False,-1
6006,DOUBLE,1,0,1,False,-1
6007,DOUBLE,1,0,1,False,-1
6008,SINGLE,0,0,1,False,-1
6009,SINGLE,0,0,1,False,-1
6010,SINGLE,0,0,1,False,-1
6011,DOUBLE,1,0,1,False,-1
6013,DOUBLE,1,0,1,False,-1
6014,DOUBLE,1,0,1,False,-1
6015,DOUBLE,1,0,1,False,-1
6016,DOUBLE,1,0,1,False,-1
6017,SINGLE,0,0,1,False,-1
6018,SINGLE,0,0,1,False,-1
6020,TRIPLE,1,1,1,False,-1
6023,DOUBLE,1,0,1,False,-1
6024,DOUBLE,1,0,1,False,-1
6025,SINGLE,0,0,1,False,-1
6026,SINGLE,0,0,1,False,-1
6027,DOUBLE,1,0,1,False,-1
6029,DOUBLE,0,1,1,False,-1
6030,SINGLE,0,0,1,False,-1
6031,SINGLE,0,0,1,False,-1
6032,SINGLE,0,0,1,False,-1
6033,DOUBLE,1,0,1,False,-1
6034,SINGLE,0,0,1,False,-1
6035,SINGLE,0,0,1,False,-1
6036,DOUBLE,1,0,1,False,-1
6037,SINGLE,0,0,1,False,-1
6038,SINGLE,0,0,1,False,-1
6039,SINGLE,0,0,1,False,-1
6040,DOUBLE,1,0,1,False,-1
6041,SINGLE,0,0,1,False,-1
6042,DOUBLE,1,0,1,False,-1
6044,DOUBLE,1,0,1,False,-1
6045,DOUBLE,1,0,1,False,-1
6046,DOUBLE,1,0,1,False,-1
6047,SINGLE,0,0,1,False,-1
6048,DOUBLE,1,0,1,False,-1
6049,DOUBLE,1,0,1,False,-1
6051,DOUBLE,1,0,1,False,-1
6052,DOUBLE,1,0,1,False,-1
6053,SINGLE,0,0,1,False,-1
6054,SINGLE,0,0,1,False,-1
6055,DOUBLE,1,0,1,False,-1
6056,SINGLE,0,0,1,False,-1
6057,DOUBLE,1,0,1,False,-1
6058,DOUBLE,1,0,1,False,-1
6059,DOUBLE,1,0,1,False,-1
6060,DOUBLE,1,0,1,False,-1
6061,DOUBLE,1,0,1,False,-1
6062,SINGLE,0,0,1,False,-1
6063,SINGLE,0,0,1,False,-1
6064,SINGLE,0,0,1,False,-1
6065,DOUBLE,1,0,1,False,-1
6066,SINGLE,0,0,1,False,-1
6067,DOUBLE,1,0,1,False,-1
6068,SINGLE,0,0,1,False,-1
6070,SINGLE,0,0,1,False,-1
6071,SINGLE,0,0,1,False,-1
6073,SINGLE,0,0,1,False,-1
6074,DOUBLE,1,0,1,False,-1
6075,DOUBLE,1,0,1,False,-1
6076,DOUBLE,1,0,1,False,-1
6077,DOUBLE,1,0,1,False,-1
6078,SINGLE,0,0,1,False,-1
6079,DOUBLE,1,0,1,False,-1
6080,DOUBLE,1,0,1,False,-1
6081,SINGLE,0,0,1,False,-1
6083,SINGLE,0,0,1,False,-1
6085,DOUBLE,1,0,1,False,-1
6086,DOUBLE,1,0,1,False,-1
6088,SINGLE,0,0,1,False,-1
6089,DOUBLE,1,0,1,False,-1
6090,DOUBLE,1,0,1,False,-1
6091,SINGLE,0,0,1,False,-1
6092,SINGLE,0,0,1,False,-1
6093,DOUBLE,1,0,1,False,-1
6094,SINGLE,0,0,1,False,-1
6095,DOUBLE,1,0,1,False,-1
6096,DOUBLE,1,0,1,False,-1
6097,SINGLE,0,0,1,False,-1
6098,DOUBLE,1,0,1,False,-1
6099,DOUBLE,1,0,1,False,-1
6100,SINGLE,0,0,1,False,-1
6101,DOUBLE,1,0,1,False,-1
6102,SINGLE,0,0,1,False,-1
6103,DOUBLE,1,0,1,False,-1
6104,SINGLE,0,0,1,False,-1
6105,DOUBLE,1,0,1,False,-1
6106,SINGLE,0,0,1,False,-1
6107,SINGLE,0,0,1,False,-1
6108,SINGLE,0,0,1,False,-1
6109,DOUBLE,1,0,1,False,-1
6110,SINGLE,0,0,1,False,-1
6111,SINGLE,0,0,1,False,-1
6112,DOUBLE,1,0,1,False,-1
6113,SINGLE,0,0,1,False,-1
6114,DOUBLE,1,0,1,False,-1
6115,SINGLE,0,0,1,False,-1
6116,SINGLE,0,0,1,False,-1
6117,DOUBLE,1,0,1,False,-1
6119,DOUBLE,1,0,1,False,-1
6121,DOUBLE,1,0,1,False,-1
6122,DOUBLE,1,0,1,False,-1
6123,DOUBLE,1,0,1,False,-1
6124,DOUBLE,1,0,1,False,-1
6126,DOUBLE,1,0,1,False,-1
6127,SINGLE,0,0,1,False,-1
6128,SINGLE,0,0,1,False,-1
6129,DOUBLE,1,0,1,False,-1
6130,DOUBLE,1,0,1,False,-1
6131,SINGLE,0,0,1,False,-1
6132,DOUBLE,1,0,1,False,-1
6133,DOUBLE,1,0,1,False,-1
6134,SINGLE,0,0,1,False,-1
6135,DOUBLE,1,0,1,False,-1
6136,DOUBLE,1,0,1,False,-1
6137,DOUBLE,1,0,1,False,-1
6138,SINGLE,0,0,1,False,-1
6139,SINGLE,0,0,1,False,-1
6140,SINGLE,0,0,1,False,-1
6141,DOUBLE,1,0,1,False,-1
6142,SINGLE,0,0,1,False,-1
6144,SINGLE,0,0,1,False,-1
6146,SINGLE,0,0,1,False,-1
6147,DOUBLE,1,0,1,False,-1
6148,DOUBLE,1,0,1,False,-1
6149,SINGLE,0,0,1,False,-1
6150,DOUBLE,1,0,1,False,-1
6151,SINGLE,0,0,1,False,-1
6152,DOUBLE,1,0,1,False,-1
6153,SINGLE,0,0,1,False,-1
6154,DOUBLE,1,0,1,False,-1
6155,DOUBLE,1,0,1,False,-1
6156,SINGLE,0,0,1,False,-1
6157,DOUBLE,0,1,1,False,-1
6158,SINGLE,0,0,1,False,-1
6159,SINGLE,0,0,1,False,-1
6161,SINGLE,0,0,1,False,-1
6162,DOUBLE,1,0,1,False,-1
6163,DOUBLE,1,0,1,False,-1
6164,DOUBLE,1,0,1,False,-1
6166,DOUBLE,1,0,1,False,-1
6167,SINGLE,0,0,1,False,-1
6169,DOUBLE,1,0,1,False,-1
6170,DOUBLE,1,0,1,False,-1
6172,DOUBLE,1,0,1,False,-1
6174,DOUBLE,1,0,1,False,-1
6175,DOUBLE,1,0,1,False,-1
6176,DOUBLE,1,0,1,False,-1
6177,SINGLE,0,0,1,False,-1
6178,DOUBLE,1,0,1,False,-1
6179,DOUBLE,1,0,1,False,-1
6180,DOUBLE,1,0,1,False,-1
6181,DOUBLE,1,0,1,False,-1
6182,TRIPLE,1,1,1,False,-1
6183,DOUBLE,1,0,1,False,-1
6184,DOUBLE,1,0,1,False,-1
6185,DOUBLE,1,0,1,False,-1
6186,DOUBLE,1,0,1,False,-1
6187,SINGLE,0,0,1,False,-1
6188,DOUBLE,1,0,1,False,-1
6189,SINGLE,0,0,1,False,-1
6190,DOUBLE,1,0,1,False,-1
6191,DOUBLE,1,0,1,False,-1
6192,SINGLE,0,0,1,False,-1
6193,DOUBLE,1,0,1,False,-1
6194,SINGLE,0,0,1,False,-1
6196,DOUBLE,1,0,1,False,-1
6197,SINGLE,0,0,1,False,-1
6198,DOUBLE,1,0,1,False,-1
6200,DOUBLE,1,0,1,False,-1
6201,DOUBLE,1,0,1,False,-1
6202,SINGLE,0,0,1,False,-1
6203,DOUBLE,1,0,1,False,-1
6204,SINGLE,0,0,1,False,-1
6206,DOUBLE,1,0,1,False,-1
6207,DOUBLE,1,0,1,False,-1
6208,DOUBLE,1,0,1,False,-1
6209,SINGLE,0,0,1,False,-1
6210,DOUBLE,1,0,1,False,-1
6211,DOUBLE,1,0,1,False,-1
6212,DOUBLE,1,0,1,False,-1
6213,DOUBLE,1,0,1,False,-1
6214,SINGLE,0,0,1,False,-1
6215,SINGLE,0,0,1,False,-1
6218,TRIPLE,1,1,1,False,-1
6219,DOUBLE,1,0,1,False,-1
6220,SINGLE,0,0,1,False,-1
6222,DOUBLE,1,0,1,False,-1
6223,DOUBLE,1,0,1,False,-1
6224,SINGLE,0,0,1,False,-1
6225,DOUBLE,1,0,1,False,-1
6226,DOUBLE,1,0,1,False,-1
6228,DOUBLE,1,0,1,False,-1
6229,DOUBLE,1,0,1,False,-1
6230,SINGLE,0,0,1,False,-1
6231,DOUBLE,1,0,1,False,-1
6233,DOUBLE,1,0,1,False,-1
6234,DOUBLE,1,0,1,False,-1
6237,DOUBLE,1,0,1,False,-1
6238,DOUBLE,1,0,1,False,-1
6239,DOUBLE,1,0,1,False,-1
6240,SINGLE,0,0,1,False,-1
6241,DOUBLE,1,0,1,False,-1
6242,DOUBLE,1,0,1,False,-1
6243,DOUBLE,1,0,1,False,-1
6244,DOUBLE,1,0,1,False,-1
6245,DOUBLE,1,0,1,False,-1
6246,DOUBLE,1,0,1,False,-1
6247,DOUBLE,1,0,1,False,-1
6248,SINGLE,0,0,1,False,-1
6249,DOUBLE,1,0,1,False,-1
6250,SINGLE,0,0,1,False,-1
6251,SINGLE,0,0,1,False,-1
6252,SINGLE,0,0,1,False,-1
6253,DOUBLE,1,0,1,False,-1
6254,DOUBLE,1,0,1,False,-1
6256,DOUBLE,1,0,1,False,-1
6257,SINGLE,0,0,1,False,-1
6258,SINGLE,0,0,1,False,-1
6259,SINGLE,0,0,1,False,-1
6260,SINGLE,0,0,1,False,-1
6261,SINGLE,0,0,1,False,-1
6262,SINGLE,0,0,1,False,-1
6263,DOUBLE,1,0,1,False,-1
6264,DOUBLE,1,0,1,False,-1
6265,DOUBLE,1,0,1,False,-1
6266,SINGLE,0,0,1,False,-1
6267,SINGLE,0,0,1,False,-1
6268,SINGLE,0,0,1,False,-1
6269,SINGLE,0,0,1,False,-1
6270,DOUBLE,0,1,1,False,-1
6271,SINGLE,0,0,1,False,-1
6272,DOUBLE,1,0,1,False,-1
6273,SINGLE,0,0,1,False,-1
6274,DOUBLE,1,0,1,False,-1
6275,SINGLE,0,0,1,False,-1
6277,DOUBLE,1,0,1,False,-1
6278,SINGLE,0,0,1,False,-1
6279,DOUBLE,1,0,1,False,-1
6280,DOUBLE,1,0,1,False,-1
6281,DOUBLE,1,0,1,False,-1
6283,DOUBLE,1,0,1,False,-1
6284,SINGLE,0,0,1,False,-1
6285,SINGLE,0,0,1,False,-1
6286,SINGLE,0,0,1,False,-1
6287,SINGLE,0,0,1,False,-1
6288,DOUBLE,1,0,1,False,-1
6290,SINGLE,0,0,1,False,-1
6291,DOUBLE,1,0,1,False,-1
6292,SINGLE,0,0,1,False,-1
6293,DOUBLE,1,0,1,False,-1
6294,DOUBLE,1,0,1,False,-1
6295,SINGLE,0,0,1,False,-1
6296,SINGLE,0,0,1,False,-1
6297,SINGLE,0,0,1,False,-1
6299,DOUBLE,1,0,1,False,-1
6300,DOUBLE,1,0,1,False,-1
6301,DOUBLE,1,0,1,False,-1
6302,SINGLE,0,0,1,False,-1
6304,DOUBLE,1,0,1,False,-1
6305,DOUBLE,1,0,1,False,-1
6306,SINGLE,0,0,1,False,-1
6307,SINGLE,0,0,1,False,-1
6308,SINGLE,0,0,1,False,-1
6309,SINGLE,0,0,1,False,-1
6310,DOUBLE,1,0,1,False,-1
6311,DOUBLE,1,0,1,False,-1
6312,DOUBLE,1,0,1,False,-1
6313,SINGLE,0,0,1,False,-1
6314,DOUBLE,1,0,1,False,-1
6317,DOUBLE,1,0,1,False,-1
6318,DOUBLE,1,0,1,False,-1
6319,DOUBLE,1,0,1,False,-1
6320,DOUBLE,1,0,1,False,-1
6321,DOUBLE,1,0,1,False,-1
6322,SINGLE,0,0,1,False,-1
6323,DOUBLE,1,0,1,False,-1
6324,SINGLE,0,0,1,False,-1
6325,SINGLE,0,0,1,False,-1
6326,SINGLE,0,0,1,False,-1
6327,DOUBLE,1,0,1,False,-1
6328,DOUBLE,1,0,1,False,-1
6329,SINGLE,0,0,1,False,-1
6330,DOUBLE,1,0,1,False,-1
6331,DOUBLE,1,0,1,False,-1
6332,DOUBLE,1,0,1,False,-1
6333,SINGLE,0,0,1,False,-1
6334,DOUBLE,1,0,1,False,-1
6335,DOUBLE,1,0,1,False,-1
6336,DOUBLE,1,0,1,False,-1
6338,DOUBLE,1,0,1,False,-1
6339,SINGLE,0,0,1,False,-1
6340,DOUBLE,1,0,1,False,-1
6341,DOUBLE,1,0,1,False,-1
6342,DOUBLE,1,0,1,False,-1
6343,DOUBLE,1,0,1,False,-1
6344,SINGLE,0,0,1,False,-1
6345,DOUBLE,1,0,1,False,-1
6346,DOUBLE,1,0,1,False,-1
6347,SINGLE,0,0,1,False,-1
6349,DOUBLE,1,0,1,False,-1
6350,SINGLE,0,0,1,False,-1
6352,SINGLE,0,0,1,False,-1
6353,SINGLE,0,0,1,False,-1
6354,SINGLE,0,0,1,False,-1
6356,DOUBLE,1,0,1,False,-1
6357,DOUBLE,1,0,1,False,-1
6358,DOUBLE,1,0,1,False,-1
6359,DOUBLE,1,0,1,False,-1
6360,DOUBLE,1,0,1,False,-1
6361,DOUBLE,1,0,1,False,-1
6362,DOUBLE,1,0,1,False,-1
6363,DOUBLE,1,0,1,False,-1
6364,DOUBLE,1,0,1,False,-1
6365,SINGLE,0,0,1,False,-1
6366,DOUBLE,1,0,1,False,-1
6367,DOUBLE,1,0,1,False,-1
6368,DOUBLE,1,0,1,False,-1
6369,DOUBLE,1,0,1,False,-1
6370,DOUBLE,1,0,1,False,-1
6371,DOUBLE,1,0,1,False,-1
6372,DOUBLE,1,0,1,False,-1
6373,DOUBLE,1,0,1,False,-1
6374,SINGLE,0,0,1,False,-1
6375,DOUBLE,1,0,1,False,-1
6377,SINGLE,0,0,1,False,-1
6378,SINGLE,0,0,1,False,-1
6380,DOUBLE,1,0,1,False,-1
6381,SINGLE,0,0,1,False,-1
6383,DOUBLE,1,0,1,False,-1
6384,SINGLE,0,0,1,False,-1
6385,SINGLE,0,0,1,False,-1
6386,SINGLE,0,0,1,False,-1
6387,DOUBLE,1,0,1,False,-1
6388,DOUBLE,1,0,1,False,-1
6389,SINGLE,0,0,1,False,-1
6390,DOUBLE,1,0,1,False,-1
6391,SINGLE,0,0,1,False,-1
6392,DOUBLE,1,0,1,False,-1
6393,SINGLE,0,0,1,False,-1
6394,DOUBLE,1,0,1,False,-1
6395,SINGLE,0,0,1,False,-1
6396,DOUBLE,1,0,1,False,-1
6397,DOUBLE,1,0,1,False,-1
6398,DOUBLE,1,0,1,False,-1
6399,DOUBLE,1,0,1,False,-1
6400,SINGLE,0,0,1,False,-1
6401,SINGLE,0,0,1,False,-1
6402,SINGLE,0,0,1,False,-1
6403,SINGLE,0,0,1,False,-1
6404,SINGLE,0,0,1,False,-1
6405,DOUBLE,0,1,1,False,-1
6406,DOUBLE,1,0,1,False,-1
6410,DOUBLE,1,0,1,False,-1
6411,DOUBLE,1,0,1,False,-1
6412,DOUBLE,1,0,1,False,-1
6413,DOUBLE,1,0,1,False,-1
6414,DOUBLE,0,1,1,False,-1
6415,SINGLE,0,0,1,False,-1
6416,DOUBLE,1,0,1,False,-1
6417,SINGLE,0,0,1,False,-1
6418,DOUBLE,1,0,1,False,-1
6419,SINGLE,0,0,1,False,-1
6420,DOUBLE,1,0,1,False,-1
6422,DOUBLE,1,0,1,False,-1
6423,DOUBLE,1,0,1,False,-1
6424,SINGLE,0,0,1,False,-1
6425,DOUBLE,1,0,1,False,-1
6426,SINGLE,0,0,1,False,-1
6427,DOUBLE,1,0,1,False,-1
6428,SINGLE,0,0,1,False,-1
6429,DOUBLE,1,0,1,False,-1
6430,DOUBLE,1,0,1,False,-1
6431,SINGLE,0,0,1,False,-1
6432,SINGLE,0,0,1,False,-1
6433,SINGLE,0,0,1,False,-1
6434,DOUBLE,1,0,1,False,-1
6435,DOUBLE,1,0,1,False,-1
6437,SINGLE,0,0,1,False,-1
6438,DOUBLE,1,0,1,False,-1
6439,DOUBLE,1,0,1,False,-1
6440,SINGLE,0,0,1,False,-1
6441,SINGLE,0,0,1,False,-1
6442,DOUBLE,0,1,1,False,-1
6443,DOUBLE,1,0,1,False,-1
6444,SINGLE,0,0,1,False,-1
6445,DOUBLE,1,0,1,False,-1
6446,SINGLE,0,0,1,False,-1
6447,DOUBLE,1,0,1,False,-1
6448,SINGLE,0,0,1,False,-1
6449,DOUBLE,1,0,1,False,-1
6450,SINGLE,0,0,1,False,-1
6451,SINGLE,0,0,1,False,-1
6452,SINGLE,0,0,1,False,-1
6453,DOUBLE,1,0,1,False,-1
6454,DOUBLE,1,0,1,False,-1
6455,SINGLE,0,0,1,False,-1
6456,SINGLE,0,0,1,False,-1
6457,SINGLE,0,0,1,False,-1
6458,SINGLE,0,0,1,False,-1
6459,DOUBLE,1,0,1,False,-1
6460,DOUBLE,1,0,1,False,-1
6461,DOUBLE,1,0,1,False,-1
6462,SINGLE,0,0,1,False,-1
6463,DOUBLE,1,0,1,False,-1
6464,DOUBLE,1,0,1,False,-1
6465,SINGLE,0,0,1,False,-1
6466,SINGLE,0,0,1,False,-1
6467,SINGLE,0,0,1,False,-1
6469,DOUBLE,1,0,1,False,-1
6470,SINGLE,0,0,1,False,-1
6473,DOUBLE,1,0,1,False,-1
6474,DOUBLE,1,0,1,False,-1
6475,SINGLE,0,0,1,False,-1
6478,SINGLE,0,0,1,False,-1
6479,SINGLE,0,0,1,False,-1
6480,SINGLE,0,0,1,False,-1
6481,SINGLE,0,0,1,False,-1
6482,DOUBLE,1,0,1,False,-1
6483,SINGLE,0,0,1,False,-1
6485,SINGLE,0,0,1,False,-1
6486,DOUBLE,1,0,1,False,-1
6487,SINGLE,0,0,1,False,-1
6488,DOUBLE,1,0,1,False,-1
6489,DOUBLE,1,0,1,False,-1
6490,DOUBLE,1,0,1,False,-1
6491,SINGLE,0,0,1,False,-1
6492,DOUBLE,1,0,1,False,-1
6493,DOUBLE,1,0,1,False,-1
6494,DOUBLE,1,0,1,False,-1
6495,SINGLE,0,0,1,False,-1
6496,SINGLE,0,0,1,False,-1
6497,SINGLE,0,0,1,False,-1
6498,DOUBLE,1,0,1,False,-1
6499,SINGLE,0,0,1,False,-1
6500,SINGLE,0,0,1,False,-1
6501,SINGLE,0,0,1,False,-1
6502,DOUBLE,1,0,1,False,-1
6503,SINGLE,0,0,1,False,-1
6504,DOUBLE,1,0,1,False,-1
6505,DOUBLE,1,0,1,False,-1
6506,SINGLE,0,0,1,False,-1
6507,SINGLE,0,0,1,False,-1
6508,DOUBLE,1,0,1,False,-1
6509,DOUBLE,1,0,1,False,-1
6510,DOUBLE,1,0,1,False,-1
6511,DOUBLE,1,0,1,False,-1
6512,SINGLE,0,0,1,False,-1
6513,SINGLE,0,0,1,False,-1
6514,DOUBLE,1,0,1,False,-1
6515,DOUBLE,1,0,1,False,-1
6516,DOUBLE,1,0,1,False,-1
6517,SINGLE,0,0,1,False,-1
6518,DOUBLE,1,0,1,False,-1
6519,SINGLE,0,0,1,False,-1
6520,DOUBLE,1,0,1,False,-1
6521,SINGLE,0,0,1,False,-1
6522,SINGLE,0,0,1,False,-1
6523,DOUBLE,1,0,1,False,-1
6524,DOUBLE,1,0,1,False,-1
6525,SINGLE,0,0,1,False,-1
6526,SINGLE,0,0,1,False,-1
6528,SINGLE,0,0,1,False,-1
6529,SINGLE,0,0,1,False,-1
6530,DOUBLE,1,0,1,False,-1
6531,DOUBLE,1,0,1,False,-1
6532,SINGLE,0,0,1,False,-1
6533,DOUBLE,1,0,1,False,-1
6534,DOUBLE,1,0,1,False,-1
6535,DOUBLE,1,0,1,False,-1
6536,SINGLE,0,0,1,False,-1
6537,DOUBLE,1,0,1,False,-1
6538,DOUBLE,1,0,1,False,-1
6539,SINGLE,0,0,1,False,-1
6540,SINGLE,0,0,1,False,-1
6541,SINGLE,0,0,1,False,-1
6543,DOUBLE,1,0,1,False,-1
6544,DOUBLE,1,0,1,False,-1
6545,DOUBLE,1,0,1,False,-1
6546,SINGLE,0,0,1,False,-1
6547,DOUBLE,1,0,1,False,-1
6548,DOUBLE,1,0,1,False,-1
6549,DOUBLE,1,0,1,False,-1
6550,SINGLE,0,0,1,False,-1
6551,SINGLE,0,0,1,False,-1
6552,DOUBLE,1,0,1,False,-1
6553,SINGLE,0,0,1,False,-1
6554,DOUBLE,1,0,1,False,-1
6557,SINGLE,0,0,1,False,-1
6560,DOUBLE,1,0,1,False,-1
6561,DOUBLE,1,0,1,False,-1
6562,DOUBLE,1,0,1,False,-1
6563,DOUBLE,1,0,1,False,-1
6565,DOUBLE,1,0,1,False,-1
6566,SINGLE,0,0,1,False,-1
6567,SINGLE,0,0,1,False,-1
6568,DOUBLE,1,0,1,False,-1
6569,DOUBLE,1,0,1,False,-1
6570,DOUBLE,1,0,1,False,-1
6571,SINGLE,0,0,1,False,-1
6572,DOUBLE,1,0,1,False,-1
6573,SINGLE,0,0,1,False,-1
6574,SINGLE,0,0,1,False,-1
6575,DOUBLE,1,0,1,False,-1
6576,SINGLE,0,0,1,False,-1
6577,DOUBLE,1,0,1,False,-1
6578,DOUBLE,1,0,1,False,-1
6579,DOUBLE,1,0,1,False,-1
6580,DOUBLE,1,0,1,False,-1
6582,SINGLE,0,0,1,False,-1
6583,SINGLE,0,0,1,False,-1
6584,SINGLE,0,0,1,False,-1
6585,DOUBLE,1,0,1,False,-1
6586,DOUBLE,1,0,1,False,-1
6587,DOUBLE,1,0,1,False,-1
6588,DOUBLE,1,0,1,False,-1
6589,SINGLE,0,0,1,False,-1
6590,DOUBLE,1,0,1,False,-1
6591,DOUBLE,1,0,1,False,-1
6593,SINGLE,0,0,1,False,-1
6594,DOUBLE,1,0,1,False,-1
6595,SINGLE,0,0,1,False,-1
6596,DOUBLE,1,0,1,False,-1
6597,DOUBLE,1,0,1,False,-1
6598,DOUBLE,1,0,1,False,-1
6599,DOUBLE,1,0,1,False,-1
6600,SINGLE,0,0,1,False,-1
6602,DOUBLE,1,0,1,False,-1
6603,SINGLE,0,0,1,False,-1
6605,DOUBLE,1,0,1,False,-1
6606,SINGLE,0,0,1,False,-1
6607,DOUBLE,1,0,1,False,-1
6608,SINGLE,0,0,1,False,-1
6610,SINGLE,0,0,1,False,-1
6611,SINGLE,0,0,1,False,-1
6612,SINGLE,0,0,1,False,-1
6613,SINGLE,0,0,1,False,-1
6614,DOUBLE,1,0,1,False,-1
6615,SINGLE,0,0,1,False,-1
6616,SINGLE,0,0,1,False,-1
6617,DOUBLE,1,0,1,False,-1
6618,DOUBLE,1,0,1,False,-1
6619,DOUBLE,1,0,1,False,-1
6620,DOUBLE,1,0,1,False,-1
6621,SINGLE,0,0,1,False,-1
6622,DOUBLE,1,0,1,False,-1
6623,DOUBLE,1,0,1,False,-1
6624,SINGLE,0,0,1,False,-1
6625,SINGLE,0,0,1,False,-1
6626,DOUBLE,1,0,1,False,-1
6627,DOUBLE,1,0,1,False,-1
6628,DOUBLE,1,0,1,False,-1
6629,SINGLE,0,0,1,False,-1
6630,DOUBLE,1,0,1,False,-1
6631,DOUBLE,1,0,1,False,-1
6632,DOUBLE,1,0,1,False,-1
6633,DOUBLE,1,0,1,False,-1
6634,DOUBLE,1,0,1,False,-1
6635,SINGLE,0,0,1,False,-1
6636,DOUBLE,1,0,1,False,-1
6638,SINGLE,0,0,1,False,-1
6639,DOUBLE,1,0,1,False,-1
6640,DOUBLE,1,0,1,False,-1
6641,DOUBLE,1,0,1,False,-1
6642,DOUBLE,1,0,1,False,-1
6643,DOUBLE,1,0,1,False,-1
6644,SINGLE,0,0,1,False,-1
6645,SINGLE,0,0,1,False,-1
6646,DOUBLE,1,0,1,False,-1
6647,SINGLE,0,0,1,False,-1
6648,DOUBLE,1,0,1,False,-1
6649,DOUBLE,1,0,1,False,-1
6650,SINGLE,0,0,1,False,-1
6651,DOUBLE,1,0,1,False,-1
6653,SINGLE,0,0,1,False,-1
6654,DOUBLE,1,0,1,False,-1
6656,SINGLE,0,0,1,False,-1
6657,DOUBLE,1,0,1,False,-1
6659,DOUBLE,1,0,1,False,-1
6660,SINGLE,0,0,1,False,-1
6661,DOUBLE,1,0,1,False,-1
6662,DOUBLE,1,0,1,False,-1
6663,SINGLE,0,0,1,False,-1
6664,DOUBLE,1,0,1,False,-1
6666,SINGLE,0,0,1,False,-1
6667,SINGLE,0,0,1,False,-1
6668,DOUBLE,1,0,1,False,-1
6669,DOUBLE,1,0,1,False,-1
6670,DOUBLE,1,0,1,False,-1
6671,SINGLE,0,0,1,False,-1
6672,SINGLE,0,0,1,False,-1
6673,DOUBLE,1,0,1,False,-1
6674,DOUBLE,1,0,1,False,-1
6675,SINGLE,0,0,1,False,-1
6676,SINGLE,0,0,1,False,-1
6677,SINGLE,0,0,1,False,-1
6678,SINGLE,0,0,1,False,-1
6679,SINGLE,0,0,1,False,-1
6680,DOUBLE,1,0,1,False,-1
6681,SINGLE,0,0,1,False,-1
6682,DOUBLE,1,0,1,False,-1
6683,DOUBLE,1,0,1,False,-1
6684,SINGLE,0,0,1,False,-1
6685,DOUBLE,1,0,1,False,-1
6687,SINGLE,0,0,1,False,-1
6688,DOUBLE,1,0,1,False,-1
6689,DOUBLE,1,0,1,False,-1
6690,DOUBLE,1,0,1,False,-1
6692,SINGLE,0,0,1,False,-1
6693,DOUBLE,1,0,1,False,-1
6694,SINGLE,0,0,1,False,-1
6696,DOUBLE,1,0,1,False,-1
6697,DOUBLE,1,0,1,False,-1
6698,DOUBLE,1,0,1,False,-1
6699,SINGLE,0,0,1,False,-1
6700,DOUBLE,1,0,1,False,-1
6701,SINGLE,0,0,1,False,-1
6702,SINGLE,0,0,1,False,-1
6703,DOUBLE,1,0,1,False,-1
6704,SINGLE,0,0,1,False,-1
6705,SINGLE,0,0,1,False,-1
6706,SINGLE,0,0,1,False,-1
6708,DOUBLE,1,0,1,False,-1
6709,DOUBLE,1,0,1,False,-1
6711,DOUBLE,1,0,1,False,-1
6712,DOUBLE,1,0,1,False,-1
6713,SINGLE,0,0,1,False,-1
6714,DOUBLE,1,0,1,False,-1
6715,DOUBLE,1,0,1,False,-1
6717,SINGLE,0,0,1,False,-1
6718,SINGLE,0,0,1,False,-1
6719,SINGLE,0,0,1,False,-1
6720,SINGLE,0,0,1,False,-1
6721,DOUBLE,1,0,1,False,-1
6722,DOUBLE,1,0,1,False,-1
6723,DOUBLE,1,0,1,False,-1
6724,DOUBLE,1,0,1,False,-1
6725,DOUBLE,1,0,1,False,-1
6726,DOUBLE,1,0,1,False,-1
6727,DOUBLE,1,0,1,False,-1
6728,SINGLE,0,0,1,False,-1
6729,DOUBLE,1,0,1,False,-1
6730,DOUBLE,1,0,1,False,-1
6731,DOUBLE,1,0,1,False,-1
6732,DOUBLE,1,0,1,False,-1
6733,DOUBLE,1,0,1,False,-1
6734,DOUBLE,1,0,1,False,-1
6735,DOUBLE,1,0,1,False,-1
6736,SINGLE,0,0,1,False,-1
6737,DOUBLE,1,0,1,False,-1
6738,DOUBLE,1,0,1,False,-1
6739,DOUBLE,1,0,1,False,-1
6740,DOUBLE,1,0,1,False,-1
6741,DOUBLE,1,0,1,False,-1
6742,DOUBLE,1,0,1,False,-1
6743,DOUBLE,1,0,1,False,-1
6744,DOUBLE,1,0,1,False,-1
6745,DOUBLE,1,0,1,False,-1
6746,DOUBLE,1,0,1,False,-1
6747,DOUBLE,1,0,1,False,-1
6748,DOUBLE,1,0,1,False,-1
6749,SINGLE,0,0,1,False,-1
6750,DOUBLE,1,0,1,False,-1
6751,SINGLE,0,0,1,False,-1
6752,DOUBLE,1,0,1,False,-1
6753,DOUBLE,1,0,1,False,-1
6754,DOUBLE,1,0,1,False,-1
6755,DOUBLE,1,0,1,False,-1
6756,DOUBLE,1,0,1,False,-1
6757,DOUBLE,1,0,1,False,-1
6758,DOUBLE,1,0,1,False,-1
6759,DOUBLE,1,0,1,False,-1
6760,SINGLE,0,0,1,False,-1
6761,DOUBLE,1,0,1,False,-1
6762,SINGLE,0,0,1,False,-1
6764,DOUBLE,1,0,1,False,-1
6765,DOUBLE,1,0,1,False,-1
6766,DOUBLE,1,0,1,False,-1
6767,SINGLE,0,0,1,False,-1
6768,DOUBLE,1,0,1,False,-1
6769,SINGLE,0,0,1,False,-1
6770,SINGLE,0,0,1,False,-1
6771,DOUBLE,1,0,1,False,-1
6772,SINGLE,0,0,1,False,-1
6773,DOUBLE,0,1,1,False,-1
6774,SINGLE,0,0,1,False,-1
6775,DOUBLE,1,0,1,False,-1
6776,TRIPLE,1,1,1,False,-1
6777,SINGLE,0,0,1,False,-1
6778,DOUBLE,1,0,1,False,-1
6779,DOUBLE,1,0,1,False,-1
6780,DOUBLE,1,0,1,False,-1
6781,SINGLE,0,0,1,False,-1
6782,DOUBLE,1,0,1,False,-1
6783,DOUBLE,1,0,1,False,-1
6784,SINGLE,0,0,1,False,-1
6785,DOUBLE,1,0,1,False,-1
6786,DOUBLE,1,0,1,False,-1
6787,SINGLE,0,0,1,False,-1
6788,DOUBLE,1,0,1,False,-1
6789,SINGLE,0,0,1,False,-1
6790,SINGLE,0,0,1,False,-1
6791,DOUBLE,1,0,1,False,-1
6792,DOUBLE,1,0,1,False,-1
6793,DOUBLE,1,0,1,False,-1
6794,DOUBLE,1,0,1,False,-1
6795,SINGLE,0,0,1,False,-1
6798,DOUBLE,1,0,1,False,-1
6799,SINGLE,0,0,1,False,-1
6801,SINGLE,0,0,1,False,-1
6802,DOUBLE,1,0,1,False,-1
6803,DOUBLE,1,0,1,False,-1
6804,DOUBLE,1,0,1,False,-1
6805,DOUBLE,1,0,1,False,-1
6806,DOUBLE,1,0,1,False,-1
6807,DOUBLE,1,0,1,False,-1
6808,SINGLE,0,0,1,False,-1
6809,SINGLE,0,0,1,False,-1
6810,DOUBLE,1,0,1,False,-1
6812,SINGLE,0,0,1,False,-1
6813,SINGLE,0,0,1,False,-1
6815,DOUBLE,1,0,1,False,-1
6816,DOUBLE,1,0,1,False,-1
6819,SINGLE,0,0,1,False,-1
6820,DOUBLE,1,0,1,False,-1
6821,SINGLE,0,0,1,False,-1
6823,SINGLE,0,0,1,False,-1
6824,SINGLE,0,0,1,False,-1
6827,SINGLE,0,0,1,False,-1
6828,DOUBLE,1,0,1,False,-1
6829,DOUBLE,1,0,1,False,-1
6830,DOUBLE,1,0,1,False,-1
6831,SINGLE,0,0,1,False,-1
6832,DOUBLE,1,0,1,False,-1
6833,DOUBLE,1,0,1,False,-1
6834,DOUBLE,1,0,1,False,-1
6835,SINGLE,0,0,1,False,-1
6836,SINGLE,0,0,1,False,-1
6837,SINGLE,0,0,1,False,-1
6838,SINGLE,0,0,1,False,-1
6839,DOUBLE,1,0,1,False,-1
6841,DOUBLE,1,0,1,False,-1
6842,DOUBLE,1,0,1,False,-1
6843,DOUBLE,1,0,1,False,-1
6844,DOUBLE,1,0,1,False,-1
6845,DOUBLE,1,0,1,False,-1
6847,DOUBLE,1,0,1,False,-1
6848,SINGLE,0,0,1,False,-1
6850,SINGLE,0,0,1,False,-1
6851,SINGLE,0,0,1,False,-1
6852,DOUBLE,1,0,1,False,-1
6853,DOUBLE,1,0,1,False,-1
6854,DOUBLE,1,0,1,False,-1
6855,DOUBLE,1,0,1,False,-1
6856,DOUBLE,1,0,1,False,-1
6857,SINGLE,0,0,1,False,-1
6858,DOUBLE,1,0,1,False,-1
6860,DOUBLE,1,0,1,False,-1
6861,SINGLE,0,0,1,False,-1
6862,DOUBLE,1,0,1,False,-1
6863,DOUBLE,1,0,1,False,-1
6864,SINGLE,0,0,1,False,-1
6865,DOUBLE,1,0,1,False,-1
6866,SINGLE,0,0,1,False,-1
6867,DOUBLE,1,0,1,False,-1
6868,SINGLE,0,0,1,False,-1
6869,DOUBLE,1,0,1,False,-1
6870,DOUBLE,1,0,1,False,-1
6872,DOUBLE,1,0,1,False,-1
6874,DOUBLE,1,0,1,False,-1
6875,DOUBLE,1,0,1,False,-1
6876,DOUBLE,1,0,1,False,-1
6877,SINGLE,0,0,1,False,-1
6878,SINGLE,0,0,1,False,-1
6879,DOUBLE,1,0,1,False,-1
6880,DOUBLE,1,0,1,False,-1
6882,SINGLE,0,0,1,False,-1
6883,SINGLE,0,0,1,False,-1
6884,SINGLE,0,0,1,False,-1
6885,DOUBLE,1,0,1,False,-1
6886,DOUBLE,1,0,1,False,-1
6887,DOUBLE,1,0,1,False,-1
6888,SINGLE,0,0,1,False,-1
6889,DOUBLE,1,0,1,False,-1
6890,SINGLE,0,0,1,False,-1
6891,SINGLE,0,0,1,False,-1
6893,DOUBLE,1,0,1,False,-1
6894,DOUBLE,1,0,1,False,-1
6895,DOUBLE,1,0,1,False,-1
6896,DOUBLE,1,0,1,False,-1
6897,DOUBLE,1,0,1,False,-1
6898,DOUBLE,1,0,1,False,-1
6899,SINGLE,0,0,1,False,-1
6900,DOUBLE,1,0,1,False,-1
6901,DOUBLE,1,0,1,False,-1
6902,DOUBLE,1,0,1,False,-1
6903,SINGLE,0,0,1,False,-1
6904,SINGLE,0,0,1,False,-1
6905,DOUBLE,1,0,1,False,-1
6906,DOUBLE,1,0,1,False,-1
6907,DOUBLE,1,0,1,False,-1
6908,SINGLE,0,0,1,False,-1
6910,DOUBLE,1,0,1,False,-1
6911,DOUBLE,1,0,1,False,-1
6912,DOUBLE,1,0,1,False,-1
6914,SINGLE,0,0,1,False,-1
6915,DOUBLE,1,0,1,False,-1
6917,SINGLE,0,0,1,False,-1
6918,SINGLE,0,0,1,False,-1
6919,DOUBLE,1,0,1,False,-1
6920,SINGLE,0,0,1,False,-1
6921,DOUBLE,1,0,1,False,-1
6922,DOUBLE,1,0,1,False,-1
6923,DOUBLE,1,0,1,False,-1
6924,DOUBLE,1,0,1,False,-1
6925,SINGLE,0,0,1,False,-1
6926,DOUBLE,1,0,1,False,-1
6928,SINGLE,0,0,1,False,-1
6929,SINGLE,0,0,1,False,-1
6930,DOUBLE,1,0,1,False,-1
6931,DOUBLE,1,0,1,False,-1
6932,DOUBLE,1,0,1,False,-1
6933,DOUBLE,1,0,1,False,-1
6934,DOUBLE,1,0,1,False,-1
6935,SINGLE,0,0,1,False,-1
6936,DOUBLE,1,0,1,False,-1
6937,DOUBLE,1,0,1,False,-1
6938,DOUBLE,1,0,1,False,-1
6939,SINGLE,0,0,1,False,-1
6940,SINGLE,0,0,1,False,-1
6941,DOUBLE,1,0,1,False,-1
6942,DOUBLE,1,0,1,False,-1
6944,SINGLE,0,0,1,False,-1
6945,DOUBLE,1,0,1,False,-1
6946,DOUBLE,1,0,1,False,-1
6947,DOUBLE,1,0,1,False,-1
6948,DOUBLE,1,0,1,False,-1
6949,DOUBLE,1,0,1,False,-1
6950,DOUBLE,1,0,1,False,-1
6951,SINGLE,0,0,1,False,-1
6952,DOUBLE,1,0,1,False,-1
6953,DOUBLE,1,0,1,False,-1
6954,SINGLE,0,0,1,False,-1
6955,SINGLE,0,0,1,False,-1
6956,DOUBLE,1,0,1,False,-1
6957,DOUBLE,1,0,1,False,-1
6959,DOUBLE,1,0,1,False,-1
6961,SINGLE,0,0,1,False,-1
6962,SINGLE,0,0,1,False,-1
6963,DOUBLE,1,0,1,False,-1
6964,SINGLE,0,0,1,False,-1
6965,SINGLE,0,0,1,False,-1
6966,DOUBLE,1,0,1,False,-1
6967,DOUBLE,1,0,1,False,-1
6968,DOUBLE,1,0,1,False,-1
6970,DOUBLE,1,0,1,False,-1
6971,DOUBLE,1,0,1,False,-1
6972,SINGLE,0,0,1,False,-1
6973,SINGLE,0,0,1,False,-1
6975,DOUBLE,1,0,1,False,-1
6976,DOUBLE,1,0,1,False,-1
6977,SINGLE,0,0,1,False,-1
6978,DOUBLE,1,0,1,False,-1
6979,DOUBLE,1,0,1,False,-1
6981,SINGLE,0,0,1,False,-1
6982,SINGLE,0,0,1,False,-1
6983,SINGLE,0,0,1,False,-1
6984,SINGLE,0,0,1,False,-1
6985,DOUBLE,1,0,1,False,-1
6986,SINGLE,0,0,1,False,-1
6987,DOUBLE,1,0,1,False,-1
6988,DOUBLE,1,0,1,False,-1
6989,SINGLE,0,0,1,False,-1
6990,DOUBLE,1,0,1,False,-1
6991,DOUBLE,1,0,1,False,-1
6992,SINGLE,0,0,1,False,-1
6993,DOUBLE,1,0,1,False,-1
6994,SINGLE,0,0,1,False,-1
6995,DOUBLE,1,0,1,False,-1
6996,SINGLE,0,0,1,False,-1
6997,DOUBLE,1,0,1,False,-1
6999,SINGLE,0,0,1,False,-1
7001,SINGLE,0,0,1,False,-1
7002,SINGLE,0,0,1,False,-1
7003,SINGLE,0,0,1,False,-1
7004,DOUBLE,1,0,1,False,-1
7005,DOUBLE,1,0,1,False,-1
7006,SINGLE,0,0,1,False,-1
7007,DOUBLE,1,0,1,False,-1
7008,DOUBLE,1,0,1,False,-1
7009,SINGLE,0,0,1,False,-1
7010,SINGLE,0,0,1,False,-1
7011,DOUBLE,1,0,1,False,-1
7012,DOUBLE,1,0,1,False,-1
7013,SINGLE,0,0,1,False,-1
7014,SINGLE,0,0,1,False,-1
7015,SINGLE,0,0,1,False,-1
7017,DOUBLE,1,0,1,False,-1
7018,SINGLE,0,0,1,False,-1
7019,SINGLE,0,0,1,False,-1
7020,SINGLE,0,0,1,False,-1
7022,SINGLE,0,0,1,False,-1
7023,DOUBLE,1,0,1,False,-1
7024,DOUBLE,1,0,1,False,-1
7027,DOUBLE,1,0,1,False,-1
7028,DOUBLE,1,0,1,False,-1
7030,SINGLE,0,0,1,False,-1
7031,DOUBLE,1,0,1,False,-1
7033,DOUBLE,1,0,1,False,-1
7034,DOUBLE,1,0,1,False,-1
7035,DOUBLE,1,0,1,False,-1
7036,DOUBLE,1,0,1,False,-1
7037,SINGLE,0,0,1,False,-1
7038,DOUBLE,1,0,1,False,-1
7039,SINGLE,0,0,1,False,-1
7040,SINGLE,0,0,1,False,-1
7041,DOUBLE,1,0,1,False,-1
7042,DOUBLE,1,0,1,False,-1
7043,DOUBLE,1,0,1,False,-1
7044,SINGLE,0,0,1,False,-1
7045,DOUBLE,1,0,1,False,-1
7046,DOUBLE,1,0,1,False,-1
7047,DOUBLE,1,0,1,False,-1
7048,DOUBLE,1,0,1,False,-1
7049,SINGLE,0,0,1,False,-1
7050,DOUBLE,1,0,1,False,-1
7051,SINGLE,0,0,1,False,-1
7052,DOUBLE,1,0,1,False,-1
7053,SINGLE,0,0,1,False,-1
7054,DOUBLE,1,0,1,False,-1
7055,SINGLE,0,0,1,False,-1
7056,SINGLE,0,0,1,False,-1
7057,DOUBLE,1,0,1,False,-1
7058,DOUBLE,1,0,1,False,-1
7059,SINGLE,0,0,1,False,-1
7060,SINGLE,0,0,1,False,-1
7062,DOUBLE,1,0,1,False,-1
7063,SINGLE,0,0,1,False,-1
7064,DOUBLE,1,0,1,False,-1
7065,DOUBLE,1,0,1,False,-1
7066,SINGLE,0,0,1,False,-1
7067,SINGLE,0,0,1,False,-1
7068,DOUBLE,1,0,1,False,-1
7069,DOUBLE,1,0,1,False,-1
7070,DOUBLE,1,0,1,False,-1
7073,DOUBLE,1,0,1,False,-1
7074,SINGLE,0,0,1,False,-1
7075,DOUBLE,1,0,1,False,-1
7076,SINGLE,0,0,1,False,-1
7077,SINGLE,0,0,1,False,-1
7078,SINGLE,0,0,1,False,-1
7079,SINGLE,0,0,1,False,-1
7080,DOUBLE,1,0,1,False,-1
7081,SINGLE,0,0,1,False,-1
7082,DOUBLE,1,0,1,False,-1
7083,DOUBLE,1,0,1,False,-1
7084,SINGLE,0,0,1,False,-1
7085,SINGLE,0,0,1,False,-1
7086,DOUBLE,1,0,1,False,-1
7087,DOUBLE,1,0,1,False,-1
7088,DOUBLE,1,0,1,False,-1
7089,DOUBLE,1,0,1,False,-1
7090,DOUBLE,1,0,1,False,-1
7091,DOUBLE,1,0,1,False,-1
7092,DOUBLE,1,0,1,False,-1
7093,SINGLE,0,0,1,False,-1
7094,DOUBLE,1,0,1,False,-1
7095,DOUBLE,1,0,1,False,-1
7096,DOUBLE,1,0,1,False,-1
7097,DOUBLE,1,0,1,False,-1
7099,SINGLE,0,0,1,False,-1
7100,DOUBLE,0,1,1,False,-1
7101,SINGLE,0,0,1,False,-1
7102,SINGLE,0,0,1,False,-1
7103,DOUBLE,1,0,1,False,-1
7104,SINGLE,0,0,1,False,-1
7105,DOUBLE,1,0,1,False,-1
7106,SINGLE,0,0,1,False,-1
7107,DOUBLE,1,0,1,False,-1
7108,SINGLE,0,0,1,False,-1
7109,SINGLE,0,0,1,False,-1
7110,DOUBLE,1,0,1,False,-1
7111,DOUBLE,1,0,1,False,-1
7112,TRIPLE,1,1,1,False,-1
7113,SINGLE,0,0,1,False,-1
7114,DOUBLE,1,0,1,False,-1
7115,DOUBLE,1,0,1,False,-1
7116,DOUBLE,1,0,1,False,-1
7117,SINGLE,0,0,1,False,-1
7118,DOUBLE,1,0,1,False,-1
7119,DOUBLE,1,0,1,False,-1
7120,DOUBLE,1,0,1,False,-1
7122,DOUBLE,1,0,1,False,-1
7123,DOUBLE,1,0,1,False,-1
7124,DOUBLE,1,0,1,False,-1
7125,SINGLE,0,0,1,False,-1
7126,SINGLE,0,0,1,False,-1
7128,SINGLE,0,0,1,False,-1
7129,DOUBLE,1,0,1,False,-1
7130,SINGLE,0,0,1,False,-1
7131,SINGLE,0,0,1,False,-1
7132,SINGLE,0,0,1,False,-1
7133,SINGLE,0,0,1,False,-1
7134,DOUBLE,1,0,1,False,-1
7135,SINGLE,0,0,1,False,-1
7136,SINGLE,0,0,1,False,-1
7137,DOUBLE,1,0,1,False,-1
7138,DOUBLE,1,0,1,False,-1
7139,SINGLE,0,0,1,False,-1
7140,DOUBLE,1,0,1,False,-1
7141,SINGLE,0,0,1,False,-1
7142,SINGLE,0,0,1,False,-1
7143,SINGLE,0,0,1,False,-1
7145,DOUBLE,1,0,1,False,-1
7146,DOUBLE,1,0,1,False,-1
7147,SINGLE,0,0,1,False,-1
7148,SINGLE,0,0,1,False,-1
7149,SINGLE,0,0,1,False,-1
7150,DOUBLE,1,0,1,False,-1
7151,SINGLE,0,0,1,False,-1
7153,DOUBLE,1,0,1,False,-1
7154,SINGLE,0,0,1,False,-1
7155,SINGLE,0,0,1,False,-1
7156,SINGLE,0,0,1,False,-1
7157,DOUBLE,1,0,1,False,-1
7158,DOUBLE,1,0,1,False,-1
7159,DOUBLE,1,0,1,False,-1
7160,DOUBLE,1,0,1,False,-1
7161,SINGLE,0,0,1,False,-1
7162,DOUBLE,1,0,1,False,-1
7163,DOUBLE,1,0,1,False,-1
7164,SINGLE,0,0,1,False,-1
7165,DOUBLE,1,0,1,False,-1
7166,DOUBLE,1,0,1,False,-1
7167,SINGLE,0,0,1,False,-1
7168,SINGLE,0,0,1,False,-1
7169,SINGLE,0,0,1,False,-1
7170,DOUBLE,1,0,1,False,-1
7171,DOUBLE,1,0,1,False,-1
7172,SINGLE,0,0,1,False,-1
7173,DOUBLE,1,0,1,False,-1
7174,DOUBLE,1,0,1,False,-1
7175,DOUBLE,1,0,1,False,-1
7176,DOUBLE,1,0,1,False,-1
7177,SINGLE,0,0,1,False,-1
7178,SINGLE,0,0,1,False,-1
7179,DOUBLE,1,0,1,False,-1
7180,DOUBLE,1,0,1,False,-1
7181,DOUBLE,1,0,1,False,-1
7182,SINGLE,0,0,1,False,-1
7183,SINGLE,0,0,1,False,-1
7184,SINGLE,0,0,1,False,-1
7185,DOUBLE,1,0,1,False,-1
7186,SINGLE,0,0,1,False,-1
7187,DOUBLE,1,0,1,False,-1
7188,SINGLE,0,0,1,False,-1
7189,SINGLE,0,0,1,False,-1
7190,DOUBLE,1,0,1,False,-1
7191,SINGLE,0,0,1,False,-1
7192,SINGLE,0,0,1,False,-1
7193,DOUBLE,1,0,1,False,-1
7194,DOUBLE,1,0,1,False,-1
7196,DOUBLE,1,0,1,False,-1
7197,SINGLE,0,0,1,False,-1
7198,DOUBLE,1,0,1,False,-1
7200,SINGLE,0,0,1,False,-1
7201,DOUBLE,1,0,1,False,-1
7202,DOUBLE,1,0,1,False,-1
7203,SINGLE,0,0,1,False,-1
7204,DOUBLE,1,0,1,False,-1
7205,DOUBLE,1,0,1,False,-1
7206,SINGLE,0,0,1,False,-1
7207,SINGLE,0,0,1,False,-1
7208,SINGLE,0,0,1,False,-1
7210,DOUBLE,1,0,1,False,-1
7211,DOUBLE,1,0,1,False,-1
7212,SINGLE,0,0,1,False,-1
7214,DOUBLE,1,0,1,False,-1
7215,DOUBLE,1,0,1,False,-1
7216,DOUBLE,1,0,1,False,-1
7217,SINGLE,0,0,1,False,-1
7218,SINGLE,0,0,1,False,-1
7220,DOUBLE,1,0,1,False,-1
7221,DOUBLE,1,0,1,False,-1
7223,DOUBLE,1,0,1,False,-1
7224,DOUBLE,1,0,1,False,-1
7225,SINGLE,0,0,1,False,-1
7226,SINGLE,0,0,1,False,-1
7228,DOUBLE,1,0,1,False,-1
7229,DOUBLE,1,0,1,False,-1
7230,SINGLE,0,0,1,False,-1
7231,SINGLE,0,0,1,False,-1
7232,SINGLE,0,0,1,False,-1
7233,SINGLE,0,0,1,False,-1
7234,DOUBLE,1,0,1,False,-1
7235,DOUBLE,1,0,1,False,-1
7236,SINGLE,0,0,1,False,-1
7237,DOUBLE,1,0,1,False,-1
7238,SINGLE,0,0,1,False,-1
7240,DOUBLE,1,0,1,False,-1
7241,SINGLE,0,0,1,False,-1
7242,DOUBLE,1,0,1,False,-1
7243,DOUBLE,1,0,1,False,-1
7244,DOUBLE,1,0,1,False,-1
7245,DOUBLE,1,0,1,False,-1
7246,SINGLE,0,0,1,False,-1
7247,SINGLE,0,0,1,False,-1
7248,DOUBLE,1,0,1,False,-1
7249,SINGLE,0,0,1,False,-1
7250,DOUBLE,1,0,1,False,-1
7251,SINGLE,0,0,1,False,-1
7252,SINGLE,0,0,1,False,-1
7253,SINGLE,0,0,1,False,-1
7254,DOUBLE,1,0,1,False,-1
7255,SINGLE,0,0,1,False,-1
7256,DOUBLE,1,0,1,False,-1
7257,DOUBLE,1,0,1,False,-1
7259,DOUBLE,1,0,1,False,-1
7260,SINGLE,0,0,1,False,-1
7261,DOUBLE,1,0,1,False,-1
7263,SINGLE,0,0,1,False,-1
7264,SINGLE,0,0,1,False,-1
7265,DOUBLE,1,0,1,False,-1
7266,DOUBLE,1,0,1,False,-1
7267,SINGLE,0,0,1,False,-1
7268,DOUBLE,1,0,1,False,-1
7270,DOUBLE,1,0,1,False,-1
7272,SINGLE,0,0,1,False,-1
7273,DOUBLE,1,0,1,False,-1
7274,SINGLE,0,0,1,False,-1
7275,DOUBLE,1,0,1,False,-1
7277,DOUBLE,1,0,1,False,-1
7278,DOUBLE,1,0,1,False,-1
7279,SINGLE,0,0,1,False,-1
7280,SINGLE,0,0,1,False,-1
7281,DOUBLE,1,0,1,False,-1
7283,SINGLE,0,0,1,False,-1
7284,DOUBLE,1,0,1,False,-1
7285,DOUBLE,1,0,1,False,-1
7286,SINGLE,0,0,1,False,-1
7287,DOUBLE,1,0,1,False,-1
7288,DOUBLE,1,0,1,False,-1
7289,DOUBLE,1,0,1,False,-1
7290,DOUBLE,1,0,1,False,-1
7291,SINGLE,0,0,1,False,-1
7292,DOUBLE,1,0,1,False,-1
7293,DOUBLE,0,1,1,False,-1
7294,SINGLE,0,0,1,False,-1
7295,SINGLE,0,0,1,False,-1
7296,DOUBLE,1,0,1,False,-1
7297,SINGLE,0,0,1,False,-1
7298,SINGLE,0,0,1,False,-1
7299,DOUBLE,1,0,1,False,-1
7300,SINGLE,0,0,1,False,-1
7301,DOUBLE,1,0,1,False,-1
7302,SINGLE,0,0,1,False,-1
7303,DOUBLE,1,0,1,False,-1
7304,SINGLE,0,0,1,False,-1
7306,SINGLE,0,0,1,False,-1
7307,SINGLE,0,0,1,False,-1
7308,DOUBLE,1,0,1,False,-1
7309,SINGLE,0,0,1,False,-1
7310,SINGLE,0,0,1,False,-1
7311,DOUBLE,1,0,1,False,-1
7312,SINGLE,0,0,1,False,-1
7313,SINGLE,0,0,1,False,-1
7315,SINGLE,0,0,1,False,-1
7316,DOUBLE,1,0,1,False,-1
7317,SINGLE,0,0,1,False,-1
7318,SINGLE,0,0,1,False,-1
7319,DOUBLE,1,0,1,False,-1
7320,SINGLE,0,0,1,False,-1
7321,SINGLE,0,0,1,False,-1
7322,SINGLE,0,0,1,False,-1
7323,DOUBLE,1,0,1,False,-1
7324,SINGLE,0,0,1,False,-1
7326,DOUBLE,1,0,1,False,-1
7327,DOUBLE,1,0,1,False,-1
7328,SINGLE,0,0,1,False,-1
7329,SINGLE,0,0,1,False,-1
7330,SINGLE,0,0,1,False,-1
7331,SINGLE,0,0,1,False,-1
7332,SINGLE,0,0,1,False,-1
7333,DOUBLE,1,0,1,False,-1
7334,SINGLE,0,0,1,False,-1
7335,DOUBLE,1,0,1,False,-1
7336,DOUBLE,1,0,1,False,-1
7337,SINGLE,0,0,1,False,-1
7338,SINGLE,0,0,1,False,-1
7339,SINGLE,0,0,1,False,-1
7340,DOUBLE,1,0,1,False,-1
7342,SINGLE,0,0,1,False,-1
7343,DOUBLE,1,0,1,False,-1
7344,DOUBLE,1,0,1,False,-1
7345,DOUBLE,1,0,1,False,-1
7346,DOUBLE,1,0,1,False,-1
7347,DOUBLE,1,0,1,False,-1
7348,DOUBLE,1,0,1,False,-1
7349,SINGLE,0,0,1,False,-1
7350,DOUBLE,1,0,1,False,-1
7352,SINGLE,0,0,1,False,-1
7353,DOUBLE,1,0,1,False,-1
7354,DOUBLE,1,0,1,False,-1
7355,DOUBLE,1,0,1,False,-1
7356,SINGLE,0,0,1,False,-1
7357,SINGLE,0,0,1,False,-1
7358,SINGLE,0,0,1,False,-1
7359,DOUBLE,1,0,1,False,-1
7360,DOUBLE,1,0,1,False,-1
7361,DOUBLE,1,0,1,False,-1
7362,DOUBLE,1,0,1,False,-1
7363,DOUBLE,1,0,1,False,-1
7364,DOUBLE,1,0,1,False,-1
7365,SINGLE,0,0,1,False,-1
7366,SINGLE,0,0,1,False,-1
7367,SINGLE,0,0,1,False,-1
7370,DOUBLE,1,0,1,False,-1
7371,DOUBLE,1,0,1,False,-1
7372,SINGLE,0,0,1,False,-1
7373,DOUBLE,0,1,1,False,-1
7375,DOUBLE,1,0,1,False,-1
7377,DOUBLE,1,0,1,False,-1
7378,DOUBLE,1,0,1,False,-1
7379,DOUBLE,1,0,1,False,-1
7380,SINGLE,0,0,1,False,-1
7381,SINGLE,0,0,1,False,-1
7382,DOUBLE,1,0,1,False,-1
7383,SINGLE,0,0,1,False,-1
7384,SINGLE,0,0,1,False,-1
7385,DOUBLE,1,0,1,False,-1
7386,DOUBLE,1,0,1,False,-1
7387,SINGLE,0,0,1,False,-1
7388,DOUBLE,1,0,1,False,-1
7389,DOUBLE,1,0,1,False,-1
7390,SINGLE,0,0,1,False,-1
7391,DOUBLE,1,0,1,False,-1
7392,SINGLE,0,0,1,False,-1
7394,DOUBLE,1,0,1,False,-1
7395,SINGLE,0,0,1,False,-1
7396,SINGLE,0,0,1,False,-1
7397,DOUBLE,1,0,1,False,-1
7398,SINGLE,0,0,1,False,-1
7399,DOUBLE,1,0,1,False,-1
7400,DOUBLE,1,0,1,False,-1
7401,SINGLE,0,0,1,False,-1
7402,DOUBLE,1,0,1,False,-1
7403,SINGLE,0,0,1,False,-1
7404,SINGLE,0,0,1,False,-1
7405,DOUBLE,1,0,1,False,-1
7406,DOUBLE,1,0,1,False,-1
7408,DOUBLE,1,0,1,False,-1
7410,SINGLE,0,0,1,False,-1
7411,SINGLE,0,0,1,False,-1
7413,DOUBLE,1,0,1,False,-1
7414,DOUBLE,1,0,1,False,-1
7415,DOUBLE,1,0,1,False,-1
7416,SINGLE,0,0,1,False,-1
7418,SINGLE,0,0,1,False,-1
7419,SINGLE,0,0,1,False,-1
7420,DOUBLE,1,0,1,False,-1
7421,DOUBLE,1,0,1,False,-1
7422,DOUBLE,1,0,1,False,-1
7423,SINGLE,0,0,1,False,-1
7424,DOUBLE,1,0,1,False,-1
7425,DOUBLE,1,0,1,False,-1
7426,DOUBLE,1,0,1,False,-1
7427,DOUBLE,1,0,1,False,-1
7428,SINGLE,0,0,1,False,-1
7429,DOUBLE,1,0,1,False,-1
7430,DOUBLE,1,0,1,False,-1
7431,SINGLE,0,0,1,False,-1
7432,DOUBLE,1,0,1,False,-1
7433,SINGLE,0,0,1,False,-1
7434,DOUBLE,1,0,1,False,-1
7435,DOUBLE,1,0,1,False,-1
7436,SINGLE,0,0,1,False,-1
7438,DOUBLE,1,0,1,False,-1
7439,DOUBLE,1,0,1,False,-1
7440,DOUBLE,1,0,1,False,-1
7441,DOUBLE,1,0,1,False,-1
7442,DOUBLE,1,0,1,False,-1
7443,SINGLE,0,0,1,False,-1
7444,SINGLE,0,0,1,False,-1
7446,DOUBLE,1,0,1,False,-1
7447,SINGLE,0,0,1,False,-1
7448,DOUBLE,1,0,1,False,-1
7449,DOUBLE,1,0,1,False,-1
7450,DOUBLE,1,0,1,False,-1
7451,DOUBLE,1,0,1,False,-1
7452,SINGLE,0,0,1,False,-1
7453,SINGLE,0,0,1,False,-1
7454,SINGLE,0,0,1,False,-1
7455,DOUBLE,1,0,1,False,-1
7456,SINGLE,0,0,1,False,-1
7457,DOUBLE,1,0,1,False,-1
7458,DOUBLE,1,0,1,False,-1
7460,SINGLE,0,0,1,False,-1
7461,SINGLE,0,0,1,False,-1
7462,DOUBLE,1,0,1,False,-1
7463,SINGLE,0,0,1,False,-1
7464,DOUBLE,1,0,1,False,-1
7465,SINGLE,0,0,1,False,-1
7466,SINGLE,0,0,1,False,-1
7467,DOUBLE,1,0,1,False,-1
7468,DOUBLE,1,0,1,False,-1
7469,DOUBLE,1,0,1,False,-1
7470,SINGLE,0,0,1,False,-1
7471,SINGLE,0,0,1,False,-1
7472,SINGLE,0,0,1,False,-1
7473,DOUBLE,1,0,1,False,-1
7474,SINGLE,0,0,1,False,-1
7475,SINGLE,0,0,1,False,-1
7476,DOUBLE,1,0,1,False,-1
7477,DOUBLE,1,0,1,False,-1
7478,SINGLE,0,0,1,False,-1
7479,SINGLE,0,0,1,False,-1
7480,DOUBLE,1,0,1,False,-1
7481,DOUBLE,1,0,1,False,-1
7482,DOUBLE,1,0,1,False,-1
7483,DOUBLE,1,0,1,False,-1
7485,SINGLE,0,0,1,False,-1
7486,DOUBLE,1,0,1,False,-1
7488,DOUBLE,1,0,1,False,-1
7489,DOUBLE,1,0,1,False,-1
7490,DOUBLE,1,0,1,False,-1
7491,DOUBLE,1,0,1,False,-1
7492,DOUBLE,1,0,1,False,-1
7493,SINGLE,0,0,1,False,-1
7494,DOUBLE,1,0,1,False,-1
7495,DOUBLE,1,0,1,False,-1
7496,SINGLE,0,0,1,False,-1
7497,SINGLE,0,0,1,False,-1
7498,SINGLE,0,0,1,False,-1
7499,DOUBLE,1,0,1,False,-1
7500,DOUBLE,1,0,1,False,-1
7501,DOUBLE,1,0,1,False,-1
7502,DOUBLE,1,0,1,False,-1
7503,DOUBLE,1,0,1,False,-1
7504,SINGLE,0,0,1,False,-1
7505,DOUBLE,1,0,1,False,-1
7506,DOUBLE,1,0,1,False,-1
7507,SINGLE,0,0,1,False,-1
7508,DOUBLE,1,0,1,False,-1
7509,SINGLE,0,0,1,False,-1
7510,SINGLE,0,0,1,False,-1
7511,SINGLE,0,0,1,False,-1
7512,DOUBLE,1,0,1,False,-1
7513,DOUBLE,1,0,1,False,-1
7514,DOUBLE,1,0,1,False,-1
7515,SINGLE,0,0,1,False,-1
7516,SINGLE,0,0,1,False,-1
7517,DOUBLE,1,0,1,False,-1
7518,DOUBLE,1,0,1,False,-1
7519,DOUBLE,1,0,1,False,-1
7520,SINGLE,0,0,1,False,-1
7521,DOUBLE,1,0,1,False,-1
7522,DOUBLE,1,0,1,False,-1
7523,DOUBLE,1,0,1,False,-1
7524,SINGLE,0,0,1,False,-1
7525,DOUBLE,1,0,1,False,-1
7526,DOUBLE,1,0,1,False,-1
7527,SINGLE,0,0,1,False,-1
7528,DOUBLE,1,0,1,False,-1
7529,DOUBLE,1,0,1,False,-1
7531,DOUBLE,1,0,1,False,-1
7534,SINGLE,0,0,1,False,-1
7535,SINGLE,0,0,1,False,-1
7536,SINGLE,0,0,1,False,-1
7537,DOUBLE,1,0,1,False,-1
7538,DOUBLE,1,0,1,False,-1
7539,SINGLE,0,0,1,False,-1
7540,SINGLE,0,0,1,False,-1
7541,DOUBLE,1,0,1,False,-1
7542,DOUBLE,1,0,1,False,-1
7543,SINGLE,0,0,1,False,-1
7544,DOUBLE,1,0,1,False,-1
7545,DOUBLE,1,0,1,False,-1
7546,SINGLE,0,0,1,False,-1
7547,DOUBLE,1,0,1,False,-1
7548,SINGLE,0,0,1,False,-1
7549,DOUBLE,1,0,1,False,-1
7550,DOUBLE,1,0,1,False,-1
7551,DOUBLE,1,0,1,False,-1
7552,SINGLE,0,0,1,False,-1
7553,DOUBLE,0,1,1,False,-1
7554,SINGLE,0,0,1,False,-1
7555,SINGLE,0,0,1,False,-1
7556,DOUBLE,1,0,1,False,-1
7557,DOUBLE,1,0,1,False,-1
7558,SINGLE,0,0,1,False,-1
7559,DOUBLE,1,0,1,False,-1
7560,SINGLE,0,0,1,False,-1
7561,SINGLE,0,0,1,False,-1
7562,SINGLE,0,0,1,False,-1
7563,DOUBLE,1,0,1,False,-1
7564,DOUBLE,1,0,1,False,-1
7565,DOUBLE,0,1,1,False,-1
7566,SINGLE,0,0,1,False,-1
7567,DOUBLE,1,0,1,False,-1
7568,DOUBLE,1,0,1,False,-1
7569,SINGLE,0,0,1,False,-1
7570,DOUBLE,1,0,1,False,-1
7571,SINGLE,0,0,1,False,-1
7572,SINGLE,0,0,1,False,-1
7573,DOUBLE,1,0,1,False,-1
7574,SINGLE,0,0,1,False,-1
7577,DOUBLE,1,0,1,False,-1
7578,DOUBLE,1,0,1,False,-1
7580,SINGLE,0,0,1,False,-1
7581,SINGLE,0,0,1,False,-1
7582,SINGLE,0,0,1,False,-1
7583,DOUBLE,1,0,1,False,-1
7584,DOUBLE,1,0,1,False,-1
7585,DOUBLE,1,0,1,False,-1
7586,DOUBLE,1,0,1,False,-1
7587,DOUBLE,1,0,1,False,-1
7588,SINGLE,0,0,1,False,-1
7589,DOUBLE,1,0,1,False,-1
7590,SINGLE,0,0,1,False,-1
7591,SINGLE,0,0,1,False,-1
7592,DOUBLE,1,0,1,False,-1
7593,TRIPLE,1,1,1,False,-1
7594,SINGLE,0,0,1,False,-1
7595,DOUBLE,1,0,1,False,-1
7596,SINGLE,0,0,1,False,-1
7597,DOUBLE,1,0,1,False,-1
7598,DOUBLE,1,0,1,False,-1
7599,DOUBLE,1,0,1,False,-1
7600,SINGLE,0,0,1,False,-1
7601,DOUBLE,1,0,1,False,-1
7602,SINGLE,0,0,1,False,-1
7603,DOUBLE,1,0,1,False,-1
7605,SINGLE,0,0,1,False,-1
7606,DOUBLE,1,0,1,False,-1
7607,SINGLE,0,0,1,False,-1
7608,SINGLE,0,0,1,False,-1
7609,DOUBLE,1,0,1,False,-1
7610,SINGLE,0,0,1,False,-1
7611,SINGLE,0,0,1,False,-1
7612,DOUBLE,1,0,1,False,-1
7613,DOUBLE,1,0,1,False,-1
7614,DOUBLE,1,0,1,False,-1
7615,DOUBLE,1,0,1,False,-1
7616,DOUBLE,1,0,1,False,-1
7617,DOUBLE,1,0,1,False,-1
7618,DOUBLE,1,0,1,False,-1
7620,SINGLE,0,0,1,False,-1
7621,SINGLE,0,0,1,False,-1
7622,SINGLE,0,0,1,False,-1
7623,DOUBLE,1,0,1,False,-1
7624,SINGLE,0,0,1,False,-1
7625,DOUBLE,1,0,1,False,-1
7626,DOUBLE,1,0,1,False,-1
7627,SINGLE,0,0,1,False,-1
7628,DOUBLE,1,0,1,False,-1
7629,SINGLE,0,0,1,False,-1
7630,SINGLE,0,0,1,False,-1
7631,SINGLE,0,0,1,False,-1
7632,SINGLE,0,0,1,False,-1
7633,DOUBLE,1,0,1,False,-1
7634,DOUBLE,1,0,1,False,-1
7635,DOUBLE,1,0,1,False,-1
7636,SINGLE,0,0,1,False,-1
7637,SINGLE,0,0,1,False,-1
7638,DOUBLE,1,0,1,False,-1
7639,DOUBLE,1,0,1,False,-1
7640,DOUBLE,1,0,1,False,-1
7641,DOUBLE,1,0,1,False,-1
7642,SINGLE,0,0,1,False,-1
7643,SINGLE,0,0,1,False,-1
7644,DOUBLE,1,0,1,False,-1
7645,SINGLE,0,0,1,False,-1
7646,SINGLE,0,0,1,False,-1
7647,DOUBLE,1,0,1,False,-1
7648,SINGLE,0,0,1,False,-1
7649,SINGLE,0,0,1,False,-1
7650,DOUBLE,1,0,1,False,-1
7652,DOUBLE,1,0,1,False,-1
7653,DOUBLE,1,0,1,False,-1
7654,SINGLE,0,0,1,False,-1
7655,DOUBLE,1,0,1,False,-1
7656,SINGLE,0,0,1,False,-1
7657,SINGLE,0,0,1,False,-1
7658,SINGLE,0,0,1,False,-1
7659,DOUBLE,1,0,1,False,-1
7660,SINGLE,0,0,1,False,-1
7661,DOUBLE,1,0,1,False,-1
7662,SINGLE,0,0,1,False,-1
7663,DOUBLE,1,0,1,False,-1
7664,SINGLE,0,0,1,False,-1
7665,DOUBLE,1,0,1,False,-1
7666,DOUBLE,1,0,1,False,-1
7667,SINGLE,0,0,1,False,-1
7668,DOUBLE,1,0,1,False,-1
7669,SINGLE,0,0,1,False,-1
7670,DOUBLE,1,0,1,False,-1
7671,DOUBLE,1,0,1,False,-1
7672,DOUBLE,1,0,1,False,-1
7674,DOUBLE,1,0,1,False,-1
7675,SINGLE,0,0,1,False,-1
7676,DOUBLE,1,0,1,False,-1
7677,DOUBLE,1,0,1,False,-1
7678,SINGLE,0,0,1,False,-1
7679,SINGLE,0,0,1,False,-1
7680,SINGLE,0,0,1,False,-1
7681,DOUBLE,1,0,1,False,-1
7682,DOUBLE,1,0,1,False,-1
7683,DOUBLE,1,0,1,False,-1
7684,DOUBLE,1,0,1,False,-1
7685,SINGLE,0,0,1,False,-1
7686,SINGLE,0,0,1,False,-1
7687,SINGLE,0,0,1,False,-1
7688,SINGLE,0,0,1,False,-1
7689,DOUBLE,1,0,1,False,-1
7690,DOUBLE,1,0,1,False,-1
7691,SINGLE,0,0,1,False,-1
7693,DOUBLE,1,0,1,False,-1
7694,SINGLE,0,0,1,False,-1
7695,SINGLE,0,0,1,False,-1
7696,SINGLE,0,0,1,False,-1
7697,DOUBLE,1,0,1,False,-1
7698,SINGLE,0,0,1,False,-1
7699,DOUBLE,1,0,1,False,-1
7700,DOUBLE,1,0,1,False,-1
7701,DOUBLE,1,0,1,False,-1
7702,DOUBLE,1,0,1,False,-1
7703,DOUBLE,1,0,1,False,-1
7704,DOUBLE,1,0,1,False,-1
7705,DOUBLE,1,0,1,False,-1
7706,SINGLE,0,0,1,False,-1
7707,DOUBLE,1,0,1,False,-1
7708,SINGLE,0,0,1,False,-1
7709,SINGLE,0,0,1,False,-1
7710,DOUBLE,1,0,1,False,-1
7711,SINGLE,0,0,1,False,-1
7712,DOUBLE,1,0,1,False,-1
7713,DOUBLE,1,0,1,False,-1
7714,DOUBLE,1,0,1,False,-1
7715,DOUBLE,1,0,1,False,-1
7717,SINGLE,0,0,1,False,-1
7718,DOUBLE,1,0,1,False,-1
7719,DOUBLE,1,0,1,False,-1
7720,DOUBLE,1,0,1,False,-1
7721,SINGLE,0,0,1,False,-1
7723,SINGLE,0,0,1,False,-1
7724,DOUBLE,1,0,1,False,-1
7725,SINGLE,0,0,1,False,-1
7726,DOUBLE,1,0,1,False,-1
7727,SINGLE,0,0,1,False,-1
7728,SINGLE,0,0,1,False,-1
7729,SINGLE,0,0,1,False,-1
7730,SINGLE,0,0,1,False,-1
7731,SINGLE,0,0,1,False,-1
7732,SINGLE,0,0,1,False,-1
7733,DOUBLE,0,1,1,False,-1
7734,DOUBLE,1,0,1,False,-1
7735,DOUBLE,1,0,1,False,-1
7736,DOUBLE,1,0,1,False,-1
7737,SINGLE,0,0,1,False,-1
7738,SINGLE,0,0,1,False,-1
7739,DOUBLE,1,0,1,False,-1
7740,DOUBLE,1,0,1,False,-1
7741,SINGLE,0,0,1,False,-1
7742,DOUBLE,1,0,1,False,-1
7743,DOUBLE,1,0,1,False,-1
7744,SINGLE,0,0,1,False,-1
7745,DOUBLE,1,0,1,False,-1
7746,DOUBLE,1,0,1,False,-1
7747,SINGLE,0,0,1,False,-1
7748,SINGLE,0,0,1,False,-1
7750,DOUBLE,1,0,1,False,-1
7751,SINGLE,0,0,1,False,-1
7752,DOUBLE,1,0,1,False,-1
7753,DOUBLE,1,0,1,False,-1
7755,DOUBLE,1,0,1,False,-1
7756,DOUBLE,1,0,1,False,-1
7758,SINGLE,0,0,1,False,-1
7759,DOUBLE,1,0,1,False,-1
7760,DOUBLE,1,0,1,False,-1
7761,SINGLE,0,0,1,False,-1
7762,SINGLE,0,0,1,False,-1
7763,DOUBLE,1,0,1,False,-1
7764,SINGLE,0,0,1,False,-1
7765,SINGLE,0,0,1,False,-1
7766,DOUBLE,1,0,1,False,-1
7767,DOUBLE,1,0,1,False,-1
7768,DOUBLE,1,0,1,False,-1
7769,DOUBLE,1,0,1,False,-1
7770,SINGLE,0,0,1,False,-1
7771,DOUBLE,1,0,1,False,-1
7773,DOUBLE,1,0,1,False,-1
7774,DOUBLE,1,0,1,False,-1
7775,DOUBLE,1,0,1,False,-1
7776,SINGLE,0,0,1,False,-1
7777,DOUBLE,1,0,1,False,-1
7778,SINGLE,0,0,1,False,-1
7779,DOUBLE,1,0,1,False,-1
7780,SINGLE,0,0,1,False,-1
7781,DOUBLE,1,0,1,False,-1
7782,DOUBLE,1,0,1,False,-1
7783,SINGLE,0,0,1,False,-1
7784,SINGLE,0,0,1,False,-1
7785,SINGLE,0,0,1,False,-1
7786,DOUBLE,1,0,1,False,-1
7787,DOUBLE,1,0,1,False,-1
7788,DOUBLE,0,1,1,False,-1
7790,SINGLE,0,0,1,False,-1
7791,DOUBLE,1,0,1,False,-1
7792,SINGLE,0,0,1,False,-1
7793,SINGLE,0,0,1,False,-1
7794,DOUBLE,1,0,1,False,-1
7795,DOUBLE,1,0,1,False,-1
7796,DOUBLE,1,0,1,False,-1
7797,SINGLE,0,0,1,False,-1
7798,SINGLE,0,0,1,False,-1
7799,DOUBLE,1,0,1,False,-1
7800,SINGLE,0,0,1,False,-1
7803,SINGLE,0,0,1,False,-1
7804,SINGLE,0,0,1,False,-1
7805,DOUBLE,1,0,1,False,-1
7806,DOUBLE,1,0,1,False,-1
7807,DOUBLE,1,0,1,False,-1
7808,SINGLE,0,0,1,False,-1
7810,SINGLE,0,0,1,False,-1
7811,DOUBLE,1,0,1,False,-1
7812,DOUBLE,1,0,1,False,-1
7813,SINGLE,0,0,1,False,-1
7814,DOUBLE,1,0,1,False,-1
7815,DOUBLE,1,0,1,False,-1
7816,DOUBLE,1,0,1,False,-1
7817,DOUBLE,1,0,1,False,-1
7818,SINGLE,0,0,1,False,-1
7819,DOUBLE,1,0,1,False,-1
7820,SINGLE,0,0,1,False,-1
7821,DOUBLE,1,0,1,False,-1
7822,DOUBLE,1,0,1,False,-1
7823,DOUBLE,1,0,1,False,-1
7824,DOUBLE,1,0,1,False,-1
7825,DOUBLE,1,0,1,False,-1
7826,DOUBLE,1,0,1,False,-1
7827,DOUBLE,1,0,1,False,-1
7828,DOUBLE,1,0,1,False,-1
7829,DOUBLE,1,0,1,False,-1
7830,DOUBLE,1,0,1,False,-1
7831,DOUBLE,1,0,1,False,-1
7832,SINGLE,0,0,1,False,-1
7833,SINGLE,0,0,1,False,-1
7834,DOUBLE,1,0,1,False,-1
7835,DOUBLE,1,0,1,False,-1
7837,SINGLE,0,0,1,False,-1
7838,DOUBLE,1,0,1,False,-1
7840,SINGLE,0,0,1,False,-1
7841,DOUBLE,1,0,1,False,-1
7842,DOUBLE,1,0,1,False,-1
7843,SINGLE,0,0,1,False,-1
7844,DOUBLE,1,0,1,False,-1
7845,SINGLE,0,0,1,False,-1
7846,DOUBLE,1,0,1,False,-1
7847,DOUBLE,1,0,1,False,-1
7849,DOUBLE,1,0,1,False,-1
7850,SINGLE,0,0,1,False,-1
7851,DOUBLE,1,0,1,False,-1
7853,SINGLE,0,0,1,False,-1
7854,DOUBLE,1,0,1,False,-1
7855,DOUBLE,1,0,1,False,-1
7856,SINGLE,0,0,1,False,-1
7857,DOUBLE,1,0,1,False,-1
7858,SINGLE,0,0,1,False,-1
7859,DOUBLE,1,0,1,False,-1
7860,DOUBLE,1,0,1,False,-1
7861,SINGLE,0,0,1,False,-1
7862,DOUBLE,1,0,1,False,-1
7863,SINGLE,0,0,1,False,-1
7865,DOUBLE,1,0,1,False,-1
7866,SINGLE,0,0,1,False,-1
7867,SINGLE,0,0,1,False,-1
7868,DOUBLE,1,0,1,False,-1
7869,SINGLE,0,0,1,False,-1
7870,DOUBLE,1,0,1,False,-1
7871,SINGLE,0,0,1,False,-1
7872,TRIPLE,1,1,1,False,-1
7874,DOUBLE,1,0,1,False,-1
7876,SINGLE,0,0,1,False,-1
7877,DOUBLE,1,0,1,False,-1
7878,SINGLE,0,0,1,False,-1
7879,DOUBLE,1,0,1,False,-1
7880,DOUBLE,1,0,1,False,-1
7881,DOUBLE,1,0,1,False,-1
7882,DOUBLE,1,0,1,False,-1
7884,SINGLE,0,0,1,False,-1
7885,DOUBLE,1,0,1,False,-1
7886,SINGLE,0,0,1,False,-1
7887,DOUBLE,1,0,1,False,-1
7888,DOUBLE,1,0,1,False,-1
7889,SINGLE,0,0,1,False,-1
7890,SINGLE,0,0,1,False,-1
7891,SINGLE,0,0,1,False,-1
7892,DOUBLE,1,0,1,False,-1
7893,SINGLE,0,0,1,False,-1
7894,SINGLE,0,0,1,False,-1
7895,DOUBLE,1,0,1,False,-1
7896,SINGLE,0,0,1,False,-1
7897,DOUBLE,1,0,1,False,-1
7898,SINGLE,0,0,1,False,-1
7899,DOUBLE,1,0,1,False,-1
7900,DOUBLE,1,0,1,False,-1
7901,DOUBLE,1,0,1,False,-1
7902,SINGLE,0,0,1,False,-1
7903,DOUBLE,1,0,1,False,-1
7904,SINGLE,0,0,1,False,-1
7905,DOUBLE,1,0,1,False,-1
7906,DOUBLE,1,0,1,False,-1
7908,SINGLE,0,0,1,False,-1
7909,DOUBLE,1,0,1,False,-1
7910,DOUBLE,1,0,1,False,-1
7911,SINGLE,0,0,1,False,-1
7912,SINGLE,0,0,1,False,-1
7913,DOUBLE,1,0,1,False,-1
7914,DOUBLE,1,0,1,False,-1
7915,DOUBLE,1,0,1,False,-1
7916,SINGLE,0,0,1,False,-1
7917,SINGLE,0,0,1,False,-1
7918,DOUBLE,1,0,1,False,-1
7919,DOUBLE,1,0,1,False,-1
7920,SINGLE,0,0,1,False,-1
7921,DOUBLE,1,0,1,False,-1
7922,SINGLE,0,0,1,False,-1
7924,SINGLE,0,0,1,False,-1
7925,SINGLE,0,0,1,False,-1
7926,SINGLE,0,0,1,False,-1
7927,SINGLE,0,0,1,False,-1
7928,DOUBLE,1,0,1,False,-1
7929,DOUBLE,1,0,1,False,-1
7930,SINGLE,0,0,1,False,-1
7931,DOUBLE,1,0,1,False,-1
7932,DOUBLE,1,0,1,False,-1
7934,DOUBLE,1,0,1,False,-1
7936,DOUBLE,1,0,1,False,-1
7938,DOUBLE,1,0,1,False,-1
7939,SINGLE,0,0,1,False,-1
7940,DOUBLE,1,0,1,False,-1
7941,DOUBLE,1,0,1,False,-1
7942,DOUBLE,1,0,1,False,-1
7943,SINGLE,0,0,1,False,-1
7944,DOUBLE,1,0,1,False,-1
7945,DOUBLE,1,0,1,False,-1
7946,DOUBLE,1,0,1,False,-1
7947,SINGLE,0,0,1,False,-1
7948,DOUBLE,1,0,1,False,-1
7949,SINGLE,0,0,1,False,-1
7950,DOUBLE,1,0,1,False,-1
7952,DOUBLE,1,0,1,False,-1
7953,DOUBLE,1,0,1,False,-1
7954,SINGLE,0,0,1,False,-1
7956,SINGLE,0,0,1,False,-1
7957,DOUBLE,1,0,1,False,-1
7959,DOUBLE,1,0,1,False,-1
7960,SINGLE,0,0,1,False,-1
7961,DOUBLE,1,0,1,False,-1
7962,SINGLE,0,0,1,False,-1
7963,TRIPLE,1,1,1,False,-1
7964,DOUBLE,1,0,1,False,-1
7965,DOUBLE,1,0,1,False,-1
7966,SINGLE,0,0,1,False,-1
7967,SINGLE,0,0,1,False,-1
7970,DOUBLE,1,0,1,False,-1
7971,DOUBLE,1,0,1,False,-1
7973,SINGLE,0,0,1,False,-1
7975,DOUBLE,1,0,1,False,-1
7976,SINGLE,0,0,1,False,-1
7977,DOUBLE,1,0,1,False,-1
7978,DOUBLE,1,0,1,False,-1
7979,SINGLE,0,0,1,False,-1
7980,SINGLE,0,0,1,False,-1
7981,SINGLE,0,0,1,False,-1
7983,DOUBLE,1,0,1,False,-1
7984,SINGLE,0,0,1,False,-1
7985,SINGLE,0,0,1,False,-1
7986,DOUBLE,1,0,1,False,-1
7987,DOUBLE,1,0,1,False,-1
7988,SINGLE,0,0,1,False,-1
7989,DOUBLE,1,0,1,False,-1
7990,SINGLE,0,0,1,False,-1
7991,DOUBLE,1,0,1,False,-1
7992,SINGLE,0,0,1,False,-1
7993,SINGLE,0,0,1,False,-1
7994,DOUBLE,1,0,1,False,-1
7995,DOUBLE,1,0,1,False,-1
7996,SINGLE,0,0,1,False,-1
7997,SINGLE,0,0,1,False,-1
7998,SINGLE,0,0,1,False,-1
7999,SINGLE,0,0,1,False,-1
8000,DOUBLE,1,0,1,False,-1
8001,DOUBLE,1,0,1,False,-1
8003,DOUBLE,1,0,1,False,-1
8004,SINGLE,0,0,1,False,-1
8005,DOUBLE,1,0,1,False,-1
8006,DOUBLE,1,0,1,False,-1
8007,SINGLE,0,0,1,False,-1
8008,DOUBLE,1,0,1,False,-1
8009,DOUBLE,1,0,1,False,-1
8010,DOUBLE,1,0,1,False,-1
8011,SINGLE,0,0,1,False,-1
8012,DOUBLE,1,0,1,False,-1
8013,DOUBLE,1,0,1,False,-1
8014,DOUBLE,1,0,1,False,-1
8015,SINGLE,0,0,1,False,-1
8016,DOUBLE,1,0,1,False,-1
8017,SINGLE,0,0,1,False,-1
8018,SINGLE,0,0,1,False,-1
8019,DOUBLE,1,0,1,False,-1
8020,DOUBLE,1,0,1,False,-1
8021,SINGLE,0,0,1,False,-1
8022,DOUBLE,1,0,1,False,-1
8023,DOUBLE,1,0,1,False,-1
8024,DOUBLE,1,0,1,False,-1
8025,SINGLE,0,0,1,False,-1
8026,DOUBLE,1,0,1,False,-1
8027,DOUBLE,1,0,1,False,-1
8028,SINGLE,0,0,1,False,-1
8029,DOUBLE,1,0,1,False,-1
8030,DOUBLE,1,0,1,False,-1
8031,SINGLE,0,0,1,False,-1
8032,SINGLE,0,0,1,False,-1
8033,SINGLE,0,0,1,False,-1
8034,DOUBLE,1,0,1,False,-1
8035,DOUBLE,1,0,1,False,-1
8036,SINGLE,0,0,1,False,-1
8037,SINGLE,0,0,1,False,-1
8038,SINGLE,0,0,1,False,-1
8039,DOUBLE,1,0,1,False,-1
8040,DOUBLE,1,0,1,False,-1
8041,DOUBLE,1,0,1,False,-1
8042,SINGLE,0,0,1,False,-1
8043,DOUBLE,1,0,1,False,-1
8044,DOUBLE,1,0,1,False,-1
8045,DOUBLE,1,0,1,False,-1
8046,SINGLE,0,0,1,False,-1
8047,SINGLE,0,0,1,False,-1
8048,SINGLE,0,0,1,False,-1
8049,SINGLE,0,0,1,False,-1
8050,SINGLE,0,0,1,False,-1
8051,DOUBLE,1,0,1,False,-1
8052,DOUBLE,1,0,1,False,-1
8053,SINGLE,0,0,1,False,-1
8055,DOUBLE,1,0,1,False,-1
8056,SINGLE,0,0,1,False,-1
8057,SINGLE,0,0,1,False,-1
8058,DOUBLE,1,0,1,False,-1
8059,DOUBLE,1,0,1,False,-1
8060,SINGLE,0,0,1,False,-1
8061,DOUBLE,1,0,1,False,-1
8062,SINGLE,0,0,1,False,-1
8063,DOUBLE,0,1,1,False,-1
8064,SINGLE,0,0,1,False,-1
8065,DOUBLE,1,0,1,False,-1
8066,SINGLE,0,0,1,False,-1
8067,DOUBLE,1,0,1,False,-1
8069,DOUBLE,1,0,1,False,-1
8070,DOUBLE,1,0,1,False,-1
8072,DOUBLE,1,0,1,False,-1
8073,SINGLE,0,0,1,False,-1
8074,SINGLE,0,0,1,False,-1
8075,DOUBLE,1,0,1,False,-1
8077,SINGLE,0,0,1,False,-1
8078,DOUBLE,1,0,1,False,-1
8079,DOUBLE,1,0,1,False,-1
8080,DOUBLE,1,0,1,False,-1
8081,DOUBLE,1,0,1,False,-1
8083,DOUBLE,1,0,1,False,-1
8084,SINGLE,0,0,1,False,-1
8085,SINGLE,0,0,1,False,-1
8086,DOUBLE,1,0,1,False,-1
8087,SINGLE,0,0,1,False,-1
8088,DOUBLE,1,0,1,False,-1
8089,DOUBLE,1,0,1,False,-1
8090,SINGLE,0,0,1,False,-1
8092,DOUBLE,1,0,1,False,-1
8093,DOUBLE,1,0,1,False,-1
8094,DOUBLE,1,0,1,False,-1
8095,SINGLE,0,0,1,False,-1
8097,DOUBLE,1,0,1,False,-1
8098,SINGLE,0,0,1,False,-1
8099,SINGLE,0,0,1,False,-1
8100,DOUBLE,1,0,1,False,-1
8101,DOUBLE,1,0,1,False,-1
8102,DOUBLE,1,0,1,False,-1
8103,DOUBLE,1,0,1,False,-1
8104,DOUBLE,1,0,1,False,-1
8105,SINGLE,0,0,1,False,-1
8106,SINGLE,0,0,1,False,-1
8107,DOUBLE,1,0,1,False,-1
8108,SINGLE,0,0,1,False,-1
8109,SINGLE,0,0,1,False,-1
8110,DOUBLE,1,0,1,False,-1
8111,DOUBLE,1,0,1,False,-1
8112,DOUBLE,1,0,1,False,-1
8113,SINGLE,0,0,1,False,-1
8114,DOUBLE,1,0,1,False,-1
8115,DOUBLE,1,0,1,False,-1
8116,DOUBLE,1,0,1,False,-1
8117,DOUBLE,1,0,1,False,-1
8118,DOUBLE,1,0,1,False,-1
8119,DOUBLE,1,0,1,False,-1
8120,SINGLE,0,0,1,False,-1
8121,DOUBLE,1,0,1,False,-1
8122,SINGLE,0,0,1,False,-1
8124,SINGLE,0,0,1,False,-1
8126,SINGLE,0,0,1,False,-1
8128,SINGLE,0,0,1,False,-1
8129,SINGLE,0,0,1,False,-1
8130,DOUBLE,1,0,1,False,-1
8131,DOUBLE,1,0,1,False,-1
8133,DOUBLE,1,0,1,False,-1
8134,SINGLE,0,0,1,False,-1
8136,SINGLE,0,0,1,False,-1
8137,SINGLE,0,0,1,False,-1
8138,DOUBLE,1,0,1,False,-1
8139,SINGLE,0,0,1,False,-1
8140,DOUBLE,1,0,1,False,-1
8141,SINGLE,0,0,1,False,-1
8142,DOUBLE,1,0,1,False,-1
8143,DOUBLE,1,0,1,False,-1
8144,DOUBLE,1,0,1,False,-1
8145,SINGLE,0,0,1,False,-1
8146,DOUBLE,1,0,1,False,-1
8147,SINGLE,0,0,1,False,-1
8150,SINGLE,0,0,1,False,-1
8151,DOUBLE,1,0,1,False,-1
8152,DOUBLE,1,0,1,False,-1
8153,SINGLE,0,0,1,False,-1
8154,DOUBLE,1,0,1,False,-1
8155,DOUBLE,1,0,1,False,-1
8156,DOUBLE,1,0,1,False,-1
8157,SINGLE,0,0,1,False,-1
8158,DOUBLE,1,0,1,False,-1
8159,DOUBLE,1,0,1,False,-1
8160,SINGLE,0,0,1,False,-1
8161,DOUBLE,1,0,1,False,-1
8163,SINGLE,0,0,1,False,-1
8164,DOUBLE,1,0,1,False,-1
8165,SINGLE,0,0,1,False,-1
8166,SINGLE,0,0,1,False,-1
8167,DOUBLE,1,0,1,False,-1
8168,DOUBLE,1,0,1,False,-1
8169,SINGLE,0,0,1,False,-1
8170,DOUBLE,1,0,1,False,-1
8174,SINGLE,0,0,1,False,-1
8175,SINGLE,0,0,1,False,-1
8176,SINGLE,0,0,1,False,-1
8178,DOUBLE,1,0,1,False,-1
8179,DOUBLE,1,0,1,False,-1
8180,SINGLE,0,0,1,False,-1
8181,DOUBLE,1,0,1,False,-1
8182,DOUBLE,1,0,1,False,-1
8183,DOUBLE,1,0,1,False,-1
8184,DOUBLE,1,0,1,False,-1
8185,SINGLE,0,0,1,False,-1
8186,SINGLE,0,0,1,False,-1
8187,DOUBLE,1,0,1,False,-1
8188,DOUBLE,1,0,1,False,-1
8189,DOUBLE,1,0,1,False,-1
8190,DOUBLE,1,0,1,False,-1
8191,DOUBLE,1,0,1,False,-1
8192,DOUBLE,1,0,1,False,-1
8193,SINGLE,0,0,1,False,-1
8194,DOUBLE,1,0,1,False,-1
8195,DOUBLE,1,0,1,False,-1
8196,DOUBLE,1,0,1,False,-1
8197,DOUBLE,1,0,1,False,-1
8198,SINGLE,0,0,1,False,-1
8199,SINGLE,0,0,1,False,-1
8201,SINGLE,0,0,1,False,-1
8202,DOUBLE,1,0,1,False,-1
8203,SINGLE,0,0,1,False,-1
8204,SINGLE,0,0,1,False,-1
8205,DOUBLE,1,0,1,False,-1
8206,DOUBLE,1,0,1,False,-1
8207,DOUBLE,1,0,1,False,-1
8208,SINGLE,0,0,1,False,-1
8209,SINGLE,0,0,1,False,-1
8210,DOUBLE,1,0,1,False,-1
8211,SINGLE,0,0,1,False,-1
8212,DOUBLE,1,0,1,False,-1
8214,SINGLE,0,0,1,False,-1
8215,SINGLE,0,0,1,False,-1
8216,SINGLE,0,0,1,False,-1
8217,DOUBLE,1,0,1,False,-1
8219,DOUBLE,1,0,1,False,-1
8220,SINGLE,0,0,1,False,-1
8221,SINGLE,0,0,1,False,-1
8222,DOUBLE,1,0,1,False,-1
8223,DOUBLE,1,0,1,False,-1
8224,DOUBLE,1,0,1,False,-1
8225,SINGLE,0,0,1,False,-1
8226,SINGLE,0,0,1,False,-1
8227,DOUBLE,1,0,1,False,-1
8228,DOUBLE,1,0,1,False,-1
8229,DOUBLE,1,0,1,False,-1
8230,DOUBLE,1,0,1,False,-1
8231,SINGLE,0,0,1,False,-1
8232,SINGLE,0,0,1,False,-1
8234,SINGLE,0,0,1,False,-1
8235,SINGLE,0,0,1,False,-1
8236,DOUBLE,1,0,1,False,-1
8238,SINGLE,0,0,1,False,-1
8239,DOUBLE,1,0,1,False,-1
8240,SINGLE,0,0,1,False,-1
8241,SINGLE,0,0,1,False,-1
8242,DOUBLE,1,0,1,False,-1
8243,SINGLE,0,0,1,False,-1
8244,SINGLE,0,0,1,False,-1
8245,DOUBLE,1,0,1,False,-1
8246,DOUBLE,1,0,1,False,-1
8247,DOUBLE,1,0,1,False,-1
8248,DOUBLE,1,0,1,False,-1
8249,DOUBLE,1,0,1,False,-1
8250,DOUBLE,1,0,1,False,-1
8251,DOUBLE,1,0,1,False,-1
8252,DOUBLE,1,0,1,False,-1
8253,DOUBLE,1,0,1,False,-1
8254,DOUBLE,1,0,1,False,-1
8255,DOUBLE,1,0,1,False,-1
8256,DOUBLE,1,0,1,False,-1
8257,SINGLE,0,0,1,False,-1
8258,DOUBLE,1,0,1,False,-1
8259,SINGLE,0,0,1,False,-1
8260,SINGLE,0,0,1,False,-1
8261,SINGLE,0,0,1,False,-1
8262,DOUBLE,1,0,1,False,-1
8263,SINGLE,0,0,1,False,-1
8264,SINGLE,0,0,1,False,-1
8265,SINGLE,0,0,1,False,-1
8266,SINGLE,0,0,1,False,-1
8267,SINGLE,0,0,1,False,-1
8269,SINGLE,0,0,1,False,-1
8270,DOUBLE,1,0,1,False,-1
8271,DOUBLE,1,0,1,False,-1
8272,DOUBLE,1,0,1,False,-1
8273,SINGLE,0,0,1,False,-1
8274,DOUBLE,1,0,1,False,-1
8275,DOUBLE,1,0,1,False,-1
8276,DOUBLE,1,0,1,False,-1
8277,SINGLE,0,0,1,False,-1
8278,SINGLE,0,0,1,False,-1
8279,SINGLE,0,0,1,False,-1
8280,SINGLE,0,0,1,False,-1
8281,SINGLE,0,0,1,False,-1
8282,DOUBLE,1,0,1,False,-1
8283,DOUBLE,1,0,1,False,-1
8284,SINGLE,0,0,1,False,-1
8285,DOUBLE,1,0,1,False,-1
8286,SINGLE,0,0,1,False,-1
8287,SINGLE,0,0,1,False,-1
8290,SINGLE,0,0,1,False,-1
8292,SINGLE,0,0,1,False,-1
8293,DOUBLE,1,0,1,False,-1
8294,DOUBLE,1,0,1,False,-1
8295,DOUBLE,1,0,1,False,-1
8296,SINGLE,0,0,1,False,-1
8297,DOUBLE,1,0,1,False,-1
8298,SINGLE,0,0,1,False,-1
8300,SINGLE,0,0,1,False,-1
8301,SINGLE,0,0,1,False,-1
8302,SINGLE,0,0,1,False,-1
8303,SINGLE,0,0,1,False,-1
8304,DOUBLE,1,0,1,False,-1
8305,DOUBLE,1,0,1,False,-1
8306,DOUBLE,1,0,1,False,-1
8307,DOUBLE,1,0,1,False,-1
8308,SINGLE,0,0,1,False,-1
8309,DOUBLE,1,0,1,False,-1
8310,SINGLE,0,0,1,False,-1
8312,SINGLE,0,0,1,False,-1
8313,SINGLE,0,0,1,False,-1
8314,DOUBLE,1,0,1,False,-1
8315,SINGLE,0,0,1,False,-1
8316,DOUBLE,1,0,1,False,-1
8317,SINGLE,0,0,1,False,-1
8318,SINGLE,0,0,1,False,-1
8319,SINGLE,0,0,1,False,-1
8320,SINGLE,0,0,1,False,-1
8322,DOUBLE,1,0,1,False,-1
8323,SINGLE,0,0,1,False,-1
8324,DOUBLE,1,0,1,False,-1
8325,SINGLE,0,0,1,False,-1
8326,DOUBLE,1,0,1,False,-1
8327,SINGLE,0,0,1,False,-1
8328,DOUBLE,1,0,1,False,-1
8329,DOUBLE,1,0,1,False,-1
8330,SINGLE,0,0,1,False,-1
8331,SINGLE,0,0,1,False,-1
8332,SINGLE,0,0,1,False,-1
8333,DOUBLE,1,0,1,False,-1
8336,DOUBLE,1,0,1,False,-1
8337,SINGLE,0,0,1,False,-1
8338,DOUBLE,1,0,1,False,-1
8339,DOUBLE,1,0,1,False,-1
8340,SINGLE,0,0,1,False,-1
8341,SINGLE,0,0,1,False,-1
8342,SINGLE,0,0,1,False,-1
8343,DOUBLE,1,0,1,False,-1
8344,SINGLE,0,0,1,False,-1
8345,DOUBLE,1,0,1,False,-1
8346,DOUBLE,1,0,1,False,-1
8348,SINGLE,0,0,1,False,-1
8349,DOUBLE,1,0,1,False,-1
8352,SINGLE,0,0,1,False,-1
8353,DOUBLE,1,0,1,False,-1
8354,SINGLE,0,0,1,False,-1
8355,DOUBLE,1,0,1,False,-1
8356,DOUBLE,1,0,1,False,-1
8357,SINGLE,0,0,1,False,-1
8358,DOUBLE,1,0,1,False,-1
8359,SINGLE,0,0,1,False,-1
8360,SINGLE,0,0,1,False,-1
8361,SINGLE,0,0,1,False,-1
8362,DOUBLE,1,0,1,False,-1
8363,DOUBLE,1,0,1,False,-1
8365,SINGLE,0,0,1,False,-1
8366,SINGLE,0,0,1,False,-1
8367,SINGLE,0,0,1,False,-1
8368,SINGLE,0,0,1,False,-1
8369,SINGLE,0,0,1,False,-1
8370,SINGLE,0,0,1,False,-1
8371,SINGLE,0,0,1,False,-1
8372,DOUBLE,1,0,1,False,-1
8373,DOUBLE,1,0,1,False,-1
8374,DOUBLE,1,0,1,False,-1
8375,DOUBLE,1,0,1,False,-1
8376,DOUBLE,1,0,1,False,-1
8377,SINGLE,0,0,1,False,-1
8378,SINGLE,0,0,1,False,-1
8379,DOUBLE,1,0,1,False,-1
8380,SINGLE,0,0,1,False,-1
8381,DOUBLE,1,0,1,False,-1
8382,SINGLE,0,0,1,False,-1
8383,DOUBLE,1,0,1,False,-1
8384,DOUBLE,1,0,1,False,-1
8385,SINGLE,0,0,1,False,-1
8386,SINGLE,0,0,1,False,-1
8388,SINGLE,0,0,1,False,-1
8389,SINGLE,0,0,1,False,-1
8390,DOUBLE,1,0,1,False,-1
8391,SINGLE,0,0,1,False,-1
8392,DOUBLE,1,0,1,False,-1
8393,DOUBLE,1,0,1,False,-1
8394,SINGLE,0,0,1,False,-1
8395,DOUBLE,1,0,1,False,-1
8396,SINGLE,0,0,1,False,-1
8397,DOUBLE,1,0,1,False,-1
8399,DOUBLE,0,1,1,False,-1
8400,SINGLE,0,0,1,False,-1
8401,DOUBLE,1,0,1,False,-1
8402,SINGLE,0,0,1,False,-1
8403,SINGLE,0,0,1,False,-1
8404,DOUBLE,1,0,1,False,-1
8405,SINGLE,0,0,1,False,-1
8406,SINGLE,0,0,1,False,-1
8408,SINGLE,0,0,1,False,-1
8409,DOUBLE,1,0,1,False,-1
8410,DOUBLE,1,0,1,False,-1
8411,SINGLE,0,0,1,False,-1
8412,DOUBLE,1,0,1,False,-1
8414,DOUBLE,1,0,1,False,-1
8415,DOUBLE,1,0,1,False,-1
8416,DOUBLE,1,0,1,False,-1
8418,DOUBLE,1,0,1,False,-1
8419,SINGLE,0,0,1,False,-1
8420,DOUBLE,1,0,1,False,-1
8421,DOUBLE,1,0,1,False,-1
8422,SINGLE,0,0,1,False,-1
8423,DOUBLE,1,0,1,False,-1
8424,SINGLE,0,0,1,False,-1
8425,DOUBLE,1,0,1,False,-1
8426,SINGLE,0,0,1,False,-1
8427,SINGLE,0,0,1,False,-1
8428,DOUBLE,1,0,1,False,-1
8429,DOUBLE,1,0,1,False,-1
8430,SINGLE,0,0,1,False,-1
8431,DOUBLE,1,0,1,False,-1
8433,DOUBLE,1,0,1,False,-1
8434,DOUBLE,1,0,1,False,-1
8435,DOUBLE,1,0,1,False,-1
8436,DOUBLE,1,0,1,False,-1
8437,DOUBLE,1,0,1,False,-1
8438,DOUBLE,1,0,1,False,-1
8439,DOUBLE,1,0,1,False,-1
8440,SINGLE,0,0,1,False,-1
8441,SINGLE,0,0,1,False,-1
8442,DOUBLE,1,0,1,False,-1
8444,DOUBLE,1,0,1,False,-1
8445,SINGLE,0,0,1,False,-1
8446,DOUBLE,1,0,1,False,-1
8448,DOUBLE,1,0,1,False,-1
8449,DOUBLE,1,0,1,False,-1
8450,DOUBLE,1,0,1,False,-1
8451,DOUBLE,1,0,1,False,-1
8452,DOUBLE,1,0,1,False,-1
8453,DOUBLE,1,0,1,False,-1
8454,SINGLE,0,0,1,False,-1
8455,DOUBLE,1,0,1,False,-1
8456,DOUBLE,1,0,1,False,-1
8457,DOUBLE,1,0,1,False,-1
8458,DOUBLE,1,0,1,False,-1
8459,SINGLE,0,0,1,False,-1
8460,DOUBLE,1,0,1,False,-1
8462,DOUBLE,1,0,1,False,-1
8463,SINGLE,0,0,1,False,-1
8464,DOUBLE,1,0,1,False,-1
8465,SINGLE,0,0,1,False,-1
8466,DOUBLE,1,0,1,False,-1
8468,DOUBLE,1,0,1,False,-1
8469,DOUBLE,1,0,1,False,-1
8470,DOUBLE,1,0,1,False,-1
8471,DOUBLE,1,0,1,False,-1
8472,DOUBLE,1,0,1,False,-1
8473,DOUBLE,1,0,1,False,-1
8474,DOUBLE,1,0,1,False,-1
8475,SINGLE,0,0,1,False,-1
8477,DOUBLE,1,0,1,False,-1
8479,DOUBLE,1,0,1,False,-1
8480,DOUBLE,1,0,1,False,-1
8481,DOUBLE,1,0,1,False,-1
8482,SINGLE,0,0,1,False,-1
8483,DOUBLE,1,0,1,False,-1
8484,DOUBLE,1,0,1,False,-1
8485,DOUBLE,1,0,1,False,-1
8486,SINGLE,0,0,1,False,-1
8487,DOUBLE,1,0,1,False,-1
8489,DOUBLE,1,0,1,False,-1
8491,SINGLE,0,0,1,False,-1
8493,SINGLE,0,0,1,False,-1
8494,DOUBLE,1,0,1,False,-1
8496,DOUBLE,1,0,1,False,-1
8497,DOUBLE,1,0,1,False,-1
8498,DOUBLE,1,0,1,False,-1
8499,SINGLE,0,0,1,False,-1
8500,DOUBLE,1,0,1,False,-1
8501,SINGLE,0,0,1,False,-1
8502,SINGLE,0,0,1,False,-1
8503,DOUBLE,1,0,1,False,-1
8504,DOUBLE,1,0,1,False,-1
8505,SINGLE,0,0,1,False,-1
8506,DOUBLE,1,0,1,False,-1
8507,DOUBLE,1,0,1,False,-1
8508,SINGLE,0,0,1,False,-1
8510,SINGLE,0,0,1,False,-1
8511,SINGLE,0,0,1,False,-1
8512,DOUBLE,1,0,1,False,-1
8515,DOUBLE,1,0,1,False,-1
8516,SINGLE,0,0,1,False,-1
8517,DOUBLE,1,0,1,False,-1
8518,DOUBLE,1,0,1,False,-1
8519,DOUBLE,1,0,1,False,-1
8520,SINGLE,0,0,1,False,-1
8521,SINGLE,0,0,1,False,-1
8522,SINGLE,0,0,1,False,-1
8523,DOUBLE,1,0,1,False,-1
8524,DOUBLE,1,0,1,False,-1
8526,SINGLE,0,0,1,False,-1
8527,SINGLE,0,0,1,False,-1
8528,SINGLE,0,0,1,False,-1
8529,DOUBLE,1,0,1,False,-1
8530,SINGLE,0,0,1,False,-1
8531,DOUBLE,1,0,1,False,-1
8532,SINGLE,0,0,1,False,-1
8534,DOUBLE,1,0,1,False,-1
8535,SINGLE,0,0,1,False,-1
8536,DOUBLE,1,0,1,False,-1
8537,DOUBLE,1,0,1,False,-1
8538,SINGLE,0,0,1,False,-1
8539,DOUBLE,1,0,1,False,-1
8540,DOUBLE,1,0,1,False,-1
8542,SINGLE,0,0,1,False,-1
8543,DOUBLE,1,0,1,False,-1
8544,TRIPLE,1,1,1,False,-1
8545,SINGLE,0,0,1,False,-1
8546,SINGLE,0,0,1,False,-1
8547,DOUBLE,1,0,1,False,-1
8548,DOUBLE,1,0,1,False,-1
8549,SINGLE,0,0,1,False,-1
8550,SINGLE,0,0,1,False,-1
8551,DOUBLE,1,0,1,False,-1
8553,DOUBLE,1,0,1,False,-1
8554,SINGLE,0,0,1,False,-1
8555,SINGLE,0,0,1,False,-1
8558,DOUBLE,1,0,1,False,-1
8559,DOUBLE,1,0,1,False,-1
8560,DOUBLE,1,0,1,False,-1
8561,SINGLE,0,0,1,False,-1
8562,SINGLE,0,0,1,False,-1
8563,DOUBLE,1,0,1,False,-1
8565,DOUBLE,1,0,1,False,-1
8566,DOUBLE,1,0,1,False,-1
8567,DOUBLE,1,0,1,False,-1
8568,DOUBLE,1,0,1,False,-1
8569,SINGLE,0,0,1,False,-1
8570,DOUBLE,1,0,1,False,-1
8571,DOUBLE,1,0,1,False,-1
8572,DOUBLE,1,0,1,False,-1
8573,DOUBLE,1,0,1,False,-1
8574,DOUBLE,1,0,1,False,-1
8575,DOUBLE,1,0,1,False,-1
8576,DOUBLE,1,0,1,False,-1
8577,DOUBLE,1,0,1,False,-1
8578,DOUBLE,1,0,1,False,-1
8579,DOUBLE,1,0,1,False,-1
8580,SINGLE,0,0,1,False,-1
8581,DOUBLE,1,0,1,False,-1
8582,SINGLE,0,0,1,False,-1
8585,DOUBLE,1,0,1,False,-1
8586,SINGLE,0,0,1,False,-1
8587,SINGLE,0,0,1,False,-1
8588,SINGLE,0,0,1,False,-1
8591,SINGLE,0,0,1,False,-1
8592,DOUBLE,1,0,1,False,-1
8593,DOUBLE,1,0,1,False,-1
8594,DOUBLE,1,0,1,False,-1
8595,DOUBLE,1,0,1,False,-1
8596,SINGLE,0,0,1,False,-1
8597,DOUBLE,1,0,1,False,-1
8598,SINGLE,0,0,1,False,-1
8599,DOUBLE,1,0,1,False,-1
8600,SINGLE,0,0,1,False,-1
8601,DOUBLE,1,0,1,False,-1
8602,DOUBLE,1,0,1,False,-1
8603,DOUBLE,1,0,1,False,-1
8604,DOUBLE,1,0,1,False,-1
8605,DOUBLE,1,0,1,False,-1
8606,DOUBLE,1,0,1,False,-1
8607,DOUBLE,1,0,1,False,-1
8608,DOUBLE,1,0,1,False,-1
8609,DOUBLE,1,0,1,False,-1
8610,DOUBLE,1,0,1,False,-1
8611,DOUBLE,1,0,1,False,-1
8612,DOUBLE,1,0,1,False,-1
8613,SINGLE,0,0,1,False,-1
8614,DOUBLE,1,0,1,False,-1
8615,DOUBLE,1,0,1,False,-1
8616,DOUBLE,1,0,1,False,-1
8617,DOUBLE,1,0,1,False,-1
8618,DOUBLE,1,0,1,False,-1
8619,DOUBLE,1,0,1,False,-1
8620,DOUBLE,1,0,1,False,-1
8621,DOUBLE,1,0,1,False,-1
8622,DOUBLE,1,0,1,False,-1
8623,SINGLE,0,0,1,False,-1
8625,SINGLE,0,0,1,False,-1
8626,SINGLE,0,0,1,False,-1
8627,SINGLE,0,0,1,False,-1
8628,DOUBLE,1,0,1,False,-1
8629,DOUBLE,1,0,1,False,-1
8630,DOUBLE,1,0,1,False,-1
8631,DOUBLE,1,0,1,False,-1
8632,SINGLE,0,0,1,False,-1
8634,SINGLE,0,0,1,False,-1
8635,SINGLE,0,0,1,False,-1
8636,DOUBLE,1,0,1,False,-1
8637,DOUBLE,1,0,1,False,-1
8638,DOUBLE,1,0,1,False,-1
8639,SINGLE,0,0,1,False,-1
8640,DOUBLE,1,0,1,False,-1
8641,DOUBLE,1,0,1,False,-1
8643,SINGLE,0,0,1,False,-1
8644,DOUBLE,1,0,1,False,-1
8645,DOUBLE,1,0,1,False,-1
8646,SINGLE,0,0,1,False,-1
8647,SINGLE,0,0,1,False,-1
8648,SINGLE,0,0,1,False,-1
8649,DOUBLE,1,0,1,False,-1
8650,SINGLE,0,0,1,False,-1
8651,SINGLE,0,0,1,False,-1
8652,DOUBLE,1,0,1,False,-1
8653,SINGLE,0,0,1,False,-1
8654,DOUBLE,1,0,1,False,-1
8656,SINGLE,0,0,1,False,-1
8657,DOUBLE,1,0,1,False,-1
8658,DOUBLE,1,0,1,False,-1
8659,DOUBLE,1,0,1,False,-1
8660,SINGLE,0,0,1,False,-1
8661,SINGLE,0,0,1,False,-1
8662,DOUBLE,1,0,1,False,-1
8663,SINGLE,0,0,1,False,-1
8664,DOUBLE,1,0,1,False,-1
8665,DOUBLE,1,0,1,False,-1
8666,DOUBLE,1,0,1,False,-1
8667,DOUBLE,1,0,1,False,-1
8668,DOUBLE,1,0,1,False,-1
8669,DOUBLE,1,0,1,False,-1
8670,SINGLE,0,0,1,False,-1
8671,DOUBLE,1,0,1,False,-1
8672,SINGLE,0,0,1,False,-1
8673,SINGLE,0,0,1,False,-1
8674,SINGLE,0,0,1,False,-1
8675,DOUBLE,1,0,1,False,-1
8676,DOUBLE,1,0,1,False,-1
8677,DOUBLE,1,0,1,False,-1
8680,DOUBLE,1,0,1,False,-1
8681,DOUBLE,1,0,1,False,-1
8683,DOUBLE,1,0,1,False,-1
8684,DOUBLE,1,0,1,False,-1
8685,DOUBLE,1,0,1,False,-1
8686,DOUBLE,1,0,1,False,-1
8687,DOUBLE,1,0,1,False,-1
8688,DOUBLE,1,0,1,False,-1
8689,DOUBLE,1,0,1,False,-1
8690,DOUBLE,1,0,1,False,-1
8691,DOUBLE,1,0,1,False,-1
8692,SINGLE,0,0,1,False,-1
8693,SINGLE,0,0,1,False,-1
8694,DOUBLE,1,0,1,False,-1
8695,SINGLE,0,0,1,False,-1
8696,DOUBLE,1,0,1,False,-1
8697,DOUBLE,1,0,1,False,-1
8698,DOUBLE,1,0,1,False,-1
8699,SINGLE,0,0,1,False,-1
8700,DOUBLE,1,0,1,False,-1
8702,SINGLE,0,0,1,False,-1
8703,DOUBLE,1,0,1,False,-1
8705,DOUBLE,1,0,1,False,-1
8706,DOUBLE,1,0,1,False,-1
8708,DOUBLE,1,0,1,False,-1
8709,DOUBLE,1,0,1,False,-1
8710,DOUBLE,1,0,1,False,-1
8711,DOUBLE,1,0,1,False,-1
8712,DOUBLE,1,0,1,False,-1
8713,DOUBLE,1,0,1,False,-1
8714,DOUBLE,1,0,1,False,-1
8715,DOUBLE,1,0,1,False,-1
8716,SINGLE,0,0,1,False,-1
8717,SINGLE,0,0,1,False,-1
8718,DOUBLE,1,0,1,False,-1
8719,SINGLE,0,0,1,False,-1
8721,SINGLE,0,0,1,False,-1
8722,DOUBLE,1,0,1,False,-1
8723,SINGLE,0,0,1,False,-1
8724,SINGLE,0,0,1,False,-1
8725,DOUBLE,1,0,1,False,-1
8726,DOUBLE,1,0,1,False,-1
8727,SINGLE,0,0,1,False,-1
8728,SINGLE,0,0,1,False,-1
8729,DOUBLE,1,0,1,False,-1
8730,DOUBLE,1,0,1,False,-1
8731,DOUBLE,1,0,1,False,-1
8732,DOUBLE,1,0,1,False,-1
8734,DOUBLE,1,0,1,False,-1
8735,SINGLE,0,0,1,False,-1
8736,DOUBLE,1,0,1,False,-1
8738,SINGLE,0,0,1,False,-1
8739,SINGLE,0,0,1,False,-1
8740,DOUBLE,1,0,1,False,-1
8741,DOUBLE,1,0,1,False,-1
8742,SINGLE,0,0,1,False,-1
8743,DOUBLE,1,0,1,False,-1
8744,SINGLE,0,0,1,False,-1
8745,DOUBLE,1,0,1,False,-1
8748,DOUBLE,1,0,1,False,-1
8749,SINGLE,0,0,1,False,-1
8750,SINGLE,0,0,1,False,-1
8751,DOUBLE,1,0,1,False,-1
8752,DOUBLE,1,0,1,False,-1
8753,SINGLE,0,0,1,False,-1
8754,DOUBLE,1,0,1,False,-1
8755,SINGLE,0,0,1,False,-1
8756,SINGLE,0,0,1,False,-1
8757,DOUBLE,1,0,1,False,-1
8758,DOUBLE,1,0,1,False,-1
8759,DOUBLE,1,0,1,False,-1
8760,SINGLE,0,0,1,False,-1
8761,SINGLE,0,0,1,False,-1
8762,DOUBLE,1,0,1,False,-1
8763,SINGLE,0,0,1,False,-1
8764,SINGLE,0,0,1,False,-1
8765,SINGLE,0,0,1,False,-1
8766,DOUBLE,1,0,1,False,-1
8767,DOUBLE,1,0,1,False,-1
8768,DOUBLE,1,0,1,False,-1
8770,SINGLE,0,0,1,False,-1
8771,TRIPLE,1,1,1,False,-1
8773,DOUBLE,1,0,1,False,-1
8774,SINGLE,0,0,1,False,-1
8775,SINGLE,0,0,1,False,-1
8776,DOUBLE,1,0,1,False,-1
8777,DOUBLE,1,0,1,False,-1
8778,DOUBLE,1,0,1,False,-1
8779,DOUBLE,1,0,1,False,-1
8781,SINGLE,0,0,1,False,-1
8782,DOUBLE,1,0,1,False,-1
8783,SINGLE,0,0,1,False,-1
8784,SINGLE,0,0,1,False,-1
8785,DOUBLE,1,0,1,False,-1
8786,DOUBLE,1,0,1,False,-1
8787,SINGLE,0,0,1,False,-1
8789,DOUBLE,1,0,1,False,-1
8790,TRIPLE,1,1,1,False,-1
8791,SINGLE,0,0,1,False,-1
8792,SINGLE,0,0,1,False,-1
8793,DOUBLE,1,0,1,False,-1
8794,DOUBLE,0,1,1,False,-1
8795,DOUBLE,1,0,1,False,-1
8797,SINGLE,0,0,1,False,-1
8798,SINGLE,0,0,1,False,-1
8799,DOUBLE,1,0,1,False,-1
8800,SINGLE,0,0,1,False,-1
8801,SINGLE,0,0,1,False,-1
8802,DOUBLE,1,0,1,False,-1
8803,DOUBLE,1,0,1,False,-1
8804,DOUBLE,1,0,1,False,-1
8805,DOUBLE,1,0,1,False,-1
8806,SINGLE,0,0,1,False,-1
8807,DOUBLE,1,0,1,False,-1
8808,SINGLE,0,0,1,False,-1
8809,DOUBLE,1,0,1,False,-1
8810,DOUBLE,1,0,1,False,-1
8811,DOUBLE,1,0,1,False,-1
8812,SINGLE,0,0,1,False,-1
8813,SINGLE,0,0,1,False,-1
8814,SINGLE,0,0,1,False,-1
8816,SINGLE,0,0,1,False,-1
8817,DOUBLE,1,0,1,False,-1
8818,SINGLE,0,0,1,False,-1
8819,SINGLE,0,0,1,False,-1
8820,SINGLE,0,0,1,False,-1
8821,DOUBLE,1,0,1,False,-1
8822,DOUBLE,1,0,1,False,-1
8823,DOUBLE,1,0,1,False,-1
8824,DOUBLE,1,0,1,False,-1
8825,DOUBLE,1,0,1,False,-1
8827,SINGLE,0,0,1,False,-1
8828,DOUBLE,1,0,1,False,-1
8829,DOUBLE,1,0,1,False,-1
8830,SINGLE,0,0,1,False,-1
8831,DOUBLE,1,0,1,False,-1
8832,TRIPLE,1,1,1,False,-1
8833,DOUBLE,1,0,1,False,-1
8834,DOUBLE,1,0,1,False,-1
8835,SINGLE,0,0,1,False,-1
8836,DOUBLE,1,0,1,False,-1
8838,SINGLE,0,0,1,False,-1
8839,SINGLE,0,0,1,False,-1
8840,SINGLE,0,0,1,False,-1
8841,DOUBLE,1,0,1,False,-1
8842,DOUBLE,1,0,1,False,-1
8843,SINGLE,0,0,1,False,-1
8844,DOUBLE,1,0,1,False,-1
8845,SINGLE,0,0,1,False,-1
8846,DOUBLE,1,0,1,False,-1
8847,DOUBLE,1,0,1,False,-1
8848,SINGLE,0,0,1,False,-1
8849,DOUBLE,1,0,1,False,-1
8850,SINGLE,0,0,1,False,-1
8851,DOUBLE,1,0,1,False,-1
8853,DOUBLE,1,0,1,False,-1
8854,DOUBLE,1,0,1,False,-1
8856,DOUBLE,1,0,1,False,-1
8858,DOUBLE,1,0,1,False,-1
8859,SINGLE,0,0,1,False,-1
8860,DOUBLE,1,0,1,False,-1
8861,SINGLE,0,0,1,False,-1
8862,DOUBLE,1,0,1,False,-1
8864,DOUBLE,1,0,1,False,-1
8865,SINGLE,0,0,1,False,-1
8866,SINGLE,0,0,1,False,-1
8867,SINGLE,0,0,1,False,-1
8868,SINGLE,0,0,1,False,-1
8870,SINGLE,0,0,1,False,-1
8871,DOUBLE,1,0,1,False,-1
8872,SINGLE,0,0,1,False,-1
8873,SINGLE,0,0,1,False,-1
8874,DOUBLE,1,0,1,False,-1
8875,DOUBLE,1,0,1,False,-1
8876,DOUBLE,1,0,1,False,-1
8877,DOUBLE,1,0,1,False,-1
8878,DOUBLE,1,0,1,False,-1
8879,SINGLE,0,0,1,False,-1
8880,SINGLE,0,0,1,False,-1
8881,SINGLE,0,0,1,False,-1
8882,DOUBLE,1,0,1,False,-1
8883,SINGLE,0,0,1,False,-1
8884,DOUBLE,1,0,1,False,-1
8886,SINGLE,0,0,1,False,-1
8887,DOUBLE,1,0,1,False,-1
8888,SINGLE,0,0,1,False,-1
8889,SINGLE,0,0,1,False,-1
8890,SINGLE,0,0,1,False,-1
8891,DOUBLE,1,0,1,False,-1
8892,DOUBLE,1,0,1,False,-1
8894,DOUBLE,1,0,1,False,-1
8895,SINGLE,0,0,1,False,-1
8896,DOUBLE,1,0,1,False,-1
8897,DOUBLE,1,0,1,False,-1
8898,SINGLE,0,0,1,False,-1
8899,DOUBLE,1,0,1,False,-1
8900,DOUBLE,1,0,1,False,-1
8901,SINGLE,0,0,1,False,-1
8902,DOUBLE,1,0,1,False,-1
8903,DOUBLE,1,0,1,False,-1
8904,SINGLE,0,0,1,False,-1
8905,DOUBLE,1,0,1,False,-1
8907,DOUBLE,1,0,1,False,-1
8908,DOUBLE,1,0,1,False,-1
8909,DOUBLE,1,0,1,False,-1
8910,DOUBLE,1,0,1,False,-1
8911,SINGLE,0,0,1,False,-1
8912,SINGLE,0,0,1,False,-1
8913,SINGLE,0,0,1,False,-1
8914,DOUBLE,1,0,1,False,-1
8915,DOUBLE,1,0,1,False,-1
8916,SINGLE,0,0,1,False,-1
8917,DOUBLE,1,0,1,False,-1
8918,DOUBLE,1,0,1,False,-1
8919,DOUBLE,1,0,1,False,-1
8920,DOUBLE,1,0,1,False,-1
8921,DOUBLE,1,0,1,False,-1
8922,DOUBLE,1,0,1,False,-1
8923,DOUBLE,1,0,1,False,-1
8924,DOUBLE,1,0,1,False,-1
8925,SINGLE,0,0,1,False,-1
8926,SINGLE,0,0,1,False,-1
8927,SINGLE,0,0,1,False,-1
8928,DOUBLE,1,0,1,False,-1
8929,DOUBLE,1,0,1,False,-1
8930,SINGLE,0,0,1,False,-1
8931,SINGLE,0,0,1,False,-1
8932,DOUBLE,1,0,1,False,-1
8933,DOUBLE,1,0,1,False,-1
8934,SINGLE,0,0,1,False,-1
8935,SINGLE,0,0,1,False,-1
8936,DOUBLE,1,0,1,False,-1
8937,SINGLE,0,0,1,False,-1
8938,DOUBLE,1,0,1,False,-1
8939,DOUBLE,1,0,1,False,-1
8940,DOUBLE,1,0,1,False,-1
8942,SINGLE,0,0,1,False,-1
8943,DOUBLE,1,0,1,False,-1
8944,SINGLE,0,0,1,False,-1
8945,DOUBLE,1,0,1,False,-1
8946,SINGLE,0,0,1,False,-1
8947,SINGLE,0,0,1,False,-1
8948,DOUBLE,1,0,1,False,-1
8949,DOUBLE,1,0,1,False,-1
8950,DOUBLE,1,0,1,False,-1
8951,DOUBLE,1,0,1,False,-1
8952,SINGLE,0,0,1,False,-1
8953,DOUBLE,1,0,1,False,-1
8954,DOUBLE,1,0,1,False,-1
8955,DOUBLE,1,0,1,False,-1
8956,SINGLE,0,0,1,False,-1
8957,DOUBLE,1,0,1,False,-1
8958,DOUBLE,1,0,1,False,-1
8959,SINGLE,0,0,1,False,-1
8961,DOUBLE,1,0,1,False,-1
8962,SINGLE,0,0,1,False,-1
8963,TRIPLE,1,1,1,False,-1
8964,SINGLE,0,0,1,False,-1
8965,DOUBLE,1,0,1,False,-1
8966,SINGLE,0,0,1,False,-1
8967,SINGLE,0,0,1,False,-1
8968,SINGLE,0,0,1,False,-1
8970,DOUBLE,1,0,1,False,-1
8971,SINGLE,0,0,1,False,-1
8972,DOUBLE,1,0,1,False,-1
8973,SINGLE,0,0,1,False,-1
8974,SINGLE,0,0,1,False,-1
8975,DOUBLE,1,0,1,False,-1
8976,SINGLE,0,0,1,False,-1
8977,SINGLE,0,0,1,False,-1
8978,SINGLE,0,0,1,False,-1
8979,DOUBLE,1,0,1,False,-1
8980,DOUBLE,1,0,1,False,-1
8981,SINGLE,0,0,1,False,-1
8983,DOUBLE,1,0,1,False,-1
8985,DOUBLE,1,0,1,False,-1
8986,DOUBLE,1,0,1,False,-1
8987,DOUBLE,1,0,1,False,-1
8988,DOUBLE,1,0,1,False,-1
8990,SINGLE,0,0,1,False,-1
8991,DOUBLE,1,0,1,False,-1
8992,DOUBLE,1,0,1,False,-1
8993,DOUBLE,1,0,1,False,-1
8994,SINGLE,0,0,1,False,-1
8995,SINGLE,0,0,1,False,-1
8996,DOUBLE,1,0,1,False,-1
8997,DOUBLE,1,0,1,False,-1
8998,SINGLE,0,0,1,False,-1
8999,DOUBLE,1,0,1,False,-1
9000,SINGLE,0,0,1,False,-1
9001,DOUBLE,1,0,1,False,-1
9002,DOUBLE,1,0,1,False,-1
9003,DOUBLE,1,0,1,False,-1
9004,DOUBLE,1,0,1,False,-1
9006,DOUBLE,1,0,1,False,-1
9007,SINGLE,0,0,1,False,-1
9008,DOUBLE,1,0,1,False,-1
9009,DOUBLE,1,0,1,False,-1
9010,DOUBLE,1,0,1,False,-1
9011,DOUBLE,1,0,1,False,-1
9012,DOUBLE,1,0,1,False,-1
9013,SINGLE,0,0,1,False,-1
9014,DOUBLE,1,0,1,False,-1
9015,DOUBLE,1,0,1,False,-1
9016,DOUBLE,1,0,1,False,-1
9018,DOUBLE,1,0,1,False,-1
9019,SINGLE,0,0,1,False,-1
9020,SINGLE,0,0,1,False,-1
9021,DOUBLE,1,0,1,False,-1
9022,DOUBLE,1,0,1,False,-1
9023,DOUBLE,1,0,1,False,-1
9024,SINGLE,0,0,1,False,-1
9025,DOUBLE,1,0,1,False,-1
9027,DOUBLE,1,0,1,False,-1
9028,SINGLE,0,0,1,False,-1
9029,SINGLE,0,0,1,False,-1
9030,SINGLE,0,0,1,False,-1
9031,SINGLE,0,0,1,False,-1
9032,DOUBLE,1,0,1,False,-1
9033,DOUBLE,1,0,1,False,-1
9034,DOUBLE,0,1,1,False,-1
9035,DOUBLE,1,0,1,False,-1
9036,DOUBLE,1,0,1,False,-1
9037,SINGLE,0,0,1,False,-1
9038,SINGLE,0,0,1,False,-1
9039,SINGLE,0,0,1,False,-1
9040,SINGLE,0,0,1,False,-1
9041,DOUBLE,1,0,1,False,-1
9042,SINGLE,0,0,1,False,-1
9043,SINGLE,0,0,1,False,-1
9044,SINGLE,0,0,1,False,-1
9045,DOUBLE,1,0,1,False,-1
9047,DOUBLE,1,0,1,False,-1
9048,DOUBLE,1,0,1,False,-1
9049,DOUBLE,1,0,1,False,-1
9050,DOUBLE,1,0,1,False,-1
9051,DOUBLE,1,0,1,False,-1
9053,SINGLE,0,0,1,False,-1
9054,SINGLE,0,0,1,False,-1
9056,SINGLE,0,0,1,False,-1
9057,DOUBLE,1,0,1,False,-1
9058,SINGLE,0,0,1,False,-1
9059,DOUBLE,1,0,1,False,-1
9060,DOUBLE,1,0,1,False,-1
9062,DOUBLE,1,0,1,False,-1
9063,DOUBLE,1,0,1,False,-1
9064,DOUBLE,1,0,1,False,-1
9066,DOUBLE,1,0,1,False,-1
9067,SINGLE,0,0,1,False,-1
9068,SINGLE,0,0,1,False,-1
9069,DOUBLE,1,0,1,False,-1
9070,DOUBLE,1,0,1,False,-1
9071,DOUBLE,1,0,1,False,-1
9072,DOUBLE,1,0,1,False,-1
9073,DOUBLE,1,0,1,False,-1
9074,DOUBLE,1,0,1,False,-1
9075,DOUBLE,1,0,1,False,-1
9076,DOUBLE,1,0,1,False,-1
9078,SINGLE,0,0,1,False,-1
9080,DOUBLE,1,0,1,False,-1
9081,DOUBLE,1,0,1,False,-1
9082,DOUBLE,1,0,1,False,-1
9083,SINGLE,0,0,1,False,-1
9084,SINGLE,0,0,1,False,-1
9085,SINGLE,0,0,1,False,-1
9086,DOUBLE,1,0,1,False,-1
9088,DOUBLE,1,0,1,False,-1
9089,DOUBLE,1,0,1,False,-1
9090,SINGLE,0,0,1,False,-1
9091,DOUBLE,1,0,1,False,-1
9092,SINGLE,0,0,1,False,-1
9093,SINGLE,0,0,1,False,-1
9094,DOUBLE,1,0,1,False,-1
9095,DOUBLE,1,0,1,False,-1
9097,SINGLE,0,0,1,False,-1
9098,DOUBLE,1,0,1,False,-1
9099,SINGLE,0,0,1,False,-1
9100,DOUBLE,1,0,1,False,-1
9102,DOUBLE,1,0,1,False,-1
9104,DOUBLE,1,0,1,False,-1
9105,SINGLE,0,0,1,False,-1
9106,DOUBLE,1,0,1,False,-1
9107,DOUBLE,1,0,1,False,-1
9108,SINGLE,0,0,1,False,-1
9109,SINGLE,0,0,1,False,-1
9110,DOUBLE,1,0,1,False,-1
9111,SINGLE,0,0,1,False,-1
9113,DOUBLE,1,0,1,False,-1
9114,DOUBLE,1,0,1,False,-1
9115,DOUBLE,1,0,1,False,-1
9117,SINGLE,0,0,1,False,-1
9118,DOUBLE,1,0,1,False,-1
9119,DOUBLE,1,0,1,False,-1
9120,DOUBLE,1,0,1,False,-1
9121,DOUBLE,1,0,1,False,-1
9122,SINGLE,0,0,1,False,-1
9123,DOUBLE,1,0,1,False,-1
9124,DOUBLE,1,0,1,False,-1
9125,DOUBLE,1,0,1,False,-1
9126,DOUBLE,1,0,1,False,-1
9127,DOUBLE,1,0,1,False,-1
9128,DOUBLE,1,0,1,False,-1
9129,SINGLE,0,0,1,False,-1
9130,DOUBLE,1,0,1,False,-1
9131,SINGLE,0,0,1,False,-1
9132,SINGLE,0,0,1,False,-1
9133,DOUBLE,1,0,1,False,-1
9134,SINGLE,0,0,1,False,-1
9135,DOUBLE,1,0,1,False,-1
9136,SINGLE,0,0,1,False,-1
9138,SINGLE,0,0,1,False,-1
9139,SINGLE,0,0,1,False,-1
9140,SINGLE,0,0,1,False,-1
9141,DOUBLE,1,0,1,False,-1
9142,DOUBLE,1,0,1,False,-1
9143,DOUBLE,1,0,1,False,-1
9145,SINGLE,0,0,1,False,-1
9146,SINGLE,0,0,1,False,-1
9147,DOUBLE,1,0,1,False,-1
9148,SINGLE,0,0,1,False,-1
9149,DOUBLE,1,0,1,False,-1
9150,DOUBLE,1,0,1,False,-1
9151,DOUBLE,0,1,1,False,-1
9152,SINGLE,0,0,1,False,-1
9153,DOUBLE,1,0,1,False,-1
9154,DOUBLE,1,0,1,False,-1
9155,DOUBLE,1,0,1,False,-1
9156,DOUBLE,1,0,1,False,-1
9157,SINGLE,0,0,1,False,-1
9158,SINGLE,0,0,1,False,-1
9159,DOUBLE,1,0,1,False,-1
9160,DOUBLE,1,0,1,False,-1
9161,SINGLE,0,0,1,False,-1
9162,DOUBLE,1,0,1,False,-1
9163,SINGLE,0,0,1,False,-1
9164,SINGLE,0,0,1,False,-1
9165,SINGLE,0,0,1,False,-1
9167,SINGLE,0,0,1,False,-1
9168,DOUBLE,1,0,1,False,-1
9169,DOUBLE,1,0,1,False,-1
9170,DOUBLE,1,0,1,False,-1
9171,DOUBLE,1,0,1,False,-1
9172,DOUBLE,1,0,1,False,-1
9173,SINGLE,0,0,1,False,-1
9174,DOUBLE,1,0,1,False,-1
9175,SINGLE,0,0,1,False,-1
9176,DOUBLE,1,0,1,False,-1
9177,DOUBLE,1,0,1,False,-1
9178,DOUBLE,1,0,1,False,-1
9179,SINGLE,0,0,1,False,-1
9180,DOUBLE,0,1,1,False,-1
9181,DOUBLE,1,0,1,False,-1
9182,DOUBLE,1,0,1,False,-1
9183,DOUBLE,1,0,1,False,-1
9184,DOUBLE,1,0,1,False,-1
9185,DOUBLE,1,0,1,False,-1
9186,DOUBLE,1,0,1,False,-1
9187,DOUBLE,1,0,1,False,-1
9188,SINGLE,0,0,1,False,-1
9189,SINGLE,0,0,1,False,-1
9190,DOUBLE,1,0,1,False,-1
9191,SINGLE,0,0,1,False,-1
9192,SINGLE,0,0,1,False,-1
9194,SINGLE,0,0,1,False,-1
9195,SINGLE,0,0,1,False,-1
9196,DOUBLE,1,0,1,False,-1
9197,SINGLE,0,0,1,False,-1
9199,DOUBLE,1,0,1,False,-1
9200,DOUBLE,1,0,1,False,-1
9201,SINGLE,0,0,1,False,-1
9202,SINGLE,0,0,1,False,-1
9203,DOUBLE,1,0,1,False,-1
9204,DOUBLE,0,1,1,False,-1
9205,SINGLE,0,0,1,False,-1
9206,DOUBLE,1,0,1,False,-1
9207,DOUBLE,1,0,1,False,-1
9208,DOUBLE,1,0,1,False,-1
9209,DOUBLE,1,0,1,False,-1
9210,SINGLE,0,0,1,False,-1
9211,SINGLE,0,0,1,False,-1
9212,DOUBLE,1,0,1,False,-1
9214,DOUBLE,1,0,1,False,-1
9215,DOUBLE,1,0,1,False,-1
9216,SINGLE,0,0,1,False,-1
9217,SINGLE,0,0,1,False,-1
9218,SINGLE,0,0,1,False,-1
9219,DOUBLE,1,0,1,False,-1
9220,DOUBLE,1,0,1,False,-1
9221,SINGLE,0,0,1,False,-1
9223,DOUBLE,1,0,1,False,-1
9224,DOUBLE,1,0,1,False,-1
9226,SINGLE,0,0,1,False,-1
9227,SINGLE,0,0,1,False,-1
9228,DOUBLE,1,0,1,False,-1
9229,DOUBLE,1,0,1,False,-1
9230,DOUBLE,1,0,1,False,-1
9231,DOUBLE,1,0,1,False,-1
9232,SINGLE,0,0,1,False,-1
9233,SINGLE,0,0,1,False,-1
9234,DOUBLE,1,0,1,False,-1
9235,SINGLE,0,0,1,False,-1
9236,TRIPLE,1,1,1,False,-1
9237,DOUBLE,1,0,1,False,-1
9238,DOUBLE,1,0,1,False,-1
9239,SINGLE,0,0,1,False,-1
9240,SINGLE,0,0,1,False,-1
9241,DOUBLE,1,0,1,False,-1
9242,DOUBLE,1,0,1,False,-1
9243,SINGLE,0,0,1,False,-1
9244,DOUBLE,1,0,1,False,-1
9245,DOUBLE,1,0,1,False,-1
9246,DOUBLE,1,0,1,False,-1
9247,DOUBLE,1,0,1,False,-1
9248,DOUBLE,1,0,1,False,-1
9249,SINGLE,0,0,1,False,-1
9251,SINGLE,0,0,1,False,-1
9252,DOUBLE,1,0,1,False,-1
9253,DOUBLE,1,0,1,False,-1
9254,SINGLE,0,0,1,False,-1
9255,SINGLE,0,0,1,False,-1
9257,SINGLE,0,0,1,False,-1
9258,SINGLE,0,0,1,False,-1
9259,SINGLE,0,0,1,False,-1
9260,DOUBLE,1,0,1,False,-1
9261,DOUBLE,1,0,1,False,-1
9262,DOUBLE,1,0,1,False,-1
9263,SINGLE,0,0,1,False,-1
9264,SINGLE,0,0,1,False,-1
9266,SINGLE,0,0,1,False,-1
9267,DOUBLE,1,0,1,False,-1
9268,SINGLE,0,0,1,False,-1
9269,SINGLE,0,0,1,False,-1
9270,SINGLE,0,0,1,False,-1
9271,DOUBLE,1,0,1,False,-1
9272,DOUBLE,1,0,1,False,-1
9273,DOUBLE,1,0,1,False,-1
9274,DOUBLE,1,0,1,False,-1
9275,SINGLE,0,0,1,False,-1
9276,DOUBLE,1,0,1,False,-1
9277,DOUBLE,1,0,1,False,-1
9278,DOUBLE,1,0,1,False,-1
9279,DOUBLE,1,0,1,False,-1
9280,SINGLE,0,0,1,False,-1
9281,DOUBLE,1,0,1,False,-1
9282,SINGLE,0,0,1,False,-1
9284,SINGLE,0,0,1,False,-1
9285,DOUBLE,1,0,1,False,-1
9286,DOUBLE,1,0,1,False,-1
9287,DOUBLE,1,0,1,False,-1
9288,DOUBLE,1,0,1,False,-1
9289,DOUBLE,1,0,1,False,-1
9290,DOUBLE,1,0,1,False,-1
9291,DOUBLE,1,0,1,False,-1
9292,SINGLE,0,0,1,False,-1
9293,SINGLE,0,0,1,False,-1
9294,DOUBLE,1,0,1,False,-1
9295,DOUBLE,1,0,1,False,-1
9296,DOUBLE,1,0,1,False,-1
9297,DOUBLE,1,0,1,False,-1
9298,DOUBLE,1,0,1,False,-1
9299,SINGLE,0,0,1,False,-1
9300,SINGLE,0,0,1,False,-1
9301,SINGLE,0,0,1,False,-1
9302,DOUBLE,1,0,1,False,-1
9303,SINGLE,0,0,1,False,-1
9304,DOUBLE,1,0,1,False,-1
9305,DOUBLE,1,0,1,False,-1
9306,DOUBLE,1,0,1,False,-1
9308,SINGLE,0,0,1,False,-1
9309,DOUBLE,1,0,1,False,-1
9310,SINGLE,0,0,1,False,-1
9311,SINGLE,0,0,1,False,-1
9312,DOUBLE,1,0,1,False,-1
9313,DOUBLE,1,0,1,False,-1
9316,SINGLE,0,0,1,False,-1
9317,DOUBLE,1,0,1,False,-1
9318,DOUBLE,1,0,1,False,-1
9319,DOUBLE,1,0,1,False,-1
9320,DOUBLE,1,0,1,False,-1
9321,DOUBLE,1,0,1,False,-1
9322,SINGLE,0,0,1,False,-1
9323,SINGLE,0,0,1,False,-1
9324,SINGLE,0,0,1,False,-1
9325,DOUBLE,1,0,1,False,-1
9326,DOUBLE,1,0,1,False,-1
9327,SINGLE,0,0,1,False,-1
9328,SINGLE,0,0,1,False,-1
9329,SINGLE,0,0,1,False,-1
9330,DOUBLE,1,0,1,False,-1
9332,DOUBLE,1,0,1,False,-1
9333,SINGLE,0,0,1,False,-1
9334,DOUBLE,1,0,1,False,-1
9335,SINGLE,0,0,1,False,-1
9336,SINGLE,0,0,1,False,-1
9337,SINGLE,0,0,1,False,-1
9338,DOUBLE,1,0,1,False,-1
9340,DOUBLE,1,0,1,False,-1
9341,DOUBLE,1,0,1,False,-1
9342,SINGLE,0,0,1,False,-1
9344,DOUBLE,1,0,1,False,-1
9345,DOUBLE,1,0,1,False,-1
9346,SINGLE,0,0,1,False,-1
9347,SINGLE,0,0,1,False,-1
9349,SINGLE,0,0,1,False,-1
9352,DOUBLE,1,0,1,False,-1
9354,SINGLE,0,0,1,False,-1
9356,DOUBLE,1,0,1,False,-1
9357,SINGLE,0,0,1,False,-1
9358,DOUBLE,1,0,1,False,-1
9359,SINGLE,0,0,1,False,-1
9360,SINGLE,0,0,1,False,-1
9361,SINGLE,0,0,1,False,-1
9362,SINGLE,0,0,1,False,-1
9363,DOUBLE,1,0,1,False,-1
9364,DOUBLE,1,0,1,False,-1
9365,SINGLE,0,0,1,False,-1
9366,SINGLE,0,0,1,False,-1
9367,DOUBLE,1,0,1,False,-1
9368,DOUBLE,1,0,1,False,-1
9369,DOUBLE,1,0,1,False,-1
9370,DOUBLE,1,0,1,False,-1
9371,DOUBLE,1,0,1,False,-1
9372,DOUBLE,1,0,1,False,-1
9373,SINGLE,0,0,1,False,-1
9374,DOUBLE,1,0,1,False,-1
9375,DOUBLE,1,0,1,False,-1
9377,DOUBLE,1,0,1,False,-1
9378,SINGLE,0,0,1,False,-1
9379,DOUBLE,1,0,1,False,-1
9380,DOUBLE,1,0,1,False,-1
9381,SINGLE,0,0,1,False,-1
9382,DOUBLE,1,0,1,False,-1
9383,SINGLE,0,0,1,False,-1
9384,DOUBLE,1,0,1,False,-1
9385,DOUBLE,1,0,1,False,-1
9386,DOUBLE,1,0,1,False,-1
9387,SINGLE,0,0,1,False,-1
9388,DOUBLE,1,0,1,False,-1
9389,SINGLE,0,0,1,False,-1
9390,DOUBLE,1,0,1,False,-1
9391,DOUBLE,1,0,1,False,-1
9392,DOUBLE,1,0,1,False,-1
9393,SINGLE,0,0,1,False,-1
9395,SINGLE,0,0,1,False,-1
9396,DOUBLE,1,0,1,False,-1
9397,SINGLE,0,0,1,False,-1
9398,DOUBLE,1,0,1,False,-1
9399,DOUBLE,1,0,1,False,-1
9400,DOUBLE,1,0,1,False,-1
9401,SINGLE,0,0,1,False,-1
9402,DOUBLE,1,0,1,False,-1
9403,SINGLE,0,0,1,False,-1
9404,DOUBLE,1,0,1,False,-1
9405,SINGLE,0,0,1,False,-1
9406,SINGLE,0,0,1,False,-1
9407,DOUBLE,1,0,1,False,-1
9408,SINGLE,0,0,1,False,-1
9409,SINGLE,0,0,1,False,-1
9410,DOUBLE,1,0,1,False,-1
9411,DOUBLE,1,0,1,False,-1
9412,SINGLE,0,0,1,False,-1
9413,DOUBLE,1,0,1,False,-1
9414,DOUBLE,1,0,1,False,-1
9416,DOUBLE,1,0,1,False,-1
9417,DOUBLE,1,0,1,False,-1
9418,DOUBLE,1,0,1,False,-1
9419,DOUBLE,1,0,1,False,-1
9420,DOUBLE,1,0,1,False,-1
9421,SINGLE,0,0,1,False,-1
9422,SINGLE,0,0,1,False,-1
9424,DOUBLE,1,0,1,False,-1
9426,DOUBLE,1,0,1,False,-1
9428,SINGLE,0,0,1,False,-1
9429,SINGLE,0,0,1,False,-1
9430,DOUBLE,1,0,1,False,-1
9431,DOUBLE,1,0,1,False,-1
9432,SINGLE,0,0,1,False,-1
9433,DOUBLE,1,0,1,False,-1
9434,SINGLE,0,0,1,False,-1
9435,DOUBLE,1,0,1,False,-1
9436,DOUBLE,1,0,1,False,-1
9437,DOUBLE,1,0,1,False,-1
9438,SINGLE,0,0,1,False,-1
9439,DOUBLE,1,0,1,False,-1
9440,DOUBLE,1,0,1,False,-1
9441,SINGLE,0,0,1,False,-1
9443,DOUBLE,1,0,1,False,-1
9444,DOUBLE,1,0,1,False,-1
9445,DOUBLE,1,0,1,False,-1
9446,SINGLE,0,0,1,False,-1
9447,SINGLE,0,0,1,False,-1
9448,SINGLE,0,0,1,False,-1
9449,DOUBLE,1,0,1,False,-1
9450,SINGLE,0,0,1,False,-1
9451,SINGLE,0,0,1,False,-1
9452,SINGLE,0,0,1,False,-1
9453,SINGLE,0,0,1,False,-1
9454,SINGLE,0,0,1,False,-1
9455,DOUBLE,1,0,1,False,-1
9457,SINGLE,0,0,1,False,-1
9458,DOUBLE,1,0,1,False,-1
9459,SINGLE,0,0,1,False,-1
9460,SINGLE,0,0,1,False,-1
9461,DOUBLE,1,0,1,False,-1
9462,DOUBLE,1,0,1,False,-1
9463,SINGLE,0,0,1,False,-1
9464,SINGLE,0,0,1,False,-1
9465,SINGLE,0,0,1,False,-1
9466,DOUBLE,1,0,1,False,-1
9467,DOUBLE,1,0,1,False,-1
9468,DOUBLE,1,0,1,False,-1
9469,DOUBLE,1,0,1,False,-1
9470,SINGLE,0,0,1,False,-1
9472,DOUBLE,1,0,1,False,-1
9473,DOUBLE,1,0,1,False,-1
9474,SINGLE,0,0,1,False,-1
9475,SINGLE,0,0,1,False,-1
9476,DOUBLE,1,0,1,False,-1
9477,DOUBLE,1,0,1,False,-1
9478,SINGLE,0,0,1,False,-1
9479,DOUBLE,1,0,1,False,-1
9480,SINGLE,0,0,1,False,-1
9481,DOUBLE,1,0,1,False,-1
9482,SINGLE,0,0,1,False,-1
9483,DOUBLE,1,0,1,False,-1
9484,SINGLE,0,0,1,False,-1
9485,SINGLE,0,0,1,False,-1
9486,DOUBLE,1,0,1,False,-1
9487,DOUBLE,1,0,1,False,-1
9488,SINGLE,0,0,1,False,-1
9489,DOUBLE,1,0,1,False,-1
9490,SINGLE,0,0,1,False,-1
9491,DOUBLE,1,0,1,False,-1
9492,SINGLE,0,0,1,False,-1
9493,DOUBLE,1,0,1,False,-1
9495,DOUBLE,1,0,1,False,-1
9496,DOUBLE,1,0,1,False,-1
9497,SINGLE,0,0,1,False,-1
9499,SINGLE,0,0,1,False,-1
9501,DOUBLE,1,0,1,False,-1
9502,DOUBLE,1,0,1,False,-1
9503,DOUBLE,1,0,1,False,-1
9504,DOUBLE,1,0,1,False,-1
9506,SINGLE,0,0,1,False,-1
9507,DOUBLE,1,0,1,False,-1
9508,DOUBLE,1,0,1,False,-1
9509,DOUBLE,1,0,1,False,-1
9510,DOUBLE,1,0,1,False,-1
9511,DOUBLE,1,0,1,False,-1
9512,SINGLE,0,0,1,False,-1
9513,SINGLE,0,0,1,False,-1
9514,SINGLE,0,0,1,False,-1
9515,DOUBLE,1,0,1,False,-1
9516,DOUBLE,1,0,1,False,-1
9517,DOUBLE,1,0,1,False,-1
9518,DOUBLE,1,0,1,False,-1
9519,DOUBLE,1,0,1,False,-1
9520,DOUBLE,1,0,1,False,-1
9521,DOUBLE,1,0,1,False,-1
9522,SINGLE,0,0,1,False,-1
9523,DOUBLE,1,0,1,False,-1
9524,SINGLE,0,0,1,False,-1
9525,SINGLE,0,0,1,False,-1
9526,DOUBLE,1,0,1,False,-1
9527,SINGLE,0,0,1,False,-1
9529,DOUBLE,1,0,1,False,-1
9530,DOUBLE,1,0,1,False,-1
9531,SINGLE,0,0,1,False,-1
9532,SINGLE,0,0,1,False,-1
9533,DOUBLE,1,0,1,False,-1
9534,DOUBLE,1,0,1,False,-1
9535,DOUBLE,1,0,1,False,-1
9536,DOUBLE,1,0,1,False,-1
9537,SINGLE,0,0,1,False,-1
9538,SINGLE,0,0,1,False,-1
9539,SINGLE,0,0,1,False,-1
9540,SINGLE,0,0,1,False,-1
9541,SINGLE,0,0,1,False,-1
9542,SINGLE,0,0,1,False,-1
9543,DOUBLE,1,0,1,False,-1
9544,SINGLE,0,0,1,False,-1
9545,SINGLE,0,0,1,False,-1
9546,DOUBLE,1,0,1,False,-1
9547,SINGLE,0,0,1,False,-1
9548,SINGLE,0,0,1,False,-1
9549,DOUBLE,1,0,1,False,-1
9550,DOUBLE,1,0,1,False,-1
9551,SINGLE,0,0,1,False,-1
9552,SINGLE,0,0,1,False,-1
9553,SINGLE,0,0,1,False,-1
9554,DOUBLE,1,0,1,False,-1
9555,DOUBLE,1,0,1,False,-1
9556,DOUBLE,1,0,1,False,-1
9557,SINGLE,0,0,1,False,-1
9558,SINGLE,0,0,1,False,-1
9559,DOUBLE,1,0,1,False,-1
9560,DOUBLE,1,0,1,False,-1
9561,DOUBLE,1,0,1,False,-1
9562,SINGLE,0,0,1,False,-1
9563,SINGLE,0,0,1,False,-1
9564,DOUBLE,1,0,1,False,-1
9565,SINGLE,0,0,1,False,-1
9566,DOUBLE,1,0,1,False,-1
9567,SINGLE,0,0,1,False,-1
9569,DOUBLE,1,0,1,False,-1
9570,TRIPLE,1,1,1,False,-1
9571,SINGLE,0,0,1,False,-1
9572,SINGLE,0,0,1,False,-1
9573,DOUBLE,1,0,1,False,-1
9574,DOUBLE,1,0,1,False,-1
9575,DOUBLE,1,0,1,False,-1
9576,SINGLE,0,0,1,False,-1
9577,DOUBLE,1,0,1,False,-1
9578,DOUBLE,1,0,1,False,-1
9580,SINGLE,0,0,1,False,-1
9581,DOUBLE,1,0,1,False,-1
9582,DOUBLE,1,0,1,False,-1
9583,SINGLE,0,0,1,False,-1
9584,SINGLE,0,0,1,False,-1
9585,DOUBLE,1,0,1,False,-1
9586,SINGLE,0,0,1,False,-1
9587,SINGLE,0,0,1,False,-1
9589,DOUBLE,1,0,1,False,-1
9591,DOUBLE,1,0,1,False,-1
9592,DOUBLE,1,0,1,False,-1
9593,DOUBLE,1,0,1,False,-1
9594,DOUBLE,1,0,1,False,-1
9595,SINGLE,0,0,1,False,-1
9596,DOUBLE,1,0,1,False,-1
9597,DOUBLE,1,0,1,False,-1
9598,DOUBLE,1,0,1,False,-1
9599,DOUBLE,1,0,1,False,-1
9600,DOUBLE,1,0,1,False,-1
9601,SINGLE,0,0,1,False,-1
9602,DOUBLE,1,0,1,False,-1
9603,SINGLE,0,0,1,False,-1
9604,DOUBLE,1,0,1,False,-1
9605,DOUBLE,1,0,1,False,-1
9606,DOUBLE,1,0,1,False,-1
9607,SINGLE,0,0,1,False,-1
9608,SINGLE,0,0,1,False,-1
9609,DOUBLE,1,0,1,False,-1
9610,SINGLE,0,0,1,False,-1
9611,DOUBLE,1,0,1,False,-1
9612,DOUBLE,1,0,1,False,-1
9613,SINGLE,0,0,1,False,-1
9614,DOUBLE,1,0,1,False,-1
9615,SINGLE,0,0,1,False,-1
9616,DOUBLE,1,0,1,False,-1
9617,DOUBLE,1,0,1,False,-1
9618,SINGLE,0,0,1,False,-1
9619,DOUBLE,1,0,1,False,-1
9621,SINGLE,0,0,1,False,-1
9622,DOUBLE,1,0,1,False,-1
9623,SINGLE,0,0,1,False,-1
9624,DOUBLE,1,0,1,False,-1
9625,SINGLE,0,0,1,False,-1
9627,SINGLE,0,0,1,False,-1
9628,SINGLE,0,0,1,False,-1
9629,DOUBLE,1,0,1,False,-1
9630,SINGLE,0,0,1,False,-1
9631,SINGLE,0,0,1,False,-1
9632,SINGLE,0,0,1,False,-1
9633,DOUBLE,1,0,1,False,-1
9634,SINGLE,0,0,1,False,-1
9635,SINGLE,0,0,1,False,-1
9636,DOUBLE,1,0,1,False,-1
9637,DOUBLE,1,0,1,False,-1
9638,SINGLE,0,0,1,False,-1
9639,SINGLE,0,0,1,False,-1
9640,SINGLE,0,0,1,False,-1
9641,DOUBLE,1,0,1,False,-1
9642,DOUBLE,1,0,1,False,-1
9643,DOUBLE,1,0,1,False,-1
9644,DOUBLE,1,0,1,False,-1
9646,DOUBLE,1,0,1,False,-1
9647,SINGLE,0,0,1,False,-1
9648,SINGLE,0,0,1,False,-1
9649,DOUBLE,1,0,1,False,-1
9650,SINGLE,0,0,1,False,-1
9652,DOUBLE,1,0,1,False,-1
9653,SINGLE,0,0,1,False,-1
9654,DOUBLE,1,0,1,False,-1
9656,DOUBLE,1,0,1,False,-1
9657,SINGLE,0,0,1,False,-1
9658,SINGLE,0,0,1,False,-1
9659,DOUBLE,1,0,1,False,-1
9660,SINGLE,0,0,1,False,-1
9661,SINGLE,0,0,1,False,-1
9662,DOUBLE,1,0,1,False,-1
9663,SINGLE,0,0,1,False,-1
9664,DOUBLE,1,0,1,False,-1
9666,DOUBLE,1,0,1,False,-1
9668,SINGLE,0,0,1,False,-1
9670,DOUBLE,1,0,1,False,-1
9671,DOUBLE,1,0,1,False,-1
9672,SINGLE,0,0,1,False,-1
9673,SINGLE,0,0,1,False,-1
9674,DOUBLE,1,0,1,False,-1
9675,SINGLE,0,0,1,False,-1
9676,SINGLE,0,0,1,False,-1
9677,DOUBLE,1,0,1,False,-1
9678,SINGLE,0,0,1,False,-1
9679,DOUBLE,1,0,1,False,-1
9680,SINGLE,0,0,1,False,-1
9681,SINGLE,0,0,1,False,-1
9682,DOUBLE,1,0,1,False,-1
9683,SINGLE,0,0,1,False,-1
9684,DOUBLE,1,0,1,False,-1
9685,SINGLE,0,0,1,False,-1
9686,SINGLE,0,0,1,False,-1
9687,DOUBLE,1,0,1,False,-1
9688,SINGLE,0,0,1,False,-1
9689,DOUBLE,1,0,1,False,-1
9690,DOUBLE,1,0,1,False,-1
9691,DOUBLE,1,0,1,False,-1
9692,DOUBLE,1,0,1,False,-1
9694,DOUBLE,1,0,1,False,-1
9695,SINGLE,0,0,1,False,-1
9696,SINGLE,0,0,1,False,-1
9697,SINGLE,0,0,1,False,-1
9698,DOUBLE,1,0,1,False,-1
9699,SINGLE,0,0,1,False,-1
9700,SINGLE,0,0,1,False,-1
9701,SINGLE,0,0,1,False,-1
9702,SINGLE,0,0,1,False,-1
9703,DOUBLE,1,0,1,False,-1
9704,SINGLE,0,0,1,False,-1
9705,SINGLE,0,0,1,False,-1
9706,DOUBLE,1,0,1,False,-1
9707,DOUBLE,1,0,1,False,-1
9708,SINGLE,0,0,1,False,-1
9709,DOUBLE,1,0,1,False,-1
9710,DOUBLE,1,0,1,False,-1
9711,DOUBLE,1,0,1,False,-1
9713,SINGLE,0,0,1,False,-1
9714,DOUBLE,1,0,1,False,-1
9715,SINGLE,0,0,1,False,-1
9718,DOUBLE,1,0,1,False,-1
9719,DOUBLE,1,0,1,False,-1
9720,SINGLE,0,0,1,False,-1
9721,DOUBLE,1,0,1,False,-1
9722,DOUBLE,1,0,1,False,-1
9723,DOUBLE,1,0,1,False,-1
9724,SINGLE,0,0,1,False,-1
9725,SINGLE,0,0,1,False,-1
9726,DOUBLE,1,0,1,False,-1
9728,DOUBLE,1,0,1,False,-1
9729,SINGLE,0,0,1,False,-1
9730,DOUBLE,1,0,1,False,-1
9732,SINGLE,0,0,1,False,-1
9733,SINGLE,0,0,1,False,-1
9734,DOUBLE,1,0,1,False,-1
9735,DOUBLE,1,0,1,False,-1
9736,DOUBLE,1,0,1,False,-1
9737,SINGLE,0,0,1,False,-1
9738,SINGLE,0,0,1,False,-1
9739,DOUBLE,1,0,1,False,-1
9740,DOUBLE,1,0,1,False,-1
9741,DOUBLE,1,0,1,False,-1
9742,SINGLE,0,0,1,False,-1
9743,SINGLE,0,0,1,False,-1
9744,DOUBLE,1,0,1,False,-1
9745,SINGLE,0,0,1,False,-1
9746,SINGLE,0,0,1,False,-1
9747,SINGLE,0,0,1,False,-1
9748,SINGLE,0,0,1,False,-1
9749,DOUBLE,1,0,1,False,-1
9750,DOUBLE,1,0,1,False,-1
9751,DOUBLE,1,0,1,False,-1
9752,DOUBLE,1,0,1,False,-1
9753,SINGLE,0,0,1,False,-1
9754,DOUBLE,1,0,1,False,-1
9755,DOUBLE,1,0,1,False,-1
9756,DOUBLE,1,0,1,False,-1
9757,DOUBLE,1,0,1,False,-1
9758,DOUBLE,1,0,1,False,-1
9759,DOUBLE,1,0,1,False,-1
9760,DOUBLE,1,0,1,False,-1
9761,DOUBLE,1,0,1,False,-1
9762,DOUBLE,1,0,1,False,-1
9763,DOUBLE,1,0,1,False,-1
9764,DOUBLE,1,0,1,False,-1
9765,SINGLE,0,0,1,False,-1
9766,DOUBLE,1,0,1,False,-1
9767,DOUBLE,1,0,1,False,-1
9768,DOUBLE,1,0,1,False,-1
9769,SINGLE,0,0,1,False,-1
9770,SINGLE,0,0,1,False,-1
9771,SINGLE,0,0,1,False,-1
9772,SINGLE,0,0,1,False,-1
9773,SINGLE,0,0,1,False,-1
9774,DOUBLE,1,0,1,False,-1
9775,DOUBLE,1,0,1,False,-1
9776,DOUBLE,1,0,1,False,-1
9778,SINGLE,0,0,1,False,-1
9779,SINGLE,0,0,1,False,-1
9780,SINGLE,0,0,1,False,-1
9781,DOUBLE,1,0,1,False,-1
9782,SINGLE,0,0,1,False,-1
9784,DOUBLE,1,0,1,False,-1
9785,DOUBLE,1,0,1,False,-1
9786,DOUBLE,1,0,1,False,-1
9787,DOUBLE,1,0,1,False,-1
9788,SINGLE,0,0,1,False,-1
9790,DOUBLE,1,0,1,False,-1
9791,SINGLE,0,0,1,False,-1
9792,DOUBLE,1,0,1,False,-1
9793,SINGLE,0,0,1,False,-1
9794,DOUBLE,1,0,1,False,-1
9795,DOUBLE,1,0,1,False,-1
9796,SINGLE,0,0,1,False,-1
9797,DOUBLE,1,0,1,False,-1
9798,SINGLE,0,0,1,False,-1
9799,SINGLE,1,0,0,False,-1
9800,DOUBLE,1,0,1,False,-1
9802,DOUBLE,1,0,1,False,-1
9804,DOUBLE,1,0,1,False,-1
9805,SINGLE,0,0,1,False,-1
9806,DOUBLE,1,0,1,False,-1
9807,DOUBLE,1,0,1,False,-1
9808,DOUBLE,1,0,1,False,-1
9810,DOUBLE,1,0,1,False,-1
9811,SINGLE,0,0,1,False,-1
9812,DOUBLE,1,0,1,False,-1
9813,DOUBLE,1,0,1,False,-1
9814,SINGLE,0,0,1,False,-1
9815,SINGLE,0,0,1,False,-1
9816,SINGLE,0,0,1,False,-1
9817,DOUBLE,1,0,1,False,-1
9818,DOUBLE,1,0,1,False,-1
9819,SINGLE,0,0,1,False,-1
9820,DOUBLE,1,0,1,False,-1
9821,DOUBLE,1,0,1,False,-1
9822,SINGLE,0,0,1,False,-1
9823,DOUBLE,1,0,1,False,-1
9824,SINGLE,0,0,1,False,-1
9825,DOUBLE,1,0,1,False,-1
9826,SINGLE,0,0,1,False,-1
9827,DOUBLE,1,0,1,False,-1
9828,DOUBLE,1,0,1,False,-1
9829,SINGLE,0,0,1,False,-1
9830,DOUBLE,1,0,1,False,-1
9832,SINGLE,0,0,1,False,-1
9833,SINGLE,0,0,1,False,-1
9834,DOUBLE,1,0,1,False,-1
9835,DOUBLE,1,0,1,False,-1
9836,SINGLE,0,0,1,False,-1
9837,SINGLE,0,0,1,False,-1
9838,SINGLE,0,0,1,False,-1
9839,DOUBLE,1,0,1,False,-1
9840,SINGLE,0,0,1,False,-1
9841,DOUBLE,1,0,1,False,-1
9842,SINGLE,0,0,1,False,-1
9843,DOUBLE,1,0,1,False,-1
9844,DOUBLE,1,0,1,False,-1
9845,DOUBLE,1,0,1,False,-1
9846,DOUBLE,1,0,1,False,-1
9847,SINGLE,0,0,1,False,-1
9848,DOUBLE,1,0,1,False,-1
9849,SINGLE,0,0,1,False,-1
9850,DOUBLE,1,0,1,False,-1
9851,SINGLE,0,0,1,False,-1
9853,DOUBLE,1,0,1,False,-1
9855,DOUBLE,1,0,1,False,-1
9856,SINGLE,0,0,1,False,-1
9857,DOUBLE,1,0,1,False,-1
9858,SINGLE,0,0,1,False,-1
9859,DOUBLE,1,0,1,False,-1
9860,DOUBLE,1,0,1,False,-1
9861,SINGLE,0,0,1,False,-1
9862,SINGLE,0,0,1,False,-1
9863,DOUBLE,1,0,1,False,-1
9864,SINGLE,0,0,1,False,-1
9865,DOUBLE,1,0,1,False,-1
9866,SINGLE,0,0,1,False,-1
9867,DOUBLE,0,1,1,False,-1
9868,DOUBLE,1,0,1,False,-1
9869,DOUBLE,1,0,1,False,-1
9870,SINGLE,0,0,1,False,-1
9872,DOUBLE,1,0,1,False,-1
9873,DOUBLE,1,0,1,False,-1
9874,SINGLE,0,0,1,False,-1
9875,SINGLE,0,0,1,False,-1
9876,SINGLE,0,0,1,False,-1
9877,DOUBLE,1,0,1,False,-1
9878,SINGLE,0,0,1,False,-1
9879,SINGLE,0,0,1,False,-1
9880,SINGLE,0,0,1,False,-1
9882,SINGLE,0,0,1,False,-1
9883,DOUBLE,1,0,1,False,-1
9884,DOUBLE,1,0,1,False,-1
9885,SINGLE,0,0,1,False,-1
9886,DOUBLE,1,0,1,False,-1
9887,SINGLE,0,0,1,False,-1
9888,SINGLE,0,0,1,False,-1
9889,SINGLE,0,0,1,False,-1
9890,DOUBLE,1,0,1,False,-1
9891,SINGLE,0,0,1,False,-1
9892,SINGLE,0,0,1,False,-1
9893,DOUBLE,1,0,1,False,-1
9895,DOUBLE,1,0,1,False,-1
9896,SINGLE,0,0,1,False,-1
9897,SINGLE,0,0,1,False,-1
9898,DOUBLE,1,0,1,False,-1
9900,DOUBLE,1,0,1,False,-1
9901,SINGLE,0,0,1,False,-1
9902,DOUBLE,1,0,1,False,-1
9903,DOUBLE,1,0,1,False,-1
9904,DOUBLE,1,0,1,False,-1
9906,DOUBLE,1,0,1,False,-1
9907,SINGLE,0,0,1,False,-1
9908,DOUBLE,1,0,1,False,-1
9909,DOUBLE,1,0,1,False,-1
9910,SINGLE,0,0,1,False,-1
9911,SINGLE,0,0,1,False,-1
9912,DOUBLE,1,0,1,False,-1
9913,DOUBLE,1,0,1,False,-1
9914,SINGLE,0,0,1,False,-1
9915,DOUBLE,1,0,1,False,-1
9916,SINGLE,0,0,1,False,-1
9917,DOUBLE,1,0,1,False,-1
9918,SINGLE,0,0,1,False,-1
9919,DOUBLE,1,0,1,False,-1
9920,SINGLE,0,0,1,False,-1
9921,SINGLE,0,0,1,False,-1
9922,DOUBLE,1,0,1,False,-1
9923,DOUBLE,1,0,1,False,-1
9924,DOUBLE,1,0,1,False,-1
9925,SINGLE,0,0,1,False,-1
9926,DOUBLE,1,0,1,False,-1
9927,SINGLE,0,0,1,False,-1
9928,SINGLE,0,0,1,False,-1
9929,SINGLE,0,0,1,False,-1
9930,DOUBLE,1,0,1,False,-1
9932,DOUBLE,0,1,1,False,-1
9934,DOUBLE,1,0,1,False,-1
9935,SINGLE,0,0,1,False,-1
9936,DOUBLE,1,0,1,False,-1
9937,DOUBLE,1,0,1,False,-1
9938,DOUBLE,1,0,1,False,-1
9939,SINGLE,0,0,1,False,-1
9940,SINGLE,0,0,1,False,-1
9941,DOUBLE,1,0,1,False,-1
9942,SINGLE,0,0,1,False,-1
9943,DOUBLE,1,0,1,False,-1
9944,SINGLE,0,0,1,False,-1
9945,DOUBLE,1,0,1,False,-1
9946,DOUBLE,1,0,1,False,-1
9947,DOUBLE,1,0,1,False,-1
9949,SINGLE,0,0,1,False,-1
9950,DOUBLE,1,0,1,False,-1
9951,SINGLE,0,0,1,False,-1
9952,DOUBLE,1,0,1,False,-1
9953,SINGLE,0,0,1,False,-1
9954,DOUBLE,1,0,1,False,-1
9955,DOUBLE,1,0,1,False,-1
9956,DOUBLE,1,0,1,False,-1
9957,DOUBLE,1,0,1,False,-1
9958,SINGLE,0,0,1,False,-1
9959,DOUBLE,1,0,1,False,-1
9960,SINGLE,0,0,1,False,-1
9961,SINGLE,0,0,1,False,-1
9962,DOUBLE,1,0,1,False,-1
9963,SINGLE,0,0,1,False,-1
9965,SINGLE,0,0,1,False,-1
9966,SINGLE,0,0,1,False,-1
9967,DOUBLE,1,0,1,False,-1
9968,SINGLE,0,0,1,False,-1
9969,SINGLE,0,0,1,False,-1
9970,SINGLE,0,0,1,False,-1
9971,DOUBLE,1,0,1,False,-1
9972,SINGLE,0,0,1,False,-1
9973,DOUBLE,1,0,1,False,-1
9974,SINGLE,0,0,1,False,-1
9975,SINGLE,0,0,1,False,-1
9976,SINGLE,0,0,1,False,-1
9978,DOUBLE,1,0,1,False,-1
9979,DOUBLE,1,0,1,False,-1
9980,SINGLE,0,0,1,False,-1
9981,SINGLE,0,0,1,False,-1
9982,DOUBLE,1,0,1,False,-1
9983,SINGLE,0,0,1,False,-1
9984,SINGLE,0,0,1,False,-1
9985,DOUBLE,1,0,1,False,-1
9986,SINGLE,0,0,1,False,-1
9987,DOUBLE,1,0,1,False,-1
9988,DOUBLE,1,0,1,False,-1
9989,SINGLE,0,0,1,False,-1
9990,SINGLE,0,0,1,False,-1
9992,SINGLE,0,0,1,False,-1
9993,DOUBLE,1,0,1,False,-1
9994,DOUBLE,1,0,1,False,-1
9995,SINGLE,0,0,1,False,-1
9996,SINGLE,0,0,1,False,-1
9997,SINGLE,0,0,1,False,-1
9998,SINGLE,0,0,1,False,-1
9999,SINGLE,0,0,1,False,-1
