EventID,Coincidence,HitTop,HitMiddle,HitBottom,Decay,DecayTime_ns
0,SINGLE,0,1,0,False,-1
1,NONE,0,0,0,False,-1
2,NONE,0,0,0,False,-1
3,NONE,0,0,0,False,-1
4,NONE,0,0,0,False,-1
5,NONE,0,0,0,False,-1
6,NONE,0,0,0,False,-1
7,NONE,0,0,0,False,-1
8,SINGLE,0,0,1,False,-1
9,NONE,0,0,0,False,-1
10,DOUBLE,1,1,0,False,-1
11,NONE,0,0,0,False,-1
12,NONE,0,0,0,False,-1
13,NONE,0,0,0,False,-1
14,NONE,0,0,0,False,-1
15,TRIPLE,1,1,1,False,-1
16,NONE,0,0,0,False,-1
17,TRIPLE,1,1,1,False,-1
18,NONE,0,0,0,False,-1
19,NONE,0,0,0,False,-1
20,NONE,0,0,0,False,-1
21,NONE,0,0,0,False,-1
22,NONE,0,0,0,False,-1
23,NONE,0,0,0,False,-1
24,SINGLE,0,0,1,False,-1
25,DOUBLE,0,1,1,False,-1
26,DOUBLE,1,1,0,False,-1
27,NONE,0,0,0,False,-1
28,NONE,0,0,0,False,-1
29,DOUBLE,1,1,0,False,-1
30,NONE,0,0,0,False,-1
31,NONE,0,0,0,False,-1
32,SINGLE,0,0,1,False,-1
33,SINGLE,1,0,0,False,-1
34,SINGLE,0,0,1,False,-1
35,NONE,0,0,0,False,-1
36,NONE,0,0,0,False,-1
37,SINGLE,1,0,0,False,-1
38,NONE,0,0,0,False,-1
39,NONE,0,0,0,False,-1
40,NONE,0,0,0,False,-1
41,SINGLE,1,0,0,False,-1
42,NONE,0,0,0,False,-1
43,DOUBLE,1,1,0,False,-1
44,NONE,0,0,0,False,-1
45,DOUBLE,1,1,0,False,-1
46,TRIPLE,1,1,1,False,-1
47,NONE,0,0,0,False,-1
48,NONE,0,0,0,False,-1
49,DOUBLE,1,1,0,False,-1
50,DOUBLE,1,1,0,False,-1
51,DOUBLE,1,1,0,False,-1
52,NONE,0,0,0,False,-1
53,SINGLE,0,0,1,False,-1
54,NONE,0,0,0,False,-1
55,NONE,0,0,0,False,-1
56,NONE,0,0,0,False,-1
57,SINGLE,0,0,1,False,-1
58,DOUBLE,1,1,0,False,-1
59,SINGLE,0,0,1,False,-1
60,SINGLE,0,0,1,False,-1
61,SINGLE,1,0,0,False,-1
62,NONE,0,0,0,False,-1
63,TRIPLE,1,1,1,False,-1
64,NONE,0,0,0,False,-1
65,NONE,0,0,0,False,-1
66,NONE,0,0,0,False,-1
67,SINGLE,0,0,1,False,-1
68,DOUBLE,1,1,0,False,-1
69,SINGLE,0,0,1,False,-1
70,NONE,0,0,0,False,-1
71,SINGLE,0,0,1,False,-1
72,NONE,0,0,0,False,-1
73,NONE,0,0,0,False,-1
74,NONE,0,0,0,False,-1
75,NONE,0,0,0,False,-1
76,NONE,0,0,0,False,-1
77,NONE,0,0,0,False,-1
78,NONE,0,0,0,False,-1
79,NONE,0,0,0,False,-1
80,NONE,0,0,0,False,-1
81,NONE,0,0,0,False,-1
82,NONE,0,0,0,False,-1
83,NONE,0,0,0,False,-1
84,NONE,0,0,0,False,-1
85,TRIPLE,1,1,1,False,-1
86,DOUBLE,0,1,1,False,-1
87,NONE,0,0,0,False,-1
88,SINGLE,0,0,1,False,-1
89,NONE,0,0,0,False,-1
90,NONE,0,0,0,False,-1
91,NONE,0,0,0,False,-1
92,NONE,0,0,0,False,-1
93,NONE,0,0,0,False,-1
94,SINGLE,1,0,0,False,-1
95,NONE,0,0,0,False,-1
96,NONE,0,0,0,False,-1
97,TRIPLE,1,1,1,False,-1
98,NONE,0,0,0,False,-1
99,TRIPLE,1,1,1,False,-1
100,TRIPLE,1,1,1,False,-1
101,SINGLE,1,0,0,False,-1
102,NONE,0,0,0,False,-1
103,NONE,0,0,0,False,-1
104,SINGLE,1,0,0,False,-1
105,TRIPLE,1,1,1,False,-1
106,SINGLE,0,0,1,False,-1
107,SINGLE,1,0,0,False,-1
108,DOUBLE,1,1,0,False,-1
109,SINGLE,1,0,0,False,-1
110,NONE,0,0,0,False,-1
111,DOUBLE,1,1,0,False,-1
112,DOUBLE,1,1,0,False,-1
113,NONE,0,0,0,False,-1
114,NONE,0,0,0,False,-1
115,NONE,0,0,0,False,-1
116,NONE,0,0,0,False,-1
117,NONE,0,0,0,False,-1
118,TRIPLE,1,1,1,False,-1
119,TRIPLE,1,1,1,False,-1
120,NONE,0,0,0,False,-1
121,DOUBLE,1,1,0,False,-1
122,NONE,0,0,0,False,-1
123,NONE,0,0,0,False,-1
124,NONE,0,0,0,False,-1
125,SINGLE,0,0,1,False,-1
126,NONE,0,0,0,False,-1
127,NONE,0,0,0,False,-1
128,NONE,0,0,0,False,-1
129,DOUBLE,1,1,0,False,-1
130,NONE,0,0,0,False,-1
131,SINGLE,0,0,1,False,-1
132,NONE,0,0,0,False,-1
133,NONE,0,0,0,False,-1
134,DOUBLE,1,1,0,False,-1
135,SINGLE,0,0,1,False,-1
136,NONE,0,0,0,False,-1
137,TRIPLE,1,1,1,False,-1
138,SINGLE,0,0,1,False,-1
139,NONE,0,0,0,False,-1
140,NONE,0,0,0,False,-1
141,DOUBLE,1,1,0,False,-1
142,NONE,0,0,0,False,-1
143,NONE,0,0,0,False,-1
144,NONE,0,0,0,False,-1
145,NONE,0,0,0,False,-1
146,SINGLE,0,0,1,False,-1
147,NONE,0,0,0,False,-1
148,DOUBLE,1,1,0,False,-1
149,NONE,0,0,0,False,-1
150,TRIPLE,1,1,1,False,-1
151,NONE,0,0,0,False,-1
152,SINGLE,1,0,0,False,-1
153,NONE,0,0,0,False,-1
154,NONE,0,0,0,False,-1
155,NONE,0,0,0,False,-1
156,NONE,0,0,0,False,-1
157,DOUBLE,1,1,0,False,-1
158,SINGLE,0,0,1,False,-1
159,DOUBLE,1,0,1,False,-1
160,NONE,0,0,0,False,-1
161,DOUBLE,1,1,0,False,-1
162,SINGLE,1,0,0,False,-1
163,NONE,0,0,0,False,-1
164,NONE,0,0,0,False,-1
165,NONE,0,0,0,False,-1
166,NONE,0,0,0,False,-1
167,NONE,0,0,0,False,-1
168,NONE,0,0,0,False,-1
169,NONE,0,0,0,False,-1
170,NONE,0,0,0,False,-1
171,NONE,0,0,0,False,-1
172,DOUBLE,1,1,0,False,-1
173,NONE,0,0,0,False,-1
174,TRIPLE,1,1,1,False,-1
175,NONE,0,0,0,False,-1
176,NONE,0,0,0,False,-1
177,SINGLE,0,0,1,False,-1
178,SINGLE,0,1,0,False,-1
179,NONE,0,0,0,False,-1
180,NONE,0,0,0,False,-1
181,DOUBLE,1,1,0,False,-1
182,DOUBLE,0,1,1,False,-1
183,TRIPLE,1,1,1,False,-1
184,NONE,0,0,0,False,-1
185,NONE,0,0,0,False,-1
186,NONE,0,0,0,False,-1
187,SINGLE,0,0,1,False,-1
188,NONE,0,0,0,False,-1
189,SINGLE,1,0,0,False,-1
190,NONE,0,0,0,False,-1
191,TRIPLE,1,1,1,False,-1
192,DOUBLE,0,1,1,False,-1
193,NONE,0,0,0,False,-1
194,NONE,0,0,0,False,-1
195,NONE,0,0,0,False,-1
196,NONE,0,0,0,False,-1
197,NONE,0,0,0,False,-1
198,NONE,0,0,0,False,-1
199,TRIPLE,1,1,1,False,-1
200,NONE,0,0,0,False,-1
201,NONE,0,0,0,False,-1
202,TRIPLE,1,1,1,False,-1
203,NONE,0,0,0,False,-1
204,NONE,0,0,0,False,-1
205,NONE,0,0,0,False,-1
206,NONE,0,0,0,False,-1
207,NONE,0,0,0,False,-1
208,NONE,0,0,0,False,-1
209,NONE,0,0,0,False,-1
210,NONE,0,0,0,False,-1
211,NONE,0,0,0,False,-1
212,NONE,0,0,0,False,-1
213,TRIPLE,1,1,1,False,-1
214,TRIPLE,1,1,1,False,-1
215,DOUBLE,1,1,0,False,-1
216,NONE,0,0,0,False,-1
217,SINGLE,0,0,1,False,-1
218,NONE,0,0,0,False,-1
219,NONE,0,0,0,False,-1
220,SINGLE,0,0,1,False,-1
221,NONE,0,0,0,False,-1
222,DOUBLE,1,1,0,False,-1
223,NONE,0,0,0,False,-1
224,SINGLE,0,0,1,False,-1
225,NONE,0,0,0,False,-1
226,NONE,0,0,0,False,-1
227,NONE,0,0,0,False,-1
228,NONE,0,0,0,False,-1
229,NONE,0,0,0,False,-1
230,NONE,0,0,0,False,-1
231,TRIPLE,1,1,1,False,-1
232,DOUBLE,1,1,0,False,-1
233,NONE,0,0,0,False,-1
234,DOUBLE,1,1,0,False,-1
235,NONE,0,0,0,False,-1
236,NONE,0,0,0,False,-1
237,TRIPLE,1,1,1,False,-1
238,NONE,0,0,0,False,-1
239,DOUBLE,1,1,0,False,-1
240,TRIPLE,1,1,1,False,-1
241,TRIPLE,1,1,1,False,-1
242,NONE,0,0,0,False,-1
243,TRIPLE,1,1,1,False,-1
244,NONE,0,0,0,False,-1
245,NONE,0,0,0,False,-1
246,NONE,0,0,0,False,-1
247,SINGLE,1,0,0,False,-1
248,NONE,0,0,0,False,-1
249,DOUBLE,1,1,0,False,-1
250,NONE,0,0,0,False,-1
251,DOUBLE,1,1,0,False,-1
252,NONE,0,0,0,False,-1
253,NONE,0,0,0,False,-1
254,NONE,0,0,0,False,-1
255,NONE,0,0,0,False,-1
256,NONE,0,0,0,False,-1
257,DOUBLE,1,1,0,False,-1
258,NONE,0,0,0,False,-1
259,NONE,0,0,0,False,-1
260,TRIPLE,1,1,1,False,-1
261,TRIPLE,1,1,1,False,-1
262,TRIPLE,1,1,1,False,-1
263,SINGLE,0,0,1,False,-1
264,TRIPLE,1,1,1,False,-1
265,TRIPLE,1,1,1,False,-1
266,NONE,0,0,0,False,-1
267,SINGLE,0,0,1,False,-1
268,TRIPLE,1,1,1,False,-1
269,NONE,0,0,0,False,-1
270,NONE,0,0,0,False,-1
271,NONE,0,0,0,False,-1
272,NONE,0,0,0,False,-1
273,NONE,0,0,0,False,-1
274,NONE,0,0,0,False,-1
275,NONE,0,0,0,False,-1
276,TRIPLE,1,1,1,False,-1
277,SINGLE,1,0,0,False,-1
278,NONE,0,0,0,False,-1
279,NONE,0,0,0,False,-1
280,SINGLE,0,0,1,False,-1
281,NONE,0,0,0,False,-1
282,NONE,0,0,0,False,-1
283,DOUBLE,1,1,0,False,-1
284,NONE,0,0,0,False,-1
285,NONE,0,0,0,False,-1
286,NONE,0,0,0,False,-1
287,DOUBLE,1,1,0,False,-1
288,NONE,0,0,0,False,-1
289,NONE,0,0,0,False,-1
290,DOUBLE,1,1,0,False,-1
291,NONE,0,0,0,False,-1
292,DOUBLE,1,1,0,False,-1
293,SINGLE,1,0,0,False,-1
294,NONE,0,0,0,False,-1
295,DOUBLE,1,1,0,False,-1
296,NONE,0,0,0,False,-1
297,NONE,0,0,0,False,-1
298,TRIPLE,1,1,1,False,-1
299,DOUBLE,1,1,0,False,-1
300,NONE,0,0,0,False,-1
301,NONE,0,0,0,False,-1
302,DOUBLE,1,1,0,False,-1
303,NONE,0,0,0,False,-1
304,TRIPLE,1,1,1,False,-1
305,NONE,0,0,0,False,-1
306,NONE,0,0,0,False,-1
307,TRIPLE,1,1,1,False,-1
308,NONE,0,0,0,False,-1
309,DOUBLE,0,1,1,False,-1
310,NONE,0,0,0,False,-1
311,NONE,0,0,0,False,-1
312,SINGLE,0,0,1,False,-1
313,SINGLE,0,0,1,False,-1
314,SINGLE,0,0,1,False,-1
315,NONE,0,0,0,False,-1
316,NONE,0,0,0,False,-1
317,NONE,0,0,0,False,-1
318,NONE,0,0,0,False,-1
319,NONE,0,0,0,False,-1
320,NONE,0,0,0,False,-1
321,NONE,0,0,0,False,-1
322,DOUBLE,1,1,0,False,-1
323,DOUBLE,1,1,0,False,-1
324,NONE,0,0,0,False,-1
325,NONE,0,0,0,False,-1
326,NONE,0,0,0,False,-1
327,NONE,0,0,0,False,-1
328,SINGLE,1,0,0,False,-1
329,NONE,0,0,0,False,-1
330,NONE,0,0,0,False,-1
331,NONE,0,0,0,False,-1
332,NONE,0,0,0,False,-1
333,NONE,0,0,0,False,-1
334,NONE,0,0,0,False,-1
335,SINGLE,0,0,1,False,-1
336,TRIPLE,1,1,1,False,-1
337,NONE,0,0,0,False,-1
338,SINGLE,1,0,0,False,-1
339,NONE,0,0,0,False,-1
340,NONE,0,0,0,False,-1
341,DOUBLE,1,1,0,False,-1
342,NONE,0,0,0,False,-1
343,NONE,0,0,0,False,-1
344,SINGLE,0,1,0,False,-1
345,NONE,0,0,0,False,-1
346,NONE,0,0,0,False,-1
347,NONE,0,0,0,False,-1
348,SINGLE,0,1,0,False,-1
349,NONE,0,0,0,False,-1
350,DOUBLE,1,1,0,False,-1
351,NONE,0,0,0,False,-1
352,NONE,0,0,0,False,-1
353,TRIPLE,1,1,1,False,-1
354,NONE,0,0,0,False,-1
355,NONE,0,0,0,False,-1
356,SINGLE,0,1,0,False,-1
357,NONE,0,0,0,False,-1
358,SINGLE,0,0,1,False,-1
359,DOUBLE,0,1,1,False,-1
360,NONE,0,0,0,False,-1
361,NONE,0,0,0,False,-1
362,NONE,0,0,0,False,-1
363,NONE,0,0,0,False,-1
364,SINGLE,0,0,1,False,-1
365,SINGLE,1,0,0,False,-1
366,NONE,0,0,0,False,-1
367,DOUBLE,1,1,0,False,-1
368,NONE,0,0,0,False,-1
369,TRIPLE,1,1,1,False,-1
370,NONE,0,0,0,False,-1
371,DOUBLE,1,1,0,False,-1
372,SINGLE,0,0,1,False,-1
373,NONE,0,0,0,False,-1
374,TRIPLE,1,1,1,False,-1
375,NONE,0,0,0,False,-1
376,DOUBLE,1,1,0,False,-1
377,SINGLE,0,0,1,False,-1
378,NONE,0,0,0,False,-1
379,NONE,0,0,0,False,-1
380,TRIPLE,1,1,1,False,-1
381,NONE,0,0,0,False,-1
382,NONE,0,0,0,False,-1
383,NONE,0,0,0,False,-1
384,NONE,0,0,0,False,-1
385,SINGLE,0,0,1,False,-1
386,NONE,0,0,0,False,-1
387,NONE,0,0,0,False,-1
388,NONE,0,0,0,False,-1
389,DOUBLE,1,1,0,False,-1
390,TRIPLE,1,1,1,False,-1
391,SINGLE,1,0,0,False,-1
392,DOUBLE,1,1,0,False,-1
393,DOUBLE,1,1,0,False,-1
394,NONE,0,0,0,False,-1
395,NONE,0,0,0,False,-1
396,SINGLE,0,0,1,False,-1
397,NONE,0,0,0,False,-1
398,NONE,0,0,0,False,-1
399,NONE,0,0,0,False,-1
400,NONE,0,0,0,False,-1
401,NONE,0,0,0,False,-1
402,DOUBLE,1,1,0,False,-1
403,NONE,0,0,0,False,-1
404,NONE,0,0,0,False,-1
405,NONE,0,0,0,False,-1
406,NONE,0,0,0,False,-1
407,NONE,0,0,0,False,-1
408,NONE,0,0,0,False,-1
409,NONE,0,0,0,False,-1
410,DOUBLE,1,1,0,False,-1
411,NONE,0,0,0,False,-1
412,DOUBLE,1,1,0,False,-1
413,NONE,0,0,0,False,-1
414,SINGLE,1,0,0,False,-1
415,NONE,0,0,0,False,-1
416,NONE,0,0,0,False,-1
417,SINGLE,0,0,1,False,-1
418,NONE,0,0,0,False,-1
419,NONE,0,0,0,False,-1
420,DOUBLE,1,1,0,False,-1
421,NONE,0,0,0,False,-1
422,DOUBLE,1,1,0,False,-1
423,NONE,0,0,0,False,-1
424,NONE,0,0,0,False,-1
425,NONE,0,0,0,False,-1
426,NONE,0,0,0,False,-1
427,TRIPLE,1,1,1,False,-1
428,NONE,0,0,0,False,-1
429,NONE,0,0,0,False,-1
430,NONE,0,0,0,False,-1
431,SINGLE,1,0,0,False,-1
432,SINGLE,0,0,1,False,-1
433,SINGLE,0,0,1,False,-1
434,DOUBLE,1,1,0,False,-1
435,SINGLE,1,0,0,False,-1
436,SINGLE,0,0,1,False,-1
437,NONE,0,0,0,False,-1
438,DOUBLE,1,0,1,False,-1
439,SINGLE,0,0,1,False,-1
440,SINGLE,1,0,0,False,-1
441,NONE,0,0,0,False,-1
442,NONE,0,0,0,False,-1
443,NONE,0,0,0,False,-1
444,DOUBLE,1,1,0,False,-1
445,NONE,0,0,0,False,-1
446,TRIPLE,1,1,1,False,-1
447,NONE,0,0,0,False,-1
448,TRIPLE,1,1,1,False,-1
449,NONE,0,0,0,False,-1
450,SINGLE,1,0,0,False,-1
451,NONE,0,0,0,False,-1
452,NONE,0,0,0,False,-1
453,NONE,0,0,0,False,-1
454,NONE,0,0,0,False,-1
455,NONE,0,0,0,False,-1
456,NONE,0,0,0,False,-1
457,SINGLE,1,0,0,False,-1
458,NONE,0,0,0,False,-1
459,TRIPLE,1,1,1,False,-1
460,NONE,0,0,0,False,-1
461,NONE,0,0,0,False,-1
462,NONE,0,0,0,False,-1
463,SINGLE,0,0,1,False,-1
464,NONE,0,0,0,False,-1
465,NONE,0,0,0,False,-1
466,NONE,0,0,0,False,-1
467,TRIPLE,1,1,1,False,-1
468,NONE,0,0,0,False,-1
469,NONE,0,0,0,False,-1
470,NONE,0,0,0,False,-1
471,DOUBLE,1,1,0,False,-1
472,NONE,0,0,0,False,-1
473,NONE,0,0,0,False,-1
474,NONE,0,0,0,False,-1
475,NONE,0,0,0,False,-1
476,NONE,0,0,0,False,-1
477,DOUBLE,1,1,0,False,-1
478,NONE,0,0,0,False,-1
479,DOUBLE,1,1,0,False,-1
480,DOUBLE,1,0,1,False,-1
481,DOUBLE,1,1,0,False,-1
482,NONE,0,0,0,False,-1
483,NONE,0,0,0,False,-1
484,NONE,0,0,0,False,-1
485,NONE,0,0,0,False,-1
486,NONE,0,0,0,False,-1
487,NONE,0,0,0,False,-1
488,NONE,0,0,0,False,-1
489,NONE,0,0,0,False,-1
490,NONE,0,0,0,False,-1
491,DOUBLE,1,1,0,False,-1
492,NONE,0,0,0,False,-1
493,NONE,0,0,0,False,-1
494,NONE,0,0,0,False,-1
495,NONE,0,0,0,False,-1
496,SINGLE,0,0,1,False,-1
497,DOUBLE,1,1,0,False,-1
498,DOUBLE,1,1,0,False,-1
499,NONE,0,0,0,False,-1
500,NONE,0,0,0,False,-1
501,NONE,0,0,0,False,-1
502,DOUBLE,1,1,0,False,-1
503,TRIPLE,1,1,1,False,-1
504,SINGLE,0,0,1,False,-1
505,NONE,0,0,0,False,-1
506,NONE,0,0,0,False,-1
507,NONE,0,0,0,False,-1
508,SINGLE,0,0,1,False,-1
509,NONE,0,0,0,False,-1
510,NONE,0,0,0,False,-1
511,NONE,0,0,0,False,-1
512,NONE,0,0,0,False,-1
513,SINGLE,0,0,1,False,-1
514,NONE,0,0,0,False,-1
515,DOUBLE,1,1,0,False,-1
516,TRIPLE,1,1,1,False,-1
517,NONE,0,0,0,False,-1
518,NONE,0,0,0,False,-1
519,DOUBLE,0,1,1,False,-1
520,NONE,0,0,0,False,-1
521,SINGLE,0,0,1,False,-1
522,NONE,0,0,0,False,-1
523,DOUBLE,1,1,0,False,-1
524,SINGLE,0,0,1,False,-1
525,TRIPLE,1,1,1,False,-1
526,DOUBLE,1,1,0,False,-1
527,NONE,0,0,0,False,-1
528,NONE,0,0,0,False,-1
529,NONE,0,0,0,False,-1
530,DOUBLE,1,1,0,False,-1
531,SINGLE,0,1,0,False,-1
532,DOUBLE,1,1,0,False,-1
533,TRIPLE,1,1,1,False,-1
534,NONE,0,0,0,False,-1
535,TRIPLE,1,1,1,False,-1
536,NONE,0,0,0,False,-1
537,SINGLE,1,0,0,False,-1
538,NONE,0,0,0,False,-1
539,NONE,0,0,0,False,-1
540,NONE,0,0,0,False,-1
541,NONE,0,0,0,False,-1
542,NONE,0,0,0,False,-1
543,NONE,0,0,0,False,-1
544,SINGLE,0,1,0,False,-1
545,NONE,0,0,0,False,-1
546,TRIPLE,1,1,1,False,-1
547,NONE,0,0,0,False,-1
548,NONE,0,0,0,False,-1
549,NONE,0,0,0,False,-1
550,NONE,0,0,0,False,-1
551,NONE,0,0,0,False,-1
552,NONE,0,0,0,False,-1
553,NONE,0,0,0,False,-1
554,NONE,0,0,0,False,-1
555,NONE,0,0,0,False,-1
556,SINGLE,0,0,1,False,-1
557,NONE,0,0,0,False,-1
558,SINGLE,0,0,1,False,-1
559,DOUBLE,1,1,0,False,-1
560,SINGLE,1,0,0,False,-1
561,NONE,0,0,0,False,-1
562,NONE,0,0,0,False,-1
563,NONE,0,0,0,False,-1
564,NONE,0,0,0,False,-1
565,TRIPLE,1,1,1,False,-1
566,NONE,0,0,0,False,-1
567,NONE,0,0,0,False,-1
568,DOUBLE,0,1,1,False,-1
569,NONE,0,0,0,False,-1
570,DOUBLE,1,1,0,False,-1
571,NONE,0,0,0,False,-1
572,NONE,0,0,0,False,-1
573,NONE,0,0,0,False,-1
574,NONE,0,0,0,False,-1
575,NONE,0,0,0,False,-1
576,NONE,0,0,0,False,-1
577,NONE,0,0,0,False,-1
578,NONE,0,0,0,False,-1
579,NONE,0,0,0,False,-1
580,NONE,0,0,0,False,-1
581,DOUBLE,1,1,0,False,-1
582,NONE,0,0,0,False,-1
583,NONE,0,0,0,False,-1
584,DOUBLE,1,1,0,False,-1
585,NONE,0,0,0,False,-1
586,DOUBLE,1,0,1,False,-1
587,NONE,0,0,0,False,-1
588,NONE,0,0,0,False,-1
589,DOUBLE,1,1,0,False,-1
590,DOUBLE,0,1,1,False,-1
591,DOUBLE,0,1,1,False,-1
592,NONE,0,0,0,False,-1
593,DOUBLE,1,1,0,False,-1
594,TRIPLE,1,1,1,False,-1
595,NONE,0,0,0,False,-1
596,NONE,0,0,0,False,-1
597,SINGLE,0,1,0,False,-1
598,NONE,0,0,0,False,-1
599,NONE,0,0,0,False,-1
600,NONE,0,0,0,False,-1
601,NONE,0,0,0,False,-1
602,NONE,0,0,0,False,-1
603,NONE,0,0,0,False,-1
604,NONE,0,0,0,False,-1
605,NONE,0,0,0,False,-1
606,NONE,0,0,0,False,-1
607,SINGLE,0,0,1,False,-1
608,NONE,0,0,0,False,-1
609,TRIPLE,1,1,1,False,-1
610,NONE,0,0,0,False,-1
611,SINGLE,1,0,0,False,-1
612,NONE,0,0,0,False,-1
613,NONE,0,0,0,False,-1
614,NONE,0,0,0,False,-1
615,NONE,0,0,0,False,-1
616,NONE,0,0,0,False,-1
617,SINGLE,0,0,1,False,-1
618,NONE,0,0,0,False,-1
619,DOUBLE,1,1,0,False,-1
620,DOUBLE,1,1,0,False,-1
621,SINGLE,0,0,1,False,-1
622,TRIPLE,1,1,1,False,-1
623,TRIPLE,1,1,1,False,-1
624,NONE,0,0,0,False,-1
625,DOUBLE,1,1,0,False,-1
626,DOUBLE,1,1,0,False,-1
627,DOUBLE,1,1,0,False,-1
628,NONE,0,0,0,False,-1
629,NONE,0,0,0,False,-1
630,NONE,0,0,0,False,-1
631,SINGLE,1,0,0,False,-1
632,TRIPLE,1,1,1,False,-1
633,DOUBLE,1,1,0,False,-1
634,NONE,0,0,0,False,-1
635,NONE,0,0,0,False,-1
636,NONE,0,0,0,False,-1
637,NONE,0,0,0,False,-1
638,NONE,0,0,0,False,-1
639,NONE,0,0,0,False,-1
640,NONE,0,0,0,False,-1
641,NONE,0,0,0,False,-1
642,NONE,0,0,0,False,-1
643,NONE,0,0,0,False,-1
644,SINGLE,1,0,0,False,-1
645,NONE,0,0,0,False,-1
646,NONE,0,0,0,False,-1
647,NONE,0,0,0,False,-1
648,NONE,0,0,0,False,-1
649,SINGLE,0,0,1,False,-1
650,NONE,0,0,0,False,-1
651,NONE,0,0,0,False,-1
652,NONE,0,0,0,False,-1
653,NONE,0,0,0,False,-1
654,TRIPLE,1,1,1,False,-1
655,NONE,0,0,0,False,-1
656,NONE,0,0,0,False,-1
657,NONE,0,0,0,False,-1
658,NONE,0,0,0,False,-1
659,TRIPLE,1,1,1,False,-1
660,NONE,0,0,0,False,-1
661,NONE,0,0,0,False,-1
662,NONE,0,0,0,False,-1
663,NONE,0,0,0,False,-1
664,SINGLE,0,0,1,False,-1
665,NONE,0,0,0,False,-1
666,NONE,0,0,0,False,-1
667,DOUBLE,1,1,0,False,-1
668,NONE,0,0,0,False,-1
669,NONE,0,0,0,False,-1
670,NONE,0,0,0,False,-1
671,NONE,0,0,0,False,-1
672,NONE,0,0,0,False,-1
673,NONE,0,0,0,False,-1
674,DOUBLE,1,1,0,False,-1
675,SINGLE,1,0,0,False,-1
676,TRIPLE,1,1,1,False,-1
677,NONE,0,0,0,False,-1
678,DOUBLE,1,1,0,False,-1
679,DOUBLE,1,1,0,False,-1
680,SINGLE,0,0,1,False,-1
681,NONE,0,0,0,False,-1
682,NONE,0,0,0,False,-1
683,NONE,0,0,0,False,-1
684,SINGLE,1,0,0,False,-1
685,SINGLE,0,0,1,False,-1
686,TRIPLE,1,1,1,False,-1
687,NONE,0,0,0,False,-1
688,SINGLE,0,0,1,False,-1
689,NONE,0,0,0,False,-1
690,TRIPLE,1,1,1,False,-1
691,NONE,0,0,0,False,-1
692,NONE,0,0,0,False,-1
693,DOUBLE,1,1,0,False,-1
694,NONE,0,0,0,False,-1
695,SINGLE,1,0,0,False,-1
696,NONE,0,0,0,False,-1
697,DOUBLE,1,1,0,False,-1
698,SINGLE,0,0,1,False,-1
699,TRIPLE,1,1,1,False,-1
700,TRIPLE,1,1,1,False,-1
701,NONE,0,0,0,False,-1
702,SINGLE,1,0,0,False,-1
703,NONE,0,0,0,False,-1
704,NONE,0,0,0,False,-1
705,NONE,0,0,0,False,-1
706,NONE,0,0,0,False,-1
707,SINGLE,0,0,1,False,-1
708,NONE,0,0,0,False,-1
709,TRIPLE,1,1,1,False,-1
710,DOUBLE,1,1,0,False,-1
711,NONE,0,0,0,False,-1
712,NONE,0,0,0,False,-1
713,NONE,0,0,0,False,-1
714,DOUBLE,1,1,0,False,-1
715,NONE,0,0,0,False,-1
716,NONE,0,0,0,False,-1
717,DOUBLE,0,1,1,False,-1
718,NONE,0,0,0,False,-1
719,TRIPLE,1,1,1,False,-1
720,NONE,0,0,0,False,-1
721,NONE,0,0,0,False,-1
722,SINGLE,0,0,1,False,-1
723,NONE,0,0,0,False,-1
724,SINGLE,0,0,1,False,-1
725,NONE,0,0,0,False,-1
726,NONE,0,0,0,False,-1
727,NONE,0,0,0,False,-1
728,NONE,0,0,0,False,-1
729,NONE,0,0,0,False,-1
730,NONE,0,0,0,False,-1
731,NONE,0,0,0,False,-1
732,NONE,0,0,0,False,-1
733,TRIPLE,1,1,1,False,-1
734,TRIPLE,1,1,1,False,-1
735,DOUBLE,0,1,1,False,-1
736,TRIPLE,1,1,1,False,-1
737,DOUBLE,1,1,0,False,-1
738,NONE,0,0,0,False,-1
739,NONE,0,0,0,False,-1
740,DOUBLE,0,1,1,False,-1
741,NONE,0,0,0,False,-1
742,NONE,0,0,0,False,-1
743,NONE,0,0,0,False,-1
744,NONE,0,0,0,False,-1
745,TRIPLE,1,1,1,False,-1
746,NONE,0,0,0,False,-1
747,NONE,0,0,0,False,-1
748,NONE,0,0,0,False,-1
749,TRIPLE,1,1,1,False,-1
750,NONE,0,0,0,False,-1
751,NONE,0,0,0,False,-1
752,NONE,0,0,0,False,-1
753,SINGLE,1,0,0,False,-1
754,NONE,0,0,0,False,-1
755,SINGLE,1,0,0,False,-1
756,NONE,0,0,0,False,-1
757,DOUBLE,1,1,0,False,-1
758,SINGLE,0,1,0,False,-1
759,NONE,0,0,0,False,-1
760,NONE,0,0,0,False,-1
761,NONE,0,0,0,False,-1
762,NONE,0,0,0,False,-1
763,NONE,0,0,0,False,-1
764,NONE,0,0,0,False,-1
765,NONE,0,0,0,False,-1
766,SINGLE,0,0,1,False,-1
767,NONE,0,0,0,False,-1
768,NONE,0,0,0,False,-1
769,SINGLE,0,0,1,False,-1
770,NONE,0,0,0,False,-1
771,DOUBLE,1,1,0,False,-1
772,NONE,0,0,0,False,-1
773,SINGLE,1,0,0,False,-1
774,NONE,0,0,0,False,-1
775,NONE,0,0,0,False,-1
776,TRIPLE,1,1,1,False,-1
777,NONE,0,0,0,False,-1
778,TRIPLE,1,1,1,False,-1
779,SINGLE,1,0,0,False,-1
780,NONE,0,0,0,False,-1
781,NONE,0,0,0,False,-1
782,NONE,0,0,0,False,-1
783,NONE,0,0,0,False,-1
784,DOUBLE,1,1,0,False,-1
785,NONE,0,0,0,False,-1
786,TRIPLE,1,1,1,False,-1
787,DOUBLE,1,1,0,False,-1
788,NONE,0,0,0,False,-1
789,DOUBLE,0,1,1,False,-1
790,NONE,0,0,0,False,-1
791,NONE,0,0,0,False,-1
792,DOUBLE,0,1,1,False,-1
793,NONE,0,0,0,False,-1
794,TRIPLE,1,1,1,False,-1
795,NONE,0,0,0,False,-1
796,SINGLE,0,0,1,False,-1
797,TRIPLE,1,1,1,False,-1
798,SINGLE,1,0,0,False,-1
799,NONE,0,0,0,False,-1
800,NONE,0,0,0,False,-1
801,NONE,0,0,0,False,-1
802,NONE,0,0,0,False,-1
803,NONE,0,0,0,False,-1
804,TRIPLE,1,1,1,False,-1
805,SINGLE,0,0,1,False,-1
806,NONE,0,0,0,False,-1
807,NONE,0,0,0,False,-1
808,NONE,0,0,0,False,-1
809,TRIPLE,1,1,1,False,-1
810,NONE,0,0,0,False,-1
811,NONE,0,0,0,False,-1
812,DOUBLE,1,1,0,False,-1
813,NONE,0,0,0,False,-1
814,SINGLE,0,0,1,False,-1
815,DOUBLE,1,1,0,False,-1
816,NONE,0,0,0,False,-1
817,SINGLE,0,0,1,False,-1
818,NONE,0,0,0,False,-1
819,NONE,0,0,0,False,-1
820,NONE,0,0,0,False,-1
821,SINGLE,0,0,1,False,-1
822,DOUBLE,1,1,0,False,-1
823,NONE,0,0,0,False,-1
824,NONE,0,0,0,False,-1
825,NONE,0,0,0,False,-1
826,SINGLE,0,0,1,False,-1
827,NONE,0,0,0,False,-1
828,NONE,0,0,0,False,-1
829,NONE,0,0,0,False,-1
830,NONE,0,0,0,False,-1
831,NONE,0,0,0,False,-1
832,NONE,0,0,0,False,-1
833,NONE,0,0,0,False,-1
834,DOUBLE,1,1,0,False,-1
835,NONE,0,0,0,False,-1
836,NONE,0,0,0,False,-1
837,NONE,0,0,0,False,-1
838,DOUBLE,1,1,0,False,-1
839,NONE,0,0,0,False,-1
840,NONE,0,0,0,False,-1
841,NONE,0,0,0,False,-1
842,TRIPLE,1,1,1,False,-1
843,TRIPLE,1,1,1,False,-1
844,SINGLE,0,0,1,False,-1
845,SINGLE,0,0,1,False,-1
846,SINGLE,0,0,1,False,-1
847,NONE,0,0,0,False,-1
848,DOUBLE,1,1,0,False,-1
849,NONE,0,0,0,False,-1
850,NONE,0,0,0,False,-1
851,NONE,0,0,0,False,-1
852,SINGLE,0,0,1,False,-1
853,NONE,0,0,0,False,-1
854,NONE,0,0,0,False,-1
855,SINGLE,1,0,0,False,-1
856,DOUBLE,1,1,0,False,-1
857,NONE,0,0,0,False,-1
858,NONE,0,0,0,False,-1
859,SINGLE,0,0,1,False,-1
860,NONE,0,0,0,False,-1
861,NONE,0,0,0,False,-1
862,DOUBLE,1,1,0,False,-1
863,NONE,0,0,0,False,-1
864,NONE,0,0,0,False,-1
865,NONE,0,0,0,False,-1
866,NONE,0,0,0,False,-1
867,NONE,0,0,0,False,-1
868,DOUBLE,1,1,0,False,-1
869,NONE,0,0,0,False,-1
870,SINGLE,1,0,0,False,-1
871,NONE,0,0,0,False,-1
872,DOUBLE,1,1,0,False,-1
873,TRIPLE,1,1,1,False,-1
874,SINGLE,1,0,0,False,-1
875,NONE,0,0,0,False,-1
876,NONE,0,0,0,False,-1
877,NONE,0,0,0,False,-1
878,TRIPLE,1,1,1,False,-1
879,SINGLE,0,0,1,False,-1
880,DOUBLE,1,1,0,False,-1
881,DOUBLE,1,1,0,False,-1
882,NONE,0,0,0,False,-1
883,NONE,0,0,0,False,-1
884,NONE,0,0,0,False,-1
885,DOUBLE,1,1,0,False,-1
886,NONE,0,0,0,False,-1
887,NONE,0,0,0,False,-1
888,NONE,0,0,0,False,-1
889,NONE,0,0,0,False,-1
890,DOUBLE,1,1,0,False,-1
891,NONE,0,0,0,False,-1
892,TRIPLE,1,1,1,False,-1
893,NONE,0,0,0,False,-1
894,TRIPLE,1,1,1,False,-1
895,SINGLE,0,0,1,False,-1
896,NONE,0,0,0,False,-1
897,DOUBLE,1,1,0,False,-1
898,NONE,0,0,0,False,-1
899,NONE,0,0,0,False,-1
900,NONE,0,0,0,False,-1
901,NONE,0,0,0,False,-1
902,NONE,0,0,0,False,-1
903,NONE,0,0,0,False,-1
904,NONE,0,0,0,False,-1
905,SINGLE,0,0,1,False,-1
906,NONE,0,0,0,False,-1
907,NONE,0,0,0,False,-1
908,SINGLE,0,1,0,False,-1
909,NONE,0,0,0,False,-1
910,DOUBLE,1,1,0,False,-1
911,SINGLE,0,0,1,False,-1
912,NONE,0,0,0,False,-1
913,NONE,0,0,0,False,-1
914,NONE,0,0,0,False,-1
915,NONE,0,0,0,False,-1
916,NONE,0,0,0,False,-1
917,NONE,0,0,0,False,-1
918,DOUBLE,0,1,1,False,-1
919,NONE,0,0,0,False,-1
920,NONE,0,0,0,False,-1
921,NONE,0,0,0,False,-1
922,DOUBLE,1,1,0,False,-1
923,NONE,0,0,0,False,-1
924,NONE,0,0,0,False,-1
925,NONE,0,0,0,False,-1
926,NONE,0,0,0,False,-1
927,NONE,0,0,0,False,-1
928,DOUBLE,1,1,0,False,-1
929,SINGLE,1,0,0,False,-1
930,DOUBLE,1,1,0,False,-1
931,NONE,0,0,0,False,-1
932,SINGLE,0,1,0,False,-1
933,NONE,0,0,0,False,-1
934,NONE,0,0,0,False,-1
935,DOUBLE,1,1,0,False,-1
936,TRIPLE,1,1,1,False,-1
937,TRIPLE,1,1,1,False,-1
938,NONE,0,0,0,False,-1
939,DOUBLE,1,1,0,False,-1
940,NONE,0,0,0,False,-1
941,SINGLE,0,0,1,False,-1
942,NONE,0,0,0,False,-1
943,TRIPLE,1,1,1,False,-1
944,TRIPLE,1,1,1,False,-1
945,DOUBLE,1,1,0,False,-1
946,NONE,0,0,0,False,-1
947,TRIPLE,1,1,1,False,-1
948,NONE,0,0,0,False,-1
949,NONE,0,0,0,False,-1
950,NONE,0,0,0,False,-1
951,NONE,0,0,0,False,-1
952,TRIPLE,1,1,1,False,-1
953,NONE,0,0,0,False,-1
954,TRIPLE,1,1,1,False,-1
955,DOUBLE,1,1,0,False,-1
956,NONE,0,0,0,False,-1
957,SINGLE,0,0,1,False,-1
958,NONE,0,0,0,False,-1
959,NONE,0,0,0,False,-1
960,NONE,0,0,0,False,-1
961,TRIPLE,1,1,1,False,-1
962,NONE,0,0,0,False,-1
963,DOUBLE,1,1,0,False,-1
964,NONE,0,0,0,False,-1
965,TRIPLE,1,1,1,False,-1
966,NONE,0,0,0,False,-1
967,DOUBLE,1,1,0,False,-1
968,DOUBLE,1,1,0,False,-1
969,SINGLE,0,0,1,False,-1
970,NONE,0,0,0,False,-1
971,NONE,0,0,0,False,-1
972,NONE,0,0,0,False,-1
973,NONE,0,0,0,False,-1
974,NONE,0,0,0,False,-1
975,NONE,0,0,0,False,-1
976,SINGLE,1,0,0,False,-1
977,NONE,0,0,0,False,-1
978,NONE,0,0,0,False,-1
979,SINGLE,0,0,1,False,-1
980,SINGLE,0,1,0,False,-1
981,DOUBLE,1,1,0,False,-1
982,DOUBLE,1,1,0,False,-1
983,DOUBLE,1,1,0,False,-1
984,SINGLE,0,0,1,False,-1
985,NONE,0,0,0,False,-1
986,NONE,0,0,0,False,-1
987,NONE,0,0,0,False,-1
988,DOUBLE,1,1,0,False,-1
989,NONE,0,0,0,False,-1
990,NONE,0,0,0,False,-1
991,TRIPLE,1,1,1,False,-1
992,NONE,0,0,0,False,-1
993,SINGLE,0,0,1,False,-1
994,NONE,0,0,0,False,-1
995,SINGLE,1,0,0,False,-1
996,TRIPLE,1,1,1,False,-1
997,NONE,0,0,0,False,-1
998,NONE,0,0,0,False,-1
999,DOUBLE,1,1,0,False,-1
1000,NONE,0,0,0,False,-1
1001,NONE,0,0,0,False,-1
1002,NONE,0,0,0,False,-1
1003,NONE,0,0,0,False,-1
1004,DOUBLE,1,1,0,False,-1
1005,SINGLE,0,0,1,False,-1
1006,SINGLE,0,1,0,False,-1
1007,SINGLE,0,0,1,False,-1
1008,NONE,0,0,0,False,-1
1009,NONE,0,0,0,False,-1
1010,NONE,0,0,0,False,-1
1011,NONE,0,0,0,False,-1
1012,NONE,0,0,0,False,-1
1013,NONE,0,0,0,False,-1
1014,TRIPLE,1,1,1,False,-1
1015,NONE,0,0,0,False,-1
1016,NONE,0,0,0,False,-1
1017,DOUBLE,0,1,1,False,-1
1018,NONE,0,0,0,False,-1
1019,NONE,0,0,0,False,-1
1020,SINGLE,1,0,0,False,-1
1021,SINGLE,1,0,0,False,-1
1022,NONE,0,0,0,False,-1
1023,DOUBLE,1,1,0,True,3463.79
1024,TRIPLE,1,1,1,False,-1
1025,SINGLE,0,0,1,False,-1
1026,NONE,0,0,0,False,-1
1027,NONE,0,0,0,False,-1
1028,NONE,0,0,0,False,-1
1029,NONE,0,0,0,False,-1
1030,SINGLE,0,1,0,False,-1
1031,SINGLE,1,0,0,False,-1
1032,NONE,0,0,0,False,-1
1033,DOUBLE,1,1,0,False,-1
1034,SINGLE,0,0,1,False,-1
1035,DOUBLE,1,1,0,False,-1
1036,NONE,0,0,0,False,-1
1037,NONE,0,0,0,False,-1
1038,DOUBLE,1,1,0,False,-1
1039,TRIPLE,1,1,1,False,-1
1040,NONE,0,0,0,False,-1
1041,DOUBLE,1,1,0,False,-1
1042,NONE,0,0,0,False,-1
1043,TRIPLE,1,1,1,False,-1
1044,NONE,0,0,0,False,-1
1045,NONE,0,0,0,False,-1
1046,NONE,0,0,0,False,-1
1047,SINGLE,1,0,0,False,-1
1048,NONE,0,0,0,False,-1
1049,NONE,0,0,0,False,-1
1050,NONE,0,0,0,False,-1
1051,DOUBLE,1,1,0,False,-1
1052,NONE,0,0,0,False,-1
1053,NONE,0,0,0,False,-1
1054,NONE,0,0,0,False,-1
1055,DOUBLE,1,1,0,True,3513.42
1056,NONE,0,0,0,False,-1
1057,NONE,0,0,0,False,-1
1058,NONE,0,0,0,False,-1
1059,DOUBLE,1,1,0,False,-1
1060,NONE,0,0,0,False,-1
1061,NONE,0,0,0,False,-1
1062,TRIPLE,1,1,1,False,-1
1063,SINGLE,0,0,1,False,-1
1064,NONE,0,0,0,False,-1
1065,TRIPLE,1,1,1,False,-1
1066,NONE,0,0,0,False,-1
1067,NONE,0,0,0,False,-1
1068,SINGLE,0,0,1,False,-1
1069,NONE,0,0,0,False,-1
1070,NONE,0,0,0,False,-1
1071,SINGLE,0,0,1,False,-1
1072,DOUBLE,1,1,0,False,-1
1073,SINGLE,1,0,0,False,-1
1074,DOUBLE,1,1,0,False,-1
1075,DOUBLE,1,1,0,False,-1
1076,NONE,0,0,0,False,-1
1077,NONE,0,0,0,False,-1
1078,NONE,0,0,0,False,-1
1079,NONE,0,0,0,False,-1
1080,NONE,0,0,0,False,-1
1081,DOUBLE,1,1,0,False,-1
1082,DOUBLE,1,1,0,False,-1
1083,NONE,0,0,0,False,-1
1084,NONE,0,0,0,False,-1
1085,DOUBLE,1,1,0,False,-1
1086,TRIPLE,1,1,1,False,-1
1087,TRIPLE,1,1,1,False,-1
1088,DOUBLE,0,1,1,False,-1
1089,NONE,0,0,0,False,-1
1090,SINGLE,1,0,0,False,-1
1091,NONE,0,0,0,False,-1
1092,NONE,0,0,0,False,-1
1093,NONE,0,0,0,False,-1
1094,NONE,0,0,0,False,-1
1095,DOUBLE,1,0,1,False,-1
1096,SINGLE,1,0,0,False,-1
1097,TRIPLE,1,1,1,False,-1
1098,NONE,0,0,0,False,-1
1099,DOUBLE,1,1,0,False,-1
1100,NONE,0,0,0,False,-1
1101,NONE,0,0,0,False,-1
1102,NONE,0,0,0,False,-1
1103,DOUBLE,1,1,0,False,-1
1104,NONE,0,0,0,False,-1
1105,NONE,0,0,0,False,-1
1106,NONE,0,0,0,False,-1
1107,NONE,0,0,0,False,-1
1108,SINGLE,1,0,0,False,-1
1109,NONE,0,0,0,False,-1
1110,SINGLE,0,0,1,False,-1
1111,NONE,0,0,0,False,-1
1112,SINGLE,0,0,1,False,-1
1113,NONE,0,0,0,False,-1
1114,SINGLE,1,0,0,False,-1
1115,NONE,0,0,0,False,-1
1116,NONE,0,0,0,False,-1
1117,TRIPLE,1,1,1,False,-1
1118,NONE,0,0,0,False,-1
1119,DOUBLE,1,1,0,False,-1
1120,NONE,0,0,0,False,-1
1121,NONE,0,0,0,False,-1
1122,NONE,0,0,0,False,-1
1123,NONE,0,0,0,False,-1
1124,TRIPLE,1,1,1,False,-1
1125,NONE,0,0,0,False,-1
1126,NONE,0,0,0,False,-1
1127,NONE,0,0,0,False,-1
1128,NONE,0,0,0,False,-1
1129,DOUBLE,1,1,0,False,-1
1130,DOUBLE,1,1,0,False,-1
1131,NONE,0,0,0,False,-1
1132,NONE,0,0,0,False,-1
1133,NONE,0,0,0,False,-1
1134,TRIPLE,1,1,1,False,-1
1135,DOUBLE,1,1,0,False,-1
1136,NONE,0,0,0,False,-1
1137,NONE,0,0,0,False,-1
1138,NONE,0,0,0,False,-1
1139,NONE,0,0,0,False,-1
1140,NONE,0,0,0,False,-1
1141,NONE,0,0,0,False,-1
1142,DOUBLE,1,1,0,False,-1
1143,NONE,0,0,0,False,-1
1144,TRIPLE,1,1,1,False,-1
1145,NONE,0,0,0,False,-1
1146,NONE,0,0,0,False,-1
1147,NONE,0,0,0,False,-1
1148,NONE,0,0,0,False,-1
1149,NONE,0,0,0,False,-1
1150,DOUBLE,1,1,0,False,-1
1151,NONE,0,0,0,False,-1
1152,TRIPLE,1,1,1,False,-1
1153,NONE,0,0,0,False,-1
1154,NONE,0,0,0,False,-1
1155,NONE,0,0,0,False,-1
1156,NONE,0,0,0,False,-1
1157,NONE,0,0,0,False,-1
1158,NONE,0,0,0,False,-1
1159,NONE,0,0,0,False,-1
1160,DOUBLE,1,1,0,False,-1
1161,NONE,0,0,0,False,-1
1162,NONE,0,0,0,False,-1
1163,NONE,0,0,0,False,-1
1164,NONE,0,0,0,False,-1
1165,NONE,0,0,0,False,-1
1166,SINGLE,0,1,0,False,-1
1167,NONE,0,0,0,False,-1
1168,DOUBLE,1,1,0,False,-1
1169,SINGLE,1,0,0,False,-1
1170,NONE,0,0,0,False,-1
1171,NONE,0,0,0,False,-1
1172,NONE,0,0,0,False,-1
1173,DOUBLE,1,1,0,False,-1
1174,NONE,0,0,0,False,-1
1175,NONE,0,0,0,False,-1
1176,NONE,0,0,0,False,-1
1177,NONE,0,0,0,False,-1
1178,NONE,0,0,0,False,-1
1179,SINGLE,0,0,1,False,-1
1180,NONE,0,0,0,False,-1
1181,NONE,0,0,0,False,-1
1182,NONE,0,0,0,False,-1
1183,NONE,0,0,0,False,-1
1184,SINGLE,0,0,1,False,-1
1185,NONE,0,0,0,False,-1
1186,DOUBLE,1,1,0,False,-1
1187,NONE,0,0,0,False,-1
1188,SINGLE,0,0,1,False,-1
1189,NONE,0,0,0,False,-1
1190,NONE,0,0,0,False,-1
1191,SINGLE,0,0,1,False,-1
1192,NONE,0,0,0,False,-1
1193,NONE,0,0,0,False,-1
1194,TRIPLE,1,1,1,False,-1
1195,NONE,0,0,0,False,-1
1196,TRIPLE,1,1,1,False,-1
1197,DOUBLE,0,1,1,False,-1
1198,TRIPLE,1,1,1,False,-1
1199,DOUBLE,1,1,0,False,-1
1200,NONE,0,0,0,False,-1
1201,NONE,0,0,0,False,-1
1202,SINGLE,0,0,1,False,-1
1203,TRIPLE,1,1,1,False,-1
1204,NONE,0,0,0,False,-1
1205,TRIPLE,1,1,1,False,-1
1206,NONE,0,0,0,False,-1
1207,TRIPLE,1,1,1,False,-1
1208,DOUBLE,1,1,0,False,-1
1209,NONE,0,0,0,False,-1
1210,DOUBLE,0,1,1,False,-1
1211,DOUBLE,1,1,0,False,-1
1212,NONE,0,0,0,False,-1
1213,TRIPLE,1,1,1,False,-1
1214,NONE,0,0,0,False,-1
1215,NONE,0,0,0,False,-1
1216,NONE,0,0,0,False,-1
1217,NONE,0,0,0,False,-1
1218,NONE,0,0,0,False,-1
1219,NONE,0,0,0,False,-1
1220,TRIPLE,1,1,1,False,-1
1221,NONE,0,0,0,False,-1
1222,SINGLE,0,0,1,False,-1
1223,SINGLE,1,0,0,False,-1
1224,NONE,0,0,0,False,-1
1225,NONE,0,0,0,False,-1
1226,DOUBLE,1,1,0,False,-1
1227,NONE,0,0,0,False,-1
1228,TRIPLE,1,1,1,False,-1
1229,SINGLE,0,0,1,False,-1
1230,NONE,0,0,0,False,-1
1231,NONE,0,0,0,False,-1
1232,NONE,0,0,0,False,-1
1233,DOUBLE,1,1,0,False,-1
1234,NONE,0,0,0,False,-1
1235,DOUBLE,1,1,0,False,-1
1236,NONE,0,0,0,False,-1
1237,NONE,0,0,0,False,-1
1238,SINGLE,0,0,1,False,-1
1239,TRIPLE,1,1,1,False,-1
1240,DOUBLE,0,1,1,False,-1
1241,TRIPLE,1,1,1,False,-1
1242,NONE,0,0,0,False,-1
1243,NONE,0,0,0,False,-1
1244,TRIPLE,1,1,1,False,-1
1245,TRIPLE,1,1,1,False,-1
1246,DOUBLE,1,1,0,False,-1
1247,NONE,0,0,0,False,-1
1248,NONE,0,0,0,False,-1
1249,SINGLE,0,0,1,False,-1
1250,NONE,0,0,0,False,-1
1251,NONE,0,0,0,False,-1
1252,NONE,0,0,0,False,-1
1253,NONE,0,0,0,False,-1
1254,SINGLE,1,0,0,False,-1
1255,NONE,0,0,0,False,-1
1256,NONE,0,0,0,False,-1
1257,DOUBLE,1,1,0,False,-1
1258,NONE,0,0,0,False,-1
1259,SINGLE,0,0,1,False,-1
1260,NONE,0,0,0,False,-1
1261,TRIPLE,1,1,1,False,-1
1262,SINGLE,1,0,0,False,-1
1263,NONE,0,0,0,False,-1
1264,SINGLE,0,0,1,False,-1
1265,DOUBLE,1,1,0,False,-1
1266,DOUBLE,1,1,0,False,-1
1267,NONE,0,0,0,False,-1
1268,NONE,0,0,0,False,-1
1269,TRIPLE,1,1,1,False,-1
1270,NONE,0,0,0,False,-1
1271,DOUBLE,1,1,0,False,-1
1272,DOUBLE,1,1,0,False,-1
1273,TRIPLE,1,1,1,False,-1
1274,NONE,0,0,0,False,-1
1275,SINGLE,0,0,1,False,-1
1276,NONE,0,0,0,False,-1
1277,NONE,0,0,0,False,-1
1278,NONE,0,0,0,False,-1
1279,NONE,0,0,0,False,-1
1280,DOUBLE,1,1,0,False,-1
1281,NONE,0,0,0,False,-1
1282,NONE,0,0,0,False,-1
1283,NONE,0,0,0,False,-1
1284,NONE,0,0,0,False,-1
1285,DOUBLE,1,1,0,False,-1
1286,NONE,0,0,0,False,-1
1287,DOUBLE,1,1,0,False,-1
1288,NONE,0,0,0,False,-1
1289,SINGLE,0,0,1,False,-1
1290,SINGLE,0,0,1,False,-1
1291,DOUBLE,1,1,0,False,-1
1292,DOUBLE,1,1,0,False,-1
1293,NONE,0,0,0,False,-1
1294,NONE,0,0,0,False,-1
1295,NONE,0,0,0,False,-1
1296,NONE,0,0,0,False,-1
1297,NONE,0,0,0,False,-1
1298,DOUBLE,1,1,0,False,-1
1299,DOUBLE,1,1,0,False,-1
1300,NONE,0,0,0,False,-1
1301,DOUBLE,0,1,1,False,-1
1302,NONE,0,0,0,False,-1
1303,NONE,0,0,0,False,-1
1304,NONE,0,0,0,False,-1
1305,NONE,0,0,0,False,-1
1306,NONE,0,0,0,False,-1
1307,NONE,0,0,0,False,-1
1308,NONE,0,0,0,False,-1
1309,NONE,0,0,0,False,-1
1310,TRIPLE,1,1,1,False,-1
1311,DOUBLE,1,1,0,False,-1
1312,NONE,0,0,0,False,-1
1313,SINGLE,0,1,0,False,-1
1314,NONE,0,0,0,False,-1
1315,NONE,0,0,0,False,-1
1316,NONE,0,0,0,False,-1
1317,SINGLE,0,1,0,False,-1
1318,SINGLE,1,0,0,False,-1
1319,NONE,0,0,0,False,-1
1320,NONE,0,0,0,False,-1
1321,SINGLE,1,0,0,False,-1
1322,SINGLE,0,1,0,False,-1
1323,NONE,0,0,0,False,-1
1324,NONE,0,0,0,False,-1
1325,NONE,0,0,0,False,-1
1326,NONE,0,0,0,False,-1
1327,NONE,0,0,0,False,-1
1328,NONE,0,0,0,False,-1
1329,NONE,0,0,0,False,-1
1330,TRIPLE,1,1,1,False,-1
1331,NONE,0,0,0,False,-1
1332,NONE,0,0,0,False,-1
1333,NONE,0,0,0,False,-1
1334,NONE,0,0,0,False,-1
1335,NONE,0,0,0,False,-1
1336,SINGLE,1,0,0,False,-1
1337,SINGLE,0,0,1,False,-1
1338,NONE,0,0,0,False,-1
1339,DOUBLE,1,1,0,False,-1
1340,TRIPLE,1,1,1,False,-1
1341,NONE,0,0,0,False,-1
1342,TRIPLE,1,1,1,False,-1
1343,DOUBLE,1,1,0,False,-1
1344,NONE,0,0,0,False,-1
1345,NONE,0,0,0,False,-1
1346,NONE,0,0,0,False,-1
1347,NONE,0,0,0,False,-1
1348,DOUBLE,1,1,0,False,-1
1349,NONE,0,0,0,False,-1
1350,NONE,0,0,0,False,-1
1351,TRIPLE,1,1,1,False,-1
1352,SINGLE,1,0,0,False,-1
1353,NONE,0,0,0,False,-1
1354,NONE,0,0,0,False,-1
1355,NONE,0,0,0,False,-1
1356,SINGLE,0,0,1,False,-1
1357,NONE,0,0,0,False,-1
1358,DOUBLE,1,1,0,False,-1
1359,DOUBLE,1,0,1,False,-1
1360,SINGLE,1,0,0,False,-1
1361,SINGLE,0,0,1,False,-1
1362,NONE,0,0,0,False,-1
1363,NONE,0,0,0,False,-1
1364,NONE,0,0,0,False,-1
1365,NONE,0,0,0,False,-1
1366,NONE,0,0,0,False,-1
1367,NONE,0,0,0,False,-1
1368,NONE,0,0,0,False,-1
1369,NONE,0,0,0,False,-1
1370,NONE,0,0,0,False,-1
1371,DOUBLE,1,1,0,False,-1
1372,TRIPLE,1,1,1,False,-1
1373,SINGLE,0,1,0,False,-1
1374,TRIPLE,1,1,1,False,-1
1375,NONE,0,0,0,False,-1
1376,NONE,0,0,0,False,-1
1377,SINGLE,0,0,1,False,-1
1378,SINGLE,0,0,1,False,-1
1379,NONE,0,0,0,False,-1
1380,SINGLE,0,1,0,False,-1
1381,DOUBLE,1,1,0,False,-1
1382,NONE,0,0,0,False,-1
1383,TRIPLE,1,1,1,False,-1
1384,SINGLE,0,1,0,False,-1
1385,NONE,0,0,0,False,-1
1386,NONE,0,0,0,False,-1
1387,DOUBLE,1,1,0,False,-1
1388,NONE,0,0,0,False,-1
1389,NONE,0,0,0,False,-1
1390,NONE,0,0,0,False,-1
1391,NONE,0,0,0,False,-1
1392,NONE,0,0,0,False,-1
1393,NONE,0,0,0,False,-1
1394,NONE,0,0,0,False,-1
1395,NONE,0,0,0,False,-1
1396,NONE,0,0,0,False,-1
1397,SINGLE,1,0,0,False,-1
1398,DOUBLE,1,1,0,False,-1
1399,NONE,0,0,0,False,-1
1400,NONE,0,0,0,False,-1
1401,NONE,0,0,0,False,-1
1402,DOUBLE,1,1,0,False,-1
1403,NONE,0,0,0,False,-1
1404,NONE,0,0,0,False,-1
1405,NONE,0,0,0,False,-1
1406,NONE,0,0,0,False,-1
1407,DOUBLE,1,1,0,False,-1
1408,DOUBLE,1,1,0,False,-1
1409,NONE,0,0,0,False,-1
1410,NONE,0,0,0,False,-1
1411,NONE,0,0,0,False,-1
1412,NONE,0,0,0,False,-1
1413,NONE,0,0,0,False,-1
1414,NONE,0,0,0,False,-1
1415,NONE,0,0,0,False,-1
1416,NONE,0,0,0,False,-1
1417,NONE,0,0,0,False,-1
1418,SINGLE,1,0,0,False,-1
1419,NONE,0,0,0,False,-1
1420,NONE,0,0,0,False,-1
1421,SINGLE,0,0,1,False,-1
1422,SINGLE,0,0,1,False,-1
1423,DOUBLE,0,1,1,False,-1
1424,NONE,0,0,0,False,-1
1425,TRIPLE,1,1,1,False,-1
1426,NONE,0,0,0,False,-1
1427,NONE,0,0,0,False,-1
1428,NONE,0,0,0,False,-1
1429,NONE,0,0,0,False,-1
1430,SINGLE,0,0,1,False,-1
1431,SINGLE,0,0,1,False,-1
1432,NONE,0,0,0,False,-1
1433,DOUBLE,0,1,1,False,-1
1434,SINGLE,0,1,0,False,-1
1435,NONE,0,0,0,False,-1
1436,NONE,0,0,0,False,-1
1437,NONE,0,0,0,False,-1
1438,SINGLE,1,0,0,False,-1
1439,SINGLE,1,0,0,False,-1
1440,TRIPLE,1,1,1,False,-1
1441,NONE,0,0,0,False,-1
1442,NONE,0,0,0,False,-1
1443,NONE,0,0,0,False,-1
1444,DOUBLE,1,1,0,False,-1
1445,SINGLE,0,0,1,False,-1
1446,DOUBLE,1,1,0,False,-1
1447,NONE,0,0,0,False,-1
1448,SINGLE,0,0,1,False,-1
1449,SINGLE,0,0,1,False,-1
1450,SINGLE,0,0,1,False,-1
1451,NONE,0,0,0,False,-1
1452,NONE,0,0,0,False,-1
1453,NONE,0,0,0,False,-1
1454,NONE,0,0,0,False,-1
1455,NONE,0,0,0,False,-1
1456,TRIPLE,1,1,1,False,-1
1457,NONE,0,0,0,False,-1
1458,NONE,0,0,0,False,-1
1459,NONE,0,0,0,False,-1
1460,TRIPLE,1,1,1,False,-1
1461,NONE,0,0,0,False,-1
1462,SINGLE,0,0,1,False,-1
1463,NONE,0,0,0,False,-1
1464,NONE,0,0,0,False,-1
1465,NONE,0,0,0,False,-1
1466,NONE,0,0,0,False,-1
1467,TRIPLE,1,1,1,False,-1
1468,NONE,0,0,0,False,-1
1469,DOUBLE,1,1,0,False,-1
1470,NONE,0,0,0,False,-1
1471,NONE,0,0,0,False,-1
1472,DOUBLE,1,1,0,False,-1
1473,DOUBLE,1,1,0,False,-1
1474,SINGLE,0,1,0,False,-1
1475,NONE,0,0,0,False,-1
1476,NONE,0,0,0,False,-1
1477,NONE,0,0,0,False,-1
1478,NONE,0,0,0,False,-1
1479,DOUBLE,1,1,0,False,-1
1480,NONE,0,0,0,False,-1
1481,NONE,0,0,0,False,-1
1482,SINGLE,0,0,1,False,-1
1483,SINGLE,0,0,1,False,-1
1484,NONE,0,0,0,False,-1
1485,DOUBLE,1,1,0,False,-1
1486,NONE,0,0,0,False,-1
1487,SINGLE,0,0,1,False,-1
1488,NONE,0,0,0,False,-1
1489,SINGLE,0,0,1,False,-1
1490,NONE,0,0,0,False,-1
1491,NONE,0,0,0,False,-1
1492,NONE,0,0,0,False,-1
1493,NONE,0,0,0,False,-1
1494,NONE,0,0,0,False,-1
1495,NONE,0,0,0,False,-1
1496,NONE,0,0,0,False,-1
1497,NONE,0,0,0,False,-1
1498,DOUBLE,1,1,0,False,-1
1499,NONE,0,0,0,False,-1
1500,TRIPLE,1,1,1,False,-1
1501,NONE,0,0,0,False,-1
1502,SINGLE,1,0,0,False,-1
1503,NONE,0,0,0,False,-1
1504,NONE,0,0,0,False,-1
1505,NONE,0,0,0,False,-1
1506,SINGLE,0,0,1,False,-1
1507,NONE,0,0,0,False,-1
1508,NONE,0,0,0,False,-1
1509,NONE,0,0,0,False,-1
1510,NONE,0,0,0,False,-1
1511,TRIPLE,1,1,1,False,-1
1512,NONE,0,0,0,False,-1
1513,TRIPLE,1,1,1,False,-1
1514,NONE,0,0,0,False,-1
1515,NONE,0,0,0,False,-1
1516,SINGLE,0,1,0,False,-1
1517,NONE,0,0,0,False,-1
1518,TRIPLE,1,1,1,False,-1
1519,NONE,0,0,0,False,-1
1520,NONE,0,0,0,False,-1
1521,NONE,0,0,0,False,-1
1522,TRIPLE,1,1,1,False,-1
1523,NONE,0,0,0,False,-1
1524,DOUBLE,0,1,1,False,-1
1525,TRIPLE,1,1,1,False,-1
1526,SINGLE,1,0,0,False,-1
1527,DOUBLE,1,1,0,False,-1
1528,DOUBLE,1,1,0,False,-1
1529,NONE,0,0,0,False,-1
1530,NONE,0,0,0,False,-1
1531,NONE,0,0,0,False,-1
1532,NONE,0,0,0,False,-1
1533,TRIPLE,1,1,1,False,-1
1534,NONE,0,0,0,False,-1
1535,NONE,0,0,0,False,-1
1536,NONE,0,0,0,False,-1
1537,NONE,0,0,0,False,-1
1538,NONE,0,0,0,False,-1
1539,SINGLE,0,0,1,False,-1
1540,NONE,0,0,0,False,-1
1541,DOUBLE,1,1,0,False,-1
1542,NONE,0,0,0,False,-1
1543,NONE,0,0,0,False,-1
1544,NONE,0,0,0,False,-1
1545,NONE,0,0,0,False,-1
1546,NONE,0,0,0,False,-1
1547,TRIPLE,1,1,1,False,-1
1548,DOUBLE,1,1,0,False,-1
1549,NONE,0,0,0,False,-1
1550,TRIPLE,1,1,1,False,-1
1551,NONE,0,0,0,False,-1
1552,NONE,0,0,0,False,-1
1553,NONE,0,0,0,False,-1
1554,SINGLE,0,0,1,False,-1
1555,DOUBLE,0,1,1,False,-1
1556,NONE,0,0,0,False,-1
1557,NONE,0,0,0,False,-1
1558,NONE,0,0,0,False,-1
1559,NONE,0,0,0,False,-1
1560,NONE,0,0,0,False,-1
1561,NONE,0,0,0,False,-1
1562,DOUBLE,1,1,0,False,-1
1563,SINGLE,1,0,0,False,-1
1564,SINGLE,1,0,0,False,-1
1565,DOUBLE,1,1,0,False,-1
1566,NONE,0,0,0,False,-1
1567,NONE,0,0,0,False,-1
1568,NONE,0,0,0,False,-1
1569,NONE,0,0,0,False,-1
1570,NONE,0,0,0,False,-1
1571,NONE,0,0,0,False,-1
1572,DOUBLE,0,1,1,False,-1
1573,NONE,0,0,0,False,-1
1574,DOUBLE,1,1,0,False,-1
1575,NONE,0,0,0,False,-1
1576,NONE,0,0,0,False,-1
1577,NONE,0,0,0,False,-1
1578,NONE,0,0,0,False,-1
1579,NONE,0,0,0,False,-1
1580,NONE,0,0,0,False,-1
1581,TRIPLE,1,1,1,False,-1
1582,NONE,0,0,0,False,-1
1583,SINGLE,0,0,1,False,-1
1584,SINGLE,1,0,0,False,-1
1585,NONE,0,0,0,False,-1
1586,TRIPLE,1,1,1,False,-1
1587,NONE,0,0,0,False,-1
1588,NONE,0,0,0,False,-1
1589,TRIPLE,1,1,1,False,-1
1590,NONE,0,0,0,False,-1
1591,NONE,0,0,0,False,-1
1592,SINGLE,0,0,1,False,-1
1593,NONE,0,0,0,False,-1
1594,NONE,0,0,0,False,-1
1595,NONE,0,0,0,False,-1
1596,NONE,0,0,0,False,-1
1597,TRIPLE,1,1,1,False,-1
1598,NONE,0,0,0,False,-1
1599,NONE,0,0,0,False,-1
1600,DOUBLE,1,1,0,False,-1
1601,NONE,0,0,0,False,-1
1602,SINGLE,0,0,1,False,-1
1603,TRIPLE,1,1,1,False,-1
1604,NONE,0,0,0,False,-1
1605,NONE,0,0,0,False,-1
1606,NONE,0,0,0,False,-1
1607,NONE,0,0,0,False,-1
1608,SINGLE,0,0,1,False,-1
1609,NONE,0,0,0,False,-1
1610,TRIPLE,1,1,1,False,-1
1611,TRIPLE,1,1,1,False,-1
1612,NONE,0,0,0,False,-1
1613,TRIPLE,1,1,1,False,-1
1614,NONE,0,0,0,False,-1
1615,NONE,0,0,0,False,-1
1616,SINGLE,0,0,1,False,-1
1617,SINGLE,0,0,1,False,-1
1618,TRIPLE,1,1,1,False,-1
1619,DOUBLE,1,1,0,False,-1
1620,DOUBLE,1,1,0,False,-1
1621,NONE,0,0,0,False,-1
1622,NONE,0,0,0,False,-1
1623,NONE,0,0,0,False,-1
1624,NONE,0,0,0,False,-1
1625,SINGLE,1,0,0,False,-1
1626,SINGLE,1,0,0,False,-1
1627,NONE,0,0,0,False,-1
1628,NONE,0,0,0,False,-1
1629,SINGLE,0,0,1,False,-1
1630,NONE,0,0,0,False,-1
1631,NONE,0,0,0,False,-1
1632,NONE,0,0,0,False,-1
1633,NONE,0,0,0,False,-1
1634,NONE,0,0,0,False,-1
1635,NONE,0,0,0,False,-1
1636,SINGLE,1,0,0,False,-1
1637,NONE,0,0,0,False,-1
1638,SINGLE,0,0,1,False,-1
1639,NONE,0,0,0,False,-1
1640,NONE,0,0,0,False,-1
1641,NONE,0,0,0,False,-1
1642,NONE,0,0,0,False,-1
1643,TRIPLE,1,1,1,False,-1
1644,NONE,0,0,0,False,-1
1645,NONE,0,0,0,False,-1
1646,DOUBLE,1,0,1,False,-1
1647,NONE,0,0,0,False,-1
1648,NONE,0,0,0,False,-1
1649,NONE,0,0,0,False,-1
1650,NONE,0,0,0,False,-1
1651,DOUBLE,0,1,1,False,-1
1652,NONE,0,0,0,False,-1
1653,NONE,0,0,0,False,-1
1654,SINGLE,1,0,0,False,-1
1655,SINGLE,0,1,0,False,-1
1656,NONE,0,0,0,False,-1
1657,NONE,0,0,0,False,-1
1658,SINGLE,0,0,1,False,-1
1659,NONE,0,0,0,False,-1
1660,NONE,0,0,0,False,-1
1661,TRIPLE,1,1,1,False,-1
1662,NONE,0,0,0,False,-1
1663,NONE,0,0,0,False,-1
1664,NONE,0,0,0,False,-1
1665,NONE,0,0,0,False,-1
1666,NONE,0,0,0,False,-1
1667,NONE,0,0,0,False,-1
1668,NONE,0,0,0,False,-1
1669,NONE,0,0,0,False,-1
1670,TRIPLE,1,1,1,False,-1
1671,SINGLE,1,0,0,False,-1
1672,NONE,0,0,0,False,-1
1673,NONE,0,0,0,False,-1
1674,SINGLE,0,0,1,False,-1
1675,DOUBLE,1,1,0,False,-1
1676,DOUBLE,1,1,0,False,-1
1677,NONE,0,0,0,False,-1
1678,DOUBLE,1,1,0,False,-1
1679,SINGLE,1,0,0,False,-1
1680,NONE,0,0,0,False,-1
1681,NONE,0,0,0,False,-1
1682,DOUBLE,1,0,1,False,-1
1683,NONE,0,0,0,False,-1
1684,TRIPLE,1,1,1,False,-1
1685,SINGLE,0,0,1,False,-1
1686,TRIPLE,1,1,1,False,-1
1687,NONE,0,0,0,False,-1
1688,TRIPLE,1,1,1,False,-1
1689,TRIPLE,1,1,1,False,-1
1690,NONE,0,0,0,False,-1
1691,NONE,0,0,0,False,-1
1692,NONE,0,0,0,False,-1
1693,NONE,0,0,0,False,-1
1694,NONE,0,0,0,False,-1
1695,NONE,0,0,0,False,-1
1696,SINGLE,0,0,1,False,-1
1697,DOUBLE,1,1,0,False,-1
1698,NONE,0,0,0,False,-1
1699,NONE,0,0,0,False,-1
1700,NONE,0,0,0,False,-1
1701,NONE,0,0,0,False,-1
1702,NONE,0,0,0,False,-1
1703,DOUBLE,1,1,0,False,-1
1704,SINGLE,0,1,0,False,-1
1705,NONE,0,0,0,False,-1
1706,NONE,0,0,0,False,-1
1707,NONE,0,0,0,False,-1
1708,NONE,0,0,0,False,-1
1709,NONE,0,0,0,False,-1
1710,NONE,0,0,0,False,-1
1711,NONE,0,0,0,False,-1
1712,NONE,0,0,0,False,-1
1713,NONE,0,0,0,False,-1
1714,NONE,0,0,0,False,-1
1715,NONE,0,0,0,False,-1
1716,DOUBLE,1,1,0,False,-1
1717,DOUBLE,1,1,0,False,-1
1718,TRIPLE,1,1,1,False,-1
1719,SINGLE,0,0,1,False,-1
1720,DOUBLE,1,0,1,False,-1
1721,NONE,0,0,0,False,-1
1722,DOUBLE,1,1,0,False,-1
1723,SINGLE,0,0,1,False,-1
1724,NONE,0,0,0,False,-1
1725,NONE,0,0,0,False,-1
1726,SINGLE,0,0,1,False,-1
1727,NONE,0,0,0,False,-1
1728,NONE,0,0,0,False,-1
1729,NONE,0,0,0,False,-1
1730,NONE,0,0,0,False,-1
1731,NONE,0,0,0,False,-1
1732,NONE,0,0,0,False,-1
1733,NONE,0,0,0,False,-1
1734,NONE,0,0,0,False,-1
1735,TRIPLE,1,1,1,False,-1
1736,NONE,0,0,0,False,-1
1737,NONE,0,0,0,False,-1
1738,NONE,0,0,0,False,-1
1739,NONE,0,0,0,False,-1
1740,NONE,0,0,0,False,-1
1741,DOUBLE,1,1,0,False,-1
1742,DOUBLE,1,1,0,False,-1
1743,DOUBLE,0,1,1,False,-1
1744,SINGLE,0,0,1,False,-1
1745,NONE,0,0,0,False,-1
1746,SINGLE,0,0,1,False,-1
1747,NONE,0,0,0,False,-1
1748,SINGLE,1,0,0,False,-1
1749,TRIPLE,1,1,1,False,-1
1750,DOUBLE,1,1,0,False,-1
1751,NONE,0,0,0,False,-1
1752,NONE,0,0,0,False,-1
1753,DOUBLE,1,1,0,False,-1
1754,NONE,0,0,0,False,-1
1755,DOUBLE,0,1,1,False,-1
1756,NONE,0,0,0,False,-1
1757,NONE,0,0,0,False,-1
1758,DOUBLE,1,1,0,False,-1
1759,DOUBLE,1,1,0,False,-1
1760,NONE,0,0,0,False,-1
1761,NONE,0,0,0,False,-1
1762,NONE,0,0,0,False,-1
1763,NONE,0,0,0,False,-1
1764,SINGLE,1,0,0,False,-1
1765,NONE,0,0,0,False,-1
1766,SINGLE,1,0,0,False,-1
1767,NONE,0,0,0,False,-1
1768,NONE,0,0,0,False,-1
1769,NONE,0,0,0,False,-1
1770,SINGLE,0,0,1,False,-1
1771,NONE,0,0,0,False,-1
1772,DOUBLE,1,1,0,False,-1
1773,NONE,0,0,0,False,-1
1774,NONE,0,0,0,False,-1
1775,NONE,0,0,0,False,-1
1776,NONE,0,0,0,False,-1
1777,NONE,0,0,0,False,-1
1778,NONE,0,0,0,False,-1
1779,NONE,0,0,0,False,-1
1780,SINGLE,0,0,1,False,-1
1781,TRIPLE,1,1,1,False,-1
1782,NONE,0,0,0,False,-1
1783,NONE,0,0,0,False,-1
1784,NONE,0,0,0,False,-1
1785,NONE,0,0,0,False,-1
1786,DOUBLE,1,1,0,False,-1
1787,TRIPLE,1,1,1,False,-1
1788,NONE,0,0,0,False,-1
1789,NONE,0,0,0,False,-1
1790,SINGLE,0,0,1,False,-1
1791,NONE,0,0,0,False,-1
1792,NONE,0,0,0,False,-1
1793,TRIPLE,1,1,1,False,-1
1794,NONE,0,0,0,False,-1
1795,NONE,0,0,0,False,-1
1796,TRIPLE,1,1,1,False,-1
1797,NONE,0,0,0,False,-1
1798,SINGLE,1,0,0,False,-1
1799,DOUBLE,1,1,0,False,-1
1800,NONE,0,0,0,False,-1
1801,NONE,0,0,0,False,-1
1802,NONE,0,0,0,False,-1
1803,NONE,0,0,0,False,-1
1804,DOUBLE,1,1,0,False,-1
1805,NONE,0,0,0,False,-1
1806,NONE,0,0,0,False,-1
1807,NONE,0,0,0,False,-1
1808,NONE,0,0,0,False,-1
1809,NONE,0,0,0,False,-1
1810,NONE,0,0,0,False,-1
1811,NONE,0,0,0,False,-1
1812,TRIPLE,1,1,1,False,-1
1813,NONE,0,0,0,False,-1
1814,NONE,0,0,0,False,-1
1815,NONE,0,0,0,False,-1
1816,NONE,0,0,0,False,-1
1817,SINGLE,0,0,1,False,-1
1818,NONE,0,0,0,False,-1
1819,DOUBLE,1,1,0,False,-1
1820,NONE,0,0,0,False,-1
1821,NONE,0,0,0,False,-1
1822,NONE,0,0,0,False,-1
1823,NONE,0,0,0,False,-1
1824,NONE,0,0,0,False,-1
1825,NONE,0,0,0,False,-1
1826,DOUBLE,0,1,1,False,-1
1827,NONE,0,0,0,False,-1
1828,NONE,0,0,0,False,-1
1829,SINGLE,1,0,0,False,-1
1830,NONE,0,0,0,False,-1
1831,SINGLE,1,0,0,False,-1
1832,TRIPLE,1,1,1,False,-1
1833,NONE,0,0,0,False,-1
1834,NONE,0,0,0,False,-1
1835,SINGLE,0,0,1,False,-1
1836,NONE,0,0,0,False,-1
1837,NONE,0,0,0,False,-1
1838,SINGLE,0,0,1,False,-1
1839,SINGLE,0,0,1,False,-1
1840,NONE,0,0,0,False,-1
1841,SINGLE,0,0,1,False,-1
1842,NONE,0,0,0,False,-1
1843,SINGLE,0,0,1,False,-1
1844,SINGLE,0,1,0,False,-1
1845,DOUBLE,1,1,0,False,-1
1846,DOUBLE,1,1,0,False,-1
1847,TRIPLE,1,1,1,True,1635.68
1848,NONE,0,0,0,False,-1
1849,DOUBLE,1,1,0,False,-1
1850,NONE,0,0,0,False,-1
1851,DOUBLE,1,1,0,False,-1
1852,TRIPLE,1,1,1,False,-1
1853,NONE,0,0,0,False,-1
1854,NONE,0,0,0,False,-1
1855,SINGLE,0,0,1,False,-1
1856,TRIPLE,1,1,1,False,-1
1857,DOUBLE,1,1,0,False,-1
1858,NONE,0,0,0,False,-1
1859,NONE,0,0,0,False,-1
1860,NONE,0,0,0,False,-1
1861,DOUBLE,1,1,0,False,-1
1862,NONE,0,0,0,False,-1
1863,NONE,0,0,0,False,-1
1864,SINGLE,0,0,1,False,-1
1865,TRIPLE,1,1,1,False,-1
1866,SINGLE,0,0,1,False,-1
1867,SINGLE,0,0,1,False,-1
1868,SINGLE,1,0,0,False,-1
1869,TRIPLE,1,1,1,False,-1
1870,NONE,0,0,0,False,-1
1871,NONE,0,0,0,False,-1
1872,DOUBLE,0,1,1,False,-1
1873,SINGLE,0,0,1,False,-1
1874,NONE,0,0,0,False,-1
1875,NONE,0,0,0,False,-1
1876,NONE,0,0,0,False,-1
1877,NONE,0,0,0,False,-1
1878,NONE,0,0,0,False,-1
1879,NONE,0,0,0,False,-1
1880,NONE,0,0,0,False,-1
1881,DOUBLE,1,1,0,False,-1
1882,NONE,0,0,0,False,-1
1883,DOUBLE,1,1,0,False,-1
1884,SINGLE,0,1,0,False,-1
1885,SINGLE,0,1,0,False,-1
1886,NONE,0,0,0,False,-1
1887,DOUBLE,1,1,0,False,-1
1888,NONE,0,0,0,False,-1
1889,NONE,0,0,0,False,-1
1890,NONE,0,0,0,False,-1
1891,NONE,0,0,0,False,-1
1892,NONE,0,0,0,False,-1
1893,NONE,0,0,0,False,-1
1894,DOUBLE,1,1,0,False,-1
1895,DOUBLE,1,1,0,False,-1
1896,NONE,0,0,0,False,-1
1897,TRIPLE,1,1,1,False,-1
1898,TRIPLE,1,1,1,False,-1
1899,NONE,0,0,0,False,-1
1900,SINGLE,0,0,1,False,-1
1901,SINGLE,0,1,0,False,-1
1902,DOUBLE,1,1,0,False,-1
1903,NONE,0,0,0,False,-1
1904,SINGLE,1,0,0,False,-1
1905,SINGLE,1,0,0,False,-1
1906,NONE,0,0,0,False,-1
1907,NONE,0,0,0,False,-1
1908,DOUBLE,1,1,0,False,-1
1909,NONE,0,0,0,False,-1
1910,SINGLE,0,1,0,False,-1
1911,DOUBLE,1,1,0,False,-1
1912,NONE,0,0,0,False,-1
1913,DOUBLE,1,1,0,False,-1
1914,NONE,0,0,0,False,-1
1915,NONE,0,0,0,False,-1
1916,DOUBLE,1,0,1,False,-1
1917,DOUBLE,1,1,0,False,-1
1918,SINGLE,0,1,0,False,-1
1919,TRIPLE,1,1,1,False,-1
1920,DOUBLE,1,1,0,False,-1
1921,NONE,0,0,0,False,-1
1922,NONE,0,0,0,False,-1
1923,DOUBLE,1,1,0,False,-1
1924,DOUBLE,1,0,1,False,-1
1925,SINGLE,0,0,1,False,-1
1926,NONE,0,0,0,False,-1
1927,TRIPLE,1,1,1,False,-1
1928,NONE,0,0,0,False,-1
1929,NONE,0,0,0,False,-1
1930,NONE,0,0,0,False,-1
1931,DOUBLE,1,1,0,False,-1
1932,TRIPLE,1,1,1,False,-1
1933,DOUBLE,1,1,0,False,-1
1934,SINGLE,0,1,0,False,-1
1935,NONE,0,0,0,False,-1
1936,NONE,0,0,0,False,-1
1937,TRIPLE,1,1,1,False,-1
1938,NONE,0,0,0,False,-1
1939,NONE,0,0,0,False,-1
1940,NONE,0,0,0,False,-1
1941,NONE,0,0,0,False,-1
1942,NONE,0,0,0,False,-1
1943,SINGLE,0,0,1,False,-1
1944,NONE,0,0,0,False,-1
1945,SINGLE,0,1,0,False,-1
1946,DOUBLE,1,1,0,False,-1
1947,NONE,0,0,0,False,-1
1948,NONE,0,0,0,False,-1
1949,NONE,0,0,0,False,-1
1950,NONE,0,0,0,False,-1
1951,NONE,0,0,0,False,-1
1952,NONE,0,0,0,False,-1
1953,SINGLE,1,0,0,False,-1
1954,NONE,0,0,0,False,-1
1955,NONE,0,0,0,False,-1
1956,TRIPLE,1,1,1,False,-1
1957,NONE,0,0,0,False,-1
1958,NONE,0,0,0,False,-1
1959,NONE,0,0,0,False,-1
1960,TRIPLE,1,1,1,False,-1
1961,TRIPLE,1,1,1,False,-1
1962,TRIPLE,1,1,1,False,-1
1963,TRIPLE,1,1,1,False,-1
1964,NONE,0,0,0,False,-1
1965,DOUBLE,1,1,0,False,-1
1966,DOUBLE,1,1,0,False,-1
1967,NONE,0,0,0,False,-1
1968,DOUBLE,1,1,0,False,-1
1969,DOUBLE,1,1,0,False,-1
1970,NONE,0,0,0,False,-1
1971,DOUBLE,1,1,0,False,-1
1972,NONE,0,0,0,False,-1
1973,NONE,0,0,0,False,-1
1974,NONE,0,0,0,False,-1
1975,TRIPLE,1,1,1,False,-1
1976,DOUBLE,1,1,0,False,-1
1977,TRIPLE,1,1,1,False,-1
1978,NONE,0,0,0,False,-1
1979,NONE,0,0,0,False,-1
1980,NONE,0,0,0,False,-1
1981,TRIPLE,1,1,1,False,-1
1982,TRIPLE,1,1,1,False,-1
1983,SINGLE,1,0,0,False,-1
1984,DOUBLE,1,1,0,False,-1
1985,NONE,0,0,0,False,-1
1986,NONE,0,0,0,False,-1
1987,NONE,0,0,0,False,-1
1988,NONE,0,0,0,False,-1
1989,NONE,0,0,0,False,-1
1990,NONE,0,0,0,False,-1
1991,DOUBLE,1,1,0,False,-1
1992,SINGLE,0,0,1,False,-1
1993,NONE,0,0,0,False,-1
1994,SINGLE,0,0,1,False,-1
1995,TRIPLE,1,1,1,False,-1
1996,NONE,0,0,0,False,-1
1997,NONE,0,0,0,False,-1
1998,NONE,0,0,0,False,-1
1999,NONE,0,0,0,False,-1
2000,NONE,0,0,0,False,-1
2001,NONE,0,0,0,False,-1
2002,NONE,0,0,0,False,-1
2003,NONE,0,0,0,False,-1
2004,TRIPLE,1,1,1,False,-1
2005,NONE,0,0,0,False,-1
2006,NONE,0,0,0,False,-1
2007,NONE,0,0,0,False,-1
2008,NONE,0,0,0,False,-1
2009,DOUBLE,1,1,0,False,-1
2010,NONE,0,0,0,False,-1
2011,NONE,0,0,0,False,-1
2012,NONE,0,0,0,False,-1
2013,TRIPLE,1,1,1,False,-1
2014,SINGLE,0,0,1,False,-1
2015,NONE,0,0,0,False,-1
2016,SINGLE,0,1,0,False,-1
2017,NONE,0,0,0,False,-1
2018,DOUBLE,1,1,0,False,-1
2019,NONE,0,0,0,False,-1
2020,TRIPLE,1,1,1,False,-1
2021,SINGLE,1,0,0,False,-1
2022,NONE,0,0,0,False,-1
2023,NONE,0,0,0,False,-1
2024,DOUBLE,1,1,0,False,-1
2025,NONE,0,0,0,False,-1
2026,NONE,0,0,0,False,-1
2027,NONE,0,0,0,False,-1
2028,NONE,0,0,0,False,-1
2029,SINGLE,1,0,0,False,-1
2030,NONE,0,0,0,False,-1
2031,NONE,0,0,0,False,-1
2032,NONE,0,0,0,False,-1
2033,NONE,0,0,0,False,-1
2034,NONE,0,0,0,False,-1
2035,SINGLE,1,0,0,False,-1
2036,DOUBLE,1,1,0,False,-1
2037,NONE,0,0,0,False,-1
2038,TRIPLE,1,1,1,False,-1
2039,NONE,0,0,0,False,-1
2040,NONE,0,0,0,False,-1
2041,NONE,0,0,0,False,-1
2042,NONE,0,0,0,False,-1
2043,DOUBLE,1,1,0,False,-1
2044,NONE,0,0,0,False,-1
2045,DOUBLE,1,1,0,False,-1
2046,NONE,0,0,0,False,-1
2047,DOUBLE,1,1,0,False,-1
2048,SINGLE,0,0,1,False,-1
2049,NONE,0,0,0,False,-1
2050,NONE,0,0,0,False,-1
2051,NONE,0,0,0,False,-1
2052,NONE,0,0,0,False,-1
2053,TRIPLE,1,1,1,False,-1
2054,NONE,0,0,0,False,-1
2055,DOUBLE,1,1,0,False,-1
2056,SINGLE,1,0,0,False,-1
2057,NONE,0,0,0,False,-1
2058,NONE,0,0,0,False,-1
2059,SINGLE,0,0,1,False,-1
2060,NONE,0,0,0,False,-1
2061,NONE,0,0,0,False,-1
2062,SINGLE,0,0,1,False,-1
2063,SINGLE,0,0,1,False,-1
2064,NONE,0,0,0,False,-1
2065,TRIPLE,1,1,1,False,-1
2066,NONE,0,0,0,False,-1
2067,SINGLE,1,0,0,False,-1
2068,TRIPLE,1,1,1,False,-1
2069,NONE,0,0,0,False,-1
2070,TRIPLE,1,1,1,False,-1
2071,NONE,0,0,0,False,-1
2072,NONE,0,0,0,False,-1
2073,NONE,0,0,0,False,-1
2074,SINGLE,0,0,1,False,-1
2075,NONE,0,0,0,False,-1
2076,NONE,0,0,0,False,-1
2077,NONE,0,0,0,False,-1
2078,TRIPLE,1,1,1,False,-1
2079,NONE,0,0,0,False,-1
2080,SINGLE,1,0,0,False,-1
2081,NONE,0,0,0,False,-1
2082,NONE,0,0,0,False,-1
2083,NONE,0,0,0,False,-1
2084,NONE,0,0,0,False,-1
2085,NONE,0,0,0,False,-1
2086,TRIPLE,1,1,1,False,-1
2087,NONE,0,0,0,False,-1
2088,NONE,0,0,0,False,-1
2089,SINGLE,1,0,0,False,-1
2090,NONE,0,0,0,False,-1
2091,SINGLE,0,0,1,False,-1
2092,NONE,0,0,0,False,-1
2093,NONE,0,0,0,False,-1
2094,NONE,0,0,0,False,-1
2095,NONE,0,0,0,False,-1
2096,TRIPLE,1,1,1,False,-1
2097,NONE,0,0,0,False,-1
2098,NONE,0,0,0,False,-1
2099,DOUBLE,1,1,0,False,-1
2100,NONE,0,0,0,False,-1
2101,NONE,0,0,0,False,-1
2102,DOUBLE,1,1,0,False,-1
2103,NONE,0,0,0,False,-1
2104,NONE,0,0,0,False,-1
2105,SINGLE,1,0,0,False,-1
2106,TRIPLE,1,1,1,False,-1
2107,SINGLE,0,0,1,False,-1
2108,NONE,0,0,0,False,-1
2109,NONE,0,0,0,False,-1
2110,DOUBLE,1,1,0,False,-1
2111,SINGLE,0,0,1,False,-1
2112,TRIPLE,1,1,1,False,-1
2113,NONE,0,0,0,False,-1
2114,TRIPLE,1,1,1,False,-1
2115,NONE,0,0,0,False,-1
2116,NONE,0,0,0,False,-1
2117,TRIPLE,1,1,1,False,-1
2118,NONE,0,0,0,False,-1
2119,DOUBLE,1,1,0,False,-1
2120,NONE,0,0,0,False,-1
2121,NONE,0,0,0,False,-1
2122,DOUBLE,1,1,0,False,-1
2123,NONE,0,0,0,False,-1
2124,SINGLE,1,0,0,False,-1
2125,SINGLE,1,0,0,False,-1
2126,DOUBLE,1,1,0,False,-1
2127,NONE,0,0,0,False,-1
2128,NONE,0,0,0,False,-1
2129,DOUBLE,1,1,0,False,-1
2130,SINGLE,0,0,1,False,-1
2131,NONE,0,0,0,False,-1
2132,NONE,0,0,0,False,-1
2133,NONE,0,0,0,False,-1
2134,NONE,0,0,0,False,-1
2135,NONE,0,0,0,False,-1
2136,NONE,0,0,0,False,-1
2137,NONE,0,0,0,False,-1
2138,NONE,0,0,0,False,-1
2139,NONE,0,0,0,False,-1
2140,SINGLE,0,0,1,False,-1
2141,NONE,0,0,0,False,-1
2142,SINGLE,0,0,1,False,-1
2143,NONE,0,0,0,False,-1
2144,NONE,0,0,0,False,-1
2145,NONE,0,0,0,False,-1
2146,SINGLE,0,0,1,False,-1
2147,NONE,0,0,0,False,-1
2148,NONE,0,0,0,False,-1
2149,NONE,0,0,0,False,-1
2150,NONE,0,0,0,False,-1
2151,NONE,0,0,0,False,-1
2152,SINGLE,0,0,1,False,-1
2153,TRIPLE,1,1,1,False,-1
2154,TRIPLE,1,1,1,False,-1
2155,NONE,0,0,0,False,-1
2156,DOUBLE,1,1,0,False,-1
2157,NONE,0,0,0,False,-1
2158,NONE,0,0,0,False,-1
2159,NONE,0,0,0,False,-1
2160,NONE,0,0,0,False,-1
2161,NONE,0,0,0,False,-1
2162,NONE,0,0,0,False,-1
2163,SINGLE,1,0,0,False,-1
2164,SINGLE,1,0,0,False,-1
2165,NONE,0,0,0,False,-1
2166,NONE,0,0,0,False,-1
2167,NONE,0,0,0,False,-1
2168,NONE,0,0,0,False,-1
2169,NONE,0,0,0,False,-1
2170,TRIPLE,1,1,1,False,-1
2171,NONE,0,0,0,False,-1
2172,NONE,0,0,0,False,-1
2173,NONE,0,0,0,False,-1
2174,SINGLE,0,0,1,False,-1
2175,NONE,0,0,0,False,-1
2176,NONE,0,0,0,False,-1
2177,TRIPLE,1,1,1,False,-1
2178,NONE,0,0,0,False,-1
2179,NONE,0,0,0,False,-1
2180,NONE,0,0,0,False,-1
2181,SINGLE,0,0,1,False,-1
2182,TRIPLE,1,1,1,False,-1
2183,NONE,0,0,0,False,-1
2184,TRIPLE,1,1,1,False,-1
2185,NONE,0,0,0,False,-1
2186,NONE,0,0,0,False,-1
2187,SINGLE,0,0,1,False,-1
2188,TRIPLE,1,1,1,False,-1
2189,TRIPLE,1,1,1,False,-1
2190,TRIPLE,1,1,1,False,-1
2191,DOUBLE,1,1,0,False,-1
2192,NONE,0,0,0,False,-1
2193,NONE,0,0,0,False,-1
2194,NONE,0,0,0,False,-1
2195,NONE,0,0,0,False,-1
2196,NONE,0,0,0,False,-1
2197,NONE,0,0,0,False,-1
2198,NONE,0,0,0,False,-1
2199,DOUBLE,1,1,0,False,-1
2200,SINGLE,0,0,1,False,-1
2201,NONE,0,0,0,False,-1
2202,NONE,0,0,0,False,-1
2203,DOUBLE,1,1,0,False,-1
2204,TRIPLE,1,1,1,False,-1
2205,DOUBLE,1,1,0,False,-1
2206,NONE,0,0,0,False,-1
2207,NONE,0,0,0,False,-1
2208,NONE,0,0,0,False,-1
2209,SINGLE,0,0,1,False,-1
2210,NONE,0,0,0,False,-1
2211,TRIPLE,1,1,1,False,-1
2212,DOUBLE,1,1,0,False,-1
2213,SINGLE,0,0,1,False,-1
2214,TRIPLE,1,1,1,False,-1
2215,NONE,0,0,0,False,-1
2216,NONE,0,0,0,False,-1
2217,SINGLE,0,0,1,False,-1
2218,NONE,0,0,0,False,-1
2219,DOUBLE,0,1,1,False,-1
2220,NONE,0,0,0,False,-1
2221,SINGLE,0,0,1,False,-1
2222,NONE,0,0,0,False,-1
2223,NONE,0,0,0,False,-1
2224,NONE,0,0,0,False,-1
2225,NONE,0,0,0,False,-1
2226,SINGLE,0,0,1,False,-1
2227,NONE,0,0,0,False,-1
2228,NONE,0,0,0,False,-1
2229,NONE,0,0,0,False,-1
2230,NONE,0,0,0,False,-1
2231,NONE,0,0,0,False,-1
2232,NONE,0,0,0,False,-1
2233,NONE,0,0,0,False,-1
2234,DOUBLE,1,1,0,False,-1
2235,NONE,0,0,0,False,-1
2236,NONE,0,0,0,False,-1
2237,DOUBLE,1,1,0,False,-1
2238,NONE,0,0,0,False,-1
2239,DOUBLE,1,1,0,False,-1
2240,NONE,0,0,0,False,-1
2241,NONE,0,0,0,False,-1
2242,NONE,0,0,0,False,-1
2243,SINGLE,1,0,0,False,-1
2244,TRIPLE,1,1,1,False,-1
2245,TRIPLE,1,1,1,False,-1
2246,SINGLE,1,0,0,False,-1
2247,NONE,0,0,0,False,-1
2248,NONE,0,0,0,False,-1
2249,TRIPLE,1,1,1,False,-1
2250,SINGLE,0,1,0,False,-1
2251,NONE,0,0,0,False,-1
2252,SINGLE,0,0,1,False,-1
2253,NONE,0,0,0,False,-1
2254,NONE,0,0,0,False,-1
2255,NONE,0,0,0,False,-1
2256,NONE,0,0,0,False,-1
2257,NONE,0,0,0,False,-1
2258,SINGLE,1,0,0,False,-1
2259,NONE,0,0,0,False,-1
2260,DOUBLE,1,1,0,False,-1
2261,NONE,0,0,0,False,-1
2262,SINGLE,0,0,1,False,-1
2263,NONE,0,0,0,False,-1
2264,NONE,0,0,0,False,-1
2265,SINGLE,0,0,1,False,-1
2266,SINGLE,0,0,1,False,-1
2267,NONE,0,0,0,False,-1
2268,NONE,0,0,0,False,-1
2269,NONE,0,0,0,False,-1
2270,SINGLE,0,0,1,False,-1
2271,NONE,0,0,0,False,-1
2272,NONE,0,0,0,False,-1
2273,NONE,0,0,0,False,-1
2274,DOUBLE,1,1,0,False,-1
2275,NONE,0,0,0,False,-1
2276,TRIPLE,1,1,1,False,-1
2277,SINGLE,0,0,1,False,-1
2278,NONE,0,0,0,False,-1
2279,SINGLE,0,0,1,False,-1
2280,NONE,0,0,0,False,-1
2281,DOUBLE,0,1,1,False,-1
2282,NONE,0,0,0,False,-1
2283,TRIPLE,1,1,1,False,-1
2284,NONE,0,0,0,False,-1
2285,NONE,0,0,0,False,-1
2286,NONE,0,0,0,False,-1
2287,SINGLE,0,0,1,False,-1
2288,DOUBLE,0,1,1,False,-1
2289,DOUBLE,1,1,0,False,-1
2290,NONE,0,0,0,False,-1
2291,DOUBLE,0,1,1,False,-1
2292,DOUBLE,1,1,0,False,-1
2293,NONE,0,0,0,False,-1
2294,SINGLE,0,1,0,False,-1
2295,NONE,0,0,0,False,-1
2296,DOUBLE,1,1,0,False,-1
2297,NONE,0,0,0,False,-1
2298,NONE,0,0,0,False,-1
2299,NONE,0,0,0,False,-1
2300,TRIPLE,1,1,1,False,-1
2301,NONE,0,0,0,False,-1
2302,SINGLE,1,0,0,False,-1
2303,DOUBLE,1,1,0,False,-1
2304,SINGLE,0,0,1,False,-1
2305,NONE,0,0,0,False,-1
2306,NONE,0,0,0,False,-1
2307,NONE,0,0,0,False,-1
2308,DOUBLE,0,1,1,False,-1
2309,TRIPLE,1,1,1,False,-1
2310,SINGLE,0,0,1,False,-1
2311,NONE,0,0,0,False,-1
2312,NONE,0,0,0,False,-1
2313,DOUBLE,1,1,0,False,-1
2314,NONE,0,0,0,False,-1
2315,NONE,0,0,0,False,-1
2316,NONE,0,0,0,False,-1
2317,NONE,0,0,0,False,-1
2318,NONE,0,0,0,False,-1
2319,DOUBLE,0,1,1,False,-1
2320,NONE,0,0,0,False,-1
2321,NONE,0,0,0,False,-1
2322,SINGLE,1,0,0,False,-1
2323,DOUBLE,1,1,0,False,-1
2324,NONE,0,0,0,False,-1
2325,NONE,0,0,0,False,-1
2326,SINGLE,1,0,0,False,-1
2327,NONE,0,0,0,False,-1
2328,NONE,0,0,0,False,-1
2329,DOUBLE,1,1,0,False,-1
2330,NONE,0,0,0,False,-1
2331,NONE,0,0,0,False,-1
2332,SINGLE,0,0,1,False,-1
2333,NONE,0,0,0,False,-1
2334,DOUBLE,1,1,0,False,-1
2335,NONE,0,0,0,False,-1
2336,SINGLE,0,0,1,False,-1
2337,NONE,0,0,0,False,-1
2338,NONE,0,0,0,False,-1
2339,SINGLE,0,0,1,False,-1
2340,NONE,0,0,0,False,-1
2341,NONE,0,0,0,False,-1
2342,NONE,0,0,0,False,-1
2343,NONE,0,0,0,False,-1
2344,NONE,0,0,0,False,-1
2345,NONE,0,0,0,False,-1
2346,NONE,0,0,0,False,-1
2347,NONE,0,0,0,False,-1
2348,DOUBLE,1,1,0,False,-1
2349,NONE,0,0,0,False,-1
2350,NONE,0,0,0,False,-1
2351,DOUBLE,1,1,0,False,-1
2352,SINGLE,1,0,0,False,-1
2353,NONE,0,0,0,False,-1
2354,SINGLE,1,0,0,False,-1
2355,DOUBLE,1,1,0,False,-1
2356,NONE,0,0,0,False,-1
2357,SINGLE,1,0,0,False,-1
2358,NONE,0,0,0,False,-1
2359,NONE,0,0,0,False,-1
2360,NONE,0,0,0,False,-1
2361,SINGLE,1,0,0,False,-1
2362,NONE,0,0,0,False,-1
2363,DOUBLE,1,1,0,False,-1
2364,DOUBLE,1,1,0,False,-1
2365,DOUBLE,1,1,0,False,-1
2366,DOUBLE,1,1,0,False,-1
2367,NONE,0,0,0,False,-1
2368,NONE,0,0,0,False,-1
2369,NONE,0,0,0,False,-1
2370,NONE,0,0,0,False,-1
2371,TRIPLE,1,1,1,False,-1
2372,NONE,0,0,0,False,-1
2373,NONE,0,0,0,False,-1
2374,NONE,0,0,0,False,-1
2375,NONE,0,0,0,False,-1
2376,DOUBLE,0,1,1,False,-1
2377,NONE,0,0,0,False,-1
2378,NONE,0,0,0,False,-1
2379,NONE,0,0,0,False,-1
2380,DOUBLE,1,1,0,False,-1
2381,NONE,0,0,0,False,-1
2382,NONE,0,0,0,False,-1
2383,NONE,0,0,0,False,-1
2384,NONE,0,0,0,False,-1
2385,NONE,0,0,0,False,-1
2386,NONE,0,0,0,False,-1
2387,NONE,0,0,0,False,-1
2388,TRIPLE,1,1,1,False,-1
2389,TRIPLE,1,1,1,False,-1
2390,NONE,0,0,0,False,-1
2391,NONE,0,0,0,False,-1
2392,NONE,0,0,0,False,-1
2393,NONE,0,0,0,False,-1
2394,TRIPLE,1,1,1,False,-1
2395,SINGLE,0,0,1,False,-1
2396,SINGLE,1,0,0,False,-1
2397,DOUBLE,1,1,0,False,-1
2398,NONE,0,0,0,False,-1
2399,TRIPLE,1,1,1,False,-1
2400,TRIPLE,1,1,1,False,-1
2401,NONE,0,0,0,False,-1
2402,NONE,0,0,0,False,-1
2403,NONE,0,0,0,False,-1
2404,NONE,0,0,0,False,-1
2405,DOUBLE,1,1,0,False,-1
2406,NONE,0,0,0,False,-1
2407,NONE,0,0,0,False,-1
2408,TRIPLE,1,1,1,False,-1
2409,NONE,0,0,0,False,-1
2410,TRIPLE,1,1,1,False,-1
2411,NONE,0,0,0,False,-1
2412,SINGLE,0,0,1,False,-1
2413,NONE,0,0,0,False,-1
2414,NONE,0,0,0,False,-1
2415,DOUBLE,1,1,0,False,-1
2416,NONE,0,0,0,False,-1
2417,DOUBLE,1,1,0,False,-1
2418,NONE,0,0,0,False,-1
2419,SINGLE,1,0,0,False,-1
2420,DOUBLE,1,1,0,False,-1
2421,NONE,0,0,0,False,-1
2422,NONE,0,0,0,False,-1
2423,TRIPLE,1,1,1,False,-1
2424,NONE,0,0,0,False,-1
2425,NONE,0,0,0,False,-1
2426,NONE,0,0,0,False,-1
2427,NONE,0,0,0,False,-1
2428,DOUBLE,1,1,0,False,-1
2429,NONE,0,0,0,False,-1
2430,NONE,0,0,0,False,-1
2431,NONE,0,0,0,False,-1
2432,TRIPLE,1,1,1,False,-1
2433,DOUBLE,1,1,0,False,-1
2434,SINGLE,1,0,0,False,-1
2435,NONE,0,0,0,False,-1
2436,NONE,0,0,0,False,-1
2437,DOUBLE,1,1,0,False,-1
2438,NONE,0,0,0,False,-1
2439,DOUBLE,0,1,1,False,-1
2440,NONE,0,0,0,False,-1
2441,NONE,0,0,0,False,-1
2442,NONE,0,0,0,False,-1
2443,NONE,0,0,0,False,-1
2444,SINGLE,0,0,1,False,-1
2445,SINGLE,0,0,1,False,-1
2446,DOUBLE,1,1,0,False,-1
2447,NONE,0,0,0,False,-1
2448,DOUBLE,1,1,0,False,-1
2449,NONE,0,0,0,False,-1
2450,TRIPLE,1,1,1,False,-1
2451,NONE,0,0,0,False,-1
2452,NONE,0,0,0,False,-1
2453,NONE,0,0,0,False,-1
2454,NONE,0,0,0,False,-1
2455,NONE,0,0,0,False,-1
2456,NONE,0,0,0,False,-1
2457,NONE,0,0,0,False,-1
2458,NONE,0,0,0,False,-1
2459,NONE,0,0,0,False,-1
2460,DOUBLE,1,1,0,False,-1
2461,NONE,0,0,0,False,-1
2462,NONE,0,0,0,False,-1
2463,NONE,0,0,0,False,-1
2464,SINGLE,1,0,0,False,-1
2465,DOUBLE,1,1,0,False,-1
2466,DOUBLE,1,1,0,False,-1
2467,NONE,0,0,0,False,-1
2468,NONE,0,0,0,False,-1
2469,NONE,0,0,0,False,-1
2470,NONE,0,0,0,False,-1
2471,NONE,0,0,0,False,-1
2472,DOUBLE,1,1,0,False,-1
2473,NONE,0,0,0,False,-1
2474,NONE,0,0,0,False,-1
2475,DOUBLE,1,1,0,False,-1
2476,NONE,0,0,0,False,-1
2477,NONE,0,0,0,False,-1
2478,NONE,0,0,0,False,-1
2479,NONE,0,0,0,False,-1
2480,NONE,0,0,0,False,-1
2481,SINGLE,0,0,1,False,-1
2482,SINGLE,0,0,1,False,-1
2483,NONE,0,0,0,False,-1
2484,NONE,0,0,0,False,-1
2485,DOUBLE,1,1,0,False,-1
2486,NONE,0,0,0,False,-1
2487,NONE,0,0,0,False,-1
2488,DOUBLE,1,1,0,False,-1
2489,NONE,0,0,0,False,-1
2490,TRIPLE,1,1,1,False,-1
2491,TRIPLE,1,1,1,False,-1
2492,NONE,0,0,0,False,-1
2493,SINGLE,1,0,0,False,-1
2494,TRIPLE,1,1,1,False,-1
2495,NONE,0,0,0,False,-1
2496,NONE,0,0,0,False,-1
2497,NONE,0,0,0,False,-1
2498,NONE,0,0,0,False,-1
2499,NONE,0,0,0,False,-1
2500,NONE,0,0,0,False,-1
2501,NONE,0,0,0,False,-1
2502,NONE,0,0,0,False,-1
2503,DOUBLE,1,1,0,False,-1
2504,NONE,0,0,0,False,-1
2505,NONE,0,0,0,False,-1
2506,NONE,0,0,0,False,-1
2507,NONE,0,0,0,False,-1
2508,NONE,0,0,0,False,-1
2509,NONE,0,0,0,False,-1
2510,NONE,0,0,0,False,-1
2511,SINGLE,0,1,0,False,-1
2512,NONE,0,0,0,False,-1
2513,NONE,0,0,0,False,-1
2514,SINGLE,1,0,0,False,-1
2515,NONE,0,0,0,False,-1
2516,NONE,0,0,0,False,-1
2517,NONE,0,0,0,False,-1
2518,NONE,0,0,0,False,-1
2519,NONE,0,0,0,False,-1
2520,NONE,0,0,0,False,-1
2521,TRIPLE,1,1,1,False,-1
2522,DOUBLE,1,1,0,False,-1
2523,SINGLE,0,0,1,False,-1
2524,NONE,0,0,0,False,-1
2525,NONE,0,0,0,False,-1
2526,NONE,0,0,0,False,-1
2527,SINGLE,0,0,1,False,-1
2528,NONE,0,0,0,False,-1
2529,DOUBLE,1,1,0,False,-1
2530,DOUBLE,1,1,0,False,-1
2531,NONE,0,0,0,False,-1
2532,NONE,0,0,0,False,-1
2533,NONE,0,0,0,False,-1
2534,NONE,0,0,0,False,-1
2535,DOUBLE,1,1,0,False,-1
2536,SINGLE,1,0,0,False,-1
2537,NONE,0,0,0,False,-1
2538,TRIPLE,1,1,1,False,-1
2539,NONE,0,0,0,False,-1
2540,NONE,0,0,0,False,-1
2541,NONE,0,0,0,False,-1
2542,NONE,0,0,0,False,-1
2543,SINGLE,0,1,0,False,-1
2544,NONE,0,0,0,False,-1
2545,NONE,0,0,0,False,-1
2546,NONE,0,0,0,False,-1
2547,NONE,0,0,0,False,-1
2548,TRIPLE,1,1,1,False,-1
2549,SINGLE,1,0,0,False,-1
2550,DOUBLE,1,1,0,False,-1
2551,NONE,0,0,0,False,-1
2552,NONE,0,0,0,False,-1
2553,NONE,0,0,0,False,-1
2554,NONE,0,0,0,False,-1
2555,TRIPLE,1,1,1,False,-1
2556,DOUBLE,1,1,0,False,-1
2557,NONE,0,0,0,False,-1
2558,NONE,0,0,0,False,-1
2559,NONE,0,0,0,False,-1
2560,NONE,0,0,0,False,-1
2561,DOUBLE,1,1,0,False,-1
2562,NONE,0,0,0,False,-1
2563,DOUBLE,0,1,1,False,-1
2564,NONE,0,0,0,False,-1
2565,NONE,0,0,0,False,-1
2566,NONE,0,0,0,False,-1
2567,SINGLE,1,0,0,False,-1
2568,SINGLE,0,0,1,False,-1
2569,NONE,0,0,0,False,-1
2570,NONE,0,0,0,False,-1
2571,NONE,0,0,0,False,-1
2572,SINGLE,0,0,1,False,-1
2573,NONE,0,0,0,False,-1
2574,TRIPLE,1,1,1,False,-1
2575,NONE,0,0,0,False,-1
2576,DOUBLE,1,1,0,False,-1
2577,DOUBLE,1,1,0,False,-1
2578,NONE,0,0,0,False,-1
2579,NONE,0,0,0,False,-1
2580,NONE,0,0,0,False,-1
2581,NONE,0,0,0,False,-1
2582,NONE,0,0,0,False,-1
2583,DOUBLE,1,1,0,False,-1
2584,NONE,0,0,0,False,-1
2585,NONE,0,0,0,False,-1
2586,NONE,0,0,0,False,-1
2587,NONE,0,0,0,False,-1
2588,NONE,0,0,0,False,-1
2589,NONE,0,0,0,False,-1
2590,NONE,0,0,0,False,-1
2591,NONE,0,0,0,False,-1
2592,NONE,0,0,0,False,-1
2593,TRIPLE,1,1,1,False,-1
2594,NONE,0,0,0,False,-1
2595,TRIPLE,1,1,1,False,-1
2596,NONE,0,0,0,False,-1
2597,TRIPLE,1,1,1,False,-1
2598,DOUBLE,1,1,0,False,-1
2599,DOUBLE,1,1,0,False,-1
2600,NONE,0,0,0,False,-1
2601,NONE,0,0,0,False,-1
2602,NONE,0,0,0,False,-1
2603,NONE,0,0,0,False,-1
2604,NONE,0,0,0,False,-1
2605,NONE,0,0,0,False,-1
2606,SINGLE,0,0,1,False,-1
2607,NONE,0,0,0,False,-1
2608,NONE,0,0,0,False,-1
2609,NONE,0,0,0,False,-1
2610,DOUBLE,1,1,0,False,-1
2611,DOUBLE,1,1,0,False,-1
2612,NONE,0,0,0,False,-1
2613,NONE,0,0,0,False,-1
2614,DOUBLE,0,1,1,False,-1
2615,NONE,0,0,0,False,-1
2616,SINGLE,0,0,1,False,-1
2617,DOUBLE,1,1,0,False,-1
2618,NONE,0,0,0,False,-1
2619,NONE,0,0,0,False,-1
2620,DOUBLE,1,1,0,False,-1
2621,SINGLE,0,0,1,False,-1
2622,NONE,0,0,0,False,-1
2623,NONE,0,0,0,False,-1
2624,NONE,0,0,0,False,-1
2625,NONE,0,0,0,False,-1
2626,SINGLE,0,0,1,False,-1
2627,DOUBLE,1,1,0,False,-1
2628,NONE,0,0,0,False,-1
2629,NONE,0,0,0,False,-1
2630,NONE,0,0,0,False,-1
2631,NONE,0,0,0,False,-1
2632,NONE,0,0,0,False,-1
2633,SINGLE,0,0,1,False,-1
2634,DOUBLE,1,1,0,False,-1
2635,NONE,0,0,0,False,-1
2636,TRIPLE,1,1,1,False,-1
2637,NONE,0,0,0,False,-1
2638,SINGLE,0,0,1,False,-1
2639,NONE,0,0,0,False,-1
2640,NONE,0,0,0,False,-1
2641,TRIPLE,1,1,1,False,-1
2642,TRIPLE,1,1,1,False,-1
2643,NONE,0,0,0,False,-1
2644,NONE,0,0,0,False,-1
2645,NONE,0,0,0,False,-1
2646,DOUBLE,1,1,0,False,-1
2647,NONE,0,0,0,False,-1
2648,SINGLE,1,0,0,False,-1
2649,NONE,0,0,0,False,-1
2650,DOUBLE,1,1,0,False,-1
2651,DOUBLE,1,1,0,False,-1
2652,SINGLE,0,1,0,False,-1
2653,NONE,0,0,0,False,-1
2654,SINGLE,0,1,0,False,-1
2655,NONE,0,0,0,False,-1
2656,NONE,0,0,0,False,-1
2657,NONE,0,0,0,False,-1
2658,NONE,0,0,0,False,-1
2659,TRIPLE,1,1,1,False,-1
2660,NONE,0,0,0,False,-1
2661,DOUBLE,1,1,0,False,-1
2662,NONE,0,0,0,False,-1
2663,DOUBLE,1,1,0,False,-1
2664,NONE,0,0,0,False,-1
2665,NONE,0,0,0,False,-1
2666,DOUBLE,1,1,0,False,-1
2667,SINGLE,1,0,0,False,-1
2668,SINGLE,1,0,0,False,-1
2669,NONE,0,0,0,False,-1
2670,NONE,0,0,0,False,-1
2671,NONE,0,0,0,False,-1
2672,TRIPLE,1,1,1,False,-1
2673,NONE,0,0,0,False,-1
2674,NONE,0,0,0,False,-1
2675,NONE,0,0,0,False,-1
2676,DOUBLE,1,1,0,False,-1
2677,NONE,0,0,0,False,-1
2678,NONE,0,0,0,False,-1
2679,NONE,0,0,0,False,-1
2680,DOUBLE,1,1,0,False,-1
2681,NONE,0,0,0,False,-1
2682,NONE,0,0,0,False,-1
2683,NONE,0,0,0,False,-1
2684,DOUBLE,0,1,1,False,-1
2685,NONE,0,0,0,False,-1
2686,NONE,0,0,0,False,-1
2687,NONE,0,0,0,False,-1
2688,SINGLE,0,0,1,False,-1
2689,NONE,0,0,0,False,-1
2690,NONE,0,0,0,False,-1
2691,DOUBLE,1,1,0,False,-1
2692,DOUBLE,1,1,0,False,-1
2693,DOUBLE,1,1,0,False,-1
2694,NONE,0,0,0,False,-1
2695,NONE,0,0,0,False,-1
2696,DOUBLE,1,1,0,False,-1
2697,NONE,0,0,0,False,-1
2698,NONE,0,0,0,False,-1
2699,NONE,0,0,0,False,-1
2700,NONE,0,0,0,False,-1
2701,NONE,0,0,0,False,-1
2702,NONE,0,0,0,False,-1
2703,NONE,0,0,0,False,-1
2704,TRIPLE,1,1,1,False,-1
2705,NONE,0,0,0,False,-1
2706,TRIPLE,1,1,1,False,-1
2707,DOUBLE,1,1,0,False,-1
2708,DOUBLE,1,1,0,False,-1
2709,DOUBLE,0,1,1,False,-1
2710,NONE,0,0,0,False,-1
2711,NONE,0,0,0,False,-1
2712,NONE,0,0,0,False,-1
2713,NONE,0,0,0,False,-1
2714,NONE,0,0,0,False,-1
2715,NONE,0,0,0,False,-1
2716,NONE,0,0,0,False,-1
2717,NONE,0,0,0,False,-1
2718,NONE,0,0,0,False,-1
2719,NONE,0,0,0,False,-1
2720,TRIPLE,1,1,1,False,-1
2721,NONE,0,0,0,False,-1
2722,SINGLE,0,0,1,False,-1
2723,NONE,0,0,0,False,-1
2724,NONE,0,0,0,False,-1
2725,SINGLE,0,0,1,False,-1
2726,NONE,0,0,0,False,-1
2727,SINGLE,0,0,1,False,-1
2728,NONE,0,0,0,False,-1
2729,DOUBLE,1,1,0,False,-1
2730,NONE,0,0,0,False,-1
2731,DOUBLE,1,0,1,False,-1
2732,SINGLE,0,0,1,False,-1
2733,SINGLE,0,0,1,False,-1
2734,TRIPLE,1,1,1,False,-1
2735,NONE,0,0,0,False,-1
2736,NONE,0,0,0,False,-1
2737,NONE,0,0,0,False,-1
2738,NONE,0,0,0,False,-1
2739,NONE,0,0,0,False,-1
2740,NONE,0,0,0,False,-1
2741,TRIPLE,1,1,1,False,-1
2742,NONE,0,0,0,False,-1
2743,NONE,0,0,0,False,-1
2744,DOUBLE,1,1,0,False,-1
2745,TRIPLE,1,1,1,False,-1
2746,NONE,0,0,0,False,-1
2747,NONE,0,0,0,False,-1
2748,NONE,0,0,0,False,-1
2749,NONE,0,0,0,False,-1
2750,NONE,0,0,0,False,-1
2751,NONE,0,0,0,False,-1
2752,NONE,0,0,0,False,-1
2753,SINGLE,0,1,0,False,-1
2754,TRIPLE,1,1,1,False,-1
2755,DOUBLE,1,1,0,False,-1
2756,NONE,0,0,0,False,-1
2757,NONE,0,0,0,False,-1
2758,NONE,0,0,0,False,-1
2759,SINGLE,0,0,1,False,-1
2760,NONE,0,0,0,False,-1
2761,TRIPLE,1,1,1,False,-1
2762,NONE,0,0,0,False,-1
2763,NONE,0,0,0,False,-1
2764,NONE,0,0,0,False,-1
2765,NONE,0,0,0,False,-1
2766,NONE,0,0,0,False,-1
2767,SINGLE,0,0,1,False,-1
2768,NONE,0,0,0,False,-1
2769,NONE,0,0,0,False,-1
2770,NONE,0,0,0,False,-1
2771,SINGLE,0,1,0,False,-1
2772,TRIPLE,1,1,1,False,-1
2773,SINGLE,0,0,1,False,-1
2774,TRIPLE,1,1,1,False,-1
2775,DOUBLE,1,1,0,False,-1
2776,NONE,0,0,0,False,-1
2777,DOUBLE,1,1,0,False,-1
2778,NONE,0,0,0,False,-1
2779,NONE,0,0,0,False,-1
2780,DOUBLE,1,1,0,False,-1
2781,TRIPLE,1,1,1,False,-1
2782,SINGLE,0,0,1,False,-1
2783,TRIPLE,1,1,1,False,-1
2784,NONE,0,0,0,False,-1
2785,DOUBLE,1,1,0,False,-1
2786,DOUBLE,1,1,0,False,-1
2787,NONE,0,0,0,False,-1
2788,TRIPLE,1,1,1,False,-1
2789,SINGLE,0,1,0,False,-1
2790,NONE,0,0,0,False,-1
2791,NONE,0,0,0,False,-1
2792,NONE,0,0,0,False,-1
2793,DOUBLE,0,1,1,False,-1
2794,NONE,0,0,0,False,-1
2795,NONE,0,0,0,False,-1
2796,NONE,0,0,0,False,-1
2797,NONE,0,0,0,False,-1
2798,NONE,0,0,0,False,-1
2799,NONE,0,0,0,False,-1
2800,NONE,0,0,0,False,-1
2801,NONE,0,0,0,False,-1
2802,NONE,0,0,0,False,-1
2803,NONE,0,0,0,False,-1
2804,NONE,0,0,0,False,-1
2805,SINGLE,1,0,0,False,-1
2806,NONE,0,0,0,False,-1
2807,DOUBLE,1,1,0,False,-1
2808,NONE,0,0,0,False,-1
2809,NONE,0,0,0,False,-1
2810,NONE,0,0,0,False,-1
2811,NONE,0,0,0,False,-1
2812,NONE,0,0,0,False,-1
2813,NONE,0,0,0,False,-1
2814,NONE,0,0,0,False,-1
2815,NONE,0,0,0,False,-1
2816,NONE,0,0,0,False,-1
2817,NONE,0,0,0,False,-1
2818,NONE,0,0,0,False,-1
2819,DOUBLE,1,1,0,False,-1
2820,SINGLE,0,0,1,False,-1
2821,SINGLE,0,1,0,False,-1
2822,SINGLE,0,0,1,False,-1
2823,NONE,0,0,0,False,-1
2824,SINGLE,0,0,1,False,-1
2825,NONE,0,0,0,False,-1
2826,NONE,0,0,0,False,-1
2827,SINGLE,1,0,0,False,-1
2828,NONE,0,0,0,False,-1
2829,NONE,0,0,0,False,-1
2830,NONE,0,0,0,False,-1
2831,NONE,0,0,0,False,-1
2832,DOUBLE,1,1,0,False,-1
2833,NONE,0,0,0,False,-1
2834,TRIPLE,1,1,1,False,-1
2835,NONE,0,0,0,False,-1
2836,DOUBLE,1,1,0,False,-1
2837,NONE,0,0,0,False,-1
2838,NONE,0,0,0,False,-1
2839,NONE,0,0,0,False,-1
2840,TRIPLE,1,1,1,False,-1
2841,NONE,0,0,0,False,-1
2842,DOUBLE,1,1,0,False,-1
2843,SINGLE,0,0,1,False,-1
2844,NONE,0,0,0,False,-1
2845,NONE,0,0,0,False,-1
2846,TRIPLE,1,1,1,False,-1
2847,TRIPLE,1,1,1,False,-1
2848,NONE,0,0,0,False,-1
2849,DOUBLE,0,1,1,False,-1
2850,NONE,0,0,0,False,-1
2851,SINGLE,0,0,1,False,-1
2852,NONE,0,0,0,False,-1
2853,NONE,0,0,0,False,-1
2854,SINGLE,0,0,1,False,-1
2855,NONE,0,0,0,False,-1
2856,NONE,0,0,0,False,-1
2857,DOUBLE,1,1,0,False,-1
2858,SINGLE,1,0,0,False,-1
2859,NONE,0,0,0,False,-1
2860,DOUBLE,1,1,0,False,-1
2861,NONE,0,0,0,False,-1
2862,NONE,0,0,0,False,-1
2863,DOUBLE,1,1,0,False,-1
2864,SINGLE,0,1,0,True,748.518
2865,DOUBLE,1,1,0,False,-1
2866,NONE,0,0,0,False,-1
2867,NONE,0,0,0,False,-1
2868,NONE,0,0,0,False,-1
2869,NONE,0,0,0,False,-1
2870,NONE,0,0,0,False,-1
2871,NONE,0,0,0,False,-1
2872,NONE,0,0,0,False,-1
2873,NONE,0,0,0,False,-1
2874,TRIPLE,1,1,1,False,-1
2875,NONE,0,0,0,False,-1
2876,NONE,0,0,0,False,-1
2877,DOUBLE,1,1,0,False,-1
2878,NONE,0,0,0,False,-1
2879,NONE,0,0,0,False,-1
2880,NONE,0,0,0,False,-1
2881,NONE,0,0,0,False,-1
2882,NONE,0,0,0,False,-1
2883,NONE,0,0,0,False,-1
2884,DOUBLE,1,1,0,False,-1
2885,NONE,0,0,0,False,-1
2886,SINGLE,0,0,1,False,-1
2887,DOUBLE,1,1,0,False,-1
2888,NONE,0,0,0,False,-1
2889,NONE,0,0,0,False,-1
2890,NONE,0,0,0,False,-1
2891,NONE,0,0,0,False,-1
2892,NONE,0,0,0,False,-1
2893,NONE,0,0,0,False,-1
2894,DOUBLE,1,1,0,False,-1
2895,NONE,0,0,0,False,-1
2896,NONE,0,0,0,False,-1
2897,SINGLE,1,0,0,False,-1
2898,NONE,0,0,0,False,-1
2899,NONE,0,0,0,False,-1
2900,TRIPLE,1,1,1,False,-1
2901,TRIPLE,1,1,1,False,-1
2902,NONE,0,0,0,False,-1
2903,SINGLE,0,0,1,False,-1
2904,NONE,0,0,0,False,-1
2905,DOUBLE,0,1,1,False,-1
2906,DOUBLE,1,1,0,False,-1
2907,TRIPLE,1,1,1,False,-1
2908,SINGLE,0,0,1,False,-1
2909,TRIPLE,1,1,1,False,-1
2910,NONE,0,0,0,False,-1
2911,TRIPLE,1,1,1,False,-1
2912,NONE,0,0,0,False,-1
2913,NONE,0,0,0,False,-1
2914,TRIPLE,1,1,1,False,-1
2915,NONE,0,0,0,False,-1
2916,NONE,0,0,0,False,-1
2917,DOUBLE,1,1,0,False,-1
2918,NONE,0,0,0,False,-1
2919,DOUBLE,1,1,0,False,-1
2920,NONE,0,0,0,False,-1
2921,NONE,0,0,0,False,-1
2922,NONE,0,0,0,False,-1
2923,TRIPLE,1,1,1,False,-1
2924,NONE,0,0,0,False,-1
2925,NONE,0,0,0,False,-1
2926,NONE,0,0,0,False,-1
2927,NONE,0,0,0,False,-1
2928,DOUBLE,1,1,0,False,-1
2929,SINGLE,0,0,1,False,-1
2930,NONE,0,0,0,False,-1
2931,SINGLE,0,0,1,False,-1
2932,DOUBLE,0,1,1,False,-1
2933,SINGLE,1,0,0,False,-1
2934,NONE,0,0,0,False,-1
2935,NONE,0,0,0,False,-1
2936,TRIPLE,1,1,1,False,-1
2937,NONE,0,0,0,False,-1
2938,NONE,0,0,0,False,-1
2939,DOUBLE,1,1,0,False,-1
2940,NONE,0,0,0,False,-1
2941,DOUBLE,1,1,0,False,-1
2942,DOUBLE,1,1,0,False,-1
2943,DOUBLE,0,1,1,False,-1
2944,NONE,0,0,0,False,-1
2945,SINGLE,1,0,0,False,-1
2946,NONE,0,0,0,False,-1
2947,NONE,0,0,0,False,-1
2948,NONE,0,0,0,False,-1
2949,NONE,0,0,0,False,-1
2950,TRIPLE,1,1,1,False,-1
2951,SINGLE,0,1,0,False,-1
2952,NONE,0,0,0,False,-1
2953,DOUBLE,1,1,0,False,-1
2954,DOUBLE,1,1,0,False,-1
2955,NONE,0,0,0,False,-1
2956,TRIPLE,1,1,1,False,-1
2957,NONE,0,0,0,False,-1
2958,NONE,0,0,0,False,-1
2959,NONE,0,0,0,False,-1
2960,NONE,0,0,0,False,-1
2961,NONE,0,0,0,False,-1
2962,NONE,0,0,0,False,-1
2963,DOUBLE,1,1,0,False,-1
2964,SINGLE,0,1,0,False,-1
2965,TRIPLE,1,1,1,False,-1
2966,NONE,0,0,0,False,-1
2967,NONE,0,0,0,False,-1
2968,NONE,0,0,0,False,-1
2969,NONE,0,0,0,False,-1
2970,NONE,0,0,0,False,-1
2971,NONE,0,0,0,False,-1
2972,NONE,0,0,0,False,-1
2973,NONE,0,0,0,False,-1
2974,NONE,0,0,0,False,-1
2975,NONE,0,0,0,False,-1
2976,NONE,0,0,0,False,-1
2977,DOUBLE,1,1,0,False,-1
2978,NONE,0,0,0,False,-1
2979,TRIPLE,1,1,1,False,-1
2980,NONE,0,0,0,False,-1
2981,NONE,0,0,0,False,-1
2982,NONE,0,0,0,False,-1
2983,SINGLE,0,0,1,False,-1
2984,SINGLE,0,0,1,False,-1
2985,NONE,0,0,0,False,-1
2986,DOUBLE,1,1,0,False,-1
2987,TRIPLE,1,1,1,False,-1
2988,NONE,0,0,0,False,-1
2989,NONE,0,0,0,False,-1
2990,DOUBLE,1,1,0,False,-1
2991,NONE,0,0,0,False,-1
2992,NONE,0,0,0,False,-1
2993,NONE,0,0,0,False,-1
2994,NONE,0,0,0,False,-1
2995,NONE,0,0,0,False,-1
2996,DOUBLE,1,1,0,False,-1
2997,NONE,0,0,0,False,-1
2998,NONE,0,0,0,False,-1
2999,NONE,0,0,0,False,-1
3000,DOUBLE,1,1,0,False,-1
3001,DOUBLE,1,1,0,False,-1
3002,NONE,0,0,0,False,-1
3003,NONE,0,0,0,False,-1
3004,NONE,0,0,0,False,-1
3005,NONE,0,0,0,False,-1
3006,NONE,0,0,0,False,-1
3007,NONE,0,0,0,False,-1
3008,TRIPLE,1,1,1,False,-1
3009,NONE,0,0,0,False,-1
3010,NONE,0,0,0,False,-1
3011,TRIPLE,1,1,1,False,-1
3012,TRIPLE,1,1,1,False,-1
3013,TRIPLE,1,1,1,False,-1
3014,NONE,0,0,0,False,-1
3015,NONE,0,0,0,False,-1
3016,NONE,0,0,0,False,-1
3017,NONE,0,0,0,False,-1
3018,NONE,0,0,0,False,-1
3019,NONE,0,0,0,False,-1
3020,NONE,0,0,0,False,-1
3021,NONE,0,0,0,False,-1
3022,NONE,0,0,0,False,-1
3023,SINGLE,1,0,0,False,-1
3024,SINGLE,0,0,1,False,-1
3025,TRIPLE,1,1,1,False,-1
3026,TRIPLE,1,1,1,False,-1
3027,DOUBLE,1,1,0,False,-1
3028,NONE,0,0,0,False,-1
3029,NONE,0,0,0,False,-1
3030,NONE,0,0,0,False,-1
3031,NONE,0,0,0,False,-1
3032,DOUBLE,1,1,0,False,-1
3033,NONE,0,0,0,False,-1
3034,NONE,0,0,0,False,-1
3035,TRIPLE,1,1,1,False,-1
3036,NONE,0,0,0,False,-1
3037,NONE,0,0,0,False,-1
3038,NONE,0,0,0,False,-1
3039,NONE,0,0,0,False,-1
3040,NONE,0,0,0,False,-1
3041,NONE,0,0,0,False,-1
3042,NONE,0,0,0,False,-1
3043,SINGLE,0,1,0,False,-1
3044,NONE,0,0,0,False,-1
3045,NONE,0,0,0,False,-1
3046,NONE,0,0,0,False,-1
3047,SINGLE,1,0,0,False,-1
3048,TRIPLE,1,1,1,False,-1
3049,NONE,0,0,0,False,-1
3050,NONE,0,0,0,False,-1
3051,NONE,0,0,0,False,-1
3052,NONE,0,0,0,False,-1
3053,SINGLE,0,0,1,False,-1
3054,NONE,0,0,0,False,-1
3055,TRIPLE,1,1,1,False,-1
3056,SINGLE,1,0,0,False,-1
3057,NONE,0,0,0,False,-1
3058,TRIPLE,1,1,1,False,-1
3059,SINGLE,0,0,1,False,-1
3060,NONE,0,0,0,False,-1
3061,NONE,0,0,0,False,-1
3062,NONE,0,0,0,False,-1
3063,NONE,0,0,0,False,-1
3064,TRIPLE,1,1,1,False,-1
3065,SINGLE,0,0,1,False,-1
3066,NONE,0,0,0,False,-1
3067,NONE,0,0,0,False,-1
3068,NONE,0,0,0,False,-1
3069,NONE,0,0,0,False,-1
3070,NONE,0,0,0,False,-1
3071,NONE,0,0,0,False,-1
3072,NONE,0,0,0,False,-1
3073,SINGLE,1,0,0,False,-1
3074,NONE,0,0,0,False,-1
3075,NONE,0,0,0,False,-1
3076,NONE,0,0,0,False,-1
3077,NONE,0,0,0,False,-1
3078,NONE,0,0,0,False,-1
3079,NONE,0,0,0,False,-1
3080,NONE,0,0,0,False,-1
3081,NONE,0,0,0,False,-1
3082,NONE,0,0,0,False,-1
3083,TRIPLE,1,1,1,False,-1
3084,NONE,0,0,0,False,-1
3085,TRIPLE,1,1,1,False,-1
3086,SINGLE,0,0,1,False,-1
3087,TRIPLE,1,1,1,False,-1
3088,NONE,0,0,0,False,-1
3089,NONE,0,0,0,False,-1
3090,DOUBLE,1,1,0,False,-1
3091,SINGLE,1,0,0,False,-1
3092,NONE,0,0,0,False,-1
3093,SINGLE,1,0,0,False,-1
3094,SINGLE,1,0,0,False,-1
3095,TRIPLE,1,1,1,False,-1
3096,DOUBLE,1,1,0,False,-1
3097,NONE,0,0,0,False,-1
3098,NONE,0,0,0,False,-1
3099,NONE,0,0,0,False,-1
3100,DOUBLE,1,1,0,False,-1
3101,NONE,0,0,0,False,-1
3102,TRIPLE,1,1,1,False,-1
3103,NONE,0,0,0,False,-1
3104,NONE,0,0,0,False,-1
3105,NONE,0,0,0,False,-1
3106,SINGLE,0,0,1,False,-1
3107,NONE,0,0,0,False,-1
3108,NONE,0,0,0,False,-1
3109,NONE,0,0,0,False,-1
3110,TRIPLE,1,1,1,False,-1
3111,NONE,0,0,0,False,-1
3112,NONE,0,0,0,False,-1
3113,NONE,0,0,0,False,-1
3114,NONE,0,0,0,False,-1
3115,TRIPLE,1,1,1,False,-1
3116,NONE,0,0,0,False,-1
3117,NONE,0,0,0,False,-1
3118,NONE,0,0,0,False,-1
3119,DOUBLE,1,1,0,False,-1
3120,NONE,0,0,0,False,-1
3121,DOUBLE,0,1,1,False,-1
3122,NONE,0,0,0,False,-1
3123,NONE,0,0,0,False,-1
3124,NONE,0,0,0,False,-1
3125,TRIPLE,1,1,1,False,-1
3126,TRIPLE,1,1,1,False,-1
3127,SINGLE,0,0,1,False,-1
3128,NONE,0,0,0,False,-1
3129,DOUBLE,1,1,0,False,-1
3130,NONE,0,0,0,False,-1
3131,NONE,0,0,0,False,-1
3132,NONE,0,0,0,False,-1
3133,DOUBLE,0,1,1,False,-1
3134,DOUBLE,1,0,1,False,-1
3135,DOUBLE,1,1,0,False,-1
3136,DOUBLE,0,1,1,False,-1
3137,SINGLE,0,1,0,False,-1
3138,NONE,0,0,0,False,-1
3139,SINGLE,1,0,0,False,-1
3140,NONE,0,0,0,False,-1
3141,SINGLE,1,0,0,False,-1
3142,DOUBLE,1,1,0,False,-1
3143,NONE,0,0,0,False,-1
3144,NONE,0,0,0,False,-1
3145,DOUBLE,1,1,0,False,-1
3146,NONE,0,0,0,False,-1
3147,NONE,0,0,0,False,-1
3148,NONE,0,0,0,False,-1
3149,NONE,0,0,0,False,-1
3150,SINGLE,0,0,1,False,-1
3151,SINGLE,1,0,0,False,-1
3152,NONE,0,0,0,False,-1
3153,NONE,0,0,0,False,-1
3154,DOUBLE,0,1,1,False,-1
3155,NONE,0,0,0,False,-1
3156,SINGLE,0,0,1,False,-1
3157,NONE,0,0,0,False,-1
3158,TRIPLE,1,1,1,False,-1
3159,NONE,0,0,0,False,-1
3160,NONE,0,0,0,False,-1
3161,NONE,0,0,0,False,-1
3162,NONE,0,0,0,False,-1
3163,SINGLE,0,0,1,False,-1
3164,DOUBLE,1,1,0,False,-1
3165,NONE,0,0,0,False,-1
3166,NONE,0,0,0,False,-1
3167,NONE,0,0,0,False,-1
3168,NONE,0,0,0,False,-1
3169,DOUBLE,1,1,0,False,-1
3170,TRIPLE,1,1,1,False,-1
3171,TRIPLE,1,1,1,False,-1
3172,NONE,0,0,0,False,-1
3173,NONE,0,0,0,False,-1
3174,NONE,0,0,0,False,-1
3175,SINGLE,0,0,1,False,-1
3176,NONE,0,0,0,False,-1
3177,NONE,0,0,0,False,-1
3178,DOUBLE,1,1,0,False,-1
3179,NONE,0,0,0,False,-1
3180,NONE,0,0,0,False,-1
3181,NONE,0,0,0,False,-1
3182,NONE,0,0,0,False,-1
3183,NONE,0,0,0,False,-1
3184,NONE,0,0,0,False,-1
3185,NONE,0,0,0,False,-1
3186,SINGLE,1,0,0,False,-1
3187,NONE,0,0,0,False,-1
3188,NONE,0,0,0,False,-1
3189,SINGLE,1,0,0,False,-1
3190,NONE,0,0,0,False,-1
3191,SINGLE,0,0,1,False,-1
3192,SINGLE,0,0,1,False,-1
3193,TRIPLE,1,1,1,False,-1
3194,TRIPLE,1,1,1,False,-1
3195,NONE,0,0,0,False,-1
3196,SINGLE,0,0,1,False,-1
3197,NONE,0,0,0,False,-1
3198,SINGLE,0,0,1,False,-1
3199,NONE,0,0,0,False,-1
3200,NONE,0,0,0,False,-1
3201,NONE,0,0,0,False,-1
3202,NONE,0,0,0,False,-1
3203,TRIPLE,1,1,1,False,-1
3204,NONE,0,0,0,False,-1
3205,SINGLE,0,0,1,False,-1
3206,DOUBLE,1,1,0,False,-1
3207,NONE,0,0,0,False,-1
3208,NONE,0,0,0,False,-1
3209,NONE,0,0,0,False,-1
3210,NONE,0,0,0,False,-1
3211,SINGLE,0,0,1,False,-1
3212,DOUBLE,0,1,1,False,-1
3213,SINGLE,0,1,0,False,-1
3214,SINGLE,0,0,1,False,-1
3215,TRIPLE,1,1,1,False,-1
3216,NONE,0,0,0,False,-1
3217,NONE,0,0,0,False,-1
3218,NONE,0,0,0,False,-1
3219,NONE,0,0,0,False,-1
3220,TRIPLE,1,1,1,False,-1
3221,TRIPLE,1,1,1,False,-1
3222,NONE,0,0,0,False,-1
3223,NONE,0,0,0,False,-1
3224,NONE,0,0,0,False,-1
3225,NONE,0,0,0,False,-1
3226,NONE,0,0,0,False,-1
3227,NONE,0,0,0,False,-1
3228,NONE,0,0,0,False,-1
3229,NONE,0,0,0,False,-1
3230,DOUBLE,0,1,1,False,-1
3231,DOUBLE,0,1,1,False,-1
3232,DOUBLE,1,1,0,False,-1
3233,DOUBLE,1,1,0,False,-1
3234,NONE,0,0,0,False,-1
3235,DOUBLE,1,1,0,False,-1
3236,NONE,0,0,0,False,-1
3237,NONE,0,0,0,False,-1
3238,NONE,0,0,0,False,-1
3239,DOUBLE,1,1,0,False,-1
3240,NONE,0,0,0,False,-1
3241,NONE,0,0,0,False,-1
3242,NONE,0,0,0,False,-1
3243,NONE,0,0,0,False,-1
3244,DOUBLE,1,1,0,False,-1
3245,TRIPLE,1,1,1,False,-1
3246,NONE,0,0,0,False,-1
3247,SINGLE,0,1,0,False,-1
3248,DOUBLE,1,1,0,False,-1
3249,NONE,0,0,0,False,-1
3250,DOUBLE,0,1,1,False,-1
3251,TRIPLE,1,1,1,False,-1
3252,TRIPLE,1,1,1,False,-1
3253,NONE,0,0,0,False,-1
3254,NONE,0,0,0,False,-1
3255,NONE,0,0,0,False,-1
3256,TRIPLE,1,1,1,True,640.44
3257,NONE,0,0,0,False,-1
3258,SINGLE,1,0,0,False,-1
3259,NONE,0,0,0,False,-1
3260,SINGLE,1,0,0,False,-1
3261,NONE,0,0,0,False,-1
3262,DOUBLE,0,1,1,False,-1
3263,NONE,0,0,0,False,-1
3264,NONE,0,0,0,False,-1
3265,NONE,0,0,0,False,-1
3266,NONE,0,0,0,False,-1
3267,NONE,0,0,0,False,-1
3268,NONE,0,0,0,False,-1
3269,TRIPLE,1,1,1,False,-1
3270,SINGLE,0,0,1,False,-1
3271,NONE,0,0,0,False,-1
3272,SINGLE,0,0,1,False,-1
3273,NONE,0,0,0,False,-1
3274,NONE,0,0,0,False,-1
3275,DOUBLE,1,1,0,False,-1
3276,NONE,0,0,0,False,-1
3277,NONE,0,0,0,False,-1
3278,SINGLE,0,0,1,False,-1
3279,NONE,0,0,0,False,-1
3280,NONE,0,0,0,False,-1
3281,NONE,0,0,0,False,-1
3282,TRIPLE,1,1,1,False,-1
3283,TRIPLE,1,1,1,False,-1
3284,NONE,0,0,0,False,-1
3285,NONE,0,0,0,False,-1
3286,NONE,0,0,0,False,-1
3287,NONE,0,0,0,False,-1
3288,NONE,0,0,0,False,-1
3289,NONE,0,0,0,False,-1
3290,DOUBLE,1,1,0,False,-1
3291,NONE,0,0,0,False,-1
3292,NONE,0,0,0,False,-1
3293,NONE,0,0,0,False,-1
3294,NONE,0,0,0,False,-1
3295,NONE,0,0,0,False,-1
3296,NONE,0,0,0,False,-1
3297,NONE,0,0,0,False,-1
3298,NONE,0,0,0,False,-1
3299,NONE,0,0,0,False,-1
3300,DOUBLE,1,1,0,False,-1
3301,DOUBLE,1,1,0,False,-1
3302,NONE,0,0,0,False,-1
3303,NONE,0,0,0,False,-1
3304,NONE,0,0,0,False,-1
3305,NONE,0,0,0,False,-1
3306,SINGLE,0,0,1,False,-1
3307,NONE,0,0,0,False,-1
3308,NONE,0,0,0,False,-1
3309,SINGLE,0,1,0,False,-1
3310,NONE,0,0,0,False,-1
3311,TRIPLE,1,1,1,False,-1
3312,SINGLE,0,0,1,False,-1
3313,DOUBLE,1,0,1,False,-1
3314,NONE,0,0,0,False,-1
3315,NONE,0,0,0,False,-1
3316,NONE,0,0,0,False,-1
3317,NONE,0,0,0,False,-1
3318,SINGLE,0,1,0,False,-1
3319,NONE,0,0,0,False,-1
3320,DOUBLE,1,1,0,False,-1
3321,NONE,0,0,0,False,-1
3322,NONE,0,0,0,False,-1
3323,NONE,0,0,0,False,-1
3324,TRIPLE,1,1,1,False,-1
3325,NONE,0,0,0,False,-1
3326,NONE,0,0,0,False,-1
3327,SINGLE,0,0,1,False,-1
3328,NONE,0,0,0,False,-1
3329,NONE,0,0,0,False,-1
3330,SINGLE,1,0,0,False,-1
3331,SINGLE,0,0,1,False,-1
3332,NONE,0,0,0,False,-1
3333,NONE,0,0,0,False,-1
3334,NONE,0,0,0,False,-1
3335,NONE,0,0,0,False,-1
3336,NONE,0,0,0,False,-1
3337,NONE,0,0,0,False,-1
3338,NONE,0,0,0,False,-1
3339,SINGLE,1,0,0,False,-1
3340,DOUBLE,1,1,0,False,-1
3341,NONE,0,0,0,False,-1
3342,DOUBLE,1,1,0,False,-1
3343,TRIPLE,1,1,1,False,-1
3344,DOUBLE,0,1,1,False,-1
3345,NONE,0,0,0,False,-1
3346,NONE,0,0,0,False,-1
3347,NONE,0,0,0,False,-1
3348,SINGLE,1,0,0,False,-1
3349,DOUBLE,1,1,0,False,-1
3350,NONE,0,0,0,False,-1
3351,NONE,0,0,0,False,-1
3352,NONE,0,0,0,False,-1
3353,DOUBLE,1,1,0,False,-1
3354,DOUBLE,1,1,0,False,-1
3355,NONE,0,0,0,False,-1
3356,NONE,0,0,0,False,-1
3357,NONE,0,0,0,False,-1
3358,NONE,0,0,0,False,-1
3359,NONE,0,0,0,False,-1
3360,NONE,0,0,0,False,-1
3361,NONE,0,0,0,False,-1
3362,TRIPLE,1,1,1,False,-1
3363,DOUBLE,1,1,0,False,-1
3364,NONE,0,0,0,False,-1
3365,DOUBLE,1,1,0,False,-1
3366,TRIPLE,1,1,1,False,-1
3367,DOUBLE,0,1,1,False,-1
3368,SINGLE,0,0,1,False,-1
3369,TRIPLE,1,1,1,False,-1
3370,SINGLE,0,0,1,False,-1
3371,NONE,0,0,0,False,-1
3372,NONE,0,0,0,False,-1
3373,NONE,0,0,0,False,-1
3374,NONE,0,0,0,False,-1
3375,NONE,0,0,0,False,-1
3376,TRIPLE,1,1,1,False,-1
3377,DOUBLE,1,1,0,False,-1
3378,NONE,0,0,0,False,-1
3379,NONE,0,0,0,False,-1
3380,NONE,0,0,0,False,-1
3381,DOUBLE,1,1,0,False,-1
3382,NONE,0,0,0,False,-1
3383,NONE,0,0,0,False,-1
3384,NONE,0,0,0,False,-1
3385,DOUBLE,1,1,0,False,-1
3386,TRIPLE,1,1,1,False,-1
3387,NONE,0,0,0,False,-1
3388,TRIPLE,1,1,1,False,-1
3389,NONE,0,0,0,False,-1
3390,NONE,0,0,0,False,-1
3391,NONE,0,0,0,False,-1
3392,SINGLE,0,0,1,False,-1
3393,DOUBLE,1,1,0,False,-1
3394,NONE,0,0,0,False,-1
3395,NONE,0,0,0,False,-1
3396,NONE,0,0,0,False,-1
3397,TRIPLE,1,1,1,False,-1
3398,NONE,0,0,0,False,-1
3399,NONE,0,0,0,False,-1
3400,DOUBLE,1,1,0,False,-1
3401,NONE,0,0,0,False,-1
3402,TRIPLE,1,1,1,False,-1
3403,NONE,0,0,0,False,-1
3404,NONE,0,0,0,False,-1
3405,SINGLE,0,0,1,False,-1
3406,NONE,0,0,0,False,-1
3407,NONE,0,0,0,False,-1
3408,SINGLE,0,0,1,False,-1
3409,NONE,0,0,0,False,-1
3410,TRIPLE,1,1,1,False,-1
3411,NONE,0,0,0,False,-1
3412,SINGLE,0,1,0,False,-1
3413,NONE,0,0,0,False,-1
3414,NONE,0,0,0,False,-1
3415,NONE,0,0,0,False,-1
3416,NONE,0,0,0,False,-1
3417,SINGLE,0,0,1,False,-1
3418,NONE,0,0,0,False,-1
3419,TRIPLE,1,1,1,False,-1
3420,NONE,0,0,0,False,-1
3421,NONE,0,0,0,False,-1
3422,SINGLE,1,0,0,False,-1
3423,NONE,0,0,0,False,-1
3424,NONE,0,0,0,False,-1
3425,NONE,0,0,0,False,-1
3426,DOUBLE,1,1,0,False,-1
3427,NONE,0,0,0,False,-1
3428,NONE,0,0,0,False,-1
3429,DOUBLE,1,1,0,False,-1
3430,NONE,0,0,0,False,-1
3431,NONE,0,0,0,False,-1
3432,NONE,0,0,0,False,-1
3433,TRIPLE,1,1,1,False,-1
3434,NONE,0,0,0,False,-1
3435,DOUBLE,1,1,0,False,-1
3436,NONE,0,0,0,False,-1
3437,NONE,0,0,0,False,-1
3438,NONE,0,0,0,False,-1
3439,NONE,0,0,0,False,-1
3440,TRIPLE,1,1,1,False,-1
3441,NONE,0,0,0,False,-1
3442,DOUBLE,1,1,0,False,-1
3443,NONE,0,0,0,False,-1
3444,TRIPLE,1,1,1,False,-1
3445,NONE,0,0,0,False,-1
3446,NONE,0,0,0,False,-1
3447,NONE,0,0,0,False,-1
3448,NONE,0,0,0,False,-1
3449,DOUBLE,1,1,0,False,-1
3450,NONE,0,0,0,False,-1
3451,NONE,0,0,0,False,-1
3452,NONE,0,0,0,False,-1
3453,NONE,0,0,0,False,-1
3454,NONE,0,0,0,False,-1
3455,TRIPLE,1,1,1,False,-1
3456,DOUBLE,1,1,0,False,-1
3457,NONE,0,0,0,False,-1
3458,TRIPLE,1,1,1,False,-1
3459,NONE,0,0,0,False,-1
3460,NONE,0,0,0,False,-1
3461,DOUBLE,1,1,0,False,-1
3462,NONE,0,0,0,False,-1
3463,NONE,0,0,0,False,-1
3464,NONE,0,0,0,False,-1
3465,NONE,0,0,0,False,-1
3466,DOUBLE,0,1,1,False,-1
3467,NONE,0,0,0,False,-1
3468,NONE,0,0,0,False,-1
3469,TRIPLE,1,1,1,False,-1
3470,NONE,0,0,0,False,-1
3471,TRIPLE,1,1,1,False,-1
3472,NONE,0,0,0,False,-1
3473,SINGLE,1,0,0,False,-1
3474,SINGLE,0,0,1,False,-1
3475,TRIPLE,1,1,1,False,-1
3476,NONE,0,0,0,False,-1
3477,NONE,0,0,0,False,-1
3478,NONE,0,0,0,False,-1
3479,SINGLE,0,0,1,False,-1
3480,TRIPLE,1,1,1,False,-1
3481,NONE,0,0,0,False,-1
3482,NONE,0,0,0,False,-1
3483,NONE,0,0,0,False,-1
3484,NONE,0,0,0,False,-1
3485,NONE,0,0,0,False,-1
3486,NONE,0,0,0,False,-1
3487,NONE,0,0,0,False,-1
3488,NONE,0,0,0,False,-1
3489,NONE,0,0,0,False,-1
3490,SINGLE,0,0,1,False,-1
3491,DOUBLE,1,1,0,False,-1
3492,NONE,0,0,0,False,-1
3493,TRIPLE,1,1,1,False,-1
3494,DOUBLE,1,1,0,False,-1
3495,NONE,0,0,0,False,-1
3496,NONE,0,0,0,False,-1
3497,SINGLE,1,0,0,False,-1
3498,NONE,0,0,0,False,-1
3499,NONE,0,0,0,False,-1
3500,NONE,0,0,0,False,-1
3501,NONE,0,0,0,False,-1
3502,NONE,0,0,0,False,-1
3503,NONE,0,0,0,False,-1
3504,SINGLE,0,0,1,False,-1
3505,NONE,0,0,0,False,-1
3506,NONE,0,0,0,False,-1
3507,NONE,0,0,0,False,-1
3508,NONE,0,0,0,False,-1
3509,SINGLE,0,0,1,False,-1
3510,DOUBLE,1,1,0,False,-1
3511,NONE,0,0,0,False,-1
3512,NONE,0,0,0,False,-1
3513,NONE,0,0,0,False,-1
3514,NONE,0,0,0,False,-1
3515,SINGLE,0,0,1,False,-1
3516,NONE,0,0,0,False,-1
3517,NONE,0,0,0,False,-1
3518,TRIPLE,1,1,1,False,-1
3519,DOUBLE,1,1,0,False,-1
3520,NONE,0,0,0,False,-1
3521,NONE,0,0,0,False,-1
3522,NONE,0,0,0,False,-1
3523,DOUBLE,1,1,0,False,-1
3524,DOUBLE,0,1,1,False,-1
3525,DOUBLE,1,1,0,False,-1
3526,NONE,0,0,0,False,-1
3527,NONE,0,0,0,False,-1
3528,TRIPLE,1,1,1,False,-1
3529,NONE,0,0,0,False,-1
3530,SINGLE,0,0,1,False,-1
3531,NONE,0,0,0,False,-1
3532,DOUBLE,1,1,0,False,-1
3533,NONE,0,0,0,False,-1
3534,SINGLE,0,0,1,False,-1
3535,DOUBLE,1,1,0,False,-1
3536,NONE,0,0,0,False,-1
3537,DOUBLE,1,1,0,False,-1
3538,NONE,0,0,0,False,-1
3539,NONE,0,0,0,False,-1
3540,NONE,0,0,0,False,-1
3541,NONE,0,0,0,False,-1
3542,NONE,0,0,0,False,-1
3543,DOUBLE,1,1,0,False,-1
3544,NONE,0,0,0,False,-1
3545,SINGLE,1,0,0,False,-1
3546,SINGLE,1,0,0,False,-1
3547,NONE,0,0,0,False,-1
3548,NONE,0,0,0,False,-1
3549,NONE,0,0,0,False,-1
3550,NONE,0,0,0,False,-1
3551,SINGLE,1,0,0,False,-1
3552,SINGLE,1,0,0,False,-1
3553,NONE,0,0,0,False,-1
3554,NONE,0,0,0,False,-1
3555,NONE,0,0,0,False,-1
3556,NONE,0,0,0,False,-1
3557,NONE,0,0,0,False,-1
3558,SINGLE,0,0,1,False,-1
3559,NONE,0,0,0,False,-1
3560,DOUBLE,1,0,1,False,-1
3561,SINGLE,0,1,0,False,-1
3562,NONE,0,0,0,False,-1
3563,TRIPLE,1,1,1,False,-1
3564,TRIPLE,1,1,1,False,-1
3565,DOUBLE,1,1,0,False,-1
3566,NONE,0,0,0,False,-1
3567,NONE,0,0,0,False,-1
3568,NONE,0,0,0,False,-1
3569,DOUBLE,0,1,1,True,2807.49
3570,NONE,0,0,0,False,-1
3571,TRIPLE,1,1,1,False,-1
3572,DOUBLE,1,1,0,False,-1
3573,NONE,0,0,0,False,-1
3574,SINGLE,1,0,0,False,-1
3575,NONE,0,0,0,False,-1
3576,NONE,0,0,0,False,-1
3577,NONE,0,0,0,False,-1
3578,DOUBLE,1,1,0,False,-1
3579,NONE,0,0,0,False,-1
3580,NONE,0,0,0,False,-1
3581,NONE,0,0,0,False,-1
3582,NONE,0,0,0,False,-1
3583,NONE,0,0,0,False,-1
3584,TRIPLE,1,1,1,False,-1
3585,NONE,0,0,0,False,-1
3586,SINGLE,0,1,0,False,-1
3587,NONE,0,0,0,False,-1
3588,NONE,0,0,0,False,-1
3589,TRIPLE,1,1,1,False,-1
3590,NONE,0,0,0,False,-1
3591,SINGLE,0,0,1,False,-1
3592,NONE,0,0,0,False,-1
3593,DOUBLE,0,1,1,False,-1
3594,TRIPLE,1,1,1,False,-1
3595,SINGLE,0,1,0,False,-1
3596,DOUBLE,1,1,0,False,-1
3597,NONE,0,0,0,False,-1
3598,NONE,0,0,0,False,-1
3599,NONE,0,0,0,False,-1
3600,SINGLE,0,1,0,False,-1
3601,NONE,0,0,0,False,-1
3602,NONE,0,0,0,False,-1
3603,NONE,0,0,0,False,-1
3604,SINGLE,0,0,1,False,-1
3605,NONE,0,0,0,False,-1
3606,NONE,0,0,0,False,-1
3607,NONE,0,0,0,False,-1
3608,NONE,0,0,0,False,-1
3609,NONE,0,0,0,False,-1
3610,NONE,0,0,0,False,-1
3611,NONE,0,0,0,False,-1
3612,NONE,0,0,0,False,-1
3613,DOUBLE,1,1,0,False,-1
3614,NONE,0,0,0,False,-1
3615,TRIPLE,1,1,1,False,-1
3616,NONE,0,0,0,False,-1
3617,SINGLE,0,0,1,False,-1
3618,SINGLE,1,0,0,False,-1
3619,NONE,0,0,0,False,-1
3620,DOUBLE,0,1,1,False,-1
3621,DOUBLE,1,1,0,False,-1
3622,NONE,0,0,0,False,-1
3623,NONE,0,0,0,False,-1
3624,NONE,0,0,0,False,-1
3625,NONE,0,0,0,False,-1
3626,SINGLE,0,1,0,False,-1
3627,SINGLE,0,1,0,False,-1
3628,NONE,0,0,0,False,-1
3629,NONE,0,0,0,False,-1
3630,DOUBLE,1,1,0,False,-1
3631,NONE,0,0,0,False,-1
3632,NONE,0,0,0,False,-1
3633,NONE,0,0,0,False,-1
3634,NONE,0,0,0,False,-1
3635,NONE,0,0,0,False,-1
3636,NONE,0,0,0,False,-1
3637,NONE,0,0,0,False,-1
3638,NONE,0,0,0,False,-1
3639,SINGLE,0,1,0,False,-1
3640,NONE,0,0,0,False,-1
3641,NONE,0,0,0,False,-1
3642,NONE,0,0,0,False,-1
3643,DOUBLE,1,1,0,False,-1
3644,SINGLE,0,0,1,False,-1
3645,DOUBLE,1,1,0,False,-1
3646,NONE,0,0,0,False,-1
3647,NONE,0,0,0,False,-1
3648,NONE,0,0,0,False,-1
3649,DOUBLE,1,1,0,True,878.95
3650,SINGLE,0,0,1,False,-1
3651,NONE,0,0,0,False,-1
3652,DOUBLE,1,1,0,False,-1
3653,NONE,0,0,0,False,-1
3654,NONE,0,0,0,False,-1
3655,NONE,0,0,0,False,-1
3656,DOUBLE,1,1,0,False,-1
3657,NONE,0,0,0,False,-1
3658,NONE,0,0,0,False,-1
3659,NONE,0,0,0,False,-1
3660,TRIPLE,1,1,1,False,-1
3661,NONE,0,0,0,False,-1
3662,DOUBLE,1,1,0,False,-1
3663,NONE,0,0,0,False,-1
3664,SINGLE,0,0,1,False,-1
3665,NONE,0,0,0,False,-1
3666,SINGLE,0,0,1,False,-1
3667,NONE,0,0,0,False,-1
3668,TRIPLE,1,1,1,False,-1
3669,SINGLE,1,0,0,False,-1
3670,NONE,0,0,0,False,-1
3671,DOUBLE,1,1,0,False,-1
3672,DOUBLE,1,1,0,False,-1
3673,NONE,0,0,0,False,-1
3674,NONE,0,0,0,False,-1
3675,NONE,0,0,0,False,-1
3676,NONE,0,0,0,False,-1
3677,DOUBLE,1,1,0,False,-1
3678,SINGLE,0,0,1,False,-1
3679,NONE,0,0,0,False,-1
3680,NONE,0,0,0,False,-1
3681,NONE,0,0,0,False,-1
3682,NONE,0,0,0,False,-1
3683,NONE,0,0,0,False,-1
3684,NONE,0,0,0,False,-1
3685,DOUBLE,1,1,0,False,-1
3686,NONE,0,0,0,False,-1
3687,NONE,0,0,0,False,-1
3688,NONE,0,0,0,False,-1
3689,DOUBLE,1,1,0,False,-1
3690,NONE,0,0,0,False,-1
3691,NONE,0,0,0,False,-1
3692,DOUBLE,0,1,1,False,-1
3693,TRIPLE,1,1,1,False,-1
3694,SINGLE,0,0,1,False,-1
3695,SINGLE,0,0,1,False,-1
3696,NONE,0,0,0,False,-1
3697,TRIPLE,1,1,1,False,-1
3698,NONE,0,0,0,False,-1
3699,NONE,0,0,0,False,-1
3700,NONE,0,0,0,False,-1
3701,SINGLE,1,0,0,False,-1
3702,NONE,0,0,0,False,-1
3703,TRIPLE,1,1,1,False,-1
3704,NONE,0,0,0,False,-1
3705,TRIPLE,1,1,1,False,-1
3706,NONE,0,0,0,False,-1
3707,DOUBLE,1,1,0,False,-1
3708,DOUBLE,1,1,0,False,-1
3709,DOUBLE,1,1,0,False,-1
3710,DOUBLE,1,1,0,False,-1
3711,NONE,0,0,0,False,-1
3712,NONE,0,0,0,False,-1
3713,NONE,0,0,0,False,-1
3714,DOUBLE,1,0,1,False,-1
3715,NONE,0,0,0,False,-1
3716,NONE,0,0,0,False,-1
3717,NONE,0,0,0,False,-1
3718,NONE,0,0,0,False,-1
3719,SINGLE,0,0,1,False,-1
3720,SINGLE,0,1,0,False,-1
3721,SINGLE,1,0,0,False,-1
3722,NONE,0,0,0,False,-1
3723,NONE,0,0,0,False,-1
3724,NONE,0,0,0,False,-1
3725,NONE,0,0,0,False,-1
3726,NONE,0,0,0,False,-1
3727,NONE,0,0,0,False,-1
3728,NONE,0,0,0,False,-1
3729,TRIPLE,1,1,1,False,-1
3730,DOUBLE,0,1,1,False,-1
3731,SINGLE,0,0,1,False,-1
3732,NONE,0,0,0,False,-1
3733,SINGLE,1,0,0,False,-1
3734,DOUBLE,1,0,1,False,-1
3735,TRIPLE,1,1,1,False,-1
3736,SINGLE,0,0,1,False,-1
3737,SINGLE,0,0,1,False,-1
3738,DOUBLE,0,1,1,False,-1
3739,SINGLE,1,0,0,False,-1
3740,DOUBLE,1,1,0,False,-1
3741,SINGLE,1,0,0,False,-1
3742,NONE,0,0,0,False,-1
3743,NONE,0,0,0,False,-1
3744,NONE,0,0,0,False,-1
3745,NONE,0,0,0,False,-1
3746,NONE,0,0,0,False,-1
3747,NONE,0,0,0,False,-1
3748,SINGLE,1,0,0,False,-1
3749,NONE,0,0,0,False,-1
3750,TRIPLE,1,1,1,False,-1
3751,NONE,0,0,0,False,-1
3752,NONE,0,0,0,False,-1
3753,NONE,0,0,0,False,-1
3754,NONE,0,0,0,False,-1
3755,DOUBLE,1,1,0,False,-1
3756,NONE,0,0,0,False,-1
3757,NONE,0,0,0,False,-1
3758,NONE,0,0,0,False,-1
3759,SINGLE,0,0,1,False,-1
3760,NONE,0,0,0,False,-1
3761,NONE,0,0,0,False,-1
3762,NONE,0,0,0,False,-1
3763,DOUBLE,0,1,1,False,-1
3764,DOUBLE,1,1,0,False,-1
3765,NONE,0,0,0,False,-1
3766,NONE,0,0,0,False,-1
3767,DOUBLE,1,1,0,False,-1
3768,NONE,0,0,0,False,-1
3769,SINGLE,0,0,1,False,-1
3770,SINGLE,0,0,1,False,-1
3771,SINGLE,0,0,1,False,-1
3772,SINGLE,1,0,0,False,-1
3773,NONE,0,0,0,False,-1
3774,NONE,0,0,0,False,-1
3775,NONE,0,0,0,False,-1
3776,NONE,0,0,0,False,-1
3777,NONE,0,0,0,False,-1
3778,DOUBLE,1,1,0,False,-1
3779,DOUBLE,1,1,0,False,-1
3780,NONE,0,0,0,False,-1
3781,NONE,0,0,0,False,-1
3782,DOUBLE,1,1,0,False,-1
3783,NONE,0,0,0,False,-1
3784,NONE,0,0,0,False,-1
3785,NONE,0,0,0,False,-1
3786,NONE,0,0,0,False,-1
3787,DOUBLE,1,1,0,False,-1
3788,DOUBLE,0,1,1,False,-1
3789,NONE,0,0,0,False,-1
3790,TRIPLE,1,1,1,False,-1
3791,DOUBLE,1,1,0,False,-1
3792,NONE,0,0,0,False,-1
3793,NONE,0,0,0,False,-1
3794,NONE,0,0,0,False,-1
3795,NONE,0,0,0,False,-1
3796,NONE,0,0,0,False,-1
3797,NONE,0,0,0,False,-1
3798,NONE,0,0,0,False,-1
3799,TRIPLE,1,1,1,False,-1
3800,TRIPLE,1,1,1,False,-1
3801,SINGLE,0,1,0,False,-1
3802,DOUBLE,1,1,0,False,-1
3803,NONE,0,0,0,False,-1
3804,DOUBLE,1,1,0,False,-1
3805,NONE,0,0,0,False,-1
3806,NONE,0,0,0,False,-1
3807,NONE,0,0,0,False,-1
3808,NONE,0,0,0,False,-1
3809,NONE,0,0,0,False,-1
3810,DOUBLE,1,1,0,False,-1
3811,DOUBLE,1,1,0,False,-1
3812,NONE,0,0,0,False,-1
3813,NONE,0,0,0,False,-1
3814,NONE,0,0,0,False,-1
3815,NONE,0,0,0,False,-1
3816,NONE,0,0,0,False,-1
3817,DOUBLE,1,1,0,False,-1
3818,NONE,0,0,0,False,-1
3819,NONE,0,0,0,False,-1
3820,NONE,0,0,0,False,-1
3821,NONE,0,0,0,False,-1
3822,DOUBLE,1,0,1,False,-1
3823,NONE,0,0,0,False,-1
3824,TRIPLE,1,1,1,False,-1
3825,NONE,0,0,0,False,-1
3826,NONE,0,0,0,False,-1
3827,DOUBLE,1,1,0,False,-1
3828,DOUBLE,0,1,1,False,-1
3829,SINGLE,0,0,1,False,-1
3830,DOUBLE,1,1,0,False,-1
3831,NONE,0,0,0,False,-1
3832,TRIPLE,1,1,1,False,-1
3833,SINGLE,0,1,0,False,-1
3834,NONE,0,0,0,False,-1
3835,NONE,0,0,0,False,-1
3836,SINGLE,0,0,1,False,-1
3837,NONE,0,0,0,False,-1
3838,NONE,0,0,0,False,-1
3839,NONE,0,0,0,False,-1
3840,NONE,0,0,0,False,-1
3841,TRIPLE,1,1,1,False,-1
3842,NONE,0,0,0,False,-1
3843,DOUBLE,1,1,0,False,-1
3844,NONE,0,0,0,False,-1
3845,NONE,0,0,0,False,-1
3846,NONE,0,0,0,False,-1
3847,TRIPLE,1,1,1,False,-1
3848,NONE,0,0,0,False,-1
3849,TRIPLE,1,1,1,False,-1
3850,NONE,0,0,0,False,-1
3851,NONE,0,0,0,False,-1
3852,NONE,0,0,0,False,-1
3853,NONE,0,0,0,False,-1
3854,DOUBLE,1,0,1,False,-1
3855,DOUBLE,1,1,0,False,-1
3856,SINGLE,0,0,1,False,-1
3857,NONE,0,0,0,False,-1
3858,NONE,0,0,0,False,-1
3859,NONE,0,0,0,False,-1
3860,NONE,0,0,0,False,-1
3861,NONE,0,0,0,False,-1
3862,TRIPLE,1,1,1,False,-1
3863,NONE,0,0,0,False,-1
3864,DOUBLE,1,1,0,False,-1
3865,NONE,0,0,0,False,-1
3866,NONE,0,0,0,False,-1
3867,SINGLE,0,0,1,False,-1
3868,NONE,0,0,0,False,-1
3869,NONE,0,0,0,False,-1
3870,TRIPLE,1,1,1,False,-1
3871,DOUBLE,1,1,0,False,-1
3872,NONE,0,0,0,False,-1
3873,NONE,0,0,0,False,-1
3874,NONE,0,0,0,False,-1
3875,NONE,0,0,0,False,-1
3876,TRIPLE,1,1,1,False,-1
3877,NONE,0,0,0,False,-1
3878,NONE,0,0,0,False,-1
3879,NONE,0,0,0,False,-1
3880,TRIPLE,1,1,1,False,-1
3881,NONE,0,0,0,False,-1
3882,TRIPLE,1,1,1,False,-1
3883,DOUBLE,1,1,0,False,-1
3884,NONE,0,0,0,False,-1
3885,SINGLE,0,0,1,False,-1
3886,NONE,0,0,0,False,-1
3887,NONE,0,0,0,False,-1
3888,DOUBLE,1,1,0,False,-1
3889,NONE,0,0,0,False,-1
3890,DOUBLE,1,1,0,False,-1
3891,SINGLE,0,0,1,False,-1
3892,NONE,0,0,0,False,-1
3893,NONE,0,0,0,False,-1
3894,NONE,0,0,0,False,-1
3895,NONE,0,0,0,False,-1
3896,NONE,0,0,0,False,-1
3897,NONE,0,0,0,False,-1
3898,NONE,0,0,0,False,-1
3899,NONE,0,0,0,False,-1
3900,SINGLE,0,0,1,False,-1
3901,NONE,0,0,0,False,-1
3902,DOUBLE,1,1,0,False,-1
3903,NONE,0,0,0,False,-1
3904,TRIPLE,1,1,1,False,-1
3905,NONE,0,0,0,False,-1
3906,SINGLE,0,0,1,False,-1
3907,DOUBLE,0,1,1,False,-1
3908,NONE,0,0,0,False,-1
3909,NONE,0,0,0,False,-1
3910,DOUBLE,1,1,0,False,-1
3911,NONE,0,0,0,False,-1
3912,NONE,0,0,0,False,-1
3913,TRIPLE,1,1,1,False,-1
3914,NONE,0,0,0,False,-1
3915,DOUBLE,1,1,0,False,-1
3916,NONE,0,0,0,False,-1
3917,SINGLE,0,0,1,False,-1
3918,NONE,0,0,0,False,-1
3919,DOUBLE,0,1,1,False,-1
3920,NONE,0,0,0,False,-1
3921,NONE,0,0,0,False,-1
3922,SINGLE,0,0,1,False,-1
3923,DOUBLE,1,1,0,False,-1
3924,NONE,0,0,0,False,-1
3925,NONE,0,0,0,False,-1
3926,NONE,0,0,0,False,-1
3927,DOUBLE,0,1,1,False,-1
3928,TRIPLE,1,1,1,False,-1
3929,NONE,0,0,0,False,-1
3930,NONE,0,0,0,False,-1
3931,SINGLE,1,0,0,False,-1
3932,NONE,0,0,0,False,-1
3933,TRIPLE,1,1,1,False,-1
3934,NONE,0,0,0,False,-1
3935,TRIPLE,1,1,1,False,-1
3936,NONE,0,0,0,False,-1
3937,TRIPLE,1,1,1,False,-1
3938,NONE,0,0,0,False,-1
3939,NONE,0,0,0,False,-1
3940,NONE,0,0,0,False,-1
3941,NONE,0,0,0,False,-1
3942,NONE,0,0,0,False,-1
3943,NONE,0,0,0,False,-1
3944,NONE,0,0,0,False,-1
3945,NONE,0,0,0,False,-1
3946,NONE,0,0,0,False,-1
3947,NONE,0,0,0,False,-1
3948,NONE,0,0,0,False,-1
3949,NONE,0,0,0,False,-1
3950,NONE,0,0,0,False,-1
3951,DOUBLE,0,1,1,False,-1
3952,NONE,0,0,0,False,-1
3953,NONE,0,0,0,False,-1
3954,TRIPLE,1,1,1,False,-1
3955,NONE,0,0,0,False,-1
3956,NONE,0,0,0,False,-1
3957,NONE,0,0,0,False,-1
3958,NONE,0,0,0,False,-1
3959,NONE,0,0,0,False,-1
3960,NONE,0,0,0,False,-1
3961,NONE,0,0,0,False,-1
3962,SINGLE,0,0,1,False,-1
3963,DOUBLE,1,1,0,False,-1
3964,NONE,0,0,0,False,-1
3965,NONE,0,0,0,False,-1
3966,NONE,0,0,0,False,-1
3967,SINGLE,0,0,1,False,-1
3968,NONE,0,0,0,False,-1
3969,NONE,0,0,0,False,-1
3970,NONE,0,0,0,False,-1
3971,NONE,0,0,0,False,-1
3972,NONE,0,0,0,False,-1
3973,DOUBLE,1,1,0,False,-1
3974,NONE,0,0,0,False,-1
3975,TRIPLE,1,1,1,False,-1
3976,NONE,0,0,0,False,-1
3977,NONE,0,0,0,False,-1
3978,NONE,0,0,0,False,-1
3979,TRIPLE,1,1,1,False,-1
3980,TRIPLE,1,1,1,False,-1
3981,NONE,0,0,0,False,-1
3982,NONE,0,0,0,False,-1
3983,NONE,0,0,0,False,-1
3984,TRIPLE,1,1,1,False,-1
3985,DOUBLE,1,1,0,False,-1
3986,NONE,0,0,0,False,-1
3987,SINGLE,1,0,0,False,-1
3988,SINGLE,1,0,0,False,-1
3989,NONE,0,0,0,False,-1
3990,SINGLE,0,0,1,False,-1
3991,NONE,0,0,0,False,-1
3992,NONE,0,0,0,False,-1
3993,SINGLE,0,0,1,False,-1
3994,NONE,0,0,0,False,-1
3995,NONE,0,0,0,False,-1
3996,NONE,0,0,0,False,-1
3997,NONE,0,0,0,False,-1
3998,DOUBLE,1,1,0,False,-1
3999,SINGLE,0,0,1,False,-1
4000,NONE,0,0,0,False,-1
4001,NONE,0,0,0,False,-1
4002,NONE,0,0,0,False,-1
4003,DOUBLE,1,1,0,False,-1
4004,DOUBLE,1,1,0,False,-1
4005,SINGLE,0,0,1,False,-1
4006,DOUBLE,1,0,1,False,-1
4007,TRIPLE,1,1,1,False,-1
4008,NONE,0,0,0,False,-1
4009,NONE,0,0,0,False,-1
4010,SINGLE,0,0,1,False,-1
4011,NONE,0,0,0,False,-1
4012,NONE,0,0,0,False,-1
4013,NONE,0,0,0,False,-1
4014,DOUBLE,1,1,0,False,-1
4015,NONE,0,0,0,False,-1
4016,NONE,0,0,0,False,-1
4017,NONE,0,0,0,False,-1
4018,TRIPLE,1,1,1,False,-1
4019,NONE,0,0,0,False,-1
4020,NONE,0,0,0,False,-1
4021,NONE,0,0,0,False,-1
4022,NONE,0,0,0,False,-1
4023,TRIPLE,1,1,1,False,-1
4024,SINGLE,1,0,0,False,-1
4025,NONE,0,0,0,False,-1
4026,NONE,0,0,0,False,-1
4027,DOUBLE,1,0,1,False,-1
4028,DOUBLE,1,1,0,False,-1
4029,NONE,0,0,0,False,-1
4030,SINGLE,0,1,0,False,-1
4031,NONE,0,0,0,False,-1
4032,NONE,0,0,0,False,-1
4033,DOUBLE,1,1,0,False,-1
4034,DOUBLE,1,1,0,False,-1
4035,NONE,0,0,0,False,-1
4036,TRIPLE,1,1,1,False,-1
4037,NONE,0,0,0,False,-1
4038,NONE,0,0,0,False,-1
4039,NONE,0,0,0,False,-1
4040,NONE,0,0,0,False,-1
4041,NONE,0,0,0,False,-1
4042,NONE,0,0,0,False,-1
4043,TRIPLE,1,1,1,False,-1
4044,NONE,0,0,0,False,-1
4045,DOUBLE,1,1,0,False,-1
4046,TRIPLE,1,1,1,False,-1
4047,TRIPLE,1,1,1,False,-1
4048,DOUBLE,1,1,0,False,-1
4049,DOUBLE,1,1,0,False,-1
4050,NONE,0,0,0,False,-1
4051,NONE,0,0,0,False,-1
4052,NONE,0,0,0,False,-1
4053,NONE,0,0,0,False,-1
4054,TRIPLE,1,1,1,False,-1
4055,TRIPLE,1,1,1,False,-1
4056,NONE,0,0,0,False,-1
4057,NONE,0,0,0,False,-1
4058,NONE,0,0,0,False,-1
4059,NONE,0,0,0,False,-1
4060,NONE,0,0,0,False,-1
4061,NONE,0,0,0,False,-1
4062,SINGLE,0,1,0,False,-1
4063,NONE,0,0,0,False,-1
4064,NONE,0,0,0,False,-1
4065,NONE,0,0,0,False,-1
4066,NONE,0,0,0,False,-1
4067,NONE,0,0,0,False,-1
4068,NONE,0,0,0,False,-1
4069,DOUBLE,1,1,0,False,-1
4070,DOUBLE,1,1,0,False,-1
4071,NONE,0,0,0,False,-1
4072,NONE,0,0,0,False,-1
4073,NONE,0,0,0,False,-1
4074,TRIPLE,1,1,1,False,-1
4075,NONE,0,0,0,False,-1
4076,NONE,0,0,0,False,-1
4077,DOUBLE,1,1,0,False,-1
4078,NONE,0,0,0,False,-1
4079,DOUBLE,1,0,1,False,-1
4080,NONE,0,0,0,False,-1
4081,DOUBLE,1,1,0,False,-1
4082,NONE,0,0,0,False,-1
4083,SINGLE,0,0,1,False,-1
4084,NONE,0,0,0,False,-1
4085,TRIPLE,1,1,1,False,-1
4086,NONE,0,0,0,False,-1
4087,NONE,0,0,0,False,-1
4088,TRIPLE,1,1,1,False,-1
4089,NONE,0,0,0,False,-1
4090,NONE,0,0,0,False,-1
4091,TRIPLE,1,1,1,False,-1
4092,NONE,0,0,0,False,-1
4093,NONE,0,0,0,False,-1
4094,NONE,0,0,0,False,-1
4095,SINGLE,0,0,1,False,-1
4096,NONE,0,0,0,False,-1
4097,NONE,0,0,0,False,-1
4098,SINGLE,1,0,0,False,-1
4099,NONE,0,0,0,False,-1
4100,NONE,0,0,0,False,-1
4101,DOUBLE,1,1,0,False,-1
4102,DOUBLE,1,1,0,False,-1
4103,SINGLE,0,0,1,False,-1
4104,NONE,0,0,0,False,-1
4105,NONE,0,0,0,False,-1
4106,SINGLE,0,0,1,False,-1
4107,NONE,0,0,0,False,-1
4108,NONE,0,0,0,False,-1
4109,NONE,0,0,0,False,-1
4110,SINGLE,0,0,1,False,-1
4111,DOUBLE,1,1,0,False,-1
4112,DOUBLE,1,1,0,False,-1
4113,NONE,0,0,0,False,-1
4114,NONE,0,0,0,False,-1
4115,NONE,0,0,0,False,-1
4116,NONE,0,0,0,False,-1
4117,TRIPLE,1,1,1,False,-1
4118,SINGLE,0,1,0,False,-1
4119,NONE,0,0,0,False,-1
4120,DOUBLE,1,1,0,False,-1
4121,NONE,0,0,0,False,-1
4122,NONE,0,0,0,False,-1
4123,SINGLE,1,0,0,False,-1
4124,NONE,0,0,0,False,-1
4125,NONE,0,0,0,False,-1
4126,TRIPLE,1,1,1,False,-1
4127,NONE,0,0,0,False,-1
4128,NONE,0,0,0,False,-1
4129,NONE,0,0,0,False,-1
4130,NONE,0,0,0,False,-1
4131,NONE,0,0,0,False,-1
4132,TRIPLE,1,1,1,False,-1
4133,NONE,0,0,0,False,-1
4134,NONE,0,0,0,False,-1
4135,NONE,0,0,0,False,-1
4136,TRIPLE,1,1,1,False,-1
4137,NONE,0,0,0,False,-1
4138,NONE,0,0,0,False,-1
4139,NONE,0,0,0,False,-1
4140,NONE,0,0,0,False,-1
4141,NONE,0,0,0,False,-1
4142,NONE,0,0,0,False,-1
4143,SINGLE,1,0,0,False,-1
4144,NONE,0,0,0,False,-1
4145,NONE,0,0,0,False,-1
4146,TRIPLE,1,1,1,False,-1
4147,NONE,0,0,0,False,-1
4148,NONE,0,0,0,False,-1
4149,NONE,0,0,0,False,-1
4150,NONE,0,0,0,False,-1
4151,NONE,0,0,0,False,-1
4152,SINGLE,1,0,0,False,-1
4153,SINGLE,0,0,1,False,-1
4154,NONE,0,0,0,False,-1
4155,NONE,0,0,0,False,-1
4156,NONE,0,0,0,False,-1
4157,NONE,0,0,0,False,-1
4158,SINGLE,0,0,1,False,-1
4159,NONE,0,0,0,False,-1
4160,SINGLE,0,0,1,False,-1
4161,TRIPLE,1,1,1,False,-1
4162,NONE,0,0,0,False,-1
4163,NONE,0,0,0,False,-1
4164,NONE,0,0,0,False,-1
4165,NONE,0,0,0,False,-1
4166,NONE,0,0,0,False,-1
4167,TRIPLE,1,1,1,False,-1
4168,NONE,0,0,0,False,-1
4169,NONE,0,0,0,False,-1
4170,NONE,0,0,0,False,-1
4171,NONE,0,0,0,False,-1
4172,NONE,0,0,0,False,-1
4173,NONE,0,0,0,False,-1
4174,SINGLE,0,1,0,False,-1
4175,SINGLE,1,0,0,False,-1
4176,TRIPLE,1,1,1,False,-1
4177,NONE,0,0,0,False,-1
4178,NONE,0,0,0,False,-1
4179,NONE,0,0,0,False,-1
4180,NONE,0,0,0,False,-1
4181,NONE,0,0,0,False,-1
4182,SINGLE,1,0,0,False,-1
4183,NONE,0,0,0,False,-1
4184,TRIPLE,1,1,1,False,-1
4185,DOUBLE,1,1,0,False,-1
4186,NONE,0,0,0,False,-1
4187,SINGLE,0,0,1,False,-1
4188,SINGLE,1,0,0,False,-1
4189,TRIPLE,1,1,1,False,-1
4190,NONE,0,0,0,False,-1
4191,NONE,0,0,0,False,-1
4192,NONE,0,0,0,False,-1
4193,TRIPLE,1,1,1,False,-1
4194,NONE,0,0,0,False,-1
4195,NONE,0,0,0,False,-1
4196,NONE,0,0,0,False,-1
4197,NONE,0,0,0,False,-1
4198,NONE,0,0,0,False,-1
4199,NONE,0,0,0,False,-1
4200,NONE,0,0,0,False,-1
4201,NONE,0,0,0,False,-1
4202,NONE,0,0,0,False,-1
4203,DOUBLE,1,1,0,False,-1
4204,DOUBLE,1,1,0,False,-1
4205,TRIPLE,1,1,1,False,-1
4206,DOUBLE,1,1,0,False,-1
4207,NONE,0,0,0,False,-1
4208,NONE,0,0,0,False,-1
4209,NONE,0,0,0,False,-1
4210,TRIPLE,1,1,1,False,-1
4211,NONE,0,0,0,False,-1
4212,NONE,0,0,0,False,-1
4213,DOUBLE,1,1,0,False,-1
4214,NONE,0,0,0,False,-1
4215,DOUBLE,1,1,0,False,-1
4216,NONE,0,0,0,False,-1
4217,NONE,0,0,0,False,-1
4218,TRIPLE,1,1,1,False,-1
4219,NONE,0,0,0,False,-1
4220,SINGLE,1,0,0,False,-1
4221,SINGLE,1,0,0,False,-1
4222,NONE,0,0,0,False,-1
4223,NONE,0,0,0,False,-1
4224,SINGLE,1,0,0,False,-1
4225,NONE,0,0,0,False,-1
4226,SINGLE,1,0,0,False,-1
4227,NONE,0,0,0,False,-1
4228,NONE,0,0,0,False,-1
4229,NONE,0,0,0,False,-1
4230,NONE,0,0,0,False,-1
4231,SINGLE,0,0,1,False,-1
4232,NONE,0,0,0,False,-1
4233,NONE,0,0,0,False,-1
4234,NONE,0,0,0,False,-1
4235,NONE,0,0,0,False,-1
4236,NONE,0,0,0,False,-1
4237,NONE,0,0,0,False,-1
4238,NONE,0,0,0,False,-1
4239,SINGLE,0,0,1,False,-1
4240,TRIPLE,1,1,1,False,-1
4241,SINGLE,0,0,1,False,-1
4242,DOUBLE,1,1,0,False,-1
4243,SINGLE,1,0,0,False,-1
4244,NONE,0,0,0,False,-1
4245,DOUBLE,0,1,1,False,-1
4246,NONE,0,0,0,False,-1
4247,DOUBLE,1,1,0,False,-1
4248,NONE,0,0,0,False,-1
4249,NONE,0,0,0,False,-1
4250,NONE,0,0,0,False,-1
4251,TRIPLE,1,1,1,False,-1
4252,SINGLE,0,0,1,False,-1
4253,DOUBLE,1,1,0,False,-1
4254,NONE,0,0,0,False,-1
4255,DOUBLE,1,1,0,False,-1
4256,NONE,0,0,0,False,-1
4257,NONE,0,0,0,False,-1
4258,TRIPLE,1,1,1,False,-1
4259,NONE,0,0,0,False,-1
4260,SINGLE,1,0,0,False,-1
4261,SINGLE,0,0,1,False,-1
4262,NONE,0,0,0,False,-1
4263,NONE,0,0,0,False,-1
4264,NONE,0,0,0,False,-1
4265,NONE,0,0,0,False,-1
4266,SINGLE,0,0,1,False,-1
4267,DOUBLE,1,1,0,False,-1
4268,NONE,0,0,0,False,-1
4269,NONE,0,0,0,False,-1
4270,NONE,0,0,0,False,-1
4271,NONE,0,0,0,False,-1
4272,NONE,0,0,0,False,-1
4273,NONE,0,0,0,False,-1
4274,DOUBLE,1,1,0,False,-1
4275,NONE,0,0,0,False,-1
4276,NONE,0,0,0,False,-1
4277,NONE,0,0,0,False,-1
4278,NONE,0,0,0,False,-1
4279,SINGLE,1,0,0,False,-1
4280,NONE,0,0,0,False,-1
4281,DOUBLE,1,1,0,False,-1
4282,NONE,0,0,0,False,-1
4283,NONE,0,0,0,False,-1
4284,NONE,0,0,0,False,-1
4285,NONE,0,0,0,False,-1
4286,NONE,0,0,0,False,-1
4287,NONE,0,0,0,False,-1
4288,TRIPLE,1,1,1,False,-1
4289,NONE,0,0,0,False,-1
4290,DOUBLE,1,1,0,False,-1
4291,NONE,0,0,0,False,-1
4292,DOUBLE,1,0,1,False,-1
4293,DOUBLE,1,1,0,False,-1
4294,NONE,0,0,0,False,-1
4295,NONE,0,0,0,False,-1
4296,NONE,0,0,0,False,-1
4297,DOUBLE,1,1,0,False,-1
4298,NONE,0,0,0,False,-1
4299,NONE,0,0,0,False,-1
4300,NONE,0,0,0,False,-1
4301,NONE,0,0,0,False,-1
4302,NONE,0,0,0,False,-1
4303,NONE,0,0,0,False,-1
4304,TRIPLE,1,1,1,False,-1
4305,SINGLE,0,0,1,False,-1
4306,NONE,0,0,0,False,-1
4307,NONE,0,0,0,False,-1
4308,NONE,0,0,0,False,-1
4309,SINGLE,1,0,0,False,-1
4310,SINGLE,1,0,0,False,-1
4311,NONE,0,0,0,False,-1
4312,SINGLE,1,0,0,False,-1
4313,NONE,0,0,0,False,-1
4314,NONE,0,0,0,False,-1
4315,NONE,0,0,0,False,-1
4316,NONE,0,0,0,False,-1
4317,NONE,0,0,0,False,-1
4318,NONE,0,0,0,False,-1
4319,NONE,0,0,0,False,-1
4320,DOUBLE,1,1,0,False,-1
4321,NONE,0,0,0,False,-1
4322,DOUBLE,1,1,0,False,-1
4323,DOUBLE,1,1,0,False,-1
4324,NONE,0,0,0,False,-1
4325,DOUBLE,1,1,0,False,-1
4326,SINGLE,1,0,0,False,-1
4327,NONE,0,0,0,False,-1
4328,DOUBLE,0,1,1,False,-1
4329,DOUBLE,1,1,0,False,-1
4330,SINGLE,0,1,0,False,-1
4331,NONE,0,0,0,False,-1
4332,SINGLE,0,0,1,False,-1
4333,NONE,0,0,0,False,-1
4334,DOUBLE,1,0,1,False,-1
4335,NONE,0,0,0,False,-1
4336,TRIPLE,1,1,1,False,-1
4337,NONE,0,0,0,False,-1
4338,NONE,0,0,0,False,-1
4339,NONE,0,0,0,False,-1
4340,NONE,0,0,0,False,-1
4341,NONE,0,0,0,False,-1
4342,NONE,0,0,0,False,-1
4343,SINGLE,1,0,0,False,-1
4344,NONE,0,0,0,False,-1
4345,NONE,0,0,0,False,-1
4346,NONE,0,0,0,False,-1
4347,NONE,0,0,0,False,-1
4348,NONE,0,0,0,False,-1
4349,TRIPLE,1,1,1,False,-1
4350,TRIPLE,1,1,1,False,-1
4351,NONE,0,0,0,False,-1
4352,NONE,0,0,0,False,-1
4353,DOUBLE,1,1,0,False,-1
4354,SINGLE,1,0,0,False,-1
4355,NONE,0,0,0,False,-1
4356,NONE,0,0,0,False,-1
4357,NONE,0,0,0,False,-1
4358,DOUBLE,1,1,0,False,-1
4359,NONE,0,0,0,False,-1
4360,NONE,0,0,0,False,-1
4361,NONE,0,0,0,False,-1
4362,NONE,0,0,0,False,-1
4363,NONE,0,0,0,False,-1
4364,NONE,0,0,0,False,-1
4365,NONE,0,0,0,False,-1
4366,NONE,0,0,0,False,-1
4367,NONE,0,0,0,False,-1
4368,TRIPLE,1,1,1,False,-1
4369,NONE,0,0,0,False,-1
4370,NONE,0,0,0,False,-1
4371,DOUBLE,1,1,0,False,-1
4372,SINGLE,0,0,1,False,-1
4373,NONE,0,0,0,False,-1
4374,SINGLE,0,0,1,False,-1
4375,TRIPLE,1,1,1,False,-1
4376,NONE,0,0,0,False,-1
4377,DOUBLE,1,1,0,False,-1
4378,NONE,0,0,0,False,-1
4379,DOUBLE,1,1,0,False,-1
4380,NONE,0,0,0,False,-1
4381,DOUBLE,1,1,0,False,-1
4382,DOUBLE,1,1,0,False,-1
4383,NONE,0,0,0,False,-1
4384,NONE,0,0,0,False,-1
4385,NONE,0,0,0,False,-1
4386,SINGLE,0,0,1,False,-1
4387,NONE,0,0,0,False,-1
4388,NONE,0,0,0,False,-1
4389,NONE,0,0,0,False,-1
4390,DOUBLE,1,1,0,False,-1
4391,NONE,0,0,0,False,-1
4392,TRIPLE,1,1,1,False,-1
4393,NONE,0,0,0,False,-1
4394,NONE,0,0,0,False,-1
4395,DOUBLE,1,1,0,False,-1
4396,TRIPLE,1,1,1,False,-1
4397,NONE,0,0,0,False,-1
4398,NONE,0,0,0,False,-1
4399,NONE,0,0,0,False,-1
4400,NONE,0,0,0,False,-1
4401,SINGLE,0,1,0,False,-1
4402,NONE,0,0,0,False,-1
4403,SINGLE,0,0,1,False,-1
4404,NONE,0,0,0,False,-1
4405,NONE,0,0,0,False,-1
4406,DOUBLE,1,1,0,False,-1
4407,NONE,0,0,0,False,-1
4408,NONE,0,0,0,False,-1
4409,NONE,0,0,0,False,-1
4410,DOUBLE,1,1,0,False,-1
4411,SINGLE,0,0,1,False,-1
4412,NONE,0,0,0,False,-1
4413,NONE,0,0,0,False,-1
4414,TRIPLE,1,1,1,False,-1
4415,NONE,0,0,0,False,-1
4416,NONE,0,0,0,False,-1
4417,NONE,0,0,0,False,-1
4418,NONE,0,0,0,False,-1
4419,SINGLE,0,0,1,False,-1
4420,TRIPLE,1,1,1,False,-1
4421,NONE,0,0,0,False,-1
4422,SINGLE,1,0,0,False,-1
4423,SINGLE,1,0,0,False,-1
4424,NONE,0,0,0,False,-1
4425,DOUBLE,1,1,0,False,-1
4426,NONE,0,0,0,False,-1
4427,DOUBLE,1,1,0,False,-1
4428,SINGLE,0,0,1,False,-1
4429,NONE,0,0,0,False,-1
4430,NONE,0,0,0,False,-1
4431,DOUBLE,1,1,0,False,-1
4432,DOUBLE,1,1,0,False,-1
4433,NONE,0,0,0,False,-1
4434,NONE,0,0,0,False,-1
4435,NONE,0,0,0,False,-1
4436,NONE,0,0,0,False,-1
4437,DOUBLE,0,1,1,False,-1
4438,NONE,0,0,0,False,-1
4439,NONE,0,0,0,False,-1
4440,NONE,0,0,0,False,-1
4441,NONE,0,0,0,False,-1
4442,NONE,0,0,0,False,-1
4443,NONE,0,0,0,False,-1
4444,NONE,0,0,0,False,-1
4445,DOUBLE,1,1,0,False,-1
4446,NONE,0,0,0,False,-1
4447,DOUBLE,1,1,0,False,-1
4448,TRIPLE,1,1,1,False,-1
4449,NONE,0,0,0,False,-1
4450,SINGLE,1,0,0,False,-1
4451,NONE,0,0,0,False,-1
4452,SINGLE,0,0,1,False,-1
4453,TRIPLE,1,1,1,False,-1
4454,SINGLE,0,0,1,False,-1
4455,NONE,0,0,0,False,-1
4456,TRIPLE,1,1,1,False,-1
4457,SINGLE,0,0,1,False,-1
4458,TRIPLE,1,1,1,False,-1
4459,NONE,0,0,0,False,-1
4460,TRIPLE,1,1,1,False,-1
4461,SINGLE,1,0,0,False,-1
4462,TRIPLE,1,1,1,False,-1
4463,NONE,0,0,0,False,-1
4464,NONE,0,0,0,False,-1
4465,NONE,0,0,0,False,-1
4466,NONE,0,0,0,False,-1
4467,NONE,0,0,0,False,-1
4468,NONE,0,0,0,False,-1
4469,NONE,0,0,0,False,-1
4470,NONE,0,0,0,False,-1
4471,NONE,0,0,0,False,-1
4472,SINGLE,1,0,0,False,-1
4473,NONE,0,0,0,False,-1
4474,NONE,0,0,0,False,-1
4475,NONE,0,0,0,False,-1
4476,NONE,0,0,0,False,-1
4477,DOUBLE,1,1,0,False,-1
4478,NONE,0,0,0,False,-1
4479,NONE,0,0,0,False,-1
4480,NONE,0,0,0,False,-1
4481,NONE,0,0,0,False,-1
4482,TRIPLE,1,1,1,False,-1
4483,NONE,0,0,0,False,-1
4484,NONE,0,0,0,False,-1
4485,TRIPLE,1,1,1,False,-1
4486,NONE,0,0,0,False,-1
4487,NONE,0,0,0,False,-1
4488,SINGLE,1,0,0,False,-1
4489,DOUBLE,1,1,0,False,-1
4490,NONE,0,0,0,False,-1
4491,NONE,0,0,0,False,-1
4492,NONE,0,0,0,False,-1
4493,NONE,0,0,0,False,-1
4494,NONE,0,0,0,False,-1
4495,NONE,0,0,0,False,-1
4496,NONE,0,0,0,False,-1
4497,NONE,0,0,0,False,-1
4498,DOUBLE,1,1,0,False,-1
4499,TRIPLE,1,1,1,False,-1
4500,TRIPLE,1,1,1,False,-1
4501,SINGLE,0,0,1,False,-1
4502,NONE,0,0,0,False,-1
4503,NONE,0,0,0,False,-1
4504,NONE,0,0,0,False,-1
4505,TRIPLE,1,1,1,False,-1
4506,DOUBLE,0,1,1,False,-1
4507,DOUBLE,0,1,1,False,-1
4508,DOUBLE,1,1,0,False,-1
4509,NONE,0,0,0,False,-1
4510,NONE,0,0,0,False,-1
4511,NONE,0,0,0,False,-1
4512,NONE,0,0,0,False,-1
4513,NONE,0,0,0,False,-1
4514,NONE,0,0,0,False,-1
4515,NONE,0,0,0,False,-1
4516,NONE,0,0,0,False,-1
4517,SINGLE,1,0,0,False,-1
4518,NONE,0,0,0,False,-1
4519,NONE,0,0,0,False,-1
4520,NONE,0,0,0,False,-1
4521,NONE,0,0,0,False,-1
4522,NONE,0,0,0,False,-1
4523,DOUBLE,1,1,0,False,-1
4524,NONE,0,0,0,False,-1
4525,SINGLE,0,0,1,False,-1
4526,NONE,0,0,0,False,-1
4527,TRIPLE,1,1,1,False,-1
4528,NONE,0,0,0,False,-1
4529,NONE,0,0,0,False,-1
4530,DOUBLE,1,1,0,False,-1
4531,DOUBLE,1,1,0,False,-1
4532,NONE,0,0,0,False,-1
4533,NONE,0,0,0,False,-1
4534,NONE,0,0,0,False,-1
4535,NONE,0,0,0,False,-1
4536,NONE,0,0,0,False,-1
4537,DOUBLE,1,1,0,False,-1
4538,NONE,0,0,0,False,-1
4539,SINGLE,0,0,1,False,-1
4540,NONE,0,0,0,False,-1
4541,NONE,0,0,0,False,-1
4542,NONE,0,0,0,False,-1
4543,DOUBLE,1,1,0,False,-1
4544,TRIPLE,1,1,1,False,-1
4545,NONE,0,0,0,False,-1
4546,DOUBLE,1,1,0,False,-1
4547,SINGLE,1,0,0,False,-1
4548,NONE,0,0,0,False,-1
4549,NONE,0,0,0,False,-1
4550,NONE,0,0,0,False,-1
4551,SINGLE,0,0,1,False,-1
4552,DOUBLE,1,1,0,False,-1
4553,TRIPLE,1,1,1,False,-1
4554,NONE,0,0,0,False,-1
4555,DOUBLE,1,1,0,False,-1
4556,NONE,0,0,0,False,-1
4557,TRIPLE,1,1,1,False,-1
4558,NONE,0,0,0,False,-1
4559,NONE,0,0,0,False,-1
4560,NONE,0,0,0,False,-1
4561,TRIPLE,1,1,1,False,-1
4562,DOUBLE,1,1,0,False,-1
4563,SINGLE,0,0,1,False,-1
4564,NONE,0,0,0,False,-1
4565,NONE,0,0,0,False,-1
4566,TRIPLE,1,1,1,False,-1
4567,TRIPLE,1,1,1,False,-1
4568,NONE,0,0,0,False,-1
4569,DOUBLE,1,1,0,False,-1
4570,SINGLE,0,0,1,False,-1
4571,DOUBLE,1,1,0,False,-1
4572,NONE,0,0,0,False,-1
4573,DOUBLE,1,1,0,False,-1
4574,NONE,0,0,0,False,-1
4575,SINGLE,1,0,0,False,-1
4576,NONE,0,0,0,False,-1
4577,NONE,0,0,0,False,-1
4578,DOUBLE,1,1,0,False,-1
4579,TRIPLE,1,1,1,False,-1
4580,TRIPLE,1,1,1,False,-1
4581,NONE,0,0,0,False,-1
4582,NONE,0,0,0,False,-1
4583,DOUBLE,1,0,1,False,-1
4584,SINGLE,1,0,0,False,-1
4585,NONE,0,0,0,False,-1
4586,NONE,0,0,0,False,-1
4587,NONE,0,0,0,False,-1
4588,SINGLE,0,0,1,False,-1
4589,NONE,0,0,0,False,-1
4590,SINGLE,0,0,1,False,-1
4591,NONE,0,0,0,False,-1
4592,TRIPLE,1,1,1,False,-1
4593,DOUBLE,1,1,0,False,-1
4594,NONE,0,0,0,False,-1
4595,NONE,0,0,0,False,-1
4596,NONE,0,0,0,False,-1
4597,DOUBLE,1,1,0,False,-1
4598,NONE,0,0,0,False,-1
4599,DOUBLE,1,0,1,False,-1
4600,TRIPLE,1,1,1,False,-1
4601,NONE,0,0,0,False,-1
4602,NONE,0,0,0,False,-1
4603,NONE,0,0,0,False,-1
4604,NONE,0,0,0,False,-1
4605,NONE,0,0,0,False,-1
4606,SINGLE,0,1,0,False,-1
4607,NONE,0,0,0,False,-1
4608,DOUBLE,1,1,0,False,-1
4609,NONE,0,0,0,False,-1
4610,DOUBLE,1,1,0,False,-1
4611,SINGLE,0,0,1,False,-1
4612,NONE,0,0,0,False,-1
4613,TRIPLE,1,1,1,False,-1
4614,NONE,0,0,0,False,-1
4615,NONE,0,0,0,False,-1
4616,DOUBLE,1,1,0,False,-1
4617,NONE,0,0,0,False,-1
4618,NONE,0,0,0,False,-1
4619,NONE,0,0,0,False,-1
4620,SINGLE,0,0,1,False,-1
4621,SINGLE,0,0,1,False,-1
4622,NONE,0,0,0,False,-1
4623,NONE,0,0,0,False,-1
4624,NONE,0,0,0,False,-1
4625,TRIPLE,1,1,1,False,-1
4626,NONE,0,0,0,False,-1
4627,NONE,0,0,0,False,-1
4628,NONE,0,0,0,False,-1
4629,SINGLE,1,0,0,False,-1
4630,NONE,0,0,0,False,-1
4631,DOUBLE,0,1,1,False,-1
4632,DOUBLE,0,1,1,False,-1
4633,SINGLE,1,0,0,False,-1
4634,DOUBLE,0,1,1,False,-1
4635,NONE,0,0,0,False,-1
4636,NONE,0,0,0,False,-1
4637,NONE,0,0,0,False,-1
4638,NONE,0,0,0,False,-1
4639,NONE,0,0,0,False,-1
4640,DOUBLE,0,1,1,False,-1
4641,NONE,0,0,0,False,-1
4642,NONE,0,0,0,False,-1
4643,SINGLE,0,1,0,False,-1
4644,DOUBLE,0,1,1,False,-1
4645,NONE,0,0,0,False,-1
4646,NONE,0,0,0,False,-1
4647,NONE,0,0,0,False,-1
4648,NONE,0,0,0,False,-1
4649,TRIPLE,1,1,1,False,-1
4650,NONE,0,0,0,False,-1
4651,TRIPLE,1,1,1,False,-1
4652,DOUBLE,1,1,0,False,-1
4653,NONE,0,0,0,False,-1
4654,TRIPLE,1,1,1,False,-1
4655,NONE,0,0,0,False,-1
4656,NONE,0,0,0,False,-1
4657,DOUBLE,1,1,0,False,-1
4658,SINGLE,0,0,1,False,-1
4659,NONE,0,0,0,False,-1
4660,NONE,0,0,0,False,-1
4661,SINGLE,0,0,1,False,-1
4662,NONE,0,0,0,False,-1
4663,NONE,0,0,0,False,-1
4664,SINGLE,0,0,1,False,-1
4665,NONE,0,0,0,False,-1
4666,NONE,0,0,0,False,-1
4667,NONE,0,0,0,False,-1
4668,DOUBLE,0,1,1,False,-1
4669,SINGLE,1,0,0,False,-1
4670,NONE,0,0,0,False,-1
4671,DOUBLE,1,1,0,False,-1
4672,DOUBLE,1,1,0,False,-1
4673,NONE,0,0,0,False,-1
4674,NONE,0,0,0,False,-1
4675,NONE,0,0,0,False,-1
4676,TRIPLE,1,1,1,False,-1
4677,NONE,0,0,0,False,-1
4678,SINGLE,0,0,1,False,-1
4679,SINGLE,0,0,1,False,-1
4680,NONE,0,0,0,False,-1
4681,NONE,0,0,0,False,-1
4682,NONE,0,0,0,False,-1
4683,DOUBLE,1,1,0,False,-1
4684,SINGLE,0,0,1,False,-1
4685,NONE,0,0,0,False,-1
4686,NONE,0,0,0,False,-1
4687,NONE,0,0,0,False,-1
4688,TRIPLE,1,1,1,False,-1
4689,NONE,0,0,0,False,-1
4690,NONE,0,0,0,False,-1
4691,TRIPLE,1,1,1,False,-1
4692,TRIPLE,1,1,1,False,-1
4693,NONE,0,0,0,False,-1
4694,SINGLE,1,0,0,False,-1
4695,NONE,0,0,0,False,-1
4696,NONE,0,0,0,False,-1
4697,NONE,0,0,0,False,-1
4698,SINGLE,0,1,0,False,-1
4699,NONE,0,0,0,False,-1
4700,NONE,0,0,0,False,-1
4701,TRIPLE,1,1,1,False,-1
4702,NONE,0,0,0,False,-1
4703,NONE,0,0,0,False,-1
4704,NONE,0,0,0,False,-1
4705,SINGLE,1,0,0,False,-1
4706,DOUBLE,1,1,0,False,-1
4707,NONE,0,0,0,False,-1
4708,DOUBLE,1,1,0,False,-1
4709,DOUBLE,1,1,0,False,-1
4710,SINGLE,0,0,1,False,-1
4711,SINGLE,0,0,1,False,-1
4712,TRIPLE,1,1,1,False,-1
4713,NONE,0,0,0,False,-1
4714,TRIPLE,1,1,1,False,-1
4715,NONE,0,0,0,False,-1
4716,NONE,0,0,0,False,-1
4717,DOUBLE,0,1,1,False,-1
4718,NONE,0,0,0,False,-1
4719,NONE,0,0,0,False,-1
4720,SINGLE,0,0,1,False,-1
4721,NONE,0,0,0,False,-1
4722,DOUBLE,1,1,0,False,-1
4723,NONE,0,0,0,False,-1
4724,NONE,0,0,0,False,-1
4725,TRIPLE,1,1,1,False,-1
4726,NONE,0,0,0,False,-1
4727,NONE,0,0,0,False,-1
4728,SINGLE,0,0,1,False,-1
4729,SINGLE,0,0,1,False,-1
4730,NONE,0,0,0,False,-1
4731,TRIPLE,1,1,1,False,-1
4732,NONE,0,0,0,False,-1
4733,SINGLE,0,0,1,False,-1
4734,NONE,0,0,0,False,-1
4735,TRIPLE,1,1,1,False,-1
4736,TRIPLE,1,1,1,False,-1
4737,NONE,0,0,0,False,-1
4738,DOUBLE,1,1,0,False,-1
4739,DOUBLE,0,1,1,False,-1
4740,NONE,0,0,0,False,-1
4741,DOUBLE,1,1,0,False,-1
4742,NONE,0,0,0,False,-1
4743,NONE,0,0,0,False,-1
4744,NONE,0,0,0,False,-1
4745,NONE,0,0,0,False,-1
4746,SINGLE,0,1,0,False,-1
4747,NONE,0,0,0,False,-1
4748,NONE,0,0,0,False,-1
4749,NONE,0,0,0,False,-1
4750,NONE,0,0,0,False,-1
4751,NONE,0,0,0,False,-1
4752,NONE,0,0,0,False,-1
4753,NONE,0,0,0,False,-1
4754,NONE,0,0,0,False,-1
4755,DOUBLE,1,1,0,False,-1
4756,NONE,0,0,0,False,-1
4757,NONE,0,0,0,False,-1
4758,TRIPLE,1,1,1,False,-1
4759,DOUBLE,1,1,0,False,-1
4760,NONE,0,0,0,False,-1
4761,SINGLE,0,0,1,False,-1
4762,NONE,0,0,0,False,-1
4763,NONE,0,0,0,False,-1
4764,SINGLE,0,0,1,False,-1
4765,NONE,0,0,0,False,-1
4766,NONE,0,0,0,False,-1
4767,NONE,0,0,0,False,-1
4768,NONE,0,0,0,False,-1
4769,NONE,0,0,0,False,-1
4770,NONE,0,0,0,False,-1
4771,NONE,0,0,0,False,-1
4772,NONE,0,0,0,False,-1
4773,SINGLE,0,1,0,False,-1
4774,NONE,0,0,0,False,-1
4775,DOUBLE,1,1,0,False,-1
4776,NONE,0,0,0,False,-1
4777,DOUBLE,1,1,0,False,-1
4778,NONE,0,0,0,False,-1
4779,NONE,0,0,0,False,-1
4780,NONE,0,0,0,False,-1
4781,NONE,0,0,0,False,-1
4782,SINGLE,0,0,1,False,-1
4783,NONE,0,0,0,False,-1
4784,SINGLE,1,0,0,False,-1
4785,NONE,0,0,0,False,-1
4786,NONE,0,0,0,False,-1
4787,DOUBLE,1,1,0,False,-1
4788,NONE,0,0,0,False,-1
4789,NONE,0,0,0,False,-1
4790,NONE,0,0,0,False,-1
4791,NONE,0,0,0,False,-1
4792,NONE,0,0,0,False,-1
4793,DOUBLE,1,1,0,False,-1
4794,NONE,0,0,0,False,-1
4795,NONE,0,0,0,False,-1
4796,NONE,0,0,0,False,-1
4797,NONE,0,0,0,False,-1
4798,NONE,0,0,0,False,-1
4799,NONE,0,0,0,False,-1
4800,NONE,0,0,0,False,-1
4801,NONE,0,0,0,False,-1
4802,NONE,0,0,0,False,-1
4803,NONE,0,0,0,False,-1
4804,NONE,0,0,0,False,-1
4805,NONE,0,0,0,False,-1
4806,NONE,0,0,0,False,-1
4807,TRIPLE,1,1,1,False,-1
4808,TRIPLE,1,1,1,False,-1
4809,NONE,0,0,0,False,-1
4810,NONE,0,0,0,False,-1
4811,TRIPLE,1,1,1,False,-1
4812,NONE,0,0,0,False,-1
4813,NONE,0,0,0,False,-1
4814,NONE,0,0,0,False,-1
4815,DOUBLE,1,1,0,False,-1
4816,NONE,0,0,0,False,-1
4817,SINGLE,0,0,1,False,-1
4818,SINGLE,1,0,0,False,-1
4819,NONE,0,0,0,False,-1
4820,NONE,0,0,0,False,-1
4821,NONE,0,0,0,False,-1
4822,NONE,0,0,0,False,-1
4823,NONE,0,0,0,False,-1
4824,NONE,0,0,0,False,-1
4825,NONE,0,0,0,False,-1
4826,NONE,0,0,0,False,-1
4827,NONE,0,0,0,False,-1
4828,SINGLE,1,0,0,False,-1
4829,DOUBLE,1,1,0,False,-1
4830,DOUBLE,1,1,0,False,-1
4831,NONE,0,0,0,False,-1
4832,NONE,0,0,0,False,-1
4833,NONE,0,0,0,False,-1
4834,NONE,0,0,0,False,-1
4835,NONE,0,0,0,False,-1
4836,SINGLE,0,0,1,False,-1
4837,SINGLE,0,0,1,False,-1
4838,SINGLE,0,0,1,False,-1
4839,TRIPLE,1,1,1,False,-1
4840,TRIPLE,1,1,1,False,-1
4841,NONE,0,0,0,False,-1
4842,NONE,0,0,0,False,-1
4843,NONE,0,0,0,False,-1
4844,SINGLE,0,0,1,False,-1
4845,NONE,0,0,0,False,-1
4846,NONE,0,0,0,False,-1
4847,NONE,0,0,0,False,-1
4848,TRIPLE,1,1,1,False,-1
4849,NONE,0,0,0,False,-1
4850,NONE,0,0,0,False,-1
4851,NONE,0,0,0,False,-1
4852,DOUBLE,1,1,0,False,-1
4853,NONE,0,0,0,False,-1
4854,NONE,0,0,0,False,-1
4855,NONE,0,0,0,False,-1
4856,DOUBLE,1,1,0,False,-1
4857,NONE,0,0,0,False,-1
4858,NONE,0,0,0,False,-1
4859,TRIPLE,1,1,1,False,-1
4860,NONE,0,0,0,False,-1
4861,NONE,0,0,0,False,-1
4862,NONE,0,0,0,False,-1
4863,NONE,0,0,0,False,-1
4864,NONE,0,0,0,False,-1
4865,DOUBLE,1,1,0,False,-1
4866,NONE,0,0,0,False,-1
4867,TRIPLE,1,1,1,False,-1
4868,NONE,0,0,0,False,-1
4869,NONE,0,0,0,False,-1
4870,TRIPLE,1,1,1,False,-1
4871,DOUBLE,1,1,0,False,-1
4872,SINGLE,0,0,1,False,-1
4873,NONE,0,0,0,False,-1
4874,DOUBLE,1,1,0,False,-1
4875,DOUBLE,1,1,0,False,-1
4876,NONE,0,0,0,False,-1
4877,NONE,0,0,0,False,-1
4878,NONE,0,0,0,False,-1
4879,DOUBLE,1,1,0,False,-1
4880,NONE,0,0,0,False,-1
4881,NONE,0,0,0,False,-1
4882,DOUBLE,1,1,0,False,-1
4883,TRIPLE,1,1,1,False,-1
4884,NONE,0,0,0,False,-1
4885,NONE,0,0,0,False,-1
4886,NONE,0,0,0,False,-1
4887,NONE,0,0,0,False,-1
4888,NONE,0,0,0,False,-1
4889,NONE,0,0,0,False,-1
4890,NONE,0,0,0,False,-1
4891,NONE,0,0,0,False,-1
4892,NONE,0,0,0,False,-1
4893,NONE,0,0,0,False,-1
4894,NONE,0,0,0,False,-1
4895,NONE,0,0,0,False,-1
4896,DOUBLE,1,1,0,False,-1
4897,NONE,0,0,0,False,-1
4898,DOUBLE,1,1,0,False,-1
4899,NONE,0,0,0,False,-1
4900,NONE,0,0,0,False,-1
4901,DOUBLE,1,1,0,False,-1
4902,NONE,0,0,0,False,-1
4903,NONE,0,0,0,False,-1
4904,NONE,0,0,0,False,-1
4905,NONE,0,0,0,False,-1
4906,NONE,0,0,0,False,-1
4907,NONE,0,0,0,False,-1
4908,NONE,0,0,0,False,-1
4909,SINGLE,1,0,0,False,-1
4910,NONE,0,0,0,False,-1
4911,NONE,0,0,0,False,-1
4912,DOUBLE,1,1,0,False,-1
4913,DOUBLE,1,1,0,False,-1
4914,NONE,0,0,0,False,-1
4915,NONE,0,0,0,False,-1
4916,NONE,0,0,0,False,-1
4917,DOUBLE,1,1,0,False,-1
4918,NONE,0,0,0,False,-1
4919,NONE,0,0,0,False,-1
4920,NONE,0,0,0,False,-1
4921,SINGLE,1,0,0,False,-1
4922,NONE,0,0,0,False,-1
4923,NONE,0,0,0,False,-1
4924,DOUBLE,1,1,0,False,-1
4925,NONE,0,0,0,False,-1
4926,NONE,0,0,0,False,-1
4927,NONE,0,0,0,False,-1
4928,NONE,0,0,0,False,-1
4929,DOUBLE,1,1,0,False,-1
4930,SINGLE,0,0,1,False,-1
4931,NONE,0,0,0,False,-1
4932,NONE,0,0,0,False,-1
4933,NONE,0,0,0,False,-1
4934,DOUBLE,1,1,0,False,-1
4935,DOUBLE,1,1,0,False,-1
4936,TRIPLE,1,1,1,False,-1
4937,NONE,0,0,0,False,-1
4938,NONE,0,0,0,False,-1
4939,NONE,0,0,0,False,-1
4940,NONE,0,0,0,False,-1
4941,SINGLE,1,0,0,False,-1
4942,TRIPLE,1,1,1,False,-1
4943,NONE,0,0,0,False,-1
4944,NONE,0,0,0,False,-1
4945,NONE,0,0,0,False,-1
4946,DOUBLE,1,1,0,False,-1
4947,NONE,0,0,0,False,-1
4948,NONE,0,0,0,False,-1
4949,SINGLE,0,0,1,False,-1
4950,SINGLE,0,0,1,False,-1
4951,NONE,0,0,0,False,-1
4952,NONE,0,0,0,False,-1
4953,NONE,0,0,0,False,-1
4954,SINGLE,0,0,1,False,-1
4955,NONE,0,0,0,False,-1
4956,NONE,0,0,0,False,-1
4957,NONE,0,0,0,False,-1
4958,NONE,0,0,0,False,-1
4959,TRIPLE,1,1,1,False,-1
4960,NONE,0,0,0,False,-1
4961,NONE,0,0,0,False,-1
4962,NONE,0,0,0,False,-1
4963,NONE,0,0,0,False,-1
4964,NONE,0,0,0,False,-1
4965,NONE,0,0,0,False,-1
4966,NONE,0,0,0,False,-1
4967,DOUBLE,1,1,0,False,-1
4968,NONE,0,0,0,False,-1
4969,NONE,0,0,0,False,-1
4970,NONE,0,0,0,False,-1
4971,SINGLE,0,0,1,False,-1
4972,TRIPLE,1,1,1,False,-1
4973,DOUBLE,1,1,0,False,-1
4974,SINGLE,0,0,1,False,-1
4975,NONE,0,0,0,False,-1
4976,NONE,0,0,0,False,-1
4977,NONE,0,0,0,False,-1
4978,NONE,0,0,0,False,-1
4979,SINGLE,0,0,1,False,-1
4980,TRIPLE,1,1,1,False,-1
4981,NONE,0,0,0,False,-1
4982,TRIPLE,1,1,1,False,-1
4983,NONE,0,0,0,False,-1
4984,NONE,0,0,0,False,-1
4985,NONE,0,0,0,False,-1
4986,NONE,0,0,0,False,-1
4987,SINGLE,1,0,0,False,-1
4988,NONE,0,0,0,False,-1
4989,DOUBLE,1,1,0,False,-1
4990,NONE,0,0,0,False,-1
4991,NONE,0,0,0,False,-1
4992,NONE,0,0,0,False,-1
4993,TRIPLE,1,1,1,False,-1
4994,NONE,0,0,0,False,-1
4995,NONE,0,0,0,False,-1
4996,NONE,0,0,0,False,-1
4997,NONE,0,0,0,False,-1
4998,SINGLE,0,0,1,False,-1
4999,DOUBLE,1,1,0,False,-1
5000,TRIPLE,1,1,1,False,-1
5001,NONE,0,0,0,False,-1
5002,NONE,0,0,0,False,-1
5003,NONE,0,0,0,False,-1
5004,NONE,0,0,0,False,-1
5005,TRIPLE,1,1,1,False,-1
5006,NONE,0,0,0,False,-1
5007,NONE,0,0,0,False,-1
5008,NONE,0,0,0,False,-1
5009,NONE,0,0,0,False,-1
5010,NONE,0,0,0,False,-1
5011,NONE,0,0,0,False,-1
5012,NONE,0,0,0,False,-1
5013,NONE,0,0,0,False,-1
5014,NONE,0,0,0,False,-1
5015,TRIPLE,1,1,1,False,-1
5016,NONE,0,0,0,False,-1
5017,NONE,0,0,0,False,-1
5018,NONE,0,0,0,False,-1
5019,NONE,0,0,0,False,-1
5020,NONE,0,0,0,False,-1
5021,NONE,0,0,0,False,-1
5022,SINGLE,0,0,1,False,-1
5023,DOUBLE,1,1,0,False,-1
5024,SINGLE,0,0,1,False,-1
5025,NONE,0,0,0,False,-1
5026,NONE,0,0,0,False,-1
5027,DOUBLE,1,1,0,False,-1
5028,DOUBLE,1,0,1,False,-1
5029,DOUBLE,1,1,0,False,-1
5030,NONE,0,0,0,False,-1
5031,TRIPLE,1,1,1,False,-1
5032,NONE,0,0,0,False,-1
5033,TRIPLE,1,1,1,False,-1
5034,NONE,0,0,0,False,-1
5035,SINGLE,0,0,1,False,-1
5036,NONE,0,0,0,False,-1
5037,NONE,0,0,0,False,-1
5038,DOUBLE,1,1,0,False,-1
5039,NONE,0,0,0,False,-1
5040,DOUBLE,1,1,0,False,-1
5041,DOUBLE,1,1,0,False,-1
5042,NONE,0,0,0,False,-1
5043,NONE,0,0,0,False,-1
5044,NONE,0,0,0,False,-1
5045,SINGLE,0,0,1,False,-1
5046,NONE,0,0,0,False,-1
5047,SINGLE,0,0,1,False,-1
5048,DOUBLE,1,1,0,False,-1
5049,NONE,0,0,0,False,-1
5050,TRIPLE,1,1,1,False,-1
5051,NONE,0,0,0,False,-1
5052,NONE,0,0,0,False,-1
5053,NONE,0,0,0,False,-1
5054,SINGLE,0,0,1,False,-1
5055,NONE,0,0,0,False,-1
5056,NONE,0,0,0,False,-1
5057,TRIPLE,1,1,1,False,-1
5058,NONE,0,0,0,False,-1
5059,DOUBLE,1,1,0,False,-1
5060,NONE,0,0,0,False,-1
5061,NONE,0,0,0,False,-1
5062,TRIPLE,1,1,1,False,-1
5063,NONE,0,0,0,False,-1
5064,TRIPLE,1,1,1,False,-1
5065,NONE,0,0,0,False,-1
5066,SINGLE,1,0,0,False,-1
5067,NONE,0,0,0,False,-1
5068,NONE,0,0,0,False,-1
5069,SINGLE,0,1,0,False,-1
5070,NONE,0,0,0,False,-1
5071,DOUBLE,1,1,0,False,-1
5072,SINGLE,1,0,0,False,-1
5073,DOUBLE,1,1,0,False,-1
5074,NONE,0,0,0,False,-1
5075,NONE,0,0,0,False,-1
5076,NONE,0,0,0,False,-1
5077,DOUBLE,1,1,0,False,-1
5078,DOUBLE,1,1,0,False,-1
5079,DOUBLE,1,1,0,False,-1
5080,NONE,0,0,0,False,-1
5081,NONE,0,0,0,False,-1
5082,NONE,0,0,0,False,-1
5083,DOUBLE,1,1,0,False,-1
5084,TRIPLE,1,1,1,False,-1
5085,NONE,0,0,0,False,-1
5086,NONE,0,0,0,False,-1
5087,NONE,0,0,0,False,-1
5088,NONE,0,0,0,False,-1
5089,DOUBLE,1,1,0,False,-1
5090,NONE,0,0,0,False,-1
5091,TRIPLE,1,1,1,False,-1
5092,NONE,0,0,0,False,-1
5093,SINGLE,0,0,1,False,-1
5094,NONE,0,0,0,False,-1
5095,NONE,0,0,0,False,-1
5096,NONE,0,0,0,False,-1
5097,NONE,0,0,0,False,-1
5098,TRIPLE,1,1,1,False,-1
5099,NONE,0,0,0,False,-1
5100,NONE,0,0,0,False,-1
5101,NONE,0,0,0,False,-1
5102,NONE,0,0,0,False,-1
5103,NONE,0,0,0,False,-1
5104,NONE,0,0,0,False,-1
5105,NONE,0,0,0,False,-1
5106,DOUBLE,1,1,0,False,-1
5107,TRIPLE,1,1,1,False,-1
5108,NONE,0,0,0,False,-1
5109,DOUBLE,1,1,0,False,-1
5110,NONE,0,0,0,False,-1
5111,NONE,0,0,0,False,-1
5112,DOUBLE,1,1,0,False,-1
5113,NONE,0,0,0,False,-1
5114,NONE,0,0,0,False,-1
5115,NONE,0,0,0,False,-1
5116,SINGLE,1,0,0,False,-1
5117,NONE,0,0,0,False,-1
5118,NONE,0,0,0,False,-1
5119,SINGLE,0,0,1,False,-1
5120,NONE,0,0,0,False,-1
5121,DOUBLE,1,1,0,False,-1
5122,SINGLE,0,0,1,False,-1
5123,SINGLE,0,0,1,False,-1
5124,NONE,0,0,0,False,-1
5125,SINGLE,0,1,0,False,-1
5126,SINGLE,0,1,0,False,-1
5127,TRIPLE,1,1,1,False,-1
5128,NONE,0,0,0,False,-1
5129,NONE,0,0,0,False,-1
5130,NONE,0,0,0,False,-1
5131,NONE,0,0,0,False,-1
5132,NONE,0,0,0,False,-1
5133,NONE,0,0,0,False,-1
5134,SINGLE,1,0,0,False,-1
5135,SINGLE,0,0,1,False,-1
5136,NONE,0,0,0,False,-1
5137,NONE,0,0,0,False,-1
5138,TRIPLE,1,1,1,False,-1
5139,NONE,0,0,0,False,-1
5140,DOUBLE,1,1,0,False,-1
5141,NONE,0,0,0,False,-1
5142,NONE,0,0,0,False,-1
5143,NONE,0,0,0,False,-1
5144,SINGLE,1,0,0,False,-1
5145,DOUBLE,1,1,0,False,-1
5146,NONE,0,0,0,False,-1
5147,NONE,0,0,0,False,-1
5148,DOUBLE,1,1,0,False,-1
5149,NONE,0,0,0,False,-1
5150,NONE,0,0,0,False,-1
5151,SINGLE,0,0,1,False,-1
5152,NONE,0,0,0,False,-1
5153,NONE,0,0,0,False,-1
5154,NONE,0,0,0,False,-1
5155,DOUBLE,1,1,0,False,-1
5156,NONE,0,0,0,False,-1
5157,DOUBLE,1,1,0,False,-1
5158,NONE,0,0,0,False,-1
5159,SINGLE,1,0,0,False,-1
5160,NONE,0,0,0,False,-1
5161,DOUBLE,0,1,1,True,228.008
5162,NONE,0,0,0,False,-1
5163,NONE,0,0,0,False,-1
5164,DOUBLE,1,1,0,False,-1
5165,NONE,0,0,0,False,-1
5166,DOUBLE,1,1,0,False,-1
5167,NONE,0,0,0,False,-1
5168,NONE,0,0,0,False,-1
5169,NONE,0,0,0,False,-1
5170,NONE,0,0,0,False,-1
5171,NONE,0,0,0,False,-1
5172,SINGLE,1,0,0,False,-1
5173,NONE,0,0,0,False,-1
5174,NONE,0,0,0,False,-1
5175,NONE,0,0,0,False,-1
5176,NONE,0,0,0,False,-1
5177,NONE,0,0,0,False,-1
5178,DOUBLE,0,1,1,False,-1
5179,SINGLE,0,0,1,False,-1
5180,TRIPLE,1,1,1,False,-1
5181,DOUBLE,1,1,0,False,-1
5182,NONE,0,0,0,False,-1
5183,NONE,0,0,0,False,-1
5184,NONE,0,0,0,False,-1
5185,NONE,0,0,0,False,-1
5186,NONE,0,0,0,False,-1
5187,TRIPLE,1,1,1,False,-1
5188,NONE,0,0,0,False,-1
5189,NONE,0,0,0,False,-1
5190,NONE,0,0,0,False,-1
5191,NONE,0,0,0,False,-1
5192,TRIPLE,1,1,1,False,-1
5193,SINGLE,1,0,0,False,-1
5194,NONE,0,0,0,False,-1
5195,SINGLE,0,0,1,False,-1
5196,DOUBLE,1,1,0,False,-1
5197,NONE,0,0,0,False,-1
5198,DOUBLE,1,1,0,False,-1
5199,NONE,0,0,0,False,-1
5200,NONE,0,0,0,False,-1
5201,SINGLE,0,0,1,False,-1
5202,TRIPLE,1,1,1,False,-1
5203,NONE,0,0,0,False,-1
5204,NONE,0,0,0,False,-1
5205,TRIPLE,1,1,1,False,-1
5206,NONE,0,0,0,False,-1
5207,NONE,0,0,0,False,-1
5208,NONE,0,0,0,False,-1
5209,NONE,0,0,0,False,-1
5210,TRIPLE,1,1,1,False,-1
5211,NONE,0,0,0,False,-1
5212,NONE,0,0,0,False,-1
5213,NONE,0,0,0,False,-1
5214,SINGLE,0,1,0,False,-1
5215,NONE,0,0,0,False,-1
5216,NONE,0,0,0,False,-1
5217,SINGLE,1,0,0,False,-1
5218,SINGLE,1,0,0,False,-1
5219,SINGLE,0,1,0,False,-1
5220,NONE,0,0,0,False,-1
5221,NONE,0,0,0,False,-1
5222,NONE,0,0,0,False,-1
5223,TRIPLE,1,1,1,False,-1
5224,DOUBLE,0,1,1,False,-1
5225,DOUBLE,1,1,0,False,-1
5226,NONE,0,0,0,False,-1
5227,NONE,0,0,0,False,-1
5228,SINGLE,0,1,0,False,-1
5229,NONE,0,0,0,False,-1
5230,NONE,0,0,0,False,-1
5231,DOUBLE,1,1,0,False,-1
5232,SINGLE,0,1,0,False,-1
5233,DOUBLE,1,1,0,False,-1
5234,NONE,0,0,0,False,-1
5235,NONE,0,0,0,False,-1
5236,SINGLE,0,0,1,False,-1
5237,TRIPLE,1,1,1,False,-1
5238,NONE,0,0,0,False,-1
5239,NONE,0,0,0,False,-1
5240,NONE,0,0,0,False,-1
5241,SINGLE,0,0,1,False,-1
5242,SINGLE,0,0,1,False,-1
5243,TRIPLE,1,1,1,False,-1
5244,DOUBLE,1,1,0,False,-1
5245,NONE,0,0,0,False,-1
5246,NONE,0,0,0,False,-1
5247,NONE,0,0,0,False,-1
5248,DOUBLE,1,1,0,False,-1
5249,NONE,0,0,0,False,-1
5250,NONE,0,0,0,False,-1
5251,NONE,0,0,0,False,-1
5252,NONE,0,0,0,False,-1
5253,NONE,0,0,0,False,-1
5254,NONE,0,0,0,False,-1
5255,NONE,0,0,0,False,-1
5256,TRIPLE,1,1,1,False,-1
5257,NONE,0,0,0,False,-1
5258,NONE,0,0,0,False,-1
5259,NONE,0,0,0,False,-1
5260,NONE,0,0,0,False,-1
5261,TRIPLE,1,1,1,False,-1
5262,TRIPLE,1,1,1,False,-1
5263,NONE,0,0,0,False,-1
5264,DOUBLE,1,1,0,False,-1
5265,DOUBLE,1,1,0,False,-1
5266,TRIPLE,1,1,1,False,-1
5267,TRIPLE,1,1,1,False,-1
5268,NONE,0,0,0,False,-1
5269,TRIPLE,1,1,1,False,-1
5270,SINGLE,1,0,0,False,-1
5271,DOUBLE,1,1,0,False,-1
5272,DOUBLE,1,1,0,False,-1
5273,SINGLE,1,0,0,False,-1
5274,NONE,0,0,0,False,-1
5275,NONE,0,0,0,False,-1
5276,SINGLE,0,0,1,False,-1
5277,SINGLE,0,1,0,False,-1
5278,NONE,0,0,0,False,-1
5279,DOUBLE,1,1,0,False,-1
5280,NONE,0,0,0,False,-1
5281,NONE,0,0,0,False,-1
5282,DOUBLE,1,1,0,False,-1
5283,SINGLE,1,0,0,False,-1
5284,SINGLE,1,0,0,False,-1
5285,NONE,0,0,0,False,-1
5286,DOUBLE,1,1,0,False,-1
5287,SINGLE,0,0,1,False,-1
5288,TRIPLE,1,1,1,False,-1
5289,NONE,0,0,0,False,-1
5290,NONE,0,0,0,False,-1
5291,SINGLE,0,0,1,False,-1
5292,NONE,0,0,0,False,-1
5293,TRIPLE,1,1,1,False,-1
5294,SINGLE,0,1,0,False,-1
5295,NONE,0,0,0,False,-1
5296,DOUBLE,1,1,0,False,-1
5297,NONE,0,0,0,False,-1
5298,NONE,0,0,0,False,-1
5299,NONE,0,0,0,False,-1
5300,SINGLE,1,0,0,False,-1
5301,NONE,0,0,0,False,-1
5302,NONE,0,0,0,False,-1
5303,NONE,0,0,0,False,-1
5304,NONE,0,0,0,False,-1
5305,NONE,0,0,0,False,-1
5306,NONE,0,0,0,False,-1
5307,DOUBLE,1,1,0,False,-1
5308,TRIPLE,1,1,1,False,-1
5309,NONE,0,0,0,False,-1
5310,TRIPLE,1,1,1,False,-1
5311,NONE,0,0,0,False,-1
5312,NONE,0,0,0,False,-1
5313,DOUBLE,1,1,0,False,-1
5314,NONE,0,0,0,False,-1
5315,SINGLE,1,0,0,False,-1
5316,NONE,0,0,0,False,-1
5317,NONE,0,0,0,False,-1
5318,DOUBLE,1,1,0,False,-1
5319,NONE,0,0,0,False,-1
5320,TRIPLE,1,1,1,False,-1
5321,NONE,0,0,0,False,-1
5322,TRIPLE,1,1,1,False,-1
5323,NONE,0,0,0,False,-1
5324,NONE,0,0,0,False,-1
5325,DOUBLE,1,1,0,False,-1
5326,DOUBLE,1,1,0,False,-1
5327,NONE,0,0,0,False,-1
5328,NONE,0,0,0,False,-1
5329,SINGLE,0,0,1,False,-1
5330,NONE,0,0,0,False,-1
5331,TRIPLE,1,1,1,False,-1
5332,NONE,0,0,0,False,-1
5333,NONE,0,0,0,False,-1
5334,NONE,0,0,0,False,-1
5335,NONE,0,0,0,False,-1
5336,NONE,0,0,0,False,-1
5337,NONE,0,0,0,False,-1
5338,NONE,0,0,0,False,-1
5339,NONE,0,0,0,False,-1
5340,TRIPLE,1,1,1,False,-1
5341,NONE,0,0,0,False,-1
5342,NONE,0,0,0,False,-1
5343,TRIPLE,1,1,1,False,-1
5344,NONE,0,0,0,False,-1
5345,NONE,0,0,0,False,-1
5346,NONE,0,0,0,False,-1
5347,SINGLE,1,0,0,False,-1
5348,NONE,0,0,0,False,-1
5349,NONE,0,0,0,False,-1
5350,NONE,0,0,0,False,-1
5351,NONE,0,0,0,False,-1
5352,NONE,0,0,0,False,-1
5353,SINGLE,0,0,1,False,-1
5354,NONE,0,0,0,False,-1
5355,DOUBLE,1,1,0,False,-1
5356,NONE,0,0,0,False,-1
5357,NONE,0,0,0,False,-1
5358,NONE,0,0,0,False,-1
5359,NONE,0,0,0,False,-1
5360,NONE,0,0,0,False,-1
5361,NONE,0,0,0,False,-1
5362,NONE,0,0,0,False,-1
5363,TRIPLE,1,1,1,False,-1
5364,NONE,0,0,0,False,-1
5365,NONE,0,0,0,False,-1
5366,NONE,0,0,0,False,-1
5367,NONE,0,0,0,False,-1
5368,NONE,0,0,0,False,-1
5369,NONE,0,0,0,False,-1
5370,TRIPLE,1,1,1,False,-1
5371,NONE,0,0,0,False,-1
5372,NONE,0,0,0,False,-1
5373,NONE,0,0,0,False,-1
5374,NONE,0,0,0,False,-1
5375,DOUBLE,0,1,1,False,-1
5376,NONE,0,0,0,False,-1
5377,SINGLE,1,0,0,False,-1
5378,DOUBLE,1,1,0,False,-1
5379,SINGLE,0,0,1,False,-1
5380,NONE,0,0,0,False,-1
5381,NONE,0,0,0,False,-1
5382,NONE,0,0,0,False,-1
5383,NONE,0,0,0,False,-1
5384,NONE,0,0,0,False,-1
5385,NONE,0,0,0,False,-1
5386,TRIPLE,1,1,1,False,-1
5387,NONE,0,0,0,False,-1
5388,NONE,0,0,0,False,-1
5389,NONE,0,0,0,False,-1
5390,NONE,0,0,0,False,-1
5391,NONE,0,0,0,False,-1
5392,DOUBLE,1,1,0,False,-1
5393,NONE,0,0,0,False,-1
5394,NONE,0,0,0,False,-1
5395,NONE,0,0,0,False,-1
5396,NONE,0,0,0,False,-1
5397,NONE,0,0,0,False,-1
5398,SINGLE,1,0,0,False,-1
5399,DOUBLE,1,1,0,False,-1
5400,NONE,0,0,0,False,-1
5401,DOUBLE,0,1,1,False,-1
5402,NONE,0,0,0,False,-1
5403,NONE,0,0,0,False,-1
5404,NONE,0,0,0,False,-1
5405,NONE,0,0,0,False,-1
5406,NONE,0,0,0,False,-1
5407,DOUBLE,1,1,0,False,-1
5408,NONE,0,0,0,False,-1
5409,SINGLE,0,0,1,False,-1
5410,TRIPLE,1,1,1,False,-1
5411,TRIPLE,1,1,1,False,-1
5412,NONE,0,0,0,False,-1
5413,NONE,0,0,0,False,-1
5414,NONE,0,0,0,False,-1
5415,NONE,0,0,0,False,-1
5416,NONE,0,0,0,False,-1
5417,NONE,0,0,0,False,-1
5418,DOUBLE,0,1,1,False,-1
5419,NONE,0,0,0,False,-1
5420,NONE,0,0,0,False,-1
5421,NONE,0,0,0,False,-1
5422,NONE,0,0,0,False,-1
5423,NONE,0,0,0,False,-1
5424,TRIPLE,1,1,1,False,-1
5425,NONE,0,0,0,False,-1
5426,NONE,0,0,0,False,-1
5427,NONE,0,0,0,False,-1
5428,NONE,0,0,0,False,-1
5429,DOUBLE,1,1,0,False,-1
5430,NONE,0,0,0,False,-1
5431,SINGLE,1,0,0,False,-1
5432,NONE,0,0,0,False,-1
5433,NONE,0,0,0,False,-1
5434,TRIPLE,1,1,1,False,-1
5435,NONE,0,0,0,False,-1
5436,SINGLE,1,0,0,False,-1
5437,NONE,0,0,0,False,-1
5438,NONE,0,0,0,False,-1
5439,NONE,0,0,0,False,-1
5440,NONE,0,0,0,False,-1
5441,NONE,0,0,0,False,-1
5442,DOUBLE,1,1,0,False,-1
5443,NONE,0,0,0,False,-1
5444,SINGLE,1,0,0,False,-1
5445,TRIPLE,1,1,1,False,-1
5446,TRIPLE,1,1,1,False,-1
5447,NONE,0,0,0,False,-1
5448,NONE,0,0,0,False,-1
5449,TRIPLE,1,1,1,False,-1
5450,DOUBLE,0,1,1,False,-1
5451,NONE,0,0,0,False,-1
5452,NONE,0,0,0,False,-1
5453,NONE,0,0,0,False,-1
5454,NONE,0,0,0,False,-1
5455,NONE,0,0,0,False,-1
5456,SINGLE,0,0,1,False,-1
5457,NONE,0,0,0,False,-1
5458,TRIPLE,1,1,1,False,-1
5459,SINGLE,0,1,0,False,-1
5460,NONE,0,0,0,False,-1
5461,NONE,0,0,0,False,-1
5462,NONE,0,0,0,False,-1
5463,NONE,0,0,0,False,-1
5464,NONE,0,0,0,False,-1
5465,TRIPLE,1,1,1,False,-1
5466,NONE,0,0,0,False,-1
5467,NONE,0,0,0,False,-1
5468,NONE,0,0,0,False,-1
5469,NONE,0,0,0,False,-1
5470,NONE,0,0,0,False,-1
5471,NONE,0,0,0,False,-1
5472,NONE,0,0,0,False,-1
5473,NONE,0,0,0,False,-1
5474,NONE,0,0,0,False,-1
5475,NONE,0,0,0,False,-1
5476,NONE,0,0,0,False,-1
5477,SINGLE,0,1,0,False,-1
5478,DOUBLE,1,1,0,False,-1
5479,SINGLE,1,0,0,False,-1
5480,NONE,0,0,0,False,-1
5481,NONE,0,0,0,False,-1
5482,NONE,0,0,0,False,-1
5483,TRIPLE,1,1,1,False,-1
5484,NONE,0,0,0,False,-1
5485,NONE,0,0,0,False,-1
5486,NONE,0,0,0,False,-1
5487,NONE,0,0,0,False,-1
5488,DOUBLE,0,1,1,False,-1
5489,SINGLE,0,0,1,False,-1
5490,TRIPLE,1,1,1,False,-1
5491,NONE,0,0,0,False,-1
5492,NONE,0,0,0,False,-1
5493,NONE,0,0,0,False,-1
5494,NONE,0,0,0,False,-1
5495,TRIPLE,1,1,1,False,-1
5496,DOUBLE,1,1,0,False,-1
5497,NONE,0,0,0,False,-1
5498,DOUBLE,1,1,0,False,-1
5499,DOUBLE,1,1,0,False,-1
5500,SINGLE,1,0,0,False,-1
5501,NONE,0,0,0,False,-1
5502,TRIPLE,1,1,1,False,-1
5503,DOUBLE,1,1,0,False,-1
5504,NONE,0,0,0,False,-1
5505,DOUBLE,1,1,0,False,-1
5506,NONE,0,0,0,False,-1
5507,NONE,0,0,0,False,-1
5508,NONE,0,0,0,False,-1
5509,NONE,0,0,0,False,-1
5510,SINGLE,0,0,1,False,-1
5511,DOUBLE,1,1,0,False,-1
5512,NONE,0,0,0,False,-1
5513,NONE,0,0,0,False,-1
5514,NONE,0,0,0,False,-1
5515,NONE,0,0,0,False,-1
5516,DOUBLE,1,1,0,False,-1
5517,DOUBLE,0,1,1,False,-1
5518,DOUBLE,1,1,0,False,-1
5519,NONE,0,0,0,False,-1
5520,SINGLE,0,1,0,False,-1
5521,NONE,0,0,0,False,-1
5522,NONE,0,0,0,False,-1
5523,SINGLE,0,0,1,False,-1
5524,NONE,0,0,0,False,-1
5525,NONE,0,0,0,False,-1
5526,NONE,0,0,0,False,-1
5527,NONE,0,0,0,False,-1
5528,NONE,0,0,0,False,-1
5529,NONE,0,0,0,False,-1
5530,NONE,0,0,0,False,-1
5531,DOUBLE,0,1,1,False,-1
5532,SINGLE,0,0,1,False,-1
5533,SINGLE,1,0,0,False,-1
5534,DOUBLE,1,1,0,False,-1
5535,NONE,0,0,0,False,-1
5536,SINGLE,0,0,1,False,-1
5537,NONE,0,0,0,False,-1
5538,NONE,0,0,0,False,-1
5539,NONE,0,0,0,False,-1
5540,NONE,0,0,0,False,-1
5541,NONE,0,0,0,False,-1
5542,NONE,0,0,0,False,-1
5543,NONE,0,0,0,False,-1
5544,NONE,0,0,0,False,-1
5545,NONE,0,0,0,False,-1
5546,NONE,0,0,0,False,-1
5547,TRIPLE,1,1,1,False,-1
5548,DOUBLE,1,1,0,False,-1
5549,TRIPLE,1,1,1,False,-1
5550,SINGLE,1,0,0,False,-1
5551,SINGLE,0,0,1,False,-1
5552,DOUBLE,1,1,0,False,-1
5553,SINGLE,0,0,1,False,-1
5554,SINGLE,0,1,0,True,2403.43
5555,SINGLE,0,1,0,False,-1
5556,NONE,0,0,0,False,-1
5557,SINGLE,0,0,1,False,-1
5558,NONE,0,0,0,False,-1
5559,DOUBLE,1,1,0,False,-1
5560,NONE,0,0,0,False,-1
5561,NONE,0,0,0,False,-1
5562,TRIPLE,1,1,1,False,-1
5563,DOUBLE,1,1,0,False,-1
5564,NONE,0,0,0,False,-1
5565,NONE,0,0,0,False,-1
5566,SINGLE,1,0,0,False,-1
5567,SINGLE,1,0,0,False,-1
5568,NONE,0,0,0,False,-1
5569,SINGLE,0,0,1,False,-1
5570,TRIPLE,1,1,1,False,-1
5571,DOUBLE,1,1,0,False,-1
5572,NONE,0,0,0,False,-1
5573,NONE,0,0,0,False,-1
5574,NONE,0,0,0,False,-1
5575,DOUBLE,1,1,0,False,-1
5576,NONE,0,0,0,False,-1
5577,TRIPLE,1,1,1,False,-1
5578,DOUBLE,1,1,0,False,-1
5579,TRIPLE,1,1,1,False,-1
5580,NONE,0,0,0,False,-1
5581,SINGLE,1,0,0,False,-1
5582,NONE,0,0,0,False,-1
5583,NONE,0,0,0,False,-1
5584,DOUBLE,1,1,0,False,-1
5585,NONE,0,0,0,False,-1
5586,TRIPLE,1,1,1,False,-1
5587,NONE,0,0,0,False,-1
5588,NONE,0,0,0,False,-1
5589,NONE,0,0,0,False,-1
5590,NONE,0,0,0,False,-1
5591,SINGLE,1,0,0,False,-1
5592,NONE,0,0,0,False,-1
5593,NONE,0,0,0,False,-1
5594,NONE,0,0,0,False,-1
5595,NONE,0,0,0,False,-1
5596,TRIPLE,1,1,1,False,-1
5597,SINGLE,0,0,1,False,-1
5598,NONE,0,0,0,False,-1
5599,NONE,0,0,0,False,-1
5600,DOUBLE,1,1,0,False,-1
5601,DOUBLE,1,1,0,False,-1
5602,NONE,0,0,0,False,-1
5603,NONE,0,0,0,False,-1
5604,DOUBLE,1,1,0,False,-1
5605,NONE,0,0,0,False,-1
5606,DOUBLE,0,1,1,False,-1
5607,NONE,0,0,0,False,-1
5608,NONE,0,0,0,False,-1
5609,NONE,0,0,0,False,-1
5610,DOUBLE,0,1,1,False,-1
5611,NONE,0,0,0,False,-1
5612,TRIPLE,1,1,1,False,-1
5613,DOUBLE,1,1,0,False,-1
5614,SINGLE,0,0,1,False,-1
5615,NONE,0,0,0,False,-1
5616,NONE,0,0,0,False,-1
5617,NONE,0,0,0,False,-1
5618,SINGLE,0,0,1,False,-1
5619,NONE,0,0,0,False,-1
5620,NONE,0,0,0,False,-1
5621,NONE,0,0,0,False,-1
5622,SINGLE,0,0,1,False,-1
5623,NONE,0,0,0,False,-1
5624,NONE,0,0,0,False,-1
5625,SINGLE,1,0,0,False,-1
5626,NONE,0,0,0,False,-1
5627,NONE,0,0,0,False,-1
5628,SINGLE,0,0,1,False,-1
5629,SINGLE,1,0,0,False,-1
5630,NONE,0,0,0,False,-1
5631,NONE,0,0,0,False,-1
5632,DOUBLE,1,1,0,False,-1
5633,NONE,0,0,0,False,-1
5634,NONE,0,0,0,False,-1
5635,TRIPLE,1,1,1,False,-1
5636,NONE,0,0,0,False,-1
5637,NONE,0,0,0,False,-1
5638,NONE,0,0,0,False,-1
5639,NONE,0,0,0,False,-1
5640,DOUBLE,1,1,0,False,-1
5641,SINGLE,0,0,1,False,-1
5642,DOUBLE,1,1,0,False,-1
5643,NONE,0,0,0,False,-1
5644,NONE,0,0,0,False,-1
5645,DOUBLE,1,1,0,False,-1
5646,NONE,0,0,0,False,-1
5647,TRIPLE,1,1,1,False,-1
5648,TRIPLE,1,1,1,False,-1
5649,NONE,0,0,0,False,-1
5650,NONE,0,0,0,False,-1
5651,NONE,0,0,0,False,-1
5652,NONE,0,0,0,False,-1
5653,NONE,0,0,0,False,-1
5654,DOUBLE,1,1,0,False,-1
5655,NONE,0,0,0,False,-1
5656,NONE,0,0,0,False,-1
5657,DOUBLE,1,1,0,False,-1
5658,NONE,0,0,0,False,-1
5659,TRIPLE,1,1,1,False,-1
5660,SINGLE,1,0,0,False,-1
5661,NONE,0,0,0,False,-1
5662,NONE,0,0,0,False,-1
5663,SINGLE,0,0,1,False,-1
5664,NONE,0,0,0,False,-1
5665,SINGLE,0,0,1,False,-1
5666,SINGLE,0,0,1,False,-1
5667,DOUBLE,1,1,0,False,-1
5668,TRIPLE,1,1,1,False,-1
5669,NONE,0,0,0,False,-1
5670,NONE,0,0,0,False,-1
5671,NONE,0,0,0,False,-1
5672,NONE,0,0,0,False,-1
5673,NONE,0,0,0,False,-1
5674,NONE,0,0,0,False,-1
5675,SINGLE,0,0,1,False,-1
5676,NONE,0,0,0,False,-1
5677,NONE,0,0,0,False,-1
5678,SINGLE,0,0,1,False,-1
5679,NONE,0,0,0,False,-1
5680,TRIPLE,1,1,1,False,-1
5681,NONE,0,0,0,False,-1
5682,NONE,0,0,0,False,-1
5683,NONE,0,0,0,False,-1
5684,NONE,0,0,0,False,-1
5685,NONE,0,0,0,False,-1
5686,NONE,0,0,0,False,-1
5687,NONE,0,0,0,False,-1
5688,NONE,0,0,0,False,-1
5689,NONE,0,0,0,False,-1
5690,NONE,0,0,0,False,-1
5691,NONE,0,0,0,False,-1
5692,NONE,0,0,0,False,-1
5693,NONE,0,0,0,False,-1
5694,DOUBLE,1,1,0,False,-1
5695,NONE,0,0,0,False,-1
5696,DOUBLE,1,1,0,False,-1
5697,TRIPLE,1,1,1,False,-1
5698,DOUBLE,1,1,0,False,-1
5699,SINGLE,0,0,1,False,-1
5700,SINGLE,0,0,1,False,-1
5701,NONE,0,0,0,False,-1
5702,NONE,0,0,0,False,-1
5703,TRIPLE,1,1,1,False,-1
5704,SINGLE,1,0,0,False,-1
5705,TRIPLE,1,1,1,False,-1
5706,DOUBLE,1,1,0,False,-1
5707,NONE,0,0,0,False,-1
5708,NONE,0,0,0,False,-1
5709,NONE,0,0,0,False,-1
5710,SINGLE,0,0,1,False,-1
5711,NONE,0,0,0,False,-1
5712,NONE,0,0,0,False,-1
5713,NONE,0,0,0,False,-1
5714,NONE,0,0,0,False,-1
5715,SINGLE,0,0,1,False,-1
5716,NONE,0,0,0,False,-1
5717,NONE,0,0,0,False,-1
5718,NONE,0,0,0,False,-1
5719,NONE,0,0,0,False,-1
5720,DOUBLE,0,1,1,False,-1
5721,NONE,0,0,0,False,-1
5722,NONE,0,0,0,False,-1
5723,NONE,0,0,0,False,-1
5724,NONE,0,0,0,False,-1
5725,NONE,0,0,0,False,-1
5726,DOUBLE,1,1,0,False,-1
5727,NONE,0,0,0,False,-1
5728,NONE,0,0,0,False,-1
5729,DOUBLE,1,1,0,False,-1
5730,NONE,0,0,0,False,-1
5731,DOUBLE,1,0,1,False,-1
5732,TRIPLE,1,1,1,False,-1
5733,NONE,0,0,0,False,-1
5734,DOUBLE,1,1,0,False,-1
5735,NONE,0,0,0,False,-1
5736,NONE,0,0,0,False,-1
5737,NONE,0,0,0,False,-1
5738,TRIPLE,1,1,1,False,-1
5739,NONE,0,0,0,False,-1
5740,NONE,0,0,0,False,-1
5741,NONE,0,0,0,False,-1
5742,NONE,0,0,0,False,-1
5743,TRIPLE,1,1,1,False,-1
5744,NONE,0,0,0,False,-1
5745,DOUBLE,1,1,0,False,-1
5746,NONE,0,0,0,False,-1
5747,SINGLE,0,0,1,False,-1
5748,TRIPLE,1,1,1,False,-1
5749,NONE,0,0,0,False,-1
5750,NONE,0,0,0,False,-1
5751,SINGLE,0,0,1,False,-1
5752,DOUBLE,1,1,0,False,-1
5753,NONE,0,0,0,False,-1
5754,NONE,0,0,0,False,-1
5755,NONE,0,0,0,False,-1
5756,SINGLE,1,0,0,False,-1
5757,SINGLE,0,0,1,False,-1
5758,SINGLE,1,0,0,False,-1
5759,DOUBLE,1,1,0,False,-1
5760,SINGLE,1,0,0,False,-1
5761,SINGLE,0,0,1,False,-1
5762,SINGLE,0,0,1,False,-1
5763,TRIPLE,1,1,1,False,-1
5764,TRIPLE,1,1,1,False,-1
5765,NONE,0,0,0,False,-1
5766,SINGLE,0,1,0,False,-1
5767,NONE,0,0,0,False,-1
5768,NONE,0,0,0,False,-1
5769,NONE,0,0,0,False,-1
5770,DOUBLE,1,1,0,False,-1
5771,NONE,0,0,0,False,-1
5772,NONE,0,0,0,False,-1
5773,NONE,0,0,0,False,-1
5774,SINGLE,0,0,1,False,-1
5775,TRIPLE,1,1,1,False,-1
5776,NONE,0,0,0,False,-1
5777,NONE,0,0,0,False,-1
5778,NONE,0,0,0,False,-1
5779,SINGLE,1,0,0,False,-1
5780,NONE,0,0,0,False,-1
5781,NONE,0,0,0,False,-1
5782,SINGLE,1,0,0,False,-1
5783,NONE,0,0,0,False,-1
5784,NONE,0,0,0,False,-1
5785,NONE,0,0,0,False,-1
5786,SINGLE,0,1,0,False,-1
5787,NONE,0,0,0,False,-1
5788,SINGLE,0,0,1,False,-1
5789,NONE,0,0,0,False,-1
5790,NONE,0,0,0,False,-1
5791,SINGLE,0,0,1,False,-1
5792,SINGLE,1,0,0,False,-1
5793,TRIPLE,1,1,1,False,-1
5794,TRIPLE,1,1,1,False,-1
5795,NONE,0,0,0,False,-1
5796,NONE,0,0,0,False,-1
5797,NONE,0,0,0,False,-1
5798,NONE,0,0,0,False,-1
5799,TRIPLE,1,1,1,False,-1
5800,DOUBLE,1,1,0,False,-1
5801,SINGLE,0,0,1,False,-1
5802,NONE,0,0,0,False,-1
5803,NONE,0,0,0,False,-1
5804,NONE,0,0,0,False,-1
5805,NONE,0,0,0,False,-1
5806,TRIPLE,1,1,1,False,-1
5807,NONE,0,0,0,False,-1
5808,NONE,0,0,0,False,-1
5809,DOUBLE,0,1,1,False,-1
5810,TRIPLE,1,1,1,False,-1
5811,NONE,0,0,0,False,-1
5812,SINGLE,0,0,1,False,-1
5813,NONE,0,0,0,False,-1
5814,NONE,0,0,0,False,-1
5815,DOUBLE,0,1,1,False,-1
5816,NONE,0,0,0,False,-1
5817,NONE,0,0,0,False,-1
5818,NONE,0,0,0,False,-1
5819,SINGLE,1,0,0,False,-1
5820,NONE,0,0,0,False,-1
5821,NONE,0,0,0,False,-1
5822,DOUBLE,1,0,1,False,-1
5823,TRIPLE,1,1,1,False,-1
5824,NONE,0,0,0,False,-1
5825,NONE,0,0,0,False,-1
5826,SINGLE,0,0,1,False,-1
5827,NONE,0,0,0,False,-1
5828,SINGLE,0,0,1,False,-1
5829,NONE,0,0,0,False,-1
5830,SINGLE,0,0,1,False,-1
5831,TRIPLE,1,1,1,False,-1
5832,DOUBLE,1,1,0,False,-1
5833,NONE,0,0,0,False,-1
5834,NONE,0,0,0,False,-1
5835,SINGLE,0,0,1,False,-1
5836,DOUBLE,1,1,0,False,-1
5837,NONE,0,0,0,False,-1
5838,NONE,0,0,0,False,-1
5839,NONE,0,0,0,False,-1
5840,NONE,0,0,0,False,-1
5841,NONE,0,0,0,False,-1
5842,NONE,0,0,0,False,-1
5843,NONE,0,0,0,False,-1
5844,NONE,0,0,0,False,-1
5845,NONE,0,0,0,False,-1
5846,NONE,0,0,0,False,-1
5847,NONE,0,0,0,False,-1
5848,NONE,0,0,0,False,-1
5849,SINGLE,0,0,1,False,-1
5850,NONE,0,0,0,False,-1
5851,NONE,0,0,0,False,-1
5852,NONE,0,0,0,False,-1
5853,DOUBLE,1,1,0,False,-1
5854,NONE,0,0,0,False,-1
5855,DOUBLE,1,1,0,False,-1
5856,NONE,0,0,0,False,-1
5857,NONE,0,0,0,False,-1
5858,NONE,0,0,0,False,-1
5859,NONE,0,0,0,False,-1
5860,NONE,0,0,0,False,-1
5861,DOUBLE,1,1,0,False,-1
5862,NONE,0,0,0,False,-1
5863,NONE,0,0,0,False,-1
5864,NONE,0,0,0,False,-1
5865,DOUBLE,1,1,0,False,-1
5866,NONE,0,0,0,False,-1
5867,SINGLE,0,0,1,False,-1
5868,SINGLE,0,0,1,False,-1
5869,DOUBLE,1,1,0,False,-1
5870,DOUBLE,1,1,0,False,-1
5871,NONE,0,0,0,False,-1
5872,NONE,0,0,0,False,-1
5873,TRIPLE,1,1,1,False,-1
5874,DOUBLE,0,1,1,False,-1
5875,NONE,0,0,0,False,-1
5876,NONE,0,0,0,False,-1
5877,DOUBLE,1,1,0,False,-1
5878,NONE,0,0,0,False,-1
5879,NONE,0,0,0,False,-1
5880,SINGLE,0,0,1,False,-1
5881,NONE,0,0,0,False,-1
5882,NONE,0,0,0,False,-1
5883,NONE,0,0,0,False,-1
5884,NONE,0,0,0,False,-1
5885,NONE,0,0,0,False,-1
5886,NONE,0,0,0,False,-1
5887,DOUBLE,0,1,1,True,757.475
5888,DOUBLE,1,1,0,False,-1
5889,NONE,0,0,0,False,-1
5890,NONE,0,0,0,False,-1
5891,NONE,0,0,0,False,-1
5892,NONE,0,0,0,False,-1
5893,NONE,0,0,0,False,-1
5894,DOUBLE,1,1,0,False,-1
5895,NONE,0,0,0,False,-1
5896,NONE,0,0,0,False,-1
5897,NONE,0,0,0,False,-1
5898,TRIPLE,1,1,1,False,-1
5899,NONE,0,0,0,False,-1
5900,NONE,0,0,0,False,-1
5901,NONE,0,0,0,False,-1
5902,NONE,0,0,0,False,-1
5903,NONE,0,0,0,False,-1
5904,NONE,0,0,0,False,-1
5905,NONE,0,0,0,False,-1
5906,NONE,0,0,0,False,-1
5907,TRIPLE,1,1,1,False,-1
5908,DOUBLE,1,1,0,False,-1
5909,DOUBLE,0,1,1,False,-1
5910,NONE,0,0,0,False,-1
5911,TRIPLE,1,1,1,False,-1
5912,SINGLE,1,0,0,False,-1
5913,NONE,0,0,0,False,-1
5914,TRIPLE,1,1,1,False,-1
5915,NONE,0,0,0,False,-1
5916,NONE,0,0,0,False,-1
5917,SINGLE,1,0,0,False,-1
5918,NONE,0,0,0,False,-1
5919,NONE,0,0,0,False,-1
5920,NONE,0,0,0,False,-1
5921,NONE,0,0,0,False,-1
5922,SINGLE,0,0,1,False,-1
5923,NONE,0,0,0,False,-1
5924,NONE,0,0,0,False,-1
5925,TRIPLE,1,1,1,False,-1
5926,TRIPLE,1,1,1,False,-1
5927,NONE,0,0,0,False,-1
5928,NONE,0,0,0,False,-1
5929,TRIPLE,1,1,1,False,-1
5930,NONE,0,0,0,False,-1
5931,NONE,0,0,0,False,-1
5932,DOUBLE,1,1,0,False,-1
5933,SINGLE,0,0,1,False,-1
5934,NONE,0,0,0,False,-1
5935,NONE,0,0,0,False,-1
5936,DOUBLE,1,1,0,False,-1
5937,NONE,0,0,0,False,-1
5938,NONE,0,0,0,False,-1
5939,DOUBLE,1,1,0,False,-1
5940,NONE,0,0,0,False,-1
5941,NONE,0,0,0,False,-1
5942,DOUBLE,1,1,0,False,-1
5943,NONE,0,0,0,False,-1
5944,SINGLE,1,0,0,False,-1
5945,NONE,0,0,0,False,-1
5946,NONE,0,0,0,False,-1
5947,NONE,0,0,0,False,-1
5948,TRIPLE,1,1,1,False,-1
5949,NONE,0,0,0,False,-1
5950,DOUBLE,1,1,0,False,-1
5951,DOUBLE,1,1,0,False,-1
5952,TRIPLE,1,1,1,False,-1
5953,NONE,0,0,0,False,-1
5954,DOUBLE,1,0,1,False,-1
5955,NONE,0,0,0,False,-1
5956,NONE,0,0,0,False,-1
5957,NONE,0,0,0,False,-1
5958,NONE,0,0,0,False,-1
5959,NONE,0,0,0,False,-1
5960,SINGLE,0,0,1,False,-1
5961,NONE,0,0,0,False,-1
5962,NONE,0,0,0,False,-1
5963,NONE,0,0,0,False,-1
5964,NONE,0,0,0,False,-1
5965,DOUBLE,1,1,0,False,-1
5966,SINGLE,1,0,0,False,-1
5967,NONE,0,0,0,False,-1
5968,NONE,0,0,0,False,-1
5969,SINGLE,0,0,1,False,-1
5970,NONE,0,0,0,False,-1
5971,NONE,0,0,0,False,-1
5972,NONE,0,0,0,False,-1
5973,NONE,0,0,0,False,-1
5974,NONE,0,0,0,False,-1
5975,NONE,0,0,0,False,-1
5976,NONE,0,0,0,False,-1
5977,DOUBLE,1,1,0,False,-1
5978,DOUBLE,1,1,0,False,-1
5979,NONE,0,0,0,False,-1
5980,NONE,0,0,0,False,-1
5981,NONE,0,0,0,False,-1
5982,NONE,0,0,0,False,-1
5983,DOUBLE,1,1,0,False,-1
5984,NONE,0,0,0,False,-1
5985,TRIPLE,1,1,1,False,-1
5986,NONE,0,0,0,False,-1
5987,NONE,0,0,0,False,-1
5988,NONE,0,0,0,False,-1
5989,NONE,0,0,0,False,-1
5990,SINGLE,0,0,1,False,-1
5991,NONE,0,0,0,False,-1
5992,NONE,0,0,0,False,-1
5993,DOUBLE,1,1,0,False,-1
5994,NONE,0,0,0,False,-1
5995,NONE,0,0,0,False,-1
5996,NONE,0,0,0,False,-1
5997,NONE,0,0,0,False,-1
5998,NONE,0,0,0,False,-1
5999,NONE,0,0,0,False,-1
6000,NONE,0,0,0,False,-1
6001,SINGLE,0,0,1,False,-1
6002,DOUBLE,1,1,0,False,-1
6003,TRIPLE,1,1,1,False,-1
6004,NONE,0,0,0,False,-1
6005,NONE,0,0,0,False,-1
6006,NONE,0,0,0,False,-1
6007,NONE,0,0,0,False,-1
6008,NONE,0,0,0,False,-1
6009,SINGLE,1,0,0,False,-1
6010,NONE,0,0,0,False,-1
6011,NONE,0,0,0,False,-1
6012,NONE,0,0,0,False,-1
6013,NONE,0,0,0,False,-1
6014,NONE,0,0,0,False,-1
6015,DOUBLE,1,1,0,False,-1
6016,NONE,0,0,0,False,-1
6017,NONE,0,0,0,False,-1
6018,NONE,0,0,0,False,-1
6019,SINGLE,0,0,1,False,-1
6020,SINGLE,0,1,0,False,-1
6021,NONE,0,0,0,False,-1
6022,DOUBLE,1,1,0,False,-1
6023,NONE,0,0,0,False,-1
6024,NONE,0,0,0,False,-1
6025,NONE,0,0,0,False,-1
6026,NONE,0,0,0,False,-1
6027,NONE,0,0,0,False,-1
6028,NONE,0,0,0,False,-1
6029,SINGLE,0,0,1,False,-1
6030,DOUBLE,1,1,0,False,-1
6031,NONE,0,0,0,False,-1
6032,NONE,0,0,0,False,-1
6033,NONE,0,0,0,False,-1
6034,DOUBLE,1,1,0,False,-1
6035,DOUBLE,0,1,1,False,-1
6036,NONE,0,0,0,False,-1
6037,NONE,0,0,0,False,-1
6038,NONE,0,0,0,False,-1
6039,NONE,0,0,0,False,-1
6040,NONE,0,0,0,False,-1
6041,NONE,0,0,0,False,-1
6042,SINGLE,0,0,1,False,-1
6043,NONE,0,0,0,False,-1
6044,NONE,0,0,0,False,-1
6045,SINGLE,0,0,1,False,-1
6046,DOUBLE,0,1,1,False,-1
6047,NONE,0,0,0,False,-1
6048,DOUBLE,1,1,0,False,-1
6049,NONE,0,0,0,False,-1
6050,NONE,0,0,0,False,-1
6051,NONE,0,0,0,False,-1
6052,NONE,0,0,0,False,-1
6053,TRIPLE,1,1,1,False,-1
6054,SINGLE,0,0,1,False,-1
6055,NONE,0,0,0,False,-1
6056,DOUBLE,1,1,0,False,-1
6057,NONE,0,0,0,False,-1
6058,TRIPLE,1,1,1,False,-1
6059,NONE,0,0,0,False,-1
6060,SINGLE,0,1,0,False,-1
6061,NONE,0,0,0,False,-1
6062,DOUBLE,1,1,0,False,-1
6063,NONE,0,0,0,False,-1
6064,NONE,0,0,0,False,-1
6065,NONE,0,0,0,False,-1
6066,SINGLE,1,0,0,False,-1
6067,NONE,0,0,0,False,-1
6068,NONE,0,0,0,False,-1
6069,NONE,0,0,0,False,-1
6070,SINGLE,0,1,0,False,-1
6071,NONE,0,0,0,False,-1
6072,SINGLE,0,1,0,False,-1
6073,NONE,0,0,0,False,-1
6074,DOUBLE,1,1,0,False,-1
6075,NONE,0,0,0,False,-1
6076,SINGLE,1,0,0,False,-1
6077,DOUBLE,1,1,0,False,-1
6078,NONE,0,0,0,False,-1
6079,NONE,0,0,0,False,-1
6080,NONE,0,0,0,False,-1
6081,DOUBLE,1,1,0,False,-1
6082,SINGLE,0,0,1,False,-1
6083,NONE,0,0,0,False,-1
6084,NONE,0,0,0,False,-1
6085,NONE,0,0,0,False,-1
6086,SINGLE,0,1,0,False,-1
6087,NONE,0,0,0,False,-1
6088,TRIPLE,1,1,1,False,-1
6089,NONE,0,0,0,False,-1
6090,NONE,0,0,0,False,-1
6091,SINGLE,1,0,0,False,-1
6092,NONE,0,0,0,False,-1
6093,NONE,0,0,0,False,-1
6094,NONE,0,0,0,False,-1
6095,NONE,0,0,0,False,-1
6096,DOUBLE,1,1,0,False,-1
6097,NONE,0,0,0,False,-1
6098,NONE,0,0,0,False,-1
6099,TRIPLE,1,1,1,False,-1
6100,NONE,0,0,0,False,-1
6101,NONE,0,0,0,False,-1
6102,NONE,0,0,0,False,-1
6103,NONE,0,0,0,False,-1
6104,NONE,0,0,0,False,-1
6105,NONE,0,0,0,False,-1
6106,NONE,0,0,0,False,-1
6107,NONE,0,0,0,False,-1
6108,NONE,0,0,0,False,-1
6109,DOUBLE,1,1,0,False,-1
6110,DOUBLE,1,1,0,False,-1
6111,DOUBLE,1,1,0,False,-1
6112,DOUBLE,1,1,0,False,-1
6113,NONE,0,0,0,False,-1
6114,TRIPLE,1,1,1,False,-1
6115,TRIPLE,1,1,1,False,-1
6116,DOUBLE,1,1,0,False,-1
6117,DOUBLE,1,1,0,False,-1
6118,NONE,0,0,0,False,-1
6119,NONE,0,0,0,False,-1
6120,NONE,0,0,0,False,-1
6121,SINGLE,0,0,1,False,-1
6122,TRIPLE,1,1,1,False,-1
6123,NONE,0,0,0,False,-1
6124,NONE,0,0,0,False,-1
6125,NONE,0,0,0,False,-1
6126,NONE,0,0,0,False,-1
6127,NONE,0,0,0,False,-1
6128,DOUBLE,1,1,0,False,-1
6129,DOUBLE,1,1,0,False,-1
6130,NONE,0,0,0,False,-1
6131,SINGLE,0,0,1,False,-1
6132,NONE,0,0,0,False,-1
6133,NONE,0,0,0,False,-1
6134,NONE,0,0,0,False,-1
6135,NONE,0,0,0,False,-1
6136,DOUBLE,0,1,1,False,-1
6137,NONE,0,0,0,False,-1
6138,TRIPLE,1,1,1,False,-1
6139,NONE,0,0,0,False,-1
6140,NONE,0,0,0,False,-1
6141,NONE,0,0,0,False,-1
6142,NONE,0,0,0,False,-1
6143,NONE,0,0,0,False,-1
6144,NONE,0,0,0,False,-1
6145,NONE,0,0,0,False,-1
6146,SINGLE,0,0,1,False,-1
6147,NONE,0,0,0,False,-1
6148,NONE,0,0,0,False,-1
6149,SINGLE,0,0,1,False,-1
6150,SINGLE,0,0,1,False,-1
6151,NONE,0,0,0,False,-1
6152,NONE,0,0,0,False,-1
6153,NONE,0,0,0,False,-1
6154,SINGLE,0,0,1,False,-1
6155,NONE,0,0,0,False,-1
6156,SINGLE,1,0,0,False,-1
6157,DOUBLE,1,1,0,False,-1
6158,NONE,0,0,0,False,-1
6159,NONE,0,0,0,False,-1
6160,NONE,0,0,0,False,-1
6161,SINGLE,1,0,0,False,-1
6162,NONE,0,0,0,False,-1
6163,TRIPLE,1,1,1,False,-1
6164,NONE,0,0,0,False,-1
6165,NONE,0,0,0,False,-1
6166,NONE,0,0,0,False,-1
6167,NONE,0,0,0,False,-1
6168,SINGLE,1,0,0,False,-1
6169,NONE,0,0,0,False,-1
6170,NONE,0,0,0,False,-1
6171,SINGLE,0,1,0,False,-1
6172,NONE,0,0,0,False,-1
6173,NONE,0,0,0,False,-1
6174,NONE,0,0,0,False,-1
6175,SINGLE,0,0,1,False,-1
6176,SINGLE,1,0,0,False,-1
6177,NONE,0,0,0,False,-1
6178,SINGLE,1,0,0,False,-1
6179,NONE,0,0,0,False,-1
6180,NONE,0,0,0,False,-1
6181,NONE,0,0,0,False,-1
6182,NONE,0,0,0,False,-1
6183,NONE,0,0,0,False,-1
6184,NONE,0,0,0,False,-1
6185,NONE,0,0,0,False,-1
6186,DOUBLE,1,1,0,False,-1
6187,NONE,0,0,0,False,-1
6188,SINGLE,0,0,1,False,-1
6189,NONE,0,0,0,False,-1
6190,NONE,0,0,0,False,-1
6191,SINGLE,0,1,0,False,-1
6192,NONE,0,0,0,False,-1
6193,SINGLE,0,0,1,False,-1
6194,NONE,0,0,0,False,-1
6195,DOUBLE,1,1,0,False,-1
6196,SINGLE,0,0,1,False,-1
6197,NONE,0,0,0,False,-1
6198,DOUBLE,1,1,0,False,-1
6199,NONE,0,0,0,False,-1
6200,NONE,0,0,0,False,-1
6201,NONE,0,0,0,False,-1
6202,NONE,0,0,0,False,-1
6203,NONE,0,0,0,False,-1
6204,NONE,0,0,0,False,-1
6205,SINGLE,1,0,0,False,-1
6206,NONE,0,0,0,False,-1
6207,NONE,0,0,0,False,-1
6208,NONE,0,0,0,False,-1
6209,NONE,0,0,0,False,-1
6210,NONE,0,0,0,False,-1
6211,NONE,0,0,0,False,-1
6212,DOUBLE,1,1,0,False,-1
6213,NONE,0,0,0,False,-1
6214,TRIPLE,1,1,1,False,-1
6215,DOUBLE,1,1,0,False,-1
6216,NONE,0,0,0,False,-1
6217,TRIPLE,1,1,1,False,-1
6218,NONE,0,0,0,False,-1
6219,SINGLE,0,0,1,False,-1
6220,NONE,0,0,0,False,-1
6221,NONE,0,0,0,False,-1
6222,NONE,0,0,0,False,-1
6223,NONE,0,0,0,False,-1
6224,SINGLE,0,0,1,False,-1
6225,NONE,0,0,0,False,-1
6226,SINGLE,0,0,1,False,-1
6227,DOUBLE,1,1,0,False,-1
6228,NONE,0,0,0,False,-1
6229,NONE,0,0,0,False,-1
6230,SINGLE,0,0,1,False,-1
6231,NONE,0,0,0,False,-1
6232,NONE,0,0,0,False,-1
6233,NONE,0,0,0,False,-1
6234,NONE,0,0,0,False,-1
6235,NONE,0,0,0,False,-1
6236,DOUBLE,1,1,0,False,-1
6237,DOUBLE,1,1,0,False,-1
6238,NONE,0,0,0,False,-1
6239,TRIPLE,1,1,1,False,-1
6240,NONE,0,0,0,False,-1
6241,TRIPLE,1,1,1,False,-1
6242,NONE,0,0,0,False,-1
6243,DOUBLE,1,1,0,False,-1
6244,NONE,0,0,0,False,-1
6245,NONE,0,0,0,False,-1
6246,NONE,0,0,0,False,-1
6247,NONE,0,0,0,False,-1
6248,NONE,0,0,0,False,-1
6249,SINGLE,1,0,0,False,-1
6250,NONE,0,0,0,False,-1
6251,NONE,0,0,0,False,-1
6252,NONE,0,0,0,False,-1
6253,NONE,0,0,0,False,-1
6254,DOUBLE,1,1,0,False,-1
6255,NONE,0,0,0,False,-1
6256,NONE,0,0,0,False,-1
6257,DOUBLE,1,1,0,True,1208.03
6258,SINGLE,0,0,1,False,-1
6259,NONE,0,0,0,False,-1
6260,TRIPLE,1,1,1,False,-1
6261,NONE,0,0,0,False,-1
6262,NONE,0,0,0,False,-1
6263,NONE,0,0,0,False,-1
6264,NONE,0,0,0,False,-1
6265,TRIPLE,1,1,1,False,-1
6266,NONE,0,0,0,False,-1
6267,NONE,0,0,0,False,-1
6268,NONE,0,0,0,False,-1
6269,NONE,0,0,0,False,-1
6270,NONE,0,0,0,False,-1
6271,NONE,0,0,0,False,-1
6272,DOUBLE,1,1,0,False,-1
6273,SINGLE,0,0,1,False,-1
6274,SINGLE,0,0,1,False,-1
6275,NONE,0,0,0,False,-1
6276,DOUBLE,1,1,0,False,-1
6277,NONE,0,0,0,False,-1
6278,SINGLE,0,1,0,False,-1
6279,NONE,0,0,0,False,-1
6280,SINGLE,0,0,1,False,-1
6281,TRIPLE,1,1,1,False,-1
6282,NONE,0,0,0,False,-1
6283,NONE,0,0,0,False,-1
6284,SINGLE,1,0,0,False,-1
6285,NONE,0,0,0,False,-1
6286,SINGLE,0,0,1,False,-1
6287,TRIPLE,1,1,1,False,-1
6288,DOUBLE,1,1,0,False,-1
6289,NONE,0,0,0,False,-1
6290,NONE,0,0,0,False,-1
6291,TRIPLE,1,1,1,False,-1
6292,NONE,0,0,0,False,-1
6293,NONE,0,0,0,False,-1
6294,NONE,0,0,0,False,-1
6295,NONE,0,0,0,False,-1
6296,NONE,0,0,0,False,-1
6297,TRIPLE,1,1,1,False,-1
6298,NONE,0,0,0,False,-1
6299,DOUBLE,1,1,0,False,-1
6300,NONE,0,0,0,False,-1
6301,NONE,0,0,0,False,-1
6302,NONE,0,0,0,False,-1
6303,DOUBLE,1,1,0,False,-1
6304,NONE,0,0,0,False,-1
6305,NONE,0,0,0,False,-1
6306,NONE,0,0,0,False,-1
6307,NONE,0,0,0,False,-1
6308,NONE,0,0,0,False,-1
6309,NONE,0,0,0,False,-1
6310,NONE,0,0,0,False,-1
6311,NONE,0,0,0,False,-1
6312,DOUBLE,1,1,0,False,-1
6313,NONE,0,0,0,False,-1
6314,NONE,0,0,0,False,-1
6315,NONE,0,0,0,False,-1
6316,NONE,0,0,0,False,-1
6317,NONE,0,0,0,False,-1
6318,TRIPLE,1,1,1,False,-1
6319,NONE,0,0,0,False,-1
6320,NONE,0,0,0,False,-1
6321,NONE,0,0,0,False,-1
6322,NONE,0,0,0,False,-1
6323,NONE,0,0,0,False,-1
6324,NONE,0,0,0,False,-1
6325,NONE,0,0,0,False,-1
6326,NONE,0,0,0,False,-1
6327,NONE,0,0,0,False,-1
6328,NONE,0,0,0,False,-1
6329,TRIPLE,1,1,1,False,-1
6330,SINGLE,1,0,0,False,-1
6331,DOUBLE,1,0,1,False,-1
6332,NONE,0,0,0,False,-1
6333,DOUBLE,1,1,0,False,-1
6334,NONE,0,0,0,False,-1
6335,NONE,0,0,0,False,-1
6336,SINGLE,0,0,1,False,-1
6337,DOUBLE,1,1,0,False,-1
6338,NONE,0,0,0,False,-1
6339,SINGLE,0,0,1,False,-1
6340,SINGLE,1,0,0,False,-1
6341,NONE,0,0,0,False,-1
6342,NONE,0,0,0,False,-1
6343,NONE,0,0,0,False,-1
6344,NONE,0,0,0,False,-1
6345,NONE,0,0,0,False,-1
6346,NONE,0,0,0,False,-1
6347,NONE,0,0,0,False,-1
6348,TRIPLE,1,1,1,False,-1
6349,TRIPLE,1,1,1,False,-1
6350,NONE,0,0,0,False,-1
6351,NONE,0,0,0,False,-1
6352,NONE,0,0,0,False,-1
6353,NONE,0,0,0,False,-1
6354,SINGLE,0,0,1,False,-1
6355,NONE,0,0,0,False,-1
6356,DOUBLE,1,1,0,False,-1
6357,DOUBLE,0,1,1,False,-1
6358,NONE,0,0,0,False,-1
6359,DOUBLE,1,1,0,False,-1
6360,NONE,0,0,0,False,-1
6361,NONE,0,0,0,False,-1
6362,SINGLE,0,1,0,False,-1
6363,NONE,0,0,0,False,-1
6364,NONE,0,0,0,False,-1
6365,NONE,0,0,0,False,-1
6366,DOUBLE,0,1,1,False,-1
6367,SINGLE,0,0,1,False,-1
6368,NONE,0,0,0,False,-1
6369,SINGLE,1,0,0,False,-1
6370,DOUBLE,1,1,0,False,-1
6371,NONE,0,0,0,False,-1
6372,NONE,0,0,0,False,-1
6373,TRIPLE,1,1,1,False,-1
6374,NONE,0,0,0,False,-1
6375,NONE,0,0,0,False,-1
6376,DOUBLE,1,1,0,False,-1
6377,DOUBLE,0,1,1,False,-1
6378,NONE,0,0,0,False,-1
6379,NONE,0,0,0,False,-1
6380,TRIPLE,1,1,1,False,-1
6381,NONE,0,0,0,False,-1
6382,DOUBLE,1,1,0,False,-1
6383,NONE,0,0,0,False,-1
6384,NONE,0,0,0,False,-1
6385,NONE,0,0,0,False,-1
6386,NONE,0,0,0,False,-1
6387,NONE,0,0,0,False,-1
6388,SINGLE,0,0,1,False,-1
6389,NONE,0,0,0,False,-1
6390,TRIPLE,1,1,1,False,-1
6391,NONE,0,0,0,False,-1
6392,NONE,0,0,0,False,-1
6393,NONE,0,0,0,False,-1
6394,TRIPLE,1,1,1,False,-1
6395,NONE,0,0,0,False,-1
6396,NONE,0,0,0,False,-1
6397,SINGLE,0,1,0,False,-1
6398,SINGLE,0,0,1,False,-1
6399,NONE,0,0,0,False,-1
6400,NONE,0,0,0,False,-1
6401,DOUBLE,1,1,0,False,-1
6402,SINGLE,0,1,0,False,-1
6403,NONE,0,0,0,False,-1
6404,NONE,0,0,0,False,-1
6405,NONE,0,0,0,False,-1
6406,DOUBLE,1,1,0,False,-1
6407,TRIPLE,1,1,1,False,-1
6408,DOUBLE,1,1,0,False,-1
6409,TRIPLE,1,1,1,False,-1
6410,NONE,0,0,0,False,-1
6411,NONE,0,0,0,False,-1
6412,DOUBLE,0,1,1,False,-1
6413,NONE,0,0,0,False,-1
6414,SINGLE,0,0,1,False,-1
6415,SINGLE,1,0,0,False,-1
6416,TRIPLE,1,1,1,False,-1
6417,DOUBLE,0,1,1,False,-1
6418,NONE,0,0,0,False,-1
6419,DOUBLE,1,1,0,False,-1
6420,NONE,0,0,0,False,-1
6421,NONE,0,0,0,False,-1
6422,NONE,0,0,0,False,-1
6423,NONE,0,0,0,False,-1
6424,NONE,0,0,0,False,-1
6425,DOUBLE,1,1,0,False,-1
6426,SINGLE,0,0,1,False,-1
6427,DOUBLE,0,1,1,False,-1
6428,SINGLE,0,0,1,False,-1
6429,NONE,0,0,0,False,-1
6430,TRIPLE,1,1,1,False,-1
6431,DOUBLE,0,1,1,False,-1
6432,NONE,0,0,0,False,-1
6433,NONE,0,0,0,False,-1
6434,NONE,0,0,0,False,-1
6435,NONE,0,0,0,False,-1
6436,TRIPLE,1,1,1,False,-1
6437,NONE,0,0,0,False,-1
6438,DOUBLE,1,1,0,False,-1
6439,TRIPLE,1,1,1,False,-1
6440,DOUBLE,1,1,0,False,-1
6441,NONE,0,0,0,False,-1
6442,SINGLE,0,0,1,False,-1
6443,NONE,0,0,0,False,-1
6444,NONE,0,0,0,False,-1
6445,DOUBLE,1,1,0,False,-1
6446,DOUBLE,1,1,0,False,-1
6447,NONE,0,0,0,False,-1
6448,NONE,0,0,0,False,-1
6449,DOUBLE,1,1,0,False,-1
6450,SINGLE,0,0,1,False,-1
6451,NONE,0,0,0,False,-1
6452,SINGLE,0,1,0,False,-1
6453,NONE,0,0,0,False,-1
6454,NONE,0,0,0,False,-1
6455,NONE,0,0,0,False,-1
6456,NONE,0,0,0,False,-1
6457,NONE,0,0,0,False,-1
6458,NONE,0,0,0,False,-1
6459,DOUBLE,0,1,1,False,-1
6460,SINGLE,0,0,1,False,-1
6461,NONE,0,0,0,False,-1
6462,NONE,0,0,0,False,-1
6463,NONE,0,0,0,False,-1
6464,NONE,0,0,0,False,-1
6465,NONE,0,0,0,False,-1
6466,NONE,0,0,0,False,-1
6467,NONE,0,0,0,False,-1
6468,NONE,0,0,0,False,-1
6469,NONE,0,0,0,False,-1
6470,DOUBLE,1,1,0,False,-1
6471,NONE,0,0,0,False,-1
6472,NONE,0,0,0,False,-1
6473,NONE,0,0,0,False,-1
6474,NONE,0,0,0,False,-1
6475,NONE,0,0,0,False,-1
6476,SINGLE,1,0,0,False,-1
6477,NONE,0,0,0,False,-1
6478,SINGLE,0,0,1,False,-1
6479,NONE,0,0,0,False,-1
6480,DOUBLE,1,1,0,False,-1
6481,NONE,0,0,0,False,-1
6482,NONE,0,0,0,False,-1
6483,NONE,0,0,0,False,-1
6484,NONE,0,0,0,False,-1
6485,NONE,0,0,0,False,-1
6486,SINGLE,0,1,0,False,-1
6487,DOUBLE,0,1,1,False,-1
6488,SINGLE,1,0,0,False,-1
6489,NONE,0,0,0,False,-1
6490,NONE,0,0,0,False,-1
6491,NONE,0,0,0,False,-1
6492,TRIPLE,1,1,1,False,-1
6493,NONE,0,0,0,False,-1
6494,SINGLE,1,0,0,False,-1
6495,SINGLE,1,0,0,False,-1
6496,NONE,0,0,0,False,-1
6497,SINGLE,0,0,1,False,-1
6498,NONE,0,0,0,False,-1
6499,NONE,0,0,0,False,-1
6500,NONE,0,0,0,False,-1
6501,SINGLE,0,0,1,False,-1
6502,NONE,0,0,0,False,-1
6503,DOUBLE,1,1,0,False,-1
6504,TRIPLE,1,1,1,False,-1
6505,NONE,0,0,0,False,-1
6506,NONE,0,0,0,False,-1
6507,NONE,0,0,0,False,-1
6508,NONE,0,0,0,False,-1
6509,SINGLE,0,0,1,False,-1
6510,NONE,0,0,0,False,-1
6511,TRIPLE,1,1,1,False,-1
6512,NONE,0,0,0,False,-1
6513,NONE,0,0,0,False,-1
6514,NONE,0,0,0,False,-1
6515,NONE,0,0,0,False,-1
6516,NONE,0,0,0,False,-1
6517,NONE,0,0,0,False,-1
6518,NONE,0,0,0,False,-1
6519,SINGLE,0,0,1,False,-1
6520,NONE,0,0,0,False,-1
6521,NONE,0,0,0,False,-1
6522,NONE,0,0,0,False,-1
6523,TRIPLE,1,1,1,False,-1
6524,NONE,0,0,0,False,-1
6525,TRIPLE,1,1,1,False,-1
6526,NONE,0,0,0,False,-1
6527,NONE,0,0,0,False,-1
6528,NONE,0,0,0,False,-1
6529,SINGLE,0,0,1,False,-1
6530,NONE,0,0,0,False,-1
6531,NONE,0,0,0,False,-1
6532,SINGLE,1,0,0,False,-1
6533,DOUBLE,1,1,0,False,-1
6534,NONE,0,0,0,False,-1
6535,NONE,0,0,0,False,-1
6536,NONE,0,0,0,False,-1
6537,NONE,0,0,0,False,-1
6538,NONE,0,0,0,False,-1
6539,DOUBLE,1,1,0,False,-1
6540,NONE,0,0,0,False,-1
6541,TRIPLE,1,1,1,False,-1
6542,NONE,0,0,0,False,-1
6543,NONE,0,0,0,False,-1
6544,SINGLE,0,0,1,False,-1
6545,NONE,0,0,0,False,-1
6546,SINGLE,1,0,0,False,-1
6547,NONE,0,0,0,False,-1
6548,NONE,0,0,0,False,-1
6549,NONE,0,0,0,False,-1
6550,NONE,0,0,0,False,-1
6551,NONE,0,0,0,False,-1
6552,NONE,0,0,0,False,-1
6553,SINGLE,0,0,1,False,-1
6554,NONE,0,0,0,False,-1
6555,DOUBLE,1,1,0,False,-1
6556,NONE,0,0,0,False,-1
6557,NONE,0,0,0,False,-1
6558,NONE,0,0,0,False,-1
6559,DOUBLE,1,1,0,False,-1
6560,SINGLE,1,0,0,False,-1
6561,NONE,0,0,0,False,-1
6562,NONE,0,0,0,False,-1
6563,NONE,0,0,0,False,-1
6564,NONE,0,0,0,False,-1
6565,NONE,0,0,0,False,-1
6566,NONE,0,0,0,False,-1
6567,NONE,0,0,0,False,-1
6568,NONE,0,0,0,False,-1
6569,SINGLE,0,0,1,False,-1
6570,NONE,0,0,0,False,-1
6571,NONE,0,0,0,False,-1
6572,NONE,0,0,0,False,-1
6573,NONE,0,0,0,False,-1
6574,NONE,0,0,0,False,-1
6575,NONE,0,0,0,False,-1
6576,NONE,0,0,0,False,-1
6577,NONE,0,0,0,False,-1
6578,NONE,0,0,0,False,-1
6579,NONE,0,0,0,False,-1
6580,NONE,0,0,0,False,-1
6581,NONE,0,0,0,False,-1
6582,NONE,0,0,0,False,-1
6583,NONE,0,0,0,False,-1
6584,NONE,0,0,0,False,-1
6585,DOUBLE,0,1,1,False,-1
6586,NONE,0,0,0,False,-1
6587,SINGLE,0,1,0,False,-1
6588,NONE,0,0,0,False,-1
6589,DOUBLE,1,1,0,False,-1
6590,NONE,0,0,0,False,-1
6591,NONE,0,0,0,False,-1
6592,NONE,0,0,0,False,-1
6593,NONE,0,0,0,False,-1
6594,NONE,0,0,0,False,-1
6595,NONE,0,0,0,False,-1
6596,DOUBLE,1,1,0,False,-1
6597,NONE,0,0,0,False,-1
6598,NONE,0,0,0,False,-1
6599,TRIPLE,1,1,1,False,-1
6600,NONE,0,0,0,False,-1
6601,NONE,0,0,0,False,-1
6602,NONE,0,0,0,False,-1
6603,NONE,0,0,0,False,-1
6604,DOUBLE,1,1,0,False,-1
6605,DOUBLE,1,1,0,False,-1
6606,SINGLE,0,1,0,False,-1
6607,NONE,0,0,0,False,-1
6608,SINGLE,0,0,1,False,-1
6609,SINGLE,0,1,0,False,-1
6610,DOUBLE,1,1,0,False,-1
6611,NONE,0,0,0,False,-1
6612,NONE,0,0,0,False,-1
6613,DOUBLE,1,1,0,False,-1
6614,NONE,0,0,0,False,-1
6615,SINGLE,0,0,1,False,-1
6616,DOUBLE,0,1,1,False,-1
6617,DOUBLE,1,1,0,False,-1
6618,NONE,0,0,0,False,-1
6619,TRIPLE,1,1,1,False,-1
6620,SINGLE,0,0,1,False,-1
6621,NONE,0,0,0,False,-1
6622,NONE,0,0,0,False,-1
6623,DOUBLE,1,1,0,False,-1
6624,SINGLE,1,0,0,False,-1
6625,NONE,0,0,0,False,-1
6626,DOUBLE,1,1,0,False,-1
6627,NONE,0,0,0,False,-1
6628,NONE,0,0,0,False,-1
6629,NONE,0,0,0,False,-1
6630,NONE,0,0,0,False,-1
6631,DOUBLE,0,1,1,False,-1
6632,NONE,0,0,0,False,-1
6633,NONE,0,0,0,False,-1
6634,NONE,0,0,0,False,-1
6635,SINGLE,0,0,1,False,-1
6636,NONE,0,0,0,False,-1
6637,NONE,0,0,0,False,-1
6638,NONE,0,0,0,False,-1
6639,NONE,0,0,0,False,-1
6640,DOUBLE,1,0,1,False,-1
6641,NONE,0,0,0,False,-1
6642,NONE,0,0,0,False,-1
6643,TRIPLE,1,1,1,False,-1
6644,NONE,0,0,0,False,-1
6645,NONE,0,0,0,False,-1
6646,DOUBLE,0,1,1,False,-1
6647,DOUBLE,0,1,1,False,-1
6648,NONE,0,0,0,False,-1
6649,NONE,0,0,0,False,-1
6650,NONE,0,0,0,False,-1
6651,NONE,0,0,0,False,-1
6652,DOUBLE,0,1,1,False,-1
6653,NONE,0,0,0,False,-1
6654,DOUBLE,1,0,1,False,-1
6655,NONE,0,0,0,False,-1
6656,TRIPLE,1,1,1,False,-1
6657,DOUBLE,1,1,0,False,-1
6658,NONE,0,0,0,False,-1
6659,TRIPLE,1,1,1,False,-1
6660,NONE,0,0,0,False,-1
6661,SINGLE,0,1,0,False,-1
6662,NONE,0,0,0,False,-1
6663,NONE,0,0,0,False,-1
6664,NONE,0,0,0,False,-1
6665,NONE,0,0,0,False,-1
6666,NONE,0,0,0,False,-1
6667,NONE,0,0,0,False,-1
6668,TRIPLE,1,1,1,False,-1
6669,NONE,0,0,0,False,-1
6670,NONE,0,0,0,False,-1
6671,SINGLE,0,0,1,False,-1
6672,NONE,0,0,0,False,-1
6673,NONE,0,0,0,False,-1
6674,SINGLE,0,0,1,False,-1
6675,NONE,0,0,0,False,-1
6676,NONE,0,0,0,False,-1
6677,NONE,0,0,0,False,-1
6678,DOUBLE,1,1,0,False,-1
6679,NONE,0,0,0,False,-1
6680,NONE,0,0,0,False,-1
6681,NONE,0,0,0,False,-1
6682,NONE,0,0,0,False,-1
6683,NONE,0,0,0,False,-1
6684,DOUBLE,1,1,0,False,-1
6685,NONE,0,0,0,False,-1
6686,TRIPLE,1,1,1,False,-1
6687,NONE,0,0,0,False,-1
6688,SINGLE,0,0,1,False,-1
6689,DOUBLE,1,1,0,False,-1
6690,NONE,0,0,0,False,-1
6691,NONE,0,0,0,False,-1
6692,NONE,0,0,0,False,-1
6693,DOUBLE,1,1,0,False,-1
6694,NONE,0,0,0,False,-1
6695,TRIPLE,1,1,1,False,-1
6696,NONE,0,0,0,False,-1
6697,TRIPLE,1,1,1,False,-1
6698,NONE,0,0,0,False,-1
6699,NONE,0,0,0,False,-1
6700,TRIPLE,1,1,1,False,-1
6701,SINGLE,1,0,0,False,-1
6702,NONE,0,0,0,False,-1
6703,NONE,0,0,0,False,-1
6704,NONE,0,0,0,False,-1
6705,NONE,0,0,0,False,-1
6706,DOUBLE,1,1,0,False,-1
6707,NONE,0,0,0,False,-1
6708,NONE,0,0,0,False,-1
6709,NONE,0,0,0,False,-1
6710,NONE,0,0,0,False,-1
6711,NONE,0,0,0,False,-1
6712,TRIPLE,1,1,1,False,-1
6713,NONE,0,0,0,False,-1
6714,SINGLE,1,0,0,False,-1
6715,NONE,0,0,0,False,-1
6716,NONE,0,0,0,False,-1
6717,SINGLE,0,0,1,False,-1
6718,TRIPLE,1,1,1,False,-1
6719,NONE,0,0,0,False,-1
6720,DOUBLE,1,1,0,False,-1
6721,SINGLE,0,1,0,False,-1
6722,TRIPLE,1,1,1,False,-1
6723,TRIPLE,1,1,1,False,-1
6724,DOUBLE,1,1,0,False,-1
6725,NONE,0,0,0,False,-1
6726,TRIPLE,1,1,1,False,-1
6727,NONE,0,0,0,False,-1
6728,NONE,0,0,0,False,-1
6729,SINGLE,0,0,1,False,-1
6730,NONE,0,0,0,False,-1
6731,NONE,0,0,0,False,-1
6732,SINGLE,0,1,0,False,-1
6733,NONE,0,0,0,False,-1
6734,DOUBLE,1,1,0,False,-1
6735,TRIPLE,1,1,1,False,-1
6736,NONE,0,0,0,False,-1
6737,DOUBLE,1,1,0,False,-1
6738,NONE,0,0,0,False,-1
6739,NONE,0,0,0,False,-1
6740,SINGLE,0,0,1,False,-1
6741,SINGLE,0,0,1,False,-1
6742,DOUBLE,0,1,1,False,-1
6743,SINGLE,0,0,1,False,-1
6744,DOUBLE,1,1,0,False,-1
6745,NONE,0,0,0,False,-1
6746,TRIPLE,1,1,1,False,-1
6747,NONE,0,0,0,False,-1
6748,NONE,0,0,0,False,-1
6749,NONE,0,0,0,False,-1
6750,NONE,0,0,0,False,-1
6751,NONE,0,0,0,False,-1
6752,DOUBLE,1,1,0,False,-1
6753,NONE,0,0,0,False,-1
6754,NONE,0,0,0,False,-1
6755,NONE,0,0,0,False,-1
6756,TRIPLE,1,1,1,False,-1
6757,NONE,0,0,0,False,-1
6758,NONE,0,0,0,False,-1
6759,NONE,0,0,0,False,-1
6760,TRIPLE,1,1,1,False,-1
6761,DOUBLE,1,0,1,False,-1
6762,SINGLE,0,0,1,False,-1
6763,NONE,0,0,0,False,-1
6764,NONE,0,0,0,False,-1
6765,NONE,0,0,0,False,-1
6766,NONE,0,0,0,False,-1
6767,NONE,0,0,0,False,-1
6768,NONE,0,0,0,False,-1
6769,TRIPLE,1,1,1,False,-1
6770,NONE,0,0,0,False,-1
6771,SINGLE,0,1,0,False,-1
6772,NONE,0,0,0,False,-1
6773,NONE,0,0,0,False,-1
6774,NONE,0,0,0,False,-1
6775,SINGLE,0,0,1,False,-1
6776,NONE,0,0,0,False,-1
6777,NONE,0,0,0,False,-1
6778,NONE,0,0,0,False,-1
6779,NONE,0,0,0,False,-1
6780,NONE,0,0,0,False,-1
6781,NONE,0,0,0,False,-1
6782,NONE,0,0,0,False,-1
6783,NONE,0,0,0,False,-1
6784,NONE,0,0,0,False,-1
6785,NONE,0,0,0,False,-1
6786,NONE,0,0,0,False,-1
6787,NONE,0,0,0,False,-1
6788,TRIPLE,1,1,1,False,-1
6789,TRIPLE,1,1,1,False,-1
6790,DOUBLE,1,1,0,False,-1
6791,NONE,0,0,0,False,-1
6792,DOUBLE,1,1,0,False,-1
6793,NONE,0,0,0,False,-1
6794,NONE,0,0,0,False,-1
6795,NONE,0,0,0,False,-1
6796,NONE,0,0,0,False,-1
6797,NONE,0,0,0,False,-1
6798,NONE,0,0,0,False,-1
6799,NONE,0,0,0,False,-1
6800,NONE,0,0,0,False,-1
6801,NONE,0,0,0,False,-1
6802,NONE,0,0,0,False,-1
6803,DOUBLE,0,1,1,False,-1
6804,NONE,0,0,0,False,-1
6805,SINGLE,0,0,1,False,-1
6806,NONE,0,0,0,False,-1
6807,TRIPLE,1,1,1,False,-1
6808,NONE,0,0,0,False,-1
6809,NONE,0,0,0,False,-1
6810,DOUBLE,1,1,0,False,-1
6811,SINGLE,0,0,1,False,-1
6812,DOUBLE,1,1,0,False,-1
6813,NONE,0,0,0,False,-1
6814,TRIPLE,1,1,1,False,-1
6815,NONE,0,0,0,False,-1
6816,NONE,0,0,0,False,-1
6817,NONE,0,0,0,False,-1
6818,NONE,0,0,0,False,-1
6819,NONE,0,0,0,False,-1
6820,NONE,0,0,0,False,-1
6821,NONE,0,0,0,False,-1
6822,TRIPLE,1,1,1,False,-1
6823,NONE,0,0,0,False,-1
6824,NONE,0,0,0,False,-1
6825,NONE,0,0,0,False,-1
6826,NONE,0,0,0,False,-1
6827,NONE,0,0,0,False,-1
6828,NONE,0,0,0,False,-1
6829,TRIPLE,1,1,1,False,-1
6830,NONE,0,0,0,False,-1
6831,SINGLE,1,0,0,False,-1
6832,NONE,0,0,0,False,-1
6833,NONE,0,0,0,False,-1
6834,NONE,0,0,0,False,-1
6835,NONE,0,0,0,False,-1
6836,DOUBLE,1,1,0,False,-1
6837,NONE,0,0,0,False,-1
6838,NONE,0,0,0,False,-1
6839,NONE,0,0,0,False,-1
6840,NONE,0,0,0,False,-1
6841,NONE,0,0,0,False,-1
6842,NONE,0,0,0,False,-1
6843,DOUBLE,1,1,0,False,-1
6844,NONE,0,0,0,False,-1
6845,DOUBLE,0,1,1,False,-1
6846,TRIPLE,1,1,1,False,-1
6847,NONE,0,0,0,False,-1
6848,NONE,0,0,0,False,-1
6849,NONE,0,0,0,False,-1
6850,NONE,0,0,0,False,-1
6851,NONE,0,0,0,False,-1
6852,DOUBLE,1,1,0,False,-1
6853,NONE,0,0,0,False,-1
6854,DOUBLE,1,1,0,False,-1
6855,NONE,0,0,0,False,-1
6856,NONE,0,0,0,False,-1
6857,NONE,0,0,0,False,-1
6858,NONE,0,0,0,False,-1
6859,NONE,0,0,0,False,-1
6860,NONE,0,0,0,False,-1
6861,NONE,0,0,0,False,-1
6862,NONE,0,0,0,False,-1
6863,NONE,0,0,0,False,-1
6864,SINGLE,0,0,1,False,-1
6865,NONE,0,0,0,False,-1
6866,NONE,0,0,0,False,-1
6867,NONE,0,0,0,False,-1
6868,DOUBLE,1,1,0,False,-1
6869,NONE,0,0,0,False,-1
6870,NONE,0,0,0,False,-1
6871,DOUBLE,1,1,0,False,-1
6872,DOUBLE,1,1,0,False,-1
6873,DOUBLE,1,1,0,False,-1
6874,SINGLE,0,0,1,False,-1
6875,NONE,0,0,0,False,-1
6876,NONE,0,0,0,False,-1
6877,NONE,0,0,0,False,-1
6878,NONE,0,0,0,False,-1
6879,NONE,0,0,0,False,-1
6880,NONE,0,0,0,False,-1
6881,NONE,0,0,0,False,-1
6882,NONE,0,0,0,False,-1
6883,NONE,0,0,0,False,-1
6884,NONE,0,0,0,False,-1
6885,TRIPLE,1,1,1,False,-1
6886,NONE,0,0,0,False,-1
6887,DOUBLE,1,1,0,False,-1
6888,TRIPLE,1,1,1,False,-1
6889,DOUBLE,1,1,0,False,-1
6890,NONE,0,0,0,False,-1
6891,NONE,0,0,0,False,-1
6892,NONE,0,0,0,False,-1
6893,NONE,0,0,0,False,-1
6894,NONE,0,0,0,False,-1
6895,DOUBLE,0,1,1,False,-1
6896,SINGLE,0,0,1,False,-1
6897,NONE,0,0,0,False,-1
6898,NONE,0,0,0,False,-1
6899,NONE,0,0,0,False,-1
6900,SINGLE,1,0,0,False,-1
6901,NONE,0,0,0,False,-1
6902,NONE,0,0,0,False,-1
6903,TRIPLE,1,1,1,False,-1
6904,TRIPLE,1,1,1,False,-1
6905,NONE,0,0,0,False,-1
6906,NONE,0,0,0,False,-1
6907,TRIPLE,1,1,1,False,-1
6908,NONE,0,0,0,False,-1
6909,NONE,0,0,0,False,-1
6910,SINGLE,0,0,1,False,-1
6911,NONE,0,0,0,False,-1
6912,SINGLE,1,0,0,False,-1
6913,NONE,0,0,0,False,-1
6914,SINGLE,0,0,1,False,-1
6915,NONE,0,0,0,False,-1
6916,NONE,0,0,0,False,-1
6917,DOUBLE,1,1,0,False,-1
6918,SINGLE,1,0,0,False,-1
6919,SINGLE,0,1,0,False,-1
6920,NONE,0,0,0,False,-1
6921,NONE,0,0,0,False,-1
6922,NONE,0,0,0,False,-1
6923,NONE,0,0,0,False,-1
6924,NONE,0,0,0,False,-1
6925,NONE,0,0,0,False,-1
6926,NONE,0,0,0,False,-1
6927,DOUBLE,1,0,1,False,-1
6928,SINGLE,0,0,1,False,-1
6929,NONE,0,0,0,False,-1
6930,DOUBLE,1,1,0,False,-1
6931,SINGLE,0,0,1,False,-1
6932,NONE,0,0,0,False,-1
6933,NONE,0,0,0,False,-1
6934,SINGLE,0,0,1,False,-1
6935,NONE,0,0,0,False,-1
6936,NONE,0,0,0,False,-1
6937,NONE,0,0,0,False,-1
6938,NONE,0,0,0,False,-1
6939,SINGLE,0,0,1,False,-1
6940,NONE,0,0,0,False,-1
6941,TRIPLE,1,1,1,False,-1
6942,NONE,0,0,0,False,-1
6943,NONE,0,0,0,False,-1
6944,DOUBLE,0,1,1,False,-1
6945,NONE,0,0,0,False,-1
6946,NONE,0,0,0,False,-1
6947,NONE,0,0,0,False,-1
6948,NONE,0,0,0,False,-1
6949,NONE,0,0,0,False,-1
6950,NONE,0,0,0,False,-1
6951,NONE,0,0,0,False,-1
6952,TRIPLE,1,1,1,False,-1
6953,TRIPLE,1,1,1,False,-1
6954,NONE,0,0,0,False,-1
6955,SINGLE,0,0,1,False,-1
6956,DOUBLE,1,1,0,False,-1
6957,NONE,0,0,0,False,-1
6958,NONE,0,0,0,False,-1
6959,NONE,0,0,0,False,-1
6960,NONE,0,0,0,False,-1
6961,NONE,0,0,0,False,-1
6962,NONE,0,0,0,False,-1
6963,NONE,0,0,0,False,-1
6964,NONE,0,0,0,False,-1
6965,SINGLE,0,0,1,False,-1
6966,NONE,0,0,0,False,-1
6967,NONE,0,0,0,False,-1
6968,NONE,0,0,0,False,-1
6969,TRIPLE,1,1,1,False,-1
6970,DOUBLE,0,1,1,False,-1
6971,NONE,0,0,0,False,-1
6972,NONE,0,0,0,False,-1
6973,NONE,0,0,0,False,-1
6974,DOUBLE,1,1,0,False,-1
6975,NONE,0,0,0,False,-1
6976,NONE,0,0,0,False,-1
6977,NONE,0,0,0,False,-1
6978,NONE,0,0,0,False,-1
6979,SINGLE,1,0,0,False,-1
6980,TRIPLE,1,1,1,False,-1
6981,NONE,0,0,0,False,-1
6982,SINGLE,0,0,1,False,-1
6983,SINGLE,0,0,1,False,-1
6984,DOUBLE,1,1,0,False,-1
6985,DOUBLE,1,1,0,False,-1
6986,NONE,0,0,0,False,-1
6987,DOUBLE,1,1,0,False,-1
6988,DOUBLE,1,1,0,False,-1
6989,DOUBLE,1,1,0,False,-1
6990,NONE,0,0,0,False,-1
6991,NONE,0,0,0,False,-1
6992,DOUBLE,1,1,0,False,-1
6993,NONE,0,0,0,False,-1
6994,SINGLE,0,0,1,False,-1
6995,NONE,0,0,0,False,-1
6996,SINGLE,1,0,0,False,-1
6997,NONE,0,0,0,False,-1
6998,TRIPLE,1,1,1,False,-1
6999,NONE,0,0,0,False,-1
7000,NONE,0,0,0,False,-1
7001,DOUBLE,1,1,0,False,-1
7002,DOUBLE,1,1,0,False,-1
7003,NONE,0,0,0,False,-1
7004,NONE,0,0,0,False,-1
7005,NONE,0,0,0,False,-1
7006,NONE,0,0,0,False,-1
7007,NONE,0,0,0,False,-1
7008,DOUBLE,1,1,0,False,-1
7009,SINGLE,0,0,1,False,-1
7010,TRIPLE,1,1,1,False,-1
7011,TRIPLE,1,1,1,False,-1
7012,DOUBLE,1,1,0,False,-1
7013,SINGLE,0,0,1,False,-1
7014,NONE,0,0,0,False,-1
7015,SINGLE,1,0,0,False,-1
7016,TRIPLE,1,1,1,False,-1
7017,NONE,0,0,0,False,-1
7018,NONE,0,0,0,False,-1
7019,NONE,0,0,0,False,-1
7020,TRIPLE,1,1,1,False,-1
7021,DOUBLE,1,1,0,False,-1
7022,DOUBLE,1,1,0,False,-1
7023,NONE,0,0,0,False,-1
7024,SINGLE,0,0,1,False,-1
7025,DOUBLE,0,1,1,False,-1
7026,DOUBLE,1,1,0,False,-1
7027,NONE,0,0,0,False,-1
7028,NONE,0,0,0,False,-1
7029,NONE,0,0,0,False,-1
7030,NONE,0,0,0,False,-1
7031,DOUBLE,1,0,1,False,-1
7032,SINGLE,0,0,1,False,-1
7033,NONE,0,0,0,False,-1
7034,NONE,0,0,0,False,-1
7035,NONE,0,0,0,False,-1
7036,SINGLE,1,0,0,False,-1
7037,DOUBLE,1,1,0,False,-1
7038,DOUBLE,1,1,0,False,-1
7039,NONE,0,0,0,False,-1
7040,DOUBLE,1,1,0,False,-1
7041,SINGLE,1,0,0,False,-1
7042,TRIPLE,1,1,1,False,-1
7043,NONE,0,0,0,False,-1
7044,DOUBLE,1,1,0,False,-1
7045,TRIPLE,1,1,1,False,-1
7046,NONE,0,0,0,False,-1
7047,NONE,0,0,0,False,-1
7048,NONE,0,0,0,False,-1
7049,NONE,0,0,0,False,-1
7050,NONE,0,0,0,False,-1
7051,NONE,0,0,0,False,-1
7052,NONE,0,0,0,False,-1
7053,DOUBLE,1,1,0,False,-1
7054,NONE,0,0,0,False,-1
7055,NONE,0,0,0,False,-1
7056,NONE,0,0,0,False,-1
7057,NONE,0,0,0,False,-1
7058,NONE,0,0,0,False,-1
7059,NONE,0,0,0,False,-1
7060,DOUBLE,1,1,0,False,-1
7061,NONE,0,0,0,False,-1
7062,NONE,0,0,0,False,-1
7063,NONE,0,0,0,False,-1
7064,SINGLE,0,0,1,False,-1
7065,DOUBLE,1,1,0,False,-1
7066,SINGLE,0,0,1,False,-1
7067,NONE,0,0,0,False,-1
7068,NONE,0,0,0,False,-1
7069,NONE,0,0,0,False,-1
7070,TRIPLE,1,1,1,False,-1
7071,SINGLE,0,0,1,False,-1
7072,SINGLE,0,0,1,False,-1
7073,NONE,0,0,0,False,-1
7074,NONE,0,0,0,False,-1
7075,SINGLE,1,0,0,False,-1
7076,NONE,0,0,0,False,-1
7077,SINGLE,0,0,1,False,-1
7078,NONE,0,0,0,False,-1
7079,NONE,0,0,0,False,-1
7080,SINGLE,1,0,0,False,-1
7081,NONE,0,0,0,False,-1
7082,NONE,0,0,0,False,-1
7083,NONE,0,0,0,False,-1
7084,NONE,0,0,0,False,-1
7085,SINGLE,0,1,0,True,11782.3
7086,DOUBLE,1,1,0,False,-1
7087,NONE,0,0,0,False,-1
7088,NONE,0,0,0,False,-1
7089,TRIPLE,1,1,1,False,-1
7090,NONE,0,0,0,False,-1
7091,NONE,0,0,0,False,-1
7092,NONE,0,0,0,False,-1
7093,TRIPLE,1,1,1,False,-1
7094,NONE,0,0,0,False,-1
7095,TRIPLE,1,1,1,False,-1
7096,NONE,0,0,0,False,-1
7097,TRIPLE,1,1,1,False,-1
7098,NONE,0,0,0,False,-1
7099,SINGLE,0,0,1,False,-1
7100,DOUBLE,1,1,0,False,-1
7101,SINGLE,0,0,1,False,-1
7102,NONE,0,0,0,False,-1
7103,NONE,0,0,0,False,-1
7104,NONE,0,0,0,False,-1
7105,SINGLE,1,0,0,False,-1
7106,DOUBLE,1,1,0,False,-1
7107,NONE,0,0,0,False,-1
7108,NONE,0,0,0,False,-1
7109,NONE,0,0,0,False,-1
7110,NONE,0,0,0,False,-1
7111,NONE,0,0,0,False,-1
7112,SINGLE,0,0,1,False,-1
7113,NONE,0,0,0,False,-1
7114,NONE,0,0,0,False,-1
7115,NONE,0,0,0,False,-1
7116,SINGLE,1,0,0,False,-1
7117,NONE,0,0,0,False,-1
7118,NONE,0,0,0,False,-1
7119,SINGLE,0,0,1,False,-1
7120,NONE,0,0,0,False,-1
7121,SINGLE,1,0,0,False,-1
7122,SINGLE,0,1,0,False,-1
7123,NONE,0,0,0,False,-1
7124,NONE,0,0,0,False,-1
7125,TRIPLE,1,1,1,False,-1
7126,NONE,0,0,0,False,-1
7127,SINGLE,0,0,1,False,-1
7128,NONE,0,0,0,False,-1
7129,NONE,0,0,0,False,-1
7130,NONE,0,0,0,False,-1
7131,DOUBLE,1,1,0,False,-1
7132,NONE,0,0,0,False,-1
7133,TRIPLE,1,1,1,False,-1
7134,NONE,0,0,0,False,-1
7135,NONE,0,0,0,False,-1
7136,NONE,0,0,0,False,-1
7137,NONE,0,0,0,False,-1
7138,SINGLE,0,0,1,False,-1
7139,NONE,0,0,0,False,-1
7140,NONE,0,0,0,False,-1
7141,NONE,0,0,0,False,-1
7142,NONE,0,0,0,False,-1
7143,NONE,0,0,0,False,-1
7144,SINGLE,0,0,1,False,-1
7145,NONE,0,0,0,False,-1
7146,NONE,0,0,0,False,-1
7147,NONE,0,0,0,False,-1
7148,NONE,0,0,0,False,-1
7149,SINGLE,1,0,0,False,-1
7150,NONE,0,0,0,False,-1
7151,TRIPLE,1,1,1,False,-1
7152,NONE,0,0,0,False,-1
7153,NONE,0,0,0,False,-1
7154,SINGLE,0,0,1,False,-1
7155,SINGLE,1,0,0,False,-1
7156,TRIPLE,1,1,1,False,-1
7157,NONE,0,0,0,False,-1
7158,NONE,0,0,0,False,-1
7159,DOUBLE,1,1,0,False,-1
7160,NONE,0,0,0,False,-1
7161,SINGLE,0,0,1,False,-1
7162,NONE,0,0,0,False,-1
7163,NONE,0,0,0,False,-1
7164,DOUBLE,1,1,0,False,-1
7165,DOUBLE,1,1,0,False,-1
7166,NONE,0,0,0,False,-1
7167,DOUBLE,1,1,0,False,-1
7168,NONE,0,0,0,False,-1
7169,TRIPLE,1,1,1,False,-1
7170,SINGLE,0,0,1,False,-1
7171,NONE,0,0,0,False,-1
7172,NONE,0,0,0,False,-1
7173,NONE,0,0,0,False,-1
7174,SINGLE,0,0,1,False,-1
7175,SINGLE,1,0,0,False,-1
7176,SINGLE,0,1,0,False,-1
7177,NONE,0,0,0,False,-1
7178,DOUBLE,1,1,0,False,-1
7179,NONE,0,0,0,False,-1
7180,NONE,0,0,0,False,-1
7181,NONE,0,0,0,False,-1
7182,NONE,0,0,0,False,-1
7183,DOUBLE,1,1,0,False,-1
7184,SINGLE,0,0,1,False,-1
7185,DOUBLE,1,1,0,False,-1
7186,SINGLE,0,0,1,False,-1
7187,DOUBLE,1,1,0,False,-1
7188,NONE,0,0,0,False,-1
7189,DOUBLE,1,1,0,False,-1
7190,DOUBLE,1,1,0,False,-1
7191,DOUBLE,1,0,1,False,-1
7192,NONE,0,0,0,False,-1
7193,NONE,0,0,0,False,-1
7194,SINGLE,0,0,1,False,-1
7195,NONE,0,0,0,False,-1
7196,NONE,0,0,0,False,-1
7197,NONE,0,0,0,False,-1
7198,NONE,0,0,0,False,-1
7199,SINGLE,0,0,1,False,-1
7200,DOUBLE,1,1,0,False,-1
7201,SINGLE,0,0,1,False,-1
7202,TRIPLE,1,1,1,False,-1
7203,SINGLE,0,0,1,False,-1
7204,NONE,0,0,0,False,-1
7205,NONE,0,0,0,False,-1
7206,NONE,0,0,0,False,-1
7207,SINGLE,1,0,0,False,-1
7208,NONE,0,0,0,False,-1
7209,NONE,0,0,0,False,-1
7210,NONE,0,0,0,False,-1
7211,NONE,0,0,0,False,-1
7212,NONE,0,0,0,False,-1
7213,NONE,0,0,0,False,-1
7214,DOUBLE,1,1,0,False,-1
7215,NONE,0,0,0,False,-1
7216,NONE,0,0,0,False,-1
7217,NONE,0,0,0,False,-1
7218,NONE,0,0,0,False,-1
7219,SINGLE,1,0,0,False,-1
7220,NONE,0,0,0,False,-1
7221,SINGLE,0,0,1,False,-1
7222,TRIPLE,1,1,1,False,-1
7223,NONE,0,0,0,False,-1
7224,NONE,0,0,0,False,-1
7225,TRIPLE,1,1,1,False,-1
7226,NONE,0,0,0,False,-1
7227,NONE,0,0,0,False,-1
7228,NONE,0,0,0,False,-1
7229,NONE,0,0,0,False,-1
7230,NONE,0,0,0,False,-1
7231,NONE,0,0,0,False,-1
7232,NONE,0,0,0,False,-1
7233,DOUBLE,1,1,0,False,-1
7234,SINGLE,1,0,0,False,-1
7235,NONE,0,0,0,False,-1
7236,NONE,0,0,0,False,-1
7237,NONE,0,0,0,False,-1
7238,NONE,0,0,0,False,-1
7239,SINGLE,0,1,0,False,-1
7240,DOUBLE,1,1,0,False,-1
7241,TRIPLE,1,1,1,False,-1
7242,NONE,0,0,0,False,-1
7243,DOUBLE,1,0,1,False,-1
7244,NONE,0,0,0,False,-1
7245,NONE,0,0,0,False,-1
7246,NONE,0,0,0,False,-1
7247,SINGLE,0,0,1,False,-1
7248,TRIPLE,1,1,1,False,-1
7249,DOUBLE,1,1,0,False,-1
7250,NONE,0,0,0,False,-1
7251,DOUBLE,1,1,0,False,-1
7252,NONE,0,0,0,False,-1
7253,NONE,0,0,0,False,-1
7254,DOUBLE,1,1,0,False,-1
7255,NONE,0,0,0,False,-1
7256,NONE,0,0,0,False,-1
7257,NONE,0,0,0,False,-1
7258,NONE,0,0,0,False,-1
7259,NONE,0,0,0,False,-1
7260,SINGLE,1,0,0,False,-1
7261,NONE,0,0,0,False,-1
7262,NONE,0,0,0,False,-1
7263,NONE,0,0,0,False,-1
7264,NONE,0,0,0,False,-1
7265,NONE,0,0,0,False,-1
7266,NONE,0,0,0,False,-1
7267,TRIPLE,1,1,1,False,-1
7268,DOUBLE,0,1,1,False,-1
7269,NONE,0,0,0,False,-1
7270,NONE,0,0,0,False,-1
7271,NONE,0,0,0,False,-1
7272,NONE,0,0,0,False,-1
7273,NONE,0,0,0,False,-1
7274,NONE,0,0,0,False,-1
7275,NONE,0,0,0,False,-1
7276,DOUBLE,1,1,0,False,-1
7277,NONE,0,0,0,False,-1
7278,TRIPLE,1,1,1,False,-1
7279,SINGLE,1,0,0,False,-1
7280,DOUBLE,1,1,0,False,-1
7281,NONE,0,0,0,False,-1
7282,NONE,0,0,0,False,-1
7283,NONE,0,0,0,False,-1
7284,NONE,0,0,0,False,-1
7285,NONE,0,0,0,False,-1
7286,TRIPLE,1,1,1,False,-1
7287,SINGLE,0,0,1,False,-1
7288,NONE,0,0,0,False,-1
7289,NONE,0,0,0,False,-1
7290,NONE,0,0,0,False,-1
7291,DOUBLE,1,1,0,False,-1
7292,NONE,0,0,0,False,-1
7293,SINGLE,0,1,0,False,-1
7294,NONE,0,0,0,False,-1
7295,NONE,0,0,0,False,-1
7296,NONE,0,0,0,False,-1
7297,NONE,0,0,0,False,-1
7298,DOUBLE,1,1,0,False,-1
7299,DOUBLE,1,1,0,False,-1
7300,NONE,0,0,0,False,-1
7301,NONE,0,0,0,False,-1
7302,NONE,0,0,0,False,-1
7303,NONE,0,0,0,False,-1
7304,SINGLE,0,0,1,False,-1
7305,NONE,0,0,0,False,-1
7306,TRIPLE,1,1,1,False,-1
7307,NONE,0,0,0,False,-1
7308,NONE,0,0,0,False,-1
7309,SINGLE,0,0,1,False,-1
7310,NONE,0,0,0,False,-1
7311,NONE,0,0,0,False,-1
7312,NONE,0,0,0,False,-1
7313,NONE,0,0,0,False,-1
7314,DOUBLE,1,1,0,False,-1
7315,NONE,0,0,0,False,-1
7316,NONE,0,0,0,False,-1
7317,DOUBLE,1,1,0,False,-1
7318,DOUBLE,1,1,0,False,-1
7319,NONE,0,0,0,False,-1
7320,SINGLE,0,1,0,False,-1
7321,TRIPLE,1,1,1,False,-1
7322,NONE,0,0,0,False,-1
7323,NONE,0,0,0,False,-1
7324,NONE,0,0,0,False,-1
7325,DOUBLE,0,1,1,False,-1
7326,NONE,0,0,0,False,-1
7327,NONE,0,0,0,False,-1
7328,NONE,0,0,0,False,-1
7329,DOUBLE,1,1,0,False,-1
7330,NONE,0,0,0,False,-1
7331,NONE,0,0,0,False,-1
7332,NONE,0,0,0,False,-1
7333,NONE,0,0,0,False,-1
7334,NONE,0,0,0,False,-1
7335,SINGLE,1,0,0,False,-1
7336,NONE,0,0,0,False,-1
7337,NONE,0,0,0,False,-1
7338,DOUBLE,0,1,1,False,-1
7339,NONE,0,0,0,False,-1
7340,NONE,0,0,0,False,-1
7341,NONE,0,0,0,False,-1
7342,SINGLE,0,0,1,False,-1
7343,NONE,0,0,0,False,-1
7344,DOUBLE,1,1,0,False,-1
7345,NONE,0,0,0,False,-1
7346,NONE,0,0,0,False,-1
7347,SINGLE,0,1,0,False,-1
7348,NONE,0,0,0,False,-1
7349,SINGLE,0,0,1,False,-1
7350,SINGLE,1,0,0,False,-1
7351,NONE,0,0,0,False,-1
7352,NONE,0,0,0,False,-1
7353,NONE,0,0,0,False,-1
7354,NONE,0,0,0,False,-1
7355,NONE,0,0,0,False,-1
7356,DOUBLE,1,1,0,False,-1
7357,TRIPLE,1,1,1,False,-1
7358,SINGLE,1,0,0,False,-1
7359,DOUBLE,1,1,0,False,-1
7360,NONE,0,0,0,False,-1
7361,NONE,0,0,0,False,-1
7362,DOUBLE,1,1,0,False,-1
7363,NONE,0,0,0,False,-1
7364,NONE,0,0,0,False,-1
7365,NONE,0,0,0,False,-1
7366,DOUBLE,1,0,1,False,-1
7367,NONE,0,0,0,False,-1
7368,SINGLE,0,0,1,False,-1
7369,NONE,0,0,0,False,-1
7370,NONE,0,0,0,False,-1
7371,NONE,0,0,0,False,-1
7372,TRIPLE,1,1,1,False,-1
7373,NONE,0,0,0,False,-1
7374,NONE,0,0,0,False,-1
7375,NONE,0,0,0,False,-1
7376,TRIPLE,1,1,1,False,-1
7377,NONE,0,0,0,False,-1
7378,NONE,0,0,0,False,-1
7379,NONE,0,0,0,False,-1
7380,NONE,0,0,0,False,-1
7381,NONE,0,0,0,False,-1
7382,NONE,0,0,0,False,-1
7383,SINGLE,0,1,0,False,-1
7384,NONE,0,0,0,False,-1
7385,NONE,0,0,0,False,-1
7386,TRIPLE,1,1,1,False,-1
7387,TRIPLE,1,1,1,False,-1
7388,NONE,0,0,0,False,-1
7389,NONE,0,0,0,False,-1
7390,DOUBLE,1,1,0,False,-1
7391,NONE,0,0,0,False,-1
7392,NONE,0,0,0,False,-1
7393,NONE,0,0,0,False,-1
7394,DOUBLE,1,1,0,False,-1
7395,NONE,0,0,0,False,-1
7396,SINGLE,0,0,1,False,-1
7397,SINGLE,1,0,0,False,-1
7398,NONE,0,0,0,False,-1
7399,TRIPLE,1,1,1,False,-1
7400,NONE,0,0,0,False,-1
7401,DOUBLE,1,1,0,False,-1
7402,NONE,0,0,0,False,-1
7403,SINGLE,1,0,0,False,-1
7404,DOUBLE,1,1,0,False,-1
7405,DOUBLE,1,1,0,False,-1
7406,NONE,0,0,0,False,-1
7407,NONE,0,0,0,False,-1
7408,NONE,0,0,0,False,-1
7409,NONE,0,0,0,False,-1
7410,TRIPLE,1,1,1,False,-1
7411,NONE,0,0,0,False,-1
7412,NONE,0,0,0,False,-1
7413,SINGLE,0,0,1,False,-1
7414,NONE,0,0,0,False,-1
7415,SINGLE,1,0,0,False,-1
7416,NONE,0,0,0,False,-1
7417,SINGLE,0,0,1,False,-1
7418,NONE,0,0,0,False,-1
7419,NONE,0,0,0,False,-1
7420,NONE,0,0,0,False,-1
7421,NONE,0,0,0,False,-1
7422,NONE,0,0,0,False,-1
7423,NONE,0,0,0,False,-1
7424,SINGLE,0,0,1,False,-1
7425,NONE,0,0,0,False,-1
7426,NONE,0,0,0,False,-1
7427,DOUBLE,1,1,0,False,-1
7428,SINGLE,0,1,0,False,-1
7429,NONE,0,0,0,False,-1
7430,NONE,0,0,0,False,-1
7431,NONE,0,0,0,False,-1
7432,SINGLE,0,0,1,False,-1
7433,DOUBLE,1,1,0,False,-1
7434,DOUBLE,1,1,0,False,-1
7435,NONE,0,0,0,False,-1
7436,NONE,0,0,0,False,-1
7437,NONE,0,0,0,False,-1
7438,SINGLE,0,1,0,False,-1
7439,NONE,0,0,0,False,-1
7440,NONE,0,0,0,False,-1
7441,SINGLE,0,0,1,False,-1
7442,DOUBLE,1,1,0,False,-1
7443,NONE,0,0,0,False,-1
7444,NONE,0,0,0,False,-1
7445,SINGLE,1,0,0,False,-1
7446,NONE,0,0,0,False,-1
7447,NONE,0,0,0,False,-1
7448,DOUBLE,1,1,0,False,-1
7449,NONE,0,0,0,False,-1
7450,DOUBLE,1,1,0,False,-1
7451,TRIPLE,1,1,1,False,-1
7452,NONE,0,0,0,False,-1
7453,SINGLE,0,0,1,False,-1
7454,NONE,0,0,0,False,-1
7455,SINGLE,0,0,1,False,-1
7456,DOUBLE,1,0,1,False,-1
7457,SINGLE,0,1,0,False,-1
7458,NONE,0,0,0,False,-1
7459,NONE,0,0,0,False,-1
7460,NONE,0,0,0,False,-1
7461,NONE,0,0,0,False,-1
7462,NONE,0,0,0,False,-1
7463,SINGLE,0,0,1,False,-1
7464,TRIPLE,1,1,1,False,-1
7465,DOUBLE,1,1,0,False,-1
7466,NONE,0,0,0,False,-1
7467,NONE,0,0,0,False,-1
7468,DOUBLE,1,1,0,False,-1
7469,NONE,0,0,0,False,-1
7470,NONE,0,0,0,False,-1
7471,DOUBLE,1,1,0,False,-1
7472,NONE,0,0,0,False,-1
7473,NONE,0,0,0,False,-1
7474,NONE,0,0,0,False,-1
7475,SINGLE,0,0,1,False,-1
7476,SINGLE,0,0,1,False,-1
7477,NONE,0,0,0,False,-1
7478,NONE,0,0,0,False,-1
7479,NONE,0,0,0,False,-1
7480,NONE,0,0,0,False,-1
7481,NONE,0,0,0,False,-1
7482,NONE,0,0,0,False,-1
7483,TRIPLE,1,1,1,False,-1
7484,NONE,0,0,0,False,-1
7485,DOUBLE,1,1,0,False,-1
7486,NONE,0,0,0,False,-1
7487,NONE,0,0,0,False,-1
7488,NONE,0,0,0,False,-1
7489,NONE,0,0,0,False,-1
7490,NONE,0,0,0,False,-1
7491,TRIPLE,1,1,1,False,-1
7492,NONE,0,0,0,False,-1
7493,NONE,0,0,0,False,-1
7494,NONE,0,0,0,False,-1
7495,NONE,0,0,0,False,-1
7496,NONE,0,0,0,False,-1
7497,DOUBLE,1,1,0,False,-1
7498,NONE,0,0,0,False,-1
7499,TRIPLE,1,1,1,False,-1
7500,NONE,0,0,0,False,-1
7501,NONE,0,0,0,False,-1
7502,DOUBLE,1,1,0,False,-1
7503,TRIPLE,1,1,1,False,-1
7504,TRIPLE,1,1,1,False,-1
7505,NONE,0,0,0,False,-1
7506,DOUBLE,1,1,0,False,-1
7507,NONE,0,0,0,False,-1
7508,SINGLE,0,0,1,False,-1
7509,NONE,0,0,0,False,-1
7510,NONE,0,0,0,False,-1
7511,NONE,0,0,0,False,-1
7512,TRIPLE,1,1,1,False,-1
7513,NONE,0,0,0,False,-1
7514,NONE,0,0,0,False,-1
7515,NONE,0,0,0,False,-1
7516,DOUBLE,1,1,0,False,-1
7517,NONE,0,0,0,False,-1
7518,NONE,0,0,0,False,-1
7519,DOUBLE,1,1,0,False,-1
7520,NONE,0,0,0,False,-1
7521,NONE,0,0,0,False,-1
7522,NONE,0,0,0,False,-1
7523,TRIPLE,1,1,1,False,-1
7524,TRIPLE,1,1,1,False,-1
7525,TRIPLE,1,1,1,False,-1
7526,NONE,0,0,0,False,-1
7527,NONE,0,0,0,False,-1
7528,TRIPLE,1,1,1,False,-1
7529,SINGLE,1,0,0,False,-1
7530,NONE,0,0,0,False,-1
7531,NONE,0,0,0,False,-1
7532,NONE,0,0,0,False,-1
7533,NONE,0,0,0,False,-1
7534,NONE,0,0,0,False,-1
7535,NONE,0,0,0,False,-1
7536,NONE,0,0,0,False,-1
7537,NONE,0,0,0,False,-1
7538,TRIPLE,1,1,1,False,-1
7539,NONE,0,0,0,False,-1
7540,NONE,0,0,0,False,-1
7541,NONE,0,0,0,False,-1
7542,NONE,0,0,0,False,-1
7543,NONE,0,0,0,False,-1
7544,DOUBLE,1,1,0,False,-1
7545,NONE,0,0,0,False,-1
7546,SINGLE,1,0,0,False,-1
7547,NONE,0,0,0,False,-1
7548,SINGLE,1,0,0,False,-1
7549,NONE,0,0,0,False,-1
7550,DOUBLE,1,1,0,False,-1
7551,DOUBLE,1,1,0,False,-1
7552,NONE,0,0,0,False,-1
7553,DOUBLE,1,1,0,False,-1
7554,NONE,0,0,0,False,-1
7555,DOUBLE,0,1,1,False,-1
7556,NONE,0,0,0,False,-1
7557,NONE,0,0,0,False,-1
7558,SINGLE,0,0,1,False,-1
7559,DOUBLE,1,1,0,False,-1
7560,NONE,0,0,0,False,-1
7561,NONE,0,0,0,False,-1
7562,DOUBLE,1,1,0,False,-1
7563,NONE,0,0,0,False,-1
7564,NONE,0,0,0,False,-1
7565,NONE,0,0,0,False,-1
7566,TRIPLE,1,1,1,False,-1
7567,SINGLE,0,0,1,False,-1
7568,NONE,0,0,0,False,-1
7569,SINGLE,0,0,1,False,-1
7570,NONE,0,0,0,False,-1
7571,NONE,0,0,0,False,-1
7572,TRIPLE,1,1,1,False,-1
7573,NONE,0,0,0,False,-1
7574,NONE,0,0,0,False,-1
7575,NONE,0,0,0,False,-1
7576,NONE,0,0,0,False,-1
7577,NONE,0,0,0,False,-1
7578,NONE,0,0,0,False,-1
7579,TRIPLE,1,1,1,False,-1
7580,NONE,0,0,0,False,-1
7581,TRIPLE,1,1,1,False,-1
7582,DOUBLE,0,1,1,False,-1
7583,TRIPLE,1,1,1,False,-1
7584,NONE,0,0,0,False,-1
7585,NONE,0,0,0,False,-1
7586,NONE,0,0,0,False,-1
7587,TRIPLE,1,1,1,False,-1
7588,NONE,0,0,0,False,-1
7589,NONE,0,0,0,False,-1
7590,NONE,0,0,0,False,-1
7591,NONE,0,0,0,False,-1
7592,NONE,0,0,0,False,-1
7593,NONE,0,0,0,False,-1
7594,SINGLE,1,0,0,False,-1
7595,NONE,0,0,0,False,-1
7596,NONE,0,0,0,False,-1
7597,NONE,0,0,0,False,-1
7598,NONE,0,0,0,False,-1
7599,NONE,0,0,0,False,-1
7600,SINGLE,1,0,0,False,-1
7601,NONE,0,0,0,False,-1
7602,NONE,0,0,0,False,-1
7603,NONE,0,0,0,False,-1
7604,NONE,0,0,0,False,-1
7605,NONE,0,0,0,False,-1
7606,NONE,0,0,0,False,-1
7607,NONE,0,0,0,False,-1
7608,NONE,0,0,0,False,-1
7609,DOUBLE,0,1,1,False,-1
7610,TRIPLE,1,1,1,False,-1
7611,NONE,0,0,0,False,-1
7612,NONE,0,0,0,False,-1
7613,SINGLE,0,0,1,False,-1
7614,NONE,0,0,0,False,-1
7615,NONE,0,0,0,False,-1
7616,NONE,0,0,0,False,-1
7617,NONE,0,0,0,False,-1
7618,NONE,0,0,0,False,-1
7619,SINGLE,0,0,1,False,-1
7620,TRIPLE,1,1,1,False,-1
7621,NONE,0,0,0,False,-1
7622,NONE,0,0,0,False,-1
7623,NONE,0,0,0,False,-1
7624,NONE,0,0,0,False,-1
7625,NONE,0,0,0,False,-1
7626,NONE,0,0,0,False,-1
7627,DOUBLE,1,1,0,False,-1
7628,NONE,0,0,0,False,-1
7629,NONE,0,0,0,False,-1
7630,DOUBLE,1,1,0,False,-1
7631,TRIPLE,1,1,1,False,-1
7632,DOUBLE,1,1,0,False,-1
7633,NONE,0,0,0,False,-1
7634,NONE,0,0,0,False,-1
7635,NONE,0,0,0,False,-1
7636,NONE,0,0,0,False,-1
7637,DOUBLE,1,1,0,False,-1
7638,SINGLE,0,0,1,False,-1
7639,NONE,0,0,0,False,-1
7640,NONE,0,0,0,False,-1
7641,NONE,0,0,0,False,-1
7642,DOUBLE,1,1,0,False,-1
7643,DOUBLE,1,1,0,False,-1
7644,NONE,0,0,0,False,-1
7645,NONE,0,0,0,False,-1
7646,NONE,0,0,0,False,-1
7647,NONE,0,0,0,False,-1
7648,NONE,0,0,0,False,-1
7649,SINGLE,0,0,1,False,-1
7650,NONE,0,0,0,False,-1
7651,SINGLE,0,1,0,False,-1
7652,NONE,0,0,0,False,-1
7653,NONE,0,0,0,False,-1
7654,NONE,0,0,0,False,-1
7655,NONE,0,0,0,False,-1
7656,NONE,0,0,0,False,-1
7657,NONE,0,0,0,False,-1
7658,NONE,0,0,0,False,-1
7659,NONE,0,0,0,False,-1
7660,SINGLE,0,0,1,False,-1
7661,NONE,0,0,0,False,-1
7662,DOUBLE,1,1,0,False,-1
7663,DOUBLE,1,1,0,False,-1
7664,TRIPLE,1,1,1,False,-1
7665,NONE,0,0,0,False,-1
7666,NONE,0,0,0,False,-1
7667,NONE,0,0,0,False,-1
7668,SINGLE,1,0,0,False,-1
7669,DOUBLE,1,1,0,False,-1
7670,NONE,0,0,0,False,-1
7671,NONE,0,0,0,False,-1
7672,NONE,0,0,0,False,-1
7673,NONE,0,0,0,False,-1
7674,TRIPLE,1,1,1,False,-1
7675,DOUBLE,0,1,1,False,-1
7676,DOUBLE,0,1,1,False,-1
7677,NONE,0,0,0,False,-1
7678,NONE,0,0,0,False,-1
7679,DOUBLE,1,1,0,False,-1
7680,DOUBLE,1,1,0,False,-1
7681,NONE,0,0,0,False,-1
7682,NONE,0,0,0,False,-1
7683,TRIPLE,1,1,1,False,-1
7684,NONE,0,0,0,False,-1
7685,TRIPLE,1,1,1,False,-1
7686,NONE,0,0,0,False,-1
7687,NONE,0,0,0,False,-1
7688,NONE,0,0,0,False,-1
7689,DOUBLE,1,1,0,False,-1
7690,NONE,0,0,0,False,-1
7691,NONE,0,0,0,False,-1
7692,NONE,0,0,0,False,-1
7693,NONE,0,0,0,False,-1
7694,DOUBLE,1,1,0,False,-1
7695,SINGLE,0,0,1,False,-1
7696,TRIPLE,1,1,1,False,-1
7697,NONE,0,0,0,False,-1
7698,NONE,0,0,0,False,-1
7699,SINGLE,1,0,0,False,-1
7700,DOUBLE,1,1,0,False,-1
7701,NONE,0,0,0,False,-1
7702,NONE,0,0,0,False,-1
7703,NONE,0,0,0,False,-1
7704,DOUBLE,0,1,1,False,-1
7705,NONE,0,0,0,False,-1
7706,TRIPLE,1,1,1,False,-1
7707,SINGLE,0,0,1,False,-1
7708,NONE,0,0,0,False,-1
7709,NONE,0,0,0,False,-1
7710,DOUBLE,1,1,0,False,-1
7711,NONE,0,0,0,False,-1
7712,NONE,0,0,0,False,-1
7713,NONE,0,0,0,False,-1
7714,NONE,0,0,0,False,-1
7715,SINGLE,1,0,0,False,-1
7716,SINGLE,1,0,0,False,-1
7717,NONE,0,0,0,False,-1
7718,DOUBLE,1,1,0,False,-1
7719,NONE,0,0,0,False,-1
7720,SINGLE,0,0,1,False,-1
7721,NONE,0,0,0,False,-1
7722,NONE,0,0,0,False,-1
7723,NONE,0,0,0,False,-1
7724,SINGLE,0,0,1,False,-1
7725,NONE,0,0,0,False,-1
7726,NONE,0,0,0,False,-1
7727,TRIPLE,1,1,1,False,-1
7728,NONE,0,0,0,False,-1
7729,TRIPLE,1,1,1,False,-1
7730,NONE,0,0,0,False,-1
7731,NONE,0,0,0,False,-1
7732,NONE,0,0,0,False,-1
7733,DOUBLE,1,1,0,False,-1
7734,NONE,0,0,0,False,-1
7735,NONE,0,0,0,False,-1
7736,NONE,0,0,0,False,-1
7737,NONE,0,0,0,False,-1
7738,NONE,0,0,0,False,-1
7739,NONE,0,0,0,False,-1
7740,NONE,0,0,0,False,-1
7741,NONE,0,0,0,False,-1
7742,TRIPLE,1,1,1,False,-1
7743,NONE,0,0,0,False,-1
7744,SINGLE,0,0,1,False,-1
7745,DOUBLE,1,1,0,False,-1
7746,NONE,0,0,0,False,-1
7747,NONE,0,0,0,False,-1
7748,NONE,0,0,0,False,-1
7749,NONE,0,0,0,False,-1
7750,TRIPLE,1,1,1,False,-1
7751,NONE,0,0,0,False,-1
7752,NONE,0,0,0,False,-1
7753,NONE,0,0,0,False,-1
7754,NONE,0,0,0,False,-1
7755,NONE,0,0,0,False,-1
7756,NONE,0,0,0,False,-1
7757,SINGLE,1,0,0,False,-1
7758,NONE,0,0,0,False,-1
7759,SINGLE,0,0,1,False,-1
7760,NONE,0,0,0,False,-1
7761,NONE,0,0,0,False,-1
7762,NONE,0,0,0,False,-1
7763,NONE,0,0,0,False,-1
7764,NONE,0,0,0,False,-1
7765,NONE,0,0,0,False,-1
7766,NONE,0,0,0,False,-1
7767,SINGLE,0,0,1,False,-1
7768,DOUBLE,1,1,0,False,-1
7769,SINGLE,1,0,0,False,-1
7770,NONE,0,0,0,False,-1
7771,NONE,0,0,0,False,-1
7772,NONE,0,0,0,False,-1
7773,NONE,0,0,0,False,-1
7774,SINGLE,0,0,1,False,-1
7775,NONE,0,0,0,False,-1
7776,NONE,0,0,0,False,-1
7777,DOUBLE,1,1,0,False,-1
7778,NONE,0,0,0,False,-1
7779,NONE,0,0,0,False,-1
7780,NONE,0,0,0,False,-1
7781,NONE,0,0,0,False,-1
7782,SINGLE,1,0,0,False,-1
7783,SINGLE,0,0,1,False,-1
7784,SINGLE,1,0,0,False,-1
7785,NONE,0,0,0,False,-1
7786,NONE,0,0,0,False,-1
7787,NONE,0,0,0,False,-1
7788,NONE,0,0,0,False,-1
7789,NONE,0,0,0,False,-1
7790,NONE,0,0,0,False,-1
7791,NONE,0,0,0,False,-1
7792,NONE,0,0,0,False,-1
7793,SINGLE,0,0,1,False,-1
7794,NONE,0,0,0,False,-1
7795,NONE,0,0,0,False,-1
7796,NONE,0,0,0,False,-1
7797,NONE,0,0,0,False,-1
7798,NONE,0,0,0,False,-1
7799,DOUBLE,1,1,0,False,-1
7800,NONE,0,0,0,False,-1
7801,NONE,0,0,0,False,-1
7802,DOUBLE,1,1,0,False,-1
7803,NONE,0,0,0,False,-1
7804,NONE,0,0,0,False,-1
7805,NONE,0,0,0,False,-1
7806,TRIPLE,1,1,1,False,-1
7807,TRIPLE,1,1,1,False,-1
7808,NONE,0,0,0,False,-1
7809,DOUBLE,1,1,0,False,-1
7810,SINGLE,0,1,0,False,-1
7811,TRIPLE,1,1,1,False,-1
7812,NONE,0,0,0,False,-1
7813,NONE,0,0,0,False,-1
7814,TRIPLE,1,1,1,False,-1
7815,NONE,0,0,0,False,-1
7816,DOUBLE,0,1,1,False,-1
7817,NONE,0,0,0,False,-1
7818,NONE,0,0,0,False,-1
7819,SINGLE,1,0,0,False,-1
7820,NONE,0,0,0,False,-1
7821,NONE,0,0,0,False,-1
7822,NONE,0,0,0,False,-1
7823,NONE,0,0,0,False,-1
7824,SINGLE,0,0,1,False,-1
7825,NONE,0,0,0,False,-1
7826,NONE,0,0,0,False,-1
7827,NONE,0,0,0,False,-1
7828,DOUBLE,1,0,1,False,-1
7829,NONE,0,0,0,False,-1
7830,SINGLE,1,0,0,False,-1
7831,SINGLE,0,0,1,False,-1
7832,NONE,0,0,0,False,-1
7833,NONE,0,0,0,False,-1
7834,TRIPLE,1,1,1,False,-1
7835,NONE,0,0,0,False,-1
7836,NONE,0,0,0,False,-1
7837,NONE,0,0,0,False,-1
7838,SINGLE,0,0,1,False,-1
7839,NONE,0,0,0,False,-1
7840,DOUBLE,1,1,0,False,-1
7841,NONE,0,0,0,False,-1
7842,TRIPLE,1,1,1,False,-1
7843,NONE,0,0,0,False,-1
7844,TRIPLE,1,1,1,False,-1
7845,DOUBLE,1,1,0,False,-1
7846,NONE,0,0,0,False,-1
7847,NONE,0,0,0,False,-1
7848,NONE,0,0,0,False,-1
7849,NONE,0,0,0,False,-1
7850,DOUBLE,1,1,0,False,-1
7851,SINGLE,0,0,1,False,-1
7852,NONE,0,0,0,False,-1
7853,TRIPLE,1,1,1,False,-1
7854,NONE,0,0,0,False,-1
7855,NONE,0,0,0,False,-1
7856,NONE,0,0,0,False,-1
7857,NONE,0,0,0,False,-1
7858,NONE,0,0,0,False,-1
7859,NONE,0,0,0,False,-1
7860,NONE,0,0,0,False,-1
7861,NONE,0,0,0,False,-1
7862,DOUBLE,1,1,0,False,-1
7863,NONE,0,0,0,False,-1
7864,SINGLE,0,1,0,False,-1
7865,SINGLE,1,0,0,False,-1
7866,SINGLE,0,0,1,False,-1
7867,SINGLE,0,1,0,False,-1
7868,NONE,0,0,0,False,-1
7869,DOUBLE,1,1,0,False,-1
7870,NONE,0,0,0,False,-1
7871,DOUBLE,1,1,0,False,-1
7872,NONE,0,0,0,False,-1
7873,NONE,0,0,0,False,-1
7874,NONE,0,0,0,False,-1
7875,NONE,0,0,0,False,-1
7876,NONE,0,0,0,False,-1
7877,NONE,0,0,0,False,-1
7878,NONE,0,0,0,False,-1
7879,NONE,0,0,0,False,-1
7880,SINGLE,0,0,1,False,-1
7881,NONE,0,0,0,False,-1
7882,NONE,0,0,0,False,-1
7883,DOUBLE,1,1,0,False,-1
7884,NONE,0,0,0,False,-1
7885,NONE,0,0,0,False,-1
7886,NONE,0,0,0,False,-1
7887,SINGLE,1,0,0,False,-1
7888,SINGLE,0,0,1,False,-1
7889,SINGLE,0,0,1,False,-1
7890,DOUBLE,1,1,0,False,-1
7891,SINGLE,1,0,0,False,-1
7892,SINGLE,0,0,1,False,-1
7893,NONE,0,0,0,False,-1
7894,NONE,0,0,0,False,-1
7895,SINGLE,0,0,1,False,-1
7896,NONE,0,0,0,False,-1
7897,TRIPLE,1,1,1,False,-1
7898,DOUBLE,1,1,0,False,-1
7899,NONE,0,0,0,False,-1
7900,NONE,0,0,0,False,-1
7901,TRIPLE,1,1,1,False,-1
7902,NONE,0,0,0,False,-1
7903,NONE,0,0,0,False,-1
7904,NONE,0,0,0,False,-1
7905,NONE,0,0,0,False,-1
7906,SINGLE,0,0,1,False,-1
7907,NONE,0,0,0,False,-1
7908,NONE,0,0,0,False,-1
7909,NONE,0,0,0,False,-1
7910,NONE,0,0,0,False,-1
7911,DOUBLE,1,1,0,False,-1
7912,NONE,0,0,0,False,-1
7913,SINGLE,1,0,0,False,-1
7914,NONE,0,0,0,False,-1
7915,NONE,0,0,0,False,-1
7916,DOUBLE,0,1,1,False,-1
7917,NONE,0,0,0,False,-1
7918,NONE,0,0,0,False,-1
7919,SINGLE,0,0,1,False,-1
7920,TRIPLE,1,1,1,False,-1
7921,SINGLE,1,0,0,False,-1
7922,NONE,0,0,0,False,-1
7923,SINGLE,0,0,1,False,-1
7924,NONE,0,0,0,False,-1
7925,DOUBLE,1,1,0,False,-1
7926,NONE,0,0,0,False,-1
7927,NONE,0,0,0,False,-1
7928,NONE,0,0,0,False,-1
7929,NONE,0,0,0,False,-1
7930,NONE,0,0,0,False,-1
7931,NONE,0,0,0,False,-1
7932,NONE,0,0,0,False,-1
7933,NONE,0,0,0,False,-1
7934,NONE,0,0,0,False,-1
7935,NONE,0,0,0,False,-1
7936,NONE,0,0,0,False,-1
7937,NONE,0,0,0,False,-1
7938,NONE,0,0,0,False,-1
7939,NONE,0,0,0,False,-1
7940,TRIPLE,1,1,1,False,-1
7941,NONE,0,0,0,False,-1
7942,SINGLE,0,0,1,False,-1
7943,SINGLE,1,0,0,False,-1
7944,NONE,0,0,0,False,-1
7945,NONE,0,0,0,False,-1
7946,NONE,0,0,0,False,-1
7947,NONE,0,0,0,False,-1
7948,NONE,0,0,0,False,-1
7949,NONE,0,0,0,False,-1
7950,SINGLE,0,1,0,False,-1
7951,TRIPLE,1,1,1,False,-1
7952,NONE,0,0,0,False,-1
7953,NONE,0,0,0,False,-1
7954,SINGLE,1,0,0,False,-1
7955,SINGLE,0,0,1,False,-1
7956,NONE,0,0,0,False,-1
7957,TRIPLE,1,1,1,False,-1
7958,NONE,0,0,0,False,-1
7959,NONE,0,0,0,False,-1
7960,NONE,0,0,0,False,-1
7961,NONE,0,0,0,False,-1
7962,SINGLE,0,0,1,False,-1
7963,TRIPLE,1,1,1,False,-1
7964,NONE,0,0,0,False,-1
7965,SINGLE,1,0,0,False,-1
7966,DOUBLE,1,0,1,False,-1
7967,NONE,0,0,0,False,-1
7968,SINGLE,0,1,0,False,-1
7969,NONE,0,0,0,False,-1
7970,SINGLE,0,0,1,False,-1
7971,DOUBLE,1,1,0,False,-1
7972,DOUBLE,1,1,0,False,-1
7973,SINGLE,1,0,0,False,-1
7974,NONE,0,0,0,False,-1
7975,NONE,0,0,0,False,-1
7976,NONE,0,0,0,False,-1
7977,NONE,0,0,0,False,-1
7978,SINGLE,0,0,1,False,-1
7979,TRIPLE,1,1,1,False,-1
7980,NONE,0,0,0,False,-1
7981,SINGLE,0,0,1,False,-1
7982,DOUBLE,1,1,0,False,-1
7983,NONE,0,0,0,False,-1
7984,TRIPLE,1,1,1,False,-1
7985,TRIPLE,1,1,1,False,-1
7986,NONE,0,0,0,False,-1
7987,NONE,0,0,0,False,-1
7988,NONE,0,0,0,False,-1
7989,NONE,0,0,0,False,-1
7990,NONE,0,0,0,False,-1
7991,NONE,0,0,0,False,-1
7992,NONE,0,0,0,False,-1
7993,NONE,0,0,0,False,-1
7994,NONE,0,0,0,False,-1
7995,NONE,0,0,0,False,-1
7996,SINGLE,0,0,1,False,-1
7997,NONE,0,0,0,False,-1
7998,NONE,0,0,0,False,-1
7999,NONE,0,0,0,False,-1
8000,NONE,0,0,0,False,-1
8001,NONE,0,0,0,False,-1
8002,NONE,0,0,0,False,-1
8003,NONE,0,0,0,False,-1
8004,NONE,0,0,0,False,-1
8005,NONE,0,0,0,False,-1
8006,NONE,0,0,0,False,-1
8007,NONE,0,0,0,False,-1
8008,DOUBLE,1,1,0,False,-1
8009,NONE,0,0,0,False,-1
8010,NONE,0,0,0,False,-1
8011,DOUBLE,1,1,0,False,-1
8012,NONE,0,0,0,False,-1
8013,DOUBLE,1,1,0,False,-1
8014,NONE,0,0,0,False,-1
8015,TRIPLE,1,1,1,False,-1
8016,TRIPLE,1,1,1,False,-1
8017,TRIPLE,1,1,1,False,-1
8018,NONE,0,0,0,False,-1
8019,NONE,0,0,0,False,-1
8020,NONE,0,0,0,False,-1
8021,DOUBLE,1,1,0,False,-1
8022,SINGLE,0,0,1,False,-1
8023,TRIPLE,1,1,1,False,-1
8024,TRIPLE,1,1,1,False,-1
8025,TRIPLE,1,1,1,False,-1
8026,NONE,0,0,0,False,-1
8027,DOUBLE,1,1,0,False,-1
8028,NONE,0,0,0,False,-1
8029,NONE,0,0,0,False,-1
8030,NONE,0,0,0,False,-1
8031,TRIPLE,1,1,1,False,-1
8032,NONE,0,0,0,False,-1
8033,NONE,0,0,0,False,-1
8034,TRIPLE,1,1,1,False,-1
8035,NONE,0,0,0,False,-1
8036,NONE,0,0,0,False,-1
8037,NONE,0,0,0,False,-1
8038,NONE,0,0,0,False,-1
8039,TRIPLE,1,1,1,False,-1
8040,NONE,0,0,0,False,-1
8041,NONE,0,0,0,False,-1
8042,NONE,0,0,0,False,-1
8043,NONE,0,0,0,False,-1
8044,DOUBLE,1,1,0,False,-1
8045,NONE,0,0,0,False,-1
8046,NONE,0,0,0,False,-1
8047,NONE,0,0,0,False,-1
8048,NONE,0,0,0,False,-1
8049,NONE,0,0,0,False,-1
8050,NONE,0,0,0,False,-1
8051,NONE,0,0,0,False,-1
8052,NONE,0,0,0,False,-1
8053,TRIPLE,1,1,1,False,-1
8054,NONE,0,0,0,False,-1
8055,NONE,0,0,0,False,-1
8056,NONE,0,0,0,False,-1
8057,NONE,0,0,0,False,-1
8058,NONE,0,0,0,False,-1
8059,NONE,0,0,0,False,-1
8060,NONE,0,0,0,False,-1
8061,SINGLE,0,0,1,False,-1
8062,TRIPLE,1,1,1,False,-1
8063,DOUBLE,1,1,0,False,-1
8064,NONE,0,0,0,False,-1
8065,NONE,0,0,0,False,-1
8066,NONE,0,0,0,False,-1
8067,SINGLE,0,0,1,False,-1
8068,NONE,0,0,0,False,-1
8069,DOUBLE,1,1,0,False,-1
8070,NONE,0,0,0,False,-1
8071,DOUBLE,1,1,0,False,-1
8072,NONE,0,0,0,False,-1
8073,SINGLE,1,0,0,False,-1
8074,NONE,0,0,0,False,-1
8075,TRIPLE,1,1,1,False,-1
8076,TRIPLE,1,1,1,False,-1
8077,SINGLE,1,0,0,False,-1
8078,SINGLE,1,0,0,False,-1
8079,DOUBLE,1,1,0,False,-1
8080,NONE,0,0,0,False,-1
8081,NONE,0,0,0,False,-1
8082,NONE,0,0,0,False,-1
8083,NONE,0,0,0,False,-1
8084,NONE,0,0,0,False,-1
8085,NONE,0,0,0,False,-1
8086,DOUBLE,1,1,0,False,-1
8087,NONE,0,0,0,False,-1
8088,NONE,0,0,0,False,-1
8089,NONE,0,0,0,False,-1
8090,SINGLE,0,0,1,False,-1
8091,DOUBLE,1,1,0,False,-1
8092,NONE,0,0,0,False,-1
8093,SINGLE,0,1,0,False,-1
8094,NONE,0,0,0,False,-1
8095,NONE,0,0,0,False,-1
8096,NONE,0,0,0,False,-1
8097,SINGLE,0,0,1,False,-1
8098,DOUBLE,1,1,0,False,-1
8099,NONE,0,0,0,False,-1
8100,NONE,0,0,0,False,-1
8101,NONE,0,0,0,False,-1
8102,SINGLE,1,0,0,False,-1
8103,NONE,0,0,0,False,-1
8104,NONE,0,0,0,False,-1
8105,NONE,0,0,0,False,-1
8106,NONE,0,0,0,False,-1
8107,TRIPLE,1,1,1,False,-1
8108,DOUBLE,1,1,0,False,-1
8109,NONE,0,0,0,False,-1
8110,TRIPLE,1,1,1,False,-1
8111,NONE,0,0,0,False,-1
8112,NONE,0,0,0,False,-1
8113,DOUBLE,1,1,0,False,-1
8114,DOUBLE,1,1,0,False,-1
8115,NONE,0,0,0,False,-1
8116,NONE,0,0,0,False,-1
8117,NONE,0,0,0,False,-1
8118,NONE,0,0,0,False,-1
8119,SINGLE,0,0,1,False,-1
8120,DOUBLE,1,1,0,False,-1
8121,NONE,0,0,0,False,-1
8122,DOUBLE,1,1,0,False,-1
8123,NONE,0,0,0,False,-1
8124,NONE,0,0,0,False,-1
8125,DOUBLE,1,1,0,False,-1
8126,NONE,0,0,0,False,-1
8127,NONE,0,0,0,False,-1
8128,NONE,0,0,0,False,-1
8129,NONE,0,0,0,False,-1
8130,TRIPLE,1,1,1,False,-1
8131,NONE,0,0,0,False,-1
8132,NONE,0,0,0,False,-1
8133,NONE,0,0,0,False,-1
8134,NONE,0,0,0,False,-1
8135,DOUBLE,1,1,0,True,2289.48
8136,DOUBLE,1,0,1,False,-1
8137,NONE,0,0,0,False,-1
8138,NONE,0,0,0,False,-1
8139,NONE,0,0,0,False,-1
8140,SINGLE,1,0,0,False,-1
8141,SINGLE,0,0,1,False,-1
8142,SINGLE,0,0,1,False,-1
8143,NONE,0,0,0,False,-1
8144,TRIPLE,1,1,1,False,-1
8145,NONE,0,0,0,False,-1
8146,NONE,0,0,0,False,-1
8147,NONE,0,0,0,False,-1
8148,NONE,0,0,0,False,-1
8149,SINGLE,0,0,1,False,-1
8150,NONE,0,0,0,False,-1
8151,NONE,0,0,0,False,-1
8152,NONE,0,0,0,False,-1
8153,NONE,0,0,0,False,-1
8154,NONE,0,0,0,False,-1
8155,NONE,0,0,0,False,-1
8156,TRIPLE,1,1,1,False,-1
8157,SINGLE,0,0,1,False,-1
8158,SINGLE,1,0,0,False,-1
8159,NONE,0,0,0,False,-1
8160,NONE,0,0,0,False,-1
8161,NONE,0,0,0,False,-1
8162,NONE,0,0,0,False,-1
8163,DOUBLE,1,1,0,False,-1
8164,DOUBLE,1,1,0,False,-1
8165,NONE,0,0,0,False,-1
8166,SINGLE,1,0,0,False,-1
8167,NONE,0,0,0,False,-1
8168,NONE,0,0,0,False,-1
8169,NONE,0,0,0,False,-1
8170,NONE,0,0,0,False,-1
8171,DOUBLE,1,1,0,False,-1
8172,NONE,0,0,0,False,-1
8173,NONE,0,0,0,False,-1
8174,NONE,0,0,0,False,-1
8175,NONE,0,0,0,False,-1
8176,NONE,0,0,0,False,-1
8177,SINGLE,0,0,1,False,-1
8178,DOUBLE,1,1,0,False,-1
8179,DOUBLE,1,1,0,False,-1
8180,NONE,0,0,0,False,-1
8181,NONE,0,0,0,False,-1
8182,NONE,0,0,0,False,-1
8183,DOUBLE,1,1,0,False,-1
8184,NONE,0,0,0,False,-1
8185,NONE,0,0,0,False,-1
8186,NONE,0,0,0,False,-1
8187,SINGLE,1,0,0,False,-1
8188,DOUBLE,1,1,0,False,-1
8189,NONE,0,0,0,False,-1
8190,TRIPLE,1,1,1,False,-1
8191,TRIPLE,1,1,1,False,-1
8192,NONE,0,0,0,False,-1
8193,NONE,0,0,0,False,-1
8194,NONE,0,0,0,False,-1
8195,NONE,0,0,0,False,-1
8196,NONE,0,0,0,False,-1
8197,DOUBLE,1,1,0,False,-1
8198,SINGLE,0,0,1,False,-1
8199,NONE,0,0,0,False,-1
8200,SINGLE,1,0,0,False,-1
8201,DOUBLE,1,1,0,False,-1
8202,DOUBLE,1,1,0,False,-1
8203,NONE,0,0,0,False,-1
8204,DOUBLE,1,1,0,False,-1
8205,SINGLE,0,0,1,False,-1
8206,NONE,0,0,0,False,-1
8207,NONE,0,0,0,False,-1
8208,NONE,0,0,0,False,-1
8209,NONE,0,0,0,False,-1
8210,SINGLE,0,1,0,False,-1
8211,NONE,0,0,0,False,-1
8212,NONE,0,0,0,False,-1
8213,NONE,0,0,0,False,-1
8214,NONE,0,0,0,False,-1
8215,DOUBLE,1,1,0,False,-1
8216,NONE,0,0,0,False,-1
8217,DOUBLE,1,1,0,False,-1
8218,NONE,0,0,0,False,-1
8219,NONE,0,0,0,False,-1
8220,TRIPLE,1,1,1,False,-1
8221,NONE,0,0,0,False,-1
8222,NONE,0,0,0,False,-1
8223,DOUBLE,1,1,0,False,-1
8224,NONE,0,0,0,False,-1
8225,NONE,0,0,0,False,-1
8226,SINGLE,1,0,0,False,-1
8227,DOUBLE,1,1,0,False,-1
8228,SINGLE,1,0,0,False,-1
8229,TRIPLE,1,1,1,False,-1
8230,SINGLE,0,0,1,False,-1
8231,NONE,0,0,0,False,-1
8232,NONE,0,0,0,False,-1
8233,NONE,0,0,0,False,-1
8234,TRIPLE,1,1,1,False,-1
8235,TRIPLE,1,1,1,False,-1
8236,NONE,0,0,0,False,-1
8237,SINGLE,1,0,0,False,-1
8238,NONE,0,0,0,False,-1
8239,NONE,0,0,0,False,-1
8240,NONE,0,0,0,False,-1
8241,NONE,0,0,0,False,-1
8242,NONE,0,0,0,False,-1
8243,NONE,0,0,0,False,-1
8244,NONE,0,0,0,False,-1
8245,NONE,0,0,0,False,-1
8246,NONE,0,0,0,False,-1
8247,NONE,0,0,0,False,-1
8248,DOUBLE,0,1,1,False,-1
8249,NONE,0,0,0,False,-1
8250,NONE,0,0,0,False,-1
8251,NONE,0,0,0,False,-1
8252,NONE,0,0,0,False,-1
8253,DOUBLE,1,1,0,False,-1
8254,NONE,0,0,0,False,-1
8255,SINGLE,0,0,1,False,-1
8256,NONE,0,0,0,False,-1
8257,NONE,0,0,0,False,-1
8258,NONE,0,0,0,False,-1
8259,TRIPLE,1,1,1,False,-1
8260,NONE,0,0,0,False,-1
8261,NONE,0,0,0,False,-1
8262,NONE,0,0,0,False,-1
8263,NONE,0,0,0,False,-1
8264,SINGLE,0,0,1,False,-1
8265,DOUBLE,1,1,0,False,-1
8266,NONE,0,0,0,False,-1
8267,NONE,0,0,0,False,-1
8268,NONE,0,0,0,False,-1
8269,NONE,0,0,0,False,-1
8270,NONE,0,0,0,False,-1
8271,NONE,0,0,0,False,-1
8272,SINGLE,0,1,0,False,-1
8273,NONE,0,0,0,False,-1
8274,NONE,0,0,0,False,-1
8275,TRIPLE,1,1,1,False,-1
8276,TRIPLE,1,1,1,False,-1
8277,DOUBLE,1,1,0,False,-1
8278,NONE,0,0,0,False,-1
8279,SINGLE,1,0,0,False,-1
8280,NONE,0,0,0,False,-1
8281,NONE,0,0,0,False,-1
8282,NONE,0,0,0,False,-1
8283,NONE,0,0,0,False,-1
8284,NONE,0,0,0,False,-1
8285,NONE,0,0,0,False,-1
8286,DOUBLE,1,1,0,False,-1
8287,NONE,0,0,0,False,-1
8288,NONE,0,0,0,False,-1
8289,NONE,0,0,0,False,-1
8290,SINGLE,0,1,0,False,-1
8291,NONE,0,0,0,False,-1
8292,DOUBLE,1,1,0,False,-1
8293,NONE,0,0,0,False,-1
8294,NONE,0,0,0,False,-1
8295,NONE,0,0,0,False,-1
8296,NONE,0,0,0,False,-1
8297,DOUBLE,1,1,0,False,-1
8298,NONE,0,0,0,False,-1
8299,NONE,0,0,0,False,-1
8300,TRIPLE,1,1,1,False,-1
8301,SINGLE,0,1,0,False,-1
8302,NONE,0,0,0,False,-1
8303,NONE,0,0,0,False,-1
8304,NONE,0,0,0,False,-1
8305,NONE,0,0,0,False,-1
8306,SINGLE,0,0,1,False,-1
8307,TRIPLE,1,1,1,False,-1
8308,NONE,0,0,0,False,-1
8309,DOUBLE,0,1,1,False,-1
8310,NONE,0,0,0,False,-1
8311,DOUBLE,1,1,0,False,-1
8312,TRIPLE,1,1,1,False,-1
8313,SINGLE,0,0,1,False,-1
8314,TRIPLE,1,1,1,False,-1
8315,NONE,0,0,0,False,-1
8316,TRIPLE,1,1,1,False,-1
8317,NONE,0,0,0,False,-1
8318,NONE,0,0,0,False,-1
8319,NONE,0,0,0,False,-1
8320,SINGLE,0,1,0,False,-1
8321,SINGLE,0,0,1,False,-1
8322,NONE,0,0,0,False,-1
8323,NONE,0,0,0,False,-1
8324,DOUBLE,1,1,0,False,-1
8325,NONE,0,0,0,False,-1
8326,SINGLE,1,0,0,False,-1
8327,NONE,0,0,0,False,-1
8328,DOUBLE,1,1,0,False,-1
8329,SINGLE,1,0,0,False,-1
8330,NONE,0,0,0,False,-1
8331,DOUBLE,1,1,0,False,-1
8332,DOUBLE,1,1,0,False,-1
8333,NONE,0,0,0,False,-1
8334,NONE,0,0,0,False,-1
8335,NONE,0,0,0,False,-1
8336,SINGLE,0,0,1,False,-1
8337,NONE,0,0,0,False,-1
8338,DOUBLE,1,1,0,False,-1
8339,NONE,0,0,0,False,-1
8340,NONE,0,0,0,False,-1
8341,NONE,0,0,0,False,-1
8342,DOUBLE,1,0,1,False,-1
8343,SINGLE,1,0,0,False,-1
8344,SINGLE,1,0,0,False,-1
8345,SINGLE,0,0,1,False,-1
8346,NONE,0,0,0,False,-1
8347,DOUBLE,1,1,0,False,-1
8348,NONE,0,0,0,False,-1
8349,NONE,0,0,0,False,-1
8350,NONE,0,0,0,False,-1
8351,TRIPLE,1,1,1,False,-1
8352,DOUBLE,1,1,0,False,-1
8353,NONE,0,0,0,False,-1
8354,DOUBLE,1,1,0,False,-1
8355,NONE,0,0,0,False,-1
8356,NONE,0,0,0,False,-1
8357,NONE,0,0,0,False,-1
8358,TRIPLE,1,1,1,False,-1
8359,NONE,0,0,0,False,-1
8360,NONE,0,0,0,False,-1
8361,DOUBLE,1,1,0,False,-1
8362,NONE,0,0,0,False,-1
8363,DOUBLE,1,1,0,False,-1
8364,NONE,0,0,0,False,-1
8365,SINGLE,0,0,1,False,-1
8366,NONE,0,0,0,False,-1
8367,NONE,0,0,0,False,-1
8368,NONE,0,0,0,False,-1
8369,DOUBLE,0,1,1,False,-1
8370,SINGLE,0,0,1,False,-1
8371,NONE,0,0,0,False,-1
8372,NONE,0,0,0,False,-1
8373,NONE,0,0,0,False,-1
8374,NONE,0,0,0,False,-1
8375,NONE,0,0,0,False,-1
8376,NONE,0,0,0,False,-1
8377,NONE,0,0,0,False,-1
8378,SINGLE,0,0,1,False,-1
8379,NONE,0,0,0,False,-1
8380,TRIPLE,1,1,1,False,-1
8381,NONE,0,0,0,False,-1
8382,NONE,0,0,0,False,-1
8383,NONE,0,0,0,False,-1
8384,NONE,0,0,0,False,-1
8385,TRIPLE,1,1,1,False,-1
8386,NONE,0,0,0,False,-1
8387,NONE,0,0,0,False,-1
8388,DOUBLE,1,0,1,False,-1
8389,NONE,0,0,0,False,-1
8390,NONE,0,0,0,False,-1
8391,NONE,0,0,0,False,-1
8392,NONE,0,0,0,False,-1
8393,NONE,0,0,0,False,-1
8394,DOUBLE,1,1,0,False,-1
8395,DOUBLE,1,1,0,False,-1
8396,DOUBLE,1,1,0,False,-1
8397,NONE,0,0,0,False,-1
8398,NONE,0,0,0,False,-1
8399,SINGLE,1,0,0,False,-1
8400,NONE,0,0,0,False,-1
8401,TRIPLE,1,1,1,False,-1
8402,NONE,0,0,0,False,-1
8403,DOUBLE,1,1,0,False,-1
8404,NONE,0,0,0,False,-1
8405,NONE,0,0,0,False,-1
8406,NONE,0,0,0,False,-1
8407,NONE,0,0,0,False,-1
8408,NONE,0,0,0,False,-1
8409,NONE,0,0,0,False,-1
8410,TRIPLE,1,1,1,False,-1
8411,NONE,0,0,0,False,-1
8412,NONE,0,0,0,False,-1
8413,DOUBLE,0,1,1,False,-1
8414,TRIPLE,1,1,1,False,-1
8415,SINGLE,1,0,0,False,-1
8416,DOUBLE,1,1,0,False,-1
8417,SINGLE,0,0,1,False,-1
8418,NONE,0,0,0,False,-1
8419,NONE,0,0,0,False,-1
8420,TRIPLE,1,1,1,False,-1
8421,NONE,0,0,0,False,-1
8422,NONE,0,0,0,False,-1
8423,NONE,0,0,0,False,-1
8424,NONE,0,0,0,False,-1
8425,NONE,0,0,0,False,-1
8426,NONE,0,0,0,False,-1
8427,NONE,0,0,0,False,-1
8428,NONE,0,0,0,False,-1
8429,NONE,0,0,0,False,-1
8430,DOUBLE,1,1,0,False,-1
8431,NONE,0,0,0,False,-1
8432,NONE,0,0,0,False,-1
8433,TRIPLE,1,1,1,False,-1
8434,NONE,0,0,0,False,-1
8435,TRIPLE,1,1,1,False,-1
8436,NONE,0,0,0,False,-1
8437,NONE,0,0,0,False,-1
8438,SINGLE,1,0,0,False,-1
8439,NONE,0,0,0,False,-1
8440,NONE,0,0,0,False,-1
8441,NONE,0,0,0,False,-1
8442,NONE,0,0,0,False,-1
8443,NONE,0,0,0,False,-1
8444,DOUBLE,1,0,1,False,-1
8445,NONE,0,0,0,False,-1
8446,NONE,0,0,0,False,-1
8447,NONE,0,0,0,False,-1
8448,NONE,0,0,0,False,-1
8449,NONE,0,0,0,False,-1
8450,NONE,0,0,0,False,-1
8451,NONE,0,0,0,False,-1
8452,NONE,0,0,0,False,-1
8453,NONE,0,0,0,False,-1
8454,SINGLE,0,0,1,False,-1
8455,SINGLE,1,0,0,False,-1
8456,TRIPLE,1,1,1,False,-1
8457,NONE,0,0,0,False,-1
8458,NONE,0,0,0,False,-1
8459,SINGLE,0,0,1,False,-1
8460,DOUBLE,1,1,0,False,-1
8461,NONE,0,0,0,False,-1
8462,SINGLE,0,0,1,False,-1
8463,TRIPLE,1,1,1,False,-1
8464,NONE,0,0,0,False,-1
8465,NONE,0,0,0,False,-1
8466,NONE,0,0,0,False,-1
8467,SINGLE,0,0,1,False,-1
8468,NONE,0,0,0,False,-1
8469,NONE,0,0,0,False,-1
8470,NONE,0,0,0,False,-1
8471,NONE,0,0,0,False,-1
8472,NONE,0,0,0,False,-1
8473,TRIPLE,1,1,1,False,-1
8474,NONE,0,0,0,False,-1
8475,NONE,0,0,0,False,-1
8476,DOUBLE,0,1,1,False,-1
8477,DOUBLE,1,1,0,False,-1
8478,NONE,0,0,0,False,-1
8479,NONE,0,0,0,False,-1
8480,NONE,0,0,0,False,-1
8481,SINGLE,1,0,0,False,-1
8482,DOUBLE,0,1,1,False,-1
8483,NONE,0,0,0,False,-1
8484,NONE,0,0,0,False,-1
8485,NONE,0,0,0,False,-1
8486,SINGLE,0,0,1,False,-1
8487,NONE,0,0,0,False,-1
8488,NONE,0,0,0,False,-1
8489,SINGLE,1,0,0,False,-1
8490,SINGLE,1,0,0,False,-1
8491,NONE,0,0,0,False,-1
8492,TRIPLE,1,1,1,False,-1
8493,NONE,0,0,0,False,-1
8494,NONE,0,0,0,False,-1
8495,SINGLE,0,0,1,False,-1
8496,DOUBLE,1,1,0,False,-1
8497,NONE,0,0,0,False,-1
8498,SINGLE,0,0,1,False,-1
8499,NONE,0,0,0,False,-1
8500,DOUBLE,1,1,0,False,-1
8501,SINGLE,0,1,0,False,-1
8502,NONE,0,0,0,False,-1
8503,SINGLE,0,0,1,False,-1
8504,NONE,0,0,0,False,-1
8505,SINGLE,0,0,1,False,-1
8506,DOUBLE,1,1,0,False,-1
8507,NONE,0,0,0,False,-1
8508,NONE,0,0,0,False,-1
8509,TRIPLE,1,1,1,False,-1
8510,NONE,0,0,0,False,-1
8511,NONE,0,0,0,False,-1
8512,TRIPLE,1,1,1,False,-1
8513,NONE,0,0,0,False,-1
8514,SINGLE,0,0,1,False,-1
8515,DOUBLE,1,1,0,False,-1
8516,NONE,0,0,0,False,-1
8517,DOUBLE,1,1,0,False,-1
8518,NONE,0,0,0,False,-1
8519,NONE,0,0,0,False,-1
8520,NONE,0,0,0,False,-1
8521,SINGLE,0,0,1,False,-1
8522,NONE,0,0,0,False,-1
8523,NONE,0,0,0,False,-1
8524,SINGLE,0,0,1,False,-1
8525,NONE,0,0,0,False,-1
8526,TRIPLE,1,1,1,False,-1
8527,TRIPLE,1,1,1,False,-1
8528,NONE,0,0,0,False,-1
8529,NONE,0,0,0,False,-1
8530,SINGLE,1,0,0,False,-1
8531,SINGLE,0,1,0,False,-1
8532,NONE,0,0,0,False,-1
8533,SINGLE,0,0,1,False,-1
8534,NONE,0,0,0,False,-1
8535,DOUBLE,0,1,1,False,-1
8536,NONE,0,0,0,False,-1
8537,NONE,0,0,0,False,-1
8538,NONE,0,0,0,False,-1
8539,NONE,0,0,0,False,-1
8540,NONE,0,0,0,False,-1
8541,NONE,0,0,0,False,-1
8542,DOUBLE,1,1,0,False,-1
8543,NONE,0,0,0,False,-1
8544,SINGLE,0,1,0,False,-1
8545,NONE,0,0,0,False,-1
8546,NONE,0,0,0,False,-1
8547,DOUBLE,1,1,0,False,-1
8548,DOUBLE,1,1,0,False,-1
8549,NONE,0,0,0,False,-1
8550,NONE,0,0,0,False,-1
8551,TRIPLE,1,1,1,False,-1
8552,TRIPLE,1,1,1,False,-1
8553,TRIPLE,1,1,1,False,-1
8554,SINGLE,0,0,1,False,-1
8555,NONE,0,0,0,False,-1
8556,DOUBLE,1,1,0,False,-1
8557,NONE,0,0,0,False,-1
8558,DOUBLE,0,1,1,False,-1
8559,NONE,0,0,0,False,-1
8560,NONE,0,0,0,False,-1
8561,NONE,0,0,0,False,-1
8562,NONE,0,0,0,False,-1
8563,DOUBLE,1,1,0,False,-1
8564,NONE,0,0,0,False,-1
8565,NONE,0,0,0,False,-1
8566,NONE,0,0,0,False,-1
8567,NONE,0,0,0,False,-1
8568,TRIPLE,1,1,1,False,-1
8569,NONE,0,0,0,False,-1
8570,TRIPLE,1,1,1,False,-1
8571,NONE,0,0,0,False,-1
8572,SINGLE,0,0,1,False,-1
8573,NONE,0,0,0,False,-1
8574,DOUBLE,1,1,0,False,-1
8575,TRIPLE,1,1,1,False,-1
8576,NONE,0,0,0,False,-1
8577,NONE,0,0,0,False,-1
8578,NONE,0,0,0,False,-1
8579,NONE,0,0,0,False,-1
8580,NONE,0,0,0,False,-1
8581,SINGLE,1,0,0,False,-1
8582,NONE,0,0,0,False,-1
8583,NONE,0,0,0,False,-1
8584,SINGLE,0,0,1,False,-1
8585,NONE,0,0,0,False,-1
8586,SINGLE,0,0,1,False,-1
8587,NONE,0,0,0,False,-1
8588,NONE,0,0,0,False,-1
8589,SINGLE,0,1,0,False,-1
8590,DOUBLE,1,1,0,False,-1
8591,SINGLE,1,0,0,False,-1
8592,NONE,0,0,0,False,-1
8593,NONE,0,0,0,False,-1
8594,NONE,0,0,0,False,-1
8595,NONE,0,0,0,False,-1
8596,NONE,0,0,0,False,-1
8597,NONE,0,0,0,False,-1
8598,NONE,0,0,0,False,-1
8599,SINGLE,1,0,0,False,-1
8600,NONE,0,0,0,False,-1
8601,NONE,0,0,0,False,-1
8602,NONE,0,0,0,False,-1
8603,NONE,0,0,0,False,-1
8604,NONE,0,0,0,False,-1
8605,SINGLE,0,1,0,False,-1
8606,NONE,0,0,0,False,-1
8607,NONE,0,0,0,False,-1
8608,NONE,0,0,0,False,-1
8609,NONE,0,0,0,False,-1
8610,SINGLE,0,0,1,False,-1
8611,SINGLE,0,0,1,False,-1
8612,NONE,0,0,0,False,-1
8613,NONE,0,0,0,False,-1
8614,NONE,0,0,0,False,-1
8615,NONE,0,0,0,False,-1
8616,SINGLE,1,0,0,False,-1
8617,TRIPLE,1,1,1,False,-1
8618,NONE,0,0,0,False,-1
8619,NONE,0,0,0,False,-1
8620,NONE,0,0,0,False,-1
8621,DOUBLE,1,1,0,False,-1
8622,NONE,0,0,0,False,-1
8623,TRIPLE,1,1,1,False,-1
8624,SINGLE,0,0,1,False,-1
8625,NONE,0,0,0,False,-1
8626,DOUBLE,0,1,1,False,-1
8627,SINGLE,0,0,1,False,-1
8628,NONE,0,0,0,False,-1
8629,NONE,0,0,0,False,-1
8630,NONE,0,0,0,False,-1
8631,NONE,0,0,0,False,-1
8632,NONE,0,0,0,False,-1
8633,NONE,0,0,0,False,-1
8634,NONE,0,0,0,False,-1
8635,NONE,0,0,0,False,-1
8636,NONE,0,0,0,False,-1
8637,NONE,0,0,0,False,-1
8638,NONE,0,0,0,False,-1
8639,SINGLE,0,0,1,False,-1
8640,DOUBLE,1,0,1,False,-1
8641,NONE,0,0,0,False,-1
8642,DOUBLE,1,1,0,False,-1
8643,SINGLE,1,0,0,False,-1
8644,NONE,0,0,0,False,-1
8645,NONE,0,0,0,False,-1
8646,TRIPLE,1,1,1,False,-1
8647,NONE,0,0,0,False,-1
8648,DOUBLE,1,1,0,False,-1
8649,SINGLE,1,0,0,False,-1
8650,NONE,0,0,0,False,-1
8651,NONE,0,0,0,False,-1
8652,NONE,0,0,0,False,-1
8653,NONE,0,0,0,False,-1
8654,SINGLE,0,0,1,False,-1
8655,NONE,0,0,0,False,-1
8656,DOUBLE,1,1,0,False,-1
8657,NONE,0,0,0,False,-1
8658,NONE,0,0,0,False,-1
8659,DOUBLE,1,1,0,False,-1
8660,DOUBLE,1,1,0,False,-1
8661,DOUBLE,1,1,0,False,-1
8662,NONE,0,0,0,False,-1
8663,NONE,0,0,0,False,-1
8664,TRIPLE,1,1,1,False,-1
8665,NONE,0,0,0,False,-1
8666,NONE,0,0,0,False,-1
8667,NONE,0,0,0,False,-1
8668,NONE,0,0,0,False,-1
8669,DOUBLE,1,1,0,False,-1
8670,NONE,0,0,0,False,-1
8671,NONE,0,0,0,False,-1
8672,NONE,0,0,0,False,-1
8673,NONE,0,0,0,False,-1
8674,DOUBLE,1,1,0,False,-1
8675,NONE,0,0,0,False,-1
8676,NONE,0,0,0,False,-1
8677,NONE,0,0,0,False,-1
8678,SINGLE,0,0,1,False,-1
8679,NONE,0,0,0,False,-1
8680,NONE,0,0,0,False,-1
8681,NONE,0,0,0,False,-1
8682,NONE,0,0,0,False,-1
8683,NONE,0,0,0,False,-1
8684,NONE,0,0,0,False,-1
8685,NONE,0,0,0,False,-1
8686,NONE,0,0,0,False,-1
8687,NONE,0,0,0,False,-1
8688,SINGLE,0,0,1,False,-1
8689,DOUBLE,0,1,1,False,-1
8690,NONE,0,0,0,False,-1
8691,TRIPLE,1,1,1,False,-1
8692,SINGLE,1,0,0,False,-1
8693,NONE,0,0,0,False,-1
8694,NONE,0,0,0,False,-1
8695,NONE,0,0,0,False,-1
8696,NONE,0,0,0,False,-1
8697,NONE,0,0,0,False,-1
8698,NONE,0,0,0,False,-1
8699,NONE,0,0,0,False,-1
8700,TRIPLE,1,1,1,False,-1
8701,NONE,0,0,0,False,-1
8702,DOUBLE,1,1,0,False,-1
8703,SINGLE,0,0,1,False,-1
8704,NONE,0,0,0,False,-1
8705,NONE,0,0,0,False,-1
8706,NONE,0,0,0,False,-1
8707,DOUBLE,1,1,0,False,-1
8708,NONE,0,0,0,False,-1
8709,NONE,0,0,0,False,-1
8710,DOUBLE,1,1,0,False,-1
8711,NONE,0,0,0,False,-1
8712,NONE,0,0,0,False,-1
8713,NONE,0,0,0,False,-1
8714,NONE,0,0,0,False,-1
8715,SINGLE,0,0,1,False,-1
8716,NONE,0,0,0,False,-1
8717,SINGLE,0,0,1,False,-1
8718,NONE,0,0,0,False,-1
8719,NONE,0,0,0,False,-1
8720,SINGLE,0,1,0,False,-1
8721,NONE,0,0,0,False,-1
8722,NONE,0,0,0,False,-1
8723,NONE,0,0,0,False,-1
8724,NONE,0,0,0,False,-1
8725,TRIPLE,1,1,1,False,-1
8726,NONE,0,0,0,False,-1
8727,NONE,0,0,0,False,-1
8728,SINGLE,0,0,1,False,-1
8729,SINGLE,1,0,0,False,-1
8730,DOUBLE,1,1,0,False,-1
8731,NONE,0,0,0,False,-1
8732,NONE,0,0,0,False,-1
8733,NONE,0,0,0,False,-1
8734,DOUBLE,1,1,0,False,-1
8735,NONE,0,0,0,False,-1
8736,TRIPLE,1,1,1,False,-1
8737,SINGLE,0,1,0,False,-1
8738,NONE,0,0,0,False,-1
8739,NONE,0,0,0,False,-1
8740,NONE,0,0,0,False,-1
8741,SINGLE,0,0,1,False,-1
8742,NONE,0,0,0,False,-1
8743,NONE,0,0,0,False,-1
8744,NONE,0,0,0,False,-1
8745,DOUBLE,1,1,0,False,-1
8746,NONE,0,0,0,False,-1
8747,TRIPLE,1,1,1,False,-1
8748,NONE,0,0,0,False,-1
8749,NONE,0,0,0,False,-1
8750,SINGLE,0,1,0,False,-1
8751,NONE,0,0,0,False,-1
8752,NONE,0,0,0,False,-1
8753,NONE,0,0,0,False,-1
8754,SINGLE,0,0,1,False,-1
8755,NONE,0,0,0,False,-1
8756,SINGLE,0,0,1,False,-1
8757,SINGLE,0,1,0,False,-1
8758,NONE,0,0,0,False,-1
8759,DOUBLE,1,1,0,False,-1
8760,NONE,0,0,0,False,-1
8761,NONE,0,0,0,False,-1
8762,NONE,0,0,0,False,-1
8763,NONE,0,0,0,False,-1
8764,NONE,0,0,0,False,-1
8765,NONE,0,0,0,False,-1
8766,DOUBLE,1,1,0,False,-1
8767,NONE,0,0,0,False,-1
8768,DOUBLE,1,1,0,False,-1
8769,SINGLE,0,0,1,False,-1
8770,NONE,0,0,0,False,-1
8771,DOUBLE,1,1,0,False,-1
8772,TRIPLE,1,1,1,False,-1
8773,DOUBLE,1,1,0,False,-1
8774,SINGLE,1,0,0,False,-1
8775,NONE,0,0,0,False,-1
8776,NONE,0,0,0,False,-1
8777,NONE,0,0,0,False,-1
8778,NONE,0,0,0,False,-1
8779,NONE,0,0,0,False,-1
8780,NONE,0,0,0,False,-1
8781,NONE,0,0,0,False,-1
8782,SINGLE,0,0,1,False,-1
8783,NONE,0,0,0,False,-1
8784,NONE,0,0,0,False,-1
8785,NONE,0,0,0,False,-1
8786,NONE,0,0,0,False,-1
8787,SINGLE,0,0,1,False,-1
8788,NONE,0,0,0,False,-1
8789,NONE,0,0,0,False,-1
8790,TRIPLE,1,1,1,False,-1
8791,NONE,0,0,0,False,-1
8792,NONE,0,0,0,False,-1
8793,NONE,0,0,0,False,-1
8794,NONE,0,0,0,False,-1
8795,NONE,0,0,0,False,-1
8796,NONE,0,0,0,False,-1
8797,NONE,0,0,0,False,-1
8798,NONE,0,0,0,False,-1
8799,NONE,0,0,0,False,-1
8800,NONE,0,0,0,False,-1
8801,NONE,0,0,0,False,-1
8802,TRIPLE,1,1,1,False,-1
8803,NONE,0,0,0,False,-1
8804,NONE,0,0,0,False,-1
8805,NONE,0,0,0,False,-1
8806,NONE,0,0,0,False,-1
8807,NONE,0,0,0,False,-1
8808,SINGLE,0,0,1,False,-1
8809,NONE,0,0,0,False,-1
8810,NONE,0,0,0,False,-1
8811,NONE,0,0,0,False,-1
8812,TRIPLE,1,1,1,False,-1
8813,NONE,0,0,0,False,-1
8814,SINGLE,1,0,0,False,-1
8815,DOUBLE,0,1,1,False,-1
8816,SINGLE,0,0,1,False,-1
8817,DOUBLE,1,1,0,False,-1
8818,SINGLE,0,1,0,False,-1
8819,DOUBLE,0,1,1,False,-1
8820,DOUBLE,1,1,0,False,-1
8821,NONE,0,0,0,False,-1
8822,NONE,0,0,0,False,-1
8823,NONE,0,0,0,False,-1
8824,DOUBLE,1,0,1,False,-1
8825,NONE,0,0,0,False,-1
8826,NONE,0,0,0,False,-1
8827,NONE,0,0,0,False,-1
8828,NONE,0,0,0,False,-1
8829,NONE,0,0,0,False,-1
8830,DOUBLE,1,1,0,False,-1
8831,NONE,0,0,0,False,-1
8832,NONE,0,0,0,False,-1
8833,NONE,0,0,0,False,-1
8834,NONE,0,0,0,False,-1
8835,NONE,0,0,0,False,-1
8836,TRIPLE,1,1,1,False,-1
8837,NONE,0,0,0,False,-1
8838,NONE,0,0,0,False,-1
8839,SINGLE,1,0,0,False,-1
8840,TRIPLE,1,1,1,False,-1
8841,SINGLE,1,0,0,False,-1
8842,SINGLE,0,1,0,False,-1
8843,NONE,0,0,0,False,-1
8844,SINGLE,0,0,1,False,-1
8845,SINGLE,0,0,1,False,-1
8846,NONE,0,0,0,False,-1
8847,NONE,0,0,0,False,-1
8848,SINGLE,0,1,0,False,-1
8849,NONE,0,0,0,False,-1
8850,NONE,0,0,0,False,-1
8851,NONE,0,0,0,False,-1
8852,NONE,0,0,0,False,-1
8853,NONE,0,0,0,False,-1
8854,NONE,0,0,0,False,-1
8855,NONE,0,0,0,False,-1
8856,NONE,0,0,0,False,-1
8857,TRIPLE,1,1,1,False,-1
8858,TRIPLE,1,1,1,False,-1
8859,NONE,0,0,0,False,-1
8860,DOUBLE,1,1,0,False,-1
8861,NONE,0,0,0,False,-1
8862,DOUBLE,1,1,0,False,-1
8863,NONE,0,0,0,False,-1
8864,NONE,0,0,0,False,-1
8865,TRIPLE,1,1,1,False,-1
8866,DOUBLE,1,1,0,False,-1
8867,SINGLE,1,0,0,False,-1
8868,NONE,0,0,0,False,-1
8869,NONE,0,0,0,False,-1
8870,DOUBLE,1,1,0,False,-1
8871,NONE,0,0,0,False,-1
8872,TRIPLE,1,1,1,False,-1
8873,NONE,0,0,0,False,-1
8874,NONE,0,0,0,False,-1
8875,NONE,0,0,0,False,-1
8876,NONE,0,0,0,False,-1
8877,SINGLE,0,0,1,False,-1
8878,NONE,0,0,0,False,-1
8879,NONE,0,0,0,False,-1
8880,NONE,0,0,0,False,-1
8881,SINGLE,1,0,0,False,-1
8882,DOUBLE,0,1,1,False,-1
8883,NONE,0,0,0,False,-1
8884,DOUBLE,1,1,0,False,-1
8885,NONE,0,0,0,False,-1
8886,NONE,0,0,0,False,-1
8887,SINGLE,0,0,1,False,-1
8888,SINGLE,1,0,0,False,-1
8889,NONE,0,0,0,False,-1
8890,SINGLE,0,1,0,False,-1
8891,NONE,0,0,0,False,-1
8892,DOUBLE,1,1,0,False,-1
8893,NONE,0,0,0,False,-1
8894,NONE,0,0,0,False,-1
8895,NONE,0,0,0,False,-1
8896,NONE,0,0,0,False,-1
8897,DOUBLE,1,1,0,False,-1
8898,NONE,0,0,0,False,-1
8899,NONE,0,0,0,False,-1
8900,NONE,0,0,0,False,-1
8901,NONE,0,0,0,False,-1
8902,DOUBLE,1,1,0,False,-1
8903,NONE,0,0,0,False,-1
8904,NONE,0,0,0,False,-1
8905,NONE,0,0,0,False,-1
8906,NONE,0,0,0,False,-1
8907,NONE,0,0,0,False,-1
8908,NONE,0,0,0,False,-1
8909,DOUBLE,1,1,0,False,-1
8910,NONE,0,0,0,False,-1
8911,NONE,0,0,0,False,-1
8912,NONE,0,0,0,False,-1
8913,NONE,0,0,0,False,-1
8914,NONE,0,0,0,False,-1
8915,SINGLE,1,0,0,False,-1
8916,NONE,0,0,0,False,-1
8917,NONE,0,0,0,False,-1
8918,NONE,0,0,0,False,-1
8919,NONE,0,0,0,False,-1
8920,SINGLE,0,0,1,False,-1
8921,NONE,0,0,0,False,-1
8922,DOUBLE,1,1,0,False,-1
8923,NONE,0,0,0,False,-1
8924,TRIPLE,1,1,1,False,-1
8925,SINGLE,0,0,1,False,-1
8926,NONE,0,0,0,False,-1
8927,NONE,0,0,0,False,-1
8928,NONE,0,0,0,False,-1
8929,TRIPLE,1,1,1,False,-1
8930,NONE,0,0,0,False,-1
8931,NONE,0,0,0,False,-1
8932,SINGLE,1,0,0,False,-1
8933,NONE,0,0,0,False,-1
8934,NONE,0,0,0,False,-1
8935,NONE,0,0,0,False,-1
8936,NONE,0,0,0,False,-1
8937,DOUBLE,1,1,0,False,-1
8938,TRIPLE,1,1,1,False,-1
8939,TRIPLE,1,1,1,False,-1
8940,NONE,0,0,0,False,-1
8941,NONE,0,0,0,False,-1
8942,NONE,0,0,0,False,-1
8943,NONE,0,0,0,False,-1
8944,NONE,0,0,0,False,-1
8945,NONE,0,0,0,False,-1
8946,NONE,0,0,0,False,-1
8947,NONE,0,0,0,False,-1
8948,NONE,0,0,0,False,-1
8949,DOUBLE,1,0,1,False,-1
8950,DOUBLE,1,1,0,False,-1
8951,NONE,0,0,0,False,-1
8952,NONE,0,0,0,False,-1
8953,NONE,0,0,0,False,-1
8954,DOUBLE,1,1,0,False,-1
8955,NONE,0,0,0,False,-1
8956,NONE,0,0,0,False,-1
8957,NONE,0,0,0,False,-1
8958,SINGLE,0,1,0,False,-1
8959,SINGLE,0,0,1,False,-1
8960,NONE,0,0,0,False,-1
8961,NONE,0,0,0,False,-1
8962,NONE,0,0,0,False,-1
8963,NONE,0,0,0,False,-1
8964,DOUBLE,1,1,0,False,-1
8965,NONE,0,0,0,False,-1
8966,NONE,0,0,0,False,-1
8967,NONE,0,0,0,False,-1
8968,NONE,0,0,0,False,-1
8969,SINGLE,0,1,0,False,-1
8970,SINGLE,1,0,0,False,-1
8971,NONE,0,0,0,False,-1
8972,DOUBLE,1,1,0,False,-1
8973,NONE,0,0,0,False,-1
8974,NONE,0,0,0,False,-1
8975,NONE,0,0,0,False,-1
8976,DOUBLE,1,1,0,False,-1
8977,NONE,0,0,0,False,-1
8978,SINGLE,1,0,0,False,-1
8979,DOUBLE,1,1,0,False,-1
8980,TRIPLE,1,1,1,False,-1
8981,TRIPLE,1,1,1,False,-1
8982,NONE,0,0,0,False,-1
8983,NONE,0,0,0,False,-1
8984,TRIPLE,1,1,1,False,-1
8985,NONE,0,0,0,False,-1
8986,NONE,0,0,0,False,-1
8987,NONE,0,0,0,False,-1
8988,NONE,0,0,0,False,-1
8989,NONE,0,0,0,False,-1
8990,TRIPLE,1,1,1,False,-1
8991,NONE,0,0,0,False,-1
8992,NONE,0,0,0,False,-1
8993,NONE,0,0,0,False,-1
8994,SINGLE,0,0,1,False,-1
8995,NONE,0,0,0,False,-1
8996,NONE,0,0,0,False,-1
8997,NONE,0,0,0,False,-1
8998,NONE,0,0,0,False,-1
8999,NONE,0,0,0,False,-1
9000,NONE,0,0,0,False,-1
9001,NONE,0,0,0,False,-1
9002,NONE,0,0,0,False,-1
9003,NONE,0,0,0,False,-1
9004,NONE,0,0,0,False,-1
9005,TRIPLE,1,1,1,False,-1
9006,NONE,0,0,0,False,-1
9007,NONE,0,0,0,False,-1
9008,NONE,0,0,0,False,-1
9009,NONE,0,0,0,False,-1
9010,NONE,0,0,0,False,-1
9011,NONE,0,0,0,False,-1
9012,DOUBLE,1,1,0,False,-1
9013,NONE,0,0,0,False,-1
9014,NONE,0,0,0,False,-1
9015,NONE,0,0,0,False,-1
9016,DOUBLE,0,1,1,False,-1
9017,SINGLE,0,1,0,False,-1
9018,NONE,0,0,0,False,-1
9019,NONE,0,0,0,False,-1
9020,DOUBLE,1,1,0,False,-1
9021,NONE,0,0,0,False,-1
9022,NONE,0,0,0,False,-1
9023,SINGLE,0,0,1,False,-1
9024,NONE,0,0,0,False,-1
9025,NONE,0,0,0,False,-1
9026,NONE,0,0,0,False,-1
9027,NONE,0,0,0,False,-1
9028,DOUBLE,0,1,1,False,-1
9029,TRIPLE,1,1,1,False,-1
9030,NONE,0,0,0,False,-1
9031,NONE,0,0,0,False,-1
9032,NONE,0,0,0,False,-1
9033,NONE,0,0,0,False,-1
9034,NONE,0,0,0,False,-1
9035,NONE,0,0,0,False,-1
9036,NONE,0,0,0,False,-1
9037,TRIPLE,1,1,1,False,-1
9038,NONE,0,0,0,False,-1
9039,DOUBLE,1,1,0,False,-1
9040,NONE,0,0,0,False,-1
9041,NONE,0,0,0,False,-1
9042,SINGLE,1,0,0,False,-1
9043,SINGLE,0,0,1,False,-1
9044,TRIPLE,1,1,1,False,-1
9045,NONE,0,0,0,False,-1
9046,NONE,0,0,0,False,-1
9047,DOUBLE,1,1,0,False,-1
9048,NONE,0,0,0,False,-1
9049,NONE,0,0,0,False,-1
9050,SINGLE,0,1,0,False,-1
9051,NONE,0,0,0,False,-1
9052,DOUBLE,1,0,1,False,-1
9053,DOUBLE,1,1,0,False,-1
9054,NONE,0,0,0,False,-1
9055,SINGLE,0,0,1,False,-1
9056,NONE,0,0,0,False,-1
9057,NONE,0,0,0,False,-1
9058,NONE,0,0,0,False,-1
9059,NONE,0,0,0,False,-1
9060,SINGLE,0,0,1,False,-1
9061,NONE,0,0,0,False,-1
9062,DOUBLE,0,1,1,False,-1
9063,NONE,0,0,0,False,-1
9064,NONE,0,0,0,False,-1
9065,NONE,0,0,0,False,-1
9066,DOUBLE,1,1,0,False,-1
9067,NONE,0,0,0,False,-1
9068,NONE,0,0,0,False,-1
9069,NONE,0,0,0,False,-1
9070,SINGLE,0,0,1,False,-1
9071,NONE,0,0,0,False,-1
9072,NONE,0,0,0,False,-1
9073,NONE,0,0,0,False,-1
9074,NONE,0,0,0,False,-1
9075,NONE,0,0,0,False,-1
9076,TRIPLE,1,1,1,False,-1
9077,DOUBLE,1,1,0,False,-1
9078,NONE,0,0,0,False,-1
9079,NONE,0,0,0,False,-1
9080,SINGLE,1,0,0,False,-1
9081,NONE,0,0,0,False,-1
9082,NONE,0,0,0,False,-1
9083,NONE,0,0,0,False,-1
9084,DOUBLE,1,1,0,False,-1
9085,NONE,0,0,0,False,-1
9086,NONE,0,0,0,False,-1
9087,SINGLE,0,0,1,False,-1
9088,NONE,0,0,0,False,-1
9089,NONE,0,0,0,False,-1
9090,NONE,0,0,0,False,-1
9091,DOUBLE,1,1,0,False,-1
9092,NONE,0,0,0,False,-1
9093,NONE,0,0,0,False,-1
9094,NONE,0,0,0,False,-1
9095,SINGLE,0,0,1,False,-1
9096,DOUBLE,1,1,0,False,-1
9097,NONE,0,0,0,False,-1
9098,NONE,0,0,0,False,-1
9099,DOUBLE,1,1,0,True,256.107
9100,TRIPLE,1,1,1,False,-1
9101,NONE,0,0,0,False,-1
9102,NONE,0,0,0,False,-1
9103,NONE,0,0,0,False,-1
9104,NONE,0,0,0,False,-1
9105,DOUBLE,1,1,0,False,-1
9106,NONE,0,0,0,False,-1
9107,NONE,0,0,0,False,-1
9108,NONE,0,0,0,False,-1
9109,SINGLE,0,1,0,False,-1
9110,NONE,0,0,0,False,-1
9111,TRIPLE,1,1,1,False,-1
9112,NONE,0,0,0,False,-1
9113,NONE,0,0,0,False,-1
9114,SINGLE,0,0,1,False,-1
9115,NONE,0,0,0,False,-1
9116,TRIPLE,1,1,1,False,-1
9117,SINGLE,0,0,1,False,-1
9118,NONE,0,0,0,False,-1
9119,NONE,0,0,0,False,-1
9120,NONE,0,0,0,False,-1
9121,NONE,0,0,0,False,-1
9122,NONE,0,0,0,False,-1
9123,DOUBLE,1,1,0,False,-1
9124,DOUBLE,1,1,0,False,-1
9125,NONE,0,0,0,False,-1
9126,DOUBLE,0,1,1,False,-1
9127,TRIPLE,1,1,1,False,-1
9128,TRIPLE,1,1,1,False,-1
9129,SINGLE,1,0,0,False,-1
9130,NONE,0,0,0,False,-1
9131,DOUBLE,1,1,0,False,-1
9132,NONE,0,0,0,False,-1
9133,TRIPLE,1,1,1,False,-1
9134,SINGLE,0,0,1,False,-1
9135,NONE,0,0,0,False,-1
9136,DOUBLE,1,1,0,False,-1
9137,DOUBLE,1,1,0,False,-1
9138,DOUBLE,1,1,0,False,-1
9139,NONE,0,0,0,False,-1
9140,NONE,0,0,0,False,-1
9141,NONE,0,0,0,False,-1
9142,NONE,0,0,0,False,-1
9143,NONE,0,0,0,False,-1
9144,SINGLE,0,1,0,False,-1
9145,DOUBLE,1,1,0,False,-1
9146,NONE,0,0,0,False,-1
9147,NONE,0,0,0,False,-1
9148,NONE,0,0,0,False,-1
9149,NONE,0,0,0,False,-1
9150,TRIPLE,1,1,1,False,-1
9151,NONE,0,0,0,False,-1
9152,NONE,0,0,0,False,-1
9153,SINGLE,1,0,0,False,-1
9154,DOUBLE,1,1,0,False,-1
9155,NONE,0,0,0,False,-1
9156,NONE,0,0,0,False,-1
9157,DOUBLE,1,1,0,False,-1
9158,DOUBLE,1,1,0,False,-1
9159,SINGLE,0,0,1,False,-1
9160,NONE,0,0,0,False,-1
9161,NONE,0,0,0,False,-1
9162,NONE,0,0,0,False,-1
9163,NONE,0,0,0,False,-1
9164,NONE,0,0,0,False,-1
9165,NONE,0,0,0,False,-1
9166,NONE,0,0,0,False,-1
9167,NONE,0,0,0,False,-1
9168,TRIPLE,1,1,1,False,-1
9169,SINGLE,0,0,1,False,-1
9170,NONE,0,0,0,False,-1
9171,SINGLE,0,0,1,False,-1
9172,DOUBLE,1,1,0,False,-1
9173,NONE,0,0,0,False,-1
9174,NONE,0,0,0,False,-1
9175,NONE,0,0,0,False,-1
9176,NONE,0,0,0,False,-1
9177,NONE,0,0,0,False,-1
9178,TRIPLE,1,1,1,False,-1
9179,SINGLE,0,0,1,False,-1
9180,DOUBLE,1,1,0,False,-1
9181,NONE,0,0,0,False,-1
9182,DOUBLE,1,1,0,False,-1
9183,NONE,0,0,0,False,-1
9184,SINGLE,1,0,0,False,-1
9185,NONE,0,0,0,False,-1
9186,NONE,0,0,0,False,-1
9187,TRIPLE,1,1,1,False,-1
9188,NONE,0,0,0,False,-1
9189,NONE,0,0,0,False,-1
9190,NONE,0,0,0,False,-1
9191,DOUBLE,1,0,1,False,-1
9192,NONE,0,0,0,False,-1
9193,SINGLE,0,0,1,False,-1
9194,NONE,0,0,0,False,-1
9195,NONE,0,0,0,False,-1
9196,SINGLE,0,0,1,False,-1
9197,NONE,0,0,0,False,-1
9198,DOUBLE,1,1,0,False,-1
9199,NONE,0,0,0,False,-1
9200,DOUBLE,1,1,0,False,-1
9201,NONE,0,0,0,False,-1
9202,DOUBLE,1,1,0,False,-1
9203,NONE,0,0,0,False,-1
9204,TRIPLE,1,1,1,False,-1
9205,NONE,0,0,0,False,-1
9206,TRIPLE,1,1,1,False,-1
9207,NONE,0,0,0,False,-1
9208,NONE,0,0,0,False,-1
9209,NONE,0,0,0,False,-1
9210,TRIPLE,1,1,1,False,-1
9211,NONE,0,0,0,False,-1
9212,NONE,0,0,0,False,-1
9213,SINGLE,0,0,1,False,-1
9214,SINGLE,0,0,1,False,-1
9215,NONE,0,0,0,False,-1
9216,NONE,0,0,0,False,-1
9217,NONE,0,0,0,False,-1
9218,TRIPLE,1,1,1,False,-1
9219,NONE,0,0,0,False,-1
9220,SINGLE,0,0,1,False,-1
9221,NONE,0,0,0,False,-1
9222,DOUBLE,1,1,0,False,-1
9223,NONE,0,0,0,False,-1
9224,NONE,0,0,0,False,-1
9225,NONE,0,0,0,False,-1
9226,NONE,0,0,0,False,-1
9227,SINGLE,0,0,1,False,-1
9228,SINGLE,1,0,0,False,-1
9229,TRIPLE,1,1,1,False,-1
9230,NONE,0,0,0,False,-1
9231,TRIPLE,1,1,1,False,-1
9232,NONE,0,0,0,False,-1
9233,NONE,0,0,0,False,-1
9234,NONE,0,0,0,False,-1
9235,SINGLE,0,0,1,False,-1
9236,NONE,0,0,0,False,-1
9237,TRIPLE,1,1,1,False,-1
9238,NONE,0,0,0,False,-1
9239,NONE,0,0,0,False,-1
9240,TRIPLE,1,1,1,False,-1
9241,NONE,0,0,0,False,-1
9242,NONE,0,0,0,False,-1
9243,NONE,0,0,0,False,-1
9244,NONE,0,0,0,False,-1
9245,DOUBLE,1,1,0,False,-1
9246,TRIPLE,1,1,1,False,-1
9247,NONE,0,0,0,False,-1
9248,NONE,0,0,0,False,-1
9249,SINGLE,1,0,0,False,-1
9250,DOUBLE,1,1,0,False,-1
9251,NONE,0,0,0,False,-1
9252,NONE,0,0,0,False,-1
9253,SINGLE,1,0,0,False,-1
9254,NONE,0,0,0,False,-1
9255,NONE,0,0,0,False,-1
9256,NONE,0,0,0,False,-1
9257,NONE,0,0,0,False,-1
9258,DOUBLE,1,1,0,False,-1
9259,SINGLE,0,0,1,False,-1
9260,DOUBLE,1,1,0,False,-1
9261,NONE,0,0,0,False,-1
9262,SINGLE,1,0,0,False,-1
9263,NONE,0,0,0,False,-1
9264,NONE,0,0,0,False,-1
9265,SINGLE,0,0,1,False,-1
9266,NONE,0,0,0,False,-1
9267,NONE,0,0,0,False,-1
9268,NONE,0,0,0,False,-1
9269,NONE,0,0,0,False,-1
9270,NONE,0,0,0,False,-1
9271,NONE,0,0,0,False,-1
9272,NONE,0,0,0,False,-1
9273,DOUBLE,1,1,0,False,-1
9274,SINGLE,0,1,0,False,-1
9275,DOUBLE,1,1,0,False,-1
9276,DOUBLE,1,1,0,False,-1
9277,NONE,0,0,0,False,-1
9278,NONE,0,0,0,False,-1
9279,NONE,0,0,0,False,-1
9280,DOUBLE,1,1,0,False,-1
9281,TRIPLE,1,1,1,False,-1
9282,NONE,0,0,0,False,-1
9283,NONE,0,0,0,False,-1
9284,NONE,0,0,0,False,-1
9285,DOUBLE,1,1,0,False,-1
9286,NONE,0,0,0,False,-1
9287,NONE,0,0,0,False,-1
9288,NONE,0,0,0,False,-1
9289,SINGLE,0,0,1,False,-1
9290,NONE,0,0,0,False,-1
9291,TRIPLE,1,1,1,False,-1
9292,NONE,0,0,0,False,-1
9293,NONE,0,0,0,False,-1
9294,DOUBLE,1,0,1,False,-1
9295,NONE,0,0,0,False,-1
9296,DOUBLE,0,1,1,False,-1
9297,NONE,0,0,0,False,-1
9298,NONE,0,0,0,False,-1
9299,DOUBLE,1,1,0,True,1943.86
9300,NONE,0,0,0,False,-1
9301,NONE,0,0,0,False,-1
9302,NONE,0,0,0,False,-1
9303,NONE,0,0,0,False,-1
9304,NONE,0,0,0,False,-1
9305,SINGLE,1,0,0,False,-1
9306,NONE,0,0,0,False,-1
9307,SINGLE,0,0,1,False,-1
9308,NONE,0,0,0,False,-1
9309,SINGLE,1,0,0,False,-1
9310,NONE,0,0,0,False,-1
9311,DOUBLE,1,1,0,False,-1
9312,NONE,0,0,0,False,-1
9313,NONE,0,0,0,False,-1
9314,NONE,0,0,0,False,-1
9315,NONE,0,0,0,False,-1
9316,SINGLE,0,1,0,False,-1
9317,SINGLE,1,0,0,False,-1
9318,NONE,0,0,0,False,-1
9319,NONE,0,0,0,False,-1
9320,NONE,0,0,0,False,-1
9321,SINGLE,0,0,1,False,-1
9322,NONE,0,0,0,False,-1
9323,NONE,0,0,0,False,-1
9324,NONE,0,0,0,False,-1
9325,NONE,0,0,0,False,-1
9326,SINGLE,0,0,1,False,-1
9327,NONE,0,0,0,False,-1
9328,NONE,0,0,0,False,-1
9329,DOUBLE,1,1,0,False,-1
9330,SINGLE,1,0,0,False,-1
9331,NONE,0,0,0,False,-1
9332,TRIPLE,1,1,1,False,-1
9333,NONE,0,0,0,False,-1
9334,NONE,0,0,0,False,-1
9335,NONE,0,0,0,False,-1
9336,NONE,0,0,0,False,-1
9337,NONE,0,0,0,False,-1
9338,SINGLE,0,0,1,False,-1
9339,DOUBLE,1,1,0,False,-1
9340,TRIPLE,1,1,1,False,-1
9341,NONE,0,0,0,False,-1
9342,NONE,0,0,0,False,-1
9343,DOUBLE,1,1,0,False,-1
9344,SINGLE,0,1,0,False,-1
9345,DOUBLE,0,1,1,False,-1
9346,SINGLE,0,0,1,False,-1
9347,SINGLE,1,0,0,False,-1
9348,SINGLE,0,0,1,False,-1
9349,TRIPLE,1,1,1,False,-1
9350,NONE,0,0,0,False,-1
9351,NONE,0,0,0,False,-1
9352,TRIPLE,1,1,1,False,-1
9353,NONE,0,0,0,False,-1
9354,NONE,0,0,0,False,-1
9355,DOUBLE,1,1,0,False,-1
9356,NONE,0,0,0,False,-1
9357,NONE,0,0,0,False,-1
9358,NONE,0,0,0,False,-1
9359,NONE,0,0,0,False,-1
9360,DOUBLE,1,0,1,False,-1
9361,DOUBLE,1,1,0,False,-1
9362,TRIPLE,1,1,1,False,-1
9363,NONE,0,0,0,False,-1
9364,NONE,0,0,0,False,-1
9365,SINGLE,1,0,0,False,-1
9366,TRIPLE,1,1,1,True,260.987
9367,TRIPLE,1,1,1,False,-1
9368,SINGLE,0,0,1,False,-1
9369,NONE,0,0,0,False,-1
9370,NONE,0,0,0,False,-1
9371,TRIPLE,1,1,1,False,-1
9372,NONE,0,0,0,False,-1
9373,NONE,0,0,0,False,-1
9374,NONE,0,0,0,False,-1
9375,NONE,0,0,0,False,-1
9376,NONE,0,0,0,False,-1
9377,NONE,0,0,0,False,-1
9378,SINGLE,0,0,1,False,-1
9379,NONE,0,0,0,False,-1
9380,NONE,0,0,0,False,-1
9381,NONE,0,0,0,False,-1
9382,NONE,0,0,0,False,-1
9383,NONE,0,0,0,False,-1
9384,TRIPLE,1,1,1,False,-1
9385,DOUBLE,1,1,0,False,-1
9386,NONE,0,0,0,False,-1
9387,TRIPLE,1,1,1,False,-1
9388,NONE,0,0,0,False,-1
9389,SINGLE,1,0,0,False,-1
9390,NONE,0,0,0,False,-1
9391,TRIPLE,1,1,1,False,-1
9392,NONE,0,0,0,False,-1
9393,NONE,0,0,0,False,-1
9394,NONE,0,0,0,False,-1
9395,NONE,0,0,0,False,-1
9396,DOUBLE,0,1,1,False,-1
9397,NONE,0,0,0,False,-1
9398,SINGLE,0,0,1,False,-1
9399,NONE,0,0,0,False,-1
9400,NONE,0,0,0,False,-1
9401,DOUBLE,1,1,0,False,-1
9402,NONE,0,0,0,False,-1
9403,NONE,0,0,0,False,-1
9404,TRIPLE,1,1,1,False,-1
9405,NONE,0,0,0,False,-1
9406,DOUBLE,1,1,0,False,-1
9407,NONE,0,0,0,False,-1
9408,SINGLE,0,0,1,False,-1
9409,SINGLE,0,0,1,False,-1
9410,SINGLE,0,0,1,False,-1
9411,SINGLE,0,1,0,False,-1
9412,NONE,0,0,0,False,-1
9413,NONE,0,0,0,False,-1
9414,NONE,0,0,0,False,-1
9415,NONE,0,0,0,False,-1
9416,SINGLE,0,0,1,False,-1
9417,NONE,0,0,0,False,-1
9418,NONE,0,0,0,False,-1
9419,DOUBLE,1,1,0,False,-1
9420,NONE,0,0,0,False,-1
9421,NONE,0,0,0,False,-1
9422,SINGLE,1,0,0,False,-1
9423,NONE,0,0,0,False,-1
9424,SINGLE,1,0,0,False,-1
9425,NONE,0,0,0,False,-1
9426,NONE,0,0,0,False,-1
9427,NONE,0,0,0,False,-1
9428,NONE,0,0,0,False,-1
9429,DOUBLE,1,1,0,False,-1
9430,DOUBLE,1,1,0,False,-1
9431,NONE,0,0,0,False,-1
9432,NONE,0,0,0,False,-1
9433,DOUBLE,1,1,0,False,-1
9434,SINGLE,0,0,1,False,-1
9435,NONE,0,0,0,False,-1
9436,NONE,0,0,0,False,-1
9437,DOUBLE,1,1,0,False,-1
9438,NONE,0,0,0,False,-1
9439,NONE,0,0,0,False,-1
9440,DOUBLE,1,1,0,False,-1
9441,TRIPLE,1,1,1,False,-1
9442,TRIPLE,1,1,1,False,-1
9443,NONE,0,0,0,False,-1
9444,NONE,0,0,0,False,-1
9445,TRIPLE,1,1,1,False,-1
9446,NONE,0,0,0,False,-1
9447,NONE,0,0,0,False,-1
9448,TRIPLE,1,1,1,False,-1
9449,NONE,0,0,0,False,-1
9450,NONE,0,0,0,False,-1
9451,NONE,0,0,0,False,-1
9452,NONE,0,0,0,False,-1
9453,DOUBLE,1,1,0,False,-1
9454,NONE,0,0,0,False,-1
9455,DOUBLE,1,0,1,False,-1
9456,TRIPLE,1,1,1,False,-1
9457,NONE,0,0,0,False,-1
9458,DOUBLE,1,1,0,False,-1
9459,NONE,0,0,0,False,-1
9460,NONE,0,0,0,False,-1
9461,DOUBLE,1,1,0,False,-1
9462,TRIPLE,1,1,1,False,-1
9463,NONE,0,0,0,False,-1
9464,NONE,0,0,0,False,-1
9465,NONE,0,0,0,False,-1
9466,NONE,0,0,0,False,-1
9467,NONE,0,0,0,False,-1
9468,NONE,0,0,0,False,-1
9469,NONE,0,0,0,False,-1
9470,DOUBLE,1,1,0,False,-1
9471,NONE,0,0,0,False,-1
9472,DOUBLE,1,1,0,False,-1
9473,NONE,0,0,0,False,-1
9474,NONE,0,0,0,False,-1
9475,TRIPLE,1,1,1,False,-1
9476,NONE,0,0,0,False,-1
9477,SINGLE,0,0,1,False,-1
9478,NONE,0,0,0,False,-1
9479,DOUBLE,1,1,0,False,-1
9480,TRIPLE,1,1,1,False,-1
9481,DOUBLE,1,1,0,False,-1
9482,DOUBLE,1,1,0,False,-1
9483,SINGLE,0,0,1,False,-1
9484,NONE,0,0,0,False,-1
9485,NONE,0,0,0,False,-1
9486,NONE,0,0,0,False,-1
9487,NONE,0,0,0,False,-1
9488,NONE,0,0,0,False,-1
9489,TRIPLE,1,1,1,False,-1
9490,NONE,0,0,0,False,-1
9491,NONE,0,0,0,False,-1
9492,SINGLE,1,0,0,False,-1
9493,NONE,0,0,0,False,-1
9494,NONE,0,0,0,False,-1
9495,NONE,0,0,0,False,-1
9496,DOUBLE,1,1,0,False,-1
9497,SINGLE,0,0,1,False,-1
9498,NONE,0,0,0,False,-1
9499,NONE,0,0,0,False,-1
9500,DOUBLE,1,1,0,False,-1
9501,NONE,0,0,0,False,-1
9502,NONE,0,0,0,False,-1
9503,NONE,0,0,0,False,-1
9504,NONE,0,0,0,False,-1
9505,DOUBLE,1,1,0,False,-1
9506,NONE,0,0,0,False,-1
9507,SINGLE,0,0,1,False,-1
9508,NONE,0,0,0,False,-1
9509,DOUBLE,1,1,0,False,-1
9510,NONE,0,0,0,False,-1
9511,NONE,0,0,0,False,-1
9512,SINGLE,0,0,1,False,-1
9513,DOUBLE,0,1,1,False,-1
9514,NONE,0,0,0,False,-1
9515,NONE,0,0,0,False,-1
9516,SINGLE,1,0,0,False,-1
9517,SINGLE,0,0,1,False,-1
9518,NONE,0,0,0,False,-1
9519,SINGLE,0,1,0,False,-1
9520,NONE,0,0,0,False,-1
9521,NONE,0,0,0,False,-1
9522,NONE,0,0,0,False,-1
9523,NONE,0,0,0,False,-1
9524,NONE,0,0,0,False,-1
9525,SINGLE,0,0,1,False,-1
9526,NONE,0,0,0,False,-1
9527,NONE,0,0,0,False,-1
9528,SINGLE,1,0,0,False,-1
9529,SINGLE,1,0,0,False,-1
9530,NONE,0,0,0,False,-1
9531,DOUBLE,1,1,0,False,-1
9532,NONE,0,0,0,False,-1
9533,TRIPLE,1,1,1,False,-1
9534,NONE,0,0,0,False,-1
9535,NONE,0,0,0,False,-1
9536,NONE,0,0,0,False,-1
9537,TRIPLE,1,1,1,False,-1
9538,DOUBLE,0,1,1,False,-1
9539,NONE,0,0,0,False,-1
9540,DOUBLE,1,1,0,False,-1
9541,NONE,0,0,0,False,-1
9542,NONE,0,0,0,False,-1
9543,SINGLE,0,0,1,False,-1
9544,NONE,0,0,0,False,-1
9545,SINGLE,1,0,0,False,-1
9546,TRIPLE,1,1,1,False,-1
9547,NONE,0,0,0,False,-1
9548,NONE,0,0,0,False,-1
9549,NONE,0,0,0,False,-1
9550,NONE,0,0,0,False,-1
9551,DOUBLE,1,1,0,False,-1
9552,DOUBLE,1,1,0,False,-1
9553,SINGLE,0,0,1,False,-1
9554,NONE,0,0,0,False,-1
9555,NONE,0,0,0,False,-1
9556,NONE,0,0,0,False,-1
9557,NONE,0,0,0,False,-1
9558,NONE,0,0,0,False,-1
9559,NONE,0,0,0,False,-1
9560,NONE,0,0,0,False,-1
9561,NONE,0,0,0,False,-1
9562,NONE,0,0,0,False,-1
9563,DOUBLE,1,1,0,False,-1
9564,SINGLE,1,0,0,False,-1
9565,NONE,0,0,0,False,-1
9566,NONE,0,0,0,False,-1
9567,NONE,0,0,0,False,-1
9568,DOUBLE,1,1,0,False,-1
9569,NONE,0,0,0,False,-1
9570,NONE,0,0,0,False,-1
9571,SINGLE,1,0,0,False,-1
9572,NONE,0,0,0,False,-1
9573,NONE,0,0,0,False,-1
9574,TRIPLE,1,1,1,False,-1
9575,NONE,0,0,0,False,-1
9576,NONE,0,0,0,False,-1
9577,NONE,0,0,0,False,-1
9578,NONE,0,0,0,False,-1
9579,TRIPLE,1,1,1,False,-1
9580,NONE,0,0,0,False,-1
9581,NONE,0,0,0,False,-1
9582,NONE,0,0,0,False,-1
9583,NONE,0,0,0,False,-1
9584,NONE,0,0,0,False,-1
9585,DOUBLE,1,1,0,False,-1
9586,NONE,0,0,0,False,-1
9587,NONE,0,0,0,False,-1
9588,DOUBLE,1,1,0,False,-1
9589,NONE,0,0,0,False,-1
9590,NONE,0,0,0,False,-1
9591,NONE,0,0,0,False,-1
9592,TRIPLE,1,1,1,False,-1
9593,SINGLE,1,0,0,False,-1
9594,DOUBLE,1,1,0,False,-1
9595,DOUBLE,0,1,1,False,-1
9596,NONE,0,0,0,False,-1
9597,DOUBLE,1,1,0,False,-1
9598,NONE,0,0,0,False,-1
9599,NONE,0,0,0,False,-1
9600,NONE,0,0,0,False,-1
9601,NONE,0,0,0,False,-1
9602,DOUBLE,1,1,0,False,-1
9603,NONE,0,0,0,False,-1
9604,NONE,0,0,0,False,-1
9605,DOUBLE,1,0,1,False,-1
9606,NONE,0,0,0,False,-1
9607,NONE,0,0,0,False,-1
9608,SINGLE,0,0,1,False,-1
9609,DOUBLE,1,1,0,False,-1
9610,TRIPLE,1,1,1,False,-1
9611,DOUBLE,1,1,0,False,-1
9612,DOUBLE,1,1,0,False,-1
9613,DOUBLE,1,1,0,False,-1
9614,DOUBLE,1,1,0,False,-1
9615,SINGLE,0,0,1,False,-1
9616,NONE,0,0,0,False,-1
9617,NONE,0,0,0,False,-1
9618,DOUBLE,1,1,0,False,-1
9619,NONE,0,0,0,False,-1
9620,NONE,0,0,0,False,-1
9621,NONE,0,0,0,False,-1
9622,NONE,0,0,0,False,-1
9623,NONE,0,0,0,False,-1
9624,TRIPLE,1,1,1,False,-1
9625,DOUBLE,1,1,0,False,-1
9626,NONE,0,0,0,False,-1
9627,DOUBLE,1,1,0,False,-1
9628,NONE,0,0,0,False,-1
9629,NONE,0,0,0,False,-1
9630,NONE,0,0,0,False,-1
9631,NONE,0,0,0,False,-1
9632,NONE,0,0,0,False,-1
9633,NONE,0,0,0,False,-1
9634,NONE,0,0,0,False,-1
9635,SINGLE,0,0,1,False,-1
9636,NONE,0,0,0,False,-1
9637,NONE,0,0,0,False,-1
9638,NONE,0,0,0,False,-1
9639,NONE,0,0,0,False,-1
9640,SINGLE,0,0,1,False,-1
9641,TRIPLE,1,1,1,False,-1
9642,NONE,0,0,0,False,-1
9643,NONE,0,0,0,False,-1
9644,TRIPLE,1,1,1,False,-1
9645,TRIPLE,1,1,1,False,-1
9646,NONE,0,0,0,False,-1
9647,NONE,0,0,0,False,-1
9648,TRIPLE,1,1,1,False,-1
9649,NONE,0,0,0,False,-1
9650,NONE,0,0,0,False,-1
9651,NONE,0,0,0,False,-1
9652,NONE,0,0,0,False,-1
9653,NONE,0,0,0,False,-1
9654,TRIPLE,1,1,1,False,-1
9655,NONE,0,0,0,False,-1
9656,TRIPLE,1,1,1,False,-1
9657,NONE,0,0,0,False,-1
9658,TRIPLE,1,1,1,False,-1
9659,NONE,0,0,0,False,-1
9660,TRIPLE,1,1,1,False,-1
9661,DOUBLE,1,1,0,True,2622.76
9662,NONE,0,0,0,False,-1
9663,SINGLE,0,0,1,False,-1
9664,NONE,0,0,0,False,-1
9665,NONE,0,0,0,False,-1
9666,NONE,0,0,0,False,-1
9667,SINGLE,1,0,0,False,-1
9668,TRIPLE,1,1,1,False,-1
9669,NONE,0,0,0,False,-1
9670,NONE,0,0,0,False,-1
9671,TRIPLE,1,1,1,False,-1
9672,NONE,0,0,0,False,-1
9673,NONE,0,0,0,False,-1
9674,NONE,0,0,0,False,-1
9675,SINGLE,0,0,1,False,-1
9676,NONE,0,0,0,False,-1
9677,DOUBLE,1,1,0,False,-1
9678,NONE,0,0,0,False,-1
9679,NONE,0,0,0,False,-1
9680,TRIPLE,1,1,1,False,-1
9681,DOUBLE,1,1,0,False,-1
9682,TRIPLE,1,1,1,False,-1
9683,NONE,0,0,0,False,-1
9684,SINGLE,1,0,0,False,-1
9685,DOUBLE,1,1,0,False,-1
9686,NONE,0,0,0,False,-1
9687,NONE,0,0,0,False,-1
9688,NONE,0,0,0,False,-1
9689,SINGLE,0,1,0,False,-1
9690,SINGLE,0,0,1,False,-1
9691,NONE,0,0,0,False,-1
9692,DOUBLE,1,1,0,False,-1
9693,NONE,0,0,0,False,-1
9694,NONE,0,0,0,False,-1
9695,DOUBLE,1,1,0,False,-1
9696,DOUBLE,1,1,0,False,-1
9697,NONE,0,0,0,False,-1
9698,SINGLE,0,0,1,False,-1
9699,NONE,0,0,0,False,-1
9700,NONE,0,0,0,False,-1
9701,DOUBLE,1,1,0,False,-1
9702,TRIPLE,1,1,1,False,-1
9703,NONE,0,0,0,False,-1
9704,NONE,0,0,0,False,-1
9705,NONE,0,0,0,False,-1
9706,NONE,0,0,0,False,-1
9707,NONE,0,0,0,False,-1
9708,NONE,0,0,0,False,-1
9709,DOUBLE,1,1,0,False,-1
9710,SINGLE,0,0,1,False,-1
9711,NONE,0,0,0,False,-1
9712,SINGLE,0,0,1,False,-1
9713,DOUBLE,1,1,0,False,-1
9714,NONE,0,0,0,False,-1
9715,NONE,0,0,0,False,-1
9716,NONE,0,0,0,False,-1
9717,SINGLE,0,0,1,False,-1
9718,NONE,0,0,0,False,-1
9719,DOUBLE,1,1,0,False,-1
9720,NONE,0,0,0,False,-1
9721,NONE,0,0,0,False,-1
9722,TRIPLE,1,1,1,False,-1
9723,NONE,0,0,0,False,-1
9724,DOUBLE,1,1,0,False,-1
9725,NONE,0,0,0,False,-1
9726,NONE,0,0,0,False,-1
9727,TRIPLE,1,1,1,False,-1
9728,NONE,0,0,0,False,-1
9729,NONE,0,0,0,False,-1
9730,TRIPLE,1,1,1,False,-1
9731,NONE,0,0,0,False,-1
9732,NONE,0,0,0,False,-1
9733,SINGLE,0,0,1,False,-1
9734,NONE,0,0,0,False,-1
9735,NONE,0,0,0,False,-1
9736,NONE,0,0,0,False,-1
9737,TRIPLE,1,1,1,False,-1
9738,NONE,0,0,0,False,-1
9739,NONE,0,0,0,False,-1
9740,NONE,0,0,0,False,-1
9741,NONE,0,0,0,False,-1
9742,NONE,0,0,0,False,-1
9743,DOUBLE,1,1,0,False,-1
9744,DOUBLE,1,1,0,False,-1
9745,NONE,0,0,0,False,-1
9746,NONE,0,0,0,False,-1
9747,NONE,0,0,0,False,-1
9748,DOUBLE,1,1,0,False,-1
9749,SINGLE,0,0,1,False,-1
9750,NONE,0,0,0,False,-1
9751,DOUBLE,1,1,0,False,-1
9752,TRIPLE,1,1,1,False,-1
9753,TRIPLE,1,1,1,False,-1
9754,NONE,0,0,0,False,-1
9755,NONE,0,0,0,False,-1
9756,DOUBLE,1,1,0,False,-1
9757,NONE,0,0,0,False,-1
9758,NONE,0,0,0,False,-1
9759,NONE,0,0,0,False,-1
9760,NONE,0,0,0,False,-1
9761,NONE,0,0,0,False,-1
9762,NONE,0,0,0,False,-1
9763,SINGLE,0,0,1,False,-1
9764,NONE,0,0,0,False,-1
9765,NONE,0,0,0,False,-1
9766,NONE,0,0,0,False,-1
9767,TRIPLE,1,1,1,False,-1
9768,NONE,0,0,0,False,-1
9769,NONE,0,0,0,False,-1
9770,NONE,0,0,0,False,-1
9771,SINGLE,0,0,1,False,-1
9772,NONE,0,0,0,False,-1
9773,NONE,0,0,0,False,-1
9774,NONE,0,0,0,False,-1
9775,NONE,0,0,0,False,-1
9776,NONE,0,0,0,False,-1
9777,NONE,0,0,0,False,-1
9778,SINGLE,0,0,1,False,-1
9779,NONE,0,0,0,False,-1
9780,NONE,0,0,0,False,-1
9781,SINGLE,1,0,0,False,-1
9782,NONE,0,0,0,False,-1
9783,DOUBLE,1,1,0,False,-1
9784,TRIPLE,1,1,1,False,-1
9785,NONE,0,0,0,False,-1
9786,SINGLE,0,0,1,False,-1
9787,NONE,0,0,0,False,-1
9788,NONE,0,0,0,False,-1
9789,SINGLE,0,0,1,False,-1
9790,NONE,0,0,0,False,-1
9791,NONE,0,0,0,False,-1
9792,TRIPLE,1,1,1,False,-1
9793,NONE,0,0,0,False,-1
9794,DOUBLE,1,1,0,False,-1
9795,NONE,0,0,0,False,-1
9796,NONE,0,0,0,False,-1
9797,NONE,0,0,0,False,-1
9798,NONE,0,0,0,False,-1
9799,DOUBLE,1,1,0,False,-1
9800,DOUBLE,1,1,0,False,-1
9801,NONE,0,0,0,False,-1
9802,NONE,0,0,0,False,-1
9803,SINGLE,0,1,0,False,-1
9804,NONE,0,0,0,False,-1
9805,DOUBLE,1,1,0,False,-1
9806,DOUBLE,0,1,1,False,-1
9807,NONE,0,0,0,False,-1
9808,NONE,0,0,0,False,-1
9809,TRIPLE,1,1,1,False,-1
9810,NONE,0,0,0,False,-1
9811,NONE,0,0,0,False,-1
9812,NONE,0,0,0,False,-1
9813,NONE,0,0,0,False,-1
9814,NONE,0,0,0,False,-1
9815,NONE,0,0,0,False,-1
9816,DOUBLE,1,1,0,False,-1
9817,TRIPLE,1,1,1,False,-1
9818,TRIPLE,1,1,1,False,-1
9819,NONE,0,0,0,False,-1
9820,DOUBLE,1,1,0,False,-1
9821,SINGLE,0,1,0,False,-1
9822,NONE,0,0,0,False,-1
9823,NONE,0,0,0,False,-1
9824,NONE,0,0,0,False,-1
9825,DOUBLE,1,1,0,False,-1
9826,SINGLE,0,0,1,False,-1
9827,NONE,0,0,0,False,-1
9828,NONE,0,0,0,False,-1
9829,SINGLE,1,0,0,False,-1
9830,DOUBLE,1,1,0,False,-1
9831,NONE,0,0,0,False,-1
9832,SINGLE,0,0,1,False,-1
9833,NONE,0,0,0,False,-1
9834,NONE,0,0,0,False,-1
9835,NONE,0,0,0,False,-1
9836,NONE,0,0,0,False,-1
9837,TRIPLE,1,1,1,False,-1
9838,TRIPLE,1,1,1,False,-1
9839,SINGLE,0,1,0,False,-1
9840,TRIPLE,1,1,1,False,-1
9841,NONE,0,0,0,False,-1
9842,SINGLE,1,0,0,False,-1
9843,NONE,0,0,0,False,-1
9844,NONE,0,0,0,False,-1
9845,NONE,0,0,0,False,-1
9846,DOUBLE,1,1,0,False,-1
9847,NONE,0,0,0,False,-1
9848,DOUBLE,1,1,0,False,-1
9849,DOUBLE,1,1,0,False,-1
9850,SINGLE,1,0,0,False,-1
9851,NONE,0,0,0,False,-1
9852,TRIPLE,1,1,1,False,-1
9853,NONE,0,0,0,False,-1
9854,TRIPLE,1,1,1,False,-1
9855,NONE,0,0,0,False,-1
9856,NONE,0,0,0,False,-1
9857,NONE,0,0,0,False,-1
9858,NONE,0,0,0,False,-1
9859,DOUBLE,1,1,0,False,-1
9860,NONE,0,0,0,False,-1
9861,NONE,0,0,0,False,-1
9862,NONE,0,0,0,False,-1
9863,TRIPLE,1,1,1,False,-1
9864,NONE,0,0,0,False,-1
9865,NONE,0,0,0,False,-1
9866,NONE,0,0,0,False,-1
9867,DOUBLE,1,1,0,False,-1
9868,NONE,0,0,0,False,-1
9869,NONE,0,0,0,False,-1
9870,TRIPLE,1,1,1,False,-1
9871,NONE,0,0,0,False,-1
9872,NONE,0,0,0,False,-1
9873,DOUBLE,1,1,0,False,-1
9874,NONE,0,0,0,False,-1
9875,NONE,0,0,0,False,-1
9876,SINGLE,0,0,1,False,-1
9877,DOUBLE,1,1,0,False,-1
9878,NONE,0,0,0,False,-1
9879,DOUBLE,1,1,0,False,-1
9880,DOUBLE,1,1,0,False,-1
9881,NONE,0,0,0,False,-1
9882,NONE,0,0,0,False,-1
9883,NONE,0,0,0,False,-1
9884,NONE,0,0,0,False,-1
9885,NONE,0,0,0,False,-1
9886,NONE,0,0,0,False,-1
9887,SINGLE,0,0,1,False,-1
9888,SINGLE,1,0,0,False,-1
9889,NONE,0,0,0,False,-1
9890,NONE,0,0,0,False,-1
9891,NONE,0,0,0,False,-1
9892,DOUBLE,1,1,0,False,-1
9893,NONE,0,0,0,False,-1
9894,NONE,0,0,0,False,-1
9895,NONE,0,0,0,False,-1
9896,NONE,0,0,0,False,-1
9897,NONE,0,0,0,False,-1
9898,DOUBLE,1,1,0,False,-1
9899,SINGLE,0,0,1,False,-1
9900,NONE,0,0,0,False,-1
9901,NONE,0,0,0,False,-1
9902,TRIPLE,1,1,1,False,-1
9903,NONE,0,0,0,False,-1
9904,NONE,0,0,0,False,-1
9905,SINGLE,0,0,1,False,-1
9906,NONE,0,0,0,False,-1
9907,DOUBLE,1,1,0,False,-1
9908,NONE,0,0,0,False,-1
9909,NONE,0,0,0,False,-1
9910,NONE,0,0,0,False,-1
9911,DOUBLE,1,1,0,False,-1
9912,NONE,0,0,0,False,-1
9913,DOUBLE,1,1,0,False,-1
9914,TRIPLE,1,1,1,False,-1
9915,NONE,0,0,0,False,-1
9916,NONE,0,0,0,False,-1
9917,DOUBLE,1,1,0,False,-1
9918,NONE,0,0,0,False,-1
9919,NONE,0,0,0,False,-1
9920,DOUBLE,1,1,0,False,-1
9921,TRIPLE,1,1,1,False,-1
9922,NONE,0,0,0,False,-1
9923,DOUBLE,1,1,0,False,-1
9924,NONE,0,0,0,False,-1
9925,NONE,0,0,0,False,-1
9926,DOUBLE,1,1,0,False,-1
9927,SINGLE,1,0,0,False,-1
9928,NONE,0,0,0,False,-1
9929,NONE,0,0,0,False,-1
9930,NONE,0,0,0,False,-1
9931,NONE,0,0,0,False,-1
9932,NONE,0,0,0,False,-1
9933,NONE,0,0,0,False,-1
9934,NONE,0,0,0,False,-1
9935,DOUBLE,0,1,1,False,-1
9936,NONE,0,0,0,False,-1
9937,NONE,0,0,0,False,-1
9938,NONE,0,0,0,False,-1
9939,TRIPLE,1,1,1,False,-1
9940,TRIPLE,1,1,1,False,-1
9941,TRIPLE,1,1,1,False,-1
9942,NONE,0,0,0,False,-1
9943,SINGLE,1,0,0,False,-1
9944,NONE,0,0,0,False,-1
9945,NONE,0,0,0,False,-1
9946,NONE,0,0,0,False,-1
9947,NONE,0,0,0,False,-1
9948,NONE,0,0,0,False,-1
9949,NONE,0,0,0,False,-1
9950,NONE,0,0,0,False,-1
9951,SINGLE,0,0,1,False,-1
9952,SINGLE,0,0,1,False,-1
9953,NONE,0,0,0,False,-1
9954,TRIPLE,1,1,1,False,-1
9955,DOUBLE,1,1,0,False,-1
9956,NONE,0,0,0,False,-1
9957,SINGLE,0,0,1,False,-1
9958,NONE,0,0,0,False,-1
9959,DOUBLE,1,1,0,False,-1
9960,NONE,0,0,0,False,-1
9961,NONE,0,0,0,False,-1
9962,NONE,0,0,0,False,-1
9963,DOUBLE,1,1,0,False,-1
9964,NONE,0,0,0,False,-1
9965,NONE,0,0,0,False,-1
9966,TRIPLE,1,1,1,False,-1
9967,DOUBLE,1,1,0,False,-1
9968,NONE,0,0,0,False,-1
9969,NONE,0,0,0,False,-1
9970,NONE,0,0,0,False,-1
9971,NONE,0,0,0,False,-1
9972,DOUBLE,1,1,0,False,-1
9973,DOUBLE,1,1,0,False,-1
9974,SINGLE,0,1,0,False,-1
9975,NONE,0,0,0,False,-1
9976,NONE,0,0,0,False,-1
9977,NONE,0,0,0,False,-1
9978,NONE,0,0,0,False,-1
9979,SINGLE,1,0,0,False,-1
9980,NONE,0,0,0,False,-1
9981,TRIPLE,1,1,1,False,-1
9982,NONE,0,0,0,False,-1
9983,NONE,0,0,0,False,-1
9984,TRIPLE,1,1,1,False,-1
9985,NONE,0,0,0,False,-1
9986,NONE,0,0,0,False,-1
9987,NONE,0,0,0,False,-1
9988,NONE,0,0,0,False,-1
9989,NONE,0,0,0,False,-1
9990,TRIPLE,1,1,1,False,-1
9991,NONE,0,0,0,False,-1
9992,NONE,0,0,0,False,-1
9993,NONE,0,0,0,False,-1
9994,NONE,0,0,0,False,-1
9995,NONE,0,0,0,False,-1
9996,NONE,0,0,0,False,-1
9997,TRIPLE,1,1,1,False,-1
9998,SINGLE,1,0,0,False,-1
9999,DOUBLE,1,1,0,False,-1
