EventID,Coincidence,HitTop,HitMiddle,HitBottom,Decay,DecayTime_ns
0,NONE,0,0,0,False,-1
1,SINGLE,1,0,0,False,-1
2,SINGLE,0,0,1,False,-1
3,DOUBLE,1,1,0,False,-1
4,SINGLE,0,0,1,False,-1
5,DOUBLE,1,1,0,False,-1
6,DOUBLE,1,1,0,False,-1
7,DOUBLE,1,1,0,False,-1
8,NONE,0,0,0,False,-1
9,DOUBLE,1,1,0,False,-1
10,NONE,0,0,0,False,-1
11,NONE,0,0,0,False,-1
12,NONE,0,0,0,False,-1
13,NONE,0,0,0,False,-1
14,NONE,0,0,0,False,-1
15,SINGLE,0,1,0,False,-1
16,NONE,0,0,0,False,-1
17,NONE,0,0,0,False,-1
18,NONE,0,0,0,False,-1
19,NONE,0,0,0,False,-1
20,NONE,0,0,0,False,-1
21,DOUBLE,1,1,0,False,-1
22,DOUBLE,1,1,0,False,-1
23,NONE,0,0,0,False,-1
24,NONE,0,0,0,False,-1
25,NONE,0,0,0,False,-1
26,DOUBLE,1,1,0,False,-1
27,DOUBLE,1,1,0,False,-1
28,NONE,0,0,0,False,-1
29,NONE,0,0,0,False,-1
30,NONE,0,0,0,False,-1
31,NONE,0,0,0,False,-1
32,NONE,0,0,0,False,-1
33,DOUBLE,1,1,0,False,-1
34,NONE,0,0,0,False,-1
35,NONE,0,0,0,False,-1
36,NONE,0,0,0,False,-1
37,NONE,0,0,0,False,-1
38,NONE,0,0,0,False,-1
39,NONE,0,0,0,False,-1
40,SINGLE,1,0,0,False,-1
41,NONE,0,0,0,False,-1
42,NONE,0,0,0,False,-1
43,NONE,0,0,0,False,-1
44,NONE,0,0,0,False,-1
45,NONE,0,0,0,False,-1
46,NONE,0,0,0,False,-1
47,DOUBLE,1,1,0,False,-1
48,NONE,0,0,0,False,-1
49,NONE,0,0,0,False,-1
50,DOUBLE,1,1,0,False,-1
51,NONE,0,0,0,False,-1
52,NONE,0,0,0,False,-1
53,NONE,0,0,0,False,-1
54,DOUBLE,1,1,0,False,-1
55,NONE,0,0,0,False,-1
56,DOUBLE,1,1,0,False,-1
57,NONE,0,0,0,False,-1
58,NONE,0,0,0,False,-1
59,NONE,0,0,0,False,-1
60,SINGLE,1,0,0,False,-1
61,NONE,0,0,0,False,-1
62,NONE,0,0,0,False,-1
63,DOUBLE,1,1,0,False,-1
64,NONE,0,0,0,False,-1
65,NONE,0,0,0,False,-1
66,DOUBLE,1,1,0,False,-1
67,NONE,0,0,0,False,-1
68,NONE,0,0,0,False,-1
69,NONE,0,0,0,False,-1
70,NONE,0,0,0,False,-1
71,NONE,0,0,0,False,-1
72,DOUBLE,1,1,0,False,-1
73,DOUBLE,1,1,0,False,-1
74,NONE,0,0,0,False,-1
75,NONE,0,0,0,False,-1
76,NONE,0,0,0,False,-1
77,SINGLE,0,1,0,False,-1
78,NONE,0,0,0,False,-1
79,NONE,0,0,0,False,-1
80,SINGLE,0,0,1,False,-1
81,DOUBLE,1,1,0,False,-1
82,NONE,0,0,0,False,-1
83,DOUBLE,1,1,0,False,-1
84,NONE,0,0,0,False,-1
85,NONE,0,0,0,False,-1
86,DOUBLE,1,1,0,False,-1
87,NONE,0,0,0,False,-1
88,NONE,0,0,0,False,-1
89,NONE,0,0,0,False,-1
90,NONE,0,0,0,False,-1
91,NONE,0,0,0,False,-1
92,NONE,0,0,0,False,-1
93,NONE,0,0,0,False,-1
94,NONE,0,0,0,False,-1
95,SINGLE,0,1,0,False,-1
96,NONE,0,0,0,False,-1
97,NONE,0,0,0,False,-1
98,NONE,0,0,0,False,-1
99,SINGLE,0,0,1,False,-1
100,NONE,0,0,0,False,-1
101,NONE,0,0,0,False,-1
102,NONE,0,0,0,False,-1
103,SINGLE,1,0,0,False,-1
104,NONE,0,0,0,False,-1
105,DOUBLE,1,1,0,False,-1
106,NONE,0,0,0,False,-1
107,NONE,0,0,0,False,-1
108,SINGLE,1,0,0,False,-1
109,NONE,0,0,0,False,-1
110,SINGLE,1,0,0,False,-1
111,NONE,0,0,0,False,-1
112,NONE,0,0,0,False,-1
113,NONE,0,0,0,False,-1
114,SINGLE,1,0,0,False,-1
115,NONE,0,0,0,False,-1
116,NONE,0,0,0,False,-1
117,DOUBLE,1,1,0,False,-1
118,SINGLE,0,0,1,False,-1
119,SINGLE,0,0,1,False,-1
120,SINGLE,0,1,0,False,-1
121,SINGLE,0,0,1,False,-1
122,NONE,0,0,0,False,-1
123,NONE,0,0,0,False,-1
124,NONE,0,0,0,False,-1
125,NONE,0,0,0,False,-1
126,NONE,0,0,0,False,-1
127,NONE,0,0,0,False,-1
128,NONE,0,0,0,False,-1
129,NONE,0,0,0,False,-1
130,SINGLE,0,1,0,False,-1
131,NONE,0,0,0,False,-1
132,NONE,0,0,0,False,-1
133,NONE,0,0,0,False,-1
134,NONE,0,0,0,False,-1
135,NONE,0,0,0,False,-1
136,NONE,0,0,0,False,-1
137,NONE,0,0,0,False,-1
138,NONE,0,0,0,False,-1
139,DOUBLE,1,1,0,False,-1
140,NONE,0,0,0,False,-1
141,SINGLE,1,0,0,False,-1
142,NONE,0,0,0,False,-1
143,NONE,0,0,0,False,-1
144,DOUBLE,1,1,0,False,-1
145,NONE,0,0,0,False,-1
146,NONE,0,0,0,False,-1
147,NONE,0,0,0,False,-1
148,NONE,0,0,0,False,-1
149,DOUBLE,1,1,0,False,-1
150,NONE,0,0,0,False,-1
151,DOUBLE,1,1,0,False,-1
152,SINGLE,0,0,1,False,-1
153,NONE,0,0,0,False,-1
154,DOUBLE,1,1,0,False,-1
155,DOUBLE,1,1,0,False,-1
156,SINGLE,0,1,0,False,-1
157,NONE,0,0,0,False,-1
158,NONE,0,0,0,False,-1
159,NONE,0,0,0,False,-1
160,NONE,0,0,0,False,-1
161,NONE,0,0,0,False,-1
162,NONE,0,0,0,False,-1
163,SINGLE,0,1,0,False,-1
164,NONE,0,0,0,False,-1
165,DOUBLE,1,1,0,False,-1
166,NONE,0,0,0,False,-1
167,NONE,0,0,0,False,-1
168,DOUBLE,1,1,0,False,-1
169,SINGLE,0,1,0,False,-1
170,NONE,0,0,0,False,-1
171,DOUBLE,1,1,0,False,-1
172,NONE,0,0,0,False,-1
173,NONE,0,0,0,False,-1
174,NONE,0,0,0,False,-1
175,NONE,0,0,0,False,-1
176,NONE,0,0,0,False,-1
177,NONE,0,0,0,False,-1
178,SINGLE,0,0,1,False,-1
179,NONE,0,0,0,False,-1
180,SINGLE,1,0,0,False,-1
181,DOUBLE,1,1,0,False,-1
182,NONE,0,0,0,False,-1
183,NONE,0,0,0,False,-1
184,NONE,0,0,0,False,-1
185,NONE,0,0,0,False,-1
186,DOUBLE,1,1,0,False,-1
187,NONE,0,0,0,False,-1
188,NONE,0,0,0,False,-1
189,DOUBLE,1,1,0,False,-1
190,NONE,0,0,0,False,-1
191,NONE,0,0,0,False,-1
192,NONE,0,0,0,False,-1
193,DOUBLE,1,1,0,False,-1
194,DOUBLE,1,1,0,False,-1
195,DOUBLE,1,1,0,False,-1
196,NONE,0,0,0,False,-1
197,NONE,0,0,0,False,-1
198,NONE,0,0,0,False,-1
199,NONE,0,0,0,False,-1
200,DOUBLE,1,1,0,False,-1
201,NONE,0,0,0,False,-1
202,SINGLE,0,0,1,False,-1
203,NONE,0,0,0,False,-1
204,NONE,0,0,0,False,-1
205,NONE,0,0,0,False,-1
206,SINGLE,0,1,0,False,-1
207,DOUBLE,1,1,0,False,-1
208,SINGLE,0,0,1,False,-1
209,NONE,0,0,0,False,-1
210,SINGLE,0,0,1,False,-1
211,NONE,0,0,0,False,-1
212,NONE,0,0,0,False,-1
213,DOUBLE,1,1,0,False,-1
214,NONE,0,0,0,False,-1
215,NONE,0,0,0,False,-1
216,NONE,0,0,0,False,-1
217,SINGLE,0,0,1,False,-1
218,DOUBLE,1,1,0,False,-1
219,NONE,0,0,0,False,-1
220,NONE,0,0,0,False,-1
221,NONE,0,0,0,False,-1
222,NONE,0,0,0,False,-1
223,SINGLE,1,0,0,False,-1
224,NONE,0,0,0,False,-1
225,NONE,0,0,0,False,-1
226,NONE,0,0,0,False,-1
227,NONE,0,0,0,False,-1
228,NONE,0,0,0,False,-1
229,DOUBLE,1,1,0,False,-1
230,NONE,0,0,0,False,-1
231,NONE,0,0,0,False,-1
232,NONE,0,0,0,False,-1
233,SINGLE,1,0,0,False,-1
234,NONE,0,0,0,False,-1
235,DOUBLE,1,1,0,False,-1
236,NONE,0,0,0,False,-1
237,DOUBLE,1,1,0,False,-1
238,NONE,0,0,0,False,-1
239,DOUBLE,1,1,0,False,-1
240,NONE,0,0,0,False,-1
241,SINGLE,0,0,1,False,-1
242,DOUBLE,1,1,0,False,-1
243,NONE,0,0,0,False,-1
244,NONE,0,0,0,False,-1
245,DOUBLE,1,1,0,False,-1
246,NONE,0,0,0,False,-1
247,NONE,0,0,0,False,-1
248,NONE,0,0,0,False,-1
249,NONE,0,0,0,False,-1
250,DOUBLE,1,1,0,False,-1
251,DOUBLE,1,1,0,False,-1
252,NONE,0,0,0,False,-1
253,NONE,0,0,0,False,-1
254,NONE,0,0,0,False,-1
255,NONE,0,0,0,False,-1
256,NONE,0,0,0,False,-1
257,NONE,0,0,0,False,-1
258,NONE,0,0,0,False,-1
259,NONE,0,0,0,False,-1
260,NONE,0,0,0,False,-1
261,NONE,0,0,0,False,-1
262,DOUBLE,1,1,0,False,-1
263,SINGLE,0,0,1,False,-1
264,NONE,0,0,0,False,-1
265,SINGLE,1,0,0,False,-1
266,NONE,0,0,0,False,-1
267,SINGLE,1,0,0,False,-1
268,NONE,0,0,0,False,-1
269,NONE,0,0,0,False,-1
270,DOUBLE,1,1,0,False,-1
271,NONE,0,0,0,False,-1
272,SINGLE,0,0,1,False,-1
273,NONE,0,0,0,False,-1
274,NONE,0,0,0,False,-1
275,SINGLE,1,0,0,False,-1
276,NONE,0,0,0,False,-1
277,NONE,0,0,0,False,-1
278,DOUBLE,1,1,0,False,-1
279,DOUBLE,1,1,0,False,-1
280,SINGLE,0,0,1,False,-1
281,DOUBLE,1,1,0,False,-1
282,NONE,0,0,0,False,-1
283,NONE,0,0,0,False,-1
284,SINGLE,1,0,0,False,-1
285,NONE,0,0,0,False,-1
286,DOUBLE,1,1,0,False,-1
287,SINGLE,0,0,1,False,-1
288,NONE,0,0,0,False,-1
289,NONE,0,0,0,False,-1
290,NONE,0,0,0,False,-1
291,NONE,0,0,0,False,-1
292,NONE,0,0,0,False,-1
293,SINGLE,0,1,0,False,-1
294,NONE,0,0,0,False,-1
295,NONE,0,0,0,False,-1
296,SINGLE,0,1,0,False,-1
297,SINGLE,0,0,1,False,-1
298,DOUBLE,1,1,0,False,-1
299,NONE,0,0,0,False,-1
300,NONE,0,0,0,False,-1
301,SINGLE,0,0,1,False,-1
302,SINGLE,0,1,0,False,-1
303,NONE,0,0,0,False,-1
304,NONE,0,0,0,False,-1
305,NONE,0,0,0,False,-1
306,NONE,0,0,0,False,-1
307,NONE,0,0,0,False,-1
308,NONE,0,0,0,False,-1
309,NONE,0,0,0,False,-1
310,NONE,0,0,0,False,-1
311,NONE,0,0,0,False,-1
312,NONE,0,0,0,False,-1
313,NONE,0,0,0,False,-1
314,NONE,0,0,0,False,-1
315,NONE,0,0,0,False,-1
316,NONE,0,0,0,False,-1
317,NONE,0,0,0,False,-1
318,SINGLE,0,0,1,False,-1
319,NONE,0,0,0,False,-1
320,SINGLE,0,0,1,False,-1
321,NONE,0,0,0,False,-1
322,NONE,0,0,0,False,-1
323,SINGLE,0,0,1,False,-1
324,SINGLE,0,1,0,False,-1
325,NONE,0,0,0,False,-1
326,SINGLE,1,0,0,False,-1
327,NONE,0,0,0,False,-1
328,DOUBLE,1,1,0,False,-1
329,DOUBLE,1,1,0,False,-1
330,NONE,0,0,0,False,-1
331,NONE,0,0,0,False,-1
332,SINGLE,0,0,1,False,-1
333,NONE,0,0,0,False,-1
334,NONE,0,0,0,False,-1
335,NONE,0,0,0,False,-1
336,NONE,0,0,0,False,-1
337,SINGLE,1,0,0,False,-1
338,NONE,0,0,0,False,-1
339,NONE,0,0,0,False,-1
340,DOUBLE,1,1,0,False,-1
341,NONE,0,0,0,False,-1
342,DOUBLE,1,1,0,False,-1
343,NONE,0,0,0,False,-1
344,NONE,0,0,0,False,-1
345,DOUBLE,1,1,0,False,-1
346,NONE,0,0,0,False,-1
347,NONE,0,0,0,False,-1
348,DOUBLE,1,1,0,False,-1
349,NONE,0,0,0,False,-1
350,NONE,0,0,0,False,-1
351,NONE,0,0,0,False,-1
352,NONE,0,0,0,False,-1
353,DOUBLE,1,1,0,False,-1
354,NONE,0,0,0,False,-1
355,NONE,0,0,0,False,-1
356,DOUBLE,1,1,0,False,-1
357,NONE,0,0,0,False,-1
358,DOUBLE,1,1,0,False,-1
359,NONE,0,0,0,False,-1
360,NONE,0,0,0,False,-1
361,NONE,0,0,0,False,-1
362,DOUBLE,1,1,0,False,-1
363,NONE,0,0,0,False,-1
364,DOUBLE,1,1,0,False,-1
365,DOUBLE,1,1,0,False,-1
366,DOUBLE,1,1,0,False,-1
367,SINGLE,0,0,1,False,-1
368,NONE,0,0,0,False,-1
369,DOUBLE,1,1,0,False,-1
370,NONE,0,0,0,False,-1
371,NONE,0,0,0,False,-1
372,DOUBLE,1,1,0,False,-1
373,NONE,0,0,0,False,-1
374,SINGLE,0,1,0,False,-1
375,NONE,0,0,0,False,-1
376,NONE,0,0,0,False,-1
377,NONE,0,0,0,False,-1
378,NONE,0,0,0,False,-1
379,NONE,0,0,0,False,-1
380,SINGLE,0,0,1,False,-1
381,NONE,0,0,0,False,-1
382,NONE,0,0,0,False,-1
383,DOUBLE,1,1,0,False,-1
384,NONE,0,0,0,False,-1
385,NONE,0,0,0,False,-1
386,NONE,0,0,0,False,-1
387,NONE,0,0,0,False,-1
388,NONE,0,0,0,False,-1
389,DOUBLE,1,1,0,False,-1
390,SINGLE,0,0,1,False,-1
391,DOUBLE,1,1,0,False,-1
392,SINGLE,0,0,1,False,-1
393,DOUBLE,1,1,0,False,-1
394,NONE,0,0,0,False,-1
395,SINGLE,1,0,0,False,-1
396,NONE,0,0,0,False,-1
397,NONE,0,0,0,False,-1
398,NONE,0,0,0,False,-1
399,DOUBLE,1,1,0,False,-1
400,DOUBLE,1,1,0,False,-1
401,DOUBLE,1,1,0,False,-1
402,NONE,0,0,0,False,-1
403,DOUBLE,1,1,0,False,-1
404,SINGLE,0,0,1,False,-1
405,NONE,0,0,0,False,-1
406,NONE,0,0,0,False,-1
407,NONE,0,0,0,False,-1
408,DOUBLE,1,1,0,False,-1
409,DOUBLE,1,1,0,False,-1
410,NONE,0,0,0,False,-1
411,NONE,0,0,0,False,-1
412,DOUBLE,1,1,0,False,-1
413,DOUBLE,1,1,0,False,-1
414,DOUBLE,1,1,0,False,-1
415,NONE,0,0,0,False,-1
416,NONE,0,0,0,False,-1
417,NONE,0,0,0,False,-1
418,DOUBLE,1,1,0,False,-1
419,NONE,0,0,0,False,-1
420,DOUBLE,1,1,0,False,-1
421,NONE,0,0,0,False,-1
422,NONE,0,0,0,False,-1
423,SINGLE,0,1,0,False,-1
424,NONE,0,0,0,False,-1
425,SINGLE,1,0,0,False,-1
426,NONE,0,0,0,False,-1
427,NONE,0,0,0,False,-1
428,NONE,0,0,0,False,-1
429,NONE,0,0,0,False,-1
430,NONE,0,0,0,False,-1
431,NONE,0,0,0,False,-1
432,DOUBLE,1,1,0,False,-1
433,SINGLE,1,0,0,False,-1
434,NONE,0,0,0,False,-1
435,NONE,0,0,0,False,-1
436,NONE,0,0,0,False,-1
437,DOUBLE,1,1,0,False,-1
438,DOUBLE,1,1,0,False,-1
439,NONE,0,0,0,False,-1
440,DOUBLE,1,1,0,False,-1
441,NONE,0,0,0,False,-1
442,NONE,0,0,0,False,-1
443,NONE,0,0,0,False,-1
444,NONE,0,0,0,False,-1
445,DOUBLE,1,1,0,False,-1
446,NONE,0,0,0,False,-1
447,NONE,0,0,0,False,-1
448,SINGLE,1,0,0,False,-1
449,NONE,0,0,0,False,-1
450,SINGLE,0,1,0,False,-1
451,NONE,0,0,0,False,-1
452,NONE,0,0,0,False,-1
453,NONE,0,0,0,False,-1
454,SINGLE,0,0,1,False,-1
455,NONE,0,0,0,False,-1
456,NONE,0,0,0,False,-1
457,NONE,0,0,0,False,-1
458,NONE,0,0,0,False,-1
459,NONE,0,0,0,False,-1
460,NONE,0,0,0,False,-1
461,NONE,0,0,0,False,-1
462,DOUBLE,1,1,0,False,-1
463,NONE,0,0,0,False,-1
464,NONE,0,0,0,False,-1
465,NONE,0,0,0,False,-1
466,NONE,0,0,0,False,-1
467,NONE,0,0,0,False,-1
468,DOUBLE,1,1,0,False,-1
469,NONE,0,0,0,False,-1
470,NONE,0,0,0,False,-1
471,NONE,0,0,0,False,-1
472,DOUBLE,1,1,0,False,-1
473,NONE,0,0,0,False,-1
474,NONE,0,0,0,False,-1
475,DOUBLE,1,1,0,False,-1
476,SINGLE,0,1,0,False,-1
477,DOUBLE,1,1,0,False,-1
478,NONE,0,0,0,False,-1
479,NONE,0,0,0,False,-1
480,NONE,0,0,0,False,-1
481,NONE,0,0,0,False,-1
482,SINGLE,0,0,1,False,-1
483,NONE,0,0,0,False,-1
484,SINGLE,0,1,0,False,-1
485,NONE,0,0,0,False,-1
486,NONE,0,0,0,False,-1
487,NONE,0,0,0,False,-1
488,NONE,0,0,0,False,-1
489,NONE,0,0,0,False,-1
490,NONE,0,0,0,False,-1
491,NONE,0,0,0,False,-1
492,NONE,0,0,0,False,-1
493,NONE,0,0,0,False,-1
494,NONE,0,0,0,False,-1
495,NONE,0,0,0,False,-1
496,NONE,0,0,0,False,-1
497,SINGLE,0,0,1,False,-1
498,NONE,0,0,0,False,-1
499,NONE,0,0,0,False,-1
500,NONE,0,0,0,False,-1
501,NONE,0,0,0,False,-1
502,NONE,0,0,0,False,-1
503,SINGLE,0,0,1,False,-1
504,DOUBLE,1,1,0,False,-1
505,NONE,0,0,0,False,-1
506,NONE,0,0,0,False,-1
507,NONE,0,0,0,False,-1
508,NONE,0,0,0,False,-1
509,NONE,0,0,0,False,-1
510,NONE,0,0,0,False,-1
511,SINGLE,0,0,1,False,-1
512,DOUBLE,1,1,0,False,-1
513,NONE,0,0,0,False,-1
514,NONE,0,0,0,False,-1
515,NONE,0,0,0,False,-1
516,DOUBLE,1,1,0,False,-1
517,NONE,0,0,0,False,-1
518,DOUBLE,1,1,0,False,-1
519,NONE,0,0,0,False,-1
520,NONE,0,0,0,False,-1
521,SINGLE,0,0,1,False,-1
522,NONE,0,0,0,False,-1
523,NONE,0,0,0,False,-1
524,NONE,0,0,0,False,-1
525,NONE,0,0,0,False,-1
526,NONE,0,0,0,False,-1
527,DOUBLE,1,1,0,False,-1
528,SINGLE,0,0,1,False,-1
529,SINGLE,0,0,1,False,-1
530,NONE,0,0,0,False,-1
531,NONE,0,0,0,False,-1
532,SINGLE,0,1,0,False,-1
533,SINGLE,1,0,0,False,-1
534,NONE,0,0,0,False,-1
535,NONE,0,0,0,False,-1
536,NONE,0,0,0,False,-1
537,NONE,0,0,0,False,-1
538,NONE,0,0,0,False,-1
539,NONE,0,0,0,False,-1
540,NONE,0,0,0,False,-1
541,NONE,0,0,0,False,-1
542,DOUBLE,1,1,0,False,-1
543,DOUBLE,1,1,0,False,-1
544,NONE,0,0,0,False,-1
545,SINGLE,0,0,1,False,-1
546,NONE,0,0,0,False,-1
547,NONE,0,0,0,False,-1
548,DOUBLE,1,1,0,False,-1
549,NONE,0,0,0,False,-1
550,NONE,0,0,0,False,-1
551,SINGLE,1,0,0,False,-1
552,SINGLE,0,0,1,False,-1
553,SINGLE,0,0,1,False,-1
554,SINGLE,0,1,0,False,-1
555,NONE,0,0,0,False,-1
556,DOUBLE,1,1,0,False,-1
557,NONE,0,0,0,False,-1
558,NONE,0,0,0,False,-1
559,NONE,0,0,0,False,-1
560,NONE,0,0,0,False,-1
561,NONE,0,0,0,False,-1
562,NONE,0,0,0,False,-1
563,NONE,0,0,0,False,-1
564,NONE,0,0,0,False,-1
565,DOUBLE,1,1,0,False,-1
566,NONE,0,0,0,False,-1
567,NONE,0,0,0,False,-1
568,NONE,0,0,0,False,-1
569,NONE,0,0,0,False,-1
570,SINGLE,0,0,1,False,-1
571,DOUBLE,1,1,0,False,-1
572,SINGLE,0,0,1,False,-1
573,DOUBLE,1,1,0,False,-1
574,NONE,0,0,0,False,-1
575,NONE,0,0,0,False,-1
576,TRIPLE,1,1,1,False,-1
577,NONE,0,0,0,False,-1
578,DOUBLE,1,1,0,False,-1
579,DOUBLE,1,1,0,False,-1
580,SINGLE,0,0,1,False,-1
581,NONE,0,0,0,False,-1
582,DOUBLE,1,1,0,False,-1
583,DOUBLE,1,1,0,False,-1
584,NONE,0,0,0,False,-1
585,NONE,0,0,0,False,-1
586,DOUBLE,1,1,0,False,-1
587,NONE,0,0,0,False,-1
588,DOUBLE,1,1,0,False,-1
589,NONE,0,0,0,False,-1
590,DOUBLE,1,1,0,False,-1
591,DOUBLE,1,1,0,False,-1
592,DOUBLE,1,1,0,False,-1
593,NONE,0,0,0,False,-1
594,NONE,0,0,0,False,-1
595,NONE,0,0,0,False,-1
596,SINGLE,0,0,1,False,-1
597,NONE,0,0,0,False,-1
598,NONE,0,0,0,False,-1
599,NONE,0,0,0,False,-1
600,DOUBLE,1,1,0,False,-1
601,DOUBLE,1,1,0,False,-1
602,DOUBLE,1,1,0,False,-1
603,NONE,0,0,0,False,-1
604,SINGLE,0,0,1,False,-1
605,NONE,0,0,0,False,-1
606,NONE,0,0,0,False,-1
607,NONE,0,0,0,False,-1
608,NONE,0,0,0,False,-1
609,NONE,0,0,0,False,-1
610,NONE,0,0,0,False,-1
611,NONE,0,0,0,False,-1
612,DOUBLE,1,1,0,False,-1
613,NONE,0,0,0,False,-1
614,NONE,0,0,0,False,-1
615,DOUBLE,1,1,0,False,-1
616,NONE,0,0,0,False,-1
617,NONE,0,0,0,False,-1
618,NONE,0,0,0,False,-1
619,NONE,0,0,0,False,-1
620,DOUBLE,1,1,0,False,-1
621,NONE,0,0,0,False,-1
622,NONE,0,0,0,False,-1
623,NONE,0,0,0,False,-1
624,SINGLE,1,0,0,False,-1
625,NONE,0,0,0,False,-1
626,SINGLE,0,0,1,False,-1
627,DOUBLE,1,1,0,False,-1
628,NONE,0,0,0,False,-1
629,NONE,0,0,0,False,-1
630,DOUBLE,1,1,0,False,-1
631,TRIPLE,1,1,1,False,-1
632,NONE,0,0,0,False,-1
633,NONE,0,0,0,False,-1
634,DOUBLE,1,1,0,False,-1
635,NONE,0,0,0,False,-1
636,NONE,0,0,0,False,-1
637,DOUBLE,1,1,0,False,-1
638,DOUBLE,1,1,0,False,-1
639,NONE,0,0,0,False,-1
640,NONE,0,0,0,False,-1
641,SINGLE,1,0,0,False,-1
642,NONE,0,0,0,False,-1
643,NONE,0,0,0,False,-1
644,DOUBLE,1,1,0,False,-1
645,DOUBLE,1,1,0,False,-1
646,NONE,0,0,0,False,-1
647,NONE,0,0,0,False,-1
648,DOUBLE,1,1,0,False,-1
649,NONE,0,0,0,False,-1
650,NONE,0,0,0,False,-1
651,NONE,0,0,0,False,-1
652,NONE,0,0,0,False,-1
653,DOUBLE,1,1,0,False,-1
654,DOUBLE,1,1,0,False,-1
655,NONE,0,0,0,False,-1
656,NONE,0,0,0,False,-1
657,NONE,0,0,0,False,-1
658,NONE,0,0,0,False,-1
659,NONE,0,0,0,False,-1
660,SINGLE,0,0,1,False,-1
661,DOUBLE,1,1,0,False,-1
662,NONE,0,0,0,False,-1
663,NONE,0,0,0,False,-1
664,DOUBLE,1,1,0,False,-1
665,NONE,0,0,0,False,-1
666,DOUBLE,1,1,0,False,-1
667,NONE,0,0,0,False,-1
668,NONE,0,0,0,False,-1
669,NONE,0,0,0,False,-1
670,DOUBLE,1,1,0,False,-1
671,NONE,0,0,0,False,-1
672,NONE,0,0,0,False,-1
673,NONE,0,0,0,False,-1
674,SINGLE,0,1,0,False,-1
675,NONE,0,0,0,False,-1
676,DOUBLE,1,1,0,False,-1
677,NONE,0,0,0,False,-1
678,NONE,0,0,0,False,-1
679,NONE,0,0,0,False,-1
680,DOUBLE,1,1,0,False,-1
681,NONE,0,0,0,False,-1
682,NONE,0,0,0,False,-1
683,DOUBLE,1,1,0,False,-1
684,NONE,0,0,0,False,-1
685,DOUBLE,1,1,0,False,-1
686,NONE,0,0,0,False,-1
687,NONE,0,0,0,False,-1
688,NONE,0,0,0,False,-1
689,DOUBLE,1,1,0,False,-1
690,NONE,0,0,0,False,-1
691,NONE,0,0,0,False,-1
692,NONE,0,0,0,False,-1
693,NONE,0,0,0,False,-1
694,NONE,0,0,0,False,-1
695,NONE,0,0,0,False,-1
696,NONE,0,0,0,False,-1
697,SINGLE,0,0,1,False,-1
698,NONE,0,0,0,False,-1
699,NONE,0,0,0,False,-1
700,NONE,0,0,0,False,-1
701,NONE,0,0,0,False,-1
702,DOUBLE,1,1,0,False,-1
703,NONE,0,0,0,False,-1
704,SINGLE,0,1,0,False,-1
705,SINGLE,0,1,0,False,-1
706,NONE,0,0,0,False,-1
707,NONE,0,0,0,False,-1
708,NONE,0,0,0,False,-1
709,DOUBLE,1,1,0,False,-1
710,NONE,0,0,0,False,-1
711,SINGLE,1,0,0,False,-1
712,NONE,0,0,0,False,-1
713,NONE,0,0,0,False,-1
714,DOUBLE,1,1,0,False,-1
715,NONE,0,0,0,False,-1
716,NONE,0,0,0,False,-1
717,NONE,0,0,0,False,-1
718,DOUBLE,1,1,0,False,-1
719,DOUBLE,1,1,0,False,-1
720,NONE,0,0,0,False,-1
721,NONE,0,0,0,False,-1
722,NONE,0,0,0,False,-1
723,NONE,0,0,0,False,-1
724,DOUBLE,1,1,0,False,-1
725,DOUBLE,1,1,0,False,-1
726,DOUBLE,1,1,0,False,-1
727,NONE,0,0,0,False,-1
728,SINGLE,0,1,0,False,-1
729,NONE,0,0,0,False,-1
730,NONE,0,0,0,False,-1
731,NONE,0,0,0,False,-1
732,NONE,0,0,0,False,-1
733,NONE,0,0,0,False,-1
734,NONE,0,0,0,False,-1
735,NONE,0,0,0,False,-1
736,DOUBLE,1,1,0,False,-1
737,DOUBLE,1,1,0,False,-1
738,NONE,0,0,0,False,-1
739,NONE,0,0,0,False,-1
740,SINGLE,1,0,0,False,-1
741,DOUBLE,1,1,0,False,-1
742,NONE,0,0,0,False,-1
743,SINGLE,0,0,1,False,-1
744,NONE,0,0,0,False,-1
745,NONE,0,0,0,False,-1
746,NONE,0,0,0,False,-1
747,DOUBLE,1,1,0,False,-1
748,SINGLE,1,0,0,False,-1
749,DOUBLE,1,1,0,False,-1
750,SINGLE,0,0,1,False,-1
751,NONE,0,0,0,False,-1
752,NONE,0,0,0,False,-1
753,NONE,0,0,0,False,-1
754,DOUBLE,1,1,0,False,-1
755,NONE,0,0,0,False,-1
756,DOUBLE,1,1,0,False,-1
757,NONE,0,0,0,False,-1
758,NONE,0,0,0,False,-1
759,DOUBLE,1,1,0,False,-1
760,NONE,0,0,0,False,-1
761,NONE,0,0,0,False,-1
762,NONE,0,0,0,False,-1
763,NONE,0,0,0,False,-1
764,NONE,0,0,0,False,-1
765,NONE,0,0,0,False,-1
766,DOUBLE,1,1,0,False,-1
767,NONE,0,0,0,False,-1
768,NONE,0,0,0,False,-1
769,SINGLE,0,0,1,False,-1
770,DOUBLE,1,1,0,False,-1
771,DOUBLE,1,1,0,False,-1
772,DOUBLE,1,1,0,False,-1
773,NONE,0,0,0,False,-1
774,NONE,0,0,0,False,-1
775,NONE,0,0,0,False,-1
776,NONE,0,0,0,False,-1
777,DOUBLE,1,1,0,False,-1
778,NONE,0,0,0,False,-1
779,NONE,0,0,0,False,-1
780,NONE,0,0,0,False,-1
781,SINGLE,0,0,1,False,-1
782,NONE,0,0,0,False,-1
783,NONE,0,0,0,False,-1
784,NONE,0,0,0,False,-1
785,NONE,0,0,0,False,-1
786,NONE,0,0,0,False,-1
787,NONE,0,0,0,False,-1
788,NONE,0,0,0,False,-1
789,NONE,0,0,0,False,-1
790,NONE,0,0,0,False,-1
791,NONE,0,0,0,False,-1
792,NONE,0,0,0,False,-1
793,DOUBLE,1,1,0,False,-1
794,NONE,0,0,0,False,-1
795,NONE,0,0,0,False,-1
796,NONE,0,0,0,False,-1
797,NONE,0,0,0,False,-1
798,DOUBLE,1,1,0,False,-1
799,NONE,0,0,0,False,-1
800,NONE,0,0,0,False,-1
801,DOUBLE,1,1,0,False,-1
802,NONE,0,0,0,False,-1
803,NONE,0,0,0,False,-1
804,NONE,0,0,0,False,-1
805,NONE,0,0,0,False,-1
806,SINGLE,0,1,0,False,-1
807,DOUBLE,1,1,0,False,-1
808,NONE,0,0,0,False,-1
809,NONE,0,0,0,False,-1
810,NONE,0,0,0,False,-1
811,SINGLE,1,0,0,False,-1
812,NONE,0,0,0,False,-1
813,DOUBLE,1,1,0,False,-1
814,NONE,0,0,0,False,-1
815,NONE,0,0,0,False,-1
816,NONE,0,0,0,False,-1
817,NONE,0,0,0,False,-1
818,DOUBLE,1,0,1,False,-1
819,NONE,0,0,0,False,-1
820,NONE,0,0,0,False,-1
821,SINGLE,0,0,1,False,-1
822,NONE,0,0,0,False,-1
823,NONE,0,0,0,False,-1
824,NONE,0,0,0,False,-1
825,NONE,0,0,0,False,-1
826,NONE,0,0,0,False,-1
827,DOUBLE,1,1,0,False,-1
828,DOUBLE,1,1,0,False,-1
829,SINGLE,0,0,1,False,-1
830,NONE,0,0,0,False,-1
831,NONE,0,0,0,False,-1
832,NONE,0,0,0,False,-1
833,NONE,0,0,0,False,-1
834,NONE,0,0,0,False,-1
835,SINGLE,0,1,0,False,-1
836,NONE,0,0,0,False,-1
837,DOUBLE,1,1,0,False,-1
838,DOUBLE,1,1,0,False,-1
839,DOUBLE,1,1,0,False,-1
840,NONE,0,0,0,False,-1
841,NONE,0,0,0,False,-1
842,NONE,0,0,0,False,-1
843,NONE,0,0,0,False,-1
844,NONE,0,0,0,False,-1
845,SINGLE,0,1,0,False,-1
846,DOUBLE,1,1,0,False,-1
847,NONE,0,0,0,False,-1
848,NONE,0,0,0,False,-1
849,NONE,0,0,0,False,-1
850,NONE,0,0,0,False,-1
851,NONE,0,0,0,False,-1
852,NONE,0,0,0,False,-1
853,NONE,0,0,0,False,-1
854,DOUBLE,1,1,0,False,-1
855,NONE,0,0,0,False,-1
856,NONE,0,0,0,False,-1
857,SINGLE,1,0,0,False,-1
858,DOUBLE,1,1,0,False,-1
859,NONE,0,0,0,False,-1
860,SINGLE,1,0,0,False,-1
861,DOUBLE,1,1,0,False,-1
862,NONE,0,0,0,False,-1
863,NONE,0,0,0,False,-1
864,DOUBLE,1,1,0,False,-1
865,NONE,0,0,0,False,-1
866,DOUBLE,1,1,0,False,-1
867,NONE,0,0,0,False,-1
868,DOUBLE,1,1,0,False,-1
869,NONE,0,0,0,False,-1
870,DOUBLE,1,1,0,False,-1
871,NONE,0,0,0,False,-1
872,DOUBLE,1,1,0,False,-1
873,NONE,0,0,0,False,-1
874,NONE,0,0,0,False,-1
875,NONE,0,0,0,False,-1
876,DOUBLE,1,1,0,False,-1
877,NONE,0,0,0,False,-1
878,SINGLE,0,1,0,False,-1
879,NONE,0,0,0,False,-1
880,DOUBLE,1,1,0,False,-1
881,NONE,0,0,0,False,-1
882,SINGLE,0,1,0,False,-1
883,NONE,0,0,0,False,-1
884,DOUBLE,1,1,0,False,-1
885,DOUBLE,1,1,0,False,-1
886,DOUBLE,1,1,0,False,-1
887,NONE,0,0,0,False,-1
888,NONE,0,0,0,False,-1
889,DOUBLE,1,1,0,False,-1
890,NONE,0,0,0,False,-1
891,SINGLE,0,1,0,False,-1
892,NONE,0,0,0,False,-1
893,SINGLE,0,0,1,False,-1
894,DOUBLE,1,1,0,False,-1
895,NONE,0,0,0,False,-1
896,NONE,0,0,0,False,-1
897,DOUBLE,1,1,0,False,-1
898,NONE,0,0,0,False,-1
899,NONE,0,0,0,False,-1
900,NONE,0,0,0,False,-1
901,NONE,0,0,0,False,-1
902,NONE,0,0,0,False,-1
903,DOUBLE,1,1,0,False,-1
904,NONE,0,0,0,False,-1
905,NONE,0,0,0,False,-1
906,NONE,0,0,0,False,-1
907,NONE,0,0,0,False,-1
908,DOUBLE,1,1,0,False,-1
909,DOUBLE,1,1,0,False,-1
910,DOUBLE,1,1,0,False,-1
911,NONE,0,0,0,False,-1
912,SINGLE,0,1,0,False,-1
913,NONE,0,0,0,False,-1
914,SINGLE,1,0,0,False,-1
915,DOUBLE,1,1,0,False,-1
916,NONE,0,0,0,False,-1
917,DOUBLE,1,1,0,False,-1
918,NONE,0,0,0,False,-1
919,NONE,0,0,0,False,-1
920,NONE,0,0,0,False,-1
921,NONE,0,0,0,False,-1
922,NONE,0,0,0,False,-1
923,NONE,0,0,0,False,-1
924,NONE,0,0,0,False,-1
925,NONE,0,0,0,False,-1
926,NONE,0,0,0,False,-1
927,NONE,0,0,0,False,-1
928,DOUBLE,1,1,0,False,-1
929,NONE,0,0,0,False,-1
930,NONE,0,0,0,False,-1
931,NONE,0,0,0,False,-1
932,NONE,0,0,0,False,-1
933,SINGLE,0,0,1,False,-1
934,SINGLE,1,0,0,False,-1
935,NONE,0,0,0,False,-1
936,SINGLE,1,0,0,False,-1
937,NONE,0,0,0,False,-1
938,DOUBLE,1,1,0,False,-1
939,NONE,0,0,0,False,-1
940,NONE,0,0,0,False,-1
941,NONE,0,0,0,False,-1
942,SINGLE,1,0,0,False,-1
943,SINGLE,0,0,1,False,-1
944,NONE,0,0,0,False,-1
945,NONE,0,0,0,False,-1
946,NONE,0,0,0,False,-1
947,NONE,0,0,0,False,-1
948,NONE,0,0,0,False,-1
949,DOUBLE,1,1,0,False,-1
950,NONE,0,0,0,False,-1
951,DOUBLE,1,1,0,False,-1
952,DOUBLE,1,1,0,False,-1
953,NONE,0,0,0,False,-1
954,NONE,0,0,0,False,-1
955,SINGLE,0,0,1,False,-1
956,SINGLE,0,0,1,False,-1
957,SINGLE,0,0,1,False,-1
958,DOUBLE,1,1,0,False,-1
959,DOUBLE,1,1,0,False,-1
960,NONE,0,0,0,False,-1
961,SINGLE,0,0,1,False,-1
962,NONE,0,0,0,False,-1
963,NONE,0,0,0,False,-1
964,NONE,0,0,0,False,-1
965,NONE,0,0,0,False,-1
966,DOUBLE,1,0,1,False,-1
967,DOUBLE,1,1,0,False,-1
968,DOUBLE,1,1,0,False,-1
969,DOUBLE,1,1,0,False,-1
970,DOUBLE,1,1,0,False,-1
971,DOUBLE,1,1,0,False,-1
972,NONE,0,0,0,False,-1
973,NONE,0,0,0,False,-1
974,DOUBLE,1,1,0,False,-1
975,DOUBLE,1,1,0,False,-1
976,SINGLE,0,0,1,False,-1
977,NONE,0,0,0,False,-1
978,SINGLE,0,0,1,False,-1
979,NONE,0,0,0,False,-1
980,NONE,0,0,0,False,-1
981,NONE,0,0,0,False,-1
982,DOUBLE,1,1,0,False,-1
983,DOUBLE,1,1,0,False,-1
984,NONE,0,0,0,False,-1
985,SINGLE,0,1,0,False,-1
986,DOUBLE,1,1,0,False,-1
987,SINGLE,0,0,1,False,-1
988,DOUBLE,1,1,0,False,-1
989,DOUBLE,1,1,0,False,-1
990,NONE,0,0,0,False,-1
991,NONE,0,0,0,False,-1
992,NONE,0,0,0,False,-1
993,NONE,0,0,0,False,-1
994,NONE,0,0,0,False,-1
995,NONE,0,0,0,False,-1
996,DOUBLE,1,1,0,False,-1
997,NONE,0,0,0,False,-1
998,DOUBLE,1,1,0,False,-1
999,NONE,0,0,0,False,-1
1000,NONE,0,0,0,False,-1
1001,NONE,0,0,0,False,-1
1002,DOUBLE,1,1,0,False,-1
1003,NONE,0,0,0,False,-1
1004,DOUBLE,1,1,0,False,-1
1005,NONE,0,0,0,False,-1
1006,NONE,0,0,0,False,-1
1007,NONE,0,0,0,False,-1
1008,NONE,0,0,0,False,-1
1009,NONE,0,0,0,False,-1
1010,DOUBLE,1,1,0,False,-1
1011,NONE,0,0,0,False,-1
1012,DOUBLE,1,1,0,False,-1
1013,DOUBLE,1,1,0,False,-1
1014,NONE,0,0,0,False,-1
1015,DOUBLE,1,1,0,False,-1
1016,SINGLE,0,1,0,False,-1
1017,DOUBLE,1,1,0,False,-1
1018,DOUBLE,1,1,0,False,-1
1019,DOUBLE,1,1,0,False,-1
1020,SINGLE,0,0,1,False,-1
1021,NONE,0,0,0,False,-1
1022,DOUBLE,1,1,0,False,-1
1023,NONE,0,0,0,False,-1
1024,NONE,0,0,0,False,-1
1025,NONE,0,0,0,False,-1
1026,DOUBLE,1,1,0,False,-1
1027,DOUBLE,1,1,0,False,-1
1028,NONE,0,0,0,False,-1
1029,SINGLE,1,0,0,False,-1
1030,NONE,0,0,0,False,-1
1031,DOUBLE,1,0,1,False,-1
1032,NONE,0,0,0,False,-1
1033,NONE,0,0,0,False,-1
1034,NONE,0,0,0,False,-1
1035,NONE,0,0,0,False,-1
1036,NONE,0,0,0,False,-1
1037,NONE,0,0,0,False,-1
1038,NONE,0,0,0,False,-1
1039,NONE,0,0,0,False,-1
1040,SINGLE,1,0,0,False,-1
1041,NONE,0,0,0,False,-1
1042,NONE,0,0,0,False,-1
1043,DOUBLE,1,1,0,False,-1
1044,NONE,0,0,0,False,-1
1045,NONE,0,0,0,False,-1
1046,NONE,0,0,0,False,-1
1047,NONE,0,0,0,False,-1
1048,SINGLE,0,0,1,False,-1
1049,NONE,0,0,0,False,-1
1050,NONE,0,0,0,False,-1
1051,NONE,0,0,0,False,-1
1052,NONE,0,0,0,False,-1
1053,NONE,0,0,0,False,-1
1054,DOUBLE,1,1,0,False,-1
1055,NONE,0,0,0,False,-1
1056,NONE,0,0,0,False,-1
1057,NONE,0,0,0,False,-1
1058,NONE,0,0,0,False,-1
1059,NONE,0,0,0,False,-1
1060,NONE,0,0,0,False,-1
1061,NONE,0,0,0,False,-1
1062,DOUBLE,1,1,0,False,-1
1063,NONE,0,0,0,False,-1
1064,NONE,0,0,0,False,-1
1065,DOUBLE,1,1,0,False,-1
1066,NONE,0,0,0,False,-1
1067,NONE,0,0,0,False,-1
1068,NONE,0,0,0,False,-1
1069,SINGLE,1,0,0,False,-1
1070,NONE,0,0,0,False,-1
1071,DOUBLE,1,1,0,False,-1
1072,NONE,0,0,0,False,-1
1073,SINGLE,0,0,1,False,-1
1074,SINGLE,1,0,0,False,-1
1075,DOUBLE,1,1,0,False,-1
1076,DOUBLE,1,1,0,False,-1
1077,NONE,0,0,0,False,-1
1078,NONE,0,0,0,False,-1
1079,NONE,0,0,0,False,-1
1080,NONE,0,0,0,False,-1
1081,NONE,0,0,0,False,-1
1082,DOUBLE,1,1,0,False,-1
1083,SINGLE,0,0,1,False,-1
1084,SINGLE,1,0,0,False,-1
1085,DOUBLE,1,1,0,False,-1
1086,NONE,0,0,0,False,-1
1087,DOUBLE,1,1,0,False,-1
1088,NONE,0,0,0,False,-1
1089,NONE,0,0,0,False,-1
1090,SINGLE,0,0,1,False,-1
1091,DOUBLE,1,1,0,False,-1
1092,NONE,0,0,0,False,-1
1093,DOUBLE,1,1,0,False,-1
1094,DOUBLE,1,1,0,False,-1
1095,NONE,0,0,0,False,-1
1096,NONE,0,0,0,False,-1
1097,NONE,0,0,0,False,-1
1098,NONE,0,0,0,False,-1
1099,NONE,0,0,0,False,-1
1100,SINGLE,0,0,1,False,-1
1101,NONE,0,0,0,False,-1
1102,DOUBLE,1,1,0,False,-1
1103,NONE,0,0,0,False,-1
1104,NONE,0,0,0,False,-1
1105,NONE,0,0,0,False,-1
1106,NONE,0,0,0,False,-1
1107,DOUBLE,1,1,0,False,-1
1108,DOUBLE,1,1,0,False,-1
1109,NONE,0,0,0,False,-1
1110,NONE,0,0,0,False,-1
1111,NONE,0,0,0,False,-1
1112,NONE,0,0,0,False,-1
1113,DOUBLE,1,1,0,False,-1
1114,NONE,0,0,0,False,-1
1115,SINGLE,0,1,0,False,-1
1116,DOUBLE,1,1,0,False,-1
1117,SINGLE,0,0,1,False,-1
1118,NONE,0,0,0,False,-1
1119,SINGLE,0,1,0,False,-1
1120,SINGLE,1,0,0,False,-1
1121,NONE,0,0,0,False,-1
1122,SINGLE,0,0,1,False,-1
1123,NONE,0,0,0,False,-1
1124,SINGLE,0,0,1,False,-1
1125,NONE,0,0,0,False,-1
1126,DOUBLE,1,1,0,False,-1
1127,NONE,0,0,0,False,-1
1128,DOUBLE,1,1,0,False,-1
1129,DOUBLE,1,1,0,False,-1
1130,NONE,0,0,0,False,-1
1131,DOUBLE,1,1,0,False,-1
1132,NONE,0,0,0,False,-1
1133,SINGLE,0,0,1,False,-1
1134,NONE,0,0,0,False,-1
1135,SINGLE,0,0,1,False,-1
1136,NONE,0,0,0,False,-1
1137,NONE,0,0,0,False,-1
1138,NONE,0,0,0,False,-1
1139,NONE,0,0,0,False,-1
1140,NONE,0,0,0,False,-1
1141,DOUBLE,1,1,0,False,-1
1142,NONE,0,0,0,False,-1
1143,DOUBLE,1,1,0,False,-1
1144,SINGLE,0,0,1,False,-1
1145,NONE,0,0,0,False,-1
1146,NONE,0,0,0,False,-1
1147,DOUBLE,1,1,0,False,-1
1148,DOUBLE,1,1,0,False,-1
1149,NONE,0,0,0,False,-1
1150,NONE,0,0,0,False,-1
1151,NONE,0,0,0,False,-1
1152,NONE,0,0,0,False,-1
1153,DOUBLE,1,1,0,False,-1
1154,NONE,0,0,0,False,-1
1155,NONE,0,0,0,False,-1
1156,NONE,0,0,0,False,-1
1157,NONE,0,0,0,False,-1
1158,NONE,0,0,0,False,-1
1159,NONE,0,0,0,False,-1
1160,NONE,0,0,0,False,-1
1161,DOUBLE,1,1,0,False,-1
1162,NONE,0,0,0,False,-1
1163,NONE,0,0,0,False,-1
1164,NONE,0,0,0,False,-1
1165,NONE,0,0,0,False,-1
1166,NONE,0,0,0,False,-1
1167,DOUBLE,1,1,0,False,-1
1168,SINGLE,0,0,1,False,-1
1169,NONE,0,0,0,False,-1
1170,NONE,0,0,0,False,-1
1171,SINGLE,1,0,0,False,-1
1172,DOUBLE,1,1,0,False,-1
1173,NONE,0,0,0,False,-1
1174,NONE,0,0,0,False,-1
1175,NONE,0,0,0,False,-1
1176,NONE,0,0,0,False,-1
1177,NONE,0,0,0,False,-1
1178,SINGLE,0,0,1,False,-1
1179,DOUBLE,1,0,1,False,-1
1180,NONE,0,0,0,False,-1
1181,NONE,0,0,0,False,-1
1182,NONE,0,0,0,False,-1
1183,TRIPLE,1,1,1,False,-1
1184,NONE,0,0,0,False,-1
1185,NONE,0,0,0,False,-1
1186,NONE,0,0,0,False,-1
1187,SINGLE,0,0,1,False,-1
1188,NONE,0,0,0,False,-1
1189,NONE,0,0,0,False,-1
1190,SINGLE,0,1,0,False,-1
1191,NONE,0,0,0,False,-1
1192,DOUBLE,1,1,0,False,-1
1193,NONE,0,0,0,False,-1
1194,SINGLE,0,0,1,False,-1
1195,DOUBLE,1,1,0,False,-1
1196,DOUBLE,1,1,0,False,-1
1197,DOUBLE,1,1,0,False,-1
1198,DOUBLE,1,1,0,False,-1
1199,NONE,0,0,0,False,-1
1200,NONE,0,0,0,False,-1
1201,SINGLE,0,0,1,False,-1
1202,NONE,0,0,0,False,-1
1203,NONE,0,0,0,False,-1
1204,NONE,0,0,0,False,-1
1205,DOUBLE,1,1,0,False,-1
1206,DOUBLE,1,1,0,False,-1
1207,NONE,0,0,0,False,-1
1208,NONE,0,0,0,False,-1
1209,NONE,0,0,0,False,-1
1210,DOUBLE,1,1,0,False,-1
1211,NONE,0,0,0,False,-1
1212,NONE,0,0,0,False,-1
1213,NONE,0,0,0,False,-1
1214,NONE,0,0,0,False,-1
1215,NONE,0,0,0,False,-1
1216,DOUBLE,1,1,0,False,-1
1217,NONE,0,0,0,False,-1
1218,NONE,0,0,0,False,-1
1219,NONE,0,0,0,False,-1
1220,NONE,0,0,0,False,-1
1221,NONE,0,0,0,False,-1
1222,NONE,0,0,0,False,-1
1223,NONE,0,0,0,False,-1
1224,SINGLE,0,1,0,False,-1
1225,NONE,0,0,0,False,-1
1226,DOUBLE,1,1,0,False,-1
1227,NONE,0,0,0,False,-1
1228,NONE,0,0,0,False,-1
1229,DOUBLE,1,1,0,False,-1
1230,SINGLE,0,0,1,False,-1
1231,SINGLE,0,1,0,False,-1
1232,DOUBLE,1,1,0,False,-1
1233,NONE,0,0,0,False,-1
1234,NONE,0,0,0,False,-1
1235,NONE,0,0,0,False,-1
1236,NONE,0,0,0,False,-1
1237,DOUBLE,1,1,0,False,-1
1238,SINGLE,1,0,0,False,-1
1239,NONE,0,0,0,False,-1
1240,DOUBLE,1,1,0,False,-1
1241,SINGLE,0,1,0,False,-1
1242,NONE,0,0,0,False,-1
1243,TRIPLE,1,1,1,False,-1
1244,DOUBLE,1,1,0,False,-1
1245,NONE,0,0,0,False,-1
1246,NONE,0,0,0,False,-1
1247,DOUBLE,1,1,0,False,-1
1248,SINGLE,0,0,1,False,-1
1249,NONE,0,0,0,False,-1
1250,DOUBLE,1,1,0,False,-1
1251,SINGLE,0,0,1,False,-1
1252,SINGLE,0,0,1,False,-1
1253,NONE,0,0,0,False,-1
1254,SINGLE,0,0,1,False,-1
1255,DOUBLE,1,1,0,False,-1
1256,NONE,0,0,0,False,-1
1257,DOUBLE,1,1,0,False,-1
1258,NONE,0,0,0,False,-1
1259,NONE,0,0,0,False,-1
1260,NONE,0,0,0,False,-1
1261,NONE,0,0,0,False,-1
1262,NONE,0,0,0,False,-1
1263,NONE,0,0,0,False,-1
1264,NONE,0,0,0,False,-1
1265,DOUBLE,1,1,0,False,-1
1266,SINGLE,1,0,0,False,-1
1267,DOUBLE,1,1,0,False,-1
1268,SINGLE,0,1,0,False,-1
1269,DOUBLE,1,1,0,False,-1
1270,NONE,0,0,0,False,-1
1271,DOUBLE,1,1,0,False,-1
1272,NONE,0,0,0,False,-1
1273,NONE,0,0,0,False,-1
1274,NONE,0,0,0,False,-1
1275,DOUBLE,1,1,0,False,-1
1276,NONE,0,0,0,False,-1
1277,NONE,0,0,0,False,-1
1278,NONE,0,0,0,False,-1
1279,NONE,0,0,0,False,-1
1280,DOUBLE,1,1,0,False,-1
1281,NONE,0,0,0,False,-1
1282,SINGLE,0,0,1,False,-1
1283,DOUBLE,1,1,0,False,-1
1284,DOUBLE,1,1,0,False,-1
1285,NONE,0,0,0,False,-1
1286,DOUBLE,1,1,0,False,-1
1287,NONE,0,0,0,False,-1
1288,NONE,0,0,0,False,-1
1289,SINGLE,0,1,0,False,-1
1290,NONE,0,0,0,False,-1
1291,DOUBLE,1,1,0,False,-1
1292,SINGLE,0,0,1,False,-1
1293,NONE,0,0,0,False,-1
1294,SINGLE,0,0,1,False,-1
1295,NONE,0,0,0,False,-1
1296,NONE,0,0,0,False,-1
1297,NONE,0,0,0,False,-1
1298,SINGLE,0,0,1,False,-1
1299,NONE,0,0,0,False,-1
1300,NONE,0,0,0,False,-1
1301,NONE,0,0,0,False,-1
1302,NONE,0,0,0,False,-1
1303,DOUBLE,1,1,0,False,-1
1304,SINGLE,0,0,1,False,-1
1305,NONE,0,0,0,False,-1
1306,SINGLE,0,0,1,False,-1
1307,NONE,0,0,0,False,-1
1308,NONE,0,0,0,False,-1
1309,DOUBLE,1,1,0,False,-1
1310,DOUBLE,1,1,0,False,-1
1311,NONE,0,0,0,False,-1
1312,NONE,0,0,0,False,-1
1313,NONE,0,0,0,False,-1
1314,DOUBLE,1,1,0,False,-1
1315,NONE,0,0,0,False,-1
1316,NONE,0,0,0,False,-1
1317,DOUBLE,1,0,1,False,-1
1318,NONE,0,0,0,False,-1
1319,SINGLE,0,1,0,False,-1
1320,NONE,0,0,0,False,-1
1321,NONE,0,0,0,False,-1
1322,NONE,0,0,0,False,-1
1323,SINGLE,0,0,1,False,-1
1324,DOUBLE,1,1,0,False,-1
1325,DOUBLE,1,1,0,False,-1
1326,DOUBLE,1,1,0,False,-1
1327,NONE,0,0,0,False,-1
1328,NONE,0,0,0,False,-1
1329,NONE,0,0,0,False,-1
1330,NONE,0,0,0,False,-1
1331,SINGLE,1,0,0,False,-1
1332,NONE,0,0,0,False,-1
1333,NONE,0,0,0,False,-1
1334,NONE,0,0,0,False,-1
1335,NONE,0,0,0,False,-1
1336,DOUBLE,1,1,0,False,-1
1337,NONE,0,0,0,False,-1
1338,NONE,0,0,0,False,-1
1339,NONE,0,0,0,False,-1
1340,NONE,0,0,0,False,-1
1341,NONE,0,0,0,False,-1
1342,NONE,0,0,0,False,-1
1343,NONE,0,0,0,False,-1
1344,NONE,0,0,0,False,-1
1345,NONE,0,0,0,False,-1
1346,DOUBLE,1,1,0,False,-1
1347,NONE,0,0,0,False,-1
1348,NONE,0,0,0,False,-1
1349,NONE,0,0,0,False,-1
1350,NONE,0,0,0,False,-1
1351,NONE,0,0,0,False,-1
1352,NONE,0,0,0,False,-1
1353,NONE,0,0,0,False,-1
1354,NONE,0,0,0,False,-1
1355,NONE,0,0,0,False,-1
1356,NONE,0,0,0,False,-1
1357,NONE,0,0,0,False,-1
1358,TRIPLE,1,1,1,False,-1
1359,DOUBLE,1,1,0,False,-1
1360,NONE,0,0,0,False,-1
1361,DOUBLE,1,1,0,False,-1
1362,NONE,0,0,0,False,-1
1363,NONE,0,0,0,False,-1
1364,NONE,0,0,0,False,-1
1365,DOUBLE,1,1,0,False,-1
1366,NONE,0,0,0,False,-1
1367,NONE,0,0,0,False,-1
1368,NONE,0,0,0,False,-1
1369,NONE,0,0,0,False,-1
1370,NONE,0,0,0,False,-1
1371,DOUBLE,1,1,0,False,-1
1372,NONE,0,0,0,False,-1
1373,NONE,0,0,0,False,-1
1374,NONE,0,0,0,False,-1
1375,DOUBLE,1,1,0,False,-1
1376,NONE,0,0,0,False,-1
1377,NONE,0,0,0,False,-1
1378,SINGLE,0,0,1,False,-1
1379,DOUBLE,1,1,0,False,-1
1380,NONE,0,0,0,False,-1
1381,NONE,0,0,0,False,-1
1382,NONE,0,0,0,False,-1
1383,NONE,0,0,0,False,-1
1384,NONE,0,0,0,False,-1
1385,NONE,0,0,0,False,-1
1386,NONE,0,0,0,False,-1
1387,DOUBLE,1,1,0,False,-1
1388,NONE,0,0,0,False,-1
1389,NONE,0,0,0,False,-1
1390,NONE,0,0,0,False,-1
1391,NONE,0,0,0,False,-1
1392,DOUBLE,1,1,0,False,-1
1393,NONE,0,0,0,False,-1
1394,SINGLE,0,1,0,False,-1
1395,NONE,0,0,0,False,-1
1396,NONE,0,0,0,False,-1
1397,DOUBLE,1,1,0,False,-1
1398,NONE,0,0,0,False,-1
1399,NONE,0,0,0,False,-1
1400,NONE,0,0,0,False,-1
1401,SINGLE,1,0,0,False,-1
1402,NONE,0,0,0,False,-1
1403,DOUBLE,1,1,0,False,-1
1404,DOUBLE,1,1,0,False,-1
1405,DOUBLE,1,1,0,False,-1
1406,NONE,0,0,0,False,-1
1407,NONE,0,0,0,False,-1
1408,SINGLE,0,0,1,False,-1
1409,SINGLE,0,1,0,False,-1
1410,NONE,0,0,0,False,-1
1411,NONE,0,0,0,False,-1
1412,SINGLE,0,0,1,False,-1
1413,NONE,0,0,0,False,-1
1414,DOUBLE,1,0,1,False,-1
1415,DOUBLE,1,1,0,False,-1
1416,SINGLE,0,0,1,False,-1
1417,DOUBLE,1,1,0,False,-1
1418,NONE,0,0,0,False,-1
1419,NONE,0,0,0,False,-1
1420,NONE,0,0,0,False,-1
1421,NONE,0,0,0,False,-1
1422,DOUBLE,1,1,0,False,-1
1423,NONE,0,0,0,False,-1
1424,NONE,0,0,0,False,-1
1425,NONE,0,0,0,False,-1
1426,DOUBLE,1,1,0,False,-1
1427,DOUBLE,1,1,0,False,-1
1428,NONE,0,0,0,False,-1
1429,NONE,0,0,0,False,-1
1430,NONE,0,0,0,False,-1
1431,NONE,0,0,0,False,-1
1432,NONE,0,0,0,False,-1
1433,NONE,0,0,0,False,-1
1434,DOUBLE,1,1,0,False,-1
1435,DOUBLE,1,1,0,False,-1
1436,SINGLE,0,0,1,False,-1
1437,NONE,0,0,0,False,-1
1438,NONE,0,0,0,False,-1
1439,DOUBLE,1,1,0,False,-1
1440,NONE,0,0,0,False,-1
1441,SINGLE,0,0,1,False,-1
1442,DOUBLE,1,1,0,False,-1
1443,SINGLE,0,0,1,False,-1
1444,DOUBLE,1,1,0,False,-1
1445,NONE,0,0,0,False,-1
1446,NONE,0,0,0,False,-1
1447,NONE,0,0,0,False,-1
1448,NONE,0,0,0,False,-1
1449,NONE,0,0,0,False,-1
1450,SINGLE,0,0,1,False,-1
1451,NONE,0,0,0,False,-1
1452,SINGLE,0,0,1,False,-1
1453,NONE,0,0,0,False,-1
1454,NONE,0,0,0,False,-1
1455,NONE,0,0,0,False,-1
1456,NONE,0,0,0,False,-1
1457,NONE,0,0,0,False,-1
1458,NONE,0,0,0,False,-1
1459,NONE,0,0,0,False,-1
1460,SINGLE,0,0,1,False,-1
1461,NONE,0,0,0,False,-1
1462,NONE,0,0,0,False,-1
1463,DOUBLE,1,1,0,False,-1
1464,NONE,0,0,0,False,-1
1465,NONE,0,0,0,False,-1
1466,NONE,0,0,0,False,-1
1467,SINGLE,0,1,0,False,-1
1468,NONE,0,0,0,False,-1
1469,NONE,0,0,0,False,-1
1470,NONE,0,0,0,False,-1
1471,DOUBLE,1,1,0,False,-1
1472,NONE,0,0,0,False,-1
1473,NONE,0,0,0,False,-1
1474,NONE,0,0,0,False,-1
1475,DOUBLE,1,1,0,False,-1
1476,DOUBLE,1,1,0,False,-1
1477,DOUBLE,1,1,0,False,-1
1478,DOUBLE,1,1,0,False,-1
1479,DOUBLE,1,1,0,False,-1
1480,DOUBLE,1,1,0,False,-1
1481,NONE,0,0,0,False,-1
1482,NONE,0,0,0,False,-1
1483,NONE,0,0,0,False,-1
1484,DOUBLE,1,1,0,False,-1
1485,NONE,0,0,0,False,-1
1486,DOUBLE,1,1,0,False,-1
1487,NONE,0,0,0,False,-1
1488,NONE,0,0,0,False,-1
1489,NONE,0,0,0,False,-1
1490,NONE,0,0,0,False,-1
1491,DOUBLE,1,1,0,False,-1
1492,NONE,0,0,0,False,-1
1493,DOUBLE,1,1,0,False,-1
1494,SINGLE,0,0,1,False,-1
1495,NONE,0,0,0,False,-1
1496,NONE,0,0,0,False,-1
1497,NONE,0,0,0,False,-1
1498,DOUBLE,1,1,0,False,-1
1499,NONE,0,0,0,False,-1
1500,NONE,0,0,0,False,-1
1501,NONE,0,0,0,False,-1
1502,NONE,0,0,0,False,-1
1503,NONE,0,0,0,False,-1
1504,DOUBLE,1,1,0,False,-1
1505,DOUBLE,1,1,0,False,-1
1506,NONE,0,0,0,False,-1
1507,DOUBLE,1,1,0,False,-1
1508,NONE,0,0,0,False,-1
1509,NONE,0,0,0,False,-1
1510,NONE,0,0,0,False,-1
1511,NONE,0,0,0,False,-1
1512,DOUBLE,1,1,0,False,-1
1513,NONE,0,0,0,False,-1
1514,NONE,0,0,0,False,-1
1515,NONE,0,0,0,False,-1
1516,SINGLE,0,0,1,False,-1
1517,NONE,0,0,0,False,-1
1518,NONE,0,0,0,False,-1
1519,NONE,0,0,0,False,-1
1520,SINGLE,0,1,0,False,-1
1521,NONE,0,0,0,False,-1
1522,SINGLE,0,0,1,False,-1
1523,DOUBLE,1,1,0,False,-1
1524,SINGLE,1,0,0,False,-1
1525,NONE,0,0,0,False,-1
1526,DOUBLE,1,1,0,False,-1
1527,NONE,0,0,0,False,-1
1528,NONE,0,0,0,False,-1
1529,NONE,0,0,0,False,-1
1530,NONE,0,0,0,False,-1
1531,NONE,0,0,0,False,-1
1532,NONE,0,0,0,False,-1
1533,DOUBLE,1,1,0,False,-1
1534,NONE,0,0,0,False,-1
1535,NONE,0,0,0,False,-1
1536,DOUBLE,1,1,0,False,-1
1537,NONE,0,0,0,False,-1
1538,DOUBLE,1,1,0,False,-1
1539,DOUBLE,1,1,0,False,-1
1540,NONE,0,0,0,False,-1
1541,NONE,0,0,0,False,-1
1542,NONE,0,0,0,False,-1
1543,NONE,0,0,0,False,-1
1544,NONE,0,0,0,False,-1
1545,NONE,0,0,0,False,-1
1546,NONE,0,0,0,False,-1
1547,NONE,0,0,0,False,-1
1548,NONE,0,0,0,False,-1
1549,NONE,0,0,0,False,-1
1550,NONE,0,0,0,False,-1
1551,NONE,0,0,0,False,-1
1552,DOUBLE,1,1,0,False,-1
1553,NONE,0,0,0,False,-1
1554,SINGLE,0,0,1,False,-1
1555,DOUBLE,1,1,0,False,-1
1556,NONE,0,0,0,False,-1
1557,NONE,0,0,0,False,-1
1558,DOUBLE,1,1,0,False,-1
1559,NONE,0,0,0,False,-1
1560,NONE,0,0,0,False,-1
1561,NONE,0,0,0,False,-1
1562,NONE,0,0,0,False,-1
1563,DOUBLE,1,1,0,False,-1
1564,NONE,0,0,0,False,-1
1565,NONE,0,0,0,False,-1
1566,TRIPLE,1,1,1,False,-1
1567,NONE,0,0,0,False,-1
1568,SINGLE,0,1,0,False,-1
1569,NONE,0,0,0,False,-1
1570,DOUBLE,1,1,0,False,-1
1571,SINGLE,0,0,1,False,-1
1572,DOUBLE,1,1,0,False,-1
1573,DOUBLE,1,1,0,False,-1
1574,NONE,0,0,0,False,-1
1575,NONE,0,0,0,False,-1
1576,NONE,0,0,0,False,-1
1577,SINGLE,0,1,0,False,-1
1578,NONE,0,0,0,False,-1
1579,NONE,0,0,0,False,-1
1580,NONE,0,0,0,False,-1
1581,SINGLE,1,0,0,False,-1
1582,SINGLE,1,0,0,False,-1
1583,DOUBLE,1,1,0,False,-1
1584,DOUBLE,1,1,0,False,-1
1585,DOUBLE,1,1,0,False,-1
1586,DOUBLE,1,0,1,False,-1
1587,NONE,0,0,0,False,-1
1588,NONE,0,0,0,False,-1
1589,NONE,0,0,0,False,-1
1590,NONE,0,0,0,False,-1
1591,NONE,0,0,0,False,-1
1592,NONE,0,0,0,False,-1
1593,NONE,0,0,0,False,-1
1594,NONE,0,0,0,False,-1
1595,NONE,0,0,0,False,-1
1596,NONE,0,0,0,False,-1
1597,SINGLE,0,0,1,False,-1
1598,NONE,0,0,0,False,-1
1599,DOUBLE,1,1,0,False,-1
1600,NONE,0,0,0,False,-1
1601,DOUBLE,1,1,0,False,-1
1602,SINGLE,1,0,0,False,-1
1603,NONE,0,0,0,False,-1
1604,NONE,0,0,0,False,-1
1605,NONE,0,0,0,False,-1
1606,NONE,0,0,0,False,-1
1607,NONE,0,0,0,False,-1
1608,DOUBLE,1,1,0,False,-1
1609,DOUBLE,1,1,0,False,-1
1610,DOUBLE,1,1,0,False,-1
1611,SINGLE,0,0,1,False,-1
1612,DOUBLE,1,1,0,False,-1
1613,NONE,0,0,0,False,-1
1614,SINGLE,1,0,0,False,-1
1615,DOUBLE,1,1,0,False,-1
1616,NONE,0,0,0,False,-1
1617,NONE,0,0,0,False,-1
1618,DOUBLE,1,1,0,False,-1
1619,NONE,0,0,0,False,-1
1620,NONE,0,0,0,False,-1
1621,NONE,0,0,0,False,-1
1622,SINGLE,1,0,0,False,-1
1623,NONE,0,0,0,False,-1
1624,NONE,0,0,0,False,-1
1625,DOUBLE,1,1,0,False,-1
1626,NONE,0,0,0,False,-1
1627,NONE,0,0,0,False,-1
1628,SINGLE,1,0,0,False,-1
1629,SINGLE,1,0,0,False,-1
1630,NONE,0,0,0,False,-1
1631,NONE,0,0,0,False,-1
1632,NONE,0,0,0,False,-1
1633,DOUBLE,1,1,0,False,-1
1634,NONE,0,0,0,False,-1
1635,NONE,0,0,0,False,-1
1636,NONE,0,0,0,False,-1
1637,NONE,0,0,0,False,-1
1638,NONE,0,0,0,False,-1
1639,NONE,0,0,0,False,-1
1640,NONE,0,0,0,False,-1
1641,DOUBLE,1,1,0,False,-1
1642,NONE,0,0,0,False,-1
1643,NONE,0,0,0,False,-1
1644,NONE,0,0,0,False,-1
1645,NONE,0,0,0,False,-1
1646,SINGLE,0,1,0,False,-1
1647,SINGLE,0,0,1,False,-1
1648,NONE,0,0,0,False,-1
1649,NONE,0,0,0,False,-1
1650,NONE,0,0,0,False,-1
1651,NONE,0,0,0,False,-1
1652,NONE,0,0,0,False,-1
1653,NONE,0,0,0,False,-1
1654,NONE,0,0,0,False,-1
1655,NONE,0,0,0,False,-1
1656,DOUBLE,1,1,0,False,-1
1657,DOUBLE,1,1,0,False,-1
1658,DOUBLE,1,1,0,False,-1
1659,DOUBLE,1,1,0,False,-1
1660,DOUBLE,1,1,0,False,-1
1661,NONE,0,0,0,False,-1
1662,NONE,0,0,0,False,-1
1663,NONE,0,0,0,False,-1
1664,DOUBLE,1,1,0,False,-1
1665,NONE,0,0,0,False,-1
1666,NONE,0,0,0,False,-1
1667,NONE,0,0,0,False,-1
1668,NONE,0,0,0,False,-1
1669,NONE,0,0,0,False,-1
1670,NONE,0,0,0,False,-1
1671,NONE,0,0,0,False,-1
1672,NONE,0,0,0,False,-1
1673,DOUBLE,1,1,0,False,-1
1674,NONE,0,0,0,False,-1
1675,DOUBLE,1,1,0,False,-1
1676,NONE,0,0,0,False,-1
1677,NONE,0,0,0,False,-1
1678,NONE,0,0,0,False,-1
1679,NONE,0,0,0,False,-1
1680,DOUBLE,1,1,0,False,-1
1681,DOUBLE,1,1,0,False,-1
1682,NONE,0,0,0,False,-1
1683,NONE,0,0,0,False,-1
1684,NONE,0,0,0,False,-1
1685,NONE,0,0,0,False,-1
1686,DOUBLE,1,1,0,False,-1
1687,NONE,0,0,0,False,-1
1688,NONE,0,0,0,False,-1
1689,NONE,0,0,0,False,-1
1690,SINGLE,0,0,1,False,-1
1691,DOUBLE,1,1,0,False,-1
1692,DOUBLE,1,1,0,False,-1
1693,NONE,0,0,0,False,-1
1694,NONE,0,0,0,False,-1
1695,NONE,0,0,0,False,-1
1696,SINGLE,1,0,0,False,-1
1697,DOUBLE,1,1,0,False,-1
1698,DOUBLE,1,1,0,False,-1
1699,SINGLE,1,0,0,False,-1
1700,DOUBLE,1,1,0,False,-1
1701,NONE,0,0,0,False,-1
1702,NONE,0,0,0,False,-1
1703,NONE,0,0,0,False,-1
1704,NONE,0,0,0,False,-1
1705,NONE,0,0,0,False,-1
1706,NONE,0,0,0,False,-1
1707,NONE,0,0,0,False,-1
1708,NONE,0,0,0,False,-1
1709,NONE,0,0,0,False,-1
1710,DOUBLE,1,1,0,False,-1
1711,NONE,0,0,0,False,-1
1712,SINGLE,1,0,0,False,-1
1713,DOUBLE,1,1,0,False,-1
1714,DOUBLE,1,1,0,False,-1
1715,DOUBLE,1,1,0,False,-1
1716,NONE,0,0,0,False,-1
1717,NONE,0,0,0,False,-1
1718,NONE,0,0,0,False,-1
1719,NONE,0,0,0,False,-1
1720,DOUBLE,1,1,0,False,-1
1721,NONE,0,0,0,False,-1
1722,NONE,0,0,0,False,-1
1723,TRIPLE,1,1,1,False,-1
1724,NONE,0,0,0,False,-1
1725,NONE,0,0,0,False,-1
1726,NONE,0,0,0,False,-1
1727,DOUBLE,1,1,0,False,-1
1728,NONE,0,0,0,False,-1
1729,NONE,0,0,0,False,-1
1730,NONE,0,0,0,False,-1
1731,NONE,0,0,0,False,-1
1732,NONE,0,0,0,False,-1
1733,NONE,0,0,0,False,-1
1734,DOUBLE,1,1,0,False,-1
1735,DOUBLE,1,1,0,False,-1
1736,NONE,0,0,0,False,-1
1737,NONE,0,0,0,False,-1
1738,NONE,0,0,0,False,-1
1739,NONE,0,0,0,False,-1
1740,NONE,0,0,0,False,-1
1741,DOUBLE,1,1,0,False,-1
1742,DOUBLE,1,1,0,False,-1
1743,NONE,0,0,0,False,-1
1744,NONE,0,0,0,False,-1
1745,NONE,0,0,0,False,-1
1746,DOUBLE,1,1,0,False,-1
1747,NONE,0,0,0,False,-1
1748,DOUBLE,1,1,0,False,-1
1749,DOUBLE,1,1,0,False,-1
1750,SINGLE,0,0,1,False,-1
1751,DOUBLE,1,1,0,False,-1
1752,DOUBLE,1,1,0,False,-1
1753,NONE,0,0,0,False,-1
1754,NONE,0,0,0,False,-1
1755,DOUBLE,1,1,0,False,-1
1756,DOUBLE,1,1,0,False,-1
1757,DOUBLE,1,1,0,False,-1
1758,SINGLE,0,0,1,False,-1
1759,SINGLE,0,0,1,False,-1
1760,DOUBLE,1,1,0,False,-1
1761,DOUBLE,1,1,0,False,-1
1762,DOUBLE,1,1,0,False,-1
1763,NONE,0,0,0,False,-1
1764,NONE,0,0,0,False,-1
1765,DOUBLE,1,1,0,False,-1
1766,NONE,0,0,0,False,-1
1767,NONE,0,0,0,False,-1
1768,DOUBLE,1,1,0,False,-1
1769,NONE,0,0,0,False,-1
1770,NONE,0,0,0,False,-1
1771,DOUBLE,1,1,0,False,-1
1772,DOUBLE,1,1,0,False,-1
1773,NONE,0,0,0,False,-1
1774,SINGLE,1,0,0,False,-1
1775,DOUBLE,1,1,0,False,-1
1776,NONE,0,0,0,False,-1
1777,NONE,0,0,0,False,-1
1778,DOUBLE,1,1,0,False,-1
1779,DOUBLE,1,1,0,False,-1
1780,NONE,0,0,0,False,-1
1781,SINGLE,1,0,0,False,-1
1782,NONE,0,0,0,False,-1
1783,NONE,0,0,0,False,-1
1784,DOUBLE,1,1,0,False,-1
1785,NONE,0,0,0,False,-1
1786,NONE,0,0,0,False,-1
1787,NONE,0,0,0,False,-1
1788,NONE,0,0,0,False,-1
1789,NONE,0,0,0,False,-1
1790,NONE,0,0,0,False,-1
1791,NONE,0,0,0,False,-1
1792,SINGLE,1,0,0,False,-1
1793,DOUBLE,1,1,0,False,-1
1794,NONE,0,0,0,False,-1
1795,NONE,0,0,0,False,-1
1796,NONE,0,0,0,False,-1
1797,NONE,0,0,0,False,-1
1798,NONE,0,0,0,False,-1
1799,DOUBLE,1,1,0,False,-1
1800,NONE,0,0,0,False,-1
1801,NONE,0,0,0,False,-1
1802,NONE,0,0,0,False,-1
1803,DOUBLE,1,1,0,False,-1
1804,NONE,0,0,0,False,-1
1805,NONE,0,0,0,False,-1
1806,NONE,0,0,0,False,-1
1807,DOUBLE,1,1,0,False,-1
1808,NONE,0,0,0,False,-1
1809,NONE,0,0,0,False,-1
1810,NONE,0,0,0,False,-1
1811,NONE,0,0,0,False,-1
1812,SINGLE,0,0,1,False,-1
1813,NONE,0,0,0,False,-1
1814,NONE,0,0,0,False,-1
1815,NONE,0,0,0,False,-1
1816,NONE,0,0,0,False,-1
1817,DOUBLE,1,1,0,False,-1
1818,NONE,0,0,0,False,-1
1819,DOUBLE,1,1,0,False,-1
1820,NONE,0,0,0,False,-1
1821,NONE,0,0,0,False,-1
1822,NONE,0,0,0,False,-1
1823,NONE,0,0,0,False,-1
1824,NONE,0,0,0,False,-1
1825,NONE,0,0,0,False,-1
1826,NONE,0,0,0,False,-1
1827,NONE,0,0,0,False,-1
1828,NONE,0,0,0,False,-1
1829,NONE,0,0,0,False,-1
1830,NONE,0,0,0,False,-1
1831,NONE,0,0,0,False,-1
1832,NONE,0,0,0,False,-1
1833,SINGLE,0,1,0,False,-1
1834,SINGLE,0,0,1,False,-1
1835,DOUBLE,1,1,0,False,-1
1836,SINGLE,0,0,1,False,-1
1837,NONE,0,0,0,False,-1
1838,NONE,0,0,0,False,-1
1839,NONE,0,0,0,False,-1
1840,DOUBLE,1,1,0,False,-1
1841,SINGLE,1,0,0,False,-1
1842,NONE,0,0,0,False,-1
1843,NONE,0,0,0,False,-1
1844,NONE,0,0,0,False,-1
1845,DOUBLE,1,1,0,False,-1
1846,NONE,0,0,0,False,-1
1847,NONE,0,0,0,False,-1
1848,NONE,0,0,0,False,-1
1849,NONE,0,0,0,False,-1
1850,NONE,0,0,0,False,-1
1851,NONE,0,0,0,False,-1
1852,NONE,0,0,0,False,-1
1853,DOUBLE,1,1,0,False,-1
1854,NONE,0,0,0,False,-1
1855,DOUBLE,1,1,0,False,-1
1856,DOUBLE,1,1,0,False,-1
1857,NONE,0,0,0,False,-1
1858,NONE,0,0,0,False,-1
1859,NONE,0,0,0,False,-1
1860,NONE,0,0,0,False,-1
1861,DOUBLE,1,1,0,False,-1
1862,DOUBLE,1,1,0,False,-1
1863,NONE,0,0,0,False,-1
1864,NONE,0,0,0,False,-1
1865,NONE,0,0,0,False,-1
1866,SINGLE,0,1,0,False,-1
1867,SINGLE,0,0,1,False,-1
1868,NONE,0,0,0,False,-1
1869,NONE,0,0,0,False,-1
1870,NONE,0,0,0,False,-1
1871,NONE,0,0,0,False,-1
1872,SINGLE,1,0,0,False,-1
1873,NONE,0,0,0,False,-1
1874,DOUBLE,1,1,0,False,-1
1875,NONE,0,0,0,False,-1
1876,NONE,0,0,0,False,-1
1877,DOUBLE,1,1,0,False,-1
1878,DOUBLE,1,1,0,False,-1
1879,SINGLE,0,1,0,False,-1
1880,NONE,0,0,0,False,-1
1881,NONE,0,0,0,False,-1
1882,NONE,0,0,0,False,-1
1883,NONE,0,0,0,False,-1
1884,NONE,0,0,0,False,-1
1885,NONE,0,0,0,False,-1
1886,NONE,0,0,0,False,-1
1887,SINGLE,0,1,0,False,-1
1888,NONE,0,0,0,False,-1
1889,SINGLE,0,0,1,False,-1
1890,NONE,0,0,0,False,-1
1891,SINGLE,1,0,0,False,-1
1892,NONE,0,0,0,False,-1
1893,NONE,0,0,0,False,-1
1894,DOUBLE,1,1,0,False,-1
1895,DOUBLE,1,1,0,False,-1
1896,NONE,0,0,0,False,-1
1897,SINGLE,0,0,1,False,-1
1898,NONE,0,0,0,False,-1
1899,NONE,0,0,0,False,-1
1900,NONE,0,0,0,False,-1
1901,NONE,0,0,0,False,-1
1902,SINGLE,1,0,0,False,-1
1903,NONE,0,0,0,False,-1
1904,NONE,0,0,0,False,-1
1905,NONE,0,0,0,False,-1
1906,NONE,0,0,0,False,-1
1907,NONE,0,0,0,False,-1
1908,SINGLE,0,0,1,False,-1
1909,NONE,0,0,0,False,-1
1910,NONE,0,0,0,False,-1
1911,DOUBLE,1,1,0,False,-1
1912,DOUBLE,1,1,0,False,-1
1913,NONE,0,0,0,False,-1
1914,NONE,0,0,0,False,-1
1915,NONE,0,0,0,False,-1
1916,DOUBLE,1,1,0,False,-1
1917,NONE,0,0,0,False,-1
1918,NONE,0,0,0,False,-1
1919,SINGLE,0,0,1,False,-1
1920,SINGLE,0,0,1,False,-1
1921,NONE,0,0,0,False,-1
1922,NONE,0,0,0,False,-1
1923,DOUBLE,1,1,0,False,-1
1924,NONE,0,0,0,False,-1
1925,NONE,0,0,0,False,-1
1926,NONE,0,0,0,False,-1
1927,NONE,0,0,0,False,-1
1928,DOUBLE,1,1,0,False,-1
1929,SINGLE,0,0,1,False,-1
1930,DOUBLE,1,1,0,False,-1
1931,NONE,0,0,0,False,-1
1932,NONE,0,0,0,False,-1
1933,SINGLE,0,0,1,False,-1
1934,DOUBLE,1,1,0,False,-1
1935,NONE,0,0,0,False,-1
1936,NONE,0,0,0,False,-1
1937,NONE,0,0,0,False,-1
1938,DOUBLE,1,1,0,False,-1
1939,NONE,0,0,0,False,-1
1940,NONE,0,0,0,False,-1
1941,DOUBLE,1,1,0,False,-1
1942,NONE,0,0,0,False,-1
1943,DOUBLE,1,1,0,False,-1
1944,DOUBLE,1,1,0,False,-1
1945,NONE,0,0,0,False,-1
1946,NONE,0,0,0,False,-1
1947,NONE,0,0,0,False,-1
1948,NONE,0,0,0,False,-1
1949,DOUBLE,1,1,0,False,-1
1950,NONE,0,0,0,False,-1
1951,SINGLE,0,0,1,False,-1
1952,NONE,0,0,0,False,-1
1953,NONE,0,0,0,False,-1
1954,NONE,0,0,0,False,-1
1955,DOUBLE,1,1,0,False,-1
1956,NONE,0,0,0,False,-1
1957,NONE,0,0,0,False,-1
1958,DOUBLE,1,1,0,False,-1
1959,DOUBLE,1,1,0,False,-1
1960,NONE,0,0,0,False,-1
1961,DOUBLE,1,1,0,False,-1
1962,NONE,0,0,0,False,-1
1963,NONE,0,0,0,False,-1
1964,NONE,0,0,0,False,-1
1965,NONE,0,0,0,False,-1
1966,DOUBLE,1,1,0,False,-1
1967,NONE,0,0,0,False,-1
1968,NONE,0,0,0,False,-1
1969,NONE,0,0,0,False,-1
1970,NONE,0,0,0,False,-1
1971,NONE,0,0,0,False,-1
1972,NONE,0,0,0,False,-1
1973,NONE,0,0,0,False,-1
1974,SINGLE,0,1,0,False,-1
1975,NONE,0,0,0,False,-1
1976,NONE,0,0,0,False,-1
1977,SINGLE,0,1,0,False,-1
1978,NONE,0,0,0,False,-1
1979,NONE,0,0,0,False,-1
1980,NONE,0,0,0,False,-1
1981,NONE,0,0,0,False,-1
1982,DOUBLE,1,1,0,False,-1
1983,DOUBLE,1,1,0,False,-1
1984,NONE,0,0,0,False,-1
1985,NONE,0,0,0,False,-1
1986,NONE,0,0,0,False,-1
1987,DOUBLE,1,1,0,False,-1
1988,NONE,0,0,0,False,-1
1989,NONE,0,0,0,False,-1
1990,NONE,0,0,0,False,-1
1991,NONE,0,0,0,False,-1
1992,NONE,0,0,0,False,-1
1993,NONE,0,0,0,False,-1
1994,NONE,0,0,0,False,-1
1995,NONE,0,0,0,False,-1
1996,SINGLE,1,0,0,False,-1
1997,DOUBLE,1,1,0,False,-1
1998,NONE,0,0,0,False,-1
1999,DOUBLE,1,1,0,False,-1
2000,DOUBLE,1,1,0,False,-1
2001,NONE,0,0,0,False,-1
2002,NONE,0,0,0,False,-1
2003,NONE,0,0,0,False,-1
2004,NONE,0,0,0,False,-1
2005,DOUBLE,1,1,0,False,-1
2006,SINGLE,1,0,0,False,-1
2007,NONE,0,0,0,False,-1
2008,NONE,0,0,0,False,-1
2009,NONE,0,0,0,False,-1
2010,NONE,0,0,0,False,-1
2011,NONE,0,0,0,False,-1
2012,SINGLE,0,1,0,False,-1
2013,NONE,0,0,0,False,-1
2014,NONE,0,0,0,False,-1
2015,DOUBLE,1,1,0,False,-1
2016,SINGLE,0,0,1,False,-1
2017,DOUBLE,1,1,0,False,-1
2018,NONE,0,0,0,False,-1
2019,DOUBLE,1,1,0,False,-1
2020,DOUBLE,1,1,0,False,-1
2021,NONE,0,0,0,False,-1
2022,NONE,0,0,0,False,-1
2023,NONE,0,0,0,False,-1
2024,SINGLE,0,1,0,False,-1
2025,NONE,0,0,0,False,-1
2026,NONE,0,0,0,False,-1
2027,DOUBLE,1,1,0,False,-1
2028,NONE,0,0,0,False,-1
2029,SINGLE,0,1,0,False,-1
2030,SINGLE,0,1,0,False,-1
2031,NONE,0,0,0,False,-1
2032,DOUBLE,1,1,0,False,-1
2033,NONE,0,0,0,False,-1
2034,DOUBLE,1,1,0,False,-1
2035,NONE,0,0,0,False,-1
2036,SINGLE,1,0,0,False,-1
2037,NONE,0,0,0,False,-1
2038,NONE,0,0,0,False,-1
2039,NONE,0,0,0,False,-1
2040,SINGLE,1,0,0,False,-1
2041,DOUBLE,1,1,0,False,-1
2042,SINGLE,1,0,0,False,-1
2043,NONE,0,0,0,False,-1
2044,NONE,0,0,0,False,-1
2045,DOUBLE,1,1,0,False,-1
2046,DOUBLE,1,1,0,False,-1
2047,NONE,0,0,0,False,-1
2048,DOUBLE,1,1,0,False,-1
2049,DOUBLE,1,1,0,False,-1
2050,SINGLE,0,0,1,False,-1
2051,NONE,0,0,0,False,-1
2052,NONE,0,0,0,False,-1
2053,NONE,0,0,0,False,-1
2054,NONE,0,0,0,False,-1
2055,NONE,0,0,0,False,-1
2056,NONE,0,0,0,False,-1
2057,SINGLE,0,0,1,False,-1
2058,SINGLE,0,1,0,False,-1
2059,NONE,0,0,0,False,-1
2060,NONE,0,0,0,False,-1
2061,NONE,0,0,0,False,-1
2062,NONE,0,0,0,False,-1
2063,NONE,0,0,0,False,-1
2064,NONE,0,0,0,False,-1
2065,SINGLE,0,1,0,False,-1
2066,DOUBLE,1,1,0,False,-1
2067,NONE,0,0,0,False,-1
2068,SINGLE,0,0,1,False,-1
2069,NONE,0,0,0,False,-1
2070,NONE,0,0,0,False,-1
2071,NONE,0,0,0,False,-1
2072,NONE,0,0,0,False,-1
2073,NONE,0,0,0,False,-1
2074,DOUBLE,1,1,0,False,-1
2075,NONE,0,0,0,False,-1
2076,NONE,0,0,0,False,-1
2077,SINGLE,0,0,1,False,-1
2078,NONE,0,0,0,False,-1
2079,NONE,0,0,0,False,-1
2080,NONE,0,0,0,False,-1
2081,NONE,0,0,0,False,-1
2082,TRIPLE,1,1,1,False,-1
2083,NONE,0,0,0,False,-1
2084,NONE,0,0,0,False,-1
2085,DOUBLE,1,1,0,False,-1
2086,NONE,0,0,0,False,-1
2087,NONE,0,0,0,False,-1
2088,DOUBLE,1,1,0,False,-1
2089,NONE,0,0,0,False,-1
2090,DOUBLE,1,1,0,False,-1
2091,DOUBLE,1,1,0,False,-1
2092,NONE,0,0,0,False,-1
2093,NONE,0,0,0,False,-1
2094,NONE,0,0,0,False,-1
2095,SINGLE,0,0,1,False,-1
2096,NONE,0,0,0,False,-1
2097,NONE,0,0,0,False,-1
2098,NONE,0,0,0,False,-1
2099,NONE,0,0,0,False,-1
2100,NONE,0,0,0,False,-1
2101,NONE,0,0,0,False,-1
2102,DOUBLE,1,1,0,False,-1
2103,NONE,0,0,0,False,-1
2104,NONE,0,0,0,False,-1
2105,NONE,0,0,0,False,-1
2106,NONE,0,0,0,False,-1
2107,DOUBLE,1,1,0,False,-1
2108,DOUBLE,1,1,0,False,-1
2109,SINGLE,0,0,1,False,-1
2110,NONE,0,0,0,False,-1
2111,DOUBLE,1,1,0,False,-1
2112,NONE,0,0,0,False,-1
2113,NONE,0,0,0,False,-1
2114,NONE,0,0,0,False,-1
2115,NONE,0,0,0,False,-1
2116,DOUBLE,1,1,0,False,-1
2117,NONE,0,0,0,False,-1
2118,NONE,0,0,0,False,-1
2119,DOUBLE,1,1,0,False,-1
2120,NONE,0,0,0,False,-1
2121,DOUBLE,1,1,0,False,-1
2122,NONE,0,0,0,False,-1
2123,SINGLE,0,1,0,False,-1
2124,NONE,0,0,0,False,-1
2125,NONE,0,0,0,False,-1
2126,NONE,0,0,0,False,-1
2127,NONE,0,0,0,False,-1
2128,SINGLE,1,0,0,False,-1
2129,NONE,0,0,0,False,-1
2130,NONE,0,0,0,False,-1
2131,NONE,0,0,0,False,-1
2132,DOUBLE,1,1,0,False,-1
2133,SINGLE,0,0,1,False,-1
2134,NONE,0,0,0,False,-1
2135,NONE,0,0,0,False,-1
2136,NONE,0,0,0,False,-1
2137,NONE,0,0,0,False,-1
2138,NONE,0,0,0,False,-1
2139,NONE,0,0,0,False,-1
2140,NONE,0,0,0,False,-1
2141,NONE,0,0,0,False,-1
2142,NONE,0,0,0,False,-1
2143,SINGLE,1,0,0,False,-1
2144,NONE,0,0,0,False,-1
2145,NONE,0,0,0,False,-1
2146,NONE,0,0,0,False,-1
2147,NONE,0,0,0,False,-1
2148,NONE,0,0,0,False,-1
2149,NONE,0,0,0,False,-1
2150,NONE,0,0,0,False,-1
2151,NONE,0,0,0,False,-1
2152,NONE,0,0,0,False,-1
2153,DOUBLE,1,1,0,False,-1
2154,NONE,0,0,0,False,-1
2155,NONE,0,0,0,False,-1
2156,NONE,0,0,0,False,-1
2157,NONE,0,0,0,False,-1
2158,DOUBLE,1,1,0,False,-1
2159,NONE,0,0,0,False,-1
2160,NONE,0,0,0,False,-1
2161,NONE,0,0,0,False,-1
2162,NONE,0,0,0,False,-1
2163,NONE,0,0,0,False,-1
2164,NONE,0,0,0,False,-1
2165,DOUBLE,1,1,0,False,-1
2166,DOUBLE,1,1,0,False,-1
2167,NONE,0,0,0,False,-1
2168,NONE,0,0,0,False,-1
2169,SINGLE,0,1,0,False,-1
2170,NONE,0,0,0,False,-1
2171,NONE,0,0,0,False,-1
2172,NONE,0,0,0,False,-1
2173,DOUBLE,1,1,0,False,-1
2174,NONE,0,0,0,False,-1
2175,NONE,0,0,0,False,-1
2176,SINGLE,0,0,1,False,-1
2177,NONE,0,0,0,False,-1
2178,NONE,0,0,0,False,-1
2179,NONE,0,0,0,False,-1
2180,NONE,0,0,0,False,-1
2181,NONE,0,0,0,False,-1
2182,NONE,0,0,0,False,-1
2183,SINGLE,0,0,1,False,-1
2184,SINGLE,1,0,0,False,-1
2185,NONE,0,0,0,False,-1
2186,NONE,0,0,0,False,-1
2187,NONE,0,0,0,False,-1
2188,NONE,0,0,0,False,-1
2189,DOUBLE,1,1,0,False,-1
2190,DOUBLE,1,1,0,False,-1
2191,NONE,0,0,0,False,-1
2192,NONE,0,0,0,False,-1
2193,NONE,0,0,0,False,-1
2194,DOUBLE,1,1,0,False,-1
2195,DOUBLE,1,1,0,False,-1
2196,NONE,0,0,0,False,-1
2197,NONE,0,0,0,False,-1
2198,SINGLE,0,0,1,False,-1
2199,NONE,0,0,0,False,-1
2200,NONE,0,0,0,False,-1
2201,DOUBLE,1,1,0,False,-1
2202,NONE,0,0,0,False,-1
2203,SINGLE,0,0,1,False,-1
2204,NONE,0,0,0,False,-1
2205,NONE,0,0,0,False,-1
2206,NONE,0,0,0,False,-1
2207,DOUBLE,1,1,0,False,-1
2208,NONE,0,0,0,False,-1
2209,NONE,0,0,0,False,-1
2210,NONE,0,0,0,False,-1
2211,SINGLE,0,0,1,False,-1
2212,DOUBLE,1,1,0,False,-1
2213,NONE,0,0,0,False,-1
2214,DOUBLE,1,1,0,False,-1
2215,NONE,0,0,0,False,-1
2216,SINGLE,1,0,0,False,-1
2217,NONE,0,0,0,False,-1
2218,NONE,0,0,0,False,-1
2219,NONE,0,0,0,False,-1
2220,DOUBLE,1,1,0,False,-1
2221,NONE,0,0,0,False,-1
2222,DOUBLE,1,1,0,False,-1
2223,NONE,0,0,0,False,-1
2224,DOUBLE,1,1,0,False,-1
2225,DOUBLE,1,1,0,False,-1
2226,DOUBLE,1,1,0,False,-1
2227,SINGLE,0,1,0,False,-1
2228,NONE,0,0,0,False,-1
2229,NONE,0,0,0,False,-1
2230,NONE,0,0,0,False,-1
2231,NONE,0,0,0,False,-1
2232,NONE,0,0,0,False,-1
2233,SINGLE,0,0,1,False,-1
2234,DOUBLE,1,1,0,False,-1
2235,NONE,0,0,0,False,-1
2236,NONE,0,0,0,False,-1
2237,DOUBLE,1,1,0,False,-1
2238,NONE,0,0,0,False,-1
2239,NONE,0,0,0,False,-1
2240,DOUBLE,1,1,0,False,-1
2241,NONE,0,0,0,False,-1
2242,DOUBLE,1,1,0,False,-1
2243,SINGLE,0,0,1,False,-1
2244,NONE,0,0,0,False,-1
2245,NONE,0,0,0,False,-1
2246,NONE,0,0,0,False,-1
2247,NONE,0,0,0,False,-1
2248,DOUBLE,1,1,0,False,-1
2249,NONE,0,0,0,False,-1
2250,DOUBLE,1,1,0,False,-1
2251,NONE,0,0,0,False,-1
2252,NONE,0,0,0,False,-1
2253,SINGLE,1,0,0,False,-1
2254,SINGLE,1,0,0,False,-1
2255,NONE,0,0,0,False,-1
2256,DOUBLE,1,1,0,False,-1
2257,NONE,0,0,0,False,-1
2258,NONE,0,0,0,False,-1
2259,NONE,0,0,0,False,-1
2260,NONE,0,0,0,False,-1
2261,NONE,0,0,0,False,-1
2262,NONE,0,0,0,False,-1
2263,NONE,0,0,0,False,-1
2264,DOUBLE,1,1,0,False,-1
2265,NONE,0,0,0,False,-1
2266,SINGLE,0,0,1,False,-1
2267,NONE,0,0,0,False,-1
2268,NONE,0,0,0,False,-1
2269,SINGLE,0,0,1,False,-1
2270,NONE,0,0,0,False,-1
2271,NONE,0,0,0,False,-1
2272,NONE,0,0,0,False,-1
2273,NONE,0,0,0,False,-1
2274,NONE,0,0,0,False,-1
2275,NONE,0,0,0,False,-1
2276,NONE,0,0,0,False,-1
2277,NONE,0,0,0,False,-1
2278,NONE,0,0,0,False,-1
2279,NONE,0,0,0,False,-1
2280,NONE,0,0,0,False,-1
2281,NONE,0,0,0,False,-1
2282,NONE,0,0,0,False,-1
2283,NONE,0,0,0,False,-1
2284,SINGLE,1,0,0,False,-1
2285,NONE,0,0,0,False,-1
2286,NONE,0,0,0,False,-1
2287,NONE,0,0,0,False,-1
2288,NONE,0,0,0,False,-1
2289,NONE,0,0,0,False,-1
2290,NONE,0,0,0,False,-1
2291,NONE,0,0,0,False,-1
2292,NONE,0,0,0,False,-1
2293,SINGLE,1,0,0,False,-1
2294,NONE,0,0,0,False,-1
2295,DOUBLE,1,1,0,False,-1
2296,NONE,0,0,0,False,-1
2297,NONE,0,0,0,False,-1
2298,DOUBLE,1,1,0,False,-1
2299,SINGLE,0,0,1,False,-1
2300,DOUBLE,1,1,0,False,-1
2301,DOUBLE,1,1,0,False,-1
2302,DOUBLE,1,1,0,False,-1
2303,DOUBLE,1,1,0,False,-1
2304,DOUBLE,1,1,0,False,-1
2305,NONE,0,0,0,False,-1
2306,NONE,0,0,0,False,-1
2307,SINGLE,0,1,0,False,-1
2308,DOUBLE,1,1,0,False,-1
2309,NONE,0,0,0,False,-1
2310,DOUBLE,1,1,0,False,-1
2311,NONE,0,0,0,False,-1
2312,NONE,0,0,0,False,-1
2313,DOUBLE,1,1,0,False,-1
2314,NONE,0,0,0,False,-1
2315,DOUBLE,1,1,0,False,-1
2316,DOUBLE,1,1,0,False,-1
2317,SINGLE,0,1,0,False,-1
2318,DOUBLE,1,1,0,False,-1
2319,NONE,0,0,0,False,-1
2320,NONE,0,0,0,False,-1
2321,NONE,0,0,0,False,-1
2322,NONE,0,0,0,False,-1
2323,DOUBLE,1,1,0,False,-1
2324,NONE,0,0,0,False,-1
2325,DOUBLE,1,1,0,False,-1
2326,SINGLE,0,1,0,False,-1
2327,SINGLE,0,1,0,False,-1
2328,SINGLE,1,0,0,False,-1
2329,NONE,0,0,0,False,-1
2330,NONE,0,0,0,False,-1
2331,DOUBLE,1,1,0,False,-1
2332,DOUBLE,1,1,0,False,-1
2333,SINGLE,1,0,0,False,-1
2334,DOUBLE,1,1,0,False,-1
2335,NONE,0,0,0,False,-1
2336,NONE,0,0,0,False,-1
2337,NONE,0,0,0,False,-1
2338,NONE,0,0,0,False,-1
2339,NONE,0,0,0,False,-1
2340,NONE,0,0,0,False,-1
2341,NONE,0,0,0,False,-1
2342,NONE,0,0,0,False,-1
2343,NONE,0,0,0,False,-1
2344,DOUBLE,1,1,0,False,-1
2345,NONE,0,0,0,False,-1
2346,NONE,0,0,0,False,-1
2347,NONE,0,0,0,False,-1
2348,NONE,0,0,0,False,-1
2349,NONE,0,0,0,False,-1
2350,NONE,0,0,0,False,-1
2351,NONE,0,0,0,False,-1
2352,NONE,0,0,0,False,-1
2353,NONE,0,0,0,False,-1
2354,SINGLE,0,1,0,False,-1
2355,NONE,0,0,0,False,-1
2356,NONE,0,0,0,False,-1
2357,DOUBLE,1,1,0,False,-1
2358,NONE,0,0,0,False,-1
2359,NONE,0,0,0,False,-1
2360,NONE,0,0,0,False,-1
2361,NONE,0,0,0,False,-1
2362,NONE,0,0,0,False,-1
2363,NONE,0,0,0,False,-1
2364,SINGLE,0,1,0,False,-1
2365,DOUBLE,1,1,0,False,-1
2366,SINGLE,0,1,0,False,-1
2367,NONE,0,0,0,False,-1
2368,NONE,0,0,0,False,-1
2369,NONE,0,0,0,False,-1
2370,DOUBLE,1,1,0,False,-1
2371,NONE,0,0,0,False,-1
2372,NONE,0,0,0,False,-1
2373,DOUBLE,1,1,0,False,-1
2374,SINGLE,0,0,1,False,-1
2375,NONE,0,0,0,False,-1
2376,NONE,0,0,0,False,-1
2377,NONE,0,0,0,False,-1
2378,NONE,0,0,0,False,-1
2379,NONE,0,0,0,False,-1
2380,SINGLE,0,1,0,False,-1
2381,SINGLE,1,0,0,False,-1
2382,NONE,0,0,0,False,-1
2383,NONE,0,0,0,False,-1
2384,NONE,0,0,0,False,-1
2385,DOUBLE,1,1,0,False,-1
2386,NONE,0,0,0,False,-1
2387,NONE,0,0,0,False,-1
2388,NONE,0,0,0,False,-1
2389,SINGLE,0,0,1,False,-1
2390,NONE,0,0,0,False,-1
2391,NONE,0,0,0,False,-1
2392,NONE,0,0,0,False,-1
2393,NONE,0,0,0,False,-1
2394,NONE,0,0,0,False,-1
2395,NONE,0,0,0,False,-1
2396,NONE,0,0,0,False,-1
2397,SINGLE,1,0,0,False,-1
2398,DOUBLE,1,1,0,False,-1
2399,DOUBLE,1,1,0,False,-1
2400,NONE,0,0,0,False,-1
2401,SINGLE,0,0,1,False,-1
2402,DOUBLE,1,1,0,False,-1
2403,DOUBLE,1,1,0,False,-1
2404,SINGLE,0,0,1,False,-1
2405,NONE,0,0,0,False,-1
2406,DOUBLE,1,1,0,False,-1
2407,NONE,0,0,0,False,-1
2408,SINGLE,0,0,1,False,-1
2409,NONE,0,0,0,False,-1
2410,NONE,0,0,0,False,-1
2411,DOUBLE,1,1,0,False,-1
2412,DOUBLE,1,1,0,False,-1
2413,DOUBLE,1,1,0,False,-1
2414,NONE,0,0,0,False,-1
2415,DOUBLE,1,1,0,False,-1
2416,NONE,0,0,0,False,-1
2417,SINGLE,0,1,0,False,-1
2418,NONE,0,0,0,False,-1
2419,DOUBLE,1,1,0,False,-1
2420,SINGLE,0,0,1,False,-1
2421,NONE,0,0,0,False,-1
2422,NONE,0,0,0,False,-1
2423,NONE,0,0,0,False,-1
2424,NONE,0,0,0,False,-1
2425,NONE,0,0,0,False,-1
2426,NONE,0,0,0,False,-1
2427,NONE,0,0,0,False,-1
2428,NONE,0,0,0,False,-1
2429,NONE,0,0,0,False,-1
2430,NONE,0,0,0,False,-1
2431,NONE,0,0,0,False,-1
2432,NONE,0,0,0,False,-1
2433,NONE,0,0,0,False,-1
2434,DOUBLE,1,1,0,False,-1
2435,DOUBLE,1,1,0,False,-1
2436,DOUBLE,1,1,0,False,-1
2437,NONE,0,0,0,False,-1
2438,NONE,0,0,0,False,-1
2439,SINGLE,0,0,1,False,-1
2440,DOUBLE,1,1,0,False,-1
2441,NONE,0,0,0,False,-1
2442,SINGLE,1,0,0,False,-1
2443,NONE,0,0,0,False,-1
2444,NONE,0,0,0,False,-1
2445,NONE,0,0,0,False,-1
2446,NONE,0,0,0,False,-1
2447,NONE,0,0,0,False,-1
2448,NONE,0,0,0,False,-1
2449,DOUBLE,1,1,0,False,-1
2450,NONE,0,0,0,False,-1
2451,NONE,0,0,0,False,-1
2452,SINGLE,0,0,1,False,-1
2453,NONE,0,0,0,False,-1
2454,NONE,0,0,0,False,-1
2455,SINGLE,0,0,1,False,-1
2456,DOUBLE,1,1,0,False,-1
2457,NONE,0,0,0,False,-1
2458,NONE,0,0,0,False,-1
2459,NONE,0,0,0,False,-1
2460,DOUBLE,1,1,0,False,-1
2461,DOUBLE,1,1,0,False,-1
2462,NONE,0,0,0,False,-1
2463,DOUBLE,1,1,0,False,-1
2464,NONE,0,0,0,False,-1
2465,DOUBLE,1,1,0,False,-1
2466,NONE,0,0,0,False,-1
2467,DOUBLE,1,1,0,False,-1
2468,NONE,0,0,0,False,-1
2469,NONE,0,0,0,False,-1
2470,DOUBLE,1,1,0,False,-1
2471,DOUBLE,1,1,0,False,-1
2472,NONE,0,0,0,False,-1
2473,SINGLE,0,0,1,False,-1
2474,NONE,0,0,0,False,-1
2475,NONE,0,0,0,False,-1
2476,NONE,0,0,0,False,-1
2477,NONE,0,0,0,False,-1
2478,NONE,0,0,0,False,-1
2479,NONE,0,0,0,False,-1
2480,DOUBLE,1,1,0,False,-1
2481,SINGLE,0,0,1,False,-1
2482,NONE,0,0,0,False,-1
2483,NONE,0,0,0,False,-1
2484,NONE,0,0,0,False,-1
2485,NONE,0,0,0,False,-1
2486,DOUBLE,1,1,0,False,-1
2487,NONE,0,0,0,False,-1
2488,NONE,0,0,0,False,-1
2489,NONE,0,0,0,False,-1
2490,DOUBLE,1,1,0,False,-1
2491,SINGLE,1,0,0,False,-1
2492,DOUBLE,1,1,0,False,-1
2493,NONE,0,0,0,False,-1
2494,DOUBLE,1,1,0,False,-1
2495,DOUBLE,1,1,0,False,-1
2496,NONE,0,0,0,False,-1
2497,NONE,0,0,0,False,-1
2498,NONE,0,0,0,False,-1
2499,SINGLE,0,0,1,False,-1
2500,NONE,0,0,0,False,-1
2501,SINGLE,0,0,1,False,-1
2502,NONE,0,0,0,False,-1
2503,SINGLE,0,0,1,False,-1
2504,NONE,0,0,0,False,-1
2505,NONE,0,0,0,False,-1
2506,NONE,0,0,0,False,-1
2507,NONE,0,0,0,False,-1
2508,DOUBLE,1,1,0,False,-1
2509,NONE,0,0,0,False,-1
2510,NONE,0,0,0,False,-1
2511,DOUBLE,1,1,0,False,-1
2512,NONE,0,0,0,False,-1
2513,NONE,0,0,0,False,-1
2514,NONE,0,0,0,False,-1
2515,NONE,0,0,0,False,-1
2516,NONE,0,0,0,False,-1
2517,SINGLE,0,0,1,False,-1
2518,DOUBLE,1,1,0,False,-1
2519,NONE,0,0,0,False,-1
2520,NONE,0,0,0,False,-1
2521,DOUBLE,1,1,0,False,-1
2522,NONE,0,0,0,False,-1
2523,SINGLE,0,0,1,False,-1
2524,NONE,0,0,0,False,-1
2525,SINGLE,1,0,0,False,-1
2526,NONE,0,0,0,False,-1
2527,NONE,0,0,0,False,-1
2528,NONE,0,0,0,False,-1
2529,NONE,0,0,0,False,-1
2530,NONE,0,0,0,False,-1
2531,NONE,0,0,0,False,-1
2532,NONE,0,0,0,False,-1
2533,DOUBLE,1,1,0,False,-1
2534,NONE,0,0,0,False,-1
2535,NONE,0,0,0,False,-1
2536,NONE,0,0,0,False,-1
2537,NONE,0,0,0,False,-1
2538,SINGLE,1,0,0,False,-1
2539,DOUBLE,1,1,0,False,-1
2540,DOUBLE,1,1,0,False,-1
2541,NONE,0,0,0,False,-1
2542,SINGLE,0,1,0,False,-1
2543,SINGLE,0,0,1,False,-1
2544,NONE,0,0,0,False,-1
2545,DOUBLE,1,1,0,False,-1
2546,SINGLE,0,0,1,False,-1
2547,SINGLE,0,0,1,False,-1
2548,NONE,0,0,0,False,-1
2549,SINGLE,1,0,0,False,-1
2550,NONE,0,0,0,False,-1
2551,NONE,0,0,0,False,-1
2552,NONE,0,0,0,False,-1
2553,DOUBLE,1,1,0,False,-1
2554,SINGLE,1,0,0,False,-1
2555,NONE,0,0,0,False,-1
2556,DOUBLE,1,1,0,False,-1
2557,NONE,0,0,0,False,-1
2558,DOUBLE,1,1,0,False,-1
2559,DOUBLE,1,1,0,False,-1
2560,NONE,0,0,0,False,-1
2561,NONE,0,0,0,False,-1
2562,NONE,0,0,0,False,-1
2563,NONE,0,0,0,False,-1
2564,NONE,0,0,0,False,-1
2565,NONE,0,0,0,False,-1
2566,NONE,0,0,0,False,-1
2567,SINGLE,1,0,0,False,-1
2568,SINGLE,0,0,1,False,-1
2569,NONE,0,0,0,False,-1
2570,NONE,0,0,0,False,-1
2571,NONE,0,0,0,False,-1
2572,NONE,0,0,0,False,-1
2573,SINGLE,1,0,0,False,-1
2574,NONE,0,0,0,False,-1
2575,NONE,0,0,0,False,-1
2576,NONE,0,0,0,False,-1
2577,DOUBLE,1,1,0,False,-1
2578,NONE,0,0,0,False,-1
2579,SINGLE,0,1,0,False,-1
2580,SINGLE,0,0,1,False,-1
2581,NONE,0,0,0,False,-1
2582,NONE,0,0,0,False,-1
2583,NONE,0,0,0,False,-1
2584,NONE,0,0,0,False,-1
2585,NONE,0,0,0,False,-1
2586,DOUBLE,1,1,0,False,-1
2587,NONE,0,0,0,False,-1
2588,DOUBLE,1,1,0,False,-1
2589,SINGLE,0,0,1,False,-1
2590,NONE,0,0,0,False,-1
2591,NONE,0,0,0,False,-1
2592,NONE,0,0,0,False,-1
2593,SINGLE,0,1,0,False,-1
2594,DOUBLE,1,1,0,False,-1
2595,SINGLE,0,0,1,False,-1
2596,NONE,0,0,0,False,-1
2597,SINGLE,1,0,0,False,-1
2598,NONE,0,0,0,False,-1
2599,NONE,0,0,0,False,-1
2600,NONE,0,0,0,False,-1
2601,DOUBLE,1,1,0,False,-1
2602,SINGLE,0,0,1,False,-1
2603,DOUBLE,1,1,0,False,-1
2604,DOUBLE,1,1,0,False,-1
2605,NONE,0,0,0,False,-1
2606,DOUBLE,1,1,0,False,-1
2607,SINGLE,1,0,0,False,-1
2608,NONE,0,0,0,False,-1
2609,SINGLE,0,0,1,False,-1
2610,NONE,0,0,0,False,-1
2611,SINGLE,0,0,1,False,-1
2612,DOUBLE,1,1,0,False,-1
2613,DOUBLE,1,1,0,False,-1
2614,DOUBLE,1,1,0,False,-1
2615,NONE,0,0,0,False,-1
2616,DOUBLE,1,1,0,False,-1
2617,NONE,0,0,0,False,-1
2618,NONE,0,0,0,False,-1
2619,NONE,0,0,0,False,-1
2620,NONE,0,0,0,False,-1
2621,NONE,0,0,0,False,-1
2622,DOUBLE,1,1,0,False,-1
2623,NONE,0,0,0,False,-1
2624,SINGLE,1,0,0,False,-1
2625,DOUBLE,1,1,0,False,-1
2626,DOUBLE,1,0,1,False,-1
2627,NONE,0,0,0,False,-1
2628,DOUBLE,1,1,0,False,-1
2629,NONE,0,0,0,False,-1
2630,NONE,0,0,0,False,-1
2631,DOUBLE,1,1,0,False,-1
2632,NONE,0,0,0,False,-1
2633,DOUBLE,1,1,0,False,-1
2634,NONE,0,0,0,False,-1
2635,DOUBLE,1,1,0,False,-1
2636,NONE,0,0,0,False,-1
2637,SINGLE,0,1,0,False,-1
2638,NONE,0,0,0,False,-1
2639,DOUBLE,1,1,0,False,-1
2640,DOUBLE,1,1,0,False,-1
2641,NONE,0,0,0,False,-1
2642,DOUBLE,1,1,0,False,-1
2643,NONE,0,0,0,False,-1
2644,NONE,0,0,0,False,-1
2645,NONE,0,0,0,False,-1
2646,NONE,0,0,0,False,-1
2647,NONE,0,0,0,False,-1
2648,NONE,0,0,0,False,-1
2649,NONE,0,0,0,False,-1
2650,NONE,0,0,0,False,-1
2651,NONE,0,0,0,False,-1
2652,NONE,0,0,0,False,-1
2653,NONE,0,0,0,False,-1
2654,SINGLE,0,0,1,False,-1
2655,SINGLE,0,0,1,False,-1
2656,DOUBLE,1,1,0,False,-1
2657,DOUBLE,1,1,0,False,-1
2658,NONE,0,0,0,False,-1
2659,NONE,0,0,0,False,-1
2660,DOUBLE,1,1,0,False,-1
2661,DOUBLE,1,1,0,False,-1
2662,NONE,0,0,0,False,-1
2663,NONE,0,0,0,False,-1
2664,NONE,0,0,0,False,-1
2665,NONE,0,0,0,False,-1
2666,DOUBLE,1,1,0,False,-1
2667,NONE,0,0,0,False,-1
2668,NONE,0,0,0,False,-1
2669,NONE,0,0,0,False,-1
2670,NONE,0,0,0,False,-1
2671,NONE,0,0,0,False,-1
2672,NONE,0,0,0,False,-1
2673,NONE,0,0,0,False,-1
2674,NONE,0,0,0,False,-1
2675,SINGLE,0,1,0,False,-1
2676,DOUBLE,1,1,0,False,-1
2677,DOUBLE,1,1,0,False,-1
2678,NONE,0,0,0,False,-1
2679,NONE,0,0,0,False,-1
2680,DOUBLE,1,1,0,False,-1
2681,NONE,0,0,0,False,-1
2682,NONE,0,0,0,False,-1
2683,DOUBLE,1,1,0,False,-1
2684,NONE,0,0,0,False,-1
2685,NONE,0,0,0,False,-1
2686,SINGLE,1,0,0,False,-1
2687,DOUBLE,1,1,0,False,-1
2688,NONE,0,0,0,False,-1
2689,SINGLE,0,0,1,False,-1
2690,DOUBLE,1,1,0,False,-1
2691,NONE,0,0,0,False,-1
2692,NONE,0,0,0,False,-1
2693,NONE,0,0,0,False,-1
2694,DOUBLE,1,1,0,False,-1
2695,SINGLE,0,0,1,False,-1
2696,DOUBLE,1,1,0,False,-1
2697,NONE,0,0,0,False,-1
2698,NONE,0,0,0,False,-1
2699,NONE,0,0,0,False,-1
2700,NONE,0,0,0,False,-1
2701,NONE,0,0,0,False,-1
2702,SINGLE,0,1,0,False,-1
2703,DOUBLE,1,1,0,False,-1
2704,NONE,0,0,0,False,-1
2705,NONE,0,0,0,False,-1
2706,NONE,0,0,0,False,-1
2707,NONE,0,0,0,False,-1
2708,NONE,0,0,0,False,-1
2709,SINGLE,0,0,1,False,-1
2710,NONE,0,0,0,False,-1
2711,NONE,0,0,0,False,-1
2712,NONE,0,0,0,False,-1
2713,NONE,0,0,0,False,-1
2714,DOUBLE,1,1,0,False,-1
2715,NONE,0,0,0,False,-1
2716,NONE,0,0,0,False,-1
2717,DOUBLE,1,1,0,False,-1
2718,DOUBLE,1,1,0,False,-1
2719,NONE,0,0,0,False,-1
2720,DOUBLE,1,1,0,False,-1
2721,DOUBLE,1,1,0,False,-1
2722,NONE,0,0,0,False,-1
2723,SINGLE,0,0,1,False,-1
2724,NONE,0,0,0,False,-1
2725,NONE,0,0,0,False,-1
2726,NONE,0,0,0,False,-1
2727,SINGLE,1,0,0,False,-1
2728,DOUBLE,1,1,0,False,-1
2729,NONE,0,0,0,False,-1
2730,NONE,0,0,0,False,-1
2731,DOUBLE,1,1,0,False,-1
2732,NONE,0,0,0,False,-1
2733,SINGLE,0,0,1,False,-1
2734,SINGLE,0,0,1,False,-1
2735,NONE,0,0,0,False,-1
2736,NONE,0,0,0,False,-1
2737,NONE,0,0,0,False,-1
2738,NONE,0,0,0,False,-1
2739,DOUBLE,1,1,0,False,-1
2740,NONE,0,0,0,False,-1
2741,DOUBLE,1,1,0,False,-1
2742,DOUBLE,1,1,0,False,-1
2743,SINGLE,1,0,0,False,-1
2744,NONE,0,0,0,False,-1
2745,NONE,0,0,0,False,-1
2746,SINGLE,0,0,1,False,-1
2747,DOUBLE,1,1,0,False,-1
2748,NONE,0,0,0,False,-1
2749,SINGLE,0,0,1,False,-1
2750,NONE,0,0,0,False,-1
2751,NONE,0,0,0,False,-1
2752,NONE,0,0,0,False,-1
2753,NONE,0,0,0,False,-1
2754,SINGLE,0,0,1,False,-1
2755,NONE,0,0,0,False,-1
2756,NONE,0,0,0,False,-1
2757,DOUBLE,1,1,0,False,-1
2758,DOUBLE,1,1,0,False,-1
2759,NONE,0,0,0,False,-1
2760,NONE,0,0,0,False,-1
2761,DOUBLE,1,1,0,False,-1
2762,NONE,0,0,0,False,-1
2763,NONE,0,0,0,False,-1
2764,NONE,0,0,0,False,-1
2765,NONE,0,0,0,False,-1
2766,DOUBLE,1,1,0,False,-1
2767,NONE,0,0,0,False,-1
2768,DOUBLE,1,1,0,False,-1
2769,DOUBLE,1,1,0,False,-1
2770,NONE,0,0,0,False,-1
2771,SINGLE,1,0,0,False,-1
2772,NONE,0,0,0,False,-1
2773,DOUBLE,1,1,0,False,-1
2774,DOUBLE,1,1,0,False,-1
2775,NONE,0,0,0,False,-1
2776,NONE,0,0,0,False,-1
2777,NONE,0,0,0,False,-1
2778,NONE,0,0,0,False,-1
2779,DOUBLE,1,1,0,False,-1
2780,NONE,0,0,0,False,-1
2781,NONE,0,0,0,False,-1
2782,NONE,0,0,0,False,-1
2783,DOUBLE,1,1,0,False,-1
2784,DOUBLE,1,1,0,False,-1
2785,NONE,0,0,0,False,-1
2786,SINGLE,0,1,0,False,-1
2787,NONE,0,0,0,False,-1
2788,DOUBLE,1,1,0,False,-1
2789,SINGLE,0,0,1,False,-1
2790,DOUBLE,1,1,0,False,-1
2791,NONE,0,0,0,False,-1
2792,DOUBLE,1,1,0,False,-1
2793,NONE,0,0,0,False,-1
2794,NONE,0,0,0,False,-1
2795,NONE,0,0,0,False,-1
2796,NONE,0,0,0,False,-1
2797,NONE,0,0,0,False,-1
2798,NONE,0,0,0,False,-1
2799,DOUBLE,1,1,0,False,-1
2800,NONE,0,0,0,False,-1
2801,NONE,0,0,0,False,-1
2802,NONE,0,0,0,False,-1
2803,NONE,0,0,0,False,-1
2804,NONE,0,0,0,False,-1
2805,NONE,0,0,0,False,-1
2806,SINGLE,1,0,0,False,-1
2807,DOUBLE,1,1,0,False,-1
2808,SINGLE,0,0,1,False,-1
2809,NONE,0,0,0,False,-1
2810,NONE,0,0,0,False,-1
2811,NONE,0,0,0,False,-1
2812,SINGLE,0,0,1,False,-1
2813,NONE,0,0,0,False,-1
2814,NONE,0,0,0,False,-1
2815,NONE,0,0,0,False,-1
2816,SINGLE,0,0,1,False,-1
2817,DOUBLE,1,1,0,False,-1
2818,NONE,0,0,0,False,-1
2819,NONE,0,0,0,False,-1
2820,NONE,0,0,0,False,-1
2821,NONE,0,0,0,False,-1
2822,NONE,0,0,0,False,-1
2823,DOUBLE,1,1,0,False,-1
2824,NONE,0,0,0,False,-1
2825,SINGLE,0,0,1,False,-1
2826,NONE,0,0,0,False,-1
2827,NONE,0,0,0,False,-1
2828,DOUBLE,1,1,0,False,-1
2829,NONE,0,0,0,False,-1
2830,DOUBLE,1,1,0,False,-1
2831,NONE,0,0,0,False,-1
2832,NONE,0,0,0,False,-1
2833,NONE,0,0,0,False,-1
2834,DOUBLE,1,1,0,False,-1
2835,SINGLE,1,0,0,False,-1
2836,NONE,0,0,0,False,-1
2837,NONE,0,0,0,False,-1
2838,NONE,0,0,0,False,-1
2839,NONE,0,0,0,False,-1
2840,SINGLE,1,0,0,False,-1
2841,NONE,0,0,0,False,-1
2842,DOUBLE,1,1,0,False,-1
2843,SINGLE,0,1,0,False,-1
2844,NONE,0,0,0,False,-1
2845,NONE,0,0,0,False,-1
2846,NONE,0,0,0,False,-1
2847,SINGLE,1,0,0,False,-1
2848,DOUBLE,1,1,0,False,-1
2849,NONE,0,0,0,False,-1
2850,NONE,0,0,0,False,-1
2851,NONE,0,0,0,False,-1
2852,NONE,0,0,0,False,-1
2853,NONE,0,0,0,False,-1
2854,SINGLE,0,1,0,False,-1
2855,NONE,0,0,0,False,-1
2856,DOUBLE,1,1,0,False,-1
2857,NONE,0,0,0,False,-1
2858,NONE,0,0,0,False,-1
2859,NONE,0,0,0,False,-1
2860,SINGLE,0,0,1,False,-1
2861,NONE,0,0,0,False,-1
2862,NONE,0,0,0,False,-1
2863,NONE,0,0,0,False,-1
2864,NONE,0,0,0,False,-1
2865,NONE,0,0,0,False,-1
2866,DOUBLE,1,1,0,False,-1
2867,NONE,0,0,0,False,-1
2868,NONE,0,0,0,False,-1
2869,NONE,0,0,0,False,-1
2870,SINGLE,0,1,0,False,-1
2871,NONE,0,0,0,False,-1
2872,DOUBLE,1,1,0,False,-1
2873,NONE,0,0,0,False,-1
2874,DOUBLE,1,1,0,False,-1
2875,NONE,0,0,0,False,-1
2876,DOUBLE,1,1,0,False,-1
2877,DOUBLE,1,1,0,False,-1
2878,SINGLE,0,0,1,False,-1
2879,NONE,0,0,0,False,-1
2880,NONE,0,0,0,False,-1
2881,SINGLE,0,0,1,False,-1
2882,NONE,0,0,0,False,-1
2883,DOUBLE,1,1,0,False,-1
2884,NONE,0,0,0,False,-1
2885,NONE,0,0,0,False,-1
2886,NONE,0,0,0,False,-1
2887,NONE,0,0,0,False,-1
2888,NONE,0,0,0,False,-1
2889,NONE,0,0,0,False,-1
2890,NONE,0,0,0,False,-1
2891,NONE,0,0,0,False,-1
2892,DOUBLE,1,1,0,False,-1
2893,NONE,0,0,0,False,-1
2894,SINGLE,0,0,1,False,-1
2895,DOUBLE,1,1,0,False,-1
2896,DOUBLE,1,1,0,False,-1
2897,NONE,0,0,0,False,-1
2898,NONE,0,0,0,False,-1
2899,NONE,0,0,0,False,-1
2900,NONE,0,0,0,False,-1
2901,NONE,0,0,0,False,-1
2902,NONE,0,0,0,False,-1
2903,NONE,0,0,0,False,-1
2904,SINGLE,0,1,0,False,-1
2905,DOUBLE,1,1,0,False,-1
2906,NONE,0,0,0,False,-1
2907,NONE,0,0,0,False,-1
2908,NONE,0,0,0,False,-1
2909,SINGLE,0,0,1,False,-1
2910,NONE,0,0,0,False,-1
2911,NONE,0,0,0,False,-1
2912,DOUBLE,1,1,0,False,-1
2913,NONE,0,0,0,False,-1
2914,NONE,0,0,0,False,-1
2915,NONE,0,0,0,False,-1
2916,DOUBLE,1,1,0,False,-1
2917,NONE,0,0,0,False,-1
2918,NONE,0,0,0,False,-1
2919,DOUBLE,1,1,0,False,-1
2920,DOUBLE,1,1,0,False,-1
2921,NONE,0,0,0,False,-1
2922,NONE,0,0,0,False,-1
2923,NONE,0,0,0,False,-1
2924,SINGLE,0,0,1,False,-1
2925,NONE,0,0,0,False,-1
2926,NONE,0,0,0,False,-1
2927,NONE,0,0,0,False,-1
2928,SINGLE,0,0,1,False,-1
2929,NONE,0,0,0,False,-1
2930,DOUBLE,1,1,0,False,-1
2931,SINGLE,0,0,1,False,-1
2932,DOUBLE,1,1,0,False,-1
2933,NONE,0,0,0,False,-1
2934,DOUBLE,1,1,0,False,-1
2935,SINGLE,0,1,0,False,-1
2936,NONE,0,0,0,False,-1
2937,NONE,0,0,0,False,-1
2938,NONE,0,0,0,False,-1
2939,DOUBLE,1,1,0,False,-1
2940,NONE,0,0,0,False,-1
2941,DOUBLE,1,1,0,False,-1
2942,NONE,0,0,0,False,-1
2943,NONE,0,0,0,False,-1
2944,DOUBLE,1,1,0,False,-1
2945,SINGLE,1,0,0,False,-1
2946,SINGLE,1,0,0,False,-1
2947,NONE,0,0,0,False,-1
2948,NONE,0,0,0,False,-1
2949,DOUBLE,1,1,0,False,-1
2950,NONE,0,0,0,False,-1
2951,NONE,0,0,0,False,-1
2952,DOUBLE,1,1,0,False,-1
2953,DOUBLE,1,1,0,False,-1
2954,NONE,0,0,0,False,-1
2955,DOUBLE,1,1,0,False,-1
2956,NONE,0,0,0,False,-1
2957,DOUBLE,1,1,0,False,-1
2958,NONE,0,0,0,False,-1
2959,NONE,0,0,0,False,-1
2960,NONE,0,0,0,False,-1
2961,DOUBLE,1,1,0,False,-1
2962,SINGLE,0,1,0,False,-1
2963,SINGLE,1,0,0,False,-1
2964,NONE,0,0,0,False,-1
2965,NONE,0,0,0,False,-1
2966,NONE,0,0,0,False,-1
2967,NONE,0,0,0,False,-1
2968,NONE,0,0,0,False,-1
2969,NONE,0,0,0,False,-1
2970,DOUBLE,1,1,0,False,-1
2971,NONE,0,0,0,False,-1
2972,SINGLE,0,0,1,False,-1
2973,NONE,0,0,0,False,-1
2974,DOUBLE,1,1,0,False,-1
2975,NONE,0,0,0,False,-1
2976,DOUBLE,1,1,0,False,-1
2977,NONE,0,0,0,False,-1
2978,NONE,0,0,0,False,-1
2979,NONE,0,0,0,False,-1
2980,DOUBLE,1,1,0,False,-1
2981,NONE,0,0,0,False,-1
2982,NONE,0,0,0,False,-1
2983,NONE,0,0,0,False,-1
2984,NONE,0,0,0,False,-1
2985,NONE,0,0,0,False,-1
2986,NONE,0,0,0,False,-1
2987,SINGLE,0,0,1,False,-1
2988,NONE,0,0,0,False,-1
2989,DOUBLE,1,1,0,False,-1
2990,NONE,0,0,0,False,-1
2991,DOUBLE,1,1,0,False,-1
2992,NONE,0,0,0,False,-1
2993,SINGLE,0,0,1,False,-1
2994,NONE,0,0,0,False,-1
2995,DOUBLE,1,1,0,False,-1
2996,NONE,0,0,0,False,-1
2997,NONE,0,0,0,False,-1
2998,NONE,0,0,0,False,-1
2999,NONE,0,0,0,False,-1
3000,NONE,0,0,0,False,-1
3001,NONE,0,0,0,False,-1
3002,DOUBLE,1,1,0,False,-1
3003,NONE,0,0,0,False,-1
3004,NONE,0,0,0,False,-1
3005,NONE,0,0,0,False,-1
3006,NONE,0,0,0,False,-1
3007,NONE,0,0,0,False,-1
3008,SINGLE,0,1,0,False,-1
3009,DOUBLE,1,1,0,False,-1
3010,DOUBLE,1,1,0,False,-1
3011,NONE,0,0,0,False,-1
3012,DOUBLE,1,1,0,False,-1
3013,SINGLE,0,0,1,False,-1
3014,NONE,0,0,0,False,-1
3015,SINGLE,0,0,1,False,-1
3016,SINGLE,1,0,0,False,-1
3017,DOUBLE,1,1,0,False,-1
3018,DOUBLE,1,1,0,False,-1
3019,DOUBLE,1,1,0,False,-1
3020,SINGLE,0,0,1,False,-1
3021,DOUBLE,1,1,0,False,-1
3022,DOUBLE,1,1,0,False,-1
3023,NONE,0,0,0,False,-1
3024,DOUBLE,1,1,0,False,-1
3025,DOUBLE,1,1,0,False,-1
3026,NONE,0,0,0,False,-1
3027,SINGLE,0,0,1,False,-1
3028,NONE,0,0,0,False,-1
3029,NONE,0,0,0,False,-1
3030,NONE,0,0,0,False,-1
3031,NONE,0,0,0,False,-1
3032,NONE,0,0,0,False,-1
3033,SINGLE,0,0,1,False,-1
3034,NONE,0,0,0,False,-1
3035,NONE,0,0,0,False,-1
3036,DOUBLE,1,1,0,False,-1
3037,SINGLE,0,0,1,False,-1
3038,DOUBLE,1,1,0,False,-1
3039,NONE,0,0,0,False,-1
3040,NONE,0,0,0,False,-1
3041,NONE,0,0,0,False,-1
3042,NONE,0,0,0,False,-1
3043,SINGLE,1,0,0,False,-1
3044,SINGLE,0,0,1,False,-1
3045,NONE,0,0,0,False,-1
3046,DOUBLE,1,1,0,False,-1
3047,NONE,0,0,0,False,-1
3048,NONE,0,0,0,False,-1
3049,NONE,0,0,0,False,-1
3050,NONE,0,0,0,False,-1
3051,NONE,0,0,0,False,-1
3052,DOUBLE,1,1,0,False,-1
3053,DOUBLE,1,1,0,False,-1
3054,DOUBLE,1,1,0,False,-1
3055,DOUBLE,1,1,0,False,-1
3056,NONE,0,0,0,False,-1
3057,NONE,0,0,0,False,-1
3058,NONE,0,0,0,False,-1
3059,NONE,0,0,0,False,-1
3060,DOUBLE,1,1,0,False,-1
3061,NONE,0,0,0,False,-1
3062,NONE,0,0,0,False,-1
3063,NONE,0,0,0,False,-1
3064,DOUBLE,1,1,0,False,-1
3065,NONE,0,0,0,False,-1
3066,NONE,0,0,0,False,-1
3067,NONE,0,0,0,False,-1
3068,DOUBLE,1,1,0,False,-1
3069,NONE,0,0,0,False,-1
3070,NONE,0,0,0,False,-1
3071,NONE,0,0,0,False,-1
3072,NONE,0,0,0,False,-1
3073,DOUBLE,1,1,0,False,-1
3074,DOUBLE,1,1,0,True,343.704
3075,DOUBLE,1,1,0,False,-1
3076,NONE,0,0,0,False,-1
3077,NONE,0,0,0,False,-1
3078,NONE,0,0,0,False,-1
3079,NONE,0,0,0,False,-1
3080,NONE,0,0,0,False,-1
3081,SINGLE,0,0,1,False,-1
3082,SINGLE,0,0,1,False,-1
3083,NONE,0,0,0,False,-1
3084,DOUBLE,1,1,0,False,-1
3085,NONE,0,0,0,False,-1
3086,NONE,0,0,0,False,-1
3087,DOUBLE,1,1,0,False,-1
3088,DOUBLE,1,1,0,False,-1
3089,NONE,0,0,0,False,-1
3090,NONE,0,0,0,False,-1
3091,NONE,0,0,0,False,-1
3092,DOUBLE,1,1,0,False,-1
3093,DOUBLE,1,1,0,False,-1
3094,NONE,0,0,0,False,-1
3095,NONE,0,0,0,False,-1
3096,DOUBLE,1,1,0,False,-1
3097,SINGLE,0,0,1,False,-1
3098,NONE,0,0,0,False,-1
3099,NONE,0,0,0,False,-1
3100,NONE,0,0,0,False,-1
3101,DOUBLE,1,1,0,False,-1
3102,NONE,0,0,0,False,-1
3103,NONE,0,0,0,False,-1
3104,DOUBLE,1,1,0,False,-1
3105,NONE,0,0,0,False,-1
3106,NONE,0,0,0,False,-1
3107,SINGLE,0,0,1,False,-1
3108,DOUBLE,1,1,0,False,-1
3109,NONE,0,0,0,False,-1
3110,SINGLE,0,0,1,False,-1
3111,SINGLE,0,1,0,False,-1
3112,NONE,0,0,0,False,-1
3113,NONE,0,0,0,False,-1
3114,NONE,0,0,0,False,-1
3115,NONE,0,0,0,False,-1
3116,DOUBLE,1,1,0,False,-1
3117,DOUBLE,1,1,0,False,-1
3118,SINGLE,1,0,0,False,-1
3119,SINGLE,0,0,1,False,-1
3120,DOUBLE,1,1,0,False,-1
3121,SINGLE,0,1,0,False,-1
3122,DOUBLE,1,1,0,False,-1
3123,NONE,0,0,0,False,-1
3124,NONE,0,0,0,False,-1
3125,SINGLE,1,0,0,False,-1
3126,NONE,0,0,0,False,-1
3127,DOUBLE,1,1,0,False,-1
3128,DOUBLE,1,1,0,False,-1
3129,NONE,0,0,0,False,-1
3130,DOUBLE,1,1,0,False,-1
3131,SINGLE,0,0,1,False,-1
3132,NONE,0,0,0,False,-1
3133,NONE,0,0,0,False,-1
3134,DOUBLE,1,1,0,False,-1
3135,NONE,0,0,0,False,-1
3136,DOUBLE,1,1,0,False,-1
3137,DOUBLE,1,1,0,False,-1
3138,NONE,0,0,0,False,-1
3139,NONE,0,0,0,False,-1
3140,NONE,0,0,0,False,-1
3141,DOUBLE,1,1,0,False,-1
3142,DOUBLE,1,1,0,False,-1
3143,DOUBLE,1,1,0,False,-1
3144,NONE,0,0,0,False,-1
3145,NONE,0,0,0,False,-1
3146,NONE,0,0,0,False,-1
3147,NONE,0,0,0,False,-1
3148,NONE,0,0,0,False,-1
3149,SINGLE,1,0,0,False,-1
3150,NONE,0,0,0,False,-1
3151,SINGLE,0,1,0,False,-1
3152,DOUBLE,1,1,0,False,-1
3153,SINGLE,0,0,1,False,-1
3154,SINGLE,0,0,1,False,-1
3155,NONE,0,0,0,False,-1
3156,NONE,0,0,0,False,-1
3157,DOUBLE,1,1,0,False,-1
3158,NONE,0,0,0,False,-1
3159,SINGLE,0,0,1,False,-1
3160,SINGLE,0,0,1,False,-1
3161,DOUBLE,1,1,0,False,-1
3162,NONE,0,0,0,False,-1
3163,NONE,0,0,0,False,-1
3164,SINGLE,0,0,1,False,-1
3165,NONE,0,0,0,False,-1
3166,NONE,0,0,0,False,-1
3167,NONE,0,0,0,False,-1
3168,DOUBLE,1,1,0,False,-1
3169,DOUBLE,1,1,0,False,-1
3170,DOUBLE,1,1,0,False,-1
3171,DOUBLE,1,1,0,False,-1
3172,NONE,0,0,0,False,-1
3173,NONE,0,0,0,False,-1
3174,NONE,0,0,0,False,-1
3175,DOUBLE,1,1,0,False,-1
3176,DOUBLE,1,1,0,False,-1
3177,NONE,0,0,0,False,-1
3178,NONE,0,0,0,False,-1
3179,NONE,0,0,0,False,-1
3180,DOUBLE,1,1,0,False,-1
3181,NONE,0,0,0,False,-1
3182,DOUBLE,1,1,0,False,-1
3183,NONE,0,0,0,False,-1
3184,NONE,0,0,0,False,-1
3185,DOUBLE,1,1,0,False,-1
3186,DOUBLE,1,1,0,False,-1
3187,DOUBLE,1,1,0,False,-1
3188,NONE,0,0,0,False,-1
3189,NONE,0,0,0,False,-1
3190,NONE,0,0,0,False,-1
3191,SINGLE,0,0,1,False,-1
3192,NONE,0,0,0,False,-1
3193,NONE,0,0,0,False,-1
3194,NONE,0,0,0,False,-1
3195,NONE,0,0,0,False,-1
3196,NONE,0,0,0,False,-1
3197,NONE,0,0,0,False,-1
3198,NONE,0,0,0,False,-1
3199,DOUBLE,1,1,0,False,-1
3200,NONE,0,0,0,False,-1
3201,NONE,0,0,0,False,-1
3202,DOUBLE,1,1,0,False,-1
3203,NONE,0,0,0,False,-1
3204,DOUBLE,1,1,0,False,-1
3205,SINGLE,0,1,0,False,-1
3206,NONE,0,0,0,False,-1
3207,NONE,0,0,0,False,-1
3208,SINGLE,1,0,0,False,-1
3209,NONE,0,0,0,False,-1
3210,DOUBLE,1,1,0,False,-1
3211,NONE,0,0,0,False,-1
3212,NONE,0,0,0,False,-1
3213,NONE,0,0,0,False,-1
3214,NONE,0,0,0,False,-1
3215,NONE,0,0,0,False,-1
3216,NONE,0,0,0,False,-1
3217,NONE,0,0,0,False,-1
3218,DOUBLE,1,1,0,False,-1
3219,SINGLE,0,0,1,False,-1
3220,NONE,0,0,0,False,-1
3221,NONE,0,0,0,False,-1
3222,DOUBLE,1,1,0,False,-1
3223,SINGLE,0,1,0,False,-1
3224,NONE,0,0,0,False,-1
3225,NONE,0,0,0,False,-1
3226,NONE,0,0,0,False,-1
3227,NONE,0,0,0,False,-1
3228,DOUBLE,1,1,0,False,-1
3229,DOUBLE,1,1,0,False,-1
3230,NONE,0,0,0,False,-1
3231,NONE,0,0,0,False,-1
3232,DOUBLE,1,1,0,False,-1
3233,NONE,0,0,0,False,-1
3234,DOUBLE,1,1,0,False,-1
3235,NONE,0,0,0,False,-1
3236,DOUBLE,1,1,0,False,-1
3237,NONE,0,0,0,False,-1
3238,NONE,0,0,0,False,-1
3239,NONE,0,0,0,False,-1
3240,NONE,0,0,0,False,-1
3241,DOUBLE,1,1,0,False,-1
3242,NONE,0,0,0,False,-1
3243,NONE,0,0,0,False,-1
3244,DOUBLE,1,1,0,False,-1
3245,SINGLE,0,0,1,False,-1
3246,NONE,0,0,0,False,-1
3247,NONE,0,0,0,False,-1
3248,NONE,0,0,0,False,-1
3249,NONE,0,0,0,False,-1
3250,NONE,0,0,0,False,-1
3251,NONE,0,0,0,False,-1
3252,NONE,0,0,0,False,-1
3253,NONE,0,0,0,False,-1
3254,NONE,0,0,0,False,-1
3255,SINGLE,1,0,0,False,-1
3256,SINGLE,0,1,0,False,-1
3257,NONE,0,0,0,False,-1
3258,NONE,0,0,0,False,-1
3259,NONE,0,0,0,False,-1
3260,SINGLE,0,0,1,False,-1
3261,NONE,0,0,0,False,-1
3262,NONE,0,0,0,False,-1
3263,NONE,0,0,0,False,-1
3264,DOUBLE,1,1,0,False,-1
3265,NONE,0,0,0,False,-1
3266,NONE,0,0,0,False,-1
3267,NONE,0,0,0,False,-1
3268,NONE,0,0,0,False,-1
3269,NONE,0,0,0,False,-1
3270,DOUBLE,1,1,0,False,-1
3271,NONE,0,0,0,False,-1
3272,NONE,0,0,0,False,-1
3273,SINGLE,0,0,1,False,-1
3274,NONE,0,0,0,False,-1
3275,NONE,0,0,0,False,-1
3276,NONE,0,0,0,False,-1
3277,SINGLE,0,1,0,False,-1
3278,DOUBLE,1,1,0,False,-1
3279,DOUBLE,1,1,0,False,-1
3280,SINGLE,1,0,0,False,-1
3281,NONE,0,0,0,False,-1
3282,NONE,0,0,0,False,-1
3283,SINGLE,0,1,0,False,-1
3284,DOUBLE,1,1,0,False,-1
3285,NONE,0,0,0,False,-1
3286,NONE,0,0,0,False,-1
3287,NONE,0,0,0,False,-1
3288,SINGLE,1,0,0,False,-1
3289,DOUBLE,1,1,0,False,-1
3290,NONE,0,0,0,False,-1
3291,NONE,0,0,0,False,-1
3292,NONE,0,0,0,False,-1
3293,NONE,0,0,0,False,-1
3294,NONE,0,0,0,False,-1
3295,NONE,0,0,0,False,-1
3296,NONE,0,0,0,False,-1
3297,NONE,0,0,0,False,-1
3298,SINGLE,0,0,1,False,-1
3299,NONE,0,0,0,False,-1
3300,DOUBLE,1,1,0,False,-1
3301,NONE,0,0,0,False,-1
3302,NONE,0,0,0,False,-1
3303,NONE,0,0,0,False,-1
3304,NONE,0,0,0,False,-1
3305,NONE,0,0,0,False,-1
3306,NONE,0,0,0,False,-1
3307,NONE,0,0,0,False,-1
3308,NONE,0,0,0,False,-1
3309,NONE,0,0,0,False,-1
3310,TRIPLE,1,1,1,False,-1
3311,SINGLE,0,0,1,False,-1
3312,NONE,0,0,0,False,-1
3313,DOUBLE,1,1,0,False,-1
3314,NONE,0,0,0,False,-1
3315,NONE,0,0,0,False,-1
3316,DOUBLE,1,1,0,False,-1
3317,SINGLE,0,0,1,False,-1
3318,NONE,0,0,0,False,-1
3319,DOUBLE,1,1,0,False,-1
3320,SINGLE,1,0,0,False,-1
3321,NONE,0,0,0,False,-1
3322,NONE,0,0,0,False,-1
3323,NONE,0,0,0,False,-1
3324,NONE,0,0,0,False,-1
3325,DOUBLE,1,1,0,False,-1
3326,NONE,0,0,0,False,-1
3327,DOUBLE,1,1,0,False,-1
3328,NONE,0,0,0,False,-1
3329,NONE,0,0,0,False,-1
3330,NONE,0,0,0,False,-1
3331,NONE,0,0,0,False,-1
3332,DOUBLE,1,1,0,False,-1
3333,NONE,0,0,0,False,-1
3334,NONE,0,0,0,False,-1
3335,DOUBLE,1,1,0,False,-1
3336,NONE,0,0,0,False,-1
3337,NONE,0,0,0,False,-1
3338,DOUBLE,1,1,0,False,-1
3339,NONE,0,0,0,False,-1
3340,NONE,0,0,0,False,-1
3341,NONE,0,0,0,False,-1
3342,DOUBLE,1,1,0,False,-1
3343,NONE,0,0,0,False,-1
3344,DOUBLE,1,1,0,False,-1
3345,NONE,0,0,0,False,-1
3346,NONE,0,0,0,False,-1
3347,NONE,0,0,0,False,-1
3348,SINGLE,0,1,0,False,-1
3349,NONE,0,0,0,False,-1
3350,SINGLE,0,0,1,False,-1
3351,DOUBLE,1,1,0,False,-1
3352,NONE,0,0,0,False,-1
3353,NONE,0,0,0,False,-1
3354,NONE,0,0,0,False,-1
3355,NONE,0,0,0,False,-1
3356,NONE,0,0,0,False,-1
3357,NONE,0,0,0,False,-1
3358,NONE,0,0,0,False,-1
3359,NONE,0,0,0,False,-1
3360,DOUBLE,1,1,0,False,-1
3361,DOUBLE,1,1,0,False,-1
3362,NONE,0,0,0,False,-1
3363,NONE,0,0,0,False,-1
3364,NONE,0,0,0,False,-1
3365,NONE,0,0,0,False,-1
3366,DOUBLE,1,1,0,False,-1
3367,NONE,0,0,0,False,-1
3368,NONE,0,0,0,False,-1
3369,SINGLE,0,0,1,False,-1
3370,DOUBLE,1,1,0,False,-1
3371,DOUBLE,1,1,0,False,-1
3372,NONE,0,0,0,False,-1
3373,NONE,0,0,0,False,-1
3374,DOUBLE,1,1,0,False,-1
3375,NONE,0,0,0,False,-1
3376,NONE,0,0,0,False,-1
3377,NONE,0,0,0,False,-1
3378,SINGLE,1,0,0,False,-1
3379,NONE,0,0,0,False,-1
3380,SINGLE,0,0,1,False,-1
3381,NONE,0,0,0,False,-1
3382,DOUBLE,1,1,0,False,-1
3383,NONE,0,0,0,False,-1
3384,NONE,0,0,0,False,-1
3385,NONE,0,0,0,False,-1
3386,DOUBLE,1,1,0,False,-1
3387,NONE,0,0,0,False,-1
3388,NONE,0,0,0,False,-1
3389,NONE,0,0,0,False,-1
3390,SINGLE,0,1,0,False,-1
3391,NONE,0,0,0,False,-1
3392,DOUBLE,1,1,0,False,-1
3393,SINGLE,0,1,0,False,-1
3394,NONE,0,0,0,False,-1
3395,NONE,0,0,0,False,-1
3396,NONE,0,0,0,False,-1
3397,DOUBLE,1,1,0,False,-1
3398,NONE,0,0,0,False,-1
3399,NONE,0,0,0,False,-1
3400,NONE,0,0,0,False,-1
3401,NONE,0,0,0,False,-1
3402,NONE,0,0,0,False,-1
3403,NONE,0,0,0,False,-1
3404,NONE,0,0,0,False,-1
3405,SINGLE,0,0,1,False,-1
3406,DOUBLE,1,1,0,False,-1
3407,NONE,0,0,0,False,-1
3408,NONE,0,0,0,False,-1
3409,NONE,0,0,0,False,-1
3410,NONE,0,0,0,False,-1
3411,NONE,0,0,0,False,-1
3412,NONE,0,0,0,False,-1
3413,NONE,0,0,0,False,-1
3414,NONE,0,0,0,False,-1
3415,DOUBLE,1,1,0,False,-1
3416,SINGLE,0,0,1,False,-1
3417,NONE,0,0,0,False,-1
3418,NONE,0,0,0,False,-1
3419,NONE,0,0,0,False,-1
3420,NONE,0,0,0,False,-1
3421,NONE,0,0,0,False,-1
3422,NONE,0,0,0,False,-1
3423,TRIPLE,1,1,1,False,-1
3424,DOUBLE,1,1,0,False,-1
3425,DOUBLE,1,1,0,False,-1
3426,NONE,0,0,0,False,-1
3427,NONE,0,0,0,False,-1
3428,DOUBLE,1,1,0,False,-1
3429,DOUBLE,1,1,0,False,-1
3430,NONE,0,0,0,False,-1
3431,NONE,0,0,0,False,-1
3432,NONE,0,0,0,False,-1
3433,NONE,0,0,0,False,-1
3434,NONE,0,0,0,False,-1
3435,NONE,0,0,0,False,-1
3436,TRIPLE,1,1,1,False,-1
3437,DOUBLE,1,1,0,False,-1
3438,NONE,0,0,0,False,-1
3439,SINGLE,0,0,1,False,-1
3440,DOUBLE,1,1,0,False,-1
3441,NONE,0,0,0,False,-1
3442,NONE,0,0,0,False,-1
3443,NONE,0,0,0,False,-1
3444,DOUBLE,1,1,0,False,-1
3445,SINGLE,0,1,0,False,-1
3446,DOUBLE,1,1,0,False,-1
3447,DOUBLE,1,1,0,False,-1
3448,NONE,0,0,0,False,-1
3449,DOUBLE,1,1,0,False,-1
3450,NONE,0,0,0,False,-1
3451,NONE,0,0,0,False,-1
3452,NONE,0,0,0,False,-1
3453,NONE,0,0,0,False,-1
3454,NONE,0,0,0,False,-1
3455,NONE,0,0,0,False,-1
3456,NONE,0,0,0,False,-1
3457,SINGLE,0,1,0,False,-1
3458,SINGLE,0,0,1,False,-1
3459,DOUBLE,1,1,0,False,-1
3460,NONE,0,0,0,False,-1
3461,SINGLE,0,0,1,False,-1
3462,NONE,0,0,0,False,-1
3463,NONE,0,0,0,False,-1
3464,NONE,0,0,0,False,-1
3465,TRIPLE,1,1,1,False,-1
3466,SINGLE,0,0,1,False,-1
3467,NONE,0,0,0,False,-1
3468,NONE,0,0,0,False,-1
3469,DOUBLE,1,1,0,False,-1
3470,SINGLE,1,0,0,False,-1
3471,NONE,0,0,0,False,-1
3472,DOUBLE,1,1,0,False,-1
3473,DOUBLE,1,1,0,False,-1
3474,DOUBLE,1,1,0,False,-1
3475,TRIPLE,1,1,1,False,-1
3476,NONE,0,0,0,False,-1
3477,DOUBLE,1,1,0,False,-1
3478,NONE,0,0,0,False,-1
3479,DOUBLE,1,1,0,False,-1
3480,DOUBLE,1,1,0,False,-1
3481,NONE,0,0,0,False,-1
3482,NONE,0,0,0,False,-1
3483,NONE,0,0,0,False,-1
3484,SINGLE,0,0,1,False,-1
3485,NONE,0,0,0,False,-1
3486,NONE,0,0,0,False,-1
3487,NONE,0,0,0,False,-1
3488,DOUBLE,1,1,0,False,-1
3489,DOUBLE,1,1,0,False,-1
3490,NONE,0,0,0,False,-1
3491,DOUBLE,1,1,0,False,-1
3492,NONE,0,0,0,False,-1
3493,DOUBLE,1,1,0,False,-1
3494,NONE,0,0,0,False,-1
3495,DOUBLE,1,1,0,False,-1
3496,SINGLE,1,0,0,False,-1
3497,NONE,0,0,0,False,-1
3498,DOUBLE,1,1,0,False,-1
3499,NONE,0,0,0,False,-1
3500,NONE,0,0,0,False,-1
3501,NONE,0,0,0,False,-1
3502,DOUBLE,1,1,0,False,-1
3503,NONE,0,0,0,False,-1
3504,NONE,0,0,0,False,-1
3505,DOUBLE,1,1,0,False,-1
3506,DOUBLE,1,1,0,False,-1
3507,NONE,0,0,0,False,-1
3508,NONE,0,0,0,False,-1
3509,DOUBLE,1,1,0,False,-1
3510,DOUBLE,1,1,0,False,-1
3511,DOUBLE,1,1,0,False,-1
3512,NONE,0,0,0,False,-1
3513,DOUBLE,1,1,0,False,-1
3514,NONE,0,0,0,False,-1
3515,NONE,0,0,0,False,-1
3516,NONE,0,0,0,False,-1
3517,SINGLE,1,0,0,False,-1
3518,SINGLE,1,0,0,False,-1
3519,NONE,0,0,0,False,-1
3520,DOUBLE,1,1,0,False,-1
3521,NONE,0,0,0,False,-1
3522,NONE,0,0,0,False,-1
3523,NONE,0,0,0,False,-1
3524,NONE,0,0,0,False,-1
3525,DOUBLE,1,1,0,False,-1
3526,DOUBLE,1,1,0,False,-1
3527,NONE,0,0,0,False,-1
3528,DOUBLE,1,1,0,False,-1
3529,DOUBLE,1,1,0,False,-1
3530,NONE,0,0,0,False,-1
3531,NONE,0,0,0,False,-1
3532,SINGLE,0,0,1,False,-1
3533,NONE,0,0,0,False,-1
3534,SINGLE,1,0,0,False,-1
3535,NONE,0,0,0,False,-1
3536,NONE,0,0,0,False,-1
3537,SINGLE,0,1,0,False,-1
3538,NONE,0,0,0,False,-1
3539,DOUBLE,1,1,0,False,-1
3540,NONE,0,0,0,False,-1
3541,DOUBLE,1,1,0,False,-1
3542,DOUBLE,1,1,0,False,-1
3543,NONE,0,0,0,False,-1
3544,NONE,0,0,0,False,-1
3545,NONE,0,0,0,False,-1
3546,NONE,0,0,0,False,-1
3547,NONE,0,0,0,False,-1
3548,NONE,0,0,0,False,-1
3549,NONE,0,0,0,False,-1
3550,DOUBLE,1,1,0,False,-1
3551,NONE,0,0,0,False,-1
3552,NONE,0,0,0,False,-1
3553,NONE,0,0,0,False,-1
3554,NONE,0,0,0,False,-1
3555,NONE,0,0,0,False,-1
3556,NONE,0,0,0,False,-1
3557,DOUBLE,1,1,0,False,-1
3558,NONE,0,0,0,False,-1
3559,NONE,0,0,0,False,-1
3560,NONE,0,0,0,False,-1
3561,SINGLE,0,1,0,False,-1
3562,DOUBLE,1,1,0,False,-1
3563,DOUBLE,1,1,0,False,-1
3564,SINGLE,0,0,1,False,-1
3565,DOUBLE,1,1,0,False,-1
3566,NONE,0,0,0,False,-1
3567,NONE,0,0,0,False,-1
3568,TRIPLE,1,1,1,False,-1
3569,NONE,0,0,0,False,-1
3570,SINGLE,0,1,0,False,-1
3571,SINGLE,0,1,0,False,-1
3572,SINGLE,0,1,0,False,-1
3573,DOUBLE,1,1,0,False,-1
3574,NONE,0,0,0,False,-1
3575,NONE,0,0,0,False,-1
3576,NONE,0,0,0,False,-1
3577,DOUBLE,1,1,0,False,-1
3578,DOUBLE,1,1,0,False,-1
3579,SINGLE,0,0,1,False,-1
3580,NONE,0,0,0,False,-1
3581,NONE,0,0,0,False,-1
3582,NONE,0,0,0,False,-1
3583,NONE,0,0,0,False,-1
3584,DOUBLE,1,1,0,False,-1
3585,NONE,0,0,0,False,-1
3586,NONE,0,0,0,False,-1
3587,NONE,0,0,0,False,-1
3588,SINGLE,1,0,0,False,-1
3589,DOUBLE,1,1,0,False,-1
3590,NONE,0,0,0,False,-1
3591,DOUBLE,1,1,0,False,-1
3592,NONE,0,0,0,False,-1
3593,DOUBLE,1,1,0,False,-1
3594,NONE,0,0,0,False,-1
3595,NONE,0,0,0,False,-1
3596,SINGLE,0,0,1,False,-1
3597,NONE,0,0,0,False,-1
3598,SINGLE,0,0,1,False,-1
3599,SINGLE,0,1,0,False,-1
3600,NONE,0,0,0,False,-1
3601,SINGLE,0,0,1,False,-1
3602,DOUBLE,1,1,0,False,-1
3603,NONE,0,0,0,False,-1
3604,NONE,0,0,0,False,-1
3605,NONE,0,0,0,False,-1
3606,SINGLE,0,1,0,False,-1
3607,NONE,0,0,0,False,-1
3608,DOUBLE,1,1,0,False,-1
3609,NONE,0,0,0,False,-1
3610,SINGLE,1,0,0,False,-1
3611,DOUBLE,1,1,0,False,-1
3612,DOUBLE,1,1,0,False,-1
3613,NONE,0,0,0,False,-1
3614,SINGLE,0,0,1,False,-1
3615,SINGLE,0,0,1,False,-1
3616,NONE,0,0,0,False,-1
3617,NONE,0,0,0,False,-1
3618,NONE,0,0,0,False,-1
3619,NONE,0,0,0,False,-1
3620,DOUBLE,1,1,0,False,-1
3621,NONE,0,0,0,False,-1
3622,SINGLE,0,0,1,False,-1
3623,SINGLE,0,0,1,False,-1
3624,NONE,0,0,0,False,-1
3625,NONE,0,0,0,False,-1
3626,SINGLE,1,0,0,False,-1
3627,NONE,0,0,0,False,-1
3628,NONE,0,0,0,False,-1
3629,DOUBLE,1,1,0,False,-1
3630,NONE,0,0,0,False,-1
3631,NONE,0,0,0,False,-1
3632,NONE,0,0,0,False,-1
3633,NONE,0,0,0,False,-1
3634,NONE,0,0,0,False,-1
3635,NONE,0,0,0,False,-1
3636,NONE,0,0,0,False,-1
3637,DOUBLE,1,1,0,False,-1
3638,DOUBLE,1,1,0,False,-1
3639,NONE,0,0,0,False,-1
3640,SINGLE,0,0,1,False,-1
3641,NONE,0,0,0,False,-1
3642,NONE,0,0,0,False,-1
3643,NONE,0,0,0,False,-1
3644,SINGLE,0,1,0,False,-1
3645,NONE,0,0,0,False,-1
3646,NONE,0,0,0,False,-1
3647,SINGLE,0,0,1,False,-1
3648,NONE,0,0,0,False,-1
3649,NONE,0,0,0,False,-1
3650,NONE,0,0,0,False,-1
3651,NONE,0,0,0,False,-1
3652,SINGLE,0,0,1,False,-1
3653,NONE,0,0,0,False,-1
3654,SINGLE,1,0,0,False,-1
3655,DOUBLE,1,1,0,False,-1
3656,DOUBLE,1,1,0,False,-1
3657,NONE,0,0,0,False,-1
3658,DOUBLE,1,1,0,False,-1
3659,NONE,0,0,0,False,-1
3660,NONE,0,0,0,False,-1
3661,NONE,0,0,0,False,-1
3662,SINGLE,0,0,1,False,-1
3663,NONE,0,0,0,False,-1
3664,NONE,0,0,0,False,-1
3665,NONE,0,0,0,False,-1
3666,NONE,0,0,0,False,-1
3667,SINGLE,0,0,1,False,-1
3668,NONE,0,0,0,False,-1
3669,NONE,0,0,0,False,-1
3670,DOUBLE,1,1,0,False,-1
3671,NONE,0,0,0,False,-1
3672,NONE,0,0,0,False,-1
3673,NONE,0,0,0,False,-1
3674,NONE,0,0,0,False,-1
3675,NONE,0,0,0,False,-1
3676,NONE,0,0,0,False,-1
3677,DOUBLE,1,1,0,False,-1
3678,NONE,0,0,0,False,-1
3679,SINGLE,0,1,0,False,-1
3680,SINGLE,0,0,1,False,-1
3681,NONE,0,0,0,False,-1
3682,NONE,0,0,0,False,-1
3683,NONE,0,0,0,False,-1
3684,NONE,0,0,0,False,-1
3685,DOUBLE,1,1,0,False,-1
3686,NONE,0,0,0,False,-1
3687,NONE,0,0,0,False,-1
3688,NONE,0,0,0,False,-1
3689,SINGLE,0,0,1,False,-1
3690,NONE,0,0,0,False,-1
3691,NONE,0,0,0,False,-1
3692,NONE,0,0,0,False,-1
3693,DOUBLE,1,1,0,False,-1
3694,NONE,0,0,0,False,-1
3695,DOUBLE,1,1,0,False,-1
3696,NONE,0,0,0,False,-1
3697,SINGLE,0,0,1,False,-1
3698,SINGLE,1,0,0,False,-1
3699,SINGLE,0,1,0,False,-1
3700,DOUBLE,1,1,0,False,-1
3701,NONE,0,0,0,False,-1
3702,NONE,0,0,0,False,-1
3703,NONE,0,0,0,False,-1
3704,NONE,0,0,0,False,-1
3705,SINGLE,0,1,0,False,-1
3706,SINGLE,0,0,1,False,-1
3707,NONE,0,0,0,False,-1
3708,NONE,0,0,0,False,-1
3709,NONE,0,0,0,False,-1
3710,NONE,0,0,0,False,-1
3711,NONE,0,0,0,False,-1
3712,NONE,0,0,0,False,-1
3713,DOUBLE,1,1,0,False,-1
3714,NONE,0,0,0,False,-1
3715,NONE,0,0,0,False,-1
3716,NONE,0,0,0,False,-1
3717,NONE,0,0,0,False,-1
3718,NONE,0,0,0,False,-1
3719,NONE,0,0,0,False,-1
3720,DOUBLE,1,1,0,False,-1
3721,NONE,0,0,0,False,-1
3722,NONE,0,0,0,False,-1
3723,NONE,0,0,0,False,-1
3724,SINGLE,0,0,1,False,-1
3725,NONE,0,0,0,False,-1
3726,NONE,0,0,0,False,-1
3727,DOUBLE,1,1,0,False,-1
3728,NONE,0,0,0,False,-1
3729,NONE,0,0,0,False,-1
3730,NONE,0,0,0,False,-1
3731,NONE,0,0,0,False,-1
3732,NONE,0,0,0,False,-1
3733,DOUBLE,1,1,0,False,-1
3734,NONE,0,0,0,False,-1
3735,NONE,0,0,0,False,-1
3736,NONE,0,0,0,False,-1
3737,NONE,0,0,0,False,-1
3738,NONE,0,0,0,False,-1
3739,SINGLE,1,0,0,False,-1
3740,NONE,0,0,0,False,-1
3741,NONE,0,0,0,False,-1
3742,DOUBLE,1,1,0,False,-1
3743,NONE,0,0,0,False,-1
3744,SINGLE,0,1,0,False,-1
3745,NONE,0,0,0,False,-1
3746,DOUBLE,1,1,0,False,-1
3747,DOUBLE,1,1,0,False,-1
3748,SINGLE,0,1,0,False,-1
3749,NONE,0,0,0,False,-1
3750,SINGLE,0,0,1,False,-1
3751,SINGLE,1,0,0,False,-1
3752,NONE,0,0,0,False,-1
3753,NONE,0,0,0,False,-1
3754,DOUBLE,1,0,1,False,-1
3755,NONE,0,0,0,False,-1
3756,NONE,0,0,0,False,-1
3757,DOUBLE,1,1,0,False,-1
3758,DOUBLE,1,1,0,False,-1
3759,NONE,0,0,0,False,-1
3760,NONE,0,0,0,False,-1
3761,SINGLE,1,0,0,False,-1
3762,NONE,0,0,0,False,-1
3763,NONE,0,0,0,False,-1
3764,SINGLE,0,0,1,False,-1
3765,DOUBLE,1,1,0,False,-1
3766,NONE,0,0,0,False,-1
3767,NONE,0,0,0,False,-1
3768,NONE,0,0,0,False,-1
3769,NONE,0,0,0,False,-1
3770,SINGLE,1,0,0,False,-1
3771,DOUBLE,1,1,0,False,-1
3772,NONE,0,0,0,False,-1
3773,NONE,0,0,0,False,-1
3774,DOUBLE,1,1,0,False,-1
3775,DOUBLE,1,1,0,False,-1
3776,SINGLE,0,0,1,False,-1
3777,SINGLE,1,0,0,False,-1
3778,SINGLE,0,0,1,False,-1
3779,NONE,0,0,0,False,-1
3780,DOUBLE,1,1,0,False,-1
3781,NONE,0,0,0,False,-1
3782,NONE,0,0,0,False,-1
3783,SINGLE,0,1,0,False,-1
3784,NONE,0,0,0,False,-1
3785,DOUBLE,1,1,0,False,-1
3786,NONE,0,0,0,False,-1
3787,NONE,0,0,0,False,-1
3788,NONE,0,0,0,False,-1
3789,NONE,0,0,0,False,-1
3790,NONE,0,0,0,False,-1
3791,DOUBLE,1,1,0,False,-1
3792,NONE,0,0,0,False,-1
3793,NONE,0,0,0,False,-1
3794,DOUBLE,1,1,0,False,-1
3795,SINGLE,0,0,1,False,-1
3796,NONE,0,0,0,False,-1
3797,NONE,0,0,0,False,-1
3798,DOUBLE,1,1,0,False,-1
3799,DOUBLE,1,1,0,False,-1
3800,DOUBLE,1,1,0,False,-1
3801,DOUBLE,1,1,0,False,-1
3802,NONE,0,0,0,False,-1
3803,NONE,0,0,0,False,-1
3804,SINGLE,0,1,0,False,-1
3805,NONE,0,0,0,False,-1
3806,DOUBLE,1,1,0,False,-1
3807,NONE,0,0,0,False,-1
3808,SINGLE,1,0,0,False,-1
3809,DOUBLE,1,1,0,False,-1
3810,DOUBLE,1,1,0,False,-1
3811,DOUBLE,1,1,0,False,-1
3812,NONE,0,0,0,False,-1
3813,SINGLE,0,1,0,False,-1
3814,NONE,0,0,0,False,-1
3815,DOUBLE,1,1,0,False,-1
3816,DOUBLE,1,1,0,False,-1
3817,NONE,0,0,0,False,-1
3818,NONE,0,0,0,False,-1
3819,DOUBLE,1,1,0,False,-1
3820,NONE,0,0,0,False,-1
3821,SINGLE,0,1,0,False,-1
3822,NONE,0,0,0,False,-1
3823,NONE,0,0,0,False,-1
3824,SINGLE,0,0,1,False,-1
3825,NONE,0,0,0,False,-1
3826,DOUBLE,1,1,0,False,-1
3827,NONE,0,0,0,False,-1
3828,NONE,0,0,0,False,-1
3829,NONE,0,0,0,False,-1
3830,NONE,0,0,0,False,-1
3831,NONE,0,0,0,False,-1
3832,NONE,0,0,0,False,-1
3833,SINGLE,0,1,0,False,-1
3834,DOUBLE,1,1,0,False,-1
3835,NONE,0,0,0,False,-1
3836,NONE,0,0,0,False,-1
3837,NONE,0,0,0,False,-1
3838,DOUBLE,1,1,0,False,-1
3839,DOUBLE,1,1,0,False,-1
3840,NONE,0,0,0,False,-1
3841,NONE,0,0,0,False,-1
3842,SINGLE,0,0,1,False,-1
3843,SINGLE,0,0,1,False,-1
3844,DOUBLE,1,1,0,False,-1
3845,NONE,0,0,0,False,-1
3846,NONE,0,0,0,False,-1
3847,NONE,0,0,0,False,-1
3848,SINGLE,0,0,1,False,-1
3849,NONE,0,0,0,False,-1
3850,DOUBLE,1,1,0,False,-1
3851,NONE,0,0,0,False,-1
3852,NONE,0,0,0,False,-1
3853,NONE,0,0,0,False,-1
3854,NONE,0,0,0,False,-1
3855,NONE,0,0,0,False,-1
3856,NONE,0,0,0,False,-1
3857,NONE,0,0,0,False,-1
3858,NONE,0,0,0,False,-1
3859,DOUBLE,1,1,0,False,-1
3860,NONE,0,0,0,False,-1
3861,DOUBLE,1,1,0,False,-1
3862,DOUBLE,1,1,0,False,-1
3863,NONE,0,0,0,False,-1
3864,NONE,0,0,0,False,-1
3865,NONE,0,0,0,False,-1
3866,DOUBLE,1,1,0,False,-1
3867,SINGLE,1,0,0,False,-1
3868,NONE,0,0,0,False,-1
3869,NONE,0,0,0,False,-1
3870,DOUBLE,1,1,0,False,-1
3871,NONE,0,0,0,False,-1
3872,NONE,0,0,0,False,-1
3873,NONE,0,0,0,False,-1
3874,NONE,0,0,0,False,-1
3875,SINGLE,0,0,1,False,-1
3876,SINGLE,1,0,0,False,-1
3877,DOUBLE,1,1,0,False,-1
3878,DOUBLE,1,1,0,False,-1
3879,DOUBLE,1,1,0,False,-1
3880,DOUBLE,1,1,0,False,-1
3881,DOUBLE,1,1,0,False,-1
3882,NONE,0,0,0,False,-1
3883,NONE,0,0,0,False,-1
3884,DOUBLE,1,1,0,False,-1
3885,SINGLE,1,0,0,False,-1
3886,DOUBLE,1,1,0,False,-1
3887,TRIPLE,1,1,1,False,-1
3888,NONE,0,0,0,False,-1
3889,DOUBLE,1,1,0,False,-1
3890,DOUBLE,1,1,0,False,-1
3891,NONE,0,0,0,False,-1
3892,NONE,0,0,0,False,-1
3893,SINGLE,1,0,0,False,-1
3894,NONE,0,0,0,False,-1
3895,NONE,0,0,0,False,-1
3896,NONE,0,0,0,False,-1
3897,NONE,0,0,0,False,-1
3898,SINGLE,0,0,1,False,-1
3899,DOUBLE,1,1,0,False,-1
3900,NONE,0,0,0,False,-1
3901,NONE,0,0,0,False,-1
3902,DOUBLE,1,1,0,False,-1
3903,NONE,0,0,0,False,-1
3904,DOUBLE,1,1,0,False,-1
3905,NONE,0,0,0,False,-1
3906,NONE,0,0,0,False,-1
3907,DOUBLE,1,1,0,False,-1
3908,NONE,0,0,0,False,-1
3909,NONE,0,0,0,False,-1
3910,DOUBLE,1,1,0,False,-1
3911,SINGLE,0,1,0,False,-1
3912,NONE,0,0,0,False,-1
3913,DOUBLE,1,1,0,False,-1
3914,NONE,0,0,0,False,-1
3915,DOUBLE,1,0,1,False,-1
3916,NONE,0,0,0,False,-1
3917,NONE,0,0,0,False,-1
3918,NONE,0,0,0,False,-1
3919,NONE,0,0,0,False,-1
3920,NONE,0,0,0,False,-1
3921,NONE,0,0,0,False,-1
3922,NONE,0,0,0,False,-1
3923,DOUBLE,1,1,0,False,-1
3924,DOUBLE,1,1,0,False,-1
3925,DOUBLE,1,1,0,False,-1
3926,DOUBLE,1,1,0,False,-1
3927,NONE,0,0,0,False,-1
3928,NONE,0,0,0,False,-1
3929,NONE,0,0,0,False,-1
3930,NONE,0,0,0,False,-1
3931,SINGLE,1,0,0,False,-1
3932,NONE,0,0,0,False,-1
3933,SINGLE,0,0,1,False,-1
3934,NONE,0,0,0,False,-1
3935,DOUBLE,1,1,0,False,-1
3936,SINGLE,0,0,1,False,-1
3937,NONE,0,0,0,False,-1
3938,DOUBLE,1,1,0,False,-1
3939,NONE,0,0,0,False,-1
3940,DOUBLE,1,1,0,False,-1
3941,NONE,0,0,0,False,-1
3942,NONE,0,0,0,False,-1
3943,NONE,0,0,0,False,-1
3944,NONE,0,0,0,False,-1
3945,NONE,0,0,0,False,-1
3946,NONE,0,0,0,False,-1
3947,NONE,0,0,0,False,-1
3948,NONE,0,0,0,False,-1
3949,NONE,0,0,0,False,-1
3950,NONE,0,0,0,False,-1
3951,NONE,0,0,0,False,-1
3952,DOUBLE,1,1,0,False,-1
3953,NONE,0,0,0,False,-1
3954,NONE,0,0,0,False,-1
3955,NONE,0,0,0,False,-1
3956,DOUBLE,1,1,0,False,-1
3957,NONE,0,0,0,False,-1
3958,DOUBLE,1,1,0,False,-1
3959,NONE,0,0,0,False,-1
3960,SINGLE,0,0,1,False,-1
3961,NONE,0,0,0,False,-1
3962,DOUBLE,1,1,0,False,-1
3963,NONE,0,0,0,False,-1
3964,DOUBLE,1,1,0,False,-1
3965,NONE,0,0,0,False,-1
3966,DOUBLE,1,1,0,False,-1
3967,NONE,0,0,0,False,-1
3968,NONE,0,0,0,False,-1
3969,NONE,0,0,0,False,-1
3970,DOUBLE,1,1,0,False,-1
3971,NONE,0,0,0,False,-1
3972,NONE,0,0,0,False,-1
3973,NONE,0,0,0,False,-1
3974,DOUBLE,1,1,0,False,-1
3975,DOUBLE,1,1,0,False,-1
3976,DOUBLE,1,1,0,False,-1
3977,NONE,0,0,0,False,-1
3978,NONE,0,0,0,False,-1
3979,NONE,0,0,0,False,-1
3980,NONE,0,0,0,False,-1
3981,DOUBLE,1,1,0,False,-1
3982,NONE,0,0,0,False,-1
3983,NONE,0,0,0,False,-1
3984,DOUBLE,1,1,0,False,-1
3985,SINGLE,0,1,0,False,-1
3986,NONE,0,0,0,False,-1
3987,NONE,0,0,0,False,-1
3988,NONE,0,0,0,False,-1
3989,NONE,0,0,0,False,-1
3990,NONE,0,0,0,False,-1
3991,DOUBLE,1,1,0,False,-1
3992,NONE,0,0,0,False,-1
3993,NONE,0,0,0,False,-1
3994,DOUBLE,1,1,0,False,-1
3995,DOUBLE,1,1,0,False,-1
3996,NONE,0,0,0,False,-1
3997,NONE,0,0,0,False,-1
3998,NONE,0,0,0,False,-1
3999,NONE,0,0,0,False,-1
4000,NONE,0,0,0,False,-1
4001,NONE,0,0,0,False,-1
4002,DOUBLE,1,1,0,False,-1
4003,NONE,0,0,0,False,-1
4004,NONE,0,0,0,False,-1
4005,NONE,0,0,0,False,-1
4006,NONE,0,0,0,False,-1
4007,NONE,0,0,0,False,-1
4008,DOUBLE,1,1,0,False,-1
4009,NONE,0,0,0,False,-1
4010,NONE,0,0,0,False,-1
4011,SINGLE,0,0,1,False,-1
4012,NONE,0,0,0,False,-1
4013,DOUBLE,1,1,0,False,-1
4014,DOUBLE,1,1,0,False,-1
4015,NONE,0,0,0,False,-1
4016,DOUBLE,1,1,0,False,-1
4017,DOUBLE,1,1,0,False,-1
4018,DOUBLE,1,1,0,False,-1
4019,NONE,0,0,0,False,-1
4020,NONE,0,0,0,False,-1
4021,NONE,0,0,0,False,-1
4022,SINGLE,0,1,0,False,-1
4023,NONE,0,0,0,False,-1
4024,NONE,0,0,0,False,-1
4025,NONE,0,0,0,False,-1
4026,NONE,0,0,0,False,-1
4027,NONE,0,0,0,False,-1
4028,NONE,0,0,0,False,-1
4029,NONE,0,0,0,False,-1
4030,DOUBLE,1,1,0,False,-1
4031,NONE,0,0,0,False,-1
4032,NONE,0,0,0,False,-1
4033,NONE,0,0,0,False,-1
4034,DOUBLE,1,1,0,False,-1
4035,DOUBLE,1,1,0,False,-1
4036,NONE,0,0,0,False,-1
4037,NONE,0,0,0,False,-1
4038,NONE,0,0,0,False,-1
4039,NONE,0,0,0,False,-1
4040,NONE,0,0,0,False,-1
4041,SINGLE,1,0,0,False,-1
4042,NONE,0,0,0,False,-1
4043,NONE,0,0,0,False,-1
4044,NONE,0,0,0,False,-1
4045,DOUBLE,1,1,0,False,-1
4046,NONE,0,0,0,False,-1
4047,SINGLE,0,0,1,False,-1
4048,SINGLE,0,0,1,False,-1
4049,NONE,0,0,0,False,-1
4050,NONE,0,0,0,False,-1
4051,SINGLE,0,1,0,False,-1
4052,NONE,0,0,0,False,-1
4053,SINGLE,0,0,1,False,-1
4054,NONE,0,0,0,False,-1
4055,DOUBLE,1,1,0,False,-1
4056,DOUBLE,1,1,0,False,-1
4057,NONE,0,0,0,False,-1
4058,NONE,0,0,0,False,-1
4059,DOUBLE,1,1,0,False,-1
4060,NONE,0,0,0,False,-1
4061,NONE,0,0,0,False,-1
4062,DOUBLE,1,1,0,False,-1
4063,DOUBLE,1,1,0,False,-1
4064,NONE,0,0,0,False,-1
4065,NONE,0,0,0,False,-1
4066,NONE,0,0,0,False,-1
4067,NONE,0,0,0,False,-1
4068,NONE,0,0,0,False,-1
4069,SINGLE,0,1,0,True,2051.65
4070,NONE,0,0,0,False,-1
4071,DOUBLE,1,1,0,False,-1
4072,SINGLE,0,0,1,False,-1
4073,SINGLE,1,0,0,False,-1
4074,NONE,0,0,0,False,-1
4075,NONE,0,0,0,False,-1
4076,SINGLE,0,0,1,False,-1
4077,DOUBLE,1,1,0,False,-1
4078,NONE,0,0,0,False,-1
4079,DOUBLE,1,1,0,False,-1
4080,SINGLE,0,0,1,False,-1
4081,DOUBLE,1,1,0,False,-1
4082,NONE,0,0,0,False,-1
4083,NONE,0,0,0,False,-1
4084,NONE,0,0,0,False,-1
4085,NONE,0,0,0,False,-1
4086,NONE,0,0,0,False,-1
4087,SINGLE,1,0,0,False,-1
4088,DOUBLE,1,1,0,False,-1
4089,NONE,0,0,0,False,-1
4090,DOUBLE,1,1,0,False,-1
4091,DOUBLE,1,1,0,False,-1
4092,NONE,0,0,0,False,-1
4093,NONE,0,0,0,False,-1
4094,NONE,0,0,0,False,-1
4095,NONE,0,0,0,False,-1
4096,NONE,0,0,0,False,-1
4097,NONE,0,0,0,False,-1
4098,DOUBLE,1,1,0,False,-1
4099,NONE,0,0,0,False,-1
4100,SINGLE,0,0,1,False,-1
4101,DOUBLE,1,1,0,False,-1
4102,NONE,0,0,0,False,-1
4103,NONE,0,0,0,False,-1
4104,NONE,0,0,0,False,-1
4105,NONE,0,0,0,False,-1
4106,DOUBLE,1,1,0,False,-1
4107,NONE,0,0,0,False,-1
4108,NONE,0,0,0,False,-1
4109,SINGLE,0,0,1,False,-1
4110,NONE,0,0,0,False,-1
4111,NONE,0,0,0,False,-1
4112,SINGLE,0,0,1,False,-1
4113,DOUBLE,1,1,0,False,-1
4114,NONE,0,0,0,False,-1
4115,NONE,0,0,0,False,-1
4116,SINGLE,1,0,0,False,-1
4117,SINGLE,0,0,1,False,-1
4118,NONE,0,0,0,False,-1
4119,NONE,0,0,0,False,-1
4120,NONE,0,0,0,False,-1
4121,NONE,0,0,0,False,-1
4122,DOUBLE,1,1,0,False,-1
4123,NONE,0,0,0,False,-1
4124,DOUBLE,1,1,0,False,-1
4125,NONE,0,0,0,False,-1
4126,NONE,0,0,0,False,-1
4127,NONE,0,0,0,False,-1
4128,DOUBLE,1,1,0,False,-1
4129,DOUBLE,1,1,0,False,-1
4130,NONE,0,0,0,False,-1
4131,NONE,0,0,0,False,-1
4132,DOUBLE,1,1,0,False,-1
4133,NONE,0,0,0,False,-1
4134,SINGLE,0,0,1,False,-1
4135,NONE,0,0,0,False,-1
4136,NONE,0,0,0,False,-1
4137,NONE,0,0,0,False,-1
4138,SINGLE,0,0,1,False,-1
4139,SINGLE,0,0,1,False,-1
4140,DOUBLE,1,1,0,False,-1
4141,NONE,0,0,0,False,-1
4142,SINGLE,0,1,0,False,-1
4143,NONE,0,0,0,False,-1
4144,NONE,0,0,0,False,-1
4145,DOUBLE,1,1,0,False,-1
4146,DOUBLE,1,1,0,False,-1
4147,SINGLE,1,0,0,False,-1
4148,NONE,0,0,0,False,-1
4149,SINGLE,0,0,1,False,-1
4150,SINGLE,1,0,0,False,-1
4151,DOUBLE,1,1,0,True,1235.78
4152,DOUBLE,1,1,0,False,-1
4153,NONE,0,0,0,False,-1
4154,NONE,0,0,0,False,-1
4155,DOUBLE,1,1,0,False,-1
4156,NONE,0,0,0,False,-1
4157,NONE,0,0,0,False,-1
4158,DOUBLE,1,1,0,False,-1
4159,NONE,0,0,0,False,-1
4160,DOUBLE,1,1,0,False,-1
4161,NONE,0,0,0,False,-1
4162,NONE,0,0,0,False,-1
4163,NONE,0,0,0,False,-1
4164,NONE,0,0,0,False,-1
4165,NONE,0,0,0,False,-1
4166,NONE,0,0,0,False,-1
4167,NONE,0,0,0,False,-1
4168,DOUBLE,1,1,0,False,-1
4169,SINGLE,0,1,0,False,-1
4170,DOUBLE,1,1,0,False,-1
4171,DOUBLE,1,1,0,False,-1
4172,DOUBLE,1,1,0,False,-1
4173,NONE,0,0,0,False,-1
4174,DOUBLE,1,1,0,False,-1
4175,DOUBLE,1,1,0,False,-1
4176,NONE,0,0,0,False,-1
4177,NONE,0,0,0,False,-1
4178,NONE,0,0,0,False,-1
4179,NONE,0,0,0,False,-1
4180,NONE,0,0,0,False,-1
4181,DOUBLE,1,1,0,False,-1
4182,NONE,0,0,0,False,-1
4183,NONE,0,0,0,False,-1
4184,NONE,0,0,0,False,-1
4185,NONE,0,0,0,False,-1
4186,NONE,0,0,0,False,-1
4187,DOUBLE,1,1,0,False,-1
4188,DOUBLE,1,1,0,False,-1
4189,NONE,0,0,0,False,-1
4190,SINGLE,0,0,1,False,-1
4191,NONE,0,0,0,False,-1
4192,DOUBLE,1,1,0,False,-1
4193,SINGLE,0,0,1,False,-1
4194,NONE,0,0,0,False,-1
4195,NONE,0,0,0,False,-1
4196,NONE,0,0,0,False,-1
4197,SINGLE,0,0,1,False,-1
4198,SINGLE,0,0,1,False,-1
4199,NONE,0,0,0,False,-1
4200,NONE,0,0,0,False,-1
4201,SINGLE,0,0,1,False,-1
4202,DOUBLE,1,1,0,False,-1
4203,NONE,0,0,0,False,-1
4204,NONE,0,0,0,False,-1
4205,DOUBLE,1,1,0,False,-1
4206,NONE,0,0,0,False,-1
4207,NONE,0,0,0,False,-1
4208,SINGLE,1,0,0,False,-1
4209,NONE,0,0,0,False,-1
4210,SINGLE,1,0,0,False,-1
4211,NONE,0,0,0,False,-1
4212,SINGLE,0,1,0,False,-1
4213,NONE,0,0,0,False,-1
4214,SINGLE,0,1,0,False,-1
4215,NONE,0,0,0,False,-1
4216,NONE,0,0,0,False,-1
4217,NONE,0,0,0,False,-1
4218,SINGLE,0,0,1,False,-1
4219,NONE,0,0,0,False,-1
4220,NONE,0,0,0,False,-1
4221,DOUBLE,1,1,0,False,-1
4222,NONE,0,0,0,False,-1
4223,NONE,0,0,0,False,-1
4224,DOUBLE,1,1,0,False,-1
4225,NONE,0,0,0,False,-1
4226,NONE,0,0,0,False,-1
4227,NONE,0,0,0,False,-1
4228,NONE,0,0,0,False,-1
4229,DOUBLE,1,1,0,False,-1
4230,NONE,0,0,0,False,-1
4231,NONE,0,0,0,False,-1
4232,SINGLE,0,0,1,False,-1
4233,NONE,0,0,0,False,-1
4234,NONE,0,0,0,False,-1
4235,NONE,0,0,0,False,-1
4236,SINGLE,0,0,1,False,-1
4237,NONE,0,0,0,False,-1
4238,SINGLE,0,0,1,False,-1
4239,SINGLE,0,0,1,False,-1
4240,NONE,0,0,0,False,-1
4241,SINGLE,0,0,1,False,-1
4242,NONE,0,0,0,False,-1
4243,DOUBLE,1,1,0,False,-1
4244,NONE,0,0,0,False,-1
4245,NONE,0,0,0,False,-1
4246,DOUBLE,1,1,0,False,-1
4247,NONE,0,0,0,False,-1
4248,NONE,0,0,0,False,-1
4249,NONE,0,0,0,False,-1
4250,NONE,0,0,0,False,-1
4251,NONE,0,0,0,False,-1
4252,NONE,0,0,0,False,-1
4253,NONE,0,0,0,False,-1
4254,NONE,0,0,0,False,-1
4255,NONE,0,0,0,False,-1
4256,NONE,0,0,0,False,-1
4257,NONE,0,0,0,False,-1
4258,NONE,0,0,0,False,-1
4259,DOUBLE,1,1,0,False,-1
4260,NONE,0,0,0,False,-1
4261,DOUBLE,1,1,0,False,-1
4262,NONE,0,0,0,False,-1
4263,NONE,0,0,0,False,-1
4264,NONE,0,0,0,False,-1
4265,DOUBLE,1,1,0,False,-1
4266,NONE,0,0,0,False,-1
4267,NONE,0,0,0,False,-1
4268,NONE,0,0,0,False,-1
4269,NONE,0,0,0,False,-1
4270,NONE,0,0,0,False,-1
4271,DOUBLE,1,1,0,False,-1
4272,NONE,0,0,0,False,-1
4273,NONE,0,0,0,False,-1
4274,NONE,0,0,0,False,-1
4275,DOUBLE,1,1,0,False,-1
4276,NONE,0,0,0,False,-1
4277,NONE,0,0,0,False,-1
4278,NONE,0,0,0,False,-1
4279,SINGLE,0,0,1,False,-1
4280,NONE,0,0,0,False,-1
4281,NONE,0,0,0,False,-1
4282,DOUBLE,1,1,0,False,-1
4283,NONE,0,0,0,False,-1
4284,NONE,0,0,0,False,-1
4285,NONE,0,0,0,False,-1
4286,DOUBLE,1,1,0,False,-1
4287,DOUBLE,1,0,1,False,-1
4288,SINGLE,0,0,1,False,-1
4289,NONE,0,0,0,False,-1
4290,DOUBLE,1,1,0,False,-1
4291,NONE,0,0,0,False,-1
4292,SINGLE,1,0,0,False,-1
4293,DOUBLE,1,1,0,False,-1
4294,DOUBLE,1,1,0,False,-1
4295,DOUBLE,1,1,0,False,-1
4296,NONE,0,0,0,False,-1
4297,NONE,0,0,0,False,-1
4298,NONE,0,0,0,False,-1
4299,NONE,0,0,0,False,-1
4300,NONE,0,0,0,False,-1
4301,DOUBLE,1,1,0,False,-1
4302,NONE,0,0,0,False,-1
4303,NONE,0,0,0,False,-1
4304,NONE,0,0,0,False,-1
4305,NONE,0,0,0,False,-1
4306,NONE,0,0,0,False,-1
4307,NONE,0,0,0,False,-1
4308,NONE,0,0,0,False,-1
4309,SINGLE,1,0,0,False,-1
4310,NONE,0,0,0,False,-1
4311,NONE,0,0,0,False,-1
4312,DOUBLE,1,1,0,False,-1
4313,NONE,0,0,0,False,-1
4314,DOUBLE,1,1,0,False,-1
4315,NONE,0,0,0,False,-1
4316,NONE,0,0,0,False,-1
4317,DOUBLE,1,1,0,False,-1
4318,DOUBLE,1,1,0,False,-1
4319,NONE,0,0,0,False,-1
4320,SINGLE,0,1,0,False,-1
4321,NONE,0,0,0,False,-1
4322,NONE,0,0,0,False,-1
4323,DOUBLE,1,1,0,False,-1
4324,SINGLE,0,0,1,False,-1
4325,NONE,0,0,0,False,-1
4326,NONE,0,0,0,False,-1
4327,NONE,0,0,0,False,-1
4328,DOUBLE,1,1,0,False,-1
4329,DOUBLE,1,1,0,False,-1
4330,SINGLE,0,0,1,False,-1
4331,NONE,0,0,0,False,-1
4332,NONE,0,0,0,False,-1
4333,NONE,0,0,0,False,-1
4334,SINGLE,1,0,0,False,-1
4335,SINGLE,1,0,0,False,-1
4336,DOUBLE,1,1,0,False,-1
4337,NONE,0,0,0,False,-1
4338,NONE,0,0,0,False,-1
4339,NONE,0,0,0,False,-1
4340,DOUBLE,1,1,0,False,-1
4341,NONE,0,0,0,False,-1
4342,DOUBLE,1,1,0,False,-1
4343,NONE,0,0,0,False,-1
4344,DOUBLE,1,1,0,False,-1
4345,NONE,0,0,0,False,-1
4346,NONE,0,0,0,False,-1
4347,SINGLE,0,1,0,False,-1
4348,NONE,0,0,0,False,-1
4349,NONE,0,0,0,False,-1
4350,NONE,0,0,0,False,-1
4351,DOUBLE,1,1,0,False,-1
4352,DOUBLE,1,1,0,False,-1
4353,DOUBLE,1,1,0,False,-1
4354,NONE,0,0,0,False,-1
4355,NONE,0,0,0,False,-1
4356,NONE,0,0,0,False,-1
4357,NONE,0,0,0,False,-1
4358,NONE,0,0,0,False,-1
4359,NONE,0,0,0,False,-1
4360,NONE,0,0,0,False,-1
4361,NONE,0,0,0,False,-1
4362,NONE,0,0,0,False,-1
4363,DOUBLE,1,1,0,False,-1
4364,NONE,0,0,0,False,-1
4365,NONE,0,0,0,False,-1
4366,NONE,0,0,0,False,-1
4367,DOUBLE,1,1,0,False,-1
4368,NONE,0,0,0,False,-1
4369,NONE,0,0,0,False,-1
4370,NONE,0,0,0,False,-1
4371,NONE,0,0,0,False,-1
4372,NONE,0,0,0,False,-1
4373,NONE,0,0,0,False,-1
4374,SINGLE,0,0,1,False,-1
4375,NONE,0,0,0,False,-1
4376,NONE,0,0,0,False,-1
4377,DOUBLE,1,1,0,False,-1
4378,NONE,0,0,0,False,-1
4379,NONE,0,0,0,False,-1
4380,DOUBLE,1,1,0,False,-1
4381,NONE,0,0,0,False,-1
4382,SINGLE,0,0,1,False,-1
4383,SINGLE,0,0,1,False,-1
4384,NONE,0,0,0,False,-1
4385,DOUBLE,1,1,0,False,-1
4386,DOUBLE,1,1,0,False,-1
4387,NONE,0,0,0,False,-1
4388,SINGLE,0,1,0,False,-1
4389,NONE,0,0,0,False,-1
4390,NONE,0,0,0,False,-1
4391,NONE,0,0,0,False,-1
4392,NONE,0,0,0,False,-1
4393,SINGLE,1,0,0,False,-1
4394,SINGLE,0,0,1,False,-1
4395,DOUBLE,1,1,0,False,-1
4396,NONE,0,0,0,False,-1
4397,NONE,0,0,0,False,-1
4398,NONE,0,0,0,False,-1
4399,NONE,0,0,0,False,-1
4400,DOUBLE,1,1,0,False,-1
4401,NONE,0,0,0,False,-1
4402,NONE,0,0,0,False,-1
4403,NONE,0,0,0,False,-1
4404,NONE,0,0,0,False,-1
4405,NONE,0,0,0,False,-1
4406,NONE,0,0,0,False,-1
4407,NONE,0,0,0,False,-1
4408,NONE,0,0,0,False,-1
4409,NONE,0,0,0,False,-1
4410,DOUBLE,1,1,0,False,-1
4411,DOUBLE,1,1,0,False,-1
4412,NONE,0,0,0,False,-1
4413,NONE,0,0,0,False,-1
4414,NONE,0,0,0,False,-1
4415,NONE,0,0,0,False,-1
4416,NONE,0,0,0,False,-1
4417,DOUBLE,1,1,0,False,-1
4418,NONE,0,0,0,False,-1
4419,NONE,0,0,0,False,-1
4420,SINGLE,0,0,1,False,-1
4421,NONE,0,0,0,False,-1
4422,NONE,0,0,0,False,-1
4423,NONE,0,0,0,False,-1
4424,DOUBLE,1,1,0,False,-1
4425,SINGLE,0,1,0,False,-1
4426,SINGLE,0,0,1,False,-1
4427,NONE,0,0,0,False,-1
4428,NONE,0,0,0,False,-1
4429,DOUBLE,1,1,0,False,-1
4430,NONE,0,0,0,False,-1
4431,NONE,0,0,0,False,-1
4432,DOUBLE,1,1,0,False,-1
4433,SINGLE,0,1,0,False,-1
4434,DOUBLE,1,1,0,False,-1
4435,NONE,0,0,0,False,-1
4436,NONE,0,0,0,False,-1
4437,NONE,0,0,0,False,-1
4438,NONE,0,0,0,False,-1
4439,NONE,0,0,0,False,-1
4440,SINGLE,1,0,0,False,-1
4441,DOUBLE,1,1,0,False,-1
4442,NONE,0,0,0,False,-1
4443,NONE,0,0,0,False,-1
4444,SINGLE,1,0,0,False,-1
4445,NONE,0,0,0,False,-1
4446,NONE,0,0,0,False,-1
4447,NONE,0,0,0,False,-1
4448,NONE,0,0,0,False,-1
4449,NONE,0,0,0,False,-1
4450,NONE,0,0,0,False,-1
4451,NONE,0,0,0,False,-1
4452,SINGLE,1,0,0,False,-1
4453,NONE,0,0,0,False,-1
4454,NONE,0,0,0,False,-1
4455,NONE,0,0,0,False,-1
4456,SINGLE,0,1,0,False,-1
4457,NONE,0,0,0,False,-1
4458,NONE,0,0,0,False,-1
4459,NONE,0,0,0,False,-1
4460,SINGLE,0,1,0,False,-1
4461,NONE,0,0,0,False,-1
4462,NONE,0,0,0,False,-1
4463,DOUBLE,1,1,0,False,-1
4464,SINGLE,0,0,1,False,-1
4465,NONE,0,0,0,False,-1
4466,NONE,0,0,0,False,-1
4467,NONE,0,0,0,False,-1
4468,NONE,0,0,0,False,-1
4469,DOUBLE,1,1,0,False,-1
4470,DOUBLE,1,1,0,False,-1
4471,NONE,0,0,0,False,-1
4472,NONE,0,0,0,False,-1
4473,NONE,0,0,0,False,-1
4474,NONE,0,0,0,False,-1
4475,SINGLE,0,1,0,False,-1
4476,NONE,0,0,0,False,-1
4477,DOUBLE,1,1,0,False,-1
4478,SINGLE,0,0,1,False,-1
4479,DOUBLE,1,1,0,False,-1
4480,NONE,0,0,0,False,-1
4481,NONE,0,0,0,False,-1
4482,DOUBLE,1,1,0,False,-1
4483,SINGLE,0,1,0,False,-1
4484,NONE,0,0,0,False,-1
4485,NONE,0,0,0,False,-1
4486,SINGLE,1,0,0,False,-1
4487,DOUBLE,1,1,0,False,-1
4488,NONE,0,0,0,False,-1
4489,DOUBLE,1,1,0,False,-1
4490,NONE,0,0,0,False,-1
4491,NONE,0,0,0,False,-1
4492,NONE,0,0,0,False,-1
4493,DOUBLE,1,1,0,False,-1
4494,NONE,0,0,0,False,-1
4495,DOUBLE,1,1,0,False,-1
4496,SINGLE,0,0,1,False,-1
4497,NONE,0,0,0,False,-1
4498,DOUBLE,1,1,0,False,-1
4499,NONE,0,0,0,False,-1
4500,NONE,0,0,0,False,-1
4501,NONE,0,0,0,False,-1
4502,NONE,0,0,0,False,-1
4503,NONE,0,0,0,False,-1
4504,NONE,0,0,0,False,-1
4505,NONE,0,0,0,False,-1
4506,SINGLE,0,0,1,False,-1
4507,NONE,0,0,0,False,-1
4508,NONE,0,0,0,False,-1
4509,DOUBLE,1,1,0,False,-1
4510,NONE,0,0,0,False,-1
4511,DOUBLE,1,1,0,False,-1
4512,DOUBLE,1,1,0,False,-1
4513,DOUBLE,1,0,1,False,-1
4514,NONE,0,0,0,False,-1
4515,NONE,0,0,0,False,-1
4516,DOUBLE,1,1,0,False,-1
4517,DOUBLE,1,1,0,False,-1
4518,NONE,0,0,0,False,-1
4519,SINGLE,0,0,1,False,-1
4520,NONE,0,0,0,False,-1
4521,NONE,0,0,0,False,-1
4522,NONE,0,0,0,False,-1
4523,NONE,0,0,0,False,-1
4524,SINGLE,0,1,0,False,-1
4525,NONE,0,0,0,False,-1
4526,SINGLE,0,1,0,False,-1
4527,NONE,0,0,0,False,-1
4528,NONE,0,0,0,False,-1
4529,NONE,0,0,0,False,-1
4530,SINGLE,0,0,1,False,-1
4531,NONE,0,0,0,False,-1
4532,NONE,0,0,0,False,-1
4533,NONE,0,0,0,False,-1
4534,DOUBLE,1,1,0,False,-1
4535,SINGLE,0,0,1,False,-1
4536,NONE,0,0,0,False,-1
4537,NONE,0,0,0,False,-1
4538,NONE,0,0,0,False,-1
4539,DOUBLE,1,1,0,False,-1
4540,NONE,0,0,0,False,-1
4541,SINGLE,0,0,1,False,-1
4542,NONE,0,0,0,False,-1
4543,NONE,0,0,0,False,-1
4544,NONE,0,0,0,False,-1
4545,DOUBLE,1,0,1,False,-1
4546,DOUBLE,1,1,0,False,-1
4547,NONE,0,0,0,False,-1
4548,NONE,0,0,0,False,-1
4549,NONE,0,0,0,False,-1
4550,NONE,0,0,0,False,-1
4551,NONE,0,0,0,False,-1
4552,NONE,0,0,0,False,-1
4553,NONE,0,0,0,False,-1
4554,DOUBLE,1,1,0,False,-1
4555,DOUBLE,1,1,0,False,-1
4556,DOUBLE,1,1,0,False,-1
4557,NONE,0,0,0,False,-1
4558,NONE,0,0,0,False,-1
4559,TRIPLE,1,1,1,False,-1
4560,NONE,0,0,0,False,-1
4561,NONE,0,0,0,False,-1
4562,NONE,0,0,0,False,-1
4563,DOUBLE,1,1,0,False,-1
4564,NONE,0,0,0,False,-1
4565,NONE,0,0,0,False,-1
4566,SINGLE,0,1,0,False,-1
4567,DOUBLE,1,1,0,False,-1
4568,DOUBLE,1,1,0,False,-1
4569,SINGLE,0,1,0,False,-1
4570,SINGLE,0,1,0,False,-1
4571,NONE,0,0,0,False,-1
4572,NONE,0,0,0,False,-1
4573,NONE,0,0,0,False,-1
4574,NONE,0,0,0,False,-1
4575,NONE,0,0,0,False,-1
4576,NONE,0,0,0,False,-1
4577,DOUBLE,1,1,0,False,-1
4578,NONE,0,0,0,False,-1
4579,SINGLE,0,0,1,False,-1
4580,NONE,0,0,0,False,-1
4581,NONE,0,0,0,False,-1
4582,NONE,0,0,0,False,-1
4583,DOUBLE,1,1,0,False,-1
4584,NONE,0,0,0,False,-1
4585,NONE,0,0,0,False,-1
4586,NONE,0,0,0,False,-1
4587,SINGLE,0,0,1,False,-1
4588,NONE,0,0,0,False,-1
4589,NONE,0,0,0,False,-1
4590,NONE,0,0,0,False,-1
4591,NONE,0,0,0,False,-1
4592,SINGLE,1,0,0,False,-1
4593,NONE,0,0,0,False,-1
4594,NONE,0,0,0,False,-1
4595,NONE,0,0,0,False,-1
4596,NONE,0,0,0,False,-1
4597,NONE,0,0,0,False,-1
4598,NONE,0,0,0,False,-1
4599,SINGLE,1,0,0,False,-1
4600,DOUBLE,1,1,0,False,-1
4601,DOUBLE,1,1,0,False,-1
4602,NONE,0,0,0,False,-1
4603,NONE,0,0,0,False,-1
4604,SINGLE,0,0,1,False,-1
4605,DOUBLE,1,1,0,False,-1
4606,SINGLE,1,0,0,False,-1
4607,NONE,0,0,0,False,-1
4608,DOUBLE,1,1,0,False,-1
4609,NONE,0,0,0,False,-1
4610,NONE,0,0,0,False,-1
4611,NONE,0,0,0,False,-1
4612,SINGLE,0,0,1,False,-1
4613,NONE,0,0,0,False,-1
4614,NONE,0,0,0,False,-1
4615,NONE,0,0,0,False,-1
4616,NONE,0,0,0,False,-1
4617,DOUBLE,1,1,0,False,-1
4618,NONE,0,0,0,False,-1
4619,NONE,0,0,0,False,-1
4620,NONE,0,0,0,False,-1
4621,NONE,0,0,0,False,-1
4622,NONE,0,0,0,False,-1
4623,NONE,0,0,0,False,-1
4624,NONE,0,0,0,False,-1
4625,NONE,0,0,0,False,-1
4626,NONE,0,0,0,False,-1
4627,NONE,0,0,0,False,-1
4628,NONE,0,0,0,False,-1
4629,SINGLE,0,0,1,False,-1
4630,NONE,0,0,0,False,-1
4631,DOUBLE,1,1,0,False,-1
4632,SINGLE,0,0,1,False,-1
4633,NONE,0,0,0,False,-1
4634,NONE,0,0,0,False,-1
4635,NONE,0,0,0,False,-1
4636,NONE,0,0,0,False,-1
4637,SINGLE,0,0,1,False,-1
4638,NONE,0,0,0,False,-1
4639,DOUBLE,1,0,1,False,-1
4640,NONE,0,0,0,False,-1
4641,NONE,0,0,0,False,-1
4642,DOUBLE,1,1,0,False,-1
4643,NONE,0,0,0,False,-1
4644,SINGLE,0,0,1,False,-1
4645,SINGLE,0,0,1,False,-1
4646,NONE,0,0,0,False,-1
4647,DOUBLE,1,1,0,False,-1
4648,SINGLE,1,0,0,False,-1
4649,NONE,0,0,0,False,-1
4650,DOUBLE,1,1,0,False,-1
4651,NONE,0,0,0,False,-1
4652,NONE,0,0,0,False,-1
4653,DOUBLE,1,1,0,False,-1
4654,DOUBLE,1,1,0,False,-1
4655,NONE,0,0,0,False,-1
4656,SINGLE,0,0,1,False,-1
4657,DOUBLE,1,1,0,False,-1
4658,NONE,0,0,0,False,-1
4659,SINGLE,0,1,0,False,-1
4660,NONE,0,0,0,False,-1
4661,SINGLE,0,0,1,False,-1
4662,NONE,0,0,0,False,-1
4663,NONE,0,0,0,False,-1
4664,NONE,0,0,0,False,-1
4665,NONE,0,0,0,False,-1
4666,NONE,0,0,0,False,-1
4667,NONE,0,0,0,False,-1
4668,NONE,0,0,0,False,-1
4669,NONE,0,0,0,False,-1
4670,DOUBLE,1,1,0,False,-1
4671,DOUBLE,1,1,0,False,-1
4672,NONE,0,0,0,False,-1
4673,NONE,0,0,0,False,-1
4674,DOUBLE,1,1,0,False,-1
4675,NONE,0,0,0,False,-1
4676,NONE,0,0,0,False,-1
4677,NONE,0,0,0,False,-1
4678,DOUBLE,1,1,0,False,-1
4679,NONE,0,0,0,False,-1
4680,SINGLE,0,1,0,False,-1
4681,DOUBLE,1,1,0,False,-1
4682,NONE,0,0,0,False,-1
4683,SINGLE,1,0,0,False,-1
4684,NONE,0,0,0,False,-1
4685,NONE,0,0,0,False,-1
4686,NONE,0,0,0,False,-1
4687,DOUBLE,1,1,0,False,-1
4688,NONE,0,0,0,False,-1
4689,SINGLE,0,0,1,False,-1
4690,NONE,0,0,0,False,-1
4691,DOUBLE,1,1,0,False,-1
4692,NONE,0,0,0,False,-1
4693,NONE,0,0,0,False,-1
4694,NONE,0,0,0,False,-1
4695,NONE,0,0,0,False,-1
4696,DOUBLE,1,1,0,False,-1
4697,NONE,0,0,0,False,-1
4698,NONE,0,0,0,False,-1
4699,NONE,0,0,0,False,-1
4700,DOUBLE,1,1,0,False,-1
4701,DOUBLE,1,1,0,False,-1
4702,DOUBLE,1,1,0,False,-1
4703,DOUBLE,1,1,0,False,-1
4704,SINGLE,1,0,0,False,-1
4705,NONE,0,0,0,False,-1
4706,NONE,0,0,0,False,-1
4707,SINGLE,0,0,1,False,-1
4708,SINGLE,0,0,1,False,-1
4709,NONE,0,0,0,False,-1
4710,NONE,0,0,0,False,-1
4711,SINGLE,0,1,0,False,-1
4712,NONE,0,0,0,False,-1
4713,NONE,0,0,0,False,-1
4714,NONE,0,0,0,False,-1
4715,NONE,0,0,0,False,-1
4716,NONE,0,0,0,False,-1
4717,NONE,0,0,0,False,-1
4718,NONE,0,0,0,False,-1
4719,NONE,0,0,0,False,-1
4720,NONE,0,0,0,False,-1
4721,NONE,0,0,0,False,-1
4722,NONE,0,0,0,False,-1
4723,NONE,0,0,0,False,-1
4724,NONE,0,0,0,False,-1
4725,NONE,0,0,0,False,-1
4726,DOUBLE,1,1,0,False,-1
4727,NONE,0,0,0,False,-1
4728,NONE,0,0,0,False,-1
4729,DOUBLE,1,1,0,False,-1
4730,NONE,0,0,0,False,-1
4731,NONE,0,0,0,False,-1
4732,NONE,0,0,0,False,-1
4733,NONE,0,0,0,False,-1
4734,NONE,0,0,0,False,-1
4735,DOUBLE,1,0,1,False,-1
4736,NONE,0,0,0,False,-1
4737,NONE,0,0,0,False,-1
4738,NONE,0,0,0,False,-1
4739,DOUBLE,1,1,0,False,-1
4740,NONE,0,0,0,False,-1
4741,NONE,0,0,0,False,-1
4742,NONE,0,0,0,False,-1
4743,SINGLE,0,1,0,False,-1
4744,NONE,0,0,0,False,-1
4745,NONE,0,0,0,False,-1
4746,SINGLE,0,0,1,False,-1
4747,NONE,0,0,0,False,-1
4748,DOUBLE,1,1,0,False,-1
4749,DOUBLE,1,1,0,False,-1
4750,NONE,0,0,0,False,-1
4751,NONE,0,0,0,False,-1
4752,NONE,0,0,0,False,-1
4753,NONE,0,0,0,False,-1
4754,DOUBLE,1,1,0,False,-1
4755,NONE,0,0,0,False,-1
4756,NONE,0,0,0,False,-1
4757,DOUBLE,1,1,0,False,-1
4758,SINGLE,0,1,0,False,-1
4759,DOUBLE,1,1,0,False,-1
4760,NONE,0,0,0,False,-1
4761,NONE,0,0,0,False,-1
4762,NONE,0,0,0,False,-1
4763,NONE,0,0,0,False,-1
4764,NONE,0,0,0,False,-1
4765,DOUBLE,1,1,0,False,-1
4766,NONE,0,0,0,False,-1
4767,SINGLE,1,0,0,False,-1
4768,NONE,0,0,0,False,-1
4769,SINGLE,1,0,0,False,-1
4770,DOUBLE,1,1,0,False,-1
4771,DOUBLE,1,1,0,False,-1
4772,NONE,0,0,0,False,-1
4773,NONE,0,0,0,False,-1
4774,NONE,0,0,0,False,-1
4775,NONE,0,0,0,False,-1
4776,SINGLE,0,1,0,False,-1
4777,NONE,0,0,0,False,-1
4778,NONE,0,0,0,False,-1
4779,NONE,0,0,0,False,-1
4780,NONE,0,0,0,False,-1
4781,NONE,0,0,0,False,-1
4782,NONE,0,0,0,False,-1
4783,SINGLE,0,0,1,False,-1
4784,NONE,0,0,0,False,-1
4785,NONE,0,0,0,False,-1
4786,NONE,0,0,0,False,-1
4787,DOUBLE,1,1,0,False,-1
4788,NONE,0,0,0,False,-1
4789,NONE,0,0,0,False,-1
4790,NONE,0,0,0,False,-1
4791,NONE,0,0,0,False,-1
4792,NONE,0,0,0,False,-1
4793,NONE,0,0,0,False,-1
4794,NONE,0,0,0,False,-1
4795,DOUBLE,1,1,0,False,-1
4796,NONE,0,0,0,False,-1
4797,NONE,0,0,0,False,-1
4798,NONE,0,0,0,False,-1
4799,NONE,0,0,0,False,-1
4800,NONE,0,0,0,False,-1
4801,NONE,0,0,0,False,-1
4802,DOUBLE,1,1,0,False,-1
4803,SINGLE,0,1,0,False,-1
4804,DOUBLE,1,1,0,False,-1
4805,NONE,0,0,0,False,-1
4806,DOUBLE,1,1,0,False,-1
4807,DOUBLE,1,1,0,False,-1
4808,NONE,0,0,0,False,-1
4809,NONE,0,0,0,False,-1
4810,NONE,0,0,0,False,-1
4811,NONE,0,0,0,False,-1
4812,NONE,0,0,0,False,-1
4813,DOUBLE,1,1,0,False,-1
4814,NONE,0,0,0,False,-1
4815,SINGLE,0,1,0,False,-1
4816,NONE,0,0,0,False,-1
4817,NONE,0,0,0,False,-1
4818,NONE,0,0,0,False,-1
4819,DOUBLE,1,1,0,False,-1
4820,NONE,0,0,0,False,-1
4821,DOUBLE,1,1,0,False,-1
4822,NONE,0,0,0,False,-1
4823,NONE,0,0,0,False,-1
4824,NONE,0,0,0,False,-1
4825,NONE,0,0,0,False,-1
4826,NONE,0,0,0,False,-1
4827,NONE,0,0,0,False,-1
4828,NONE,0,0,0,False,-1
4829,DOUBLE,1,1,0,False,-1
4830,NONE,0,0,0,False,-1
4831,NONE,0,0,0,False,-1
4832,SINGLE,0,1,0,False,-1
4833,NONE,0,0,0,False,-1
4834,NONE,0,0,0,False,-1
4835,NONE,0,0,0,False,-1
4836,NONE,0,0,0,False,-1
4837,NONE,0,0,0,False,-1
4838,NONE,0,0,0,False,-1
4839,NONE,0,0,0,False,-1
4840,NONE,0,0,0,False,-1
4841,NONE,0,0,0,False,-1
4842,NONE,0,0,0,False,-1
4843,DOUBLE,1,1,0,False,-1
4844,DOUBLE,1,1,0,False,-1
4845,NONE,0,0,0,False,-1
4846,NONE,0,0,0,False,-1
4847,NONE,0,0,0,False,-1
4848,SINGLE,0,1,0,False,-1
4849,NONE,0,0,0,False,-1
4850,SINGLE,1,0,0,False,-1
4851,SINGLE,0,0,1,False,-1
4852,DOUBLE,1,1,0,False,-1
4853,DOUBLE,1,1,0,False,-1
4854,DOUBLE,1,1,0,False,-1
4855,SINGLE,0,1,0,False,-1
4856,SINGLE,0,0,1,False,-1
4857,DOUBLE,1,1,0,False,-1
4858,SINGLE,1,0,0,False,-1
4859,NONE,0,0,0,False,-1
4860,SINGLE,0,0,1,False,-1
4861,DOUBLE,1,1,0,False,-1
4862,NONE,0,0,0,False,-1
4863,NONE,0,0,0,False,-1
4864,NONE,0,0,0,False,-1
4865,DOUBLE,1,1,0,False,-1
4866,DOUBLE,1,1,0,False,-1
4867,NONE,0,0,0,False,-1
4868,NONE,0,0,0,False,-1
4869,SINGLE,0,0,1,False,-1
4870,NONE,0,0,0,False,-1
4871,DOUBLE,1,1,0,False,-1
4872,NONE,0,0,0,False,-1
4873,NONE,0,0,0,False,-1
4874,DOUBLE,1,1,0,False,-1
4875,NONE,0,0,0,False,-1
4876,DOUBLE,1,1,0,False,-1
4877,NONE,0,0,0,False,-1
4878,NONE,0,0,0,False,-1
4879,DOUBLE,1,1,0,False,-1
4880,NONE,0,0,0,False,-1
4881,SINGLE,1,0,0,False,-1
4882,NONE,0,0,0,False,-1
4883,NONE,0,0,0,False,-1
4884,NONE,0,0,0,False,-1
4885,SINGLE,0,0,1,False,-1
4886,SINGLE,1,0,0,False,-1
4887,NONE,0,0,0,False,-1
4888,DOUBLE,1,1,0,False,-1
4889,DOUBLE,1,1,0,False,-1
4890,DOUBLE,1,0,1,False,-1
4891,DOUBLE,1,1,0,False,-1
4892,NONE,0,0,0,False,-1
4893,NONE,0,0,0,False,-1
4894,NONE,0,0,0,False,-1
4895,DOUBLE,1,1,0,False,-1
4896,DOUBLE,1,1,0,False,-1
4897,SINGLE,1,0,0,False,-1
4898,NONE,0,0,0,False,-1
4899,NONE,0,0,0,False,-1
4900,NONE,0,0,0,False,-1
4901,NONE,0,0,0,False,-1
4902,SINGLE,0,1,0,False,-1
4903,DOUBLE,1,1,0,False,-1
4904,DOUBLE,1,1,0,False,-1
4905,NONE,0,0,0,False,-1
4906,SINGLE,1,0,0,False,-1
4907,NONE,0,0,0,False,-1
4908,NONE,0,0,0,False,-1
4909,NONE,0,0,0,False,-1
4910,NONE,0,0,0,False,-1
4911,NONE,0,0,0,False,-1
4912,NONE,0,0,0,False,-1
4913,NONE,0,0,0,False,-1
4914,NONE,0,0,0,False,-1
4915,NONE,0,0,0,False,-1
4916,NONE,0,0,0,False,-1
4917,DOUBLE,1,1,0,False,-1
4918,DOUBLE,1,1,0,False,-1
4919,DOUBLE,1,1,0,False,-1
4920,NONE,0,0,0,False,-1
4921,DOUBLE,1,1,0,False,-1
4922,NONE,0,0,0,False,-1
4923,NONE,0,0,0,False,-1
4924,NONE,0,0,0,False,-1
4925,NONE,0,0,0,False,-1
4926,NONE,0,0,0,False,-1
4927,NONE,0,0,0,False,-1
4928,NONE,0,0,0,False,-1
4929,NONE,0,0,0,False,-1
4930,NONE,0,0,0,False,-1
4931,NONE,0,0,0,False,-1
4932,DOUBLE,1,1,0,False,-1
4933,NONE,0,0,0,False,-1
4934,NONE,0,0,0,False,-1
4935,SINGLE,0,0,1,False,-1
4936,SINGLE,0,1,0,False,-1
4937,SINGLE,1,0,0,False,-1
4938,NONE,0,0,0,False,-1
4939,NONE,0,0,0,False,-1
4940,SINGLE,0,0,1,False,-1
4941,NONE,0,0,0,False,-1
4942,DOUBLE,1,1,0,False,-1
4943,NONE,0,0,0,False,-1
4944,NONE,0,0,0,False,-1
4945,NONE,0,0,0,False,-1
4946,DOUBLE,1,1,0,False,-1
4947,NONE,0,0,0,False,-1
4948,NONE,0,0,0,False,-1
4949,SINGLE,0,0,1,False,-1
4950,SINGLE,0,1,0,False,-1
4951,SINGLE,1,0,0,False,-1
4952,NONE,0,0,0,False,-1
4953,SINGLE,0,0,1,False,-1
4954,NONE,0,0,0,False,-1
4955,NONE,0,0,0,False,-1
4956,NONE,0,0,0,False,-1
4957,NONE,0,0,0,False,-1
4958,SINGLE,0,1,0,False,-1
4959,NONE,0,0,0,False,-1
4960,DOUBLE,1,1,0,False,-1
4961,DOUBLE,1,1,0,False,-1
4962,DOUBLE,1,1,0,False,-1
4963,NONE,0,0,0,False,-1
4964,NONE,0,0,0,False,-1
4965,NONE,0,0,0,False,-1
4966,DOUBLE,1,1,0,False,-1
4967,NONE,0,0,0,False,-1
4968,NONE,0,0,0,False,-1
4969,SINGLE,0,0,1,False,-1
4970,NONE,0,0,0,False,-1
4971,SINGLE,0,1,0,False,-1
4972,NONE,0,0,0,False,-1
4973,NONE,0,0,0,False,-1
4974,NONE,0,0,0,False,-1
4975,NONE,0,0,0,False,-1
4976,SINGLE,1,0,0,False,-1
4977,DOUBLE,1,1,0,False,-1
4978,SINGLE,0,0,1,False,-1
4979,NONE,0,0,0,False,-1
4980,NONE,0,0,0,False,-1
4981,DOUBLE,1,1,0,False,-1
4982,NONE,0,0,0,False,-1
4983,NONE,0,0,0,False,-1
4984,NONE,0,0,0,False,-1
4985,SINGLE,0,1,0,False,-1
4986,NONE,0,0,0,False,-1
4987,DOUBLE,1,1,0,False,-1
4988,NONE,0,0,0,False,-1
4989,NONE,0,0,0,False,-1
4990,DOUBLE,1,1,0,False,-1
4991,NONE,0,0,0,False,-1
4992,SINGLE,1,0,0,False,-1
4993,SINGLE,0,0,1,False,-1
4994,DOUBLE,1,1,0,False,-1
4995,DOUBLE,1,1,0,False,-1
4996,NONE,0,0,0,False,-1
4997,DOUBLE,1,1,0,False,-1
4998,NONE,0,0,0,False,-1
4999,NONE,0,0,0,False,-1
5000,DOUBLE,1,1,0,False,-1
5001,NONE,0,0,0,False,-1
5002,DOUBLE,1,1,0,False,-1
5003,NONE,0,0,0,False,-1
5004,SINGLE,0,0,1,False,-1
5005,NONE,0,0,0,False,-1
5006,NONE,0,0,0,False,-1
5007,NONE,0,0,0,False,-1
5008,DOUBLE,1,1,0,False,-1
5009,NONE,0,0,0,False,-1
5010,NONE,0,0,0,False,-1
5011,NONE,0,0,0,False,-1
5012,NONE,0,0,0,False,-1
5013,DOUBLE,1,1,0,False,-1
5014,NONE,0,0,0,False,-1
5015,NONE,0,0,0,False,-1
5016,NONE,0,0,0,False,-1
5017,NONE,0,0,0,False,-1
5018,NONE,0,0,0,False,-1
5019,NONE,0,0,0,False,-1
5020,NONE,0,0,0,False,-1
5021,NONE,0,0,0,False,-1
5022,NONE,0,0,0,False,-1
5023,NONE,0,0,0,False,-1
5024,NONE,0,0,0,False,-1
5025,NONE,0,0,0,False,-1
5026,NONE,0,0,0,False,-1
5027,NONE,0,0,0,False,-1
5028,NONE,0,0,0,False,-1
5029,NONE,0,0,0,False,-1
5030,NONE,0,0,0,False,-1
5031,NONE,0,0,0,False,-1
5032,NONE,0,0,0,False,-1
5033,NONE,0,0,0,False,-1
5034,NONE,0,0,0,False,-1
5035,SINGLE,0,0,1,False,-1
5036,NONE,0,0,0,False,-1
5037,NONE,0,0,0,False,-1
5038,DOUBLE,1,1,0,False,-1
5039,NONE,0,0,0,False,-1
5040,SINGLE,0,0,1,False,-1
5041,NONE,0,0,0,False,-1
5042,NONE,0,0,0,False,-1
5043,NONE,0,0,0,False,-1
5044,NONE,0,0,0,False,-1
5045,DOUBLE,1,1,0,False,-1
5046,NONE,0,0,0,False,-1
5047,DOUBLE,1,1,0,False,-1
5048,DOUBLE,1,1,0,False,-1
5049,NONE,0,0,0,False,-1
5050,NONE,0,0,0,False,-1
5051,NONE,0,0,0,False,-1
5052,DOUBLE,1,1,0,False,-1
5053,DOUBLE,1,1,0,False,-1
5054,NONE,0,0,0,False,-1
5055,NONE,0,0,0,False,-1
5056,DOUBLE,1,1,0,False,-1
5057,NONE,0,0,0,False,-1
5058,NONE,0,0,0,False,-1
5059,SINGLE,1,0,0,False,-1
5060,NONE,0,0,0,False,-1
5061,NONE,0,0,0,False,-1
5062,NONE,0,0,0,False,-1
5063,SINGLE,1,0,0,False,-1
5064,DOUBLE,1,1,0,False,-1
5065,DOUBLE,1,1,0,False,-1
5066,DOUBLE,1,1,0,False,-1
5067,NONE,0,0,0,False,-1
5068,NONE,0,0,0,False,-1
5069,NONE,0,0,0,False,-1
5070,NONE,0,0,0,False,-1
5071,NONE,0,0,0,False,-1
5072,NONE,0,0,0,False,-1
5073,NONE,0,0,0,False,-1
5074,NONE,0,0,0,False,-1
5075,DOUBLE,1,1,0,False,-1
5076,NONE,0,0,0,False,-1
5077,NONE,0,0,0,False,-1
5078,NONE,0,0,0,False,-1
5079,NONE,0,0,0,False,-1
5080,NONE,0,0,0,False,-1
5081,NONE,0,0,0,False,-1
5082,SINGLE,0,1,0,False,-1
5083,DOUBLE,1,1,0,False,-1
5084,NONE,0,0,0,False,-1
5085,NONE,0,0,0,False,-1
5086,NONE,0,0,0,False,-1
5087,DOUBLE,1,1,0,False,-1
5088,NONE,0,0,0,False,-1
5089,SINGLE,0,0,1,False,-1
5090,NONE,0,0,0,False,-1
5091,NONE,0,0,0,False,-1
5092,SINGLE,1,0,0,False,-1
5093,NONE,0,0,0,False,-1
5094,NONE,0,0,0,False,-1
5095,DOUBLE,1,1,0,False,-1
5096,DOUBLE,1,1,0,False,-1
5097,DOUBLE,1,1,0,False,-1
5098,NONE,0,0,0,False,-1
5099,NONE,0,0,0,False,-1
5100,DOUBLE,1,1,0,False,-1
5101,NONE,0,0,0,False,-1
5102,DOUBLE,1,1,0,False,-1
5103,NONE,0,0,0,False,-1
5104,NONE,0,0,0,False,-1
5105,NONE,0,0,0,False,-1
5106,NONE,0,0,0,False,-1
5107,NONE,0,0,0,False,-1
5108,NONE,0,0,0,False,-1
5109,SINGLE,1,0,0,False,-1
5110,NONE,0,0,0,False,-1
5111,DOUBLE,1,1,0,False,-1
5112,SINGLE,0,1,0,False,-1
5113,NONE,0,0,0,False,-1
5114,NONE,0,0,0,False,-1
5115,NONE,0,0,0,False,-1
5116,NONE,0,0,0,False,-1
5117,NONE,0,0,0,False,-1
5118,SINGLE,1,0,0,False,-1
5119,NONE,0,0,0,False,-1
5120,NONE,0,0,0,False,-1
5121,SINGLE,0,1,0,False,-1
5122,SINGLE,1,0,0,False,-1
5123,NONE,0,0,0,False,-1
5124,NONE,0,0,0,False,-1
5125,NONE,0,0,0,False,-1
5126,NONE,0,0,0,False,-1
5127,NONE,0,0,0,False,-1
5128,DOUBLE,1,1,0,False,-1
5129,NONE,0,0,0,False,-1
5130,SINGLE,0,1,0,False,-1
5131,NONE,0,0,0,False,-1
5132,SINGLE,1,0,0,False,-1
5133,NONE,0,0,0,False,-1
5134,NONE,0,0,0,False,-1
5135,NONE,0,0,0,False,-1
5136,NONE,0,0,0,False,-1
5137,SINGLE,0,0,1,False,-1
5138,NONE,0,0,0,False,-1
5139,NONE,0,0,0,False,-1
5140,NONE,0,0,0,False,-1
5141,DOUBLE,1,1,0,False,-1
5142,NONE,0,0,0,False,-1
5143,DOUBLE,1,1,0,False,-1
5144,NONE,0,0,0,False,-1
5145,NONE,0,0,0,False,-1
5146,DOUBLE,1,1,0,False,-1
5147,NONE,0,0,0,False,-1
5148,NONE,0,0,0,False,-1
5149,DOUBLE,1,1,0,False,-1
5150,NONE,0,0,0,False,-1
5151,NONE,0,0,0,False,-1
5152,DOUBLE,1,1,0,False,-1
5153,NONE,0,0,0,False,-1
5154,NONE,0,0,0,False,-1
5155,SINGLE,0,1,0,False,-1
5156,DOUBLE,1,1,0,False,-1
5157,NONE,0,0,0,False,-1
5158,NONE,0,0,0,False,-1
5159,NONE,0,0,0,False,-1
5160,SINGLE,1,0,0,False,-1
5161,NONE,0,0,0,False,-1
5162,NONE,0,0,0,False,-1
5163,NONE,0,0,0,False,-1
5164,DOUBLE,1,1,0,False,-1
5165,NONE,0,0,0,False,-1
5166,NONE,0,0,0,False,-1
5167,NONE,0,0,0,False,-1
5168,SINGLE,1,0,0,False,-1
5169,NONE,0,0,0,False,-1
5170,NONE,0,0,0,False,-1
5171,NONE,0,0,0,False,-1
5172,NONE,0,0,0,False,-1
5173,NONE,0,0,0,False,-1
5174,NONE,0,0,0,False,-1
5175,NONE,0,0,0,False,-1
5176,NONE,0,0,0,False,-1
5177,DOUBLE,1,1,0,False,-1
5178,DOUBLE,1,1,0,False,-1
5179,NONE,0,0,0,False,-1
5180,DOUBLE,1,1,0,False,-1
5181,NONE,0,0,0,False,-1
5182,NONE,0,0,0,False,-1
5183,NONE,0,0,0,False,-1
5184,NONE,0,0,0,False,-1
5185,NONE,0,0,0,False,-1
5186,DOUBLE,1,1,0,False,-1
5187,NONE,0,0,0,False,-1
5188,NONE,0,0,0,False,-1
5189,NONE,0,0,0,False,-1
5190,DOUBLE,1,1,0,False,-1
5191,DOUBLE,1,1,0,False,-1
5192,DOUBLE,1,1,0,False,-1
5193,NONE,0,0,0,False,-1
5194,SINGLE,0,1,0,False,-1
5195,SINGLE,0,0,1,False,-1
5196,NONE,0,0,0,False,-1
5197,NONE,0,0,0,False,-1
5198,NONE,0,0,0,False,-1
5199,NONE,0,0,0,False,-1
5200,NONE,0,0,0,False,-1
5201,NONE,0,0,0,False,-1
5202,NONE,0,0,0,False,-1
5203,SINGLE,0,1,0,False,-1
5204,NONE,0,0,0,False,-1
5205,NONE,0,0,0,False,-1
5206,NONE,0,0,0,False,-1
5207,NONE,0,0,0,False,-1
5208,DOUBLE,1,1,0,False,-1
5209,SINGLE,0,0,1,False,-1
5210,NONE,0,0,0,False,-1
5211,DOUBLE,1,1,0,False,-1
5212,NONE,0,0,0,False,-1
5213,NONE,0,0,0,False,-1
5214,NONE,0,0,0,False,-1
5215,NONE,0,0,0,False,-1
5216,NONE,0,0,0,False,-1
5217,SINGLE,0,0,1,False,-1
5218,NONE,0,0,0,False,-1
5219,DOUBLE,1,1,0,False,-1
5220,NONE,0,0,0,False,-1
5221,DOUBLE,1,1,0,False,-1
5222,DOUBLE,1,1,0,False,-1
5223,SINGLE,0,1,0,False,-1
5224,NONE,0,0,0,False,-1
5225,NONE,0,0,0,False,-1
5226,NONE,0,0,0,False,-1
5227,NONE,0,0,0,False,-1
5228,DOUBLE,1,1,0,False,-1
5229,NONE,0,0,0,False,-1
5230,SINGLE,1,0,0,False,-1
5231,SINGLE,0,0,1,False,-1
5232,NONE,0,0,0,False,-1
5233,DOUBLE,1,1,0,False,-1
5234,NONE,0,0,0,False,-1
5235,NONE,0,0,0,False,-1
5236,NONE,0,0,0,False,-1
5237,SINGLE,1,0,0,False,-1
5238,NONE,0,0,0,False,-1
5239,SINGLE,0,0,1,False,-1
5240,DOUBLE,1,1,0,False,-1
5241,NONE,0,0,0,False,-1
5242,DOUBLE,1,1,0,False,-1
5243,NONE,0,0,0,False,-1
5244,NONE,0,0,0,False,-1
5245,DOUBLE,1,1,0,False,-1
5246,NONE,0,0,0,False,-1
5247,NONE,0,0,0,False,-1
5248,NONE,0,0,0,False,-1
5249,NONE,0,0,0,False,-1
5250,NONE,0,0,0,False,-1
5251,NONE,0,0,0,False,-1
5252,NONE,0,0,0,False,-1
5253,NONE,0,0,0,False,-1
5254,DOUBLE,1,1,0,False,-1
5255,SINGLE,1,0,0,False,-1
5256,NONE,0,0,0,False,-1
5257,NONE,0,0,0,False,-1
5258,SINGLE,0,0,1,False,-1
5259,NONE,0,0,0,False,-1
5260,NONE,0,0,0,False,-1
5261,NONE,0,0,0,False,-1
5262,SINGLE,1,0,0,False,-1
5263,NONE,0,0,0,False,-1
5264,DOUBLE,1,1,0,False,-1
5265,NONE,0,0,0,False,-1
5266,DOUBLE,1,1,0,False,-1
5267,NONE,0,0,0,False,-1
5268,NONE,0,0,0,False,-1
5269,SINGLE,0,0,1,False,-1
5270,NONE,0,0,0,False,-1
5271,NONE,0,0,0,False,-1
5272,DOUBLE,1,1,0,False,-1
5273,DOUBLE,1,1,0,False,-1
5274,SINGLE,1,0,0,False,-1
5275,NONE,0,0,0,False,-1
5276,NONE,0,0,0,False,-1
5277,NONE,0,0,0,False,-1
5278,SINGLE,0,0,1,False,-1
5279,SINGLE,0,0,1,False,-1
5280,NONE,0,0,0,False,-1
5281,NONE,0,0,0,False,-1
5282,SINGLE,0,1,0,False,-1
5283,NONE,0,0,0,False,-1
5284,SINGLE,1,0,0,False,-1
5285,DOUBLE,1,1,0,False,-1
5286,NONE,0,0,0,False,-1
5287,DOUBLE,1,1,0,False,-1
5288,NONE,0,0,0,False,-1
5289,NONE,0,0,0,False,-1
5290,DOUBLE,1,1,0,False,-1
5291,SINGLE,1,0,0,False,-1
5292,NONE,0,0,0,False,-1
5293,DOUBLE,1,1,0,False,-1
5294,DOUBLE,1,1,0,False,-1
5295,NONE,0,0,0,False,-1
5296,NONE,0,0,0,False,-1
5297,NONE,0,0,0,False,-1
5298,DOUBLE,1,1,0,False,-1
5299,NONE,0,0,0,False,-1
5300,DOUBLE,1,0,1,False,-1
5301,NONE,0,0,0,False,-1
5302,NONE,0,0,0,False,-1
5303,SINGLE,0,0,1,False,-1
5304,DOUBLE,1,1,0,False,-1
5305,DOUBLE,1,1,0,False,-1
5306,DOUBLE,1,1,0,False,-1
5307,NONE,0,0,0,False,-1
5308,DOUBLE,1,1,0,False,-1
5309,DOUBLE,1,1,0,False,-1
5310,NONE,0,0,0,False,-1
5311,SINGLE,0,0,1,False,-1
5312,NONE,0,0,0,False,-1
5313,NONE,0,0,0,False,-1
5314,NONE,0,0,0,False,-1
5315,NONE,0,0,0,False,-1
5316,SINGLE,0,0,1,False,-1
5317,DOUBLE,1,1,0,False,-1
5318,NONE,0,0,0,False,-1
5319,NONE,0,0,0,False,-1
5320,NONE,0,0,0,False,-1
5321,NONE,0,0,0,False,-1
5322,DOUBLE,1,1,0,False,-1
5323,SINGLE,0,0,1,False,-1
5324,DOUBLE,1,1,0,False,-1
5325,SINGLE,0,0,1,False,-1
5326,DOUBLE,1,1,0,False,-1
5327,NONE,0,0,0,False,-1
5328,NONE,0,0,0,False,-1
5329,NONE,0,0,0,False,-1
5330,NONE,0,0,0,False,-1
5331,DOUBLE,1,1,0,False,-1
5332,NONE,0,0,0,False,-1
5333,NONE,0,0,0,False,-1
5334,DOUBLE,1,1,0,False,-1
5335,DOUBLE,1,1,0,False,-1
5336,DOUBLE,1,1,0,False,-1
5337,NONE,0,0,0,False,-1
5338,NONE,0,0,0,False,-1
5339,SINGLE,0,0,1,False,-1
5340,NONE,0,0,0,False,-1
5341,NONE,0,0,0,False,-1
5342,NONE,0,0,0,False,-1
5343,SINGLE,0,0,1,False,-1
5344,NONE,0,0,0,False,-1
5345,NONE,0,0,0,False,-1
5346,NONE,0,0,0,False,-1
5347,SINGLE,0,1,0,False,-1
5348,NONE,0,0,0,False,-1
5349,NONE,0,0,0,False,-1
5350,NONE,0,0,0,False,-1
5351,NONE,0,0,0,False,-1
5352,SINGLE,1,0,0,False,-1
5353,DOUBLE,1,1,0,False,-1
5354,SINGLE,1,0,0,False,-1
5355,NONE,0,0,0,False,-1
5356,DOUBLE,1,1,0,False,-1
5357,NONE,0,0,0,False,-1
5358,DOUBLE,1,1,0,False,-1
5359,DOUBLE,1,1,0,False,-1
5360,NONE,0,0,0,False,-1
5361,NONE,0,0,0,False,-1
5362,DOUBLE,1,1,0,False,-1
5363,NONE,0,0,0,False,-1
5364,NONE,0,0,0,False,-1
5365,DOUBLE,1,1,0,False,-1
5366,DOUBLE,1,1,0,False,-1
5367,NONE,0,0,0,False,-1
5368,NONE,0,0,0,False,-1
5369,NONE,0,0,0,False,-1
5370,SINGLE,1,0,0,False,-1
5371,NONE,0,0,0,False,-1
5372,SINGLE,0,0,1,False,-1
5373,NONE,0,0,0,False,-1
5374,NONE,0,0,0,False,-1
5375,NONE,0,0,0,False,-1
5376,SINGLE,1,0,0,False,-1
5377,SINGLE,1,0,0,False,-1
5378,DOUBLE,1,1,0,False,-1
5379,NONE,0,0,0,False,-1
5380,NONE,0,0,0,False,-1
5381,NONE,0,0,0,False,-1
5382,NONE,0,0,0,False,-1
5383,NONE,0,0,0,False,-1
5384,DOUBLE,1,1,0,False,-1
5385,DOUBLE,1,1,0,False,-1
5386,NONE,0,0,0,False,-1
5387,DOUBLE,1,1,0,False,-1
5388,NONE,0,0,0,False,-1
5389,NONE,0,0,0,False,-1
5390,NONE,0,0,0,False,-1
5391,NONE,0,0,0,False,-1
5392,NONE,0,0,0,False,-1
5393,DOUBLE,1,1,0,False,-1
5394,NONE,0,0,0,False,-1
5395,SINGLE,0,1,0,False,-1
5396,SINGLE,0,0,1,False,-1
5397,DOUBLE,1,1,0,False,-1
5398,NONE,0,0,0,False,-1
5399,NONE,0,0,0,False,-1
5400,SINGLE,0,0,1,False,-1
5401,SINGLE,0,1,0,False,-1
5402,DOUBLE,1,1,0,False,-1
5403,NONE,0,0,0,False,-1
5404,SINGLE,1,0,0,False,-1
5405,NONE,0,0,0,False,-1
5406,NONE,0,0,0,False,-1
5407,NONE,0,0,0,False,-1
5408,NONE,0,0,0,False,-1
5409,NONE,0,0,0,False,-1
5410,NONE,0,0,0,False,-1
5411,SINGLE,0,0,1,False,-1
5412,SINGLE,0,0,1,False,-1
5413,NONE,0,0,0,False,-1
5414,DOUBLE,1,1,0,False,-1
5415,DOUBLE,1,0,1,False,-1
5416,NONE,0,0,0,False,-1
5417,NONE,0,0,0,False,-1
5418,NONE,0,0,0,False,-1
5419,DOUBLE,1,1,0,False,-1
5420,DOUBLE,1,1,0,False,-1
5421,NONE,0,0,0,False,-1
5422,DOUBLE,1,1,0,False,-1
5423,DOUBLE,1,1,0,False,-1
5424,NONE,0,0,0,False,-1
5425,NONE,0,0,0,False,-1
5426,NONE,0,0,0,False,-1
5427,NONE,0,0,0,False,-1
5428,NONE,0,0,0,False,-1
5429,NONE,0,0,0,False,-1
5430,NONE,0,0,0,False,-1
5431,NONE,0,0,0,False,-1
5432,NONE,0,0,0,False,-1
5433,NONE,0,0,0,False,-1
5434,DOUBLE,1,1,0,False,-1
5435,DOUBLE,1,1,0,False,-1
5436,NONE,0,0,0,False,-1
5437,DOUBLE,1,1,0,False,-1
5438,NONE,0,0,0,False,-1
5439,NONE,0,0,0,False,-1
5440,DOUBLE,1,1,0,False,-1
5441,NONE,0,0,0,False,-1
5442,NONE,0,0,0,False,-1
5443,NONE,0,0,0,False,-1
5444,NONE,0,0,0,False,-1
5445,NONE,0,0,0,False,-1
5446,NONE,0,0,0,False,-1
5447,DOUBLE,1,1,0,False,-1
5448,NONE,0,0,0,False,-1
5449,DOUBLE,1,1,0,False,-1
5450,DOUBLE,1,1,0,False,-1
5451,NONE,0,0,0,False,-1
5452,NONE,0,0,0,False,-1
5453,NONE,0,0,0,False,-1
5454,SINGLE,0,0,1,False,-1
5455,DOUBLE,1,1,0,False,-1
5456,NONE,0,0,0,False,-1
5457,NONE,0,0,0,False,-1
5458,SINGLE,0,0,1,False,-1
5459,NONE,0,0,0,False,-1
5460,NONE,0,0,0,False,-1
5461,NONE,0,0,0,False,-1
5462,DOUBLE,1,1,0,False,-1
5463,DOUBLE,1,1,0,False,-1
5464,NONE,0,0,0,False,-1
5465,SINGLE,1,0,0,False,-1
5466,NONE,0,0,0,False,-1
5467,NONE,0,0,0,False,-1
5468,NONE,0,0,0,False,-1
5469,NONE,0,0,0,False,-1
5470,NONE,0,0,0,False,-1
5471,NONE,0,0,0,False,-1
5472,DOUBLE,1,1,0,False,-1
5473,NONE,0,0,0,False,-1
5474,NONE,0,0,0,False,-1
5475,SINGLE,0,0,1,False,-1
5476,DOUBLE,1,1,0,False,-1
5477,NONE,0,0,0,False,-1
5478,NONE,0,0,0,False,-1
5479,DOUBLE,1,1,0,False,-1
5480,NONE,0,0,0,False,-1
5481,DOUBLE,1,1,0,False,-1
5482,DOUBLE,1,1,0,False,-1
5483,NONE,0,0,0,False,-1
5484,NONE,0,0,0,False,-1
5485,NONE,0,0,0,False,-1
5486,NONE,0,0,0,False,-1
5487,DOUBLE,1,1,0,False,-1
5488,NONE,0,0,0,False,-1
5489,DOUBLE,1,1,0,False,-1
5490,NONE,0,0,0,False,-1
5491,NONE,0,0,0,False,-1
5492,NONE,0,0,0,False,-1
5493,NONE,0,0,0,False,-1
5494,DOUBLE,1,1,0,False,-1
5495,DOUBLE,1,1,0,False,-1
5496,DOUBLE,1,1,0,False,-1
5497,NONE,0,0,0,False,-1
5498,NONE,0,0,0,False,-1
5499,DOUBLE,1,1,0,False,-1
5500,DOUBLE,1,1,0,False,-1
5501,DOUBLE,1,1,0,False,-1
5502,NONE,0,0,0,False,-1
5503,NONE,0,0,0,False,-1
5504,NONE,0,0,0,False,-1
5505,NONE,0,0,0,False,-1
5506,NONE,0,0,0,False,-1
5507,DOUBLE,1,1,0,False,-1
5508,DOUBLE,1,1,0,False,-1
5509,NONE,0,0,0,False,-1
5510,DOUBLE,1,1,0,False,-1
5511,NONE,0,0,0,False,-1
5512,NONE,0,0,0,False,-1
5513,NONE,0,0,0,False,-1
5514,NONE,0,0,0,False,-1
5515,NONE,0,0,0,False,-1
5516,NONE,0,0,0,False,-1
5517,NONE,0,0,0,False,-1
5518,NONE,0,0,0,False,-1
5519,NONE,0,0,0,False,-1
5520,NONE,0,0,0,False,-1
5521,NONE,0,0,0,False,-1
5522,DOUBLE,1,1,0,False,-1
5523,NONE,0,0,0,False,-1
5524,SINGLE,0,1,0,False,-1
5525,DOUBLE,1,1,0,False,-1
5526,NONE,0,0,0,False,-1
5527,NONE,0,0,0,False,-1
5528,NONE,0,0,0,False,-1
5529,NONE,0,0,0,False,-1
5530,NONE,0,0,0,False,-1
5531,NONE,0,0,0,False,-1
5532,NONE,0,0,0,False,-1
5533,NONE,0,0,0,False,-1
5534,SINGLE,0,0,1,False,-1
5535,NONE,0,0,0,False,-1
5536,NONE,0,0,0,False,-1
5537,DOUBLE,1,0,1,False,-1
5538,NONE,0,0,0,False,-1
5539,SINGLE,0,0,1,False,-1
5540,NONE,0,0,0,False,-1
5541,NONE,0,0,0,False,-1
5542,DOUBLE,1,1,0,False,-1
5543,DOUBLE,1,1,0,False,-1
5544,DOUBLE,1,1,0,False,-1
5545,NONE,0,0,0,False,-1
5546,NONE,0,0,0,False,-1
5547,NONE,0,0,0,False,-1
5548,NONE,0,0,0,False,-1
5549,SINGLE,1,0,0,False,-1
5550,NONE,0,0,0,False,-1
5551,NONE,0,0,0,False,-1
5552,SINGLE,0,0,1,False,-1
5553,DOUBLE,1,1,0,False,-1
5554,NONE,0,0,0,False,-1
5555,NONE,0,0,0,False,-1
5556,NONE,0,0,0,False,-1
5557,DOUBLE,1,1,0,False,-1
5558,NONE,0,0,0,False,-1
5559,NONE,0,0,0,False,-1
5560,NONE,0,0,0,False,-1
5561,NONE,0,0,0,False,-1
5562,SINGLE,1,0,0,False,-1
5563,NONE,0,0,0,False,-1
5564,NONE,0,0,0,False,-1
5565,NONE,0,0,0,False,-1
5566,NONE,0,0,0,False,-1
5567,NONE,0,0,0,False,-1
5568,NONE,0,0,0,False,-1
5569,NONE,0,0,0,False,-1
5570,NONE,0,0,0,False,-1
5571,NONE,0,0,0,False,-1
5572,SINGLE,1,0,0,False,-1
5573,NONE,0,0,0,False,-1
5574,NONE,0,0,0,False,-1
5575,DOUBLE,1,1,0,False,-1
5576,NONE,0,0,0,False,-1
5577,NONE,0,0,0,False,-1
5578,NONE,0,0,0,False,-1
5579,NONE,0,0,0,False,-1
5580,DOUBLE,1,1,0,False,-1
5581,NONE,0,0,0,False,-1
5582,NONE,0,0,0,False,-1
5583,SINGLE,0,0,1,False,-1
5584,NONE,0,0,0,False,-1
5585,NONE,0,0,0,False,-1
5586,NONE,0,0,0,False,-1
5587,NONE,0,0,0,False,-1
5588,NONE,0,0,0,False,-1
5589,NONE,0,0,0,False,-1
5590,NONE,0,0,0,False,-1
5591,NONE,0,0,0,False,-1
5592,NONE,0,0,0,False,-1
5593,NONE,0,0,0,False,-1
5594,NONE,0,0,0,False,-1
5595,NONE,0,0,0,False,-1
5596,DOUBLE,1,1,0,False,-1
5597,NONE,0,0,0,False,-1
5598,NONE,0,0,0,False,-1
5599,DOUBLE,1,1,0,False,-1
5600,SINGLE,0,0,1,False,-1
5601,NONE,0,0,0,False,-1
5602,NONE,0,0,0,False,-1
5603,NONE,0,0,0,False,-1
5604,SINGLE,1,0,0,False,-1
5605,DOUBLE,1,1,0,False,-1
5606,NONE,0,0,0,False,-1
5607,NONE,0,0,0,False,-1
5608,DOUBLE,1,1,0,False,-1
5609,NONE,0,0,0,False,-1
5610,NONE,0,0,0,False,-1
5611,NONE,0,0,0,False,-1
5612,NONE,0,0,0,False,-1
5613,NONE,0,0,0,False,-1
5614,DOUBLE,1,1,0,False,-1
5615,NONE,0,0,0,False,-1
5616,DOUBLE,1,1,0,False,-1
5617,NONE,0,0,0,False,-1
5618,NONE,0,0,0,False,-1
5619,DOUBLE,1,1,0,False,-1
5620,DOUBLE,1,1,0,False,-1
5621,NONE,0,0,0,False,-1
5622,DOUBLE,1,1,0,False,-1
5623,NONE,0,0,0,False,-1
5624,DOUBLE,1,1,0,False,-1
5625,SINGLE,1,0,0,False,-1
5626,DOUBLE,1,1,0,False,-1
5627,SINGLE,0,0,1,False,-1
5628,NONE,0,0,0,False,-1
5629,SINGLE,0,0,1,False,-1
5630,NONE,0,0,0,False,-1
5631,NONE,0,0,0,False,-1
5632,NONE,0,0,0,False,-1
5633,DOUBLE,1,1,0,False,-1
5634,NONE,0,0,0,False,-1
5635,SINGLE,1,0,0,False,-1
5636,NONE,0,0,0,False,-1
5637,NONE,0,0,0,False,-1
5638,SINGLE,0,0,1,False,-1
5639,NONE,0,0,0,False,-1
5640,NONE,0,0,0,False,-1
5641,NONE,0,0,0,False,-1
5642,NONE,0,0,0,False,-1
5643,NONE,0,0,0,False,-1
5644,NONE,0,0,0,False,-1
5645,NONE,0,0,0,False,-1
5646,DOUBLE,1,1,0,False,-1
5647,SINGLE,1,0,0,False,-1
5648,NONE,0,0,0,False,-1
5649,DOUBLE,1,1,0,False,-1
5650,NONE,0,0,0,False,-1
5651,DOUBLE,1,1,0,False,-1
5652,NONE,0,0,0,False,-1
5653,NONE,0,0,0,False,-1
5654,DOUBLE,1,1,0,False,-1
5655,NONE,0,0,0,False,-1
5656,NONE,0,0,0,False,-1
5657,NONE,0,0,0,False,-1
5658,NONE,0,0,0,False,-1
5659,DOUBLE,1,1,0,False,-1
5660,NONE,0,0,0,False,-1
5661,NONE,0,0,0,False,-1
5662,DOUBLE,1,1,0,False,-1
5663,NONE,0,0,0,False,-1
5664,SINGLE,0,0,1,False,-1
5665,NONE,0,0,0,False,-1
5666,NONE,0,0,0,False,-1
5667,SINGLE,0,1,0,False,-1
5668,NONE,0,0,0,False,-1
5669,DOUBLE,1,1,0,False,-1
5670,NONE,0,0,0,False,-1
5671,SINGLE,0,0,1,False,-1
5672,DOUBLE,1,1,0,False,-1
5673,NONE,0,0,0,False,-1
5674,NONE,0,0,0,False,-1
5675,DOUBLE,1,1,0,False,-1
5676,NONE,0,0,0,False,-1
5677,NONE,0,0,0,False,-1
5678,SINGLE,1,0,0,False,-1
5679,NONE,0,0,0,False,-1
5680,NONE,0,0,0,False,-1
5681,NONE,0,0,0,False,-1
5682,NONE,0,0,0,False,-1
5683,NONE,0,0,0,False,-1
5684,NONE,0,0,0,False,-1
5685,NONE,0,0,0,False,-1
5686,DOUBLE,1,1,0,False,-1
5687,NONE,0,0,0,False,-1
5688,NONE,0,0,0,False,-1
5689,NONE,0,0,0,False,-1
5690,SINGLE,0,1,0,False,-1
5691,NONE,0,0,0,False,-1
5692,NONE,0,0,0,False,-1
5693,NONE,0,0,0,False,-1
5694,NONE,0,0,0,False,-1
5695,NONE,0,0,0,False,-1
5696,NONE,0,0,0,False,-1
5697,NONE,0,0,0,False,-1
5698,NONE,0,0,0,False,-1
5699,NONE,0,0,0,False,-1
5700,NONE,0,0,0,False,-1
5701,TRIPLE,1,1,1,False,-1
5702,SINGLE,1,0,0,False,-1
5703,NONE,0,0,0,False,-1
5704,NONE,0,0,0,False,-1
5705,NONE,0,0,0,False,-1
5706,DOUBLE,1,1,0,False,-1
5707,DOUBLE,1,1,0,False,-1
5708,NONE,0,0,0,False,-1
5709,NONE,0,0,0,False,-1
5710,NONE,0,0,0,False,-1
5711,NONE,0,0,0,False,-1
5712,DOUBLE,1,1,0,False,-1
5713,NONE,0,0,0,False,-1
5714,NONE,0,0,0,False,-1
5715,NONE,0,0,0,False,-1
5716,DOUBLE,1,1,0,False,-1
5717,NONE,0,0,0,False,-1
5718,NONE,0,0,0,False,-1
5719,DOUBLE,1,1,0,False,-1
5720,DOUBLE,1,0,1,False,-1
5721,NONE,0,0,0,False,-1
5722,NONE,0,0,0,False,-1
5723,SINGLE,0,0,1,False,-1
5724,NONE,0,0,0,False,-1
5725,NONE,0,0,0,False,-1
5726,DOUBLE,1,1,0,False,-1
5727,DOUBLE,1,1,0,False,-1
5728,NONE,0,0,0,False,-1
5729,SINGLE,1,0,0,False,-1
5730,DOUBLE,1,1,0,False,-1
5731,NONE,0,0,0,False,-1
5732,NONE,0,0,0,False,-1
5733,NONE,0,0,0,False,-1
5734,NONE,0,0,0,False,-1
5735,NONE,0,0,0,False,-1
5736,NONE,0,0,0,False,-1
5737,NONE,0,0,0,False,-1
5738,NONE,0,0,0,False,-1
5739,NONE,0,0,0,False,-1
5740,NONE,0,0,0,False,-1
5741,NONE,0,0,0,False,-1
5742,SINGLE,0,0,1,False,-1
5743,NONE,0,0,0,False,-1
5744,NONE,0,0,0,False,-1
5745,NONE,0,0,0,False,-1
5746,NONE,0,0,0,False,-1
5747,NONE,0,0,0,False,-1
5748,DOUBLE,1,1,0,True,596.49
5749,NONE,0,0,0,False,-1
5750,DOUBLE,1,1,0,False,-1
5751,NONE,0,0,0,False,-1
5752,NONE,0,0,0,False,-1
5753,NONE,0,0,0,False,-1
5754,NONE,0,0,0,False,-1
5755,NONE,0,0,0,False,-1
5756,NONE,0,0,0,False,-1
5757,NONE,0,0,0,False,-1
5758,NONE,0,0,0,False,-1
5759,NONE,0,0,0,False,-1
5760,NONE,0,0,0,False,-1
5761,NONE,0,0,0,False,-1
5762,DOUBLE,1,1,0,False,-1
5763,NONE,0,0,0,False,-1
5764,NONE,0,0,0,False,-1
5765,NONE,0,0,0,False,-1
5766,NONE,0,0,0,False,-1
5767,SINGLE,0,0,1,False,-1
5768,NONE,0,0,0,False,-1
5769,NONE,0,0,0,False,-1
5770,NONE,0,0,0,False,-1
5771,NONE,0,0,0,False,-1
5772,DOUBLE,1,1,0,False,-1
5773,NONE,0,0,0,False,-1
5774,DOUBLE,1,1,0,False,-1
5775,SINGLE,1,0,0,False,-1
5776,NONE,0,0,0,False,-1
5777,SINGLE,0,1,0,False,-1
5778,DOUBLE,1,1,0,False,-1
5779,NONE,0,0,0,False,-1
5780,NONE,0,0,0,False,-1
5781,NONE,0,0,0,False,-1
5782,NONE,0,0,0,False,-1
5783,NONE,0,0,0,False,-1
5784,NONE,0,0,0,False,-1
5785,NONE,0,0,0,False,-1
5786,NONE,0,0,0,False,-1
5787,NONE,0,0,0,False,-1
5788,NONE,0,0,0,False,-1
5789,NONE,0,0,0,False,-1
5790,NONE,0,0,0,False,-1
5791,NONE,0,0,0,False,-1
5792,DOUBLE,1,1,0,False,-1
5793,DOUBLE,1,1,0,False,-1
5794,NONE,0,0,0,False,-1
5795,NONE,0,0,0,False,-1
5796,NONE,0,0,0,False,-1
5797,NONE,0,0,0,False,-1
5798,NONE,0,0,0,False,-1
5799,NONE,0,0,0,False,-1
5800,NONE,0,0,0,False,-1
5801,NONE,0,0,0,False,-1
5802,NONE,0,0,0,False,-1
5803,SINGLE,0,1,0,False,-1
5804,NONE,0,0,0,False,-1
5805,NONE,0,0,0,False,-1
5806,NONE,0,0,0,False,-1
5807,NONE,0,0,0,False,-1
5808,DOUBLE,1,1,0,False,-1
5809,NONE,0,0,0,False,-1
5810,NONE,0,0,0,False,-1
5811,NONE,0,0,0,False,-1
5812,NONE,0,0,0,False,-1
5813,DOUBLE,1,1,0,False,-1
5814,NONE,0,0,0,False,-1
5815,DOUBLE,1,1,0,False,-1
5816,DOUBLE,1,1,0,False,-1
5817,NONE,0,0,0,False,-1
5818,DOUBLE,1,1,0,False,-1
5819,NONE,0,0,0,False,-1
5820,SINGLE,1,0,0,False,-1
5821,NONE,0,0,0,False,-1
5822,NONE,0,0,0,False,-1
5823,DOUBLE,1,1,0,False,-1
5824,NONE,0,0,0,False,-1
5825,NONE,0,0,0,False,-1
5826,SINGLE,0,1,0,False,-1
5827,DOUBLE,1,0,1,False,-1
5828,NONE,0,0,0,False,-1
5829,DOUBLE,1,1,0,False,-1
5830,NONE,0,0,0,False,-1
5831,NONE,0,0,0,False,-1
5832,NONE,0,0,0,False,-1
5833,NONE,0,0,0,False,-1
5834,DOUBLE,1,1,0,False,-1
5835,NONE,0,0,0,False,-1
5836,NONE,0,0,0,False,-1
5837,SINGLE,1,0,0,False,-1
5838,SINGLE,0,0,1,False,-1
5839,DOUBLE,1,1,0,False,-1
5840,NONE,0,0,0,False,-1
5841,NONE,0,0,0,False,-1
5842,NONE,0,0,0,False,-1
5843,DOUBLE,1,1,0,False,-1
5844,NONE,0,0,0,False,-1
5845,NONE,0,0,0,False,-1
5846,NONE,0,0,0,False,-1
5847,NONE,0,0,0,False,-1
5848,NONE,0,0,0,False,-1
5849,DOUBLE,1,1,0,False,-1
5850,NONE,0,0,0,False,-1
5851,NONE,0,0,0,False,-1
5852,SINGLE,0,0,1,False,-1
5853,NONE,0,0,0,False,-1
5854,NONE,0,0,0,False,-1
5855,NONE,0,0,0,False,-1
5856,DOUBLE,1,0,1,False,-1
5857,DOUBLE,1,1,0,False,-1
5858,DOUBLE,1,1,0,False,-1
5859,NONE,0,0,0,False,-1
5860,SINGLE,1,0,0,False,-1
5861,DOUBLE,1,1,0,False,-1
5862,DOUBLE,1,1,0,False,-1
5863,NONE,0,0,0,False,-1
5864,NONE,0,0,0,False,-1
5865,NONE,0,0,0,False,-1
5866,NONE,0,0,0,False,-1
5867,SINGLE,1,0,0,False,-1
5868,NONE,0,0,0,False,-1
5869,DOUBLE,1,1,0,False,-1
5870,NONE,0,0,0,False,-1
5871,SINGLE,0,1,0,False,-1
5872,NONE,0,0,0,False,-1
5873,DOUBLE,1,1,0,False,-1
5874,NONE,0,0,0,False,-1
5875,DOUBLE,1,0,1,False,-1
5876,NONE,0,0,0,False,-1
5877,NONE,0,0,0,False,-1
5878,DOUBLE,1,1,0,False,-1
5879,NONE,0,0,0,False,-1
5880,NONE,0,0,0,False,-1
5881,NONE,0,0,0,False,-1
5882,SINGLE,0,0,1,False,-1
5883,NONE,0,0,0,False,-1
5884,NONE,0,0,0,False,-1
5885,NONE,0,0,0,False,-1
5886,NONE,0,0,0,False,-1
5887,DOUBLE,1,1,0,False,-1
5888,NONE,0,0,0,False,-1
5889,TRIPLE,1,1,1,False,-1
5890,NONE,0,0,0,False,-1
5891,DOUBLE,1,1,0,False,-1
5892,DOUBLE,1,1,0,False,-1
5893,NONE,0,0,0,False,-1
5894,DOUBLE,1,1,0,False,-1
5895,DOUBLE,1,1,0,False,-1
5896,DOUBLE,1,1,0,False,-1
5897,NONE,0,0,0,False,-1
5898,DOUBLE,1,1,0,False,-1
5899,NONE,0,0,0,False,-1
5900,DOUBLE,1,1,0,False,-1
5901,NONE,0,0,0,False,-1
5902,NONE,0,0,0,False,-1
5903,NONE,0,0,0,False,-1
5904,NONE,0,0,0,False,-1
5905,NONE,0,0,0,False,-1
5906,NONE,0,0,0,False,-1
5907,NONE,0,0,0,False,-1
5908,NONE,0,0,0,False,-1
5909,NONE,0,0,0,False,-1
5910,NONE,0,0,0,False,-1
5911,DOUBLE,1,1,0,False,-1
5912,NONE,0,0,0,False,-1
5913,NONE,0,0,0,False,-1
5914,SINGLE,0,0,1,False,-1
5915,DOUBLE,1,1,0,False,-1
5916,SINGLE,0,1,0,False,-1
5917,NONE,0,0,0,False,-1
5918,DOUBLE,1,1,0,False,-1
5919,SINGLE,0,1,0,False,-1
5920,NONE,0,0,0,False,-1
5921,NONE,0,0,0,False,-1
5922,NONE,0,0,0,False,-1
5923,SINGLE,1,0,0,False,-1
5924,DOUBLE,1,1,0,False,-1
5925,DOUBLE,1,1,0,False,-1
5926,DOUBLE,1,1,0,False,-1
5927,NONE,0,0,0,False,-1
5928,SINGLE,1,0,0,False,-1
5929,DOUBLE,1,1,0,False,-1
5930,NONE,0,0,0,False,-1
5931,DOUBLE,1,1,0,False,-1
5932,NONE,0,0,0,False,-1
5933,DOUBLE,1,1,0,False,-1
5934,NONE,0,0,0,False,-1
5935,NONE,0,0,0,False,-1
5936,DOUBLE,1,1,0,False,-1
5937,NONE,0,0,0,False,-1
5938,NONE,0,0,0,False,-1
5939,DOUBLE,1,1,0,False,-1
5940,SINGLE,0,0,1,False,-1
5941,NONE,0,0,0,False,-1
5942,NONE,0,0,0,False,-1
5943,NONE,0,0,0,False,-1
5944,SINGLE,0,0,1,False,-1
5945,NONE,0,0,0,False,-1
5946,SINGLE,0,1,0,False,-1
5947,SINGLE,0,0,1,False,-1
5948,NONE,0,0,0,False,-1
5949,DOUBLE,1,1,0,False,-1
5950,NONE,0,0,0,False,-1
5951,NONE,0,0,0,False,-1
5952,NONE,0,0,0,False,-1
5953,NONE,0,0,0,False,-1
5954,NONE,0,0,0,False,-1
5955,DOUBLE,1,1,0,False,-1
5956,NONE,0,0,0,False,-1
5957,NONE,0,0,0,False,-1
5958,DOUBLE,1,1,0,False,-1
5959,SINGLE,0,0,1,False,-1
5960,NONE,0,0,0,False,-1
5961,NONE,0,0,0,False,-1
5962,SINGLE,0,1,0,False,-1
5963,NONE,0,0,0,False,-1
5964,NONE,0,0,0,False,-1
5965,NONE,0,0,0,False,-1
5966,DOUBLE,1,1,0,False,-1
5967,SINGLE,0,1,0,False,-1
5968,SINGLE,0,0,1,False,-1
5969,NONE,0,0,0,False,-1
5970,SINGLE,1,0,0,False,-1
5971,NONE,0,0,0,False,-1
5972,NONE,0,0,0,False,-1
5973,NONE,0,0,0,False,-1
5974,NONE,0,0,0,False,-1
5975,NONE,0,0,0,False,-1
5976,NONE,0,0,0,False,-1
5977,NONE,0,0,0,False,-1
5978,NONE,0,0,0,False,-1
5979,NONE,0,0,0,False,-1
5980,SINGLE,0,0,1,False,-1
5981,NONE,0,0,0,False,-1
5982,DOUBLE,1,0,1,False,-1
5983,NONE,0,0,0,False,-1
5984,NONE,0,0,0,False,-1
5985,NONE,0,0,0,False,-1
5986,SINGLE,0,1,0,False,-1
5987,DOUBLE,1,1,0,False,-1
5988,NONE,0,0,0,False,-1
5989,NONE,0,0,0,False,-1
5990,DOUBLE,1,1,0,False,-1
5991,DOUBLE,1,1,0,False,-1
5992,NONE,0,0,0,False,-1
5993,NONE,0,0,0,False,-1
5994,SINGLE,0,1,0,False,-1
5995,NONE,0,0,0,False,-1
5996,NONE,0,0,0,False,-1
5997,NONE,0,0,0,False,-1
5998,NONE,0,0,0,False,-1
5999,NONE,0,0,0,False,-1
6000,NONE,0,0,0,False,-1
6001,NONE,0,0,0,False,-1
6002,DOUBLE,1,1,0,False,-1
6003,SINGLE,0,0,1,False,-1
6004,DOUBLE,1,1,0,False,-1
6005,NONE,0,0,0,False,-1
6006,NONE,0,0,0,False,-1
6007,DOUBLE,1,1,0,False,-1
6008,DOUBLE,1,1,0,False,-1
6009,NONE,0,0,0,False,-1
6010,DOUBLE,1,1,0,False,-1
6011,SINGLE,0,1,0,False,-1
6012,NONE,0,0,0,False,-1
6013,DOUBLE,1,1,0,False,-1
6014,NONE,0,0,0,False,-1
6015,NONE,0,0,0,False,-1
6016,NONE,0,0,0,False,-1
6017,DOUBLE,1,1,0,False,-1
6018,NONE,0,0,0,False,-1
6019,NONE,0,0,0,False,-1
6020,NONE,0,0,0,False,-1
6021,NONE,0,0,0,False,-1
6022,NONE,0,0,0,False,-1
6023,NONE,0,0,0,False,-1
6024,DOUBLE,1,1,0,False,-1
6025,NONE,0,0,0,False,-1
6026,NONE,0,0,0,False,-1
6027,NONE,0,0,0,False,-1
6028,NONE,0,0,0,False,-1
6029,DOUBLE,1,1,0,False,-1
6030,SINGLE,1,0,0,False,-1
6031,NONE,0,0,0,False,-1
6032,SINGLE,0,0,1,False,-1
6033,NONE,0,0,0,False,-1
6034,SINGLE,1,0,0,False,-1
6035,DOUBLE,1,1,0,False,-1
6036,DOUBLE,1,1,0,False,-1
6037,DOUBLE,1,1,0,False,-1
6038,DOUBLE,1,1,0,False,-1
6039,SINGLE,0,0,1,False,-1
6040,NONE,0,0,0,False,-1
6041,SINGLE,0,1,0,False,-1
6042,SINGLE,0,1,0,False,-1
6043,SINGLE,1,0,0,False,-1
6044,NONE,0,0,0,False,-1
6045,DOUBLE,1,1,0,False,-1
6046,NONE,0,0,0,False,-1
6047,SINGLE,0,0,1,False,-1
6048,NONE,0,0,0,False,-1
6049,NONE,0,0,0,False,-1
6050,NONE,0,0,0,False,-1
6051,DOUBLE,1,1,0,False,-1
6052,NONE,0,0,0,False,-1
6053,NONE,0,0,0,False,-1
6054,DOUBLE,1,1,0,False,-1
6055,NONE,0,0,0,False,-1
6056,NONE,0,0,0,False,-1
6057,NONE,0,0,0,False,-1
6058,NONE,0,0,0,False,-1
6059,NONE,0,0,0,False,-1
6060,NONE,0,0,0,False,-1
6061,SINGLE,0,0,1,False,-1
6062,NONE,0,0,0,False,-1
6063,NONE,0,0,0,False,-1
6064,NONE,0,0,0,False,-1
6065,DOUBLE,1,1,0,False,-1
6066,DOUBLE,1,1,0,False,-1
6067,NONE,0,0,0,False,-1
6068,NONE,0,0,0,False,-1
6069,NONE,0,0,0,False,-1
6070,DOUBLE,1,1,0,False,-1
6071,NONE,0,0,0,False,-1
6072,DOUBLE,1,1,0,False,-1
6073,DOUBLE,1,1,0,False,-1
6074,SINGLE,0,1,0,False,-1
6075,NONE,0,0,0,False,-1
6076,NONE,0,0,0,False,-1
6077,NONE,0,0,0,False,-1
6078,NONE,0,0,0,False,-1
6079,SINGLE,0,0,1,False,-1
6080,NONE,0,0,0,False,-1
6081,NONE,0,0,0,False,-1
6082,NONE,0,0,0,False,-1
6083,DOUBLE,1,1,0,False,-1
6084,NONE,0,0,0,False,-1
6085,NONE,0,0,0,False,-1
6086,NONE,0,0,0,False,-1
6087,NONE,0,0,0,False,-1
6088,SINGLE,0,1,0,False,-1
6089,NONE,0,0,0,False,-1
6090,NONE,0,0,0,False,-1
6091,SINGLE,0,1,0,False,-1
6092,DOUBLE,1,1,0,False,-1
6093,NONE,0,0,0,False,-1
6094,DOUBLE,1,1,0,False,-1
6095,NONE,0,0,0,False,-1
6096,DOUBLE,1,1,0,False,-1
6097,NONE,0,0,0,False,-1
6098,NONE,0,0,0,False,-1
6099,SINGLE,0,0,1,False,-1
6100,NONE,0,0,0,False,-1
6101,DOUBLE,1,1,0,False,-1
6102,NONE,0,0,0,False,-1
6103,DOUBLE,1,1,0,False,-1
6104,DOUBLE,1,1,0,False,-1
6105,SINGLE,0,1,0,False,-1
6106,NONE,0,0,0,False,-1
6107,NONE,0,0,0,False,-1
6108,NONE,0,0,0,False,-1
6109,NONE,0,0,0,False,-1
6110,SINGLE,0,0,1,False,-1
6111,NONE,0,0,0,False,-1
6112,NONE,0,0,0,False,-1
6113,SINGLE,0,0,1,False,-1
6114,NONE,0,0,0,False,-1
6115,SINGLE,0,0,1,False,-1
6116,DOUBLE,1,1,0,False,-1
6117,NONE,0,0,0,False,-1
6118,NONE,0,0,0,False,-1
6119,NONE,0,0,0,False,-1
6120,NONE,0,0,0,False,-1
6121,NONE,0,0,0,False,-1
6122,DOUBLE,1,1,0,False,-1
6123,NONE,0,0,0,False,-1
6124,NONE,0,0,0,False,-1
6125,NONE,0,0,0,False,-1
6126,SINGLE,0,0,1,False,-1
6127,NONE,0,0,0,False,-1
6128,NONE,0,0,0,False,-1
6129,DOUBLE,1,1,0,False,-1
6130,DOUBLE,1,1,0,False,-1
6131,SINGLE,0,0,1,False,-1
6132,NONE,0,0,0,False,-1
6133,NONE,0,0,0,False,-1
6134,NONE,0,0,0,False,-1
6135,NONE,0,0,0,False,-1
6136,DOUBLE,1,1,0,False,-1
6137,NONE,0,0,0,False,-1
6138,NONE,0,0,0,False,-1
6139,SINGLE,0,0,1,False,-1
6140,SINGLE,0,0,1,False,-1
6141,NONE,0,0,0,False,-1
6142,NONE,0,0,0,False,-1
6143,DOUBLE,1,1,0,False,-1
6144,NONE,0,0,0,False,-1
6145,NONE,0,0,0,False,-1
6146,DOUBLE,1,1,0,False,-1
6147,NONE,0,0,0,False,-1
6148,NONE,0,0,0,False,-1
6149,NONE,0,0,0,False,-1
6150,NONE,0,0,0,False,-1
6151,NONE,0,0,0,False,-1
6152,DOUBLE,1,1,0,False,-1
6153,NONE,0,0,0,False,-1
6154,NONE,0,0,0,False,-1
6155,NONE,0,0,0,False,-1
6156,SINGLE,0,0,1,False,-1
6157,NONE,0,0,0,False,-1
6158,SINGLE,1,0,0,False,-1
6159,NONE,0,0,0,False,-1
6160,NONE,0,0,0,False,-1
6161,NONE,0,0,0,False,-1
6162,DOUBLE,1,1,0,False,-1
6163,NONE,0,0,0,False,-1
6164,NONE,0,0,0,False,-1
6165,NONE,0,0,0,False,-1
6166,DOUBLE,1,1,0,False,-1
6167,NONE,0,0,0,False,-1
6168,NONE,0,0,0,False,-1
6169,SINGLE,0,1,0,False,-1
6170,NONE,0,0,0,False,-1
6171,NONE,0,0,0,False,-1
6172,NONE,0,0,0,False,-1
6173,NONE,0,0,0,False,-1
6174,DOUBLE,1,1,0,False,-1
6175,DOUBLE,1,1,0,False,-1
6176,SINGLE,0,1,0,False,-1
6177,NONE,0,0,0,False,-1
6178,NONE,0,0,0,False,-1
6179,NONE,0,0,0,False,-1
6180,NONE,0,0,0,False,-1
6181,DOUBLE,1,1,0,False,-1
6182,DOUBLE,1,1,0,False,-1
6183,DOUBLE,1,1,0,False,-1
6184,TRIPLE,1,1,1,False,-1
6185,SINGLE,0,0,1,False,-1
6186,NONE,0,0,0,False,-1
6187,SINGLE,0,0,1,False,-1
6188,SINGLE,0,1,0,False,-1
6189,NONE,0,0,0,False,-1
6190,NONE,0,0,0,False,-1
6191,NONE,0,0,0,False,-1
6192,SINGLE,0,0,1,False,-1
6193,DOUBLE,1,1,0,False,-1
6194,SINGLE,0,1,0,False,-1
6195,DOUBLE,1,1,0,False,-1
6196,DOUBLE,1,1,0,False,-1
6197,NONE,0,0,0,False,-1
6198,NONE,0,0,0,False,-1
6199,NONE,0,0,0,False,-1
6200,DOUBLE,1,1,0,False,-1
6201,NONE,0,0,0,False,-1
6202,DOUBLE,1,1,0,False,-1
6203,NONE,0,0,0,False,-1
6204,DOUBLE,1,1,0,False,-1
6205,DOUBLE,1,1,0,False,-1
6206,NONE,0,0,0,False,-1
6207,NONE,0,0,0,False,-1
6208,DOUBLE,1,1,0,False,-1
6209,NONE,0,0,0,False,-1
6210,NONE,0,0,0,False,-1
6211,NONE,0,0,0,False,-1
6212,NONE,0,0,0,False,-1
6213,NONE,0,0,0,False,-1
6214,SINGLE,0,0,1,False,-1
6215,DOUBLE,1,1,0,False,-1
6216,NONE,0,0,0,False,-1
6217,NONE,0,0,0,False,-1
6218,DOUBLE,1,1,0,False,-1
6219,NONE,0,0,0,False,-1
6220,NONE,0,0,0,False,-1
6221,DOUBLE,1,1,0,False,-1
6222,NONE,0,0,0,False,-1
6223,NONE,0,0,0,False,-1
6224,NONE,0,0,0,False,-1
6225,NONE,0,0,0,False,-1
6226,NONE,0,0,0,False,-1
6227,NONE,0,0,0,False,-1
6228,NONE,0,0,0,False,-1
6229,NONE,0,0,0,False,-1
6230,DOUBLE,1,1,0,False,-1
6231,NONE,0,0,0,False,-1
6232,NONE,0,0,0,False,-1
6233,NONE,0,0,0,False,-1
6234,NONE,0,0,0,False,-1
6235,SINGLE,0,1,0,False,-1
6236,NONE,0,0,0,False,-1
6237,SINGLE,0,0,1,False,-1
6238,NONE,0,0,0,False,-1
6239,NONE,0,0,0,False,-1
6240,DOUBLE,1,1,0,False,-1
6241,DOUBLE,1,1,0,False,-1
6242,NONE,0,0,0,False,-1
6243,DOUBLE,1,1,0,False,-1
6244,DOUBLE,1,1,0,False,-1
6245,NONE,0,0,0,False,-1
6246,NONE,0,0,0,False,-1
6247,SINGLE,0,0,1,False,-1
6248,NONE,0,0,0,False,-1
6249,NONE,0,0,0,False,-1
6250,NONE,0,0,0,False,-1
6251,NONE,0,0,0,False,-1
6252,NONE,0,0,0,False,-1
6253,NONE,0,0,0,False,-1
6254,NONE,0,0,0,False,-1
6255,DOUBLE,1,1,0,False,-1
6256,NONE,0,0,0,False,-1
6257,NONE,0,0,0,False,-1
6258,NONE,0,0,0,False,-1
6259,NONE,0,0,0,False,-1
6260,NONE,0,0,0,False,-1
6261,DOUBLE,1,1,0,False,-1
6262,DOUBLE,1,1,0,False,-1
6263,NONE,0,0,0,False,-1
6264,NONE,0,0,0,False,-1
6265,NONE,0,0,0,False,-1
6266,SINGLE,0,0,1,False,-1
6267,NONE,0,0,0,False,-1
6268,SINGLE,1,0,0,False,-1
6269,NONE,0,0,0,False,-1
6270,NONE,0,0,0,False,-1
6271,NONE,0,0,0,False,-1
6272,NONE,0,0,0,False,-1
6273,NONE,0,0,0,False,-1
6274,NONE,0,0,0,False,-1
6275,NONE,0,0,0,False,-1
6276,NONE,0,0,0,False,-1
6277,NONE,0,0,0,False,-1
6278,DOUBLE,1,1,0,False,-1
6279,NONE,0,0,0,False,-1
6280,SINGLE,0,1,0,False,-1
6281,NONE,0,0,0,False,-1
6282,DOUBLE,1,1,0,False,-1
6283,NONE,0,0,0,False,-1
6284,NONE,0,0,0,False,-1
6285,SINGLE,0,0,1,False,-1
6286,SINGLE,0,1,0,False,-1
6287,NONE,0,0,0,False,-1
6288,DOUBLE,1,1,0,False,-1
6289,DOUBLE,1,1,0,False,-1
6290,NONE,0,0,0,False,-1
6291,NONE,0,0,0,False,-1
6292,NONE,0,0,0,False,-1
6293,NONE,0,0,0,False,-1
6294,NONE,0,0,0,False,-1
6295,NONE,0,0,0,False,-1
6296,NONE,0,0,0,False,-1
6297,NONE,0,0,0,False,-1
6298,SINGLE,0,0,1,False,-1
6299,SINGLE,0,1,0,False,-1
6300,NONE,0,0,0,False,-1
6301,NONE,0,0,0,False,-1
6302,DOUBLE,1,1,0,False,-1
6303,NONE,0,0,0,False,-1
6304,NONE,0,0,0,False,-1
6305,SINGLE,0,0,1,False,-1
6306,NONE,0,0,0,False,-1
6307,NONE,0,0,0,False,-1
6308,DOUBLE,1,1,0,False,-1
6309,SINGLE,0,0,1,False,-1
6310,NONE,0,0,0,False,-1
6311,NONE,0,0,0,False,-1
6312,DOUBLE,1,1,0,False,-1
6313,SINGLE,0,0,1,False,-1
6314,NONE,0,0,0,False,-1
6315,DOUBLE,1,1,0,False,-1
6316,TRIPLE,1,1,1,False,-1
6317,SINGLE,1,0,0,False,-1
6318,NONE,0,0,0,False,-1
6319,NONE,0,0,0,False,-1
6320,DOUBLE,1,1,0,False,-1
6321,NONE,0,0,0,False,-1
6322,SINGLE,0,0,1,False,-1
6323,SINGLE,1,0,0,False,-1
6324,SINGLE,0,0,1,False,-1
6325,NONE,0,0,0,False,-1
6326,DOUBLE,1,1,0,False,-1
6327,NONE,0,0,0,False,-1
6328,DOUBLE,1,1,0,False,-1
6329,NONE,0,0,0,False,-1
6330,NONE,0,0,0,False,-1
6331,NONE,0,0,0,False,-1
6332,NONE,0,0,0,False,-1
6333,NONE,0,0,0,False,-1
6334,NONE,0,0,0,False,-1
6335,NONE,0,0,0,False,-1
6336,SINGLE,0,0,1,False,-1
6337,NONE,0,0,0,False,-1
6338,NONE,0,0,0,False,-1
6339,NONE,0,0,0,False,-1
6340,SINGLE,1,0,0,False,-1
6341,NONE,0,0,0,False,-1
6342,NONE,0,0,0,False,-1
6343,NONE,0,0,0,False,-1
6344,NONE,0,0,0,False,-1
6345,NONE,0,0,0,False,-1
6346,SINGLE,0,0,1,False,-1
6347,SINGLE,1,0,0,False,-1
6348,SINGLE,1,0,0,False,-1
6349,DOUBLE,1,1,0,False,-1
6350,DOUBLE,1,1,0,False,-1
6351,NONE,0,0,0,False,-1
6352,SINGLE,0,1,0,False,-1
6353,SINGLE,1,0,0,False,-1
6354,NONE,0,0,0,False,-1
6355,NONE,0,0,0,False,-1
6356,NONE,0,0,0,False,-1
6357,NONE,0,0,0,False,-1
6358,NONE,0,0,0,False,-1
6359,NONE,0,0,0,False,-1
6360,NONE,0,0,0,False,-1
6361,NONE,0,0,0,False,-1
6362,SINGLE,0,0,1,False,-1
6363,NONE,0,0,0,False,-1
6364,NONE,0,0,0,False,-1
6365,NONE,0,0,0,False,-1
6366,SINGLE,0,1,0,True,4845.42
6367,DOUBLE,1,1,0,False,-1
6368,NONE,0,0,0,False,-1
6369,SINGLE,0,1,0,False,-1
6370,DOUBLE,1,1,0,False,-1
6371,DOUBLE,1,1,0,False,-1
6372,NONE,0,0,0,False,-1
6373,NONE,0,0,0,False,-1
6374,NONE,0,0,0,False,-1
6375,NONE,0,0,0,False,-1
6376,NONE,0,0,0,False,-1
6377,NONE,0,0,0,False,-1
6378,NONE,0,0,0,False,-1
6379,SINGLE,0,1,0,False,-1
6380,NONE,0,0,0,False,-1
6381,NONE,0,0,0,False,-1
6382,NONE,0,0,0,False,-1
6383,NONE,0,0,0,False,-1
6384,DOUBLE,1,1,0,False,-1
6385,DOUBLE,1,1,0,False,-1
6386,NONE,0,0,0,False,-1
6387,NONE,0,0,0,False,-1
6388,NONE,0,0,0,False,-1
6389,NONE,0,0,0,False,-1
6390,DOUBLE,1,1,0,False,-1
6391,NONE,0,0,0,False,-1
6392,DOUBLE,1,1,0,False,-1
6393,DOUBLE,1,1,0,False,-1
6394,SINGLE,0,0,1,False,-1
6395,SINGLE,0,0,1,False,-1
6396,DOUBLE,1,1,0,False,-1
6397,DOUBLE,1,1,0,False,-1
6398,DOUBLE,1,1,0,False,-1
6399,DOUBLE,1,1,0,False,-1
6400,DOUBLE,1,1,0,False,-1
6401,DOUBLE,1,1,0,False,-1
6402,NONE,0,0,0,False,-1
6403,NONE,0,0,0,False,-1
6404,DOUBLE,1,1,0,False,-1
6405,NONE,0,0,0,False,-1
6406,NONE,0,0,0,False,-1
6407,NONE,0,0,0,False,-1
6408,NONE,0,0,0,False,-1
6409,NONE,0,0,0,False,-1
6410,DOUBLE,1,1,0,False,-1
6411,NONE,0,0,0,False,-1
6412,NONE,0,0,0,False,-1
6413,SINGLE,0,0,1,False,-1
6414,NONE,0,0,0,False,-1
6415,NONE,0,0,0,False,-1
6416,DOUBLE,1,1,0,False,-1
6417,NONE,0,0,0,False,-1
6418,DOUBLE,1,1,0,False,-1
6419,DOUBLE,1,1,0,False,-1
6420,NONE,0,0,0,False,-1
6421,SINGLE,0,1,0,False,-1
6422,NONE,0,0,0,False,-1
6423,DOUBLE,1,1,0,False,-1
6424,NONE,0,0,0,False,-1
6425,NONE,0,0,0,False,-1
6426,NONE,0,0,0,False,-1
6427,NONE,0,0,0,False,-1
6428,DOUBLE,1,1,0,False,-1
6429,NONE,0,0,0,False,-1
6430,NONE,0,0,0,False,-1
6431,DOUBLE,1,1,0,False,-1
6432,NONE,0,0,0,False,-1
6433,NONE,0,0,0,False,-1
6434,NONE,0,0,0,False,-1
6435,DOUBLE,1,1,0,False,-1
6436,NONE,0,0,0,False,-1
6437,NONE,0,0,0,False,-1
6438,DOUBLE,1,1,0,False,-1
6439,SINGLE,0,0,1,False,-1
6440,NONE,0,0,0,False,-1
6441,DOUBLE,1,1,0,False,-1
6442,NONE,0,0,0,False,-1
6443,NONE,0,0,0,False,-1
6444,NONE,0,0,0,False,-1
6445,DOUBLE,1,1,0,False,-1
6446,SINGLE,0,0,1,False,-1
6447,NONE,0,0,0,False,-1
6448,NONE,0,0,0,False,-1
6449,DOUBLE,1,1,0,False,-1
6450,NONE,0,0,0,False,-1
6451,DOUBLE,1,1,0,False,-1
6452,NONE,0,0,0,False,-1
6453,NONE,0,0,0,False,-1
6454,NONE,0,0,0,False,-1
6455,NONE,0,0,0,False,-1
6456,SINGLE,0,1,0,False,-1
6457,SINGLE,1,0,0,False,-1
6458,SINGLE,0,0,1,False,-1
6459,NONE,0,0,0,False,-1
6460,NONE,0,0,0,False,-1
6461,DOUBLE,1,1,0,False,-1
6462,DOUBLE,1,1,0,False,-1
6463,NONE,0,0,0,False,-1
6464,NONE,0,0,0,False,-1
6465,DOUBLE,1,1,0,False,-1
6466,SINGLE,0,0,1,False,-1
6467,DOUBLE,1,1,0,False,-1
6468,SINGLE,0,1,0,True,756.211
6469,NONE,0,0,0,False,-1
6470,DOUBLE,1,1,0,False,-1
6471,DOUBLE,1,1,0,False,-1
6472,NONE,0,0,0,False,-1
6473,NONE,0,0,0,False,-1
6474,NONE,0,0,0,False,-1
6475,NONE,0,0,0,False,-1
6476,NONE,0,0,0,False,-1
6477,NONE,0,0,0,False,-1
6478,NONE,0,0,0,False,-1
6479,SINGLE,0,0,1,False,-1
6480,SINGLE,1,0,0,False,-1
6481,NONE,0,0,0,False,-1
6482,NONE,0,0,0,False,-1
6483,NONE,0,0,0,False,-1
6484,NONE,0,0,0,False,-1
6485,DOUBLE,1,1,0,False,-1
6486,NONE,0,0,0,False,-1
6487,NONE,0,0,0,False,-1
6488,NONE,0,0,0,False,-1
6489,NONE,0,0,0,False,-1
6490,DOUBLE,1,1,0,False,-1
6491,NONE,0,0,0,False,-1
6492,DOUBLE,1,1,0,False,-1
6493,NONE,0,0,0,False,-1
6494,SINGLE,1,0,0,False,-1
6495,DOUBLE,1,1,0,False,-1
6496,DOUBLE,1,1,0,False,-1
6497,NONE,0,0,0,False,-1
6498,NONE,0,0,0,False,-1
6499,NONE,0,0,0,False,-1
6500,NONE,0,0,0,False,-1
6501,NONE,0,0,0,False,-1
6502,NONE,0,0,0,False,-1
6503,NONE,0,0,0,False,-1
6504,NONE,0,0,0,False,-1
6505,NONE,0,0,0,False,-1
6506,NONE,0,0,0,False,-1
6507,DOUBLE,1,1,0,False,-1
6508,DOUBLE,1,1,0,False,-1
6509,NONE,0,0,0,False,-1
6510,DOUBLE,1,1,0,False,-1
6511,NONE,0,0,0,False,-1
6512,SINGLE,0,1,0,False,-1
6513,NONE,0,0,0,False,-1
6514,DOUBLE,1,1,0,False,-1
6515,DOUBLE,1,1,0,False,-1
6516,NONE,0,0,0,False,-1
6517,SINGLE,0,0,1,False,-1
6518,NONE,0,0,0,False,-1
6519,NONE,0,0,0,False,-1
6520,DOUBLE,1,1,0,False,-1
6521,NONE,0,0,0,False,-1
6522,NONE,0,0,0,False,-1
6523,NONE,0,0,0,False,-1
6524,NONE,0,0,0,False,-1
6525,NONE,0,0,0,False,-1
6526,NONE,0,0,0,False,-1
6527,NONE,0,0,0,False,-1
6528,SINGLE,0,0,1,False,-1
6529,DOUBLE,1,1,0,False,-1
6530,NONE,0,0,0,False,-1
6531,SINGLE,0,1,0,False,-1
6532,DOUBLE,1,1,0,False,-1
6533,NONE,0,0,0,False,-1
6534,DOUBLE,1,1,0,False,-1
6535,NONE,0,0,0,False,-1
6536,NONE,0,0,0,False,-1
6537,NONE,0,0,0,False,-1
6538,NONE,0,0,0,False,-1
6539,SINGLE,1,0,0,False,-1
6540,NONE,0,0,0,False,-1
6541,NONE,0,0,0,False,-1
6542,SINGLE,0,0,1,False,-1
6543,NONE,0,0,0,False,-1
6544,NONE,0,0,0,False,-1
6545,SINGLE,1,0,0,False,-1
6546,NONE,0,0,0,False,-1
6547,SINGLE,0,0,1,False,-1
6548,NONE,0,0,0,False,-1
6549,NONE,0,0,0,False,-1
6550,NONE,0,0,0,False,-1
6551,NONE,0,0,0,False,-1
6552,SINGLE,0,0,1,False,-1
6553,NONE,0,0,0,False,-1
6554,NONE,0,0,0,False,-1
6555,NONE,0,0,0,False,-1
6556,SINGLE,0,0,1,False,-1
6557,NONE,0,0,0,False,-1
6558,SINGLE,1,0,0,False,-1
6559,NONE,0,0,0,False,-1
6560,NONE,0,0,0,False,-1
6561,SINGLE,0,1,0,False,-1
6562,DOUBLE,1,1,0,False,-1
6563,DOUBLE,1,1,0,False,-1
6564,DOUBLE,1,1,0,False,-1
6565,NONE,0,0,0,False,-1
6566,NONE,0,0,0,False,-1
6567,DOUBLE,1,1,0,False,-1
6568,NONE,0,0,0,False,-1
6569,NONE,0,0,0,False,-1
6570,NONE,0,0,0,False,-1
6571,SINGLE,1,0,0,False,-1
6572,DOUBLE,1,1,0,False,-1
6573,NONE,0,0,0,False,-1
6574,SINGLE,0,0,1,False,-1
6575,NONE,0,0,0,False,-1
6576,DOUBLE,1,1,0,False,-1
6577,NONE,0,0,0,False,-1
6578,NONE,0,0,0,False,-1
6579,NONE,0,0,0,False,-1
6580,DOUBLE,1,1,0,False,-1
6581,NONE,0,0,0,False,-1
6582,NONE,0,0,0,False,-1
6583,NONE,0,0,0,False,-1
6584,NONE,0,0,0,False,-1
6585,DOUBLE,1,1,0,False,-1
6586,NONE,0,0,0,False,-1
6587,NONE,0,0,0,False,-1
6588,NONE,0,0,0,False,-1
6589,NONE,0,0,0,False,-1
6590,SINGLE,1,0,0,False,-1
6591,DOUBLE,1,1,0,False,-1
6592,NONE,0,0,0,False,-1
6593,NONE,0,0,0,False,-1
6594,DOUBLE,1,1,0,False,-1
6595,NONE,0,0,0,False,-1
6596,DOUBLE,1,1,0,False,-1
6597,SINGLE,0,0,1,False,-1
6598,NONE,0,0,0,False,-1
6599,NONE,0,0,0,False,-1
6600,SINGLE,1,0,0,False,-1
6601,NONE,0,0,0,False,-1
6602,NONE,0,0,0,False,-1
6603,NONE,0,0,0,False,-1
6604,DOUBLE,1,1,0,False,-1
6605,NONE,0,0,0,False,-1
6606,DOUBLE,1,1,0,False,-1
6607,NONE,0,0,0,False,-1
6608,NONE,0,0,0,False,-1
6609,NONE,0,0,0,False,-1
6610,NONE,0,0,0,False,-1
6611,NONE,0,0,0,False,-1
6612,NONE,0,0,0,False,-1
6613,NONE,0,0,0,False,-1
6614,NONE,0,0,0,False,-1
6615,NONE,0,0,0,False,-1
6616,NONE,0,0,0,False,-1
6617,NONE,0,0,0,False,-1
6618,NONE,0,0,0,False,-1
6619,NONE,0,0,0,False,-1
6620,NONE,0,0,0,False,-1
6621,SINGLE,1,0,0,False,-1
6622,NONE,0,0,0,False,-1
6623,SINGLE,1,0,0,False,-1
6624,SINGLE,1,0,0,False,-1
6625,NONE,0,0,0,False,-1
6626,NONE,0,0,0,False,-1
6627,DOUBLE,1,1,0,False,-1
6628,NONE,0,0,0,False,-1
6629,NONE,0,0,0,False,-1
6630,NONE,0,0,0,False,-1
6631,NONE,0,0,0,False,-1
6632,DOUBLE,1,1,0,False,-1
6633,NONE,0,0,0,False,-1
6634,SINGLE,0,1,0,False,-1
6635,NONE,0,0,0,False,-1
6636,NONE,0,0,0,False,-1
6637,NONE,0,0,0,False,-1
6638,NONE,0,0,0,False,-1
6639,DOUBLE,1,1,0,False,-1
6640,NONE,0,0,0,False,-1
6641,NONE,0,0,0,False,-1
6642,DOUBLE,1,1,0,False,-1
6643,NONE,0,0,0,False,-1
6644,NONE,0,0,0,False,-1
6645,NONE,0,0,0,False,-1
6646,NONE,0,0,0,False,-1
6647,NONE,0,0,0,False,-1
6648,SINGLE,1,0,0,False,-1
6649,NONE,0,0,0,False,-1
6650,NONE,0,0,0,False,-1
6651,NONE,0,0,0,False,-1
6652,NONE,0,0,0,False,-1
6653,NONE,0,0,0,False,-1
6654,NONE,0,0,0,False,-1
6655,NONE,0,0,0,False,-1
6656,NONE,0,0,0,False,-1
6657,NONE,0,0,0,False,-1
6658,DOUBLE,1,1,0,False,-1
6659,SINGLE,0,1,0,False,-1
6660,SINGLE,0,0,1,False,-1
6661,NONE,0,0,0,False,-1
6662,NONE,0,0,0,False,-1
6663,NONE,0,0,0,False,-1
6664,DOUBLE,1,1,0,False,-1
6665,NONE,0,0,0,False,-1
6666,NONE,0,0,0,False,-1
6667,NONE,0,0,0,False,-1
6668,SINGLE,0,0,1,False,-1
6669,NONE,0,0,0,False,-1
6670,NONE,0,0,0,False,-1
6671,NONE,0,0,0,False,-1
6672,NONE,0,0,0,False,-1
6673,NONE,0,0,0,False,-1
6674,NONE,0,0,0,False,-1
6675,NONE,0,0,0,False,-1
6676,DOUBLE,1,1,0,False,-1
6677,DOUBLE,1,1,0,False,-1
6678,NONE,0,0,0,False,-1
6679,NONE,0,0,0,False,-1
6680,NONE,0,0,0,False,-1
6681,DOUBLE,1,1,0,False,-1
6682,DOUBLE,1,1,0,False,-1
6683,NONE,0,0,0,False,-1
6684,SINGLE,1,0,0,False,-1
6685,DOUBLE,1,1,0,False,-1
6686,DOUBLE,1,1,0,False,-1
6687,DOUBLE,1,1,0,False,-1
6688,NONE,0,0,0,False,-1
6689,NONE,0,0,0,False,-1
6690,DOUBLE,1,1,0,False,-1
6691,SINGLE,0,0,1,False,-1
6692,DOUBLE,1,1,0,False,-1
6693,NONE,0,0,0,False,-1
6694,SINGLE,0,0,1,False,-1
6695,NONE,0,0,0,False,-1
6696,SINGLE,0,0,1,False,-1
6697,NONE,0,0,0,False,-1
6698,NONE,0,0,0,False,-1
6699,NONE,0,0,0,False,-1
6700,NONE,0,0,0,False,-1
6701,NONE,0,0,0,False,-1
6702,NONE,0,0,0,False,-1
6703,NONE,0,0,0,False,-1
6704,SINGLE,0,1,0,False,-1
6705,SINGLE,0,1,0,False,-1
6706,NONE,0,0,0,False,-1
6707,NONE,0,0,0,False,-1
6708,SINGLE,0,0,1,False,-1
6709,DOUBLE,1,1,0,False,-1
6710,NONE,0,0,0,False,-1
6711,NONE,0,0,0,False,-1
6712,NONE,0,0,0,False,-1
6713,SINGLE,0,0,1,False,-1
6714,NONE,0,0,0,False,-1
6715,NONE,0,0,0,False,-1
6716,NONE,0,0,0,False,-1
6717,DOUBLE,1,1,0,False,-1
6718,DOUBLE,1,1,0,False,-1
6719,NONE,0,0,0,False,-1
6720,NONE,0,0,0,False,-1
6721,SINGLE,1,0,0,False,-1
6722,TRIPLE,1,1,1,False,-1
6723,NONE,0,0,0,False,-1
6724,DOUBLE,1,1,0,False,-1
6725,SINGLE,0,0,1,False,-1
6726,NONE,0,0,0,False,-1
6727,SINGLE,0,0,1,False,-1
6728,SINGLE,1,0,0,False,-1
6729,NONE,0,0,0,False,-1
6730,NONE,0,0,0,False,-1
6731,NONE,0,0,0,False,-1
6732,NONE,0,0,0,False,-1
6733,SINGLE,1,0,0,False,-1
6734,NONE,0,0,0,False,-1
6735,NONE,0,0,0,False,-1
6736,SINGLE,0,1,0,False,-1
6737,SINGLE,0,0,1,False,-1
6738,NONE,0,0,0,False,-1
6739,NONE,0,0,0,False,-1
6740,NONE,0,0,0,False,-1
6741,DOUBLE,1,1,0,False,-1
6742,DOUBLE,1,1,0,False,-1
6743,NONE,0,0,0,False,-1
6744,NONE,0,0,0,False,-1
6745,NONE,0,0,0,False,-1
6746,NONE,0,0,0,False,-1
6747,NONE,0,0,0,False,-1
6748,NONE,0,0,0,False,-1
6749,DOUBLE,1,1,0,False,-1
6750,DOUBLE,1,1,0,False,-1
6751,DOUBLE,1,1,0,False,-1
6752,NONE,0,0,0,False,-1
6753,NONE,0,0,0,False,-1
6754,NONE,0,0,0,False,-1
6755,DOUBLE,1,1,0,False,-1
6756,DOUBLE,1,1,0,False,-1
6757,DOUBLE,1,1,0,True,1542.65
6758,NONE,0,0,0,False,-1
6759,NONE,0,0,0,False,-1
6760,NONE,0,0,0,False,-1
6761,NONE,0,0,0,False,-1
6762,NONE,0,0,0,False,-1
6763,SINGLE,0,0,1,False,-1
6764,NONE,0,0,0,False,-1
6765,NONE,0,0,0,False,-1
6766,SINGLE,0,1,0,False,-1
6767,NONE,0,0,0,False,-1
6768,NONE,0,0,0,False,-1
6769,NONE,0,0,0,False,-1
6770,NONE,0,0,0,False,-1
6771,NONE,0,0,0,False,-1
6772,NONE,0,0,0,False,-1
6773,NONE,0,0,0,False,-1
6774,DOUBLE,1,1,0,False,-1
6775,SINGLE,1,0,0,False,-1
6776,NONE,0,0,0,False,-1
6777,DOUBLE,1,1,0,False,-1
6778,DOUBLE,1,1,0,False,-1
6779,DOUBLE,1,1,0,False,-1
6780,NONE,0,0,0,False,-1
6781,NONE,0,0,0,False,-1
6782,NONE,0,0,0,False,-1
6783,NONE,0,0,0,False,-1
6784,DOUBLE,1,1,0,False,-1
6785,DOUBLE,1,1,0,False,-1
6786,NONE,0,0,0,False,-1
6787,DOUBLE,1,1,0,False,-1
6788,NONE,0,0,0,False,-1
6789,NONE,0,0,0,False,-1
6790,NONE,0,0,0,False,-1
6791,NONE,0,0,0,False,-1
6792,NONE,0,0,0,False,-1
6793,NONE,0,0,0,False,-1
6794,NONE,0,0,0,False,-1
6795,NONE,0,0,0,False,-1
6796,NONE,0,0,0,False,-1
6797,NONE,0,0,0,False,-1
6798,NONE,0,0,0,False,-1
6799,NONE,0,0,0,False,-1
6800,NONE,0,0,0,False,-1
6801,DOUBLE,1,1,0,False,-1
6802,SINGLE,1,0,0,False,-1
6803,SINGLE,0,1,0,False,-1
6804,NONE,0,0,0,False,-1
6805,NONE,0,0,0,False,-1
6806,NONE,0,0,0,False,-1
6807,NONE,0,0,0,False,-1
6808,NONE,0,0,0,False,-1
6809,NONE,0,0,0,False,-1
6810,SINGLE,1,0,0,False,-1
6811,NONE,0,0,0,False,-1
6812,NONE,0,0,0,False,-1
6813,NONE,0,0,0,False,-1
6814,NONE,0,0,0,False,-1
6815,NONE,0,0,0,False,-1
6816,NONE,0,0,0,False,-1
6817,NONE,0,0,0,False,-1
6818,DOUBLE,1,1,0,False,-1
6819,DOUBLE,1,1,0,False,-1
6820,SINGLE,0,0,1,False,-1
6821,NONE,0,0,0,False,-1
6822,NONE,0,0,0,False,-1
6823,NONE,0,0,0,False,-1
6824,NONE,0,0,0,False,-1
6825,SINGLE,1,0,0,False,-1
6826,DOUBLE,1,1,0,False,-1
6827,NONE,0,0,0,False,-1
6828,NONE,0,0,0,False,-1
6829,NONE,0,0,0,False,-1
6830,SINGLE,1,0,0,False,-1
6831,NONE,0,0,0,False,-1
6832,NONE,0,0,0,False,-1
6833,NONE,0,0,0,False,-1
6834,NONE,0,0,0,False,-1
6835,DOUBLE,1,1,0,False,-1
6836,NONE,0,0,0,False,-1
6837,SINGLE,0,0,1,False,-1
6838,NONE,0,0,0,False,-1
6839,DOUBLE,1,1,0,False,-1
6840,SINGLE,0,0,1,False,-1
6841,DOUBLE,1,1,0,False,-1
6842,DOUBLE,1,1,0,False,-1
6843,SINGLE,0,0,1,False,-1
6844,SINGLE,1,0,0,False,-1
6845,DOUBLE,1,1,0,False,-1
6846,NONE,0,0,0,False,-1
6847,NONE,0,0,0,False,-1
6848,NONE,0,0,0,False,-1
6849,DOUBLE,1,1,0,False,-1
6850,NONE,0,0,0,False,-1
6851,NONE,0,0,0,False,-1
6852,NONE,0,0,0,False,-1
6853,DOUBLE,1,1,0,False,-1
6854,DOUBLE,1,1,0,False,-1
6855,SINGLE,1,0,0,False,-1
6856,DOUBLE,1,1,0,False,-1
6857,SINGLE,0,0,1,False,-1
6858,NONE,0,0,0,False,-1
6859,NONE,0,0,0,False,-1
6860,NONE,0,0,0,False,-1
6861,NONE,0,0,0,False,-1
6862,NONE,0,0,0,False,-1
6863,NONE,0,0,0,False,-1
6864,DOUBLE,1,1,0,False,-1
6865,DOUBLE,1,1,0,False,-1
6866,DOUBLE,1,1,0,False,-1
6867,DOUBLE,1,1,0,False,-1
6868,NONE,0,0,0,False,-1
6869,NONE,0,0,0,False,-1
6870,NONE,0,0,0,False,-1
6871,NONE,0,0,0,False,-1
6872,NONE,0,0,0,False,-1
6873,NONE,0,0,0,False,-1
6874,SINGLE,0,1,0,False,-1
6875,NONE,0,0,0,False,-1
6876,SINGLE,0,1,0,False,-1
6877,NONE,0,0,0,False,-1
6878,NONE,0,0,0,False,-1
6879,NONE,0,0,0,False,-1
6880,NONE,0,0,0,False,-1
6881,SINGLE,1,0,0,False,-1
6882,NONE,0,0,0,False,-1
6883,NONE,0,0,0,False,-1
6884,NONE,0,0,0,False,-1
6885,NONE,0,0,0,False,-1
6886,NONE,0,0,0,False,-1
6887,NONE,0,0,0,False,-1
6888,DOUBLE,1,1,0,False,-1
6889,NONE,0,0,0,False,-1
6890,SINGLE,0,0,1,False,-1
6891,SINGLE,0,1,0,False,-1
6892,DOUBLE,1,1,0,False,-1
6893,NONE,0,0,0,False,-1
6894,NONE,0,0,0,False,-1
6895,NONE,0,0,0,False,-1
6896,NONE,0,0,0,False,-1
6897,NONE,0,0,0,False,-1
6898,SINGLE,0,1,0,False,-1
6899,DOUBLE,1,0,1,False,-1
6900,DOUBLE,1,1,0,False,-1
6901,NONE,0,0,0,False,-1
6902,NONE,0,0,0,False,-1
6903,NONE,0,0,0,False,-1
6904,NONE,0,0,0,False,-1
6905,DOUBLE,1,1,0,False,-1
6906,DOUBLE,1,1,0,False,-1
6907,NONE,0,0,0,False,-1
6908,DOUBLE,1,1,0,False,-1
6909,SINGLE,1,0,0,False,-1
6910,NONE,0,0,0,False,-1
6911,NONE,0,0,0,False,-1
6912,NONE,0,0,0,False,-1
6913,NONE,0,0,0,False,-1
6914,DOUBLE,1,0,1,False,-1
6915,SINGLE,0,0,1,False,-1
6916,NONE,0,0,0,False,-1
6917,DOUBLE,1,1,0,False,-1
6918,NONE,0,0,0,False,-1
6919,DOUBLE,1,1,0,False,-1
6920,NONE,0,0,0,False,-1
6921,NONE,0,0,0,False,-1
6922,DOUBLE,1,1,0,False,-1
6923,DOUBLE,1,1,0,False,-1
6924,SINGLE,1,0,0,False,-1
6925,NONE,0,0,0,False,-1
6926,NONE,0,0,0,False,-1
6927,NONE,0,0,0,False,-1
6928,DOUBLE,1,1,0,False,-1
6929,DOUBLE,1,1,0,False,-1
6930,NONE,0,0,0,False,-1
6931,DOUBLE,1,1,0,False,-1
6932,NONE,0,0,0,False,-1
6933,SINGLE,0,1,0,False,-1
6934,DOUBLE,1,1,0,True,2593.69
6935,NONE,0,0,0,False,-1
6936,NONE,0,0,0,False,-1
6937,SINGLE,1,0,0,False,-1
6938,NONE,0,0,0,False,-1
6939,DOUBLE,1,1,0,False,-1
6940,DOUBLE,1,1,0,False,-1
6941,SINGLE,0,1,0,False,-1
6942,NONE,0,0,0,False,-1
6943,SINGLE,1,0,0,False,-1
6944,DOUBLE,1,1,0,False,-1
6945,DOUBLE,1,1,0,False,-1
6946,NONE,0,0,0,False,-1
6947,SINGLE,1,0,0,False,-1
6948,NONE,0,0,0,False,-1
6949,DOUBLE,1,1,0,False,-1
6950,SINGLE,0,1,0,False,-1
6951,NONE,0,0,0,False,-1
6952,NONE,0,0,0,False,-1
6953,DOUBLE,1,1,0,False,-1
6954,SINGLE,0,0,1,False,-1
6955,NONE,0,0,0,False,-1
6956,NONE,0,0,0,False,-1
6957,SINGLE,0,0,1,False,-1
6958,NONE,0,0,0,False,-1
6959,NONE,0,0,0,False,-1
6960,NONE,0,0,0,False,-1
6961,NONE,0,0,0,False,-1
6962,NONE,0,0,0,False,-1
6963,NONE,0,0,0,False,-1
6964,SINGLE,1,0,0,False,-1
6965,DOUBLE,1,1,0,False,-1
6966,SINGLE,0,1,0,False,-1
6967,NONE,0,0,0,False,-1
6968,NONE,0,0,0,False,-1
6969,DOUBLE,1,1,0,False,-1
6970,NONE,0,0,0,False,-1
6971,NONE,0,0,0,False,-1
6972,DOUBLE,1,1,0,False,-1
6973,NONE,0,0,0,False,-1
6974,DOUBLE,1,1,0,False,-1
6975,DOUBLE,1,1,0,False,-1
6976,DOUBLE,1,1,0,False,-1
6977,SINGLE,1,0,0,False,-1
6978,NONE,0,0,0,False,-1
6979,NONE,0,0,0,False,-1
6980,NONE,0,0,0,False,-1
6981,NONE,0,0,0,False,-1
6982,DOUBLE,1,1,0,False,-1
6983,DOUBLE,1,1,0,False,-1
6984,NONE,0,0,0,False,-1
6985,NONE,0,0,0,False,-1
6986,NONE,0,0,0,False,-1
6987,NONE,0,0,0,False,-1
6988,NONE,0,0,0,False,-1
6989,NONE,0,0,0,False,-1
6990,DOUBLE,1,1,0,False,-1
6991,NONE,0,0,0,False,-1
6992,DOUBLE,1,1,0,False,-1
6993,DOUBLE,1,1,0,False,-1
6994,DOUBLE,1,1,0,False,-1
6995,DOUBLE,1,1,0,False,-1
6996,NONE,0,0,0,False,-1
6997,NONE,0,0,0,False,-1
6998,TRIPLE,1,1,1,False,-1
6999,SINGLE,0,0,1,False,-1
7000,NONE,0,0,0,False,-1
7001,NONE,0,0,0,False,-1
7002,DOUBLE,1,1,0,False,-1
7003,DOUBLE,1,1,0,False,-1
7004,NONE,0,0,0,False,-1
7005,NONE,0,0,0,False,-1
7006,NONE,0,0,0,False,-1
7007,NONE,0,0,0,False,-1
7008,DOUBLE,1,1,0,False,-1
7009,SINGLE,1,0,0,False,-1
7010,NONE,0,0,0,False,-1
7011,DOUBLE,1,1,0,False,-1
7012,NONE,0,0,0,False,-1
7013,NONE,0,0,0,False,-1
7014,DOUBLE,1,1,0,False,-1
7015,DOUBLE,1,1,0,False,-1
7016,NONE,0,0,0,False,-1
7017,NONE,0,0,0,False,-1
7018,NONE,0,0,0,False,-1
7019,SINGLE,0,1,0,False,-1
7020,DOUBLE,1,1,0,False,-1
7021,DOUBLE,1,1,0,False,-1
7022,NONE,0,0,0,False,-1
7023,NONE,0,0,0,False,-1
7024,NONE,0,0,0,False,-1
7025,NONE,0,0,0,False,-1
7026,NONE,0,0,0,False,-1
7027,DOUBLE,1,1,0,False,-1
7028,NONE,0,0,0,False,-1
7029,DOUBLE,1,1,0,False,-1
7030,SINGLE,0,0,1,False,-1
7031,NONE,0,0,0,False,-1
7032,NONE,0,0,0,False,-1
7033,NONE,0,0,0,False,-1
7034,NONE,0,0,0,False,-1
7035,NONE,0,0,0,False,-1
7036,NONE,0,0,0,False,-1
7037,NONE,0,0,0,False,-1
7038,SINGLE,1,0,0,False,-1
7039,NONE,0,0,0,False,-1
7040,NONE,0,0,0,False,-1
7041,NONE,0,0,0,False,-1
7042,NONE,0,0,0,False,-1
7043,NONE,0,0,0,False,-1
7044,DOUBLE,1,1,0,False,-1
7045,SINGLE,0,0,1,False,-1
7046,SINGLE,0,0,1,False,-1
7047,SINGLE,0,0,1,False,-1
7048,NONE,0,0,0,False,-1
7049,DOUBLE,1,1,0,False,-1
7050,SINGLE,0,0,1,False,-1
7051,SINGLE,0,0,1,False,-1
7052,NONE,0,0,0,False,-1
7053,NONE,0,0,0,False,-1
7054,NONE,0,0,0,False,-1
7055,NONE,0,0,0,False,-1
7056,DOUBLE,1,1,0,False,-1
7057,NONE,0,0,0,False,-1
7058,DOUBLE,1,1,0,False,-1
7059,SINGLE,0,0,1,False,-1
7060,DOUBLE,1,1,0,False,-1
7061,NONE,0,0,0,False,-1
7062,NONE,0,0,0,False,-1
7063,DOUBLE,1,1,0,False,-1
7064,NONE,0,0,0,False,-1
7065,NONE,0,0,0,False,-1
7066,SINGLE,0,0,1,False,-1
7067,NONE,0,0,0,False,-1
7068,NONE,0,0,0,False,-1
7069,SINGLE,0,1,0,False,-1
7070,SINGLE,1,0,0,False,-1
7071,DOUBLE,1,1,0,False,-1
7072,NONE,0,0,0,False,-1
7073,NONE,0,0,0,False,-1
7074,DOUBLE,1,1,0,False,-1
7075,NONE,0,0,0,False,-1
7076,NONE,0,0,0,False,-1
7077,NONE,0,0,0,False,-1
7078,SINGLE,0,1,0,False,-1
7079,NONE,0,0,0,False,-1
7080,NONE,0,0,0,False,-1
7081,NONE,0,0,0,False,-1
7082,NONE,0,0,0,False,-1
7083,NONE,0,0,0,False,-1
7084,SINGLE,1,0,0,False,-1
7085,NONE,0,0,0,False,-1
7086,NONE,0,0,0,False,-1
7087,NONE,0,0,0,False,-1
7088,NONE,0,0,0,False,-1
7089,SINGLE,1,0,0,False,-1
7090,DOUBLE,1,1,0,False,-1
7091,SINGLE,0,0,1,False,-1
7092,NONE,0,0,0,False,-1
7093,NONE,0,0,0,False,-1
7094,SINGLE,0,0,1,False,-1
7095,DOUBLE,1,1,0,False,-1
7096,DOUBLE,1,1,0,False,-1
7097,NONE,0,0,0,False,-1
7098,NONE,0,0,0,False,-1
7099,SINGLE,0,0,1,False,-1
7100,DOUBLE,1,1,0,False,-1
7101,DOUBLE,1,1,0,False,-1
7102,NONE,0,0,0,False,-1
7103,NONE,0,0,0,False,-1
7104,NONE,0,0,0,False,-1
7105,NONE,0,0,0,False,-1
7106,NONE,0,0,0,False,-1
7107,NONE,0,0,0,False,-1
7108,NONE,0,0,0,False,-1
7109,NONE,0,0,0,False,-1
7110,NONE,0,0,0,False,-1
7111,SINGLE,0,0,1,False,-1
7112,SINGLE,1,0,0,False,-1
7113,SINGLE,1,0,0,False,-1
7114,NONE,0,0,0,False,-1
7115,NONE,0,0,0,False,-1
7116,NONE,0,0,0,False,-1
7117,SINGLE,0,1,0,False,-1
7118,SINGLE,0,0,1,False,-1
7119,NONE,0,0,0,False,-1
7120,NONE,0,0,0,False,-1
7121,NONE,0,0,0,False,-1
7122,NONE,0,0,0,False,-1
7123,SINGLE,0,0,1,False,-1
7124,NONE,0,0,0,False,-1
7125,NONE,0,0,0,False,-1
7126,DOUBLE,1,1,0,False,-1
7127,NONE,0,0,0,False,-1
7128,DOUBLE,1,1,0,False,-1
7129,NONE,0,0,0,False,-1
7130,NONE,0,0,0,False,-1
7131,NONE,0,0,0,False,-1
7132,NONE,0,0,0,False,-1
7133,DOUBLE,1,1,0,False,-1
7134,NONE,0,0,0,False,-1
7135,NONE,0,0,0,False,-1
7136,NONE,0,0,0,False,-1
7137,DOUBLE,1,1,0,False,-1
7138,NONE,0,0,0,False,-1
7139,NONE,0,0,0,False,-1
7140,NONE,0,0,0,False,-1
7141,SINGLE,0,1,0,False,-1
7142,DOUBLE,1,1,0,False,-1
7143,NONE,0,0,0,False,-1
7144,DOUBLE,1,1,0,False,-1
7145,SINGLE,0,1,0,False,-1
7146,NONE,0,0,0,False,-1
7147,NONE,0,0,0,False,-1
7148,NONE,0,0,0,False,-1
7149,NONE,0,0,0,False,-1
7150,NONE,0,0,0,False,-1
7151,NONE,0,0,0,False,-1
7152,NONE,0,0,0,False,-1
7153,NONE,0,0,0,False,-1
7154,SINGLE,0,0,1,False,-1
7155,DOUBLE,1,1,0,False,-1
7156,NONE,0,0,0,False,-1
7157,NONE,0,0,0,False,-1
7158,DOUBLE,1,1,0,False,-1
7159,NONE,0,0,0,False,-1
7160,DOUBLE,1,1,0,False,-1
7161,DOUBLE,1,1,0,False,-1
7162,NONE,0,0,0,False,-1
7163,NONE,0,0,0,False,-1
7164,NONE,0,0,0,False,-1
7165,DOUBLE,1,1,0,False,-1
7166,NONE,0,0,0,False,-1
7167,SINGLE,0,0,1,False,-1
7168,SINGLE,0,0,1,False,-1
7169,SINGLE,1,0,0,False,-1
7170,NONE,0,0,0,False,-1
7171,NONE,0,0,0,False,-1
7172,NONE,0,0,0,False,-1
7173,NONE,0,0,0,False,-1
7174,NONE,0,0,0,False,-1
7175,SINGLE,1,0,0,False,-1
7176,DOUBLE,1,1,0,False,-1
7177,NONE,0,0,0,False,-1
7178,DOUBLE,1,1,0,False,-1
7179,SINGLE,0,1,0,False,-1
7180,SINGLE,0,0,1,False,-1
7181,SINGLE,0,0,1,False,-1
7182,SINGLE,0,1,0,False,-1
7183,SINGLE,0,1,0,False,-1
7184,NONE,0,0,0,False,-1
7185,NONE,0,0,0,False,-1
7186,NONE,0,0,0,False,-1
7187,SINGLE,0,0,1,False,-1
7188,NONE,0,0,0,False,-1
7189,DOUBLE,1,1,0,False,-1
7190,NONE,0,0,0,False,-1
7191,NONE,0,0,0,False,-1
7192,NONE,0,0,0,False,-1
7193,NONE,0,0,0,False,-1
7194,NONE,0,0,0,False,-1
7195,DOUBLE,1,1,0,False,-1
7196,NONE,0,0,0,False,-1
7197,NONE,0,0,0,False,-1
7198,NONE,0,0,0,False,-1
7199,NONE,0,0,0,False,-1
7200,NONE,0,0,0,False,-1
7201,NONE,0,0,0,False,-1
7202,NONE,0,0,0,False,-1
7203,NONE,0,0,0,False,-1
7204,DOUBLE,1,1,0,False,-1
7205,SINGLE,0,0,1,False,-1
7206,SINGLE,0,0,1,False,-1
7207,NONE,0,0,0,False,-1
7208,DOUBLE,1,1,0,False,-1
7209,DOUBLE,1,1,0,False,-1
7210,DOUBLE,1,1,0,False,-1
7211,NONE,0,0,0,False,-1
7212,NONE,0,0,0,False,-1
7213,NONE,0,0,0,False,-1
7214,NONE,0,0,0,False,-1
7215,NONE,0,0,0,False,-1
7216,NONE,0,0,0,False,-1
7217,DOUBLE,1,1,0,False,-1
7218,NONE,0,0,0,False,-1
7219,NONE,0,0,0,False,-1
7220,NONE,0,0,0,False,-1
7221,NONE,0,0,0,False,-1
7222,NONE,0,0,0,False,-1
7223,DOUBLE,1,1,0,False,-1
7224,NONE,0,0,0,False,-1
7225,DOUBLE,1,1,0,False,-1
7226,NONE,0,0,0,False,-1
7227,DOUBLE,1,1,0,False,-1
7228,NONE,0,0,0,False,-1
7229,NONE,0,0,0,False,-1
7230,SINGLE,1,0,0,False,-1
7231,SINGLE,0,0,1,False,-1
7232,SINGLE,0,1,0,False,-1
7233,NONE,0,0,0,False,-1
7234,SINGLE,0,1,0,False,-1
7235,SINGLE,0,1,0,False,-1
7236,NONE,0,0,0,False,-1
7237,SINGLE,1,0,0,False,-1
7238,NONE,0,0,0,False,-1
7239,NONE,0,0,0,False,-1
7240,DOUBLE,1,1,0,False,-1
7241,SINGLE,0,0,1,False,-1
7242,NONE,0,0,0,False,-1
7243,DOUBLE,1,1,0,False,-1
7244,SINGLE,1,0,0,False,-1
7245,NONE,0,0,0,False,-1
7246,NONE,0,0,0,False,-1
7247,SINGLE,0,1,0,False,-1
7248,SINGLE,0,1,0,False,-1
7249,NONE,0,0,0,False,-1
7250,NONE,0,0,0,False,-1
7251,NONE,0,0,0,False,-1
7252,NONE,0,0,0,False,-1
7253,NONE,0,0,0,False,-1
7254,NONE,0,0,0,False,-1
7255,NONE,0,0,0,False,-1
7256,NONE,0,0,0,False,-1
7257,NONE,0,0,0,False,-1
7258,NONE,0,0,0,False,-1
7259,NONE,0,0,0,False,-1
7260,SINGLE,0,1,0,False,-1
7261,NONE,0,0,0,False,-1
7262,DOUBLE,1,1,0,False,-1
7263,SINGLE,0,0,1,False,-1
7264,NONE,0,0,0,False,-1
7265,NONE,0,0,0,False,-1
7266,NONE,0,0,0,False,-1
7267,DOUBLE,1,1,0,False,-1
7268,NONE,0,0,0,False,-1
7269,NONE,0,0,0,False,-1
7270,NONE,0,0,0,False,-1
7271,NONE,0,0,0,False,-1
7272,NONE,0,0,0,False,-1
7273,DOUBLE,1,1,0,False,-1
7274,NONE,0,0,0,False,-1
7275,NONE,0,0,0,False,-1
7276,NONE,0,0,0,False,-1
7277,DOUBLE,1,1,0,False,-1
7278,NONE,0,0,0,False,-1
7279,SINGLE,0,1,0,False,-1
7280,NONE,0,0,0,False,-1
7281,DOUBLE,1,1,0,False,-1
7282,NONE,0,0,0,False,-1
7283,DOUBLE,1,1,0,False,-1
7284,DOUBLE,1,1,0,False,-1
7285,NONE,0,0,0,False,-1
7286,NONE,0,0,0,False,-1
7287,SINGLE,0,0,1,False,-1
7288,NONE,0,0,0,False,-1
7289,NONE,0,0,0,False,-1
7290,NONE,0,0,0,False,-1
7291,NONE,0,0,0,False,-1
7292,DOUBLE,1,1,0,False,-1
7293,NONE,0,0,0,False,-1
7294,NONE,0,0,0,False,-1
7295,NONE,0,0,0,False,-1
7296,DOUBLE,1,1,0,False,-1
7297,NONE,0,0,0,False,-1
7298,NONE,0,0,0,False,-1
7299,DOUBLE,1,1,0,False,-1
7300,SINGLE,0,0,1,False,-1
7301,DOUBLE,1,1,0,False,-1
7302,TRIPLE,1,1,1,False,-1
7303,DOUBLE,1,1,0,False,-1
7304,NONE,0,0,0,False,-1
7305,NONE,0,0,0,False,-1
7306,SINGLE,1,0,0,False,-1
7307,DOUBLE,1,1,0,False,-1
7308,SINGLE,1,0,0,False,-1
7309,NONE,0,0,0,False,-1
7310,DOUBLE,1,1,0,False,-1
7311,NONE,0,0,0,False,-1
7312,NONE,0,0,0,False,-1
7313,NONE,0,0,0,False,-1
7314,DOUBLE,1,1,0,False,-1
7315,NONE,0,0,0,False,-1
7316,DOUBLE,1,1,0,False,-1
7317,NONE,0,0,0,False,-1
7318,DOUBLE,1,1,0,False,-1
7319,NONE,0,0,0,False,-1
7320,DOUBLE,1,1,0,False,-1
7321,SINGLE,0,0,1,False,-1
7322,NONE,0,0,0,False,-1
7323,NONE,0,0,0,False,-1
7324,DOUBLE,1,1,0,False,-1
7325,NONE,0,0,0,False,-1
7326,SINGLE,0,1,0,False,-1
7327,NONE,0,0,0,False,-1
7328,SINGLE,0,1,0,False,-1
7329,NONE,0,0,0,False,-1
7330,NONE,0,0,0,False,-1
7331,SINGLE,0,0,1,False,-1
7332,NONE,0,0,0,False,-1
7333,NONE,0,0,0,False,-1
7334,NONE,0,0,0,False,-1
7335,SINGLE,0,0,1,False,-1
7336,DOUBLE,1,1,0,False,-1
7337,NONE,0,0,0,False,-1
7338,NONE,0,0,0,False,-1
7339,NONE,0,0,0,False,-1
7340,NONE,0,0,0,False,-1
7341,NONE,0,0,0,False,-1
7342,NONE,0,0,0,False,-1
7343,NONE,0,0,0,False,-1
7344,SINGLE,1,0,0,False,-1
7345,SINGLE,0,0,1,False,-1
7346,DOUBLE,1,1,0,False,-1
7347,NONE,0,0,0,False,-1
7348,DOUBLE,1,1,0,False,-1
7349,NONE,0,0,0,False,-1
7350,NONE,0,0,0,False,-1
7351,DOUBLE,1,1,0,False,-1
7352,DOUBLE,1,1,0,False,-1
7353,DOUBLE,1,1,0,False,-1
7354,DOUBLE,1,1,0,False,-1
7355,SINGLE,1,0,0,False,-1
7356,SINGLE,0,0,1,False,-1
7357,NONE,0,0,0,False,-1
7358,NONE,0,0,0,False,-1
7359,SINGLE,0,0,1,False,-1
7360,NONE,0,0,0,False,-1
7361,NONE,0,0,0,False,-1
7362,NONE,0,0,0,False,-1
7363,DOUBLE,1,1,0,False,-1
7364,NONE,0,0,0,False,-1
7365,NONE,0,0,0,False,-1
7366,NONE,0,0,0,False,-1
7367,NONE,0,0,0,False,-1
7368,NONE,0,0,0,False,-1
7369,NONE,0,0,0,False,-1
7370,NONE,0,0,0,False,-1
7371,DOUBLE,1,1,0,False,-1
7372,DOUBLE,1,1,0,False,-1
7373,NONE,0,0,0,False,-1
7374,NONE,0,0,0,False,-1
7375,DOUBLE,1,1,0,False,-1
7376,NONE,0,0,0,False,-1
7377,NONE,0,0,0,False,-1
7378,NONE,0,0,0,False,-1
7379,NONE,0,0,0,False,-1
7380,NONE,0,0,0,False,-1
7381,NONE,0,0,0,False,-1
7382,SINGLE,0,0,1,False,-1
7383,NONE,0,0,0,False,-1
7384,NONE,0,0,0,False,-1
7385,NONE,0,0,0,False,-1
7386,SINGLE,0,0,1,False,-1
7387,NONE,0,0,0,False,-1
7388,SINGLE,0,1,0,False,-1
7389,DOUBLE,1,1,0,False,-1
7390,NONE,0,0,0,False,-1
7391,NONE,0,0,0,False,-1
7392,NONE,0,0,0,False,-1
7393,TRIPLE,1,1,1,False,-1
7394,NONE,0,0,0,False,-1
7395,NONE,0,0,0,False,-1
7396,DOUBLE,1,1,0,False,-1
7397,NONE,0,0,0,False,-1
7398,NONE,0,0,0,False,-1
7399,NONE,0,0,0,False,-1
7400,NONE,0,0,0,False,-1
7401,DOUBLE,1,1,0,False,-1
7402,NONE,0,0,0,False,-1
7403,NONE,0,0,0,False,-1
7404,NONE,0,0,0,False,-1
7405,NONE,0,0,0,False,-1
7406,NONE,0,0,0,False,-1
7407,NONE,0,0,0,False,-1
7408,NONE,0,0,0,False,-1
7409,NONE,0,0,0,False,-1
7410,DOUBLE,1,1,0,False,-1
7411,NONE,0,0,0,False,-1
7412,NONE,0,0,0,False,-1
7413,NONE,0,0,0,False,-1
7414,NONE,0,0,0,False,-1
7415,NONE,0,0,0,False,-1
7416,DOUBLE,1,1,0,False,-1
7417,NONE,0,0,0,False,-1
7418,NONE,0,0,0,False,-1
7419,NONE,0,0,0,False,-1
7420,DOUBLE,1,1,0,False,-1
7421,DOUBLE,1,1,0,False,-1
7422,SINGLE,0,0,1,False,-1
7423,NONE,0,0,0,False,-1
7424,NONE,0,0,0,False,-1
7425,SINGLE,0,0,1,False,-1
7426,DOUBLE,1,1,0,False,-1
7427,SINGLE,1,0,0,False,-1
7428,NONE,0,0,0,False,-1
7429,NONE,0,0,0,False,-1
7430,DOUBLE,1,1,0,False,-1
7431,NONE,0,0,0,False,-1
7432,DOUBLE,1,1,0,False,-1
7433,NONE,0,0,0,False,-1
7434,NONE,0,0,0,False,-1
7435,NONE,0,0,0,False,-1
7436,NONE,0,0,0,False,-1
7437,NONE,0,0,0,False,-1
7438,SINGLE,0,0,1,False,-1
7439,DOUBLE,1,1,0,False,-1
7440,SINGLE,1,0,0,False,-1
7441,NONE,0,0,0,False,-1
7442,DOUBLE,1,1,0,False,-1
7443,NONE,0,0,0,False,-1
7444,SINGLE,0,0,1,False,-1
7445,SINGLE,0,1,0,False,-1
7446,SINGLE,0,1,0,False,-1
7447,NONE,0,0,0,False,-1
7448,NONE,0,0,0,False,-1
7449,DOUBLE,1,1,0,False,-1
7450,NONE,0,0,0,False,-1
7451,NONE,0,0,0,False,-1
7452,SINGLE,0,0,1,False,-1
7453,NONE,0,0,0,False,-1
7454,NONE,0,0,0,False,-1
7455,DOUBLE,1,1,0,False,-1
7456,SINGLE,0,1,0,False,-1
7457,TRIPLE,1,1,1,False,-1
7458,NONE,0,0,0,False,-1
7459,DOUBLE,1,1,0,False,-1
7460,NONE,0,0,0,False,-1
7461,DOUBLE,1,1,0,False,-1
7462,NONE,0,0,0,False,-1
7463,DOUBLE,1,1,0,False,-1
7464,DOUBLE,1,1,0,False,-1
7465,NONE,0,0,0,False,-1
7466,NONE,0,0,0,False,-1
7467,NONE,0,0,0,False,-1
7468,NONE,0,0,0,False,-1
7469,NONE,0,0,0,False,-1
7470,SINGLE,1,0,0,False,-1
7471,NONE,0,0,0,False,-1
7472,SINGLE,0,0,1,False,-1
7473,NONE,0,0,0,False,-1
7474,DOUBLE,1,1,0,False,-1
7475,NONE,0,0,0,False,-1
7476,DOUBLE,1,1,0,False,-1
7477,SINGLE,0,0,1,False,-1
7478,NONE,0,0,0,False,-1
7479,NONE,0,0,0,False,-1
7480,DOUBLE,1,1,0,False,-1
7481,NONE,0,0,0,False,-1
7482,NONE,0,0,0,False,-1
7483,NONE,0,0,0,False,-1
7484,NONE,0,0,0,False,-1
7485,NONE,0,0,0,False,-1
7486,DOUBLE,1,1,0,False,-1
7487,NONE,0,0,0,False,-1
7488,DOUBLE,1,1,0,False,-1
7489,NONE,0,0,0,False,-1
7490,NONE,0,0,0,False,-1
7491,NONE,0,0,0,False,-1
7492,NONE,0,0,0,False,-1
7493,NONE,0,0,0,False,-1
7494,NONE,0,0,0,False,-1
7495,NONE,0,0,0,False,-1
7496,DOUBLE,1,1,0,False,-1
7497,NONE,0,0,0,False,-1
7498,NONE,0,0,0,False,-1
7499,NONE,0,0,0,False,-1
7500,DOUBLE,1,1,0,False,-1
7501,DOUBLE,1,1,0,False,-1
7502,NONE,0,0,0,False,-1
7503,NONE,0,0,0,False,-1
7504,NONE,0,0,0,False,-1
7505,NONE,0,0,0,False,-1
7506,DOUBLE,1,1,0,False,-1
7507,NONE,0,0,0,False,-1
7508,NONE,0,0,0,False,-1
7509,NONE,0,0,0,False,-1
7510,NONE,0,0,0,False,-1
7511,DOUBLE,1,1,0,False,-1
7512,NONE,0,0,0,False,-1
7513,NONE,0,0,0,False,-1
7514,NONE,0,0,0,False,-1
7515,NONE,0,0,0,False,-1
7516,NONE,0,0,0,False,-1
7517,NONE,0,0,0,False,-1
7518,NONE,0,0,0,False,-1
7519,DOUBLE,1,1,0,False,-1
7520,DOUBLE,1,1,0,False,-1
7521,NONE,0,0,0,False,-1
7522,DOUBLE,1,1,0,False,-1
7523,NONE,0,0,0,False,-1
7524,SINGLE,0,1,0,False,-1
7525,NONE,0,0,0,False,-1
7526,DOUBLE,1,1,0,False,-1
7527,NONE,0,0,0,False,-1
7528,NONE,0,0,0,False,-1
7529,NONE,0,0,0,False,-1
7530,NONE,0,0,0,False,-1
7531,SINGLE,0,0,1,False,-1
7532,DOUBLE,1,1,0,False,-1
7533,SINGLE,0,1,0,False,-1
7534,NONE,0,0,0,False,-1
7535,DOUBLE,1,1,0,False,-1
7536,NONE,0,0,0,False,-1
7537,NONE,0,0,0,False,-1
7538,SINGLE,1,0,0,False,-1
7539,NONE,0,0,0,False,-1
7540,NONE,0,0,0,False,-1
7541,SINGLE,0,0,1,False,-1
7542,DOUBLE,1,1,0,False,-1
7543,NONE,0,0,0,False,-1
7544,NONE,0,0,0,False,-1
7545,DOUBLE,1,1,0,False,-1
7546,DOUBLE,1,1,0,False,-1
7547,DOUBLE,1,1,0,False,-1
7548,NONE,0,0,0,False,-1
7549,DOUBLE,1,1,0,False,-1
7550,SINGLE,1,0,0,False,-1
7551,NONE,0,0,0,False,-1
7552,NONE,0,0,0,False,-1
7553,SINGLE,0,1,0,False,-1
7554,NONE,0,0,0,False,-1
7555,DOUBLE,1,1,0,False,-1
7556,DOUBLE,1,1,0,False,-1
7557,DOUBLE,1,1,0,False,-1
7558,SINGLE,0,0,1,False,-1
7559,NONE,0,0,0,False,-1
7560,NONE,0,0,0,False,-1
7561,NONE,0,0,0,False,-1
7562,NONE,0,0,0,False,-1
7563,DOUBLE,1,1,0,False,-1
7564,NONE,0,0,0,False,-1
7565,NONE,0,0,0,False,-1
7566,NONE,0,0,0,False,-1
7567,SINGLE,0,0,1,False,-1
7568,DOUBLE,1,1,0,False,-1
7569,NONE,0,0,0,False,-1
7570,NONE,0,0,0,False,-1
7571,NONE,0,0,0,False,-1
7572,NONE,0,0,0,False,-1
7573,DOUBLE,1,1,0,False,-1
7574,NONE,0,0,0,False,-1
7575,NONE,0,0,0,False,-1
7576,DOUBLE,1,1,0,False,-1
7577,NONE,0,0,0,False,-1
7578,NONE,0,0,0,False,-1
7579,SINGLE,0,0,1,False,-1
7580,DOUBLE,1,1,0,False,-1
7581,NONE,0,0,0,False,-1
7582,SINGLE,0,1,0,False,-1
7583,NONE,0,0,0,False,-1
7584,DOUBLE,1,1,0,False,-1
7585,NONE,0,0,0,False,-1
7586,NONE,0,0,0,False,-1
7587,SINGLE,0,1,0,False,-1
7588,NONE,0,0,0,False,-1
7589,NONE,0,0,0,False,-1
7590,NONE,0,0,0,False,-1
7591,SINGLE,0,0,1,False,-1
7592,NONE,0,0,0,False,-1
7593,NONE,0,0,0,False,-1
7594,NONE,0,0,0,False,-1
7595,DOUBLE,1,1,0,False,-1
7596,NONE,0,0,0,False,-1
7597,DOUBLE,1,1,0,False,-1
7598,NONE,0,0,0,False,-1
7599,NONE,0,0,0,False,-1
7600,NONE,0,0,0,False,-1
7601,DOUBLE,1,1,0,False,-1
7602,NONE,0,0,0,False,-1
7603,NONE,0,0,0,False,-1
7604,NONE,0,0,0,False,-1
7605,NONE,0,0,0,False,-1
7606,NONE,0,0,0,False,-1
7607,NONE,0,0,0,False,-1
7608,NONE,0,0,0,False,-1
7609,NONE,0,0,0,False,-1
7610,DOUBLE,1,1,0,False,-1
7611,DOUBLE,1,1,0,False,-1
7612,NONE,0,0,0,False,-1
7613,NONE,0,0,0,False,-1
7614,NONE,0,0,0,False,-1
7615,NONE,0,0,0,False,-1
7616,NONE,0,0,0,False,-1
7617,NONE,0,0,0,False,-1
7618,NONE,0,0,0,False,-1
7619,NONE,0,0,0,False,-1
7620,NONE,0,0,0,False,-1
7621,NONE,0,0,0,False,-1
7622,NONE,0,0,0,False,-1
7623,NONE,0,0,0,False,-1
7624,SINGLE,0,0,1,False,-1
7625,NONE,0,0,0,False,-1
7626,NONE,0,0,0,False,-1
7627,NONE,0,0,0,False,-1
7628,NONE,0,0,0,False,-1
7629,SINGLE,1,0,0,False,-1
7630,DOUBLE,1,1,0,False,-1
7631,NONE,0,0,0,False,-1
7632,DOUBLE,1,1,0,False,-1
7633,NONE,0,0,0,False,-1
7634,NONE,0,0,0,False,-1
7635,NONE,0,0,0,False,-1
7636,NONE,0,0,0,False,-1
7637,NONE,0,0,0,False,-1
7638,NONE,0,0,0,False,-1
7639,SINGLE,0,1,0,False,-1
7640,NONE,0,0,0,False,-1
7641,DOUBLE,1,1,0,False,-1
7642,NONE,0,0,0,False,-1
7643,NONE,0,0,0,False,-1
7644,NONE,0,0,0,False,-1
7645,SINGLE,0,0,1,False,-1
7646,NONE,0,0,0,False,-1
7647,SINGLE,1,0,0,False,-1
7648,NONE,0,0,0,False,-1
7649,NONE,0,0,0,False,-1
7650,DOUBLE,1,1,0,False,-1
7651,NONE,0,0,0,False,-1
7652,DOUBLE,1,1,0,False,-1
7653,NONE,0,0,0,False,-1
7654,NONE,0,0,0,False,-1
7655,DOUBLE,1,1,0,False,-1
7656,DOUBLE,1,1,0,False,-1
7657,NONE,0,0,0,False,-1
7658,NONE,0,0,0,False,-1
7659,NONE,0,0,0,False,-1
7660,DOUBLE,1,1,0,False,-1
7661,NONE,0,0,0,False,-1
7662,NONE,0,0,0,False,-1
7663,NONE,0,0,0,False,-1
7664,NONE,0,0,0,False,-1
7665,NONE,0,0,0,False,-1
7666,NONE,0,0,0,False,-1
7667,NONE,0,0,0,False,-1
7668,DOUBLE,1,1,0,False,-1
7669,DOUBLE,1,1,0,False,-1
7670,DOUBLE,1,1,0,False,-1
7671,NONE,0,0,0,False,-1
7672,NONE,0,0,0,False,-1
7673,NONE,0,0,0,False,-1
7674,NONE,0,0,0,False,-1
7675,DOUBLE,1,1,0,False,-1
7676,NONE,0,0,0,False,-1
7677,NONE,0,0,0,False,-1
7678,DOUBLE,1,1,0,False,-1
7679,NONE,0,0,0,False,-1
7680,DOUBLE,1,1,0,False,-1
7681,DOUBLE,1,1,0,False,-1
7682,NONE,0,0,0,False,-1
7683,NONE,0,0,0,False,-1
7684,NONE,0,0,0,False,-1
7685,NONE,0,0,0,False,-1
7686,NONE,0,0,0,False,-1
7687,SINGLE,1,0,0,False,-1
7688,NONE,0,0,0,False,-1
7689,SINGLE,1,0,0,False,-1
7690,NONE,0,0,0,False,-1
7691,DOUBLE,1,1,0,False,-1
7692,SINGLE,0,0,1,False,-1
7693,NONE,0,0,0,False,-1
7694,NONE,0,0,0,False,-1
7695,NONE,0,0,0,False,-1
7696,DOUBLE,1,1,0,False,-1
7697,NONE,0,0,0,False,-1
7698,DOUBLE,1,1,0,False,-1
7699,NONE,0,0,0,False,-1
7700,NONE,0,0,0,False,-1
7701,NONE,0,0,0,False,-1
7702,NONE,0,0,0,False,-1
7703,NONE,0,0,0,False,-1
7704,NONE,0,0,0,False,-1
7705,DOUBLE,1,1,0,False,-1
7706,NONE,0,0,0,False,-1
7707,DOUBLE,1,1,0,False,-1
7708,SINGLE,1,0,0,False,-1
7709,NONE,0,0,0,False,-1
7710,DOUBLE,1,1,0,False,-1
7711,NONE,0,0,0,False,-1
7712,NONE,0,0,0,False,-1
7713,NONE,0,0,0,False,-1
7714,NONE,0,0,0,False,-1
7715,NONE,0,0,0,False,-1
7716,NONE,0,0,0,False,-1
7717,NONE,0,0,0,False,-1
7718,DOUBLE,1,1,0,False,-1
7719,SINGLE,1,0,0,False,-1
7720,SINGLE,0,0,1,False,-1
7721,NONE,0,0,0,False,-1
7722,NONE,0,0,0,False,-1
7723,SINGLE,1,0,0,False,-1
7724,NONE,0,0,0,False,-1
7725,NONE,0,0,0,False,-1
7726,NONE,0,0,0,False,-1
7727,NONE,0,0,0,False,-1
7728,NONE,0,0,0,False,-1
7729,NONE,0,0,0,False,-1
7730,SINGLE,0,1,0,True,309.365
7731,DOUBLE,1,1,0,False,-1
7732,NONE,0,0,0,False,-1
7733,NONE,0,0,0,False,-1
7734,NONE,0,0,0,False,-1
7735,NONE,0,0,0,False,-1
7736,DOUBLE,1,1,0,False,-1
7737,NONE,0,0,0,False,-1
7738,DOUBLE,1,1,0,False,-1
7739,NONE,0,0,0,False,-1
7740,NONE,0,0,0,False,-1
7741,DOUBLE,1,1,0,False,-1
7742,SINGLE,0,0,1,False,-1
7743,SINGLE,1,0,0,False,-1
7744,NONE,0,0,0,False,-1
7745,NONE,0,0,0,False,-1
7746,NONE,0,0,0,False,-1
7747,NONE,0,0,0,False,-1
7748,NONE,0,0,0,False,-1
7749,NONE,0,0,0,False,-1
7750,NONE,0,0,0,False,-1
7751,SINGLE,0,0,1,False,-1
7752,NONE,0,0,0,False,-1
7753,DOUBLE,1,1,0,False,-1
7754,NONE,0,0,0,False,-1
7755,NONE,0,0,0,False,-1
7756,NONE,0,0,0,False,-1
7757,NONE,0,0,0,False,-1
7758,DOUBLE,1,1,0,False,-1
7759,NONE,0,0,0,False,-1
7760,NONE,0,0,0,False,-1
7761,SINGLE,0,0,1,False,-1
7762,NONE,0,0,0,False,-1
7763,NONE,0,0,0,False,-1
7764,NONE,0,0,0,False,-1
7765,NONE,0,0,0,False,-1
7766,NONE,0,0,0,False,-1
7767,NONE,0,0,0,False,-1
7768,NONE,0,0,0,False,-1
7769,NONE,0,0,0,False,-1
7770,DOUBLE,1,1,0,False,-1
7771,DOUBLE,1,1,0,False,-1
7772,NONE,0,0,0,False,-1
7773,NONE,0,0,0,False,-1
7774,NONE,0,0,0,False,-1
7775,DOUBLE,1,1,0,False,-1
7776,DOUBLE,1,1,0,False,-1
7777,DOUBLE,1,1,0,False,-1
7778,SINGLE,1,0,0,False,-1
7779,DOUBLE,1,1,0,False,-1
7780,SINGLE,0,1,0,False,-1
7781,DOUBLE,1,1,0,False,-1
7782,NONE,0,0,0,False,-1
7783,DOUBLE,1,1,0,False,-1
7784,NONE,0,0,0,False,-1
7785,NONE,0,0,0,False,-1
7786,NONE,0,0,0,False,-1
7787,NONE,0,0,0,False,-1
7788,NONE,0,0,0,False,-1
7789,NONE,0,0,0,False,-1
7790,NONE,0,0,0,False,-1
7791,SINGLE,0,0,1,False,-1
7792,NONE,0,0,0,False,-1
7793,DOUBLE,1,1,0,True,5629.97
7794,DOUBLE,1,1,0,False,-1
7795,SINGLE,0,0,1,False,-1
7796,NONE,0,0,0,False,-1
7797,NONE,0,0,0,False,-1
7798,NONE,0,0,0,False,-1
7799,NONE,0,0,0,False,-1
7800,NONE,0,0,0,False,-1
7801,NONE,0,0,0,False,-1
7802,SINGLE,0,0,1,False,-1
7803,NONE,0,0,0,False,-1
7804,NONE,0,0,0,False,-1
7805,NONE,0,0,0,False,-1
7806,DOUBLE,1,1,0,False,-1
7807,DOUBLE,1,1,0,False,-1
7808,DOUBLE,1,1,0,False,-1
7809,NONE,0,0,0,False,-1
7810,NONE,0,0,0,False,-1
7811,NONE,0,0,0,False,-1
7812,NONE,0,0,0,False,-1
7813,NONE,0,0,0,False,-1
7814,DOUBLE,1,1,0,False,-1
7815,NONE,0,0,0,False,-1
7816,DOUBLE,1,1,0,False,-1
7817,NONE,0,0,0,False,-1
7818,DOUBLE,1,1,0,False,-1
7819,DOUBLE,1,1,0,False,-1
7820,NONE,0,0,0,False,-1
7821,NONE,0,0,0,False,-1
7822,NONE,0,0,0,False,-1
7823,DOUBLE,1,1,0,False,-1
7824,NONE,0,0,0,False,-1
7825,NONE,0,0,0,False,-1
7826,NONE,0,0,0,False,-1
7827,NONE,0,0,0,False,-1
7828,NONE,0,0,0,False,-1
7829,DOUBLE,1,1,0,False,-1
7830,NONE,0,0,0,False,-1
7831,NONE,0,0,0,False,-1
7832,NONE,0,0,0,False,-1
7833,NONE,0,0,0,False,-1
7834,NONE,0,0,0,False,-1
7835,NONE,0,0,0,False,-1
7836,NONE,0,0,0,False,-1
7837,NONE,0,0,0,False,-1
7838,NONE,0,0,0,False,-1
7839,DOUBLE,1,1,0,False,-1
7840,NONE,0,0,0,False,-1
7841,NONE,0,0,0,False,-1
7842,NONE,0,0,0,False,-1
7843,SINGLE,0,1,0,False,-1
7844,NONE,0,0,0,False,-1
7845,NONE,0,0,0,False,-1
7846,NONE,0,0,0,False,-1
7847,DOUBLE,1,1,0,False,-1
7848,NONE,0,0,0,False,-1
7849,NONE,0,0,0,False,-1
7850,NONE,0,0,0,False,-1
7851,DOUBLE,1,1,0,False,-1
7852,DOUBLE,1,1,0,False,-1
7853,NONE,0,0,0,False,-1
7854,NONE,0,0,0,False,-1
7855,DOUBLE,1,1,0,False,-1
7856,NONE,0,0,0,False,-1
7857,NONE,0,0,0,False,-1
7858,NONE,0,0,0,False,-1
7859,NONE,0,0,0,False,-1
7860,NONE,0,0,0,False,-1
7861,NONE,0,0,0,False,-1
7862,DOUBLE,1,1,0,False,-1
7863,SINGLE,0,0,1,False,-1
7864,DOUBLE,1,1,0,False,-1
7865,NONE,0,0,0,False,-1
7866,SINGLE,1,0,0,False,-1
7867,DOUBLE,1,1,0,False,-1
7868,NONE,0,0,0,False,-1
7869,SINGLE,1,0,0,False,-1
7870,NONE,0,0,0,False,-1
7871,DOUBLE,1,1,0,False,-1
7872,DOUBLE,1,1,0,False,-1
7873,NONE,0,0,0,False,-1
7874,NONE,0,0,0,False,-1
7875,NONE,0,0,0,False,-1
7876,NONE,0,0,0,False,-1
7877,NONE,0,0,0,False,-1
7878,DOUBLE,1,1,0,False,-1
7879,DOUBLE,1,1,0,False,-1
7880,SINGLE,1,0,0,False,-1
7881,NONE,0,0,0,False,-1
7882,NONE,0,0,0,False,-1
7883,NONE,0,0,0,False,-1
7884,NONE,0,0,0,False,-1
7885,NONE,0,0,0,False,-1
7886,DOUBLE,1,1,0,False,-1
7887,NONE,0,0,0,False,-1
7888,DOUBLE,1,1,0,False,-1
7889,DOUBLE,1,1,0,False,-1
7890,DOUBLE,1,1,0,False,-1
7891,DOUBLE,1,1,0,False,-1
7892,NONE,0,0,0,False,-1
7893,NONE,0,0,0,False,-1
7894,NONE,0,0,0,False,-1
7895,NONE,0,0,0,False,-1
7896,DOUBLE,1,1,0,False,-1
7897,NONE,0,0,0,False,-1
7898,SINGLE,0,0,1,False,-1
7899,NONE,0,0,0,False,-1
7900,NONE,0,0,0,False,-1
7901,SINGLE,0,1,0,False,-1
7902,DOUBLE,1,1,0,False,-1
7903,SINGLE,0,0,1,False,-1
7904,DOUBLE,1,1,0,False,-1
7905,NONE,0,0,0,False,-1
7906,NONE,0,0,0,False,-1
7907,NONE,0,0,0,False,-1
7908,NONE,0,0,0,False,-1
7909,NONE,0,0,0,False,-1
7910,DOUBLE,1,1,0,False,-1
7911,NONE,0,0,0,False,-1
7912,NONE,0,0,0,False,-1
7913,SINGLE,0,0,1,False,-1
7914,DOUBLE,1,1,0,False,-1
7915,NONE,0,0,0,False,-1
7916,SINGLE,0,1,0,False,-1
7917,NONE,0,0,0,False,-1
7918,NONE,0,0,0,False,-1
7919,NONE,0,0,0,False,-1
7920,NONE,0,0,0,False,-1
7921,NONE,0,0,0,False,-1
7922,NONE,0,0,0,False,-1
7923,NONE,0,0,0,False,-1
7924,SINGLE,0,0,1,False,-1
7925,SINGLE,0,0,1,False,-1
7926,NONE,0,0,0,False,-1
7927,NONE,0,0,0,False,-1
7928,NONE,0,0,0,False,-1
7929,DOUBLE,1,1,0,False,-1
7930,DOUBLE,1,1,0,False,-1
7931,NONE,0,0,0,False,-1
7932,NONE,0,0,0,False,-1
7933,DOUBLE,1,1,0,False,-1
7934,SINGLE,0,0,1,False,-1
7935,SINGLE,1,0,0,False,-1
7936,NONE,0,0,0,False,-1
7937,NONE,0,0,0,False,-1
7938,DOUBLE,1,1,0,False,-1
7939,NONE,0,0,0,False,-1
7940,SINGLE,0,0,1,False,-1
7941,DOUBLE,1,1,0,False,-1
7942,NONE,0,0,0,False,-1
7943,NONE,0,0,0,False,-1
7944,NONE,0,0,0,False,-1
7945,NONE,0,0,0,False,-1
7946,NONE,0,0,0,False,-1
7947,DOUBLE,1,1,0,False,-1
7948,NONE,0,0,0,False,-1
7949,SINGLE,0,0,1,False,-1
7950,NONE,0,0,0,False,-1
7951,SINGLE,1,0,0,False,-1
7952,NONE,0,0,0,False,-1
7953,NONE,0,0,0,False,-1
7954,DOUBLE,1,1,0,False,-1
7955,DOUBLE,1,1,0,False,-1
7956,NONE,0,0,0,False,-1
7957,SINGLE,0,0,1,False,-1
7958,NONE,0,0,0,False,-1
7959,NONE,0,0,0,False,-1
7960,DOUBLE,1,1,0,False,-1
7961,DOUBLE,1,1,0,False,-1
7962,NONE,0,0,0,False,-1
7963,SINGLE,1,0,0,False,-1
7964,SINGLE,0,1,0,False,-1
7965,NONE,0,0,0,False,-1
7966,DOUBLE,1,1,0,False,-1
7967,DOUBLE,1,1,0,False,-1
7968,NONE,0,0,0,False,-1
7969,SINGLE,0,0,1,False,-1
7970,NONE,0,0,0,False,-1
7971,DOUBLE,1,1,0,False,-1
7972,NONE,0,0,0,False,-1
7973,NONE,0,0,0,False,-1
7974,DOUBLE,1,1,0,False,-1
7975,NONE,0,0,0,False,-1
7976,NONE,0,0,0,False,-1
7977,NONE,0,0,0,False,-1
7978,NONE,0,0,0,False,-1
7979,NONE,0,0,0,False,-1
7980,NONE,0,0,0,False,-1
7981,DOUBLE,1,1,0,False,-1
7982,DOUBLE,1,1,0,False,-1
7983,SINGLE,0,1,0,False,-1
7984,NONE,0,0,0,False,-1
7985,NONE,0,0,0,False,-1
7986,NONE,0,0,0,False,-1
7987,NONE,0,0,0,False,-1
7988,NONE,0,0,0,False,-1
7989,SINGLE,0,0,1,False,-1
7990,NONE,0,0,0,False,-1
7991,NONE,0,0,0,False,-1
7992,NONE,0,0,0,False,-1
7993,NONE,0,0,0,False,-1
7994,NONE,0,0,0,False,-1
7995,NONE,0,0,0,False,-1
7996,NONE,0,0,0,False,-1
7997,NONE,0,0,0,False,-1
7998,DOUBLE,1,1,0,False,-1
7999,DOUBLE,1,1,0,False,-1
8000,NONE,0,0,0,False,-1
8001,NONE,0,0,0,False,-1
8002,DOUBLE,1,1,0,False,-1
8003,SINGLE,0,0,1,False,-1
8004,SINGLE,1,0,0,False,-1
8005,NONE,0,0,0,False,-1
8006,NONE,0,0,0,False,-1
8007,SINGLE,0,0,1,False,-1
8008,NONE,0,0,0,False,-1
8009,SINGLE,0,1,0,False,-1
8010,NONE,0,0,0,False,-1
8011,NONE,0,0,0,False,-1
8012,NONE,0,0,0,False,-1
8013,SINGLE,1,0,0,False,-1
8014,NONE,0,0,0,False,-1
8015,NONE,0,0,0,False,-1
8016,NONE,0,0,0,False,-1
8017,NONE,0,0,0,False,-1
8018,NONE,0,0,0,False,-1
8019,NONE,0,0,0,False,-1
8020,DOUBLE,1,1,0,False,-1
8021,DOUBLE,1,1,0,False,-1
8022,NONE,0,0,0,False,-1
8023,DOUBLE,1,1,0,False,-1
8024,SINGLE,0,1,0,False,-1
8025,NONE,0,0,0,False,-1
8026,DOUBLE,1,1,0,False,-1
8027,NONE,0,0,0,False,-1
8028,DOUBLE,1,1,0,False,-1
8029,NONE,0,0,0,False,-1
8030,NONE,0,0,0,False,-1
8031,NONE,0,0,0,False,-1
8032,SINGLE,0,0,1,False,-1
8033,NONE,0,0,0,False,-1
8034,DOUBLE,1,1,0,False,-1
8035,DOUBLE,1,1,0,False,-1
8036,NONE,0,0,0,False,-1
8037,NONE,0,0,0,False,-1
8038,DOUBLE,1,1,0,False,-1
8039,NONE,0,0,0,False,-1
8040,NONE,0,0,0,False,-1
8041,NONE,0,0,0,False,-1
8042,NONE,0,0,0,False,-1
8043,NONE,0,0,0,False,-1
8044,NONE,0,0,0,False,-1
8045,NONE,0,0,0,False,-1
8046,DOUBLE,1,1,0,False,-1
8047,NONE,0,0,0,False,-1
8048,DOUBLE,1,1,0,False,-1
8049,DOUBLE,1,1,0,False,-1
8050,DOUBLE,1,1,0,False,-1
8051,NONE,0,0,0,False,-1
8052,NONE,0,0,0,False,-1
8053,NONE,0,0,0,False,-1
8054,NONE,0,0,0,False,-1
8055,SINGLE,1,0,0,False,-1
8056,DOUBLE,1,1,0,False,-1
8057,NONE,0,0,0,False,-1
8058,DOUBLE,1,1,0,False,-1
8059,NONE,0,0,0,False,-1
8060,DOUBLE,1,1,0,False,-1
8061,NONE,0,0,0,False,-1
8062,SINGLE,0,0,1,False,-1
8063,DOUBLE,1,1,0,False,-1
8064,NONE,0,0,0,False,-1
8065,DOUBLE,1,1,0,False,-1
8066,NONE,0,0,0,False,-1
8067,NONE,0,0,0,False,-1
8068,NONE,0,0,0,False,-1
8069,NONE,0,0,0,False,-1
8070,NONE,0,0,0,False,-1
8071,NONE,0,0,0,False,-1
8072,NONE,0,0,0,False,-1
8073,NONE,0,0,0,False,-1
8074,DOUBLE,1,1,0,False,-1
8075,DOUBLE,1,1,0,False,-1
8076,SINGLE,0,0,1,False,-1
8077,SINGLE,1,0,0,False,-1
8078,NONE,0,0,0,False,-1
8079,NONE,0,0,0,False,-1
8080,DOUBLE,1,1,0,False,-1
8081,NONE,0,0,0,False,-1
8082,DOUBLE,1,1,0,False,-1
8083,DOUBLE,1,1,0,False,-1
8084,NONE,0,0,0,False,-1
8085,DOUBLE,1,1,0,False,-1
8086,DOUBLE,1,1,0,False,-1
8087,NONE,0,0,0,False,-1
8088,NONE,0,0,0,False,-1
8089,NONE,0,0,0,False,-1
8090,SINGLE,0,0,1,False,-1
8091,DOUBLE,1,1,0,False,-1
8092,DOUBLE,1,1,0,False,-1
8093,DOUBLE,1,1,0,False,-1
8094,SINGLE,0,1,0,False,-1
8095,DOUBLE,1,1,0,False,-1
8096,NONE,0,0,0,False,-1
8097,NONE,0,0,0,False,-1
8098,NONE,0,0,0,False,-1
8099,NONE,0,0,0,False,-1
8100,DOUBLE,1,1,0,False,-1
8101,NONE,0,0,0,False,-1
8102,DOUBLE,1,1,0,False,-1
8103,DOUBLE,1,1,0,False,-1
8104,SINGLE,0,1,0,False,-1
8105,NONE,0,0,0,False,-1
8106,NONE,0,0,0,False,-1
8107,DOUBLE,1,1,0,False,-1
8108,NONE,0,0,0,False,-1
8109,DOUBLE,1,1,0,False,-1
8110,NONE,0,0,0,False,-1
8111,SINGLE,0,1,0,False,-1
8112,NONE,0,0,0,False,-1
8113,NONE,0,0,0,False,-1
8114,NONE,0,0,0,False,-1
8115,DOUBLE,1,1,0,False,-1
8116,NONE,0,0,0,False,-1
8117,NONE,0,0,0,False,-1
8118,DOUBLE,1,1,0,False,-1
8119,DOUBLE,1,1,0,False,-1
8120,SINGLE,1,0,0,False,-1
8121,DOUBLE,1,1,0,False,-1
8122,NONE,0,0,0,False,-1
8123,NONE,0,0,0,False,-1
8124,SINGLE,0,0,1,False,-1
8125,NONE,0,0,0,False,-1
8126,NONE,0,0,0,False,-1
8127,DOUBLE,1,1,0,False,-1
8128,DOUBLE,1,1,0,False,-1
8129,NONE,0,0,0,False,-1
8130,NONE,0,0,0,False,-1
8131,NONE,0,0,0,False,-1
8132,DOUBLE,1,1,0,False,-1
8133,NONE,0,0,0,False,-1
8134,SINGLE,0,0,1,False,-1
8135,DOUBLE,1,1,0,False,-1
8136,NONE,0,0,0,False,-1
8137,NONE,0,0,0,False,-1
8138,DOUBLE,1,0,1,False,-1
8139,NONE,0,0,0,False,-1
8140,NONE,0,0,0,False,-1
8141,NONE,0,0,0,False,-1
8142,NONE,0,0,0,False,-1
8143,SINGLE,1,0,0,False,-1
8144,NONE,0,0,0,False,-1
8145,DOUBLE,1,1,0,False,-1
8146,NONE,0,0,0,False,-1
8147,NONE,0,0,0,False,-1
8148,NONE,0,0,0,False,-1
8149,DOUBLE,1,1,0,False,-1
8150,NONE,0,0,0,False,-1
8151,NONE,0,0,0,False,-1
8152,NONE,0,0,0,False,-1
8153,NONE,0,0,0,False,-1
8154,NONE,0,0,0,False,-1
8155,NONE,0,0,0,False,-1
8156,DOUBLE,1,1,0,False,-1
8157,NONE,0,0,0,False,-1
8158,DOUBLE,1,1,0,False,-1
8159,DOUBLE,1,1,0,False,-1
8160,DOUBLE,1,1,0,False,-1
8161,NONE,0,0,0,False,-1
8162,DOUBLE,1,1,0,False,-1
8163,NONE,0,0,0,False,-1
8164,DOUBLE,1,1,0,False,-1
8165,NONE,0,0,0,False,-1
8166,NONE,0,0,0,False,-1
8167,NONE,0,0,0,False,-1
8168,NONE,0,0,0,False,-1
8169,DOUBLE,1,1,0,False,-1
8170,DOUBLE,1,1,0,False,-1
8171,SINGLE,0,1,0,False,-1
8172,NONE,0,0,0,False,-1
8173,NONE,0,0,0,False,-1
8174,SINGLE,0,1,0,False,-1
8175,SINGLE,0,0,1,False,-1
8176,DOUBLE,1,1,0,False,-1
8177,DOUBLE,1,1,0,False,-1
8178,SINGLE,0,0,1,False,-1
8179,DOUBLE,1,1,0,False,-1
8180,DOUBLE,1,1,0,False,-1
8181,NONE,0,0,0,False,-1
8182,NONE,0,0,0,False,-1
8183,NONE,0,0,0,False,-1
8184,NONE,0,0,0,False,-1
8185,SINGLE,0,0,1,False,-1
8186,NONE,0,0,0,False,-1
8187,DOUBLE,1,1,0,False,-1
8188,NONE,0,0,0,False,-1
8189,NONE,0,0,0,False,-1
8190,NONE,0,0,0,False,-1
8191,NONE,0,0,0,False,-1
8192,NONE,0,0,0,False,-1
8193,DOUBLE,1,1,0,False,-1
8194,NONE,0,0,0,False,-1
8195,SINGLE,1,0,0,False,-1
8196,NONE,0,0,0,False,-1
8197,DOUBLE,1,1,0,False,-1
8198,NONE,0,0,0,False,-1
8199,SINGLE,1,0,0,False,-1
8200,NONE,0,0,0,False,-1
8201,NONE,0,0,0,False,-1
8202,NONE,0,0,0,False,-1
8203,NONE,0,0,0,False,-1
8204,DOUBLE,1,1,0,False,-1
8205,NONE,0,0,0,False,-1
8206,NONE,0,0,0,False,-1
8207,NONE,0,0,0,False,-1
8208,DOUBLE,1,1,0,False,-1
8209,NONE,0,0,0,False,-1
8210,NONE,0,0,0,False,-1
8211,NONE,0,0,0,False,-1
8212,NONE,0,0,0,False,-1
8213,NONE,0,0,0,False,-1
8214,NONE,0,0,0,False,-1
8215,NONE,0,0,0,False,-1
8216,DOUBLE,1,1,0,False,-1
8217,DOUBLE,1,1,0,False,-1
8218,NONE,0,0,0,False,-1
8219,NONE,0,0,0,False,-1
8220,NONE,0,0,0,False,-1
8221,NONE,0,0,0,False,-1
8222,NONE,0,0,0,False,-1
8223,NONE,0,0,0,False,-1
8224,NONE,0,0,0,False,-1
8225,NONE,0,0,0,False,-1
8226,NONE,0,0,0,False,-1
8227,SINGLE,1,0,0,False,-1
8228,DOUBLE,1,1,0,False,-1
8229,NONE,0,0,0,False,-1
8230,NONE,0,0,0,False,-1
8231,DOUBLE,1,1,0,False,-1
8232,NONE,0,0,0,False,-1
8233,NONE,0,0,0,False,-1
8234,NONE,0,0,0,False,-1
8235,NONE,0,0,0,False,-1
8236,NONE,0,0,0,False,-1
8237,NONE,0,0,0,False,-1
8238,NONE,0,0,0,False,-1
8239,NONE,0,0,0,False,-1
8240,NONE,0,0,0,False,-1
8241,DOUBLE,1,1,0,False,-1
8242,NONE,0,0,0,False,-1
8243,NONE,0,0,0,False,-1
8244,DOUBLE,1,1,0,False,-1
8245,SINGLE,0,1,0,False,-1
8246,NONE,0,0,0,False,-1
8247,NONE,0,0,0,False,-1
8248,NONE,0,0,0,False,-1
8249,DOUBLE,1,1,0,False,-1
8250,NONE,0,0,0,False,-1
8251,NONE,0,0,0,False,-1
8252,NONE,0,0,0,False,-1
8253,DOUBLE,1,1,0,False,-1
8254,NONE,0,0,0,False,-1
8255,NONE,0,0,0,False,-1
8256,NONE,0,0,0,False,-1
8257,DOUBLE,1,1,0,False,-1
8258,NONE,0,0,0,False,-1
8259,NONE,0,0,0,False,-1
8260,DOUBLE,1,1,0,False,-1
8261,NONE,0,0,0,False,-1
8262,NONE,0,0,0,False,-1
8263,NONE,0,0,0,False,-1
8264,SINGLE,0,0,1,False,-1
8265,SINGLE,0,0,1,False,-1
8266,DOUBLE,1,1,0,False,-1
8267,NONE,0,0,0,False,-1
8268,NONE,0,0,0,False,-1
8269,NONE,0,0,0,False,-1
8270,NONE,0,0,0,False,-1
8271,NONE,0,0,0,False,-1
8272,NONE,0,0,0,False,-1
8273,NONE,0,0,0,False,-1
8274,NONE,0,0,0,False,-1
8275,DOUBLE,1,1,0,False,-1
8276,NONE,0,0,0,False,-1
8277,NONE,0,0,0,False,-1
8278,DOUBLE,1,1,0,False,-1
8279,SINGLE,0,1,0,False,-1
8280,NONE,0,0,0,False,-1
8281,SINGLE,0,1,0,False,-1
8282,SINGLE,0,0,1,False,-1
8283,NONE,0,0,0,False,-1
8284,SINGLE,0,1,0,False,-1
8285,NONE,0,0,0,False,-1
8286,DOUBLE,1,1,0,False,-1
8287,DOUBLE,1,1,0,False,-1
8288,NONE,0,0,0,False,-1
8289,DOUBLE,1,1,0,False,-1
8290,NONE,0,0,0,False,-1
8291,SINGLE,1,0,0,False,-1
8292,NONE,0,0,0,False,-1
8293,NONE,0,0,0,False,-1
8294,NONE,0,0,0,False,-1
8295,NONE,0,0,0,False,-1
8296,NONE,0,0,0,False,-1
8297,DOUBLE,1,1,0,False,-1
8298,DOUBLE,1,1,0,False,-1
8299,NONE,0,0,0,False,-1
8300,NONE,0,0,0,False,-1
8301,NONE,0,0,0,False,-1
8302,NONE,0,0,0,False,-1
8303,DOUBLE,1,1,0,False,-1
8304,NONE,0,0,0,False,-1
8305,NONE,0,0,0,False,-1
8306,DOUBLE,1,1,0,False,-1
8307,NONE,0,0,0,False,-1
8308,NONE,0,0,0,False,-1
8309,NONE,0,0,0,False,-1
8310,NONE,0,0,0,False,-1
8311,SINGLE,0,0,1,False,-1
8312,NONE,0,0,0,False,-1
8313,NONE,0,0,0,False,-1
8314,NONE,0,0,0,False,-1
8315,DOUBLE,1,1,0,False,-1
8316,NONE,0,0,0,False,-1
8317,NONE,0,0,0,False,-1
8318,NONE,0,0,0,False,-1
8319,DOUBLE,1,1,0,False,-1
8320,NONE,0,0,0,False,-1
8321,NONE,0,0,0,False,-1
8322,DOUBLE,1,1,0,False,-1
8323,SINGLE,1,0,0,False,-1
8324,NONE,0,0,0,False,-1
8325,NONE,0,0,0,False,-1
8326,NONE,0,0,0,False,-1
8327,DOUBLE,1,1,0,False,-1
8328,NONE,0,0,0,False,-1
8329,SINGLE,0,0,1,False,-1
8330,NONE,0,0,0,False,-1
8331,NONE,0,0,0,False,-1
8332,NONE,0,0,0,False,-1
8333,NONE,0,0,0,False,-1
8334,NONE,0,0,0,False,-1
8335,NONE,0,0,0,False,-1
8336,DOUBLE,1,0,1,False,-1
8337,SINGLE,0,0,1,False,-1
8338,NONE,0,0,0,False,-1
8339,NONE,0,0,0,False,-1
8340,NONE,0,0,0,False,-1
8341,DOUBLE,1,1,0,False,-1
8342,NONE,0,0,0,False,-1
8343,NONE,0,0,0,False,-1
8344,NONE,0,0,0,False,-1
8345,DOUBLE,1,1,0,False,-1
8346,DOUBLE,1,1,0,False,-1
8347,NONE,0,0,0,False,-1
8348,NONE,0,0,0,False,-1
8349,NONE,0,0,0,False,-1
8350,NONE,0,0,0,False,-1
8351,DOUBLE,1,1,0,False,-1
8352,NONE,0,0,0,False,-1
8353,NONE,0,0,0,False,-1
8354,DOUBLE,1,1,0,False,-1
8355,NONE,0,0,0,False,-1
8356,NONE,0,0,0,False,-1
8357,DOUBLE,1,1,0,False,-1
8358,NONE,0,0,0,False,-1
8359,NONE,0,0,0,False,-1
8360,NONE,0,0,0,False,-1
8361,NONE,0,0,0,False,-1
8362,NONE,0,0,0,False,-1
8363,SINGLE,0,1,0,False,-1
8364,DOUBLE,1,1,0,False,-1
8365,NONE,0,0,0,False,-1
8366,DOUBLE,1,1,0,False,-1
8367,NONE,0,0,0,False,-1
8368,NONE,0,0,0,False,-1
8369,DOUBLE,1,1,0,False,-1
8370,NONE,0,0,0,False,-1
8371,DOUBLE,1,1,0,False,-1
8372,NONE,0,0,0,False,-1
8373,NONE,0,0,0,False,-1
8374,SINGLE,0,0,1,False,-1
8375,NONE,0,0,0,False,-1
8376,DOUBLE,1,1,0,False,-1
8377,NONE,0,0,0,False,-1
8378,DOUBLE,1,1,0,False,-1
8379,DOUBLE,1,1,0,False,-1
8380,NONE,0,0,0,False,-1
8381,NONE,0,0,0,False,-1
8382,NONE,0,0,0,False,-1
8383,NONE,0,0,0,False,-1
8384,NONE,0,0,0,False,-1
8385,NONE,0,0,0,False,-1
8386,NONE,0,0,0,False,-1
8387,NONE,0,0,0,False,-1
8388,NONE,0,0,0,False,-1
8389,NONE,0,0,0,False,-1
8390,NONE,0,0,0,False,-1
8391,NONE,0,0,0,False,-1
8392,NONE,0,0,0,False,-1
8393,SINGLE,1,0,0,False,-1
8394,NONE,0,0,0,False,-1
8395,DOUBLE,1,1,0,False,-1
8396,NONE,0,0,0,False,-1
8397,DOUBLE,1,1,0,False,-1
8398,NONE,0,0,0,False,-1
8399,SINGLE,0,1,0,False,-1
8400,DOUBLE,1,1,0,False,-1
8401,NONE,0,0,0,False,-1
8402,NONE,0,0,0,False,-1
8403,NONE,0,0,0,False,-1
8404,NONE,0,0,0,False,-1
8405,SINGLE,0,0,1,False,-1
8406,SINGLE,0,1,0,False,-1
8407,SINGLE,0,0,1,False,-1
8408,DOUBLE,1,1,0,False,-1
8409,DOUBLE,1,1,0,False,-1
8410,NONE,0,0,0,False,-1
8411,NONE,0,0,0,False,-1
8412,NONE,0,0,0,False,-1
8413,SINGLE,0,0,1,False,-1
8414,NONE,0,0,0,False,-1
8415,NONE,0,0,0,False,-1
8416,TRIPLE,1,1,1,False,-1
8417,NONE,0,0,0,False,-1
8418,NONE,0,0,0,False,-1
8419,NONE,0,0,0,False,-1
8420,NONE,0,0,0,False,-1
8421,NONE,0,0,0,False,-1
8422,NONE,0,0,0,False,-1
8423,DOUBLE,1,1,0,False,-1
8424,NONE,0,0,0,False,-1
8425,NONE,0,0,0,False,-1
8426,NONE,0,0,0,False,-1
8427,SINGLE,0,0,1,False,-1
8428,DOUBLE,1,1,0,False,-1
8429,SINGLE,1,0,0,False,-1
8430,DOUBLE,1,1,0,False,-1
8431,DOUBLE,1,1,0,False,-1
8432,NONE,0,0,0,False,-1
8433,NONE,0,0,0,False,-1
8434,SINGLE,1,0,0,False,-1
8435,DOUBLE,1,1,0,False,-1
8436,DOUBLE,1,1,0,False,-1
8437,NONE,0,0,0,False,-1
8438,NONE,0,0,0,False,-1
8439,DOUBLE,1,1,0,False,-1
8440,SINGLE,0,1,0,False,-1
8441,NONE,0,0,0,False,-1
8442,NONE,0,0,0,False,-1
8443,NONE,0,0,0,False,-1
8444,NONE,0,0,0,False,-1
8445,DOUBLE,1,1,0,False,-1
8446,NONE,0,0,0,False,-1
8447,SINGLE,0,1,0,False,-1
8448,DOUBLE,1,1,0,False,-1
8449,NONE,0,0,0,False,-1
8450,DOUBLE,1,1,0,False,-1
8451,NONE,0,0,0,False,-1
8452,TRIPLE,1,1,1,False,-1
8453,NONE,0,0,0,False,-1
8454,DOUBLE,1,1,0,False,-1
8455,NONE,0,0,0,False,-1
8456,NONE,0,0,0,False,-1
8457,NONE,0,0,0,False,-1
8458,NONE,0,0,0,False,-1
8459,NONE,0,0,0,False,-1
8460,DOUBLE,1,1,0,False,-1
8461,NONE,0,0,0,False,-1
8462,NONE,0,0,0,False,-1
8463,SINGLE,0,1,0,False,-1
8464,DOUBLE,1,1,0,False,-1
8465,NONE,0,0,0,False,-1
8466,NONE,0,0,0,False,-1
8467,NONE,0,0,0,False,-1
8468,NONE,0,0,0,False,-1
8469,SINGLE,0,1,0,False,-1
8470,NONE,0,0,0,False,-1
8471,NONE,0,0,0,False,-1
8472,DOUBLE,1,1,0,False,-1
8473,SINGLE,0,0,1,False,-1
8474,NONE,0,0,0,False,-1
8475,NONE,0,0,0,False,-1
8476,SINGLE,0,0,1,False,-1
8477,NONE,0,0,0,False,-1
8478,NONE,0,0,0,False,-1
8479,NONE,0,0,0,False,-1
8480,NONE,0,0,0,False,-1
8481,NONE,0,0,0,False,-1
8482,DOUBLE,1,1,0,False,-1
8483,SINGLE,1,0,0,False,-1
8484,NONE,0,0,0,False,-1
8485,NONE,0,0,0,False,-1
8486,DOUBLE,1,1,0,False,-1
8487,DOUBLE,1,1,0,False,-1
8488,DOUBLE,1,1,0,False,-1
8489,NONE,0,0,0,False,-1
8490,NONE,0,0,0,False,-1
8491,NONE,0,0,0,False,-1
8492,NONE,0,0,0,False,-1
8493,SINGLE,1,0,0,False,-1
8494,SINGLE,0,0,1,False,-1
8495,NONE,0,0,0,False,-1
8496,DOUBLE,1,1,0,False,-1
8497,NONE,0,0,0,False,-1
8498,NONE,0,0,0,False,-1
8499,NONE,0,0,0,False,-1
8500,NONE,0,0,0,False,-1
8501,NONE,0,0,0,False,-1
8502,NONE,0,0,0,False,-1
8503,NONE,0,0,0,False,-1
8504,NONE,0,0,0,False,-1
8505,NONE,0,0,0,False,-1
8506,SINGLE,0,1,0,False,-1
8507,NONE,0,0,0,False,-1
8508,SINGLE,0,1,0,False,-1
8509,SINGLE,1,0,0,False,-1
8510,NONE,0,0,0,False,-1
8511,DOUBLE,1,1,0,False,-1
8512,SINGLE,1,0,0,False,-1
8513,NONE,0,0,0,False,-1
8514,DOUBLE,1,1,0,False,-1
8515,NONE,0,0,0,False,-1
8516,NONE,0,0,0,False,-1
8517,NONE,0,0,0,False,-1
8518,NONE,0,0,0,False,-1
8519,NONE,0,0,0,False,-1
8520,DOUBLE,1,1,0,False,-1
8521,NONE,0,0,0,False,-1
8522,NONE,0,0,0,False,-1
8523,DOUBLE,1,1,0,False,-1
8524,NONE,0,0,0,False,-1
8525,NONE,0,0,0,False,-1
8526,DOUBLE,1,1,0,False,-1
8527,NONE,0,0,0,False,-1
8528,NONE,0,0,0,False,-1
8529,NONE,0,0,0,False,-1
8530,NONE,0,0,0,False,-1
8531,NONE,0,0,0,False,-1
8532,NONE,0,0,0,False,-1
8533,NONE,0,0,0,False,-1
8534,NONE,0,0,0,False,-1
8535,NONE,0,0,0,False,-1
8536,NONE,0,0,0,False,-1
8537,DOUBLE,1,1,0,False,-1
8538,NONE,0,0,0,False,-1
8539,SINGLE,1,0,0,False,-1
8540,DOUBLE,1,1,0,False,-1
8541,SINGLE,0,1,0,False,-1
8542,NONE,0,0,0,False,-1
8543,NONE,0,0,0,False,-1
8544,NONE,0,0,0,False,-1
8545,NONE,0,0,0,False,-1
8546,NONE,0,0,0,False,-1
8547,NONE,0,0,0,False,-1
8548,NONE,0,0,0,False,-1
8549,NONE,0,0,0,False,-1
8550,NONE,0,0,0,False,-1
8551,NONE,0,0,0,False,-1
8552,NONE,0,0,0,False,-1
8553,NONE,0,0,0,False,-1
8554,NONE,0,0,0,False,-1
8555,NONE,0,0,0,False,-1
8556,SINGLE,0,0,1,False,-1
8557,NONE,0,0,0,False,-1
8558,NONE,0,0,0,False,-1
8559,NONE,0,0,0,False,-1
8560,NONE,0,0,0,False,-1
8561,SINGLE,0,0,1,False,-1
8562,NONE,0,0,0,False,-1
8563,NONE,0,0,0,False,-1
8564,NONE,0,0,0,False,-1
8565,DOUBLE,1,1,0,False,-1
8566,NONE,0,0,0,False,-1
8567,DOUBLE,1,1,0,False,-1
8568,DOUBLE,1,1,0,False,-1
8569,SINGLE,0,0,1,False,-1
8570,NONE,0,0,0,False,-1
8571,NONE,0,0,0,False,-1
8572,NONE,0,0,0,False,-1
8573,NONE,0,0,0,False,-1
8574,DOUBLE,1,1,0,False,-1
8575,NONE,0,0,0,False,-1
8576,NONE,0,0,0,False,-1
8577,NONE,0,0,0,False,-1
8578,NONE,0,0,0,False,-1
8579,NONE,0,0,0,False,-1
8580,SINGLE,0,0,1,False,-1
8581,NONE,0,0,0,False,-1
8582,SINGLE,1,0,0,False,-1
8583,NONE,0,0,0,False,-1
8584,NONE,0,0,0,False,-1
8585,SINGLE,0,0,1,False,-1
8586,NONE,0,0,0,False,-1
8587,SINGLE,0,1,0,False,-1
8588,NONE,0,0,0,False,-1
8589,SINGLE,1,0,0,False,-1
8590,DOUBLE,1,1,0,False,-1
8591,DOUBLE,1,1,0,False,-1
8592,NONE,0,0,0,False,-1
8593,NONE,0,0,0,False,-1
8594,NONE,0,0,0,False,-1
8595,NONE,0,0,0,False,-1
8596,NONE,0,0,0,False,-1
8597,NONE,0,0,0,False,-1
8598,NONE,0,0,0,False,-1
8599,DOUBLE,1,1,0,False,-1
8600,DOUBLE,1,1,0,False,-1
8601,NONE,0,0,0,False,-1
8602,NONE,0,0,0,False,-1
8603,NONE,0,0,0,False,-1
8604,SINGLE,0,1,0,False,-1
8605,NONE,0,0,0,False,-1
8606,NONE,0,0,0,False,-1
8607,DOUBLE,1,1,0,False,-1
8608,NONE,0,0,0,False,-1
8609,DOUBLE,1,1,0,False,-1
8610,NONE,0,0,0,False,-1
8611,NONE,0,0,0,False,-1
8612,NONE,0,0,0,False,-1
8613,NONE,0,0,0,False,-1
8614,SINGLE,0,0,1,False,-1
8615,NONE,0,0,0,False,-1
8616,NONE,0,0,0,False,-1
8617,NONE,0,0,0,False,-1
8618,NONE,0,0,0,False,-1
8619,NONE,0,0,0,False,-1
8620,DOUBLE,1,1,0,False,-1
8621,NONE,0,0,0,False,-1
8622,NONE,0,0,0,False,-1
8623,SINGLE,0,0,1,False,-1
8624,DOUBLE,1,1,0,False,-1
8625,NONE,0,0,0,False,-1
8626,NONE,0,0,0,False,-1
8627,SINGLE,0,1,0,False,-1
8628,NONE,0,0,0,False,-1
8629,NONE,0,0,0,False,-1
8630,NONE,0,0,0,False,-1
8631,NONE,0,0,0,False,-1
8632,NONE,0,0,0,False,-1
8633,NONE,0,0,0,False,-1
8634,NONE,0,0,0,False,-1
8635,NONE,0,0,0,False,-1
8636,NONE,0,0,0,False,-1
8637,DOUBLE,1,1,0,False,-1
8638,DOUBLE,1,1,0,False,-1
8639,DOUBLE,1,1,0,False,-1
8640,DOUBLE,1,1,0,False,-1
8641,NONE,0,0,0,False,-1
8642,SINGLE,0,0,1,False,-1
8643,NONE,0,0,0,False,-1
8644,SINGLE,0,1,0,False,-1
8645,NONE,0,0,0,False,-1
8646,NONE,0,0,0,False,-1
8647,NONE,0,0,0,False,-1
8648,NONE,0,0,0,False,-1
8649,DOUBLE,1,1,0,False,-1
8650,NONE,0,0,0,False,-1
8651,NONE,0,0,0,False,-1
8652,NONE,0,0,0,False,-1
8653,NONE,0,0,0,False,-1
8654,NONE,0,0,0,False,-1
8655,NONE,0,0,0,False,-1
8656,DOUBLE,1,1,0,False,-1
8657,DOUBLE,1,1,0,False,-1
8658,NONE,0,0,0,False,-1
8659,DOUBLE,1,1,0,False,-1
8660,NONE,0,0,0,False,-1
8661,NONE,0,0,0,False,-1
8662,NONE,0,0,0,False,-1
8663,SINGLE,0,0,1,False,-1
8664,DOUBLE,1,1,0,False,-1
8665,DOUBLE,1,1,0,False,-1
8666,NONE,0,0,0,False,-1
8667,NONE,0,0,0,False,-1
8668,NONE,0,0,0,False,-1
8669,NONE,0,0,0,False,-1
8670,DOUBLE,1,1,0,False,-1
8671,NONE,0,0,0,False,-1
8672,NONE,0,0,0,False,-1
8673,NONE,0,0,0,False,-1
8674,NONE,0,0,0,False,-1
8675,NONE,0,0,0,False,-1
8676,NONE,0,0,0,False,-1
8677,DOUBLE,1,1,0,False,-1
8678,NONE,0,0,0,False,-1
8679,DOUBLE,1,1,0,False,-1
8680,NONE,0,0,0,False,-1
8681,NONE,0,0,0,False,-1
8682,NONE,0,0,0,False,-1
8683,SINGLE,0,0,1,False,-1
8684,NONE,0,0,0,False,-1
8685,NONE,0,0,0,False,-1
8686,NONE,0,0,0,False,-1
8687,SINGLE,0,0,1,False,-1
8688,NONE,0,0,0,False,-1
8689,SINGLE,0,0,1,False,-1
8690,NONE,0,0,0,False,-1
8691,NONE,0,0,0,False,-1
8692,DOUBLE,1,1,0,False,-1
8693,DOUBLE,1,1,0,False,-1
8694,NONE,0,0,0,False,-1
8695,SINGLE,1,0,0,False,-1
8696,DOUBLE,1,1,0,False,-1
8697,NONE,0,0,0,False,-1
8698,NONE,0,0,0,False,-1
8699,SINGLE,0,0,1,False,-1
8700,NONE,0,0,0,False,-1
8701,NONE,0,0,0,False,-1
8702,NONE,0,0,0,False,-1
8703,NONE,0,0,0,False,-1
8704,SINGLE,0,1,0,False,-1
8705,NONE,0,0,0,False,-1
8706,NONE,0,0,0,False,-1
8707,NONE,0,0,0,False,-1
8708,NONE,0,0,0,False,-1
8709,DOUBLE,1,1,0,False,-1
8710,SINGLE,0,0,1,False,-1
8711,DOUBLE,1,1,0,False,-1
8712,DOUBLE,1,1,0,False,-1
8713,NONE,0,0,0,False,-1
8714,SINGLE,0,0,1,False,-1
8715,NONE,0,0,0,False,-1
8716,NONE,0,0,0,False,-1
8717,NONE,0,0,0,False,-1
8718,NONE,0,0,0,False,-1
8719,SINGLE,0,0,1,False,-1
8720,NONE,0,0,0,False,-1
8721,NONE,0,0,0,False,-1
8722,SINGLE,1,0,0,False,-1
8723,SINGLE,0,0,1,False,-1
8724,NONE,0,0,0,False,-1
8725,NONE,0,0,0,False,-1
8726,NONE,0,0,0,False,-1
8727,DOUBLE,1,1,0,False,-1
8728,NONE,0,0,0,False,-1
8729,DOUBLE,1,1,0,False,-1
8730,NONE,0,0,0,False,-1
8731,SINGLE,0,0,1,False,-1
8732,NONE,0,0,0,False,-1
8733,NONE,0,0,0,False,-1
8734,NONE,0,0,0,False,-1
8735,DOUBLE,1,1,0,False,-1
8736,SINGLE,0,0,1,False,-1
8737,NONE,0,0,0,False,-1
8738,SINGLE,1,0,0,False,-1
8739,NONE,0,0,0,False,-1
8740,NONE,0,0,0,False,-1
8741,NONE,0,0,0,False,-1
8742,NONE,0,0,0,False,-1
8743,NONE,0,0,0,False,-1
8744,NONE,0,0,0,False,-1
8745,NONE,0,0,0,False,-1
8746,SINGLE,0,0,1,False,-1
8747,NONE,0,0,0,False,-1
8748,DOUBLE,1,1,0,False,-1
8749,NONE,0,0,0,False,-1
8750,DOUBLE,1,1,0,False,-1
8751,NONE,0,0,0,False,-1
8752,DOUBLE,1,1,0,False,-1
8753,DOUBLE,1,1,0,False,-1
8754,NONE,0,0,0,False,-1
8755,NONE,0,0,0,False,-1
8756,DOUBLE,1,1,0,False,-1
8757,SINGLE,1,0,0,False,-1
8758,DOUBLE,1,1,0,False,-1
8759,NONE,0,0,0,False,-1
8760,NONE,0,0,0,False,-1
8761,NONE,0,0,0,False,-1
8762,NONE,0,0,0,False,-1
8763,NONE,0,0,0,False,-1
8764,SINGLE,0,1,0,False,-1
8765,NONE,0,0,0,False,-1
8766,NONE,0,0,0,False,-1
8767,NONE,0,0,0,False,-1
8768,DOUBLE,1,1,0,False,-1
8769,NONE,0,0,0,False,-1
8770,SINGLE,0,1,0,False,-1
8771,SINGLE,0,0,1,False,-1
8772,NONE,0,0,0,False,-1
8773,NONE,0,0,0,False,-1
8774,NONE,0,0,0,False,-1
8775,DOUBLE,1,1,0,False,-1
8776,NONE,0,0,0,False,-1
8777,DOUBLE,1,1,0,False,-1
8778,NONE,0,0,0,False,-1
8779,NONE,0,0,0,False,-1
8780,SINGLE,1,0,0,False,-1
8781,SINGLE,0,0,1,False,-1
8782,SINGLE,0,0,1,False,-1
8783,DOUBLE,1,1,0,False,-1
8784,SINGLE,0,0,1,False,-1
8785,NONE,0,0,0,False,-1
8786,NONE,0,0,0,False,-1
8787,NONE,0,0,0,False,-1
8788,NONE,0,0,0,False,-1
8789,SINGLE,1,0,0,False,-1
8790,DOUBLE,1,1,0,False,-1
8791,DOUBLE,1,1,0,False,-1
8792,DOUBLE,1,1,0,False,-1
8793,DOUBLE,1,1,0,False,-1
8794,NONE,0,0,0,False,-1
8795,NONE,0,0,0,False,-1
8796,NONE,0,0,0,False,-1
8797,NONE,0,0,0,False,-1
8798,NONE,0,0,0,False,-1
8799,NONE,0,0,0,False,-1
8800,SINGLE,1,0,0,False,-1
8801,SINGLE,1,0,0,False,-1
8802,NONE,0,0,0,False,-1
8803,DOUBLE,1,1,0,False,-1
8804,DOUBLE,1,1,0,False,-1
8805,DOUBLE,1,1,0,False,-1
8806,NONE,0,0,0,False,-1
8807,DOUBLE,1,1,0,False,-1
8808,SINGLE,0,0,1,False,-1
8809,DOUBLE,1,1,0,False,-1
8810,DOUBLE,1,1,0,False,-1
8811,DOUBLE,1,1,0,False,-1
8812,NONE,0,0,0,False,-1
8813,DOUBLE,1,1,0,False,-1
8814,DOUBLE,1,1,0,False,-1
8815,DOUBLE,1,1,0,False,-1
8816,NONE,0,0,0,False,-1
8817,DOUBLE,1,1,0,False,-1
8818,DOUBLE,1,1,0,False,-1
8819,DOUBLE,1,1,0,False,-1
8820,NONE,0,0,0,False,-1
8821,NONE,0,0,0,False,-1
8822,NONE,0,0,0,False,-1
8823,NONE,0,0,0,False,-1
8824,NONE,0,0,0,False,-1
8825,NONE,0,0,0,False,-1
8826,NONE,0,0,0,False,-1
8827,NONE,0,0,0,False,-1
8828,NONE,0,0,0,False,-1
8829,NONE,0,0,0,False,-1
8830,DOUBLE,1,1,0,False,-1
8831,NONE,0,0,0,False,-1
8832,NONE,0,0,0,False,-1
8833,SINGLE,0,0,1,False,-1
8834,DOUBLE,1,1,0,False,-1
8835,NONE,0,0,0,False,-1
8836,NONE,0,0,0,False,-1
8837,NONE,0,0,0,False,-1
8838,NONE,0,0,0,False,-1
8839,NONE,0,0,0,False,-1
8840,NONE,0,0,0,False,-1
8841,NONE,0,0,0,False,-1
8842,SINGLE,1,0,0,False,-1
8843,SINGLE,0,1,0,False,-1
8844,NONE,0,0,0,False,-1
8845,DOUBLE,1,1,0,False,-1
8846,NONE,0,0,0,False,-1
8847,NONE,0,0,0,False,-1
8848,NONE,0,0,0,False,-1
8849,NONE,0,0,0,False,-1
8850,SINGLE,1,0,0,False,-1
8851,NONE,0,0,0,False,-1
8852,NONE,0,0,0,False,-1
8853,NONE,0,0,0,False,-1
8854,NONE,0,0,0,False,-1
8855,NONE,0,0,0,False,-1
8856,DOUBLE,1,1,0,False,-1
8857,DOUBLE,1,1,0,False,-1
8858,DOUBLE,1,1,0,False,-1
8859,DOUBLE,1,1,0,False,-1
8860,DOUBLE,1,1,0,False,-1
8861,NONE,0,0,0,False,-1
8862,DOUBLE,1,1,0,False,-1
8863,NONE,0,0,0,False,-1
8864,SINGLE,0,0,1,False,-1
8865,NONE,0,0,0,False,-1
8866,DOUBLE,1,1,0,False,-1
8867,SINGLE,0,1,0,False,-1
8868,NONE,0,0,0,False,-1
8869,NONE,0,0,0,False,-1
8870,DOUBLE,1,1,0,False,-1
8871,NONE,0,0,0,False,-1
8872,DOUBLE,1,1,0,False,-1
8873,NONE,0,0,0,False,-1
8874,NONE,0,0,0,False,-1
8875,NONE,0,0,0,False,-1
8876,DOUBLE,1,1,0,False,-1
8877,SINGLE,1,0,0,False,-1
8878,NONE,0,0,0,False,-1
8879,NONE,0,0,0,False,-1
8880,NONE,0,0,0,False,-1
8881,SINGLE,0,0,1,False,-1
8882,DOUBLE,1,1,0,False,-1
8883,DOUBLE,1,1,0,False,-1
8884,NONE,0,0,0,False,-1
8885,DOUBLE,1,1,0,False,-1
8886,SINGLE,0,1,0,False,-1
8887,DOUBLE,1,1,0,False,-1
8888,SINGLE,0,1,0,False,-1
8889,NONE,0,0,0,False,-1
8890,SINGLE,0,0,1,False,-1
8891,DOUBLE,1,1,0,False,-1
8892,NONE,0,0,0,False,-1
8893,DOUBLE,1,1,0,False,-1
8894,NONE,0,0,0,False,-1
8895,NONE,0,0,0,False,-1
8896,SINGLE,0,1,0,False,-1
8897,DOUBLE,1,1,0,False,-1
8898,NONE,0,0,0,False,-1
8899,DOUBLE,1,1,0,False,-1
8900,NONE,0,0,0,False,-1
8901,DOUBLE,1,1,0,False,-1
8902,NONE,0,0,0,False,-1
8903,NONE,0,0,0,False,-1
8904,DOUBLE,1,1,0,False,-1
8905,NONE,0,0,0,False,-1
8906,SINGLE,1,0,0,False,-1
8907,DOUBLE,1,1,0,False,-1
8908,NONE,0,0,0,False,-1
8909,DOUBLE,1,1,0,False,-1
8910,NONE,0,0,0,False,-1
8911,NONE,0,0,0,False,-1
8912,NONE,0,0,0,False,-1
8913,DOUBLE,1,1,0,False,-1
8914,NONE,0,0,0,False,-1
8915,NONE,0,0,0,False,-1
8916,NONE,0,0,0,False,-1
8917,NONE,0,0,0,False,-1
8918,NONE,0,0,0,False,-1
8919,NONE,0,0,0,False,-1
8920,NONE,0,0,0,False,-1
8921,DOUBLE,1,1,0,False,-1
8922,SINGLE,0,0,1,False,-1
8923,DOUBLE,1,1,0,False,-1
8924,NONE,0,0,0,False,-1
8925,DOUBLE,1,1,0,False,-1
8926,DOUBLE,1,1,0,False,-1
8927,NONE,0,0,0,False,-1
8928,NONE,0,0,0,False,-1
8929,SINGLE,1,0,0,False,-1
8930,NONE,0,0,0,False,-1
8931,NONE,0,0,0,False,-1
8932,NONE,0,0,0,False,-1
8933,NONE,0,0,0,False,-1
8934,NONE,0,0,0,False,-1
8935,NONE,0,0,0,False,-1
8936,DOUBLE,1,1,0,False,-1
8937,SINGLE,0,0,1,False,-1
8938,NONE,0,0,0,False,-1
8939,DOUBLE,1,1,0,False,-1
8940,NONE,0,0,0,False,-1
8941,DOUBLE,1,1,0,False,-1
8942,NONE,0,0,0,False,-1
8943,NONE,0,0,0,False,-1
8944,NONE,0,0,0,False,-1
8945,NONE,0,0,0,False,-1
8946,NONE,0,0,0,False,-1
8947,NONE,0,0,0,False,-1
8948,SINGLE,0,1,0,False,-1
8949,DOUBLE,1,1,0,False,-1
8950,NONE,0,0,0,False,-1
8951,NONE,0,0,0,False,-1
8952,SINGLE,0,0,1,False,-1
8953,NONE,0,0,0,False,-1
8954,SINGLE,0,1,0,False,-1
8955,NONE,0,0,0,False,-1
8956,DOUBLE,1,1,0,False,-1
8957,DOUBLE,1,1,0,False,-1
8958,NONE,0,0,0,False,-1
8959,NONE,0,0,0,False,-1
8960,NONE,0,0,0,False,-1
8961,NONE,0,0,0,False,-1
8962,NONE,0,0,0,False,-1
8963,DOUBLE,1,1,0,False,-1
8964,DOUBLE,1,1,0,False,-1
8965,NONE,0,0,0,False,-1
8966,NONE,0,0,0,False,-1
8967,NONE,0,0,0,False,-1
8968,SINGLE,0,0,1,False,-1
8969,NONE,0,0,0,False,-1
8970,DOUBLE,1,0,1,False,-1
8971,NONE,0,0,0,False,-1
8972,NONE,0,0,0,False,-1
8973,SINGLE,0,0,1,False,-1
8974,DOUBLE,1,1,0,False,-1
8975,NONE,0,0,0,False,-1
8976,NONE,0,0,0,False,-1
8977,NONE,0,0,0,False,-1
8978,NONE,0,0,0,False,-1
8979,NONE,0,0,0,False,-1
8980,DOUBLE,1,1,0,False,-1
8981,NONE,0,0,0,False,-1
8982,NONE,0,0,0,False,-1
8983,NONE,0,0,0,False,-1
8984,NONE,0,0,0,False,-1
8985,NONE,0,0,0,False,-1
8986,DOUBLE,1,1,0,False,-1
8987,SINGLE,0,1,0,False,-1
8988,NONE,0,0,0,False,-1
8989,NONE,0,0,0,False,-1
8990,DOUBLE,1,1,0,False,-1
8991,DOUBLE,1,1,0,False,-1
8992,NONE,0,0,0,False,-1
8993,NONE,0,0,0,False,-1
8994,NONE,0,0,0,False,-1
8995,NONE,0,0,0,False,-1
8996,NONE,0,0,0,False,-1
8997,NONE,0,0,0,False,-1
8998,NONE,0,0,0,False,-1
8999,NONE,0,0,0,False,-1
9000,NONE,0,0,0,False,-1
9001,NONE,0,0,0,False,-1
9002,SINGLE,0,1,0,False,-1
9003,NONE,0,0,0,False,-1
9004,NONE,0,0,0,False,-1
9005,NONE,0,0,0,False,-1
9006,NONE,0,0,0,False,-1
9007,NONE,0,0,0,False,-1
9008,NONE,0,0,0,False,-1
9009,DOUBLE,1,1,0,False,-1
9010,SINGLE,0,0,1,False,-1
9011,NONE,0,0,0,False,-1
9012,NONE,0,0,0,False,-1
9013,DOUBLE,1,1,0,False,-1
9014,DOUBLE,1,1,0,False,-1
9015,NONE,0,0,0,False,-1
9016,NONE,0,0,0,False,-1
9017,DOUBLE,1,1,0,False,-1
9018,NONE,0,0,0,False,-1
9019,NONE,0,0,0,False,-1
9020,NONE,0,0,0,False,-1
9021,NONE,0,0,0,False,-1
9022,NONE,0,0,0,False,-1
9023,NONE,0,0,0,False,-1
9024,NONE,0,0,0,False,-1
9025,SINGLE,0,0,1,False,-1
9026,NONE,0,0,0,False,-1
9027,NONE,0,0,0,False,-1
9028,NONE,0,0,0,False,-1
9029,NONE,0,0,0,False,-1
9030,NONE,0,0,0,False,-1
9031,NONE,0,0,0,False,-1
9032,SINGLE,0,1,0,False,-1
9033,SINGLE,0,0,1,False,-1
9034,NONE,0,0,0,False,-1
9035,NONE,0,0,0,False,-1
9036,NONE,0,0,0,False,-1
9037,NONE,0,0,0,False,-1
9038,NONE,0,0,0,False,-1
9039,NONE,0,0,0,False,-1
9040,DOUBLE,1,1,0,False,-1
9041,NONE,0,0,0,False,-1
9042,DOUBLE,1,1,0,False,-1
9043,DOUBLE,1,1,0,False,-1
9044,SINGLE,0,1,0,False,-1
9045,NONE,0,0,0,False,-1
9046,NONE,0,0,0,False,-1
9047,DOUBLE,1,1,0,False,-1
9048,SINGLE,0,0,1,False,-1
9049,NONE,0,0,0,False,-1
9050,NONE,0,0,0,False,-1
9051,NONE,0,0,0,False,-1
9052,NONE,0,0,0,False,-1
9053,NONE,0,0,0,False,-1
9054,NONE,0,0,0,False,-1
9055,NONE,0,0,0,False,-1
9056,DOUBLE,1,1,0,False,-1
9057,SINGLE,0,0,1,False,-1
9058,NONE,0,0,0,False,-1
9059,NONE,0,0,0,False,-1
9060,DOUBLE,1,1,0,False,-1
9061,DOUBLE,1,1,0,False,-1
9062,NONE,0,0,0,False,-1
9063,DOUBLE,1,1,0,False,-1
9064,NONE,0,0,0,False,-1
9065,SINGLE,0,0,1,False,-1
9066,NONE,0,0,0,False,-1
9067,NONE,0,0,0,False,-1
9068,NONE,0,0,0,False,-1
9069,SINGLE,0,1,0,False,-1
9070,DOUBLE,1,1,0,False,-1
9071,NONE,0,0,0,False,-1
9072,NONE,0,0,0,False,-1
9073,DOUBLE,1,1,0,False,-1
9074,NONE,0,0,0,False,-1
9075,DOUBLE,1,1,0,False,-1
9076,DOUBLE,1,1,0,False,-1
9077,NONE,0,0,0,False,-1
9078,NONE,0,0,0,False,-1
9079,SINGLE,0,0,1,False,-1
9080,NONE,0,0,0,False,-1
9081,NONE,0,0,0,False,-1
9082,NONE,0,0,0,False,-1
9083,NONE,0,0,0,False,-1
9084,SINGLE,0,1,0,False,-1
9085,DOUBLE,1,1,0,False,-1
9086,DOUBLE,1,1,0,False,-1
9087,NONE,0,0,0,False,-1
9088,DOUBLE,1,1,0,False,-1
9089,NONE,0,0,0,False,-1
9090,DOUBLE,1,1,0,False,-1
9091,NONE,0,0,0,False,-1
9092,NONE,0,0,0,False,-1
9093,SINGLE,1,0,0,False,-1
9094,NONE,0,0,0,False,-1
9095,NONE,0,0,0,False,-1
9096,NONE,0,0,0,False,-1
9097,NONE,0,0,0,False,-1
9098,NONE,0,0,0,False,-1
9099,DOUBLE,1,1,0,False,-1
9100,NONE,0,0,0,False,-1
9101,NONE,0,0,0,False,-1
9102,NONE,0,0,0,False,-1
9103,NONE,0,0,0,False,-1
9104,DOUBLE,1,1,0,False,-1
9105,NONE,0,0,0,False,-1
9106,NONE,0,0,0,False,-1
9107,NONE,0,0,0,False,-1
9108,NONE,0,0,0,False,-1
9109,DOUBLE,1,1,0,False,-1
9110,NONE,0,0,0,False,-1
9111,DOUBLE,1,1,0,False,-1
9112,DOUBLE,1,1,0,False,-1
9113,NONE,0,0,0,False,-1
9114,DOUBLE,1,1,0,False,-1
9115,NONE,0,0,0,False,-1
9116,NONE,0,0,0,False,-1
9117,NONE,0,0,0,False,-1
9118,NONE,0,0,0,False,-1
9119,NONE,0,0,0,False,-1
9120,NONE,0,0,0,False,-1
9121,SINGLE,0,1,0,False,-1
9122,NONE,0,0,0,False,-1
9123,NONE,0,0,0,False,-1
9124,NONE,0,0,0,False,-1
9125,SINGLE,1,0,0,False,-1
9126,DOUBLE,1,1,0,False,-1
9127,DOUBLE,1,1,0,False,-1
9128,DOUBLE,1,1,0,False,-1
9129,NONE,0,0,0,False,-1
9130,NONE,0,0,0,False,-1
9131,NONE,0,0,0,False,-1
9132,NONE,0,0,0,False,-1
9133,NONE,0,0,0,False,-1
9134,NONE,0,0,0,False,-1
9135,DOUBLE,1,1,0,False,-1
9136,SINGLE,0,0,1,False,-1
9137,DOUBLE,1,1,0,False,-1
9138,DOUBLE,1,1,0,False,-1
9139,SINGLE,0,0,1,False,-1
9140,NONE,0,0,0,False,-1
9141,DOUBLE,1,1,0,False,-1
9142,SINGLE,1,0,0,False,-1
9143,NONE,0,0,0,False,-1
9144,SINGLE,0,0,1,False,-1
9145,NONE,0,0,0,False,-1
9146,DOUBLE,1,1,0,False,-1
9147,SINGLE,0,1,0,False,-1
9148,NONE,0,0,0,False,-1
9149,NONE,0,0,0,False,-1
9150,NONE,0,0,0,False,-1
9151,DOUBLE,1,1,0,False,-1
9152,SINGLE,0,0,1,False,-1
9153,NONE,0,0,0,False,-1
9154,SINGLE,1,0,0,False,-1
9155,NONE,0,0,0,False,-1
9156,SINGLE,0,1,0,False,-1
9157,NONE,0,0,0,False,-1
9158,SINGLE,0,0,1,False,-1
9159,DOUBLE,1,1,0,False,-1
9160,NONE,0,0,0,False,-1
9161,SINGLE,0,0,1,False,-1
9162,NONE,0,0,0,False,-1
9163,NONE,0,0,0,False,-1
9164,NONE,0,0,0,False,-1
9165,DOUBLE,1,1,0,False,-1
9166,SINGLE,1,0,0,False,-1
9167,NONE,0,0,0,False,-1
9168,NONE,0,0,0,False,-1
9169,NONE,0,0,0,False,-1
9170,DOUBLE,1,1,0,False,-1
9171,NONE,0,0,0,False,-1
9172,NONE,0,0,0,False,-1
9173,NONE,0,0,0,False,-1
9174,DOUBLE,1,1,0,False,-1
9175,NONE,0,0,0,False,-1
9176,NONE,0,0,0,False,-1
9177,SINGLE,1,0,0,False,-1
9178,DOUBLE,1,1,0,False,-1
9179,DOUBLE,1,1,0,False,-1
9180,NONE,0,0,0,False,-1
9181,SINGLE,0,0,1,False,-1
9182,NONE,0,0,0,False,-1
9183,DOUBLE,1,1,0,False,-1
9184,SINGLE,1,0,0,False,-1
9185,NONE,0,0,0,False,-1
9186,DOUBLE,1,1,0,False,-1
9187,NONE,0,0,0,False,-1
9188,NONE,0,0,0,False,-1
9189,NONE,0,0,0,False,-1
9190,SINGLE,0,0,1,False,-1
9191,NONE,0,0,0,False,-1
9192,SINGLE,0,0,1,False,-1
9193,SINGLE,1,0,0,False,-1
9194,DOUBLE,1,1,0,False,-1
9195,DOUBLE,1,1,0,False,-1
9196,NONE,0,0,0,False,-1
9197,NONE,0,0,0,False,-1
9198,DOUBLE,1,1,0,False,-1
9199,NONE,0,0,0,False,-1
9200,DOUBLE,1,1,0,False,-1
9201,SINGLE,0,0,1,False,-1
9202,NONE,0,0,0,False,-1
9203,NONE,0,0,0,False,-1
9204,SINGLE,0,1,0,False,-1
9205,NONE,0,0,0,False,-1
9206,SINGLE,0,0,1,False,-1
9207,NONE,0,0,0,False,-1
9208,DOUBLE,1,1,0,False,-1
9209,NONE,0,0,0,False,-1
9210,NONE,0,0,0,False,-1
9211,NONE,0,0,0,False,-1
9212,DOUBLE,1,1,0,False,-1
9213,NONE,0,0,0,False,-1
9214,NONE,0,0,0,False,-1
9215,NONE,0,0,0,False,-1
9216,DOUBLE,1,1,0,False,-1
9217,NONE,0,0,0,False,-1
9218,NONE,0,0,0,False,-1
9219,SINGLE,1,0,0,False,-1
9220,NONE,0,0,0,False,-1
9221,NONE,0,0,0,False,-1
9222,DOUBLE,1,1,0,False,-1
9223,DOUBLE,1,1,0,False,-1
9224,DOUBLE,1,1,0,False,-1
9225,DOUBLE,1,1,0,False,-1
9226,NONE,0,0,0,False,-1
9227,NONE,0,0,0,False,-1
9228,SINGLE,0,1,0,False,-1
9229,SINGLE,1,0,0,False,-1
9230,SINGLE,1,0,0,False,-1
9231,NONE,0,0,0,False,-1
9232,NONE,0,0,0,False,-1
9233,NONE,0,0,0,False,-1
9234,NONE,0,0,0,False,-1
9235,SINGLE,1,0,0,False,-1
9236,NONE,0,0,0,False,-1
9237,NONE,0,0,0,False,-1
9238,SINGLE,0,1,0,False,-1
9239,NONE,0,0,0,False,-1
9240,NONE,0,0,0,False,-1
9241,DOUBLE,1,1,0,False,-1
9242,NONE,0,0,0,False,-1
9243,DOUBLE,1,1,0,False,-1
9244,NONE,0,0,0,False,-1
9245,NONE,0,0,0,False,-1
9246,NONE,0,0,0,False,-1
9247,NONE,0,0,0,False,-1
9248,NONE,0,0,0,False,-1
9249,NONE,0,0,0,False,-1
9250,NONE,0,0,0,False,-1
9251,NONE,0,0,0,False,-1
9252,NONE,0,0,0,False,-1
9253,DOUBLE,1,1,0,False,-1
9254,NONE,0,0,0,False,-1
9255,NONE,0,0,0,False,-1
9256,SINGLE,0,0,1,False,-1
9257,NONE,0,0,0,False,-1
9258,NONE,0,0,0,False,-1
9259,NONE,0,0,0,False,-1
9260,DOUBLE,1,1,0,False,-1
9261,SINGLE,0,0,1,False,-1
9262,NONE,0,0,0,False,-1
9263,DOUBLE,1,1,0,False,-1
9264,SINGLE,0,0,1,False,-1
9265,NONE,0,0,0,False,-1
9266,NONE,0,0,0,False,-1
9267,SINGLE,1,0,0,False,-1
9268,NONE,0,0,0,False,-1
9269,DOUBLE,1,1,0,False,-1
9270,DOUBLE,1,1,0,False,-1
9271,NONE,0,0,0,False,-1
9272,NONE,0,0,0,False,-1
9273,NONE,0,0,0,False,-1
9274,DOUBLE,1,1,0,False,-1
9275,NONE,0,0,0,False,-1
9276,NONE,0,0,0,False,-1
9277,DOUBLE,1,1,0,False,-1
9278,DOUBLE,1,1,0,False,-1
9279,DOUBLE,1,1,0,False,-1
9280,DOUBLE,1,1,0,False,-1
9281,NONE,0,0,0,False,-1
9282,NONE,0,0,0,False,-1
9283,SINGLE,1,0,0,False,-1
9284,NONE,0,0,0,False,-1
9285,NONE,0,0,0,False,-1
9286,NONE,0,0,0,False,-1
9287,DOUBLE,1,1,0,False,-1
9288,NONE,0,0,0,False,-1
9289,NONE,0,0,0,False,-1
9290,NONE,0,0,0,False,-1
9291,NONE,0,0,0,False,-1
9292,NONE,0,0,0,False,-1
9293,SINGLE,0,0,1,False,-1
9294,NONE,0,0,0,False,-1
9295,NONE,0,0,0,False,-1
9296,NONE,0,0,0,False,-1
9297,DOUBLE,1,1,0,False,-1
9298,NONE,0,0,0,False,-1
9299,NONE,0,0,0,False,-1
9300,NONE,0,0,0,False,-1
9301,DOUBLE,1,1,0,False,-1
9302,NONE,0,0,0,False,-1
9303,NONE,0,0,0,False,-1
9304,SINGLE,0,0,1,False,-1
9305,DOUBLE,1,1,0,False,-1
9306,DOUBLE,1,1,0,False,-1
9307,NONE,0,0,0,False,-1
9308,NONE,0,0,0,False,-1
9309,NONE,0,0,0,False,-1
9310,DOUBLE,1,1,0,False,-1
9311,DOUBLE,1,1,0,False,-1
9312,NONE,0,0,0,False,-1
9313,SINGLE,0,0,1,False,-1
9314,NONE,0,0,0,False,-1
9315,DOUBLE,1,1,0,True,4948.86
9316,NONE,0,0,0,False,-1
9317,NONE,0,0,0,False,-1
9318,NONE,0,0,0,False,-1
9319,NONE,0,0,0,False,-1
9320,NONE,0,0,0,False,-1
9321,DOUBLE,1,1,0,False,-1
9322,DOUBLE,1,1,0,False,-1
9323,DOUBLE,1,1,0,False,-1
9324,SINGLE,0,1,0,False,-1
9325,SINGLE,0,1,0,False,-1
9326,NONE,0,0,0,False,-1
9327,NONE,0,0,0,False,-1
9328,SINGLE,1,0,0,False,-1
9329,NONE,0,0,0,False,-1
9330,NONE,0,0,0,False,-1
9331,NONE,0,0,0,False,-1
9332,SINGLE,0,0,1,False,-1
9333,NONE,0,0,0,False,-1
9334,DOUBLE,1,1,0,False,-1
9335,NONE,0,0,0,False,-1
9336,NONE,0,0,0,False,-1
9337,NONE,0,0,0,False,-1
9338,DOUBLE,1,1,0,False,-1
9339,NONE,0,0,0,False,-1
9340,NONE,0,0,0,False,-1
9341,DOUBLE,1,1,0,False,-1
9342,NONE,0,0,0,False,-1
9343,NONE,0,0,0,False,-1
9344,DOUBLE,1,1,0,False,-1
9345,NONE,0,0,0,False,-1
9346,NONE,0,0,0,False,-1
9347,DOUBLE,1,1,0,False,-1
9348,NONE,0,0,0,False,-1
9349,SINGLE,0,0,1,False,-1
9350,DOUBLE,1,1,0,False,-1
9351,NONE,0,0,0,False,-1
9352,NONE,0,0,0,False,-1
9353,SINGLE,0,0,1,False,-1
9354,NONE,0,0,0,False,-1
9355,NONE,0,0,0,False,-1
9356,NONE,0,0,0,False,-1
9357,DOUBLE,1,1,0,False,-1
9358,NONE,0,0,0,False,-1
9359,NONE,0,0,0,False,-1
9360,SINGLE,0,1,0,False,-1
9361,DOUBLE,1,1,0,False,-1
9362,NONE,0,0,0,False,-1
9363,DOUBLE,1,1,0,False,-1
9364,DOUBLE,1,1,0,False,-1
9365,DOUBLE,1,1,0,False,-1
9366,DOUBLE,1,1,0,False,-1
9367,NONE,0,0,0,False,-1
9368,NONE,0,0,0,False,-1
9369,NONE,0,0,0,False,-1
9370,DOUBLE,1,1,0,False,-1
9371,DOUBLE,1,1,0,False,-1
9372,DOUBLE,1,1,0,False,-1
9373,NONE,0,0,0,False,-1
9374,DOUBLE,1,1,0,False,-1
9375,NONE,0,0,0,False,-1
9376,SINGLE,0,0,1,False,-1
9377,NONE,0,0,0,False,-1
9378,NONE,0,0,0,False,-1
9379,NONE,0,0,0,False,-1
9380,SINGLE,0,1,0,False,-1
9381,NONE,0,0,0,False,-1
9382,SINGLE,1,0,0,False,-1
9383,NONE,0,0,0,False,-1
9384,NONE,0,0,0,False,-1
9385,DOUBLE,1,1,0,False,-1
9386,NONE,0,0,0,False,-1
9387,NONE,0,0,0,False,-1
9388,DOUBLE,1,1,0,False,-1
9389,NONE,0,0,0,False,-1
9390,NONE,0,0,0,False,-1
9391,NONE,0,0,0,False,-1
9392,NONE,0,0,0,False,-1
9393,NONE,0,0,0,False,-1
9394,DOUBLE,1,1,0,False,-1
9395,DOUBLE,1,1,0,False,-1
9396,NONE,0,0,0,False,-1
9397,NONE,0,0,0,False,-1
9398,SINGLE,1,0,0,False,-1
9399,SINGLE,0,1,0,False,-1
9400,NONE,0,0,0,False,-1
9401,SINGLE,0,1,0,False,-1
9402,SINGLE,0,1,0,False,-1
9403,DOUBLE,1,1,0,False,-1
9404,DOUBLE,1,1,0,False,-1
9405,NONE,0,0,0,False,-1
9406,NONE,0,0,0,False,-1
9407,NONE,0,0,0,False,-1
9408,DOUBLE,1,1,0,False,-1
9409,DOUBLE,1,1,0,False,-1
9410,NONE,0,0,0,False,-1
9411,NONE,0,0,0,False,-1
9412,SINGLE,0,0,1,False,-1
9413,DOUBLE,1,1,0,False,-1
9414,DOUBLE,1,1,0,False,-1
9415,NONE,0,0,0,False,-1
9416,DOUBLE,1,1,0,False,-1
9417,NONE,0,0,0,False,-1
9418,SINGLE,0,0,1,False,-1
9419,SINGLE,0,0,1,False,-1
9420,NONE,0,0,0,False,-1
9421,SINGLE,0,0,1,False,-1
9422,SINGLE,0,1,0,False,-1
9423,DOUBLE,1,1,0,False,-1
9424,DOUBLE,1,1,0,False,-1
9425,DOUBLE,1,1,0,False,-1
9426,DOUBLE,1,1,0,False,-1
9427,DOUBLE,1,1,0,False,-1
9428,NONE,0,0,0,False,-1
9429,NONE,0,0,0,False,-1
9430,NONE,0,0,0,False,-1
9431,SINGLE,0,0,1,False,-1
9432,SINGLE,0,0,1,False,-1
9433,NONE,0,0,0,False,-1
9434,NONE,0,0,0,False,-1
9435,NONE,0,0,0,False,-1
9436,NONE,0,0,0,False,-1
9437,NONE,0,0,0,False,-1
9438,NONE,0,0,0,False,-1
9439,NONE,0,0,0,False,-1
9440,NONE,0,0,0,False,-1
9441,NONE,0,0,0,False,-1
9442,DOUBLE,1,1,0,False,-1
9443,DOUBLE,1,1,0,False,-1
9444,SINGLE,0,0,1,False,-1
9445,NONE,0,0,0,False,-1
9446,NONE,0,0,0,False,-1
9447,NONE,0,0,0,False,-1
9448,NONE,0,0,0,False,-1
9449,SINGLE,0,0,1,False,-1
9450,DOUBLE,1,0,1,False,-1
9451,NONE,0,0,0,False,-1
9452,NONE,0,0,0,False,-1
9453,DOUBLE,1,1,0,False,-1
9454,SINGLE,0,0,1,False,-1
9455,NONE,0,0,0,False,-1
9456,DOUBLE,1,1,0,False,-1
9457,NONE,0,0,0,False,-1
9458,DOUBLE,1,1,0,False,-1
9459,NONE,0,0,0,False,-1
9460,DOUBLE,1,1,0,False,-1
9461,NONE,0,0,0,False,-1
9462,DOUBLE,1,1,0,False,-1
9463,NONE,0,0,0,False,-1
9464,NONE,0,0,0,False,-1
9465,SINGLE,0,0,1,False,-1
9466,NONE,0,0,0,False,-1
9467,NONE,0,0,0,False,-1
9468,DOUBLE,1,1,0,False,-1
9469,NONE,0,0,0,False,-1
9470,NONE,0,0,0,False,-1
9471,SINGLE,0,0,1,False,-1
9472,DOUBLE,1,1,0,False,-1
9473,NONE,0,0,0,False,-1
9474,NONE,0,0,0,False,-1
9475,NONE,0,0,0,False,-1
9476,NONE,0,0,0,False,-1
9477,NONE,0,0,0,False,-1
9478,NONE,0,0,0,False,-1
9479,NONE,0,0,0,False,-1
9480,NONE,0,0,0,False,-1
9481,NONE,0,0,0,False,-1
9482,SINGLE,0,1,0,False,-1
9483,DOUBLE,1,1,0,False,-1
9484,NONE,0,0,0,False,-1
9485,NONE,0,0,0,False,-1
9486,NONE,0,0,0,False,-1
9487,DOUBLE,1,1,0,False,-1
9488,NONE,0,0,0,False,-1
9489,DOUBLE,1,1,0,False,-1
9490,DOUBLE,1,1,0,False,-1
9491,SINGLE,0,0,1,False,-1
9492,NONE,0,0,0,False,-1
9493,DOUBLE,1,1,0,False,-1
9494,NONE,0,0,0,False,-1
9495,SINGLE,1,0,0,False,-1
9496,NONE,0,0,0,False,-1
9497,DOUBLE,1,1,0,False,-1
9498,NONE,0,0,0,False,-1
9499,DOUBLE,1,1,0,False,-1
9500,SINGLE,0,1,0,False,-1
9501,NONE,0,0,0,False,-1
9502,NONE,0,0,0,False,-1
9503,NONE,0,0,0,False,-1
9504,DOUBLE,1,1,0,False,-1
9505,DOUBLE,1,1,0,False,-1
9506,DOUBLE,1,1,0,False,-1
9507,NONE,0,0,0,False,-1
9508,NONE,0,0,0,False,-1
9509,DOUBLE,1,1,0,False,-1
9510,NONE,0,0,0,False,-1
9511,NONE,0,0,0,False,-1
9512,DOUBLE,1,1,0,False,-1
9513,DOUBLE,1,1,0,False,-1
9514,NONE,0,0,0,False,-1
9515,NONE,0,0,0,False,-1
9516,SINGLE,0,0,1,False,-1
9517,NONE,0,0,0,False,-1
9518,DOUBLE,1,1,0,False,-1
9519,DOUBLE,1,1,0,False,-1
9520,DOUBLE,1,1,0,False,-1
9521,NONE,0,0,0,False,-1
9522,NONE,0,0,0,False,-1
9523,SINGLE,0,0,1,False,-1
9524,DOUBLE,1,1,0,False,-1
9525,NONE,0,0,0,False,-1
9526,DOUBLE,1,1,0,False,-1
9527,NONE,0,0,0,False,-1
9528,NONE,0,0,0,False,-1
9529,DOUBLE,1,1,0,False,-1
9530,DOUBLE,1,1,0,False,-1
9531,NONE,0,0,0,False,-1
9532,NONE,0,0,0,False,-1
9533,NONE,0,0,0,False,-1
9534,DOUBLE,1,1,0,False,-1
9535,SINGLE,0,0,1,False,-1
9536,SINGLE,1,0,0,False,-1
9537,NONE,0,0,0,False,-1
9538,SINGLE,0,0,1,False,-1
9539,DOUBLE,1,1,0,False,-1
9540,SINGLE,0,0,1,False,-1
9541,NONE,0,0,0,False,-1
9542,NONE,0,0,0,False,-1
9543,NONE,0,0,0,False,-1
9544,NONE,0,0,0,False,-1
9545,NONE,0,0,0,False,-1
9546,NONE,0,0,0,False,-1
9547,DOUBLE,1,1,0,False,-1
9548,NONE,0,0,0,False,-1
9549,NONE,0,0,0,False,-1
9550,NONE,0,0,0,False,-1
9551,NONE,0,0,0,False,-1
9552,DOUBLE,1,1,0,False,-1
9553,NONE,0,0,0,False,-1
9554,NONE,0,0,0,False,-1
9555,NONE,0,0,0,False,-1
9556,DOUBLE,1,1,0,False,-1
9557,NONE,0,0,0,False,-1
9558,NONE,0,0,0,False,-1
9559,NONE,0,0,0,False,-1
9560,NONE,0,0,0,False,-1
9561,NONE,0,0,0,False,-1
9562,SINGLE,0,0,1,False,-1
9563,SINGLE,1,0,0,False,-1
9564,NONE,0,0,0,False,-1
9565,SINGLE,0,0,1,False,-1
9566,NONE,0,0,0,False,-1
9567,NONE,0,0,0,False,-1
9568,DOUBLE,1,1,0,False,-1
9569,NONE,0,0,0,False,-1
9570,NONE,0,0,0,False,-1
9571,SINGLE,1,0,0,False,-1
9572,NONE,0,0,0,False,-1
9573,NONE,0,0,0,False,-1
9574,NONE,0,0,0,False,-1
9575,NONE,0,0,0,False,-1
9576,NONE,0,0,0,False,-1
9577,DOUBLE,1,1,0,False,-1
9578,NONE,0,0,0,False,-1
9579,DOUBLE,1,1,0,False,-1
9580,NONE,0,0,0,False,-1
9581,NONE,0,0,0,False,-1
9582,SINGLE,0,1,0,False,-1
9583,SINGLE,1,0,0,False,-1
9584,DOUBLE,1,1,0,False,-1
9585,NONE,0,0,0,False,-1
9586,NONE,0,0,0,False,-1
9587,DOUBLE,1,1,0,False,-1
9588,NONE,0,0,0,False,-1
9589,SINGLE,0,0,1,False,-1
9590,NONE,0,0,0,False,-1
9591,DOUBLE,1,1,0,False,-1
9592,NONE,0,0,0,False,-1
9593,NONE,0,0,0,False,-1
9594,NONE,0,0,0,False,-1
9595,SINGLE,0,1,0,False,-1
9596,NONE,0,0,0,False,-1
9597,DOUBLE,1,1,0,False,-1
9598,NONE,0,0,0,False,-1
9599,NONE,0,0,0,False,-1
9600,DOUBLE,1,1,0,False,-1
9601,NONE,0,0,0,False,-1
9602,DOUBLE,1,1,0,False,-1
9603,DOUBLE,1,1,0,False,-1
9604,NONE,0,0,0,False,-1
9605,NONE,0,0,0,False,-1
9606,DOUBLE,1,1,0,False,-1
9607,SINGLE,0,1,0,False,-1
9608,DOUBLE,1,1,0,False,-1
9609,NONE,0,0,0,False,-1
9610,NONE,0,0,0,False,-1
9611,NONE,0,0,0,False,-1
9612,NONE,0,0,0,False,-1
9613,NONE,0,0,0,False,-1
9614,NONE,0,0,0,False,-1
9615,NONE,0,0,0,False,-1
9616,NONE,0,0,0,False,-1
9617,NONE,0,0,0,False,-1
9618,SINGLE,0,1,0,False,-1
9619,NONE,0,0,0,False,-1
9620,DOUBLE,1,1,0,False,-1
9621,DOUBLE,1,1,0,False,-1
9622,NONE,0,0,0,False,-1
9623,DOUBLE,1,1,0,False,-1
9624,NONE,0,0,0,False,-1
9625,DOUBLE,1,1,0,False,-1
9626,NONE,0,0,0,False,-1
9627,DOUBLE,1,1,0,False,-1
9628,NONE,0,0,0,False,-1
9629,NONE,0,0,0,False,-1
9630,SINGLE,0,0,1,False,-1
9631,DOUBLE,1,1,0,False,-1
9632,NONE,0,0,0,False,-1
9633,NONE,0,0,0,False,-1
9634,NONE,0,0,0,False,-1
9635,DOUBLE,1,1,0,False,-1
9636,NONE,0,0,0,False,-1
9637,NONE,0,0,0,False,-1
9638,NONE,0,0,0,False,-1
9639,DOUBLE,1,1,0,False,-1
9640,DOUBLE,1,1,0,False,-1
9641,DOUBLE,1,1,0,False,-1
9642,NONE,0,0,0,False,-1
9643,NONE,0,0,0,False,-1
9644,SINGLE,1,0,0,False,-1
9645,NONE,0,0,0,False,-1
9646,SINGLE,0,0,1,False,-1
9647,NONE,0,0,0,False,-1
9648,NONE,0,0,0,False,-1
9649,NONE,0,0,0,False,-1
9650,DOUBLE,1,1,0,False,-1
9651,NONE,0,0,0,False,-1
9652,NONE,0,0,0,False,-1
9653,NONE,0,0,0,False,-1
9654,NONE,0,0,0,False,-1
9655,NONE,0,0,0,False,-1
9656,NONE,0,0,0,False,-1
9657,NONE,0,0,0,False,-1
9658,NONE,0,0,0,False,-1
9659,NONE,0,0,0,False,-1
9660,NONE,0,0,0,False,-1
9661,DOUBLE,1,1,0,False,-1
9662,NONE,0,0,0,False,-1
9663,NONE,0,0,0,False,-1
9664,NONE,0,0,0,False,-1
9665,NONE,0,0,0,False,-1
9666,NONE,0,0,0,False,-1
9667,NONE,0,0,0,False,-1
9668,NONE,0,0,0,False,-1
9669,NONE,0,0,0,False,-1
9670,NONE,0,0,0,False,-1
9671,NONE,0,0,0,False,-1
9672,NONE,0,0,0,False,-1
9673,SINGLE,0,1,0,False,-1
9674,DOUBLE,1,1,0,False,-1
9675,NONE,0,0,0,False,-1
9676,NONE,0,0,0,False,-1
9677,NONE,0,0,0,False,-1
9678,NONE,0,0,0,False,-1
9679,NONE,0,0,0,False,-1
9680,NONE,0,0,0,False,-1
9681,NONE,0,0,0,False,-1
9682,NONE,0,0,0,False,-1
9683,NONE,0,0,0,False,-1
9684,NONE,0,0,0,False,-1
9685,SINGLE,0,0,1,False,-1
9686,DOUBLE,1,1,0,False,-1
9687,DOUBLE,1,1,0,False,-1
9688,NONE,0,0,0,False,-1
9689,DOUBLE,1,1,0,False,-1
9690,SINGLE,0,0,1,False,-1
9691,DOUBLE,1,1,0,False,-1
9692,NONE,0,0,0,False,-1
9693,DOUBLE,1,1,0,False,-1
9694,DOUBLE,1,1,0,False,-1
9695,NONE,0,0,0,False,-1
9696,DOUBLE,1,1,0,False,-1
9697,NONE,0,0,0,False,-1
9698,SINGLE,1,0,0,False,-1
9699,NONE,0,0,0,False,-1
9700,NONE,0,0,0,False,-1
9701,DOUBLE,1,1,0,False,-1
9702,NONE,0,0,0,False,-1
9703,NONE,0,0,0,False,-1
9704,NONE,0,0,0,False,-1
9705,SINGLE,0,0,1,False,-1
9706,NONE,0,0,0,False,-1
9707,NONE,0,0,0,False,-1
9708,NONE,0,0,0,False,-1
9709,NONE,0,0,0,False,-1
9710,SINGLE,1,0,0,False,-1
9711,NONE,0,0,0,False,-1
9712,NONE,0,0,0,False,-1
9713,NONE,0,0,0,False,-1
9714,SINGLE,1,0,0,False,-1
9715,NONE,0,0,0,False,-1
9716,NONE,0,0,0,False,-1
9717,NONE,0,0,0,False,-1
9718,NONE,0,0,0,False,-1
9719,DOUBLE,1,1,0,False,-1
9720,NONE,0,0,0,False,-1
9721,NONE,0,0,0,False,-1
9722,DOUBLE,1,1,0,False,-1
9723,NONE,0,0,0,False,-1
9724,NONE,0,0,0,False,-1
9725,NONE,0,0,0,False,-1
9726,DOUBLE,1,1,0,False,-1
9727,NONE,0,0,0,False,-1
9728,DOUBLE,1,1,0,False,-1
9729,DOUBLE,1,1,0,False,-1
9730,DOUBLE,1,1,0,False,-1
9731,DOUBLE,1,1,0,False,-1
9732,SINGLE,0,0,1,False,-1
9733,NONE,0,0,0,False,-1
9734,NONE,0,0,0,False,-1
9735,NONE,0,0,0,False,-1
9736,NONE,0,0,0,False,-1
9737,SINGLE,0,0,1,False,-1
9738,DOUBLE,1,1,0,False,-1
9739,SINGLE,0,0,1,False,-1
9740,SINGLE,0,0,1,False,-1
9741,SINGLE,0,1,0,False,-1
9742,SINGLE,0,0,1,False,-1
9743,DOUBLE,1,1,0,False,-1
9744,NONE,0,0,0,False,-1
9745,NONE,0,0,0,False,-1
9746,NONE,0,0,0,False,-1
9747,DOUBLE,1,1,0,False,-1
9748,NONE,0,0,0,False,-1
9749,DOUBLE,1,1,0,False,-1
9750,NONE,0,0,0,False,-1
9751,NONE,0,0,0,False,-1
9752,NONE,0,0,0,False,-1
9753,NONE,0,0,0,False,-1
9754,NONE,0,0,0,False,-1
9755,NONE,0,0,0,False,-1
9756,NONE,0,0,0,False,-1
9757,DOUBLE,1,1,0,False,-1
9758,NONE,0,0,0,False,-1
9759,NONE,0,0,0,False,-1
9760,NONE,0,0,0,False,-1
9761,NONE,0,0,0,False,-1
9762,SINGLE,0,0,1,False,-1
9763,NONE,0,0,0,False,-1
9764,DOUBLE,1,1,0,False,-1
9765,DOUBLE,1,1,0,False,-1
9766,NONE,0,0,0,False,-1
9767,SINGLE,0,0,1,False,-1
9768,DOUBLE,1,1,0,False,-1
9769,NONE,0,0,0,False,-1
9770,NONE,0,0,0,False,-1
9771,DOUBLE,1,1,0,False,-1
9772,DOUBLE,1,1,0,False,-1
9773,SINGLE,0,0,1,False,-1
9774,NONE,0,0,0,False,-1
9775,NONE,0,0,0,False,-1
9776,NONE,0,0,0,False,-1
9777,NONE,0,0,0,False,-1
9778,DOUBLE,1,1,0,False,-1
9779,NONE,0,0,0,False,-1
9780,SINGLE,0,1,0,False,-1
9781,NONE,0,0,0,False,-1
9782,NONE,0,0,0,False,-1
9783,DOUBLE,1,1,0,False,-1
9784,NONE,0,0,0,False,-1
9785,DOUBLE,1,1,0,False,-1
9786,NONE,0,0,0,False,-1
9787,DOUBLE,1,1,0,False,-1
9788,SINGLE,0,0,1,False,-1
9789,NONE,0,0,0,False,-1
9790,DOUBLE,1,1,0,False,-1
9791,NONE,0,0,0,False,-1
9792,NONE,0,0,0,False,-1
9793,SINGLE,0,0,1,False,-1
9794,SINGLE,1,0,0,False,-1
9795,SINGLE,0,0,1,False,-1
9796,DOUBLE,1,1,0,False,-1
9797,NONE,0,0,0,False,-1
9798,NONE,0,0,0,False,-1
9799,DOUBLE,1,1,0,False,-1
9800,NONE,0,0,0,False,-1
9801,DOUBLE,1,1,0,False,-1
9802,NONE,0,0,0,False,-1
9803,NONE,0,0,0,False,-1
9804,NONE,0,0,0,False,-1
9805,SINGLE,0,0,1,False,-1
9806,DOUBLE,1,1,0,False,-1
9807,DOUBLE,1,1,0,False,-1
9808,DOUBLE,1,1,0,False,-1
9809,NONE,0,0,0,False,-1
9810,NONE,0,0,0,False,-1
9811,NONE,0,0,0,False,-1
9812,DOUBLE,1,1,0,False,-1
9813,DOUBLE,1,1,0,False,-1
9814,NONE,0,0,0,False,-1
9815,NONE,0,0,0,False,-1
9816,NONE,0,0,0,False,-1
9817,SINGLE,0,1,0,False,-1
9818,NONE,0,0,0,False,-1
9819,NONE,0,0,0,False,-1
9820,NONE,0,0,0,False,-1
9821,NONE,0,0,0,False,-1
9822,NONE,0,0,0,False,-1
9823,SINGLE,0,0,1,False,-1
9824,NONE,0,0,0,False,-1
9825,NONE,0,0,0,False,-1
9826,DOUBLE,1,1,0,False,-1
9827,DOUBLE,1,1,0,False,-1
9828,NONE,0,0,0,False,-1
9829,DOUBLE,1,1,0,False,-1
9830,NONE,0,0,0,False,-1
9831,NONE,0,0,0,False,-1
9832,NONE,0,0,0,False,-1
9833,NONE,0,0,0,False,-1
9834,NONE,0,0,0,False,-1
9835,NONE,0,0,0,False,-1
9836,DOUBLE,1,1,0,False,-1
9837,NONE,0,0,0,False,-1
9838,NONE,0,0,0,False,-1
9839,DOUBLE,1,1,0,False,-1
9840,NONE,0,0,0,False,-1
9841,NONE,0,0,0,False,-1
9842,NONE,0,0,0,False,-1
9843,NONE,0,0,0,False,-1
9844,NONE,0,0,0,False,-1
9845,NONE,0,0,0,False,-1
9846,NONE,0,0,0,False,-1
9847,SINGLE,0,1,0,False,-1
9848,NONE,0,0,0,False,-1
9849,NONE,0,0,0,False,-1
9850,NONE,0,0,0,False,-1
9851,NONE,0,0,0,False,-1
9852,SINGLE,0,0,1,False,-1
9853,NONE,0,0,0,False,-1
9854,NONE,0,0,0,False,-1
9855,NONE,0,0,0,False,-1
9856,DOUBLE,1,1,0,False,-1
9857,DOUBLE,1,1,0,False,-1
9858,SINGLE,0,1,0,False,-1
9859,DOUBLE,1,1,0,False,-1
9860,DOUBLE,1,1,0,False,-1
9861,NONE,0,0,0,False,-1
9862,NONE,0,0,0,False,-1
9863,NONE,0,0,0,False,-1
9864,DOUBLE,1,1,0,False,-1
9865,NONE,0,0,0,False,-1
9866,DOUBLE,1,1,0,False,-1
9867,NONE,0,0,0,False,-1
9868,DOUBLE,1,1,0,False,-1
9869,SINGLE,0,0,1,False,-1
9870,NONE,0,0,0,False,-1
9871,NONE,0,0,0,False,-1
9872,NONE,0,0,0,False,-1
9873,DOUBLE,1,1,0,False,-1
9874,NONE,0,0,0,False,-1
9875,NONE,0,0,0,False,-1
9876,DOUBLE,1,1,0,False,-1
9877,DOUBLE,1,1,0,False,-1
9878,NONE,0,0,0,False,-1
9879,NONE,0,0,0,False,-1
9880,NONE,0,0,0,False,-1
9881,NONE,0,0,0,False,-1
9882,NONE,0,0,0,False,-1
9883,NONE,0,0,0,False,-1
9884,SINGLE,1,0,0,False,-1
9885,NONE,0,0,0,False,-1
9886,SINGLE,0,0,1,False,-1
9887,NONE,0,0,0,False,-1
9888,NONE,0,0,0,False,-1
9889,SINGLE,0,0,1,False,-1
9890,SINGLE,0,0,1,False,-1
9891,NONE,0,0,0,False,-1
9892,NONE,0,0,0,False,-1
9893,NONE,0,0,0,False,-1
9894,NONE,0,0,0,False,-1
9895,NONE,0,0,0,False,-1
9896,NONE,0,0,0,False,-1
9897,DOUBLE,1,1,0,False,-1
9898,NONE,0,0,0,False,-1
9899,NONE,0,0,0,False,-1
9900,NONE,0,0,0,False,-1
9901,SINGLE,0,0,1,False,-1
9902,NONE,0,0,0,False,-1
9903,NONE,0,0,0,False,-1
9904,NONE,0,0,0,False,-1
9905,NONE,0,0,0,False,-1
9906,NONE,0,0,0,False,-1
9907,NONE,0,0,0,False,-1
9908,NONE,0,0,0,False,-1
9909,DOUBLE,1,1,0,False,-1
9910,NONE,0,0,0,False,-1
9911,NONE,0,0,0,False,-1
9912,DOUBLE,1,1,0,False,-1
9913,NONE,0,0,0,False,-1
9914,DOUBLE,1,1,0,False,-1
9915,NONE,0,0,0,False,-1
9916,NONE,0,0,0,False,-1
9917,NONE,0,0,0,False,-1
9918,DOUBLE,1,1,0,False,-1
9919,NONE,0,0,0,False,-1
9920,NONE,0,0,0,False,-1
9921,NONE,0,0,0,False,-1
9922,NONE,0,0,0,False,-1
9923,DOUBLE,1,1,0,False,-1
9924,NONE,0,0,0,False,-1
9925,NONE,0,0,0,False,-1
9926,DOUBLE,1,1,0,False,-1
9927,NONE,0,0,0,False,-1
9928,NONE,0,0,0,False,-1
9929,NONE,0,0,0,False,-1
9930,DOUBLE,1,1,0,False,-1
9931,DOUBLE,1,1,0,False,-1
9932,NONE,0,0,0,False,-1
9933,DOUBLE,1,1,0,False,-1
9934,NONE,0,0,0,False,-1
9935,NONE,0,0,0,False,-1
9936,SINGLE,1,0,0,False,-1
9937,NONE,0,0,0,False,-1
9938,NONE,0,0,0,False,-1
9939,NONE,0,0,0,False,-1
9940,NONE,0,0,0,False,-1
9941,NONE,0,0,0,False,-1
9942,NONE,0,0,0,False,-1
9943,SINGLE,1,0,0,False,-1
9944,DOUBLE,1,0,1,False,-1
9945,NONE,0,0,0,False,-1
9946,NONE,0,0,0,False,-1
9947,NONE,0,0,0,False,-1
9948,NONE,0,0,0,False,-1
9949,DOUBLE,1,1,0,False,-1
9950,SINGLE,0,1,0,False,-1
9951,DOUBLE,1,1,0,False,-1
9952,NONE,0,0,0,False,-1
9953,NONE,0,0,0,False,-1
9954,NONE,0,0,0,False,-1
9955,SINGLE,0,1,0,False,-1
9956,NONE,0,0,0,False,-1
9957,NONE,0,0,0,False,-1
9958,NONE,0,0,0,False,-1
9959,NONE,0,0,0,False,-1
9960,NONE,0,0,0,False,-1
9961,NONE,0,0,0,False,-1
9962,NONE,0,0,0,False,-1
9963,SINGLE,0,0,1,False,-1
9964,NONE,0,0,0,False,-1
9965,NONE,0,0,0,False,-1
9966,NONE,0,0,0,False,-1
9967,NONE,0,0,0,False,-1
9968,NONE,0,0,0,False,-1
9969,NONE,0,0,0,False,-1
9970,NONE,0,0,0,False,-1
9971,NONE,0,0,0,False,-1
9972,NONE,0,0,0,False,-1
9973,NONE,0,0,0,False,-1
9974,NONE,0,0,0,False,-1
9975,NONE,0,0,0,False,-1
9976,NONE,0,0,0,False,-1
9977,DOUBLE,1,1,0,False,-1
9978,NONE,0,0,0,False,-1
9979,SINGLE,0,1,0,False,-1
9980,NONE,0,0,0,False,-1
9981,NONE,0,0,0,False,-1
9982,NONE,0,0,0,False,-1
9983,NONE,0,0,0,False,-1
9984,SINGLE,0,0,1,False,-1
9985,DOUBLE,1,1,0,False,-1
9986,NONE,0,0,0,False,-1
9987,NONE,0,0,0,False,-1
9988,NONE,0,0,0,False,-1
9989,NONE,0,0,0,False,-1
9990,NONE,0,0,0,False,-1
9991,SINGLE,0,0,1,False,-1
9992,SINGLE,0,1,0,False,-1
9993,NONE,0,0,0,False,-1
9994,NONE,0,0,0,False,-1
9995,NONE,0,0,0,False,-1
9996,NONE,0,0,0,False,-1
9997,NONE,0,0,0,False,-1
9998,NONE,0,0,0,False,-1
9999,SINGLE,0,0,1,False,-1
